Item_ID,Item_Name,Pocket,Price,Sell_Price,Hold_Effect,Hold_Effect_Param,Fling_Power,Fling_Effect,Natural_Gift_Power,Natural_Gift_Type,Prevent_Toss,Selectable,Field_Use_Func,Battle_Use_Func,Shop_Locations,Given_At_Locations
1,ITEM_MASTER_BALL,Poké Balls,0,0,0,0,0,0,0,31,FALSE,FALSE,0,1,,
2,ITEM_ULTRA_BALL,Poké Balls,800,400,0,0,0,0,0,31,FALSE,FALSE,0,1,DEPART 1 F2 (H#0169) [Goldenrod Department Lower2 F] | DEPART 2 F2 (H#0448) [Celadon Department Lower2 F] | Badge Mart (unlocks at 5 badges),
3,ITEM_GREAT_BALL,Poké Balls,600,300,0,0,0,0,0,31,FALSE,FALSE,0,1,DEPART 1 F2 (H#0169) [Goldenrod Department Lower2 F] | DEPART 2 F2 (H#0448) [Celadon Department Lower2 F] | Badge Mart (unlocks at 3 badges),
4,ITEM_POKE_BALL,Poké Balls,200,100,0,0,0,0,0,31,FALSE,FALSE,0,1,DEPART 1 F2 (H#0169) [Goldenrod Department Lower2 F] | DEPART 2 F2 (H#0448) [Celadon Department Lower2 F] | Badge Mart (unlocks at 0 badges),ULURU 2 A1 (H#0315) | ULURU 2 A2 (H#0316)
5,ITEM_SAFARI_BALL,Poké Balls,0,0,0,0,0,0,0,31,FALSE,FALSE,0,1,,
6,ITEM_NET_BALL,Poké Balls,1000,500,0,0,0,0,0,31,FALSE,FALSE,0,1,LOBA 03 PM02 (H#0059) [Violet City Mart] | LOBA 03 PM02 (H#0059) [Ecruteak Mart] | MELT 03 PM03 (H#0110) [Violet City Mart] | DANB 04 PM04 (H#0140) [Violet City Mart] | DANB 04 PM04 (H#0140) [Azalea City Mart] | BAIR 03 PM05 (H#0253) [Violet City Mart] | BAIR 03 PM05 (H#0253) [Olivine Mart] | SHED 03 PM06 (H#0282) [Violet City Mart] | SHED 03 PM06 (H#0282) [Blackthorn And Battle Frontier Mart] | DALI 03 PM07 (H#0302) [Violet City Mart] | RADE 04 PM08 (H#0359) [Violet City Mart] | TROO 04 PM09 (H#0413) [Violet City Mart] | T03FS0101 (H#0474) [Violet City Mart] | T08FS0101 (H#0478) [Violet City Mart] | D32FS0101 (H#0530) [Violet City Mart] | D32FS0101 (H#0530) [Blackthorn And Battle Frontier Mart],
7,ITEM_DIVE_BALL,Poké Balls,1000,500,0,0,0,0,0,31,FALSE,FALSE,0,1,,
8,ITEM_NEST_BALL,Poké Balls,1000,500,0,0,0,0,0,31,FALSE,FALSE,0,1,DALI 03 PM07 (H#0302) [Vermilion And Safari Mart] | MANSION A5 (H#0396) [Vermilion And Safari Mart] | T03FS0101 (H#0474) [Pewter Mart],
9,ITEM_REPEAT_BALL,Poké Balls,1000,500,0,0,0,0,0,31,FALSE,FALSE,0,1,,
10,ITEM_TIMER_BALL,Poké Balls,1000,500,0,0,0,0,0,31,FALSE,FALSE,0,1,,
11,ITEM_LUXURY_BALL,Poké Balls,3000,1500,0,0,0,0,0,31,FALSE,FALSE,0,1,,
12,ITEM_PREMIER_BALL,Poké Balls,20,10,0,0,0,0,0,31,FALSE,FALSE,0,1,,
13,ITEM_DUSK_BALL,Poké Balls,1000,500,0,0,0,0,0,31,FALSE,FALSE,0,1,SHED 03 PM06 (H#0282) [Blackthorn And Battle Frontier Mart] | DALI 03 PM07 (H#0302) [Vermilion And Safari Mart] | RADE 04 PM08 (H#0359) [Saffron Mart] | MANSION A5 (H#0396) [Vermilion And Safari Mart] | T08FS0101 (H#0478) [Fuschia Mart] | D32FS0101 (H#0530) [Blackthorn And Battle Frontier Mart],
14,ITEM_HEAL_BALL,Poké Balls,300,150,0,0,0,0,0,31,FALSE,FALSE,0,1,HAMP 03 PM01 (H#0026) [Cherrygrove City Mart] | LOBA 03 PM02 (H#0059) [Violet City Mart] | LOBA 03 PM02 (H#0059) [Ecruteak Mart] | MELT 03 PM03 (H#0110) [Violet City Mart] | DANB 04 PM04 (H#0140) [Violet City Mart] | DANB 04 PM04 (H#0140) [Azalea City Mart] | BAIR 03 PM05 (H#0253) [Violet City Mart] | BAIR 03 PM05 (H#0253) [Olivine Mart] | SHED 03 PM06 (H#0282) [Violet City Mart] | DALI 03 PM07 (H#0302) [Violet City Mart] | RADE 04 PM08 (H#0359) [Violet City Mart] | TROO 04 PM09 (H#0413) [Violet City Mart] | T03FS0101 (H#0474) [Violet City Mart] | T08FS0101 (H#0478) [Violet City Mart] | D32FS0101 (H#0530) [Violet City Mart],
15,ITEM_QUICK_BALL,Poké Balls,1000,500,0,0,0,0,0,31,FALSE,FALSE,0,1,DALI 03 PM07 (H#0302) [Vermilion And Safari Mart] | RADE 04 PM08 (H#0359) [Saffron Mart] | MANSION A5 (H#0396) [Vermilion And Safari Mart] | TROO 04 PM09 (H#0413) [Cerulean Mart] | T03FS0101 (H#0474) [Pewter Mart] | T08FS0101 (H#0478) [Fuschia Mart],
16,ITEM_CHERISH_BALL,Poké Balls,200,100,0,0,0,0,0,31,FALSE,FALSE,0,1,,T08R0201 (H#0479)
17,ITEM_POTION,Medicine,200,100,0,20,30,0,0,31,FALSE,FALSE,1,2,DEPART 1 F2 (H#0169) [Goldenrod Department Upper2 F] | SHED 05 HS23 (H#0284) [Cianwood Pharmacy] | DEPART 2 F2 (H#0448) [Celadon Department Upper2 F] | Badge Mart (unlocks at 0 badges),MAUN 09 LAB01 (H#0019)
18,ITEM_ANTIDOTE,Medicine,200,100,0,0,30,0,0,31,FALSE,FALSE,1,2,DEPART 1 F2 (H#0169) [Goldenrod Department Upper2 F] | DEPART 2 F2 (H#0448) [Celadon Department Upper2 F] | Badge Mart (unlocks at 0 badges),
19,ITEM_BURN_HEAL,Medicine,200,100,0,0,30,0,0,31,FALSE,FALSE,1,2,DEPART 1 F2 (H#0169) [Goldenrod Department Upper2 F] | DEPART 2 F2 (H#0448) [Celadon Department Upper2 F] | Badge Mart (unlocks at 1 badge),
20,ITEM_ICE_HEAL,Medicine,200,100,0,0,30,0,0,31,FALSE,FALSE,1,2,DEPART 1 F2 (H#0169) [Goldenrod Department Upper2 F] | DEPART 2 F2 (H#0448) [Celadon Department Upper2 F] | Badge Mart (unlocks at 1 badge),
21,ITEM_AWAKENING,Medicine,200,100,0,0,30,0,0,31,FALSE,FALSE,1,2,DEPART 1 F2 (H#0169) [Goldenrod Department Upper2 F] | DEPART 2 F2 (H#0448) [Celadon Department Upper2 F] | Badge Mart (unlocks at 1 badge),
22,ITEM_PARALYZE_HEAL,Medicine,200,100,0,0,30,0,0,31,FALSE,FALSE,1,2,DEPART 1 F2 (H#0169) [Goldenrod Department Upper2 F] | DEPART 2 F2 (H#0448) [Celadon Department Upper2 F] | Badge Mart (unlocks at 0 badges),
23,ITEM_FULL_RESTORE,Medicine,3000,1500,0,255,30,0,0,31,FALSE,FALSE,1,2,Badge Mart (unlocks at 8 badges),
24,ITEM_MAX_POTION,Medicine,2500,1250,0,255,30,0,0,31,FALSE,FALSE,1,2,DEPART 1 F2 (H#0169) [Goldenrod Department Upper2 F] | DEPART 2 F2 (H#0448) [Celadon Department Upper2 F] | Badge Mart (unlocks at 7 badges),
25,ITEM_HYPER_POTION,Medicine,1500,750,0,200,30,0,0,31,FALSE,FALSE,1,2,DEPART 1 F2 (H#0169) [Goldenrod Department Upper2 F] | SHED 05 HS23 (H#0284) [Cianwood Pharmacy] | DEPART 2 F2 (H#0448) [Celadon Department Upper2 F] | Badge Mart (unlocks at 5 badges),
26,ITEM_SUPER_POTION,Medicine,700,350,0,50,30,0,0,31,FALSE,FALSE,1,2,DEPART 1 F2 (H#0169) [Goldenrod Department Upper2 F] | SHED 05 HS23 (H#0284) [Cianwood Pharmacy] | DEPART 2 F2 (H#0448) [Celadon Department Upper2 F] | Badge Mart (unlocks at 1 badge),
27,ITEM_FULL_HEAL,Medicine,400,200,0,0,30,0,0,31,FALSE,FALSE,1,2,DEPART 1 F2 (H#0169) [Goldenrod Department Upper2 F] | SHED 05 HS23 (H#0284) [Cianwood Pharmacy] | DEPART 2 F2 (H#0448) [Celadon Department Upper2 F] | Badge Mart (unlocks at 5 badges),
28,ITEM_REVIVE,Medicine,2000,1000,0,0,30,0,0,31,FALSE,FALSE,1,2,DEPART 1 F2 (H#0169) [Goldenrod Department Upper2 F] | SHED 05 HS23 (H#0284) [Cianwood Pharmacy] | DEPART 2 F2 (H#0448) [Celadon Department Upper2 F] | Badge Mart (unlocks at 3 badges),
29,ITEM_MAX_REVIVE,Medicine,4000,2000,0,0,30,0,0,31,FALSE,FALSE,1,2,,
30,ITEM_FRESH_WATER,Medicine,200,100,0,50,30,0,0,31,FALSE,FALSE,1,2,RADE F2 LIBRY (H#0372) [Mt Moon Square] | D02FS0101 (H#0518) [Mt Moon Square],
31,ITEM_SODA_POP,Medicine,300,150,0,60,30,0,0,31,FALSE,FALSE,1,2,RADE F2 LIBRY (H#0372) [Mt Moon Square] | D02FS0101 (H#0518) [Mt Moon Square],
32,ITEM_LEMONADE,Medicine,400,200,0,80,30,0,0,31,FALSE,FALSE,1,2,RADE F2 LIBRY (H#0372) [Mt Moon Square] | D02FS0101 (H#0518) [Mt Moon Square],
33,ITEM_MOOMOO_MILK,Medicine,600,300,0,100,30,0,0,31,FALSE,FALSE,1,2,,
34,ITEM_ENERGY_POWDER,Medicine,500,250,0,0,30,0,0,31,FALSE,FALSE,1,2,,
35,ITEM_ENERGY_ROOT,Medicine,1200,600,0,0,30,0,0,31,FALSE,FALSE,1,2,,
36,ITEM_HEAL_POWDER,Medicine,300,150,0,0,30,0,0,31,FALSE,FALSE,1,2,,
37,ITEM_REVIVAL_HERB,Medicine,2800,1400,0,0,30,0,0,31,FALSE,FALSE,1,2,,
38,ITEM_ETHER,Medicine,1200,600,0,10,30,0,0,31,FALSE,FALSE,1,2,,RADE 06 HS30 (H#0361)
39,ITEM_MAX_ETHER,Medicine,2000,1000,0,255,30,0,0,31,FALSE,FALSE,1,2,,
40,ITEM_ELIXIR,Medicine,3000,1500,0,10,30,0,0,31,FALSE,FALSE,1,2,,
41,ITEM_MAX_ELIXIR,Medicine,4500,2250,0,255,30,0,0,31,FALSE,FALSE,1,2,,
42,ITEM_LAVA_COOKIE,Medicine,200,100,0,0,30,0,0,31,FALSE,FALSE,1,2,,
43,ITEM_BERRY_JUICE,Medicine,100,50,0,20,30,0,0,31,FALSE,FALSE,1,2,,
44,ITEM_SACRED_ASH,Medicine,200,100,0,0,30,0,0,31,FALSE,FALSE,1,0,,RADE 01 GV09 (H#0356)
45,ITEM_HP_UP,Medicine,10000,5000,0,0,30,0,0,31,FALSE,FALSE,1,0,DEPART 1 F4 (H#0171) [Goldenrod Department4 F] | MANSION A5 (H#0396) [Goldenrod Department4 F] | DEPART 2 F5 (H#0451) [Celadon Department Right5 F],A HQ1 F2 (H#0062) | LOBA 07 GV01 (H#0082) | A HQ1 F2 (H#0180) | D HQ1 F2 (H#0186)
46,ITEM_PROTEIN,Medicine,10000,5000,0,0,30,0,0,31,FALSE,FALSE,1,0,DEPART 1 F4 (H#0171) [Goldenrod Department4 F] | MANSION A5 (H#0396) [Goldenrod Department4 F] | DEPART 2 F5 (H#0451) [Celadon Department Right5 F],
47,ITEM_IRON,Medicine,10000,5000,0,0,30,0,0,31,FALSE,FALSE,1,0,DEPART 1 F4 (H#0171) [Goldenrod Department4 F] | MANSION A5 (H#0396) [Goldenrod Department4 F] | DEPART 2 F5 (H#0451) [Celadon Department Right5 F],
48,ITEM_CARBOS,Medicine,10000,5000,0,0,30,0,0,31,FALSE,FALSE,1,0,DEPART 1 F4 (H#0171) [Goldenrod Department4 F] | MANSION A5 (H#0396) [Goldenrod Department4 F] | DEPART 2 F5 (H#0451) [Celadon Department Right5 F],
49,ITEM_CALCIUM,Medicine,10000,5000,0,0,30,0,0,31,FALSE,FALSE,1,0,DEPART 1 F4 (H#0171) [Goldenrod Department4 F] | MANSION A5 (H#0396) [Goldenrod Department4 F] | DEPART 2 F5 (H#0451) [Celadon Department Right5 F],
50,ITEM_RARE_CANDY,Medicine,10000,5000,0,0,30,0,0,31,FALSE,FALSE,1,0,,SEWER ROOM 04 (H#0381)
51,ITEM_PP_UP,Medicine,10000,5000,0,0,30,0,0,31,FALSE,FALSE,1,0,,
52,ITEM_ZINC,Medicine,10000,5000,0,0,30,0,0,31,FALSE,FALSE,1,0,DEPART 1 F4 (H#0171) [Goldenrod Department4 F] | MANSION A5 (H#0396) [Goldenrod Department4 F] | DEPART 2 F5 (H#0451) [Celadon Department Right5 F],
53,ITEM_PP_MAX,Medicine,10000,5000,0,0,30,0,0,31,FALSE,FALSE,1,0,,
54,ITEM_OLD_GATEAU,Medicine,200,100,0,0,30,0,0,31,FALSE,FALSE,1,2,,
55,ITEM_GUARD_SPEC,Battle Items,1500,750,0,0,30,0,0,31,FALSE,FALSE,0,0,DEPART 1 F3 (H#0170) [Goldenrod Department3 F] | DEPART 2 F5 (H#0451) [Celadon Department Left5 F],
56,ITEM_DIRE_HIT,Battle Items,1000,500,0,0,30,0,0,31,FALSE,FALSE,0,0,DEPART 1 F3 (H#0170) [Goldenrod Department3 F] | DEPART 2 F5 (H#0451) [Celadon Department Left5 F],
57,ITEM_X_ATTACK,Battle Items,1000,500,0,0,30,0,0,31,FALSE,FALSE,0,0,DEPART 1 F3 (H#0170) [Goldenrod Department3 F] | DEPART 2 F5 (H#0451) [Celadon Department Left5 F],
58,ITEM_X_DEFENSE,Battle Items,2000,1000,0,0,30,0,0,31,FALSE,FALSE,0,0,DEPART 1 F3 (H#0170) [Goldenrod Department3 F] | DEPART 2 F5 (H#0451) [Celadon Department Left5 F],
59,ITEM_X_SPEED,Battle Items,1000,500,0,0,30,0,0,31,FALSE,FALSE,0,0,DEPART 1 F3 (H#0170) [Goldenrod Department3 F] | DEPART 2 F5 (H#0451) [Celadon Department Left5 F],
60,ITEM_X_ACCURACY,Battle Items,1000,500,0,0,30,0,0,31,FALSE,FALSE,0,0,DEPART 1 F3 (H#0170) [Goldenrod Department3 F] | DEPART 2 F5 (H#0451) [Celadon Department Left5 F],
61,ITEM_X_SP_ATK,Battle Items,1000,500,0,0,30,0,0,31,FALSE,FALSE,0,0,DEPART 1 F3 (H#0170) [Goldenrod Department3 F] | DEPART 2 F5 (H#0451) [Celadon Department Left5 F],
62,ITEM_X_SP_DEF,Battle Items,2000,1000,0,0,30,0,0,31,FALSE,FALSE,0,0,DEPART 1 F3 (H#0170) [Goldenrod Department3 F] | DEPART 2 F5 (H#0451) [Celadon Department Left5 F],
63,ITEM_POKE_DOLL,Battle Items,300,150,0,0,30,0,0,31,FALSE,FALSE,0,3,DEPART 1 F2 (H#0169) [Goldenrod Department Lower2 F] | RADE F2 LIBRY (H#0372) [Mt Moon Square] | DEPART 2 F2 (H#0448) [Celadon Department Lower2 F] | D02FS0101 (H#0518) [Mt Moon Square],
64,ITEM_FLUFFY_TAIL,Battle Items,1000,500,0,0,30,0,0,31,FALSE,FALSE,0,3,,
65,ITEM_BLUE_FLUTE,Battle Items,100,50,0,0,30,0,0,31,FALSE,FALSE,0,0,,
66,ITEM_YELLOW_FLUTE,Battle Items,200,100,0,0,30,0,0,31,FALSE,FALSE,0,0,,
67,ITEM_RED_FLUTE,Battle Items,300,150,0,0,30,0,0,31,FALSE,FALSE,0,0,,
68,ITEM_BLACK_FLUTE,Items,400,200,0,50,30,0,0,31,FALSE,FALSE,19,0,,
69,ITEM_WHITE_FLUTE,Items,500,250,0,150,30,0,0,31,FALSE,FALSE,19,0,,
70,ITEM_SHOAL_SALT,Items,20,10,0,0,30,0,0,31,FALSE,FALSE,0,0,,
71,ITEM_SHOAL_SHELL,Items,20,10,0,0,30,0,0,31,FALSE,FALSE,0,0,,
72,ITEM_RED_SHARD,Items,200,100,0,0,30,0,0,31,FALSE,FALSE,0,0,,
73,ITEM_BLUE_SHARD,Items,200,100,0,0,30,0,0,31,FALSE,FALSE,0,0,,
74,ITEM_YELLOW_SHARD,Items,200,100,0,0,30,0,0,31,FALSE,FALSE,0,0,,
75,ITEM_GREEN_SHARD,Items,200,100,0,0,30,0,0,31,FALSE,FALSE,0,0,,
76,ITEM_SUPER_REPEL,Items,500,250,0,200,30,0,0,31,FALSE,FALSE,19,0,DEPART 1 F2 (H#0169) [Goldenrod Department Lower2 F] | DEPART 2 F2 (H#0448) [Celadon Department Lower2 F] | Badge Mart (unlocks at 3 badges),
77,ITEM_MAX_REPEL,Items,700,350,0,250,30,0,0,31,FALSE,FALSE,19,0,DEPART 1 F2 (H#0169) [Goldenrod Department Lower2 F] | DEPART 2 F2 (H#0448) [Celadon Department Lower2 F] | Badge Mart (unlocks at 5 badges),
78,ITEM_ESCAPE_ROPE,Items,550,275,0,0,30,0,0,31,FALSE,FALSE,21,0,DEPART 1 F2 (H#0169) [Goldenrod Department Lower2 F] | DEPART 2 F2 (H#0448) [Celadon Department Lower2 F] | Badge Mart (unlocks at 1 badge),
79,ITEM_REPEL,Items,350,175,0,100,30,0,0,31,FALSE,FALSE,19,0,DEPART 1 F2 (H#0169) [Goldenrod Department Lower2 F] | RADE F2 LIBRY (H#0372) [Mt Moon Square] | DEPART 2 F2 (H#0448) [Celadon Department Lower2 F] | D02FS0101 (H#0518) [Mt Moon Square] | Badge Mart (unlocks at 1 badge),
80,ITEM_SUN_STONE,Items,3000,1500,0,0,30,0,0,31,FALSE,FALSE,20,0,,
81,ITEM_MOON_STONE,Items,3000,1500,0,0,30,0,0,31,FALSE,FALSE,20,0,,
82,ITEM_FIRE_STONE,Items,3000,1500,0,0,30,0,0,31,FALSE,FALSE,20,0,,
83,ITEM_THUNDER_STONE,Items,3000,1500,0,0,30,0,0,31,FALSE,FALSE,20,0,,
84,ITEM_WATER_STONE,Items,3000,1500,0,0,30,0,0,31,FALSE,FALSE,20,0,,
85,ITEM_LEAF_STONE,Items,3000,1500,0,0,30,0,0,31,FALSE,FALSE,20,0,,
86,ITEM_TINY_MUSHROOM,Items,1000,500,0,0,30,0,0,31,FALSE,FALSE,0,0,,
87,ITEM_BIG_MUSHROOM,Items,10000,5000,0,0,30,0,0,31,FALSE,FALSE,0,0,,
88,ITEM_PEARL,Items,4000,2000,0,0,30,0,0,31,FALSE,FALSE,0,0,,
89,ITEM_BIG_PEARL,Items,16000,8000,0,0,30,0,0,31,FALSE,FALSE,0,0,,
90,ITEM_STARDUST,Items,6000,3000,0,0,30,0,0,31,FALSE,FALSE,0,0,,
91,ITEM_STAR_PIECE,Items,24000,12000,0,0,30,0,0,31,FALSE,FALSE,0,0,,
92,ITEM_NUGGET,Items,20000,10000,0,0,30,0,0,31,FALSE,FALSE,0,0,,- (H#0263)
93,ITEM_HEART_SCALE,Items,100,50,0,0,30,0,0,31,FALSE,FALSE,0,0,,
94,ITEM_HONEY,Items,900,450,0,0,30,0,0,31,FALSE,FALSE,14,0,,
95,ITEM_GROWTH_MULCH,Items,200,100,0,0,30,0,0,31,FALSE,FALSE,0,0,,
96,ITEM_DAMP_MULCH,Items,200,100,0,0,30,0,0,31,FALSE,FALSE,0,0,,
97,ITEM_STABLE_MULCH,Items,200,100,0,0,30,0,0,31,FALSE,FALSE,0,0,,
98,ITEM_GOOEY_MULCH,Items,200,100,0,0,30,0,0,31,FALSE,FALSE,0,0,,
99,ITEM_ROOT_FOSSIL,Items,1000,500,0,0,100,0,0,31,FALSE,FALSE,0,0,,
100,ITEM_CLAW_FOSSIL,Items,1000,500,0,0,100,0,0,31,FALSE,FALSE,0,0,,
101,ITEM_HELIX_FOSSIL,Items,1000,500,0,0,100,0,0,31,FALSE,FALSE,0,0,,
102,ITEM_DOME_FOSSIL,Items,1000,500,0,0,100,0,0,31,FALSE,FALSE,0,0,,
103,ITEM_OLD_AMBER,Items,1000,500,0,0,100,0,0,31,FALSE,FALSE,0,0,,
104,ITEM_ARMOR_FOSSIL,Items,1000,500,0,0,100,0,0,31,FALSE,FALSE,0,0,,
105,ITEM_SKULL_FOSSIL,Items,1000,500,0,0,100,0,0,31,FALSE,FALSE,0,0,,
106,ITEM_RARE_BONE,Items,10000,5000,0,0,100,0,0,31,FALSE,FALSE,0,0,,
107,ITEM_SHINY_STONE,Items,3000,1500,0,0,80,0,0,31,FALSE,FALSE,20,0,,
108,ITEM_DUSK_STONE,Items,3000,1500,0,0,80,0,0,31,FALSE,FALSE,20,0,,
109,ITEM_DAWN_STONE,Items,3000,1500,0,0,80,0,0,31,FALSE,FALSE,20,0,,
110,ITEM_OVAL_STONE,Items,2000,1000,0,0,80,0,0,31,FALSE,FALSE,20,0,,
111,ITEM_ODD_KEYSTONE,Items,2100,1050,0,0,80,0,0,31,FALSE,FALSE,0,0,,
112,ITEM_GRISEOUS_ORB,Items,10000,5000,0,20,60,0,0,31,FALSE,FALSE,0,0,,
113,ITEM_TEA,Key Items,0,0,0,0,0,0,0,31,TRUE,FALSE,0,0,,
114,ITEM_UNKNOWN_72,Items,0,0,0,0,0,0,0,0,FALSE,FALSE,0,0,,
115,ITEM_AUTOGRAPH,Key Items,0,0,0,0,0,0,0,31,TRUE,FALSE,0,0,,
116,ITEM_DOUSE_DRIVE,Items,1000,500,0,0,70,0,0,31,FALSE,FALSE,0,0,,
117,ITEM_SHOCK_DRIVE,Items,1000,500,0,0,70,0,0,31,FALSE,FALSE,0,0,,
118,ITEM_BURN_DRIVE,Items,1000,500,0,0,70,0,0,31,FALSE,FALSE,0,0,,
119,ITEM_CHILL_DRIVE,Items,1000,500,0,0,70,0,0,31,FALSE,FALSE,0,0,,
120,ITEM_UNKNOWN_78,Items,0,0,0,0,0,0,0,0,FALSE,FALSE,0,0,,
121,ITEM_POKEMON_BOX,Items,0,0,0,0,0,0,0,0,FALSE,FALSE,0,0,,
122,ITEM_UNKNOWN_7A,Items,0,0,0,0,0,0,0,0,FALSE,FALSE,0,0,,
123,ITEM_UNKNOWN_7B,Items,0,0,0,0,0,0,0,0,FALSE,FALSE,0,0,,
124,ITEM_UNKNOWN_7C,Items,0,0,0,0,0,0,0,0,FALSE,FALSE,0,0,,
125,ITEM_UNKNOWN_7D,Items,0,0,0,0,0,0,0,0,FALSE,FALSE,0,0,,
126,ITEM_UNKNOWN_7E,Items,0,0,0,0,0,0,0,0,FALSE,FALSE,0,0,,
127,ITEM_UNKNOWN_7F,Items,0,0,0,0,0,0,0,0,FALSE,FALSE,0,0,,
128,ITEM_UNKNOWN_80,Items,0,0,0,0,0,0,0,0,FALSE,FALSE,0,0,,
129,ITEM_UNKNOWN_81,Items,0,0,0,0,0,0,0,0,FALSE,FALSE,0,0,,
130,ITEM_UNKNOWN_82,Items,0,0,0,0,0,0,0,0,FALSE,FALSE,0,0,,
131,ITEM_UNKNOWN_83,Items,0,0,0,0,0,0,0,0,FALSE,FALSE,0,0,,
132,ITEM_UNKNOWN_84,Items,0,0,0,0,0,0,0,0,FALSE,FALSE,0,0,,
133,ITEM_UNKNOWN_85,Items,0,0,0,0,0,0,0,0,FALSE,FALSE,0,0,,
134,ITEM_SWEET_HEART,Medicine,100,50,0,20,30,0,0,31,FALSE,FALSE,1,2,,
135,ITEM_ADAMANT_ORB,Items,10000,5000,0,20,60,0,0,31,FALSE,FALSE,0,0,,
136,ITEM_LUSTROUS_ORB,Items,10000,5000,0,20,60,0,0,31,FALSE,FALSE,0,0,,
137,ITEM_GRASS_MAIL,Mail,50,25,0,0,0,0,0,31,FALSE,FALSE,7,0,DEPART 1 F2 (H#0169) [Goldenrod Department Lower2 F] | DEPART 2 F2 (H#0448) [Celadon Department Lower2 F],
138,ITEM_FLAME_MAIL,Mail,50,25,0,0,0,0,0,31,FALSE,FALSE,7,0,DEPART 1 F2 (H#0169) [Goldenrod Department Lower2 F] | DEPART 2 F2 (H#0448) [Celadon Department Lower2 F],
139,ITEM_BUBBLE_MAIL,Mail,50,25,0,0,0,0,0,31,FALSE,FALSE,7,0,DEPART 1 F2 (H#0169) [Goldenrod Department Lower2 F] | DEPART 2 F2 (H#0448) [Celadon Department Lower2 F],
140,ITEM_BLOOM_MAIL,Mail,50,25,0,0,0,0,0,31,FALSE,FALSE,7,0,DANB 04 PM04 (H#0140) [Azalea City Mart] | DEPART 2 F4 (H#0450) [Celadon Department4 F],
141,ITEM_TUNNEL_MAIL,Mail,50,25,0,0,0,0,0,31,FALSE,FALSE,7,0,LOBA 03 PM02 (H#0059) [Violet City Mart] | MELT 03 PM03 (H#0110) [Violet City Mart] | DANB 04 PM04 (H#0140) [Violet City Mart] | BAIR 03 PM05 (H#0253) [Violet City Mart] | SHED 03 PM06 (H#0282) [Violet City Mart] | DALI 03 PM07 (H#0302) [Violet City Mart] | RADE 04 PM08 (H#0359) [Violet City Mart] | TROO 04 PM09 (H#0413) [Violet City Mart] | DEPART 2 F4 (H#0450) [Celadon Department4 F] | T03FS0101 (H#0474) [Violet City Mart] | T08FS0101 (H#0478) [Violet City Mart] | D32FS0101 (H#0530) [Violet City Mart],
142,ITEM_STEEL_MAIL,Mail,50,25,0,0,0,0,0,31,FALSE,FALSE,7,0,T03FS0101 (H#0474) [Pewter Mart] | T08FS0101 (H#0478) [Fuschia Mart],
143,ITEM_HEART_MAIL,Mail,50,25,0,0,0,0,0,31,FALSE,FALSE,7,0,LOBA 03 PM02 (H#0059) [Ecruteak Mart] | BAIR 03 PM05 (H#0253) [Olivine Mart] | RADE F2 LIBRY (H#0372) [Mt Moon Square] | D02FS0101 (H#0518) [Mt Moon Square],
144,ITEM_SNOW_MAIL,Mail,50,25,0,0,0,0,0,31,FALSE,FALSE,7,0,,
145,ITEM_SPACE_MAIL,Mail,50,25,0,0,0,0,0,31,FALSE,FALSE,7,0,DEPART 1 F2 (H#0169) [Goldenrod Department Lower2 F] | DEPART 2 F2 (H#0448) [Celadon Department Lower2 F],
146,ITEM_AIR_MAIL,Mail,50,25,0,0,0,0,0,31,FALSE,FALSE,7,0,HAMP 03 PM01 (H#0026) [Cherrygrove City Mart] | SHED 03 PM06 (H#0282) [Blackthorn And Battle Frontier Mart] | DALI 03 PM07 (H#0302) [Vermilion And Safari Mart] | RADE 04 PM08 (H#0359) [Saffron Mart] | MANSION A5 (H#0396) [Vermilion And Safari Mart] | TROO 04 PM09 (H#0413) [Cerulean Mart] | DEPART 2 F4 (H#0450) [Celadon Department4 F] | D32FS0101 (H#0530) [Blackthorn And Battle Frontier Mart],
147,ITEM_MOSAIC_MAIL,Mail,50,25,0,0,0,0,0,31,FALSE,FALSE,7,0,,
148,ITEM_BRICK_MAIL,Mail,50,25,0,0,0,0,0,31,FALSE,FALSE,7,0,,
149,ITEM_CHERI_BERRY,Berries,80,40,0,0,10,1,0,10,FALSE,FALSE,8,0,,
150,ITEM_CHESTO_BERRY,Berries,80,40,0,0,10,2,0,11,FALSE,FALSE,8,0,,
151,ITEM_PECHA_BERRY,Berries,80,40,0,0,10,3,0,13,FALSE,FALSE,8,0,,ULURU 4 A1 (H#0346) | ULURU 4 A2 (H#0347) | ULURU 4 A3 (H#0350)
152,ITEM_RAWST_BERRY,Berries,80,40,0,0,10,4,0,12,FALSE,FALSE,8,0,,
153,ITEM_ASPEAR_BERRY,Berries,80,40,0,0,10,5,0,15,FALSE,FALSE,8,0,,
154,ITEM_LEPPA_BERRY,Berries,80,40,0,10,10,6,0,1,FALSE,FALSE,8,0,,
155,ITEM_ORAN_BERRY,Berries,80,40,0,10,10,7,0,3,FALSE,FALSE,8,0,,ULURU 4 A1 (H#0346) | ULURU 4 A2 (H#0347) | ULURU 4 A3 (H#0350)
156,ITEM_PERSIM_BERRY,Berries,80,40,0,0,10,8,0,4,FALSE,FALSE,8,0,,SEWER ROOM 03 (H#0380)
157,ITEM_LUM_BERRY,Berries,80,40,0,0,10,9,0,2,FALSE,FALSE,8,0,,
158,ITEM_SITRUS_BERRY,Berries,80,40,0,25,10,10,0,14,FALSE,FALSE,8,0,,
159,ITEM_FIGY_BERRY,Berries,80,40,0,8,10,11,0,6,FALSE,FALSE,8,0,,
160,ITEM_WIKI_BERRY,Berries,80,40,0,8,10,12,0,5,FALSE,FALSE,8,0,,
161,ITEM_MAGO_BERRY,Berries,80,40,0,8,10,13,0,7,FALSE,FALSE,8,0,,
162,ITEM_AGUAV_BERRY,Berries,80,40,0,8,10,14,0,16,FALSE,FALSE,8,0,,
163,ITEM_IAPAPA_BERRY,Berries,80,40,0,8,10,15,0,17,FALSE,FALSE,8,0,,
164,ITEM_RAZZ_BERRY,Berries,20,10,0,0,10,0,0,8,FALSE,FALSE,8,0,,SEWER ROOM 03 (H#0380)
165,ITEM_BLUK_BERRY,Berries,20,10,0,0,10,0,0,10,FALSE,FALSE,8,0,,SEWER ROOM 03 (H#0380)
166,ITEM_NANAB_BERRY,Berries,20,10,0,0,10,0,0,11,FALSE,FALSE,8,0,,
167,ITEM_WEPEAR_BERRY,Berries,20,10,0,0,10,0,0,13,FALSE,FALSE,8,0,,SEWER ROOM 03 (H#0380)
168,ITEM_PINAP_BERRY,Berries,20,10,0,0,10,0,0,12,FALSE,FALSE,8,0,,SEWER ROOM 03 (H#0380)
169,ITEM_POMEG_BERRY,Berries,80,40,0,0,10,0,0,15,FALSE,FALSE,8,0,,SEWER ROOM 03 (H#0380)
170,ITEM_KELPSY_BERRY,Berries,80,40,0,0,10,0,0,1,FALSE,FALSE,8,0,,SEWER ROOM 03 (H#0380)
171,ITEM_QUALOT_BERRY,Berries,80,40,0,0,10,0,0,3,FALSE,FALSE,8,0,,
172,ITEM_HONDEW_BERRY,Berries,80,40,0,0,10,0,0,4,FALSE,FALSE,8,0,,SEWER ROOM 03 (H#0380)
173,ITEM_GREPA_BERRY,Berries,80,40,0,0,10,0,0,2,FALSE,FALSE,8,0,,SEWER ROOM 03 (H#0380)
174,ITEM_TAMATO_BERRY,Berries,80,40,0,0,10,0,0,14,FALSE,FALSE,8,0,,
175,ITEM_CORNN_BERRY,Berries,20,10,0,0,10,0,0,6,FALSE,FALSE,8,0,,SEWER ROOM 03 (H#0380)
176,ITEM_MAGOST_BERRY,Berries,20,10,0,0,10,0,0,5,FALSE,FALSE,8,0,,
177,ITEM_RABUTA_BERRY,Berries,20,10,0,0,10,0,0,7,FALSE,FALSE,8,0,,
178,ITEM_NOMEL_BERRY,Berries,20,10,0,0,10,0,0,16,FALSE,FALSE,8,0,,SEWER ROOM 03 (H#0380)
179,ITEM_SPELON_BERRY,Berries,20,10,0,0,10,0,0,17,FALSE,FALSE,8,0,,
180,ITEM_PAMTRE_BERRY,Berries,20,10,0,0,10,0,0,8,FALSE,FALSE,8,0,,
181,ITEM_WATMEL_BERRY,Berries,20,10,0,0,10,0,0,10,FALSE,FALSE,8,0,,
182,ITEM_DURIN_BERRY,Berries,20,10,0,0,10,0,0,11,FALSE,FALSE,8,0,,SEWER ROOM 03 (H#0380)
183,ITEM_BELUE_BERRY,Berries,20,10,0,0,10,0,0,13,FALSE,FALSE,8,0,,
184,ITEM_OCCA_BERRY,Berries,80,40,0,0,10,0,0,10,FALSE,FALSE,8,0,,
185,ITEM_PASSHO_BERRY,Berries,80,40,0,0,10,0,0,11,FALSE,FALSE,8,0,,
186,ITEM_WACAN_BERRY,Berries,80,40,0,0,10,0,0,13,FALSE,FALSE,8,0,,
187,ITEM_RINDO_BERRY,Berries,80,40,0,0,10,0,0,12,FALSE,FALSE,8,0,,
188,ITEM_YACHE_BERRY,Berries,80,40,0,0,10,0,0,15,FALSE,FALSE,8,0,,
189,ITEM_CHOPLE_BERRY,Berries,80,40,0,0,10,0,0,1,FALSE,FALSE,8,0,,
190,ITEM_KEBIA_BERRY,Berries,80,40,0,0,10,0,0,3,FALSE,FALSE,8,0,,
191,ITEM_SHUCA_BERRY,Berries,80,40,0,0,10,0,0,4,FALSE,FALSE,8,0,,
192,ITEM_COBA_BERRY,Berries,80,40,0,0,10,0,0,2,FALSE,FALSE,8,0,,
193,ITEM_PAYAPA_BERRY,Berries,80,40,0,0,10,0,0,14,FALSE,FALSE,8,0,,
194,ITEM_TANGA_BERRY,Berries,80,40,0,0,10,0,0,6,FALSE,FALSE,8,0,,
195,ITEM_CHARTI_BERRY,Berries,80,40,0,0,10,0,0,5,FALSE,FALSE,8,0,,
196,ITEM_KASIB_BERRY,Berries,80,40,0,0,10,0,0,7,FALSE,FALSE,8,0,,
197,ITEM_HABAN_BERRY,Berries,80,40,0,0,10,0,0,16,FALSE,FALSE,8,0,,
198,ITEM_COLBUR_BERRY,Berries,80,40,0,0,10,0,0,17,FALSE,FALSE,8,0,,
199,ITEM_BABIRI_BERRY,Berries,80,40,0,0,10,0,0,8,FALSE,FALSE,8,0,,
200,ITEM_CHILAN_BERRY,Berries,80,40,0,0,10,0,0,0,FALSE,FALSE,8,0,,
201,ITEM_LIECHI_BERRY,Berries,80,40,0,4,10,16,0,12,FALSE,FALSE,8,0,,
202,ITEM_GANLON_BERRY,Berries,80,40,0,4,10,17,0,15,FALSE,FALSE,8,0,,
203,ITEM_SALAC_BERRY,Berries,80,40,0,4,10,18,0,1,FALSE,FALSE,8,0,,
204,ITEM_PETAYA_BERRY,Berries,80,40,0,4,10,19,0,3,FALSE,FALSE,8,0,,
205,ITEM_APICOT_BERRY,Berries,80,40,0,4,10,20,0,4,FALSE,FALSE,8,0,,
206,ITEM_LANSAT_BERRY,Berries,80,40,0,4,10,21,0,2,FALSE,FALSE,8,0,,
207,ITEM_STARF_BERRY,Berries,80,40,0,4,10,22,0,14,FALSE,FALSE,8,0,,
208,ITEM_ENIGMA_BERRY,Berries,80,40,0,4,10,0,0,6,FALSE,FALSE,8,0,,
209,ITEM_MICLE_BERRY,Berries,80,40,0,4,10,23,0,5,FALSE,FALSE,8,0,,
210,ITEM_CUSTAP_BERRY,Berries,80,40,0,4,10,0,0,7,FALSE,FALSE,8,0,,
211,ITEM_JABOCA_BERRY,Berries,80,40,0,8,10,0,0,16,FALSE,FALSE,8,0,,
212,ITEM_ROWAP_BERRY,Berries,80,40,0,8,10,0,0,17,FALSE,FALSE,8,0,,
213,ITEM_BRIGHT_POWDER,Items,30000,15000,0,10,10,0,0,31,FALSE,FALSE,0,0,,A HQ1 F4 (H#0064) | A HQ1 F4 (H#0182) | D HQ1 F4 (H#0188)
214,ITEM_WHITE_HERB,Items,20000,10000,0,0,10,24,0,31,FALSE,FALSE,0,0,,
215,ITEM_MACHO_BRACE,Items,3000,1500,0,0,60,0,0,31,FALSE,FALSE,0,0,,
216,ITEM_EXP_SHARE,Items,3000,1500,0,0,30,0,0,31,FALSE,FALSE,0,0,,
217,ITEM_QUICK_CLAW,Items,8000,4000,0,20,80,0,0,31,FALSE,FALSE,0,0,,RADE F3 LIBRY (H#0373)
218,ITEM_SOOTHE_BELL,Items,5000,2500,0,0,10,0,0,31,FALSE,FALSE,0,0,,
219,ITEM_MENTAL_HERB,Items,10000,5000,0,0,10,25,0,31,FALSE,FALSE,0,0,,
220,ITEM_CHOICE_BAND,Items,100000,50000,0,0,10,0,0,31,FALSE,FALSE,0,0,,
221,ITEM_KINGS_ROCK,Items,10000,5000,0,10,30,26,0,31,FALSE,FALSE,0,0,,WELL CAVE F4 (H#0148)
222,ITEM_SILVER_POWDER,Items,3000,1500,0,20,10,0,0,31,FALSE,FALSE,0,0,,
223,ITEM_AMULET_COIN,Items,30000,15000,0,10,30,0,0,31,FALSE,FALSE,0,0,,
224,ITEM_CLEANSE_TAG,Items,5000,2500,0,0,30,0,0,31,FALSE,FALSE,0,0,,R05R0401 (H#0517)
225,ITEM_SOUL_DEW,Items,200,100,0,0,30,0,0,31,FALSE,FALSE,0,0,,
226,ITEM_DEEP_SEA_TOOTH,Items,200,100,0,0,90,0,0,31,FALSE,FALSE,0,0,,
227,ITEM_DEEP_SEA_SCALE,Items,200,100,0,0,30,0,0,31,FALSE,FALSE,0,0,,
228,ITEM_SMOKE_BALL,Items,15000,7500,0,0,30,0,0,31,FALSE,FALSE,0,0,,
229,ITEM_EVERSTONE,Items,3000,1500,0,0,30,0,0,31,FALSE,FALSE,0,0,,MAUN 09 LAB01 (H#0019)
230,ITEM_FOCUS_BAND,Items,10000,5000,0,10,10,0,0,31,FALSE,FALSE,0,0,,
231,ITEM_LUCKY_EGG,Items,10000,5000,0,0,30,0,0,31,FALSE,FALSE,0,0,,
232,ITEM_SCOPE_LENS,Items,15000,7500,0,0,30,0,0,31,FALSE,FALSE,0,0,,
233,ITEM_METAL_COAT,Items,3000,1500,0,20,30,0,0,31,FALSE,FALSE,0,0,,BOAT 06 (H#0101)
234,ITEM_LEFTOVERS,Items,20000,10000,0,10,10,0,0,31,FALSE,FALSE,0,0,,
235,ITEM_DRAGON_SCALE,Items,2100,1050,0,10,30,0,0,31,FALSE,FALSE,0,0,,
236,ITEM_LIGHT_BALL,Items,1000,500,0,0,30,27,0,31,FALSE,FALSE,0,0,,
237,ITEM_SOFT_SAND,Items,3000,1500,0,20,10,0,0,31,FALSE,FALSE,0,0,,
238,ITEM_HARD_STONE,Items,3000,1500,0,20,100,0,0,31,FALSE,FALSE,0,0,,ULURU 4 A1 (H#0346) | ULURU 4 A2 (H#0347) | ULURU 4 A3 (H#0350)
239,ITEM_MIRACLE_SEED,Items,3000,1500,0,20,30,0,0,31,FALSE,FALSE,0,0,,
240,ITEM_BLACK_GLASSES,Items,3000,1500,0,20,30,0,0,31,FALSE,FALSE,0,0,,NAVEL EAST 01 (H#0041)
241,ITEM_BLACK_BELT,Items,3000,1500,0,20,30,0,0,31,FALSE,FALSE,0,0,,
242,ITEM_MAGNET,Items,3000,1500,0,20,30,0,0,31,FALSE,FALSE,0,0,,SPEAR PLR 1 (H#0348) | SPEAR PLR 2 (H#0349)
243,ITEM_MYSTIC_WATER,Items,3000,1500,0,20,30,0,0,31,FALSE,FALSE,0,0,,
244,ITEM_SHARP_BEAK,Items,3000,1500,0,20,50,0,0,31,FALSE,FALSE,0,0,,
245,ITEM_POISON_BARB,Items,3000,1500,0,20,70,28,0,31,FALSE,FALSE,0,0,,
246,ITEM_NEVER_MELT_ICE,Items,3000,1500,0,20,30,0,0,31,FALSE,FALSE,0,0,,
247,ITEM_SPELL_TAG,Items,3000,1500,0,20,30,0,0,31,FALSE,FALSE,0,0,,DEPART 2 ROOM (H#0454)
248,ITEM_TWISTED_SPOON,Items,3000,1500,0,20,30,0,0,31,FALSE,FALSE,0,0,,ULURU 2 A1 (H#0315) | ULURU 2 A2 (H#0316)
249,ITEM_CHARCOAL,Items,3000,1500,0,20,30,0,0,31,FALSE,FALSE,0,0,,
250,ITEM_DRAGON_FANG,Items,3000,1500,0,20,70,0,0,31,FALSE,FALSE,0,0,,
251,ITEM_SILK_SCARF,Items,3000,1500,0,20,10,0,0,31,FALSE,FALSE,0,0,,
252,ITEM_UP_GRADE,Items,2100,1050,0,0,30,0,0,31,FALSE,FALSE,0,0,,ROTOM TOWER (H#0197)
253,ITEM_SHELL_BELL,Items,20000,10000,0,8,30,0,0,31,FALSE,FALSE,0,0,,
254,ITEM_SEA_INCENSE,Items,9600,4800,0,20,10,0,0,31,FALSE,FALSE,0,0,,
255,ITEM_LAX_INCENSE,Items,9600,4800,0,10,10,0,0,31,FALSE,FALSE,0,0,,
256,ITEM_LUCKY_PUNCH,Items,10,5,0,0,40,0,0,31,FALSE,FALSE,0,0,,
257,ITEM_METAL_POWDER,Items,10,5,0,0,10,0,0,31,FALSE,FALSE,0,0,,
258,ITEM_THICK_CLUB,Items,500,250,0,0,90,0,0,31,FALSE,FALSE,0,0,,
259,ITEM_LEEK,Items,200,100,0,0,60,0,0,31,FALSE,FALSE,0,0,,
260,ITEM_RED_SCARF,Items,100,50,0,0,10,0,0,31,FALSE,FALSE,0,0,,
261,ITEM_BLUE_SCARF,Items,100,50,0,0,10,0,0,31,FALSE,FALSE,0,0,,
262,ITEM_PINK_SCARF,Items,100,50,0,0,10,0,0,31,FALSE,FALSE,0,0,,
263,ITEM_GREEN_SCARF,Items,100,50,0,0,10,0,0,31,FALSE,FALSE,0,0,,
264,ITEM_YELLOW_SCARF,Items,100,50,0,0,10,0,0,31,FALSE,FALSE,0,0,,
265,ITEM_WIDE_LENS,Items,20000,10000,0,10,10,0,0,31,FALSE,FALSE,0,0,,
266,ITEM_MUSCLE_BAND,Items,8000,4000,0,10,10,0,0,31,FALSE,FALSE,0,0,,
267,ITEM_WISE_GLASSES,Items,8000,4000,0,10,10,0,0,31,FALSE,FALSE,0,0,,
268,ITEM_EXPERT_BELT,Items,30000,15000,0,20,10,0,0,31,FALSE,FALSE,0,0,,
269,ITEM_LIGHT_CLAY,Items,20000,10000,0,3,30,0,0,31,FALSE,FALSE,0,0,,
270,ITEM_LIFE_ORB,Items,50000,25000,0,30,30,0,0,31,FALSE,FALSE,0,0,,
271,ITEM_POWER_HERB,Items,30000,15000,0,0,10,0,0,31,FALSE,FALSE,0,0,,SHALLOW C 1 (H#0338) | SHALLOW C 2 (H#0339) | SHALLOW C 3 (H#0340) | SHALLOW C 4 (H#0341)
272,ITEM_TOXIC_ORB,Items,15000,7500,0,0,30,29,0,31,FALSE,FALSE,0,0,,
273,ITEM_FLAME_ORB,Items,15000,7500,0,0,30,30,0,31,FALSE,FALSE,0,0,,
274,ITEM_QUICK_POWDER,Items,10,5,0,0,10,0,0,31,FALSE,FALSE,0,0,,
275,ITEM_FOCUS_SASH,Items,50000,25000,0,0,10,0,0,31,FALSE,FALSE,0,0,,
276,ITEM_ZOOM_LENS,Items,10000,5000,0,20,10,0,0,31,FALSE,FALSE,0,0,,
277,ITEM_METRONOME,Items,15000,7500,0,10,30,0,0,31,FALSE,FALSE,0,0,,
278,ITEM_IRON_BALL,Items,20000,10000,0,0,130,0,0,31,FALSE,FALSE,0,0,,
279,ITEM_LAGGING_TAIL,Items,20000,10000,0,0,10,0,0,31,FALSE,FALSE,0,0,,
280,ITEM_DESTINY_KNOT,Items,20000,10000,0,0,10,0,0,31,FALSE,FALSE,0,0,,
281,ITEM_BLACK_SLUDGE,Items,10000,5000,0,16,30,0,0,31,FALSE,FALSE,0,0,,
282,ITEM_ICY_ROCK,Items,8000,4000,0,3,40,0,0,31,FALSE,FALSE,0,0,,
283,ITEM_SMOOTH_ROCK,Items,8000,4000,0,3,10,0,0,31,FALSE,FALSE,0,0,,
284,ITEM_HEAT_ROCK,Items,8000,4000,0,3,60,0,0,31,FALSE,FALSE,0,0,,
285,ITEM_DAMP_ROCK,Items,8000,4000,0,3,60,0,0,31,FALSE,FALSE,0,0,,
286,ITEM_GRIP_CLAW,Items,10000,5000,0,0,90,0,0,31,FALSE,FALSE,0,0,,
287,ITEM_CHOICE_SCARF,Items,100000,50000,0,0,10,0,0,31,FALSE,FALSE,0,0,,
288,ITEM_STICKY_BARB,Items,10000,5000,0,8,80,0,0,31,FALSE,FALSE,0,0,,
289,ITEM_POWER_BRACER,Items,10000,5000,0,4,70,0,0,31,FALSE,FALSE,0,0,,
290,ITEM_POWER_BELT,Items,10000,5000,0,4,70,0,0,31,FALSE,FALSE,0,0,,
291,ITEM_POWER_LENS,Items,10000,5000,0,4,70,0,0,31,FALSE,FALSE,0,0,,
292,ITEM_POWER_BAND,Items,10000,5000,0,4,70,0,0,31,FALSE,FALSE,0,0,,
293,ITEM_POWER_ANKLET,Items,10000,5000,0,4,70,0,0,31,FALSE,FALSE,0,0,,
294,ITEM_POWER_WEIGHT,Items,10000,5000,0,4,70,0,0,31,FALSE,FALSE,0,0,,
295,ITEM_SHED_SHELL,Items,20000,10000,0,0,10,0,0,31,FALSE,FALSE,0,0,,
296,ITEM_BIG_ROOT,Items,10000,5000,0,30,10,0,0,31,FALSE,FALSE,0,0,,
297,ITEM_CHOICE_SPECS,Items,100000,50000,0,0,10,0,0,31,FALSE,FALSE,0,0,,
298,ITEM_FLAME_PLATE,Items,1000,500,0,20,90,0,0,31,FALSE,FALSE,0,0,,
299,ITEM_SPLASH_PLATE,Items,1000,500,0,20,90,0,0,31,FALSE,FALSE,0,0,,
300,ITEM_ZAP_PLATE,Items,1000,500,0,20,90,0,0,31,FALSE,FALSE,0,0,,
301,ITEM_MEADOW_PLATE,Items,1000,500,0,20,90,0,0,31,FALSE,FALSE,0,0,,
302,ITEM_ICICLE_PLATE,Items,1000,500,0,20,90,0,0,31,FALSE,FALSE,0,0,,
303,ITEM_FIST_PLATE,Items,1000,500,0,20,90,0,0,31,FALSE,FALSE,0,0,,
304,ITEM_TOXIC_PLATE,Items,1000,500,0,20,90,0,0,31,FALSE,FALSE,0,0,,
305,ITEM_EARTH_PLATE,Items,1000,500,0,20,90,0,0,31,FALSE,FALSE,0,0,,
306,ITEM_SKY_PLATE,Items,1000,500,0,20,90,0,0,31,FALSE,FALSE,0,0,,
307,ITEM_MIND_PLATE,Items,1000,500,0,20,90,0,0,31,FALSE,FALSE,0,0,,
308,ITEM_INSECT_PLATE,Items,1000,500,0,20,90,0,0,31,FALSE,FALSE,0,0,,
309,ITEM_STONE_PLATE,Items,1000,500,0,20,90,0,0,31,FALSE,FALSE,0,0,,
310,ITEM_SPOOKY_PLATE,Items,1000,500,0,20,90,0,0,31,FALSE,FALSE,0,0,,
311,ITEM_DRACO_PLATE,Items,1000,500,0,20,90,0,0,31,FALSE,FALSE,0,0,,
312,ITEM_DREAD_PLATE,Items,1000,500,0,20,90,0,0,31,FALSE,FALSE,0,0,,
313,ITEM_IRON_PLATE,Items,1000,500,0,20,90,0,0,31,FALSE,FALSE,0,0,,
314,ITEM_ODD_INCENSE,Items,9600,4800,0,20,10,0,0,31,FALSE,FALSE,0,0,,
315,ITEM_ROCK_INCENSE,Items,9600,4800,0,20,10,0,0,31,FALSE,FALSE,0,0,,
316,ITEM_FULL_INCENSE,Items,9600,4800,0,0,10,0,0,31,FALSE,FALSE,0,0,,
317,ITEM_WAVE_INCENSE,Items,9600,4800,0,20,10,0,0,31,FALSE,FALSE,0,0,,
318,ITEM_ROSE_INCENSE,Items,9600,4800,0,20,10,0,0,31,FALSE,FALSE,0,0,,
319,ITEM_LUCK_INCENSE,Items,9600,4800,0,10,10,0,0,31,FALSE,FALSE,0,0,,
320,ITEM_PURE_INCENSE,Items,9600,4800,0,0,10,0,0,31,FALSE,FALSE,0,0,,
321,ITEM_PROTECTOR,Items,2100,1050,0,0,80,0,0,31,FALSE,FALSE,0,0,,
322,ITEM_ELECTIRIZER,Items,2100,1050,0,0,80,0,0,31,FALSE,FALSE,0,0,,
323,ITEM_MAGMARIZER,Items,2100,1050,0,0,80,0,0,31,FALSE,FALSE,0,0,,
324,ITEM_DUBIOUS_DISC,Items,2100,1050,0,0,50,0,0,31,FALSE,FALSE,0,0,,
325,ITEM_REAPER_CLOTH,Items,4000,2000,0,0,10,0,0,31,FALSE,FALSE,0,0,,
326,ITEM_RAZOR_CLAW,Items,15000,7500,0,0,80,0,0,31,FALSE,FALSE,0,0,,
327,ITEM_RAZOR_FANG,Items,4000,2000,0,10,30,26,0,31,FALSE,FALSE,0,0,,
328,ITEM_TM001,TMs/HMs,1600,800,0,0,0,0,0,31,FALSE,FALSE,6,0,,
329,ITEM_TM002,TMs/HMs,1600,800,0,0,0,0,0,31,FALSE,FALSE,6,0,,
330,ITEM_TM003,TMs/HMs,1600,800,0,0,0,0,0,31,FALSE,FALSE,6,0,,SYDT 04 GYM04 (H#0167)
331,ITEM_TM004,TMs/HMs,3200,1600,0,0,0,0,0,31,FALSE,FALSE,6,0,,
332,ITEM_TM005,TMs/HMs,800,400,0,0,0,0,0,31,FALSE,FALSE,6,0,,
333,ITEM_TM006,TMs/HMs,1600,800,0,0,0,0,0,31,FALSE,FALSE,6,0,,
334,ITEM_TM007,TMs/HMs,1600,800,0,0,0,0,0,31,FALSE,FALSE,6,0,,SEWER ROOM 01 (H#0378)
335,ITEM_TM008,TMs/HMs,3200,1600,0,0,0,0,0,31,FALSE,FALSE,6,0,,MELT 04 GYM02 (H#0111)
336,ITEM_TM009,TMs/HMs,3200,1600,0,0,0,0,0,31,FALSE,FALSE,6,0,,DANB 05 GYM03 (H#0141)
337,ITEM_TM010,TMs/HMs,3200,1600,0,0,0,0,0,31,FALSE,FALSE,6,0,,DALI 09 HS29 (H#0308)
338,ITEM_TM011,TMs/HMs,6000,3000,0,0,0,0,0,31,FALSE,FALSE,6,0,,A HQ1 F3 (H#0063) | A HQ1 F3 (H#0181) | D HQ1 F3 (H#0187) | BAIR 04 GYM05 (H#0254)
339,ITEM_TM012,TMs/HMs,1600,800,0,0,0,0,0,31,FALSE,FALSE,6,0,DEPART 2 F3 (H#0449) [Celadon Department3 F],SYDT 06 GV06 (H#0241)
340,ITEM_TM013,TMs/HMs,3200,1600,0,0,0,0,0,31,FALSE,FALSE,6,0,,
341,ITEM_TM014,TMs/HMs,12000,6000,0,0,0,0,0,31,FALSE,FALSE,6,0,DEPART 1 F5 (H#0172) [Goldenrod Department5 F],
342,ITEM_TM015,TMs/HMs,1600,800,0,0,0,0,0,31,FALSE,FALSE,6,0,DEPART 1 F5 (H#0172) [Goldenrod Department5 F],
343,ITEM_TM016,TMs/HMs,3200,1600,0,0,0,0,0,31,FALSE,FALSE,6,0,DEPART 1 F5 (H#0172) [Goldenrod Department5 F],
344,ITEM_TM017,TMs/HMs,1600,800,0,0,0,0,0,31,FALSE,FALSE,6,0,DEPART 1 F5 (H#0172) [Goldenrod Department5 F],
345,ITEM_TM018,TMs/HMs,12000,6000,0,0,0,0,0,31,FALSE,FALSE,6,0,,
346,ITEM_TM019,TMs/HMs,800,400,0,0,0,0,0,31,FALSE,FALSE,6,0,,DANB 05 GYM03 (H#0141)
347,ITEM_TM020,TMs/HMs,3200,1600,0,0,0,0,0,31,FALSE,FALSE,6,0,DEPART 2 F3 (H#0449) [Celadon Department3 F],
348,ITEM_TM021,TMs/HMs,3200,1600,0,0,0,0,0,31,FALSE,FALSE,6,0,DEPART 2 F3 (H#0449) [Celadon Department3 F],
349,ITEM_TM022,TMs/HMs,12000,6000,0,0,0,0,0,31,FALSE,FALSE,6,0,DEPART 1 F5 (H#0172) [Goldenrod Department5 F],
350,ITEM_TM023,TMs/HMs,3200,1600,0,0,0,0,0,31,FALSE,FALSE,6,0,,SEWER AREA 01 (H#0375) | SEWER AREA 02 (H#0376) | SEWER AREA 03 (H#0377)
351,ITEM_TM024,TMs/HMs,3200,1600,0,0,0,0,0,31,FALSE,FALSE,6,0,,
352,ITEM_TM025,TMs/HMs,20000,10000,0,0,0,0,0,31,FALSE,FALSE,6,0,DEPART 1 F5 (H#0172) [Goldenrod Department5 F],
353,ITEM_TM026,TMs/HMs,3200,1600,0,0,0,0,0,31,FALSE,FALSE,6,0,,
354,ITEM_TM027,TMs/HMs,3200,1600,0,0,0,0,0,31,FALSE,FALSE,6,0,DEPART 2 F3 (H#0449) [Celadon Department3 F],LOBA 04 GYM01 (H#0060)
355,ITEM_TM028,TMs/HMs,6000,3000,0,0,0,0,0,31,FALSE,FALSE,6,0,DEPART 2 F3 (H#0449) [Celadon Department3 F],
356,ITEM_TM029,TMs/HMs,12000,6000,0,0,0,0,0,31,FALSE,FALSE,6,0,,TROO 08 HS38 (H#0417)
357,ITEM_TM030,TMs/HMs,3200,1600,0,0,0,0,0,31,FALSE,FALSE,6,0,,TROO 05 GYM08 (H#0414)
358,ITEM_TM031,TMs/HMs,1600,800,0,0,0,0,0,31,FALSE,FALSE,6,0,,
359,ITEM_TM032,TMs/HMs,800,400,0,0,0,0,0,31,FALSE,FALSE,6,0,,
360,ITEM_TM033,TMs/HMs,6000,3000,0,0,0,0,0,31,FALSE,FALSE,6,0,DEPART 1 F5 (H#0172) [Goldenrod Department5 F],
361,ITEM_TM034,TMs/HMs,3200,1600,0,0,0,0,0,31,FALSE,FALSE,6,0,,DALI 04 GYM06 (H#0303)
362,ITEM_TM035,TMs/HMs,3200,1600,0,0,0,0,0,31,FALSE,FALSE,6,0,,
363,ITEM_TM036,TMs/HMs,6000,3000,0,0,0,0,0,31,FALSE,FALSE,6,0,,
364,ITEM_TM037,TMs/HMs,3200,1600,0,0,0,0,0,31,FALSE,FALSE,6,0,,HOTEL 2 HS33 (H#0365)
365,ITEM_TM038,TMs/HMs,3200,1600,0,0,0,0,0,31,FALSE,FALSE,6,0,DEPART 1 F5 (H#0172) [Goldenrod Department5 F],
366,ITEM_TM039,TMs/HMs,12000,6000,0,0,0,0,0,31,FALSE,FALSE,6,0,,
367,ITEM_TM040,TMs/HMs,1600,800,0,0,0,0,0,31,FALSE,FALSE,6,0,,RADE 05 GYM07 (H#0360)
368,ITEM_TM041,TMs/HMs,3200,1600,0,0,0,0,0,31,FALSE,FALSE,6,0,DEPART 2 F3 (H#0449) [Celadon Department3 F],
369,ITEM_TM042,TMs/HMs,1600,800,0,0,0,0,0,31,FALSE,FALSE,6,0,,
370,ITEM_TM043,TMs/HMs,12000,6000,0,0,0,0,0,31,FALSE,FALSE,6,0,,
371,ITEM_TM044,TMs/HMs,6000,3000,0,0,0,0,0,31,FALSE,FALSE,6,0,,ULURU 3 A1 (H#0324) | ULURU 3 A2 (H#0325)
372,ITEM_TM045,TMs/HMs,12000,6000,0,0,0,0,0,31,FALSE,FALSE,6,0,,
373,ITEM_TM046,TMs/HMs,6000,3000,0,0,0,0,0,31,FALSE,FALSE,6,0,,
374,ITEM_TM047,TMs/HMs,800,400,0,0,0,0,0,31,FALSE,FALSE,6,0,,DALI 10 HS54 (H#0311)
375,ITEM_TM048,TMs/HMs,12000,6000,0,0,0,0,0,31,FALSE,FALSE,6,0,,
376,ITEM_TM049,TMs/HMs,12000,6000,0,0,0,0,0,31,FALSE,FALSE,6,0,,
377,ITEM_TM050,TMs/HMs,12000,6000,0,0,0,0,0,31,FALSE,FALSE,6,0,,D HQ1 F4 (H#0070) | BAIR 04 GYM05 (H#0254) | D11R0106 (H#0457)
378,ITEM_TM051,TMs/HMs,12000,6000,0,0,0,0,0,31,FALSE,FALSE,6,0,,
379,ITEM_TM052,TMs/HMs,12000,6000,0,0,0,0,0,31,FALSE,FALSE,6,0,DEPART 1 F5 (H#0172) [Goldenrod Department5 F],
380,ITEM_TM053,TMs/HMs,12000,6000,0,0,0,0,0,31,FALSE,FALSE,6,0,,
381,ITEM_TM054,TMs/HMs,20000,10000,0,0,0,0,0,31,FALSE,FALSE,6,0,DEPART 1 F5 (H#0172) [Goldenrod Department5 F],
382,ITEM_TM055,TMs/HMs,20000,10000,0,0,0,0,0,31,FALSE,FALSE,6,0,DEPART 2 F3 (H#0449) [Celadon Department3 F],SYDT 04 GYM04 (H#0167)
383,ITEM_TM056,TMs/HMs,12000,6000,0,0,0,0,0,31,FALSE,FALSE,6,0,,
384,ITEM_TM057,TMs/HMs,1600,800,0,0,0,0,0,31,FALSE,FALSE,6,0,,DALI 04 GYM06 (H#0303) | R10R0202 (H#0489)
385,ITEM_TM058,TMs/HMs,20000,10000,0,0,0,0,0,31,FALSE,FALSE,6,0,,
386,ITEM_TM059,TMs/HMs,20000,10000,0,0,0,0,0,31,FALSE,FALSE,6,0,,REGIELECT DEN (H#0133) | DRAGON DEN 01 (H#0297)
387,ITEM_TM060,TMs/HMs,12000,6000,0,0,0,0,0,31,FALSE,FALSE,6,0,,MELT 04 GYM02 (H#0111)
388,ITEM_TM061,TMs/HMs,12000,6000,0,0,0,0,0,31,FALSE,FALSE,6,0,,
389,ITEM_TM062,TMs/HMs,12000,6000,0,0,0,0,0,31,FALSE,FALSE,6,0,,
390,ITEM_TM063,TMs/HMs,40000,20000,0,0,0,0,0,31,FALSE,FALSE,6,0,,
391,ITEM_TM064,TMs/HMs,12000,6000,0,0,0,0,0,31,FALSE,FALSE,6,0,,
392,ITEM_TM065,TMs/HMs,20000,10000,0,0,0,0,0,31,FALSE,FALSE,6,0,,DEPART 1 F6 (H#0173)
393,ITEM_TM066,TMs/HMs,20000,10000,0,0,0,0,0,31,FALSE,FALSE,6,0,,
394,ITEM_TM067,TMs/HMs,20000,10000,0,0,0,0,0,31,FALSE,FALSE,6,0,,
395,ITEM_TM068,TMs/HMs,20000,10000,0,0,0,0,0,31,FALSE,FALSE,6,0,,
396,ITEM_TM069,TMs/HMs,20000,10000,0,0,0,0,0,31,FALSE,FALSE,6,0,,
397,ITEM_TM070,TMs/HMs,1600,800,0,0,0,0,0,31,FALSE,FALSE,6,0,DEPART 1 F5 (H#0172) [Goldenrod Department5 F],
398,ITEM_TM071,TMs/HMs,32000,16000,0,0,0,0,0,31,FALSE,FALSE,6,0,,
399,ITEM_TM072,TMs/HMs,20000,10000,0,0,0,0,0,31,FALSE,FALSE,6,0,DEPART 2 F3 (H#0449) [Celadon Department3 F],
400,ITEM_TM073,TMs/HMs,32000,16000,0,0,0,0,0,31,FALSE,FALSE,6,0,,
401,ITEM_TM074,TMs/HMs,3200,1600,0,0,0,0,0,31,FALSE,FALSE,6,0,,
402,ITEM_TM075,TMs/HMs,3200,1600,0,0,0,0,0,31,FALSE,FALSE,6,0,,LOBA 04 GYM01 (H#0060)
403,ITEM_TM076,TMs/HMs,12000,6000,0,0,0,0,0,31,FALSE,FALSE,6,0,DEPART 2 F3 (H#0449) [Celadon Department3 F],
404,ITEM_TM077,TMs/HMs,32000,16000,0,0,0,0,0,31,FALSE,FALSE,6,0,,
405,ITEM_TM078,TMs/HMs,32000,16000,0,0,0,0,0,31,FALSE,FALSE,6,0,DEPART 2 F3 (H#0449) [Celadon Department3 F],
406,ITEM_TM079,TMs/HMs,32000,16000,0,0,0,0,0,31,FALSE,FALSE,6,0,DEPART 2 F3 (H#0449) [Celadon Department3 F],
407,ITEM_TM080,TMs/HMs,1600,800,0,0,0,0,0,31,FALSE,FALSE,6,0,,T03GYM0101 (H#0473)
408,ITEM_TM081,TMs/HMs,12000,6000,0,0,0,0,0,31,FALSE,FALSE,6,0,,
409,ITEM_TM082,TMs/HMs,1600,800,0,0,0,0,0,31,FALSE,FALSE,6,0,,
410,ITEM_TM083,TMs/HMs,20000,10000,0,0,0,0,0,31,FALSE,FALSE,6,0,DEPART 1 F5 (H#0172) [Goldenrod Department5 F],
411,ITEM_TM084,TMs/HMs,20000,10000,0,0,0,0,0,31,FALSE,FALSE,6,0,,
412,ITEM_TM085,TMs/HMs,1600,800,0,0,0,0,0,31,FALSE,FALSE,6,0,,UNDARA CAVE 1 (H#0330)
413,ITEM_TM086,TMs/HMs,20000,10000,0,0,0,0,0,31,FALSE,FALSE,6,0,,
414,ITEM_TM087,TMs/HMs,12000,6000,0,0,0,0,0,31,FALSE,FALSE,6,0,DEPART 2 F3 (H#0449) [Celadon Department3 F],
415,ITEM_TM088,TMs/HMs,20000,10000,0,0,0,0,0,31,FALSE,FALSE,6,0,,
416,ITEM_TM089,TMs/HMs,32000,16000,0,0,0,0,0,31,FALSE,FALSE,6,0,,
417,ITEM_TM090,TMs/HMs,12000,6000,0,0,0,0,0,31,FALSE,FALSE,6,0,,
418,ITEM_TM091,TMs/HMs,12000,6000,0,0,0,0,0,31,FALSE,FALSE,6,0,,
419,ITEM_TM092,TMs/HMs,12000,6000,0,0,0,0,0,31,FALSE,FALSE,6,0,,
420,ITEM_HM01,TMs/HMs,0,0,0,0,0,0,0,31,TRUE,FALSE,6,0,,MAUNCESTON T (H#0010) | MELT 04 GYM02 (H#0111) | SYD FOREST 01 (H#0232) | SYD FOREST 02 (H#0233) | SYD FOREST 03 (H#0234) | SYD FOREST 04 (H#0235) | SYD FOREST 05 (H#0236) | SYD FOREST 06 (H#0237) | SYD FOREST 07 (H#0238) | SYD FOREST 08 (H#0239)
421,ITEM_HM02,TMs/HMs,0,0,0,0,0,0,0,31,TRUE,FALSE,6,0,,MAUNCESTON T (H#0010) | BAIR 04 GYM05 (H#0254)
422,ITEM_HM03,TMs/HMs,0,0,0,0,0,0,0,31,TRUE,FALSE,6,0,,MAUNCESTON T (H#0010) | SYDT 04 GYM04 (H#0167)
423,ITEM_HM04,TMs/HMs,0,0,0,0,0,0,0,31,TRUE,FALSE,6,0,,MAUNCESTON T (H#0010) | DANB 05 GYM03 (H#0141) | MANSION A1 (H#0392) | MANSION A2 (H#0393)
424,ITEM_HM05,TMs/HMs,0,0,0,0,0,0,0,31,TRUE,FALSE,6,0,,MAUNCESTON T (H#0010)
425,ITEM_HM06,TMs/HMs,0,0,0,0,0,0,0,31,TRUE,FALSE,6,0,,MAUNCESTON T (H#0010) | LOBA 04 GYM01 (H#0060) | ULURU 4 A1 (H#0346) | ULURU 4 A2 (H#0347) | ULURU 4 A3 (H#0350) | TROO 05 GYM08 (H#0414)
426,ITEM_HM07,TMs/HMs,0,0,0,0,0,0,0,31,TRUE,FALSE,6,0,,MAUNCESTON T (H#0010) | DALI 04 GYM06 (H#0303) | TROO 05 GYM08 (H#0414)
427,ITEM_HM08,TMs/HMs,0,0,0,0,0,0,0,31,TRUE,FALSE,6,0,,MAUNCESTON T (H#0010) | RADE 05 GYM07 (H#0360)
428,ITEM_EXPLORER_KIT,Items,0,0,0,0,0,0,0,0,FALSE,FALSE,0,0,,
429,ITEM_LOOT_SACK,Key Items,0,0,0,0,0,0,0,31,TRUE,FALSE,0,0,,
430,ITEM_RULE_BOOK,Key Items,0,0,0,0,0,0,0,31,TRUE,FALSE,0,0,,
431,ITEM_POKE_RADAR,Key Items,0,0,0,0,0,0,0,31,TRUE,TRUE,11,0,,
432,ITEM_POINT_CARD,Key Items,0,0,0,0,0,0,0,31,TRUE,TRUE,19,0,,
433,ITEM_GUIDEBOOK,Key Items,0,0,0,0,0,0,0,31,TRUE,TRUE,5,0,,
434,ITEM_SEAL_CASE,Key Items,0,0,0,0,0,0,0,31,TRUE,TRUE,19,0,,
435,ITEM_FASHION_CASE,Key Items,0,0,0,0,0,0,0,31,TRUE,TRUE,19,0,,
436,ITEM_STICKER_BAG,Key Items,0,0,0,0,0,0,0,31,TRUE,FALSE,0,0,,
437,ITEM_PAL_PAD,Key Items,0,0,0,0,0,0,0,31,TRUE,TRUE,10,0,,
438,ITEM_WORKS_KEY,Key Items,0,0,0,0,0,0,0,31,TRUE,FALSE,0,0,,
439,ITEM_OLD_CHARM,Key Items,0,0,0,0,0,0,0,31,TRUE,FALSE,0,0,,
440,ITEM_GALACTIC_KEY,Key Items,0,0,0,0,0,0,0,31,TRUE,FALSE,0,0,,
441,ITEM_RED_CHAIN,Key Items,0,0,0,0,0,0,0,31,TRUE,FALSE,0,0,,
442,ITEM_TOWN_MAP,Key Items,0,0,0,0,0,0,0,31,TRUE,TRUE,2,0,,
443,ITEM_VS_SEEKER,Key Items,0,0,0,0,0,0,0,31,TRUE,TRUE,15,0,,
444,ITEM_COIN_CASE,Key Items,0,0,0,0,0,0,0,31,TRUE,TRUE,19,0,,MELT 05 GAME1 (H#0112) | MELT 06 GAME2 (H#0113) | T25SP0101 (H#0536) | T07SP0101 (H#0537)
445,ITEM_OLD_ROD,Key Items,0,0,0,0,0,0,0,31,TRUE,TRUE,16,0,,SYDT 02 PC05 (H#0165)
446,ITEM_GOOD_ROD,Key Items,0,0,0,0,0,0,0,31,TRUE,TRUE,17,0,,BAIR 07 HS21 (H#0257)
447,ITEM_SUPER_ROD,Key Items,0,0,0,0,0,0,0,31,TRUE,TRUE,18,0,,HOME 57 SROD (H#0531)
448,ITEM_SPRAYDUCK,Key Items,0,0,0,0,0,0,0,31,TRUE,TRUE,12,0,,
449,ITEM_POFFIN_CASE,Key Items,0,0,0,0,0,0,0,31,TRUE,TRUE,9,0,,
450,ITEM_BIKE,Key Items,0,0,0,0,0,0,0,31,TRUE,TRUE,4,0,,MELT 08 BIKE (H#0115)
451,ITEM_SUITE_KEY,Key Items,0,0,0,0,0,0,0,31,TRUE,FALSE,0,0,,
452,ITEM_OAKS_LETTER,Key Items,0,0,0,0,0,0,0,31,TRUE,FALSE,0,0,,
453,ITEM_LUNAR_FEATHER,Key Items,0,0,0,0,0,0,0,31,TRUE,FALSE,0,0,,
454,ITEM_MEMBER_CARD,Key Items,0,0,0,0,0,0,0,31,TRUE,FALSE,0,0,,
455,ITEM_AZURE_FLUTE,Key Items,0,0,0,0,0,0,0,31,TRUE,TRUE,22,0,,
456,ITEM_SS_TICKET,Key Items,0,0,0,0,0,0,0,31,TRUE,FALSE,0,0,,MAUN 09 LAB01 (H#0019)
457,ITEM_CONTEST_PASS,Key Items,0,0,0,0,0,0,0,31,TRUE,FALSE,0,0,,
458,ITEM_MAGMA_STONE,Key Items,0,0,0,0,0,0,0,31,TRUE,FALSE,0,0,,
459,ITEM_PARCEL,Key Items,0,0,0,0,0,0,0,31,TRUE,FALSE,0,0,,
460,ITEM_COUPON_1,Key Items,0,0,0,0,0,0,0,31,TRUE,FALSE,0,0,,
461,ITEM_COUPON_2,Key Items,0,0,0,0,0,0,0,31,TRUE,FALSE,0,0,,
462,ITEM_COUPON_3,Key Items,0,0,0,0,0,0,0,31,TRUE,FALSE,0,0,,
463,ITEM_STORAGE_KEY_SINNOH,Key Items,0,0,0,0,0,0,0,31,TRUE,FALSE,0,0,,
464,ITEM_SECRET_MEDICINE,Key Items,0,0,0,0,0,0,0,31,TRUE,FALSE,0,0,,SHED 05 HS23 (H#0284)
465,ITEM_VS_RECORDER,Key Items,0,0,0,0,0,0,0,31,TRUE,TRUE,29,0,,MELT 13 GH01 (H#0128)
466,ITEM_GRACIDEA,Key Items,0,0,0,0,0,0,0,31,TRUE,TRUE,28,0,,
467,ITEM_SECRET_KEY,Key Items,0,0,0,0,0,0,0,31,TRUE,FALSE,0,0,,
468,ITEM_APRICORN_BOX,Key Items,0,0,0,0,0,0,0,31,TRUE,TRUE,23,0,,LOBA 05 HS09 (H#0079) | RT 13 AREA 1 (H#0317) | RT 13 AREA 2 (H#0318) | RT 13 AREA 3 (H#0319) | RT 13 AREA 4 (H#0320) | RT 13 AREA 5 (H#0321) | RT 13 AREA 6 (H#0322) | RT 13 AREA 7 (H#0323)
469,ITEM_UNOWN_REPORT,Key Items,0,0,0,0,0,0,0,31,TRUE,TRUE,25,0,,VICTRY RD 2 5 (H#0505)
470,ITEM_BERRY_POTS,Key Items,0,0,0,0,0,0,0,31,TRUE,TRUE,24,0,,ULURU 4 A1 (H#0346) | ULURU 4 A2 (H#0347) | ULURU 4 A3 (H#0350)
471,ITEM_DOWSING_MACHINE,Key Items,0,0,0,0,0,0,0,31,TRUE,TRUE,26,0,,HAMP 04 HS05 (H#0027) | HAMP 05 HS06 (H#0028)
472,ITEM_BLUE_CARD,Key Items,0,0,0,0,0,0,0,31,TRUE,FALSE,0,0,,A HQ1 F2 (H#0062) | A HQ1 F2 (H#0180) | D HQ1 F2 (H#0186)
473,ITEM_SLOWPOKE_TAIL,Key Items,0,0,0,0,0,0,0,31,TRUE,FALSE,0,0,,
474,ITEM_CLEAR_BELL,Key Items,0,0,0,0,0,0,0,31,TRUE,FALSE,0,0,,
475,ITEM_CARD_KEY_JOHTO,Key Items,0,0,0,0,0,0,0,31,TRUE,FALSE,0,0,,
476,ITEM_BASEMENT_KEY,Key Items,0,0,0,0,0,0,0,31,TRUE,FALSE,0,0,,
477,ITEM_SQUIRT_BOTTLE,Key Items,0,0,0,0,0,0,0,31,TRUE,FALSE,0,0,,
478,ITEM_RED_SCALE,Key Items,0,0,0,0,0,0,0,31,TRUE,FALSE,0,0,,
479,ITEM_LOST_ITEM,Key Items,0,0,0,0,0,0,0,31,TRUE,FALSE,0,0,,
480,ITEM_PASS,Key Items,0,0,0,0,0,0,0,31,TRUE,FALSE,0,0,,TROO 10 HS40 (H#0419)
481,ITEM_MACHINE_PART,Key Items,0,0,0,0,0,0,0,31,TRUE,FALSE,0,0,,
482,ITEM_SILVER_FEATHER,Key Items,0,0,0,0,0,0,0,31,TRUE,FALSE,0,0,,A HQ1 F6 (H#0066) | A HQ1 F6 (H#0184) | D HQ1 F6 (H#0190)
483,ITEM_RAINBOW_FEATHER,Key Items,0,0,0,0,0,0,0,31,TRUE,FALSE,0,0,,A HQ1 F6 (H#0066) | A HQ1 F6 (H#0184) | D HQ1 F6 (H#0190)
484,ITEM_MYSTERY_EGG,Key Items,0,0,0,0,0,0,0,31,TRUE,FALSE,0,0,,
485,ITEM_RED_APRICORN,Items,200,100,0,0,0,0,0,31,TRUE,FALSE,0,0,,
486,ITEM_YELLOW_APRICORN,Items,200,100,0,0,0,0,0,31,TRUE,FALSE,0,0,,
487,ITEM_BLUE_APRICORN,Items,200,100,0,0,0,0,0,31,TRUE,FALSE,0,0,,
488,ITEM_GREEN_APRICORN,Items,200,100,0,0,0,0,0,31,TRUE,FALSE,0,0,,
489,ITEM_PINK_APRICORN,Items,200,100,0,0,0,0,0,31,TRUE,FALSE,0,0,,
490,ITEM_WHITE_APRICORN,Items,200,100,0,0,0,0,0,31,TRUE,FALSE,0,0,,
491,ITEM_BLACK_APRICORN,Items,200,100,0,0,0,0,0,31,TRUE,FALSE,0,0,,
492,ITEM_FAST_BALL,Poké Balls,300,150,0,0,0,0,0,31,FALSE,FALSE,0,1,,
493,ITEM_LEVEL_BALL,Poké Balls,300,150,0,0,0,0,0,31,FALSE,FALSE,0,1,,
494,ITEM_LURE_BALL,Poké Balls,300,150,0,0,0,0,0,31,FALSE,FALSE,0,1,,SYDT 02 PC05 (H#0165)
495,ITEM_HEAVY_BALL,Poké Balls,300,150,0,0,0,0,0,31,FALSE,FALSE,0,1,,
496,ITEM_LOVE_BALL,Poké Balls,300,150,0,0,0,0,0,31,FALSE,FALSE,0,1,,
497,ITEM_FRIEND_BALL,Poké Balls,300,150,0,0,0,0,0,31,FALSE,FALSE,0,1,,
498,ITEM_MOON_BALL,Poké Balls,300,150,0,0,0,0,0,31,FALSE,FALSE,0,1,,
499,ITEM_SPORT_BALL,Poké Balls,300,150,0,0,0,0,0,31,FALSE,FALSE,0,1,,
500,ITEM_PARK_BALL,Poké Balls,0,0,0,0,0,0,0,31,FALSE,FALSE,0,0,,
501,ITEM_PHOTO_ALBUM,Key Items,0,0,0,0,0,0,0,31,TRUE,TRUE,0,0,,
502,ITEM_GB_SOUNDS,Key Items,0,0,0,0,0,0,0,31,TRUE,TRUE,27,0,,
503,ITEM_TIDAL_BELL,Key Items,0,0,0,0,0,0,0,31,TRUE,FALSE,0,0,,
504,ITEM_RAGE_CANDY_BAR,Key Items,0,0,0,0,0,0,0,31,TRUE,FALSE,0,0,,
505,ITEM_DATA_CARD_01,Items,0,0,0,0,0,0,0,31,TRUE,FALSE,0,0,,
506,ITEM_DATA_CARD_02,Items,0,0,0,0,0,0,0,31,TRUE,FALSE,0,0,,
507,ITEM_DATA_CARD_03,Items,0,0,0,0,0,0,0,31,TRUE,FALSE,0,0,,
508,ITEM_DATA_CARD_04,Items,0,0,0,0,0,0,0,31,TRUE,FALSE,0,0,,
509,ITEM_DATA_CARD_05,Items,0,0,0,0,0,0,0,31,TRUE,FALSE,0,0,,
510,ITEM_DATA_CARD_06,Items,0,0,0,0,0,0,0,31,TRUE,FALSE,0,0,,
511,ITEM_DATA_CARD_07,Items,0,0,0,0,0,0,0,31,TRUE,FALSE,0,0,,
512,ITEM_DATA_CARD_08,Items,0,0,0,0,0,0,0,31,TRUE,FALSE,0,0,,
513,ITEM_DATA_CARD_09,Items,0,0,0,0,0,0,0,31,TRUE,FALSE,0,0,,
514,ITEM_DATA_CARD_10,Items,0,0,0,0,0,0,0,31,TRUE,FALSE,0,0,,
515,ITEM_DATA_CARD_11,Items,0,0,0,0,0,0,0,31,TRUE,FALSE,0,0,,
516,ITEM_DATA_CARD_12,Items,0,0,0,0,0,0,0,31,TRUE,FALSE,0,0,,
517,ITEM_DATA_CARD_13,Items,0,0,0,0,0,0,0,31,TRUE,FALSE,0,0,,
518,ITEM_DATA_CARD_14,Items,0,0,0,0,0,0,0,31,TRUE,FALSE,0,0,,
519,ITEM_DATA_CARD_15,Items,0,0,0,0,0,0,0,31,TRUE,FALSE,0,0,,
520,ITEM_DATA_CARD_16,Items,0,0,0,0,0,0,0,31,TRUE,FALSE,0,0,,
521,ITEM_DATA_CARD_17,Items,0,0,0,0,0,0,0,31,TRUE,FALSE,0,0,,
522,ITEM_DATA_CARD_18,Items,0,0,0,0,0,0,0,31,TRUE,FALSE,0,0,,
523,ITEM_DATA_CARD_19,Items,0,0,0,0,0,0,0,31,TRUE,FALSE,0,0,,
524,ITEM_DATA_CARD_20,Items,0,0,0,0,0,0,0,31,TRUE,FALSE,0,0,,
525,ITEM_DATA_CARD_21,Items,0,0,0,0,0,0,0,31,TRUE,FALSE,0,0,,
526,ITEM_DATA_CARD_22,Items,0,0,0,0,0,0,0,31,TRUE,FALSE,0,0,,
527,ITEM_DATA_CARD_23,Items,0,0,0,0,0,0,0,31,TRUE,FALSE,0,0,,
528,ITEM_DATA_CARD_24,Items,0,0,0,0,0,0,0,31,TRUE,FALSE,0,0,,
529,ITEM_DATA_CARD_25,Items,0,0,0,0,0,0,0,31,TRUE,FALSE,0,0,,
530,ITEM_DATA_CARD_26,Items,0,0,0,0,0,0,0,31,TRUE,FALSE,0,0,,
531,ITEM_DATA_CARD_27,Items,0,0,0,0,0,0,0,31,TRUE,FALSE,0,0,,
532,ITEM_JADE_ORB,Key Items,0,0,0,0,0,0,0,31,TRUE,FALSE,0,0,,
533,ITEM_LOCK_CAPSULE,Key Items,0,0,0,0,0,0,0,31,TRUE,FALSE,0,0,,
534,ITEM_RED_ORB,Key Items,0,0,0,0,0,0,0,31,TRUE,FALSE,0,0,,
535,ITEM_BLUE_ORB,Key Items,0,0,0,0,0,0,0,31,TRUE,FALSE,0,0,,
536,ITEM_ENIGMA_STONE,Key Items,0,0,0,0,0,0,0,31,TRUE,FALSE,0,0,,
537,ITEM_PRISM_SCALE,Items,3000,1500,0,0,30,0,0,31,FALSE,FALSE,0,0,,
538,ITEM_EVIOLITE,Items,50000,25000,0,0,30,0,0,31,FALSE,FALSE,0,0,,
539,ITEM_FLOAT_STONE,Items,10000,5000,0,0,30,0,0,31,FALSE,FALSE,0,0,,
540,ITEM_ROCKY_HELMET,Items,50000,25000,0,6,30,0,0,31,FALSE,FALSE,0,0,,
541,ITEM_AIR_BALLOON,Items,15000,7500,0,0,30,0,0,31,FALSE,FALSE,0,0,,
542,ITEM_RED_CARD,Items,30000,15000,0,0,30,0,0,31,FALSE,FALSE,0,0,,
543,ITEM_RING_TARGET,Items,10000,5000,0,0,30,0,0,31,FALSE,FALSE,0,0,,
544,ITEM_BINDING_BAND,Items,20000,10000,0,0,30,0,0,31,FALSE,FALSE,0,0,,
545,ITEM_ABSORB_BULB,Items,5000,2500,0,0,30,0,0,31,FALSE,FALSE,0,0,,
546,ITEM_CELL_BATTERY,Items,5000,2500,0,0,30,0,0,31,FALSE,FALSE,0,0,,
547,ITEM_EJECT_BUTTON,Items,30000,15000,0,0,30,0,0,31,FALSE,FALSE,0,0,,
548,ITEM_FIRE_GEM,Items,200,100,0,0,30,0,0,31,FALSE,FALSE,0,0,,
549,ITEM_WATER_GEM,Items,200,100,0,0,30,0,0,31,FALSE,FALSE,0,0,,
550,ITEM_ELECTRIC_GEM,Items,200,100,0,0,30,0,0,31,FALSE,FALSE,0,0,,
551,ITEM_GRASS_GEM,Items,200,100,0,0,30,0,0,31,FALSE,FALSE,0,0,,
552,ITEM_ICE_GEM,Items,200,100,0,0,30,0,0,31,FALSE,FALSE,0,0,,
553,ITEM_FIGHTING_GEM,Items,200,100,0,0,30,0,0,31,FALSE,FALSE,0,0,,
554,ITEM_POISON_GEM,Items,200,100,0,0,30,0,0,31,FALSE,FALSE,0,0,,
555,ITEM_GROUND_GEM,Items,200,100,0,0,30,0,0,31,FALSE,FALSE,0,0,,
556,ITEM_FLYING_GEM,Items,200,100,0,0,30,0,0,31,FALSE,FALSE,0,0,,
557,ITEM_PSYCHIC_GEM,Items,200,100,0,0,30,0,0,31,FALSE,FALSE,0,0,,
558,ITEM_BUG_GEM,Items,200,100,0,0,30,0,0,31,FALSE,FALSE,0,0,,
559,ITEM_ROCK_GEM,Items,200,100,0,0,30,0,0,31,FALSE,FALSE,0,0,,
560,ITEM_GHOST_GEM,Items,200,100,0,0,30,0,0,31,FALSE,FALSE,0,0,,
561,ITEM_DRAGON_GEM,Items,200,100,0,0,30,0,0,31,FALSE,FALSE,0,0,,
562,ITEM_DARK_GEM,Items,200,100,0,0,30,0,0,31,FALSE,FALSE,0,0,,
563,ITEM_STEEL_GEM,Items,200,100,0,0,30,0,0,31,FALSE,FALSE,0,0,,
564,ITEM_NORMAL_GEM,Items,15000,7500,0,0,30,0,0,31,FALSE,FALSE,0,0,,
565,ITEM_HEALTH_FEATHER,Items,300,150,0,0,30,0,0,31,FALSE,FALSE,0,0,,
566,ITEM_MUSCLE_FEATHER,Items,300,150,0,0,30,0,0,31,FALSE,FALSE,0,0,,
567,ITEM_RESIST_FEATHER,Items,300,150,0,0,30,0,0,31,FALSE,FALSE,0,0,,
568,ITEM_GENIUS_FEATHER,Items,300,150,0,0,30,0,0,31,FALSE,FALSE,0,0,,
569,ITEM_CLEVER_FEATHER,Items,300,150,0,0,30,0,0,31,FALSE,FALSE,0,0,,
570,ITEM_SWIFT_FEATHER,Items,300,150,0,0,30,0,0,31,FALSE,FALSE,0,0,,
571,ITEM_PRETTY_FEATHER,Items,2000,1000,0,0,30,0,0,31,FALSE,FALSE,0,0,,
572,ITEM_COVER_FOSSIL,Items,1000,500,0,0,100,0,0,31,FALSE,FALSE,0,0,,
573,ITEM_PLUME_FOSSIL,Items,1000,500,0,0,100,0,0,31,FALSE,FALSE,0,0,,
574,ITEM_LIBERTY_PASS,Items,0,0,0,0,0,0,0,0,FALSE,FALSE,0,0,,
575,ITEM_PASS_ORB,Items,0,0,0,0,0,0,0,0,FALSE,FALSE,0,0,,
576,ITEM_DREAM_BALL,Poké Balls,0,0,0,0,0,0,0,31,FALSE,FALSE,0,1,,
577,ITEM_POKE_TOY,Items,0,0,0,0,0,0,0,0,FALSE,FALSE,0,0,,
578,ITEM_PROP_CASE,Items,0,0,0,0,0,0,0,0,FALSE,FALSE,0,0,,
579,ITEM_DRAGON_SKULL,Items,0,0,0,0,0,0,0,0,FALSE,FALSE,0,0,,
580,ITEM_BALM_MUSHROOM,Items,30000,15000,0,0,30,0,0,31,FALSE,FALSE,0,0,,
581,ITEM_BIG_NUGGET,Items,80000,40000,0,0,130,0,0,31,FALSE,FALSE,0,0,,
582,ITEM_PEARL_STRING,Items,40000,20000,0,0,30,0,0,31,FALSE,FALSE,0,0,,
583,ITEM_COMET_SHARD,Items,50000,25000,0,0,30,0,0,31,FALSE,FALSE,0,0,,
584,ITEM_RELIC_COPPER,Items,0,0,0,0,30,0,0,31,FALSE,FALSE,0,0,,
585,ITEM_RELIC_SILVER,Items,0,0,0,0,30,0,0,31,FALSE,FALSE,0,0,,
586,ITEM_RELIC_GOLD,Items,0,0,0,0,30,0,0,31,FALSE,FALSE,0,0,,
587,ITEM_RELIC_VASE,Items,0,0,0,0,30,0,0,31,FALSE,FALSE,0,0,,
588,ITEM_RELIC_BAND,Items,0,0,0,0,30,0,0,31,FALSE,FALSE,0,0,,
589,ITEM_RELIC_STATUE,Items,0,0,0,0,30,0,0,31,FALSE,FALSE,0,0,,
590,ITEM_RELIC_CROWN,Items,0,0,0,0,30,0,0,31,FALSE,FALSE,0,0,,
591,ITEM_CASTELIACONE,Medicine,100,50,0,0,30,0,0,31,FALSE,FALSE,1,2,,
592,ITEM_DIRE_HIT_2,Items,0,0,0,0,0,0,0,0,FALSE,FALSE,0,0,,
593,ITEM_X_SPEED_2,Items,0,0,0,0,0,0,0,0,FALSE,FALSE,0,0,,
594,ITEM_X_SP_ATK_2,Items,0,0,0,0,0,0,0,0,FALSE,FALSE,0,0,,
595,ITEM_X_SP_DEF_2,Items,0,0,0,0,0,0,0,0,FALSE,FALSE,0,0,,
596,ITEM_X_DEFENSE_2,Items,0,0,0,0,0,0,0,0,FALSE,FALSE,0,0,,
597,ITEM_X_ATTACK_2,Items,0,0,0,0,0,0,0,0,FALSE,FALSE,0,0,,
598,ITEM_X_ACCURACY_2,Items,0,0,0,0,0,0,0,0,FALSE,FALSE,0,0,,
599,ITEM_X_SPEED_3,Items,0,0,0,0,0,0,0,0,FALSE,FALSE,0,0,,
600,ITEM_X_SP_ATK_3,Items,0,0,0,0,0,0,0,0,FALSE,FALSE,0,0,,
601,ITEM_X_SP_DEF_3,Items,0,0,0,0,0,0,0,0,FALSE,FALSE,0,0,,
602,ITEM_X_DEFENSE_3,Items,0,0,0,0,0,0,0,0,FALSE,FALSE,0,0,,
603,ITEM_X_ATTACK_3,Items,0,0,0,0,0,0,0,0,FALSE,FALSE,0,0,,
604,ITEM_X_ACCURACY_3,Items,0,0,0,0,0,0,0,0,FALSE,FALSE,0,0,,
605,ITEM_X_SPEED_6,Items,0,0,0,0,0,0,0,0,FALSE,FALSE,0,0,,
606,ITEM_X_SP_ATK_6,Items,0,0,0,0,0,0,0,0,FALSE,FALSE,0,0,,
607,ITEM_X_SP_DEF_6,Items,0,0,0,0,0,0,0,0,FALSE,FALSE,0,0,,
608,ITEM_X_DEFENSE_6,Items,0,0,0,0,0,0,0,0,FALSE,FALSE,0,0,,
609,ITEM_X_ATTACK_6,Items,0,0,0,0,0,0,0,0,FALSE,FALSE,0,0,,
610,ITEM_X_ACCURACY_6,Items,0,0,0,0,0,0,0,0,FALSE,FALSE,0,0,,
611,ITEM_ABILITY_URGE,Items,0,0,0,0,0,0,0,0,FALSE,FALSE,0,0,,
612,ITEM_ITEM_DROP,Items,0,0,0,0,0,0,0,0,FALSE,FALSE,0,0,,
613,ITEM_ITEM_URGE,Items,0,0,0,0,0,0,0,0,FALSE,FALSE,0,0,,
614,ITEM_RESET_URGE,Items,0,0,0,0,0,0,0,0,FALSE,FALSE,0,0,,
615,ITEM_DIRE_HIT_3,Items,0,0,0,0,0,0,0,0,FALSE,FALSE,0,0,,
616,ITEM_LIGHT_STONE,Key Items,0,0,0,0,0,0,0,31,TRUE,FALSE,0,0,,
617,ITEM_DARK_STONE,Key Items,0,0,0,0,0,0,0,31,TRUE,FALSE,0,0,,
618,ITEM_TM093,TMs/HMs,32000,16000,0,0,0,0,0,18,FALSE,FALSE,6,0,,
619,ITEM_TM094,TMs/HMs,32000,16000,0,0,0,0,0,18,FALSE,FALSE,6,0,,
620,ITEM_TM095,TMs/HMs,32000,16000,0,0,0,0,0,18,FALSE,FALSE,6,0,,
621,ITEM_XTRANSCEIVER_BW,Items,0,0,0,0,0,0,0,0,FALSE,FALSE,0,0,,
622,ITEM_UNKNOWN_622,Items,0,0,0,0,0,0,0,0,FALSE,FALSE,0,0,,
623,ITEM_GRAM_1,Items,0,0,0,0,0,0,0,0,FALSE,FALSE,0,0,,
624,ITEM_GRAM_2,Items,0,0,0,0,0,0,0,0,FALSE,FALSE,0,0,,
625,ITEM_GRAM_3,Items,0,0,0,0,0,0,0,0,FALSE,FALSE,0,0,,
626,ITEM_XTRANSCEIVER_BW2,Items,0,0,0,0,0,0,0,0,FALSE,FALSE,0,0,,
627,ITEM_MEDAL_BOX,Items,0,0,0,0,0,0,0,0,FALSE,FALSE,0,0,,
628,ITEM_DNA_SPLICERS_FUSE,Key Items,0,0,0,0,0,0,0,31,TRUE,TRUE,31,0,,
629,ITEM_DNA_SPLICERS_UNFUSE,Items,0,0,0,0,0,0,0,0,FALSE,FALSE,0,0,,
630,ITEM_PERMIT,Items,0,0,0,0,0,0,0,0,FALSE,FALSE,0,0,,
631,ITEM_OVAL_CHARM,Key Items,0,0,0,0,0,0,0,31,TRUE,FALSE,0,0,,
632,ITEM_SHINY_CHARM,Key Items,0,0,0,0,0,0,0,31,TRUE,FALSE,0,0,,
633,ITEM_PLASMA_CARD,Items,0,0,0,0,0,0,0,0,FALSE,FALSE,0,0,,
634,ITEM_GRUBBY_HANKY,Items,0,0,0,0,0,0,0,0,FALSE,FALSE,0,0,,
635,ITEM_COLRESS_MACHINE,Items,0,0,0,0,0,0,0,0,FALSE,FALSE,0,0,,
636,ITEM_DROPPED_ITEM_CURTIS,Items,0,0,0,0,0,0,0,0,FALSE,FALSE,0,0,,
637,ITEM_DROPPED_ITEM_YANCY,Items,0,0,0,0,0,0,0,0,FALSE,FALSE,0,0,,
638,ITEM_REVEAL_GLASS,Key Items,0,0,0,0,0,0,0,31,TRUE,TRUE,30,0,,
639,ITEM_WEAKNESS_POLICY,Items,50000,25000,0,0,30,0,0,31,FALSE,FALSE,0,0,,
640,ITEM_ASSAULT_VEST,Items,50000,25000,0,50,30,0,0,31,FALSE,FALSE,0,0,,
641,ITEM_HOLO_CASTER_MALE,Items,0,0,0,0,0,0,0,0,FALSE,FALSE,0,0,,
642,ITEM_PROFS_LETTER,Items,0,0,0,0,0,0,0,0,FALSE,FALSE,0,0,,
643,ITEM_ROLLER_SKATES,Items,0,0,0,0,0,0,0,0,FALSE,FALSE,0,0,,
644,ITEM_PIXIE_PLATE,Items,1000,500,0,20,90,0,0,31,FALSE,FALSE,0,0,,
645,ITEM_ABILITY_CAPSULE,Medicine,100000,50000,0,0,0,0,0,31,FALSE,FALSE,32,0,,
646,ITEM_WHIPPED_DREAM,Items,2100,1050,0,0,80,0,0,31,FALSE,FALSE,0,0,,
647,ITEM_SACHET,Items,2100,1050,0,0,30,0,0,31,FALSE,FALSE,0,0,,
648,ITEM_LUMINOUS_MOSS,Items,5000,2500,0,0,30,0,0,31,FALSE,FALSE,0,0,,
649,ITEM_SNOWBALL,Items,5000,2500,0,0,30,0,0,31,FALSE,FALSE,0,0,,
650,ITEM_SAFETY_GOGGLES,Items,20000,10000,0,0,30,0,0,31,FALSE,FALSE,0,0,,
651,ITEM_POKE_FLUTE,Items,0,0,0,0,0,0,0,0,FALSE,FALSE,0,0,,
652,ITEM_RICH_MULCH,Items,0,0,0,0,0,0,0,0,FALSE,FALSE,0,0,,
653,ITEM_SURPRISE_MULCH,Items,0,0,0,0,0,0,0,0,FALSE,FALSE,0,0,,
654,ITEM_BOOST_MULCH,Items,0,0,0,0,0,0,0,0,FALSE,FALSE,0,0,,
655,ITEM_AMAZE_MULCH,Items,0,0,0,0,0,0,0,0,FALSE,FALSE,0,0,,
656,ITEM_GENGARITE,Items,0,0,0,0,0,0,0,31,FALSE,FALSE,0,0,,TROO 05 GYM08 (H#0414)
657,ITEM_GARDEVOIRITE,Items,0,0,0,0,0,0,0,31,FALSE,FALSE,0,0,,
658,ITEM_AMPHAROSITE,Items,0,0,0,0,0,0,0,31,FALSE,FALSE,0,0,,DALI 04 GYM06 (H#0303)
659,ITEM_VENUSAURITE,Items,0,0,0,0,0,0,0,31,FALSE,FALSE,0,0,,
660,ITEM_CHARIZARDITE_X,Items,0,0,0,0,0,0,0,31,FALSE,FALSE,0,0,,
661,ITEM_BLASTOISINITE,Items,0,0,0,0,0,0,0,31,FALSE,FALSE,0,0,,
662,ITEM_MEWTWONITE_X,Items,0,0,0,0,0,0,0,31,FALSE,FALSE,0,0,,
663,ITEM_MEWTWONITE_Y,Items,0,0,0,0,0,0,0,31,FALSE,FALSE,0,0,,
664,ITEM_BLAZIKENITE,Items,0,0,0,0,0,0,0,31,FALSE,FALSE,0,0,,BAIR 04 GYM05 (H#0254)
665,ITEM_MEDICHAMITE,Items,0,0,0,0,0,0,0,31,FALSE,FALSE,0,0,,MELT 04 GYM02 (H#0111)
666,ITEM_HOUNDOOMINITE,Items,0,0,0,0,0,0,0,31,FALSE,FALSE,0,0,,BAIR 04 GYM05 (H#0254)
667,ITEM_AGGRONITE,Items,0,0,0,0,0,0,0,31,FALSE,FALSE,0,0,,
668,ITEM_BANETTITE,Items,0,0,0,0,0,0,0,31,FALSE,FALSE,0,0,,TROO 05 GYM08 (H#0414)
669,ITEM_TYRANITARITE,Items,0,0,0,0,0,0,0,31,FALSE,FALSE,0,0,,
670,ITEM_SCIZORITE,Items,0,0,0,0,0,0,0,31,FALSE,FALSE,0,0,,
671,ITEM_PINSIRITE,Items,0,0,0,0,0,0,0,31,FALSE,FALSE,0,0,,RADE 05 GYM07 (H#0360)
672,ITEM_AERODACTYLITE,Items,0,0,0,0,0,0,0,31,FALSE,FALSE,0,0,,
673,ITEM_LUCARIONITE,Items,0,0,0,0,0,0,0,31,FALSE,FALSE,0,0,,
674,ITEM_ABOMASITE,Items,0,0,0,0,0,0,0,31,FALSE,FALSE,0,0,,DANB 05 GYM03 (H#0141)
675,ITEM_KANGASKHANITE,Items,0,0,0,0,0,0,0,31,FALSE,FALSE,0,0,,
676,ITEM_GYARADOSITE,Items,0,0,0,0,0,0,0,31,FALSE,FALSE,0,0,,SYDT 04 GYM04 (H#0167)
677,ITEM_ABSOLITE,Items,0,0,0,0,0,0,0,31,FALSE,FALSE,0,0,,
678,ITEM_CHARIZARDITE_Y,Items,0,0,0,0,0,0,0,31,FALSE,FALSE,0,0,,
679,ITEM_ALAKAZITE,Items,0,0,0,0,0,0,0,31,FALSE,FALSE,0,0,,
680,ITEM_HERACRONITE,Items,0,0,0,0,0,0,0,31,FALSE,FALSE,0,0,,MELT 04 GYM02 (H#0111)
681,ITEM_MAWILITE,Items,0,0,0,0,0,0,0,31,FALSE,FALSE,0,0,,
682,ITEM_MANECTITE,Items,0,0,0,0,0,0,0,31,FALSE,FALSE,0,0,,
683,ITEM_GARCHOMPITE,Items,0,0,0,0,0,0,0,31,FALSE,FALSE,0,0,,
684,ITEM_LATIASITE,Items,0,0,0,0,0,0,0,31,FALSE,FALSE,0,0,,
685,ITEM_LATIOSITE,Items,0,0,0,0,0,0,0,31,FALSE,FALSE,0,0,,
686,ITEM_ROSELI_BERRY,Berries,80,40,0,0,10,0,0,18,FALSE,FALSE,8,0,,
687,ITEM_KEE_BERRY,Items,80,40,0,0,30,0,0,31,FALSE,FALSE,0,0,,
688,ITEM_MARANGA_BERRY,Items,80,40,0,0,30,0,0,31,FALSE,FALSE,0,0,,
689,ITEM_SPRINKLOTAD,Items,0,0,0,0,0,0,0,0,FALSE,FALSE,0,0,,
690,ITEM_TM096,TMs/HMs,1600,800,0,0,0,0,0,18,FALSE,FALSE,6,0,,
691,ITEM_TM097,TMs/HMs,20000,10000,0,0,0,0,0,18,FALSE,FALSE,6,0,,
692,ITEM_TM098,TMs/HMs,12000,6000,0,0,0,0,0,18,FALSE,FALSE,6,0,,
693,ITEM_TM099,TMs/HMs,32000,16000,0,0,0,0,0,18,FALSE,FALSE,6,0,,
694,ITEM_TM100,TMs/HMs,0,0,0,0,0,0,0,0,FALSE,FALSE,6,0,,
695,ITEM_POWER_PLANT_PASS,Items,0,0,0,0,0,0,0,0,FALSE,FALSE,0,0,,
696,ITEM_MEGA_RING,Key Items,0,0,0,0,0,0,0,31,TRUE,FALSE,0,0,,
697,ITEM_INTRIGUING_STONE,Items,0,0,0,0,0,0,0,0,FALSE,FALSE,0,0,,
698,ITEM_COMMON_STONE,Items,0,0,0,0,0,0,0,0,FALSE,FALSE,0,0,,
699,ITEM_DISCOUNT_COUPON,Items,0,0,0,0,0,0,0,0,FALSE,FALSE,0,0,,
700,ITEM_ELEVATOR_KEY,Items,0,0,0,0,0,0,0,0,FALSE,FALSE,0,0,,
701,ITEM_TMV_PASS,Items,0,0,0,0,0,0,0,0,FALSE,FALSE,0,0,,
702,ITEM_HONOR_OF_KALOS,Items,0,0,0,0,0,0,0,0,FALSE,FALSE,0,0,,
703,ITEM_ADVENTURE_GUIDE,Items,0,0,0,0,0,0,0,18,FALSE,FALSE,0,0,,
704,ITEM_STRANGE_SOUVENIR,Items,0,0,0,0,0,0,0,0,FALSE,FALSE,0,0,,
705,ITEM_LENS_CASE,Items,0,0,0,0,0,0,0,0,FALSE,FALSE,0,0,,
706,ITEM_MAKEUP_BAG,Items,0,0,0,0,0,0,0,0,FALSE,FALSE,0,0,,
707,ITEM_TRAVEL_TRUNK,Items,0,0,0,0,0,0,0,0,FALSE,FALSE,0,0,,
708,ITEM_LUMIOSE_GALETTE,Medicine,350,175,0,0,30,0,0,31,FALSE,FALSE,1,2,,
709,ITEM_SHALOUR_SABLE,Medicine,350,175,0,0,30,0,0,31,FALSE,FALSE,1,2,,
710,ITEM_JAW_FOSSIL,Items,1000,500,0,0,100,0,0,31,FALSE,FALSE,0,0,,
711,ITEM_SAIL_FOSSIL,Items,1000,500,0,0,100,0,0,31,FALSE,FALSE,0,0,,
712,ITEM_LOOKER_TICKET,Items,0,0,0,0,0,0,0,0,FALSE,FALSE,0,0,,
713,ITEM_BIKE_XY,Items,0,0,0,0,0,0,0,0,FALSE,FALSE,0,0,,
714,ITEM_HOLO_CASTER_FEMALE,Items,0,0,0,0,0,0,0,0,FALSE,FALSE,0,0,,
715,ITEM_FAIRY_GEM,Items,200,100,0,0,30,0,0,31,FALSE,FALSE,0,0,,
716,ITEM_MEGA_CHARM,Items,0,0,0,0,0,0,0,0,FALSE,FALSE,0,0,,
717,ITEM_MEGA_GLOVE,Items,0,0,0,0,0,0,0,0,FALSE,FALSE,0,0,,
718,ITEM_MACH_BIKE,Items,0,0,0,0,0,0,0,0,FALSE,FALSE,0,0,,
719,ITEM_ACRO_BIKE,Items,0,0,0,0,0,0,0,0,FALSE,FALSE,0,0,,
720,ITEM_WAILMER_PAIL,Items,0,0,0,0,0,0,0,0,FALSE,FALSE,0,0,,
721,ITEM_DEVON_PARTS,Items,0,0,0,0,0,0,0,0,FALSE,FALSE,0,0,,
722,ITEM_SOOT_SACK,Items,0,0,0,0,0,0,0,0,FALSE,FALSE,0,0,,
723,ITEM_BASEMENT_KEY_ORAS,Items,0,0,0,0,0,0,0,0,FALSE,FALSE,0,0,,
724,ITEM_POKEBLOCK_KIT,Items,0,0,0,0,0,0,0,0,FALSE,FALSE,0,0,,
725,ITEM_LETTER,Items,0,0,0,0,0,0,0,0,FALSE,FALSE,0,0,,
726,ITEM_EON_TICKET,Items,0,0,0,0,0,0,0,0,FALSE,FALSE,0,0,,
727,ITEM_SCANNER,Items,0,0,0,0,0,0,0,0,FALSE,FALSE,0,0,,
728,ITEM_GO_GOGGLES,Items,0,0,0,0,0,0,0,0,FALSE,FALSE,0,0,,
729,ITEM_METEORITE_ORAS_DEFAULT,Items,0,0,0,0,0,0,0,0,FALSE,FALSE,0,0,,
730,ITEM_KEY_TO_ROOM_1,Items,0,0,0,0,0,0,0,0,FALSE,FALSE,0,0,,
731,ITEM_KEY_TO_ROOM_2,Items,0,0,0,0,0,0,0,0,FALSE,FALSE,0,0,,
732,ITEM_KEY_TO_ROOM_4,Items,0,0,0,0,0,0,0,0,FALSE,FALSE,0,0,,
733,ITEM_KEY_TO_ROOM_6,Items,0,0,0,0,0,0,0,0,FALSE,FALSE,0,0,,
734,ITEM_STORAGE_KEY_HOENN,Items,0,0,0,0,0,0,0,0,FALSE,FALSE,0,0,,
735,ITEM_DEVON_SCOPE,Items,0,0,0,0,0,0,0,0,FALSE,FALSE,0,0,,
736,ITEM_SS_TICKET_ORAS,Items,0,0,0,0,0,0,0,0,FALSE,FALSE,0,0,,
737,ITEM_HM07_ORAS,TMs/HMs,0,0,0,0,0,0,0,0,TRUE,FALSE,6,0,,
738,ITEM_DEVON_SCUBA_GEAR,Items,0,0,0,0,0,0,0,0,FALSE,FALSE,0,0,,
739,ITEM_CONTEST_COSTUME_MALE,Items,0,0,0,0,0,0,0,0,FALSE,FALSE,0,0,,
740,ITEM_CONTEST_COSTUME_FEMALE,Items,0,0,0,0,0,0,0,0,FALSE,FALSE,0,0,,
741,ITEM_MAGMA_SUIT,Items,0,0,0,0,0,0,0,0,FALSE,FALSE,0,0,,
742,ITEM_AQUA_SUIT,Items,0,0,0,0,0,0,0,0,FALSE,FALSE,0,0,,
743,ITEM_PAIR_OF_TICKETS,Items,0,0,0,0,0,0,0,0,FALSE,FALSE,0,0,,
744,ITEM_MEGA_BRACELET,Items,0,0,0,0,0,0,0,0,FALSE,FALSE,0,0,,
745,ITEM_MEGA_PENDANT,Items,0,0,0,0,0,0,0,0,FALSE,FALSE,0,0,,
746,ITEM_MEGA_GLASSES,Items,0,0,0,0,0,0,0,0,FALSE,FALSE,0,0,,
747,ITEM_MEGA_ANCHOR,Items,0,0,0,0,0,0,0,0,FALSE,FALSE,0,0,,
748,ITEM_MEGA_STICKPIN,Items,0,0,0,0,0,0,0,0,FALSE,FALSE,0,0,,
749,ITEM_MEGA_TIARA,Items,0,0,0,0,0,0,0,0,FALSE,FALSE,0,0,,
750,ITEM_MEGA_ANKLET,Items,0,0,0,0,0,0,0,0,FALSE,FALSE,0,0,,
751,ITEM_METEORITE_ORAS_SECOND,Items,0,0,0,0,0,0,0,0,FALSE,FALSE,0,0,,
752,ITEM_SWAMPERTITE,Items,0,0,0,0,0,0,0,31,FALSE,FALSE,0,0,,SYDT 04 GYM04 (H#0167)
753,ITEM_SCEPTILITE,Items,0,0,0,0,0,0,0,31,FALSE,FALSE,0,0,,DANB 05 GYM03 (H#0141)
754,ITEM_SABLENITE,Items,0,0,0,0,0,0,0,31,FALSE,FALSE,0,0,,
755,ITEM_ALTARIANITE,Items,0,0,0,0,0,0,0,31,FALSE,FALSE,0,0,,
756,ITEM_GALLADITE,Items,0,0,0,0,0,0,0,31,FALSE,FALSE,0,0,,
757,ITEM_AUDINITE,Items,0,0,0,0,0,0,0,31,FALSE,FALSE,0,0,,
758,ITEM_METAGROSSITE,Items,0,0,0,0,0,0,0,31,FALSE,FALSE,0,0,,
759,ITEM_SHARPEDONITE,Items,0,0,0,0,0,0,0,31,FALSE,FALSE,0,0,,
760,ITEM_SLOWBRONITE,Items,0,0,0,0,0,0,0,31,FALSE,FALSE,0,0,,
761,ITEM_STEELIXITE,Items,0,0,0,0,0,0,0,31,FALSE,FALSE,0,0,,
762,ITEM_PIDGEOTITE,Items,0,0,0,0,0,0,0,31,FALSE,FALSE,0,0,,
763,ITEM_GLALITITE,Items,0,0,0,0,0,0,0,31,FALSE,FALSE,0,0,,
764,ITEM_DIANCITE,Items,0,0,0,0,0,0,0,31,FALSE,FALSE,0,0,,
765,ITEM_PRISON_BOTTLE,Key Items,0,0,0,0,0,0,0,31,TRUE,TRUE,28,0,,
766,ITEM_MEGA_CUFF,Items,0,0,0,0,0,0,0,0,FALSE,FALSE,0,0,,
767,ITEM_CAMERUPTITE,Items,0,0,0,0,0,0,0,31,FALSE,FALSE,0,0,,
768,ITEM_LOPUNNITE,Items,0,0,0,0,0,0,0,31,FALSE,FALSE,0,0,,LOBA 04 GYM01 (H#0060)
769,ITEM_SALAMENCITE,Items,0,0,0,0,0,0,0,31,FALSE,FALSE,0,0,,
770,ITEM_BEEDRILLITE,Items,0,0,0,0,0,0,0,31,FALSE,FALSE,0,0,,
771,ITEM_METEORITE_ORAS_THIRD,Items,0,0,0,0,0,0,0,0,FALSE,FALSE,0,0,,
772,ITEM_METEORITE_ORAS_FINAL,Items,0,0,0,0,0,0,0,0,FALSE,FALSE,0,0,,
773,ITEM_KEY_STONE,Key Items,0,0,0,0,0,0,0,31,TRUE,FALSE,0,0,,
774,ITEM_METEORITE_SHARD,Items,0,0,0,0,0,0,0,0,FALSE,FALSE,0,0,,
775,ITEM_EON_FLUTE,Items,0,0,0,0,0,0,0,0,FALSE,FALSE,0,0,,
776,ITEM_NORMALIUM_Z_HELD,Items,0,0,0,0,0,0,0,0,FALSE,FALSE,0,0,,
777,ITEM_FIRIUM_Z_HELD,Items,0,0,0,0,0,0,0,0,FALSE,FALSE,0,0,,
778,ITEM_WATERIUM_Z_HELD,Items,0,0,0,0,0,0,0,0,FALSE,FALSE,0,0,,
779,ITEM_ELECTRIUM_Z_HELD,Items,0,0,0,0,0,0,0,0,FALSE,FALSE,0,0,,
780,ITEM_GRASSIUM_Z_HELD,Items,0,0,0,0,0,0,0,0,FALSE,FALSE,0,0,,
781,ITEM_ICIUM_Z_HELD,Items,0,0,0,0,0,0,0,0,FALSE,FALSE,0,0,,
782,ITEM_FIGHTINIUM_Z_HELD,Items,0,0,0,0,0,0,0,0,FALSE,FALSE,0,0,,
783,ITEM_POISONIUM_Z_HELD,Items,0,0,0,0,0,0,0,0,FALSE,FALSE,0,0,,
784,ITEM_GROUNDIUM_Z_HELD,Items,0,0,0,0,0,0,0,0,FALSE,FALSE,0,0,,
785,ITEM_FLYINIUM_Z_HELD,Items,0,0,0,0,0,0,0,0,FALSE,FALSE,0,0,,
786,ITEM_PSYCHIUM_Z_HELD,Items,0,0,0,0,0,0,0,0,FALSE,FALSE,0,0,,
787,ITEM_BUGINIUM_Z_HELD,Items,0,0,0,0,0,0,0,0,FALSE,FALSE,0,0,,
788,ITEM_ROCKIUM_Z_HELD,Items,0,0,0,0,0,0,0,0,FALSE,FALSE,0,0,,
789,ITEM_GHOSTIUM_Z_HELD,Items,0,0,0,0,0,0,0,0,FALSE,FALSE,0,0,,
790,ITEM_DRAGONIUM_Z_HELD,Items,0,0,0,0,0,0,0,0,FALSE,FALSE,0,0,,
791,ITEM_DARKINIUM_Z_HELD,Items,0,0,0,0,0,0,0,0,FALSE,FALSE,0,0,,
792,ITEM_STEELIUM_Z_HELD,Items,0,0,0,0,0,0,0,0,FALSE,FALSE,0,0,,
793,ITEM_FAIRIUM_Z_HELD,Items,0,0,0,0,0,0,0,0,FALSE,FALSE,0,0,,
794,ITEM_PIKANIUM_Z_HELD,Items,0,0,0,0,0,0,0,0,FALSE,FALSE,0,0,,
795,ITEM_BOTTLE_CAP,Items,20000,10000,0,0,30,0,0,31,FALSE,FALSE,0,0,,
796,ITEM_GOLD_BOTTLE_CAP,Items,60000,30000,0,0,30,0,0,31,FALSE,FALSE,0,0,,
797,ITEM_Z_RING,Items,0,0,0,0,0,0,0,0,FALSE,FALSE,0,0,,
798,ITEM_DECIDIUM_Z_HELD,Items,0,0,0,0,0,0,0,0,FALSE,FALSE,0,0,,
799,ITEM_INCINIUM_Z_HELD,Items,0,0,0,0,0,0,0,0,FALSE,FALSE,0,0,,
800,ITEM_PRIMARIUM_Z_HELD,Items,0,0,0,0,0,0,0,0,FALSE,FALSE,0,0,,
801,ITEM_TAPUNIUM_Z_HELD,Items,0,0,0,0,0,0,0,0,FALSE,FALSE,0,0,,
802,ITEM_MARSHADIUM_Z_HELD,Items,0,0,0,0,0,0,0,0,FALSE,FALSE,0,0,,
803,ITEM_ALORAICHIUM_Z_HELD,Items,0,0,0,0,0,0,0,0,FALSE,FALSE,0,0,,
804,ITEM_SNORLIUM_Z_HELD,Items,0,0,0,0,0,0,0,0,FALSE,FALSE,0,0,,
805,ITEM_EEVIUM_Z_HELD,Items,0,0,0,0,0,0,0,0,FALSE,FALSE,0,0,,
806,ITEM_MEWNIUM_Z_HELD,Items,0,0,0,0,0,0,0,0,FALSE,FALSE,0,0,,
807,ITEM_NORMALIUM_Z_BAG,Items,0,0,0,0,0,0,0,0,FALSE,FALSE,0,0,,
808,ITEM_FIRIUM_Z_BAG,Items,0,0,0,0,0,0,0,0,FALSE,FALSE,0,0,,
809,ITEM_WATERIUM_Z_BAG,Items,0,0,0,0,0,0,0,0,FALSE,FALSE,0,0,,
810,ITEM_ELECTRIUM_Z_BAG,Items,0,0,0,0,0,0,0,0,FALSE,FALSE,0,0,,
811,ITEM_GRASSIUM_Z_BAG,Items,0,0,0,0,0,0,0,0,FALSE,FALSE,0,0,,
812,ITEM_ICIUM_Z_BAG,Items,0,0,0,0,0,0,0,0,FALSE,FALSE,0,0,,
813,ITEM_FIGHTINIUM_Z_BAG,Items,0,0,0,0,0,0,0,0,FALSE,FALSE,0,0,,
814,ITEM_POISONIUM_Z_BAG,Items,0,0,0,0,0,0,0,0,FALSE,FALSE,0,0,,
815,ITEM_GROUNDIUM_Z_BAG,Items,0,0,0,0,0,0,0,0,FALSE,FALSE,0,0,,
816,ITEM_FLYINIUM_Z_BAG,Items,0,0,0,0,0,0,0,0,FALSE,FALSE,0,0,,
817,ITEM_PSYCHIUM_Z_BAG,Items,0,0,0,0,0,0,0,0,FALSE,FALSE,0,0,,
818,ITEM_BUGINIUM_Z_BAG,Items,0,0,0,0,0,0,0,0,FALSE,FALSE,0,0,,
819,ITEM_ROCKIUM_Z_BAG,Items,0,0,0,0,0,0,0,0,FALSE,FALSE,0,0,,
820,ITEM_GHOSTIUM_Z_BAG,Items,0,0,0,0,0,0,0,0,FALSE,FALSE,0,0,,
821,ITEM_DRAGONIUM_Z_BAG,Items,0,0,0,0,0,0,0,0,FALSE,FALSE,0,0,,
822,ITEM_DARKINIUM_Z_BAG,Items,0,0,0,0,0,0,0,0,FALSE,FALSE,0,0,,
823,ITEM_STEELIUM_Z_BAG,Items,0,0,0,0,0,0,0,0,FALSE,FALSE,0,0,,
824,ITEM_FAIRIUM_Z_BAG,Items,0,0,0,0,0,0,0,0,FALSE,FALSE,0,0,,
825,ITEM_PIKANIUM_Z_BAG,Items,0,0,0,0,0,0,0,0,FALSE,FALSE,0,0,,
826,ITEM_DECIDIUM_Z_BAG,Items,0,0,0,0,0,0,0,0,FALSE,FALSE,0,0,,
827,ITEM_INCINIUM_Z_BAG,Items,0,0,0,0,0,0,0,0,FALSE,FALSE,0,0,,
828,ITEM_PRIMARIUM_Z_BAG,Items,0,0,0,0,0,0,0,0,FALSE,FALSE,0,0,,
829,ITEM_TAPUNIUM_Z_BAG,Items,0,0,0,0,0,0,0,0,FALSE,FALSE,0,0,,
830,ITEM_MARSHADIUM_Z_BAG,Items,0,0,0,0,0,0,0,0,FALSE,FALSE,0,0,,
831,ITEM_ALORAICHIUM_Z_BAG,Items,0,0,0,0,0,0,0,0,FALSE,FALSE,0,0,,
832,ITEM_SNORLIUM_Z_BAG,Items,0,0,0,0,0,0,0,0,FALSE,FALSE,0,0,,
833,ITEM_EEVIUM_Z_BAG,Items,0,0,0,0,0,0,0,0,FALSE,FALSE,0,0,,
834,ITEM_MEWNIUM_Z_BAG,Items,0,0,0,0,0,0,0,0,FALSE,FALSE,0,0,,
835,ITEM_PIKASHUNIUM_Z_HELD,Items,0,0,0,0,0,0,0,0,FALSE,FALSE,0,0,,
836,ITEM_PIKASHUNIUM_Z_BAG,Items,0,0,0,0,0,0,0,0,FALSE,FALSE,0,0,,
837,ITEM_UNKNOWN_837,Items,0,0,0,0,0,0,0,0,FALSE,FALSE,0,0,,
838,ITEM_UNKNOWN_838,Items,0,0,0,0,0,0,0,0,FALSE,FALSE,0,0,,
839,ITEM_UNKNOWN_839,Items,0,0,0,0,0,0,0,0,FALSE,FALSE,0,0,,
840,ITEM_UNKNOWN_840,Items,0,0,0,0,0,0,0,0,FALSE,FALSE,0,0,,
841,ITEM_FORAGE_BAG,Items,0,0,0,0,0,0,0,0,FALSE,FALSE,0,0,,
842,ITEM_FISHING_ROD_SM,Items,0,0,0,0,0,0,0,0,FALSE,FALSE,0,0,,
843,ITEM_PROFESSORS_MASK,Items,0,0,0,0,0,0,0,0,FALSE,FALSE,0,0,,
844,ITEM_FESTIVAL_TICKET,Items,0,0,0,0,0,0,0,0,FALSE,FALSE,0,0,,
845,ITEM_SPARKLING_STONE,Items,0,0,0,0,0,0,0,0,FALSE,FALSE,0,0,,
846,ITEM_ADRENALINE_ORB,Items,5000,2500,0,0,30,0,0,31,FALSE,FALSE,0,0,,
847,ITEM_ZYGARDE_CUBE,Key Items,0,0,0,0,0,0,0,31,TRUE,FALSE,0,0,,
848,ITEM_UNKNOWN_848,Items,0,0,0,0,0,0,0,0,FALSE,FALSE,0,0,,
849,ITEM_ICE_STONE,Items,3000,1500,0,0,30,0,0,31,FALSE,FALSE,20,0,,
850,ITEM_RIDE_PAGER,Items,0,0,0,0,0,0,0,0,FALSE,FALSE,0,0,,
851,ITEM_BEAST_BALL,Poké Balls,0,0,0,0,0,0,0,31,FALSE,FALSE,0,1,,
852,ITEM_BIG_MALASADA,Medicine,350,175,0,0,30,0,0,31,FALSE,FALSE,1,2,,
853,ITEM_RED_NECTAR,Items,300,150,0,0,10,0,0,31,FALSE,FALSE,34,0,,
854,ITEM_YELLOW_NECTAR,Items,300,150,0,0,10,0,0,31,FALSE,FALSE,34,0,,
855,ITEM_PINK_NECTAR,Items,300,150,0,0,10,0,0,31,FALSE,FALSE,34,0,,
856,ITEM_PURPLE_NECTAR,Items,300,150,0,0,10,0,0,31,FALSE,FALSE,34,0,,
857,ITEM_SUN_FLUTE,Key Items,0,0,0,0,0,0,0,31,TRUE,FALSE,0,0,,
858,ITEM_MOON_FLUTE,Key Items,0,0,0,0,0,0,0,31,TRUE,FALSE,0,0,,
859,ITEM_UNKNOWN_859,Items,0,0,0,0,0,0,0,0,FALSE,FALSE,0,0,,
860,ITEM_ENIGMATIC_CARD,Items,0,0,0,0,0,0,0,0,FALSE,FALSE,0,0,,
861,ITEM_SILVER_RAZZ_BERRY,Items,0,0,0,0,0,0,0,0,FALSE,FALSE,0,0,,
862,ITEM_GOLDEN_RAZZ_BERRY,Items,0,0,0,0,0,0,0,0,FALSE,FALSE,0,0,,
863,ITEM_SILVER_NANAB_BERRY,Items,0,0,0,0,0,0,0,0,FALSE,FALSE,0,0,,
864,ITEM_GOLDEN_NANAB_BERRY,Items,0,0,0,0,0,0,0,0,FALSE,FALSE,0,0,,
865,ITEM_SILVER_PINAP_BERRY,Items,0,0,0,0,0,0,0,0,FALSE,FALSE,0,0,,
866,ITEM_GOLDEN_PINAP_BERRY,Items,0,0,0,0,0,0,0,0,FALSE,FALSE,0,0,,
867,ITEM_UNKNOWN_867,Items,0,0,0,0,0,0,0,0,FALSE,FALSE,0,0,,
868,ITEM_UNKNOWN_868,Items,0,0,0,0,0,0,0,0,FALSE,FALSE,0,0,,
869,ITEM_UNKNOWN_869,Items,0,0,0,0,0,0,0,0,FALSE,FALSE,0,0,,
870,ITEM_UNKNOWN_870,Items,0,0,0,0,0,0,0,0,FALSE,FALSE,0,0,,
871,ITEM_UNKNOWN_871,Items,0,0,0,0,0,0,0,0,FALSE,FALSE,0,0,,
872,ITEM_SECRET_KEY_LGPE,Items,0,0,0,0,0,0,0,0,FALSE,FALSE,0,0,,
873,ITEM_SS_TICKET_LGPE,Items,0,0,0,0,0,0,0,0,FALSE,FALSE,0,0,,
874,ITEM_SILPH_SCOPE,Key Items,0,0,0,0,0,0,0,31,TRUE,FALSE,0,0,,
875,ITEM_PARCEL_LGPE,Items,0,0,0,0,0,0,0,0,FALSE,FALSE,0,0,,
876,ITEM_CARD_KEY_KANTO,Items,0,0,0,0,0,0,0,0,FALSE,FALSE,0,0,,
877,ITEM_GOLD_TEETH,Key Items,0,0,0,0,0,0,0,31,TRUE,FALSE,0,0,,
878,ITEM_LIFT_KEY,Key Items,0,0,0,0,0,0,0,31,TRUE,FALSE,0,0,,
879,ITEM_TERRAIN_EXTENDER,Items,15000,7500,0,3,60,0,0,31,FALSE,FALSE,0,0,,
880,ITEM_PROTECTIVE_PADS,Items,15000,7500,0,0,30,0,0,31,FALSE,FALSE,0,0,,
881,ITEM_ELECTRIC_SEED,Items,20000,10000,0,0,10,0,0,31,FALSE,FALSE,0,0,,
882,ITEM_PSYCHIC_SEED,Items,20000,10000,0,0,10,0,0,31,FALSE,FALSE,0,0,,
883,ITEM_MISTY_SEED,Items,20000,10000,0,0,10,0,0,31,FALSE,FALSE,0,0,,
884,ITEM_GRASSY_SEED,Items,20000,10000,0,0,10,0,0,31,FALSE,FALSE,0,0,,
885,ITEM_STRETCHY_SPRING,Items,0,0,0,0,0,0,0,0,FALSE,FALSE,0,0,,
886,ITEM_CHALKY_STONE,Items,0,0,0,0,0,0,0,0,FALSE,FALSE,0,0,,
887,ITEM_MARBLE,Items,0,0,0,0,0,0,0,0,FALSE,FALSE,0,0,,
888,ITEM_LONE_EARRING,Items,0,0,0,0,0,0,0,0,FALSE,FALSE,0,0,,
889,ITEM_BEACH_GLASS,Items,0,0,0,0,0,0,0,0,FALSE,FALSE,0,0,,
890,ITEM_GOLD_LEAF,Items,0,0,0,0,0,0,0,0,FALSE,FALSE,0,0,,
891,ITEM_SILVER_LEAF,Items,0,0,0,0,0,0,0,0,FALSE,FALSE,0,0,,
892,ITEM_POLISHED_MUD_BALL,Items,0,0,0,0,0,0,0,0,FALSE,FALSE,0,0,,
893,ITEM_TROPICAL_SHELL,Items,0,0,0,0,0,0,0,0,FALSE,FALSE,0,0,,
894,ITEM_LEAF_LETTER_1,Items,0,0,0,0,0,0,0,0,FALSE,FALSE,0,0,,
895,ITEM_LEAF_LETTER_2,Items,0,0,0,0,0,0,0,0,FALSE,FALSE,0,0,,
896,ITEM_SMALL_BOUQUET,Items,0,0,0,0,0,0,0,0,FALSE,FALSE,0,0,,
897,ITEM_UNKNOWN_897,Items,0,0,0,0,0,0,0,0,FALSE,FALSE,0,0,,
898,ITEM_UNKNOWN_898,Items,0,0,0,0,0,0,0,0,FALSE,FALSE,0,0,,
899,ITEM_UNKNOWN_899,Items,0,0,0,0,0,0,0,0,FALSE,FALSE,0,0,,
900,ITEM_LURE,Items,0,0,0,0,0,0,0,0,FALSE,FALSE,0,0,,
901,ITEM_SUPER_LURE,Items,0,0,0,0,0,0,0,0,FALSE,FALSE,0,0,,
902,ITEM_MAX_LURE,Items,0,0,0,0,0,0,0,0,FALSE,FALSE,0,0,,
903,ITEM_PEWTER_CRUNCHIES,Medicine,500,250,0,0,30,0,0,31,FALSE,FALSE,1,2,,
904,ITEM_FIGHTING_MEMORY,Items,1000,500,0,0,50,0,0,31,FALSE,FALSE,0,0,,
905,ITEM_FLYING_MEMORY,Items,1000,500,0,0,50,0,0,31,FALSE,FALSE,0,0,,
906,ITEM_POISON_MEMORY,Items,1000,500,0,0,50,0,0,31,FALSE,FALSE,0,0,,
907,ITEM_GROUND_MEMORY,Items,1000,500,0,0,50,0,0,31,FALSE,FALSE,0,0,,
908,ITEM_ROCK_MEMORY,Items,1000,500,0,0,50,0,0,31,FALSE,FALSE,0,0,,
909,ITEM_BUG_MEMORY,Items,1000,500,0,0,50,0,0,31,FALSE,FALSE,0,0,,
910,ITEM_GHOST_MEMORY,Items,1000,500,0,0,50,0,0,31,FALSE,FALSE,0,0,,
911,ITEM_STEEL_MEMORY,Items,1000,500,0,0,50,0,0,31,FALSE,FALSE,0,0,,
912,ITEM_FIRE_MEMORY,Items,1000,500,0,0,50,0,0,31,FALSE,FALSE,0,0,,
913,ITEM_WATER_MEMORY,Items,1000,500,0,0,50,0,0,31,FALSE,FALSE,0,0,,
914,ITEM_GRASS_MEMORY,Items,1000,500,0,0,50,0,0,31,FALSE,FALSE,0,0,,
915,ITEM_ELECTRIC_MEMORY,Items,1000,500,0,0,50,0,0,31,FALSE,FALSE,0,0,,
916,ITEM_PSYCHIC_MEMORY,Items,1000,500,0,0,50,0,0,31,FALSE,FALSE,0,0,,
917,ITEM_ICE_MEMORY,Items,1000,500,0,0,50,0,0,31,FALSE,FALSE,0,0,,
918,ITEM_DRAGON_MEMORY,Items,1000,500,0,0,50,0,0,31,FALSE,FALSE,0,0,,
919,ITEM_DARK_MEMORY,Items,1000,500,0,0,50,0,0,31,FALSE,FALSE,0,0,,
920,ITEM_FAIRY_MEMORY,Items,1000,500,0,0,50,0,0,31,FALSE,FALSE,0,0,,
921,ITEM_SOLGANIUM_Z_BAG,Items,0,0,0,0,0,0,0,0,FALSE,FALSE,0,0,,
922,ITEM_LUNALIUM_Z_BAG,Items,0,0,0,0,0,0,0,0,FALSE,FALSE,0,0,,
923,ITEM_ULTRANECROZIUM_Z_BAG,Items,0,0,0,0,0,0,0,0,FALSE,FALSE,0,0,,
924,ITEM_MIMIKIUM_Z_ITEM,Items,0,0,0,0,0,0,0,0,FALSE,FALSE,0,0,,
925,ITEM_LYCANIUM_Z_ITEM,Items,0,0,0,0,0,0,0,0,FALSE,FALSE,0,0,,
926,ITEM_KOMMONIUM_Z_ITEM,Items,0,0,0,0,0,0,0,0,FALSE,FALSE,0,0,,
927,ITEM_SOLGANIUM_Z_ITEM,Items,0,0,0,0,0,0,0,0,FALSE,FALSE,0,0,,
928,ITEM_LUNALIUM_Z_ITEM,Items,0,0,0,0,0,0,0,0,FALSE,FALSE,0,0,,
929,ITEM_ULTRANECROZIUM_Z_ITEM,Items,0,0,0,0,0,0,0,0,FALSE,FALSE,0,0,,
930,ITEM_MIMIKIUM_Z_BAG,Items,0,0,0,0,0,0,0,0,FALSE,FALSE,0,0,,
931,ITEM_LYCANIUM_Z_BAG,Items,0,0,0,0,0,0,0,0,FALSE,FALSE,0,0,,
932,ITEM_KOMMONIUM_Z_BAG,Items,0,0,0,0,0,0,0,0,FALSE,FALSE,0,0,,
933,ITEM_Z_POWER_RING,Items,0,0,0,0,0,0,0,0,FALSE,FALSE,0,0,,
934,ITEM_PINK_PETAL,Items,0,0,0,0,0,0,0,0,FALSE,FALSE,0,0,,
935,ITEM_ORANGE_PETAL,Items,0,0,0,0,0,0,0,0,FALSE,FALSE,0,0,,
936,ITEM_BLUE_PETAL,Items,0,0,0,0,0,0,0,0,FALSE,FALSE,0,0,,
937,ITEM_RED_PETAL,Items,0,0,0,0,0,0,0,0,FALSE,FALSE,0,0,,
938,ITEM_GREEN_PETAL,Items,0,0,0,0,0,0,0,0,FALSE,FALSE,0,0,,
939,ITEM_YELLOW_PETAL,Items,0,0,0,0,0,0,0,0,FALSE,FALSE,0,0,,
940,ITEM_PURPLE_PETAL,Items,0,0,0,0,0,0,0,0,FALSE,FALSE,0,0,,
941,ITEM_RAINBOW_FLOWER,Items,0,0,0,0,0,0,0,0,FALSE,FALSE,0,0,,
942,ITEM_SURGE_BADGE,Items,0,0,0,0,0,0,0,0,FALSE,FALSE,0,0,,
943,ITEM_N_SOLARIZER_FUSE,Key Items,0,0,0,0,0,0,0,31,TRUE,FALSE,0,0,,
944,ITEM_N_LUNARIZER_FUSE,Key Items,0,0,0,0,0,0,0,31,TRUE,FALSE,0,0,,
945,ITEM_N_SOLARIZER_UNFUSE,Items,0,0,0,0,0,0,0,0,FALSE,FALSE,0,0,,
946,ITEM_N_LUNARIZER_UNFUSE,Items,0,0,0,0,0,0,0,0,FALSE,FALSE,0,0,,
947,ITEM_ILIMAS_NORMALIUM_Z,Items,0,0,0,0,0,0,0,0,FALSE,FALSE,0,0,,
948,ITEM_LEFT_POKE_BALL,Items,0,0,0,0,0,0,0,0,FALSE,FALSE,0,0,,
949,ITEM_ROTO_HATCH,Items,0,0,0,0,0,0,0,0,FALSE,FALSE,0,0,,
950,ITEM_ROTO_BARGAIN,Items,0,0,0,0,0,0,0,0,FALSE,FALSE,0,0,,
951,ITEM_ROTO_PRIZE_MONEY,Items,0,0,0,0,0,0,0,0,FALSE,FALSE,0,0,,
952,ITEM_ROTO_EXP_POINTS,Items,0,0,0,0,0,0,0,0,FALSE,FALSE,0,0,,
953,ITEM_ROTO_FRIENDSHIP,Items,0,0,0,0,0,0,0,0,FALSE,FALSE,0,0,,
954,ITEM_ROTO_ENCOUNTER,Items,0,0,0,0,0,0,0,0,FALSE,FALSE,0,0,,
955,ITEM_ROTO_STEALTH,Items,0,0,0,0,0,0,0,0,FALSE,FALSE,0,0,,
956,ITEM_ROTO_HP_RESTORE,Items,0,0,0,0,0,0,0,0,FALSE,FALSE,0,0,,
957,ITEM_ROTO_PP_RESTORE,Items,0,0,0,0,0,0,0,0,FALSE,FALSE,0,0,,
958,ITEM_ROTO_BOOST,Items,0,0,0,0,0,0,0,0,FALSE,FALSE,0,0,,
959,ITEM_ROTO_CATCH,Items,0,0,0,0,0,0,0,0,FALSE,FALSE,0,0,,
960,ITEM_HEALTH_CANDY,Items,0,0,0,0,0,0,0,0,FALSE,FALSE,0,0,,
961,ITEM_MIGHTY_CANDY,Items,0,0,0,0,0,0,0,0,FALSE,FALSE,0,0,,
962,ITEM_TOUGH_CANDY,Items,0,0,0,0,0,0,0,0,FALSE,FALSE,0,0,,
963,ITEM_SMART_CANDY,Items,0,0,0,0,0,0,0,0,FALSE,FALSE,0,0,,
964,ITEM_COURAGE_CANDY,Items,0,0,0,0,0,0,0,0,FALSE,FALSE,0,0,,
965,ITEM_QUICK_CANDY,Items,0,0,0,0,0,0,0,0,FALSE,FALSE,0,0,,
966,ITEM_HEALTH_CANDY_L,Items,0,0,0,0,0,0,0,0,FALSE,FALSE,0,0,,
967,ITEM_MIGHTY_CANDY_L,Items,0,0,0,0,0,0,0,0,FALSE,FALSE,0,0,,
968,ITEM_TOUGH_CANDY_L,Items,0,0,0,0,0,0,0,0,FALSE,FALSE,0,0,,
969,ITEM_SMART_CANDY_L,Items,0,0,0,0,0,0,0,0,FALSE,FALSE,0,0,,
970,ITEM_COURAGE_CANDY_L,Items,0,0,0,0,0,0,0,0,FALSE,FALSE,0,0,,
971,ITEM_QUICK_CANDY_L,Items,0,0,0,0,0,0,0,0,FALSE,FALSE,0,0,,
972,ITEM_HEALTH_CANDY_XL,Items,0,0,0,0,0,0,0,0,FALSE,FALSE,0,0,,
973,ITEM_MIGHTY_CANDY_XL,Items,0,0,0,0,0,0,0,0,FALSE,FALSE,0,0,,
974,ITEM_TOUGH_CANDY_XL,Items,0,0,0,0,0,0,0,0,FALSE,FALSE,0,0,,
975,ITEM_SMART_CANDY_XL,Items,0,0,0,0,0,0,0,0,FALSE,FALSE,0,0,,
976,ITEM_COURAGE_CANDY_XL,Items,0,0,0,0,0,0,0,0,FALSE,FALSE,0,0,,
977,ITEM_QUICK_CANDY_XL,Items,0,0,0,0,0,0,0,0,FALSE,FALSE,0,0,,
978,ITEM_BULBASAUR_CANDY,Items,0,0,0,0,0,0,0,0,FALSE,FALSE,0,0,,
979,ITEM_CHARMANDER_CANDY,Items,0,0,0,0,0,0,0,0,FALSE,FALSE,0,0,,
980,ITEM_SQUIRTLE_CANDY,Items,0,0,0,0,0,0,0,0,FALSE,FALSE,0,0,,
981,ITEM_CATERPIE_CANDY,Items,0,0,0,0,0,0,0,0,FALSE,FALSE,0,0,,
982,ITEM_WEEDLE_CANDY,Items,0,0,0,0,0,0,0,0,FALSE,FALSE,0,0,,
983,ITEM_PIDGEY_CANDY,Items,0,0,0,0,0,0,0,0,FALSE,FALSE,0,0,,
984,ITEM_RATTATA_CANDY,Items,0,0,0,0,0,0,0,0,FALSE,FALSE,0,0,,
985,ITEM_SPEAROW_CANDY,Items,0,0,0,0,0,0,0,0,FALSE,FALSE,0,0,,
986,ITEM_EKANS_CANDY,Items,0,0,0,0,0,0,0,0,FALSE,FALSE,0,0,,
987,ITEM_PIKACHU_CANDY,Items,0,0,0,0,0,0,0,0,FALSE,FALSE,0,0,,
988,ITEM_SANDSHREW_CANDY,Items,0,0,0,0,0,0,0,0,FALSE,FALSE,0,0,,
989,ITEM_NIDORAN_FEMALE_CANDY,Items,0,0,0,0,0,0,0,0,FALSE,FALSE,0,0,,
990,ITEM_NIDORAN_MALE_CANDY,Items,0,0,0,0,0,0,0,0,FALSE,FALSE,0,0,,
991,ITEM_CLEFAIRY_CANDY,Items,0,0,0,0,0,0,0,0,FALSE,FALSE,0,0,,
992,ITEM_VULPIX_CANDY,Items,0,0,0,0,0,0,0,0,FALSE,FALSE,0,0,,
993,ITEM_JIGGLYPUFF_CANDY,Items,0,0,0,0,0,0,0,0,FALSE,FALSE,0,0,,
994,ITEM_ZUBAT_CANDY,Items,0,0,0,0,0,0,0,0,FALSE,FALSE,0,0,,
995,ITEM_ODDISH_CANDY,Items,0,0,0,0,0,0,0,0,FALSE,FALSE,0,0,,
996,ITEM_PARAS_CANDY,Items,0,0,0,0,0,0,0,0,FALSE,FALSE,0,0,,
997,ITEM_VENONAT_CANDY,Items,0,0,0,0,0,0,0,0,FALSE,FALSE,0,0,,
998,ITEM_DIGLETT_CANDY,Items,0,0,0,0,0,0,0,0,FALSE,FALSE,0,0,,
999,ITEM_MEOWTH_CANDY,Items,0,0,0,0,0,0,0,0,FALSE,FALSE,0,0,,
1000,ITEM_PSYDUCK_CANDY,Items,0,0,0,0,0,0,0,0,FALSE,FALSE,0,0,,
1001,ITEM_MANKEY_CANDY,Items,0,0,0,0,0,0,0,0,FALSE,FALSE,0,0,,
1002,ITEM_GROWLITHE_CANDY,Items,0,0,0,0,0,0,0,0,FALSE,FALSE,0,0,,
1003,ITEM_POLIWAG_CANDY,Items,0,0,0,0,0,0,0,0,FALSE,FALSE,0,0,,
1004,ITEM_ABRA_CANDY,Items,0,0,0,0,0,0,0,0,FALSE,FALSE,0,0,,
1005,ITEM_MACHOP_CANDY,Items,0,0,0,0,0,0,0,0,FALSE,FALSE,0,0,,
1006,ITEM_BELLSPROUT_CANDY,Items,0,0,0,0,0,0,0,0,FALSE,FALSE,0,0,,
1007,ITEM_TENTACOOL_CANDY,Items,0,0,0,0,0,0,0,0,FALSE,FALSE,0,0,,
1008,ITEM_GEODUDE_CANDY,Items,0,0,0,0,0,0,0,0,FALSE,FALSE,0,0,,
1009,ITEM_PONYTA_CANDY,Items,0,0,0,0,0,0,0,0,FALSE,FALSE,0,0,,
1010,ITEM_SLOWPOKE_CANDY,Items,0,0,0,0,0,0,0,0,FALSE,FALSE,0,0,,
1011,ITEM_MAGNEMITE_CANDY,Items,0,0,0,0,0,0,0,0,FALSE,FALSE,0,0,,
1012,ITEM_FARFETCHD_CANDY,Items,0,0,0,0,0,0,0,0,FALSE,FALSE,0,0,,
1013,ITEM_DODUO_CANDY,Items,0,0,0,0,0,0,0,0,FALSE,FALSE,0,0,,
1014,ITEM_SEEL_CANDY,Items,0,0,0,0,0,0,0,0,FALSE,FALSE,0,0,,
1015,ITEM_GRIMER_CANDY,Items,0,0,0,0,0,0,0,0,FALSE,FALSE,0,0,,
1016,ITEM_SHELLDER_CANDY,Items,0,0,0,0,0,0,0,0,FALSE,FALSE,0,0,,
1017,ITEM_GASTLY_CANDY,Items,0,0,0,0,0,0,0,0,FALSE,FALSE,0,0,,
1018,ITEM_ONIX_CANDY,Items,0,0,0,0,0,0,0,0,FALSE,FALSE,0,0,,
1019,ITEM_DROWZEE_CANDY,Items,0,0,0,0,0,0,0,0,FALSE,FALSE,0,0,,
1020,ITEM_KRABBY_CANDY,Items,0,0,0,0,0,0,0,0,FALSE,FALSE,0,0,,
1021,ITEM_VOLTORB_CANDY,Items,0,0,0,0,0,0,0,0,FALSE,FALSE,0,0,,
1022,ITEM_EXEGGCUTE_CANDY,Items,0,0,0,0,0,0,0,0,FALSE,FALSE,0,0,,
1023,ITEM_CUBONE_CANDY,Items,0,0,0,0,0,0,0,0,FALSE,FALSE,0,0,,
1024,ITEM_HITMONLEE_CANDY,Items,0,0,0,0,0,0,0,0,FALSE,FALSE,0,0,,
1025,ITEM_HITMONCHAN_CANDY,Items,0,0,0,0,0,0,0,0,FALSE,FALSE,0,0,,
1026,ITEM_LICKITUNG_CANDY,Items,0,0,0,0,0,0,0,0,FALSE,FALSE,0,0,,
1027,ITEM_KOFFING_CANDY,Items,0,0,0,0,0,0,0,0,FALSE,FALSE,0,0,,
1028,ITEM_RHYHORN_CANDY,Items,0,0,0,0,0,0,0,0,FALSE,FALSE,0,0,,
1029,ITEM_CHANSEY_CANDY,Items,0,0,0,0,0,0,0,0,FALSE,FALSE,0,0,,
1030,ITEM_TANGELA_CANDY,Items,0,0,0,0,0,0,0,0,FALSE,FALSE,0,0,,
1031,ITEM_KANGASKHAN_CANDY,Items,0,0,0,0,0,0,0,0,FALSE,FALSE,0,0,,
1032,ITEM_HORSEA_CANDY,Items,0,0,0,0,0,0,0,0,FALSE,FALSE,0,0,,
1033,ITEM_GOLDEEN_CANDY,Items,0,0,0,0,0,0,0,0,FALSE,FALSE,0,0,,
1034,ITEM_STARYU_CANDY,Items,0,0,0,0,0,0,0,0,FALSE,FALSE,0,0,,
1035,ITEM_MR_MIME_CANDY,Items,0,0,0,0,0,0,0,0,FALSE,FALSE,0,0,,
1036,ITEM_SCYTHER_CANDY,Items,0,0,0,0,0,0,0,0,FALSE,FALSE,0,0,,
1037,ITEM_JYNX_CANDY,Items,0,0,0,0,0,0,0,0,FALSE,FALSE,0,0,,
1038,ITEM_ELECTABUZZ_CANDY,Items,0,0,0,0,0,0,0,0,FALSE,FALSE,0,0,,
1039,ITEM_PINSIR_CANDY,Items,0,0,0,0,0,0,0,0,FALSE,FALSE,0,0,,
1040,ITEM_TAUROS_CANDY,Items,0,0,0,0,0,0,0,0,FALSE,FALSE,0,0,,
1041,ITEM_MAGIKARP_CANDY,Items,0,0,0,0,0,0,0,0,FALSE,FALSE,0,0,,
1042,ITEM_LAPRAS_CANDY,Items,0,0,0,0,0,0,0,0,FALSE,FALSE,0,0,,
1043,ITEM_DITTO_CANDY,Items,0,0,0,0,0,0,0,0,FALSE,FALSE,0,0,,
1044,ITEM_EEVEE_CANDY,Items,0,0,0,0,0,0,0,0,FALSE,FALSE,0,0,,
1045,ITEM_PORYGON_CANDY,Items,0,0,0,0,0,0,0,0,FALSE,FALSE,0,0,,
1046,ITEM_OMANYTE_CANDY,Items,0,0,0,0,0,0,0,0,FALSE,FALSE,0,0,,
1047,ITEM_KABUTO_CANDY,Items,0,0,0,0,0,0,0,0,FALSE,FALSE,0,0,,
1048,ITEM_AERODACTYL_CANDY,Items,0,0,0,0,0,0,0,0,FALSE,FALSE,0,0,,
1049,ITEM_SNORLAX_CANDY,Items,0,0,0,0,0,0,0,0,FALSE,FALSE,0,0,,
1050,ITEM_ARTICUNO_CANDY,Items,0,0,0,0,0,0,0,0,FALSE,FALSE,0,0,,
1051,ITEM_ZAPDOS_CANDY,Items,0,0,0,0,0,0,0,0,FALSE,FALSE,0,0,,
1052,ITEM_MOLTRES_CANDY,Items,0,0,0,0,0,0,0,0,FALSE,FALSE,0,0,,
1053,ITEM_DRATINI_CANDY,Items,0,0,0,0,0,0,0,0,FALSE,FALSE,0,0,,
1054,ITEM_MEWTWO_CANDY,Items,0,0,0,0,0,0,0,0,FALSE,FALSE,0,0,,
1055,ITEM_MEW_CANDY,Items,0,0,0,0,0,0,0,0,FALSE,FALSE,0,0,,
1056,ITEM_MELTAN_CANDY,Items,0,0,0,0,0,0,0,0,FALSE,FALSE,0,0,,
1057,ITEM_MAGMAR_CANDY,Items,0,0,0,0,0,0,0,0,FALSE,FALSE,0,0,,
1058,ITEM_UNKNOWN_1058,Items,0,0,0,0,0,0,0,0,FALSE,FALSE,0,0,,
1059,ITEM_UNKNOWN_1059,Items,0,0,0,0,0,0,0,0,FALSE,FALSE,0,0,,
1060,ITEM_UNKNOWN_1060,Items,0,0,0,0,0,0,0,0,FALSE,FALSE,0,0,,
1061,ITEM_UNKNOWN_1061,Items,0,0,0,0,0,0,0,0,FALSE,FALSE,0,0,,
1062,ITEM_UNKNOWN_1062,Items,0,0,0,0,0,0,0,0,FALSE,FALSE,0,0,,
1063,ITEM_UNKNOWN_1063,Items,0,0,0,0,0,0,0,0,FALSE,FALSE,0,0,,
1064,ITEM_UNKNOWN_1064,Items,0,0,0,0,0,0,0,0,FALSE,FALSE,0,0,,
1065,ITEM_UNKNOWN_1065,Items,0,0,0,0,0,0,0,0,FALSE,FALSE,0,0,,
1066,ITEM_UNKNOWN_1066,Items,0,0,0,0,0,0,0,0,FALSE,FALSE,0,0,,
1067,ITEM_UNKNOWN_1067,Items,0,0,0,0,0,0,0,0,FALSE,FALSE,0,0,,
1068,ITEM_UNKNOWN_1068,Items,0,0,0,0,0,0,0,0,FALSE,FALSE,0,0,,
1069,ITEM_UNKNOWN_1069,Items,0,0,0,0,0,0,0,0,FALSE,FALSE,0,0,,
1070,ITEM_UNKNOWN_1070,Items,0,0,0,0,0,0,0,0,FALSE,FALSE,0,0,,
1071,ITEM_UNKNOWN_1071,Items,0,0,0,0,0,0,0,0,FALSE,FALSE,0,0,,
1072,ITEM_UNKNOWN_1072,Items,0,0,0,0,0,0,0,0,FALSE,FALSE,0,0,,
1073,ITEM_UNKNOWN_1073,Items,0,0,0,0,0,0,0,0,FALSE,FALSE,0,0,,
1074,ITEM_ENDORSEMENT,Items,0,0,0,0,0,0,0,0,FALSE,FALSE,0,0,,
1075,ITEM_POKEMON_BOX_LINK,Key Items,0,0,0,0,0,0,0,31,TRUE,FALSE,0,0,,
1076,ITEM_WISHING_STAR,Items,0,0,0,0,0,0,0,0,FALSE,FALSE,0,0,,
1077,ITEM_DYNAMAX_BAND,Items,0,0,0,0,0,0,0,0,FALSE,FALSE,0,0,,
1078,ITEM_UNKNOWN_1078,Items,0,0,0,0,0,0,0,0,FALSE,FALSE,0,0,,
1079,ITEM_UNKNOWN_1079,Items,0,0,0,0,0,0,0,0,FALSE,FALSE,0,0,,
1080,ITEM_FISHING_ROD_SWSH,Items,0,0,0,0,0,0,0,0,FALSE,FALSE,0,0,,
1081,ITEM_ROTOM_BIKE_LAND_MODE,Items,0,0,0,0,0,0,0,0,FALSE,FALSE,0,0,,
1082,ITEM_UNKNOWN_1082,Items,0,0,0,0,0,0,0,0,FALSE,FALSE,0,0,,
1083,ITEM_UNKNOWN_1083,Items,0,0,0,0,0,0,0,0,FALSE,FALSE,0,0,,
1084,ITEM_SAUSAGES,Items,0,0,0,0,0,0,0,0,FALSE,FALSE,0,0,,
1085,ITEM_BOBS_FOOD_TIN,Items,0,0,0,0,0,0,0,0,FALSE,FALSE,0,0,,
1086,ITEM_BACHS_FOOD_TIN,Items,0,0,0,0,0,0,0,0,FALSE,FALSE,0,0,,
1087,ITEM_TIN_OF_BEANS,Items,0,0,0,0,0,0,0,0,FALSE,FALSE,0,0,,
1088,ITEM_BREAD,Items,0,0,0,0,0,0,0,0,FALSE,FALSE,0,0,,
1089,ITEM_PASTA,Items,0,0,0,0,0,0,0,0,FALSE,FALSE,0,0,,
1090,ITEM_MIXED_MUSHROOMS,Items,0,0,0,0,0,0,0,0,FALSE,FALSE,0,0,,
1091,ITEM_SMOKE_POKE_TAIL,Items,0,0,0,0,0,0,0,0,FALSE,FALSE,0,0,,
1092,ITEM_LARGE_LEEK,Items,0,0,0,0,0,0,0,0,FALSE,FALSE,0,0,,
1093,ITEM_FANCY_APPLE,Items,0,0,0,0,0,0,0,0,FALSE,FALSE,0,0,,
1094,ITEM_BRITTLE_BONES,Items,0,0,0,0,0,0,0,0,FALSE,FALSE,0,0,,
1095,ITEM_PACK_OF_POTATOES,Items,0,0,0,0,0,0,0,0,FALSE,FALSE,0,0,,
1096,ITEM_PUNGENT_ROOT,Items,0,0,0,0,0,0,0,0,FALSE,FALSE,0,0,,
1097,ITEM_SALAD_MIX,Items,0,0,0,0,0,0,0,0,FALSE,FALSE,0,0,,
1098,ITEM_FRIED_FOOD,Items,0,0,0,0,0,0,0,0,FALSE,FALSE,0,0,,
1099,ITEM_BOILED_EGG,Items,0,0,0,0,0,0,0,0,FALSE,FALSE,0,0,,
1100,ITEM_CAMPING_GEAR,Items,0,0,0,0,0,0,0,0,FALSE,FALSE,0,0,,
1101,ITEM_UNKNOWN_1101,Items,0,0,0,0,0,0,0,0,FALSE,FALSE,0,0,,
1102,ITEM_UNKNOWN_1102,Items,0,0,0,0,0,0,0,0,FALSE,FALSE,0,0,,
1103,ITEM_RUSTED_SWORD,Items,200,100,0,0,30,0,0,31,FALSE,FALSE,0,0,,
1104,ITEM_RUSTED_SHIELD,Items,200,100,0,0,30,0,0,31,FALSE,FALSE,0,0,,
1105,ITEM_FOSSILIZED_BIRD,Items,1000,500,0,0,100,0,0,31,FALSE,FALSE,0,0,,
1106,ITEM_FOSSILIZED_FISH,Items,1000,500,0,0,100,0,0,31,FALSE,FALSE,0,0,,
1107,ITEM_FOSSILIZED_DRAKE,Items,1000,500,0,0,100,0,0,31,FALSE,FALSE,0,0,,
1108,ITEM_FOSSILIZED_DINO,Items,1000,500,0,0,100,0,0,31,FALSE,FALSE,0,0,,
1109,ITEM_STRAWBERRY_SWEET,Items,200,100,0,0,30,0,0,31,FALSE,FALSE,0,0,,
1110,ITEM_LOVE_SWEET,Items,200,100,0,0,30,0,0,31,FALSE,FALSE,0,0,,
1111,ITEM_BERRY_SWEET,Items,200,100,0,0,30,0,0,31,FALSE,FALSE,0,0,,
1112,ITEM_CLOVER_SWEET,Items,200,100,0,0,30,0,0,31,FALSE,FALSE,0,0,,
1113,ITEM_FLOWER_SWEET,Items,200,100,0,0,30,0,0,31,FALSE,FALSE,0,0,,
1114,ITEM_STAR_SWEET,Items,200,100,0,0,30,0,0,31,FALSE,FALSE,0,0,,
1115,ITEM_RIBBON_SWEET,Items,200,100,0,0,30,0,0,31,FALSE,FALSE,0,0,,
1116,ITEM_SWEET_APPLE,Items,2200,1100,0,0,30,0,0,31,FALSE,FALSE,20,0,,
1117,ITEM_TART_APPLE,Items,2200,1100,0,0,30,0,0,31,FALSE,FALSE,20,0,,
1118,ITEM_THROAT_SPRAY,Items,20000,10000,0,0,30,0,0,31,FALSE,FALSE,0,0,,
1119,ITEM_EJECT_PACK,Items,30000,15000,0,0,30,0,0,31,FALSE,FALSE,0,0,,
1120,ITEM_HEAVY_DUTY_BOOTS,Items,20000,10000,0,0,30,0,0,31,FALSE,FALSE,0,0,,
1121,ITEM_BLUNDER_POLICY,Items,30000,15000,0,2,30,0,0,31,FALSE,FALSE,0,0,,
1122,ITEM_ROOM_SERVICE,Items,20000,10000,0,0,30,0,0,31,FALSE,FALSE,0,0,,
1123,ITEM_UTILITY_UMBRELLA,Items,15000,7500,0,0,30,0,0,31,FALSE,FALSE,0,0,,
1124,ITEM_EXP_CANDY_XS,Items,20,10,0,0,30,0,0,31,FALSE,FALSE,0,0,,
1125,ITEM_EXP_CANDY_S,Items,240,120,0,0,30,0,0,31,FALSE,FALSE,0,0,,
1126,ITEM_EXP_CANDY_M,Items,1000,500,0,0,30,0,0,31,FALSE,FALSE,0,0,,
1127,ITEM_EXP_CANDY_L,Items,3000,1500,0,0,30,0,0,31,FALSE,FALSE,0,0,,
1128,ITEM_EXP_CANDY_XL,Items,10000,5000,0,0,30,0,0,31,FALSE,FALSE,0,0,,
1129,ITEM_DYNAMAX_CANDY,Items,0,0,0,0,0,0,0,0,FALSE,FALSE,0,0,,
1130,ITEM_TR00,TMs/HMs,0,0,0,0,0,0,0,18,FALSE,FALSE,6,0,,
1131,ITEM_TR01,TMs/HMs,0,0,0,0,0,0,0,18,FALSE,FALSE,6,0,,
1132,ITEM_TR02,TMs/HMs,0,0,0,0,0,0,0,18,FALSE,FALSE,6,0,,
1133,ITEM_TR03,TMs/HMs,0,0,0,0,0,0,0,18,FALSE,FALSE,6,0,,
1134,ITEM_TR04,TMs/HMs,0,0,0,0,0,0,0,18,FALSE,FALSE,6,0,,
1135,ITEM_TR05,TMs/HMs,0,0,0,0,0,0,0,18,FALSE,FALSE,6,0,,
1136,ITEM_TR06,TMs/HMs,0,0,0,0,0,0,0,18,FALSE,FALSE,6,0,,
1137,ITEM_TR07,TMs/HMs,0,0,0,0,0,0,0,18,FALSE,FALSE,6,0,,
1138,ITEM_TR08,TMs/HMs,0,0,0,0,0,0,0,18,FALSE,FALSE,6,0,,
1139,ITEM_TR09,TMs/HMs,0,0,0,0,0,0,0,18,FALSE,FALSE,6,0,,
1140,ITEM_TR10,TMs/HMs,0,0,0,0,0,0,0,18,FALSE,FALSE,6,0,,
1141,ITEM_TR11,TMs/HMs,0,0,0,0,0,0,0,18,FALSE,FALSE,6,0,,
1142,ITEM_TR12,TMs/HMs,0,0,0,0,0,0,0,18,FALSE,FALSE,6,0,,
1143,ITEM_TR13,TMs/HMs,0,0,0,0,0,0,0,18,FALSE,FALSE,6,0,,
1144,ITEM_TR14,TMs/HMs,0,0,0,0,0,0,0,18,FALSE,FALSE,6,0,,
1145,ITEM_TR15,TMs/HMs,0,0,0,0,0,0,0,18,FALSE,FALSE,6,0,,
1146,ITEM_TR16,TMs/HMs,0,0,0,0,0,0,0,18,FALSE,FALSE,6,0,,
1147,ITEM_TR17,TMs/HMs,0,0,0,0,0,0,0,18,FALSE,FALSE,6,0,,
1148,ITEM_TR18,TMs/HMs,0,0,0,0,0,0,0,18,FALSE,FALSE,6,0,,
1149,ITEM_TR19,TMs/HMs,0,0,0,0,0,0,0,18,FALSE,FALSE,6,0,,
1150,ITEM_TR20,TMs/HMs,0,0,0,0,0,0,0,18,FALSE,FALSE,6,0,,
1151,ITEM_TR21,TMs/HMs,0,0,0,0,0,0,0,18,FALSE,FALSE,6,0,,
1152,ITEM_TR22,TMs/HMs,0,0,0,0,0,0,0,18,FALSE,FALSE,6,0,,
1153,ITEM_TR23,TMs/HMs,0,0,0,0,0,0,0,18,FALSE,FALSE,6,0,,
1154,ITEM_TR24,TMs/HMs,0,0,0,0,0,0,0,18,FALSE,FALSE,6,0,,
1155,ITEM_TR25,TMs/HMs,0,0,0,0,0,0,0,18,FALSE,FALSE,6,0,,
1156,ITEM_TR26,TMs/HMs,0,0,0,0,0,0,0,18,FALSE,FALSE,6,0,,
1157,ITEM_TR27,TMs/HMs,0,0,0,0,0,0,0,18,FALSE,FALSE,6,0,,
1158,ITEM_TR28,TMs/HMs,0,0,0,0,0,0,0,18,FALSE,FALSE,6,0,,
1159,ITEM_TR29,TMs/HMs,0,0,0,0,0,0,0,18,FALSE,FALSE,6,0,,
1160,ITEM_TR30,TMs/HMs,0,0,0,0,0,0,0,18,FALSE,FALSE,6,0,,
1161,ITEM_TR31,TMs/HMs,0,0,0,0,0,0,0,18,FALSE,FALSE,6,0,,
1162,ITEM_TR32,TMs/HMs,0,0,0,0,0,0,0,18,FALSE,FALSE,6,0,,
1163,ITEM_TR33,TMs/HMs,0,0,0,0,0,0,0,18,FALSE,FALSE,6,0,,
1164,ITEM_TR34,TMs/HMs,0,0,0,0,0,0,0,18,FALSE,FALSE,6,0,,
1165,ITEM_TR35,TMs/HMs,0,0,0,0,0,0,0,18,FALSE,FALSE,6,0,,
1166,ITEM_TR36,TMs/HMs,0,0,0,0,0,0,0,18,FALSE,FALSE,6,0,,
1167,ITEM_TR37,TMs/HMs,0,0,0,0,0,0,0,18,FALSE,FALSE,6,0,,
1168,ITEM_TR38,TMs/HMs,0,0,0,0,0,0,0,18,FALSE,FALSE,6,0,,
1169,ITEM_TR39,TMs/HMs,0,0,0,0,0,0,0,18,FALSE,FALSE,6,0,,
1170,ITEM_TR40,TMs/HMs,0,0,0,0,0,0,0,18,FALSE,FALSE,6,0,,
1171,ITEM_TR41,TMs/HMs,0,0,0,0,0,0,0,18,FALSE,FALSE,6,0,,
1172,ITEM_TR42,TMs/HMs,0,0,0,0,0,0,0,18,FALSE,FALSE,6,0,,
1173,ITEM_TR43,TMs/HMs,0,0,0,0,0,0,0,18,FALSE,FALSE,6,0,,
1174,ITEM_TR44,TMs/HMs,0,0,0,0,0,0,0,18,FALSE,FALSE,6,0,,
1175,ITEM_TR45,TMs/HMs,0,0,0,0,0,0,0,18,FALSE,FALSE,6,0,,
1176,ITEM_TR46,TMs/HMs,0,0,0,0,0,0,0,18,FALSE,FALSE,6,0,,
1177,ITEM_TR47,TMs/HMs,0,0,0,0,0,0,0,18,FALSE,FALSE,6,0,,
1178,ITEM_TR48,TMs/HMs,0,0,0,0,0,0,0,18,FALSE,FALSE,6,0,,
1179,ITEM_TR49,TMs/HMs,0,0,0,0,0,0,0,18,FALSE,FALSE,6,0,,
1180,ITEM_TR50,TMs/HMs,0,0,0,0,0,0,0,18,FALSE,FALSE,6,0,,
1181,ITEM_TR51,TMs/HMs,0,0,0,0,0,0,0,18,FALSE,FALSE,6,0,,
1182,ITEM_TR52,TMs/HMs,0,0,0,0,0,0,0,18,FALSE,FALSE,6,0,,
1183,ITEM_TR53,TMs/HMs,0,0,0,0,0,0,0,18,FALSE,FALSE,6,0,,
1184,ITEM_TR54,TMs/HMs,0,0,0,0,0,0,0,18,FALSE,FALSE,6,0,,
1185,ITEM_TR55,TMs/HMs,0,0,0,0,0,0,0,18,FALSE,FALSE,6,0,,
1186,ITEM_TR56,TMs/HMs,0,0,0,0,0,0,0,18,FALSE,FALSE,6,0,,
1187,ITEM_TR57,TMs/HMs,0,0,0,0,0,0,0,18,FALSE,FALSE,6,0,,
1188,ITEM_TR58,TMs/HMs,0,0,0,0,0,0,0,18,FALSE,FALSE,6,0,,
1189,ITEM_TR59,TMs/HMs,0,0,0,0,0,0,0,18,FALSE,FALSE,6,0,,
1190,ITEM_TR60,TMs/HMs,0,0,0,0,0,0,0,18,FALSE,FALSE,6,0,,
1191,ITEM_TR61,TMs/HMs,0,0,0,0,0,0,0,18,FALSE,FALSE,6,0,,
1192,ITEM_TR62,TMs/HMs,0,0,0,0,0,0,0,18,FALSE,FALSE,6,0,,
1193,ITEM_TR63,TMs/HMs,0,0,0,0,0,0,0,18,FALSE,FALSE,6,0,,
1194,ITEM_TR64,TMs/HMs,0,0,0,0,0,0,0,18,FALSE,FALSE,6,0,,
1195,ITEM_TR65,TMs/HMs,0,0,0,0,0,0,0,18,FALSE,FALSE,6,0,,
1196,ITEM_TR66,TMs/HMs,0,0,0,0,0,0,0,18,FALSE,FALSE,6,0,,
1197,ITEM_TR67,TMs/HMs,0,0,0,0,0,0,0,18,FALSE,FALSE,6,0,,
1198,ITEM_TR68,TMs/HMs,0,0,0,0,0,0,0,18,FALSE,FALSE,6,0,,
1199,ITEM_TR69,TMs/HMs,0,0,0,0,0,0,0,18,FALSE,FALSE,6,0,,
1200,ITEM_TR70,TMs/HMs,0,0,0,0,0,0,0,18,FALSE,FALSE,6,0,,
1201,ITEM_TR71,TMs/HMs,0,0,0,0,0,0,0,18,FALSE,FALSE,6,0,,
1202,ITEM_TR72,TMs/HMs,0,0,0,0,0,0,0,18,FALSE,FALSE,6,0,,
1203,ITEM_TR73,TMs/HMs,0,0,0,0,0,0,0,18,FALSE,FALSE,6,0,,
1204,ITEM_TR74,TMs/HMs,0,0,0,0,0,0,0,18,FALSE,FALSE,6,0,,
1205,ITEM_TR75,TMs/HMs,0,0,0,0,0,0,0,18,FALSE,FALSE,6,0,,
1206,ITEM_TR76,TMs/HMs,0,0,0,0,0,0,0,18,FALSE,FALSE,6,0,,
1207,ITEM_TR77,TMs/HMs,0,0,0,0,0,0,0,18,FALSE,FALSE,6,0,,
1208,ITEM_TR78,TMs/HMs,0,0,0,0,0,0,0,18,FALSE,FALSE,6,0,,
1209,ITEM_TR79,TMs/HMs,0,0,0,0,0,0,0,18,FALSE,FALSE,6,0,,
1210,ITEM_TR80,TMs/HMs,0,0,0,0,0,0,0,18,FALSE,FALSE,6,0,,
1211,ITEM_TR81,TMs/HMs,0,0,0,0,0,0,0,18,FALSE,FALSE,6,0,,
1212,ITEM_TR82,TMs/HMs,0,0,0,0,0,0,0,18,FALSE,FALSE,6,0,,
1213,ITEM_TR83,TMs/HMs,0,0,0,0,0,0,0,18,FALSE,FALSE,6,0,,
1214,ITEM_TR84,TMs/HMs,0,0,0,0,0,0,0,18,FALSE,FALSE,6,0,,
1215,ITEM_TR85,TMs/HMs,0,0,0,0,0,0,0,18,FALSE,FALSE,6,0,,
1216,ITEM_TR86,TMs/HMs,0,0,0,0,0,0,0,18,FALSE,FALSE,6,0,,
1217,ITEM_TR87,TMs/HMs,0,0,0,0,0,0,0,18,FALSE,FALSE,6,0,,
1218,ITEM_TR88,TMs/HMs,0,0,0,0,0,0,0,18,FALSE,FALSE,6,0,,
1219,ITEM_TR89,TMs/HMs,0,0,0,0,0,0,0,18,FALSE,FALSE,6,0,,
1220,ITEM_TR90,TMs/HMs,0,0,0,0,0,0,0,18,FALSE,FALSE,6,0,,
1221,ITEM_TR91,TMs/HMs,0,0,0,0,0,0,0,18,FALSE,FALSE,6,0,,
1222,ITEM_TR92,TMs/HMs,0,0,0,0,0,0,0,18,FALSE,FALSE,6,0,,
1223,ITEM_TR93,TMs/HMs,0,0,0,0,0,0,0,18,FALSE,FALSE,6,0,,
1224,ITEM_TR94,TMs/HMs,0,0,0,0,0,0,0,18,FALSE,FALSE,6,0,,
1225,ITEM_TR95,TMs/HMs,0,0,0,0,0,0,0,18,FALSE,FALSE,6,0,,
1226,ITEM_TR96,TMs/HMs,0,0,0,0,0,0,0,18,FALSE,FALSE,6,0,,
1227,ITEM_TR97,TMs/HMs,0,0,0,0,0,0,0,18,FALSE,FALSE,6,0,,
1228,ITEM_TR98,TMs/HMs,0,0,0,0,0,0,0,18,FALSE,FALSE,6,0,,
1229,ITEM_TR99,TMs/HMs,0,0,0,0,0,0,0,18,FALSE,FALSE,6,0,,
1230,ITEM_TM00,TMs/HMs,10000,5000,0,0,0,0,0,18,FALSE,FALSE,6,0,,
1231,ITEM_LONELY_MINT,Medicine,20000,10000,0,0,0,0,0,31,FALSE,FALSE,33,0,,
1232,ITEM_ADAMANT_MINT,Medicine,20000,10000,0,0,0,0,0,31,FALSE,FALSE,33,0,,
1233,ITEM_NAUGHTY_MINT,Medicine,20000,10000,0,0,0,0,0,31,FALSE,FALSE,33,0,,
1234,ITEM_BRAVE_MINT,Medicine,20000,10000,0,0,0,0,0,31,FALSE,FALSE,33,0,,
1235,ITEM_BOLD_MINT,Medicine,20000,10000,0,0,0,0,0,31,FALSE,FALSE,33,0,,
1236,ITEM_IMPISH_MINT,Medicine,20000,10000,0,0,0,0,0,31,FALSE,FALSE,33,0,,
1237,ITEM_LAX_MINT,Medicine,20000,10000,0,0,0,0,0,31,FALSE,FALSE,33,0,,
1238,ITEM_RELAXED_MINT,Medicine,20000,10000,0,0,0,0,0,31,FALSE,FALSE,33,0,,
1239,ITEM_MODEST_MINT,Medicine,20000,10000,0,0,0,0,0,31,FALSE,FALSE,33,0,,
1240,ITEM_MILD_MINT,Medicine,20000,10000,0,0,0,0,0,31,FALSE,FALSE,33,0,,
1241,ITEM_RASH_MINT,Medicine,20000,10000,0,0,0,0,0,31,FALSE,FALSE,33,0,,
1242,ITEM_QUIET_MINT,Medicine,20000,10000,0,0,0,0,0,31,FALSE,FALSE,33,0,,
1243,ITEM_CALM_MINT,Medicine,20000,10000,0,0,0,0,0,31,FALSE,FALSE,33,0,,
1244,ITEM_GENTLE_MINT,Medicine,20000,10000,0,0,0,0,0,31,FALSE,FALSE,33,0,,
1245,ITEM_CAREFUL_MINT,Medicine,20000,10000,0,0,0,0,0,31,FALSE,FALSE,33,0,,
1246,ITEM_SASSY_MINT,Medicine,20000,10000,0,0,0,0,0,31,FALSE,FALSE,33,0,,
1247,ITEM_TIMID_MINT,Medicine,20000,10000,0,0,0,0,0,31,FALSE,FALSE,33,0,,
1248,ITEM_HASTY_MINT,Medicine,20000,10000,0,0,0,0,0,31,FALSE,FALSE,33,0,,
1249,ITEM_JOLLY_MINT,Medicine,20000,10000,0,0,0,0,0,31,FALSE,FALSE,33,0,,
1250,ITEM_NAIVE_MINT,Medicine,20000,10000,0,0,0,0,0,31,FALSE,FALSE,33,0,,
1251,ITEM_SERIOUS_MINT,Medicine,20000,10000,0,0,0,0,0,31,FALSE,FALSE,33,0,,
1252,ITEM_WISHING_PIECE,Items,0,0,0,0,0,0,0,0,FALSE,FALSE,0,0,,
1253,ITEM_CRACKED_POT,Items,1600,800,0,0,30,0,0,31,FALSE,FALSE,20,0,,
1254,ITEM_CHIPPED_POT,Items,38000,19000,0,0,30,0,0,31,FALSE,FALSE,20,0,,
1255,ITEM_HI_TECH_EARBUDS,Items,0,0,0,0,0,0,0,0,FALSE,FALSE,0,0,,
1256,ITEM_FRUIT_BUNCH,Items,0,0,0,0,0,0,0,0,FALSE,FALSE,0,0,,
1257,ITEM_MOOMOO_CHEESE,Medicine,2200,1100,0,100,30,0,0,31,FALSE,FALSE,1,2,,
1258,ITEM_SPICE_MIX,Items,0,0,0,0,0,0,0,0,FALSE,FALSE,0,0,,
1259,ITEM_FRESH_CREAM,Items,0,0,0,0,0,0,0,0,FALSE,FALSE,0,0,,
1260,ITEM_PACKAGED_CURRY,Items,0,0,0,0,0,0,0,0,FALSE,FALSE,0,0,,
1261,ITEM_COCONUT_MILK,Items,0,0,0,0,0,0,0,0,FALSE,FALSE,0,0,,
1262,ITEM_INSTANT_NOODLES,Items,0,0,0,0,0,0,0,0,FALSE,FALSE,0,0,,
1263,ITEM_PRECOOKED_BURGER,Items,0,0,0,0,0,0,0,0,FALSE,FALSE,0,0,,
1264,ITEM_GIGANTAMIX,Items,0,0,0,0,0,0,0,0,FALSE,FALSE,0,0,,
1265,ITEM_WISHING_CHIP,Items,0,0,0,0,0,0,0,0,FALSE,FALSE,0,0,,
1266,ITEM_ROTOM_BIKE_WATER_MODE,Items,0,0,0,0,0,0,0,0,FALSE,FALSE,0,0,,
1267,ITEM_CATCHING_CHARM,Key Items,0,0,0,0,0,0,0,31,TRUE,FALSE,0,0,,
1268,ITEM_UNKNOWN_1268,Items,0,0,0,0,0,0,0,0,FALSE,FALSE,0,0,,
1269,ITEM_OLD_LETTER,Items,0,0,0,0,0,0,0,0,FALSE,FALSE,0,0,,
1270,ITEM_BAND_AUTOGRAPH,Items,0,0,0,0,0,0,0,0,FALSE,FALSE,0,0,,
1271,ITEM_SONIAS_BOOK,Items,0,0,0,0,0,0,0,0,FALSE,FALSE,0,0,,
1272,ITEM_UNKNOWN_1272,Items,0,0,0,0,0,0,0,0,FALSE,FALSE,0,0,,
1273,ITEM_UNKNOWN_1273,Items,0,0,0,0,0,0,0,0,FALSE,FALSE,0,0,,
1274,ITEM_UNKNOWN_1274,Items,0,0,0,0,0,0,0,0,FALSE,FALSE,0,0,,
1275,ITEM_UNKNOWN_1275,Items,0,0,0,0,0,0,0,0,FALSE,FALSE,0,0,,
1276,ITEM_UNKNOWN_1276,Items,0,0,0,0,0,0,0,0,FALSE,FALSE,0,0,,
1277,ITEM_UNKNOWN_1277,Items,0,0,0,0,0,0,0,0,FALSE,FALSE,0,0,,
1278,ITEM_ROTOM_CATALOG,Key Items,0,0,0,0,0,0,0,31,TRUE,FALSE,35,0,,
1279,ITEM_AND458,Items,0,0,0,0,0,0,0,0,FALSE,FALSE,0,0,,
1280,ITEM_AND15,Items,0,0,0,0,0,0,0,0,FALSE,FALSE,0,0,,
1281,ITEM_AND337,Items,0,0,0,0,0,0,0,0,FALSE,FALSE,0,0,,
1282,ITEM_AND603,Items,0,0,0,0,0,0,0,0,FALSE,FALSE,0,0,,
1283,ITEM_AND390,Items,0,0,0,0,0,0,0,0,FALSE,FALSE,0,0,,
1284,ITEM_SGR6879,Items,0,0,0,0,0,0,0,0,FALSE,FALSE,0,0,,
1285,ITEM_SGR6859,Items,0,0,0,0,0,0,0,0,FALSE,FALSE,0,0,,
1286,ITEM_SGR6913,Items,0,0,0,0,0,0,0,0,FALSE,FALSE,0,0,,
1287,ITEM_SGR7348,Items,0,0,0,0,0,0,0,0,FALSE,FALSE,0,0,,
1288,ITEM_SGR7121,Items,0,0,0,0,0,0,0,0,FALSE,FALSE,0,0,,
1289,ITEM_SGR6746,Items,0,0,0,0,0,0,0,0,FALSE,FALSE,0,0,,
1290,ITEM_SGR7194,Items,0,0,0,0,0,0,0,0,FALSE,FALSE,0,0,,
1291,ITEM_SGR7337,Items,0,0,0,0,0,0,0,0,FALSE,FALSE,0,0,,
1292,ITEM_SGR7343,Items,0,0,0,0,0,0,0,0,FALSE,FALSE,0,0,,
1293,ITEM_SGR6812,Items,0,0,0,0,0,0,0,0,FALSE,FALSE,0,0,,
1294,ITEM_SGR7116,Items,0,0,0,0,0,0,0,0,FALSE,FALSE,0,0,,
1295,ITEM_SGR7264,Items,0,0,0,0,0,0,0,0,FALSE,FALSE,0,0,,
1296,ITEM_SGR7597,Items,0,0,0,0,0,0,0,0,FALSE,FALSE,0,0,,
1297,ITEM_DEL7882,Items,0,0,0,0,0,0,0,0,FALSE,FALSE,0,0,,
1298,ITEM_DEL7906,Items,0,0,0,0,0,0,0,0,FALSE,FALSE,0,0,,
1299,ITEM_DEL7852,Items,0,0,0,0,0,0,0,0,FALSE,FALSE,0,0,,
1300,ITEM_PSC596,Items,0,0,0,0,0,0,0,0,FALSE,FALSE,0,0,,
1301,ITEM_PSC361,Items,0,0,0,0,0,0,0,0,FALSE,FALSE,0,0,,
1302,ITEM_PSC510,Items,0,0,0,0,0,0,0,0,FALSE,FALSE,0,0,,
1303,ITEM_PSC437,Items,0,0,0,0,0,0,0,0,FALSE,FALSE,0,0,,
1304,ITEM_PSC8773,Items,0,0,0,0,0,0,0,0,FALSE,FALSE,0,0,,
1305,ITEM_LEP1865,Items,0,0,0,0,0,0,0,0,FALSE,FALSE,0,0,,
1306,ITEM_LEP1829,Items,0,0,0,0,0,0,0,0,FALSE,FALSE,0,0,,
1307,ITEM_BOO5340,Items,0,0,0,0,0,0,0,0,FALSE,FALSE,0,0,,
1308,ITEM_BOO5506,Items,0,0,0,0,0,0,0,0,FALSE,FALSE,0,0,,
1309,ITEM_BOO5435,Items,0,0,0,0,0,0,0,0,FALSE,FALSE,0,0,,
1310,ITEM_BOO5602,Items,0,0,0,0,0,0,0,0,FALSE,FALSE,0,0,,
1311,ITEM_BOO5733,Items,0,0,0,0,0,0,0,0,FALSE,FALSE,0,0,,
1312,ITEM_BOO5235,Items,0,0,0,0,0,0,0,0,FALSE,FALSE,0,0,,
1313,ITEM_BOO5351,Items,0,0,0,0,0,0,0,0,FALSE,FALSE,0,0,,
1314,ITEM_HYA3748,Items,0,0,0,0,0,0,0,0,FALSE,FALSE,0,0,,
1315,ITEM_HYA3903,Items,0,0,0,0,0,0,0,0,FALSE,FALSE,0,0,,
1316,ITEM_HYA3418,Items,0,0,0,0,0,0,0,0,FALSE,FALSE,0,0,,
1317,ITEM_HYA3482,Items,0,0,0,0,0,0,0,0,FALSE,FALSE,0,0,,
1318,ITEM_HYA3845,Items,0,0,0,0,0,0,0,0,FALSE,FALSE,0,0,,
1319,ITEM_ERI1084,Items,0,0,0,0,0,0,0,0,FALSE,FALSE,0,0,,
1320,ITEM_ERI472,Items,0,0,0,0,0,0,0,0,FALSE,FALSE,0,0,,
1321,ITEM_ERI1666,Items,0,0,0,0,0,0,0,0,FALSE,FALSE,0,0,,
1322,ITEM_ERI897,Items,0,0,0,0,0,0,0,0,FALSE,FALSE,0,0,,
1323,ITEM_ERI1231,Items,0,0,0,0,0,0,0,0,FALSE,FALSE,0,0,,
1324,ITEM_ERI874,Items,0,0,0,0,0,0,0,0,FALSE,FALSE,0,0,,
1325,ITEM_ERI1298,Items,0,0,0,0,0,0,0,0,FALSE,FALSE,0,0,,
1326,ITEM_ERI1325,Items,0,0,0,0,0,0,0,0,FALSE,FALSE,0,0,,
1327,ITEM_ERI984,Items,0,0,0,0,0,0,0,0,FALSE,FALSE,0,0,,
1328,ITEM_ERI1464,Items,0,0,0,0,0,0,0,0,FALSE,FALSE,0,0,,
1329,ITEM_ERI1393,Items,0,0,0,0,0,0,0,0,FALSE,FALSE,0,0,,
1330,ITEM_ERI850,Items,0,0,0,0,0,0,0,0,FALSE,FALSE,0,0,,
1331,ITEM_TAU1409,Items,0,0,0,0,0,0,0,0,FALSE,FALSE,0,0,,
1332,ITEM_TAU1457,Items,0,0,0,0,0,0,0,0,FALSE,FALSE,0,0,,
1333,ITEM_TAU1165,Items,0,0,0,0,0,0,0,0,FALSE,FALSE,0,0,,
1334,ITEM_TAU1791,Items,0,0,0,0,0,0,0,0,FALSE,FALSE,0,0,,
1335,ITEM_TAU1910,Items,0,0,0,0,0,0,0,0,FALSE,FALSE,0,0,,
1336,ITEM_TAU1346,Items,0,0,0,0,0,0,0,0,FALSE,FALSE,0,0,,
1337,ITEM_TAU1373,Items,0,0,0,0,0,0,0,0,FALSE,FALSE,0,0,,
1338,ITEM_TAU1412,Items,0,0,0,0,0,0,0,0,FALSE,FALSE,0,0,,
1339,ITEM_CMA2491,Items,0,0,0,0,0,0,0,0,FALSE,FALSE,0,0,,
1340,ITEM_CMA2693,Items,0,0,0,0,0,0,0,0,FALSE,FALSE,0,0,,
1341,ITEM_CMA2294,Items,0,0,0,0,0,0,0,0,FALSE,FALSE,0,0,,
1342,ITEM_CMA2827,Items,0,0,0,0,0,0,0,0,FALSE,FALSE,0,0,,
1343,ITEM_CMA2282,Items,0,0,0,0,0,0,0,0,FALSE,FALSE,0,0,,
1344,ITEM_CMA2618,Items,0,0,0,0,0,0,0,0,FALSE,FALSE,0,0,,
1345,ITEM_CMA2657,Items,0,0,0,0,0,0,0,0,FALSE,FALSE,0,0,,
1346,ITEM_CMA2646,Items,0,0,0,0,0,0,0,0,FALSE,FALSE,0,0,,
1347,ITEM_UMA4905,Items,0,0,0,0,0,0,0,0,FALSE,FALSE,0,0,,
1348,ITEM_UMA4301,Items,0,0,0,0,0,0,0,0,FALSE,FALSE,0,0,,
1349,ITEM_UMA5191,Items,0,0,0,0,0,0,0,0,FALSE,FALSE,0,0,,
1350,ITEM_UMA5054,Items,0,0,0,0,0,0,0,0,FALSE,FALSE,0,0,,
1351,ITEM_UMA4295,Items,0,0,0,0,0,0,0,0,FALSE,FALSE,0,0,,
1352,ITEM_UMA4660,Items,0,0,0,0,0,0,0,0,FALSE,FALSE,0,0,,
1353,ITEM_UMA4554,Items,0,0,0,0,0,0,0,0,FALSE,FALSE,0,0,,
1354,ITEM_UMA4069,Items,0,0,0,0,0,0,0,0,FALSE,FALSE,0,0,,
1355,ITEM_UMA3569,Items,0,0,0,0,0,0,0,0,FALSE,FALSE,0,0,,
1356,ITEM_UMA3323,Items,0,0,0,0,0,0,0,0,FALSE,FALSE,0,0,,
1357,ITEM_UMA4033,Items,0,0,0,0,0,0,0,0,FALSE,FALSE,0,0,,
1358,ITEM_UMA4377,Items,0,0,0,0,0,0,0,0,FALSE,FALSE,0,0,,
1359,ITEM_UMA4375,Items,0,0,0,0,0,0,0,0,FALSE,FALSE,0,0,,
1360,ITEM_UMA4518,Items,0,0,0,0,0,0,0,0,FALSE,FALSE,0,0,,
1361,ITEM_UMA3594,Items,0,0,0,0,0,0,0,0,FALSE,FALSE,0,0,,
1362,ITEM_VIR5056,Items,0,0,0,0,0,0,0,0,FALSE,FALSE,0,0,,
1363,ITEM_VIR4825,Items,0,0,0,0,0,0,0,0,FALSE,FALSE,0,0,,
1364,ITEM_VIR4932,Items,0,0,0,0,0,0,0,0,FALSE,FALSE,0,0,,
1365,ITEM_VIR4540,Items,0,0,0,0,0,0,0,0,FALSE,FALSE,0,0,,
1366,ITEM_VIR4689,Items,0,0,0,0,0,0,0,0,FALSE,FALSE,0,0,,
1367,ITEM_VIR5338,Items,0,0,0,0,0,0,0,0,FALSE,FALSE,0,0,,
1368,ITEM_VIR4910,Items,0,0,0,0,0,0,0,0,FALSE,FALSE,0,0,,
1369,ITEM_VIR5315,Items,0,0,0,0,0,0,0,0,FALSE,FALSE,0,0,,
1370,ITEM_VIR5359,Items,0,0,0,0,0,0,0,0,FALSE,FALSE,0,0,,
1371,ITEM_VIR5409,Items,0,0,0,0,0,0,0,0,FALSE,FALSE,0,0,,
1372,ITEM_VIR5107,Items,0,0,0,0,0,0,0,0,FALSE,FALSE,0,0,,
1373,ITEM_ARI617,Items,0,0,0,0,0,0,0,0,FALSE,FALSE,0,0,,
1374,ITEM_ARI553,Items,0,0,0,0,0,0,0,0,FALSE,FALSE,0,0,,
1375,ITEM_ARI546,Items,0,0,0,0,0,0,0,0,FALSE,FALSE,0,0,,
1376,ITEM_ARI951,Items,0,0,0,0,0,0,0,0,FALSE,FALSE,0,0,,
1377,ITEM_ORI1713,Items,0,0,0,0,0,0,0,0,FALSE,FALSE,0,0,,
1378,ITEM_ORI2061,Items,0,0,0,0,0,0,0,0,FALSE,FALSE,0,0,,
1379,ITEM_ORI1790,Items,0,0,0,0,0,0,0,0,FALSE,FALSE,0,0,,
1380,ITEM_ORI1903,Items,0,0,0,0,0,0,0,0,FALSE,FALSE,0,0,,
1381,ITEM_ORI1948,Items,0,0,0,0,0,0,0,0,FALSE,FALSE,0,0,,
1382,ITEM_ORI2004,Items,0,0,0,0,0,0,0,0,FALSE,FALSE,0,0,,
1383,ITEM_ORI1852,Items,0,0,0,0,0,0,0,0,FALSE,FALSE,0,0,,
1384,ITEM_ORI1879,Items,0,0,0,0,0,0,0,0,FALSE,FALSE,0,0,,
1385,ITEM_ORI1899,Items,0,0,0,0,0,0,0,0,FALSE,FALSE,0,0,,
1386,ITEM_ORI1543,Items,0,0,0,0,0,0,0,0,FALSE,FALSE,0,0,,
1387,ITEM_CAS21,Items,0,0,0,0,0,0,0,0,FALSE,FALSE,0,0,,
1388,ITEM_CAS168,Items,0,0,0,0,0,0,0,0,FALSE,FALSE,0,0,,
1389,ITEM_CAS403,Items,0,0,0,0,0,0,0,0,FALSE,FALSE,0,0,,
1390,ITEM_CAS153,Items,0,0,0,0,0,0,0,0,FALSE,FALSE,0,0,,
1391,ITEM_CAS542,Items,0,0,0,0,0,0,0,0,FALSE,FALSE,0,0,,
1392,ITEM_CAS219,Items,0,0,0,0,0,0,0,0,FALSE,FALSE,0,0,,
1393,ITEM_CAS265,Items,0,0,0,0,0,0,0,0,FALSE,FALSE,0,0,,
1394,ITEM_CNC3572,Items,0,0,0,0,0,0,0,0,FALSE,FALSE,0,0,,
1395,ITEM_CNC3208,Items,0,0,0,0,0,0,0,0,FALSE,FALSE,0,0,,
1396,ITEM_CNC3461,Items,0,0,0,0,0,0,0,0,FALSE,FALSE,0,0,,
1397,ITEM_CNC3449,Items,0,0,0,0,0,0,0,0,FALSE,FALSE,0,0,,
1398,ITEM_CNC3429,Items,0,0,0,0,0,0,0,0,FALSE,FALSE,0,0,,
1399,ITEM_CNC3627,Items,0,0,0,0,0,0,0,0,FALSE,FALSE,0,0,,
1400,ITEM_CNC3268,Items,0,0,0,0,0,0,0,0,FALSE,FALSE,0,0,,
1401,ITEM_CNC3249,Items,0,0,0,0,0,0,0,0,FALSE,FALSE,0,0,,
1402,ITEM_COM4968,Items,0,0,0,0,0,0,0,0,FALSE,FALSE,0,0,,
1403,ITEM_CRV4757,Items,0,0,0,0,0,0,0,0,FALSE,FALSE,0,0,,
1404,ITEM_CRV4623,Items,0,0,0,0,0,0,0,0,FALSE,FALSE,0,0,,
1405,ITEM_CRV4662,Items,0,0,0,0,0,0,0,0,FALSE,FALSE,0,0,,
1406,ITEM_CRV4786,Items,0,0,0,0,0,0,0,0,FALSE,FALSE,0,0,,
1407,ITEM_AUR1708,Items,0,0,0,0,0,0,0,0,FALSE,FALSE,0,0,,
1408,ITEM_AUR2088,Items,0,0,0,0,0,0,0,0,FALSE,FALSE,0,0,,
1409,ITEM_AUR1605,Items,0,0,0,0,0,0,0,0,FALSE,FALSE,0,0,,
1410,ITEM_AUR2095,Items,0,0,0,0,0,0,0,0,FALSE,FALSE,0,0,,
1411,ITEM_AUR1577,Items,0,0,0,0,0,0,0,0,FALSE,FALSE,0,0,,
1412,ITEM_AUR1641,Items,0,0,0,0,0,0,0,0,FALSE,FALSE,0,0,,
1413,ITEM_AUR1612,Items,0,0,0,0,0,0,0,0,FALSE,FALSE,0,0,,
1414,ITEM_PAV7790,Items,0,0,0,0,0,0,0,0,FALSE,FALSE,0,0,,
1415,ITEM_CET911,Items,0,0,0,0,0,0,0,0,FALSE,FALSE,0,0,,
1416,ITEM_CET681,Items,0,0,0,0,0,0,0,0,FALSE,FALSE,0,0,,
1417,ITEM_CET188,Items,0,0,0,0,0,0,0,0,FALSE,FALSE,0,0,,
1418,ITEM_CET539,Items,0,0,0,0,0,0,0,0,FALSE,FALSE,0,0,,
1419,ITEM_CET804,Items,0,0,0,0,0,0,0,0,FALSE,FALSE,0,0,,
1420,ITEM_CEP8974,Items,0,0,0,0,0,0,0,0,FALSE,FALSE,0,0,,
1421,ITEM_CEP8162,Items,0,0,0,0,0,0,0,0,FALSE,FALSE,0,0,,
1422,ITEM_CEP8238,Items,0,0,0,0,0,0,0,0,FALSE,FALSE,0,0,,
1423,ITEM_CEP8417,Items,0,0,0,0,0,0,0,0,FALSE,FALSE,0,0,,
1424,ITEM_CEN5267,Items,0,0,0,0,0,0,0,0,FALSE,FALSE,0,0,,
1425,ITEM_CEN5288,Items,0,0,0,0,0,0,0,0,FALSE,FALSE,0,0,,
1426,ITEM_CEN551,Items,0,0,0,0,0,0,0,0,FALSE,FALSE,0,0,,
1427,ITEM_CEN5459,Items,0,0,0,0,0,0,0,0,FALSE,FALSE,0,0,,
1428,ITEM_CEN5460,Items,0,0,0,0,0,0,0,0,FALSE,FALSE,0,0,,
1429,ITEM_CMI2943,Items,0,0,0,0,0,0,0,0,FALSE,FALSE,0,0,,
1430,ITEM_CMI2845,Items,0,0,0,0,0,0,0,0,FALSE,FALSE,0,0,,
1431,ITEM_EQU8131,Items,0,0,0,0,0,0,0,0,FALSE,FALSE,0,0,,
1432,ITEM_VUL7405,Items,0,0,0,0,0,0,0,0,FALSE,FALSE,0,0,,
1433,ITEM_UMI424,Items,0,0,0,0,0,0,0,0,FALSE,FALSE,0,0,,
1434,ITEM_UMI5563,Items,0,0,0,0,0,0,0,0,FALSE,FALSE,0,0,,
1435,ITEM_UMI5735,Items,0,0,0,0,0,0,0,0,FALSE,FALSE,0,0,,
1436,ITEM_UMI6789,Items,0,0,0,0,0,0,0,0,FALSE,FALSE,0,0,,
1437,ITEM_CRT4287,Items,0,0,0,0,0,0,0,0,FALSE,FALSE,0,0,,
1438,ITEM_LYR7001,Items,0,0,0,0,0,0,0,0,FALSE,FALSE,0,0,,
1439,ITEM_LYR7178,Items,0,0,0,0,0,0,0,0,FALSE,FALSE,0,0,,
1440,ITEM_LYR7106,Items,0,0,0,0,0,0,0,0,FALSE,FALSE,0,0,,
1441,ITEM_LYR7298,Items,0,0,0,0,0,0,0,0,FALSE,FALSE,0,0,,
1442,ITEM_ARA6585,Items,0,0,0,0,0,0,0,0,FALSE,FALSE,0,0,,
1443,ITEM_SCO6134,Items,0,0,0,0,0,0,0,0,FALSE,FALSE,0,0,,
1444,ITEM_SCO6527,Items,0,0,0,0,0,0,0,0,FALSE,FALSE,0,0,,
1445,ITEM_SCO6553,Items,0,0,0,0,0,0,0,0,FALSE,FALSE,0,0,,
1446,ITEM_SCO5953,Items,0,0,0,0,0,0,0,0,FALSE,FALSE,0,0,,
1447,ITEM_SCO5984,Items,0,0,0,0,0,0,0,0,FALSE,FALSE,0,0,,
1448,ITEM_SCO6508,Items,0,0,0,0,0,0,0,0,FALSE,FALSE,0,0,,
1449,ITEM_SCO6084,Items,0,0,0,0,0,0,0,0,FALSE,FALSE,0,0,,
1450,ITEM_SCO5944,Items,0,0,0,0,0,0,0,0,FALSE,FALSE,0,0,,
1451,ITEM_SCO6630,Items,0,0,0,0,0,0,0,0,FALSE,FALSE,0,0,,
1452,ITEM_SCO6027,Items,0,0,0,0,0,0,0,0,FALSE,FALSE,0,0,,
1453,ITEM_SCO6247,Items,0,0,0,0,0,0,0,0,FALSE,FALSE,0,0,,
1454,ITEM_SCO6252,Items,0,0,0,0,0,0,0,0,FALSE,FALSE,0,0,,
1455,ITEM_SCO5928,Items,0,0,0,0,0,0,0,0,FALSE,FALSE,0,0,,
1456,ITEM_SCO6241,Items,0,0,0,0,0,0,0,0,FALSE,FALSE,0,0,,
1457,ITEM_SCO6165,Items,0,0,0,0,0,0,0,0,FALSE,FALSE,0,0,,
1458,ITEM_TRI544,Items,0,0,0,0,0,0,0,0,FALSE,FALSE,0,0,,
1459,ITEM_LEO3982,Items,0,0,0,0,0,0,0,0,FALSE,FALSE,0,0,,
1460,ITEM_LEO4534,Items,0,0,0,0,0,0,0,0,FALSE,FALSE,0,0,,
1461,ITEM_LEO4357,Items,0,0,0,0,0,0,0,0,FALSE,FALSE,0,0,,
1462,ITEM_LEO4057,Items,0,0,0,0,0,0,0,0,FALSE,FALSE,0,0,,
1463,ITEM_LEO4359,Items,0,0,0,0,0,0,0,0,FALSE,FALSE,0,0,,
1464,ITEM_LEO4031,Items,0,0,0,0,0,0,0,0,FALSE,FALSE,0,0,,
1465,ITEM_LEO3852,Items,0,0,0,0,0,0,0,0,FALSE,FALSE,0,0,,
1466,ITEM_LEO3905,Items,0,0,0,0,0,0,0,0,FALSE,FALSE,0,0,,
1467,ITEM_LEO3773,Items,0,0,0,0,0,0,0,0,FALSE,FALSE,0,0,,
1468,ITEM_GRU8425,Items,0,0,0,0,0,0,0,0,FALSE,FALSE,0,0,,
1469,ITEM_GRU8636,Items,0,0,0,0,0,0,0,0,FALSE,FALSE,0,0,,
1470,ITEM_GRU8353,Items,0,0,0,0,0,0,0,0,FALSE,FALSE,0,0,,
1471,ITEM_LIB5685,Items,0,0,0,0,0,0,0,0,FALSE,FALSE,0,0,,
1472,ITEM_LIB5531,Items,0,0,0,0,0,0,0,0,FALSE,FALSE,0,0,,
1473,ITEM_LIB5787,Items,0,0,0,0,0,0,0,0,FALSE,FALSE,0,0,,
1474,ITEM_LIB5603,Items,0,0,0,0,0,0,0,0,FALSE,FALSE,0,0,,
1475,ITEM_PUP3165,Items,0,0,0,0,0,0,0,0,FALSE,FALSE,0,0,,
1476,ITEM_PUP3185,Items,0,0,0,0,0,0,0,0,FALSE,FALSE,0,0,,
1477,ITEM_PUP3045,Items,0,0,0,0,0,0,0,0,FALSE,FALSE,0,0,,
1478,ITEM_CYG7924,Items,0,0,0,0,0,0,0,0,FALSE,FALSE,0,0,,
1479,ITEM_CYG7417,Items,0,0,0,0,0,0,0,0,FALSE,FALSE,0,0,,
1480,ITEM_CYG7796,Items,0,0,0,0,0,0,0,0,FALSE,FALSE,0,0,,
1481,ITEM_CYG8301,Items,0,0,0,0,0,0,0,0,FALSE,FALSE,0,0,,
1482,ITEM_CYG7949,Items,0,0,0,0,0,0,0,0,FALSE,FALSE,0,0,,
1483,ITEM_CYG7528,Items,0,0,0,0,0,0,0,0,FALSE,FALSE,0,0,,
1484,ITEM_OCT7228,Items,0,0,0,0,0,0,0,0,FALSE,FALSE,0,0,,
1485,ITEM_COL1956,Items,0,0,0,0,0,0,0,0,FALSE,FALSE,0,0,,
1486,ITEM_COL2040,Items,0,0,0,0,0,0,0,0,FALSE,FALSE,0,0,,
1487,ITEM_COL2177,Items,0,0,0,0,0,0,0,0,FALSE,FALSE,0,0,,
1488,ITEM_GEM2990,Items,0,0,0,0,0,0,0,0,FALSE,FALSE,0,0,,
1489,ITEM_GEM2891,Items,0,0,0,0,0,0,0,0,FALSE,FALSE,0,0,,
1490,ITEM_GEM2421,Items,0,0,0,0,0,0,0,0,FALSE,FALSE,0,0,,
1491,ITEM_GEM2473,Items,0,0,0,0,0,0,0,0,FALSE,FALSE,0,0,,
1492,ITEM_GEM2216,Items,0,0,0,0,0,0,0,0,FALSE,FALSE,0,0,,
1493,ITEM_GEM2777,Items,0,0,0,0,0,0,0,0,FALSE,FALSE,0,0,,
1494,ITEM_GEM2650,Items,0,0,0,0,0,0,0,0,FALSE,FALSE,0,0,,
1495,ITEM_GEM2286,Items,0,0,0,0,0,0,0,0,FALSE,FALSE,0,0,,
1496,ITEM_GEM2484,Items,0,0,0,0,0,0,0,0,FALSE,FALSE,0,0,,
1497,ITEM_GEM2930,Items,0,0,0,0,0,0,0,0,FALSE,FALSE,0,0,,
1498,ITEM_PEG8775,Items,0,0,0,0,0,0,0,0,FALSE,FALSE,0,0,,
1499,ITEM_PEG8781,Items,0,0,0,0,0,0,0,0,FALSE,FALSE,0,0,,
1500,ITEM_PEG39,Items,0,0,0,0,0,0,0,0,FALSE,FALSE,0,0,,
1501,ITEM_PEG8308,Items,0,0,0,0,0,0,0,0,FALSE,FALSE,0,0,,
1502,ITEM_PEG8650,Items,0,0,0,0,0,0,0,0,FALSE,FALSE,0,0,,
1503,ITEM_PEG8634,Items,0,0,0,0,0,0,0,0,FALSE,FALSE,0,0,,
1504,ITEM_PEG8684,Items,0,0,0,0,0,0,0,0,FALSE,FALSE,0,0,,
1505,ITEM_PEG8450,Items,0,0,0,0,0,0,0,0,FALSE,FALSE,0,0,,
1506,ITEM_PEG8880,Items,0,0,0,0,0,0,0,0,FALSE,FALSE,0,0,,
1507,ITEM_PEG8905,Items,0,0,0,0,0,0,0,0,FALSE,FALSE,0,0,,
1508,ITEM_OPH6556,Items,0,0,0,0,0,0,0,0,FALSE,FALSE,0,0,,
1509,ITEM_OPH6378,Items,0,0,0,0,0,0,0,0,FALSE,FALSE,0,0,,
1510,ITEM_OPH6603,Items,0,0,0,0,0,0,0,0,FALSE,FALSE,0,0,,
1511,ITEM_OPH6149,Items,0,0,0,0,0,0,0,0,FALSE,FALSE,0,0,,
1512,ITEM_OPH6056,Items,0,0,0,0,0,0,0,0,FALSE,FALSE,0,0,,
1513,ITEM_OPH6075,Items,0,0,0,0,0,0,0,0,FALSE,FALSE,0,0,,
1514,ITEM_SER5854,Items,0,0,0,0,0,0,0,0,FALSE,FALSE,0,0,,
1515,ITEM_SER7141,Items,0,0,0,0,0,0,0,0,FALSE,FALSE,0,0,,
1516,ITEM_SER5879,Items,0,0,0,0,0,0,0,0,FALSE,FALSE,0,0,,
1517,ITEM_HER6406,Items,0,0,0,0,0,0,0,0,FALSE,FALSE,0,0,,
1518,ITEM_HER6148,Items,0,0,0,0,0,0,0,0,FALSE,FALSE,0,0,,
1519,ITEM_HER6410,Items,0,0,0,0,0,0,0,0,FALSE,FALSE,0,0,,
1520,ITEM_HER6526,Items,0,0,0,0,0,0,0,0,FALSE,FALSE,0,0,,
1521,ITEM_HER6117,Items,0,0,0,0,0,0,0,0,FALSE,FALSE,0,0,,
1522,ITEM_HER6008,Items,0,0,0,0,0,0,0,0,FALSE,FALSE,0,0,,
1523,ITEM_PER936,Items,0,0,0,0,0,0,0,0,FALSE,FALSE,0,0,,
1524,ITEM_PER1017,Items,0,0,0,0,0,0,0,0,FALSE,FALSE,0,0,,
1525,ITEM_PER1131,Items,0,0,0,0,0,0,0,0,FALSE,FALSE,0,0,,
1526,ITEM_PER1228,Items,0,0,0,0,0,0,0,0,FALSE,FALSE,0,0,,
1527,ITEM_PER834,Items,0,0,0,0,0,0,0,0,FALSE,FALSE,0,0,,
1528,ITEM_PER941,Items,0,0,0,0,0,0,0,0,FALSE,FALSE,0,0,,
1529,ITEM_PHE99,Items,0,0,0,0,0,0,0,0,FALSE,FALSE,0,0,,
1530,ITEM_PHE338,Items,0,0,0,0,0,0,0,0,FALSE,FALSE,0,0,,
1531,ITEM_VEL3634,Items,0,0,0,0,0,0,0,0,FALSE,FALSE,0,0,,
1532,ITEM_VEL3485,Items,0,0,0,0,0,0,0,0,FALSE,FALSE,0,0,,
1533,ITEM_VEL3734,Items,0,0,0,0,0,0,0,0,FALSE,FALSE,0,0,,
1534,ITEM_AQR8232,Items,0,0,0,0,0,0,0,0,FALSE,FALSE,0,0,,
1535,ITEM_AQR8414,Items,0,0,0,0,0,0,0,0,FALSE,FALSE,0,0,,
1536,ITEM_AQR8709,Items,0,0,0,0,0,0,0,0,FALSE,FALSE,0,0,,
1537,ITEM_AQR8518,Items,0,0,0,0,0,0,0,0,FALSE,FALSE,0,0,,
1538,ITEM_AQR7950,Items,0,0,0,0,0,0,0,0,FALSE,FALSE,0,0,,
1539,ITEM_AQR8499,Items,0,0,0,0,0,0,0,0,FALSE,FALSE,0,0,,
1540,ITEM_AQR8610,Items,0,0,0,0,0,0,0,0,FALSE,FALSE,0,0,,
1541,ITEM_AQR8264,Items,0,0,0,0,0,0,0,0,FALSE,FALSE,0,0,,
1542,ITEM_CRU4853,Items,0,0,0,0,0,0,0,0,FALSE,FALSE,0,0,,
1543,ITEM_CRU4730,Items,0,0,0,0,0,0,0,0,FALSE,FALSE,0,0,,
1544,ITEM_CRU4763,Items,0,0,0,0,0,0,0,0,FALSE,FALSE,0,0,,
1545,ITEM_CRU4700,Items,0,0,0,0,0,0,0,0,FALSE,FALSE,0,0,,
1546,ITEM_CRU4656,Items,0,0,0,0,0,0,0,0,FALSE,FALSE,0,0,,
1547,ITEM_PSA8728,Items,0,0,0,0,0,0,0,0,FALSE,FALSE,0,0,,
1548,ITEM_TRA6217,Items,0,0,0,0,0,0,0,0,FALSE,FALSE,0,0,,
1549,ITEM_CAP7776,Items,0,0,0,0,0,0,0,0,FALSE,FALSE,0,0,,
1550,ITEM_CAP7754,Items,0,0,0,0,0,0,0,0,FALSE,FALSE,0,0,,
1551,ITEM_CAP8278,Items,0,0,0,0,0,0,0,0,FALSE,FALSE,0,0,,
1552,ITEM_CAP8322,Items,0,0,0,0,0,0,0,0,FALSE,FALSE,0,0,,
1553,ITEM_CAP7773,Items,0,0,0,0,0,0,0,0,FALSE,FALSE,0,0,,
1554,ITEM_SGE7479,Items,0,0,0,0,0,0,0,0,FALSE,FALSE,0,0,,
1555,ITEM_CAR2326,Items,0,0,0,0,0,0,0,0,FALSE,FALSE,0,0,,
1556,ITEM_CAR3685,Items,0,0,0,0,0,0,0,0,FALSE,FALSE,0,0,,
1557,ITEM_CAR3307,Items,0,0,0,0,0,0,0,0,FALSE,FALSE,0,0,,
1558,ITEM_CAR3699,Items,0,0,0,0,0,0,0,0,FALSE,FALSE,0,0,,
1559,ITEM_DRA5744,Items,0,0,0,0,0,0,0,0,FALSE,FALSE,0,0,,
1560,ITEM_DRA5291,Items,0,0,0,0,0,0,0,0,FALSE,FALSE,0,0,,
1561,ITEM_DRA6705,Items,0,0,0,0,0,0,0,0,FALSE,FALSE,0,0,,
1562,ITEM_DRA6536,Items,0,0,0,0,0,0,0,0,FALSE,FALSE,0,0,,
1563,ITEM_DRA7310,Items,0,0,0,0,0,0,0,0,FALSE,FALSE,0,0,,
1564,ITEM_DRA6688,Items,0,0,0,0,0,0,0,0,FALSE,FALSE,0,0,,
1565,ITEM_DRA4434,Items,0,0,0,0,0,0,0,0,FALSE,FALSE,0,0,,
1566,ITEM_DRA6370,Items,0,0,0,0,0,0,0,0,FALSE,FALSE,0,0,,
1567,ITEM_DRA7462,Items,0,0,0,0,0,0,0,0,FALSE,FALSE,0,0,,
1568,ITEM_DRA6396,Items,0,0,0,0,0,0,0,0,FALSE,FALSE,0,0,,
1569,ITEM_DRA6132,Items,0,0,0,0,0,0,0,0,FALSE,FALSE,0,0,,
1570,ITEM_DRA6636,Items,0,0,0,0,0,0,0,0,FALSE,FALSE,0,0,,
1571,ITEM_CVN4915,Items,0,0,0,0,0,0,0,0,FALSE,FALSE,0,0,,
1572,ITEM_CVN4785,Items,0,0,0,0,0,0,0,0,FALSE,FALSE,0,0,,
1573,ITEM_CVN4846,Items,0,0,0,0,0,0,0,0,FALSE,FALSE,0,0,,
1574,ITEM_AQL7595,Items,0,0,0,0,0,0,0,0,FALSE,FALSE,0,0,,
1575,ITEM_AQL7557,Items,0,0,0,0,0,0,0,0,FALSE,FALSE,0,0,,
1576,ITEM_AQL7525,Items,0,0,0,0,0,0,0,0,FALSE,FALSE,0,0,,
1577,ITEM_AQL7602,Items,0,0,0,0,0,0,0,0,FALSE,FALSE,0,0,,
1578,ITEM_AQL7235,Items,0,0,0,0,0,0,0,0,FALSE,FALSE,0,0,,
1579,ITEM_MAX_HONEY,Items,0,0,0,0,0,0,0,0,FALSE,FALSE,0,0,,
1580,ITEM_MAX_MUSHROOMS,Items,0,0,0,0,0,0,0,0,FALSE,FALSE,0,0,,
1581,ITEM_GALARICA_TWIG,Items,20,10,0,0,30,0,0,31,FALSE,FALSE,0,0,,
1582,ITEM_GALARICA_CUFF,Items,3000,1500,0,0,30,0,0,31,FALSE,FALSE,20,0,,
1583,ITEM_STYLE_CARD,Items,0,0,0,0,0,0,0,0,FALSE,FALSE,0,0,,
1584,ITEM_ARMOR_PASS,Items,0,0,0,0,0,0,0,0,FALSE,FALSE,0,0,,
1585,ITEM_ROTOM_BIKE_SPARKLING_WHITE,Items,0,0,0,0,0,0,0,0,FALSE,FALSE,0,0,,
1586,ITEM_ROTOM_BIKE_GLISTENING_BLACK,Items,0,0,0,0,0,0,0,0,FALSE,FALSE,0,0,,
1587,ITEM_EXP_CHARM,Key Items,0,0,0,0,0,0,0,31,TRUE,FALSE,0,0,,
1588,ITEM_ARMORITE_ORE,Items,0,0,0,0,0,0,0,0,FALSE,FALSE,0,0,,
1589,ITEM_MARK_CHARM,Items,0,0,0,0,0,0,0,18,FALSE,FALSE,0,0,,
1590,ITEM_REINS_OF_UNITY_FUSE,Key Items,0,0,0,0,0,0,0,31,TRUE,FALSE,0,0,,
1591,ITEM_REINS_OF_UNITY_UNFUSE,Items,0,0,0,0,0,0,0,18,FALSE,FALSE,0,0,,
1592,ITEM_GALARICA_WREATH,Items,3000,1500,0,0,30,0,0,31,FALSE,FALSE,20,0,,
1593,ITEM_LEGENDARY_CLUE_1,Items,0,0,0,0,0,0,0,0,FALSE,FALSE,0,0,,
1594,ITEM_LEGENDARY_CLUE_2,Items,0,0,0,0,0,0,0,0,FALSE,FALSE,0,0,,
1595,ITEM_LEGENDARY_CLUE_3,Items,0,0,0,0,0,0,0,0,FALSE,FALSE,0,0,,
1596,ITEM_LEGENDARY_CLUE_UNKNOWN_1596,Items,0,0,0,0,0,0,0,0,FALSE,FALSE,0,0,,
1597,ITEM_CROWN_PASS,Items,0,0,0,0,0,0,0,0,FALSE,FALSE,0,0,,
1598,ITEM_WOODEN_CROWN,Key Items,0,0,0,0,0,0,0,31,TRUE,FALSE,0,0,,
1599,ITEM_RADIANT_PETAL,Items,0,0,0,0,0,0,0,0,FALSE,FALSE,0,0,,
1600,ITEM_WHITE_MANE_HAIR,Items,0,0,0,0,0,0,0,0,FALSE,FALSE,0,0,,
1601,ITEM_BLACK_MANE_HAIR,Items,0,0,0,0,0,0,0,0,FALSE,FALSE,0,0,,
1602,ITEM_ICEROOT_CARROT,Key Items,0,0,0,0,0,0,0,31,TRUE,FALSE,0,0,,
1603,ITEM_SHADEROOT_CARROT,Key Items,0,0,0,0,0,0,0,31,TRUE,FALSE,0,0,,
1604,ITEM_DYNITE_ORE,Items,0,0,0,0,0,0,0,0,FALSE,FALSE,0,0,,
1605,ITEM_CARROT_SEEDS,Items,0,0,0,0,0,0,0,0,FALSE,FALSE,0,0,,
1606,ITEM_ABILITY_PATCH,Medicine,500000,250000,0,0,0,0,0,31,FALSE,FALSE,1,0,,
1607,ITEM_REINS_OF_UNITY_NOT_SURE,Items,0,0,0,0,0,0,0,0,FALSE,FALSE,0,0,,
1608,ITEM_TIME_BALM,Items,0,0,0,0,0,0,0,0,FALSE,FALSE,0,0,,
1609,ITEM_SPACE_BALM,Items,0,0,0,0,0,0,0,0,FALSE,FALSE,0,0,,
1610,ITEM_MYSTERIOUS_BALM,Items,0,0,0,0,0,0,0,0,FALSE,FALSE,0,0,,
1611,ITEM_LINKING_CORD,Items,8000,4000,0,0,30,0,0,31,FALSE,FALSE,20,0,,
1612,ITEM_HOMETOWN_MUFFIN,Items,0,0,0,0,0,0,0,0,FALSE,FALSE,0,0,,
1613,ITEM_APRICORN,Items,0,0,0,0,0,0,0,0,FALSE,FALSE,0,0,,
1614,ITEM_JUBILIFE_MUFFIN,Items,0,0,0,0,0,0,0,0,FALSE,FALSE,0,0,,
1615,ITEM_AUX_POWERGUARD,Items,0,0,0,0,0,0,0,0,FALSE,FALSE,0,0,,
1616,ITEM_DIRE_HIT_PLA,Items,0,0,0,0,0,0,0,0,FALSE,FALSE,0,0,,
1617,ITEM_CHOICE_DUMPLING,Items,0,0,0,0,0,0,0,0,FALSE,FALSE,0,0,,
1618,ITEM_TWICE_SPICED_RADISH,Items,0,0,0,0,0,0,0,0,FALSE,FALSE,0,0,,
1619,ITEM_SWAP_SNACK,Items,0,0,0,0,0,0,0,0,FALSE,FALSE,0,0,,
1620,ITEM_CASTER_FERN,Items,0,0,0,0,0,0,0,0,FALSE,FALSE,0,0,,
1621,ITEM_SEED_OF_MASTERY,Items,0,0,0,0,0,0,0,0,FALSE,FALSE,0,0,,
1622,ITEM_POKE_BALL_PLA_UNUSED,Items,0,0,0,0,0,0,0,0,FALSE,FALSE,0,0,,
1623,ITEM_UNKNOWN_1623,Items,0,0,0,0,0,0,0,0,FALSE,FALSE,0,0,,
1624,ITEM_ETERNAL_ICE,Items,0,0,0,0,0,0,0,0,FALSE,FALSE,0,0,,
1625,ITEM_UXIES_CLAW,Items,0,0,0,0,0,0,0,0,FALSE,FALSE,0,0,,
1626,ITEM_AZELFS_FANG,Items,0,0,0,0,0,0,0,0,FALSE,FALSE,0,0,,
1627,ITEM_MESPRITS_PLUME,Items,0,0,0,0,0,0,0,0,FALSE,FALSE,0,0,,
1628,ITEM_TUMBLESTONE,Items,0,0,0,0,0,0,0,0,FALSE,FALSE,0,0,,
1629,ITEM_CELESTICA_FLUTE,Items,0,0,0,0,0,0,0,0,FALSE,FALSE,0,0,,
1630,ITEM_REMEDY,Items,0,0,0,0,0,0,0,0,FALSE,FALSE,0,0,,
1631,ITEM_FINE_REMEDY,Items,0,0,0,0,0,0,0,0,FALSE,FALSE,0,0,,
1632,ITEM_DAZZLING_HONEY,Items,0,0,0,0,0,0,0,0,FALSE,FALSE,0,0,,
1633,ITEM_HEARTY_GRAINS,Items,0,0,0,0,0,0,0,0,FALSE,FALSE,0,0,,
1634,ITEM_PLUMP_BEANS,Items,0,0,0,0,0,0,0,0,FALSE,FALSE,0,0,,
1635,ITEM_SPRINGY_MUSHROOM,Items,0,0,0,0,0,0,0,0,FALSE,FALSE,0,0,,
1636,ITEM_CRUNCHY_SALT,Items,0,0,0,0,0,0,0,0,FALSE,FALSE,0,0,,
1637,ITEM_WOOD,Items,0,0,0,0,0,0,0,0,FALSE,FALSE,0,0,,
1638,ITEM_KINGS_LEAF,Items,0,0,0,0,0,0,0,0,FALSE,FALSE,0,0,,
1639,ITEM_MARSH_BALM,Items,0,0,0,0,0,0,0,0,FALSE,FALSE,0,0,,
1640,ITEM_POKE_BALL_RECIPE,Items,0,0,0,0,0,0,0,0,FALSE,FALSE,0,0,,
1641,ITEM_GREAT_BALL_RECIPE,Items,0,0,0,0,0,0,0,0,FALSE,FALSE,0,0,,
1642,ITEM_ULTRA_BALL_RECIPE,Items,0,0,0,0,0,0,0,0,FALSE,FALSE,0,0,,
1643,ITEM_FEATHER_BALL_RECIPE,Items,0,0,0,0,0,0,0,0,FALSE,FALSE,0,0,,
1644,ITEM_POKESHI_DOLL_RECIPE,Items,0,0,0,0,0,0,0,0,FALSE,FALSE,0,0,,
1645,ITEM_UNKNOWN_1645,Items,0,0,0,0,0,0,0,0,FALSE,FALSE,0,0,,
1646,ITEM_SMOKE_BOMB_RECIPE,Items,0,0,0,0,0,0,0,0,FALSE,FALSE,0,0,,
1647,ITEM_SCATTER_BANG_RECIPE,Items,0,0,0,0,0,0,0,0,FALSE,FALSE,0,0,,
1648,ITEM_STICKY_GLOB_RECIPE,Items,0,0,0,0,0,0,0,0,FALSE,FALSE,0,0,,
1649,ITEM_STAR_PIECE_RECIPE,Items,0,0,0,0,0,0,0,0,FALSE,FALSE,0,0,,
1650,ITEM_MUSHROOM_CAKE_RECIPE,Items,0,0,0,0,0,0,0,0,FALSE,FALSE,0,0,,
1651,ITEM_BUGWORT_RECIPE,Items,0,0,0,0,0,0,0,0,FALSE,FALSE,0,0,,
1652,ITEM_HONEY_CAKE_RECIPE,Items,0,0,0,0,0,0,0,0,FALSE,FALSE,0,0,,
1653,ITEM_GRAIN_CAKE_RECIPE,Items,0,0,0,0,0,0,0,0,FALSE,FALSE,0,0,,
1654,ITEM_BEAN_CAKE_RECIPE,Items,0,0,0,0,0,0,0,0,FALSE,FALSE,0,0,,
1655,ITEM_SALT_CAKE_RECIPE,Items,0,0,0,0,0,0,0,0,FALSE,FALSE,0,0,,
1656,ITEM_POTION_RECIPE,Items,0,0,0,0,0,0,0,0,FALSE,FALSE,0,0,,
1657,ITEM_SUPER_POTION_RECIPE,Items,0,0,0,0,0,0,0,0,FALSE,FALSE,0,0,,
1658,ITEM_HYPER_POTION_RECIPE,Items,0,0,0,0,0,0,0,0,FALSE,FALSE,0,0,,
1659,ITEM_MAX_POTION_RECIPE,Items,0,0,0,0,0,0,0,0,FALSE,FALSE,0,0,,
1660,ITEM_FULL_RESTORE_RECIPE,Items,0,0,0,0,0,0,0,0,FALSE,FALSE,0,0,,
1661,ITEM_REMEDY_RECIPE,Items,0,0,0,0,0,0,0,0,FALSE,FALSE,0,0,,
1662,ITEM_FINE_REMEDY_RECIPE,Items,0,0,0,0,0,0,0,0,FALSE,FALSE,0,0,,
1663,ITEM_SUPERB_REMEDY_RECIPE,Items,0,0,0,0,0,0,0,0,FALSE,FALSE,0,0,,
1664,ITEM_OLD_GATEAU_RECIPE,Items,0,0,0,0,0,0,0,0,FALSE,FALSE,0,0,,
1665,ITEM_JUBILIFE_MUFFIN_RECIPE,Items,0,0,0,0,0,0,0,0,FALSE,FALSE,0,0,,
1666,ITEM_FULL_HEAL_RECIPE,Items,0,0,0,0,0,0,0,0,FALSE,FALSE,0,0,,
1667,ITEM_REVIVE_RECIPE,Items,0,0,0,0,0,0,0,0,FALSE,FALSE,0,0,,
1668,ITEM_MAX_REVIVE_RECIPE,Items,0,0,0,0,0,0,0,0,FALSE,FALSE,0,0,,
1669,ITEM_MAX_ETHER_RECIPE,Items,0,0,0,0,0,0,0,0,FALSE,FALSE,0,0,,
1670,ITEM_MAX_ELIXIR_RECIPE,Items,0,0,0,0,0,0,0,0,FALSE,FALSE,0,0,,
1671,ITEM_STEALTH_SPRAY_RECIPE,Items,0,0,0,0,0,0,0,0,FALSE,FALSE,0,0,,
1672,ITEM_UNKNOWN_1672,Items,0,0,0,0,0,0,0,0,FALSE,FALSE,0,0,,
1673,ITEM_AUX_POWER_RECIPE,Items,0,0,0,0,0,0,0,0,FALSE,FALSE,0,0,,
1674,ITEM_AUX_GUARD_RECIPE_RECIPE,Items,0,0,0,0,0,0,0,0,FALSE,FALSE,0,0,,
1675,ITEM_DIRE_HIT_RECIPE,Items,0,0,0,0,0,0,0,0,FALSE,FALSE,0,0,,
1676,ITEM_AUX_EVASION_RECIPE,Items,0,0,0,0,0,0,0,0,FALSE,FALSE,0,0,,
1677,ITEM_AUX_POWERGUARD_RECIPE,Items,0,0,0,0,0,0,0,0,FALSE,FALSE,0,0,,
1678,ITEM_FOREST_BALM,Items,0,0,0,0,0,0,0,0,FALSE,FALSE,0,0,,
1679,ITEM_IRON_CHUNK,Items,0,0,0,0,0,0,0,0,FALSE,FALSE,0,0,,
1680,ITEM_UNKNOWN_1680,Items,0,0,0,0,0,0,0,0,FALSE,FALSE,0,0,,
1681,ITEM_BLACK_TUMBLESTONE,Items,0,0,0,0,0,0,0,0,FALSE,FALSE,0,0,,
1682,ITEM_SKY_TUMBLESTONE,Items,0,0,0,0,0,0,0,0,FALSE,FALSE,0,0,,
1683,ITEM_UNKNOWN_1683,Items,0,0,0,0,0,0,0,0,FALSE,FALSE,0,0,,
1684,ITEM_BALL_OF_MUD,Items,0,0,0,0,0,0,0,0,FALSE,FALSE,0,0,,
1685,ITEM_UNKNOWN_1685,Items,0,0,0,0,0,0,0,0,FALSE,FALSE,0,0,,
1686,ITEM_POP_POD,Items,0,0,0,0,0,0,0,0,FALSE,FALSE,0,0,,
1687,ITEM_SOOTFOOT_ROOT,Items,0,0,0,0,0,0,0,0,FALSE,FALSE,0,0,,
1688,ITEM_SPOILED_APRICORN,Items,0,0,0,0,0,0,0,0,FALSE,FALSE,0,0,,
1689,ITEM_SNOWBALL_PLA,Items,0,0,0,0,0,0,0,0,FALSE,FALSE,0,0,,
1690,ITEM_STICKY_GLOB,Items,0,0,0,0,0,0,0,0,FALSE,FALSE,0,0,,
1691,ITEM_BLACK_AUGURITE,Items,8000,4000,0,0,30,0,0,31,FALSE,FALSE,20,0,,
1692,ITEM_PEAT_BLOCK,Items,2100,1050,0,0,10,0,0,31,FALSE,FALSE,20,0,,
1693,ITEM_STEALTH_SPRAY,Items,0,0,0,0,0,0,0,0,FALSE,FALSE,0,0,,
1694,ITEM_MEDICINAL_LEEK,Items,0,0,0,0,0,0,0,0,FALSE,FALSE,0,0,,
1695,ITEM_VIVICHOKE,Items,0,0,0,0,0,0,0,0,FALSE,FALSE,0,0,,
1696,ITEM_PEP_UP_PLANT,Items,0,0,0,0,0,0,0,0,FALSE,FALSE,0,0,,
1697,ITEM_UNKNOWN_1697,Items,0,0,0,0,0,0,0,0,FALSE,FALSE,0,0,,
1698,ITEM_UNKNOWN_1698,Items,0,0,0,0,0,0,0,0,FALSE,FALSE,0,0,,
1699,ITEM_TEMPTING_CHARM_B,Items,0,0,0,0,0,0,0,0,FALSE,FALSE,0,0,,
1700,ITEM_TEMPTING_CHARM_P,Items,0,0,0,0,0,0,0,0,FALSE,FALSE,0,0,,
1701,ITEM_SWORDCAP,Items,0,0,0,0,0,0,0,0,FALSE,FALSE,0,0,,
1702,ITEM_IRON_BARKTONGUE,Items,0,0,0,0,0,0,0,0,FALSE,FALSE,0,0,,
1703,ITEM_DOPPEL_BONNETS,Items,0,0,0,0,0,0,0,0,FALSE,FALSE,0,0,,
1704,ITEM_DIRESHROOM,Items,0,0,0,0,0,0,0,0,FALSE,FALSE,0,0,,
1705,ITEM_SAND_RADISH,Items,0,0,0,0,0,0,0,0,FALSE,FALSE,0,0,,
1706,ITEM_TEMPTING_CHARM_T,Items,0,0,0,0,0,0,0,0,FALSE,FALSE,0,0,,
1707,ITEM_TEMPTING_CHARM_Y,Items,0,0,0,0,0,0,0,0,FALSE,FALSE,0,0,,
1708,ITEM_CANDY_TRUFFLE,Items,0,0,0,0,0,0,0,0,FALSE,FALSE,0,0,,
1709,ITEM_CAKE_LURE_BASE,Items,0,0,0,0,0,0,0,0,FALSE,FALSE,0,0,,
1710,ITEM_POKE_BALL_PLA,Items,0,0,0,0,0,0,0,0,FALSE,FALSE,0,0,,
1711,ITEM_GREAT_BALL_PLA,Items,0,0,0,0,0,0,0,0,FALSE,FALSE,0,0,,
1712,ITEM_ULTRA_BALL_PLA,Items,0,0,0,0,0,0,0,0,FALSE,FALSE,0,0,,
1713,ITEM_FEATHER_BALL,Items,0,0,0,0,0,0,0,0,FALSE,FALSE,0,0,,
1714,ITEM_UNKNOWN_1714,Items,0,0,0,0,0,0,0,0,FALSE,FALSE,0,0,,
1715,ITEM_UNKNOWN_1715,Items,0,0,0,0,0,0,0,0,FALSE,FALSE,0,0,,
1716,ITEM_SCATTER_BANG,Items,0,0,0,0,0,0,0,0,FALSE,FALSE,0,0,,
1717,ITEM_SMOKE_BOMB,Items,0,0,0,0,0,0,0,0,FALSE,FALSE,0,0,,
1718,ITEM_UNKNOWN_1718,Items,0,0,0,0,0,0,0,0,FALSE,FALSE,0,0,,
1719,ITEM_UNKNOWN_1719,Items,0,0,0,0,0,0,0,0,FALSE,FALSE,0,0,,
1720,ITEM_POKESHI_DOLL,Items,0,0,0,0,0,0,0,0,FALSE,FALSE,0,0,,
1721,ITEM_VOLCANO_BALM,Items,0,0,0,0,0,0,0,0,FALSE,FALSE,0,0,,
1722,ITEM_MOUNTAIN_BALM,Items,0,0,0,0,0,0,0,0,FALSE,FALSE,0,0,,
1723,ITEM_SNOW_BALM,Items,0,0,0,0,0,0,0,0,FALSE,FALSE,0,0,,
1724,ITEM_HONEY_CAKE,Items,0,0,0,0,0,0,0,0,FALSE,FALSE,0,0,,
1725,ITEM_GRAIN_CAKE,Items,0,0,0,0,0,0,0,0,FALSE,FALSE,0,0,,
1726,ITEM_BEAN_CAKE,Items,0,0,0,0,0,0,0,0,FALSE,FALSE,0,0,,
1727,ITEM_MUSHROOM_CAKE,Items,0,0,0,0,0,0,0,0,FALSE,FALSE,0,0,,
1728,ITEM_SALT_CAKE,Items,0,0,0,0,0,0,0,0,FALSE,FALSE,0,0,,
1729,ITEM_SWAP_SNACK_RECIPE,Items,0,0,0,0,0,0,0,0,FALSE,FALSE,0,0,,
1730,ITEM_CHOICE_DUMPLING_RECIPE,Items,0,0,0,0,0,0,0,0,FALSE,FALSE,0,0,,
1731,ITEM_TWICE_SPICED_RADISH_RECIPE,Items,0,0,0,0,0,0,0,0,FALSE,FALSE,0,0,,
1732,ITEM_SURVIVAL_CHARM_R,Items,0,0,0,0,0,0,0,0,FALSE,FALSE,0,0,,
1733,ITEM_SURVIVAL_CHARM_B,Items,0,0,0,0,0,0,0,0,FALSE,FALSE,0,0,,
1734,ITEM_SURVIVAL_CHARM_P,Items,0,0,0,0,0,0,0,0,FALSE,FALSE,0,0,,
1735,ITEM_SURVIVAL_CHARM_T,Items,0,0,0,0,0,0,0,0,FALSE,FALSE,0,0,,
1736,ITEM_SURVIVAL_CHARM_Y,Items,0,0,0,0,0,0,0,0,FALSE,FALSE,0,0,,
1737,ITEM_TORN_JOURNAL,Items,0,0,0,0,0,0,0,0,FALSE,FALSE,0,0,,
1738,ITEM_WARDING_CHARM_R,Items,0,0,0,0,0,0,0,0,FALSE,FALSE,0,0,,
1739,ITEM_WARDING_CHARM_B,Items,0,0,0,0,0,0,0,0,FALSE,FALSE,0,0,,
1740,ITEM_WARDING_CHARM_P,Items,0,0,0,0,0,0,0,0,FALSE,FALSE,0,0,,
1741,ITEM_WARDING_CHARM_T,Items,0,0,0,0,0,0,0,0,FALSE,FALSE,0,0,,
1742,ITEM_WARDING_CHARM_Y,Items,0,0,0,0,0,0,0,0,FALSE,FALSE,0,0,,
1743,ITEM_WALL_FRAGMENT,Items,0,0,0,0,0,0,0,0,FALSE,FALSE,0,0,,
1744,ITEM_BASCULEGION_FOOD,Items,0,0,0,0,0,0,0,0,FALSE,FALSE,0,0,,
1745,ITEM_OLD_JOURNAL,Items,0,0,0,0,0,0,0,0,FALSE,FALSE,0,0,,
1746,ITEM_WING_BALL,Items,0,0,0,0,0,0,0,0,FALSE,FALSE,0,0,,
1747,ITEM_JET_BALL,Items,0,0,0,0,0,0,0,0,FALSE,FALSE,0,0,,
1748,ITEM_HEAVY_BALL_PLA,Items,0,0,0,0,0,0,0,0,FALSE,FALSE,0,0,,
1749,ITEM_LEADEN_BALL,Items,0,0,0,0,0,0,0,0,FALSE,FALSE,0,0,,
1750,ITEM_GIGATON_BALL,Items,0,0,0,0,0,0,0,0,FALSE,FALSE,0,0,,
1751,ITEM_WING_BALL_RECIPE,Items,0,0,0,0,0,0,0,0,FALSE,FALSE,0,0,,
1752,ITEM_JET_BALL_RECIPE,Items,0,0,0,0,0,0,0,0,FALSE,FALSE,0,0,,
1753,ITEM_HEAVY_BALL_RECIPE,Items,0,0,0,0,0,0,0,0,FALSE,FALSE,0,0,,
1754,ITEM_HOPO_BERRY,Items,0,0,0,0,0,0,0,0,FALSE,FALSE,0,0,,
1755,ITEM_SUPERB_REMEDY,Items,0,0,0,0,0,0,0,0,FALSE,FALSE,0,0,,
1756,ITEM_AUX_POWER,Items,0,0,0,0,0,0,0,0,FALSE,FALSE,0,0,,
1757,ITEM_AUX_GUARD,Items,0,0,0,0,0,0,0,0,FALSE,FALSE,0,0,,
1758,ITEM_AUX_EVASION,Items,0,0,0,0,0,0,0,0,FALSE,FALSE,0,0,,
1759,ITEM_GRIT_DUST,Items,0,0,0,0,0,0,0,0,FALSE,FALSE,0,0,,
1760,ITEM_GRIT_GRAVEL,Items,0,0,0,0,0,0,0,0,FALSE,FALSE,0,0,,
1761,ITEM_GRIT_PEBBLE,Items,0,0,0,0,0,0,0,0,FALSE,FALSE,0,0,,
1762,ITEM_GRIT_ROCK,Items,0,0,0,0,0,0,0,0,FALSE,FALSE,0,0,,
1763,ITEM_SECRET_MEDICINE_PLA,Items,0,0,0,0,0,0,0,0,FALSE,FALSE,0,0,,
1764,ITEM_TEMPTING_CHARM_R,Items,0,0,0,0,0,0,0,0,FALSE,FALSE,0,0,,
1765,ITEM_LOST_SATCHEL_1,Items,0,0,0,0,0,0,0,0,FALSE,FALSE,0,0,,
1766,ITEM_LOST_SATCHEL_2,Items,0,0,0,0,0,0,0,0,FALSE,FALSE,0,0,,
1767,ITEM_LOST_SATCHEL_3,Items,0,0,0,0,0,0,0,0,FALSE,FALSE,0,0,,
1768,ITEM_LOST_SATCHEL_4,Items,0,0,0,0,0,0,0,0,FALSE,FALSE,0,0,,
1769,ITEM_LOST_SATCHEL_5,Items,0,0,0,0,0,0,0,0,FALSE,FALSE,0,0,,
1770,ITEM_UNKNOWN_1770,Items,0,0,0,0,0,0,0,0,FALSE,FALSE,0,0,,
1771,ITEM_ORIGIN_BALL,Items,0,0,0,0,0,0,0,0,FALSE,FALSE,0,0,,
1772,ITEM_UNKNOWN_1772,Items,0,0,0,0,0,0,0,0,FALSE,FALSE,0,0,,
1773,ITEM_UNKNOWN_1773,Items,0,0,0,0,0,0,0,0,FALSE,FALSE,0,0,,
1774,ITEM_UNKNOWN_1774,Items,0,0,0,0,0,0,0,0,FALSE,FALSE,0,0,,
1775,ITEM_UNKNOWN_1775,Items,0,0,0,0,0,0,0,0,FALSE,FALSE,0,0,,
1776,ITEM_ORIGIN_ORE,Items,0,0,0,0,0,0,0,0,FALSE,FALSE,0,0,,
1777,ITEM_ADAMANT_CRYSTAL,Items,10000,5000,0,20,60,0,0,31,FALSE,FALSE,0,0,,
1778,ITEM_LUSTROUS_GLOBE,Items,200,100,0,20,30,0,0,31,FALSE,FALSE,0,0,,
1779,ITEM_GRISEOUS_CORE,Items,10000,5000,0,20,60,0,0,31,FALSE,FALSE,0,0,,
1780,ITEM_BLANK_PLATE,Items,1000,500,0,20,90,0,0,31,FALSE,FALSE,0,0,,
1781,ITEM_UNKNOWN_1781,Items,0,0,0,0,0,0,0,0,FALSE,FALSE,0,0,,
1782,ITEM_CRAFTING_KIT,Items,0,0,0,0,0,0,0,0,FALSE,FALSE,0,0,,
1783,ITEM_LEADEN_BALL_RECIPE,Items,0,0,0,0,0,0,0,0,FALSE,FALSE,0,0,,
1784,ITEM_GIGATON_BALL_RECIPE,Items,0,0,0,0,0,0,0,0,FALSE,FALSE,0,0,,
1785,ITEM_STRANGE_BALL,Items,0,0,0,0,0,0,0,18,FALSE,FALSE,0,0,,
1786,ITEM_POKEDEX,Items,0,0,0,0,0,0,0,0,FALSE,FALSE,0,0,,
1787,ITEM_OLD_VERSE_1,Items,0,0,0,0,0,0,0,0,FALSE,FALSE,0,0,,
1788,ITEM_OLD_VERSE_2,Items,0,0,0,0,0,0,0,0,FALSE,FALSE,0,0,,
1789,ITEM_OLD_VERSE_3,Items,0,0,0,0,0,0,0,0,FALSE,FALSE,0,0,,
1790,ITEM_OLD_VERSE_4,Items,0,0,0,0,0,0,0,0,FALSE,FALSE,0,0,,
1791,ITEM_UNKNOWN_1791,Items,0,0,0,0,0,0,0,0,FALSE,FALSE,0,0,,
1792,ITEM_OLD_VERSE_5,Items,0,0,0,0,0,0,0,0,FALSE,FALSE,0,0,,
1793,ITEM_OLD_VERSE_6,Items,0,0,0,0,0,0,0,0,FALSE,FALSE,0,0,,
1794,ITEM_OLD_VERSE_7,Items,0,0,0,0,0,0,0,0,FALSE,FALSE,0,0,,
1795,ITEM_OLD_VERSE_8,Items,0,0,0,0,0,0,0,0,FALSE,FALSE,0,0,,
1796,ITEM_OLD_VERSE_9,Items,0,0,0,0,0,0,0,0,FALSE,FALSE,0,0,,
1797,ITEM_OLD_VERSE_10,Items,0,0,0,0,0,0,0,0,FALSE,FALSE,0,0,,
1798,ITEM_OLD_VERSE_11,Items,0,0,0,0,0,0,0,0,FALSE,FALSE,0,0,,
1799,ITEM_OLD_VERSE_12,Items,0,0,0,0,0,0,0,0,FALSE,FALSE,0,0,,
1800,ITEM_OLD_VERSE_13,Items,0,0,0,0,0,0,0,0,FALSE,FALSE,0,0,,
1801,ITEM_OLD_VERSE_14,Items,0,0,0,0,0,0,0,0,FALSE,FALSE,0,0,,
1802,ITEM_OLD_VERSE_15,Items,0,0,0,0,0,0,0,0,FALSE,FALSE,0,0,,
1803,ITEM_OLD_VERSE_16,Items,0,0,0,0,0,0,0,0,FALSE,FALSE,0,0,,
1804,ITEM_OLD_VERSE_17,Items,0,0,0,0,0,0,0,0,FALSE,FALSE,0,0,,
1805,ITEM_OLD_VERSE_18,Items,0,0,0,0,0,0,0,0,FALSE,FALSE,0,0,,
1806,ITEM_OLD_VERSE_19,Items,0,0,0,0,0,0,0,0,FALSE,FALSE,0,0,,
1807,ITEM_OLD_VERSE_20,Items,0,0,0,0,0,0,0,0,FALSE,FALSE,0,0,,
1808,ITEM_MYSTERIOUS_SHARD_S,Items,0,0,0,0,0,0,0,0,FALSE,FALSE,0,0,,
1809,ITEM_MYSTERIOUS_SHARD_L,Items,0,0,0,0,0,0,0,0,FALSE,FALSE,0,0,,
1810,ITEM_DIGGER_DRILL,Items,0,0,0,0,0,0,0,0,FALSE,FALSE,0,0,,
1811,ITEM_KANTO_SLATE,Items,0,0,0,0,0,0,0,0,FALSE,FALSE,0,0,,
1812,ITEM_JOHTO_SLATE,Items,0,0,0,0,0,0,0,0,FALSE,FALSE,0,0,,
1813,ITEM_SOUL_SLATE,Items,0,0,0,0,0,0,0,0,FALSE,FALSE,0,0,,
1814,ITEM_RAINBOW_SLATE,Items,0,0,0,0,0,0,0,0,FALSE,FALSE,0,0,,
1815,ITEM_SQUALL_SLATE,Items,0,0,0,0,0,0,0,0,FALSE,FALSE,0,0,,
1816,ITEM_OCEANIC_SLATE,Items,0,0,0,0,0,0,0,0,FALSE,FALSE,0,0,,
1817,ITEM_TECTONIC_SLATE,Items,0,0,0,0,0,0,0,0,FALSE,FALSE,0,0,,
1818,ITEM_STRATOSPHERIC_SLATE,Items,0,0,0,0,0,0,0,0,FALSE,FALSE,0,0,,
1819,ITEM_GENOME_SLATE,Items,0,0,0,0,0,0,0,0,FALSE,FALSE,0,0,,
1820,ITEM_DISCOVERY_SLATE,Items,0,0,0,0,0,0,0,0,FALSE,FALSE,0,0,,
1821,ITEM_DISTORTION_SLATE,Items,0,0,0,0,0,0,0,0,FALSE,FALSE,0,0,,
1822,ITEM_DS_SOUNDS,Items,0,0,0,0,0,0,0,0,FALSE,FALSE,0,0,,
1823,ITEM_NONE_1823,Items,0,0,0,0,0,0,0,0,FALSE,FALSE,0,0,,
1824,ITEM_NONE_1824,Items,0,0,0,0,0,0,0,0,FALSE,FALSE,0,0,,
1825,ITEM_NONE_1825,Items,0,0,0,0,0,0,0,0,FALSE,FALSE,0,0,,
1826,ITEM_NONE_1826,Items,0,0,0,0,0,0,0,0,FALSE,FALSE,0,0,,
1827,ITEM_NONE_1827,Items,0,0,0,0,0,0,0,0,FALSE,FALSE,0,0,,
1828,ITEM_LEGEND_PLATE,Key Items,0,0,0,0,0,0,0,31,TRUE,FALSE,0,0,,
1829,ITEM_ROTOM_PHONE,Items,0,0,0,0,0,0,0,18,FALSE,FALSE,0,0,,
1830,ITEM_SANDWICH,Items,0,0,0,0,0,0,0,18,FALSE,FALSE,0,0,,
1831,ITEM_KORAIDONS_POKE_BALL,Items,0,0,0,0,0,0,0,18,FALSE,FALSE,0,0,,
1832,ITEM_MIRAIDONS_POKE_BALL,Items,0,0,0,0,0,0,0,18,FALSE,FALSE,0,0,,
1833,ITEM_TERA_ORB,Items,0,0,0,0,0,0,0,18,FALSE,FALSE,0,0,,
1834,ITEM_SCARLET_BOOK,Items,0,0,0,0,0,0,0,18,FALSE,FALSE,0,0,,
1835,ITEM_VIOLET_BOOK,Items,0,0,0,0,0,0,0,18,FALSE,FALSE,0,0,,
1836,ITEM_KOFUS_WALLET,Items,0,0,0,0,0,0,0,18,FALSE,FALSE,0,0,,
1837,ITEM_NONE_1837,Items,0,0,0,0,0,0,0,18,FALSE,FALSE,0,0,,
1838,ITEM_NONE_1838,Items,0,0,0,0,0,0,0,18,FALSE,FALSE,0,0,,
1839,ITEM_NONE_1839,Items,0,0,0,0,0,0,0,18,FALSE,FALSE,0,0,,
1840,ITEM_NONE_1840,Items,0,0,0,0,0,0,0,18,FALSE,FALSE,0,0,,
1841,ITEM_NONE_1841,Items,0,0,0,0,0,0,0,18,FALSE,FALSE,0,0,,
1842,ITEM_TINY_BAMBOO_SHOOT,Items,1500,750,0,0,30,0,0,18,FALSE,FALSE,0,0,,
1843,ITEM_BIG_BAMBOO_SHOOT,Items,6000,3000,0,0,30,0,0,18,FALSE,FALSE,0,0,,
1844,ITEM_NONE_1844,Items,0,0,0,0,0,0,0,0,FALSE,FALSE,0,0,,
1845,ITEM_NONE_1845,Items,0,0,0,0,0,0,0,0,FALSE,FALSE,0,0,,
1846,ITEM_NONE_1846,Items,0,0,0,0,0,0,0,0,FALSE,FALSE,0,0,,
1847,ITEM_NONE_1847,Items,0,0,0,0,0,0,0,0,FALSE,FALSE,0,0,,
1848,ITEM_NONE_1848,Items,0,0,0,0,0,0,0,0,FALSE,FALSE,0,0,,
1849,ITEM_NONE_1849,Items,0,0,0,0,0,0,0,0,FALSE,FALSE,0,0,,
1850,ITEM_NONE_1850,Items,0,0,0,0,0,0,0,0,FALSE,FALSE,0,0,,
1851,ITEM_NONE_1851,Items,0,0,0,0,0,0,0,0,FALSE,FALSE,0,0,,
1852,ITEM_NONE_1852,Items,0,0,0,0,0,0,0,0,FALSE,FALSE,0,0,,
1853,ITEM_NONE_1853,Items,0,0,0,0,0,0,0,0,FALSE,FALSE,0,0,,
1854,ITEM_NONE_1854,Items,0,0,0,0,0,0,0,0,FALSE,FALSE,0,0,,
1855,ITEM_NONE_1855,Items,0,0,0,0,0,0,0,0,FALSE,FALSE,0,0,,
1856,ITEM_NONE_1856,Items,0,0,0,0,0,0,0,0,FALSE,FALSE,0,0,,
1857,ITEM_SCROLL_OF_DARKNESS,Key Items,0,0,0,0,0,0,0,31,TRUE,FALSE,0,0,,
1858,ITEM_SCROLL_OF_WATERS,Key Items,0,0,0,0,0,0,0,31,TRUE,FALSE,0,0,,
1859,ITEM_NONE_1859,Items,0,0,0,0,0,0,0,0,FALSE,FALSE,0,0,,
1860,ITEM_NONE_1860,Items,0,0,0,0,0,0,0,0,FALSE,FALSE,0,0,,
1861,ITEM_MALICIOUS_ARMOR,Items,3000,1500,0,0,30,0,0,31,FALSE,FALSE,20,0,,
1862,ITEM_NORMAL_TERA_SHARD,Items,2000,1000,0,0,30,0,0,18,FALSE,FALSE,0,0,,
1863,ITEM_FIRE_TERA_SHARD,Items,2000,1000,0,0,30,0,0,18,FALSE,FALSE,0,0,,
1864,ITEM_WATER_TERA_SHARD,Items,2000,1000,0,0,30,0,0,18,FALSE,FALSE,0,0,,
1865,ITEM_ELECTRIC_TERA_SHARD,Items,2000,1000,0,0,30,0,0,18,FALSE,FALSE,0,0,,
1866,ITEM_GRASS_TERA_SHARD,Items,2000,1000,0,0,30,0,0,18,FALSE,FALSE,0,0,,
1867,ITEM_ICE_TERA_SHARD,Items,2000,1000,0,0,30,0,0,18,FALSE,FALSE,0,0,,
1868,ITEM_FIGHTING_TERA_SHARD,Items,2000,1000,0,0,30,0,0,18,FALSE,FALSE,0,0,,
1869,ITEM_POISON_TERA_SHARD,Items,2000,1000,0,0,30,0,0,18,FALSE,FALSE,0,0,,
1870,ITEM_GROUND_TERA_SHARD,Items,2000,1000,0,0,30,0,0,18,FALSE,FALSE,0,0,,
1871,ITEM_FLYING_TERA_SHARD,Items,2000,1000,0,0,30,0,0,18,FALSE,FALSE,0,0,,
1872,ITEM_PSYCHIC_TERA_SHARD,Items,2000,1000,0,0,30,0,0,18,FALSE,FALSE,0,0,,
1873,ITEM_BUG_TERA_SHARD,Items,2000,1000,0,0,30,0,0,18,FALSE,FALSE,0,0,,
1874,ITEM_ROCK_TERA_SHARD,Items,2000,1000,0,0,30,0,0,18,FALSE,FALSE,0,0,,
1875,ITEM_GHOST_TERA_SHARD,Items,2000,1000,0,0,30,0,0,18,FALSE,FALSE,0,0,,
1876,ITEM_DRAGON_TERA_SHARD,Items,2000,1000,0,0,30,0,0,18,FALSE,FALSE,0,0,,
1877,ITEM_DARK_TERA_SHARD,Items,2000,1000,0,0,30,0,0,18,FALSE,FALSE,0,0,,
1878,ITEM_STEEL_TERA_SHARD,Items,2000,1000,0,0,30,0,0,18,FALSE,FALSE,0,0,,
1879,ITEM_FAIRY_TERA_SHARD,Items,2000,1000,0,0,30,0,0,18,FALSE,FALSE,0,0,,
1880,ITEM_BOOSTER_ENERGY,Items,200,100,0,0,30,0,0,31,FALSE,FALSE,0,0,,
1881,ITEM_ABILITY_SHIELD,Items,20000,10000,0,0,30,0,0,31,FALSE,FALSE,0,0,,
1882,ITEM_CLEAR_AMULET,Items,30000,15000,0,0,30,0,0,31,FALSE,FALSE,0,0,,
1883,ITEM_MIRROR_HERB,Items,30000,15000,0,0,30,0,0,31,FALSE,FALSE,0,0,,
1884,ITEM_PUNCHING_GLOVE,Items,15000,7500,0,10,30,0,0,31,FALSE,FALSE,0,0,,
1885,ITEM_COVERT_CLOAK,Items,20000,10000,0,0,30,0,0,31,FALSE,FALSE,0,0,,
1886,ITEM_LOADED_DICE,Items,20000,10000,0,0,30,0,0,31,FALSE,FALSE,0,0,,
1887,ITEM_NONE_1887,Items,0,0,0,0,0,0,0,0,FALSE,FALSE,0,0,,
1888,ITEM_BAGUETTE,Items,0,0,0,0,0,0,0,18,FALSE,FALSE,0,0,,
1889,ITEM_MAYONNAISE,Items,120,60,0,0,0,0,0,18,FALSE,FALSE,0,0,,
1890,ITEM_KETCHUP,Items,110,55,0,0,0,0,0,18,FALSE,FALSE,0,0,,
1891,ITEM_MUSTARD,Items,130,65,0,0,0,0,0,18,FALSE,FALSE,0,0,,
1892,ITEM_BUTTER,Items,250,125,0,0,0,0,0,18,FALSE,FALSE,0,0,,
1893,ITEM_PEANUT_BUTTER,Items,300,150,0,0,0,0,0,18,FALSE,FALSE,0,0,,
1894,ITEM_CHILI_SAUCE,Items,320,160,0,0,0,0,0,18,FALSE,FALSE,0,0,,
1895,ITEM_SALT,Items,90,45,0,0,0,0,0,18,FALSE,FALSE,0,0,,
1896,ITEM_PEPPER,Items,100,50,0,0,0,0,0,18,FALSE,FALSE,0,0,,
1897,ITEM_YOGURT,Items,140,70,0,0,0,0,0,18,FALSE,FALSE,0,0,,
1898,ITEM_WHIPPED_CREAM,Items,200,100,0,0,0,0,0,18,FALSE,FALSE,0,0,,
1899,ITEM_CREAM_CHEESE,Items,280,140,0,0,0,0,0,18,FALSE,FALSE,0,0,,
1900,ITEM_JAM,Items,120,60,0,0,0,0,0,18,FALSE,FALSE,0,0,,
1901,ITEM_MARMALADE,Items,260,130,0,0,0,0,0,18,FALSE,FALSE,0,0,,
1902,ITEM_OLIVE_OIL,Items,300,150,0,0,0,0,0,18,FALSE,FALSE,0,0,,
1903,ITEM_VINEGAR,Items,300,150,0,0,0,0,0,18,FALSE,FALSE,0,0,,
1904,ITEM_SWEET_HERBA_MYSTICA,Items,0,0,0,0,0,0,0,18,FALSE,FALSE,0,0,,
1905,ITEM_SALTY_HERBA_MYSTICA,Items,0,0,0,0,0,0,0,18,FALSE,FALSE,0,0,,
1906,ITEM_SOUR_HERBA_MYSTICA,Items,0,0,0,0,0,0,0,18,FALSE,FALSE,0,0,,
1907,ITEM_BITTER_HERBA_MYSTICA,Items,0,0,0,0,0,0,0,18,FALSE,FALSE,0,0,,
1908,ITEM_SPICY_HERBA_MYSTICA,Items,0,0,0,0,0,0,0,18,FALSE,FALSE,0,0,,
1909,ITEM_LETTUCE,Items,90,45,0,0,0,0,0,18,FALSE,FALSE,0,0,,
1910,ITEM_TOMATO,Items,100,50,0,0,0,0,0,18,FALSE,FALSE,0,0,,
1911,ITEM_CHERRY_TOMATOES,Items,120,60,0,0,0,0,0,18,FALSE,FALSE,0,0,,
1912,ITEM_CUCUMBER,Items,130,65,0,0,0,0,0,18,FALSE,FALSE,0,0,,
1913,ITEM_PICKLE,Items,90,45,0,0,0,0,0,18,FALSE,FALSE,0,0,,
1914,ITEM_ONION,Items,130,65,0,0,0,0,0,18,FALSE,FALSE,0,0,,
1915,ITEM_RED_ONION,Items,230,115,0,0,0,0,0,18,FALSE,FALSE,0,0,,
1916,ITEM_GREEN_BELL_PEPPER,Items,230,115,0,0,0,0,0,18,FALSE,FALSE,0,0,,
1917,ITEM_RED_BELL_PEPPER,Items,240,120,0,0,0,0,0,18,FALSE,FALSE,0,0,,
1918,ITEM_YELLOW_BELL_PEPPER,Items,240,120,0,0,0,0,0,18,FALSE,FALSE,0,0,,
1919,ITEM_AVOCADO,Items,180,90,0,0,0,0,0,18,FALSE,FALSE,0,0,,
1920,ITEM_BACON,Items,150,75,0,0,0,0,0,18,FALSE,FALSE,0,0,,
1921,ITEM_HAM,Items,170,85,0,0,0,0,0,18,FALSE,FALSE,0,0,,
1922,ITEM_PROSCIUTTO,Items,200,100,0,0,0,0,0,18,FALSE,FALSE,0,0,,
1923,ITEM_CHORIZO,Items,150,75,0,0,0,0,0,18,FALSE,FALSE,0,0,,
1924,ITEM_HERBED_SAUSAGE,Items,400,200,0,0,0,0,0,18,FALSE,FALSE,0,0,,
1925,ITEM_HAMBURGER,Items,380,190,0,0,0,0,0,18,FALSE,FALSE,0,0,,
1926,ITEM_KLAWF_STICK,Items,500,250,0,0,0,0,0,18,FALSE,FALSE,0,0,,
1927,ITEM_SMOKED_FILLET,Items,330,165,0,0,0,0,0,18,FALSE,FALSE,0,0,,
1928,ITEM_FRIED_FILLET,Items,360,180,0,0,0,0,0,18,FALSE,FALSE,0,0,,
1929,ITEM_EGG,Items,80,40,0,0,0,0,0,18,FALSE,FALSE,0,0,,
1930,ITEM_POTATO_TORTILLA,Items,250,125,0,0,0,0,0,18,FALSE,FALSE,0,0,,
1931,ITEM_TOFU,Items,260,130,0,0,0,0,0,18,FALSE,FALSE,0,0,,
1932,ITEM_RICE,Items,280,140,0,0,0,0,0,18,FALSE,FALSE,0,0,,
1933,ITEM_NOODLES,Items,280,140,0,0,0,0,0,18,FALSE,FALSE,0,0,,
1934,ITEM_POTATO_SALAD,Items,110,55,0,0,0,0,0,18,FALSE,FALSE,0,0,,
1935,ITEM_CHEESE,Items,120,60,0,0,0,0,0,18,FALSE,FALSE,0,0,,
1936,ITEM_BANANA,Items,80,40,0,0,0,0,0,18,FALSE,FALSE,0,0,,
1937,ITEM_STRAWBERRY,Items,140,70,0,0,0,0,0,18,FALSE,FALSE,0,0,,
1938,ITEM_APPLE,Items,130,65,0,0,0,0,0,18,FALSE,FALSE,0,0,,
1939,ITEM_KIWI,Items,180,90,0,0,0,0,0,18,FALSE,FALSE,0,0,,
1940,ITEM_PINEAPPLE,Items,250,125,0,0,0,0,0,18,FALSE,FALSE,0,0,,
1941,ITEM_JALAPENO,Items,220,110,0,0,0,0,0,18,FALSE,FALSE,0,0,,
1942,ITEM_HORSERADISH,Items,410,205,0,0,0,0,0,18,FALSE,FALSE,0,0,,
1943,ITEM_CURRY_POWDER,Items,450,225,0,0,0,0,0,18,FALSE,FALSE,0,0,,
1944,ITEM_WASABI,Items,330,165,0,0,0,0,0,18,FALSE,FALSE,0,0,,
1945,ITEM_WATERCRESS,Items,270,135,0,0,0,0,0,18,FALSE,FALSE,0,0,,
1946,ITEM_BASIL,Items,280,140,0,0,0,0,0,18,FALSE,FALSE,0,0,,
1947,ITEM_NONE_1947,Items,0,0,0,0,0,0,0,18,FALSE,FALSE,0,0,,
1948,ITEM_NONE_1948,Items,0,0,0,0,0,0,0,18,FALSE,FALSE,0,0,,
1949,ITEM_NONE_1949,Items,0,0,0,0,0,0,0,18,FALSE,FALSE,0,0,,
1950,ITEM_NONE_1950,Items,0,0,0,0,0,0,0,18,FALSE,FALSE,0,0,,
1951,ITEM_NONE_1951,Items,0,0,0,0,0,0,0,18,FALSE,FALSE,0,0,,
1952,ITEM_NONE_1952,Items,0,0,0,0,0,0,0,18,FALSE,FALSE,0,0,,
1953,ITEM_NONE_1953,Items,0,0,0,0,0,0,0,18,FALSE,FALSE,0,0,,
1954,ITEM_NONE_1954,Items,0,0,0,0,0,0,0,18,FALSE,FALSE,0,0,,
1955,ITEM_NONE_1955,Items,0,0,0,0,0,0,0,18,FALSE,FALSE,0,0,,
1956,ITEM_VENONAT_FANG,Items,80,40,0,0,0,0,0,18,FALSE,FALSE,0,0,,
1957,ITEM_DIGLETT_DIRT,Items,80,40,0,0,0,0,0,18,FALSE,FALSE,0,0,,
1958,ITEM_MEOWTH_FUR,Items,80,40,0,0,0,0,0,18,FALSE,FALSE,0,0,,
1959,ITEM_PSYDUCK_DOWN,Items,60,30,0,0,0,0,0,18,FALSE,FALSE,0,0,,
1960,ITEM_MANKEY_FUR,Items,80,40,0,0,0,0,0,18,FALSE,FALSE,0,0,,
1961,ITEM_GROWLITHE_FUR,Items,80,40,0,0,0,0,0,18,FALSE,FALSE,0,0,,
1962,ITEM_SLOWPOKE_CLAW,Items,80,40,0,0,0,0,0,18,FALSE,FALSE,0,0,,
1963,ITEM_MAGNEMITE_SCREW,Items,80,40,0,0,0,0,0,18,FALSE,FALSE,0,0,,
1964,ITEM_GRIMER_TOXIN,Items,80,40,0,0,0,0,0,18,FALSE,FALSE,0,0,,
1965,ITEM_SHELLDER_PEARL,Items,140,70,0,0,0,0,0,18,FALSE,FALSE,0,0,,
1966,ITEM_GASTLY_GAS,Items,80,40,0,0,0,0,0,18,FALSE,FALSE,0,0,,
1967,ITEM_DROWZEE_FUR,Items,60,30,0,0,0,0,0,18,FALSE,FALSE,0,0,,
1968,ITEM_VOLTORB_SPARKS,Items,80,40,0,0,0,0,0,18,FALSE,FALSE,0,0,,
1969,ITEM_SCYTHER_CLAW,Items,100,50,0,0,0,0,0,18,FALSE,FALSE,0,0,,
1970,ITEM_TAUROS_HAIR,Items,100,50,0,0,0,0,0,18,FALSE,FALSE,0,0,,
1971,ITEM_MAGIKARP_SCALES,Items,40,20,0,0,0,0,0,18,FALSE,FALSE,0,0,,
1972,ITEM_DITTO_GOO,Items,300,150,0,0,0,0,0,18,FALSE,FALSE,0,0,,
1973,ITEM_EEVEE_FUR,Items,200,100,0,0,0,0,0,18,FALSE,FALSE,0,0,,
1974,ITEM_DRATINI_SCALES,Items,200,100,0,0,0,0,0,18,FALSE,FALSE,0,0,,
1975,ITEM_PICHU_FUR,Items,100,50,0,0,0,0,0,18,FALSE,FALSE,0,0,,
1976,ITEM_IGGLYBUFF_FLUFF,Items,60,30,0,0,0,0,0,18,FALSE,FALSE,0,0,,
1977,ITEM_MAREEP_WOOL,Items,60,30,0,0,0,0,0,18,FALSE,FALSE,0,0,,
1978,ITEM_HOPPIP_LEAF,Items,60,30,0,0,0,0,0,18,FALSE,FALSE,0,0,,
1979,ITEM_SUNKERN_LEAF,Items,60,30,0,0,0,0,0,18,FALSE,FALSE,0,0,,
1980,ITEM_MURKROW_BAUBLE,Items,100,50,0,0,0,0,0,18,FALSE,FALSE,0,0,,
1981,ITEM_MISDREAVUS_TEARS,Items,80,40,0,0,0,0,0,18,FALSE,FALSE,0,0,,
1982,ITEM_GIRAFARIG_FUR,Items,100,50,0,0,0,0,0,18,FALSE,FALSE,0,0,,
1983,ITEM_PINECO_HUSK,Items,80,40,0,0,0,0,0,18,FALSE,FALSE,0,0,,
1984,ITEM_DUNSPARCE_SCALES,Items,120,60,0,0,0,0,0,18,FALSE,FALSE,0,0,,
1985,ITEM_QWILFISH_SPINES,Items,80,40,0,0,0,0,0,18,FALSE,FALSE,0,0,,
1986,ITEM_HERACROSS_CLAW,Items,100,50,0,0,0,0,0,18,FALSE,FALSE,0,0,,
1987,ITEM_SNEASEL_CLAW,Items,80,40,0,0,0,0,0,18,FALSE,FALSE,0,0,,
1988,ITEM_TEDDIURSA_CLAW,Items,80,40,0,0,0,0,0,18,FALSE,FALSE,0,0,,
1989,ITEM_DELIBIRD_PARCEL,Items,240,120,0,0,0,0,0,18,FALSE,FALSE,0,0,,
1990,ITEM_HOUNDOUR_FANG,Items,80,40,0,0,0,0,0,18,FALSE,FALSE,0,0,,
1991,ITEM_PHANPY_NAIL,Items,80,40,0,0,0,0,0,18,FALSE,FALSE,0,0,,
1992,ITEM_STANTLER_HAIR,Items,120,60,0,0,0,0,0,18,FALSE,FALSE,0,0,,
1993,ITEM_LARVITAR_CLAW,Items,200,100,0,0,0,0,0,18,FALSE,FALSE,0,0,,
1994,ITEM_WINGULL_FEATHER,Items,60,30,0,0,0,0,0,18,FALSE,FALSE,0,0,,
1995,ITEM_RALTS_DUST,Items,80,40,0,0,0,0,0,18,FALSE,FALSE,0,0,,
1996,ITEM_SURSKIT_SYRUP,Items,60,30,0,0,0,0,0,18,FALSE,FALSE,0,0,,
1997,ITEM_SHROOMISH_SPORES,Items,80,40,0,0,0,0,0,18,FALSE,FALSE,0,0,,
1998,ITEM_SLAKOTH_FUR,Items,60,30,0,0,0,0,0,18,FALSE,FALSE,0,0,,
1999,ITEM_MAKUHITA_SWEAT,Items,80,40,0,0,0,0,0,18,FALSE,FALSE,0,0,,
2000,ITEM_AZURILL_FUR,Items,60,30,0,0,0,0,0,18,FALSE,FALSE,0,0,,
2001,ITEM_SABLEYE_GEM,Items,200,100,0,0,0,0,0,18,FALSE,FALSE,0,0,,
2002,ITEM_MEDITITE_SWEAT,Items,80,40,0,0,0,0,0,18,FALSE,FALSE,0,0,,
2003,ITEM_GULPIN_MUCUS,Items,80,40,0,0,0,0,0,18,FALSE,FALSE,0,0,,
2004,ITEM_NUMEL_LAVA,Items,80,40,0,0,0,0,0,18,FALSE,FALSE,0,0,,
2005,ITEM_TORKOAL_COAL,Items,140,70,0,0,0,0,0,18,FALSE,FALSE,0,0,,
2006,ITEM_SPOINK_PEARL,Items,140,70,0,0,0,0,0,18,FALSE,FALSE,0,0,,
2007,ITEM_CACNEA_NEEDLE,Items,80,40,0,0,0,0,0,18,FALSE,FALSE,0,0,,
2008,ITEM_SWABLU_FLUFF,Items,100,50,0,0,0,0,0,18,FALSE,FALSE,0,0,,
2009,ITEM_ZANGOOSE_CLAW,Items,120,60,0,0,0,0,0,18,FALSE,FALSE,0,0,,
2010,ITEM_SEVIPER_FANG,Items,120,60,0,0,0,0,0,18,FALSE,FALSE,0,0,,
2011,ITEM_BARBOACH_SLIME,Items,60,30,0,0,0,0,0,18,FALSE,FALSE,0,0,,
2012,ITEM_SHUPPET_SCRAP,Items,80,40,0,0,0,0,0,18,FALSE,FALSE,0,0,,
2013,ITEM_TROPIUS_LEAF,Items,140,70,0,0,0,0,0,18,FALSE,FALSE,0,0,,
2014,ITEM_SNORUNT_FUR,Items,80,40,0,0,0,0,0,18,FALSE,FALSE,0,0,,
2015,ITEM_LUVDISC_SCALES,Items,160,80,0,0,0,0,0,18,FALSE,FALSE,0,0,,
2016,ITEM_BAGON_SCALES,Items,200,100,0,0,0,0,0,18,FALSE,FALSE,0,0,,
2017,ITEM_STARLY_FEATHER,Items,60,30,0,0,0,0,0,18,FALSE,FALSE,0,0,,
2018,ITEM_KRICKETOT_SHELL,Items,40,20,0,0,0,0,0,18,FALSE,FALSE,0,0,,
2019,ITEM_SHINX_FANG,Items,60,30,0,0,0,0,0,18,FALSE,FALSE,0,0,,
2020,ITEM_COMBEE_HONEY,Items,100,50,0,0,0,0,0,18,FALSE,FALSE,0,0,,
2021,ITEM_PACHIRISU_FUR,Items,100,50,0,0,0,0,0,18,FALSE,FALSE,0,0,,
2022,ITEM_BUIZEL_FUR,Items,80,40,0,0,0,0,0,18,FALSE,FALSE,0,0,,
2023,ITEM_SHELLOS_MUCUS,Items,80,40,0,0,0,0,0,18,FALSE,FALSE,0,0,,
2024,ITEM_DRIFLOON_GAS,Items,80,40,0,0,0,0,0,18,FALSE,FALSE,0,0,,
2025,ITEM_STUNKY_FUR,Items,80,40,0,0,0,0,0,18,FALSE,FALSE,0,0,,
2026,ITEM_BRONZOR_FRAGMENT,Items,80,40,0,0,0,0,0,18,FALSE,FALSE,0,0,,
2027,ITEM_BONSLY_TEARS,Items,80,40,0,0,0,0,0,18,FALSE,FALSE,0,0,,
2028,ITEM_HAPPINY_DUST,Items,300,150,0,0,0,0,0,18,FALSE,FALSE,0,0,,
2029,ITEM_SPIRITOMB_FRAGMENT,Items,240,120,0,0,0,0,0,18,FALSE,FALSE,0,0,,
2030,ITEM_GIBLE_SCALES,Items,200,100,0,0,0,0,0,18,FALSE,FALSE,0,0,,
2031,ITEM_RIOLU_FUR,Items,160,80,0,0,0,0,0,18,FALSE,FALSE,0,0,,
2032,ITEM_HIPPOPOTAS_SAND,Items,80,40,0,0,0,0,0,18,FALSE,FALSE,0,0,,
2033,ITEM_CROAGUNK_POISON,Items,80,40,0,0,0,0,0,18,FALSE,FALSE,0,0,,
2034,ITEM_FINNEON_SCALES,Items,80,40,0,0,0,0,0,18,FALSE,FALSE,0,0,,
2035,ITEM_SNOVER_BERRIES,Items,60,30,0,0,0,0,0,18,FALSE,FALSE,0,0,,
2036,ITEM_ROTOM_SPARKS,Items,200,100,0,0,0,0,0,18,FALSE,FALSE,0,0,,
2037,ITEM_PETILIL_LEAF,Items,60,30,0,0,0,0,0,18,FALSE,FALSE,0,0,,
2038,ITEM_BASCULIN_FANG,Items,80,40,0,0,0,0,0,18,FALSE,FALSE,0,0,,
2039,ITEM_SANDILE_CLAW,Items,80,40,0,0,0,0,0,18,FALSE,FALSE,0,0,,
2040,ITEM_ZORUA_FUR,Items,140,70,0,0,0,0,0,18,FALSE,FALSE,0,0,,
2041,ITEM_GOTHITA_EYELASH,Items,80,40,0,0,0,0,0,18,FALSE,FALSE,0,0,,
2042,ITEM_DEERLING_HAIR,Items,60,30,0,0,0,0,0,18,FALSE,FALSE,0,0,,
2043,ITEM_FOONGUS_SPORES,Items,80,40,0,0,0,0,0,18,FALSE,FALSE,0,0,,
2044,ITEM_ALOMOMOLA_MUCUS,Items,120,60,0,0,0,0,0,18,FALSE,FALSE,0,0,,
2045,ITEM_TYNAMO_SLIME,Items,80,40,0,0,0,0,0,18,FALSE,FALSE,0,0,,
2046,ITEM_AXEW_SCALES,Items,200,100,0,0,0,0,0,18,FALSE,FALSE,0,0,,
2047,ITEM_CUBCHOO_FUR,Items,80,40,0,0,0,0,0,18,FALSE,FALSE,0,0,,
2048,ITEM_CRYOGONAL_ICE,Items,100,50,0,0,0,0,0,18,FALSE,FALSE,0,0,,
2049,ITEM_PAWNIARD_BLADE,Items,80,40,0,0,0,0,0,18,FALSE,FALSE,0,0,,
2050,ITEM_RUFFLET_FEATHER,Items,80,40,0,0,0,0,0,18,FALSE,FALSE,0,0,,
2051,ITEM_DEINO_SCALES,Items,200,100,0,0,0,0,0,18,FALSE,FALSE,0,0,,
2052,ITEM_LARVESTA_FUZZ,Items,200,100,0,0,0,0,0,18,FALSE,FALSE,0,0,,
2053,ITEM_FLETCHLING_FEATHER,Items,60,30,0,0,0,0,0,18,FALSE,FALSE,0,0,,
2054,ITEM_SCATTERBUG_POWDER,Items,40,20,0,0,0,0,0,18,FALSE,FALSE,0,0,,
2055,ITEM_LITLEO_TUFT,Items,80,40,0,0,0,0,0,18,FALSE,FALSE,0,0,,
2056,ITEM_FLABEBE_POLLEN,Items,80,40,0,0,0,0,0,18,FALSE,FALSE,0,0,,
2057,ITEM_SKIDDO_LEAF,Items,80,40,0,0,0,0,0,18,FALSE,FALSE,0,0,,
2058,ITEM_SKRELP_KELP,Items,100,50,0,0,0,0,0,18,FALSE,FALSE,0,0,,
2059,ITEM_CLAUNCHER_CLAW,Items,100,50,0,0,0,0,0,18,FALSE,FALSE,0,0,,
2060,ITEM_HAWLUCHA_DOWN,Items,100,50,0,0,0,0,0,18,FALSE,FALSE,0,0,,
2061,ITEM_DEDENNE_FUR,Items,100,50,0,0,0,0,0,18,FALSE,FALSE,0,0,,
2062,ITEM_GOOMY_GOO,Items,140,70,0,0,0,0,0,18,FALSE,FALSE,0,0,,
2063,ITEM_KLEFKI_KEY,Items,100,50,0,0,0,0,0,18,FALSE,FALSE,0,0,,
2064,ITEM_BERGMITE_ICE,Items,80,40,0,0,0,0,0,18,FALSE,FALSE,0,0,,
2065,ITEM_NOIBAT_FUR,Items,80,40,0,0,0,0,0,18,FALSE,FALSE,0,0,,
2066,ITEM_YUNGOOS_FUR,Items,60,30,0,0,0,0,0,18,FALSE,FALSE,0,0,,
2067,ITEM_CRABRAWLER_SHELL,Items,100,50,0,0,0,0,0,18,FALSE,FALSE,0,0,,
2068,ITEM_ORICORIO_FEATHER,Items,100,50,0,0,0,0,0,18,FALSE,FALSE,0,0,,
2069,ITEM_ROCKRUFF_ROCK,Items,80,40,0,0,0,0,0,18,FALSE,FALSE,0,0,,
2070,ITEM_MAREANIE_SPIKE,Items,80,40,0,0,0,0,0,18,FALSE,FALSE,0,0,,
2071,ITEM_MUDBRAY_MUD,Items,80,40,0,0,0,0,0,18,FALSE,FALSE,0,0,,
2072,ITEM_FOMANTIS_LEAF,Items,80,40,0,0,0,0,0,18,FALSE,FALSE,0,0,,
2073,ITEM_SALANDIT_GAS,Items,80,40,0,0,0,0,0,18,FALSE,FALSE,0,0,,
2074,ITEM_BOUNSWEET_SWEAT,Items,80,40,0,0,0,0,0,18,FALSE,FALSE,0,0,,
2075,ITEM_ORANGURU_FUR,Items,120,60,0,0,0,0,0,18,FALSE,FALSE,0,0,,
2076,ITEM_PASSIMIAN_FUR,Items,120,60,0,0,0,0,0,18,FALSE,FALSE,0,0,,
2077,ITEM_SANDYGAST_SAND,Items,80,40,0,0,0,0,0,18,FALSE,FALSE,0,0,,
2078,ITEM_KOMALA_CLAW,Items,100,50,0,0,0,0,0,18,FALSE,FALSE,0,0,,
2079,ITEM_MIMIKYU_SCRAP,Items,40,20,0,0,0,0,0,18,FALSE,FALSE,0,0,,
2080,ITEM_BRUXISH_TOOTH,Items,100,50,0,0,0,0,0,18,FALSE,FALSE,0,0,,
2081,ITEM_CHEWTLE_CLAW,Items,80,40,0,0,0,0,0,18,FALSE,FALSE,0,0,,
2082,ITEM_SKWOVET_FUR,Items,60,30,0,0,0,0,0,18,FALSE,FALSE,0,0,,
2083,ITEM_ARROKUDA_SCALES,Items,80,40,0,0,0,0,0,18,FALSE,FALSE,0,0,,
2084,ITEM_ROOKIDEE_FEATHER,Items,80,40,0,0,0,0,0,18,FALSE,FALSE,0,0,,
2085,ITEM_TOXEL_SPARKS,Items,80,40,0,0,0,0,0,18,FALSE,FALSE,0,0,,
2086,ITEM_FALINKS_SWEAT,Items,120,60,0,0,0,0,0,18,FALSE,FALSE,0,0,,
2087,ITEM_CUFANT_TARNISH,Items,80,40,0,0,0,0,0,18,FALSE,FALSE,0,0,,
2088,ITEM_ROLYCOLY_COAL,Items,80,40,0,0,0,0,0,18,FALSE,FALSE,0,0,,
2089,ITEM_SILICOBRA_SAND,Items,80,40,0,0,0,0,0,18,FALSE,FALSE,0,0,,
2090,ITEM_INDEEDEE_FUR,Items,120,60,0,0,0,0,0,18,FALSE,FALSE,0,0,,
2091,ITEM_PINCURCHIN_SPINES,Items,100,50,0,0,0,0,0,18,FALSE,FALSE,0,0,,
2092,ITEM_SNOM_THREAD,Items,80,40,0,0,0,0,0,18,FALSE,FALSE,0,0,,
2093,ITEM_IMPIDIMP_HAIR,Items,80,40,0,0,0,0,0,18,FALSE,FALSE,0,0,,
2094,ITEM_APPLIN_JUICE,Items,100,50,0,0,0,0,0,18,FALSE,FALSE,0,0,,
2095,ITEM_SINISTEA_CHIP,Items,80,40,0,0,0,0,0,18,FALSE,FALSE,0,0,,
2096,ITEM_HATENNA_DUST,Items,80,40,0,0,0,0,0,18,FALSE,FALSE,0,0,,
2097,ITEM_STONJOURNER_STONE,Items,120,60,0,0,0,0,0,18,FALSE,FALSE,0,0,,
2098,ITEM_EISCUE_DOWN,Items,120,60,0,0,0,0,0,18,FALSE,FALSE,0,0,,
2099,ITEM_DREEPY_POWDER,Items,200,100,0,0,0,0,0,18,FALSE,FALSE,0,0,,
2100,ITEM_NONE_2100,Items,0,0,0,0,0,0,0,18,FALSE,FALSE,0,0,,
2101,ITEM_NONE_2101,Items,0,0,0,0,0,0,0,18,FALSE,FALSE,0,0,,
2102,ITEM_NONE_2102,Items,0,0,0,0,0,0,0,18,FALSE,FALSE,0,0,,
2103,ITEM_LECHONK_HAIR,Items,60,30,0,0,0,0,0,18,FALSE,FALSE,0,0,,
2104,ITEM_TAROUNTULA_THREAD,Items,60,30,0,0,0,0,0,18,FALSE,FALSE,0,0,,
2105,ITEM_NYMBLE_CLAW,Items,60,30,0,0,0,0,0,18,FALSE,FALSE,0,0,,
2106,ITEM_RELLOR_MUD,Items,80,40,0,0,0,0,0,18,FALSE,FALSE,0,0,,
2107,ITEM_GREAVARD_WAX,Items,80,40,0,0,0,0,0,18,FALSE,FALSE,0,0,,
2108,ITEM_FLITTLE_DOWN,Items,80,40,0,0,0,0,0,18,FALSE,FALSE,0,0,,
2109,ITEM_WIGLETT_SAND,Items,80,40,0,0,0,0,0,18,FALSE,FALSE,0,0,,
2110,ITEM_DONDOZO_WHISKER,Items,160,80,0,0,0,0,0,18,FALSE,FALSE,0,0,,
2111,ITEM_VELUZA_FILLET,Items,140,70,0,0,0,0,0,18,FALSE,FALSE,0,0,,
2112,ITEM_FINIZEN_MUCUS,Items,100,50,0,0,0,0,0,18,FALSE,FALSE,0,0,,
2113,ITEM_SMOLIV_OIL,Items,80,40,0,0,0,0,0,18,FALSE,FALSE,0,0,,
2114,ITEM_CAPSAKID_SEED,Items,80,40,0,0,0,0,0,18,FALSE,FALSE,0,0,,
2115,ITEM_TADBULB_MUCUS,Items,80,40,0,0,0,0,0,18,FALSE,FALSE,0,0,,
2116,ITEM_VAROOM_FUME,Items,80,40,0,0,0,0,0,18,FALSE,FALSE,0,0,,
2117,ITEM_ORTHWORM_TARNISH,Items,200,100,0,0,0,0,0,18,FALSE,FALSE,0,0,,
2118,ITEM_TANDEMAUS_FUR,Items,80,40,0,0,0,0,0,18,FALSE,FALSE,0,0,,
2119,ITEM_CETODDLE_GREASE,Items,80,40,0,0,0,0,0,18,FALSE,FALSE,0,0,,
2120,ITEM_FRIGIBAX_SCALES,Items,200,100,0,0,0,0,0,18,FALSE,FALSE,0,0,,
2121,ITEM_TATSUGIRI_SCALES,Items,200,100,0,0,0,0,0,18,FALSE,FALSE,0,0,,
2122,ITEM_CYCLIZAR_SCALES,Items,120,60,0,0,0,0,0,18,FALSE,FALSE,0,0,,
2123,ITEM_PAWMI_FUR,Items,100,50,0,0,0,0,0,18,FALSE,FALSE,0,0,,
2124,ITEM_NONE_2124,Items,0,0,0,0,0,0,0,0,FALSE,FALSE,0,0,,
2125,ITEM_NONE_2125,Items,0,0,0,0,0,0,0,0,FALSE,FALSE,0,0,,
2126,ITEM_WATTREL_FEATHER,Items,120,60,0,0,0,0,0,18,FALSE,FALSE,0,0,,
2127,ITEM_BOMBIRDIER_FEATHER,Items,200,100,0,0,0,0,0,18,FALSE,FALSE,0,0,,
2128,ITEM_SQUAWKABILLY_FEATHER,Items,80,40,0,0,0,0,0,18,FALSE,FALSE,0,0,,
2129,ITEM_FLAMIGO_DOWN,Items,80,40,0,0,0,0,0,18,FALSE,FALSE,0,0,,
2130,ITEM_KLAWF_CLAW,Items,200,100,0,0,0,0,0,18,FALSE,FALSE,0,0,,
2131,ITEM_NACLI_SALT,Items,80,40,0,0,0,0,0,18,FALSE,FALSE,0,0,,
2132,ITEM_GLIMMET_CRYSTAL,Items,120,60,0,0,0,0,0,18,FALSE,FALSE,0,0,,
2133,ITEM_SHROODLE_INK,Items,80,40,0,0,0,0,0,18,FALSE,FALSE,0,0,,
2134,ITEM_FIDOUGH_FUR,Items,80,40,0,0,0,0,0,18,FALSE,FALSE,0,0,,
2135,ITEM_MASCHIFF_FANG,Items,80,40,0,0,0,0,0,18,FALSE,FALSE,0,0,,
2136,ITEM_BRAMBLIN_TWIG,Items,80,40,0,0,0,0,0,18,FALSE,FALSE,0,0,,
2137,ITEM_GIMMIGHOUL_COIN,Items,800,400,0,0,30,0,0,31,FALSE,FALSE,0,0,,
2138,ITEM_NONE_2138,Items,0,0,0,0,0,0,0,18,FALSE,FALSE,0,0,,
2139,ITEM_NONE_2139,Items,0,0,0,0,0,0,0,18,FALSE,FALSE,0,0,,
2140,ITEM_NONE_2140,Items,0,0,0,0,0,0,0,18,FALSE,FALSE,0,0,,
2141,ITEM_NONE_2141,Items,0,0,0,0,0,0,0,18,FALSE,FALSE,0,0,,
2142,ITEM_NONE_2142,Items,0,0,0,0,0,0,0,18,FALSE,FALSE,0,0,,
2143,ITEM_NONE_2143,Items,0,0,0,0,0,0,0,18,FALSE,FALSE,0,0,,
2144,ITEM_NONE_2144,Items,0,0,0,0,0,0,0,18,FALSE,FALSE,0,0,,
2145,ITEM_NONE_2145,Items,0,0,0,0,0,0,0,18,FALSE,FALSE,0,0,,
2146,ITEM_NONE_2146,Items,0,0,0,0,0,0,0,18,FALSE,FALSE,0,0,,
2147,ITEM_NONE_2147,Items,0,0,0,0,0,0,0,18,FALSE,FALSE,0,0,,
2148,ITEM_NONE_2148,Items,0,0,0,0,0,0,0,18,FALSE,FALSE,0,0,,
2149,ITEM_NONE_2149,Items,0,0,0,0,0,0,0,18,FALSE,FALSE,0,0,,
2150,ITEM_NONE_2150,Items,0,0,0,0,0,0,0,18,FALSE,FALSE,0,0,,
2151,ITEM_NONE_2151,Items,0,0,0,0,0,0,0,18,FALSE,FALSE,0,0,,
2152,ITEM_NONE_2152,Items,0,0,0,0,0,0,0,18,FALSE,FALSE,0,0,,
2153,ITEM_NONE_2153,Items,0,0,0,0,0,0,0,18,FALSE,FALSE,0,0,,
2154,ITEM_NONE_2154,Items,0,0,0,0,0,0,0,18,FALSE,FALSE,0,0,,
2155,ITEM_NONE_2155,Items,0,0,0,0,0,0,0,18,FALSE,FALSE,0,0,,
2156,ITEM_TINKATINK_HAIR,Items,80,40,0,0,0,0,0,18,FALSE,FALSE,0,0,,
2157,ITEM_CHARCADET_SOOT,Items,160,80,0,0,0,0,0,18,FALSE,FALSE,0,0,,
2158,ITEM_TOEDSCOOL_FLAPS,Items,100,50,0,0,0,0,0,18,FALSE,FALSE,0,0,,
2159,ITEM_WOOPER_SLIME,Items,60,30,0,0,0,0,0,18,FALSE,FALSE,0,0,,
2160,ITEM_TM100_SV,TMs/HMs,20000,10000,0,0,0,0,0,18,FALSE,FALSE,6,0,,
2161,ITEM_TM101,TMs/HMs,32000,16000,0,0,0,0,0,18,FALSE,FALSE,6,0,,
2162,ITEM_TM102,TMs/HMs,20000,10000,0,0,0,0,0,18,FALSE,FALSE,6,0,,
2163,ITEM_TM103,TMs/HMs,20000,10000,0,0,0,0,0,18,FALSE,FALSE,6,0,,
2164,ITEM_TM104,TMs/HMs,6000,3000,0,0,0,0,0,18,FALSE,FALSE,6,0,,
2165,ITEM_TM105,TMs/HMs,20000,10000,0,0,0,0,0,18,FALSE,FALSE,6,0,,
2166,ITEM_TM106,TMs/HMs,32000,16000,0,0,0,0,0,18,FALSE,FALSE,6,0,,
2167,ITEM_TM107,TMs/HMs,12000,6000,0,0,0,0,0,18,FALSE,FALSE,6,0,,
2168,ITEM_TM108,TMs/HMs,32000,16000,0,0,0,0,0,18,FALSE,FALSE,6,0,,
2169,ITEM_TM109,TMs/HMs,20000,10000,0,0,0,0,0,18,FALSE,FALSE,6,0,,
2170,ITEM_TM110,TMs/HMs,40000,20000,0,0,0,0,0,18,FALSE,FALSE,6,0,,
2171,ITEM_TM111,TMs/HMs,32000,16000,0,0,0,0,0,18,FALSE,FALSE,6,0,,
2172,ITEM_TM112,TMs/HMs,32000,16000,0,0,0,0,0,18,FALSE,FALSE,6,0,,
2173,ITEM_TM113,TMs/HMs,20000,10000,0,0,0,0,0,18,FALSE,FALSE,6,0,,
2174,ITEM_TM114,TMs/HMs,32000,16000,0,0,0,0,0,18,FALSE,FALSE,6,0,,
2175,ITEM_TM115,TMs/HMs,32000,16000,0,0,0,0,0,18,FALSE,FALSE,6,0,,
2176,ITEM_TM116,TMs/HMs,20000,10000,0,0,0,0,0,18,FALSE,FALSE,6,0,,
2177,ITEM_TM117,TMs/HMs,32000,16000,0,0,0,0,0,18,FALSE,FALSE,6,0,,
2178,ITEM_TM118,TMs/HMs,40000,20000,0,0,0,0,0,18,FALSE,FALSE,6,0,,
2179,ITEM_TM119,TMs/HMs,40000,20000,0,0,0,0,0,18,FALSE,FALSE,6,0,,
2180,ITEM_TM120,TMs/HMs,40000,20000,0,0,0,0,0,18,FALSE,FALSE,6,0,,
2181,ITEM_TM121,TMs/HMs,20000,10000,0,0,0,0,0,18,FALSE,FALSE,6,0,,
2182,ITEM_TM122,TMs/HMs,12000,6000,0,0,0,0,0,18,FALSE,FALSE,6,0,,
2183,ITEM_TM123,TMs/HMs,32000,16000,0,0,0,0,0,18,FALSE,FALSE,6,0,,
2184,ITEM_TM124,TMs/HMs,40000,20000,0,0,0,0,0,18,FALSE,FALSE,6,0,,
2185,ITEM_TM125,TMs/HMs,40000,20000,0,0,0,0,0,18,FALSE,FALSE,6,0,,
2186,ITEM_TM126,TMs/HMs,40000,20000,0,0,0,0,0,18,FALSE,FALSE,6,0,,
2187,ITEM_TM127,TMs/HMs,40000,20000,0,0,0,0,0,18,FALSE,FALSE,6,0,,
2188,ITEM_TM128,TMs/HMs,6000,3000,0,0,0,0,0,18,FALSE,FALSE,6,0,,
2189,ITEM_TM129,TMs/HMs,12000,6000,0,0,0,0,0,18,FALSE,FALSE,6,0,,
2190,ITEM_TM130,TMs/HMs,1600,800,0,0,0,0,0,18,FALSE,FALSE,6,0,,
2191,ITEM_TM131,TMs/HMs,40000,20000,0,0,0,0,0,18,FALSE,FALSE,6,0,,
2192,ITEM_TM132,TMs/HMs,12000,6000,0,0,0,0,0,18,FALSE,FALSE,6,0,,
2193,ITEM_TM133,TMs/HMs,40000,20000,0,0,0,0,0,18,FALSE,FALSE,6,0,,
2194,ITEM_TM134,TMs/HMs,12000,6000,0,0,0,0,0,18,FALSE,FALSE,6,0,,
2195,ITEM_TM135,TMs/HMs,40000,20000,0,0,0,0,0,18,FALSE,FALSE,6,0,,
2196,ITEM_TM136,TMs/HMs,12000,6000,0,0,0,0,0,18,FALSE,FALSE,6,0,,
2197,ITEM_TM137,TMs/HMs,12000,6000,0,0,0,0,0,18,FALSE,FALSE,6,0,,
2198,ITEM_TM138,TMs/HMs,12000,6000,0,0,0,0,0,18,FALSE,FALSE,6,0,,
2199,ITEM_TM139,TMs/HMs,12000,6000,0,0,0,0,0,18,FALSE,FALSE,6,0,,
2200,ITEM_TM140,TMs/HMs,20000,10000,0,0,0,0,0,18,FALSE,FALSE,6,0,,
2201,ITEM_TM141,TMs/HMs,48000,24000,0,0,0,0,0,18,FALSE,FALSE,6,0,,
2202,ITEM_TM142,TMs/HMs,48000,24000,0,0,0,0,0,18,FALSE,FALSE,6,0,,
2203,ITEM_TM143,TMs/HMs,48000,24000,0,0,0,0,0,18,FALSE,FALSE,6,0,,
2204,ITEM_TM144,TMs/HMs,32000,16000,0,0,0,0,0,18,FALSE,FALSE,6,0,,
2205,ITEM_TM145,TMs/HMs,32000,16000,0,0,0,0,0,18,FALSE,FALSE,6,0,,
2206,ITEM_TM146,TMs/HMs,32000,16000,0,0,0,0,0,18,FALSE,FALSE,6,0,,
2207,ITEM_TM147,TMs/HMs,40000,20000,0,0,0,0,0,18,FALSE,FALSE,6,0,,
2208,ITEM_TM148,TMs/HMs,40000,20000,0,0,0,0,0,18,FALSE,FALSE,6,0,,
2209,ITEM_TM149,TMs/HMs,48000,24000,0,0,0,0,0,18,FALSE,FALSE,6,0,,
2210,ITEM_TM150,TMs/HMs,48000,24000,0,0,0,0,0,18,FALSE,FALSE,6,0,,
2211,ITEM_TM151,TMs/HMs,40000,20000,0,0,0,0,0,18,FALSE,FALSE,6,0,,
2212,ITEM_TM152,TMs/HMs,56000,28000,0,0,0,0,0,18,FALSE,FALSE,6,0,,
2213,ITEM_TM153,TMs/HMs,56000,28000,0,0,0,0,0,18,FALSE,FALSE,6,0,,
2214,ITEM_TM154,TMs/HMs,56000,28000,0,0,0,0,0,18,FALSE,FALSE,6,0,,
2215,ITEM_TM155,TMs/HMs,56000,28000,0,0,0,0,0,18,FALSE,FALSE,6,0,,
2216,ITEM_TM156,TMs/HMs,48000,24000,0,0,0,0,0,18,FALSE,FALSE,6,0,,
2217,ITEM_TM157,TMs/HMs,48000,24000,0,0,0,0,0,18,FALSE,FALSE,6,0,,
2218,ITEM_TM158,TMs/HMs,48000,24000,0,0,0,0,0,18,FALSE,FALSE,6,0,,
2219,ITEM_TM159,TMs/HMs,48000,24000,0,0,0,0,0,18,FALSE,FALSE,6,0,,
2220,ITEM_TM160,TMs/HMs,48000,24000,0,0,0,0,0,18,FALSE,FALSE,6,0,,
2221,ITEM_TM161,TMs/HMs,20000,10000,0,0,0,0,0,18,FALSE,FALSE,6,0,,
2222,ITEM_TM162,TMs/HMs,40000,20000,0,0,0,0,0,18,FALSE,FALSE,6,0,,
2223,ITEM_TM163,TMs/HMs,56000,28000,0,0,0,0,0,18,FALSE,FALSE,6,0,,
2224,ITEM_TM164,TMs/HMs,48000,24000,0,0,0,0,0,18,FALSE,FALSE,6,0,,
2225,ITEM_TM165,TMs/HMs,48000,24000,0,0,0,0,0,18,FALSE,FALSE,6,0,,
2226,ITEM_TM166,TMs/HMs,48000,24000,0,0,0,0,0,18,FALSE,FALSE,6,0,,
2227,ITEM_TM167,TMs/HMs,48000,24000,0,0,0,0,0,18,FALSE,FALSE,6,0,,
2228,ITEM_TM168,TMs/HMs,48000,24000,0,0,0,0,0,18,FALSE,FALSE,6,0,,
2229,ITEM_TM169,TMs/HMs,56000,28000,0,0,0,0,0,18,FALSE,FALSE,6,0,,
2230,ITEM_TM170,TMs/HMs,56000,28000,0,0,0,0,0,18,FALSE,FALSE,6,0,,
2231,ITEM_TM171,TMs/HMs,32000,16000,0,0,0,0,0,18,FALSE,FALSE,6,0,,
2232,ITEM_TM172,TMs/HMs,800,400,0,0,0,0,0,18,FALSE,FALSE,6,0,,
2233,ITEM_TM173,TMs/HMs,1600,800,0,0,0,0,0,18,FALSE,FALSE,6,0,,
2234,ITEM_TM174,TMs/HMs,1600,800,0,0,0,0,0,18,FALSE,FALSE,6,0,,
2235,ITEM_TM175,TMs/HMs,3200,1600,0,0,0,0,0,18,FALSE,FALSE,6,0,,
2236,ITEM_TM176,TMs/HMs,1600,800,0,0,0,0,0,18,FALSE,FALSE,6,0,,
2237,ITEM_TM177,TMs/HMs,800,400,0,0,0,0,0,18,FALSE,FALSE,6,0,,
2238,ITEM_TM178,TMs/HMs,1600,800,0,0,0,0,0,18,FALSE,FALSE,6,0,,
2239,ITEM_TM179,TMs/HMs,3200,1600,0,0,0,0,0,18,FALSE,FALSE,6,0,,
2240,ITEM_TM180,TMs/HMs,40000,20000,0,0,0,0,0,18,FALSE,FALSE,6,0,,
2241,ITEM_TM181,TMs/HMs,56000,28000,0,0,0,0,0,18,FALSE,FALSE,6,0,,
2242,ITEM_TM182,TMs/HMs,12000,6000,0,0,0,0,0,18,FALSE,FALSE,6,0,,
2243,ITEM_TM183,TMs/HMs,20000,10000,0,0,0,0,0,18,FALSE,FALSE,6,0,,
2244,ITEM_TM184,TMs/HMs,12000,6000,0,0,0,0,0,18,FALSE,FALSE,6,0,,
2245,ITEM_TM185,TMs/HMs,20000,10000,0,0,0,0,0,18,FALSE,FALSE,6,0,,
2246,ITEM_TM186,TMs/HMs,20000,10000,0,0,0,0,0,18,FALSE,FALSE,6,0,,
2247,ITEM_TM187,TMs/HMs,40000,20000,0,0,0,0,0,18,FALSE,FALSE,6,0,,
2248,ITEM_TM188,TMs/HMs,32000,16000,0,0,0,0,0,18,FALSE,FALSE,6,0,,
2249,ITEM_TM189,TMs/HMs,32000,16000,0,0,0,0,0,18,FALSE,FALSE,6,0,,
2250,ITEM_TM190,TMs/HMs,48000,24000,0,0,0,0,0,18,FALSE,FALSE,6,0,,
2251,ITEM_TM191,TMs/HMs,20000,10000,0,0,0,0,0,18,FALSE,FALSE,6,0,,
2252,ITEM_TM192,TMs/HMs,32000,16000,0,0,0,0,0,18,FALSE,FALSE,6,0,,
2253,ITEM_TM193,TMs/HMs,6000,3000,0,0,0,0,0,18,FALSE,FALSE,6,0,,
2254,ITEM_TM194,TMs/HMs,40000,20000,0,0,0,0,0,18,FALSE,FALSE,6,0,,
2255,ITEM_TM195,TMs/HMs,32000,16000,0,0,0,0,0,18,FALSE,FALSE,6,0,,
2256,ITEM_TM196,TMs/HMs,20000,10000,0,0,0,0,0,18,FALSE,FALSE,6,0,,
2257,ITEM_TM197,TMs/HMs,20000,10000,0,0,0,0,0,18,FALSE,FALSE,6,0,,
2258,ITEM_TM198,TMs/HMs,56000,28000,0,0,0,0,0,18,FALSE,FALSE,6,0,,
2259,ITEM_TM199,TMs/HMs,20000,10000,0,0,0,0,0,18,FALSE,FALSE,6,0,,
2260,ITEM_TM200,TMs/HMs,40000,20000,0,0,0,0,0,18,FALSE,FALSE,6,0,,
2261,ITEM_TM201,TMs/HMs,56000,28000,0,0,0,0,0,18,FALSE,FALSE,6,0,,
2262,ITEM_TM202,TMs/HMs,0,0,0,0,0,0,0,18,FALSE,FALSE,6,0,,
2263,ITEM_TM203,TMs/HMs,0,0,0,0,0,0,0,18,FALSE,FALSE,6,0,,
2264,ITEM_TM204,TMs/HMs,0,0,0,0,0,0,0,18,FALSE,FALSE,6,0,,
2265,ITEM_TM205,TMs/HMs,0,0,0,0,0,0,0,18,FALSE,FALSE,6,0,,
2266,ITEM_TM206,TMs/HMs,0,0,0,0,0,0,0,18,FALSE,FALSE,6,0,,
2267,ITEM_TM207,TMs/HMs,0,0,0,0,0,0,0,18,FALSE,FALSE,6,0,,
2268,ITEM_TM208,TMs/HMs,0,0,0,0,0,0,0,18,FALSE,FALSE,6,0,,
2269,ITEM_TM209,TMs/HMs,0,0,0,0,0,0,0,18,FALSE,FALSE,6,0,,
2270,ITEM_TM210,TMs/HMs,0,0,0,0,0,0,0,18,FALSE,FALSE,6,0,,
2271,ITEM_TM211,TMs/HMs,0,0,0,0,0,0,0,18,FALSE,FALSE,6,0,,
2272,ITEM_TM212,TMs/HMs,0,0,0,0,0,0,0,18,FALSE,FALSE,6,0,,
2273,ITEM_TM213,TMs/HMs,0,0,0,0,0,0,0,18,FALSE,FALSE,6,0,,
2274,ITEM_TM214,TMs/HMs,0,0,0,0,0,0,0,18,FALSE,FALSE,6,0,,
2275,ITEM_TM215,TMs/HMs,0,0,0,0,0,0,0,18,FALSE,FALSE,6,0,,
2276,ITEM_TM216,TMs/HMs,0,0,0,0,0,0,0,18,FALSE,FALSE,6,0,,
2277,ITEM_TM217,TMs/HMs,0,0,0,0,0,0,0,18,FALSE,FALSE,6,0,,
2278,ITEM_TM218,TMs/HMs,0,0,0,0,0,0,0,18,FALSE,FALSE,6,0,,
2279,ITEM_TM219,TMs/HMs,0,0,0,0,0,0,0,18,FALSE,FALSE,6,0,,
2280,ITEM_TM220,TMs/HMs,0,0,0,0,0,0,0,18,FALSE,FALSE,6,0,,
2281,ITEM_TM221,TMs/HMs,0,0,0,0,0,0,0,18,FALSE,FALSE,6,0,,
2282,ITEM_TM222,TMs/HMs,0,0,0,0,0,0,0,18,FALSE,FALSE,6,0,,
2283,ITEM_TM223,TMs/HMs,0,0,0,0,0,0,0,18,FALSE,FALSE,6,0,,
2284,ITEM_TM224,TMs/HMs,0,0,0,0,0,0,0,18,FALSE,FALSE,6,0,,
2285,ITEM_TM225,TMs/HMs,0,0,0,0,0,0,0,18,FALSE,FALSE,6,0,,
2286,ITEM_TM226,TMs/HMs,0,0,0,0,0,0,0,18,FALSE,FALSE,6,0,,
2287,ITEM_TM227,TMs/HMs,0,0,0,0,0,0,0,18,FALSE,FALSE,6,0,,
2288,ITEM_TM228,TMs/HMs,0,0,0,0,0,0,0,18,FALSE,FALSE,6,0,,
2289,ITEM_TM229,TMs/HMs,0,0,0,0,0,0,0,18,FALSE,FALSE,6,0,,
2290,ITEM_NONE_2290,Items,0,0,0,0,0,0,0,0,FALSE,FALSE,0,0,,
2291,ITEM_NONE_2291,Items,0,0,0,0,0,0,0,0,FALSE,FALSE,0,0,,
2292,ITEM_NONE_2292,Items,0,0,0,0,0,0,0,0,FALSE,FALSE,0,0,,
2293,ITEM_NONE_2293,Items,0,0,0,0,0,0,0,0,FALSE,FALSE,0,0,,
2294,ITEM_NONE_2294,Items,0,0,0,0,0,0,0,0,FALSE,FALSE,0,0,,
2295,ITEM_NONE_2295,Items,0,0,0,0,0,0,0,0,FALSE,FALSE,0,0,,
2296,ITEM_NONE_2296,Items,0,0,0,0,0,0,0,0,FALSE,FALSE,0,0,,
2297,ITEM_NONE_2297,Items,0,0,0,0,0,0,0,0,FALSE,FALSE,0,0,,
2298,ITEM_NONE_2298,Items,0,0,0,0,0,0,0,0,FALSE,FALSE,0,0,,
2299,ITEM_NONE_2299,Items,0,0,0,0,0,0,0,0,FALSE,FALSE,0,0,,
2300,ITEM_NONE_2300,Items,0,0,0,0,0,0,0,0,FALSE,FALSE,0,0,,
2301,ITEM_NONE_2301,Items,0,0,0,0,0,0,0,0,FALSE,FALSE,0,0,,
2302,ITEM_NONE_2302,Items,0,0,0,0,0,0,0,0,FALSE,FALSE,0,0,,
2303,ITEM_NONE_2303,Items,0,0,0,0,0,0,0,0,FALSE,FALSE,0,0,,
2304,ITEM_NONE_2304,Items,0,0,0,0,0,0,0,0,FALSE,FALSE,0,0,,
2305,ITEM_NONE_2305,Items,0,0,0,0,0,0,0,0,FALSE,FALSE,0,0,,
2306,ITEM_NONE_2306,Items,0,0,0,0,0,0,0,0,FALSE,FALSE,0,0,,
2307,ITEM_NONE_2307,Items,0,0,0,0,0,0,0,0,FALSE,FALSE,0,0,,
2308,ITEM_NONE_2308,Items,0,0,0,0,0,0,0,0,FALSE,FALSE,0,0,,
2309,ITEM_NONE_2309,Items,0,0,0,0,0,0,0,0,FALSE,FALSE,0,0,,
2310,ITEM_NONE_2310,Items,0,0,0,0,0,0,0,0,FALSE,FALSE,0,0,,
2311,ITEM_PICNIC_SET,Items,0,0,0,0,0,0,0,18,FALSE,FALSE,0,0,,
2312,ITEM_NONE_2312,Items,0,0,0,0,0,0,0,0,FALSE,FALSE,0,0,,
2313,ITEM_ACADEMY_BOTTLE_1,Items,0,0,0,0,0,0,0,18,FALSE,FALSE,0,0,,
2314,ITEM_ACADEMY_BOTTLE_2,Items,0,0,0,0,0,0,0,18,FALSE,FALSE,0,0,,
2315,ITEM_POLKA_DOT_BOTTLE,Items,1000,500,0,0,0,0,0,18,FALSE,FALSE,0,0,,
2316,ITEM_STRIPED_BOTTLE,Items,1000,500,0,0,0,0,0,18,FALSE,FALSE,0,0,,
2317,ITEM_DIAMOND_BOTTLE,Items,1000,500,0,0,0,0,0,18,FALSE,FALSE,0,0,,
2318,ITEM_ACADEMY_CUP_1,Items,0,0,0,0,0,0,0,18,FALSE,FALSE,0,0,,
2319,ITEM_ACADEMY_CUP_2,Items,0,0,0,0,0,0,0,18,FALSE,FALSE,0,0,,
2320,ITEM_STRIPED_CUP,Items,800,400,0,0,0,0,0,18,FALSE,FALSE,0,0,,
2321,ITEM_POLKA_DOT_CUP,Items,800,400,0,0,0,0,0,18,FALSE,FALSE,0,0,,
2322,ITEM_FLOWER_PATTERN_CUP,Items,800,400,0,0,0,0,0,18,FALSE,FALSE,0,0,,
2323,ITEM_ACADEMY_TABLECLOTH_1,Items,0,0,0,0,0,0,0,18,FALSE,FALSE,0,0,,
2324,ITEM_ACADEMY_TABLECLOTH_2,Items,0,0,0,0,0,0,0,18,FALSE,FALSE,0,0,,
2325,ITEM_WHIMSICAL_TABLECLOTH,Items,2000,1000,0,0,0,0,0,18,FALSE,FALSE,0,0,,
2326,ITEM_LEAFY_TABLECLOTH,Items,2000,1000,0,0,0,0,0,18,FALSE,FALSE,0,0,,
2327,ITEM_SPOOKY_TABLECLOTH,Items,4000,2000,0,0,0,0,0,18,FALSE,FALSE,0,0,,
2328,ITEM_NONE_2328,Items,0,0,0,0,0,0,0,0,FALSE,FALSE,0,0,,
2329,ITEM_ACADEMY_BALL_1,Items,0,0,0,0,0,0,0,18,FALSE,FALSE,0,0,,
2330,ITEM_ACADEMY_BALL_2,Items,0,0,0,0,0,0,0,18,FALSE,FALSE,0,0,,
2331,ITEM_MARILL_BALL,Items,2000,1000,0,0,0,0,0,18,FALSE,FALSE,0,0,,
2332,ITEM_YARN_BALL,Items,1000,500,0,0,0,0,0,18,FALSE,FALSE,0,0,,
2333,ITEM_CYBER_BALL,Items,2000,1000,0,0,0,0,0,18,FALSE,FALSE,0,0,,
2334,ITEM_GOLD_PICK,Items,400,200,0,0,0,0,0,18,FALSE,FALSE,0,0,,
2335,ITEM_SILVER_PICK,Items,40,20,0,0,0,0,0,18,FALSE,FALSE,0,0,,
2336,ITEM_RED_FLAG_PICK,Items,120,60,0,0,0,0,0,18,FALSE,FALSE,0,0,,
2337,ITEM_BLUE_FLAG_PICK,Items,120,60,0,0,0,0,0,18,FALSE,FALSE,0,0,,
2338,ITEM_PIKA_PIKA_PICK,Items,480,240,0,0,0,0,0,18,FALSE,FALSE,0,0,,
2339,ITEM_WINKING_PIKA_PICK,Items,1200,600,0,0,0,0,0,18,FALSE,FALSE,0,0,,
2340,ITEM_VEE_VEE_PICK,Items,480,240,0,0,0,0,0,18,FALSE,FALSE,0,0,,
2341,ITEM_SMILING_VEE_PICK,Items,1200,600,0,0,0,0,0,18,FALSE,FALSE,0,0,,
2342,ITEM_BLUE_POKE_BALL_PICK,Items,200,100,0,0,0,0,0,18,FALSE,FALSE,0,0,,
2343,ITEM_NONE_2343,Items,0,0,0,0,0,0,0,0,FALSE,FALSE,0,0,,
2344,ITEM_AUSPICIOUS_ARMOR,Items,3000,1500,0,0,30,0,0,31,FALSE,FALSE,20,0,,
2345,ITEM_LEADERS_CREST,Items,3000,1500,0,0,10,0,0,31,FALSE,FALSE,0,0,,
2346,ITEM_NONE_2346,Items,0,0,0,0,0,0,0,0,FALSE,FALSE,0,0,,
2347,ITEM_NONE_2347,Items,0,0,0,0,0,0,0,0,FALSE,FALSE,0,0,,
2348,ITEM_PINK_BOTTLE,Items,2000,1000,0,0,0,0,0,18,FALSE,FALSE,0,0,,
2349,ITEM_BLUE_BOTTLE,Items,2000,1000,0,0,0,0,0,18,FALSE,FALSE,0,0,,
2350,ITEM_YELLOW_BOTTLE,Items,2000,1000,0,0,0,0,0,18,FALSE,FALSE,0,0,,
2351,ITEM_STEEL_BOTTLE_R,Items,1500,750,0,0,0,0,0,18,FALSE,FALSE,0,0,,
2352,ITEM_STEEL_BOTTLE_Y,Items,1500,750,0,0,0,0,0,18,FALSE,FALSE,0,0,,
2353,ITEM_STEEL_BOTTLE_B,Items,1500,750,0,0,0,0,0,18,FALSE,FALSE,0,0,,
2354,ITEM_SILVER_BOTTLE,Items,20000,10000,0,0,0,0,0,18,FALSE,FALSE,0,0,,
2355,ITEM_BARRED_CUP,Items,800,400,0,0,0,0,0,18,FALSE,FALSE,0,0,,
2356,ITEM_DIAMOND_PATTERN_CUP,Items,800,400,0,0,0,0,0,18,FALSE,FALSE,0,0,,
2357,ITEM_FIRE_PATTERN_CUP,Items,800,400,0,0,0,0,0,18,FALSE,FALSE,0,0,,
2358,ITEM_PINK_CUP,Items,1500,750,0,0,0,0,0,18,FALSE,FALSE,0,0,,
2359,ITEM_BLUE_CUP,Items,1500,750,0,0,0,0,0,18,FALSE,FALSE,0,0,,
2360,ITEM_YELLOW_CUP,Items,1500,750,0,0,0,0,0,18,FALSE,FALSE,0,0,,
2361,ITEM_PIKACHU_CUP,Items,2000,1000,0,0,0,0,0,18,FALSE,FALSE,0,0,,
2362,ITEM_EEVEE_CUP,Items,2000,1000,0,0,0,0,0,18,FALSE,FALSE,0,0,,
2363,ITEM_SLOWPOKE_CUP,Items,0,0,0,0,0,0,0,18,FALSE,FALSE,0,0,,
2364,ITEM_SILVER_CUP,Items,10000,5000,0,0,0,0,0,18,FALSE,FALSE,0,0,,
2365,ITEM_EXERCISE_BALL,Items,2000,1000,0,0,0,0,0,18,FALSE,FALSE,0,0,,
2366,ITEM_PLAID_TABLECLOTH_Y,Items,3000,1500,0,0,0,0,0,18,FALSE,FALSE,0,0,,
2367,ITEM_PLAID_TABLECLOTH_B,Items,3000,1500,0,0,0,0,0,18,FALSE,FALSE,0,0,,
2368,ITEM_PLAID_TABLECLOTH_R,Items,3000,1500,0,0,0,0,0,18,FALSE,FALSE,0,0,,
2369,ITEM_B_W_GRASS_TABLECLOTH,Items,0,0,0,0,0,0,0,18,FALSE,FALSE,0,0,,
2370,ITEM_BATTLE_TABLECLOTH,Items,4000,2000,0,0,0,0,0,18,FALSE,FALSE,0,0,,
2371,ITEM_MONSTROUS_TABLECLOTH,Items,2000,1000,0,0,0,0,0,18,FALSE,FALSE,0,0,,
2372,ITEM_STRIPED_TABLECLOTH,Items,1500,750,0,0,0,0,0,18,FALSE,FALSE,0,0,,
2373,ITEM_DIAMOND_TABLECLOTH,Items,1500,750,0,0,0,0,0,18,FALSE,FALSE,0,0,,
2374,ITEM_POLKA_DOT_TABLECLOTH,Items,1500,750,0,0,0,0,0,18,FALSE,FALSE,0,0,,
2375,ITEM_LILAC_TABLECLOTH,Items,1000,500,0,0,0,0,0,18,FALSE,FALSE,0,0,,
2376,ITEM_MINT_TABLECLOTH,Items,1000,500,0,0,0,0,0,18,FALSE,FALSE,0,0,,
2377,ITEM_PEACH_TABLECLOTH,Items,1000,500,0,0,0,0,0,18,FALSE,FALSE,0,0,,
2378,ITEM_YELLOW_TABLECLOTH,Items,5000,2500,0,0,0,0,0,18,FALSE,FALSE,0,0,,
2379,ITEM_BLUE_TABLECLOTH,Items,5000,2500,0,0,0,0,0,18,FALSE,FALSE,0,0,,
2380,ITEM_PINK_TABLECLOTH,Items,5000,2500,0,0,0,0,0,18,FALSE,FALSE,0,0,,
2381,ITEM_GOLD_BOTTLE,Items,30000,15000,0,0,0,0,0,18,FALSE,FALSE,0,0,,
2382,ITEM_BRONZE_BOTTLE,Items,10000,5000,0,0,0,0,0,18,FALSE,FALSE,0,0,,
2383,ITEM_GOLD_CUP,Items,15000,7500,0,0,0,0,0,18,FALSE,FALSE,0,0,,
2384,ITEM_BRONZE_CUP,Items,5000,2500,0,0,0,0,0,18,FALSE,FALSE,0,0,,
2385,ITEM_GREEN_POKE_BALL_PICK,Items,200,100,0,0,0,0,0,18,FALSE,FALSE,0,0,,
2386,ITEM_RED_POKE_BALL_PICK,Items,200,100,0,0,0,0,0,18,FALSE,FALSE,0,0,,
2387,ITEM_PARTY_SPARKLER_PICK,Items,1600,800,0,0,0,0,0,18,FALSE,FALSE,0,0,,
2388,ITEM_HEROIC_SWORD_PICK,Items,2000,1000,0,0,0,0,0,18,FALSE,FALSE,0,0,,
2389,ITEM_MAGICAL_STAR_PICK,Items,600,300,0,0,0,0,0,18,FALSE,FALSE,0,0,,
2390,ITEM_MAGICAL_HEART_PICK,Items,600,300,0,0,0,0,0,18,FALSE,FALSE,0,0,,
2391,ITEM_PARASOL_PICK,Items,800,400,0,0,0,0,0,18,FALSE,FALSE,0,0,,
2392,ITEM_BLUE_SKY_FLOWER_PICK,Items,1000,500,0,0,0,0,0,18,FALSE,FALSE,0,0,,
2393,ITEM_SUNSET_FLOWER_PICK,Items,1000,500,0,0,0,0,0,18,FALSE,FALSE,0,0,,
2394,ITEM_SUNRISE_FLOWER_PICK,Items,1000,500,0,0,0,0,0,18,FALSE,FALSE,0,0,,
2395,ITEM_BLUE_DISH,Items,500,250,0,0,0,0,0,18,FALSE,FALSE,0,0,,
2396,ITEM_GREEN_DISH,Items,0,0,0,0,0,0,0,18,FALSE,FALSE,0,0,,
2397,ITEM_ORANGE_DISH,Items,500,250,0,0,0,0,0,18,FALSE,FALSE,0,0,,
2398,ITEM_RED_DISH,Items,500,250,0,0,0,0,0,18,FALSE,FALSE,0,0,,
2399,ITEM_WHITE_DISH,Items,500,250,0,0,0,0,0,18,FALSE,FALSE,0,0,,
2400,ITEM_YELLOW_DISH,Items,500,250,0,0,0,0,0,18,FALSE,FALSE,0,0,,
2401,ITEM_FAIRY_FEATHER,Items,3000,1500,0,20,10,0,0,31,FALSE,FALSE,0,0,,
2402,ITEM_SYRUPY_APPLE,Items,2200,1100,0,0,30,0,0,31,FALSE,FALSE,20,0,,
2403,ITEM_UNREMARKABLE_TEACUP,Items,1600,800,0,0,30,0,0,31,FALSE,FALSE,20,0,,
2404,ITEM_MASTERPIECE_TEACUP,Items,38000,19000,0,0,30,0,0,31,FALSE,FALSE,20,0,,
2405,ITEM_TEAL_MASK,Items,0,0,0,0,60,0,0,18,FALSE,FALSE,0,0,,
2406,ITEM_CORNERSTONE_MASK,Key Items,0,0,0,20,60,0,0,31,TRUE,FALSE,0,0,,
2407,ITEM_WELLSPRING_MASK,Key Items,0,0,0,20,60,0,0,31,TRUE,FALSE,0,0,,
2408,ITEM_HEARTHFLAME_MASK,Key Items,0,0,0,20,60,0,0,31,TRUE,FALSE,0,0,,
2409,ITEM_TEAL_STYLE_CARD,Items,0,0,0,0,0,0,0,18,FALSE,FALSE,0,0,,
2410,ITEM_CRYSTAL_CLUSTER,Items,0,0,0,0,0,0,0,18,FALSE,FALSE,0,0,,
2411,ITEM_HEALTH_MOCHI,Items,500,250,0,0,20,0,0,18,FALSE,FALSE,0,0,,
2412,ITEM_MUSCLE_MOCHI,Items,500,250,0,0,20,0,0,18,FALSE,FALSE,0,0,,
2413,ITEM_RESIST_MOCHI,Items,500,250,0,0,20,0,0,18,FALSE,FALSE,0,0,,
2414,ITEM_GENIUS_MOCHI,Items,500,250,0,0,20,0,0,18,FALSE,FALSE,0,0,,
2415,ITEM_CLEVER_MOCHI,Items,500,250,0,0,20,0,0,18,FALSE,FALSE,0,0,,
2416,ITEM_SWIFT_MOCHI,Items,500,250,0,0,20,0,0,18,FALSE,FALSE,0,0,,
2417,ITEM_SIMPLE_CHAIRS,Items,0,0,0,0,0,0,0,18,FALSE,FALSE,0,0,,
2418,ITEM_ACADEMY_CHAIRS_1,Items,0,0,0,0,0,0,0,18,FALSE,FALSE,0,0,,
2419,ITEM_ACADEMY_CHAIRS_2,Items,0,0,0,0,0,0,0,18,FALSE,FALSE,0,0,,
2420,ITEM_WHIMSICAL_CHAIRS,Items,0,0,0,0,0,0,0,18,FALSE,FALSE,0,0,,
2421,ITEM_LEAFY_CHAIRS,Items,0,0,0,0,0,0,0,18,FALSE,FALSE,0,0,,
2422,ITEM_SPOOKY_CHAIRS,Items,0,0,0,0,0,0,0,18,FALSE,FALSE,0,0,,
2423,ITEM_PLAID_CHAIRS_Y,Items,0,0,0,0,0,0,0,18,FALSE,FALSE,0,0,,
2424,ITEM_PLAID_CHAIRS_B,Items,0,0,0,0,0,0,0,18,FALSE,FALSE,0,0,,
2425,ITEM_PLAID_CHAIRS_R,Items,0,0,0,0,0,0,0,18,FALSE,FALSE,0,0,,
2426,ITEM_B_W_GRASS_CHAIRS,Items,0,0,0,0,0,0,0,18,FALSE,FALSE,0,0,,
2427,ITEM_BATTLE_CHAIRS,Items,0,0,0,0,0,0,0,18,FALSE,FALSE,0,0,,
2428,ITEM_MONSTROUS_CHAIRS,Items,0,0,0,0,0,0,0,18,FALSE,FALSE,0,0,,
2429,ITEM_STRIPED_CHAIRS,Items,0,0,0,0,0,0,0,18,FALSE,FALSE,0,0,,
2430,ITEM_DIAMOND_CHAIRS,Items,0,0,0,0,0,0,0,18,FALSE,FALSE,0,0,,
2431,ITEM_POLKA_DOT_CHAIRS,Items,0,0,0,0,0,0,0,18,FALSE,FALSE,0,0,,
2432,ITEM_LILAC_CHAIRS,Items,0,0,0,0,0,0,0,18,FALSE,FALSE,0,0,,
2433,ITEM_MINT_CHAIRS,Items,0,0,0,0,0,0,0,18,FALSE,FALSE,0,0,,
2434,ITEM_PEACH_CHAIRS,Items,0,0,0,0,0,0,0,18,FALSE,FALSE,0,0,,
2435,ITEM_YELLOW_CHAIRS,Items,0,0,0,0,0,0,0,18,FALSE,FALSE,0,0,,
2436,ITEM_BLUE_CHAIRS,Items,0,0,0,0,0,0,0,18,FALSE,FALSE,0,0,,
2437,ITEM_PINK_CHAIRS,Items,0,0,0,0,0,0,0,18,FALSE,FALSE,0,0,,
2438,ITEM_EKANS_FANG,Items,60,30,0,0,0,0,0,18,FALSE,FALSE,0,0,,
2439,ITEM_SANDSHREW_CLAW,Items,40,20,0,0,0,0,0,18,FALSE,FALSE,0,0,,
2440,ITEM_CLEFFA_FUR,Items,100,50,0,0,0,0,0,18,FALSE,FALSE,0,0,,
2441,ITEM_VULPIX_FUR,Items,140,70,0,0,0,0,0,18,FALSE,FALSE,0,0,,
2442,ITEM_POLIWAG_SLIME,Items,140,70,0,0,0,0,0,18,FALSE,FALSE,0,0,,
2443,ITEM_BELLSPROUT_VINE,Items,100,50,0,0,0,0,0,18,FALSE,FALSE,0,0,,
2444,ITEM_GEODUDE_FRAGMENT,Items,120,60,0,0,0,0,0,18,FALSE,FALSE,0,0,,
2445,ITEM_KOFFING_GAS,Items,100,50,0,0,0,0,0,18,FALSE,FALSE,0,0,,
2446,ITEM_MUNCHLAX_FANG,Items,160,80,0,0,0,0,0,18,FALSE,FALSE,0,0,,
2447,ITEM_SENTRET_FUR,Items,40,20,0,0,0,0,0,18,FALSE,FALSE,0,0,,
2448,ITEM_HOOTHOOT_FEATHER,Items,60,30,0,0,0,0,0,18,FALSE,FALSE,0,0,,
2449,ITEM_SPINARAK_THREAD,Items,40,20,0,0,0,0,0,18,FALSE,FALSE,0,0,,
2450,ITEM_AIPOM_HAIR,Items,120,60,0,0,0,0,0,18,FALSE,FALSE,0,0,,
2451,ITEM_YANMA_SPIKE,Items,140,70,0,0,0,0,0,18,FALSE,FALSE,0,0,,
2452,ITEM_GLIGAR_FANG,Items,160,80,0,0,0,0,0,18,FALSE,FALSE,0,0,,
2453,ITEM_SLUGMA_LAVA,Items,80,40,0,0,0,0,0,18,FALSE,FALSE,0,0,,
2454,ITEM_SWINUB_HAIR,Items,140,70,0,0,0,0,0,18,FALSE,FALSE,0,0,,
2455,ITEM_POOCHYENA_FANG,Items,60,30,0,0,0,0,0,18,FALSE,FALSE,0,0,,
2456,ITEM_LOTAD_LEAF,Items,80,40,0,0,0,0,0,18,FALSE,FALSE,0,0,,
2457,ITEM_SEEDOT_STEM,Items,80,40,0,0,0,0,0,18,FALSE,FALSE,0,0,,
2458,ITEM_NOSEPASS_FRAGMENT,Items,160,80,0,0,0,0,0,18,FALSE,FALSE,0,0,,
2459,ITEM_VOLBEAT_FLUID,Items,40,20,0,0,0,0,0,18,FALSE,FALSE,0,0,,
2460,ITEM_ILLUMISE_FLUID,Items,40,20,0,0,0,0,0,18,FALSE,FALSE,0,0,,
2461,ITEM_CORPHISH_SHELL,Items,40,20,0,0,0,0,0,18,FALSE,FALSE,0,0,,
2462,ITEM_FEEBAS_SCALES,Items,140,70,0,0,0,0,0,18,FALSE,FALSE,0,0,,
2463,ITEM_DUSKULL_FRAGMENT,Items,160,80,0,0,0,0,0,18,FALSE,FALSE,0,0,,
2464,ITEM_CHINGLING_FRAGMENT,Items,80,40,0,0,0,0,0,18,FALSE,FALSE,0,0,,
2465,ITEM_TIMBURR_SWEAT,Items,120,60,0,0,0,0,0,18,FALSE,FALSE,0,0,,
2466,ITEM_SEWADDLE_LEAF,Items,80,40,0,0,0,0,0,18,FALSE,FALSE,0,0,,
2467,ITEM_DUCKLETT_FEATHER,Items,60,30,0,0,0,0,0,18,FALSE,FALSE,0,0,,
2468,ITEM_LITWICK_SOOT,Items,120,60,0,0,0,0,0,18,FALSE,FALSE,0,0,,
2469,ITEM_MIENFOO_CLAW,Items,160,80,0,0,0,0,0,18,FALSE,FALSE,0,0,,
2470,ITEM_VULLABY_FEATHER,Items,140,70,0,0,0,0,0,18,FALSE,FALSE,0,0,,
2471,ITEM_CARBINK_JEWEL,Items,200,100,0,0,0,0,0,18,FALSE,FALSE,0,0,,
2472,ITEM_PHANTUMP_TWIG,Items,80,40,0,0,0,0,0,18,FALSE,FALSE,0,0,,
2473,ITEM_GRUBBIN_THREAD,Items,100,50,0,0,0,0,0,18,FALSE,FALSE,0,0,,
2474,ITEM_CUTIEFLY_POWDER,Items,100,50,0,0,0,0,0,18,FALSE,FALSE,0,0,,
2475,ITEM_JANGMO_O_SCALES,Items,200,100,0,0,0,0,0,18,FALSE,FALSE,0,0,,
2476,ITEM_CRAMORANT_DOWN,Items,120,60,0,0,0,0,0,18,FALSE,FALSE,0,0,,
2477,ITEM_MORPEKO_SNACK,Items,60,30,0,0,0,0,0,18,FALSE,FALSE,0,0,,
2478,ITEM_POLTCHAGEIST_POWDER,Items,120,60,0,0,0,0,0,18,FALSE,FALSE,0,0,,
2479,ITEM_FRESH_START_MOCHI,Items,300,150,0,0,20,0,0,18,FALSE,FALSE,0,0,,
2480,ITEM_ROTO_STICK,Items,0,0,0,0,0,0,0,18,FALSE,FALSE,0,0,,
2481,ITEM_GLIMMERING_CHARM,Items,0,0,0,0,0,0,0,18,FALSE,FALSE,0,0,,
2482,ITEM_METAL_ALLOY,Items,3000,1500,0,0,30,0,0,31,FALSE,FALSE,20,0,,
2483,ITEM_INDIGO_STYLE_CARD,Items,0,0,0,0,0,0,0,0,FALSE,FALSE,0,0,,
2484,ITEM_ODDISH_LEAF,Items,0,0,0,0,0,0,0,0,FALSE,FALSE,0,0,,
2485,ITEM_TENTACOOL_STINGER,Items,0,0,0,0,0,0,0,0,FALSE,FALSE,0,0,,
2486,ITEM_DODUO_DOWN,Items,0,0,0,0,0,0,0,0,FALSE,FALSE,0,0,,
2487,ITEM_SEEL_FUR,Items,0,0,0,0,0,0,0,0,FALSE,FALSE,0,0,,
2488,ITEM_EXEGGCUTE_SHELL,Items,0,0,0,0,0,0,0,0,FALSE,FALSE,0,0,,
2489,ITEM_TYROGUE_SWEAT,Items,0,0,0,0,0,0,0,0,FALSE,FALSE,0,0,,
2490,ITEM_RHYHORN_FANG,Items,0,0,0,0,0,0,0,0,FALSE,FALSE,0,0,,
2491,ITEM_HORSEA_INK,Items,0,0,0,0,0,0,0,0,FALSE,FALSE,0,0,,
2492,ITEM_ELEKID_FUR,Items,0,0,0,0,0,0,0,0,FALSE,FALSE,0,0,,
2493,ITEM_MAGBY_HAIR,Items,0,0,0,0,0,0,0,0,FALSE,FALSE,0,0,,
2494,ITEM_LAPRAS_TEARDROP,Items,0,0,0,0,0,0,0,0,FALSE,FALSE,0,0,,
2495,ITEM_PORYGON_FRAGMENT,Items,0,0,0,0,0,0,0,0,FALSE,FALSE,0,0,,
2496,ITEM_CHINCHOU_SPARKS,Items,0,0,0,0,0,0,0,0,FALSE,FALSE,0,0,,
2497,ITEM_SNUBBULL_HAIR,Items,0,0,0,0,0,0,0,0,FALSE,FALSE,0,0,,
2498,ITEM_SKARMORY_FEATHER,Items,0,0,0,0,0,0,0,0,FALSE,FALSE,0,0,,
2499,ITEM_SMEARGLE_PAINT,Items,0,0,0,0,0,0,0,0,FALSE,FALSE,0,0,,
2500,ITEM_PLUSLE_FUR,Items,0,0,0,0,0,0,0,0,FALSE,FALSE,0,0,,
2501,ITEM_MINUN_FUR,Items,0,0,0,0,0,0,0,0,FALSE,FALSE,0,0,,
2502,ITEM_TRAPINCH_SHELL,Items,0,0,0,0,0,0,0,0,FALSE,FALSE,0,0,,
2503,ITEM_BELDUM_CLAW,Items,0,0,0,0,0,0,0,0,FALSE,FALSE,0,0,,
2504,ITEM_CRANIDOS_SPIKE,Items,0,0,0,0,0,0,0,0,FALSE,FALSE,0,0,,
2505,ITEM_SHIELDON_CLAW,Items,0,0,0,0,0,0,0,0,FALSE,FALSE,0,0,,
2506,ITEM_BLITZLE_MANE_HAIR,Items,0,0,0,0,0,0,0,0,FALSE,FALSE,0,0,,
2507,ITEM_DRILBUR_CLAW,Items,0,0,0,0,0,0,0,0,FALSE,FALSE,0,0,,
2508,ITEM_COTTONEE_FLUFF,Items,0,0,0,0,0,0,0,0,FALSE,FALSE,0,0,,
2509,ITEM_SCRAGGY_SWEAT,Items,0,0,0,0,0,0,0,0,FALSE,FALSE,0,0,,
2510,ITEM_MINCCINO_FUR,Items,0,0,0,0,0,0,0,0,FALSE,FALSE,0,0,,
2511,ITEM_SOLOSIS_GEL,Items,0,0,0,0,0,0,0,0,FALSE,FALSE,0,0,,
2512,ITEM_JOLTIK_THREAD,Items,0,0,0,0,0,0,0,0,FALSE,FALSE,0,0,,
2513,ITEM_GOLETT_SHARD,Items,0,0,0,0,0,0,0,0,FALSE,FALSE,0,0,,
2514,ITEM_ESPURR_FUR,Items,0,0,0,0,0,0,0,0,FALSE,FALSE,0,0,,
2515,ITEM_INKAY_INK,Items,0,0,0,0,0,0,0,0,FALSE,FALSE,0,0,,
2516,ITEM_PIKIPEK_FEATHER,Items,0,0,0,0,0,0,0,0,FALSE,FALSE,0,0,,
2517,ITEM_DEWPIDER_THREAD,Items,0,0,0,0,0,0,0,0,FALSE,FALSE,0,0,,
2518,ITEM_COMFEY_FLOWER,Items,0,0,0,0,0,0,0,0,FALSE,FALSE,0,0,,
2519,ITEM_MINIOR_SHELL,Items,0,0,0,0,0,0,0,0,FALSE,FALSE,0,0,,
2520,ITEM_MILCERY_CREAM,Items,0,0,0,0,0,0,0,0,FALSE,FALSE,0,0,,
2521,ITEM_DURALUDON_TARNISH,Items,0,0,0,0,0,0,0,0,FALSE,FALSE,0,0,,
2522,ITEM_ARTICUNO_TREAT,Items,0,0,0,0,0,0,0,0,FALSE,FALSE,0,0,,
2523,ITEM_ZAPDOS_TREAT,Items,0,0,0,0,0,0,0,0,FALSE,FALSE,0,0,,
2524,ITEM_MOLTRES_TREAT,Items,0,0,0,0,0,0,0,0,FALSE,FALSE,0,0,,
2525,ITEM_RAIKOU_TREAT,Items,0,0,0,0,0,0,0,0,FALSE,FALSE,0,0,,
2526,ITEM_ENTEI_TREAT,Items,0,0,0,0,0,0,0,0,FALSE,FALSE,0,0,,
2527,ITEM_SUICUNE_TREAT,Items,0,0,0,0,0,0,0,0,FALSE,FALSE,0,0,,
2528,ITEM_LUGIA_TREAT,Items,0,0,0,0,0,0,0,0,FALSE,FALSE,0,0,,
2529,ITEM_HO_OH_TREAT,Items,0,0,0,0,0,0,0,0,FALSE,FALSE,0,0,,
2530,ITEM_LATIAS_TREAT,Items,0,0,0,0,0,0,0,0,FALSE,FALSE,0,0,,
2531,ITEM_LATIOS_TREAT,Items,0,0,0,0,0,0,0,0,FALSE,FALSE,0,0,,
2532,ITEM_KYOGRE_TREAT,Items,0,0,0,0,0,0,0,0,FALSE,FALSE,0,0,,
2533,ITEM_GROUDON_TREAT,Items,0,0,0,0,0,0,0,0,FALSE,FALSE,0,0,,
2534,ITEM_RAYQUAZA_TREAT,Items,0,0,0,0,0,0,0,0,FALSE,FALSE,0,0,,
2535,ITEM_COBALION_TREAT,Items,0,0,0,0,0,0,0,0,FALSE,FALSE,0,0,,
2536,ITEM_TERRAKION_TREAT,Items,0,0,0,0,0,0,0,0,FALSE,FALSE,0,0,,
2537,ITEM_VIRIZION_TREAT,Items,0,0,0,0,0,0,0,0,FALSE,FALSE,0,0,,
2538,ITEM_RESHIRAM_TREAT,Items,0,0,0,0,0,0,0,0,FALSE,FALSE,0,0,,
2539,ITEM_ZEKROM_TREAT,Items,0,0,0,0,0,0,0,0,FALSE,FALSE,0,0,,
2540,ITEM_KYUREM_TREAT,Items,0,0,0,0,0,0,0,0,FALSE,FALSE,0,0,,
2541,ITEM_SOLGALEO_TREAT,Items,0,0,0,0,0,0,0,0,FALSE,FALSE,0,0,,
2542,ITEM_LUNALA_TREAT,Items,0,0,0,0,0,0,0,0,FALSE,FALSE,0,0,,
2543,ITEM_NECROZMA_TREAT,Items,0,0,0,0,0,0,0,0,FALSE,FALSE,0,0,,
2544,ITEM_KUBFU_TREAT,Items,0,0,0,0,0,0,0,0,FALSE,FALSE,0,0,,
2545,ITEM_GLASTRIER_TREAT,Items,0,0,0,0,0,0,0,0,FALSE,FALSE,0,0,,
2546,ITEM_SPECTRIER_TREAT,Items,0,0,0,0,0,0,0,0,FALSE,FALSE,0,0,,
2547,ITEM_INDIGO_DISK,Items,0,0,0,0,0,0,0,0,FALSE,FALSE,0,0,,
2548,ITEM_FIERY_PICK,Items,0,0,0,0,0,0,0,0,FALSE,FALSE,0,0,,
2549,ITEM_STELLAR_TERA_SHARD,Items,0,0,0,0,0,0,0,0,FALSE,FALSE,0,0,,
2550,ITEM_MYTHICAL_PECHA_BERRY,Items,0,0,0,0,0,0,0,0,FALSE,FALSE,0,0,,
2551,ITEM_BLUEBERRY_TABLECLOTH,Items,0,0,0,0,0,0,0,0,FALSE,FALSE,0,0,,
2552,ITEM_BLUEBERRY_CHAIRS,Items,0,0,0,0,0,0,0,0,FALSE,FALSE,0,0,,
2553,ITEM_SYNCHRO_MACHINE,Items,0,0,0,0,0,0,0,0,FALSE,FALSE,0,0,,
2554,ITEM_METEORITE_SV_DEOXYS,Items,0,0,0,0,0,0,0,0,FALSE,FALSE,0,0,,
2555,ITEM_SCARLET_BOOK_SVID,Items,0,0,0,0,0,0,0,0,FALSE,FALSE,0,0,,
2556,ITEM_VIOLET_BOOK_SVID,Items,0,0,0,0,0,0,0,0,FALSE,FALSE,0,0,,
2557,ITEM_BRIARS_BOOK,Items,0,0,0,0,0,0,0,0,FALSE,FALSE,0,0,,
