entity_type,event_file,maps,entity_index,ow_id,overlay_entry,ow_type,script_file,script_num,flag
overworld,0001,UNION(H2),0,0,337,NORMAL,957,8,0x0000
overworld,0001,UNION(H2),1,1,3,NORMAL,957,4,0x0000
overworld,0001,UNION(H2),2,2,3,NORMAL,957,4,0x0000
overworld,0001,UNION(H2),3,3,3,NORMAL,957,4,0x0000
overworld,0001,UNION(H2),4,4,37,NORMAL,957,4,0x0000
overworld,0001,UNION(H2),5,5,31,NORMAL,957,4,0x0000
overworld,0001,UNION(H2),6,6,3,NORMAL,957,4,0x0000
overworld,0001,UNION(H2),7,7,3,NORMAL,957,4,0x0000
overworld,0001,UNION(H2),8,8,6,NORMAL,957,4,0x0000
overworld,0001,UNION(H2),9,9,3,NORMAL,957,4,0x0000
overworld,0001,UNION(H2),10,10,3,NORMAL,957,4,0x0000
overworld,0001,UNION(H2),11,11,3,NORMAL,957,7,0x0000
overworld,0001,UNION(H2),12,12,3,NORMAL,957,7,0x0000
overworld,0001,UNION(H2),13,13,3,NORMAL,957,7,0x0000
overworld,0001,UNION(H2),14,14,3,NORMAL,957,7,0x0000
overworld,0001,UNION(H2),15,15,3,NORMAL,957,7,0x0000
overworld,0001,UNION(H2),16,16,3,NORMAL,957,7,0x0000
overworld,0001,UNION(H2),17,17,3,NORMAL,957,7,0x0000
overworld,0001,UNION(H2),18,18,3,NORMAL,957,7,0x0000
overworld,0001,UNION(H2),19,19,3,NORMAL,957,7,0x0000
overworld,0001,UNION(H2),20,20,3,NORMAL,957,7,0x0000
overworld,0001,UNION(H2),21,21,3,NORMAL,957,7,0x0000
overworld,0001,UNION(H2),22,22,3,NORMAL,957,7,0x0000
overworld,0001,UNION(H2),23,23,14,NORMAL,957,7,0x0000
overworld,0001,UNION(H2),24,24,42,NORMAL,957,7,0x0000
overworld,0001,UNION(H2),25,25,63,NORMAL,957,7,0x0000
overworld,0001,UNION(H2),26,26,35,NORMAL,957,7,0x0000
overworld,0001,UNION(H2),27,27,5,NORMAL,957,7,0x0000
overworld,0001,UNION(H2),28,28,50,NORMAL,957,7,0x0000
overworld,0001,UNION(H2),29,29,51,NORMAL,957,7,0x0000
overworld,0001,UNION(H2),30,30,11,NORMAL,957,7,0x0000
overworld,0001,UNION(H2),31,31,3,NORMAL,957,7,0x0000
overworld,0001,UNION(H2),32,32,3,NORMAL,957,7,0x0000
overworld,0001,UNION(H2),33,33,3,NORMAL,957,7,0x0000
overworld,0001,UNION(H2),34,34,3,NORMAL,957,7,0x0000
overworld,0001,UNION(H2),35,35,3,NORMAL,957,7,0x0000
overworld,0001,UNION(H2),36,36,3,NORMAL,957,7,0x0000
overworld,0001,UNION(H2),37,37,3,NORMAL,957,7,0x0000
overworld,0001,UNION(H2),38,38,3,NORMAL,957,7,0x0000
overworld,0001,UNION(H2),39,39,62,NORMAL,957,7,0x0000
overworld,0001,UNION(H2),40,40,7,NORMAL,957,7,0x0000
overworld,0001,UNION(H2),41,41,13,NORMAL,957,7,0x0000
overworld,0001,UNION(H2),42,42,70,NORMAL,957,7,0x0000
overworld,0001,UNION(H2),43,43,3,NORMAL,957,7,0x0000
overworld,0001,UNION(H2),44,44,3,NORMAL,957,7,0x0000
overworld,0001,UNION(H2),45,45,3,NORMAL,957,7,0x0000
overworld,0001,UNION(H2),46,46,3,NORMAL,957,7,0x0000
overworld,0001,UNION(H2),47,47,3,NORMAL,957,7,0x0000
overworld,0001,UNION(H2),48,48,3,NORMAL,957,7,0x0000
overworld,0001,UNION(H2),49,49,3,NORMAL,957,7,0x0000
overworld,0001,UNION(H2),50,50,3,NORMAL,957,7,0x0000
overworld,0002,DIRECT2(H4),0,0,337,NORMAL,137,9100,0x0000
overworld,0003,DIRECT4(H5),0,0,337,NORMAL,138,9100,0x0000
overworld,0004,D17R1101(H6),0,0,355,NORMAL,22,2,0x02CA
overworld,0005,D18R0101(H7); BURNT TWR F1(H268),0,0,148,NORMAL,23,0,0x01C6
overworld,0005,D18R0101(H7); BURNT TWR F1(H268),1,1,382,NORMAL,23,2,0x01C7
overworld,0005,D18R0101(H7); BURNT TWR F1(H268),2,2,355,NORMAL,23,3,0x01CC
overworld,0005,D18R0101(H7); BURNT TWR F1(H268),3,3,227,TRAINER,23,3280,0x0000
overworld,0005,D18R0101(H7); BURNT TWR F1(H268),4,4,227,TRAINER,23,3281,0x0000
overworld,0005,D18R0101(H7); BURNT TWR F1(H268),5,5,1039,NORMAL,23,0,0x01E0
overworld,0005,D18R0101(H7); BURNT TWR F1(H268),6,6,1037,NORMAL,23,0,0x01DE
overworld,0005,D18R0101(H7); BURNT TWR F1(H268),7,7,1038,NORMAL,23,0,0x01DF
overworld,0005,D18R0101(H7); BURNT TWR F1(H268),8,8,85,NORMAL,23,10001,0x0010
overworld,0005,D18R0101(H7); BURNT TWR F1(H268),9,9,85,NORMAL,23,10001,0x0011
overworld,0005,D18R0101(H7); BURNT TWR F1(H268),10,10,85,NORMAL,23,10001,0x0012
overworld,0005,D18R0101(H7); BURNT TWR F1(H268),11,11,87,NORMAL,23,7045,0x0431
overworld,0005,D18R0101(H7); BURNT TWR F1(H268),12,12,87,NORMAL,23,7018,0x050B
overworld,0005,D18R0101(H7); BURNT TWR F1(H268),13,13,1039,NORMAL,23,0,0x030E
overworld,0006,R01(H9); RT 1 AREA 1(H22),0,0,262,NORMAL,168,2800,0x0000
overworld,0006,R01(H9); RT 1 AREA 1(H22),1,1,328,NORMAL,168,1,0x027E
overworld,0007,RT 2 AREA 1(H30); RT 2 AREA 2(H31),0,0,4,TRAINER,169,3000,0x0000
overworld,0007,RT 2 AREA 1(H30); RT 2 AREA 2(H31),1,1,12,TRAINER,169,3001,0x0000
overworld,0007,RT 2 AREA 1(H30); RT 2 AREA 2(H31),2,2,9,TRAINER,169,3002,0x0000
overworld,0008,RT 3 AREA 1(H39); RT 3 AREA 2(H40),0,0,317,TRAINER,175,3006,0x0000
overworld,0008,RT 3 AREA 1(H39); RT 3 AREA 2(H40),1,1,12,TRAINER,175,3007,0x0000
overworld,0008,RT 3 AREA 1(H39); RT 3 AREA 2(H40),2,2,45,TRAINER,175,3008,0x0000
overworld,0009,RT 3 AREA 3(H42),0,0,1431,NORMAL,178,1,0x0310
overworld,0010,RT 3 AREA 4(H43),0,0,211,TRAINER,179,3010,0x0000
overworld,0011,LOB FOREST 01(H47); LOB FOREST 02(H48); LOB FOREST 03(H49); LOB FOREST 04(H50); LOB FOREST 05(H51); LOB FOREST 06(H52); LOB FOREST 07(H53); LOB FOREST 08(H54); LOB FOREST 09(H55),0,0,97,TRAINER,184,3012,0x0000
overworld,0011,LOB FOREST 01(H47); LOB FOREST 02(H48); LOB FOREST 03(H49); LOB FOREST 04(H50); LOB FOREST 05(H51); LOB FOREST 06(H52); LOB FOREST 07(H53); LOB FOREST 08(H54); LOB FOREST 09(H55),1,1,5,TRAINER,184,3013,0x0000
overworld,0011,LOB FOREST 01(H47); LOB FOREST 02(H48); LOB FOREST 03(H49); LOB FOREST 04(H50); LOB FOREST 05(H51); LOB FOREST 06(H52); LOB FOREST 07(H53); LOB FOREST 08(H54); LOB FOREST 09(H55),2,2,5,TRAINER,184,3016,0x0000
overworld,0011,LOB FOREST 01(H47); LOB FOREST 02(H48); LOB FOREST 03(H49); LOB FOREST 04(H50); LOB FOREST 05(H51); LOB FOREST 06(H52); LOB FOREST 07(H53); LOB FOREST 08(H54); LOB FOREST 09(H55),3,3,5,TRAINER,184,3017,0x0000
overworld,0011,LOB FOREST 01(H47); LOB FOREST 02(H48); LOB FOREST 03(H49); LOB FOREST 04(H50); LOB FOREST 05(H51); LOB FOREST 06(H52); LOB FOREST 07(H53); LOB FOREST 08(H54); LOB FOREST 09(H55),4,4,141,TRAINER,184,3018,0x0000
overworld,0011,LOB FOREST 01(H47); LOB FOREST 02(H48); LOB FOREST 03(H49); LOB FOREST 04(H50); LOB FOREST 05(H51); LOB FOREST 06(H52); LOB FOREST 07(H53); LOB FOREST 08(H54); LOB FOREST 09(H55),5,5,5,TRAINER,184,3019,0x0000
overworld,0011,LOB FOREST 01(H47); LOB FOREST 02(H48); LOB FOREST 03(H49); LOB FOREST 04(H50); LOB FOREST 05(H51); LOB FOREST 06(H52); LOB FOREST 07(H53); LOB FOREST 08(H54); LOB FOREST 09(H55),6,6,5,TRAINER,184,3020,0x0000
overworld,0011,LOB FOREST 01(H47); LOB FOREST 02(H48); LOB FOREST 03(H49); LOB FOREST 04(H50); LOB FOREST 05(H51); LOB FOREST 06(H52); LOB FOREST 07(H53); LOB FOREST 08(H54); LOB FOREST 09(H55),7,7,5,TRAINER,184,3022,0x0000
overworld,0011,LOB FOREST 01(H47); LOB FOREST 02(H48); LOB FOREST 03(H49); LOB FOREST 04(H50); LOB FOREST 05(H51); LOB FOREST 06(H52); LOB FOREST 07(H53); LOB FOREST 08(H54); LOB FOREST 09(H55),8,8,5,TRAINER,184,3023,0x0000
overworld,0011,LOB FOREST 01(H47); LOB FOREST 02(H48); LOB FOREST 03(H49); LOB FOREST 04(H50); LOB FOREST 05(H51); LOB FOREST 06(H52); LOB FOREST 07(H53); LOB FOREST 08(H54); LOB FOREST 09(H55),9,9,5,TRAINER,184,3024,0x0000
overworld,0011,LOB FOREST 01(H47); LOB FOREST 02(H48); LOB FOREST 03(H49); LOB FOREST 04(H50); LOB FOREST 05(H51); LOB FOREST 06(H52); LOB FOREST 07(H53); LOB FOREST 08(H54); LOB FOREST 09(H55),10,10,5,TRAINER,184,3027,0x0000
overworld,0011,LOB FOREST 01(H47); LOB FOREST 02(H48); LOB FOREST 03(H49); LOB FOREST 04(H50); LOB FOREST 05(H51); LOB FOREST 06(H52); LOB FOREST 07(H53); LOB FOREST 08(H54); LOB FOREST 09(H55),11,11,5,TRAINER,184,3032,0x0000
overworld,0011,LOB FOREST 01(H47); LOB FOREST 02(H48); LOB FOREST 03(H49); LOB FOREST 04(H50); LOB FOREST 05(H51); LOB FOREST 06(H52); LOB FOREST 07(H53); LOB FOREST 08(H54); LOB FOREST 09(H55),12,12,5,TRAINER,184,3034,0x0000
overworld,0011,LOB FOREST 01(H47); LOB FOREST 02(H48); LOB FOREST 03(H49); LOB FOREST 04(H50); LOB FOREST 05(H51); LOB FOREST 06(H52); LOB FOREST 07(H53); LOB FOREST 08(H54); LOB FOREST 09(H55),13,13,141,TRAINER,184,3035,0x0000
overworld,0011,LOB FOREST 01(H47); LOB FOREST 02(H48); LOB FOREST 03(H49); LOB FOREST 04(H50); LOB FOREST 05(H51); LOB FOREST 06(H52); LOB FOREST 07(H53); LOB FOREST 08(H54); LOB FOREST 09(H55),14,14,5,TRAINER,184,3036,0x0000
overworld,0011,LOB FOREST 01(H47); LOB FOREST 02(H48); LOB FOREST 03(H49); LOB FOREST 04(H50); LOB FOREST 05(H51); LOB FOREST 06(H52); LOB FOREST 07(H53); LOB FOREST 08(H54); LOB FOREST 09(H55),15,15,5,TRAINER,184,3037,0x0000
overworld,0011,LOB FOREST 01(H47); LOB FOREST 02(H48); LOB FOREST 03(H49); LOB FOREST 04(H50); LOB FOREST 05(H51); LOB FOREST 06(H52); LOB FOREST 07(H53); LOB FOREST 08(H54); LOB FOREST 09(H55),16,16,5,TRAINER,184,3038,0x0000
overworld,0011,LOB FOREST 01(H47); LOB FOREST 02(H48); LOB FOREST 03(H49); LOB FOREST 04(H50); LOB FOREST 05(H51); LOB FOREST 06(H52); LOB FOREST 07(H53); LOB FOREST 08(H54); LOB FOREST 09(H55),17,17,5,TRAINER,184,3039,0x0000
overworld,0011,LOB FOREST 01(H47); LOB FOREST 02(H48); LOB FOREST 03(H49); LOB FOREST 04(H50); LOB FOREST 05(H51); LOB FOREST 06(H52); LOB FOREST 07(H53); LOB FOREST 08(H54); LOB FOREST 09(H55),18,18,5,TRAINER,184,3042,0x0000
overworld,0011,LOB FOREST 01(H47); LOB FOREST 02(H48); LOB FOREST 03(H49); LOB FOREST 04(H50); LOB FOREST 05(H51); LOB FOREST 06(H52); LOB FOREST 07(H53); LOB FOREST 08(H54); LOB FOREST 09(H55),19,19,5,TRAINER,184,3046,0x0000
overworld,0011,LOB FOREST 01(H47); LOB FOREST 02(H48); LOB FOREST 03(H49); LOB FOREST 04(H50); LOB FOREST 05(H51); LOB FOREST 06(H52); LOB FOREST 07(H53); LOB FOREST 08(H54); LOB FOREST 09(H55),20,20,141,TRAINER,184,3047,0x0000
overworld,0011,LOB FOREST 01(H47); LOB FOREST 02(H48); LOB FOREST 03(H49); LOB FOREST 04(H50); LOB FOREST 05(H51); LOB FOREST 06(H52); LOB FOREST 07(H53); LOB FOREST 08(H54); LOB FOREST 09(H55),21,21,5,TRAINER,184,3049,0x0000
overworld,0011,LOB FOREST 01(H47); LOB FOREST 02(H48); LOB FOREST 03(H49); LOB FOREST 04(H50); LOB FOREST 05(H51); LOB FOREST 06(H52); LOB FOREST 07(H53); LOB FOREST 08(H54); LOB FOREST 09(H55),22,22,633,NORMAL,184,1,0x0273
overworld,0011,LOB FOREST 01(H47); LOB FOREST 02(H48); LOB FOREST 03(H49); LOB FOREST 04(H50); LOB FOREST 05(H51); LOB FOREST 06(H52); LOB FOREST 07(H53); LOB FOREST 08(H54); LOB FOREST 09(H55),23,23,1548,NORMAL,184,1,0x0274
overworld,0014,RT 5 AREA 1(H78); RT 5 AREA 2(H83); SUB PATH 1(H86); SUB PATH 2(H87); SUB PATH 3(H88); SUB PATH 4(H89); RT 5 AREA 3(H103); RT 5 AREA 4(H106); RT 5 AREA 5(H119),0,0,86,NORMAL,197,10000,0x0010
overworld,0014,RT 5 AREA 1(H78); RT 5 AREA 2(H83); SUB PATH 1(H86); SUB PATH 2(H87); SUB PATH 3(H88); SUB PATH 4(H89); RT 5 AREA 3(H103); RT 5 AREA 4(H106); RT 5 AREA 5(H119),1,1,86,NORMAL,197,10000,0x0011
overworld,0014,RT 5 AREA 1(H78); RT 5 AREA 2(H83); SUB PATH 1(H86); SUB PATH 2(H87); SUB PATH 3(H88); SUB PATH 4(H89); RT 5 AREA 3(H103); RT 5 AREA 4(H106); RT 5 AREA 5(H119),2,2,86,NORMAL,197,10000,0x0012
overworld,0014,RT 5 AREA 1(H78); RT 5 AREA 2(H83); SUB PATH 1(H86); SUB PATH 2(H87); SUB PATH 3(H88); SUB PATH 4(H89); RT 5 AREA 3(H103); RT 5 AREA 4(H106); RT 5 AREA 5(H119),3,3,87,ITEM,197,7026,0x0000
overworld,0014,RT 5 AREA 1(H78); RT 5 AREA 2(H83); SUB PATH 1(H86); SUB PATH 2(H87); SUB PATH 3(H88); SUB PATH 4(H89); RT 5 AREA 3(H103); RT 5 AREA 4(H106); RT 5 AREA 5(H119),4,4,521,NORMAL,197,1,0x0000
overworld,0014,RT 5 AREA 1(H78); RT 5 AREA 2(H83); SUB PATH 1(H86); SUB PATH 2(H87); SUB PATH 3(H88); SUB PATH 4(H89); RT 5 AREA 3(H103); RT 5 AREA 4(H106); RT 5 AREA 5(H119),5,5,317,TRAINER,197,5070,0x0000
overworld,0014,RT 5 AREA 1(H78); RT 5 AREA 2(H83); SUB PATH 1(H86); SUB PATH 2(H87); SUB PATH 3(H88); SUB PATH 4(H89); RT 5 AREA 3(H103); RT 5 AREA 4(H106); RT 5 AREA 5(H119),6,6,317,TRAINER,197,5071,0x0000
overworld,0014,RT 5 AREA 1(H78); RT 5 AREA 2(H83); SUB PATH 1(H86); SUB PATH 2(H87); SUB PATH 3(H88); SUB PATH 4(H89); RT 5 AREA 3(H103); RT 5 AREA 4(H106); RT 5 AREA 5(H119),7,7,317,TRAINER,197,3072,0x0000
overworld,0014,RT 5 AREA 1(H78); RT 5 AREA 2(H83); SUB PATH 1(H86); SUB PATH 2(H87); SUB PATH 3(H88); SUB PATH 4(H89); RT 5 AREA 3(H103); RT 5 AREA 4(H106); RT 5 AREA 5(H119),8,8,317,TRAINER,197,3073,0x0000
overworld,0014,RT 5 AREA 1(H78); RT 5 AREA 2(H83); SUB PATH 1(H86); SUB PATH 2(H87); SUB PATH 3(H88); SUB PATH 4(H89); RT 5 AREA 3(H103); RT 5 AREA 4(H106); RT 5 AREA 5(H119),9,9,326,TRAINER,197,3074,0x0000
overworld,0014,RT 5 AREA 1(H78); RT 5 AREA 2(H83); SUB PATH 1(H86); SUB PATH 2(H87); SUB PATH 3(H88); SUB PATH 4(H89); RT 5 AREA 3(H103); RT 5 AREA 4(H106); RT 5 AREA 5(H119),10,10,317,TRAINER,197,3075,0x0000
overworld,0014,RT 5 AREA 1(H78); RT 5 AREA 2(H83); SUB PATH 1(H86); SUB PATH 2(H87); SUB PATH 3(H88); SUB PATH 4(H89); RT 5 AREA 3(H103); RT 5 AREA 4(H106); RT 5 AREA 5(H119),11,11,347,TRAINER,197,3085,0x0000
overworld,0014,RT 5 AREA 1(H78); RT 5 AREA 2(H83); SUB PATH 1(H86); SUB PATH 2(H87); SUB PATH 3(H88); SUB PATH 4(H89); RT 5 AREA 3(H103); RT 5 AREA 4(H106); RT 5 AREA 5(H119),12,12,317,TRAINER,197,3086,0x0000
overworld,0014,RT 5 AREA 1(H78); RT 5 AREA 2(H83); SUB PATH 1(H86); SUB PATH 2(H87); SUB PATH 3(H88); SUB PATH 4(H89); RT 5 AREA 3(H103); RT 5 AREA 4(H106); RT 5 AREA 5(H119),13,13,44,TRAINER,197,3087,0x0000
overworld,0014,RT 5 AREA 1(H78); RT 5 AREA 2(H83); SUB PATH 1(H86); SUB PATH 2(H87); SUB PATH 3(H88); SUB PATH 4(H89); RT 5 AREA 3(H103); RT 5 AREA 4(H106); RT 5 AREA 5(H119),14,14,317,TRAINER,197,3088,0x0000
overworld,0014,RT 5 AREA 1(H78); RT 5 AREA 2(H83); SUB PATH 1(H86); SUB PATH 2(H87); SUB PATH 3(H88); SUB PATH 4(H89); RT 5 AREA 3(H103); RT 5 AREA 4(H106); RT 5 AREA 5(H119),15,15,317,TRAINER,197,3091,0x0000
overworld,0014,RT 5 AREA 1(H78); RT 5 AREA 2(H83); SUB PATH 1(H86); SUB PATH 2(H87); SUB PATH 3(H88); SUB PATH 4(H89); RT 5 AREA 3(H103); RT 5 AREA 4(H106); RT 5 AREA 5(H119),16,16,347,TRAINER,197,3095,0x0000
overworld,0014,RT 5 AREA 1(H78); RT 5 AREA 2(H83); SUB PATH 1(H86); SUB PATH 2(H87); SUB PATH 3(H88); SUB PATH 4(H89); RT 5 AREA 3(H103); RT 5 AREA 4(H106); RT 5 AREA 5(H119),17,17,347,TRAINER,197,3096,0x0000
overworld,0014,RT 5 AREA 1(H78); RT 5 AREA 2(H83); SUB PATH 1(H86); SUB PATH 2(H87); SUB PATH 3(H88); SUB PATH 4(H89); RT 5 AREA 3(H103); RT 5 AREA 4(H106); RT 5 AREA 5(H119),18,18,326,TRAINER,197,3104,0x0000
overworld,0014,RT 5 AREA 1(H78); RT 5 AREA 2(H83); SUB PATH 1(H86); SUB PATH 2(H87); SUB PATH 3(H88); SUB PATH 4(H89); RT 5 AREA 3(H103); RT 5 AREA 4(H106); RT 5 AREA 5(H119),19,19,317,TRAINER,197,3107,0x0000
overworld,0014,RT 5 AREA 1(H78); RT 5 AREA 2(H83); SUB PATH 1(H86); SUB PATH 2(H87); SUB PATH 3(H88); SUB PATH 4(H89); RT 5 AREA 3(H103); RT 5 AREA 4(H106); RT 5 AREA 5(H119),20,20,35,TRAINER,197,3102,0x0000
overworld,0014,RT 5 AREA 1(H78); RT 5 AREA 2(H83); SUB PATH 1(H86); SUB PATH 2(H87); SUB PATH 3(H88); SUB PATH 4(H89); RT 5 AREA 3(H103); RT 5 AREA 4(H106); RT 5 AREA 5(H119),21,21,35,TRAINER,197,3103,0x0000
overworld,0014,RT 5 AREA 1(H78); RT 5 AREA 2(H83); SUB PATH 1(H86); SUB PATH 2(H87); SUB PATH 3(H88); SUB PATH 4(H89); RT 5 AREA 3(H103); RT 5 AREA 4(H106); RT 5 AREA 5(H119),22,22,326,TRAINER,197,3121,0x0000
overworld,0014,RT 5 AREA 1(H78); RT 5 AREA 2(H83); SUB PATH 1(H86); SUB PATH 2(H87); SUB PATH 3(H88); SUB PATH 4(H89); RT 5 AREA 3(H103); RT 5 AREA 4(H106); RT 5 AREA 5(H119),23,23,326,TRAINER,197,3122,0x0000
overworld,0014,RT 5 AREA 1(H78); RT 5 AREA 2(H83); SUB PATH 1(H86); SUB PATH 2(H87); SUB PATH 3(H88); SUB PATH 4(H89); RT 5 AREA 3(H103); RT 5 AREA 4(H106); RT 5 AREA 5(H119),24,24,44,TRAINER,197,3124,0x0000
overworld,0014,RT 5 AREA 1(H78); RT 5 AREA 2(H83); SUB PATH 1(H86); SUB PATH 2(H87); SUB PATH 3(H88); SUB PATH 4(H89); RT 5 AREA 3(H103); RT 5 AREA 4(H106); RT 5 AREA 5(H119),25,25,317,TRAINER,197,3126,0x0000
overworld,0014,RT 5 AREA 1(H78); RT 5 AREA 2(H83); SUB PATH 1(H86); SUB PATH 2(H87); SUB PATH 3(H88); SUB PATH 4(H89); RT 5 AREA 3(H103); RT 5 AREA 4(H106); RT 5 AREA 5(H119),26,26,347,TRAINER,197,3127,0x0000
overworld,0015,-(H74); ROCK CAVE 01(H90); ICE CAVE 01(H92); STEEL CAVE 01(H94),0,0,368,NORMAL,199,3,0x0264
overworld,0015,-(H74); ROCK CAVE 01(H90); ICE CAVE 01(H92); STEEL CAVE 01(H94),1,1,1025,NORMAL,199,4,0x0297
overworld,0016,MELT 10 HS12(H117); RT 6 AREA 1(H121); RT 6 AREA 2(H122); RT 6 AREA 3(H123); RT 6 AREA 4(H124),0,0,86,NORMAL,197,10000,0x0010
overworld,0016,MELT 10 HS12(H117); RT 6 AREA 1(H121); RT 6 AREA 2(H122); RT 6 AREA 3(H123); RT 6 AREA 4(H124),1,1,20,TRAINER,197,3120,0x0000
overworld,0016,MELT 10 HS12(H117); RT 6 AREA 1(H121); RT 6 AREA 2(H122); RT 6 AREA 3(H123); RT 6 AREA 4(H124),2,2,377,TRAINER,197,3133,0x0000
overworld,0016,MELT 10 HS12(H117); RT 6 AREA 1(H121); RT 6 AREA 2(H122); RT 6 AREA 3(H123); RT 6 AREA 4(H124),3,3,347,TRAINER,197,3134,0x0000
overworld,0016,MELT 10 HS12(H117); RT 6 AREA 1(H121); RT 6 AREA 2(H122); RT 6 AREA 3(H123); RT 6 AREA 4(H124),4,4,141,TRAINER,197,3135,0x0000
overworld,0016,MELT 10 HS12(H117); RT 6 AREA 1(H121); RT 6 AREA 2(H122); RT 6 AREA 3(H123); RT 6 AREA 4(H124),5,5,20,TRAINER,197,3136,0x0000
overworld,0016,MELT 10 HS12(H117); RT 6 AREA 1(H121); RT 6 AREA 2(H122); RT 6 AREA 3(H123); RT 6 AREA 4(H124),6,6,377,TRAINER,197,3138,0x0000
overworld,0016,MELT 10 HS12(H117); RT 6 AREA 1(H121); RT 6 AREA 2(H122); RT 6 AREA 3(H123); RT 6 AREA 4(H124),7,7,20,TRAINER,197,3141,0x0000
overworld,0016,MELT 10 HS12(H117); RT 6 AREA 1(H121); RT 6 AREA 2(H122); RT 6 AREA 3(H123); RT 6 AREA 4(H124),8,8,20,TRAINER,197,3142,0x0000
overworld,0016,MELT 10 HS12(H117); RT 6 AREA 1(H121); RT 6 AREA 2(H122); RT 6 AREA 3(H123); RT 6 AREA 4(H124),9,9,347,TRAINER,197,3143,0x0000
overworld,0016,MELT 10 HS12(H117); RT 6 AREA 1(H121); RT 6 AREA 2(H122); RT 6 AREA 3(H123); RT 6 AREA 4(H124),10,10,377,TRAINER,197,3144,0x0000
overworld,0016,MELT 10 HS12(H117); RT 6 AREA 1(H121); RT 6 AREA 2(H122); RT 6 AREA 3(H123); RT 6 AREA 4(H124),11,11,219,TRAINER,197,3145,0x0000
overworld,0016,MELT 10 HS12(H117); RT 6 AREA 1(H121); RT 6 AREA 2(H122); RT 6 AREA 3(H123); RT 6 AREA 4(H124),12,12,219,TRAINER,197,3146,0x0000
overworld,0016,MELT 10 HS12(H117); RT 6 AREA 1(H121); RT 6 AREA 2(H122); RT 6 AREA 3(H123); RT 6 AREA 4(H124),13,13,219,TRAINER,197,3147,0x0000
overworld,0017,RT 7 AREA 1(H129); RT 7 AREA 2(H130); RT 7 AREA 3(H134),0,0,86,NORMAL,199,10000,0x0010
overworld,0017,RT 7 AREA 1(H129); RT 7 AREA 2(H130); RT 7 AREA 3(H134),1,1,317,TRAINER,199,3123,0x0000
overworld,0017,RT 7 AREA 1(H129); RT 7 AREA 2(H130); RT 7 AREA 3(H134),2,2,351,TRAINER,199,3125,0x0000
overworld,0017,RT 7 AREA 1(H129); RT 7 AREA 2(H130); RT 7 AREA 3(H134),3,3,347,TRAINER,199,3154,0x0000
overworld,0017,RT 7 AREA 1(H129); RT 7 AREA 2(H130); RT 7 AREA 3(H134),4,4,347,TRAINER,199,3157,0x0000
overworld,0017,RT 7 AREA 1(H129); RT 7 AREA 2(H130); RT 7 AREA 3(H134),5,5,347,TRAINER,199,3158,0x0000
overworld,0017,RT 7 AREA 1(H129); RT 7 AREA 2(H130); RT 7 AREA 3(H134),6,6,347,TRAINER,199,3160,0x0000
overworld,0017,RT 7 AREA 1(H129); RT 7 AREA 2(H130); RT 7 AREA 3(H134),7,7,347,TRAINER,199,3161,0x0000
overworld,0017,RT 7 AREA 1(H129); RT 7 AREA 2(H130); RT 7 AREA 3(H134),8,8,317,TRAINER,199,3155,0x0000
overworld,0017,RT 7 AREA 1(H129); RT 7 AREA 2(H130); RT 7 AREA 3(H134),9,9,317,TRAINER,199,3156,0x0000
overworld,0017,RT 7 AREA 1(H129); RT 7 AREA 2(H130); RT 7 AREA 3(H134),10,10,317,TRAINER,199,3162,0x0000
overworld,0017,RT 7 AREA 1(H129); RT 7 AREA 2(H130); RT 7 AREA 3(H134),11,11,55,TRAINER,199,3163,0x0000
overworld,0017,RT 7 AREA 1(H129); RT 7 AREA 2(H130); RT 7 AREA 3(H134),12,12,317,TRAINER,199,3164,0x0000
overworld,0017,RT 7 AREA 1(H129); RT 7 AREA 2(H130); RT 7 AREA 3(H134),13,13,347,TRAINER,199,3167,0x0000
overworld,0017,RT 7 AREA 1(H129); RT 7 AREA 2(H130); RT 7 AREA 3(H134),14,14,317,TRAINER,199,3168,0x0000
overworld,0017,RT 7 AREA 1(H129); RT 7 AREA 2(H130); RT 7 AREA 3(H134),15,15,351,TRAINER,199,3169,0x0000
overworld,0017,RT 7 AREA 1(H129); RT 7 AREA 2(H130); RT 7 AREA 3(H134),16,16,351,TRAINER,199,3170,0x0000
overworld,0017,RT 7 AREA 1(H129); RT 7 AREA 2(H130); RT 7 AREA 3(H134),17,17,351,TRAINER,199,3185,0x0000
overworld,0017,RT 7 AREA 1(H129); RT 7 AREA 2(H130); RT 7 AREA 3(H134),18,18,317,TRAINER,199,3172,0x0000
overworld,0017,RT 7 AREA 1(H129); RT 7 AREA 2(H130); RT 7 AREA 3(H134),19,19,347,TRAINER,199,3173,0x0000
overworld,0017,RT 7 AREA 1(H129); RT 7 AREA 2(H130); RT 7 AREA 3(H134),20,20,55,TRAINER,199,3175,0x0000
overworld,0017,RT 7 AREA 1(H129); RT 7 AREA 2(H130); RT 7 AREA 3(H134),21,21,55,TRAINER,199,3184,0x0000
overworld,0017,RT 7 AREA 1(H129); RT 7 AREA 2(H130); RT 7 AREA 3(H134),22,22,351,TRAINER,199,3186,0x0000
overworld,0018,ROCK CAVE 02(H91),0,0,901,NORMAL,201,0,0x0000
overworld,0019,-(H75); ICE CAVE 02(H93),0,0,902,NORMAL,202,0,0x0000
overworld,0020,STEEL CAVE 02(H95),0,0,903,NORMAL,203,0,0x0000
overworld,0022,BIKE ROAD TOP(H259),0,0,229,TRAINER,209,3309,0x0000
overworld,0022,BIKE ROAD TOP(H259),1,1,229,TRAINER,209,3310,0x0000
overworld,0022,BIKE ROAD TOP(H259),2,2,229,TRAINER,209,3311,0x0000
overworld,0022,BIKE ROAD TOP(H259),3,3,229,TRAINER,209,3312,0x0000
overworld,0022,BIKE ROAD TOP(H259),4,4,229,TRAINER,209,3313,0x0000
overworld,0022,BIKE ROAD TOP(H259),5,5,229,TRAINER,209,3314,0x0000
overworld,0022,BIKE ROAD TOP(H259),6,6,229,TRAINER,209,3317,0x0000
overworld,0022,BIKE ROAD TOP(H259),7,7,229,TRAINER,209,3319,0x0000
overworld,0022,BIKE ROAD TOP(H259),8,8,229,TRAINER,209,3325,0x0000
overworld,0022,BIKE ROAD TOP(H259),9,9,229,TRAINER,209,3321,0x0000
overworld,0023,RT 11 AREA 1(H221); RT 11 AREA 2(H222); RT 11 AREA 3(H223); RT 11 AREA 4(H224); RT 11 AREA 5(H225),0,0,345,TRAINER,210,3379,0x0000
overworld,0023,RT 11 AREA 1(H221); RT 11 AREA 2(H222); RT 11 AREA 3(H223); RT 11 AREA 4(H224); RT 11 AREA 5(H225),1,1,345,TRAINER,210,3323,0x0000
overworld,0023,RT 11 AREA 1(H221); RT 11 AREA 2(H222); RT 11 AREA 3(H223); RT 11 AREA 4(H224); RT 11 AREA 5(H225),2,2,346,TRAINER,210,3324,0x0000
overworld,0023,RT 11 AREA 1(H221); RT 11 AREA 2(H222); RT 11 AREA 3(H223); RT 11 AREA 4(H224); RT 11 AREA 5(H225),3,3,346,TRAINER,210,3327,0x0000
overworld,0023,RT 11 AREA 1(H221); RT 11 AREA 2(H222); RT 11 AREA 3(H223); RT 11 AREA 4(H224); RT 11 AREA 5(H225),4,4,346,TRAINER,210,3328,0x0000
overworld,0023,RT 11 AREA 1(H221); RT 11 AREA 2(H222); RT 11 AREA 3(H223); RT 11 AREA 4(H224); RT 11 AREA 5(H225),5,5,346,TRAINER,210,3342,0x0000
overworld,0023,RT 11 AREA 1(H221); RT 11 AREA 2(H222); RT 11 AREA 3(H223); RT 11 AREA 4(H224); RT 11 AREA 5(H225),6,6,345,TRAINER,210,3344,0x0000
overworld,0023,RT 11 AREA 1(H221); RT 11 AREA 2(H222); RT 11 AREA 3(H223); RT 11 AREA 4(H224); RT 11 AREA 5(H225),7,7,346,TRAINER,210,3340,0x0000
overworld,0023,RT 11 AREA 1(H221); RT 11 AREA 2(H222); RT 11 AREA 3(H223); RT 11 AREA 4(H224); RT 11 AREA 5(H225),8,8,345,TRAINER,210,3341,0x0000
overworld,0023,RT 11 AREA 1(H221); RT 11 AREA 2(H222); RT 11 AREA 3(H223); RT 11 AREA 4(H224); RT 11 AREA 5(H225),9,9,346,TRAINER,210,3380,0x0000
overworld,0023,RT 11 AREA 1(H221); RT 11 AREA 2(H222); RT 11 AREA 3(H223); RT 11 AREA 4(H224); RT 11 AREA 5(H225),10,10,345,TRAINER,210,3381,0x0000
overworld,0023,RT 11 AREA 1(H221); RT 11 AREA 2(H222); RT 11 AREA 3(H223); RT 11 AREA 4(H224); RT 11 AREA 5(H225),11,11,346,TRAINER,210,3382,0x0000
overworld,0023,RT 11 AREA 1(H221); RT 11 AREA 2(H222); RT 11 AREA 3(H223); RT 11 AREA 4(H224); RT 11 AREA 5(H225),12,12,345,TRAINER,210,3395,0x0000
overworld,0023,RT 11 AREA 1(H221); RT 11 AREA 2(H222); RT 11 AREA 3(H223); RT 11 AREA 4(H224); RT 11 AREA 5(H225),13,13,323,TRAINER,210,3396,0x0000
overworld,0023,RT 11 AREA 1(H221); RT 11 AREA 2(H222); RT 11 AREA 3(H223); RT 11 AREA 4(H224); RT 11 AREA 5(H225),14,14,346,TRAINER,210,3397,0x0000
overworld,0023,RT 11 AREA 1(H221); RT 11 AREA 2(H222); RT 11 AREA 3(H223); RT 11 AREA 4(H224); RT 11 AREA 5(H225),15,15,141,TRAINER,210,3398,0x0000
overworld,0023,RT 11 AREA 1(H221); RT 11 AREA 2(H222); RT 11 AREA 3(H223); RT 11 AREA 4(H224); RT 11 AREA 5(H225),16,16,141,TRAINER,210,3399,0x0000
overworld,0023,RT 11 AREA 1(H221); RT 11 AREA 2(H222); RT 11 AREA 3(H223); RT 11 AREA 4(H224); RT 11 AREA 5(H225),17,17,346,TRAINER,210,3400,0x0000
overworld,0023,RT 11 AREA 1(H221); RT 11 AREA 2(H222); RT 11 AREA 3(H223); RT 11 AREA 4(H224); RT 11 AREA 5(H225),18,18,323,TRAINER,210,3401,0x0000
overworld,0024,-(H264),0,0,328,NORMAL,212,1,0x027E
overworld,0024,-(H264),1,1,385,NORMAL,212,0,0x0301
overworld,0024,-(H264),2,2,148,NORMAL,212,0,0x0301
overworld,0024,-(H264),3,3,101,NORMAL,212,0,0x0302
overworld,0025,-(H265),0,0,322,NORMAL,215,1,0x0000
overworld,0025,-(H265),1,1,326,NORMAL,215,2,0x0000
overworld,0025,-(H265),2,2,222,NORMAL,215,3,0x0255
overworld,0026,-(H263),0,0,146,TRAINER,216,3328,0x0000
overworld,0026,-(H263),1,1,319,TRAINER,216,3418,0x0000
overworld,0026,-(H263),2,2,146,TRAINER,216,3329,0x0000
overworld,0026,-(H263),3,3,319,TRAINER,216,3353,0x0000
overworld,0026,-(H263),4,4,319,TRAINER,216,3354,0x0000
overworld,0026,-(H263),5,5,345,TRAINER,216,3147,0x0000
overworld,0026,-(H263),6,6,338,TRAINER,216,3365,0x0000
overworld,0026,-(H263),7,7,324,NORMAL,216,2,0x0000
overworld,0026,-(H263),8,8,370,NORMAL,216,0,0x0256
overworld,0026,-(H263),9,9,322,NORMAL,216,0,0x0309
overworld,0026,-(H263),10,10,86,NORMAL,216,10000,0x0010
overworld,0026,-(H263),11,11,87,NORMAL,216,7046,0x04CB
overworld,0026,-(H263),12,12,1039,NORMAL,216,8,0x02A1
overworld,0026,-(H263),13,13,382,NORMAL,216,6,0x02A2
overworld,0026,-(H263),14,14,382,NORMAL,216,7,0x02B2
overworld,0026,-(H263),15,15,370,NORMAL,216,10,0x02CD
overworld,0027,ULURU 1 A1(H275); ULURU 1 A2(H276); ULURU 1 A3(H277),0,0,324,TRAINER,218,3329,0x0000
overworld,0027,ULURU 1 A1(H275); ULURU 1 A2(H276); ULURU 1 A3(H277),1,1,327,TRAINER,218,3330,0x0000
overworld,0027,ULURU 1 A1(H275); ULURU 1 A2(H276); ULURU 1 A3(H277),2,2,324,TRAINER,218,3337,0x0000
overworld,0027,ULURU 1 A1(H275); ULURU 1 A2(H276); ULURU 1 A3(H277),3,3,324,TRAINER,218,3338,0x0000
overworld,0027,ULURU 1 A1(H275); ULURU 1 A2(H276); ULURU 1 A3(H277),4,4,327,TRAINER,218,3336,0x0000
overworld,0027,ULURU 1 A1(H275); ULURU 1 A2(H276); ULURU 1 A3(H277),5,5,324,TRAINER,218,3335,0x0000
overworld,0027,ULURU 1 A1(H275); ULURU 1 A2(H276); ULURU 1 A3(H277),6,6,327,TRAINER,218,3331,0x0000
overworld,0027,ULURU 1 A1(H275); ULURU 1 A2(H276); ULURU 1 A3(H277),7,7,324,TRAINER,218,3332,0x0000
overworld,0027,ULURU 1 A1(H275); ULURU 1 A2(H276); ULURU 1 A3(H277),8,8,324,TRAINER,218,3333,0x0000
overworld,0027,ULURU 1 A1(H275); ULURU 1 A2(H276); ULURU 1 A3(H277),9,9,327,TRAINER,218,3334,0x0000
overworld,0028,RT 14 AREA 1(H278); RT 14 AREA 5(H286); RT 14 AREA 6(H287); RT 14 AREA 2(H288); RT 14 AREA 3(H289); RT 14 AREA 4(H290),0,0,225,TRAINER,221,3409,0x0000
overworld,0028,RT 14 AREA 1(H278); RT 14 AREA 5(H286); RT 14 AREA 6(H287); RT 14 AREA 2(H288); RT 14 AREA 3(H289); RT 14 AREA 4(H290),1,1,225,TRAINER,221,3410,0x0000
overworld,0028,RT 14 AREA 1(H278); RT 14 AREA 5(H286); RT 14 AREA 6(H287); RT 14 AREA 2(H288); RT 14 AREA 3(H289); RT 14 AREA 4(H290),2,2,33,TRAINER,221,3411,0x0000
overworld,0028,RT 14 AREA 1(H278); RT 14 AREA 5(H286); RT 14 AREA 6(H287); RT 14 AREA 2(H288); RT 14 AREA 3(H289); RT 14 AREA 4(H290),3,3,225,TRAINER,221,3412,0x0000
overworld,0028,RT 14 AREA 1(H278); RT 14 AREA 5(H286); RT 14 AREA 6(H287); RT 14 AREA 2(H288); RT 14 AREA 3(H289); RT 14 AREA 4(H290),4,4,33,TRAINER,221,3413,0x0000
overworld,0028,RT 14 AREA 1(H278); RT 14 AREA 5(H286); RT 14 AREA 6(H287); RT 14 AREA 2(H288); RT 14 AREA 3(H289); RT 14 AREA 4(H290),5,5,33,TRAINER,221,3419,0x0000
overworld,0028,RT 14 AREA 1(H278); RT 14 AREA 5(H286); RT 14 AREA 6(H287); RT 14 AREA 2(H288); RT 14 AREA 3(H289); RT 14 AREA 4(H290),6,6,225,TRAINER,221,3418,0x0000
overworld,0028,RT 14 AREA 1(H278); RT 14 AREA 5(H286); RT 14 AREA 6(H287); RT 14 AREA 2(H288); RT 14 AREA 3(H289); RT 14 AREA 4(H290),7,7,225,TRAINER,221,3420,0x0000
overworld,0028,RT 14 AREA 1(H278); RT 14 AREA 5(H286); RT 14 AREA 6(H287); RT 14 AREA 2(H288); RT 14 AREA 3(H289); RT 14 AREA 4(H290),8,8,33,TRAINER,221,3414,0x0000
overworld,0028,RT 14 AREA 1(H278); RT 14 AREA 5(H286); RT 14 AREA 6(H287); RT 14 AREA 2(H288); RT 14 AREA 3(H289); RT 14 AREA 4(H290),9,9,225,TRAINER,221,3415,0x0000
overworld,0028,RT 14 AREA 1(H278); RT 14 AREA 5(H286); RT 14 AREA 6(H287); RT 14 AREA 2(H288); RT 14 AREA 3(H289); RT 14 AREA 4(H290),10,10,225,TRAINER,221,3416,0x0000
overworld,0028,RT 14 AREA 1(H278); RT 14 AREA 5(H286); RT 14 AREA 6(H287); RT 14 AREA 2(H288); RT 14 AREA 3(H289); RT 14 AREA 4(H290),11,11,33,TRAINER,221,3417,0x0000
overworld,0028,RT 14 AREA 1(H278); RT 14 AREA 5(H286); RT 14 AREA 6(H287); RT 14 AREA 2(H288); RT 14 AREA 3(H289); RT 14 AREA 4(H290),12,12,225,TRAINER,221,3421,0x0000
overworld,0028,RT 14 AREA 1(H278); RT 14 AREA 5(H286); RT 14 AREA 6(H287); RT 14 AREA 2(H288); RT 14 AREA 3(H289); RT 14 AREA 4(H290),13,13,33,TRAINER,221,3424,0x0000
overworld,0028,RT 14 AREA 1(H278); RT 14 AREA 5(H286); RT 14 AREA 6(H287); RT 14 AREA 2(H288); RT 14 AREA 3(H289); RT 14 AREA 4(H290),14,14,33,TRAINER,221,3422,0x0000
overworld,0028,RT 14 AREA 1(H278); RT 14 AREA 5(H286); RT 14 AREA 6(H287); RT 14 AREA 2(H288); RT 14 AREA 3(H289); RT 14 AREA 4(H290),15,15,225,TRAINER,221,3423,0x0000
overworld,0028,RT 14 AREA 1(H278); RT 14 AREA 5(H286); RT 14 AREA 6(H287); RT 14 AREA 2(H288); RT 14 AREA 3(H289); RT 14 AREA 4(H290),16,16,33,TRAINER,221,3425,0x0000
overworld,0028,RT 14 AREA 1(H278); RT 14 AREA 5(H286); RT 14 AREA 6(H287); RT 14 AREA 2(H288); RT 14 AREA 3(H289); RT 14 AREA 4(H290),17,17,33,TRAINER,221,3426,0x0000
overworld,0028,RT 14 AREA 1(H278); RT 14 AREA 5(H286); RT 14 AREA 6(H287); RT 14 AREA 2(H288); RT 14 AREA 3(H289); RT 14 AREA 4(H290),18,18,225,TRAINER,221,3427,0x0000
overworld,0028,RT 14 AREA 1(H278); RT 14 AREA 5(H286); RT 14 AREA 6(H287); RT 14 AREA 2(H288); RT 14 AREA 3(H289); RT 14 AREA 4(H290),19,19,33,TRAINER,221,3428,0x0000
overworld,0029,RT 19 AREA 1(H312); RT 19 AREA 2(H313); RT 19 AREA 3(H314),0,0,324,TRAINER,223,3455,0x0000
overworld,0029,RT 19 AREA 1(H312); RT 19 AREA 2(H313); RT 19 AREA 3(H314),1,1,324,TRAINER,223,3456,0x0000
overworld,0029,RT 19 AREA 1(H312); RT 19 AREA 2(H313); RT 19 AREA 3(H314),2,2,327,TRAINER,223,3457,0x0000
overworld,0029,RT 19 AREA 1(H312); RT 19 AREA 2(H313); RT 19 AREA 3(H314),3,3,327,TRAINER,223,3458,0x0000
overworld,0029,RT 19 AREA 1(H312); RT 19 AREA 2(H313); RT 19 AREA 3(H314),4,4,324,TRAINER,223,3459,0x0000
overworld,0029,RT 19 AREA 1(H312); RT 19 AREA 2(H313); RT 19 AREA 3(H314),5,5,324,TRAINER,223,3460,0x0000
overworld,0029,RT 19 AREA 1(H312); RT 19 AREA 2(H313); RT 19 AREA 3(H314),6,6,324,TRAINER,223,3463,0x0000
overworld,0029,RT 19 AREA 1(H312); RT 19 AREA 2(H313); RT 19 AREA 3(H314),7,7,324,TRAINER,223,3461,0x0000
overworld,0029,RT 19 AREA 1(H312); RT 19 AREA 2(H313); RT 19 AREA 3(H314),8,8,327,TRAINER,223,3462,0x0000
overworld,0029,RT 19 AREA 1(H312); RT 19 AREA 2(H313); RT 19 AREA 3(H314),9,9,327,TRAINER,223,3468,0x0000
overworld,0029,RT 19 AREA 1(H312); RT 19 AREA 2(H313); RT 19 AREA 3(H314),10,10,324,TRAINER,223,3469,0x0000
overworld,0029,RT 19 AREA 1(H312); RT 19 AREA 2(H313); RT 19 AREA 3(H314),11,11,324,TRAINER,223,3470,0x0000
overworld,0029,RT 19 AREA 1(H312); RT 19 AREA 2(H313); RT 19 AREA 3(H314),12,12,327,TRAINER,223,3471,0x0000
overworld,0029,RT 19 AREA 1(H312); RT 19 AREA 2(H313); RT 19 AREA 3(H314),13,13,324,TRAINER,223,3463,0x0000
overworld,0029,RT 19 AREA 1(H312); RT 19 AREA 2(H313); RT 19 AREA 3(H314),14,14,324,TRAINER,223,3464,0x0000
overworld,0029,RT 19 AREA 1(H312); RT 19 AREA 2(H313); RT 19 AREA 3(H314),15,15,227,TRAINER,223,3465,0x0000
overworld,0029,RT 19 AREA 1(H312); RT 19 AREA 2(H313); RT 19 AREA 3(H314),16,16,327,TRAINER,223,3466,0x0000
overworld,0029,RT 19 AREA 1(H312); RT 19 AREA 2(H313); RT 19 AREA 3(H314),17,17,324,TRAINER,223,3467,0x0000
overworld,0029,RT 19 AREA 1(H312); RT 19 AREA 2(H313); RT 19 AREA 3(H314),18,18,327,TRAINER,223,3472,0x0000
overworld,0029,RT 19 AREA 1(H312); RT 19 AREA 2(H313); RT 19 AREA 3(H314),19,19,324,TRAINER,223,3473,0x0000
overworld,0029,RT 19 AREA 1(H312); RT 19 AREA 2(H313); RT 19 AREA 3(H314),20,20,324,TRAINER,223,3474,0x0000
overworld,0029,RT 19 AREA 1(H312); RT 19 AREA 2(H313); RT 19 AREA 3(H314),21,21,324,TRAINER,223,3475,0x0000
overworld,0029,RT 19 AREA 1(H312); RT 19 AREA 2(H313); RT 19 AREA 3(H314),22,22,227,TRAINER,223,3476,0x0000
overworld,0029,RT 19 AREA 1(H312); RT 19 AREA 2(H313); RT 19 AREA 3(H314),23,23,327,TRAINER,223,3477,0x0000
overworld,0030,ULURU 2 A1(H315); ULURU 2 A2(H316),0,0,324,TRAINER,225,3504,0x0000
overworld,0030,ULURU 2 A1(H315); ULURU 2 A2(H316),1,1,327,TRAINER,225,3505,0x0000
overworld,0030,ULURU 2 A1(H315); ULURU 2 A2(H316),2,2,324,TRAINER,225,3506,0x0000
overworld,0030,ULURU 2 A1(H315); ULURU 2 A2(H316),3,3,327,TRAINER,225,3507,0x0000
overworld,0030,ULURU 2 A1(H315); ULURU 2 A2(H316),4,4,324,TRAINER,225,3508,0x0000
overworld,0030,ULURU 2 A1(H315); ULURU 2 A2(H316),5,5,327,TRAINER,225,3509,0x0000
overworld,0030,ULURU 2 A1(H315); ULURU 2 A2(H316),6,6,324,TRAINER,225,3510,0x0000
overworld,0030,ULURU 2 A1(H315); ULURU 2 A2(H316),7,7,324,TRAINER,225,3511,0x0000
overworld,0030,ULURU 2 A1(H315); ULURU 2 A2(H316),8,8,327,TRAINER,225,3512,0x0000
overworld,0030,ULURU 2 A1(H315); ULURU 2 A2(H316),9,9,327,TRAINER,225,3513,0x0000
overworld,0030,ULURU 2 A1(H315); ULURU 2 A2(H316),10,10,327,TRAINER,225,3514,0x0000
overworld,0030,ULURU 2 A1(H315); ULURU 2 A2(H316),11,11,327,TRAINER,225,3515,0x0000
overworld,0030,ULURU 2 A1(H315); ULURU 2 A2(H316),12,12,324,TRAINER,225,3516,0x0000
overworld,0030,ULURU 2 A1(H315); ULURU 2 A2(H316),13,13,327,TRAINER,225,3517,0x0000
overworld,0030,ULURU 2 A1(H315); ULURU 2 A2(H316),14,14,344,TRAINER,225,3518,0x0000
overworld,0030,ULURU 2 A1(H315); ULURU 2 A2(H316),15,15,327,TRAINER,225,3519,0x0000
overworld,0030,ULURU 2 A1(H315); ULURU 2 A2(H316),16,16,324,TRAINER,225,3520,0x0000
overworld,0030,ULURU 2 A1(H315); ULURU 2 A2(H316),17,17,327,TRAINER,225,3521,0x0000
overworld,0031,RT 13 AREA 1(H317); RT 13 AREA 2(H318); RT 13 AREA 3(H319); RT 13 AREA 4(H320); RT 13 AREA 5(H321); RT 13 AREA 6(H322); RT 13 AREA 7(H323),0,0,324,TRAINER,227,3555,0x0000
overworld,0031,RT 13 AREA 1(H317); RT 13 AREA 2(H318); RT 13 AREA 3(H319); RT 13 AREA 4(H320); RT 13 AREA 5(H321); RT 13 AREA 6(H322); RT 13 AREA 7(H323),1,1,327,TRAINER,227,3557,0x0000
overworld,0031,RT 13 AREA 1(H317); RT 13 AREA 2(H318); RT 13 AREA 3(H319); RT 13 AREA 4(H320); RT 13 AREA 5(H321); RT 13 AREA 6(H322); RT 13 AREA 7(H323),2,2,324,TRAINER,227,3556,0x0000
overworld,0031,RT 13 AREA 1(H317); RT 13 AREA 2(H318); RT 13 AREA 3(H319); RT 13 AREA 4(H320); RT 13 AREA 5(H321); RT 13 AREA 6(H322); RT 13 AREA 7(H323),3,3,324,TRAINER,227,3560,0x0000
overworld,0031,RT 13 AREA 1(H317); RT 13 AREA 2(H318); RT 13 AREA 3(H319); RT 13 AREA 4(H320); RT 13 AREA 5(H321); RT 13 AREA 6(H322); RT 13 AREA 7(H323),4,4,327,TRAINER,227,3558,0x0000
overworld,0031,RT 13 AREA 1(H317); RT 13 AREA 2(H318); RT 13 AREA 3(H319); RT 13 AREA 4(H320); RT 13 AREA 5(H321); RT 13 AREA 6(H322); RT 13 AREA 7(H323),5,5,327,TRAINER,227,3559,0x0000
overworld,0031,RT 13 AREA 1(H317); RT 13 AREA 2(H318); RT 13 AREA 3(H319); RT 13 AREA 4(H320); RT 13 AREA 5(H321); RT 13 AREA 6(H322); RT 13 AREA 7(H323),6,6,327,TRAINER,227,3561,0x0000
overworld,0031,RT 13 AREA 1(H317); RT 13 AREA 2(H318); RT 13 AREA 3(H319); RT 13 AREA 4(H320); RT 13 AREA 5(H321); RT 13 AREA 6(H322); RT 13 AREA 7(H323),7,7,327,TRAINER,227,3562,0x0000
overworld,0031,RT 13 AREA 1(H317); RT 13 AREA 2(H318); RT 13 AREA 3(H319); RT 13 AREA 4(H320); RT 13 AREA 5(H321); RT 13 AREA 6(H322); RT 13 AREA 7(H323),8,8,324,TRAINER,227,3563,0x0000
overworld,0031,RT 13 AREA 1(H317); RT 13 AREA 2(H318); RT 13 AREA 3(H319); RT 13 AREA 4(H320); RT 13 AREA 5(H321); RT 13 AREA 6(H322); RT 13 AREA 7(H323),9,9,324,TRAINER,227,3564,0x0000
overworld,0031,RT 13 AREA 1(H317); RT 13 AREA 2(H318); RT 13 AREA 3(H319); RT 13 AREA 4(H320); RT 13 AREA 5(H321); RT 13 AREA 6(H322); RT 13 AREA 7(H323),10,10,327,TRAINER,227,3565,0x0000
overworld,0031,RT 13 AREA 1(H317); RT 13 AREA 2(H318); RT 13 AREA 3(H319); RT 13 AREA 4(H320); RT 13 AREA 5(H321); RT 13 AREA 6(H322); RT 13 AREA 7(H323),11,11,324,TRAINER,227,3566,0x0000
overworld,0031,RT 13 AREA 1(H317); RT 13 AREA 2(H318); RT 13 AREA 3(H319); RT 13 AREA 4(H320); RT 13 AREA 5(H321); RT 13 AREA 6(H322); RT 13 AREA 7(H323),12,12,324,TRAINER,227,3567,0x0000
overworld,0031,RT 13 AREA 1(H317); RT 13 AREA 2(H318); RT 13 AREA 3(H319); RT 13 AREA 4(H320); RT 13 AREA 5(H321); RT 13 AREA 6(H322); RT 13 AREA 7(H323),13,13,324,TRAINER,227,3568,0x0000
overworld,0031,RT 13 AREA 1(H317); RT 13 AREA 2(H318); RT 13 AREA 3(H319); RT 13 AREA 4(H320); RT 13 AREA 5(H321); RT 13 AREA 6(H322); RT 13 AREA 7(H323),14,14,327,TRAINER,227,3569,0x0000
overworld,0031,RT 13 AREA 1(H317); RT 13 AREA 2(H318); RT 13 AREA 3(H319); RT 13 AREA 4(H320); RT 13 AREA 5(H321); RT 13 AREA 6(H322); RT 13 AREA 7(H323),15,15,327,TRAINER,227,3570,0x0000
overworld,0031,RT 13 AREA 1(H317); RT 13 AREA 2(H318); RT 13 AREA 3(H319); RT 13 AREA 4(H320); RT 13 AREA 5(H321); RT 13 AREA 6(H322); RT 13 AREA 7(H323),16,16,324,TRAINER,227,3571,0x0000
overworld,0031,RT 13 AREA 1(H317); RT 13 AREA 2(H318); RT 13 AREA 3(H319); RT 13 AREA 4(H320); RT 13 AREA 5(H321); RT 13 AREA 6(H322); RT 13 AREA 7(H323),17,17,327,TRAINER,227,3572,0x0000
overworld,0031,RT 13 AREA 1(H317); RT 13 AREA 2(H318); RT 13 AREA 3(H319); RT 13 AREA 4(H320); RT 13 AREA 5(H321); RT 13 AREA 6(H322); RT 13 AREA 7(H323),18,18,327,TRAINER,227,3573,0x0000
overworld,0031,RT 13 AREA 1(H317); RT 13 AREA 2(H318); RT 13 AREA 3(H319); RT 13 AREA 4(H320); RT 13 AREA 5(H321); RT 13 AREA 6(H322); RT 13 AREA 7(H323),19,19,324,TRAINER,227,3574,0x0000
overworld,0031,RT 13 AREA 1(H317); RT 13 AREA 2(H318); RT 13 AREA 3(H319); RT 13 AREA 4(H320); RT 13 AREA 5(H321); RT 13 AREA 6(H322); RT 13 AREA 7(H323),20,20,324,TRAINER,227,3575,0x0000
overworld,0031,RT 13 AREA 1(H317); RT 13 AREA 2(H318); RT 13 AREA 3(H319); RT 13 AREA 4(H320); RT 13 AREA 5(H321); RT 13 AREA 6(H322); RT 13 AREA 7(H323),21,21,324,TRAINER,227,3576,0x0000
overworld,0031,RT 13 AREA 1(H317); RT 13 AREA 2(H318); RT 13 AREA 3(H319); RT 13 AREA 4(H320); RT 13 AREA 5(H321); RT 13 AREA 6(H322); RT 13 AREA 7(H323),22,22,327,TRAINER,227,3577,0x0000
overworld,0032,ULURU 3 A1(H324); ULURU 3 A2(H325),0,0,324,TRAINER,230,3659,0x0000
overworld,0032,ULURU 3 A1(H324); ULURU 3 A2(H325),1,1,324,TRAINER,230,3661,0x0000
overworld,0032,ULURU 3 A1(H324); ULURU 3 A2(H325),2,2,324,TRAINER,230,3662,0x0000
overworld,0032,ULURU 3 A1(H324); ULURU 3 A2(H325),3,3,327,TRAINER,230,3660,0x0000
overworld,0032,ULURU 3 A1(H324); ULURU 3 A2(H325),4,4,327,TRAINER,230,3663,0x0000
overworld,0032,ULURU 3 A1(H324); ULURU 3 A2(H325),5,5,327,TRAINER,230,3664,0x0000
overworld,0032,ULURU 3 A1(H324); ULURU 3 A2(H325),6,6,324,TRAINER,230,3665,0x0000
overworld,0032,ULURU 3 A1(H324); ULURU 3 A2(H325),7,7,327,TRAINER,230,3666,0x0000
overworld,0032,ULURU 3 A1(H324); ULURU 3 A2(H325),8,8,324,TRAINER,230,3667,0x0000
overworld,0032,ULURU 3 A1(H324); ULURU 3 A2(H325),9,9,324,TRAINER,230,3668,0x0000
overworld,0032,ULURU 3 A1(H324); ULURU 3 A2(H325),10,10,324,TRAINER,230,3669,0x0000
overworld,0032,ULURU 3 A1(H324); ULURU 3 A2(H325),11,11,324,TRAINER,230,3670,0x0000
overworld,0033,UNDARA AREA 1(H326); UNDARA AREA 2(H327); UNDARA AREA 3(H328); UNDARA AREA 4(H329),0,0,324,TRAINER,232,3595,0x0000
overworld,0033,UNDARA AREA 1(H326); UNDARA AREA 2(H327); UNDARA AREA 3(H328); UNDARA AREA 4(H329),1,1,324,TRAINER,232,3596,0x0000
overworld,0033,UNDARA AREA 1(H326); UNDARA AREA 2(H327); UNDARA AREA 3(H328); UNDARA AREA 4(H329),2,2,324,TRAINER,232,3597,0x0000
overworld,0033,UNDARA AREA 1(H326); UNDARA AREA 2(H327); UNDARA AREA 3(H328); UNDARA AREA 4(H329),3,3,324,TRAINER,232,3598,0x0000
overworld,0033,UNDARA AREA 1(H326); UNDARA AREA 2(H327); UNDARA AREA 3(H328); UNDARA AREA 4(H329),4,4,327,TRAINER,232,3599,0x0000
overworld,0033,UNDARA AREA 1(H326); UNDARA AREA 2(H327); UNDARA AREA 3(H328); UNDARA AREA 4(H329),5,5,327,TRAINER,232,3600,0x0000
overworld,0033,UNDARA AREA 1(H326); UNDARA AREA 2(H327); UNDARA AREA 3(H328); UNDARA AREA 4(H329),6,6,327,TRAINER,232,3601,0x0000
overworld,0033,UNDARA AREA 1(H326); UNDARA AREA 2(H327); UNDARA AREA 3(H328); UNDARA AREA 4(H329),7,7,324,TRAINER,232,3602,0x0000
overworld,0033,UNDARA AREA 1(H326); UNDARA AREA 2(H327); UNDARA AREA 3(H328); UNDARA AREA 4(H329),8,8,324,TRAINER,232,3603,0x0000
overworld,0033,UNDARA AREA 1(H326); UNDARA AREA 2(H327); UNDARA AREA 3(H328); UNDARA AREA 4(H329),9,9,324,TRAINER,232,3604,0x0000
overworld,0033,UNDARA AREA 1(H326); UNDARA AREA 2(H327); UNDARA AREA 3(H328); UNDARA AREA 4(H329),10,10,327,TRAINER,232,3605,0x0000
overworld,0033,UNDARA AREA 1(H326); UNDARA AREA 2(H327); UNDARA AREA 3(H328); UNDARA AREA 4(H329),11,11,324,TRAINER,232,3606,0x0000
overworld,0033,UNDARA AREA 1(H326); UNDARA AREA 2(H327); UNDARA AREA 3(H328); UNDARA AREA 4(H329),12,12,327,TRAINER,232,3607,0x0000
overworld,0033,UNDARA AREA 1(H326); UNDARA AREA 2(H327); UNDARA AREA 3(H328); UNDARA AREA 4(H329),13,13,324,TRAINER,232,3608,0x0000
overworld,0033,UNDARA AREA 1(H326); UNDARA AREA 2(H327); UNDARA AREA 3(H328); UNDARA AREA 4(H329),14,14,327,TRAINER,232,3609,0x0000
overworld,0033,UNDARA AREA 1(H326); UNDARA AREA 2(H327); UNDARA AREA 3(H328); UNDARA AREA 4(H329),15,15,324,TRAINER,232,3610,0x0000
overworld,0033,UNDARA AREA 1(H326); UNDARA AREA 2(H327); UNDARA AREA 3(H328); UNDARA AREA 4(H329),16,16,327,TRAINER,232,3611,0x0000
overworld,0033,UNDARA AREA 1(H326); UNDARA AREA 2(H327); UNDARA AREA 3(H328); UNDARA AREA 4(H329),17,17,521,NORMAL,232,1,0x0000
overworld,0034,PRIMAL CAVE 1(H335); -(H336); -(H337),0,0,333,TRAINER,236,3060,0x0000
overworld,0034,PRIMAL CAVE 1(H335); -(H336); -(H337),1,1,262,NORMAL,236,2800,0x0000
overworld,0034,PRIMAL CAVE 1(H335); -(H336); -(H337),2,2,262,NORMAL,236,2800,0x0000
overworld,0034,PRIMAL CAVE 1(H335); -(H336); -(H337),3,3,319,NORMAL,236,1,0x0000
overworld,0035,SHALLOW C 1(H338); SHALLOW C 2(H339); SHALLOW C 3(H340); SHALLOW C 4(H341),0,0,324,TRAINER,237,3639,0x0000
overworld,0035,SHALLOW C 1(H338); SHALLOW C 2(H339); SHALLOW C 3(H340); SHALLOW C 4(H341),1,1,324,TRAINER,237,3640,0x0000
overworld,0035,SHALLOW C 1(H338); SHALLOW C 2(H339); SHALLOW C 3(H340); SHALLOW C 4(H341),2,2,324,TRAINER,237,3625,0x0000
overworld,0035,SHALLOW C 1(H338); SHALLOW C 2(H339); SHALLOW C 3(H340); SHALLOW C 4(H341),3,3,327,TRAINER,237,3626,0x0000
overworld,0035,SHALLOW C 1(H338); SHALLOW C 2(H339); SHALLOW C 3(H340); SHALLOW C 4(H341),4,4,324,TRAINER,237,3627,0x0000
overworld,0035,SHALLOW C 1(H338); SHALLOW C 2(H339); SHALLOW C 3(H340); SHALLOW C 4(H341),5,5,327,TRAINER,237,3628,0x0000
overworld,0035,SHALLOW C 1(H338); SHALLOW C 2(H339); SHALLOW C 3(H340); SHALLOW C 4(H341),6,6,324,TRAINER,237,3629,0x0000
overworld,0035,SHALLOW C 1(H338); SHALLOW C 2(H339); SHALLOW C 3(H340); SHALLOW C 4(H341),7,7,327,TRAINER,237,3630,0x0000
overworld,0035,SHALLOW C 1(H338); SHALLOW C 2(H339); SHALLOW C 3(H340); SHALLOW C 4(H341),8,8,324,TRAINER,237,3631,0x0000
overworld,0035,SHALLOW C 1(H338); SHALLOW C 2(H339); SHALLOW C 3(H340); SHALLOW C 4(H341),9,9,327,TRAINER,237,3632,0x0000
overworld,0035,SHALLOW C 1(H338); SHALLOW C 2(H339); SHALLOW C 3(H340); SHALLOW C 4(H341),10,10,327,TRAINER,237,3633,0x0000
overworld,0035,SHALLOW C 1(H338); SHALLOW C 2(H339); SHALLOW C 3(H340); SHALLOW C 4(H341),11,11,324,TRAINER,237,3634,0x0000
overworld,0035,SHALLOW C 1(H338); SHALLOW C 2(H339); SHALLOW C 3(H340); SHALLOW C 4(H341),12,12,327,TRAINER,237,3635,0x0000
overworld,0035,SHALLOW C 1(H338); SHALLOW C 2(H339); SHALLOW C 3(H340); SHALLOW C 4(H341),13,13,324,TRAINER,237,3636,0x0000
overworld,0035,SHALLOW C 1(H338); SHALLOW C 2(H339); SHALLOW C 3(H340); SHALLOW C 4(H341),14,14,324,TRAINER,237,3637,0x0000
overworld,0035,SHALLOW C 1(H338); SHALLOW C 2(H339); SHALLOW C 3(H340); SHALLOW C 4(H341),15,15,327,TRAINER,237,3638,0x0000
overworld,0035,SHALLOW C 1(H338); SHALLOW C 2(H339); SHALLOW C 3(H340); SHALLOW C 4(H341),16,16,327,TRAINER,237,3641,0x0000
overworld,0035,SHALLOW C 1(H338); SHALLOW C 2(H339); SHALLOW C 3(H340); SHALLOW C 4(H341),17,17,324,TRAINER,237,3642,0x0000
overworld,0035,SHALLOW C 1(H338); SHALLOW C 2(H339); SHALLOW C 3(H340); SHALLOW C 4(H341),18,18,324,TRAINER,237,3643,0x0000
overworld,0035,SHALLOW C 1(H338); SHALLOW C 2(H339); SHALLOW C 3(H340); SHALLOW C 4(H341),19,19,327,TRAINER,237,3644,0x0000
overworld,0035,SHALLOW C 1(H338); SHALLOW C 2(H339); SHALLOW C 3(H340); SHALLOW C 4(H341),20,20,324,TRAINER,237,3645,0x0000
overworld,0036,RT 15 AREA 1(H343),0,0,324,TRAINER,240,3646,0x0000
overworld,0036,RT 15 AREA 1(H343),1,1,327,TRAINER,240,3648,0x0000
overworld,0036,RT 15 AREA 1(H343),2,2,324,TRAINER,240,3647,0x0000
overworld,0036,RT 15 AREA 1(H343),3,3,327,TRAINER,240,3649,0x0000
overworld,0037,ULURU 4 A1(H346); ULURU 4 A2(H347); ULURU 4 A3(H350),0,0,332,NORMAL,243,9,0x0000
overworld,0037,ULURU 4 A1(H346); ULURU 4 A2(H347); ULURU 4 A3(H350),1,1,319,NORMAL,243,10,0x0000
overworld,0037,ULURU 4 A1(H346); ULURU 4 A2(H347); ULURU 4 A3(H350),2,2,351,TRAINER,243,3394,0x0000
overworld,0037,ULURU 4 A1(H346); ULURU 4 A2(H347); ULURU 4 A3(H350),3,3,146,TRAINER,243,3023,0x0000
overworld,0037,ULURU 4 A1(H346); ULURU 4 A2(H347); ULURU 4 A3(H350),4,4,381,NORMAL,243,1,0x01C2
overworld,0037,ULURU 4 A1(H346); ULURU 4 A2(H347); ULURU 4 A3(H350),5,5,319,NORMAL,243,8,0x01CF
overworld,0037,ULURU 4 A1(H346); ULURU 4 A2(H347); ULURU 4 A3(H350),6,6,146,NORMAL,243,2,0x01C4
overworld,0037,ULURU 4 A1(H346); ULURU 4 A2(H347); ULURU 4 A3(H350),7,7,262,NORMAL,243,2800,0x0000
overworld,0037,ULURU 4 A1(H346); ULURU 4 A2(H347); ULURU 4 A3(H350),8,8,87,NORMAL,243,7025,0x04FC
overworld,0038,SPEAR PLR 1(H348); SPEAR PLR 2(H349),0,0,316,TRAINER,246,3080,0x0000
overworld,0038,SPEAR PLR 1(H348); SPEAR PLR 2(H349),1,1,316,TRAINER,246,5080,0x0000
overworld,0038,SPEAR PLR 1(H348); SPEAR PLR 2(H349),2,2,351,TRAINER,246,3385,0x0000
overworld,0038,SPEAR PLR 1(H348); SPEAR PLR 2(H349),3,3,315,NORMAL,246,2,0x01C3
overworld,0038,SPEAR PLR 1(H348); SPEAR PLR 2(H349),4,4,262,NORMAL,246,2800,0x0000
overworld,0038,SPEAR PLR 1(H348); SPEAR PLR 2(H349),5,5,262,NORMAL,246,2800,0x0000
overworld,0038,SPEAR PLR 1(H348); SPEAR PLR 2(H349),6,6,262,NORMAL,246,2800,0x0000
overworld,0038,SPEAR PLR 1(H348); SPEAR PLR 2(H349),7,7,326,TRAINER,246,3678,0x0000
overworld,0038,SPEAR PLR 1(H348); SPEAR PLR 2(H349),8,8,326,TRAINER,246,3679,0x0000
overworld,0039,RT 18 AREA 1(H351); RT 18 AREA 2(H352); RT 18 AREA 3(H353); RT 18 AREA 4(H354); RT 17 AREA 1(H401); RT 17 AREA 2(H402); RT 17 AREA 3(H403); RT 17 AREA 4(H404); RT 17 AREA 5(H405); RT 17 AREA 6(H406); RT 17 AREA 7(H407); RT 17 AREA 8(H408),0,0,324,TRAINER,254,3671,0x0000
overworld,0039,RT 18 AREA 1(H351); RT 18 AREA 2(H352); RT 18 AREA 3(H353); RT 18 AREA 4(H354); RT 17 AREA 1(H401); RT 17 AREA 2(H402); RT 17 AREA 3(H403); RT 17 AREA 4(H404); RT 17 AREA 5(H405); RT 17 AREA 6(H406); RT 17 AREA 7(H407); RT 17 AREA 8(H408),1,1,324,TRAINER,254,3672,0x0000
overworld,0039,RT 18 AREA 1(H351); RT 18 AREA 2(H352); RT 18 AREA 3(H353); RT 18 AREA 4(H354); RT 17 AREA 1(H401); RT 17 AREA 2(H402); RT 17 AREA 3(H403); RT 17 AREA 4(H404); RT 17 AREA 5(H405); RT 17 AREA 6(H406); RT 17 AREA 7(H407); RT 17 AREA 8(H408),2,2,327,TRAINER,254,3673,0x0000
overworld,0039,RT 18 AREA 1(H351); RT 18 AREA 2(H352); RT 18 AREA 3(H353); RT 18 AREA 4(H354); RT 17 AREA 1(H401); RT 17 AREA 2(H402); RT 17 AREA 3(H403); RT 17 AREA 4(H404); RT 17 AREA 5(H405); RT 17 AREA 6(H406); RT 17 AREA 7(H407); RT 17 AREA 8(H408),3,3,324,TRAINER,254,3674,0x0000
overworld,0039,RT 18 AREA 1(H351); RT 18 AREA 2(H352); RT 18 AREA 3(H353); RT 18 AREA 4(H354); RT 17 AREA 1(H401); RT 17 AREA 2(H402); RT 17 AREA 3(H403); RT 17 AREA 4(H404); RT 17 AREA 5(H405); RT 17 AREA 6(H406); RT 17 AREA 7(H407); RT 17 AREA 8(H408),4,4,324,TRAINER,254,3675,0x0000
overworld,0039,RT 18 AREA 1(H351); RT 18 AREA 2(H352); RT 18 AREA 3(H353); RT 18 AREA 4(H354); RT 17 AREA 1(H401); RT 17 AREA 2(H402); RT 17 AREA 3(H403); RT 17 AREA 4(H404); RT 17 AREA 5(H405); RT 17 AREA 6(H406); RT 17 AREA 7(H407); RT 17 AREA 8(H408),5,5,324,TRAINER,254,3676,0x0000
overworld,0039,RT 18 AREA 1(H351); RT 18 AREA 2(H352); RT 18 AREA 3(H353); RT 18 AREA 4(H354); RT 17 AREA 1(H401); RT 17 AREA 2(H402); RT 17 AREA 3(H403); RT 17 AREA 4(H404); RT 17 AREA 5(H405); RT 17 AREA 6(H406); RT 17 AREA 7(H407); RT 17 AREA 8(H408),6,6,324,TRAINER,254,3677,0x0000
overworld,0039,RT 18 AREA 1(H351); RT 18 AREA 2(H352); RT 18 AREA 3(H353); RT 18 AREA 4(H354); RT 17 AREA 1(H401); RT 17 AREA 2(H402); RT 17 AREA 3(H403); RT 17 AREA 4(H404); RT 17 AREA 5(H405); RT 17 AREA 6(H406); RT 17 AREA 7(H407); RT 17 AREA 8(H408),7,7,324,TRAINER,254,3678,0x0000
overworld,0039,RT 18 AREA 1(H351); RT 18 AREA 2(H352); RT 18 AREA 3(H353); RT 18 AREA 4(H354); RT 17 AREA 1(H401); RT 17 AREA 2(H402); RT 17 AREA 3(H403); RT 17 AREA 4(H404); RT 17 AREA 5(H405); RT 17 AREA 6(H406); RT 17 AREA 7(H407); RT 17 AREA 8(H408),8,8,324,TRAINER,254,3679,0x0000
overworld,0039,RT 18 AREA 1(H351); RT 18 AREA 2(H352); RT 18 AREA 3(H353); RT 18 AREA 4(H354); RT 17 AREA 1(H401); RT 17 AREA 2(H402); RT 17 AREA 3(H403); RT 17 AREA 4(H404); RT 17 AREA 5(H405); RT 17 AREA 6(H406); RT 17 AREA 7(H407); RT 17 AREA 8(H408),9,9,327,TRAINER,254,3680,0x0000
overworld,0039,RT 18 AREA 1(H351); RT 18 AREA 2(H352); RT 18 AREA 3(H353); RT 18 AREA 4(H354); RT 17 AREA 1(H401); RT 17 AREA 2(H402); RT 17 AREA 3(H403); RT 17 AREA 4(H404); RT 17 AREA 5(H405); RT 17 AREA 6(H406); RT 17 AREA 7(H407); RT 17 AREA 8(H408),10,10,324,TRAINER,254,3681,0x0000
overworld,0039,RT 18 AREA 1(H351); RT 18 AREA 2(H352); RT 18 AREA 3(H353); RT 18 AREA 4(H354); RT 17 AREA 1(H401); RT 17 AREA 2(H402); RT 17 AREA 3(H403); RT 17 AREA 4(H404); RT 17 AREA 5(H405); RT 17 AREA 6(H406); RT 17 AREA 7(H407); RT 17 AREA 8(H408),11,11,327,TRAINER,254,3682,0x0000
overworld,0039,RT 18 AREA 1(H351); RT 18 AREA 2(H352); RT 18 AREA 3(H353); RT 18 AREA 4(H354); RT 17 AREA 1(H401); RT 17 AREA 2(H402); RT 17 AREA 3(H403); RT 17 AREA 4(H404); RT 17 AREA 5(H405); RT 17 AREA 6(H406); RT 17 AREA 7(H407); RT 17 AREA 8(H408),12,12,324,TRAINER,254,3683,0x0000
overworld,0039,RT 18 AREA 1(H351); RT 18 AREA 2(H352); RT 18 AREA 3(H353); RT 18 AREA 4(H354); RT 17 AREA 1(H401); RT 17 AREA 2(H402); RT 17 AREA 3(H403); RT 17 AREA 4(H404); RT 17 AREA 5(H405); RT 17 AREA 6(H406); RT 17 AREA 7(H407); RT 17 AREA 8(H408),13,13,324,TRAINER,254,3684,0x0000
overworld,0039,RT 18 AREA 1(H351); RT 18 AREA 2(H352); RT 18 AREA 3(H353); RT 18 AREA 4(H354); RT 17 AREA 1(H401); RT 17 AREA 2(H402); RT 17 AREA 3(H403); RT 17 AREA 4(H404); RT 17 AREA 5(H405); RT 17 AREA 6(H406); RT 17 AREA 7(H407); RT 17 AREA 8(H408),14,14,327,TRAINER,254,3685,0x0000
overworld,0039,RT 18 AREA 1(H351); RT 18 AREA 2(H352); RT 18 AREA 3(H353); RT 18 AREA 4(H354); RT 17 AREA 1(H401); RT 17 AREA 2(H402); RT 17 AREA 3(H403); RT 17 AREA 4(H404); RT 17 AREA 5(H405); RT 17 AREA 6(H406); RT 17 AREA 7(H407); RT 17 AREA 8(H408),15,15,324,TRAINER,254,3686,0x0000
overworld,0039,RT 18 AREA 1(H351); RT 18 AREA 2(H352); RT 18 AREA 3(H353); RT 18 AREA 4(H354); RT 17 AREA 1(H401); RT 17 AREA 2(H402); RT 17 AREA 3(H403); RT 17 AREA 4(H404); RT 17 AREA 5(H405); RT 17 AREA 6(H406); RT 17 AREA 7(H407); RT 17 AREA 8(H408),16,16,324,TRAINER,254,3687,0x0000
overworld,0039,RT 18 AREA 1(H351); RT 18 AREA 2(H352); RT 18 AREA 3(H353); RT 18 AREA 4(H354); RT 17 AREA 1(H401); RT 17 AREA 2(H402); RT 17 AREA 3(H403); RT 17 AREA 4(H404); RT 17 AREA 5(H405); RT 17 AREA 6(H406); RT 17 AREA 7(H407); RT 17 AREA 8(H408),17,17,324,TRAINER,254,3688,0x0000
overworld,0040,HAUNT AREA 1(H387); HAUNT AREA 2(H388); HAUNT AREA 3(H389); HAUNT AREA 4(H390); HAUNT AREA 5(H391),0,0,327,TRAINER,249,3700,0x0000
overworld,0040,HAUNT AREA 1(H387); HAUNT AREA 2(H388); HAUNT AREA 3(H389); HAUNT AREA 4(H390); HAUNT AREA 5(H391),1,1,327,TRAINER,249,3702,0x0000
overworld,0040,HAUNT AREA 1(H387); HAUNT AREA 2(H388); HAUNT AREA 3(H389); HAUNT AREA 4(H390); HAUNT AREA 5(H391),2,2,324,TRAINER,249,3701,0x0000
overworld,0040,HAUNT AREA 1(H387); HAUNT AREA 2(H388); HAUNT AREA 3(H389); HAUNT AREA 4(H390); HAUNT AREA 5(H391),3,3,324,TRAINER,249,3703,0x0000
overworld,0040,HAUNT AREA 1(H387); HAUNT AREA 2(H388); HAUNT AREA 3(H389); HAUNT AREA 4(H390); HAUNT AREA 5(H391),4,4,327,TRAINER,249,3704,0x0000
overworld,0040,HAUNT AREA 1(H387); HAUNT AREA 2(H388); HAUNT AREA 3(H389); HAUNT AREA 4(H390); HAUNT AREA 5(H391),5,5,327,TRAINER,249,3705,0x0000
overworld,0040,HAUNT AREA 1(H387); HAUNT AREA 2(H388); HAUNT AREA 3(H389); HAUNT AREA 4(H390); HAUNT AREA 5(H391),6,6,327,TRAINER,249,3706,0x0000
overworld,0040,HAUNT AREA 1(H387); HAUNT AREA 2(H388); HAUNT AREA 3(H389); HAUNT AREA 4(H390); HAUNT AREA 5(H391),7,7,327,TRAINER,249,3707,0x0000
overworld,0040,HAUNT AREA 1(H387); HAUNT AREA 2(H388); HAUNT AREA 3(H389); HAUNT AREA 4(H390); HAUNT AREA 5(H391),8,8,324,TRAINER,249,3708,0x0000
overworld,0040,HAUNT AREA 1(H387); HAUNT AREA 2(H388); HAUNT AREA 3(H389); HAUNT AREA 4(H390); HAUNT AREA 5(H391),9,9,324,TRAINER,249,3709,0x0000
overworld,0040,HAUNT AREA 1(H387); HAUNT AREA 2(H388); HAUNT AREA 3(H389); HAUNT AREA 4(H390); HAUNT AREA 5(H391),10,10,324,TRAINER,249,3710,0x0000
overworld,0040,HAUNT AREA 1(H387); HAUNT AREA 2(H388); HAUNT AREA 3(H389); HAUNT AREA 4(H390); HAUNT AREA 5(H391),11,11,324,TRAINER,249,3711,0x0000
overworld,0040,HAUNT AREA 1(H387); HAUNT AREA 2(H388); HAUNT AREA 3(H389); HAUNT AREA 4(H390); HAUNT AREA 5(H391),12,12,324,TRAINER,249,3712,0x0000
overworld,0040,HAUNT AREA 1(H387); HAUNT AREA 2(H388); HAUNT AREA 3(H389); HAUNT AREA 4(H390); HAUNT AREA 5(H391),13,13,327,TRAINER,249,3713,0x0000
overworld,0040,HAUNT AREA 1(H387); HAUNT AREA 2(H388); HAUNT AREA 3(H389); HAUNT AREA 4(H390); HAUNT AREA 5(H391),14,14,324,TRAINER,249,3714,0x0000
overworld,0040,HAUNT AREA 1(H387); HAUNT AREA 2(H388); HAUNT AREA 3(H389); HAUNT AREA 4(H390); HAUNT AREA 5(H391),15,15,324,TRAINER,249,3715,0x0000
overworld,0040,HAUNT AREA 1(H387); HAUNT AREA 2(H388); HAUNT AREA 3(H389); HAUNT AREA 4(H390); HAUNT AREA 5(H391),16,16,327,TRAINER,249,3716,0x0000
overworld,0040,HAUNT AREA 1(H387); HAUNT AREA 2(H388); HAUNT AREA 3(H389); HAUNT AREA 4(H390); HAUNT AREA 5(H391),17,17,327,TRAINER,249,3717,0x0000
overworld,0041,MANSION A1(H392),0,0,327,TRAINER,252,3718,0x0000
overworld,0041,MANSION A1(H392),1,1,324,TRAINER,252,3719,0x0000
overworld,0041,MANSION A1(H392),2,2,327,TRAINER,252,3720,0x0000
overworld,0042,D HQ1 F2(H68),0,0,322,NORMAL,10,6,0x01B8
overworld,0042,D HQ1 F2(H68),1,1,326,NORMAL,10,5,0x0000
overworld,0042,D HQ1 F2(H68),2,2,1004,NORMAL,10,4,0x0000
overworld,0042,D HQ1 F2(H68),3,3,34,NORMAL,10,7,0x01B8
overworld,0042,D HQ1 F2(H68),4,4,222,TRAINER,10,3186,0x01B7
overworld,0042,D HQ1 F2(H68),5,5,221,TRAINER,10,3197,0x01B7
overworld,0042,D HQ1 F2(H68),6,6,222,TRAINER,10,3187,0x01B7
overworld,0042,D HQ1 F2(H68),7,7,222,TRAINER,10,3185,0x01B7
overworld,0042,D HQ1 F2(H68),8,8,326,NORMAL,10,11,0x0000
overworld,0042,D HQ1 F2(H68),9,9,325,NORMAL,10,10,0x0000
overworld,0043,RT 9 AREA 1(H242); RT 9 AREA 2(H243); RT 9 AREA 3(H244); RT 9 AREA 4(H246); RT 9 AREA 5(H247); RT 10 AREA 1(H248); RT 10 AREA 2(H249),0,0,377,TRAINER,203,3265,0x0000
overworld,0043,RT 9 AREA 1(H242); RT 9 AREA 2(H243); RT 9 AREA 3(H244); RT 9 AREA 4(H246); RT 9 AREA 5(H247); RT 10 AREA 1(H248); RT 10 AREA 2(H249),1,1,20,TRAINER,203,3266,0x0000
overworld,0043,RT 9 AREA 1(H242); RT 9 AREA 2(H243); RT 9 AREA 3(H244); RT 9 AREA 4(H246); RT 9 AREA 5(H247); RT 10 AREA 1(H248); RT 10 AREA 2(H249),2,2,9,TRAINER,203,3268,0x0000
overworld,0043,RT 9 AREA 1(H242); RT 9 AREA 2(H243); RT 9 AREA 3(H244); RT 9 AREA 4(H246); RT 9 AREA 5(H247); RT 10 AREA 1(H248); RT 10 AREA 2(H249),3,3,12,TRAINER,203,3267,0x0000
overworld,0043,RT 9 AREA 1(H242); RT 9 AREA 2(H243); RT 9 AREA 3(H244); RT 9 AREA 4(H246); RT 9 AREA 5(H247); RT 10 AREA 1(H248); RT 10 AREA 2(H249),4,4,20,TRAINER,203,3345,0x0000
overworld,0043,RT 9 AREA 1(H242); RT 9 AREA 2(H243); RT 9 AREA 3(H244); RT 9 AREA 4(H246); RT 9 AREA 5(H247); RT 10 AREA 1(H248); RT 10 AREA 2(H249),5,5,20,TRAINER,203,3346,0x0000
overworld,0043,RT 9 AREA 1(H242); RT 9 AREA 2(H243); RT 9 AREA 3(H244); RT 9 AREA 4(H246); RT 9 AREA 5(H247); RT 10 AREA 1(H248); RT 10 AREA 2(H249),6,6,12,TRAINER,203,3347,0x0000
overworld,0043,RT 9 AREA 1(H242); RT 9 AREA 2(H243); RT 9 AREA 3(H244); RT 9 AREA 4(H246); RT 9 AREA 5(H247); RT 10 AREA 1(H248); RT 10 AREA 2(H249),7,7,323,TRAINER,203,3348,0x0000
overworld,0043,RT 9 AREA 1(H242); RT 9 AREA 2(H243); RT 9 AREA 3(H244); RT 9 AREA 4(H246); RT 9 AREA 5(H247); RT 10 AREA 1(H248); RT 10 AREA 2(H249),8,8,351,TRAINER,203,3349,0x0000
overworld,0043,RT 9 AREA 1(H242); RT 9 AREA 2(H243); RT 9 AREA 3(H244); RT 9 AREA 4(H246); RT 9 AREA 5(H247); RT 10 AREA 1(H248); RT 10 AREA 2(H249),9,9,5,TRAINER,203,3352,0x0000
overworld,0043,RT 9 AREA 1(H242); RT 9 AREA 2(H243); RT 9 AREA 3(H244); RT 9 AREA 4(H246); RT 9 AREA 5(H247); RT 10 AREA 1(H248); RT 10 AREA 2(H249),10,10,20,TRAINER,203,3353,0x0000
overworld,0043,RT 9 AREA 1(H242); RT 9 AREA 2(H243); RT 9 AREA 3(H244); RT 9 AREA 4(H246); RT 9 AREA 5(H247); RT 10 AREA 1(H248); RT 10 AREA 2(H249),11,11,20,TRAINER,203,3350,0x0000
overworld,0043,RT 9 AREA 1(H242); RT 9 AREA 2(H243); RT 9 AREA 3(H244); RT 9 AREA 4(H246); RT 9 AREA 5(H247); RT 10 AREA 1(H248); RT 10 AREA 2(H249),12,12,12,TRAINER,203,3351,0x0000
overworld,0043,RT 9 AREA 1(H242); RT 9 AREA 2(H243); RT 9 AREA 3(H244); RT 9 AREA 4(H246); RT 9 AREA 5(H247); RT 10 AREA 1(H248); RT 10 AREA 2(H249),13,13,347,TRAINER,203,3366,0x0000
overworld,0043,RT 9 AREA 1(H242); RT 9 AREA 2(H243); RT 9 AREA 3(H244); RT 9 AREA 4(H246); RT 9 AREA 5(H247); RT 10 AREA 1(H248); RT 10 AREA 2(H249),14,14,347,TRAINER,203,3368,0x0000
overworld,0043,RT 9 AREA 1(H242); RT 9 AREA 2(H243); RT 9 AREA 3(H244); RT 9 AREA 4(H246); RT 9 AREA 5(H247); RT 10 AREA 1(H248); RT 10 AREA 2(H249),15,15,347,TRAINER,203,3369,0x0000
overworld,0043,RT 9 AREA 1(H242); RT 9 AREA 2(H243); RT 9 AREA 3(H244); RT 9 AREA 4(H246); RT 9 AREA 5(H247); RT 10 AREA 1(H248); RT 10 AREA 2(H249),16,16,347,TRAINER,203,3371,0x0000
overworld,0043,RT 9 AREA 1(H242); RT 9 AREA 2(H243); RT 9 AREA 3(H244); RT 9 AREA 4(H246); RT 9 AREA 5(H247); RT 10 AREA 1(H248); RT 10 AREA 2(H249),17,17,20,TRAINER,203,3367,0x0000
overworld,0043,RT 9 AREA 1(H242); RT 9 AREA 2(H243); RT 9 AREA 3(H244); RT 9 AREA 4(H246); RT 9 AREA 5(H247); RT 10 AREA 1(H248); RT 10 AREA 2(H249),18,18,377,TRAINER,203,3370,0x0000
overworld,0043,RT 9 AREA 1(H242); RT 9 AREA 2(H243); RT 9 AREA 3(H244); RT 9 AREA 4(H246); RT 9 AREA 5(H247); RT 10 AREA 1(H248); RT 10 AREA 2(H249),19,19,141,TRAINER,203,3286,0x0000
overworld,0043,RT 9 AREA 1(H242); RT 9 AREA 2(H243); RT 9 AREA 3(H244); RT 9 AREA 4(H246); RT 9 AREA 5(H247); RT 10 AREA 1(H248); RT 10 AREA 2(H249),20,20,227,TRAINER,203,3376,0x0000
overworld,0043,RT 9 AREA 1(H242); RT 9 AREA 2(H243); RT 9 AREA 3(H244); RT 9 AREA 4(H246); RT 9 AREA 5(H247); RT 10 AREA 1(H248); RT 10 AREA 2(H249),21,21,20,TRAINER,203,3377,0x0000
overworld,0043,RT 9 AREA 1(H242); RT 9 AREA 2(H243); RT 9 AREA 3(H244); RT 9 AREA 4(H246); RT 9 AREA 5(H247); RT 10 AREA 1(H248); RT 10 AREA 2(H249),22,22,141,TRAINER,203,3287,0x0000
overworld,0043,RT 9 AREA 1(H242); RT 9 AREA 2(H243); RT 9 AREA 3(H244); RT 9 AREA 4(H246); RT 9 AREA 5(H247); RT 10 AREA 1(H248); RT 10 AREA 2(H249),23,23,9,TRAINER,203,3288,0x0000
overworld,0043,RT 9 AREA 1(H242); RT 9 AREA 2(H243); RT 9 AREA 3(H244); RT 9 AREA 4(H246); RT 9 AREA 5(H247); RT 10 AREA 1(H248); RT 10 AREA 2(H249),24,24,351,TRAINER,203,3289,0x0000
overworld,0043,RT 9 AREA 1(H242); RT 9 AREA 2(H243); RT 9 AREA 3(H244); RT 9 AREA 4(H246); RT 9 AREA 5(H247); RT 10 AREA 1(H248); RT 10 AREA 2(H249),25,25,351,TRAINER,203,3289,0x0000
overworld,0043,RT 9 AREA 1(H242); RT 9 AREA 2(H243); RT 9 AREA 3(H244); RT 9 AREA 4(H246); RT 9 AREA 5(H247); RT 10 AREA 1(H248); RT 10 AREA 2(H249),26,26,377,TRAINER,203,3290,0x0000
overworld,0043,RT 9 AREA 1(H242); RT 9 AREA 2(H243); RT 9 AREA 3(H244); RT 9 AREA 4(H246); RT 9 AREA 5(H247); RT 10 AREA 1(H248); RT 10 AREA 2(H249),27,27,344,TRAINER,203,3291,0x0000
overworld,0043,RT 9 AREA 1(H242); RT 9 AREA 2(H243); RT 9 AREA 3(H244); RT 9 AREA 4(H246); RT 9 AREA 5(H247); RT 10 AREA 1(H248); RT 10 AREA 2(H249),28,28,219,TRAINER,203,3292,0x0000
overworld,0043,RT 9 AREA 1(H242); RT 9 AREA 2(H243); RT 9 AREA 3(H244); RT 9 AREA 4(H246); RT 9 AREA 5(H247); RT 10 AREA 1(H248); RT 10 AREA 2(H249),29,29,351,TRAINER,203,3293,0x0000
overworld,0043,RT 9 AREA 1(H242); RT 9 AREA 2(H243); RT 9 AREA 3(H244); RT 9 AREA 4(H246); RT 9 AREA 5(H247); RT 10 AREA 1(H248); RT 10 AREA 2(H249),30,30,377,TRAINER,203,3294,0x0000
overworld,0043,RT 9 AREA 1(H242); RT 9 AREA 2(H243); RT 9 AREA 3(H244); RT 9 AREA 4(H246); RT 9 AREA 5(H247); RT 10 AREA 1(H248); RT 10 AREA 2(H249),31,31,351,TRAINER,203,3295,0x0000
overworld,0043,RT 9 AREA 1(H242); RT 9 AREA 2(H243); RT 9 AREA 3(H244); RT 9 AREA 4(H246); RT 9 AREA 5(H247); RT 10 AREA 1(H248); RT 10 AREA 2(H249),32,32,9,TRAINER,203,3300,0x0000
overworld,0043,RT 9 AREA 1(H242); RT 9 AREA 2(H243); RT 9 AREA 3(H244); RT 9 AREA 4(H246); RT 9 AREA 5(H247); RT 10 AREA 1(H248); RT 10 AREA 2(H249),33,33,12,TRAINER,203,3301,0x0000
overworld,0043,RT 9 AREA 1(H242); RT 9 AREA 2(H243); RT 9 AREA 3(H244); RT 9 AREA 4(H246); RT 9 AREA 5(H247); RT 10 AREA 1(H248); RT 10 AREA 2(H249),34,34,9,TRAINER,203,3302,0x0000
overworld,0043,RT 9 AREA 1(H242); RT 9 AREA 2(H243); RT 9 AREA 3(H244); RT 9 AREA 4(H246); RT 9 AREA 5(H247); RT 10 AREA 1(H248); RT 10 AREA 2(H249),35,35,10,TRAINER,203,3303,0x0000
overworld,0043,RT 9 AREA 1(H242); RT 9 AREA 2(H243); RT 9 AREA 3(H244); RT 9 AREA 4(H246); RT 9 AREA 5(H247); RT 10 AREA 1(H248); RT 10 AREA 2(H249),36,36,10,TRAINER,203,3304,0x0000
overworld,0043,RT 9 AREA 1(H242); RT 9 AREA 2(H243); RT 9 AREA 3(H244); RT 9 AREA 4(H246); RT 9 AREA 5(H247); RT 10 AREA 1(H248); RT 10 AREA 2(H249),37,37,351,TRAINER,203,3296,0x0000
overworld,0043,RT 9 AREA 1(H242); RT 9 AREA 2(H243); RT 9 AREA 3(H244); RT 9 AREA 4(H246); RT 9 AREA 5(H247); RT 10 AREA 1(H248); RT 10 AREA 2(H249),38,38,347,TRAINER,203,3297,0x0000
overworld,0043,RT 9 AREA 1(H242); RT 9 AREA 2(H243); RT 9 AREA 3(H244); RT 9 AREA 4(H246); RT 9 AREA 5(H247); RT 10 AREA 1(H248); RT 10 AREA 2(H249),39,39,377,TRAINER,203,3305,0x0000
overworld,0043,RT 9 AREA 1(H242); RT 9 AREA 2(H243); RT 9 AREA 3(H244); RT 9 AREA 4(H246); RT 9 AREA 5(H247); RT 10 AREA 1(H248); RT 10 AREA 2(H249),40,40,377,TRAINER,203,3306,0x0000
overworld,0043,RT 9 AREA 1(H242); RT 9 AREA 2(H243); RT 9 AREA 3(H244); RT 9 AREA 4(H246); RT 9 AREA 5(H247); RT 10 AREA 1(H248); RT 10 AREA 2(H249),41,41,20,TRAINER,203,3307,0x0000
overworld,0043,RT 9 AREA 1(H242); RT 9 AREA 2(H243); RT 9 AREA 3(H244); RT 9 AREA 4(H246); RT 9 AREA 5(H247); RT 10 AREA 1(H248); RT 10 AREA 2(H249),42,42,344,TRAINER,203,3308,0x0000
overworld,0045,UNDARA CAVE 2(H331),0,0,324,TRAINER,259,3612,0x0000
overworld,0045,UNDARA CAVE 2(H331),1,1,327,TRAINER,259,3613,0x0000
overworld,0045,UNDARA CAVE 2(H331),2,2,324,TRAINER,259,3614,0x0000
overworld,0045,UNDARA CAVE 2(H331),3,3,324,TRAINER,259,3615,0x0000
overworld,0045,UNDARA CAVE 2(H331),4,4,324,TRAINER,259,3616,0x0000
overworld,0045,UNDARA CAVE 2(H331),5,5,327,TRAINER,259,3617,0x0000
overworld,0045,UNDARA CAVE 2(H331),6,6,324,TRAINER,259,3618,0x0000
overworld,0045,UNDARA CAVE 2(H331),7,7,324,TRAINER,259,3619,0x0000
overworld,0045,UNDARA CAVE 2(H331),8,8,327,TRAINER,259,3620,0x0000
overworld,0045,UNDARA CAVE 2(H331),9,9,324,TRAINER,259,3621,0x0000
overworld,0045,UNDARA CAVE 2(H331),10,10,324,TRAINER,259,3622,0x0000
overworld,0046,HAMPELL TOWN(H23),0,0,325,NORMAL,735,1,0x0000
overworld,0046,HAMPELL TOWN(H23),1,1,332,NORMAL,735,2,0x0000
overworld,0046,HAMPELL TOWN(H23),2,2,328,NORMAL,735,7,0x027E
overworld,0046,HAMPELL TOWN(H23),3,3,521,NORMAL,735,1,0x0000
overworld,0048,RT 8 AREA 1(H150); RT 8 AREA 2(H151); RT 8 AREA 3(H161); RT 8 AREA 4(H162),0,0,351,TRAINER,201,3208,0x0000
overworld,0048,RT 8 AREA 1(H150); RT 8 AREA 2(H151); RT 8 AREA 3(H161); RT 8 AREA 4(H162),1,1,20,TRAINER,201,3201,0x0000
overworld,0048,RT 8 AREA 1(H150); RT 8 AREA 2(H151); RT 8 AREA 3(H161); RT 8 AREA 4(H162),2,2,351,TRAINER,201,3209,0x0000
overworld,0048,RT 8 AREA 1(H150); RT 8 AREA 2(H151); RT 8 AREA 3(H161); RT 8 AREA 4(H162),3,3,20,TRAINER,201,3211,0x0000
overworld,0048,RT 8 AREA 1(H150); RT 8 AREA 2(H151); RT 8 AREA 3(H161); RT 8 AREA 4(H162),4,4,351,TRAINER,201,3212,0x0000
overworld,0048,RT 8 AREA 1(H150); RT 8 AREA 2(H151); RT 8 AREA 3(H161); RT 8 AREA 4(H162),5,5,219,TRAINER,201,3213,0x0000
overworld,0048,RT 8 AREA 1(H150); RT 8 AREA 2(H151); RT 8 AREA 3(H161); RT 8 AREA 4(H162),6,6,219,TRAINER,201,3214,0x0000
overworld,0048,RT 8 AREA 1(H150); RT 8 AREA 2(H151); RT 8 AREA 3(H161); RT 8 AREA 4(H162),7,7,344,TRAINER,201,3215,0x0000
overworld,0048,RT 8 AREA 1(H150); RT 8 AREA 2(H151); RT 8 AREA 3(H161); RT 8 AREA 4(H162),8,8,344,TRAINER,201,3239,0x0000
overworld,0048,RT 8 AREA 1(H150); RT 8 AREA 2(H151); RT 8 AREA 3(H161); RT 8 AREA 4(H162),9,9,344,TRAINER,201,3240,0x0000
overworld,0048,RT 8 AREA 1(H150); RT 8 AREA 2(H151); RT 8 AREA 3(H161); RT 8 AREA 4(H162),10,10,12,TRAINER,201,3241,0x0000
overworld,0048,RT 8 AREA 1(H150); RT 8 AREA 2(H151); RT 8 AREA 3(H161); RT 8 AREA 4(H162),11,11,20,TRAINER,201,3242,0x0000
overworld,0048,RT 8 AREA 1(H150); RT 8 AREA 2(H151); RT 8 AREA 3(H161); RT 8 AREA 4(H162),12,12,323,TRAINER,201,3249,0x0000
overworld,0049,D HQ1 F3(H69),0,0,222,TRAINER,11,3188,0x01B7
overworld,0049,D HQ1 F3(H69),1,1,222,TRAINER,11,3189,0x01B7
overworld,0049,D HQ1 F3(H69),2,2,29,TRAINER,11,3470,0x01B7
overworld,0049,D HQ1 F3(H69),3,3,322,NORMAL,11,4,0x0000
overworld,0049,D HQ1 F3(H69),4,4,326,NORMAL,11,6,0x0000
overworld,0049,D HQ1 F3(H69),5,5,322,NORMAL,11,5,0x01B8
overworld,0049,D HQ1 F3(H69),6,6,222,TRAINER,11,3190,0x01B7
overworld,0049,D HQ1 F3(H69),7,7,257,NORMAL,11,7,0x01BF
overworld,0049,D HQ1 F3(H69),8,8,257,NORMAL,11,7,0x01BF
overworld,0050,D HQ1 F4(H70),0,0,29,TRAINER,15,3471,0x01B7
overworld,0050,D HQ1 F4(H70),1,1,222,TRAINER,15,3191,0x01B7
overworld,0050,D HQ1 F4(H70),2,2,221,TRAINER,15,8,0x01B7
overworld,0050,D HQ1 F4(H70),3,3,294,TRAINER,15,3705,0x01B7
overworld,0050,D HQ1 F4(H70),4,4,389,NORMAL,15,5,0x0000
overworld,0050,D HQ1 F4(H70),5,5,1008,NORMAL,15,6,0x0000
overworld,0050,D HQ1 F4(H70),6,6,332,NORMAL,15,4,0x01B8
overworld,0050,D HQ1 F4(H70),7,7,323,NORMAL,15,7,0x0000
overworld,0050,D HQ1 F4(H70),8,8,87,NORMAL,15,7002,0x0441
overworld,0051,D HQ1 F5(H71),0,0,341,NORMAL,16,3,0x02C6
overworld,0051,D HQ1 F5(H71),1,1,223,TRAINER,16,3477,0x01B7
overworld,0051,D HQ1 F5(H71),2,2,293,NORMAL,16,3,0x02C7
overworld,0052,D HQ1 F6(H72),0,0,224,NORMAL,18,2,0x01B7
overworld,0052,D HQ1 F6(H72),1,1,341,NORMAL,18,0,0x01B8
overworld,0056,TROOME CITY(H409); TROOME TBD 1(H420); TROOME TBD 2(H421); TROOME TBD 3(H422); TROOME TBD 4(H423); TROOME TBD 5(H424); TROOME TBD 6(H425); TROOME TBD 7(H426); TROOME TBD 8(H427); TROOME TBD 9(H428); TROOME TBD 10(H429),0,0,521,NORMAL,827,1,0x0000
overworld,0057,MAUNCESTON T(H10),0,0,347,NORMAL,842,2,0x0000
overworld,0057,MAUNCESTON T(H10),1,4,870,NORMAL,842,2,0x0000
overworld,0057,MAUNCESTON T(H10),2,6,522,NORMAL,842,1,0x0000
overworld,0057,MAUNCESTON T(H10),3,3,299,NORMAL,842,3,0x0000
overworld,0057,MAUNCESTON T(H10),4,4,394,NORMAL,842,4,0x0000
overworld,0057,MAUNCESTON T(H10),5,5,434,NORMAL,842,5,0x0000
overworld,0057,MAUNCESTON T(H10),6,1,382,NORMAL,842,6,0x0000
overworld,0058,MAUN 09 LAB01(H19),0,0,99,NORMAL,843,1,0x0191
overworld,0058,MAUN 09 LAB01(H19),1,1,34,NORMAL,843,0,0x019D
overworld,0058,MAUN 09 LAB01(H19),2,2,29,NORMAL,843,2,0x0246
overworld,0058,MAUN 09 LAB01(H19),3,3,101,NORMAL,843,0,0x01A6
overworld,0059,MAUN 10 LAB02(H20),0,0,394,NORMAL,844,1,0x0000
overworld,0059,MAUN 10 LAB02(H20),1,1,193,NORMAL,844,2,0x0000
overworld,0059,MAUN 10 LAB02(H20),2,2,299,NORMAL,844,3,0x0000
overworld,0059,MAUN 10 LAB02(H20),3,3,336,NORMAL,844,4,0x0000
overworld,0059,MAUN 10 LAB02(H20),4,4,337,NORMAL,844,5,0x0000
overworld,0059,MAUN 10 LAB02(H20),5,5,427,NORMAL,844,6,0x0000
overworld,0059,MAUN 10 LAB02(H20),6,6,385,NORMAL,844,7,0x0000
overworld,0059,MAUN 10 LAB02(H20),7,7,40,NORMAL,844,8,0x0000
overworld,0059,MAUN 10 LAB02(H20),8,8,218,NORMAL,844,9,0x0000
overworld,0059,MAUN 10 LAB02(H20),9,9,366,NORMAL,844,10,0x0000
overworld,0059,MAUN 10 LAB02(H20),10,10,211,NORMAL,844,11,0x0000
overworld,0060,MAUN 01 MUM(H11),0,0,365,NORMAL,845,2,0x0000
overworld,0061,MAUN 02 PROT(H12),0,0,376,NORMAL,846,0,0x02AA
overworld,0061,MAUN 02 PROT(H12),1,1,350,NORMAL,846,0,0x02AB
overworld,0061,MAUN 02 PROT(H12),2,2,379,NORMAL,846,0,0x02A9
overworld,0062,MAUN 03 HS01(H13),0,0,327,NORMAL,847,1,0x0000
overworld,0064,LOBART CITY(H56); RT 4 AREA 1(H81),0,0,521,NORMAL,186,1,0x0000
overworld,0064,LOBART CITY(H56); RT 4 AREA 1(H81),1,1,5,TRAINER,186,3053,0x0000
overworld,0064,LOBART CITY(H56); RT 4 AREA 1(H81),2,2,5,TRAINER,186,3054,0x0000
overworld,0065,HAMP 03 PM01(H26),0,0,334,NORMAL,851,1,0x0000
overworld,0065,HAMP 03 PM01(H26),1,1,146,NORMAL,851,2,0x0000
overworld,0065,HAMP 03 PM01(H26),2,2,324,NORMAL,851,3,0x0000
overworld,0065,HAMP 03 PM01(H26),3,3,334,NORMAL,851,4,0x0194
overworld,0065,HAMP 03 PM01(H26),4,4,299,NORMAL,851,10202,0x02A8
overworld,0065,HAMP 03 PM01(H26),5,5,193,NORMAL,851,10201,0x02A7
overworld,0066,HAMP 01 PC01(H24),0,0,335,NORMAL,852,1,0x0000
overworld,0066,HAMP 01 PC01(H24),1,1,336,NORMAL,852,9017,0x0000
overworld,0066,HAMP 01 PC01(H24),2,2,336,NORMAL,852,9003,0x0315
overworld,0066,HAMP 01 PC01(H24),3,3,336,NORMAL,852,9001,0x0315
overworld,0066,HAMP 01 PC01(H24),4,4,332,NORMAL,852,2,0x0000
overworld,0066,HAMP 01 PC01(H24),5,5,341,NORMAL,852,3,0x0000
overworld,0066,HAMP 01 PC01(H24),6,6,325,NORMAL,852,4,0x0000
overworld,0066,HAMP 01 PC01(H24),7,7,335,NORMAL,852,2025,0x0193
overworld,0066,HAMP 01 PC01(H24),8,8,336,NORMAL,852,5,0x0316
overworld,0066,HAMP 01 PC01(H24),9,9,336,NORMAL,852,6,0x0316
overworld,0067,MAUN 05 HS02(H15),0,0,328,NORMAL,854,2,0x0000
overworld,0067,MAUN 05 HS02(H15),1,1,315,NORMAL,854,3,0x0000
overworld,0068,MAUN 07 HS03(H17),0,0,330,NORMAL,855,2,0x0000
overworld,0069,MAUN 11 HS04(H21),0,0,146,NORMAL,856,2,0x0000
overworld,0069,MAUN 11 HS04(H21),1,1,319,NORMAL,856,3,0x0000
overworld,0070,MELTON CITY(H107),0,0,521,NORMAL,857,1,0x0000
overworld,0070,MELTON CITY(H107),1,1,5,TRAINER,857,3114,0x0000
overworld,0070,MELTON CITY(H107),2,2,141,TRAINER,857,3118,0x0000
overworld,0070,MELTON CITY(H107),3,3,10,TRAINER,857,3119,0x0000
overworld,0071,DANBERRA CITY(H136),0,0,521,NORMAL,866,1,0x0000
overworld,0072,BAIRNS TOWN(H250),0,0,521,NORMAL,875,1,0x0000
overworld,0072,BAIRNS TOWN(H250),1,1,31,TRAINER,875,3378,0x0000
overworld,0073,SYDTREE CITY(H163),0,0,521,NORMAL,885,1,0x0000
overworld,0074,SHEDSNOW TOWN(H279),0,0,521,NORMAL,911,1,0x0000
overworld,0075,DALICE STRING(H299),0,0,521,NORMAL,920,1,0x0000
overworld,0076,LOBA 03 PM02(H59),0,0,334,NORMAL,921,1,0x0000
overworld,0076,LOBA 03 PM02(H59),1,1,334,NORMAL,921,2,0x0000
overworld,0076,LOBA 03 PM02(H59),2,2,331,NORMAL,921,3,0x0000
overworld,0076,LOBA 03 PM02(H59),3,3,322,NORMAL,921,4,0x0000
overworld,0076,LOBA 03 PM02(H59),4,4,299,NORMAL,921,10202,0x02A8
overworld,0076,LOBA 03 PM02(H59),5,5,193,NORMAL,921,10201,0x02A7
overworld,0077,TROO 05 GYM08(H414),0,0,168,NORMAL,922,4,0x0000
overworld,0077,TROO 05 GYM08(H414),1,1,355,TRAINER,922,2,0x02ED
overworld,0077,TROO 05 GYM08(H414),2,2,219,TRAINER,922,3493,0x0000
overworld,0077,TROO 05 GYM08(H414),3,3,219,TRAINER,922,3088,0x0000
overworld,0077,TROO 05 GYM08(H414),4,4,219,TRAINER,922,3492,0x0000
overworld,0077,TROO 05 GYM08(H414),5,5,219,TRAINER,922,3045,0x0000
overworld,0077,TROO 05 GYM08(H414),6,6,330,NORMAL,922,0,0x0247
overworld,0078,LOBA 01 PC02(H57),0,0,335,NORMAL,923,1,0x0000
overworld,0078,LOBA 01 PC02(H57),1,1,336,NORMAL,923,9003,0x0000
overworld,0078,LOBA 01 PC02(H57),2,2,336,NORMAL,923,9001,0x0000
overworld,0078,LOBA 01 PC02(H57),3,3,336,NORMAL,923,9017,0x0000
overworld,0078,LOBA 01 PC02(H57),4,4,235,NORMAL,923,0,0x01C5
overworld,0078,LOBA 01 PC02(H57),5,5,338,NORMAL,923,5,0x0000
overworld,0078,LOBA 01 PC02(H57),6,6,327,NORMAL,923,4,0x0000
overworld,0078,LOBA 01 PC02(H57),7,7,328,NORMAL,923,3,0x0000
overworld,0081,HAMP 05 HS06(H28),0,0,324,NORMAL,929,1,0x0000
overworld,0081,HAMP 05 HS06(H28),1,1,183,NORMAL,929,2,0x0000
overworld,0082,HAMP 06 HS07(H29),0,0,330,NORMAL,927,1,0x0000
overworld,0082,HAMP 06 HS07(H29),1,1,146,NORMAL,927,2,0x0000
overworld,0084,TERTH CITY(H446),0,0,521,NORMAL,930,1,0x0000
overworld,0086,RADELAIDE CTY(H355),0,0,521,NORMAL,941,1,0x0000
overworld,0093,,0,0,87,NORMAL,,7355,0x0479
overworld,0093,,1,1,87,NORMAL,,7218,0x0478
overworld,0093,,2,2,319,NORMAL,,5,0x024E
overworld,0093,,3,3,329,NORMAL,,6,0x024E
overworld,0093,,4,4,146,NORMAL,,7,0x024E
overworld,0093,,5,5,146,NORMAL,,8,0x024E
overworld,0093,,6,6,367,NORMAL,,9,0x024E
overworld,0093,,7,7,325,NORMAL,,1,0x024E
overworld,0093,,8,8,1009,NORMAL,,11,0x024E
overworld,0093,,9,9,326,NORMAL,,10,0x024E
overworld,0093,,10,10,318,NORMAL,,10409,0x0000
overworld,0093,,11,11,318,NORMAL,,10411,0x0000
overworld,0093,,12,12,327,NORMAL,,10413,0x0000
overworld,0093,,13,13,328,NORMAL,,10415,0x0000
overworld,0093,,14,14,318,NORMAL,,10417,0x0000
overworld,0093,,15,15,345,NORMAL,,10419,0x0000
overworld,0093,,16,16,346,NORMAL,,10421,0x0000
overworld,0093,,17,17,318,NORMAL,,10423,0x0000
overworld,0093,,18,18,317,NORMAL,,10425,0x0000
overworld,0093,,19,19,146,NORMAL,,10427,0x0000
overworld,0093,,20,20,394,NORMAL,,10428,0x0000
overworld,0093,,21,21,329,TRAINER,,3181,0x024E
overworld,0093,,22,22,319,TRAINER,,3183,0x024E
overworld,0093,,23,23,328,TRAINER,,3180,0x024E
overworld,0093,,24,24,146,TRAINER,,3177,0x024E
overworld,0093,,25,25,87,NORMAL,,7107,0x0506
overworld,0093,,26,26,328,NORMAL,,24,0x027E
overworld,0093,,27,27,328,NORMAL,,25,0x027F
overworld,0093,,28,28,353,NORMAL,,27,0x0288
overworld,0094,MELT 13 GH01(H128),0,0,394,NORMAL,231,3,0x0000
overworld,0094,MELT 13 GH01(H128),1,1,101,NORMAL,231,0,0x0000
overworld,0094,MELT 13 GH01(H128),2,2,1032,NORMAL,231,0,0x0000
overworld,0095,,0,0,394,NORMAL,,2,0x0000
overworld,0095,,1,1,146,NORMAL,,3,0x0000
overworld,0095,,2,2,328,NORMAL,,4,0x0000
overworld,0096,NAVEL WEST 01(H32),0,0,7,TRAINER,56,3003,0x0000
overworld,0096,NAVEL WEST 01(H32),1,5,87,NORMAL,56,7033,0x042B
overworld,0096,NAVEL WEST 01(H32),2,6,87,NORMAL,56,7034,0x042C
overworld,0096,NAVEL WEST 01(H32),3,7,87,NORMAL,56,7035,0x042D
overworld,0096,NAVEL WEST 01(H32),4,8,87,NORMAL,56,7036,0x042E
overworld,0097,BAIR 08 GH04(H220); SYDT 06 GH03(H231),0,0,394,NORMAL,872,2,0x0000
overworld,0097,BAIR 08 GH04(H220); SYDT 06 GH03(H231),1,1,331,NORMAL,872,3,0x0000
overworld,0098,LOBA 07 GV01(H82),0,0,394,NORMAL,241,1,0x0000
overworld,0098,LOBA 07 GV01(H82),1,1,329,NORMAL,241,2,0x0000
overworld,0099,,0,0,317,NORMAL,,6,0x0000
overworld,0099,,1,1,394,NORMAL,,2,0x01C3
overworld,0099,,2,2,40,NORMAL,,1,0x0224
overworld,0099,,3,3,394,NORMAL,,3,0x0223
overworld,0099,,4,4,344,NORMAL,,4,0x0223
overworld,0099,,5,5,319,NORMAL,,5,0x0223
overworld,0099,,6,6,328,NORMAL,,12,0x027E
overworld,0099,,7,7,394,NORMAL,,2,0x01C4
overworld,0100,MELT 11 GV02(H118),0,0,330,NORMAL,244,2,0x0000
overworld,0100,MELT 11 GV02(H118),1,1,394,NORMAL,244,3,0x0000
overworld,0101,,0,0,394,NORMAL,,2,0x01C3
overworld,0101,,1,1,394,NORMAL,,2,0x01C4
overworld,0103,WELL CAVE F3(H147),0,0,328,NORMAL,5,3,0x0000
overworld,0103,WELL CAVE F3(H147),1,1,373,NORMAL,5,2,0x0262
overworld,0103,WELL CAVE F3(H147),2,2,87,NORMAL,5,7053,0x0511
overworld,0103,WELL CAVE F3(H147),3,3,87,NORMAL,5,7315,0x0512
overworld,0103,WELL CAVE F3(H147),4,4,20,TRAINER,5,3195,0x0000
overworld,0103,WELL CAVE F3(H147),5,5,50,TRAINER,5,3196,0x0000
overworld,0103,WELL CAVE F3(H147),6,6,219,TRAINER,5,3197,0x0000
overworld,0105,,0,0,87,NORMAL,,7040,0x04C6
overworld,0105,,1,1,87,NORMAL,,7383,0x04C7
overworld,0106,ICE PATH C1(H291),0,0,69,TRAINER,12,3429,0x0000
overworld,0106,ICE PATH C1(H291),1,1,68,TRAINER,12,3430,0x0000
overworld,0106,ICE PATH C1(H291),2,2,68,TRAINER,12,3431,0x0000
overworld,0106,ICE PATH C1(H291),3,3,68,TRAINER,12,3432,0x0000
overworld,0108,HO-OH TWR F1(H44),0,0,220,NORMAL,19,1,0x0000
overworld,0109,A HQ1 F1(H61); -(H76); -(H77); -(H192); -(H193); -(H194); -(H195),0,6,222,NORMAL,29,6,0x01BC
overworld,0109,A HQ1 F1(H61); -(H76); -(H77); -(H192); -(H193); -(H194); -(H195),1,5,148,NORMAL,29,0,0x01BD
overworld,0109,A HQ1 F1(H61); -(H76); -(H77); -(H192); -(H193); -(H194); -(H195),2,2,427,NORMAL,29,3,0x01B8
overworld,0109,A HQ1 F1(H61); -(H76); -(H77); -(H192); -(H193); -(H194); -(H195),3,1,427,NORMAL,29,2,0x01B8
overworld,0109,A HQ1 F1(H61); -(H76); -(H77); -(H192); -(H193); -(H194); -(H195),4,0,427,NORMAL,29,1,0x0000
overworld,0109,A HQ1 F1(H61); -(H76); -(H77); -(H192); -(H193); -(H194); -(H195),5,6,222,NORMAL,29,6,0x01BC
overworld,0109,A HQ1 F1(H61); -(H76); -(H77); -(H192); -(H193); -(H194); -(H195),6,5,148,NORMAL,29,0,0x01BD
overworld,0109,A HQ1 F1(H61); -(H76); -(H77); -(H192); -(H193); -(H194); -(H195),7,2,427,NORMAL,29,3,0x01B8
overworld,0109,A HQ1 F1(H61); -(H76); -(H77); -(H192); -(H193); -(H194); -(H195),8,1,427,NORMAL,29,2,0x01B8
overworld,0109,A HQ1 F1(H61); -(H76); -(H77); -(H192); -(H193); -(H194); -(H195),9,0,427,NORMAL,29,1,0x0000
overworld,0110,GBR 01(H545),0,0,521,NORMAL,37,1,0x0000
overworld,0111,WELL CAVE F1(H145),0,0,233,NORMAL,59,1,0x01AA
overworld,0111,WELL CAVE F1(H145),1,1,328,NORMAL,59,2,0x027E
overworld,0112,LIGHT H 01 F1(H212),0,0,329,NORMAL,62,2,0x0000
overworld,0112,LIGHT H 01 F1(H212),1,1,348,NORMAL,62,1,0x0000
overworld,0113,,0,0,288,NORMAL,,0,0x0000
overworld,0113,,1,1,349,NORMAL,,0,0x0000
overworld,0113,,2,2,349,NORMAL,,1,0x0000
overworld,0113,,3,3,349,NORMAL,,0,0x0000
overworld,0113,,4,4,344,NORMAL,,4,0x01F2
overworld,0113,,5,5,168,NORMAL,,3,0x01F2
overworld,0113,,6,6,331,NORMAL,,5,0x01E7
overworld,0113,,7,7,364,NORMAL,,6,0x01F8
overworld,0113,,8,8,1028,NORMAL,,8,0x01F8
overworld,0114,SYD FOREST 01(H232); SYD FOREST 02(H233); SYD FOREST 03(H234); SYD FOREST 04(H235); SYD FOREST 05(H236); SYD FOREST 06(H237); SYD FOREST 07(H238); SYD FOREST 08(H239),0,0,5,TRAINER,92,3250,0x0000
overworld,0114,SYD FOREST 01(H232); SYD FOREST 02(H233); SYD FOREST 03(H234); SYD FOREST 04(H235); SYD FOREST 05(H236); SYD FOREST 06(H237); SYD FOREST 07(H238); SYD FOREST 08(H239),1,1,5,TRAINER,92,3251,0x0000
overworld,0114,SYD FOREST 01(H232); SYD FOREST 02(H233); SYD FOREST 03(H234); SYD FOREST 04(H235); SYD FOREST 05(H236); SYD FOREST 06(H237); SYD FOREST 07(H238); SYD FOREST 08(H239),2,2,5,TRAINER,92,3252,0x0000
overworld,0114,SYD FOREST 01(H232); SYD FOREST 02(H233); SYD FOREST 03(H234); SYD FOREST 04(H235); SYD FOREST 05(H236); SYD FOREST 06(H237); SYD FOREST 07(H238); SYD FOREST 08(H239),3,3,141,TRAINER,92,3253,0x0000
overworld,0114,SYD FOREST 01(H232); SYD FOREST 02(H233); SYD FOREST 03(H234); SYD FOREST 04(H235); SYD FOREST 05(H236); SYD FOREST 06(H237); SYD FOREST 07(H238); SYD FOREST 08(H239),4,4,141,TRAINER,92,3254,0x0000
overworld,0114,SYD FOREST 01(H232); SYD FOREST 02(H233); SYD FOREST 03(H234); SYD FOREST 04(H235); SYD FOREST 05(H236); SYD FOREST 06(H237); SYD FOREST 07(H238); SYD FOREST 08(H239),5,5,9,TRAINER,92,3256,0x0000
overworld,0114,SYD FOREST 01(H232); SYD FOREST 02(H233); SYD FOREST 03(H234); SYD FOREST 04(H235); SYD FOREST 05(H236); SYD FOREST 06(H237); SYD FOREST 07(H238); SYD FOREST 08(H239),6,6,31,TRAINER,92,3257,0x0000
overworld,0114,SYD FOREST 01(H232); SYD FOREST 02(H233); SYD FOREST 03(H234); SYD FOREST 04(H235); SYD FOREST 05(H236); SYD FOREST 06(H237); SYD FOREST 07(H238); SYD FOREST 08(H239),7,7,5,TRAINER,92,3258,0x0000
overworld,0114,SYD FOREST 01(H232); SYD FOREST 02(H233); SYD FOREST 03(H234); SYD FOREST 04(H235); SYD FOREST 05(H236); SYD FOREST 06(H237); SYD FOREST 07(H238); SYD FOREST 08(H239),8,8,141,TRAINER,92,3254,0x0000
overworld,0114,SYD FOREST 01(H232); SYD FOREST 02(H233); SYD FOREST 03(H234); SYD FOREST 04(H235); SYD FOREST 05(H236); SYD FOREST 06(H237); SYD FOREST 07(H238); SYD FOREST 08(H239),9,9,141,TRAINER,92,3255,0x0000
overworld,0114,SYD FOREST 01(H232); SYD FOREST 02(H233); SYD FOREST 03(H234); SYD FOREST 04(H235); SYD FOREST 05(H236); SYD FOREST 06(H237); SYD FOREST 07(H238); SYD FOREST 08(H239),10,10,40,TRAINER,92,3259,0x0000
overworld,0114,SYD FOREST 01(H232); SYD FOREST 02(H233); SYD FOREST 03(H234); SYD FOREST 04(H235); SYD FOREST 05(H236); SYD FOREST 06(H237); SYD FOREST 07(H238); SYD FOREST 08(H239),11,11,5,TRAINER,92,3261,0x0000
overworld,0114,SYD FOREST 01(H232); SYD FOREST 02(H233); SYD FOREST 03(H234); SYD FOREST 04(H235); SYD FOREST 05(H236); SYD FOREST 06(H237); SYD FOREST 07(H238); SYD FOREST 08(H239),12,12,5,TRAINER,92,3263,0x0000
overworld,0114,SYD FOREST 01(H232); SYD FOREST 02(H233); SYD FOREST 03(H234); SYD FOREST 04(H235); SYD FOREST 05(H236); SYD FOREST 06(H237); SYD FOREST 07(H238); SYD FOREST 08(H239),13,13,141,TRAINER,92,3262,0x0000
overworld,0115,,0,0,325,NORMAL,,2,0x0000
overworld,0115,,1,1,322,NORMAL,,1,0x0000
overworld,0115,,2,2,101,NORMAL,,0,0x02C8
overworld,0115,,3,3,1032,NORMAL,,0,0x02C8
overworld,0116,,0,0,87,NORMAL,,7038,0x0495
overworld,0116,,1,1,87,NORMAL,,7028,0x0496
overworld,0117,LOBART CAVERN(H84),0,0,377,TRAINER,99,3052,0x0000
overworld,0117,LOBART CAVERN(H84),1,1,20,TRAINER,99,5060,0x0000
overworld,0117,LOBART CAVERN(H84),2,2,20,TRAINER,99,5061,0x0000
overworld,0117,LOBART CAVERN(H84),3,3,12,TRAINER,99,3063,0x0000
overworld,0117,LOBART CAVERN(H84),4,4,9,TRAINER,99,3064,0x0000
overworld,0117,LOBART CAVERN(H84),5,5,20,TRAINER,99,5065,0x0000
overworld,0117,LOBART CAVERN(H84),6,6,20,TRAINER,99,5066,0x0000
overworld,0118,,0,0,87,NORMAL,,7002,0x048A
overworld,0118,,1,1,87,NORMAL,,7002,0x0489
overworld,0119,,0,0,87,NORMAL,,7023,0x04D9
overworld,0119,,1,1,328,NORMAL,,1,0x027E
overworld,0120,NAVEL EAST 01(H41),0,0,333,TRAINER,108,3009,0x0000
overworld,0120,NAVEL EAST 01(H41),1,1,344,TRAINER,108,3011,0x0000
overworld,0121,,0,0,87,NORMAL,,7029,0x045F
overworld,0121,,1,1,87,NORMAL,,7027,0x0460
overworld,0121,,2,2,87,NORMAL,,7017,0x0461
overworld,0121,,3,3,84,NORMAL,,10002,0x0000
overworld,0121,,4,4,84,NORMAL,,10002,0x0000
overworld,0121,,5,5,84,NORMAL,,10002,0x0000
overworld,0123,,0,0,349,NORMAL,,0,0x0000
overworld,0123,,1,1,87,NORMAL,,7081,0x045C
overworld,0124,LOBA 05 HS09(H79),0,0,328,NORMAL,228,1,0x0000
overworld,0127,HAMP 02 PCR01(H25),0,0,286,NORMAL,924,9203,0x0000
overworld,0127,HAMP 02 PCR01(H25),1,1,336,NORMAL,924,9202,0x0000
overworld,0127,HAMP 02 PCR01(H25),2,2,336,NORMAL,924,9201,0x0000
overworld,0128,,0,0,394,NORMAL,,2,0x0000
overworld,0129,RT 5 02 HS10(H104),0,0,344,NORMAL,937,1,0x0000
overworld,0129,RT 5 02 HS10(H104),1,1,325,NORMAL,937,2,0x0000
overworld,0130,MELT 12 GV03(H120),0,0,394,NORMAL,226,2,0x0000
overworld,0130,MELT 12 GV03(H120),1,1,146,NORMAL,226,3,0x0000
overworld,0131,RADE 05 GYM07(H360),0,0,352,NORMAL,859,2,0x02E9
overworld,0131,RADE 05 GYM07(H360),1,1,323,TRAINER,859,3049,0x0000
overworld,0131,RADE 05 GYM07(H360),2,2,323,TRAINER,859,3028,0x0000
overworld,0131,RADE 05 GYM07(H360),3,3,168,NORMAL,859,3,0x02E4
overworld,0131,RADE 05 GYM07(H360),4,4,168,NORMAL,859,6,0x02E3
overworld,0132,,0,0,168,NORMAL,,1,0x0000
overworld,0133,LOBA 04 GYM01(H60),0,0,354,NORMAL,886,1,0x02EC
overworld,0133,LOBA 04 GYM01(H60),1,1,319,TRAINER,886,3055,0x0000
overworld,0133,LOBA 04 GYM01(H60),2,2,326,TRAINER,886,3056,0x0000
overworld,0133,LOBA 04 GYM01(H60),3,3,326,TRAINER,886,3057,0x0000
overworld,0133,LOBA 04 GYM01(H60),4,4,168,NORMAL,886,3,0x0000
overworld,0135,MELT 04 GYM02(H111),0,0,356,NORMAL,877,1,0x02EB
overworld,0135,MELT 04 GYM02(H111),1,1,344,TRAINER,877,3155,0x0000
overworld,0135,MELT 04 GYM02(H111),2,2,344,TRAINER,877,3156,0x0000
overworld,0135,MELT 04 GYM02(H111),3,3,344,TRAINER,877,3250,0x0000
overworld,0135,MELT 04 GYM02(H111),4,4,344,TRAINER,877,3158,0x0000
overworld,0137,BAIR 04 GYM05(H254),0,0,359,NORMAL,943,1,0x02EF
overworld,0137,BAIR 04 GYM05(H254),1,1,324,TRAINER,943,3109,0x0000
overworld,0137,BAIR 04 GYM05(H254),2,2,327,TRAINER,943,3116,0x0000
overworld,0137,BAIR 04 GYM05(H254),3,3,324,TRAINER,943,3111,0x0000
overworld,0137,BAIR 04 GYM05(H254),4,4,327,TRAINER,943,3118,0x0000
overworld,0137,BAIR 04 GYM05(H254),5,5,324,TRAINER,943,3110,0x0000
overworld,0137,BAIR 04 GYM05(H254),6,6,168,NORMAL,943,4,0x0000
overworld,0138,DANB 09 GV04(H149),0,0,394,NORMAL,255,1,0x0000
overworld,0139,,0,0,341,NORMAL,,1,0x0000
overworld,0139,,1,1,366,NORMAL,,0,0x0195
overworld,0140,LOBA 02 PCR02(H58),0,0,286,NORMAL,853,9203,0x0000
overworld,0140,LOBA 02 PCR02(H58),1,1,336,NORMAL,853,9202,0x0000
overworld,0140,LOBA 02 PCR02(H58),2,2,336,NORMAL,853,9201,0x0000
overworld,0140,LOBA 02 PCR02(H58),3,3,11,TRAINER,853,3059,0x0000
overworld,0141,,0,0,87,NORMAL,,7041,0x04E9
overworld,0141,,1,1,87,NORMAL,,7092,0x04EC
overworld,0141,,2,2,87,NORMAL,,7023,0x04EB
overworld,0141,,3,3,87,NORMAL,,7254,0x04ED
overworld,0141,,4,4,85,NORMAL,,10001,0x0010
overworld,0141,,5,5,85,NORMAL,,10001,0x0011
overworld,0141,,6,6,85,NORMAL,,10001,0x0012
overworld,0141,,7,7,85,NORMAL,,10001,0x0013
overworld,0141,,8,8,85,NORMAL,,10001,0x0014
overworld,0141,,9,9,85,NORMAL,,10001,0x0015
overworld,0141,,10,10,85,NORMAL,,10001,0x0010
overworld,0143,,0,0,353,NORMAL,,1,0x0263
overworld,0143,,1,1,87,NORMAL,,7056,0x04D2
overworld,0143,,2,2,87,NORMAL,,7065,0x04D3
overworld,0143,,3,3,87,NORMAL,,7085,0x04D5
overworld,0143,,4,4,87,NORMAL,,7404,0x04D6
overworld,0143,,5,5,86,NORMAL,,10000,0x0010
overworld,0143,,6,6,86,NORMAL,,10000,0x0011
overworld,0143,,7,7,318,TRAINER,,3694,0x0000
overworld,0143,,8,8,318,TRAINER,,3695,0x0000
overworld,0143,,9,9,318,TRAINER,,3696,0x0000
overworld,0143,,10,10,318,TRAINER,,3697,0x0000
overworld,0143,,11,11,318,TRAINER,,3698,0x0000
overworld,0144,WLDA02 GH08(H526),0,0,394,NORMAL,865,1,0x0000
overworld,0144,WLDA02 GH08(H526),1,1,146,NORMAL,865,2,0x0000
overworld,0146,,0,0,87,NORMAL,,7028,0x04F3
overworld,0146,,1,1,87,NORMAL,,7279,0x0501
overworld,0146,,2,2,87,NORMAL,,7317,0x0502
overworld,0146,,3,3,87,NORMAL,,7069,0x0503
overworld,0146,,4,4,333,NORMAL,,2,0x02CF
overworld,0146,,5,5,128,NORMAL,,4,0x02DF
overworld,0146,,6,6,324,TRAINER,,3729,0x0000
overworld,0146,,7,7,327,TRAINER,,5729,0x0000
overworld,0146,,8,8,345,TRAINER,,3731,0x0000
overworld,0146,,9,9,323,TRAINER,,3728,0x0000
overworld,0146,,10,10,326,TRAINER,,5728,0x0000
overworld,0146,,11,11,333,TRAINER,,3730,0x0000
overworld,0146,,12,12,356,NORMAL,,5,0x0304
overworld,0147,,0,0,87,NORMAL,,7092,0x0504
overworld,0147,,1,1,328,NORMAL,,1,0x027E
overworld,0147,,2,0,322,NORMAL,,ALIAS,0x00AE
overworld,0147,,3,8,326,NORMAL,,ALIAS,0x00AE
overworld,0147,,4,10,1015,NORMAL,,ALIAS,0x00AE
overworld,0147,,5,6,330,NORMAL,,ALIAS,0x00AE
overworld,0148,NAVEL WEST 02(H33),0,0,148,TRAINER,57,3004,0x0000
overworld,0148,NAVEL WEST 02(H33),1,5,87,NORMAL,57,7038,0x0430
overworld,0148,NAVEL WEST 02(H33),2,6,87,NORMAL,57,7037,0x042F
overworld,0148,NAVEL WEST 02(H33),3,4,84,NORMAL,57,10002,0x0010
overworld,0148,NAVEL WEST 02(H33),4,1,333,TRAINER,57,3005,0x0000
overworld,0149,SUBTRN CAVE(H85),0,0,344,TRAINER,58,3097,0x0000
overworld,0149,SUBTRN CAVE(H85),1,1,345,TRAINER,58,3108,0x0000
overworld,0149,SUBTRN CAVE(H85),2,2,7,TRAINER,58,3109,0x0000
overworld,0149,SUBTRN CAVE(H85),3,3,5,TRAINER,58,3110,0x0000
overworld,0149,SUBTRN CAVE(H85),4,4,50,TRAINER,58,3111,0x0000
overworld,0149,SUBTRN CAVE(H85),5,5,141,TRAINER,58,3112,0x0000
overworld,0149,SUBTRN CAVE(H85),6,6,31,TRAINER,58,3113,0x0000
overworld,0149,SUBTRN CAVE(H85),7,7,20,TRAINER,58,3098,0x0000
overworld,0149,SUBTRN CAVE(H85),8,8,347,TRAINER,58,3099,0x0000
overworld,0149,SUBTRN CAVE(H85),9,9,351,TRAINER,58,3100,0x0000
overworld,0149,SUBTRN CAVE(H85),10,10,351,TRAINER,58,3101,0x0000
overworld,0151,MOLTEN CAVERN(H126),0,0,85,NORMAL,18,0,0x0000
overworld,0151,MOLTEN CAVERN(H126),1,1,432,NORMAL,18,1,0x0000
overworld,0151,MOLTEN CAVERN(H126),2,2,637,NORMAL,18,2,0x0000
overworld,0151,MOLTEN CAVERN(H126),3,3,774,NORMAL,18,3,0x0000
overworld,0151,MOLTEN CAVERN(H126),4,4,917,NORMAL,18,4,0x0000
overworld,0151,MOLTEN CAVERN(H126),5,5,1116,NORMAL,18,5,0x0000
overworld,0151,MOLTEN CAVERN(H126),6,6,1300,NORMAL,18,6,0x0000
overworld,0151,MOLTEN CAVERN(H126),7,7,1431,NORMAL,18,7,0x0000
overworld,0151,MOLTEN CAVERN(H126),8,8,1551,NORMAL,18,8,0x0000
overworld,0151,MOLTEN CAVERN(H126),9,9,1664,NORMAL,18,9,0x0000
overworld,0151,MOLTEN CAVERN(H126),10,10,85,NORMAL,18,0,0x0000
overworld,0151,MOLTEN CAVERN(H126),11,11,85,NORMAL,18,0,0x0000
overworld,0152,MELT 03 PM03(H110),0,0,331,NORMAL,858,4,0x0000
overworld,0152,MELT 03 PM03(H110),1,1,324,NORMAL,858,5,0x0000
overworld,0152,MELT 03 PM03(H110),2,2,334,NORMAL,858,1,0x0000
overworld,0152,MELT 03 PM03(H110),3,3,334,NORMAL,858,2,0x0000
overworld,0152,MELT 03 PM03(H110),4,4,29,NORMAL,858,3,0x0197
overworld,0152,MELT 03 PM03(H110),5,5,299,NORMAL,858,10202,0x02A8
overworld,0152,MELT 03 PM03(H110),6,6,193,NORMAL,858,10201,0x02A7
overworld,0153,MELT 01 PC03(H108),0,0,322,NORMAL,860,2,0x0000
overworld,0153,MELT 01 PC03(H108),1,1,341,NORMAL,860,3,0x0000
overworld,0153,MELT 01 PC03(H108),2,2,146,NORMAL,860,4,0x0000
overworld,0153,MELT 01 PC03(H108),3,3,335,NORMAL,860,1,0x0000
overworld,0153,MELT 01 PC03(H108),4,4,336,NORMAL,860,9017,0x0000
overworld,0153,MELT 01 PC03(H108),5,5,336,NORMAL,860,9003,0x0000
overworld,0153,MELT 01 PC03(H108),6,6,336,NORMAL,860,9001,0x0000
overworld,0153,MELT 01 PC03(H108),7,7,335,NORMAL,860,2025,0x0193
overworld,0153,MELT 01 PC03(H108),8,8,384,NORMAL,860,5,0x0000
overworld,0153,MELT 01 PC03(H108),9,9,324,NORMAL,860,6,0x0000
overworld,0154,LOBA 06 SCHOO(H80),0,0,332,NORMAL,862,1,0x019B
overworld,0154,LOBA 06 SCHOO(H80),1,1,146,NORMAL,862,5,0x0000
overworld,0154,LOBA 06 SCHOO(H80),2,2,146,NORMAL,862,6,0x0000
overworld,0154,LOBA 06 SCHOO(H80),3,3,367,NORMAL,862,7,0x0000
overworld,0154,LOBA 06 SCHOO(H80),4,4,367,NORMAL,862,8,0x0000
overworld,0154,LOBA 06 SCHOO(H80),5,5,323,NORMAL,862,9300,0x0000
overworld,0154,LOBA 06 SCHOO(H80),6,6,320,NORMAL,862,4,0x0000
overworld,0155,MELT 09 HS11(H116),0,0,325,NORMAL,863,2,0x0000
overworld,0155,MELT 09 HS11(H116),1,1,319,NORMAL,863,3,0x0000
overworld,0155,MELT 09 HS11(H116),2,2,995,NORMAL,863,4,0x0000
overworld,0156,DANB 06 HS13(H142),0,0,328,NORMAL,864,3,0x0000
overworld,0156,DANB 06 HS13(H142),1,1,146,NORMAL,864,2,0x0000
overworld,0157,DANB 07 HS14(H143),0,0,344,NORMAL,873,1,0x01AE
overworld,0157,DANB 07 HS14(H143),1,1,146,NORMAL,873,2,0x01AC
overworld,0157,DANB 07 HS14(H143),2,2,1017,NORMAL,873,3,0x01AC
overworld,0157,DANB 07 HS14(H143),3,3,1017,NORMAL,873,3,0x01AC
overworld,0158,,0,0,233,NORMAL,,2,0x019E
overworld,0158,,1,1,316,NORMAL,,3,0x0000
overworld,0158,,2,2,1015,NORMAL,,4,0x01AB
overworld,0159,DANB 04 PM04(H140),0,0,334,NORMAL,867,1,0x0000
overworld,0159,DANB 04 PM04(H140),1,1,324,NORMAL,867,3,0x0000
overworld,0159,DANB 04 PM04(H140),2,2,315,NORMAL,867,4,0x0000
overworld,0159,DANB 04 PM04(H140),3,3,334,NORMAL,867,2,0x0000
overworld,0159,DANB 04 PM04(H140),4,4,299,NORMAL,867,10202,0x02A8
overworld,0159,DANB 04 PM04(H140),5,5,193,NORMAL,867,10201,0x02A7
overworld,0160,DANB 02 PC04(H138),0,0,329,NORMAL,870,2,0x0000
overworld,0160,DANB 02 PC04(H138),1,1,347,NORMAL,870,3,0x0000
overworld,0160,DANB 02 PC04(H138),2,2,341,NORMAL,870,4,0x0000
overworld,0160,DANB 02 PC04(H138),3,3,336,NORMAL,870,9017,0x0000
overworld,0160,DANB 02 PC04(H138),4,4,336,NORMAL,870,9003,0x0000
overworld,0160,DANB 02 PC04(H138),5,5,336,NORMAL,870,9001,0x0000
overworld,0160,DANB 02 PC04(H138),6,6,335,NORMAL,870,1,0x0000
overworld,0161,MELT 02 PCR03(H109),0,0,286,NORMAL,861,9203,0x0000
overworld,0161,MELT 02 PCR03(H109),1,1,336,NORMAL,861,9202,0x0000
overworld,0161,MELT 02 PCR03(H109),2,2,336,NORMAL,861,9201,0x0000
overworld,0162,DANB 03 PCR04(H139),0,0,286,NORMAL,871,9203,0x0000
overworld,0162,DANB 03 PCR04(H139),1,1,336,NORMAL,871,9202,0x0000
overworld,0162,DANB 03 PCR04(H139),2,2,336,NORMAL,871,9201,0x0000
overworld,0163,SYDT 02 PC05(H165),0,0,336,NORMAL,233,9017,0x0000
overworld,0163,SYDT 02 PC05(H165),1,1,336,NORMAL,233,9003,0x0000
overworld,0163,SYDT 02 PC05(H165),2,2,336,NORMAL,233,9001,0x0000
overworld,0163,SYDT 02 PC05(H165),3,3,335,NORMAL,233,1,0x0000
overworld,0163,SYDT 02 PC05(H165),4,4,347,NORMAL,233,2,0x0000
overworld,0163,SYDT 02 PC05(H165),5,5,327,NORMAL,233,4,0x0000
overworld,0163,SYDT 02 PC05(H165),6,6,328,NORMAL,233,3,0x0000
overworld,0164,SYDT 03 PCR05(H166),0,0,286,NORMAL,234,9203,0x0000
overworld,0164,SYDT 03 PCR05(H166),1,1,336,NORMAL,234,9202,0x0000
overworld,0164,SYDT 03 PCR05(H166),2,2,336,NORMAL,234,9201,0x0000
overworld,0165,SYDT 06 GV06(H241),0,0,319,NORMAL,239,3,0x0000
overworld,0165,SYDT 06 GV06(H241),1,1,325,NORMAL,239,1,0x0000
overworld,0165,SYDT 06 GV06(H241),2,2,994,NORMAL,239,2,0x0000
overworld,0166,TROO 01 GH 09(H410),0,0,394,NORMAL,248,2,0x0000
overworld,0167,,0,0,394,NORMAL,,1,0x0000
overworld,0167,,1,1,394,NORMAL,,3,0x0000
overworld,0167,,2,2,394,NORMAL,,2,0x0000
overworld,0167,,3,3,394,NORMAL,,4,0x0000
overworld,0167,,4,4,394,NORMAL,,5,0x0000
overworld,0167,,5,5,341,NORMAL,,11,0x0000
overworld,0167,,6,6,394,NORMAL,,12,0x0000
overworld,0168,MANSION A5(H396),0,0,327,TRAINER,116,3725,0x0000
overworld,0169,,0,0,84,NORMAL,,10002,0x0000
overworld,0169,,1,1,85,NORMAL,,10001,0x0011
overworld,0169,,2,2,85,NORMAL,,10001,0x0012
overworld,0169,,3,3,85,NORMAL,,10001,0x0013
overworld,0169,,4,4,87,NORMAL,,7017,0x04C2
overworld,0169,,5,5,87,NORMAL,,7025,0x04C3
overworld,0169,,6,6,87,NORMAL,,7027,0x04C4
overworld,0169,,7,7,87,NORMAL,,7056,0x04C5
overworld,0169,,8,8,87,NORMAL,,7068,0x050C
overworld,0169,,9,9,85,NORMAL,,10001,0x0010
overworld,0170,WELL CAVE F2(H146),0,0,84,NORMAL,60,10002,0x0000
overworld,0170,WELL CAVE F2(H146),1,1,222,TRAINER,60,3100,0x01A9
overworld,0170,WELL CAVE F2(H146),2,2,222,TRAINER,60,3011,0x01A9
overworld,0170,WELL CAVE F2(H146),3,3,221,TRAINER,60,3012,0x01A9
overworld,0170,WELL CAVE F2(H146),4,4,294,NORMAL,60,3,0x01A9
overworld,0170,WELL CAVE F2(H146),5,5,414,NORMAL,60,2,0x01D5
overworld,0170,WELL CAVE F2(H146),6,6,414,NORMAL,60,1,0x01D5
overworld,0170,WELL CAVE F2(H146),7,7,233,NORMAL,60,0,0x01AA
overworld,0170,WELL CAVE F2(H146),8,8,87,NORMAL,60,7026,0x0433
overworld,0171,RELIC RUIN F3(H294); RELIC RUIN F2(H295); RELIC RUIN F1(H296),0,0,50,TRAINER,109,3444,0x0000
overworld,0171,RELIC RUIN F3(H294); RELIC RUIN F2(H295); RELIC RUIN F1(H296),1,1,50,TRAINER,109,3445,0x0000
overworld,0171,RELIC RUIN F3(H294); RELIC RUIN F2(H295); RELIC RUIN F1(H296),2,2,50,TRAINER,109,3446,0x0000
overworld,0171,RELIC RUIN F3(H294); RELIC RUIN F2(H295); RELIC RUIN F1(H296),3,3,50,TRAINER,109,3447,0x0000
overworld,0171,RELIC RUIN F3(H294); RELIC RUIN F2(H295); RELIC RUIN F1(H296),4,4,50,TRAINER,109,3448,0x0000
overworld,0171,RELIC RUIN F3(H294); RELIC RUIN F2(H295); RELIC RUIN F1(H296),5,5,319,TRAINER,109,3449,0x0000
overworld,0171,RELIC RUIN F3(H294); RELIC RUIN F2(H295); RELIC RUIN F1(H296),6,6,50,TRAINER,109,3450,0x0000
overworld,0171,RELIC RUIN F3(H294); RELIC RUIN F2(H295); RELIC RUIN F1(H296),7,7,319,TRAINER,109,3451,0x0000
overworld,0171,RELIC RUIN F3(H294); RELIC RUIN F2(H295); RELIC RUIN F1(H296),8,8,319,TRAINER,109,3452,0x0000
overworld,0171,RELIC RUIN F3(H294); RELIC RUIN F2(H295); RELIC RUIN F1(H296),9,9,50,TRAINER,109,3453,0x0000
overworld,0171,RELIC RUIN F3(H294); RELIC RUIN F2(H295); RELIC RUIN F1(H296),10,10,50,TRAINER,109,3454,0x0000
overworld,0172,,0,0,148,NORMAL,,2,0x020A
overworld,0172,,1,1,87,NORMAL,,7002,0x0465
overworld,0172,,2,2,87,NORMAL,,7406,0x0466
overworld,0172,,3,3,87,NORMAL,,7050,0x0467
overworld,0172,,4,4,85,NORMAL,,10001,0x0010
overworld,0172,,5,5,85,NORMAL,,10001,0x0011
overworld,0172,,6,6,85,NORMAL,,10001,0x0012
overworld,0172,,7,7,85,NORMAL,,10001,0x0013
overworld,0172,,8,8,85,NORMAL,,10001,0x0014
overworld,0172,,9,9,85,NORMAL,,10001,0x0015
overworld,0172,,10,10,85,NORMAL,,10001,0x0016
overworld,0173,,0,0,318,TRAINER,,3067,0x0000
overworld,0173,,1,1,318,TRAINER,,3066,0x0000
overworld,0173,,2,2,316,TRAINER,,5009,0x0000
overworld,0173,,3,3,316,TRAINER,,3009,0x0000
overworld,0173,,4,4,318,TRAINER,,3068,0x0000
overworld,0173,,5,5,353,NORMAL,,2,0x02EA
overworld,0174,WELL CAVE F4(H148),0,0,338,NORMAL,61,1,0x0000
overworld,0174,WELL CAVE F4(H148),1,1,87,NORMAL,61,7345,0x0434
overworld,0174,WELL CAVE F4(H148),2,2,20,TRAINER,61,3198,0x0000
overworld,0174,WELL CAVE F4(H148),3,3,10,TRAINER,61,3199,0x0000
overworld,0175,MELT 08 BIKE(H115),0,0,328,NORMAL,890,1,0x0000
overworld,0176,,0,0,334,NORMAL,,1,0x0000
overworld,0176,,1,1,427,NORMAL,,2,0x0000
overworld,0176,,2,2,427,NORMAL,,3,0x0000
overworld,0176,,3,3,323,NORMAL,,6,0x0000
overworld,0176,,4,4,327,NORMAL,,7,0x0000
overworld,0176,,5,5,341,NORMAL,,4,0x02DA
overworld,0176,,6,6,341,NORMAL,,9,0x0000
overworld,0176,,7,7,328,NORMAL,,5,0x0000
overworld,0176,,8,8,332,NORMAL,,10,0x0000
overworld,0176,,9,9,329,NORMAL,,8,0x0000
overworld,0176,,10,10,87,NORMAL,,7405,0x04B0
overworld,0177,,0,0,325,NORMAL,,1,0x0000
overworld,0177,,1,1,319,NORMAL,,2,0x01D0
overworld,0178,BAIR 01 PC07(H251),0,0,335,NORMAL,887,1,0x0000
overworld,0178,BAIR 01 PC07(H251),1,1,336,NORMAL,887,9017,0x0000
overworld,0178,BAIR 01 PC07(H251),2,2,336,NORMAL,887,9003,0x0000
overworld,0178,BAIR 01 PC07(H251),3,3,336,NORMAL,887,9001,0x0000
overworld,0178,BAIR 01 PC07(H251),4,4,367,NORMAL,887,2,0x0000
overworld,0178,BAIR 01 PC07(H251),5,5,332,NORMAL,887,4,0x0000
overworld,0178,BAIR 01 PC07(H251),6,6,316,NORMAL,887,3,0x0000
overworld,0179,A HQ1 F2(H62),0,0,322,NORMAL,30,6,0x01B8
overworld,0179,A HQ1 F2(H62),1,1,326,NORMAL,30,5,0x0000
overworld,0179,A HQ1 F2(H62),2,2,1004,NORMAL,30,4,0x0000
overworld,0179,A HQ1 F2(H62),3,3,34,NORMAL,30,7,0x01B8
overworld,0179,A HQ1 F2(H62),4,4,222,TRAINER,30,3186,0x01B7
overworld,0179,A HQ1 F2(H62),5,5,221,TRAINER,30,3197,0x01B7
overworld,0179,A HQ1 F2(H62),6,6,222,TRAINER,30,3187,0x01B7
overworld,0179,A HQ1 F2(H62),7,7,222,TRAINER,30,3185,0x01B7
overworld,0179,A HQ1 F2(H62),8,8,326,NORMAL,30,11,0x0000
overworld,0179,A HQ1 F2(H62),9,9,325,NORMAL,30,10,0x0000
overworld,0180,A HQ1 F3(H63),0,0,222,TRAINER,31,3188,0x01B7
overworld,0180,A HQ1 F3(H63),1,1,222,TRAINER,31,3189,0x01B7
overworld,0180,A HQ1 F3(H63),2,2,29,TRAINER,31,3470,0x01B7
overworld,0180,A HQ1 F3(H63),3,3,322,NORMAL,31,4,0x0000
overworld,0180,A HQ1 F3(H63),4,4,326,NORMAL,31,6,0x0000
overworld,0180,A HQ1 F3(H63),5,5,322,NORMAL,31,5,0x01B8
overworld,0180,A HQ1 F3(H63),6,6,222,TRAINER,31,3190,0x01B7
overworld,0180,A HQ1 F3(H63),7,7,257,NORMAL,31,7,0x01BF
overworld,0180,A HQ1 F3(H63),8,8,257,NORMAL,31,7,0x01BF
overworld,0181,A HQ1 F4(H64),0,0,29,TRAINER,32,3471,0x01B7
overworld,0181,A HQ1 F4(H64),1,1,222,TRAINER,32,3191,0x01B7
overworld,0181,A HQ1 F4(H64),2,2,221,TRAINER,32,8,0x01B7
overworld,0181,A HQ1 F4(H64),3,3,294,TRAINER,32,3705,0x01B7
overworld,0181,A HQ1 F4(H64),4,4,389,NORMAL,32,5,0x0000
overworld,0181,A HQ1 F4(H64),5,5,1008,NORMAL,32,6,0x0000
overworld,0181,A HQ1 F4(H64),6,6,332,NORMAL,32,4,0x01B8
overworld,0181,A HQ1 F4(H64),7,7,323,NORMAL,32,7,0x0000
overworld,0181,A HQ1 F4(H64),8,8,87,NORMAL,32,7002,0x0441
overworld,0182,A HQ1 F5(H65),0,0,341,NORMAL,33,3,0x02C6
overworld,0182,A HQ1 F5(H65),1,1,223,TRAINER,33,3477,0x01B7
overworld,0182,A HQ1 F5(H65),2,2,293,NORMAL,33,3,0x02C7
overworld,0183,A HQ1 F6(H66),0,0,224,NORMAL,34,2,0x01B7
overworld,0183,A HQ1 F6(H66),1,1,341,NORMAL,34,0,0x01B8
overworld,0184,DEPART 1 F1(H168),0,0,427,NORMAL,899,1,0x0000
overworld,0184,DEPART 1 F1(H168),1,1,341,NORMAL,899,2,0x0000
overworld,0184,DEPART 1 F1(H168),2,2,329,NORMAL,899,3,0x0000
overworld,0184,DEPART 1 F1(H168),3,3,146,NORMAL,899,4,0x0000
overworld,0184,DEPART 1 F1(H168),4,4,299,NORMAL,899,10202,0x02A8
overworld,0184,DEPART 1 F1(H168),5,5,193,NORMAL,899,10201,0x02A7
overworld,0185,DEPART 1 F2(H169),0,0,334,NORMAL,900,1,0x0000
overworld,0185,DEPART 1 F2(H169),1,1,334,NORMAL,900,2,0x0000
overworld,0185,DEPART 1 F2(H169),2,2,345,NORMAL,900,3,0x0000
overworld,0185,DEPART 1 F2(H169),3,3,319,NORMAL,900,4,0x0000
overworld,0185,DEPART 1 F2(H169),4,4,341,NORMAL,900,5,0x0000
overworld,0186,DEPART 1 F3(H170),0,0,334,NORMAL,901,1,0x0000
overworld,0186,DEPART 1 F3(H170),1,1,377,NORMAL,901,2,0x0000
overworld,0186,DEPART 1 F3(H170),2,2,323,NORMAL,901,3,0x0000
overworld,0187,DEPART 1 F4(H171),0,0,334,NORMAL,902,1,0x0000
overworld,0187,DEPART 1 F4(H171),1,1,323,NORMAL,902,2,0x0000
overworld,0187,DEPART 1 F4(H171),2,2,146,NORMAL,902,3,0x0000
overworld,0187,DEPART 1 F4(H171),3,3,367,NORMAL,902,4,0x0000
overworld,0188,DEPART 1 F5(H172),0,0,334,NORMAL,903,1,0x0000
overworld,0188,DEPART 1 F5(H172),1,1,328,NORMAL,903,2,0x0000
overworld,0188,DEPART 1 F5(H172),2,2,332,NORMAL,903,4,0x0000
overworld,0188,DEPART 1 F5(H172),3,3,321,NORMAL,903,3,0x0000
overworld,0188,DEPART 1 F5(H172),4,4,325,NORMAL,903,7,0x01BE
overworld,0189,DEPART 1 F6(H173),0,0,322,NORMAL,904,1,0x0000
overworld,0189,DEPART 1 F6(H173),1,1,320,NORMAL,904,2,0x0000
overworld,0189,DEPART 1 F6(H173),2,2,427,NORMAL,904,5,0x0000
overworld,0189,DEPART 1 F6(H173),3,3,354,NORMAL,904,8,0x026F
overworld,0189,DEPART 1 F6(H173),4,4,427,NORMAL,904,6,0x0000
overworld,0190,,0,0,34,NORMAL,,1,0x0000
overworld,0192,,0,0,330,NORMAL,,4,0x01B0
overworld,0192,,1,1,324,NORMAL,,2,0x01B2
overworld,0192,,2,2,323,NORMAL,,3,0x01B3
overworld,0192,,3,3,331,NORMAL,,1,0x01B1
overworld,0192,,4,4,377,TRAINER,,3391,0x01B8
overworld,0192,,5,5,338,TRAINER,,3392,0x01B8
overworld,0192,,6,6,377,TRAINER,,3390,0x01B8
overworld,0192,,7,7,338,TRAINER,,3232,0x01B8
overworld,0192,,8,8,222,NORMAL,,10,0x01B4
overworld,0192,,9,9,333,NORMAL,,6,0x01B8
overworld,0192,,10,10,328,NORMAL,,7,0x01B8
overworld,0192,,11,11,256,NORMAL,,11,0x01C0
overworld,0192,,12,12,232,NORMAL,,0,0x0237
overworld,0192,,13,13,333,NORMAL,,24,0x01B8
overworld,0193,DEPART 1 B1(H174),0,0,344,NORMAL,95,1,0x0000
overworld,0193,DEPART 1 B1(H174),1,1,1014,NORMAL,95,3,0x0000
overworld,0193,DEPART 1 B1(H174),2,2,1014,NORMAL,95,3,0x0000
overworld,0193,DEPART 1 B1(H174),3,3,1014,NORMAL,95,3,0x0000
overworld,0193,DEPART 1 B1(H174),4,4,344,NORMAL,95,2,0x0000
overworld,0193,DEPART 1 B1(H174),5,5,253,NORMAL,95,0,0x0000
overworld,0193,DEPART 1 B1(H174),6,6,253,NORMAL,95,0,0x0000
overworld,0193,DEPART 1 B1(H174),7,7,253,NORMAL,95,0,0x0000
overworld,0193,DEPART 1 B1(H174),8,8,257,NORMAL,95,0,0x01C1
overworld,0193,DEPART 1 B1(H174),9,9,349,NORMAL,95,0,0x0000
overworld,0193,DEPART 1 B1(H174),10,10,349,NORMAL,95,0,0x0000
overworld,0193,DEPART 1 B1(H174),11,11,349,NORMAL,95,0,0x0000
overworld,0193,DEPART 1 B1(H174),12,12,349,NORMAL,95,0,0x0000
overworld,0193,DEPART 1 B1(H174),13,13,349,NORMAL,95,0,0x0000
overworld,0193,DEPART 1 B1(H174),14,14,349,NORMAL,95,0,0x0000
overworld,0193,DEPART 1 B1(H174),15,15,349,NORMAL,95,0,0x0000
overworld,0193,DEPART 1 B1(H174),16,16,349,NORMAL,95,0,0x0000
overworld,0193,DEPART 1 B1(H174),17,17,349,NORMAL,95,0,0x0000
overworld,0193,DEPART 1 B1(H174),18,18,87,NORMAL,95,7223,0x0443
overworld,0193,DEPART 1 B1(H174),19,19,87,NORMAL,95,7019,0x0442
overworld,0193,DEPART 1 B1(H174),20,20,87,NORMAL,95,7038,0x0444
overworld,0193,DEPART 1 B1(H174),21,21,87,NORMAL,95,7002,0x0445
overworld,0194,,0,0,222,TRAINER,,3192,0x01B7
overworld,0194,,1,1,222,TRAINER,,3227,0x01B7
overworld,0194,,2,2,222,TRAINER,,3194,0x01B7
overworld,0194,,3,3,221,TRAINER,,3198,0x01B7
overworld,0194,,4,4,218,TRAINER,,3282,0x01B7
overworld,0194,,5,5,218,TRAINER,,3013,0x01B7
overworld,0194,,6,6,252,NORMAL,,0,0x0000
overworld,0194,,7,7,251,NORMAL,,0,0x0000
overworld,0194,,8,8,252,NORMAL,,0,0x0000
overworld,0194,,9,9,251,NORMAL,,0,0x0000
overworld,0194,,10,10,254,NORMAL,,0,0x0000
overworld,0194,,11,11,255,NORMAL,,0,0x0000
overworld,0194,,12,12,254,NORMAL,,0,0x0000
overworld,0194,,13,13,255,NORMAL,,0,0x0000
overworld,0194,,14,14,252,NORMAL,,0,0x0000
overworld,0194,,15,15,251,NORMAL,,0,0x0000
overworld,0194,,16,16,252,NORMAL,,0,0x0000
overworld,0194,,17,17,251,NORMAL,,0,0x0000
overworld,0194,,18,18,252,NORMAL,,0,0x0000
overworld,0194,,19,19,251,NORMAL,,0,0x0000
overworld,0194,,20,20,254,NORMAL,,0,0x0000
overworld,0194,,21,21,255,NORMAL,,0,0x0000
overworld,0194,,22,22,254,NORMAL,,0,0x0000
overworld,0194,,23,23,255,NORMAL,,0,0x0000
overworld,0194,,24,24,254,NORMAL,,0,0x0000
overworld,0194,,25,25,255,NORMAL,,0,0x0000
overworld,0194,,26,26,252,NORMAL,,0,0x0000
overworld,0194,,27,27,251,NORMAL,,0,0x0000
overworld,0194,,28,28,148,NORMAL,,0,0x0000
overworld,0194,,29,29,349,NORMAL,,0,0x0000
overworld,0194,,30,30,349,NORMAL,,0,0x0000
overworld,0194,,31,31,349,NORMAL,,0,0x0000
overworld,0194,,32,32,349,NORMAL,,0,0x0000
overworld,0194,,33,33,349,NORMAL,,0,0x0000
overworld,0194,,34,34,349,NORMAL,,0,0x0000
overworld,0194,,35,35,87,NORMAL,,7027,0x0447
overworld,0194,,36,36,87,NORMAL,,7228,0x0448
overworld,0195,,0,0,222,TRAINER,,3195,0x01B7
overworld,0195,,1,1,222,TRAINER,,3196,0x01B7
overworld,0195,,2,2,222,TRAINER,,3226,0x01B7
overworld,0195,,3,3,341,NORMAL,,2,0x01B8
overworld,0195,,4,4,87,NORMAL,,7409,0x0436
overworld,0195,,5,5,87,NORMAL,,7039,0x0437
overworld,0195,,6,6,87,NORMAL,,7002,0x0446
overworld,0196,HOTEL 1 HS16(H207),0,0,235,NORMAL,892,1,0x023E
overworld,0196,HOTEL 1 HS16(H207),1,1,329,NORMAL,892,2,0x0000
overworld,0196,HOTEL 1 HS16(H207),2,2,316,NORMAL,892,3,0x0000
overworld,0197,HOTEL 1 HS17(H209),0,0,325,NORMAL,891,1,0x0000
overworld,0197,HOTEL 1 HS17(H209),1,1,316,NORMAL,891,3,0x0000
overworld,0197,HOTEL 1 HS17(H209),2,2,328,NORMAL,891,2,0x0000
overworld,0198,HOTEL 1 HS18(H211),0,0,332,NORMAL,897,1,0x0000
overworld,0198,HOTEL 1 HS18(H211),1,1,319,NORMAL,897,2,0x0000
overworld,0199,,0,0,330,NORMAL,,1,0x0000
overworld,0200,GLOBAL TWR F1(H176),0,0,337,NORMAL,907,1,0x0000
overworld,0200,GLOBAL TWR F1(H176),1,1,332,NORMAL,907,4,0x0000
overworld,0200,GLOBAL TWR F1(H176),2,2,318,NORMAL,907,5,0x0000
overworld,0200,GLOBAL TWR F1(H176),3,3,323,NORMAL,907,6,0x0000
overworld,0200,GLOBAL TWR F1(H176),4,4,330,NORMAL,907,7,0x0000
overworld,0200,GLOBAL TWR F1(H176),5,5,324,NORMAL,907,8,0x0000
overworld,0200,GLOBAL TWR F1(H176),6,6,326,NORMAL,907,9,0x0000
overworld,0200,GLOBAL TWR F1(H176),7,7,337,NORMAL,907,14,0x0000
overworld,0200,GLOBAL TWR F1(H176),8,8,337,NORMAL,907,15,0x0000
overworld,0200,GLOBAL TWR F1(H176),9,9,320,NORMAL,907,10,0x0000
overworld,0200,GLOBAL TWR F1(H176),10,10,317,NORMAL,907,11,0x0000
overworld,0200,GLOBAL TWR F1(H176),11,11,325,NORMAL,907,16,0x0000
overworld,0200,GLOBAL TWR F1(H176),12,12,322,NORMAL,907,17,0x0000
overworld,0201,,0,0,328,NORMAL,,1,0x0000
overworld,0201,,1,1,329,NORMAL,,2,0x0000
overworld,0202,,0,0,316,NORMAL,,1,0x0000
overworld,0202,,1,1,1035,NORMAL,,3,0x0000
overworld,0202,,2,2,316,NORMAL,,2,0x0000
overworld,0202,,3,3,1035,NORMAL,,4,0x0226
overworld,0202,,4,4,1035,NORMAL,,4,0x0226
overworld,0202,,5,5,1035,NORMAL,,4,0x0226
overworld,0202,,6,6,1035,NORMAL,,4,0x0226
overworld,0204,BURNT TWR F2(H269),0,0,1039,NORMAL,24,0,0x01CB
overworld,0204,BURNT TWR F2(H269),1,1,1038,NORMAL,24,0,0x01CA
overworld,0204,BURNT TWR F2(H269),2,2,1037,NORMAL,24,0,0x01C9
overworld,0204,BURNT TWR F2(H269),3,3,382,NORMAL,24,0,0x01C8
overworld,0204,BURNT TWR F2(H269),4,4,84,NORMAL,24,10002,0x0000
overworld,0204,BURNT TWR F2(H269),5,5,84,NORMAL,24,10002,0x0000
overworld,0204,BURNT TWR F2(H269),6,6,84,NORMAL,24,10002,0x0000
overworld,0204,BURNT TWR F2(H269),7,7,84,NORMAL,24,10002,0x0000
overworld,0204,BURNT TWR F2(H269),8,8,85,NORMAL,24,10001,0x0010
overworld,0204,BURNT TWR F2(H269),9,9,85,NORMAL,24,10001,0x0011
overworld,0204,BURNT TWR F2(H269),10,10,84,NORMAL,24,10002,0x0000
overworld,0204,BURNT TWR F2(H269),11,11,87,NORMAL,24,7339,0x0432
overworld,0204,BURNT TWR F2(H269),12,12,1039,NORMAL,24,2,0x030E
overworld,0205,BAIR 02 PCR07(H252),0,0,286,NORMAL,888,9203,0x0000
overworld,0205,BAIR 02 PCR07(H252),1,1,336,NORMAL,888,9202,0x0000
overworld,0205,BAIR 02 PCR07(H252),2,2,336,NORMAL,888,9201,0x0000
overworld,0206,LIGHT H 01 F2(H213),0,0,341,TRAINER,139,3400,0x0000
overworld,0206,LIGHT H 01 F2(H213),1,1,348,TRAINER,139,3210,0x0000
overworld,0207,LIGHT H 01 F3(H214),0,0,87,NORMAL,63,7050,0x0488
overworld,0208,LIGHT H 01 F4(H215),0,0,348,TRAINER,139,3212,0x0000
overworld,0208,LIGHT H 01 F4(H215),1,1,323,TRAINER,139,3216,0x0000
overworld,0208,LIGHT H 01 F4(H215),2,2,323,TRAINER,139,3072,0x0000
overworld,0208,LIGHT H 01 F4(H215),3,3,87,NORMAL,139,7038,0x044A
overworld,0209,LIGHT H 01 F5(H216),0,0,319,TRAINER,64,3214,0x01DB
overworld,0209,LIGHT H 01 F5(H216),1,1,341,TRAINER,64,3036,0x01DA
overworld,0209,LIGHT H 01 F5(H216),2,2,87,NORMAL,64,7414,0x044B
overworld,0210,LIGHT H 01 F6(H217),0,0,348,TRAINER,65,3211,0x0000
overworld,0210,LIGHT H 01 F6(H217),1,1,348,TRAINER,65,3213,0x0000
overworld,0210,LIGHT H 01 F6(H217),2,2,87,NORMAL,65,7076,0x044C
overworld,0210,LIGHT H 01 F6(H217),3,3,328,NORMAL,65,1,0x027E
overworld,0211,LIGHT H 01 F7(H218),0,0,256,NORMAL,66,3,0x01D8
overworld,0211,LIGHT H 01 F7(H218),1,1,357,NORMAL,66,1,0x01D7
overworld,0211,LIGHT H 01 F7(H218),2,2,1031,NORMAL,66,2,0x0000
overworld,0211,LIGHT H 01 F7(H218),3,3,87,NORMAL,66,7026,0x044D
overworld,0211,LIGHT H 01 F7(H218),4,4,349,NORMAL,66,0,0x01D8
overworld,0212,SHED 01 PC08(H280),0,0,335,NORMAL,914,1,0x0000
overworld,0212,SHED 01 PC08(H280),1,1,336,NORMAL,914,9017,0x0000
overworld,0212,SHED 01 PC08(H280),2,2,336,NORMAL,914,9003,0x0000
overworld,0212,SHED 01 PC08(H280),3,3,336,NORMAL,914,9001,0x0000
overworld,0212,SHED 01 PC08(H280),4,4,332,NORMAL,914,3,0x0000
overworld,0212,SHED 01 PC08(H280),5,5,347,NORMAL,914,2,0x0000
overworld,0212,SHED 01 PC08(H280),6,6,325,NORMAL,914,4,0x0000
overworld,0212,SHED 01 PC08(H280),7,7,326,NORMAL,914,5,0x0000
overworld,0213,BAIR 03 PM05(H253),0,0,334,NORMAL,912,1,0x0000
overworld,0213,BAIR 03 PM05(H253),1,1,321,NORMAL,912,2,0x0000
overworld,0213,BAIR 03 PM05(H253),2,2,319,NORMAL,912,3,0x0000
overworld,0213,BAIR 03 PM05(H253),3,3,299,NORMAL,912,10202,0x02A8
overworld,0213,BAIR 03 PM05(H253),4,4,193,NORMAL,912,10201,0x02A7
overworld,0213,BAIR 03 PM05(H253),5,5,334,NORMAL,912,4,0x0000
overworld,0214,SYDT 05 HS19(H228),0,0,347,NORMAL,916,1,0x0000
overworld,0215,BAIR 06 HS20(H256),0,0,319,NORMAL,917,2,0x0000
overworld,0215,BAIR 06 HS20(H256),1,1,328,NORMAL,917,1,0x0000
overworld,0215,BAIR 06 HS20(H256),2,2,316,NORMAL,917,3,0x0000
overworld,0216,BAIR 07 HS21(H257),0,0,347,NORMAL,918,1,0x0000
overworld,0217,,0,0,347,NORMAL,,3,0x0000
overworld,0217,,1,1,348,NORMAL,,1,0x0000
overworld,0217,,2,2,348,NORMAL,,2,0x0000
overworld,0217,,3,3,328,NORMAL,,4,0x027E
overworld,0217,,4,4,357,NORMAL,,6,0x02CB
overworld,0217,,5,5,348,NORMAL,,7,0x0000
overworld,0218,SHED 04 HS22(H283),0,0,323,NORMAL,880,1,0x0000
overworld,0219,SHED 05 HS23(H284),0,0,168,NORMAL,881,1,0x0000
overworld,0220,SHED 04 HS24(H285),0,0,347,NORMAL,882,1,0x0000
overworld,0221,DALI 05 HS25(H304),0,0,325,NORMAL,883,1,0x0000
overworld,0221,DALI 05 HS25(H304),1,1,316,NORMAL,883,3,0x0000
overworld,0221,DALI 05 HS25(H304),2,2,319,NORMAL,883,2,0x0000
overworld,0222,DALI 01 PC09(H300),0,0,336,NORMAL,878,9017,0x0000
overworld,0222,DALI 01 PC09(H300),1,1,336,NORMAL,878,9003,0x0000
overworld,0222,DALI 01 PC09(H300),2,2,336,NORMAL,878,9001,0x0000
overworld,0222,DALI 01 PC09(H300),3,3,335,NORMAL,878,1,0x0000
overworld,0222,DALI 01 PC09(H300),4,4,322,NORMAL,878,3,0x0000
overworld,0222,DALI 01 PC09(H300),5,5,319,NORMAL,878,2,0x0000
overworld,0222,DALI 01 PC09(H300),6,6,168,NORMAL,878,4,0x0000
overworld,0223,SANDSTONE COV(H105),0,0,85,NORMAL,100,0,0x0000
overworld,0223,SANDSTONE COV(H105),1,1,435,NORMAL,100,1,0x0000
overworld,0223,SANDSTONE COV(H105),2,2,641,NORMAL,100,2,0x0000
overworld,0223,SANDSTONE COV(H105),3,3,777,NORMAL,100,3,0x0000
overworld,0223,SANDSTONE COV(H105),4,4,920,NORMAL,100,4,0x0000
overworld,0223,SANDSTONE COV(H105),5,5,1119,NORMAL,100,5,0x0000
overworld,0223,SANDSTONE COV(H105),6,6,1303,NORMAL,100,6,0x0000
overworld,0223,SANDSTONE COV(H105),7,7,1434,NORMAL,100,7,0x0000
overworld,0223,SANDSTONE COV(H105),8,8,1554,NORMAL,100,8,0x0000
overworld,0223,SANDSTONE COV(H105),9,9,1667,NORMAL,100,9,0x0000
overworld,0224,FLORAL FISURE(H127),0,0,86,NORMAL,101,0,0x0000
overworld,0224,FLORAL FISURE(H127),1,1,428,NORMAL,101,1,0x0000
overworld,0224,FLORAL FISURE(H127),2,2,633,NORMAL,101,2,0x0000
overworld,0224,FLORAL FISURE(H127),3,3,771,NORMAL,101,3,0x0000
overworld,0224,FLORAL FISURE(H127),4,4,914,NORMAL,101,4,0x0000
overworld,0224,FLORAL FISURE(H127),5,5,1113,NORMAL,101,5,0x0000
overworld,0224,FLORAL FISURE(H127),6,6,1297,NORMAL,101,6,0x0000
overworld,0224,FLORAL FISURE(H127),7,7,1427,NORMAL,101,7,0x0000
overworld,0224,FLORAL FISURE(H127),8,8,1548,NORMAL,101,8,0x0000
overworld,0224,FLORAL FISURE(H127),9,9,1661,NORMAL,101,9,0x0000
overworld,0226,SYDT DOCK 01(H229),0,0,348,NORMAL,152,1,0x0000
overworld,0226,SYDT DOCK 01(H229),1,1,366,NORMAL,152,0,0x0251
overworld,0226,SYDT DOCK 01(H229),2,2,327,NORMAL,152,5,0x0000
overworld,0226,SYDT DOCK 01(H229),3,3,317,NORMAL,152,4,0x0000
overworld,0227,,0,0,286,NORMAL,,9203,0x0000
overworld,0227,,1,1,336,NORMAL,,9202,0x0000
overworld,0227,,2,2,336,NORMAL,,9201,0x0000
overworld,0228,,0,0,84,NORMAL,,10002,0x0000
overworld,0228,,1,1,87,NORMAL,,7078,0x048B
overworld,0228,,2,2,87,NORMAL,,7048,0x048C
overworld,0228,,3,3,87,NORMAL,,7023,0x048D
overworld,0228,,4,4,87,NORMAL,,7092,0x048E
overworld,0228,,5,5,87,NORMAL,,7049,0x048F
overworld,0229,NAVEL WEST 05(H36); SPARK ROAR C(H131),0,0,220,NORMAL,103,1,0x0000
overworld,0229,NAVEL WEST 05(H36); SPARK ROAR C(H131),1,1,87,NORMAL,103,7029,0x0490
overworld,0229,NAVEL WEST 05(H36); SPARK ROAR C(H131),2,2,87,NORMAL,103,7023,0x0491
overworld,0229,NAVEL WEST 05(H36); SPARK ROAR C(H131),3,3,87,NORMAL,103,7041,0x0492
overworld,0230,LUGIA DEN 01(H37),0,0,232,NORMAL,104,4,0x0245
overworld,0230,LUGIA DEN 01(H37),1,1,232,NORMAL,104,4,0x0245
overworld,0230,LUGIA DEN 01(H37),2,2,232,NORMAL,104,4,0x0245
overworld,0230,LUGIA DEN 01(H37),3,3,232,NORMAL,104,4,0x0245
overworld,0230,LUGIA DEN 01(H37),4,4,232,NORMAL,104,2,0x0245
overworld,0230,LUGIA DEN 01(H37),5,5,426,NORMAL,104,1,0x0243
overworld,0230,LUGIA DEN 01(H37),6,6,349,NORMAL,104,0,0x0243
overworld,0230,LUGIA DEN 01(H37),7,7,349,NORMAL,104,0,0x0243
overworld,0230,LUGIA DEN 01(H37),8,8,349,NORMAL,104,0,0x0243
overworld,0230,LUGIA DEN 01(H37),9,9,349,NORMAL,104,0,0x0243
overworld,0230,LUGIA DEN 01(H37),10,10,349,NORMAL,104,0,0x0243
overworld,0231,WLDA01 GV07(H525),0,0,222,NORMAL,256,1,0x01FA
overworld,0231,WLDA01 GV07(H525),1,1,222,NORMAL,256,1,0x01FA
overworld,0231,WLDA01 GV07(H525),2,2,394,NORMAL,256,4,0x01FB
overworld,0232,DALI 02 PCR09(H301); RADE 02 PC10(H357),0,0,146,NORMAL,935,3,0x0000
overworld,0232,DALI 02 PCR09(H301); RADE 02 PC10(H357),1,1,327,NORMAL,935,4,0x0000
overworld,0232,DALI 02 PCR09(H301); RADE 02 PC10(H357),2,2,335,NORMAL,935,1,0x0000
overworld,0232,DALI 02 PCR09(H301); RADE 02 PC10(H357),3,3,336,NORMAL,935,9017,0x0000
overworld,0232,DALI 02 PCR09(H301); RADE 02 PC10(H357),4,4,336,NORMAL,935,9003,0x0000
overworld,0232,DALI 02 PCR09(H301); RADE 02 PC10(H357),5,5,336,NORMAL,935,9001,0x0000
overworld,0232,DALI 02 PCR09(H301); RADE 02 PC10(H357),6,6,328,NORMAL,935,2,0x0000
overworld,0233,,0,0,287,NORMAL,,2,0x0000
overworld,0233,,1,1,222,NORMAL,,3,0x01E8
overworld,0233,,2,2,287,NORMAL,,10,0x0000
overworld,0233,,3,3,287,NORMAL,,11,0x0000
overworld,0233,,4,4,287,NORMAL,,12,0x0000
overworld,0233,,5,5,287,NORMAL,,13,0x0000
overworld,0233,,6,6,222,TRAINER,,3215,0x01F2
overworld,0233,,7,7,29,TRAINER,,3469,0x01F2
overworld,0233,,8,8,87,NORMAL,,7025,0x044E
overworld,0233,,9,9,87,NORMAL,,7055,0x044F
overworld,0233,,10,10,87,NORMAL,,7092,0x0450
overworld,0234,,0,0,364,NORMAL,,0,0x01E5
overworld,0234,,1,1,1028,NORMAL,,0,0x01E5
overworld,0234,,2,2,222,TRAINER,,3219,0x01F2
overworld,0234,,3,3,222,TRAINER,,3217,0x01F2
overworld,0234,,4,4,222,TRAINER,,3218,0x01F2
overworld,0234,,5,5,257,NORMAL,,2,0x0000
overworld,0234,,6,6,257,NORMAL,,2,0x0000
overworld,0234,,7,7,222,NORMAL,,0,0x01F3
overworld,0234,,8,8,223,NORMAL,,0,0x01F3
overworld,0234,,9,9,1019,NORMAL,,5,0x01F5
overworld,0234,,10,10,1019,NORMAL,,6,0x01F6
overworld,0234,,11,11,1019,NORMAL,,7,0x01F7
overworld,0234,,12,12,1019,NORMAL,,0,0x01F5
overworld,0234,,13,13,1019,NORMAL,,0,0x01F6
overworld,0234,,14,14,1019,NORMAL,,0,0x01F7
overworld,0234,,15,15,87,NORMAL,,7373,0x0451
overworld,0234,,16,16,1034,NORMAL,,0,0x024B
overworld,0234,,17,17,1034,NORMAL,,0,0x024D
overworld,0234,,18,18,1034,NORMAL,,0,0x0252
overworld,0235,,0,0,222,NORMAL,,1,0x01F2
overworld,0235,,1,1,29,TRAINER,,3467,0x01F2
overworld,0235,,2,2,29,TRAINER,,3468,0x01F2
overworld,0235,,3,3,222,TRAINER,,3221,0x01F2
overworld,0235,,4,4,221,TRAINER,,3403,0x01F2
overworld,0235,,5,5,364,NORMAL,,0,0x01E6
overworld,0235,,6,6,1028,NORMAL,,0,0x01E6
overworld,0235,,7,7,148,NORMAL,,0,0x01FD
overworld,0235,,8,8,293,NORMAL,,0,0x01F4
overworld,0235,,9,9,1034,NORMAL,,6,0x024A
overworld,0235,,10,10,257,NORMAL,,5,0x0000
overworld,0235,,11,11,257,NORMAL,,5,0x0000
overworld,0235,,12,12,87,NORMAL,,7046,0x0454
overworld,0235,,13,13,87,NORMAL,,7061,0x0455
overworld,0235,,14,14,87,NORMAL,,7376,0x0452
overworld,0235,,15,15,87,NORMAL,,7027,0x0453
overworld,0235,,16,16,1034,NORMAL,,0,0x024C
overworld,0235,,17,17,87,NORMAL,,7002,0x04AC
overworld,0235,,18,18,385,NORMAL,,0,0x0280
overworld,0236,,0,0,84,NORMAL,,10002,0x0010
overworld,0236,,1,1,87,NORMAL,,7078,0x0497
overworld,0236,,2,2,87,NORMAL,,7092,0x0498
overworld,0236,,3,3,87,NORMAL,,7278,0x0499
overworld,0236,,4,4,87,NORMAL,,7024,0x049A
overworld,0236,,5,5,87,NORMAL,,7047,0x049B
overworld,0236,,6,6,87,NORMAL,,7029,0x049C
overworld,0236,,7,7,87,NORMAL,,7002,0x049D
overworld,0236,,8,8,377,TRAINER,,3536,0x0000
overworld,0236,,9,9,338,TRAINER,,3538,0x0000
overworld,0236,,10,10,87,NORMAL,,7316,0x04AA
overworld,0236,,11,11,87,NORMAL,,7321,0x04AB
overworld,0237,,0,0,87,NORMAL,,7050,0x049E
overworld,0237,,1,1,87,NORMAL,,7024,0x049F
overworld,0237,,2,2,87,NORMAL,,7367,0x04A0
overworld,0237,,3,3,87,NORMAL,,7040,0x04A1
overworld,0237,,4,4,87,NORMAL,,7235,0x04A2
overworld,0237,,5,5,87,NORMAL,,7078,0x04A3
overworld,0237,,6,6,338,TRAINER,,3537,0x0000
overworld,0238,REGIDRACO DEN(H132),0,0,84,NORMAL,98,10002,0x0010
overworld,0238,REGIDRACO DEN(H132),1,1,344,NORMAL,98,1,0x0000
overworld,0238,REGIDRACO DEN(H132),2,2,87,NORMAL,98,7048,0x04A4
overworld,0238,REGIDRACO DEN(H132),3,3,87,NORMAL,98,7051,0x04A5
overworld,0238,REGIDRACO DEN(H132),4,4,87,NORMAL,98,7023,0x04A6
overworld,0238,REGIDRACO DEN(H132),5,5,87,NORMAL,98,7039,0x04A7
overworld,0238,REGIDRACO DEN(H132),6,6,87,NORMAL,98,7025,0x04A8
overworld,0239,REGIELECT DEN(H133),0,0,359,NORMAL,111,4,0x0209
overworld,0239,REGIELECT DEN(H133),1,1,324,TRAINER,111,3499,0x0000
overworld,0239,REGIELECT DEN(H133),2,2,327,TRAINER,111,3500,0x0000
overworld,0239,REGIELECT DEN(H133),3,3,316,TRAINER,111,3501,0x0000
overworld,0239,REGIELECT DEN(H133),4,4,316,TRAINER,111,5501,0x0000
overworld,0239,REGIELECT DEN(H133),5,5,87,NORMAL,111,7250,0x0458
overworld,0239,REGIELECT DEN(H133),6,6,148,NORMAL,111,2,0x020F
overworld,0239,REGIELECT DEN(H133),7,7,87,NORMAL,111,7049,0x04BA
overworld,0239,REGIELECT DEN(H133),8,8,87,NORMAL,111,7041,0x04BB
overworld,0239,REGIELECT DEN(H133),9,9,148,NORMAL,111,0,0x02E0
overworld,0239,REGIELECT DEN(H133),10,10,101,NORMAL,111,0,0x02E0
overworld,0239,REGIELECT DEN(H133),11,11,364,NORMAL,111,0,0x0000
overworld,0239,REGIELECT DEN(H133),12,12,359,NORMAL,111,0,0x0000
overworld,0240,,0,0,282,NORMAL,,1,0x0000
overworld,0240,,1,1,283,NORMAL,,2,0x0000
overworld,0240,,2,2,286,NORMAL,,3,0x0000
overworld,0240,,3,3,336,NORMAL,,7,0x022F
overworld,0240,,4,4,328,NORMAL,,19,0x0000
overworld,0240,,5,5,335,NORMAL,,15,0x0000
overworld,0240,,6,6,35,NORMAL,,16,0x0000
overworld,0240,,7,7,62,NORMAL,,17,0x0000
overworld,0240,,8,8,999,NORMAL,,18,0x0000
overworld,0240,,9,9,999,NORMAL,,21,0x0000
overworld,0240,,10,10,146,NORMAL,,20,0x0000
overworld,0240,,11,11,338,NORMAL,,14,0x0000
overworld,0240,,12,12,146,NORMAL,,2023,0x0000
overworld,0240,,13,13,338,NORMAL,,24,0x0000
overworld,0241,,0,0,111,NORMAL,,0,0x0000
overworld,0242,,0,0,283,NORMAL,,1,0x0000
overworld,0242,,1,1,141,NORMAL,,2,0x02AD
overworld,0242,,2,2,145,NORMAL,,3,0x02AE
overworld,0242,,3,3,142,NORMAL,,4,0x02AF
overworld,0242,,4,4,143,NORMAL,,5,0x02B0
overworld,0242,,5,5,144,NORMAL,,6,0x02B1
overworld,0243,,0,0,325,NORMAL,,18,0x0000
overworld,0243,,1,1,331,NORMAL,,9,0x0000
overworld,0243,,2,2,330,NORMAL,,8,0x0000
overworld,0243,,3,3,316,NORMAL,,6,0x0000
overworld,0243,,4,4,146,NORMAL,,20,0x0000
overworld,0243,,5,5,315,NORMAL,,2,0x0000
overworld,0243,,6,6,35,NORMAL,,4,0x0000
overworld,0243,,7,7,31,NORMAL,,12,0x0000
overworld,0243,,8,8,344,NORMAL,,3,0x0000
overworld,0243,,9,9,284,NORMAL,,23,0x0000
overworld,0243,,10,10,284,NORMAL,,10490,0x0000
overworld,0243,,11,11,284,NORMAL,,25,0x0000
overworld,0243,,12,12,328,NORMAL,,13,0x0000
overworld,0243,,13,13,332,NORMAL,,14,0x0000
overworld,0243,,14,14,341,NORMAL,,15,0x0000
overworld,0243,,15,15,315,NORMAL,,22,0x0000
overworld,0243,,16,16,323,NORMAL,,19,0x0000
overworld,0243,,17,17,42,NORMAL,,11,0x0000
overworld,0243,,18,18,347,NORMAL,,21,0x0000
overworld,0243,,19,19,346,NORMAL,,17,0x0000
overworld,0243,,20,20,325,NORMAL,,7,0x0000
overworld,0243,,21,21,325,NORMAL,,10,0x0000
overworld,0243,,22,22,324,NORMAL,,16,0x0000
overworld,0243,,23,23,347,NORMAL,,5,0x0000
overworld,0243,,24,24,328,NORMAL,,39,0x027E
overworld,0244,,0,0,322,NORMAL,,10,0x0000
overworld,0244,,1,1,330,NORMAL,,9,0x0000
overworld,0244,,2,2,50,NORMAL,,8,0x0000
overworld,0244,,3,3,284,NORMAL,,6,0x0000
overworld,0244,,4,4,284,NORMAL,,4,0x0000
overworld,0244,,5,5,284,NORMAL,,2,0x0000
overworld,0244,,6,6,284,NORMAL,,7,0x0000
overworld,0244,,7,7,284,NORMAL,,5,0x0000
overworld,0244,,8,8,284,NORMAL,,3,0x0000
overworld,0244,,9,9,326,NORMAL,,11,0x0000
overworld,0246,,0,0,282,NORMAL,,1,0x0000
overworld,0246,,1,1,283,NORMAL,,6,0x0000
overworld,0246,,2,2,317,NORMAL,,10,0x0000
overworld,0246,,3,3,326,NORMAL,,9,0x0000
overworld,0246,,4,4,34,NORMAL,,13,0x0000
overworld,0246,,5,5,348,NORMAL,,8,0x0000
overworld,0246,,6,6,325,NORMAL,,7,0x0000
overworld,0246,,7,7,341,NORMAL,,11,0x0000
overworld,0246,,8,8,63,NORMAL,,12,0x0000
overworld,0247,,0,0,282,NORMAL,,1,0x0000
overworld,0247,,1,1,283,NORMAL,,6,0x0000
overworld,0247,,2,2,326,NORMAL,,14,0x0000
overworld,0247,,3,3,329,NORMAL,,13,0x0000
overworld,0247,,4,4,316,NORMAL,,9,0x0000
overworld,0247,,5,5,1016,NORMAL,,10,0x0000
overworld,0247,,6,6,319,NORMAL,,8,0x0000
overworld,0247,,7,7,333,NORMAL,,7,0x0000
overworld,0247,,8,8,330,NORMAL,,11,0x0000
overworld,0247,,9,9,35,NORMAL,,12,0x0000
overworld,0247,,10,10,318,NORMAL,,15,0x0000
overworld,0247,,11,11,110,NORMAL,,18,0x0000
overworld,0247,,12,12,102,NORMAL,,20,0x0234
overworld,0247,,13,13,282,NORMAL,,17,0x0000
overworld,0248,,0,0,282,NORMAL,,1,0x0000
overworld,0248,,1,1,283,NORMAL,,6,0x0000
overworld,0248,,2,2,31,NORMAL,,11,0x0000
overworld,0248,,3,3,344,NORMAL,,13,0x0000
overworld,0248,,4,4,341,NORMAL,,12,0x0000
overworld,0248,,5,5,332,NORMAL,,9,0x0000
overworld,0248,,6,6,328,NORMAL,,7,0x0000
overworld,0248,,7,7,37,NORMAL,,8,0x0000
overworld,0248,,8,8,325,NORMAL,,10,0x0000
overworld,0249,,0,0,282,NORMAL,,1,0x0000
overworld,0249,,1,1,283,NORMAL,,6,0x0000
overworld,0249,,2,2,351,NORMAL,,9,0x0000
overworld,0249,,3,3,326,NORMAL,,11,0x0000
overworld,0249,,4,4,345,NORMAL,,12,0x0000
overworld,0249,,5,5,326,NORMAL,,13,0x0000
overworld,0249,,6,6,40,NORMAL,,7,0x0000
overworld,0249,,7,7,318,NORMAL,,10,0x0000
overworld,0249,,8,8,316,NORMAL,,14,0x0000
overworld,0249,,9,9,327,NORMAL,,8,0x0000
overworld,0249,,10,10,333,NORMAL,,16,0x0000
overworld,0249,,11,11,333,NORMAL,,17,0x0000
overworld,0251,,0,0,383,NORMAL,,0,0x0225
overworld,0251,,1,1,1011,NORMAL,,0,0x0225
overworld,0251,,2,2,317,NORMAL,,2,0x0000
overworld,0251,,3,3,319,NORMAL,,3,0x0000
overworld,0251,,4,4,1008,NORMAL,,9,0x0000
overworld,0251,,5,5,324,NORMAL,,7,0x0000
overworld,0251,,6,6,1010,NORMAL,,15,0x0000
overworld,0251,,7,7,1015,NORMAL,,13,0x0000
overworld,0251,,8,8,1006,NORMAL,,8,0x0000
overworld,0251,,9,9,329,NORMAL,,4,0x0000
overworld,0251,,10,10,995,NORMAL,,10,0x0000
overworld,0251,,11,11,325,NORMAL,,5,0x0000
overworld,0251,,12,12,1016,NORMAL,,11,0x0000
overworld,0251,,13,13,324,NORMAL,,6,0x0000
overworld,0251,,14,14,1013,NORMAL,,12,0x0000
overworld,0251,,15,15,1017,NORMAL,,14,0x0000
overworld,0251,,16,16,328,NORMAL,,17,0x027E
overworld,0251,,17,17,328,NORMAL,,18,0x027F
overworld,0251,,18,18,334,NORMAL,,16,0x0000
overworld,0253,,0,0,383,NORMAL,,0,0x0000
overworld,0253,,1,1,1011,NORMAL,,0,0x0000
overworld,0253,,2,2,384,NORMAL,,1,0x0000
overworld,0253,,3,3,322,NORMAL,,4,0x0000
overworld,0253,,4,4,317,NORMAL,,2,0x0000
overworld,0253,,5,5,316,NORMAL,,12,0x0000
overworld,0253,,6,6,319,NORMAL,,3,0x0000
overworld,0253,,7,7,326,NORMAL,,9,0x0000
overworld,0253,,8,8,329,NORMAL,,14,0x0000
overworld,0253,,9,9,316,NORMAL,,13,0x0000
overworld,0253,,10,10,331,NORMAL,,8,0x0000
overworld,0253,,11,11,330,NORMAL,,7,0x0000
overworld,0253,,12,12,146,NORMAL,,6,0x0000
overworld,0253,,13,13,328,NORMAL,,10,0x0000
overworld,0253,,14,14,315,NORMAL,,11,0x0000
overworld,0253,,15,15,996,NORMAL,,15,0x0000
overworld,0253,,16,16,994,NORMAL,,17,0x0000
overworld,0253,,17,17,1013,NORMAL,,16,0x0000
overworld,0253,,18,18,324,NORMAL,,5,0x0000
overworld,0255,,0,0,322,NORMAL,,3,0x0000
overworld,0255,,1,1,336,NORMAL,,1,0x0000
overworld,0255,,2,2,336,NORMAL,,2,0x0000
overworld,0255,,3,3,317,NORMAL,,4,0x0000
overworld,0255,,4,4,996,NORMAL,,6,0x0000
overworld,0255,,5,5,319,NORMAL,,5,0x0000
overworld,0255,,6,6,1005,NORMAL,,7,0x0000
overworld,0255,,7,7,396,NORMAL,,0,0x0000
overworld,0255,,8,8,396,NORMAL,,0,0x0000
overworld,0255,,9,9,396,NORMAL,,0,0x0000
overworld,0255,,10,10,397,NORMAL,,0,0x0000
overworld,0255,,11,11,397,NORMAL,,0,0x0000
overworld,0255,,12,12,210,NORMAL,,0,0x0000
overworld,0255,,13,13,396,NORMAL,,0,0x0000
overworld,0255,,14,14,396,NORMAL,,0,0x0000
overworld,0256,,0,0,336,NORMAL,,1,0x0000
overworld,0256,,1,1,336,NORMAL,,2,0x0000
overworld,0256,,2,2,344,NORMAL,,5,0x0000
overworld,0256,,3,3,324,NORMAL,,4,0x0000
overworld,0256,,4,4,327,NORMAL,,3,0x0000
overworld,0256,,5,5,1012,NORMAL,,6,0x0000
overworld,0256,,6,6,1027,NORMAL,,7,0x0000
overworld,0256,,7,7,398,NORMAL,,0,0x02D5
overworld,0256,,8,8,399,NORMAL,,0,0x02D6
overworld,0256,,9,9,400,NORMAL,,0,0x02D7
overworld,0257,,0,0,336,NORMAL,,2,0x0000
overworld,0257,,1,1,336,NORMAL,,1,0x0000
overworld,0257,,2,2,332,NORMAL,,3,0x0000
overworld,0257,,3,3,1018,NORMAL,,4,0x0000
overworld,0257,,4,4,401,NORMAL,,0,0x02D8
overworld,0257,,5,5,402,NORMAL,,0,0x02D9
overworld,0258,,0,0,383,NORMAL,,1,0x0000
overworld,0258,,1,1,403,NORMAL,,0,0x0000
overworld,0258,,2,2,404,NORMAL,,0,0x0000
overworld,0259,DRAGON DEN 02(H298),0,0,387,NORMAL,112,1,0x0000
overworld,0259,DRAGON DEN 02(H298),1,1,330,NORMAL,112,2,0x0000
overworld,0259,DRAGON DEN 02(H298),2,2,330,NORMAL,112,3,0x0000
overworld,0259,DRAGON DEN 02(H298),3,3,359,NORMAL,112,0,0x0000
overworld,0259,DRAGON DEN 02(H298),4,4,328,NORMAL,112,6,0x027E
overworld,0260,DALI 06 HS26(H305),0,0,331,NORMAL,946,1,0x0000
overworld,0260,DALI 06 HS26(H305),1,1,1027,NORMAL,946,2,0x0000
overworld,0261,DALI 07 HS27(H306),0,0,319,NORMAL,947,1,0x0000
overworld,0261,DALI 07 HS27(H306),1,1,325,NORMAL,947,2,0x0000
overworld,0262,DALI 08 HS28(H307),0,0,328,NORMAL,948,1,0x0000
overworld,0262,DALI 08 HS28(H307),1,1,332,NORMAL,948,2,0x0000
overworld,0262,DALI 08 HS28(H307),2,2,330,NORMAL,948,4,0x0000
overworld,0262,DALI 08 HS28(H307),3,3,331,NORMAL,948,3,0x0000
overworld,0262,DALI 08 HS28(H307),4,4,183,NORMAL,948,5,0x0000
overworld,0263,SHED 03 PM06(H282),0,0,334,NORMAL,942,1,0x0000
overworld,0263,SHED 03 PM06(H282),1,1,334,NORMAL,942,2,0x0000
overworld,0263,SHED 03 PM06(H282),2,2,344,NORMAL,942,4,0x0000
overworld,0263,SHED 03 PM06(H282),3,3,324,NORMAL,942,3,0x0000
overworld,0263,SHED 03 PM06(H282),4,4,299,NORMAL,942,10202,0x02A8
overworld,0263,SHED 03 PM06(H282),5,5,193,NORMAL,942,10201,0x02A7
overworld,0264,TROO 02 PC11(H411),0,0,341,NORMAL,944,2,0x0000
overworld,0264,TROO 02 PC11(H411),1,1,316,NORMAL,944,3,0x0000
overworld,0264,TROO 02 PC11(H411),2,2,324,NORMAL,944,4,0x0000
overworld,0264,TROO 02 PC11(H411),3,3,335,NORMAL,944,1,0x0000
overworld,0264,TROO 02 PC11(H411),4,4,336,NORMAL,944,9017,0x0000
overworld,0264,TROO 02 PC11(H411),5,5,336,NORMAL,944,9003,0x0000
overworld,0264,TROO 02 PC11(H411),6,6,336,NORMAL,944,9001,0x0000
overworld,0265,DALI 09 HS29(H308),0,0,332,NORMAL,939,1,0x0000
overworld,0266,RADE 06 HS30(H361),0,0,347,NORMAL,940,1,0x0000
overworld,0267,RADE 07 HS31(H362),0,0,325,NORMAL,219,1,0x0000
overworld,0269,,0,0,85,NORMAL,,10001,0x0010
overworld,0269,,1,1,85,NORMAL,,10001,0x0011
overworld,0269,,2,2,85,NORMAL,,10001,0x0012
overworld,0269,,3,3,85,NORMAL,,10001,0x0013
overworld,0269,,4,4,385,NORMAL,,0,0x0303
overworld,0269,,5,5,101,NORMAL,,0,0x0311
overworld,0270,,0,0,34,NORMAL,,4,0x0000
overworld,0270,,1,1,34,NORMAL,,6,0x0000
overworld,0270,,2,2,34,NORMAL,,5,0x0000
overworld,0270,,3,3,372,NORMAL,,9,0x0270
overworld,0271,,0,0,335,NORMAL,,1,0x0000
overworld,0271,,1,1,330,NORMAL,,3,0x0000
overworld,0271,,2,2,344,NORMAL,,2,0x0000
overworld,0271,,3,3,1012,NORMAL,,4,0x0000
overworld,0271,,4,4,334,NORMAL,,5,0x0000
overworld,0271,,5,5,148,NORMAL,,0,0x0250
overworld,0271,,6,6,336,NORMAL,,9003,0x0000
overworld,0271,,7,7,336,NORMAL,,9001,0x0000
overworld,0271,,8,8,394,NORMAL,,9,0x0000
overworld,0272,,0,0,360,NORMAL,,2,0x0000
overworld,0272,,1,1,289,NORMAL,,0,0x020B
overworld,0272,,2,2,290,NORMAL,,0,0x0211
overworld,0272,,3,3,349,NORMAL,,0,0x0211
overworld,0272,,4,4,349,NORMAL,,0,0x0211
overworld,0273,,0,0,361,NORMAL,,2,0x0000
overworld,0273,,1,1,289,NORMAL,,0,0x020C
overworld,0273,,2,2,290,NORMAL,,0,0x0212
overworld,0273,,3,3,349,NORMAL,,0,0x0212
overworld,0273,,4,4,349,NORMAL,,0,0x0212
overworld,0274,,0,0,362,NORMAL,,2,0x0000
overworld,0274,,1,1,289,NORMAL,,0,0x020D
overworld,0274,,2,2,290,NORMAL,,0,0x0213
overworld,0274,,3,3,290,NORMAL,,0,0x0213
overworld,0274,,4,4,290,NORMAL,,0,0x0213
overworld,0275,,0,0,363,NORMAL,,2,0x0000
overworld,0275,,1,1,289,NORMAL,,0,0x020E
overworld,0275,,2,2,290,NORMAL,,0,0x0214
overworld,0275,,3,3,290,NORMAL,,0,0x0214
overworld,0275,,4,4,290,NORMAL,,0,0x0214
overworld,0276,,0,0,364,NORMAL,,0,0x0000
overworld,0276,,1,1,366,NORMAL,,0,0x0000
overworld,0276,,2,2,389,NORMAL,,0,0x0000
overworld,0276,,3,3,289,NORMAL,,0,0x0210
overworld,0276,,4,4,290,NORMAL,,0,0x0000
overworld,0277,,0,0,364,NORMAL,,0,0x0000
overworld,0278,BOAT 01(H96),0,0,348,NORMAL,156,3,0x0000
overworld,0278,BOAT 01(H96),1,1,348,NORMAL,156,1,0x0000
overworld,0278,BOAT 01(H96),2,2,348,NORMAL,156,2,0x0000
overworld,0278,BOAT 01(H96),3,3,341,NORMAL,156,4,0x0215
overworld,0279,BOAT 02(H97),0,0,236,NORMAL,157,1,0x0000
overworld,0279,BOAT 02(H97),1,1,316,NORMAL,157,2,0x0217
overworld,0280,BOAT 03(H98),0,0,348,NORMAL,158,1,0x021A
overworld,0280,BOAT 03(H98),1,1,341,TRAINER,158,3230,0x022B
overworld,0280,BOAT 03(H98),2,2,218,TRAINER,158,3283,0x022C
overworld,0281,BOAT 04(H99),0,0,333,TRAINER,159,3234,0x022A
overworld,0281,BOAT 04(H99),1,1,324,TRAINER,159,3235,0x022B
overworld,0281,BOAT 04(H99),2,2,327,TRAINER,159,3236,0x022B
overworld,0281,BOAT 04(H99),3,3,377,TRAINER,159,3132,0x022C
overworld,0282,BOAT 05(H100),0,0,227,TRAINER,160,3398,0x022A
overworld,0282,BOAT 05(H100),1,1,326,TRAINER,160,3208,0x022B
overworld,0282,BOAT 05(H100),2,2,323,TRAINER,160,3040,0x022C
overworld,0282,BOAT 05(H100),3,3,318,TRAINER,160,3078,0x022C
overworld,0293,HOTEL 2 HS33(H365),0,0,331,NORMAL,222,1,0x0000
overworld,0294,NAVEL WEST 03(H34),0,0,1303,NORMAL,48,1,0x030A
overworld,0296,,0,0,87,NORMAL,,7036,0x046C
overworld,0296,,1,1,87,NORMAL,,7035,0x046D
overworld,0296,,2,2,87,NORMAL,,7158,0x046E
overworld,0296,,3,3,87,NORMAL,,7081,0x046F
overworld,0299,BOAT 06(H101),0,0,341,NORMAL,161,1,0x0216
overworld,0299,BOAT 06(H101),1,1,328,TRAINER,161,3423,0x022A
overworld,0299,BOAT 06(H101),2,2,316,TRAINER,161,3424,0x022A
overworld,0299,BOAT 06(H101),3,3,316,TRAINER,161,5424,0x022A
overworld,0299,BOAT 06(H101),4,4,316,NORMAL,161,3,0x0218
overworld,0299,BOAT 06(H101),5,5,338,TRAINER,161,3366,0x022B
overworld,0299,BOAT 06(H101),6,6,351,TRAINER,161,3421,0x022B
overworld,0299,BOAT 06(H101),7,7,329,TRAINER,161,3351,0x022C
overworld,0299,BOAT 06(H101),8,8,328,TRAINER,161,3422,0x022C
overworld,0300,BOAT 07(H102),0,0,316,NORMAL,162,4,0x0219
overworld,0300,BOAT 07(H102),1,1,348,NORMAL,162,1,0x022A
overworld,0300,BOAT 07(H102),2,2,346,TRAINER,162,3138,0x022A
overworld,0300,BOAT 07(H102),3,3,348,TRAINER,162,3238,0x022A
overworld,0300,BOAT 07(H102),4,4,378,TRAINER,162,3241,0x022A
overworld,0300,BOAT 07(H102),5,5,347,TRAINER,162,3127,0x022B
overworld,0300,BOAT 07(H102),6,6,348,TRAINER,162,3239,0x022B
overworld,0300,BOAT 07(H102),7,7,344,TRAINER,162,3338,0x022B
overworld,0300,BOAT 07(H102),8,8,348,TRAINER,162,3240,0x022C
overworld,0300,BOAT 07(H102),9,9,146,TRAINER,162,3427,0x022C
overworld,0300,BOAT 07(H102),10,10,146,TRAINER,162,3428,0x022C
overworld,0300,BOAT 07(H102),11,11,329,TRAINER,162,3426,0x022C
overworld,0301,SYDT DOCK 02(H230),0,0,348,NORMAL,153,1,0x0000
overworld,0301,SYDT DOCK 02(H230),1,1,348,NORMAL,153,4,0x0000
overworld,0301,SYDT DOCK 02(H230),2,2,326,NORMAL,153,5,0x0000
overworld,0301,SYDT DOCK 02(H230),3,3,369,NORMAL,153,7,0x02C9
overworld,0302,BAIR 05 DCARE(H255),0,0,331,NORMAL,238,9501,0x0000
overworld,0302,BAIR 05 DCARE(H255),1,1,101,NORMAL,238,0,0x022D
overworld,0302,BAIR 05 DCARE(H255),2,2,1032,NORMAL,238,0,0x022D
overworld,0304,,0,0,87,NORMAL,,7027,0x047C
overworld,0305,,0,0,87,NORMAL,,7078,0x047D
overworld,0305,,1,1,87,NORMAL,,7002,0x047E
overworld,0305,,2,2,87,NORMAL,,7051,0x047F
overworld,0306,,0,0,87,NORMAL,,7050,0x0480
overworld,0307,,0,0,87,NORMAL,,7024,0x0481
overworld,0307,,1,1,87,NORMAL,,7027,0x0482
overworld,0309,,0,0,87,NORMAL,,7023,0x0484
overworld,0309,,1,1,87,NORMAL,,7041,0x0485
overworld,0309,,2,2,87,NORMAL,,7092,0x0486
overworld,0311,HO-OH TWR TOP(H46),0,0,232,NORMAL,21,2,0x0244
overworld,0311,HO-OH TWR TOP(H46),1,1,232,NORMAL,21,5,0x0244
overworld,0311,HO-OH TWR TOP(H46),2,2,232,NORMAL,21,5,0x0244
overworld,0311,HO-OH TWR TOP(H46),3,3,232,NORMAL,21,5,0x0244
overworld,0311,HO-OH TWR TOP(H46),4,4,232,NORMAL,21,5,0x0244
overworld,0311,HO-OH TWR TOP(H46),5,5,425,NORMAL,21,1,0x0242
overworld,0313,VOLTIC CAVE 1(H152); VOLTIC CAVE 2(H153); VOLTIC CAVE 3(H155); VOLTIC CAVE 4(H156); VOLTIC CAVE 5(H158); VOLTIC CAVE 6(H159),0,1,85,NORMAL,129,10001,0x0010
overworld,0313,VOLTIC CAVE 1(H152); VOLTIC CAVE 2(H153); VOLTIC CAVE 3(H155); VOLTIC CAVE 4(H156); VOLTIC CAVE 5(H158); VOLTIC CAVE 6(H159),1,2,85,NORMAL,129,10001,0x0011
overworld,0313,VOLTIC CAVE 1(H152); VOLTIC CAVE 2(H153); VOLTIC CAVE 3(H155); VOLTIC CAVE 4(H156); VOLTIC CAVE 5(H158); VOLTIC CAVE 6(H159),2,3,85,NORMAL,129,10001,0x0012
overworld,0313,VOLTIC CAVE 1(H152); VOLTIC CAVE 2(H153); VOLTIC CAVE 3(H155); VOLTIC CAVE 4(H156); VOLTIC CAVE 5(H158); VOLTIC CAVE 6(H159),3,4,85,NORMAL,129,10001,0x0013
overworld,0313,VOLTIC CAVE 1(H152); VOLTIC CAVE 2(H153); VOLTIC CAVE 3(H155); VOLTIC CAVE 4(H156); VOLTIC CAVE 5(H158); VOLTIC CAVE 6(H159),4,5,85,NORMAL,129,10001,0x0014
overworld,0313,VOLTIC CAVE 1(H152); VOLTIC CAVE 2(H153); VOLTIC CAVE 3(H155); VOLTIC CAVE 4(H156); VOLTIC CAVE 5(H158); VOLTIC CAVE 6(H159),5,6,85,NORMAL,129,10001,0x0015
overworld,0313,VOLTIC CAVE 1(H152); VOLTIC CAVE 2(H153); VOLTIC CAVE 3(H155); VOLTIC CAVE 4(H156); VOLTIC CAVE 5(H158); VOLTIC CAVE 6(H159),6,0,85,NORMAL,129,10001,0x0016
overworld,0313,VOLTIC CAVE 1(H152); VOLTIC CAVE 2(H153); VOLTIC CAVE 3(H155); VOLTIC CAVE 4(H156); VOLTIC CAVE 5(H158); VOLTIC CAVE 6(H159),7,7,85,NORMAL,129,10001,0x0017
overworld,0313,VOLTIC CAVE 1(H152); VOLTIC CAVE 2(H153); VOLTIC CAVE 3(H155); VOLTIC CAVE 4(H156); VOLTIC CAVE 5(H158); VOLTIC CAVE 6(H159),8,8,85,NORMAL,129,10001,0x0018
overworld,0313,VOLTIC CAVE 1(H152); VOLTIC CAVE 2(H153); VOLTIC CAVE 3(H155); VOLTIC CAVE 4(H156); VOLTIC CAVE 5(H158); VOLTIC CAVE 6(H159),9,9,85,NORMAL,129,10001,0x0019
overworld,0313,VOLTIC CAVE 1(H152); VOLTIC CAVE 2(H153); VOLTIC CAVE 3(H155); VOLTIC CAVE 4(H156); VOLTIC CAVE 5(H158); VOLTIC CAVE 6(H159),10,10,85,NORMAL,129,10001,0x001A
overworld,0313,VOLTIC CAVE 1(H152); VOLTIC CAVE 2(H153); VOLTIC CAVE 3(H155); VOLTIC CAVE 4(H156); VOLTIC CAVE 5(H158); VOLTIC CAVE 6(H159),11,11,85,NORMAL,129,10001,0x001B
overworld,0313,VOLTIC CAVE 1(H152); VOLTIC CAVE 2(H153); VOLTIC CAVE 3(H155); VOLTIC CAVE 4(H156); VOLTIC CAVE 5(H158); VOLTIC CAVE 6(H159),12,12,85,NORMAL,129,10001,0x001C
overworld,0313,VOLTIC CAVE 1(H152); VOLTIC CAVE 2(H153); VOLTIC CAVE 3(H155); VOLTIC CAVE 4(H156); VOLTIC CAVE 5(H158); VOLTIC CAVE 6(H159),13,13,85,NORMAL,129,10001,0x001D
overworld,0313,VOLTIC CAVE 1(H152); VOLTIC CAVE 2(H153); VOLTIC CAVE 3(H155); VOLTIC CAVE 4(H156); VOLTIC CAVE 5(H158); VOLTIC CAVE 6(H159),14,14,85,NORMAL,129,10001,0x001E
overworld,0313,VOLTIC CAVE 1(H152); VOLTIC CAVE 2(H153); VOLTIC CAVE 3(H155); VOLTIC CAVE 4(H156); VOLTIC CAVE 5(H158); VOLTIC CAVE 6(H159),15,15,85,NORMAL,129,10001,0x001F
overworld,0313,VOLTIC CAVE 1(H152); VOLTIC CAVE 2(H153); VOLTIC CAVE 3(H155); VOLTIC CAVE 4(H156); VOLTIC CAVE 5(H158); VOLTIC CAVE 6(H159),16,16,85,NORMAL,129,10001,0x0020
overworld,0313,VOLTIC CAVE 1(H152); VOLTIC CAVE 2(H153); VOLTIC CAVE 3(H155); VOLTIC CAVE 4(H156); VOLTIC CAVE 5(H158); VOLTIC CAVE 6(H159),17,17,85,NORMAL,129,10001,0x0021
overworld,0313,VOLTIC CAVE 1(H152); VOLTIC CAVE 2(H153); VOLTIC CAVE 3(H155); VOLTIC CAVE 4(H156); VOLTIC CAVE 5(H158); VOLTIC CAVE 6(H159),18,18,85,NORMAL,129,10001,0x0022
overworld,0313,VOLTIC CAVE 1(H152); VOLTIC CAVE 2(H153); VOLTIC CAVE 3(H155); VOLTIC CAVE 4(H156); VOLTIC CAVE 5(H158); VOLTIC CAVE 6(H159),19,19,85,NORMAL,129,10001,0x0023
overworld,0313,VOLTIC CAVE 1(H152); VOLTIC CAVE 2(H153); VOLTIC CAVE 3(H155); VOLTIC CAVE 4(H156); VOLTIC CAVE 5(H158); VOLTIC CAVE 6(H159),20,20,85,NORMAL,129,10001,0x0024
overworld,0313,VOLTIC CAVE 1(H152); VOLTIC CAVE 2(H153); VOLTIC CAVE 3(H155); VOLTIC CAVE 4(H156); VOLTIC CAVE 5(H158); VOLTIC CAVE 6(H159),21,21,351,TRAINER,129,3217,0x0000
overworld,0313,VOLTIC CAVE 1(H152); VOLTIC CAVE 2(H153); VOLTIC CAVE 3(H155); VOLTIC CAVE 4(H156); VOLTIC CAVE 5(H158); VOLTIC CAVE 6(H159),22,22,338,TRAINER,129,3218,0x0000
overworld,0313,VOLTIC CAVE 1(H152); VOLTIC CAVE 2(H153); VOLTIC CAVE 3(H155); VOLTIC CAVE 4(H156); VOLTIC CAVE 5(H158); VOLTIC CAVE 6(H159),23,23,351,TRAINER,129,3219,0x0000
overworld,0313,VOLTIC CAVE 1(H152); VOLTIC CAVE 2(H153); VOLTIC CAVE 3(H155); VOLTIC CAVE 4(H156); VOLTIC CAVE 5(H158); VOLTIC CAVE 6(H159),24,24,351,TRAINER,129,3220,0x0000
overworld,0313,VOLTIC CAVE 1(H152); VOLTIC CAVE 2(H153); VOLTIC CAVE 3(H155); VOLTIC CAVE 4(H156); VOLTIC CAVE 5(H158); VOLTIC CAVE 6(H159),25,25,377,TRAINER,129,3224,0x0000
overworld,0313,VOLTIC CAVE 1(H152); VOLTIC CAVE 2(H153); VOLTIC CAVE 3(H155); VOLTIC CAVE 4(H156); VOLTIC CAVE 5(H158); VOLTIC CAVE 6(H159),26,26,351,TRAINER,129,3225,0x0000
overworld,0313,VOLTIC CAVE 1(H152); VOLTIC CAVE 2(H153); VOLTIC CAVE 3(H155); VOLTIC CAVE 4(H156); VOLTIC CAVE 5(H158); VOLTIC CAVE 6(H159),27,27,351,TRAINER,129,3226,0x0000
overworld,0313,VOLTIC CAVE 1(H152); VOLTIC CAVE 2(H153); VOLTIC CAVE 3(H155); VOLTIC CAVE 4(H156); VOLTIC CAVE 5(H158); VOLTIC CAVE 6(H159),28,28,219,TRAINER,129,3230,0x0000
overworld,0313,VOLTIC CAVE 1(H152); VOLTIC CAVE 2(H153); VOLTIC CAVE 3(H155); VOLTIC CAVE 4(H156); VOLTIC CAVE 5(H158); VOLTIC CAVE 6(H159),29,29,5,TRAINER,129,3231,0x0000
overworld,0313,VOLTIC CAVE 1(H152); VOLTIC CAVE 2(H153); VOLTIC CAVE 3(H155); VOLTIC CAVE 4(H156); VOLTIC CAVE 5(H158); VOLTIC CAVE 6(H159),30,30,351,TRAINER,129,3235,0x0000
overworld,0313,VOLTIC CAVE 1(H152); VOLTIC CAVE 2(H153); VOLTIC CAVE 3(H155); VOLTIC CAVE 4(H156); VOLTIC CAVE 5(H158); VOLTIC CAVE 6(H159),31,31,351,TRAINER,129,3236,0x0000
overworld,0313,VOLTIC CAVE 1(H152); VOLTIC CAVE 2(H153); VOLTIC CAVE 3(H155); VOLTIC CAVE 4(H156); VOLTIC CAVE 5(H158); VOLTIC CAVE 6(H159),32,32,377,TRAINER,129,3236,0x0000
overworld,0315,,0,0,335,NORMAL,,1,0x0000
overworld,0315,,1,1,336,NORMAL,,9017,0x0000
overworld,0315,,2,2,336,NORMAL,,9003,0x0000
overworld,0315,,3,3,336,NORMAL,,9001,0x0000
overworld,0315,,4,4,347,NORMAL,,2,0x0000
overworld,0315,,5,5,348,NORMAL,,3,0x0000
overworld,0315,,6,6,315,NORMAL,,4,0x0000
overworld,0316,SHED 02 PCR08(H281),0,0,286,NORMAL,780,9203,0x0000
overworld,0316,SHED 02 PCR08(H281),1,1,336,NORMAL,780,9202,0x0000
overworld,0316,SHED 02 PCR08(H281),2,2,336,NORMAL,780,9201,0x0000
overworld,0317,DALI 03 PM07(H302),0,0,334,NORMAL,777,1,0x0000
overworld,0317,DALI 03 PM07(H302),1,1,334,NORMAL,777,2,0x0000
overworld,0317,DALI 03 PM07(H302),2,2,325,NORMAL,777,4,0x0000
overworld,0317,DALI 03 PM07(H302),3,3,322,NORMAL,777,3,0x0000
overworld,0317,DALI 03 PM07(H302),4,4,299,NORMAL,777,10202,0x02A8
overworld,0317,DALI 03 PM07(H302),5,5,193,NORMAL,777,10201,0x02A7
overworld,0318,HOTEL 2 HS34(H367),0,0,347,NORMAL,781,1,0x0000
overworld,0318,HOTEL 2 HS34(H367),1,1,183,NORMAL,781,2,0x0000
overworld,0319,,0,0,341,NORMAL,,1,0x0000
overworld,0319,,1,1,326,NORMAL,,2,0x0000
overworld,0319,,2,2,325,NORMAL,,4,0x0000
overworld,0319,,3,3,332,NORMAL,,3,0x0000
overworld,0319,,4,4,1030,NORMAL,,5,0x0000
overworld,0319,,5,5,234,NORMAL,,0,0x02FC
overworld,0320,HOTEL 2 HS35(H369),0,0,329,NORMAL,783,1,0x0000
overworld,0320,HOTEL 2 HS35(H369),1,1,146,NORMAL,783,2,0x0000
overworld,0321,TROO 06 HS36(H415),0,0,341,NORMAL,784,1,0x0000
overworld,0322,DALI 04 GYM06(H303),0,0,349,NORMAL,778,16,0x031A
overworld,0322,DALI 04 GYM06(H303),1,1,349,NORMAL,778,17,0x031A
overworld,0322,DALI 04 GYM06(H303),2,2,349,NORMAL,778,18,0x031A
overworld,0322,DALI 04 GYM06(H303),3,3,349,NORMAL,778,19,0x031A
overworld,0322,DALI 04 GYM06(H303),4,4,349,NORMAL,778,20,0x031A
overworld,0322,DALI 04 GYM06(H303),5,5,349,NORMAL,778,21,0x031A
overworld,0322,DALI 04 GYM06(H303),6,6,323,TRAINER,778,3231,0x0000
overworld,0322,DALI 04 GYM06(H303),7,7,378,TRAINER,778,3395,0x0000
overworld,0322,DALI 04 GYM06(H303),8,8,341,TRAINER,778,3336,0x0000
overworld,0322,DALI 04 GYM06(H303),9,9,368,NORMAL,778,24,0x02F0
overworld,0322,DALI 04 GYM06(H303),10,10,168,NORMAL,778,25,0x0000
overworld,0323,,0,0,328,NORMAL,,1,0x025B
overworld,0323,,1,1,394,NORMAL,,3,0x0000
overworld,0324,,0,0,286,NORMAL,,9203,0x0000
overworld,0324,,1,1,336,NORMAL,,9202,0x0000
overworld,0324,,2,2,336,NORMAL,,9201,0x0000
overworld,0325,RADE 03 PCR10(H358),0,0,286,NORMAL,936,9203,0x0000
overworld,0325,RADE 03 PCR10(H358),1,1,336,NORMAL,936,9202,0x0000
overworld,0325,RADE 03 PCR10(H358),2,2,336,NORMAL,936,9201,0x0000
overworld,0326,TROO 03 PCR11(H412),0,0,286,NORMAL,945,9203,0x0000
overworld,0326,TROO 03 PCR11(H412),1,1,336,NORMAL,945,9202,0x0000
overworld,0326,TROO 03 PCR11(H412),2,2,336,NORMAL,945,9201,0x0000
overworld,0327,DEPART 2 F1(H447),0,0,427,NORMAL,789,1,0x0000
overworld,0327,DEPART 2 F1(H447),1,1,341,NORMAL,789,2,0x0000
overworld,0327,DEPART 2 F1(H447),2,2,327,NORMAL,789,3,0x0000
overworld,0327,DEPART 2 F1(H447),3,3,299,NORMAL,789,10202,0x02A8
overworld,0327,DEPART 2 F1(H447),4,4,193,NORMAL,789,10201,0x02A7
overworld,0328,DEPART 2 F2(H448),0,0,334,NORMAL,790,1,0x0000
overworld,0328,DEPART 2 F2(H448),1,1,334,NORMAL,790,2,0x0000
overworld,0328,DEPART 2 F2(H448),2,2,328,NORMAL,790,3,0x0000
overworld,0328,DEPART 2 F2(H448),3,3,146,NORMAL,790,4,0x0000
overworld,0328,DEPART 2 F2(H448),4,4,328,NORMAL,790,6,0x027E
overworld,0328,DEPART 2 F2(H448),5,5,128,NORMAL,790,8,0x0313
overworld,0329,DEPART 2 F3(H449),0,0,334,NORMAL,791,1,0x0000
overworld,0329,DEPART 2 F3(H449),1,1,367,NORMAL,791,4,0x0000
overworld,0329,DEPART 2 F3(H449),2,2,367,NORMAL,791,3,0x0000
overworld,0329,DEPART 2 F3(H449),3,3,146,NORMAL,791,2,0x0000
overworld,0329,DEPART 2 F3(H449),4,4,322,NORMAL,791,5,0x0000
overworld,0330,DEPART 2 F4(H450),0,0,334,NORMAL,792,1,0x0000
overworld,0330,DEPART 2 F4(H450),1,1,146,NORMAL,792,3,0x0000
overworld,0330,DEPART 2 F4(H450),2,2,322,NORMAL,792,2,0x0000
overworld,0330,DEPART 2 F4(H450),3,3,352,NORMAL,792,6,0x0260
overworld,0330,DEPART 2 F4(H450),4,4,372,NORMAL,792,7,0x02E2
overworld,0331,DEPART 2 F5(H451),0,0,334,NORMAL,793,1,0x0000
overworld,0331,DEPART 2 F5(H451),1,1,334,NORMAL,793,2,0x0000
overworld,0331,DEPART 2 F5(H451),2,2,341,NORMAL,793,3,0x0000
overworld,0331,DEPART 2 F5(H451),3,3,348,NORMAL,793,4,0x0000
overworld,0331,DEPART 2 F5(H451),4,4,325,NORMAL,793,5,0x0000
overworld,0332,DEPART 2 F6(H452),0,0,322,NORMAL,794,1,0x0000
overworld,0332,DEPART 2 F6(H452),1,1,146,NORMAL,794,2,0x0000
overworld,0333,HOTEL 1 F1(H205),0,0,331,NORMAL,796,1,0x0000
overworld,0333,HOTEL 1 F1(H205),1,1,1008,NORMAL,796,2,0x0000
overworld,0333,HOTEL 1 F1(H205),2,2,1003,NORMAL,796,3,0x0000
overworld,0333,HOTEL 1 F1(H205),3,3,1000,NORMAL,796,4,0x0000
overworld,0335,,0,0,322,NORMAL,,3,0x0000
overworld,0335,,1,1,168,NORMAL,,2,0x0000
overworld,0335,,2,2,332,NORMAL,,4,0x0000
overworld,0335,,3,3,324,NORMAL,,1,0x0000
overworld,0335,,4,4,146,NORMAL,,10,0x0000
overworld,0335,,5,5,101,NORMAL,,0,0x0000
overworld,0335,,6,6,1032,NORMAL,,0,0x0000
overworld,0335,,7,7,386,NORMAL,,13,0x0000
overworld,0336,DEPART 2 ROOF(H453),0,0,332,NORMAL,799,1,0x0000
overworld,0337,DEPART 2 ROOM(H454),0,0,168,NORMAL,800,1,0x0000
overworld,0338,DANB 01 GH02(H137),0,0,394,NORMAL,235,0,0x0000
overworld,0339,RADE 20 TBD(H382),0,0,341,NORMAL,804,1,0x0000
overworld,0339,RADE 20 TBD(H382),1,1,168,NORMAL,804,2,0x0000
overworld,0339,RADE 20 TBD(H382),2,2,323,NORMAL,804,3,0x0000
overworld,0340,RADE 21 TBD(H383),0,0,322,NORMAL,805,1,0x0000
overworld,0340,RADE 21 TBD(H383),1,1,325,NORMAL,805,5,0x0000
overworld,0340,RADE 21 TBD(H383),2,2,332,NORMAL,805,4,0x0000
overworld,0340,RADE 21 TBD(H383),3,3,129,NORMAL,805,6,0x0000
overworld,0340,RADE 21 TBD(H383),4,4,332,NORMAL,805,3,0x0000
overworld,0340,RADE 21 TBD(H383),5,5,332,NORMAL,805,2,0x0000
overworld,0341,MAUN 04 RIV01(H14); RADE 22 TBD(H384),0,0,101,NORMAL,849,1,0x02E5
overworld,0341,MAUN 04 RIV01(H14); RADE 22 TBD(H384),1,1,1032,NORMAL,849,2,0x02E5
overworld,0342,RADE 23 TBD(H385); TROO 07 HS37(H416),0,0,329,NORMAL,884,1,0x0000
overworld,0343,,0,0,348,NORMAL,,1,0x0000
overworld,0343,,1,1,322,NORMAL,,3,0x0000
overworld,0344,,0,0,348,NORMAL,,1,0x0000
overworld,0345,,0,0,333,TRAINER,,3358,0x0000
overworld,0345,,1,1,328,TRAINER,,3347,0x0000
overworld,0345,,2,2,84,NORMAL,,10002,0x0010
overworld,0345,,3,3,87,NORMAL,,7396,0x0514
overworld,0346,WLDA03 GV08(H527),0,0,394,NORMAL,185,1,0x0000
overworld,0347,,0,0,394,NORMAL,,1,0x0000
overworld,0348,,0,0,394,NORMAL,,1,0x0000
overworld,0349,,0,0,394,NORMAL,,1,0x0000
overworld,0350,,0,0,335,NORMAL,,1,0x0000
overworld,0350,,1,1,336,NORMAL,,9017,0x0000
overworld,0350,,2,2,336,NORMAL,,9003,0x0000
overworld,0350,,3,3,336,NORMAL,,9001,0x0000
overworld,0350,,4,4,341,NORMAL,,2,0x0000
overworld,0350,,5,5,168,NORMAL,,4,0x0000
overworld,0350,,6,6,327,NORMAL,,3,0x0000
overworld,0351,,0,0,286,NORMAL,,9203,0x0000
overworld,0351,,1,1,336,NORMAL,,9202,0x0000
overworld,0351,,2,2,336,NORMAL,,9201,0x0000
overworld,0352,DANB 05 GYM03(H141),0,0,86,NORMAL,786,10000,0x0010
overworld,0352,DANB 05 GYM03(H141),1,1,86,NORMAL,786,10000,0x0011
overworld,0352,DANB 05 GYM03(H141),2,2,86,NORMAL,786,10000,0x0012
overworld,0352,DANB 05 GYM03(H141),3,3,316,TRAINER,786,3325,0x0000
overworld,0352,DANB 05 GYM03(H141),4,4,316,TRAINER,786,5325,0x0000
overworld,0352,DANB 05 GYM03(H141),5,5,319,TRAINER,786,3355,0x0000
overworld,0352,DANB 05 GYM03(H141),6,6,346,TRAINER,786,3335,0x0000
overworld,0352,DANB 05 GYM03(H141),7,7,326,TRAINER,786,3345,0x0000
overworld,0352,DANB 05 GYM03(H141),8,8,371,NORMAL,786,1,0x02F2
overworld,0355,,0,0,344,NORMAL,,1,0x0000
overworld,0355,,1,1,354,NORMAL,,5,0x02B5
overworld,0355,,2,2,372,NORMAL,,6,0x02B6
overworld,0355,,3,3,359,NORMAL,,7,0x02B7
overworld,0355,,4,4,371,NORMAL,,8,0x02B8
overworld,0355,,5,5,370,NORMAL,,9,0x02B9
overworld,0355,,6,6,375,NORMAL,,11,0x02BB
overworld,0355,,7,7,356,NORMAL,,12,0x02BC
overworld,0355,,8,8,373,NORMAL,,13,0x02BD
overworld,0355,,9,9,353,NORMAL,,14,0x02BE
overworld,0355,,10,10,369,NORMAL,,15,0x02BF
overworld,0355,,11,11,352,NORMAL,,16,0x02C0
overworld,0355,,12,12,368,NORMAL,,17,0x02C1
overworld,0355,,13,13,355,NORMAL,,18,0x02C2
overworld,0355,,14,14,357,NORMAL,,19,0x02C3
overworld,0355,,15,15,358,NORMAL,,20,0x02C4
overworld,0355,,16,16,374,NORMAL,,10,0x02BA
overworld,0356,TROO 08 HS38(H417),0,0,347,NORMAL,833,1,0x0000
overworld,0357,,0,0,34,NORMAL,,1,0x0000
overworld,0357,,1,1,332,NORMAL,,2,0x0000
overworld,0357,,2,2,325,NORMAL,,3,0x0000
overworld,0357,,3,3,319,NORMAL,,4,0x0000
overworld,0357,,4,4,368,NORMAL,,8,0x02F7
overworld,0359,ROTOM TOWER(H197),0,0,427,NORMAL,837,1,0x0282
overworld,0359,ROTOM TOWER(H197),1,1,34,NORMAL,837,2,0x0281
overworld,0359,ROTOM TOWER(H197),2,2,421,NORMAL,837,5,0x02FA
overworld,0360,ROTOM ROOM(H198),0,0,409,NORMAL,838,2,0x0283
overworld,0360,ROTOM ROOM(H198),1,1,410,NORMAL,838,3,0x0286
overworld,0360,ROTOM ROOM(H198),2,2,411,NORMAL,838,4,0x0285
overworld,0360,ROTOM ROOM(H198),3,3,412,NORMAL,838,5,0x0284
overworld,0360,ROTOM ROOM(H198),4,4,413,NORMAL,838,6,0x0287
overworld,0360,ROTOM ROOM(H198),5,5,183,NORMAL,838,1,0x0000
overworld,0361,TROO 09 HS39(H418),0,0,328,NORMAL,840,1,0x0000
overworld,0361,TROO 09 HS39(H418),1,1,329,NORMAL,840,2,0x0000
overworld,0361,TROO 09 HS39(H418),2,2,1036,NORMAL,840,3,0x0000
overworld,0362,TROO 10 HS40(H419),0,0,319,NORMAL,841,1,0x0000
overworld,0362,TROO 10 HS40(H419),1,1,234,NORMAL,841,0,0x02FB
overworld,0362,TROO 10 HS40(H419),2,2,380,NORMAL,841,4,0x0000
overworld,0362,TROO 10 HS40(H419),3,3,101,NORMAL,841,1,0x0000
overworld,0363,,0,0,335,NORMAL,,1,0x0000
overworld,0363,,1,1,336,NORMAL,,9017,0x0000
overworld,0363,,2,2,336,NORMAL,,9003,0x0000
overworld,0363,,3,3,336,NORMAL,,9001,0x0000
overworld,0363,,4,4,325,NORMAL,,2,0x0000
overworld,0363,,5,5,333,NORMAL,,3,0x0000
overworld,0363,,6,6,146,NORMAL,,4,0x0000
overworld,0364,,0,0,286,NORMAL,,9203,0x0000
overworld,0364,,1,1,336,NORMAL,,9202,0x0000
overworld,0364,,2,2,336,NORMAL,,9201,0x0000
overworld,0365,RADE 04 PM08(H359),0,0,334,NORMAL,828,1,0x0000
overworld,0365,RADE 04 PM08(H359),1,1,324,NORMAL,828,3,0x0000
overworld,0365,RADE 04 PM08(H359),2,2,327,NORMAL,828,4,0x0000
overworld,0365,RADE 04 PM08(H359),3,3,334,NORMAL,828,2,0x0000
overworld,0365,RADE 04 PM08(H359),4,4,299,NORMAL,828,10202,0x02A8
overworld,0365,RADE 04 PM08(H359),5,5,193,NORMAL,828,10201,0x02A7
overworld,0366,,0,0,219,TRAINER,,3368,0x0000
overworld,0366,,1,1,351,TRAINER,,3414,0x0000
overworld,0366,,2,2,219,TRAINER,,3367,0x0000
overworld,0366,,3,3,351,TRAINER,,3229,0x0000
overworld,0366,,4,4,168,NORMAL,,2,0x0000
overworld,0366,,5,5,369,NORMAL,,1,0x02F1
overworld,0367,,0,0,328,NORMAL,,1,0x0000
overworld,0367,,1,1,328,NORMAL,,4,0x027E
overworld,0367,,2,2,322,NORMAL,,6,0x0000
overworld,0367,,3,3,333,NORMAL,,7,0x0000
overworld,0367,,4,4,320,NORMAL,,8,0x0000
overworld,0368,GLOBAL TWR F2(H177),0,0,320,NORMAL,908,3,0x0000
overworld,0368,GLOBAL TWR F2(H177),1,1,316,NORMAL,908,9,0x0000
overworld,0368,GLOBAL TWR F2(H177),2,2,329,NORMAL,908,6,0x0000
overworld,0368,GLOBAL TWR F2(H177),3,3,325,NORMAL,908,7,0x0000
overworld,0368,GLOBAL TWR F2(H177),4,4,319,NORMAL,908,8,0x0000
overworld,0368,GLOBAL TWR F2(H177),5,5,331,NORMAL,908,5,0x0000
overworld,0368,GLOBAL TWR F2(H177),6,6,333,NORMAL,908,2,0x0000
overworld,0368,GLOBAL TWR F2(H177),7,7,326,NORMAL,908,4,0x0000
overworld,0368,GLOBAL TWR F2(H177),8,8,351,NORMAL,908,1,0x0000
overworld,0369,GLOBAL TWR F3(H178),0,0,341,NORMAL,909,6,0x0000
overworld,0369,GLOBAL TWR F3(H178),1,1,333,NORMAL,909,9,0x0000
overworld,0369,GLOBAL TWR F3(H178),2,2,323,NORMAL,909,8,0x0000
overworld,0369,GLOBAL TWR F3(H178),3,3,321,NORMAL,909,2,0x0000
overworld,0369,GLOBAL TWR F3(H178),4,4,345,NORMAL,909,5,0x0000
overworld,0369,GLOBAL TWR F3(H178),5,5,317,NORMAL,909,1,0x0000
overworld,0369,GLOBAL TWR F3(H178),6,6,328,NORMAL,909,4,0x0000
overworld,0369,GLOBAL TWR F3(H178),7,7,378,NORMAL,909,7,0x0000
overworld,0369,GLOBAL TWR F3(H178),8,8,327,NORMAL,909,3,0x0000
overworld,0370,,0,0,318,TRAINER,,3247,0x0000
overworld,0370,,1,1,86,NORMAL,,10000,0x0010
overworld,0370,,2,2,87,NORMAL,,7048,0x04D0
overworld,0370,,3,3,262,NORMAL,,2800,0x0000
overworld,0371,,0,0,322,NORMAL,,1,0x0000
overworld,0371,,1,1,330,NORMAL,,2,0x0000
overworld,0372,,0,0,332,NORMAL,,1,0x0000
overworld,0373,RADE 01 GV09(H356),0,0,29,NORMAL,172,1,0x0000
overworld,0373,RADE 01 GV09(H356),1,1,394,NORMAL,172,2,0x0000
overworld,0374,,0,0,394,NORMAL,,1,0x0000
overworld,0375,,0,0,394,NORMAL,,1,0x0000
overworld,0376,BIKE GATE 01(H258),0,0,394,NORMAL,207,1,0x0000
overworld,0377,,0,0,86,NORMAL,,10000,0x0010
overworld,0378,BIKE GATE 02(H260),0,0,394,NORMAL,211,1,0x0000
overworld,0379,,0,0,394,NORMAL,,1,0x0000
overworld,0380,,0,0,394,NORMAL,,2,0x0000
overworld,0381,TROO 04 PM09(H413),0,0,334,NORMAL,759,1,0x0000
overworld,0381,TROO 04 PM09(H413),1,1,334,NORMAL,759,2,0x0000
overworld,0381,TROO 04 PM09(H413),2,2,324,NORMAL,759,3,0x0000
overworld,0381,TROO 04 PM09(H413),3,3,327,NORMAL,759,4,0x0000
overworld,0381,TROO 04 PM09(H413),4,4,299,NORMAL,759,10202,0x02A8
overworld,0381,TROO 04 PM09(H413),5,5,193,NORMAL,759,10201,0x02A7
overworld,0382,SYDT 04 GYM04(H167),0,0,168,NORMAL,760,2,0x0253
overworld,0382,SYDT 04 GYM04(H167),1,1,343,TRAINER,760,3296,0x0253
overworld,0382,SYDT 04 GYM04(H167),2,2,343,4,760,3677,0x0253
overworld,0382,SYDT 04 GYM04(H167),3,3,343,TRAINER,760,3297,0x0253
overworld,0382,SYDT 04 GYM04(H167),4,4,348,TRAINER,760,3676,0x0253
overworld,0382,SYDT 04 GYM04(H167),5,5,348,TRAINER,760,3675,0x0253
overworld,0382,SYDT 04 GYM04(H167),6,6,370,NORMAL,760,1,0x0253
overworld,0382,SYDT 04 GYM04(H167),7,7,222,NORMAL,760,0,0x0254
overworld,0382,SYDT 04 GYM04(H167),8,8,349,NORMAL,760,6,0x0257
overworld,0382,SYDT 04 GYM04(H167),9,9,349,NORMAL,760,6,0x0257
overworld,0383,,0,0,335,NORMAL,,1,0x0000
overworld,0383,,1,1,336,NORMAL,,9017,0x0000
overworld,0383,,2,2,336,NORMAL,,9003,0x0000
overworld,0383,,3,3,336,NORMAL,,9001,0x0000
overworld,0383,,4,4,322,NORMAL,,2,0x0000
overworld,0383,,5,5,332,NORMAL,,3,0x0000
overworld,0384,,0,0,328,NORMAL,,1,0x0000
overworld,0385,,0,0,347,NORMAL,,1,0x0000
overworld,0385,,1,1,329,NORMAL,,2,0x0000
overworld,0385,,2,2,1007,NORMAL,,3,0x0000
overworld,0386,,0,0,331,NORMAL,,1,0x0000
overworld,0386,,1,1,330,NORMAL,,2,0x0000
overworld,0386,,2,2,1005,NORMAL,,4,0x0000
overworld,0386,,3,3,1022,NORMAL,,3,0x0000
overworld,0387,,0,0,328,NORMAL,,1,0x0000
overworld,0388,,0,0,334,NORMAL,,1,0x0000
overworld,0388,,1,1,334,NORMAL,,2,0x0000
overworld,0388,,2,2,323,NORMAL,,4,0x0000
overworld,0388,,3,3,328,NORMAL,,3,0x0000
overworld,0388,,4,4,299,NORMAL,,10202,0x02A8
overworld,0388,,5,5,193,NORMAL,,10201,0x02A7
overworld,0389,,0,0,335,NORMAL,,1,0x0000
overworld,0389,,1,1,336,NORMAL,,9017,0x0000
overworld,0389,,2,2,336,NORMAL,,9003,0x0000
overworld,0389,,3,3,336,NORMAL,,9001,0x0000
overworld,0389,,4,4,325,NORMAL,,3,0x0000
overworld,0389,,5,5,341,NORMAL,,2,0x0000
overworld,0389,,6,6,146,NORMAL,,4,0x0000
overworld,0390,,0,0,322,NORMAL,,1,0x0000
overworld,0390,,1,1,319,NORMAL,,2,0x0000
overworld,0390,,2,2,995,NORMAL,,5,0x0000
overworld,0390,,3,3,1010,NORMAL,,3,0x0000
overworld,0390,,4,4,1002,NORMAL,,4,0x0000
overworld,0391,,0,0,329,NORMAL,,1,0x0000
overworld,0392,,0,0,330,NORMAL,,1,0x0000
overworld,0393,,0,0,330,NORMAL,,1,0x0000
overworld,0393,,1,1,331,NORMAL,,4,0x0000
overworld,0393,,2,2,319,NORMAL,,3,0x0000
overworld,0393,,3,3,325,NORMAL,,2,0x0000
overworld,0394,,0,0,427,NORMAL,,1,0x0000
overworld,0394,,1,1,34,NORMAL,,2,0x0000
overworld,0394,,2,2,341,NORMAL,,4,0x0258
overworld,0394,,3,3,322,NORMAL,,3,0x0000
overworld,0394,,4,4,322,NORMAL,,5,0x0000
overworld,0394,,5,5,341,NORMAL,,4,0x0259
overworld,0395,,0,0,330,NORMAL,,1,0x0000
overworld,0396,DEPART 1 ELVA(H175),0,0,427,NORMAL,905,1,0x0000
overworld,0397,DEPART 2 ELV(H455),0,0,427,NORMAL,795,1,0x0000
overworld,0403,AZELF DEN(H154),0,0,1079,NORMAL,8,0,0x0000
overworld,0404,D HQ1 F1(H67),0,6,222,NORMAL,9,6,0x01BC
overworld,0404,D HQ1 F1(H67),1,5,148,NORMAL,9,0,0x01BD
overworld,0404,D HQ1 F1(H67),2,2,427,NORMAL,9,3,0x01B8
overworld,0404,D HQ1 F1(H67),3,1,427,NORMAL,9,2,0x01B8
overworld,0404,D HQ1 F1(H67),4,0,427,NORMAL,9,1,0x0000
overworld,0404,D HQ1 F1(H67),5,6,222,NORMAL,9,6,0x01BC
overworld,0404,D HQ1 F1(H67),6,5,148,NORMAL,9,0,0x01BD
overworld,0404,D HQ1 F1(H67),7,2,427,NORMAL,9,3,0x01B8
overworld,0404,D HQ1 F1(H67),8,1,427,NORMAL,9,2,0x01B8
overworld,0404,D HQ1 F1(H67),9,0,427,NORMAL,9,1,0x0000
overworld,0405,,0,0,87,NORMAL,,7051,0x04EE
overworld,0405,,1,1,87,NORMAL,,7351,0x04F0
overworld,0405,,2,2,87,NORMAL,,7002,0x04EF
overworld,0405,,3,3,87,NORMAL,,7314,0x04F1
overworld,0405,,4,4,85,NORMAL,,10001,0x0010
overworld,0405,,5,5,85,NORMAL,,10001,0x0011
overworld,0405,,6,6,85,NORMAL,,10001,0x0012
overworld,0405,,7,7,85,NORMAL,,10001,0x0013
overworld,0405,,8,8,85,NORMAL,,10001,0x0014
overworld,0405,,9,9,85,NORMAL,,10001,0x0015
overworld,0405,,10,10,85,NORMAL,,10001,0x0016
overworld,0405,,11,11,85,NORMAL,,10001,0x0017
overworld,0407,,0,0,87,NORMAL,,7047,0x04C8
overworld,0407,,1,1,87,NORMAL,,7051,0x04C9
overworld,0407,,2,2,87,NORMAL,,7028,0x04CA
overworld,0407,,3,3,85,NORMAL,,10001,0x0010
overworld,0407,,4,4,85,NORMAL,,10001,0x0011
overworld,0407,,5,5,85,NORMAL,,10001,0x0012
overworld,0407,,6,6,85,NORMAL,,10001,0x0013
overworld,0407,,7,7,85,NORMAL,,10001,0x0014
overworld,0407,,8,8,85,NORMAL,,10001,0x0015
overworld,0407,,9,9,85,NORMAL,,10001,0x0016
overworld,0407,,10,10,85,NORMAL,,10001,0x0017
overworld,0407,,11,11,85,NORMAL,,10001,0x0018
overworld,0407,,12,12,85,NORMAL,,10001,0x0019
overworld,0407,,13,13,85,NORMAL,,10001,0x001A
overworld,0407,,14,14,85,NORMAL,,10001,0x001B
overworld,0407,,15,15,85,NORMAL,,10001,0x001C
overworld,0407,,16,16,85,NORMAL,,10001,0x001D
overworld,0407,,17,17,85,NORMAL,,10001,0x001E
overworld,0407,,18,18,87,NORMAL,,7110,0x0510
overworld,0408,UXIE DEN(H157),0,0,1077,NORMAL,13,0,0x0000
overworld,0409,,0,0,225,TRAINER,,3685,0x0000
overworld,0409,,1,1,225,TRAINER,,3686,0x0000
overworld,0409,,2,2,33,TRAINER,,3687,0x0000
overworld,0409,,3,3,87,NORMAL,,7084,0x04E4
overworld,0411,MESPIRIT DEN(H160); D11R0105(H456),0,0,1078,NORMAL,14,0,0x0000
overworld,0413,D41R0102(H459),0,0,87,NORMAL,139,7320,0x04DA
overworld,0413,D41R0102(H459),1,1,87,NORMAL,139,7109,0x04DB
overworld,0414,D41R0103(H460),0,0,87,NORMAL,139,7078,0x04DC
overworld,0414,D41R0103(H460),1,1,87,NORMAL,139,7403,0x04DD
overworld,0415,D41R0104(H461),0,0,87,NORMAL,139,7268,0x04DE
overworld,0416,D41R0105(H462),0,0,1026,NORMAL,106,1,0x0307
overworld,0419,D41R0108(H465),0,0,211,NORMAL,107,1,0x025F
overworld,0420,R10PC0101(H466),0,0,335,NORMAL,192,1,0x0000
overworld,0420,R10PC0101(H466),1,1,336,NORMAL,192,9017,0x0000
overworld,0420,R10PC0101(H466),2,2,336,NORMAL,192,9003,0x0000
overworld,0420,R10PC0101(H466),3,3,336,NORMAL,192,9001,0x0000
overworld,0420,R10PC0101(H466),4,4,341,NORMAL,192,2,0x0000
overworld,0420,R10PC0101(H466),5,5,327,NORMAL,192,4,0x0000
overworld,0420,R10PC0101(H466),6,6,338,NORMAL,192,3,0x0000
overworld,0421,R10R0201(H467),0,0,34,NORMAL,195,2,0x0000
overworld,0421,R10R0201(H467),1,1,338,NORMAL,195,4,0x0000
overworld,0421,R10R0201(H467),2,2,338,NORMAL,195,3,0x0000
overworld,0421,R10R0201(H467),3,3,34,NORMAL,195,5,0x0000
overworld,0421,R10R0201(H467),4,4,338,NORMAL,195,7,0x0000
overworld,0421,R10R0201(H467),5,5,338,NORMAL,195,6,0x0000
overworld,0421,R10R0201(H467),6,6,332,NORMAL,195,1,0x0000
overworld,0422,MANSION A3(H394); R05R0201(H469),0,0,324,TRAINER,180,3723,0x0000
overworld,0422,MANSION A3(H394); R05R0201(H469),1,1,327,TRAINER,180,3724,0x0000
overworld,0423,MANSION A2(H393); R06R0101(H470),0,0,324,TRAINER,139,3721,0x0000
overworld,0423,MANSION A2(H393); R06R0101(H470),1,1,324,TRAINER,139,3722,0x0000
overworld,0424,MELT 07 FOSSI(H114); T03R0101(H471),0,0,338,NORMAL,755,2,0x0000
overworld,0424,MELT 07 FOSSI(H114); T03R0101(H471),1,1,427,NORMAL,755,1,0x0000
overworld,0424,MELT 07 FOSSI(H114); T03R0101(H471),2,2,330,NORMAL,755,5,0x0000
overworld,0424,MELT 07 FOSSI(H114); T03R0101(H471),3,3,377,NORMAL,755,4,0x0000
overworld,0424,MELT 07 FOSSI(H114); T03R0101(H471),4,4,338,NORMAL,755,3,0x0000
overworld,0424,MELT 07 FOSSI(H114); T03R0101(H471),5,5,328,NORMAL,755,14,0x027E
overworld,0424,MELT 07 FOSSI(H114); T03R0101(H471),6,6,421,NORMAL,755,16,0x0308
overworld,0424,MELT 07 FOSSI(H114); T03R0101(H471),7,7,421,NORMAL,755,20,0x0317
overworld,0425,T03R0201(H472),0,0,322,NORMAL,756,1,0x0000
overworld,0425,T03R0201(H472),1,1,1001,NORMAL,756,2,0x0000
overworld,0426,T03GYM0101(H473),0,0,168,NORMAL,752,2,0x0000
overworld,0426,T03GYM0101(H473),1,1,373,NORMAL,752,1,0x02F4
overworld,0426,T03GYM0101(H473),2,2,345,TRAINER,752,3307,0x0000
overworld,0426,T03GYM0101(H473),3,3,333,TRAINER,752,3684,0x0000
overworld,0427,T03FS0101(H474),0,0,334,NORMAL,751,1,0x0000
overworld,0427,T03FS0101(H474),1,1,334,NORMAL,751,2,0x0000
overworld,0427,T03FS0101(H474),2,2,146,NORMAL,751,3,0x0000
overworld,0427,T03FS0101(H474),3,3,322,NORMAL,751,4,0x0000
overworld,0427,T03FS0101(H474),4,4,299,NORMAL,751,10202,0x02A8
overworld,0427,T03FS0101(H474),5,5,193,NORMAL,751,10201,0x02A7
overworld,0428,T03PC0101(H475),0,0,335,NORMAL,753,1,0x0000
overworld,0428,T03PC0101(H475),1,1,336,NORMAL,753,9017,0x0000
overworld,0428,T03PC0101(H475),2,2,336,NORMAL,753,9003,0x0000
overworld,0428,T03PC0101(H475),3,3,336,NORMAL,753,9001,0x0000
overworld,0428,T03PC0101(H475),4,4,315,NORMAL,753,5,0x0000
overworld,0428,T03PC0101(H475),5,5,1004,NORMAL,753,4,0x0000
overworld,0428,T03PC0101(H475),6,6,328,NORMAL,753,2,0x0000
overworld,0428,T03PC0101(H475),7,7,325,NORMAL,753,3,0x0000
overworld,0429,T03PC0102(H476),0,0,286,NORMAL,754,9203,0x0000
overworld,0429,T03PC0102(H476),1,1,336,NORMAL,754,9202,0x0000
overworld,0429,T03PC0102(H476),2,2,336,NORMAL,754,9201,0x0000
overworld,0430,T03R0601(H477),0,0,330,NORMAL,757,1,0x0000
overworld,0431,T08FS0101(H478),0,0,334,NORMAL,808,1,0x0000
overworld,0431,T08FS0101(H478),1,1,334,NORMAL,808,2,0x0000
overworld,0431,T08FS0101(H478),2,2,332,NORMAL,808,3,0x0000
overworld,0431,T08FS0101(H478),3,3,327,NORMAL,808,4,0x0000
overworld,0431,T08FS0101(H478),4,4,299,NORMAL,808,10202,0x02A8
overworld,0431,T08FS0101(H478),5,5,193,NORMAL,808,10201,0x02A7
overworld,0432,T08R0201(H479),0,0,63,NORMAL,812,10,0x0000
overworld,0432,T08R0201(H479),1,1,146,NORMAL,812,5,0x0000
overworld,0432,T08R0201(H479),2,2,329,NORMAL,812,6,0x0000
overworld,0432,T08R0201(H479),3,3,317,NORMAL,812,7,0x0000
overworld,0432,T08R0201(H479),4,4,326,NORMAL,812,8,0x0000
overworld,0432,T08R0201(H479),5,5,322,NORMAL,812,9,0x0000
overworld,0432,T08R0201(H479),6,6,40,NORMAL,812,4,0x0000
overworld,0434,RT 5 01 HS51(H73); T08R0401(H481),0,0,329,NORMAL,813,1,0x0000
overworld,0434,RT 5 01 HS51(H73); T08R0401(H481),1,1,146,NORMAL,813,2,0x0000
overworld,0435,T08PC0101(H482),0,0,335,NORMAL,810,1,0x0000
overworld,0435,T08PC0101(H482),1,1,336,NORMAL,810,9017,0x0000
overworld,0435,T08PC0101(H482),2,2,336,NORMAL,810,9003,0x0000
overworld,0435,T08PC0101(H482),3,3,336,NORMAL,810,9001,0x0000
overworld,0435,T08PC0101(H482),4,4,324,NORMAL,810,2,0x0000
overworld,0435,T08PC0101(H482),5,5,327,NORMAL,810,3,0x0000
overworld,0435,T08PC0101(H482),6,6,319,NORMAL,810,4,0x0000
overworld,0436,DALI 10 HS52(H309); T08R0601(H483),0,0,319,NORMAL,814,1,0x0000
overworld,0436,DALI 10 HS52(H309); T08R0601(H483),1,1,1033,NORMAL,814,2,0x0000
overworld,0436,DALI 10 HS52(H309); T08R0601(H483),2,2,1033,NORMAL,814,3,0x0000
overworld,0436,DALI 10 HS52(H309); T08R0601(H483),3,3,1033,NORMAL,814,4,0x0000
overworld,0437,R10PC0102(H484),0,0,286,NORMAL,193,9203,0x0000
overworld,0437,R10PC0102(H484),1,1,336,NORMAL,193,9202,0x0000
overworld,0437,R10PC0102(H484),2,2,336,NORMAL,193,9201,0x0000
overworld,0438,T08PC0102(H485),0,0,286,NORMAL,811,9203,0x0000
overworld,0438,T08PC0102(H485),1,1,336,NORMAL,811,9202,0x0000
overworld,0438,T08PC0102(H485),2,2,336,NORMAL,811,9201,0x0000
overworld,0439,LUGIA DEN 02(H38); D40R0106(H486),0,0,87,NORMAL,139,7050,0x0493
overworld,0441,R10R0202(H489),0,0,34,NORMAL,196,1,0x0000
overworld,0441,R10R0202(H489),1,1,338,NORMAL,196,3,0x0000
overworld,0441,R10R0202(H489),2,2,338,NORMAL,196,2,0x0000
overworld,0441,R10R0202(H489),3,3,34,NORMAL,196,4,0x0000
overworld,0441,R10R0202(H489),4,4,338,NORMAL,196,6,0x0000
overworld,0441,R10R0202(H489),5,5,338,NORMAL,196,5,0x0000
overworld,0441,R10R0202(H489),6,6,332,NORMAL,196,7,0x0000
overworld,0442,ICE PATH C2(H292); D24R0216(H490),0,0,84,NORMAL,53,10002,0x01EA
overworld,0442,ICE PATH C2(H292); D24R0216(H490),1,1,84,NORMAL,53,10002,0x01EB
overworld,0442,ICE PATH C2(H292); D24R0216(H490),2,2,84,NORMAL,53,10002,0x01EC
overworld,0442,ICE PATH C2(H292); D24R0216(H490),3,3,84,NORMAL,53,10002,0x01ED
overworld,0442,ICE PATH C2(H292); D24R0216(H490),4,4,84,NORMAL,53,10002,0x0000
overworld,0442,ICE PATH C2(H292); D24R0216(H490),5,5,87,NORMAL,53,7156,0x04B9
overworld,0443,ICE PATH C3(H293); D24R0217(H491),0,0,84,NORMAL,54,3,0x01EE
overworld,0443,ICE PATH C3(H293); D24R0217(H491),1,1,84,NORMAL,54,3,0x01EF
overworld,0443,ICE PATH C3(H293); D24R0217(H491),2,2,84,NORMAL,54,3,0x01F0
overworld,0443,ICE PATH C3(H293); D24R0217(H491),3,3,84,NORMAL,54,3,0x01F1
overworld,0443,ICE PATH C3(H293); D24R0217(H491),4,4,87,NORMAL,54,7155,0x0456
overworld,0443,ICE PATH C3(H293); D24R0217(H491),5,5,87,NORMAL,54,7152,0x04B6
overworld,0443,ICE PATH C3(H293); D24R0217(H491),6,6,87,NORMAL,54,7153,0x04B7
overworld,0443,ICE PATH C3(H293); D24R0217(H491),7,0,85,NORMAL,54,10001,0x0010
overworld,0443,ICE PATH C3(H293); D24R0217(H491),8,1,87,NORMAL,54,7154,0x04B8
overworld,0443,ICE PATH C3(H293); D24R0217(H491),9,7,68,TRAINER,54,3434,0x0000
overworld,0443,ICE PATH C3(H293); D24R0217(H491),10,8,69,TRAINER,54,3433,0x0000
overworld,0443,ICE PATH C3(H293); D24R0217(H491),11,9,69,TRAINER,54,3435,0x0000
overworld,0443,ICE PATH C3(H293); D24R0217(H491),12,10,69,TRAINER,54,3436,0x0000
overworld,0444,D24R0218(H492),0,0,85,NORMAL,55,10001,0x0010
overworld,0444,D24R0218(H492),1,1,87,NORMAL,55,7154,0x04B8
overworld,0445,R07R0101(H493),0,0,394,NORMAL,187,1,0x0000
overworld,0446,T05PC0102(H494),0,0,286,NORMAL,770,9203,0x0000
overworld,0446,T05PC0102(H494),1,1,336,NORMAL,770,9202,0x0000
overworld,0446,T05PC0102(H494),2,2,336,NORMAL,770,9201,0x0000
overworld,0447,T04PC0102(H495),0,0,286,NORMAL,762,9203,0x0000
overworld,0447,T04PC0102(H495),1,1,336,NORMAL,762,9202,0x0000
overworld,0447,T04PC0102(H495),2,2,336,NORMAL,762,9201,0x0000
overworld,0448,,0,0,324,TRAINER,,3680,0x02F6
overworld,0448,,1,1,324,TRAINER,,3681,0x0000
overworld,0448,,2,2,327,TRAINER,,3682,0x0000
overworld,0448,,3,3,327,TRAINER,,3683,0x0000
overworld,0448,,4,4,168,NORMAL,,2,0x0000
overworld,0448,,5,5,375,NORMAL,,1,0x02F6
overworld,0448,,6,6,324,TRAINER,,5683,0x0000
overworld,0449,DALI 10 HS53(H310),0,0,328,NORMAL,746,1,0x0000
overworld,0449,DALI 10 HS53(H310),1,1,319,NORMAL,746,2,0x0000
overworld,0449,DALI 10 HS53(H310),2,2,996,NORMAL,746,4,0x0000
overworld,0449,DALI 10 HS53(H310),3,3,997,NORMAL,746,3,0x0000
overworld,0450,,0,0,427,NORMAL,,1,0x0000
overworld,0450,,1,1,324,NORMAL,,2,0x0000
overworld,0450,,2,2,146,NORMAL,,4,0x0000
overworld,0450,,3,3,341,NORMAL,,5,0x0000
overworld,0450,,4,4,327,NORMAL,,3,0x0000
overworld,0450,,5,5,183,NORMAL,,8,0x0000
overworld,0451,,0,0,427,NORMAL,,0,0x0000
overworld,0451,,1,1,324,NORMAL,,10351,0x0000
overworld,0451,,2,2,102,NORMAL,,10352,0x028D
overworld,0451,,3,3,103,NORMAL,,10353,0x028E
overworld,0451,,4,4,104,NORMAL,,10354,0x028F
overworld,0451,,5,5,105,NORMAL,,10355,0x0290
overworld,0451,,6,6,106,NORMAL,,10356,0x0291
overworld,0451,,7,7,107,NORMAL,,10357,0x0292
overworld,0451,,8,8,108,NORMAL,,10358,0x0293
overworld,0451,,9,9,109,NORMAL,,10359,0x0294
overworld,0451,,10,10,110,NORMAL,,10360,0x0295
overworld,0451,,11,11,111,NORMAL,,10361,0x0296
overworld,0452,,0,0,334,NORMAL,,1,0x0000
overworld,0452,,1,1,334,NORMAL,,2,0x0000
overworld,0452,,2,2,324,NORMAL,,4,0x0000
overworld,0452,,3,3,319,NORMAL,,3,0x0000
overworld,0452,,4,4,299,NORMAL,,10202,0x02A8
overworld,0452,,5,5,193,NORMAL,,10201,0x02A7
overworld,0453,,0,0,335,NORMAL,,1,0x0000
overworld,0453,,1,1,336,NORMAL,,9017,0x0000
overworld,0453,,2,2,336,NORMAL,,9003,0x0000
overworld,0453,,3,3,336,NORMAL,,9001,0x0000
overworld,0453,,4,4,315,NORMAL,,4,0x0000
overworld,0453,,5,5,327,NORMAL,,3,0x0000
overworld,0453,,6,6,324,NORMAL,,2,0x0000
overworld,0454,,0,0,286,NORMAL,,9203,0x0000
overworld,0454,,1,1,336,NORMAL,,9202,0x0000
overworld,0454,,2,2,336,NORMAL,,9201,0x0000
overworld,0455,,0,0,393,NORMAL,,1,0x0000
overworld,0456,,0,0,392,NORMAL,,1,0x0000
overworld,0457,,0,0,366,NORMAL,,1,0x0000
overworld,0457,,1,1,29,NORMAL,,2,0x0000
overworld,0457,,2,2,29,NORMAL,,3,0x0000
overworld,0457,,3,3,29,NORMAL,,4,0x0000
overworld,0457,,4,4,87,NORMAL,,0,0x0300
overworld,0457,,5,5,87,NORMAL,,0,0x02FF
overworld,0457,,6,6,87,NORMAL,,0,0x02FE
overworld,0460,,0,0,335,NORMAL,,1,0x0000
overworld,0460,,1,1,336,NORMAL,,9017,0x0000
overworld,0460,,2,2,336,NORMAL,,9003,0x0000
overworld,0460,,3,3,336,NORMAL,,9001,0x0000
overworld,0460,,4,4,348,NORMAL,,3,0x0000
overworld,0460,,5,5,327,NORMAL,,2,0x0000
overworld,0461,,0,0,286,NORMAL,,9203,0x0000
overworld,0461,,1,1,336,NORMAL,,9202,0x0000
overworld,0461,,2,2,336,NORMAL,,9201,0x0000
overworld,0462,DALI 10 HS54(H311),0,0,319,NORMAL,224,1,0x0000
overworld,0462,DALI 10 HS54(H311),1,1,998,NORMAL,224,2,0x0000
overworld,0463,,0,0,335,NORMAL,,1,0x0000
overworld,0463,,1,1,336,NORMAL,,9017,0x0000
overworld,0463,,2,2,336,NORMAL,,9003,0x0000
overworld,0463,,3,3,336,NORMAL,,9001,0x0000
overworld,0463,,4,4,333,NORMAL,,2,0x0000
overworld,0463,,5,5,345,NORMAL,,3,0x0000
overworld,0464,,0,0,286,NORMAL,,9203,0x0000
overworld,0464,,1,1,336,NORMAL,,9202,0x0000
overworld,0464,,2,2,336,NORMAL,,9201,0x0000
overworld,0466,,0,0,335,NORMAL,,1,0x0000
overworld,0466,,1,1,336,NORMAL,,9017,0x0000
overworld,0466,,2,2,336,NORMAL,,9003,0x0000
overworld,0466,,3,3,336,NORMAL,,9001,0x0000
overworld,0467,T31PC0102(H515),0,0,286,NORMAL,951,9203,0x0000
overworld,0467,T31PC0102(H515),1,1,336,NORMAL,951,9202,0x0000
overworld,0467,T31PC0102(H515),2,2,336,NORMAL,951,9201,0x0000
overworld,0469,R05R0401(H517),0,0,331,NORMAL,183,1,0x0000
overworld,0469,R05R0401(H517),1,1,325,NORMAL,183,2,0x0000
overworld,0470,RADE F2 LIBRY(H372); D02FS0101(H518),0,0,319,NORMAL,6,1,0x0000
overworld,0470,RADE F2 LIBRY(H372); D02FS0101(H518),1,1,330,NORMAL,6,2,0x0000
overworld,0473,D51R0101(H521),0,0,333,NORMAL,130,2,0x02DB
overworld,0474,D51R0201(H522),0,0,422,NORMAL,131,2,0x02DC
overworld,0475,D51R0301(H523),0,0,422,NORMAL,132,1,0x02DD
overworld,0475,D51R0301(H523),1,1,333,NORMAL,132,2,0x0000
overworld,0475,D51R0301(H523),2,2,330,NORMAL,132,3,0x0000
overworld,0475,D51R0301(H523),3,3,1012,NORMAL,132,4,0x0000
overworld,0476,GROUDON DEN(H334); D52R0101(H524),0,0,1044,NORMAL,133,1,0x02D0
overworld,0476,GROUDON DEN(H334); D52R0101(H524),1,1,333,NORMAL,133,0,0x02D3
overworld,0477,KYOGRE DEN(H342),0,0,1043,NORMAL,134,1,0x02D1
overworld,0477,KYOGRE DEN(H342),1,1,333,NORMAL,134,0,0x02D4
overworld,0478,SKY PILLAR 02(H345),0,0,1045,NORMAL,135,1,0x02D2
overworld,0479,RADE 23 GV13(H386),0,0,394,NORMAL,749,1,0x0000
overworld,0480,D32PC0101(H528),0,0,335,NORMAL,78,1,0x0000
overworld,0480,D32PC0101(H528),1,1,336,NORMAL,78,9017,0x0000
overworld,0480,D32PC0101(H528),2,2,336,NORMAL,78,9003,0x0000
overworld,0480,D32PC0101(H528),3,3,336,NORMAL,78,9001,0x0000
overworld,0480,D32PC0101(H528),4,4,344,NORMAL,78,2,0x0000
overworld,0480,D32PC0101(H528),5,5,316,NORMAL,78,3,0x0000
overworld,0480,D32PC0101(H528),6,6,331,NORMAL,78,4,0x0000
overworld,0481,D32PC0102(H529),0,0,286,NORMAL,79,9203,0x0000
overworld,0481,D32PC0102(H529),1,1,336,NORMAL,79,9202,0x0000
overworld,0481,D32PC0102(H529),2,2,336,NORMAL,79,9201,0x0000
overworld,0482,D32FS0101(H530),0,0,334,NORMAL,77,1,0x0000
overworld,0482,D32FS0101(H530),1,1,334,NORMAL,77,2,0x0000
overworld,0482,D32FS0101(H530),2,2,367,NORMAL,77,3,0x0000
overworld,0482,D32FS0101(H530),3,3,333,NORMAL,77,4,0x0000
overworld,0482,D32FS0101(H530),4,4,193,NORMAL,77,10201,0x02A7
overworld,0482,D32FS0101(H530),5,5,299,NORMAL,77,10202,0x02A8
overworld,0484,SKY PILLAR 01(H344); R05R0202(H532),0,1,324,TRAINER,181,3650,0x0000
overworld,0484,SKY PILLAR 01(H344); R05R0202(H532),1,2,324,TRAINER,181,3653,0x0000
overworld,0484,SKY PILLAR 01(H344); R05R0202(H532),2,3,324,TRAINER,181,3654,0x0000
overworld,0484,SKY PILLAR 01(H344); R05R0202(H532),3,4,324,TRAINER,181,3655,0x0000
overworld,0484,SKY PILLAR 01(H344); R05R0202(H532),4,5,324,TRAINER,181,3658,0x0000
overworld,0484,SKY PILLAR 01(H344); R05R0202(H532),5,6,327,TRAINER,181,3651,0x0000
overworld,0484,SKY PILLAR 01(H344); R05R0202(H532),6,7,327,TRAINER,181,3652,0x0000
overworld,0484,SKY PILLAR 01(H344); R05R0202(H532),7,8,327,TRAINER,181,3656,0x0000
overworld,0484,SKY PILLAR 01(H344); R05R0202(H532),8,9,327,TRAINER,181,3657,0x0000
overworld,0485,HOME 57 SROD(H531),0,0,347,NORMAL,200,1,0x0000
overworld,0486,D47PC0101(H534),0,0,335,NORMAL,117,1,0x0000
overworld,0486,D47PC0101(H534),1,1,336,NORMAL,117,9017,0x0000
overworld,0486,D47PC0101(H534),2,2,336,NORMAL,117,9003,0x0000
overworld,0486,D47PC0101(H534),3,3,336,NORMAL,117,9001,0x0000
overworld,0486,D47PC0101(H534),4,4,320,NORMAL,117,2,0x0000
overworld,0486,D47PC0101(H534),5,5,333,NORMAL,117,3,0x0000
overworld,0487,D47PC0102(H535),0,0,286,NORMAL,118,9203,0x0000
overworld,0487,D47PC0102(H535),1,1,336,NORMAL,118,9202,0x0000
overworld,0487,D47PC0102(H535),2,2,336,NORMAL,118,9201,0x0000
overworld,0488,MELT 05 GAME1(H112); T25SP0101(H536),0,0,386,NORMAL,910,3,0x0000
overworld,0488,MELT 05 GAME1(H112); T25SP0101(H536),1,1,341,NORMAL,910,4,0x0000
overworld,0488,MELT 05 GAME1(H112); T25SP0101(H536),2,2,341,NORMAL,910,5,0x0000
overworld,0489,MELT 06 GAME2(H113); T07SP0101(H537),0,0,386,NORMAL,806,4,0x0000
overworld,0489,MELT 06 GAME2(H113); T07SP0101(H537),1,1,168,NORMAL,806,2,0x0000
overworld,0490,T10R0801(H539),0,0,286,NORMAL,826,9203,0x0000
overworld,0490,T10R0801(H539),1,1,336,NORMAL,826,9202,0x0000
overworld,0490,T10R0801(H539),2,2,336,NORMAL,826,9201,0x0000
spawnable,0004,D17R1101(H6),0,,,HIDDENITEM,22,8125,
spawnable,0004,D17R1101(H6),1,,,HIDDENITEM,22,8126,
spawnable,0004,D17R1101(H6),2,,,HIDDENITEM,22,8128,
spawnable,0004,D17R1101(H6),3,,,HIDDENITEM,22,8127,
spawnable,0004,D17R1101(H6),4,,,HIDDENITEM,22,8129,
spawnable,0005,D18R0101(H7); BURNT TWR F1(H268),0,,,HIDDENITEM,23,8020,
spawnable,0005,D18R0101(H7); BURNT TWR F1(H268),1,,,HIDDENITEM,23,8019,
spawnable,0006,R01(H9); RT 1 AREA 1(H22),0,,,BOARD,168,3,
spawnable,0007,RT 2 AREA 1(H30); RT 2 AREA 2(H31),0,,,BOARD,169,1,
spawnable,0015,-(H74); ROCK CAVE 01(H90); ICE CAVE 01(H92); STEEL CAVE 01(H94),0,,,HIDDENITEM,199,8197,
spawnable,0015,-(H74); ROCK CAVE 01(H90); ICE CAVE 01(H92); STEEL CAVE 01(H94),1,,,BOARD,199,6,
spawnable,0015,-(H74); ROCK CAVE 01(H90); ICE CAVE 01(H92); STEEL CAVE 01(H94),2,,,BOARD,199,7,
spawnable,0021,RT 12 AREA 1(H240); RT 12 AREA 2(H261); RT 12 AREA 3(H262),0,,,BOARD,205,2,
spawnable,0024,-(H264),0,,,BOARD,212,3,
spawnable,0026,-(H263),0,,,BOARD,216,3,
spawnable,0026,-(H263),1,,,HIDDENITEM,216,8107,
spawnable,0034,PRIMAL CAVE 1(H335); -(H336); -(H337),0,,,BOARD,236,2,
spawnable,0037,ULURU 4 A1(H346); ULURU 4 A2(H347); ULURU 4 A3(H350),0,,,BOARD,243,6,
spawnable,0037,ULURU 4 A1(H346); ULURU 4 A2(H347); ULURU 4 A3(H350),1,,,BOARD,243,5,
spawnable,0037,ULURU 4 A1(H346); ULURU 4 A2(H347); ULURU 4 A3(H350),2,,,BOARD,243,4,
spawnable,0037,ULURU 4 A1(H346); ULURU 4 A2(H347); ULURU 4 A3(H350),3,,,BOARD,243,7,
spawnable,0037,ULURU 4 A1(H346); ULURU 4 A2(H347); ULURU 4 A3(H350),4,,,HIDDENITEM,243,8011,
spawnable,0038,SPEAR PLR 1(H348); SPEAR PLR 2(H349),0,,,BOARD,246,3,
spawnable,0038,SPEAR PLR 1(H348); SPEAR PLR 2(H349),1,,,BOARD,246,4,
spawnable,0042,D HQ1 F2(H68),0,,,MISC,10,3,
spawnable,0042,D HQ1 F2(H68),1,,,MISC,10,2,
spawnable,0042,D HQ1 F2(H68),2,,,MISC,10,1,
spawnable,0042,D HQ1 F2(H68),3,,,MISC,10,3,
spawnable,0042,D HQ1 F2(H68),4,,,MISC,10,2,
spawnable,0042,D HQ1 F2(H68),5,,,MISC,10,1,
spawnable,0046,HAMPELL TOWN(H23),0,,,BOARD,735,6,
spawnable,0046,HAMPELL TOWN(H23),1,,,BOARD,735,4,
spawnable,0046,HAMPELL TOWN(H23),2,,,BOARD,735,5,
spawnable,0046,HAMPELL TOWN(H23),3,,,BOARD,735,3,
spawnable,0049,D HQ1 F3(H69),0,,,MISC,11,2,
spawnable,0049,D HQ1 F3(H69),1,,,MISC,11,3,
spawnable,0049,D HQ1 F3(H69),2,,,MISC,11,8,
spawnable,0049,D HQ1 F3(H69),3,,,MISC,11,2,
spawnable,0049,D HQ1 F3(H69),4,,,MISC,11,3,
spawnable,0049,D HQ1 F3(H69),5,,,MISC,11,8,
spawnable,0050,D HQ1 F4(H70),0,,,MISC,15,2,
spawnable,0050,D HQ1 F4(H70),1,,,MISC,15,3,
spawnable,0051,D HQ1 F5(H71),0,,,MISC,16,2,
spawnable,0051,D HQ1 F5(H71),1,,,MISC,16,4,
spawnable,0058,MAUN 09 LAB01(H19),0,,,MISC,843,6,
spawnable,0058,MAUN 09 LAB01(H19),1,,,MISC,843,6,
spawnable,0058,MAUN 09 LAB01(H19),2,,,MISC,843,7,
spawnable,0058,MAUN 09 LAB01(H19),3,,,MISC,843,7,
spawnable,0058,MAUN 09 LAB01(H19),4,,,MISC,843,8,
spawnable,0058,MAUN 09 LAB01(H19),5,,,MISC,843,8,
spawnable,0058,MAUN 09 LAB01(H19),6,,,MISC,843,9,
spawnable,0058,MAUN 09 LAB01(H19),7,,,MISC,843,9,
spawnable,0058,MAUN 09 LAB01(H19),8,,,MISC,843,10,
spawnable,0058,MAUN 09 LAB01(H19),9,,,MISC,843,13,
spawnable,0058,MAUN 09 LAB01(H19),10,,,MISC,843,14,
spawnable,0060,MAUN 01 MUM(H11),0,,,MISC,845,3,
spawnable,0060,MAUN 01 MUM(H11),1,,,MISC,845,3,
spawnable,0060,MAUN 01 MUM(H11),2,,,MISC,845,5,
spawnable,0060,MAUN 01 MUM(H11),3,,,MISC,845,4,
spawnable,0060,MAUN 01 MUM(H11),4,,,MISC,845,6,
spawnable,0061,MAUN 02 PROT(H12),0,,,MISC,846,1,
spawnable,0061,MAUN 02 PROT(H12),1,,,MISC,846,2,
spawnable,0066,HAMP 01 PC01(H24),0,,,MISC,852,0,
spawnable,0077,TROO 05 GYM08(H414),0,,,MISC,922,6,
spawnable,0077,TROO 05 GYM08(H414),1,,,MISC,922,6,
spawnable,0078,LOBA 01 PC02(H57),0,,,MISC,923,0,
spawnable,0093,,0,,,BOARD,,2,
spawnable,0093,,1,,,BOARD,,3,
spawnable,0093,,2,,,BOARD,,4,
spawnable,0093,,3,,,HIDDENITEM,,8034,
spawnable,0093,,4,,,HIDDENITEM,,8035,
spawnable,0096,NAVEL WEST 01(H32),0,,,HIDDENITEM,56,8154,
spawnable,0096,NAVEL WEST 01(H32),1,,,HIDDENITEM,56,8151,
spawnable,0096,NAVEL WEST 01(H32),2,,,HIDDENITEM,56,8152,
spawnable,0099,,0,,,MISC,,7,
spawnable,0099,,1,,,MISC,,7,
spawnable,0099,,2,,,MISC,,7,
spawnable,0099,,3,,,MISC,,8,
spawnable,0099,,4,,,MISC,,8,
spawnable,0103,WELL CAVE F3(H147),0,,,HIDDENITEM,5,8056,
spawnable,0103,WELL CAVE F3(H147),1,,,HIDDENITEM,5,8224,
spawnable,0105,,0,,,HIDDENITEM,,8060,
spawnable,0105,,1,,,HIDDENITEM,,8059,
spawnable,0109,A HQ1 F1(H61); -(H76); -(H77); -(H192); -(H193); -(H194); -(H195),0,,,MISC,29,7,
spawnable,0109,A HQ1 F1(H61); -(H76); -(H77); -(H192); -(H193); -(H194); -(H195),1,,,MISC,29,8,
spawnable,0109,A HQ1 F1(H61); -(H76); -(H77); -(H192); -(H193); -(H194); -(H195),2,,,MISC,29,7,
spawnable,0109,A HQ1 F1(H61); -(H76); -(H77); -(H192); -(H193); -(H194); -(H195),3,,,MISC,29,8,
spawnable,0111,WELL CAVE F1(H145),0,,,HIDDENITEM,59,8027,
spawnable,0113,,0,,,MISC,,10,
spawnable,0116,,0,,,HIDDENITEM,,8043,
spawnable,0116,,1,,,HIDDENITEM,,8044,
spawnable,0118,,0,,,HIDDENITEM,,8073,
spawnable,0119,,0,,,HIDDENITEM,,8076,
spawnable,0119,,1,,,HIDDENITEM,,8077,
spawnable,0119,,2,,,HIDDENITEM,,8201,
spawnable,0121,,0,,,HIDDENITEM,,8080,
spawnable,0121,,1,,,HIDDENITEM,,8079,
spawnable,0131,RADE 05 GYM07(H360),0,,,MISC,859,4,
spawnable,0131,RADE 05 GYM07(H360),1,,,MISC,859,4,
spawnable,0132,,0,,,MISC,,2,
spawnable,0132,,1,,,MISC,,2,
spawnable,0133,LOBA 04 GYM01(H60),0,,,MISC,886,3,
spawnable,0133,LOBA 04 GYM01(H60),1,,,MISC,886,4,
spawnable,0135,MELT 04 GYM02(H111),0,,,MISC,877,3,
spawnable,0135,MELT 04 GYM02(H111),1,,,MISC,877,4,
spawnable,0135,MELT 04 GYM02(H111),2,,,MISC,877,4,
spawnable,0137,BAIR 04 GYM05(H254),0,,,MISC,943,6,
spawnable,0137,BAIR 04 GYM05(H254),1,,,MISC,943,6,
spawnable,0141,,0,,,HIDDENITEM,,8093,
spawnable,0141,,1,,,HIDDENITEM,,8094,
spawnable,0141,,2,,,HIDDENITEM,,8095,
spawnable,0142,,0,,,HIDDENITEM,,8088,
spawnable,0143,,0,,,HIDDENITEM,,8085,
spawnable,0143,,1,,,HIDDENITEM,,8087,
spawnable,0143,,2,,,HIDDENITEM,,8216,
spawnable,0143,,3,,,HIDDENITEM,,8217,
spawnable,0143,,4,,,HIDDENITEM,,8218,
spawnable,0143,,5,,,HIDDENITEM,,8219,
spawnable,0143,,6,,,HIDDENITEM,,8220,
spawnable,0146,,0,,,HIDDENITEM,,8039,
spawnable,0146,,1,,,HIDDENITEM,,8040,
spawnable,0147,,0,,,BOARD,,3,
spawnable,0148,NAVEL WEST 02(H33),0,,,HIDDENITEM,57,8153,
spawnable,0148,NAVEL WEST 02(H33),1,,,HIDDENITEM,57,8155,
spawnable,0153,MELT 01 PC03(H108),0,,,MISC,860,0,
spawnable,0154,LOBA 06 SCHOO(H80),0,,,MISC,862,2,
spawnable,0154,LOBA 06 SCHOO(H80),1,,,MISC,862,2,
spawnable,0154,LOBA 06 SCHOO(H80),2,,,MISC,862,2,
spawnable,0154,LOBA 06 SCHOO(H80),3,,,MISC,862,3,
spawnable,0158,,0,,,MISC,,5,
spawnable,0158,,1,,,MISC,,7,
spawnable,0160,DANB 02 PC04(H138),0,,,MISC,870,0,
spawnable,0163,SYDT 02 PC05(H165),0,,,MISC,233,0,
spawnable,0167,,0,,,MISC,,6,
spawnable,0169,,0,,,HIDDENITEM,,8014,
spawnable,0169,,1,,,HIDDENITEM,,8015,
spawnable,0170,WELL CAVE F2(H146),0,,,HIDDENITEM,60,8028,
spawnable,0170,WELL CAVE F2(H146),1,,,HIDDENITEM,60,8029,
spawnable,0172,,0,,,HIDDENITEM,,8187,
spawnable,0172,,1,,,HIDDENITEM,,8188,
spawnable,0173,,0,,,MISC,,15,
spawnable,0173,,1,,,MISC,,15,
spawnable,0173,,2,,,MISC,,15,
spawnable,0173,,3,,,MISC,,16,
spawnable,0175,MELT 08 BIKE(H115),0,,,MISC,890,2,
spawnable,0175,MELT 08 BIKE(H115),1,,,MISC,890,2,
spawnable,0175,MELT 08 BIKE(H115),2,,,MISC,890,2,
spawnable,0175,MELT 08 BIKE(H115),3,,,MISC,890,2,
spawnable,0175,MELT 08 BIKE(H115),4,,,MISC,890,2,
spawnable,0175,MELT 08 BIKE(H115),5,,,MISC,890,2,
spawnable,0175,MELT 08 BIKE(H115),6,,,MISC,890,2,
spawnable,0175,MELT 08 BIKE(H115),7,,,MISC,890,2,
spawnable,0175,MELT 08 BIKE(H115),8,,,MISC,890,2,
spawnable,0175,MELT 08 BIKE(H115),9,,,MISC,890,2,
spawnable,0175,MELT 08 BIKE(H115),10,,,MISC,890,2,
spawnable,0175,MELT 08 BIKE(H115),11,,,MISC,890,2,
spawnable,0175,MELT 08 BIKE(H115),12,,,MISC,890,2,
spawnable,0175,MELT 08 BIKE(H115),13,,,MISC,890,2,
spawnable,0175,MELT 08 BIKE(H115),14,,,MISC,890,2,
spawnable,0175,MELT 08 BIKE(H115),15,,,MISC,890,2,
spawnable,0176,,0,,,MISC,,13,
spawnable,0176,,1,,,MISC,,12,
spawnable,0176,,2,,,MISC,,11,
spawnable,0176,,3,,,MISC,,26,
spawnable,0176,,4,,,MISC,,24,
spawnable,0176,,5,,,MISC,,19,
spawnable,0176,,6,,,MISC,,18,
spawnable,0176,,7,,,MISC,,17,
spawnable,0176,,8,,,MISC,,16,
spawnable,0176,,9,,,MISC,,20,
spawnable,0176,,10,,,MISC,,15,
spawnable,0176,,11,,,MISC,,14,
spawnable,0176,,12,,,MISC,,25,
spawnable,0176,,13,,,MISC,,23,
spawnable,0176,,14,,,MISC,,22,
spawnable,0176,,15,,,MISC,,21,
spawnable,0176,,16,,,MISC,,27,
spawnable,0176,,17,,,MISC,,28,
spawnable,0176,,18,,,MISC,,29,
spawnable,0176,,19,,,MISC,,30,
spawnable,0176,,20,,,MISC,,31,
spawnable,0176,,21,,,MISC,,32,
spawnable,0178,BAIR 01 PC07(H251),0,,,MISC,887,0,
spawnable,0179,A HQ1 F2(H62),0,,,MISC,30,3,
spawnable,0179,A HQ1 F2(H62),1,,,MISC,30,2,
spawnable,0179,A HQ1 F2(H62),2,,,MISC,30,1,
spawnable,0179,A HQ1 F2(H62),3,,,MISC,30,3,
spawnable,0179,A HQ1 F2(H62),4,,,MISC,30,2,
spawnable,0179,A HQ1 F2(H62),5,,,MISC,30,1,
spawnable,0180,A HQ1 F3(H63),0,,,MISC,31,2,
spawnable,0180,A HQ1 F3(H63),1,,,MISC,31,3,
spawnable,0180,A HQ1 F3(H63),2,,,MISC,31,8,
spawnable,0180,A HQ1 F3(H63),3,,,MISC,31,2,
spawnable,0180,A HQ1 F3(H63),4,,,MISC,31,3,
spawnable,0180,A HQ1 F3(H63),5,,,MISC,31,8,
spawnable,0181,A HQ1 F4(H64),0,,,MISC,32,2,
spawnable,0181,A HQ1 F4(H64),1,,,MISC,32,3,
spawnable,0182,A HQ1 F5(H65),0,,,MISC,33,2,
spawnable,0182,A HQ1 F5(H65),1,,,MISC,33,4,
spawnable,0184,DEPART 1 F1(H168),0,,,MISC,899,5,
spawnable,0185,DEPART 1 F2(H169),0,,,MISC,900,6,
spawnable,0186,DEPART 1 F3(H170),0,,,MISC,901,4,
spawnable,0187,DEPART 1 F4(H171),0,,,MISC,902,5,
spawnable,0188,DEPART 1 F5(H172),0,,,MISC,903,5,
spawnable,0189,DEPART 1 F6(H173),0,,,MISC,904,3,
spawnable,0189,DEPART 1 F6(H173),1,,,MISC,904,4,
spawnable,0189,DEPART 1 F6(H173),2,,,MISC,904,4,
spawnable,0189,DEPART 1 F6(H173),3,,,MISC,904,4,
spawnable,0190,,0,,,MISC,,8,
spawnable,0192,,0,,,MISC,,8,
spawnable,0192,,1,,,MISC,,13,
spawnable,0192,,2,,,MISC,,14,
spawnable,0192,,3,,,MISC,,15,
spawnable,0192,,4,,,MISC,,16,
spawnable,0192,,5,,,MISC,,17,
spawnable,0192,,6,,,MISC,,18,
spawnable,0192,,7,,,MISC,,19,
spawnable,0192,,8,,,MISC,,20,
spawnable,0192,,9,,,MISC,,21,
spawnable,0192,,10,,,MISC,,22,
spawnable,0192,,11,,,MISC,,23,
spawnable,0193,DEPART 1 B1(H174),0,,,HIDDENITEM,95,8052,
spawnable,0193,DEPART 1 B1(H174),1,,,HIDDENITEM,95,8053,
spawnable,0193,DEPART 1 B1(H174),2,,,HIDDENITEM,95,8067,
spawnable,0194,,0,,,MISC,,1,
spawnable,0194,,1,,,MISC,,2,
spawnable,0194,,2,,,MISC,,3,
spawnable,0194,,3,,,MISC,,4,
spawnable,0195,,0,,,HIDDENITEM,,8068,
spawnable,0195,,1,,,HIDDENITEM,,8069,
spawnable,0200,GLOBAL TWR F1(H176),0,,,MISC,907,2015,
spawnable,0200,GLOBAL TWR F1(H176),1,,,MISC,907,2015,
spawnable,0200,GLOBAL TWR F1(H176),2,,,MISC,907,12,
spawnable,0200,GLOBAL TWR F1(H176),3,,,MISC,907,12,
spawnable,0200,GLOBAL TWR F1(H176),4,,,MISC,907,13,
spawnable,0200,GLOBAL TWR F1(H176),5,,,MISC,907,13,
spawnable,0200,GLOBAL TWR F1(H176),6,,,MISC,907,12,
spawnable,0200,GLOBAL TWR F1(H176),7,,,MISC,907,12,
spawnable,0200,GLOBAL TWR F1(H176),8,,,MISC,907,13,
spawnable,0200,GLOBAL TWR F1(H176),9,,,MISC,907,13,
spawnable,0200,GLOBAL TWR F1(H176),10,,,MISC,907,18,
spawnable,0204,BURNT TWR F2(H269),0,,,HIDDENITEM,24,8021,
spawnable,0204,BURNT TWR F2(H269),1,,,HIDDENITEM,24,8065,
spawnable,0208,LIGHT H 01 F4(H215),0,,,HIDDENITEM,139,8066,
spawnable,0212,SHED 01 PC08(H280),0,,,MISC,914,0,
spawnable,0222,DALI 01 PC09(H300),0,,,MISC,878,0,
spawnable,0228,,0,,,HIDDENITEM,,8074,
spawnable,0228,,1,,,HIDDENITEM,,8191,
spawnable,0228,,2,,,HIDDENITEM,,8192,
spawnable,0228,,3,,,HIDDENITEM,,8193,
spawnable,0229,NAVEL WEST 05(H36); SPARK ROAR C(H131),0,,,HIDDENITEM,103,8075,
spawnable,0232,DALI 02 PCR09(H301); RADE 02 PC10(H357),0,,,MISC,935,0,
spawnable,0233,,0,,,MISC,,5,
spawnable,0233,,1,,,HIDDENITEM,,8051,
spawnable,0234,,0,,,MISC,,11,
spawnable,0234,,1,,,MISC,,11,
spawnable,0234,,2,,,MISC,,11,
spawnable,0234,,3,,,MISC,,11,
spawnable,0234,,4,,,MISC,,11,
spawnable,0234,,5,,,MISC,,11,
spawnable,0234,,6,,,HIDDENITEM,,8054,
spawnable,0234,,7,,,HIDDENITEM,,8055,
spawnable,0236,,0,,,HIDDENITEM,,8045,
spawnable,0236,,1,,,HIDDENITEM,,8046,
spawnable,0236,,2,,,HIDDENITEM,,8140,
spawnable,0236,,3,,,HIDDENITEM,,8141,
spawnable,0236,,4,,,HIDDENITEM,,8142,
spawnable,0237,,0,,,HIDDENITEM,,8047,
spawnable,0237,,1,,,HIDDENITEM,,8048,
spawnable,0237,,2,,,HIDDENITEM,,8143,
spawnable,0237,,3,,,HIDDENITEM,,8144,
spawnable,0238,REGIDRACO DEN(H132),0,,,HIDDENITEM,98,8049,
spawnable,0238,REGIDRACO DEN(H132),1,,,HIDDENITEM,98,8050,
spawnable,0239,REGIELECT DEN(H133),0,,,HIDDENITEM,111,8081,
spawnable,0239,REGIELECT DEN(H133),1,,,HIDDENITEM,111,8083,
spawnable,0239,REGIELECT DEN(H133),2,,,HIDDENITEM,111,8082,
spawnable,0239,REGIELECT DEN(H133),3,,,BOARD,111,6,
spawnable,0240,,0,,,MISC,,10450,
spawnable,0240,,1,,,MISC,,12,
spawnable,0240,,2,,,MISC,,13,
spawnable,0243,,0,,,MISC,,31,
spawnable,0243,,1,,,MISC,,32,
spawnable,0243,,2,,,MISC,,31,
spawnable,0243,,3,,,MISC,,31,
spawnable,0243,,4,,,MISC,,31,
spawnable,0243,,5,,,MISC,,32,
spawnable,0243,,6,,,MISC,,32,
spawnable,0243,,7,,,MISC,,32,
spawnable,0243,,8,,,MISC,,33,
spawnable,0243,,9,,,MISC,,33,
spawnable,0243,,10,,,MISC,,33,
spawnable,0243,,11,,,MISC,,33,
spawnable,0243,,12,,,MISC,,33,
spawnable,0243,,13,,,MISC,,33,
spawnable,0243,,14,,,MISC,,33,
spawnable,0243,,15,,,MISC,,33,
spawnable,0243,,16,,,MISC,,33,
spawnable,0243,,17,,,MISC,,33,
spawnable,0243,,18,,,MISC,,33,
spawnable,0243,,19,,,MISC,,33,
spawnable,0243,,20,,,BOARD,,26,
spawnable,0243,,21,,,BOARD,,30,
spawnable,0243,,22,,,BOARD,,27,
spawnable,0243,,23,,,BOARD,,28,
spawnable,0243,,24,,,BOARD,,29,
spawnable,0246,,0,,,MISC,,10452,
spawnable,0247,,0,,,MISC,,10453,
spawnable,0248,,0,,,MISC,,10454,
spawnable,0249,,0,,,MISC,,10455,
spawnable,0251,,0,,,HIDDENITEM,,8159,
spawnable,0251,,1,,,HIDDENITEM,,8160,
spawnable,0251,,2,,,MISC,,20,
spawnable,0251,,3,,,MISC,,21,
spawnable,0251,,4,,,MISC,,22,
spawnable,0251,,5,,,BOARD,,23,
spawnable,0251,,6,,,BOARD,,24,
spawnable,0255,,0,,,MISC,,8,
spawnable,0255,,1,,,MISC,,8,
spawnable,0255,,2,,,MISC,,8,
spawnable,0255,,3,,,MISC,,8,
spawnable,0255,,4,,,MISC,,8,
spawnable,0255,,5,,,MISC,,9,
spawnable,0255,,6,,,MISC,,10,
spawnable,0255,,7,,,MISC,,9,
spawnable,0255,,8,,,MISC,,9,
spawnable,0255,,9,,,MISC,,11,
spawnable,0255,,10,,,MISC,,14,
spawnable,0256,,0,,,MISC,,9,
spawnable,0256,,1,,,MISC,,9,
spawnable,0256,,2,,,MISC,,10,
spawnable,0256,,3,,,MISC,,10,
spawnable,0256,,4,,,MISC,,11,
spawnable,0256,,5,,,MISC,,11,
spawnable,0256,,6,,,MISC,,10,
spawnable,0256,,7,,,MISC,,8,
spawnable,0256,,8,,,MISC,,8,
spawnable,0256,,9,,,MISC,,8,
spawnable,0256,,10,,,MISC,,8,
spawnable,0256,,11,,,MISC,,8,
spawnable,0256,,12,,,MISC,,14,
spawnable,0257,,0,,,MISC,,6,
spawnable,0257,,1,,,MISC,,7,
spawnable,0257,,2,,,MISC,,7,
spawnable,0257,,3,,,MISC,,5,
spawnable,0257,,4,,,MISC,,5,
spawnable,0257,,5,,,MISC,,5,
spawnable,0258,,0,,,MISC,,2,
spawnable,0258,,1,,,MISC,,3,
spawnable,0258,,2,,,MISC,,4,
spawnable,0258,,3,,,MISC,,5,
spawnable,0264,TROO 02 PC11(H411),0,,,MISC,944,0,
spawnable,0268,RT 9 HS32(H245),0,,,MISC,220,1,
spawnable,0269,,0,,,MISC,,4,
spawnable,0271,,0,,,MISC,,8,
spawnable,0271,,1,,,MISC,,0,
spawnable,0296,,0,,,MISC,,2,
spawnable,0296,,1,,,MISC,,2,
spawnable,0296,,2,,,MISC,,2,
spawnable,0296,,3,,,MISC,,2,
spawnable,0301,SYDT DOCK 02(H230),0,,,HIDDENITEM,153,8086,
spawnable,0301,SYDT DOCK 02(H230),1,,,HIDDENITEM,153,8158,
spawnable,0304,,0,,,HIDDENITEM,,8062,
spawnable,0306,,0,,,HIDDENITEM,,8063,
spawnable,0309,,0,,,HIDDENITEM,,8064,
spawnable,0315,,0,,,MISC,,0,
spawnable,0319,,0,,,MISC,,7,
spawnable,0319,,1,,,MISC,,6,
spawnable,0319,,2,,,MISC,,8,
spawnable,0322,DALI 04 GYM06(H303),0,,,MISC,778,1,
spawnable,0322,DALI 04 GYM06(H303),1,,,MISC,778,2,
spawnable,0322,DALI 04 GYM06(H303),2,,,MISC,778,3,
spawnable,0322,DALI 04 GYM06(H303),3,,,MISC,778,4,
spawnable,0322,DALI 04 GYM06(H303),4,,,MISC,778,5,
spawnable,0322,DALI 04 GYM06(H303),5,,,MISC,778,6,
spawnable,0322,DALI 04 GYM06(H303),6,,,MISC,778,7,
spawnable,0322,DALI 04 GYM06(H303),7,,,MISC,778,8,
spawnable,0322,DALI 04 GYM06(H303),8,,,MISC,778,9,
spawnable,0322,DALI 04 GYM06(H303),9,,,MISC,778,10,
spawnable,0322,DALI 04 GYM06(H303),10,,,MISC,778,11,
spawnable,0322,DALI 04 GYM06(H303),11,,,MISC,778,12,
spawnable,0322,DALI 04 GYM06(H303),12,,,MISC,778,13,
spawnable,0322,DALI 04 GYM06(H303),13,,,MISC,778,14,
spawnable,0322,DALI 04 GYM06(H303),14,,,MISC,778,15,
spawnable,0322,DALI 04 GYM06(H303),15,,,MISC,778,26,
spawnable,0322,DALI 04 GYM06(H303),16,,,MISC,778,26,
spawnable,0327,DEPART 2 F1(H447),0,,,MISC,789,4,
spawnable,0328,DEPART 2 F2(H448),0,,,MISC,790,5,
spawnable,0329,DEPART 2 F3(H449),0,,,MISC,791,6,
spawnable,0330,DEPART 2 F4(H450),0,,,MISC,792,4,
spawnable,0331,DEPART 2 F5(H451),0,,,MISC,793,6,
spawnable,0332,DEPART 2 F6(H452),0,,,MISC,794,3,
spawnable,0332,DEPART 2 F6(H452),1,,,MISC,794,4,
spawnable,0332,DEPART 2 F6(H452),2,,,MISC,794,4,
spawnable,0332,DEPART 2 F6(H452),3,,,MISC,794,4,
spawnable,0333,HOTEL 1 F1(H205),0,,,MISC,796,5,
spawnable,0334,HOTEL 1 F2(H206),0,,,MISC,797,1,
spawnable,0335,,0,,,MISC,,5,
spawnable,0335,,1,,,MISC,,8,
spawnable,0335,,2,,,MISC,,8,
spawnable,0335,,3,,,MISC,,8,
spawnable,0335,,4,,,MISC,,8,
spawnable,0335,,5,,,MISC,,8,
spawnable,0335,,6,,,MISC,,8,
spawnable,0335,,7,,,MISC,,8,
spawnable,0335,,8,,,MISC,,6,
spawnable,0335,,9,,,MISC,,6,
spawnable,0335,,10,,,MISC,,7,
spawnable,0335,,11,,,MISC,,7,
spawnable,0335,,12,,,MISC,,7,
spawnable,0335,,13,,,MISC,,7,
spawnable,0335,,14,,,MISC,,14,
spawnable,0339,RADE 20 TBD(H382),0,,,MISC,804,4,
spawnable,0339,RADE 20 TBD(H382),1,,,MISC,804,5,
spawnable,0340,RADE 21 TBD(H383),0,,,MISC,805,0,
spawnable,0341,MAUN 04 RIV01(H14); RADE 22 TBD(H384),0,,,MISC,849,4,
spawnable,0341,MAUN 04 RIV01(H14); RADE 22 TBD(H384),1,,,MISC,849,5,
spawnable,0344,,0,,,HIDDENITEM,,8084,
spawnable,0345,,0,,,BOARD,,1,
spawnable,0350,,0,,,MISC,,0,
spawnable,0352,DANB 05 GYM03(H141),0,,,MISC,786,2,
spawnable,0352,DANB 05 GYM03(H141),1,,,MISC,786,2,
spawnable,0355,,0,,,MISC,,2,
spawnable,0355,,1,,,MISC,,3,
spawnable,0357,,0,,,MISC,,9,
spawnable,0359,ROTOM TOWER(H197),0,,,MISC,837,4,
spawnable,0360,ROTOM ROOM(H198),0,,,MISC,838,8,
spawnable,0360,ROTOM ROOM(H198),1,,,MISC,838,8,
spawnable,0360,ROTOM ROOM(H198),2,,,MISC,838,8,
spawnable,0360,ROTOM ROOM(H198),3,,,MISC,838,8,
spawnable,0360,ROTOM ROOM(H198),4,,,MISC,838,8,
spawnable,0362,TROO 10 HS40(H419),0,,,MISC,841,2,
spawnable,0362,TROO 10 HS40(H419),1,,,MISC,841,3,
spawnable,0362,TROO 10 HS40(H419),2,,,MISC,841,7,
spawnable,0363,,0,,,MISC,,0,
spawnable,0366,,0,,,MISC,,3,
spawnable,0366,,1,,,MISC,,3,
spawnable,0367,,0,,,HIDDENITEM,,8161,
spawnable,0367,,1,,,BOARD,,9,
spawnable,0368,GLOBAL TWR F2(H177),0,,,MISC,908,10,
spawnable,0368,GLOBAL TWR F2(H177),1,,,MISC,908,11,
spawnable,0368,GLOBAL TWR F2(H177),2,,,MISC,908,12,
spawnable,0368,GLOBAL TWR F2(H177),3,,,MISC,908,12,
spawnable,0368,GLOBAL TWR F2(H177),4,,,MISC,908,13,
spawnable,0368,GLOBAL TWR F2(H177),5,,,MISC,908,13,
spawnable,0368,GLOBAL TWR F2(H177),6,,,MISC,908,13,
spawnable,0368,GLOBAL TWR F2(H177),7,,,MISC,908,13,
spawnable,0368,GLOBAL TWR F2(H177),8,,,MISC,908,12,
spawnable,0368,GLOBAL TWR F2(H177),9,,,MISC,908,12,
spawnable,0369,GLOBAL TWR F3(H178),0,,,MISC,909,10,
spawnable,0369,GLOBAL TWR F3(H178),1,,,MISC,909,11,
spawnable,0369,GLOBAL TWR F3(H178),2,,,MISC,909,12,
spawnable,0369,GLOBAL TWR F3(H178),3,,,MISC,909,12,
spawnable,0369,GLOBAL TWR F3(H178),4,,,MISC,909,12,
spawnable,0369,GLOBAL TWR F3(H178),5,,,MISC,909,12,
spawnable,0370,,0,,,BOARD,,1,
spawnable,0382,SYDT 04 GYM04(H167),0,,,MISC,760,3,
spawnable,0382,SYDT 04 GYM04(H167),1,,,MISC,760,4,
spawnable,0383,,0,,,MISC,,0,
spawnable,0389,,0,,,MISC,,0,
spawnable,0394,,0,,,MISC,,6,
spawnable,0394,,1,,,MISC,,7,
spawnable,0404,D HQ1 F1(H67),0,,,MISC,9,7,
spawnable,0404,D HQ1 F1(H67),1,,,MISC,9,8,
spawnable,0404,D HQ1 F1(H67),2,,,MISC,9,7,
spawnable,0404,D HQ1 F1(H67),3,,,MISC,9,8,
spawnable,0405,,0,,,HIDDENITEM,,8096,
spawnable,0405,,1,,,HIDDENITEM,,8117,
spawnable,0405,,2,,,HIDDENITEM,,8118,
spawnable,0405,,3,,,HIDDENITEM,,8119,
spawnable,0405,,4,,,HIDDENITEM,,8120,
spawnable,0405,,5,,,HIDDENITEM,,8221,
spawnable,0407,,0,,,HIDDENITEM,,8061,
spawnable,0407,,1,,,HIDDENITEM,,8169,
spawnable,0409,,0,,,HIDDENITEM,,8090,
spawnable,0409,,1,,,HIDDENITEM,,8091,
spawnable,0413,D41R0102(H459),0,,,HIDDENITEM,139,8165,
spawnable,0413,D41R0102(H459),1,,,HIDDENITEM,139,8204,
spawnable,0413,D41R0102(H459),2,,,HIDDENITEM,139,8205,
spawnable,0416,D41R0105(H462),0,,,HIDDENITEM,106,8202,
spawnable,0416,D41R0105(H462),1,,,HIDDENITEM,106,8203,
spawnable,0420,R10PC0101(H466),0,,,MISC,192,0,
spawnable,0421,R10R0201(H467),0,,,MISC,195,9,
spawnable,0421,R10R0201(H467),1,,,MISC,195,8,
spawnable,0424,MELT 07 FOSSI(H114); T03R0101(H471),0,,,MISC,755,6,
spawnable,0424,MELT 07 FOSSI(H114); T03R0101(H471),1,,,MISC,755,6,
spawnable,0424,MELT 07 FOSSI(H114); T03R0101(H471),2,,,MISC,755,6,
spawnable,0424,MELT 07 FOSSI(H114); T03R0101(H471),3,,,MISC,755,6,
spawnable,0424,MELT 07 FOSSI(H114); T03R0101(H471),4,,,MISC,755,6,
spawnable,0424,MELT 07 FOSSI(H114); T03R0101(H471),5,,,MISC,755,7,
spawnable,0424,MELT 07 FOSSI(H114); T03R0101(H471),6,,,MISC,755,7,
spawnable,0424,MELT 07 FOSSI(H114); T03R0101(H471),7,,,MISC,755,7,
spawnable,0424,MELT 07 FOSSI(H114); T03R0101(H471),8,,,MISC,755,7,
spawnable,0424,MELT 07 FOSSI(H114); T03R0101(H471),9,,,MISC,755,7,
spawnable,0424,MELT 07 FOSSI(H114); T03R0101(H471),10,,,MISC,755,8,
spawnable,0424,MELT 07 FOSSI(H114); T03R0101(H471),11,,,MISC,755,8,
spawnable,0424,MELT 07 FOSSI(H114); T03R0101(H471),12,,,MISC,755,8,
spawnable,0424,MELT 07 FOSSI(H114); T03R0101(H471),13,,,MISC,755,8,
spawnable,0424,MELT 07 FOSSI(H114); T03R0101(H471),14,,,MISC,755,8,
spawnable,0424,MELT 07 FOSSI(H114); T03R0101(H471),15,,,MISC,755,9,
spawnable,0424,MELT 07 FOSSI(H114); T03R0101(H471),16,,,MISC,755,9,
spawnable,0424,MELT 07 FOSSI(H114); T03R0101(H471),17,,,MISC,755,9,
spawnable,0424,MELT 07 FOSSI(H114); T03R0101(H471),18,,,MISC,755,9,
spawnable,0424,MELT 07 FOSSI(H114); T03R0101(H471),19,,,MISC,755,9,
spawnable,0424,MELT 07 FOSSI(H114); T03R0101(H471),20,,,MISC,755,10,
spawnable,0424,MELT 07 FOSSI(H114); T03R0101(H471),21,,,MISC,755,10,
spawnable,0424,MELT 07 FOSSI(H114); T03R0101(H471),22,,,MISC,755,10,
spawnable,0424,MELT 07 FOSSI(H114); T03R0101(H471),23,,,MISC,755,10,
spawnable,0424,MELT 07 FOSSI(H114); T03R0101(H471),24,,,MISC,755,11,
spawnable,0424,MELT 07 FOSSI(H114); T03R0101(H471),25,,,MISC,755,11,
spawnable,0424,MELT 07 FOSSI(H114); T03R0101(H471),26,,,MISC,755,11,
spawnable,0424,MELT 07 FOSSI(H114); T03R0101(H471),27,,,MISC,755,11,
spawnable,0424,MELT 07 FOSSI(H114); T03R0101(H471),28,,,MISC,755,12,
spawnable,0424,MELT 07 FOSSI(H114); T03R0101(H471),29,,,MISC,755,12,
spawnable,0424,MELT 07 FOSSI(H114); T03R0101(H471),30,,,MISC,755,12,
spawnable,0424,MELT 07 FOSSI(H114); T03R0101(H471),31,,,MISC,755,12,
spawnable,0424,MELT 07 FOSSI(H114); T03R0101(H471),32,,,MISC,755,13,
spawnable,0424,MELT 07 FOSSI(H114); T03R0101(H471),33,,,MISC,755,13,
spawnable,0424,MELT 07 FOSSI(H114); T03R0101(H471),34,,,MISC,755,13,
spawnable,0424,MELT 07 FOSSI(H114); T03R0101(H471),35,,,MISC,755,13,
spawnable,0424,MELT 07 FOSSI(H114); T03R0101(H471),36,,,MISC,755,13,
spawnable,0424,MELT 07 FOSSI(H114); T03R0101(H471),37,,,MISC,755,13,
spawnable,0424,MELT 07 FOSSI(H114); T03R0101(H471),38,,,MISC,755,10,
spawnable,0424,MELT 07 FOSSI(H114); T03R0101(H471),39,,,MISC,755,10,
spawnable,0424,MELT 07 FOSSI(H114); T03R0101(H471),40,,,MISC,755,12,
spawnable,0424,MELT 07 FOSSI(H114); T03R0101(H471),41,,,MISC,755,12,
spawnable,0426,T03GYM0101(H473),0,,,MISC,752,3,
spawnable,0426,T03GYM0101(H473),1,,,MISC,752,3,
spawnable,0428,T03PC0101(H475),0,,,MISC,753,0,
spawnable,0435,T08PC0101(H482),0,,,MISC,810,0,
spawnable,0441,R10R0202(H489),0,,,MISC,196,10,
spawnable,0441,R10R0202(H489),1,,,MISC,196,9,
spawnable,0442,ICE PATH C2(H292); D24R0216(H490),0,,,HIDDENITEM,53,8228,
spawnable,0443,ICE PATH C3(H293); D24R0217(H491),0,,,HIDDENITEM,54,8071,
spawnable,0448,,0,,,MISC,,5,
spawnable,0448,,1,,,MISC,,5,
spawnable,0450,,0,,,MISC,,6,
spawnable,0450,,1,,,MISC,,7,
spawnable,0453,,0,,,MISC,,0,
spawnable,0455,,0,,,MISC,,2,
spawnable,0455,,1,,,MISC,,2,
spawnable,0457,,0,,,MISC,,6,
spawnable,0457,,1,,,MISC,,5,
spawnable,0457,,2,,,MISC,,5,
spawnable,0457,,3,,,MISC,,5,
spawnable,0457,,4,,,MISC,,5,
spawnable,0457,,5,,,MISC,,5,
spawnable,0457,,6,,,MISC,,5,
spawnable,0457,,7,,,MISC,,5,
spawnable,0457,,8,,,MISC,,5,
spawnable,0457,,9,,,MISC,,8,
spawnable,0457,,10,,,MISC,,10,
spawnable,0457,,11,,,MISC,,9,
spawnable,0457,,12,,,MISC,,5,
spawnable,0457,,13,,,MISC,,5,
spawnable,0457,,14,,,MISC,,5,
spawnable,0457,,15,,,MISC,,5,
spawnable,0458,,0,,,MISC,,1,
spawnable,0458,,1,,,MISC,,2,
spawnable,0459,,0,,,MISC,,2,
spawnable,0459,,1,,,MISC,,1,
spawnable,0460,,0,,,MISC,,0,
spawnable,0463,,0,,,MISC,,0,
spawnable,0466,,0,,,MISC,,0,
spawnable,0473,D51R0101(H521),0,,,BOARD,130,4,
spawnable,0480,D32PC0101(H528),0,,,MISC,78,0,
spawnable,0486,D47PC0101(H534),0,,,MISC,117,0,
spawnable,0488,MELT 05 GAME1(H112); T25SP0101(H536),0,,,MISC,910,1,
spawnable,0488,MELT 05 GAME1(H112); T25SP0101(H536),1,,,MISC,910,2,
spawnable,0488,MELT 05 GAME1(H112); T25SP0101(H536),2,,,MISC,910,2,
spawnable,0488,MELT 05 GAME1(H112); T25SP0101(H536),3,,,MISC,910,2,
spawnable,0488,MELT 05 GAME1(H112); T25SP0101(H536),4,,,MISC,910,2,
spawnable,0489,MELT 06 GAME2(H113); T07SP0101(H537),0,,,MISC,806,1,
spawnable,0489,MELT 06 GAME2(H113); T07SP0101(H537),1,,,MISC,806,3,
spawnable,0489,MELT 06 GAME2(H113); T07SP0101(H537),2,,,MISC,806,3,
spawnable,0489,MELT 06 GAME2(H113); T07SP0101(H537),3,,,MISC,806,3,
spawnable,0489,MELT 06 GAME2(H113); T07SP0101(H537),4,,,MISC,806,3,
trigger,0002,DIRECT2(H4),0,,,,137,9101,0x400F
trigger,0005,D18R0101(H7); BURNT TWR F1(H268),0,,,,23,1,0x40A2
trigger,0005,D18R0101(H7); BURNT TWR F1(H268),1,,,,23,4,0x40A6
trigger,0015,-(H74); ROCK CAVE 01(H90); ICE CAVE 01(H92); STEEL CAVE 01(H94),0,,,,199,1,0x4084
trigger,0019,-(H75); ICE CAVE 02(H93),0,,,,202,3,0x4086
trigger,0025,-(H265),0,,,,215,4,0x4087
trigger,0026,-(H263),0,,,,216,1,0x4088
trigger,0026,-(H263),1,,,,216,5,0x4089
trigger,0058,MAUN 09 LAB01(H19),0,,,,843,4,0x4108
trigger,0058,MAUN 09 LAB01(H19),1,,,,843,12,0x4108
trigger,0077,TROO 05 GYM08(H414),0,,,,922,3,0x4109
trigger,0077,TROO 05 GYM08(H414),1,,,,922,3,0x4109
trigger,0077,TROO 05 GYM08(H414),2,,,,922,3,0x4109
trigger,0077,TROO 05 GYM08(H414),3,,,,922,3,0x4109
trigger,0077,TROO 05 GYM08(H414),4,,,,922,3,0x4109
trigger,0077,TROO 05 GYM08(H414),5,,,,922,3,0x4109
trigger,0077,TROO 05 GYM08(H414),6,,,,922,3,0x4109
trigger,0077,TROO 05 GYM08(H414),7,,,,922,3,0x4109
trigger,0077,TROO 05 GYM08(H414),8,,,,922,3,0x4109
trigger,0077,TROO 05 GYM08(H414),9,,,,922,3,0x4109
trigger,0077,TROO 05 GYM08(H414),10,,,,922,3,0x4109
trigger,0077,TROO 05 GYM08(H414),11,,,,922,3,0x4109
trigger,0077,TROO 05 GYM08(H414),12,,,,922,3,0x4109
trigger,0077,TROO 05 GYM08(H414),13,,,,922,3,0x4109
trigger,0077,TROO 05 GYM08(H414),14,,,,922,3,0x4109
trigger,0094,MELT 13 GH01(H128),0,,,,231,1,0x4132
trigger,0099,,0,,,,,9,0x40DA
trigger,0106,ICE PATH C1(H291),0,,,,12,5,0x4100
trigger,0108,HO-OH TWR F1(H44),0,,,,19,2,0x40F3
trigger,0108,HO-OH TWR F1(H44),1,,,,19,2,0x40F3
trigger,0109,A HQ1 F1(H61); -(H76); -(H77); -(H192); -(H193); -(H194); -(H195),0,,,,29,10,0x4077
trigger,0109,A HQ1 F1(H61); -(H76); -(H77); -(H192); -(H193); -(H194); -(H195),1,,,,29,10,0x4077
trigger,0125,,0,,,,,0,0x4001
trigger,0131,RADE 05 GYM07(H360),0,,,,859,5,0x4000
trigger,0133,LOBA 04 GYM01(H60),0,,,,886,2,0x410A
trigger,0137,BAIR 04 GYM05(H254),0,,,,943,3,0x4111
trigger,0137,BAIR 04 GYM05(H254),1,,,,943,3,0x4111
trigger,0137,BAIR 04 GYM05(H254),2,,,,943,3,0x4111
trigger,0137,BAIR 04 GYM05(H254),3,,,,943,5,0x4120
trigger,0151,MOLTEN CAVERN(H126),0,,,,18,10,0
trigger,0172,,0,,,,,1,0x40C5
trigger,0172,,1,,,,,3,0x40C9
trigger,0172,,2,,,,,4,0x40C9
trigger,0172,,3,,,,,5,0x40C9
trigger,0172,,4,,,,,6,0x40C9
trigger,0172,,5,,,,,7,0x40C9
trigger,0173,,0,,,,,3,0x4000
trigger,0173,,1,,,,,4,0x4000
trigger,0173,,2,,,,,5,0x4000
trigger,0173,,3,,,,,6,0x4000
trigger,0173,,4,,,,,7,0x4000
trigger,0173,,5,,,,,8,0x4000
trigger,0173,,6,,,,,9,0x4000
trigger,0173,,7,,,,,10,0x4000
trigger,0173,,8,,,,,11,0x4000
trigger,0173,,9,,,,,12,0x4000
trigger,0173,,10,,,,,13,0x4000
trigger,0173,,11,,,,,14,0x4000
trigger,0190,,0,,,,,5,0x400A
trigger,0190,,1,,,,,3,0x400A
trigger,0190,,2,,,,,3,0x400A
trigger,0190,,3,,,,,4,0x400A
trigger,0190,,4,,,,,2,0x410B
trigger,0190,,5,,,,,4,0x400A
trigger,0192,,0,,,,,5,0x4077
trigger,0192,,1,,,,,12,0x40E7
trigger,0194,,0,,,,,5,0x40A0
trigger,0204,BURNT TWR F2(H269),0,,,,24,1,0x40A1
trigger,0209,LIGHT H 01 F5(H216),0,,,,64,1,0x40A3
trigger,0223,SANDSTONE COV(H105),0,,,,100,10,0
trigger,0224,FLORAL FISURE(H127),0,,,,101,10,0
trigger,0230,LUGIA DEN 01(H37),0,,,,104,6,0x40FA
trigger,0233,,0,,,,,1,0x40AD
trigger,0233,,1,,,,,6,0x40AE
trigger,0233,,2,,,,,7,0x40AF
trigger,0233,,3,,,,,8,0x40B0
trigger,0233,,4,,,,,9,0x40B1
trigger,0233,,5,,,,,14,0x40B2
trigger,0233,,6,,,,,15,0x40B3
trigger,0233,,7,,,,,16,0x40B4
trigger,0233,,8,,,,,17,0x40B5
trigger,0233,,9,,,,,18,0x40B6
trigger,0233,,10,,,,,19,0x40B7
trigger,0233,,11,,,,,20,0x40B8
trigger,0233,,12,,,,,21,0x40B9
trigger,0233,,13,,,,,22,0x40BA
trigger,0233,,14,,,,,23,0x40BB
trigger,0233,,15,,,,,24,0x40BC
trigger,0233,,16,,,,,25,0x40BD
trigger,0233,,17,,,,,26,0x40BE
trigger,0233,,18,,,,,27,0x40BF
trigger,0233,,19,,,,,28,0x40C0
trigger,0233,,20,,,,,29,0x40C1
trigger,0233,,21,,,,,30,0x40C2
trigger,0234,,0,,,,,4,0x40AC
trigger,0234,,1,,,,,9,0x40AC
trigger,0234,,2,,,,,10,0x40AC
trigger,0234,,3,,,,,12,0x40AC
trigger,0234,,4,,,,,13,0x40A9
trigger,0234,,5,,,,,14,0x40AC
trigger,0234,,6,,,,,15,0x40AC
trigger,0235,,0,,,,,3,0x40AC
trigger,0235,,1,,,,,4,0x40AC
trigger,0235,,2,,,,,8,0x40AC
trigger,0239,REGIELECT DEN(H133),0,,,,111,1,0x40C4
trigger,0239,REGIELECT DEN(H133),1,,,,111,5,0x40FC
trigger,0243,,0,,,,,34,0x407D
trigger,0243,,1,,,,,35,0x407D
trigger,0243,,2,,,,,36,0x407D
trigger,0243,,3,,,,,37,0x407D
trigger,0251,,0,,,,,1,0x40DB
trigger,0270,,0,,,,,1,0x4110
trigger,0270,,1,,,,,3,0x4110
trigger,0270,,2,,,,,2,0x4121
trigger,0271,,0,,,,,7,0x4119
trigger,0276,,0,,,,,1,0x40C7
trigger,0278,BOAT 01(H96),0,,,,156,5,0x40CB
trigger,0280,BOAT 03(H98),0,,,,158,2,0x4112
trigger,0290,,0,,,,,3,0x40D9
trigger,0291,,0,,,,,3,0x40D2
trigger,0296,,0,,,,,1,0x40D0
trigger,0300,BOAT 07(H102),0,,,,162,2,0x40CB
trigger,0311,HO-OH TWR TOP(H46),0,,,,21,7,0x40FA
trigger,0357,,0,,,,,5,0x411D
trigger,0366,,0,,,,,4,0x4002
trigger,0367,,0,,,,,2,0x40E5
trigger,0376,BIKE GATE 01(H258),0,,,,207,2,0x4129
trigger,0376,BIKE GATE 01(H258),1,,,,207,3,0x412A
trigger,0378,BIKE GATE 02(H260),0,,,,211,3,0x4129
trigger,0378,BIKE GATE 02(H260),1,,,,211,4,0x412A
trigger,0404,D HQ1 F1(H67),0,,,,9,10,0x4077
trigger,0404,D HQ1 F1(H67),1,,,,9,10,0x4077
trigger,0424,MELT 07 FOSSI(H114); T03R0101(H471),0,,,,755,17,0x4083
trigger,0441,R10R0202(H489),0,,,,196,8,0x411B
trigger,0442,ICE PATH C2(H292); D24R0216(H490),0,,,,53,1,0x40AA
trigger,0442,ICE PATH C2(H292); D24R0216(H490),1,,,,53,2,0x40AA
trigger,0442,ICE PATH C2(H292); D24R0216(H490),2,,,,53,3,0x40AA
trigger,0442,ICE PATH C2(H292); D24R0216(H490),3,,,,53,4,0x40AA
trigger,0448,,0,,,,,4,0x4127
trigger,0451,,0,,,,,1,0x412E
trigger,0451,,1,,,,,2,0x412E
trigger,0474,D51R0201(H522),0,,,,131,4,0x4104
trigger,0474,D51R0201(H522),1,,,,131,5,0x4104
trigger,0474,D51R0201(H522),2,,,,131,6,0x4104
