event_file,maps,index,ow_id,overlay_entry,type,movement,flag,script,orientation,sight_range,x_range,y_range,x_map,x_matrix,y_map,y_matrix,z
0001,UNION(H2),0,0,337,NORMAL,0,0x0000,8,1,0,0,0,3,0,3,0,0
0001,UNION(H2),1,1,3,NORMAL,0,0x0000,4,1,0,0,0,3,0,12,0,0
0001,UNION(H2),2,2,3,NORMAL,0,0x0000,4,1,0,0,0,11,0,9,0,0
0001,UNION(H2),3,3,3,NORMAL,0,0x0000,4,1,0,0,0,5,0,9,0,0
0001,UNION(H2),4,4,37,NORMAL,0,0x0000,4,1,0,0,0,14,0,6,0,0
0001,UNION(H2),5,5,31,NORMAL,0,0x0000,4,1,0,0,0,6,0,4,0,0
0001,UNION(H2),6,6,3,NORMAL,0,0x0000,4,1,0,0,0,13,0,12,0,0
0001,UNION(H2),7,7,3,NORMAL,0,0x0000,4,1,0,0,0,2,0,6,0,0
0001,UNION(H2),8,8,6,NORMAL,0,0x0000,4,1,0,0,0,10,0,4,0,0
0001,UNION(H2),9,9,3,NORMAL,0,0x0000,4,1,0,0,0,8,0,7,0,0
0001,UNION(H2),10,10,3,NORMAL,0,0x0000,4,1,0,0,0,8,0,11,0,0
0001,UNION(H2),11,11,3,NORMAL,0,0x0000,7,2,0,0,0,4,0,12,0,0
0001,UNION(H2),12,12,3,NORMAL,0,0x0000,7,0,0,0,0,3,0,13,0,0
0001,UNION(H2),13,13,3,NORMAL,0,0x0000,7,3,0,0,0,2,0,12,0,0
0001,UNION(H2),14,14,3,NORMAL,0,0x0000,7,1,0,0,0,3,0,11,0,0
0001,UNION(H2),15,15,3,NORMAL,0,0x0000,7,2,0,0,0,12,0,9,0,0
0001,UNION(H2),16,16,3,NORMAL,0,0x0000,7,0,0,0,0,11,0,10,0,0
0001,UNION(H2),17,17,3,NORMAL,0,0x0000,7,3,0,0,0,10,0,9,0,0
0001,UNION(H2),18,18,3,NORMAL,0,0x0000,7,1,0,0,0,11,0,8,0,0
0001,UNION(H2),19,19,3,NORMAL,0,0x0000,7,2,0,0,0,6,0,9,0,0
0001,UNION(H2),20,20,3,NORMAL,0,0x0000,7,0,0,0,0,5,0,10,0,0
0001,UNION(H2),21,21,3,NORMAL,0,0x0000,7,3,0,0,0,4,0,9,0,0
0001,UNION(H2),22,22,3,NORMAL,0,0x0000,7,1,0,0,0,5,0,8,0,0
0001,UNION(H2),23,23,14,NORMAL,0,0x0000,7,2,0,0,0,15,0,6,0,0
0001,UNION(H2),24,24,42,NORMAL,0,0x0000,7,0,0,0,0,14,0,7,0,0
0001,UNION(H2),25,25,63,NORMAL,0,0x0000,7,3,0,0,0,13,0,6,0,0
0001,UNION(H2),26,26,35,NORMAL,0,0x0000,7,1,0,0,0,14,0,5,0,0
0001,UNION(H2),27,27,5,NORMAL,0,0x0000,7,2,0,0,0,7,0,4,0,0
0001,UNION(H2),28,28,50,NORMAL,0,0x0000,7,0,0,0,0,6,0,5,0,0
0001,UNION(H2),29,29,51,NORMAL,0,0x0000,7,3,0,0,0,5,0,4,0,0
0001,UNION(H2),30,30,11,NORMAL,0,0x0000,7,1,0,0,0,6,0,3,0,0
0001,UNION(H2),31,31,3,NORMAL,0,0x0000,7,2,0,0,0,14,0,12,0,0
0001,UNION(H2),32,32,3,NORMAL,0,0x0000,7,0,0,0,0,13,0,13,0,0
0001,UNION(H2),33,33,3,NORMAL,0,0x0000,7,3,0,0,0,12,0,12,0,0
0001,UNION(H2),34,34,3,NORMAL,0,0x0000,7,1,0,0,0,13,0,11,0,0
0001,UNION(H2),35,35,3,NORMAL,0,0x0000,7,2,0,0,0,3,0,6,0,0
0001,UNION(H2),36,36,3,NORMAL,0,0x0000,7,0,0,0,0,2,0,7,0,0
0001,UNION(H2),37,37,3,NORMAL,0,0x0000,7,3,0,0,0,1,0,6,0,0
0001,UNION(H2),38,38,3,NORMAL,0,0x0000,7,1,0,0,0,2,0,5,0,0
0001,UNION(H2),39,39,62,NORMAL,0,0x0000,7,2,0,0,0,11,0,4,0,0
0001,UNION(H2),40,40,7,NORMAL,0,0x0000,7,0,0,0,0,10,0,5,0,0
0001,UNION(H2),41,41,13,NORMAL,0,0x0000,7,3,0,0,0,9,0,4,0,0
0001,UNION(H2),42,42,70,NORMAL,0,0x0000,7,1,0,0,0,10,0,3,0,0
0001,UNION(H2),43,43,3,NORMAL,0,0x0000,7,2,0,0,0,9,0,7,0,0
0001,UNION(H2),44,44,3,NORMAL,0,0x0000,7,0,0,0,0,8,0,8,0,0
0001,UNION(H2),45,45,3,NORMAL,0,0x0000,7,3,0,0,0,7,0,7,0,0
0001,UNION(H2),46,46,3,NORMAL,0,0x0000,7,1,0,0,0,8,0,6,0,0
0001,UNION(H2),47,47,3,NORMAL,0,0x0000,7,2,0,0,0,9,0,11,0,0
0001,UNION(H2),48,48,3,NORMAL,0,0x0000,7,0,0,0,0,8,0,12,0,0
0001,UNION(H2),49,49,3,NORMAL,0,0x0000,7,3,0,0,0,7,0,11,0,0
0001,UNION(H2),50,50,3,NORMAL,0,0x0000,7,1,0,0,0,8,0,10,0,0
0002,DIRECT2(H4),0,0,337,NORMAL,16,0x0000,9100,2,0,0,0,12,0,4,0,0
0003,DIRECT4(H5),0,0,337,NORMAL,16,0x0000,9100,2,0,0,0,12,0,4,0,0
0004,D17R1101(H6),0,0,355,NORMAL,0,0x02CA,2,2,0,0,0,30,0,11,0,0
0005,D18R0101(H7); BURNT TWR F1(H268),0,0,148,NORMAL,14,0x01C6,0,0,0,0,0,23,0,14,0,0
0005,D18R0101(H7); BURNT TWR F1(H268),1,1,382,NORMAL,2,0x01C7,2,3,0,0,0,23,0,23,0,0
0005,D18R0101(H7); BURNT TWR F1(H268),2,2,355,NORMAL,3,0x01CC,3,3,0,1,0,23,0,26,0,0
0005,D18R0101(H7); BURNT TWR F1(H268),3,3,227,TRAINER,17,0x0000,3280,3,3,0,0,6,0,9,0,0
0005,D18R0101(H7); BURNT TWR F1(H268),4,4,227,TRAINER,15,0x0000,3281,1,3,0,0,22,0,8,0,0
0005,D18R0101(H7); BURNT TWR F1(H268),5,5,1039,NORMAL,15,0x01E0,0,1,0,0,0,15,0,16,0,0
0005,D18R0101(H7); BURNT TWR F1(H268),6,6,1037,NORMAL,15,0x01DE,0,1,0,0,0,14,0,15,0,0
0005,D18R0101(H7); BURNT TWR F1(H268),7,7,1038,NORMAL,15,0x01DF,0,1,0,0,0,16,0,15,0,0
0005,D18R0101(H7); BURNT TWR F1(H268),8,8,85,NORMAL,0,0x0010,10001,0,0,0,0,5,0,22,0,0
0005,D18R0101(H7); BURNT TWR F1(H268),9,9,85,NORMAL,0,0x0011,10001,0,0,0,0,6,0,23,0,0
0005,D18R0101(H7); BURNT TWR F1(H268),10,10,85,NORMAL,0,0x0012,10001,0,0,0,0,7,0,25,0,0
0005,D18R0101(H7); BURNT TWR F1(H268),11,11,87,NORMAL,0,0x0431,7045,0,0,0,0,7,0,26,0,0
0005,D18R0101(H7); BURNT TWR F1(H268),12,12,87,NORMAL,0,0x050B,7018,0,0,0,0,15,0,9,0,0
0005,D18R0101(H7); BURNT TWR F1(H268),13,13,1039,NORMAL,15,0x030E,0,1,0,0,0,14,0,7,0,0
0006,R01(H9); RT 1 AREA 1(H22),0,0,262,NORMAL,0,0x0000,2800,1,3,0,0,26,30,11,37,0
0006,R01(H9); RT 1 AREA 1(H22),1,1,328,NORMAL,3,0x027E,1,1,0,3,3,23,30,12,37,0
0007,RT 2 AREA 1(H30); RT 2 AREA 2(H31),0,0,4,TRAINER,8,0x0000,3000,1,3,0,0,13,28,18,36,0
0007,RT 2 AREA 1(H30); RT 2 AREA 2(H31),1,1,12,TRAINER,0,0x0000,3001,1,3,0,0,3,29,14,35,0
0007,RT 2 AREA 1(H30); RT 2 AREA 2(H31),2,2,9,TRAINER,11,0x0000,3002,3,4,0,0,25,27,2,37,0
0008,RT 3 AREA 1(H39); RT 3 AREA 2(H40),0,0,317,TRAINER,8,0x0000,3006,1,5,0,0,27,31,22,36,0
0008,RT 3 AREA 1(H39); RT 3 AREA 2(H40),1,1,12,TRAINER,9,0x0000,3007,1,6,0,0,2,33,9,37,0
0008,RT 3 AREA 1(H39); RT 3 AREA 2(H40),2,2,45,TRAINER,43,0x0000,3008,2,2,20,2,28,32,25,35,0
0009,RT 3 AREA 3(H42),0,0,1431,NORMAL,0,0x0310,1,1,0,0,0,16,35,8,33,0
0010,RT 3 AREA 4(H43),0,0,211,TRAINER,0,0x0000,3010,3,0,0,0,5,34,9,33,0
0011,LOB FOREST 01(H47); LOB FOREST 02(H48); LOB FOREST 03(H49); LOB FOREST 04(H50); LOB FOREST 05(H51); LOB FOREST 06(H52); LOB FOREST 07(H53); LOB FOREST 08(H54); LOB FOREST 09(H55),0,0,97,TRAINER,0,0x0000,3012,3,0,0,0,2,30,25,34,0
0011,LOB FOREST 01(H47); LOB FOREST 02(H48); LOB FOREST 03(H49); LOB FOREST 04(H50); LOB FOREST 05(H51); LOB FOREST 06(H52); LOB FOREST 07(H53); LOB FOREST 08(H54); LOB FOREST 09(H55),1,1,5,TRAINER,0,0x0000,3013,0,2,0,0,6,31,26,34,0
0011,LOB FOREST 01(H47); LOB FOREST 02(H48); LOB FOREST 03(H49); LOB FOREST 04(H50); LOB FOREST 05(H51); LOB FOREST 06(H52); LOB FOREST 07(H53); LOB FOREST 08(H54); LOB FOREST 09(H55),2,2,5,TRAINER,0,0x0000,3016,1,2,0,0,11,31,24,34,0
0011,LOB FOREST 01(H47); LOB FOREST 02(H48); LOB FOREST 03(H49); LOB FOREST 04(H50); LOB FOREST 05(H51); LOB FOREST 06(H52); LOB FOREST 07(H53); LOB FOREST 08(H54); LOB FOREST 09(H55),3,3,5,TRAINER,46,0x0000,3017,2,4,0,0,19,29,24,34,0
0011,LOB FOREST 01(H47); LOB FOREST 02(H48); LOB FOREST 03(H49); LOB FOREST 04(H50); LOB FOREST 05(H51); LOB FOREST 06(H52); LOB FOREST 07(H53); LOB FOREST 08(H54); LOB FOREST 09(H55),4,4,141,TRAINER,0,0x0000,3018,1,4,0,0,18,29,8,34,0
0011,LOB FOREST 01(H47); LOB FOREST 02(H48); LOB FOREST 03(H49); LOB FOREST 04(H50); LOB FOREST 05(H51); LOB FOREST 06(H52); LOB FOREST 07(H53); LOB FOREST 08(H54); LOB FOREST 09(H55),5,5,5,TRAINER,8,0x0000,3019,1,4,0,0,19,29,1,34,0
0011,LOB FOREST 01(H47); LOB FOREST 02(H48); LOB FOREST 03(H49); LOB FOREST 04(H50); LOB FOREST 05(H51); LOB FOREST 06(H52); LOB FOREST 07(H53); LOB FOREST 08(H54); LOB FOREST 09(H55),6,6,5,TRAINER,6,0x0000,3020,2,4,0,0,21,30,12,34,0
0011,LOB FOREST 01(H47); LOB FOREST 02(H48); LOB FOREST 03(H49); LOB FOREST 04(H50); LOB FOREST 05(H51); LOB FOREST 06(H52); LOB FOREST 07(H53); LOB FOREST 08(H54); LOB FOREST 09(H55),7,7,5,TRAINER,15,0x0000,3022,1,2,0,0,6,31,8,34,0
0011,LOB FOREST 01(H47); LOB FOREST 02(H48); LOB FOREST 03(H49); LOB FOREST 04(H50); LOB FOREST 05(H51); LOB FOREST 06(H52); LOB FOREST 07(H53); LOB FOREST 08(H54); LOB FOREST 09(H55),8,8,5,TRAINER,14,0x0000,3023,0,2,0,0,10,31,10,34,0
0011,LOB FOREST 01(H47); LOB FOREST 02(H48); LOB FOREST 03(H49); LOB FOREST 04(H50); LOB FOREST 05(H51); LOB FOREST 06(H52); LOB FOREST 07(H53); LOB FOREST 08(H54); LOB FOREST 09(H55),9,9,5,TRAINER,0,0x0000,3024,3,2,0,0,28,29,17,33,0
0011,LOB FOREST 01(H47); LOB FOREST 02(H48); LOB FOREST 03(H49); LOB FOREST 04(H50); LOB FOREST 05(H51); LOB FOREST 06(H52); LOB FOREST 07(H53); LOB FOREST 08(H54); LOB FOREST 09(H55),10,10,5,TRAINER,0,0x0000,3027,2,2,0,0,30,29,14,33,0
0011,LOB FOREST 01(H47); LOB FOREST 02(H48); LOB FOREST 03(H49); LOB FOREST 04(H50); LOB FOREST 05(H51); LOB FOREST 06(H52); LOB FOREST 07(H53); LOB FOREST 08(H54); LOB FOREST 09(H55),11,11,5,TRAINER,13,0x0000,3032,1,3,0,0,4,30,25,32,0
0011,LOB FOREST 01(H47); LOB FOREST 02(H48); LOB FOREST 03(H49); LOB FOREST 04(H50); LOB FOREST 05(H51); LOB FOREST 06(H52); LOB FOREST 07(H53); LOB FOREST 08(H54); LOB FOREST 09(H55),12,12,5,TRAINER,12,0x0000,3034,0,3,0,0,19,31,22,33,0
0011,LOB FOREST 01(H47); LOB FOREST 02(H48); LOB FOREST 03(H49); LOB FOREST 04(H50); LOB FOREST 05(H51); LOB FOREST 06(H52); LOB FOREST 07(H53); LOB FOREST 08(H54); LOB FOREST 09(H55),13,13,141,TRAINER,0,0x0000,3035,3,3,0,0,2,31,21,33,0
0011,LOB FOREST 01(H47); LOB FOREST 02(H48); LOB FOREST 03(H49); LOB FOREST 04(H50); LOB FOREST 05(H51); LOB FOREST 06(H52); LOB FOREST 07(H53); LOB FOREST 08(H54); LOB FOREST 09(H55),14,14,5,TRAINER,7,0x0000,3036,0,3,0,0,4,32,15,33,0
0011,LOB FOREST 01(H47); LOB FOREST 02(H48); LOB FOREST 03(H49); LOB FOREST 04(H50); LOB FOREST 05(H51); LOB FOREST 06(H52); LOB FOREST 07(H53); LOB FOREST 08(H54); LOB FOREST 09(H55),15,15,5,TRAINER,0,0x0000,3037,3,3,0,0,6,32,7,33,0
0011,LOB FOREST 01(H47); LOB FOREST 02(H48); LOB FOREST 03(H49); LOB FOREST 04(H50); LOB FOREST 05(H51); LOB FOREST 06(H52); LOB FOREST 07(H53); LOB FOREST 08(H54); LOB FOREST 09(H55),16,16,5,TRAINER,0,0x0000,3038,2,3,0,0,10,32,3,33,0
0011,LOB FOREST 01(H47); LOB FOREST 02(H48); LOB FOREST 03(H49); LOB FOREST 04(H50); LOB FOREST 05(H51); LOB FOREST 06(H52); LOB FOREST 07(H53); LOB FOREST 08(H54); LOB FOREST 09(H55),17,17,5,TRAINER,37,0x0000,3039,0,3,3,3,10,32,20,32,0
0011,LOB FOREST 01(H47); LOB FOREST 02(H48); LOB FOREST 03(H49); LOB FOREST 04(H50); LOB FOREST 05(H51); LOB FOREST 06(H52); LOB FOREST 07(H53); LOB FOREST 08(H54); LOB FOREST 09(H55),18,18,5,TRAINER,38,0x0000,3042,1,3,3,3,10,32,13,32,0
0011,LOB FOREST 01(H47); LOB FOREST 02(H48); LOB FOREST 03(H49); LOB FOREST 04(H50); LOB FOREST 05(H51); LOB FOREST 06(H52); LOB FOREST 07(H53); LOB FOREST 08(H54); LOB FOREST 09(H55),19,19,5,TRAINER,37,0x0000,3046,0,3,3,3,14,32,9,32,0
0011,LOB FOREST 01(H47); LOB FOREST 02(H48); LOB FOREST 03(H49); LOB FOREST 04(H50); LOB FOREST 05(H51); LOB FOREST 06(H52); LOB FOREST 07(H53); LOB FOREST 08(H54); LOB FOREST 09(H55),20,20,141,TRAINER,0,0x0000,3047,2,3,0,0,10,32,27,30,0
0011,LOB FOREST 01(H47); LOB FOREST 02(H48); LOB FOREST 03(H49); LOB FOREST 04(H50); LOB FOREST 05(H51); LOB FOREST 06(H52); LOB FOREST 07(H53); LOB FOREST 08(H54); LOB FOREST 09(H55),21,21,5,TRAINER,38,0x0000,3049,1,3,3,3,16,30,18,33,0
0011,LOB FOREST 01(H47); LOB FOREST 02(H48); LOB FOREST 03(H49); LOB FOREST 04(H50); LOB FOREST 05(H51); LOB FOREST 06(H52); LOB FOREST 07(H53); LOB FOREST 08(H54); LOB FOREST 09(H55),22,22,633,NORMAL,0,0x0273,1,1,0,0,0,19,31,16,32,0
0011,LOB FOREST 01(H47); LOB FOREST 02(H48); LOB FOREST 03(H49); LOB FOREST 04(H50); LOB FOREST 05(H51); LOB FOREST 06(H52); LOB FOREST 07(H53); LOB FOREST 08(H54); LOB FOREST 09(H55),23,23,1548,NORMAL,0,0x0274,1,3,0,0,0,7,29,19,33,0
0014,RT 5 AREA 1(H78); RT 5 AREA 2(H83); SUB PATH 1(H86); SUB PATH 2(H87); SUB PATH 3(H88); SUB PATH 4(H89); RT 5 AREA 3(H103); RT 5 AREA 4(H106); RT 5 AREA 5(H119),0,0,86,NORMAL,0,0x0010,10000,1,0,0,0,20,31,14,26,0
0014,RT 5 AREA 1(H78); RT 5 AREA 2(H83); SUB PATH 1(H86); SUB PATH 2(H87); SUB PATH 3(H88); SUB PATH 4(H89); RT 5 AREA 3(H103); RT 5 AREA 4(H106); RT 5 AREA 5(H119),1,1,86,NORMAL,0,0x0011,10000,1,0,0,0,26,29,20,28,0
0014,RT 5 AREA 1(H78); RT 5 AREA 2(H83); SUB PATH 1(H86); SUB PATH 2(H87); SUB PATH 3(H88); SUB PATH 4(H89); RT 5 AREA 3(H103); RT 5 AREA 4(H106); RT 5 AREA 5(H119),2,2,86,NORMAL,0,0x0012,10000,1,0,0,0,5,31,24,28,0
0014,RT 5 AREA 1(H78); RT 5 AREA 2(H83); SUB PATH 1(H86); SUB PATH 2(H87); SUB PATH 3(H88); SUB PATH 4(H89); RT 5 AREA 3(H103); RT 5 AREA 4(H106); RT 5 AREA 5(H119),3,3,87,ITEM,0,0x0000,7026,1,0,0,0,10,28,7,26,0
0014,RT 5 AREA 1(H78); RT 5 AREA 2(H83); SUB PATH 1(H86); SUB PATH 2(H87); SUB PATH 3(H88); SUB PATH 4(H89); RT 5 AREA 3(H103); RT 5 AREA 4(H106); RT 5 AREA 5(H119),4,4,521,NORMAL,0,0x0000,1,1,0,0,0,27,28,20,26,0
0014,RT 5 AREA 1(H78); RT 5 AREA 2(H83); SUB PATH 1(H86); SUB PATH 2(H87); SUB PATH 3(H88); SUB PATH 4(H89); RT 5 AREA 3(H103); RT 5 AREA 4(H106); RT 5 AREA 5(H119),5,5,317,TRAINER,0,0x0000,5070,3,3,0,0,13,26,27,29,0
0014,RT 5 AREA 1(H78); RT 5 AREA 2(H83); SUB PATH 1(H86); SUB PATH 2(H87); SUB PATH 3(H88); SUB PATH 4(H89); RT 5 AREA 3(H103); RT 5 AREA 4(H106); RT 5 AREA 5(H119),6,6,317,TRAINER,0,0x0000,5071,2,3,0,0,16,26,27,29,0
0014,RT 5 AREA 1(H78); RT 5 AREA 2(H83); SUB PATH 1(H86); SUB PATH 2(H87); SUB PATH 3(H88); SUB PATH 4(H89); RT 5 AREA 3(H103); RT 5 AREA 4(H106); RT 5 AREA 5(H119),7,7,317,TRAINER,2,0x0000,3072,2,4,0,0,23,26,29,29,0
0014,RT 5 AREA 1(H78); RT 5 AREA 2(H83); SUB PATH 1(H86); SUB PATH 2(H87); SUB PATH 3(H88); SUB PATH 4(H89); RT 5 AREA 3(H103); RT 5 AREA 4(H106); RT 5 AREA 5(H119),8,8,317,TRAINER,0,0x0000,3073,0,1,0,0,7,26,11,29,0
0014,RT 5 AREA 1(H78); RT 5 AREA 2(H83); SUB PATH 1(H86); SUB PATH 2(H87); SUB PATH 3(H88); SUB PATH 4(H89); RT 5 AREA 3(H103); RT 5 AREA 4(H106); RT 5 AREA 5(H119),9,9,326,TRAINER,2,0x0000,3074,0,4,0,0,19,26,3,29,0
0014,RT 5 AREA 1(H78); RT 5 AREA 2(H83); SUB PATH 1(H86); SUB PATH 2(H87); SUB PATH 3(H88); SUB PATH 4(H89); RT 5 AREA 3(H103); RT 5 AREA 4(H106); RT 5 AREA 5(H119),10,10,317,TRAINER,2,0x0000,3075,1,4,0,0,24,26,26,28,0
0014,RT 5 AREA 1(H78); RT 5 AREA 2(H83); SUB PATH 1(H86); SUB PATH 2(H87); SUB PATH 3(H88); SUB PATH 4(H89); RT 5 AREA 3(H103); RT 5 AREA 4(H106); RT 5 AREA 5(H119),11,11,347,TRAINER,0,0x0000,3085,0,2,0,0,1,26,0,27,0
0014,RT 5 AREA 1(H78); RT 5 AREA 2(H83); SUB PATH 1(H86); SUB PATH 2(H87); SUB PATH 3(H88); SUB PATH 4(H89); RT 5 AREA 3(H103); RT 5 AREA 4(H106); RT 5 AREA 5(H119),12,12,317,TRAINER,9,0x0000,3086,3,2,0,0,22,26,2,28,0
0014,RT 5 AREA 1(H78); RT 5 AREA 2(H83); SUB PATH 1(H86); SUB PATH 2(H87); SUB PATH 3(H88); SUB PATH 4(H89); RT 5 AREA 3(H103); RT 5 AREA 4(H106); RT 5 AREA 5(H119),13,13,44,TRAINER,0,0x0000,3087,3,2,16,2,16,26,22,27,0
0014,RT 5 AREA 1(H78); RT 5 AREA 2(H83); SUB PATH 1(H86); SUB PATH 2(H87); SUB PATH 3(H88); SUB PATH 4(H89); RT 5 AREA 3(H103); RT 5 AREA 4(H106); RT 5 AREA 5(H119),14,14,317,TRAINER,3,0x0000,3088,1,4,6,6,24,25,9,27,0
0014,RT 5 AREA 1(H78); RT 5 AREA 2(H83); SUB PATH 1(H86); SUB PATH 2(H87); SUB PATH 3(H88); SUB PATH 4(H89); RT 5 AREA 3(H103); RT 5 AREA 4(H106); RT 5 AREA 5(H119),15,15,317,TRAINER,3,0x0000,3091,1,4,6,6,11,26,2,28,0
0014,RT 5 AREA 1(H78); RT 5 AREA 2(H83); SUB PATH 1(H86); SUB PATH 2(H87); SUB PATH 3(H88); SUB PATH 4(H89); RT 5 AREA 3(H103); RT 5 AREA 4(H106); RT 5 AREA 5(H119),16,16,347,TRAINER,0,0x0000,3095,2,1,6,6,31,25,8,28,0
0014,RT 5 AREA 1(H78); RT 5 AREA 2(H83); SUB PATH 1(H86); SUB PATH 2(H87); SUB PATH 3(H88); SUB PATH 4(H89); RT 5 AREA 3(H103); RT 5 AREA 4(H106); RT 5 AREA 5(H119),17,17,347,TRAINER,0,0x0000,3096,3,1,6,6,6,27,19,29,0
0014,RT 5 AREA 1(H78); RT 5 AREA 2(H83); SUB PATH 1(H86); SUB PATH 2(H87); SUB PATH 3(H88); SUB PATH 4(H89); RT 5 AREA 3(H103); RT 5 AREA 4(H106); RT 5 AREA 5(H119),18,18,326,TRAINER,0,0x0000,3104,3,6,6,6,0,27,8,27,0
0014,RT 5 AREA 1(H78); RT 5 AREA 2(H83); SUB PATH 1(H86); SUB PATH 2(H87); SUB PATH 3(H88); SUB PATH 4(H89); RT 5 AREA 3(H103); RT 5 AREA 4(H106); RT 5 AREA 5(H119),19,19,317,TRAINER,0,0x0000,3107,2,6,6,6,6,27,8,27,0
0014,RT 5 AREA 1(H78); RT 5 AREA 2(H83); SUB PATH 1(H86); SUB PATH 2(H87); SUB PATH 3(H88); SUB PATH 4(H89); RT 5 AREA 3(H103); RT 5 AREA 4(H106); RT 5 AREA 5(H119),20,20,35,TRAINER,0,0x0000,3102,2,6,6,6,17,27,30,27,0
0014,RT 5 AREA 1(H78); RT 5 AREA 2(H83); SUB PATH 1(H86); SUB PATH 2(H87); SUB PATH 3(H88); SUB PATH 4(H89); RT 5 AREA 3(H103); RT 5 AREA 4(H106); RT 5 AREA 5(H119),21,21,35,TRAINER,0,0x0000,3103,3,6,6,6,13,27,30,27,0
0014,RT 5 AREA 1(H78); RT 5 AREA 2(H83); SUB PATH 1(H86); SUB PATH 2(H87); SUB PATH 3(H88); SUB PATH 4(H89); RT 5 AREA 3(H103); RT 5 AREA 4(H106); RT 5 AREA 5(H119),22,22,326,TRAINER,9,0x0000,3121,1,4,6,6,21,31,9,26,0
0014,RT 5 AREA 1(H78); RT 5 AREA 2(H83); SUB PATH 1(H86); SUB PATH 2(H87); SUB PATH 3(H88); SUB PATH 4(H89); RT 5 AREA 3(H103); RT 5 AREA 4(H106); RT 5 AREA 5(H119),23,23,326,TRAINER,0,0x0000,3122,2,4,6,6,26,31,18,25,0
0014,RT 5 AREA 1(H78); RT 5 AREA 2(H83); SUB PATH 1(H86); SUB PATH 2(H87); SUB PATH 3(H88); SUB PATH 4(H89); RT 5 AREA 3(H103); RT 5 AREA 4(H106); RT 5 AREA 5(H119),24,24,44,TRAINER,0,0x0000,3124,0,4,6,6,0,32,5,25,0
0014,RT 5 AREA 1(H78); RT 5 AREA 2(H83); SUB PATH 1(H86); SUB PATH 2(H87); SUB PATH 3(H88); SUB PATH 4(H89); RT 5 AREA 3(H103); RT 5 AREA 4(H106); RT 5 AREA 5(H119),25,25,317,TRAINER,9,0x0000,3126,1,4,6,6,7,32,15,25,0
0014,RT 5 AREA 1(H78); RT 5 AREA 2(H83); SUB PATH 1(H86); SUB PATH 2(H87); SUB PATH 3(H88); SUB PATH 4(H89); RT 5 AREA 3(H103); RT 5 AREA 4(H106); RT 5 AREA 5(H119),26,26,347,TRAINER,0,0x0000,3127,1,4,6,6,0,32,26,25,0
0015,-(H74); ROCK CAVE 01(H90); ICE CAVE 01(H92); STEEL CAVE 01(H94),0,0,368,NORMAL,3,0x0264,3,1,0,0,0,22,44,23,5,0
0015,-(H74); ROCK CAVE 01(H90); ICE CAVE 01(H92); STEEL CAVE 01(H94),1,1,1025,NORMAL,15,0x0297,4,1,0,0,0,11,44,24,5,0
0016,MELT 10 HS12(H117); RT 6 AREA 1(H121); RT 6 AREA 2(H122); RT 6 AREA 3(H123); RT 6 AREA 4(H124),0,0,86,NORMAL,0,0x0010,10000,1,0,0,0,8,29,30,21,0
0016,MELT 10 HS12(H117); RT 6 AREA 1(H121); RT 6 AREA 2(H122); RT 6 AREA 3(H123); RT 6 AREA 4(H124),1,1,20,TRAINER,0,0x0000,3120,3,4,0,0,6,29,28,21,0
0016,MELT 10 HS12(H117); RT 6 AREA 1(H121); RT 6 AREA 2(H122); RT 6 AREA 3(H123); RT 6 AREA 4(H124),2,2,377,TRAINER,8,0x0000,3133,2,4,0,0,12,29,3,22,0
0016,MELT 10 HS12(H117); RT 6 AREA 1(H121); RT 6 AREA 2(H122); RT 6 AREA 3(H123); RT 6 AREA 4(H124),3,3,347,TRAINER,0,0x0000,3134,1,4,0,0,14,27,9,23,0
0016,MELT 10 HS12(H117); RT 6 AREA 1(H121); RT 6 AREA 2(H122); RT 6 AREA 3(H123); RT 6 AREA 4(H124),4,4,141,TRAINER,2,0x0000,3135,3,4,0,0,8,29,17,22,0
0016,MELT 10 HS12(H117); RT 6 AREA 1(H121); RT 6 AREA 2(H122); RT 6 AREA 3(H123); RT 6 AREA 4(H124),5,5,20,TRAINER,13,0x0000,3136,1,5,0,0,12,27,3,23,0
0016,MELT 10 HS12(H117); RT 6 AREA 1(H121); RT 6 AREA 2(H122); RT 6 AREA 3(H123); RT 6 AREA 4(H124),6,6,377,TRAINER,2,0x0000,3138,1,5,0,0,29,28,14,22,0
0016,MELT 10 HS12(H117); RT 6 AREA 1(H121); RT 6 AREA 2(H122); RT 6 AREA 3(H123); RT 6 AREA 4(H124),7,7,20,TRAINER,9,0x0000,3141,3,5,0,0,26,28,4,22,0
0016,MELT 10 HS12(H117); RT 6 AREA 1(H121); RT 6 AREA 2(H122); RT 6 AREA 3(H123); RT 6 AREA 4(H124),8,8,20,TRAINER,7,0x0000,3142,0,5,0,0,8,28,4,22,0
0016,MELT 10 HS12(H117); RT 6 AREA 1(H121); RT 6 AREA 2(H122); RT 6 AREA 3(H123); RT 6 AREA 4(H124),9,9,347,TRAINER,0,0x0000,3143,1,5,0,0,29,27,13,23,0
0016,MELT 10 HS12(H117); RT 6 AREA 1(H121); RT 6 AREA 2(H122); RT 6 AREA 3(H123); RT 6 AREA 4(H124),10,10,377,TRAINER,2,0x0000,3144,1,5,0,0,21,27,15,22,0
0016,MELT 10 HS12(H117); RT 6 AREA 1(H121); RT 6 AREA 2(H122); RT 6 AREA 3(H123); RT 6 AREA 4(H124),11,11,219,TRAINER,13,0x0000,3145,1,5,0,0,7,28,10,23,0
0016,MELT 10 HS12(H117); RT 6 AREA 1(H121); RT 6 AREA 2(H122); RT 6 AREA 3(H123); RT 6 AREA 4(H124),12,12,219,TRAINER,0,0x0000,3146,1,5,0,0,13,27,8,21,0
0016,MELT 10 HS12(H117); RT 6 AREA 1(H121); RT 6 AREA 2(H122); RT 6 AREA 3(H123); RT 6 AREA 4(H124),13,13,219,TRAINER,0,0x0000,3147,0,5,0,0,13,27,12,21,0
0017,RT 7 AREA 1(H129); RT 7 AREA 2(H130); RT 7 AREA 3(H134),0,0,86,NORMAL,0,0x0010,10000,1,0,0,0,2,32,6,22,0
0017,RT 7 AREA 1(H129); RT 7 AREA 2(H130); RT 7 AREA 3(H134),1,1,317,TRAINER,2,0x0000,3123,2,4,0,0,7,32,17,21,0
0017,RT 7 AREA 1(H129); RT 7 AREA 2(H130); RT 7 AREA 3(H134),2,2,351,TRAINER,2,0x0000,3125,1,4,0,0,14,32,25,21,0
0017,RT 7 AREA 1(H129); RT 7 AREA 2(H130); RT 7 AREA 3(H134),3,3,347,TRAINER,0,0x0000,3154,1,4,0,0,1,32,8,23,0
0017,RT 7 AREA 1(H129); RT 7 AREA 2(H130); RT 7 AREA 3(H134),4,4,347,TRAINER,0,0x0000,3157,1,4,0,0,20,32,15,23,0
0017,RT 7 AREA 1(H129); RT 7 AREA 2(H130); RT 7 AREA 3(H134),5,5,347,TRAINER,0,0x0000,3158,3,4,0,0,13,33,24,22,0
0017,RT 7 AREA 1(H129); RT 7 AREA 2(H130); RT 7 AREA 3(H134),6,6,347,TRAINER,0,0x0000,3160,3,4,0,0,12,33,24,21,0
0017,RT 7 AREA 1(H129); RT 7 AREA 2(H130); RT 7 AREA 3(H134),7,7,347,TRAINER,0,0x0000,3161,2,4,0,0,14,34,23,22,0
0017,RT 7 AREA 1(H129); RT 7 AREA 2(H130); RT 7 AREA 3(H134),8,8,317,TRAINER,2,0x0000,3155,1,4,0,0,8,32,9,22,0
0017,RT 7 AREA 1(H129); RT 7 AREA 2(H130); RT 7 AREA 3(H134),9,9,317,TRAINER,2,0x0000,3156,0,4,0,0,24,31,23,22,0
0017,RT 7 AREA 1(H129); RT 7 AREA 2(H130); RT 7 AREA 3(H134),10,10,317,TRAINER,6,0x0000,3162,2,4,0,0,13,32,4,23,0
0017,RT 7 AREA 1(H129); RT 7 AREA 2(H130); RT 7 AREA 3(H134),11,11,55,TRAINER,0,0x0000,3163,2,4,0,0,8,32,17,22,0
0017,RT 7 AREA 1(H129); RT 7 AREA 2(H130); RT 7 AREA 3(H134),12,12,317,TRAINER,0,0x0000,3164,0,6,0,0,9,33,14,23,196608
0017,RT 7 AREA 1(H129); RT 7 AREA 2(H130); RT 7 AREA 3(H134),13,13,347,TRAINER,0,0x0000,3167,0,6,0,0,9,32,10,21,0
0017,RT 7 AREA 1(H129); RT 7 AREA 2(H130); RT 7 AREA 3(H134),14,14,317,TRAINER,0,0x0000,3168,1,6,0,0,29,32,22,22,0
0017,RT 7 AREA 1(H129); RT 7 AREA 2(H130); RT 7 AREA 3(H134),15,15,351,TRAINER,0,0x0000,3169,1,6,0,0,28,32,0,23,0
0017,RT 7 AREA 1(H129); RT 7 AREA 2(H130); RT 7 AREA 3(H134),16,16,351,TRAINER,0,0x0000,3170,0,6,0,0,28,32,4,23,0
0017,RT 7 AREA 1(H129); RT 7 AREA 2(H130); RT 7 AREA 3(H134),17,17,351,TRAINER,2,0x0000,3185,1,6,0,0,4,33,10,22,0
0017,RT 7 AREA 1(H129); RT 7 AREA 2(H130); RT 7 AREA 3(H134),18,18,317,TRAINER,0,0x0000,3172,1,4,0,0,14,33,12,23,196608
0017,RT 7 AREA 1(H129); RT 7 AREA 2(H130); RT 7 AREA 3(H134),19,19,347,TRAINER,0,0x0000,3173,0,4,0,0,19,33,14,23,196608
0017,RT 7 AREA 1(H129); RT 7 AREA 2(H130); RT 7 AREA 3(H134),20,20,55,TRAINER,0,0x0000,3175,1,4,0,0,24,33,12,23,196608
0017,RT 7 AREA 1(H129); RT 7 AREA 2(H130); RT 7 AREA 3(H134),21,21,55,TRAINER,0,0x0000,3184,0,4,0,0,29,33,14,23,196608
0017,RT 7 AREA 1(H129); RT 7 AREA 2(H130); RT 7 AREA 3(H134),22,22,351,TRAINER,0,0x0000,3186,1,4,0,0,2,34,12,23,196608
0018,ROCK CAVE 02(H91),0,0,901,NORMAL,0,0x0000,0,1,0,0,0,7,0,6,0,0
0019,-(H75); ICE CAVE 02(H93),0,0,902,NORMAL,0,0x0000,0,1,0,0,0,7,0,6,0,0
0020,STEEL CAVE 02(H95),0,0,903,NORMAL,0,0x0000,0,1,0,0,0,7,0,6,0,0
0022,BIKE ROAD TOP(H259),0,0,229,TRAINER,2,0x0000,3309,1,3,0,0,14,31,20,3,0
0022,BIKE ROAD TOP(H259),1,1,229,TRAINER,2,0x0000,3310,2,3,0,0,17,31,16,4,0
0022,BIKE ROAD TOP(H259),2,2,229,TRAINER,5,0x0000,3311,2,3,1,0,16,31,4,5,0
0022,BIKE ROAD TOP(H259),3,3,229,TRAINER,5,0x0000,3312,3,3,1,0,16,31,22,5,0
0022,BIKE ROAD TOP(H259),4,4,229,TRAINER,2,0x0000,3313,0,3,0,0,15,31,9,6,0
0022,BIKE ROAD TOP(H259),5,5,229,TRAINER,2,0x0000,3314,1,3,0,0,16,31,25,6,0
0022,BIKE ROAD TOP(H259),6,6,229,TRAINER,5,0x0000,3317,3,3,1,0,16,31,22,7,0
0022,BIKE ROAD TOP(H259),7,7,229,TRAINER,2,0x0000,3319,1,3,0,0,15,31,16,8,0
0022,BIKE ROAD TOP(H259),8,8,229,TRAINER,5,0x0000,3325,3,3,1,0,16,31,22,9,0
0022,BIKE ROAD TOP(H259),9,9,229,TRAINER,5,0x0000,3321,2,3,1,0,16,31,4,9,0
0023,RT 11 AREA 1(H221); RT 11 AREA 2(H222); RT 11 AREA 3(H223); RT 11 AREA 4(H224); RT 11 AREA 5(H225),0,0,345,TRAINER,11,0x0000,3379,1,5,0,0,12,29,12,2,0
0023,RT 11 AREA 1(H221); RT 11 AREA 2(H222); RT 11 AREA 3(H223); RT 11 AREA 4(H224); RT 11 AREA 5(H225),1,1,345,TRAINER,0,0x0000,3323,1,5,0,0,28,28,12,2,0
0023,RT 11 AREA 1(H221); RT 11 AREA 2(H222); RT 11 AREA 3(H223); RT 11 AREA 4(H224); RT 11 AREA 5(H225),2,2,346,TRAINER,0,0x0000,3324,0,5,0,0,28,28,17,2,0
0023,RT 11 AREA 1(H221); RT 11 AREA 2(H222); RT 11 AREA 3(H223); RT 11 AREA 4(H224); RT 11 AREA 5(H225),3,3,346,TRAINER,0,0x0000,3327,1,5,0,0,31,26,9,2,0
0023,RT 11 AREA 1(H221); RT 11 AREA 2(H222); RT 11 AREA 3(H223); RT 11 AREA 4(H224); RT 11 AREA 5(H225),4,4,346,TRAINER,0,0x0000,3328,0,5,0,0,31,26,13,2,0
0023,RT 11 AREA 1(H221); RT 11 AREA 2(H222); RT 11 AREA 3(H223); RT 11 AREA 4(H224); RT 11 AREA 5(H225),5,5,346,TRAINER,0,0x0000,3342,1,5,0,0,13,25,10,3,0
0023,RT 11 AREA 1(H221); RT 11 AREA 2(H222); RT 11 AREA 3(H223); RT 11 AREA 4(H224); RT 11 AREA 5(H225),6,6,345,TRAINER,0,0x0000,3344,0,5,0,0,13,25,14,3,0
0023,RT 11 AREA 1(H221); RT 11 AREA 2(H222); RT 11 AREA 3(H223); RT 11 AREA 4(H224); RT 11 AREA 5(H225),7,7,346,TRAINER,45,0x0000,3340,0,3,0,12,14,28,20,2,0
0023,RT 11 AREA 1(H221); RT 11 AREA 2(H222); RT 11 AREA 3(H223); RT 11 AREA 4(H224); RT 11 AREA 5(H225),8,8,345,TRAINER,45,0x0000,3341,0,3,0,12,20,27,19,2,0
0023,RT 11 AREA 1(H221); RT 11 AREA 2(H222); RT 11 AREA 3(H223); RT 11 AREA 4(H224); RT 11 AREA 5(H225),9,9,346,TRAINER,45,0x0000,3380,0,3,0,12,11,26,20,2,0
0023,RT 11 AREA 1(H221); RT 11 AREA 2(H222); RT 11 AREA 3(H223); RT 11 AREA 4(H224); RT 11 AREA 5(H225),10,10,345,TRAINER,2,0x0000,3381,1,3,0,3,29,25,10,2,0
0023,RT 11 AREA 1(H221); RT 11 AREA 2(H222); RT 11 AREA 3(H223); RT 11 AREA 4(H224); RT 11 AREA 5(H225),11,11,346,TRAINER,8,0x0000,3382,1,3,0,3,5,25,22,2,0
0023,RT 11 AREA 1(H221); RT 11 AREA 2(H222); RT 11 AREA 3(H223); RT 11 AREA 4(H224); RT 11 AREA 5(H225),12,12,345,TRAINER,0,0x0000,3395,0,6,0,3,11,25,18,4,0
0023,RT 11 AREA 1(H221); RT 11 AREA 2(H222); RT 11 AREA 3(H223); RT 11 AREA 4(H224); RT 11 AREA 5(H225),13,13,323,TRAINER,2,0x0000,3396,0,6,0,3,25,25,18,3,0
0023,RT 11 AREA 1(H221); RT 11 AREA 2(H222); RT 11 AREA 3(H223); RT 11 AREA 4(H224); RT 11 AREA 5(H225),14,14,346,TRAINER,8,0x0000,3397,1,6,0,3,25,24,7,3,0
0023,RT 11 AREA 1(H221); RT 11 AREA 2(H222); RT 11 AREA 3(H223); RT 11 AREA 4(H224); RT 11 AREA 5(H225),15,15,141,TRAINER,0,0x0000,3398,2,6,0,3,29,25,9,5,0
0023,RT 11 AREA 1(H221); RT 11 AREA 2(H222); RT 11 AREA 3(H223); RT 11 AREA 4(H224); RT 11 AREA 5(H225),16,16,141,TRAINER,2,0x0000,3399,0,6,0,3,4,26,11,2,0
0023,RT 11 AREA 1(H221); RT 11 AREA 2(H222); RT 11 AREA 3(H223); RT 11 AREA 4(H224); RT 11 AREA 5(H225),17,17,346,TRAINER,0,0x0000,3400,3,6,0,3,2,25,12,5,0
0023,RT 11 AREA 1(H221); RT 11 AREA 2(H222); RT 11 AREA 3(H223); RT 11 AREA 4(H224); RT 11 AREA 5(H225),18,18,323,TRAINER,8,0x0000,3401,2,6,0,3,24,25,27,4,0
0024,-(H264),0,0,328,NORMAL,14,0x027E,1,0,0,0,0,24,29,15,8,0
0024,-(H264),1,1,385,NORMAL,0,0x0301,0,1,0,0,0,12,29,14,8,0
0024,-(H264),2,2,148,NORMAL,0,0x0301,0,1,0,0,0,16,29,14,8,0
0024,-(H264),3,3,101,NORMAL,0,0x0302,0,1,0,0,0,20,29,19,8,0
0025,-(H265),0,0,322,NORMAL,16,0x0000,1,2,0,0,0,13,41,16,2,196608
0025,-(H265),1,1,326,NORMAL,16,0x0000,2,2,0,0,0,13,41,17,2,196608
0025,-(H265),2,2,222,NORMAL,15,0x0255,3,1,0,0,0,16,41,17,2,196608
0026,-(H263),0,0,146,TRAINER,0,0x0000,3328,1,3,0,0,23,41,14,1,0
0026,-(H263),1,1,319,TRAINER,0,0x0000,3418,0,3,0,0,2,42,17,1,0
0026,-(H263),2,2,146,TRAINER,0,0x0000,3329,2,4,0,0,20,42,14,1,0
0026,-(H263),3,3,319,TRAINER,0,0x0000,3353,3,4,0,0,28,42,14,1,0
0026,-(H263),4,4,319,TRAINER,0,0x0000,3354,0,3,0,0,0,43,17,1,0
0026,-(H263),5,5,345,TRAINER,0,0x0000,3147,1,2,0,0,23,42,6,1,0
0026,-(H263),6,6,338,TRAINER,0,0x0000,3365,2,1,0,0,8,43,11,1,0
0026,-(H263),7,7,324,NORMAL,0,0x0000,2,2,0,0,0,16,43,13,1,0
0026,-(H263),8,8,370,NORMAL,0,0x0256,0,1,0,0,0,13,44,15,1,0
0026,-(H263),9,9,322,NORMAL,0,0x0309,0,1,0,0,0,12,44,15,1,0
0026,-(H263),10,10,86,NORMAL,0,0x0010,10000,0,0,0,0,12,43,8,1,0
0026,-(H263),11,11,87,NORMAL,0,0x04CB,7046,0,0,0,0,4,43,4,1,0
0026,-(H263),12,12,1039,NORMAL,0,0x02A1,8,1,0,0,0,13,44,5,1,0
0026,-(H263),13,13,382,NORMAL,0,0x02A2,6,3,0,0,0,1,44,10,1,0
0026,-(H263),14,14,382,NORMAL,0,0x02B2,7,0,0,0,0,14,44,8,1,0
0026,-(H263),15,15,370,NORMAL,0,0x02CD,10,3,0,0,0,14,44,14,1,0
0027,ULURU 1 A1(H275); ULURU 1 A2(H276); ULURU 1 A3(H277),0,0,324,TRAINER,0,0x0000,3329,3,3,0,0,14,2,23,0,0
0027,ULURU 1 A1(H275); ULURU 1 A2(H276); ULURU 1 A3(H277),1,1,327,TRAINER,0,0x0000,3330,2,3,0,0,17,2,23,0,0
0027,ULURU 1 A1(H275); ULURU 1 A2(H276); ULURU 1 A3(H277),2,2,324,TRAINER,0,0x0000,3337,3,9,0,0,12,2,10,4,0
0027,ULURU 1 A1(H275); ULURU 1 A2(H276); ULURU 1 A3(H277),3,3,324,TRAINER,0,0x0000,3338,2,9,0,0,19,2,10,4,0
0027,ULURU 1 A1(H275); ULURU 1 A2(H276); ULURU 1 A3(H277),4,4,327,TRAINER,0,0x0000,3336,2,9,0,0,19,2,22,3,0
0027,ULURU 1 A1(H275); ULURU 1 A2(H276); ULURU 1 A3(H277),5,5,324,TRAINER,0,0x0000,3335,3,9,0,0,12,2,22,3,0
0027,ULURU 1 A1(H275); ULURU 1 A2(H276); ULURU 1 A3(H277),6,6,327,TRAINER,0,0x0000,3331,1,12,0,0,27,1,11,2,0
0027,ULURU 1 A1(H275); ULURU 1 A2(H276); ULURU 1 A3(H277),7,7,324,TRAINER,0,0x0000,3332,0,12,0,0,27,1,20,2,0
0027,ULURU 1 A1(H275); ULURU 1 A2(H276); ULURU 1 A3(H277),8,8,324,TRAINER,0,0x0000,3333,1,12,0,0,4,3,11,2,0
0027,ULURU 1 A1(H275); ULURU 1 A2(H276); ULURU 1 A3(H277),9,9,327,TRAINER,0,0x0000,3334,0,12,0,0,4,3,20,2,0
0028,RT 14 AREA 1(H278); RT 14 AREA 5(H286); RT 14 AREA 6(H287); RT 14 AREA 2(H288); RT 14 AREA 3(H289); RT 14 AREA 4(H290),0,0,225,TRAINER,2,0x0000,3409,1,5,0,0,14,23,8,9,0
0028,RT 14 AREA 1(H278); RT 14 AREA 5(H286); RT 14 AREA 6(H287); RT 14 AREA 2(H288); RT 14 AREA 3(H289); RT 14 AREA 4(H290),1,1,225,TRAINER,2,0x0000,3410,3,5,0,0,10,23,24,9,0
0028,RT 14 AREA 1(H278); RT 14 AREA 5(H286); RT 14 AREA 6(H287); RT 14 AREA 2(H288); RT 14 AREA 3(H289); RT 14 AREA 4(H290),2,2,33,TRAINER,2,0x0000,3411,2,5,0,0,12,23,8,10,0
0028,RT 14 AREA 1(H278); RT 14 AREA 5(H286); RT 14 AREA 6(H287); RT 14 AREA 2(H288); RT 14 AREA 3(H289); RT 14 AREA 4(H290),3,3,225,TRAINER,2,0x0000,3412,3,5,0,0,25,23,14,10,0
0028,RT 14 AREA 1(H278); RT 14 AREA 5(H286); RT 14 AREA 6(H287); RT 14 AREA 2(H288); RT 14 AREA 3(H289); RT 14 AREA 4(H290),4,4,33,TRAINER,2,0x0000,3413,2,5,0,0,20,24,10,10,0
0028,RT 14 AREA 1(H278); RT 14 AREA 5(H286); RT 14 AREA 6(H287); RT 14 AREA 2(H288); RT 14 AREA 3(H289); RT 14 AREA 4(H290),5,5,33,TRAINER,2,0x0000,3419,1,5,0,0,17,25,14,10,0
0028,RT 14 AREA 1(H278); RT 14 AREA 5(H286); RT 14 AREA 6(H287); RT 14 AREA 2(H288); RT 14 AREA 3(H289); RT 14 AREA 4(H290),6,6,225,TRAINER,2,0x0000,3418,0,5,0,0,13,25,26,10,0
0028,RT 14 AREA 1(H278); RT 14 AREA 5(H286); RT 14 AREA 6(H287); RT 14 AREA 2(H288); RT 14 AREA 3(H289); RT 14 AREA 4(H290),7,7,225,TRAINER,8,0x0000,3420,1,5,0,0,13,25,27,9,0
0028,RT 14 AREA 1(H278); RT 14 AREA 5(H286); RT 14 AREA 6(H287); RT 14 AREA 2(H288); RT 14 AREA 3(H289); RT 14 AREA 4(H290),8,8,33,TRAINER,0,0x0000,3414,1,5,0,0,26,25,17,8,0
0028,RT 14 AREA 1(H278); RT 14 AREA 5(H286); RT 14 AREA 6(H287); RT 14 AREA 2(H288); RT 14 AREA 3(H289); RT 14 AREA 4(H290),9,9,225,TRAINER,0,0x0000,3415,0,5,0,0,26,25,21,8,0
0028,RT 14 AREA 1(H278); RT 14 AREA 5(H286); RT 14 AREA 6(H287); RT 14 AREA 2(H288); RT 14 AREA 3(H289); RT 14 AREA 4(H290),10,10,225,TRAINER,0,0x0000,3416,1,5,0,0,4,27,21,8,0
0028,RT 14 AREA 1(H278); RT 14 AREA 5(H286); RT 14 AREA 6(H287); RT 14 AREA 2(H288); RT 14 AREA 3(H289); RT 14 AREA 4(H290),11,11,33,TRAINER,0,0x0000,3417,0,5,0,0,4,27,25,8,0
0028,RT 14 AREA 1(H278); RT 14 AREA 5(H286); RT 14 AREA 6(H287); RT 14 AREA 2(H288); RT 14 AREA 3(H289); RT 14 AREA 4(H290),12,12,225,TRAINER,7,0x0000,3421,0,5,0,0,7,26,23,8,0
0028,RT 14 AREA 1(H278); RT 14 AREA 5(H286); RT 14 AREA 6(H287); RT 14 AREA 2(H288); RT 14 AREA 3(H289); RT 14 AREA 4(H290),13,13,33,TRAINER,2,0x0000,3424,1,5,0,0,23,27,22,8,0
0028,RT 14 AREA 1(H278); RT 14 AREA 5(H286); RT 14 AREA 6(H287); RT 14 AREA 2(H288); RT 14 AREA 3(H289); RT 14 AREA 4(H290),14,14,33,TRAINER,0,0x0000,3422,1,5,0,0,17,25,13,9,0
0028,RT 14 AREA 1(H278); RT 14 AREA 5(H286); RT 14 AREA 6(H287); RT 14 AREA 2(H288); RT 14 AREA 3(H289); RT 14 AREA 4(H290),15,15,225,TRAINER,0,0x0000,3423,0,5,0,0,17,25,18,9,0
0028,RT 14 AREA 1(H278); RT 14 AREA 5(H286); RT 14 AREA 6(H287); RT 14 AREA 2(H288); RT 14 AREA 3(H289); RT 14 AREA 4(H290),16,16,33,TRAINER,2,0x0000,3425,1,5,0,0,3,26,15,10,0
0028,RT 14 AREA 1(H278); RT 14 AREA 5(H286); RT 14 AREA 6(H287); RT 14 AREA 2(H288); RT 14 AREA 3(H289); RT 14 AREA 4(H290),17,17,33,TRAINER,2,0x0000,3426,1,5,0,0,5,28,25,8,0
0028,RT 14 AREA 1(H278); RT 14 AREA 5(H286); RT 14 AREA 6(H287); RT 14 AREA 2(H288); RT 14 AREA 3(H289); RT 14 AREA 4(H290),18,18,225,TRAINER,0,0x0000,3427,0,5,0,0,11,28,22,9,0
0028,RT 14 AREA 1(H278); RT 14 AREA 5(H286); RT 14 AREA 6(H287); RT 14 AREA 2(H288); RT 14 AREA 3(H289); RT 14 AREA 4(H290),19,19,33,TRAINER,2,0x0000,3428,0,5,0,0,3,28,3,11,0
0029,RT 19 AREA 1(H312); RT 19 AREA 2(H313); RT 19 AREA 3(H314),0,0,324,TRAINER,2,0x0000,3455,3,5,0,0,17,18,8,13,0
0029,RT 19 AREA 1(H312); RT 19 AREA 2(H313); RT 19 AREA 3(H314),1,1,324,TRAINER,2,0x0000,3456,1,5,0,0,21,18,18,13,0
0029,RT 19 AREA 1(H312); RT 19 AREA 2(H313); RT 19 AREA 3(H314),2,2,327,TRAINER,8,0x0000,3457,2,5,0,0,18,18,23,13,0
0029,RT 19 AREA 1(H312); RT 19 AREA 2(H313); RT 19 AREA 3(H314),3,3,327,TRAINER,2,0x0000,3458,0,5,0,0,10,18,22,13,0
0029,RT 19 AREA 1(H312); RT 19 AREA 2(H313); RT 19 AREA 3(H314),4,4,324,TRAINER,10,0x0000,3459,2,5,0,0,20,18,2,14,0
0029,RT 19 AREA 1(H312); RT 19 AREA 2(H313); RT 19 AREA 3(H314),5,5,324,TRAINER,11,0x0000,3460,3,5,0,0,12,18,8,14,0
0029,RT 19 AREA 1(H312); RT 19 AREA 2(H313); RT 19 AREA 3(H314),6,6,324,TRAINER,10,0x0000,3463,2,5,0,0,23,18,8,14,0
0029,RT 19 AREA 1(H312); RT 19 AREA 2(H313); RT 19 AREA 3(H314),7,7,324,TRAINER,0,0x0000,3461,1,8,0,0,26,18,22,15,0
0029,RT 19 AREA 1(H312); RT 19 AREA 2(H313); RT 19 AREA 3(H314),8,8,327,TRAINER,0,0x0000,3462,0,8,0,0,26,18,29,15,0
0029,RT 19 AREA 1(H312); RT 19 AREA 2(H313); RT 19 AREA 3(H314),9,9,327,TRAINER,0,0x0000,3468,1,8,0,0,6,19,22,15,0
0029,RT 19 AREA 1(H312); RT 19 AREA 2(H313); RT 19 AREA 3(H314),10,10,324,TRAINER,0,0x0000,3469,0,8,0,0,6,19,29,15,0
0029,RT 19 AREA 1(H312); RT 19 AREA 2(H313); RT 19 AREA 3(H314),11,11,324,TRAINER,0,0x0000,3470,1,8,0,0,5,19,8,15,0
0029,RT 19 AREA 1(H312); RT 19 AREA 2(H313); RT 19 AREA 3(H314),12,12,327,TRAINER,0,0x0000,3471,0,8,0,0,5,19,12,15,0
0029,RT 19 AREA 1(H312); RT 19 AREA 2(H313); RT 19 AREA 3(H314),13,13,324,TRAINER,45,0x0000,3463,0,5,0,6,29,18,13,15,0
0029,RT 19 AREA 1(H312); RT 19 AREA 2(H313); RT 19 AREA 3(H314),14,14,324,TRAINER,0,0x0000,3464,3,5,0,0,21,18,13,15,0
0029,RT 19 AREA 1(H312); RT 19 AREA 2(H313); RT 19 AREA 3(H314),15,15,227,TRAINER,2,0x0000,3465,2,5,0,0,26,19,21,15,0
0029,RT 19 AREA 1(H312); RT 19 AREA 2(H313); RT 19 AREA 3(H314),16,16,327,TRAINER,2,0x0000,3466,3,5,0,0,14,19,19,15,0
0029,RT 19 AREA 1(H312); RT 19 AREA 2(H313); RT 19 AREA 3(H314),17,17,324,TRAINER,9,0x0000,3467,1,5,0,0,17,19,8,15,0
0029,RT 19 AREA 1(H312); RT 19 AREA 2(H313); RT 19 AREA 3(H314),18,18,327,TRAINER,2,0x0000,3472,3,5,0,0,7,19,23,14,0
0029,RT 19 AREA 1(H312); RT 19 AREA 2(H313); RT 19 AREA 3(H314),19,19,324,TRAINER,7,0x0000,3473,0,5,0,0,15,19,27,14,0
0029,RT 19 AREA 1(H312); RT 19 AREA 2(H313); RT 19 AREA 3(H314),20,20,324,TRAINER,0,0x0000,3474,2,5,0,0,18,19,8,14,0
0029,RT 19 AREA 1(H312); RT 19 AREA 2(H313); RT 19 AREA 3(H314),21,21,324,TRAINER,0,0x0000,3475,1,5,3,3,15,19,17,13,0
0029,RT 19 AREA 1(H312); RT 19 AREA 2(H313); RT 19 AREA 3(H314),22,22,227,TRAINER,2,0x0000,3476,1,6,0,0,29,19,14,13,0
0029,RT 19 AREA 1(H312); RT 19 AREA 2(H313); RT 19 AREA 3(H314),23,23,327,TRAINER,2,0x0000,3477,0,5,0,0,22,19,28,13,0
0030,ULURU 2 A1(H315); ULURU 2 A2(H316),0,0,324,TRAINER,0,0x0000,3504,1,6,0,0,7,1,19,3,0
0030,ULURU 2 A1(H315); ULURU 2 A2(H316),1,1,327,TRAINER,0,0x0000,3505,0,6,0,0,6,1,26,3,0
0030,ULURU 2 A1(H315); ULURU 2 A2(H316),2,2,324,TRAINER,0,0x0000,3506,0,6,0,0,8,1,26,3,0
0030,ULURU 2 A1(H315); ULURU 2 A2(H316),3,3,327,TRAINER,6,0x0000,3507,2,6,0,0,15,1,22,3,0
0030,ULURU 2 A1(H315); ULURU 2 A2(H316),4,4,324,TRAINER,9,0x0000,3508,3,6,0,0,13,1,15,3,0
0030,ULURU 2 A1(H315); ULURU 2 A2(H316),5,5,327,TRAINER,6,0x0000,3509,0,6,0,0,17,1,17,2,0
0030,ULURU 2 A1(H315); ULURU 2 A2(H316),6,6,324,TRAINER,8,0x0000,3510,2,6,0,0,13,2,24,3,0
0030,ULURU 2 A1(H315); ULURU 2 A2(H316),7,7,324,TRAINER,8,0x0000,3511,1,6,0,0,27,2,12,3,0
0030,ULURU 2 A1(H315); ULURU 2 A2(H316),8,8,327,TRAINER,9,0x0000,3512,1,6,0,0,4,3,22,3,0
0030,ULURU 2 A1(H315); ULURU 2 A2(H316),9,9,327,TRAINER,0,0x0000,3513,3,6,0,0,21,1,30,1,0
0030,ULURU 2 A1(H315); ULURU 2 A2(H316),10,10,327,TRAINER,0,0x0000,3514,2,6,0,0,26,1,30,1,0
0030,ULURU 2 A1(H315); ULURU 2 A2(H316),11,11,327,TRAINER,7,0x0000,3515,3,6,0,0,15,2,4,3,0
0030,ULURU 2 A1(H315); ULURU 2 A2(H316),12,12,324,TRAINER,45,0x0000,3516,0,6,0,6,27,3,18,3,0
0030,ULURU 2 A1(H315); ULURU 2 A2(H316),13,13,327,TRAINER,0,0x0000,3517,2,6,0,0,10,1,21,1,0
0030,ULURU 2 A1(H315); ULURU 2 A2(H316),14,14,344,TRAINER,0,0x0000,3518,1,6,0,0,13,3,9,2,0
0030,ULURU 2 A1(H315); ULURU 2 A2(H316),15,15,327,TRAINER,0,0x0000,3519,0,6,0,0,13,3,14,2,0
0030,ULURU 2 A1(H315); ULURU 2 A2(H316),16,16,324,TRAINER,45,0x0000,3520,1,8,0,6,20,3,7,2,0
0030,ULURU 2 A1(H315); ULURU 2 A2(H316),17,17,327,TRAINER,0,0x0000,3521,0,8,0,0,23,3,15,2,0
0031,RT 13 AREA 1(H317); RT 13 AREA 2(H318); RT 13 AREA 3(H319); RT 13 AREA 4(H320); RT 13 AREA 5(H321); RT 13 AREA 6(H322); RT 13 AREA 7(H323),0,0,324,TRAINER,41,0x0000,3555,0,6,9,0,14,27,19,15,0
0031,RT 13 AREA 1(H317); RT 13 AREA 2(H318); RT 13 AREA 3(H319); RT 13 AREA 4(H320); RT 13 AREA 5(H321); RT 13 AREA 6(H322); RT 13 AREA 7(H323),1,1,327,TRAINER,42,0x0000,3557,1,6,9,0,23,27,10,15,0
0031,RT 13 AREA 1(H317); RT 13 AREA 2(H318); RT 13 AREA 3(H319); RT 13 AREA 4(H320); RT 13 AREA 5(H321); RT 13 AREA 6(H322); RT 13 AREA 7(H323),2,2,324,TRAINER,2,0x0000,3556,1,4,9,0,10,28,9,15,0
0031,RT 13 AREA 1(H317); RT 13 AREA 2(H318); RT 13 AREA 3(H319); RT 13 AREA 4(H320); RT 13 AREA 5(H321); RT 13 AREA 6(H322); RT 13 AREA 7(H323),3,3,324,TRAINER,2,0x0000,3560,0,4,9,0,19,28,20,15,0
0031,RT 13 AREA 1(H317); RT 13 AREA 2(H318); RT 13 AREA 3(H319); RT 13 AREA 4(H320); RT 13 AREA 5(H321); RT 13 AREA 6(H322); RT 13 AREA 7(H323),4,4,327,TRAINER,2,0x0000,3558,3,4,9,0,10,28,20,15,0
0031,RT 13 AREA 1(H317); RT 13 AREA 2(H318); RT 13 AREA 3(H319); RT 13 AREA 4(H320); RT 13 AREA 5(H321); RT 13 AREA 6(H322); RT 13 AREA 7(H323),5,5,327,TRAINER,2,0x0000,3559,2,4,9,0,19,28,9,15,0
0031,RT 13 AREA 1(H317); RT 13 AREA 2(H318); RT 13 AREA 3(H319); RT 13 AREA 4(H320); RT 13 AREA 5(H321); RT 13 AREA 6(H322); RT 13 AREA 7(H323),6,6,327,TRAINER,2,0x0000,3561,0,4,9,0,11,28,9,16,0
0031,RT 13 AREA 1(H317); RT 13 AREA 2(H318); RT 13 AREA 3(H319); RT 13 AREA 4(H320); RT 13 AREA 5(H321); RT 13 AREA 6(H322); RT 13 AREA 7(H323),7,7,327,TRAINER,0,0x0000,3562,1,4,9,0,3,29,13,15,0
0031,RT 13 AREA 1(H317); RT 13 AREA 2(H318); RT 13 AREA 3(H319); RT 13 AREA 4(H320); RT 13 AREA 5(H321); RT 13 AREA 6(H322); RT 13 AREA 7(H323),8,8,324,TRAINER,2,0x0000,3563,1,4,9,0,18,28,6,16,0
0031,RT 13 AREA 1(H317); RT 13 AREA 2(H318); RT 13 AREA 3(H319); RT 13 AREA 4(H320); RT 13 AREA 5(H321); RT 13 AREA 6(H322); RT 13 AREA 7(H323),9,9,324,TRAINER,2,0x0000,3564,2,4,9,0,21,29,14,15,0
0031,RT 13 AREA 1(H317); RT 13 AREA 2(H318); RT 13 AREA 3(H319); RT 13 AREA 4(H320); RT 13 AREA 5(H321); RT 13 AREA 6(H322); RT 13 AREA 7(H323),10,10,327,TRAINER,2,0x0000,3565,0,4,9,0,11,29,19,15,0
0031,RT 13 AREA 1(H317); RT 13 AREA 2(H318); RT 13 AREA 3(H319); RT 13 AREA 4(H320); RT 13 AREA 5(H321); RT 13 AREA 6(H322); RT 13 AREA 7(H323),11,11,324,TRAINER,2,0x0000,3566,2,4,9,0,11,29,4,16,0
0031,RT 13 AREA 1(H317); RT 13 AREA 2(H318); RT 13 AREA 3(H319); RT 13 AREA 4(H320); RT 13 AREA 5(H321); RT 13 AREA 6(H322); RT 13 AREA 7(H323),12,12,324,TRAINER,2,0x0000,3567,1,4,9,0,8,27,22,16,0
0031,RT 13 AREA 1(H317); RT 13 AREA 2(H318); RT 13 AREA 3(H319); RT 13 AREA 4(H320); RT 13 AREA 5(H321); RT 13 AREA 6(H322); RT 13 AREA 7(H323),13,13,324,TRAINER,2,0x0000,3568,2,4,9,0,12,27,23,17,0
0031,RT 13 AREA 1(H317); RT 13 AREA 2(H318); RT 13 AREA 3(H319); RT 13 AREA 4(H320); RT 13 AREA 5(H321); RT 13 AREA 6(H322); RT 13 AREA 7(H323),14,14,327,TRAINER,2,0x0000,3569,3,4,9,0,17,27,9,17,0
0031,RT 13 AREA 1(H317); RT 13 AREA 2(H318); RT 13 AREA 3(H319); RT 13 AREA 4(H320); RT 13 AREA 5(H321); RT 13 AREA 6(H322); RT 13 AREA 7(H323),15,15,327,TRAINER,2,0x0000,3570,2,4,9,0,10,28,26,18,0
0031,RT 13 AREA 1(H317); RT 13 AREA 2(H318); RT 13 AREA 3(H319); RT 13 AREA 4(H320); RT 13 AREA 5(H321); RT 13 AREA 6(H322); RT 13 AREA 7(H323),16,16,324,TRAINER,2,0x0000,3571,3,4,9,0,3,27,8,19,0
0031,RT 13 AREA 1(H317); RT 13 AREA 2(H318); RT 13 AREA 3(H319); RT 13 AREA 4(H320); RT 13 AREA 5(H321); RT 13 AREA 6(H322); RT 13 AREA 7(H323),17,17,327,TRAINER,0,0x0000,3572,1,6,9,0,25,26,13,17,0
0031,RT 13 AREA 1(H317); RT 13 AREA 2(H318); RT 13 AREA 3(H319); RT 13 AREA 4(H320); RT 13 AREA 5(H321); RT 13 AREA 6(H322); RT 13 AREA 7(H323),18,18,327,TRAINER,0,0x0000,3573,0,6,9,0,25,26,19,17,0
0031,RT 13 AREA 1(H317); RT 13 AREA 2(H318); RT 13 AREA 3(H319); RT 13 AREA 4(H320); RT 13 AREA 5(H321); RT 13 AREA 6(H322); RT 13 AREA 7(H323),19,19,324,TRAINER,2,0x0000,3574,1,4,9,0,25,30,4,16,0
0031,RT 13 AREA 1(H317); RT 13 AREA 2(H318); RT 13 AREA 3(H319); RT 13 AREA 4(H320); RT 13 AREA 5(H321); RT 13 AREA 6(H322); RT 13 AREA 7(H323),20,20,324,TRAINER,2,0x0000,3575,1,4,9,0,10,27,27,18,0
0031,RT 13 AREA 1(H317); RT 13 AREA 2(H318); RT 13 AREA 3(H319); RT 13 AREA 4(H320); RT 13 AREA 5(H321); RT 13 AREA 6(H322); RT 13 AREA 7(H323),21,21,324,TRAINER,2,0x0000,3576,1,4,9,0,6,28,14,18,0
0031,RT 13 AREA 1(H317); RT 13 AREA 2(H318); RT 13 AREA 3(H319); RT 13 AREA 4(H320); RT 13 AREA 5(H321); RT 13 AREA 6(H322); RT 13 AREA 7(H323),22,22,327,TRAINER,2,0x0000,3577,1,6,9,0,21,27,18,16,0
0032,ULURU 3 A1(H324); ULURU 3 A2(H325),0,0,324,TRAINER,0,0x0000,3659,3,5,0,0,23,3,25,2,0
0032,ULURU 3 A1(H324); ULURU 3 A2(H325),1,1,324,TRAINER,0,0x0000,3661,1,5,0,0,12,3,10,2,0
0032,ULURU 3 A1(H324); ULURU 3 A2(H325),2,2,324,TRAINER,9,0x0000,3662,1,5,0,0,15,2,11,2,0
0032,ULURU 3 A1(H324); ULURU 3 A2(H325),3,3,327,TRAINER,0,0x0000,3660,2,5,0,0,28,3,22,2,0
0032,ULURU 3 A1(H324); ULURU 3 A2(H325),4,4,327,TRAINER,8,0x0000,3663,1,5,0,0,27,1,13,2,0
0032,ULURU 3 A1(H324); ULURU 3 A2(H325),5,5,327,TRAINER,6,0x0000,3664,2,5,0,0,21,1,9,1,0
0032,ULURU 3 A1(H324); ULURU 3 A2(H325),6,6,324,TRAINER,6,0x0000,3665,2,5,0,0,14,1,6,2,0
0032,ULURU 3 A1(H324); ULURU 3 A2(H325),7,7,327,TRAINER,9,0x0000,3666,1,5,0,0,15,2,10,1,0
0032,ULURU 3 A1(H324); ULURU 3 A2(H325),8,8,324,TRAINER,7,0x0000,3667,0,5,0,0,9,3,18,1,0
0032,ULURU 3 A1(H324); ULURU 3 A2(H325),9,9,324,TRAINER,7,0x0000,3668,3,5,0,0,7,3,25,0,0
0032,ULURU 3 A1(H324); ULURU 3 A2(H325),10,10,324,TRAINER,6,0x0000,3669,0,6,0,0,26,1,10,0,0
0032,ULURU 3 A1(H324); ULURU 3 A2(H325),11,11,324,TRAINER,41,0x0000,3670,0,4,3,3,15,2,22,0,0
0033,UNDARA AREA 1(H326); UNDARA AREA 2(H327); UNDARA AREA 3(H328); UNDARA AREA 4(H329),0,0,324,TRAINER,0,0x0000,3595,2,4,0,0,19,4,13,4,0
0033,UNDARA AREA 1(H326); UNDARA AREA 2(H327); UNDARA AREA 3(H328); UNDARA AREA 4(H329),1,1,324,TRAINER,0,0x0000,3596,3,4,0,0,8,1,6,2,0
0033,UNDARA AREA 1(H326); UNDARA AREA 2(H327); UNDARA AREA 3(H328); UNDARA AREA 4(H329),2,2,324,TRAINER,0,0x0000,3597,2,4,0,0,20,1,6,2,0
0033,UNDARA AREA 1(H326); UNDARA AREA 2(H327); UNDARA AREA 3(H328); UNDARA AREA 4(H329),3,3,324,TRAINER,0,0x0000,3598,3,4,0,0,13,4,7,4,0
0033,UNDARA AREA 1(H326); UNDARA AREA 2(H327); UNDARA AREA 3(H328); UNDARA AREA 4(H329),4,4,327,TRAINER,0,0x0000,3599,2,4,0,0,19,4,2,4,0
0033,UNDARA AREA 1(H326); UNDARA AREA 2(H327); UNDARA AREA 3(H328); UNDARA AREA 4(H329),5,5,327,TRAINER,2,0x0000,3600,1,4,0,0,15,4,20,3,0
0033,UNDARA AREA 1(H326); UNDARA AREA 2(H327); UNDARA AREA 3(H328); UNDARA AREA 4(H329),6,6,327,TRAINER,2,0x0000,3601,0,4,0,0,28,3,27,3,0
0033,UNDARA AREA 1(H326); UNDARA AREA 2(H327); UNDARA AREA 3(H328); UNDARA AREA 4(H329),7,7,324,TRAINER,2,0x0000,3602,1,4,0,0,20,3,8,3,0
0033,UNDARA AREA 1(H326); UNDARA AREA 2(H327); UNDARA AREA 3(H328); UNDARA AREA 4(H329),8,8,324,TRAINER,2,0x0000,3603,0,4,0,0,19,2,28,3,0
0033,UNDARA AREA 1(H326); UNDARA AREA 2(H327); UNDARA AREA 3(H328); UNDARA AREA 4(H329),9,9,324,TRAINER,2,0x0000,3604,3,4,0,0,14,1,19,3,0
0033,UNDARA AREA 1(H326); UNDARA AREA 2(H327); UNDARA AREA 3(H328); UNDARA AREA 4(H329),10,10,327,TRAINER,12,0x0000,3605,0,7,0,0,14,1,23,1,0
0033,UNDARA AREA 1(H326); UNDARA AREA 2(H327); UNDARA AREA 3(H328); UNDARA AREA 4(H329),11,11,324,TRAINER,2,0x0000,3606,1,4,0,0,23,3,16,2,0
0033,UNDARA AREA 1(H326); UNDARA AREA 2(H327); UNDARA AREA 3(H328); UNDARA AREA 4(H329),12,12,327,TRAINER,0,0x0000,3607,0,4,0,0,12,2,7,2,0
0033,UNDARA AREA 1(H326); UNDARA AREA 2(H327); UNDARA AREA 3(H328); UNDARA AREA 4(H329),13,13,324,TRAINER,0,0x0000,3608,0,4,0,0,13,3,17,1,0
0033,UNDARA AREA 1(H326); UNDARA AREA 2(H327); UNDARA AREA 3(H328); UNDARA AREA 4(H329),14,14,327,TRAINER,0,0x0000,3609,1,7,0,0,13,2,12,2,0
0033,UNDARA AREA 1(H326); UNDARA AREA 2(H327); UNDARA AREA 3(H328); UNDARA AREA 4(H329),15,15,324,TRAINER,0,0x0000,3610,3,6,0,0,24,2,17,1,0
0033,UNDARA AREA 1(H326); UNDARA AREA 2(H327); UNDARA AREA 3(H328); UNDARA AREA 4(H329),16,16,327,TRAINER,0,0x0000,3611,2,7,0,0,30,2,17,1,0
0033,UNDARA AREA 1(H326); UNDARA AREA 2(H327); UNDARA AREA 3(H328); UNDARA AREA 4(H329),17,17,521,NORMAL,0,0x0000,1,2,0,0,0,13,2,15,3,0
0034,PRIMAL CAVE 1(H335); -(H336); -(H337),0,0,333,TRAINER,4,0x0000,3060,0,5,0,0,10,14,19,14,0
0034,PRIMAL CAVE 1(H335); -(H336); -(H337),1,1,262,NORMAL,0,0x0000,2800,0,9,0,0,23,14,26,14,0
0034,PRIMAL CAVE 1(H335); -(H336); -(H337),2,2,262,NORMAL,0,0x0000,2800,0,10,0,0,24,14,26,14,0
0034,PRIMAL CAVE 1(H335); -(H336); -(H337),3,3,319,NORMAL,3,0x0000,1,3,0,1,1,21,14,25,14,0
0035,SHALLOW C 1(H338); SHALLOW C 2(H339); SHALLOW C 3(H340); SHALLOW C 4(H341),0,0,324,TRAINER,0,0x0000,3639,3,4,0,0,14,1,11,2,0
0035,SHALLOW C 1(H338); SHALLOW C 2(H339); SHALLOW C 3(H340); SHALLOW C 4(H341),1,1,324,TRAINER,0,0x0000,3640,2,4,0,0,18,1,11,2,0
0035,SHALLOW C 1(H338); SHALLOW C 2(H339); SHALLOW C 3(H340); SHALLOW C 4(H341),2,2,324,TRAINER,6,0x0000,3625,0,4,0,0,21,1,10,0,0
0035,SHALLOW C 1(H338); SHALLOW C 2(H339); SHALLOW C 3(H340); SHALLOW C 4(H341),3,3,327,TRAINER,0,0x0000,3626,3,4,0,0,14,1,16,0,0
0035,SHALLOW C 1(H338); SHALLOW C 2(H339); SHALLOW C 3(H340); SHALLOW C 4(H341),4,4,324,TRAINER,0,0x0000,3627,2,4,0,0,18,1,20,0,0
0035,SHALLOW C 1(H338); SHALLOW C 2(H339); SHALLOW C 3(H340); SHALLOW C 4(H341),5,5,327,TRAINER,9,0x0000,3628,3,6,0,0,13,1,24,0,0
0035,SHALLOW C 1(H338); SHALLOW C 2(H339); SHALLOW C 3(H340); SHALLOW C 4(H341),6,6,324,TRAINER,0,0x0000,3629,0,4,0,0,4,1,27,0,0
0035,SHALLOW C 1(H338); SHALLOW C 2(H339); SHALLOW C 3(H340); SHALLOW C 4(H341),7,7,327,TRAINER,9,0x0000,3630,1,6,0,0,21,1,24,0,0
0035,SHALLOW C 1(H338); SHALLOW C 2(H339); SHALLOW C 3(H340); SHALLOW C 4(H341),8,8,324,TRAINER,9,0x0000,3631,1,4,0,0,29,1,26,0,0
0035,SHALLOW C 1(H338); SHALLOW C 2(H339); SHALLOW C 3(H340); SHALLOW C 4(H341),9,9,327,TRAINER,9,0x0000,3632,3,6,0,0,4,2,31,0,0
0035,SHALLOW C 1(H338); SHALLOW C 2(H339); SHALLOW C 3(H340); SHALLOW C 4(H341),10,10,327,TRAINER,6,0x0000,3633,0,6,0,0,6,2,4,1,0
0035,SHALLOW C 1(H338); SHALLOW C 2(H339); SHALLOW C 3(H340); SHALLOW C 4(H341),11,11,324,TRAINER,6,0x0000,3634,0,4,0,0,6,2,14,1,0
0035,SHALLOW C 1(H338); SHALLOW C 2(H339); SHALLOW C 3(H340); SHALLOW C 4(H341),12,12,327,TRAINER,8,0x0000,3635,1,6,0,0,6,2,17,1,0
0035,SHALLOW C 1(H338); SHALLOW C 2(H339); SHALLOW C 3(H340); SHALLOW C 4(H341),13,13,324,TRAINER,7,0x0000,3636,0,4,0,0,25,0,3,1,0
0035,SHALLOW C 1(H338); SHALLOW C 2(H339); SHALLOW C 3(H340); SHALLOW C 4(H341),14,14,324,TRAINER,7,0x0000,3637,0,4,0,0,26,0,18,1,0
0035,SHALLOW C 1(H338); SHALLOW C 2(H339); SHALLOW C 3(H340); SHALLOW C 4(H341),15,15,327,TRAINER,8,0x0000,3638,1,6,0,0,25,0,12,1,0
0035,SHALLOW C 1(H338); SHALLOW C 2(H339); SHALLOW C 3(H340); SHALLOW C 4(H341),16,16,327,TRAINER,9,0x0000,3641,1,6,0,0,30,0,4,2,0
0035,SHALLOW C 1(H338); SHALLOW C 2(H339); SHALLOW C 3(H340); SHALLOW C 4(H341),17,17,324,TRAINER,7,0x0000,3642,0,4,0,0,12,1,6,2,0
0035,SHALLOW C 1(H338); SHALLOW C 2(H339); SHALLOW C 3(H340); SHALLOW C 4(H341),18,18,324,TRAINER,7,0x0000,3643,0,4,0,0,14,1,0,3,0
0035,SHALLOW C 1(H338); SHALLOW C 2(H339); SHALLOW C 3(H340); SHALLOW C 4(H341),19,19,327,TRAINER,9,0x0000,3644,3,6,0,0,16,1,17,3,0
0035,SHALLOW C 1(H338); SHALLOW C 2(H339); SHALLOW C 3(H340); SHALLOW C 4(H341),20,20,324,TRAINER,8,0x0000,3645,2,6,0,0,15,1,25,3,0
0036,RT 15 AREA 1(H343),0,0,324,TRAINER,2,0x0000,3646,3,3,0,0,11,22,3,3,0
0036,RT 15 AREA 1(H343),1,1,327,TRAINER,2,0x0000,3648,2,3,0,0,20,22,3,3,0
0036,RT 15 AREA 1(H343),2,2,324,TRAINER,0,0x0000,3647,3,3,0,0,14,22,20,2,0
0036,RT 15 AREA 1(H343),3,3,327,TRAINER,0,0x0000,3649,2,3,0,0,17,22,7,2,0
0037,ULURU 4 A1(H346); ULURU 4 A2(H347); ULURU 4 A3(H350),0,0,332,NORMAL,16,0x0000,9,2,0,0,0,10,13,22,7,0
0037,ULURU 4 A1(H346); ULURU 4 A2(H347); ULURU 4 A3(H350),1,1,319,NORMAL,5,0x0000,10,2,0,2,0,19,13,21,7,0
0037,ULURU 4 A1(H346); ULURU 4 A2(H347); ULURU 4 A3(H350),2,2,351,TRAINER,17,0x0000,3394,3,3,0,0,28,11,20,7,0
0037,ULURU 4 A1(H346); ULURU 4 A2(H347); ULURU 4 A3(H350),3,3,146,TRAINER,16,0x0000,3023,2,6,0,0,17,12,24,7,0
0037,ULURU 4 A1(H346); ULURU 4 A2(H347); ULURU 4 A3(H350),4,4,381,NORMAL,0,0x01C2,1,0,0,0,0,31,12,22,7,0
0037,ULURU 4 A1(H346); ULURU 4 A2(H347); ULURU 4 A3(H350),5,5,319,NORMAL,0,0x01CF,8,0,0,0,0,31,12,25,7,0
0037,ULURU 4 A1(H346); ULURU 4 A2(H347); ULURU 4 A3(H350),6,6,146,NORMAL,2,0x01C4,2,0,0,0,0,15,13,20,7,0
0037,ULURU 4 A1(H346); ULURU 4 A2(H347); ULURU 4 A3(H350),7,7,262,NORMAL,0,0x0000,2800,0,12,0,0,30,11,9,7,0
0037,ULURU 4 A1(H346); ULURU 4 A2(H347); ULURU 4 A3(H350),8,8,87,NORMAL,0,0x04FC,7025,0,0,0,0,9,12,13,7,0
0038,SPEAR PLR 1(H348); SPEAR PLR 2(H349),0,0,316,TRAINER,15,0x0000,3080,1,1,0,0,6,12,19,6,0
0038,SPEAR PLR 1(H348); SPEAR PLR 2(H349),1,1,316,TRAINER,15,0x0000,5080,1,1,0,0,7,12,19,6,0
0038,SPEAR PLR 1(H348); SPEAR PLR 2(H349),2,2,351,TRAINER,9,0x0000,3385,1,5,0,0,18,12,18,6,0
0038,SPEAR PLR 1(H348); SPEAR PLR 2(H349),3,3,315,NORMAL,2,0x01C3,2,1,0,0,0,20,12,8,6,0
0038,SPEAR PLR 1(H348); SPEAR PLR 2(H349),4,4,262,NORMAL,0,0x0000,2800,0,13,0,0,17,12,10,6,0
0038,SPEAR PLR 1(H348); SPEAR PLR 2(H349),5,5,262,NORMAL,0,0x0000,2800,0,14,0,0,22,12,10,6,0
0038,SPEAR PLR 1(H348); SPEAR PLR 2(H349),6,6,262,NORMAL,0,0x0000,2800,0,15,0,0,20,12,12,6,0
0038,SPEAR PLR 1(H348); SPEAR PLR 2(H349),7,7,326,TRAINER,17,0x0000,3678,3,5,0,0,2,12,12,6,0
0038,SPEAR PLR 1(H348); SPEAR PLR 2(H349),8,8,326,TRAINER,16,0x0000,3679,2,5,0,0,11,12,12,6,0
0039,RT 18 AREA 1(H351); RT 18 AREA 2(H352); RT 18 AREA 3(H353); RT 18 AREA 4(H354); RT 17 AREA 1(H401); RT 17 AREA 2(H402); RT 17 AREA 3(H403); RT 17 AREA 4(H404); RT 17 AREA 5(H405); RT 17 AREA 6(H406); RT 17 AREA 7(H407); RT 17 AREA 8(H408),0,0,324,TRAINER,2,0x0000,3671,3,4,0,0,13,22,15,14,0
0039,RT 18 AREA 1(H351); RT 18 AREA 2(H352); RT 18 AREA 3(H353); RT 18 AREA 4(H354); RT 17 AREA 1(H401); RT 17 AREA 2(H402); RT 17 AREA 3(H403); RT 17 AREA 4(H404); RT 17 AREA 5(H405); RT 17 AREA 6(H406); RT 17 AREA 7(H407); RT 17 AREA 8(H408),1,1,324,TRAINER,2,0x0000,3672,2,4,0,0,20,22,17,14,0
0039,RT 18 AREA 1(H351); RT 18 AREA 2(H352); RT 18 AREA 3(H353); RT 18 AREA 4(H354); RT 17 AREA 1(H401); RT 17 AREA 2(H402); RT 17 AREA 3(H403); RT 17 AREA 4(H404); RT 17 AREA 5(H405); RT 17 AREA 6(H406); RT 17 AREA 7(H407); RT 17 AREA 8(H408),2,2,327,TRAINER,2,0x0000,3673,3,4,0,0,9,22,19,14,0
0039,RT 18 AREA 1(H351); RT 18 AREA 2(H352); RT 18 AREA 3(H353); RT 18 AREA 4(H354); RT 17 AREA 1(H401); RT 17 AREA 2(H402); RT 17 AREA 3(H403); RT 17 AREA 4(H404); RT 17 AREA 5(H405); RT 17 AREA 6(H406); RT 17 AREA 7(H407); RT 17 AREA 8(H408),3,3,324,TRAINER,11,0x0000,3674,3,4,0,0,29,21,13,15,0
0039,RT 18 AREA 1(H351); RT 18 AREA 2(H352); RT 18 AREA 3(H353); RT 18 AREA 4(H354); RT 17 AREA 1(H401); RT 17 AREA 2(H402); RT 17 AREA 3(H403); RT 17 AREA 4(H404); RT 17 AREA 5(H405); RT 17 AREA 6(H406); RT 17 AREA 7(H407); RT 17 AREA 8(H408),4,4,324,TRAINER,2,0x0000,3675,1,4,0,0,28,22,20,15,0
0039,RT 18 AREA 1(H351); RT 18 AREA 2(H352); RT 18 AREA 3(H353); RT 18 AREA 4(H354); RT 17 AREA 1(H401); RT 17 AREA 2(H402); RT 17 AREA 3(H403); RT 17 AREA 4(H404); RT 17 AREA 5(H405); RT 17 AREA 6(H406); RT 17 AREA 7(H407); RT 17 AREA 8(H408),5,5,324,TRAINER,2,0x0000,3676,0,4,0,0,17,21,28,15,0
0039,RT 18 AREA 1(H351); RT 18 AREA 2(H352); RT 18 AREA 3(H353); RT 18 AREA 4(H354); RT 17 AREA 1(H401); RT 17 AREA 2(H402); RT 17 AREA 3(H403); RT 17 AREA 4(H404); RT 17 AREA 5(H405); RT 17 AREA 6(H406); RT 17 AREA 7(H407); RT 17 AREA 8(H408),6,6,324,TRAINER,2,0x0000,3677,0,4,0,0,13,22,10,16,0
0039,RT 18 AREA 1(H351); RT 18 AREA 2(H352); RT 18 AREA 3(H353); RT 18 AREA 4(H354); RT 17 AREA 1(H401); RT 17 AREA 2(H402); RT 17 AREA 3(H403); RT 17 AREA 4(H404); RT 17 AREA 5(H405); RT 17 AREA 6(H406); RT 17 AREA 7(H407); RT 17 AREA 8(H408),7,7,324,TRAINER,3,0x0000,3678,2,4,3,3,14,23,7,16,0
0039,RT 18 AREA 1(H351); RT 18 AREA 2(H352); RT 18 AREA 3(H353); RT 18 AREA 4(H354); RT 17 AREA 1(H401); RT 17 AREA 2(H402); RT 17 AREA 3(H403); RT 17 AREA 4(H404); RT 17 AREA 5(H405); RT 17 AREA 6(H406); RT 17 AREA 7(H407); RT 17 AREA 8(H408),8,8,324,TRAINER,3,0x0000,3679,2,4,3,3,14,23,24,15,0
0039,RT 18 AREA 1(H351); RT 18 AREA 2(H352); RT 18 AREA 3(H353); RT 18 AREA 4(H354); RT 17 AREA 1(H401); RT 17 AREA 2(H402); RT 17 AREA 3(H403); RT 17 AREA 4(H404); RT 17 AREA 5(H405); RT 17 AREA 6(H406); RT 17 AREA 7(H407); RT 17 AREA 8(H408),9,9,327,TRAINER,2,0x0000,3680,1,5,0,0,24,21,5,16,0
0039,RT 18 AREA 1(H351); RT 18 AREA 2(H352); RT 18 AREA 3(H353); RT 18 AREA 4(H354); RT 17 AREA 1(H401); RT 17 AREA 2(H402); RT 17 AREA 3(H403); RT 17 AREA 4(H404); RT 17 AREA 5(H405); RT 17 AREA 6(H406); RT 17 AREA 7(H407); RT 17 AREA 8(H408),10,10,324,TRAINER,3,0x0000,3681,2,4,3,3,26,21,23,16,0
0039,RT 18 AREA 1(H351); RT 18 AREA 2(H352); RT 18 AREA 3(H353); RT 18 AREA 4(H354); RT 17 AREA 1(H401); RT 17 AREA 2(H402); RT 17 AREA 3(H403); RT 17 AREA 4(H404); RT 17 AREA 5(H405); RT 17 AREA 6(H406); RT 17 AREA 7(H407); RT 17 AREA 8(H408),11,11,327,TRAINER,7,0x0000,3682,3,5,0,0,25,21,11,17,0
0039,RT 18 AREA 1(H351); RT 18 AREA 2(H352); RT 18 AREA 3(H353); RT 18 AREA 4(H354); RT 17 AREA 1(H401); RT 17 AREA 2(H402); RT 17 AREA 3(H403); RT 17 AREA 4(H404); RT 17 AREA 5(H405); RT 17 AREA 6(H406); RT 17 AREA 7(H407); RT 17 AREA 8(H408),12,12,324,TRAINER,2,0x0000,3683,1,4,0,0,23,22,6,17,0
0039,RT 18 AREA 1(H351); RT 18 AREA 2(H352); RT 18 AREA 3(H353); RT 18 AREA 4(H354); RT 17 AREA 1(H401); RT 17 AREA 2(H402); RT 17 AREA 3(H403); RT 17 AREA 4(H404); RT 17 AREA 5(H405); RT 17 AREA 6(H406); RT 17 AREA 7(H407); RT 17 AREA 8(H408),13,13,324,TRAINER,2,0x0000,3684,1,4,0,0,7,22,15,17,0
0039,RT 18 AREA 1(H351); RT 18 AREA 2(H352); RT 18 AREA 3(H353); RT 18 AREA 4(H354); RT 17 AREA 1(H401); RT 17 AREA 2(H402); RT 17 AREA 3(H403); RT 17 AREA 4(H404); RT 17 AREA 5(H405); RT 17 AREA 6(H406); RT 17 AREA 7(H407); RT 17 AREA 8(H408),14,14,327,TRAINER,2,0x0000,3685,2,5,0,0,11,23,2,17,0
0039,RT 18 AREA 1(H351); RT 18 AREA 2(H352); RT 18 AREA 3(H353); RT 18 AREA 4(H354); RT 17 AREA 1(H401); RT 17 AREA 2(H402); RT 17 AREA 3(H403); RT 17 AREA 4(H404); RT 17 AREA 5(H405); RT 17 AREA 6(H406); RT 17 AREA 7(H407); RT 17 AREA 8(H408),15,15,324,TRAINER,2,0x0000,3686,1,4,0,0,5,22,27,16,0
0039,RT 18 AREA 1(H351); RT 18 AREA 2(H352); RT 18 AREA 3(H353); RT 18 AREA 4(H354); RT 17 AREA 1(H401); RT 17 AREA 2(H402); RT 17 AREA 3(H403); RT 17 AREA 4(H404); RT 17 AREA 5(H405); RT 17 AREA 6(H406); RT 17 AREA 7(H407); RT 17 AREA 8(H408),16,16,324,TRAINER,2,0x0000,3687,1,4,0,0,8,21,12,16,0
0039,RT 18 AREA 1(H351); RT 18 AREA 2(H352); RT 18 AREA 3(H353); RT 18 AREA 4(H354); RT 17 AREA 1(H401); RT 17 AREA 2(H402); RT 17 AREA 3(H403); RT 17 AREA 4(H404); RT 17 AREA 5(H405); RT 17 AREA 6(H406); RT 17 AREA 7(H407); RT 17 AREA 8(H408),17,17,324,TRAINER,2,0x0000,3688,3,4,0,0,5,22,20,15,0
0040,HAUNT AREA 1(H387); HAUNT AREA 2(H388); HAUNT AREA 3(H389); HAUNT AREA 4(H390); HAUNT AREA 5(H391),0,0,327,TRAINER,2,0x0000,3700,0,4,0,0,9,21,15,23,0
0040,HAUNT AREA 1(H387); HAUNT AREA 2(H388); HAUNT AREA 3(H389); HAUNT AREA 4(H390); HAUNT AREA 5(H391),1,1,327,TRAINER,2,0x0000,3702,3,3,0,0,24,24,17,22,0
0040,HAUNT AREA 1(H387); HAUNT AREA 2(H388); HAUNT AREA 3(H389); HAUNT AREA 4(H390); HAUNT AREA 5(H391),2,2,324,TRAINER,2,0x0000,3701,2,3,0,0,22,20,27,23,0
0040,HAUNT AREA 1(H387); HAUNT AREA 2(H388); HAUNT AREA 3(H389); HAUNT AREA 4(H390); HAUNT AREA 5(H391),3,3,324,TRAINER,2,0x0000,3703,0,3,0,0,20,20,9,24,0
0040,HAUNT AREA 1(H387); HAUNT AREA 2(H388); HAUNT AREA 3(H389); HAUNT AREA 4(H390); HAUNT AREA 5(H391),4,4,327,TRAINER,2,0x0000,3704,0,3,0,0,20,25,20,22,0
0040,HAUNT AREA 1(H387); HAUNT AREA 2(H388); HAUNT AREA 3(H389); HAUNT AREA 4(H390); HAUNT AREA 5(H391),5,5,327,TRAINER,2,0x0000,3705,0,3,0,0,7,21,18,24,0
0040,HAUNT AREA 1(H387); HAUNT AREA 2(H388); HAUNT AREA 3(H389); HAUNT AREA 4(H390); HAUNT AREA 5(H391),6,6,327,TRAINER,2,0x0000,3706,0,3,0,0,14,21,22,24,0
0040,HAUNT AREA 1(H387); HAUNT AREA 2(H388); HAUNT AREA 3(H389); HAUNT AREA 4(H390); HAUNT AREA 5(H391),7,7,327,TRAINER,2,0x0000,3707,0,3,0,0,10,21,8,25,0
0040,HAUNT AREA 1(H387); HAUNT AREA 2(H388); HAUNT AREA 3(H389); HAUNT AREA 4(H390); HAUNT AREA 5(H391),8,8,324,TRAINER,2,0x0000,3708,1,3,0,0,23,22,9,24,0
0040,HAUNT AREA 1(H387); HAUNT AREA 2(H388); HAUNT AREA 3(H389); HAUNT AREA 4(H390); HAUNT AREA 5(H391),9,9,324,TRAINER,2,0x0000,3709,1,3,0,0,8,23,21,24,0
0040,HAUNT AREA 1(H387); HAUNT AREA 2(H388); HAUNT AREA 3(H389); HAUNT AREA 4(H390); HAUNT AREA 5(H391),10,10,324,TRAINER,2,0x0000,3710,1,3,0,0,21,25,26,21,0
0040,HAUNT AREA 1(H387); HAUNT AREA 2(H388); HAUNT AREA 3(H389); HAUNT AREA 4(H390); HAUNT AREA 5(H391),11,11,324,TRAINER,2,0x0000,3711,1,3,0,0,6,23,8,23,0
0040,HAUNT AREA 1(H387); HAUNT AREA 2(H388); HAUNT AREA 3(H389); HAUNT AREA 4(H390); HAUNT AREA 5(H391),12,12,324,TRAINER,2,0x0000,3712,1,3,0,0,4,23,2,24,0
0040,HAUNT AREA 1(H387); HAUNT AREA 2(H388); HAUNT AREA 3(H389); HAUNT AREA 4(H390); HAUNT AREA 5(H391),13,13,327,TRAINER,2,0x0000,3713,1,3,0,0,23,23,21,21,0
0040,HAUNT AREA 1(H387); HAUNT AREA 2(H388); HAUNT AREA 3(H389); HAUNT AREA 4(H390); HAUNT AREA 5(H391),14,14,324,TRAINER,2,0x0000,3714,2,3,0,0,16,24,24,21,0
0040,HAUNT AREA 1(H387); HAUNT AREA 2(H388); HAUNT AREA 3(H389); HAUNT AREA 4(H390); HAUNT AREA 5(H391),15,15,324,TRAINER,2,0x0000,3715,1,3,0,0,5,24,17,20,0
0040,HAUNT AREA 1(H387); HAUNT AREA 2(H388); HAUNT AREA 3(H389); HAUNT AREA 4(H390); HAUNT AREA 5(H391),16,16,327,TRAINER,2,0x0000,3716,0,3,0,0,6,26,6,21,0
0040,HAUNT AREA 1(H387); HAUNT AREA 2(H388); HAUNT AREA 3(H389); HAUNT AREA 4(H390); HAUNT AREA 5(H391),17,17,327,TRAINER,2,0x0000,3717,0,5,0,0,20,26,27,22,0
0041,MANSION A1(H392),0,0,327,TRAINER,8,0x0000,3718,1,2,0,0,3,0,8,0,0
0041,MANSION A1(H392),1,1,324,TRAINER,9,0x0000,3719,1,2,0,0,15,0,8,0,0
0041,MANSION A1(H392),2,2,327,TRAINER,8,0x0000,3720,1,2,0,0,11,0,6,0,0
0042,D HQ1 F2(H68),0,0,322,NORMAL,2,0x01B8,6,3,0,0,0,5,0,10,0,0
0042,D HQ1 F2(H68),1,1,326,NORMAL,0,0x0000,5,2,0,0,0,24,0,7,0,0
0042,D HQ1 F2(H68),2,2,1004,NORMAL,0,0x0000,4,1,0,0,0,20,0,5,0,0
0042,D HQ1 F2(H68),3,3,34,NORMAL,0,0x01B8,7,3,0,0,0,3,0,5,0,0
0042,D HQ1 F2(H68),4,4,222,TRAINER,0,0x01B7,3186,1,2,0,0,13,0,5,0,0
0042,D HQ1 F2(H68),5,5,221,TRAINER,0,0x01B7,3197,0,4,0,0,14,0,12,0,0
0042,D HQ1 F2(H68),6,6,222,TRAINER,18,0x01B7,3187,1,2,0,0,7,0,10,0,0
0042,D HQ1 F2(H68),7,7,222,TRAINER,0,0x01B7,3185,3,2,0,0,3,0,14,0,0
0042,D HQ1 F2(H68),8,8,326,NORMAL,0,0x0000,11,1,0,0,0,18,0,12,0,0
0042,D HQ1 F2(H68),9,9,325,NORMAL,0,0x0000,10,2,0,0,0,24,0,11,0,0
0043,RT 9 AREA 1(H242); RT 9 AREA 2(H243); RT 9 AREA 3(H244); RT 9 AREA 4(H246); RT 9 AREA 5(H247); RT 10 AREA 1(H248); RT 10 AREA 2(H249),0,0,377,TRAINER,38,0x0000,3265,1,3,3,3,7,36,10,11,0
0043,RT 9 AREA 1(H242); RT 9 AREA 2(H243); RT 9 AREA 3(H244); RT 9 AREA 4(H246); RT 9 AREA 5(H247); RT 10 AREA 1(H248); RT 10 AREA 2(H249),1,1,20,TRAINER,3,0x0000,3266,0,4,6,6,8,36,13,10,0
0043,RT 9 AREA 1(H242); RT 9 AREA 2(H243); RT 9 AREA 3(H244); RT 9 AREA 4(H246); RT 9 AREA 5(H247); RT 10 AREA 1(H248); RT 10 AREA 2(H249),2,2,9,TRAINER,37,0x0000,3268,0,3,3,3,24,36,13,11,0
0043,RT 9 AREA 1(H242); RT 9 AREA 2(H243); RT 9 AREA 3(H244); RT 9 AREA 4(H246); RT 9 AREA 5(H247); RT 10 AREA 1(H248); RT 10 AREA 2(H249),3,3,12,TRAINER,3,0x0000,3267,1,4,6,6,24,36,12,10,0
0043,RT 9 AREA 1(H242); RT 9 AREA 2(H243); RT 9 AREA 3(H244); RT 9 AREA 4(H246); RT 9 AREA 5(H247); RT 10 AREA 1(H248); RT 10 AREA 2(H249),4,4,20,TRAINER,3,0x0000,3345,3,4,6,6,14,35,13,10,0
0043,RT 9 AREA 1(H242); RT 9 AREA 2(H243); RT 9 AREA 3(H244); RT 9 AREA 4(H246); RT 9 AREA 5(H247); RT 10 AREA 1(H248); RT 10 AREA 2(H249),5,5,20,TRAINER,8,0x0000,3346,1,4,6,6,9,37,20,10,0
0043,RT 9 AREA 1(H242); RT 9 AREA 2(H243); RT 9 AREA 3(H244); RT 9 AREA 4(H246); RT 9 AREA 5(H247); RT 10 AREA 1(H248); RT 10 AREA 2(H249),6,6,12,TRAINER,8,0x0000,3347,1,4,12,12,16,37,12,10,0
0043,RT 9 AREA 1(H242); RT 9 AREA 2(H243); RT 9 AREA 3(H244); RT 9 AREA 4(H246); RT 9 AREA 5(H247); RT 10 AREA 1(H248); RT 10 AREA 2(H249),7,7,323,TRAINER,0,0x0000,3348,1,5,0,0,26,37,2,11,0
0043,RT 9 AREA 1(H242); RT 9 AREA 2(H243); RT 9 AREA 3(H244); RT 9 AREA 4(H246); RT 9 AREA 5(H247); RT 10 AREA 1(H248); RT 10 AREA 2(H249),8,8,351,TRAINER,0,0x0000,3349,0,5,0,0,26,37,6,11,0
0043,RT 9 AREA 1(H242); RT 9 AREA 2(H243); RT 9 AREA 3(H244); RT 9 AREA 4(H246); RT 9 AREA 5(H247); RT 10 AREA 1(H248); RT 10 AREA 2(H249),9,9,5,TRAINER,0,0x0000,3352,1,5,0,0,15,36,15,9,0
0043,RT 9 AREA 1(H242); RT 9 AREA 2(H243); RT 9 AREA 3(H244); RT 9 AREA 4(H246); RT 9 AREA 5(H247); RT 10 AREA 1(H248); RT 10 AREA 2(H249),10,10,20,TRAINER,0,0x0000,3353,0,5,0,0,15,36,19,9,0
0043,RT 9 AREA 1(H242); RT 9 AREA 2(H243); RT 9 AREA 3(H244); RT 9 AREA 4(H246); RT 9 AREA 5(H247); RT 10 AREA 1(H248); RT 10 AREA 2(H249),11,11,20,TRAINER,2,0x0000,3350,1,5,0,0,2,38,19,9,0
0043,RT 9 AREA 1(H242); RT 9 AREA 2(H243); RT 9 AREA 3(H244); RT 9 AREA 4(H246); RT 9 AREA 5(H247); RT 10 AREA 1(H248); RT 10 AREA 2(H249),12,12,12,TRAINER,2,0x0000,3351,1,5,0,0,15,37,15,9,0
0043,RT 9 AREA 1(H242); RT 9 AREA 2(H243); RT 9 AREA 3(H244); RT 9 AREA 4(H246); RT 9 AREA 5(H247); RT 10 AREA 1(H248); RT 10 AREA 2(H249),13,13,347,TRAINER,0,0x0000,3366,3,5,0,0,19,38,28,10,0
0043,RT 9 AREA 1(H242); RT 9 AREA 2(H243); RT 9 AREA 3(H244); RT 9 AREA 4(H246); RT 9 AREA 5(H247); RT 10 AREA 1(H248); RT 10 AREA 2(H249),14,14,347,TRAINER,0,0x0000,3368,0,5,0,0,31,37,27,8,0
0043,RT 9 AREA 1(H242); RT 9 AREA 2(H243); RT 9 AREA 3(H244); RT 9 AREA 4(H246); RT 9 AREA 5(H247); RT 10 AREA 1(H248); RT 10 AREA 2(H249),15,15,347,TRAINER,0,0x0000,3369,3,5,0,0,9,38,9,7,0
0043,RT 9 AREA 1(H242); RT 9 AREA 2(H243); RT 9 AREA 3(H244); RT 9 AREA 4(H246); RT 9 AREA 5(H247); RT 10 AREA 1(H248); RT 10 AREA 2(H249),16,16,347,TRAINER,0,0x0000,3371,0,5,0,0,9,37,6,5,0
0043,RT 9 AREA 1(H242); RT 9 AREA 2(H243); RT 9 AREA 3(H244); RT 9 AREA 4(H246); RT 9 AREA 5(H247); RT 10 AREA 1(H248); RT 10 AREA 2(H249),17,17,20,TRAINER,0,0x0000,3367,3,5,0,0,16,35,17,9,0
0043,RT 9 AREA 1(H242); RT 9 AREA 2(H243); RT 9 AREA 3(H244); RT 9 AREA 4(H246); RT 9 AREA 5(H247); RT 10 AREA 1(H248); RT 10 AREA 2(H249),18,18,377,TRAINER,2,0x0000,3370,3,5,0,0,9,37,22,7,0
0043,RT 9 AREA 1(H242); RT 9 AREA 2(H243); RT 9 AREA 3(H244); RT 9 AREA 4(H246); RT 9 AREA 5(H247); RT 10 AREA 1(H248); RT 10 AREA 2(H249),19,19,141,TRAINER,0,0x0000,3286,3,5,0,0,9,36,8,8,0
0043,RT 9 AREA 1(H242); RT 9 AREA 2(H243); RT 9 AREA 3(H244); RT 9 AREA 4(H246); RT 9 AREA 5(H247); RT 10 AREA 1(H248); RT 10 AREA 2(H249),20,20,227,TRAINER,0,0x0000,3376,3,7,0,0,8,36,0,8,0
0043,RT 9 AREA 1(H242); RT 9 AREA 2(H243); RT 9 AREA 3(H244); RT 9 AREA 4(H246); RT 9 AREA 5(H247); RT 10 AREA 1(H248); RT 10 AREA 2(H249),21,21,20,TRAINER,0,0x0000,3377,2,7,0,0,14,36,0,8,0
0043,RT 9 AREA 1(H242); RT 9 AREA 2(H243); RT 9 AREA 3(H244); RT 9 AREA 4(H246); RT 9 AREA 5(H247); RT 10 AREA 1(H248); RT 10 AREA 2(H249),22,22,141,TRAINER,0,0x0000,3287,0,5,0,0,6,37,19,6,0
0043,RT 9 AREA 1(H242); RT 9 AREA 2(H243); RT 9 AREA 3(H244); RT 9 AREA 4(H246); RT 9 AREA 5(H247); RT 10 AREA 1(H248); RT 10 AREA 2(H249),23,23,9,TRAINER,0,0x0000,3288,1,5,0,0,6,37,15,6,0
0043,RT 9 AREA 1(H242); RT 9 AREA 2(H243); RT 9 AREA 3(H244); RT 9 AREA 4(H246); RT 9 AREA 5(H247); RT 10 AREA 1(H248); RT 10 AREA 2(H249),24,24,351,TRAINER,1,0x0000,3289,1,5,0,0,18,36,14,6,0
0043,RT 9 AREA 1(H242); RT 9 AREA 2(H243); RT 9 AREA 3(H244); RT 9 AREA 4(H246); RT 9 AREA 5(H247); RT 10 AREA 1(H248); RT 10 AREA 2(H249),25,25,351,TRAINER,13,0x0000,3289,1,5,0,0,3,36,23,7,0
0043,RT 9 AREA 1(H242); RT 9 AREA 2(H243); RT 9 AREA 3(H244); RT 9 AREA 4(H246); RT 9 AREA 5(H247); RT 10 AREA 1(H248); RT 10 AREA 2(H249),26,26,377,TRAINER,7,0x0000,3290,0,5,0,0,28,35,27,7,0
0043,RT 9 AREA 1(H242); RT 9 AREA 2(H243); RT 9 AREA 3(H244); RT 9 AREA 4(H246); RT 9 AREA 5(H247); RT 10 AREA 1(H248); RT 10 AREA 2(H249),27,27,344,TRAINER,2,0x0000,3291,3,5,0,0,11,35,6,8,0
0043,RT 9 AREA 1(H242); RT 9 AREA 2(H243); RT 9 AREA 3(H244); RT 9 AREA 4(H246); RT 9 AREA 5(H247); RT 10 AREA 1(H248); RT 10 AREA 2(H249),28,28,219,TRAINER,2,0x0000,3292,1,5,0,0,11,36,2,6,0
0043,RT 9 AREA 1(H242); RT 9 AREA 2(H243); RT 9 AREA 3(H244); RT 9 AREA 4(H246); RT 9 AREA 5(H247); RT 10 AREA 1(H248); RT 10 AREA 2(H249),29,29,351,TRAINER,2,0x0000,3293,1,5,0,0,11,35,22,6,0
0043,RT 9 AREA 1(H242); RT 9 AREA 2(H243); RT 9 AREA 3(H244); RT 9 AREA 4(H246); RT 9 AREA 5(H247); RT 10 AREA 1(H248); RT 10 AREA 2(H249),30,30,377,TRAINER,3,0x0000,3294,1,5,5,5,17,35,11,5,0
0043,RT 9 AREA 1(H242); RT 9 AREA 2(H243); RT 9 AREA 3(H244); RT 9 AREA 4(H246); RT 9 AREA 5(H247); RT 10 AREA 1(H248); RT 10 AREA 2(H249),31,31,351,TRAINER,0,0x0000,3295,2,7,5,5,19,35,4,4,0
0043,RT 9 AREA 1(H242); RT 9 AREA 2(H243); RT 9 AREA 3(H244); RT 9 AREA 4(H246); RT 9 AREA 5(H247); RT 10 AREA 1(H248); RT 10 AREA 2(H249),32,32,9,TRAINER,0,0x0000,3300,3,4,5,5,14,37,15,5,0
0043,RT 9 AREA 1(H242); RT 9 AREA 2(H243); RT 9 AREA 3(H244); RT 9 AREA 4(H246); RT 9 AREA 5(H247); RT 10 AREA 1(H248); RT 10 AREA 2(H249),33,33,12,TRAINER,3,0x0000,3301,1,4,5,5,19,38,15,5,0
0043,RT 9 AREA 1(H242); RT 9 AREA 2(H243); RT 9 AREA 3(H244); RT 9 AREA 4(H246); RT 9 AREA 5(H247); RT 10 AREA 1(H248); RT 10 AREA 2(H249),34,34,9,TRAINER,3,0x0000,3302,1,4,5,5,19,35,18,3,0
0043,RT 9 AREA 1(H242); RT 9 AREA 2(H243); RT 9 AREA 3(H244); RT 9 AREA 4(H246); RT 9 AREA 5(H247); RT 10 AREA 1(H248); RT 10 AREA 2(H249),35,35,10,TRAINER,8,0x0000,3303,1,4,5,5,22,34,27,5,0
0043,RT 9 AREA 1(H242); RT 9 AREA 2(H243); RT 9 AREA 3(H244); RT 9 AREA 4(H246); RT 9 AREA 5(H247); RT 10 AREA 1(H248); RT 10 AREA 2(H249),36,36,10,TRAINER,3,0x0000,3304,3,4,3,3,15,32,20,3,0
0043,RT 9 AREA 1(H242); RT 9 AREA 2(H243); RT 9 AREA 3(H244); RT 9 AREA 4(H246); RT 9 AREA 5(H247); RT 10 AREA 1(H248); RT 10 AREA 2(H249),37,37,351,TRAINER,0,0x0000,3296,1,4,3,3,6,34,14,3,0
0043,RT 9 AREA 1(H242); RT 9 AREA 2(H243); RT 9 AREA 3(H244); RT 9 AREA 4(H246); RT 9 AREA 5(H247); RT 10 AREA 1(H248); RT 10 AREA 2(H249),38,38,347,TRAINER,0,0x0000,3297,0,4,3,3,6,34,19,3,0
0043,RT 9 AREA 1(H242); RT 9 AREA 2(H243); RT 9 AREA 3(H244); RT 9 AREA 4(H246); RT 9 AREA 5(H247); RT 10 AREA 1(H248); RT 10 AREA 2(H249),39,39,377,TRAINER,10,0x0000,3305,2,4,3,3,10,35,20,9,0
0043,RT 9 AREA 1(H242); RT 9 AREA 2(H243); RT 9 AREA 3(H244); RT 9 AREA 4(H246); RT 9 AREA 5(H247); RT 10 AREA 1(H248); RT 10 AREA 2(H249),40,40,377,TRAINER,8,0x0000,3306,2,4,3,3,22,33,13,3,0
0043,RT 9 AREA 1(H242); RT 9 AREA 2(H243); RT 9 AREA 3(H244); RT 9 AREA 4(H246); RT 9 AREA 5(H247); RT 10 AREA 1(H248); RT 10 AREA 2(H249),41,41,20,TRAINER,13,0x0000,3307,1,4,3,3,13,35,22,5,0
0043,RT 9 AREA 1(H242); RT 9 AREA 2(H243); RT 9 AREA 3(H244); RT 9 AREA 4(H246); RT 9 AREA 5(H247); RT 10 AREA 1(H248); RT 10 AREA 2(H249),42,42,344,TRAINER,14,0x0000,3308,0,5,3,3,26,36,30,5,0
0045,UNDARA CAVE 2(H331),0,0,324,TRAINER,0,0x0000,3612,3,5,0,0,14,0,15,1,0
0045,UNDARA CAVE 2(H331),1,1,327,TRAINER,0,0x0000,3613,2,5,0,0,20,0,13,1,0
0045,UNDARA CAVE 2(H331),2,2,324,TRAINER,0,0x0000,3614,3,5,0,0,15,0,5,1,0
0045,UNDARA CAVE 2(H331),3,3,324,TRAINER,9,0x0000,3615,1,5,0,0,14,0,27,0,0
0045,UNDARA CAVE 2(H331),4,4,324,TRAINER,9,0x0000,3616,1,5,0,0,16,0,22,0,0
0045,UNDARA CAVE 2(H331),5,5,327,TRAINER,9,0x0000,3617,1,5,0,0,20,0,15,0,0
0045,UNDARA CAVE 2(H331),6,6,324,TRAINER,9,0x0000,3618,1,5,0,0,6,1,14,0,0
0045,UNDARA CAVE 2(H331),7,7,324,TRAINER,8,0x0000,3619,1,5,0,0,12,1,14,0,0
0045,UNDARA CAVE 2(H331),8,8,327,TRAINER,0,0x0000,3620,0,9,0,0,9,1,21,0,0
0045,UNDARA CAVE 2(H331),9,9,324,TRAINER,2,0x0000,3621,2,5,0,0,29,2,22,0,0
0045,UNDARA CAVE 2(H331),10,10,324,TRAINER,2,0x0000,3622,0,6,0,0,25,1,24,0,0
0046,HAMPELL TOWN(H23),0,0,325,NORMAL,5,0x0000,1,2,0,1,0,24,30,19,36,0
0046,HAMPELL TOWN(H23),1,1,332,NORMAL,2,0x0000,2,1,0,0,0,11,30,14,36,0
0046,HAMPELL TOWN(H23),2,2,328,NORMAL,14,0x027E,7,0,0,0,0,7,30,26,36,0
0046,HAMPELL TOWN(H23),3,3,521,NORMAL,0,0x0000,1,2,0,0,0,26,30,11,36,0
0048,RT 8 AREA 1(H150); RT 8 AREA 2(H151); RT 8 AREA 3(H161); RT 8 AREA 4(H162),0,0,351,TRAINER,0,0x0000,3208,1,4,0,0,26,35,28,19,0
0048,RT 8 AREA 1(H150); RT 8 AREA 2(H151); RT 8 AREA 3(H161); RT 8 AREA 4(H162),1,1,20,TRAINER,3,0x0000,3201,0,4,5,5,6,35,1,20,0
0048,RT 8 AREA 1(H150); RT 8 AREA 2(H151); RT 8 AREA 3(H161); RT 8 AREA 4(H162),2,2,351,TRAINER,3,0x0000,3209,1,4,5,5,13,34,13,18,0
0048,RT 8 AREA 1(H150); RT 8 AREA 2(H151); RT 8 AREA 3(H161); RT 8 AREA 4(H162),3,3,20,TRAINER,3,0x0000,3211,3,4,5,5,16,34,6,20,0
0048,RT 8 AREA 1(H150); RT 8 AREA 2(H151); RT 8 AREA 3(H161); RT 8 AREA 4(H162),4,4,351,TRAINER,3,0x0000,3212,1,4,5,5,19,35,22,18,0
0048,RT 8 AREA 1(H150); RT 8 AREA 2(H151); RT 8 AREA 3(H161); RT 8 AREA 4(H162),5,5,219,TRAINER,0,0x0000,3213,3,5,0,0,13,35,17,19,0
0048,RT 8 AREA 1(H150); RT 8 AREA 2(H151); RT 8 AREA 3(H161); RT 8 AREA 4(H162),6,6,219,TRAINER,0,0x0000,3214,2,5,0,0,18,35,17,19,0
0048,RT 8 AREA 1(H150); RT 8 AREA 2(H151); RT 8 AREA 3(H161); RT 8 AREA 4(H162),7,7,344,TRAINER,11,0x0000,3215,3,5,0,0,11,35,14,18,0
0048,RT 8 AREA 1(H150); RT 8 AREA 2(H151); RT 8 AREA 3(H161); RT 8 AREA 4(H162),8,8,344,TRAINER,0,0x0000,3239,3,5,0,0,15,34,16,16,0
0048,RT 8 AREA 1(H150); RT 8 AREA 2(H151); RT 8 AREA 3(H161); RT 8 AREA 4(H162),9,9,344,TRAINER,0,0x0000,3240,2,5,0,0,19,34,16,16,0
0048,RT 8 AREA 1(H150); RT 8 AREA 2(H151); RT 8 AREA 3(H161); RT 8 AREA 4(H162),10,10,12,TRAINER,0,0x0000,3241,0,5,0,0,20,34,14,17,0
0048,RT 8 AREA 1(H150); RT 8 AREA 2(H151); RT 8 AREA 3(H161); RT 8 AREA 4(H162),11,11,20,TRAINER,0,0x0000,3242,1,5,0,0,11,34,6,17,0
0048,RT 8 AREA 1(H150); RT 8 AREA 2(H151); RT 8 AREA 3(H161); RT 8 AREA 4(H162),12,12,323,TRAINER,38,0x0000,3249,1,5,3,3,15,35,16,17,0
0049,D HQ1 F3(H69),0,0,222,TRAINER,0,0x01B7,3188,1,3,0,0,9,0,5,0,0
0049,D HQ1 F3(H69),1,1,222,TRAINER,0,0x01B7,3189,1,2,0,0,17,0,12,0,0
0049,D HQ1 F3(H69),2,2,29,TRAINER,0,0x01B7,3470,0,2,0,0,13,0,14,0,0
0049,D HQ1 F3(H69),3,3,322,NORMAL,0,0x0000,4,0,0,0,0,3,0,9,0,0
0049,D HQ1 F3(H69),4,4,326,NORMAL,0,0x0000,6,2,0,0,0,24,0,14,0,0
0049,D HQ1 F3(H69),5,5,322,NORMAL,0,0x01B8,5,0,0,0,0,7,0,13,0,0
0049,D HQ1 F3(H69),6,6,222,TRAINER,0,0x01B7,3190,0,2,0,0,21,0,7,0,0
0049,D HQ1 F3(H69),7,7,257,NORMAL,0,0x01BF,7,0,0,0,0,23,0,11,0,0
0049,D HQ1 F3(H69),8,8,257,NORMAL,0,0x01BF,7,0,0,0,0,24,0,11,0,0
0050,D HQ1 F4(H70),0,0,29,TRAINER,0,0x01B7,3471,0,4,0,0,4,0,9,0,0
0050,D HQ1 F4(H70),1,1,222,TRAINER,0,0x01B7,3191,1,4,0,0,8,0,5,0,0
0050,D HQ1 F4(H70),2,2,221,TRAINER,0,0x01B7,8,0,0,0,0,24,0,11,0,0
0050,D HQ1 F4(H70),3,3,294,TRAINER,0,0x01B7,3705,0,3,0,0,23,0,8,0,0
0050,D HQ1 F4(H70),4,4,389,NORMAL,0,0x0000,5,3,0,0,0,21,0,11,0,0
0050,D HQ1 F4(H70),5,5,1008,NORMAL,0,0x0000,6,3,0,0,0,21,0,12,0,0
0050,D HQ1 F4(H70),6,6,332,NORMAL,0,0x01B8,4,0,0,0,0,9,0,11,0,0
0050,D HQ1 F4(H70),7,7,323,NORMAL,0,0x0000,7,2,0,0,0,24,0,12,0,0
0050,D HQ1 F4(H70),8,8,87,NORMAL,0,0x0441,7002,0,0,0,0,25,0,7,0,0
0051,D HQ1 F5(H71),0,0,341,NORMAL,0,0x02C6,3,0,0,0,0,5,0,13,0,0
0051,D HQ1 F5(H71),1,1,223,TRAINER,0,0x01B7,3477,3,4,0,0,11,0,4,0,0
0051,D HQ1 F5(H71),2,2,293,NORMAL,0,0x02C7,3,0,0,0,0,5,0,13,0,0
0052,D HQ1 F6(H72),0,0,224,NORMAL,0,0x01B7,2,1,0,0,0,7,0,6,0,0
0052,D HQ1 F6(H72),1,1,341,NORMAL,0,0x01B8,0,1,0,0,0,6,0,4,0,0
0056,TROOME CITY(H409); TROOME TBD 1(H420); TROOME TBD 2(H421); TROOME TBD 3(H422); TROOME TBD 4(H423); TROOME TBD 5(H424); TROOME TBD 6(H425); TROOME TBD 7(H426); TROOME TBD 8(H427); TROOME TBD 9(H428); TROOME TBD 10(H429),0,0,521,NORMAL,0,0x0000,1,0,0,0,0,8,15,18,19,0
0057,MAUNCESTON T(H10),0,0,347,NORMAL,0,0x0000,2,1,0,0,0,16,30,1,39,0
0057,MAUNCESTON T(H10),1,4,870,NORMAL,0,0x0000,2,1,0,0,0,16,30,4,39,-327680
0057,MAUNCESTON T(H10),2,6,521,NORMAL,0,0x0000,1,1,0,0,0,20,30,16,38,0
0057,MAUNCESTON T(H10),3,3,299,NORMAL,0,0x0000,3,1,0,0,0,7,30,17,38,0
0057,MAUNCESTON T(H10),4,4,394,NORMAL,0,0x0000,4,1,0,0,0,8,30,17,38,0
0057,MAUNCESTON T(H10),5,5,434,NORMAL,0,0x0000,5,1,0,0,0,10,30,16,38,0
0057,MAUNCESTON T(H10),6,1,382,NORMAL,0,0x0000,6,1,0,0,0,9,30,17,38,0
0058,MAUN 09 LAB01(H19),0,0,99,NORMAL,0,0x0191,1,1,0,0,0,6,0,5,0,0
0058,MAUN 09 LAB01(H19),1,1,34,NORMAL,0,0x019D,0,3,0,0,0,3,0,6,0,0
0058,MAUN 09 LAB01(H19),2,2,29,NORMAL,0,0x0246,2,2,0,0,0,9,0,12,0,0
0058,MAUN 09 LAB01(H19),3,3,101,NORMAL,0,0x01A6,0,0,0,0,0,4,0,14,0,0
0059,MAUN 10 LAB02(H20),0,0,394,NORMAL,0,0x0000,1,1,0,0,0,1,0,5,0,0
0059,MAUN 10 LAB02(H20),1,1,193,NORMAL,0,0x0000,2,1,0,0,0,2,0,5,0,0
0059,MAUN 10 LAB02(H20),2,2,299,NORMAL,0,0x0000,3,1,0,0,0,3,0,5,0,0
0059,MAUN 10 LAB02(H20),3,3,336,NORMAL,0,0x0000,4,1,0,0,0,5,0,3,0,0
0059,MAUN 10 LAB02(H20),4,4,337,NORMAL,0,0x0000,5,1,0,0,0,6,0,3,0,0
0059,MAUN 10 LAB02(H20),5,5,427,NORMAL,0,0x0000,6,1,0,0,0,7,0,3,0,0
0059,MAUN 10 LAB02(H20),6,6,385,NORMAL,0,0x0000,7,1,0,0,0,8,0,3,0,0
0059,MAUN 10 LAB02(H20),7,7,40,NORMAL,0,0x0000,8,1,0,0,0,9,0,3,0,0
0059,MAUN 10 LAB02(H20),8,8,218,NORMAL,0,0x0000,9,1,0,0,0,5,0,6,0,0
0059,MAUN 10 LAB02(H20),9,9,366,NORMAL,0,0x0000,10,1,0,0,0,6,0,9,0,0
0059,MAUN 10 LAB02(H20),10,10,211,NORMAL,0,0x0000,11,1,0,0,0,7,0,9,0,0
0060,MAUN 01 MUM(H11),0,0,365,NORMAL,0,0x0000,2,3,0,0,0,6,0,7,0,0
0061,MAUN 02 PROT(H12),0,0,376,NORMAL,0,0x02AA,0,0,0,0,0,8,0,10,0,0
0061,MAUN 02 PROT(H12),1,1,350,NORMAL,0,0x02AB,0,0,0,0,0,9,0,10,0,0
0061,MAUN 02 PROT(H12),2,2,379,NORMAL,0,0x02A9,0,0,0,0,0,7,0,10,0,0
0062,MAUN 03 HS01(H13),0,0,327,NORMAL,17,0x0000,1,3,0,0,0,5,0,5,0,0
0064,LOBART CITY(H56); RT 4 AREA 1(H81),0,0,521,NORMAL,0,0x0000,1,1,0,0,0,18,30,15,31,0
0064,LOBART CITY(H56); RT 4 AREA 1(H81),1,1,5,TRAINER,0,0x0000,3053,3,6,0,0,5,29,10,31,0
0064,LOBART CITY(H56); RT 4 AREA 1(H81),2,2,5,TRAINER,0,0x0000,3054,2,6,0,0,10,29,10,31,0
0065,HAMP 03 PM01(H26),0,0,334,NORMAL,17,0x0000,1,3,0,0,0,2,0,6,0,0
0065,HAMP 03 PM01(H26),1,1,146,NORMAL,8,0x0000,2,1,0,0,0,7,0,9,0,0
0065,HAMP 03 PM01(H26),2,2,324,NORMAL,5,0x0000,3,2,0,1,0,7,0,4,0,0
0065,HAMP 03 PM01(H26),3,3,334,NORMAL,17,0x0194,4,3,0,0,0,2,0,4,0,0
0065,HAMP 03 PM01(H26),4,4,299,NORMAL,0,0x02A8,10202,1,0,0,0,3,0,8,0,0
0065,HAMP 03 PM01(H26),5,5,193,NORMAL,0,0x02A7,10201,1,0,0,0,2,0,8,0,0
0066,HAMP 01 PC01(H24),0,0,335,NORMAL,15,0x0000,1,1,0,0,0,8,0,11,0,0
0066,HAMP 01 PC01(H24),1,1,336,NORMAL,15,0x0000,9017,1,0,0,0,2,0,4,0,0
0066,HAMP 01 PC01(H24),2,2,336,NORMAL,15,0x0315,9003,1,0,0,0,6,0,4,0,0
0066,HAMP 01 PC01(H24),3,3,336,NORMAL,15,0x0315,9001,1,0,0,0,11,0,4,0,0
0066,HAMP 01 PC01(H24),4,4,332,NORMAL,14,0x0000,2,0,0,0,0,6,0,13,0,0
0066,HAMP 01 PC01(H24),5,5,341,NORMAL,5,0x0000,3,2,0,1,0,11,0,16,0,0
0066,HAMP 01 PC01(H24),6,6,325,NORMAL,14,0x0000,4,0,0,0,0,2,0,16,0,0
0066,HAMP 01 PC01(H24),7,7,335,NORMAL,0,0x0193,2025,2,0,0,0,13,0,17,0,0
0066,HAMP 01 PC01(H24),8,8,336,NORMAL,15,0x0316,5,1,0,0,0,6,0,4,0,0
0066,HAMP 01 PC01(H24),9,9,336,NORMAL,15,0x0316,6,1,0,0,0,11,0,4,0,0
0067,MAUN 05 HS02(H15),0,0,328,NORMAL,17,0x0000,2,3,0,0,0,5,0,5,0,0
0067,MAUN 05 HS02(H15),1,1,315,NORMAL,5,0x0000,3,2,0,1,0,2,0,4,0,0
0068,MAUN 07 HS03(H17),0,0,330,NORMAL,15,0x0000,2,0,0,0,0,4,0,4,0,0
0069,MAUN 11 HS04(H21),0,0,146,NORMAL,17,0x0000,2,3,0,0,0,5,0,5,0,0
0069,MAUN 11 HS04(H21),1,1,319,NORMAL,16,0x0000,3,3,0,0,0,8,0,5,0,0
0070,MELTON CITY(H107),0,0,521,NORMAL,0,0x0000,1,1,0,0,0,16,30,6,20,0
0070,MELTON CITY(H107),1,1,5,TRAINER,9,0x0000,3114,1,4,0,0,18,30,15,19,0
0070,MELTON CITY(H107),2,2,141,TRAINER,2,0x0000,3118,1,4,0,0,12,30,19,19,0
0070,MELTON CITY(H107),3,3,10,TRAINER,2,0x0000,3119,0,4,0,0,26,30,21,19,0
0071,DANBERRA CITY(H136),0,0,521,NORMAL,0,0x0000,1,1,0,0,0,11,36,5,21,0
0072,BAIRNS TOWN(H250),0,0,521,NORMAL,0,0x0000,1,1,0,0,0,8,31,18,2,0
0072,BAIRNS TOWN(H250),1,1,31,TRAINER,3,0x0000,3378,1,0,3,3,23,30,18,2,0
0073,SYDTREE CITY(H163),0,0,521,NORMAL,0,0x0000,1,1,0,0,0,18,37,1,13,0
0074,SHEDSNOW TOWN(H279),0,0,521,NORMAL,0,0x0000,1,3,0,0,0,18,22,19,10,0
0075,DALICE STRING(H299),0,0,521,NORMAL,0,0x0000,1,3,0,0,0,17,15,10,14,0
0076,LOBA 03 PM02(H59),0,0,334,NORMAL,17,0x0000,1,3,0,1,1,2,0,6,0,0
0076,LOBA 03 PM02(H59),1,1,334,NORMAL,17,0x0000,2,3,0,1,1,2,0,4,0,0
0076,LOBA 03 PM02(H59),2,2,331,NORMAL,17,0x0000,3,3,0,0,0,7,0,9,0,0
0076,LOBA 03 PM02(H59),3,3,322,NORMAL,5,0x0000,4,2,0,1,0,9,0,4,0,0
0076,LOBA 03 PM02(H59),4,4,299,NORMAL,0,0x02A8,10202,1,0,0,0,3,0,8,0,0
0076,LOBA 03 PM02(H59),5,5,193,NORMAL,0,0x02A7,10201,1,0,0,0,2,0,8,0,0
0077,TROO 05 GYM08(H414),0,0,168,NORMAL,15,0x0000,4,1,0,0,0,18,0,19,1,0
0077,TROO 05 GYM08(H414),1,1,355,TRAINER,15,0x02ED,2,1,0,0,0,10,0,8,0,0
0077,TROO 05 GYM08(H414),2,2,219,TRAINER,16,0x0000,3493,2,1,0,0,17,0,7,1,0
0077,TROO 05 GYM08(H414),3,3,219,TRAINER,15,0x0000,3088,1,1,0,0,19,0,30,0,0
0077,TROO 05 GYM08(H414),4,4,219,TRAINER,17,0x0000,3492,3,5,0,0,9,0,29,0,0
0077,TROO 05 GYM08(H414),5,5,219,TRAINER,15,0x0000,3045,1,3,0,0,11,0,19,0,0
0077,TROO 05 GYM08(H414),6,6,330,NORMAL,15,0x0247,0,1,0,0,0,16,0,17,1,0
0078,LOBA 01 PC02(H57),0,0,335,NORMAL,0,0x0000,1,1,0,2,0,8,0,11,0,0
0078,LOBA 01 PC02(H57),1,1,336,NORMAL,0,0x0000,9003,1,0,2,0,6,0,4,0,0
0078,LOBA 01 PC02(H57),2,2,336,NORMAL,0,0x0000,9001,1,0,2,0,11,0,4,0,0
0078,LOBA 01 PC02(H57),3,3,336,NORMAL,0,0x0000,9017,1,0,2,0,2,0,4,0,0
0078,LOBA 01 PC02(H57),4,4,235,NORMAL,0,0x01C5,0,0,0,0,0,2,0,11,0,0
0078,LOBA 01 PC02(H57),5,5,338,NORMAL,15,0x0000,5,1,0,0,0,15,0,11,0,0
0078,LOBA 01 PC02(H57),6,6,327,NORMAL,2,0x0000,4,3,0,0,0,4,0,18,0,0
0078,LOBA 01 PC02(H57),7,7,328,NORMAL,2,0x0000,3,2,0,0,0,12,0,15,0,0
0081,HAMP 05 HS06(H28),0,0,324,NORMAL,15,0x0000,1,1,0,0,0,5,0,5,0,0
0081,HAMP 05 HS06(H28),1,1,183,NORMAL,0,0x0000,2,0,0,0,0,6,0,5,0,0
0082,HAMP 06 HS07(H29),0,0,330,NORMAL,17,0x0000,1,3,0,0,0,5,0,5,0,0
0082,HAMP 06 HS07(H29),1,1,146,NORMAL,16,0x0000,2,2,0,0,0,8,0,5,0,0
0084,TERTH CITY(H446),0,0,521,NORMAL,0,0x0000,1,1,0,0,0,31,4,15,18,0
0086,RADELAIDE CTY(H355),0,0,521,NORMAL,0,0x0000,1,1,0,0,0,23,21,13,21,0
0093,,0,0,87,NORMAL,0,0x0479,7355,0,0,0,0,24,0,26,1,0
0093,,1,1,87,NORMAL,0,0x0478,7218,0,0,0,0,13,2,1,1,0
0093,,2,2,319,NORMAL,5,0x024E,5,3,0,1,0,17,1,16,1,0
0093,,3,3,329,NORMAL,15,0x024E,6,1,0,0,0,13,1,16,0,0
0093,,4,4,146,NORMAL,15,0x024E,7,1,0,0,0,8,1,13,2,0
0093,,5,5,146,NORMAL,16,0x024E,8,2,0,0,0,9,1,13,2,0
0093,,6,6,367,NORMAL,15,0x024E,9,1,0,0,0,0,2,19,0,0
0093,,7,7,325,NORMAL,15,0x024E,1,1,0,0,0,30,1,12,2,0
0093,,8,8,1009,NORMAL,15,0x024E,11,1,0,0,0,29,1,12,2,0
0093,,9,9,326,NORMAL,3,0x024E,10,0,0,2,3,19,1,6,2,0
0093,,10,10,318,NORMAL,0,0x0000,10409,0,0,0,0,1,0,3,0,0
0093,,11,11,318,NORMAL,0,0x0000,10411,0,0,0,0,1,0,5,0,0
0093,,12,12,327,NORMAL,0,0x0000,10413,0,0,0,0,1,0,7,0,0
0093,,13,13,328,NORMAL,0,0x0000,10415,0,0,0,0,1,0,9,0,0
0093,,14,14,318,NORMAL,0,0x0000,10417,0,0,0,0,1,0,11,0,0
0093,,15,15,345,NORMAL,0,0x0000,10419,0,0,0,0,1,0,13,0,0
0093,,16,16,346,NORMAL,0,0x0000,10421,0,0,0,0,1,0,15,0,0
0093,,17,17,318,NORMAL,0,0x0000,10423,0,0,0,0,1,0,17,0,0
0093,,18,18,317,NORMAL,0,0x0000,10425,0,0,0,0,1,0,19,0,0
0093,,19,19,146,NORMAL,0,0x0000,10427,0,0,0,0,1,0,21,0,0
0093,,20,20,394,NORMAL,0,0x0000,10428,0,0,0,0,4,0,11,0,0
0093,,21,21,329,TRAINER,2,0x024E,3181,3,3,0,0,20,1,23,1,0
0093,,22,22,319,TRAINER,2,0x024E,3183,1,3,0,0,5,1,31,0,0
0093,,23,23,328,TRAINER,2,0x024E,3180,0,3,0,0,18,1,24,0,0
0093,,24,24,146,TRAINER,2,0x024E,3177,2,3,0,0,2,2,14,1,0
0093,,25,25,87,NORMAL,0,0x0506,7107,0,0,0,0,17,2,16,0,0
0093,,26,26,328,NORMAL,14,0x027E,24,0,0,0,0,22,1,20,1,0
0093,,27,27,328,NORMAL,14,0x027F,25,0,0,0,0,20,1,18,2,0
0093,,28,28,353,NORMAL,16,0x0288,27,0,0,0,0,26,1,7,1,0
0094,MELT 13 GH01(H128),0,0,394,NORMAL,15,0x0000,3,1,0,0,0,6,0,4,0,0
0094,MELT 13 GH01(H128),1,1,101,NORMAL,0,0x0000,0,0,0,0,0,14,0,28,0,0
0094,MELT 13 GH01(H128),2,2,1032,NORMAL,0,0x0000,0,0,0,0,0,13,0,28,0,0
0095,,0,0,394,NORMAL,15,0x0000,2,1,0,0,0,6,0,4,0,0
0095,,1,1,146,NORMAL,5,0x0000,3,2,0,1,0,3,0,8,0,0
0095,,2,2,328,NORMAL,0,0x0000,4,1,0,0,0,9,0,5,0,0
0096,NAVEL WEST 01(H32),0,0,7,TRAINER,6,0x0000,3003,2,3,0,0,13,0,5,1,0
0096,NAVEL WEST 01(H32),1,5,87,NORMAL,0,0x042B,7033,0,0,0,0,7,0,13,1,0
0096,NAVEL WEST 01(H32),2,6,87,NORMAL,0,0x042C,7034,0,0,0,0,5,0,20,1,0
0096,NAVEL WEST 01(H32),3,7,87,NORMAL,0,0x042D,7035,0,0,0,0,11,1,17,1,0
0096,NAVEL WEST 01(H32),4,8,87,NORMAL,0,0x042E,7036,0,0,0,0,25,0,19,1,0
0097,BAIR 08 GH04(H220); SYDT 06 GH03(H231),0,0,394,NORMAL,15,0x0000,2,1,0,0,0,6,0,4,0,0
0097,BAIR 08 GH04(H220); SYDT 06 GH03(H231),1,1,331,NORMAL,15,0x0000,3,1,0,0,0,2,0,5,0,0
0098,LOBA 07 GV01(H82),0,0,394,NORMAL,17,0x0000,1,3,0,0,0,1,0,8,0,0
0098,LOBA 07 GV01(H82),1,1,329,NORMAL,0,0x0000,2,1,0,0,2,6,0,7,0,0
0099,,0,0,317,NORMAL,3,0x0000,6,2,0,1,1,27,0,5,0,0
0099,,1,1,394,NORMAL,0,0x01C3,2,3,0,0,0,21,0,4,0,0
0099,,2,2,40,NORMAL,0,0x0224,1,3,0,0,0,19,0,9,0,0
0099,,3,3,394,NORMAL,0,0x0223,3,1,0,0,0,19,0,5,0,0
0099,,4,4,344,NORMAL,0,0x0223,4,0,0,1,1,9,0,4,0,0
0099,,5,5,319,NORMAL,3,0x0223,5,1,0,1,1,6,0,8,0,0
0099,,6,6,328,NORMAL,14,0x027E,12,0,0,0,0,10,0,9,0,0
0099,,7,7,394,NORMAL,0,0x01C4,2,1,0,0,0,24,0,3,0,0
0100,MELT 11 GV02(H118),0,0,330,NORMAL,3,0x0000,2,2,0,1,1,7,0,9,0,0
0100,MELT 11 GV02(H118),1,1,394,NORMAL,17,0x0000,3,3,0,0,0,1,0,7,0,0
0101,,0,0,394,NORMAL,0,0x01C3,2,1,0,0,0,5,0,4,0,0
0101,,1,1,394,NORMAL,0,0x01C4,2,1,0,0,0,1,0,6,0,0
0103,WELL CAVE F3(H147),0,0,328,NORMAL,0,0x0000,3,1,0,0,0,3,0,2,0,0
0103,WELL CAVE F3(H147),1,1,373,NORMAL,3,0x0262,2,1,0,0,0,4,1,4,0,0
0103,WELL CAVE F3(H147),2,2,87,NORMAL,0,0x0511,7053,0,0,0,0,10,0,26,1,0
0103,WELL CAVE F3(H147),3,3,87,NORMAL,0,0x0512,7315,0,0,0,0,23,0,11,2,0
0103,WELL CAVE F3(H147),4,4,20,TRAINER,0,0x0000,3195,3,4,0,0,8,0,8,1,0
0103,WELL CAVE F3(H147),5,5,50,TRAINER,0,0x0000,3196,2,4,0,0,17,0,25,1,0
0103,WELL CAVE F3(H147),6,6,219,TRAINER,0,0x0000,3197,2,4,0,0,4,1,14,2,0
0105,,0,0,87,NORMAL,0,0x04C6,7040,0,0,0,0,7,0,27,0,0
0105,,1,1,87,NORMAL,0,0x04C7,7383,0,0,0,0,24,0,20,0,0
0106,ICE PATH C1(H291),0,0,69,TRAINER,0,0x0000,3429,3,7,0,0,16,1,23,0,0
0106,ICE PATH C1(H291),1,1,68,TRAINER,0,0x0000,3430,2,7,0,0,24,1,23,0,0
0106,ICE PATH C1(H291),2,2,68,TRAINER,0,0x0000,3431,2,7,0,0,9,1,18,0,0
0106,ICE PATH C1(H291),3,3,68,TRAINER,0,0x0000,3432,3,7,0,0,4,1,18,0,0
0108,HO-OH TWR F1(H44),0,0,220,NORMAL,0,0x0000,1,1,0,0,0,8,0,8,0,0
0109,A HQ1 F1(H61); -(H76); -(H77); -(H192); -(H193); -(H194); -(H195),0,6,222,NORMAL,16,0x01BC,6,2,0,0,0,23,0,5,0,0
0109,A HQ1 F1(H61); -(H76); -(H77); -(H192); -(H193); -(H194); -(H195),1,5,148,NORMAL,0,0x01BD,0,3,0,0,0,26,0,25,0,0
0109,A HQ1 F1(H61); -(H76); -(H77); -(H192); -(H193); -(H194); -(H195),2,2,427,NORMAL,14,0x01B8,3,0,0,0,0,13,0,12,0,0
0109,A HQ1 F1(H61); -(H76); -(H77); -(H192); -(H193); -(H194); -(H195),3,1,427,NORMAL,14,0x01B8,2,0,0,0,0,8,0,12,0,0
0109,A HQ1 F1(H61); -(H76); -(H77); -(H192); -(H193); -(H194); -(H195),4,0,427,NORMAL,0,0x0000,1,2,0,0,0,5,0,12,0,0
0109,A HQ1 F1(H61); -(H76); -(H77); -(H192); -(H193); -(H194); -(H195),5,6,222,NORMAL,16,0x01BC,6,2,0,0,0,23,2,5,0,0
0109,A HQ1 F1(H61); -(H76); -(H77); -(H192); -(H193); -(H194); -(H195),6,5,148,NORMAL,0,0x01BD,0,3,0,0,0,26,2,25,0,0
0109,A HQ1 F1(H61); -(H76); -(H77); -(H192); -(H193); -(H194); -(H195),7,2,427,NORMAL,14,0x01B8,3,0,0,0,0,13,2,12,0,0
0109,A HQ1 F1(H61); -(H76); -(H77); -(H192); -(H193); -(H194); -(H195),8,1,427,NORMAL,14,0x01B8,2,0,0,0,0,8,2,12,0,0
0109,A HQ1 F1(H61); -(H76); -(H77); -(H192); -(H193); -(H194); -(H195),9,0,427,NORMAL,0,0x0000,1,2,0,0,0,5,2,12,0,0
0110,GBR 01(H545),0,0,521,NORMAL,0,0x0000,1,0,0,0,0,14,1,23,8,0
0111,WELL CAVE F1(H145),0,0,233,NORMAL,15,0x01AA,1,1,0,0,0,17,0,8,0,0
0111,WELL CAVE F1(H145),1,1,328,NORMAL,14,0x027E,2,0,0,0,0,16,0,10,0,0
0112,LIGHT H 01 F1(H212),0,0,329,NORMAL,2,0x0000,2,2,0,0,0,9,0,12,0,0
0112,LIGHT H 01 F1(H212),1,1,348,NORMAL,2,0x0000,1,2,0,3,0,4,0,5,0,0
0113,,0,0,288,NORMAL,0,0x0000,0,0,0,2,0,8,0,3,0,65536
0113,,1,1,349,NORMAL,0,0x0000,0,0,0,0,0,7,0,3,0,65536
0113,,2,2,349,NORMAL,0,0x0000,1,0,0,0,0,8,0,4,0,65536
0113,,3,3,349,NORMAL,0,0x0000,0,0,0,0,0,7,0,4,0,65536
0113,,4,4,344,NORMAL,0,0x01F2,4,0,0,0,0,3,0,8,0,0
0113,,5,5,168,NORMAL,0,0x01F2,3,1,0,0,0,6,0,3,0,0
0113,,6,6,331,NORMAL,0,0x01E7,5,3,0,0,0,2,0,4,0,0
0113,,7,7,364,NORMAL,0,0x01F8,6,3,0,0,0,5,0,7,0,0
0113,,8,8,1028,NORMAL,0,0x01F8,8,3,0,0,0,6,0,7,0,0
0114,SYD FOREST 01(H232); SYD FOREST 02(H233); SYD FOREST 03(H234); SYD FOREST 04(H235); SYD FOREST 05(H236); SYD FOREST 06(H237); SYD FOREST 07(H238); SYD FOREST 08(H239),0,0,5,TRAINER,0,0x0000,3250,1,3,0,0,13,34,15,13,0
0114,SYD FOREST 01(H232); SYD FOREST 02(H233); SYD FOREST 03(H234); SYD FOREST 04(H235); SYD FOREST 05(H236); SYD FOREST 06(H237); SYD FOREST 07(H238); SYD FOREST 08(H239),1,1,5,TRAINER,0,0x0000,3251,0,3,0,0,13,34,18,13,0
0114,SYD FOREST 01(H232); SYD FOREST 02(H233); SYD FOREST 03(H234); SYD FOREST 04(H235); SYD FOREST 05(H236); SYD FOREST 06(H237); SYD FOREST 07(H238); SYD FOREST 08(H239),2,2,5,TRAINER,2,0x0000,3252,2,5,0,0,16,33,18,12,0
0114,SYD FOREST 01(H232); SYD FOREST 02(H233); SYD FOREST 03(H234); SYD FOREST 04(H235); SYD FOREST 05(H236); SYD FOREST 06(H237); SYD FOREST 07(H238); SYD FOREST 08(H239),3,3,141,TRAINER,2,0x0000,3253,1,5,0,0,12,34,13,12,0
0114,SYD FOREST 01(H232); SYD FOREST 02(H233); SYD FOREST 03(H234); SYD FOREST 04(H235); SYD FOREST 05(H236); SYD FOREST 06(H237); SYD FOREST 07(H238); SYD FOREST 08(H239),4,4,141,TRAINER,2,0x0000,3254,0,5,0,0,8,34,19,14,0
0114,SYD FOREST 01(H232); SYD FOREST 02(H233); SYD FOREST 03(H234); SYD FOREST 04(H235); SYD FOREST 05(H236); SYD FOREST 06(H237); SYD FOREST 07(H238); SYD FOREST 08(H239),5,5,9,TRAINER,0,0x0000,3256,1,3,0,0,31,33,13,14,0
0114,SYD FOREST 01(H232); SYD FOREST 02(H233); SYD FOREST 03(H234); SYD FOREST 04(H235); SYD FOREST 05(H236); SYD FOREST 06(H237); SYD FOREST 07(H238); SYD FOREST 08(H239),6,6,31,TRAINER,0,0x0000,3257,0,3,0,0,31,33,18,14,0
0114,SYD FOREST 01(H232); SYD FOREST 02(H233); SYD FOREST 03(H234); SYD FOREST 04(H235); SYD FOREST 05(H236); SYD FOREST 06(H237); SYD FOREST 07(H238); SYD FOREST 08(H239),7,7,5,TRAINER,2,0x0000,3258,3,3,0,0,24,32,7,14,0
0114,SYD FOREST 01(H232); SYD FOREST 02(H233); SYD FOREST 03(H234); SYD FOREST 04(H235); SYD FOREST 05(H236); SYD FOREST 06(H237); SYD FOREST 07(H238); SYD FOREST 08(H239),8,8,141,TRAINER,2,0x0000,3254,1,3,0,0,24,32,24,14,0
0114,SYD FOREST 01(H232); SYD FOREST 02(H233); SYD FOREST 03(H234); SYD FOREST 04(H235); SYD FOREST 05(H236); SYD FOREST 06(H237); SYD FOREST 07(H238); SYD FOREST 08(H239),9,9,141,TRAINER,5,0x0000,3255,2,3,5,0,18,32,16,15,0
0114,SYD FOREST 01(H232); SYD FOREST 02(H233); SYD FOREST 03(H234); SYD FOREST 04(H235); SYD FOREST 05(H236); SYD FOREST 06(H237); SYD FOREST 07(H238); SYD FOREST 08(H239),10,10,40,TRAINER,7,0x0000,3259,0,4,0,0,20,32,28,13,0
0114,SYD FOREST 01(H232); SYD FOREST 02(H233); SYD FOREST 03(H234); SYD FOREST 04(H235); SYD FOREST 05(H236); SYD FOREST 06(H237); SYD FOREST 07(H238); SYD FOREST 08(H239),11,11,5,TRAINER,2,0x0000,3261,1,5,0,0,17,33,13,15,0
0114,SYD FOREST 01(H232); SYD FOREST 02(H233); SYD FOREST 03(H234); SYD FOREST 04(H235); SYD FOREST 05(H236); SYD FOREST 06(H237); SYD FOREST 07(H238); SYD FOREST 08(H239),12,12,5,TRAINER,0,0x0000,3263,0,5,0,0,24,33,28,14,0
0114,SYD FOREST 01(H232); SYD FOREST 02(H233); SYD FOREST 03(H234); SYD FOREST 04(H235); SYD FOREST 05(H236); SYD FOREST 06(H237); SYD FOREST 07(H238); SYD FOREST 08(H239),13,13,141,TRAINER,0,0x0000,3262,1,5,0,0,24,33,3,14,0
0115,,0,0,325,NORMAL,3,0x0000,2,1,0,1,1,3,0,25,0,0
0115,,1,1,322,NORMAL,5,0x0000,1,1,0,1,0,9,0,8,0,0
0115,,2,2,101,NORMAL,0,0x02C8,0,2,0,0,0,9,0,4,0,0
0115,,3,3,1032,NORMAL,0,0x02C8,0,2,0,0,0,9,0,4,0,0
0116,,0,0,87,NORMAL,0,0x0495,7038,0,0,0,0,2,1,20,0,0
0116,,1,1,87,NORMAL,0,0x0496,7028,0,0,0,0,3,2,30,0,0
0117,LOBART CAVERN(H84),0,0,377,TRAINER,0,0x0000,3052,2,3,0,0,20,0,19,3,0
0117,LOBART CAVERN(H84),1,1,20,TRAINER,0,0x0000,5060,2,6,0,0,18,0,29,1,0
0117,LOBART CAVERN(H84),2,2,20,TRAINER,0,0x0000,5061,3,6,0,0,13,0,29,1,0
0117,LOBART CAVERN(H84),3,3,12,TRAINER,0,0x0000,3063,3,3,0,0,14,0,24,1,0
0117,LOBART CAVERN(H84),4,4,9,TRAINER,0,0x0000,3064,2,3,0,0,17,0,18,1,0
0117,LOBART CAVERN(H84),5,5,20,TRAINER,0,0x0000,5065,2,6,0,0,17,0,12,1,0
0117,LOBART CAVERN(H84),6,6,20,TRAINER,0,0x0000,5066,3,6,0,0,14,0,12,1,0
0118,,0,0,87,NORMAL,0,0x048A,7002,0,0,0,0,22,0,15,1,0
0118,,1,1,87,NORMAL,0,0x0489,7002,0,0,0,0,16,1,21,0,0
0119,,0,0,87,NORMAL,0,0x04D9,7023,0,0,0,0,22,1,15,0,0
0119,,1,1,328,NORMAL,14,0x027E,1,0,0,0,0,12,0,8,1,0
0120,NAVEL EAST 01(H41),0,0,333,TRAINER,8,0x0000,3009,1,3,0,0,21,0,29,1,0
0120,NAVEL EAST 01(H41),1,1,344,TRAINER,9,0x0000,3011,1,5,0,0,8,2,6,2,0
0121,,0,0,87,NORMAL,0,0x045F,7029,0,0,0,0,2,1,14,0,0
0121,,1,1,87,NORMAL,0,0x0460,7027,0,0,0,0,3,1,1,1,0
0121,,2,2,87,NORMAL,0,0x0461,7017,0,0,0,0,10,1,8,1,0
0121,,3,3,84,NORMAL,0,0x0000,10002,0,0,0,0,11,1,20,1,0
0121,,4,4,84,NORMAL,0,0x0000,10002,0,0,0,0,25,0,17,0,0
0121,,5,5,84,NORMAL,0,0x0000,10002,0,0,0,0,24,0,15,0,0
0123,,0,0,349,NORMAL,0,0x0000,0,0,0,0,0,27,0,11,0,589824
0123,,1,1,87,NORMAL,0,0x045C,7081,0,0,0,0,23,0,12,0,0
0124,LOBA 05 HS09(H79),0,0,328,NORMAL,15,0x0000,1,1,0,0,0,5,0,5,0,0
0127,HAMP 02 PCR01(H25),0,0,286,NORMAL,15,0x0000,9203,1,0,0,0,4,0,4,0,0
0127,HAMP 02 PCR01(H25),1,1,336,NORMAL,15,0x0000,9202,1,0,0,0,8,0,4,0,0
0127,HAMP 02 PCR01(H25),2,2,336,NORMAL,15,0x0000,9201,1,0,0,0,12,0,4,0,0
0128,,0,0,394,NORMAL,15,0x0000,2,1,0,0,0,5,0,4,0,0
0129,RT 5 02 HS10(H104),0,0,344,NORMAL,17,0x0000,1,3,0,0,0,5,0,5,0,0
0129,RT 5 02 HS10(H104),1,1,325,NORMAL,4,0x0000,2,1,0,0,1,9,0,5,0,0
0130,MELT 12 GV03(H120),0,0,394,NORMAL,17,0x0000,2,3,0,0,0,1,0,8,0,0
0130,MELT 12 GV03(H120),1,1,146,NORMAL,3,0x0000,3,0,0,1,1,7,0,6,0,0
0131,RADE 05 GYM07(H360),0,0,352,NORMAL,15,0x02E9,2,1,0,0,0,15,0,4,0,0
0131,RADE 05 GYM07(H360),1,1,323,TRAINER,0,0x0000,3049,3,3,0,0,12,0,15,0,0
0131,RADE 05 GYM07(H360),2,2,323,TRAINER,0,0x0000,3028,2,3,0,0,18,0,11,0,0
0131,RADE 05 GYM07(H360),3,3,168,NORMAL,15,0x02E4,3,1,0,0,0,17,0,26,0,0
0131,RADE 05 GYM07(H360),4,4,168,NORMAL,15,0x02E3,6,1,0,0,0,15,0,20,0,0
0132,,0,0,168,NORMAL,15,0x0000,1,1,0,0,0,9,0,9,0,0
0133,LOBA 04 GYM01(H60),0,0,354,NORMAL,15,0x02EC,1,1,0,0,0,13,0,4,0,0
0133,LOBA 04 GYM01(H60),1,1,319,TRAINER,17,0x0000,3055,2,4,0,0,14,0,15,0,0
0133,LOBA 04 GYM01(H60),2,2,326,TRAINER,17,0x0000,3056,3,2,0,0,6,0,11,0,196608
0133,LOBA 04 GYM01(H60),3,3,326,TRAINER,16,0x0000,3057,2,2,0,0,24,0,18,0,0
0133,LOBA 04 GYM01(H60),4,4,168,NORMAL,0,0x0000,3,1,2,0,0,7,0,23,0,196608
0135,MELT 04 GYM02(H111),0,0,356,NORMAL,15,0x02EB,1,1,0,0,0,13,0,10,0,0
0135,MELT 04 GYM02(H111),1,1,344,TRAINER,20,0x0000,3155,2,1,3,0,6,0,9,0,0
0135,MELT 04 GYM02(H111),2,2,344,TRAINER,17,0x0000,3156,3,4,0,0,18,0,7,0,0
0135,MELT 04 GYM02(H111),3,3,344,TRAINER,16,0x0000,3250,2,3,0,0,7,0,5,0,0
0135,MELT 04 GYM02(H111),4,4,344,TRAINER,20,0x0000,3158,3,2,4,0,15,0,3,0,0
0137,BAIR 04 GYM05(H254),0,0,359,NORMAL,15,0x02EF,1,1,0,0,0,12,0,3,0,0
0137,BAIR 04 GYM05(H254),1,1,324,TRAINER,7,0x0000,3109,3,4,0,0,11,0,2,2,0
0137,BAIR 04 GYM05(H254),2,2,327,TRAINER,16,0x0000,3116,2,3,0,0,8,0,29,1,0
0137,BAIR 04 GYM05(H254),3,3,324,TRAINER,4,0x0000,3111,1,4,0,0,20,0,22,1,0
0137,BAIR 04 GYM05(H254),4,4,327,TRAINER,8,0x0000,3118,2,4,0,0,21,0,13,1,0
0137,BAIR 04 GYM05(H254),5,5,324,TRAINER,17,0x0000,3110,1,2,0,0,13,0,8,1,0
0137,BAIR 04 GYM05(H254),6,6,168,NORMAL,15,0x0000,4,1,0,0,0,15,0,18,2,0
0138,DANB 09 GV04(H149),0,0,394,NORMAL,17,0x0000,1,3,0,0,0,1,0,8,0,0
0139,,0,0,341,NORMAL,0,0x0000,1,2,0,0,0,9,0,7,0,0
0139,,1,1,366,NORMAL,0,0x0195,0,3,0,0,0,8,0,7,0,0
0140,LOBA 02 PCR02(H58),0,0,286,NORMAL,15,0x0000,9203,1,0,0,0,4,0,4,0,0
0140,LOBA 02 PCR02(H58),1,1,336,NORMAL,15,0x0000,9202,1,0,0,0,8,0,4,0,0
0140,LOBA 02 PCR02(H58),2,2,336,NORMAL,15,0x0000,9201,1,0,0,0,12,0,4,0,0
0140,LOBA 02 PCR02(H58),3,3,11,TRAINER,0,0x0000,3059,1,0,0,0,3,0,7,0,0
0141,,0,0,87,NORMAL,0,0x04E9,7041,0,0,0,0,11,1,18,0,0
0141,,1,1,87,NORMAL,0,0x04EC,7092,0,0,0,0,9,0,18,0,0
0141,,2,2,87,NORMAL,0,0x04EB,7023,0,0,0,0,21,0,11,1,0
0141,,3,3,87,NORMAL,0,0x04ED,7254,0,0,0,0,24,0,6,0,0
0141,,4,4,85,NORMAL,0,0x0010,10001,0,0,0,0,6,0,8,1,0
0141,,5,5,85,NORMAL,0,0x0011,10001,0,0,0,0,5,0,9,1,0
0141,,6,6,85,NORMAL,0,0x0012,10001,0,0,0,0,5,0,7,1,0
0141,,7,7,85,NORMAL,0,0x0013,10001,0,0,0,0,7,0,10,1,0
0141,,8,8,85,NORMAL,0,0x0014,10001,0,0,0,0,11,0,7,1,0
0141,,9,9,85,NORMAL,0,0x0015,10001,0,0,0,0,10,0,10,1,0
0141,,10,10,85,NORMAL,0,0x0010,10001,0,0,0,0,11,0,5,1,0
0143,,0,0,353,NORMAL,0,0x0263,1,1,0,0,0,25,0,7,2,0
0143,,1,1,87,NORMAL,0,0x04D2,7056,0,0,0,0,23,0,17,0,0
0143,,2,2,87,NORMAL,0,0x04D3,7065,0,0,0,0,10,1,0,1,0
0143,,3,3,87,NORMAL,0,0x04D5,7085,0,0,0,0,20,0,17,1,0
0143,,4,4,87,NORMAL,0,0x04D6,7404,0,0,0,0,18,1,28,1,0
0143,,5,5,86,NORMAL,0,0x0010,10000,0,0,0,0,23,0,6,2,0
0143,,6,6,86,NORMAL,0,0x0011,10000,0,0,0,0,10,1,6,2,0
0143,,7,7,318,TRAINER,16,0x0000,3694,2,3,0,0,16,1,9,2,0
0143,,8,8,318,TRAINER,15,0x0000,3695,1,3,0,0,15,1,22,1,0
0143,,9,9,318,TRAINER,17,0x0000,3696,3,3,0,0,15,1,7,1,0
0143,,10,10,318,TRAINER,41,0x0000,3697,0,1,5,1,5,1,17,0,0
0143,,11,11,318,TRAINER,17,0x0000,3698,3,5,0,0,14,0,28,0,0
0144,WLDA02 GH08(H526),0,0,394,NORMAL,15,0x0000,1,1,0,0,0,6,0,4,0,0
0144,WLDA02 GH08(H526),1,1,146,NORMAL,5,0x0000,2,2,0,1,0,4,0,8,0,0
0146,,0,0,87,NORMAL,0,0x04F3,7028,0,0,0,0,21,3,11,12,0
0146,,1,1,87,NORMAL,0,0x0501,7279,0,0,0,0,12,3,1,12,0
0146,,2,2,87,NORMAL,0,0x0502,7317,0,0,0,0,14,2,15,12,0
0146,,3,3,87,NORMAL,0,0x0503,7069,0,0,0,0,14,2,11,11,0
0146,,4,4,333,NORMAL,0,0x02CF,2,3,0,0,0,22,2,6,12,0
0146,,5,5,128,NORMAL,0,0x02DF,4,0,0,0,0,3,3,6,12,851968
0146,,6,6,324,TRAINER,0,0x0000,3729,2,1,0,0,3,4,0,12,851968
0146,,7,7,327,TRAINER,0,0x0000,5729,2,1,0,0,3,4,31,11,851968
0146,,8,8,345,TRAINER,17,0x0000,3731,3,3,0,0,21,3,6,12,0
0146,,9,9,323,TRAINER,0,0x0000,3728,1,2,0,0,4,3,12,11,0
0146,,10,10,326,TRAINER,0,0x0000,5728,1,2,0,0,5,3,12,11,0
0146,,11,11,333,TRAINER,8,0x0000,3730,1,2,0,0,7,4,8,12,0
0146,,12,12,356,NORMAL,0,0x0304,5,0,0,0,0,16,2,19,11,0
0147,,0,0,87,NORMAL,0,0x0504,7092,0,0,0,0,11,2,16,10,0
0147,,1,1,328,NORMAL,14,0x027E,1,0,0,0,0,5,3,23,10,0
0147,,2,0,322,NORMAL,2,0x00AE,ALIAS,1,0,0,0,21,2,25,9,0
0147,,3,8,326,NORMAL,16,0x00AE,ALIAS,2,0,0,0,1,3,26,9,0
0147,,4,10,1015,NORMAL,16,0x00AE,ALIAS,2,0,0,0,2,3,26,9,0
0147,,5,6,330,NORMAL,15,0x00AE,ALIAS,1,0,0,0,31,2,23,9,0
0148,NAVEL WEST 02(H33),0,0,148,TRAINER,7,0x0000,3004,0,2,0,0,18,0,7,2,0
0148,NAVEL WEST 02(H33),1,5,87,NORMAL,0,0x0430,7038,0,0,0,0,8,0,19,2,0
0148,NAVEL WEST 02(H33),2,6,87,NORMAL,0,0x042F,7037,0,0,0,0,22,1,22,2,0
0148,NAVEL WEST 02(H33),3,4,84,NORMAL,0,0x0010,10002,0,0,0,0,26,1,16,2,0
0148,NAVEL WEST 02(H33),4,1,333,TRAINER,7,0x0000,3005,3,5,0,0,7,1,18,2,0
0149,SUBTRN CAVE(H85),0,0,344,TRAINER,38,0x0000,3097,1,0,3,3,14,2,19,3,0
0149,SUBTRN CAVE(H85),1,1,345,TRAINER,38,0x0000,3108,1,0,3,3,19,2,14,3,0
0149,SUBTRN CAVE(H85),2,2,7,TRAINER,38,0x0000,3109,1,0,3,3,9,2,14,3,0
0149,SUBTRN CAVE(H85),3,3,5,TRAINER,42,0x0000,3110,1,0,6,6,19,2,12,3,0
0149,SUBTRN CAVE(H85),4,4,50,TRAINER,38,0x0000,3111,1,0,3,3,14,2,9,3,0
0149,SUBTRN CAVE(H85),5,5,141,TRAINER,9,0x0000,3112,3,3,3,3,14,2,26,2,0
0149,SUBTRN CAVE(H85),6,6,31,TRAINER,8,0x0000,3113,2,3,3,3,17,2,17,2,0
0149,SUBTRN CAVE(H85),7,7,20,TRAINER,0,0x0000,3098,1,5,3,3,18,1,13,3,0
0149,SUBTRN CAVE(H85),8,8,347,TRAINER,0,0x0000,3099,0,5,3,3,18,1,18,3,0
0149,SUBTRN CAVE(H85),9,9,351,TRAINER,0,0x0000,3100,0,5,3,3,13,3,18,3,0
0149,SUBTRN CAVE(H85),10,10,351,TRAINER,0,0x0000,3101,1,5,3,3,13,3,13,3,0
0151,MOLTEN CAVERN(H126),0,0,85,NORMAL,0,0x0000,0,1,0,0,0,16,1,11,2,0
0151,MOLTEN CAVERN(H126),1,1,432,NORMAL,3,0x0000,1,3,0,5,5,15,0,19,1,0
0151,MOLTEN CAVERN(H126),2,2,637,NORMAL,3,0x0000,2,3,0,5,5,23,0,8,2,0
0151,MOLTEN CAVERN(H126),3,3,774,NORMAL,3,0x0000,3,2,0,5,5,9,2,8,2,0
0151,MOLTEN CAVERN(H126),4,4,917,NORMAL,3,0x0000,4,2,0,5,5,17,2,19,1,0
0151,MOLTEN CAVERN(H126),5,5,1116,NORMAL,3,0x0000,5,0,0,5,5,3,2,12,2,0
0151,MOLTEN CAVERN(H126),6,6,1300,NORMAL,42,0x0000,6,1,0,3,3,15,1,18,1,0
0151,MOLTEN CAVERN(H126),7,7,1431,NORMAL,3,0x0000,7,1,0,5,5,16,1,1,1,0
0151,MOLTEN CAVERN(H126),8,8,1551,NORMAL,3,0x0000,8,0,0,5,5,29,0,12,2,0
0151,MOLTEN CAVERN(H126),9,9,1664,NORMAL,41,0x0000,9,0,0,5,5,19,1,22,1,0
0151,MOLTEN CAVERN(H126),10,10,85,NORMAL,0,0x0000,0,1,0,0,0,15,1,12,2,0
0151,MOLTEN CAVERN(H126),11,11,85,NORMAL,0,0x0000,0,1,0,0,0,17,1,12,2,0
0152,MELT 03 PM03(H110),0,0,331,NORMAL,5,0x0000,4,2,0,1,0,7,0,4,0,0
0152,MELT 03 PM03(H110),1,1,324,NORMAL,4,0x0000,5,2,0,0,1,10,0,10,0,0
0152,MELT 03 PM03(H110),2,2,334,NORMAL,17,0x0000,1,3,0,0,0,2,0,6,0,0
0152,MELT 03 PM03(H110),3,3,334,NORMAL,17,0x0000,2,3,0,0,0,2,0,4,0,0
0152,MELT 03 PM03(H110),4,4,29,NORMAL,0,0x0197,3,1,0,0,0,6,0,8,0,0
0152,MELT 03 PM03(H110),5,5,299,NORMAL,0,0x02A8,10202,1,0,0,1,3,0,8,0,0
0152,MELT 03 PM03(H110),6,6,193,NORMAL,0,0x02A7,10201,1,0,0,1,2,0,8,0,0
0153,MELT 01 PC03(H108),0,0,322,NORMAL,5,0x0000,2,2,0,1,0,14,0,13,0,0
0153,MELT 01 PC03(H108),1,1,341,NORMAL,15,0x0000,3,1,0,0,0,6,0,14,0,0
0153,MELT 01 PC03(H108),2,2,146,NORMAL,3,0x0000,4,3,0,1,1,3,0,17,0,0
0153,MELT 01 PC03(H108),3,3,335,NORMAL,15,0x0000,1,1,0,0,0,8,0,11,0,0
0153,MELT 01 PC03(H108),4,4,336,NORMAL,15,0x0000,9017,1,0,0,0,2,0,4,0,0
0153,MELT 01 PC03(H108),5,5,336,NORMAL,15,0x0000,9003,1,0,0,0,6,0,4,0,0
0153,MELT 01 PC03(H108),6,6,336,NORMAL,15,0x0000,9001,1,0,0,0,11,0,4,0,0
0153,MELT 01 PC03(H108),7,7,335,NORMAL,0,0x0193,2025,2,0,0,0,13,0,17,0,0
0153,MELT 01 PC03(H108),8,8,384,NORMAL,2,0x0000,5,1,0,1,0,12,0,11,0,0
0153,MELT 01 PC03(H108),9,9,324,NORMAL,2,0x0000,6,1,0,1,0,1,0,10,0,0
0154,LOBA 06 SCHOO(H80),0,0,332,NORMAL,15,0x019B,1,1,0,0,0,4,0,4,0,0
0154,LOBA 06 SCHOO(H80),1,1,146,NORMAL,0,0x0000,5,0,0,0,0,9,0,7,0,0
0154,LOBA 06 SCHOO(H80),2,2,146,NORMAL,0,0x0000,6,0,0,0,0,4,0,7,0,0
0154,LOBA 06 SCHOO(H80),3,3,367,NORMAL,0,0x0000,7,2,0,0,0,8,0,9,0,0
0154,LOBA 06 SCHOO(H80),4,4,367,NORMAL,0,0x0000,8,3,0,0,0,7,0,9,0,0
0154,LOBA 06 SCHOO(H80),5,5,323,NORMAL,2,0x0000,9300,1,0,0,0,13,0,8,0,0
0154,LOBA 06 SCHOO(H80),6,6,320,NORMAL,0,0x0000,4,0,0,0,0,3,0,9,0,0
0155,MELT 09 HS11(H116),0,0,325,NORMAL,14,0x0000,2,0,0,0,0,5,0,5,0,0
0155,MELT 09 HS11(H116),1,1,319,NORMAL,16,0x0000,3,2,0,0,0,7,0,3,0,0
0155,MELT 09 HS11(H116),2,2,995,NORMAL,5,0x0000,4,2,0,1,0,5,0,3,0,0
0156,DANB 06 HS13(H142),0,0,328,NORMAL,15,0x0000,3,1,0,0,0,8,0,6,0,0
0156,DANB 06 HS13(H142),1,1,146,NORMAL,3,0x0000,2,1,0,1,1,2,0,5,0,0
0157,DANB 07 HS14(H143),0,0,344,NORMAL,9,0x01AE,1,3,0,0,0,2,0,6,0,0
0157,DANB 07 HS14(H143),1,1,146,NORMAL,2,0x01AC,2,2,0,0,0,5,0,5,0,0
0157,DANB 07 HS14(H143),2,2,1017,NORMAL,3,0x01AC,3,0,0,1,1,8,0,7,0,0
0157,DANB 07 HS14(H143),3,3,1017,NORMAL,2,0x01AC,3,0,0,0,0,9,0,5,0,0
0158,,0,0,233,NORMAL,15,0x019E,2,1,0,0,0,4,0,4,0,0
0158,,1,1,316,NORMAL,2,0x0000,3,2,0,0,0,6,0,5,0,0
0158,,2,2,1015,NORMAL,14,0x01AB,4,0,0,0,0,7,0,5,0,0
0159,DANB 04 PM04(H140),0,0,334,NORMAL,17,0x0000,1,3,0,0,0,2,0,6,0,0
0159,DANB 04 PM04(H140),1,1,324,NORMAL,14,0x0000,3,0,0,0,0,10,0,3,0,0
0159,DANB 04 PM04(H140),2,2,315,NORMAL,5,0x0000,4,2,0,1,0,6,0,8,0,0
0159,DANB 04 PM04(H140),3,3,334,NORMAL,17,0x0000,2,3,0,0,0,2,0,4,0,0
0159,DANB 04 PM04(H140),4,4,299,NORMAL,0,0x02A8,10202,1,0,1,0,3,0,8,0,0
0159,DANB 04 PM04(H140),5,5,193,NORMAL,0,0x02A7,10201,1,0,1,0,2,0,8,0,0
0160,DANB 02 PC04(H138),0,0,329,NORMAL,3,0x0000,2,3,0,1,1,5,0,16,0,0
0160,DANB 02 PC04(H138),1,1,347,NORMAL,15,0x0000,3,1,0,0,0,12,0,12,0,0
0160,DANB 02 PC04(H138),2,2,341,NORMAL,2,0x0000,4,0,0,0,0,10,0,15,0,0
0160,DANB 02 PC04(H138),3,3,336,NORMAL,15,0x0000,9017,1,0,0,0,2,0,4,0,0
0160,DANB 02 PC04(H138),4,4,336,NORMAL,15,0x0000,9003,1,0,0,0,6,0,4,0,0
0160,DANB 02 PC04(H138),5,5,336,NORMAL,15,0x0000,9001,1,0,0,0,11,0,4,0,0
0160,DANB 02 PC04(H138),6,6,335,NORMAL,15,0x0000,1,1,0,0,0,8,0,11,0,0
0161,MELT 02 PCR03(H109),0,0,286,NORMAL,15,0x0000,9203,1,0,0,0,4,0,4,0,0
0161,MELT 02 PCR03(H109),1,1,336,NORMAL,15,0x0000,9202,1,0,0,0,8,0,4,0,0
0161,MELT 02 PCR03(H109),2,2,336,NORMAL,15,0x0000,9201,1,0,0,0,12,0,4,0,0
0162,DANB 03 PCR04(H139),0,0,286,NORMAL,15,0x0000,9203,1,0,0,0,4,0,4,0,0
0162,DANB 03 PCR04(H139),1,1,336,NORMAL,15,0x0000,9202,1,0,0,0,8,0,4,0,0
0162,DANB 03 PCR04(H139),2,2,336,NORMAL,15,0x0000,9201,1,0,0,0,12,0,4,0,0
0163,SYDT 02 PC05(H165),0,0,336,NORMAL,15,0x0000,9017,1,0,0,0,2,0,4,0,0
0163,SYDT 02 PC05(H165),1,1,336,NORMAL,15,0x0000,9003,1,0,0,0,6,0,4,0,0
0163,SYDT 02 PC05(H165),2,2,336,NORMAL,15,0x0000,9001,1,0,0,0,11,0,4,0,0
0163,SYDT 02 PC05(H165),3,3,335,NORMAL,15,0x0000,1,1,0,0,0,8,0,11,0,0
0163,SYDT 02 PC05(H165),4,4,347,NORMAL,15,0x0000,2,1,0,0,0,4,0,15,0,0
0163,SYDT 02 PC05(H165),5,5,327,NORMAL,15,0x0000,4,1,0,0,0,12,0,12,0,0
0163,SYDT 02 PC05(H165),6,6,328,NORMAL,0,0x0000,3,3,0,0,0,1,0,18,0,0
0164,SYDT 03 PCR05(H166),0,0,286,NORMAL,15,0x0000,9203,1,0,0,0,4,0,4,0,0
0164,SYDT 03 PCR05(H166),1,1,336,NORMAL,15,0x0000,9202,1,0,0,0,8,0,4,0,0
0164,SYDT 03 PCR05(H166),2,2,336,NORMAL,15,0x0000,9201,1,0,0,0,12,0,4,0,0
0165,SYDT 06 GV06(H241),0,0,319,NORMAL,4,0x0000,3,1,0,0,2,4,0,7,0,0
0165,SYDT 06 GV06(H241),1,1,325,NORMAL,16,0x0000,1,2,0,0,0,9,0,7,0,0
0165,SYDT 06 GV06(H241),2,2,994,NORMAL,16,0x0000,2,2,0,0,0,9,0,8,0,0
0166,TROO 01 GH 09(H410),0,0,394,NORMAL,15,0x0000,2,1,0,0,0,6,0,4,0,0
0167,,0,0,394,NORMAL,17,0x0000,1,3,0,0,0,1,0,12,0,0
0167,,1,1,394,NORMAL,15,0x0000,3,1,0,0,0,10,0,7,0,0
0167,,2,2,394,NORMAL,15,0x0000,2,1,0,0,0,4,0,4,0,0
0167,,3,3,394,NORMAL,15,0x0000,4,1,0,0,0,21,0,4,0,0
0167,,4,4,394,NORMAL,15,0x0000,5,1,0,0,0,18,0,4,0,0
0167,,5,5,341,NORMAL,15,0x0000,11,1,0,0,0,7,0,12,0,0
0167,,6,6,394,NORMAL,16,0x0000,12,2,0,0,0,22,0,8,0,0
0168,MANSION A5(H396),0,0,327,TRAINER,8,0x0000,3725,1,3,0,0,5,0,5,0,0
0169,,0,0,84,NORMAL,0,0x0000,10002,0,0,0,0,28,0,20,0,0
0169,,1,1,85,NORMAL,0,0x0011,10001,0,0,0,0,17,0,17,0,0
0169,,2,2,85,NORMAL,0,0x0012,10001,0,0,0,0,8,1,13,0,0
0169,,3,3,85,NORMAL,0,0x0013,10001,0,0,0,0,23,1,21,1,0
0169,,4,4,87,NORMAL,0,0x04C2,7017,0,0,0,0,10,0,13,0,0
0169,,5,5,87,NORMAL,0,0x04C3,7025,0,0,0,0,19,1,15,0,0
0169,,6,6,87,NORMAL,0,0x04C4,7027,0,0,0,0,24,1,11,1,0
0169,,7,7,87,NORMAL,0,0x04C5,7056,0,0,0,0,14,1,19,1,0
0169,,8,8,87,NORMAL,0,0x050C,7068,0,0,0,0,17,0,25,0,0
0169,,9,9,85,NORMAL,0,0x0010,10001,0,0,0,0,17,0,18,0,0
0170,WELL CAVE F2(H146),0,0,84,NORMAL,0,0x0000,10002,0,0,0,0,23,0,3,0,0
0170,WELL CAVE F2(H146),1,1,222,TRAINER,15,0x01A9,3100,1,4,0,0,10,1,11,0,0
0170,WELL CAVE F2(H146),2,2,222,TRAINER,17,0x01A9,3011,3,4,0,0,27,0,9,0,0
0170,WELL CAVE F2(H146),3,3,221,TRAINER,16,0x01A9,3012,2,3,0,0,5,1,7,0,0
0170,WELL CAVE F2(H146),4,4,294,NORMAL,15,0x01A9,3,1,1,0,0,27,0,3,0,0
0170,WELL CAVE F2(H146),5,5,414,NORMAL,15,0x01D5,2,1,0,0,0,31,0,6,0,0
0170,WELL CAVE F2(H146),6,6,414,NORMAL,15,0x01D5,1,1,0,0,0,29,0,3,0,0
0170,WELL CAVE F2(H146),7,7,233,NORMAL,15,0x01AA,0,1,0,0,0,21,0,26,0,0
0170,WELL CAVE F2(H146),8,8,87,NORMAL,0,0x0433,7026,0,0,0,0,2,1,5,0,0
0171,RELIC RUIN F3(H294); RELIC RUIN F2(H295); RELIC RUIN F1(H296),0,0,50,TRAINER,0,0x0000,3444,3,4,0,0,15,1,30,3,0
0171,RELIC RUIN F3(H294); RELIC RUIN F2(H295); RELIC RUIN F1(H296),1,1,50,TRAINER,0,0x0000,3445,2,4,0,0,19,1,30,3,0
0171,RELIC RUIN F3(H294); RELIC RUIN F2(H295); RELIC RUIN F1(H296),2,2,50,TRAINER,2,0x0000,3446,0,5,0,0,9,1,27,0,0
0171,RELIC RUIN F3(H294); RELIC RUIN F2(H295); RELIC RUIN F1(H296),3,3,50,TRAINER,9,0x0000,3447,1,5,0,0,22,0,25,0,0
0171,RELIC RUIN F3(H294); RELIC RUIN F2(H295); RELIC RUIN F1(H296),4,4,50,TRAINER,0,0x0000,3448,3,4,0,0,31,0,24,6,0
0171,RELIC RUIN F3(H294); RELIC RUIN F2(H295); RELIC RUIN F1(H296),5,5,319,TRAINER,0,0x0000,3449,2,4,0,0,3,1,24,6,0
0171,RELIC RUIN F3(H294); RELIC RUIN F2(H295); RELIC RUIN F1(H296),6,6,50,TRAINER,8,0x0000,3450,1,5,0,0,11,0,17,0,0
0171,RELIC RUIN F3(H294); RELIC RUIN F2(H295); RELIC RUIN F1(H296),7,7,319,TRAINER,0,0x0000,3451,0,7,0,0,20,0,2,4,0
0171,RELIC RUIN F3(H294); RELIC RUIN F2(H295); RELIC RUIN F1(H296),8,8,319,TRAINER,0,0x0000,3452,1,7,0,0,20,0,29,3,0
0171,RELIC RUIN F3(H294); RELIC RUIN F2(H295); RELIC RUIN F1(H296),9,9,50,TRAINER,0,0x0000,3453,3,4,0,0,19,0,10,6,0
0171,RELIC RUIN F3(H294); RELIC RUIN F2(H295); RELIC RUIN F1(H296),10,10,50,TRAINER,0,0x0000,3454,2,4,0,0,22,0,10,6,0
0172,,0,0,148,NORMAL,0,0x020A,2,0,0,0,0,1,1,29,0,0
0172,,1,1,87,NORMAL,0,0x0465,7002,0,0,0,0,14,1,19,0,0
0172,,2,2,87,NORMAL,0,0x0466,7406,0,0,0,0,1,1,4,1,0
0172,,3,3,87,NORMAL,0,0x0467,7050,0,0,0,0,25,0,15,0,0
0172,,4,4,85,NORMAL,0,0x0010,10001,0,0,0,0,1,1,31,0,0
0172,,5,5,85,NORMAL,0,0x0011,10001,0,0,0,0,1,1,0,1,0
0172,,6,6,85,NORMAL,0,0x0012,10001,0,0,0,0,1,1,1,1,0
0172,,7,7,85,NORMAL,0,0x0013,10001,0,0,0,0,11,1,19,0,0
0172,,8,8,85,NORMAL,0,0x0014,10001,0,0,0,0,13,1,21,0,0
0172,,9,9,85,NORMAL,0,0x0015,10001,0,0,0,0,15,1,20,0,0
0172,,10,10,85,NORMAL,0,0x0016,10001,0,0,0,0,10,1,21,0,0
0173,,0,0,318,TRAINER,0,0x0000,3067,1,1,0,0,15,0,22,0,0
0173,,1,1,318,TRAINER,0,0x0000,3066,3,4,0,0,7,0,20,0,0
0173,,2,2,316,TRAINER,0,0x0000,5009,1,1,0,0,3,0,7,0,0
0173,,3,3,316,TRAINER,0,0x0000,3009,1,1,0,0,2,0,7,0,0
0173,,4,4,318,TRAINER,0,0x0000,3068,1,1,0,0,15,0,7,0,0
0173,,5,5,353,NORMAL,0,0x02EA,2,1,0,0,0,9,0,5,0,0
0174,WELL CAVE F4(H148),0,0,338,NORMAL,3,0x0000,1,2,0,1,1,12,0,14,0,0
0174,WELL CAVE F4(H148),1,1,87,NORMAL,0,0x0434,7345,0,0,0,0,25,0,9,0,0
0174,WELL CAVE F4(H148),2,2,20,TRAINER,0,0x0000,3198,2,4,0,0,12,0,9,0,0
0174,WELL CAVE F4(H148),3,3,10,TRAINER,0,0x0000,3199,1,1,0,0,15,0,13,0,0
0175,MELT 08 BIKE(H115),0,0,328,NORMAL,0,0x0000,1,1,0,0,0,8,0,6,0,0
0176,,0,0,334,NORMAL,0,0x0000,1,1,0,0,0,7,0,3,0,0
0176,,1,1,427,NORMAL,0,0x0000,2,2,0,0,0,19,0,4,0,0
0176,,2,2,427,NORMAL,0,0x0000,3,2,0,0,0,19,0,6,0,0
0176,,3,3,323,NORMAL,0,0x0000,6,3,0,0,0,13,0,8,0,0
0176,,4,4,327,NORMAL,0,0x0000,7,2,0,0,0,16,0,10,0,0
0176,,5,5,341,NORMAL,0,0x02DA,4,2,0,0,0,11,0,9,0,0
0176,,6,6,341,NORMAL,0,0x0000,9,1,0,0,0,15,0,4,0,0
0176,,7,7,328,NORMAL,0,0x0000,5,3,0,0,0,3,0,9,0,0
0176,,8,8,332,NORMAL,0,0x0000,10,1,0,0,0,10,0,15,0,0
0176,,9,9,329,NORMAL,0,0x0000,8,2,0,0,0,6,0,7,0,0
0176,,10,10,87,NORMAL,0,0x04B0,7405,0,0,0,0,2,0,15,0,0
0177,,0,0,325,NORMAL,16,0x0000,1,2,0,0,0,3,0,5,0,0
0177,,1,1,319,NORMAL,0,0x01D0,2,1,0,1,0,7,0,8,0,0
0178,BAIR 01 PC07(H251),0,0,335,NORMAL,15,0x0000,1,1,0,0,0,8,0,11,0,0
0178,BAIR 01 PC07(H251),1,1,336,NORMAL,15,0x0000,9017,1,0,0,0,2,0,4,0,0
0178,BAIR 01 PC07(H251),2,2,336,NORMAL,15,0x0000,9003,1,0,0,0,6,0,4,0,0
0178,BAIR 01 PC07(H251),3,3,336,NORMAL,15,0x0000,9001,1,0,0,0,11,0,4,0,0
0178,BAIR 01 PC07(H251),4,4,367,NORMAL,0,0x0000,2,1,0,0,0,15,0,12,0,0
0178,BAIR 01 PC07(H251),5,5,332,NORMAL,2,0x0000,4,2,0,0,0,5,0,14,0,0
0178,BAIR 01 PC07(H251),6,6,316,NORMAL,0,0x0000,3,3,0,0,0,3,0,17,0,0
0179,A HQ1 F2(H62),0,0,322,NORMAL,2,0x01B8,6,3,0,0,0,5,0,10,0,0
0179,A HQ1 F2(H62),1,1,326,NORMAL,0,0x0000,5,2,0,0,0,24,0,7,0,0
0179,A HQ1 F2(H62),2,2,1004,NORMAL,0,0x0000,4,1,0,0,0,20,0,5,0,0
0179,A HQ1 F2(H62),3,3,34,NORMAL,0,0x01B8,7,3,0,0,0,3,0,5,0,0
0179,A HQ1 F2(H62),4,4,222,TRAINER,0,0x01B7,3186,1,2,0,0,13,0,5,0,0
0179,A HQ1 F2(H62),5,5,221,TRAINER,0,0x01B7,3197,0,4,0,0,14,0,12,0,0
0179,A HQ1 F2(H62),6,6,222,TRAINER,18,0x01B7,3187,1,2,0,0,7,0,10,0,0
0179,A HQ1 F2(H62),7,7,222,TRAINER,0,0x01B7,3185,3,2,0,0,3,0,14,0,0
0179,A HQ1 F2(H62),8,8,326,NORMAL,0,0x0000,11,1,0,0,0,18,0,12,0,0
0179,A HQ1 F2(H62),9,9,325,NORMAL,0,0x0000,10,2,0,0,0,24,0,11,0,0
0180,A HQ1 F3(H63),0,0,222,TRAINER,0,0x01B7,3188,1,3,0,0,9,0,5,0,0
0180,A HQ1 F3(H63),1,1,222,TRAINER,0,0x01B7,3189,1,2,0,0,17,0,12,0,0
0180,A HQ1 F3(H63),2,2,29,TRAINER,0,0x01B7,3470,0,2,0,0,13,0,14,0,0
0180,A HQ1 F3(H63),3,3,322,NORMAL,0,0x0000,4,0,0,0,0,3,0,9,0,0
0180,A HQ1 F3(H63),4,4,326,NORMAL,0,0x0000,6,2,0,0,0,24,0,14,0,0
0180,A HQ1 F3(H63),5,5,322,NORMAL,0,0x01B8,5,0,0,0,0,7,0,13,0,0
0180,A HQ1 F3(H63),6,6,222,TRAINER,0,0x01B7,3190,0,2,0,0,21,0,7,0,0
0180,A HQ1 F3(H63),7,7,257,NORMAL,0,0x01BF,7,0,0,0,0,23,0,11,0,0
0180,A HQ1 F3(H63),8,8,257,NORMAL,0,0x01BF,7,0,0,0,0,24,0,11,0,0
0181,A HQ1 F4(H64),0,0,29,TRAINER,0,0x01B7,3471,0,4,0,0,4,0,9,0,0
0181,A HQ1 F4(H64),1,1,222,TRAINER,0,0x01B7,3191,1,4,0,0,8,0,5,0,0
0181,A HQ1 F4(H64),2,2,221,TRAINER,0,0x01B7,8,0,0,0,0,24,0,11,0,0
0181,A HQ1 F4(H64),3,3,294,TRAINER,0,0x01B7,3705,0,3,0,0,23,0,8,0,0
0181,A HQ1 F4(H64),4,4,389,NORMAL,0,0x0000,5,3,0,0,0,21,0,11,0,0
0181,A HQ1 F4(H64),5,5,1008,NORMAL,0,0x0000,6,3,0,0,0,21,0,12,0,0
0181,A HQ1 F4(H64),6,6,332,NORMAL,0,0x01B8,4,0,0,0,0,9,0,11,0,0
0181,A HQ1 F4(H64),7,7,323,NORMAL,0,0x0000,7,2,0,0,0,24,0,12,0,0
0181,A HQ1 F4(H64),8,8,87,NORMAL,0,0x0441,7002,0,0,0,0,25,0,7,0,0
0182,A HQ1 F5(H65),0,0,341,NORMAL,0,0x02C6,3,0,0,0,0,5,0,13,0,0
0182,A HQ1 F5(H65),1,1,223,TRAINER,0,0x01B7,3477,3,4,0,0,11,0,4,0,0
0182,A HQ1 F5(H65),2,2,293,NORMAL,0,0x02C7,3,0,0,0,0,5,0,13,0,0
0183,A HQ1 F6(H66),0,0,224,NORMAL,0,0x01B7,2,1,0,0,0,7,0,6,0,0
0183,A HQ1 F6(H66),1,1,341,NORMAL,0,0x01B8,0,1,0,0,0,6,0,4,0,0
0184,DEPART 1 F1(H168),0,0,427,NORMAL,0,0x0000,1,3,0,0,0,7,0,7,0,0
0184,DEPART 1 F1(H168),1,1,341,NORMAL,2,0x0000,2,1,0,0,0,11,0,4,0,0
0184,DEPART 1 F1(H168),2,2,329,NORMAL,0,0x0000,3,2,0,0,0,22,0,6,0,0
0184,DEPART 1 F1(H168),3,3,146,NORMAL,4,0x0000,4,2,0,0,0,20,0,9,0,0
0184,DEPART 1 F1(H168),4,4,299,NORMAL,0,0x02A8,10202,3,0,0,0,5,0,10,0,0
0184,DEPART 1 F1(H168),5,5,193,NORMAL,0,0x02A7,10201,3,0,0,0,5,0,9,0,0
0185,DEPART 1 F2(H169),0,0,334,NORMAL,0,0x0000,1,2,0,0,0,23,0,7,0,0
0185,DEPART 1 F2(H169),1,1,334,NORMAL,0,0x0000,2,2,0,0,0,23,0,5,0,0
0185,DEPART 1 F2(H169),2,2,345,NORMAL,3,0x0000,3,1,0,0,0,18,0,10,0,0
0185,DEPART 1 F2(H169),3,3,319,NORMAL,3,0x0000,4,1,0,0,0,10,0,4,0,0
0185,DEPART 1 F2(H169),4,4,341,NORMAL,45,0x0000,5,3,0,0,0,6,0,7,0,0
0186,DEPART 1 F3(H170),0,0,334,NORMAL,0,0x0000,1,2,0,0,0,23,0,7,0,0
0186,DEPART 1 F3(H170),1,1,377,NORMAL,3,0x0000,2,2,0,1,0,10,0,5,0,0
0186,DEPART 1 F3(H170),2,2,323,NORMAL,45,0x0000,3,3,0,0,0,5,0,10,0,0
0187,DEPART 1 F4(H171),0,0,334,NORMAL,0,0x0000,1,2,0,0,0,23,0,7,0,0
0187,DEPART 1 F4(H171),1,1,323,NORMAL,3,0x0000,2,0,0,0,0,19,0,11,0,0
0187,DEPART 1 F4(H171),2,2,146,NORMAL,3,0x0000,3,1,0,0,1,9,0,9,0,0
0187,DEPART 1 F4(H171),3,3,367,NORMAL,0,0x0000,4,3,0,0,0,1,0,4,0,0
0188,DEPART 1 F5(H172),0,0,334,NORMAL,0,0x0000,1,2,0,0,0,23,0,7,0,0
0188,DEPART 1 F5(H172),1,1,328,NORMAL,3,0x0000,2,0,0,0,0,19,0,11,0,0
0188,DEPART 1 F5(H172),2,2,332,NORMAL,0,0x0000,4,3,0,0,0,2,0,6,0,0
0188,DEPART 1 F5(H172),3,3,321,NORMAL,3,0x0000,3,3,0,2,0,12,0,3,0,0
0188,DEPART 1 F5(H172),4,4,325,NORMAL,0,0x01BE,7,2,0,0,0,23,0,5,0,0
0189,DEPART 1 F6(H173),0,0,322,NORMAL,4,0x0000,1,0,0,0,0,10,0,4,0,0
0189,DEPART 1 F6(H173),1,1,320,NORMAL,3,0x0000,2,2,0,0,0,17,0,9,0,0
0189,DEPART 1 F6(H173),2,2,427,NORMAL,16,0x0000,5,2,0,0,0,23,0,7,0,0
0189,DEPART 1 F6(H173),3,3,354,NORMAL,0,0x026F,8,1,0,0,0,3,0,6,0,0
0189,DEPART 1 F6(H173),4,4,427,NORMAL,16,0x0000,6,2,0,0,0,23,0,6,0,0
0190,,0,0,34,NORMAL,0,0x0000,1,1,0,0,0,6,0,8,0,0
0192,,0,0,330,NORMAL,0,0x01B0,4,2,0,0,0,10,0,17,0,0
0192,,1,1,324,NORMAL,0,0x01B2,2,2,0,0,0,10,0,21,0,0
0192,,2,2,323,NORMAL,0,0x01B3,3,2,0,0,0,10,0,22,0,0
0192,,3,3,331,NORMAL,0,0x01B1,1,2,0,0,0,10,0,28,0,0
0192,,4,4,377,TRAINER,0,0x01B8,3391,3,4,0,0,4,0,7,0,0
0192,,5,5,338,TRAINER,0,0x01B8,3392,2,4,0,0,11,0,9,0,0
0192,,6,6,377,TRAINER,0,0x01B8,3390,3,6,0,0,4,0,30,0,0
0192,,7,7,338,TRAINER,0,0x01B8,3232,2,6,0,0,10,0,2,1,0
0192,,8,8,222,NORMAL,0,0x01B4,10,1,0,0,0,15,0,6,0,0
0192,,9,9,333,NORMAL,0,0x01B8,6,2,0,0,0,22,0,7,0,0
0192,,10,10,328,NORMAL,0,0x01B8,7,2,0,0,0,22,0,8,0,0
0192,,11,11,256,NORMAL,0,0x01C0,11,0,0,0,0,25,0,30,0,0
0192,,12,12,232,NORMAL,0,0x0237,0,3,0,0,0,19,0,31,0,0
0192,,13,13,333,NORMAL,0,0x01B8,24,1,0,0,0,1,0,19,1,0
0193,DEPART 1 B1(H174),0,0,344,NORMAL,17,0x0000,1,3,0,0,0,17,0,14,0,0
0193,DEPART 1 B1(H174),1,1,1014,NORMAL,15,0x0000,3,1,0,0,0,19,0,14,0,0
0193,DEPART 1 B1(H174),2,2,1014,NORMAL,16,0x0000,3,2,0,0,0,5,0,14,0,0
0193,DEPART 1 B1(H174),3,3,1014,NORMAL,17,0x0000,3,3,0,0,0,5,0,17,0,0
0193,DEPART 1 B1(H174),4,4,344,NORMAL,4,0x0000,2,1,0,0,1,5,0,16,0,0
0193,DEPART 1 B1(H174),5,5,253,NORMAL,0,0x0000,0,0,0,0,0,6,0,18,0,0
0193,DEPART 1 B1(H174),6,6,253,NORMAL,0,0x0000,0,0,0,0,0,3,0,14,0,0
0193,DEPART 1 B1(H174),7,7,253,NORMAL,0,0x0000,0,0,0,0,0,19,0,16,0,0
0193,DEPART 1 B1(H174),8,8,257,NORMAL,0,0x01C1,0,0,0,0,0,26,0,8,0,0
0193,DEPART 1 B1(H174),9,9,349,NORMAL,0,0x0000,0,0,0,0,0,19,0,15,0,0
0193,DEPART 1 B1(H174),10,10,349,NORMAL,0,0x0000,0,0,0,0,0,20,0,15,0,0
0193,DEPART 1 B1(H174),11,11,349,NORMAL,0,0x0000,0,0,0,0,0,20,0,16,0,0
0193,DEPART 1 B1(H174),12,12,349,NORMAL,0,0x0000,0,0,0,0,0,3,0,13,0,0
0193,DEPART 1 B1(H174),13,13,349,NORMAL,0,0x0000,0,0,0,0,0,4,0,13,0,0
0193,DEPART 1 B1(H174),14,14,349,NORMAL,0,0x0000,0,0,0,0,0,4,0,14,0,0
0193,DEPART 1 B1(H174),15,15,349,NORMAL,0,0x0000,0,0,0,0,0,6,0,17,0,0
0193,DEPART 1 B1(H174),16,16,349,NORMAL,0,0x0000,0,0,0,0,0,7,0,17,0,0
0193,DEPART 1 B1(H174),17,17,349,NORMAL,0,0x0000,0,0,0,0,0,7,0,18,0,0
0193,DEPART 1 B1(H174),18,18,87,NORMAL,0,0x0443,7223,0,0,0,0,27,0,3,0,0
0193,DEPART 1 B1(H174),19,19,87,NORMAL,0,0x0442,7019,0,0,0,0,12,0,4,0,0
0193,DEPART 1 B1(H174),20,20,87,NORMAL,0,0x0444,7038,0,0,0,0,17,0,23,0,0
0193,DEPART 1 B1(H174),21,21,87,NORMAL,0,0x0445,7002,0,0,0,0,24,0,22,0,0
0194,,0,0,222,TRAINER,15,0x01B7,3192,1,1,0,0,17,0,4,0,0
0194,,1,1,222,TRAINER,15,0x01B7,3227,1,3,0,0,3,0,4,0,0
0194,,2,2,222,TRAINER,17,0x01B7,3194,3,4,0,0,19,0,9,0,0
0194,,3,3,221,TRAINER,15,0x01B7,3198,1,2,0,0,24,0,15,0,0
0194,,4,4,218,TRAINER,16,0x01B7,3282,2,4,0,0,5,0,9,0,0
0194,,5,5,218,TRAINER,17,0x01B7,3013,3,3,0,0,7,0,15,0,0
0194,,6,6,252,NORMAL,0,0x0000,0,0,0,0,0,0,0,8,0,0
0194,,7,7,251,NORMAL,0,0x0000,0,0,0,0,0,6,0,8,0,0
0194,,8,8,252,NORMAL,0,0x0000,0,0,0,0,0,12,0,8,0,0
0194,,9,9,251,NORMAL,0,0x0000,0,0,0,0,0,18,0,8,0,0
0194,,10,10,254,NORMAL,0,0x0000,0,0,0,0,0,6,0,10,0,0
0194,,11,11,255,NORMAL,0,0x0000,0,0,0,0,0,6,0,12,0,0
0194,,12,12,254,NORMAL,0,0x0000,0,0,0,0,0,12,0,8,0,0
0194,,13,13,255,NORMAL,0,0x0000,0,0,0,0,0,12,0,14,0,0
0194,,14,14,252,NORMAL,0,0x0000,0,0,0,0,0,0,0,14,0,0
0194,,15,15,251,NORMAL,0,0x0000,0,0,0,0,0,6,0,14,0,0
0194,,16,16,252,NORMAL,0,0x0000,0,0,0,0,0,6,0,14,0,0
0194,,17,17,251,NORMAL,0,0x0000,0,0,0,0,0,12,0,14,0,0
0194,,18,18,252,NORMAL,0,0x0000,0,0,0,0,0,12,0,14,0,0
0194,,19,19,251,NORMAL,0,0x0000,0,0,0,0,0,18,0,14,0,0
0194,,20,20,254,NORMAL,0,0x0000,0,0,0,0,0,6,0,14,0,0
0194,,21,21,255,NORMAL,0,0x0000,0,0,0,0,0,6,0,20,0,0
0194,,22,22,254,NORMAL,0,0x0000,0,0,0,0,0,12,0,14,0,0
0194,,23,23,255,NORMAL,0,0x0000,0,0,0,0,0,12,0,20,0,0
0194,,24,24,254,NORMAL,0,0x0000,0,0,0,0,0,18,0,16,0,0
0194,,25,25,255,NORMAL,0,0x0000,0,0,0,0,0,18,0,18,0,0
0194,,26,26,252,NORMAL,0,0x0000,0,0,0,0,0,20,0,14,0,0
0194,,27,27,251,NORMAL,0,0x0000,0,0,0,0,0,22,0,14,0,0
0194,,28,28,148,NORMAL,0,0x0000,0,0,0,0,0,29,0,29,0,0
0194,,29,29,349,NORMAL,0,0x0000,0,0,0,0,0,1,0,14,0,0
0194,,30,30,349,NORMAL,0,0x0000,0,0,0,0,0,13,0,8,0,0
0194,,31,31,349,NORMAL,0,0x0000,0,0,0,0,0,1,0,8,0,0
0194,,32,32,349,NORMAL,0,0x0000,0,0,0,0,0,7,0,14,0,0
0194,,33,33,349,NORMAL,0,0x0000,0,0,0,0,0,13,0,14,0,0
0194,,34,34,349,NORMAL,0,0x0000,0,0,0,0,0,21,0,14,0,0
0194,,35,35,87,NORMAL,0,0x0447,7027,0,0,0,0,7,0,4,0,0
0194,,36,36,87,NORMAL,0,0x0448,7228,0,0,0,0,1,0,15,0,0
0195,,0,0,222,TRAINER,16,0x01B7,3195,2,3,0,0,16,0,20,0,0
0195,,1,1,222,TRAINER,44,0x01B7,3196,1,3,4,3,24,0,11,0,0
0195,,2,2,222,TRAINER,17,0x01B7,3226,3,3,0,0,17,0,5,0,0
0195,,3,3,341,NORMAL,0,0x01B8,2,1,0,0,0,20,0,13,0,0
0195,,4,4,87,NORMAL,0,0x0436,7409,0,0,0,0,21,0,15,0,0
0195,,5,5,87,NORMAL,0,0x0437,7039,0,0,0,0,28,0,23,0,0
0195,,6,6,87,NORMAL,0,0x0446,7002,0,0,0,0,6,0,7,0,0
0196,HOTEL 1 HS16(H207),0,0,235,NORMAL,0,0x023E,1,2,0,0,0,26,0,18,0,0
0196,HOTEL 1 HS16(H207),1,1,329,NORMAL,17,0x0000,2,3,0,0,0,23,0,17,0,0
0196,HOTEL 1 HS16(H207),2,2,316,NORMAL,3,0x0000,3,3,0,1,1,23,0,18,0,0
0197,HOTEL 1 HS17(H209),0,0,325,NORMAL,17,0x0000,1,3,0,0,0,23,0,17,0,0
0197,HOTEL 1 HS17(H209),1,1,316,NORMAL,3,0x0000,3,1,0,1,1,23,0,18,0,0
0197,HOTEL 1 HS17(H209),2,2,328,NORMAL,16,0x0000,2,2,0,1,1,26,0,18,0,0
0198,HOTEL 1 HS18(H211),0,0,332,NORMAL,16,0x0000,1,2,0,1,1,26,0,18,0,0
0198,HOTEL 1 HS18(H211),1,1,319,NORMAL,3,0x0000,2,1,0,1,1,24,0,17,0,0
0199,,0,0,330,NORMAL,15,0x0000,1,1,0,0,0,5,0,3,0,0
0200,GLOBAL TWR F1(H176),0,0,337,NORMAL,0,0x0000,1,1,0,0,0,7,0,3,0,0
0200,GLOBAL TWR F1(H176),1,1,332,NORMAL,0,0x0000,4,3,0,1,0,3,0,9,0,0
0200,GLOBAL TWR F1(H176),2,2,318,NORMAL,3,0x0000,5,3,0,0,1,6,0,7,0,0
0200,GLOBAL TWR F1(H176),3,3,323,NORMAL,2,0x0000,6,0,0,2,2,3,0,13,0,0
0200,GLOBAL TWR F1(H176),4,4,330,NORMAL,3,0x0000,7,3,0,0,1,24,0,7,0,0
0200,GLOBAL TWR F1(H176),5,5,324,NORMAL,3,0x0000,8,0,0,1,1,6,0,12,0,0
0200,GLOBAL TWR F1(H176),6,6,326,NORMAL,3,0x0000,9,3,0,0,1,12,0,7,0,0
0200,GLOBAL TWR F1(H176),7,7,337,NORMAL,0,0x0000,14,3,0,0,0,9,0,15,0,0
0200,GLOBAL TWR F1(H176),8,8,337,NORMAL,0,0x0000,15,3,0,0,0,9,0,16,0,0
0200,GLOBAL TWR F1(H176),9,9,320,NORMAL,2,0x0000,10,0,0,0,0,25,0,12,0,0
0200,GLOBAL TWR F1(H176),10,10,317,NORMAL,0,0x0000,11,2,0,0,0,16,0,16,0,0
0200,GLOBAL TWR F1(H176),11,11,325,NORMAL,2,0x0000,16,0,0,0,0,13,0,3,0,0
0200,GLOBAL TWR F1(H176),12,12,322,NORMAL,0,0x0000,17,1,0,0,0,12,0,13,0,0
0201,,0,0,328,NORMAL,15,0x0000,1,1,0,0,0,6,0,4,0,0
0201,,1,1,329,NORMAL,16,0x0000,2,2,0,0,0,9,0,5,0,0
0202,,0,0,316,NORMAL,17,0x0000,1,3,0,0,0,6,0,5,0,0
0202,,1,1,1035,NORMAL,15,0x0000,3,1,0,0,0,7,0,5,0,0
0202,,2,2,316,NORMAL,16,0x0000,2,2,0,0,0,8,0,5,0,0
0202,,3,3,1035,NORMAL,14,0x0226,4,1,0,0,0,3,0,3,0,0
0202,,4,4,1035,NORMAL,15,0x0226,4,1,0,0,1,2,0,5,0,0
0202,,5,5,1035,NORMAL,15,0x0226,4,1,0,0,0,13,0,4,0,0
0202,,6,6,1035,NORMAL,16,0x0226,4,1,0,0,0,12,0,3,0,0
0204,BURNT TWR F2(H269),0,0,1039,NORMAL,15,0x01CB,0,1,0,0,0,15,0,16,0,0
0204,BURNT TWR F2(H269),1,1,1038,NORMAL,15,0x01CA,0,1,0,0,0,16,0,14,0,0
0204,BURNT TWR F2(H269),2,2,1037,NORMAL,15,0x01C9,0,1,0,0,0,14,0,14,0,0
0204,BURNT TWR F2(H269),3,3,382,NORMAL,16,0x01C8,0,2,0,0,0,23,0,16,0,0
0204,BURNT TWR F2(H269),4,4,84,NORMAL,0,0x0000,10002,0,0,0,0,14,0,20,0,0
0204,BURNT TWR F2(H269),5,5,84,NORMAL,0,0x0000,10002,0,0,0,0,14,0,19,0,0
0204,BURNT TWR F2(H269),6,6,84,NORMAL,0,0x0000,10002,0,0,0,0,18,0,23,0,0
0204,BURNT TWR F2(H269),7,7,84,NORMAL,0,0x0000,10002,0,0,0,0,19,0,22,0,0
0204,BURNT TWR F2(H269),8,8,85,NORMAL,0,0x0010,10001,0,0,0,0,18,0,22,0,0
0204,BURNT TWR F2(H269),9,9,85,NORMAL,0,0x0011,10001,0,0,0,0,17,0,23,0,0
0204,BURNT TWR F2(H269),10,10,84,NORMAL,0,0x0000,10002,0,0,0,0,12,0,20,0,0
0204,BURNT TWR F2(H269),11,11,87,NORMAL,0,0x0432,7339,0,0,0,0,5,0,6,0,0
0204,BURNT TWR F2(H269),12,12,1039,NORMAL,15,0x030E,2,1,0,0,0,14,0,6,0,0
0205,BAIR 02 PCR07(H252),0,0,286,NORMAL,15,0x0000,9203,1,0,0,0,4,0,4,0,0
0205,BAIR 02 PCR07(H252),1,1,336,NORMAL,15,0x0000,9202,1,0,0,0,8,0,4,0,0
0205,BAIR 02 PCR07(H252),2,2,336,NORMAL,15,0x0000,9201,1,0,0,0,12,0,4,0,0
0206,LIGHT H 01 F2(H213),0,0,341,TRAINER,0,0x0000,3400,3,5,0,0,1,0,8,0,0
0206,LIGHT H 01 F2(H213),1,1,348,TRAINER,0,0x0000,3210,2,4,0,0,15,0,13,0,0
0207,LIGHT H 01 F3(H214),0,0,87,NORMAL,0,0x0488,7050,0,0,0,0,2,0,2,0,0
0208,LIGHT H 01 F4(H215),0,0,348,TRAINER,0,0x0000,3212,1,4,0,0,11,0,13,0,0
0208,LIGHT H 01 F4(H215),1,1,323,TRAINER,9,0x0000,3216,3,6,0,0,1,0,8,0,0
0208,LIGHT H 01 F4(H215),2,2,323,TRAINER,8,0x0000,3072,2,5,0,0,12,0,4,0,0
0208,LIGHT H 01 F4(H215),3,3,87,NORMAL,0,0x044A,7038,0,0,0,0,14,0,13,0,0
0209,LIGHT H 01 F5(H216),0,0,319,TRAINER,0,0x01DB,3214,1,5,0,0,9,0,13,0,0
0209,LIGHT H 01 F5(H216),1,1,341,TRAINER,0,0x01DA,3036,1,5,0,0,14,0,6,0,0
0209,LIGHT H 01 F5(H216),2,2,87,NORMAL,0,0x044B,7414,0,0,0,0,2,0,13,0,0
0210,LIGHT H 01 F6(H217),0,0,348,TRAINER,0,0x0000,3211,2,6,0,0,6,0,9,0,0
0210,LIGHT H 01 F6(H217),1,1,348,TRAINER,2,0x0000,3213,1,5,0,0,13,0,7,0,0
0210,LIGHT H 01 F6(H217),2,2,87,NORMAL,0,0x044C,7076,0,0,0,0,11,0,3,0,0
0210,LIGHT H 01 F6(H217),3,3,328,NORMAL,14,0x027E,1,0,0,0,0,2,0,14,0,0
0211,LIGHT H 01 F7(H218),0,0,256,NORMAL,0,0x01D8,3,1,0,0,0,8,0,13,0,0
0211,LIGHT H 01 F7(H218),1,1,357,NORMAL,0,0x01D7,1,3,0,0,0,7,0,8,0,0
0211,LIGHT H 01 F7(H218),2,2,1031,NORMAL,0,0x0000,2,1,0,0,0,8,0,8,0,0
0211,LIGHT H 01 F7(H218),3,3,87,NORMAL,0,0x044D,7026,0,0,0,0,15,0,8,0,0
0211,LIGHT H 01 F7(H218),4,4,349,NORMAL,0,0x01D8,0,1,0,0,0,8,0,12,0,0
0212,SHED 01 PC08(H280),0,0,335,NORMAL,15,0x0000,1,1,0,0,0,8,0,11,0,0
0212,SHED 01 PC08(H280),1,1,336,NORMAL,15,0x0000,9017,1,0,0,0,2,0,4,0,0
0212,SHED 01 PC08(H280),2,2,336,NORMAL,15,0x0000,9003,1,0,0,0,6,0,4,0,0
0212,SHED 01 PC08(H280),3,3,336,NORMAL,15,0x0000,9001,1,0,0,0,11,0,4,0,0
0212,SHED 01 PC08(H280),4,4,332,NORMAL,0,0x0000,3,1,0,0,0,6,0,13,0,0
0212,SHED 01 PC08(H280),5,5,347,NORMAL,2,0x0000,2,2,0,1,0,5,0,18,0,0
0212,SHED 01 PC08(H280),6,6,325,NORMAL,46,0x0000,4,3,0,2,0,4,0,14,0,0
0212,SHED 01 PC08(H280),7,7,326,NORMAL,0,0x0000,5,0,0,0,0,12,0,12,0,0
0213,BAIR 03 PM05(H253),0,0,334,NORMAL,0,0x0000,1,3,0,0,0,2,0,6,0,0
0213,BAIR 03 PM05(H253),1,1,321,NORMAL,3,0x0000,2,2,0,0,1,11,0,6,0,0
0213,BAIR 03 PM05(H253),2,2,319,NORMAL,5,0x0000,3,3,0,1,0,7,0,10,0,0
0213,BAIR 03 PM05(H253),3,3,299,NORMAL,0,0x02A8,10202,1,0,1,0,3,0,8,0,0
0213,BAIR 03 PM05(H253),4,4,193,NORMAL,0,0x02A7,10201,1,0,1,0,2,0,8,0,0
0213,BAIR 03 PM05(H253),5,5,334,NORMAL,0,0x0000,4,3,0,0,0,2,0,4,0,0
0214,SYDT 05 HS19(H228),0,0,347,NORMAL,0,0x0000,1,0,0,0,0,5,0,5,0,0
0215,BAIR 06 HS20(H256),0,0,319,NORMAL,0,0x0000,2,3,0,1,0,5,0,5,0,0
0215,BAIR 06 HS20(H256),1,1,328,NORMAL,0,0x0000,1,2,0,0,0,8,0,5,0,0
0215,BAIR 06 HS20(H256),2,2,316,NORMAL,2,0x0000,3,1,0,1,0,2,0,6,0,0
0216,BAIR 07 HS21(H257),0,0,347,NORMAL,0,0x0000,1,1,0,0,0,5,0,5,0,0
0217,,0,0,347,NORMAL,3,0x0000,3,2,0,0,2,11,0,4,0,0
0217,,1,1,348,NORMAL,0,0x0000,1,3,0,0,0,2,0,6,0,0
0217,,2,2,348,NORMAL,0,0x0000,2,0,0,0,0,3,0,8,0,0
0217,,3,3,328,NORMAL,14,0x027E,4,0,0,0,0,6,0,7,0,0
0217,,4,4,357,NORMAL,0,0x02CB,6,3,0,0,0,9,0,5,0,0
0217,,5,5,348,NORMAL,0,0x0000,7,0,0,0,0,11,0,9,0,0
0218,SHED 04 HS22(H283),0,0,323,NORMAL,15,0x0000,1,1,0,0,0,5,0,5,0,0
0219,SHED 05 HS23(H284),0,0,168,NORMAL,14,0x0000,1,0,0,0,0,5,0,5,0,0
0220,SHED 04 HS24(H285),0,0,347,NORMAL,15,0x0000,1,1,0,0,0,4,0,4,0,0
0221,DALI 05 HS25(H304),0,0,325,NORMAL,15,0x0000,1,1,0,0,0,5,0,5,0,0
0221,DALI 05 HS25(H304),1,1,316,NORMAL,14,0x0000,3,0,0,0,0,1,0,4,0,0
0221,DALI 05 HS25(H304),2,2,319,NORMAL,5,0x0000,2,2,0,1,0,8,0,7,0,0
0222,DALI 01 PC09(H300),0,0,336,NORMAL,15,0x0000,9017,1,0,0,0,2,0,4,0,0
0222,DALI 01 PC09(H300),1,1,336,NORMAL,15,0x0000,9003,1,0,0,0,6,0,4,0,0
0222,DALI 01 PC09(H300),2,2,336,NORMAL,15,0x0000,9001,1,0,0,0,11,0,4,0,0
0222,DALI 01 PC09(H300),3,3,335,NORMAL,15,0x0000,1,1,0,0,0,8,0,11,0,0
0222,DALI 01 PC09(H300),4,4,322,NORMAL,5,0x0000,3,2,0,1,0,11,0,18,0,0
0222,DALI 01 PC09(H300),5,5,319,NORMAL,0,0x0000,2,1,0,0,0,4,0,17,0,0
0222,DALI 01 PC09(H300),6,6,168,NORMAL,15,0x0000,4,1,0,0,0,10,0,13,0,0
0223,SANDSTONE COV(H105),0,0,85,NORMAL,0,0x0000,0,1,0,0,0,29,2,14,1,0
0223,SANDSTONE COV(H105),1,1,435,NORMAL,3,0x0000,1,3,0,5,5,9,1,13,1,0
0223,SANDSTONE COV(H105),2,2,641,NORMAL,3,0x0000,2,3,0,5,5,6,1,13,2,0
0223,SANDSTONE COV(H105),3,3,777,NORMAL,3,0x0000,3,0,0,5,5,16,1,19,1,0
0223,SANDSTONE COV(H105),4,4,920,NORMAL,3,0x0000,4,0,0,5,5,12,2,0,1,0
0223,SANDSTONE COV(H105),5,5,1119,NORMAL,3,0x0000,5,1,0,5,5,17,2,29,1,0
0223,SANDSTONE COV(H105),6,6,1303,NORMAL,42,0x0000,6,1,0,10,10,11,1,8,1,0
0223,SANDSTONE COV(H105),7,7,1434,NORMAL,3,0x0000,7,1,0,5,5,16,1,7,1,0
0223,SANDSTONE COV(H105),8,8,1554,NORMAL,3,0x0000,8,3,0,5,5,22,0,27,0,0
0223,SANDSTONE COV(H105),9,9,1667,NORMAL,2,0x0000,9,1,0,3,3,29,1,13,1,0
0224,FLORAL FISURE(H127),0,0,86,NORMAL,0,0x0000,0,1,0,0,0,14,2,16,1,0
0224,FLORAL FISURE(H127),1,1,428,NORMAL,3,0x0000,1,3,0,5,5,8,1,16,1,0
0224,FLORAL FISURE(H127),2,2,633,NORMAL,3,0x0000,2,3,0,5,5,11,1,0,2,0
0224,FLORAL FISURE(H127),3,3,771,NORMAL,3,0x0000,3,0,0,5,5,29,1,2,2,0
0224,FLORAL FISURE(H127),4,4,914,NORMAL,3,0x0000,4,0,0,5,5,15,2,0,2,0
0224,FLORAL FISURE(H127),5,5,1113,NORMAL,3,0x0000,5,2,0,5,5,15,2,0,1,0
0224,FLORAL FISURE(H127),6,6,1297,NORMAL,42,0x0000,6,1,0,4,4,31,1,14,1,0
0224,FLORAL FISURE(H127),7,7,1427,NORMAL,3,0x0000,7,1,0,5,5,29,1,30,0,0
0224,FLORAL FISURE(H127),8,8,1548,NORMAL,3,0x0000,8,3,0,5,5,11,1,0,1,0
0224,FLORAL FISURE(H127),9,9,1661,NORMAL,41,0x0000,9,0,0,4,4,27,1,18,1,0
0226,SYDT DOCK 01(H229),0,0,348,NORMAL,0,0x0000,1,0,0,0,0,7,0,9,0,0
0226,SYDT DOCK 01(H229),1,1,366,NORMAL,0,0x0251,0,0,0,0,0,11,0,7,0,0
0226,SYDT DOCK 01(H229),2,2,327,NORMAL,17,0x0000,5,3,0,0,0,2,0,5,0,0
0226,SYDT DOCK 01(H229),3,3,317,NORMAL,2,0x0000,4,1,0,0,0,12,0,4,0,0
0227,,0,0,286,NORMAL,15,0x0000,9203,1,0,0,0,4,0,4,0,0
0227,,1,1,336,NORMAL,15,0x0000,9202,1,0,0,0,8,0,4,0,0
0227,,2,2,336,NORMAL,15,0x0000,9201,1,0,0,0,12,0,4,0,0
0228,,0,0,84,NORMAL,0,0x0000,10002,0,0,0,0,18,1,16,1,0
0228,,1,1,87,NORMAL,0,0x048B,7078,0,0,0,0,10,1,17,1,0
0228,,2,2,87,NORMAL,0,0x048C,7048,0,0,0,0,19,0,4,1,0
0228,,3,3,87,NORMAL,0,0x048D,7023,0,0,0,0,26,0,27,0,0
0228,,4,4,87,NORMAL,0,0x048E,7092,0,0,0,0,9,1,14,0,0
0228,,5,5,87,NORMAL,0,0x048F,7049,0,0,0,0,6,2,7,1,0
0229,NAVEL WEST 05(H36); SPARK ROAR C(H131),0,0,220,NORMAL,0,0x0000,1,0,0,0,0,4,1,30,0,0
0229,NAVEL WEST 05(H36); SPARK ROAR C(H131),1,1,87,NORMAL,0,0x0490,7029,0,0,0,0,25,0,17,0,0
0229,NAVEL WEST 05(H36); SPARK ROAR C(H131),2,2,87,NORMAL,0,0x0491,7023,0,0,0,0,29,0,25,0,0
0229,NAVEL WEST 05(H36); SPARK ROAR C(H131),3,3,87,NORMAL,0,0x0492,7041,0,0,0,0,25,0,30,0,0
0230,LUGIA DEN 01(H37),0,0,232,NORMAL,0,0x0245,4,1,0,0,0,17,0,1,1,0
0230,LUGIA DEN 01(H37),1,1,232,NORMAL,0,0x0245,4,1,0,0,0,18,0,1,1,0
0230,LUGIA DEN 01(H37),2,2,232,NORMAL,0,0x0245,4,1,0,0,0,15,0,1,1,0
0230,LUGIA DEN 01(H37),3,3,232,NORMAL,0,0x0245,4,1,0,0,0,14,0,1,1,0
0230,LUGIA DEN 01(H37),4,4,232,NORMAL,0,0x0245,2,1,0,0,0,16,0,1,1,0
0230,LUGIA DEN 01(H37),5,5,426,NORMAL,0,0x0243,1,1,0,0,0,16,0,17,0,0
0230,LUGIA DEN 01(H37),6,6,349,NORMAL,0,0x0243,0,0,0,0,0,15,0,17,0,0
0230,LUGIA DEN 01(H37),7,7,349,NORMAL,0,0x0243,0,0,0,0,0,17,0,17,0,0
0230,LUGIA DEN 01(H37),8,8,349,NORMAL,0,0x0243,0,0,0,0,0,15,0,16,0,0
0230,LUGIA DEN 01(H37),9,9,349,NORMAL,0,0x0243,0,0,0,0,0,16,0,16,0,0
0230,LUGIA DEN 01(H37),10,10,349,NORMAL,0,0x0243,0,0,0,0,0,17,0,16,0,0
0231,WLDA01 GV07(H525),0,0,222,NORMAL,15,0x01FA,1,1,0,0,0,3,0,8,0,0
0231,WLDA01 GV07(H525),1,1,222,NORMAL,14,0x01FA,1,0,0,0,0,7,0,8,0,0
0231,WLDA01 GV07(H525),2,2,394,NORMAL,17,0x01FB,4,3,0,0,0,1,0,8,0,0
0232,DALI 02 PCR09(H301); RADE 02 PC10(H357),0,0,146,NORMAL,17,0x0000,3,3,0,0,0,5,0,13,0,0
0232,DALI 02 PCR09(H301); RADE 02 PC10(H357),1,1,327,NORMAL,16,0x0000,4,2,0,0,0,6,0,13,0,0
0232,DALI 02 PCR09(H301); RADE 02 PC10(H357),2,2,335,NORMAL,15,0x0000,1,0,0,0,0,8,0,11,0,0
0232,DALI 02 PCR09(H301); RADE 02 PC10(H357),3,3,336,NORMAL,15,0x0000,9017,0,0,0,0,2,0,4,0,0
0232,DALI 02 PCR09(H301); RADE 02 PC10(H357),4,4,336,NORMAL,15,0x0000,9003,0,0,0,0,6,0,4,0,0
0232,DALI 02 PCR09(H301); RADE 02 PC10(H357),5,5,336,NORMAL,15,0x0000,9001,0,0,0,0,11,0,4,0,0
0232,DALI 02 PCR09(H301); RADE 02 PC10(H357),6,6,328,NORMAL,4,0x0000,2,0,0,0,1,12,0,15,0,0
0233,,0,0,287,NORMAL,0,0x0000,2,0,0,0,0,12,1,3,0,131072
0233,,1,1,222,NORMAL,0,0x01E8,3,3,0,0,0,2,1,1,0,0
0233,,2,2,287,NORMAL,0,0x0000,10,0,0,0,0,18,0,3,0,131072
0233,,3,3,287,NORMAL,0,0x0000,11,0,0,0,0,12,1,10,0,131072
0233,,4,4,287,NORMAL,0,0x0000,12,0,0,0,0,12,1,28,0,131072
0233,,5,5,287,NORMAL,0,0x0000,13,0,0,0,0,18,0,28,0,131072
0233,,6,6,222,TRAINER,0,0x01F2,3215,3,4,0,0,12,0,5,0,0
0233,,7,7,29,TRAINER,0,0x01F2,3469,2,4,0,0,4,1,22,0,0
0233,,8,8,87,NORMAL,0,0x044E,7025,0,0,0,0,20,1,11,0,0
0233,,9,9,87,NORMAL,0,0x044F,7055,0,0,0,0,8,1,22,0,0
0233,,10,10,87,NORMAL,0,0x0450,7092,0,0,0,0,30,0,28,0,0
0234,,0,0,364,NORMAL,0,0x01E5,0,1,0,0,0,15,0,24,0,0
0234,,1,1,1028,NORMAL,0,0x01E5,0,1,0,0,0,14,0,24,0,0
0234,,2,2,222,TRAINER,0,0x01F2,3219,2,5,0,0,6,1,25,0,0
0234,,3,3,222,TRAINER,0,0x01F2,3217,1,5,0,0,16,1,25,0,0
0234,,4,4,222,TRAINER,0,0x01F2,3218,1,3,0,0,13,0,3,0,0
0234,,5,5,257,NORMAL,0,0x0000,2,0,0,0,0,31,0,22,0,0
0234,,6,6,257,NORMAL,0,0x0000,2,0,0,0,0,30,0,22,0,0
0234,,7,7,222,NORMAL,0,0x01F3,0,0,0,0,0,30,0,30,0,0
0234,,8,8,223,NORMAL,0,0x01F3,0,0,0,0,0,0,1,30,0,0
0234,,9,9,1019,NORMAL,0,0x01F5,5,0,0,0,0,21,0,12,0,0
0234,,10,10,1019,NORMAL,0,0x01F6,6,0,0,0,0,21,0,14,0,0
0234,,11,11,1019,NORMAL,0,0x01F7,7,0,0,0,0,21,0,16,0,0
0234,,12,12,1019,NORMAL,0,0x01F5,0,0,0,0,0,8,1,12,0,0
0234,,13,13,1019,NORMAL,0,0x01F6,0,0,0,0,0,8,1,14,0,0
0234,,14,14,1019,NORMAL,0,0x01F7,0,0,0,0,0,8,1,16,0,0
0234,,15,15,87,NORMAL,0,0x0451,7373,0,0,0,0,12,0,18,0,0
0234,,16,16,1034,NORMAL,0,0x024B,0,2,3,0,0,16,0,4,0,0
0234,,17,17,1034,NORMAL,0,0x024D,0,3,3,0,0,16,1,29,0,0
0234,,18,18,1034,NORMAL,0,0x0252,0,0,3,0,0,30,0,24,0,0
0235,,0,0,222,NORMAL,15,0x01F2,1,3,0,0,0,12,1,26,0,0
0235,,1,1,29,TRAINER,14,0x01F2,3467,0,0,0,0,10,1,18,0,0
0235,,2,2,29,TRAINER,17,0x01F2,3468,3,6,0,0,22,0,28,0,0
0235,,3,3,222,TRAINER,0,0x01F2,3221,3,5,0,0,15,0,25,0,0
0235,,4,4,221,TRAINER,0,0x01F2,3403,0,0,0,0,6,1,15,0,0
0235,,5,5,364,NORMAL,0,0x01E6,0,2,0,0,0,14,1,26,0,0
0235,,6,6,1028,NORMAL,0,0x01E6,0,2,0,0,0,15,1,26,0,0
0235,,7,7,148,NORMAL,0,0x01FD,0,1,0,0,0,15,0,8,0,0
0235,,8,8,293,NORMAL,0,0x01F4,0,1,0,0,0,21,0,7,0,0
0235,,9,9,1034,NORMAL,0,0x024A,6,1,0,0,0,19,0,4,0,0
0235,,10,10,257,NORMAL,0,0x0000,5,0,0,0,0,23,0,15,0,0
0235,,11,11,257,NORMAL,0,0x0000,5,0,0,0,0,24,0,15,0,0
0235,,12,12,87,NORMAL,0,0x0454,7046,0,0,0,0,11,0,24,0,0
0235,,13,13,87,NORMAL,0,0x0455,7061,0,0,0,0,13,0,24,0,0
0235,,14,14,87,NORMAL,0,0x0452,7376,0,0,0,0,0,1,4,0,0
0235,,15,15,87,NORMAL,0,0x0453,7027,0,0,0,0,17,1,15,0,0
0235,,16,16,1034,NORMAL,0,0x024C,0,3,0,0,0,17,1,4,0,0
0235,,17,17,87,NORMAL,0,0x04AC,7002,0,0,0,0,27,0,18,0,0
0235,,18,18,385,NORMAL,0,0x0280,0,1,0,0,0,21,0,7,0,0
0236,,0,0,84,NORMAL,0,0x0010,10002,0,0,0,0,19,1,8,2,0
0236,,1,1,87,NORMAL,0,0x0497,7078,0,0,0,0,3,2,22,1,0
0236,,2,2,87,NORMAL,0,0x0498,7092,0,0,0,0,3,2,28,0,0
0236,,3,3,87,NORMAL,0,0x0499,7278,0,0,0,0,19,1,31,0,0
0236,,4,4,87,NORMAL,0,0x049A,7024,0,0,0,0,19,1,11,1,0
0236,,5,5,87,NORMAL,0,0x049B,7047,0,0,0,0,29,0,20,0,0
0236,,6,6,87,NORMAL,0,0x049C,7029,0,0,0,0,23,0,4,1,0
0236,,7,7,87,NORMAL,0,0x049D,7002,0,0,0,0,5,1,20,1,0
0236,,8,8,377,TRAINER,15,0x0000,3536,1,2,0,0,30,1,15,2,0
0236,,9,9,338,TRAINER,2,0x0000,3538,2,3,0,0,20,1,18,1,0
0236,,10,10,87,NORMAL,0,0x04AA,7316,0,0,0,0,9,2,15,1,0
0236,,11,11,87,NORMAL,0,0x04AB,7321,0,0,0,0,6,1,11,2,0
0237,,0,0,87,NORMAL,0,0x049E,7050,0,0,0,0,6,0,23,1,0
0237,,1,1,87,NORMAL,0,0x049F,7024,0,0,0,0,13,1,6,1,0
0237,,2,2,87,NORMAL,0,0x04A0,7367,0,0,0,0,29,0,2,1,0
0237,,3,3,87,NORMAL,0,0x04A1,7040,0,0,0,0,16,0,24,0,0
0237,,4,4,87,NORMAL,0,0x04A2,7235,0,0,0,0,27,0,14,0,0
0237,,5,5,87,NORMAL,0,0x04A3,7078,0,0,0,0,13,1,15,0,0
0237,,6,6,338,TRAINER,2,0x0000,3537,1,3,0,0,19,0,14,1,0
0238,REGIDRACO DEN(H132),0,0,84,NORMAL,0,0x0010,10002,0,0,0,0,26,0,6,1,0
0238,REGIDRACO DEN(H132),1,1,344,NORMAL,15,0x0000,1,1,0,0,0,9,1,18,0,0
0238,REGIDRACO DEN(H132),2,2,87,NORMAL,0,0x04A4,7048,0,0,0,0,11,0,26,1,0
0238,REGIDRACO DEN(H132),3,3,87,NORMAL,0,0x04A5,7051,0,0,0,0,4,1,2,2,0
0238,REGIDRACO DEN(H132),4,4,87,NORMAL,0,0x04A6,7023,0,0,0,0,20,1,0,2,0
0238,REGIDRACO DEN(H132),5,5,87,NORMAL,0,0x04A7,7039,0,0,0,0,14,1,13,1,0
0238,REGIDRACO DEN(H132),6,6,87,NORMAL,0,0x04A8,7025,0,0,0,0,8,1,7,1,0
0239,REGIELECT DEN(H133),0,0,359,NORMAL,17,0x0209,4,3,0,0,0,24,0,14,0,0
0239,REGIELECT DEN(H133),1,1,324,TRAINER,0,0x0000,3499,2,3,0,0,30,0,10,0,0
0239,REGIELECT DEN(H133),2,2,327,TRAINER,0,0x0000,3500,3,1,0,0,12,0,20,0,0
0239,REGIELECT DEN(H133),3,3,316,TRAINER,0,0x0000,3501,3,2,0,0,6,0,30,0,0
0239,REGIELECT DEN(H133),4,4,316,TRAINER,0,0x0000,5501,3,2,0,0,6,0,31,0,0
0239,REGIELECT DEN(H133),5,5,87,NORMAL,0,0x0458,7250,0,0,0,0,18,1,2,1,0
0239,REGIELECT DEN(H133),6,6,148,NORMAL,15,0x020F,2,1,0,0,0,25,0,9,1,131072
0239,REGIELECT DEN(H133),7,7,87,NORMAL,0,0x04BA,7049,0,0,0,0,10,1,16,0,0
0239,REGIELECT DEN(H133),8,8,87,NORMAL,0,0x04BB,7041,0,0,0,0,7,0,1,1,0
0239,REGIELECT DEN(H133),9,9,148,NORMAL,15,0x02E0,0,1,0,0,0,24,0,15,1,131072
0239,REGIELECT DEN(H133),10,10,101,NORMAL,14,0x02E0,0,0,0,0,0,24,0,17,1,131072
0239,REGIELECT DEN(H133),11,11,364,NORMAL,0,0x0000,0,1,0,0,0,19,1,2,0,0
0239,REGIELECT DEN(H133),12,12,359,NORMAL,0,0x0000,0,1,0,0,0,21,1,2,0,0
0240,,0,0,282,NORMAL,0,0x0000,1,1,0,0,0,15,0,5,0,0
0240,,1,1,283,NORMAL,0,0x0000,2,1,0,0,0,11,0,5,0,0
0240,,2,2,286,NORMAL,0,0x0000,3,1,0,0,0,19,0,5,0,0
0240,,3,3,336,NORMAL,0,0x022F,7,1,0,0,0,16,0,6,0,0
0240,,4,4,328,NORMAL,3,0x0000,19,1,0,1,2,2,0,14,0,0
0240,,5,5,335,NORMAL,3,0x0000,15,2,0,1,1,13,0,14,0,0
0240,,6,6,35,NORMAL,7,0x0000,16,0,0,1,1,6,0,10,0,0
0240,,7,7,62,NORMAL,0,0x0000,17,1,0,1,1,25,0,13,0,0
0240,,8,8,999,NORMAL,13,0x0000,18,2,0,1,1,25,0,14,0,0
0240,,9,9,999,NORMAL,0,0x0000,21,3,0,1,1,19,0,16,0,0
0240,,10,10,146,NORMAL,0,0x0000,20,2,0,1,1,20,0,16,0,0
0240,,11,11,338,NORMAL,3,0x0000,14,1,0,2,2,9,0,13,0,0
0240,,12,12,146,NORMAL,8,0x0000,2023,2,0,0,0,20,0,11,0,0
0240,,13,13,338,NORMAL,0,0x0000,24,1,0,0,0,24,0,7,0,0
0241,,0,0,111,NORMAL,0,0x0000,0,1,0,0,0,4,0,4,0,0
0242,,0,0,283,NORMAL,0,0x0000,1,3,0,0,0,8,0,1,0,0
0242,,1,1,141,NORMAL,2,0x02AD,2,2,0,0,0,13,0,10,0,0
0242,,2,2,145,NORMAL,2,0x02AE,3,3,0,0,0,4,0,6,0,0
0242,,3,3,142,NORMAL,2,0x02AF,4,1,0,0,0,11,0,8,0,0
0242,,4,4,143,NORMAL,2,0x02B0,5,3,0,0,0,2,0,10,0,0
0242,,5,5,144,NORMAL,2,0x02B1,6,0,0,0,0,7,0,9,0,0
0243,,0,0,325,NORMAL,3,0x0000,18,1,0,1,1,12,1,18,1,0
0243,,1,1,331,NORMAL,0,0x0000,9,1,0,0,0,17,1,0,2,0
0243,,2,2,330,NORMAL,0,0x0000,8,1,0,0,0,16,1,0,2,0
0243,,3,3,316,NORMAL,3,0x0000,6,1,0,3,0,9,1,25,1,0
0243,,4,4,146,NORMAL,6,0x0000,20,2,0,0,0,27,1,13,1,0
0243,,5,5,315,NORMAL,0,0x0000,2,0,0,0,0,18,1,19,0,0
0243,,6,6,35,NORMAL,10,0x0000,4,0,0,0,1,26,0,30,0,0
0243,,7,7,31,NORMAL,2,0x0000,12,3,0,0,1,3,2,7,1,0
0243,,8,8,344,NORMAL,3,0x0000,3,1,0,3,3,6,1,23,0,0
0243,,9,9,284,NORMAL,0,0x0000,23,3,0,0,0,13,1,11,1,0
0243,,10,10,284,NORMAL,0,0x0000,10490,3,0,0,0,13,1,5,1,0
0243,,11,11,284,NORMAL,0,0x0000,25,2,0,0,0,20,1,11,1,0
0243,,12,12,328,NORMAL,3,0x0000,13,0,0,2,0,28,1,29,0,0
0243,,13,13,332,NORMAL,0,0x0000,14,1,0,0,0,27,1,18,0,0
0243,,14,14,341,NORMAL,3,0x0000,15,1,0,0,1,6,1,5,1,0
0243,,15,15,315,NORMAL,0,0x0000,22,3,0,0,0,23,1,6,1,0
0243,,16,16,323,NORMAL,3,0x0000,19,1,0,1,1,22,1,17,1,0
0243,,17,17,42,NORMAL,3,0x0000,11,3,0,2,0,2,2,18,1,0
0243,,18,18,347,NORMAL,3,0x0000,21,3,0,2,1,28,1,5,1,0
0243,,19,19,346,NORMAL,3,0x0000,17,3,0,2,0,13,1,14,1,0
0243,,20,20,325,NORMAL,3,0x0000,7,0,0,2,0,12,1,29,1,0
0243,,21,21,325,NORMAL,3,0x0000,10,0,0,0,2,22,1,27,1,0
0243,,22,22,324,NORMAL,3,0x0000,16,1,0,0,2,10,1,9,1,0
0243,,23,23,347,NORMAL,10,0x0000,5,1,0,0,1,31,0,8,1,0
0243,,24,24,328,NORMAL,14,0x027E,39,0,0,0,0,6,2,7,1,0
0244,,0,0,322,NORMAL,3,0x0000,10,0,0,2,0,4,0,6,0,0
0244,,1,1,330,NORMAL,3,0x0000,9,2,0,2,0,11,0,6,0,0
0244,,2,2,50,NORMAL,8,0x0000,8,2,0,0,0,3,0,4,0,0
0244,,3,3,284,NORMAL,0,0x0000,6,3,0,2,0,5,0,13,0,0
0244,,4,4,284,NORMAL,0,0x0000,4,3,0,2,0,5,0,15,0,0
0244,,5,5,284,NORMAL,0,0x0000,2,3,0,2,0,5,0,17,0,0
0244,,6,6,284,NORMAL,0,0x0000,7,2,0,2,0,9,0,13,0,0
0244,,7,7,284,NORMAL,0,0x0000,5,2,0,2,0,9,0,15,0,0
0244,,8,8,284,NORMAL,0,0x0000,3,2,0,2,0,9,0,17,0,0
0244,,9,9,326,NORMAL,0,0x0000,11,2,0,0,0,11,0,3,0,0
0246,,0,0,282,NORMAL,15,0x0000,1,1,0,0,0,21,0,6,0,0
0246,,1,1,283,NORMAL,15,0x0000,6,1,0,0,0,23,0,6,0,0
0246,,2,2,317,NORMAL,7,0x0000,10,3,0,0,0,16,0,5,0,0
0246,,3,3,326,NORMAL,3,0x0000,9,2,0,1,1,15,0,12,0,0
0246,,4,4,34,NORMAL,3,0x0000,13,0,0,1,1,25,0,9,0,0
0246,,5,5,348,NORMAL,0,0x0000,8,0,0,0,0,1,0,12,0,0
0246,,6,6,325,NORMAL,0,0x0000,7,1,0,0,0,1,0,11,0,0
0246,,7,7,341,NORMAL,3,0x0000,11,2,0,1,1,18,0,9,0,0
0246,,8,8,63,NORMAL,7,0x0000,12,2,0,0,0,22,0,11,0,0
0247,,0,0,282,NORMAL,17,0x0000,1,3,0,0,0,6,0,9,0,0
0247,,1,1,283,NORMAL,17,0x0000,6,3,0,0,0,6,0,10,0,0
0247,,2,2,326,NORMAL,7,0x0000,14,2,0,0,0,2,0,5,0,0
0247,,3,3,329,NORMAL,3,0x0000,13,3,0,2,0,3,0,7,0,0
0247,,4,4,316,NORMAL,0,0x0000,9,1,0,0,0,15,0,5,0,0
0247,,5,5,1016,NORMAL,7,0x0000,10,0,0,0,0,15,0,6,0,0
0247,,6,6,319,NORMAL,3,0x0000,8,2,0,0,1,20,0,4,0,0
0247,,7,7,333,NORMAL,3,0x0000,7,0,0,0,1,23,0,11,0,0
0247,,8,8,330,NORMAL,0,0x0000,11,1,0,1,1,10,0,3,0,0
0247,,9,9,35,NORMAL,0,0x0000,12,0,0,0,0,6,0,6,0,0
0247,,10,10,318,NORMAL,0,0x0000,15,2,0,0,0,25,0,4,0,0
0247,,11,11,110,NORMAL,16,0x0000,18,2,0,1,1,18,0,11,0,0
0247,,12,12,102,NORMAL,15,0x0234,20,1,0,1,1,4,0,6,0,0
0247,,13,13,282,NORMAL,15,0x0000,17,1,0,1,1,8,0,8,0,0
0248,,0,0,282,NORMAL,17,0x0000,1,3,0,0,0,5,0,9,0,0
0248,,1,1,283,NORMAL,17,0x0000,6,3,0,0,0,5,0,10,0,0
0248,,2,2,31,NORMAL,0,0x0000,11,3,0,0,0,14,0,13,0,0
0248,,3,3,344,NORMAL,3,0x0000,13,2,0,2,0,2,0,14,0,0
0248,,4,4,341,NORMAL,3,0x0000,12,0,0,1,1,8,0,12,0,0
0248,,5,5,332,NORMAL,3,0x0000,9,1,0,0,2,12,0,4,0,0
0248,,6,6,328,NORMAL,3,0x0000,7,2,0,0,1,20,0,5,0,0
0248,,7,7,37,NORMAL,0,0x0000,8,3,0,0,2,14,0,5,0,0
0248,,8,8,325,NORMAL,3,0x0000,10,1,0,2,0,9,0,7,0,0
0249,,0,0,282,NORMAL,15,0x0000,1,1,0,1,1,14,0,5,0,0
0249,,1,1,283,NORMAL,15,0x0000,6,1,0,0,0,15,0,5,0,0
0249,,2,2,351,NORMAL,6,0x0000,9,3,0,0,0,19,0,9,0,0
0249,,3,3,326,NORMAL,9,0x0000,11,1,0,3,0,2,0,12,0,0
0249,,4,4,345,NORMAL,7,0x0000,12,3,0,0,0,2,0,14,0,0
0249,,5,5,326,NORMAL,6,0x0000,13,3,0,0,0,4,0,14,0,0
0249,,6,6,40,NORMAL,3,0x0000,7,2,0,0,1,12,0,3,0,0
0249,,7,7,318,NORMAL,3,0x0000,10,2,0,3,0,7,0,11,0,0
0249,,8,8,316,NORMAL,0,0x0000,14,3,0,0,0,21,0,14,0,0
0249,,9,9,327,NORMAL,7,0x0000,8,3,0,1,0,19,0,6,0,0
0249,,10,10,333,NORMAL,0,0x0000,16,1,0,0,0,13,0,8,0,0
0249,,11,11,333,NORMAL,0,0x0000,17,0,0,0,0,13,0,9,0,0
0251,,0,0,383,NORMAL,0,0x0225,0,1,0,0,0,10,1,10,1,0
0251,,1,1,1011,NORMAL,0,0x0225,0,1,0,0,0,9,1,10,1,0
0251,,2,2,317,NORMAL,0,0x0000,2,2,0,3,4,4,1,23,0,0
0251,,3,3,319,NORMAL,0,0x0000,3,1,0,0,0,30,0,23,0,0
0251,,4,4,1008,NORMAL,0,0x0000,9,1,0,0,0,29,0,23,0,0
0251,,5,5,324,NORMAL,0,0x0000,7,1,0,0,0,20,0,10,0,0
0251,,6,6,1010,NORMAL,20,0x0000,15,3,0,4,0,18,0,14,0,0
0251,,7,7,1015,NORMAL,20,0x0000,13,3,0,5,0,18,0,12,0,0
0251,,8,8,1006,NORMAL,0,0x0000,8,3,0,0,0,3,1,23,0,0
0251,,9,9,329,NORMAL,20,0x0000,4,1,0,0,6,27,0,1,1,0
0251,,10,10,995,NORMAL,20,0x0000,10,1,0,0,6,26,0,1,1,0
0251,,11,11,325,NORMAL,0,0x0000,5,1,0,0,0,21,0,16,1,0
0251,,12,12,1016,NORMAL,3,0x0000,11,1,0,1,1,23,0,17,1,0
0251,,13,13,324,NORMAL,0,0x0000,6,3,0,0,0,11,0,8,1,0
0251,,14,14,1013,NORMAL,0,0x0000,12,3,0,0,0,11,0,9,1,0
0251,,15,15,1017,NORMAL,20,0x0000,14,2,0,4,0,22,0,13,0,0
0251,,16,16,328,NORMAL,14,0x027E,17,0,0,0,0,19,0,30,0,0
0251,,17,17,328,NORMAL,14,0x027F,18,0,0,0,0,9,1,28,0,0
0251,,18,18,334,NORMAL,0,0x0000,16,1,0,0,0,22,0,24,0,0
0253,,0,0,383,NORMAL,0,0x0000,0,0,0,0,0,6,1,12,0,0
0253,,1,1,1011,NORMAL,0,0x0000,0,0,0,0,0,7,1,12,0,0
0253,,2,2,384,NORMAL,0,0x0000,1,1,0,0,0,26,0,12,0,0
0253,,3,3,322,NORMAL,3,0x0000,4,0,0,1,0,14,0,14,0,0
0253,,4,4,317,NORMAL,0,0x0000,2,0,0,0,0,14,0,11,0,0
0253,,5,5,316,NORMAL,0,0x0000,12,0,0,0,0,22,0,11,0,0
0253,,6,6,319,NORMAL,0,0x0000,3,0,0,0,0,16,0,11,0,0
0253,,7,7,326,NORMAL,14,0x0000,9,0,0,0,0,19,0,11,0,0
0253,,8,8,329,NORMAL,0,0x0000,14,0,0,0,0,20,0,13,0,0
0253,,9,9,316,NORMAL,0,0x0000,13,0,0,0,0,23,0,11,0,0
0253,,10,10,331,NORMAL,0,0x0000,8,0,0,0,0,29,0,12,0,0
0253,,11,11,330,NORMAL,0,0x0000,7,0,0,0,0,30,0,12,0,0
0253,,12,12,146,NORMAL,0,0x0000,6,3,0,0,0,0,1,11,0,0
0253,,13,13,328,NORMAL,0,0x0000,10,0,0,0,0,10,0,12,0,0
0253,,14,14,315,NORMAL,0,0x0000,11,0,0,0,0,11,0,12,0,0
0253,,15,15,996,NORMAL,0,0x0000,15,3,0,0,0,13,0,11,0,0
0253,,16,16,994,NORMAL,0,0x0000,17,0,0,0,0,17,0,11,0,0
0253,,17,17,1013,NORMAL,2,0x0000,16,3,0,0,0,19,0,13,0,0
0253,,18,18,324,NORMAL,0,0x0000,5,0,0,0,0,27,0,14,0,0
0255,,0,0,322,NORMAL,0,0x0000,3,1,0,0,0,2,0,9,0,0
0255,,1,1,336,NORMAL,0,0x0000,1,1,0,0,0,11,0,8,0,0
0255,,2,2,336,NORMAL,0,0x0000,2,1,0,0,0,3,0,3,0,0
0255,,3,3,317,NORMAL,3,0x0000,4,3,0,0,0,5,0,7,0,0
0255,,4,4,996,NORMAL,0,0x0000,6,3,0,0,0,5,0,8,0,0
0255,,5,5,319,NORMAL,0,0x0000,5,0,0,0,0,11,0,4,0,0
0255,,6,6,1005,NORMAL,0,0x0000,7,3,0,0,0,10,0,4,0,0
0255,,7,7,396,NORMAL,0,0x0000,0,0,0,0,0,6,0,8,0,0
0255,,8,8,396,NORMAL,0,0x0000,0,0,0,0,0,7,0,8,0,0
0255,,9,9,396,NORMAL,0,0x0000,0,0,0,0,0,8,0,8,0,0
0255,,10,10,397,NORMAL,0,0x0000,0,0,0,0,0,6,0,3,0,0
0255,,11,11,397,NORMAL,0,0x0000,0,0,0,0,0,9,0,3,0,0
0255,,12,12,210,NORMAL,0,0x0000,0,0,0,0,0,13,0,3,0,0
0255,,13,13,396,NORMAL,0,0x0000,0,0,0,0,0,9,0,8,0,0
0255,,14,14,396,NORMAL,0,0x0000,0,0,0,0,0,10,0,8,0,0
0256,,0,0,336,NORMAL,0,0x0000,1,3,0,0,0,1,0,12,0,0
0256,,1,1,336,NORMAL,0,0x0000,2,1,0,0,0,3,0,3,0,0
0256,,2,2,344,NORMAL,0,0x0000,5,1,0,0,0,14,0,9,0,0
0256,,3,3,324,NORMAL,0,0x0000,4,0,0,0,0,14,0,4,0,0
0256,,4,4,327,NORMAL,0,0x0000,3,0,0,0,0,11,0,12,0,0
0256,,5,5,1012,NORMAL,0,0x0000,6,0,0,0,0,10,0,12,0,0
0256,,6,6,1027,NORMAL,0,0x0000,7,2,0,0,0,15,0,4,0,0
0256,,7,7,398,NORMAL,0,0x02D5,0,0,0,0,0,13,0,3,0,0
0256,,8,8,399,NORMAL,0,0x02D6,0,0,0,0,0,9,0,3,0,0
0256,,9,9,400,NORMAL,0,0x02D7,0,0,0,0,0,6,0,3,0,0
0257,,0,0,336,NORMAL,0,0x0000,2,1,0,0,0,7,0,3,0,0
0257,,1,1,336,NORMAL,0,0x0000,1,3,0,0,0,1,0,14,0,0
0257,,2,2,332,NORMAL,0,0x0000,3,1,0,0,0,11,0,7,0,0
0257,,3,3,1018,NORMAL,0,0x0000,4,1,0,0,0,12,0,7,0,0
0257,,4,4,401,NORMAL,0,0x02D8,0,0,0,0,0,3,0,3,0,0
0257,,5,5,402,NORMAL,0,0x02D9,0,0,0,0,0,10,0,3,0,0
0258,,0,0,383,NORMAL,0,0x0000,1,0,0,0,0,7,0,10,0,0
0258,,1,1,403,NORMAL,0,0x0000,0,0,0,0,0,7,0,8,0,0
0258,,2,2,404,NORMAL,0,0x0000,0,0,0,0,0,7,0,8,0,0
0259,DRAGON DEN 02(H298),0,0,387,NORMAL,15,0x0000,1,1,0,0,0,6,0,9,0,0
0259,DRAGON DEN 02(H298),1,1,330,NORMAL,17,0x0000,2,3,0,0,0,3,0,13,0,0
0259,DRAGON DEN 02(H298),2,2,330,NORMAL,16,0x0000,3,2,0,0,0,9,0,13,0,0
0259,DRAGON DEN 02(H298),3,3,359,NORMAL,17,0x0000,0,3,0,0,0,1,0,1,0,0
0259,DRAGON DEN 02(H298),4,4,328,NORMAL,14,0x027E,6,0,0,0,0,5,0,14,0,0
0260,DALI 06 HS26(H305),0,0,331,NORMAL,16,0x0000,1,2,0,0,0,5,0,5,0,0
0260,DALI 06 HS26(H305),1,1,1027,NORMAL,15,0x0000,2,1,0,0,0,8,0,6,0,0
0261,DALI 07 HS27(H306),0,0,319,NORMAL,2,0x0000,1,3,0,0,0,5,0,5,0,0
0261,DALI 07 HS27(H306),1,1,325,NORMAL,0,0x0000,2,2,0,0,0,8,0,5,0,0
0262,DALI 08 HS28(H307),0,0,328,NORMAL,15,0x0000,1,1,0,0,0,1,0,4,0,0
0262,DALI 08 HS28(H307),1,1,332,NORMAL,15,0x0000,2,1,0,0,0,3,0,4,0,0
0262,DALI 08 HS28(H307),2,2,330,NORMAL,0,0x0000,4,1,0,0,0,8,0,5,0,0
0262,DALI 08 HS28(H307),3,3,331,NORMAL,0,0x0000,3,1,0,0,0,5,0,5,0,0
0262,DALI 08 HS28(H307),4,4,183,NORMAL,0,0x0000,5,0,0,0,0,7,0,5,0,0
0263,SHED 03 PM06(H282),0,0,334,NORMAL,17,0x0000,1,3,0,0,0,2,0,6,0,0
0263,SHED 03 PM06(H282),1,1,334,NORMAL,17,0x0000,2,3,0,0,0,2,0,4,0,0
0263,SHED 03 PM06(H282),2,2,344,NORMAL,15,0x0000,4,1,0,0,0,10,0,3,0,0
0263,SHED 03 PM06(H282),3,3,324,NORMAL,5,0x0000,3,2,0,0,0,10,0,8,0,0
0263,SHED 03 PM06(H282),4,4,299,NORMAL,0,0x02A8,10202,1,0,0,0,3,0,8,0,0
0263,SHED 03 PM06(H282),5,5,193,NORMAL,0,0x02A7,10201,1,0,0,0,2,0,8,0,0
0264,TROO 02 PC11(H411),0,0,341,NORMAL,15,0x0000,2,1,0,0,0,6,0,13,0,0
0264,TROO 02 PC11(H411),1,1,316,NORMAL,3,0x0000,3,3,0,1,1,4,0,17,0,0
0264,TROO 02 PC11(H411),2,2,324,NORMAL,4,0x0000,4,0,0,0,1,12,0,15,0,0
0264,TROO 02 PC11(H411),3,3,335,NORMAL,15,0x0000,1,1,0,0,1,8,0,11,0,0
0264,TROO 02 PC11(H411),4,4,336,NORMAL,15,0x0000,9017,1,0,0,1,2,0,4,0,0
0264,TROO 02 PC11(H411),5,5,336,NORMAL,15,0x0000,9003,1,0,0,1,6,0,4,0,0
0264,TROO 02 PC11(H411),6,6,336,NORMAL,15,0x0000,9001,1,0,0,1,11,0,4,0,0
0265,DALI 09 HS29(H308),0,0,332,NORMAL,17,0x0000,1,3,0,0,0,5,0,5,0,0
0266,RADE 06 HS30(H361),0,0,347,NORMAL,15,0x0000,1,1,0,0,0,5,0,5,0,0
0267,RADE 07 HS31(H362),0,0,325,NORMAL,0,0x0000,1,1,0,0,0,5,0,5,0,0
0269,,0,0,85,NORMAL,0,0x0010,10001,0,0,0,0,5,0,3,0,0
0269,,1,1,85,NORMAL,0,0x0011,10001,0,0,0,0,8,0,4,0,0
0269,,2,2,85,NORMAL,0,0x0012,10001,0,0,0,0,4,0,8,0,0
0269,,3,3,85,NORMAL,0,0x0013,10001,0,0,0,0,3,0,7,0,0
0269,,4,4,385,NORMAL,0,0x0303,0,0,0,0,0,12,0,3,0,0
0269,,5,5,101,NORMAL,0,0x0311,0,0,0,0,0,12,0,5,0,0
0270,,0,0,34,NORMAL,0,0x0000,4,3,0,0,0,9,0,16,0,0
0270,,1,1,34,NORMAL,0,0x0000,6,3,0,0,0,8,0,9,0,0
0270,,2,2,34,NORMAL,0,0x0000,5,2,0,0,0,14,0,9,0,0
0270,,3,3,372,NORMAL,3,0x0270,9,3,0,0,0,17,0,10,0,0
0271,,0,0,335,NORMAL,15,0x0000,1,1,0,0,0,6,0,19,0,0
0271,,1,1,330,NORMAL,15,0x0000,3,1,0,0,0,9,0,14,0,0
0271,,2,2,344,NORMAL,2,0x0000,2,2,0,0,0,15,0,23,0,0
0271,,3,3,1012,NORMAL,15,0x0000,4,1,0,0,0,8,0,14,0,0
0271,,4,4,334,NORMAL,15,0x0000,5,1,0,0,0,16,0,19,0,0
0271,,5,5,148,NORMAL,0,0x0250,0,1,0,0,0,10,0,24,0,0
0271,,6,6,336,NORMAL,15,0x0000,9003,1,0,0,0,3,0,13,0,0
0271,,7,7,336,NORMAL,15,0x0000,9001,1,0,0,0,19,0,13,0,0
0271,,8,8,394,NORMAL,0,0x0000,9,1,0,0,0,11,0,8,0,0
0272,,0,0,360,NORMAL,15,0x0000,2,1,0,0,0,6,0,10,0,0
0272,,1,1,289,NORMAL,0,0x020B,0,0,0,0,0,6,0,20,0,0
0272,,2,2,290,NORMAL,0,0x0211,0,0,0,0,0,6,0,2,0,0
0272,,3,3,349,NORMAL,0,0x0211,0,0,0,0,0,5,0,2,0,0
0272,,4,4,349,NORMAL,0,0x0211,0,0,0,0,0,7,0,2,0,0
0273,,0,0,361,NORMAL,15,0x0000,2,1,0,0,0,6,0,11,0,0
0273,,1,1,289,NORMAL,0,0x020C,0,0,0,0,0,6,0,20,0,0
0273,,2,2,290,NORMAL,0,0x0212,0,0,0,0,0,6,0,2,0,0
0273,,3,3,349,NORMAL,0,0x0212,0,0,0,0,0,5,0,2,0,0
0273,,4,4,349,NORMAL,0,0x0212,0,0,0,0,0,7,0,2,0,0
0274,,0,0,362,NORMAL,15,0x0000,2,1,0,0,0,6,0,10,0,0
0274,,1,1,289,NORMAL,0,0x020D,0,0,0,0,0,6,0,20,0,0
0274,,2,2,290,NORMAL,0,0x0213,0,0,0,0,0,6,0,2,0,0
0274,,3,3,290,NORMAL,0,0x0213,0,0,0,0,0,5,0,2,0,0
0274,,4,4,290,NORMAL,0,0x0213,0,0,0,0,0,7,0,2,0,0
0275,,0,0,363,NORMAL,15,0x0000,2,1,0,0,0,6,0,10,0,0
0275,,1,1,289,NORMAL,0,0x020E,0,0,0,0,0,6,0,20,0,0
0275,,2,2,290,NORMAL,0,0x0214,0,0,0,0,0,6,0,2,0,0
0275,,3,3,290,NORMAL,0,0x0214,0,0,0,0,0,5,0,2,0,0
0275,,4,4,290,NORMAL,0,0x0214,0,0,0,0,0,7,0,2,0,0
0276,,0,0,364,NORMAL,15,0x0000,0,1,0,0,0,6,0,6,0,0
0276,,1,1,366,NORMAL,15,0x0000,0,1,0,0,0,22,0,27,0,0
0276,,2,2,389,NORMAL,15,0x0000,0,1,0,0,0,21,0,27,0,0
0276,,3,3,289,NORMAL,0,0x0210,0,0,0,0,0,6,0,26,0,0
0276,,4,4,290,NORMAL,0,0x0000,0,0,0,0,0,6,0,2,0,0
0277,,0,0,364,NORMAL,0,0x0000,0,0,0,0,0,6,0,20,0,0
0278,BOAT 01(H96),0,0,348,NORMAL,5,0x0000,3,3,0,1,0,16,0,10,0,0
0278,BOAT 01(H96),1,1,348,NORMAL,15,0x0000,1,1,0,0,0,24,0,17,0,0
0278,BOAT 01(H96),2,2,348,NORMAL,16,0x0000,2,2,0,0,0,5,1,13,0,0
0278,BOAT 01(H96),3,3,341,NORMAL,16,0x0215,4,2,0,0,0,3,1,14,0,0
0279,BOAT 02(H97),0,0,236,NORMAL,15,0x0000,1,1,0,0,0,9,0,4,0,0
0279,BOAT 02(H97),1,1,316,NORMAL,16,0x0217,2,2,0,0,0,10,0,4,0,0
0280,BOAT 03(H98),0,0,348,NORMAL,0,0x021A,1,1,0,0,0,7,0,10,0,0
0280,BOAT 03(H98),1,1,341,TRAINER,0,0x022B,3230,3,4,0,0,1,0,9,0,0
0280,BOAT 03(H98),2,2,218,TRAINER,0,0x022C,3283,0,3,0,0,9,0,7,0,0
0281,BOAT 04(H99),0,0,333,TRAINER,14,0x022A,3234,0,4,0,0,21,0,8,0,0
0281,BOAT 04(H99),1,1,324,TRAINER,0,0x022B,3235,3,4,0,0,5,0,4,0,0
0281,BOAT 04(H99),2,2,327,TRAINER,0,0x022B,3236,0,5,0,0,10,0,8,0,0
0281,BOAT 04(H99),3,3,377,TRAINER,0,0x022C,3132,2,0,0,0,10,0,9,0,0
0282,BOAT 05(H100),0,0,227,TRAINER,18,0x022A,3398,2,3,0,0,24,0,6,0,0
0282,BOAT 05(H100),1,1,326,TRAINER,0,0x022B,3208,1,4,0,0,9,0,6,0,0
0282,BOAT 05(H100),2,2,323,TRAINER,0,0x022C,3040,1,5,0,0,7,0,6,0,0
0282,BOAT 05(H100),3,3,318,TRAINER,0,0x022C,3078,3,0,0,0,19,0,7,0,0
0293,HOTEL 2 HS33(H365),0,0,331,NORMAL,0,0x0000,1,1,0,0,0,25,0,19,0,0
0294,NAVEL WEST 03(H34),0,0,1303,NORMAL,0,0x030A,1,1,0,0,0,16,1,14,1,0
0296,,0,0,87,NORMAL,0,0x046C,7036,0,0,0,0,4,0,8,0,0
0296,,1,1,87,NORMAL,0,0x046D,7035,0,0,0,0,8,0,8,0,0
0296,,2,2,87,NORMAL,0,0x046E,7158,0,0,0,0,4,0,12,0,0
0296,,3,3,87,NORMAL,0,0x046F,7081,0,0,0,0,8,0,12,0,0
0299,BOAT 06(H101),0,0,341,NORMAL,0,0x0216,1,1,0,0,0,9,0,8,0,0
0299,BOAT 06(H101),1,1,328,TRAINER,17,0x022A,3423,3,6,0,0,17,0,10,0,0
0299,BOAT 06(H101),2,2,316,TRAINER,15,0x022A,3424,1,1,0,0,24,0,7,0,0
0299,BOAT 06(H101),3,3,316,TRAINER,15,0x022A,5424,1,1,0,0,25,0,7,0,0
0299,BOAT 06(H101),4,4,316,NORMAL,0,0x0218,3,1,0,0,0,8,0,8,0,0
0299,BOAT 06(H101),5,5,338,TRAINER,0,0x022B,3366,1,5,0,0,10,0,6,0,0
0299,BOAT 06(H101),6,6,351,TRAINER,0,0x022B,3421,3,6,0,0,17,0,9,0,0
0299,BOAT 06(H101),7,7,329,TRAINER,0,0x022C,3351,3,5,0,0,17,0,8,0,0
0299,BOAT 06(H101),8,8,328,TRAINER,0,0x022C,3422,1,2,0,0,22,0,6,0,0
0300,BOAT 07(H102),0,0,316,NORMAL,17,0x0219,4,3,0,0,0,1,0,13,0,0
0300,BOAT 07(H102),1,1,348,NORMAL,16,0x022A,1,2,0,0,0,6,1,18,0,0
0300,BOAT 07(H102),2,2,346,TRAINER,3,0x022A,3138,3,2,1,1,17,1,4,0,0
0300,BOAT 07(H102),3,3,348,TRAINER,15,0x022A,3238,1,4,0,0,3,1,9,0,0
0300,BOAT 07(H102),4,4,378,TRAINER,14,0x022A,3241,0,0,0,0,8,0,4,0,0
0300,BOAT 07(H102),5,5,347,TRAINER,0,0x022B,3127,1,3,0,0,14,0,12,0,0
0300,BOAT 07(H102),6,6,348,TRAINER,0,0x022B,3239,2,3,0,0,26,0,13,0,0
0300,BOAT 07(H102),7,7,344,TRAINER,0,0x022B,3338,3,2,0,0,29,0,8,0,0
0300,BOAT 07(H102),8,8,348,TRAINER,0,0x022C,3240,3,5,0,0,10,0,17,0,0
0300,BOAT 07(H102),9,9,146,TRAINER,0,0x022C,3427,1,3,0,0,31,0,6,0,0
0300,BOAT 07(H102),10,10,146,TRAINER,0,0x022C,3428,3,0,0,0,31,0,10,0,0
0300,BOAT 07(H102),11,11,329,TRAINER,0,0x022C,3426,2,0,0,0,3,1,8,0,0
0301,SYDT DOCK 02(H230),0,0,348,NORMAL,0,0x0000,1,1,0,0,0,27,0,22,0,0
0301,SYDT DOCK 02(H230),1,1,348,NORMAL,0,0x0000,4,1,0,0,0,10,0,15,0,0
0301,SYDT DOCK 02(H230),2,2,326,NORMAL,0,0x0000,5,0,0,0,0,10,0,16,0,0
0301,SYDT DOCK 02(H230),3,3,369,NORMAL,0,0x02C9,7,2,0,0,0,18,0,22,0,0
0302,BAIR 05 DCARE(H255),0,0,331,NORMAL,0,0x0000,9501,1,0,0,0,3,0,5,0,0
0302,BAIR 05 DCARE(H255),1,1,101,NORMAL,0,0x022D,0,1,0,0,0,3,0,10,0,0
0302,BAIR 05 DCARE(H255),2,2,1032,NORMAL,0,0x022D,0,1,0,0,0,4,0,10,0,0
0304,,0,0,87,NORMAL,0,0x047C,7027,0,0,0,0,6,0,25,0,0
0305,,0,0,87,NORMAL,0,0x047D,7078,0,0,0,0,6,0,21,0,0
0305,,1,1,87,NORMAL,0,0x047E,7002,0,0,0,0,22,0,18,0,0
0305,,2,2,87,NORMAL,0,0x047F,7051,0,0,0,0,25,0,24,0,0
0306,,0,0,87,NORMAL,0,0x0480,7050,0,0,0,0,14,0,19,0,0
0307,,0,0,87,NORMAL,0,0x0481,7024,0,0,0,0,13,0,16,0,0
0307,,1,1,87,NORMAL,0,0x0482,7027,0,0,0,0,6,0,7,0,0
0309,,0,0,87,NORMAL,0,0x0484,7023,0,0,0,0,6,0,6,0,0
0309,,1,1,87,NORMAL,0,0x0485,7041,0,0,0,0,17,0,14,0,0
0309,,2,2,87,NORMAL,0,0x0486,7092,0,0,0,0,19,0,24,0,0
0311,HO-OH TWR TOP(H46),0,0,232,NORMAL,0,0x0244,2,1,0,0,0,15,0,18,0,0
0311,HO-OH TWR TOP(H46),1,1,232,NORMAL,0,0x0244,5,1,0,0,0,14,0,18,0,0
0311,HO-OH TWR TOP(H46),2,2,232,NORMAL,0,0x0244,5,1,0,0,0,13,0,18,0,0
0311,HO-OH TWR TOP(H46),3,3,232,NORMAL,0,0x0244,5,1,0,0,0,16,0,18,0,0
0311,HO-OH TWR TOP(H46),4,4,232,NORMAL,0,0x0244,5,1,0,0,0,17,0,18,0,0
0311,HO-OH TWR TOP(H46),5,5,425,NORMAL,0,0x0242,1,1,0,0,0,15,0,16,0,0
0313,VOLTIC CAVE 1(H152); VOLTIC CAVE 2(H153); VOLTIC CAVE 3(H155); VOLTIC CAVE 4(H156); VOLTIC CAVE 5(H158); VOLTIC CAVE 6(H159),0,1,85,NORMAL,0,0x0010,10001,0,0,0,0,20,2,22,5,0
0313,VOLTIC CAVE 1(H152); VOLTIC CAVE 2(H153); VOLTIC CAVE 3(H155); VOLTIC CAVE 4(H156); VOLTIC CAVE 5(H158); VOLTIC CAVE 6(H159),1,2,85,NORMAL,0,0x0011,10001,0,0,0,0,17,2,22,5,0
0313,VOLTIC CAVE 1(H152); VOLTIC CAVE 2(H153); VOLTIC CAVE 3(H155); VOLTIC CAVE 4(H156); VOLTIC CAVE 5(H158); VOLTIC CAVE 6(H159),2,3,85,NORMAL,0,0x0012,10001,0,0,0,0,21,2,11,5,0
0313,VOLTIC CAVE 1(H152); VOLTIC CAVE 2(H153); VOLTIC CAVE 3(H155); VOLTIC CAVE 4(H156); VOLTIC CAVE 5(H158); VOLTIC CAVE 6(H159),3,4,85,NORMAL,0,0x0013,10001,0,0,0,0,26,1,19,5,0
0313,VOLTIC CAVE 1(H152); VOLTIC CAVE 2(H153); VOLTIC CAVE 3(H155); VOLTIC CAVE 4(H156); VOLTIC CAVE 5(H158); VOLTIC CAVE 6(H159),4,5,85,NORMAL,0,0x0014,10001,0,0,0,0,12,1,18,5,0
0313,VOLTIC CAVE 1(H152); VOLTIC CAVE 2(H153); VOLTIC CAVE 3(H155); VOLTIC CAVE 4(H156); VOLTIC CAVE 5(H158); VOLTIC CAVE 6(H159),5,6,85,NORMAL,0,0x0015,10001,0,0,0,0,28,0,11,0,0
0313,VOLTIC CAVE 1(H152); VOLTIC CAVE 2(H153); VOLTIC CAVE 3(H155); VOLTIC CAVE 4(H156); VOLTIC CAVE 5(H158); VOLTIC CAVE 6(H159),6,0,85,NORMAL,0,0x0016,10001,0,0,0,0,12,1,13,4,0
0313,VOLTIC CAVE 1(H152); VOLTIC CAVE 2(H153); VOLTIC CAVE 3(H155); VOLTIC CAVE 4(H156); VOLTIC CAVE 5(H158); VOLTIC CAVE 6(H159),7,7,85,NORMAL,0,0x0017,10001,0,0,0,0,18,1,12,4,0
0313,VOLTIC CAVE 1(H152); VOLTIC CAVE 2(H153); VOLTIC CAVE 3(H155); VOLTIC CAVE 4(H156); VOLTIC CAVE 5(H158); VOLTIC CAVE 6(H159),8,8,85,NORMAL,0,0x0018,10001,0,0,0,0,24,1,22,4,0
0313,VOLTIC CAVE 1(H152); VOLTIC CAVE 2(H153); VOLTIC CAVE 3(H155); VOLTIC CAVE 4(H156); VOLTIC CAVE 5(H158); VOLTIC CAVE 6(H159),9,9,85,NORMAL,0,0x0019,10001,0,0,0,0,13,0,19,4,0
0313,VOLTIC CAVE 1(H152); VOLTIC CAVE 2(H153); VOLTIC CAVE 3(H155); VOLTIC CAVE 4(H156); VOLTIC CAVE 5(H158); VOLTIC CAVE 6(H159),10,10,85,NORMAL,0,0x001A,10001,0,0,0,0,19,3,5,4,0
0313,VOLTIC CAVE 1(H152); VOLTIC CAVE 2(H153); VOLTIC CAVE 3(H155); VOLTIC CAVE 4(H156); VOLTIC CAVE 5(H158); VOLTIC CAVE 6(H159),11,11,85,NORMAL,0,0x001B,10001,0,0,0,0,3,3,18,4,0
0313,VOLTIC CAVE 1(H152); VOLTIC CAVE 2(H153); VOLTIC CAVE 3(H155); VOLTIC CAVE 4(H156); VOLTIC CAVE 5(H158); VOLTIC CAVE 6(H159),12,12,85,NORMAL,0,0x001C,10001,0,0,0,0,18,3,7,3,0
0313,VOLTIC CAVE 1(H152); VOLTIC CAVE 2(H153); VOLTIC CAVE 3(H155); VOLTIC CAVE 4(H156); VOLTIC CAVE 5(H158); VOLTIC CAVE 6(H159),13,13,85,NORMAL,0,0x001D,10001,0,0,0,0,19,3,8,3,0
0313,VOLTIC CAVE 1(H152); VOLTIC CAVE 2(H153); VOLTIC CAVE 3(H155); VOLTIC CAVE 4(H156); VOLTIC CAVE 5(H158); VOLTIC CAVE 6(H159),14,14,85,NORMAL,0,0x001E,10001,0,0,0,0,15,1,9,3,0
0313,VOLTIC CAVE 1(H152); VOLTIC CAVE 2(H153); VOLTIC CAVE 3(H155); VOLTIC CAVE 4(H156); VOLTIC CAVE 5(H158); VOLTIC CAVE 6(H159),15,15,85,NORMAL,0,0x001F,10001,0,0,0,0,9,1,27,3,0
0313,VOLTIC CAVE 1(H152); VOLTIC CAVE 2(H153); VOLTIC CAVE 3(H155); VOLTIC CAVE 4(H156); VOLTIC CAVE 5(H158); VOLTIC CAVE 6(H159),16,16,85,NORMAL,0,0x0020,10001,0,0,0,0,9,0,16,3,0
0313,VOLTIC CAVE 1(H152); VOLTIC CAVE 2(H153); VOLTIC CAVE 3(H155); VOLTIC CAVE 4(H156); VOLTIC CAVE 5(H158); VOLTIC CAVE 6(H159),17,17,85,NORMAL,0,0x0021,10001,0,0,0,0,17,0,12,2,0
0313,VOLTIC CAVE 1(H152); VOLTIC CAVE 2(H153); VOLTIC CAVE 3(H155); VOLTIC CAVE 4(H156); VOLTIC CAVE 5(H158); VOLTIC CAVE 6(H159),18,18,85,NORMAL,0,0x0022,10001,0,0,0,0,24,2,9,1,0
0313,VOLTIC CAVE 1(H152); VOLTIC CAVE 2(H153); VOLTIC CAVE 3(H155); VOLTIC CAVE 4(H156); VOLTIC CAVE 5(H158); VOLTIC CAVE 6(H159),19,19,85,NORMAL,0,0x0023,10001,0,0,0,0,14,2,15,2,0
0313,VOLTIC CAVE 1(H152); VOLTIC CAVE 2(H153); VOLTIC CAVE 3(H155); VOLTIC CAVE 4(H156); VOLTIC CAVE 5(H158); VOLTIC CAVE 6(H159),20,20,85,NORMAL,0,0x0024,10001,0,0,0,0,18,2,15,2,0
0313,VOLTIC CAVE 1(H152); VOLTIC CAVE 2(H153); VOLTIC CAVE 3(H155); VOLTIC CAVE 4(H156); VOLTIC CAVE 5(H158); VOLTIC CAVE 6(H159),21,21,351,TRAINER,8,0x0000,3217,1,5,0,0,23,2,13,5,0
0313,VOLTIC CAVE 1(H152); VOLTIC CAVE 2(H153); VOLTIC CAVE 3(H155); VOLTIC CAVE 4(H156); VOLTIC CAVE 5(H158); VOLTIC CAVE 6(H159),22,22,338,TRAINER,8,0x0000,3218,1,5,0,0,20,1,18,5,0
0313,VOLTIC CAVE 1(H152); VOLTIC CAVE 2(H153); VOLTIC CAVE 3(H155); VOLTIC CAVE 4(H156); VOLTIC CAVE 5(H158); VOLTIC CAVE 6(H159),23,23,351,TRAINER,0,0x0000,3219,1,5,0,0,6,3,16,4,0
0313,VOLTIC CAVE 1(H152); VOLTIC CAVE 2(H153); VOLTIC CAVE 3(H155); VOLTIC CAVE 4(H156); VOLTIC CAVE 5(H158); VOLTIC CAVE 6(H159),24,24,351,TRAINER,0,0x0000,3220,0,5,0,0,6,3,20,4,0
0313,VOLTIC CAVE 1(H152); VOLTIC CAVE 2(H153); VOLTIC CAVE 3(H155); VOLTIC CAVE 4(H156); VOLTIC CAVE 5(H158); VOLTIC CAVE 6(H159),25,25,377,TRAINER,9,0x0000,3224,1,3,0,0,8,1,17,4,0
0313,VOLTIC CAVE 1(H152); VOLTIC CAVE 2(H153); VOLTIC CAVE 3(H155); VOLTIC CAVE 4(H156); VOLTIC CAVE 5(H158); VOLTIC CAVE 6(H159),26,26,351,TRAINER,0,0x0000,3225,1,3,0,0,6,1,15,3,0
0313,VOLTIC CAVE 1(H152); VOLTIC CAVE 2(H153); VOLTIC CAVE 3(H155); VOLTIC CAVE 4(H156); VOLTIC CAVE 5(H158); VOLTIC CAVE 6(H159),27,27,351,TRAINER,0,0x0000,3226,0,3,0,0,6,1,17,3,0
0313,VOLTIC CAVE 1(H152); VOLTIC CAVE 2(H153); VOLTIC CAVE 3(H155); VOLTIC CAVE 4(H156); VOLTIC CAVE 5(H158); VOLTIC CAVE 6(H159),28,28,219,TRAINER,12,0x0000,3230,0,3,0,0,16,2,27,3,0
0313,VOLTIC CAVE 1(H152); VOLTIC CAVE 2(H153); VOLTIC CAVE 3(H155); VOLTIC CAVE 4(H156); VOLTIC CAVE 5(H158); VOLTIC CAVE 6(H159),29,29,5,TRAINER,41,0x0000,3231,0,3,3,3,16,2,9,3,0
0313,VOLTIC CAVE 1(H152); VOLTIC CAVE 2(H153); VOLTIC CAVE 3(H155); VOLTIC CAVE 4(H156); VOLTIC CAVE 5(H158); VOLTIC CAVE 6(H159),30,30,351,TRAINER,0,0x0000,3235,3,3,3,3,14,2,10,2,0
0313,VOLTIC CAVE 1(H152); VOLTIC CAVE 2(H153); VOLTIC CAVE 3(H155); VOLTIC CAVE 4(H156); VOLTIC CAVE 5(H158); VOLTIC CAVE 6(H159),31,31,351,TRAINER,0,0x0000,3236,2,3,3,3,18,2,10,2,0
0313,VOLTIC CAVE 1(H152); VOLTIC CAVE 2(H153); VOLTIC CAVE 3(H155); VOLTIC CAVE 4(H156); VOLTIC CAVE 5(H158); VOLTIC CAVE 6(H159),32,32,377,TRAINER,2,0x0000,3236,1,5,3,3,21,0,10,1,0
0315,,0,0,335,NORMAL,15,0x0000,1,1,0,0,0,8,0,11,0,0
0315,,1,1,336,NORMAL,15,0x0000,9017,1,0,0,0,2,0,4,0,0
0315,,2,2,336,NORMAL,15,0x0000,9003,1,0,0,0,6,0,4,0,0
0315,,3,3,336,NORMAL,15,0x0000,9001,1,0,0,0,11,0,4,0,0
0315,,4,4,347,NORMAL,2,0x0000,2,3,0,0,0,4,0,17,0,0
0315,,5,5,348,NORMAL,0,0x0000,3,1,0,0,0,5,0,13,0,0
0315,,6,6,315,NORMAL,3,0x0000,4,1,0,0,1,15,0,12,0,0
0316,SHED 02 PCR08(H281),0,0,286,NORMAL,15,0x0000,9203,1,0,0,0,4,0,4,0,0
0316,SHED 02 PCR08(H281),1,1,336,NORMAL,15,0x0000,9202,1,0,0,0,8,0,4,0,0
0316,SHED 02 PCR08(H281),2,2,336,NORMAL,15,0x0000,9201,1,0,0,0,12,0,4,0,0
0317,DALI 03 PM07(H302),0,0,334,NORMAL,17,0x0000,1,3,0,1,1,2,0,6,0,0
0317,DALI 03 PM07(H302),1,1,334,NORMAL,17,0x0000,2,3,0,1,1,2,0,4,0,0
0317,DALI 03 PM07(H302),2,2,325,NORMAL,3,0x0000,4,2,0,1,0,6,0,9,0,0
0317,DALI 03 PM07(H302),3,3,322,NORMAL,5,0x0000,3,2,0,1,0,9,0,4,0,0
0317,DALI 03 PM07(H302),4,4,299,NORMAL,0,0x02A8,10202,1,0,1,0,3,0,8,0,0
0317,DALI 03 PM07(H302),5,5,193,NORMAL,0,0x02A7,10201,1,0,1,0,2,0,8,0,0
0318,HOTEL 2 HS34(H367),0,0,347,NORMAL,0,0x0000,1,1,0,0,0,24,0,18,0,0
0318,HOTEL 2 HS34(H367),1,1,183,NORMAL,0,0x0000,2,0,0,0,0,19,0,19,0,0
0319,,0,0,341,NORMAL,0,0x0000,1,1,0,0,0,14,0,5,0,0
0319,,1,1,326,NORMAL,0,0x0000,2,1,0,0,0,12,0,4,0,0
0319,,2,2,325,NORMAL,0,0x0000,4,1,0,0,0,3,0,5,0,0
0319,,3,3,332,NORMAL,0,0x0000,3,3,0,0,0,5,0,8,0,0
0319,,4,4,1030,NORMAL,42,0x0000,5,1,0,2,2,4,0,4,0,0
0319,,5,5,234,NORMAL,0,0x02FC,0,1,0,1,1,6,0,7,0,0
0320,HOTEL 2 HS35(H369),0,0,329,NORMAL,0,0x0000,1,0,0,0,0,29,0,17,0,0
0320,HOTEL 2 HS35(H369),1,1,146,NORMAL,20,0x0000,2,3,0,0,0,17,0,18,0,0
0321,TROO 06 HS36(H415),0,0,341,NORMAL,0,0x0000,1,1,0,0,0,5,0,5,0,0
0322,DALI 04 GYM06(H303),0,0,349,NORMAL,0,0x031A,16,0,0,0,0,5,0,8,0,0
0322,DALI 04 GYM06(H303),1,1,349,NORMAL,0,0x031A,17,0,0,0,0,6,0,8,0,0
0322,DALI 04 GYM06(H303),2,2,349,NORMAL,0,0x031A,18,0,0,0,0,7,0,8,0,0
0322,DALI 04 GYM06(H303),3,3,349,NORMAL,0,0x031A,19,0,0,0,0,5,0,10,0,0
0322,DALI 04 GYM06(H303),4,4,349,NORMAL,0,0x031A,20,0,0,0,0,6,0,10,0,0
0322,DALI 04 GYM06(H303),5,5,349,NORMAL,0,0x031A,21,0,0,0,0,7,0,10,0,0
0322,DALI 04 GYM06(H303),6,6,323,TRAINER,15,0x0000,3231,1,3,0,0,5,0,13,0,0
0322,DALI 04 GYM06(H303),7,7,378,TRAINER,17,0x0000,3395,3,2,0,0,3,0,16,0,0
0322,DALI 04 GYM06(H303),8,8,341,TRAINER,16,0x0000,3336,2,5,0,0,10,0,14,0,0
0322,DALI 04 GYM06(H303),9,9,368,NORMAL,15,0x02F0,24,1,0,0,0,6,0,4,0,0
0322,DALI 04 GYM06(H303),10,10,168,NORMAL,15,0x0000,25,1,0,0,0,9,0,20,0,0
0323,,0,0,328,NORMAL,0,0x025B,1,0,0,0,0,5,0,3,0,0
0323,,1,1,394,NORMAL,17,0x0000,3,3,0,0,0,1,0,8,0,0
0324,,0,0,286,NORMAL,15,0x0000,9203,1,0,0,0,4,0,4,0,0
0324,,1,1,336,NORMAL,15,0x0000,9202,1,0,0,0,8,0,4,0,0
0324,,2,2,336,NORMAL,15,0x0000,9201,1,0,0,0,12,0,4,0,0
0325,RADE 03 PCR10(H358),0,0,286,NORMAL,15,0x0000,9203,1,0,0,0,4,0,4,0,0
0325,RADE 03 PCR10(H358),1,1,336,NORMAL,15,0x0000,9202,1,0,0,0,8,0,4,0,0
0325,RADE 03 PCR10(H358),2,2,336,NORMAL,15,0x0000,9201,1,0,0,0,12,0,4,0,0
0326,TROO 03 PCR11(H412),0,0,286,NORMAL,15,0x0000,9203,1,0,0,0,4,0,4,0,0
0326,TROO 03 PCR11(H412),1,1,336,NORMAL,15,0x0000,9202,1,0,0,0,8,0,4,0,0
0326,TROO 03 PCR11(H412),2,2,336,NORMAL,15,0x0000,9201,1,0,0,0,12,0,4,0,0
0327,DEPART 2 F1(H447),0,0,427,NORMAL,16,0x0000,1,2,0,0,0,17,0,8,0,0
0327,DEPART 2 F1(H447),1,1,341,NORMAL,3,0x0000,2,1,0,1,1,14,0,4,0,0
0327,DEPART 2 F1(H447),2,2,327,NORMAL,3,0x0000,3,3,0,1,1,3,0,5,0,0
0327,DEPART 2 F1(H447),3,3,299,NORMAL,0,0x02A8,10202,2,0,1,1,19,0,11,0,0
0327,DEPART 2 F1(H447),4,4,193,NORMAL,0,0x02A7,10201,2,0,1,1,19,0,10,0,0
0328,DEPART 2 F2(H448),0,0,334,NORMAL,16,0x0000,1,2,0,0,0,16,0,8,0,0
0328,DEPART 2 F2(H448),1,1,334,NORMAL,15,0x0000,2,1,0,0,0,18,0,8,0,0
0328,DEPART 2 F2(H448),2,2,328,NORMAL,14,0x0000,3,0,0,0,0,13,0,4,0,0
0328,DEPART 2 F2(H448),3,3,146,NORMAL,16,0x0000,4,2,0,0,0,14,0,4,0,0
0328,DEPART 2 F2(H448),4,4,328,NORMAL,14,0x027E,6,0,0,0,0,3,0,10,0,0
0328,DEPART 2 F2(H448),5,5,128,NORMAL,0,0x0313,8,0,0,0,0,17,0,4,0,0
0329,DEPART 2 F3(H449),0,0,334,NORMAL,15,0x0000,1,1,0,0,0,17,0,4,0,0
0329,DEPART 2 F3(H449),1,1,367,NORMAL,15,0x0000,4,1,0,0,0,13,0,3,0,0
0329,DEPART 2 F3(H449),2,2,367,NORMAL,15,0x0000,3,1,0,0,0,12,0,3,0,0
0329,DEPART 2 F3(H449),3,3,146,NORMAL,3,0x0000,2,1,0,0,1,17,0,8,0,0
0329,DEPART 2 F3(H449),4,4,322,NORMAL,5,0x0000,5,2,0,1,0,7,0,5,0,0
0330,DEPART 2 F4(H450),0,0,334,NORMAL,14,0x0000,1,0,0,0,0,21,0,11,0,0
0330,DEPART 2 F4(H450),1,1,146,NORMAL,14,0x0000,3,0,0,0,0,14,0,10,0,0
0330,DEPART 2 F4(H450),2,2,322,NORMAL,3,0x0000,2,2,0,1,1,21,0,6,0,0
0330,DEPART 2 F4(H450),3,3,352,NORMAL,0,0x0260,6,2,0,1,1,16,0,3,0,0
0330,DEPART 2 F4(H450),4,4,372,NORMAL,0,0x02E2,7,3,0,1,1,15,0,3,0,0
0331,DEPART 2 F5(H451),0,0,334,NORMAL,14,0x0000,1,0,0,0,0,19,0,10,0,0
0331,DEPART 2 F5(H451),1,1,334,NORMAL,14,0x0000,2,0,0,0,0,17,0,10,0,0
0331,DEPART 2 F5(H451),2,2,341,NORMAL,17,0x0000,3,3,0,0,0,14,0,5,0,0
0331,DEPART 2 F5(H451),3,3,348,NORMAL,5,0x0000,4,2,0,2,0,9,0,11,0,0
0331,DEPART 2 F5(H451),4,4,325,NORMAL,17,0x0000,5,3,0,0,0,1,0,7,0,0
0332,DEPART 2 F6(H452),0,0,322,NORMAL,14,0x0000,1,0,0,0,0,16,0,4,0,0
0332,DEPART 2 F6(H452),1,1,146,NORMAL,3,0x0000,2,3,0,1,1,18,0,11,0,0
0333,HOTEL 1 F1(H205),0,0,331,NORMAL,8,0x0000,1,2,0,0,0,13,0,4,0,0
0333,HOTEL 1 F1(H205),1,1,1008,NORMAL,2,0x0000,2,3,0,0,0,11,0,6,0,0
0333,HOTEL 1 F1(H205),2,2,1003,NORMAL,15,0x0000,3,1,0,0,0,12,0,3,0,0
0333,HOTEL 1 F1(H205),3,3,1000,NORMAL,3,0x0000,4,1,0,1,1,7,0,4,0,0
0335,,0,0,322,NORMAL,14,0x0000,3,0,0,0,0,1,0,7,0,0
0335,,1,1,168,NORMAL,14,0x0000,2,0,0,0,0,14,0,10,0,0
0335,,2,2,332,NORMAL,14,0x0000,4,0,0,0,0,6,0,9,0,0
0335,,3,3,324,NORMAL,5,0x0000,1,2,0,2,0,8,0,5,0,0
0335,,4,4,146,NORMAL,0,0x0000,10,0,0,2,0,14,0,6,0,0
0335,,5,5,101,NORMAL,0,0x0000,0,2,0,0,0,15,0,30,0,0
0335,,6,6,1032,NORMAL,0,0x0000,0,2,0,0,0,16,0,30,0,0
0335,,7,7,386,NORMAL,0,0x0000,13,1,0,0,0,8,0,12,0,0
0336,DEPART 2 ROOF(H453),0,0,332,NORMAL,17,0x0000,1,3,0,0,0,14,0,11,0,0
0337,DEPART 2 ROOM(H454),0,0,168,NORMAL,15,0x0000,1,1,0,0,0,6,0,6,0,0
0338,DANB 01 GH02(H137),0,0,394,NORMAL,0,0x0000,0,1,0,0,0,6,0,4,0,0
0339,RADE 20 TBD(H382),0,0,341,NORMAL,4,0x0000,1,1,0,0,1,1,0,4,0,0
0339,RADE 20 TBD(H382),1,1,168,NORMAL,8,0x0000,2,2,0,0,0,6,0,6,0,0
0339,RADE 20 TBD(H382),2,2,323,NORMAL,16,0x0000,3,2,0,0,0,7,0,3,0,0
0340,RADE 21 TBD(H383),0,0,322,NORMAL,15,0x0000,1,1,0,0,0,13,0,7,0,0
0340,RADE 21 TBD(H383),1,1,325,NORMAL,15,0x0000,5,1,0,0,0,8,0,4,0,0
0340,RADE 21 TBD(H383),2,2,332,NORMAL,15,0x0000,4,1,0,0,0,5,0,4,0,0
0340,RADE 21 TBD(H383),3,3,129,NORMAL,17,0x0000,6,3,0,0,0,2,0,6,0,0
0340,RADE 21 TBD(H383),4,4,332,NORMAL,14,0x0000,3,0,0,0,0,7,0,9,0,0
0340,RADE 21 TBD(H383),5,5,332,NORMAL,14,0x0000,2,0,0,0,0,10,0,9,0,0
0341,MAUN 04 RIV01(H14); RADE 22 TBD(H384),0,0,101,NORMAL,16,0x02E5,1,2,0,0,0,7,0,7,0,0
0341,MAUN 04 RIV01(H14); RADE 22 TBD(H384),1,1,1032,NORMAL,44,0x02E5,2,1,0,2,2,4,0,6,0,0
0342,RADE 23 TBD(H385); TROO 07 HS37(H416),0,0,329,NORMAL,15,0x0000,1,1,0,0,0,5,0,5,0,0
0343,,0,0,348,NORMAL,0,0x0000,1,0,0,0,0,7,0,9,0,0
0343,,1,1,322,NORMAL,16,0x0000,3,2,0,1,1,12,0,5,0,0
0344,,0,0,348,NORMAL,0,0x0000,1,1,0,0,0,23,0,19,0,0
0345,,0,0,333,TRAINER,20,0x0000,3358,3,3,6,0,8,44,9,6,0
0345,,1,1,328,TRAINER,9,0x0000,3347,3,3,0,0,22,44,13,6,0
0345,,2,2,84,NORMAL,0,0x0010,10002,0,0,0,0,11,44,18,6,0
0345,,3,3,87,NORMAL,0,0x0514,7396,0,0,0,0,9,44,14,6,0
0346,WLDA03 GV08(H527),0,0,394,NORMAL,17,0x0000,1,3,0,0,0,1,0,8,0,0
0347,,0,0,394,NORMAL,15,0x0000,1,1,0,0,0,5,0,4,0,0
0348,,0,0,394,NORMAL,17,0x0000,1,3,0,0,0,1,0,8,0,0
0349,,0,0,394,NORMAL,15,0x0000,1,1,0,0,0,5,0,4,0,0
0350,,0,0,335,NORMAL,15,0x0000,1,1,0,0,0,8,0,11,0,0
0350,,1,1,336,NORMAL,15,0x0000,9017,1,0,0,0,2,0,4,0,0
0350,,2,2,336,NORMAL,15,0x0000,9003,1,0,0,0,6,0,4,0,0
0350,,3,3,336,NORMAL,15,0x0000,9001,1,0,0,0,11,0,4,0,0
0350,,4,4,341,NORMAL,5,0x0000,2,1,0,2,0,5,0,17,0,0
0350,,5,5,168,NORMAL,15,0x0000,4,1,0,0,0,5,0,13,0,0
0350,,6,6,327,NORMAL,3,0x0000,3,2,0,1,1,12,0,15,0,0
0351,,0,0,286,NORMAL,15,0x0000,9203,1,0,0,0,4,0,4,0,0
0351,,1,1,336,NORMAL,15,0x0000,9202,1,0,0,0,8,0,4,0,0
0351,,2,2,336,NORMAL,15,0x0000,9201,1,0,0,0,12,0,4,0,0
0352,DANB 05 GYM03(H141),0,0,86,NORMAL,0,0x0010,10000,0,0,0,0,7,0,10,1,0
0352,DANB 05 GYM03(H141),1,1,86,NORMAL,0,0x0011,10000,0,0,0,0,1,0,15,0,0
0352,DANB 05 GYM03(H141),2,2,86,NORMAL,0,0x0012,10000,0,0,0,0,7,0,16,0,0
0352,DANB 05 GYM03(H141),3,3,316,TRAINER,15,0x0000,3325,1,1,0,0,2,0,30,0,0
0352,DANB 05 GYM03(H141),4,4,316,TRAINER,15,0x0000,5325,1,1,0,0,3,0,30,0,0
0352,DANB 05 GYM03(H141),5,5,319,TRAINER,15,0x0000,3355,1,3,0,0,13,0,2,1,0
0352,DANB 05 GYM03(H141),6,6,346,TRAINER,17,0x0000,3335,3,1,0,0,10,0,17,0,0
0352,DANB 05 GYM03(H141),7,7,326,TRAINER,15,0x0000,3345,1,4,0,0,7,0,17,0,0
0352,DANB 05 GYM03(H141),8,8,371,NORMAL,15,0x02F2,1,1,0,0,0,7,0,3,0,0
0355,,0,0,344,NORMAL,0,0x0000,1,1,0,0,0,7,0,4,0,0
0355,,1,1,354,NORMAL,0,0x02B5,5,3,0,0,0,3,0,7,0,0
0355,,2,2,372,NORMAL,0,0x02B6,6,1,0,0,0,11,0,6,0,0
0355,,3,3,359,NORMAL,0,0x02B7,7,3,0,0,0,5,0,11,0,0
0355,,4,4,371,NORMAL,0,0x02B8,8,2,0,0,0,11,0,9,0,0
0355,,5,5,370,NORMAL,0,0x02B9,9,1,0,0,0,8,0,8,0,0
0355,,6,6,375,NORMAL,0,0x02BB,11,1,0,0,0,12,0,4,0,0
0355,,7,7,356,NORMAL,0,0x02BC,12,1,0,0,0,6,0,8,0,0
0355,,8,8,373,NORMAL,0,0x02BD,13,1,0,0,0,9,0,8,0,0
0355,,9,9,353,NORMAL,0,0x02BE,14,1,0,0,0,4,0,9,0,0
0355,,10,10,369,NORMAL,0,0x02BF,15,1,0,0,0,10,0,5,0,0
0355,,11,11,352,NORMAL,0,0x02C0,16,3,0,0,0,2,0,12,0,0
0355,,12,12,368,NORMAL,0,0x02C1,17,1,0,0,0,10,0,11,0,0
0355,,13,13,355,NORMAL,0,0x02C2,18,1,0,0,0,5,0,5,0,0
0355,,14,14,357,NORMAL,0,0x02C3,19,3,0,0,0,2,0,8,0,0
0355,,15,15,358,NORMAL,0,0x02C4,20,1,0,0,0,3,0,4,0,0
0355,,16,16,374,NORMAL,0,0x02BA,10,1,0,0,0,12,0,10,0,0
0356,TROO 08 HS38(H417),0,0,347,NORMAL,16,0x0000,1,2,0,0,0,8,0,5,0,0
0357,,0,0,34,NORMAL,0,0x0000,1,1,0,0,0,14,0,9,0,0
0357,,1,1,332,NORMAL,4,0x0000,2,0,0,0,1,16,0,15,0,0
0357,,2,2,325,NORMAL,3,0x0000,3,3,0,1,1,8,0,18,0,0
0357,,3,3,319,NORMAL,17,0x0000,4,3,0,0,0,12,0,13,0,0
0357,,4,4,368,NORMAL,14,0x02F7,8,0,0,0,0,19,0,10,0,0
0359,ROTOM TOWER(H197),0,0,427,NORMAL,0,0x0282,1,2,0,0,0,22,0,5,0,0
0359,ROTOM TOWER(H197),1,1,34,NORMAL,16,0x0281,2,2,0,0,0,4,0,4,0,0
0359,ROTOM TOWER(H197),2,2,421,NORMAL,0,0x02FA,5,1,0,0,0,14,0,8,0,0
0360,ROTOM ROOM(H198),0,0,409,NORMAL,0,0x0283,2,0,0,0,0,4,0,6,0,0
0360,ROTOM ROOM(H198),1,1,410,NORMAL,0,0x0286,3,0,0,0,0,6,0,6,0,0
0360,ROTOM ROOM(H198),2,2,411,NORMAL,0,0x0285,4,0,0,0,0,8,0,6,0,0
0360,ROTOM ROOM(H198),3,3,412,NORMAL,0,0x0284,5,0,0,0,0,10,0,6,0,0
0360,ROTOM ROOM(H198),4,4,413,NORMAL,0,0x0287,6,0,0,0,0,12,0,6,0,0
0360,ROTOM ROOM(H198),5,5,183,NORMAL,0,0x0000,1,0,0,0,0,11,0,9,0,0
0361,TROO 09 HS39(H418),0,0,328,NORMAL,15,0x0000,1,1,0,0,0,5,0,7,0,0
0361,TROO 09 HS39(H418),1,1,329,NORMAL,17,0x0000,2,3,0,0,0,2,0,8,0,0
0361,TROO 09 HS39(H418),2,2,1036,NORMAL,2,0x0000,3,1,0,0,0,11,0,6,0,0
0362,TROO 10 HS40(H419),0,0,319,NORMAL,0,0x0000,1,2,0,0,0,5,0,7,0,0
0362,TROO 10 HS40(H419),1,1,234,NORMAL,0,0x02FB,0,1,0,0,0,4,0,7,0,0
0362,TROO 10 HS40(H419),2,2,380,NORMAL,15,0x0000,4,1,0,0,0,9,0,6,0,0
0362,TROO 10 HS40(H419),3,3,101,NORMAL,0,0x0000,1,0,0,0,0,5,0,7,0,0
0363,,0,0,335,NORMAL,15,0x0000,1,1,0,0,0,8,0,11,0,0
0363,,1,1,336,NORMAL,15,0x0000,9017,1,0,0,0,2,0,4,0,0
0363,,2,2,336,NORMAL,15,0x0000,9003,1,0,0,0,6,0,4,0,0
0363,,3,3,336,NORMAL,15,0x0000,9001,1,0,0,0,11,0,4,0,0
0363,,4,4,325,NORMAL,5,0x0000,2,2,0,1,0,14,0,13,0,0
0363,,5,5,333,NORMAL,17,0x0000,3,3,0,0,0,5,0,14,0,0
0363,,6,6,146,NORMAL,3,0x0000,4,0,0,1,1,3,0,18,0,0
0364,,0,0,286,NORMAL,15,0x0000,9203,1,0,0,0,4,0,4,0,0
0364,,1,1,336,NORMAL,15,0x0000,9202,1,0,0,0,8,0,4,0,0
0364,,2,2,336,NORMAL,15,0x0000,9201,1,0,0,0,12,0,4,0,0
0365,RADE 04 PM08(H359),0,0,334,NORMAL,17,0x0000,1,3,0,0,0,2,0,6,0,0
0365,RADE 04 PM08(H359),1,1,324,NORMAL,5,0x0000,3,2,0,1,0,10,0,4,0,0
0365,RADE 04 PM08(H359),2,2,327,NORMAL,17,0x0000,4,3,0,0,0,7,0,9,0,0
0365,RADE 04 PM08(H359),3,3,334,NORMAL,17,0x0000,2,3,0,0,0,2,0,4,0,0
0365,RADE 04 PM08(H359),4,4,299,NORMAL,0,0x02A8,10202,1,0,0,0,3,0,8,0,0
0365,RADE 04 PM08(H359),5,5,193,NORMAL,0,0x02A7,10201,1,0,0,0,2,0,8,0,0
0366,,0,0,219,TRAINER,2,0x0000,3368,3,4,0,0,5,0,6,0,0
0366,,1,1,351,TRAINER,2,0x0000,3414,2,4,0,0,25,0,6,0,0
0366,,2,2,219,TRAINER,2,0x0000,3367,2,4,0,0,25,0,24,0,0
0366,,3,3,351,TRAINER,2,0x0000,3229,3,4,0,0,5,0,24,0,0
0366,,4,4,168,NORMAL,15,0x0000,2,1,0,0,0,16,0,23,0,0
0366,,5,5,369,NORMAL,15,0x02F1,1,1,0,0,0,15,0,13,0,0
0367,,0,0,328,NORMAL,0,0x0000,1,2,0,0,0,0,0,0,0,0
0367,,1,1,328,NORMAL,14,0x027E,4,0,0,0,0,13,0,16,0,0
0367,,2,2,322,NORMAL,0,0x0000,6,0,0,0,0,2,0,20,0,0
0367,,3,3,333,NORMAL,3,0x0000,7,2,0,1,1,22,0,21,0,0
0367,,4,4,320,NORMAL,4,0x0000,8,2,0,1,1,9,0,22,0,0
0368,GLOBAL TWR F2(H177),0,0,320,NORMAL,0,0x0000,3,2,0,0,0,10,0,6,0,0
0368,GLOBAL TWR F2(H177),1,1,316,NORMAL,0,0x0000,9,1,0,0,0,11,0,17,0,0
0368,GLOBAL TWR F2(H177),2,2,329,NORMAL,2,0x0000,6,2,0,0,0,13,0,10,0,0
0368,GLOBAL TWR F2(H177),3,3,325,NORMAL,2,0x0000,7,3,0,0,0,4,0,15,0,0
0368,GLOBAL TWR F2(H177),4,4,319,NORMAL,0,0x0000,8,2,0,0,0,13,0,15,0,0
0368,GLOBAL TWR F2(H177),5,5,331,NORMAL,0,0x0000,5,2,0,0,0,10,0,14,0,0
0368,GLOBAL TWR F2(H177),6,6,333,NORMAL,0,0x0000,2,3,0,0,0,5,0,8,0,0
0368,GLOBAL TWR F2(H177),7,7,326,NORMAL,3,0x0000,4,3,0,2,0,20,0,11,0,0
0368,GLOBAL TWR F2(H177),8,8,351,NORMAL,2,0x0000,1,1,0,2,0,7,0,4,0,0
0369,GLOBAL TWR F3(H178),0,0,341,NORMAL,3,0x0000,6,3,0,2,0,8,0,16,0,0
0369,GLOBAL TWR F3(H178),1,1,333,NORMAL,0,0x0000,9,2,0,0,0,18,0,10,0,0
0369,GLOBAL TWR F3(H178),2,2,323,NORMAL,3,0x0000,8,2,0,0,2,15,0,10,0,0
0369,GLOBAL TWR F3(H178),3,3,321,NORMAL,6,0x0000,2,0,0,0,0,6,0,6,0,0
0369,GLOBAL TWR F3(H178),4,4,345,NORMAL,17,0x0000,5,3,0,0,1,4,0,11,0,0
0369,GLOBAL TWR F3(H178),5,5,317,NORMAL,8,0x0000,1,1,0,0,0,6,0,5,0,0
0369,GLOBAL TWR F3(H178),6,6,328,NORMAL,0,0x0000,4,3,0,0,1,4,0,10,0,0
0369,GLOBAL TWR F3(H178),7,7,378,NORMAL,3,0x0000,7,2,0,0,1,11,0,10,0,0
0369,GLOBAL TWR F3(H178),8,8,327,NORMAL,0,0x0000,3,2,0,2,0,9,0,6,0,0
0370,,0,0,318,TRAINER,8,0x0000,3247,1,3,0,0,5,32,3,4,0
0370,,1,1,86,NORMAL,0,0x0010,10000,0,0,0,0,10,32,9,4,0
0370,,2,2,87,NORMAL,0,0x04D0,7048,0,0,0,0,29,32,1,4,0
0370,,3,3,262,NORMAL,0,0x0000,2800,0,1,0,0,28,32,29,4,0
0371,,0,0,322,NORMAL,17,0x0000,1,1,0,0,0,5,0,5,0,0
0371,,1,1,330,NORMAL,16,0x0000,2,2,0,0,0,8,0,5,0,0
0372,,0,0,332,NORMAL,15,0x0000,1,1,0,0,0,5,0,5,0,0
0373,RADE 01 GV09(H356),0,0,29,NORMAL,16,0x0000,1,2,0,0,0,6,0,7,0,0
0373,RADE 01 GV09(H356),1,1,394,NORMAL,17,0x0000,2,3,0,0,0,1,0,8,0,0
0374,,0,0,394,NORMAL,17,0x0000,1,3,0,0,0,1,0,8,0,0
0375,,0,0,394,NORMAL,17,0x0000,1,3,0,0,0,1,0,8,0,0
0376,BIKE GATE 01(H258),0,0,394,NORMAL,15,0x0000,1,2,0,0,0,9,0,7,0,0
0377,,0,0,86,NORMAL,0,0x0010,10000,0,0,0,0,15,36,8,8,0
0378,BIKE GATE 02(H260),0,0,394,NORMAL,15,0x0000,1,3,0,0,0,1,0,7,0,0
0379,,0,0,394,NORMAL,0,0x0000,1,3,0,0,0,1,0,7,0,0
0380,,0,0,394,NORMAL,15,0x0000,2,1,0,0,0,5,0,4,0,0
0381,TROO 04 PM09(H413),0,0,334,NORMAL,17,0x0000,1,3,0,0,0,2,0,6,0,0
0381,TROO 04 PM09(H413),1,1,334,NORMAL,17,0x0000,2,3,0,0,0,2,0,4,0,0
0381,TROO 04 PM09(H413),2,2,324,NORMAL,15,0x0000,3,1,0,0,0,10,0,9,0,0
0381,TROO 04 PM09(H413),3,3,327,NORMAL,15,0x0000,4,2,0,0,0,10,0,4,0,0
0381,TROO 04 PM09(H413),4,4,299,NORMAL,0,0x02A8,10202,1,0,0,0,3,0,8,0,0
0381,TROO 04 PM09(H413),5,5,193,NORMAL,0,0x02A7,10201,1,0,0,0,2,0,8,0,0
0382,SYDT 04 GYM04(H167),0,0,168,NORMAL,15,0x0253,2,1,0,0,0,13,0,21,0,0
0382,SYDT 04 GYM04(H167),1,1,343,TRAINER,20,0x0253,3296,3,2,6,0,7,0,16,0,0
0382,SYDT 04 GYM04(H167),2,2,343,4,20,0x0253,3677,3,1,9,0,6,0,13,0,0
0382,SYDT 04 GYM04(H167),3,3,343,TRAINER,20,0x0253,3297,2,2,7,0,14,0,10,0,0
0382,SYDT 04 GYM04(H167),4,4,348,TRAINER,8,0x0253,3676,1,4,0,0,19,0,8,0,0
0382,SYDT 04 GYM04(H167),5,5,348,TRAINER,5,0x0253,3675,3,1,0,0,18,0,18,0,0
0382,SYDT 04 GYM04(H167),6,6,370,NORMAL,0,0x0253,1,1,0,0,0,10,0,1,0,0
0382,SYDT 04 GYM04(H167),7,7,222,NORMAL,15,0x0254,0,1,0,0,0,10,0,19,0,0
0382,SYDT 04 GYM04(H167),8,8,349,NORMAL,0,0x0257,6,0,0,0,0,3,0,10,0,0
0382,SYDT 04 GYM04(H167),9,9,349,NORMAL,0,0x0257,6,0,0,0,0,4,0,10,0,0
0383,,0,0,335,NORMAL,15,0x0000,1,1,0,0,0,8,0,11,0,0
0383,,1,1,336,NORMAL,15,0x0000,9017,1,0,0,0,2,0,4,0,0
0383,,2,2,336,NORMAL,15,0x0000,9003,1,0,0,0,6,0,4,0,0
0383,,3,3,336,NORMAL,15,0x0000,9001,1,0,0,0,11,0,4,0,0
0383,,4,4,322,NORMAL,5,0x0000,2,1,0,1,0,11,0,16,0,0
0383,,5,5,332,NORMAL,3,0x0000,3,0,0,1,1,4,0,17,0,0
0384,,0,0,328,NORMAL,17,0x0000,1,3,0,0,0,5,0,5,0,0
0385,,0,0,347,NORMAL,14,0x0000,1,0,0,0,0,5,0,3,0,0
0385,,1,1,329,NORMAL,16,0x0000,2,2,0,0,0,8,0,6,0,0
0385,,2,2,1007,NORMAL,15,0x0000,3,1,0,0,0,6,0,7,0,0
0386,,0,0,331,NORMAL,17,0x0000,1,3,0,0,0,5,0,6,0,0
0386,,1,1,330,NORMAL,16,0x0000,2,2,0,0,0,8,0,6,0,0
0386,,2,2,1005,NORMAL,3,0x0000,4,0,0,1,1,2,0,6,0,0
0386,,3,3,1022,NORMAL,5,0x0000,3,3,0,1,0,5,0,3,0,0
0387,,0,0,328,NORMAL,14,0x0000,1,0,0,0,0,2,0,4,0,0
0388,,0,0,334,NORMAL,17,0x0000,1,3,0,0,0,2,0,6,0,0
0388,,1,1,334,NORMAL,17,0x0000,2,3,0,0,0,2,0,4,0,0
0388,,2,2,323,NORMAL,14,0x0000,4,0,0,0,0,10,0,3,0,0
0388,,3,3,328,NORMAL,4,0x0000,3,1,0,0,1,8,0,7,0,0
0388,,4,4,299,NORMAL,0,0x02A8,10202,1,0,0,1,3,0,8,0,0
0388,,5,5,193,NORMAL,0,0x02A7,10201,1,0,0,1,2,0,8,0,0
0389,,0,0,335,NORMAL,15,0x0000,1,1,0,0,0,8,0,11,0,0
0389,,1,1,336,NORMAL,15,0x0000,9017,1,0,0,0,2,0,4,0,0
0389,,2,2,336,NORMAL,15,0x0000,9003,1,0,0,0,6,0,4,0,0
0389,,3,3,336,NORMAL,15,0x0000,9001,1,0,0,0,11,0,4,0,0
0389,,4,4,325,NORMAL,15,0x0000,3,1,0,0,0,12,0,11,0,0
0389,,5,5,341,NORMAL,5,0x0000,2,2,0,1,0,11,0,16,0,0
0389,,6,6,146,NORMAL,4,0x0000,4,1,0,0,1,4,0,17,0,0
0390,,0,0,322,NORMAL,17,0x0000,1,3,0,0,0,7,0,7,0,0
0390,,1,1,319,NORMAL,16,0x0000,2,2,0,0,0,5,0,5,0,0
0390,,2,2,995,NORMAL,3,0x0000,5,1,0,1,0,5,0,3,0,0
0390,,3,3,1010,NORMAL,2,0x0000,3,3,0,0,0,3,0,5,0,0
0390,,4,4,1002,NORMAL,3,0x0000,4,0,0,1,1,9,0,10,0,0
0391,,0,0,329,NORMAL,17,0x0000,1,3,0,0,0,5,0,5,0,0
0392,,0,0,330,NORMAL,15,0x0000,1,1,0,0,0,5,0,3,0,0
0393,,0,0,330,NORMAL,15,0x0000,1,1,0,0,0,4,0,4,0,0
0393,,1,1,331,NORMAL,14,0x0000,4,0,0,0,0,12,0,8,0,0
0393,,2,2,319,NORMAL,14,0x0000,3,0,0,0,0,7,0,12,0,0
0393,,3,3,325,NORMAL,14,0x0000,2,0,0,0,0,8,0,12,0,0
0394,,0,0,427,NORMAL,14,0x0000,1,0,0,0,0,7,0,10,0,0
0394,,1,1,34,NORMAL,15,0x0000,2,1,0,0,0,16,0,3,0,0
0394,,2,2,341,NORMAL,20,0x0258,4,3,0,2,0,9,0,3,0,0
0394,,3,3,322,NORMAL,3,0x0000,3,3,0,1,1,2,0,6,0,0
0394,,4,4,322,NORMAL,17,0x0000,5,3,0,0,0,15,0,10,0,0
0394,,5,5,341,NORMAL,15,0x0259,4,1,0,0,0,9,0,3,0,0
0395,,0,0,330,NORMAL,15,0x0000,1,1,0,0,0,7,0,7,0,0
0396,DEPART 1 ELVA(H175),0,0,427,NORMAL,17,0x0000,1,3,0,0,0,1,0,6,0,0
0397,DEPART 2 ELV(H455),0,0,427,NORMAL,17,0x0000,1,3,0,0,0,1,0,6,0,0
0403,AZELF DEN(H154),0,0,1079,NORMAL,0,0x0000,0,1,0,0,0,16,5,16,5,0
0404,D HQ1 F1(H67),0,6,222,NORMAL,16,0x01BC,6,2,0,0,0,23,0,5,0,0
0404,D HQ1 F1(H67),1,5,148,NORMAL,0,0x01BD,0,3,0,0,0,26,0,25,0,0
0404,D HQ1 F1(H67),2,2,427,NORMAL,14,0x01B8,3,0,0,0,0,13,0,12,0,0
0404,D HQ1 F1(H67),3,1,427,NORMAL,14,0x01B8,2,0,0,0,0,8,0,12,0,0
0404,D HQ1 F1(H67),4,0,427,NORMAL,0,0x0000,1,2,0,0,0,5,0,12,0,0
0404,D HQ1 F1(H67),5,6,222,NORMAL,16,0x01BC,6,2,0,0,0,23,2,5,0,0
0404,D HQ1 F1(H67),6,5,148,NORMAL,0,0x01BD,0,3,0,0,0,26,2,25,0,0
0404,D HQ1 F1(H67),7,2,427,NORMAL,14,0x01B8,3,0,0,0,0,13,2,12,0,0
0404,D HQ1 F1(H67),8,1,427,NORMAL,14,0x01B8,2,0,0,0,0,8,2,12,0,0
0404,D HQ1 F1(H67),9,0,427,NORMAL,0,0x0000,1,2,0,0,0,5,2,12,0,0
0405,,0,0,87,NORMAL,0,0x04EE,7051,0,0,0,0,8,0,25,0,0
0405,,1,1,87,NORMAL,0,0x04F0,7351,0,0,0,0,24,1,17,0,0
0405,,2,2,87,NORMAL,0,0x04EF,7002,0,0,0,0,12,0,0,1,0
0405,,3,3,87,NORMAL,0,0x04F1,7314,0,0,0,0,7,1,1,1,0
0405,,4,4,85,NORMAL,0,0x0010,10001,0,0,0,0,21,1,17,0,0
0405,,5,5,85,NORMAL,0,0x0011,10001,0,0,0,0,22,1,17,0,0
0405,,6,6,85,NORMAL,0,0x0012,10001,0,0,0,0,26,0,19,0,0
0405,,7,7,85,NORMAL,0,0x0013,10001,0,0,0,0,15,0,0,1,0
0405,,8,8,85,NORMAL,0,0x0014,10001,0,0,0,0,5,0,22,0,0
0405,,9,9,85,NORMAL,0,0x0015,10001,0,0,0,0,20,0,9,1,0
0405,,10,10,85,NORMAL,0,0x0016,10001,0,0,0,0,28,0,13,1,0
0405,,11,11,85,NORMAL,0,0x0017,10001,0,0,0,0,31,0,13,1,0
0407,,0,0,87,NORMAL,0,0x04C8,7047,0,0,0,0,1,1,1,1,0
0407,,1,1,87,NORMAL,0,0x04C9,7051,0,0,0,0,31,0,21,0,0
0407,,2,2,87,NORMAL,0,0x04CA,7028,0,0,0,0,24,0,5,0,0
0407,,3,3,85,NORMAL,0,0x0010,10001,0,0,0,0,11,1,0,1,0
0407,,4,4,85,NORMAL,0,0x0011,10001,0,0,0,0,7,1,30,0,0
0407,,5,5,85,NORMAL,0,0x0012,10001,0,0,0,0,8,1,2,1,0
0407,,6,6,85,NORMAL,0,0x0013,10001,0,0,0,0,7,1,2,1,0
0407,,7,7,85,NORMAL,0,0x0014,10001,0,0,0,0,12,1,1,1,0
0407,,8,8,85,NORMAL,0,0x0015,10001,0,0,0,0,5,0,23,0,0
0407,,9,9,85,NORMAL,0,0x0016,10001,0,0,0,0,7,0,23,0,0
0407,,10,10,85,NORMAL,0,0x0017,10001,0,0,0,0,5,0,21,0,0
0407,,11,11,85,NORMAL,0,0x0018,10001,0,0,0,0,8,0,22,0,0
0407,,12,12,85,NORMAL,0,0x0019,10001,0,0,0,0,10,0,23,0,0
0407,,13,13,85,NORMAL,0,0x001A,10001,0,0,0,0,5,0,5,1,0
0407,,14,14,85,NORMAL,0,0x001B,10001,0,0,0,0,5,0,4,1,0
0407,,15,15,85,NORMAL,0,0x001C,10001,0,0,0,0,6,0,5,1,0
0407,,16,16,85,NORMAL,0,0x001D,10001,0,0,0,0,10,0,5,1,0
0407,,17,17,85,NORMAL,0,0x001E,10001,0,0,0,0,5,0,2,1,0
0407,,18,18,87,NORMAL,0,0x0510,7110,0,0,0,0,15,0,31,0,0
0408,UXIE DEN(H157),0,0,1077,NORMAL,0,0x0000,0,1,0,0,0,16,5,16,3,0
0409,,0,0,225,TRAINER,14,0x0000,3685,0,2,0,0,1,1,14,0,0
0409,,1,1,225,TRAINER,20,0x0000,3686,2,2,4,0,25,0,8,0,0
0409,,2,2,33,TRAINER,16,0x0000,3687,2,1,0,0,17,0,7,0,0
0409,,3,3,87,NORMAL,0,0x04E4,7084,0,0,0,0,19,0,25,0,0
0411,MESPIRIT DEN(H160); D11R0105(H456),0,0,1078,NORMAL,0,0x0000,0,1,0,0,0,16,7,16,5,-65536
0413,D41R0102(H459),0,0,87,NORMAL,0,0x04DA,7320,0,0,0,0,31,0,8,1,0
0413,D41R0102(H459),1,1,87,NORMAL,0,0x04DB,7109,0,0,0,0,10,0,8,1,0
0414,D41R0103(H460),0,0,87,NORMAL,0,0x04DC,7078,0,0,0,0,27,0,14,1,0
0414,D41R0103(H460),1,1,87,NORMAL,0,0x04DD,7403,0,0,0,0,15,0,13,1,0
0415,D41R0104(H461),0,0,87,NORMAL,0,0x04DE,7268,0,0,0,0,5,0,4,0,0
0416,D41R0105(H462),0,0,1026,NORMAL,15,0x0307,1,1,0,0,0,10,0,9,0,0
0419,D41R0108(H465),0,0,211,NORMAL,0,0x025F,1,0,0,0,0,30,0,11,0,0
0420,R10PC0101(H466),0,0,335,NORMAL,15,0x0000,1,1,0,0,0,8,0,11,0,0
0420,R10PC0101(H466),1,1,336,NORMAL,15,0x0000,9017,1,0,0,0,2,0,4,0,0
0420,R10PC0101(H466),2,2,336,NORMAL,15,0x0000,9003,1,0,0,0,6,0,4,0,0
0420,R10PC0101(H466),3,3,336,NORMAL,15,0x0000,9001,1,0,0,0,11,0,4,0,0
0420,R10PC0101(H466),4,4,341,NORMAL,5,0x0000,2,3,0,1,0,4,0,18,0,0
0420,R10PC0101(H466),5,5,327,NORMAL,15,0x0000,4,1,0,1,0,6,0,13,0,0
0420,R10PC0101(H466),6,6,338,NORMAL,2,0x0000,3,1,0,0,0,12,0,14,0,0
0421,R10R0201(H467),0,0,34,NORMAL,15,0x0000,2,1,0,0,0,12,0,18,0,0
0421,R10R0201(H467),1,1,338,NORMAL,17,0x0000,4,3,0,0,0,19,0,13,0,0
0421,R10R0201(H467),2,2,338,NORMAL,17,0x0000,3,3,0,0,0,2,0,9,0,0
0421,R10R0201(H467),3,3,34,NORMAL,15,0x0000,5,1,0,0,0,15,0,3,0,0
0421,R10R0201(H467),4,4,338,NORMAL,14,0x0000,7,0,0,0,0,6,0,4,0,0
0421,R10R0201(H467),5,5,338,NORMAL,17,0x0000,6,3,0,0,2,19,0,8,0,0
0421,R10R0201(H467),6,6,332,NORMAL,15,0x0000,1,1,0,0,2,13,0,8,0,0
0422,MANSION A3(H394); R05R0201(H469),0,0,324,TRAINER,2,0x0000,3723,0,3,0,0,4,0,6,0,0
0422,MANSION A3(H394); R05R0201(H469),1,1,327,TRAINER,10,0x0000,3724,2,4,0,0,26,0,7,0,0
0423,MANSION A2(H393); R06R0101(H470),0,0,324,TRAINER,8,0x0000,3721,1,3,0,0,4,1,8,0,0
0423,MANSION A2(H393); R06R0101(H470),1,1,324,TRAINER,8,0x0000,3722,1,3,0,0,6,0,8,0,0
0424,MELT 07 FOSSI(H114); T03R0101(H471),0,0,338,NORMAL,16,0x0000,2,2,0,0,0,26,0,9,0,0
0424,MELT 07 FOSSI(H114); T03R0101(H471),1,1,427,NORMAL,16,0x0000,1,2,0,0,0,12,0,15,0,0
0424,MELT 07 FOSSI(H114); T03R0101(H471),2,2,330,NORMAL,15,0x0000,5,1,0,0,0,6,0,5,0,0
0424,MELT 07 FOSSI(H114); T03R0101(H471),3,3,377,NORMAL,4,0x0000,4,1,0,0,2,17,0,8,0,0
0424,MELT 07 FOSSI(H114); T03R0101(H471),4,4,338,NORMAL,3,0x0000,3,3,0,1,0,4,0,13,0,0
0424,MELT 07 FOSSI(H114); T03R0101(H471),5,5,328,NORMAL,14,0x027E,14,0,0,0,0,8,0,8,0,0
0424,MELT 07 FOSSI(H114); T03R0101(H471),6,6,421,NORMAL,0,0x0308,16,0,0,0,0,23,0,7,0,0
0424,MELT 07 FOSSI(H114); T03R0101(H471),7,7,421,NORMAL,0,0x0317,20,0,0,0,0,16,0,4,0,0
0425,T03R0201(H472),0,0,322,NORMAL,16,0x0000,1,2,0,0,0,4,0,5,0,0
0425,T03R0201(H472),1,1,1001,NORMAL,17,0x0000,2,3,0,0,0,3,0,5,0,0
0426,T03GYM0101(H473),0,0,168,NORMAL,15,0x0000,2,1,0,0,0,11,0,25,0,0
0426,T03GYM0101(H473),1,1,373,NORMAL,15,0x02F4,1,1,0,0,0,7,0,4,0,0
0426,T03GYM0101(H473),2,2,345,TRAINER,17,0x0000,3307,3,2,0,0,6,0,20,0,0
0426,T03GYM0101(H473),3,3,333,TRAINER,16,0x0000,3684,2,2,0,0,8,0,14,0,0
0427,T03FS0101(H474),0,0,334,NORMAL,17,0x0000,1,3,0,0,0,2,0,4,0,0
0427,T03FS0101(H474),1,1,334,NORMAL,17,0x0000,2,3,0,0,0,2,0,6,0,0
0427,T03FS0101(H474),2,2,146,NORMAL,4,0x0000,3,1,0,0,1,6,0,9,0,0
0427,T03FS0101(H474),3,3,322,NORMAL,16,0x0000,4,2,0,0,0,10,0,9,0,0
0427,T03FS0101(H474),4,4,299,NORMAL,0,0x02A8,10202,1,0,0,1,3,0,8,0,0
0427,T03FS0101(H474),5,5,193,NORMAL,0,0x02A7,10201,1,0,0,1,2,0,8,0,0
0428,T03PC0101(H475),0,0,335,NORMAL,15,0x0000,1,1,0,0,0,8,0,11,0,0
0428,T03PC0101(H475),1,1,336,NORMAL,15,0x0000,9017,1,0,0,0,2,0,4,0,0
0428,T03PC0101(H475),2,2,336,NORMAL,15,0x0000,9003,1,0,0,0,6,0,4,0,0
0428,T03PC0101(H475),3,3,336,NORMAL,15,0x0000,9001,1,0,0,0,11,0,4,0,0
0428,T03PC0101(H475),4,4,315,NORMAL,15,0x0000,5,1,0,0,0,6,0,13,0,0
0428,T03PC0101(H475),5,5,1004,NORMAL,15,0x0000,4,1,0,0,0,5,0,13,0,0
0428,T03PC0101(H475),6,6,328,NORMAL,17,0x0000,2,3,0,0,0,4,0,17,0,0
0428,T03PC0101(H475),7,7,325,NORMAL,5,0x0000,3,3,0,1,0,11,0,15,0,0
0429,T03PC0102(H476),0,0,286,NORMAL,15,0x0000,9203,1,0,0,0,4,0,4,0,0
0429,T03PC0102(H476),1,1,336,NORMAL,15,0x0000,9202,1,0,0,0,8,0,4,0,0
0429,T03PC0102(H476),2,2,336,NORMAL,15,0x0000,9201,1,0,0,0,12,0,4,0,0
0430,T03R0601(H477),0,0,330,NORMAL,16,0x0000,1,2,0,0,0,8,0,5,0,0
0431,T08FS0101(H478),0,0,334,NORMAL,17,0x0000,1,3,0,0,0,2,0,4,0,0
0431,T08FS0101(H478),1,1,334,NORMAL,17,0x0000,2,3,0,0,0,2,0,6,0,0
0431,T08FS0101(H478),2,2,332,NORMAL,16,0x0000,3,2,0,0,0,8,0,6,0,0
0431,T08FS0101(H478),3,3,327,NORMAL,17,0x0000,4,3,0,0,0,7,0,9,0,0
0431,T08FS0101(H478),4,4,299,NORMAL,0,0x02A8,10202,1,0,0,0,3,0,8,0,0
0431,T08FS0101(H478),5,5,193,NORMAL,0,0x02A7,10201,1,0,0,0,2,0,8,0,0
0432,T08R0201(H479),0,0,63,NORMAL,14,0x0000,10,0,0,0,0,14,0,4,0,0
0432,T08R0201(H479),1,1,146,NORMAL,14,0x0000,5,0,0,0,0,8,0,4,0,0
0432,T08R0201(H479),2,2,329,NORMAL,14,0x0000,6,0,0,0,0,9,0,4,0,0
0432,T08R0201(H479),3,3,317,NORMAL,14,0x0000,7,0,0,0,0,3,0,4,0,0
0432,T08R0201(H479),4,4,326,NORMAL,5,0x0000,8,2,0,1,0,12,0,17,0,0
0432,T08R0201(H479),5,5,322,NORMAL,3,0x0000,9,1,0,1,1,3,0,14,0,0
0432,T08R0201(H479),6,6,40,NORMAL,15,0x0000,4,1,0,0,0,7,0,11,0,0
0434,RT 5 01 HS51(H73); T08R0401(H481),0,0,329,NORMAL,17,0x0000,1,3,0,0,0,5,0,5,0,0
0434,RT 5 01 HS51(H73); T08R0401(H481),1,1,146,NORMAL,4,0x0000,2,0,0,0,1,9,0,5,0,0
0435,T08PC0101(H482),0,0,335,NORMAL,15,0x0000,1,1,0,0,0,8,0,11,0,0
0435,T08PC0101(H482),1,1,336,NORMAL,15,0x0000,9017,1,0,0,0,2,0,4,0,0
0435,T08PC0101(H482),2,2,336,NORMAL,15,0x0000,9003,1,0,0,0,6,0,4,0,0
0435,T08PC0101(H482),3,3,336,NORMAL,15,0x0000,9001,1,0,0,0,11,0,4,0,0
0435,T08PC0101(H482),4,4,324,NORMAL,16,0x0000,2,2,0,0,0,13,0,13,0,0
0435,T08PC0101(H482),5,5,327,NORMAL,3,0x0000,3,1,0,0,0,4,0,17,0,0
0435,T08PC0101(H482),6,6,319,NORMAL,15,0x0000,4,1,0,0,0,6,0,13,0,0
0436,DALI 10 HS52(H309); T08R0601(H483),0,0,319,NORMAL,17,0x0000,1,3,0,0,0,5,0,5,0,0
0436,DALI 10 HS52(H309); T08R0601(H483),1,1,1033,NORMAL,3,0x0000,2,1,0,1,1,2,0,5,0,0
0436,DALI 10 HS52(H309); T08R0601(H483),2,2,1033,NORMAL,16,0x0000,3,2,0,0,0,6,0,3,0,0
0436,DALI 10 HS52(H309); T08R0601(H483),3,3,1033,NORMAL,3,0x0000,4,0,0,0,1,9,0,6,0,0
0437,R10PC0102(H484),0,0,286,NORMAL,15,0x0000,9203,1,0,0,0,4,0,4,0,0
0437,R10PC0102(H484),1,1,336,NORMAL,15,0x0000,9202,1,0,0,0,8,0,4,0,0
0437,R10PC0102(H484),2,2,336,NORMAL,15,0x0000,9201,1,0,0,0,12,0,4,0,0
0438,T08PC0102(H485),0,0,286,NORMAL,15,0x0000,9203,1,0,0,0,4,0,4,0,0
0438,T08PC0102(H485),1,1,336,NORMAL,15,0x0000,9202,1,0,0,0,8,0,4,0,0
0438,T08PC0102(H485),2,2,336,NORMAL,15,0x0000,9201,1,0,0,0,12,0,4,0,0
0439,LUGIA DEN 02(H38); D40R0106(H486),0,0,87,NORMAL,0,0x0493,7050,0,0,0,0,14,0,27,0,0
0441,R10R0202(H489),0,0,34,NORMAL,15,0x0000,1,1,0,0,0,12,0,18,0,0
0441,R10R0202(H489),1,1,338,NORMAL,17,0x0000,3,3,0,0,0,19,0,13,0,0
0441,R10R0202(H489),2,2,338,NORMAL,17,0x0000,2,3,0,0,0,2,0,9,0,0
0441,R10R0202(H489),3,3,34,NORMAL,15,0x0000,4,1,0,0,0,15,0,3,0,0
0441,R10R0202(H489),4,4,338,NORMAL,14,0x0000,6,0,0,0,0,6,0,4,0,0
0441,R10R0202(H489),5,5,338,NORMAL,17,0x0000,5,3,0,0,2,19,0,8,0,0
0441,R10R0202(H489),6,6,332,NORMAL,15,0x0000,7,1,0,0,2,13,0,8,0,0
0442,ICE PATH C2(H292); D24R0216(H490),0,0,84,NORMAL,0,0x01EA,10002,0,0,0,0,10,0,13,0,0
0442,ICE PATH C2(H292); D24R0216(H490),1,1,84,NORMAL,0,0x01EB,10002,0,0,0,0,13,0,14,0,0
0442,ICE PATH C2(H292); D24R0216(H490),2,2,84,NORMAL,0,0x01EC,10002,0,0,0,0,18,0,12,0,0
0442,ICE PATH C2(H292); D24R0216(H490),3,3,84,NORMAL,0,0x01ED,10002,0,0,0,0,25,0,12,0,0
0442,ICE PATH C2(H292); D24R0216(H490),4,4,84,NORMAL,0,0x0000,10002,0,0,0,0,12,0,12,1,0
0442,ICE PATH C2(H292); D24R0216(H490),5,5,87,NORMAL,0,0x04B9,7156,0,0,0,0,13,0,16,1,0
0443,ICE PATH C3(H293); D24R0217(H491),0,0,84,NORMAL,0,0x01EE,3,0,0,0,0,12,0,13,0,0
0443,ICE PATH C3(H293); D24R0217(H491),1,1,84,NORMAL,0,0x01EF,3,0,0,0,0,11,0,21,0,0
0443,ICE PATH C3(H293); D24R0217(H491),2,2,84,NORMAL,0,0x01F0,3,0,0,0,0,19,0,10,0,0
0443,ICE PATH C3(H293); D24R0217(H491),3,3,84,NORMAL,0,0x01F1,3,0,0,0,0,20,0,22,0,0
0443,ICE PATH C3(H293); D24R0217(H491),4,4,87,NORMAL,0,0x0456,7155,0,0,0,0,25,1,24,0,0
0443,ICE PATH C3(H293); D24R0217(H491),5,5,87,NORMAL,0,0x04B6,7152,0,0,0,0,15,0,15,0,0
0443,ICE PATH C3(H293); D24R0217(H491),6,6,87,NORMAL,0,0x04B7,7153,0,0,0,0,5,0,12,0,0
0443,ICE PATH C3(H293); D24R0217(H491),7,0,85,NORMAL,0,0x0010,10001,0,0,0,0,10,0,12,0,0
0443,ICE PATH C3(H293); D24R0217(H491),8,1,87,NORMAL,0,0x04B8,7154,0,0,0,0,12,0,13,0,0
0443,ICE PATH C3(H293); D24R0217(H491),9,7,68,TRAINER,0,0x0000,3434,3,4,0,0,16,1,16,0,0
0443,ICE PATH C3(H293); D24R0217(H491),10,8,69,TRAINER,0,0x0000,3433,2,4,0,0,19,1,16,0,0
0443,ICE PATH C3(H293); D24R0217(H491),11,9,69,TRAINER,0,0x0000,3435,2,2,0,0,17,3,16,0,0
0443,ICE PATH C3(H293); D24R0217(H491),12,10,69,TRAINER,0,0x0000,3436,3,2,0,0,15,3,16,0,0
0444,D24R0218(H492),0,0,85,NORMAL,0,0x0010,10001,0,0,0,0,10,0,12,0,0
0444,D24R0218(H492),1,1,87,NORMAL,0,0x04B8,7154,0,0,0,0,12,0,13,0,0
0445,R07R0101(H493),0,0,394,NORMAL,15,0x0000,1,1,0,0,0,6,0,4,0,0
0446,T05PC0102(H494),0,0,286,NORMAL,15,0x0000,9203,1,0,0,0,4,0,4,0,0
0446,T05PC0102(H494),1,1,336,NORMAL,15,0x0000,9202,1,0,0,0,8,0,4,0,0
0446,T05PC0102(H494),2,2,336,NORMAL,15,0x0000,9201,1,0,0,0,12,0,4,0,0
0447,T04PC0102(H495),0,0,286,NORMAL,15,0x0000,9203,1,0,0,0,4,0,4,0,0
0447,T04PC0102(H495),1,1,336,NORMAL,15,0x0000,9202,1,0,0,0,8,0,4,0,0
0447,T04PC0102(H495),2,2,336,NORMAL,15,0x0000,9201,1,0,0,0,12,0,4,0,0
0448,,0,0,324,TRAINER,15,0x02F6,3680,1,1,0,0,5,0,6,1,0
0448,,1,1,324,TRAINER,17,0x0000,3681,3,1,0,0,2,0,23,0,0
0448,,2,2,327,TRAINER,17,0x0000,3682,3,1,0,0,2,0,5,1,0
0448,,3,3,327,TRAINER,15,0x0000,3683,1,1,0,0,5,0,11,0,0
0448,,4,4,168,NORMAL,15,0x0000,2,1,0,0,0,7,0,14,1,0
0448,,5,5,375,NORMAL,15,0x02F6,1,1,0,0,0,5,0,4,0,0
0448,,6,6,324,TRAINER,15,0x0000,5683,1,1,0,0,4,0,11,0,0
0449,DALI 10 HS53(H310),0,0,328,NORMAL,17,0x0000,1,3,0,0,0,5,0,6,0,0
0449,DALI 10 HS53(H310),1,1,319,NORMAL,14,0x0000,2,0,0,0,0,8,0,6,0,0
0449,DALI 10 HS53(H310),2,2,996,NORMAL,3,0x0000,4,1,0,1,0,8,0,4,0,0
0449,DALI 10 HS53(H310),3,3,997,NORMAL,15,0x0000,3,1,0,1,0,6,0,3,0,0
0450,,0,0,427,NORMAL,17,0x0000,1,3,0,0,0,2,0,13,0,0
0450,,1,1,324,NORMAL,14,0x0000,2,0,0,0,0,11,0,13,0,0
0450,,2,2,146,NORMAL,5,0x0000,4,2,0,1,0,7,0,11,0,0
0450,,3,3,341,NORMAL,15,0x0000,5,1,0,0,0,6,0,6,0,0
0450,,4,4,327,NORMAL,15,0x0000,3,1,0,0,0,10,0,4,0,0
0450,,5,5,183,NORMAL,0,0x0000,8,0,0,0,0,8,0,9,0,0
0451,,0,0,427,NORMAL,17,0x0000,0,3,0,0,0,5,0,4,0,0
0451,,1,1,324,NORMAL,0,0x0000,10351,1,0,0,0,8,0,11,0,0
0451,,2,2,102,NORMAL,2,0x028D,10352,3,0,0,0,4,0,10,0,0
0451,,3,3,103,NORMAL,0,0x028E,10353,2,0,0,0,12,0,9,0,0
0451,,4,4,104,NORMAL,0,0x028F,10354,0,0,0,0,4,0,15,0,0
0451,,5,5,105,NORMAL,5,0x0290,10355,0,0,0,0,11,0,13,0,0
0451,,6,6,106,NORMAL,2,0x0291,10356,3,0,0,0,9,0,8,0,0
0451,,7,7,107,NORMAL,0,0x0292,10357,3,0,0,0,2,0,13,0,0
0451,,8,8,108,NORMAL,0,0x0293,10358,0,0,0,0,9,0,15,0,0
0451,,9,9,109,NORMAL,0,0x0294,10359,1,0,0,0,3,0,7,0,0
0451,,10,10,110,NORMAL,2,0x0295,10360,3,0,0,0,6,0,13,0,0
0451,,11,11,111,NORMAL,9,0x0296,10361,2,0,0,0,6,0,9,0,0
0452,,0,0,334,NORMAL,17,0x0000,1,3,0,0,0,2,0,6,0,0
0452,,1,1,334,NORMAL,17,0x0000,2,3,0,0,0,2,0,4,0,0
0452,,2,2,324,NORMAL,15,0x0000,4,1,0,0,0,7,0,9,0,0
0452,,3,3,319,NORMAL,5,0x0000,3,2,0,0,0,10,0,4,0,0
0452,,4,4,299,NORMAL,0,0x02A8,10202,1,0,0,0,3,0,8,0,0
0452,,5,5,193,NORMAL,0,0x02A7,10201,1,0,0,0,2,0,8,0,0
0453,,0,0,335,NORMAL,15,0x0000,1,1,0,0,0,8,0,11,0,0
0453,,1,1,336,NORMAL,15,0x0000,9017,1,0,0,0,2,0,4,0,0
0453,,2,2,336,NORMAL,15,0x0000,9003,1,0,0,0,6,0,4,0,0
0453,,3,3,336,NORMAL,15,0x0000,9001,1,0,0,0,11,0,4,0,0
0453,,4,4,315,NORMAL,17,0x0000,4,3,0,0,0,4,0,17,0,0
0453,,5,5,327,NORMAL,14,0x0000,3,0,0,0,0,6,0,13,0,0
0453,,6,6,324,NORMAL,5,0x0000,2,2,0,0,0,14,0,13,0,0
0454,,0,0,286,NORMAL,15,0x0000,9203,1,0,0,0,4,0,4,0,0
0454,,1,1,336,NORMAL,15,0x0000,9202,1,0,0,0,8,0,4,0,0
0454,,2,2,336,NORMAL,15,0x0000,9201,1,0,0,0,12,0,4,0,0
0455,,0,0,393,NORMAL,14,0x0000,1,0,0,0,0,6,0,6,0,0
0456,,0,0,392,NORMAL,17,0x0000,1,3,0,0,0,6,0,6,0,0
0457,,0,0,366,NORMAL,15,0x0000,1,1,0,0,0,8,0,6,0,0
0457,,1,1,29,NORMAL,2,0x0000,2,1,0,0,0,6,0,10,0,0
0457,,2,2,29,NORMAL,16,0x0000,3,2,0,0,0,11,0,8,0,0
0457,,3,3,29,NORMAL,14,0x0000,4,0,0,0,0,12,0,12,0,0
0457,,4,4,87,NORMAL,0,0x0300,0,0,0,0,0,7,0,3,0,0
0457,,5,5,87,NORMAL,0,0x02FF,0,0,0,0,0,8,0,3,0,0
0457,,6,6,87,NORMAL,0,0x02FE,0,0,0,0,0,9,0,3,0,0
0460,,0,0,335,NORMAL,15,0x0000,1,1,0,0,0,8,0,11,0,0
0460,,1,1,336,NORMAL,15,0x0000,9017,1,0,0,0,2,0,4,0,0
0460,,2,2,336,NORMAL,15,0x0000,9003,1,0,0,0,6,0,4,0,0
0460,,3,3,336,NORMAL,15,0x0000,9001,1,0,0,0,11,0,4,0,0
0460,,4,4,348,NORMAL,15,0x0000,3,1,0,0,0,6,0,15,0,0
0460,,5,5,327,NORMAL,5,0x0000,2,2,0,1,0,11,0,18,0,0
0461,,0,0,286,NORMAL,15,0x0000,9203,1,0,0,0,4,0,4,0,0
0461,,1,1,336,NORMAL,15,0x0000,9202,1,0,0,0,8,0,4,0,0
0461,,2,2,336,NORMAL,15,0x0000,9201,1,0,0,0,12,0,4,0,0
0462,DALI 10 HS54(H311),0,0,319,NORMAL,14,0x0000,1,0,0,0,0,5,0,5,0,0
0462,DALI 10 HS54(H311),1,1,998,NORMAL,9,0x0000,2,3,0,0,0,2,0,5,0,0
0463,,0,0,335,NORMAL,15,0x0000,1,1,0,0,0,8,0,11,0,0
0463,,1,1,336,NORMAL,15,0x0000,9017,1,0,0,0,2,0,4,0,0
0463,,2,2,336,NORMAL,15,0x0000,9003,1,0,0,0,6,0,4,0,0
0463,,3,3,336,NORMAL,15,0x0000,9001,1,0,0,0,11,0,4,0,0
0463,,4,4,333,NORMAL,3,0x0000,2,1,0,1,1,5,0,16,0,0
0463,,5,5,345,NORMAL,2,0x0000,3,2,0,0,0,12,0,14,0,0
0464,,0,0,286,NORMAL,15,0x0000,9203,1,0,0,0,4,0,4,0,0
0464,,1,1,336,NORMAL,15,0x0000,9202,1,0,0,0,8,0,4,0,0
0464,,2,2,336,NORMAL,15,0x0000,9201,1,0,0,0,12,0,4,0,0
0466,,0,0,335,NORMAL,15,0x0000,1,1,0,0,0,8,0,11,0,0
0466,,1,1,336,NORMAL,15,0x0000,9017,1,0,0,0,2,0,4,0,0
0466,,2,2,336,NORMAL,15,0x0000,9003,1,0,0,0,6,0,4,0,0
0466,,3,3,336,NORMAL,15,0x0000,9001,1,0,0,0,11,0,4,0,0
0467,T31PC0102(H515),0,0,286,NORMAL,15,0x0000,9203,1,0,0,0,4,0,4,0,0
0467,T31PC0102(H515),1,1,336,NORMAL,15,0x0000,9202,1,0,0,0,8,0,4,0,0
0467,T31PC0102(H515),2,2,336,NORMAL,15,0x0000,9201,1,0,0,0,12,0,4,0,0
0469,R05R0401(H517),0,0,331,NORMAL,18,0x0000,1,1,0,0,0,3,0,5,0,0
0469,R05R0401(H517),1,1,325,NORMAL,16,0x0000,2,2,0,0,0,8,0,5,0,0
0470,RADE F2 LIBRY(H372); D02FS0101(H518),0,0,319,NORMAL,3,0x0000,1,2,0,1,1,18,0,6,0,0
0470,RADE F2 LIBRY(H372); D02FS0101(H518),1,1,330,NORMAL,15,0x0000,2,1,0,1,1,7,0,8,0,0
0473,D51R0101(H521),0,0,333,NORMAL,0,0x02DB,2,3,0,0,0,14,0,11,0,0
0474,D51R0201(H522),0,0,422,NORMAL,0,0x02DC,2,1,0,0,0,16,0,19,0,0
0475,D51R0301(H523),0,0,422,NORMAL,0,0x02DD,1,2,0,0,0,8,0,6,0,0
0475,D51R0301(H523),1,1,333,NORMAL,2,0x0000,2,1,0,0,0,5,0,5,0,0
0475,D51R0301(H523),2,2,330,NORMAL,0,0x0000,3,1,0,0,0,2,0,3,0,0
0475,D51R0301(H523),3,3,1012,NORMAL,0,0x0000,4,1,0,0,0,3,0,3,0,0
0476,GROUDON DEN(H334); D52R0101(H524),0,0,1044,NORMAL,0,0x02D0,1,1,0,0,0,16,0,11,0,0
0476,GROUDON DEN(H334); D52R0101(H524),1,1,333,NORMAL,0,0x02D3,0,0,0,0,0,16,0,23,0,0
0477,KYOGRE DEN(H342),0,0,1043,NORMAL,0,0x02D1,1,1,0,0,0,16,0,11,0,0
0477,KYOGRE DEN(H342),1,1,333,NORMAL,0,0x02D4,0,0,0,0,0,16,0,23,0,0
0478,SKY PILLAR 02(H345),0,0,1045,NORMAL,0,0x02D2,1,1,0,0,0,16,0,11,0,0
0479,RADE 23 GV13(H386),0,0,394,NORMAL,17,0x0000,1,3,0,0,0,1,0,8,0,0
0480,D32PC0101(H528),0,0,335,NORMAL,15,0x0000,1,1,0,0,0,8,0,11,0,0
0480,D32PC0101(H528),1,1,336,NORMAL,15,0x0000,9017,1,0,0,0,2,0,4,0,0
0480,D32PC0101(H528),2,2,336,NORMAL,15,0x0000,9003,1,0,0,0,6,0,4,0,0
0480,D32PC0101(H528),3,3,336,NORMAL,15,0x0000,9001,1,0,0,0,11,0,4,0,0
0480,D32PC0101(H528),4,4,344,NORMAL,3,0x0000,2,3,0,1,1,4,0,17,0,0
0480,D32PC0101(H528),5,5,316,NORMAL,15,0x0000,3,1,0,0,0,6,0,13,0,0
0480,D32PC0101(H528),6,6,331,NORMAL,2,0x0000,4,1,0,0,0,11,0,16,0,0
0481,D32PC0102(H529),0,0,286,NORMAL,15,0x0000,9203,1,0,0,0,4,0,4,0,0
0481,D32PC0102(H529),1,1,336,NORMAL,15,0x0000,9202,1,0,0,0,8,0,4,0,0
0481,D32PC0102(H529),2,2,336,NORMAL,15,0x0000,9201,1,0,0,0,12,0,4,0,0
0482,D32FS0101(H530),0,0,334,NORMAL,17,0x0000,1,3,0,0,0,2,0,6,0,0
0482,D32FS0101(H530),1,1,334,NORMAL,17,0x0000,2,3,0,0,0,2,0,4,0,0
0482,D32FS0101(H530),2,2,367,NORMAL,5,0x0000,3,2,0,0,0,8,0,6,0,0
0482,D32FS0101(H530),3,3,333,NORMAL,17,0x0000,4,3,0,0,0,7,0,9,0,0
0482,D32FS0101(H530),4,4,193,NORMAL,0,0x02A7,10201,1,0,0,0,2,0,8,0,0
0482,D32FS0101(H530),5,5,299,NORMAL,0,0x02A8,10202,1,0,0,0,3,0,8,0,0
0484,SKY PILLAR 01(H344); R05R0202(H532),0,1,324,TRAINER,9,0x0000,3650,1,3,0,0,21,0,20,2,0
0484,SKY PILLAR 01(H344); R05R0202(H532),1,2,324,TRAINER,9,0x0000,3653,1,3,0,0,21,0,14,2,0
0484,SKY PILLAR 01(H344); R05R0202(H532),2,3,324,TRAINER,9,0x0000,3654,1,3,0,0,15,0,24,2,0
0484,SKY PILLAR 01(H344); R05R0202(H532),3,4,324,TRAINER,0,0x0000,3655,2,3,0,0,8,0,21,2,0
0484,SKY PILLAR 01(H344); R05R0202(H532),4,5,324,TRAINER,0,0x0000,3658,0,3,0,0,17,0,12,2,0
0484,SKY PILLAR 01(H344); R05R0202(H532),5,6,327,TRAINER,8,0x0000,3651,1,3,0,0,25,0,17,2,0
0484,SKY PILLAR 01(H344); R05R0202(H532),6,7,327,TRAINER,8,0x0000,3652,1,3,0,0,25,0,11,2,0
0484,SKY PILLAR 01(H344); R05R0202(H532),7,8,327,TRAINER,0,0x0000,3656,1,3,0,0,14,0,18,2,0
0484,SKY PILLAR 01(H344); R05R0202(H532),8,9,327,TRAINER,2,0x0000,3657,1,4,0,0,9,0,14,2,0
0485,HOME 57 SROD(H531),0,0,347,NORMAL,17,0x0000,1,3,0,0,0,5,0,5,0,0
0486,D47PC0101(H534),0,0,335,NORMAL,15,0x0000,1,1,0,0,0,8,0,11,0,0
0486,D47PC0101(H534),1,1,336,NORMAL,15,0x0000,9017,1,0,0,0,2,0,4,0,0
0486,D47PC0101(H534),2,2,336,NORMAL,15,0x0000,9003,1,0,0,0,6,0,4,0,0
0486,D47PC0101(H534),3,3,336,NORMAL,15,0x0000,9001,1,0,0,0,11,0,4,0,0
0486,D47PC0101(H534),4,4,320,NORMAL,9,0x0000,2,1,0,0,0,6,0,13,0,0
0486,D47PC0101(H534),5,5,333,NORMAL,5,0x0000,3,2,0,1,0,11,0,18,0,0
0487,D47PC0102(H535),0,0,286,NORMAL,15,0x0000,9203,1,0,0,0,4,0,4,0,0
0487,D47PC0102(H535),1,1,336,NORMAL,15,0x0000,9202,1,0,0,0,8,0,4,0,0
0487,D47PC0102(H535),2,2,336,NORMAL,15,0x0000,9201,1,0,0,0,12,0,4,0,0
0488,MELT 05 GAME1(H112); T25SP0101(H536),0,0,386,NORMAL,0,0x0000,3,1,0,0,0,7,0,5,0,0
0488,MELT 05 GAME1(H112); T25SP0101(H536),1,1,341,NORMAL,0,0x0000,4,2,0,0,0,13,0,5,0,0
0488,MELT 05 GAME1(H112); T25SP0101(H536),2,2,341,NORMAL,0,0x0000,5,3,0,0,0,11,0,5,0,0
0489,MELT 06 GAME2(H113); T07SP0101(H537),0,0,386,NORMAL,0,0x0000,4,1,0,0,0,7,0,5,0,0
0489,MELT 06 GAME2(H113); T07SP0101(H537),1,1,168,NORMAL,4,0x0000,2,1,0,0,1,4,0,9,0,0
0490,T10R0801(H539),0,0,286,NORMAL,15,0x0000,9203,1,0,0,0,4,0,4,0,0
0490,T10R0801(H539),1,1,336,NORMAL,15,0x0000,9202,1,0,0,0,8,0,4,0,0
0490,T10R0801(H539),2,2,336,NORMAL,15,0x0000,9201,1,0,0,0,12,0,4,0,0
0133,,5,5,87,ITEM,0,65,7656,1,0,0,0,15,0,25,0,0
