mtllib Barrier-Reef_01_11.mtl
o map
v -13.0 -16.0 4.0
v -13.0 -13.0 4.0
v -16.0 -13.0 4.0
v -16.0 -16.0 4.0
v -12.0 -13.0 3.0
v -12.0 -12.0 3.0
v -16.0 -12.0 3.0
v -16.0 -13.0 3.0
v -11.0 -12.0 2.0
v -11.0 -11.0 2.0
v -16.0 -11.0 2.0
v -16.0 -12.0 2.0
v -10.0 -11.0 1.0
v -10.0 -10.0 1.0
v -16.0 -10.0 1.0
v -16.0 -11.0 1.0
v -8.0 -9.0 1.0E-6
v -16.0 -9.0 1.0E-6
v -8.0 -10.0 1.0E-6
v -16.0 -10.0 1.0E-6
v -13.0 -6.0 -0.4375
v -14.25 -6.0 -0.4375
v -14.25 -7.25 -0.4375
v -13.0 -6.0 -0.4375
v -14.25 -7.25 -0.4375
v -13.0 -7.25 -0.4375
v -16.0 -6.0 0.0
v -16.0 -9.0 0.0
v -15.0 -6.0 -0.5
v -15.0 -8.0 -0.5
v -14.25 -6.0 -0.5625
v -14.25 -7.25 -0.5625
v -16.0 -9.0 0.0
v -13.0 -9.0 0.0
v -15.0 -8.0 -0.5
v -13.0 -8.0 -0.5
v -13.0 -7.25 -0.5625
v -14.25 -7.25 -0.5625
v -15.125 -8.125 -0.1875
v -13.0 -8.875 0.0625
v -13.0 -8.125 -0.1875
v -14.25 -7.25 -0.4375
v -14.25 -7.25 -0.4375
v -14.25 -6.0 -0.4375
v -15.125 -8.125 -0.1875
v -15.125 -6.0 -0.1875
v -15.875 -8.875 0.0625
v -15.875 -6.0 0.0625
v -13.0 -7.25 -0.4375
v -15.875 -8.875 0.0625
v -14.25 -4.0 -0.4375
v -15.125 -4.0 -0.1875
v -15.125 -6.0 -0.1875
v -14.25 -6.0 -0.4375
v -15.875 -4.0 0.0625
v -15.875 -6.0 0.0625
v -13.0 -6.0 -0.4375
v -13.0 -4.0 -0.4375
v -14.25 -4.0 -0.4375
v -14.25 -6.0 -0.4375
v -16.0 -6.0 0.0
v -15.0 -6.0 -0.5
v -15.0 -4.0 -0.5
v -16.0 -4.0 0.0
v -14.25 -6.0 -0.5625
v -14.25 -4.0 -0.5625
v -14.25 -4.0 -0.437501
v -14.75 -2.75 -0.437501
v -15.125 -4.0 -0.187501
v -16.0 -3.125 -0.1875
v -16.0 -3.875 0.0625
v -15.875 -4.0 0.062498987
v -15.125 -4.0 -0.187501
v -16.0 -3.125 -0.1875
v -16.0 -3.125 -0.1875
v -14.75 -2.75 -0.437501
v -16.0 -2.25 -0.4375
v -14.75 -2.75 -0.437501
v -14.25 -4.0 -0.437501
v -13.0 -4.0 -0.437501
v -13.5 -1.5 -0.437501
v -16.0 -2.25 -0.4375
v -16.0 -1.0 -0.4375
v -15.0 -4.0 -0.500001
v -14.25 -4.0 -0.562501
v -16.0 -2.25 -0.5625
v -16.0 -3.0 -0.5
v -16.0 -4.0 0.0
v -15.0 -4.0 -0.500001
v -16.0 -3.0 -0.5
v -16.0 -2.25 -0.5625
v -14.25 -4.0 -0.562501
v -14.75 -2.75 -0.562501
v -12.0 -16.0 3.0
v -12.0 -13.0 3.0
v -13.0 -13.0 3.0
v -13.0 -16.0 3.0
v -13.0 -7.25 -0.4375
v -13.0 -8.125 -0.1875
v -5.0 -8.125 -0.1875
v -5.0 -7.25 -0.4375
v -13.0 -8.875 0.0625
v -5.0 -8.875 0.0625
v -5.0 -6.0 -0.4375
v -13.0 -6.0 -0.4375
v -13.0 -7.25 -0.4375
v -5.0 -7.25 -0.4375
v -5.0 -9.0 0.0
v -5.0 -8.0 -0.5
v -13.0 -8.0 -0.5
v -13.0 -9.0 0.0
v -5.0 -7.25 -0.5625
v -13.0 -7.25 -0.5625
v -11.0 -16.0 2.0
v -11.0 -12.0 2.0
v -12.0 -12.0 2.0
v -12.0 -16.0 2.0
v -9.0 -16.0 1.0
v -9.0 -11.0 1.0
v -11.0 -11.0 1.0
v -11.0 -16.0 1.0
v -7.0 -10.0 1.0E-6
v -10.0 -10.0 1.0E-6
v -7.0 -11.0 1.0E-6
v -10.0 -11.0 1.0E-6
v -9.0 -15.0 0.999999
v -8.0 -16.0 0.999999
v -8.0 -15.0 0.999999
v -9.0 -16.0 0.999999
v -8.0 -15.0 0.999999
v -8.0 -12.0 0.999999
v -9.0 -12.0 0.999999
v -9.0 -15.0 0.999999
v -8.0 -11.0 0.999999
v -9.0 -12.0 0.999999
v -8.0 -12.0 0.999999
v -9.0 -11.0 0.999999
v -6.0 -15.0 0.999999
v -8.0 -15.0 0.999999
v -8.0 -16.0 0.999999
v -6.0 -16.0 0.999999
v 0.0 -12.0 1.0
v -8.0 -12.0 1.0
v -8.0 -15.0 1.0
v 0.0 -15.0 1.0
v -8.0 -12.0 0.999999
v 0.0 -12.0 0.999999
v 0.0 -11.0 0.999999
v -8.0 -11.0 0.999999
v 0.0 -9.0 1.0E-6
v -8.0 -9.0 1.0E-6
v 0.0 -10.0 1.0E-6
v -8.0 -10.0 1.0E-6
v -5.0 -11.0 1.0
v -5.0 -10.0 1.0
v -7.0 -10.0 1.0
v -7.0 -11.0 1.0
v -5.0 -16.0 0.999999
v -5.0 -15.0 1.0
v -6.0 -16.0 0.999999
v -6.0 -15.0 1.0
v -1.0 -15.0 1.0
v -5.0 -15.0 1.0
v -5.0 -16.0 1.0
v -1.0 -16.0 1.0
v -2.0 -10.0 1.0E-6
v -5.0 -10.0 1.0E-6
v -2.0 -11.0 1.0E-6
v -5.0 -11.0 1.0E-6
v -5.0 -7.25 -0.4375
v -5.0 -8.125 -0.1875
v 3.0 -8.125 -0.1875
v 3.0 -7.25 -0.4375
v -5.0 -8.875 0.0625
v 3.0 -8.875 0.0625
v 3.0 -6.0 -0.4375
v -5.0 -6.0 -0.4375
v -5.0 -7.25 -0.4375
v 3.0 -7.25 -0.4375
v 3.0 -9.0 0.0
v 3.0 -8.0 -0.5
v -5.0 -8.0 -0.5
v -5.0 -9.0 0.0
v 3.0 -7.25 -0.5625
v -5.0 -7.25 -0.5625
v 0.0 -11.0 1.0
v 0.0 -10.0 1.0
v -2.0 -10.0 1.0
v -2.0 -11.0 1.0
v 0.0 -15.0 0.999999
v -1.0 -15.0 1.0
v 0.0 -16.0 0.999999
v -1.0 -16.0 1.0
v 1.0 -15.0 0.999999
v 0.0 -15.0 0.999999
v 0.0 -16.0 0.999999
v 1.0 -16.0 0.999999
v 1.0 -12.0 1.0
v 0.0 -12.0 1.0
v 0.0 -15.0 1.0
v 1.0 -15.0 1.0
v 0.0 -12.0 0.999999
v 1.0 -12.0 0.999999
v 1.0 -11.0 0.999999
v 0.0 -11.0 0.999999
v 4.0 -9.0 1.0E-6
v 0.0 -9.0 1.0E-6
v 4.0 -11.0 1.0E-6
v 0.0 -11.0 1.0E-6
v 1.0 -16.0 0.999999
v 2.0 -15.0 0.999999
v 1.0 -15.0 0.999999
v 2.0 -16.0 0.999999
v 1.0 -12.0 0.999999
v 1.0 -15.0 0.999999
v 2.0 -15.0 0.999999
v 2.0 -12.0 0.999999
v 2.0 -12.0 0.999999
v 1.0 -11.0 0.999999
v 1.0 -12.0 0.999999
v 2.0 -11.0 0.999999
v 3.0 -16.0 1.0
v 3.0 -11.0 1.0
v 2.0 -11.0 1.0
v 2.0 -16.0 1.0
v 4.0 -11.0 1.0E-6
v 3.0 -11.0 1.0E-6
v 4.0 -16.0 1.0E-6
v 3.0 -16.0 1.0E-6
v 3.0 -7.25 -0.4375
v 3.0 -8.125 -0.1875
v 4.0 -8.125 -0.1875
v 4.0 -7.25 -0.4375
v 3.0 -8.875 0.0625
v 4.0 -8.875 0.0625
v 4.0 -6.0 -0.4375
v 3.0 -6.0 -0.4375
v 3.0 -7.25 -0.4375
v 4.0 -7.25 -0.4375
v 4.0 -9.0 0.0
v 4.0 -8.0 -0.5
v 3.0 -8.0 -0.5
v 3.0 -9.0 0.0
v 4.0 -7.25 -0.5625
v 3.0 -7.25 -0.5625
v 5.75 -9.0 -0.4375
v 4.875 -9.0 -0.1875
v 4.875 -16.0 -0.1875
v 5.75 -16.0 -0.4375
v 4.125 -9.0 0.0625
v 4.125 -16.0 0.0625
v 7.0 -16.0 -0.4375
v 7.0 -9.0 -0.4375
v 5.75 -9.0 -0.4375
v 5.75 -16.0 -0.4375
v 4.0 -16.0 0.0
v 5.0 -16.0 -0.5
v 5.0 -9.0 -0.5
v 4.0 -9.0 0.0
v 5.75 -16.0 -0.5625
v 5.75 -9.0 -0.5625
v 5.75 -9.0 -0.437501
v 5.25 -7.75 -0.437501
v 4.875 -9.0 -0.187501
v 4.0 -8.125 -0.1875
v 4.0 -8.875 0.0625
v 4.125 -9.0 0.062498987
v 4.875 -9.0 -0.187501
v 4.0 -8.125 -0.1875
v 4.0 -8.125 -0.1875
v 5.25 -7.75 -0.437501
v 4.0 -7.25 -0.4375
v 5.25 -7.75 -0.437501
v 5.75 -9.0 -0.437501
v 7.0 -9.0 -0.437501
v 6.5 -6.5 -0.437501
v 4.0 -7.25 -0.4375
v 4.0 -6.0 -0.4375
v 5.0 -9.0 -0.500001
v 5.75 -9.0 -0.562501
v 4.0 -7.25 -0.5625
v 4.0 -8.0 -0.5
v 4.0 -9.0 0.0
v 5.0 -9.0 -0.500001
v 4.0 -8.0 -0.5
v 4.0 -7.25 -0.5625
v 5.75 -9.0 -0.562501
v 5.25 -7.75 -0.562501
v -13.0 -13.0 4.187499
v -16.0 -13.0 4.187499
v -16.0 -16.0 4.187499
v -13.0 -16.0 4.187499
v -16.0 -14.500001 8.75
v -13.0 -14.500001 8.75
v -13.0 -14.5 4.187499
v -16.0 -14.5 4.187499
v -14.5 -16.0 8.749999
v -14.5 -13.000001 8.75
v -14.5 -13.0 4.187499
v -14.5 -16.0 4.187499
v -13.0 -16.0 5.624999
v -13.0 -13.0 5.624999
v -16.0 -13.0 5.624999
v -16.0 -16.0 5.624999
v -13.0 -12.5 3.75
v -13.0 -12.0 3.0
v -16.0 -12.0 3.0
v -16.0 -12.499999 3.75
v -13.0 -13.0 4.0
v -16.0 -13.0 4.0
v -12.0 -11.5 2.75
v -12.0 -11.0 2.0
v -16.0 -11.0 2.0
v -16.0 -11.499999 2.75
v -12.0 -12.0 3.0
v -16.0 -12.0 3.0
v -11.0 -10.5 1.75
v -11.0 -10.0 1.0
v -16.0 -10.0 1.0
v -16.0 -10.499999 1.75
v -11.0 -11.0 2.0
v -16.0 -11.0 2.0
v -10.0 -9.5 0.75
v -10.0 -9.0 0.0
v -16.0 -9.0 0.0
v -16.0 -9.499999 0.75
v -10.0 -10.0 1.0
v -16.0 -10.0 1.0
v -12.5 -16.0 3.75
v -12.0 -16.0 3.0
v -12.0 -13.0 3.0
v -12.499999 -13.0 3.75
v -13.0 -16.0 4.0
v -13.0 -13.0 4.0
v -12.498828 -13.001953 3.75
v -12.248828 -12.251953 3.0
v -12.998828 -12.501953 3.75
v -11.998828 -13.001953 3.0
v -12.998828 -12.001953 3.0
v -12.998828 -13.001953 4.0
v -11.5 -16.0 2.75
v -11.0 -16.0 2.0
v -11.0 -12.0 2.0
v -11.499999 -12.0 2.75
v -12.0 -16.0 3.0
v -12.0 -12.0 3.0
v -11.498828 -12.001953 2.75
v -11.248828 -11.251953 2.0
v -11.998828 -11.501953 2.75
v -10.998828 -12.001953 2.0
v -11.998828 -11.001953 2.0
v -11.998828 -12.001953 3.0
v -10.5 -16.0 1.75
v -10.0 -16.0 1.0
v -10.0 -11.0 1.0
v -10.499999 -11.0 1.75
v -11.0 -16.0 2.0
v -11.0 -11.0 2.0
v -10.498828 -11.001953 1.75
v -10.248828 -10.251953 1.0
v -10.998828 -10.501953 1.75
v -9.998828 -11.001953 1.0
v -10.998828 -10.001953 1.0
v -10.998828 -11.001953 2.0
v -7.0 -11.0 1.187499
v -10.0 -11.0 1.187499
v -10.0 -14.0 1.187499
v -7.0 -14.0 1.187499
v -10.0 -12.500001 5.75
v -7.0 -12.500001 5.75
v -7.0 -12.5 1.187499
v -10.0 -12.5 1.187499
v -8.5 -14.000001 5.749999
v -8.5 -11.000001 5.75
v -8.5 -11.0 1.187499
v -8.5 -14.0 1.187499
v -7.0 -14.0 2.624999
v -7.0 -11.0 2.624999
v -10.0 -11.0 2.624999
v -10.0 -14.0 2.624999
v -9.498437 -11.001953 0.75
v -8.998437 -11.001953 0.0
v -8.998437 -10.001953 0.0
v -9.498437 -10.001953 0.75
v -8.998437 -10.501953 0.75
v -9.998437 -10.001953 0.0
v -9.998437 -10.501952 0.75
v -9.998437 -11.001953 1.0
v -9.998437 -10.001953 1.0
v -8.998437 -11.001953 1.0
v -9.498828 -10.001953 0.75
v -9.248828 -9.251953 0.0
v -9.998828 -9.501953 0.75
v -8.998828 -10.001953 0.0
v -9.998828 -9.001953 0.0
v -9.998828 -10.001953 1.0
v -8.0 -10.5 0.75
v -8.0 -10.0 0.0
v -9.0 -10.0 0.0
v -9.0 -10.499999 0.75
v -8.0 -11.0 1.0
v -9.0 -11.0 1.0
v -6.998047 -10.498437 0.75
v -6.998047 -9.998437 0.0
v -7.998047 -9.998437 0.0
v -7.998047 -10.498437 0.75
v -7.498047 -9.998437 0.75
v -7.998047 -10.998437 0.0
v -7.498048 -10.998437 0.75
v -6.998047 -10.998437 1.0
v -7.998047 -10.998437 1.0
v -6.998047 -9.998437 1.0
v -6.998047 -9.498828 0.75
v -7.748047 -9.248828 0.0
v -7.498047 -9.998828 0.75
v -6.998047 -8.998828 0.0
v -7.998047 -9.998828 0.0
v -6.998047 -9.998828 1.0
v -5.0 -12.0 1.187499
v -5.0 -10.0 1.1875
v -7.0 -10.0 1.1875
v -7.0 -12.0 1.187499
v -6.0 -12.000001 4.499999
v -6.0 -10.000001 4.5
v -6.0 -10.0 1.1875
v -6.0 -12.0 1.187499
v -7.0 -11.000001 4.5
v -5.0 -11.000001 4.5
v -5.0 -11.0 1.1875
v -7.0 -11.0 1.1875
v -5.0 -10.0 2.4375
v -7.0 -10.0 2.4375
v -7.0 -12.0 2.437499
v -5.0 -12.0 2.437499
v -7.0 -10.0 3.893554
v -7.0 -12.0 3.893554
v -5.0 -12.0 3.893554
v -5.0 -10.0 3.893554
v -5.0 -9.5 0.75
v -5.0 -9.0 0.0
v -7.0 -9.0 0.0
v -7.0 -9.499999 0.75
v -5.0 -10.0 1.0
v -7.0 -10.0 1.0
v -2.0 -11.0 1.187499
v -5.0 -11.0 1.187499
v -5.0 -14.0 1.187499
v -2.0 -14.0 1.187499
v -5.0 -12.500001 5.75
v -2.0 -12.500001 5.75
v -2.0 -12.5 1.187499
v -5.0 -12.5 1.187499
v -3.5 -14.000001 5.749999
v -3.5 -11.000001 5.75
v -3.5 -11.0 1.187499
v -3.5 -14.0 1.187499
v -2.0 -14.0 2.624999
v -2.0 -11.0 2.624999
v -5.0 -11.0 2.624999
v -5.0 -14.0 2.624999
v -4.498437 -11.001953 0.75
v -3.998437 -11.001953 0.0
v -3.998437 -10.001953 0.0
v -4.498437 -10.001953 0.75
v -3.998437 -10.501953 0.75
v -4.998437 -10.001953 0.0
v -4.998437 -10.501952 0.75
v -4.998437 -11.001953 1.0
v -4.998437 -10.001953 1.0
v -3.998437 -11.001953 1.0
v -4.498828 -10.001953 0.75
v -4.248828 -9.251953 0.0
v -4.998828 -9.501953 0.75
v -3.998828 -10.001953 0.0
v -4.998828 -9.001953 0.0
v -4.998828 -10.001953 1.0
v -3.0 -10.5 0.75
v -3.0 -10.0 0.0
v -4.0 -10.0 0.0
v -4.0 -10.499999 0.75
v -3.0 -11.0 1.0
v -4.0 -11.0 1.0
v -1.998047 -10.498437 0.75
v -1.998047 -9.998437 0.0
v -2.9980469 -9.998437 0.0
v -2.9980469 -10.498437 0.75
v -2.4980469 -9.998437 0.75
v -2.9980469 -10.998437 0.0
v -2.498048 -10.998437 0.75
v -1.998047 -10.998437 1.0
v -2.9980469 -10.998437 1.0
v -1.998047 -9.998437 1.0
v -1.998047 -9.498828 0.75
v -2.7480469 -9.248828 0.0
v -2.4980469 -9.998828 0.75
v -1.998047 -8.998828 0.0
v -2.9980469 -9.998828 0.0
v -1.998047 -9.998828 1.0
v 0.0 -12.0 1.187499
v 0.0 -10.0 1.1875
v -2.0 -10.0 1.1875
v -2.0 -12.0 1.187499
v -1.0 -12.000001 4.499999
v -1.0 -10.000001 4.5
v -1.0 -10.0 1.1875
v -1.0 -12.0 1.187499
v -2.0 -11.000001 4.5
v 0.0 -11.000001 4.5
v 0.0 -11.0 1.1875
v -2.0 -11.0 1.1875
v 0.0 -10.0 2.4375
v -2.0 -10.0 2.4375
v -2.0 -12.0 2.437499
v 0.0 -12.0 2.437499
v -2.0 -10.0 3.893554
v -2.0 -12.0 3.893554
v 0.0 -12.0 3.893554
v 0.0 -10.0 3.893554
v 0.0 -9.5 0.75
v 0.0 -9.0 0.0
v -2.0 -9.0 0.0
v -2.0 -9.499999 0.75
v 0.0 -10.0 1.0
v -2.0 -10.0 1.0
v 3.0 -11.0 1.187499
v 0.0 -11.0 1.187499
v 0.0 -14.0 1.187499
v 3.0 -14.0 1.187499
v 0.0 -12.500001 5.75
v 3.0 -12.500001 5.75
v 3.0 -12.5 1.187499
v 0.0 -12.5 1.187499
v 1.5 -14.000001 5.749999
v 1.5 -11.000001 5.75
v 1.5 -11.0 1.187499
v 1.5 -14.0 1.187499
v 3.0 -14.0 2.624999
v 3.0 -11.0 2.624999
v 0.0 -11.0 2.624999
v 0.0 -14.0 2.624999
v 0.501563 -11.001953 0.75
v 1.001563 -11.001953 0.0
v 1.001563 -10.001953 0.0
v 0.501563 -10.001953 0.75
v 1.001563 -10.501953 0.75
v 0.0015630126 -10.001953 0.0
v 0.0015630126 -10.501952 0.75
v 0.0015630126 -11.001953 1.0
v 0.0015630126 -10.001953 1.0
v 1.001563 -11.001953 1.0
v 0.501172 -10.001953 0.75
v 0.751172 -9.251953 0.0
v 0.0011720061 -9.501953 0.75
v 1.001172 -10.001953 0.0
v 0.0011720061 -9.001953 0.0
v 0.0011720061 -10.001953 1.0
v 3.0 -16.0 1.187499
v 3.0 -14.0 1.1875
v 1.0 -14.0 1.1875
v 1.0 -16.0 1.187499
v 2.0 -16.000002 4.499999
v 2.0 -14.000001 4.5
v 2.0 -14.0 1.1875
v 2.0 -16.0 1.187499
v 1.0 -15.000001 4.5
v 3.0 -15.000001 4.5
v 3.0 -15.0 1.1875
v 1.0 -15.0 1.1875
v 3.0 -14.0 2.4375
v 1.0 -14.0 2.4375
v 1.0 -16.0 2.437499
v 3.0 -16.0 2.437499
v 1.0 -14.0 3.893554
v 1.0 -16.0 3.893554
v 3.0 -16.0 3.893554
v 3.0 -14.0 3.893554
v 3.0 -10.5 0.75
v 3.0 -10.0 0.0
v 1.0 -10.0 0.0
v 1.0 -10.499999 0.75
v 3.0 -11.0 1.0
v 1.0 -11.0 1.0
v 3.5 -16.0 0.75
v 4.0 -16.0 0.0
v 4.0 -11.0 0.0
v 3.500001 -11.0 0.75
v 3.0 -16.0 1.0
v 3.0 -11.0 1.0
v 3.501172 -11.001953 0.75
v 3.751172 -10.251953 0.0
v 3.001172 -10.501953 0.75
v 4.001172 -11.001953 0.0
v 3.001172 -10.001953 0.0
v 3.001172 -11.001953 1.0
v -6.0 -14.125 1.125
v -6.5 -14.125 1.125
v -6.5 -14.625 1.125
v -6.0 -14.625 1.125
v -6.0 -13.125 1.125
v -6.5 -13.125 1.125
v -6.5 -14.125 1.125
v -6.0 -14.125 1.125
v -6.0 -12.5 1.125001
v -6.5 -12.5 1.125001
v -6.5 -13.0 1.125001
v -6.0 -13.0 1.125001
v -5.0 -15.125 1.125
v -5.5 -15.125 1.125
v -5.5 -15.625 1.125
v -5.0 -15.625 1.125
v -5.5 -15.125 1.125
v -5.0 -15.125 1.125
v -5.0 -14.625 1.125
v -5.5 -14.625 1.125
v -5.0 -14.125 1.125
v -5.5 -14.125 1.125
v -5.5 -14.625 1.125
v -5.0 -14.625 1.125
v -6.0 -14.125 1.125
v -6.0 -14.625 1.125
v -5.5 -14.625 1.125
v -5.5 -14.125 1.125
v -1.0 -13.125 1.125
v -6.0 -13.125 1.125
v -6.0 -14.125 1.125
v -1.0 -14.125 1.125
v -1.0 -12.625 1.125001
v -6.0 -12.625 1.125001
v -6.0 -13.125 1.125001
v -1.0 -13.125 1.125001
v -2.0 -15.125 1.125
v -5.0 -15.125 1.125
v -5.0 -15.625 1.125
v -2.0 -15.625 1.125
v -2.0 -14.125 1.125
v -5.0 -14.125 1.125
v -5.0 -15.125 1.125
v -2.0 -15.125 1.125
v -1.5 -15.125 1.125001
v -2.0 -15.125 1.125001
v -2.0 -15.625 1.125
v -1.5 -15.625 1.125
v -2.0 -15.125 1.125
v -1.5 -15.125 1.125
v -1.5 -14.625 1.125
v -2.0 -14.625 1.125
v -1.5 -14.125 1.125001
v -2.0 -14.125 1.125001
v -2.0 -14.625 1.125
v -1.5 -14.625 1.125
v -1.0 -14.625 1.125
v -1.0 -14.125 1.125001
v -1.5 -14.125 1.125001
v -1.5 -14.625 1.125
v -0.5 -14.125 1.125001
v -1.0 -14.125 1.125001
v -1.0 -14.625 1.125
v -0.5 -14.625 1.125
v -0.5 -13.125 1.125001
v -1.0 -13.125 1.125001
v -1.0 -14.125 1.125001
v -0.5 -14.125 1.125001
v -0.5 -12.625 1.125002
v -1.0 -12.625 1.125002
v -1.0 -13.125 1.125002
v -0.5 -13.125 1.125002
v -14.0 -0.125 -1.500001
v -10.0 -0.125 -1.500001
v -10.0 0.875 -1.500001
v -14.0 0.875 -1.500001
v -14.0 -0.125 -1.625001
v -10.0 -0.125 -1.625001
v -10.0 0.875 -1.625001
v -14.0 0.875 -1.625001
v -14.0 -0.125 -1.875001
v -10.0 -0.125 -1.875001
v -10.0 0.875 -1.875001
v -14.0 0.875 -1.875001
v -14.0 5.875 -3.500001
v -13.0 5.875 -3.500001
v -13.0 7.875 -3.500001
v -14.0 7.875 -3.500001
v -14.0 5.875 -3.625001
v -13.0 5.875 -3.625001
v -13.0 7.875 -3.625001
v -14.0 7.875 -3.625001
v -14.0 5.875 -3.875001
v -13.0 5.875 -3.875001
v -13.0 7.875 -3.875001
v -14.0 7.875 -3.875001
v -14.0 11.875 -4.500001
v -11.0 11.875 -4.500001
v -11.0 12.875 -4.500001
v -14.0 12.875 -4.500001
v -14.0 11.875 -4.625001
v -11.0 11.875 -4.625001
v -11.0 12.875 -4.625001
v -14.0 12.875 -4.625001
v -14.0 11.875 -4.875001
v -11.0 11.875 -4.875001
v -11.0 12.875 -4.875001
v -14.0 12.875 -4.875001
v -13.0 0.875 -1.500001
v -12.0 0.875 -1.500001
v -12.0 1.875 -1.500001
v -13.0 1.875 -1.500001
v -13.0 0.875 -1.625001
v -12.0 0.875 -1.625001
v -12.0 1.875 -1.625001
v -13.0 1.875 -1.625001
v -13.0 0.875 -1.875001
v -12.0 0.875 -1.875001
v -12.0 1.875 -1.875001
v -13.0 1.875 -1.875001
v -13.0 4.875 -3.500001
v -12.0 4.875 -3.500001
v -12.0 6.875 -3.500001
v -13.0 6.875 -3.500001
v -13.0 4.875 -3.625001
v -12.0 4.875 -3.625001
v -12.0 6.875 -3.625001
v -13.0 6.875 -3.625001
v -13.0 4.875 -3.875001
v -12.0 4.875 -3.875001
v -12.0 6.875 -3.875001
v -13.0 6.875 -3.875001
v -13.0 10.875 -4.500001
v -10.0 10.875 -4.500001
v -10.0 11.875 -4.500001
v -13.0 11.875 -4.500001
v -13.0 10.875 -4.625001
v -10.0 10.875 -4.625001
v -10.0 11.875 -4.625001
v -13.0 11.875 -4.625001
v -13.0 10.875 -4.875001
v -10.0 10.875 -4.875001
v -10.0 11.875 -4.875001
v -13.0 11.875 -4.875001
v -12.0 -1.125 -1.500001
v -11.0 -1.125 -1.500001
v -11.0 -0.125 -1.500001
v -12.0 -0.125 -1.500001
v -12.0 -1.125 -1.625001
v -11.0 -1.125 -1.625001
v -11.0 -0.125 -1.625001
v -12.0 -0.125 -1.625001
v -12.0 -1.125 -1.875001
v -11.0 -1.125 -1.875001
v -11.0 -0.125 -1.875001
v -12.0 -0.125 -1.875001
v -12.0 12.875 -4.500001
v -11.0 12.875 -4.500001
v -11.0 13.875 -4.500001
v -12.0 13.875 -4.500001
v -12.0 12.875 -4.625001
v -11.0 12.875 -4.625001
v -11.0 13.875 -4.625001
v -12.0 13.875 -4.625001
v -12.0 12.875 -4.875001
v -11.0 12.875 -4.875001
v -11.0 13.875 -4.875001
v -12.0 13.875 -4.875001
v -11.0 0.875 -1.500001
v -10.0 0.875 -1.500001
v -10.0 1.875 -1.500001
v -11.0 1.875 -1.500001
v -11.0 0.875 -1.625001
v -10.0 0.875 -1.625001
v -10.0 1.875 -1.625001
v -11.0 1.875 -1.625001
v -11.0 0.875 -1.875001
v -10.0 0.875 -1.875001
v -10.0 1.875 -1.875001
v -11.0 1.875 -1.875001
v -9.0 -4.125 -1.500001
v -5.0 -4.125 -1.500001
v -5.0 -3.125 -1.500001
v -9.0 -3.125 -1.500001
v -9.0 -4.125 -1.625001
v -5.0 -4.125 -1.625001
v -5.0 -3.125 -1.625001
v -9.0 -3.125 -1.625001
v -9.0 -4.125 -1.875001
v -5.0 -4.125 -1.875001
v -5.0 -3.125 -1.875001
v -9.0 -3.125 -1.875001
v -9.0 5.875 -3.500001
v -7.0 5.875 -3.500001
v -7.0 6.875 -3.500001
v -9.0 6.875 -3.500001
v -9.0 5.875 -3.625001
v -7.0 5.875 -3.625001
v -7.0 6.875 -3.625001
v -9.0 6.875 -3.625001
v -9.0 5.875 -3.875001
v -7.0 5.875 -3.875001
v -7.0 6.875 -3.875001
v -9.0 6.875 -3.875001
v -8.0 -5.125 -1.500001
v -6.0 -5.125 -1.500001
v -6.0 -4.125 -1.500001
v -8.0 -4.125 -1.500001
v -8.0 -5.125 -1.625001
v -6.0 -5.125 -1.625001
v -6.0 -4.125 -1.625001
v -8.0 -4.125 -1.625001
v -8.0 -5.125 -1.875001
v -6.0 -5.125 -1.875001
v -6.0 -4.125 -1.875001
v -8.0 -4.125 -1.875001
v -8.0 4.875 -3.500001
v -5.0 4.875 -3.500001
v -5.0 5.875 -3.500001
v -8.0 5.875 -3.500001
v -8.0 4.875 -3.625001
v -5.0 4.875 -3.625001
v -5.0 5.875 -3.625001
v -8.0 5.875 -3.625001
v -8.0 4.875 -3.875001
v -5.0 4.875 -3.875001
v -5.0 5.875 -3.875001
v -8.0 5.875 -3.875001
v -7.0 2.875 -3.500001
v -6.0 2.875 -3.500001
v -6.0 4.875 -3.500001
v -7.0 4.875 -3.500001
v -7.0 2.875 -3.625001
v -6.0 2.875 -3.625001
v -6.0 4.875 -3.625001
v -7.0 4.875 -3.625001
v -7.0 2.875 -3.875001
v -6.0 2.875 -3.875001
v -6.0 4.875 -3.875001
v -7.0 4.875 -3.875001
v -7.0 6.875 -3.500001
v -4.0 6.875 -3.500001
v -4.0 7.875 -3.500001
v -7.0 7.875 -3.500001
v -7.0 6.875 -3.625001
v -4.0 6.875 -3.625001
v -4.0 7.875 -3.625001
v -7.0 7.875 -3.625001
v -7.0 6.875 -3.875001
v -4.0 6.875 -3.875001
v -4.0 7.875 -3.875001
v -7.0 7.875 -3.875001
v -6.0 -3.125 -1.500001
v -5.0 -3.125 -1.500001
v -5.0 -2.125 -1.500001
v -6.0 -2.125 -1.500001
v -6.0 -3.125 -1.625001
v -5.0 -3.125 -1.625001
v -5.0 -2.125 -1.625001
v -6.0 -2.125 -1.625001
v -6.0 -3.125 -1.875001
v -5.0 -3.125 -1.875001
v -5.0 -2.125 -1.875001
v -6.0 -2.125 -1.875001
v -6.0 3.875 -3.500001
v -5.0 3.875 -3.500001
v -5.0 4.875 -3.500001
v -6.0 4.875 -3.500001
v -6.0 3.875 -3.625001
v -5.0 3.875 -3.625001
v -5.0 4.875 -3.625001
v -6.0 4.875 -3.625001
v -6.0 3.875 -3.875001
v -5.0 3.875 -3.875001
v -5.0 4.875 -3.875001
v -6.0 4.875 -3.875001
v -6.0 5.875 -3.500001
v -4.0 5.875 -3.500001
v -4.0 6.875 -3.500001
v -6.0 6.875 -3.500001
v -6.0 5.875 -3.625001
v -4.0 5.875 -3.625001
v -4.0 6.875 -3.625001
v -6.0 6.875 -3.625001
v -6.0 5.875 -3.875001
v -4.0 5.875 -3.875001
v -4.0 6.875 -3.875001
v -6.0 6.875 -3.875001
v -6.0 8.875 -4.500001
v -1.0 8.875 -4.500001
v -1.0 9.875 -4.500001
v -6.0 9.875 -4.500001
v -6.0 8.875 -4.625001
v -1.0 8.875 -4.625001
v -1.0 9.875 -4.625001
v -6.0 9.875 -4.625001
v -6.0 8.875 -4.875001
v -1.0 8.875 -4.875001
v -1.0 9.875 -4.875001
v -6.0 9.875 -4.875001
v -6.0 10.875 -4.500001
v -4.0 10.875 -4.500001
v -4.0 11.875 -4.500001
v -6.0 11.875 -4.500001
v -6.0 10.875 -4.625001
v -4.0 10.875 -4.625001
v -4.0 11.875 -4.625001
v -6.0 11.875 -4.625001
v -6.0 10.875 -4.875001
v -4.0 10.875 -4.875001
v -4.0 11.875 -4.875001
v -6.0 11.875 -4.875001
v -3.5 3.391602 -3.144531
v -2.660156 3.681641 -3.144531
v -3.027344 3.986328 -1.9863279
v -3.5 3.823242 -1.9863269
v -2.311523 4.3789062 -3.144531
v -2.554688 3.59375 -3.936523
v -2.162109 4.3789062 -3.936523
v -4.3398438 5.095703 -3.144531
v -4.445312 5.095703 -3.936523
v -4.837891 4.3789062 -3.936523
v -4.688477 4.3789062 -3.144531
v -4.445312 3.59375 -3.936523
v -3.5 3.267578 -3.936523
v -4.3398438 3.681641 -3.144531
v -2.831055 4.3789062 -1.9863279
v -3.972656 3.986328 -1.9863279
v -3.027344 4.772461 -1.9863279
v -2.554688 5.165039 -3.936523
v -3.5 5.454101 -3.936523
v -3.928711 4.737305 -2.7001948
v -3.5 4.3789062 -1.460937
v -2.106205 5.114864 -3.8125
v -3.5 4.310267 -3.812499
v -1.8908072 4.310267 -3.812499
v -2.106205 3.505671 -3.812498
v -2.695404 2.91731 -3.812498
v -3.5 2.701075 -3.812498
v -4.304596 2.91731 -3.812498
v -4.893795 3.505671 -3.812498
v -5.109193 4.310267 -3.812499
v -4.893795 5.114864 -3.8125
v -4.304596 5.704064 -3.8125
v -3.5 5.9194613 -3.8125
v -2.695404 5.704064 -3.8125
v -5.0 9.875 -4.500001
v -3.0 9.875 -4.500001
v -3.0 10.875 -4.500001
v -5.0 10.875 -4.500001
v -5.0 9.875 -4.625001
v -3.0 9.875 -4.625001
v -3.0 10.875 -4.625001
v -5.0 10.875 -4.625001
v -5.0 9.875 -4.875001
v -3.0 9.875 -4.875001
v -3.0 10.875 -4.875001
v -5.0 10.875 -4.875001
v -3.0 -0.125 -2.500001
v 1.0 -0.125 -2.500001
v 1.0 0.875 -2.500001
v -3.0 0.875 -2.500001
v -3.0 -0.125 -2.625001
v 1.0 -0.125 -2.625001
v 1.0 0.875 -2.625001
v -3.0 0.875 -2.625001
v -3.0 -0.125 -2.875001
v 1.0 -0.125 -2.875001
v 1.0 0.875 -2.875001
v -3.0 0.875 -2.875001
v -3.0 6.875 -4.500001
v 0.0 6.875 -4.500001
v 0.0 7.875 -4.500001
v -3.0 7.875 -4.500001
v -3.0 6.875 -4.625001
v 0.0 6.875 -4.625001
v 0.0 7.875 -4.625001
v -3.0 7.875 -4.625001
v -3.0 6.875 -4.875001
v 0.0 6.875 -4.875001
v 0.0 7.875 -4.875001
v -3.0 7.875 -4.875001
v -3.0 7.875 -4.500001
v -1.0 7.875 -4.500001
v -1.0 8.875 -4.500001
v -3.0 8.875 -4.500001
v -3.0 7.875 -4.625001
v -1.0 7.875 -4.625001
v -1.0 8.875 -4.625001
v -3.0 8.875 -4.625001
v -3.0 7.875 -4.875001
v -1.0 7.875 -4.875001
v -1.0 8.875 -4.875001
v -3.0 8.875 -4.875001
v -2.0 0.875 -2.500001
v 0.0 0.875 -2.500001
v 0.0 1.875 -2.500001
v -2.0 1.875 -2.500001
v -2.0 0.875 -2.625001
v 0.0 0.875 -2.625001
v 0.0 1.875 -2.625001
v -2.0 1.875 -2.625001
v -2.0 0.875 -2.875001
v 0.0 0.875 -2.875001
v 0.0 1.875 -2.875001
v -2.0 1.875 -2.875001
v -2.0 3.875 -3.500001
v 2.0 3.875 -3.500001
v 2.0 4.875 -3.500001
v -2.0 4.875 -3.500001
v -2.0 3.875 -3.625001
v 2.0 3.875 -3.625001
v 2.0 4.875 -3.625001
v -2.0 4.875 -3.625001
v -2.0 3.875 -3.875001
v 2.0 3.875 -3.875001
v 2.0 4.875 -3.875001
v -2.0 4.875 -3.875001
v -1.0 -5.125 -1.500001
v 2.0 -5.125 -1.500001
v 2.0 -4.125 -1.500001
v -1.0 -4.125 -1.500001
v -1.0 -5.125 -1.625001
v 2.0 -5.125 -1.625001
v 2.0 -4.125 -1.625001
v -1.0 -4.125 -1.625001
v -1.0 -5.125 -1.875001
v 2.0 -5.125 -1.875001
v 2.0 -4.125 -1.875001
v -1.0 -4.125 -1.875001
v -1.0 2.875 -3.500001
v 1.0 2.875 -3.500001
v 1.0 3.875 -3.500001
v -1.0 3.875 -3.500001
v -1.0 2.875 -3.625001
v 1.0 2.875 -3.625001
v 1.0 3.875 -3.625001
v -1.0 3.875 -3.625001
v -1.0 2.875 -3.875001
v 1.0 2.875 -3.875001
v 1.0 3.875 -3.875001
v -1.0 3.875 -3.875001
v -1.0 4.875 -3.500001
v 1.0 4.875 -3.500001
v 1.0 5.875 -3.500001
v -1.0 5.875 -3.500001
v -1.0 4.875 -3.625001
v 1.0 4.875 -3.625001
v 1.0 5.875 -3.625001
v -1.0 5.875 -3.625001
v -1.0 4.875 -3.875001
v 1.0 4.875 -3.875001
v 1.0 5.875 -3.875001
v -1.0 5.875 -3.875001
v 0.0 -4.125 -1.500001
v 3.0 -4.125 -1.500001
v 3.0 -3.125 -1.500001
v 0.0 -3.125 -1.500001
v 0.0 -4.125 -1.625001
v 3.0 -4.125 -1.625001
v 3.0 -3.125 -1.625001
v 0.0 -3.125 -1.625001
v 0.0 -4.125 -1.875001
v 3.0 -4.125 -1.875001
v 3.0 -3.125 -1.875001
v 0.0 -3.125 -1.875001
v 0.0 -1.125 -2.500001
v 1.0 -1.125 -2.500001
v 1.0 -0.125 -2.500001
v 0.0 -0.125 -2.500001
v 0.0 -1.125 -2.625001
v 1.0 -1.125 -2.625001
v 1.0 -0.125 -2.625001
v 0.0 -0.125 -2.625001
v 0.0 -1.125 -2.875001
v 1.0 -1.125 -2.875001
v 1.0 -0.125 -2.875001
v 0.0 -0.125 -2.875001
v 1.0 -3.125 -1.500001
v 2.0 -3.125 -1.500001
v 2.0 -2.125 -1.500001
v 1.0 -2.125 -1.500001
v 1.0 -3.125 -1.625001
v 2.0 -3.125 -1.625001
v 2.0 -2.125 -1.625001
v 1.0 -2.125 -1.625001
v 1.0 -3.125 -1.875001
v 2.0 -3.125 -1.875001
v 2.0 -2.125 -1.875001
v 1.0 -2.125 -1.875001
v 2.0 11.875 -4.500001
v 5.0 11.875 -4.500001
v 5.0 12.875 -4.500001
v 2.0 12.875 -4.500001
v 2.0 11.875 -4.625001
v 5.0 11.875 -4.625001
v 5.0 12.875 -4.625001
v 2.0 12.875 -4.625001
v 2.0 11.875 -4.875001
v 5.0 11.875 -4.875001
v 5.0 12.875 -4.875001
v 2.0 12.875 -4.875001
v 2.0 12.875 -4.500001
v 4.0 12.875 -4.500001
v 4.0 13.875 -4.500001
v 2.0 13.875 -4.500001
v 2.0 12.875 -4.625001
v 4.0 12.875 -4.625001
v 4.0 13.875 -4.625001
v 2.0 13.875 -4.625001
v 2.0 12.875 -4.875001
v 4.0 12.875 -4.875001
v 4.0 13.875 -4.875001
v 2.0 13.875 -4.875001
v 3.0 10.875 -4.500001
v 5.0 10.875 -4.500001
v 5.0 11.875 -4.500001
v 3.0 11.875 -4.500001
v 3.0 10.875 -4.625001
v 5.0 10.875 -4.625001
v 5.0 11.875 -4.625001
v 3.0 11.875 -4.625001
v 3.0 10.875 -4.875001
v 5.0 10.875 -4.875001
v 5.0 11.875 -4.875001
v 3.0 11.875 -4.875001
v 3.0 13.875 -4.500001
v 4.0 13.875 -4.500001
v 4.0 14.875 -4.500001
v 3.0 14.875 -4.500001
v 3.0 13.875 -4.625001
v 4.0 13.875 -4.625001
v 4.0 14.875 -4.625001
v 3.0 14.875 -4.625001
v 3.0 13.875 -4.875001
v 4.0 13.875 -4.875001
v 4.0 14.875 -4.875001
v 3.0 14.875 -4.875001
v 4.0 5.875 -4.500001
v 7.0 5.875 -4.500001
v 7.0 6.875 -4.500001
v 4.0 6.875 -4.500001
v 4.0 5.875 -4.625001
v 7.0 5.875 -4.625001
v 7.0 6.875 -4.625001
v 4.0 6.875 -4.625001
v 4.0 5.875 -4.875001
v 7.0 5.875 -4.875001
v 7.0 6.875 -4.875001
v 4.0 6.875 -4.875001
v 4.0 9.875 -4.500001
v 5.0 9.875 -4.500001
v 5.0 10.875 -4.500001
v 4.0 10.875 -4.500001
v 4.0 9.875 -4.625001
v 5.0 9.875 -4.625001
v 5.0 10.875 -4.625001
v 4.0 10.875 -4.625001
v 4.0 9.875 -4.875001
v 5.0 9.875 -4.875001
v 5.0 10.875 -4.875001
v 4.0 10.875 -4.875001
v 5.0 6.875 -4.500001
v 6.0 6.875 -4.500001
v 6.0 7.875 -4.500001
v 5.0 7.875 -4.500001
v 5.0 6.875 -4.625001
v 6.0 6.875 -4.625001
v 6.0 7.875 -4.625001
v 5.0 7.875 -4.625001
v 5.0 6.875 -4.875001
v 6.0 6.875 -4.875001
v 6.0 7.875 -4.875001
v 5.0 7.875 -4.875001
v 5.0 13.875 -3.500001
v 7.0 13.875 -3.500001
v 7.0 14.875 -3.500001
v 5.0 14.875 -3.500001
v 5.0 13.875 -3.625001
v 7.0 13.875 -3.625001
v 7.0 14.875 -3.625001
v 5.0 14.875 -3.625001
v 5.0 13.875 -3.875001
v 7.0 13.875 -3.875001
v 7.0 14.875 -3.875001
v 5.0 14.875 -3.875001
v 6.0 -5.125 -1.500001
v 9.0 -5.125 -1.500001
v 9.0 -4.125 -1.500001
v 6.0 -4.125 -1.500001
v 6.0 -5.125 -1.625001
v 9.0 -5.125 -1.625001
v 9.0 -4.125 -1.625001
v 6.0 -4.125 -1.625001
v 6.0 -5.125 -1.875001
v 9.0 -5.125 -1.875001
v 9.0 -4.125 -1.875001
v 6.0 -4.125 -1.875001
v 6.0 11.875 -3.500001
v 7.0 11.875 -3.500001
v 7.0 13.875 -3.500001
v 6.0 13.875 -3.500001
v 6.0 11.875 -3.625001
v 7.0 11.875 -3.625001
v 7.0 13.875 -3.625001
v 6.0 13.875 -3.625001
v 6.0 11.875 -3.875001
v 7.0 11.875 -3.875001
v 7.0 13.875 -3.875001
v 6.0 13.875 -3.875001
v 6.0 14.875 -3.500001
v 7.0 14.875 -3.500001
v 7.0 15.875 -3.500001
v 6.0 15.875 -3.500001
v 6.0 14.875 -3.625001
v 7.0 14.875 -3.625001
v 7.0 15.875 -3.625001
v 6.0 15.875 -3.625001
v 6.0 14.875 -3.875001
v 7.0 14.875 -3.875001
v 7.0 15.875 -3.875001
v 6.0 15.875 -3.875001
v 7.0 -4.125 -1.500001
v 9.0 -4.125 -1.500001
v 9.0 -3.125 -1.500001
v 7.0 -3.125 -1.500001
v 7.0 -4.125 -1.625001
v 9.0 -4.125 -1.625001
v 9.0 -3.125 -1.625001
v 7.0 -3.125 -1.625001
v 7.0 -4.125 -1.875001
v 9.0 -4.125 -1.875001
v 9.0 -3.125 -1.875001
v 7.0 -3.125 -1.875001
v 7.0 -1.125 -2.500001
v 10.0 -1.125 -2.500001
v 10.0 -0.125 -2.500001
v 7.0 -0.125 -2.500001
v 7.0 -1.125 -2.625001
v 10.0 -1.125 -2.625001
v 10.0 -0.125 -2.625001
v 7.0 -0.125 -2.625001
v 7.0 -1.125 -2.875001
v 10.0 -1.125 -2.875001
v 10.0 -0.125 -2.875001
v 7.0 -0.125 -2.875001
v 7.0 12.875 -3.500001
v 8.0 12.875 -3.500001
v 8.0 13.875 -3.500001
v 7.0 13.875 -3.500001
v 7.0 12.875 -3.625001
v 8.0 12.875 -3.625001
v 8.0 13.875 -3.625001
v 7.0 13.875 -3.625001
v 7.0 12.875 -3.875001
v 8.0 12.875 -3.875001
v 8.0 13.875 -3.875001
v 7.0 13.875 -3.875001
v 8.0 -15.125 -1.500001
v 9.0 -15.125 -1.500001
v 9.0 -11.125 -1.500001
v 8.0 -11.125 -1.500001
v 8.0 -15.125 -1.625001
v 9.0 -15.125 -1.625001
v 9.0 -11.125 -1.625001
v 8.0 -11.125 -1.625001
v 8.0 -15.125 -1.875001
v 9.0 -15.125 -1.875001
v 9.0 -11.125 -1.875001
v 8.0 -11.125 -1.875001
v 8.0 -6.125 -1.500001
v 9.0 -6.125 -1.500001
v 9.0 -5.125 -1.500001
v 8.0 -5.125 -1.500001
v 8.0 -6.125 -1.625001
v 9.0 -6.125 -1.625001
v 9.0 -5.125 -1.625001
v 8.0 -5.125 -1.625001
v 8.0 -6.125 -1.875001
v 9.0 -6.125 -1.875001
v 9.0 -5.125 -1.875001
v 8.0 -5.125 -1.875001
v 8.0 -2.125 -2.500001
v 11.0 -2.125 -2.500001
v 11.0 -1.125 -2.500001
v 8.0 -1.125 -2.500001
v 8.0 -2.125 -2.625001
v 11.0 -2.125 -2.625001
v 11.0 -1.125 -2.625001
v 8.0 -1.125 -2.625001
v 8.0 -2.125 -2.875001
v 11.0 -2.125 -2.875001
v 11.0 -1.125 -2.875001
v 8.0 -1.125 -2.875001
v 8.0 -0.125 -2.500001
v 9.0 -0.125 -2.500001
v 9.0 0.875 -2.500001
v 8.0 0.875 -2.500001
v 8.0 -0.125 -2.625001
v 9.0 -0.125 -2.625001
v 9.0 0.875 -2.625001
v 8.0 0.875 -2.625001
v 8.0 -0.125 -2.875001
v 9.0 -0.125 -2.875001
v 9.0 0.875 -2.875001
v 8.0 0.875 -2.875001
v 9.0 -13.125 -1.500001
v 10.0 -13.125 -1.500001
v 10.0 -9.125 -1.500001
v 9.0 -9.125 -1.500001
v 9.0 -13.125 -1.625001
v 10.0 -13.125 -1.625001
v 10.0 -9.125 -1.625001
v 9.0 -9.125 -1.625001
v 9.0 -13.125 -1.875001
v 10.0 -13.125 -1.875001
v 10.0 -9.125 -1.875001
v 9.0 -9.125 -1.875001
v 9.0 3.875 -3.500001
v 13.0 3.875 -3.500001
v 13.0 4.875 -3.500001
v 9.0 4.875 -3.500001
v 9.0 3.875 -3.625001
v 13.0 3.875 -3.625001
v 13.0 4.875 -3.625001
v 9.0 4.875 -3.625001
v 9.0 3.875 -3.875001
v 13.0 3.875 -3.875001
v 13.0 4.875 -3.875001
v 9.0 4.875 -3.875001
v 9.391602 13.5 -3.144531
v 9.681641 12.660156 -3.144531
v 9.986328 13.027344 -1.9863279
v 9.823242 13.5 -1.9863269
v 10.378906 12.311523 -3.144531
v 9.59375 12.5546875 -3.936523
v 10.378906 12.162109 -3.936523
v 11.095703 14.339844 -3.144531
v 11.095703 14.4453125 -3.936523
v 10.378906 14.837891 -3.936523
v 10.378906 14.688477 -3.144531
v 9.59375 14.4453125 -3.936523
v 9.267578 13.5 -3.936523
v 9.681641 14.339844 -3.144531
v 10.378906 12.831055 -1.9863279
v 9.986328 13.972656 -1.9863279
v 10.772461 13.027344 -1.9863279
v 11.165039 12.5546875 -3.936523
v 11.454102 13.5 -3.936523
v 10.737305 13.928711 -2.7001948
v 10.378906 13.5 -1.460937
v 11.114864 12.106205 -3.8125
v 10.3102665 13.5 -3.812499
v 10.3102665 11.890807 -3.812499
v 9.505671 12.106205 -3.812498
v 8.91731 12.695404 -3.812498
v 8.701075 13.5 -3.812498
v 8.91731 14.304596 -3.812498
v 9.505671 14.893795 -3.812498
v 10.3102665 15.109193 -3.812499
v 11.114864 14.893795 -3.8125
v 11.704063 14.304596 -3.8125
v 11.919461 13.5 -3.8125
v 11.704063 12.695404 -3.8125
v 10.0 -3.125 -2.500001
v 11.0 -3.125 -2.500001
v 11.0 -2.125 -2.500001
v 10.0 -2.125 -2.500001
v 10.0 -3.125 -2.625001
v 11.0 -3.125 -2.625001
v 11.0 -2.125 -2.625001
v 10.0 -2.125 -2.625001
v 10.0 -3.125 -2.875001
v 11.0 -3.125 -2.875001
v 11.0 -2.125 -2.875001
v 10.0 -2.125 -2.875001
v 10.0 4.875 -3.500001
v 11.0 4.875 -3.500001
v 11.0 8.875 -3.500001
v 10.0 8.875 -3.500001
v 10.0 4.875 -3.625001
v 11.0 4.875 -3.625001
v 11.0 8.875 -3.625001
v 10.0 8.875 -3.625001
v 10.0 4.875 -3.875001
v 11.0 4.875 -3.875001
v 11.0 8.875 -3.875001
v 10.0 8.875 -3.875001
v 11.0 2.875 -3.500001
v 12.0 2.875 -3.500001
v 12.0 3.875 -3.500001
v 11.0 3.875 -3.500001
v 11.0 2.875 -3.625001
v 12.0 2.875 -3.625001
v 12.0 3.875 -3.625001
v 11.0 3.875 -3.625001
v 11.0 2.875 -3.875001
v 12.0 2.875 -3.875001
v 12.0 3.875 -3.875001
v 11.0 3.875 -3.875001
v 11.0 4.875 -3.500001
v 13.0 4.875 -3.500001
v 13.0 6.875 -3.500001
v 11.0 6.875 -3.500001
v 11.0 4.875 -3.625001
v 13.0 4.875 -3.625001
v 13.0 6.875 -3.625001
v 11.0 6.875 -3.625001
v 11.0 4.875 -3.875001
v 13.0 4.875 -3.875001
v 13.0 6.875 -3.875001
v 11.0 6.875 -3.875001
v 12.0 -14.125 -2.500001
v 15.0 -14.125 -2.500001
v 15.0 -13.125 -2.500001
v 12.0 -13.125 -2.500001
v 12.0 -14.125 -2.625001
v 15.0 -14.125 -2.625001
v 15.0 -13.125 -2.625001
v 12.0 -13.125 -2.625001
v 12.0 -14.125 -2.875001
v 15.0 -14.125 -2.875001
v 15.0 -13.125 -2.875001
v 12.0 -13.125 -2.875001
v 12.0 -13.125 -2.500001
v 13.0 -13.125 -2.500001
v 13.0 -12.125 -2.500001
v 12.0 -12.125 -2.500001
v 12.0 -13.125 -2.625001
v 13.0 -13.125 -2.625001
v 13.0 -12.125 -2.625001
v 12.0 -12.125 -2.625001
v 12.0 -13.125 -2.875001
v 13.0 -13.125 -2.875001
v 13.0 -12.125 -2.875001
v 12.0 -12.125 -2.875001
v 12.0 -9.125 -2.500001
v 14.0 -9.125 -2.500001
v 14.0 -8.125 -2.500001
v 12.0 -8.125 -2.500001
v 12.0 -9.125 -2.625001
v 14.0 -9.125 -2.625001
v 14.0 -8.125 -2.625001
v 12.0 -8.125 -2.625001
v 12.0 -9.125 -2.875001
v 14.0 -9.125 -2.875001
v 14.0 -8.125 -2.875001
v 12.0 -8.125 -2.875001
v 12.0 6.875 -3.500001
v 13.0 6.875 -3.500001
v 13.0 9.875 -3.500001
v 12.0 9.875 -3.500001
v 12.0 6.875 -3.625001
v 13.0 6.875 -3.625001
v 13.0 9.875 -3.625001
v 12.0 9.875 -3.625001
v 12.0 6.875 -3.875001
v 13.0 6.875 -3.875001
v 13.0 9.875 -3.875001
v 12.0 9.875 -3.875001
v 13.0 -10.125 -2.500001
v 15.0 -10.125 -2.500001
v 15.0 -9.125 -2.500001
v 13.0 -9.125 -2.500001
v 13.0 -10.125 -2.625001
v 15.0 -10.125 -2.625001
v 15.0 -9.125 -2.625001
v 13.0 -9.125 -2.625001
v 13.0 -10.125 -2.875001
v 15.0 -10.125 -2.875001
v 15.0 -9.125 -2.875001
v 13.0 -9.125 -2.875001
v 13.0 -8.125 -2.500001
v 14.0 -8.125 -2.500001
v 14.0 -7.125 -2.500001
v 13.0 -7.125 -2.500001
v 13.0 -8.125 -2.625001
v 14.0 -8.125 -2.625001
v 14.0 -7.125 -2.625001
v 13.0 -7.125 -2.625001
v 13.0 -8.125 -2.875001
v 14.0 -8.125 -2.875001
v 14.0 -7.125 -2.875001
v 13.0 -7.125 -2.875001
v 13.0 6.875 -3.500001
v 14.0 6.875 -3.500001
v 14.0 8.875 -3.500001
v 13.0 8.875 -3.500001
v 13.0 6.875 -3.625001
v 14.0 6.875 -3.625001
v 14.0 8.875 -3.625001
v 13.0 8.875 -3.625001
v 13.0 6.875 -3.875001
v 14.0 6.875 -3.875001
v 14.0 8.875 -3.875001
v 13.0 8.875 -3.875001
v 14.0 -15.125 -2.500001
v 16.0 -15.125 -2.500001
v 16.0 -14.125 -2.500001
v 14.0 -14.125 -2.500001
v 14.0 -15.125 -2.625001
v 16.0 -15.125 -2.625001
v 16.0 -14.125 -2.625001
v 14.0 -14.125 -2.625001
v 14.0 -15.125 -2.875001
v 16.0 -15.125 -2.875001
v 16.0 -14.125 -2.875001
v 14.0 -14.125 -2.875001
v 14.0 -4.125 -3.500001
v 16.0 -4.125 -3.500001
v 16.0 -2.125 -3.500001
v 14.0 -2.125 -3.500001
v 14.0 -4.125 -3.625001
v 16.0 -4.125 -3.625001
v 16.0 -2.125 -3.625001
v 14.0 -2.125 -3.625001
v 14.0 -4.125 -3.875001
v 16.0 -4.125 -3.875001
v 16.0 -2.125 -3.875001
v 14.0 -2.125 -3.875001
v 14.0 12.875 -2.500001
v 16.0 12.875 -2.500001
v 16.0 14.875 -2.500001
v 14.0 14.875 -2.500001
v 14.0 12.875 -2.625001
v 16.0 12.875 -2.625001
v 16.0 14.875 -2.625001
v 14.0 14.875 -2.625001
v 14.0 12.875 -2.875001
v 16.0 12.875 -2.875001
v 16.0 14.875 -2.875001
v 14.0 14.875 -2.875001
v 15.0 -6.125 -3.500001
v 16.0 -6.125 -3.500001
v 16.0 -4.125 -3.500001
v 15.0 -4.125 -3.500001
v 15.0 -6.125 -3.625001
v 16.0 -6.125 -3.625001
v 16.0 -4.125 -3.625001
v 15.0 -4.125 -3.625001
v 15.0 -6.125 -3.875001
v 16.0 -6.125 -3.875001
v 16.0 -4.125 -3.875001
v 15.0 -4.125 -3.875001
v 15.0 -2.125 -3.500001
v 16.0 -2.125 -3.500001
v 16.0 -1.125 -3.500001
v 15.0 -1.125 -3.500001
v 15.0 -2.125 -3.625001
v 16.0 -2.125 -3.625001
v 16.0 -1.125 -3.625001
v 15.0 -1.125 -3.625001
v 15.0 -2.125 -3.875001
v 16.0 -2.125 -3.875001
v 16.0 -1.125 -3.875001
v 15.0 -1.125 -3.875001
v 15.0 11.875 -2.500001
v 16.0 11.875 -2.500001
v 16.0 12.875 -2.500001
v 15.0 12.875 -2.500001
v 15.0 11.875 -2.625001
v 16.0 11.875 -2.625001
v 16.0 12.875 -2.625001
v 15.0 12.875 -2.625001
v 15.0 11.875 -2.875001
v 16.0 11.875 -2.875001
v 16.0 12.875 -2.875001
v 15.0 12.875 -2.875001
v 15.0 14.875 -2.500001
v 16.0 14.875 -2.500001
v 16.0 15.875 -2.500001
v 15.0 15.875 -2.500001
v 15.0 14.875 -2.625001
v 16.0 14.875 -2.625001
v 16.0 15.875 -2.625001
v 15.0 15.875 -2.625001
v 15.0 14.875 -2.875001
v 16.0 14.875 -2.875001
v 16.0 15.875 -2.875001
v 15.0 15.875 -2.875001
v -13.0 -1.0 -0.999999
v -16.0 -1.0 -0.999999
v -13.0 -2.0 -0.999999
v -16.0 -2.0 -0.999999
v -16.0 -0.21093702 -1.901367
v -16.0 -0.669921 -1.002929
v -13.0 -0.669921 -1.002929
v -13.0 -0.21093702 -1.901367
v -16.0 -0.999999 -1.0
v -13.0 -0.999999 -1.0
v -16.0 -0.21093702 -1.901367
v -13.0 -0.21093702 -1.901367
v -13.0 9.536743E-7 -2.0
v -16.0 9.536743E-7 -2.0
v -10.0 2.0 -1.999999
v -16.0 2.0 -1.999999
v -10.0 0.0 -1.999999
v -16.0 0.0 -1.999999
v -16.0 2.789063 -2.901367
v -16.0 2.330079 -2.002929
v -10.0 2.330079 -2.002929
v -10.0 2.789063 -2.901367
v -16.0 2.000001 -2.0
v -10.0 2.000001 -2.0
v -16.0 2.789063 -2.901367
v -10.0 2.789063 -2.901367
v -10.0 3.000001 -3.0
v -16.0 3.000001 -3.0
v -8.0 4.0 -2.999999
v -16.0 4.0 -2.999999
v -8.0 3.0 -2.999999
v -16.0 3.0 -2.999999
v -14.0 5.0 -2.999999
v -16.0 5.0 -2.999999
v -14.0 4.0 -2.999999
v -16.0 4.0 -2.999999
v -16.0 5.789063 -3.901367
v -16.0 5.330079 -3.002929
v -14.0 5.330079 -3.002929
v -14.0 5.789063 -3.901367
v -16.0 5.000001 -3.0
v -14.0 5.000001 -3.0
v -16.0 5.789063 -3.901367
v -14.0 5.789063 -3.901367
v -14.0 6.000001 -4.0
v -16.0 6.000001 -4.0
v -8.0 8.0 -3.999999
v -16.0 8.0 -3.999999
v -8.0 6.0 -3.999999
v -16.0 6.0 -3.999999
v -11.0 10.0 -3.999999
v -16.0 10.0 -3.999999
v -11.0 8.0 -3.999999
v -16.0 8.0 -3.999999
v -16.0 10.7890625 -4.901367
v -16.0 10.330079 -4.0029287
v -11.0 10.330079 -4.0029287
v -11.0 10.7890625 -4.901367
v -16.0 10.000001 -4.0
v -11.0 10.000001 -4.0
v -16.0 10.7890625 -4.901367
v -11.0 10.7890625 -4.901367
v -11.0 11.000001 -5.0
v -16.0 11.000001 -5.0
v -8.0 13.0 -4.999999
v -16.0 13.0 -4.999999
v -8.0 11.0 -4.999999
v -16.0 11.0 -4.999999
v -16.0 13.7890625 -5.901367
v -16.0 13.330079 -5.0029287
v -13.0 13.330079 -5.0029287
v -13.0 13.7890625 -5.901367
v -16.0 13.000001 -5.0
v -13.0 13.000001 -5.0
v -16.0 13.7890625 -5.901367
v -13.0 13.7890625 -5.901367
v -13.0 14.000001 -6.0
v -16.0 14.000001 -6.0
v -13.0 16.0 -5.999999
v -16.0 16.0 -5.999999
v -13.0 14.0 -5.999999
v -16.0 14.0 -5.999999
v -6.0 -6.0 -0.999999
v -14.0 -6.0 -0.999999
v -6.0 -7.0 -0.999999
v -14.0 -7.0 -0.999999
v -13.0 -2.0 -0.999999
v -14.0 -2.0 -0.999999
v -13.0 -6.0 -0.999999
v -14.0 -6.0 -0.999999
v -13.669922 4.330079 -3.002929
v -13.669922 5.000001 -3.002929
v -14.0 5.000001 -3.0
v -14.0 4.000001 -3.0
v -13.0 4.330079 -3.002929
v -13.669922 4.330079 -3.002929
v -14.0 4.000001 -3.0
v -13.0 4.000001 -3.0
v -13.0 4.330079 -3.002929
v -13.0 4.789063 -3.901367
v -13.669922 4.330079 -3.002929
v -13.105469 4.894532 -3.901367
v -13.2109375 5.000001 -3.901367
v -13.2109375 5.000001 -3.901367
v -13.105469 4.894532 -3.901367
v -13.0 5.000001 -4.0
v -13.0 4.789063 -3.901367
v -13.669922 5.000001 -3.002929
v -13.669922 4.330079 -3.002929
v -13.2109375 5.000001 -3.901367
v -13.0 5.000001 -4.0
v -13.0 6.000001 -4.0
v -13.0625 5.625001 -4.0
v -13.3125 5.937501 -4.0
v -14.0 6.000001 -4.0
v -13.3125 5.937501 -4.0
v -14.0 6.000001 -4.0
v -14.0 5.789063 -3.901367
v -13.5 5.750001 -3.901367
v -13.0 5.000001 -4.0
v -13.0625 5.625001 -4.0
v -13.25 5.437501 -3.901367
v -13.2109375 5.000001 -3.901367
v -13.2109375 5.000001 -3.901367
v -13.25 5.437501 -3.901367
v -13.669922 5.000001 -3.002929
v -13.5 5.750001 -3.901367
v -14.0 5.330079 -3.002929
v -14.0 5.789063 -3.901367
v -14.0 5.330079 -3.002929
v -14.0 5.000001 -3.0
v -13.669922 5.000001 -3.002929
v -12.669922 -5.669921 -1.002929
v -12.669922 -4.999999 -1.002929
v -13.0 -4.999999 -1.0
v -13.0 -5.999999 -1.0
v -12.0 -5.669921 -1.002929
v -12.669922 -5.669921 -1.002929
v -13.0 -5.999999 -1.0
v -12.0 -5.999999 -1.0
v -12.0 -5.669921 -1.002929
v -12.0 -5.210937 -1.901367
v -12.669922 -5.669921 -1.002929
v -12.105469 -5.105468 -1.901367
v -12.2109375 -4.999999 -1.901367
v -12.2109375 -4.999999 -1.901367
v -12.105469 -5.105468 -1.901367
v -12.0 -4.999999 -2.0
v -12.0 -5.210937 -1.901367
v -12.669922 -4.999999 -1.002929
v -12.669922 -5.669921 -1.002929
v -12.2109375 -4.999999 -1.901367
v -12.2109375 -1.0 -1.901367
v -12.669921 -1.0 -1.002929
v -12.669921 -5.0 -1.002929
v -12.2109375 -5.0 -1.901367
v -12.999999 -1.0 -1.0
v -12.999999 -5.0 -1.0
v -12.2109375 -1.0 -1.901367
v -12.2109375 -5.0 -1.901367
v -11.999999 -5.0 -2.0
v -11.999999 -1.0 -2.0
v -12.0 -0.999999 -2.0
v -12.0 9.536743E-7 -2.0
v -12.0625 -0.374999 -2.0
v -12.3125 -0.062498987 -2.0
v -13.0 9.536743E-7 -2.0
v -12.3125 -0.062498987 -2.0
v -13.0 9.536743E-7 -2.0
v -13.0 -0.21093702 -1.901367
v -12.5 -0.24999899 -1.901367
v -12.0 -0.999999 -2.0
v -12.0625 -0.374999 -2.0
v -12.25 -0.562499 -1.901367
v -12.2109375 -0.999999 -1.901367
v -12.2109375 -0.999999 -1.901367
v -12.25 -0.562499 -1.901367
v -12.669922 -0.999999 -1.002929
v -12.5 -0.24999899 -1.901367
v -13.0 -0.669921 -1.002929
v -13.0 -0.21093702 -1.901367
v -13.0 -0.669921 -1.002929
v -13.0 -0.999999 -1.0
v -12.669922 -0.999999 -1.002929
v -13.0 4.789063 -3.901367
v -13.0 4.330079 -3.002929
v -8.0 4.330079 -3.002929
v -8.0 4.789063 -3.901367
v -13.0 4.000001 -3.0
v -8.0 4.000001 -3.0
v -13.0 4.789063 -3.901367
v -8.0 4.789063 -3.901367
v -8.0 5.000001 -4.0
v -13.0 5.000001 -4.0
v -5.0 6.0 -3.999999
v -13.0 6.0 -3.999999
v -5.0 5.0 -3.999999
v -13.0 5.0 -3.999999
v -12.330079 13.330078 -5.0029287
v -13.000001 13.330078 -5.0029287
v -13.000001 13.0 -5.0
v -12.000001 13.0 -5.0
v -12.330079 14.0 -5.0029287
v -12.330079 13.330078 -5.0029287
v -12.000001 13.0 -5.0
v -12.000001 14.0 -5.0
v -12.330079 14.0 -5.0029287
v -12.7890625 14.0 -5.901367
v -12.330079 13.330078 -5.0029287
v -12.894532 13.894531 -5.901367
v -13.000001 13.7890625 -5.901367
v -13.000001 13.7890625 -5.901367
v -12.894532 13.894531 -5.901367
v -13.000001 14.0 -6.0
v -12.7890625 14.0 -5.901367
v -13.000001 13.330078 -5.0029287
v -12.330079 13.330078 -5.0029287
v -13.000001 13.7890625 -5.901367
v -12.000001 15.0 -6.0
v -13.000001 15.0 -6.0
v -12.625001 14.9375 -6.0
v -12.937501 14.6875 -6.0
v -13.000001 14.0 -6.0
v -12.937501 14.6875 -6.0
v -13.000001 14.0 -6.0
v -12.789063 14.0 -5.901367
v -12.750001 14.5 -5.901367
v -12.000001 15.0 -6.0
v -12.625001 14.9375 -6.0
v -12.437501 14.75 -5.901367
v -12.000001 14.7890625 -5.901367
v -12.000001 14.7890625 -5.901367
v -12.437501 14.75 -5.901367
v -12.000001 14.330078 -5.0029287
v -12.750001 14.5 -5.901367
v -12.330079 14.0 -5.0029287
v -12.789063 14.0 -5.901367
v -12.330079 14.0 -5.0029287
v -12.000001 14.0 -5.0
v -12.000001 14.330078 -5.0029287
v -8.0 16.0 -5.999999
v -13.0 16.0 -5.999999
v -8.0 15.0 -5.999999
v -13.0 15.0 -5.999999
v -12.0 -5.210937 -1.901367
v -12.0 -5.669921 -1.002929
v -4.0 -5.669921 -1.002929
v -4.0 -5.210937 -1.901367
v -12.0 -5.999999 -1.0
v -4.0 -5.999999 -1.0
v -12.0 -5.210937 -1.901367
v -4.0 -5.210937 -1.901367
v -4.0 -4.999999 -2.0
v -12.0 -4.999999 -2.0
v -4.0 -3.0 -1.999999
v -12.0 -3.0 -1.999999
v -4.0 -5.0 -1.999999
v -12.0 -5.0 -1.999999
v -10.0 0.0 -1.999999
v -12.0 0.0 -1.999999
v -10.0 -3.0 -1.999999
v -12.0 -3.0 -1.999999
v -4.0 14.0 -4.999999
v -12.0 14.0 -4.999999
v -4.0 13.0 -4.999999
v -12.0 13.0 -4.999999
v -12.0 14.7890625 -5.901367
v -12.0 14.330079 -5.0029287
v -8.0 14.330079 -5.0029287
v -8.0 14.7890625 -5.901367
v -12.0 14.000001 -5.0
v -8.0 14.000001 -5.0
v -12.0 14.7890625 -5.901367
v -8.0 14.7890625 -5.901367
v -8.0 15.000001 -6.0
v -12.0 15.000001 -6.0
v -10.669922 8.330079 -4.0029287
v -10.669922 9.000001 -4.0029287
v -11.0 9.000001 -4.0
v -11.0 8.000001 -4.0
v -10.0 8.330079 -4.0029287
v -10.669922 8.330079 -4.0029287
v -11.0 8.000001 -4.0
v -10.0 8.000001 -4.0
v -10.0 8.330079 -4.0029287
v -10.0 8.7890625 -4.901367
v -10.669922 8.330079 -4.0029287
v -10.105469 8.894532 -4.901367
v -10.2109375 9.000001 -4.901367
v -10.2109375 9.000001 -4.901367
v -10.105469 8.894532 -4.901367
v -10.0 9.000001 -5.0
v -10.0 8.7890625 -4.901367
v -10.669922 9.000001 -4.0029287
v -10.669922 8.330079 -4.0029287
v -10.2109375 9.000001 -4.901367
v -10.2109375 10.0 -4.901367
v -10.669921 10.0 -4.0029287
v -10.669921 9.0 -4.0029287
v -10.2109375 9.0 -4.901367
v -10.999999 10.0 -4.0
v -10.999999 9.0 -4.0
v -10.2109375 10.0 -4.901367
v -10.2109375 9.0 -4.901367
v -9.999999 9.0 -5.0
v -9.999999 10.0 -5.0
v -10.0 10.000001 -5.0
v -10.0 11.000001 -5.0
v -10.0625 10.625001 -5.0
v -10.3125 10.937501 -5.0
v -11.0 11.000001 -5.0
v -10.3125 10.937501 -5.0
v -11.0 11.000001 -5.0
v -11.0 10.7890625 -4.901367
v -10.5 10.750001 -4.901367
v -10.0 10.000001 -5.0
v -10.0625 10.625001 -5.0
v -10.25 10.437501 -4.901367
v -10.2109375 10.000001 -4.901367
v -10.2109375 10.000001 -4.901367
v -10.25 10.437501 -4.901367
v -10.669922 10.000001 -4.0029287
v -10.5 10.750001 -4.901367
v -11.0 10.330079 -4.0029287
v -11.0 10.7890625 -4.901367
v -11.0 10.330079 -4.0029287
v -11.0 10.000001 -4.0
v -10.669922 10.000001 -4.0029287
v -9.669922 -2.669921 -2.002929
v -9.669922 -1.999999 -2.002929
v -10.0 -1.999999 -2.0
v -10.0 -2.999999 -2.0
v -9.0 -2.669921 -2.002929
v -9.669922 -2.669921 -2.002929
v -10.0 -2.999999 -2.0
v -9.0 -2.999999 -2.0
v -9.0 -2.669921 -2.002929
v -9.0 -2.210937 -2.901367
v -9.669922 -2.669921 -2.002929
v -9.105469 -2.105468 -2.901367
v -9.2109375 -1.999999 -2.901367
v -9.2109375 -1.999999 -2.901367
v -9.105469 -2.105468 -2.901367
v -9.0 -1.999999 -3.0
v -9.0 -2.210937 -2.901367
v -9.669922 -1.999999 -2.002929
v -9.669922 -2.669921 -2.002929
v -9.2109375 -1.999999 -2.901367
v -9.2109375 2.0 -2.901367
v -9.669921 2.0 -2.002929
v -9.669921 -2.0 -2.002929
v -9.2109375 -2.0 -2.901367
v -9.999999 2.0 -2.0
v -9.999999 -2.0 -2.0
v -9.2109375 2.0 -2.901367
v -9.2109375 -2.0 -2.901367
v -8.999999 -2.0 -3.0
v -8.999999 2.0 -3.0
v -9.0 2.000001 -3.0
v -9.0 3.000001 -3.0
v -9.0625 2.625001 -3.0
v -9.3125 2.937501 -3.0
v -10.0 3.000001 -3.0
v -9.3125 2.937501 -3.0
v -10.0 3.000001 -3.0
v -10.0 2.789063 -2.901367
v -9.5 2.750001 -2.901367
v -9.0 2.000001 -3.0
v -9.0625 2.625001 -3.0
v -9.25 2.437501 -2.901367
v -9.2109375 2.000001 -2.901367
v -9.2109375 2.000001 -2.901367
v -9.25 2.437501 -2.901367
v -9.669922 2.000001 -2.002929
v -9.5 2.750001 -2.901367
v -10.0 2.330079 -2.002929
v -10.0 2.789063 -2.901367
v -10.0 2.330079 -2.002929
v -10.0 2.000001 -2.0
v -9.669922 2.000001 -2.002929
v -10.0 8.7890625 -4.901367
v -10.0 8.330079 -4.0029287
v -4.0 8.330079 -4.0029287
v -4.0 8.7890625 -4.901367
v -10.0 8.000001 -4.0
v -4.0 8.000001 -4.0
v -10.0 8.7890625 -4.901367
v -4.0 8.7890625 -4.901367
v -4.0 9.000001 -5.0
v -10.0 9.000001 -5.0
v -2.0 11.0 -4.999999
v -10.0 11.0 -4.999999
v -2.0 9.0 -4.999999
v -10.0 9.0 -4.999999
v -9.0 -2.210937 -2.901367
v -9.0 -2.669921 -2.002929
v -7.0 -2.669921 -2.002929
v -7.0 -2.210937 -2.901367
v -9.0 -2.999999 -2.0
v -7.0 -2.999999 -2.0
v -9.0 -2.210937 -2.901367
v -7.0 -2.210937 -2.901367
v -7.0 -1.999999 -3.0
v -9.0 -1.999999 -3.0
v -8.0 3.0 -2.999999
v -9.0 3.0 -2.999999
v -8.0 -2.0 -2.999999
v -9.0 -2.0 -2.999999
v -7.0 1.0 -2.999999
v -8.0 1.0 -2.999999
v -7.0 -2.0 -2.999999
v -8.0 -2.0 -2.999999
v -7.669922 1.330079 -3.002929
v -7.669922 2.000001 -3.002929
v -8.0 2.000001 -3.0
v -8.0 1.000001 -3.0
v -7.0 1.330079 -3.002929
v -7.669922 1.330079 -3.002929
v -8.0 1.000001 -3.0
v -7.0 1.000001 -3.0
v -7.0 1.330079 -3.002929
v -7.0 1.789063 -3.901367
v -7.669922 1.330079 -3.002929
v -7.1054688 1.894532 -3.901367
v -7.210938 2.000001 -3.901367
v -7.210938 2.000001 -3.901367
v -7.1054688 1.894532 -3.901367
v -7.0 2.000001 -4.0
v -7.0 1.789063 -3.901367
v -7.669922 2.000001 -3.002929
v -7.669922 1.330079 -3.002929
v -7.210938 2.000001 -3.901367
v -7.210937 4.0 -3.901367
v -7.669921 4.0 -3.002929
v -7.669921 2.0 -3.002929
v -7.210937 2.0 -3.901367
v -7.999999 4.0 -3.0
v -7.999999 2.0 -3.0
v -7.210937 4.0 -3.901367
v -7.210937 2.0 -3.901367
v -6.999999 2.0 -4.0
v -6.999999 4.0 -4.0
v -7.0 4.000001 -4.0
v -7.0 5.000001 -4.0
v -7.0625 4.625001 -4.0
v -7.3125 4.937501 -4.0
v -8.0 5.000001 -4.0
v -7.3125 4.937501 -4.0
v -8.0 5.000001 -4.0
v -8.0 4.789063 -3.901367
v -7.5 4.750001 -3.901367
v -7.0 4.000001 -4.0
v -7.0625 4.625001 -4.0
v -7.25 4.437501 -3.901367
v -7.210938 4.000001 -3.901367
v -7.210938 4.000001 -3.901367
v -7.25 4.437501 -3.901367
v -7.669922 4.000001 -3.002929
v -7.5 4.750001 -3.901367
v -8.0 4.330079 -3.002929
v -8.0 4.789063 -3.901367
v -8.0 4.330079 -3.002929
v -8.0 4.000001 -3.0
v -7.669922 4.000001 -3.002929
v -4.0 8.0 -3.999999
v -8.0 8.0 -3.999999
v -4.0 6.0 -3.999999
v -8.0 6.0 -3.999999
v 0.0 13.0 -4.999999
v -8.0 13.0 -4.999999
v 0.0 11.0 -4.999999
v -8.0 11.0 -4.999999
v -7.330079 14.330078 -5.0029287
v -8.000001 14.330078 -5.0029287
v -8.000001 14.0 -5.0
v -7.000001 14.0 -5.0
v -7.330079 15.0 -5.0029287
v -7.330079 14.330078 -5.0029287
v -7.000001 14.0 -5.0
v -7.000001 15.0 -5.0
v -7.330079 15.0 -5.0029287
v -7.789063 15.0 -5.901367
v -7.330079 14.330078 -5.0029287
v -7.894532 14.894531 -5.901367
v -8.000001 14.7890625 -5.901367
v -8.000001 14.7890625 -5.901367
v -7.894532 14.894531 -5.901367
v -8.000001 15.0 -6.0
v -7.789063 15.0 -5.901367
v -8.000001 14.330078 -5.0029287
v -7.330079 14.330078 -5.0029287
v -8.000001 14.7890625 -5.901367
v -7.789063 15.0 -5.901367
v -7.330079 15.0 -5.0029287
v -7.330079 16.0 -5.0029287
v -7.789063 16.0 -5.901367
v -7.000001 15.0 -5.0
v -7.000001 16.0 -5.0
v -7.789063 15.0 -5.901367
v -7.789063 16.0 -5.901367
v -8.000001 16.0 -6.0
v -8.000001 15.0 -6.0
v -6.330079 -2.6699219 -2.002929
v -7.000001 -2.6699219 -2.002929
v -7.000001 -3.0 -2.0
v -6.000001 -3.0 -2.0
v -6.330079 -2.0 -2.002929
v -6.330079 -2.6699219 -2.002929
v -6.000001 -3.0 -2.0
v -6.000001 -2.0 -2.0
v -6.330079 -2.0 -2.002929
v -6.789063 -2.0 -2.901367
v -6.330079 -2.6699219 -2.002929
v -6.894532 -2.105469 -2.901367
v -7.000001 -2.210938 -2.901367
v -7.000001 -2.210938 -2.901367
v -6.894532 -2.105469 -2.901367
v -7.000001 -2.0 -3.0
v -6.789063 -2.0 -2.901367
v -7.000001 -2.6699219 -2.002929
v -6.330079 -2.6699219 -2.002929
v -7.000001 -2.210938 -2.901367
v -6.000001 -1.0 -3.0
v -7.000001 -1.0 -3.0
v -6.625001 -1.0625 -3.0
v -6.937501 -1.3125 -3.0
v -7.000001 -2.0 -3.0
v -6.937501 -1.3125 -3.0
v -7.000001 -2.0 -3.0
v -6.789063 -2.0 -2.901367
v -6.750001 -1.5 -2.901367
v -6.000001 -1.0 -3.0
v -6.625001 -1.0625 -3.0
v -6.437501 -1.25 -2.901367
v -6.000001 -1.210938 -2.901367
v -6.000001 -1.210938 -2.901367
v -6.437501 -1.25 -2.901367
v -6.000001 -1.669922 -2.002929
v -6.750001 -1.5 -2.901367
v -6.330079 -2.0 -2.002929
v -6.789063 -2.0 -2.901367
v -6.330079 -2.0 -2.002929
v -6.000001 -2.0 -2.0
v -6.000001 -1.669922 -2.002929
v 1.0 1.0 -2.999999
v -7.0 1.0 -2.999999
v 1.0 -1.0 -2.999999
v -7.0 -1.0 -2.999999
v -7.0 1.789063 -3.901367
v -7.0 1.3300791 -3.002929
v -3.0 1.3300791 -3.002929
v -3.0 1.789063 -3.901367
v -7.0 1.000001 -3.0
v -3.0 1.000001 -3.0
v -7.0 1.789063 -3.901367
v -3.0 1.789063 -3.901367
v -3.0 2.000001 -4.0
v -7.0 2.000001 -4.0
v -3.0 5.0 -3.999999
v -7.0 5.0 -3.999999
v -3.0 2.0 -3.999999
v -7.0 2.0 -3.999999
v 1.0 16.0 -4.999999
v -7.0 16.0 -4.999999
v 1.0 14.0 -4.999999
v -7.0 14.0 -4.999999
v 2.0 -6.0 -0.999999
v -6.0 -6.0 -0.999999
v 2.0 -7.0 -0.999999
v -6.0 -7.0 -0.999999
v 2.0 -2.0 -1.999999
v -6.0 -2.0 -1.999999
v 2.0 -3.0 -1.999999
v -6.0 -3.0 -1.999999
v -6.0 -1.210937 -2.901367
v -6.0 -1.6699209 -2.002929
v 2.0 -1.6699209 -2.002929
v 2.0 -1.210937 -2.901367
v -6.0 -1.999999 -2.0
v 2.0 -1.999999 -2.0
v -6.0 -1.210937 -2.901367
v 2.0 -1.210937 -2.901367
v 2.0 -0.99999905 -3.0
v -6.0 -0.99999905 -3.0
v 1.0 6.0 -3.999999
v -5.0 6.0 -3.999999
v 1.0 5.0 -3.999999
v -5.0 5.0 -3.999999
v -4.0 -5.210937 -1.901367
v -4.0 -5.669921 -1.002929
v 4.0 -5.669921 -1.002929
v 4.0 -5.210937 -1.901367
v -4.0 -5.999999 -1.0
v 4.0 -5.999999 -1.0
v -4.0 -5.210937 -1.901367
v 4.0 -5.210937 -1.901367
v 4.0 -4.999999 -2.0
v -4.0 -4.999999 -2.0
v 4.0 -3.0 -1.999999
v -4.0 -3.0 -1.999999
v 4.0 -5.0 -1.999999
v -4.0 -5.0 -1.999999
v -3.6699219 6.330079 -4.0029287
v -3.6699219 7.000001 -4.0029287
v -4.0 7.000001 -4.0
v -4.0 6.000001 -4.0
v -3.0 6.330079 -4.0029287
v -3.6699219 6.330079 -4.0029287
v -4.0 6.000001 -4.0
v -3.0 6.000001 -4.0
v -3.0 6.330079 -4.0029287
v -3.0 6.789063 -4.901367
v -3.6699219 6.330079 -4.0029287
v -3.105469 6.894532 -4.901367
v -3.210938 7.000001 -4.901367
v -3.210938 7.000001 -4.901367
v -3.105469 6.894532 -4.901367
v -3.0 7.000001 -5.0
v -3.0 6.789063 -4.901367
v -3.6699219 7.000001 -4.0029287
v -3.6699219 6.330079 -4.0029287
v -3.210938 7.000001 -4.901367
v -3.210937 8.0 -4.901367
v -3.669921 8.0 -4.0029287
v -3.669921 7.0 -4.0029287
v -3.210937 7.0 -4.901367
v -3.999999 8.0 -4.0
v -3.999999 7.0 -4.0
v -3.210937 8.0 -4.901367
v -3.210937 7.0 -4.901367
v -2.999999 7.0 -5.0
v -2.999999 8.0 -5.0
v -3.0 8.000001 -5.0
v -3.0 9.000001 -5.0
v -3.0625 8.625001 -5.0
v -3.3125 8.937501 -5.0
v -4.0 9.000001 -5.0
v -3.3125 8.937501 -5.0
v -4.0 9.000001 -5.0
v -4.0 8.7890625 -4.901367
v -3.5 8.750001 -4.901367
v -3.0 8.000001 -5.0
v -3.0625 8.625001 -5.0
v -3.25 8.437501 -4.901367
v -3.210938 8.000001 -4.901367
v -3.210938 8.000001 -4.901367
v -3.25 8.437501 -4.901367
v -3.6699219 8.000001 -4.0029287
v -3.5 8.750001 -4.901367
v -4.0 8.330079 -4.0029287
v -4.0 8.7890625 -4.901367
v -4.0 8.330079 -4.0029287
v -4.0 8.000001 -4.0
v -3.6699219 8.000001 -4.0029287
v 4.0 14.0 -4.999999
v -4.0 14.0 -4.999999
v 4.0 13.0 -4.999999
v -4.0 13.0 -4.999999
v -2.330079 1.330078 -3.002929
v -3.000001 1.330078 -3.002929
v -3.000001 1.0 -3.0
v -2.000001 1.0 -3.0
v -2.330079 2.0 -3.002929
v -2.330079 1.330078 -3.002929
v -2.000001 1.0 -3.0
v -2.000001 2.0 -3.0
v -2.330079 2.0 -3.002929
v -2.789063 2.0 -3.901367
v -2.330079 1.330078 -3.002929
v -2.894532 1.894531 -3.901367
v -3.000001 1.789062 -3.901367
v -3.000001 1.789062 -3.901367
v -2.894532 1.894531 -3.901367
v -3.000001 2.0 -4.0
v -2.789063 2.0 -3.901367
v -3.000001 1.330078 -3.002929
v -2.330079 1.330078 -3.002929
v -3.000001 1.789062 -3.901367
v -2.000001 3.0 -4.0
v -3.000001 3.0 -4.0
v -2.625001 2.9375 -4.0
v -2.937501 2.6875 -4.0
v -3.000001 2.0 -4.0
v -2.937501 2.6875 -4.0
v -3.000001 2.0 -4.0
v -2.789063 2.0 -3.901367
v -2.750001 2.5 -3.901367
v -2.000001 3.0 -4.0
v -2.625001 2.9375 -4.0
v -2.437501 2.75 -3.901367
v -2.000001 2.789062 -3.901367
v -2.000001 2.789062 -3.901367
v -2.437501 2.75 -3.901367
v -2.000001 2.3300781 -3.002929
v -2.750001 2.5 -3.901367
v -2.330079 2.0 -3.002929
v -2.789063 2.0 -3.901367
v -2.330079 2.0 -3.002929
v -2.000001 2.0 -3.0
v -2.000001 2.3300781 -3.002929
v 5.0 5.0 -3.999999
v -3.0 5.0 -3.999999
v 5.0 3.0 -3.999999
v -3.0 3.0 -3.999999
v -3.0 6.789063 -4.901367
v -3.0 6.330079 -4.0029287
v 1.0 6.330079 -4.0029287
v 1.0 6.789063 -4.901367
v -3.0 6.000001 -4.0
v 1.0 6.000001 -4.0
v -3.0 6.789063 -4.901367
v 1.0 6.789063 -4.901367
v 1.0 7.000001 -5.0
v -3.0 7.000001 -5.0
v 5.0 9.0 -4.999999
v -3.0 9.0 -4.999999
v 5.0 7.0 -4.999999
v -3.0 7.0 -4.999999
v 5.0 2.0 -2.999999
v -2.0 2.0 -2.999999
v 5.0 1.0 -2.999999
v -2.0 1.0 -2.999999
v -2.0 2.789063 -3.901367
v -2.0 2.330079 -3.002929
v 5.0 2.330079 -3.002929
v 5.0 2.789063 -3.901367
v -2.0 2.000001 -3.0
v 5.0 2.000001 -3.0
v -2.0 2.789063 -3.901367
v 5.0 2.789063 -3.901367
v 5.0 3.000001 -4.0
v -2.0 3.000001 -4.0
v 5.0 11.0 -4.999999
v -2.0 11.0 -4.999999
v 5.0 9.0 -4.999999
v -2.0 9.0 -4.999999
v 5.0 13.0 -4.999999
v 0.0 13.0 -4.999999
v 5.0 11.0 -4.999999
v 0.0 11.0 -4.999999
v 9.0 1.0 -2.999999
v 1.0 1.0 -2.999999
v 9.0 -1.0 -2.999999
v 1.0 -1.0 -2.999999
v 1.330078 5.330079 -4.0029287
v 1.330078 6.000001 -4.0029287
v 1.0 6.000001 -4.0
v 1.0 5.000001 -4.0
v 2.0 5.330079 -4.0029287
v 1.330078 5.330079 -4.0029287
v 1.0 5.000001 -4.0
v 2.0 5.000001 -4.0
v 2.0 5.330079 -4.0029287
v 2.0 5.789063 -4.901367
v 1.330078 5.330079 -4.0029287
v 1.894531 5.894532 -4.901367
v 1.789062 6.000001 -4.901367
v 1.789062 6.000001 -4.901367
v 1.894531 5.894532 -4.901367
v 2.0 6.000001 -5.0
v 2.0 5.789063 -4.901367
v 1.330078 6.000001 -4.0029287
v 1.330078 5.330079 -4.0029287
v 1.789062 6.000001 -4.901367
v 2.0 6.000001 -5.0
v 2.0 7.000001 -5.0
v 1.9375 6.625001 -5.0
v 1.6875 6.937501 -5.0
v 1.0 7.000001 -5.0
v 1.6875 6.937501 -5.0
v 1.0 7.000001 -5.0
v 1.0 6.789063 -4.901367
v 1.5 6.750001 -4.901367
v 2.0 6.000001 -5.0
v 1.9375 6.625001 -5.0
v 1.75 6.437501 -4.901367
v 1.789062 6.000001 -4.901367
v 1.789062 6.000001 -4.901367
v 1.75 6.437501 -4.901367
v 1.330078 6.000001 -4.0029287
v 1.5 6.750001 -4.901367
v 1.0 6.330079 -4.0029287
v 1.0 6.789063 -4.901367
v 1.0 6.330079 -4.0029287
v 1.0 6.000001 -4.0
v 1.330078 6.000001 -4.0029287
v 4.0 16.0 -4.999999
v 1.0 16.0 -4.999999
v 4.0 14.0 -4.999999
v 1.0 14.0 -4.999999
v 7.0 -6.0 -0.999999
v 2.0 -6.0 -0.999999
v 7.0 -7.0 -0.999999
v 2.0 -7.0 -0.999999
v 2.3300781 -2.669921 -2.002929
v 2.3300781 -1.999999 -2.002929
v 2.0 -1.999999 -2.0
v 2.0 -2.999999 -2.0
v 3.0 -2.669921 -2.002929
v 2.3300781 -2.669921 -2.002929
v 2.0 -2.999999 -2.0
v 3.0 -2.999999 -2.0
v 3.0 -2.669921 -2.002929
v 3.0 -2.210937 -2.901367
v 2.3300781 -2.669921 -2.002929
v 2.894531 -2.105468 -2.901367
v 2.789062 -1.999999 -2.901367
v 2.789062 -1.999999 -2.901367
v 2.894531 -2.105468 -2.901367
v 3.0 -1.999999 -3.0
v 3.0 -2.210937 -2.901367
v 2.3300781 -1.999999 -2.002929
v 2.3300781 -2.669921 -2.002929
v 2.789062 -1.999999 -2.901367
v 3.0 -1.999999 -3.0
v 3.0 -0.99999905 -3.0
v 2.9375 -1.374999 -3.0
v 2.6875 -1.062499 -3.0
v 2.0 -0.99999905 -3.0
v 2.6875 -1.062499 -3.0
v 2.0 -0.99999905 -3.0
v 2.0 -1.210937 -2.901367
v 2.5 -1.249999 -2.901367
v 3.0 -1.999999 -3.0
v 2.9375 -1.374999 -3.0
v 2.75 -1.562499 -2.901367
v 2.789062 -1.999999 -2.901367
v 2.789062 -1.999999 -2.901367
v 2.75 -1.562499 -2.901367
v 2.3300781 -1.999999 -2.002929
v 2.5 -1.249999 -2.901367
v 2.0 -1.6699209 -2.002929
v 2.0 -1.210937 -2.901367
v 2.0 -1.6699209 -2.002929
v 2.0 -1.999999 -2.0
v 2.3300781 -1.999999 -2.002929
v 2.0 5.789063 -4.901367
v 2.0 5.330079 -4.0029287
v 9.0 5.330079 -4.0029287
v 9.0 5.789063 -4.901367
v 2.0 5.000001 -4.0
v 9.0 5.000001 -4.0
v 2.0 5.789063 -4.901367
v 9.0 5.789063 -4.901367
v 9.0 6.000001 -5.0
v 2.0 6.000001 -5.0
v 9.0 7.0 -4.999999
v 2.0 7.0 -4.999999
v 9.0 6.0 -4.999999
v 2.0 6.0 -4.999999
v 3.0 -2.210937 -2.901367
v 3.0 -2.669921 -2.002929
v 9.0 -2.669921 -2.002929
v 9.0 -2.210937 -2.901367
v 3.0 -2.999999 -2.0
v 9.0 -2.999999 -2.0
v 3.0 -2.210937 -2.901367
v 9.0 -2.210937 -2.901367
v 9.0 -1.999999 -3.0
v 3.0 -1.999999 -3.0
v 11.0 -1.0 -2.999999
v 3.0 -1.0 -2.999999
v 11.0 -2.0 -2.999999
v 3.0 -2.0 -2.999999
v 4.0 -5.210937 -1.901367
v 4.0 -5.669921 -1.002929
v 7.0 -5.669921 -1.002929
v 7.0 -5.210937 -1.901367
v 4.0 -5.999999 -1.0
v 7.0 -5.999999 -1.0
v 4.0 -5.210937 -1.901367
v 7.0 -5.210937 -1.901367
v 7.0 -4.999999 -2.0
v 4.0 -4.999999 -2.0
v 9.0 -3.0 -1.999999
v 4.0 -3.0 -1.999999
v 9.0 -5.0 -1.999999
v 4.0 -5.0 -1.999999
v 4.0 13.999999 -5.0
v 4.0 12.999999 -5.0
v 4.0625 13.374999 -5.0
v 4.3125 13.062499 -5.0
v 5.0 12.999999 -5.0
v 4.3125 13.062499 -5.0
v 5.0 12.999999 -5.0
v 5.0 13.210937 -4.901367
v 4.5 13.249999 -4.901367
v 4.0 13.999999 -5.0
v 4.0625 13.374999 -5.0
v 4.25 13.562499 -4.901367
v 4.210938 13.999999 -4.901367
v 4.210938 13.999999 -4.901367
v 4.25 13.562499 -4.901367
v 4.669922 13.999999 -4.0029287
v 4.5 13.249999 -4.901367
v 5.0 13.669921 -4.0029287
v 5.0 13.210937 -4.901367
v 5.0 13.669921 -4.0029287
v 5.0 13.999999 -4.0
v 4.669922 13.999999 -4.0029287
v 4.210937 14.0 -4.901367
v 4.669921 14.0 -4.0029287
v 4.669921 16.0 -4.0029287
v 4.210937 16.0 -4.901367
v 4.999999 14.0 -4.0
v 4.999999 16.0 -4.0
v 4.210937 14.0 -4.901367
v 4.210937 16.0 -4.901367
v 3.999999 16.0 -5.0
v 3.999999 14.0 -5.0
v 5.330078 1.330079 -3.002929
v 5.330078 2.000001 -3.002929
v 5.0 2.000001 -3.0
v 5.0 1.000001 -3.0
v 6.0 1.330079 -3.002929
v 5.330078 1.330079 -3.002929
v 5.0 1.000001 -3.0
v 6.0 1.000001 -3.0
v 6.0 1.330079 -3.002929
v 6.0 1.789063 -3.901367
v 5.330078 1.330079 -3.002929
v 5.8945312 1.894532 -3.901367
v 5.789062 2.000001 -3.901367
v 5.789062 2.000001 -3.901367
v 5.8945312 1.894532 -3.901367
v 6.0 2.000001 -4.0
v 6.0 1.789063 -3.901367
v 5.330078 2.000001 -3.002929
v 5.330078 1.330079 -3.002929
v 5.789062 2.000001 -3.901367
v 6.0 2.000001 -4.0
v 6.0 3.000001 -4.0
v 5.9375 2.625001 -4.0
v 5.6875 2.937501 -4.0
v 5.0 3.000001 -4.0
v 5.6875 2.937501 -4.0
v 5.0 3.000001 -4.0
v 5.0 2.789063 -3.901367
v 5.5 2.750001 -3.901367
v 6.0 2.000001 -4.0
v 5.9375 2.625001 -4.0
v 5.75 2.437501 -3.901367
v 5.789062 2.000001 -3.901367
v 5.789062 2.000001 -3.901367
v 5.75 2.437501 -3.901367
v 5.330078 2.000001 -3.002929
v 5.5 2.750001 -3.901367
v 5.0 2.330079 -3.002929
v 5.0 2.789063 -3.901367
v 5.0 2.330079 -3.002929
v 5.0 2.000001 -3.0
v 5.330078 2.000001 -3.002929
v 13.0 5.0 -3.999999
v 5.0 5.0 -3.999999
v 13.0 3.0 -3.999999
v 5.0 3.0 -3.999999
v 9.0 8.0 -4.999999
v 5.0 8.0 -4.999999
v 9.0 7.0 -4.999999
v 5.0 7.0 -4.999999
v 5.0 8.999999 -5.0
v 5.0 7.999999 -5.0
v 5.0625 8.374999 -5.0
v 5.3125 8.062499 -5.0
v 6.0 7.999999 -5.0
v 5.3125 8.062499 -5.0
v 6.0 7.999999 -5.0
v 6.0 8.210937 -4.901367
v 5.5 8.249999 -4.901367
v 5.0 8.999999 -5.0
v 5.0625 8.374999 -5.0
v 5.25 8.562499 -4.901367
v 5.210938 8.999999 -4.901367
v 5.210938 8.999999 -4.901367
v 5.25 8.562499 -4.901367
v 5.669922 8.999999 -4.0029287
v 5.5 8.249999 -4.901367
v 6.0 8.669921 -4.0029287
v 6.0 8.210937 -4.901367
v 6.0 8.669921 -4.0029287
v 6.0 8.999999 -4.0
v 5.669922 8.999999 -4.0029287
v 5.210937 9.0 -4.901367
v 5.669921 9.0 -4.0029287
v 5.669921 13.0 -4.0029287
v 5.210937 13.0 -4.901367
v 5.999999 9.0 -4.0
v 5.999999 13.0 -4.0
v 5.210937 9.0 -4.901367
v 5.210937 13.0 -4.901367
v 4.999999 13.0 -5.0
v 4.999999 9.0 -5.0
v 5.669922 13.669921 -4.0029287
v 5.669922 12.999999 -4.0029287
v 6.0 12.999999 -4.0
v 6.0 13.999999 -4.0
v 5.0 13.669921 -4.0029287
v 5.669922 13.669921 -4.0029287
v 6.0 13.999999 -4.0
v 5.0 13.999999 -4.0
v 5.0 13.669921 -4.0029287
v 5.0 13.2109375 -4.901367
v 5.669922 13.669921 -4.0029287
v 5.1054688 13.105468 -4.901367
v 5.210938 12.999999 -4.901367
v 5.210938 12.999999 -4.901367
v 5.1054688 13.105468 -4.901367
v 5.0 12.999999 -5.0
v 5.0 13.2109375 -4.901367
v 5.669922 12.999999 -4.0029287
v 5.669922 13.669921 -4.0029287
v 5.210938 12.999999 -4.901367
v 13.0 16.0 -3.999999
v 5.0 16.0 -3.999999
v 13.0 14.0 -3.999999
v 5.0 14.0 -3.999999
v 7.0 -8.0 -0.999999
v 6.0 -8.0 -0.999999
v 7.0 -16.0 -0.999999
v 6.0 -16.0 -0.999999
v 7.0 -7.0 -0.999999
v 6.0 -7.0 -0.999999
v 7.0 -8.0 -0.999999
v 6.0 -8.0 -0.999999
v 6.0 1.789063 -3.901367
v 6.0 1.3300791 -3.002929
v 12.0 1.3300791 -3.002929
v 12.0 1.789063 -3.901367
v 6.0 1.000001 -3.0
v 12.0 1.000001 -3.0
v 6.0 1.789063 -3.901367
v 12.0 1.789063 -3.901367
v 12.0 2.000001 -4.0
v 6.0 2.000001 -4.0
v 14.0 3.0 -3.999999
v 6.0 3.0 -3.999999
v 14.0 2.0 -3.999999
v 6.0 2.0 -3.999999
v 9.0 8.210937 -4.901367
v 9.0 8.669921 -4.0029287
v 6.0 8.669921 -4.0029287
v 6.0 8.210937 -4.901367
v 9.0 8.999999 -4.0
v 6.0 8.999999 -4.0
v 9.0 8.210937 -4.901367
v 6.0 8.210937 -4.901367
v 6.0 7.999999 -5.0
v 9.0 7.999999 -5.0
v 14.0 11.0 -3.999999
v 6.0 11.0 -3.999999
v 14.0 9.0 -3.999999
v 6.0 9.0 -3.999999
v 13.0 14.0 -3.999999
v 6.0 14.0 -3.999999
v 13.0 11.0 -3.999999
v 6.0 11.0 -3.999999
v 7.789063 -8.0 -1.901367
v 7.330079 -8.0 -1.002929
v 7.330079 -16.0 -1.002929
v 7.789063 -16.0 -1.901367
v 7.000001 -8.0 -1.0
v 7.000001 -16.0 -1.0
v 7.789063 -8.0 -1.901367
v 7.789063 -16.0 -1.901367
v 8.000001 -16.0 -2.0
v 8.000001 -8.0 -2.0
v 7.789063 -6.0 -1.901367
v 7.330079 -6.0 -1.002929
v 7.330079 -8.0 -1.002929
v 7.789063 -8.0 -1.901367
v 7.000001 -6.0 -1.0
v 7.000001 -8.0 -1.0
v 7.789063 -6.0 -1.901367
v 7.789063 -8.0 -1.901367
v 8.000001 -8.0 -2.0
v 8.000001 -6.0 -2.0
v 8.0 -5.999999 -2.0
v 8.0 -4.999999 -2.0
v 7.9375 -5.374999 -2.0
v 7.6875 -5.062499 -2.0
v 7.0 -4.999999 -2.0
v 7.6875 -5.062499 -2.0
v 7.0 -4.999999 -2.0
v 7.0 -5.210937 -1.901367
v 7.5 -5.249999 -1.901367
v 8.0 -5.999999 -2.0
v 7.9375 -5.374999 -2.0
v 7.75 -5.562499 -1.901367
v 7.789062 -5.999999 -1.901367
v 7.789062 -5.999999 -1.901367
v 7.75 -5.562499 -1.901367
v 7.330078 -5.999999 -1.002929
v 7.5 -5.249999 -1.901367
v 7.0 -5.669921 -1.002929
v 7.0 -5.210937 -1.901367
v 7.0 -5.669921 -1.002929
v 7.0 -5.999999 -1.0
v 7.330078 -5.999999 -1.002929
v 9.0 -8.0 -1.999999
v 8.0 -8.0 -1.999999
v 9.0 -16.0 -1.999999
v 8.0 -16.0 -1.999999
v 9.0 -5.0 -1.999999
v 8.0 -5.0 -1.999999
v 9.0 -8.0 -1.999999
v 8.0 -8.0 -1.999999
v 9.7890625 -14.0 -2.901367
v 9.330079 -14.0 -2.002929
v 9.330079 -16.0 -2.002929
v 9.7890625 -16.0 -2.901367
v 9.000001 -14.0 -2.0
v 9.000001 -16.0 -2.0
v 9.7890625 -14.0 -2.901367
v 9.7890625 -16.0 -2.901367
v 10.000001 -16.0 -3.0
v 10.000001 -14.0 -3.0
v 9.330079 -13.330078 -2.002929
v 10.000001 -13.330078 -2.002929
v 10.000001 -13.0 -2.0
v 9.000001 -13.0 -2.0
v 9.330079 -14.0 -2.002929
v 9.330079 -13.330078 -2.002929
v 9.000001 -13.0 -2.0
v 9.000001 -14.0 -2.0
v 9.330079 -14.0 -2.002929
v 9.7890625 -14.0 -2.901367
v 9.330079 -13.330078 -2.002929
v 9.894532 -13.894531 -2.901367
v 10.000001 -13.789062 -2.901367
v 10.000001 -13.789062 -2.901367
v 9.894532 -13.894531 -2.901367
v 10.000001 -14.0 -3.0
v 9.7890625 -14.0 -2.901367
v 10.000001 -13.330078 -2.002929
v 9.330079 -13.330078 -2.002929
v 10.000001 -13.789062 -2.901367
v 10.0 -7.0 -1.999999
v 9.0 -7.0 -1.999999
v 10.0 -13.0 -1.999999
v 9.0 -13.0 -1.999999
v 9.330078 -6.669921 -2.002929
v 9.330078 -5.999999 -2.002929
v 9.0 -5.999999 -2.0
v 9.0 -6.999999 -2.0
v 10.0 -6.669921 -2.002929
v 9.330078 -6.669921 -2.002929
v 9.0 -6.999999 -2.0
v 10.0 -6.999999 -2.0
v 10.0 -6.669921 -2.002929
v 10.0 -6.210937 -2.901367
v 9.330078 -6.669921 -2.002929
v 9.894531 -6.105468 -2.901367
v 9.7890625 -5.999999 -2.901367
v 9.7890625 -5.999999 -2.901367
v 9.894531 -6.105468 -2.901367
v 10.0 -5.999999 -3.0
v 10.0 -6.210937 -2.901367
v 9.330078 -5.999999 -2.002929
v 9.330078 -6.669921 -2.002929
v 9.7890625 -5.999999 -2.901367
v 9.7890625 -3.0 -2.901367
v 9.330079 -3.0 -2.002929
v 9.330079 -6.0 -2.002929
v 9.7890625 -6.0 -2.901367
v 9.000001 -3.0 -2.0
v 9.000001 -6.0 -2.0
v 9.7890625 -3.0 -2.901367
v 9.7890625 -6.0 -2.901367
v 10.000001 -6.0 -3.0
v 10.000001 -3.0 -3.0
v 10.0 -2.999999 -3.0
v 10.0 -1.999999 -3.0
v 9.9375 -2.374999 -3.0
v 9.6875 -2.062499 -3.0
v 9.0 -1.999999 -3.0
v 9.6875 -2.062499 -3.0
v 9.0 -1.999999 -3.0
v 9.0 -2.210937 -2.901367
v 9.5 -2.249999 -2.901367
v 10.0 -2.999999 -3.0
v 9.9375 -2.374999 -3.0
v 9.75 -2.562499 -2.901367
v 9.7890625 -2.999999 -2.901367
v 9.7890625 -2.999999 -2.901367
v 9.75 -2.562499 -2.901367
v 9.330078 -2.999999 -2.002929
v 9.5 -2.249999 -2.901367
v 9.0 -2.669921 -2.002929
v 9.0 -2.210937 -2.901367
v 9.0 -2.669921 -2.002929
v 9.0 -2.999999 -2.0
v 9.330078 -2.999999 -2.002929
v 12.0 1.0 -2.999999
v 9.0 1.0 -2.999999
v 12.0 -1.0 -2.999999
v 9.0 -1.0 -2.999999
v 9.669921 5.330078 -4.0029287
v 8.999999 5.330078 -4.0029287
v 8.999999 5.0 -4.0
v 9.999999 5.0 -4.0
v 9.669921 6.0 -4.0029287
v 9.669921 5.330078 -4.0029287
v 9.999999 5.0 -4.0
v 9.999999 6.0 -4.0
v 9.669921 6.0 -4.0029287
v 9.2109375 6.0 -4.901367
v 9.669921 5.330078 -4.0029287
v 9.105468 5.8945312 -4.901367
v 8.999999 5.789062 -4.901367
v 8.999999 5.789062 -4.901367
v 9.105468 5.8945312 -4.901367
v 8.999999 6.0 -5.0
v 9.2109375 6.0 -4.901367
v 8.999999 5.330078 -4.0029287
v 9.669921 5.330078 -4.0029287
v 8.999999 5.789062 -4.901367
v 9.2109375 6.0 -4.901367
v 9.669921 6.0 -4.0029287
v 9.669921 8.0 -4.0029287
v 9.2109375 8.0 -4.901367
v 9.999999 6.0 -4.0
v 9.999999 8.0 -4.0
v 9.2109375 6.0 -4.901367
v 9.2109375 8.0 -4.901367
v 8.999999 8.0 -5.0
v 8.999999 6.0 -5.0
v 9.669922 8.669921 -4.0029287
v 9.669922 7.999999 -4.0029287
v 10.0 7.999999 -4.0
v 10.0 8.999999 -4.0
v 9.0 8.669921 -4.0029287
v 9.669922 8.669921 -4.0029287
v 10.0 8.999999 -4.0
v 9.0 8.999999 -4.0
v 9.0 8.669921 -4.0029287
v 9.0 8.2109375 -4.901367
v 9.669922 8.669921 -4.0029287
v 9.105469 8.105468 -4.901367
v 9.2109375 7.999999 -4.901367
v 9.2109375 7.999999 -4.901367
v 9.105469 8.105468 -4.901367
v 9.0 7.999999 -5.0
v 9.0 8.2109375 -4.901367
v 9.669922 7.999999 -4.0029287
v 9.669922 8.669921 -4.0029287
v 9.2109375 7.999999 -4.901367
v 15.0 -14.0 -2.999999
v 10.0 -14.0 -2.999999
v 15.0 -16.0 -2.999999
v 10.0 -16.0 -2.999999
v 10.000001 -14.0 -3.0
v 11.000001 -14.0 -3.0
v 10.625001 -13.9375 -3.0
v 10.937501 -13.6875 -3.0
v 11.000001 -13.0 -3.0
v 10.937501 -13.6875 -3.0
v 11.000001 -13.0 -3.0
v 10.7890625 -13.0 -2.901367
v 10.750001 -13.5 -2.901367
v 10.000001 -14.0 -3.0
v 10.625001 -13.9375 -3.0
v 10.437501 -13.75 -2.901367
v 10.000001 -13.7890625 -2.901367
v 10.000001 -13.7890625 -2.901367
v 10.437501 -13.75 -2.901367
v 10.000001 -13.330078 -2.002929
v 10.750001 -13.5 -2.901367
v 10.330079 -13.0 -2.002929
v 10.7890625 -13.0 -2.901367
v 10.330079 -13.0 -2.002929
v 10.000001 -13.0 -2.0
v 10.000001 -13.330078 -2.002929
v 10.7890625 -7.0 -2.901367
v 10.330079 -7.0 -2.002929
v 10.330079 -13.0 -2.002929
v 10.7890625 -13.0 -2.901367
v 10.000001 -7.0 -2.0
v 10.000001 -13.0 -2.0
v 10.7890625 -7.0 -2.901367
v 10.7890625 -13.0 -2.901367
v 11.000001 -13.0 -3.0
v 11.000001 -7.0 -3.0
v 11.0 -6.999999 -3.0
v 11.0 -5.999999 -3.0
v 10.9375 -6.374999 -3.0
v 10.6875 -6.062499 -3.0
v 10.0 -5.999999 -3.0
v 10.6875 -6.062499 -3.0
v 10.0 -5.999999 -3.0
v 10.0 -6.210937 -2.901367
v 10.5 -6.249999 -2.901367
v 11.0 -6.999999 -3.0
v 10.9375 -6.374999 -3.0
v 10.75 -6.562499 -2.901367
v 10.7890625 -6.999999 -2.901367
v 10.7890625 -6.999999 -2.901367
v 10.75 -6.562499 -2.901367
v 10.330078 -6.999999 -2.002929
v 10.5 -6.249999 -2.901367
v 10.0 -6.669921 -2.002929
v 10.0 -6.210937 -2.901367
v 10.0 -6.669921 -2.002929
v 10.0 -6.999999 -2.0
v 10.330078 -6.999999 -2.002929
v 12.0 -2.0 -2.999999
v 10.0 -2.0 -2.999999
v 12.0 -6.0 -2.999999
v 10.0 -6.0 -2.999999
v 16.0 9.0 -3.999999
v 10.0 9.0 -3.999999
v 16.0 5.0 -3.999999
v 10.0 5.0 -3.999999
v 14.0 -6.0 -2.999999
v 11.0 -6.0 -2.999999
v 14.0 -14.0 -2.999999
v 11.0 -14.0 -2.999999
v 12.0 -1.0 -2.999999
v 11.0 -1.0 -2.999999
v 12.0 -2.0 -2.999999
v 11.0 -2.0 -2.999999
v 13.0 -3.0 -2.999999
v 12.0 -3.0 -2.999999
v 13.0 -6.0 -2.999999
v 12.0 -6.0 -2.999999
v 12.330078 -2.669921 -3.002929
v 12.330078 -1.999999 -3.002929
v 12.0 -1.999999 -3.0
v 12.0 -2.999999 -3.0
v 13.0 -2.669921 -3.002929
v 12.330078 -2.669921 -3.002929
v 12.0 -2.999999 -3.0
v 13.0 -2.999999 -3.0
v 13.0 -2.669921 -3.002929
v 13.0 -2.210937 -3.901367
v 12.330078 -2.669921 -3.002929
v 12.894531 -2.105468 -3.901367
v 12.7890625 -1.999999 -3.901367
v 12.7890625 -1.999999 -3.901367
v 12.894531 -2.105468 -3.901367
v 13.0 -1.999999 -4.0
v 13.0 -2.210937 -3.901367
v 12.330078 -1.999999 -3.002929
v 12.330078 -2.669921 -3.002929
v 12.7890625 -1.999999 -3.901367
v 12.7890625 1.0 -3.901367
v 12.330079 1.0 -3.002929
v 12.330079 -2.0 -3.002929
v 12.7890625 -2.0 -3.901367
v 12.000001 1.0 -3.0
v 12.000001 -2.0 -3.0
v 12.7890625 1.0 -3.901367
v 12.7890625 -2.0 -3.901367
v 13.000001 -2.0 -4.0
v 13.000001 1.0 -4.0
v 13.0 1.000001 -4.0
v 13.0 2.000001 -4.0
v 12.9375 1.625001 -4.0
v 12.6875 1.937501 -4.0
v 12.0 2.000001 -4.0
v 12.6875 1.937501 -4.0
v 12.0 2.000001 -4.0
v 12.0 1.789063 -3.901367
v 12.5 1.750001 -3.901367
v 13.0 1.000001 -4.0
v 12.9375 1.625001 -4.0
v 12.75 1.437501 -3.901367
v 12.7890625 1.000001 -3.901367
v 12.7890625 1.000001 -3.901367
v 12.75 1.437501 -3.901367
v 12.330078 1.000001 -3.002929
v 12.5 1.750001 -3.901367
v 12.0 1.3300791 -3.002929
v 12.0 1.789063 -3.901367
v 12.0 1.3300791 -3.002929
v 12.0 1.000001 -3.0
v 12.330078 1.000001 -3.002929
v 13.330078 -5.669921 -3.002929
v 13.330078 -4.999999 -3.002929
v 13.0 -4.999999 -3.0
v 13.0 -5.999999 -3.0
v 14.0 -5.669921 -3.002929
v 13.330078 -5.669921 -3.002929
v 13.0 -5.999999 -3.0
v 14.0 -5.999999 -3.0
v 14.0 -5.669921 -3.002929
v 14.0 -5.210937 -3.901367
v 13.330078 -5.669921 -3.002929
v 13.894531 -5.105468 -3.901367
v 13.7890625 -4.999999 -3.901367
v 13.7890625 -4.999999 -3.901367
v 13.894531 -5.105468 -3.901367
v 14.0 -4.999999 -4.0
v 14.0 -5.210937 -3.901367
v 13.330078 -4.999999 -3.002929
v 13.330078 -5.669921 -3.002929
v 13.7890625 -4.999999 -3.901367
v 13.7890625 -3.0 -3.901367
v 13.330079 -3.0 -3.002929
v 13.330079 -5.0 -3.002929
v 13.7890625 -5.0 -3.901367
v 13.000001 -3.0 -3.0
v 13.000001 -5.0 -3.0
v 13.7890625 -3.0 -3.901367
v 13.7890625 -5.0 -3.901367
v 14.000001 -5.0 -4.0
v 14.000001 -3.0 -4.0
v 14.0 -2.999999 -4.0
v 14.0 -1.999999 -4.0
v 13.9375 -2.374999 -4.0
v 13.6875 -2.062499 -4.0
v 13.0 -1.999999 -4.0
v 13.6875 -2.062499 -4.0
v 13.0 -1.999999 -4.0
v 13.0 -2.210937 -3.901367
v 13.5 -2.249999 -3.901367
v 14.0 -2.999999 -4.0
v 13.9375 -2.374999 -4.0
v 13.75 -2.562499 -3.901367
v 13.7890625 -2.999999 -3.901367
v 13.7890625 -2.999999 -3.901367
v 13.75 -2.562499 -3.901367
v 13.330078 -2.999999 -3.002929
v 13.5 -2.249999 -3.901367
v 13.0 -2.669921 -3.002929
v 13.0 -2.210937 -3.901367
v 13.0 -2.669921 -3.002929
v 13.0 -2.999999 -3.0
v 13.330078 -2.999999 -3.002929
v 16.0 2.0 -3.999999
v 13.0 2.0 -3.999999
v 16.0 -2.0 -3.999999
v 13.0 -2.0 -3.999999
v 16.0 5.0 -3.999999
v 13.0 5.0 -3.999999
v 16.0 3.0 -3.999999
v 13.0 3.0 -3.999999
v 13.0 11.999999 -4.0
v 13.0 10.999999 -4.0
v 13.0625 11.374999 -4.0
v 13.3125 11.062499 -4.0
v 14.0 10.999999 -4.0
v 13.3125 11.062499 -4.0
v 14.0 10.999999 -4.0
v 14.0 11.210937 -3.901367
v 13.5 11.249999 -3.901367
v 13.0 11.999999 -4.0
v 13.0625 11.374999 -4.0
v 13.25 11.562499 -3.901367
v 13.2109375 11.999999 -3.901367
v 13.2109375 11.999999 -3.901367
v 13.25 11.562499 -3.901367
v 13.669922 11.999999 -3.002929
v 13.5 11.249999 -3.901367
v 14.0 11.669921 -3.002929
v 14.0 11.210937 -3.901367
v 14.0 11.669921 -3.002929
v 14.0 11.999999 -3.0
v 13.669922 11.999999 -3.002929
v 13.2109375 12.0 -3.901367
v 13.669921 12.0 -3.002929
v 13.669921 16.0 -3.002929
v 13.2109375 16.0 -3.901367
v 13.999999 12.0 -3.0
v 13.999999 16.0 -3.0
v 13.2109375 12.0 -3.901367
v 13.2109375 16.0 -3.901367
v 12.999999 16.0 -4.0
v 12.999999 12.0 -4.0
v 16.0 -9.0 -2.999999
v 14.0 -9.0 -2.999999
v 16.0 -14.0 -2.999999
v 14.0 -14.0 -2.999999
v 14.330078 -8.669921 -3.002929
v 14.330078 -7.999999 -3.002929
v 14.0 -7.999999 -3.0
v 14.0 -8.999999 -3.0
v 15.0 -8.669921 -3.002929
v 14.330078 -8.669921 -3.002929
v 14.0 -8.999999 -3.0
v 15.0 -8.999999 -3.0
v 15.0 -8.669921 -3.002929
v 15.0 -8.2109375 -3.901367
v 14.330078 -8.669921 -3.002929
v 14.894531 -8.105468 -3.901367
v 14.7890625 -7.999999 -3.901367
v 14.7890625 -7.999999 -3.901367
v 14.894531 -8.105468 -3.901367
v 15.0 -7.999999 -4.0
v 15.0 -8.2109375 -3.901367
v 14.330078 -7.999999 -3.002929
v 14.330078 -8.669921 -3.002929
v 14.7890625 -7.999999 -3.901367
v 14.7890625 -6.0 -3.901367
v 14.330079 -6.0 -3.002929
v 14.330079 -8.0 -3.002929
v 14.7890625 -8.0 -3.901367
v 14.000001 -6.0 -3.0
v 14.000001 -8.0 -3.0
v 14.7890625 -6.0 -3.901367
v 14.7890625 -8.0 -3.901367
v 15.000001 -8.0 -4.0
v 15.000001 -6.0 -4.0
v 15.0 -5.999999 -4.0
v 15.0 -4.999999 -4.0
v 14.9375 -5.374999 -4.0
v 14.6875 -5.062499 -4.0
v 14.0 -4.999999 -4.0
v 14.6875 -5.062499 -4.0
v 14.0 -4.999999 -4.0
v 14.0 -5.210937 -3.901367
v 14.5 -5.249999 -3.901367
v 15.0 -5.999999 -4.0
v 14.9375 -5.374999 -4.0
v 14.75 -5.562499 -3.901367
v 14.7890625 -5.999999 -3.901367
v 14.7890625 -5.999999 -3.901367
v 14.75 -5.562499 -3.901367
v 14.330078 -5.999999 -3.002929
v 14.5 -5.249999 -3.901367
v 14.0 -5.669921 -3.002929
v 14.0 -5.210937 -3.901367
v 14.0 -5.669921 -3.002929
v 14.0 -5.999999 -3.0
v 14.330078 -5.999999 -3.002929
v 16.0 -2.0 -3.999999
v 14.0 -2.0 -3.999999
v 16.0 -5.0 -3.999999
v 14.0 -5.0 -3.999999
v 16.0 3.0 -3.999999
v 14.0 3.0 -3.999999
v 16.0 2.0 -3.999999
v 14.0 2.0 -3.999999
v 16.0 11.0 -3.999999
v 14.0 11.0 -3.999999
v 16.0 9.0 -3.999999
v 14.0 9.0 -3.999999
v 16.0 11.210937 -3.901367
v 16.0 11.669921 -3.002929
v 14.0 11.669921 -3.002929
v 14.0 11.210937 -3.901367
v 16.0 11.999999 -3.0
v 14.0 11.999999 -3.0
v 16.0 11.210937 -3.901367
v 14.0 11.210937 -3.901367
v 14.0 10.999999 -4.0
v 16.0 10.999999 -4.0
v 16.0 16.0 -2.999999
v 14.0 16.0 -2.999999
v 16.0 12.0 -2.999999
v 14.0 12.0 -2.999999
v 15.999999 -15.0 -3.0
v 14.999999 -15.0 -3.0
v 15.374999 -15.0625 -3.0
v 15.062499 -15.3125 -3.0
v 14.999999 -16.0 -3.0
v 15.062499 -15.3125 -3.0
v 14.999999 -16.0 -3.0
v 15.210937 -16.0 -2.901367
v 15.249999 -15.5 -2.901367
v 15.999999 -15.0 -3.0
v 15.374999 -15.0625 -3.0
v 15.562499 -15.25 -2.901367
v 15.999999 -15.2109375 -2.901367
v 15.999999 -15.2109375 -2.901367
v 15.562499 -15.25 -2.901367
v 15.999999 -15.669922 -2.002929
v 15.249999 -15.5 -2.901367
v 15.669921 -16.0 -2.002929
v 15.210937 -16.0 -2.901367
v 15.669921 -16.0 -2.002929
v 15.999999 -16.0 -2.0
v 15.999999 -15.669922 -2.002929
v 16.0 -14.0 -2.999999
v 15.0 -14.0 -2.999999
v 16.0 -15.0 -2.999999
v 15.0 -15.0 -2.999999
v 15.0 -8.2109375 -3.901367
v 15.0 -8.669921 -3.002929
v 16.0 -8.669921 -3.002929
v 16.0 -8.2109375 -3.901367
v 15.0 -8.999999 -3.0
v 16.0 -8.999999 -3.0
v 15.0 -8.2109375 -3.901367
v 16.0 -8.2109375 -3.901367
v 16.0 -7.999999 -4.0
v 15.0 -7.999999 -4.0
v 16.0 -5.0 -3.999999
v 15.0 -5.0 -3.999999
v 16.0 -8.0 -3.999999
v 15.0 -8.0 -3.999999
v -8.0 -9.000008 -0.6875
v -8.0 -0.9999924 -0.687499
v -16.0 -0.9999924 -0.687499
v -16.0 -9.000008 -0.6875
v -8.0 -1.0000081 -0.6875
v -8.0 7.0000076 -0.687499
v -16.0 7.0000076 -0.687499
v -16.0 -1.0000081 -0.6875
v -8.0 6.999992 -0.6875
v -8.0 15.000008 -0.687499
v -16.0 15.000008 -0.687499
v -16.0 6.999992 -0.6875
v -8.0 14.999999 -0.6875
v -8.0 16.0 -0.687499
v -16.0 16.0 -0.687499
v -16.0 14.999999 -0.6875
v 0.0 -9.000008 -0.6875
v 0.0 -0.9999924 -0.687499
v -8.0 -0.9999924 -0.687499
v -8.0 -9.000008 -0.6875
v 0.0 -1.0000081 -0.6875
v 0.0 7.0000076 -0.687499
v -8.0 7.0000076 -0.687499
v -8.0 -1.0000081 -0.6875
v 0.0 6.999992 -0.6875
v 0.0 15.000008 -0.687499
v -8.0 15.000008 -0.687499
v -8.0 6.999992 -0.6875
v 0.0 14.999999 -0.6875
v 0.0 16.0 -0.687499
v -8.0 16.0 -0.687499
v -8.0 14.999999 -0.6875
v 8.0 -9.000008 -0.6875
v 8.0 -0.9999924 -0.687499
v 0.0 -0.9999924 -0.687499
v 0.0 -9.000008 -0.6875
v 8.0 -1.0000081 -0.6875
v 8.0 7.0000076 -0.687499
v 0.0 7.0000076 -0.687499
v 0.0 -1.0000081 -0.6875
v 8.0 6.999992 -0.6875
v 8.0 15.000008 -0.687499
v 0.0 15.000008 -0.687499
v 0.0 6.999992 -0.6875
v 8.0 14.999999 -0.6875
v 8.0 16.0 -0.687499
v 0.0 16.0 -0.687499
v 0.0 14.999999 -0.6875
v 12.0 -16.000008 -0.6875
v 12.0 -8.999993 -0.687499
v 4.0 -8.999993 -0.687499
v 4.0 -16.000008 -0.6875
v 16.0 -9.000008 -0.6875
v 16.0 -0.9999924 -0.687499
v 8.0 -0.9999924 -0.687499
v 8.0 -9.000008 -0.6875
v 16.0 -1.0000081 -0.6875
v 16.0 7.0000076 -0.687499
v 8.0 7.0000076 -0.687499
v 8.0 -1.0000081 -0.6875
v 16.0 6.999992 -0.6875
v 16.0 15.000008 -0.687499
v 8.0 15.000008 -0.687499
v 8.0 6.999992 -0.6875
v 16.0 14.999999 -0.6875
v 16.0 16.0 -0.687499
v 8.0 16.0 -0.687499
v 8.0 14.999999 -0.6875
v 16.0 -16.000008 -0.6875
v 16.0 -8.999993 -0.687499
v 12.0 -8.999993 -0.687499
v 12.0 -16.000008 -0.6875
vt 3.33067E-16 -2.0
vt 3.33067E-16 -1.0
vt -1.0 -1.0
vt -1.0 -2.0
vt 3.33067E-16 -2.0
vt 3.33067E-16 -1.0
vt -1.0 -1.0
vt -1.0 -2.0
vt 3.33067E-16 -2.0
vt 3.33067E-16 -1.0
vt -1.0 -1.0
vt -1.0 -2.0
vt 3.33067E-16 -2.0
vt 3.33067E-16 -1.0
vt -1.0 -1.0
vt -1.0 -2.0
vt 0.0 1.0
vt 0.0 0.0
vt 8.0 0.0
vt 8.0 1.0
vt 1.0 -0.125
vt -1.0 0.0
vt -1.0 -0.125
vt 1.0 -0.34375
vt 1.0 -0.34375
vt 3.0 -0.34375
vt 1.0 -0.125
vt 3.0 -0.125
vt 1.0 0.0
vt 3.0 0.0
vt -1.0 -0.34375
vt 1.0 0.0
vt 1.0 0.0
vt -1.0 0.0
vt 1.0 -1.0
vt -1.0 -1.0
vt 1.0 -1.0
vt -1.0 -1.0
vt 1.0 0.0
vt -1.0 0.0
vt 1.0 -1.0
vt -1.0 -1.0
vt -1.0 -1.0
vt 1.0 -1.0
vt 0.0 -0.96875
vt 0.0 0.0
vt 1.0 0.0
vt 2.0 -0.96875
vt 1.0 0.0
vt 2.0 0.0
vt 0.0 0.0
vt 0.0 -1.0
vt 2.0 -1.0
vt 2.0 0.0
vt 0.0 -1.0
vt 2.0 -1.0
vt 2.0 0.03125
vt 0.0 0.03125
vt 0.0 1.0
vt 2.0 1.0
vt 2.0 0.65625
vt 2.0 0.875
vt 0.0 0.875
vt 0.0 0.65625
vt 2.0 -0.125
vt 2.0 0.0
vt 0.0 0.0
vt 0.0 -0.125
vt -1.5 -1.0
vt -1.5 -1.0
vt 0.5 -1.0
vt 0.5 -1.0
vt -0.5 0.0
vt -1.5 -1.0
vt 0.5 -1.0
vt 0.5 -1.0
vt -1.5 -1.0
vt -1.5 -1.0
vt -0.5 1.0
vt 1.0 1.0
vt 2.0 0.03125
vt -0.5 0.03125
vt 0.0 1.0
vt 1.5 1.0
vt 1.5 0.03125
vt -1.0 0.03125
vt 1.0 -0.34375
vt 2.0 -0.375
vt 1.0 -0.125
vt 3.0 -0.125
vt 3.0 0.0
vt 1.0 0.0
vt 1.0 -0.125
vt 3.0 -0.125
vt 3.0 -0.125
vt 2.0 -0.375
vt 3.0 -0.34375
vt 3.33067E-16 -2.0
vt 3.33067E-16 -1.0
vt -1.0 -1.0
vt -1.0 -2.0
vt 0.0 0.0
vt 0.0 -1.0
vt 8.0 -1.0
vt 8.0 0.0
vt 0.0 -1.0
vt 8.0 -1.0
vt 8.0 0.03125
vt 0.0 0.03125
vt 0.0 1.0
vt 8.0 1.0
vt 8.0 0.65625
vt 8.0 0.875
vt 0.0 0.875
vt 0.0 0.65625
vt 8.0 -0.125
vt 8.0 0.0
vt 0.0 0.0
vt 0.0 -0.125
vt 3.33067E-16 -2.0
vt 3.33067E-16 -1.0
vt -1.0 -1.0
vt -1.0 -2.0
vt 3.33067E-16 -2.0
vt 3.33067E-16 -1.0
vt -1.0 -1.0
vt -1.0 -2.0
vt 0.0 1.0
vt 0.0 0.0
vt 3.0 0.0
vt 3.0 1.0
vt 5.0 -6.0
vt 4.0 -7.0
vt 5.0 -7.0
vt -0.5 0.03125
vt 0.5 0.03125
vt 0.0 0.96875
vt 3.0 0.96875
vt 0.0 0.96875
vt 0.0 0.03125
vt 3.0 0.03125
vt 5.0 -6.0
vt 4.0 -7.0
vt 5.0 -7.0
vt -0.5 0.03125
vt 0.5 0.03125
vt 0.0 0.96875
vt 2.0 0.96875
vt 0.0 0.96875
vt 0.0 0.03125
vt 2.0 0.03125
vt 4.0 1.0
vt 2.0 1.0
vt 2.0 0.25
vt 4.0 0.25
vt 8.0 0.96875
vt 0.0 0.96875
vt 0.0 0.03125
vt 8.0 0.03125
vt 0.0 1.0
vt 0.0 0.0
vt 8.0 0.0
vt 8.0 1.0
vt 3.33067E-16 -2.0
vt 3.33067E-16 -1.0
vt -1.0 -1.0
vt -1.0 -2.0
vt 1.0 0.96875
vt 0.0 0.96875
vt 0.5 0.03125
vt 1.0 0.96875
vt 1.0 0.03125
vt 3.75 0.25
vt 2.75 0.25
vt 2.75 0.0
vt 3.75 0.0
vt 0.0 1.0
vt 0.0 0.0
vt 3.0 0.0
vt 3.0 1.0
vt 0.0 0.0
vt 0.0 -1.0
vt 8.0 -1.0
vt 8.0 0.0
vt 0.0 -1.0
vt 8.0 -1.0
vt 8.0 0.03125
vt 0.0 0.03125
vt 0.0 1.0
vt 8.0 1.0
vt 8.0 0.65625
vt 8.0 0.875
vt 0.0 0.875
vt 0.0 0.65625
vt 8.0 -0.125
vt 8.0 0.0
vt 0.0 0.0
vt 0.0 -0.125
vt 3.33067E-16 -2.0
vt 3.33067E-16 -1.0
vt -1.0 -1.0
vt -1.0 -2.0
vt 1.0 0.96875
vt 0.0 0.96875
vt 0.5 0.03125
vt 1.0 0.96875
vt 1.0 0.03125
vt 1.0 0.96875
vt 0.0 0.96875
vt 0.0 0.03125
vt 1.0 0.03125
vt 4.0 1.0
vt 4.0 0.25
vt 4.25 1.0
vt 4.25 0.25
vt 1.0 0.96875
vt 0.0 0.96875
vt 0.0 0.03125
vt 1.0 0.03125
vt 0.0 2.0
vt 0.0 0.0
vt 4.0 0.0
vt 4.0 2.0
vt 5.0 -6.0
vt 4.0 -7.0
vt 5.0 -7.0
vt -0.5 0.03125
vt 0.5 0.03125
vt 0.0 0.96875
vt 3.0 0.96875
vt 0.0 0.96875
vt 0.0 0.03125
vt 3.0 0.03125
vt 5.0 -6.0
vt 4.0 -7.0
vt 5.0 -7.0
vt -0.5 0.03125
vt 0.5 0.03125
vt 0.0 0.96875
vt 3.33067E-16 -2.0
vt 3.33067E-16 -1.0
vt -1.0 -1.0
vt -1.0 -2.0
vt 0.0 5.0
vt 0.0 0.0
vt 1.0 0.0
vt 1.0 5.0
vt 0.0 0.0
vt 0.0 -1.0
vt 1.0 -1.0
vt 1.0 0.0
vt 0.0 -1.0
vt 1.0 -1.0
vt 1.0 0.03125
vt 0.0 0.03125
vt 0.0 1.0
vt 1.0 1.0
vt 1.0 0.65625
vt 1.0 0.875
vt 0.0 0.875
vt 0.0 0.65625
vt 1.0 -0.125
vt 1.0 0.0
vt 0.0 0.0
vt 0.0 -0.125
vt 0.0 0.0
vt 0.0 -1.0
vt 7.0 -1.0
vt 7.0 0.0
vt 0.0 -1.0
vt 7.0 -1.0
vt 7.0 0.03125
vt 0.0 0.03125
vt 0.0 1.0
vt 7.0 1.0
vt 7.0 0.65625
vt 7.0 0.875
vt 0.0 0.875
vt 0.0 0.65625
vt 7.0 -0.125
vt 7.0 0.0
vt 0.0 0.0
vt 0.0 -0.125
vt -1.5 -1.0
vt -1.5 -1.0
vt 0.5 -1.0
vt 0.5 -1.0
vt -0.5 0.0
vt -1.5 -1.0
vt 0.5 -1.0
vt 0.5 -1.0
vt -1.5 -1.0
vt -1.5 -1.0
vt -0.5 1.0
vt 1.0 1.0
vt 2.0 0.03125
vt -0.5 0.03125
vt 0.0 1.0
vt 1.5 1.0
vt 1.5 0.03125
vt -1.0 0.03125
vt 1.0 -0.34375
vt 2.0 -0.375
vt 1.0 -0.125
vt 3.0 -0.125
vt 3.0 0.0
vt 1.0 0.0
vt 1.0 -0.125
vt 3.0 -0.125
vt 3.0 -0.125
vt 2.0 -0.375
vt 3.0 -0.34375
vt 0.0 -1.0
vt -1.0 -1.0
vt -1.0 -2.0
vt 0.0 -2.0
vt 0.0 0.0
vt 0.0 -1.0
vt -1.0 -1.0
vt -1.0 0.0
vt 0.0 0.0
vt -1.0 0.0
vt -1.0 -1.0
vt 0.0 -1.0
vt 0.0 -2.0
vt 0.0 -1.0
vt -1.0 -1.0
vt -1.0 -2.0
vt 0.0 0.0
vt 0.0 -1.0
vt 3.0 -1.0
vt 3.0 0.0
vt 0.0 -6.0E-5
vt 0.0 -1.0
vt 3.0001593 -1.0
vt 3.000009 -6.0E-5
vt 0.0 0.0
vt 0.0 -1.0
vt 4.0 -1.0
vt 4.0 0.0
vt 0.0 -6.0E-5
vt 0.0 -1.0
vt 4.000212 -1.0
vt 4.000012 -6.0E-5
vt 0.0 0.0
vt 0.0 -1.0
vt 5.0 -1.0
vt 5.0 0.0
vt 0.0 -6.0E-5
vt 0.0 -1.0
vt 5.000265 -1.0
vt 5.000015 -6.0E-5
vt 0.0 0.0
vt 0.0 -1.0
vt 6.0 -1.0
vt 6.0 0.0
vt 0.0 -6.0E-5
vt 0.0 -1.0
vt 6.0003185 -1.0
vt 6.000018 -6.0E-5
vt 0.0 0.0
vt 0.0 -1.0
vt 3.0 -1.0
vt 3.0 0.0
vt 0.0 -6.0E-5
vt 0.0 -1.0
vt 3.0001593 -1.0
vt 3.000009 -6.0E-5
vt 0.0 0.0
vt 0.5 -1.0
vt 1.0 0.0
vt 0.0 -1.0
vt 1.0 -1.0
vt 0.500579 -8.2E-5
vt 0.0 -0.999918
vt 1.0 -0.999918
vt 0.0 0.0
vt 0.0 -1.0
vt 4.0 -1.0
vt 4.0 0.0
vt 0.0 -6.0E-5
vt 0.0 -1.0
vt 4.000212 -1.0
vt 4.000012 -6.0E-5
vt 0.0 0.0
vt 0.5 -1.0
vt 1.0 0.0
vt 0.0 -1.0
vt 1.0 -1.0
vt 0.500579 -8.2E-5
vt 0.0 -0.999918
vt 1.0 -0.999918
vt 0.0 0.0
vt 0.0 -1.0
vt 5.0 -1.0
vt 5.0 0.0
vt 0.0 -6.0E-5
vt 0.0 -1.0
vt 5.000265 -1.0
vt 5.000015 -6.0E-5
vt 0.0 0.0
vt 0.5 -1.0
vt 1.0 0.0
vt 0.0 -1.0
vt 1.0 -1.0
vt 0.500579 -8.2E-5
vt 0.0 -0.999918
vt 1.0 -0.999918
vt 0.0 -1.0
vt -1.0 -1.0
vt -1.0 -2.0
vt 0.0 -2.0
vt 0.0 0.0
vt 0.0 -1.0
vt -1.0 -1.0
vt -1.0 0.0
vt 0.0 0.0
vt -1.0 0.0
vt -1.0 -1.0
vt 0.0 -1.0
vt 0.0 -2.0
vt 0.0 -1.0
vt -1.0 -1.0
vt -1.0 -2.0
vt 0.0 0.0
vt 0.0 -1.0
vt 1.0 -1.0
vt 1.0 0.0
vt 0.0 0.0
vt 0.0 -1.0
vt 1.0 -1.0
vt 1.0 0.0
vt 5.3E-5 0.0
vt 5.4E-5 -0.999978
vt 1.000053 -0.999978
vt 1.000003 0.0
vt 5.3E-5 0.0
vt 5.4E-5 -0.999978
vt 1.000053 -0.999978
vt 1.000003 0.0
vt 0.0 0.0
vt 0.5 -1.0
vt 1.0 0.0
vt 0.0 -1.0
vt 1.0 -1.0
vt 0.500579 -8.2E-5
vt 0.0 -0.999918
vt 1.0 -0.999918
vt 0.0 0.0
vt 0.0 -1.0
vt 1.0 -1.0
vt 1.0 0.0
vt 0.0 -6.0E-5
vt 0.0 -1.0
vt 1.000053 -1.0
vt 1.000003 -6.0E-5
vt 0.0 0.0
vt 0.0 -1.0
vt 1.0 -1.0
vt 1.0 0.0
vt 0.0 0.0
vt 0.0 -1.0
vt 1.0 -1.0
vt 1.0 0.0
vt 5.3E-5 0.0
vt 5.4E-5 -0.999978
vt 1.000053 -0.999978
vt 1.000003 0.0
vt 5.3E-5 0.0
vt 5.4E-5 -0.999978
vt 1.000053 -0.999978
vt 1.000003 0.0
vt 0.0 0.0
vt 0.5 -1.0
vt 1.0 0.0
vt 0.0 -1.0
vt 1.0 -1.0
vt 0.500579 -8.2E-5
vt 0.0 -0.999918
vt 1.0 -0.999918
vt 0.0 -1.0
vt 0.0 0.0
vt -1.0 0.0
vt -1.0 -1.0
vt 0.0 0.0
vt -1.0 0.0
vt -1.0 -1.0
vt 0.0 -1.0
vt -1.0 0.0
vt -1.0 -1.0
vt 0.0 -1.0
vt 0.0 0.0
vt 0.0 0.0
vt -1.0 0.0
vt -1.0 -1.0
vt 0.0 -1.0
vt -1.0 0.0
vt -1.0 -1.0
vt 0.0 -1.0
vt 0.0 0.0
vt 0.0 0.0
vt 0.0 -1.0
vt 2.0 -1.0
vt 2.0 0.0
vt 0.0 -6.0E-5
vt 0.0 -1.0
vt 2.000106 -1.0
vt 2.000006 -6.0E-5
vt 0.0 -1.0
vt -1.0 -1.0
vt -1.0 -2.0
vt 0.0 -2.0
vt 0.0 0.0
vt 0.0 -1.0
vt -1.0 -1.0
vt -1.0 0.0
vt 0.0 0.0
vt -1.0 0.0
vt -1.0 -1.0
vt 0.0 -1.0
vt 0.0 -2.0
vt 0.0 -1.0
vt -1.0 -1.0
vt -1.0 -2.0
vt 0.0 0.0
vt 0.0 -1.0
vt 1.0 -1.0
vt 1.0 0.0
vt 0.0 0.0
vt 0.0 -1.0
vt 1.0 -1.0
vt 1.0 0.0
vt 5.3E-5 0.0
vt 5.4E-5 -0.999978
vt 1.000053 -0.999978
vt 1.000003 0.0
vt 5.3E-5 0.0
vt 5.4E-5 -0.999978
vt 1.000053 -0.999978
vt 1.000003 0.0
vt 0.0 0.0
vt 0.5 -1.0
vt 1.0 0.0
vt 0.0 -1.0
vt 1.0 -1.0
vt 0.500579 -8.2E-5
vt 0.0 -0.999918
vt 1.0 -0.999918
vt 0.0 0.0
vt 0.0 -1.0
vt 1.0 -1.0
vt 1.0 0.0
vt 0.0 -6.0E-5
vt 0.0 -1.0
vt 1.000053 -1.0
vt 1.000003 -6.0E-5
vt 0.0 0.0
vt 0.0 -1.0
vt 1.0 -1.0
vt 1.0 0.0
vt 0.0 0.0
vt 0.0 -1.0
vt 1.0 -1.0
vt 1.0 0.0
vt 5.3E-5 0.0
vt 5.4E-5 -0.999978
vt 1.000053 -0.999978
vt 1.000003 0.0
vt 5.3E-5 0.0
vt 5.4E-5 -0.999978
vt 1.000053 -0.999978
vt 1.000003 0.0
vt 0.0 0.0
vt 0.5 -1.0
vt 1.0 0.0
vt 0.0 -1.0
vt 1.0 -1.0
vt 0.500579 -8.2E-5
vt 0.0 -0.999918
vt 1.0 -0.999918
vt 0.0 -1.0
vt 0.0 0.0
vt -1.0 0.0
vt -1.0 -1.0
vt 0.0 0.0
vt -1.0 0.0
vt -1.0 -1.0
vt 0.0 -1.0
vt -1.0 0.0
vt -1.0 -1.0
vt 0.0 -1.0
vt 0.0 0.0
vt 0.0 0.0
vt -1.0 0.0
vt -1.0 -1.0
vt 0.0 -1.0
vt -1.0 0.0
vt -1.0 -1.0
vt 0.0 -1.0
vt 0.0 0.0
vt 0.0 0.0
vt 0.0 -1.0
vt 2.0 -1.0
vt 2.0 0.0
vt 0.0 -6.0E-5
vt 0.0 -1.0
vt 2.000106 -1.0
vt 2.000006 -6.0E-5
vt 0.0 -1.0
vt -1.0 -1.0
vt -1.0 -2.0
vt 0.0 -2.0
vt 0.0 0.0
vt 0.0 -1.0
vt -1.0 -1.0
vt -1.0 0.0
vt 0.0 0.0
vt -1.0 0.0
vt -1.0 -1.0
vt 0.0 -1.0
vt 0.0 -2.0
vt 0.0 -1.0
vt -1.0 -1.0
vt -1.0 -2.0
vt 0.0 0.0
vt 0.0 -1.0
vt 1.0 -1.0
vt 1.0 0.0
vt 0.0 0.0
vt 0.0 -1.0
vt 1.0 -1.0
vt 1.0 0.0
vt 5.3E-5 0.0
vt 5.4E-5 -0.999978
vt 1.000053 -0.999978
vt 1.000003 0.0
vt 5.3E-5 0.0
vt 5.4E-5 -0.999978
vt 1.000053 -0.999978
vt 1.000003 0.0
vt 0.0 0.0
vt 0.5 -1.0
vt 1.0 0.0
vt 0.0 -1.0
vt 1.0 -1.0
vt 0.500579 -8.2E-5
vt 0.0 -0.999918
vt 1.0 -0.999918
vt 0.0 -1.0
vt 0.0 0.0
vt -1.0 0.0
vt -1.0 -1.0
vt 0.0 0.0
vt -1.0 0.0
vt -1.0 -1.0
vt 0.0 -1.0
vt -1.0 0.0
vt -1.0 -1.0
vt 0.0 -1.0
vt 0.0 0.0
vt 0.0 0.0
vt -1.0 0.0
vt -1.0 -1.0
vt 0.0 -1.0
vt -1.0 0.0
vt -1.0 -1.0
vt 0.0 -1.0
vt 0.0 0.0
vt 0.0 0.0
vt 0.0 -1.0
vt 2.0 -1.0
vt 2.0 0.0
vt 0.0 -6.0E-5
vt 0.0 -1.0
vt 2.000106 -1.0
vt 2.000006 -6.0E-5
vt 0.0 0.0
vt 0.0 -1.0
vt 5.0 -1.0
vt 5.0 0.0
vt 0.0 -6.0E-5
vt 0.0 -1.0
vt 5.000265 -1.0
vt 5.000015 -6.0E-5
vt 0.0 0.0
vt 0.5 -1.0
vt 1.0 0.0
vt 0.0 -1.0
vt 1.0 -1.0
vt 0.500579 -8.2E-5
vt 0.0 -0.999918
vt 1.0 -0.999918
vt 0.5 -0.5
vt 0.0 -0.5
vt 0.0 -1.0
vt 0.5 -1.0
vt 0.5 1.0
vt 0.0 1.0
vt 0.0 0.0
vt 0.5 0.0
vt 0.5 0.0
vt 0.0 0.0
vt 0.0 -0.5
vt 0.5 -0.5
vt 0.5 -0.5
vt 0.0 -0.5
vt 0.0 -1.0
vt 0.5 -1.0
vt 1.0 0.0
vt 0.5 0.0
vt 0.5 -0.5
vt 1.0 -0.5
vt 0.0 -1.0
vt 0.5 -1.0
vt 0.5 -0.5
vt 0.0 -0.5
vt 0.0 -0.5
vt 0.0 -1.0
vt 0.5 -1.0
vt 0.5 -0.5
vt 5.0 1.0
vt 0.0 1.0
vt 0.0 0.0
vt 5.0 0.0
vt -15.0 0.0
vt -20.0 0.0
vt -20.0 -0.5
vt -15.0 -0.5
vt -9.0 -0.5
vt -12.0 -0.5
vt -12.0 -1.0
vt -9.0 -1.0
vt 3.0 1.0
vt 0.0 1.0
vt 0.0 0.0
vt 3.0 0.0
vt 1.0 -0.5
vt 0.5 -0.5
vt 0.5 -1.0
vt 1.0 -1.0
vt 0.5 0.0
vt 0.0 0.0
vt 0.0 -0.5
vt 0.5 -0.5
vt 0.5 -1.0
vt 1.0 -1.0
vt 1.0 -0.5
vt 0.5 -0.5
vt 1.0 -1.0
vt 1.0 -0.5
vt 0.5 -0.5
vt 0.5 -1.0
vt 1.0 -0.5
vt 0.5 -0.5
vt 0.5 -1.0
vt 1.0 -1.0
vt 1.0 2.0
vt 0.5 2.0
vt 0.5 1.0
vt 1.0 1.0
vt 1.0 0.0
vt 0.5 0.0
vt 0.5 -0.5
vt 1.0 -0.5
vt 4.0 0.0
vt 0.0 0.0
vt 0.0 -1.0
vt 4.0 -1.0
vt 4.0 0.0
vt 0.0 0.0
vt 0.0 -1.0
vt 4.0 -1.0
vt 4.0 0.0
vt 0.0 0.0
vt 0.0 -1.0
vt 4.0 -1.0
vt 1.0 0.0
vt 0.0 0.0
vt 0.0 -2.0
vt 1.0 -2.0
vt 1.0 0.0
vt 0.0 0.0
vt 0.0 -2.0
vt 1.0 -2.0
vt 1.0 0.0
vt 0.0 0.0
vt 0.0 -2.0
vt 1.0 -2.0
vt 3.0 0.0
vt 0.0 0.0
vt 0.0 -1.0
vt 3.0 -1.0
vt 3.0 0.0
vt 0.0 0.0
vt 0.0 -1.0
vt 3.0 -1.0
vt 3.0 0.0
vt 0.0 0.0
vt 0.0 -1.0
vt 3.0 -1.0
vt 1.0 0.0
vt 0.0 0.0
vt 0.0 -1.0
vt 1.0 -1.0
vt 1.0 0.0
vt 0.0 0.0
vt 0.0 -1.0
vt 1.0 -1.0
vt 1.0 0.0
vt 0.0 0.0
vt 0.0 -1.0
vt 1.0 -1.0
vt 1.0 0.0
vt 0.0 0.0
vt 0.0 -2.0
vt 1.0 -2.0
vt 1.0 0.0
vt 0.0 0.0
vt 0.0 -2.0
vt 1.0 -2.0
vt 1.0 0.0
vt 0.0 0.0
vt 0.0 -2.0
vt 1.0 -2.0
vt 3.0 0.0
vt 0.0 0.0
vt 0.0 -1.0
vt 3.0 -1.0
vt 3.0 0.0
vt 0.0 0.0
vt 0.0 -1.0
vt 3.0 -1.0
vt 3.0 0.0
vt 0.0 0.0
vt 0.0 -1.0
vt 3.0 -1.0
vt 1.0 0.0
vt 0.0 0.0
vt 0.0 -1.0
vt 1.0 -1.0
vt 1.0 0.0
vt 0.0 0.0
vt 0.0 -1.0
vt 1.0 -1.0
vt 1.0 0.0
vt 0.0 0.0
vt 0.0 -1.0
vt 1.0 -1.0
vt 1.0 0.0
vt 0.0 0.0
vt 0.0 -1.0
vt 1.0 -1.0
vt 1.0 0.0
vt 0.0 0.0
vt 0.0 -1.0
vt 1.0 -1.0
vt 1.0 0.0
vt 0.0 0.0
vt 0.0 -1.0
vt 1.0 -1.0
vt 1.0 0.0
vt 0.0 0.0
vt 0.0 -1.0
vt 1.0 -1.0
vt 1.0 0.0
vt 0.0 0.0
vt 0.0 -1.0
vt 1.0 -1.0
vt 1.0 0.0
vt 0.0 0.0
vt 0.0 -1.0
vt 1.0 -1.0
vt 4.0 0.0
vt 0.0 0.0
vt 0.0 -1.0
vt 4.0 -1.0
vt 4.0 0.0
vt 0.0 0.0
vt 0.0 -1.0
vt 4.0 -1.0
vt 4.0 0.0
vt 0.0 0.0
vt 0.0 -1.0
vt 4.0 -1.0
vt 2.0 0.0
vt 0.0 0.0
vt 0.0 -1.0
vt 2.0 -1.0
vt 2.0 0.0
vt 0.0 0.0
vt 0.0 -1.0
vt 2.0 -1.0
vt 2.0 0.0
vt 0.0 0.0
vt 0.0 -1.0
vt 2.0 -1.0
vt 2.0 0.0
vt 0.0 0.0
vt 0.0 -1.0
vt 2.0 -1.0
vt 2.0 0.0
vt 0.0 0.0
vt 0.0 -1.0
vt 2.0 -1.0
vt 2.0 0.0
vt 0.0 0.0
vt 0.0 -1.0
vt 2.0 -1.0
vt 3.0 0.0
vt 0.0 0.0
vt 0.0 -1.0
vt 3.0 -1.0
vt 3.0 0.0
vt 0.0 0.0
vt 0.0 -1.0
vt 3.0 -1.0
vt 3.0 0.0
vt 0.0 0.0
vt 0.0 -1.0
vt 3.0 -1.0
vt 1.0 0.0
vt 0.0 0.0
vt 0.0 -2.0
vt 1.0 -2.0
vt 1.0 0.0
vt 0.0 0.0
vt 0.0 -2.0
vt 1.0 -2.0
vt 1.0 0.0
vt 0.0 0.0
vt 0.0 -2.0
vt 1.0 -2.0
vt 3.0 0.0
vt 0.0 0.0
vt 0.0 -1.0
vt 3.0 -1.0
vt 3.0 0.0
vt 0.0 0.0
vt 0.0 -1.0
vt 3.0 -1.0
vt 3.0 0.0
vt 0.0 0.0
vt 0.0 -1.0
vt 3.0 -1.0
vt 1.0 0.0
vt 0.0 0.0
vt 0.0 -1.0
vt 1.0 -1.0
vt 1.0 0.0
vt 0.0 0.0
vt 0.0 -1.0
vt 1.0 -1.0
vt 1.0 0.0
vt 0.0 0.0
vt 0.0 -1.0
vt 1.0 -1.0
vt 1.0 0.0
vt 0.0 0.0
vt 0.0 -1.0
vt 1.0 -1.0
vt 1.0 0.0
vt 0.0 0.0
vt 0.0 -1.0
vt 1.0 -1.0
vt 1.0 0.0
vt 0.0 0.0
vt 0.0 -1.0
vt 1.0 -1.0
vt 2.0 0.0
vt 0.0 0.0
vt 0.0 -1.0
vt 2.0 -1.0
vt 2.0 0.0
vt 0.0 0.0
vt 0.0 -1.0
vt 2.0 -1.0
vt 2.0 0.0
vt 0.0 0.0
vt 0.0 -1.0
vt 2.0 -1.0
vt 5.0 0.0
vt 0.0 0.0
vt 0.0 -1.0
vt 5.0 -1.0
vt 5.0 0.0
vt 0.0 0.0
vt 0.0 -1.0
vt 5.0 -1.0
vt 5.0 0.0
vt 0.0 0.0
vt 0.0 -1.0
vt 5.0 -1.0
vt 2.0 0.0
vt 0.0 0.0
vt 0.0 -1.0
vt 2.0 -1.0
vt 2.0 0.0
vt 0.0 0.0
vt 0.0 -1.0
vt 2.0 -1.0
vt 2.0 0.0
vt 0.0 0.0
vt 0.0 -1.0
vt 2.0 -1.0
vt 0.542969 -0.62793
vt 0.189453 -0.62793
vt 0.34375 -0.1875
vt 0.542969 -0.1875
vt 0.042969 -0.62793
vt 0.144531 -0.977539
vt -0.019531 -0.977539
vt 0.895508 -0.62793
vt 0.94043 -0.977539
vt 1.105469 -0.977539
vt 1.106445 -0.457031
vt 0.94043 -0.977539
vt 0.542969 -0.977539
vt 0.895508 -0.62793
vt 0.261719 -0.1875
vt 0.741211 -0.1875
vt 0.34375 -0.1875
vt 0.144531 -0.977539
vt 0.542969 -0.977539
vt 0.722656 -0.442383
vt 0.542969 0.0
vt 1.000977 -0.420898
vt 0.99707 -0.575195
vt 0.685547 -0.015625
vt 0.321289 -0.06543
vt 0.420898 -0.204102
vt 1.004883 -0.558594
vt 0.879883 -0.181641
vt 1.0 -0.990234
vt 0.5 0.570312
vt 0.0 -0.990234
vt 1.0 -0.990234
vt 0.0 -0.990234
vt 1.0 -0.990234
vt 0.0 -0.990234
vt 1.0 -0.990234
vt 0.0 -0.990234
vt 1.0 -0.990234
vt 0.0 -0.990234
vt 1.0 -0.990234
vt 0.0 -0.990234
vt 1.0 -0.990234
vt 0.0 -0.990234
vt 1.0 -0.990234
vt 0.0 -0.990234
vt 1.0 -0.990234
vt 0.0 -0.990234
vt 1.0 -0.990234
vt 0.0 -0.990234
vt 1.0 -0.990234
vt 0.0 -0.990234
vt 1.0 -0.990234
vt 0.0 -0.990234
vt 2.0 0.0
vt 0.0 0.0
vt 0.0 -1.0
vt 2.0 -1.0
vt 2.0 0.0
vt 0.0 0.0
vt 0.0 -1.0
vt 2.0 -1.0
vt 2.0 0.0
vt 0.0 0.0
vt 0.0 -1.0
vt 2.0 -1.0
vt 4.0 0.0
vt 0.0 0.0
vt 0.0 -1.0
vt 4.0 -1.0
vt 4.0 0.0
vt 0.0 0.0
vt 0.0 -1.0
vt 4.0 -1.0
vt 4.0 0.0
vt 0.0 0.0
vt 0.0 -1.0
vt 4.0 -1.0
vt 3.0 0.0
vt 0.0 0.0
vt 0.0 -1.0
vt 3.0 -1.0
vt 3.0 0.0
vt 0.0 0.0
vt 0.0 -1.0
vt 3.0 -1.0
vt 3.0 0.0
vt 0.0 0.0
vt 0.0 -1.0
vt 3.0 -1.0
vt 2.0 0.0
vt 0.0 0.0
vt 0.0 -1.0
vt 2.0 -1.0
vt 2.0 0.0
vt 0.0 0.0
vt 0.0 -1.0
vt 2.0 -1.0
vt 2.0 0.0
vt 0.0 0.0
vt 0.0 -1.0
vt 2.0 -1.0
vt 2.0 0.0
vt 0.0 0.0
vt 0.0 -1.0
vt 2.0 -1.0
vt 2.0 0.0
vt 0.0 0.0
vt 0.0 -1.0
vt 2.0 -1.0
vt 2.0 0.0
vt 0.0 0.0
vt 0.0 -1.0
vt 2.0 -1.0
vt 4.0 0.0
vt 0.0 0.0
vt 0.0 -1.0
vt 4.0 -1.0
vt 4.0 0.0
vt 0.0 0.0
vt 0.0 -1.0
vt 4.0 -1.0
vt 4.0 0.0
vt 0.0 0.0
vt 0.0 -1.0
vt 4.0 -1.0
vt 3.0 0.0
vt 0.0 0.0
vt 0.0 -1.0
vt 3.0 -1.0
vt 3.0 0.0
vt 0.0 0.0
vt 0.0 -1.0
vt 3.0 -1.0
vt 3.0 0.0
vt 0.0 0.0
vt 0.0 -1.0
vt 3.0 -1.0
vt 2.0 0.0
vt 0.0 0.0
vt 0.0 -1.0
vt 2.0 -1.0
vt 2.0 0.0
vt 0.0 0.0
vt 0.0 -1.0
vt 2.0 -1.0
vt 2.0 0.0
vt 0.0 0.0
vt 0.0 -1.0
vt 2.0 -1.0
vt 2.0 0.0
vt 0.0 0.0
vt 0.0 -1.0
vt 2.0 -1.0
vt 2.0 0.0
vt 0.0 0.0
vt 0.0 -1.0
vt 2.0 -1.0
vt 2.0 0.0
vt 0.0 0.0
vt 0.0 -1.0
vt 2.0 -1.0
vt 3.0 0.0
vt 0.0 0.0
vt 0.0 -1.0
vt 3.0 -1.0
vt 3.0 0.0
vt 0.0 0.0
vt 0.0 -1.0
vt 3.0 -1.0
vt 3.0 0.0
vt 0.0 0.0
vt 0.0 -1.0
vt 3.0 -1.0
vt 1.0 0.0
vt 0.0 0.0
vt 0.0 -1.0
vt 1.0 -1.0
vt 1.0 0.0
vt 0.0 0.0
vt 0.0 -1.0
vt 1.0 -1.0
vt 1.0 0.0
vt 0.0 0.0
vt 0.0 -1.0
vt 1.0 -1.0
vt 1.0 0.0
vt 0.0 0.0
vt 0.0 -1.0
vt 1.0 -1.0
vt 1.0 0.0
vt 0.0 0.0
vt 0.0 -1.0
vt 1.0 -1.0
vt 1.0 0.0
vt 0.0 0.0
vt 0.0 -1.0
vt 1.0 -1.0
vt 3.0 0.0
vt 0.0 0.0
vt 0.0 -1.0
vt 3.0 -1.0
vt 3.0 0.0
vt 0.0 0.0
vt 0.0 -1.0
vt 3.0 -1.0
vt 3.0 0.0
vt 0.0 0.0
vt 0.0 -1.0
vt 3.0 -1.0
vt 2.0 0.0
vt 0.0 0.0
vt 0.0 -1.0
vt 2.0 -1.0
vt 2.0 0.0
vt 0.0 0.0
vt 0.0 -1.0
vt 2.0 -1.0
vt 2.0 0.0
vt 0.0 0.0
vt 0.0 -1.0
vt 2.0 -1.0
vt 2.0 0.0
vt 0.0 0.0
vt 0.0 -1.0
vt 2.0 -1.0
vt 2.0 0.0
vt 0.0 0.0
vt 0.0 -1.0
vt 2.0 -1.0
vt 2.0 0.0
vt 0.0 0.0
vt 0.0 -1.0
vt 2.0 -1.0
vt 1.0 0.0
vt 0.0 0.0
vt 0.0 -1.0
vt 1.0 -1.0
vt 1.0 0.0
vt 0.0 0.0
vt 0.0 -1.0
vt 1.0 -1.0
vt 1.0 0.0
vt 0.0 0.0
vt 0.0 -1.0
vt 1.0 -1.0
vt 3.0 0.0
vt 0.0 0.0
vt 0.0 -1.0
vt 3.0 -1.0
vt 3.0 0.0
vt 0.0 0.0
vt 0.0 -1.0
vt 3.0 -1.0
vt 3.0 0.0
vt 0.0 0.0
vt 0.0 -1.0
vt 3.0 -1.0
vt 1.0 0.0
vt 0.0 0.0
vt 0.0 -1.0
vt 1.0 -1.0
vt 1.0 0.0
vt 0.0 0.0
vt 0.0 -1.0
vt 1.0 -1.0
vt 1.0 0.0
vt 0.0 0.0
vt 0.0 -1.0
vt 1.0 -1.0
vt 1.0 0.0
vt 0.0 0.0
vt 0.0 -1.0
vt 1.0 -1.0
vt 1.0 0.0
vt 0.0 0.0
vt 0.0 -1.0
vt 1.0 -1.0
vt 1.0 0.0
vt 0.0 0.0
vt 0.0 -1.0
vt 1.0 -1.0
vt 2.0 0.0
vt 0.0 0.0
vt 0.0 -1.0
vt 2.0 -1.0
vt 2.0 0.0
vt 0.0 0.0
vt 0.0 -1.0
vt 2.0 -1.0
vt 2.0 0.0
vt 0.0 0.0
vt 0.0 -1.0
vt 2.0 -1.0
vt 3.0 0.0
vt 0.0 0.0
vt 0.0 -1.0
vt 3.0 -1.0
vt 3.0 0.0
vt 0.0 0.0
vt 0.0 -1.0
vt 3.0 -1.0
vt 3.0 0.0
vt 0.0 0.0
vt 0.0 -1.0
vt 3.0 -1.0
vt 1.0 0.0
vt 0.0 0.0
vt 0.0 -2.0
vt 1.0 -2.0
vt 1.0 0.0
vt 0.0 0.0
vt 0.0 -2.0
vt 1.0 -2.0
vt 1.0 0.0
vt 0.0 0.0
vt 0.0 -2.0
vt 1.0 -2.0
vt 1.0 0.0
vt 0.0 0.0
vt 0.0 -1.0
vt 1.0 -1.0
vt 1.0 0.0
vt 0.0 0.0
vt 0.0 -1.0
vt 1.0 -1.0
vt 1.0 0.0
vt 0.0 0.0
vt 0.0 -1.0
vt 1.0 -1.0
vt 2.0 0.0
vt 0.0 0.0
vt 0.0 -1.0
vt 2.0 -1.0
vt 2.0 0.0
vt 0.0 0.0
vt 0.0 -1.0
vt 2.0 -1.0
vt 2.0 0.0
vt 0.0 0.0
vt 0.0 -1.0
vt 2.0 -1.0
vt 3.0 0.0
vt 0.0 0.0
vt 0.0 -1.0
vt 3.0 -1.0
vt 3.0 0.0
vt 0.0 0.0
vt 0.0 -1.0
vt 3.0 -1.0
vt 3.0 0.0
vt 0.0 0.0
vt 0.0 -1.0
vt 3.0 -1.0
vt 1.0 0.0
vt 0.0 0.0
vt 0.0 -1.0
vt 1.0 -1.0
vt 1.0 0.0
vt 0.0 0.0
vt 0.0 -1.0
vt 1.0 -1.0
vt 1.0 0.0
vt 0.0 0.0
vt 0.0 -1.0
vt 1.0 -1.0
vt 1.0 0.0
vt 0.0 0.0
vt 0.0 -4.0
vt 1.0 -4.0
vt 1.0 0.0
vt 0.0 0.0
vt 0.0 -4.0
vt 1.0 -4.0
vt 1.0 0.0
vt 0.0 0.0
vt 0.0 -4.0
vt 1.0 -4.0
vt 1.0 0.0
vt 0.0 0.0
vt 0.0 -1.0
vt 1.0 -1.0
vt 1.0 0.0
vt 0.0 0.0
vt 0.0 -1.0
vt 1.0 -1.0
vt 1.0 0.0
vt 0.0 0.0
vt 0.0 -1.0
vt 1.0 -1.0
vt 3.0 0.0
vt 0.0 0.0
vt 0.0 -1.0
vt 3.0 -1.0
vt 3.0 0.0
vt 0.0 0.0
vt 0.0 -1.0
vt 3.0 -1.0
vt 3.0 0.0
vt 0.0 0.0
vt 0.0 -1.0
vt 3.0 -1.0
vt 1.0 0.0
vt 0.0 0.0
vt 0.0 -1.0
vt 1.0 -1.0
vt 1.0 0.0
vt 0.0 0.0
vt 0.0 -1.0
vt 1.0 -1.0
vt 1.0 0.0
vt 0.0 0.0
vt 0.0 -1.0
vt 1.0 -1.0
vt 1.0 0.0
vt 0.0 0.0
vt 0.0 -4.0
vt 1.0 -4.0
vt 1.0 0.0
vt 0.0 0.0
vt 0.0 -4.0
vt 1.0 -4.0
vt 1.0 0.0
vt 0.0 0.0
vt 0.0 -4.0
vt 1.0 -4.0
vt 4.0 0.0
vt 0.0 0.0
vt 0.0 -1.0
vt 4.0 -1.0
vt 4.0 0.0
vt 0.0 0.0
vt 0.0 -1.0
vt 4.0 -1.0
vt 4.0 0.0
vt 0.0 0.0
vt 0.0 -1.0
vt 4.0 -1.0
vt 0.542969 -0.62793
vt 0.189453 -0.62793
vt 0.34375 -0.1875
vt 0.542969 -0.1875
vt 0.042969 -0.62793
vt 0.144531 -0.977539
vt -0.019531 -0.977539
vt 0.895508 -0.62793
vt 0.94043 -0.977539
vt 1.105469 -0.977539
vt 1.106445 -0.457031
vt 0.94043 -0.977539
vt 0.542969 -0.977539
vt 0.895508 -0.62793
vt 0.261719 -0.1875
vt 0.741211 -0.1875
vt 0.34375 -0.1875
vt 0.144531 -0.977539
vt 0.542969 -0.977539
vt 0.722656 -0.442383
vt 0.542969 0.0
vt 1.000977 -0.420898
vt 0.99707 -0.575195
vt 0.685547 -0.015625
vt 0.321289 -0.06543
vt 0.420898 -0.204102
vt 1.004883 -0.558594
vt 0.879883 -0.181641
vt 1.0 -0.990234
vt 0.5 0.570312
vt 0.0 -0.990234
vt 1.0 -0.990234
vt 0.0 -0.990234
vt 1.0 -0.990234
vt 0.0 -0.990234
vt 1.0 -0.990234
vt 0.0 -0.990234
vt 1.0 -0.990234
vt 0.0 -0.990234
vt 1.0 -0.990234
vt 0.0 -0.990234
vt 1.0 -0.990234
vt 0.0 -0.990234
vt 1.0 -0.990234
vt 0.0 -0.990234
vt 1.0 -0.990234
vt 0.0 -0.990234
vt 1.0 -0.990234
vt 0.0 -0.990234
vt 1.0 -0.990234
vt 0.0 -0.990234
vt 1.0 -0.990234
vt 0.0 -0.990234
vt 1.0 0.0
vt 0.0 0.0
vt 0.0 -1.0
vt 1.0 -1.0
vt 1.0 0.0
vt 0.0 0.0
vt 0.0 -1.0
vt 1.0 -1.0
vt 1.0 0.0
vt 0.0 0.0
vt 0.0 -1.0
vt 1.0 -1.0
vt 1.0 0.0
vt 0.0 0.0
vt 0.0 -4.0
vt 1.0 -4.0
vt 1.0 0.0
vt 0.0 0.0
vt 0.0 -4.0
vt 1.0 -4.0
vt 1.0 0.0
vt 0.0 0.0
vt 0.0 -4.0
vt 1.0 -4.0
vt 1.0 0.0
vt 0.0 0.0
vt 0.0 -1.0
vt 1.0 -1.0
vt 1.0 0.0
vt 0.0 0.0
vt 0.0 -1.0
vt 1.0 -1.0
vt 1.0 0.0
vt 0.0 0.0
vt 0.0 -1.0
vt 1.0 -1.0
vt 2.0 0.0
vt 0.0 0.0
vt 0.0 -2.0
vt 2.0 -2.0
vt 2.0 0.0
vt 0.0 0.0
vt 0.0 -2.0
vt 2.0 -2.0
vt 2.0 0.0
vt 0.0 0.0
vt 0.0 -2.0
vt 2.0 -2.0
vt 3.0 0.0
vt 0.0 0.0
vt 0.0 -1.0
vt 3.0 -1.0
vt 3.0 0.0
vt 0.0 0.0
vt 0.0 -1.0
vt 3.0 -1.0
vt 3.0 0.0
vt 0.0 0.0
vt 0.0 -1.0
vt 3.0 -1.0
vt 1.0 0.0
vt 0.0 0.0
vt 0.0 -1.0
vt 1.0 -1.0
vt 1.0 0.0
vt 0.0 0.0
vt 0.0 -1.0
vt 1.0 -1.0
vt 1.0 0.0
vt 0.0 0.0
vt 0.0 -1.0
vt 1.0 -1.0
vt 2.0 0.0
vt 0.0 0.0
vt 0.0 -1.0
vt 2.0 -1.0
vt 2.0 0.0
vt 0.0 0.0
vt 0.0 -1.0
vt 2.0 -1.0
vt 2.0 0.0
vt 0.0 0.0
vt 0.0 -1.0
vt 2.0 -1.0
vt 1.0 0.0
vt 0.0 0.0
vt 0.0 -3.0
vt 1.0 -3.0
vt 1.0 0.0
vt 0.0 0.0
vt 0.0 -3.0
vt 1.0 -3.0
vt 1.0 0.0
vt 0.0 0.0
vt 0.0 -3.0
vt 1.0 -3.0
vt 2.0 0.0
vt 0.0 0.0
vt 0.0 -1.0
vt 2.0 -1.0
vt 2.0 0.0
vt 0.0 0.0
vt 0.0 -1.0
vt 2.0 -1.0
vt 2.0 0.0
vt 0.0 0.0
vt 0.0 -1.0
vt 2.0 -1.0
vt 1.0 0.0
vt 0.0 0.0
vt 0.0 -1.0
vt 1.0 -1.0
vt 1.0 0.0
vt 0.0 0.0
vt 0.0 -1.0
vt 1.0 -1.0
vt 1.0 0.0
vt 0.0 0.0
vt 0.0 -1.0
vt 1.0 -1.0
vt 1.0 0.0
vt 0.0 0.0
vt 0.0 -2.0
vt 1.0 -2.0
vt 1.0 0.0
vt 0.0 0.0
vt 0.0 -2.0
vt 1.0 -2.0
vt 1.0 0.0
vt 0.0 0.0
vt 0.0 -2.0
vt 1.0 -2.0
vt 2.0 0.0
vt 0.0 0.0
vt 0.0 -1.0
vt 2.0 -1.0
vt 2.0 0.0
vt 0.0 0.0
vt 0.0 -1.0
vt 2.0 -1.0
vt 2.0 0.0
vt 0.0 0.0
vt 0.0 -1.0
vt 2.0 -1.0
vt 2.0 0.0
vt 0.0 0.0
vt 0.0 -2.0
vt 2.0 -2.0
vt 2.0 0.0
vt 0.0 0.0
vt 0.0 -2.0
vt 2.0 -2.0
vt 2.0 0.0
vt 0.0 0.0
vt 0.0 -2.0
vt 2.0 -2.0
vt 2.0 0.0
vt 0.0 0.0
vt 0.0 -2.0
vt 2.0 -2.0
vt 2.0 0.0
vt 0.0 0.0
vt 0.0 -2.0
vt 2.0 -2.0
vt 2.0 0.0
vt 0.0 0.0
vt 0.0 -2.0
vt 2.0 -2.0
vt 1.0 0.0
vt 0.0 0.0
vt 0.0 -2.0
vt 1.0 -2.0
vt 1.0 0.0
vt 0.0 0.0
vt 0.0 -2.0
vt 1.0 -2.0
vt 1.0 0.0
vt 0.0 0.0
vt 0.0 -2.0
vt 1.0 -2.0
vt 1.0 0.0
vt 0.0 0.0
vt 0.0 -1.0
vt 1.0 -1.0
vt 1.0 0.0
vt 0.0 0.0
vt 0.0 -1.0
vt 1.0 -1.0
vt 1.0 0.0
vt 0.0 0.0
vt 0.0 -1.0
vt 1.0 -1.0
vt 1.0 0.0
vt 0.0 0.0
vt 0.0 -1.0
vt 1.0 -1.0
vt 1.0 0.0
vt 0.0 0.0
vt 0.0 -1.0
vt 1.0 -1.0
vt 1.0 0.0
vt 0.0 0.0
vt 0.0 -1.0
vt 1.0 -1.0
vt 1.0 0.0
vt 0.0 0.0
vt 0.0 -1.0
vt 1.0 -1.0
vt 1.0 0.0
vt 0.0 0.0
vt 0.0 -1.0
vt 1.0 -1.0
vt 1.0 0.0
vt 0.0 0.0
vt 0.0 -1.0
vt 1.0 -1.0
vt 0.0 1.0
vt 0.0 0.0
vt 3.0 0.0
vt 3.0 1.0
vt 1.5 -0.894531
vt 1.5 -0.597656
vt 0.0 -0.597656
vt 0.0 -0.894531
vt 1.5 -0.515625
vt 0.0 -0.515625
vt 1.5 -0.894531
vt 0.0 -0.894531
vt 0.0 -0.988281
vt 1.5 -0.988281
vt 0.0 2.0
vt 0.0 0.0
vt 6.0 0.0
vt 6.0 2.0
vt 3.0 -0.894531
vt 3.0 -0.597656
vt 0.0 -0.597656
vt 0.0 -0.894531
vt 3.0 -0.515625
vt 0.0 -0.515625
vt 3.0 -0.894531
vt 0.0 -0.894531
vt 0.0 -0.988281
vt 3.0 -0.988281
vt 0.0 1.0
vt 0.0 0.0
vt 8.0 0.0
vt 8.0 1.0
vt 0.0 1.0
vt 0.0 0.0
vt 2.0 0.0
vt 2.0 1.0
vt 1.0 -0.894531
vt 1.0 -0.597656
vt 0.0 -0.597656
vt 0.0 -0.894531
vt 1.0 -0.515625
vt 0.0 -0.515625
vt 1.0 -0.894531
vt 0.0 -0.894531
vt 0.0 -0.988281
vt 1.0 -0.988281
vt 0.0 2.0
vt 0.0 0.0
vt 8.0 0.0
vt 8.0 2.0
vt 0.0 2.0
vt 0.0 0.0
vt 5.0 0.0
vt 5.0 2.0
vt 2.5 -0.894531
vt 2.5 -0.597656
vt 0.0 -0.597656
vt 0.0 -0.894531
vt 2.5 -0.515625
vt 0.0 -0.515625
vt 2.5 -0.894531
vt 0.0 -0.894531
vt 0.0 -0.988281
vt 2.5 -0.988281
vt 0.0 2.0
vt 0.0 0.0
vt 8.0 0.0
vt 8.0 2.0
vt 1.5 -0.894531
vt 1.5 -0.597656
vt 0.0 -0.597656
vt 0.0 -0.894531
vt 1.5 -0.515625
vt 0.0 -0.515625
vt 1.5 -0.894531
vt 0.0 -0.894531
vt 0.0 -0.988281
vt 1.5 -0.988281
vt 0.0 2.0
vt 0.0 0.0
vt 3.0 0.0
vt 3.0 2.0
vt 0.0 1.0
vt 0.0 0.0
vt 8.0 0.0
vt 8.0 1.0
vt 0.0 4.0
vt 0.0 0.0
vt 1.0 0.0
vt 1.0 4.0
vt 0.753906 -0.599609
vt 1.0 -0.599609
vt 1.0 -0.513672
vt 0.5 -0.513672
vt 1.0 -0.599609
vt 1.279297 -0.599609
vt 1.5 -0.513672
vt 1.0 -0.513672
vt 0.4375 -0.59375
vt 0.4375 -0.890625
vt 0.285156 -0.59375
vt 0.285156 -0.890625
vt 0.4375 -0.890625
vt 0.4375 -0.394531
vt 0.285156 -0.394531
vt 0.285156 -0.486328
vt 0.4375 -0.394531
vt 0.4375 -0.59375
vt 0.285156 -0.59375
vt 0.4375 -0.890625
vt 0.841797 -0.986328
vt 0.998047 -0.986328
vt 0.966797 -0.892578
vt 0.841797 -0.892578
vt 0.498047 -0.986328
vt 0.654297 -0.986328
vt 0.654297 -0.892578
vt 0.529297 -0.892578
vt -0.470703 -1.392578
vt -0.345703 -1.392578
vt -0.345703 -1.105469
vt -0.158203 -1.392578
vt -0.158203 -1.105469
vt -0.033203 -1.392578
vt -0.158203 -0.609375
vt -0.251953 -0.515625
vt -0.345703 -0.609375
vt 1.0 0.5
vt 1.0 0.0
vt 1.03125 0.1875
vt 1.15625 0.03125
vt 1.5 0.0
vt 0.753906 -0.599609
vt 1.0 -0.599609
vt 1.0 -0.513672
vt 0.5 -0.513672
vt 1.0 -0.599609
vt 1.279297 -0.599609
vt 1.5 -0.513672
vt 1.0 -0.513672
vt 0.4375 -0.59375
vt 0.4375 -0.890625
vt 0.285156 -0.59375
vt 0.285156 -0.890625
vt 0.4375 -0.890625
vt 0.4375 -0.394531
vt 0.285156 -0.394531
vt 0.285156 -0.486328
vt 0.4375 -0.394531
vt 0.4375 -0.59375
vt 0.285156 -0.59375
vt 0.4375 -0.890625
vt 2.0 -0.894531
vt 2.0 -0.597656
vt 0.0 -0.597656
vt 0.0 -0.894531
vt 2.0 -0.515625
vt 0.0 -0.515625
vt 2.0 -0.894531
vt 0.0 -0.894531
vt 0.0 -0.988281
vt 2.0 -0.988281
vt 0.841797 -0.986328
vt 0.998047 -0.986328
vt 0.966797 -0.892578
vt 0.841797 -0.892578
vt 0.498047 -0.986328
vt 0.654297 -0.986328
vt 0.654297 -0.892578
vt 0.529297 -0.892578
vt -0.470703 -1.392578
vt -0.345703 -1.392578
vt -0.345703 -1.105469
vt -0.158203 -1.392578
vt -0.158203 -1.105469
vt -0.033203 -1.392578
vt -0.158203 -0.609375
vt -0.251953 -0.515625
vt -0.345703 -0.609375
vt 1.0 0.5
vt 1.0 0.0
vt 1.03125 0.1875
vt 1.15625 0.03125
vt 1.5 0.0
vt 2.5 -0.894531
vt 2.5 -0.597656
vt 0.0 -0.597656
vt 0.0 -0.894531
vt 2.5 -0.515625
vt 0.0 -0.515625
vt 2.5 -0.894531
vt 0.0 -0.894531
vt 0.0 -0.988281
vt 2.5 -0.988281
vt 0.0 1.0
vt 0.0 0.0
vt 8.0 0.0
vt 8.0 1.0
vt 0.753906 -0.599609
vt 1.0 -0.599609
vt 1.0 -0.513672
vt 0.5 -0.513672
vt 1.0 -0.599609
vt 1.279297 -0.599609
vt 1.5 -0.513672
vt 1.0 -0.513672
vt 0.4375 -0.59375
vt 0.4375 -0.890625
vt 0.285156 -0.59375
vt 0.285156 -0.890625
vt 0.4375 -0.890625
vt 0.4375 -0.394531
vt 0.285156 -0.394531
vt 0.285156 -0.486328
vt 0.4375 -0.394531
vt 0.4375 -0.59375
vt 0.285156 -0.59375
vt 0.4375 -0.890625
vt 0.841797 -0.986328
vt 0.998047 -0.986328
vt 0.966797 -0.892578
vt 0.841797 -0.892578
vt 0.498047 -0.986328
vt 0.654297 -0.986328
vt 0.654297 -0.892578
vt 0.529297 -0.892578
vt -0.470703 -1.392578
vt -0.345703 -1.392578
vt -0.345703 -1.105469
vt -0.158203 -1.392578
vt -0.158203 -1.105469
vt -0.033203 -1.392578
vt -0.158203 -0.609375
vt -0.251953 -0.515625
vt -0.345703 -0.609375
vt 1.0 0.5
vt 1.0 0.0
vt 1.03125 0.1875
vt 1.15625 0.03125
vt 1.5 0.0
vt 0.0 1.0
vt 0.0 0.0
vt 5.0 0.0
vt 5.0 1.0
vt 4.0 -0.894531
vt 4.0 -0.597656
vt 0.0 -0.597656
vt 0.0 -0.894531
vt 4.0 -0.515625
vt 0.0 -0.515625
vt 4.0 -0.894531
vt 0.0 -0.894531
vt 0.0 -0.988281
vt 4.0 -0.988281
vt 0.0 2.0
vt 0.0 0.0
vt 8.0 0.0
vt 8.0 2.0
vt 0.0 3.0
vt 0.0 0.0
vt 2.0 0.0
vt 2.0 3.0
vt 0.0 1.0
vt 0.0 0.0
vt 8.0 0.0
vt 8.0 1.0
vt 2.0 -0.894531
vt 2.0 -0.597656
vt 0.0 -0.597656
vt 0.0 -0.894531
vt 2.0 -0.515625
vt 0.0 -0.515625
vt 2.0 -0.894531
vt 0.0 -0.894531
vt 0.0 -0.988281
vt 2.0 -0.988281
vt 0.753906 -0.599609
vt 1.0 -0.599609
vt 1.0 -0.513672
vt 0.5 -0.513672
vt 1.0 -0.599609
vt 1.279297 -0.599609
vt 1.5 -0.513672
vt 1.0 -0.513672
vt 0.4375 -0.59375
vt 0.4375 -0.890625
vt 0.285156 -0.59375
vt 0.285156 -0.890625
vt 0.4375 -0.890625
vt 0.4375 -0.394531
vt 0.285156 -0.394531
vt 0.285156 -0.486328
vt 0.4375 -0.394531
vt 0.4375 -0.59375
vt 0.285156 -0.59375
vt 0.4375 -0.890625
vt 0.5 -0.894531
vt 0.5 -0.597656
vt 0.0 -0.597656
vt 0.0 -0.894531
vt 0.5 -0.515625
vt 0.0 -0.515625
vt 0.5 -0.894531
vt 0.0 -0.894531
vt 0.0 -0.988281
vt 0.5 -0.988281
vt 0.841797 -0.986328
vt 0.998047 -0.986328
vt 0.966797 -0.892578
vt 0.841797 -0.892578
vt 0.498047 -0.986328
vt 0.654297 -0.986328
vt 0.654297 -0.892578
vt 0.529297 -0.892578
vt -0.470703 -1.392578
vt -0.345703 -1.392578
vt -0.345703 -1.105469
vt -0.158203 -1.392578
vt -0.158203 -1.105469
vt -0.033203 -1.392578
vt -0.158203 -0.609375
vt -0.251953 -0.515625
vt -0.345703 -0.609375
vt 1.0 0.5
vt 1.0 0.0
vt 1.03125 0.1875
vt 1.15625 0.03125
vt 1.5 0.0
vt 0.753906 -0.599609
vt 1.0 -0.599609
vt 1.0 -0.513672
vt 0.5 -0.513672
vt 1.0 -0.599609
vt 1.279297 -0.599609
vt 1.5 -0.513672
vt 1.0 -0.513672
vt 0.4375 -0.59375
vt 0.4375 -0.890625
vt 0.285156 -0.59375
vt 0.285156 -0.890625
vt 0.4375 -0.890625
vt 0.4375 -0.394531
vt 0.285156 -0.394531
vt 0.285156 -0.486328
vt 0.4375 -0.394531
vt 0.4375 -0.59375
vt 0.285156 -0.59375
vt 0.4375 -0.890625
vt 2.0 -0.894531
vt 2.0 -0.597656
vt 0.0 -0.597656
vt 0.0 -0.894531
vt 2.0 -0.515625
vt 0.0 -0.515625
vt 2.0 -0.894531
vt 0.0 -0.894531
vt 0.0 -0.988281
vt 2.0 -0.988281
vt 0.841797 -0.986328
vt 0.998047 -0.986328
vt 0.966797 -0.892578
vt 0.841797 -0.892578
vt 0.498047 -0.986328
vt 0.654297 -0.986328
vt 0.654297 -0.892578
vt 0.529297 -0.892578
vt -0.470703 -1.392578
vt -0.345703 -1.392578
vt -0.345703 -1.105469
vt -0.158203 -1.392578
vt -0.158203 -1.105469
vt -0.033203 -1.392578
vt -0.158203 -0.609375
vt -0.251953 -0.515625
vt -0.345703 -0.609375
vt 1.0 0.5
vt 1.0 0.0
vt 1.03125 0.1875
vt 1.15625 0.03125
vt 1.5 0.0
vt 3.0 -0.894531
vt 3.0 -0.597656
vt 0.0 -0.597656
vt 0.0 -0.894531
vt 3.0 -0.515625
vt 0.0 -0.515625
vt 3.0 -0.894531
vt 0.0 -0.894531
vt 0.0 -0.988281
vt 3.0 -0.988281
vt 0.0 2.0
vt 0.0 0.0
vt 8.0 0.0
vt 8.0 2.0
vt 1.0 -0.894531
vt 1.0 -0.597656
vt 0.0 -0.597656
vt 0.0 -0.894531
vt 1.0 -0.515625
vt 0.0 -0.515625
vt 1.0 -0.894531
vt 0.0 -0.894531
vt 0.0 -0.988281
vt 1.0 -0.988281
vt 0.0 5.0
vt 0.0 0.0
vt 1.0 0.0
vt 1.0 5.0
vt 0.0 3.0
vt 0.0 0.0
vt 1.0 0.0
vt 1.0 3.0
vt 0.753906 -0.599609
vt 1.0 -0.599609
vt 1.0 -0.513672
vt 0.5 -0.513672
vt 1.0 -0.599609
vt 1.279297 -0.599609
vt 1.5 -0.513672
vt 1.0 -0.513672
vt 0.4375 -0.59375
vt 0.4375 -0.890625
vt 0.285156 -0.59375
vt 0.285156 -0.890625
vt 0.4375 -0.890625
vt 0.4375 -0.394531
vt 0.285156 -0.394531
vt 0.285156 -0.486328
vt 0.4375 -0.394531
vt 0.4375 -0.59375
vt 0.285156 -0.59375
vt 0.4375 -0.890625
vt 1.0 -0.894531
vt 1.0 -0.597656
vt 0.0 -0.597656
vt 0.0 -0.894531
vt 1.0 -0.515625
vt 0.0 -0.515625
vt 1.0 -0.894531
vt 0.0 -0.894531
vt 0.0 -0.988281
vt 1.0 -0.988281
vt 0.841797 -0.986328
vt 0.998047 -0.986328
vt 0.966797 -0.892578
vt 0.841797 -0.892578
vt 0.498047 -0.986328
vt 0.654297 -0.986328
vt 0.654297 -0.892578
vt 0.529297 -0.892578
vt -0.470703 -1.392578
vt -0.345703 -1.392578
vt -0.345703 -1.105469
vt -0.158203 -1.392578
vt -0.158203 -1.105469
vt -0.033203 -1.392578
vt -0.158203 -0.609375
vt -0.251953 -0.515625
vt -0.345703 -0.609375
vt 1.0 0.5
vt 1.0 0.0
vt 1.03125 0.1875
vt 1.15625 0.03125
vt 1.5 0.0
vt 0.0 2.0
vt 0.0 0.0
vt 4.0 0.0
vt 4.0 2.0
vt 0.0 2.0
vt 0.0 0.0
vt 8.0 0.0
vt 8.0 2.0
vt 0.753906 -0.599609
vt 1.0 -0.599609
vt 1.0 -0.513672
vt 0.5 -0.513672
vt 1.0 -0.599609
vt 1.279297 -0.599609
vt 1.5 -0.513672
vt 1.0 -0.513672
vt 0.4375 -0.59375
vt 0.4375 -0.890625
vt 0.285156 -0.59375
vt 0.285156 -0.890625
vt 0.4375 -0.890625
vt 0.4375 -0.394531
vt 0.285156 -0.394531
vt 0.285156 -0.486328
vt 0.4375 -0.394531
vt 0.4375 -0.59375
vt 0.285156 -0.59375
vt 0.4375 -0.890625
vt 0.5 -0.894531
vt 0.5 -0.597656
vt 0.0 -0.597656
vt 0.0 -0.894531
vt 0.5 -0.515625
vt 0.0 -0.515625
vt 0.5 -0.894531
vt 0.0 -0.894531
vt 0.0 -0.988281
vt 0.5 -0.988281
vt 0.753906 -0.599609
vt 1.0 -0.599609
vt 1.0 -0.513672
vt 0.5 -0.513672
vt 1.0 -0.599609
vt 1.279297 -0.599609
vt 1.5 -0.513672
vt 1.0 -0.513672
vt 0.4375 -0.59375
vt 0.4375 -0.890625
vt 0.285156 -0.59375
vt 0.285156 -0.890625
vt 0.4375 -0.890625
vt 0.4375 -0.394531
vt 0.285156 -0.394531
vt 0.285156 -0.486328
vt 0.4375 -0.394531
vt 0.4375 -0.59375
vt 0.285156 -0.59375
vt 0.4375 -0.890625
vt 0.841797 -0.986328
vt 0.998047 -0.986328
vt 0.966797 -0.892578
vt 0.841797 -0.892578
vt 0.498047 -0.986328
vt 0.654297 -0.986328
vt 0.654297 -0.892578
vt 0.529297 -0.892578
vt -0.470703 -1.392578
vt -0.345703 -1.392578
vt -0.345703 -1.105469
vt -0.158203 -1.392578
vt -0.158203 -1.105469
vt -0.033203 -1.392578
vt -0.158203 -0.609375
vt -0.251953 -0.515625
vt -0.345703 -0.609375
vt 1.0 0.5
vt 1.0 0.0
vt 1.03125 0.1875
vt 1.15625 0.03125
vt 1.5 0.0
vt 0.0 2.0
vt 0.0 0.0
vt 8.0 0.0
vt 8.0 2.0
vt 2.0 -0.894531
vt 2.0 -0.597656
vt 0.0 -0.597656
vt 0.0 -0.894531
vt 2.0 -0.515625
vt 0.0 -0.515625
vt 2.0 -0.894531
vt 0.0 -0.894531
vt 0.0 -0.988281
vt 2.0 -0.988281
vt 0.0 3.0
vt 0.0 0.0
vt 4.0 0.0
vt 4.0 3.0
vt 0.0 2.0
vt 0.0 0.0
vt 8.0 0.0
vt 8.0 2.0
vt 0.0 1.0
vt 0.0 0.0
vt 8.0 0.0
vt 8.0 1.0
vt 0.0 1.0
vt 0.0 0.0
vt 8.0 0.0
vt 8.0 1.0
vt 4.0 -0.894531
vt 4.0 -0.597656
vt 0.0 -0.597656
vt 0.0 -0.894531
vt 4.0 -0.515625
vt 0.0 -0.515625
vt 4.0 -0.894531
vt 0.0 -0.894531
vt 0.0 -0.988281
vt 4.0 -0.988281
vt 0.0 1.0
vt 0.0 0.0
vt 6.0 0.0
vt 6.0 1.0
vt 4.0 -0.894531
vt 4.0 -0.597656
vt 0.0 -0.597656
vt 0.0 -0.894531
vt 4.0 -0.515625
vt 0.0 -0.515625
vt 4.0 -0.894531
vt 0.0 -0.894531
vt 0.0 -0.988281
vt 4.0 -0.988281
vt 0.0 2.0
vt 0.0 0.0
vt 8.0 0.0
vt 8.0 2.0
vt 0.753906 -0.599609
vt 1.0 -0.599609
vt 1.0 -0.513672
vt 0.5 -0.513672
vt 1.0 -0.599609
vt 1.279297 -0.599609
vt 1.5 -0.513672
vt 1.0 -0.513672
vt 0.4375 -0.59375
vt 0.4375 -0.890625
vt 0.285156 -0.59375
vt 0.285156 -0.890625
vt 0.4375 -0.890625
vt 0.4375 -0.394531
vt 0.285156 -0.394531
vt 0.285156 -0.486328
vt 0.4375 -0.394531
vt 0.4375 -0.59375
vt 0.285156 -0.59375
vt 0.4375 -0.890625
vt 0.5 -0.894531
vt 0.5 -0.597656
vt 0.0 -0.597656
vt 0.0 -0.894531
vt 0.5 -0.515625
vt 0.0 -0.515625
vt 0.5 -0.894531
vt 0.0 -0.894531
vt 0.0 -0.988281
vt 0.5 -0.988281
vt 0.841797 -0.986328
vt 0.998047 -0.986328
vt 0.966797 -0.892578
vt 0.841797 -0.892578
vt 0.498047 -0.986328
vt 0.654297 -0.986328
vt 0.654297 -0.892578
vt 0.529297 -0.892578
vt -0.470703 -1.392578
vt -0.345703 -1.392578
vt -0.345703 -1.105469
vt -0.158203 -1.392578
vt -0.158203 -1.105469
vt -0.033203 -1.392578
vt -0.158203 -0.609375
vt -0.251953 -0.515625
vt -0.345703 -0.609375
vt 1.0 0.5
vt 1.0 0.0
vt 1.03125 0.1875
vt 1.15625 0.03125
vt 1.5 0.0
vt 0.0 1.0
vt 0.0 0.0
vt 8.0 0.0
vt 8.0 1.0
vt 0.753906 -0.599609
vt 1.0 -0.599609
vt 1.0 -0.513672
vt 0.5 -0.513672
vt 1.0 -0.599609
vt 1.279297 -0.599609
vt 1.5 -0.513672
vt 1.0 -0.513672
vt 0.4375 -0.59375
vt 0.4375 -0.890625
vt 0.285156 -0.59375
vt 0.285156 -0.890625
vt 0.4375 -0.890625
vt 0.4375 -0.394531
vt 0.285156 -0.394531
vt 0.285156 -0.486328
vt 0.4375 -0.394531
vt 0.4375 -0.59375
vt 0.285156 -0.59375
vt 0.4375 -0.890625
vt 0.841797 -0.986328
vt 0.998047 -0.986328
vt 0.966797 -0.892578
vt 0.841797 -0.892578
vt 0.498047 -0.986328
vt 0.654297 -0.986328
vt 0.654297 -0.892578
vt 0.529297 -0.892578
vt -0.470703 -1.392578
vt -0.345703 -1.392578
vt -0.345703 -1.105469
vt -0.158203 -1.392578
vt -0.158203 -1.105469
vt -0.033203 -1.392578
vt -0.158203 -0.609375
vt -0.251953 -0.515625
vt -0.345703 -0.609375
vt 1.0 0.5
vt 1.0 0.0
vt 1.03125 0.1875
vt 1.15625 0.03125
vt 1.5 0.0
vt 0.0 2.0
vt 0.0 0.0
vt 8.0 0.0
vt 8.0 2.0
vt 2.0 -0.894531
vt 2.0 -0.597656
vt 0.0 -0.597656
vt 0.0 -0.894531
vt 2.0 -0.515625
vt 0.0 -0.515625
vt 2.0 -0.894531
vt 0.0 -0.894531
vt 0.0 -0.988281
vt 2.0 -0.988281
vt 0.0 2.0
vt 0.0 0.0
vt 8.0 0.0
vt 8.0 2.0
vt 0.0 1.0
vt 0.0 0.0
vt 7.0 0.0
vt 7.0 1.0
vt 3.5 -0.894531
vt 3.5 -0.597656
vt 0.0 -0.597656
vt 0.0 -0.894531
vt 3.5 -0.515625
vt 0.0 -0.515625
vt 3.5 -0.894531
vt 0.0 -0.894531
vt 0.0 -0.988281
vt 3.5 -0.988281
vt 0.0 2.0
vt 0.0 0.0
vt 7.0 0.0
vt 7.0 2.0
vt 0.0 2.0
vt 0.0 0.0
vt 5.0 0.0
vt 5.0 2.0
vt 0.0 2.0
vt 0.0 0.0
vt 8.0 0.0
vt 8.0 2.0
vt 0.753906 -0.599609
vt 1.0 -0.599609
vt 1.0 -0.513672
vt 0.5 -0.513672
vt 1.0 -0.599609
vt 1.279297 -0.599609
vt 1.5 -0.513672
vt 1.0 -0.513672
vt 0.4375 -0.59375
vt 0.4375 -0.890625
vt 0.285156 -0.59375
vt 0.285156 -0.890625
vt 0.4375 -0.890625
vt 0.4375 -0.394531
vt 0.285156 -0.394531
vt 0.285156 -0.486328
vt 0.4375 -0.394531
vt 0.4375 -0.59375
vt 0.285156 -0.59375
vt 0.4375 -0.890625
vt 0.841797 -0.986328
vt 0.998047 -0.986328
vt 0.966797 -0.892578
vt 0.841797 -0.892578
vt 0.498047 -0.986328
vt 0.654297 -0.986328
vt 0.654297 -0.892578
vt 0.529297 -0.892578
vt -0.470703 -1.392578
vt -0.345703 -1.392578
vt -0.345703 -1.105469
vt -0.158203 -1.392578
vt -0.158203 -1.105469
vt -0.033203 -1.392578
vt -0.158203 -0.609375
vt -0.251953 -0.515625
vt -0.345703 -0.609375
vt 1.0 0.5
vt 1.0 0.0
vt 1.03125 0.1875
vt 1.15625 0.03125
vt 1.5 0.0
vt 0.0 2.0
vt 0.0 0.0
vt 3.0 0.0
vt 3.0 2.0
vt 0.0 1.0
vt 0.0 0.0
vt 5.0 0.0
vt 5.0 1.0
vt 0.753906 -0.599609
vt 1.0 -0.599609
vt 1.0 -0.513672
vt 0.5 -0.513672
vt 1.0 -0.599609
vt 1.279297 -0.599609
vt 1.5 -0.513672
vt 1.0 -0.513672
vt 0.4375 -0.59375
vt 0.4375 -0.890625
vt 0.285156 -0.59375
vt 0.285156 -0.890625
vt 0.4375 -0.890625
vt 0.4375 -0.394531
vt 0.285156 -0.394531
vt 0.285156 -0.486328
vt 0.4375 -0.394531
vt 0.4375 -0.59375
vt 0.285156 -0.59375
vt 0.4375 -0.890625
vt 0.841797 -0.986328
vt 0.998047 -0.986328
vt 0.966797 -0.892578
vt 0.841797 -0.892578
vt 0.498047 -0.986328
vt 0.654297 -0.986328
vt 0.654297 -0.892578
vt 0.529297 -0.892578
vt -0.470703 -1.392578
vt -0.345703 -1.392578
vt -0.345703 -1.105469
vt -0.158203 -1.392578
vt -0.158203 -1.105469
vt -0.033203 -1.392578
vt -0.158203 -0.609375
vt -0.251953 -0.515625
vt -0.345703 -0.609375
vt 1.0 0.5
vt 1.0 0.0
vt 1.03125 0.1875
vt 1.15625 0.03125
vt 1.5 0.0
vt 3.5 -0.894531
vt 3.5 -0.597656
vt 0.0 -0.597656
vt 0.0 -0.894531
vt 3.5 -0.515625
vt 0.0 -0.515625
vt 3.5 -0.894531
vt 0.0 -0.894531
vt 0.0 -0.988281
vt 3.5 -0.988281
vt 0.0 1.0
vt 0.0 0.0
vt 7.0 0.0
vt 7.0 1.0
vt 3.0 -0.894531
vt 3.0 -0.597656
vt 0.0 -0.597656
vt 0.0 -0.894531
vt 3.0 -0.515625
vt 0.0 -0.515625
vt 3.0 -0.894531
vt 0.0 -0.894531
vt 0.0 -0.988281
vt 3.0 -0.988281
vt 0.0 1.0
vt 0.0 0.0
vt 8.0 0.0
vt 8.0 1.0
vt 1.5 -0.894531
vt 1.5 -0.597656
vt 0.0 -0.597656
vt 0.0 -0.894531
vt 1.5 -0.515625
vt 0.0 -0.515625
vt 1.5 -0.894531
vt 0.0 -0.894531
vt 0.0 -0.988281
vt 1.5 -0.988281
vt 0.0 2.0
vt 0.0 0.0
vt 5.0 0.0
vt 5.0 2.0
vt 0.841797 -0.986328
vt 0.998047 -0.986328
vt 0.966797 -0.892578
vt 0.841797 -0.892578
vt 0.498047 -0.986328
vt 0.654297 -0.986328
vt 0.654297 -0.892578
vt 0.529297 -0.892578
vt -0.470703 -1.392578
vt -0.345703 -1.392578
vt -0.345703 -1.105469
vt -0.158203 -1.392578
vt -0.158203 -1.105469
vt -0.033203 -1.392578
vt -0.158203 -0.609375
vt -0.251953 -0.515625
vt -0.345703 -0.609375
vt 1.0 0.5
vt 1.0 0.0
vt 1.03125 0.1875
vt 1.15625 0.03125
vt 1.5 0.0
vt 1.0 -0.894531
vt 1.0 -0.597656
vt 0.0 -0.597656
vt 0.0 -0.894531
vt 1.0 -0.515625
vt 0.0 -0.515625
vt 1.0 -0.894531
vt 0.0 -0.894531
vt 0.0 -0.988281
vt 1.0 -0.988281
vt 0.753906 -0.599609
vt 1.0 -0.599609
vt 1.0 -0.513672
vt 0.5 -0.513672
vt 1.0 -0.599609
vt 1.279297 -0.599609
vt 1.5 -0.513672
vt 1.0 -0.513672
vt 0.4375 -0.59375
vt 0.4375 -0.890625
vt 0.285156 -0.59375
vt 0.285156 -0.890625
vt 0.4375 -0.890625
vt 0.4375 -0.394531
vt 0.285156 -0.394531
vt 0.285156 -0.486328
vt 0.4375 -0.394531
vt 0.4375 -0.59375
vt 0.285156 -0.59375
vt 0.4375 -0.890625
vt 0.841797 -0.986328
vt 0.998047 -0.986328
vt 0.966797 -0.892578
vt 0.841797 -0.892578
vt 0.498047 -0.986328
vt 0.654297 -0.986328
vt 0.654297 -0.892578
vt 0.529297 -0.892578
vt -0.470703 -1.392578
vt -0.345703 -1.392578
vt -0.345703 -1.105469
vt -0.158203 -1.392578
vt -0.158203 -1.105469
vt -0.033203 -1.392578
vt -0.158203 -0.609375
vt -0.251953 -0.515625
vt -0.345703 -0.609375
vt 1.0 0.5
vt 1.0 0.0
vt 1.03125 0.1875
vt 1.15625 0.03125
vt 1.5 0.0
vt 0.0 2.0
vt 0.0 0.0
vt 8.0 0.0
vt 8.0 2.0
vt 0.0 1.0
vt 0.0 0.0
vt 4.0 0.0
vt 4.0 1.0
vt 0.841797 -0.986328
vt 0.998047 -0.986328
vt 0.966797 -0.892578
vt 0.841797 -0.892578
vt 0.498047 -0.986328
vt 0.654297 -0.986328
vt 0.654297 -0.892578
vt 0.529297 -0.892578
vt -0.470703 -1.392578
vt -0.345703 -1.392578
vt -0.345703 -1.105469
vt -0.158203 -1.392578
vt -0.158203 -1.105469
vt -0.033203 -1.392578
vt -0.158203 -0.609375
vt -0.251953 -0.515625
vt -0.345703 -0.609375
vt 1.0 0.5
vt 1.0 0.0
vt 1.03125 0.1875
vt 1.15625 0.03125
vt 1.5 0.0
vt 2.0 -0.894531
vt 2.0 -0.597656
vt 0.0 -0.597656
vt 0.0 -0.894531
vt 2.0 -0.515625
vt 0.0 -0.515625
vt 2.0 -0.894531
vt 0.0 -0.894531
vt 0.0 -0.988281
vt 2.0 -0.988281
vt 0.753906 -0.599609
vt 1.0 -0.599609
vt 1.0 -0.513672
vt 0.5 -0.513672
vt 1.0 -0.599609
vt 1.279297 -0.599609
vt 1.5 -0.513672
vt 1.0 -0.513672
vt 0.4375 -0.59375
vt 0.4375 -0.890625
vt 0.285156 -0.59375
vt 0.285156 -0.890625
vt 0.4375 -0.890625
vt 0.4375 -0.394531
vt 0.285156 -0.394531
vt 0.285156 -0.486328
vt 0.4375 -0.394531
vt 0.4375 -0.59375
vt 0.285156 -0.59375
vt 0.4375 -0.890625
vt 0.0 2.0
vt 0.0 0.0
vt 8.0 0.0
vt 8.0 2.0
vt 0.0 8.0
vt 0.0 0.0
vt 1.0 0.0
vt 1.0 8.0
vt 0.0 1.0
vt 0.0 0.0
vt 1.0 0.0
vt 1.0 1.0
vt 3.0 -0.894531
vt 3.0 -0.597656
vt 0.0 -0.597656
vt 0.0 -0.894531
vt 3.0 -0.515625
vt 0.0 -0.515625
vt 3.0 -0.894531
vt 0.0 -0.894531
vt 0.0 -0.988281
vt 3.0 -0.988281
vt 0.0 1.0
vt 0.0 0.0
vt 8.0 0.0
vt 8.0 1.0
vt 1.5 -0.894531
vt 1.5 -0.597656
vt 0.0 -0.597656
vt 0.0 -0.894531
vt 1.5 -0.515625
vt 0.0 -0.515625
vt 1.5 -0.894531
vt 0.0 -0.894531
vt 0.0 -0.988281
vt 1.5 -0.988281
vt 0.0 2.0
vt 0.0 0.0
vt 8.0 0.0
vt 8.0 2.0
vt 0.0 3.0
vt 0.0 0.0
vt 7.0 0.0
vt 7.0 3.0
vt 4.0 -0.894531
vt 4.0 -0.597656
vt 0.0 -0.597656
vt 0.0 -0.894531
vt 4.0 -0.515625
vt 0.0 -0.515625
vt 4.0 -0.894531
vt 0.0 -0.894531
vt 0.0 -0.988281
vt 4.0 -0.988281
vt 1.0 -0.894531
vt 1.0 -0.597656
vt 0.0 -0.597656
vt 0.0 -0.894531
vt 1.0 -0.515625
vt 0.0 -0.515625
vt 1.0 -0.894531
vt 0.0 -0.894531
vt 0.0 -0.988281
vt 1.0 -0.988281
vt 0.841797 -0.986328
vt 0.998047 -0.986328
vt 0.966797 -0.892578
vt 0.841797 -0.892578
vt 0.498047 -0.986328
vt 0.654297 -0.986328
vt 0.654297 -0.892578
vt 0.529297 -0.892578
vt -0.470703 -1.392578
vt -0.345703 -1.392578
vt -0.345703 -1.105469
vt -0.158203 -1.392578
vt -0.158203 -1.105469
vt -0.033203 -1.392578
vt -0.158203 -0.609375
vt -0.251953 -0.515625
vt -0.345703 -0.609375
vt 1.0 0.5
vt 1.0 0.0
vt 1.03125 0.1875
vt 1.15625 0.03125
vt 1.5 0.0
vt 0.0 8.0
vt 0.0 0.0
vt 1.0 0.0
vt 1.0 8.0
vt 0.0 3.0
vt 0.0 0.0
vt 1.0 0.0
vt 1.0 3.0
vt 1.0 -0.894531
vt 1.0 -0.597656
vt 0.0 -0.597656
vt 0.0 -0.894531
vt 1.0 -0.515625
vt 0.0 -0.515625
vt 1.0 -0.894531
vt 0.0 -0.894531
vt 0.0 -0.988281
vt 1.0 -0.988281
vt 0.753906 -0.599609
vt 1.0 -0.599609
vt 1.0 -0.513672
vt 0.5 -0.513672
vt 1.0 -0.599609
vt 1.279297 -0.599609
vt 1.5 -0.513672
vt 1.0 -0.513672
vt 0.4375 -0.59375
vt 0.4375 -0.890625
vt 0.285156 -0.59375
vt 0.285156 -0.890625
vt 0.4375 -0.890625
vt 0.4375 -0.394531
vt 0.285156 -0.394531
vt 0.285156 -0.486328
vt 0.4375 -0.394531
vt 0.4375 -0.59375
vt 0.285156 -0.59375
vt 0.4375 -0.890625
vt 0.0 6.0
vt 0.0 0.0
vt 1.0 0.0
vt 1.0 6.0
vt 0.753906 -0.599609
vt 1.0 -0.599609
vt 1.0 -0.513672
vt 0.5 -0.513672
vt 1.0 -0.599609
vt 1.279297 -0.599609
vt 1.5 -0.513672
vt 1.0 -0.513672
vt 0.4375 -0.59375
vt 0.4375 -0.890625
vt 0.285156 -0.59375
vt 0.285156 -0.890625
vt 0.4375 -0.890625
vt 0.4375 -0.394531
vt 0.285156 -0.394531
vt 0.285156 -0.486328
vt 0.4375 -0.394531
vt 0.4375 -0.59375
vt 0.285156 -0.59375
vt 0.4375 -0.890625
vt 1.5 -0.894531
vt 1.5 -0.597656
vt 0.0 -0.597656
vt 0.0 -0.894531
vt 1.5 -0.515625
vt 0.0 -0.515625
vt 1.5 -0.894531
vt 0.0 -0.894531
vt 0.0 -0.988281
vt 1.5 -0.988281
vt 0.841797 -0.986328
vt 0.998047 -0.986328
vt 0.966797 -0.892578
vt 0.841797 -0.892578
vt 0.498047 -0.986328
vt 0.654297 -0.986328
vt 0.654297 -0.892578
vt 0.529297 -0.892578
vt -0.470703 -1.392578
vt -0.345703 -1.392578
vt -0.345703 -1.105469
vt -0.158203 -1.392578
vt -0.158203 -1.105469
vt -0.033203 -1.392578
vt -0.158203 -0.609375
vt -0.251953 -0.515625
vt -0.345703 -0.609375
vt 1.0 0.5
vt 1.0 0.0
vt 1.03125 0.1875
vt 1.15625 0.03125
vt 1.5 0.0
vt 0.0 2.0
vt 0.0 0.0
vt 3.0 0.0
vt 3.0 2.0
vt 0.753906 -0.599609
vt 1.0 -0.599609
vt 1.0 -0.513672
vt 0.5 -0.513672
vt 1.0 -0.599609
vt 1.279297 -0.599609
vt 1.5 -0.513672
vt 1.0 -0.513672
vt 0.4375 -0.59375
vt 0.4375 -0.890625
vt 0.285156 -0.59375
vt 0.285156 -0.890625
vt 0.4375 -0.890625
vt 0.4375 -0.394531
vt 0.285156 -0.394531
vt 0.285156 -0.486328
vt 0.4375 -0.394531
vt 0.4375 -0.59375
vt 0.285156 -0.59375
vt 0.4375 -0.890625
vt 1.0 -0.894531
vt 1.0 -0.597656
vt 0.0 -0.597656
vt 0.0 -0.894531
vt 1.0 -0.515625
vt 0.0 -0.515625
vt 1.0 -0.894531
vt 0.0 -0.894531
vt 0.0 -0.988281
vt 1.0 -0.988281
vt 0.753906 -0.599609
vt 1.0 -0.599609
vt 1.0 -0.513672
vt 0.5 -0.513672
vt 1.0 -0.599609
vt 1.279297 -0.599609
vt 1.5 -0.513672
vt 1.0 -0.513672
vt 0.4375 -0.59375
vt 0.4375 -0.890625
vt 0.285156 -0.59375
vt 0.285156 -0.890625
vt 0.4375 -0.890625
vt 0.4375 -0.394531
vt 0.285156 -0.394531
vt 0.285156 -0.486328
vt 0.4375 -0.394531
vt 0.4375 -0.59375
vt 0.285156 -0.59375
vt 0.4375 -0.890625
vt 0.0 2.0
vt 0.0 0.0
vt 5.0 0.0
vt 5.0 2.0
vt 0.841797 -0.986328
vt 0.998047 -0.986328
vt 0.966797 -0.892578
vt 0.841797 -0.892578
vt 0.498047 -0.986328
vt 0.654297 -0.986328
vt 0.654297 -0.892578
vt 0.529297 -0.892578
vt -0.470703 -1.392578
vt -0.345703 -1.392578
vt -0.345703 -1.105469
vt -0.158203 -1.392578
vt -0.158203 -1.105469
vt -0.033203 -1.392578
vt -0.158203 -0.609375
vt -0.251953 -0.515625
vt -0.345703 -0.609375
vt 1.0 0.5
vt 1.0 0.0
vt 1.03125 0.1875
vt 1.15625 0.03125
vt 1.5 0.0
vt 3.0 -0.894531
vt 3.0 -0.597656
vt 0.0 -0.597656
vt 0.0 -0.894531
vt 3.0 -0.515625
vt 0.0 -0.515625
vt 3.0 -0.894531
vt 0.0 -0.894531
vt 0.0 -0.988281
vt 3.0 -0.988281
vt 0.841797 -0.986328
vt 0.998047 -0.986328
vt 0.966797 -0.892578
vt 0.841797 -0.892578
vt 0.498047 -0.986328
vt 0.654297 -0.986328
vt 0.654297 -0.892578
vt 0.529297 -0.892578
vt -0.470703 -1.392578
vt -0.345703 -1.392578
vt -0.345703 -1.105469
vt -0.158203 -1.392578
vt -0.158203 -1.105469
vt -0.033203 -1.392578
vt -0.158203 -0.609375
vt -0.251953 -0.515625
vt -0.345703 -0.609375
vt 1.0 0.5
vt 1.0 0.0
vt 1.03125 0.1875
vt 1.15625 0.03125
vt 1.5 0.0
vt 0.0 4.0
vt 0.0 0.0
vt 2.0 0.0
vt 2.0 4.0
vt 0.0 4.0
vt 0.0 0.0
vt 6.0 0.0
vt 6.0 4.0
vt 0.0 8.0
vt 0.0 0.0
vt 3.0 0.0
vt 3.0 8.0
vt 0.0 1.0
vt 0.0 0.0
vt 1.0 0.0
vt 1.0 1.0
vt 0.0 3.0
vt 0.0 0.0
vt 1.0 0.0
vt 1.0 3.0
vt 0.753906 -0.599609
vt 1.0 -0.599609
vt 1.0 -0.513672
vt 0.5 -0.513672
vt 1.0 -0.599609
vt 1.279297 -0.599609
vt 1.5 -0.513672
vt 1.0 -0.513672
vt 0.4375 -0.59375
vt 0.4375 -0.890625
vt 0.285156 -0.59375
vt 0.285156 -0.890625
vt 0.4375 -0.890625
vt 0.4375 -0.394531
vt 0.285156 -0.394531
vt 0.285156 -0.486328
vt 0.4375 -0.394531
vt 0.4375 -0.59375
vt 0.285156 -0.59375
vt 0.4375 -0.890625
vt 1.5 -0.894531
vt 1.5 -0.597656
vt 0.0 -0.597656
vt 0.0 -0.894531
vt 1.5 -0.515625
vt 0.0 -0.515625
vt 1.5 -0.894531
vt 0.0 -0.894531
vt 0.0 -0.988281
vt 1.5 -0.988281
vt 0.841797 -0.986328
vt 0.998047 -0.986328
vt 0.966797 -0.892578
vt 0.841797 -0.892578
vt 0.498047 -0.986328
vt 0.654297 -0.986328
vt 0.654297 -0.892578
vt 0.529297 -0.892578
vt -0.470703 -1.392578
vt -0.345703 -1.392578
vt -0.345703 -1.105469
vt -0.158203 -1.392578
vt -0.158203 -1.105469
vt -0.033203 -1.392578
vt -0.158203 -0.609375
vt -0.251953 -0.515625
vt -0.345703 -0.609375
vt 1.0 0.5
vt 1.0 0.0
vt 1.03125 0.1875
vt 1.15625 0.03125
vt 1.5 0.0
vt 0.753906 -0.599609
vt 1.0 -0.599609
vt 1.0 -0.513672
vt 0.5 -0.513672
vt 1.0 -0.599609
vt 1.279297 -0.599609
vt 1.5 -0.513672
vt 1.0 -0.513672
vt 0.4375 -0.59375
vt 0.4375 -0.890625
vt 0.285156 -0.59375
vt 0.285156 -0.890625
vt 0.4375 -0.890625
vt 0.4375 -0.394531
vt 0.285156 -0.394531
vt 0.285156 -0.486328
vt 0.4375 -0.394531
vt 0.4375 -0.59375
vt 0.285156 -0.59375
vt 0.4375 -0.890625
vt 1.0 -0.894531
vt 1.0 -0.597656
vt 0.0 -0.597656
vt 0.0 -0.894531
vt 1.0 -0.515625
vt 0.0 -0.515625
vt 1.0 -0.894531
vt 0.0 -0.894531
vt 0.0 -0.988281
vt 1.0 -0.988281
vt 0.841797 -0.986328
vt 0.998047 -0.986328
vt 0.966797 -0.892578
vt 0.841797 -0.892578
vt 0.498047 -0.986328
vt 0.654297 -0.986328
vt 0.654297 -0.892578
vt 0.529297 -0.892578
vt -0.470703 -1.392578
vt -0.345703 -1.392578
vt -0.345703 -1.105469
vt -0.158203 -1.392578
vt -0.158203 -1.105469
vt -0.033203 -1.392578
vt -0.158203 -0.609375
vt -0.251953 -0.515625
vt -0.345703 -0.609375
vt 1.0 0.5
vt 1.0 0.0
vt 1.03125 0.1875
vt 1.15625 0.03125
vt 1.5 0.0
vt 0.0 4.0
vt 0.0 0.0
vt 3.0 0.0
vt 3.0 4.0
vt 0.0 2.0
vt 0.0 0.0
vt 3.0 0.0
vt 3.0 2.0
vt 0.841797 -0.986328
vt 0.998047 -0.986328
vt 0.966797 -0.892578
vt 0.841797 -0.892578
vt 0.498047 -0.986328
vt 0.654297 -0.986328
vt 0.654297 -0.892578
vt 0.529297 -0.892578
vt -0.470703 -1.392578
vt -0.345703 -1.392578
vt -0.345703 -1.105469
vt -0.158203 -1.392578
vt -0.158203 -1.105469
vt -0.033203 -1.392578
vt -0.158203 -0.609375
vt -0.251953 -0.515625
vt -0.345703 -0.609375
vt 1.0 0.5
vt 1.0 0.0
vt 1.03125 0.1875
vt 1.15625 0.03125
vt 1.5 0.0
vt 2.0 -0.894531
vt 2.0 -0.597656
vt 0.0 -0.597656
vt 0.0 -0.894531
vt 2.0 -0.515625
vt 0.0 -0.515625
vt 2.0 -0.894531
vt 0.0 -0.894531
vt 0.0 -0.988281
vt 2.0 -0.988281
vt 0.0 5.0
vt 0.0 0.0
vt 2.0 0.0
vt 2.0 5.0
vt 0.753906 -0.599609
vt 1.0 -0.599609
vt 1.0 -0.513672
vt 0.5 -0.513672
vt 1.0 -0.599609
vt 1.279297 -0.599609
vt 1.5 -0.513672
vt 1.0 -0.513672
vt 0.4375 -0.59375
vt 0.4375 -0.890625
vt 0.285156 -0.59375
vt 0.285156 -0.890625
vt 0.4375 -0.890625
vt 0.4375 -0.394531
vt 0.285156 -0.394531
vt 0.285156 -0.486328
vt 0.4375 -0.394531
vt 0.4375 -0.59375
vt 0.285156 -0.59375
vt 0.4375 -0.890625
vt 1.0 -0.894531
vt 1.0 -0.597656
vt 0.0 -0.597656
vt 0.0 -0.894531
vt 1.0 -0.515625
vt 0.0 -0.515625
vt 1.0 -0.894531
vt 0.0 -0.894531
vt 0.0 -0.988281
vt 1.0 -0.988281
vt 0.841797 -0.986328
vt 0.998047 -0.986328
vt 0.966797 -0.892578
vt 0.841797 -0.892578
vt 0.498047 -0.986328
vt 0.654297 -0.986328
vt 0.654297 -0.892578
vt 0.529297 -0.892578
vt -0.470703 -1.392578
vt -0.345703 -1.392578
vt -0.345703 -1.105469
vt -0.158203 -1.392578
vt -0.158203 -1.105469
vt -0.033203 -1.392578
vt -0.158203 -0.609375
vt -0.251953 -0.515625
vt -0.345703 -0.609375
vt 1.0 0.5
vt 1.0 0.0
vt 1.03125 0.1875
vt 1.15625 0.03125
vt 1.5 0.0
vt 0.0 3.0
vt 0.0 0.0
vt 2.0 0.0
vt 2.0 3.0
vt 0.0 1.0
vt 0.0 0.0
vt 2.0 0.0
vt 2.0 1.0
vt 0.0 2.0
vt 0.0 0.0
vt 2.0 0.0
vt 2.0 2.0
vt 1.0 -0.894531
vt 1.0 -0.597656
vt 0.0 -0.597656
vt 0.0 -0.894531
vt 1.0 -0.515625
vt 0.0 -0.515625
vt 1.0 -0.894531
vt 0.0 -0.894531
vt 0.0 -0.988281
vt 1.0 -0.988281
vt 0.0 4.0
vt 0.0 0.0
vt 2.0 0.0
vt 2.0 4.0
vt 0.841797 -0.986328
vt 0.998047 -0.986328
vt 0.966797 -0.892578
vt 0.841797 -0.892578
vt 0.498047 -0.986328
vt 0.654297 -0.986328
vt 0.654297 -0.892578
vt 0.529297 -0.892578
vt -0.470703 -1.392578
vt -0.345703 -1.392578
vt -0.345703 -1.105469
vt -0.158203 -1.392578
vt -0.158203 -1.105469
vt -0.033203 -1.392578
vt -0.158203 -0.609375
vt -0.251953 -0.515625
vt -0.345703 -0.609375
vt 1.0 0.5
vt 1.0 0.0
vt 1.03125 0.1875
vt 1.15625 0.03125
vt 1.5 0.0
vt 0.0 1.0
vt 0.0 0.0
vt 1.0 0.0
vt 1.0 1.0
vt 0.5 -0.894531
vt 0.5 -0.597656
vt 0.0 -0.597656
vt 0.0 -0.894531
vt 0.5 -0.515625
vt 0.0 -0.515625
vt 0.5 -0.894531
vt 0.0 -0.894531
vt 0.0 -0.988281
vt 0.5 -0.988281
vt 0.0 3.0
vt 0.0 0.0
vt 1.0 0.0
vt 1.0 3.0
vt 2.0 1.749998
vt 0.0 1.749998
vt 2.0 3.750002
vt 0.0 3.750002
vt 2.0 3.749998
vt 0.0 3.749998
vt 2.0 5.750002
vt 0.0 5.750002
vt 2.0 5.749998
vt 0.0 5.749998
vt 2.0 7.750002
vt 0.0 7.750002
vt 2.0 8.0
vt 0.0 8.0
vt 2.0 7.7499995
vt 0.0 7.7499995
vt 4.0 1.749998
vt 2.0 1.749998
vt 4.0 3.750002
vt 2.0 3.750002
vt 4.0 3.749998
vt 2.0 3.749998
vt 4.0 5.750002
vt 2.0 5.750002
vt 4.0 5.749998
vt 2.0 5.749998
vt 4.0 7.750002
vt 2.0 7.750002
vt 4.0 8.0
vt 2.0 8.0
vt 4.0 7.7499995
vt 2.0 7.7499995
vt 6.0 1.749998
vt 4.0 1.749998
vt 6.0 3.750002
vt 4.0 3.750002
vt 6.0 3.749998
vt 4.0 3.749998
vt 6.0 5.750002
vt 4.0 5.750002
vt 6.0 5.749998
vt 4.0 5.749998
vt 6.0 7.750002
vt 4.0 7.750002
vt 6.0 8.0
vt 4.0 8.0
vt 6.0 7.7499995
vt 4.0 7.7499995
vt 7.0 1.7500017
vt 5.0 1.7500017
vt 7.0 -1.75E-6
vt 5.0 -1.75E-6
vt 8.0 1.749998
vt 6.0 1.749998
vt 8.0 3.750002
vt 6.0 3.750002
vt 8.0 3.749998
vt 6.0 3.749998
vt 8.0 5.750002
vt 6.0 5.750002
vt 8.0 5.749998
vt 6.0 5.749998
vt 8.0 7.750002
vt 6.0 7.750002
vt 8.0 8.0
vt 6.0 8.0
vt 8.0 7.7499995
vt 6.0 7.7499995
vt 8.0 1.7500017
vt 7.0 1.7500017
vt 8.0 -1.75E-6
vt 7.0 -1.75E-6
vn 0.0 0.0 1.0
vn 0.0 0.0 1.0
vn 0.0 0.0 1.0
vn 0.0 0.0 1.0
vn 0.0 -0.0 1.0
vn -0.0 0.0031 1.0
vn -0.0 -0.0196 0.9998
vn 0.0 -0.007 1.0
vn -0.0 0.0136 0.9999
vn 0.0 0.0 1.0
vn 0.084 -0.0 0.9965
vn -0.0 -0.118 0.993
vn -1.0E-4 0.0379 0.9993
vn 0.0 -0.0316 0.9995
vn 0.0 0.0842 0.9964
vn -5.0E-4 0.171 0.9853
vn -0.0 0.0 1.0
vn 6.0E-4 -0.0 1.0
vn -7.0E-4 -0.0 1.0
vn 0.0838 -0.0 0.9965
vn -0.0 -4.0E-4 1.0
vn 0.0 0.0 1.0
vn 0.0 0.0 1.0
vn -0.0 -0.0 1.0
vn 0.0 6.0E-4 1.0
vn 0.0 -7.0E-4 1.0
vn 0.0 0.0838 0.9965
vn 4.0E-4 -0.0 1.0
vn 0.0 0.0 1.0
vn 0.0 0.0 1.0
vn 0.0 -0.0 1.0
vn 0.0 -0.0 1.0
vn 0.0 0.0 1.0
vn -0.0 -0.0 1.0
vn -0.0 0.0 1.0
vn 0.0 0.0 1.0
vn 0.0 -0.0 1.0
vn 0.0 -0.0 1.0
vn 0.0 0.0 1.0
vn 0.0 -0.0 1.0
vn 0.0 0.0 1.0
vn 0.0 -0.0 1.0
vn -0.0 -0.0 1.0
vn 0.0 6.0E-4 1.0
vn 0.0 -7.0E-4 1.0
vn 0.0 0.0838 0.9965
vn 4.0E-4 -0.0 1.0
vn 0.0 0.0 1.0
vn 0.0 0.0 1.0
vn -0.0 0.0 1.0
vn 0.0 0.0 1.0
vn 0.0 -0.0 1.0
vn 0.0 -0.0 1.0
vn 0.0 0.0 1.0
vn -0.0 -0.0 1.0
vn -0.0 0.0 1.0
vn 0.0 0.0 1.0
vn 0.0 -0.0 1.0
vn -0.0 -0.0 1.0
vn 0.0 6.0E-4 1.0
vn 0.0 -7.0E-4 1.0
vn 0.0 0.0838 0.9965
vn 4.0E-4 -0.0 1.0
vn -0.0 0.0 1.0
vn 6.0E-4 -0.0 1.0
vn -7.0E-4 -0.0 1.0
vn 0.0838 -0.0 0.9965
vn -0.0 -4.0E-4 1.0
vn 0.0 0.0 1.0
vn 0.0 0.0 1.0
vn -1.0 0.0 -0.0
vn 1.0 0.0 0.0
vn 0.0 0.7071 0.7071
vn 0.0 0.8321 0.5547
vn -0.0 0.0434 0.9991
vn 0.0 0.7071 0.7071
vn 0.0 0.8321 0.5547
vn -0.0 0.0434 0.9991
vn 0.0 0.7071 0.7071
vn 0.0 0.8321 0.5547
vn -0.0 0.0434 0.9991
vn 0.0 0.7071 0.7071
vn 0.0 0.8321 0.5547
vn -0.0 0.0434 0.9991
vn 0.7071 -0.0 0.7071
vn 0.8321 -0.0 0.5547
vn 0.0434 0.0 0.9991
vn 0.6947 0.0309 0.7186
vn 0.5609 0.5609 0.609
vn 0.028 0.7246 0.6886
vn 0.8515 0.0338 0.5233
vn -0.0025 0.844 0.5364
vn 0.0062 0.0149 0.9999
vn 0.7071 -0.0 0.7071
vn 0.8321 -0.0 0.5547
vn 0.0434 0.0 0.9991
vn 0.6947 0.0309 0.7186
vn 0.5609 0.5609 0.609
vn 0.028 0.7246 0.6886
vn 0.8515 0.0338 0.5233
vn -0.0025 0.844 0.5364
vn 0.0062 0.0149 0.9999
vn 0.7071 -0.0 0.7071
vn 0.8321 -0.0 0.5547
vn 0.0434 0.0 0.9991
vn 0.6947 0.0309 0.7186
vn 0.5609 0.5609 0.609
vn 0.028 0.7246 0.6886
vn 0.8515 0.0338 0.5233
vn -0.0025 0.844 0.5364
vn 0.0062 0.0149 0.9999
vn 0.0 0.0 1.0
vn -1.0 0.0 -0.0
vn 1.0 0.0 0.0
vn -0.0189 -0.0 0.9998
vn -0.0188 -0.0 0.9998
vn 0.8321 0.0 0.5547
vn 0.7071 0.0 0.7071
vn 0.0 0.7071 0.7071
vn 0.1841 -0.0188 0.9827
vn 0.1841 -0.0187 0.9827
vn 0.6947 0.0309 0.7186
vn 0.5609 0.5609 0.609
vn 0.028 0.7246 0.6886
vn 0.8515 0.0338 0.5233
vn -0.0025 0.844 0.5364
vn 0.0062 0.0149 0.9999
vn 0.0 0.7071 0.7071
vn 0.0 0.8321 0.5547
vn -0.0 0.0434 0.9991
vn 0.0 -0.0189 0.9998
vn 0.0 -0.0188 0.9998
vn -0.0 0.8321 0.5547
vn -0.0 0.7071 0.7071
vn -0.7071 0.0 0.7071
vn 0.0188 0.1841 0.9827
vn 0.0187 0.1841 0.9827
vn -0.0309 0.6947 0.7186
vn -0.5609 0.5609 0.609
vn -0.7246 0.028 0.6886
vn -0.0338 0.8515 0.5233
vn -0.844 -0.0025 0.5364
vn -0.0149 0.0062 0.9999
vn 0.0 -0.0 1.0
vn -0.7071 -0.0 0.7072
vn 0.7071 -0.0 0.7071
vn -1.0 0.0 -0.0
vn 1.0 0.0 -0.0
vn 0.0 0.7071 0.7071
vn 0.0 0.8321 0.5547
vn -0.0 0.0434 0.9991
vn 0.0 0.0 1.0
vn -1.0 0.0 -0.0
vn 1.0 0.0 0.0
vn -0.0189 -0.0 0.9998
vn -0.0188 -0.0 0.9998
vn 0.8321 0.0 0.5547
vn 0.7071 0.0 0.7071
vn 0.0 0.7071 0.7071
vn 0.1841 -0.0188 0.9827
vn 0.1841 -0.0187 0.9827
vn 0.6947 0.0309 0.7186
vn 0.5609 0.5609 0.609
vn 0.028 0.7246 0.6886
vn 0.8515 0.0338 0.5233
vn -0.0025 0.844 0.5364
vn 0.0062 0.0149 0.9999
vn 0.0 0.7071 0.7071
vn 0.0 0.8321 0.5547
vn -0.0 0.0434 0.9991
vn 0.0 -0.0189 0.9998
vn 0.0 -0.0188 0.9998
vn -0.0 0.8321 0.5547
vn -0.0 0.7071 0.7071
vn -0.7071 0.0 0.7071
vn 0.0188 0.1841 0.9827
vn 0.0187 0.1841 0.9827
vn -0.0309 0.6947 0.7186
vn -0.5609 0.5609 0.609
vn -0.7246 0.028 0.6886
vn -0.0338 0.8515 0.5233
vn -0.844 -0.0025 0.5364
vn -0.0149 0.0062 0.9999
vn 0.0 -0.0 1.0
vn -0.7071 -0.0 0.7072
vn 0.7071 -0.0 0.7071
vn -1.0 0.0 -0.0
vn 1.0 0.0 -0.0
vn 0.0 0.7071 0.7071
vn 0.0 0.8321 0.5547
vn -0.0 0.0434 0.9991
vn 0.0 0.0 1.0
vn -1.0 0.0 -0.0
vn 1.0 0.0 0.0
vn -0.0189 -0.0 0.9998
vn -0.0188 -0.0 0.9998
vn 0.8321 0.0 0.5547
vn 0.7071 0.0 0.7071
vn 0.0 0.7071 0.7071
vn 0.1841 -0.0188 0.9827
vn 0.1841 -0.0187 0.9827
vn 0.6947 0.0309 0.7186
vn 0.5609 0.5609 0.609
vn 0.028 0.7246 0.6886
vn 0.8515 0.0338 0.5233
vn -0.0025 0.844 0.5364
vn 0.0062 0.0149 0.9999
vn 0.0 -0.0 1.0
vn -0.7071 -0.0 0.7072
vn 0.7071 -0.0 0.7071
vn -1.0 0.0 -0.0
vn 1.0 0.0 -0.0
vn 0.0 0.7071 0.7071
vn 0.0 0.8321 0.5547
vn -0.0 0.0434 0.9991
vn 0.7071 -0.0 0.7071
vn 0.8321 -0.0 0.5547
vn 0.0434 0.0 0.9991
vn 0.6947 0.0309 0.7186
vn 0.5609 0.5609 0.609
vn 0.028 0.7246 0.6886
vn 0.8515 0.0338 0.5233
vn -0.0025 0.844 0.5364
vn 0.0062 0.0149 0.9999
vn 0.0 0.0 1.0
vn 0.0 0.0 1.0
vn 0.0 0.0 1.0
vn 0.0 0.0 1.0
vn 0.0 0.0 1.0
vn 0.0 0.0 1.0
vn 0.0 0.0 1.0
vn 0.0 0.0 1.0
vn 0.0 0.0 1.0
vn 0.0 -0.0 1.0
vn 0.0 -0.0 1.0
vn 0.0 -0.0 1.0
vn 0.0 0.0 1.0
vn 0.0 0.0 1.0
vn 0.0 -0.0 1.0
vn 0.0 -0.0 1.0
vn 0.0 -0.0 1.0
vn 0.0 -0.0 1.0
vn 0.0 -0.0 1.0
vn 0.0 -0.0 1.0
vn 0.0 -0.0 1.0
vn 0.0 -0.0 1.0
vn 0.0 -0.0 1.0
vn 0.0 -0.0 1.0
vn 0.0 -0.0 1.0
vn 0.0 -0.0 1.0
vn 0.0 -0.0 1.0
vn 0.0 -0.0 1.0
vn 0.0 -0.0 1.0
vn 0.0 -0.0 1.0
vn 0.0 -0.0 1.0
vn 0.0 -0.0 1.0
vn 0.0 -0.0 1.0
vn 0.0 -0.0 1.0
vn 0.0 -0.9371 0.3492
vn 0.6193 -0.6885 0.3775
vn 0.5992 -0.7069 0.3759
vn 0.882 -0.441 0.1664
vn 0.6447 -0.7456 0.1685
vn 0.6542 -0.7372 0.1688
vn -0.8794 0.4547 0.1415
vn -0.6542 -0.7372 0.1688
vn -0.3228 -0.9351 0.1466
vn -0.6447 -0.7456 0.1685
vn 0.8301 -0.4151 0.3724
vn -0.882 -0.441 0.1664
vn 0.3228 -0.9351 0.1466
vn -0.3078 -0.8916 0.3322
vn 0.5292 0.7978 0.2889
vn 0.6624 0.7037 0.2571
vn 0.6464 0.7168 0.2615
vn 0.8822 0.4405 0.1664
vn -0.3226 0.8737 0.3643
vn -0.0069 0.8033 0.5955
vn 0.1431 0.726 0.6726
vn 0.5903 0.2944 0.7516
vn 0.5902 -0.2951 0.7514
vn 0.4073 -0.5171 0.7528
vn 0.4417 -0.4814 0.7571
vn 0.2307 -0.6685 0.707
vn 0.1484 0.8323 0.534
vn -0.1958 0.6669 0.719
vn -0.2526 0.6255 0.7382
vn -0.58 0.2821 0.7642
vn -0.4183 -0.2091 0.8839
vn -0.3364 0.8606 0.3823
vn -0.8069 0.4311 0.4038
vn -0.2307 -0.6685 0.707
vn -0.9361 0.2695 0.2259
vn 0.8305 0.4142 0.3725
vn -0.3541 0.934 0.0472
vn -0.0 0.0 1.0
vn 0.0 -0.0 1.0
vn 0.0 -0.0 1.0
vn 0.0 -0.0 1.0
vn 0.0 -0.0 1.0
vn 0.0 -0.0 1.0
vn 0.0 -0.0 1.0
vn 0.0 -0.0 1.0
vn 0.0 -0.0 1.0
vn 0.0 -0.0 1.0
vn 0.0 -0.0 1.0
vn 0.0 -0.0 1.0
vn 0.0 -0.0 1.0
vn 0.0 -0.0 1.0
vn 0.0 -0.0 1.0
vn 0.0 -0.0 1.0
vn 0.0 -0.0 1.0
vn 0.0 -0.0 1.0
vn 0.0 -0.0 1.0
vn 0.0 -0.0 1.0
vn 0.0 -0.0 1.0
vn 0.0 -0.0 1.0
vn 0.0 -0.0 1.0
vn 0.0 -0.0 1.0
vn 0.0 -0.0 1.0
vn 0.0 -0.0 1.0
vn 0.0 -0.0 1.0
vn 0.0 -0.0 1.0
vn 0.0 -0.0 1.0
vn 0.0 -0.0 1.0
vn 0.0 -0.0 1.0
vn 0.0 -0.0 1.0
vn 0.0 -0.0 1.0
vn -0.9371 -0.0 0.3492
vn -0.6885 -0.6193 0.3775
vn -0.7069 -0.5992 0.3759
vn -0.441 -0.882 0.1664
vn -0.7456 -0.6447 0.1685
vn -0.7372 -0.6542 0.1688
vn 0.4547 0.8794 0.1415
vn -0.7372 0.6542 0.1688
vn -0.9351 0.3228 0.1466
vn -0.7456 0.6447 0.1685
vn -0.4151 -0.8301 0.3724
vn -0.441 0.882 0.1664
vn -0.9351 -0.3228 0.1466
vn -0.8916 0.3078 0.3322
vn 0.7978 -0.5292 0.2889
vn 0.7037 -0.6624 0.2571
vn 0.7168 -0.6464 0.2615
vn 0.4405 -0.8822 0.1664
vn 0.8737 0.3226 0.3643
vn 0.8033 0.0069 0.5955
vn 0.726 -0.1431 0.6726
vn 0.2944 -0.5903 0.7516
vn -0.2951 -0.5902 0.7514
vn -0.5171 -0.4073 0.7528
vn -0.4814 -0.4417 0.7571
vn -0.6685 -0.2307 0.707
vn 0.8323 -0.1484 0.534
vn 0.6669 0.1958 0.719
vn 0.6255 0.2526 0.7382
vn 0.2821 0.58 0.7642
vn -0.2091 0.4183 0.8839
vn 0.8606 0.3364 0.3823
vn 0.4311 0.8069 0.4038
vn -0.6685 0.2307 0.707
vn 0.2695 0.9361 0.2259
vn 0.4142 -0.8305 0.3725
vn 0.934 0.3541 0.0472
vn 0.0 0.0 1.0
vn 0.0 -0.0 1.0
vn 0.0 -0.0 1.0
vn 0.0 -0.0 1.0
vn 0.0 -0.0 1.0
vn 0.0 -0.0 1.0
vn 0.0 -0.0 1.0
vn 0.0 -0.0 1.0
vn 0.0 -0.0 1.0
vn 0.0 -0.0 1.0
vn 0.0 -0.0 1.0
vn 0.0 -0.0 1.0
vn 0.0 -0.0 1.0
vn 0.0 -0.0 1.0
vn 0.0 -0.0 1.0
vn 0.0 -0.0 1.0
vn 0.0 -0.0 1.0
vn 0.0 -0.0 1.0
vn 0.0 -0.0 1.0
vn 0.0 -0.0 1.0
vn -0.0 0.7071 0.7071
vn -0.0 0.5258 0.8506
vn 0.0 0.0 1.0
vn -0.0 0.426 0.9047
vn 0.0 -0.0 1.0
vn -0.0 0.7071 0.7071
vn -0.0 0.5258 0.8506
vn 0.0 0.0 1.0
vn -0.0 0.426 0.9047
vn 0.0 -0.0 1.0
vn 0.0 -0.0 1.0
vn -0.0 0.7071 0.7071
vn -0.0 0.5258 0.8506
vn 0.0 0.0 1.0
vn -0.0 0.426 0.9047
vn 0.0 -0.0 1.0
vn 0.0 -0.0 1.0
vn -0.0 0.7071 0.7071
vn -0.0 0.5258 0.8506
vn 0.0 0.0 1.0
vn -0.0 0.426 0.9047
vn 0.0 -0.0 1.0
vn -0.0 0.7071 0.7071
vn -0.0 0.5258 0.8506
vn 0.0 0.0 1.0
vn -0.0 0.426 0.9047
vn 0.0 -0.0 1.0
vn 0.0 -0.0 1.0
vn 0.0 -0.0 1.0
vn 0.3865 0.3865 0.8374
vn 0.526 -0.0 0.8505
vn 0.0 -0.0 1.0
vn -0.0 0.526 0.8505
vn -0.0 0.5259 0.8505
vn 0.3262 0.6425 0.6934
vn 0.4629 0.4629 0.7559
vn 0.6426 0.3262 0.6933
vn 0.6426 0.3262 0.6934
vn 0.3262 0.6426 0.6934
vn 0.5259 -0.0 0.8505
vn 0.0808 0.1651 0.983
vn 0.0178 0.2269 0.9738
vn 0.0558 0.6983 0.7136
vn 0.3474 0.5641 0.7491
vn 0.1819 0.0679 0.981
vn 0.1788 0.0657 0.9817
vn 0.5999 0.2295 0.7665
vn 0.6978 0.0672 0.7132
vn 0.6948 0.0644 0.7163
vn 0.6012 0.2303 0.7652
vn 0.6426 0.3262 0.6933
vn 0.3477 0.5703 0.7442
vn 0.25 0.5665 0.7852
vn 0.0567 0.6961 0.7157
vn -0.0 -0.0 1.0
vn 0.6425 0.3262 0.6933
vn 0.3865 0.3865 0.8374
vn 0.526 -0.0 0.8505
vn 0.0 -0.0 1.0
vn -0.0 0.526 0.8505
vn -0.0 0.5259 0.8505
vn 0.3262 0.6425 0.6934
vn 0.4629 0.4629 0.7559
vn 0.6426 0.3262 0.6933
vn 0.6426 0.3262 0.6934
vn 0.3262 0.6426 0.6934
vn 0.5259 -0.0 0.8505
vn 0.7071 0.0 0.7071
vn 0.5258 0.0 0.8506
vn 0.0 -0.0 1.0
vn 0.426 0.0 0.9047
vn 0.0808 0.1651 0.983
vn 0.0178 0.2269 0.9738
vn 0.0558 0.6983 0.7136
vn 0.3474 0.5641 0.7491
vn 0.1819 0.0679 0.981
vn 0.1788 0.0657 0.9817
vn 0.5999 0.2295 0.7665
vn 0.6978 0.0672 0.7132
vn 0.6948 0.0644 0.7163
vn 0.6012 0.2303 0.7652
vn 0.6426 0.3262 0.6933
vn 0.3477 0.5703 0.7442
vn 0.25 0.5665 0.7852
vn 0.0567 0.6961 0.7157
vn -0.0 -0.0 1.0
vn 0.6425 0.3262 0.6933
vn -0.0 0.7071 0.7071
vn -0.0 0.5258 0.8506
vn 0.0 0.0 1.0
vn -0.0 0.426 0.9047
vn 0.0 -0.0 1.0
vn -0.3865 0.3865 0.8374
vn 0.0 0.526 0.8505
vn 0.0 0.0 1.0
vn -0.526 -0.0 0.8505
vn -0.5259 -0.0 0.8505
vn -0.6425 0.3262 0.6934
vn -0.4629 0.4629 0.7559
vn -0.3262 0.6426 0.6933
vn -0.3262 0.6426 0.6934
vn -0.6426 0.3262 0.6934
vn 0.0 0.5259 0.8505
vn -0.1651 0.0808 0.983
vn -0.2269 0.0178 0.9738
vn -0.6983 0.0558 0.7136
vn -0.5641 0.3474 0.7491
vn -0.0679 0.1819 0.981
vn -0.0657 0.1788 0.9817
vn -0.2295 0.5999 0.7665
vn -0.0672 0.6978 0.7132
vn -0.0644 0.6948 0.7163
vn -0.2303 0.6012 0.7652
vn -0.3262 0.6426 0.6933
vn -0.5703 0.3477 0.7442
vn -0.5665 0.25 0.7852
vn -0.6961 0.0567 0.7157
vn 0.0 -0.0 1.0
vn -0.3262 0.6425 0.6933
vn 0.0 -0.0 1.0
vn -0.0 0.7071 0.7071
vn -0.0 0.5258 0.8506
vn 0.0 0.0 1.0
vn -0.0 0.426 0.9047
vn 0.0 -0.0 1.0
vn 0.0 -0.0 1.0
vn 0.0 -0.0 1.0
vn -0.0 0.7071 0.7071
vn -0.0 0.5258 0.8506
vn 0.0 0.0 1.0
vn -0.0 0.426 0.9047
vn 0.3865 0.3865 0.8374
vn 0.526 -0.0 0.8505
vn 0.0 -0.0 1.0
vn -0.0 0.526 0.8505
vn -0.0 0.5259 0.8505
vn 0.3262 0.6425 0.6934
vn 0.4629 0.4629 0.7559
vn 0.6426 0.3262 0.6933
vn 0.6426 0.3262 0.6934
vn 0.3262 0.6426 0.6934
vn 0.5259 -0.0 0.8505
vn 0.7071 0.0 0.7071
vn 0.5258 0.0 0.8506
vn 0.0 -0.0 1.0
vn 0.426 0.0 0.9047
vn 0.0808 0.1651 0.983
vn 0.0178 0.2269 0.9738
vn 0.0558 0.6983 0.7136
vn 0.3474 0.5641 0.7491
vn 0.1819 0.0679 0.981
vn 0.1788 0.0657 0.9817
vn 0.5999 0.2295 0.7665
vn 0.6978 0.0672 0.7132
vn 0.6948 0.0644 0.7163
vn 0.6012 0.2303 0.7652
vn 0.6426 0.3262 0.6933
vn 0.3477 0.5703 0.7442
vn 0.25 0.5665 0.7852
vn 0.0567 0.6961 0.7157
vn -0.0 -0.0 1.0
vn 0.6425 0.3262 0.6933
vn 0.3865 0.3865 0.8374
vn 0.526 -0.0 0.8505
vn 0.0 -0.0 1.0
vn -0.0 0.526 0.8505
vn -0.0 0.5259 0.8505
vn 0.3262 0.6425 0.6934
vn 0.4629 0.4629 0.7559
vn 0.6426 0.3262 0.6933
vn 0.6426 0.3262 0.6934
vn 0.3262 0.6426 0.6934
vn 0.5259 -0.0 0.8505
vn 0.7071 0.0 0.7071
vn 0.5258 0.0 0.8506
vn 0.0 -0.0 1.0
vn 0.426 0.0 0.9047
vn 0.0808 0.1651 0.983
vn 0.0178 0.2269 0.9738
vn 0.0558 0.6983 0.7136
vn 0.3474 0.5641 0.7491
vn 0.1819 0.0679 0.981
vn 0.1788 0.0657 0.9817
vn 0.5999 0.2295 0.7665
vn 0.6978 0.0672 0.7132
vn 0.6948 0.0644 0.7163
vn 0.6012 0.2303 0.7652
vn 0.6426 0.3262 0.6933
vn 0.3477 0.5703 0.7442
vn 0.25 0.5665 0.7852
vn 0.0567 0.6961 0.7157
vn -0.0 -0.0 1.0
vn 0.6425 0.3262 0.6933
vn -0.0 0.7071 0.7071
vn -0.0 0.5258 0.8506
vn 0.0 0.0 1.0
vn -0.0 0.426 0.9047
vn 0.0 -0.0 1.0
vn -0.0 0.7071 0.7071
vn -0.0 0.5258 0.8506
vn 0.0 0.0 1.0
vn -0.0 0.426 0.9047
vn 0.0 -0.0 1.0
vn 0.0 -0.0 1.0
vn 0.3865 0.3865 0.8374
vn 0.526 -0.0 0.8505
vn 0.0 -0.0 1.0
vn -0.0 0.526 0.8505
vn -0.0 0.5259 0.8505
vn 0.3262 0.6425 0.6934
vn 0.4629 0.4629 0.7559
vn 0.6426 0.3262 0.6933
vn 0.6426 0.3262 0.6934
vn 0.3262 0.6426 0.6934
vn 0.5259 -0.0 0.8505
vn 0.7071 0.0 0.7071
vn 0.5258 0.0 0.8506
vn 0.0 -0.0 1.0
vn 0.426 0.0 0.9047
vn 0.0808 0.1651 0.983
vn 0.0178 0.2269 0.9738
vn 0.0558 0.6983 0.7136
vn 0.3474 0.5641 0.7491
vn 0.1819 0.0679 0.981
vn 0.1788 0.0657 0.9817
vn 0.5999 0.2295 0.7665
vn 0.6978 0.0672 0.7132
vn 0.6948 0.0644 0.7163
vn 0.6012 0.2303 0.7652
vn 0.6426 0.3262 0.6933
vn 0.3477 0.5703 0.7442
vn 0.25 0.5665 0.7852
vn 0.0567 0.6961 0.7157
vn -0.0 -0.0 1.0
vn 0.6425 0.3262 0.6933
vn 0.0 -0.0 1.0
vn 0.0 -0.0 1.0
vn -0.3865 0.3865 0.8374
vn 0.0 0.526 0.8505
vn 0.0 0.0 1.0
vn -0.526 -0.0 0.8505
vn -0.5259 -0.0 0.8505
vn -0.6425 0.3262 0.6934
vn -0.4629 0.4629 0.7559
vn -0.3262 0.6426 0.6933
vn -0.3262 0.6426 0.6934
vn -0.6426 0.3262 0.6934
vn 0.0 0.5259 0.8505
vn -0.7071 -0.0 0.7071
vn -0.5258 -0.0 0.8506
vn -0.0 0.0 1.0
vn -0.426 -0.0 0.9047
vn -0.3865 0.3865 0.8374
vn 0.0 0.526 0.8505
vn 0.0 0.0 1.0
vn -0.526 -0.0 0.8505
vn -0.5259 -0.0 0.8505
vn -0.6425 0.3262 0.6934
vn -0.4629 0.4629 0.7559
vn -0.3262 0.6426 0.6933
vn -0.3262 0.6426 0.6934
vn -0.6426 0.3262 0.6934
vn 0.0 0.5259 0.8505
vn -0.1651 0.0808 0.983
vn -0.2269 0.0178 0.9738
vn -0.6983 0.0558 0.7136
vn -0.5641 0.3474 0.7491
vn -0.0679 0.1819 0.981
vn -0.0657 0.1788 0.9817
vn -0.2295 0.5999 0.7665
vn -0.0672 0.6978 0.7132
vn -0.0644 0.6948 0.7163
vn -0.2303 0.6012 0.7652
vn -0.3262 0.6426 0.6933
vn -0.5703 0.3477 0.7442
vn -0.5665 0.25 0.7852
vn -0.6961 0.0567 0.7157
vn 0.0 -0.0 1.0
vn -0.3262 0.6425 0.6933
vn 0.0 -0.0 1.0
vn -0.0 0.7071 0.7071
vn -0.0 0.5258 0.8506
vn 0.0 0.0 1.0
vn -0.0 0.426 0.9047
vn 0.0 -0.0 1.0
vn 0.0 -0.0 1.0
vn 0.0 -0.0 1.0
vn 0.0 -0.0 1.0
vn -0.0 0.7071 0.7071
vn -0.0 0.5258 0.8506
vn 0.0 0.0 1.0
vn -0.0 0.426 0.9047
vn 0.0 -0.0 1.0
vn -0.0 0.7071 0.7071
vn -0.0 0.5258 0.8506
vn 0.0 0.0 1.0
vn -0.0 0.426 0.9047
vn 0.0 -0.0 1.0
vn 0.3865 0.3865 0.8374
vn 0.526 -0.0 0.8505
vn 0.0 -0.0 1.0
vn -0.0 0.526 0.8505
vn -0.0 0.5259 0.8505
vn 0.3262 0.6425 0.6934
vn 0.4629 0.4629 0.7559
vn 0.6426 0.3262 0.6933
vn 0.6426 0.3262 0.6934
vn 0.3262 0.6426 0.6934
vn 0.5259 -0.0 0.8505
vn 0.7071 0.0 0.7071
vn 0.5258 0.0 0.8506
vn 0.0 -0.0 1.0
vn 0.426 0.0 0.9047
vn 0.0808 0.1651 0.983
vn 0.0178 0.2269 0.9738
vn 0.0558 0.6983 0.7136
vn 0.3474 0.5641 0.7491
vn 0.1819 0.0679 0.981
vn 0.1788 0.0657 0.9817
vn 0.5999 0.2295 0.7665
vn 0.6978 0.0672 0.7132
vn 0.6948 0.0644 0.7163
vn 0.6012 0.2303 0.7652
vn 0.6426 0.3262 0.6933
vn 0.3477 0.5703 0.7442
vn 0.25 0.5665 0.7852
vn 0.0567 0.6961 0.7157
vn -0.0 -0.0 1.0
vn 0.6425 0.3262 0.6933
vn 0.0 -0.0 1.0
vn -0.3865 0.3865 0.8374
vn 0.0 0.526 0.8505
vn 0.0 0.0 1.0
vn -0.526 -0.0 0.8505
vn -0.5259 -0.0 0.8505
vn -0.6425 0.3262 0.6934
vn -0.4629 0.4629 0.7559
vn -0.3262 0.6426 0.6933
vn -0.3262 0.6426 0.6934
vn -0.6426 0.3262 0.6934
vn 0.0 0.5259 0.8505
vn -0.1651 0.0808 0.983
vn -0.2269 0.0178 0.9738
vn -0.6983 0.0558 0.7136
vn -0.5641 0.3474 0.7491
vn -0.0679 0.1819 0.981
vn -0.0657 0.1788 0.9817
vn -0.2295 0.5999 0.7665
vn -0.0672 0.6978 0.7132
vn -0.0644 0.6948 0.7163
vn -0.2303 0.6012 0.7652
vn -0.3262 0.6426 0.6933
vn -0.5703 0.3477 0.7442
vn -0.5665 0.25 0.7852
vn -0.6961 0.0567 0.7157
vn 0.0 -0.0 1.0
vn -0.3262 0.6425 0.6933
vn 0.0 -0.0 1.0
vn -0.0 0.7071 0.7071
vn -0.0 0.5258 0.8506
vn 0.0 0.0 1.0
vn -0.0 0.426 0.9047
vn 0.0 -0.0 1.0
vn 0.0 -0.0 1.0
vn -0.0 0.7071 0.7071
vn -0.0 0.5258 0.8506
vn 0.0 0.0 1.0
vn -0.0 0.426 0.9047
vn 0.0 -0.0 1.0
vn 0.0 -0.0 1.0
vn 0.0 -0.0 1.0
vn 0.3865 0.3865 0.8374
vn 0.526 -0.0 0.8505
vn 0.0 -0.0 1.0
vn -0.0 0.526 0.8505
vn -0.0 0.5259 0.8505
vn 0.3262 0.6425 0.6934
vn 0.4629 0.4629 0.7559
vn 0.6426 0.3262 0.6933
vn 0.6426 0.3262 0.6934
vn 0.3262 0.6426 0.6934
vn 0.5259 -0.0 0.8505
vn 0.0808 0.1651 0.983
vn 0.0178 0.2269 0.9738
vn 0.0558 0.6983 0.7136
vn 0.3474 0.5641 0.7491
vn 0.1819 0.0679 0.981
vn 0.1788 0.0657 0.9817
vn 0.5999 0.2295 0.7665
vn 0.6978 0.0672 0.7132
vn 0.6948 0.0644 0.7163
vn 0.6012 0.2303 0.7652
vn 0.6426 0.3262 0.6933
vn 0.3477 0.5703 0.7442
vn 0.25 0.5665 0.7852
vn 0.0567 0.6961 0.7157
vn -0.0 -0.0 1.0
vn 0.6425 0.3262 0.6933
vn 0.0 -0.0 1.0
vn 0.0 -0.0 1.0
vn 0.3865 0.3865 0.8374
vn 0.526 -0.0 0.8505
vn 0.0 -0.0 1.0
vn -0.0 0.526 0.8505
vn -0.0 0.5259 0.8505
vn 0.3262 0.6425 0.6934
vn 0.4629 0.4629 0.7559
vn 0.6426 0.3262 0.6933
vn 0.6426 0.3262 0.6934
vn 0.3262 0.6426 0.6934
vn 0.5259 -0.0 0.8505
vn 0.0808 0.1651 0.983
vn 0.0178 0.2269 0.9738
vn 0.0558 0.6983 0.7136
vn 0.3474 0.5641 0.7491
vn 0.1819 0.0679 0.981
vn 0.1788 0.0657 0.9817
vn 0.5999 0.2295 0.7665
vn 0.6978 0.0672 0.7132
vn 0.6948 0.0644 0.7163
vn 0.6012 0.2303 0.7652
vn 0.6426 0.3262 0.6933
vn 0.3477 0.5703 0.7442
vn 0.25 0.5665 0.7852
vn 0.0567 0.6961 0.7157
vn -0.0 -0.0 1.0
vn 0.6425 0.3262 0.6933
vn -0.0 0.7071 0.7071
vn -0.0 0.5258 0.8506
vn 0.0 0.0 1.0
vn -0.0 0.426 0.9047
vn 0.0 -0.0 1.0
vn -0.0 0.7071 0.7071
vn -0.0 0.5258 0.8506
vn 0.0 0.0 1.0
vn -0.0 0.426 0.9047
vn 0.0 -0.0 1.0
vn -0.0 0.7071 0.7071
vn -0.0 0.5258 0.8506
vn 0.0 0.0 1.0
vn -0.0 0.426 0.9047
vn 0.0 -0.0 1.0
vn -0.0808 -0.1651 0.983
vn -0.0178 -0.2269 0.9738
vn -0.0558 -0.6983 0.7136
vn -0.3474 -0.5641 0.7491
vn -0.1819 -0.0679 0.981
vn -0.1788 -0.0657 0.9817
vn -0.5999 -0.2295 0.7665
vn -0.6978 -0.0672 0.7132
vn -0.6948 -0.0644 0.7163
vn -0.6012 -0.2303 0.7652
vn -0.6426 -0.3262 0.6933
vn -0.3477 -0.5703 0.7442
vn -0.25 -0.5665 0.7852
vn -0.0567 -0.6961 0.7157
vn 0.0 0.0 1.0
vn -0.6425 -0.3262 0.6933
vn -0.7071 -0.0 0.7071
vn -0.5258 -0.0 0.8506
vn -0.0 0.0 1.0
vn -0.426 -0.0 0.9047
vn 0.3865 0.3865 0.8374
vn 0.526 -0.0 0.8505
vn 0.0 -0.0 1.0
vn -0.0 0.526 0.8505
vn -0.0 0.5259 0.8505
vn 0.3262 0.6425 0.6934
vn 0.4629 0.4629 0.7559
vn 0.6426 0.3262 0.6933
vn 0.6426 0.3262 0.6934
vn 0.3262 0.6426 0.6934
vn 0.5259 -0.0 0.8505
vn 0.0808 0.1651 0.983
vn 0.0178 0.2269 0.9738
vn 0.0558 0.6983 0.7136
vn 0.3474 0.5641 0.7491
vn 0.1819 0.0679 0.981
vn 0.1788 0.0657 0.9817
vn 0.5999 0.2295 0.7665
vn 0.6978 0.0672 0.7132
vn 0.6948 0.0644 0.7163
vn 0.6012 0.2303 0.7652
vn 0.6426 0.3262 0.6933
vn 0.3477 0.5703 0.7442
vn 0.25 0.5665 0.7852
vn 0.0567 0.6961 0.7157
vn -0.0 -0.0 1.0
vn 0.6425 0.3262 0.6933
vn 0.0 -0.0 1.0
vn 0.0 -0.0 1.0
vn -0.0808 -0.1651 0.983
vn -0.0178 -0.2269 0.9738
vn -0.0558 -0.6983 0.7136
vn -0.3474 -0.5641 0.7491
vn -0.1819 -0.0679 0.981
vn -0.1788 -0.0657 0.9817
vn -0.5999 -0.2295 0.7665
vn -0.6978 -0.0672 0.7132
vn -0.6948 -0.0644 0.7163
vn -0.6012 -0.2303 0.7652
vn -0.6426 -0.3262 0.6933
vn -0.3477 -0.5703 0.7442
vn -0.25 -0.5665 0.7852
vn -0.0567 -0.6961 0.7157
vn 0.0 0.0 1.0
vn -0.6425 -0.3262 0.6933
vn -0.7071 -0.0 0.7071
vn -0.5258 -0.0 0.8506
vn -0.0 0.0 1.0
vn -0.426 -0.0 0.9047
vn -0.3865 -0.3865 0.8374
vn -0.526 0.0 0.8505
vn -0.0 0.0 1.0
vn 0.0 -0.526 0.8505
vn 0.0 -0.5259 0.8505
vn -0.3262 -0.6425 0.6934
vn -0.4629 -0.4629 0.7559
vn -0.6426 -0.3262 0.6933
vn -0.6426 -0.3262 0.6934
vn -0.3262 -0.6426 0.6934
vn -0.5259 0.0 0.8505
vn 0.0 -0.0 1.0
vn 0.0 -0.0 1.0
vn 0.0 -0.0 1.0
vn -0.0 0.7071 0.7071
vn -0.0 0.5258 0.8506
vn 0.0 0.0 1.0
vn -0.0 0.426 0.9047
vn 0.0 -0.0 1.0
vn 0.0 -0.7071 0.7071
vn 0.0 -0.5258 0.8506
vn -0.0 -0.0 1.0
vn 0.0 -0.426 0.9047
vn 0.0 -0.0 1.0
vn 0.0 -0.0 1.0
vn 0.7071 0.0 0.7071
vn 0.5258 0.0 0.8506
vn 0.0 -0.0 1.0
vn 0.426 0.0 0.9047
vn 0.7071 0.0 0.7071
vn 0.5258 0.0 0.8506
vn 0.0 -0.0 1.0
vn 0.426 0.0 0.9047
vn 0.0808 0.1651 0.983
vn 0.0178 0.2269 0.9738
vn 0.0558 0.6983 0.7136
vn 0.3474 0.5641 0.7491
vn 0.1819 0.0679 0.981
vn 0.1788 0.0657 0.9817
vn 0.5999 0.2295 0.7665
vn 0.6978 0.0672 0.7132
vn 0.6948 0.0644 0.7163
vn 0.6012 0.2303 0.7652
vn 0.6426 0.3262 0.6933
vn 0.3477 0.5703 0.7442
vn 0.25 0.5665 0.7852
vn 0.0567 0.6961 0.7157
vn -0.0 -0.0 1.0
vn 0.6425 0.3262 0.6933
vn 0.0 -0.0 1.0
vn 0.0 -0.0 1.0
vn 0.7071 0.0 0.7071
vn 0.5258 0.0 0.8506
vn 0.0 -0.0 1.0
vn 0.426 0.0 0.9047
vn 0.3865 -0.3865 0.8374
vn -0.0 -0.526 0.8505
vn -0.0 -0.0 1.0
vn 0.526 0.0 0.8505
vn 0.5259 0.0 0.8505
vn 0.6425 -0.3262 0.6934
vn 0.4629 -0.4629 0.7559
vn 0.3262 -0.6426 0.6933
vn 0.3262 -0.6426 0.6934
vn 0.6426 -0.3262 0.6934
vn -0.0 -0.5259 0.8505
vn 0.0 -0.0 1.0
vn 0.3865 0.3865 0.8374
vn 0.526 -0.0 0.8505
vn 0.0 -0.0 1.0
vn -0.0 0.526 0.8505
vn -0.0 0.5259 0.8505
vn 0.3262 0.6425 0.6934
vn 0.4629 0.4629 0.7559
vn 0.6426 0.3262 0.6933
vn 0.6426 0.3262 0.6934
vn 0.3262 0.6426 0.6934
vn 0.5259 -0.0 0.8505
vn 0.7071 0.0 0.7071
vn 0.5258 0.0 0.8506
vn 0.0 -0.0 1.0
vn 0.426 0.0 0.9047
vn 0.0808 0.1651 0.983
vn 0.0178 0.2269 0.9738
vn 0.0558 0.6983 0.7136
vn 0.3474 0.5641 0.7491
vn 0.1819 0.0679 0.981
vn 0.1788 0.0657 0.9817
vn 0.5999 0.2295 0.7665
vn 0.6978 0.0672 0.7132
vn 0.6948 0.0644 0.7163
vn 0.6012 0.2303 0.7652
vn 0.6426 0.3262 0.6933
vn 0.3477 0.5703 0.7442
vn 0.25 0.5665 0.7852
vn 0.0567 0.6961 0.7157
vn -0.0 -0.0 1.0
vn 0.6425 0.3262 0.6933
vn 0.0 -0.0 1.0
vn -0.3865 0.3865 0.8374
vn 0.0 0.526 0.8505
vn 0.0 0.0 1.0
vn -0.526 -0.0 0.8505
vn -0.5259 -0.0 0.8505
vn -0.6425 0.3262 0.6934
vn -0.4629 0.4629 0.7559
vn -0.3262 0.6426 0.6933
vn -0.3262 0.6426 0.6934
vn -0.6426 0.3262 0.6934
vn 0.0 0.5259 0.8505
vn -0.7071 -0.0 0.7071
vn -0.5258 -0.0 0.8506
vn -0.0 0.0 1.0
vn -0.426 -0.0 0.9047
vn -0.3865 -0.3865 0.8374
vn -0.526 0.0 0.8505
vn -0.0 0.0 1.0
vn 0.0 -0.526 0.8505
vn 0.0 -0.5259 0.8505
vn -0.3262 -0.6425 0.6934
vn -0.4629 -0.4629 0.7559
vn -0.6426 -0.3262 0.6933
vn -0.6426 -0.3262 0.6934
vn -0.3262 -0.6426 0.6934
vn -0.5259 0.0 0.8505
vn 0.0 -0.0 1.0
vn 0.1651 -0.0808 0.983
vn 0.2269 -0.0178 0.9738
vn 0.6983 -0.0558 0.7136
vn 0.5641 -0.3474 0.7491
vn 0.0679 -0.1819 0.981
vn 0.0657 -0.1788 0.9817
vn 0.2295 -0.5999 0.7665
vn 0.0672 -0.6978 0.7132
vn 0.0644 -0.6948 0.7163
vn 0.2303 -0.6012 0.7652
vn 0.3262 -0.6426 0.6933
vn 0.5703 -0.3477 0.7442
vn 0.5665 -0.25 0.7852
vn 0.6961 -0.0567 0.7157
vn -0.0 0.0 1.0
vn 0.3262 -0.6425 0.6933
vn 0.7071 0.0 0.7071
vn 0.5258 0.0 0.8506
vn 0.0 -0.0 1.0
vn 0.426 0.0 0.9047
vn 0.0808 0.1651 0.983
vn 0.0178 0.2269 0.9738
vn 0.0558 0.6983 0.7136
vn 0.3474 0.5641 0.7491
vn 0.1819 0.0679 0.981
vn 0.1788 0.0657 0.9817
vn 0.5999 0.2295 0.7665
vn 0.6978 0.0672 0.7132
vn 0.6948 0.0644 0.7163
vn 0.6012 0.2303 0.7652
vn 0.6426 0.3262 0.6933
vn 0.3477 0.5703 0.7442
vn 0.25 0.5665 0.7852
vn 0.0567 0.6961 0.7157
vn -0.0 -0.0 1.0
vn 0.6425 0.3262 0.6933
vn 0.0 -0.0 1.0
vn 0.0 -0.0 1.0
vn 0.0 -0.0 1.0
vn 0.0 -0.0 1.0
vn 0.0 -0.0 1.0
vn 0.3865 0.3865 0.8374
vn 0.526 -0.0 0.8505
vn 0.0 -0.0 1.0
vn -0.0 0.526 0.8505
vn -0.0 0.5259 0.8505
vn 0.3262 0.6425 0.6934
vn 0.4629 0.4629 0.7559
vn 0.6426 0.3262 0.6933
vn 0.6426 0.3262 0.6934
vn 0.3262 0.6426 0.6934
vn 0.5259 -0.0 0.8505
vn 0.7071 0.0 0.7071
vn 0.5258 0.0 0.8506
vn 0.0 -0.0 1.0
vn 0.426 0.0 0.9047
vn 0.0808 0.1651 0.983
vn 0.0178 0.2269 0.9738
vn 0.0558 0.6983 0.7136
vn 0.3474 0.5641 0.7491
vn 0.1819 0.0679 0.981
vn 0.1788 0.0657 0.9817
vn 0.5999 0.2295 0.7665
vn 0.6978 0.0672 0.7132
vn 0.6948 0.0644 0.7163
vn 0.6012 0.2303 0.7652
vn 0.6426 0.3262 0.6933
vn 0.3477 0.5703 0.7442
vn 0.25 0.5665 0.7852
vn 0.0567 0.6961 0.7157
vn -0.0 -0.0 1.0
vn 0.6425 0.3262 0.6933
vn 0.3865 0.3865 0.8374
vn 0.526 -0.0 0.8505
vn 0.0 -0.0 1.0
vn -0.0 0.526 0.8505
vn -0.0 0.5259 0.8505
vn 0.3262 0.6425 0.6934
vn 0.4629 0.4629 0.7559
vn 0.6426 0.3262 0.6933
vn 0.6426 0.3262 0.6934
vn 0.3262 0.6426 0.6934
vn 0.5259 -0.0 0.8505
vn 0.7071 0.0 0.7071
vn 0.5258 0.0 0.8506
vn 0.0 -0.0 1.0
vn 0.426 0.0 0.9047
vn 0.0808 0.1651 0.983
vn 0.0178 0.2269 0.9738
vn 0.0558 0.6983 0.7136
vn 0.3474 0.5641 0.7491
vn 0.1819 0.0679 0.981
vn 0.1788 0.0657 0.9817
vn 0.5999 0.2295 0.7665
vn 0.6978 0.0672 0.7132
vn 0.6948 0.0644 0.7163
vn 0.6012 0.2303 0.7652
vn 0.6426 0.3262 0.6933
vn 0.3477 0.5703 0.7442
vn 0.25 0.5665 0.7852
vn 0.0567 0.6961 0.7157
vn -0.0 -0.0 1.0
vn 0.6425 0.3262 0.6933
vn 0.0 -0.0 1.0
vn 0.0 -0.0 1.0
vn -0.0808 -0.1651 0.983
vn -0.0178 -0.2269 0.9738
vn -0.0558 -0.6983 0.7136
vn -0.3474 -0.5641 0.7491
vn -0.1819 -0.0679 0.981
vn -0.1788 -0.0657 0.9817
vn -0.5999 -0.2295 0.7665
vn -0.6978 -0.0672 0.7132
vn -0.6948 -0.0644 0.7163
vn -0.6012 -0.2303 0.7652
vn -0.6426 -0.3262 0.6933
vn -0.3477 -0.5703 0.7442
vn -0.25 -0.5665 0.7852
vn -0.0567 -0.6961 0.7157
vn 0.0 0.0 1.0
vn -0.6425 -0.3262 0.6933
vn -0.7071 -0.0 0.7071
vn -0.5258 -0.0 0.8506
vn -0.0 0.0 1.0
vn -0.426 -0.0 0.9047
vn 0.0 -0.0 1.0
vn 0.3865 0.3865 0.8374
vn 0.526 -0.0 0.8505
vn 0.0 -0.0 1.0
vn -0.0 0.526 0.8505
vn -0.0 0.5259 0.8505
vn 0.3262 0.6425 0.6934
vn 0.4629 0.4629 0.7559
vn 0.6426 0.3262 0.6933
vn 0.6426 0.3262 0.6934
vn 0.3262 0.6426 0.6934
vn 0.5259 -0.0 0.8505
vn 0.7071 0.0 0.7071
vn 0.5258 0.0 0.8506
vn 0.0 -0.0 1.0
vn 0.426 0.0 0.9047
vn 0.0808 0.1651 0.983
vn 0.0178 0.2269 0.9738
vn 0.0558 0.6983 0.7136
vn 0.3474 0.5641 0.7491
vn 0.1819 0.0679 0.981
vn 0.1788 0.0657 0.9817
vn 0.5999 0.2295 0.7665
vn 0.6978 0.0672 0.7132
vn 0.6948 0.0644 0.7163
vn 0.6012 0.2303 0.7652
vn 0.6426 0.3262 0.6933
vn 0.3477 0.5703 0.7442
vn 0.25 0.5665 0.7852
vn 0.0567 0.6961 0.7157
vn -0.0 -0.0 1.0
vn 0.6425 0.3262 0.6933
vn 0.0 -0.0 1.0
vn 0.0 -0.0 1.0
vn 0.0 -0.0 1.0
vn 0.0 -0.7071 0.7071
vn 0.0 -0.5258 0.8506
vn -0.0 -0.0 1.0
vn 0.0 -0.426 0.9047
vn 0.0 -0.0 1.0
vn -0.1651 0.0808 0.983
vn -0.2269 0.0178 0.9738
vn -0.6983 0.0558 0.7136
vn -0.5641 0.3474 0.7491
vn -0.0679 0.1819 0.981
vn -0.0657 0.1788 0.9817
vn -0.2295 0.5999 0.7665
vn -0.0672 0.6978 0.7132
vn -0.0644 0.6948 0.7163
vn -0.2303 0.6012 0.7652
vn -0.3262 0.6426 0.6933
vn -0.5703 0.3477 0.7442
vn -0.5665 0.25 0.7852
vn -0.6961 0.0567 0.7157
vn 0.0 -0.0 1.0
vn -0.3262 0.6425 0.6933
vn 0.0 -0.0 1.0
vn -0.0 0.7071 0.7071
vn -0.0 0.5258 0.8506
vn 0.0 0.0 1.0
vn -0.0 0.426 0.9047
vn 0.0 -0.0 1.0
vn 0.0 -0.0 1.0
vn 0.0 -0.0 1.0
vn 0.0 -0.0 1.0
vn 0.0 -0.0 1.0
vn 0.0 -0.0 1.0
vn 0.0 -0.0 1.0
vn 0.0 -0.0 1.0
vn 0.0 -0.0 1.0
vn 0.0 -0.0 1.0
vn 0.0 -0.0 1.0
vn 0.0 -0.0 1.0
vn 0.0 -0.0 1.0
vn 0.0 -0.0 1.0
vn 0.0 -0.0 1.0
vn 0.0 -0.0 1.0
vn 0.0 -0.0 1.0
vn 0.0 -0.0 1.0
vn 0.0 -0.0 1.0
c 1.0 1.0 1.0
c 1.0 1.0 1.0
c 1.0 1.0 1.0
c 1.0 1.0 1.0
c 1.0 1.0 1.0
c 1.0 1.0 1.0
c 1.0 1.0 1.0
c 1.0 1.0 1.0
c 1.0 1.0 1.0
c 1.0 1.0 1.0
c 1.0 1.0 1.0
c 1.0 1.0 1.0
c 1.0 1.0 1.0
c 1.0 1.0 1.0
c 1.0 1.0 1.0
c 1.0 1.0 1.0
c 1.0 1.0 1.0
c 1.0 1.0 1.0
c 1.0 1.0 1.0
c 1.0 1.0 1.0
c 1.0 1.0 1.0
c 1.0 1.0 1.0
c 1.0 1.0 1.0
c 1.0 1.0 1.0
c 1.0 1.0 1.0
c 1.0 1.0 1.0
c 1.0 1.0 1.0
c 1.0 1.0 1.0
c 1.0 1.0 1.0
c 1.0 1.0 1.0
c 1.0 1.0 1.0
c 1.0 1.0 1.0
c 1.0 1.0 1.0
c 1.0 1.0 1.0
c 1.0 1.0 1.0
c 1.0 1.0 1.0
c 1.0 1.0 1.0
c 1.0 1.0 1.0
c 1.0 1.0 1.0
c 1.0 1.0 1.0
c 1.0 1.0 1.0
c 1.0 1.0 1.0
c 1.0 1.0 1.0
c 1.0 1.0 1.0
c 1.0 1.0 1.0
c 1.0 1.0 1.0
c 1.0 1.0 1.0
c 1.0 1.0 1.0
c 1.0 1.0 1.0
c 1.0 1.0 1.0
c 1.0 1.0 1.0
c 1.0 1.0 1.0
c 1.0 1.0 1.0
c 1.0 1.0 1.0
c 1.0 1.0 1.0
c 1.0 1.0 1.0
c 1.0 1.0 1.0
c 1.0 1.0 1.0
c 1.0 1.0 1.0
c 1.0 1.0 1.0
c 1.0 1.0 1.0
c 1.0 1.0 1.0
c 1.0 1.0 1.0
c 1.0 1.0 1.0
c 1.0 1.0 1.0
c 1.0 1.0 1.0
c 1.0 1.0 1.0
c 1.0 1.0 1.0
c 1.0 1.0 1.0
c 1.0 1.0 1.0
c 1.0 1.0 1.0
c 1.0 1.0 1.0
c 1.0 1.0 1.0
c 1.0 1.0 1.0
c 1.0 1.0 1.0
c 1.0 1.0 1.0
c 1.0 1.0 1.0
c 1.0 1.0 1.0
c 1.0 1.0 1.0
c 1.0 1.0 1.0
c 1.0 1.0 1.0
c 1.0 1.0 1.0
c 1.0 1.0 1.0
c 1.0 1.0 1.0
c 1.0 1.0 1.0
c 1.0 1.0 1.0
c 1.0 1.0 1.0
c 1.0 1.0 1.0
c 1.0 1.0 1.0
c 1.0 1.0 1.0
c 1.0 1.0 1.0
c 1.0 1.0 1.0
c 1.0 1.0 1.0
c 1.0 1.0 1.0
c 1.0 1.0 1.0
c 1.0 1.0 1.0
c 1.0 1.0 1.0
c 1.0 1.0 1.0
c 1.0 1.0 1.0
c 1.0 1.0 1.0
c 1.0 1.0 1.0
c 1.0 1.0 1.0
c 1.0 1.0 1.0
c 1.0 1.0 1.0
c 1.0 1.0 1.0
c 1.0 1.0 1.0
c 1.0 1.0 1.0
c 1.0 1.0 1.0
c 1.0 1.0 1.0
c 1.0 1.0 1.0
c 1.0 1.0 1.0
c 1.0 1.0 1.0
c 1.0 1.0 1.0
c 1.0 1.0 1.0
c 1.0 1.0 1.0
c 1.0 1.0 1.0
c 1.0 1.0 1.0
c 1.0 1.0 1.0
c 1.0 1.0 1.0
c 1.0 1.0 1.0
c 1.0 1.0 1.0
c 1.0 1.0 1.0
c 1.0 1.0 1.0
c 1.0 1.0 1.0
c 1.0 1.0 1.0
c 1.0 1.0 1.0
c 1.0 1.0 1.0
c 1.0 1.0 1.0
c 1.0 1.0 1.0
c 1.0 1.0 1.0
c 1.0 1.0 1.0
c 1.0 1.0 1.0
c 1.0 1.0 1.0
c 1.0 1.0 1.0
c 1.0 1.0 1.0
c 1.0 1.0 1.0
c 1.0 1.0 1.0
c 1.0 1.0 1.0
c 1.0 1.0 1.0
c 1.0 1.0 1.0
c 1.0 1.0 1.0
c 1.0 1.0 1.0
c 1.0 1.0 1.0
c 1.0 1.0 1.0
c 1.0 1.0 1.0
c 1.0 1.0 1.0
c 1.0 1.0 1.0
c 1.0 1.0 1.0
c 1.0 1.0 1.0
c 1.0 1.0 1.0
c 1.0 1.0 1.0
c 1.0 1.0 1.0
c 1.0 1.0 1.0
c 1.0 1.0 1.0
c 1.0 1.0 1.0
c 1.0 1.0 1.0
c 1.0 1.0 1.0
c 1.0 1.0 1.0
c 1.0 1.0 1.0
c 1.0 1.0 1.0
c 1.0 1.0 1.0
c 1.0 1.0 1.0
c 1.0 1.0 1.0
c 1.0 1.0 1.0
c 1.0 1.0 1.0
c 1.0 1.0 1.0
c 1.0 1.0 1.0
c 1.0 1.0 1.0
c 1.0 1.0 1.0
c 1.0 1.0 1.0
c 1.0 1.0 1.0
c 1.0 1.0 1.0
c 1.0 1.0 1.0
c 1.0 1.0 1.0
c 1.0 1.0 1.0
c 1.0 1.0 1.0
c 1.0 1.0 1.0
c 1.0 1.0 1.0
c 1.0 1.0 1.0
c 1.0 1.0 1.0
c 1.0 1.0 1.0
c 1.0 1.0 1.0
c 1.0 1.0 1.0
c 1.0 1.0 1.0
c 1.0 1.0 1.0
c 1.0 1.0 1.0
c 1.0 1.0 1.0
c 1.0 1.0 1.0
c 1.0 1.0 1.0
c 1.0 1.0 1.0
c 1.0 1.0 1.0
c 1.0 1.0 1.0
c 1.0 1.0 1.0
c 1.0 1.0 1.0
c 1.0 1.0 1.0
c 1.0 1.0 1.0
c 1.0 1.0 1.0
c 1.0 1.0 1.0
c 1.0 1.0 1.0
c 1.0 1.0 1.0
c 1.0 1.0 1.0
c 1.0 1.0 1.0
c 1.0 1.0 1.0
c 1.0 1.0 1.0
c 1.0 1.0 1.0
c 1.0 1.0 1.0
c 1.0 1.0 1.0
c 1.0 1.0 1.0
c 1.0 1.0 1.0
c 1.0 1.0 1.0
c 1.0 1.0 1.0
c 1.0 1.0 1.0
c 1.0 1.0 1.0
c 1.0 1.0 1.0
c 1.0 1.0 1.0
c 1.0 1.0 1.0
c 1.0 1.0 1.0
c 1.0 1.0 1.0
c 1.0 1.0 1.0
c 1.0 1.0 1.0
c 1.0 1.0 1.0
c 1.0 1.0 1.0
c 1.0 1.0 1.0
c 1.0 1.0 1.0
c 1.0 1.0 1.0
c 1.0 1.0 1.0
c 1.0 1.0 1.0
c 1.0 1.0 1.0
c 1.0 1.0 1.0
c 1.0 1.0 1.0
c 1.0 1.0 1.0
c 1.0 1.0 1.0
c 1.0 1.0 1.0
c 1.0 1.0 1.0
c 1.0 1.0 1.0
c 1.0 1.0 1.0
c 1.0 1.0 1.0
c 1.0 1.0 1.0
c 1.0 1.0 1.0
c 1.0 1.0 1.0
c 1.0 1.0 1.0
c 1.0 1.0 1.0
c 1.0 1.0 1.0
c 1.0 1.0 1.0
c 1.0 1.0 1.0
c 1.0 1.0 1.0
c 1.0 1.0 1.0
c 1.0 1.0 1.0
c 1.0 1.0 1.0
c 1.0 1.0 1.0
c 1.0 1.0 1.0
c 1.0 1.0 1.0
c 1.0 1.0 1.0
c 1.0 1.0 1.0
c 1.0 1.0 1.0
c 1.0 1.0 1.0
c 1.0 1.0 1.0
c 1.0 1.0 1.0
c 1.0 1.0 1.0
c 1.0 1.0 1.0
c 1.0 1.0 1.0
c 1.0 1.0 1.0
c 1.0 1.0 1.0
c 1.0 1.0 1.0
c 1.0 1.0 1.0
c 1.0 1.0 1.0
c 1.0 1.0 1.0
c 1.0 1.0 1.0
c 1.0 1.0 1.0
c 1.0 1.0 1.0
c 1.0 1.0 1.0
c 1.0 1.0 1.0
c 1.0 1.0 1.0
c 1.0 1.0 1.0
c 1.0 1.0 1.0
c 1.0 1.0 1.0
c 1.0 1.0 1.0
c 1.0 1.0 1.0
c 1.0 1.0 1.0
c 1.0 1.0 1.0
c 1.0 1.0 1.0
c 1.0 1.0 1.0
c 1.0 1.0 1.0
c 1.0 1.0 1.0
c 1.0 1.0 1.0
c 1.0 1.0 1.0
c 1.0 1.0 1.0
c 1.0 1.0 1.0
c 1.0 1.0 1.0
c 1.0 1.0 1.0
c 1.0 1.0 1.0
c 1.0 1.0 1.0
c 1.0 1.0 1.0
c 1.0 1.0 1.0
c 1.0 1.0 1.0
c 1.0 1.0 1.0
c 1.0 1.0 1.0
c 1.0 1.0 1.0
c 1.0 1.0 1.0
c 1.0 1.0 1.0
c 1.0 1.0 1.0
c 1.0 1.0 1.0
c 1.0 1.0 1.0
c 1.0 1.0 1.0
c 1.0 1.0 1.0
c 1.0 1.0 1.0
c 1.0 1.0 1.0
c 1.0 1.0 1.0
c 1.0 1.0 1.0
c 1.0 1.0 1.0
c 1.0 1.0 1.0
c 1.0 1.0 1.0
c 1.0 1.0 1.0
c 1.0 1.0 1.0
c 1.0 1.0 1.0
c 1.0 1.0 1.0
c 1.0 1.0 1.0
c 1.0 1.0 1.0
c 1.0 1.0 1.0
c 1.0 1.0 1.0
c 1.0 1.0 1.0
c 1.0 1.0 1.0
c 1.0 1.0 1.0
c 1.0 1.0 1.0
c 1.0 1.0 1.0
c 1.0 1.0 1.0
c 1.0 1.0 1.0
usemtl sea_zanami2
s off
f 57/57/17/7 58/58/17/7 59/59/17/7 60/60/17/7
f 78/79/22/8 79/80/22/8 80/81/22/8 81/82/22/8
f 82/83/22/8 78/84/22/8 81/85/22/8 83/86/22/8
f 104/108/24/10 105/109/24/10 106/110/24/10 107/111/24/10
f 176/187/43/25 177/188/43/25 178/189/43/25 179/190/43/25
f 236/254/59/37 237/255/59/37 238/256/59/37 239/257/59/37
f 252/272/64/38 253/273/64/38 254/274/64/38 255/275/64/38
f 273/294/69/39 274/295/69/39 275/296/69/39 276/297/69/39
f 277/298/69/39 273/299/69/39 276/300/69/39 278/301/69/39
f 21/45/10/6 22/46/10/6 23/47/10/6
f 24/48/10/6 25/49/10/6 26/50/10/6
usemtl sea_zanami
s off
f 39/21/6/6 40/22/7/6 41/23/8/6 42/24/9/6
f 51/61/17/7 52/62/17/7 53/63/21/7 54/64/17/7
f 52/65/17/7 55/66/17/7 56/67/17/7 53/68/21/7
f 71/91/22/8 72/92/22/8 73/93/22/8 74/94/22/8
f 98/112/24/10 99/113/24/10 100/114/28/10 101/115/24/10
f 99/116/24/10 102/117/24/10 103/118/24/10 100/119/28/10
f 170/191/43/25 171/192/43/25 172/193/47/25 173/194/43/25
f 171/195/43/25 174/196/43/25 175/197/43/25 172/198/47/25
f 230/258/59/37 231/259/59/37 232/260/63/37 233/261/59/37
f 231/262/59/37 234/263/59/37 235/264/59/37 232/265/63/37
f 246/276/64/38 247/277/64/38 248/278/68/38 249/279/64/38
f 247/280/64/38 250/281/64/38 251/282/64/38 248/283/68/38
f 266/306/69/39 267/307/69/39 268/308/69/39 269/309/69/39
f 43/25/10/6 44/26/10/6 45/27/10/6
f 44/26/10/6 46/28/10/6 45/27/10/6
f 45/27/10/6 46/28/10/6 47/29/10/6
f 46/28/10/6 48/30/10/6 47/29/10/6
f 49/31/10/6 42/24/9/6 41/23/8/6
f 39/21/6/6 50/32/10/6 40/22/7/6
f 67/87/22/8 68/88/22/8 69/89/22/8
f 68/88/22/8 70/90/22/8 69/89/22/8
f 75/95/22/8 76/96/22/8 77/97/22/8
f 262/302/69/39 263/303/69/39 264/304/69/39
f 263/303/69/39 265/305/69/39 264/304/69/39
f 270/310/69/39 271/311/69/39 272/312/69/39
usemtl sea_mizu1_1
s off
f 3165/3301/1210/310 3166/3303/1210/310 3167/3304/1210/310 3168/3302/1210/310
f 3169/3305/1211/311 3170/3307/1211/311 3171/3308/1211/311 3172/3306/1211/311
f 3173/3309/1212/312 3174/3311/1212/312 3175/3312/1212/312 3176/3310/1212/312
f 3177/3315/1213/313 3178/3313/1213/313 3179/3314/1213/313 3180/3316/1213/313
f 3181/3317/1214/314 3182/3319/1214/314 3183/3320/1214/314 3184/3318/1214/314
f 3185/3321/1215/315 3186/3323/1215/315 3187/3324/1215/315 3188/3322/1215/315
f 3189/3325/1216/316 3190/3327/1216/316 3191/3328/1216/316 3192/3326/1216/316
f 3193/3331/1217/317 3194/3329/1217/317 3195/3330/1217/317 3196/3332/1217/317
f 3197/3333/1218/318 3198/3335/1218/318 3199/3336/1218/318 3200/3334/1218/318
f 3201/3337/1219/319 3202/3339/1219/319 3203/3340/1219/319 3204/3338/1219/319
f 3205/3341/1220/320 3206/3343/1220/320 3207/3344/1220/320 3208/3342/1220/320
f 3209/3347/1221/321 3210/3345/1221/321 3211/3346/1221/321 3212/3348/1221/321
f 3213/3351/1222/322 3214/3349/1222/322 3215/3350/1222/322 3216/3352/1222/322
f 3217/3353/1223/323 3218/3355/1223/323 3219/3356/1223/323 3220/3354/1223/323
f 3221/3357/1224/324 3222/3359/1224/324 3223/3360/1224/324 3224/3358/1224/324
f 3225/3361/1225/325 3226/3363/1225/325 3227/3364/1225/325 3228/3362/1225/325
f 3229/3367/1226/326 3230/3365/1226/326 3231/3366/1226/326 3232/3368/1226/326
f 3233/3371/1227/327 3234/3369/1227/327 3235/3370/1227/327 3236/3372/1227/327
usemtl ki02c
s off
f 289/313/70/40 290/314/70/40 291/315/70/40 292/316/70/40
f 365/409/112/51 366/410/112/51 367/411/112/51 368/412/112/51
f 419/481/144/57 420/482/144/57 421/483/144/57 422/484/144/57
f 445/509/152/59 446/510/152/59 447/511/152/59 448/512/152/59
f 499/581/184/65 500/582/184/65 501/583/184/65 502/584/184/65
f 525/609/192/67 526/610/192/67 527/611/192/67 528/612/192/67
f 557/649/208/70 558/650/208/70 559/651/208/70 560/652/208/70
usemtl sea_jimen
s off
f 18/17/5/5 20/18/5/5 19/19/5/5 17/20/5/5
f 123/128/31/13 125/129/31/13 124/130/31/13 122/131/31/13
f 151/160/38/20 153/161/38/20 152/162/38/20 150/163/38/20
f 167/177/42/24 169/178/42/24 168/179/42/24 166/180/42/24
f 207/220/53/31 209/221/53/31 208/222/53/31 206/223/53/31
f 227/244/58/36 229/245/58/36 228/246/58/36 226/247/58/36
f 1576/1711/385/160 1578/1712/385/160 1577/1713/385/160 1575/1714/385/160
f 1590/1725/390/162 1592/1726/390/162 1591/1727/390/162 1589/1728/390/162
f 1604/1739/395/164 1606/1740/395/164 1605/1741/395/164 1603/1742/395/164
f 1608/1743/396/165 1610/1744/396/165 1609/1745/396/165 1607/1746/396/165
f 1622/1757/401/167 1624/1758/401/167 1623/1759/401/167 1621/1760/401/167
f 1626/1761/402/168 1628/1762/402/168 1627/1763/402/168 1625/1764/402/168
f 1640/1775/407/170 1642/1776/407/170 1641/1777/407/170 1639/1778/407/170
f 1654/1789/412/172 1656/1790/412/172 1655/1791/412/172 1653/1792/412/172
f 1658/1793/413/173 1660/1794/413/173 1659/1795/413/173 1657/1796/413/173
f 1662/1797/414/174 1664/1798/414/174 1663/1799/414/174 1661/1800/414/174
f 1770/1905/477/181 1772/1906/477/181 1771/1907/477/181 1769/1908/477/181
f 1816/1951/505/184 1818/1952/505/184 1817/1953/505/184 1815/1954/505/184
f 1830/1965/510/186 1832/1966/510/186 1831/1967/510/186 1829/1968/510/186
f 1834/1969/511/187 1836/1970/511/187 1835/1971/511/187 1833/1972/511/187
f 1838/1973/512/188 1840/1974/512/188 1839/1975/512/188 1837/1976/512/188
f 1966/2101/583/197 1968/2102/583/197 1967/2103/583/197 1965/2104/583/197
f 1980/2115/588/199 1982/2116/588/199 1981/2117/588/199 1979/2118/588/199
f 1984/2119/589/200 1986/2120/589/200 1985/2121/589/200 1983/2122/589/200
f 2040/2175/621/204 2042/2176/621/204 2041/2177/621/204 2039/2178/621/204
f 2044/2179/622/205 2046/2180/622/205 2045/2181/622/205 2043/2182/622/205
f 2120/2255/665/210 2122/2256/665/210 2121/2257/665/210 2119/2258/665/210
f 2134/2269/670/212 2136/2270/670/212 2135/2271/670/212 2133/2272/670/212
f 2138/2273/671/213 2140/2274/671/213 2139/2275/671/213 2137/2276/671/213
f 2142/2277/672/214 2144/2278/672/214 2143/2279/672/214 2141/2280/672/214
f 2146/2281/673/215 2148/2282/673/215 2147/2283/673/215 2145/2284/673/215
f 2160/2295/678/217 2162/2296/678/217 2161/2297/678/217 2159/2298/678/217
f 2174/2309/683/219 2176/2310/683/219 2175/2311/683/219 2173/2312/683/219
f 2230/2365/715/223 2232/2366/715/223 2231/2367/715/223 2229/2368/715/223
f 2276/2411/743/226 2278/2412/743/226 2277/2413/743/226 2275/2414/743/226
f 2290/2425/748/228 2292/2426/748/228 2291/2427/748/228 2289/2428/748/228
f 2294/2429/749/229 2296/2430/749/229 2295/2431/749/229 2293/2432/749/229
f 2308/2443/754/231 2310/2444/754/231 2309/2445/754/231 2307/2446/754/231
f 2312/2447/755/232 2314/2448/755/232 2313/2449/755/232 2311/2450/755/232
f 2316/2451/756/233 2318/2452/756/233 2317/2453/756/233 2315/2454/756/233
f 2362/2497/784/236 2364/2498/784/236 2363/2499/784/236 2361/2500/784/236
f 2366/2501/785/237 2368/2502/785/237 2367/2503/785/237 2365/2504/785/237
f 2422/2557/817/241 2424/2558/817/241 2423/2559/817/241 2421/2560/817/241
f 2436/2571/822/243 2438/2572/822/243 2437/2573/822/243 2435/2574/822/243
f 2450/2585/827/245 2452/2586/827/245 2451/2587/827/245 2449/2588/827/245
f 2528/2663/875/250 2530/2664/875/250 2529/2665/875/250 2527/2666/875/250
f 2532/2667/876/251 2534/2668/876/251 2533/2669/876/251 2531/2670/876/251
f 2588/2723/908/255 2590/2724/908/255 2589/2725/908/255 2587/2726/908/255
f 2592/2727/909/256 2594/2728/909/256 2593/2729/909/256 2591/2730/909/256
f 2596/2731/910/257 2598/2732/910/257 2597/2733/910/257 2595/2734/910/257
f 2610/2745/915/259 2612/2746/915/259 2611/2747/915/259 2609/2748/915/259
f 2624/2759/920/261 2626/2760/920/261 2625/2761/920/261 2623/2762/920/261
f 2628/2763/921/262 2630/2764/921/262 2629/2765/921/262 2627/2766/921/262
f 2674/2809/946/266 2676/2810/946/266 2675/2811/946/266 2673/2812/946/266
f 2678/2813/947/267 2680/2814/947/267 2679/2815/947/267 2677/2816/947/267
f 2712/2847/963/270 2714/2848/963/270 2713/2849/963/270 2711/2850/963/270
f 2768/2903/995/274 2770/2904/995/274 2769/2905/995/274 2767/2906/995/274
f 2822/2957/1022/278 2824/2958/1022/278 2823/2959/1022/278 2821/2960/1022/278
f 2880/3015/1059/282 2882/3016/1059/282 2881/3017/1059/282 2879/3018/1059/282
f 2884/3019/1060/283 2886/3020/1060/283 2885/3021/1060/283 2883/3022/1060/283
f 2888/3023/1061/284 2890/3024/1061/284 2889/3025/1061/284 2887/3026/1061/284
f 2892/3027/1062/285 2894/3028/1062/285 2893/3029/1062/285 2891/3030/1062/285
f 2896/3031/1063/286 2898/3032/1063/286 2897/3033/1063/286 2895/3034/1063/286
f 3004/3139/1126/293 3006/3140/1126/293 3005/3141/1126/293 3003/3142/1126/293
f 3008/3143/1127/294 3010/3144/1127/294 3009/3145/1127/294 3007/3146/1127/294
f 3044/3179/1148/297 3046/3180/1148/297 3045/3181/1148/297 3043/3182/1148/297
f 3100/3235/1180/301 3102/3236/1180/301 3101/3237/1180/301 3099/3238/1180/301
f 3104/3239/1181/302 3106/3240/1181/302 3105/3241/1181/302 3103/3242/1181/302
f 3108/3243/1182/303 3110/3244/1182/303 3109/3245/1182/303 3107/3246/1182/303
f 3122/3257/1187/305 3124/3258/1187/305 3123/3259/1187/305 3121/3260/1187/305
f 3148/3283/1204/307 3150/3284/1204/307 3149/3285/1204/307 3147/3286/1204/307
f 3162/3297/1209/309 3164/3298/1209/309 3163/3299/1209/309 3161/3300/1209/309
usemtl gake01
s off
f 305/329/73/41 306/330/74/41 307/331/74/41 308/332/73/41
f 311/337/76/42 312/338/77/42 313/339/77/42 314/340/76/42
f 317/345/79/43 318/346/80/43 319/347/80/43 320/348/79/43
f 323/353/82/44 324/354/83/44 325/355/83/44 326/356/82/44
f 329/361/85/45 330/362/86/45 331/363/86/45 332/364/85/45
f 341/377/94/47 342/378/95/47 343/379/95/47 344/380/94/47
f 353/393/103/49 354/394/104/49 355/395/104/49 356/396/103/49
f 381/425/115/52 382/426/116/52 383/427/117/52 384/428/118/52
f 385/429/118/52 383/430/117/52 386/431/119/52 387/432/120/52
f 397/449/128/54 398/450/129/54 399/451/129/54 400/452/128/54
f 403/457/131/55 404/458/132/55 405/459/133/55 406/460/134/55
f 407/461/134/55 405/462/133/55 408/463/135/55 409/464/136/55
f 439/501/149/58 440/502/150/58 441/503/150/58 442/504/149/58
f 461/525/155/60 462/526/156/60 463/527/157/60 464/528/158/60
f 465/529/158/60 463/530/157/60 466/531/159/60 467/532/160/60
f 477/549/168/62 478/550/169/62 479/551/169/62 480/552/168/62
f 483/557/171/63 484/558/172/63 485/559/173/63 486/560/174/63
f 487/561/174/63 485/562/173/63 488/563/175/63 489/564/176/63
f 519/601/189/66 520/602/190/66 521/603/190/66 522/604/189/66
f 541/625/195/68 542/626/196/68 543/627/197/68 544/628/198/68
f 545/629/198/68 543/630/197/68 546/631/199/68 547/632/200/68
f 577/669/213/71 578/670/214/71 579/671/214/71 580/672/213/71
f 583/677/216/72 584/678/217/72 585/679/217/72 586/680/216/72
f 335/369/88/46 336/370/89/46 337/371/90/46
f 335/369/88/46 338/372/91/46 336/370/89/46
f 337/371/90/46 336/370/89/46 339/373/92/46
f 347/385/97/48 348/386/98/48 349/387/99/48
f 347/385/97/48 350/388/100/48 348/386/98/48
f 349/387/99/48 348/386/98/48 351/389/101/48
f 359/401/106/50 360/402/107/50 361/403/108/50
f 359/401/106/50 362/404/109/50 360/402/107/50
f 361/403/108/50 360/402/107/50 363/405/110/50
f 391/441/122/53 392/442/123/53 393/443/124/53
f 391/441/122/53 394/444/125/53 392/442/123/53
f 393/443/124/53 392/442/123/53 395/445/126/53
f 413/473/138/56 414/474/139/56 415/475/140/56
f 413/473/138/56 416/476/141/56 414/474/139/56
f 415/475/140/56 414/474/139/56 417/477/142/56
f 471/541/162/61 472/542/163/61 473/543/164/61
f 471/541/162/61 474/544/165/61 472/542/163/61
f 473/543/164/61 472/542/163/61 475/545/166/61
f 493/573/178/64 494/574/179/64 495/575/180/64
f 493/573/178/64 496/576/181/64 494/574/179/64
f 495/575/180/64 494/574/179/64 497/577/182/64
f 551/641/202/69 552/642/203/69 553/643/204/69
f 551/641/202/69 554/644/205/69 552/642/203/69
f 553/643/204/69 552/642/203/69 555/645/206/69
f 589/685/219/73 590/686/220/73 591/687/221/73
f 589/685/219/73 592/688/222/73 590/686/220/73
f 591/687/221/73 590/686/220/73 593/689/223/73
usemtl yamagake01
s off
f 1325/1442/329/141 1326/1443/330/141 1327/1444/331/141 1328/1445/329/141
f 1329/1446/332/141 1326/1443/333/141 1330/1447/334/141 1331/1448/332/141
f 1332/1449/335/141 1333/1450/335/141 1334/1451/335/141 1335/1452/335/141
f 1336/1453/336/141 1337/1454/337/141 1325/1442/337/141 1338/1455/338/141
f 1326/1443/330/141 1329/1446/339/141 1339/1456/339/141 1327/1444/331/141
f 1334/1451/340/141 1336/1453/336/141 1338/1455/338/141 1335/1452/340/141
f 1326/1443/333/141 1325/1442/341/141 1337/1454/341/141 1330/1447/334/141
f 1338/1455/342/141 1325/1442/329/141 1328/1445/329/141 1340/1457/342/141
f 1341/1458/343/141 1329/1446/344/141 1342/1459/345/141 1343/1460/343/141
f 1342/1459/345/141 1329/1446/344/141 1331/1448/346/141
f 1344/1461/347/141 1345/1462/348/141 1341/1458/349/141
f 1345/1462/348/141 1339/1456/350/141 1341/1458/349/141
f 1339/1456/351/141 1345/1462/352/141 1327/1444/353/141
f 1345/1462/352/141 1328/1445/354/141 1327/1444/353/141
f 1343/1460/355/141 1332/1449/356/141 1344/1461/357/141
f 1332/1449/356/141 1335/1452/358/141 1344/1461/357/141
f 1335/1463/359/141 1338/1464/359/141 1344/1461/359/141
f 1343/1460/360/141 1344/1461/360/141 1341/1458/360/141
f 1344/1465/361/141 1340/1466/361/141 1345/1467/361/141
f 1340/1457/362/141 1328/1445/362/141 1345/1462/362/141
f 1344/1461/363/141 1338/1468/363/141 1340/1469/363/141
f 1329/1446/364/141 1341/1458/364/141 1339/1456/364/141
f 1343/1460/365/141 1333/1450/365/141 1332/1449/365/141
usemtl kusa_ec3
s off
f 677/773/239/88 678/774/239/88 675/775/239/88 676/776/239/88
f 689/785/240/89 690/786/240/89 687/787/240/89 688/788/240/89
f 701/797/241/90 702/798/241/90 699/799/241/90 700/800/241/90
f 713/809/242/91 714/810/242/91 711/811/242/91 712/812/242/91
f 725/821/243/92 726/822/243/92 723/823/243/92 724/824/243/92
f 737/833/244/93 738/834/244/93 735/835/244/93 736/836/244/93
f 749/845/245/94 750/846/245/94 747/847/245/94 748/848/245/94
f 761/857/246/95 762/858/246/95 759/859/246/95 760/860/246/95
f 773/869/247/96 774/870/247/96 771/871/247/96 772/872/247/96
f 785/881/248/97 786/882/248/97 783/883/248/97 784/884/248/97
f 797/893/249/98 798/894/249/98 795/895/249/98 796/896/249/98
f 809/905/250/99 810/906/250/99 807/907/250/99 808/908/250/99
f 821/917/251/100 822/918/251/100 819/919/251/100 820/920/251/100
f 833/929/252/101 834/930/252/101 831/931/252/101 832/932/252/101
f 845/941/253/102 846/942/253/102 843/943/253/102 844/944/253/102
f 857/953/254/103 858/954/254/103 855/955/254/103 856/956/254/103
f 869/965/255/104 870/966/255/104 867/967/255/104 868/968/255/104
f 881/977/256/105 882/978/256/105 879/979/256/105 880/980/256/105
f 893/989/257/106 894/990/257/106 891/991/257/106 892/992/257/106
f 905/1001/258/107 906/1002/258/107 903/1003/258/107 904/1004/258/107
f 951/1066/297/109 952/1067/297/109 949/1068/297/109 950/1069/297/109
f 963/1078/298/110 964/1079/298/110 961/1080/298/110 962/1081/298/110
f 975/1090/299/111 976/1091/299/111 973/1092/299/111 974/1093/299/111
f 987/1102/300/112 988/1103/300/112 985/1104/300/112 986/1105/300/112
f 999/1114/301/113 1000/1115/301/113 997/1116/301/113 998/1117/301/113
f 1011/1126/302/114 1012/1127/302/114 1009/1128/302/114 1010/1129/302/114
f 1023/1138/303/115 1024/1139/303/115 1021/1140/303/115 1022/1141/303/115
f 1035/1150/304/116 1036/1151/304/116 1033/1152/304/116 1034/1153/304/116
f 1047/1162/305/117 1048/1163/305/117 1045/1164/305/117 1046/1165/305/117
f 1059/1174/306/118 1060/1175/306/118 1057/1176/306/118 1058/1177/306/118
f 1071/1186/307/119 1072/1187/307/119 1069/1188/307/119 1070/1189/307/119
f 1083/1198/308/120 1084/1199/308/120 1081/1200/308/120 1082/1201/308/120
f 1095/1210/309/121 1096/1211/309/121 1093/1212/309/121 1094/1213/309/121
f 1107/1222/310/122 1108/1223/310/122 1105/1224/310/122 1106/1225/310/122
f 1119/1234/311/123 1120/1235/311/123 1117/1236/311/123 1118/1237/311/123
f 1131/1246/312/124 1132/1247/312/124 1129/1248/312/124 1130/1249/312/124
f 1143/1258/313/125 1144/1259/313/125 1141/1260/313/125 1142/1261/313/125
f 1155/1270/314/126 1156/1271/314/126 1153/1272/314/126 1154/1273/314/126
f 1167/1282/315/127 1168/1283/315/127 1165/1284/315/127 1166/1285/315/127
f 1179/1294/316/128 1180/1295/316/128 1177/1296/316/128 1178/1297/316/128
f 1191/1306/317/129 1192/1307/317/129 1189/1308/317/129 1190/1309/317/129
f 1203/1318/318/130 1204/1319/318/130 1201/1320/318/130 1202/1321/318/130
f 1215/1330/319/131 1216/1331/319/131 1213/1332/319/131 1214/1333/319/131
f 1227/1342/320/132 1228/1343/320/132 1225/1344/320/132 1226/1345/320/132
f 1239/1354/321/133 1240/1355/321/133 1237/1356/321/133 1238/1357/321/133
f 1251/1366/322/134 1252/1367/322/134 1249/1368/322/134 1250/1369/322/134
f 1263/1378/323/135 1264/1379/323/135 1261/1380/323/135 1262/1381/323/135
f 1275/1390/324/136 1276/1391/324/136 1273/1392/324/136 1274/1393/324/136
f 1287/1402/325/137 1288/1403/325/137 1285/1404/325/137 1286/1405/325/137
f 1299/1414/326/138 1300/1415/326/138 1297/1416/326/138 1298/1417/326/138
f 1311/1426/327/139 1312/1427/327/139 1309/1428/327/139 1310/1429/327/139
f 1323/1438/328/140 1324/1439/328/140 1321/1440/328/140 1322/1441/328/140
f 1369/1503/367/142 1370/1504/367/142 1367/1505/367/142 1368/1506/367/142
f 1381/1515/368/143 1382/1516/368/143 1379/1517/368/143 1380/1518/368/143
f 1393/1527/369/144 1394/1528/369/144 1391/1529/369/144 1392/1530/369/144
f 1405/1539/370/145 1406/1540/370/145 1403/1541/370/145 1404/1542/370/145
f 1417/1551/371/146 1418/1552/371/146 1415/1553/371/146 1416/1554/371/146
f 1429/1563/372/147 1430/1564/372/147 1427/1565/372/147 1428/1566/372/147
f 1441/1575/373/148 1442/1576/373/148 1439/1577/373/148 1440/1578/373/148
f 1453/1587/374/149 1454/1588/374/149 1451/1589/374/149 1452/1590/374/149
f 1465/1599/375/150 1466/1600/375/150 1463/1601/375/150 1464/1602/375/150
f 1477/1611/376/151 1478/1612/376/151 1475/1613/376/151 1476/1614/376/151
f 1489/1623/377/152 1490/1624/377/152 1487/1625/377/152 1488/1626/377/152
f 1501/1635/378/153 1502/1636/378/153 1499/1637/378/153 1500/1638/378/153
f 1513/1647/379/154 1514/1648/379/154 1511/1649/379/154 1512/1650/379/154
f 1525/1659/380/155 1526/1660/380/155 1523/1661/380/155 1524/1662/380/155
f 1537/1671/381/156 1538/1672/381/156 1535/1673/381/156 1536/1674/381/156
f 1549/1683/382/157 1550/1684/382/157 1547/1685/382/157 1548/1686/382/157
f 1561/1695/383/158 1562/1696/383/158 1559/1697/383/158 1560/1698/383/158
f 1573/1707/384/159 1574/1708/384/159 1571/1709/384/159 1572/1710/384/159
usemtl grass01ax
s off
f 142/152/36/18 143/153/36/18 144/154/36/18 145/155/36/18
f 162/173/41/23 163/174/41/23 164/175/41/23 165/176/41/23
f 198/214/51/29 199/212/51/29 200/213/51/29 201/215/51/29
usemtl kusa_ec1
s off
f 669/765/239/88 670/766/239/88 667/767/239/88 668/768/239/88
f 681/777/240/89 682/778/240/89 679/779/240/89 680/780/240/89
f 693/789/241/90 694/790/241/90 691/791/241/90 692/792/241/90
f 705/801/242/91 706/802/242/91 703/803/242/91 704/804/242/91
f 717/813/243/92 718/814/243/92 715/815/243/92 716/816/243/92
f 729/825/244/93 730/826/244/93 727/827/244/93 728/828/244/93
f 741/837/245/94 742/838/245/94 739/839/245/94 740/840/245/94
f 753/849/246/95 754/850/246/95 751/851/246/95 752/852/246/95
f 765/861/247/96 766/862/247/96 763/863/247/96 764/864/247/96
f 777/873/248/97 778/874/248/97 775/875/248/97 776/876/248/97
f 789/885/249/98 790/886/249/98 787/887/249/98 788/888/249/98
f 801/897/250/99 802/898/250/99 799/899/250/99 800/900/250/99
f 813/909/251/100 814/910/251/100 811/911/251/100 812/912/251/100
f 825/921/252/101 826/922/252/101 823/923/252/101 824/924/252/101
f 837/933/253/102 838/934/253/102 835/935/253/102 836/936/253/102
f 849/945/254/103 850/946/254/103 847/947/254/103 848/948/254/103
f 861/957/255/104 862/958/255/104 859/959/255/104 860/960/255/104
f 873/969/256/105 874/970/256/105 871/971/256/105 872/972/256/105
f 885/981/257/106 886/982/257/106 883/983/257/106 884/984/257/106
f 897/993/258/107 898/994/258/107 895/995/258/107 896/996/258/107
f 943/1058/297/109 944/1059/297/109 941/1060/297/109 942/1061/297/109
f 955/1070/298/110 956/1071/298/110 953/1072/298/110 954/1073/298/110
f 967/1082/299/111 968/1083/299/111 965/1084/299/111 966/1085/299/111
f 979/1094/300/112 980/1095/300/112 977/1096/300/112 978/1097/300/112
f 991/1106/301/113 992/1107/301/113 989/1108/301/113 990/1109/301/113
f 1003/1118/302/114 1004/1119/302/114 1001/1120/302/114 1002/1121/302/114
f 1015/1130/303/115 1016/1131/303/115 1013/1132/303/115 1014/1133/303/115
f 1027/1142/304/116 1028/1143/304/116 1025/1144/304/116 1026/1145/304/116
f 1039/1154/305/117 1040/1155/305/117 1037/1156/305/117 1038/1157/305/117
f 1051/1166/306/118 1052/1167/306/118 1049/1168/306/118 1050/1169/306/118
f 1063/1178/307/119 1064/1179/307/119 1061/1180/307/119 1062/1181/307/119
f 1075/1190/308/120 1076/1191/308/120 1073/1192/308/120 1074/1193/308/120
f 1087/1202/309/121 1088/1203/309/121 1085/1204/309/121 1086/1205/309/121
f 1099/1214/310/122 1100/1215/310/122 1097/1216/310/122 1098/1217/310/122
f 1111/1226/311/123 1112/1227/311/123 1109/1228/311/123 1110/1229/311/123
f 1123/1238/312/124 1124/1239/312/124 1121/1240/312/124 1122/1241/312/124
f 1135/1250/313/125 1136/1251/313/125 1133/1252/313/125 1134/1253/313/125
f 1147/1262/314/126 1148/1263/314/126 1145/1264/314/126 1146/1265/314/126
f 1159/1274/315/127 1160/1275/315/127 1157/1276/315/127 1158/1277/315/127
f 1171/1286/316/128 1172/1287/316/128 1169/1288/316/128 1170/1289/316/128
f 1183/1298/317/129 1184/1299/317/129 1181/1300/317/129 1182/1301/317/129
f 1195/1310/318/130 1196/1311/318/130 1193/1312/318/130 1194/1313/318/130
f 1207/1322/319/131 1208/1323/319/131 1205/1324/319/131 1206/1325/319/131
f 1219/1334/320/132 1220/1335/320/132 1217/1336/320/132 1218/1337/320/132
f 1231/1346/321/133 1232/1347/321/133 1229/1348/321/133 1230/1349/321/133
f 1243/1358/322/134 1244/1359/322/134 1241/1360/322/134 1242/1361/322/134
f 1255/1370/323/135 1256/1371/323/135 1253/1372/323/135 1254/1373/323/135
f 1267/1382/324/136 1268/1383/324/136 1265/1384/324/136 1266/1385/324/136
f 1279/1394/325/137 1280/1395/325/137 1277/1396/325/137 1278/1397/325/137
f 1291/1406/326/138 1292/1407/326/138 1289/1408/326/138 1290/1409/326/138
f 1303/1418/327/139 1304/1419/327/139 1301/1420/327/139 1302/1421/327/139
f 1315/1430/328/140 1316/1431/328/140 1313/1432/328/140 1314/1433/328/140
f 1361/1495/367/142 1362/1496/367/142 1359/1497/367/142 1360/1498/367/142
f 1373/1507/368/143 1374/1508/368/143 1371/1509/368/143 1372/1510/368/143
f 1385/1519/369/144 1386/1520/369/144 1383/1521/369/144 1384/1522/369/144
f 1397/1531/370/145 1398/1532/370/145 1395/1533/370/145 1396/1534/370/145
f 1409/1543/371/146 1410/1544/371/146 1407/1545/371/146 1408/1546/371/146
f 1421/1555/372/147 1422/1556/372/147 1419/1557/372/147 1420/1558/372/147
f 1433/1567/373/148 1434/1568/373/148 1431/1569/373/148 1432/1570/373/148
f 1445/1579/374/149 1446/1580/374/149 1443/1581/374/149 1444/1582/374/149
f 1457/1591/375/150 1458/1592/375/150 1455/1593/375/150 1456/1594/375/150
f 1469/1603/376/151 1470/1604/376/151 1467/1605/376/151 1468/1606/376/151
f 1481/1615/377/152 1482/1616/377/152 1479/1617/377/152 1480/1618/377/152
f 1493/1627/378/153 1494/1628/378/153 1491/1629/378/153 1492/1630/378/153
f 1505/1639/379/154 1506/1640/379/154 1503/1641/379/154 1504/1642/379/154
f 1517/1651/380/155 1518/1652/380/155 1515/1653/380/155 1516/1654/380/155
f 1529/1663/381/156 1530/1664/381/156 1527/1665/381/156 1528/1666/381/156
f 1541/1675/382/157 1542/1676/382/157 1539/1677/382/157 1540/1678/382/157
f 1553/1687/383/158 1554/1688/383/158 1551/1689/383/158 1552/1690/383/158
f 1565/1699/384/159 1566/1700/384/159 1563/1701/384/159 1564/1702/384/159
usemtl kusa_ec2
s off
f 673/769/239/88 674/770/239/88 671/771/239/88 672/772/239/88
f 685/781/240/89 686/782/240/89 683/783/240/89 684/784/240/89
f 697/793/241/90 698/794/241/90 695/795/241/90 696/796/241/90
f 709/805/242/91 710/806/242/91 707/807/242/91 708/808/242/91
f 721/817/243/92 722/818/243/92 719/819/243/92 720/820/243/92
f 733/829/244/93 734/830/244/93 731/831/244/93 732/832/244/93
f 745/841/245/94 746/842/245/94 743/843/245/94 744/844/245/94
f 757/853/246/95 758/854/246/95 755/855/246/95 756/856/246/95
f 769/865/247/96 770/866/247/96 767/867/247/96 768/868/247/96
f 781/877/248/97 782/878/248/97 779/879/248/97 780/880/248/97
f 793/889/249/98 794/890/249/98 791/891/249/98 792/892/249/98
f 805/901/250/99 806/902/250/99 803/903/250/99 804/904/250/99
f 817/913/251/100 818/914/251/100 815/915/251/100 816/916/251/100
f 829/925/252/101 830/926/252/101 827/927/252/101 828/928/252/101
f 841/937/253/102 842/938/253/102 839/939/253/102 840/940/253/102
f 853/949/254/103 854/950/254/103 851/951/254/103 852/952/254/103
f 865/961/255/104 866/962/255/104 863/963/255/104 864/964/255/104
f 877/973/256/105 878/974/256/105 875/975/256/105 876/976/256/105
f 889/985/257/106 890/986/257/106 887/987/257/106 888/988/257/106
f 901/997/258/107 902/998/258/107 899/999/258/107 900/1000/258/107
f 947/1062/297/109 948/1063/297/109 945/1064/297/109 946/1065/297/109
f 959/1074/298/110 960/1075/298/110 957/1076/298/110 958/1077/298/110
f 971/1086/299/111 972/1087/299/111 969/1088/299/111 970/1089/299/111
f 983/1098/300/112 984/1099/300/112 981/1100/300/112 982/1101/300/112
f 995/1110/301/113 996/1111/301/113 993/1112/301/113 994/1113/301/113
f 1007/1122/302/114 1008/1123/302/114 1005/1124/302/114 1006/1125/302/114
f 1019/1134/303/115 1020/1135/303/115 1017/1136/303/115 1018/1137/303/115
f 1031/1146/304/116 1032/1147/304/116 1029/1148/304/116 1030/1149/304/116
f 1043/1158/305/117 1044/1159/305/117 1041/1160/305/117 1042/1161/305/117
f 1055/1170/306/118 1056/1171/306/118 1053/1172/306/118 1054/1173/306/118
f 1067/1182/307/119 1068/1183/307/119 1065/1184/307/119 1066/1185/307/119
f 1079/1194/308/120 1080/1195/308/120 1077/1196/308/120 1078/1197/308/120
f 1091/1206/309/121 1092/1207/309/121 1089/1208/309/121 1090/1209/309/121
f 1103/1218/310/122 1104/1219/310/122 1101/1220/310/122 1102/1221/310/122
f 1115/1230/311/123 1116/1231/311/123 1113/1232/311/123 1114/1233/311/123
f 1127/1242/312/124 1128/1243/312/124 1125/1244/312/124 1126/1245/312/124
f 1139/1254/313/125 1140/1255/313/125 1137/1256/313/125 1138/1257/313/125
f 1151/1266/314/126 1152/1267/314/126 1149/1268/314/126 1150/1269/314/126
f 1163/1278/315/127 1164/1279/315/127 1161/1280/315/127 1162/1281/315/127
f 1175/1290/316/128 1176/1291/316/128 1173/1292/316/128 1174/1293/316/128
f 1187/1302/317/129 1188/1303/317/129 1185/1304/317/129 1186/1305/317/129
f 1199/1314/318/130 1200/1315/318/130 1197/1316/318/130 1198/1317/318/130
f 1211/1326/319/131 1212/1327/319/131 1209/1328/319/131 1210/1329/319/131
f 1223/1338/320/132 1224/1339/320/132 1221/1340/320/132 1222/1341/320/132
f 1235/1350/321/133 1236/1351/321/133 1233/1352/321/133 1234/1353/321/133
f 1247/1362/322/134 1248/1363/322/134 1245/1364/322/134 1246/1365/322/134
f 1259/1374/323/135 1260/1375/323/135 1257/1376/323/135 1258/1377/323/135
f 1271/1386/324/136 1272/1387/324/136 1269/1388/324/136 1270/1389/324/136
f 1283/1398/325/137 1284/1399/325/137 1281/1400/325/137 1282/1401/325/137
f 1295/1410/326/138 1296/1411/326/138 1293/1412/326/138 1294/1413/326/138
f 1307/1422/327/139 1308/1423/327/139 1305/1424/327/139 1306/1425/327/139
f 1319/1434/328/140 1320/1435/328/140 1317/1436/328/140 1318/1437/328/140
f 1365/1499/367/142 1366/1500/367/142 1363/1501/367/142 1364/1502/367/142
f 1377/1511/368/143 1378/1512/368/143 1375/1513/368/143 1376/1514/368/143
f 1389/1523/369/144 1390/1524/369/144 1387/1525/369/144 1388/1526/369/144
f 1401/1535/370/145 1402/1536/370/145 1399/1537/370/145 1400/1538/370/145
f 1413/1547/371/146 1414/1548/371/146 1411/1549/371/146 1412/1550/371/146
f 1425/1559/372/147 1426/1560/372/147 1423/1561/372/147 1424/1562/372/147
f 1437/1571/373/148 1438/1572/373/148 1435/1573/373/148 1436/1574/373/148
f 1449/1583/374/149 1450/1584/374/149 1447/1585/374/149 1448/1586/374/149
f 1461/1595/375/150 1462/1596/375/150 1459/1597/375/150 1460/1598/375/150
f 1473/1607/376/151 1474/1608/376/151 1471/1609/376/151 1472/1610/376/151
f 1485/1619/377/152 1486/1620/377/152 1483/1621/377/152 1484/1622/377/152
f 1497/1631/378/153 1498/1632/378/153 1495/1633/378/153 1496/1634/378/153
f 1509/1643/379/154 1510/1644/379/154 1507/1645/379/154 1508/1646/379/154
f 1521/1655/380/155 1522/1656/380/155 1519/1657/380/155 1520/1658/380/155
f 1533/1667/381/156 1534/1668/381/156 1531/1669/381/156 1532/1670/381/156
f 1545/1679/382/157 1546/1680/382/157 1543/1681/382/157 1544/1682/382/157
f 1557/1691/383/158 1558/1692/383/158 1555/1693/383/158 1556/1694/383/158
f 1569/1703/384/159 1570/1704/384/159 1567/1705/384/159 1568/1706/384/159
usemtl egrass_u
s off
f 619/717/229/78 620/718/229/78 621/719/229/78 622/720/229/78
f 627/725/231/80 628/726/231/80 629/727/231/80 630/728/231/80
f 631/729/232/81 632/730/232/81 633/731/232/81 634/732/232/81
f 651/749/235/84 652/750/235/84 653/751/235/84 654/752/235/84
usemtl egrass_v
s off
f 599/697/226/75 600/698/226/75 601/699/226/75 602/700/226/75
f 611/713/229/78 612/714/229/78 613/715/229/78 614/716/229/78
f 643/745/235/84 644/746/235/84 645/747/235/84 646/748/235/84
f 659/757/237/86 660/758/237/86 661/759/237/86 662/760/237/86
usemtl egrass_ro
s off
f 595/693/225/74 596/694/225/74 597/695/225/74 598/696/225/74
f 603/701/227/76 604/702/227/76 605/703/227/76 606/704/227/76
f 607/705/228/77 608/706/228/77 609/707/228/77 610/708/228/77
f 639/737/234/83 640/738/234/83 641/739/234/83 642/740/234/83
f 655/753/236/85 656/754/236/85 657/755/236/85 658/756/236/85
f 663/761/238/87 664/762/238/87 665/763/238/87 666/764/238/87
usemtl wall01_g
s off
f 1665/1801/415/175 1666/1802/416/175 1667/1803/417/175 1668/1804/417/175
f 1669/1805/418/175 1670/1806/415/175 1671/1807/417/175 1672/1808/417/175
f 1707/1843/442/177 1708/1844/443/177 1709/1845/444/177 1710/1846/444/177
f 1711/1847/445/177 1712/1848/442/177 1713/1849/444/177 1714/1850/444/177
f 1727/1863/453/178 1728/1864/454/178 1729/1865/454/178 1730/1866/453/178
f 1728/1864/454/178 1731/1867/455/178 1732/1868/455/178 1729/1865/454/178
f 1733/1869/453/178 1734/1870/453/178 1735/1871/456/178 1736/1872/456/178
f 1773/1909/478/182 1774/1910/479/182 1775/1911/480/182 1776/1912/480/182
f 1777/1913/481/182 1778/1914/478/182 1779/1915/480/182 1780/1916/480/182
f 1851/1987/517/190 1852/1988/518/190 1853/1989/519/190 1854/1990/519/190
f 1855/1991/520/190 1856/1992/517/190 1857/1993/519/190 1858/1994/519/190
f 1871/2007/528/191 1872/2008/529/191 1873/2009/529/191 1874/2010/528/191
f 1872/2008/529/191 1875/2011/530/191 1876/2012/530/191 1873/2009/529/191
f 1877/2013/528/191 1878/2014/528/191 1879/2015/531/191 1880/2016/531/191
f 1903/2039/548/193 1904/2040/549/193 1905/2041/550/193 1906/2042/550/193
f 1907/2043/551/193 1908/2044/548/193 1909/2045/550/193 1910/2046/550/193
f 1923/2059/559/194 1924/2060/560/194 1925/2061/560/194 1926/2062/559/194
f 1924/2060/560/194 1927/2063/561/194 1928/2064/561/194 1925/2061/560/194
f 1929/2065/559/194 1930/2066/559/194 1931/2067/562/194 1932/2068/562/194
f 1987/2123/590/201 1988/2124/591/201 1989/2125/592/201 1990/2126/592/201
f 1991/2127/593/201 1992/2128/590/201 1993/2129/592/201 1994/2130/592/201
f 2007/2143/601/202 2008/2144/602/202 2009/2145/602/202 2010/2146/601/202
f 2008/2144/602/202 2011/2147/603/202 2012/2148/603/202 2009/2145/602/202
f 2013/2149/601/202 2014/2150/601/202 2015/2151/604/202 2016/2152/604/202
f 2047/2183/623/206 2048/2184/624/206 2049/2185/625/206 2050/2186/625/206
f 2051/2187/626/206 2052/2188/623/206 2053/2189/625/206 2054/2190/625/206
f 2067/2203/634/207 2068/2204/635/207 2069/2205/635/207 2070/2206/634/207
f 2068/2204/635/207 2071/2207/636/207 2072/2208/636/207 2069/2205/635/207
f 2073/2209/634/207 2074/2210/634/207 2075/2211/637/207 2076/2212/637/207
f 2077/2213/638/208 2078/2214/639/208 2079/2215/640/208 2080/2216/640/208
f 2081/2217/641/208 2082/2218/638/208 2083/2219/640/208 2084/2220/640/208
f 2177/2313/684/220 2178/2314/685/220 2179/2315/686/220 2180/2316/686/220
f 2181/2317/687/220 2182/2318/684/220 2183/2319/686/220 2184/2320/686/220
f 2197/2333/695/221 2198/2334/696/221 2199/2335/696/221 2200/2336/695/221
f 2198/2334/696/221 2201/2337/697/221 2202/2338/697/221 2199/2335/696/221
f 2203/2339/695/221 2204/2340/695/221 2205/2341/698/221 2206/2342/698/221
f 2233/2369/716/224 2234/2370/717/224 2235/2371/718/224 2236/2372/718/224
f 2237/2373/719/224 2238/2374/716/224 2239/2375/718/224 2240/2376/718/224
f 2319/2455/757/234 2320/2456/758/234 2321/2457/759/234 2322/2458/759/234
f 2323/2459/760/234 2324/2460/757/234 2325/2461/759/234 2326/2462/759/234
f 2369/2505/786/238 2370/2506/787/238 2371/2507/788/238 2372/2508/788/238
f 2373/2509/789/238 2374/2510/786/238 2375/2511/788/238 2376/2512/788/238
f 2458/2589/828/246 2459/2590/829/246 2460/2591/830/246 2461/2592/831/246
f 2462/2593/832/246 2463/2594/833/246 2464/2595/834/246 2465/2596/835/246
f 2463/2594/833/246 2458/2589/828/246 2461/2592/831/246 2464/2595/834/246
f 2475/2611/844/247 2476/2612/845/247 2477/2613/845/247 2478/2614/844/247
f 2476/2612/845/247 2479/2615/846/247 2480/2616/846/247 2477/2613/845/247
f 2481/2617/844/247 2482/2618/844/247 2483/2619/847/247 2484/2620/847/247
f 2485/2621/848/248 2486/2622/849/248 2487/2623/850/248 2488/2624/850/248
f 2489/2625/851/248 2490/2626/848/248 2491/2627/850/248 2492/2628/850/248
f 2540/2671/877/252 2541/2672/878/252 2542/2673/879/252 2543/2674/880/252
f 2544/2675/881/252 2545/2676/882/252 2546/2677/883/252 2547/2678/884/252
f 2545/2676/882/252 2540/2671/877/252 2543/2674/880/252 2546/2677/883/252
f 2557/2693/893/253 2558/2694/894/253 2559/2695/894/253 2560/2696/893/253
f 2558/2694/894/253 2561/2697/895/253 2562/2698/895/253 2559/2695/894/253
f 2563/2699/893/253 2564/2700/893/253 2565/2701/896/253 2566/2702/896/253
f 2567/2703/897/254 2568/2704/898/254 2569/2705/899/254 2570/2706/899/254
f 2571/2707/900/254 2572/2708/897/254 2573/2709/899/254 2574/2710/899/254
f 2613/2749/916/260 2614/2750/917/260 2615/2751/917/260 2616/2752/916/260
f 2614/2750/917/260 2617/2753/918/260 2618/2754/918/260 2615/2751/917/260
f 2619/2755/916/260 2620/2756/916/260 2621/2757/919/260 2622/2758/919/260
f 2631/2767/922/263 2632/2768/923/263 2633/2769/923/263 2634/2770/922/263
f 2632/2768/923/263 2635/2771/924/263 2636/2772/924/263 2633/2769/923/263
f 2637/2773/922/263 2638/2774/922/263 2639/2775/925/263 2640/2776/925/263
f 2641/2777/926/264 2642/2778/927/264 2643/2779/927/264 2644/2780/926/264
f 2642/2778/927/264 2645/2781/928/264 2646/2782/928/264 2643/2779/927/264
f 2647/2783/926/264 2648/2784/926/264 2649/2785/929/264 2650/2786/929/264
f 2681/2817/948/268 2682/2818/949/268 2683/2819/949/268 2684/2820/948/268
f 2682/2818/949/268 2685/2821/950/268 2686/2822/950/268 2683/2819/949/268
f 2687/2823/948/268 2688/2824/948/268 2689/2825/951/268 2690/2826/951/268
f 2691/2827/952/269 2692/2828/953/269 2693/2829/954/269 2694/2830/954/269
f 2695/2831/955/269 2696/2832/952/269 2697/2833/954/269 2698/2834/954/269
f 2715/2851/964/271 2716/2852/965/271 2717/2853/966/271 2718/2854/966/271
f 2719/2855/967/271 2720/2856/964/271 2721/2857/966/271 2722/2858/966/271
f 2735/2871/975/272 2736/2872/976/272 2737/2873/976/272 2738/2874/975/272
f 2736/2872/976/272 2739/2875/977/272 2740/2876/977/272 2737/2873/976/272
f 2741/2877/975/272 2742/2878/975/272 2743/2879/978/272 2744/2880/978/272
f 2771/2907/996/275 2772/2908/997/275 2773/2909/998/275 2774/2910/998/275
f 2775/2911/999/275 2776/2912/996/275 2777/2913/998/275 2778/2914/998/275
f 2791/2927/1007/276 2792/2928/1008/276 2793/2929/1008/276 2794/2930/1007/276
f 2792/2928/1008/276 2795/2931/1009/276 2796/2932/1009/276 2793/2929/1008/276
f 2797/2933/1007/276 2798/2934/1007/276 2799/2935/1010/276 2800/2936/1010/276
f 2801/2937/1011/277 2802/2938/1012/277 2803/2939/1013/277 2804/2940/1013/277
f 2805/2941/1014/277 2806/2942/1011/277 2807/2943/1013/277 2808/2944/1013/277
f 2830/2961/1023/279 2831/2962/1024/279 2832/2963/1025/279 2833/2964/1026/279
f 2834/2965/1027/279 2835/2966/1028/279 2836/2967/1029/279 2837/2968/1030/279
f 2835/2966/1028/279 2830/2961/1023/279 2833/2964/1026/279 2836/2967/1029/279
f 2847/2983/1039/280 2848/2984/1040/280 2849/2985/1040/280 2850/2986/1039/280
f 2848/2984/1040/280 2851/2987/1041/280 2852/2988/1041/280 2849/2985/1040/280
f 2853/2989/1039/280 2854/2990/1039/280 2855/2991/1042/280 2856/2992/1042/280
f 2899/3035/1064/287 2900/3036/1065/287 2901/3037/1066/287 2902/3038/1066/287
f 2903/3039/1067/287 2904/3040/1064/287 2905/3041/1066/287 2906/3042/1066/287
f 2919/3055/1075/288 2920/3056/1076/288 2921/3057/1076/288 2922/3058/1075/288
f 2920/3056/1076/288 2923/3059/1077/288 2924/3060/1077/288 2921/3057/1076/288
f 2925/3061/1075/288 2926/3062/1075/288 2927/3063/1078/288 2928/3064/1078/288
f 2951/3087/1095/290 2952/3088/1096/290 2953/3089/1097/290 2954/3090/1097/290
f 2955/3091/1098/290 2956/3092/1095/290 2957/3093/1097/290 2958/3094/1097/290
f 2971/3107/1106/291 2972/3108/1107/291 2973/3109/1107/291 2974/3110/1106/291
f 2972/3108/1107/291 2975/3111/1108/291 2976/3112/1108/291 2973/3109/1107/291
f 2977/3113/1106/291 2978/3114/1106/291 2979/3115/1109/291 2980/3116/1109/291
f 3016/3147/1128/295 3017/3148/1129/295 3018/3149/1130/295 3019/3150/1131/295
f 3020/3151/1132/295 3021/3152/1133/295 3022/3153/1134/295 3023/3154/1135/295
f 3021/3152/1133/295 3016/3147/1128/295 3019/3150/1131/295 3022/3153/1134/295
f 3033/3169/1144/296 3034/3170/1145/296 3035/3171/1145/296 3036/3172/1144/296
f 3034/3170/1145/296 3037/3173/1146/296 3038/3174/1146/296 3035/3171/1145/296
f 3039/3175/1144/296 3040/3176/1144/296 3041/3177/1147/296 3042/3178/1147/296
f 3047/3183/1149/298 3048/3184/1150/298 3049/3185/1151/298 3050/3186/1151/298
f 3051/3187/1152/298 3052/3188/1149/298 3053/3189/1151/298 3054/3190/1151/298
f 3067/3203/1160/299 3068/3204/1161/299 3069/3205/1161/299 3070/3206/1160/299
f 3068/3204/1161/299 3071/3207/1162/299 3072/3208/1162/299 3069/3205/1161/299
f 3073/3209/1160/299 3074/3210/1160/299 3075/3211/1163/299 3076/3212/1163/299
f 3111/3247/1183/304 3112/3248/1184/304 3113/3249/1184/304 3114/3250/1183/304
f 3112/3248/1184/304 3115/3251/1185/304 3116/3252/1185/304 3113/3249/1184/304
f 3117/3253/1183/304 3118/3254/1183/304 3119/3255/1186/304 3120/3256/1186/304
f 1673/1809/419/175 1674/1810/420/175 1675/1811/415/175
f 1674/1810/420/175 1676/1812/421/175 1675/1811/415/175
f 1675/1811/415/175 1676/1812/421/175 1677/1813/422/175
f 1678/1814/423/175 1679/1815/421/175 1680/1816/415/175
f 1679/1815/421/175 1681/1817/424/175 1680/1816/415/175
f 1682/1818/425/175 1683/1819/415/175 1684/1820/422/175
f 1715/1851/446/177 1716/1852/447/177 1717/1853/442/177
f 1716/1852/447/177 1718/1854/448/177 1717/1853/442/177
f 1717/1853/442/177 1718/1854/448/177 1719/1855/449/177
f 1720/1856/450/177 1721/1857/448/177 1722/1858/442/177
f 1721/1857/448/177 1723/1859/451/177 1722/1858/442/177
f 1724/1860/452/177 1725/1861/442/177 1726/1862/449/177
f 1781/1917/482/182 1782/1918/483/182 1783/1919/478/182
f 1782/1918/483/182 1784/1920/484/182 1783/1919/478/182
f 1783/1919/478/182 1784/1920/484/182 1785/1921/485/182
f 1786/1922/486/182 1787/1923/484/182 1788/1924/478/182
f 1787/1923/484/182 1789/1925/487/182 1788/1924/478/182
f 1790/1926/488/182 1791/1927/478/182 1792/1928/485/182
f 1859/1995/521/190 1860/1996/522/190 1861/1997/517/190
f 1860/1996/522/190 1862/1998/523/190 1861/1997/517/190
f 1861/1997/517/190 1862/1998/523/190 1863/1999/524/190
f 1864/2000/525/190 1865/2001/523/190 1866/2002/517/190
f 1865/2001/523/190 1867/2003/526/190 1866/2002/517/190
f 1868/2004/527/190 1869/2005/517/190 1870/2006/524/190
f 1911/2047/552/193 1912/2048/553/193 1913/2049/548/193
f 1912/2048/553/193 1914/2050/554/193 1913/2049/548/193
f 1913/2049/548/193 1914/2050/554/193 1915/2051/555/193
f 1916/2052/556/193 1917/2053/554/193 1918/2054/548/193
f 1917/2053/554/193 1919/2055/557/193 1918/2054/548/193
f 1920/2056/558/193 1921/2057/548/193 1922/2058/555/193
f 1995/2131/594/201 1996/2132/595/201 1997/2133/590/201
f 1996/2132/595/201 1998/2134/596/201 1997/2133/590/201
f 1997/2133/590/201 1998/2134/596/201 1999/2135/597/201
f 2000/2136/598/201 2001/2137/596/201 2002/2138/590/201
f 2001/2137/596/201 2003/2139/599/201 2002/2138/590/201
f 2004/2140/600/201 2005/2141/590/201 2006/2142/597/201
f 2055/2191/627/206 2056/2192/628/206 2057/2193/623/206
f 2056/2192/628/206 2058/2194/629/206 2057/2193/623/206
f 2057/2193/623/206 2058/2194/629/206 2059/2195/630/206
f 2060/2196/631/206 2061/2197/629/206 2062/2198/623/206
f 2061/2197/629/206 2063/2199/632/206 2062/2198/623/206
f 2064/2200/633/206 2065/2201/623/206 2066/2202/630/206
f 2085/2221/642/208 2086/2222/643/208 2087/2223/638/208
f 2086/2222/643/208 2088/2224/644/208 2087/2223/638/208
f 2087/2223/638/208 2088/2224/644/208 2089/2225/645/208
f 2090/2226/646/208 2091/2227/644/208 2092/2228/638/208
f 2091/2227/644/208 2093/2229/647/208 2092/2228/638/208
f 2094/2230/648/208 2095/2231/638/208 2096/2232/645/208
f 2185/2321/688/220 2186/2322/689/220 2187/2323/684/220
f 2186/2322/689/220 2188/2324/690/220 2187/2323/684/220
f 2187/2323/684/220 2188/2324/690/220 2189/2325/691/220
f 2190/2326/692/220 2191/2327/690/220 2192/2328/684/220
f 2191/2327/690/220 2193/2329/693/220 2192/2328/684/220
f 2194/2330/694/220 2195/2331/684/220 2196/2332/691/220
f 2241/2377/720/224 2242/2378/721/224 2243/2379/716/224
f 2242/2378/721/224 2244/2380/722/224 2243/2379/716/224
f 2243/2379/716/224 2244/2380/722/224 2245/2381/723/224
f 2246/2382/724/224 2247/2383/722/224 2248/2384/716/224
f 2247/2383/722/224 2249/2385/725/224 2248/2384/716/224
f 2250/2386/726/224 2251/2387/716/224 2252/2388/723/224
f 2327/2463/761/234 2328/2464/762/234 2329/2465/757/234
f 2328/2464/762/234 2330/2466/763/234 2329/2465/757/234
f 2329/2465/757/234 2330/2466/763/234 2331/2467/764/234
f 2332/2468/765/234 2333/2469/763/234 2334/2470/757/234
f 2333/2469/763/234 2335/2471/766/234 2334/2470/757/234
f 2336/2472/767/234 2337/2473/757/234 2338/2474/764/234
f 2377/2513/790/238 2378/2514/791/238 2379/2515/786/238
f 2378/2514/791/238 2380/2516/792/238 2379/2515/786/238
f 2379/2515/786/238 2380/2516/792/238 2381/2517/793/238
f 2382/2518/794/238 2383/2519/792/238 2384/2520/786/238
f 2383/2519/792/238 2385/2521/795/238 2384/2520/786/238
f 2386/2522/796/238 2387/2523/786/238 2388/2524/793/238
f 2466/2597/836/246 2467/2598/837/246 2468/2599/838/246
f 2467/2598/837/246 2469/2600/839/246 2468/2599/838/246
f 2468/2599/838/246 2469/2600/839/246 2470/2601/840/246
f 2469/2600/839/246 2471/2602/841/246 2470/2601/840/246
f 2472/2603/840/246 2473/2604/842/246 2474/2605/843/246
f 2493/2629/852/248 2494/2630/853/248 2495/2631/848/248
f 2494/2630/853/248 2496/2632/854/248 2495/2631/848/248
f 2495/2631/848/248 2496/2632/854/248 2497/2633/855/248
f 2498/2634/856/248 2499/2635/854/248 2500/2636/848/248
f 2499/2635/854/248 2501/2637/857/248 2500/2636/848/248
f 2502/2638/858/248 2503/2639/848/248 2504/2640/855/248
f 2548/2679/885/252 2549/2680/886/252 2550/2681/887/252
f 2549/2680/886/252 2551/2682/888/252 2550/2681/887/252
f 2550/2681/887/252 2551/2682/888/252 2552/2683/889/252
f 2551/2682/888/252 2553/2684/890/252 2552/2683/889/252
f 2554/2685/889/252 2555/2686/891/252 2556/2687/892/252
f 2575/2711/901/254 2576/2712/902/254 2577/2713/897/254
f 2576/2712/902/254 2578/2714/903/254 2577/2713/897/254
f 2577/2713/897/254 2578/2714/903/254 2579/2715/904/254
f 2580/2716/905/254 2581/2717/903/254 2582/2718/897/254
f 2581/2717/903/254 2583/2719/906/254 2582/2718/897/254
f 2584/2720/907/254 2585/2721/897/254 2586/2722/904/254
f 2699/2835/956/269 2700/2836/957/269 2701/2837/952/269
f 2700/2836/957/269 2702/2838/958/269 2701/2837/952/269
f 2701/2837/952/269 2702/2838/958/269 2703/2839/959/269
f 2704/2840/960/269 2705/2841/958/269 2706/2842/952/269
f 2705/2841/958/269 2707/2843/961/269 2706/2842/952/269
f 2708/2844/962/269 2709/2845/952/269 2710/2846/959/269
f 2723/2859/968/271 2724/2860/969/271 2725/2861/964/271
f 2724/2860/969/271 2726/2862/970/271 2725/2861/964/271
f 2725/2861/964/271 2726/2862/970/271 2727/2863/971/271
f 2728/2864/972/271 2729/2865/970/271 2730/2866/964/271
f 2729/2865/970/271 2731/2867/973/271 2730/2866/964/271
f 2732/2868/974/271 2733/2869/964/271 2734/2870/971/271
f 2779/2915/1000/275 2780/2916/1001/275 2781/2917/996/275
f 2780/2916/1001/275 2782/2918/1002/275 2781/2917/996/275
f 2781/2917/996/275 2782/2918/1002/275 2783/2919/1003/275
f 2784/2920/1004/275 2785/2921/1002/275 2786/2922/996/275
f 2785/2921/1002/275 2787/2923/1005/275 2786/2922/996/275
f 2788/2924/1006/275 2789/2925/996/275 2790/2926/1003/275
f 2809/2945/1015/277 2810/2946/1016/277 2811/2947/1011/277
f 2810/2946/1016/277 2812/2948/1017/277 2811/2947/1011/277
f 2811/2947/1011/277 2812/2948/1017/277 2813/2949/1018/277
f 2814/2950/1019/277 2815/2951/1017/277 2816/2952/1011/277
f 2815/2951/1017/277 2817/2953/1020/277 2816/2952/1011/277
f 2818/2954/1021/277 2819/2955/1011/277 2820/2956/1018/277
f 2838/2969/1031/279 2839/2970/1032/279 2840/2971/1033/279
f 2839/2970/1032/279 2841/2972/1034/279 2840/2971/1033/279
f 2840/2971/1033/279 2841/2972/1034/279 2842/2973/1035/279
f 2841/2972/1034/279 2843/2974/1036/279 2842/2973/1035/279
f 2844/2975/1035/279 2845/2976/1037/279 2846/2977/1038/279
f 2907/3043/1068/287 2908/3044/1069/287 2909/3045/1064/287
f 2908/3044/1069/287 2910/3046/1070/287 2909/3045/1064/287
f 2909/3045/1064/287 2910/3046/1070/287 2911/3047/1071/287
f 2912/3048/1072/287 2913/3049/1070/287 2914/3050/1064/287
f 2913/3049/1070/287 2915/3051/1073/287 2914/3050/1064/287
f 2916/3052/1074/287 2917/3053/1064/287 2918/3054/1071/287
f 2959/3095/1099/290 2960/3096/1100/290 2961/3097/1095/290
f 2960/3096/1100/290 2962/3098/1101/290 2961/3097/1095/290
f 2961/3097/1095/290 2962/3098/1101/290 2963/3099/1102/290
f 2964/3100/1103/290 2965/3101/1101/290 2966/3102/1095/290
f 2965/3101/1101/290 2967/3103/1104/290 2966/3102/1095/290
f 2968/3104/1105/290 2969/3105/1095/290 2970/3106/1102/290
f 3024/3155/1136/295 3025/3156/1137/295 3026/3157/1138/295
f 3025/3156/1137/295 3027/3158/1139/295 3026/3157/1138/295
f 3026/3157/1138/295 3027/3158/1139/295 3028/3159/1140/295
f 3027/3158/1139/295 3029/3160/1141/295 3028/3159/1140/295
f 3030/3161/1140/295 3031/3162/1142/295 3032/3163/1143/295
f 3055/3191/1153/298 3056/3192/1154/298 3057/3193/1149/298
f 3056/3192/1154/298 3058/3194/1155/298 3057/3193/1149/298
f 3057/3193/1149/298 3058/3194/1155/298 3059/3195/1156/298
f 3060/3196/1157/298 3061/3197/1155/298 3062/3198/1149/298
f 3061/3197/1155/298 3063/3199/1158/298 3062/3198/1149/298
f 3064/3200/1159/298 3065/3201/1149/298 3066/3202/1156/298
usemtl beach01
s off
f 1685/1838/440/176 1686/1839/440/176 1687/1840/440/176
f 1686/1839/440/176 1688/1841/440/176 1687/1840/440/176
f 1689/1842/440/176 1688/1841/440/176 1686/1839/440/176
f 1737/1890/471/179 1738/1891/471/179 1739/1892/471/179
f 1738/1891/471/179 1740/1893/471/179 1739/1892/471/179
f 1741/1894/471/179 1740/1893/471/179 1738/1891/471/179
f 1793/1946/503/183 1794/1947/503/183 1795/1948/503/183
f 1794/1947/503/183 1796/1949/503/183 1795/1948/503/183
f 1797/1950/503/183 1796/1949/503/183 1794/1947/503/183
f 1881/2034/546/192 1882/2035/546/192 1883/2036/546/192
f 1882/2035/546/192 1884/2037/546/192 1883/2036/546/192
f 1885/2038/546/192 1884/2037/546/192 1882/2035/546/192
f 1933/2086/577/195 1934/2087/577/195 1935/2088/577/195
f 1934/2087/577/195 1936/2089/577/195 1935/2088/577/195
f 1937/2090/577/195 1936/2089/577/195 1934/2087/577/195
f 2017/2170/619/203 2018/2171/619/203 2019/2172/619/203
f 2018/2171/619/203 2020/2173/619/203 2019/2172/619/203
f 2021/2174/619/203 2020/2173/619/203 2018/2171/619/203
f 2097/2250/663/209 2098/2251/663/209 2099/2252/663/209
f 2098/2251/663/209 2100/2253/663/209 2099/2252/663/209
f 2101/2254/663/209 2100/2253/663/209 2098/2251/663/209
f 2207/2360/713/222 2208/2361/713/222 2209/2362/713/222
f 2208/2361/713/222 2210/2363/713/222 2209/2362/713/222
f 2211/2364/713/222 2210/2363/713/222 2208/2361/713/222
f 2253/2406/741/225 2254/2407/741/225 2255/2408/741/225
f 2254/2407/741/225 2256/2409/741/225 2255/2408/741/225
f 2257/2410/741/225 2256/2409/741/225 2254/2407/741/225
f 2339/2492/782/235 2340/2493/782/235 2341/2494/782/235
f 2340/2493/782/235 2342/2495/782/235 2341/2494/782/235
f 2343/2496/782/235 2342/2495/782/235 2340/2493/782/235
f 2389/2542/811/239 2390/2543/811/239 2391/2544/811/239
f 2390/2543/811/239 2392/2545/811/239 2391/2544/811/239
f 2393/2546/811/239 2392/2545/811/239 2390/2543/811/239
f 2453/2606/842/246 2454/2607/842/246 2455/2608/842/246
f 2454/2607/842/246 2456/2609/842/246 2455/2608/842/246
f 2457/2610/842/246 2456/2609/842/246 2454/2607/842/246
f 2505/2658/873/249 2506/2659/873/249 2507/2660/873/249
f 2506/2659/873/249 2508/2661/873/249 2507/2660/873/249
f 2509/2662/873/249 2508/2661/873/249 2506/2659/873/249
f 2535/2688/891/252 2536/2689/891/252 2537/2690/891/252
f 2536/2689/891/252 2538/2691/891/252 2537/2690/891/252
f 2539/2692/891/252 2538/2691/891/252 2536/2689/891/252
f 2651/2804/944/265 2652/2805/944/265 2653/2806/944/265
f 2652/2805/944/265 2654/2807/944/265 2653/2806/944/265
f 2655/2808/944/265 2654/2807/944/265 2652/2805/944/265
f 2745/2898/993/273 2746/2899/993/273 2747/2900/993/273
f 2746/2899/993/273 2748/2901/993/273 2747/2900/993/273
f 2749/2902/993/273 2748/2901/993/273 2746/2899/993/273
f 2825/2978/1037/279 2826/2979/1037/279 2827/2980/1037/279
f 2826/2979/1037/279 2828/2981/1037/279 2827/2980/1037/279
f 2829/2982/1037/279 2828/2981/1037/279 2826/2979/1037/279
f 2857/3010/1057/281 2858/3011/1057/281 2859/3012/1057/281
f 2858/3011/1057/281 2860/3013/1057/281 2859/3012/1057/281
f 2861/3014/1057/281 2860/3013/1057/281 2858/3011/1057/281
f 2929/3082/1093/289 2930/3083/1093/289 2931/3084/1093/289
f 2930/3083/1093/289 2932/3085/1093/289 2931/3084/1093/289
f 2933/3086/1093/289 2932/3085/1093/289 2930/3083/1093/289
f 2981/3134/1124/292 2982/3135/1124/292 2983/3136/1124/292
f 2982/3135/1124/292 2984/3137/1124/292 2983/3136/1124/292
f 2985/3138/1124/292 2984/3137/1124/292 2982/3135/1124/292
f 3011/3164/1142/295 3012/3165/1142/295 3013/3166/1142/295
f 3012/3165/1142/295 3014/3167/1142/295 3013/3166/1142/295
f 3015/3168/1142/295 3014/3167/1142/295 3012/3165/1142/295
f 3077/3230/1178/300 3078/3231/1178/300 3079/3232/1178/300
f 3078/3231/1178/300 3080/3233/1178/300 3079/3232/1178/300
f 3081/3234/1178/300 3080/3233/1178/300 3078/3231/1178/300
f 3125/3278/1202/306 3126/3279/1202/306 3127/3280/1202/306
f 3126/3279/1202/306 3128/3281/1202/306 3127/3280/1202/306
f 3129/3282/1202/306 3128/3281/1202/306 3126/3279/1202/306
usemtl wallkn_g
s off
f 1579/1715/386/161 1580/1716/387/161 1581/1717/387/161 1582/1718/386/161
f 1580/1716/387/161 1583/1719/388/161 1584/1720/388/161 1581/1717/387/161
f 1585/1721/386/161 1586/1722/386/161 1587/1723/389/161 1588/1724/389/161
f 1593/1729/391/163 1594/1730/392/163 1595/1731/392/163 1596/1732/391/163
f 1594/1730/392/163 1597/1733/393/163 1598/1734/393/163 1595/1731/392/163
f 1599/1735/391/163 1600/1736/391/163 1601/1737/394/163 1602/1738/394/163
f 1611/1747/397/166 1612/1748/398/166 1613/1749/398/166 1614/1750/397/166
f 1612/1748/398/166 1615/1751/399/166 1616/1752/399/166 1613/1749/398/166
f 1617/1753/397/166 1618/1754/397/166 1619/1755/400/166 1620/1756/400/166
f 1629/1765/403/169 1630/1766/404/169 1631/1767/404/169 1632/1768/403/169
f 1630/1766/404/169 1633/1769/405/169 1634/1770/405/169 1631/1767/404/169
f 1635/1771/403/169 1636/1772/403/169 1637/1773/406/169 1638/1774/406/169
f 1643/1779/408/171 1644/1780/409/171 1645/1781/409/171 1646/1782/408/171
f 1644/1780/409/171 1647/1783/410/171 1648/1784/410/171 1645/1781/409/171
f 1649/1785/408/171 1650/1786/408/171 1651/1787/411/171 1652/1788/411/171
f 1690/1821/426/176 1691/1822/427/176 1692/1823/428/176 1693/1824/429/176
f 1694/1825/430/176 1695/1826/431/176 1696/1827/432/176 1697/1828/433/176
f 1695/1826/431/176 1690/1821/426/176 1693/1824/429/176 1696/1827/432/176
f 1742/1873/457/179 1743/1874/458/179 1744/1875/459/179 1745/1876/460/179
f 1746/1877/461/179 1747/1878/462/179 1748/1879/463/179 1749/1880/464/179
f 1747/1878/462/179 1742/1873/457/179 1745/1876/460/179 1748/1879/463/179
f 1759/1895/473/180 1760/1896/474/180 1761/1897/474/180 1762/1898/473/180
f 1760/1896/474/180 1763/1899/475/180 1764/1900/475/180 1761/1897/474/180
f 1765/1901/473/180 1766/1902/473/180 1767/1903/476/180 1768/1904/476/180
f 1798/1929/489/183 1799/1930/490/183 1800/1931/491/183 1801/1932/492/183
f 1802/1933/493/183 1803/1934/494/183 1804/1935/495/183 1805/1936/496/183
f 1803/1934/494/183 1798/1929/489/183 1801/1932/492/183 1804/1935/495/183
f 1819/1955/506/185 1820/1956/507/185 1821/1957/507/185 1822/1958/506/185
f 1820/1956/507/185 1823/1959/508/185 1824/1960/508/185 1821/1957/507/185
f 1825/1961/506/185 1826/1962/506/185 1827/1963/509/185 1828/1964/509/185
f 1841/1977/513/189 1842/1978/514/189 1843/1979/514/189 1844/1980/513/189
f 1842/1978/514/189 1845/1981/515/189 1846/1982/515/189 1843/1979/514/189
f 1847/1983/513/189 1848/1984/513/189 1849/1985/516/189 1850/1986/516/189
f 1886/2017/532/192 1887/2018/533/192 1888/2019/534/192 1889/2020/535/192
f 1890/2021/536/192 1891/2022/537/192 1892/2023/538/192 1893/2024/539/192
f 1891/2022/537/192 1886/2017/532/192 1889/2020/535/192 1892/2023/538/192
f 1938/2069/563/195 1939/2070/564/195 1940/2071/565/195 1941/2072/566/195
f 1942/2073/567/195 1943/2074/568/195 1944/2075/569/195 1945/2076/570/195
f 1943/2074/568/195 1938/2069/563/195 1941/2072/566/195 1944/2075/569/195
f 1955/2091/579/196 1956/2092/580/196 1957/2093/580/196 1958/2094/579/196
f 1956/2092/580/196 1959/2095/581/196 1960/2096/581/196 1957/2093/580/196
f 1961/2097/579/196 1962/2098/579/196 1963/2099/582/196 1964/2100/582/196
f 1969/2105/584/198 1970/2106/585/198 1971/2107/585/198 1972/2108/584/198
f 1970/2106/585/198 1973/2109/586/198 1974/2110/586/198 1971/2107/585/198
f 1975/2111/584/198 1976/2112/584/198 1977/2113/587/198 1978/2114/587/198
f 2022/2153/605/203 2023/2154/606/203 2024/2155/607/203 2025/2156/608/203
f 2026/2157/609/203 2027/2158/610/203 2028/2159/611/203 2029/2160/612/203
f 2027/2158/610/203 2022/2153/605/203 2025/2156/608/203 2028/2159/611/203
f 2102/2233/649/209 2103/2234/650/209 2104/2235/651/209 2105/2236/652/209
f 2106/2237/653/209 2107/2238/654/209 2108/2239/655/209 2109/2240/656/209
f 2107/2238/654/209 2102/2233/649/209 2105/2236/652/209 2108/2239/655/209
f 2123/2259/666/211 2124/2260/667/211 2125/2261/667/211 2126/2262/666/211
f 2124/2260/667/211 2127/2263/668/211 2128/2264/668/211 2125/2261/667/211
f 2129/2265/666/211 2130/2266/666/211 2131/2267/669/211 2132/2268/669/211
f 2149/2285/674/216 2150/2286/675/216 2151/2287/675/216 2152/2288/674/216
f 2150/2286/675/216 2153/2289/676/216 2154/2290/676/216 2151/2287/675/216
f 2155/2291/674/216 2156/2292/674/216 2157/2293/677/216 2158/2294/677/216
f 2163/2299/679/218 2164/2300/680/218 2165/2301/680/218 2166/2302/679/218
f 2164/2300/680/218 2167/2303/681/218 2168/2304/681/218 2165/2301/680/218
f 2169/2305/679/218 2170/2306/679/218 2171/2307/682/218 2172/2308/682/218
f 2212/2343/699/222 2213/2344/700/222 2214/2345/701/222 2215/2346/702/222
f 2216/2347/703/222 2217/2348/704/222 2218/2349/705/222 2219/2350/706/222
f 2217/2348/704/222 2212/2343/699/222 2215/2346/702/222 2218/2349/705/222
f 2258/2389/727/225 2259/2390/728/225 2260/2391/729/225 2261/2392/730/225
f 2262/2393/731/225 2263/2394/732/225 2264/2395/733/225 2265/2396/734/225
f 2263/2394/732/225 2258/2389/727/225 2261/2392/730/225 2264/2395/733/225
f 2279/2415/744/227 2280/2416/745/227 2281/2417/745/227 2282/2418/744/227
f 2280/2416/745/227 2283/2419/746/227 2284/2420/746/227 2281/2417/745/227
f 2285/2421/744/227 2286/2422/744/227 2287/2423/747/227 2288/2424/747/227
f 2297/2433/750/230 2298/2434/751/230 2299/2435/751/230 2300/2436/750/230
f 2298/2434/751/230 2301/2437/752/230 2302/2438/752/230 2299/2435/751/230
f 2303/2439/750/230 2304/2440/750/230 2305/2441/753/230 2306/2442/753/230
f 2344/2475/768/235 2345/2476/769/235 2346/2477/770/235 2347/2478/771/235
f 2348/2479/772/235 2349/2480/773/235 2350/2481/774/235 2351/2482/775/235
f 2349/2480/773/235 2344/2475/768/235 2347/2478/771/235 2350/2481/774/235
f 2394/2525/797/239 2395/2526/798/239 2396/2527/799/239 2397/2528/800/239
f 2398/2529/801/239 2399/2530/802/239 2400/2531/803/239 2401/2532/804/239
f 2399/2530/802/239 2394/2525/797/239 2397/2528/800/239 2400/2531/803/239
f 2411/2547/813/240 2412/2548/814/240 2413/2549/814/240 2414/2550/813/240
f 2412/2548/814/240 2415/2551/815/240 2416/2552/815/240 2413/2549/814/240
f 2417/2553/813/240 2418/2554/813/240 2419/2555/816/240 2420/2556/816/240
f 2425/2561/818/242 2426/2562/819/242 2427/2563/819/242 2428/2564/818/242
f 2426/2562/819/242 2429/2565/820/242 2430/2566/820/242 2427/2563/819/242
f 2431/2567/818/242 2432/2568/818/242 2433/2569/821/242 2434/2570/821/242
f 2439/2575/823/244 2440/2576/824/244 2441/2577/824/244 2442/2578/823/244
f 2440/2576/824/244 2443/2579/825/244 2444/2580/825/244 2441/2577/824/244
f 2445/2581/823/244 2446/2582/823/244 2447/2583/826/244 2448/2584/826/244
f 2510/2641/859/249 2511/2642/860/249 2512/2643/861/249 2513/2644/862/249
f 2514/2645/863/249 2515/2646/864/249 2516/2647/865/249 2517/2648/866/249
f 2515/2646/864/249 2510/2641/859/249 2513/2644/862/249 2516/2647/865/249
f 2599/2735/911/258 2600/2736/912/258 2601/2737/912/258 2602/2738/911/258
f 2600/2736/912/258 2603/2739/913/258 2604/2740/913/258 2601/2737/912/258
f 2605/2741/911/258 2606/2742/911/258 2607/2743/914/258 2608/2744/914/258
f 2656/2787/930/265 2657/2788/931/265 2658/2789/932/265 2659/2790/933/265
f 2660/2791/934/265 2661/2792/935/265 2662/2793/936/265 2663/2794/937/265
f 2661/2792/935/265 2656/2787/930/265 2659/2790/933/265 2662/2793/936/265
f 2750/2881/979/273 2751/2882/980/273 2752/2883/981/273 2753/2884/982/273
f 2754/2885/983/273 2755/2886/984/273 2756/2887/985/273 2757/2888/986/273
f 2755/2886/984/273 2750/2881/979/273 2753/2884/982/273 2756/2887/985/273
f 2862/2993/1043/281 2863/2994/1044/281 2864/2995/1045/281 2865/2996/1046/281
f 2866/2997/1047/281 2867/2998/1048/281 2868/2999/1049/281 2869/3000/1050/281
f 2867/2998/1048/281 2862/2993/1043/281 2865/2996/1046/281 2868/2999/1049/281
f 2934/3065/1079/289 2935/3066/1080/289 2936/3067/1081/289 2937/3068/1082/289
f 2938/3069/1083/289 2939/3070/1084/289 2940/3071/1085/289 2941/3072/1086/289
f 2939/3070/1084/289 2934/3065/1079/289 2937/3068/1082/289 2940/3071/1085/289
f 2986/3117/1110/292 2987/3118/1111/292 2988/3119/1112/292 2989/3120/1113/292
f 2990/3121/1114/292 2991/3122/1115/292 2992/3123/1116/292 2993/3124/1117/292
f 2991/3122/1115/292 2986/3117/1110/292 2989/3120/1113/292 2992/3123/1116/292
f 3082/3213/1164/300 3083/3214/1165/300 3084/3215/1166/300 3085/3216/1167/300
f 3086/3217/1168/300 3087/3218/1169/300 3088/3219/1170/300 3089/3220/1171/300
f 3087/3218/1169/300 3082/3213/1164/300 3085/3216/1167/300 3088/3219/1170/300
f 3130/3261/1188/306 3131/3262/1189/306 3132/3263/1190/306 3133/3264/1191/306
f 3134/3265/1192/306 3135/3266/1193/306 3136/3267/1194/306 3137/3268/1195/306
f 3135/3266/1193/306 3130/3261/1188/306 3133/3264/1191/306 3136/3267/1194/306
f 3151/3287/1205/308 3152/3288/1206/308 3153/3289/1206/308 3154/3290/1205/308
f 3152/3288/1206/308 3155/3291/1207/308 3156/3292/1207/308 3153/3289/1206/308
f 3157/3293/1205/308 3158/3294/1205/308 3159/3295/1208/308 3160/3296/1208/308
f 1698/1829/434/176 1699/1830/435/176 1700/1831/436/176
f 1699/1830/435/176 1701/1832/437/176 1700/1831/436/176
f 1700/1831/436/176 1701/1832/437/176 1702/1833/438/176
f 1701/1832/437/176 1703/1834/439/176 1702/1833/438/176
f 1704/1835/438/176 1705/1836/440/176 1706/1837/441/176
f 1750/1881/465/179 1751/1882/466/179 1752/1883/467/179
f 1751/1882/466/179 1753/1884/468/179 1752/1883/467/179
f 1752/1883/467/179 1753/1884/468/179 1754/1885/469/179
f 1753/1884/468/179 1755/1886/470/179 1754/1885/469/179
f 1756/1887/469/179 1757/1888/471/179 1758/1889/472/179
f 1806/1937/497/183 1807/1938/498/183 1808/1939/499/183
f 1807/1938/498/183 1809/1940/500/183 1808/1939/499/183
f 1808/1939/499/183 1809/1940/500/183 1810/1941/501/183
f 1809/1940/500/183 1811/1942/502/183 1810/1941/501/183
f 1812/1943/501/183 1813/1944/503/183 1814/1945/504/183
f 1894/2025/540/192 1895/2026/541/192 1896/2027/542/192
f 1895/2026/541/192 1897/2028/543/192 1896/2027/542/192
f 1896/2027/542/192 1897/2028/543/192 1898/2029/544/192
f 1897/2028/543/192 1899/2030/545/192 1898/2029/544/192
f 1900/2031/544/192 1901/2032/546/192 1902/2033/547/192
f 1946/2077/571/195 1947/2078/572/195 1948/2079/573/195
f 1947/2078/572/195 1949/2080/574/195 1948/2079/573/195
f 1948/2079/573/195 1949/2080/574/195 1950/2081/575/195
f 1949/2080/574/195 1951/2082/576/195 1950/2081/575/195
f 1952/2083/575/195 1953/2084/577/195 1954/2085/578/195
f 2030/2161/613/203 2031/2162/614/203 2032/2163/615/203
f 2031/2162/614/203 2033/2164/616/203 2032/2163/615/203
f 2032/2163/615/203 2033/2164/616/203 2034/2165/617/203
f 2033/2164/616/203 2035/2166/618/203 2034/2165/617/203
f 2036/2167/617/203 2037/2168/619/203 2038/2169/620/203
f 2110/2241/657/209 2111/2242/658/209 2112/2243/659/209
f 2111/2242/658/209 2113/2244/660/209 2112/2243/659/209
f 2112/2243/659/209 2113/2244/660/209 2114/2245/661/209
f 2113/2244/660/209 2115/2246/662/209 2114/2245/661/209
f 2116/2247/661/209 2117/2248/663/209 2118/2249/664/209
f 2220/2351/707/222 2221/2352/708/222 2222/2353/709/222
f 2221/2352/708/222 2223/2354/710/222 2222/2353/709/222
f 2222/2353/709/222 2223/2354/710/222 2224/2355/711/222
f 2223/2354/710/222 2225/2356/712/222 2224/2355/711/222
f 2226/2357/711/222 2227/2358/713/222 2228/2359/714/222
f 2266/2397/735/225 2267/2398/736/225 2268/2399/737/225
f 2267/2398/736/225 2269/2400/738/225 2268/2399/737/225
f 2268/2399/737/225 2269/2400/738/225 2270/2401/739/225
f 2269/2400/738/225 2271/2402/740/225 2270/2401/739/225
f 2272/2403/739/225 2273/2404/741/225 2274/2405/742/225
f 2352/2483/776/235 2353/2484/777/235 2354/2485/778/235
f 2353/2484/777/235 2355/2486/779/235 2354/2485/778/235
f 2354/2485/778/235 2355/2486/779/235 2356/2487/780/235
f 2355/2486/779/235 2357/2488/781/235 2356/2487/780/235
f 2358/2489/780/235 2359/2490/782/235 2360/2491/783/235
f 2402/2533/805/239 2403/2534/806/239 2404/2535/807/239
f 2403/2534/806/239 2405/2536/808/239 2404/2535/807/239
f 2404/2535/807/239 2405/2536/808/239 2406/2537/809/239
f 2405/2536/808/239 2407/2538/810/239 2406/2537/809/239
f 2408/2539/809/239 2409/2540/811/239 2410/2541/812/239
f 2518/2649/867/249 2519/2650/868/249 2520/2651/869/249
f 2519/2650/868/249 2521/2652/870/249 2520/2651/869/249
f 2520/2651/869/249 2521/2652/870/249 2522/2653/871/249
f 2521/2652/870/249 2523/2654/872/249 2522/2653/871/249
f 2524/2655/871/249 2525/2656/873/249 2526/2657/874/249
f 2664/2795/938/265 2665/2796/939/265 2666/2797/940/265
f 2665/2796/939/265 2667/2798/941/265 2666/2797/940/265
f 2666/2797/940/265 2667/2798/941/265 2668/2799/942/265
f 2667/2798/941/265 2669/2800/943/265 2668/2799/942/265
f 2670/2801/942/265 2671/2802/944/265 2672/2803/945/265
f 2758/2889/987/273 2759/2890/988/273 2760/2891/989/273
f 2759/2890/988/273 2761/2892/990/273 2760/2891/989/273
f 2760/2891/989/273 2761/2892/990/273 2762/2893/991/273
f 2761/2892/990/273 2763/2894/992/273 2762/2893/991/273
f 2764/2895/991/273 2765/2896/993/273 2766/2897/994/273
f 2870/3001/1051/281 2871/3002/1052/281 2872/3003/1053/281
f 2871/3002/1052/281 2873/3004/1054/281 2872/3003/1053/281
f 2872/3003/1053/281 2873/3004/1054/281 2874/3005/1055/281
f 2873/3004/1054/281 2875/3006/1056/281 2874/3005/1055/281
f 2876/3007/1055/281 2877/3008/1057/281 2878/3009/1058/281
f 2942/3073/1087/289 2943/3074/1088/289 2944/3075/1089/289
f 2943/3074/1088/289 2945/3076/1090/289 2944/3075/1089/289
f 2944/3075/1089/289 2945/3076/1090/289 2946/3077/1091/289
f 2945/3076/1090/289 2947/3078/1092/289 2946/3077/1091/289
f 2948/3079/1091/289 2949/3080/1093/289 2950/3081/1094/289
f 2994/3125/1118/292 2995/3126/1119/292 2996/3127/1120/292
f 2995/3126/1119/292 2997/3128/1121/292 2996/3127/1120/292
f 2996/3127/1120/292 2997/3128/1121/292 2998/3129/1122/292
f 2997/3128/1121/292 2999/3130/1123/292 2998/3129/1122/292
f 3000/3131/1122/292 3001/3132/1124/292 3002/3133/1125/292
f 3090/3221/1172/300 3091/3222/1173/300 3092/3223/1174/300
f 3091/3222/1173/300 3093/3224/1175/300 3092/3223/1174/300
f 3092/3223/1174/300 3093/3224/1175/300 3094/3225/1176/300
f 3093/3224/1175/300 3095/3226/1177/300 3094/3225/1176/300
f 3096/3227/1176/300 3097/3228/1178/300 3098/3229/1179/300
f 3138/3269/1196/306 3139/3270/1197/306 3140/3271/1198/306
f 3139/3270/1197/306 3141/3272/1199/306 3140/3271/1198/306
f 3140/3271/1198/306 3141/3272/1199/306 3142/3273/1200/306
f 3141/3272/1199/306 3143/3274/1201/306 3142/3273/1200/306
f 3144/3275/1200/306 3145/3276/1202/306 3146/3277/1203/306
usemtl egrass_ri
s off
f 615/709/229/78 616/710/229/78 617/711/229/78 618/712/229/78
f 647/741/235/84 648/742/235/84 649/743/235/84 650/744/235/84
usemtl egrass
s off
f 623/721/230/79 624/722/230/79 625/723/230/79 626/724/230/79
f 635/733/233/82 636/734/233/82 637/735/233/82 638/736/233/82
usemtl s_snow04_lm2
s off
f 127/132/32/14 126/133/32/14 129/134/32/14
f 135/142/34/16 134/143/34/16 137/144/34/16
f 211/224/54/32 210/225/54/32 213/226/54/32
f 219/234/56/34 218/235/56/34 221/236/56/34
usemtl ngrass_lm35
s off
f 1/1/1/1 2/2/1/1 3/3/1/1 4/4/1/1
f 5/5/2/2 6/6/2/2 7/7/2/2 8/8/2/2
f 9/9/3/3 10/10/3/3 11/11/3/3 12/12/3/3
f 13/13/4/4 14/14/4/4 15/15/4/4 16/16/4/4
f 94/98/23/9 95/99/23/9 96/100/23/9 97/101/23/9
f 114/120/29/11 115/121/29/11 116/122/29/11 117/123/29/11
f 118/124/30/12 119/125/30/12 120/126/30/12 121/127/30/12
f 154/164/39/21 155/165/39/21 156/166/39/21 157/167/39/21
f 186/199/48/26 187/200/48/26 188/201/48/26 189/202/48/26
f 222/240/57/35 223/241/57/35 224/242/57/35 225/243/57/35
usemtl sea_simi_1
s off
f 36/42/14/6 38/44/16/6 35/41/13/6 34/40/12/6
f 61/51/17/7 62/52/18/7 63/53/19/7 64/54/17/7
f 62/52/18/7 65/55/20/7 66/56/20/7 63/53/19/7
f 84/69/22/8 85/70/22/8 86/71/22/8 87/72/22/8
f 108/102/24/10 109/103/25/10 110/104/26/10 111/105/24/10
f 109/103/25/10 112/106/27/10 113/107/27/10 110/104/26/10
f 180/181/43/25 181/182/44/25 182/183/45/25 183/184/43/25
f 181/182/44/25 184/185/46/25 185/186/46/25 182/183/45/25
f 240/248/59/37 241/249/60/37 242/250/61/37 243/251/59/37
f 241/249/60/37 244/252/62/37 245/253/62/37 242/250/61/37
f 256/266/64/38 257/267/65/38 258/268/66/38 259/269/64/38
f 257/267/65/38 260/270/67/38 261/271/67/38 258/268/66/38
f 279/284/69/39 280/285/69/39 281/286/69/39 282/287/69/39
f 27/33/10/6 28/34/10/6 29/35/10/6
f 28/34/10/6 30/36/10/6 29/35/10/6
f 29/35/10/6 30/36/10/6 31/37/11/6
f 30/36/10/6 32/38/10/6 31/37/11/6
f 33/39/10/6 34/40/12/6 35/41/13/6
f 36/42/14/6 37/43/15/6 38/44/16/6
f 88/73/22/8 89/74/22/8 90/75/22/8
f 91/76/22/8 92/77/22/8 93/78/22/8
f 283/288/69/39 284/289/69/39 285/290/69/39
f 286/291/69/39 287/292/69/39 288/293/69/39
usemtl gake1_5
s off
f 309/333/75/41 305/334/73/41 308/335/73/41 310/336/75/41
f 315/341/78/42 311/342/76/42 314/343/76/42 316/344/78/42
f 321/349/81/43 317/350/79/43 320/351/79/43 322/352/81/43
f 327/357/84/44 323/358/82/44 326/359/82/44 328/360/84/44
f 333/365/87/45 329/366/85/45 332/367/85/45 334/368/87/45
f 345/381/96/47 341/382/94/47 344/383/94/47 346/384/96/47
f 357/397/105/49 353/398/103/49 356/399/103/49 358/400/105/49
f 388/433/121/52 381/434/115/52 384/435/118/52 389/436/121/52
f 390/437/117/52 385/438/118/52 387/439/120/52 388/440/121/52
f 401/453/130/54 397/454/128/54 400/455/128/54 402/456/130/54
f 410/465/137/55 403/466/131/55 406/467/134/55 411/468/137/55
f 412/469/133/55 407/470/134/55 409/471/136/55 410/472/137/55
f 443/505/151/58 439/506/149/58 442/507/149/58 444/508/151/58
f 468/533/161/60 461/534/155/60 464/535/158/60 469/536/161/60
f 470/537/157/60 465/538/158/60 467/539/160/60 468/540/161/60
f 481/553/170/62 477/554/168/62 480/555/168/62 482/556/170/62
f 490/565/177/63 483/566/171/63 486/567/174/63 491/568/177/63
f 492/569/173/63 487/570/174/63 489/571/176/63 490/572/177/63
f 523/605/191/66 519/606/189/66 522/607/189/66 524/608/191/66
f 548/633/201/68 541/634/195/68 544/635/198/68 549/636/201/68
f 550/637/197/68 545/638/198/68 547/639/200/68 548/640/201/68
f 581/673/215/71 577/674/213/71 580/675/213/71 582/676/215/71
f 587/681/218/72 583/682/216/72 586/683/216/72 588/684/218/72
f 340/374/93/46 335/375/88/46 337/376/90/46
f 352/390/102/48 347/391/97/48 349/392/99/48
f 364/406/111/50 359/407/106/50 361/408/108/50
f 396/446/127/53 391/447/122/53 393/448/124/53
f 418/478/143/56 413/479/138/56 415/480/140/56
f 476/546/167/61 471/547/162/61 473/548/164/61
f 498/578/183/64 493/579/178/64 495/580/180/64
f 556/646/207/69 551/647/202/69 553/648/204/69
f 594/690/224/73 589/691/219/73 591/692/221/73
usemtl ga_s01a_TRANS
s off
f 928/1033/296/108 929/1034/296/108 930/1035/296/108
f 930/1036/296/108 929/1034/296/108 931/1037/296/108
f 931/1038/296/108 929/1034/296/108 932/1039/296/108
f 932/1040/296/108 929/1034/296/108 933/1041/296/108
f 933/1042/296/108 929/1034/296/108 934/1043/296/108
f 934/1044/296/108 929/1034/296/108 935/1045/296/108
f 935/1046/296/108 929/1034/296/108 936/1047/296/108
f 936/1048/296/108 929/1034/296/108 937/1049/296/108
f 937/1050/296/108 929/1034/296/108 938/1051/296/108
f 938/1052/296/108 929/1034/296/108 939/1053/296/108
f 939/1054/296/108 929/1034/296/108 940/1055/296/108
f 940/1056/296/108 929/1034/296/108 928/1057/296/108
f 1346/1470/366/141 1347/1471/366/141 1348/1472/366/141
f 1348/1473/366/141 1347/1471/366/141 1349/1474/366/141
f 1349/1475/366/141 1347/1471/366/141 1350/1476/366/141
f 1350/1477/366/141 1347/1471/366/141 1351/1478/366/141
f 1351/1479/366/141 1347/1471/366/141 1352/1480/366/141
f 1352/1481/366/141 1347/1471/366/141 1353/1482/366/141
f 1353/1483/366/141 1347/1471/366/141 1354/1484/366/141
f 1354/1485/366/141 1347/1471/366/141 1355/1486/366/141
f 1355/1487/366/141 1347/1471/366/141 1356/1488/366/141
f 1356/1489/366/141 1347/1471/366/141 1357/1490/366/141
f 1357/1491/366/141 1347/1471/366/141 1358/1492/366/141
f 1358/1493/366/141 1347/1471/366/141 1346/1494/366/141
usemtl cliff01
s off
f 907/1005/259/108 908/1006/260/108 909/1007/261/108 910/1008/259/108
f 911/1009/262/108 908/1006/263/108 912/1010/264/108 913/1011/262/108
f 914/1012/265/108 915/1013/265/108 916/1014/265/108 917/1015/265/108
f 918/1016/266/108 919/1017/267/108 907/1005/267/108 920/1018/268/108
f 908/1006/260/108 911/1009/269/108 921/1019/269/108 909/1007/261/108
f 916/1014/270/108 918/1016/266/108 920/1018/268/108 917/1015/270/108
f 908/1006/263/108 907/1005/271/108 919/1017/271/108 912/1010/264/108
f 920/1018/272/108 907/1005/259/108 910/1008/259/108 922/1020/272/108
f 923/1021/273/108 911/1009/274/108 924/1022/275/108 925/1023/273/108
f 924/1022/275/108 911/1009/274/108 913/1011/276/108
f 926/1024/277/108 927/1025/278/108 923/1021/279/108
f 927/1025/278/108 921/1019/280/108 923/1021/279/108
f 921/1019/281/108 927/1025/282/108 909/1007/283/108
f 927/1025/282/108 910/1008/284/108 909/1007/283/108
f 925/1023/285/108 914/1012/286/108 926/1024/287/108
f 914/1012/286/108 917/1015/288/108 926/1024/287/108
f 917/1026/289/108 920/1027/289/108 926/1024/289/108
f 925/1023/290/108 926/1024/290/108 923/1021/290/108
f 926/1028/291/108 922/1029/291/108 927/1030/291/108
f 922/1020/292/108 910/1008/292/108 927/1025/292/108
f 926/1024/293/108 920/1031/293/108 922/1032/293/108
f 911/1009/294/108 923/1021/294/108 921/1019/294/108
f 925/1023/295/108 915/1013/295/108 914/1012/295/108
usemtl snow_ki03dx_3
s off
f 435/497/144/57 436/498/144/57 437/499/144/57 438/500/144/57
f 515/597/184/65 516/598/184/65 517/599/184/65 518/600/184/65
f 573/665/208/70 574/666/208/70 575/667/208/70 576/668/208/70
usemtl snow_ki03ax_4
s off
f 293/317/71/40 296/318/72/40 295/319/71/40 294/320/72/40
f 297/321/70/40 298/322/70/40 299/323/70/40 300/324/70/40
f 369/413/113/51 372/414/114/51 371/415/113/51 370/416/114/51
f 373/417/112/51 374/418/112/51 375/419/112/51 376/420/112/51
f 423/485/144/57 424/486/144/57 425/487/144/57 426/488/144/57
f 427/489/145/57 430/490/146/57 429/491/147/57 428/492/148/57
f 449/513/153/59 452/514/154/59 451/515/153/59 450/516/154/59
f 453/517/152/59 454/518/152/59 455/519/152/59 456/520/152/59
f 503/585/184/65 504/586/184/65 505/587/184/65 506/588/184/65
f 507/589/185/65 510/590/186/65 509/591/187/65 508/592/188/65
f 529/613/193/67 532/614/194/67 531/615/193/67 530/616/194/67
f 533/617/192/67 534/618/192/67 535/619/192/67 536/620/192/67
f 561/653/208/70 562/654/208/70 563/655/208/70 564/656/208/70
f 565/657/209/70 568/658/210/70 567/659/211/70 566/660/212/70
usemtl snow_ki03bx_4
s off
f 301/325/70/40 302/326/70/40 303/327/70/40 304/328/70/40
f 377/421/112/51 378/422/112/51 379/423/112/51 380/424/112/51
f 431/493/144/57 432/494/144/57 433/495/144/57 434/496/144/57
f 457/521/152/59 458/522/152/59 459/523/152/59 460/524/152/59
f 511/593/184/65 512/594/184/65 513/595/184/65 514/596/184/65
f 537/621/192/67 538/622/192/67 539/623/192/67 540/624/192/67
f 569/661/208/70 570/662/208/70 571/663/208/70 572/664/208/70
usemtl Grass_Snow_michi01a
s off
f 130/138/33/15 131/139/33/15 132/140/33/15 133/141/33/15
f 138/148/35/17 139/149/35/17 140/150/35/17 141/151/35/17
f 146/156/37/19 147/157/37/19 148/158/37/19 149/159/37/19
f 194/208/50/28 195/209/50/28 196/210/50/28 197/211/50/28
f 202/216/52/30 203/217/52/30 204/218/52/30 205/219/52/30
f 214/230/55/33 215/231/55/33 216/232/55/33 217/233/55/33
f 126/135/32/14 127/136/32/14 128/137/32/14
f 134/145/34/16 135/146/34/16 136/147/34/16
f 158/168/40/22 159/169/40/22 160/170/40/22
f 159/169/40/22 161/171/40/22 160/172/40/22
f 190/203/49/27 191/204/49/27 192/205/49/27
f 191/204/49/27 193/206/49/27 192/207/49/27
f 210/227/54/32 211/228/54/32 212/229/54/32
f 218/237/56/34 219/238/56/34 220/239/56/34
