mtllib Barrier-Reef_03_10.mtl
o map
v 3.25 13.0 -0.437501
v 3.75 11.75 -0.437501
v 4.125 13.0 -0.187501
v 5.0 12.125 -0.1875
v 5.0 12.875 0.0625
v 4.875 13.0 0.062498987
v 4.125 13.0 -0.187501
v 5.0 12.125 -0.1875
v 5.0 12.125 -0.1875
v 3.75 11.75 -0.437501
v 5.0 11.25 -0.4375
v 3.75 11.75 -0.437501
v 3.25 13.0 -0.437501
v 2.0 13.0 -0.437501
v 2.5 10.5 -0.437501
v 5.0 11.25 -0.4375
v 5.0 10.0 -0.4375
v 4.0 13.0 -0.500001
v 3.25 13.0 -0.562501
v 5.0 11.25 -0.5625
v 5.0 12.0 -0.5
v 5.0 13.0 0.0
v 4.0 13.0 -0.500001
v 5.0 12.0 -0.5
v 5.0 11.25 -0.5625
v 3.25 13.0 -0.562501
v 3.75 11.75 -0.562501
v 3.25 13.0 -0.4375
v 4.125 13.0 -0.1875
v 4.125 16.0 -0.1875
v 3.25 16.0 -0.4375
v 4.875 13.0 0.0625
v 4.875 16.0 0.0625
v 2.0 16.0 -0.4375
v 2.0 13.0 -0.4375
v 3.25 13.0 -0.4375
v 3.25 16.0 -0.4375
v 5.0 16.0 0.0
v 4.0 16.0 -0.5
v 4.0 13.0 -0.5
v 5.0 13.0 0.0
v 3.25 16.0 -0.5625
v 3.25 13.0 -0.5625
v 6.0 11.25 -0.4375
v 6.0 12.125 -0.1875
v 5.0 12.125 -0.1875
v 5.0 11.25 -0.4375
v 6.0 12.875 0.0625
v 5.0 12.875 0.0625
v 5.0 10.0 -0.4375
v 6.0 10.0 -0.4375
v 6.0 11.25 -0.4375
v 5.0 11.25 -0.4375
v 5.0 13.0 0.0
v 5.0 12.0 -0.5
v 6.0 12.0 -0.5
v 6.0 13.0 0.0
v 5.0 11.25 -0.5625
v 6.0 11.25 -0.5625
v 10.0 16.0 1.0E-6
v 5.0 16.0 1.0E-6
v 10.0 13.0 1.0E-6
v 5.0 13.0 1.0E-6
v 7.25 10.0 -0.437501
v 7.75 8.75 -0.437501
v 8.125 10.0 -0.187501
v 9.0 9.125 -0.1875
v 9.0 9.875 0.0625
v 8.875 10.0 0.062498987
v 8.125 10.0 -0.187501
v 9.0 9.125 -0.1875
v 9.0 9.125 -0.1875
v 7.75 8.75 -0.437501
v 9.0 8.25 -0.4375
v 7.75 8.75 -0.437501
v 7.25 10.0 -0.437501
v 6.0 10.0 -0.437501
v 6.5 7.5 -0.437501
v 9.0 8.25 -0.4375
v 9.0 7.0 -0.4375
v 8.0 10.0 -0.500001
v 7.25 10.0 -0.562501
v 9.0 8.25 -0.5625
v 9.0 9.0 -0.5
v 9.0 10.0 0.0
v 8.0 10.0 -0.500001
v 9.0 9.0 -0.5
v 9.0 8.25 -0.5625
v 7.25 10.0 -0.562501
v 7.75 8.75 -0.562501
v 6.0 10.0 -0.4375
v 7.25 10.0 -0.4375
v 7.25 11.25 -0.4375
v 6.0 10.0 -0.4375
v 7.25 11.25 -0.4375
v 6.0 11.25 -0.4375
v 9.0 10.0 0.0
v 9.0 13.0 0.0
v 8.0 10.0 -0.5
v 8.0 12.0 -0.5
v 7.25 10.0 -0.5625
v 7.25 11.25 -0.5625
v 9.0 13.0 0.0
v 6.0 13.0 0.0
v 8.0 12.0 -0.5
v 6.0 12.0 -0.5
v 6.0 11.25 -0.5625
v 7.25 11.25 -0.5625
v 8.125 12.125 -0.1875
v 6.0 12.875 0.0625
v 6.0 12.125 -0.1875
v 7.25 11.25 -0.4375
v 7.25 11.25 -0.4375
v 7.25 10.0 -0.4375
v 8.125 12.125 -0.1875
v 8.125 10.0 -0.1875
v 8.875 12.875 0.0625
v 8.875 10.0 0.0625
v 6.0 11.25 -0.4375
v 8.875 12.875 0.0625
v 10.25 7.0 -0.437501
v 10.75 5.75 -0.437501
v 11.125 7.0 -0.187501
v 12.0 6.125 -0.1875
v 12.0 6.875 0.0625
v 11.875 7.0 0.062498987
v 11.125 7.0 -0.187501
v 12.0 6.125 -0.1875
v 12.0 6.125 -0.1875
v 10.75 5.75 -0.437501
v 12.0 5.25 -0.4375
v 10.75 5.75 -0.437501
v 10.25 7.0 -0.437501
v 9.0 7.0 -0.437501
v 9.5 4.5 -0.437501
v 12.0 5.25 -0.4375
v 12.0 4.0 -0.4375
v 11.0 7.0 -0.500001
v 10.25 7.0 -0.562501
v 12.0 5.25 -0.5625
v 12.0 6.0 -0.5
v 12.0 7.0 0.0
v 11.0 7.0 -0.500001
v 12.0 6.0 -0.5
v 12.0 5.25 -0.5625
v 10.25 7.0 -0.562501
v 10.75 5.75 -0.562501
v 9.0 7.0 -0.4375
v 10.25 7.0 -0.4375
v 10.25 8.25 -0.4375
v 9.0 7.0 -0.4375
v 10.25 8.25 -0.4375
v 9.0 8.25 -0.4375
v 12.0 7.0 0.0
v 12.0 10.0 0.0
v 11.0 7.0 -0.5
v 11.0 9.0 -0.5
v 10.25 7.0 -0.5625
v 10.25 8.25 -0.5625
v 12.0 10.0 0.0
v 9.0 10.0 0.0
v 11.0 9.0 -0.5
v 9.0 9.0 -0.5
v 9.0 8.25 -0.5625
v 10.25 8.25 -0.5625
v 11.125 9.125 -0.1875
v 9.0 9.875 0.0625
v 9.0 9.125 -0.1875
v 10.25 8.25 -0.4375
v 10.25 8.25 -0.4375
v 10.25 7.0 -0.4375
v 11.125 9.125 -0.1875
v 11.125 7.0 -0.1875
v 11.875 9.875 0.0625
v 11.875 7.0 0.0625
v 9.0 8.25 -0.4375
v 11.875 9.875 0.0625
v 13.0 11.0 1.0E-6
v 9.0 11.0 1.0E-6
v 13.0 10.0 1.0E-6
v 9.0 10.0 1.0E-6
v 10.0 13.0 1.0E-6
v 9.0 13.0 1.0E-6
v 10.0 11.0 1.0E-6
v 9.0 11.0 1.0E-6
v 16.0 16.0 0.0
v 10.0 16.0 0.0
v 10.0 11.0 0.0
v 16.0 11.0 0.0
v 13.25 4.0 -0.437501
v 13.75 2.75 -0.437501
v 14.125 4.0 -0.187501
v 15.0 3.125 -0.1875
v 15.0 3.875 0.0625
v 14.875 4.0 0.062498987
v 14.125 4.0 -0.187501
v 15.0 3.125 -0.1875
v 15.0 3.125 -0.1875
v 13.75 2.75 -0.437501
v 15.0 2.25 -0.4375
v 13.75 2.75 -0.437501
v 13.25 4.0 -0.437501
v 12.0 4.0 -0.437501
v 12.5 1.5 -0.437501
v 15.0 2.25 -0.4375
v 15.0 1.0 -0.4375
v 14.0 4.0 -0.500001
v 13.25 4.0 -0.562501
v 15.0 2.25 -0.5625
v 15.0 3.0 -0.5
v 15.0 4.0 0.0
v 14.0 4.0 -0.500001
v 15.0 3.0 -0.5
v 15.0 2.25 -0.5625
v 13.25 4.0 -0.562501
v 13.75 2.75 -0.562501
v 12.0 4.0 -0.4375
v 13.25 4.0 -0.4375
v 13.25 5.25 -0.4375
v 12.0 4.0 -0.4375
v 13.25 5.25 -0.4375
v 12.0 5.25 -0.4375
v 15.0 4.0 0.0
v 15.0 7.0 0.0
v 14.0 4.0 -0.5
v 14.0 6.0 -0.5
v 13.25 4.0 -0.5625
v 13.25 5.25 -0.5625
v 15.0 7.0 0.0
v 12.0 7.0 0.0
v 14.0 6.0 -0.5
v 12.0 6.0 -0.5
v 12.0 5.25 -0.5625
v 13.25 5.25 -0.5625
v 14.125 6.125 -0.1875
v 12.0 6.875 0.0625
v 12.0 6.125 -0.1875
v 13.25 5.25 -0.4375
v 13.25 5.25 -0.4375
v 13.25 4.0 -0.4375
v 14.125 6.125 -0.1875
v 14.125 4.0 -0.1875
v 14.875 6.875 0.0625
v 14.875 4.0 0.0625
v 12.0 5.25 -0.4375
v 14.875 6.875 0.0625
v 16.0 8.0 1.0E-6
v 12.0 8.0 1.0E-6
v 16.0 7.0 1.0E-6
v 12.0 7.0 1.0E-6
v 13.0 10.0 1.0E-6
v 12.0 10.0 1.0E-6
v 13.0 8.0 1.0E-6
v 12.0 8.0 1.0E-6
v 16.0 11.0 0.0
v 13.0 11.0 0.0
v 13.0 8.0 0.0
v 16.0 8.0 0.0
v 16.25 1.0 -0.437501
v 16.75 -0.25 -0.437501
v 17.125 1.0 -0.187501
v 18.0 0.125 -0.1875
v 18.0 0.875 0.0625
v 17.875 1.0 0.062498987
v 17.125 1.0 -0.187501
v 18.0 0.125 -0.1875
v 18.0 0.125 -0.1875
v 16.75 -0.25 -0.437501
v 18.0 -0.75 -0.4375
v 16.75 -0.25 -0.437501
v 16.25 1.0 -0.437501
v 15.0 1.0 -0.437501
v 15.5 -1.5 -0.437501
v 18.0 -0.75 -0.4375
v 18.0 -2.0 -0.4375
v 17.0 1.0 -0.500001
v 16.25 1.0 -0.562501
v 18.0 -0.75 -0.5625
v 18.0 0.0 -0.5
v 18.0 1.0 0.0
v 17.0 1.0 -0.500001
v 18.0 0.0 -0.5
v 18.0 -0.75 -0.5625
v 16.25 1.0 -0.562501
v 16.75 -0.25 -0.562501
v 15.0 1.0 -0.4375
v 16.25 1.0 -0.4375
v 16.25 2.25 -0.4375
v 15.0 1.0 -0.4375
v 16.25 2.25 -0.4375
v 15.0 2.25 -0.4375
v 18.0 1.0 0.0
v 18.0 4.0 0.0
v 17.0 1.0 -0.5
v 17.0 3.0 -0.5
v 16.25 1.0 -0.5625
v 16.25 2.25 -0.5625
v 18.0 4.0 0.0
v 15.0 4.0 0.0
v 17.0 3.0 -0.5
v 15.0 3.0 -0.5
v 15.0 2.25 -0.5625
v 16.25 2.25 -0.5625
v 17.125 3.125 -0.1875
v 15.0 3.875 0.0625
v 15.0 3.125 -0.1875
v 16.25 2.25 -0.4375
v 16.25 2.25 -0.4375
v 16.25 1.0 -0.4375
v 17.125 3.125 -0.1875
v 17.125 1.0 -0.1875
v 17.875 3.875 0.0625
v 17.875 1.0 0.0625
v 15.0 2.25 -0.4375
v 17.875 3.875 0.0625
v 16.0 7.0 1.0E-6
v 15.0 7.0 1.0E-6
v 16.0 4.0 1.0E-6
v 15.0 4.0 1.0E-6
v 9.0 10.999999 0.0
v 9.0 9.999999 0.0
v 9.0625 10.374999 0.0
v 9.3125 10.062499 0.0
v 10.0 9.999999 0.0
v 9.2109375 10.999999 0.09863299
v 9.25 10.562499 0.09863299
v 9.669922 10.999999 0.997071
v 9.5 10.249999 0.09863299
v 10.0 10.669921 0.997071
v 10.0 10.2109375 0.09863299
v 10.0 10.669921 0.997071
v 10.0 10.999999 1.0
v 9.669922 10.999999 0.997071
v 9.3125 10.062499 0.0
v 10.0 9.999999 0.0
v 10.0 10.2109375 0.09863299
v 9.5 10.249999 0.09863299
v 9.0 10.999999 0.0
v 9.0625 10.374999 0.0
v 9.25 10.562499 0.09863299
v 9.2109375 10.999999 0.09863299
v 9.2109375 11.0 0.09863299
v 9.669921 11.0 0.997071
v 9.669921 16.0 0.997071
v 9.2109375 16.0 0.09863299
v 9.999999 11.0 1.0
v 9.999999 16.0 1.0
v 9.2109375 11.0 0.09863299
v 9.2109375 16.0 0.09863299
v 8.999999 16.0 0.0
v 8.999999 11.0 0.0
v 12.0 10.210937 0.09863299
v 12.0 10.669921 0.997071
v 10.0 10.669921 0.997071
v 10.0 10.210937 0.09863299
v 12.0 10.999999 1.0
v 10.0 10.999999 1.0
v 12.0 10.210937 0.09863299
v 10.0 10.210937 0.09863299
v 10.0 9.999999 0.0
v 12.0 9.999999 0.0
v 10.0 11.999999 1.0
v 10.0 10.999999 1.0
v 10.0625 11.374999 1.0
v 10.3125 11.062499 1.0
v 11.0 10.999999 1.0
v 10.2109375 11.999999 1.098633
v 10.25 11.562499 1.098633
v 10.669922 11.999999 1.997071
v 10.5 11.249999 1.098633
v 11.0 11.669921 1.997071
v 11.0 11.2109375 1.098633
v 11.0 11.669921 1.997071
v 11.0 11.999999 2.0
v 10.669922 11.999999 1.997071
v 10.3125 11.062499 1.0
v 11.0 10.999999 1.0
v 11.0 11.2109375 1.098633
v 10.5 11.249999 1.098633
v 10.0 11.999999 1.0
v 10.0625 11.374999 1.0
v 10.25 11.562499 1.098633
v 10.2109375 11.999999 1.098633
v 10.2109375 12.0 1.098633
v 10.669921 12.0 1.997071
v 10.669921 16.0 1.997071
v 10.2109375 16.0 1.098633
v 10.999999 12.0 2.0
v 10.999999 16.0 2.0
v 10.2109375 12.0 1.098633
v 10.2109375 16.0 1.098633
v 9.999999 16.0 1.0
v 9.999999 12.0 1.0
v 16.0 11.210937 1.098633
v 16.0 11.669921 1.997071
v 11.0 11.669921 1.997071
v 11.0 11.210937 1.098633
v 16.0 11.999999 2.0
v 11.0 11.999999 2.0
v 16.0 11.210937 1.098633
v 11.0 11.210937 1.098633
v 11.0 10.999999 1.0
v 16.0 10.999999 1.0
v 14.0 15.0 2.187499
v 11.0 15.0 2.187499
v 11.0 12.0 2.187499
v 14.0 12.0 2.187499
v 11.0 13.499999 6.75
v 14.0 13.499999 6.75
v 14.0 13.5 2.187499
v 11.0 13.5 2.187499
v 12.5 11.999999 6.749999
v 12.5 14.999999 6.75
v 12.5 15.0 2.187499
v 12.5 12.0 2.187499
v 14.0 12.0 3.624999
v 14.0 15.0 3.624999
v 11.0 15.0 3.624999
v 11.0 12.0 3.624999
v 14.0 18.0 2.187499
v 11.0 18.0 2.187499
v 11.0 15.0 2.187499
v 14.0 15.0 2.187499
v 11.0 16.5 6.75
v 14.0 16.5 6.75
v 14.0 16.5 2.187499
v 11.0 16.5 2.187499
v 12.5 14.999999 6.749999
v 12.5 18.0 6.75
v 12.5 18.0 2.187499
v 12.5 15.0 2.187499
v 14.0 15.0 3.624999
v 14.0 18.0 3.624999
v 11.0 18.0 3.624999
v 11.0 15.0 3.624999
v 12.0 7.999999 0.0
v 12.0 6.999999 0.0
v 12.0625 7.374999 0.0
v 12.3125 7.062499 0.0
v 13.0 6.999999 0.0
v 12.2109375 7.999999 0.09863299
v 12.25 7.562499 0.09863299
v 12.669922 7.999999 0.997071
v 12.5 7.249999 0.09863299
v 13.0 7.669921 0.997071
v 13.0 7.210937 0.09863299
v 13.0 7.669921 0.997071
v 13.0 7.999999 1.0
v 12.669922 7.999999 0.997071
v 12.3125 7.062499 0.0
v 13.0 6.999999 0.0
v 13.0 7.210937 0.09863299
v 12.5 7.249999 0.09863299
v 12.0 7.999999 0.0
v 12.0625 7.374999 0.0
v 12.25 7.562499 0.09863299
v 12.2109375 7.999999 0.09863299
v 12.2109375 8.0 0.09863299
v 12.669921 8.0 0.997071
v 12.669921 10.0 0.997071
v 12.2109375 10.0 0.09863299
v 12.999999 8.0 1.0
v 12.999999 10.0 1.0
v 12.2109375 8.0 0.09863299
v 12.2109375 10.0 0.09863299
v 11.999999 10.0 0.0
v 11.999999 8.0 0.0
v 12.0 10.669921 0.997071
v 12.0 10.210937 0.09863299
v 12.669922 10.669921 0.997071
v 12.105469 10.105468 0.09863299
v 12.210938 9.999999 0.09863299
v 12.210938 9.999999 0.09863299
v 12.105469 10.105468 0.09863299
v 12.0 9.999999 0.0
v 12.0 10.210937 0.09863299
v 13.0 9.999999 1.0
v 13.0 10.999999 1.0
v 12.669922 10.669921 0.997071
v 12.669922 9.999999 0.997071
v 13.0 10.999999 1.0
v 12.0 10.999999 1.0
v 12.0 10.669921 0.997071
v 12.669922 10.669921 0.997071
v 12.669922 9.999999 0.997071
v 12.669922 10.669921 0.997071
v 12.210938 9.999999 0.09863299
v 15.0 7.210937 0.09863299
v 15.0 7.669921 0.997071
v 13.0 7.669921 0.997071
v 13.0 7.210937 0.09863299
v 15.0 7.999999 1.0
v 13.0 7.999999 1.0
v 15.0 7.210937 0.09863299
v 13.0 7.210937 0.09863299
v 13.0 6.999999 0.0
v 15.0 6.999999 0.0
v 16.0 11.0 1.187499
v 13.0 11.0 1.187499
v 13.0 8.0 1.187499
v 16.0 8.0 1.187499
v 13.0 9.499999 5.75
v 16.0 9.499999 5.75
v 16.0 9.5 1.187499
v 13.0 9.5 1.187499
v 14.5 7.999999 5.749999
v 14.5 10.999999 5.75
v 14.5 11.0 1.187499
v 14.5 8.0 1.187499
v 16.0 8.0 2.624999
v 16.0 11.0 2.624999
v 13.0 11.0 2.624999
v 13.0 8.0 2.624999
v 17.0 15.0 2.187499
v 14.0 15.0 2.187499
v 14.0 12.0 2.187499
v 17.0 12.0 2.187499
v 14.0 13.499999 6.75
v 17.0 13.499999 6.75
v 17.0 13.5 2.187499
v 14.0 13.5 2.187499
v 15.5 11.999999 6.749999
v 15.5 14.999999 6.75
v 15.5 15.0 2.187499
v 15.5 12.0 2.187499
v 17.0 12.0 3.624999
v 17.0 15.0 3.624999
v 14.0 15.0 3.624999
v 14.0 12.0 3.624999
v 14.0 15.999999 2.0
v 14.0 14.999999 2.0
v 14.0625 15.374999 2.0
v 14.3125 15.062499 2.0
v 15.0 14.999999 2.0
v 14.2109375 15.999999 2.098633
v 14.25 15.562499 2.098633
v 14.669922 15.999999 2.997071
v 14.5 15.249999 2.098633
v 15.0 15.669921 2.997071
v 15.0 15.2109375 2.098633
v 15.0 15.669921 2.997071
v 15.0 15.999999 3.0
v 14.669922 15.999999 2.997071
v 14.3125 15.062499 2.0
v 15.0 14.999999 2.0
v 15.0 15.2109375 2.098633
v 14.5 15.249999 2.098633
v 14.0 15.999999 2.0
v 14.0625 15.374999 2.0
v 14.25 15.562499 2.098633
v 14.2109375 15.999999 2.098633
v 15.0 4.999999 0.0
v 15.0 3.999999 0.0
v 15.0625 4.374999 0.0
v 15.3125 4.062499 0.0
v 16.0 3.999999 0.0
v 15.2109375 4.999999 0.09863299
v 15.25 4.562499 0.09863299
v 15.669922 4.999999 0.997071
v 15.5 4.249999 0.09863299
v 16.0 4.669921 0.997071
v 16.0 4.210937 0.09863299
v 16.0 4.669921 0.997071
v 16.0 4.999999 1.0
v 15.669922 4.999999 0.997071
v 15.3125 4.062499 0.0
v 16.0 3.999999 0.0
v 16.0 4.210937 0.09863299
v 15.5 4.249999 0.09863299
v 15.0 4.999999 0.0
v 15.0625 4.374999 0.0
v 15.25 4.562499 0.09863299
v 15.2109375 4.999999 0.09863299
v 15.2109375 5.0 0.09863299
v 15.669921 5.0 0.997071
v 15.669921 7.0 0.997071
v 15.2109375 7.0 0.09863299
v 15.999999 5.0 1.0
v 15.999999 7.0 1.0
v 15.2109375 5.0 0.09863299
v 15.2109375 7.0 0.09863299
v 14.999999 7.0 0.0
v 14.999999 5.0 0.0
v 15.0 7.669921 0.997071
v 15.0 7.210937 0.09863299
v 15.669922 7.669921 0.997071
v 15.105469 7.105468 0.09863299
v 15.210938 6.999999 0.09863299
v 15.210938 6.999999 0.09863299
v 15.105469 7.105468 0.09863299
v 15.0 6.999999 0.0
v 15.0 7.210937 0.09863299
v 16.0 6.999999 1.0
v 16.0 7.999999 1.0
v 15.669922 7.669921 0.997071
v 15.669922 6.999999 0.997071
v 16.0 7.999999 1.0
v 15.0 7.999999 1.0
v 15.0 7.669921 0.997071
v 15.669922 7.669921 0.997071
v 15.669922 6.999999 0.997071
v 15.669922 7.669921 0.997071
v 15.210938 6.999999 0.09863299
v 16.0 15.210937 2.098633
v 16.0 15.669921 2.997071
v 15.0 15.669921 2.997071
v 15.0 15.210937 2.098633
v 16.0 15.999999 3.0
v 15.0 15.999999 3.0
v 16.0 15.210937 2.098633
v 15.0 15.210937 2.098633
v 15.0 14.999999 2.0
v 16.0 14.999999 2.0
v -16.0 -12.125 -1.500001
v -15.0 -12.125 -1.500001
v -15.0 -11.125 -1.500001
v -16.0 -11.125 -1.500001
v -16.0 -12.125 -1.625001
v -15.0 -12.125 -1.625001
v -15.0 -11.125 -1.625001
v -16.0 -11.125 -1.625001
v -16.0 -12.125 -1.875001
v -15.0 -12.125 -1.875001
v -15.0 -11.125 -1.875001
v -16.0 -11.125 -1.875001
v -16.0 -9.125 -1.500001
v -15.0 -9.125 -1.500001
v -15.0 -8.125 -1.500001
v -16.0 -8.125 -1.500001
v -16.0 -9.125 -1.625001
v -15.0 -9.125 -1.625001
v -15.0 -8.125 -1.625001
v -16.0 -8.125 -1.625001
v -16.0 -9.125 -1.875001
v -15.0 -9.125 -1.875001
v -15.0 -8.125 -1.875001
v -16.0 -8.125 -1.875001
v -16.0 -1.125 -1.500001
v -15.0 -1.125 -1.500001
v -15.0 0.875 -1.500001
v -16.0 0.875 -1.500001
v -16.0 -1.125 -1.625001
v -15.0 -1.125 -1.625001
v -15.0 0.875 -1.625001
v -16.0 0.875 -1.625001
v -16.0 -1.125 -1.875001
v -15.0 -1.125 -1.875001
v -15.0 0.875 -1.875001
v -16.0 0.875 -1.875001
v -16.0 2.875 -1.500001
v -14.0 2.875 -1.500001
v -14.0 3.875 -1.500001
v -16.0 3.875 -1.500001
v -16.0 2.875 -1.625001
v -14.0 2.875 -1.625001
v -14.0 3.875 -1.625001
v -16.0 3.875 -1.625001
v -16.0 2.875 -1.875001
v -14.0 2.875 -1.875001
v -14.0 3.875 -1.875001
v -16.0 3.875 -1.875001
v -16.0 7.875 -1.500001
v -15.0 7.875 -1.500001
v -15.0 9.875 -1.500001
v -16.0 9.875 -1.500001
v -16.0 7.875 -1.625001
v -15.0 7.875 -1.625001
v -15.0 9.875 -1.625001
v -16.0 9.875 -1.625001
v -16.0 7.875 -1.875001
v -15.0 7.875 -1.875001
v -15.0 9.875 -1.875001
v -16.0 9.875 -1.875001
v -16.0 13.875 -1.500001
v -14.0 13.875 -1.500001
v -14.0 14.875 -1.500001
v -16.0 14.875 -1.500001
v -16.0 13.875 -1.625001
v -14.0 13.875 -1.625001
v -14.0 14.875 -1.625001
v -16.0 14.875 -1.625001
v -16.0 13.875 -1.875001
v -14.0 13.875 -1.875001
v -14.0 14.875 -1.875001
v -16.0 14.875 -1.875001
v -15.0 -16.125 -1.500001
v -14.0 -16.125 -1.500001
v -14.0 -15.125 -1.500001
v -15.0 -15.125 -1.500001
v -15.0 -16.125 -1.625001
v -14.0 -16.125 -1.625001
v -14.0 -15.125 -1.625001
v -15.0 -15.125 -1.625001
v -15.0 -16.125 -1.875001
v -14.0 -16.125 -1.875001
v -14.0 -15.125 -1.875001
v -15.0 -15.125 -1.875001
v -15.0 -11.125 -1.500001
v -14.0 -11.125 -1.500001
v -14.0 -9.125 -1.500001
v -15.0 -9.125 -1.500001
v -15.0 -11.125 -1.625001
v -14.0 -11.125 -1.625001
v -14.0 -9.125 -1.625001
v -15.0 -9.125 -1.625001
v -15.0 -11.125 -1.875001
v -14.0 -11.125 -1.875001
v -14.0 -9.125 -1.875001
v -15.0 -9.125 -1.875001
v -15.0 -7.125 -1.500001
v -14.0 -7.125 -1.500001
v -14.0 -6.125 -1.500001
v -15.0 -6.125 -1.500001
v -15.0 -7.125 -1.625001
v -14.0 -7.125 -1.625001
v -14.0 -6.125 -1.625001
v -15.0 -6.125 -1.625001
v -15.0 -7.125 -1.875001
v -14.0 -7.125 -1.875001
v -14.0 -6.125 -1.875001
v -15.0 -6.125 -1.875001
v -15.0 -5.125 -1.500001
v -14.0 -5.125 -1.500001
v -14.0 -3.125 -1.500001
v -15.0 -3.125 -1.500001
v -15.0 -5.125 -1.625001
v -14.0 -5.125 -1.625001
v -14.0 -3.125 -1.625001
v -15.0 -3.125 -1.625001
v -15.0 -5.125 -1.875001
v -14.0 -5.125 -1.875001
v -14.0 -3.125 -1.875001
v -15.0 -3.125 -1.875001
v -15.0 3.875 -1.500001
v -14.0 3.875 -1.500001
v -14.0 4.875 -1.500001
v -15.0 4.875 -1.500001
v -15.0 3.875 -1.625001
v -14.0 3.875 -1.625001
v -14.0 4.875 -1.625001
v -15.0 4.875 -1.625001
v -15.0 3.875 -1.875001
v -14.0 3.875 -1.875001
v -14.0 4.875 -1.875001
v -15.0 4.875 -1.875001
v -15.0 6.875 -1.500001
v -14.0 6.875 -1.500001
v -14.0 7.875 -1.500001
v -15.0 7.875 -1.500001
v -15.0 6.875 -1.625001
v -14.0 6.875 -1.625001
v -14.0 7.875 -1.625001
v -15.0 7.875 -1.625001
v -15.0 6.875 -1.875001
v -14.0 6.875 -1.875001
v -14.0 7.875 -1.875001
v -15.0 7.875 -1.875001
v -15.0 8.875 -1.500001
v -14.0 8.875 -1.500001
v -14.0 10.875 -1.500001
v -15.0 10.875 -1.500001
v -15.0 8.875 -1.625001
v -14.0 8.875 -1.625001
v -14.0 10.875 -1.625001
v -15.0 10.875 -1.625001
v -15.0 8.875 -1.875001
v -14.0 8.875 -1.875001
v -14.0 10.875 -1.875001
v -15.0 10.875 -1.875001
v -15.0 12.875 -1.500001
v -14.0 12.875 -1.500001
v -14.0 13.875 -1.500001
v -15.0 13.875 -1.500001
v -15.0 12.875 -1.625001
v -14.0 12.875 -1.625001
v -14.0 13.875 -1.625001
v -15.0 13.875 -1.625001
v -15.0 12.875 -1.875001
v -14.0 12.875 -1.875001
v -14.0 13.875 -1.875001
v -15.0 13.875 -1.875001
v -15.0 14.875 -1.500001
v -14.0 14.875 -1.500001
v -14.0 15.875 -1.500001
v -15.0 15.875 -1.500001
v -15.0 14.875 -1.625001
v -14.0 14.875 -1.625001
v -14.0 15.875 -1.625001
v -15.0 15.875 -1.625001
v -15.0 14.875 -1.875001
v -14.0 14.875 -1.875001
v -14.0 15.875 -1.875001
v -15.0 15.875 -1.875001
v -14.0 -2.125 -2.500001
v -12.0 -2.125 -2.500001
v -12.0 1.875 -2.500001
v -14.0 1.875 -2.500001
v -14.0 -2.125 -2.625001
v -12.0 -2.125 -2.625001
v -12.0 1.875 -2.625001
v -14.0 1.875 -2.625001
v -14.0 -2.125 -2.875001
v -12.0 -2.125 -2.875001
v -12.0 1.875 -2.875001
v -14.0 1.875 -2.875001
v -13.0 -11.125 -2.500001
v -12.0 -11.125 -2.500001
v -12.0 -7.125 -2.500001
v -13.0 -7.125 -2.500001
v -13.0 -11.125 -2.625001
v -12.0 -11.125 -2.625001
v -12.0 -7.125 -2.625001
v -13.0 -7.125 -2.625001
v -13.0 -11.125 -2.875001
v -12.0 -11.125 -2.875001
v -12.0 -7.125 -2.875001
v -13.0 -7.125 -2.875001
v -13.0 -4.125 -2.500001
v -12.0 -4.125 -2.500001
v -12.0 -2.125 -2.500001
v -13.0 -2.125 -2.500001
v -13.0 -4.125 -2.625001
v -12.0 -4.125 -2.625001
v -12.0 -2.125 -2.625001
v -13.0 -2.125 -2.625001
v -13.0 -4.125 -2.875001
v -12.0 -4.125 -2.875001
v -12.0 -2.125 -2.875001
v -13.0 -2.125 -2.875001
v -13.0 1.875 -2.500001
v -12.0 1.875 -2.500001
v -12.0 3.875 -2.500001
v -13.0 3.875 -2.500001
v -13.0 1.875 -2.625001
v -12.0 1.875 -2.625001
v -12.0 3.875 -2.625001
v -13.0 3.875 -2.625001
v -13.0 1.875 -2.875001
v -12.0 1.875 -2.875001
v -12.0 3.875 -2.875001
v -13.0 3.875 -2.875001
v -13.0 14.875 -2.500001
v -12.0 14.875 -2.500001
v -12.0 15.875 -2.500001
v -13.0 15.875 -2.500001
v -13.0 14.875 -2.625001
v -12.0 14.875 -2.625001
v -12.0 15.875 -2.625001
v -13.0 15.875 -2.625001
v -13.0 14.875 -2.875001
v -12.0 14.875 -2.875001
v -12.0 15.875 -2.875001
v -13.0 15.875 -2.875001
v -12.0 -10.125 -2.500001
v -11.0 -10.125 -2.500001
v -11.0 -9.125 -2.500001
v -12.0 -9.125 -2.500001
v -12.0 -10.125 -2.625001
v -11.0 -10.125 -2.625001
v -11.0 -9.125 -2.625001
v -12.0 -9.125 -2.625001
v -12.0 -10.125 -2.875001
v -11.0 -10.125 -2.875001
v -11.0 -9.125 -2.875001
v -12.0 -9.125 -2.875001
v -12.0 -3.125 -2.500001
v -11.0 -3.125 -2.500001
v -11.0 -2.125 -2.500001
v -12.0 -2.125 -2.500001
v -12.0 -3.125 -2.625001
v -11.0 -3.125 -2.625001
v -11.0 -2.125 -2.625001
v -12.0 -2.125 -2.625001
v -12.0 -3.125 -2.875001
v -11.0 -3.125 -2.875001
v -11.0 -2.125 -2.875001
v -12.0 -2.125 -2.875001
v -12.0 -1.125 -2.500001
v -11.0 -1.125 -2.500001
v -11.0 1.875 -2.500001
v -12.0 1.875 -2.500001
v -12.0 -1.125 -2.625001
v -11.0 -1.125 -2.625001
v -11.0 1.875 -2.625001
v -12.0 1.875 -2.625001
v -12.0 -1.125 -2.875001
v -11.0 -1.125 -2.875001
v -11.0 1.875 -2.875001
v -12.0 1.875 -2.875001
v -12.0 9.875 -2.500001
v -9.0 9.875 -2.500001
v -9.0 11.875 -2.500001
v -12.0 11.875 -2.500001
v -12.0 9.875 -2.625001
v -9.0 9.875 -2.625001
v -9.0 11.875 -2.625001
v -12.0 11.875 -2.625001
v -12.0 9.875 -2.875001
v -9.0 9.875 -2.875001
v -9.0 11.875 -2.875001
v -12.0 11.875 -2.875001
v -11.0 7.875 -2.500001
v -10.0 7.875 -2.500001
v -10.0 9.875 -2.500001
v -11.0 9.875 -2.500001
v -11.0 7.875 -2.625001
v -10.0 7.875 -2.625001
v -10.0 9.875 -2.625001
v -11.0 9.875 -2.625001
v -11.0 7.875 -2.875001
v -10.0 7.875 -2.875001
v -10.0 9.875 -2.875001
v -11.0 9.875 -2.875001
v -11.0 11.875 -2.500001
v -9.0 11.875 -2.500001
v -9.0 12.875 -2.500001
v -11.0 12.875 -2.500001
v -11.0 11.875 -2.625001
v -9.0 11.875 -2.625001
v -9.0 12.875 -2.625001
v -11.0 12.875 -2.625001
v -11.0 11.875 -2.875001
v -9.0 11.875 -2.875001
v -9.0 12.875 -2.875001
v -11.0 12.875 -2.875001
v -10.0 12.875 -2.500001
v -9.0 12.875 -2.500001
v -9.0 13.875 -2.500001
v -10.0 13.875 -2.500001
v -10.0 12.875 -2.625001
v -9.0 12.875 -2.625001
v -9.0 13.875 -2.625001
v -10.0 13.875 -2.625001
v -10.0 12.875 -2.875001
v -9.0 12.875 -2.875001
v -9.0 13.875 -2.875001
v -10.0 13.875 -2.875001
v -9.0 -12.125 -3.500001
v -8.0 -12.125 -3.500001
v -8.0 -10.125 -3.500001
v -9.0 -10.125 -3.500001
v -9.0 -12.125 -3.625001
v -8.0 -12.125 -3.625001
v -8.0 -10.125 -3.625001
v -9.0 -10.125 -3.625001
v -9.0 -12.125 -3.875001
v -8.0 -12.125 -3.875001
v -8.0 -10.125 -3.875001
v -9.0 -10.125 -3.875001
v -9.0 1.875 -3.500001
v -8.0 1.875 -3.500001
v -8.0 3.875 -3.500001
v -9.0 3.875 -3.500001
v -9.0 1.875 -3.625001
v -8.0 1.875 -3.625001
v -8.0 3.875 -3.625001
v -9.0 3.875 -3.625001
v -9.0 1.875 -3.875001
v -8.0 1.875 -3.875001
v -8.0 3.875 -3.875001
v -9.0 3.875 -3.875001
v -8.0 -11.125 -3.500001
v -7.0 -11.125 -3.500001
v -7.0 -8.125 -3.500001
v -8.0 -8.125 -3.500001
v -8.0 -11.125 -3.625001
v -7.0 -11.125 -3.625001
v -7.0 -8.125 -3.625001
v -8.0 -8.125 -3.625001
v -8.0 -11.125 -3.875001
v -7.0 -11.125 -3.875001
v -7.0 -8.125 -3.875001
v -8.0 -8.125 -3.875001
v -8.0 -0.125 -3.500001
v -7.0 -0.125 -3.500001
v -7.0 2.875 -3.500001
v -8.0 2.875 -3.500001
v -8.0 -0.125 -3.625001
v -7.0 -0.125 -3.625001
v -7.0 2.875 -3.625001
v -8.0 2.875 -3.625001
v -8.0 -0.125 -3.875001
v -7.0 -0.125 -3.875001
v -7.0 2.875 -3.875001
v -8.0 2.875 -3.875001
v -6.608398 -2.5 -3.144531
v -6.318359 -3.339844 -3.144531
v -6.013672 -2.972656 -1.9863279
v -6.176758 -2.5 -1.9863269
v -5.6210938 -3.688477 -3.144531
v -6.40625 -3.445312 -3.936523
v -5.6210938 -3.837891 -3.936523
v -4.904297 -1.660156 -3.144531
v -4.904297 -1.554688 -3.936523
v -5.6210938 -1.1621089 -3.936523
v -5.6210938 -1.311523 -3.144531
v -6.40625 -1.554688 -3.936523
v -6.732422 -2.5 -3.936523
v -6.318359 -1.660156 -3.144531
v -5.6210938 -3.168945 -1.9863279
v -6.013672 -2.027344 -1.9863279
v -5.227539 -2.972656 -1.9863279
v -4.834961 -3.445312 -3.936523
v -4.545899 -2.5 -3.936523
v -5.262695 -2.071289 -2.7001948
v -5.6210938 -2.5 -1.460937
v -4.885136 -3.893795 -3.8125
v -5.689733 -2.5 -3.812499
v -5.689733 -4.109193 -3.812499
v -6.494329 -3.893795 -3.812498
v -7.0826902 -3.304596 -3.812498
v -7.298925 -2.5 -3.812498
v -7.0826902 -1.695404 -3.812498
v -6.494329 -1.106205 -3.812498
v -5.689733 -0.8908069 -3.812499
v -4.885136 -1.106205 -3.8125
v -4.295936 -1.695404 -3.8125
v -4.0805387 -2.5 -3.8125
v -4.295936 -3.304596 -3.8125
v -7.0 0.875 -3.500001
v -6.0 0.875 -3.500001
v -6.0 1.875 -3.500001
v -7.0 1.875 -3.500001
v -7.0 0.875 -3.625001
v -6.0 0.875 -3.625001
v -6.0 1.875 -3.625001
v -7.0 1.875 -3.625001
v -7.0 0.875 -3.875001
v -6.0 0.875 -3.875001
v -6.0 1.875 -3.875001
v -7.0 1.875 -3.875001
v -7.0 10.875 -3.500001
v -4.0 10.875 -3.500001
v -4.0 11.875 -3.500001
v -7.0 11.875 -3.500001
v -7.0 10.875 -3.625001
v -4.0 10.875 -3.625001
v -4.0 11.875 -3.625001
v -7.0 11.875 -3.625001
v -7.0 10.875 -3.875001
v -4.0 10.875 -3.875001
v -4.0 11.875 -3.875001
v -7.0 11.875 -3.875001
v -6.0 8.875 -3.500001
v -4.0 8.875 -3.500001
v -4.0 10.875 -3.500001
v -6.0 10.875 -3.500001
v -6.0 8.875 -3.625001
v -4.0 8.875 -3.625001
v -4.0 10.875 -3.625001
v -6.0 10.875 -3.625001
v -6.0 8.875 -3.875001
v -4.0 8.875 -3.875001
v -4.0 10.875 -3.875001
v -6.0 10.875 -3.875001
v -6.0 11.875 -3.500001
v -5.0 11.875 -3.500001
v -5.0 13.875 -3.500001
v -6.0 13.875 -3.500001
v -6.0 11.875 -3.625001
v -5.0 11.875 -3.625001
v -5.0 13.875 -3.625001
v -6.0 13.875 -3.625001
v -6.0 11.875 -3.875001
v -5.0 11.875 -3.875001
v -5.0 13.875 -3.875001
v -6.0 13.875 -3.875001
v -5.0 6.875 -3.500001
v -4.0 6.875 -3.500001
v -4.0 8.875 -3.500001
v -5.0 8.875 -3.500001
v -5.0 6.875 -3.625001
v -4.0 6.875 -3.625001
v -4.0 8.875 -3.625001
v -5.0 8.875 -3.625001
v -5.0 6.875 -3.875001
v -4.0 6.875 -3.875001
v -4.0 8.875 -3.875001
v -5.0 8.875 -3.875001
v -4.0 -10.125 -4.500001
v -3.0 -10.125 -4.500001
v -3.0 -6.125 -4.500001
v -4.0 -6.125 -4.500001
v -4.0 -10.125 -4.625001
v -3.0 -10.125 -4.625001
v -3.0 -6.125 -4.625001
v -4.0 -6.125 -4.625001
v -4.0 -10.125 -4.875001
v -3.0 -10.125 -4.875001
v -3.0 -6.125 -4.875001
v -4.0 -6.125 -4.875001
v -3.0 -8.125 -4.500001
v -2.0 -8.125 -4.500001
v -2.0 -6.125 -4.500001
v -3.0 -6.125 -4.500001
v -3.0 -8.125 -4.625001
v -2.0 -8.125 -4.625001
v -2.0 -6.125 -4.625001
v -3.0 -6.125 -4.625001
v -3.0 -8.125 -4.875001
v -2.0 -8.125 -4.875001
v -2.0 -6.125 -4.875001
v -3.0 -6.125 -4.875001
v -3.0 -2.125 -3.500001
v -1.0 -2.125 -3.500001
v -1.0 -1.125 -3.500001
v -3.0 -1.125 -3.500001
v -3.0 -2.125 -3.625001
v -1.0 -2.125 -3.625001
v -1.0 -1.125 -3.625001
v -3.0 -1.125 -3.625001
v -3.0 -2.125 -3.875001
v -1.0 -2.125 -3.875001
v -1.0 -1.125 -3.875001
v -3.0 -1.125 -3.875001
v -2.0 -7.125 -4.500001
v -1.0 -7.125 -4.500001
v -1.0 -6.125 -4.500001
v -2.0 -6.125 -4.500001
v -2.0 -7.125 -4.625001
v -1.0 -7.125 -4.625001
v -1.0 -6.125 -4.625001
v -2.0 -6.125 -4.625001
v -2.0 -7.125 -4.875001
v -1.0 -7.125 -4.875001
v -1.0 -6.125 -4.875001
v -2.0 -6.125 -4.875001
v -2.0 -3.125 -3.500001
v 0.0 -3.125 -3.500001
v 0.0 -2.125 -3.500001
v -2.0 -2.125 -3.500001
v -2.0 -3.125 -3.625001
v 0.0 -3.125 -3.625001
v 0.0 -2.125 -3.625001
v -2.0 -2.125 -3.625001
v -2.0 -3.125 -3.875001
v 0.0 -3.125 -3.875001
v 0.0 -2.125 -3.875001
v -2.0 -2.125 -3.875001
v -2.0 -1.125 -3.500001
v -1.0 -1.125 -3.500001
v -1.0 -0.125 -3.500001
v -2.0 -0.125 -3.500001
v -2.0 -1.125 -3.625001
v -1.0 -1.125 -3.625001
v -1.0 -0.125 -3.625001
v -2.0 -0.125 -3.625001
v -2.0 -1.125 -3.875001
v -1.0 -1.125 -3.875001
v -1.0 -0.125 -3.875001
v -2.0 -0.125 -3.875001
v -1.0 10.875 -1.500001
v 0.0 10.875 -1.500001
v 0.0 13.875 -1.500001
v -1.0 13.875 -1.500001
v -1.0 10.875 -1.625001
v 0.0 10.875 -1.625001
v 0.0 13.875 -1.625001
v -1.0 13.875 -1.625001
v -1.0 10.875 -1.875001
v 0.0 10.875 -1.875001
v 0.0 13.875 -1.875001
v -1.0 13.875 -1.875001
v 0.0 -0.125 -2.500001
v 1.0 -0.125 -2.500001
v 1.0 3.875 -2.500001
v 0.0 3.875 -2.500001
v 0.0 -0.125 -2.625001
v 1.0 -0.125 -2.625001
v 1.0 3.875 -2.625001
v 0.0 3.875 -2.625001
v 0.0 -0.125 -2.875001
v 1.0 -0.125 -2.875001
v 1.0 3.875 -2.875001
v 0.0 3.875 -2.875001
v 0.0 11.875 -1.500001
v 1.0 11.875 -1.500001
v 1.0 12.875 -1.500001
v 0.0 12.875 -1.500001
v 0.0 11.875 -1.625001
v 1.0 11.875 -1.625001
v 1.0 12.875 -1.625001
v 0.0 12.875 -1.625001
v 0.0 11.875 -1.875001
v 1.0 11.875 -1.875001
v 1.0 12.875 -1.875001
v 0.0 12.875 -1.875001
v 1.0 0.875 -2.500001
v 2.0 0.875 -2.500001
v 2.0 2.875 -2.500001
v 1.0 2.875 -2.500001
v 1.0 0.875 -2.625001
v 2.0 0.875 -2.625001
v 2.0 2.875 -2.625001
v 1.0 2.875 -2.625001
v 1.0 0.875 -2.875001
v 2.0 0.875 -2.875001
v 2.0 2.875 -2.875001
v 1.0 2.875 -2.875001
v 1.0 7.875 -1.500001
v 5.0 7.875 -1.500001
v 5.0 8.875 -1.500001
v 1.0 8.875 -1.500001
v 1.0 7.875 -1.625001
v 5.0 7.875 -1.625001
v 5.0 8.875 -1.625001
v 1.0 8.875 -1.625001
v 1.0 7.875 -1.875001
v 5.0 7.875 -1.875001
v 5.0 8.875 -1.875001
v 1.0 8.875 -1.875001
v 2.0 1.875 -2.500001
v 3.0 1.875 -2.500001
v 3.0 2.875 -2.500001
v 2.0 2.875 -2.500001
v 2.0 1.875 -2.625001
v 3.0 1.875 -2.625001
v 3.0 2.875 -2.625001
v 2.0 2.875 -2.625001
v 2.0 1.875 -2.875001
v 3.0 1.875 -2.875001
v 3.0 2.875 -2.875001
v 2.0 2.875 -2.875001
v 2.0 6.875 -1.500001
v 5.0 6.875 -1.500001
v 5.0 7.875 -1.500001
v 2.0 7.875 -1.500001
v 2.0 6.875 -1.625001
v 5.0 6.875 -1.625001
v 5.0 7.875 -1.625001
v 2.0 7.875 -1.625001
v 2.0 6.875 -1.875001
v 5.0 6.875 -1.875001
v 5.0 7.875 -1.875001
v 2.0 7.875 -1.875001
v 3.0 -13.125 -4.500001
v 5.0 -13.125 -4.500001
v 5.0 -12.125 -4.500001
v 3.0 -12.125 -4.500001
v 3.0 -13.125 -4.625001
v 5.0 -13.125 -4.625001
v 5.0 -12.125 -4.625001
v 3.0 -12.125 -4.625001
v 3.0 -13.125 -4.875001
v 5.0 -13.125 -4.875001
v 5.0 -12.125 -4.875001
v 3.0 -12.125 -4.875001
v 3.0 -10.125 -3.500001
v 6.0 -10.125 -3.500001
v 6.0 -9.125 -3.500001
v 3.0 -9.125 -3.500001
v 3.0 -10.125 -3.625001
v 6.0 -10.125 -3.625001
v 6.0 -9.125 -3.625001
v 3.0 -9.125 -3.625001
v 3.0 -10.125 -3.875001
v 6.0 -10.125 -3.875001
v 6.0 -9.125 -3.875001
v 3.0 -9.125 -3.875001
v 3.0 -9.125 -3.500001
v 5.0 -9.125 -3.500001
v 5.0 -8.125 -3.500001
v 3.0 -8.125 -3.500001
v 3.0 -9.125 -3.625001
v 5.0 -9.125 -3.625001
v 5.0 -8.125 -3.625001
v 3.0 -8.125 -3.625001
v 3.0 -9.125 -3.875001
v 5.0 -9.125 -3.875001
v 5.0 -8.125 -3.875001
v 3.0 -8.125 -3.875001
v 3.0 5.875 -1.500001
v 4.0 5.875 -1.500001
v 4.0 6.875 -1.500001
v 3.0 6.875 -1.500001
v 3.0 5.875 -1.625001
v 4.0 5.875 -1.625001
v 4.0 6.875 -1.625001
v 3.0 6.875 -1.625001
v 3.0 5.875 -1.875001
v 4.0 5.875 -1.875001
v 4.0 6.875 -1.875001
v 3.0 6.875 -1.875001
v 4.0 -14.125 -4.500001
v 8.0 -14.125 -4.500001
v 8.0 -13.125 -4.500001
v 4.0 -13.125 -4.500001
v 4.0 -14.125 -4.625001
v 8.0 -14.125 -4.625001
v 8.0 -13.125 -4.625001
v 4.0 -13.125 -4.625001
v 4.0 -14.125 -4.875001
v 8.0 -14.125 -4.875001
v 8.0 -13.125 -4.875001
v 4.0 -13.125 -4.875001
v 4.0 -12.125 -4.500001
v 5.0 -12.125 -4.500001
v 5.0 -11.125 -4.500001
v 4.0 -11.125 -4.500001
v 4.0 -12.125 -4.625001
v 5.0 -12.125 -4.625001
v 5.0 -11.125 -4.625001
v 4.0 -11.125 -4.625001
v 4.0 -12.125 -4.875001
v 5.0 -12.125 -4.875001
v 5.0 -11.125 -4.875001
v 4.0 -11.125 -4.875001
v 4.0 -8.125 -3.500001
v 5.0 -8.125 -3.500001
v 5.0 -7.125 -3.500001
v 4.0 -7.125 -3.500001
v 4.0 -8.125 -3.625001
v 5.0 -8.125 -3.625001
v 5.0 -7.125 -3.625001
v 4.0 -7.125 -3.625001
v 4.0 -8.125 -3.875001
v 5.0 -8.125 -3.875001
v 5.0 -7.125 -3.875001
v 4.0 -7.125 -3.875001
v 4.0 4.875 -1.500001
v 6.0 4.875 -1.500001
v 6.0 5.875 -1.500001
v 4.0 5.875 -1.500001
v 4.0 4.875 -1.625001
v 6.0 4.875 -1.625001
v 6.0 5.875 -1.625001
v 4.0 5.875 -1.625001
v 4.0 4.875 -1.875001
v 6.0 4.875 -1.875001
v 6.0 5.875 -1.875001
v 4.0 5.875 -1.875001
v 5.0 -15.125 -4.500001
v 6.0 -15.125 -4.500001
v 6.0 -14.125 -4.500001
v 5.0 -14.125 -4.500001
v 5.0 -15.125 -4.625001
v 6.0 -15.125 -4.625001
v 6.0 -14.125 -4.625001
v 5.0 -14.125 -4.625001
v 5.0 -15.125 -4.875001
v 6.0 -15.125 -4.875001
v 6.0 -14.125 -4.875001
v 5.0 -14.125 -4.875001
v 9.0 -12.125 -3.500001
v 13.0 -12.125 -3.500001
v 13.0 -11.125 -3.500001
v 9.0 -11.125 -3.500001
v 9.0 -12.125 -3.625001
v 13.0 -12.125 -3.625001
v 13.0 -11.125 -3.625001
v 9.0 -11.125 -3.625001
v 9.0 -12.125 -3.875001
v 13.0 -12.125 -3.875001
v 13.0 -11.125 -3.875001
v 9.0 -11.125 -3.875001
v 9.0 -8.125 -2.500001
v 10.0 -8.125 -2.500001
v 10.0 -6.125 -2.500001
v 9.0 -6.125 -2.500001
v 9.0 -8.125 -2.625001
v 10.0 -8.125 -2.625001
v 10.0 -6.125 -2.625001
v 9.0 -6.125 -2.625001
v 9.0 -8.125 -2.875001
v 10.0 -8.125 -2.875001
v 10.0 -6.125 -2.875001
v 9.0 -6.125 -2.875001
v 9.0 1.875 -1.500001
v 11.0 1.875 -1.500001
v 11.0 2.875 -1.500001
v 9.0 2.875 -1.500001
v 9.0 1.875 -1.625001
v 11.0 1.875 -1.625001
v 11.0 2.875 -1.625001
v 9.0 2.875 -1.625001
v 9.0 1.875 -1.875001
v 11.0 1.875 -1.875001
v 11.0 2.875 -1.875001
v 9.0 2.875 -1.875001
v 10.0 -11.125 -3.500001
v 12.0 -11.125 -3.500001
v 12.0 -10.125 -3.500001
v 10.0 -10.125 -3.500001
v 10.0 -11.125 -3.625001
v 12.0 -11.125 -3.625001
v 12.0 -10.125 -3.625001
v 10.0 -10.125 -3.625001
v 10.0 -11.125 -3.875001
v 12.0 -11.125 -3.875001
v 12.0 -10.125 -3.875001
v 10.0 -10.125 -3.875001
v 10.0 -7.125 -2.500001
v 11.0 -7.125 -2.500001
v 11.0 -4.125 -2.500001
v 10.0 -4.125 -2.500001
v 10.0 -7.125 -2.625001
v 11.0 -7.125 -2.625001
v 11.0 -4.125 -2.625001
v 10.0 -4.125 -2.625001
v 10.0 -7.125 -2.875001
v 11.0 -7.125 -2.875001
v 11.0 -4.125 -2.875001
v 10.0 -4.125 -2.875001
v 10.0 -0.125 -1.500001
v 11.0 -0.125 -1.500001
v 11.0 1.875 -1.500001
v 10.0 1.875 -1.500001
v 10.0 -0.125 -1.625001
v 11.0 -0.125 -1.625001
v 11.0 1.875 -1.625001
v 10.0 1.875 -1.625001
v 10.0 -0.125 -1.875001
v 11.0 -0.125 -1.875001
v 11.0 1.875 -1.875001
v 10.0 1.875 -1.875001
v 11.0 -13.125 -3.500001
v 14.0 -13.125 -3.500001
v 14.0 -12.125 -3.500001
v 11.0 -12.125 -3.500001
v 11.0 -13.125 -3.625001
v 14.0 -13.125 -3.625001
v 14.0 -12.125 -3.625001
v 11.0 -12.125 -3.625001
v 11.0 -13.125 -3.875001
v 14.0 -13.125 -3.875001
v 14.0 -12.125 -3.875001
v 11.0 -12.125 -3.875001
v 11.0 -7.125 -2.500001
v 12.0 -7.125 -2.500001
v 12.0 -6.125 -2.500001
v 11.0 -6.125 -2.500001
v 11.0 -7.125 -2.625001
v 12.0 -7.125 -2.625001
v 12.0 -6.125 -2.625001
v 11.0 -6.125 -2.625001
v 11.0 -7.125 -2.875001
v 12.0 -7.125 -2.875001
v 12.0 -6.125 -2.875001
v 11.0 -6.125 -2.875001
v 12.0 -5.125 -1.500001
v 14.0 -5.125 -1.500001
v 14.0 -3.125 -1.500001
v 12.0 -3.125 -1.500001
v 12.0 -5.125 -1.625001
v 14.0 -5.125 -1.625001
v 14.0 -3.125 -1.625001
v 12.0 -3.125 -1.625001
v 12.0 -5.125 -1.875001
v 14.0 -5.125 -1.875001
v 14.0 -3.125 -1.875001
v 12.0 -3.125 -1.875001
v 13.0 -3.125 -1.500001
v 14.0 -3.125 -1.500001
v 14.0 -2.125 -1.500001
v 13.0 -2.125 -1.500001
v 13.0 -3.125 -1.625001
v 14.0 -3.125 -1.625001
v 14.0 -2.125 -1.625001
v 13.0 -2.125 -1.625001
v 13.0 -3.125 -1.875001
v 14.0 -3.125 -1.875001
v 14.0 -2.125 -1.875001
v 13.0 -2.125 -1.875001
v 14.0 -4.125 -1.500001
v 15.0 -4.125 -1.500001
v 15.0 -3.125 -1.500001
v 14.0 -3.125 -1.500001
v 14.0 -4.125 -1.625001
v 15.0 -4.125 -1.625001
v 15.0 -3.125 -1.625001
v 14.0 -3.125 -1.625001
v 14.0 -4.125 -1.875001
v 15.0 -4.125 -1.875001
v 15.0 -3.125 -1.875001
v 14.0 -3.125 -1.875001
v -14.0 -8.0 -2.0
v -16.0 -8.0 -2.0
v -16.0 -16.0 -2.0
v -14.0 -16.0 -2.0
v -15.0 0.0 -2.0
v -16.0 0.0 -2.0
v -16.0 -8.0 -2.0
v -15.0 -8.0 -2.0
v -15.0 8.0 -2.0
v -16.0 8.0 -2.0
v -16.0 0.0 -2.0
v -15.0 0.0 -2.0
v -14.0 16.0 -2.0
v -16.0 16.0 -2.0
v -16.0 8.0 -2.0
v -14.0 8.0 -2.0
v -14.0 -3.0 -2.0
v -15.0 -3.0 -2.0
v -15.0 -8.0 -2.0
v -14.0 -8.0 -2.0
v -14.669922 -2.669921 -2.002929
v -14.669922 -1.999999 -2.002929
v -15.0 -1.999999 -2.0
v -15.0 -2.999999 -2.0
v -14.0 -2.669921 -2.002929
v -14.669922 -2.669921 -2.002929
v -15.0 -2.999999 -2.0
v -14.0 -2.999999 -2.0
v -14.0 -2.669921 -2.002929
v -14.0 -2.210937 -2.901367
v -14.669922 -2.669921 -2.002929
v -14.105469 -2.105468 -2.901367
v -14.2109375 -1.999999 -2.901367
v -14.2109375 -1.999999 -2.901367
v -14.105469 -2.105468 -2.901367
v -14.0 -1.999999 -3.0
v -14.0 -2.210937 -2.901367
v -14.669922 -1.999999 -2.002929
v -14.669922 -2.669921 -2.002929
v -14.2109375 -1.999999 -2.901367
v -14.2109375 2.0 -2.901367
v -14.669921 2.0 -2.002929
v -14.669921 -2.0 -2.002929
v -14.2109375 -2.0 -2.901367
v -14.999999 2.0 -2.0
v -14.999999 -2.0 -2.0
v -14.2109375 2.0 -2.901367
v -14.2109375 -2.0 -2.901367
v -13.999999 -2.0 -3.0
v -13.999999 2.0 -3.0
v -14.669921 2.6699219 -2.002929
v -13.999999 2.6699219 -2.002929
v -13.999999 3.0 -2.0
v -14.999999 3.0 -2.0
v -14.669921 2.0 -2.002929
v -14.669921 2.6699219 -2.002929
v -14.999999 3.0 -2.0
v -14.999999 2.0 -2.0
v -14.669921 2.0 -2.002929
v -14.2109375 2.0 -2.901367
v -14.669921 2.6699219 -2.002929
v -14.105468 2.105469 -2.901367
v -13.999999 2.210938 -2.901367
v -13.999999 2.210938 -2.901367
v -14.105468 2.105469 -2.901367
v -13.999999 2.0 -3.0
v -14.2109375 2.0 -2.901367
v -13.999999 2.6699219 -2.002929
v -14.669921 2.6699219 -2.002929
v -13.999999 2.210938 -2.901367
v -14.0 8.0 -2.0
v -15.0 8.0 -2.0
v -15.0 3.0 -2.0
v -14.0 3.0 -2.0
v -13.2109375 -8.0 -2.901367
v -13.669921 -8.0 -2.002929
v -13.669921 -16.0 -2.002929
v -13.2109375 -16.0 -2.901367
v -13.999999 -8.0 -2.0
v -13.999999 -16.0 -2.0
v -13.2109375 -8.0 -2.901367
v -13.2109375 -16.0 -2.901367
v -12.999999 -16.0 -3.0
v -12.999999 -8.0 -3.0
v -13.2109375 -3.0 -2.901367
v -13.669921 -3.0 -2.002929
v -13.669921 -8.0 -2.002929
v -13.2109375 -8.0 -2.901367
v -13.999999 -3.0 -2.0
v -13.999999 -8.0 -2.0
v -13.2109375 -3.0 -2.901367
v -13.2109375 -8.0 -2.901367
v -12.999999 -8.0 -3.0
v -12.999999 -3.0 -3.0
v -13.0 -2.999999 -3.0
v -13.0 -1.999999 -3.0
v -13.0625 -2.374999 -3.0
v -13.3125 -2.062499 -3.0
v -14.0 -1.999999 -3.0
v -13.3125 -2.062499 -3.0
v -14.0 -1.999999 -3.0
v -14.0 -2.210937 -2.901367
v -13.5 -2.249999 -2.901367
v -13.0 -2.999999 -3.0
v -13.0625 -2.374999 -3.0
v -13.25 -2.562499 -2.901367
v -13.2109375 -2.999999 -2.901367
v -13.2109375 -2.999999 -2.901367
v -13.25 -2.562499 -2.901367
v -13.669922 -2.999999 -2.002929
v -13.5 -2.249999 -2.901367
v -14.0 -2.669921 -2.002929
v -14.0 -2.210937 -2.901367
v -14.0 -2.669921 -2.002929
v -14.0 -2.999999 -2.0
v -13.669922 -2.999999 -2.002929
v -9.0 1.0 -3.0
v -14.0 1.0 -3.0
v -14.0 -2.0 -3.0
v -9.0 -2.0 -3.0
v -10.0 2.0 -3.0
v -14.0 2.0 -3.0
v -14.0 1.0 -3.0
v -10.0 1.0 -3.0
v -13.999999 2.0 -3.0
v -12.999999 2.0 -3.0
v -13.374999 2.0625 -3.0
v -13.062499 2.3125 -3.0
v -12.999999 3.0 -3.0
v -13.062499 2.3125 -3.0
v -12.999999 3.0 -3.0
v -13.2109375 3.0 -2.901367
v -13.249999 2.5 -2.901367
v -13.999999 2.0 -3.0
v -13.374999 2.0625 -3.0
v -13.562499 2.25 -2.901367
v -13.999999 2.210938 -2.901367
v -13.999999 2.210938 -2.901367
v -13.562499 2.25 -2.901367
v -13.999999 2.6699219 -2.002929
v -13.249999 2.5 -2.901367
v -13.669921 3.0 -2.002929
v -13.2109375 3.0 -2.901367
v -13.669921 3.0 -2.002929
v -13.999999 3.0 -2.0
v -13.999999 2.6699219 -2.002929
v -13.2109375 11.0 -2.901367
v -13.669921 11.0 -2.002929
v -13.669921 3.0 -2.002929
v -13.2109375 3.0 -2.901367
v -13.999999 11.0 -2.0
v -13.999999 3.0 -2.0
v -13.2109375 11.0 -2.901367
v -13.2109375 3.0 -2.901367
v -12.999999 3.0 -3.0
v -12.999999 11.0 -3.0
v -13.2109375 16.0 -2.901367
v -13.669921 16.0 -2.002929
v -13.669921 11.0 -2.002929
v -13.2109375 11.0 -2.901367
v -13.999999 16.0 -2.0
v -13.999999 11.0 -2.0
v -13.2109375 16.0 -2.901367
v -13.2109375 11.0 -2.901367
v -12.999999 11.0 -3.0
v -12.999999 16.0 -3.0
v -10.0 -8.0 -3.0
v -13.0 -8.0 -3.0
v -13.0 -16.0 -3.0
v -10.0 -16.0 -3.0
v -9.0 -2.0 -3.0
v -13.0 -2.0 -3.0
v -13.0 -8.0 -3.0
v -9.0 -8.0 -3.0
v -10.0 10.0 -3.0
v -13.0 10.0 -3.0
v -13.0 2.0 -3.0
v -10.0 2.0 -3.0
v -9.0 16.0 -3.0
v -13.0 16.0 -3.0
v -13.0 10.0 -3.0
v -9.0 10.0 -3.0
v -9.2109375 -10.0 -3.901367
v -9.669921 -10.0 -3.002929
v -9.669921 -16.0 -3.002929
v -9.2109375 -16.0 -3.901367
v -9.999999 -10.0 -3.0
v -9.999999 -16.0 -3.0
v -9.2109375 -10.0 -3.901367
v -9.2109375 -16.0 -3.901367
v -8.999999 -16.0 -4.0
v -8.999999 -10.0 -4.0
v -9.669921 -9.330078 -3.002929
v -8.999999 -9.330078 -3.002929
v -8.999999 -9.0 -3.0
v -9.999999 -9.0 -3.0
v -9.669921 -10.0 -3.002929
v -9.669921 -9.330078 -3.002929
v -9.999999 -9.0 -3.0
v -9.999999 -10.0 -3.0
v -9.669921 -10.0 -3.002929
v -9.2109375 -10.0 -3.901367
v -9.669921 -9.330078 -3.002929
v -9.105468 -9.894531 -3.901367
v -8.999999 -9.789062 -3.901367
v -8.999999 -9.789062 -3.901367
v -9.105468 -9.894531 -3.901367
v -8.999999 -10.0 -4.0
v -9.2109375 -10.0 -3.901367
v -8.999999 -9.330078 -3.002929
v -9.669921 -9.330078 -3.002929
v -8.999999 -9.789062 -3.901367
v -9.0 -8.0 -3.0
v -10.0 -8.0 -3.0
v -10.0 -9.0 -3.0
v -9.0 -9.0 -3.0
v -9.669922 1.330079 -3.002929
v -9.669922 2.000001 -3.002929
v -10.0 2.000001 -3.0
v -10.0 1.000001 -3.0
v -9.0 1.330079 -3.002929
v -9.669922 1.330079 -3.002929
v -10.0 1.000001 -3.0
v -9.0 1.000001 -3.0
v -9.0 1.330079 -3.002929
v -9.0 1.789063 -3.901367
v -9.669922 1.330079 -3.002929
v -9.105469 1.894532 -3.901367
v -9.2109375 2.000001 -3.901367
v -9.2109375 2.000001 -3.901367
v -9.105469 1.894532 -3.901367
v -9.0 2.000001 -4.0
v -9.0 1.789063 -3.901367
v -9.669922 2.000001 -3.002929
v -9.669922 1.330079 -3.002929
v -9.2109375 2.000001 -3.901367
v -9.2109375 9.0 -3.901367
v -9.669921 9.0 -3.002929
v -9.669921 2.0 -3.002929
v -9.2109375 2.0 -3.901367
v -9.999999 9.0 -3.0
v -9.999999 2.0 -3.0
v -9.2109375 9.0 -3.901367
v -9.2109375 2.0 -3.901367
v -8.999999 2.0 -4.0
v -8.999999 9.0 -4.0
v -9.669921 9.669922 -3.002929
v -8.999999 9.669922 -3.002929
v -8.999999 10.0 -3.0
v -9.999999 10.0 -3.0
v -9.669921 9.0 -3.002929
v -9.669921 9.669922 -3.002929
v -9.999999 10.0 -3.0
v -9.999999 9.0 -3.0
v -9.669921 9.0 -3.002929
v -9.2109375 9.0 -3.901367
v -9.669921 9.669922 -3.002929
v -9.105468 9.105469 -3.901367
v -8.999999 9.210938 -3.901367
v -8.999999 9.210938 -3.901367
v -9.105468 9.105469 -3.901367
v -8.999999 9.0 -4.0
v -9.2109375 9.0 -3.901367
v -8.999999 9.669922 -3.002929
v -9.669921 9.669922 -3.002929
v -8.999999 9.210938 -3.901367
v -5.0 -10.0 -3.999999
v -9.0 -10.0 -3.999999
v -5.0 -16.0 -3.999999
v -9.0 -16.0 -3.999999
v -8.999999 -10.0 -4.0
v -7.999999 -10.0 -4.0
v -8.374999 -9.9375 -4.0
v -8.062499 -9.6875 -4.0
v -7.999999 -9.0 -4.0
v -8.062499 -9.6875 -4.0
v -7.999999 -9.0 -4.0
v -8.2109375 -9.0 -3.901367
v -8.249999 -9.5 -3.901367
v -8.999999 -10.0 -4.0
v -8.374999 -9.9375 -4.0
v -8.562499 -9.75 -3.901367
v -8.999999 -9.7890625 -3.901367
v -8.999999 -9.7890625 -3.901367
v -8.562499 -9.75 -3.901367
v -8.999999 -9.330078 -3.002929
v -8.249999 -9.5 -3.901367
v -8.669921 -9.0 -3.002929
v -8.2109375 -9.0 -3.901367
v -8.669921 -9.0 -3.002929
v -8.999999 -9.0 -3.0
v -8.999999 -9.330078 -3.002929
v -8.2109375 -1.0 -3.901367
v -8.669921 -1.0 -3.002929
v -8.669921 -9.0 -3.002929
v -8.2109375 -9.0 -3.901367
v -8.999999 -1.0 -3.0
v -8.999999 -9.0 -3.0
v -8.2109375 -1.0 -3.901367
v -8.2109375 -9.0 -3.901367
v -7.999999 -9.0 -4.0
v -7.999999 -1.0 -4.0
v -8.2109375 1.0 -3.901367
v -8.669921 1.0 -3.002929
v -8.669921 -1.0 -3.002929
v -8.2109375 -1.0 -3.901367
v -8.999999 1.0 -3.0
v -8.999999 -1.0 -3.0
v -8.2109375 1.0 -3.901367
v -8.2109375 -1.0 -3.901367
v -7.999999 -1.0 -4.0
v -7.999999 1.0 -4.0
v -8.0 1.000001 -4.0
v -8.0 2.000001 -4.0
v -8.0625 1.625001 -4.0
v -8.3125 1.937501 -4.0
v -9.0 2.000001 -4.0
v -8.3125 1.937501 -4.0
v -9.0 2.000001 -4.0
v -9.0 1.789063 -3.901367
v -8.5 1.750001 -3.901367
v -8.0 1.000001 -4.0
v -8.0625 1.625001 -4.0
v -8.25 1.437501 -3.901367
v -8.2109375 1.000001 -3.901367
v -8.2109375 1.000001 -3.901367
v -8.25 1.437501 -3.901367
v -8.669922 1.000001 -3.002929
v -8.5 1.750001 -3.901367
v -9.0 1.3300791 -3.002929
v -9.0 1.789063 -3.901367
v -9.0 1.3300791 -3.002929
v -9.0 1.000001 -3.0
v -8.669922 1.000001 -3.002929
v -1.0 4.0 -3.999999
v -9.0 4.0 -3.999999
v -1.0 2.0 -3.999999
v -9.0 2.0 -3.999999
v -4.0 9.0 -3.999999
v -9.0 9.0 -3.999999
v -4.0 4.0 -3.999999
v -9.0 4.0 -3.999999
v -8.999999 9.0 -4.0
v -7.999999 9.0 -4.0
v -8.374999 9.0625 -4.0
v -8.062499 9.3125 -4.0
v -7.999999 10.0 -4.0
v -8.062499 9.3125 -4.0
v -7.999999 10.0 -4.0
v -8.2109375 10.0 -3.901367
v -8.249999 9.5 -3.901367
v -8.999999 9.0 -4.0
v -8.374999 9.0625 -4.0
v -8.562499 9.25 -3.901367
v -8.999999 9.2109375 -3.901367
v -8.999999 9.2109375 -3.901367
v -8.562499 9.25 -3.901367
v -8.999999 9.669922 -3.002929
v -8.249999 9.5 -3.901367
v -8.669921 10.0 -3.002929
v -8.2109375 10.0 -3.901367
v -8.669921 10.0 -3.002929
v -8.999999 10.0 -3.0
v -8.999999 9.669922 -3.002929
v -8.2109375 16.0 -3.901367
v -8.669921 16.0 -3.002929
v -8.669921 10.0 -3.002929
v -8.2109375 10.0 -3.901367
v -8.999999 16.0 -3.0
v -8.999999 10.0 -3.0
v -8.2109375 16.0 -3.901367
v -8.2109375 10.0 -3.901367
v -7.999999 10.0 -4.0
v -7.999999 16.0 -4.0
v -5.0 -2.0 -3.999999
v -8.0 -2.0 -3.999999
v -5.0 -10.0 -3.999999
v -8.0 -10.0 -3.999999
v -1.0 2.0 -3.999999
v -8.0 2.0 -3.999999
v -1.0 -2.0 -3.999999
v -8.0 -2.0 -3.999999
v -5.0 16.0 -3.999999
v -8.0 16.0 -3.999999
v -5.0 9.0 -3.999999
v -8.0 9.0 -3.999999
v -4.0 -13.0 -3.999999
v -5.0 -13.0 -3.999999
v -4.0 -16.0 -3.999999
v -5.0 -16.0 -3.999999
v -4.669922 -12.669921 -4.0029287
v -4.669922 -11.999999 -4.0029287
v -5.0 -11.999999 -4.0
v -5.0 -12.999999 -4.0
v -4.0 -12.669921 -4.0029287
v -4.669922 -12.669921 -4.0029287
v -5.0 -12.999999 -4.0
v -4.0 -12.999999 -4.0
v -4.0 -12.669921 -4.0029287
v -4.0 -12.2109375 -4.901367
v -4.669922 -12.669921 -4.0029287
v -4.1054688 -12.105468 -4.901367
v -4.210938 -11.999999 -4.901367
v -4.210938 -11.999999 -4.901367
v -4.1054688 -12.105468 -4.901367
v -4.0 -11.999999 -5.0
v -4.0 -12.2109375 -4.901367
v -4.669922 -11.999999 -4.0029287
v -4.669922 -12.669921 -4.0029287
v -4.210938 -11.999999 -4.901367
v -4.210937 -6.0 -4.901367
v -4.669921 -6.0 -4.0029287
v -4.669921 -12.0 -4.0029287
v -4.210937 -12.0 -4.901367
v -4.999999 -6.0 -4.0
v -4.999999 -12.0 -4.0
v -4.210937 -6.0 -4.901367
v -4.210937 -12.0 -4.901367
v -3.999999 -12.0 -5.0
v -3.999999 -6.0 -5.0
v -4.669921 -5.330078 -4.0029287
v -3.999999 -5.330078 -4.0029287
v -3.999999 -5.0 -4.0
v -4.999999 -5.0 -4.0
v -4.669921 -6.0 -4.0029287
v -4.669921 -5.330078 -4.0029287
v -4.999999 -5.0 -4.0
v -4.999999 -6.0 -4.0
v -4.669921 -6.0 -4.0029287
v -4.210937 -6.0 -4.901367
v -4.669921 -5.330078 -4.0029287
v -4.105468 -5.8945312 -4.901367
v -3.999999 -5.789062 -4.901367
v -3.999999 -5.789062 -4.901367
v -4.105468 -5.8945312 -4.901367
v -3.999999 -6.0 -5.0
v -4.210937 -6.0 -4.901367
v -3.999999 -5.330078 -4.0029287
v -4.669921 -5.330078 -4.0029287
v -3.999999 -5.789062 -4.901367
v 3.0 -2.0 -3.999999
v -5.0 -2.0 -3.999999
v 3.0 -5.0 -3.999999
v -5.0 -5.0 -3.999999
v -4.0 12.0 -3.999999
v -5.0 12.0 -3.999999
v -4.0 9.0 -3.999999
v -5.0 9.0 -3.999999
v -5.0 12.999999 -4.0
v -5.0 11.999999 -4.0
v -4.9375 12.374999 -4.0
v -4.6875 12.062499 -4.0
v -4.0 11.999999 -4.0
v -4.6875 12.062499 -4.0
v -4.0 11.999999 -4.0
v -4.0 12.210937 -3.901367
v -4.5 12.249999 -3.901367
v -5.0 12.999999 -4.0
v -4.9375 12.374999 -4.0
v -4.75 12.562499 -3.901367
v -4.789062 12.999999 -3.901367
v -4.789062 12.999999 -3.901367
v -4.75 12.562499 -3.901367
v -4.330078 12.999999 -3.002929
v -4.5 12.249999 -3.901367
v -4.0 12.669921 -3.002929
v -4.0 12.210937 -3.901367
v -4.0 12.669921 -3.002929
v -4.0 12.999999 -3.0
v -4.330078 12.999999 -3.002929
v -4.789063 13.0 -3.901367
v -4.330079 13.0 -3.002929
v -4.330079 16.0 -3.002929
v -4.789063 16.0 -3.901367
v -4.000001 13.0 -3.0
v -4.000001 16.0 -3.0
v -4.789063 13.0 -3.901367
v -4.789063 16.0 -3.901367
v -5.000001 16.0 -4.0
v -5.000001 13.0 -4.0
v -3.210937 -13.0 -4.901367
v -3.669921 -13.0 -4.0029287
v -3.669921 -16.0 -4.0029287
v -3.210937 -16.0 -4.901367
v -3.999999 -13.0 -4.0
v -3.999999 -16.0 -4.0
v -3.210937 -13.0 -4.901367
v -3.210937 -16.0 -4.901367
v -2.999999 -16.0 -5.0
v -2.999999 -13.0 -5.0
v -3.0 -12.999999 -5.0
v -3.0 -11.999999 -5.0
v -3.0625 -12.374999 -5.0
v -3.3125 -12.062499 -5.0
v -4.0 -11.999999 -5.0
v -3.3125 -12.062499 -5.0
v -4.0 -11.999999 -5.0
v -4.0 -12.2109375 -4.901367
v -3.5 -12.249999 -4.901367
v -3.0 -12.999999 -5.0
v -3.0625 -12.374999 -5.0
v -3.25 -12.562499 -4.901367
v -3.210938 -12.999999 -4.901367
v -3.210938 -12.999999 -4.901367
v -3.25 -12.562499 -4.901367
v -3.6699219 -12.999999 -4.0029287
v -3.5 -12.249999 -4.901367
v -4.0 -12.669921 -4.0029287
v -4.0 -12.2109375 -4.901367
v -4.0 -12.669921 -4.0029287
v -4.0 -12.999999 -4.0
v -3.6699219 -12.999999 -4.0029287
v 4.0 -11.0 -4.999999
v -4.0 -11.0 -4.999999
v 4.0 -12.0 -4.999999
v -4.0 -12.0 -4.999999
v 2.0 -7.0 -4.999999
v -4.0 -7.0 -4.999999
v 2.0 -11.0 -4.999999
v -4.0 -11.0 -4.999999
v 0.0 -6.0 -4.999999
v -4.0 -6.0 -4.999999
v 0.0 -7.0 -4.999999
v -4.0 -7.0 -4.999999
v 0.0 -5.789063 -4.901367
v 0.0 -5.330079 -4.0029287
v -4.0 -5.330079 -4.0029287
v -4.0 -5.789063 -4.901367
v 0.0 -5.000001 -4.0
v -4.0 -5.000001 -4.0
v 0.0 -5.789063 -4.901367
v -4.0 -5.789063 -4.901367
v -4.0 -6.000001 -5.0
v 0.0 -6.000001 -5.0
v -4.0 4.999999 -4.0
v -4.0 3.999999 -4.0
v -3.9375 4.374999 -4.0
v -3.6875 4.062499 -4.0
v -3.0 3.999999 -4.0
v -3.6875 4.062499 -4.0
v -3.0 3.999999 -4.0
v -3.0 4.210937 -3.901367
v -3.5 4.249999 -3.901367
v -4.0 4.999999 -4.0
v -3.9375 4.374999 -4.0
v -3.75 4.562499 -3.901367
v -3.789062 4.999999 -3.901367
v -3.789062 4.999999 -3.901367
v -3.75 4.562499 -3.901367
v -3.3300781 4.999999 -3.002929
v -3.5 4.249999 -3.901367
v -3.0 4.669921 -3.002929
v -3.0 4.210937 -3.901367
v -3.0 4.669921 -3.002929
v -3.0 4.999999 -3.0
v -3.3300781 4.999999 -3.002929
v -3.789063 5.0 -3.901367
v -3.330079 5.0 -3.002929
v -3.330079 12.0 -3.002929
v -3.789063 12.0 -3.901367
v -3.000001 5.0 -3.0
v -3.000001 12.0 -3.0
v -3.789063 5.0 -3.901367
v -3.789063 12.0 -3.901367
v -4.000001 12.0 -4.0
v -4.000001 5.0 -4.0
v -3.3300781 12.669921 -3.002929
v -3.3300781 11.999999 -3.002929
v -3.0 11.999999 -3.0
v -3.0 12.999999 -3.0
v -4.0 12.669921 -3.002929
v -3.3300781 12.669921 -3.002929
v -3.0 12.999999 -3.0
v -4.0 12.999999 -3.0
v -4.0 12.669921 -3.002929
v -4.0 12.2109375 -3.901367
v -3.3300781 12.669921 -3.002929
v -3.894531 12.105468 -3.901367
v -3.789062 11.999999 -3.901367
v -3.789062 11.999999 -3.901367
v -3.894531 12.105468 -3.901367
v -4.0 11.999999 -4.0
v -4.0 12.2109375 -3.901367
v -3.3300781 11.999999 -3.002929
v -3.3300781 12.669921 -3.002929
v -3.789062 11.999999 -3.901367
v -2.0 16.0 -2.999999
v -4.0 16.0 -2.999999
v -2.0 13.0 -2.999999
v -4.0 13.0 -2.999999
v 5.0 -12.0 -4.999999
v -3.0 -12.0 -4.999999
v 5.0 -16.0 -4.999999
v -3.0 -16.0 -4.999999
v -1.0 4.210937 -3.901367
v -1.0 4.669921 -3.002929
v -3.0 4.669921 -3.002929
v -3.0 4.210937 -3.901367
v -1.0 4.999999 -3.0
v -3.0 4.999999 -3.0
v -1.0 4.210937 -3.901367
v -3.0 4.210937 -3.901367
v -3.0 3.999999 -4.0
v -1.0 3.999999 -4.0
v -2.0 13.0 -2.999999
v -3.0 13.0 -2.999999
v -2.0 5.0 -2.999999
v -3.0 5.0 -2.999999
v 1.0 6.0 -2.999999
v -2.0 6.0 -2.999999
v 1.0 5.0 -2.999999
v -2.0 5.0 -2.999999
v -2.0 6.999999 -3.0
v -2.0 5.999999 -3.0
v -1.9375 6.374999 -3.0
v -1.6875 6.062499 -3.0
v -1.0 5.999999 -3.0
v -1.6875 6.062499 -3.0
v -1.0 5.999999 -3.0
v -1.0 6.210937 -2.901367
v -1.5 6.249999 -2.901367
v -2.0 6.999999 -3.0
v -1.9375 6.374999 -3.0
v -1.75 6.562499 -2.901367
v -1.789062 6.999999 -2.901367
v -1.789062 6.999999 -2.901367
v -1.75 6.562499 -2.901367
v -1.330078 6.999999 -2.002929
v -1.5 6.249999 -2.901367
v -1.0 6.669921 -2.002929
v -1.0 6.210937 -2.901367
v -1.0 6.669921 -2.002929
v -1.0 6.999999 -2.0
v -1.330078 6.999999 -2.002929
v -1.789063 7.0 -2.901367
v -1.3300791 7.0 -2.002929
v -1.3300791 15.0 -2.002929
v -1.789063 15.0 -2.901367
v -1.000001 7.0 -2.0
v -1.000001 15.0 -2.0
v -1.789063 7.0 -2.901367
v -1.789063 15.0 -2.901367
v -2.000001 15.0 -3.0
v -2.000001 7.0 -3.0
v -1.789063 15.0 -2.901367
v -1.3300791 15.0 -2.002929
v -1.3300791 16.0 -2.002929
v -1.789063 16.0 -2.901367
v -1.000001 15.0 -2.0
v -1.000001 16.0 -2.0
v -1.789063 15.0 -2.901367
v -1.789063 16.0 -2.901367
v -2.000001 16.0 -3.0
v -2.000001 15.0 -3.0
v -1.0 -1.000001 -4.0
v -1.0 -2.000001 -4.0
v -0.9375 -1.625001 -4.0
v -0.6875 -1.937501 -4.0
v 0.0 -2.000001 -4.0
v -0.6875 -1.937501 -4.0
v 0.0 -2.000001 -4.0
v 0.0 -1.789063 -3.901367
v -0.5 -1.750001 -3.901367
v -1.0 -1.000001 -4.0
v -0.9375 -1.625001 -4.0
v -0.75 -1.437501 -3.901367
v -0.789062 -1.000001 -3.901367
v -0.789062 -1.000001 -3.901367
v -0.75 -1.437501 -3.901367
v -0.330078 -1.000001 -3.002929
v -0.5 -1.750001 -3.901367
v 0.0 -1.3300791 -3.002929
v 0.0 -1.789063 -3.901367
v 0.0 -1.3300791 -3.002929
v 0.0 -1.000001 -3.0
v -0.330078 -1.000001 -3.002929
v -0.789063 -1.0 -3.901367
v -0.33007902 -1.0 -3.002929
v -0.33007902 4.0 -3.002929
v -0.789063 4.0 -3.901367
v -1.013279E-6 -1.0 -3.0
v -1.013279E-6 4.0 -3.0
v -0.789063 -1.0 -3.901367
v -0.789063 4.0 -3.901367
v -1.000001 4.0 -4.0
v -1.000001 -1.0 -4.0
v -0.330078 4.669921 -3.002929
v -0.330078 3.999999 -3.002929
v 0.0 3.999999 -3.0
v 0.0 4.999999 -3.0
v -1.0 4.669921 -3.002929
v -0.330078 4.669921 -3.002929
v 0.0 4.999999 -3.0
v -1.0 4.999999 -3.0
v -1.0 4.669921 -3.002929
v -1.0 4.210937 -3.901367
v -0.330078 4.669921 -3.002929
v -0.894531 4.105468 -3.901367
v -0.789062 3.999999 -3.901367
v -0.789062 3.999999 -3.901367
v -0.894531 4.105468 -3.901367
v -1.0 3.999999 -4.0
v -1.0 4.210937 -3.901367
v -0.330078 3.999999 -3.002929
v -0.330078 4.669921 -3.002929
v -0.789062 3.999999 -3.901367
v 1.0 6.210937 -2.901367
v 1.0 6.669921 -2.002929
v -1.0 6.669921 -2.002929
v -1.0 6.210937 -2.901367
v 1.0 6.999999 -2.0
v -1.0 6.999999 -2.0
v 1.0 6.210937 -2.901367
v -1.0 6.210937 -2.901367
v -1.0 5.999999 -3.0
v 1.0 5.999999 -3.0
v 1.0 15.0 -2.0
v -1.0 15.0 -2.0
v -1.0 7.0 -2.0
v 1.0 7.0 -2.0
v 1.0 16.0 -2.0
v -1.0 16.0 -2.0
v -1.0 15.0 -2.0
v 1.0 15.0 -2.0
v 0.0 -6.000001 -5.0
v 0.0 -7.000001 -5.0
v 0.0625 -6.625001 -5.0
v 0.3125 -6.937501 -5.0
v 1.0 -7.000001 -5.0
v 0.3125 -6.937501 -5.0
v 1.0 -7.000001 -5.0
v 1.0 -6.789063 -4.901367
v 0.5 -6.750001 -4.901367
v 0.0 -6.000001 -5.0
v 0.0625 -6.625001 -5.0
v 0.25 -6.437501 -4.901367
v 0.21093798 -6.000001 -4.901367
v 0.21093798 -6.000001 -4.901367
v 0.25 -6.437501 -4.901367
v 0.669922 -6.000001 -4.0029287
v 0.5 -6.750001 -4.901367
v 1.0 -6.330079 -4.0029287
v 1.0 -6.789063 -4.901367
v 1.0 -6.330079 -4.0029287
v 1.0 -6.000001 -4.0
v 0.669922 -6.000001 -4.0029287
v 0.669922 -5.330079 -4.0029287
v 0.669922 -6.000001 -4.0029287
v 1.0 -6.000001 -4.0
v 1.0 -5.000001 -4.0
v 0.0 -5.330079 -4.0029287
v 0.669922 -5.330079 -4.0029287
v 1.0 -5.000001 -4.0
v 0.0 -5.000001 -4.0
v 0.0 -5.330079 -4.0029287
v 0.0 -5.789063 -4.901367
v 0.669922 -5.330079 -4.0029287
v 0.10546899 -5.894532 -4.901367
v 0.21093798 -6.000001 -4.901367
v 0.21093798 -6.000001 -4.901367
v 0.10546899 -5.894532 -4.901367
v 0.0 -6.000001 -5.0
v 0.0 -5.789063 -4.901367
v 0.669922 -6.000001 -4.0029287
v 0.669922 -5.330079 -4.0029287
v 0.21093798 -6.000001 -4.901367
v 6.0 -1.789063 -3.901367
v 6.0 -1.3300791 -3.002929
v 0.0 -1.3300791 -3.002929
v 0.0 -1.789063 -3.901367
v 6.0 -1.000001 -3.0
v 0.0 -1.000001 -3.0
v 6.0 -1.789063 -3.901367
v 0.0 -1.789063 -3.901367
v 0.0 -2.000001 -4.0
v 6.0 -2.000001 -4.0
v 8.0 1.0 -2.999999
v 0.0 1.0 -2.999999
v 8.0 -1.0 -2.999999
v 0.0 -1.0 -2.999999
v 1.0 5.0 -2.999999
v 0.0 5.0 -2.999999
v 1.0 1.0 -2.999999
v 0.0 1.0 -2.999999
v 2.0 -6.789063 -4.901367
v 2.0 -6.330079 -4.0029287
v 1.0 -6.330079 -4.0029287
v 1.0 -6.789063 -4.901367
v 2.0 -6.000001 -4.0
v 1.0 -6.000001 -4.0
v 2.0 -6.789063 -4.901367
v 1.0 -6.789063 -4.901367
v 1.0 -7.000001 -5.0
v 2.0 -7.000001 -5.0
v 6.0 -5.0 -3.999999
v 1.0 -5.0 -3.999999
v 6.0 -6.0 -3.999999
v 1.0 -6.0 -3.999999
v 3.0 3.0 -2.999999
v 1.0 3.0 -2.999999
v 3.0 1.0 -2.999999
v 1.0 1.0 -2.999999
v 1.0 3.999999 -3.0
v 1.0 2.999999 -3.0
v 1.0625 3.374999 -3.0
v 1.3125 3.062499 -3.0
v 2.0 2.999999 -3.0
v 1.3125 3.062499 -3.0
v 2.0 2.999999 -3.0
v 2.0 3.210937 -2.901367
v 1.5 3.249999 -2.901367
v 1.0 3.999999 -3.0
v 1.0625 3.374999 -3.0
v 1.25 3.562499 -2.901367
v 1.210938 3.999999 -2.901367
v 1.210938 3.999999 -2.901367
v 1.25 3.562499 -2.901367
v 1.669922 3.999999 -2.002929
v 1.5 3.249999 -2.901367
v 2.0 3.669921 -2.002929
v 2.0 3.210937 -2.901367
v 2.0 3.669921 -2.002929
v 2.0 3.999999 -2.0
v 1.669922 3.999999 -2.002929
v 1.210937 4.0 -2.901367
v 1.6699209 4.0 -2.002929
v 1.6699209 6.0 -2.002929
v 1.210937 6.0 -2.901367
v 1.999999 4.0 -2.0
v 1.999999 6.0 -2.0
v 1.210937 4.0 -2.901367
v 1.210937 6.0 -2.901367
v 0.99999905 6.0 -3.0
v 0.99999905 4.0 -3.0
v 1.669922 6.669921 -2.002929
v 1.669922 5.999999 -2.002929
v 2.0 5.999999 -2.0
v 2.0 6.999999 -2.0
v 1.0 6.669921 -2.002929
v 1.669922 6.669921 -2.002929
v 2.0 6.999999 -2.0
v 1.0 6.999999 -2.0
v 1.0 6.669921 -2.002929
v 1.0 6.210937 -2.901367
v 1.669922 6.669921 -2.002929
v 1.105469 6.105468 -2.901367
v 1.210938 5.999999 -2.901367
v 1.210938 5.999999 -2.901367
v 1.105469 6.105468 -2.901367
v 1.0 5.999999 -3.0
v 1.0 6.210937 -2.901367
v 1.669922 5.999999 -2.002929
v 1.669922 6.669921 -2.002929
v 1.210938 5.999999 -2.901367
v 5.0 9.0 -2.0
v 1.0 9.0 -2.0
v 1.0 7.0 -2.0
v 5.0 7.0 -2.0
v 1.0 9.999999 -2.0
v 1.0 8.999999 -2.0
v 1.0625 9.374999 -2.0
v 1.3125 9.062499 -2.0
v 2.0 8.999999 -2.0
v 1.3125 9.062499 -2.0
v 2.0 8.999999 -2.0
v 2.0 9.210937 -1.901367
v 1.5 9.249999 -1.901367
v 1.0 9.999999 -2.0
v 1.0625 9.374999 -2.0
v 1.25 9.562499 -1.901367
v 1.210938 9.999999 -1.901367
v 1.210938 9.999999 -1.901367
v 1.25 9.562499 -1.901367
v 1.669922 9.999999 -1.002929
v 1.5 9.249999 -1.901367
v 2.0 9.669921 -1.002929
v 2.0 9.210937 -1.901367
v 2.0 9.669921 -1.002929
v 2.0 9.999999 -1.0
v 1.669922 9.999999 -1.002929
v 1.210937 10.0 -1.901367
v 1.6699209 10.0 -1.002929
v 1.6699209 16.0 -1.002929
v 1.210937 16.0 -1.901367
v 1.999999 10.0 -1.0
v 1.999999 16.0 -1.0
v 1.210937 10.0 -1.901367
v 1.210937 16.0 -1.901367
v 0.99999905 16.0 -2.0
v 0.99999905 10.0 -2.0
v 2.0 -10.000001 -5.0
v 2.0 -11.000001 -5.0
v 2.0625 -10.625001 -5.0
v 2.3125 -10.937501 -5.0
v 3.0 -11.000001 -5.0
v 2.3125 -10.937501 -5.0
v 3.0 -11.000001 -5.0
v 3.0 -10.789063 -4.901367
v 2.5 -10.750001 -4.901367
v 2.0 -10.000001 -5.0
v 2.0625 -10.625001 -5.0
v 2.25 -10.437501 -4.901367
v 2.210938 -10.000001 -4.901367
v 2.210938 -10.000001 -4.901367
v 2.25 -10.437501 -4.901367
v 2.6699219 -10.000001 -4.0029287
v 2.5 -10.750001 -4.901367
v 3.0 -10.330079 -4.0029287
v 3.0 -10.789063 -4.901367
v 3.0 -10.330079 -4.0029287
v 3.0 -10.000001 -4.0
v 2.6699219 -10.000001 -4.0029287
v 2.210937 -10.0 -4.901367
v 2.669921 -10.0 -4.0029287
v 2.669921 -7.0 -4.0029287
v 2.210937 -7.0 -4.901367
v 2.999999 -10.0 -4.0
v 2.999999 -7.0 -4.0
v 2.210937 -10.0 -4.901367
v 2.210937 -7.0 -4.901367
v 1.999999 -7.0 -5.0
v 1.999999 -10.0 -5.0
v 2.6699219 -6.330079 -4.0029287
v 2.6699219 -7.000001 -4.0029287
v 3.0 -7.000001 -4.0
v 3.0 -6.000001 -4.0
v 2.0 -6.330079 -4.0029287
v 2.6699219 -6.330079 -4.0029287
v 3.0 -6.000001 -4.0
v 2.0 -6.000001 -4.0
v 2.0 -6.330079 -4.0029287
v 2.0 -6.789063 -4.901367
v 2.6699219 -6.330079 -4.0029287
v 2.105469 -6.894532 -4.901367
v 2.210938 -7.000001 -4.901367
v 2.210938 -7.000001 -4.901367
v 2.105469 -6.894532 -4.901367
v 2.0 -7.000001 -5.0
v 2.0 -6.789063 -4.901367
v 2.6699219 -7.000001 -4.0029287
v 2.6699219 -6.330079 -4.0029287
v 2.210938 -7.000001 -4.901367
v 3.0 3.210937 -2.901367
v 3.0 3.669921 -2.002929
v 2.0 3.669921 -2.002929
v 2.0 3.210937 -2.901367
v 3.0 3.999999 -2.0
v 2.0 3.999999 -2.0
v 3.0 3.210937 -2.901367
v 2.0 3.210937 -2.901367
v 2.0 2.999999 -3.0
v 3.0 2.999999 -3.0
v 8.0 6.0 -2.0
v 2.0 6.0 -2.0
v 2.0 4.0 -2.0
v 8.0 4.0 -2.0
v 5.0 7.0 -2.0
v 2.0 7.0 -2.0
v 2.0 6.0 -2.0
v 5.0 6.0 -2.0
v 5.0 9.210937 -1.901367
v 5.0 9.669921 -1.002929
v 2.0 9.669921 -1.002929
v 2.0 9.210937 -1.901367
v 5.0 9.999999 -1.0
v 2.0 9.999999 -1.0
v 5.0 9.210937 -1.901367
v 2.0 9.210937 -1.901367
v 2.0 8.999999 -2.0
v 5.0 8.999999 -2.0
v 3.0 16.0 -0.999999
v 2.0 16.0 -0.999999
v 3.0 10.0 -0.999999
v 2.0 10.0 -0.999999
v 5.0 -10.789063 -4.901367
v 5.0 -10.330079 -4.0029287
v 3.0 -10.330079 -4.0029287
v 3.0 -10.789063 -4.901367
v 5.0 -10.000001 -4.0
v 3.0 -10.000001 -4.0
v 5.0 -10.789063 -4.901367
v 3.0 -10.789063 -4.901367
v 3.0 -11.000001 -5.0
v 5.0 -11.000001 -5.0
v 11.0 -9.0 -3.999999
v 3.0 -9.0 -3.999999
v 11.0 -10.0 -3.999999
v 3.0 -10.0 -3.999999
v 8.0 -7.0 -3.999999
v 3.0 -7.0 -3.999999
v 8.0 -9.0 -3.999999
v 3.0 -9.0 -3.999999
v 6.0 -6.0 -3.999999
v 3.0 -6.0 -3.999999
v 6.0 -7.0 -3.999999
v 3.0 -7.0 -3.999999
v 6.0 -2.0 -3.999999
v 3.0 -2.0 -3.999999
v 6.0 -5.0 -3.999999
v 3.0 -5.0 -3.999999
v 3.0 1.999999 -3.0
v 3.0 0.999999 -3.0
v 3.0625 1.374999 -3.0
v 3.3125 1.062499 -3.0
v 4.0 0.999999 -3.0
v 3.3125 1.062499 -3.0
v 4.0 0.999999 -3.0
v 4.0 1.210937 -2.901367
v 3.5 1.249999 -2.901367
v 3.0 1.999999 -3.0
v 3.0625 1.374999 -3.0
v 3.25 1.562499 -2.901367
v 3.210938 1.999999 -2.901367
v 3.210938 1.999999 -2.901367
v 3.25 1.562499 -2.901367
v 3.6699219 1.999999 -2.002929
v 3.5 1.249999 -2.901367
v 4.0 1.6699209 -2.002929
v 4.0 1.210937 -2.901367
v 4.0 1.6699209 -2.002929
v 4.0 1.999999 -2.0
v 3.6699219 1.999999 -2.002929
v 3.210937 2.0 -2.901367
v 3.669921 2.0 -2.002929
v 3.669921 3.0 -2.002929
v 3.210937 3.0 -2.901367
v 3.999999 2.0 -2.0
v 3.999999 3.0 -2.0
v 3.210937 2.0 -2.901367
v 3.210937 3.0 -2.901367
v 2.999999 3.0 -3.0
v 2.999999 2.0 -3.0
v 3.6699219 3.669921 -2.002929
v 3.6699219 2.999999 -2.002929
v 4.0 2.999999 -2.0
v 4.0 3.999999 -2.0
v 3.0 3.669921 -2.002929
v 3.6699219 3.669921 -2.002929
v 4.0 3.999999 -2.0
v 3.0 3.999999 -2.0
v 3.0 3.669921 -2.002929
v 3.0 3.210937 -2.901367
v 3.6699219 3.669921 -2.002929
v 3.105469 3.105468 -2.901367
v 3.210938 2.999999 -2.901367
v 3.210938 2.999999 -2.901367
v 3.105469 3.105468 -2.901367
v 3.0 2.999999 -3.0
v 3.0 3.210937 -2.901367
v 3.6699219 2.999999 -2.002929
v 3.6699219 3.669921 -2.002929
v 3.210938 2.999999 -2.901367
v 7.0 11.0 -0.999999
v 3.0 11.0 -0.999999
v 7.0 10.0 -0.999999
v 3.0 10.0 -0.999999
v 5.0 -11.0 -4.999999
v 4.0 -11.0 -4.999999
v 5.0 -12.0 -4.999999
v 4.0 -12.0 -4.999999
v 9.0 1.210937 -2.901367
v 9.0 1.6699209 -2.002929
v 4.0 1.6699209 -2.002929
v 4.0 1.210937 -2.901367
v 9.0 1.999999 -2.0
v 4.0 1.999999 -2.0
v 9.0 1.210937 -2.901367
v 4.0 1.210937 -2.901367
v 4.0 0.999999 -3.0
v 9.0 0.999999 -3.0
v 11.0 3.0 -2.0
v 4.0 3.0 -2.0
v 4.0 2.0 -2.0
v 11.0 2.0 -2.0
v 8.0 4.0 -2.0
v 4.0 4.0 -2.0
v 4.0 3.0 -2.0
v 8.0 3.0 -2.0
v 13.0 -14.0 -4.999999
v 5.0 -14.0 -4.999999
v 13.0 -16.0 -4.999999
v 5.0 -16.0 -4.999999
v 10.0 -13.0 -4.999999
v 5.0 -13.0 -4.999999
v 10.0 -14.0 -4.999999
v 5.0 -14.0 -4.999999
v 5.0 -12.000001 -5.0
v 5.0 -13.000001 -5.0
v 5.0625 -12.625001 -5.0
v 5.3125 -12.937501 -5.0
v 6.0 -13.000001 -5.0
v 5.3125 -12.937501 -5.0
v 6.0 -13.000001 -5.0
v 6.0 -12.789063 -4.901367
v 5.5 -12.750001 -4.901367
v 5.0 -12.000001 -5.0
v 5.0625 -12.625001 -5.0
v 5.25 -12.437501 -4.901367
v 5.210938 -12.000001 -4.901367
v 5.210938 -12.000001 -4.901367
v 5.25 -12.437501 -4.901367
v 5.669922 -12.000001 -4.0029287
v 5.5 -12.750001 -4.901367
v 6.0 -12.330079 -4.0029287
v 6.0 -12.789063 -4.901367
v 6.0 -12.330079 -4.0029287
v 6.0 -12.000001 -4.0
v 5.669922 -12.000001 -4.0029287
v 5.210937 -12.0 -4.901367
v 5.669921 -12.0 -4.0029287
v 5.669921 -11.0 -4.0029287
v 5.210937 -11.0 -4.901367
v 5.999999 -12.0 -4.0
v 5.999999 -11.0 -4.0
v 5.210937 -12.0 -4.901367
v 5.210937 -11.0 -4.901367
v 4.999999 -11.0 -5.0
v 4.999999 -12.0 -5.0
v 5.669922 -10.330079 -4.0029287
v 5.669922 -11.000001 -4.0029287
v 6.0 -11.000001 -4.0
v 6.0 -10.000001 -4.0
v 5.0 -10.330079 -4.0029287
v 5.669922 -10.330079 -4.0029287
v 6.0 -10.000001 -4.0
v 5.0 -10.000001 -4.0
v 5.0 -10.330079 -4.0029287
v 5.0 -10.7890625 -4.901367
v 5.669922 -10.330079 -4.0029287
v 5.1054688 -10.894532 -4.901367
v 5.210938 -11.000001 -4.901367
v 5.210938 -11.000001 -4.901367
v 5.1054688 -10.894532 -4.901367
v 5.0 -11.000001 -5.0
v 5.0 -10.7890625 -4.901367
v 5.669922 -11.000001 -4.0029287
v 5.669922 -10.330079 -4.0029287
v 5.210938 -11.000001 -4.901367
v 5.0 6.999999 -2.0
v 5.0 5.999999 -2.0
v 5.0625 6.374999 -2.0
v 5.3125 6.062499 -2.0
v 6.0 5.999999 -2.0
v 5.3125 6.062499 -2.0
v 6.0 5.999999 -2.0
v 6.0 6.210937 -1.901367
v 5.5 6.249999 -1.901367
v 5.0 6.999999 -2.0
v 5.0625 6.374999 -2.0
v 5.25 6.562499 -1.901367
v 5.210938 6.999999 -1.901367
v 5.210938 6.999999 -1.901367
v 5.25 6.562499 -1.901367
v 5.669922 6.999999 -1.002929
v 5.5 6.249999 -1.901367
v 6.0 6.669921 -1.002929
v 6.0 6.210937 -1.901367
v 6.0 6.669921 -1.002929
v 6.0 6.999999 -1.0
v 5.669922 6.999999 -1.002929
v 5.210937 7.0 -1.901367
v 5.669921 7.0 -1.002929
v 5.669921 9.0 -1.002929
v 5.210937 9.0 -1.901367
v 5.999999 7.0 -1.0
v 5.999999 9.0 -1.0
v 5.210937 7.0 -1.901367
v 5.210937 9.0 -1.901367
v 4.999999 9.0 -2.0
v 4.999999 7.0 -2.0
v 5.669922 9.669921 -1.002929
v 5.669922 8.999999 -1.002929
v 6.0 8.999999 -1.0
v 6.0 9.999999 -1.0
v 5.0 9.669921 -1.002929
v 5.669922 9.669921 -1.002929
v 6.0 9.999999 -1.0
v 5.0 9.999999 -1.0
v 5.0 9.669921 -1.002929
v 5.0 9.2109375 -1.901367
v 5.669922 9.669921 -1.002929
v 5.1054688 9.105468 -1.901367
v 5.210938 8.999999 -1.901367
v 5.210938 8.999999 -1.901367
v 5.1054688 9.105468 -1.901367
v 5.0 8.999999 -2.0
v 5.0 9.2109375 -1.901367
v 5.669922 8.999999 -1.002929
v 5.669922 9.669921 -1.002929
v 5.210938 8.999999 -1.901367
v 10.0 -12.789063 -4.901367
v 10.0 -12.330079 -4.0029287
v 6.0 -12.330079 -4.0029287
v 6.0 -12.789063 -4.901367
v 10.0 -12.000001 -4.0
v 6.0 -12.000001 -4.0
v 10.0 -12.789063 -4.901367
v 6.0 -12.789063 -4.901367
v 6.0 -13.000001 -5.0
v 10.0 -13.000001 -5.0
v 14.0 -10.0 -3.999999
v 6.0 -10.0 -3.999999
v 14.0 -12.0 -3.999999
v 6.0 -12.0 -3.999999
v 6.0 -6.000001 -4.0
v 6.0 -7.000001 -4.0
v 6.0625 -6.625001 -4.0
v 6.3125 -6.937501 -4.0
v 7.0 -7.000001 -4.0
v 6.3125 -6.937501 -4.0
v 7.0 -7.000001 -4.0
v 7.0 -6.789063 -3.901367
v 6.5 -6.750001 -3.901367
v 6.0 -6.000001 -4.0
v 6.0625 -6.625001 -4.0
v 6.25 -6.437501 -3.901367
v 6.210938 -6.000001 -3.901367
v 6.210938 -6.000001 -3.901367
v 6.25 -6.437501 -3.901367
v 6.669922 -6.000001 -3.002929
v 6.5 -6.750001 -3.901367
v 7.0 -6.330079 -3.002929
v 7.0 -6.789063 -3.901367
v 7.0 -6.330079 -3.002929
v 7.0 -6.000001 -3.0
v 6.669922 -6.000001 -3.002929
v 6.210937 -6.0 -3.901367
v 6.669921 -6.0 -3.002929
v 6.669921 -2.0 -3.002929
v 6.210937 -2.0 -3.901367
v 6.999999 -6.0 -3.0
v 6.999999 -2.0 -3.0
v 6.210937 -6.0 -3.901367
v 6.210937 -2.0 -3.901367
v 5.999999 -2.0 -4.0
v 5.999999 -6.0 -4.0
v 6.669922 -1.330079 -3.002929
v 6.669922 -2.000001 -3.002929
v 7.0 -2.000001 -3.0
v 7.0 -1.000001 -3.0
v 6.0 -1.330079 -3.002929
v 6.669922 -1.330079 -3.002929
v 7.0 -1.000001 -3.0
v 6.0 -1.000001 -3.0
v 6.0 -1.330079 -3.002929
v 6.0 -1.789063 -3.901367
v 6.669922 -1.330079 -3.002929
v 6.1054688 -1.894532 -3.901367
v 6.210938 -2.000001 -3.901367
v 6.210938 -2.000001 -3.901367
v 6.1054688 -1.894532 -3.901367
v 6.0 -2.000001 -4.0
v 6.0 -1.789063 -3.901367
v 6.669922 -2.000001 -3.002929
v 6.669922 -1.330079 -3.002929
v 6.210938 -2.000001 -3.901367
v 8.0 6.210937 -1.901367
v 8.0 6.669921 -1.002929
v 6.0 6.669921 -1.002929
v 6.0 6.210937 -1.901367
v 8.0 6.999999 -1.0
v 6.0 6.999999 -1.0
v 8.0 6.210937 -1.901367
v 6.0 6.210937 -1.901367
v 6.0 5.999999 -2.0
v 8.0 5.999999 -2.0
v 10.0 8.0 -0.999999
v 6.0 8.0 -0.999999
v 10.0 7.0 -0.999999
v 6.0 7.0 -0.999999
v 7.0 10.0 -0.999999
v 6.0 10.0 -0.999999
v 7.0 8.0 -0.999999
v 6.0 8.0 -0.999999
v 8.0 -6.789063 -3.901367
v 8.0 -6.330079 -3.002929
v 7.0 -6.330079 -3.002929
v 7.0 -6.789063 -3.901367
v 8.0 -6.000001 -3.0
v 7.0 -6.000001 -3.0
v 8.0 -6.789063 -3.901367
v 7.0 -6.789063 -3.901367
v 7.0 -7.000001 -4.0
v 8.0 -7.000001 -4.0
v 9.0 -1.0 -2.999999
v 7.0 -1.0 -2.999999
v 9.0 -6.0 -2.999999
v 7.0 -6.0 -2.999999
v 8.0 -8.000001 -4.0
v 8.0 -9.000001 -4.0
v 8.0625 -8.625001 -4.0
v 8.3125 -8.937501 -4.0
v 9.0 -9.000001 -4.0
v 8.3125 -8.937501 -4.0
v 9.0 -9.000001 -4.0
v 9.0 -8.789063 -3.901367
v 8.5 -8.750001 -3.901367
v 8.0 -8.000001 -4.0
v 8.0625 -8.625001 -4.0
v 8.25 -8.437501 -3.901367
v 8.2109375 -8.000001 -3.901367
v 8.2109375 -8.000001 -3.901367
v 8.25 -8.437501 -3.901367
v 8.669922 -8.000001 -3.002929
v 8.5 -8.750001 -3.901367
v 9.0 -8.330079 -3.002929
v 9.0 -8.789063 -3.901367
v 9.0 -8.330079 -3.002929
v 9.0 -8.000001 -3.0
v 8.669922 -8.000001 -3.002929
v 8.2109375 -8.0 -3.901367
v 8.669921 -8.0 -3.002929
v 8.669921 -7.0 -3.002929
v 8.2109375 -7.0 -3.901367
v 8.999999 -8.0 -3.0
v 8.999999 -7.0 -3.0
v 8.2109375 -8.0 -3.901367
v 8.2109375 -7.0 -3.901367
v 7.999999 -7.0 -4.0
v 7.999999 -8.0 -4.0
v 8.669922 -6.330079 -3.002929
v 8.669922 -7.000001 -3.002929
v 9.0 -7.000001 -3.0
v 9.0 -6.000001 -3.0
v 8.0 -6.330079 -3.002929
v 8.669922 -6.330079 -3.002929
v 9.0 -6.000001 -3.0
v 8.0 -6.000001 -3.0
v 8.0 -6.330079 -3.002929
v 8.0 -6.789063 -3.901367
v 8.669922 -6.330079 -3.002929
v 8.105469 -6.894532 -3.901367
v 8.2109375 -7.000001 -3.901367
v 8.2109375 -7.000001 -3.901367
v 8.105469 -6.894532 -3.901367
v 8.0 -7.000001 -4.0
v 8.0 -6.789063 -3.901367
v 8.669922 -7.000001 -3.002929
v 8.669922 -6.330079 -3.002929
v 8.2109375 -7.000001 -3.901367
v 9.0 1.0 -2.999999
v 8.0 1.0 -2.999999
v 9.0 -1.0 -2.999999
v 8.0 -1.0 -2.999999
v 8.0 3.999999 -2.0
v 8.0 2.999999 -2.0
v 8.0625 3.374999 -2.0
v 8.3125 3.062499 -2.0
v 9.0 2.999999 -2.0
v 8.3125 3.062499 -2.0
v 9.0 2.999999 -2.0
v 9.0 3.210937 -1.901367
v 8.5 3.249999 -1.901367
v 8.0 3.999999 -2.0
v 8.0625 3.374999 -2.0
v 8.25 3.562499 -1.901367
v 8.2109375 3.999999 -1.901367
v 8.2109375 3.999999 -1.901367
v 8.25 3.562499 -1.901367
v 8.669922 3.999999 -1.002929
v 8.5 3.249999 -1.901367
v 9.0 3.669921 -1.002929
v 9.0 3.210937 -1.901367
v 9.0 3.669921 -1.002929
v 9.0 3.999999 -1.0
v 8.669922 3.999999 -1.002929
v 8.2109375 4.0 -1.901367
v 8.669921 4.0 -1.002929
v 8.669921 6.0 -1.002929
v 8.2109375 6.0 -1.901367
v 8.999999 4.0 -1.0
v 8.999999 6.0 -1.0
v 8.2109375 4.0 -1.901367
v 8.2109375 6.0 -1.901367
v 7.999999 6.0 -2.0
v 7.999999 4.0 -2.0
v 8.669922 6.669921 -1.002929
v 8.669922 5.999999 -1.002929
v 9.0 5.999999 -1.0
v 9.0 6.999999 -1.0
v 8.0 6.669921 -1.002929
v 8.669922 6.669921 -1.002929
v 9.0 6.999999 -1.0
v 8.0 6.999999 -1.0
v 8.0 6.669921 -1.002929
v 8.0 6.210937 -1.901367
v 8.669922 6.669921 -1.002929
v 8.105469 6.105468 -1.901367
v 8.2109375 5.999999 -1.901367
v 8.2109375 5.999999 -1.901367
v 8.105469 6.105468 -1.901367
v 8.0 5.999999 -2.0
v 8.0 6.210937 -1.901367
v 8.669922 5.999999 -1.002929
v 8.669922 6.669921 -1.002929
v 8.2109375 5.999999 -1.901367
v 16.0 -8.789063 -3.901367
v 16.0 -8.330079 -3.002929
v 9.0 -8.330079 -3.002929
v 9.0 -8.789063 -3.901367
v 16.0 -8.000001 -3.0
v 9.0 -8.000001 -3.0
v 16.0 -8.789063 -3.901367
v 9.0 -8.789063 -3.901367
v 9.0 -9.000001 -4.0
v 16.0 -9.000001 -4.0
v 16.0 -6.0 -2.999999
v 9.0 -6.0 -2.999999
v 16.0 -8.0 -2.999999
v 9.0 -8.0 -2.999999
v 11.0 -3.0 -2.999999
v 9.0 -3.0 -2.999999
v 11.0 -6.0 -2.999999
v 9.0 -6.0 -2.999999
v 9.0 -2.000001 -3.0
v 9.0 -3.000001 -3.0
v 9.0625 -2.625001 -3.0
v 9.3125 -2.937501 -3.0
v 10.0 -3.000001 -3.0
v 9.3125 -2.937501 -3.0
v 10.0 -3.000001 -3.0
v 10.0 -2.789063 -2.901367
v 9.5 -2.750001 -2.901367
v 9.0 -2.000001 -3.0
v 9.0625 -2.625001 -3.0
v 9.25 -2.437501 -2.901367
v 9.2109375 -2.000001 -2.901367
v 9.2109375 -2.000001 -2.901367
v 9.25 -2.437501 -2.901367
v 9.669922 -2.000001 -2.002929
v 9.5 -2.750001 -2.901367
v 10.0 -2.330079 -2.002929
v 10.0 -2.789063 -2.901367
v 10.0 -2.330079 -2.002929
v 10.0 -2.000001 -2.0
v 9.669922 -2.000001 -2.002929
v 9.2109375 -2.0 -2.901367
v 9.669921 -2.0 -2.002929
v 9.669921 1.0 -2.002929
v 9.2109375 1.0 -2.901367
v 9.999999 -2.0 -2.0
v 9.999999 1.0 -2.0
v 9.2109375 -2.0 -2.901367
v 9.2109375 1.0 -2.901367
v 8.999999 1.0 -3.0
v 8.999999 -2.0 -3.0
v 9.669922 1.669921 -2.002929
v 9.669922 0.99999905 -2.002929
v 10.0 0.99999905 -2.0
v 10.0 1.999999 -2.0
v 9.0 1.669921 -2.002929
v 9.669922 1.669921 -2.002929
v 10.0 1.999999 -2.0
v 9.0 1.999999 -2.0
v 9.0 1.669921 -2.002929
v 9.0 1.210937 -2.901367
v 9.669922 1.669921 -2.002929
v 9.105469 1.105468 -2.901367
v 9.2109375 0.99999905 -2.901367
v 9.2109375 0.99999905 -2.901367
v 9.105469 1.105468 -2.901367
v 9.0 0.99999905 -3.0
v 9.0 1.210937 -2.901367
v 9.669922 0.99999905 -2.002929
v 9.669922 1.669921 -2.002929
v 9.2109375 0.99999905 -2.901367
v 11.0 3.210937 -1.901367
v 11.0 3.669921 -1.002929
v 9.0 3.669921 -1.002929
v 9.0 3.210937 -1.901367
v 11.0 3.999999 -1.0
v 9.0 3.999999 -1.0
v 11.0 3.210937 -1.901367
v 9.0 3.210937 -1.901367
v 9.0 2.999999 -2.0
v 11.0 2.999999 -2.0
v 13.0 5.0 -0.999999
v 9.0 5.0 -0.999999
v 13.0 4.0 -0.999999
v 9.0 4.0 -0.999999
v 10.0 7.0 -0.999999
v 9.0 7.0 -0.999999
v 10.0 5.0 -0.999999
v 9.0 5.0 -0.999999
v 10.0 -13.000001 -5.0
v 10.0 -14.000001 -5.0
v 10.0625 -13.625001 -5.0
v 10.3125 -13.937501 -5.0
v 11.0 -14.000001 -5.0
v 10.3125 -13.937501 -5.0
v 11.0 -14.000001 -5.0
v 11.0 -13.789063 -4.901367
v 10.5 -13.750001 -4.901367
v 10.0 -13.000001 -5.0
v 10.0625 -13.625001 -5.0
v 10.25 -13.437501 -4.901367
v 10.2109375 -13.000001 -4.901367
v 10.2109375 -13.000001 -4.901367
v 10.25 -13.437501 -4.901367
v 10.669922 -13.000001 -4.0029287
v 10.5 -13.750001 -4.901367
v 11.0 -13.330079 -4.0029287
v 11.0 -13.789063 -4.901367
v 11.0 -13.330079 -4.0029287
v 11.0 -13.000001 -4.0
v 10.669922 -13.000001 -4.0029287
v 10.669922 -12.330079 -4.0029287
v 10.669922 -13.000001 -4.0029287
v 11.0 -13.000001 -4.0
v 11.0 -12.000001 -4.0
v 10.0 -12.330079 -4.0029287
v 10.669922 -12.330079 -4.0029287
v 11.0 -12.000001 -4.0
v 10.0 -12.000001 -4.0
v 10.0 -12.330079 -4.0029287
v 10.0 -12.7890625 -4.901367
v 10.669922 -12.330079 -4.0029287
v 10.105469 -12.894532 -4.901367
v 10.2109375 -13.000001 -4.901367
v 10.2109375 -13.000001 -4.901367
v 10.105469 -12.894532 -4.901367
v 10.0 -13.000001 -5.0
v 10.0 -12.7890625 -4.901367
v 10.669922 -13.000001 -4.0029287
v 10.669922 -12.330079 -4.0029287
v 10.2109375 -13.000001 -4.901367
v 11.0 -2.789063 -2.901367
v 11.0 -2.330079 -2.002929
v 10.0 -2.330079 -2.002929
v 10.0 -2.789063 -2.901367
v 11.0 -2.000001 -2.0
v 10.0 -2.000001 -2.0
v 11.0 -2.789063 -2.901367
v 10.0 -2.789063 -2.901367
v 10.0 -3.000001 -3.0
v 11.0 -3.000001 -3.0
v 11.0 2.0 -2.0
v 10.0 2.0 -2.0
v 10.0 -2.0 -2.0
v 11.0 -2.0 -2.0
v 16.0 -13.789063 -4.901367
v 16.0 -13.330079 -4.0029287
v 11.0 -13.330079 -4.0029287
v 11.0 -13.789063 -4.901367
v 16.0 -13.000001 -4.0
v 11.0 -13.000001 -4.0
v 16.0 -13.789063 -4.901367
v 11.0 -13.789063 -4.901367
v 11.0 -14.000001 -5.0
v 16.0 -14.000001 -5.0
v 16.0 -12.0 -3.999999
v 11.0 -12.0 -3.999999
v 16.0 -13.0 -3.999999
v 11.0 -13.0 -3.999999
v 16.0 -9.0 -3.999999
v 11.0 -9.0 -3.999999
v 16.0 -10.0 -3.999999
v 11.0 -10.0 -3.999999
v 11.0 -5.000001 -3.0
v 11.0 -6.000001 -3.0
v 11.0625 -5.625001 -3.0
v 11.3125 -5.937501 -3.0
v 12.0 -6.000001 -3.0
v 11.3125 -5.937501 -3.0
v 12.0 -6.000001 -3.0
v 12.0 -5.789063 -2.901367
v 11.5 -5.750001 -2.901367
v 11.0 -5.000001 -3.0
v 11.0625 -5.625001 -3.0
v 11.25 -5.437501 -2.901367
v 11.2109375 -5.000001 -2.901367
v 11.2109375 -5.000001 -2.901367
v 11.25 -5.437501 -2.901367
v 11.669922 -5.000001 -2.002929
v 11.5 -5.750001 -2.901367
v 12.0 -5.330079 -2.002929
v 12.0 -5.789063 -2.901367
v 12.0 -5.330079 -2.002929
v 12.0 -5.000001 -2.0
v 11.669922 -5.000001 -2.002929
v 11.2109375 -5.0 -2.901367
v 11.669921 -5.0 -2.002929
v 11.669921 -3.0 -2.002929
v 11.2109375 -3.0 -2.901367
v 11.999999 -5.0 -2.0
v 11.999999 -3.0 -2.0
v 11.2109375 -5.0 -2.901367
v 11.2109375 -3.0 -2.901367
v 10.999999 -3.0 -3.0
v 10.999999 -5.0 -3.0
v 11.669922 -2.330079 -2.002929
v 11.669922 -3.000001 -2.002929
v 12.0 -3.000001 -2.0
v 12.0 -2.000001 -2.0
v 11.0 -2.330079 -2.002929
v 11.669922 -2.330079 -2.002929
v 12.0 -2.000001 -2.0
v 11.0 -2.000001 -2.0
v 11.0 -2.330079 -2.002929
v 11.0 -2.789063 -2.901367
v 11.669922 -2.330079 -2.002929
v 11.105469 -2.894532 -2.901367
v 11.2109375 -3.000001 -2.901367
v 11.2109375 -3.000001 -2.901367
v 11.105469 -2.894532 -2.901367
v 11.0 -3.000001 -3.0
v 11.0 -2.789063 -2.901367
v 11.669922 -3.000001 -2.002929
v 11.669922 -2.330079 -2.002929
v 11.2109375 -3.000001 -2.901367
v 14.0 0.0 -2.0
v 11.0 0.0 -2.0
v 11.0 -2.0 -2.0
v 14.0 -2.0 -2.0
v 11.0 0.999999 -2.0
v 11.0 -1.013279E-6 -2.0
v 11.0625 0.374999 -2.0
v 11.3125 0.062498987 -2.0
v 12.0 -1.013279E-6 -2.0
v 11.3125 0.062498987 -2.0
v 12.0 -1.013279E-6 -2.0
v 12.0 0.210937 -1.901367
v 11.5 0.24999899 -1.901367
v 11.0 0.999999 -2.0
v 11.0625 0.374999 -2.0
v 11.25 0.562499 -1.901367
v 11.2109375 0.999999 -1.901367
v 11.2109375 0.999999 -1.901367
v 11.25 0.562499 -1.901367
v 11.669922 0.999999 -1.002929
v 11.5 0.24999899 -1.901367
v 12.0 0.669921 -1.002929
v 12.0 0.210937 -1.901367
v 12.0 0.669921 -1.002929
v 12.0 0.999999 -1.0
v 11.669922 0.999999 -1.002929
v 11.2109375 1.0 -1.901367
v 11.669921 1.0 -1.002929
v 11.669921 3.0 -1.002929
v 11.2109375 3.0 -1.901367
v 11.999999 1.0 -1.0
v 11.999999 3.0 -1.0
v 11.2109375 1.0 -1.901367
v 11.2109375 3.0 -1.901367
v 10.999999 3.0 -2.0
v 10.999999 1.0 -2.0
v 11.669922 3.669921 -1.002929
v 11.669922 2.999999 -1.002929
v 12.0 2.999999 -1.0
v 12.0 3.999999 -1.0
v 11.0 3.669921 -1.002929
v 11.669922 3.669921 -1.002929
v 12.0 3.999999 -1.0
v 11.0 3.999999 -1.0
v 11.0 3.669921 -1.002929
v 11.0 3.210937 -1.901367
v 11.669922 3.669921 -1.002929
v 11.105469 3.105468 -1.901367
v 11.2109375 2.999999 -1.901367
v 11.2109375 2.999999 -1.901367
v 11.105469 3.105468 -1.901367
v 11.0 2.999999 -2.0
v 11.0 3.210937 -1.901367
v 11.669922 2.999999 -1.002929
v 11.669922 3.669921 -1.002929
v 11.2109375 2.999999 -1.901367
v 16.0 -5.789063 -2.901367
v 16.0 -5.330079 -2.002929
v 12.0 -5.330079 -2.002929
v 12.0 -5.789063 -2.901367
v 16.0 -5.000001 -2.0
v 12.0 -5.000001 -2.0
v 16.0 -5.789063 -2.901367
v 12.0 -5.789063 -2.901367
v 12.0 -6.000001 -3.0
v 16.0 -6.000001 -3.0
v 16.0 -3.0 -2.0
v 12.0 -3.0 -2.0
v 12.0 -5.0 -2.0
v 16.0 -5.0 -2.0
v 14.0 -2.0 -2.0
v 12.0 -2.0 -2.0
v 12.0 -3.0 -2.0
v 14.0 -3.0 -2.0
v 14.0 0.210937 -1.901367
v 14.0 0.669921 -1.002929
v 12.0 0.669921 -1.002929
v 12.0 0.210937 -1.901367
v 14.0 0.999999 -1.0
v 12.0 0.999999 -1.0
v 14.0 0.210937 -1.901367
v 12.0 0.210937 -1.901367
v 12.0 -1.013279E-6 -2.0
v 14.0 -1.013279E-6 -2.0
v 16.0 2.0 -0.999999
v 12.0 2.0 -0.999999
v 16.0 1.0 -0.999999
v 12.0 1.0 -0.999999
v 13.0 4.0 -0.999999
v 12.0 4.0 -0.999999
v 13.0 2.0 -0.999999
v 12.0 2.0 -0.999999
v 16.0 -14.0 -4.999999
v 13.0 -14.0 -4.999999
v 16.0 -16.0 -4.999999
v 13.0 -16.0 -4.999999
v 16.0 -10.0 -3.999999
v 14.0 -10.0 -3.999999
v 16.0 -12.0 -3.999999
v 14.0 -12.0 -3.999999
v 14.0 -2.000001 -2.0
v 14.0 -3.000001 -2.0
v 14.0625 -2.625001 -2.0
v 14.3125 -2.937501 -2.0
v 15.0 -3.000001 -2.0
v 14.3125 -2.937501 -2.0
v 15.0 -3.000001 -2.0
v 15.0 -2.789063 -1.901367
v 14.5 -2.750001 -1.901367
v 14.0 -2.000001 -2.0
v 14.0625 -2.625001 -2.0
v 14.25 -2.437501 -1.901367
v 14.2109375 -2.000001 -1.901367
v 14.2109375 -2.000001 -1.901367
v 14.25 -2.437501 -1.901367
v 14.669922 -2.000001 -1.002929
v 14.5 -2.750001 -1.901367
v 15.0 -2.330079 -1.002929
v 15.0 -2.789063 -1.901367
v 15.0 -2.330079 -1.002929
v 15.0 -2.000001 -1.0
v 14.669922 -2.000001 -1.002929
v 14.2109375 -2.0 -1.901367
v 14.669921 -2.0 -1.002929
v 14.669921 0.0 -1.002929
v 14.2109375 0.0 -1.901367
v 14.999999 -2.0 -1.0
v 14.999999 0.0 -1.0
v 14.2109375 -2.0 -1.901367
v 14.2109375 0.0 -1.901367
v 13.999999 0.0 -2.0
v 13.999999 -2.0 -2.0
v 14.669922 0.66992104 -1.002929
v 14.669922 -9.536743E-7 -1.002929
v 15.0 -9.536743E-7 -1.0
v 15.0 0.999999 -1.0
v 14.0 0.66992104 -1.002929
v 14.669922 0.66992104 -1.002929
v 15.0 0.999999 -1.0
v 14.0 0.999999 -1.0
v 14.0 0.66992104 -1.002929
v 14.0 0.21093702 -1.901367
v 14.669922 0.66992104 -1.002929
v 14.105469 0.105467975 -1.901367
v 14.2109375 -9.536743E-7 -1.901367
v 14.2109375 -9.536743E-7 -1.901367
v 14.105469 0.105467975 -1.901367
v 14.0 -9.536743E-7 -2.0
v 14.0 0.21093702 -1.901367
v 14.669922 -9.536743E-7 -1.002929
v 14.669922 0.66992104 -1.002929
v 14.2109375 -9.536743E-7 -1.901367
v 16.0 -2.789063 -1.901367
v 16.0 -2.330079 -1.002929
v 15.0 -2.330079 -1.002929
v 15.0 -2.789063 -1.901367
v 16.0 -2.000001 -1.0
v 15.0 -2.000001 -1.0
v 16.0 -2.789063 -1.901367
v 15.0 -2.789063 -1.901367
v 15.0 -3.000001 -2.0
v 16.0 -3.000001 -2.0
v 16.0 1.0 -0.999999
v 15.0 1.0 -0.999999
v 16.0 -2.0 -0.999999
v 15.0 -2.0 -0.999999
v -8.0 -16.000008 -0.6875
v -8.0 -7.9999924 -0.687499
v -16.0 -7.9999924 -0.687499
v -16.0 -16.000008 -0.6875
v -8.0 -8.000008 -0.6875
v -8.0 7.6293945E-6 -0.687499
v -16.0 7.6293945E-6 -0.687499
v -16.0 -8.000008 -0.6875
v -8.0 -8.106232E-6 -0.6875
v -8.0 8.000008 -0.687499
v -16.0 8.000008 -0.687499
v -16.0 -8.106232E-6 -0.6875
v -8.0 7.999992 -0.6875
v -8.0 16.000008 -0.687499
v -16.0 16.000008 -0.687499
v -16.0 7.999992 -0.6875
v 0.0 -16.000008 -0.6875
v 0.0 -7.9999924 -0.687499
v -8.0 -7.9999924 -0.687499
v -8.0 -16.000008 -0.6875
v 0.0 -8.000008 -0.6875
v 0.0 7.6293945E-6 -0.687499
v -8.0 7.6293945E-6 -0.687499
v -8.0 -8.000008 -0.6875
v 0.0 -8.106232E-6 -0.6875
v 0.0 8.000008 -0.687499
v -8.0 8.000008 -0.687499
v -8.0 -8.106232E-6 -0.6875
v 0.0 7.999992 -0.6875
v 0.0 16.000008 -0.687499
v -8.0 16.000008 -0.687499
v -8.0 7.999992 -0.6875
v 8.0 -16.000008 -0.6875
v 8.0 -7.9999924 -0.687499
v 0.0 -7.9999924 -0.687499
v 0.0 -16.000008 -0.6875
v 8.0 -8.000008 -0.6875
v 8.0 7.6293945E-6 -0.687499
v 0.0 7.6293945E-6 -0.687499
v 0.0 -8.000008 -0.6875
v 8.0 -8.106232E-6 -0.6875
v 8.0 8.000008 -0.687499
v 0.0 8.000008 -0.687499
v 0.0 -8.106232E-6 -0.6875
v 4.0 7.999992 -0.6875
v 4.0 16.000008 -0.687499
v 0.0 16.000008 -0.687499
v 0.0 7.999992 -0.6875
v 11.0 7.999999 -0.6875
v 11.0 9.000001 -0.687499
v 4.0 9.000001 -0.687499
v 4.0 7.999999 -0.6875
v 8.0 8.999997 -0.6875
v 8.0 12.000003 -0.687499
v 4.0 12.000003 -0.687499
v 4.0 8.999997 -0.6875
v 16.0 -16.000008 -0.6875
v 16.0 -7.9999924 -0.687499
v 8.0 -7.9999924 -0.687499
v 8.0 -16.000008 -0.6875
v 16.0 -8.000008 -0.6875
v 16.0 7.6293945E-6 -0.687499
v 8.0 7.6293945E-6 -0.687499
v 8.0 -8.000008 -0.6875
v 11.0 -8.106232E-6 -0.6875
v 11.0 8.000008 -0.687499
v 8.0 8.000008 -0.687499
v 8.0 -8.106232E-6 -0.6875
v 14.0 -5.9604645E-6 -0.6875
v 14.0 6.0000057 -0.687499
v 11.0 6.0000057 -0.687499
v 11.0 -5.9604645E-6 -0.6875
v 16.0 -2.9802322E-6 -0.6875
v 16.0 3.0000029 -0.687499
v 14.0 3.0000029 -0.687499
v 14.0 -2.9802322E-6 -0.6875
vt -1.5 -1.0
vt -1.5 -1.0
vt 0.5 -1.0
vt 0.5 -1.0
vt -0.5 0.0
vt -1.5 -1.0
vt 0.5 -1.0
vt 0.5 -1.0
vt -1.5 -1.0
vt -1.5 -1.0
vt -0.5 1.0
vt 1.0 1.0
vt 2.0 0.03125
vt -0.5 0.03125
vt 0.0 1.0
vt 1.5 1.0
vt 1.5 0.03125
vt -1.0 0.03125
vt 1.0 -0.34375
vt 2.0 -0.375
vt 1.0 -0.125
vt 3.0 -0.125
vt 3.0 0.0
vt 1.0 0.0
vt 1.0 -0.125
vt 3.0 -0.125
vt 3.0 -0.125
vt 2.0 -0.375
vt 3.0 -0.34375
vt 0.0 0.0
vt 0.0 -1.0
vt 3.0 -1.0
vt 3.0 0.0
vt 0.0 -1.0
vt 3.0 -1.0
vt 3.0 0.03125
vt 0.0 0.03125
vt 0.0 1.0
vt 3.0 1.0
vt 3.0 0.65625
vt 3.0 0.875
vt 0.0 0.875
vt 0.0 0.65625
vt 3.0 -0.125
vt 3.0 0.0
vt 0.0 0.0
vt 0.0 -0.125
vt 0.0 0.0
vt 0.0 -1.0
vt 1.0 -1.0
vt 1.0 0.0
vt 0.0 -1.0
vt 1.0 -1.0
vt 1.0 0.03125
vt 0.0 0.03125
vt 0.0 1.0
vt 1.0 1.0
vt 1.0 0.65625
vt 1.0 0.875
vt 0.0 0.875
vt 0.0 0.65625
vt 1.0 -0.125
vt 1.0 0.0
vt 0.0 0.0
vt 0.0 -0.125
vt 0.0 3.0
vt 0.0 0.0
vt 5.0 0.0
vt 5.0 3.0
vt -1.5 -1.0
vt -1.5 -1.0
vt 0.5 -1.0
vt 0.5 -1.0
vt -0.5 0.0
vt -1.5 -1.0
vt 0.5 -1.0
vt 0.5 -1.0
vt -1.5 -1.0
vt -1.5 -1.0
vt -0.5 1.0
vt 1.0 1.0
vt 2.0 0.03125
vt -0.5 0.03125
vt 0.0 1.0
vt 1.5 1.0
vt 1.5 0.03125
vt -1.0 0.03125
vt 1.0 -0.34375
vt 2.0 -0.375
vt 1.0 -0.125
vt 3.0 -0.125
vt 3.0 0.0
vt 1.0 0.0
vt 1.0 -0.125
vt 3.0 -0.125
vt 3.0 -0.125
vt 2.0 -0.375
vt 3.0 -0.34375
vt 1.0 -0.125
vt -1.0 0.0
vt -1.0 -0.125
vt 1.0 -0.34375
vt 1.0 -0.34375
vt 3.0 -0.34375
vt 1.0 -0.125
vt 3.0 -0.125
vt 1.0 0.0
vt 3.0 0.0
vt -1.0 -0.34375
vt 1.0 0.0
vt 1.0 0.0
vt -1.0 0.0
vt 1.0 -1.0
vt -1.0 -1.0
vt 1.0 -1.0
vt -1.0 -1.0
vt 1.0 0.0
vt -1.0 0.0
vt 1.0 -1.0
vt -1.0 -1.0
vt -1.0 -1.0
vt 1.0 -1.0
vt 0.0 -0.96875
vt 0.0 0.0
vt 1.0 0.0
vt 2.0 -0.96875
vt 1.0 0.0
vt 2.0 0.0
vt -1.5 -1.0
vt -1.5 -1.0
vt 0.5 -1.0
vt 0.5 -1.0
vt -0.5 0.0
vt -1.5 -1.0
vt 0.5 -1.0
vt 0.5 -1.0
vt -1.5 -1.0
vt -1.5 -1.0
vt -0.5 1.0
vt 1.0 1.0
vt 2.0 0.03125
vt -0.5 0.03125
vt 0.0 1.0
vt 1.5 1.0
vt 1.5 0.03125
vt -1.0 0.03125
vt 1.0 -0.34375
vt 2.0 -0.375
vt 1.0 -0.125
vt 3.0 -0.125
vt 3.0 0.0
vt 1.0 0.0
vt 1.0 -0.125
vt 3.0 -0.125
vt 3.0 -0.125
vt 2.0 -0.375
vt 3.0 -0.34375
vt 1.0 -0.125
vt -1.0 0.0
vt -1.0 -0.125
vt 1.0 -0.34375
vt 1.0 -0.34375
vt 3.0 -0.34375
vt 1.0 -0.125
vt 3.0 -0.125
vt 1.0 0.0
vt 3.0 0.0
vt -1.0 -0.34375
vt 1.0 0.0
vt 1.0 0.0
vt -1.0 0.0
vt 1.0 -1.0
vt -1.0 -1.0
vt 1.0 -1.0
vt -1.0 -1.0
vt 1.0 0.0
vt -1.0 0.0
vt 1.0 -1.0
vt -1.0 -1.0
vt -1.0 -1.0
vt 1.0 -1.0
vt 0.0 -0.96875
vt 0.0 0.0
vt 1.0 0.0
vt 2.0 -0.96875
vt 1.0 0.0
vt 2.0 0.0
vt 0.0 1.0
vt 0.0 0.0
vt 4.0 0.0
vt 4.0 1.0
vt 0.0 2.0
vt 0.0 0.0
vt 1.0 0.0
vt 1.0 2.0
vt 16.0 16.0
vt 13.0 16.0
vt 13.0 13.5
vt 16.0 13.5
vt -1.5 -1.0
vt -1.5 -1.0
vt 0.5 -1.0
vt 0.5 -1.0
vt -0.5 0.0
vt -1.5 -1.0
vt 0.5 -1.0
vt 0.5 -1.0
vt -1.5 -1.0
vt -1.5 -1.0
vt -0.5 1.0
vt 1.0 1.0
vt 2.0 0.03125
vt -0.5 0.03125
vt 0.0 1.0
vt 1.5 1.0
vt 1.5 0.03125
vt -1.0 0.03125
vt 1.0 -0.34375
vt 2.0 -0.375
vt 1.0 -0.125
vt 3.0 -0.125
vt 3.0 0.0
vt 1.0 0.0
vt 1.0 -0.125
vt 3.0 -0.125
vt 3.0 -0.125
vt 2.0 -0.375
vt 3.0 -0.34375
vt 1.0 -0.125
vt -1.0 0.0
vt -1.0 -0.125
vt 1.0 -0.34375
vt 1.0 -0.34375
vt 3.0 -0.34375
vt 1.0 -0.125
vt 3.0 -0.125
vt 1.0 0.0
vt 3.0 0.0
vt -1.0 -0.34375
vt 1.0 0.0
vt 1.0 0.0
vt -1.0 0.0
vt 1.0 -1.0
vt -1.0 -1.0
vt 1.0 -1.0
vt -1.0 -1.0
vt 1.0 0.0
vt -1.0 0.0
vt 1.0 -1.0
vt -1.0 -1.0
vt -1.0 -1.0
vt 1.0 -1.0
vt 0.0 -0.96875
vt 0.0 0.0
vt 1.0 0.0
vt 2.0 -0.96875
vt 1.0 0.0
vt 2.0 0.0
vt 0.0 1.0
vt 0.0 0.0
vt 4.0 0.0
vt 4.0 1.0
vt 0.0 2.0
vt 0.0 0.0
vt 1.0 0.0
vt 1.0 2.0
vt 14.5 13.5
vt 16.0 12.0
vt 16.0 13.5
vt 14.5 12.0
vt -1.5 -1.0
vt -1.5 -1.0
vt 0.5 -1.0
vt 0.5 -1.0
vt -0.5 0.0
vt -1.5 -1.0
vt 0.5 -1.0
vt 0.5 -1.0
vt -1.5 -1.0
vt -1.5 -1.0
vt -0.5 1.0
vt 1.0 1.0
vt 2.0 0.03125
vt -0.5 0.03125
vt 0.0 1.0
vt 1.5 1.0
vt 1.5 0.03125
vt -1.0 0.03125
vt 1.0 -0.34375
vt 2.0 -0.375
vt 1.0 -0.125
vt 3.0 -0.125
vt 3.0 0.0
vt 1.0 0.0
vt 1.0 -0.125
vt 3.0 -0.125
vt 3.0 -0.125
vt 2.0 -0.375
vt 3.0 -0.34375
vt 1.0 -0.125
vt -1.0 0.0
vt -1.0 -0.125
vt 1.0 -0.34375
vt 1.0 -0.34375
vt 3.0 -0.34375
vt 1.0 -0.125
vt 3.0 -0.125
vt 1.0 0.0
vt 3.0 0.0
vt -1.0 -0.34375
vt 1.0 0.0
vt 1.0 0.0
vt -1.0 0.0
vt 1.0 -1.0
vt -1.0 -1.0
vt 1.0 -1.0
vt -1.0 -1.0
vt 1.0 0.0
vt -1.0 0.0
vt 1.0 -1.0
vt -1.0 -1.0
vt -1.0 -1.0
vt 1.0 -1.0
vt 0.0 -0.96875
vt 0.0 0.0
vt 1.0 0.0
vt 2.0 -0.96875
vt 1.0 0.0
vt 2.0 0.0
vt 0.0 3.0
vt 0.0 0.0
vt 1.0 0.0
vt 1.0 3.0
vt 1.0 0.5
vt 1.0 0.0
vt 1.03125 0.1875
vt 1.15625 0.03125
vt 1.5 0.0
vt -0.470703 -0.892578
vt -0.345703 -0.892578
vt -0.345703 -0.605469
vt -0.158203 -0.892578
vt -0.158203 -0.605469
vt -0.033203 -0.892578
vt -0.158203 -0.109375
vt -0.251953 -0.015625
vt -0.345703 -0.109375
vt 0.841797 -0.486328
vt 0.998047 -0.486328
vt 0.966797 -0.392578
vt 0.841797 -0.392578
vt 0.498047 -0.486328
vt 0.654297 -0.486328
vt 0.654297 -0.392578
vt 0.529297 -0.392578
vt 2.5 -0.394531
vt 2.5 -0.097656
vt 0.0 -0.097656
vt 0.0 -0.394531
vt 2.5 -0.015625
vt 0.0 -0.015625
vt 2.5 -0.394531
vt 0.0 -0.394531
vt 0.0 -0.488281
vt 2.5 -0.488281
vt 1.0 -0.394531
vt 1.0 -0.097656
vt 0.0 -0.097656
vt 0.0 -0.394531
vt 1.0 -0.015625
vt 0.0 -0.015625
vt 1.0 -0.394531
vt 0.0 -0.394531
vt 0.0 -0.488281
vt 1.0 -0.488281
vt 1.0 0.5
vt 1.0 0.0
vt 1.03125 0.1875
vt 1.15625 0.03125
vt 1.5 0.0
vt -0.470703 -0.892578
vt -0.345703 -0.892578
vt -0.345703 -0.605469
vt -0.158203 -0.892578
vt -0.158203 -0.605469
vt -0.033203 -0.892578
vt -0.158203 -0.109375
vt -0.251953 -0.015625
vt -0.345703 -0.109375
vt 0.841797 -0.486328
vt 0.998047 -0.486328
vt 0.966797 -0.392578
vt 0.841797 -0.392578
vt 0.498047 -0.486328
vt 0.654297 -0.486328
vt 0.654297 -0.392578
vt 0.529297 -0.392578
vt 2.0 -0.394531
vt 2.0 -0.097656
vt 0.0 -0.097656
vt 0.0 -0.394531
vt 2.0 -0.015625
vt 0.0 -0.015625
vt 2.0 -0.394531
vt 0.0 -0.394531
vt 0.0 -0.488281
vt 2.0 -0.488281
vt 2.5 -0.394531
vt 2.5 -0.097656
vt 0.0 -0.097656
vt 0.0 -0.394531
vt 2.5 -0.015625
vt 0.0 -0.015625
vt 2.5 -0.394531
vt 0.0 -0.394531
vt 0.0 -0.488281
vt 2.5 -0.488281
vt 0.0 -1.0
vt -1.0 -1.0
vt -1.0 -2.0
vt 0.0 -2.0
vt 0.0 0.0
vt 0.0 -1.0
vt -1.0 -1.0
vt -1.0 0.0
vt 0.0 0.0
vt -1.0 0.0
vt -1.0 -1.0
vt 0.0 -1.0
vt 0.0 -2.0
vt 0.0 -1.0
vt -1.0 -1.0
vt -1.0 -2.0
vt 0.0 -1.0
vt -1.0 -1.0
vt -1.0 -2.0
vt 0.0 -2.0
vt 0.0 0.0
vt 0.0 -1.0
vt -1.0 -1.0
vt -1.0 0.0
vt 0.0 0.0
vt -1.0 0.0
vt -1.0 -1.0
vt 0.0 -1.0
vt 0.0 -2.0
vt 0.0 -1.0
vt -1.0 -1.0
vt -1.0 -2.0
vt 1.0 0.5
vt 1.0 0.0
vt 1.03125 0.1875
vt 1.15625 0.03125
vt 1.5 0.0
vt -0.470703 -0.892578
vt -0.345703 -0.892578
vt -0.345703 -0.605469
vt -0.158203 -0.892578
vt -0.158203 -0.605469
vt -0.033203 -0.892578
vt -0.158203 -0.109375
vt -0.251953 -0.015625
vt -0.345703 -0.109375
vt 0.841797 -0.486328
vt 0.998047 -0.486328
vt 0.966797 -0.392578
vt 0.841797 -0.392578
vt 0.498047 -0.486328
vt 0.654297 -0.486328
vt 0.654297 -0.392578
vt 0.529297 -0.392578
vt 1.0 -0.394531
vt 1.0 -0.097656
vt 0.0 -0.097656
vt 0.0 -0.394531
vt 1.0 -0.015625
vt 0.0 -0.015625
vt 1.0 -0.394531
vt 0.0 -0.394531
vt 0.0 -0.488281
vt 1.0 -0.488281
vt 0.4375 -0.09375
vt 0.4375 -0.390625
vt 0.285156 -0.09375
vt 0.285156 -0.390625
vt 0.4375 -0.390625
vt 0.4375 0.105469
vt 0.285156 0.105469
vt 0.285156 0.013672
vt 0.4375 0.105469
vt 0.753906 -0.099609
vt 1.0 -0.099609
vt 1.0 -0.013672
vt 0.5 -0.013672
vt 0.4375 -0.09375
vt 0.285156 -0.09375
vt 0.4375 -0.390625
vt 1.0 -0.099609
vt 1.279297 -0.099609
vt 1.5 -0.013672
vt 1.0 -0.013672
vt 1.0 -0.394531
vt 1.0 -0.097656
vt 0.0 -0.097656
vt 0.0 -0.394531
vt 1.0 -0.015625
vt 0.0 -0.015625
vt 1.0 -0.394531
vt 0.0 -0.394531
vt 0.0 -0.488281
vt 1.0 -0.488281
vt 0.0 -1.0
vt -1.0 -1.0
vt -1.0 -2.0
vt 0.0 -2.0
vt 0.0 0.0
vt 0.0 -1.0
vt -1.0 -1.0
vt -1.0 0.0
vt 0.0 0.0
vt -1.0 0.0
vt -1.0 -1.0
vt 0.0 -1.0
vt 0.0 -2.0
vt 0.0 -1.0
vt -1.0 -1.0
vt -1.0 -2.0
vt 0.0 -1.0
vt -1.0 -1.0
vt -1.0 -2.0
vt 0.0 -2.0
vt 0.0 0.0
vt 0.0 -1.0
vt -1.0 -1.0
vt -1.0 0.0
vt 0.0 0.0
vt -1.0 0.0
vt -1.0 -1.0
vt 0.0 -1.0
vt 0.0 -2.0
vt 0.0 -1.0
vt -1.0 -1.0
vt -1.0 -2.0
vt 1.0 0.5
vt 1.0 0.0
vt 1.03125 0.1875
vt 1.15625 0.03125
vt 1.5 0.0
vt -0.470703 -0.892578
vt -0.345703 -0.892578
vt -0.345703 -0.605469
vt -0.158203 -0.892578
vt -0.158203 -0.605469
vt -0.033203 -0.892578
vt -0.158203 -0.109375
vt -0.251953 -0.015625
vt -0.345703 -0.109375
vt 0.841797 -0.486328
vt 0.998047 -0.486328
vt 0.966797 -0.392578
vt 0.841797 -0.392578
vt 0.498047 -0.486328
vt 0.654297 -0.486328
vt 0.654297 -0.392578
vt 0.529297 -0.392578
vt 1.0 0.5
vt 1.0 0.0
vt 1.03125 0.1875
vt 1.15625 0.03125
vt 1.5 0.0
vt -0.470703 -0.892578
vt -0.345703 -0.892578
vt -0.345703 -0.605469
vt -0.158203 -0.892578
vt -0.158203 -0.605469
vt -0.033203 -0.892578
vt -0.158203 -0.109375
vt -0.251953 -0.015625
vt -0.345703 -0.109375
vt 0.841797 -0.486328
vt 0.998047 -0.486328
vt 0.966797 -0.392578
vt 0.841797 -0.392578
vt 0.498047 -0.486328
vt 0.654297 -0.486328
vt 0.654297 -0.392578
vt 0.529297 -0.392578
vt 1.0 -0.394531
vt 1.0 -0.097656
vt 0.0 -0.097656
vt 0.0 -0.394531
vt 1.0 -0.015625
vt 0.0 -0.015625
vt 1.0 -0.394531
vt 0.0 -0.394531
vt 0.0 -0.488281
vt 1.0 -0.488281
vt 0.4375 -0.09375
vt 0.4375 -0.390625
vt 0.285156 -0.09375
vt 0.285156 -0.390625
vt 0.4375 -0.390625
vt 0.4375 0.105469
vt 0.285156 0.105469
vt 0.285156 0.013672
vt 0.4375 0.105469
vt 0.753906 -0.099609
vt 1.0 -0.099609
vt 1.0 -0.013672
vt 0.5 -0.013672
vt 0.4375 -0.09375
vt 0.285156 -0.09375
vt 0.4375 -0.390625
vt 1.0 -0.099609
vt 1.279297 -0.099609
vt 1.5 -0.013672
vt 1.0 -0.013672
vt 0.5 -0.394531
vt 0.5 -0.097656
vt 0.0 -0.097656
vt 0.0 -0.394531
vt 0.5 -0.015625
vt 0.0 -0.015625
vt 0.5 -0.394531
vt 0.0 -0.394531
vt 0.0 -0.488281
vt 0.5 -0.488281
vt 1.0 0.0
vt 0.0 0.0
vt 0.0 -1.0
vt 1.0 -1.0
vt 1.0 0.0
vt 0.0 0.0
vt 0.0 -1.0
vt 1.0 -1.0
vt 1.0 0.0
vt 0.0 0.0
vt 0.0 -1.0
vt 1.0 -1.0
vt 1.0 0.0
vt 0.0 0.0
vt 0.0 -1.0
vt 1.0 -1.0
vt 1.0 0.0
vt 0.0 0.0
vt 0.0 -1.0
vt 1.0 -1.0
vt 1.0 0.0
vt 0.0 0.0
vt 0.0 -1.0
vt 1.0 -1.0
vt 1.0 0.0
vt 0.0 0.0
vt 0.0 -2.0
vt 1.0 -2.0
vt 1.0 0.0
vt 0.0 0.0
vt 0.0 -2.0
vt 1.0 -2.0
vt 1.0 0.0
vt 0.0 0.0
vt 0.0 -2.0
vt 1.0 -2.0
vt 2.0 0.0
vt 0.0 0.0
vt 0.0 -1.0
vt 2.0 -1.0
vt 2.0 0.0
vt 0.0 0.0
vt 0.0 -1.0
vt 2.0 -1.0
vt 2.0 0.0
vt 0.0 0.0
vt 0.0 -1.0
vt 2.0 -1.0
vt 1.0 0.0
vt 0.0 0.0
vt 0.0 -2.0
vt 1.0 -2.0
vt 1.0 0.0
vt 0.0 0.0
vt 0.0 -2.0
vt 1.0 -2.0
vt 1.0 0.0
vt 0.0 0.0
vt 0.0 -2.0
vt 1.0 -2.0
vt 2.0 0.0
vt 0.0 0.0
vt 0.0 -1.0
vt 2.0 -1.0
vt 2.0 0.0
vt 0.0 0.0
vt 0.0 -1.0
vt 2.0 -1.0
vt 2.0 0.0
vt 0.0 0.0
vt 0.0 -1.0
vt 2.0 -1.0
vt 1.0 0.0
vt 0.0 0.0
vt 0.0 -1.0
vt 1.0 -1.0
vt 1.0 0.0
vt 0.0 0.0
vt 0.0 -1.0
vt 1.0 -1.0
vt 1.0 0.0
vt 0.0 0.0
vt 0.0 -1.0
vt 1.0 -1.0
vt 1.0 0.0
vt 0.0 0.0
vt 0.0 -2.0
vt 1.0 -2.0
vt 1.0 0.0
vt 0.0 0.0
vt 0.0 -2.0
vt 1.0 -2.0
vt 1.0 0.0
vt 0.0 0.0
vt 0.0 -2.0
vt 1.0 -2.0
vt 1.0 0.0
vt 0.0 0.0
vt 0.0 -1.0
vt 1.0 -1.0
vt 1.0 0.0
vt 0.0 0.0
vt 0.0 -1.0
vt 1.0 -1.0
vt 1.0 0.0
vt 0.0 0.0
vt 0.0 -1.0
vt 1.0 -1.0
vt 1.0 0.0
vt 0.0 0.0
vt 0.0 -2.0
vt 1.0 -2.0
vt 1.0 0.0
vt 0.0 0.0
vt 0.0 -2.0
vt 1.0 -2.0
vt 1.0 0.0
vt 0.0 0.0
vt 0.0 -2.0
vt 1.0 -2.0
vt 1.0 0.0
vt 0.0 0.0
vt 0.0 -1.0
vt 1.0 -1.0
vt 1.0 0.0
vt 0.0 0.0
vt 0.0 -1.0
vt 1.0 -1.0
vt 1.0 0.0
vt 0.0 0.0
vt 0.0 -1.0
vt 1.0 -1.0
vt 1.0 0.0
vt 0.0 0.0
vt 0.0 -1.0
vt 1.0 -1.0
vt 1.0 0.0
vt 0.0 0.0
vt 0.0 -1.0
vt 1.0 -1.0
vt 1.0 0.0
vt 0.0 0.0
vt 0.0 -1.0
vt 1.0 -1.0
vt 1.0 0.0
vt 0.0 0.0
vt 0.0 -2.0
vt 1.0 -2.0
vt 1.0 0.0
vt 0.0 0.0
vt 0.0 -2.0
vt 1.0 -2.0
vt 1.0 0.0
vt 0.0 0.0
vt 0.0 -2.0
vt 1.0 -2.0
vt 1.0 0.0
vt 0.0 0.0
vt 0.0 -1.0
vt 1.0 -1.0
vt 1.0 0.0
vt 0.0 0.0
vt 0.0 -1.0
vt 1.0 -1.0
vt 1.0 0.0
vt 0.0 0.0
vt 0.0 -1.0
vt 1.0 -1.0
vt 1.0 0.0
vt 0.0 0.0
vt 0.0 -1.0
vt 1.0 -1.0
vt 1.0 0.0
vt 0.0 0.0
vt 0.0 -1.0
vt 1.0 -1.0
vt 1.0 0.0
vt 0.0 0.0
vt 0.0 -1.0
vt 1.0 -1.0
vt 2.0 0.0
vt 0.0 0.0
vt 0.0 -4.0
vt 2.0 -4.0
vt 2.0 0.0
vt 0.0 0.0
vt 0.0 -4.0
vt 2.0 -4.0
vt 2.0 0.0
vt 0.0 0.0
vt 0.0 -4.0
vt 2.0 -4.0
vt 1.0 0.0
vt 0.0 0.0
vt 0.0 -4.0
vt 1.0 -4.0
vt 1.0 0.0
vt 0.0 0.0
vt 0.0 -4.0
vt 1.0 -4.0
vt 1.0 0.0
vt 0.0 0.0
vt 0.0 -4.0
vt 1.0 -4.0
vt 1.0 0.0
vt 0.0 0.0
vt 0.0 -2.0
vt 1.0 -2.0
vt 1.0 0.0
vt 0.0 0.0
vt 0.0 -2.0
vt 1.0 -2.0
vt 1.0 0.0
vt 0.0 0.0
vt 0.0 -2.0
vt 1.0 -2.0
vt 1.0 0.0
vt 0.0 0.0
vt 0.0 -2.0
vt 1.0 -2.0
vt 1.0 0.0
vt 0.0 0.0
vt 0.0 -2.0
vt 1.0 -2.0
vt 1.0 0.0
vt 0.0 0.0
vt 0.0 -2.0
vt 1.0 -2.0
vt 1.0 0.0
vt 0.0 0.0
vt 0.0 -1.0
vt 1.0 -1.0
vt 1.0 0.0
vt 0.0 0.0
vt 0.0 -1.0
vt 1.0 -1.0
vt 1.0 0.0
vt 0.0 0.0
vt 0.0 -1.0
vt 1.0 -1.0
vt 1.0 0.0
vt 0.0 0.0
vt 0.0 -1.0
vt 1.0 -1.0
vt 1.0 0.0
vt 0.0 0.0
vt 0.0 -1.0
vt 1.0 -1.0
vt 1.0 0.0
vt 0.0 0.0
vt 0.0 -1.0
vt 1.0 -1.0
vt 1.0 0.0
vt 0.0 0.0
vt 0.0 -1.0
vt 1.0 -1.0
vt 1.0 0.0
vt 0.0 0.0
vt 0.0 -1.0
vt 1.0 -1.0
vt 1.0 0.0
vt 0.0 0.0
vt 0.0 -1.0
vt 1.0 -1.0
vt 1.0 0.0
vt 0.0 0.0
vt 0.0 -3.0
vt 1.0 -3.0
vt 1.0 0.0
vt 0.0 0.0
vt 0.0 -3.0
vt 1.0 -3.0
vt 1.0 0.0
vt 0.0 0.0
vt 0.0 -3.0
vt 1.0 -3.0
vt 3.0 0.0
vt 0.0 0.0
vt 0.0 -2.0
vt 3.0 -2.0
vt 3.0 0.0
vt 0.0 0.0
vt 0.0 -2.0
vt 3.0 -2.0
vt 3.0 0.0
vt 0.0 0.0
vt 0.0 -2.0
vt 3.0 -2.0
vt 1.0 0.0
vt 0.0 0.0
vt 0.0 -2.0
vt 1.0 -2.0
vt 1.0 0.0
vt 0.0 0.0
vt 0.0 -2.0
vt 1.0 -2.0
vt 1.0 0.0
vt 0.0 0.0
vt 0.0 -2.0
vt 1.0 -2.0
vt 2.0 0.0
vt 0.0 0.0
vt 0.0 -1.0
vt 2.0 -1.0
vt 2.0 0.0
vt 0.0 0.0
vt 0.0 -1.0
vt 2.0 -1.0
vt 2.0 0.0
vt 0.0 0.0
vt 0.0 -1.0
vt 2.0 -1.0
vt 1.0 0.0
vt 0.0 0.0
vt 0.0 -1.0
vt 1.0 -1.0
vt 1.0 0.0
vt 0.0 0.0
vt 0.0 -1.0
vt 1.0 -1.0
vt 1.0 0.0
vt 0.0 0.0
vt 0.0 -1.0
vt 1.0 -1.0
vt 1.0 0.0
vt 0.0 0.0
vt 0.0 -2.0
vt 1.0 -2.0
vt 1.0 0.0
vt 0.0 0.0
vt 0.0 -2.0
vt 1.0 -2.0
vt 1.0 0.0
vt 0.0 0.0
vt 0.0 -2.0
vt 1.0 -2.0
vt 1.0 0.0
vt 0.0 0.0
vt 0.0 -2.0
vt 1.0 -2.0
vt 1.0 0.0
vt 0.0 0.0
vt 0.0 -2.0
vt 1.0 -2.0
vt 1.0 0.0
vt 0.0 0.0
vt 0.0 -2.0
vt 1.0 -2.0
vt 1.0 0.0
vt 0.0 0.0
vt 0.0 -3.0
vt 1.0 -3.0
vt 1.0 0.0
vt 0.0 0.0
vt 0.0 -3.0
vt 1.0 -3.0
vt 1.0 0.0
vt 0.0 0.0
vt 0.0 -3.0
vt 1.0 -3.0
vt 1.0 0.0
vt 0.0 0.0
vt 0.0 -3.0
vt 1.0 -3.0
vt 1.0 0.0
vt 0.0 0.0
vt 0.0 -3.0
vt 1.0 -3.0
vt 1.0 0.0
vt 0.0 0.0
vt 0.0 -3.0
vt 1.0 -3.0
vt 0.542969 -0.62793
vt 0.189453 -0.62793
vt 0.34375 -0.1875
vt 0.542969 -0.1875
vt 0.042969 -0.62793
vt 0.144531 -0.977539
vt -0.019531 -0.977539
vt 0.895508 -0.62793
vt 0.94043 -0.977539
vt 1.105469 -0.977539
vt 1.106445 -0.457031
vt 0.94043 -0.977539
vt 0.542969 -0.977539
vt 0.895508 -0.62793
vt 0.261719 -0.1875
vt 0.741211 -0.1875
vt 0.34375 -0.1875
vt 0.144531 -0.977539
vt 0.542969 -0.977539
vt 0.722656 -0.442383
vt 0.542969 0.0
vt 1.000977 -0.420898
vt 0.99707 -0.575195
vt 0.685547 -0.015625
vt 0.321289 -0.06543
vt 0.420898 -0.204102
vt 1.004883 -0.558594
vt 0.879883 -0.181641
vt 1.0 -0.990234
vt 0.5 0.570312
vt 0.0 -0.990234
vt 1.0 -0.990234
vt 0.0 -0.990234
vt 1.0 -0.990234
vt 0.0 -0.990234
vt 1.0 -0.990234
vt 0.0 -0.990234
vt 1.0 -0.990234
vt 0.0 -0.990234
vt 1.0 -0.990234
vt 0.0 -0.990234
vt 1.0 -0.990234
vt 0.0 -0.990234
vt 1.0 -0.990234
vt 0.0 -0.990234
vt 1.0 -0.990234
vt 0.0 -0.990234
vt 1.0 -0.990234
vt 0.0 -0.990234
vt 1.0 -0.990234
vt 0.0 -0.990234
vt 1.0 -0.990234
vt 0.0 -0.990234
vt 1.0 0.0
vt 0.0 0.0
vt 0.0 -1.0
vt 1.0 -1.0
vt 1.0 0.0
vt 0.0 0.0
vt 0.0 -1.0
vt 1.0 -1.0
vt 1.0 0.0
vt 0.0 0.0
vt 0.0 -1.0
vt 1.0 -1.0
vt 3.0 0.0
vt 0.0 0.0
vt 0.0 -1.0
vt 3.0 -1.0
vt 3.0 0.0
vt 0.0 0.0
vt 0.0 -1.0
vt 3.0 -1.0
vt 3.0 0.0
vt 0.0 0.0
vt 0.0 -1.0
vt 3.0 -1.0
vt 2.0 0.0
vt 0.0 0.0
vt 0.0 -2.0
vt 2.0 -2.0
vt 2.0 0.0
vt 0.0 0.0
vt 0.0 -2.0
vt 2.0 -2.0
vt 2.0 0.0
vt 0.0 0.0
vt 0.0 -2.0
vt 2.0 -2.0
vt 1.0 0.0
vt 0.0 0.0
vt 0.0 -2.0
vt 1.0 -2.0
vt 1.0 0.0
vt 0.0 0.0
vt 0.0 -2.0
vt 1.0 -2.0
vt 1.0 0.0
vt 0.0 0.0
vt 0.0 -2.0
vt 1.0 -2.0
vt 1.0 0.0
vt 0.0 0.0
vt 0.0 -2.0
vt 1.0 -2.0
vt 1.0 0.0
vt 0.0 0.0
vt 0.0 -2.0
vt 1.0 -2.0
vt 1.0 0.0
vt 0.0 0.0
vt 0.0 -2.0
vt 1.0 -2.0
vt 1.0 0.0
vt 0.0 0.0
vt 0.0 -4.0
vt 1.0 -4.0
vt 1.0 0.0
vt 0.0 0.0
vt 0.0 -4.0
vt 1.0 -4.0
vt 1.0 0.0
vt 0.0 0.0
vt 0.0 -4.0
vt 1.0 -4.0
vt 1.0 0.0
vt 0.0 0.0
vt 0.0 -2.0
vt 1.0 -2.0
vt 1.0 0.0
vt 0.0 0.0
vt 0.0 -2.0
vt 1.0 -2.0
vt 1.0 0.0
vt 0.0 0.0
vt 0.0 -2.0
vt 1.0 -2.0
vt 2.0 0.0
vt 0.0 0.0
vt 0.0 -1.0
vt 2.0 -1.0
vt 2.0 0.0
vt 0.0 0.0
vt 0.0 -1.0
vt 2.0 -1.0
vt 2.0 0.0
vt 0.0 0.0
vt 0.0 -1.0
vt 2.0 -1.0
vt 1.0 0.0
vt 0.0 0.0
vt 0.0 -1.0
vt 1.0 -1.0
vt 1.0 0.0
vt 0.0 0.0
vt 0.0 -1.0
vt 1.0 -1.0
vt 1.0 0.0
vt 0.0 0.0
vt 0.0 -1.0
vt 1.0 -1.0
vt 2.0 0.0
vt 0.0 0.0
vt 0.0 -1.0
vt 2.0 -1.0
vt 2.0 0.0
vt 0.0 0.0
vt 0.0 -1.0
vt 2.0 -1.0
vt 2.0 0.0
vt 0.0 0.0
vt 0.0 -1.0
vt 2.0 -1.0
vt 1.0 0.0
vt 0.0 0.0
vt 0.0 -1.0
vt 1.0 -1.0
vt 1.0 0.0
vt 0.0 0.0
vt 0.0 -1.0
vt 1.0 -1.0
vt 1.0 0.0
vt 0.0 0.0
vt 0.0 -1.0
vt 1.0 -1.0
vt 1.0 0.0
vt 0.0 0.0
vt 0.0 -3.0
vt 1.0 -3.0
vt 1.0 0.0
vt 0.0 0.0
vt 0.0 -3.0
vt 1.0 -3.0
vt 1.0 0.0
vt 0.0 0.0
vt 0.0 -3.0
vt 1.0 -3.0
vt 1.0 0.0
vt 0.0 0.0
vt 0.0 -4.0
vt 1.0 -4.0
vt 1.0 0.0
vt 0.0 0.0
vt 0.0 -4.0
vt 1.0 -4.0
vt 1.0 0.0
vt 0.0 0.0
vt 0.0 -4.0
vt 1.0 -4.0
vt 1.0 0.0
vt 0.0 0.0
vt 0.0 -1.0
vt 1.0 -1.0
vt 1.0 0.0
vt 0.0 0.0
vt 0.0 -1.0
vt 1.0 -1.0
vt 1.0 0.0
vt 0.0 0.0
vt 0.0 -1.0
vt 1.0 -1.0
vt 1.0 0.0
vt 0.0 0.0
vt 0.0 -2.0
vt 1.0 -2.0
vt 1.0 0.0
vt 0.0 0.0
vt 0.0 -2.0
vt 1.0 -2.0
vt 1.0 0.0
vt 0.0 0.0
vt 0.0 -2.0
vt 1.0 -2.0
vt 4.0 0.0
vt 0.0 0.0
vt 0.0 -1.0
vt 4.0 -1.0
vt 4.0 0.0
vt 0.0 0.0
vt 0.0 -1.0
vt 4.0 -1.0
vt 4.0 0.0
vt 0.0 0.0
vt 0.0 -1.0
vt 4.0 -1.0
vt 1.0 0.0
vt 0.0 0.0
vt 0.0 -1.0
vt 1.0 -1.0
vt 1.0 0.0
vt 0.0 0.0
vt 0.0 -1.0
vt 1.0 -1.0
vt 1.0 0.0
vt 0.0 0.0
vt 0.0 -1.0
vt 1.0 -1.0
vt 3.0 0.0
vt 0.0 0.0
vt 0.0 -1.0
vt 3.0 -1.0
vt 3.0 0.0
vt 0.0 0.0
vt 0.0 -1.0
vt 3.0 -1.0
vt 3.0 0.0
vt 0.0 0.0
vt 0.0 -1.0
vt 3.0 -1.0
vt 2.0 0.0
vt 0.0 0.0
vt 0.0 -1.0
vt 2.0 -1.0
vt 2.0 0.0
vt 0.0 0.0
vt 0.0 -1.0
vt 2.0 -1.0
vt 2.0 0.0
vt 0.0 0.0
vt 0.0 -1.0
vt 2.0 -1.0
vt 3.0 0.0
vt 0.0 0.0
vt 0.0 -1.0
vt 3.0 -1.0
vt 3.0 0.0
vt 0.0 0.0
vt 0.0 -1.0
vt 3.0 -1.0
vt 3.0 0.0
vt 0.0 0.0
vt 0.0 -1.0
vt 3.0 -1.0
vt 2.0 0.0
vt 0.0 0.0
vt 0.0 -1.0
vt 2.0 -1.0
vt 2.0 0.0
vt 0.0 0.0
vt 0.0 -1.0
vt 2.0 -1.0
vt 2.0 0.0
vt 0.0 0.0
vt 0.0 -1.0
vt 2.0 -1.0
vt 1.0 0.0
vt 0.0 0.0
vt 0.0 -1.0
vt 1.0 -1.0
vt 1.0 0.0
vt 0.0 0.0
vt 0.0 -1.0
vt 1.0 -1.0
vt 1.0 0.0
vt 0.0 0.0
vt 0.0 -1.0
vt 1.0 -1.0
vt 4.0 0.0
vt 0.0 0.0
vt 0.0 -1.0
vt 4.0 -1.0
vt 4.0 0.0
vt 0.0 0.0
vt 0.0 -1.0
vt 4.0 -1.0
vt 4.0 0.0
vt 0.0 0.0
vt 0.0 -1.0
vt 4.0 -1.0
vt 1.0 0.0
vt 0.0 0.0
vt 0.0 -1.0
vt 1.0 -1.0
vt 1.0 0.0
vt 0.0 0.0
vt 0.0 -1.0
vt 1.0 -1.0
vt 1.0 0.0
vt 0.0 0.0
vt 0.0 -1.0
vt 1.0 -1.0
vt 1.0 0.0
vt 0.0 0.0
vt 0.0 -1.0
vt 1.0 -1.0
vt 1.0 0.0
vt 0.0 0.0
vt 0.0 -1.0
vt 1.0 -1.0
vt 1.0 0.0
vt 0.0 0.0
vt 0.0 -1.0
vt 1.0 -1.0
vt 2.0 0.0
vt 0.0 0.0
vt 0.0 -1.0
vt 2.0 -1.0
vt 2.0 0.0
vt 0.0 0.0
vt 0.0 -1.0
vt 2.0 -1.0
vt 2.0 0.0
vt 0.0 0.0
vt 0.0 -1.0
vt 2.0 -1.0
vt 1.0 0.0
vt 0.0 0.0
vt 0.0 -1.0
vt 1.0 -1.0
vt 1.0 0.0
vt 0.0 0.0
vt 0.0 -1.0
vt 1.0 -1.0
vt 1.0 0.0
vt 0.0 0.0
vt 0.0 -1.0
vt 1.0 -1.0
vt 4.0 0.0
vt 0.0 0.0
vt 0.0 -1.0
vt 4.0 -1.0
vt 4.0 0.0
vt 0.0 0.0
vt 0.0 -1.0
vt 4.0 -1.0
vt 4.0 0.0
vt 0.0 0.0
vt 0.0 -1.0
vt 4.0 -1.0
vt 1.0 0.0
vt 0.0 0.0
vt 0.0 -2.0
vt 1.0 -2.0
vt 1.0 0.0
vt 0.0 0.0
vt 0.0 -2.0
vt 1.0 -2.0
vt 1.0 0.0
vt 0.0 0.0
vt 0.0 -2.0
vt 1.0 -2.0
vt 2.0 0.0
vt 0.0 0.0
vt 0.0 -1.0
vt 2.0 -1.0
vt 2.0 0.0
vt 0.0 0.0
vt 0.0 -1.0
vt 2.0 -1.0
vt 2.0 0.0
vt 0.0 0.0
vt 0.0 -1.0
vt 2.0 -1.0
vt 2.0 0.0
vt 0.0 0.0
vt 0.0 -1.0
vt 2.0 -1.0
vt 2.0 0.0
vt 0.0 0.0
vt 0.0 -1.0
vt 2.0 -1.0
vt 2.0 0.0
vt 0.0 0.0
vt 0.0 -1.0
vt 2.0 -1.0
vt 1.0 0.0
vt 0.0 0.0
vt 0.0 -3.0
vt 1.0 -3.0
vt 1.0 0.0
vt 0.0 0.0
vt 0.0 -3.0
vt 1.0 -3.0
vt 1.0 0.0
vt 0.0 0.0
vt 0.0 -3.0
vt 1.0 -3.0
vt 1.0 0.0
vt 0.0 0.0
vt 0.0 -2.0
vt 1.0 -2.0
vt 1.0 0.0
vt 0.0 0.0
vt 0.0 -2.0
vt 1.0 -2.0
vt 1.0 0.0
vt 0.0 0.0
vt 0.0 -2.0
vt 1.0 -2.0
vt 3.0 0.0
vt 0.0 0.0
vt 0.0 -1.0
vt 3.0 -1.0
vt 3.0 0.0
vt 0.0 0.0
vt 0.0 -1.0
vt 3.0 -1.0
vt 3.0 0.0
vt 0.0 0.0
vt 0.0 -1.0
vt 3.0 -1.0
vt 1.0 0.0
vt 0.0 0.0
vt 0.0 -1.0
vt 1.0 -1.0
vt 1.0 0.0
vt 0.0 0.0
vt 0.0 -1.0
vt 1.0 -1.0
vt 1.0 0.0
vt 0.0 0.0
vt 0.0 -1.0
vt 1.0 -1.0
vt 2.0 0.0
vt 0.0 0.0
vt 0.0 -2.0
vt 2.0 -2.0
vt 2.0 0.0
vt 0.0 0.0
vt 0.0 -2.0
vt 2.0 -2.0
vt 2.0 0.0
vt 0.0 0.0
vt 0.0 -2.0
vt 2.0 -2.0
vt 1.0 0.0
vt 0.0 0.0
vt 0.0 -1.0
vt 1.0 -1.0
vt 1.0 0.0
vt 0.0 0.0
vt 0.0 -1.0
vt 1.0 -1.0
vt 1.0 0.0
vt 0.0 0.0
vt 0.0 -1.0
vt 1.0 -1.0
vt 1.0 0.0
vt 0.0 0.0
vt 0.0 -1.0
vt 1.0 -1.0
vt 1.0 0.0
vt 0.0 0.0
vt 0.0 -1.0
vt 1.0 -1.0
vt 1.0 0.0
vt 0.0 0.0
vt 0.0 -1.0
vt 1.0 -1.0
vt 1.0 4.0
vt 0.0 4.0
vt 0.0 0.0
vt 1.0 0.0
vt 0.5 8.0
vt 0.0 8.0
vt 0.0 4.0
vt 0.5 4.0
vt 0.5 12.0
vt 0.0 12.0
vt 0.0 8.0
vt 0.5 8.0
vt 1.0 16.0
vt 0.0 16.0
vt 0.0 12.0
vt 1.0 12.0
vt 1.0 6.5
vt 0.5 6.5
vt 0.5 4.0
vt 1.0 4.0
vt 0.753906 -0.599609
vt 1.0 -0.599609
vt 1.0 -0.513672
vt 0.5 -0.513672
vt 1.0 -0.599609
vt 1.279297 -0.599609
vt 1.5 -0.513672
vt 1.0 -0.513672
vt 0.4375 -0.59375
vt 0.4375 -0.890625
vt 0.285156 -0.59375
vt 0.285156 -0.890625
vt 0.4375 -0.890625
vt 0.4375 -0.394531
vt 0.285156 -0.394531
vt 0.285156 -0.486328
vt 0.4375 -0.394531
vt 0.4375 -0.59375
vt 0.285156 -0.59375
vt 0.4375 -0.890625
vt 2.0 -0.894531
vt 2.0 -0.597656
vt 0.0 -0.597656
vt 0.0 -0.894531
vt 2.0 -0.515625
vt 0.0 -0.515625
vt 2.0 -0.894531
vt 0.0 -0.894531
vt 0.0 -0.988281
vt 2.0 -0.988281
vt 0.753906 -0.599609
vt 1.0 -0.599609
vt 1.0 -0.513672
vt 0.5 -0.513672
vt 1.0 -0.599609
vt 1.279297 -0.599609
vt 1.5 -0.513672
vt 1.0 -0.513672
vt 0.4375 -0.59375
vt 0.4375 -0.890625
vt 0.285156 -0.59375
vt 0.285156 -0.890625
vt 0.4375 -0.890625
vt 0.4375 -0.394531
vt 0.285156 -0.394531
vt 0.285156 -0.486328
vt 0.4375 -0.394531
vt 0.4375 -0.59375
vt 0.285156 -0.59375
vt 0.4375 -0.890625
vt 1.0 12.0
vt 0.5 12.0
vt 0.5 9.5
vt 1.0 9.5
vt 4.0 -0.894531
vt 4.0 -0.597656
vt 0.0 -0.597656
vt 0.0 -0.894531
vt 4.0 -0.515625
vt 0.0 -0.515625
vt 4.0 -0.894531
vt 0.0 -0.894531
vt 0.0 -0.988281
vt 4.0 -0.988281
vt 2.5 -0.894531
vt 2.5 -0.597656
vt 0.0 -0.597656
vt 0.0 -0.894531
vt 2.5 -0.515625
vt 0.0 -0.515625
vt 2.5 -0.894531
vt 0.0 -0.894531
vt 0.0 -0.988281
vt 2.5 -0.988281
vt 0.841797 -0.986328
vt 0.998047 -0.986328
vt 0.966797 -0.892578
vt 0.841797 -0.892578
vt 0.498047 -0.986328
vt 0.654297 -0.986328
vt 0.654297 -0.892578
vt 0.529297 -0.892578
vt -0.470703 -1.392578
vt -0.345703 -1.392578
vt -0.345703 -1.105469
vt -0.158203 -1.392578
vt -0.158203 -1.105469
vt -0.033203 -1.392578
vt -0.158203 -0.609375
vt -0.251953 -0.515625
vt -0.345703 -0.609375
vt 1.0 0.5
vt 1.0 0.0
vt 1.03125 0.1875
vt 1.15625 0.03125
vt 1.5 0.0
vt 1.0 7.0
vt 3.5 7.0
vt 3.5 8.5
vt 1.0 8.5
vt 3.0 9.0
vt 1.0 9.0
vt 1.0 8.5
vt 3.0 8.5
vt 0.841797 -0.986328
vt 0.998047 -0.986328
vt 0.966797 -0.892578
vt 0.841797 -0.892578
vt 0.498047 -0.986328
vt 0.654297 -0.986328
vt 0.654297 -0.892578
vt 0.529297 -0.892578
vt -0.470703 -1.392578
vt -0.345703 -1.392578
vt -0.345703 -1.105469
vt -0.158203 -1.392578
vt -0.158203 -1.105469
vt -0.033203 -1.392578
vt -0.158203 -0.609375
vt -0.251953 -0.515625
vt -0.345703 -0.609375
vt 1.0 0.5
vt 1.0 0.0
vt 1.03125 0.1875
vt 1.15625 0.03125
vt 1.5 0.0
vt 4.0 -0.894531
vt 4.0 -0.597656
vt 0.0 -0.597656
vt 0.0 -0.894531
vt 4.0 -0.515625
vt 0.0 -0.515625
vt 4.0 -0.894531
vt 0.0 -0.894531
vt 0.0 -0.988281
vt 4.0 -0.988281
vt 2.5 -0.894531
vt 2.5 -0.597656
vt 0.0 -0.597656
vt 0.0 -0.894531
vt 2.5 -0.515625
vt 0.0 -0.515625
vt 2.5 -0.894531
vt 0.0 -0.894531
vt 0.0 -0.988281
vt 2.5 -0.988281
vt 3.0 4.0
vt 1.5 4.0
vt 1.5 0.0
vt 3.0 0.0
vt 3.5 7.0
vt 1.5 7.0
vt 1.5 4.0
vt 3.5 4.0
vt 3.0 13.0
vt 1.5 13.0
vt 1.5 9.0
vt 3.0 9.0
vt 3.5 16.0
vt 1.5 16.0
vt 1.5 13.0
vt 3.5 13.0
vt 3.0 -0.894531
vt 3.0 -0.597656
vt 0.0 -0.597656
vt 0.0 -0.894531
vt 3.0 -0.515625
vt 0.0 -0.515625
vt 3.0 -0.894531
vt 0.0 -0.894531
vt 0.0 -0.988281
vt 3.0 -0.988281
vt 0.753906 -0.599609
vt 1.0 -0.599609
vt 1.0 -0.513672
vt 0.5 -0.513672
vt 1.0 -0.599609
vt 1.279297 -0.599609
vt 1.5 -0.513672
vt 1.0 -0.513672
vt 0.4375 -0.59375
vt 0.4375 -0.890625
vt 0.285156 -0.59375
vt 0.285156 -0.890625
vt 0.4375 -0.890625
vt 0.4375 -0.394531
vt 0.285156 -0.394531
vt 0.285156 -0.486328
vt 0.4375 -0.394531
vt 0.4375 -0.59375
vt 0.285156 -0.59375
vt 0.4375 -0.890625
vt 3.5 4.0
vt 3.0 4.0
vt 3.0 3.5
vt 3.5 3.5
vt 0.753906 -0.599609
vt 1.0 -0.599609
vt 1.0 -0.513672
vt 0.5 -0.513672
vt 1.0 -0.599609
vt 1.279297 -0.599609
vt 1.5 -0.513672
vt 1.0 -0.513672
vt 0.4375 -0.59375
vt 0.4375 -0.890625
vt 0.285156 -0.59375
vt 0.285156 -0.890625
vt 0.4375 -0.890625
vt 0.4375 -0.394531
vt 0.285156 -0.394531
vt 0.285156 -0.486328
vt 0.4375 -0.394531
vt 0.4375 -0.59375
vt 0.285156 -0.59375
vt 0.4375 -0.890625
vt 3.5 -0.894531
vt 3.5 -0.597656
vt 0.0 -0.597656
vt 0.0 -0.894531
vt 3.5 -0.515625
vt 0.0 -0.515625
vt 3.5 -0.894531
vt 0.0 -0.894531
vt 0.0 -0.988281
vt 3.5 -0.988281
vt 0.753906 -0.599609
vt 1.0 -0.599609
vt 1.0 -0.513672
vt 0.5 -0.513672
vt 1.0 -0.599609
vt 1.279297 -0.599609
vt 1.5 -0.513672
vt 1.0 -0.513672
vt 0.4375 -0.59375
vt 0.4375 -0.890625
vt 0.285156 -0.59375
vt 0.285156 -0.890625
vt 0.4375 -0.890625
vt 0.4375 -0.394531
vt 0.285156 -0.394531
vt 0.285156 -0.486328
vt 0.4375 -0.394531
vt 0.4375 -0.59375
vt 0.285156 -0.59375
vt 0.4375 -0.890625
vt 0.0 6.0
vt 0.0 0.0
vt 4.0 0.0
vt 4.0 6.0
vt 0.841797 -0.986328
vt 0.998047 -0.986328
vt 0.966797 -0.892578
vt 0.841797 -0.892578
vt 0.498047 -0.986328
vt 0.654297 -0.986328
vt 0.654297 -0.892578
vt 0.529297 -0.892578
vt -0.470703 -1.392578
vt -0.345703 -1.392578
vt -0.345703 -1.105469
vt -0.158203 -1.392578
vt -0.158203 -1.105469
vt -0.033203 -1.392578
vt -0.158203 -0.609375
vt -0.251953 -0.515625
vt -0.345703 -0.609375
vt 1.0 0.5
vt 1.0 0.0
vt 1.03125 0.1875
vt 1.15625 0.03125
vt 1.5 0.0
vt 4.0 -0.894531
vt 4.0 -0.597656
vt 0.0 -0.597656
vt 0.0 -0.894531
vt 4.0 -0.515625
vt 0.0 -0.515625
vt 4.0 -0.894531
vt 0.0 -0.894531
vt 0.0 -0.988281
vt 4.0 -0.988281
vt 1.0 -0.894531
vt 1.0 -0.597656
vt 0.0 -0.597656
vt 0.0 -0.894531
vt 1.0 -0.515625
vt 0.0 -0.515625
vt 1.0 -0.894531
vt 0.0 -0.894531
vt 0.0 -0.988281
vt 1.0 -0.988281
vt 0.841797 -0.986328
vt 0.998047 -0.986328
vt 0.966797 -0.892578
vt 0.841797 -0.892578
vt 0.498047 -0.986328
vt 0.654297 -0.986328
vt 0.654297 -0.892578
vt 0.529297 -0.892578
vt -0.470703 -1.392578
vt -0.345703 -1.392578
vt -0.345703 -1.105469
vt -0.158203 -1.392578
vt -0.158203 -1.105469
vt -0.033203 -1.392578
vt -0.158203 -0.609375
vt -0.251953 -0.515625
vt -0.345703 -0.609375
vt 1.0 0.5
vt 1.0 0.0
vt 1.03125 0.1875
vt 1.15625 0.03125
vt 1.5 0.0
vt 0.0 2.0
vt 0.0 0.0
vt 8.0 0.0
vt 8.0 2.0
vt 0.0 5.0
vt 0.0 0.0
vt 5.0 0.0
vt 5.0 5.0
vt 0.841797 -0.986328
vt 0.998047 -0.986328
vt 0.966797 -0.892578
vt 0.841797 -0.892578
vt 0.498047 -0.986328
vt 0.654297 -0.986328
vt 0.654297 -0.892578
vt 0.529297 -0.892578
vt -0.470703 -1.392578
vt -0.345703 -1.392578
vt -0.345703 -1.105469
vt -0.158203 -1.392578
vt -0.158203 -1.105469
vt -0.033203 -1.392578
vt -0.158203 -0.609375
vt -0.251953 -0.515625
vt -0.345703 -0.609375
vt 1.0 0.5
vt 1.0 0.0
vt 1.03125 0.1875
vt 1.15625 0.03125
vt 1.5 0.0
vt 3.0 -0.894531
vt 3.0 -0.597656
vt 0.0 -0.597656
vt 0.0 -0.894531
vt 3.0 -0.515625
vt 0.0 -0.515625
vt 3.0 -0.894531
vt 0.0 -0.894531
vt 0.0 -0.988281
vt 3.0 -0.988281
vt 0.0 8.0
vt 0.0 0.0
vt 3.0 0.0
vt 3.0 8.0
vt 0.0 4.0
vt 0.0 0.0
vt 7.0 0.0
vt 7.0 4.0
vt 0.0 7.0
vt 0.0 0.0
vt 3.0 0.0
vt 3.0 7.0
vt 0.0 3.0
vt 0.0 0.0
vt 1.0 0.0
vt 1.0 3.0
vt 0.753906 -0.599609
vt 1.0 -0.599609
vt 1.0 -0.513672
vt 0.5 -0.513672
vt 1.0 -0.599609
vt 1.279297 -0.599609
vt 1.5 -0.513672
vt 1.0 -0.513672
vt 0.4375 -0.59375
vt 0.4375 -0.890625
vt 0.285156 -0.59375
vt 0.285156 -0.890625
vt 0.4375 -0.890625
vt 0.4375 -0.394531
vt 0.285156 -0.394531
vt 0.285156 -0.486328
vt 0.4375 -0.394531
vt 0.4375 -0.59375
vt 0.285156 -0.59375
vt 0.4375 -0.890625
vt 3.0 -0.894531
vt 3.0 -0.597656
vt 0.0 -0.597656
vt 0.0 -0.894531
vt 3.0 -0.515625
vt 0.0 -0.515625
vt 3.0 -0.894531
vt 0.0 -0.894531
vt 0.0 -0.988281
vt 3.0 -0.988281
vt 0.753906 -0.599609
vt 1.0 -0.599609
vt 1.0 -0.513672
vt 0.5 -0.513672
vt 1.0 -0.599609
vt 1.279297 -0.599609
vt 1.5 -0.513672
vt 1.0 -0.513672
vt 0.4375 -0.59375
vt 0.4375 -0.890625
vt 0.285156 -0.59375
vt 0.285156 -0.890625
vt 0.4375 -0.890625
vt 0.4375 -0.394531
vt 0.285156 -0.394531
vt 0.285156 -0.486328
vt 0.4375 -0.394531
vt 0.4375 -0.59375
vt 0.285156 -0.59375
vt 0.4375 -0.890625
vt 0.0 3.0
vt 0.0 0.0
vt 8.0 0.0
vt 8.0 3.0
vt 0.0 3.0
vt 0.0 0.0
vt 1.0 0.0
vt 1.0 3.0
vt 0.841797 -0.986328
vt 0.998047 -0.986328
vt 0.966797 -0.892578
vt 0.841797 -0.892578
vt 0.498047 -0.986328
vt 0.654297 -0.986328
vt 0.654297 -0.892578
vt 0.529297 -0.892578
vt -0.470703 -1.392578
vt -0.345703 -1.392578
vt -0.345703 -1.105469
vt -0.158203 -1.392578
vt -0.158203 -1.105469
vt -0.033203 -1.392578
vt -0.158203 -0.609375
vt -0.251953 -0.515625
vt -0.345703 -0.609375
vt 1.0 0.5
vt 1.0 0.0
vt 1.03125 0.1875
vt 1.15625 0.03125
vt 1.5 0.0
vt 1.5 -0.894531
vt 1.5 -0.597656
vt 0.0 -0.597656
vt 0.0 -0.894531
vt 1.5 -0.515625
vt 0.0 -0.515625
vt 1.5 -0.894531
vt 0.0 -0.894531
vt 0.0 -0.988281
vt 1.5 -0.988281
vt 1.5 -0.894531
vt 1.5 -0.597656
vt 0.0 -0.597656
vt 0.0 -0.894531
vt 1.5 -0.515625
vt 0.0 -0.515625
vt 1.5 -0.894531
vt 0.0 -0.894531
vt 0.0 -0.988281
vt 1.5 -0.988281
vt 0.841797 -0.986328
vt 0.998047 -0.986328
vt 0.966797 -0.892578
vt 0.841797 -0.892578
vt 0.498047 -0.986328
vt 0.654297 -0.986328
vt 0.654297 -0.892578
vt 0.529297 -0.892578
vt -0.470703 -1.392578
vt -0.345703 -1.392578
vt -0.345703 -1.105469
vt -0.158203 -1.392578
vt -0.158203 -1.105469
vt -0.033203 -1.392578
vt -0.158203 -0.609375
vt -0.251953 -0.515625
vt -0.345703 -0.609375
vt 1.0 0.5
vt 1.0 0.0
vt 1.03125 0.1875
vt 1.15625 0.03125
vt 1.5 0.0
vt 0.0 1.0
vt 0.0 0.0
vt 8.0 0.0
vt 8.0 1.0
vt 0.0 4.0
vt 0.0 0.0
vt 6.0 0.0
vt 6.0 4.0
vt 0.0 1.0
vt 0.0 0.0
vt 4.0 0.0
vt 4.0 1.0
vt 2.0 -0.894531
vt 2.0 -0.597656
vt 0.0 -0.597656
vt 0.0 -0.894531
vt 2.0 -0.515625
vt 0.0 -0.515625
vt 2.0 -0.894531
vt 0.0 -0.894531
vt 0.0 -0.988281
vt 2.0 -0.988281
vt 0.841797 -0.986328
vt 0.998047 -0.986328
vt 0.966797 -0.892578
vt 0.841797 -0.892578
vt 0.498047 -0.986328
vt 0.654297 -0.986328
vt 0.654297 -0.892578
vt 0.529297 -0.892578
vt -0.470703 -1.392578
vt -0.345703 -1.392578
vt -0.345703 -1.105469
vt -0.158203 -1.392578
vt -0.158203 -1.105469
vt -0.033203 -1.392578
vt -0.158203 -0.609375
vt -0.251953 -0.515625
vt -0.345703 -0.609375
vt 1.0 0.5
vt 1.0 0.0
vt 1.03125 0.1875
vt 1.15625 0.03125
vt 1.5 0.0
vt 3.5 -0.894531
vt 3.5 -0.597656
vt 0.0 -0.597656
vt 0.0 -0.894531
vt 3.5 -0.515625
vt 0.0 -0.515625
vt 3.5 -0.894531
vt 0.0 -0.894531
vt 0.0 -0.988281
vt 3.5 -0.988281
vt 0.753906 -0.599609
vt 1.0 -0.599609
vt 1.0 -0.513672
vt 0.5 -0.513672
vt 1.0 -0.599609
vt 1.279297 -0.599609
vt 1.5 -0.513672
vt 1.0 -0.513672
vt 0.4375 -0.59375
vt 0.4375 -0.890625
vt 0.285156 -0.59375
vt 0.285156 -0.890625
vt 0.4375 -0.890625
vt 0.4375 -0.394531
vt 0.285156 -0.394531
vt 0.285156 -0.486328
vt 0.4375 -0.394531
vt 0.4375 -0.59375
vt 0.285156 -0.59375
vt 0.4375 -0.890625
vt 0.0 3.0
vt 0.0 0.0
vt 2.0 0.0
vt 2.0 3.0
vt 0.0 4.0
vt 0.0 0.0
vt 8.0 0.0
vt 8.0 4.0
vt 1.0 -0.894531
vt 1.0 -0.597656
vt 0.0 -0.597656
vt 0.0 -0.894531
vt 1.0 -0.515625
vt 0.0 -0.515625
vt 1.0 -0.894531
vt 0.0 -0.894531
vt 0.0 -0.988281
vt 1.0 -0.988281
vt 0.0 8.0
vt 0.0 0.0
vt 1.0 0.0
vt 1.0 8.0
vt 0.0 1.0
vt 0.0 0.0
vt 3.0 0.0
vt 3.0 1.0
vt 0.841797 -0.986328
vt 0.998047 -0.986328
vt 0.966797 -0.892578
vt 0.841797 -0.892578
vt 0.498047 -0.986328
vt 0.654297 -0.986328
vt 0.654297 -0.892578
vt 0.529297 -0.892578
vt -0.470703 -1.392578
vt -0.345703 -1.392578
vt -0.345703 -1.105469
vt -0.158203 -1.392578
vt -0.158203 -1.105469
vt -0.033203 -1.392578
vt -0.158203 -0.609375
vt -0.251953 -0.515625
vt -0.345703 -0.609375
vt 1.0 0.5
vt 1.0 0.0
vt 1.03125 0.1875
vt 1.15625 0.03125
vt 1.5 0.0
vt 4.0 -0.894531
vt 4.0 -0.597656
vt 0.0 -0.597656
vt 0.0 -0.894531
vt 4.0 -0.515625
vt 0.0 -0.515625
vt 4.0 -0.894531
vt 0.0 -0.894531
vt 0.0 -0.988281
vt 4.0 -0.988281
vt 0.5 -0.894531
vt 0.5 -0.597656
vt 0.0 -0.597656
vt 0.0 -0.894531
vt 0.5 -0.515625
vt 0.0 -0.515625
vt 0.5 -0.894531
vt 0.0 -0.894531
vt 0.0 -0.988281
vt 0.5 -0.988281
vt 0.841797 -0.986328
vt 0.998047 -0.986328
vt 0.966797 -0.892578
vt 0.841797 -0.892578
vt 0.498047 -0.986328
vt 0.654297 -0.986328
vt 0.654297 -0.892578
vt 0.529297 -0.892578
vt -0.470703 -1.392578
vt -0.345703 -1.392578
vt -0.345703 -1.105469
vt -0.158203 -1.392578
vt -0.158203 -1.105469
vt -0.033203 -1.392578
vt -0.158203 -0.609375
vt -0.251953 -0.515625
vt -0.345703 -0.609375
vt 1.0 0.5
vt 1.0 0.0
vt 1.03125 0.1875
vt 1.15625 0.03125
vt 1.5 0.0
vt 2.5 -0.894531
vt 2.5 -0.597656
vt 0.0 -0.597656
vt 0.0 -0.894531
vt 2.5 -0.515625
vt 0.0 -0.515625
vt 2.5 -0.894531
vt 0.0 -0.894531
vt 0.0 -0.988281
vt 2.5 -0.988281
vt 0.753906 -0.599609
vt 1.0 -0.599609
vt 1.0 -0.513672
vt 0.5 -0.513672
vt 1.0 -0.599609
vt 1.279297 -0.599609
vt 1.5 -0.513672
vt 1.0 -0.513672
vt 0.4375 -0.59375
vt 0.4375 -0.890625
vt 0.285156 -0.59375
vt 0.285156 -0.890625
vt 0.4375 -0.890625
vt 0.4375 -0.394531
vt 0.285156 -0.394531
vt 0.285156 -0.486328
vt 0.4375 -0.394531
vt 0.4375 -0.59375
vt 0.285156 -0.59375
vt 0.4375 -0.890625
vt 1.0 -0.894531
vt 1.0 -0.597656
vt 0.0 -0.597656
vt 0.0 -0.894531
vt 1.0 -0.515625
vt 0.0 -0.515625
vt 1.0 -0.894531
vt 0.0 -0.894531
vt 0.0 -0.988281
vt 1.0 -0.988281
vt 8.5 15.5
vt 8.5 11.5
vt 7.5 15.5
vt 7.5 11.5
vt 7.5 16.0
vt 8.5 15.5
vt 8.5 16.0
vt 7.5 15.5
vt 0.841797 -0.986328
vt 0.998047 -0.986328
vt 0.966797 -0.892578
vt 0.841797 -0.892578
vt 0.498047 -0.986328
vt 0.654297 -0.986328
vt 0.654297 -0.892578
vt 0.529297 -0.892578
vt -0.470703 -1.392578
vt -0.345703 -1.392578
vt -0.345703 -1.105469
vt -0.158203 -1.392578
vt -0.158203 -1.105469
vt -0.033203 -1.392578
vt -0.158203 -0.609375
vt -0.251953 -0.515625
vt -0.345703 -0.609375
vt 1.0 0.5
vt 1.0 0.0
vt 1.03125 0.1875
vt 1.15625 0.03125
vt 1.5 0.0
vt 0.753906 -0.599609
vt 1.0 -0.599609
vt 1.0 -0.513672
vt 0.5 -0.513672
vt 1.0 -0.599609
vt 1.279297 -0.599609
vt 1.5 -0.513672
vt 1.0 -0.513672
vt 0.4375 -0.59375
vt 0.4375 -0.890625
vt 0.285156 -0.59375
vt 0.285156 -0.890625
vt 0.4375 -0.890625
vt 0.4375 -0.394531
vt 0.285156 -0.394531
vt 0.285156 -0.486328
vt 0.4375 -0.394531
vt 0.4375 -0.59375
vt 0.285156 -0.59375
vt 0.4375 -0.890625
vt 3.0 -0.894531
vt 3.0 -0.597656
vt 0.0 -0.597656
vt 0.0 -0.894531
vt 3.0 -0.515625
vt 0.0 -0.515625
vt 3.0 -0.894531
vt 0.0 -0.894531
vt 0.0 -0.988281
vt 3.0 -0.988281
vt 0.0 2.0
vt 0.0 0.0
vt 8.0 0.0
vt 8.0 2.0
vt 0.0 4.0
vt 0.0 0.0
vt 1.0 0.0
vt 1.0 4.0
vt 0.5 -0.894531
vt 0.5 -0.597656
vt 0.0 -0.597656
vt 0.0 -0.894531
vt 0.5 -0.515625
vt 0.0 -0.515625
vt 0.5 -0.894531
vt 0.0 -0.894531
vt 0.0 -0.988281
vt 0.5 -0.988281
vt 0.0 1.0
vt 0.0 0.0
vt 5.0 0.0
vt 5.0 1.0
vt 0.0 2.0
vt 0.0 0.0
vt 2.0 0.0
vt 2.0 2.0
vt 0.841797 -0.986328
vt 0.998047 -0.986328
vt 0.966797 -0.892578
vt 0.841797 -0.892578
vt 0.498047 -0.986328
vt 0.654297 -0.986328
vt 0.654297 -0.892578
vt 0.529297 -0.892578
vt -0.470703 -1.392578
vt -0.345703 -1.392578
vt -0.345703 -1.105469
vt -0.158203 -1.392578
vt -0.158203 -1.105469
vt -0.033203 -1.392578
vt -0.158203 -0.609375
vt -0.251953 -0.515625
vt -0.345703 -0.609375
vt 1.0 0.5
vt 1.0 0.0
vt 1.03125 0.1875
vt 1.15625 0.03125
vt 1.5 0.0
vt 1.0 -0.894531
vt 1.0 -0.597656
vt 0.0 -0.597656
vt 0.0 -0.894531
vt 1.0 -0.515625
vt 0.0 -0.515625
vt 1.0 -0.894531
vt 0.0 -0.894531
vt 0.0 -0.988281
vt 1.0 -0.988281
vt 0.753906 -0.599609
vt 1.0 -0.599609
vt 1.0 -0.513672
vt 0.5 -0.513672
vt 1.0 -0.599609
vt 1.279297 -0.599609
vt 1.5 -0.513672
vt 1.0 -0.513672
vt 0.4375 -0.59375
vt 0.4375 -0.890625
vt 0.285156 -0.59375
vt 0.285156 -0.890625
vt 0.4375 -0.890625
vt 0.4375 -0.394531
vt 0.285156 -0.394531
vt 0.285156 -0.486328
vt 0.4375 -0.394531
vt 0.4375 -0.59375
vt 0.285156 -0.59375
vt 0.4375 -0.890625
vt 10.5 12.5
vt 8.5 12.5
vt 8.5 11.5
vt 10.5 11.5
vt 0.841797 -0.986328
vt 0.998047 -0.986328
vt 0.966797 -0.892578
vt 0.841797 -0.892578
vt 0.498047 -0.986328
vt 0.654297 -0.986328
vt 0.654297 -0.892578
vt 0.529297 -0.892578
vt -0.470703 -1.392578
vt -0.345703 -1.392578
vt -0.345703 -1.105469
vt -0.158203 -1.392578
vt -0.158203 -1.105469
vt -0.033203 -1.392578
vt -0.158203 -0.609375
vt -0.251953 -0.515625
vt -0.345703 -0.609375
vt 1.0 0.5
vt 1.0 0.0
vt 1.03125 0.1875
vt 1.15625 0.03125
vt 1.5 0.0
vt 3.0 -0.894531
vt 3.0 -0.597656
vt 0.0 -0.597656
vt 0.0 -0.894531
vt 3.0 -0.515625
vt 0.0 -0.515625
vt 3.0 -0.894531
vt 0.0 -0.894531
vt 0.0 -0.988281
vt 3.0 -0.988281
vt 0.841797 -0.986328
vt 0.998047 -0.986328
vt 0.966797 -0.892578
vt 0.841797 -0.892578
vt 0.498047 -0.986328
vt 0.654297 -0.986328
vt 0.654297 -0.892578
vt 0.529297 -0.892578
vt -0.470703 -1.392578
vt -0.345703 -1.392578
vt -0.345703 -1.105469
vt -0.158203 -1.392578
vt -0.158203 -1.105469
vt -0.033203 -1.392578
vt -0.158203 -0.609375
vt -0.251953 -0.515625
vt -0.345703 -0.609375
vt 1.0 0.5
vt 1.0 0.0
vt 1.03125 0.1875
vt 1.15625 0.03125
vt 1.5 0.0
vt 1.5 -0.894531
vt 1.5 -0.597656
vt 0.0 -0.597656
vt 0.0 -0.894531
vt 1.5 -0.515625
vt 0.0 -0.515625
vt 1.5 -0.894531
vt 0.0 -0.894531
vt 0.0 -0.988281
vt 1.5 -0.988281
vt 0.753906 -0.599609
vt 1.0 -0.599609
vt 1.0 -0.513672
vt 0.5 -0.513672
vt 1.0 -0.599609
vt 1.279297 -0.599609
vt 1.5 -0.513672
vt 1.0 -0.513672
vt 0.4375 -0.59375
vt 0.4375 -0.890625
vt 0.285156 -0.59375
vt 0.285156 -0.890625
vt 0.4375 -0.890625
vt 0.4375 -0.394531
vt 0.285156 -0.394531
vt 0.285156 -0.486328
vt 0.4375 -0.394531
vt 0.4375 -0.59375
vt 0.285156 -0.59375
vt 0.4375 -0.890625
vt 0.5 -0.894531
vt 0.5 -0.597656
vt 0.0 -0.597656
vt 0.0 -0.894531
vt 0.5 -0.515625
vt 0.0 -0.515625
vt 0.5 -0.894531
vt 0.0 -0.894531
vt 0.0 -0.988281
vt 0.5 -0.988281
vt 12.0 11.0
vt 9.0 11.0
vt 9.0 10.0
vt 12.0 10.0
vt 10.5 11.5
vt 9.0 11.0
vt 9.0 11.5
vt 10.5 11.0
vt 1.5 -0.894531
vt 1.5 -0.597656
vt 0.0 -0.597656
vt 0.0 -0.894531
vt 1.5 -0.515625
vt 0.0 -0.515625
vt 1.5 -0.894531
vt 0.0 -0.894531
vt 0.0 -0.988281
vt 1.5 -0.988281
vt 0.0 6.0
vt 0.0 0.0
vt 1.0 0.0
vt 1.0 6.0
vt 1.0 -0.894531
vt 1.0 -0.597656
vt 0.0 -0.597656
vt 0.0 -0.894531
vt 1.0 -0.515625
vt 0.0 -0.515625
vt 1.0 -0.894531
vt 0.0 -0.894531
vt 0.0 -0.988281
vt 1.0 -0.988281
vt 0.0 1.0
vt 0.0 0.0
vt 8.0 0.0
vt 8.0 1.0
vt 0.0 2.0
vt 0.0 0.0
vt 5.0 0.0
vt 5.0 2.0
vt 0.0 1.0
vt 0.0 0.0
vt 3.0 0.0
vt 3.0 1.0
vt 0.0 3.0
vt 0.0 0.0
vt 3.0 0.0
vt 3.0 3.0
vt 0.841797 -0.986328
vt 0.998047 -0.986328
vt 0.966797 -0.892578
vt 0.841797 -0.892578
vt 0.498047 -0.986328
vt 0.654297 -0.986328
vt 0.654297 -0.892578
vt 0.529297 -0.892578
vt -0.470703 -1.392578
vt -0.345703 -1.392578
vt -0.345703 -1.105469
vt -0.158203 -1.392578
vt -0.158203 -1.105469
vt -0.033203 -1.392578
vt -0.158203 -0.609375
vt -0.251953 -0.515625
vt -0.345703 -0.609375
vt 1.0 0.5
vt 1.0 0.0
vt 1.03125 0.1875
vt 1.15625 0.03125
vt 1.5 0.0
vt 0.5 -0.894531
vt 0.5 -0.597656
vt 0.0 -0.597656
vt 0.0 -0.894531
vt 0.5 -0.515625
vt 0.0 -0.515625
vt 0.5 -0.894531
vt 0.0 -0.894531
vt 0.0 -0.988281
vt 0.5 -0.988281
vt 0.753906 -0.599609
vt 1.0 -0.599609
vt 1.0 -0.513672
vt 0.5 -0.513672
vt 1.0 -0.599609
vt 1.279297 -0.599609
vt 1.5 -0.513672
vt 1.0 -0.513672
vt 0.4375 -0.59375
vt 0.4375 -0.890625
vt 0.285156 -0.59375
vt 0.285156 -0.890625
vt 0.4375 -0.890625
vt 0.4375 -0.394531
vt 0.285156 -0.394531
vt 0.285156 -0.486328
vt 0.4375 -0.394531
vt 0.4375 -0.59375
vt 0.285156 -0.59375
vt 0.4375 -0.890625
vt 0.0 1.0
vt 0.0 0.0
vt 4.0 0.0
vt 4.0 1.0
vt 0.0 1.0
vt 0.0 0.0
vt 1.0 0.0
vt 1.0 1.0
vt 2.5 -0.894531
vt 2.5 -0.597656
vt 0.0 -0.597656
vt 0.0 -0.894531
vt 2.5 -0.515625
vt 0.0 -0.515625
vt 2.5 -0.894531
vt 0.0 -0.894531
vt 0.0 -0.988281
vt 2.5 -0.988281
vt 13.5 9.5
vt 10.0 9.0
vt 10.0 9.5
vt 13.5 9.0
vt 12.0 10.0
vt 10.0 10.0
vt 10.0 9.5
vt 12.0 9.5
vt 0.0 2.0
vt 0.0 0.0
vt 8.0 0.0
vt 8.0 2.0
vt 0.0 1.0
vt 0.0 0.0
vt 5.0 0.0
vt 5.0 1.0
vt 0.841797 -0.986328
vt 0.998047 -0.986328
vt 0.966797 -0.892578
vt 0.841797 -0.892578
vt 0.498047 -0.986328
vt 0.654297 -0.986328
vt 0.654297 -0.892578
vt 0.529297 -0.892578
vt -0.470703 -1.392578
vt -0.345703 -1.392578
vt -0.345703 -1.105469
vt -0.158203 -1.392578
vt -0.158203 -1.105469
vt -0.033203 -1.392578
vt -0.158203 -0.609375
vt -0.251953 -0.515625
vt -0.345703 -0.609375
vt 1.0 0.5
vt 1.0 0.0
vt 1.03125 0.1875
vt 1.15625 0.03125
vt 1.5 0.0
vt 0.5 -0.894531
vt 0.5 -0.597656
vt 0.0 -0.597656
vt 0.0 -0.894531
vt 0.5 -0.515625
vt 0.0 -0.515625
vt 0.5 -0.894531
vt 0.0 -0.894531
vt 0.0 -0.988281
vt 0.5 -0.988281
vt 0.753906 -0.599609
vt 1.0 -0.599609
vt 1.0 -0.513672
vt 0.5 -0.513672
vt 1.0 -0.599609
vt 1.279297 -0.599609
vt 1.5 -0.513672
vt 1.0 -0.513672
vt 0.4375 -0.59375
vt 0.4375 -0.890625
vt 0.285156 -0.59375
vt 0.285156 -0.890625
vt 0.4375 -0.890625
vt 0.4375 -0.394531
vt 0.285156 -0.394531
vt 0.285156 -0.486328
vt 0.4375 -0.394531
vt 0.4375 -0.59375
vt 0.285156 -0.59375
vt 0.4375 -0.890625
vt 0.841797 -0.986328
vt 0.998047 -0.986328
vt 0.966797 -0.892578
vt 0.841797 -0.892578
vt 0.498047 -0.986328
vt 0.654297 -0.986328
vt 0.654297 -0.892578
vt 0.529297 -0.892578
vt -0.470703 -1.392578
vt -0.345703 -1.392578
vt -0.345703 -1.105469
vt -0.158203 -1.392578
vt -0.158203 -1.105469
vt -0.033203 -1.392578
vt -0.158203 -0.609375
vt -0.251953 -0.515625
vt -0.345703 -0.609375
vt 1.0 0.5
vt 1.0 0.0
vt 1.03125 0.1875
vt 1.15625 0.03125
vt 1.5 0.0
vt 1.0 -0.894531
vt 1.0 -0.597656
vt 0.0 -0.597656
vt 0.0 -0.894531
vt 1.0 -0.515625
vt 0.0 -0.515625
vt 1.0 -0.894531
vt 0.0 -0.894531
vt 0.0 -0.988281
vt 1.0 -0.988281
vt 0.753906 -0.599609
vt 1.0 -0.599609
vt 1.0 -0.513672
vt 0.5 -0.513672
vt 1.0 -0.599609
vt 1.279297 -0.599609
vt 1.5 -0.513672
vt 1.0 -0.513672
vt 0.4375 -0.59375
vt 0.4375 -0.890625
vt 0.285156 -0.59375
vt 0.285156 -0.890625
vt 0.4375 -0.890625
vt 0.4375 -0.394531
vt 0.285156 -0.394531
vt 0.285156 -0.486328
vt 0.4375 -0.394531
vt 0.4375 -0.59375
vt 0.285156 -0.59375
vt 0.4375 -0.890625
vt 2.0 -0.894531
vt 2.0 -0.597656
vt 0.0 -0.597656
vt 0.0 -0.894531
vt 2.0 -0.515625
vt 0.0 -0.515625
vt 2.0 -0.894531
vt 0.0 -0.894531
vt 0.0 -0.988281
vt 2.0 -0.988281
vt 0.0 2.0
vt 0.0 0.0
vt 8.0 0.0
vt 8.0 2.0
vt 0.841797 -0.986328
vt 0.998047 -0.986328
vt 0.966797 -0.892578
vt 0.841797 -0.892578
vt 0.498047 -0.986328
vt 0.654297 -0.986328
vt 0.654297 -0.892578
vt 0.529297 -0.892578
vt -0.470703 -1.392578
vt -0.345703 -1.392578
vt -0.345703 -1.105469
vt -0.158203 -1.392578
vt -0.158203 -1.105469
vt -0.033203 -1.392578
vt -0.158203 -0.609375
vt -0.251953 -0.515625
vt -0.345703 -0.609375
vt 1.0 0.5
vt 1.0 0.0
vt 1.03125 0.1875
vt 1.15625 0.03125
vt 1.5 0.0
vt 2.0 -0.894531
vt 2.0 -0.597656
vt 0.0 -0.597656
vt 0.0 -0.894531
vt 2.0 -0.515625
vt 0.0 -0.515625
vt 2.0 -0.894531
vt 0.0 -0.894531
vt 0.0 -0.988281
vt 2.0 -0.988281
vt 0.753906 -0.599609
vt 1.0 -0.599609
vt 1.0 -0.513672
vt 0.5 -0.513672
vt 1.0 -0.599609
vt 1.279297 -0.599609
vt 1.5 -0.513672
vt 1.0 -0.513672
vt 0.4375 -0.59375
vt 0.4375 -0.890625
vt 0.285156 -0.59375
vt 0.285156 -0.890625
vt 0.4375 -0.890625
vt 0.4375 -0.394531
vt 0.285156 -0.394531
vt 0.285156 -0.486328
vt 0.4375 -0.394531
vt 0.4375 -0.59375
vt 0.285156 -0.59375
vt 0.4375 -0.890625
vt 1.0 -0.894531
vt 1.0 -0.597656
vt 0.0 -0.597656
vt 0.0 -0.894531
vt 1.0 -0.515625
vt 0.0 -0.515625
vt 1.0 -0.894531
vt 0.0 -0.894531
vt 0.0 -0.988281
vt 1.0 -0.988281
vt 0.0 1.0
vt 0.0 0.0
vt 4.0 0.0
vt 4.0 1.0
vt 0.0 2.0
vt 0.0 0.0
vt 1.0 0.0
vt 1.0 2.0
vt 0.5 -0.894531
vt 0.5 -0.597656
vt 0.0 -0.597656
vt 0.0 -0.894531
vt 0.5 -0.515625
vt 0.0 -0.515625
vt 0.5 -0.894531
vt 0.0 -0.894531
vt 0.0 -0.988281
vt 0.5 -0.988281
vt 0.0 5.0
vt 0.0 0.0
vt 2.0 0.0
vt 2.0 5.0
vt 0.841797 -0.986328
vt 0.998047 -0.986328
vt 0.966797 -0.892578
vt 0.841797 -0.892578
vt 0.498047 -0.986328
vt 0.654297 -0.986328
vt 0.654297 -0.892578
vt 0.529297 -0.892578
vt -0.470703 -1.392578
vt -0.345703 -1.392578
vt -0.345703 -1.105469
vt -0.158203 -1.392578
vt -0.158203 -1.105469
vt -0.033203 -1.392578
vt -0.158203 -0.609375
vt -0.251953 -0.515625
vt -0.345703 -0.609375
vt 1.0 0.5
vt 1.0 0.0
vt 1.03125 0.1875
vt 1.15625 0.03125
vt 1.5 0.0
vt 0.5 -0.894531
vt 0.5 -0.597656
vt 0.0 -0.597656
vt 0.0 -0.894531
vt 0.5 -0.515625
vt 0.0 -0.515625
vt 0.5 -0.894531
vt 0.0 -0.894531
vt 0.0 -0.988281
vt 0.5 -0.988281
vt 0.753906 -0.599609
vt 1.0 -0.599609
vt 1.0 -0.513672
vt 0.5 -0.513672
vt 1.0 -0.599609
vt 1.279297 -0.599609
vt 1.5 -0.513672
vt 1.0 -0.513672
vt 0.4375 -0.59375
vt 0.4375 -0.890625
vt 0.285156 -0.59375
vt 0.285156 -0.890625
vt 0.4375 -0.890625
vt 0.4375 -0.394531
vt 0.285156 -0.394531
vt 0.285156 -0.486328
vt 0.4375 -0.394531
vt 0.4375 -0.59375
vt 0.285156 -0.59375
vt 0.4375 -0.890625
vt 0.0 2.0
vt 0.0 0.0
vt 1.0 0.0
vt 1.0 2.0
vt 0.841797 -0.986328
vt 0.998047 -0.986328
vt 0.966797 -0.892578
vt 0.841797 -0.892578
vt 0.498047 -0.986328
vt 0.654297 -0.986328
vt 0.654297 -0.892578
vt 0.529297 -0.892578
vt -0.470703 -1.392578
vt -0.345703 -1.392578
vt -0.345703 -1.105469
vt -0.158203 -1.392578
vt -0.158203 -1.105469
vt -0.033203 -1.392578
vt -0.158203 -0.609375
vt -0.251953 -0.515625
vt -0.345703 -0.609375
vt 1.0 0.5
vt 1.0 0.0
vt 1.03125 0.1875
vt 1.15625 0.03125
vt 1.5 0.0
vt 1.0 -0.894531
vt 1.0 -0.597656
vt 0.0 -0.597656
vt 0.0 -0.894531
vt 1.0 -0.515625
vt 0.0 -0.515625
vt 1.0 -0.894531
vt 0.0 -0.894531
vt 0.0 -0.988281
vt 1.0 -0.988281
vt 0.753906 -0.599609
vt 1.0 -0.599609
vt 1.0 -0.513672
vt 0.5 -0.513672
vt 1.0 -0.599609
vt 1.279297 -0.599609
vt 1.5 -0.513672
vt 1.0 -0.513672
vt 0.4375 -0.59375
vt 0.4375 -0.890625
vt 0.285156 -0.59375
vt 0.285156 -0.890625
vt 0.4375 -0.890625
vt 0.4375 -0.394531
vt 0.285156 -0.394531
vt 0.285156 -0.486328
vt 0.4375 -0.394531
vt 0.4375 -0.59375
vt 0.285156 -0.59375
vt 0.4375 -0.890625
vt 3.5 -0.894531
vt 3.5 -0.597656
vt 0.0 -0.597656
vt 0.0 -0.894531
vt 3.5 -0.515625
vt 0.0 -0.515625
vt 3.5 -0.894531
vt 0.0 -0.894531
vt 0.0 -0.988281
vt 3.5 -0.988281
vt 0.0 2.0
vt 0.0 0.0
vt 7.0 0.0
vt 7.0 2.0
vt 0.0 3.0
vt 0.0 0.0
vt 2.0 0.0
vt 2.0 3.0
vt 0.841797 -0.986328
vt 0.998047 -0.986328
vt 0.966797 -0.892578
vt 0.841797 -0.892578
vt 0.498047 -0.986328
vt 0.654297 -0.986328
vt 0.654297 -0.892578
vt 0.529297 -0.892578
vt -0.470703 -1.392578
vt -0.345703 -1.392578
vt -0.345703 -1.105469
vt -0.158203 -1.392578
vt -0.158203 -1.105469
vt -0.033203 -1.392578
vt -0.158203 -0.609375
vt -0.251953 -0.515625
vt -0.345703 -0.609375
vt 1.0 0.5
vt 1.0 0.0
vt 1.03125 0.1875
vt 1.15625 0.03125
vt 1.5 0.0
vt 1.5 -0.894531
vt 1.5 -0.597656
vt 0.0 -0.597656
vt 0.0 -0.894531
vt 1.5 -0.515625
vt 0.0 -0.515625
vt 1.5 -0.894531
vt 0.0 -0.894531
vt 0.0 -0.988281
vt 1.5 -0.988281
vt 0.753906 -0.599609
vt 1.0 -0.599609
vt 1.0 -0.513672
vt 0.5 -0.513672
vt 1.0 -0.599609
vt 1.279297 -0.599609
vt 1.5 -0.513672
vt 1.0 -0.513672
vt 0.4375 -0.59375
vt 0.4375 -0.890625
vt 0.285156 -0.59375
vt 0.285156 -0.890625
vt 0.4375 -0.890625
vt 0.4375 -0.394531
vt 0.285156 -0.394531
vt 0.285156 -0.486328
vt 0.4375 -0.394531
vt 0.4375 -0.59375
vt 0.285156 -0.59375
vt 0.4375 -0.890625
vt 1.0 -0.894531
vt 1.0 -0.597656
vt 0.0 -0.597656
vt 0.0 -0.894531
vt 1.0 -0.515625
vt 0.0 -0.515625
vt 1.0 -0.894531
vt 0.0 -0.894531
vt 0.0 -0.988281
vt 1.0 -0.988281
vt 0.0 1.0
vt 0.0 0.0
vt 4.0 0.0
vt 4.0 1.0
vt 0.0 2.0
vt 0.0 0.0
vt 1.0 0.0
vt 1.0 2.0
vt 0.841797 -0.986328
vt 0.998047 -0.986328
vt 0.966797 -0.892578
vt 0.841797 -0.892578
vt 0.498047 -0.986328
vt 0.654297 -0.986328
vt 0.654297 -0.892578
vt 0.529297 -0.892578
vt -0.470703 -1.392578
vt -0.345703 -1.392578
vt -0.345703 -1.105469
vt -0.158203 -1.392578
vt -0.158203 -1.105469
vt -0.033203 -1.392578
vt -0.158203 -0.609375
vt -0.251953 -0.515625
vt -0.345703 -0.609375
vt 1.0 0.5
vt 1.0 0.0
vt 1.03125 0.1875
vt 1.15625 0.03125
vt 1.5 0.0
vt 0.753906 -0.599609
vt 1.0 -0.599609
vt 1.0 -0.513672
vt 0.5 -0.513672
vt 1.0 -0.599609
vt 1.279297 -0.599609
vt 1.5 -0.513672
vt 1.0 -0.513672
vt 0.4375 -0.59375
vt 0.4375 -0.890625
vt 0.285156 -0.59375
vt 0.285156 -0.890625
vt 0.4375 -0.890625
vt 0.4375 -0.394531
vt 0.285156 -0.394531
vt 0.285156 -0.486328
vt 0.4375 -0.394531
vt 0.4375 -0.59375
vt 0.285156 -0.59375
vt 0.4375 -0.890625
vt 0.5 -0.894531
vt 0.5 -0.597656
vt 0.0 -0.597656
vt 0.0 -0.894531
vt 0.5 -0.515625
vt 0.0 -0.515625
vt 0.5 -0.894531
vt 0.0 -0.894531
vt 0.0 -0.988281
vt 0.5 -0.988281
vt 13.0 9.0
vt 13.0 7.0
vt 13.5 9.0
vt 13.5 7.0
vt 2.5 -0.894531
vt 2.5 -0.597656
vt 0.0 -0.597656
vt 0.0 -0.894531
vt 2.5 -0.515625
vt 0.0 -0.515625
vt 2.5 -0.894531
vt 0.0 -0.894531
vt 0.0 -0.988281
vt 2.5 -0.988281
vt 0.0 1.0
vt 0.0 0.0
vt 5.0 0.0
vt 5.0 1.0
vt 0.0 1.0
vt 0.0 0.0
vt 5.0 0.0
vt 5.0 1.0
vt 0.841797 -0.986328
vt 0.998047 -0.986328
vt 0.966797 -0.892578
vt 0.841797 -0.892578
vt 0.498047 -0.986328
vt 0.654297 -0.986328
vt 0.654297 -0.892578
vt 0.529297 -0.892578
vt -0.470703 -1.392578
vt -0.345703 -1.392578
vt -0.345703 -1.105469
vt -0.158203 -1.392578
vt -0.158203 -1.105469
vt -0.033203 -1.392578
vt -0.158203 -0.609375
vt -0.251953 -0.515625
vt -0.345703 -0.609375
vt 1.0 0.5
vt 1.0 0.0
vt 1.03125 0.1875
vt 1.15625 0.03125
vt 1.5 0.0
vt 1.0 -0.894531
vt 1.0 -0.597656
vt 0.0 -0.597656
vt 0.0 -0.894531
vt 1.0 -0.515625
vt 0.0 -0.515625
vt 1.0 -0.894531
vt 0.0 -0.894531
vt 0.0 -0.988281
vt 1.0 -0.988281
vt 0.753906 -0.599609
vt 1.0 -0.599609
vt 1.0 -0.513672
vt 0.5 -0.513672
vt 1.0 -0.599609
vt 1.279297 -0.599609
vt 1.5 -0.513672
vt 1.0 -0.513672
vt 0.4375 -0.59375
vt 0.4375 -0.890625
vt 0.285156 -0.59375
vt 0.285156 -0.890625
vt 0.4375 -0.890625
vt 0.4375 -0.394531
vt 0.285156 -0.394531
vt 0.285156 -0.486328
vt 0.4375 -0.394531
vt 0.4375 -0.59375
vt 0.285156 -0.59375
vt 0.4375 -0.890625
vt 15.0 8.0
vt 15.0 7.0
vt 13.5 8.0
vt 13.5 7.0
vt 0.841797 -0.986328
vt 0.998047 -0.986328
vt 0.966797 -0.892578
vt 0.841797 -0.892578
vt 0.498047 -0.986328
vt 0.654297 -0.986328
vt 0.654297 -0.892578
vt 0.529297 -0.892578
vt -0.470703 -1.392578
vt -0.345703 -1.392578
vt -0.345703 -1.105469
vt -0.158203 -1.392578
vt -0.158203 -1.105469
vt -0.033203 -1.392578
vt -0.158203 -0.609375
vt -0.251953 -0.515625
vt -0.345703 -0.609375
vt 1.0 0.5
vt 1.0 0.0
vt 1.03125 0.1875
vt 1.15625 0.03125
vt 1.5 0.0
vt 1.0 -0.894531
vt 1.0 -0.597656
vt 0.0 -0.597656
vt 0.0 -0.894531
vt 1.0 -0.515625
vt 0.0 -0.515625
vt 1.0 -0.894531
vt 0.0 -0.894531
vt 0.0 -0.988281
vt 1.0 -0.988281
vt 0.753906 -0.599609
vt 1.0 -0.599609
vt 1.0 -0.513672
vt 0.5 -0.513672
vt 1.0 -0.599609
vt 1.279297 -0.599609
vt 1.5 -0.513672
vt 1.0 -0.513672
vt 0.4375 -0.59375
vt 0.4375 -0.890625
vt 0.285156 -0.59375
vt 0.285156 -0.890625
vt 0.4375 -0.890625
vt 0.4375 -0.394531
vt 0.285156 -0.394531
vt 0.285156 -0.486328
vt 0.4375 -0.394531
vt 0.4375 -0.59375
vt 0.285156 -0.59375
vt 0.4375 -0.890625
vt 2.0 -0.894531
vt 2.0 -0.597656
vt 0.0 -0.597656
vt 0.0 -0.894531
vt 2.0 -0.515625
vt 0.0 -0.515625
vt 2.0 -0.894531
vt 0.0 -0.894531
vt 0.0 -0.988281
vt 2.0 -0.988281
vt 16.0 6.5
vt 14.0 6.5
vt 14.0 5.5
vt 16.0 5.5
vt 15.0 7.0
vt 14.0 7.0
vt 14.0 6.5
vt 15.0 6.5
vt 1.0 -0.894531
vt 1.0 -0.597656
vt 0.0 -0.597656
vt 0.0 -0.894531
vt 1.0 -0.515625
vt 0.0 -0.515625
vt 1.0 -0.894531
vt 0.0 -0.894531
vt 0.0 -0.988281
vt 1.0 -0.988281
vt 0.0 1.0
vt 0.0 0.0
vt 4.0 0.0
vt 4.0 1.0
vt 0.0 2.0
vt 0.0 0.0
vt 1.0 0.0
vt 1.0 2.0
vt 0.0 2.0
vt 0.0 0.0
vt 3.0 0.0
vt 3.0 2.0
vt 0.0 2.0
vt 0.0 0.0
vt 2.0 0.0
vt 2.0 2.0
vt 0.841797 -0.986328
vt 0.998047 -0.986328
vt 0.966797 -0.892578
vt 0.841797 -0.892578
vt 0.498047 -0.986328
vt 0.654297 -0.986328
vt 0.654297 -0.892578
vt 0.529297 -0.892578
vt -0.470703 -1.392578
vt -0.345703 -1.392578
vt -0.345703 -1.105469
vt -0.158203 -1.392578
vt -0.158203 -1.105469
vt -0.033203 -1.392578
vt -0.158203 -0.609375
vt -0.251953 -0.515625
vt -0.345703 -0.609375
vt 1.0 0.5
vt 1.0 0.0
vt 1.03125 0.1875
vt 1.15625 0.03125
vt 1.5 0.0
vt 1.0 -0.894531
vt 1.0 -0.597656
vt 0.0 -0.597656
vt 0.0 -0.894531
vt 1.0 -0.515625
vt 0.0 -0.515625
vt 1.0 -0.894531
vt 0.0 -0.894531
vt 0.0 -0.988281
vt 1.0 -0.988281
vt 0.753906 -0.599609
vt 1.0 -0.599609
vt 1.0 -0.513672
vt 0.5 -0.513672
vt 1.0 -0.599609
vt 1.279297 -0.599609
vt 1.5 -0.513672
vt 1.0 -0.513672
vt 0.4375 -0.59375
vt 0.4375 -0.890625
vt 0.285156 -0.59375
vt 0.285156 -0.890625
vt 0.4375 -0.890625
vt 0.4375 -0.394531
vt 0.285156 -0.394531
vt 0.285156 -0.486328
vt 0.4375 -0.394531
vt 0.4375 -0.59375
vt 0.285156 -0.59375
vt 0.4375 -0.890625
vt 0.5 -0.894531
vt 0.5 -0.597656
vt 0.0 -0.597656
vt 0.0 -0.894531
vt 0.5 -0.515625
vt 0.0 -0.515625
vt 0.5 -0.894531
vt 0.0 -0.894531
vt 0.0 -0.988281
vt 0.5 -0.988281
vt 0.0 3.0
vt 0.0 0.0
vt 1.0 0.0
vt 1.0 3.0
vt 2.0 -2.0E-6
vt 0.0 -2.0E-6
vt 2.0 2.000002
vt 0.0 2.000002
vt 2.0 1.999998
vt 0.0 1.999998
vt 2.0 4.000002
vt 0.0 4.000002
vt 2.0 6.000002
vt 0.0 6.000002
vt 2.0 3.999998
vt 0.0 3.999998
vt 2.0 8.000002
vt 0.0 8.000002
vt 2.0 5.999998
vt 0.0 5.999998
vt 4.0 -2.0E-6
vt 2.0 -2.0E-6
vt 4.0 2.000002
vt 2.0 2.000002
vt 4.0 1.999998
vt 2.0 1.999998
vt 4.0 4.000002
vt 2.0 4.000002
vt 4.0 6.000002
vt 2.0 6.000002
vt 4.0 3.999998
vt 2.0 3.999998
vt 4.0 8.000002
vt 2.0 8.000002
vt 4.0 5.999998
vt 2.0 5.999998
vt 6.0 -2.0E-6
vt 4.0 -2.0E-6
vt 6.0 2.000002
vt 4.0 2.000002
vt 6.0 1.999998
vt 4.0 1.999998
vt 6.0 4.000002
vt 4.0 4.000002
vt 6.0 6.000002
vt 4.0 6.000002
vt 6.0 3.999998
vt 4.0 3.999998
vt 5.0 8.000002
vt 4.0 8.000002
vt 5.0 5.999998
vt 4.0 5.999998
vt 5.0 5.9999995
vt 6.75 6.25
vt 6.75 5.9999995
vt 5.0 6.25
vt 6.0 7.000001
vt 5.0 7.000001
vt 6.0 6.249999
vt 5.0 6.249999
vt 8.0 -2.0E-6
vt 6.0 -2.0E-6
vt 8.0 2.000002
vt 6.0 2.000002
vt 8.0 1.999998
vt 6.0 1.999998
vt 8.0 4.000002
vt 6.0 4.000002
vt 6.75 3.999998
vt 6.0 6.000002
vt 6.0 3.999998
vt 6.75 6.000002
vt 6.75 3.9999986
vt 7.5 5.5000014
vt 7.5 3.9999986
vt 6.75 5.5000014
vt 8.0 4.750001
vt 7.5 4.750001
vt 8.0 3.9999993
vt 7.5 3.9999993
vn -0.0 -0.0 1.0
vn 0.0 -0.0 1.0
vn -6.0E-4 0.0 1.0
vn 7.0E-4 0.0 1.0
vn -0.0838 0.0 0.9965
vn 0.0 4.0E-4 1.0
vn 0.0 0.0 1.0
vn -0.0 -6.0E-4 1.0
vn -0.0 7.0E-4 1.0
vn -0.0 -0.0838 0.9965
vn -4.0E-4 0.0 1.0
vn 0.0 -0.0 1.0
vn -0.0 -0.0 1.0
vn 0.0 -0.0031 1.0
vn 0.0 0.0196 0.9998
vn -0.0 0.007 1.0
vn 0.0 -0.0136 0.9999
vn -0.0 -0.0 1.0
vn -0.084 0.0 0.9965
vn 0.0 0.118 0.993
vn 1.0E-4 -0.0379 0.9993
vn -0.0 0.0316 0.9995
vn -0.0 -0.0842 0.9964
vn 5.0E-4 -0.171 0.9853
vn -0.0 -0.0 1.0
vn 0.0 -0.0031 1.0
vn 0.0 0.0196 0.9998
vn -0.0 0.007 1.0
vn 0.0 -0.0136 0.9999
vn -0.0 -0.0 1.0
vn -0.084 0.0 0.9965
vn 0.0 0.118 0.993
vn 1.0E-4 -0.0379 0.9993
vn -0.0 0.0316 0.9995
vn -0.0 -0.0842 0.9964
vn 5.0E-4 -0.171 0.9853
vn 0.0 -0.0 1.0
vn 0.0 -0.0 1.0
vn -0.0 -0.0 1.0
vn -0.0 -0.0 1.0
vn 0.0 -0.0031 1.0
vn 0.0 0.0196 0.9998
vn -0.0 0.007 1.0
vn 0.0 -0.0136 0.9999
vn -0.0 -0.0 1.0
vn -0.084 0.0 0.9965
vn 0.0 0.118 0.993
vn 1.0E-4 -0.0379 0.9993
vn -0.0 0.0316 0.9995
vn -0.0 -0.0842 0.9964
vn 5.0E-4 -0.171 0.9853
vn 0.0 -0.0 1.0
vn 0.0 -0.0 1.0
vn -0.0 -0.0 1.0
vn -0.0 -0.0 1.0
vn 0.0 -0.0031 1.0
vn 0.0 0.0196 0.9998
vn -0.0 0.007 1.0
vn 0.0 -0.0136 0.9999
vn -0.0 -0.0 1.0
vn -0.084 0.0 0.9965
vn 0.0 0.118 0.993
vn 1.0E-4 -0.0379 0.9993
vn -0.0 0.0316 0.9995
vn -0.0 -0.0842 0.9964
vn 5.0E-4 -0.171 0.9853
vn 0.0 -0.0 1.0
vn 0.0 0.0 1.0
vn -0.6948 -0.0644 0.7163
vn -0.6012 -0.2303 0.7652
vn -0.6426 -0.3262 0.6933
vn -0.3477 -0.5703 0.7442
vn -0.25 -0.5665 0.7852
vn -0.0567 -0.6961 0.7157
vn 0.0 0.0 1.0
vn -0.6425 -0.3262 0.6933
vn -0.0808 -0.1651 0.983
vn -0.0178 -0.2269 0.9738
vn -0.0558 -0.6983 0.7136
vn -0.3474 -0.5641 0.7491
vn -0.1819 -0.0679 0.981
vn -0.1788 -0.0657 0.9817
vn -0.5999 -0.2295 0.7665
vn -0.6978 -0.0672 0.7132
vn -0.7071 -0.0 0.7071
vn -0.5258 -0.0 0.8506
vn -0.0 0.0 1.0
vn -0.426 -0.0 0.9047
vn 0.0 -0.7071 0.7071
vn 0.0 -0.5258 0.8506
vn -0.0 -0.0 1.0
vn 0.0 -0.426 0.9047
vn 0.0 0.0 1.0
vn -0.6948 -0.0644 0.7163
vn -0.6012 -0.2303 0.7652
vn -0.6426 -0.3262 0.6933
vn -0.3477 -0.5703 0.7442
vn -0.25 -0.5665 0.7852
vn -0.0567 -0.6961 0.7157
vn 0.0 0.0 1.0
vn -0.6425 -0.3262 0.6933
vn -0.0808 -0.1651 0.983
vn -0.0178 -0.2269 0.9738
vn -0.0558 -0.6983 0.7136
vn -0.3474 -0.5641 0.7491
vn -0.1819 -0.0679 0.981
vn -0.1788 -0.0657 0.9817
vn -0.5999 -0.2295 0.7665
vn -0.6978 -0.0672 0.7132
vn -0.7071 -0.0 0.7071
vn -0.5258 -0.0 0.8506
vn -0.0 0.0 1.0
vn -0.426 -0.0 0.9047
vn 0.0 -0.7071 0.7071
vn 0.0 -0.5258 0.8506
vn -0.0 -0.0 1.0
vn 0.0 -0.426 0.9047
vn 0.0 0.0 1.0
vn -1.0 0.0 -0.0
vn 1.0 0.0 0.0
vn 0.0 0.0 1.0
vn -1.0 0.0 -0.0
vn 1.0 0.0 0.0
vn 0.0 0.0 1.0
vn -0.6948 -0.0644 0.7163
vn -0.6012 -0.2303 0.7652
vn -0.6426 -0.3262 0.6933
vn -0.3477 -0.5703 0.7442
vn -0.25 -0.5665 0.7852
vn -0.0567 -0.6961 0.7157
vn 0.0 0.0 1.0
vn -0.6425 -0.3262 0.6933
vn -0.0808 -0.1651 0.983
vn -0.0178 -0.2269 0.9738
vn -0.0558 -0.6983 0.7136
vn -0.3474 -0.5641 0.7491
vn -0.1819 -0.0679 0.981
vn -0.1788 -0.0657 0.9817
vn -0.5999 -0.2295 0.7665
vn -0.6978 -0.0672 0.7132
vn -0.7071 -0.0 0.7071
vn -0.5258 -0.0 0.8506
vn -0.0 0.0 1.0
vn -0.426 -0.0 0.9047
vn 2.0E-4 -0.5259 0.8505
vn -0.3262 -0.6426 0.6934
vn -0.3865 -0.3865 0.8374
vn -0.4629 -0.4629 0.7559
vn -0.6426 -0.3262 0.6933
vn -0.6426 -0.3262 0.6934
vn -0.526 0.0 0.8505
vn -0.0 0.0 1.0
vn -0.5259 0.0 0.8505
vn 0.0 -0.526 0.8505
vn 0.0 -0.7071 0.7071
vn 0.0 -0.5258 0.8506
vn -0.0 -0.0 1.0
vn 0.0 -0.426 0.9047
vn 0.0 0.0 1.0
vn -1.0 0.0 -0.0
vn 1.0 0.0 0.0
vn 0.0 0.0 1.0
vn -1.0 0.0 -0.0
vn 1.0 0.0 0.0
vn 0.0 0.0 1.0
vn -0.6948 -0.0644 0.7163
vn -0.6012 -0.2303 0.7652
vn -0.6426 -0.3262 0.6933
vn -0.3477 -0.5703 0.7442
vn -0.25 -0.5665 0.7852
vn -0.0567 -0.6961 0.7157
vn 0.0 0.0 1.0
vn -0.6425 -0.3262 0.6933
vn -0.0808 -0.1651 0.983
vn -0.0178 -0.2269 0.9738
vn -0.0558 -0.6983 0.7136
vn -0.3474 -0.5641 0.7491
vn -0.1819 -0.0679 0.981
vn -0.1788 -0.0657 0.9817
vn -0.5999 -0.2295 0.7665
vn -0.6978 -0.0672 0.7132
vn 0.0 0.0 1.0
vn -0.6948 -0.0644 0.7163
vn -0.6012 -0.2303 0.7652
vn -0.6426 -0.3262 0.6933
vn -0.3477 -0.5703 0.7442
vn -0.25 -0.5665 0.7852
vn -0.0567 -0.6961 0.7157
vn 0.0 0.0 1.0
vn -0.6425 -0.3262 0.6933
vn -0.0808 -0.1651 0.983
vn -0.0178 -0.2269 0.9738
vn -0.0558 -0.6983 0.7136
vn -0.3474 -0.5641 0.7491
vn -0.1819 -0.0679 0.981
vn -0.1788 -0.0657 0.9817
vn -0.5999 -0.2295 0.7665
vn -0.6978 -0.0672 0.7132
vn -0.7071 -0.0 0.7071
vn -0.5258 -0.0 0.8506
vn -0.0 0.0 1.0
vn -0.426 -0.0 0.9047
vn 2.0E-4 -0.5259 0.8505
vn -0.3262 -0.6426 0.6934
vn -0.3865 -0.3865 0.8374
vn -0.4629 -0.4629 0.7559
vn -0.6426 -0.3262 0.6933
vn -0.6426 -0.3262 0.6934
vn -0.526 0.0 0.8505
vn -0.0 0.0 1.0
vn -0.5259 0.0 0.8505
vn 0.0 -0.526 0.8505
vn 0.0 -0.7071 0.7071
vn 0.0 -0.5258 0.8506
vn -0.0 -0.0 1.0
vn 0.0 -0.426 0.9047
vn 0.0 -0.0 1.0
vn 0.0 -0.0 1.0
vn 0.0 -0.0 1.0
vn 0.0 -0.0 1.0
vn 0.0 -0.0 1.0
vn 0.0 -0.0 1.0
vn 0.0 -0.0 1.0
vn 0.0 -0.0 1.0
vn 0.0 -0.0 1.0
vn 0.0 -0.0 1.0
vn 0.0 -0.0 1.0
vn 0.0 -0.0 1.0
vn 0.0 -0.0 1.0
vn 0.0 -0.0 1.0
vn 0.0 -0.0 1.0
vn 0.0 -0.0 1.0
vn 0.0 -0.0 1.0
vn 0.0 -0.0 1.0
vn 0.0 -0.0 1.0
vn 0.0 -0.0 1.0
vn 0.0 -0.0 1.0
vn 0.0 -0.0 1.0
vn 0.0 -0.0 1.0
vn 0.0 -0.0 1.0
vn 0.0 -0.0 1.0
vn 0.0 -0.0 1.0
vn 0.0 -0.0 1.0
vn 0.0 -0.0 1.0
vn 0.0 -0.0 1.0
vn 0.0 -0.0 1.0
vn 0.0 -0.0 1.0
vn -0.9371 -0.0 0.3492
vn -0.6885 -0.6193 0.3775
vn -0.7069 -0.5992 0.3759
vn -0.441 -0.882 0.1664
vn -0.7456 -0.6447 0.1685
vn -0.7372 -0.6542 0.1688
vn 0.4547 0.8794 0.1415
vn -0.7372 0.6542 0.1688
vn -0.9351 0.3228 0.1466
vn -0.7456 0.6447 0.1685
vn -0.4151 -0.8301 0.3724
vn -0.441 0.882 0.1664
vn -0.9351 -0.3228 0.1466
vn -0.8916 0.3078 0.3322
vn 0.7978 -0.5292 0.2889
vn 0.7037 -0.6624 0.2571
vn 0.7168 -0.6464 0.2615
vn 0.4405 -0.8822 0.1664
vn 0.8737 0.3226 0.3643
vn 0.8033 0.0069 0.5955
vn 0.726 -0.1431 0.6726
vn 0.2944 -0.5903 0.7516
vn -0.2951 -0.5902 0.7514
vn -0.5171 -0.4073 0.7528
vn -0.4814 -0.4417 0.7571
vn -0.6685 -0.2307 0.707
vn 0.8323 -0.1484 0.534
vn 0.6669 0.1958 0.719
vn 0.6255 0.2526 0.7382
vn 0.2821 0.58 0.7642
vn -0.2091 0.4183 0.8839
vn 0.8606 0.3364 0.3823
vn 0.4311 0.8069 0.4038
vn -0.6685 0.2307 0.707
vn 0.2695 0.9361 0.2259
vn 0.4142 -0.8305 0.3725
vn 0.934 0.3541 0.0472
vn 0.0 0.0 1.0
vn 0.0 -0.0 1.0
vn 0.0 -0.0 1.0
vn 0.0 -0.0 1.0
vn 0.0 -0.0 1.0
vn 0.0 -0.0 1.0
vn 0.0 -0.0 1.0
vn 0.0 -0.0 1.0
vn 0.0 -0.0 1.0
vn 0.0 -0.0 1.0
vn 0.0 -0.0 1.0
vn 0.0 -0.0 1.0
vn 0.0 -0.0 1.0
vn 0.0 -0.0 1.0
vn 0.0 -0.0 1.0
vn 0.0 -0.0 1.0
vn 0.0 -0.0 1.0
vn 0.0 -0.0 1.0
vn 0.0 -0.0 1.0
vn 0.0 -0.0 1.0
vn 0.0 -0.0 1.0
vn 0.0 -0.0 1.0
vn 0.0 -0.0 1.0
vn 0.0 -0.0 1.0
vn 0.0 -0.0 1.0
vn 0.0 -0.0 1.0
vn 0.0 -0.0 1.0
vn 0.0 -0.0 1.0
vn 0.0 -0.0 1.0
vn 0.0 -0.0 1.0
vn 0.0 -0.0 1.0
vn 0.0 -0.0 1.0
vn 0.0 -0.0 1.0
vn 0.0 -0.0 1.0
vn 0.0 -0.0 1.0
vn 0.0 -0.0 1.0
vn 0.0 -0.0 1.0
vn 0.0 -0.0 1.0
vn 0.0 -0.0 1.0
vn -0.0 -0.0 1.0
vn -0.0 -0.0 1.0
vn -0.0 -0.0 1.0
vn -0.0 -0.0 1.0
vn -0.0 -0.0 1.0
vn 0.3865 0.3865 0.8374
vn 0.526 -0.0 0.8505
vn 0.0 -0.0 1.0
vn -0.0 0.526 0.8505
vn -0.0 0.5259 0.8505
vn 0.3262 0.6425 0.6934
vn 0.4629 0.4629 0.7559
vn 0.6426 0.3262 0.6933
vn 0.6426 0.3262 0.6934
vn 0.3262 0.6426 0.6934
vn 0.5259 -0.0 0.8505
vn 0.7071 0.0 0.7071
vn 0.5258 0.0 0.8506
vn 0.0 -0.0 1.0
vn 0.426 0.0 0.9047
vn 0.3865 -0.3865 0.8374
vn -0.0 -0.526 0.8505
vn -0.0 -0.0 1.0
vn 0.526 0.0 0.8505
vn 0.5259 0.0 0.8505
vn 0.6425 -0.3262 0.6934
vn 0.4629 -0.4629 0.7559
vn 0.3262 -0.6426 0.6933
vn 0.3262 -0.6426 0.6934
vn 0.6426 -0.3262 0.6934
vn -0.0 -0.5259 0.8505
vn -0.0 -0.0 1.0
vn 0.7071 0.0 0.7071
vn 0.5258 0.0 0.8506
vn 0.0 -0.0 1.0
vn 0.426 0.0 0.9047
vn 0.7071 0.0 0.7071
vn 0.5258 0.0 0.8506
vn 0.0 -0.0 1.0
vn 0.426 0.0 0.9047
vn 0.0808 0.1651 0.983
vn 0.0178 0.2269 0.9738
vn 0.0558 0.6983 0.7136
vn 0.3474 0.5641 0.7491
vn 0.1819 0.0679 0.981
vn 0.1788 0.0657 0.9817
vn 0.5999 0.2295 0.7665
vn 0.6978 0.0672 0.7132
vn 0.6948 0.0644 0.7163
vn 0.6012 0.2303 0.7652
vn 0.6426 0.3262 0.6933
vn 0.3477 0.5703 0.7442
vn 0.25 0.5665 0.7852
vn 0.0567 0.6961 0.7157
vn -0.0 -0.0 1.0
vn 0.6425 0.3262 0.6933
vn -0.0 -0.0 1.0
vn -0.0 -0.0 1.0
vn 0.1651 -0.0808 0.983
vn 0.2269 -0.0178 0.9738
vn 0.6983 -0.0558 0.7136
vn 0.5641 -0.3474 0.7491
vn 0.0679 -0.1819 0.981
vn 0.0657 -0.1788 0.9817
vn 0.2295 -0.5999 0.7665
vn 0.0672 -0.6978 0.7132
vn 0.0644 -0.6948 0.7163
vn 0.2303 -0.6012 0.7652
vn 0.3262 -0.6426 0.6933
vn 0.5703 -0.3477 0.7442
vn 0.5665 -0.25 0.7852
vn 0.6961 -0.0567 0.7157
vn -0.0 0.0 1.0
vn 0.3262 -0.6425 0.6933
vn 0.7071 0.0 0.7071
vn 0.5258 0.0 0.8506
vn 0.0 -0.0 1.0
vn 0.426 0.0 0.9047
vn 0.7071 0.0 0.7071
vn 0.5258 0.0 0.8506
vn 0.0 -0.0 1.0
vn 0.426 0.0 0.9047
vn -0.0 -0.0 1.0
vn -0.0 -0.0 1.0
vn -0.0 -0.0 1.0
vn -0.0 -0.0 1.0
vn 0.7071 0.0 0.7071
vn 0.5258 0.0 0.8506
vn 0.0 -0.0 1.0
vn 0.426 0.0 0.9047
vn 0.3865 -0.3865 0.8374
vn -0.0 -0.526 0.8505
vn -0.0 -0.0 1.0
vn 0.526 0.0 0.8505
vn 0.5259 0.0 0.8505
vn 0.6425 -0.3262 0.6934
vn 0.4629 -0.4629 0.7559
vn 0.3262 -0.6426 0.6933
vn 0.3262 -0.6426 0.6934
vn 0.6426 -0.3262 0.6934
vn -0.0 -0.5259 0.8505
vn -0.0 -0.0 1.0
vn 0.3865 0.3865 0.8374
vn 0.526 -0.0 0.8505
vn 0.0 -0.0 1.0
vn -0.0 0.526 0.8505
vn -0.0 0.5259 0.8505
vn 0.3262 0.6425 0.6934
vn 0.4629 0.4629 0.7559
vn 0.6426 0.3262 0.6933
vn 0.6426 0.3262 0.6934
vn 0.3262 0.6426 0.6934
vn 0.5259 -0.0 0.8505
vn 0.7071 0.0 0.7071
vn 0.5258 0.0 0.8506
vn 0.0 -0.0 1.0
vn 0.426 0.0 0.9047
vn 0.3865 -0.3865 0.8374
vn -0.0 -0.526 0.8505
vn -0.0 -0.0 1.0
vn 0.526 0.0 0.8505
vn 0.5259 0.0 0.8505
vn 0.6425 -0.3262 0.6934
vn 0.4629 -0.4629 0.7559
vn 0.3262 -0.6426 0.6933
vn 0.3262 -0.6426 0.6934
vn 0.6426 -0.3262 0.6934
vn -0.0 -0.5259 0.8505
vn 0.0 -0.0 1.0
vn 0.1651 -0.0808 0.983
vn 0.2269 -0.0178 0.9738
vn 0.6983 -0.0558 0.7136
vn 0.5641 -0.3474 0.7491
vn 0.0679 -0.1819 0.981
vn 0.0657 -0.1788 0.9817
vn 0.2295 -0.5999 0.7665
vn 0.0672 -0.6978 0.7132
vn 0.0644 -0.6948 0.7163
vn 0.2303 -0.6012 0.7652
vn 0.3262 -0.6426 0.6933
vn 0.5703 -0.3477 0.7442
vn 0.5665 -0.25 0.7852
vn 0.6961 -0.0567 0.7157
vn -0.0 0.0 1.0
vn 0.3262 -0.6425 0.6933
vn 0.7071 0.0 0.7071
vn 0.5258 0.0 0.8506
vn 0.0 -0.0 1.0
vn 0.426 0.0 0.9047
vn 0.7071 0.0 0.7071
vn 0.5258 0.0 0.8506
vn 0.0 -0.0 1.0
vn 0.426 0.0 0.9047
vn 0.0808 0.1651 0.983
vn 0.0178 0.2269 0.9738
vn 0.0558 0.6983 0.7136
vn 0.3474 0.5641 0.7491
vn 0.1819 0.0679 0.981
vn 0.1788 0.0657 0.9817
vn 0.5999 0.2295 0.7665
vn 0.6978 0.0672 0.7132
vn 0.6948 0.0644 0.7163
vn 0.6012 0.2303 0.7652
vn 0.6426 0.3262 0.6933
vn 0.3477 0.5703 0.7442
vn 0.25 0.5665 0.7852
vn 0.0567 0.6961 0.7157
vn -0.0 -0.0 1.0
vn 0.6425 0.3262 0.6933
vn 0.0 -0.0 1.0
vn 0.0 -0.0 1.0
vn 0.1651 -0.0808 0.983
vn 0.2269 -0.0178 0.9738
vn 0.6983 -0.0558 0.7136
vn 0.5641 -0.3474 0.7491
vn 0.0679 -0.1819 0.981
vn 0.0657 -0.1788 0.9817
vn 0.2295 -0.5999 0.7665
vn 0.0672 -0.6978 0.7132
vn 0.0644 -0.6948 0.7163
vn 0.2303 -0.6012 0.7652
vn 0.3262 -0.6426 0.6933
vn 0.5703 -0.3477 0.7442
vn 0.5665 -0.25 0.7852
vn 0.6961 -0.0567 0.7157
vn -0.0 0.0 1.0
vn 0.3262 -0.6425 0.6933
vn 0.7071 0.0 0.7071
vn 0.5258 0.0 0.8506
vn 0.0 -0.0 1.0
vn 0.426 0.0 0.9047
vn 0.0 -0.0 1.0
vn 0.0 -0.0 1.0
vn 0.0 -0.0 1.0
vn 0.0 -0.0 1.0
vn 0.3865 0.3865 0.8374
vn 0.526 -0.0 0.8505
vn 0.0 -0.0 1.0
vn -0.0 0.526 0.8505
vn -0.0 0.5259 0.8505
vn 0.3262 0.6425 0.6934
vn 0.4629 0.4629 0.7559
vn 0.6426 0.3262 0.6933
vn 0.6426 0.3262 0.6934
vn 0.3262 0.6426 0.6934
vn 0.5259 -0.0 0.8505
vn 0.7071 0.0 0.7071
vn 0.5258 0.0 0.8506
vn 0.0 -0.0 1.0
vn 0.426 0.0 0.9047
vn 0.3865 -0.3865 0.8374
vn -0.0 -0.526 0.8505
vn -0.0 -0.0 1.0
vn 0.526 0.0 0.8505
vn 0.5259 0.0 0.8505
vn 0.6425 -0.3262 0.6934
vn 0.4629 -0.4629 0.7559
vn 0.3262 -0.6426 0.6933
vn 0.3262 -0.6426 0.6934
vn 0.6426 -0.3262 0.6934
vn -0.0 -0.5259 0.8505
vn 0.0 -0.0 1.0
vn 0.0 -0.0 1.0
vn -0.0808 -0.1651 0.983
vn -0.0178 -0.2269 0.9738
vn -0.0558 -0.6983 0.7136
vn -0.3474 -0.5641 0.7491
vn -0.1819 -0.0679 0.981
vn -0.1788 -0.0657 0.9817
vn -0.5999 -0.2295 0.7665
vn -0.6978 -0.0672 0.7132
vn -0.6948 -0.0644 0.7163
vn -0.6012 -0.2303 0.7652
vn -0.6426 -0.3262 0.6933
vn -0.3477 -0.5703 0.7442
vn -0.25 -0.5665 0.7852
vn -0.0567 -0.6961 0.7157
vn 0.0 0.0 1.0
vn -0.6425 -0.3262 0.6933
vn -0.7071 -0.0 0.7071
vn -0.5258 -0.0 0.8506
vn -0.0 0.0 1.0
vn -0.426 -0.0 0.9047
vn 0.7071 0.0 0.7071
vn 0.5258 0.0 0.8506
vn 0.0 -0.0 1.0
vn 0.426 0.0 0.9047
vn 0.0808 0.1651 0.983
vn 0.0178 0.2269 0.9738
vn 0.0558 0.6983 0.7136
vn 0.3474 0.5641 0.7491
vn 0.1819 0.0679 0.981
vn 0.1788 0.0657 0.9817
vn 0.5999 0.2295 0.7665
vn 0.6978 0.0672 0.7132
vn 0.6948 0.0644 0.7163
vn 0.6012 0.2303 0.7652
vn 0.6426 0.3262 0.6933
vn 0.3477 0.5703 0.7442
vn 0.25 0.5665 0.7852
vn 0.0567 0.6961 0.7157
vn -0.0 -0.0 1.0
vn 0.6425 0.3262 0.6933
vn 0.0 -0.0 1.0
vn 0.0 -0.0 1.0
vn 0.0 -0.0 1.0
vn 0.0 -0.7071 0.7071
vn 0.0 -0.5258 0.8506
vn -0.0 -0.0 1.0
vn 0.0 -0.426 0.9047
vn -0.0808 -0.1651 0.983
vn -0.0178 -0.2269 0.9738
vn -0.0558 -0.6983 0.7136
vn -0.3474 -0.5641 0.7491
vn -0.1819 -0.0679 0.981
vn -0.1788 -0.0657 0.9817
vn -0.5999 -0.2295 0.7665
vn -0.6978 -0.0672 0.7132
vn -0.6948 -0.0644 0.7163
vn -0.6012 -0.2303 0.7652
vn -0.6426 -0.3262 0.6933
vn -0.3477 -0.5703 0.7442
vn -0.25 -0.5665 0.7852
vn -0.0567 -0.6961 0.7157
vn 0.0 0.0 1.0
vn -0.6425 -0.3262 0.6933
vn -0.7071 -0.0 0.7071
vn -0.5258 -0.0 0.8506
vn -0.0 0.0 1.0
vn -0.426 -0.0 0.9047
vn -0.3865 -0.3865 0.8374
vn -0.526 0.0 0.8505
vn -0.0 0.0 1.0
vn 0.0 -0.526 0.8505
vn 0.0 -0.5259 0.8505
vn -0.3262 -0.6425 0.6934
vn -0.4629 -0.4629 0.7559
vn -0.6426 -0.3262 0.6933
vn -0.6426 -0.3262 0.6934
vn -0.3262 -0.6426 0.6934
vn -0.5259 0.0 0.8505
vn 0.0 -0.0 1.0
vn 0.0 -0.0 1.0
vn 0.0 -0.7071 0.7071
vn 0.0 -0.5258 0.8506
vn -0.0 -0.0 1.0
vn 0.0 -0.426 0.9047
vn 0.0 -0.0 1.0
vn 0.0 -0.0 1.0
vn -0.0808 -0.1651 0.983
vn -0.0178 -0.2269 0.9738
vn -0.0558 -0.6983 0.7136
vn -0.3474 -0.5641 0.7491
vn -0.1819 -0.0679 0.981
vn -0.1788 -0.0657 0.9817
vn -0.5999 -0.2295 0.7665
vn -0.6978 -0.0672 0.7132
vn -0.6948 -0.0644 0.7163
vn -0.6012 -0.2303 0.7652
vn -0.6426 -0.3262 0.6933
vn -0.3477 -0.5703 0.7442
vn -0.25 -0.5665 0.7852
vn -0.0567 -0.6961 0.7157
vn 0.0 0.0 1.0
vn -0.6425 -0.3262 0.6933
vn -0.7071 -0.0 0.7071
vn -0.5258 -0.0 0.8506
vn -0.0 0.0 1.0
vn -0.426 -0.0 0.9047
vn -0.7071 -0.0 0.7071
vn -0.5258 -0.0 0.8506
vn -0.0 0.0 1.0
vn -0.426 -0.0 0.9047
vn -0.0808 -0.1651 0.983
vn -0.0178 -0.2269 0.9738
vn -0.0558 -0.6983 0.7136
vn -0.3474 -0.5641 0.7491
vn -0.1819 -0.0679 0.981
vn -0.1788 -0.0657 0.9817
vn -0.5999 -0.2295 0.7665
vn -0.6978 -0.0672 0.7132
vn -0.6948 -0.0644 0.7163
vn -0.6012 -0.2303 0.7652
vn -0.6426 -0.3262 0.6933
vn -0.3477 -0.5703 0.7442
vn -0.25 -0.5665 0.7852
vn -0.0567 -0.6961 0.7157
vn 0.0 0.0 1.0
vn -0.6425 -0.3262 0.6933
vn -0.7071 -0.0 0.7071
vn -0.5258 -0.0 0.8506
vn -0.0 0.0 1.0
vn -0.426 -0.0 0.9047
vn -0.3865 -0.3865 0.8374
vn -0.526 0.0 0.8505
vn -0.0 0.0 1.0
vn 0.0 -0.526 0.8505
vn 0.0 -0.5259 0.8505
vn -0.3262 -0.6425 0.6934
vn -0.4629 -0.4629 0.7559
vn -0.6426 -0.3262 0.6933
vn -0.6426 -0.3262 0.6934
vn -0.3262 -0.6426 0.6934
vn -0.5259 0.0 0.8505
vn 0.0 -0.7071 0.7071
vn 0.0 -0.5258 0.8506
vn -0.0 -0.0 1.0
vn 0.0 -0.426 0.9047
vn -0.0 -0.0 1.0
vn -0.0 -0.0 1.0
vn -0.0808 -0.1651 0.983
vn -0.0178 -0.2269 0.9738
vn -0.0558 -0.6983 0.7136
vn -0.3474 -0.5641 0.7491
vn -0.1819 -0.0679 0.981
vn -0.1788 -0.0657 0.9817
vn -0.5999 -0.2295 0.7665
vn -0.6978 -0.0672 0.7132
vn -0.6948 -0.0644 0.7163
vn -0.6012 -0.2303 0.7652
vn -0.6426 -0.3262 0.6933
vn -0.3477 -0.5703 0.7442
vn -0.25 -0.5665 0.7852
vn -0.0567 -0.6961 0.7157
vn 0.0 0.0 1.0
vn -0.6425 -0.3262 0.6933
vn -0.3865 -0.3865 0.8374
vn -0.526 0.0 0.8505
vn -0.0 0.0 1.0
vn 0.0 -0.526 0.8505
vn 0.0 -0.5259 0.8505
vn -0.3262 -0.6425 0.6934
vn -0.4629 -0.4629 0.7559
vn -0.6426 -0.3262 0.6933
vn -0.6426 -0.3262 0.6934
vn -0.3262 -0.6426 0.6934
vn -0.5259 0.0 0.8505
vn 0.0 -0.7071 0.7071
vn 0.0 -0.5258 0.8506
vn -0.0 -0.0 1.0
vn 0.0 -0.426 0.9047
vn 0.0 -0.0 1.0
vn 0.0 -0.0 1.0
vn 0.0 -0.7071 0.7071
vn 0.0 -0.5258 0.8506
vn -0.0 -0.0 1.0
vn 0.0 -0.426 0.9047
vn 0.0 -0.0 1.0
vn 0.0 -0.0 1.0
vn -0.0808 -0.1651 0.983
vn -0.0178 -0.2269 0.9738
vn -0.0558 -0.6983 0.7136
vn -0.3474 -0.5641 0.7491
vn -0.1819 -0.0679 0.981
vn -0.1788 -0.0657 0.9817
vn -0.5999 -0.2295 0.7665
vn -0.6978 -0.0672 0.7132
vn -0.6948 -0.0644 0.7163
vn -0.6012 -0.2303 0.7652
vn -0.6426 -0.3262 0.6933
vn -0.3477 -0.5703 0.7442
vn -0.25 -0.5665 0.7852
vn -0.0567 -0.6961 0.7157
vn 0.0 0.0 1.0
vn -0.6425 -0.3262 0.6933
vn -0.7071 -0.0 0.7071
vn -0.5258 -0.0 0.8506
vn -0.0 0.0 1.0
vn -0.426 -0.0 0.9047
vn -0.3865 -0.3865 0.8374
vn -0.526 0.0 0.8505
vn -0.0 0.0 1.0
vn 0.0 -0.526 0.8505
vn 0.0 -0.5259 0.8505
vn -0.3262 -0.6425 0.6934
vn -0.4629 -0.4629 0.7559
vn -0.6426 -0.3262 0.6933
vn -0.6426 -0.3262 0.6934
vn -0.3262 -0.6426 0.6934
vn -0.5259 0.0 0.8505
vn -0.0 -0.0 1.0
vn -0.0808 -0.1651 0.983
vn -0.0178 -0.2269 0.9738
vn -0.0558 -0.6983 0.7136
vn -0.3474 -0.5641 0.7491
vn -0.1819 -0.0679 0.981
vn -0.1788 -0.0657 0.9817
vn -0.5999 -0.2295 0.7665
vn -0.6978 -0.0672 0.7132
vn -0.6948 -0.0644 0.7163
vn -0.6012 -0.2303 0.7652
vn -0.6426 -0.3262 0.6933
vn -0.3477 -0.5703 0.7442
vn -0.25 -0.5665 0.7852
vn -0.0567 -0.6961 0.7157
vn 0.0 0.0 1.0
vn -0.6425 -0.3262 0.6933
vn -0.7071 -0.0 0.7071
vn -0.5258 -0.0 0.8506
vn -0.0 0.0 1.0
vn -0.426 -0.0 0.9047
vn -0.0808 -0.1651 0.983
vn -0.0178 -0.2269 0.9738
vn -0.0558 -0.6983 0.7136
vn -0.3474 -0.5641 0.7491
vn -0.1819 -0.0679 0.981
vn -0.1788 -0.0657 0.9817
vn -0.5999 -0.2295 0.7665
vn -0.6978 -0.0672 0.7132
vn -0.6948 -0.0644 0.7163
vn -0.6012 -0.2303 0.7652
vn -0.6426 -0.3262 0.6933
vn -0.3477 -0.5703 0.7442
vn -0.25 -0.5665 0.7852
vn -0.0567 -0.6961 0.7157
vn 0.0 0.0 1.0
vn -0.6425 -0.3262 0.6933
vn -0.7071 -0.0 0.7071
vn -0.5258 -0.0 0.8506
vn -0.0 0.0 1.0
vn -0.426 -0.0 0.9047
vn -0.3865 -0.3865 0.8374
vn -0.526 0.0 0.8505
vn -0.0 0.0 1.0
vn 0.0 -0.526 0.8505
vn 0.0 -0.5259 0.8505
vn -0.3262 -0.6425 0.6934
vn -0.4629 -0.4629 0.7559
vn -0.6426 -0.3262 0.6933
vn -0.6426 -0.3262 0.6934
vn -0.3262 -0.6426 0.6934
vn -0.5259 0.0 0.8505
vn 0.0 -0.7071 0.7071
vn 0.0 -0.5258 0.8506
vn -0.0 -0.0 1.0
vn 0.0 -0.426 0.9047
vn -0.0 -0.0 1.0
vn -0.0 -0.0 1.0
vn 0.0 -0.7071 0.7071
vn 0.0 -0.5258 0.8506
vn -0.0 -0.0 1.0
vn 0.0 -0.426 0.9047
vn 0.0 -0.0 1.0
vn 0.0 -0.7071 0.7071
vn 0.0 -0.5258 0.8506
vn -0.0 -0.0 1.0
vn 0.0 -0.426 0.9047
vn 0.0 -0.0 1.0
vn 0.0 -0.0 1.0
vn 0.0 -0.0 1.0
vn 0.0 -0.0 1.0
vn -0.0808 -0.1651 0.983
vn -0.0178 -0.2269 0.9738
vn -0.0558 -0.6983 0.7136
vn -0.3474 -0.5641 0.7491
vn -0.1819 -0.0679 0.981
vn -0.1788 -0.0657 0.9817
vn -0.5999 -0.2295 0.7665
vn -0.6978 -0.0672 0.7132
vn -0.6948 -0.0644 0.7163
vn -0.6012 -0.2303 0.7652
vn -0.6426 -0.3262 0.6933
vn -0.3477 -0.5703 0.7442
vn -0.25 -0.5665 0.7852
vn -0.0567 -0.6961 0.7157
vn 0.0 0.0 1.0
vn -0.6425 -0.3262 0.6933
vn -0.7071 -0.0 0.7071
vn -0.5258 -0.0 0.8506
vn -0.0 0.0 1.0
vn -0.426 -0.0 0.9047
vn -0.3865 -0.3865 0.8374
vn -0.526 0.0 0.8505
vn -0.0 0.0 1.0
vn 0.0 -0.526 0.8505
vn 0.0 -0.5259 0.8505
vn -0.3262 -0.6425 0.6934
vn -0.4629 -0.4629 0.7559
vn -0.6426 -0.3262 0.6933
vn -0.6426 -0.3262 0.6934
vn -0.3262 -0.6426 0.6934
vn -0.5259 0.0 0.8505
vn 0.0 -0.0 1.0
vn 0.0 -0.0 1.0
vn 0.0 -0.7071 0.7071
vn 0.0 -0.5258 0.8506
vn -0.0 -0.0 1.0
vn 0.0 -0.426 0.9047
vn -0.0 -0.0 1.0
vn -0.0 -0.0 1.0
vn 0.0 -0.0 1.0
vn 0.0 -0.0 1.0
vn -0.0808 -0.1651 0.983
vn -0.0178 -0.2269 0.9738
vn -0.0558 -0.6983 0.7136
vn -0.3474 -0.5641 0.7491
vn -0.1819 -0.0679 0.981
vn -0.1788 -0.0657 0.9817
vn -0.5999 -0.2295 0.7665
vn -0.6978 -0.0672 0.7132
vn -0.6948 -0.0644 0.7163
vn -0.6012 -0.2303 0.7652
vn -0.6426 -0.3262 0.6933
vn -0.3477 -0.5703 0.7442
vn -0.25 -0.5665 0.7852
vn -0.0567 -0.6961 0.7157
vn 0.0 0.0 1.0
vn -0.6425 -0.3262 0.6933
vn -0.7071 -0.0 0.7071
vn -0.5258 -0.0 0.8506
vn -0.0 0.0 1.0
vn -0.426 -0.0 0.9047
vn -0.3865 -0.3865 0.8374
vn -0.526 0.0 0.8505
vn -0.0 0.0 1.0
vn 0.0 -0.526 0.8505
vn 0.0 -0.5259 0.8505
vn -0.3262 -0.6425 0.6934
vn -0.4629 -0.4629 0.7559
vn -0.6426 -0.3262 0.6933
vn -0.6426 -0.3262 0.6934
vn -0.3262 -0.6426 0.6934
vn -0.5259 0.0 0.8505
vn -0.0808 -0.1651 0.983
vn -0.0178 -0.2269 0.9738
vn -0.0558 -0.6983 0.7136
vn -0.3474 -0.5641 0.7491
vn -0.1819 -0.0679 0.981
vn -0.1788 -0.0657 0.9817
vn -0.5999 -0.2295 0.7665
vn -0.6978 -0.0672 0.7132
vn -0.6948 -0.0644 0.7163
vn -0.6012 -0.2303 0.7652
vn -0.6426 -0.3262 0.6933
vn -0.3477 -0.5703 0.7442
vn -0.25 -0.5665 0.7852
vn -0.0567 -0.6961 0.7157
vn 0.0 0.0 1.0
vn -0.6425 -0.3262 0.6933
vn -0.7071 -0.0 0.7071
vn -0.5258 -0.0 0.8506
vn -0.0 0.0 1.0
vn -0.426 -0.0 0.9047
vn -0.3865 -0.3865 0.8374
vn -0.526 0.0 0.8505
vn -0.0 0.0 1.0
vn 0.0 -0.526 0.8505
vn 0.0 -0.5259 0.8505
vn -0.3262 -0.6425 0.6934
vn -0.4629 -0.4629 0.7559
vn -0.6426 -0.3262 0.6933
vn -0.6426 -0.3262 0.6934
vn -0.3262 -0.6426 0.6934
vn -0.5259 0.0 0.8505
vn 0.0 -0.7071 0.7071
vn 0.0 -0.5258 0.8506
vn -0.0 -0.0 1.0
vn 0.0 -0.426 0.9047
vn 0.0 -0.0 1.0
vn -0.0808 -0.1651 0.983
vn -0.0178 -0.2269 0.9738
vn -0.0558 -0.6983 0.7136
vn -0.3474 -0.5641 0.7491
vn -0.1819 -0.0679 0.981
vn -0.1788 -0.0657 0.9817
vn -0.5999 -0.2295 0.7665
vn -0.6978 -0.0672 0.7132
vn -0.6948 -0.0644 0.7163
vn -0.6012 -0.2303 0.7652
vn -0.6426 -0.3262 0.6933
vn -0.3477 -0.5703 0.7442
vn -0.25 -0.5665 0.7852
vn -0.0567 -0.6961 0.7157
vn 0.0 0.0 1.0
vn -0.6425 -0.3262 0.6933
vn -0.7071 -0.0 0.7071
vn -0.5258 -0.0 0.8506
vn -0.0 0.0 1.0
vn -0.426 -0.0 0.9047
vn -0.3865 -0.3865 0.8374
vn -0.526 0.0 0.8505
vn -0.0 0.0 1.0
vn 0.0 -0.526 0.8505
vn 0.0 -0.5259 0.8505
vn -0.3262 -0.6425 0.6934
vn -0.4629 -0.4629 0.7559
vn -0.6426 -0.3262 0.6933
vn -0.6426 -0.3262 0.6934
vn -0.3262 -0.6426 0.6934
vn -0.5259 0.0 0.8505
vn 0.0 -0.7071 0.7071
vn 0.0 -0.5258 0.8506
vn -0.0 -0.0 1.0
vn 0.0 -0.426 0.9047
vn 0.0 -0.0 1.0
vn 0.0 -0.0 1.0
vn 0.0 -0.7071 0.7071
vn 0.0 -0.5258 0.8506
vn -0.0 -0.0 1.0
vn 0.0 -0.426 0.9047
vn 0.0 -0.0 1.0
vn -0.0808 -0.1651 0.983
vn -0.0178 -0.2269 0.9738
vn -0.0558 -0.6983 0.7136
vn -0.3474 -0.5641 0.7491
vn -0.1819 -0.0679 0.981
vn -0.1788 -0.0657 0.9817
vn -0.5999 -0.2295 0.7665
vn -0.6978 -0.0672 0.7132
vn -0.6948 -0.0644 0.7163
vn -0.6012 -0.2303 0.7652
vn -0.6426 -0.3262 0.6933
vn -0.3477 -0.5703 0.7442
vn -0.25 -0.5665 0.7852
vn -0.0567 -0.6961 0.7157
vn 0.0 0.0 1.0
vn -0.6425 -0.3262 0.6933
vn -0.7071 -0.0 0.7071
vn -0.5258 -0.0 0.8506
vn -0.0 0.0 1.0
vn -0.426 -0.0 0.9047
vn -0.3865 -0.3865 0.8374
vn -0.526 0.0 0.8505
vn -0.0 0.0 1.0
vn 0.0 -0.526 0.8505
vn 0.0 -0.5259 0.8505
vn -0.3262 -0.6425 0.6934
vn -0.4629 -0.4629 0.7559
vn -0.6426 -0.3262 0.6933
vn -0.6426 -0.3262 0.6934
vn -0.3262 -0.6426 0.6934
vn -0.5259 0.0 0.8505
vn 0.0 -0.0 1.0
vn -0.0808 -0.1651 0.983
vn -0.0178 -0.2269 0.9738
vn -0.0558 -0.6983 0.7136
vn -0.3474 -0.5641 0.7491
vn -0.1819 -0.0679 0.981
vn -0.1788 -0.0657 0.9817
vn -0.5999 -0.2295 0.7665
vn -0.6978 -0.0672 0.7132
vn -0.6948 -0.0644 0.7163
vn -0.6012 -0.2303 0.7652
vn -0.6426 -0.3262 0.6933
vn -0.3477 -0.5703 0.7442
vn -0.25 -0.5665 0.7852
vn -0.0567 -0.6961 0.7157
vn 0.0 0.0 1.0
vn -0.6425 -0.3262 0.6933
vn -0.7071 -0.0 0.7071
vn -0.5258 -0.0 0.8506
vn -0.0 0.0 1.0
vn -0.426 -0.0 0.9047
vn -0.3865 -0.3865 0.8374
vn -0.526 0.0 0.8505
vn -0.0 0.0 1.0
vn 0.0 -0.526 0.8505
vn 0.0 -0.5259 0.8505
vn -0.3262 -0.6425 0.6934
vn -0.4629 -0.4629 0.7559
vn -0.6426 -0.3262 0.6933
vn -0.6426 -0.3262 0.6934
vn -0.3262 -0.6426 0.6934
vn -0.5259 0.0 0.8505
vn 0.0 -0.7071 0.7071
vn 0.0 -0.5258 0.8506
vn -0.0 -0.0 1.0
vn 0.0 -0.426 0.9047
vn 0.0 -0.0 1.0
vn 0.0 -0.0 1.0
vn -0.0808 -0.1651 0.983
vn -0.0178 -0.2269 0.9738
vn -0.0558 -0.6983 0.7136
vn -0.3474 -0.5641 0.7491
vn -0.1819 -0.0679 0.981
vn -0.1788 -0.0657 0.9817
vn -0.5999 -0.2295 0.7665
vn -0.6978 -0.0672 0.7132
vn -0.6948 -0.0644 0.7163
vn -0.6012 -0.2303 0.7652
vn -0.6426 -0.3262 0.6933
vn -0.3477 -0.5703 0.7442
vn -0.25 -0.5665 0.7852
vn -0.0567 -0.6961 0.7157
vn 0.0 0.0 1.0
vn -0.6425 -0.3262 0.6933
vn -0.7071 -0.0 0.7071
vn -0.5258 -0.0 0.8506
vn -0.0 0.0 1.0
vn -0.426 -0.0 0.9047
vn -0.3865 -0.3865 0.8374
vn -0.526 0.0 0.8505
vn -0.0 0.0 1.0
vn 0.0 -0.526 0.8505
vn 0.0 -0.5259 0.8505
vn -0.3262 -0.6425 0.6934
vn -0.4629 -0.4629 0.7559
vn -0.6426 -0.3262 0.6933
vn -0.6426 -0.3262 0.6934
vn -0.3262 -0.6426 0.6934
vn -0.5259 0.0 0.8505
vn 0.0 -0.7071 0.7071
vn 0.0 -0.5258 0.8506
vn -0.0 -0.0 1.0
vn 0.0 -0.426 0.9047
vn 0.0 -0.0 1.0
vn 0.0 -0.0 1.0
vn -0.0808 -0.1651 0.983
vn -0.0178 -0.2269 0.9738
vn -0.0558 -0.6983 0.7136
vn -0.3474 -0.5641 0.7491
vn -0.1819 -0.0679 0.981
vn -0.1788 -0.0657 0.9817
vn -0.5999 -0.2295 0.7665
vn -0.6978 -0.0672 0.7132
vn -0.6948 -0.0644 0.7163
vn -0.6012 -0.2303 0.7652
vn -0.6426 -0.3262 0.6933
vn -0.3477 -0.5703 0.7442
vn -0.25 -0.5665 0.7852
vn -0.0567 -0.6961 0.7157
vn 0.0 0.0 1.0
vn -0.6425 -0.3262 0.6933
vn -0.3865 -0.3865 0.8374
vn -0.526 0.0 0.8505
vn -0.0 0.0 1.0
vn 0.0 -0.526 0.8505
vn 0.0 -0.5259 0.8505
vn -0.3262 -0.6425 0.6934
vn -0.4629 -0.4629 0.7559
vn -0.6426 -0.3262 0.6933
vn -0.6426 -0.3262 0.6934
vn -0.3262 -0.6426 0.6934
vn -0.5259 0.0 0.8505
vn 0.0 -0.7071 0.7071
vn 0.0 -0.5258 0.8506
vn -0.0 -0.0 1.0
vn 0.0 -0.426 0.9047
vn -0.0 -0.0 1.0
vn 0.0 -0.7071 0.7071
vn 0.0 -0.5258 0.8506
vn -0.0 -0.0 1.0
vn 0.0 -0.426 0.9047
vn 0.0 -0.0 1.0
vn 0.0 -0.0 1.0
vn -0.0808 -0.1651 0.983
vn -0.0178 -0.2269 0.9738
vn -0.0558 -0.6983 0.7136
vn -0.3474 -0.5641 0.7491
vn -0.1819 -0.0679 0.981
vn -0.1788 -0.0657 0.9817
vn -0.5999 -0.2295 0.7665
vn -0.6978 -0.0672 0.7132
vn -0.6948 -0.0644 0.7163
vn -0.6012 -0.2303 0.7652
vn -0.6426 -0.3262 0.6933
vn -0.3477 -0.5703 0.7442
vn -0.25 -0.5665 0.7852
vn -0.0567 -0.6961 0.7157
vn 0.0 0.0 1.0
vn -0.6425 -0.3262 0.6933
vn -0.7071 -0.0 0.7071
vn -0.5258 -0.0 0.8506
vn -0.0 0.0 1.0
vn -0.426 -0.0 0.9047
vn -0.3865 -0.3865 0.8374
vn -0.526 0.0 0.8505
vn -0.0 0.0 1.0
vn 0.0 -0.526 0.8505
vn 0.0 -0.5259 0.8505
vn -0.3262 -0.6425 0.6934
vn -0.4629 -0.4629 0.7559
vn -0.6426 -0.3262 0.6933
vn -0.6426 -0.3262 0.6934
vn -0.3262 -0.6426 0.6934
vn -0.5259 0.0 0.8505
vn -0.0 -0.0 1.0
vn -0.0808 -0.1651 0.983
vn -0.0178 -0.2269 0.9738
vn -0.0558 -0.6983 0.7136
vn -0.3474 -0.5641 0.7491
vn -0.1819 -0.0679 0.981
vn -0.1788 -0.0657 0.9817
vn -0.5999 -0.2295 0.7665
vn -0.6978 -0.0672 0.7132
vn -0.6948 -0.0644 0.7163
vn -0.6012 -0.2303 0.7652
vn -0.6426 -0.3262 0.6933
vn -0.3477 -0.5703 0.7442
vn -0.25 -0.5665 0.7852
vn -0.0567 -0.6961 0.7157
vn 0.0 0.0 1.0
vn -0.6425 -0.3262 0.6933
vn -0.7071 -0.0 0.7071
vn -0.5258 -0.0 0.8506
vn -0.0 0.0 1.0
vn -0.426 -0.0 0.9047
vn -0.3865 -0.3865 0.8374
vn -0.526 0.0 0.8505
vn -0.0 0.0 1.0
vn 0.0 -0.526 0.8505
vn 0.0 -0.5259 0.8505
vn -0.3262 -0.6425 0.6934
vn -0.4629 -0.4629 0.7559
vn -0.6426 -0.3262 0.6933
vn -0.6426 -0.3262 0.6934
vn -0.3262 -0.6426 0.6934
vn -0.5259 0.0 0.8505
vn 0.0 -0.7071 0.7071
vn 0.0 -0.5258 0.8506
vn -0.0 -0.0 1.0
vn 0.0 -0.426 0.9047
vn -0.0 -0.0 1.0
vn -0.0 -0.0 1.0
vn 0.0 -0.7071 0.7071
vn 0.0 -0.5258 0.8506
vn -0.0 -0.0 1.0
vn 0.0 -0.426 0.9047
vn 0.0 -0.0 1.0
vn 0.0 -0.0 1.0
vn 0.0 -0.0 1.0
vn 0.0 -0.0 1.0
vn -0.0808 -0.1651 0.983
vn -0.0178 -0.2269 0.9738
vn -0.0558 -0.6983 0.7136
vn -0.3474 -0.5641 0.7491
vn -0.1819 -0.0679 0.981
vn -0.1788 -0.0657 0.9817
vn -0.5999 -0.2295 0.7665
vn -0.6978 -0.0672 0.7132
vn -0.6948 -0.0644 0.7163
vn -0.6012 -0.2303 0.7652
vn -0.6426 -0.3262 0.6933
vn -0.3477 -0.5703 0.7442
vn -0.25 -0.5665 0.7852
vn -0.0567 -0.6961 0.7157
vn 0.0 0.0 1.0
vn -0.6425 -0.3262 0.6933
vn -0.7071 -0.0 0.7071
vn -0.5258 -0.0 0.8506
vn -0.0 0.0 1.0
vn -0.426 -0.0 0.9047
vn -0.3865 -0.3865 0.8374
vn -0.526 0.0 0.8505
vn -0.0 0.0 1.0
vn 0.0 -0.526 0.8505
vn 0.0 -0.5259 0.8505
vn -0.3262 -0.6425 0.6934
vn -0.4629 -0.4629 0.7559
vn -0.6426 -0.3262 0.6933
vn -0.6426 -0.3262 0.6934
vn -0.3262 -0.6426 0.6934
vn -0.5259 0.0 0.8505
vn 0.0 -0.7071 0.7071
vn 0.0 -0.5258 0.8506
vn -0.0 -0.0 1.0
vn 0.0 -0.426 0.9047
vn 0.0 -0.0 1.0
vn 0.0 -0.0 1.0
vn 0.0 -0.0 1.0
vn 0.0 -0.0 1.0
vn 0.0 -0.0 1.0
vn 0.0 -0.0 1.0
vn 0.0 -0.0 1.0
vn 0.0 -0.0 1.0
vn 0.0 -0.0 1.0
vn 0.0 -0.0 1.0
vn 0.0 -0.0 1.0
vn 0.0 -0.0 1.0
vn 0.0 -0.0 1.0
vn 0.0 -0.0 1.0
vn 0.0 -0.0 1.0
vn 0.0 -0.0 1.0
vn 0.0 -0.0 1.0
vn 0.0 -0.0 1.0
vn 0.0 -0.0 1.0
vn 0.0 -0.0 1.0
c 1.0 1.0 1.0
c 1.0 1.0 1.0
c 1.0 1.0 1.0
c 1.0 1.0 1.0
c 1.0 1.0 1.0
c 1.0 1.0 1.0
c 1.0 1.0 1.0
c 1.0 1.0 1.0
c 1.0 1.0 1.0
c 1.0 1.0 1.0
c 1.0 1.0 1.0
c 1.0 1.0 1.0
c 1.0 1.0 1.0
c 1.0 1.0 1.0
c 1.0 1.0 1.0
c 1.0 1.0 1.0
c 1.0 1.0 1.0
c 1.0 1.0 1.0
c 1.0 1.0 1.0
c 1.0 1.0 1.0
c 1.0 1.0 1.0
c 1.0 1.0 1.0
c 1.0 1.0 1.0
c 1.0 1.0 1.0
c 1.0 1.0 1.0
c 1.0 1.0 1.0
c 1.0 1.0 1.0
c 1.0 1.0 1.0
c 1.0 1.0 1.0
c 1.0 1.0 1.0
c 1.0 1.0 1.0
c 1.0 1.0 1.0
c 1.0 1.0 1.0
c 1.0 1.0 1.0
c 1.0 1.0 1.0
c 1.0 1.0 1.0
c 1.0 1.0 1.0
c 1.0 1.0 1.0
c 1.0 1.0 1.0
c 1.0 1.0 1.0
c 1.0 1.0 1.0
c 1.0 1.0 1.0
c 1.0 1.0 1.0
c 1.0 1.0 1.0
c 1.0 1.0 1.0
c 1.0 1.0 1.0
c 1.0 1.0 1.0
c 1.0 1.0 1.0
c 1.0 1.0 1.0
c 1.0 1.0 1.0
c 1.0 1.0 1.0
c 1.0 1.0 1.0
c 1.0 1.0 1.0
c 1.0 1.0 1.0
c 1.0 1.0 1.0
c 1.0 1.0 1.0
c 1.0 1.0 1.0
c 1.0 1.0 1.0
c 1.0 1.0 1.0
c 1.0 1.0 1.0
c 1.0 1.0 1.0
c 1.0 1.0 1.0
c 1.0 1.0 1.0
c 1.0 1.0 1.0
c 1.0 1.0 1.0
c 1.0 1.0 1.0
c 1.0 1.0 1.0
c 1.0 1.0 1.0
c 1.0 1.0 1.0
c 1.0 1.0 1.0
c 1.0 1.0 1.0
c 1.0 1.0 1.0
c 1.0 1.0 1.0
c 1.0 1.0 1.0
c 1.0 1.0 1.0
c 1.0 1.0 1.0
c 1.0 1.0 1.0
c 1.0 1.0 1.0
c 1.0 1.0 1.0
c 1.0 1.0 1.0
c 1.0 1.0 1.0
c 1.0 1.0 1.0
c 1.0 1.0 1.0
c 1.0 1.0 1.0
c 1.0 1.0 1.0
c 1.0 1.0 1.0
c 1.0 1.0 1.0
c 1.0 1.0 1.0
c 1.0 1.0 1.0
c 1.0 1.0 1.0
c 1.0 1.0 1.0
c 1.0 1.0 1.0
c 1.0 1.0 1.0
c 1.0 1.0 1.0
c 1.0 1.0 1.0
c 1.0 1.0 1.0
c 1.0 1.0 1.0
c 1.0 1.0 1.0
c 1.0 1.0 1.0
c 1.0 1.0 1.0
c 1.0 1.0 1.0
c 1.0 1.0 1.0
c 1.0 1.0 1.0
c 1.0 1.0 1.0
c 1.0 1.0 1.0
c 1.0 1.0 1.0
c 1.0 1.0 1.0
c 1.0 1.0 1.0
c 1.0 1.0 1.0
c 1.0 1.0 1.0
c 1.0 1.0 1.0
c 1.0 1.0 1.0
c 1.0 1.0 1.0
c 1.0 1.0 1.0
c 1.0 1.0 1.0
c 1.0 1.0 1.0
c 1.0 1.0 1.0
c 1.0 1.0 1.0
c 1.0 1.0 1.0
c 1.0 1.0 1.0
c 1.0 1.0 1.0
c 1.0 1.0 1.0
c 1.0 1.0 1.0
c 1.0 1.0 1.0
c 1.0 1.0 1.0
c 1.0 1.0 1.0
c 1.0 1.0 1.0
c 1.0 1.0 1.0
c 1.0 1.0 1.0
c 1.0 1.0 1.0
c 1.0 1.0 1.0
c 1.0 1.0 1.0
c 1.0 1.0 1.0
c 1.0 1.0 1.0
c 1.0 1.0 1.0
c 1.0 1.0 1.0
c 1.0 1.0 1.0
c 1.0 1.0 1.0
c 1.0 1.0 1.0
c 1.0 1.0 1.0
c 1.0 1.0 1.0
c 1.0 1.0 1.0
c 1.0 1.0 1.0
c 1.0 1.0 1.0
c 1.0 1.0 1.0
c 1.0 1.0 1.0
c 1.0 1.0 1.0
c 1.0 1.0 1.0
c 1.0 1.0 1.0
c 1.0 1.0 1.0
c 1.0 1.0 1.0
c 1.0 1.0 1.0
c 1.0 1.0 1.0
c 1.0 1.0 1.0
c 1.0 1.0 1.0
c 1.0 1.0 1.0
c 1.0 1.0 1.0
c 1.0 1.0 1.0
c 1.0 1.0 1.0
c 1.0 1.0 1.0
c 1.0 1.0 1.0
c 1.0 1.0 1.0
c 1.0 1.0 1.0
c 1.0 1.0 1.0
c 1.0 1.0 1.0
c 1.0 1.0 1.0
c 1.0 1.0 1.0
c 1.0 1.0 1.0
c 1.0 1.0 1.0
c 1.0 1.0 1.0
c 1.0 1.0 1.0
c 1.0 1.0 1.0
c 1.0 1.0 1.0
c 1.0 1.0 1.0
c 1.0 1.0 1.0
c 1.0 1.0 1.0
c 1.0 1.0 1.0
c 1.0 1.0 1.0
c 1.0 1.0 1.0
c 1.0 1.0 1.0
c 1.0 1.0 1.0
c 1.0 1.0 1.0
c 1.0 1.0 1.0
c 1.0 1.0 1.0
c 1.0 1.0 1.0
c 1.0 1.0 1.0
c 1.0 1.0 1.0
c 1.0 1.0 1.0
c 1.0 1.0 1.0
c 1.0 1.0 1.0
c 1.0 1.0 1.0
c 1.0 1.0 1.0
c 1.0 1.0 1.0
c 1.0 1.0 1.0
c 1.0 1.0 1.0
c 1.0 1.0 1.0
c 1.0 1.0 1.0
c 1.0 1.0 1.0
c 1.0 1.0 1.0
c 1.0 1.0 1.0
c 1.0 1.0 1.0
c 1.0 1.0 1.0
c 1.0 1.0 1.0
c 1.0 1.0 1.0
c 1.0 1.0 1.0
c 1.0 1.0 1.0
c 1.0 1.0 1.0
c 1.0 1.0 1.0
c 1.0 1.0 1.0
c 1.0 1.0 1.0
c 1.0 1.0 1.0
c 1.0 1.0 1.0
c 1.0 1.0 1.0
c 1.0 1.0 1.0
c 1.0 1.0 1.0
c 1.0 1.0 1.0
c 1.0 1.0 1.0
c 1.0 1.0 1.0
c 1.0 1.0 1.0
c 1.0 1.0 1.0
c 1.0 1.0 1.0
c 1.0 1.0 1.0
c 1.0 1.0 1.0
c 1.0 1.0 1.0
c 1.0 1.0 1.0
c 1.0 1.0 1.0
c 1.0 1.0 1.0
c 1.0 1.0 1.0
c 1.0 1.0 1.0
c 1.0 1.0 1.0
c 1.0 1.0 1.0
c 1.0 1.0 1.0
c 1.0 1.0 1.0
c 1.0 1.0 1.0
c 1.0 1.0 1.0
c 1.0 1.0 1.0
c 1.0 1.0 1.0
c 1.0 1.0 1.0
c 1.0 1.0 1.0
c 1.0 1.0 1.0
c 1.0 1.0 1.0
c 1.0 1.0 1.0
c 1.0 1.0 1.0
c 1.0 1.0 1.0
c 1.0 1.0 1.0
c 1.0 1.0 1.0
c 1.0 1.0 1.0
c 1.0 1.0 1.0
c 1.0 1.0 1.0
c 1.0 1.0 1.0
c 1.0 1.0 1.0
c 1.0 1.0 1.0
c 1.0 1.0 1.0
c 1.0 1.0 1.0
c 1.0 1.0 1.0
c 1.0 1.0 1.0
c 1.0 1.0 1.0
c 1.0 1.0 1.0
c 1.0 1.0 1.0
c 1.0 1.0 1.0
c 1.0 1.0 1.0
c 1.0 1.0 1.0
c 1.0 1.0 1.0
c 1.0 1.0 1.0
c 1.0 1.0 1.0
c 1.0 1.0 1.0
c 1.0 1.0 1.0
c 1.0 1.0 1.0
c 1.0 1.0 1.0
c 1.0 1.0 1.0
c 1.0 1.0 1.0
c 1.0 1.0 1.0
c 1.0 1.0 1.0
c 1.0 1.0 1.0
c 1.0 1.0 1.0
c 1.0 1.0 1.0
c 1.0 1.0 1.0
c 1.0 1.0 1.0
c 1.0 1.0 1.0
c 1.0 1.0 1.0
c 1.0 1.0 1.0
c 1.0 1.0 1.0
c 1.0 1.0 1.0
c 1.0 1.0 1.0
c 1.0 1.0 1.0
c 1.0 1.0 1.0
c 1.0 1.0 1.0
c 1.0 1.0 1.0
c 1.0 1.0 1.0
c 1.0 1.0 1.0
c 1.0 1.0 1.0
c 1.0 1.0 1.0
c 1.0 1.0 1.0
usemtl sea_zanami2
s off
f 12/11/1/1 13/12/1/1 14/13/1/1 15/14/1/1
f 16/15/1/1 12/16/1/1 15/17/1/1 17/18/1/1
f 34/36/2/2 35/37/2/2 36/38/2/2 37/39/2/2
f 50/54/7/3 51/55/7/3 52/56/7/3 53/57/7/3
f 75/80/13/5 76/81/13/5 77/82/13/5 78/83/13/5
f 79/84/13/5 75/85/13/5 78/86/13/5 80/87/13/5
f 132/139/25/7 133/140/25/7 134/141/25/7 135/142/25/7
f 136/143/25/7 132/144/25/7 135/145/25/7 137/146/25/7
f 201/210/40/12 202/211/40/12 203/212/40/12 204/213/40/12
f 205/214/40/12 201/215/40/12 204/216/40/12 206/217/40/12
f 270/281/55/17 271/282/55/17 272/283/55/17 273/284/55/17
f 274/285/55/17 270/286/55/17 273/287/55/17 275/288/55/17
f 91/123/18/6 92/124/18/6 93/125/18/6
f 94/126/18/6 95/127/18/6 96/128/18/6
f 148/182/30/8 149/183/30/8 150/184/30/8
f 151/185/30/8 152/186/30/8 153/187/30/8
f 217/253/45/13 218/254/45/13 219/255/45/13
f 220/256/45/13 221/257/45/13 222/258/45/13
f 286/324/60/18 287/325/60/18 288/326/60/18
f 289/327/60/18 290/328/60/18 291/329/60/18
usemtl sea_zanami
s off
f 5/23/1/1 6/24/1/1 7/25/1/1 8/26/1/1
f 28/40/2/2 29/41/2/2 30/42/6/2 31/43/2/2
f 29/44/2/2 32/45/2/2 33/46/2/2 30/47/6/2
f 44/58/7/3 45/59/7/3 46/60/11/3 47/61/7/3
f 45/62/7/3 48/63/7/3 49/64/7/3 46/65/11/3
f 68/92/13/5 69/93/13/5 70/94/13/5 71/95/13/5
f 109/99/14/6 110/100/15/6 111/101/16/6 112/102/17/6
f 125/151/25/7 126/152/25/7 127/153/25/7 128/154/25/7
f 166/158/26/8 167/159/27/8 168/160/28/8 169/161/29/8
f 194/222/40/12 195/223/40/12 196/224/40/12 197/225/40/12
f 235/229/41/13 236/230/42/13 237/231/43/13 238/232/44/13
f 263/293/55/17 264/294/55/17 265/295/55/17 266/296/55/17
f 304/300/56/18 305/301/57/18 306/302/58/18 307/303/59/18
f 1/19/1/1 2/20/1/1 3/21/1/1
f 2/20/1/1 4/22/1/1 3/21/1/1
f 9/27/1/1 10/28/1/1 11/29/1/1
f 64/88/13/5 65/89/13/5 66/90/13/5
f 65/89/13/5 67/91/13/5 66/90/13/5
f 72/96/13/5 73/97/13/5 74/98/13/5
f 113/103/18/6 114/104/18/6 115/105/18/6
f 114/104/18/6 116/106/18/6 115/105/18/6
f 115/105/18/6 116/106/18/6 117/107/18/6
f 116/106/18/6 118/108/18/6 117/107/18/6
f 119/109/18/6 112/102/17/6 111/101/16/6
f 109/99/14/6 120/110/18/6 110/100/15/6
f 121/147/25/7 122/148/25/7 123/149/25/7
f 122/148/25/7 124/150/25/7 123/149/25/7
f 129/155/25/7 130/156/25/7 131/157/25/7
f 170/162/30/8 171/163/30/8 172/164/30/8
f 171/163/30/8 173/165/30/8 172/164/30/8
f 172/164/30/8 173/165/30/8 174/166/30/8
f 173/165/30/8 175/167/30/8 174/166/30/8
f 176/168/30/8 169/161/29/8 168/160/28/8
f 166/158/26/8 177/169/30/8 167/159/27/8
f 190/218/40/12 191/219/40/12 192/220/40/12
f 191/219/40/12 193/221/40/12 192/220/40/12
f 198/226/40/12 199/227/40/12 200/228/40/12
f 239/233/45/13 240/234/45/13 241/235/45/13
f 240/234/45/13 242/236/45/13 241/235/45/13
f 241/235/45/13 242/236/45/13 243/237/45/13
f 242/236/45/13 244/238/45/13 243/237/45/13
f 245/239/45/13 238/232/44/13 237/231/43/13
f 235/229/41/13 246/240/45/13 236/230/42/13
f 259/289/55/17 260/290/55/17 261/291/55/17
f 260/290/55/17 262/292/55/17 261/291/55/17
f 267/297/55/17 268/298/55/17 269/299/55/17
f 308/304/60/18 309/305/60/18 310/306/60/18
f 309/305/60/18 311/307/60/18 310/306/60/18
f 310/306/60/18 311/307/60/18 312/308/60/18
f 311/307/60/18 313/309/60/18 312/308/60/18
f 314/310/60/18 307/303/59/18 306/302/58/18
f 304/300/56/18 315/311/60/18 305/301/57/18
usemtl sea_mizu1_1
s off
f 3252/3285/1242/275 3253/3287/1242/275 3254/3288/1242/275 3255/3286/1242/275
f 3256/3289/1243/276 3257/3291/1243/276 3258/3292/1243/276 3259/3290/1243/276
f 3260/3295/1244/277 3261/3293/1244/277 3262/3294/1244/277 3263/3296/1244/277
f 3264/3299/1245/278 3265/3297/1245/278 3266/3298/1245/278 3267/3300/1245/278
f 3268/3301/1246/279 3269/3303/1246/279 3270/3304/1246/279 3271/3302/1246/279
f 3272/3305/1247/280 3273/3307/1247/280 3274/3308/1247/280 3275/3306/1247/280
f 3276/3311/1248/281 3277/3309/1248/281 3278/3310/1248/281 3279/3312/1248/281
f 3280/3315/1249/282 3281/3313/1249/282 3282/3314/1249/282 3283/3316/1249/282
f 3284/3317/1250/283 3285/3319/1250/283 3286/3320/1250/283 3287/3318/1250/283
f 3288/3321/1251/284 3289/3323/1251/284 3290/3324/1251/284 3291/3322/1251/284
f 3292/3327/1252/285 3293/3325/1252/285 3294/3326/1252/285 3295/3328/1252/285
f 3296/3331/1253/286 3297/3329/1253/286 3298/3330/1253/286 3299/3332/1253/286
f 3300/3335/1254/287 3301/3334/1254/287 3302/3336/1254/287 3303/3333/1254/287
f 3304/3339/1255/288 3305/3337/1255/288 3306/3338/1255/288 3307/3340/1255/288
f 3308/3341/1256/289 3309/3343/1256/289 3310/3344/1256/289 3311/3342/1256/289
f 3312/3345/1257/290 3313/3347/1257/290 3314/3348/1257/290 3315/3346/1257/290
f 3316/3349/1258/291 3317/3352/1258/291 3318/3350/1258/291 3319/3351/1258/291
f 3320/3355/1259/292 3321/3354/1259/292 3322/3356/1259/292 3323/3353/1259/292
f 3324/3359/1260/293 3325/3357/1260/293 3326/3358/1260/293 3327/3360/1260/293
usemtl ki02c
s off
f 404/418/118/26 405/419/118/26 406/420/118/26 407/421/118/26
f 420/434/121/27 421/435/121/27 422/436/121/27 423/437/121/27
f 498/512/159/32 499/513/159/32 500/514/159/32 501/515/159/32
f 514/528/162/33 515/529/162/33 516/530/162/33 517/531/162/33
usemtl ki03ax
s off
f 408/422/119/26 411/423/120/26 410/424/119/26 409/425/120/26
f 412/426/118/26 413/427/118/26 414/428/118/26 415/429/118/26
f 424/438/122/27 427/439/123/27 426/440/122/27 425/441/123/27
f 428/442/121/27 429/443/121/27 430/444/121/27 431/445/121/27
f 502/516/160/32 505/517/161/32 504/518/160/32 503/519/161/32
f 506/520/159/32 507/521/159/32 508/522/159/32 509/523/159/32
f 518/532/163/33 521/533/164/33 520/534/163/33 519/535/164/33
f 522/536/162/33 523/537/162/33 524/538/162/33 525/539/162/33
usemtl ki03bx
s off
f 416/430/118/26 417/431/118/26 418/432/118/26 419/433/118/26
f 432/446/121/27 433/447/121/27 434/448/121/27 435/449/121/27
f 510/524/159/32 511/525/159/32 512/526/159/32 513/527/159/32
f 526/540/162/33 527/541/162/33 528/542/162/33 529/543/162/33
usemtl sea_jimen
s off
f 61/66/12/4 63/67/12/4 62/68/12/4 60/69/12/4
f 179/188/37/9 181/189/37/9 180/190/37/9 178/191/37/9
f 183/192/38/10 185/193/38/10 184/194/38/10 182/195/38/10
f 248/259/52/14 250/260/52/14 249/261/52/14 247/262/52/14
f 252/263/53/15 254/264/53/15 253/265/53/15 251/266/53/15
f 317/330/67/19 319/331/67/19 318/332/67/19 316/333/67/19
f 1743/1775/452/136 1745/1776/452/136 1744/1777/452/136 1742/1778/452/136
f 1811/1843/493/141 1813/1844/493/141 1812/1845/493/141 1810/1846/493/141
f 1815/1847/494/142 1817/1848/494/142 1816/1849/494/142 1814/1850/494/142
f 1851/1883/515/145 1853/1884/515/145 1852/1885/515/145 1850/1886/515/145
f 1855/1887/516/146 1857/1888/516/146 1856/1889/516/146 1854/1890/516/146
f 1859/1891/517/147 1861/1892/517/147 1860/1893/517/147 1858/1894/517/147
f 1863/1895/518/148 1865/1896/518/148 1864/1897/518/148 1862/1898/518/148
f 1917/1949/545/152 1919/1950/545/152 1918/1951/545/152 1916/1952/545/152
f 1921/1953/546/153 1923/1954/546/153 1922/1955/546/153 1920/1956/546/153
f 1989/2021/587/158 1991/2022/587/158 1990/2023/587/158 1988/2024/587/158
f 1993/2025/588/159 1995/2026/588/159 1994/2027/588/159 1992/2028/588/159
f 1997/2029/589/160 1999/2030/589/160 1998/2031/589/160 1996/2032/589/160
f 2063/2095/625/165 2065/2096/625/165 2064/2097/625/165 2062/2098/625/165
f 2067/2099/626/166 2069/2100/626/166 2068/2101/626/166 2066/2102/626/166
f 2081/2113/631/168 2083/2114/631/168 2082/2115/631/168 2080/2116/631/168
f 2085/2117/632/169 2087/2118/632/169 2086/2119/632/169 2084/2120/632/169
f 2253/2285/725/182 2255/2286/725/182 2254/2287/725/182 2252/2288/725/182
f 2257/2289/726/183 2259/2290/726/183 2258/2291/726/183 2256/2292/726/183
f 2271/2303/731/185 2273/2304/731/185 2272/2305/731/185 2270/2306/731/185
f 2275/2307/732/186 2277/2308/732/186 2276/2309/732/186 2274/2310/732/186
f 2447/2479/826/200 2449/2480/826/200 2448/2481/826/200 2446/2482/826/200
f 2461/2493/831/202 2463/2494/831/202 2462/2495/831/202 2460/2496/831/202
f 2465/2497/832/203 2467/2498/832/203 2466/2499/832/203 2464/2500/832/203
f 2469/2501/833/204 2471/2502/833/204 2470/2503/833/204 2468/2504/833/204
f 2473/2505/834/205 2475/2506/834/205 2474/2507/834/205 2472/2508/834/205
f 2529/2561/866/209 2531/2562/866/209 2530/2563/866/209 2528/2564/866/209
f 2533/2565/867/210 2535/2566/867/210 2534/2567/867/210 2532/2568/867/210
f 2555/2587/874/214 2557/2588/874/214 2556/2589/874/214 2554/2590/874/214
f 2559/2591/875/215 2561/2592/875/215 2560/2593/875/215 2558/2594/875/215
f 2677/2709/942/223 2679/2710/942/223 2678/2711/942/223 2676/2712/942/223
f 2743/2775/978/228 2745/2776/978/228 2744/2777/978/228 2742/2778/978/228
f 2747/2779/979/229 2749/2780/979/229 2748/2781/979/229 2746/2782/979/229
f 2761/2793/984/231 2763/2794/984/231 2762/2795/984/231 2760/2796/984/231
f 2817/2849/1016/235 2819/2850/1016/235 2818/2851/1016/235 2816/2852/1016/235
f 2883/2915/1052/240 2885/2916/1052/240 2884/2917/1052/240 2882/2918/1052/240
f 2887/2919/1053/241 2889/2920/1053/241 2888/2921/1053/241 2886/2922/1053/241
f 2953/2985/1089/246 2955/2986/1089/246 2954/2987/1089/246 2952/2988/1089/246
f 2957/2989/1090/247 2959/2990/1090/247 2958/2991/1090/247 2956/2992/1090/247
f 3027/3059/1127/253 3029/3060/1127/253 3028/3061/1127/253 3026/3062/1127/253
f 3031/3063/1128/254 3033/3064/1128/254 3032/3065/1128/254 3030/3066/1128/254
f 3171/3203/1202/266 3173/3204/1202/266 3172/3205/1202/266 3170/3206/1202/266
f 3175/3207/1203/267 3177/3208/1203/267 3176/3209/1203/267 3174/3210/1203/267
f 3179/3211/1204/268 3181/3212/1204/268 3180/3213/1204/268 3178/3214/1204/268
f 3183/3215/1205/269 3185/3216/1205/269 3184/3217/1205/269 3182/3218/1205/269
f 3249/3281/1241/274 3251/3282/1241/274 3250/3283/1241/274 3248/3284/1241/274
usemtl kusa_ec3
s off
f 624/636/217/39 625/637/217/39 622/638/217/39 623/639/217/39
f 636/648/218/40 637/649/218/40 634/650/218/40 635/651/218/40
f 648/660/219/41 649/661/219/41 646/662/219/41 647/663/219/41
f 660/672/220/42 661/673/220/42 658/674/220/42 659/675/220/42
f 672/684/221/43 673/685/221/43 670/686/221/43 671/687/221/43
f 684/696/222/44 685/697/222/44 682/698/222/44 683/699/222/44
f 696/708/223/45 697/709/223/45 694/710/223/45 695/711/223/45
f 708/720/224/46 709/721/224/46 706/722/224/46 707/723/224/46
f 720/732/225/47 721/733/225/47 718/734/225/47 719/735/225/47
f 732/744/226/48 733/745/226/48 730/746/226/48 731/747/226/48
f 744/756/227/49 745/757/227/49 742/758/227/49 743/759/227/49
f 756/768/228/50 757/769/228/50 754/770/228/50 755/771/228/50
f 768/780/229/51 769/781/229/51 766/782/229/51 767/783/229/51
f 780/792/230/52 781/793/230/52 778/794/230/52 779/795/230/52
f 792/804/231/53 793/805/231/53 790/806/231/53 791/807/231/53
f 804/816/232/54 805/817/232/54 802/818/232/54 803/819/232/54
f 816/828/233/55 817/829/233/55 814/830/233/55 815/831/233/55
f 828/840/234/56 829/841/234/56 826/842/234/56 827/843/234/56
f 840/852/235/57 841/853/235/57 838/854/235/57 839/855/235/57
f 852/864/236/58 853/865/236/58 850/866/236/58 851/867/236/58
f 864/876/237/59 865/877/237/59 862/878/237/59 863/879/237/59
f 876/888/238/60 877/889/238/60 874/890/238/60 875/891/238/60
f 888/900/239/61 889/901/239/61 886/902/239/61 887/903/239/61
f 900/912/240/62 901/913/240/62 898/914/240/62 899/915/240/62
f 912/924/241/63 913/925/241/63 910/926/241/63 911/927/241/63
f 924/936/242/64 925/937/242/64 922/938/242/64 923/939/242/64
f 936/948/243/65 937/949/243/65 934/950/243/65 935/951/243/65
f 948/960/244/66 949/961/244/66 946/962/244/66 947/963/244/66
f 960/972/245/67 961/973/245/67 958/974/245/67 959/975/245/67
f 972/984/246/68 973/985/246/68 970/986/246/68 971/987/246/68
f 984/996/247/69 985/997/247/69 982/998/247/69 983/999/247/69
f 1030/1061/286/71 1031/1062/286/71 1028/1063/286/71 1029/1064/286/71
f 1042/1073/287/72 1043/1074/287/72 1040/1075/287/72 1041/1076/287/72
f 1054/1085/288/73 1055/1086/288/73 1052/1087/288/73 1053/1088/288/73
f 1066/1097/289/74 1067/1098/289/74 1064/1099/289/74 1065/1100/289/74
f 1078/1109/290/75 1079/1110/290/75 1076/1111/290/75 1077/1112/290/75
f 1090/1121/291/76 1091/1122/291/76 1088/1123/291/76 1089/1124/291/76
f 1102/1133/292/77 1103/1134/292/77 1100/1135/292/77 1101/1136/292/77
f 1114/1145/293/78 1115/1146/293/78 1112/1147/293/78 1113/1148/293/78
f 1126/1157/294/79 1127/1158/294/79 1124/1159/294/79 1125/1160/294/79
f 1138/1169/295/80 1139/1170/295/80 1136/1171/295/80 1137/1172/295/80
f 1150/1181/296/81 1151/1182/296/81 1148/1183/296/81 1149/1184/296/81
f 1162/1193/297/82 1163/1194/297/82 1160/1195/297/82 1161/1196/297/82
f 1174/1205/298/83 1175/1206/298/83 1172/1207/298/83 1173/1208/298/83
f 1186/1217/299/84 1187/1218/299/84 1184/1219/299/84 1185/1220/299/84
f 1198/1229/300/85 1199/1230/300/85 1196/1231/300/85 1197/1232/300/85
f 1210/1241/301/86 1211/1242/301/86 1208/1243/301/86 1209/1244/301/86
f 1222/1253/302/87 1223/1254/302/87 1220/1255/302/87 1221/1256/302/87
f 1234/1265/303/88 1235/1266/303/88 1232/1267/303/88 1233/1268/303/88
f 1246/1277/304/89 1247/1278/304/89 1244/1279/304/89 1245/1280/304/89
f 1258/1289/305/90 1259/1290/305/90 1256/1291/305/90 1257/1292/305/90
f 1270/1301/306/91 1271/1302/306/91 1268/1303/306/91 1269/1304/306/91
f 1282/1313/307/92 1283/1314/307/92 1280/1315/307/92 1281/1316/307/92
f 1294/1325/308/93 1295/1326/308/93 1292/1327/308/93 1293/1328/308/93
f 1306/1337/309/94 1307/1338/309/94 1304/1339/309/94 1305/1340/309/94
f 1318/1349/310/95 1319/1350/310/95 1316/1351/310/95 1317/1352/310/95
f 1330/1361/311/96 1331/1362/311/96 1328/1363/311/96 1329/1364/311/96
f 1342/1373/312/97 1343/1374/312/97 1340/1375/312/97 1341/1376/312/97
f 1354/1385/313/98 1355/1386/313/98 1352/1387/313/98 1353/1388/313/98
f 1366/1397/314/99 1367/1398/314/99 1364/1399/314/99 1365/1400/314/99
f 1378/1409/315/100 1379/1410/315/100 1376/1411/315/100 1377/1412/315/100
f 1390/1421/316/101 1391/1422/316/101 1388/1423/316/101 1389/1424/316/101
f 1402/1433/317/102 1403/1434/317/102 1400/1435/317/102 1401/1436/317/102
f 1414/1445/318/103 1415/1446/318/103 1412/1447/318/103 1413/1448/318/103
f 1426/1457/319/104 1427/1458/319/104 1424/1459/319/104 1425/1460/319/104
f 1438/1469/320/105 1439/1470/320/105 1436/1471/320/105 1437/1472/320/105
f 1450/1481/321/106 1451/1482/321/106 1448/1483/321/106 1449/1484/321/106
f 1462/1493/322/107 1463/1494/322/107 1460/1495/322/107 1461/1496/322/107
f 1474/1505/323/108 1475/1506/323/108 1472/1507/323/108 1473/1508/323/108
usemtl kusa_ec1
s off
f 616/628/217/39 617/629/217/39 614/630/217/39 615/631/217/39
f 628/640/218/40 629/641/218/40 626/642/218/40 627/643/218/40
f 640/652/219/41 641/653/219/41 638/654/219/41 639/655/219/41
f 652/664/220/42 653/665/220/42 650/666/220/42 651/667/220/42
f 664/676/221/43 665/677/221/43 662/678/221/43 663/679/221/43
f 676/688/222/44 677/689/222/44 674/690/222/44 675/691/222/44
f 688/700/223/45 689/701/223/45 686/702/223/45 687/703/223/45
f 700/712/224/46 701/713/224/46 698/714/224/46 699/715/224/46
f 712/724/225/47 713/725/225/47 710/726/225/47 711/727/225/47
f 724/736/226/48 725/737/226/48 722/738/226/48 723/739/226/48
f 736/748/227/49 737/749/227/49 734/750/227/49 735/751/227/49
f 748/760/228/50 749/761/228/50 746/762/228/50 747/763/228/50
f 760/772/229/51 761/773/229/51 758/774/229/51 759/775/229/51
f 772/784/230/52 773/785/230/52 770/786/230/52 771/787/230/52
f 784/796/231/53 785/797/231/53 782/798/231/53 783/799/231/53
f 796/808/232/54 797/809/232/54 794/810/232/54 795/811/232/54
f 808/820/233/55 809/821/233/55 806/822/233/55 807/823/233/55
f 820/832/234/56 821/833/234/56 818/834/234/56 819/835/234/56
f 832/844/235/57 833/845/235/57 830/846/235/57 831/847/235/57
f 844/856/236/58 845/857/236/58 842/858/236/58 843/859/236/58
f 856/868/237/59 857/869/237/59 854/870/237/59 855/871/237/59
f 868/880/238/60 869/881/238/60 866/882/238/60 867/883/238/60
f 880/892/239/61 881/893/239/61 878/894/239/61 879/895/239/61
f 892/904/240/62 893/905/240/62 890/906/240/62 891/907/240/62
f 904/916/241/63 905/917/241/63 902/918/241/63 903/919/241/63
f 916/928/242/64 917/929/242/64 914/930/242/64 915/931/242/64
f 928/940/243/65 929/941/243/65 926/942/243/65 927/943/243/65
f 940/952/244/66 941/953/244/66 938/954/244/66 939/955/244/66
f 952/964/245/67 953/965/245/67 950/966/245/67 951/967/245/67
f 964/976/246/68 965/977/246/68 962/978/246/68 963/979/246/68
f 976/988/247/69 977/989/247/69 974/990/247/69 975/991/247/69
f 1022/1053/286/71 1023/1054/286/71 1020/1055/286/71 1021/1056/286/71
f 1034/1065/287/72 1035/1066/287/72 1032/1067/287/72 1033/1068/287/72
f 1046/1077/288/73 1047/1078/288/73 1044/1079/288/73 1045/1080/288/73
f 1058/1089/289/74 1059/1090/289/74 1056/1091/289/74 1057/1092/289/74
f 1070/1101/290/75 1071/1102/290/75 1068/1103/290/75 1069/1104/290/75
f 1082/1113/291/76 1083/1114/291/76 1080/1115/291/76 1081/1116/291/76
f 1094/1125/292/77 1095/1126/292/77 1092/1127/292/77 1093/1128/292/77
f 1106/1137/293/78 1107/1138/293/78 1104/1139/293/78 1105/1140/293/78
f 1118/1149/294/79 1119/1150/294/79 1116/1151/294/79 1117/1152/294/79
f 1130/1161/295/80 1131/1162/295/80 1128/1163/295/80 1129/1164/295/80
f 1142/1173/296/81 1143/1174/296/81 1140/1175/296/81 1141/1176/296/81
f 1154/1185/297/82 1155/1186/297/82 1152/1187/297/82 1153/1188/297/82
f 1166/1197/298/83 1167/1198/298/83 1164/1199/298/83 1165/1200/298/83
f 1178/1209/299/84 1179/1210/299/84 1176/1211/299/84 1177/1212/299/84
f 1190/1221/300/85 1191/1222/300/85 1188/1223/300/85 1189/1224/300/85
f 1202/1233/301/86 1203/1234/301/86 1200/1235/301/86 1201/1236/301/86
f 1214/1245/302/87 1215/1246/302/87 1212/1247/302/87 1213/1248/302/87
f 1226/1257/303/88 1227/1258/303/88 1224/1259/303/88 1225/1260/303/88
f 1238/1269/304/89 1239/1270/304/89 1236/1271/304/89 1237/1272/304/89
f 1250/1281/305/90 1251/1282/305/90 1248/1283/305/90 1249/1284/305/90
f 1262/1293/306/91 1263/1294/306/91 1260/1295/306/91 1261/1296/306/91
f 1274/1305/307/92 1275/1306/307/92 1272/1307/307/92 1273/1308/307/92
f 1286/1317/308/93 1287/1318/308/93 1284/1319/308/93 1285/1320/308/93
f 1298/1329/309/94 1299/1330/309/94 1296/1331/309/94 1297/1332/309/94
f 1310/1341/310/95 1311/1342/310/95 1308/1343/310/95 1309/1344/310/95
f 1322/1353/311/96 1323/1354/311/96 1320/1355/311/96 1321/1356/311/96
f 1334/1365/312/97 1335/1366/312/97 1332/1367/312/97 1333/1368/312/97
f 1346/1377/313/98 1347/1378/313/98 1344/1379/313/98 1345/1380/313/98
f 1358/1389/314/99 1359/1390/314/99 1356/1391/314/99 1357/1392/314/99
f 1370/1401/315/100 1371/1402/315/100 1368/1403/315/100 1369/1404/315/100
f 1382/1413/316/101 1383/1414/316/101 1380/1415/316/101 1381/1416/316/101
f 1394/1425/317/102 1395/1426/317/102 1392/1427/317/102 1393/1428/317/102
f 1406/1437/318/103 1407/1438/318/103 1404/1439/318/103 1405/1440/318/103
f 1418/1449/319/104 1419/1450/319/104 1416/1451/319/104 1417/1452/319/104
f 1430/1461/320/105 1431/1462/320/105 1428/1463/320/105 1429/1464/320/105
f 1442/1473/321/106 1443/1474/321/106 1440/1475/321/106 1441/1476/321/106
f 1454/1485/322/107 1455/1486/322/107 1452/1487/322/107 1453/1488/322/107
f 1466/1497/323/108 1467/1498/323/108 1464/1499/323/108 1465/1500/323/108
usemtl kusa_ec2
s off
f 620/632/217/39 621/633/217/39 618/634/217/39 619/635/217/39
f 632/644/218/40 633/645/218/40 630/646/218/40 631/647/218/40
f 644/656/219/41 645/657/219/41 642/658/219/41 643/659/219/41
f 656/668/220/42 657/669/220/42 654/670/220/42 655/671/220/42
f 668/680/221/43 669/681/221/43 666/682/221/43 667/683/221/43
f 680/692/222/44 681/693/222/44 678/694/222/44 679/695/222/44
f 692/704/223/45 693/705/223/45 690/706/223/45 691/707/223/45
f 704/716/224/46 705/717/224/46 702/718/224/46 703/719/224/46
f 716/728/225/47 717/729/225/47 714/730/225/47 715/731/225/47
f 728/740/226/48 729/741/226/48 726/742/226/48 727/743/226/48
f 740/752/227/49 741/753/227/49 738/754/227/49 739/755/227/49
f 752/764/228/50 753/765/228/50 750/766/228/50 751/767/228/50
f 764/776/229/51 765/777/229/51 762/778/229/51 763/779/229/51
f 776/788/230/52 777/789/230/52 774/790/230/52 775/791/230/52
f 788/800/231/53 789/801/231/53 786/802/231/53 787/803/231/53
f 800/812/232/54 801/813/232/54 798/814/232/54 799/815/232/54
f 812/824/233/55 813/825/233/55 810/826/233/55 811/827/233/55
f 824/836/234/56 825/837/234/56 822/838/234/56 823/839/234/56
f 836/848/235/57 837/849/235/57 834/850/235/57 835/851/235/57
f 848/860/236/58 849/861/236/58 846/862/236/58 847/863/236/58
f 860/872/237/59 861/873/237/59 858/874/237/59 859/875/237/59
f 872/884/238/60 873/885/238/60 870/886/238/60 871/887/238/60
f 884/896/239/61 885/897/239/61 882/898/239/61 883/899/239/61
f 896/908/240/62 897/909/240/62 894/910/240/62 895/911/240/62
f 908/920/241/63 909/921/241/63 906/922/241/63 907/923/241/63
f 920/932/242/64 921/933/242/64 918/934/242/64 919/935/242/64
f 932/944/243/65 933/945/243/65 930/946/243/65 931/947/243/65
f 944/956/244/66 945/957/244/66 942/958/244/66 943/959/244/66
f 956/968/245/67 957/969/245/67 954/970/245/67 955/971/245/67
f 968/980/246/68 969/981/246/68 966/982/246/68 967/983/246/68
f 980/992/247/69 981/993/247/69 978/994/247/69 979/995/247/69
f 1026/1057/286/71 1027/1058/286/71 1024/1059/286/71 1025/1060/286/71
f 1038/1069/287/72 1039/1070/287/72 1036/1071/287/72 1037/1072/287/72
f 1050/1081/288/73 1051/1082/288/73 1048/1083/288/73 1049/1084/288/73
f 1062/1093/289/74 1063/1094/289/74 1060/1095/289/74 1061/1096/289/74
f 1074/1105/290/75 1075/1106/290/75 1072/1107/290/75 1073/1108/290/75
f 1086/1117/291/76 1087/1118/291/76 1084/1119/291/76 1085/1120/291/76
f 1098/1129/292/77 1099/1130/292/77 1096/1131/292/77 1097/1132/292/77
f 1110/1141/293/78 1111/1142/293/78 1108/1143/293/78 1109/1144/293/78
f 1122/1153/294/79 1123/1154/294/79 1120/1155/294/79 1121/1156/294/79
f 1134/1165/295/80 1135/1166/295/80 1132/1167/295/80 1133/1168/295/80
f 1146/1177/296/81 1147/1178/296/81 1144/1179/296/81 1145/1180/296/81
f 1158/1189/297/82 1159/1190/297/82 1156/1191/297/82 1157/1192/297/82
f 1170/1201/298/83 1171/1202/298/83 1168/1203/298/83 1169/1204/298/83
f 1182/1213/299/84 1183/1214/299/84 1180/1215/299/84 1181/1216/299/84
f 1194/1225/300/85 1195/1226/300/85 1192/1227/300/85 1193/1228/300/85
f 1206/1237/301/86 1207/1238/301/86 1204/1239/301/86 1205/1240/301/86
f 1218/1249/302/87 1219/1250/302/87 1216/1251/302/87 1217/1252/302/87
f 1230/1261/303/88 1231/1262/303/88 1228/1263/303/88 1229/1264/303/88
f 1242/1273/304/89 1243/1274/304/89 1240/1275/304/89 1241/1276/304/89
f 1254/1285/305/90 1255/1286/305/90 1252/1287/305/90 1253/1288/305/90
f 1266/1297/306/91 1267/1298/306/91 1264/1299/306/91 1265/1300/306/91
f 1278/1309/307/92 1279/1310/307/92 1276/1311/307/92 1277/1312/307/92
f 1290/1321/308/93 1291/1322/308/93 1288/1323/308/93 1289/1324/308/93
f 1302/1333/309/94 1303/1334/309/94 1300/1335/309/94 1301/1336/309/94
f 1314/1345/310/95 1315/1346/310/95 1312/1347/310/95 1313/1348/310/95
f 1326/1357/311/96 1327/1358/311/96 1324/1359/311/96 1325/1360/311/96
f 1338/1369/312/97 1339/1370/312/97 1336/1371/312/97 1337/1372/312/97
f 1350/1381/313/98 1351/1382/313/98 1348/1383/313/98 1349/1384/313/98
f 1362/1393/314/99 1363/1394/314/99 1360/1395/314/99 1361/1396/314/99
f 1374/1405/315/100 1375/1406/315/100 1372/1407/315/100 1373/1408/315/100
f 1386/1417/316/101 1387/1418/316/101 1384/1419/316/101 1385/1420/316/101
f 1398/1429/317/102 1399/1430/317/102 1396/1431/317/102 1397/1432/317/102
f 1410/1441/318/103 1411/1442/318/103 1408/1443/318/103 1409/1444/318/103
f 1422/1453/319/104 1423/1454/319/104 1420/1455/319/104 1421/1456/319/104
f 1434/1465/320/105 1435/1466/320/105 1432/1467/320/105 1433/1468/320/105
f 1446/1477/321/106 1447/1478/321/106 1444/1479/321/106 1445/1480/321/106
f 1458/1489/322/107 1459/1490/322/107 1456/1491/322/107 1457/1492/322/107
f 1470/1501/323/108 1471/1502/323/108 1468/1503/323/108 1469/1504/323/108
usemtl wall01_g
s off
f 334/348/77/20 335/349/78/20 336/350/79/20 337/351/80/20
f 338/352/81/20 339/353/82/20 340/354/83/20 341/355/84/20
f 339/353/82/20 334/348/77/20 337/351/80/20 340/354/83/20
f 342/356/85/21 343/357/86/21 344/358/86/21 345/359/85/21
f 343/357/86/21 346/360/87/21 347/361/87/21 344/358/86/21
f 348/362/85/21 349/363/85/21 350/364/88/21 351/365/88/21
f 352/366/89/22 353/367/90/22 354/368/90/22 355/369/89/22
f 353/367/90/22 356/370/91/22 357/371/91/22 354/368/90/22
f 358/372/89/22 359/373/89/22 360/374/92/22 361/375/92/22
f 376/390/102/23 377/391/103/23 378/392/104/23 379/393/105/23
f 380/394/106/23 381/395/107/23 382/396/108/23 383/397/109/23
f 381/395/107/23 376/390/102/23 379/393/105/23 382/396/108/23
f 384/398/110/24 385/399/111/24 386/400/111/24 387/401/110/24
f 385/399/111/24 388/402/112/24 389/403/112/24 386/400/111/24
f 390/404/110/24 391/405/110/24 392/406/113/24 393/407/113/24
f 394/408/114/25 395/409/115/25 396/410/115/25 397/411/114/25
f 395/409/115/25 398/412/116/25 399/413/116/25 396/410/115/25
f 400/414/114/25 401/415/114/25 402/416/117/25 403/417/117/25
f 450/464/133/28 451/465/134/28 452/466/135/28 453/467/136/28
f 454/468/137/28 455/469/138/28 456/470/139/28 457/471/140/28
f 455/469/138/28 450/464/133/28 453/467/136/28 456/470/139/28
f 458/472/141/29 459/473/142/29 460/474/142/29 461/475/141/29
f 459/473/142/29 462/476/143/29 463/477/143/29 460/474/142/29
f 464/478/141/29 465/479/141/29 466/480/144/29 467/481/144/29
f 479/491/147/30 480/492/151/30 477/493/152/30 478/494/152/30
f 483/498/154/30 484/499/147/30 481/500/152/30 482/501/152/30
f 488/502/155/31 489/503/156/31 490/504/156/31 491/505/155/31
f 489/503/156/31 492/506/157/31 493/507/157/31 490/504/156/31
f 494/508/155/31 495/509/155/31 496/510/158/31 497/511/158/31
f 544/558/174/34 545/559/175/34 546/560/176/34 547/561/177/34
f 548/562/178/34 549/563/179/34 550/564/180/34 551/565/181/34
f 549/563/179/34 544/558/174/34 547/561/177/34 550/564/180/34
f 566/580/191/35 567/581/192/35 568/582/193/35 569/583/194/35
f 570/584/195/35 571/585/196/35 572/586/197/35 573/587/198/35
f 571/585/196/35 566/580/191/35 569/583/194/35 572/586/197/35
f 574/588/199/36 575/589/200/36 576/590/200/36 577/591/199/36
f 575/589/200/36 578/592/201/36 579/593/201/36 576/590/200/36
f 580/594/199/36 581/595/199/36 582/596/202/36 583/597/202/36
f 595/607/205/37 596/608/209/37 593/609/210/37 594/610/210/37
f 599/614/212/37 600/615/205/37 597/616/210/37 598/617/210/37
f 604/618/213/38 605/619/214/38 606/620/214/38 607/621/213/38
f 605/619/214/38 608/622/215/38 609/623/215/38 606/620/214/38
f 610/624/213/38 611/625/213/38 612/626/216/38 613/627/216/38
f 1496/1529/329/114 1497/1530/330/114 1498/1531/331/114 1499/1532/331/114
f 1500/1533/332/114 1501/1534/329/114 1502/1535/331/114 1503/1536/331/114
f 1516/1549/340/115 1517/1550/341/115 1518/1551/341/115 1519/1552/340/115
f 1517/1550/341/115 1520/1553/342/115 1521/1554/342/115 1518/1551/341/115
f 1522/1555/340/115 1523/1556/340/115 1524/1557/343/115 1525/1558/343/115
f 1526/1559/344/116 1527/1560/345/116 1528/1561/346/116 1529/1562/346/116
f 1530/1563/347/116 1531/1564/344/116 1532/1565/346/116 1533/1566/346/116
f 1550/1583/356/118 1551/1584/357/118 1552/1585/357/118 1553/1586/356/118
f 1551/1584/357/118 1554/1587/358/118 1555/1588/358/118 1552/1585/357/118
f 1556/1589/356/118 1557/1590/356/118 1558/1591/359/118 1559/1592/359/118
f 1560/1593/360/119 1561/1594/361/119 1562/1595/361/119 1563/1596/360/119
f 1561/1594/361/119 1564/1597/362/119 1565/1598/362/119 1562/1595/361/119
f 1566/1599/360/119 1567/1600/360/119 1568/1601/363/119 1569/1602/363/119
f 1605/1633/382/123 1606/1634/383/123 1607/1635/384/123 1608/1636/385/123
f 1609/1637/386/123 1610/1638/387/123 1611/1639/388/123 1612/1640/389/123
f 1610/1638/387/123 1605/1633/382/123 1608/1636/385/123 1611/1639/388/123
f 1622/1655/398/124 1623/1656/399/124 1624/1657/399/124 1625/1658/398/124
f 1623/1656/399/124 1626/1659/400/124 1627/1660/400/124 1624/1657/399/124
f 1628/1661/398/124 1629/1662/398/124 1630/1663/401/124 1631/1664/401/124
f 1632/1665/402/125 1633/1666/403/125 1634/1667/403/125 1635/1668/402/125
f 1633/1666/403/125 1636/1669/404/125 1637/1670/404/125 1634/1667/403/125
f 1638/1671/402/125 1639/1672/402/125 1640/1673/405/125 1641/1674/405/125
f 1658/1691/410/130 1659/1692/411/130 1660/1693/411/130 1661/1694/410/130
f 1659/1692/411/130 1662/1695/412/130 1663/1696/412/130 1660/1693/411/130
f 1664/1697/410/130 1665/1698/410/130 1666/1699/413/130 1667/1700/413/130
f 1668/1701/414/131 1669/1702/415/131 1670/1703/416/131 1671/1704/416/131
f 1672/1705/417/131 1673/1706/414/131 1674/1707/416/131 1675/1708/416/131
f 1692/1725/426/133 1693/1726/427/133 1694/1727/428/133 1695/1728/428/133
f 1696/1729/429/133 1697/1730/426/133 1698/1731/428/133 1699/1732/428/133
f 1712/1745/437/134 1713/1746/438/134 1714/1747/438/134 1715/1748/437/134
f 1713/1746/438/134 1716/1749/439/134 1717/1750/439/134 1714/1747/438/134
f 1718/1751/437/134 1719/1752/437/134 1720/1753/440/134 1721/1754/440/134
f 1722/1755/441/135 1723/1756/442/135 1724/1757/443/135 1725/1758/443/135
f 1726/1759/444/135 1727/1760/441/135 1728/1761/443/135 1729/1762/443/135
f 1751/1779/453/137 1752/1780/454/137 1753/1781/455/137 1754/1782/456/137
f 1755/1783/457/137 1756/1784/458/137 1757/1785/459/137 1758/1786/460/137
f 1756/1784/458/137 1751/1779/453/137 1754/1782/456/137 1757/1785/459/137
f 1768/1801/469/138 1769/1802/470/138 1770/1803/470/138 1771/1804/469/138
f 1769/1802/470/138 1772/1805/471/138 1773/1806/471/138 1770/1803/470/138
f 1774/1807/469/138 1775/1808/469/138 1776/1809/472/138 1777/1810/472/138
f 1778/1811/473/139 1779/1812/474/139 1780/1813/474/139 1781/1814/473/139
f 1779/1812/474/139 1782/1815/475/139 1783/1816/475/139 1780/1813/474/139
f 1784/1817/473/139 1785/1818/473/139 1786/1819/476/139 1787/1820/476/139
f 1823/1851/495/143 1824/1852/496/143 1825/1853/497/143 1826/1854/498/143
f 1827/1855/499/143 1828/1856/500/143 1829/1857/501/143 1830/1858/502/143
f 1828/1856/500/143 1823/1851/495/143 1826/1854/498/143 1829/1857/501/143
f 1840/1873/511/144 1841/1874/512/144 1842/1875/512/144 1843/1876/511/144
f 1841/1874/512/144 1844/1877/513/144 1845/1878/513/144 1842/1875/512/144
f 1846/1879/511/144 1847/1880/511/144 1848/1881/514/144 1849/1882/514/144
f 1866/1899/519/149 1867/1900/520/149 1868/1901/521/149 1869/1902/521/149
f 1870/1903/522/149 1871/1904/519/149 1872/1905/521/149 1873/1906/521/149
f 1886/1919/530/150 1887/1920/531/150 1888/1921/531/150 1889/1922/530/150
f 1887/1920/531/150 1890/1923/532/150 1891/1924/532/150 1888/1921/531/150
f 1892/1925/530/150 1893/1926/530/150 1894/1927/533/150 1895/1928/533/150
f 1896/1929/534/151 1897/1930/535/151 1898/1931/536/151 1899/1932/536/151
f 1900/1933/537/151 1901/1934/534/151 1902/1935/536/151 1903/1936/536/151
f 1929/1957/547/154 1930/1958/548/154 1931/1959/549/154 1932/1960/550/154
f 1933/1961/551/154 1934/1962/552/154 1935/1963/553/154 1936/1964/554/154
f 1934/1962/552/154 1929/1957/547/154 1932/1960/550/154 1935/1963/553/154
f 1946/1979/563/155 1947/1980/564/155 1948/1981/564/155 1949/1982/563/155
f 1947/1980/564/155 1950/1983/565/155 1951/1984/565/155 1948/1981/564/155
f 1952/1985/563/155 1953/1986/563/155 1954/1987/566/155 1955/1988/566/155
f 1956/1989/567/156 1957/1990/568/156 1958/1991/568/156 1959/1992/567/156
f 1957/1990/568/156 1960/1993/569/156 1961/1994/569/156 1958/1991/568/156
f 1962/1995/567/156 1963/1996/567/156 1964/1997/570/156 1965/1998/570/156
f 2000/2033/590/161 2001/2034/591/161 2002/2035/591/161 2003/2036/590/161
f 2001/2034/591/161 2004/2037/592/161 2005/2038/592/161 2002/2035/591/161
f 2006/2039/590/161 2007/2040/590/161 2008/2041/593/161 2009/2042/593/161
f 2015/2043/594/162 2016/2044/595/162 2017/2045/596/162 2018/2046/597/162
f 2019/2047/598/162 2020/2048/599/162 2021/2049/600/162 2022/2050/601/162
f 2020/2048/599/162 2015/2043/594/162 2018/2046/597/162 2021/2049/600/162
f 2032/2065/610/163 2033/2066/611/163 2034/2067/611/163 2035/2068/610/163
f 2033/2066/611/163 2036/2069/612/163 2037/2070/612/163 2034/2067/611/163
f 2038/2071/610/163 2039/2072/610/163 2040/2073/613/163 2041/2074/613/163
f 2042/2075/614/164 2043/2076/615/164 2044/2077/616/164 2045/2078/616/164
f 2046/2079/617/164 2047/2080/614/164 2048/2081/616/164 2049/2082/616/164
f 2070/2103/627/167 2071/2104/628/167 2072/2105/628/167 2073/2106/627/167
f 2071/2104/628/167 2074/2107/629/167 2075/2108/629/167 2072/2105/628/167
f 2076/2109/627/167 2077/2110/627/167 2078/2111/630/167 2079/2112/630/167
f 2093/2121/633/170 2094/2122/634/170 2095/2123/635/170 2096/2124/636/170
f 2097/2125/637/170 2098/2126/638/170 2099/2127/639/170 2100/2128/640/170
f 2098/2126/638/170 2093/2121/633/170 2096/2124/636/170 2099/2127/639/170
f 2110/2143/649/171 2111/2144/650/171 2112/2145/650/171 2113/2146/649/171
f 2111/2144/650/171 2114/2147/651/171 2115/2148/651/171 2112/2145/650/171
f 2116/2149/649/171 2117/2150/649/171 2118/2151/652/171 2119/2152/652/171
f 2120/2153/653/172 2121/2154/654/172 2122/2155/654/172 2123/2156/653/172
f 2121/2154/654/172 2124/2157/655/172 2125/2158/655/172 2122/2155/654/172
f 2126/2159/653/172 2127/2160/653/172 2128/2161/656/172 2129/2162/656/172
f 2135/2163/657/173 2136/2164/658/173 2137/2165/659/173 2138/2166/660/173
f 2139/2167/661/173 2140/2168/662/173 2141/2169/663/173 2142/2170/664/173
f 2140/2168/662/173 2135/2163/657/173 2138/2166/660/173 2141/2169/663/173
f 2152/2185/673/174 2153/2186/674/174 2154/2187/674/174 2155/2188/673/174
f 2153/2186/674/174 2156/2189/675/174 2157/2190/675/174 2154/2187/674/174
f 2158/2191/673/174 2159/2192/673/174 2160/2193/676/174 2161/2194/676/174
f 2162/2195/677/175 2163/2196/678/175 2164/2197/679/175 2165/2198/679/175
f 2166/2199/680/175 2167/2200/677/175 2168/2201/679/175 2169/2202/679/175
f 2182/2215/688/176 2183/2216/689/176 2184/2217/689/176 2185/2218/688/176
f 2183/2216/689/176 2186/2219/690/176 2187/2220/690/176 2184/2217/689/176
f 2188/2221/688/176 2189/2222/688/176 2190/2223/691/176 2191/2224/691/176
f 2205/2233/694/179 2206/2234/695/179 2207/2235/696/179 2208/2236/697/179
f 2209/2237/698/179 2210/2238/699/179 2211/2239/700/179 2212/2240/701/179
f 2210/2238/699/179 2205/2233/694/179 2208/2236/697/179 2211/2239/700/179
f 2222/2255/710/180 2223/2256/711/180 2224/2257/712/180 2225/2258/712/180
f 2226/2259/713/180 2227/2260/710/180 2228/2261/712/180 2229/2262/712/180
f 2242/2275/721/181 2243/2276/722/181 2244/2277/722/181 2245/2278/721/181
f 2243/2276/722/181 2246/2279/723/181 2247/2280/723/181 2244/2277/722/181
f 2248/2281/721/181 2249/2282/721/181 2250/2283/724/181 2251/2284/724/181
f 2260/2293/727/184 2261/2294/728/184 2262/2295/728/184 2263/2296/727/184
f 2261/2294/728/184 2264/2297/729/184 2265/2298/729/184 2262/2295/728/184
f 2266/2299/727/184 2267/2300/727/184 2268/2301/730/184 2269/2302/730/184
f 2283/2311/733/187 2284/2312/734/187 2285/2313/735/187 2286/2314/736/187
f 2287/2315/737/187 2288/2316/738/187 2289/2317/739/187 2290/2318/740/187
f 2288/2316/738/187 2283/2311/733/187 2286/2314/736/187 2289/2317/739/187
f 2300/2333/749/188 2301/2334/750/188 2302/2335/750/188 2303/2336/749/188
f 2301/2334/750/188 2304/2337/751/188 2305/2338/751/188 2302/2335/750/188
f 2306/2339/749/188 2307/2340/749/188 2308/2341/752/188 2309/2342/752/188
f 2310/2343/753/189 2311/2344/754/189 2312/2345/755/189 2313/2346/755/189
f 2314/2347/756/189 2315/2348/753/189 2316/2349/755/189 2317/2350/755/189
f 2339/2367/765/191 2340/2368/766/191 2341/2369/767/191 2342/2370/768/191
f 2343/2371/769/191 2344/2372/770/191 2345/2373/771/191 2346/2374/772/191
f 2344/2372/770/191 2339/2367/765/191 2342/2370/768/191 2345/2373/771/191
f 2356/2389/781/192 2357/2390/782/192 2358/2391/782/192 2359/2392/781/192
f 2357/2390/782/192 2360/2393/783/192 2361/2394/783/192 2358/2391/782/192
f 2362/2395/781/192 2363/2396/781/192 2364/2397/784/192 2365/2398/784/192
f 2371/2399/785/193 2372/2400/786/193 2373/2401/787/193 2374/2402/788/193
f 2375/2403/789/193 2376/2404/790/193 2377/2405/791/193 2378/2406/792/193
f 2376/2404/790/193 2371/2399/785/193 2374/2402/788/193 2377/2405/791/193
f 2388/2421/801/194 2389/2422/802/194 2390/2423/802/194 2391/2424/801/194
f 2389/2422/802/194 2392/2425/803/194 2393/2426/803/194 2390/2423/802/194
f 2394/2427/801/194 2395/2428/801/194 2396/2429/804/194 2397/2430/804/194
f 2398/2431/805/195 2399/2432/806/195 2400/2433/807/195 2401/2434/807/195
f 2402/2435/808/195 2403/2436/805/195 2404/2437/807/195 2405/2438/807/195
f 2418/2451/816/196 2419/2452/817/196 2420/2453/817/196 2421/2454/816/196
f 2419/2452/817/196 2422/2455/818/196 2423/2456/818/196 2420/2453/817/196
f 2424/2457/816/196 2425/2458/816/196 2426/2459/819/196 2427/2460/819/196
f 2436/2469/822/199 2437/2470/823/199 2438/2471/823/199 2439/2472/822/199
f 2437/2470/823/199 2440/2473/824/199 2441/2474/824/199 2438/2471/823/199
f 2442/2475/822/199 2443/2476/822/199 2444/2477/825/199 2445/2478/825/199
f 2450/2483/827/201 2451/2484/828/201 2452/2485/828/201 2453/2486/827/201
f 2451/2484/828/201 2454/2487/829/201 2455/2488/829/201 2452/2485/828/201
f 2456/2489/827/201 2457/2490/827/201 2458/2491/830/201 2459/2492/830/201
f 2481/2509/835/206 2482/2510/836/206 2483/2511/837/206 2484/2512/838/206
f 2485/2513/839/206 2486/2514/840/206 2487/2515/841/206 2488/2516/842/206
f 2486/2514/840/206 2481/2509/835/206 2484/2512/838/206 2487/2515/841/206
f 2498/2531/851/207 2499/2532/852/207 2500/2533/852/207 2501/2534/851/207
f 2499/2532/852/207 2502/2535/853/207 2503/2536/853/207 2500/2533/852/207
f 2504/2537/851/207 2505/2538/851/207 2506/2539/854/207 2507/2540/854/207
f 2508/2541/855/208 2509/2542/856/208 2510/2543/857/208 2511/2544/857/208
f 2512/2545/858/208 2513/2546/855/208 2514/2547/857/208 2515/2548/857/208
f 2536/2569/868/211 2537/2570/869/211 2538/2571/869/211 2539/2572/868/211
f 2537/2570/869/211 2540/2573/870/211 2541/2574/870/211 2538/2571/869/211
f 2542/2575/868/211 2543/2576/868/211 2544/2577/871/211 2545/2578/871/211
f 2567/2595/876/216 2568/2596/877/216 2569/2597/878/216 2570/2598/879/216
f 2571/2599/880/216 2572/2600/881/216 2573/2601/882/216 2574/2602/883/216
f 2572/2600/881/216 2567/2595/876/216 2570/2598/879/216 2573/2601/882/216
f 2584/2617/892/217 2585/2618/893/217 2586/2619/893/217 2587/2620/892/217
f 2585/2618/893/217 2588/2621/894/217 2589/2622/894/217 2586/2619/893/217
f 2590/2623/892/217 2591/2624/892/217 2592/2625/895/217 2593/2626/895/217
f 2594/2627/896/218 2595/2628/897/218 2596/2629/898/218 2597/2630/898/218
f 2598/2631/899/218 2599/2632/896/218 2600/2633/898/218 2601/2634/898/218
f 2619/2647/907/219 2620/2648/908/219 2621/2649/909/219 2622/2650/910/219
f 2623/2651/911/219 2624/2652/912/219 2625/2653/913/219 2626/2654/914/219
f 2624/2652/912/219 2619/2647/907/219 2622/2650/910/219 2625/2653/913/219
f 2636/2669/923/220 2637/2670/924/220 2638/2671/924/220 2639/2672/923/220
f 2637/2670/924/220 2640/2673/925/220 2641/2674/925/220 2638/2671/924/220
f 2642/2675/923/220 2643/2676/923/220 2644/2677/926/220 2645/2678/926/220
f 2646/2679/927/221 2647/2680/928/221 2648/2681/929/221 2649/2682/929/221
f 2650/2683/930/221 2651/2684/927/221 2652/2685/929/221 2653/2686/929/221
f 2666/2699/938/222 2667/2700/939/222 2668/2701/939/222 2669/2702/938/222
f 2667/2700/939/222 2670/2703/940/222 2671/2704/940/222 2668/2701/939/222
f 2672/2705/938/222 2673/2706/938/222 2674/2707/941/222 2675/2708/941/222
f 2685/2713/943/224 2686/2714/944/224 2687/2715/945/224 2688/2716/946/224
f 2689/2717/947/224 2690/2718/948/224 2691/2719/949/224 2692/2720/950/224
f 2690/2718/948/224 2685/2713/943/224 2688/2716/946/224 2691/2719/949/224
f 2702/2735/959/225 2703/2736/960/225 2704/2737/960/225 2705/2738/959/225
f 2703/2736/960/225 2706/2739/961/225 2707/2740/961/225 2704/2737/960/225
f 2708/2741/959/225 2709/2742/959/225 2710/2743/962/225 2711/2744/962/225
f 2712/2745/963/226 2713/2746/964/226 2714/2747/965/226 2715/2748/965/226
f 2716/2749/966/226 2717/2750/963/226 2718/2751/965/226 2719/2752/965/226
f 2732/2765/974/227 2733/2766/975/227 2734/2767/975/227 2735/2768/974/227
f 2733/2766/975/227 2736/2769/976/227 2737/2770/976/227 2734/2767/975/227
f 2738/2771/974/227 2739/2772/974/227 2740/2773/977/227 2741/2774/977/227
f 2750/2783/980/230 2751/2784/981/230 2752/2785/981/230 2753/2786/980/230
f 2751/2784/981/230 2754/2787/982/230 2755/2788/982/230 2752/2785/981/230
f 2756/2789/980/230 2757/2790/980/230 2758/2791/983/230 2759/2792/983/230
f 2769/2797/985/232 2770/2798/986/232 2771/2799/987/232 2772/2800/988/232
f 2773/2801/989/232 2774/2802/990/232 2775/2803/991/232 2776/2804/992/232
f 2774/2802/990/232 2769/2797/985/232 2772/2800/988/232 2775/2803/991/232
f 2786/2819/1001/233 2787/2820/1002/233 2788/2821/1002/233 2789/2822/1001/233
f 2787/2820/1002/233 2790/2823/1003/233 2791/2824/1003/233 2788/2821/1002/233
f 2792/2825/1001/233 2793/2826/1001/233 2794/2827/1004/233 2795/2828/1004/233
f 2796/2829/1005/234 2797/2830/1006/234 2798/2831/1007/234 2799/2832/1007/234
f 2800/2833/1008/234 2801/2834/1005/234 2802/2835/1007/234 2803/2836/1007/234
f 2825/2853/1017/236 2826/2854/1018/236 2827/2855/1019/236 2828/2856/1020/236
f 2829/2857/1021/236 2830/2858/1022/236 2831/2859/1023/236 2832/2860/1024/236
f 2830/2858/1022/236 2825/2853/1017/236 2828/2856/1020/236 2831/2859/1023/236
f 2842/2875/1033/237 2843/2876/1034/237 2844/2877/1034/237 2845/2878/1033/237
f 2843/2876/1034/237 2846/2879/1035/237 2847/2880/1035/237 2844/2877/1034/237
f 2848/2881/1033/237 2849/2882/1033/237 2850/2883/1036/237 2851/2884/1036/237
f 2852/2885/1037/238 2853/2886/1038/238 2854/2887/1039/238 2855/2888/1039/238
f 2856/2889/1040/238 2857/2890/1037/238 2858/2891/1039/238 2859/2892/1039/238
f 2872/2905/1048/239 2873/2906/1049/239 2874/2907/1049/239 2875/2908/1048/239
f 2873/2906/1049/239 2876/2909/1050/239 2877/2910/1050/239 2874/2907/1049/239
f 2878/2911/1048/239 2879/2912/1048/239 2880/2913/1051/239 2881/2914/1051/239
f 2895/2923/1054/242 2896/2924/1055/242 2897/2925/1056/242 2898/2926/1057/242
f 2899/2927/1058/242 2900/2928/1059/242 2901/2929/1060/242 2902/2930/1061/242
f 2900/2928/1059/242 2895/2923/1054/242 2898/2926/1057/242 2901/2929/1060/242
f 2912/2945/1070/243 2913/2946/1071/243 2914/2947/1071/243 2915/2948/1070/243
f 2913/2946/1071/243 2916/2949/1072/243 2917/2950/1072/243 2914/2947/1071/243
f 2918/2951/1070/243 2919/2952/1070/243 2920/2953/1073/243 2921/2954/1073/243
f 2922/2955/1074/244 2923/2956/1075/244 2924/2957/1076/244 2925/2958/1076/244
f 2926/2959/1077/244 2927/2960/1074/244 2928/2961/1076/244 2929/2962/1076/244
f 2942/2975/1085/245 2943/2976/1086/245 2944/2977/1086/245 2945/2978/1085/245
f 2943/2976/1086/245 2946/2979/1087/245 2947/2980/1087/245 2944/2977/1086/245
f 2948/2981/1085/245 2949/2982/1085/245 2950/2983/1088/245 2951/2984/1088/245
f 2965/2993/1091/248 2966/2994/1092/248 2967/2995/1093/248 2968/2996/1094/248
f 2969/2997/1095/248 2970/2998/1096/248 2971/2999/1097/248 2972/3000/1098/248
f 2970/2998/1096/248 2965/2993/1091/248 2968/2996/1094/248 2971/2999/1097/248
f 2982/3015/1107/249 2983/3016/1108/249 2984/3017/1109/249 2985/3018/1109/249
f 2986/3019/1110/249 2987/3020/1107/249 2988/3021/1109/249 2989/3022/1109/249
f 3002/3035/1118/250 3003/3036/1119/250 3004/3037/1119/250 3005/3038/1118/250
f 3003/3036/1119/250 3006/3039/1120/250 3007/3040/1120/250 3004/3037/1119/250
f 3008/3041/1118/250 3009/3042/1118/250 3010/3043/1121/250 3011/3044/1121/250
f 3016/3049/1123/252 3017/3050/1124/252 3018/3051/1124/252 3019/3052/1123/252
f 3017/3050/1124/252 3020/3053/1125/252 3021/3054/1125/252 3018/3051/1124/252
f 3022/3055/1123/252 3023/3056/1123/252 3024/3057/1126/252 3025/3058/1126/252
f 3039/3067/1129/255 3040/3068/1130/255 3041/3069/1131/255 3042/3070/1132/255
f 3043/3071/1133/255 3044/3072/1134/255 3045/3073/1135/255 3046/3074/1136/255
f 3044/3072/1134/255 3039/3067/1129/255 3042/3070/1132/255 3045/3073/1135/255
f 3056/3089/1145/256 3057/3090/1146/256 3058/3091/1146/256 3059/3092/1145/256
f 3057/3090/1146/256 3060/3093/1147/256 3061/3094/1147/256 3058/3091/1146/256
f 3062/3095/1145/256 3063/3096/1145/256 3064/3097/1148/256 3065/3098/1148/256
f 3066/3099/1149/257 3067/3100/1150/257 3068/3101/1151/257 3069/3102/1151/257
f 3070/3103/1152/257 3071/3104/1149/257 3072/3105/1151/257 3073/3106/1151/257
f 3095/3123/1161/259 3096/3124/1162/259 3097/3125/1163/259 3098/3126/1164/259
f 3099/3127/1165/259 3100/3128/1166/259 3101/3129/1167/259 3102/3130/1168/259
f 3100/3128/1166/259 3095/3123/1161/259 3098/3126/1164/259 3101/3129/1167/259
f 3112/3145/1177/260 3113/3146/1178/260 3114/3147/1178/260 3115/3148/1177/260
f 3113/3146/1178/260 3116/3149/1179/260 3117/3150/1179/260 3114/3147/1178/260
f 3118/3151/1177/260 3119/3152/1177/260 3120/3153/1180/260 3121/3154/1180/260
f 3122/3155/1181/261 3123/3156/1182/261 3124/3157/1183/261 3125/3158/1183/261
f 3126/3159/1184/261 3127/3160/1181/261 3128/3161/1183/261 3129/3162/1183/261
f 3142/3175/1192/262 3143/3176/1193/262 3144/3177/1193/262 3145/3178/1192/262
f 3143/3176/1193/262 3146/3179/1194/262 3147/3180/1194/262 3144/3177/1193/262
f 3148/3181/1192/262 3149/3182/1192/262 3150/3183/1195/262 3151/3184/1195/262
f 3160/3193/1198/265 3161/3194/1199/265 3162/3195/1199/265 3163/3196/1198/265
f 3161/3194/1199/265 3164/3197/1200/265 3165/3198/1200/265 3162/3195/1199/265
f 3166/3199/1198/265 3167/3200/1198/265 3168/3201/1201/265 3169/3202/1201/265
f 3191/3219/1206/270 3192/3220/1207/270 3193/3221/1208/270 3194/3222/1209/270
f 3195/3223/1210/270 3196/3224/1211/270 3197/3225/1212/270 3198/3226/1213/270
f 3196/3224/1211/270 3191/3219/1206/270 3194/3222/1209/270 3197/3225/1212/270
f 3208/3241/1222/271 3209/3242/1223/271 3210/3243/1223/271 3211/3244/1222/271
f 3209/3242/1223/271 3212/3245/1224/271 3213/3246/1224/271 3210/3243/1223/271
f 3214/3247/1222/271 3215/3248/1222/271 3216/3249/1225/271 3217/3250/1225/271
f 3218/3251/1226/272 3219/3252/1227/272 3220/3253/1228/272 3221/3254/1228/272
f 3222/3255/1229/272 3223/3256/1226/272 3224/3257/1228/272 3225/3258/1228/272
f 3238/3271/1237/273 3239/3272/1238/273 3240/3273/1238/273 3241/3274/1237/273
f 3239/3272/1238/273 3242/3275/1239/273 3243/3276/1239/273 3240/3273/1238/273
f 3244/3277/1237/273 3245/3278/1237/273 3246/3279/1240/273 3247/3280/1240/273
f 325/339/69/20 326/340/70/20 327/341/71/20
f 326/340/70/20 328/342/72/20 327/341/71/20
f 327/341/71/20 328/342/72/20 329/343/73/20
f 328/342/72/20 330/344/74/20 329/343/73/20
f 331/345/73/20 332/346/75/20 333/347/76/20
f 367/381/94/23 368/382/95/23 369/383/96/23
f 368/382/95/23 370/384/97/23 369/383/96/23
f 369/383/96/23 370/384/97/23 371/385/98/23
f 370/384/97/23 372/386/99/23 371/385/98/23
f 373/387/98/23 374/388/100/23 375/389/101/23
f 441/455/125/28 442/456/126/28 443/457/127/28
f 442/456/126/28 444/458/128/28 443/457/127/28
f 443/457/127/28 444/458/128/28 445/459/129/28
f 444/458/128/28 446/460/130/28 445/459/129/28
f 447/461/129/28 448/462/131/28 449/463/132/28
f 468/482/145/30 469/483/146/30 470/484/147/30
f 469/483/146/30 471/485/148/30 470/484/147/30
f 470/484/147/30 471/485/148/30 472/486/149/30
f 473/487/150/30 474/488/148/30 475/489/147/30
f 474/488/148/30 476/490/146/30 475/489/147/30
f 485/495/153/30 486/496/147/30 487/497/149/30
f 535/549/166/34 536/550/167/34 537/551/168/34
f 536/550/167/34 538/552/169/34 537/551/168/34
f 537/551/168/34 538/552/169/34 539/553/170/34
f 538/552/169/34 540/554/171/34 539/553/170/34
f 541/555/170/34 542/556/172/34 543/557/173/34
f 557/571/183/35 558/572/184/35 559/573/185/35
f 558/572/184/35 560/574/186/35 559/573/185/35
f 559/573/185/35 560/574/186/35 561/575/187/35
f 560/574/186/35 562/576/188/35 561/575/187/35
f 563/577/187/35 564/578/189/35 565/579/190/35
f 584/598/203/37 585/599/204/37 586/600/205/37
f 585/599/204/37 587/601/206/37 586/600/205/37
f 586/600/205/37 587/601/206/37 588/602/207/37
f 589/603/208/37 590/604/206/37 591/605/205/37
f 590/604/206/37 592/606/204/37 591/605/205/37
f 601/611/211/37 602/612/205/37 603/613/207/37
f 1504/1537/333/114 1505/1538/334/114 1506/1539/329/114
f 1505/1538/334/114 1507/1540/335/114 1506/1539/329/114
f 1506/1539/329/114 1507/1540/335/114 1508/1541/336/114
f 1509/1542/337/114 1510/1543/335/114 1511/1544/329/114
f 1510/1543/335/114 1512/1545/338/114 1511/1544/329/114
f 1513/1546/339/114 1514/1547/329/114 1515/1548/336/114
f 1534/1567/348/116 1535/1568/349/116 1536/1569/344/116
f 1535/1568/349/116 1537/1570/350/116 1536/1569/344/116
f 1536/1569/344/116 1537/1570/350/116 1538/1571/351/116
f 1539/1572/352/116 1540/1573/350/116 1541/1574/344/116
f 1540/1573/350/116 1542/1575/353/116 1541/1574/344/116
f 1543/1576/354/116 1544/1577/344/116 1545/1578/351/116
f 1613/1641/390/123 1614/1642/391/123 1615/1643/392/123
f 1614/1642/391/123 1616/1644/393/123 1615/1643/392/123
f 1615/1643/392/123 1616/1644/393/123 1617/1645/394/123
f 1616/1644/393/123 1618/1646/395/123 1617/1645/394/123
f 1619/1647/394/123 1620/1648/396/123 1621/1649/397/123
f 1676/1709/418/131 1677/1710/419/131 1678/1711/414/131
f 1677/1710/419/131 1679/1712/420/131 1678/1711/414/131
f 1678/1711/414/131 1679/1712/420/131 1680/1713/421/131
f 1681/1714/422/131 1682/1715/420/131 1683/1716/414/131
f 1682/1715/420/131 1684/1717/423/131 1683/1716/414/131
f 1685/1718/424/131 1686/1719/414/131 1687/1720/421/131
f 1700/1733/430/133 1701/1734/431/133 1702/1735/426/133
f 1701/1734/431/133 1703/1736/432/133 1702/1735/426/133
f 1702/1735/426/133 1703/1736/432/133 1704/1737/433/133
f 1705/1738/434/133 1706/1739/432/133 1707/1740/426/133
f 1706/1739/432/133 1708/1741/435/133 1707/1740/426/133
f 1709/1742/436/133 1710/1743/426/133 1711/1744/433/133
f 1730/1763/445/135 1731/1764/446/135 1732/1765/441/135
f 1731/1764/446/135 1733/1766/447/135 1732/1765/441/135
f 1732/1765/441/135 1733/1766/447/135 1734/1767/448/135
f 1735/1768/449/135 1736/1769/447/135 1737/1770/441/135
f 1736/1769/447/135 1738/1771/450/135 1737/1770/441/135
f 1739/1772/451/135 1740/1773/441/135 1741/1774/448/135
f 1759/1787/461/137 1760/1788/462/137 1761/1789/463/137
f 1760/1788/462/137 1762/1790/464/137 1761/1789/463/137
f 1761/1789/463/137 1762/1790/464/137 1763/1791/465/137
f 1762/1790/464/137 1764/1792/466/137 1763/1791/465/137
f 1765/1793/465/137 1766/1794/467/137 1767/1795/468/137
f 1831/1859/503/143 1832/1860/504/143 1833/1861/505/143
f 1832/1860/504/143 1834/1862/506/143 1833/1861/505/143
f 1833/1861/505/143 1834/1862/506/143 1835/1863/507/143
f 1834/1862/506/143 1836/1864/508/143 1835/1863/507/143
f 1837/1865/507/143 1838/1866/509/143 1839/1867/510/143
f 1874/1907/523/149 1875/1908/524/149 1876/1909/519/149
f 1875/1908/524/149 1877/1910/525/149 1876/1909/519/149
f 1876/1909/519/149 1877/1910/525/149 1878/1911/526/149
f 1879/1912/527/149 1880/1913/525/149 1881/1914/519/149
f 1880/1913/525/149 1882/1915/528/149 1881/1914/519/149
f 1883/1916/529/149 1884/1917/519/149 1885/1918/526/149
f 1904/1937/538/151 1905/1938/539/151 1906/1939/534/151
f 1905/1938/539/151 1907/1940/540/151 1906/1939/534/151
f 1906/1939/534/151 1907/1940/540/151 1908/1941/541/151
f 1909/1942/542/151 1910/1943/540/151 1911/1944/534/151
f 1910/1943/540/151 1912/1945/543/151 1911/1944/534/151
f 1913/1946/544/151 1914/1947/534/151 1915/1948/541/151
f 1937/1965/555/154 1938/1966/556/154 1939/1967/557/154
f 1938/1966/556/154 1940/1968/558/154 1939/1967/557/154
f 1939/1967/557/154 1940/1968/558/154 1941/1969/559/154
f 1940/1968/558/154 1942/1970/560/154 1941/1969/559/154
f 1943/1971/559/154 1944/1972/561/154 1945/1973/562/154
f 2023/2051/602/162 2024/2052/603/162 2025/2053/604/162
f 2024/2052/603/162 2026/2054/605/162 2025/2053/604/162
f 2025/2053/604/162 2026/2054/605/162 2027/2055/606/162
f 2026/2054/605/162 2028/2056/607/162 2027/2055/606/162
f 2029/2057/606/162 2030/2058/608/162 2031/2059/609/162
f 2050/2083/618/164 2051/2084/619/164 2052/2085/614/164
f 2051/2084/619/164 2053/2086/620/164 2052/2085/614/164
f 2052/2085/614/164 2053/2086/620/164 2054/2087/621/164
f 2055/2088/622/164 2056/2089/620/164 2057/2090/614/164
f 2056/2089/620/164 2058/2091/623/164 2057/2090/614/164
f 2059/2092/624/164 2060/2093/614/164 2061/2094/621/164
f 2101/2129/641/170 2102/2130/642/170 2103/2131/643/170
f 2102/2130/642/170 2104/2132/644/170 2103/2131/643/170
f 2103/2131/643/170 2104/2132/644/170 2105/2133/645/170
f 2104/2132/644/170 2106/2134/646/170 2105/2133/645/170
f 2107/2135/645/170 2108/2136/647/170 2109/2137/648/170
f 2143/2171/665/173 2144/2172/666/173 2145/2173/667/173
f 2144/2172/666/173 2146/2174/668/173 2145/2173/667/173
f 2145/2173/667/173 2146/2174/668/173 2147/2175/669/173
f 2146/2174/668/173 2148/2176/670/173 2147/2175/669/173
f 2149/2177/669/173 2150/2178/671/173 2151/2179/672/173
f 2170/2203/681/175 2171/2204/682/175 2172/2205/677/175
f 2171/2204/682/175 2173/2206/683/175 2172/2205/677/175
f 2172/2205/677/175 2173/2206/683/175 2174/2207/684/175
f 2175/2208/685/175 2176/2209/683/175 2177/2210/677/175
f 2176/2209/683/175 2178/2211/686/175 2177/2210/677/175
f 2179/2212/687/175 2180/2213/677/175 2181/2214/684/175
f 2213/2241/702/179 2214/2242/703/179 2215/2243/704/179
f 2214/2242/703/179 2216/2244/705/179 2215/2243/704/179
f 2215/2243/704/179 2216/2244/705/179 2217/2245/706/179
f 2216/2244/705/179 2218/2246/707/179 2217/2245/706/179
f 2219/2247/706/179 2220/2248/708/179 2221/2249/709/179
f 2230/2263/714/180 2231/2264/715/180 2232/2265/710/180
f 2231/2264/715/180 2233/2266/716/180 2232/2265/710/180
f 2232/2265/710/180 2233/2266/716/180 2234/2267/717/180
f 2235/2268/718/180 2236/2269/716/180 2237/2270/710/180
f 2236/2269/716/180 2238/2271/719/180 2237/2270/710/180
f 2239/2272/720/180 2240/2273/710/180 2241/2274/717/180
f 2291/2319/741/187 2292/2320/742/187 2293/2321/743/187
f 2292/2320/742/187 2294/2322/744/187 2293/2321/743/187
f 2293/2321/743/187 2294/2322/744/187 2295/2323/745/187
f 2294/2322/744/187 2296/2324/746/187 2295/2323/745/187
f 2297/2325/745/187 2298/2326/747/187 2299/2327/748/187
f 2318/2351/757/189 2319/2352/758/189 2320/2353/753/189
f 2319/2352/758/189 2321/2354/759/189 2320/2353/753/189
f 2320/2353/753/189 2321/2354/759/189 2322/2355/760/189
f 2323/2356/761/189 2324/2357/759/189 2325/2358/753/189
f 2324/2357/759/189 2326/2359/762/189 2325/2358/753/189
f 2327/2360/763/189 2328/2361/753/189 2329/2362/760/189
f 2347/2375/773/191 2348/2376/774/191 2349/2377/775/191
f 2348/2376/774/191 2350/2378/776/191 2349/2377/775/191
f 2349/2377/775/191 2350/2378/776/191 2351/2379/777/191
f 2350/2378/776/191 2352/2380/778/191 2351/2379/777/191
f 2353/2381/777/191 2354/2382/779/191 2355/2383/780/191
f 2379/2407/793/193 2380/2408/794/193 2381/2409/795/193
f 2380/2408/794/193 2382/2410/796/193 2381/2409/795/193
f 2381/2409/795/193 2382/2410/796/193 2383/2411/797/193
f 2382/2410/796/193 2384/2412/798/193 2383/2411/797/193
f 2385/2413/797/193 2386/2414/799/193 2387/2415/800/193
f 2406/2439/809/195 2407/2440/810/195 2408/2441/805/195
f 2407/2440/810/195 2409/2442/811/195 2408/2441/805/195
f 2408/2441/805/195 2409/2442/811/195 2410/2443/812/195
f 2411/2444/813/195 2412/2445/811/195 2413/2446/805/195
f 2412/2445/811/195 2414/2447/814/195 2413/2446/805/195
f 2415/2448/815/195 2416/2449/805/195 2417/2450/812/195
f 2489/2517/843/206 2490/2518/844/206 2491/2519/845/206
f 2490/2518/844/206 2492/2520/846/206 2491/2519/845/206
f 2491/2519/845/206 2492/2520/846/206 2493/2521/847/206
f 2492/2520/846/206 2494/2522/848/206 2493/2521/847/206
f 2495/2523/847/206 2496/2524/849/206 2497/2525/850/206
f 2516/2549/859/208 2517/2550/860/208 2518/2551/855/208
f 2517/2550/860/208 2519/2552/861/208 2518/2551/855/208
f 2518/2551/855/208 2519/2552/861/208 2520/2553/862/208
f 2521/2554/863/208 2522/2555/861/208 2523/2556/855/208
f 2522/2555/861/208 2524/2557/864/208 2523/2556/855/208
f 2525/2558/865/208 2526/2559/855/208 2527/2560/862/208
f 2575/2603/884/216 2576/2604/885/216 2577/2605/886/216
f 2576/2604/885/216 2578/2606/887/216 2577/2605/886/216
f 2577/2605/886/216 2578/2606/887/216 2579/2607/888/216
f 2578/2606/887/216 2580/2608/889/216 2579/2607/888/216
f 2581/2609/888/216 2582/2610/890/216 2583/2611/891/216
f 2602/2635/900/218 2603/2636/901/218 2604/2637/896/218
f 2603/2636/901/218 2605/2638/902/218 2604/2637/896/218
f 2604/2637/896/218 2605/2638/902/218 2606/2639/903/218
f 2607/2640/904/218 2608/2641/902/218 2609/2642/896/218
f 2608/2641/902/218 2610/2643/905/218 2609/2642/896/218
f 2611/2644/906/218 2612/2645/896/218 2613/2646/903/218
f 2627/2655/915/219 2628/2656/916/219 2629/2657/917/219
f 2628/2656/916/219 2630/2658/918/219 2629/2657/917/219
f 2629/2657/917/219 2630/2658/918/219 2631/2659/919/219
f 2630/2658/918/219 2632/2660/920/219 2631/2659/919/219
f 2633/2661/919/219 2634/2662/921/219 2635/2663/922/219
f 2654/2687/931/221 2655/2688/932/221 2656/2689/927/221
f 2655/2688/932/221 2657/2690/933/221 2656/2689/927/221
f 2656/2689/927/221 2657/2690/933/221 2658/2691/934/221
f 2659/2692/935/221 2660/2693/933/221 2661/2694/927/221
f 2660/2693/933/221 2662/2695/936/221 2661/2694/927/221
f 2663/2696/937/221 2664/2697/927/221 2665/2698/934/221
f 2693/2721/951/224 2694/2722/952/224 2695/2723/953/224
f 2694/2722/952/224 2696/2724/954/224 2695/2723/953/224
f 2695/2723/953/224 2696/2724/954/224 2697/2725/955/224
f 2696/2724/954/224 2698/2726/956/224 2697/2725/955/224
f 2699/2727/955/224 2700/2728/957/224 2701/2729/958/224
f 2720/2753/967/226 2721/2754/968/226 2722/2755/963/226
f 2721/2754/968/226 2723/2756/969/226 2722/2755/963/226
f 2722/2755/963/226 2723/2756/969/226 2724/2757/970/226
f 2725/2758/971/226 2726/2759/969/226 2727/2760/963/226
f 2726/2759/969/226 2728/2761/972/226 2727/2760/963/226
f 2729/2762/973/226 2730/2763/963/226 2731/2764/970/226
f 2777/2805/993/232 2778/2806/994/232 2779/2807/995/232
f 2778/2806/994/232 2780/2808/996/232 2779/2807/995/232
f 2779/2807/995/232 2780/2808/996/232 2781/2809/997/232
f 2780/2808/996/232 2782/2810/998/232 2781/2809/997/232
f 2783/2811/997/232 2784/2812/999/232 2785/2813/1000/232
f 2804/2837/1009/234 2805/2838/1010/234 2806/2839/1005/234
f 2805/2838/1010/234 2807/2840/1011/234 2806/2839/1005/234
f 2806/2839/1005/234 2807/2840/1011/234 2808/2841/1012/234
f 2809/2842/1013/234 2810/2843/1011/234 2811/2844/1005/234
f 2810/2843/1011/234 2812/2845/1014/234 2811/2844/1005/234
f 2813/2846/1015/234 2814/2847/1005/234 2815/2848/1012/234
f 2833/2861/1025/236 2834/2862/1026/236 2835/2863/1027/236
f 2834/2862/1026/236 2836/2864/1028/236 2835/2863/1027/236
f 2835/2863/1027/236 2836/2864/1028/236 2837/2865/1029/236
f 2836/2864/1028/236 2838/2866/1030/236 2837/2865/1029/236
f 2839/2867/1029/236 2840/2868/1031/236 2841/2869/1032/236
f 2860/2893/1041/238 2861/2894/1042/238 2862/2895/1037/238
f 2861/2894/1042/238 2863/2896/1043/238 2862/2895/1037/238
f 2862/2895/1037/238 2863/2896/1043/238 2864/2897/1044/238
f 2865/2898/1045/238 2866/2899/1043/238 2867/2900/1037/238
f 2866/2899/1043/238 2868/2901/1046/238 2867/2900/1037/238
f 2869/2902/1047/238 2870/2903/1037/238 2871/2904/1044/238
f 2903/2931/1062/242 2904/2932/1063/242 2905/2933/1064/242
f 2904/2932/1063/242 2906/2934/1065/242 2905/2933/1064/242
f 2905/2933/1064/242 2906/2934/1065/242 2907/2935/1066/242
f 2906/2934/1065/242 2908/2936/1067/242 2907/2935/1066/242
f 2909/2937/1066/242 2910/2938/1068/242 2911/2939/1069/242
f 2930/2963/1078/244 2931/2964/1079/244 2932/2965/1074/244
f 2931/2964/1079/244 2933/2966/1080/244 2932/2965/1074/244
f 2932/2965/1074/244 2933/2966/1080/244 2934/2967/1081/244
f 2935/2968/1082/244 2936/2969/1080/244 2937/2970/1074/244
f 2936/2969/1080/244 2938/2971/1083/244 2937/2970/1074/244
f 2939/2972/1084/244 2940/2973/1074/244 2941/2974/1081/244
f 2973/3001/1099/248 2974/3002/1100/248 2975/3003/1101/248
f 2974/3002/1100/248 2976/3004/1102/248 2975/3003/1101/248
f 2975/3003/1101/248 2976/3004/1102/248 2977/3005/1103/248
f 2976/3004/1102/248 2978/3006/1104/248 2977/3005/1103/248
f 2979/3007/1103/248 2980/3008/1105/248 2981/3009/1106/248
f 2990/3023/1111/249 2991/3024/1112/249 2992/3025/1107/249
f 2991/3024/1112/249 2993/3026/1113/249 2992/3025/1107/249
f 2992/3025/1107/249 2993/3026/1113/249 2994/3027/1114/249
f 2995/3028/1115/249 2996/3029/1113/249 2997/3030/1107/249
f 2996/3029/1113/249 2998/3031/1116/249 2997/3030/1107/249
f 2999/3032/1117/249 3000/3033/1107/249 3001/3034/1114/249
f 3047/3075/1137/255 3048/3076/1138/255 3049/3077/1139/255
f 3048/3076/1138/255 3050/3078/1140/255 3049/3077/1139/255
f 3049/3077/1139/255 3050/3078/1140/255 3051/3079/1141/255
f 3050/3078/1140/255 3052/3080/1142/255 3051/3079/1141/255
f 3053/3081/1141/255 3054/3082/1143/255 3055/3083/1144/255
f 3074/3107/1153/257 3075/3108/1154/257 3076/3109/1149/257
f 3075/3108/1154/257 3077/3110/1155/257 3076/3109/1149/257
f 3076/3109/1149/257 3077/3110/1155/257 3078/3111/1156/257
f 3079/3112/1157/257 3080/3113/1155/257 3081/3114/1149/257
f 3080/3113/1155/257 3082/3115/1158/257 3081/3114/1149/257
f 3083/3116/1159/257 3084/3117/1149/257 3085/3118/1156/257
f 3103/3131/1169/259 3104/3132/1170/259 3105/3133/1171/259
f 3104/3132/1170/259 3106/3134/1172/259 3105/3133/1171/259
f 3105/3133/1171/259 3106/3134/1172/259 3107/3135/1173/259
f 3106/3134/1172/259 3108/3136/1174/259 3107/3135/1173/259
f 3109/3137/1173/259 3110/3138/1175/259 3111/3139/1176/259
f 3130/3163/1185/261 3131/3164/1186/261 3132/3165/1181/261
f 3131/3164/1186/261 3133/3166/1187/261 3132/3165/1181/261
f 3132/3165/1181/261 3133/3166/1187/261 3134/3167/1188/261
f 3135/3168/1189/261 3136/3169/1187/261 3137/3170/1181/261
f 3136/3169/1187/261 3138/3171/1190/261 3137/3170/1181/261
f 3139/3172/1191/261 3140/3173/1181/261 3141/3174/1188/261
f 3199/3227/1214/270 3200/3228/1215/270 3201/3229/1216/270
f 3200/3228/1215/270 3202/3230/1217/270 3201/3229/1216/270
f 3201/3229/1216/270 3202/3230/1217/270 3203/3231/1218/270
f 3202/3230/1217/270 3204/3232/1219/270 3203/3231/1218/270
f 3205/3233/1218/270 3206/3234/1220/270 3207/3235/1221/270
f 3226/3259/1230/272 3227/3260/1231/272 3228/3261/1226/272
f 3227/3260/1231/272 3229/3262/1232/272 3228/3261/1226/272
f 3228/3261/1226/272 3229/3262/1232/272 3230/3263/1233/272
f 3231/3264/1234/272 3232/3265/1232/272 3233/3266/1226/272
f 3232/3265/1232/272 3234/3267/1235/272 3233/3266/1226/272
f 3235/3268/1236/272 3236/3269/1226/272 3237/3270/1233/272
usemtl grass01
s off
f 186/196/39/11 187/197/39/11 188/198/39/11 189/199/39/11
f 255/269/54/16 256/267/54/16 257/270/54/16 258/268/54/16
usemtl cliff01
s off
f 986/1000/248/70 987/1001/249/70 988/1002/250/70 989/1003/248/70
f 990/1004/251/70 987/1001/252/70 991/1005/253/70 992/1006/251/70
f 993/1007/254/70 994/1008/254/70 995/1009/254/70 996/1010/254/70
f 997/1011/255/70 998/1012/256/70 986/1000/256/70 999/1013/257/70
f 987/1001/249/70 990/1004/258/70 1000/1014/258/70 988/1002/250/70
f 995/1009/259/70 997/1011/255/70 999/1013/257/70 996/1010/259/70
f 987/1001/252/70 986/1000/260/70 998/1012/260/70 991/1005/253/70
f 999/1013/261/70 986/1000/248/70 989/1003/248/70 1001/1015/261/70
f 1002/1016/262/70 990/1004/263/70 1003/1017/264/70 1004/1018/262/70
f 1003/1017/264/70 990/1004/263/70 992/1006/265/70
f 1005/1019/266/70 1006/1020/267/70 1002/1016/268/70
f 1006/1020/267/70 1000/1014/269/70 1002/1016/268/70
f 1000/1014/270/70 1006/1020/271/70 988/1002/272/70
f 1006/1020/271/70 989/1003/273/70 988/1002/272/70
f 1004/1018/274/70 993/1007/275/70 1005/1019/276/70
f 993/1007/275/70 996/1010/277/70 1005/1019/276/70
f 996/1021/278/70 999/1022/278/70 1005/1019/278/70
f 1004/1018/279/70 1005/1019/279/70 1002/1016/279/70
f 1005/1023/280/70 1001/1024/280/70 1006/1025/280/70
f 1001/1015/281/70 989/1003/281/70 1006/1020/281/70
f 1005/1019/282/70 999/1026/282/70 1001/1027/282/70
f 990/1004/283/70 1002/1016/283/70 1000/1014/283/70
f 1004/1018/284/70 994/1008/284/70 993/1007/284/70
usemtl beach01
s off
f 1476/1509/324/109 1477/1510/324/109 1478/1511/324/109 1479/1512/324/109
f 1480/1513/325/110 1481/1514/325/110 1482/1515/325/110 1483/1516/325/110
f 1484/1517/326/111 1485/1518/326/111 1486/1519/326/111 1487/1520/326/111
f 1488/1521/327/112 1489/1522/327/112 1490/1523/327/112 1491/1524/327/112
f 1492/1525/328/113 1493/1526/328/113 1494/1527/328/113 1495/1528/328/113
f 1546/1579/355/117 1547/1580/355/117 1548/1581/355/117 1549/1582/355/117
f 1592/1627/380/121 1593/1628/380/121 1594/1625/380/121 1595/1626/380/121
f 1596/1629/381/122 1597/1630/381/122 1598/1631/381/122 1599/1632/381/122
f 1642/1675/406/126 1643/1676/406/126 1644/1677/406/126 1645/1678/406/126
f 1646/1679/407/127 1647/1680/407/127 1648/1681/407/127 1649/1682/407/127
f 1650/1683/408/128 1651/1684/408/128 1652/1685/408/128 1653/1686/408/128
f 1654/1687/409/129 1655/1688/409/129 1656/1689/409/129 1657/1690/409/129
f 1688/1721/425/132 1689/1722/425/132 1690/1723/425/132 1691/1724/425/132
f 2192/2225/692/177 2193/2227/692/177 2194/2228/692/177 2195/2226/692/177
f 2196/2231/693/178 2197/2229/693/178 2198/2232/693/178 2199/2230/693/178
f 2330/2363/764/190 2331/2364/764/190 2332/2365/764/190 2333/2366/764/190
f 2428/2461/820/197 2429/2462/820/197 2430/2463/820/197 2431/2464/820/197
f 2432/2465/821/198 2433/2467/821/198 2434/2466/821/198 2435/2468/821/198
f 2546/2579/872/212 2547/2581/872/212 2548/2580/872/212 2549/2582/872/212
f 2550/2583/873/213 2551/2584/873/213 2552/2585/873/213 2553/2586/873/213
f 3012/3047/1122/251 3013/3045/1122/251 3014/3046/1122/251 3015/3048/1122/251
f 3086/3119/1160/258 3087/3121/1160/258 3088/3122/1160/258 3089/3120/1160/258
f 3152/3185/1196/263 3153/3186/1196/263 3154/3187/1196/263 3155/3188/1196/263
f 3156/3189/1197/264 3157/3190/1197/264 3158/3191/1197/264 3159/3192/1197/264
f 1570/1620/378/120 1571/1621/378/120 1572/1622/378/120
f 1571/1621/378/120 1573/1623/378/120 1572/1622/378/120
f 1574/1624/378/120 1573/1623/378/120 1571/1621/378/120
f 1600/1650/396/123 1601/1651/396/123 1602/1652/396/123
f 1601/1651/396/123 1603/1653/396/123 1602/1652/396/123
f 1604/1654/396/123 1603/1653/396/123 1601/1651/396/123
f 1746/1796/467/137 1747/1797/467/137 1748/1798/467/137
f 1747/1797/467/137 1749/1799/467/137 1748/1798/467/137
f 1750/1800/467/137 1749/1799/467/137 1747/1797/467/137
f 1788/1838/491/140 1789/1839/491/140 1790/1840/491/140
f 1789/1839/491/140 1791/1841/491/140 1790/1840/491/140
f 1792/1842/491/140 1791/1841/491/140 1789/1839/491/140
f 1818/1868/509/143 1819/1869/509/143 1820/1870/509/143
f 1819/1869/509/143 1821/1871/509/143 1820/1870/509/143
f 1822/1872/509/143 1821/1871/509/143 1819/1869/509/143
f 1924/1974/561/154 1925/1975/561/154 1926/1976/561/154
f 1925/1975/561/154 1927/1977/561/154 1926/1976/561/154
f 1928/1978/561/154 1927/1977/561/154 1925/1975/561/154
f 1966/2016/585/157 1967/2017/585/157 1968/2018/585/157
f 1967/2017/585/157 1969/2019/585/157 1968/2018/585/157
f 1970/2020/585/157 1969/2019/585/157 1967/2017/585/157
f 2010/2060/608/162 2011/2061/608/162 2012/2062/608/162
f 2011/2061/608/162 2013/2063/608/162 2012/2062/608/162
f 2014/2064/608/162 2013/2063/608/162 2011/2061/608/162
f 2088/2138/647/170 2089/2139/647/170 2090/2140/647/170
f 2089/2139/647/170 2091/2141/647/170 2090/2140/647/170
f 2092/2142/647/170 2091/2141/647/170 2089/2139/647/170
f 2130/2180/671/173 2131/2181/671/173 2132/2182/671/173
f 2131/2181/671/173 2133/2183/671/173 2132/2182/671/173
f 2134/2184/671/173 2133/2183/671/173 2131/2181/671/173
f 2200/2250/708/179 2201/2251/708/179 2202/2252/708/179
f 2201/2251/708/179 2203/2253/708/179 2202/2252/708/179
f 2204/2254/708/179 2203/2253/708/179 2201/2251/708/179
f 2278/2328/747/187 2279/2329/747/187 2280/2330/747/187
f 2279/2329/747/187 2281/2331/747/187 2280/2330/747/187
f 2282/2332/747/187 2281/2331/747/187 2279/2329/747/187
f 2334/2384/779/191 2335/2385/779/191 2336/2386/779/191
f 2335/2385/779/191 2337/2387/779/191 2336/2386/779/191
f 2338/2388/779/191 2337/2387/779/191 2335/2385/779/191
f 2366/2416/799/193 2367/2417/799/193 2368/2418/799/193
f 2367/2417/799/193 2369/2419/799/193 2368/2418/799/193
f 2370/2420/799/193 2369/2419/799/193 2367/2417/799/193
f 2476/2526/849/206 2477/2527/849/206 2478/2528/849/206
f 2477/2527/849/206 2479/2529/849/206 2478/2528/849/206
f 2480/2530/849/206 2479/2529/849/206 2477/2527/849/206
f 2562/2612/890/216 2563/2613/890/216 2564/2614/890/216
f 2563/2613/890/216 2565/2615/890/216 2564/2614/890/216
f 2566/2616/890/216 2565/2615/890/216 2563/2613/890/216
f 2614/2664/921/219 2615/2665/921/219 2616/2666/921/219
f 2615/2665/921/219 2617/2667/921/219 2616/2666/921/219
f 2618/2668/921/219 2617/2667/921/219 2615/2665/921/219
f 2680/2730/957/224 2681/2731/957/224 2682/2732/957/224
f 2681/2731/957/224 2683/2733/957/224 2682/2732/957/224
f 2684/2734/957/224 2683/2733/957/224 2681/2731/957/224
f 2764/2814/999/232 2765/2815/999/232 2766/2816/999/232
f 2765/2815/999/232 2767/2817/999/232 2766/2816/999/232
f 2768/2818/999/232 2767/2817/999/232 2765/2815/999/232
f 2820/2870/1031/236 2821/2871/1031/236 2822/2872/1031/236
f 2821/2871/1031/236 2823/2873/1031/236 2822/2872/1031/236
f 2824/2874/1031/236 2823/2873/1031/236 2821/2871/1031/236
f 2890/2940/1068/242 2891/2941/1068/242 2892/2942/1068/242
f 2891/2941/1068/242 2893/2943/1068/242 2892/2942/1068/242
f 2894/2944/1068/242 2893/2943/1068/242 2891/2941/1068/242
f 2960/3010/1105/248 2961/3011/1105/248 2962/3012/1105/248
f 2961/3011/1105/248 2963/3013/1105/248 2962/3012/1105/248
f 2964/3014/1105/248 2963/3013/1105/248 2961/3011/1105/248
f 3034/3084/1143/255 3035/3085/1143/255 3036/3086/1143/255
f 3035/3085/1143/255 3037/3087/1143/255 3036/3086/1143/255
f 3038/3088/1143/255 3037/3087/1143/255 3035/3085/1143/255
f 3090/3140/1175/259 3091/3141/1175/259 3092/3142/1175/259
f 3091/3141/1175/259 3093/3143/1175/259 3092/3142/1175/259
f 3094/3144/1175/259 3093/3143/1175/259 3091/3141/1175/259
f 3186/3236/1220/270 3187/3237/1220/270 3188/3238/1220/270
f 3187/3237/1220/270 3189/3239/1220/270 3188/3238/1220/270
f 3190/3240/1220/270 3189/3239/1220/270 3187/3237/1220/270
usemtl wallkn_g
s off
f 1575/1603/364/120 1576/1604/365/120 1577/1605/366/120 1578/1606/367/120
f 1579/1607/368/120 1580/1608/369/120 1581/1609/370/120 1582/1610/371/120
f 1580/1608/369/120 1575/1603/364/120 1578/1606/367/120 1581/1609/370/120
f 1793/1821/477/140 1794/1822/478/140 1795/1823/479/140 1796/1824/480/140
f 1797/1825/481/140 1798/1826/482/140 1799/1827/483/140 1800/1828/484/140
f 1798/1826/482/140 1793/1821/477/140 1796/1824/480/140 1799/1827/483/140
f 1971/1999/571/157 1972/2000/572/157 1973/2001/573/157 1974/2002/574/157
f 1975/2003/575/157 1976/2004/576/157 1977/2005/577/157 1978/2006/578/157
f 1976/2004/576/157 1971/1999/571/157 1974/2002/574/157 1977/2005/577/157
f 1583/1611/372/120 1584/1612/373/120 1585/1613/374/120
f 1584/1612/373/120 1586/1614/375/120 1585/1613/374/120
f 1585/1613/374/120 1586/1614/375/120 1587/1615/376/120
f 1586/1614/375/120 1588/1616/377/120 1587/1615/376/120
f 1589/1617/376/120 1590/1618/378/120 1591/1619/379/120
f 1801/1829/485/140 1802/1830/486/140 1803/1831/487/140
f 1802/1830/486/140 1804/1832/488/140 1803/1831/487/140
f 1803/1831/487/140 1804/1832/488/140 1805/1833/489/140
f 1804/1832/488/140 1806/1834/490/140 1805/1833/489/140
f 1807/1835/489/140 1808/1836/491/140 1809/1837/492/140
f 1979/2007/579/157 1980/2008/580/157 1981/2009/581/157
f 1980/2008/580/157 1982/2010/582/157 1981/2009/581/157
f 1981/2009/581/157 1982/2010/582/157 1983/2011/583/157
f 1982/2010/582/157 1984/2012/584/157 1983/2011/583/157
f 1985/2013/583/157 1986/2014/585/157 1987/2015/586/157
usemtl sea_simi_1
s off
f 18/1/1/1 19/2/1/1 20/3/1/1 21/4/1/1
f 38/30/2/2 39/31/3/2 40/32/4/2 41/33/2/2
f 39/31/3/2 42/34/5/2 43/35/5/2 40/32/4/2
f 54/48/7/3 55/49/8/3 56/50/9/3 57/51/7/3
f 55/49/8/3 58/52/10/3 59/53/10/3 56/50/9/3
f 81/70/13/5 82/71/13/5 83/72/13/5 84/73/13/5
f 106/120/22/6 108/122/24/6 105/119/21/6 104/118/20/6
f 138/129/25/7 139/130/25/7 140/131/25/7 141/132/25/7
f 163/179/34/8 165/181/36/8 162/178/33/8 161/177/32/8
f 207/200/40/12 208/201/40/12 209/202/40/12 210/203/40/12
f 232/250/49/13 234/252/51/13 231/249/48/13 230/248/47/13
f 276/271/55/17 277/272/55/17 278/273/55/17 279/274/55/17
f 301/321/64/18 303/323/66/18 300/320/63/18 299/319/62/18
f 22/5/1/1 23/6/1/1 24/7/1/1
f 25/8/1/1 26/9/1/1 27/10/1/1
f 85/74/13/5 86/75/13/5 87/76/13/5
f 88/77/13/5 89/78/13/5 90/79/13/5
f 97/111/18/6 98/112/18/6 99/113/18/6
f 98/112/18/6 100/114/18/6 99/113/18/6
f 99/113/18/6 100/114/18/6 101/115/19/6
f 100/114/18/6 102/116/18/6 101/115/19/6
f 103/117/18/6 104/118/20/6 105/119/21/6
f 106/120/22/6 107/121/23/6 108/122/24/6
f 142/133/25/7 143/134/25/7 144/135/25/7
f 145/136/25/7 146/137/25/7 147/138/25/7
f 154/170/30/8 155/171/30/8 156/172/30/8
f 155/171/30/8 157/173/30/8 156/172/30/8
f 156/172/30/8 157/173/30/8 158/174/31/8
f 157/173/30/8 159/175/30/8 158/174/31/8
f 160/176/30/8 161/177/32/8 162/178/33/8
f 163/179/34/8 164/180/35/8 165/181/36/8
f 211/204/40/12 212/205/40/12 213/206/40/12
f 214/207/40/12 215/208/40/12 216/209/40/12
f 223/241/45/13 224/242/45/13 225/243/45/13
f 224/242/45/13 226/244/45/13 225/243/45/13
f 225/243/45/13 226/244/45/13 227/245/46/13
f 226/244/45/13 228/246/45/13 227/245/46/13
f 229/247/45/13 230/248/47/13 231/249/48/13
f 232/250/49/13 233/251/50/13 234/252/51/13
f 280/275/55/17 281/276/55/17 282/277/55/17
f 283/278/55/17 284/279/55/17 285/280/55/17
f 292/312/60/18 293/313/60/18 294/314/60/18
f 293/313/60/18 295/315/60/18 294/314/60/18
f 294/314/60/18 295/315/60/18 296/316/61/18
f 295/315/60/18 297/317/60/18 296/316/61/18
f 298/318/60/18 299/319/62/18 300/320/63/18
f 301/321/64/18 302/322/65/18 303/323/66/18
usemtl TRANSPARENT
s off
f 320/334/68/20 321/335/68/20 322/336/68/20
f 321/335/68/20 323/337/68/20 322/336/68/20
f 324/338/68/20 323/337/68/20 321/335/68/20
f 362/376/93/23 363/377/93/23 364/378/93/23
f 363/377/93/23 365/379/93/23 364/378/93/23
f 366/380/93/23 365/379/93/23 363/377/93/23
f 436/450/124/28 437/451/124/28 438/452/124/28
f 437/451/124/28 439/453/124/28 438/452/124/28
f 440/454/124/28 439/453/124/28 437/451/124/28
f 530/544/165/34 531/545/165/34 532/546/165/34
f 531/545/165/34 533/547/165/34 532/546/165/34
f 534/548/165/34 533/547/165/34 531/545/165/34
f 552/566/182/35 553/567/182/35 554/568/182/35
f 553/567/182/35 555/569/182/35 554/568/182/35
f 556/570/182/35 555/569/182/35 553/567/182/35
usemtl ga_s01a_TRANS
s off
f 1007/1028/285/70 1008/1029/285/70 1009/1030/285/70
f 1009/1031/285/70 1008/1029/285/70 1010/1032/285/70
f 1010/1033/285/70 1008/1029/285/70 1011/1034/285/70
f 1011/1035/285/70 1008/1029/285/70 1012/1036/285/70
f 1012/1037/285/70 1008/1029/285/70 1013/1038/285/70
f 1013/1039/285/70 1008/1029/285/70 1014/1040/285/70
f 1014/1041/285/70 1008/1029/285/70 1015/1042/285/70
f 1015/1043/285/70 1008/1029/285/70 1016/1044/285/70
f 1016/1045/285/70 1008/1029/285/70 1017/1046/285/70
f 1017/1047/285/70 1008/1029/285/70 1018/1048/285/70
f 1018/1049/285/70 1008/1029/285/70 1019/1050/285/70
f 1019/1051/285/70 1008/1029/285/70 1007/1052/285/70
