mtllib Barrier-Reef_05_00.mtl
o map
v -4.0 -14.25 -0.437501
v -5.25 -14.75 -0.437501
v -4.0 -15.125 -0.187501
v -4.875 -16.0 -0.1875
v -4.125 -16.0 0.0625
v -4.0 -15.875 0.062498987
v -4.0 -15.125 -0.187501
v -4.875 -16.0 -0.1875
v -4.875 -16.0 -0.1875
v -5.25 -14.75 -0.437501
v -5.75 -16.0 -0.4375
v -5.25 -14.75 -0.437501
v -4.0 -14.25 -0.437501
v -4.0 -13.0 -0.437501
v -6.5 -13.5 -0.437501
v -5.75 -16.0 -0.4375
v -7.0 -16.0 -0.4375
v -4.0 -15.0 -0.500001
v -4.0 -14.25 -0.562501
v -5.75 -16.0 -0.5625
v -5.0 -16.0 -0.5
v -4.0 -16.0 0.0
v -4.0 -15.0 -0.500001
v -5.0 -16.0 -0.5
v -5.75 -16.0 -0.5625
v -4.0 -14.25 -0.562501
v -5.25 -14.75 -0.562501
v -4.0 -14.25 -0.4375
v -4.0 -15.125 -0.1875
v 4.0 -15.125 -0.1875
v 4.0 -14.25 -0.4375
v -4.0 -15.875 0.0625
v 4.0 -15.875 0.0625
v 4.0 -13.0 -0.4375
v -4.0 -13.0 -0.4375
v -4.0 -14.25 -0.4375
v 4.0 -14.25 -0.4375
v 4.0 -16.0 0.0
v 4.0 -15.0 -0.5
v -4.0 -15.0 -0.5
v -4.0 -16.0 0.0
v 4.0 -14.25 -0.5625
v -4.0 -14.25 -0.5625
v 4.0 -14.25 -0.4375
v 4.0 -15.125 -0.1875
v 6.0 -15.125 -0.1875
v 6.0 -14.25 -0.4375
v 4.0 -15.875 0.0625
v 6.0 -15.875 0.0625
v 6.0 -13.0 -0.4375
v 4.0 -13.0 -0.4375
v 4.0 -14.25 -0.4375
v 6.0 -14.25 -0.4375
v 6.0 -16.0 0.0
v 6.0 -15.0 -0.5
v 4.0 -15.0 -0.5
v 4.0 -16.0 0.0
v 6.0 -14.25 -0.5625
v 4.0 -14.25 -0.5625
v 7.75 -16.0 -0.437501
v 7.25 -14.75 -0.437501
v 6.875 -16.0 -0.187501
v 6.0 -15.125 -0.1875
v 6.0 -15.875 0.0625
v 6.125 -16.0 0.062498987
v 6.875 -16.0 -0.187501
v 6.0 -15.125 -0.1875
v 6.0 -15.125 -0.1875
v 7.25 -14.75 -0.437501
v 6.0 -14.25 -0.4375
v 7.25 -14.75 -0.437501
v 7.75 -16.0 -0.437501
v 9.0 -16.0 -0.437501
v 8.5 -13.5 -0.437501
v 6.0 -14.25 -0.4375
v 6.0 -13.0 -0.4375
v 7.0 -16.0 -0.500001
v 7.75 -16.0 -0.562501
v 6.0 -14.25 -0.5625
v 6.0 -15.0 -0.5
v 6.0 -16.0 0.0
v 7.0 -16.0 -0.500001
v 6.0 -15.0 -0.5
v 6.0 -14.25 -0.5625
v 7.75 -16.0 -0.562501
v 7.25 -14.75 -0.562501
v -12.5 -11.608398 0.355469
v -11.660156 -11.318359 0.355469
v -12.027344 -11.013672 1.5136721
v -12.5 -11.176758 1.5136731
v -11.311523 -10.621094 0.355469
v -11.5546875 -11.40625 -0.43652302
v -11.162109 -10.621094 -0.43652302
v -13.339844 -9.904297 0.355469
v -13.4453125 -9.904297 -0.43652302
v -13.837891 -10.621094 -0.43652302
v -13.688477 -10.621094 0.355469
v -13.4453125 -11.40625 -0.43652302
v -12.5 -11.732422 -0.43652302
v -13.339844 -11.318359 0.355469
v -11.831055 -10.621094 1.5136721
v -12.972656 -11.013672 1.5136721
v -12.027344 -10.227539 1.5136721
v -11.5546875 -9.834961 -0.43652302
v -12.5 -9.545898 -0.43652302
v -12.928711 -10.262695 0.79980505
v -12.5 -10.621094 2.039063
v -11.106205 -9.885136 -0.3125
v -12.5 -10.6897335 -0.312499
v -10.890807 -10.6897335 -0.312499
v -11.106205 -11.494329 -0.312498
v -11.695404 -12.08269 -0.312498
v -12.5 -12.298925 -0.312498
v -13.304596 -12.08269 -0.312498
v -13.893795 -11.494329 -0.312498
v -14.109193 -10.6897335 -0.312499
v -13.893795 -9.885136 -0.3125
v -13.304596 -9.295937 -0.3125
v -12.5 -9.080539 -0.3125
v -11.695404 -9.295937 -0.3125
v -10.608398 -9.5 0.355469
v -10.318359 -10.339844 0.355469
v -10.013672 -9.972656 1.5136721
v -10.176758 -9.5 1.5136731
v -9.621094 -10.688477 0.355469
v -10.40625 -10.4453125 -0.43652302
v -9.621094 -10.837891 -0.43652302
v -8.904297 -8.660156 0.355469
v -8.904297 -8.5546875 -0.43652302
v -9.621094 -8.162109 -0.43652302
v -9.621094 -8.311523 0.355469
v -10.40625 -8.5546875 -0.43652302
v -10.732422 -9.5 -0.43652302
v -10.318359 -8.660156 0.355469
v -9.621094 -10.168945 1.5136721
v -10.013672 -9.027344 1.5136721
v -9.227539 -9.972656 1.5136721
v -8.834961 -10.4453125 -0.43652302
v -8.545898 -9.5 -0.43652302
v -9.262695 -9.071289 0.79980505
v -9.621094 -9.5 2.039063
v -8.885136 -10.893795 -0.3125
v -9.6897335 -9.5 -0.312499
v -9.6897335 -11.109193 -0.312499
v -10.494329 -10.893795 -0.312498
v -11.08269 -10.304596 -0.312498
v -11.298925 -9.5 -0.312498
v -11.08269 -8.695404 -0.312498
v -10.494329 -8.106205 -0.312498
v -9.6897335 -7.890807 -0.312499
v -8.885136 -8.106205 -0.3125
v -8.295937 -8.695404 -0.3125
v -8.080539 -9.5 -0.3125
v -8.295937 -10.304596 -0.3125
v -7.608398 -10.5 0.355469
v -7.318359 -11.339844 0.355469
v -7.013672 -10.972656 1.5136721
v -7.176758 -10.5 1.5136731
v -6.6210938 -11.688477 0.355469
v -7.40625 -11.4453125 -0.43652302
v -6.6210938 -11.837891 -0.43652302
v -5.904297 -9.660156 0.355469
v -5.904297 -9.5546875 -0.43652302
v -6.6210938 -9.162109 -0.43652302
v -6.6210938 -9.311523 0.355469
v -7.40625 -9.5546875 -0.43652302
v -7.732422 -10.5 -0.43652302
v -7.318359 -9.660156 0.355469
v -6.6210938 -11.168945 1.5136721
v -7.013672 -10.027344 1.5136721
v -6.227539 -10.972656 1.5136721
v -5.834961 -11.4453125 -0.43652302
v -5.545899 -10.5 -0.43652302
v -6.262695 -10.071289 0.79980505
v -6.6210938 -10.5 2.039063
v -5.885136 -11.893795 -0.3125
v -6.689733 -10.5 -0.312499
v -6.689733 -12.109193 -0.312499
v -7.494329 -11.893795 -0.312498
v -8.08269 -11.304596 -0.312498
v -8.298925 -10.5 -0.312498
v -8.08269 -9.695404 -0.312498
v -7.494329 -9.106205 -0.312498
v -6.689733 -8.890807 -0.312499
v -5.885136 -9.106205 -0.3125
v -5.295936 -9.695404 -0.3125
v -5.0805387 -10.5 -0.3125
v -5.295936 -11.304596 -0.3125
v -3.5 -10.608398 0.355469
v -2.660156 -10.318359 0.355469
v -3.027344 -10.013672 1.5136721
v -3.5 -10.176758 1.5136731
v -2.311523 -9.621094 0.355469
v -2.554688 -10.40625 -0.43652302
v -2.162109 -9.621094 -0.43652302
v -4.3398438 -8.904297 0.355469
v -4.445312 -8.904297 -0.43652302
v -4.837891 -9.621094 -0.43652302
v -4.688477 -9.621094 0.355469
v -4.445312 -10.40625 -0.43652302
v -3.5 -10.732422 -0.43652302
v -4.3398438 -10.318359 0.355469
v -2.831055 -9.621094 1.5136721
v -3.972656 -10.013672 1.5136721
v -3.027344 -9.227539 1.5136721
v -2.554688 -8.834961 -0.43652302
v -3.5 -8.545898 -0.43652302
v -3.928711 -9.262695 0.79980505
v -3.5 -9.621094 2.039063
v -2.106205 -8.885136 -0.3125
v -3.5 -9.6897335 -0.312499
v -1.8908072 -9.6897335 -0.312499
v -2.106205 -10.494329 -0.312498
v -2.695404 -11.08269 -0.312498
v -3.5 -11.298925 -0.312498
v -4.304596 -11.08269 -0.312498
v -4.893795 -10.494329 -0.312498
v -5.109193 -9.6897335 -0.312499
v -4.893795 -8.885136 -0.3125
v -4.304596 -8.295937 -0.3125
v -3.5 -8.080539 -0.3125
v -2.695404 -8.295937 -0.3125
v -0.5 -9.608398 0.355469
v 0.339844 -9.318359 0.355469
v -0.027343988 -9.013672 1.5136721
v -0.5 -9.176758 1.5136731
v 0.68847704 -8.621094 0.355469
v 0.44531202 -9.40625 -0.43652302
v 0.8378911 -8.621094 -0.43652302
v -1.339844 -7.904297 0.355469
v -1.445312 -7.904297 -0.43652302
v -1.8378911 -8.621094 -0.43652302
v -1.688477 -8.621094 0.355469
v -1.445312 -9.40625 -0.43652302
v -0.5 -9.732422 -0.43652302
v -1.339844 -9.318359 0.355469
v 0.16894507 -8.621094 1.5136721
v -0.972656 -9.013672 1.5136721
v -0.027343988 -8.227539 1.5136721
v 0.44531202 -7.834961 -0.43652302
v -0.5 -7.545899 -0.43652302
v -0.92871106 -8.262695 0.79980505
v -0.5 -8.621094 2.039063
v 0.893795 -7.885136 -0.3125
v -0.5 -8.6897335 -0.312499
v 1.1091928 -8.6897335 -0.312499
v 0.893795 -9.494329 -0.312498
v 0.30459595 -10.08269 -0.312498
v -0.5 -10.298925 -0.312498
v -1.304596 -10.08269 -0.312498
v -1.893795 -9.494329 -0.312498
v -2.109193 -8.6897335 -0.312499
v -1.893795 -7.885136 -0.3125
v -1.304596 -7.295936 -0.3125
v -0.5 -7.0805387 -0.3125
v 0.30459595 -7.295936 -0.3125
v 2.5 -10.608398 0.355469
v 3.339844 -10.318359 0.355469
v 2.972656 -10.013672 1.5136721
v 2.5 -10.176758 1.5136731
v 3.688477 -9.621094 0.355469
v 3.445312 -10.40625 -0.43652302
v 3.837891 -9.621094 -0.43652302
v 1.660156 -8.904297 0.355469
v 1.554688 -8.904297 -0.43652302
v 1.1621089 -9.621094 -0.43652302
v 1.311523 -9.621094 0.355469
v 1.554688 -10.40625 -0.43652302
v 2.5 -10.732422 -0.43652302
v 1.660156 -10.318359 0.355469
v 3.168945 -9.621094 1.5136721
v 2.027344 -10.013672 1.5136721
v 2.972656 -9.227539 1.5136721
v 3.445312 -8.834961 -0.43652302
v 2.5 -8.545898 -0.43652302
v 2.071289 -9.262695 0.79980505
v 2.5 -9.621094 2.039063
v 3.893795 -8.885136 -0.3125
v 2.5 -9.6897335 -0.312499
v 4.109193 -9.6897335 -0.312499
v 3.893795 -10.494329 -0.312498
v 3.304596 -11.08269 -0.312498
v 2.5 -11.298925 -0.312498
v 1.695404 -11.08269 -0.312498
v 1.106205 -10.494329 -0.312498
v 0.8908069 -9.6897335 -0.312499
v 1.106205 -8.885136 -0.3125
v 1.695404 -8.295937 -0.3125
v 2.5 -8.080539 -0.3125
v 3.304596 -8.295937 -0.3125
v 4.391602 -10.5 0.355469
v 4.681641 -11.339844 0.355469
v 4.986328 -10.972656 1.5136721
v 4.823242 -10.5 1.5136731
v 5.3789062 -11.688477 0.355469
v 4.59375 -11.4453125 -0.43652302
v 5.3789062 -11.837891 -0.43652302
v 6.095703 -9.660156 0.355469
v 6.095703 -9.5546875 -0.43652302
v 5.3789062 -9.162109 -0.43652302
v 5.3789062 -9.311523 0.355469
v 4.59375 -9.5546875 -0.43652302
v 4.267578 -10.5 -0.43652302
v 4.681641 -9.660156 0.355469
v 5.3789062 -11.168945 1.5136721
v 4.986328 -10.027344 1.5136721
v 5.772461 -10.972656 1.5136721
v 6.165039 -11.4453125 -0.43652302
v 6.454101 -10.5 -0.43652302
v 5.737305 -10.071289 0.79980505
v 5.3789062 -10.5 2.039063
v 6.114864 -11.893795 -0.3125
v 5.310267 -10.5 -0.312499
v 5.310267 -12.109193 -0.312499
v 4.505671 -11.893795 -0.312498
v 3.91731 -11.304596 -0.312498
v 3.701075 -10.5 -0.312498
v 3.91731 -9.695404 -0.312498
v 4.505671 -9.106205 -0.312498
v 5.310267 -8.890807 -0.312499
v 6.114864 -9.106205 -0.3125
v 6.704064 -9.695404 -0.3125
v 6.9194613 -10.5 -0.3125
v 6.704064 -11.304596 -0.3125
v 7.391602 -9.5 0.355469
v 7.681641 -10.339844 0.355469
v 7.986328 -9.972656 1.5136721
v 7.823242 -9.5 1.5136731
v 8.378906 -10.688477 0.355469
v 7.59375 -10.4453125 -0.43652302
v 8.378906 -10.837891 -0.43652302
v 9.095703 -8.660156 0.355469
v 9.095703 -8.5546875 -0.43652302
v 8.378906 -8.162109 -0.43652302
v 8.378906 -8.311523 0.355469
v 7.59375 -8.5546875 -0.43652302
v 7.267578 -9.5 -0.43652302
v 7.681641 -8.660156 0.355469
v 8.378906 -10.168945 1.5136721
v 7.986328 -9.027344 1.5136721
v 8.772461 -9.972656 1.5136721
v 9.165039 -10.4453125 -0.43652302
v 9.454102 -9.5 -0.43652302
v 8.737305 -9.071289 0.79980505
v 8.378906 -9.5 2.039063
v 9.114864 -10.893795 -0.3125
v 8.3102665 -9.5 -0.312499
v 8.3102665 -11.109193 -0.312499
v 7.505671 -10.893795 -0.312498
v 6.9173098 -10.304596 -0.312498
v 6.701075 -9.5 -0.312498
v 6.9173098 -8.695404 -0.312498
v 7.505671 -8.106205 -0.312498
v 8.3102665 -7.890807 -0.312499
v 9.114864 -8.106205 -0.3125
v 9.704063 -8.695404 -0.3125
v 9.919461 -9.5 -0.3125
v 9.704063 -10.304596 -0.3125
v 11.5 -11.608398 0.355469
v 12.339844 -11.318359 0.355469
v 11.972656 -11.013672 1.5136721
v 11.5 -11.176758 1.5136731
v 12.688477 -10.621094 0.355469
v 12.4453125 -11.40625 -0.43652302
v 12.837891 -10.621094 -0.43652302
v 10.660156 -9.904297 0.355469
v 10.5546875 -9.904297 -0.43652302
v 10.162109 -10.621094 -0.43652302
v 10.311523 -10.621094 0.355469
v 10.5546875 -11.40625 -0.43652302
v 11.5 -11.732422 -0.43652302
v 10.660156 -11.318359 0.355469
v 12.168945 -10.621094 1.5136721
v 11.027344 -11.013672 1.5136721
v 11.972656 -10.227539 1.5136721
v 12.4453125 -9.834961 -0.43652302
v 11.5 -9.545898 -0.43652302
v 11.071289 -10.262695 0.79980505
v 11.5 -10.621094 2.039063
v 12.893795 -9.885136 -0.3125
v 11.5 -10.6897335 -0.312499
v 13.109193 -10.6897335 -0.312499
v 12.893795 -11.494329 -0.312498
v 12.304596 -12.08269 -0.312498
v 11.5 -12.298925 -0.312498
v 10.695404 -12.08269 -0.312498
v 10.106205 -11.494329 -0.312498
v 9.890807 -10.6897335 -0.312499
v 10.106205 -9.885136 -0.3125
v 10.695404 -9.295937 -0.3125
v 11.5 -9.080539 -0.3125
v 12.304596 -9.295937 -0.3125
v 14.5 -13.608398 0.355469
v 15.339844 -13.318359 0.355469
v 14.972656 -13.013672 1.5136721
v 14.5 -13.176758 1.5136731
v 15.688477 -12.621094 0.355469
v 15.4453125 -13.40625 -0.43652302
v 15.837891 -12.621094 -0.43652302
v 13.660156 -11.904297 0.355469
v 13.5546875 -11.904297 -0.43652302
v 13.162109 -12.621094 -0.43652302
v 13.311523 -12.621094 0.355469
v 13.5546875 -13.40625 -0.43652302
v 14.5 -13.732422 -0.43652302
v 13.660156 -13.318359 0.355469
v 15.168945 -12.621094 1.5136721
v 14.027344 -13.013672 1.5136721
v 14.972656 -12.227539 1.5136721
v 15.4453125 -11.834961 -0.43652302
v 14.5 -11.545898 -0.43652302
v 14.071289 -12.262695 0.79980505
v 14.5 -12.621094 2.039063
v 15.893795 -11.885136 -0.3125
v 14.5 -12.6897335 -0.312499
v 16.109192 -12.6897335 -0.312499
v 15.893795 -13.494329 -0.312498
v 15.304596 -14.08269 -0.312498
v 14.5 -14.298925 -0.312498
v 13.695404 -14.08269 -0.312498
v 13.106205 -13.494329 -0.312498
v 12.890807 -12.6897335 -0.312499
v 13.106205 -11.885136 -0.3125
v 13.695404 -11.295937 -0.3125
v 14.5 -11.080539 -0.3125
v 15.304596 -11.295937 -0.3125
v -15.0 -15.125 -2.500001
v -14.0 -15.125 -2.500001
v -14.0 -13.125 -2.500001
v -15.0 -13.125 -2.500001
v -15.0 -15.125 -2.625001
v -14.0 -15.125 -2.625001
v -14.0 -13.125 -2.625001
v -15.0 -13.125 -2.625001
v -15.0 -15.125 -2.875001
v -14.0 -15.125 -2.875001
v -14.0 -13.125 -2.875001
v -15.0 -13.125 -2.875001
v -15.0 -6.125 -3.500001
v -13.0 -6.125 -3.500001
v -13.0 -5.125 -3.500001
v -15.0 -5.125 -3.500001
v -15.0 -6.125 -3.625001
v -13.0 -6.125 -3.625001
v -13.0 -5.125 -3.625001
v -15.0 -5.125 -3.625001
v -15.0 -6.125 -3.875001
v -13.0 -6.125 -3.875001
v -13.0 -5.125 -3.875001
v -15.0 -5.125 -3.875001
v -14.0 -14.125 -2.500001
v -12.0 -14.125 -2.500001
v -12.0 -13.125 -2.500001
v -14.0 -13.125 -2.500001
v -14.0 -14.125 -2.625001
v -12.0 -14.125 -2.625001
v -12.0 -13.125 -2.625001
v -14.0 -13.125 -2.625001
v -14.0 -14.125 -2.875001
v -12.0 -14.125 -2.875001
v -12.0 -13.125 -2.875001
v -14.0 -13.125 -2.875001
v -14.0 -5.125 -3.500001
v -12.0 -5.125 -3.500001
v -12.0 -3.125 -3.500001
v -14.0 -3.125 -3.500001
v -14.0 -5.125 -3.625001
v -12.0 -5.125 -3.625001
v -12.0 -3.125 -3.625001
v -14.0 -3.125 -3.625001
v -14.0 -5.125 -3.875001
v -12.0 -5.125 -3.875001
v -12.0 -3.125 -3.875001
v -14.0 -3.125 -3.875001
v -9.0 -13.125 -1.500001
v -8.0 -13.125 -1.500001
v -8.0 -11.125 -1.500001
v -9.0 -11.125 -1.500001
v -9.0 -13.125 -1.625001
v -8.0 -13.125 -1.625001
v -8.0 -11.125 -1.625001
v -9.0 -11.125 -1.625001
v -9.0 -13.125 -1.875001
v -8.0 -13.125 -1.875001
v -8.0 -11.125 -1.875001
v -9.0 -11.125 -1.875001
v -7.5 -5.608398 -3.144531
v -6.6601562 -5.318359 -3.144531
v -7.0273438 -5.013672 -1.9863279
v -7.5 -5.176758 -1.9863269
v -6.311523 -4.6210938 -3.144531
v -6.554688 -5.40625 -3.936523
v -6.162109 -4.6210938 -3.936523
v -8.339844 -3.9042969 -3.144531
v -8.4453125 -3.9042969 -3.936523
v -8.837891 -4.6210938 -3.936523
v -8.688477 -4.6210938 -3.144531
v -8.4453125 -5.40625 -3.936523
v -7.5 -5.732422 -3.936523
v -8.339844 -5.318359 -3.144531
v -6.8310547 -4.6210938 -1.9863279
v -7.9726562 -5.013672 -1.9863279
v -7.0273438 -4.227539 -1.9863279
v -6.554688 -3.834961 -3.936523
v -7.5 -3.545899 -3.936523
v -7.928711 -4.262695 -2.7001948
v -7.5 -4.6210938 -1.460937
v -6.106205 -3.8851361 -3.8125
v -7.5 -4.689733 -3.812499
v -5.890807 -4.689733 -3.812499
v -6.106205 -5.494329 -3.812498
v -6.695404 -6.0826902 -3.812498
v -7.5 -6.298925 -3.812498
v -8.304596 -6.0826902 -3.812498
v -8.893795 -5.494329 -3.812498
v -9.109193 -4.689733 -3.812499
v -8.893795 -3.8851361 -3.8125
v -8.304596 -3.295936 -3.8125
v -7.5 -3.080539 -3.8125
v -6.695404 -3.295936 -3.8125
v -8.0 -12.125 -1.500001
v -7.0 -12.125 -1.500001
v -7.0 -11.125 -1.500001
v -8.0 -11.125 -1.500001
v -8.0 -12.125 -1.625001
v -7.0 -12.125 -1.625001
v -7.0 -11.125 -1.625001
v -8.0 -11.125 -1.625001
v -8.0 -12.125 -1.875001
v -7.0 -12.125 -1.875001
v -7.0 -11.125 -1.875001
v -8.0 -11.125 -1.875001
v -7.0 -8.125 -2.500001
v -4.0 -8.125 -2.500001
v -4.0 -7.125 -2.500001
v -7.0 -7.125 -2.500001
v -7.0 -8.125 -2.625001
v -4.0 -8.125 -2.625001
v -4.0 -7.125 -2.625001
v -7.0 -7.125 -2.625001
v -7.0 -8.125 -2.875001
v -4.0 -8.125 -2.875001
v -4.0 -7.125 -2.875001
v -7.0 -7.125 -2.875001
v -6.0 -2.125 -4.500001
v -4.0 -2.125 -4.500001
v -4.0 -1.125 -4.500001
v -6.0 -1.125 -4.500001
v -6.0 -2.125 -4.625001
v -4.0 -2.125 -4.625001
v -4.0 -1.125 -4.625001
v -6.0 -1.125 -4.625001
v -6.0 -2.125 -4.875001
v -4.0 -2.125 -4.875001
v -4.0 -1.125 -4.875001
v -6.0 -1.125 -4.875001
v -6.0 0.875 -4.500001
v -4.0 0.875 -4.500001
v -4.0 1.875 -4.500001
v -6.0 1.875 -4.500001
v -6.0 0.875 -4.625001
v -4.0 0.875 -4.625001
v -4.0 1.875 -4.625001
v -6.0 1.875 -4.625001
v -6.0 0.875 -4.875001
v -4.0 0.875 -4.875001
v -4.0 1.875 -4.875001
v -6.0 1.875 -4.875001
v -5.0 -9.125 -2.500001
v -3.0 -9.125 -2.500001
v -3.0 -8.125 -2.500001
v -5.0 -8.125 -2.500001
v -5.0 -9.125 -2.625001
v -3.0 -9.125 -2.625001
v -3.0 -8.125 -2.625001
v -5.0 -8.125 -2.625001
v -5.0 -9.125 -2.875001
v -3.0 -9.125 -2.875001
v -3.0 -8.125 -2.875001
v -5.0 -8.125 -2.875001
v -5.0 -1.125 -4.500001
v -1.0 -1.125 -4.500001
v -1.0 -0.125 -4.500001
v -5.0 -0.125 -4.500001
v -5.0 -1.125 -4.625001
v -1.0 -1.125 -4.625001
v -1.0 -0.125 -4.625001
v -5.0 -0.125 -4.625001
v -5.0 -1.125 -4.875001
v -1.0 -1.125 -4.875001
v -1.0 -0.125 -4.875001
v -5.0 -0.125 -4.875001
v -5.0 -0.125 -4.500001
v -3.0 -0.125 -4.500001
v -3.0 0.875 -4.500001
v -5.0 0.875 -4.500001
v -5.0 -0.125 -4.625001
v -3.0 -0.125 -4.625001
v -3.0 0.875 -4.625001
v -5.0 0.875 -4.625001
v -5.0 -0.125 -4.875001
v -3.0 -0.125 -4.875001
v -3.0 0.875 -4.875001
v -5.0 0.875 -4.875001
v 2.0 -3.125 -3.500001
v 5.0 -3.125 -3.500001
v 5.0 -2.125 -3.500001
v 2.0 -2.125 -3.500001
v 2.0 -3.125 -3.625001
v 5.0 -3.125 -3.625001
v 5.0 -2.125 -3.625001
v 2.0 -2.125 -3.625001
v 2.0 -3.125 -3.875001
v 5.0 -3.125 -3.875001
v 5.0 -2.125 -3.875001
v 2.0 -2.125 -3.875001
v 3.0 -5.125 -3.500001
v 7.0 -5.125 -3.500001
v 7.0 -4.125 -3.500001
v 3.0 -4.125 -3.500001
v 3.0 -5.125 -3.625001
v 7.0 -5.125 -3.625001
v 7.0 -4.125 -3.625001
v 3.0 -4.125 -3.625001
v 3.0 -5.125 -3.875001
v 7.0 -5.125 -3.875001
v 7.0 -4.125 -3.875001
v 3.0 -4.125 -3.875001
v 4.391602 -7.5 -2.144531
v 4.681641 -8.339844 -2.144531
v 4.986328 -7.9726562 -0.9863279
v 4.823242 -7.5 -0.98632693
v 5.3789062 -8.688477 -2.144531
v 4.59375 -8.4453125 -2.936523
v 5.3789062 -8.837891 -2.936523
v 6.095703 -6.6601562 -2.144531
v 6.095703 -6.554688 -2.936523
v 5.3789062 -6.162109 -2.936523
v 5.3789062 -6.311523 -2.144531
v 4.59375 -6.554688 -2.936523
v 4.267578 -7.5 -2.936523
v 4.681641 -6.6601562 -2.144531
v 5.3789062 -8.168945 -0.9863279
v 4.986328 -7.0273438 -0.9863279
v 5.772461 -7.9726562 -0.9863279
v 6.165039 -8.4453125 -2.936523
v 6.454101 -7.5 -2.936523
v 5.737305 -7.071289 -1.700195
v 5.3789062 -7.5 -0.46093702
v 6.114864 -8.893795 -2.8125
v 5.310267 -7.5 -2.812499
v 5.310267 -9.109193 -2.812499
v 4.505671 -8.893795 -2.812498
v 3.91731 -8.304596 -2.812498
v 3.701075 -7.5 -2.812498
v 3.91731 -6.695404 -2.812498
v 4.505671 -6.106205 -2.812498
v 5.310267 -5.890807 -2.812499
v 6.114864 -6.106205 -2.8125
v 6.704064 -6.695404 -2.8125
v 6.9194613 -7.5 -2.8125
v 6.704064 -8.304596 -2.8125
v 4.0 -4.125 -3.500001
v 6.0 -4.125 -3.500001
v 6.0 -3.125 -3.500001
v 4.0 -3.125 -3.500001
v 4.0 -4.125 -3.625001
v 6.0 -4.125 -3.625001
v 6.0 -3.125 -3.625001
v 4.0 -3.125 -3.625001
v 4.0 -4.125 -3.875001
v 6.0 -4.125 -3.875001
v 6.0 -3.125 -3.875001
v 4.0 -3.125 -3.875001
v 5.0 3.875 -5.500001
v 11.0 3.875 -5.500001
v 11.0 4.875 -5.500001
v 5.0 4.875 -5.500001
v 5.0 3.875 -5.625001
v 11.0 3.875 -5.625001
v 11.0 4.875 -5.625001
v 5.0 4.875 -5.625001
v 5.0 3.875 -5.875001
v 11.0 3.875 -5.875001
v 11.0 4.875 -5.875001
v 5.0 4.875 -5.875001
v 7.0 -12.125 -1.500001
v 10.0 -12.125 -1.500001
v 10.0 -11.125 -1.500001
v 7.0 -11.125 -1.500001
v 7.0 -12.125 -1.625001
v 10.0 -12.125 -1.625001
v 10.0 -11.125 -1.625001
v 7.0 -11.125 -1.625001
v 7.0 -12.125 -1.875001
v 10.0 -12.125 -1.875001
v 10.0 -11.125 -1.875001
v 7.0 -11.125 -1.875001
v 7.0 4.875 -5.500001
v 9.0 4.875 -5.500001
v 9.0 5.875 -5.500001
v 7.0 5.875 -5.500001
v 7.0 4.875 -5.625001
v 9.0 4.875 -5.625001
v 9.0 5.875 -5.625001
v 7.0 5.875 -5.625001
v 7.0 4.875 -5.875001
v 9.0 4.875 -5.875001
v 9.0 5.875 -5.875001
v 7.0 5.875 -5.875001
v 8.0 5.875 -5.500001
v 9.0 5.875 -5.500001
v 9.0 6.875 -5.500001
v 8.0 6.875 -5.500001
v 8.0 5.875 -5.625001
v 9.0 5.875 -5.625001
v 9.0 6.875 -5.625001
v 8.0 6.875 -5.625001
v 8.0 5.875 -5.875001
v 9.0 5.875 -5.875001
v 9.0 6.875 -5.875001
v 8.0 6.875 -5.875001
v 11.0 -6.125 -3.500001
v 14.0 -6.125 -3.500001
v 14.0 -5.125 -3.500001
v 11.0 -5.125 -3.500001
v 11.0 -6.125 -3.625001
v 14.0 -6.125 -3.625001
v 14.0 -5.125 -3.625001
v 11.0 -5.125 -3.625001
v 11.0 -6.125 -3.875001
v 14.0 -6.125 -3.875001
v 14.0 -5.125 -3.875001
v 11.0 -5.125 -3.875001
v 12.0 -5.125 -3.500001
v 13.0 -5.125 -3.500001
v 13.0 -3.125 -3.500001
v 12.0 -3.125 -3.500001
v 12.0 -5.125 -3.625001
v 13.0 -5.125 -3.625001
v 13.0 -3.125 -3.625001
v 12.0 -3.125 -3.625001
v 12.0 -5.125 -3.875001
v 13.0 -5.125 -3.875001
v 13.0 -3.125 -3.875001
v 12.0 -3.125 -3.875001
v 14.0 -7.125 -3.500001
v 15.0 -7.125 -3.500001
v 15.0 -6.125 -3.500001
v 14.0 -6.125 -3.500001
v 14.0 -7.125 -3.625001
v 15.0 -7.125 -3.625001
v 15.0 -6.125 -3.625001
v 14.0 -6.125 -3.625001
v 14.0 -7.125 -3.875001
v 15.0 -7.125 -3.875001
v 15.0 -6.125 -3.875001
v 14.0 -6.125 -3.875001
v -14.0 -13.0 -2.999999
v -16.0 -13.0 -2.999999
v -14.0 -16.0 -2.999999
v -16.0 -16.0 -2.999999
v -16.0 -12.2109375 -3.901367
v -16.0 -12.669921 -3.002929
v -13.0 -12.669921 -3.002929
v -13.0 -12.2109375 -3.901367
v -16.0 -12.999999 -3.0
v -13.0 -12.999999 -3.0
v -16.0 -12.2109375 -3.901367
v -13.0 -12.2109375 -3.901367
v -13.0 -11.999999 -4.0
v -16.0 -11.999999 -4.0
v -13.0 -5.0 -3.999999
v -16.0 -5.0 -3.999999
v -13.0 -12.0 -3.999999
v -16.0 -12.0 -3.999999
v -16.0 -4.210937 -4.901367
v -16.0 -4.669921 -4.0029287
v -15.0 -4.669921 -4.0029287
v -15.0 -4.210937 -4.901367
v -16.0 -4.999999 -4.0
v -15.0 -4.999999 -4.0
v -16.0 -4.210937 -4.901367
v -15.0 -4.210937 -4.901367
v -15.0 -3.999999 -5.0
v -16.0 -3.999999 -5.0
v -15.0 1.0 -4.999999
v -16.0 1.0 -4.999999
v -15.0 -4.0 -4.999999
v -16.0 -4.0 -4.999999
v -16.0 1.789063 -5.901367
v -16.0 1.3300791 -5.0029287
v -14.0 1.3300791 -5.0029287
v -14.0 1.789063 -5.901367
v -16.0 1.000001 -5.0
v -14.0 1.000001 -5.0
v -16.0 1.789063 -5.901367
v -14.0 1.789063 -5.901367
v -14.0 2.000001 -6.0
v -16.0 2.000001 -6.0
v -14.0 7.0 -5.999999
v -16.0 7.0 -5.999999
v -14.0 2.0 -5.999999
v -16.0 2.0 -5.999999
v -16.0 7.789063 -6.901367
v -16.0 7.330079 -6.0029287
v -14.0 7.330079 -6.0029287
v -14.0 7.789063 -6.901367
v -16.0 7.000001 -6.0
v -14.0 7.000001 -6.0
v -16.0 7.789063 -6.901367
v -14.0 7.789063 -6.901367
v -14.0 8.000001 -7.0
v -16.0 8.000001 -7.0
v -14.0 16.0 -6.999999
v -16.0 16.0 -6.999999
v -14.0 8.0 -6.999999
v -16.0 8.0 -6.999999
v -14.330079 -4.669922 -4.0029287
v -15.000001 -4.669922 -4.0029287
v -15.000001 -5.0 -4.0
v -14.000001 -5.0 -4.0
v -14.330079 -4.0 -4.0029287
v -14.330079 -4.669922 -4.0029287
v -14.000001 -5.0 -4.0
v -14.000001 -4.0 -4.0
v -14.330079 -4.0 -4.0029287
v -14.7890625 -4.0 -4.901367
v -14.330079 -4.669922 -4.0029287
v -14.894532 -4.1054688 -4.901367
v -15.000001 -4.210938 -4.901367
v -15.000001 -4.210938 -4.901367
v -14.894532 -4.1054688 -4.901367
v -15.000001 -4.0 -5.0
v -14.7890625 -4.0 -4.901367
v -15.000001 -4.669922 -4.0029287
v -14.330079 -4.669922 -4.0029287
v -15.000001 -4.210938 -4.901367
v -14.7890625 -4.0 -4.901367
v -14.330079 -4.0 -4.0029287
v -14.330079 -3.0 -4.0029287
v -14.7890625 -3.0 -4.901367
v -14.000001 -4.0 -4.0
v -14.000001 -3.0 -4.0
v -14.7890625 -4.0 -4.901367
v -14.7890625 -3.0 -4.901367
v -15.000001 -3.0 -5.0
v -15.000001 -4.0 -5.0
v -14.000001 -2.0 -5.0
v -15.000001 -2.0 -5.0
v -14.625001 -2.0625 -5.0
v -14.937501 -2.3125 -5.0
v -15.000001 -3.0 -5.0
v -14.937501 -2.3125 -5.0
v -15.000001 -3.0 -5.0
v -14.789063 -3.0 -4.901367
v -14.750001 -2.5 -4.901367
v -14.000001 -2.0 -5.0
v -14.625001 -2.0625 -5.0
v -14.437501 -2.25 -4.901367
v -14.000001 -2.210938 -4.901367
v -14.000001 -2.210938 -4.901367
v -14.437501 -2.25 -4.901367
v -14.000001 -2.6699219 -4.0029287
v -14.750001 -2.5 -4.901367
v -14.330079 -3.0 -4.0029287
v -14.789063 -3.0 -4.901367
v -14.330079 -3.0 -4.0029287
v -14.000001 -3.0 -4.0
v -14.000001 -2.6699219 -4.0029287
v -7.0 1.0 -4.999999
v -15.0 1.0 -4.999999
v -7.0 -2.0 -4.999999
v -15.0 -2.0 -4.999999
v -13.7890625 -16.0 -2.901367
v -13.330079 -16.0 -2.002929
v -13.330079 -15.0 -2.002929
v -13.7890625 -15.0 -2.901367
v -13.000001 -16.0 -2.0
v -13.000001 -15.0 -2.0
v -13.7890625 -16.0 -2.901367
v -13.7890625 -15.0 -2.901367
v -14.000001 -15.0 -3.0
v -14.000001 -16.0 -3.0
v -13.000001 -14.0 -3.0
v -14.000001 -14.0 -3.0
v -13.625001 -14.0625 -3.0
v -13.937501 -14.3125 -3.0
v -14.000001 -15.0 -3.0
v -13.937501 -14.3125 -3.0
v -14.000001 -15.0 -3.0
v -13.789063 -15.0 -2.901367
v -13.750001 -14.5 -2.901367
v -13.000001 -14.0 -3.0
v -13.625001 -14.0625 -3.0
v -13.437501 -14.25 -2.901367
v -13.000001 -14.2109375 -2.901367
v -13.000001 -14.2109375 -2.901367
v -13.437501 -14.25 -2.901367
v -13.000001 -14.669922 -2.002929
v -13.750001 -14.5 -2.901367
v -13.330079 -15.0 -2.002929
v -13.789063 -15.0 -2.901367
v -13.330079 -15.0 -2.002929
v -13.000001 -15.0 -2.0
v -13.000001 -14.669922 -2.002929
v -10.0 -13.0 -2.999999
v -14.0 -13.0 -2.999999
v -10.0 -14.0 -2.999999
v -14.0 -14.0 -2.999999
v -6.0 -3.0 -3.999999
v -14.0 -3.0 -3.999999
v -6.0 -5.0 -3.999999
v -14.0 -5.0 -3.999999
v -14.0 -2.210937 -4.901367
v -14.0 -2.669921 -4.0029287
v -6.0 -2.669921 -4.0029287
v -6.0 -2.210937 -4.901367
v -14.0 -2.999999 -4.0
v -6.0 -2.999999 -4.0
v -14.0 -2.210937 -4.901367
v -6.0 -2.210937 -4.901367
v -6.0 -1.999999 -5.0
v -14.0 -1.999999 -5.0
v -13.330079 1.330078 -5.0029287
v -14.000001 1.330078 -5.0029287
v -14.000001 1.0 -5.0
v -13.000001 1.0 -5.0
v -13.330079 2.0 -5.0029287
v -13.330079 1.330078 -5.0029287
v -13.000001 1.0 -5.0
v -13.000001 2.0 -5.0
v -13.330079 2.0 -5.0029287
v -13.7890625 2.0 -5.901367
v -13.330079 1.330078 -5.0029287
v -13.894532 1.894531 -5.901367
v -14.000001 1.789062 -5.901367
v -14.000001 1.789062 -5.901367
v -13.894532 1.894531 -5.901367
v -14.000001 2.0 -6.0
v -13.7890625 2.0 -5.901367
v -14.000001 1.330078 -5.0029287
v -13.330079 1.330078 -5.0029287
v -14.000001 1.789062 -5.901367
v -13.000001 3.0 -6.0
v -14.000001 3.0 -6.0
v -13.625001 2.9375 -6.0
v -13.937501 2.6875 -6.0
v -14.000001 2.0 -6.0
v -13.937501 2.6875 -6.0
v -14.000001 2.0 -6.0
v -13.789063 2.0 -5.901367
v -13.750001 2.5 -5.901367
v -13.000001 3.0 -6.0
v -13.625001 2.9375 -6.0
v -13.437501 2.75 -5.901367
v -13.000001 2.789062 -5.901367
v -13.000001 2.789062 -5.901367
v -13.437501 2.75 -5.901367
v -13.000001 2.3300781 -5.0029287
v -13.750001 2.5 -5.901367
v -13.330079 2.0 -5.0029287
v -13.789063 2.0 -5.901367
v -13.330079 2.0 -5.0029287
v -13.000001 2.0 -5.0
v -13.000001 2.3300781 -5.0029287
v -7.0 7.0 -5.999999
v -14.0 7.0 -5.999999
v -7.0 3.0 -5.999999
v -14.0 3.0 -5.999999
v -13.330079 7.330078 -6.0029287
v -14.000001 7.330078 -6.0029287
v -14.000001 7.0 -6.0
v -13.000001 7.0 -6.0
v -13.330079 8.0 -6.0029287
v -13.330079 7.330078 -6.0029287
v -13.000001 7.0 -6.0
v -13.000001 8.0 -6.0
v -13.330079 8.0 -6.0029287
v -13.7890625 8.0 -6.901367
v -13.330079 7.330078 -6.0029287
v -13.894532 7.8945312 -6.901367
v -14.000001 7.789062 -6.901367
v -14.000001 7.789062 -6.901367
v -13.894532 7.8945312 -6.901367
v -14.000001 8.0 -7.0
v -13.7890625 8.0 -6.901367
v -14.000001 7.330078 -6.0029287
v -13.330079 7.330078 -6.0029287
v -14.000001 7.789062 -6.901367
v -13.000001 9.0 -7.0
v -14.000001 9.0 -7.0
v -13.625001 8.9375 -7.0
v -13.937501 8.6875 -7.0
v -14.000001 8.0 -7.0
v -13.937501 8.6875 -7.0
v -14.000001 8.0 -7.0
v -13.789063 8.0 -6.901367
v -13.750001 8.5 -6.901367
v -13.000001 9.0 -7.0
v -13.625001 8.9375 -7.0
v -13.437501 8.75 -6.901367
v -13.000001 8.7890625 -6.901367
v -13.000001 8.7890625 -6.901367
v -13.437501 8.75 -6.901367
v -13.000001 8.330078 -6.0029287
v -13.750001 8.5 -6.901367
v -13.330079 8.0 -6.0029287
v -13.789063 8.0 -6.901367
v -13.330079 8.0 -6.0029287
v -13.000001 8.0 -6.0
v -13.000001 8.330078 -6.0029287
v -9.0 16.0 -6.999999
v -14.0 16.0 -6.999999
v -9.0 9.0 -6.999999
v -14.0 9.0 -6.999999
v -8.0 -15.0 -1.999999
v -13.0 -15.0 -1.999999
v -8.0 -16.0 -1.999999
v -13.0 -16.0 -1.999999
v -13.0 -14.2109375 -2.901367
v -13.0 -14.669921 -2.002929
v -10.0 -14.669921 -2.002929
v -10.0 -14.2109375 -2.901367
v -13.0 -14.999999 -2.0
v -10.0 -14.999999 -2.0
v -13.0 -14.2109375 -2.901367
v -10.0 -14.2109375 -2.901367
v -10.0 -13.999999 -3.0
v -13.0 -13.999999 -3.0
v -12.330079 -12.669922 -3.002929
v -13.000001 -12.669922 -3.002929
v -13.000001 -13.0 -3.0
v -12.000001 -13.0 -3.0
v -12.330079 -12.0 -3.002929
v -12.330079 -12.669922 -3.002929
v -12.000001 -13.0 -3.0
v -12.000001 -12.0 -3.0
v -12.330079 -12.0 -3.002929
v -12.7890625 -12.0 -3.901367
v -12.330079 -12.669922 -3.002929
v -12.894532 -12.105469 -3.901367
v -13.000001 -12.2109375 -3.901367
v -13.000001 -12.2109375 -3.901367
v -12.894532 -12.105469 -3.901367
v -13.000001 -12.0 -4.0
v -12.7890625 -12.0 -3.901367
v -13.000001 -12.669922 -3.002929
v -12.330079 -12.669922 -3.002929
v -13.000001 -12.2109375 -3.901367
v -12.7890625 -12.0 -3.901367
v -12.330079 -12.0 -3.002929
v -12.330079 -9.0 -3.002929
v -12.7890625 -9.0 -3.901367
v -12.000001 -12.0 -3.0
v -12.000001 -9.0 -3.0
v -12.7890625 -12.0 -3.901367
v -12.7890625 -9.0 -3.901367
v -13.000001 -9.0 -4.0
v -13.000001 -12.0 -4.0
v -12.000001 -8.0 -4.0
v -13.000001 -8.0 -4.0
v -12.625001 -8.0625 -4.0
v -12.937501 -8.3125 -4.0
v -13.000001 -9.0 -4.0
v -12.937501 -8.3125 -4.0
v -13.000001 -9.0 -4.0
v -12.789063 -9.0 -3.901367
v -12.750001 -8.5 -3.901367
v -12.000001 -8.0 -4.0
v -12.625001 -8.0625 -4.0
v -12.437501 -8.25 -3.901367
v -12.000001 -8.2109375 -3.901367
v -12.000001 -8.2109375 -3.901367
v -12.437501 -8.25 -3.901367
v -12.000001 -8.669922 -3.002929
v -12.750001 -8.5 -3.901367
v -12.330079 -9.0 -3.002929
v -12.789063 -9.0 -3.901367
v -12.330079 -9.0 -3.002929
v -12.000001 -9.0 -3.0
v -12.000001 -8.669922 -3.002929
v -10.0 -5.0 -3.999999
v -13.0 -5.0 -3.999999
v -10.0 -8.0 -3.999999
v -13.0 -8.0 -3.999999
v -5.0 2.0 -4.999999
v -13.0 2.0 -4.999999
v -5.0 1.0 -4.999999
v -13.0 1.0 -4.999999
v -13.0 2.789063 -5.901367
v -13.0 2.330079 -5.0029287
v -7.0 2.330079 -5.0029287
v -7.0 2.789063 -5.901367
v -13.0 2.000001 -5.0
v -7.0 2.000001 -5.0
v -13.0 2.789063 -5.901367
v -7.0 2.789063 -5.901367
v -7.0 3.000001 -6.0
v -13.0 3.000001 -6.0
v -5.0 8.0 -5.999999
v -13.0 8.0 -5.999999
v -5.0 7.0 -5.999999
v -13.0 7.0 -5.999999
v -13.0 8.7890625 -6.901367
v -13.0 8.330079 -6.0029287
v -9.0 8.330079 -6.0029287
v -9.0 8.7890625 -6.901367
v -13.0 8.000001 -6.0
v -9.0 8.000001 -6.0
v -13.0 8.7890625 -6.901367
v -9.0 8.7890625 -6.901367
v -9.0 9.000001 -7.0
v -13.0 9.000001 -7.0
v -10.0 -9.0 -2.999999
v -12.0 -9.0 -2.999999
v -10.0 -13.0 -2.999999
v -12.0 -13.0 -2.999999
v -12.0 -8.2109375 -3.901367
v -12.0 -8.669921 -3.002929
v -10.0 -8.669921 -3.002929
v -10.0 -8.2109375 -3.901367
v -12.0 -8.999999 -3.0
v -10.0 -8.999999 -3.0
v -12.0 -8.2109375 -3.901367
v -10.0 -8.2109375 -3.901367
v -10.0 -7.999999 -4.0
v -12.0 -7.999999 -4.0
v -9.330079 -14.669922 -2.002929
v -10.000001 -14.669922 -2.002929
v -10.000001 -15.0 -2.0
v -9.000001 -15.0 -2.0
v -9.330079 -14.0 -2.002929
v -9.330079 -14.669922 -2.002929
v -9.000001 -15.0 -2.0
v -9.000001 -14.0 -2.0
v -9.330079 -14.0 -2.002929
v -9.7890625 -14.0 -2.901367
v -9.330079 -14.669922 -2.002929
v -9.894532 -14.105469 -2.901367
v -10.000001 -14.2109375 -2.901367
v -10.000001 -14.2109375 -2.901367
v -9.894532 -14.105469 -2.901367
v -10.000001 -14.0 -3.0
v -9.7890625 -14.0 -2.901367
v -10.000001 -14.669922 -2.002929
v -9.330079 -14.669922 -2.002929
v -10.000001 -14.2109375 -2.901367
v -9.7890625 -14.0 -2.901367
v -9.330079 -14.0 -2.002929
v -9.330079 -11.0 -2.002929
v -9.7890625 -11.0 -2.901367
v -9.000001 -14.0 -2.0
v -9.000001 -11.0 -2.0
v -9.7890625 -14.0 -2.901367
v -9.7890625 -11.0 -2.901367
v -10.000001 -11.0 -3.0
v -10.000001 -14.0 -3.0
v -9.000001 -10.0 -3.0
v -10.000001 -10.0 -3.0
v -9.625001 -10.0625 -3.0
v -9.937501 -10.3125 -3.0
v -10.000001 -11.0 -3.0
v -9.937501 -10.3125 -3.0
v -10.000001 -11.0 -3.0
v -9.789063 -11.0 -2.901367
v -9.750001 -10.5 -2.901367
v -9.000001 -10.0 -3.0
v -9.625001 -10.0625 -3.0
v -9.437501 -10.25 -2.901367
v -9.000001 -10.2109375 -2.901367
v -9.000001 -10.2109375 -2.901367
v -9.437501 -10.25 -2.901367
v -9.000001 -10.669922 -2.002929
v -9.750001 -10.5 -2.901367
v -9.330079 -11.0 -2.002929
v -9.789063 -11.0 -2.901367
v -9.330079 -11.0 -2.002929
v -9.000001 -11.0 -2.0
v -9.000001 -10.669922 -2.002929
v -6.0 -9.0 -2.999999
v -10.0 -9.0 -2.999999
v -6.0 -10.0 -2.999999
v -10.0 -10.0 -2.999999
v -9.330079 -8.669922 -3.002929
v -10.000001 -8.669922 -3.002929
v -10.000001 -9.0 -3.0
v -9.000001 -9.0 -3.0
v -9.330079 -8.0 -3.002929
v -9.330079 -8.669922 -3.002929
v -9.000001 -9.0 -3.0
v -9.000001 -8.0 -3.0
v -9.330079 -8.0 -3.002929
v -9.7890625 -8.0 -3.901367
v -9.330079 -8.669922 -3.002929
v -9.894532 -8.105469 -3.901367
v -10.000001 -8.2109375 -3.901367
v -10.000001 -8.2109375 -3.901367
v -9.894532 -8.105469 -3.901367
v -10.000001 -8.0 -4.0
v -9.7890625 -8.0 -3.901367
v -10.000001 -8.669922 -3.002929
v -9.330079 -8.669922 -3.002929
v -10.000001 -8.2109375 -3.901367
v -9.7890625 -8.0 -3.901367
v -9.330079 -8.0 -3.002929
v -9.330079 -7.0 -3.002929
v -9.7890625 -7.0 -3.901367
v -9.000001 -8.0 -3.0
v -9.000001 -7.0 -3.0
v -9.7890625 -8.0 -3.901367
v -9.7890625 -7.0 -3.901367
v -10.000001 -7.0 -4.0
v -10.000001 -8.0 -4.0
v -9.000001 -6.0 -4.0
v -10.000001 -6.0 -4.0
v -9.625001 -6.0625 -4.0
v -9.937501 -6.3125 -4.0
v -10.000001 -7.0 -4.0
v -9.937501 -6.3125 -4.0
v -10.000001 -7.0 -4.0
v -9.789063 -7.0 -3.901367
v -9.750001 -6.5 -3.901367
v -9.000001 -6.0 -4.0
v -9.625001 -6.0625 -4.0
v -9.437501 -6.25 -3.901367
v -9.000001 -6.210938 -3.901367
v -9.000001 -6.210938 -3.901367
v -9.437501 -6.25 -3.901367
v -9.000001 -6.669922 -3.002929
v -9.750001 -6.5 -3.901367
v -9.330079 -7.0 -3.002929
v -9.789063 -7.0 -3.901367
v -9.330079 -7.0 -3.002929
v -9.000001 -7.0 -3.0
v -9.000001 -6.669922 -3.002929
v -2.0 -5.0 -3.999999
v -10.0 -5.0 -3.999999
v -2.0 -6.0 -3.999999
v -10.0 -6.0 -3.999999
v -8.0 -11.0 -1.999999
v -9.0 -11.0 -1.999999
v -8.0 -15.0 -1.999999
v -9.0 -15.0 -1.999999
v -9.0 -10.2109375 -2.901367
v -9.0 -10.669921 -2.002929
v -6.0 -10.669921 -2.002929
v -6.0 -10.2109375 -2.901367
v -9.0 -10.999999 -2.0
v -6.0 -10.999999 -2.0
v -9.0 -10.2109375 -2.901367
v -6.0 -10.2109375 -2.901367
v -6.0 -9.999999 -3.0
v -9.0 -9.999999 -3.0
v -1.0 -7.0 -2.999999
v -9.0 -7.0 -2.999999
v -1.0 -9.0 -2.999999
v -9.0 -9.0 -2.999999
v -9.0 -6.210937 -3.901367
v -9.0 -6.669921 -3.002929
v -2.0 -6.669921 -3.002929
v -2.0 -6.210937 -3.901367
v -9.0 -6.999999 -3.0
v -2.0 -6.999999 -3.0
v -9.0 -6.210937 -3.901367
v -2.0 -6.210937 -3.901367
v -2.0 -5.999999 -4.0
v -9.0 -5.999999 -4.0
v -8.330079 8.330078 -6.0029287
v -9.000001 8.330078 -6.0029287
v -9.000001 8.0 -6.0
v -8.000001 8.0 -6.0
v -8.330079 9.0 -6.0029287
v -8.330079 8.330078 -6.0029287
v -8.000001 8.0 -6.0
v -8.000001 9.0 -6.0
v -8.330079 9.0 -6.0029287
v -8.7890625 9.0 -6.901367
v -8.330079 8.330078 -6.0029287
v -8.894532 8.894531 -6.901367
v -9.000001 8.7890625 -6.901367
v -9.000001 8.7890625 -6.901367
v -8.894532 8.894531 -6.901367
v -9.000001 9.0 -7.0
v -8.7890625 9.0 -6.901367
v -9.000001 8.330078 -6.0029287
v -8.330079 8.330078 -6.0029287
v -9.000001 8.7890625 -6.901367
v -8.7890625 9.0 -6.901367
v -8.330079 9.0 -6.0029287
v -8.330079 10.0 -6.0029287
v -8.7890625 10.0 -6.901367
v -8.000001 9.0 -6.0
v -8.000001 10.0 -6.0
v -8.7890625 9.0 -6.901367
v -8.7890625 10.0 -6.901367
v -9.000001 10.0 -7.0
v -9.000001 9.0 -7.0
v -8.000001 11.0 -7.0
v -9.000001 11.0 -7.0
v -8.625001 10.9375 -7.0
v -8.937501 10.6875 -7.0
v -9.000001 10.0 -7.0
v -8.937501 10.6875 -7.0
v -9.000001 10.0 -7.0
v -8.789063 10.0 -6.901367
v -8.750001 10.5 -6.901367
v -8.000001 11.0 -7.0
v -8.625001 10.9375 -7.0
v -8.437501 10.75 -6.901367
v -8.000001 10.7890625 -6.901367
v -8.000001 10.7890625 -6.901367
v -8.437501 10.75 -6.901367
v -8.000001 10.330078 -6.0029287
v -8.750001 10.5 -6.901367
v -8.330079 10.0 -6.0029287
v -8.789063 10.0 -6.901367
v -8.330079 10.0 -6.0029287
v -8.000001 10.0 -6.0
v -8.000001 10.330078 -6.0029287
v -1.0 16.0 -6.999999
v -9.0 16.0 -6.999999
v -1.0 11.0 -6.999999
v -9.0 11.0 -6.999999
v -7.789063 -16.0 -1.901367
v -7.330079 -16.0 -1.002929
v -7.330079 -13.0 -1.002929
v -7.789063 -13.0 -1.901367
v -7.000001 -16.0 -1.0
v -7.000001 -13.0 -1.0
v -7.789063 -16.0 -1.901367
v -7.789063 -13.0 -1.901367
v -8.000001 -13.0 -2.0
v -8.000001 -16.0 -2.0
v -7.000001 -12.0 -2.0
v -8.000001 -12.0 -2.0
v -7.625001 -12.0625 -2.0
v -7.937501 -12.3125 -2.0
v -8.000001 -13.0 -2.0
v -7.937501 -12.3125 -2.0
v -8.000001 -13.0 -2.0
v -7.789063 -13.0 -1.901367
v -7.750001 -12.5 -1.901367
v -7.000001 -12.0 -2.0
v -7.625001 -12.0625 -2.0
v -7.437501 -12.25 -1.901367
v -7.000001 -12.2109375 -1.901367
v -7.000001 -12.2109375 -1.901367
v -7.437501 -12.25 -1.901367
v -7.000001 -12.669922 -1.002929
v -7.750001 -12.5 -1.901367
v -7.330079 -13.0 -1.002929
v -7.789063 -13.0 -1.901367
v -7.330079 -13.0 -1.002929
v -7.000001 -13.0 -1.0
v -7.000001 -12.669922 -1.002929
v 0.0 -11.0 -1.999999
v -8.0 -11.0 -1.999999
v 0.0 -12.0 -1.999999
v -8.0 -12.0 -1.999999
v 0.0 10.0 -5.999999
v -8.0 10.0 -5.999999
v 0.0 8.0 -5.999999
v -8.0 8.0 -5.999999
v -8.0 10.7890625 -6.901367
v -8.0 10.330079 -6.0029287
v 0.0 10.330079 -6.0029287
v 0.0 10.7890625 -6.901367
v -8.0 10.000001 -6.0
v 0.0 10.000001 -6.0
v -8.0 10.7890625 -6.901367
v 0.0 10.7890625 -6.901367
v 0.0 11.000001 -7.0
v -8.0 11.000001 -7.0
v -6.0 -13.0 -0.999999
v -7.0 -13.0 -0.999999
v -6.0 -16.0 -0.999999
v -7.0 -16.0 -0.999999
v -7.0 -12.2109375 -1.901367
v -7.0 -12.669921 -1.002929
v 1.0 -12.669921 -1.002929
v 1.0 -12.2109375 -1.901367
v -7.0 -12.999999 -1.0
v 1.0 -12.999999 -1.0
v -7.0 -12.2109375 -1.901367
v 1.0 -12.2109375 -1.901367
v 1.0 -11.999999 -2.0
v -7.0 -11.999999 -2.0
v -4.0 1.0 -4.999999
v -7.0 1.0 -4.999999
v -4.0 -2.0 -4.999999
v -7.0 -2.0 -4.999999
v -6.330079 2.3300781 -5.0029287
v -7.000001 2.3300781 -5.0029287
v -7.000001 2.0 -5.0
v -6.000001 2.0 -5.0
v -6.330079 3.0 -5.0029287
v -6.330079 2.3300781 -5.0029287
v -6.000001 2.0 -5.0
v -6.000001 3.0 -5.0
v -6.330079 3.0 -5.0029287
v -6.789063 3.0 -5.901367
v -6.330079 2.3300781 -5.0029287
v -6.894532 2.894531 -5.901367
v -7.000001 2.789062 -5.901367
v -7.000001 2.789062 -5.901367
v -6.894532 2.894531 -5.901367
v -7.000001 3.0 -6.0
v -6.789063 3.0 -5.901367
v -7.000001 2.3300781 -5.0029287
v -6.330079 2.3300781 -5.0029287
v -7.000001 2.789062 -5.901367
v -6.000001 4.0 -6.0
v -7.000001 4.0 -6.0
v -6.625001 3.9375 -6.0
v -6.937501 3.6875 -6.0
v -7.000001 3.0 -6.0
v -6.937501 3.6875 -6.0
v -7.000001 3.0 -6.0
v -6.789063 3.0 -5.901367
v -6.750001 3.5 -5.901367
v -6.000001 4.0 -6.0
v -6.625001 3.9375 -6.0
v -6.437501 3.75 -5.901367
v -6.000001 3.789062 -5.901367
v -6.000001 3.789062 -5.901367
v -6.437501 3.75 -5.901367
v -6.000001 3.3300781 -5.0029287
v -6.750001 3.5 -5.901367
v -6.330079 3.0 -5.0029287
v -6.789063 3.0 -5.901367
v -6.330079 3.0 -5.0029287
v -6.000001 3.0 -5.0
v -6.000001 3.3300781 -5.0029287
v 1.0 7.0 -5.999999
v -7.0 7.0 -5.999999
v 1.0 4.0 -5.999999
v -7.0 4.0 -5.999999
v 2.0 -13.0 -0.999999
v -6.0 -13.0 -0.999999
v 2.0 -14.0 -0.999999
v -6.0 -14.0 -0.999999
v -5.330079 -10.669922 -2.002929
v -6.000001 -10.669922 -2.002929
v -6.000001 -11.0 -2.0
v -5.000001 -11.0 -2.0
v -5.330079 -10.0 -2.002929
v -5.330079 -10.669922 -2.002929
v -5.000001 -11.0 -2.0
v -5.000001 -10.0 -2.0
v -5.330079 -10.0 -2.002929
v -5.789063 -10.0 -2.901367
v -5.330079 -10.669922 -2.002929
v -5.894532 -10.105469 -2.901367
v -6.000001 -10.2109375 -2.901367
v -6.000001 -10.2109375 -2.901367
v -5.894532 -10.105469 -2.901367
v -6.000001 -10.0 -3.0
v -5.789063 -10.0 -2.901367
v -6.000001 -10.669922 -2.002929
v -5.330079 -10.669922 -2.002929
v -6.000001 -10.2109375 -2.901367
v -5.000001 -9.0 -3.0
v -6.000001 -9.0 -3.0
v -5.625001 -9.0625 -3.0
v -5.937501 -9.3125 -3.0
v -6.000001 -10.0 -3.0
v -5.937501 -9.3125 -3.0
v -6.000001 -10.0 -3.0
v -5.789063 -10.0 -2.901367
v -5.750001 -9.5 -2.901367
v -5.000001 -9.0 -3.0
v -5.625001 -9.0625 -3.0
v -5.437501 -9.25 -2.901367
v -5.000001 -9.2109375 -2.901367
v -5.000001 -9.2109375 -2.901367
v -5.437501 -9.25 -2.901367
v -5.000001 -9.669922 -2.002929
v -5.750001 -9.5 -2.901367
v -5.330079 -10.0 -2.002929
v -5.789063 -10.0 -2.901367
v -5.330079 -10.0 -2.002929
v -5.000001 -10.0 -2.0
v -5.000001 -9.669922 -2.002929
v 2.0 -3.0 -3.999999
v -6.0 -3.0 -3.999999
v 2.0 -5.0 -3.999999
v -6.0 -5.0 -3.999999
v -6.0 -2.210937 -4.901367
v -6.0 -2.669921 -4.0029287
v -4.0 -2.669921 -4.0029287
v -4.0 -2.210937 -4.901367
v -6.0 -2.999999 -4.0
v -4.0 -2.999999 -4.0
v -6.0 -2.210937 -4.901367
v -4.0 -2.210937 -4.901367
v -4.0 -1.999999 -5.0
v -6.0 -1.999999 -5.0
v 2.0 3.0 -4.999999
v -6.0 3.0 -4.999999
v 2.0 2.0 -4.999999
v -6.0 2.0 -4.999999
v -6.0 3.789063 -5.901367
v -6.0 3.330079 -5.0029287
v 2.0 3.330079 -5.0029287
v 2.0 3.789063 -5.901367
v -6.0 3.000001 -5.0
v 2.0 3.000001 -5.0
v -6.0 3.789063 -5.901367
v 2.0 3.789063 -5.901367
v 2.0 4.000001 -6.0
v -6.0 4.000001 -6.0
v 3.0 -10.0 -1.999999
v -5.0 -10.0 -1.999999
v 3.0 -11.0 -1.999999
v -5.0 -11.0 -1.999999
v -5.0 -9.2109375 -2.901367
v -5.0 -9.669921 -2.002929
v 3.0 -9.669921 -2.002929
v 3.0 -9.2109375 -2.901367
v -5.0 -9.999999 -2.0
v 3.0 -9.999999 -2.0
v -5.0 -9.2109375 -2.901367
v 3.0 -9.2109375 -2.901367
v 3.0 -8.999999 -3.0
v -5.0 -8.999999 -3.0
v 3.0 2.0 -4.999999
v -5.0 2.0 -4.999999
v 3.0 1.0 -4.999999
v -5.0 1.0 -4.999999
v 3.0 8.0 -5.999999
v -5.0 8.0 -5.999999
v 3.0 7.0 -5.999999
v -5.0 7.0 -5.999999
v -3.330079 -2.6699219 -4.0029287
v -4.000001 -2.6699219 -4.0029287
v -4.000001 -3.0 -4.0
v -3.000001 -3.0 -4.0
v -3.330079 -2.0 -4.0029287
v -3.330079 -2.6699219 -4.0029287
v -3.000001 -3.0 -4.0
v -3.000001 -2.0 -4.0
v -3.330079 -2.0 -4.0029287
v -3.789063 -2.0 -4.901367
v -3.330079 -2.6699219 -4.0029287
v -3.894532 -2.105469 -4.901367
v -4.000001 -2.210938 -4.901367
v -4.000001 -2.210938 -4.901367
v -3.894532 -2.105469 -4.901367
v -4.000001 -2.0 -5.0
v -3.789063 -2.0 -4.901367
v -4.000001 -2.6699219 -4.0029287
v -3.330079 -2.6699219 -4.0029287
v -4.000001 -2.210938 -4.901367
v -3.000001 -1.0 -5.0
v -4.000001 -1.0 -5.0
v -3.625001 -1.0625 -5.0
v -3.937501 -1.3125 -5.0
v -4.000001 -2.0 -5.0
v -3.937501 -1.3125 -5.0
v -4.000001 -2.0 -5.0
v -3.789063 -2.0 -4.901367
v -3.750001 -1.5 -4.901367
v -3.000001 -1.0 -5.0
v -3.625001 -1.0625 -5.0
v -3.437501 -1.25 -4.901367
v -3.000001 -1.210938 -4.901367
v -3.000001 -1.210938 -4.901367
v -3.437501 -1.25 -4.901367
v -3.000001 -1.669922 -4.0029287
v -3.750001 -1.5 -4.901367
v -3.330079 -2.0 -4.0029287
v -3.789063 -2.0 -4.901367
v -3.330079 -2.0 -4.0029287
v -3.000001 -2.0 -4.0
v -3.000001 -1.669922 -4.0029287
v 4.0 1.0 -4.999999
v -4.0 1.0 -4.999999
v 4.0 -1.0 -4.999999
v -4.0 -1.0 -4.999999
v 5.0 -2.0 -3.999999
v -3.0 -2.0 -3.999999
v 5.0 -3.0 -3.999999
v -3.0 -3.0 -3.999999
v -3.0 -1.210937 -4.901367
v -3.0 -1.6699209 -4.0029287
v 5.0 -1.6699209 -4.0029287
v 5.0 -1.210937 -4.901367
v -3.0 -1.999999 -4.0
v 5.0 -1.999999 -4.0
v -3.0 -1.210937 -4.901367
v 5.0 -1.210937 -4.901367
v 5.0 -0.99999905 -5.0
v -3.0 -0.99999905 -5.0
v -1.330079 -6.669922 -3.002929
v -2.000001 -6.669922 -3.002929
v -2.000001 -7.0 -3.0
v -1.000001 -7.0 -3.0
v -1.330079 -6.0 -3.002929
v -1.330079 -6.669922 -3.002929
v -1.000001 -7.0 -3.0
v -1.000001 -6.0 -3.0
v -1.330079 -6.0 -3.002929
v -1.789063 -6.0 -3.901367
v -1.330079 -6.669922 -3.002929
v -1.894532 -6.1054688 -3.901367
v -2.000001 -6.210938 -3.901367
v -2.000001 -6.210938 -3.901367
v -1.894532 -6.1054688 -3.901367
v -2.000001 -6.0 -4.0
v -1.789063 -6.0 -3.901367
v -2.000001 -6.669922 -3.002929
v -1.330079 -6.669922 -3.002929
v -2.000001 -6.210938 -3.901367
v -1.000001 -5.0 -4.0
v -2.000001 -5.0 -4.0
v -1.625001 -5.0625 -4.0
v -1.937501 -5.3125 -4.0
v -2.000001 -6.0 -4.0
v -1.937501 -5.3125 -4.0
v -2.000001 -6.0 -4.0
v -1.789063 -6.0 -3.901367
v -1.750001 -5.5 -3.901367
v -1.000001 -5.0 -4.0
v -1.625001 -5.0625 -4.0
v -1.437501 -5.25 -3.901367
v -1.000001 -5.210938 -3.901367
v -1.000001 -5.210938 -3.901367
v -1.437501 -5.25 -3.901367
v -1.000001 -5.669922 -3.002929
v -1.750001 -5.5 -3.901367
v -1.3300791 -6.0 -3.002929
v -1.789063 -6.0 -3.901367
v -1.3300791 -6.0 -3.002929
v -1.000001 -6.0 -3.0
v -1.000001 -5.669922 -3.002929
v 7.0 -6.0 -2.999999
v -1.0 -6.0 -2.999999
v 7.0 -9.0 -2.999999
v -1.0 -9.0 -2.999999
v -1.0 -5.210937 -3.901367
v -1.0 -5.669921 -3.002929
v 7.0 -5.669921 -3.002929
v 7.0 -5.210937 -3.901367
v -1.0 -5.999999 -3.0
v 7.0 -5.999999 -3.0
v -1.0 -5.210937 -3.901367
v 7.0 -5.210937 -3.901367
v 7.0 -4.999999 -4.0
v -1.0 -4.999999 -4.0
v 7.0 16.0 -6.999999
v -1.0 16.0 -6.999999
v 7.0 11.0 -6.999999
v -1.0 11.0 -6.999999
v 8.0 -11.0 -1.999999
v 0.0 -11.0 -1.999999
v 8.0 -12.0 -1.999999
v 0.0 -12.0 -1.999999
v 8.0 9.0 -5.999999
v 0.0 9.0 -5.999999
v 8.0 8.0 -5.999999
v 0.0 8.0 -5.999999
v 3.0 10.0 -5.999999
v 0.0 10.0 -5.999999
v 3.0 9.0 -5.999999
v 0.0 9.0 -5.999999
v 0.0 10.7890625 -6.901367
v 0.0 10.330079 -6.0029287
v 3.0 10.330079 -6.0029287
v 3.0 10.7890625 -6.901367
v 0.0 10.000001 -6.0
v 3.0 10.000001 -6.0
v 0.0 10.7890625 -6.901367
v 3.0 10.7890625 -6.901367
v 3.0 11.000001 -7.0
v 0.0 11.000001 -7.0
v 1.0 -12.2109375 -1.901367
v 1.0 -12.669921 -1.002929
v 9.0 -12.669921 -1.002929
v 9.0 -12.2109375 -1.901367
v 1.0 -12.999999 -1.0
v 9.0 -12.999999 -1.0
v 1.0 -12.2109375 -1.901367
v 9.0 -12.2109375 -1.901367
v 9.0 -11.999999 -2.0
v 1.0 -11.999999 -2.0
v 9.0 7.0 -5.999999
v 1.0 7.0 -5.999999
v 9.0 4.0 -5.999999
v 1.0 4.0 -5.999999
v 9.0 -13.0 -0.999999
v 2.0 -13.0 -0.999999
v 9.0 -14.0 -0.999999
v 2.0 -14.0 -0.999999
v 10.0 -3.0 -3.999999
v 2.0 -3.0 -3.999999
v 10.0 -5.0 -3.999999
v 2.0 -5.0 -3.999999
v 10.0 3.0 -4.999999
v 2.0 3.0 -4.999999
v 10.0 2.0 -4.999999
v 2.0 2.0 -4.999999
v 2.0 3.789063 -5.901367
v 2.0 3.330079 -5.0029287
v 10.0 3.330079 -5.0029287
v 10.0 3.789063 -5.901367
v 2.0 3.000001 -5.0
v 10.0 3.000001 -5.0
v 2.0 3.789063 -5.901367
v 10.0 3.789063 -5.901367
v 10.0 4.000001 -6.0
v 2.0 4.000001 -6.0
v 4.0 -10.0 -1.999999
v 3.0 -10.0 -1.999999
v 4.0 -11.0 -1.999999
v 3.0 -11.0 -1.999999
v 3.0 -9.2109375 -2.901367
v 3.0 -9.669921 -2.002929
v 4.0 -9.669921 -2.002929
v 4.0 -9.2109375 -2.901367
v 3.0 -9.999999 -2.0
v 4.0 -9.999999 -2.0
v 3.0 -9.2109375 -2.901367
v 4.0 -9.2109375 -2.901367
v 4.0 -8.999999 -3.0
v 3.0 -8.999999 -3.0
v 11.0 2.0 -4.999999
v 3.0 2.0 -4.999999
v 11.0 1.0 -4.999999
v 3.0 1.0 -4.999999
v 11.0 8.0 -5.999999
v 3.0 8.0 -5.999999
v 11.0 7.0 -5.999999
v 3.0 7.0 -5.999999
v 3.3300781 9.330079 -6.0029287
v 3.3300781 10.000001 -6.0029287
v 3.0 10.000001 -6.0
v 3.0 9.000001 -6.0
v 4.0 9.330079 -6.0029287
v 3.3300781 9.330079 -6.0029287
v 3.0 9.000001 -6.0
v 4.0 9.000001 -6.0
v 4.0 9.330079 -6.0029287
v 4.0 9.7890625 -6.901367
v 3.3300781 9.330079 -6.0029287
v 3.894531 9.894532 -6.901367
v 3.789062 10.000001 -6.901367
v 3.789062 10.000001 -6.901367
v 3.894531 9.894532 -6.901367
v 4.0 10.000001 -7.0
v 4.0 9.7890625 -6.901367
v 3.3300781 10.000001 -6.0029287
v 3.3300781 9.330079 -6.0029287
v 3.789062 10.000001 -6.901367
v 4.0 10.000001 -7.0
v 4.0 11.000001 -7.0
v 3.9375 10.625001 -7.0
v 3.6875 10.937501 -7.0
v 3.0 11.000001 -7.0
v 3.6875 10.937501 -7.0
v 3.0 11.000001 -7.0
v 3.0 10.7890625 -6.901367
v 3.5 10.750001 -6.901367
v 4.0 10.000001 -7.0
v 3.9375 10.625001 -7.0
v 3.75 10.437501 -6.901367
v 3.789062 10.000001 -6.901367
v 3.789062 10.000001 -6.901367
v 3.75 10.437501 -6.901367
v 3.3300781 10.000001 -6.0029287
v 3.5 10.750001 -6.901367
v 3.0 10.330079 -6.0029287
v 3.0 10.7890625 -6.901367
v 3.0 10.330079 -6.0029287
v 3.0 10.000001 -6.0
v 3.3300781 10.000001 -6.0029287
v 4.330078 -10.669921 -2.002929
v 4.330078 -9.999999 -2.002929
v 4.0 -9.999999 -2.0
v 4.0 -10.999999 -2.0
v 5.0 -10.669921 -2.002929
v 4.330078 -10.669921 -2.002929
v 4.0 -10.999999 -2.0
v 5.0 -10.999999 -2.0
v 5.0 -10.669921 -2.002929
v 5.0 -10.2109375 -2.901367
v 4.330078 -10.669921 -2.002929
v 4.8945312 -10.105468 -2.901367
v 4.789062 -9.999999 -2.901367
v 4.789062 -9.999999 -2.901367
v 4.8945312 -10.105468 -2.901367
v 5.0 -9.999999 -3.0
v 5.0 -10.2109375 -2.901367
v 4.330078 -9.999999 -2.002929
v 4.330078 -10.669921 -2.002929
v 4.789062 -9.999999 -2.901367
v 5.0 -9.999999 -3.0
v 5.0 -8.999999 -3.0
v 4.9375 -9.374999 -3.0
v 4.6875 -9.062499 -3.0
v 4.0 -8.999999 -3.0
v 4.6875 -9.062499 -3.0
v 4.0 -8.999999 -3.0
v 4.0 -9.2109375 -2.901367
v 4.5 -9.249999 -2.901367
v 5.0 -9.999999 -3.0
v 4.9375 -9.374999 -3.0
v 4.75 -9.562499 -2.901367
v 4.789062 -9.999999 -2.901367
v 4.789062 -9.999999 -2.901367
v 4.75 -9.562499 -2.901367
v 4.330078 -9.999999 -2.002929
v 4.5 -9.249999 -2.901367
v 4.0 -9.669921 -2.002929
v 4.0 -9.2109375 -2.901367
v 4.0 -9.669921 -2.002929
v 4.0 -9.999999 -2.0
v 4.330078 -9.999999 -2.002929
v 12.0 1.0 -4.999999
v 4.0 1.0 -4.999999
v 12.0 -1.0 -4.999999
v 4.0 -1.0 -4.999999
v 4.0 9.7890625 -6.901367
v 4.0 9.330079 -6.0029287
v 12.0 9.330079 -6.0029287
v 12.0 9.7890625 -6.901367
v 4.0 9.000001 -6.0
v 12.0 9.000001 -6.0
v 4.0 9.7890625 -6.901367
v 12.0 9.7890625 -6.901367
v 12.0 10.000001 -7.0
v 4.0 10.000001 -7.0
v 12.0 11.0 -6.999999
v 4.0 11.0 -6.999999
v 12.0 10.0 -6.999999
v 4.0 10.0 -6.999999
v 5.0 -10.2109375 -2.901367
v 5.0 -10.669921 -2.002929
v 11.0 -10.669921 -2.002929
v 11.0 -10.2109375 -2.901367
v 5.0 -10.999999 -2.0
v 11.0 -10.999999 -2.0
v 5.0 -10.2109375 -2.901367
v 11.0 -10.2109375 -2.901367
v 11.0 -9.999999 -3.0
v 5.0 -9.999999 -3.0
v 13.0 -9.0 -2.999999
v 5.0 -9.0 -2.999999
v 13.0 -10.0 -2.999999
v 5.0 -10.0 -2.999999
v 11.0 -2.0 -3.999999
v 5.0 -2.0 -3.999999
v 11.0 -3.0 -3.999999
v 5.0 -3.0 -3.999999
v 5.0 -1.210937 -4.901367
v 5.0 -1.6699209 -4.0029287
v 11.0 -1.6699209 -4.0029287
v 11.0 -1.210937 -4.901367
v 5.0 -1.999999 -4.0
v 11.0 -1.999999 -4.0
v 5.0 -1.210937 -4.901367
v 11.0 -1.210937 -4.901367
v 11.0 -0.99999905 -5.0
v 5.0 -0.99999905 -5.0
v 15.0 -8.0 -2.999999
v 7.0 -8.0 -2.999999
v 15.0 -9.0 -2.999999
v 7.0 -9.0 -2.999999
v 13.0 -7.0 -2.999999
v 7.0 -7.0 -2.999999
v 13.0 -8.0 -2.999999
v 7.0 -8.0 -2.999999
v 8.0 -6.0 -2.999999
v 7.0 -6.0 -2.999999
v 8.0 -7.0 -2.999999
v 7.0 -7.0 -2.999999
v 7.0 -5.210937 -3.901367
v 7.0 -5.669921 -3.002929
v 8.0 -5.669921 -3.002929
v 8.0 -5.210937 -3.901367
v 7.0 -5.999999 -3.0
v 8.0 -5.999999 -3.0
v 7.0 -5.210937 -3.901367
v 8.0 -5.210937 -3.901367
v 8.0 -4.999999 -4.0
v 7.0 -4.999999 -4.0
v 15.0 16.0 -6.999999
v 7.0 16.0 -6.999999
v 15.0 11.0 -6.999999
v 7.0 11.0 -6.999999
v 9.0 -14.0 -0.999999
v 8.0 -14.0 -0.999999
v 9.0 -16.0 -0.999999
v 8.0 -16.0 -0.999999
v 11.0 -11.0 -1.999999
v 8.0 -11.0 -1.999999
v 11.0 -12.0 -1.999999
v 8.0 -12.0 -1.999999
v 8.330078 -6.669921 -3.002929
v 8.330078 -5.999999 -3.002929
v 8.0 -5.999999 -3.0
v 8.0 -6.999999 -3.0
v 9.0 -6.669921 -3.002929
v 8.330078 -6.669921 -3.002929
v 8.0 -6.999999 -3.0
v 9.0 -6.999999 -3.0
v 9.0 -6.669921 -3.002929
v 9.0 -6.210937 -3.901367
v 8.330078 -6.669921 -3.002929
v 8.894531 -6.105468 -3.901367
v 8.7890625 -5.999999 -3.901367
v 8.7890625 -5.999999 -3.901367
v 8.894531 -6.105468 -3.901367
v 9.0 -5.999999 -4.0
v 9.0 -6.210937 -3.901367
v 8.330078 -5.999999 -3.002929
v 8.330078 -6.669921 -3.002929
v 8.7890625 -5.999999 -3.901367
v 9.0 -5.999999 -4.0
v 9.0 -4.999999 -4.0
v 8.9375 -5.374999 -4.0
v 8.6875 -5.062499 -4.0
v 8.0 -4.999999 -4.0
v 8.6875 -5.062499 -4.0
v 8.0 -4.999999 -4.0
v 8.0 -5.210937 -3.901367
v 8.5 -5.249999 -3.901367
v 9.0 -5.999999 -4.0
v 8.9375 -5.374999 -4.0
v 8.75 -5.562499 -3.901367
v 8.7890625 -5.999999 -3.901367
v 8.7890625 -5.999999 -3.901367
v 8.75 -5.562499 -3.901367
v 8.330078 -5.999999 -3.002929
v 8.5 -5.249999 -3.901367
v 8.0 -5.669921 -3.002929
v 8.0 -5.210937 -3.901367
v 8.0 -5.669921 -3.002929
v 8.0 -5.999999 -3.0
v 8.330078 -5.999999 -3.002929
v 12.0 9.0 -5.999999
v 8.0 9.0 -5.999999
v 12.0 8.0 -5.999999
v 8.0 8.0 -5.999999
v 9.7890625 -13.0 -1.901367
v 9.330079 -13.0 -1.002929
v 9.330079 -16.0 -1.002929
v 9.7890625 -16.0 -1.901367
v 9.000001 -13.0 -1.0
v 9.000001 -16.0 -1.0
v 9.7890625 -13.0 -1.901367
v 9.7890625 -16.0 -1.901367
v 10.000001 -16.0 -2.0
v 10.000001 -13.0 -2.0
v 10.0 -12.999999 -2.0
v 10.0 -11.999999 -2.0
v 9.9375 -12.374999 -2.0
v 9.6875 -12.062499 -2.0
v 9.0 -11.999999 -2.0
v 9.6875 -12.062499 -2.0
v 9.0 -11.999999 -2.0
v 9.0 -12.2109375 -1.901367
v 9.5 -12.249999 -1.901367
v 10.0 -12.999999 -2.0
v 9.9375 -12.374999 -2.0
v 9.75 -12.562499 -1.901367
v 9.7890625 -12.999999 -1.901367
v 9.7890625 -12.999999 -1.901367
v 9.75 -12.562499 -1.901367
v 9.330078 -12.999999 -1.002929
v 9.5 -12.249999 -1.901367
v 9.0 -12.669921 -1.002929
v 9.0 -12.2109375 -1.901367
v 9.0 -12.669921 -1.002929
v 9.0 -12.999999 -1.0
v 9.330078 -12.999999 -1.002929
v 9.0 -6.210937 -3.901367
v 9.0 -6.669921 -3.002929
v 13.0 -6.669921 -3.002929
v 13.0 -6.210937 -3.901367
v 9.0 -6.999999 -3.0
v 13.0 -6.999999 -3.0
v 9.0 -6.210937 -3.901367
v 13.0 -6.210937 -3.901367
v 13.0 -5.999999 -4.0
v 9.0 -5.999999 -4.0
v 16.0 -5.0 -3.999999
v 9.0 -5.0 -3.999999
v 16.0 -6.0 -3.999999
v 9.0 -6.0 -3.999999
v 16.0 7.0 -5.999999
v 9.0 7.0 -5.999999
v 16.0 4.0 -5.999999
v 9.0 4.0 -5.999999
v 16.0 -15.0 -1.999999
v 10.0 -15.0 -1.999999
v 16.0 -16.0 -1.999999
v 10.0 -16.0 -1.999999
v 11.0 -12.0 -1.999999
v 10.0 -12.0 -1.999999
v 11.0 -15.0 -1.999999
v 10.0 -15.0 -1.999999
v 16.0 -3.0 -3.999999
v 10.0 -3.0 -3.999999
v 16.0 -5.0 -3.999999
v 10.0 -5.0 -3.999999
v 11.0 3.0 -4.999999
v 10.0 3.0 -4.999999
v 11.0 2.0 -4.999999
v 10.0 2.0 -4.999999
v 10.0 3.789063 -5.901367
v 10.0 3.330079 -5.0029287
v 11.0 3.330079 -5.0029287
v 11.0 3.789063 -5.901367
v 10.0 3.000001 -5.0
v 11.0 3.000001 -5.0
v 10.0 3.789063 -5.901367
v 11.0 3.789063 -5.901367
v 11.0 4.000001 -6.0
v 10.0 4.000001 -6.0
v 12.0 -13.0 -1.999999
v 11.0 -13.0 -1.999999
v 12.0 -15.0 -1.999999
v 11.0 -15.0 -1.999999
v 11.330078 -12.669921 -2.002929
v 11.330078 -11.999999 -2.002929
v 11.0 -11.999999 -2.0
v 11.0 -12.999999 -2.0
v 12.0 -12.669921 -2.002929
v 11.330078 -12.669921 -2.002929
v 11.0 -12.999999 -2.0
v 12.0 -12.999999 -2.0
v 12.0 -12.669921 -2.002929
v 12.0 -12.2109375 -2.901367
v 11.330078 -12.669921 -2.002929
v 11.894531 -12.105468 -2.901367
v 11.7890625 -11.999999 -2.901367
v 11.7890625 -11.999999 -2.901367
v 11.894531 -12.105468 -2.901367
v 12.0 -11.999999 -3.0
v 12.0 -12.2109375 -2.901367
v 11.330078 -11.999999 -2.002929
v 11.330078 -12.669921 -2.002929
v 11.7890625 -11.999999 -2.901367
v 11.7890625 -11.0 -2.901367
v 11.330079 -11.0 -2.002929
v 11.330079 -12.0 -2.002929
v 11.7890625 -12.0 -2.901367
v 11.000001 -11.0 -2.0
v 11.000001 -12.0 -2.0
v 11.7890625 -11.0 -2.901367
v 11.7890625 -12.0 -2.901367
v 12.000001 -12.0 -3.0
v 12.000001 -11.0 -3.0
v 12.0 -10.999999 -3.0
v 12.0 -9.999999 -3.0
v 11.9375 -10.374999 -3.0
v 11.6875 -10.062499 -3.0
v 11.0 -9.999999 -3.0
v 11.6875 -10.062499 -3.0
v 11.0 -9.999999 -3.0
v 11.0 -10.2109375 -2.901367
v 11.5 -10.249999 -2.901367
v 12.0 -10.999999 -3.0
v 11.9375 -10.374999 -3.0
v 11.75 -10.562499 -2.901367
v 11.7890625 -10.999999 -2.901367
v 11.7890625 -10.999999 -2.901367
v 11.75 -10.562499 -2.901367
v 11.330078 -10.999999 -2.002929
v 11.5 -10.249999 -2.901367
v 11.0 -10.669921 -2.002929
v 11.0 -10.2109375 -2.901367
v 11.0 -10.669921 -2.002929
v 11.0 -10.999999 -2.0
v 11.330078 -10.999999 -2.002929
v 11.330078 -2.669921 -4.0029287
v 11.330078 -1.999999 -4.0029287
v 11.0 -1.999999 -4.0
v 11.0 -2.999999 -4.0
v 12.0 -2.669921 -4.0029287
v 11.330078 -2.669921 -4.0029287
v 11.0 -2.999999 -4.0
v 12.0 -2.999999 -4.0
v 12.0 -2.669921 -4.0029287
v 12.0 -2.210937 -4.901367
v 11.330078 -2.669921 -4.0029287
v 11.894531 -2.105468 -4.901367
v 11.7890625 -1.999999 -4.901367
v 11.7890625 -1.999999 -4.901367
v 11.894531 -2.105468 -4.901367
v 12.0 -1.999999 -5.0
v 12.0 -2.210937 -4.901367
v 11.330078 -1.999999 -4.0029287
v 11.330078 -2.669921 -4.0029287
v 11.7890625 -1.999999 -4.901367
v 12.0 -1.999999 -5.0
v 12.0 -0.99999905 -5.0
v 11.9375 -1.374999 -5.0
v 11.6875 -1.062499 -5.0
v 11.0 -0.99999905 -5.0
v 11.6875 -1.062499 -5.0
v 11.0 -0.99999905 -5.0
v 11.0 -1.210937 -4.901367
v 11.5 -1.249999 -4.901367
v 12.0 -1.999999 -5.0
v 11.9375 -1.374999 -5.0
v 11.75 -1.562499 -4.901367
v 11.7890625 -1.999999 -4.901367
v 11.7890625 -1.999999 -4.901367
v 11.75 -1.562499 -4.901367
v 11.330078 -1.999999 -4.0029287
v 11.5 -1.249999 -4.901367
v 11.0 -1.6699209 -4.0029287
v 11.0 -1.210937 -4.901367
v 11.0 -1.6699209 -4.0029287
v 11.0 -1.999999 -4.0
v 11.330078 -1.999999 -4.0029287
v 16.0 2.0 -4.999999
v 11.0 2.0 -4.999999
v 16.0 1.0 -4.999999
v 11.0 1.0 -4.999999
v 11.330078 2.330079 -5.0029287
v 11.330078 3.000001 -5.0029287
v 11.0 3.000001 -5.0
v 11.0 2.000001 -5.0
v 12.0 2.330079 -5.0029287
v 11.330078 2.330079 -5.0029287
v 11.0 2.000001 -5.0
v 12.0 2.000001 -5.0
v 12.0 2.330079 -5.0029287
v 12.0 2.789063 -5.901367
v 11.330078 2.330079 -5.0029287
v 11.894531 2.894532 -5.901367
v 11.7890625 3.000001 -5.901367
v 11.7890625 3.000001 -5.901367
v 11.894531 2.894532 -5.901367
v 12.0 3.000001 -6.0
v 12.0 2.789063 -5.901367
v 11.330078 3.000001 -5.0029287
v 11.330078 2.330079 -5.0029287
v 11.7890625 3.000001 -5.901367
v 12.0 3.000001 -6.0
v 12.0 4.000001 -6.0
v 11.9375 3.625001 -6.0
v 11.6875 3.937501 -6.0
v 11.0 4.000001 -6.0
v 11.6875 3.937501 -6.0
v 11.0 4.000001 -6.0
v 11.0 3.789063 -5.901367
v 11.5 3.750001 -5.901367
v 12.0 3.000001 -6.0
v 11.9375 3.625001 -6.0
v 11.75 3.437501 -5.901367
v 11.7890625 3.000001 -5.901367
v 11.7890625 3.000001 -5.901367
v 11.75 3.437501 -5.901367
v 11.330078 3.000001 -5.0029287
v 11.5 3.750001 -5.901367
v 11.0 3.330079 -5.0029287
v 11.0 3.789063 -5.901367
v 11.0 3.330079 -5.0029287
v 11.0 3.000001 -5.0
v 11.330078 3.000001 -5.0029287
v 16.0 8.0 -5.999999
v 11.0 8.0 -5.999999
v 16.0 7.0 -5.999999
v 11.0 7.0 -5.999999
v 12.330078 -14.669921 -2.002929
v 12.330078 -13.999999 -2.002929
v 12.0 -13.999999 -2.0
v 12.0 -14.999999 -2.0
v 13.0 -14.669921 -2.002929
v 12.330078 -14.669921 -2.002929
v 12.0 -14.999999 -2.0
v 13.0 -14.999999 -2.0
v 13.0 -14.669921 -2.002929
v 13.0 -14.2109375 -2.901367
v 12.330078 -14.669921 -2.002929
v 12.894531 -14.105468 -2.901367
v 12.7890625 -13.999999 -2.901367
v 12.7890625 -13.999999 -2.901367
v 12.894531 -14.105468 -2.901367
v 13.0 -13.999999 -3.0
v 13.0 -14.2109375 -2.901367
v 12.330078 -13.999999 -2.002929
v 12.330078 -14.669921 -2.002929
v 12.7890625 -13.999999 -2.901367
v 12.7890625 -13.0 -2.901367
v 12.330079 -13.0 -2.002929
v 12.330079 -14.0 -2.002929
v 12.7890625 -14.0 -2.901367
v 12.000001 -13.0 -2.0
v 12.000001 -14.0 -2.0
v 12.7890625 -13.0 -2.901367
v 12.7890625 -14.0 -2.901367
v 13.000001 -14.0 -3.0
v 13.000001 -13.0 -3.0
v 13.0 -12.999999 -3.0
v 13.0 -11.999999 -3.0
v 12.9375 -12.374999 -3.0
v 12.6875 -12.062499 -3.0
v 12.0 -11.999999 -3.0
v 12.6875 -12.062499 -3.0
v 12.0 -11.999999 -3.0
v 12.0 -12.2109375 -2.901367
v 12.5 -12.249999 -2.901367
v 13.0 -12.999999 -3.0
v 12.9375 -12.374999 -3.0
v 12.75 -12.562499 -2.901367
v 12.7890625 -12.999999 -2.901367
v 12.7890625 -12.999999 -2.901367
v 12.75 -12.562499 -2.901367
v 12.330078 -12.999999 -2.002929
v 12.5 -12.249999 -2.901367
v 12.0 -12.669921 -2.002929
v 12.0 -12.2109375 -2.901367
v 12.0 -12.669921 -2.002929
v 12.0 -12.999999 -2.0
v 12.330078 -12.999999 -2.002929
v 16.0 -10.0 -2.999999
v 12.0 -10.0 -2.999999
v 16.0 -12.0 -2.999999
v 12.0 -12.0 -2.999999
v 12.0 -2.210937 -4.901367
v 12.0 -2.669921 -4.0029287
v 16.0 -2.669921 -4.0029287
v 16.0 -2.210937 -4.901367
v 12.0 -2.999999 -4.0
v 16.0 -2.999999 -4.0
v 12.0 -2.210937 -4.901367
v 16.0 -2.210937 -4.901367
v 16.0 -1.999999 -5.0
v 12.0 -1.999999 -5.0
v 16.0 1.0 -4.999999
v 12.0 1.0 -4.999999
v 16.0 -2.0 -4.999999
v 12.0 -2.0 -4.999999
v 12.0 2.789063 -5.901367
v 12.0 2.330079 -5.0029287
v 16.0 2.330079 -5.0029287
v 16.0 2.789063 -5.901367
v 12.0 2.000001 -5.0
v 16.0 2.000001 -5.0
v 12.0 2.789063 -5.901367
v 16.0 2.789063 -5.901367
v 16.0 3.000001 -6.0
v 12.0 3.000001 -6.0
v 16.0 4.0 -5.999999
v 12.0 4.0 -5.999999
v 16.0 3.0 -5.999999
v 12.0 3.0 -5.999999
v 12.330078 8.330079 -6.0029287
v 12.330078 9.000001 -6.0029287
v 12.0 9.000001 -6.0
v 12.0 8.000001 -6.0
v 13.0 8.330079 -6.0029287
v 12.330078 8.330079 -6.0029287
v 12.0 8.000001 -6.0
v 13.0 8.000001 -6.0
v 13.0 8.330079 -6.0029287
v 13.0 8.7890625 -6.901367
v 12.330078 8.330079 -6.0029287
v 12.894531 8.894532 -6.901367
v 12.7890625 9.000001 -6.901367
v 12.7890625 9.000001 -6.901367
v 12.894531 8.894532 -6.901367
v 13.0 9.000001 -7.0
v 13.0 8.7890625 -6.901367
v 12.330078 9.000001 -6.0029287
v 12.330078 8.330079 -6.0029287
v 12.7890625 9.000001 -6.901367
v 13.0 9.000001 -7.0
v 13.0 10.000001 -7.0
v 12.9375 9.625001 -7.0
v 12.6875 9.937501 -7.0
v 12.0 10.000001 -7.0
v 12.6875 9.937501 -7.0
v 12.0 10.000001 -7.0
v 12.0 9.7890625 -6.901367
v 12.5 9.750001 -6.901367
v 13.0 9.000001 -7.0
v 12.9375 9.625001 -7.0
v 12.75 9.437501 -6.901367
v 12.7890625 9.000001 -6.901367
v 12.7890625 9.000001 -6.901367
v 12.75 9.437501 -6.901367
v 12.330078 9.000001 -6.0029287
v 12.5 9.750001 -6.901367
v 12.0 9.330079 -6.0029287
v 12.0 9.7890625 -6.901367
v 12.0 9.330079 -6.0029287
v 12.0 9.000001 -6.0
v 12.330078 9.000001 -6.0029287
v 16.0 11.0 -6.999999
v 12.0 11.0 -6.999999
v 16.0 10.0 -6.999999
v 12.0 10.0 -6.999999
v 13.0 -14.2109375 -2.901367
v 13.0 -14.669921 -2.002929
v 16.0 -14.669921 -2.002929
v 16.0 -14.2109375 -2.901367
v 13.0 -14.999999 -2.0
v 16.0 -14.999999 -2.0
v 13.0 -14.2109375 -2.901367
v 16.0 -14.2109375 -2.901367
v 16.0 -13.999999 -3.0
v 13.0 -13.999999 -3.0
v 16.0 -12.0 -2.999999
v 13.0 -12.0 -2.999999
v 16.0 -14.0 -2.999999
v 13.0 -14.0 -2.999999
v 16.0 -9.0 -2.999999
v 13.0 -9.0 -2.999999
v 16.0 -10.0 -2.999999
v 13.0 -10.0 -2.999999
v 13.330078 -7.669921 -3.002929
v 13.330078 -6.999999 -3.002929
v 13.0 -6.999999 -3.0
v 13.0 -7.999999 -3.0
v 14.0 -7.669921 -3.002929
v 13.330078 -7.669921 -3.002929
v 13.0 -7.999999 -3.0
v 14.0 -7.999999 -3.0
v 14.0 -7.669921 -3.002929
v 14.0 -7.210937 -3.901367
v 13.330078 -7.669921 -3.002929
v 13.894531 -7.105468 -3.901367
v 13.7890625 -6.999999 -3.901367
v 13.7890625 -6.999999 -3.901367
v 13.894531 -7.105468 -3.901367
v 14.0 -6.999999 -4.0
v 14.0 -7.210937 -3.901367
v 13.330078 -6.999999 -3.002929
v 13.330078 -7.669921 -3.002929
v 13.7890625 -6.999999 -3.901367
v 14.0 -6.999999 -4.0
v 14.0 -5.999999 -4.0
v 13.9375 -6.374999 -4.0
v 13.6875 -6.062499 -4.0
v 13.0 -5.999999 -4.0
v 13.6875 -6.062499 -4.0
v 13.0 -5.999999 -4.0
v 13.0 -6.210937 -3.901367
v 13.5 -6.249999 -3.901367
v 14.0 -6.999999 -4.0
v 13.9375 -6.374999 -4.0
v 13.75 -6.562499 -3.901367
v 13.7890625 -6.999999 -3.901367
v 13.7890625 -6.999999 -3.901367
v 13.75 -6.562499 -3.901367
v 13.330078 -6.999999 -3.002929
v 13.5 -6.249999 -3.901367
v 13.0 -6.669921 -3.002929
v 13.0 -6.210937 -3.901367
v 13.0 -6.669921 -3.002929
v 13.0 -6.999999 -3.0
v 13.330078 -6.999999 -3.002929
v 13.0 8.7890625 -6.901367
v 13.0 8.330079 -6.0029287
v 16.0 8.330079 -6.0029287
v 16.0 8.7890625 -6.901367
v 13.0 8.000001 -6.0
v 16.0 8.000001 -6.0
v 13.0 8.7890625 -6.901367
v 16.0 8.7890625 -6.901367
v 16.0 9.000001 -7.0
v 13.0 9.000001 -7.0
v 16.0 10.0 -6.999999
v 13.0 10.0 -6.999999
v 16.0 9.0 -6.999999
v 13.0 9.0 -6.999999
v 14.0 -7.210937 -3.901367
v 14.0 -7.669921 -3.002929
v 16.0 -7.669921 -3.002929
v 16.0 -7.210937 -3.901367
v 14.0 -7.999999 -3.0
v 16.0 -7.999999 -3.0
v 14.0 -7.210937 -3.901367
v 16.0 -7.210937 -3.901367
v 16.0 -6.999999 -4.0
v 14.0 -6.999999 -4.0
v 16.0 -6.0 -3.999999
v 14.0 -6.0 -3.999999
v 16.0 -7.0 -3.999999
v 14.0 -7.0 -3.999999
v 16.0 -8.0 -2.999999
v 15.0 -8.0 -2.999999
v 16.0 -9.0 -2.999999
v 15.0 -9.0 -2.999999
v 16.0 16.0 -6.999999
v 15.0 16.0 -6.999999
v 16.0 11.0 -6.999999
v 15.0 11.0 -6.999999
v -8.0 -16.000008 -0.6875
v -8.0 -7.9999924 -0.687499
v -16.0 -7.9999924 -0.687499
v -16.0 -16.000008 -0.6875
v -8.0 -8.000008 -0.6875
v -8.0 7.6293945E-6 -0.687499
v -16.0 7.6293945E-6 -0.687499
v -16.0 -8.000008 -0.6875
v -8.0 -8.106232E-6 -0.6875
v -8.0 8.000008 -0.687499
v -16.0 8.000008 -0.687499
v -16.0 -8.106232E-6 -0.6875
v -8.0 7.999992 -0.6875
v -8.0 16.000008 -0.687499
v -16.0 16.000008 -0.687499
v -16.0 7.999992 -0.6875
v 0.0 -16.000008 -0.6875
v 0.0 -7.9999924 -0.687499
v -8.0 -7.9999924 -0.687499
v -8.0 -16.000008 -0.6875
v 0.0 -8.000008 -0.6875
v 0.0 7.6293945E-6 -0.687499
v -8.0 7.6293945E-6 -0.687499
v -8.0 -8.000008 -0.6875
v 0.0 -8.106232E-6 -0.6875
v 0.0 8.000008 -0.687499
v -8.0 8.000008 -0.687499
v -8.0 -8.106232E-6 -0.6875
v 0.0 7.999992 -0.6875
v 0.0 16.000008 -0.687499
v -8.0 16.000008 -0.687499
v -8.0 7.999992 -0.6875
v 8.0 -16.000008 -0.6875
v 8.0 -7.9999924 -0.687499
v 0.0 -7.9999924 -0.687499
v 0.0 -16.000008 -0.6875
v 8.0 -8.000008 -0.6875
v 8.0 7.6293945E-6 -0.687499
v 0.0 7.6293945E-6 -0.687499
v 0.0 -8.000008 -0.6875
v 8.0 -8.106232E-6 -0.6875
v 8.0 8.000008 -0.687499
v 0.0 8.000008 -0.687499
v 0.0 -8.106232E-6 -0.6875
v 8.0 7.999992 -0.6875
v 8.0 16.000008 -0.687499
v 0.0 16.000008 -0.687499
v 0.0 7.999992 -0.6875
v 16.0 -16.000008 -0.6875
v 16.0 -7.9999924 -0.687499
v 8.0 -7.9999924 -0.687499
v 8.0 -16.000008 -0.6875
v 16.0 -8.000008 -0.6875
v 16.0 7.6293945E-6 -0.687499
v 8.0 7.6293945E-6 -0.687499
v 8.0 -8.000008 -0.6875
v 16.0 -8.106232E-6 -0.6875
v 16.0 8.000008 -0.687499
v 8.0 8.000008 -0.687499
v 8.0 -8.106232E-6 -0.6875
v 16.0 7.999992 -0.6875
v 16.0 16.000008 -0.687499
v 8.0 16.000008 -0.687499
v 8.0 7.999992 -0.6875
vt -1.5 -1.0
vt -1.5 -1.0
vt 0.5 -1.0
vt 0.5 -1.0
vt -0.5 0.0
vt -1.5 -1.0
vt 0.5 -1.0
vt 0.5 -1.0
vt -1.5 -1.0
vt -1.5 -1.0
vt -0.5 1.0
vt 1.0 1.0
vt 2.0 0.03125
vt -0.5 0.03125
vt 0.0 1.0
vt 1.5 1.0
vt 1.5 0.03125
vt -1.0 0.03125
vt 1.0 -0.34375
vt 2.0 -0.375
vt 1.0 -0.125
vt 3.0 -0.125
vt 3.0 0.0
vt 1.0 0.0
vt 1.0 -0.125
vt 3.0 -0.125
vt 3.0 -0.125
vt 2.0 -0.375
vt 3.0 -0.34375
vt 0.0 0.0
vt 0.0 -1.0
vt 8.0 -1.0
vt 8.0 0.0
vt 0.0 -1.0
vt 8.0 -1.0
vt 8.0 0.03125
vt 0.0 0.03125
vt 0.0 1.0
vt 8.0 1.0
vt 8.0 0.65625
vt 8.0 0.875
vt 0.0 0.875
vt 0.0 0.65625
vt 8.0 -0.125
vt 8.0 0.0
vt 0.0 0.0
vt 0.0 -0.125
vt 0.0 0.0
vt 0.0 -1.0
vt 2.0 -1.0
vt 2.0 0.0
vt 0.0 -1.0
vt 2.0 -1.0
vt 2.0 0.03125
vt 0.0 0.03125
vt 0.0 1.0
vt 2.0 1.0
vt 2.0 0.65625
vt 2.0 0.875
vt 0.0 0.875
vt 0.0 0.65625
vt 2.0 -0.125
vt 2.0 0.0
vt 0.0 0.0
vt 0.0 -0.125
vt -1.5 -1.0
vt -1.5 -1.0
vt 0.5 -1.0
vt 0.5 -1.0
vt -0.5 0.0
vt -1.5 -1.0
vt 0.5 -1.0
vt 0.5 -1.0
vt -1.5 -1.0
vt -1.5 -1.0
vt -0.5 1.0
vt 1.0 1.0
vt 2.0 0.03125
vt -0.5 0.03125
vt 0.0 1.0
vt 1.5 1.0
vt 1.5 0.03125
vt -1.0 0.03125
vt 1.0 -0.34375
vt 2.0 -0.375
vt 1.0 -0.125
vt 3.0 -0.125
vt 3.0 0.0
vt 1.0 0.0
vt 1.0 -0.125
vt 3.0 -0.125
vt 3.0 -0.125
vt 2.0 -0.375
vt 3.0 -0.34375
vt 0.542969 -0.62793
vt 0.189453 -0.62793
vt 0.34375 -0.1875
vt 0.542969 -0.1875
vt 0.042969 -0.62793
vt 0.144531 -0.977539
vt -0.019531 -0.977539
vt 0.895508 -0.62793
vt 0.94043 -0.977539
vt 1.105469 -0.977539
vt 1.106445 -0.457031
vt 0.94043 -0.977539
vt 0.542969 -0.977539
vt 0.895508 -0.62793
vt 0.261719 -0.1875
vt 0.741211 -0.1875
vt 0.34375 -0.1875
vt 0.144531 -0.977539
vt 0.542969 -0.977539
vt 0.722656 -0.442383
vt 0.542969 0.0
vt 1.000977 -0.420898
vt 0.99707 -0.575195
vt 0.685547 -0.015625
vt 0.321289 -0.06543
vt 0.420898 -0.204102
vt 1.004883 -0.558594
vt 0.879883 -0.181641
vt 1.0 -0.990234
vt 0.5 0.570312
vt 0.0 -0.990234
vt 1.0 -0.990234
vt 0.0 -0.990234
vt 1.0 -0.990234
vt 0.0 -0.990234
vt 1.0 -0.990234
vt 0.0 -0.990234
vt 1.0 -0.990234
vt 0.0 -0.990234
vt 1.0 -0.990234
vt 0.0 -0.990234
vt 1.0 -0.990234
vt 0.0 -0.990234
vt 1.0 -0.990234
vt 0.0 -0.990234
vt 1.0 -0.990234
vt 0.0 -0.990234
vt 1.0 -0.990234
vt 0.0 -0.990234
vt 1.0 -0.990234
vt 0.0 -0.990234
vt 1.0 -0.990234
vt 0.0 -0.990234
vt 0.542969 -0.62793
vt 0.189453 -0.62793
vt 0.34375 -0.1875
vt 0.542969 -0.1875
vt 0.042969 -0.62793
vt 0.144531 -0.977539
vt -0.019531 -0.977539
vt 0.895508 -0.62793
vt 0.94043 -0.977539
vt 1.105469 -0.977539
vt 1.106445 -0.457031
vt 0.94043 -0.977539
vt 0.542969 -0.977539
vt 0.895508 -0.62793
vt 0.261719 -0.1875
vt 0.741211 -0.1875
vt 0.34375 -0.1875
vt 0.144531 -0.977539
vt 0.542969 -0.977539
vt 0.722656 -0.442383
vt 0.542969 0.0
vt 1.000977 -0.420898
vt 0.99707 -0.575195
vt 0.685547 -0.015625
vt 0.321289 -0.06543
vt 0.420898 -0.204102
vt 1.004883 -0.558594
vt 0.879883 -0.181641
vt 1.0 -0.990234
vt 0.5 0.570312
vt 0.0 -0.990234
vt 1.0 -0.990234
vt 0.0 -0.990234
vt 1.0 -0.990234
vt 0.0 -0.990234
vt 1.0 -0.990234
vt 0.0 -0.990234
vt 1.0 -0.990234
vt 0.0 -0.990234
vt 1.0 -0.990234
vt 0.0 -0.990234
vt 1.0 -0.990234
vt 0.0 -0.990234
vt 1.0 -0.990234
vt 0.0 -0.990234
vt 1.0 -0.990234
vt 0.0 -0.990234
vt 1.0 -0.990234
vt 0.0 -0.990234
vt 1.0 -0.990234
vt 0.0 -0.990234
vt 1.0 -0.990234
vt 0.0 -0.990234
vt 0.542969 -0.62793
vt 0.189453 -0.62793
vt 0.34375 -0.1875
vt 0.542969 -0.1875
vt 0.042969 -0.62793
vt 0.144531 -0.977539
vt -0.019531 -0.977539
vt 0.895508 -0.62793
vt 0.94043 -0.977539
vt 1.105469 -0.977539
vt 1.106445 -0.457031
vt 0.94043 -0.977539
vt 0.542969 -0.977539
vt 0.895508 -0.62793
vt 0.261719 -0.1875
vt 0.741211 -0.1875
vt 0.34375 -0.1875
vt 0.144531 -0.977539
vt 0.542969 -0.977539
vt 0.722656 -0.442383
vt 0.542969 0.0
vt 1.000977 -0.420898
vt 0.99707 -0.575195
vt 0.685547 -0.015625
vt 0.321289 -0.06543
vt 0.420898 -0.204102
vt 1.004883 -0.558594
vt 0.879883 -0.181641
vt 1.0 -0.990234
vt 0.5 0.570312
vt 0.0 -0.990234
vt 1.0 -0.990234
vt 0.0 -0.990234
vt 1.0 -0.990234
vt 0.0 -0.990234
vt 1.0 -0.990234
vt 0.0 -0.990234
vt 1.0 -0.990234
vt 0.0 -0.990234
vt 1.0 -0.990234
vt 0.0 -0.990234
vt 1.0 -0.990234
vt 0.0 -0.990234
vt 1.0 -0.990234
vt 0.0 -0.990234
vt 1.0 -0.990234
vt 0.0 -0.990234
vt 1.0 -0.990234
vt 0.0 -0.990234
vt 1.0 -0.990234
vt 0.0 -0.990234
vt 1.0 -0.990234
vt 0.0 -0.990234
vt 0.542969 -0.62793
vt 0.189453 -0.62793
vt 0.34375 -0.1875
vt 0.542969 -0.1875
vt 0.042969 -0.62793
vt 0.144531 -0.977539
vt -0.019531 -0.977539
vt 0.895508 -0.62793
vt 0.94043 -0.977539
vt 1.105469 -0.977539
vt 1.106445 -0.457031
vt 0.94043 -0.977539
vt 0.542969 -0.977539
vt 0.895508 -0.62793
vt 0.261719 -0.1875
vt 0.741211 -0.1875
vt 0.34375 -0.1875
vt 0.144531 -0.977539
vt 0.542969 -0.977539
vt 0.722656 -0.442383
vt 0.542969 0.0
vt 1.000977 -0.420898
vt 0.99707 -0.575195
vt 0.685547 -0.015625
vt 0.321289 -0.06543
vt 0.420898 -0.204102
vt 1.004883 -0.558594
vt 0.879883 -0.181641
vt 1.0 -0.990234
vt 0.5 0.570312
vt 0.0 -0.990234
vt 1.0 -0.990234
vt 0.0 -0.990234
vt 1.0 -0.990234
vt 0.0 -0.990234
vt 1.0 -0.990234
vt 0.0 -0.990234
vt 1.0 -0.990234
vt 0.0 -0.990234
vt 1.0 -0.990234
vt 0.0 -0.990234
vt 1.0 -0.990234
vt 0.0 -0.990234
vt 1.0 -0.990234
vt 0.0 -0.990234
vt 1.0 -0.990234
vt 0.0 -0.990234
vt 1.0 -0.990234
vt 0.0 -0.990234
vt 1.0 -0.990234
vt 0.0 -0.990234
vt 1.0 -0.990234
vt 0.0 -0.990234
vt 0.542969 -0.62793
vt 0.189453 -0.62793
vt 0.34375 -0.1875
vt 0.542969 -0.1875
vt 0.042969 -0.62793
vt 0.144531 -0.977539
vt -0.019531 -0.977539
vt 0.895508 -0.62793
vt 0.94043 -0.977539
vt 1.105469 -0.977539
vt 1.106445 -0.457031
vt 0.94043 -0.977539
vt 0.542969 -0.977539
vt 0.895508 -0.62793
vt 0.261719 -0.1875
vt 0.741211 -0.1875
vt 0.34375 -0.1875
vt 0.144531 -0.977539
vt 0.542969 -0.977539
vt 0.722656 -0.442383
vt 0.542969 0.0
vt 1.000977 -0.420898
vt 0.99707 -0.575195
vt 0.685547 -0.015625
vt 0.321289 -0.06543
vt 0.420898 -0.204102
vt 1.004883 -0.558594
vt 0.879883 -0.181641
vt 1.0 -0.990234
vt 0.5 0.570312
vt 0.0 -0.990234
vt 1.0 -0.990234
vt 0.0 -0.990234
vt 1.0 -0.990234
vt 0.0 -0.990234
vt 1.0 -0.990234
vt 0.0 -0.990234
vt 1.0 -0.990234
vt 0.0 -0.990234
vt 1.0 -0.990234
vt 0.0 -0.990234
vt 1.0 -0.990234
vt 0.0 -0.990234
vt 1.0 -0.990234
vt 0.0 -0.990234
vt 1.0 -0.990234
vt 0.0 -0.990234
vt 1.0 -0.990234
vt 0.0 -0.990234
vt 1.0 -0.990234
vt 0.0 -0.990234
vt 1.0 -0.990234
vt 0.0 -0.990234
vt 0.542969 -0.62793
vt 0.189453 -0.62793
vt 0.34375 -0.1875
vt 0.542969 -0.1875
vt 0.042969 -0.62793
vt 0.144531 -0.977539
vt -0.019531 -0.977539
vt 0.895508 -0.62793
vt 0.94043 -0.977539
vt 1.105469 -0.977539
vt 1.106445 -0.457031
vt 0.94043 -0.977539
vt 0.542969 -0.977539
vt 0.895508 -0.62793
vt 0.261719 -0.1875
vt 0.741211 -0.1875
vt 0.34375 -0.1875
vt 0.144531 -0.977539
vt 0.542969 -0.977539
vt 0.722656 -0.442383
vt 0.542969 0.0
vt 1.000977 -0.420898
vt 0.99707 -0.575195
vt 0.685547 -0.015625
vt 0.321289 -0.06543
vt 0.420898 -0.204102
vt 1.004883 -0.558594
vt 0.879883 -0.181641
vt 1.0 -0.990234
vt 0.5 0.570312
vt 0.0 -0.990234
vt 1.0 -0.990234
vt 0.0 -0.990234
vt 1.0 -0.990234
vt 0.0 -0.990234
vt 1.0 -0.990234
vt 0.0 -0.990234
vt 1.0 -0.990234
vt 0.0 -0.990234
vt 1.0 -0.990234
vt 0.0 -0.990234
vt 1.0 -0.990234
vt 0.0 -0.990234
vt 1.0 -0.990234
vt 0.0 -0.990234
vt 1.0 -0.990234
vt 0.0 -0.990234
vt 1.0 -0.990234
vt 0.0 -0.990234
vt 1.0 -0.990234
vt 0.0 -0.990234
vt 1.0 -0.990234
vt 0.0 -0.990234
vt 0.542969 -0.62793
vt 0.189453 -0.62793
vt 0.34375 -0.1875
vt 0.542969 -0.1875
vt 0.042969 -0.62793
vt 0.144531 -0.977539
vt -0.019531 -0.977539
vt 0.895508 -0.62793
vt 0.94043 -0.977539
vt 1.105469 -0.977539
vt 1.106445 -0.457031
vt 0.94043 -0.977539
vt 0.542969 -0.977539
vt 0.895508 -0.62793
vt 0.261719 -0.1875
vt 0.741211 -0.1875
vt 0.34375 -0.1875
vt 0.144531 -0.977539
vt 0.542969 -0.977539
vt 0.722656 -0.442383
vt 0.542969 0.0
vt 1.000977 -0.420898
vt 0.99707 -0.575195
vt 0.685547 -0.015625
vt 0.321289 -0.06543
vt 0.420898 -0.204102
vt 1.004883 -0.558594
vt 0.879883 -0.181641
vt 1.0 -0.990234
vt 0.5 0.570312
vt 0.0 -0.990234
vt 1.0 -0.990234
vt 0.0 -0.990234
vt 1.0 -0.990234
vt 0.0 -0.990234
vt 1.0 -0.990234
vt 0.0 -0.990234
vt 1.0 -0.990234
vt 0.0 -0.990234
vt 1.0 -0.990234
vt 0.0 -0.990234
vt 1.0 -0.990234
vt 0.0 -0.990234
vt 1.0 -0.990234
vt 0.0 -0.990234
vt 1.0 -0.990234
vt 0.0 -0.990234
vt 1.0 -0.990234
vt 0.0 -0.990234
vt 1.0 -0.990234
vt 0.0 -0.990234
vt 1.0 -0.990234
vt 0.0 -0.990234
vt 0.542969 -0.62793
vt 0.189453 -0.62793
vt 0.34375 -0.1875
vt 0.542969 -0.1875
vt 0.042969 -0.62793
vt 0.144531 -0.977539
vt -0.019531 -0.977539
vt 0.895508 -0.62793
vt 0.94043 -0.977539
vt 1.105469 -0.977539
vt 1.106445 -0.457031
vt 0.94043 -0.977539
vt 0.542969 -0.977539
vt 0.895508 -0.62793
vt 0.261719 -0.1875
vt 0.741211 -0.1875
vt 0.34375 -0.1875
vt 0.144531 -0.977539
vt 0.542969 -0.977539
vt 0.722656 -0.442383
vt 0.542969 0.0
vt 1.000977 -0.420898
vt 0.99707 -0.575195
vt 0.685547 -0.015625
vt 0.321289 -0.06543
vt 0.420898 -0.204102
vt 1.004883 -0.558594
vt 0.879883 -0.181641
vt 1.0 -0.990234
vt 0.5 0.570312
vt 0.0 -0.990234
vt 1.0 -0.990234
vt 0.0 -0.990234
vt 1.0 -0.990234
vt 0.0 -0.990234
vt 1.0 -0.990234
vt 0.0 -0.990234
vt 1.0 -0.990234
vt 0.0 -0.990234
vt 1.0 -0.990234
vt 0.0 -0.990234
vt 1.0 -0.990234
vt 0.0 -0.990234
vt 1.0 -0.990234
vt 0.0 -0.990234
vt 1.0 -0.990234
vt 0.0 -0.990234
vt 1.0 -0.990234
vt 0.0 -0.990234
vt 1.0 -0.990234
vt 0.0 -0.990234
vt 1.0 -0.990234
vt 0.0 -0.990234
vt 0.542969 -0.62793
vt 0.189453 -0.62793
vt 0.34375 -0.1875
vt 0.542969 -0.1875
vt 0.042969 -0.62793
vt 0.144531 -0.977539
vt -0.019531 -0.977539
vt 0.895508 -0.62793
vt 0.94043 -0.977539
vt 1.105469 -0.977539
vt 1.106445 -0.457031
vt 0.94043 -0.977539
vt 0.542969 -0.977539
vt 0.895508 -0.62793
vt 0.261719 -0.1875
vt 0.741211 -0.1875
vt 0.34375 -0.1875
vt 0.144531 -0.977539
vt 0.542969 -0.977539
vt 0.722656 -0.442383
vt 0.542969 0.0
vt 1.000977 -0.420898
vt 0.99707 -0.575195
vt 0.685547 -0.015625
vt 0.321289 -0.06543
vt 0.420898 -0.204102
vt 1.004883 -0.558594
vt 0.879883 -0.181641
vt 1.0 -0.990234
vt 0.5 0.570312
vt 0.0 -0.990234
vt 1.0 -0.990234
vt 0.0 -0.990234
vt 1.0 -0.990234
vt 0.0 -0.990234
vt 1.0 -0.990234
vt 0.0 -0.990234
vt 1.0 -0.990234
vt 0.0 -0.990234
vt 1.0 -0.990234
vt 0.0 -0.990234
vt 1.0 -0.990234
vt 0.0 -0.990234
vt 1.0 -0.990234
vt 0.0 -0.990234
vt 1.0 -0.990234
vt 0.0 -0.990234
vt 1.0 -0.990234
vt 0.0 -0.990234
vt 1.0 -0.990234
vt 0.0 -0.990234
vt 1.0 -0.990234
vt 0.0 -0.990234
vt 0.542969 -0.62793
vt 0.189453 -0.62793
vt 0.34375 -0.1875
vt 0.542969 -0.1875
vt 0.042969 -0.62793
vt 0.144531 -0.977539
vt -0.019531 -0.977539
vt 0.895508 -0.62793
vt 0.94043 -0.977539
vt 1.105469 -0.977539
vt 1.106445 -0.457031
vt 0.94043 -0.977539
vt 0.542969 -0.977539
vt 0.895508 -0.62793
vt 0.261719 -0.1875
vt 0.741211 -0.1875
vt 0.34375 -0.1875
vt 0.144531 -0.977539
vt 0.542969 -0.977539
vt 0.722656 -0.442383
vt 0.542969 0.0
vt 1.000977 -0.420898
vt 0.99707 -0.575195
vt 0.685547 -0.015625
vt 0.321289 -0.06543
vt 0.420898 -0.204102
vt 1.004883 -0.558594
vt 0.879883 -0.181641
vt 1.0 -0.990234
vt 0.5 0.570312
vt 0.0 -0.990234
vt 1.0 -0.990234
vt 0.0 -0.990234
vt 1.0 -0.990234
vt 0.0 -0.990234
vt 1.0 -0.990234
vt 0.0 -0.990234
vt 1.0 -0.990234
vt 0.0 -0.990234
vt 1.0 -0.990234
vt 0.0 -0.990234
vt 1.0 -0.990234
vt 0.0 -0.990234
vt 1.0 -0.990234
vt 0.0 -0.990234
vt 1.0 -0.990234
vt 0.0 -0.990234
vt 1.0 -0.990234
vt 0.0 -0.990234
vt 1.0 -0.990234
vt 0.0 -0.990234
vt 1.0 -0.990234
vt 0.0 -0.990234
vt 1.0 0.0
vt 0.0 0.0
vt 0.0 -2.0
vt 1.0 -2.0
vt 1.0 0.0
vt 0.0 0.0
vt 0.0 -2.0
vt 1.0 -2.0
vt 1.0 0.0
vt 0.0 0.0
vt 0.0 -2.0
vt 1.0 -2.0
vt 2.0 0.0
vt 0.0 0.0
vt 0.0 -1.0
vt 2.0 -1.0
vt 2.0 0.0
vt 0.0 0.0
vt 0.0 -1.0
vt 2.0 -1.0
vt 2.0 0.0
vt 0.0 0.0
vt 0.0 -1.0
vt 2.0 -1.0
vt 2.0 0.0
vt 0.0 0.0
vt 0.0 -1.0
vt 2.0 -1.0
vt 2.0 0.0
vt 0.0 0.0
vt 0.0 -1.0
vt 2.0 -1.0
vt 2.0 0.0
vt 0.0 0.0
vt 0.0 -1.0
vt 2.0 -1.0
vt 2.0 0.0
vt 0.0 0.0
vt 0.0 -2.0
vt 2.0 -2.0
vt 2.0 0.0
vt 0.0 0.0
vt 0.0 -2.0
vt 2.0 -2.0
vt 2.0 0.0
vt 0.0 0.0
vt 0.0 -2.0
vt 2.0 -2.0
vt 1.0 0.0
vt 0.0 0.0
vt 0.0 -2.0
vt 1.0 -2.0
vt 1.0 0.0
vt 0.0 0.0
vt 0.0 -2.0
vt 1.0 -2.0
vt 1.0 0.0
vt 0.0 0.0
vt 0.0 -2.0
vt 1.0 -2.0
vt 0.542969 -0.62793
vt 0.189453 -0.62793
vt 0.34375 -0.1875
vt 0.542969 -0.1875
vt 0.042969 -0.62793
vt 0.144531 -0.977539
vt -0.019531 -0.977539
vt 0.895508 -0.62793
vt 0.94043 -0.977539
vt 1.105469 -0.977539
vt 1.106445 -0.457031
vt 0.94043 -0.977539
vt 0.542969 -0.977539
vt 0.895508 -0.62793
vt 0.261719 -0.1875
vt 0.741211 -0.1875
vt 0.34375 -0.1875
vt 0.144531 -0.977539
vt 0.542969 -0.977539
vt 0.722656 -0.442383
vt 0.542969 0.0
vt 1.000977 -0.420898
vt 0.99707 -0.575195
vt 0.685547 -0.015625
vt 0.321289 -0.06543
vt 0.420898 -0.204102
vt 1.004883 -0.558594
vt 0.879883 -0.181641
vt 1.0 -0.990234
vt 0.5 0.570312
vt 0.0 -0.990234
vt 1.0 -0.990234
vt 0.0 -0.990234
vt 1.0 -0.990234
vt 0.0 -0.990234
vt 1.0 -0.990234
vt 0.0 -0.990234
vt 1.0 -0.990234
vt 0.0 -0.990234
vt 1.0 -0.990234
vt 0.0 -0.990234
vt 1.0 -0.990234
vt 0.0 -0.990234
vt 1.0 -0.990234
vt 0.0 -0.990234
vt 1.0 -0.990234
vt 0.0 -0.990234
vt 1.0 -0.990234
vt 0.0 -0.990234
vt 1.0 -0.990234
vt 0.0 -0.990234
vt 1.0 -0.990234
vt 0.0 -0.990234
vt 1.0 0.0
vt 0.0 0.0
vt 0.0 -1.0
vt 1.0 -1.0
vt 1.0 0.0
vt 0.0 0.0
vt 0.0 -1.0
vt 1.0 -1.0
vt 1.0 0.0
vt 0.0 0.0
vt 0.0 -1.0
vt 1.0 -1.0
vt 3.0 0.0
vt 0.0 0.0
vt 0.0 -1.0
vt 3.0 -1.0
vt 3.0 0.0
vt 0.0 0.0
vt 0.0 -1.0
vt 3.0 -1.0
vt 3.0 0.0
vt 0.0 0.0
vt 0.0 -1.0
vt 3.0 -1.0
vt 2.0 0.0
vt 0.0 0.0
vt 0.0 -1.0
vt 2.0 -1.0
vt 2.0 0.0
vt 0.0 0.0
vt 0.0 -1.0
vt 2.0 -1.0
vt 2.0 0.0
vt 0.0 0.0
vt 0.0 -1.0
vt 2.0 -1.0
vt 2.0 0.0
vt 0.0 0.0
vt 0.0 -1.0
vt 2.0 -1.0
vt 2.0 0.0
vt 0.0 0.0
vt 0.0 -1.0
vt 2.0 -1.0
vt 2.0 0.0
vt 0.0 0.0
vt 0.0 -1.0
vt 2.0 -1.0
vt 2.0 0.0
vt 0.0 0.0
vt 0.0 -1.0
vt 2.0 -1.0
vt 2.0 0.0
vt 0.0 0.0
vt 0.0 -1.0
vt 2.0 -1.0
vt 2.0 0.0
vt 0.0 0.0
vt 0.0 -1.0
vt 2.0 -1.0
vt 4.0 0.0
vt 0.0 0.0
vt 0.0 -1.0
vt 4.0 -1.0
vt 4.0 0.0
vt 0.0 0.0
vt 0.0 -1.0
vt 4.0 -1.0
vt 4.0 0.0
vt 0.0 0.0
vt 0.0 -1.0
vt 4.0 -1.0
vt 2.0 0.0
vt 0.0 0.0
vt 0.0 -1.0
vt 2.0 -1.0
vt 2.0 0.0
vt 0.0 0.0
vt 0.0 -1.0
vt 2.0 -1.0
vt 2.0 0.0
vt 0.0 0.0
vt 0.0 -1.0
vt 2.0 -1.0
vt 3.0 0.0
vt 0.0 0.0
vt 0.0 -1.0
vt 3.0 -1.0
vt 3.0 0.0
vt 0.0 0.0
vt 0.0 -1.0
vt 3.0 -1.0
vt 3.0 0.0
vt 0.0 0.0
vt 0.0 -1.0
vt 3.0 -1.0
vt 4.0 0.0
vt 0.0 0.0
vt 0.0 -1.0
vt 4.0 -1.0
vt 4.0 0.0
vt 0.0 0.0
vt 0.0 -1.0
vt 4.0 -1.0
vt 4.0 0.0
vt 0.0 0.0
vt 0.0 -1.0
vt 4.0 -1.0
vt 0.542969 -0.62793
vt 0.189453 -0.62793
vt 0.34375 -0.1875
vt 0.542969 -0.1875
vt 0.042969 -0.62793
vt 0.144531 -0.977539
vt -0.019531 -0.977539
vt 0.895508 -0.62793
vt 0.94043 -0.977539
vt 1.105469 -0.977539
vt 1.106445 -0.457031
vt 0.94043 -0.977539
vt 0.542969 -0.977539
vt 0.895508 -0.62793
vt 0.261719 -0.1875
vt 0.741211 -0.1875
vt 0.34375 -0.1875
vt 0.144531 -0.977539
vt 0.542969 -0.977539
vt 0.722656 -0.442383
vt 0.542969 0.0
vt 1.000977 -0.420898
vt 0.99707 -0.575195
vt 0.685547 -0.015625
vt 0.321289 -0.06543
vt 0.420898 -0.204102
vt 1.004883 -0.558594
vt 0.879883 -0.181641
vt 1.0 -0.990234
vt 0.5 0.570312
vt 0.0 -0.990234
vt 1.0 -0.990234
vt 0.0 -0.990234
vt 1.0 -0.990234
vt 0.0 -0.990234
vt 1.0 -0.990234
vt 0.0 -0.990234
vt 1.0 -0.990234
vt 0.0 -0.990234
vt 1.0 -0.990234
vt 0.0 -0.990234
vt 1.0 -0.990234
vt 0.0 -0.990234
vt 1.0 -0.990234
vt 0.0 -0.990234
vt 1.0 -0.990234
vt 0.0 -0.990234
vt 1.0 -0.990234
vt 0.0 -0.990234
vt 1.0 -0.990234
vt 0.0 -0.990234
vt 1.0 -0.990234
vt 0.0 -0.990234
vt 2.0 0.0
vt 0.0 0.0
vt 0.0 -1.0
vt 2.0 -1.0
vt 2.0 0.0
vt 0.0 0.0
vt 0.0 -1.0
vt 2.0 -1.0
vt 2.0 0.0
vt 0.0 0.0
vt 0.0 -1.0
vt 2.0 -1.0
vt 6.0 0.0
vt 0.0 0.0
vt 0.0 -1.0
vt 6.0 -1.0
vt 6.0 0.0
vt 0.0 0.0
vt 0.0 -1.0
vt 6.0 -1.0
vt 6.0 0.0
vt 0.0 0.0
vt 0.0 -1.0
vt 6.0 -1.0
vt 3.0 0.0
vt 0.0 0.0
vt 0.0 -1.0
vt 3.0 -1.0
vt 3.0 0.0
vt 0.0 0.0
vt 0.0 -1.0
vt 3.0 -1.0
vt 3.0 0.0
vt 0.0 0.0
vt 0.0 -1.0
vt 3.0 -1.0
vt 2.0 0.0
vt 0.0 0.0
vt 0.0 -1.0
vt 2.0 -1.0
vt 2.0 0.0
vt 0.0 0.0
vt 0.0 -1.0
vt 2.0 -1.0
vt 2.0 0.0
vt 0.0 0.0
vt 0.0 -1.0
vt 2.0 -1.0
vt 1.0 0.0
vt 0.0 0.0
vt 0.0 -1.0
vt 1.0 -1.0
vt 1.0 0.0
vt 0.0 0.0
vt 0.0 -1.0
vt 1.0 -1.0
vt 1.0 0.0
vt 0.0 0.0
vt 0.0 -1.0
vt 1.0 -1.0
vt 3.0 0.0
vt 0.0 0.0
vt 0.0 -1.0
vt 3.0 -1.0
vt 3.0 0.0
vt 0.0 0.0
vt 0.0 -1.0
vt 3.0 -1.0
vt 3.0 0.0
vt 0.0 0.0
vt 0.0 -1.0
vt 3.0 -1.0
vt 1.0 0.0
vt 0.0 0.0
vt 0.0 -2.0
vt 1.0 -2.0
vt 1.0 0.0
vt 0.0 0.0
vt 0.0 -2.0
vt 1.0 -2.0
vt 1.0 0.0
vt 0.0 0.0
vt 0.0 -2.0
vt 1.0 -2.0
vt 1.0 0.0
vt 0.0 0.0
vt 0.0 -1.0
vt 1.0 -1.0
vt 1.0 0.0
vt 0.0 0.0
vt 0.0 -1.0
vt 1.0 -1.0
vt 1.0 0.0
vt 0.0 0.0
vt 0.0 -1.0
vt 1.0 -1.0
vt 0.0 3.0
vt 0.0 0.0
vt 2.0 0.0
vt 2.0 3.0
vt 1.5 -0.894531
vt 1.5 -0.597656
vt 0.0 -0.597656
vt 0.0 -0.894531
vt 1.5 -0.515625
vt 0.0 -0.515625
vt 1.5 -0.894531
vt 0.0 -0.894531
vt 0.0 -0.988281
vt 1.5 -0.988281
vt 0.0 7.0
vt 0.0 0.0
vt 3.0 0.0
vt 3.0 7.0
vt 0.5 -0.894531
vt 0.5 -0.597656
vt 0.0 -0.597656
vt 0.0 -0.894531
vt 0.5 -0.515625
vt 0.0 -0.515625
vt 0.5 -0.894531
vt 0.0 -0.894531
vt 0.0 -0.988281
vt 0.5 -0.988281
vt 0.0 5.0
vt 0.0 0.0
vt 1.0 0.0
vt 1.0 5.0
vt 1.0 -0.894531
vt 1.0 -0.597656
vt 0.0 -0.597656
vt 0.0 -0.894531
vt 1.0 -0.515625
vt 0.0 -0.515625
vt 1.0 -0.894531
vt 0.0 -0.894531
vt 0.0 -0.988281
vt 1.0 -0.988281
vt 0.0 5.0
vt 0.0 0.0
vt 2.0 0.0
vt 2.0 5.0
vt 1.0 -0.894531
vt 1.0 -0.597656
vt 0.0 -0.597656
vt 0.0 -0.894531
vt 1.0 -0.515625
vt 0.0 -0.515625
vt 1.0 -0.894531
vt 0.0 -0.894531
vt 0.0 -0.988281
vt 1.0 -0.988281
vt 0.0 8.0
vt 0.0 0.0
vt 2.0 0.0
vt 2.0 8.0
vt 0.753906 -0.599609
vt 1.0 -0.599609
vt 1.0 -0.513672
vt 0.5 -0.513672
vt 1.0 -0.599609
vt 1.279297 -0.599609
vt 1.5 -0.513672
vt 1.0 -0.513672
vt 0.4375 -0.59375
vt 0.4375 -0.890625
vt 0.285156 -0.59375
vt 0.285156 -0.890625
vt 0.4375 -0.890625
vt 0.4375 -0.394531
vt 0.285156 -0.394531
vt 0.285156 -0.486328
vt 0.4375 -0.394531
vt 0.4375 -0.59375
vt 0.285156 -0.59375
vt 0.4375 -0.890625
vt 0.5 -0.894531
vt 0.5 -0.597656
vt 0.0 -0.597656
vt 0.0 -0.894531
vt 0.5 -0.515625
vt 0.0 -0.515625
vt 0.5 -0.894531
vt 0.0 -0.894531
vt 0.0 -0.988281
vt 0.5 -0.988281
vt 0.841797 -0.986328
vt 0.998047 -0.986328
vt 0.966797 -0.892578
vt 0.841797 -0.892578
vt 0.498047 -0.986328
vt 0.654297 -0.986328
vt 0.654297 -0.892578
vt 0.529297 -0.892578
vt -0.470703 -1.392578
vt -0.345703 -1.392578
vt -0.345703 -1.105469
vt -0.158203 -1.392578
vt -0.158203 -1.105469
vt -0.033203 -1.392578
vt -0.158203 -0.609375
vt -0.251953 -0.515625
vt -0.345703 -0.609375
vt 1.0 0.5
vt 1.0 0.0
vt 1.03125 0.1875
vt 1.15625 0.03125
vt 1.5 0.0
vt 0.0 3.0
vt 0.0 0.0
vt 8.0 0.0
vt 8.0 3.0
vt 0.5 -0.894531
vt 0.5 -0.597656
vt 0.0 -0.597656
vt 0.0 -0.894531
vt 0.5 -0.515625
vt 0.0 -0.515625
vt 0.5 -0.894531
vt 0.0 -0.894531
vt 0.0 -0.988281
vt 0.5 -0.988281
vt 0.841797 -0.986328
vt 0.998047 -0.986328
vt 0.966797 -0.892578
vt 0.841797 -0.892578
vt 0.498047 -0.986328
vt 0.654297 -0.986328
vt 0.654297 -0.892578
vt 0.529297 -0.892578
vt -0.470703 -1.392578
vt -0.345703 -1.392578
vt -0.345703 -1.105469
vt -0.158203 -1.392578
vt -0.158203 -1.105469
vt -0.033203 -1.392578
vt -0.158203 -0.609375
vt -0.251953 -0.515625
vt -0.345703 -0.609375
vt 1.0 0.5
vt 1.0 0.0
vt 1.03125 0.1875
vt 1.15625 0.03125
vt 1.5 0.0
vt 0.0 1.0
vt 0.0 0.0
vt 4.0 0.0
vt 4.0 1.0
vt 0.0 2.0
vt 0.0 0.0
vt 8.0 0.0
vt 8.0 2.0
vt 4.0 -0.894531
vt 4.0 -0.597656
vt 0.0 -0.597656
vt 0.0 -0.894531
vt 4.0 -0.515625
vt 0.0 -0.515625
vt 4.0 -0.894531
vt 0.0 -0.894531
vt 0.0 -0.988281
vt 4.0 -0.988281
vt 0.753906 -0.599609
vt 1.0 -0.599609
vt 1.0 -0.513672
vt 0.5 -0.513672
vt 1.0 -0.599609
vt 1.279297 -0.599609
vt 1.5 -0.513672
vt 1.0 -0.513672
vt 0.4375 -0.59375
vt 0.4375 -0.890625
vt 0.285156 -0.59375
vt 0.285156 -0.890625
vt 0.4375 -0.890625
vt 0.4375 -0.394531
vt 0.285156 -0.394531
vt 0.285156 -0.486328
vt 0.4375 -0.394531
vt 0.4375 -0.59375
vt 0.285156 -0.59375
vt 0.4375 -0.890625
vt 0.841797 -0.986328
vt 0.998047 -0.986328
vt 0.966797 -0.892578
vt 0.841797 -0.892578
vt 0.498047 -0.986328
vt 0.654297 -0.986328
vt 0.654297 -0.892578
vt 0.529297 -0.892578
vt -0.470703 -1.392578
vt -0.345703 -1.392578
vt -0.345703 -1.105469
vt -0.158203 -1.392578
vt -0.158203 -1.105469
vt -0.033203 -1.392578
vt -0.158203 -0.609375
vt -0.251953 -0.515625
vt -0.345703 -0.609375
vt 1.0 0.5
vt 1.0 0.0
vt 1.03125 0.1875
vt 1.15625 0.03125
vt 1.5 0.0
vt 0.0 4.0
vt 0.0 0.0
vt 7.0 0.0
vt 7.0 4.0
vt 0.753906 -0.599609
vt 1.0 -0.599609
vt 1.0 -0.513672
vt 0.5 -0.513672
vt 1.0 -0.599609
vt 1.279297 -0.599609
vt 1.5 -0.513672
vt 1.0 -0.513672
vt 0.4375 -0.59375
vt 0.4375 -0.890625
vt 0.285156 -0.59375
vt 0.285156 -0.890625
vt 0.4375 -0.890625
vt 0.4375 -0.394531
vt 0.285156 -0.394531
vt 0.285156 -0.486328
vt 0.4375 -0.394531
vt 0.4375 -0.59375
vt 0.285156 -0.59375
vt 0.4375 -0.890625
vt 0.841797 -0.986328
vt 0.998047 -0.986328
vt 0.966797 -0.892578
vt 0.841797 -0.892578
vt 0.498047 -0.986328
vt 0.654297 -0.986328
vt 0.654297 -0.892578
vt 0.529297 -0.892578
vt -0.470703 -1.392578
vt -0.345703 -1.392578
vt -0.345703 -1.105469
vt -0.158203 -1.392578
vt -0.158203 -1.105469
vt -0.033203 -1.392578
vt -0.158203 -0.609375
vt -0.251953 -0.515625
vt -0.345703 -0.609375
vt 1.0 0.5
vt 1.0 0.0
vt 1.03125 0.1875
vt 1.15625 0.03125
vt 1.5 0.0
vt 0.0 7.0
vt 0.0 0.0
vt 5.0 0.0
vt 5.0 7.0
vt 0.0 1.0
vt 0.0 0.0
vt 5.0 0.0
vt 5.0 1.0
vt 1.5 -0.894531
vt 1.5 -0.597656
vt 0.0 -0.597656
vt 0.0 -0.894531
vt 1.5 -0.515625
vt 0.0 -0.515625
vt 1.5 -0.894531
vt 0.0 -0.894531
vt 0.0 -0.988281
vt 1.5 -0.988281
vt 0.753906 -0.599609
vt 1.0 -0.599609
vt 1.0 -0.513672
vt 0.5 -0.513672
vt 1.0 -0.599609
vt 1.279297 -0.599609
vt 1.5 -0.513672
vt 1.0 -0.513672
vt 0.4375 -0.59375
vt 0.4375 -0.890625
vt 0.285156 -0.59375
vt 0.285156 -0.890625
vt 0.4375 -0.890625
vt 0.4375 -0.394531
vt 0.285156 -0.394531
vt 0.285156 -0.486328
vt 0.4375 -0.394531
vt 0.4375 -0.59375
vt 0.285156 -0.59375
vt 0.4375 -0.890625
vt 1.5 -0.894531
vt 1.5 -0.597656
vt 0.0 -0.597656
vt 0.0 -0.894531
vt 1.5 -0.515625
vt 0.0 -0.515625
vt 1.5 -0.894531
vt 0.0 -0.894531
vt 0.0 -0.988281
vt 1.5 -0.988281
vt 0.841797 -0.986328
vt 0.998047 -0.986328
vt 0.966797 -0.892578
vt 0.841797 -0.892578
vt 0.498047 -0.986328
vt 0.654297 -0.986328
vt 0.654297 -0.892578
vt 0.529297 -0.892578
vt -0.470703 -1.392578
vt -0.345703 -1.392578
vt -0.345703 -1.105469
vt -0.158203 -1.392578
vt -0.158203 -1.105469
vt -0.033203 -1.392578
vt -0.158203 -0.609375
vt -0.251953 -0.515625
vt -0.345703 -0.609375
vt 1.0 0.5
vt 1.0 0.0
vt 1.03125 0.1875
vt 1.15625 0.03125
vt 1.5 0.0
vt 0.0 3.0
vt 0.0 0.0
vt 3.0 0.0
vt 3.0 3.0
vt 0.0 1.0
vt 0.0 0.0
vt 8.0 0.0
vt 8.0 1.0
vt 3.0 -0.894531
vt 3.0 -0.597656
vt 0.0 -0.597656
vt 0.0 -0.894531
vt 3.0 -0.515625
vt 0.0 -0.515625
vt 3.0 -0.894531
vt 0.0 -0.894531
vt 0.0 -0.988281
vt 3.0 -0.988281
vt 0.0 1.0
vt 0.0 0.0
vt 8.0 0.0
vt 8.0 1.0
vt 2.0 -0.894531
vt 2.0 -0.597656
vt 0.0 -0.597656
vt 0.0 -0.894531
vt 2.0 -0.515625
vt 0.0 -0.515625
vt 2.0 -0.894531
vt 0.0 -0.894531
vt 0.0 -0.988281
vt 2.0 -0.988281
vt 0.0 4.0
vt 0.0 0.0
vt 2.0 0.0
vt 2.0 4.0
vt 1.0 -0.894531
vt 1.0 -0.597656
vt 0.0 -0.597656
vt 0.0 -0.894531
vt 1.0 -0.515625
vt 0.0 -0.515625
vt 1.0 -0.894531
vt 0.0 -0.894531
vt 0.0 -0.988281
vt 1.0 -0.988281
vt 0.753906 -0.599609
vt 1.0 -0.599609
vt 1.0 -0.513672
vt 0.5 -0.513672
vt 1.0 -0.599609
vt 1.279297 -0.599609
vt 1.5 -0.513672
vt 1.0 -0.513672
vt 0.4375 -0.59375
vt 0.4375 -0.890625
vt 0.285156 -0.59375
vt 0.285156 -0.890625
vt 0.4375 -0.890625
vt 0.4375 -0.394531
vt 0.285156 -0.394531
vt 0.285156 -0.486328
vt 0.4375 -0.394531
vt 0.4375 -0.59375
vt 0.285156 -0.59375
vt 0.4375 -0.890625
vt 1.5 -0.894531
vt 1.5 -0.597656
vt 0.0 -0.597656
vt 0.0 -0.894531
vt 1.5 -0.515625
vt 0.0 -0.515625
vt 1.5 -0.894531
vt 0.0 -0.894531
vt 0.0 -0.988281
vt 1.5 -0.988281
vt 0.841797 -0.986328
vt 0.998047 -0.986328
vt 0.966797 -0.892578
vt 0.841797 -0.892578
vt 0.498047 -0.986328
vt 0.654297 -0.986328
vt 0.654297 -0.892578
vt 0.529297 -0.892578
vt -0.470703 -1.392578
vt -0.345703 -1.392578
vt -0.345703 -1.105469
vt -0.158203 -1.392578
vt -0.158203 -1.105469
vt -0.033203 -1.392578
vt -0.158203 -0.609375
vt -0.251953 -0.515625
vt -0.345703 -0.609375
vt 1.0 0.5
vt 1.0 0.0
vt 1.03125 0.1875
vt 1.15625 0.03125
vt 1.5 0.0
vt 0.0 1.0
vt 0.0 0.0
vt 4.0 0.0
vt 4.0 1.0
vt 0.753906 -0.599609
vt 1.0 -0.599609
vt 1.0 -0.513672
vt 0.5 -0.513672
vt 1.0 -0.599609
vt 1.279297 -0.599609
vt 1.5 -0.513672
vt 1.0 -0.513672
vt 0.4375 -0.59375
vt 0.4375 -0.890625
vt 0.285156 -0.59375
vt 0.285156 -0.890625
vt 0.4375 -0.890625
vt 0.4375 -0.394531
vt 0.285156 -0.394531
vt 0.285156 -0.486328
vt 0.4375 -0.394531
vt 0.4375 -0.59375
vt 0.285156 -0.59375
vt 0.4375 -0.890625
vt 0.5 -0.894531
vt 0.5 -0.597656
vt 0.0 -0.597656
vt 0.0 -0.894531
vt 0.5 -0.515625
vt 0.0 -0.515625
vt 0.5 -0.894531
vt 0.0 -0.894531
vt 0.0 -0.988281
vt 0.5 -0.988281
vt 0.841797 -0.986328
vt 0.998047 -0.986328
vt 0.966797 -0.892578
vt 0.841797 -0.892578
vt 0.498047 -0.986328
vt 0.654297 -0.986328
vt 0.654297 -0.892578
vt 0.529297 -0.892578
vt -0.470703 -1.392578
vt -0.345703 -1.392578
vt -0.345703 -1.105469
vt -0.158203 -1.392578
vt -0.158203 -1.105469
vt -0.033203 -1.392578
vt -0.158203 -0.609375
vt -0.251953 -0.515625
vt -0.345703 -0.609375
vt 1.0 0.5
vt 1.0 0.0
vt 1.03125 0.1875
vt 1.15625 0.03125
vt 1.5 0.0
vt 0.0 1.0
vt 0.0 0.0
vt 8.0 0.0
vt 8.0 1.0
vt 0.0 4.0
vt 0.0 0.0
vt 1.0 0.0
vt 1.0 4.0
vt 1.5 -0.894531
vt 1.5 -0.597656
vt 0.0 -0.597656
vt 0.0 -0.894531
vt 1.5 -0.515625
vt 0.0 -0.515625
vt 1.5 -0.894531
vt 0.0 -0.894531
vt 0.0 -0.988281
vt 1.5 -0.988281
vt 0.0 2.0
vt 0.0 0.0
vt 8.0 0.0
vt 8.0 2.0
vt 3.5 -0.894531
vt 3.5 -0.597656
vt 0.0 -0.597656
vt 0.0 -0.894531
vt 3.5 -0.515625
vt 0.0 -0.515625
vt 3.5 -0.894531
vt 0.0 -0.894531
vt 0.0 -0.988281
vt 3.5 -0.988281
vt 0.753906 -0.599609
vt 1.0 -0.599609
vt 1.0 -0.513672
vt 0.5 -0.513672
vt 1.0 -0.599609
vt 1.279297 -0.599609
vt 1.5 -0.513672
vt 1.0 -0.513672
vt 0.4375 -0.59375
vt 0.4375 -0.890625
vt 0.285156 -0.59375
vt 0.285156 -0.890625
vt 0.4375 -0.890625
vt 0.4375 -0.394531
vt 0.285156 -0.394531
vt 0.285156 -0.486328
vt 0.4375 -0.394531
vt 0.4375 -0.59375
vt 0.285156 -0.59375
vt 0.4375 -0.890625
vt 0.5 -0.894531
vt 0.5 -0.597656
vt 0.0 -0.597656
vt 0.0 -0.894531
vt 0.5 -0.515625
vt 0.0 -0.515625
vt 0.5 -0.894531
vt 0.0 -0.894531
vt 0.0 -0.988281
vt 0.5 -0.988281
vt 0.841797 -0.986328
vt 0.998047 -0.986328
vt 0.966797 -0.892578
vt 0.841797 -0.892578
vt 0.498047 -0.986328
vt 0.654297 -0.986328
vt 0.654297 -0.892578
vt 0.529297 -0.892578
vt -0.470703 -1.392578
vt -0.345703 -1.392578
vt -0.345703 -1.105469
vt -0.158203 -1.392578
vt -0.158203 -1.105469
vt -0.033203 -1.392578
vt -0.158203 -0.609375
vt -0.251953 -0.515625
vt -0.345703 -0.609375
vt 1.0 0.5
vt 1.0 0.0
vt 1.03125 0.1875
vt 1.15625 0.03125
vt 1.5 0.0
vt 0.0 5.0
vt 0.0 0.0
vt 8.0 0.0
vt 8.0 5.0
vt 1.5 -0.894531
vt 1.5 -0.597656
vt 0.0 -0.597656
vt 0.0 -0.894531
vt 1.5 -0.515625
vt 0.0 -0.515625
vt 1.5 -0.894531
vt 0.0 -0.894531
vt 0.0 -0.988281
vt 1.5 -0.988281
vt 0.841797 -0.986328
vt 0.998047 -0.986328
vt 0.966797 -0.892578
vt 0.841797 -0.892578
vt 0.498047 -0.986328
vt 0.654297 -0.986328
vt 0.654297 -0.892578
vt 0.529297 -0.892578
vt -0.470703 -1.392578
vt -0.345703 -1.392578
vt -0.345703 -1.105469
vt -0.158203 -1.392578
vt -0.158203 -1.105469
vt -0.033203 -1.392578
vt -0.158203 -0.609375
vt -0.251953 -0.515625
vt -0.345703 -0.609375
vt 1.0 0.5
vt 1.0 0.0
vt 1.03125 0.1875
vt 1.15625 0.03125
vt 1.5 0.0
vt 0.0 1.0
vt 0.0 0.0
vt 8.0 0.0
vt 8.0 1.0
vt 0.0 2.0
vt 0.0 0.0
vt 8.0 0.0
vt 8.0 2.0
vt 4.0 -0.894531
vt 4.0 -0.597656
vt 0.0 -0.597656
vt 0.0 -0.894531
vt 4.0 -0.515625
vt 0.0 -0.515625
vt 4.0 -0.894531
vt 0.0 -0.894531
vt 0.0 -0.988281
vt 4.0 -0.988281
vt 0.0 3.0
vt 0.0 0.0
vt 1.0 0.0
vt 1.0 3.0
vt 4.0 -0.894531
vt 4.0 -0.597656
vt 0.0 -0.597656
vt 0.0 -0.894531
vt 4.0 -0.515625
vt 0.0 -0.515625
vt 4.0 -0.894531
vt 0.0 -0.894531
vt 0.0 -0.988281
vt 4.0 -0.988281
vt 0.0 3.0
vt 0.0 0.0
vt 3.0 0.0
vt 3.0 3.0
vt 0.753906 -0.599609
vt 1.0 -0.599609
vt 1.0 -0.513672
vt 0.5 -0.513672
vt 1.0 -0.599609
vt 1.279297 -0.599609
vt 1.5 -0.513672
vt 1.0 -0.513672
vt 0.4375 -0.59375
vt 0.4375 -0.890625
vt 0.285156 -0.59375
vt 0.285156 -0.890625
vt 0.4375 -0.890625
vt 0.4375 -0.394531
vt 0.285156 -0.394531
vt 0.285156 -0.486328
vt 0.4375 -0.394531
vt 0.4375 -0.59375
vt 0.285156 -0.59375
vt 0.4375 -0.890625
vt 0.841797 -0.986328
vt 0.998047 -0.986328
vt 0.966797 -0.892578
vt 0.841797 -0.892578
vt 0.498047 -0.986328
vt 0.654297 -0.986328
vt 0.654297 -0.892578
vt 0.529297 -0.892578
vt -0.470703 -1.392578
vt -0.345703 -1.392578
vt -0.345703 -1.105469
vt -0.158203 -1.392578
vt -0.158203 -1.105469
vt -0.033203 -1.392578
vt -0.158203 -0.609375
vt -0.251953 -0.515625
vt -0.345703 -0.609375
vt 1.0 0.5
vt 1.0 0.0
vt 1.03125 0.1875
vt 1.15625 0.03125
vt 1.5 0.0
vt 0.0 3.0
vt 0.0 0.0
vt 8.0 0.0
vt 8.0 3.0
vt 0.0 1.0
vt 0.0 0.0
vt 8.0 0.0
vt 8.0 1.0
vt 0.753906 -0.599609
vt 1.0 -0.599609
vt 1.0 -0.513672
vt 0.5 -0.513672
vt 1.0 -0.599609
vt 1.279297 -0.599609
vt 1.5 -0.513672
vt 1.0 -0.513672
vt 0.4375 -0.59375
vt 0.4375 -0.890625
vt 0.285156 -0.59375
vt 0.285156 -0.890625
vt 0.4375 -0.890625
vt 0.4375 -0.394531
vt 0.285156 -0.394531
vt 0.285156 -0.486328
vt 0.4375 -0.394531
vt 0.4375 -0.59375
vt 0.285156 -0.59375
vt 0.4375 -0.890625
vt 0.841797 -0.986328
vt 0.998047 -0.986328
vt 0.966797 -0.892578
vt 0.841797 -0.892578
vt 0.498047 -0.986328
vt 0.654297 -0.986328
vt 0.654297 -0.892578
vt 0.529297 -0.892578
vt -0.470703 -1.392578
vt -0.345703 -1.392578
vt -0.345703 -1.105469
vt -0.158203 -1.392578
vt -0.158203 -1.105469
vt -0.033203 -1.392578
vt -0.158203 -0.609375
vt -0.251953 -0.515625
vt -0.345703 -0.609375
vt 1.0 0.5
vt 1.0 0.0
vt 1.03125 0.1875
vt 1.15625 0.03125
vt 1.5 0.0
vt 0.0 2.0
vt 0.0 0.0
vt 8.0 0.0
vt 8.0 2.0
vt 1.0 -0.894531
vt 1.0 -0.597656
vt 0.0 -0.597656
vt 0.0 -0.894531
vt 1.0 -0.515625
vt 0.0 -0.515625
vt 1.0 -0.894531
vt 0.0 -0.894531
vt 0.0 -0.988281
vt 1.0 -0.988281
vt 0.0 1.0
vt 0.0 0.0
vt 8.0 0.0
vt 8.0 1.0
vt 4.0 -0.894531
vt 4.0 -0.597656
vt 0.0 -0.597656
vt 0.0 -0.894531
vt 4.0 -0.515625
vt 0.0 -0.515625
vt 4.0 -0.894531
vt 0.0 -0.894531
vt 0.0 -0.988281
vt 4.0 -0.988281
vt 0.0 1.0
vt 0.0 0.0
vt 8.0 0.0
vt 8.0 1.0
vt 4.0 -0.894531
vt 4.0 -0.597656
vt 0.0 -0.597656
vt 0.0 -0.894531
vt 4.0 -0.515625
vt 0.0 -0.515625
vt 4.0 -0.894531
vt 0.0 -0.894531
vt 0.0 -0.988281
vt 4.0 -0.988281
vt 0.0 1.0
vt 0.0 0.0
vt 8.0 0.0
vt 8.0 1.0
vt 0.0 1.0
vt 0.0 0.0
vt 8.0 0.0
vt 8.0 1.0
vt 0.753906 -0.599609
vt 1.0 -0.599609
vt 1.0 -0.513672
vt 0.5 -0.513672
vt 1.0 -0.599609
vt 1.279297 -0.599609
vt 1.5 -0.513672
vt 1.0 -0.513672
vt 0.4375 -0.59375
vt 0.4375 -0.890625
vt 0.285156 -0.59375
vt 0.285156 -0.890625
vt 0.4375 -0.890625
vt 0.4375 -0.394531
vt 0.285156 -0.394531
vt 0.285156 -0.486328
vt 0.4375 -0.394531
vt 0.4375 -0.59375
vt 0.285156 -0.59375
vt 0.4375 -0.890625
vt 0.841797 -0.986328
vt 0.998047 -0.986328
vt 0.966797 -0.892578
vt 0.841797 -0.892578
vt 0.498047 -0.986328
vt 0.654297 -0.986328
vt 0.654297 -0.892578
vt 0.529297 -0.892578
vt -0.470703 -1.392578
vt -0.345703 -1.392578
vt -0.345703 -1.105469
vt -0.158203 -1.392578
vt -0.158203 -1.105469
vt -0.033203 -1.392578
vt -0.158203 -0.609375
vt -0.251953 -0.515625
vt -0.345703 -0.609375
vt 1.0 0.5
vt 1.0 0.0
vt 1.03125 0.1875
vt 1.15625 0.03125
vt 1.5 0.0
vt 0.0 2.0
vt 0.0 0.0
vt 8.0 0.0
vt 8.0 2.0
vt 0.0 1.0
vt 0.0 0.0
vt 8.0 0.0
vt 8.0 1.0
vt 4.0 -0.894531
vt 4.0 -0.597656
vt 0.0 -0.597656
vt 0.0 -0.894531
vt 4.0 -0.515625
vt 0.0 -0.515625
vt 4.0 -0.894531
vt 0.0 -0.894531
vt 0.0 -0.988281
vt 4.0 -0.988281
vt 0.753906 -0.599609
vt 1.0 -0.599609
vt 1.0 -0.513672
vt 0.5 -0.513672
vt 1.0 -0.599609
vt 1.279297 -0.599609
vt 1.5 -0.513672
vt 1.0 -0.513672
vt 0.4375 -0.59375
vt 0.4375 -0.890625
vt 0.285156 -0.59375
vt 0.285156 -0.890625
vt 0.4375 -0.890625
vt 0.4375 -0.394531
vt 0.285156 -0.394531
vt 0.285156 -0.486328
vt 0.4375 -0.394531
vt 0.4375 -0.59375
vt 0.285156 -0.59375
vt 0.4375 -0.890625
vt 0.841797 -0.986328
vt 0.998047 -0.986328
vt 0.966797 -0.892578
vt 0.841797 -0.892578
vt 0.498047 -0.986328
vt 0.654297 -0.986328
vt 0.654297 -0.892578
vt 0.529297 -0.892578
vt -0.470703 -1.392578
vt -0.345703 -1.392578
vt -0.345703 -1.105469
vt -0.158203 -1.392578
vt -0.158203 -1.105469
vt -0.033203 -1.392578
vt -0.158203 -0.609375
vt -0.251953 -0.515625
vt -0.345703 -0.609375
vt 1.0 0.5
vt 1.0 0.0
vt 1.03125 0.1875
vt 1.15625 0.03125
vt 1.5 0.0
vt 0.0 3.0
vt 0.0 0.0
vt 8.0 0.0
vt 8.0 3.0
vt 4.0 -0.894531
vt 4.0 -0.597656
vt 0.0 -0.597656
vt 0.0 -0.894531
vt 4.0 -0.515625
vt 0.0 -0.515625
vt 4.0 -0.894531
vt 0.0 -0.894531
vt 0.0 -0.988281
vt 4.0 -0.988281
vt 0.0 5.0
vt 0.0 0.0
vt 8.0 0.0
vt 8.0 5.0
vt 0.0 1.0
vt 0.0 0.0
vt 8.0 0.0
vt 8.0 1.0
vt 0.0 1.0
vt 0.0 0.0
vt 8.0 0.0
vt 8.0 1.0
vt 0.0 1.0
vt 0.0 0.0
vt 3.0 0.0
vt 3.0 1.0
vt 1.5 -0.894531
vt 1.5 -0.597656
vt 0.0 -0.597656
vt 0.0 -0.894531
vt 1.5 -0.515625
vt 0.0 -0.515625
vt 1.5 -0.894531
vt 0.0 -0.894531
vt 0.0 -0.988281
vt 1.5 -0.988281
vt 4.0 -0.894531
vt 4.0 -0.597656
vt 0.0 -0.597656
vt 0.0 -0.894531
vt 4.0 -0.515625
vt 0.0 -0.515625
vt 4.0 -0.894531
vt 0.0 -0.894531
vt 0.0 -0.988281
vt 4.0 -0.988281
vt 0.0 3.0
vt 0.0 0.0
vt 8.0 0.0
vt 8.0 3.0
vt 0.0 1.0
vt 0.0 0.0
vt 7.0 0.0
vt 7.0 1.0
vt 0.0 2.0
vt 0.0 0.0
vt 8.0 0.0
vt 8.0 2.0
vt 0.0 1.0
vt 0.0 0.0
vt 8.0 0.0
vt 8.0 1.0
vt 4.0 -0.894531
vt 4.0 -0.597656
vt 0.0 -0.597656
vt 0.0 -0.894531
vt 4.0 -0.515625
vt 0.0 -0.515625
vt 4.0 -0.894531
vt 0.0 -0.894531
vt 0.0 -0.988281
vt 4.0 -0.988281
vt 0.0 1.0
vt 0.0 0.0
vt 1.0 0.0
vt 1.0 1.0
vt 0.5 -0.894531
vt 0.5 -0.597656
vt 0.0 -0.597656
vt 0.0 -0.894531
vt 0.5 -0.515625
vt 0.0 -0.515625
vt 0.5 -0.894531
vt 0.0 -0.894531
vt 0.0 -0.988281
vt 0.5 -0.988281
vt 0.0 1.0
vt 0.0 0.0
vt 8.0 0.0
vt 8.0 1.0
vt 0.0 1.0
vt 0.0 0.0
vt 8.0 0.0
vt 8.0 1.0
vt 0.753906 -0.599609
vt 1.0 -0.599609
vt 1.0 -0.513672
vt 0.5 -0.513672
vt 1.0 -0.599609
vt 1.279297 -0.599609
vt 1.5 -0.513672
vt 1.0 -0.513672
vt 0.4375 -0.59375
vt 0.4375 -0.890625
vt 0.285156 -0.59375
vt 0.285156 -0.890625
vt 0.4375 -0.890625
vt 0.4375 -0.394531
vt 0.285156 -0.394531
vt 0.285156 -0.486328
vt 0.4375 -0.394531
vt 0.4375 -0.59375
vt 0.285156 -0.59375
vt 0.4375 -0.890625
vt 0.841797 -0.986328
vt 0.998047 -0.986328
vt 0.966797 -0.892578
vt 0.841797 -0.892578
vt 0.498047 -0.986328
vt 0.654297 -0.986328
vt 0.654297 -0.892578
vt 0.529297 -0.892578
vt -0.470703 -1.392578
vt -0.345703 -1.392578
vt -0.345703 -1.105469
vt -0.158203 -1.392578
vt -0.158203 -1.105469
vt -0.033203 -1.392578
vt -0.158203 -0.609375
vt -0.251953 -0.515625
vt -0.345703 -0.609375
vt 1.0 0.5
vt 1.0 0.0
vt 1.03125 0.1875
vt 1.15625 0.03125
vt 1.5 0.0
vt 0.753906 -0.599609
vt 1.0 -0.599609
vt 1.0 -0.513672
vt 0.5 -0.513672
vt 1.0 -0.599609
vt 1.279297 -0.599609
vt 1.5 -0.513672
vt 1.0 -0.513672
vt 0.4375 -0.59375
vt 0.4375 -0.890625
vt 0.285156 -0.59375
vt 0.285156 -0.890625
vt 0.4375 -0.890625
vt 0.4375 -0.394531
vt 0.285156 -0.394531
vt 0.285156 -0.486328
vt 0.4375 -0.394531
vt 0.4375 -0.59375
vt 0.285156 -0.59375
vt 0.4375 -0.890625
vt 0.841797 -0.986328
vt 0.998047 -0.986328
vt 0.966797 -0.892578
vt 0.841797 -0.892578
vt 0.498047 -0.986328
vt 0.654297 -0.986328
vt 0.654297 -0.892578
vt 0.529297 -0.892578
vt -0.470703 -1.392578
vt -0.345703 -1.392578
vt -0.345703 -1.105469
vt -0.158203 -1.392578
vt -0.158203 -1.105469
vt -0.033203 -1.392578
vt -0.158203 -0.609375
vt -0.251953 -0.515625
vt -0.345703 -0.609375
vt 1.0 0.5
vt 1.0 0.0
vt 1.03125 0.1875
vt 1.15625 0.03125
vt 1.5 0.0
vt 0.0 2.0
vt 0.0 0.0
vt 8.0 0.0
vt 8.0 2.0
vt 4.0 -0.894531
vt 4.0 -0.597656
vt 0.0 -0.597656
vt 0.0 -0.894531
vt 4.0 -0.515625
vt 0.0 -0.515625
vt 4.0 -0.894531
vt 0.0 -0.894531
vt 0.0 -0.988281
vt 4.0 -0.988281
vt 0.0 1.0
vt 0.0 0.0
vt 8.0 0.0
vt 8.0 1.0
vt 3.0 -0.894531
vt 3.0 -0.597656
vt 0.0 -0.597656
vt 0.0 -0.894531
vt 3.0 -0.515625
vt 0.0 -0.515625
vt 3.0 -0.894531
vt 0.0 -0.894531
vt 0.0 -0.988281
vt 3.0 -0.988281
vt 0.0 1.0
vt 0.0 0.0
vt 8.0 0.0
vt 8.0 1.0
vt 0.0 1.0
vt 0.0 0.0
vt 6.0 0.0
vt 6.0 1.0
vt 3.0 -0.894531
vt 3.0 -0.597656
vt 0.0 -0.597656
vt 0.0 -0.894531
vt 3.0 -0.515625
vt 0.0 -0.515625
vt 3.0 -0.894531
vt 0.0 -0.894531
vt 0.0 -0.988281
vt 3.0 -0.988281
vt 0.0 1.0
vt 0.0 0.0
vt 8.0 0.0
vt 8.0 1.0
vt 0.0 1.0
vt 0.0 0.0
vt 6.0 0.0
vt 6.0 1.0
vt 0.0 1.0
vt 0.0 0.0
vt 1.0 0.0
vt 1.0 1.0
vt 0.5 -0.894531
vt 0.5 -0.597656
vt 0.0 -0.597656
vt 0.0 -0.894531
vt 0.5 -0.515625
vt 0.0 -0.515625
vt 0.5 -0.894531
vt 0.0 -0.894531
vt 0.0 -0.988281
vt 0.5 -0.988281
vt 0.0 5.0
vt 0.0 0.0
vt 8.0 0.0
vt 8.0 5.0
vt 0.0 2.0
vt 0.0 0.0
vt 1.0 0.0
vt 1.0 2.0
vt 0.0 1.0
vt 0.0 0.0
vt 3.0 0.0
vt 3.0 1.0
vt 0.753906 -0.599609
vt 1.0 -0.599609
vt 1.0 -0.513672
vt 0.5 -0.513672
vt 1.0 -0.599609
vt 1.279297 -0.599609
vt 1.5 -0.513672
vt 1.0 -0.513672
vt 0.4375 -0.59375
vt 0.4375 -0.890625
vt 0.285156 -0.59375
vt 0.285156 -0.890625
vt 0.4375 -0.890625
vt 0.4375 -0.394531
vt 0.285156 -0.394531
vt 0.285156 -0.486328
vt 0.4375 -0.394531
vt 0.4375 -0.59375
vt 0.285156 -0.59375
vt 0.4375 -0.890625
vt 0.841797 -0.986328
vt 0.998047 -0.986328
vt 0.966797 -0.892578
vt 0.841797 -0.892578
vt 0.498047 -0.986328
vt 0.654297 -0.986328
vt 0.654297 -0.892578
vt 0.529297 -0.892578
vt -0.470703 -1.392578
vt -0.345703 -1.392578
vt -0.345703 -1.105469
vt -0.158203 -1.392578
vt -0.158203 -1.105469
vt -0.033203 -1.392578
vt -0.158203 -0.609375
vt -0.251953 -0.515625
vt -0.345703 -0.609375
vt 1.0 0.5
vt 1.0 0.0
vt 1.03125 0.1875
vt 1.15625 0.03125
vt 1.5 0.0
vt 0.0 1.0
vt 0.0 0.0
vt 4.0 0.0
vt 4.0 1.0
vt 1.5 -0.894531
vt 1.5 -0.597656
vt 0.0 -0.597656
vt 0.0 -0.894531
vt 1.5 -0.515625
vt 0.0 -0.515625
vt 1.5 -0.894531
vt 0.0 -0.894531
vt 0.0 -0.988281
vt 1.5 -0.988281
vt 0.841797 -0.986328
vt 0.998047 -0.986328
vt 0.966797 -0.892578
vt 0.841797 -0.892578
vt 0.498047 -0.986328
vt 0.654297 -0.986328
vt 0.654297 -0.892578
vt 0.529297 -0.892578
vt -0.470703 -1.392578
vt -0.345703 -1.392578
vt -0.345703 -1.105469
vt -0.158203 -1.392578
vt -0.158203 -1.105469
vt -0.033203 -1.392578
vt -0.158203 -0.609375
vt -0.251953 -0.515625
vt -0.345703 -0.609375
vt 1.0 0.5
vt 1.0 0.0
vt 1.03125 0.1875
vt 1.15625 0.03125
vt 1.5 0.0
vt 2.0 -0.894531
vt 2.0 -0.597656
vt 0.0 -0.597656
vt 0.0 -0.894531
vt 2.0 -0.515625
vt 0.0 -0.515625
vt 2.0 -0.894531
vt 0.0 -0.894531
vt 0.0 -0.988281
vt 2.0 -0.988281
vt 0.0 1.0
vt 0.0 0.0
vt 7.0 0.0
vt 7.0 1.0
vt 0.0 3.0
vt 0.0 0.0
vt 7.0 0.0
vt 7.0 3.0
vt 0.0 1.0
vt 0.0 0.0
vt 6.0 0.0
vt 6.0 1.0
vt 0.0 3.0
vt 0.0 0.0
vt 1.0 0.0
vt 1.0 3.0
vt 0.0 2.0
vt 0.0 0.0
vt 6.0 0.0
vt 6.0 2.0
vt 0.0 1.0
vt 0.0 0.0
vt 1.0 0.0
vt 1.0 1.0
vt 0.5 -0.894531
vt 0.5 -0.597656
vt 0.0 -0.597656
vt 0.0 -0.894531
vt 0.5 -0.515625
vt 0.0 -0.515625
vt 0.5 -0.894531
vt 0.0 -0.894531
vt 0.0 -0.988281
vt 0.5 -0.988281
vt 0.0 2.0
vt 0.0 0.0
vt 1.0 0.0
vt 1.0 2.0
vt 0.753906 -0.599609
vt 1.0 -0.599609
vt 1.0 -0.513672
vt 0.5 -0.513672
vt 1.0 -0.599609
vt 1.279297 -0.599609
vt 1.5 -0.513672
vt 1.0 -0.513672
vt 0.4375 -0.59375
vt 0.4375 -0.890625
vt 0.285156 -0.59375
vt 0.285156 -0.890625
vt 0.4375 -0.890625
vt 0.4375 -0.394531
vt 0.285156 -0.394531
vt 0.285156 -0.486328
vt 0.4375 -0.394531
vt 0.4375 -0.59375
vt 0.285156 -0.59375
vt 0.4375 -0.890625
vt 0.5 -0.894531
vt 0.5 -0.597656
vt 0.0 -0.597656
vt 0.0 -0.894531
vt 0.5 -0.515625
vt 0.0 -0.515625
vt 0.5 -0.894531
vt 0.0 -0.894531
vt 0.0 -0.988281
vt 0.5 -0.988281
vt 0.841797 -0.986328
vt 0.998047 -0.986328
vt 0.966797 -0.892578
vt 0.841797 -0.892578
vt 0.498047 -0.986328
vt 0.654297 -0.986328
vt 0.654297 -0.892578
vt 0.529297 -0.892578
vt -0.470703 -1.392578
vt -0.345703 -1.392578
vt -0.345703 -1.105469
vt -0.158203 -1.392578
vt -0.158203 -1.105469
vt -0.033203 -1.392578
vt -0.158203 -0.609375
vt -0.251953 -0.515625
vt -0.345703 -0.609375
vt 1.0 0.5
vt 1.0 0.0
vt 1.03125 0.1875
vt 1.15625 0.03125
vt 1.5 0.0
vt 0.753906 -0.599609
vt 1.0 -0.599609
vt 1.0 -0.513672
vt 0.5 -0.513672
vt 1.0 -0.599609
vt 1.279297 -0.599609
vt 1.5 -0.513672
vt 1.0 -0.513672
vt 0.4375 -0.59375
vt 0.4375 -0.890625
vt 0.285156 -0.59375
vt 0.285156 -0.890625
vt 0.4375 -0.890625
vt 0.4375 -0.394531
vt 0.285156 -0.394531
vt 0.285156 -0.486328
vt 0.4375 -0.394531
vt 0.4375 -0.59375
vt 0.285156 -0.59375
vt 0.4375 -0.890625
vt 0.841797 -0.986328
vt 0.998047 -0.986328
vt 0.966797 -0.892578
vt 0.841797 -0.892578
vt 0.498047 -0.986328
vt 0.654297 -0.986328
vt 0.654297 -0.892578
vt 0.529297 -0.892578
vt -0.470703 -1.392578
vt -0.345703 -1.392578
vt -0.345703 -1.105469
vt -0.158203 -1.392578
vt -0.158203 -1.105469
vt -0.033203 -1.392578
vt -0.158203 -0.609375
vt -0.251953 -0.515625
vt -0.345703 -0.609375
vt 1.0 0.5
vt 1.0 0.0
vt 1.03125 0.1875
vt 1.15625 0.03125
vt 1.5 0.0
vt 0.0 1.0
vt 0.0 0.0
vt 5.0 0.0
vt 5.0 1.0
vt 0.753906 -0.599609
vt 1.0 -0.599609
vt 1.0 -0.513672
vt 0.5 -0.513672
vt 1.0 -0.599609
vt 1.279297 -0.599609
vt 1.5 -0.513672
vt 1.0 -0.513672
vt 0.4375 -0.59375
vt 0.4375 -0.890625
vt 0.285156 -0.59375
vt 0.285156 -0.890625
vt 0.4375 -0.890625
vt 0.4375 -0.394531
vt 0.285156 -0.394531
vt 0.285156 -0.486328
vt 0.4375 -0.394531
vt 0.4375 -0.59375
vt 0.285156 -0.59375
vt 0.4375 -0.890625
vt 0.841797 -0.986328
vt 0.998047 -0.986328
vt 0.966797 -0.892578
vt 0.841797 -0.892578
vt 0.498047 -0.986328
vt 0.654297 -0.986328
vt 0.654297 -0.892578
vt 0.529297 -0.892578
vt -0.470703 -1.392578
vt -0.345703 -1.392578
vt -0.345703 -1.105469
vt -0.158203 -1.392578
vt -0.158203 -1.105469
vt -0.033203 -1.392578
vt -0.158203 -0.609375
vt -0.251953 -0.515625
vt -0.345703 -0.609375
vt 1.0 0.5
vt 1.0 0.0
vt 1.03125 0.1875
vt 1.15625 0.03125
vt 1.5 0.0
vt 0.0 1.0
vt 0.0 0.0
vt 5.0 0.0
vt 5.0 1.0
vt 0.753906 -0.599609
vt 1.0 -0.599609
vt 1.0 -0.513672
vt 0.5 -0.513672
vt 1.0 -0.599609
vt 1.279297 -0.599609
vt 1.5 -0.513672
vt 1.0 -0.513672
vt 0.4375 -0.59375
vt 0.4375 -0.890625
vt 0.285156 -0.59375
vt 0.285156 -0.890625
vt 0.4375 -0.890625
vt 0.4375 -0.394531
vt 0.285156 -0.394531
vt 0.285156 -0.486328
vt 0.4375 -0.394531
vt 0.4375 -0.59375
vt 0.285156 -0.59375
vt 0.4375 -0.890625
vt 0.5 -0.894531
vt 0.5 -0.597656
vt 0.0 -0.597656
vt 0.0 -0.894531
vt 0.5 -0.515625
vt 0.0 -0.515625
vt 0.5 -0.894531
vt 0.0 -0.894531
vt 0.0 -0.988281
vt 0.5 -0.988281
vt 0.841797 -0.986328
vt 0.998047 -0.986328
vt 0.966797 -0.892578
vt 0.841797 -0.892578
vt 0.498047 -0.986328
vt 0.654297 -0.986328
vt 0.654297 -0.892578
vt 0.529297 -0.892578
vt -0.470703 -1.392578
vt -0.345703 -1.392578
vt -0.345703 -1.105469
vt -0.158203 -1.392578
vt -0.158203 -1.105469
vt -0.033203 -1.392578
vt -0.158203 -0.609375
vt -0.251953 -0.515625
vt -0.345703 -0.609375
vt 1.0 0.5
vt 1.0 0.0
vt 1.03125 0.1875
vt 1.15625 0.03125
vt 1.5 0.0
vt 0.0 2.0
vt 0.0 0.0
vt 4.0 0.0
vt 4.0 2.0
vt 2.0 -0.894531
vt 2.0 -0.597656
vt 0.0 -0.597656
vt 0.0 -0.894531
vt 2.0 -0.515625
vt 0.0 -0.515625
vt 2.0 -0.894531
vt 0.0 -0.894531
vt 0.0 -0.988281
vt 2.0 -0.988281
vt 0.0 3.0
vt 0.0 0.0
vt 4.0 0.0
vt 4.0 3.0
vt 2.0 -0.894531
vt 2.0 -0.597656
vt 0.0 -0.597656
vt 0.0 -0.894531
vt 2.0 -0.515625
vt 0.0 -0.515625
vt 2.0 -0.894531
vt 0.0 -0.894531
vt 0.0 -0.988281
vt 2.0 -0.988281
vt 0.0 1.0
vt 0.0 0.0
vt 4.0 0.0
vt 4.0 1.0
vt 0.753906 -0.599609
vt 1.0 -0.599609
vt 1.0 -0.513672
vt 0.5 -0.513672
vt 1.0 -0.599609
vt 1.279297 -0.599609
vt 1.5 -0.513672
vt 1.0 -0.513672
vt 0.4375 -0.59375
vt 0.4375 -0.890625
vt 0.285156 -0.59375
vt 0.285156 -0.890625
vt 0.4375 -0.890625
vt 0.4375 -0.394531
vt 0.285156 -0.394531
vt 0.285156 -0.486328
vt 0.4375 -0.394531
vt 0.4375 -0.59375
vt 0.285156 -0.59375
vt 0.4375 -0.890625
vt 0.841797 -0.986328
vt 0.998047 -0.986328
vt 0.966797 -0.892578
vt 0.841797 -0.892578
vt 0.498047 -0.986328
vt 0.654297 -0.986328
vt 0.654297 -0.892578
vt 0.529297 -0.892578
vt -0.470703 -1.392578
vt -0.345703 -1.392578
vt -0.345703 -1.105469
vt -0.158203 -1.392578
vt -0.158203 -1.105469
vt -0.033203 -1.392578
vt -0.158203 -0.609375
vt -0.251953 -0.515625
vt -0.345703 -0.609375
vt 1.0 0.5
vt 1.0 0.0
vt 1.03125 0.1875
vt 1.15625 0.03125
vt 1.5 0.0
vt 0.0 1.0
vt 0.0 0.0
vt 4.0 0.0
vt 4.0 1.0
vt 1.5 -0.894531
vt 1.5 -0.597656
vt 0.0 -0.597656
vt 0.0 -0.894531
vt 1.5 -0.515625
vt 0.0 -0.515625
vt 1.5 -0.894531
vt 0.0 -0.894531
vt 0.0 -0.988281
vt 1.5 -0.988281
vt 0.0 2.0
vt 0.0 0.0
vt 3.0 0.0
vt 3.0 2.0
vt 0.0 1.0
vt 0.0 0.0
vt 3.0 0.0
vt 3.0 1.0
vt 0.753906 -0.599609
vt 1.0 -0.599609
vt 1.0 -0.513672
vt 0.5 -0.513672
vt 1.0 -0.599609
vt 1.279297 -0.599609
vt 1.5 -0.513672
vt 1.0 -0.513672
vt 0.4375 -0.59375
vt 0.4375 -0.890625
vt 0.285156 -0.59375
vt 0.285156 -0.890625
vt 0.4375 -0.890625
vt 0.4375 -0.394531
vt 0.285156 -0.394531
vt 0.285156 -0.486328
vt 0.4375 -0.394531
vt 0.4375 -0.59375
vt 0.285156 -0.59375
vt 0.4375 -0.890625
vt 0.841797 -0.986328
vt 0.998047 -0.986328
vt 0.966797 -0.892578
vt 0.841797 -0.892578
vt 0.498047 -0.986328
vt 0.654297 -0.986328
vt 0.654297 -0.892578
vt 0.529297 -0.892578
vt -0.470703 -1.392578
vt -0.345703 -1.392578
vt -0.345703 -1.105469
vt -0.158203 -1.392578
vt -0.158203 -1.105469
vt -0.033203 -1.392578
vt -0.158203 -0.609375
vt -0.251953 -0.515625
vt -0.345703 -0.609375
vt 1.0 0.5
vt 1.0 0.0
vt 1.03125 0.1875
vt 1.15625 0.03125
vt 1.5 0.0
vt 1.5 -0.894531
vt 1.5 -0.597656
vt 0.0 -0.597656
vt 0.0 -0.894531
vt 1.5 -0.515625
vt 0.0 -0.515625
vt 1.5 -0.894531
vt 0.0 -0.894531
vt 0.0 -0.988281
vt 1.5 -0.988281
vt 0.0 1.0
vt 0.0 0.0
vt 3.0 0.0
vt 3.0 1.0
vt 1.0 -0.894531
vt 1.0 -0.597656
vt 0.0 -0.597656
vt 0.0 -0.894531
vt 1.0 -0.515625
vt 0.0 -0.515625
vt 1.0 -0.894531
vt 0.0 -0.894531
vt 0.0 -0.988281
vt 1.0 -0.988281
vt 0.0 1.0
vt 0.0 0.0
vt 2.0 0.0
vt 2.0 1.0
vt 0.0 1.0
vt 0.0 0.0
vt 1.0 0.0
vt 1.0 1.0
vt 0.0 5.0
vt 0.0 0.0
vt 1.0 0.0
vt 1.0 5.0
vt 2.0 -2.0E-6
vt 0.0 -2.0E-6
vt 2.0 2.000002
vt 0.0 2.000002
vt 2.0 1.999998
vt 0.0 1.999998
vt 2.0 4.000002
vt 0.0 4.000002
vt 2.0 6.000002
vt 0.0 6.000002
vt 2.0 3.999998
vt 0.0 3.999998
vt 2.0 8.000002
vt 0.0 8.000002
vt 2.0 5.999998
vt 0.0 5.999998
vt 4.0 -2.0E-6
vt 2.0 -2.0E-6
vt 4.0 2.000002
vt 2.0 2.000002
vt 4.0 1.999998
vt 2.0 1.999998
vt 4.0 4.000002
vt 2.0 4.000002
vt 4.0 6.000002
vt 2.0 6.000002
vt 4.0 3.999998
vt 2.0 3.999998
vt 4.0 8.000002
vt 2.0 8.000002
vt 4.0 5.999998
vt 2.0 5.999998
vt 6.0 -2.0E-6
vt 4.0 -2.0E-6
vt 6.0 2.000002
vt 4.0 2.000002
vt 6.0 1.999998
vt 4.0 1.999998
vt 6.0 4.000002
vt 4.0 4.000002
vt 6.0 6.000002
vt 4.0 6.000002
vt 6.0 3.999998
vt 4.0 3.999998
vt 6.0 8.000002
vt 4.0 8.000002
vt 6.0 5.999998
vt 4.0 5.999998
vt 8.0 -2.0E-6
vt 6.0 -2.0E-6
vt 8.0 2.000002
vt 6.0 2.000002
vt 8.0 1.999998
vt 6.0 1.999998
vt 8.0 4.000002
vt 6.0 4.000002
vt 8.0 6.000002
vt 6.0 6.000002
vt 8.0 3.999998
vt 6.0 3.999998
vt 8.0 8.000002
vt 6.0 8.000002
vt 8.0 5.999998
vt 6.0 5.999998
vn -0.0 0.0 1.0
vn -0.0 -0.0 1.0
vn 0.0 6.0E-4 1.0
vn 0.0 -7.0E-4 1.0
vn 0.0 0.0838 0.9965
vn 4.0E-4 -0.0 1.0
vn -0.0 -0.0 1.0
vn 0.0 6.0E-4 1.0
vn 0.0 -7.0E-4 1.0
vn 0.0 0.0838 0.9965
vn 4.0E-4 -0.0 1.0
vn 0.0 0.0 1.0
vn 0.0 -0.9371 0.3492
vn 0.6193 -0.6885 0.3775
vn 0.5992 -0.7069 0.3759
vn 0.882 -0.441 0.1664
vn 0.6447 -0.7456 0.1685
vn 0.6542 -0.7372 0.1688
vn -0.8794 0.4547 0.1415
vn -0.6542 -0.7372 0.1688
vn -0.3228 -0.9351 0.1466
vn -0.6447 -0.7456 0.1685
vn 0.8301 -0.4151 0.3724
vn -0.882 -0.441 0.1664
vn 0.3228 -0.9351 0.1466
vn -0.3078 -0.8916 0.3322
vn 0.5292 0.7978 0.2889
vn 0.6624 0.7037 0.2571
vn 0.6464 0.7168 0.2615
vn 0.8822 0.4405 0.1664
vn -0.3226 0.8737 0.3643
vn -0.0069 0.8033 0.5955
vn 0.1431 0.726 0.6726
vn 0.5903 0.2944 0.7516
vn 0.5902 -0.2951 0.7514
vn 0.4073 -0.5171 0.7528
vn 0.4417 -0.4814 0.7571
vn 0.2307 -0.6685 0.707
vn 0.1484 0.8323 0.534
vn -0.1958 0.6669 0.719
vn -0.2526 0.6255 0.7382
vn -0.58 0.2821 0.7642
vn -0.4183 -0.2091 0.8839
vn -0.3364 0.8606 0.3823
vn -0.8069 0.4311 0.4038
vn -0.2307 -0.6685 0.707
vn -0.9361 0.2695 0.2259
vn 0.8305 0.4142 0.3725
vn -0.3541 0.934 0.0472
vn -0.0 0.0 1.0
vn -0.9371 -0.0 0.3492
vn -0.6885 -0.6193 0.3775
vn -0.7069 -0.5992 0.3759
vn -0.441 -0.882 0.1664
vn -0.7456 -0.6447 0.1685
vn -0.7372 -0.6542 0.1688
vn 0.4547 0.8794 0.1415
vn -0.7372 0.6542 0.1688
vn -0.9351 0.3228 0.1466
vn -0.7456 0.6447 0.1685
vn -0.4151 -0.8301 0.3724
vn -0.441 0.882 0.1664
vn -0.9351 -0.3228 0.1466
vn -0.8916 0.3078 0.3322
vn 0.7978 -0.5292 0.2889
vn 0.7037 -0.6624 0.2571
vn 0.7168 -0.6464 0.2615
vn 0.4405 -0.8822 0.1664
vn 0.8737 0.3226 0.3643
vn 0.8033 0.0069 0.5955
vn 0.726 -0.1431 0.6726
vn 0.2944 -0.5903 0.7516
vn -0.2951 -0.5902 0.7514
vn -0.5171 -0.4073 0.7528
vn -0.4814 -0.4417 0.7571
vn -0.6685 -0.2307 0.707
vn 0.8323 -0.1484 0.534
vn 0.6669 0.1958 0.719
vn 0.6255 0.2526 0.7382
vn 0.2821 0.58 0.7642
vn -0.2091 0.4183 0.8839
vn 0.8606 0.3364 0.3823
vn 0.4311 0.8069 0.4038
vn -0.6685 0.2307 0.707
vn 0.2695 0.9361 0.2259
vn 0.4142 -0.8305 0.3725
vn 0.934 0.3541 0.0472
vn 0.0 0.0 1.0
vn -0.9371 -0.0 0.3492
vn -0.6885 -0.6193 0.3775
vn -0.7069 -0.5992 0.3759
vn -0.441 -0.882 0.1664
vn -0.7456 -0.6447 0.1685
vn -0.7372 -0.6542 0.1688
vn 0.4547 0.8794 0.1415
vn -0.7372 0.6542 0.1688
vn -0.9351 0.3228 0.1466
vn -0.7456 0.6447 0.1685
vn -0.4151 -0.8301 0.3724
vn -0.441 0.882 0.1664
vn -0.9351 -0.3228 0.1466
vn -0.8916 0.3078 0.3322
vn 0.7978 -0.5292 0.2889
vn 0.7037 -0.6624 0.2571
vn 0.7168 -0.6464 0.2615
vn 0.4405 -0.8822 0.1664
vn 0.8737 0.3226 0.3643
vn 0.8033 0.0069 0.5955
vn 0.726 -0.1431 0.6726
vn 0.2944 -0.5903 0.7516
vn -0.2951 -0.5902 0.7514
vn -0.5171 -0.4073 0.7528
vn -0.4814 -0.4417 0.7571
vn -0.6685 -0.2307 0.707
vn 0.8323 -0.1484 0.534
vn 0.6669 0.1958 0.719
vn 0.6255 0.2526 0.7382
vn 0.2821 0.58 0.7642
vn -0.2091 0.4183 0.8839
vn 0.8606 0.3364 0.3823
vn 0.4311 0.8069 0.4038
vn -0.6685 0.2307 0.707
vn 0.2695 0.9361 0.2259
vn 0.4142 -0.8305 0.3725
vn 0.934 0.3541 0.0472
vn 0.0 0.0 1.0
vn 0.0 -0.9371 0.3492
vn 0.6193 -0.6885 0.3775
vn 0.5992 -0.7069 0.3759
vn 0.882 -0.441 0.1664
vn 0.6447 -0.7456 0.1685
vn 0.6542 -0.7372 0.1688
vn -0.8794 0.4547 0.1415
vn -0.6542 -0.7372 0.1688
vn -0.3228 -0.9351 0.1466
vn -0.6447 -0.7456 0.1685
vn 0.8301 -0.4151 0.3724
vn -0.882 -0.441 0.1664
vn 0.3228 -0.9351 0.1466
vn -0.3078 -0.8916 0.3322
vn 0.5292 0.7978 0.2889
vn 0.6624 0.7037 0.2571
vn 0.6464 0.7168 0.2615
vn 0.8822 0.4405 0.1664
vn -0.3226 0.8737 0.3643
vn -0.0069 0.8033 0.5955
vn 0.1431 0.726 0.6726
vn 0.5903 0.2944 0.7516
vn 0.5902 -0.2951 0.7514
vn 0.4073 -0.5171 0.7528
vn 0.4417 -0.4814 0.7571
vn 0.2307 -0.6685 0.707
vn 0.1484 0.8323 0.534
vn -0.1958 0.6669 0.719
vn -0.2526 0.6255 0.7382
vn -0.58 0.2821 0.7642
vn -0.4183 -0.2091 0.8839
vn -0.3364 0.8606 0.3823
vn -0.8069 0.4311 0.4038
vn -0.2307 -0.6685 0.707
vn -0.9361 0.2695 0.2259
vn 0.8305 0.4142 0.3725
vn -0.3541 0.934 0.0472
vn -0.0 0.0 1.0
vn 0.0 -0.9371 0.3492
vn 0.6193 -0.6885 0.3775
vn 0.5992 -0.7069 0.3759
vn 0.882 -0.441 0.1664
vn 0.6447 -0.7456 0.1685
vn 0.6542 -0.7372 0.1688
vn -0.8794 0.4547 0.1415
vn -0.6542 -0.7372 0.1688
vn -0.3228 -0.9351 0.1466
vn -0.6447 -0.7456 0.1685
vn 0.8301 -0.4151 0.3724
vn -0.882 -0.441 0.1664
vn 0.3228 -0.9351 0.1466
vn -0.3078 -0.8916 0.3322
vn 0.5292 0.7978 0.2889
vn 0.6624 0.7037 0.2571
vn 0.6464 0.7168 0.2615
vn 0.8822 0.4405 0.1664
vn -0.3226 0.8737 0.3643
vn -0.0069 0.8033 0.5955
vn 0.1431 0.726 0.6726
vn 0.5903 0.2944 0.7516
vn 0.5902 -0.2951 0.7514
vn 0.4073 -0.5171 0.7528
vn 0.4417 -0.4814 0.7571
vn 0.2307 -0.6685 0.707
vn 0.1484 0.8323 0.534
vn -0.1958 0.6669 0.719
vn -0.2526 0.6255 0.7382
vn -0.58 0.2821 0.7642
vn -0.4183 -0.2091 0.8839
vn -0.3364 0.8606 0.3823
vn -0.8069 0.4311 0.4038
vn -0.2307 -0.6685 0.707
vn -0.9361 0.2695 0.2259
vn 0.8305 0.4142 0.3725
vn -0.3541 0.934 0.0472
vn -0.0 0.0 1.0
vn 0.0 -0.9371 0.3492
vn 0.6193 -0.6885 0.3775
vn 0.5992 -0.7069 0.3759
vn 0.882 -0.441 0.1664
vn 0.6447 -0.7456 0.1685
vn 0.6542 -0.7372 0.1688
vn -0.8794 0.4547 0.1415
vn -0.6542 -0.7372 0.1688
vn -0.3228 -0.9351 0.1466
vn -0.6447 -0.7456 0.1685
vn 0.8301 -0.4151 0.3724
vn -0.882 -0.441 0.1664
vn 0.3228 -0.9351 0.1466
vn -0.3078 -0.8916 0.3322
vn 0.5292 0.7978 0.2889
vn 0.6624 0.7037 0.2571
vn 0.6464 0.7168 0.2615
vn 0.8822 0.4405 0.1664
vn -0.3226 0.8737 0.3643
vn -0.0069 0.8033 0.5955
vn 0.1431 0.726 0.6726
vn 0.5903 0.2944 0.7516
vn 0.5902 -0.2951 0.7514
vn 0.4073 -0.5171 0.7528
vn 0.4417 -0.4814 0.7571
vn 0.2307 -0.6685 0.707
vn 0.1484 0.8323 0.534
vn -0.1958 0.6669 0.719
vn -0.2526 0.6255 0.7382
vn -0.58 0.2821 0.7642
vn -0.4183 -0.2091 0.8839
vn -0.3364 0.8606 0.3823
vn -0.8069 0.4311 0.4038
vn -0.2307 -0.6685 0.707
vn -0.9361 0.2695 0.2259
vn 0.8305 0.4142 0.3725
vn -0.3541 0.934 0.0472
vn -0.0 0.0 1.0
vn -0.9371 -0.0 0.3492
vn -0.6885 -0.6193 0.3775
vn -0.7069 -0.5992 0.3759
vn -0.441 -0.882 0.1664
vn -0.7456 -0.6447 0.1685
vn -0.7372 -0.6542 0.1688
vn 0.4547 0.8794 0.1415
vn -0.7372 0.6542 0.1688
vn -0.9351 0.3228 0.1466
vn -0.7456 0.6447 0.1685
vn -0.4151 -0.8301 0.3724
vn -0.441 0.882 0.1664
vn -0.9351 -0.3228 0.1466
vn -0.8916 0.3078 0.3322
vn 0.7978 -0.5292 0.2889
vn 0.7037 -0.6624 0.2571
vn 0.7168 -0.6464 0.2615
vn 0.4405 -0.8822 0.1664
vn 0.8737 0.3226 0.3643
vn 0.8033 0.0069 0.5955
vn 0.726 -0.1431 0.6726
vn 0.2944 -0.5903 0.7516
vn -0.2951 -0.5902 0.7514
vn -0.5171 -0.4073 0.7528
vn -0.4814 -0.4417 0.7571
vn -0.6685 -0.2307 0.707
vn 0.8323 -0.1484 0.534
vn 0.6669 0.1958 0.719
vn 0.6255 0.2526 0.7382
vn 0.2821 0.58 0.7642
vn -0.2091 0.4183 0.8839
vn 0.8606 0.3364 0.3823
vn 0.4311 0.8069 0.4038
vn -0.6685 0.2307 0.707
vn 0.2695 0.9361 0.2259
vn 0.4142 -0.8305 0.3725
vn 0.934 0.3541 0.0472
vn 0.0 0.0 1.0
vn -0.9371 -0.0 0.3492
vn -0.6885 -0.6193 0.3775
vn -0.7069 -0.5992 0.3759
vn -0.441 -0.882 0.1664
vn -0.7456 -0.6447 0.1685
vn -0.7372 -0.6542 0.1688
vn 0.4547 0.8794 0.1415
vn -0.7372 0.6542 0.1688
vn -0.9351 0.3228 0.1466
vn -0.7456 0.6447 0.1685
vn -0.4151 -0.8301 0.3724
vn -0.441 0.882 0.1664
vn -0.9351 -0.3228 0.1466
vn -0.8916 0.3078 0.3322
vn 0.7978 -0.5292 0.2889
vn 0.7037 -0.6624 0.2571
vn 0.7168 -0.6464 0.2615
vn 0.4405 -0.8822 0.1664
vn 0.8737 0.3226 0.3643
vn 0.8033 0.0069 0.5955
vn 0.726 -0.1431 0.6726
vn 0.2944 -0.5903 0.7516
vn -0.2951 -0.5902 0.7514
vn -0.5171 -0.4073 0.7528
vn -0.4814 -0.4417 0.7571
vn -0.6685 -0.2307 0.707
vn 0.8323 -0.1484 0.534
vn 0.6669 0.1958 0.719
vn 0.6255 0.2526 0.7382
vn 0.2821 0.58 0.7642
vn -0.2091 0.4183 0.8839
vn 0.8606 0.3364 0.3823
vn 0.4311 0.8069 0.4038
vn -0.6685 0.2307 0.707
vn 0.2695 0.9361 0.2259
vn 0.4142 -0.8305 0.3725
vn 0.934 0.3541 0.0472
vn 0.0 0.0 1.0
vn 0.0 -0.9371 0.3492
vn 0.6193 -0.6885 0.3775
vn 0.5992 -0.7069 0.3759
vn 0.882 -0.441 0.1664
vn 0.6447 -0.7456 0.1685
vn 0.6542 -0.7372 0.1688
vn -0.8794 0.4547 0.1415
vn -0.6542 -0.7372 0.1688
vn -0.3228 -0.9351 0.1466
vn -0.6447 -0.7456 0.1685
vn 0.8301 -0.4151 0.3724
vn -0.882 -0.441 0.1664
vn 0.3228 -0.9351 0.1466
vn -0.3078 -0.8916 0.3322
vn 0.5292 0.7978 0.2889
vn 0.6624 0.7037 0.2571
vn 0.6464 0.7168 0.2615
vn 0.8822 0.4405 0.1664
vn -0.3226 0.8737 0.3643
vn -0.0069 0.8033 0.5955
vn 0.1431 0.726 0.6726
vn 0.5903 0.2944 0.7516
vn 0.5902 -0.2951 0.7514
vn 0.4073 -0.5171 0.7528
vn 0.4417 -0.4814 0.7571
vn 0.2307 -0.6685 0.707
vn 0.1484 0.8323 0.534
vn -0.1958 0.6669 0.719
vn -0.2526 0.6255 0.7382
vn -0.58 0.2821 0.7642
vn -0.4183 -0.2091 0.8839
vn -0.3364 0.8606 0.3823
vn -0.8069 0.4311 0.4038
vn -0.2307 -0.6685 0.707
vn -0.9361 0.2695 0.2259
vn 0.8305 0.4142 0.3725
vn -0.3541 0.934 0.0472
vn -0.0 0.0 1.0
vn 0.0 -0.9371 0.3492
vn 0.6193 -0.6885 0.3775
vn 0.5992 -0.7069 0.3759
vn 0.882 -0.441 0.1664
vn 0.6447 -0.7456 0.1685
vn 0.6542 -0.7372 0.1688
vn -0.8794 0.4547 0.1415
vn -0.6542 -0.7372 0.1688
vn -0.3228 -0.9351 0.1466
vn -0.6447 -0.7456 0.1685
vn 0.8301 -0.4151 0.3724
vn -0.882 -0.441 0.1664
vn 0.3228 -0.9351 0.1466
vn -0.3078 -0.8916 0.3322
vn 0.5292 0.7978 0.2889
vn 0.6624 0.7037 0.2571
vn 0.6464 0.7168 0.2615
vn 0.8822 0.4405 0.1664
vn -0.3226 0.8737 0.3643
vn -0.0069 0.8033 0.5955
vn 0.1431 0.726 0.6726
vn 0.5903 0.2944 0.7516
vn 0.5902 -0.2951 0.7514
vn 0.4073 -0.5171 0.7528
vn 0.4417 -0.4814 0.7571
vn 0.2307 -0.6685 0.707
vn 0.1484 0.8323 0.534
vn -0.1958 0.6669 0.719
vn -0.2526 0.6255 0.7382
vn -0.58 0.2821 0.7642
vn -0.4183 -0.2091 0.8839
vn -0.3364 0.8606 0.3823
vn -0.8069 0.4311 0.4038
vn -0.2307 -0.6685 0.707
vn -0.9361 0.2695 0.2259
vn 0.8305 0.4142 0.3725
vn -0.3541 0.934 0.0472
vn -0.0 0.0 1.0
vn 0.0 -0.0 1.0
vn 0.0 -0.0 1.0
vn 0.0 -0.0 1.0
vn 0.0 -0.0 1.0
vn 0.0 -0.0 1.0
vn 0.0 -0.9371 0.3492
vn 0.6193 -0.6885 0.3775
vn 0.5992 -0.7069 0.3759
vn 0.882 -0.441 0.1664
vn 0.6447 -0.7456 0.1685
vn 0.6542 -0.7372 0.1688
vn -0.8794 0.4547 0.1415
vn -0.6542 -0.7372 0.1688
vn -0.3228 -0.9351 0.1466
vn -0.6447 -0.7456 0.1685
vn 0.8301 -0.4151 0.3724
vn -0.882 -0.441 0.1664
vn 0.3228 -0.9351 0.1466
vn -0.3078 -0.8916 0.3322
vn 0.5292 0.7978 0.2889
vn 0.6624 0.7037 0.2571
vn 0.6464 0.7168 0.2615
vn 0.8822 0.4405 0.1664
vn -0.3226 0.8737 0.3643
vn -0.0069 0.8033 0.5955
vn 0.1431 0.726 0.6726
vn 0.5903 0.2944 0.7516
vn 0.5902 -0.2951 0.7514
vn 0.4073 -0.5171 0.7528
vn 0.4417 -0.4814 0.7571
vn 0.2307 -0.6685 0.707
vn 0.1484 0.8323 0.534
vn -0.1958 0.6669 0.719
vn -0.2526 0.6255 0.7382
vn -0.58 0.2821 0.7642
vn -0.4183 -0.2091 0.8839
vn -0.3364 0.8606 0.3823
vn -0.8069 0.4311 0.4038
vn -0.2307 -0.6685 0.707
vn -0.9361 0.2695 0.2259
vn 0.8305 0.4142 0.3725
vn -0.3541 0.934 0.0472
vn -0.0 0.0 1.0
vn 0.0 -0.0 1.0
vn 0.0 -0.0 1.0
vn 0.0 -0.0 1.0
vn 0.0 -0.0 1.0
vn 0.0 -0.0 1.0
vn 0.0 -0.0 1.0
vn 0.0 -0.0 1.0
vn 0.0 -0.0 1.0
vn 0.0 -0.0 1.0
vn -0.9371 -0.0 0.3492
vn -0.6885 -0.6193 0.3775
vn -0.7069 -0.5992 0.3759
vn -0.441 -0.882 0.1664
vn -0.7456 -0.6447 0.1685
vn -0.7372 -0.6542 0.1688
vn 0.4547 0.8794 0.1415
vn -0.7372 0.6542 0.1688
vn -0.9351 0.3228 0.1466
vn -0.7456 0.6447 0.1685
vn -0.4151 -0.8301 0.3724
vn -0.441 0.882 0.1664
vn -0.9351 -0.3228 0.1466
vn -0.8916 0.3078 0.3322
vn 0.7978 -0.5292 0.2889
vn 0.7037 -0.6624 0.2571
vn 0.7168 -0.6464 0.2615
vn 0.4405 -0.8822 0.1664
vn 0.8737 0.3226 0.3643
vn 0.8033 0.0069 0.5955
vn 0.726 -0.1431 0.6726
vn 0.2944 -0.5903 0.7516
vn -0.2951 -0.5902 0.7514
vn -0.5171 -0.4073 0.7528
vn -0.4814 -0.4417 0.7571
vn -0.6685 -0.2307 0.707
vn 0.8323 -0.1484 0.534
vn 0.6669 0.1958 0.719
vn 0.6255 0.2526 0.7382
vn 0.2821 0.58 0.7642
vn -0.2091 0.4183 0.8839
vn 0.8606 0.3364 0.3823
vn 0.4311 0.8069 0.4038
vn -0.6685 0.2307 0.707
vn 0.2695 0.9361 0.2259
vn 0.4142 -0.8305 0.3725
vn 0.934 0.3541 0.0472
vn 0.0 0.0 1.0
vn 0.0 -0.0 1.0
vn 0.0 -0.0 1.0
vn 0.0 -0.0 1.0
vn 0.0 -0.0 1.0
vn 0.0 -0.0 1.0
vn 0.0 -0.0 1.0
vn 0.0 -0.0 1.0
vn 0.0 -0.0 1.0
vn 0.0 -0.0 1.0
vn -0.0 0.7071 0.7071
vn -0.0 0.5258 0.8506
vn 0.0 0.0 1.0
vn -0.0 0.426 0.9047
vn 0.0 -0.0 1.0
vn -0.0 0.7071 0.7071
vn -0.0 0.5258 0.8506
vn 0.0 0.0 1.0
vn -0.0 0.426 0.9047
vn 0.0 -0.0 1.0
vn -0.0 0.7071 0.7071
vn -0.0 0.5258 0.8506
vn 0.0 0.0 1.0
vn -0.0 0.426 0.9047
vn 0.0 -0.0 1.0
vn -0.0 0.7071 0.7071
vn -0.0 0.5258 0.8506
vn 0.0 0.0 1.0
vn -0.0 0.426 0.9047
vn 0.0 -0.0 1.0
vn -0.3865 0.3865 0.8374
vn 0.0 0.526 0.8505
vn 0.0 0.0 1.0
vn -0.526 -0.0 0.8505
vn -0.5259 -0.0 0.8505
vn -0.6425 0.3262 0.6934
vn -0.4629 0.4629 0.7559
vn -0.3262 0.6426 0.6933
vn -0.3262 0.6426 0.6934
vn -0.6426 0.3262 0.6934
vn 0.0 0.5259 0.8505
vn -0.7071 -0.0 0.7071
vn -0.5258 -0.0 0.8506
vn -0.0 0.0 1.0
vn -0.426 -0.0 0.9047
vn -0.1651 0.0808 0.983
vn -0.2269 0.0178 0.9738
vn -0.6983 0.0558 0.7136
vn -0.5641 0.3474 0.7491
vn -0.0679 0.1819 0.981
vn -0.0657 0.1788 0.9817
vn -0.2295 0.5999 0.7665
vn -0.0672 0.6978 0.7132
vn -0.0644 0.6948 0.7163
vn -0.2303 0.6012 0.7652
vn -0.3262 0.6426 0.6933
vn -0.5703 0.3477 0.7442
vn -0.5665 0.25 0.7852
vn -0.6961 0.0567 0.7157
vn 0.0 -0.0 1.0
vn -0.3262 0.6425 0.6933
vn 0.0 -0.0 1.0
vn -0.7071 -0.0 0.7071
vn -0.5258 -0.0 0.8506
vn -0.0 0.0 1.0
vn -0.426 -0.0 0.9047
vn -0.1651 0.0808 0.983
vn -0.2269 0.0178 0.9738
vn -0.6983 0.0558 0.7136
vn -0.5641 0.3474 0.7491
vn -0.0679 0.1819 0.981
vn -0.0657 0.1788 0.9817
vn -0.2295 0.5999 0.7665
vn -0.0672 0.6978 0.7132
vn -0.0644 0.6948 0.7163
vn -0.2303 0.6012 0.7652
vn -0.3262 0.6426 0.6933
vn -0.5703 0.3477 0.7442
vn -0.5665 0.25 0.7852
vn -0.6961 0.0567 0.7157
vn 0.0 -0.0 1.0
vn -0.3262 0.6425 0.6933
vn 0.0 -0.0 1.0
vn 0.0 -0.0 1.0
vn -0.0 0.7071 0.7071
vn -0.0 0.5258 0.8506
vn 0.0 0.0 1.0
vn -0.0 0.426 0.9047
vn -0.3865 0.3865 0.8374
vn 0.0 0.526 0.8505
vn 0.0 0.0 1.0
vn -0.526 -0.0 0.8505
vn -0.5259 -0.0 0.8505
vn -0.6425 0.3262 0.6934
vn -0.4629 0.4629 0.7559
vn -0.3262 0.6426 0.6933
vn -0.3262 0.6426 0.6934
vn -0.6426 0.3262 0.6934
vn 0.0 0.5259 0.8505
vn -0.1651 0.0808 0.983
vn -0.2269 0.0178 0.9738
vn -0.6983 0.0558 0.7136
vn -0.5641 0.3474 0.7491
vn -0.0679 0.1819 0.981
vn -0.0657 0.1788 0.9817
vn -0.2295 0.5999 0.7665
vn -0.0672 0.6978 0.7132
vn -0.0644 0.6948 0.7163
vn -0.2303 0.6012 0.7652
vn -0.3262 0.6426 0.6933
vn -0.5703 0.3477 0.7442
vn -0.5665 0.25 0.7852
vn -0.6961 0.0567 0.7157
vn 0.0 -0.0 1.0
vn -0.3262 0.6425 0.6933
vn 0.0 -0.0 1.0
vn -0.3865 0.3865 0.8374
vn 0.0 0.526 0.8505
vn 0.0 0.0 1.0
vn -0.526 -0.0 0.8505
vn -0.5259 -0.0 0.8505
vn -0.6425 0.3262 0.6934
vn -0.4629 0.4629 0.7559
vn -0.3262 0.6426 0.6933
vn -0.3262 0.6426 0.6934
vn -0.6426 0.3262 0.6934
vn 0.0 0.5259 0.8505
vn -0.1651 0.0808 0.983
vn -0.2269 0.0178 0.9738
vn -0.6983 0.0558 0.7136
vn -0.5641 0.3474 0.7491
vn -0.0679 0.1819 0.981
vn -0.0657 0.1788 0.9817
vn -0.2295 0.5999 0.7665
vn -0.0672 0.6978 0.7132
vn -0.0644 0.6948 0.7163
vn -0.2303 0.6012 0.7652
vn -0.3262 0.6426 0.6933
vn -0.5703 0.3477 0.7442
vn -0.5665 0.25 0.7852
vn -0.6961 0.0567 0.7157
vn 0.0 -0.0 1.0
vn -0.3262 0.6425 0.6933
vn 0.0 -0.0 1.0
vn 0.0 -0.0 1.0
vn -0.0 0.7071 0.7071
vn -0.0 0.5258 0.8506
vn 0.0 0.0 1.0
vn -0.0 0.426 0.9047
vn -0.3865 0.3865 0.8374
vn 0.0 0.526 0.8505
vn 0.0 0.0 1.0
vn -0.526 -0.0 0.8505
vn -0.5259 -0.0 0.8505
vn -0.6425 0.3262 0.6934
vn -0.4629 0.4629 0.7559
vn -0.3262 0.6426 0.6933
vn -0.3262 0.6426 0.6934
vn -0.6426 0.3262 0.6934
vn 0.0 0.5259 0.8505
vn -0.7071 -0.0 0.7071
vn -0.5258 -0.0 0.8506
vn -0.0 0.0 1.0
vn -0.426 -0.0 0.9047
vn -0.1651 0.0808 0.983
vn -0.2269 0.0178 0.9738
vn -0.6983 0.0558 0.7136
vn -0.5641 0.3474 0.7491
vn -0.0679 0.1819 0.981
vn -0.0657 0.1788 0.9817
vn -0.2295 0.5999 0.7665
vn -0.0672 0.6978 0.7132
vn -0.0644 0.6948 0.7163
vn -0.2303 0.6012 0.7652
vn -0.3262 0.6426 0.6933
vn -0.5703 0.3477 0.7442
vn -0.5665 0.25 0.7852
vn -0.6961 0.0567 0.7157
vn 0.0 -0.0 1.0
vn -0.3262 0.6425 0.6933
vn 0.0 -0.0 1.0
vn 0.0 -0.0 1.0
vn -0.0 0.7071 0.7071
vn -0.0 0.5258 0.8506
vn 0.0 0.0 1.0
vn -0.0 0.426 0.9047
vn 0.0 -0.0 1.0
vn -0.0 0.7071 0.7071
vn -0.0 0.5258 0.8506
vn 0.0 0.0 1.0
vn -0.0 0.426 0.9047
vn 0.0 -0.0 1.0
vn -0.0 0.7071 0.7071
vn -0.0 0.5258 0.8506
vn 0.0 0.0 1.0
vn -0.0 0.426 0.9047
vn -0.3865 0.3865 0.8374
vn 0.0 0.526 0.8505
vn 0.0 0.0 1.0
vn -0.526 -0.0 0.8505
vn -0.5259 -0.0 0.8505
vn -0.6425 0.3262 0.6934
vn -0.4629 0.4629 0.7559
vn -0.3262 0.6426 0.6933
vn -0.3262 0.6426 0.6934
vn -0.6426 0.3262 0.6934
vn 0.0 0.5259 0.8505
vn -0.7071 -0.0 0.7071
vn -0.5258 -0.0 0.8506
vn -0.0 0.0 1.0
vn -0.426 -0.0 0.9047
vn -0.1651 0.0808 0.983
vn -0.2269 0.0178 0.9738
vn -0.6983 0.0558 0.7136
vn -0.5641 0.3474 0.7491
vn -0.0679 0.1819 0.981
vn -0.0657 0.1788 0.9817
vn -0.2295 0.5999 0.7665
vn -0.0672 0.6978 0.7132
vn -0.0644 0.6948 0.7163
vn -0.2303 0.6012 0.7652
vn -0.3262 0.6426 0.6933
vn -0.5703 0.3477 0.7442
vn -0.5665 0.25 0.7852
vn -0.6961 0.0567 0.7157
vn 0.0 -0.0 1.0
vn -0.3262 0.6425 0.6933
vn 0.0 -0.0 1.0
vn -0.3865 0.3865 0.8374
vn 0.0 0.526 0.8505
vn 0.0 0.0 1.0
vn -0.526 -0.0 0.8505
vn -0.5259 -0.0 0.8505
vn -0.6425 0.3262 0.6934
vn -0.4629 0.4629 0.7559
vn -0.3262 0.6426 0.6933
vn -0.3262 0.6426 0.6934
vn -0.6426 0.3262 0.6934
vn 0.0 0.5259 0.8505
vn -0.7071 -0.0 0.7071
vn -0.5258 -0.0 0.8506
vn -0.0 0.0 1.0
vn -0.426 -0.0 0.9047
vn -0.1651 0.0808 0.983
vn -0.2269 0.0178 0.9738
vn -0.6983 0.0558 0.7136
vn -0.5641 0.3474 0.7491
vn -0.0679 0.1819 0.981
vn -0.0657 0.1788 0.9817
vn -0.2295 0.5999 0.7665
vn -0.0672 0.6978 0.7132
vn -0.0644 0.6948 0.7163
vn -0.2303 0.6012 0.7652
vn -0.3262 0.6426 0.6933
vn -0.5703 0.3477 0.7442
vn -0.5665 0.25 0.7852
vn -0.6961 0.0567 0.7157
vn 0.0 -0.0 1.0
vn -0.3262 0.6425 0.6933
vn 0.0 -0.0 1.0
vn 0.0 -0.0 1.0
vn -0.0 0.7071 0.7071
vn -0.0 0.5258 0.8506
vn 0.0 0.0 1.0
vn -0.0 0.426 0.9047
vn 0.0 -0.0 1.0
vn -0.0 0.7071 0.7071
vn -0.0 0.5258 0.8506
vn 0.0 0.0 1.0
vn -0.0 0.426 0.9047
vn -0.3865 0.3865 0.8374
vn 0.0 0.526 0.8505
vn 0.0 0.0 1.0
vn -0.526 -0.0 0.8505
vn -0.5259 -0.0 0.8505
vn -0.6425 0.3262 0.6934
vn -0.4629 0.4629 0.7559
vn -0.3262 0.6426 0.6933
vn -0.3262 0.6426 0.6934
vn -0.6426 0.3262 0.6934
vn 0.0 0.5259 0.8505
vn -0.7071 -0.0 0.7071
vn -0.5258 -0.0 0.8506
vn -0.0 0.0 1.0
vn -0.426 -0.0 0.9047
vn -0.1651 0.0808 0.983
vn -0.2269 0.0178 0.9738
vn -0.6983 0.0558 0.7136
vn -0.5641 0.3474 0.7491
vn -0.0679 0.1819 0.981
vn -0.0657 0.1788 0.9817
vn -0.2295 0.5999 0.7665
vn -0.0672 0.6978 0.7132
vn -0.0644 0.6948 0.7163
vn -0.2303 0.6012 0.7652
vn -0.3262 0.6426 0.6933
vn -0.5703 0.3477 0.7442
vn -0.5665 0.25 0.7852
vn -0.6961 0.0567 0.7157
vn 0.0 -0.0 1.0
vn -0.3262 0.6425 0.6933
vn 0.0 -0.0 1.0
vn -0.7071 -0.0 0.7071
vn -0.5258 -0.0 0.8506
vn -0.0 0.0 1.0
vn -0.426 -0.0 0.9047
vn -0.1651 0.0808 0.983
vn -0.2269 0.0178 0.9738
vn -0.6983 0.0558 0.7136
vn -0.5641 0.3474 0.7491
vn -0.0679 0.1819 0.981
vn -0.0657 0.1788 0.9817
vn -0.2295 0.5999 0.7665
vn -0.0672 0.6978 0.7132
vn -0.0644 0.6948 0.7163
vn -0.2303 0.6012 0.7652
vn -0.3262 0.6426 0.6933
vn -0.5703 0.3477 0.7442
vn -0.5665 0.25 0.7852
vn -0.6961 0.0567 0.7157
vn 0.0 -0.0 1.0
vn -0.3262 0.6425 0.6933
vn 0.0 -0.0 1.0
vn 0.0 -0.0 1.0
vn -0.0 0.7071 0.7071
vn -0.0 0.5258 0.8506
vn 0.0 0.0 1.0
vn -0.0 0.426 0.9047
vn 0.0 -0.0 1.0
vn -0.0 0.7071 0.7071
vn -0.0 0.5258 0.8506
vn 0.0 0.0 1.0
vn -0.0 0.426 0.9047
vn 0.0 -0.0 1.0
vn -0.3865 0.3865 0.8374
vn 0.0 0.526 0.8505
vn 0.0 0.0 1.0
vn -0.526 -0.0 0.8505
vn -0.5259 -0.0 0.8505
vn -0.6425 0.3262 0.6934
vn -0.4629 0.4629 0.7559
vn -0.3262 0.6426 0.6933
vn -0.3262 0.6426 0.6934
vn -0.6426 0.3262 0.6934
vn 0.0 0.5259 0.8505
vn -0.1651 0.0808 0.983
vn -0.2269 0.0178 0.9738
vn -0.6983 0.0558 0.7136
vn -0.5641 0.3474 0.7491
vn -0.0679 0.1819 0.981
vn -0.0657 0.1788 0.9817
vn -0.2295 0.5999 0.7665
vn -0.0672 0.6978 0.7132
vn -0.0644 0.6948 0.7163
vn -0.2303 0.6012 0.7652
vn -0.3262 0.6426 0.6933
vn -0.5703 0.3477 0.7442
vn -0.5665 0.25 0.7852
vn -0.6961 0.0567 0.7157
vn 0.0 -0.0 1.0
vn -0.3262 0.6425 0.6933
vn 0.0 -0.0 1.0
vn 0.0 -0.0 1.0
vn -0.3865 0.3865 0.8374
vn 0.0 0.526 0.8505
vn 0.0 0.0 1.0
vn -0.526 -0.0 0.8505
vn -0.5259 -0.0 0.8505
vn -0.6425 0.3262 0.6934
vn -0.4629 0.4629 0.7559
vn -0.3262 0.6426 0.6933
vn -0.3262 0.6426 0.6934
vn -0.6426 0.3262 0.6934
vn 0.0 0.5259 0.8505
vn -0.1651 0.0808 0.983
vn -0.2269 0.0178 0.9738
vn -0.6983 0.0558 0.7136
vn -0.5641 0.3474 0.7491
vn -0.0679 0.1819 0.981
vn -0.0657 0.1788 0.9817
vn -0.2295 0.5999 0.7665
vn -0.0672 0.6978 0.7132
vn -0.0644 0.6948 0.7163
vn -0.2303 0.6012 0.7652
vn -0.3262 0.6426 0.6933
vn -0.5703 0.3477 0.7442
vn -0.5665 0.25 0.7852
vn -0.6961 0.0567 0.7157
vn 0.0 -0.0 1.0
vn -0.3262 0.6425 0.6933
vn 0.0 -0.0 1.0
vn -0.0 0.7071 0.7071
vn -0.0 0.5258 0.8506
vn 0.0 0.0 1.0
vn -0.0 0.426 0.9047
vn 0.0 -0.0 1.0
vn -0.0 0.7071 0.7071
vn -0.0 0.5258 0.8506
vn 0.0 0.0 1.0
vn -0.0 0.426 0.9047
vn 0.0 -0.0 1.0
vn -0.0 0.7071 0.7071
vn -0.0 0.5258 0.8506
vn 0.0 0.0 1.0
vn -0.0 0.426 0.9047
vn 0.0 -0.0 1.0
vn 0.0 -0.0 1.0
vn -0.3865 0.3865 0.8374
vn 0.0 0.526 0.8505
vn 0.0 0.0 1.0
vn -0.526 -0.0 0.8505
vn -0.5259 -0.0 0.8505
vn -0.6425 0.3262 0.6934
vn -0.4629 0.4629 0.7559
vn -0.3262 0.6426 0.6933
vn -0.3262 0.6426 0.6934
vn -0.6426 0.3262 0.6934
vn 0.0 0.5259 0.8505
vn -0.1651 0.0808 0.983
vn -0.2269 0.0178 0.9738
vn -0.6983 0.0558 0.7136
vn -0.5641 0.3474 0.7491
vn -0.0679 0.1819 0.981
vn -0.0657 0.1788 0.9817
vn -0.2295 0.5999 0.7665
vn -0.0672 0.6978 0.7132
vn -0.0644 0.6948 0.7163
vn -0.2303 0.6012 0.7652
vn -0.3262 0.6426 0.6933
vn -0.5703 0.3477 0.7442
vn -0.5665 0.25 0.7852
vn -0.6961 0.0567 0.7157
vn 0.0 -0.0 1.0
vn -0.3262 0.6425 0.6933
vn 0.0 -0.0 1.0
vn 0.0 -0.0 1.0
vn -0.0 0.7071 0.7071
vn -0.0 0.5258 0.8506
vn 0.0 0.0 1.0
vn -0.0 0.426 0.9047
vn -0.3865 0.3865 0.8374
vn 0.0 0.526 0.8505
vn 0.0 0.0 1.0
vn -0.526 -0.0 0.8505
vn -0.5259 -0.0 0.8505
vn -0.6425 0.3262 0.6934
vn -0.4629 0.4629 0.7559
vn -0.3262 0.6426 0.6933
vn -0.3262 0.6426 0.6934
vn -0.6426 0.3262 0.6934
vn 0.0 0.5259 0.8505
vn -0.1651 0.0808 0.983
vn -0.2269 0.0178 0.9738
vn -0.6983 0.0558 0.7136
vn -0.5641 0.3474 0.7491
vn -0.0679 0.1819 0.981
vn -0.0657 0.1788 0.9817
vn -0.2295 0.5999 0.7665
vn -0.0672 0.6978 0.7132
vn -0.0644 0.6948 0.7163
vn -0.2303 0.6012 0.7652
vn -0.3262 0.6426 0.6933
vn -0.5703 0.3477 0.7442
vn -0.5665 0.25 0.7852
vn -0.6961 0.0567 0.7157
vn 0.0 -0.0 1.0
vn -0.3262 0.6425 0.6933
vn 0.0 -0.0 1.0
vn -0.0 0.7071 0.7071
vn -0.0 0.5258 0.8506
vn 0.0 0.0 1.0
vn -0.0 0.426 0.9047
vn 0.0 -0.0 1.0
vn 0.0 -0.0 1.0
vn 0.0 -0.0 1.0
vn 0.0 -0.0 1.0
vn -0.0 0.7071 0.7071
vn -0.0 0.5258 0.8506
vn 0.0 0.0 1.0
vn -0.0 0.426 0.9047
vn -0.0 0.7071 0.7071
vn -0.0 0.5258 0.8506
vn 0.0 0.0 1.0
vn -0.0 0.426 0.9047
vn 0.0 -0.0 1.0
vn 0.0 -0.0 1.0
vn 0.0 -0.0 1.0
vn 0.0 -0.0 1.0
vn -0.0 0.7071 0.7071
vn -0.0 0.5258 0.8506
vn 0.0 0.0 1.0
vn -0.0 0.426 0.9047
vn 0.0 -0.0 1.0
vn -0.0 0.7071 0.7071
vn -0.0 0.5258 0.8506
vn 0.0 0.0 1.0
vn -0.0 0.426 0.9047
vn 0.0 -0.0 1.0
vn 0.0 -0.0 1.0
vn 0.3865 0.3865 0.8374
vn 0.526 -0.0 0.8505
vn 0.0 -0.0 1.0
vn -0.0 0.526 0.8505
vn -0.0 0.5259 0.8505
vn 0.3262 0.6425 0.6934
vn 0.4629 0.4629 0.7559
vn 0.6426 0.3262 0.6933
vn 0.6426 0.3262 0.6934
vn 0.3262 0.6426 0.6934
vn 0.5259 -0.0 0.8505
vn 0.0808 0.1651 0.983
vn 0.0178 0.2269 0.9738
vn 0.0558 0.6983 0.7136
vn 0.3474 0.5641 0.7491
vn 0.1819 0.0679 0.981
vn 0.1788 0.0657 0.9817
vn 0.5999 0.2295 0.7665
vn 0.6978 0.0672 0.7132
vn 0.6948 0.0644 0.7163
vn 0.6012 0.2303 0.7652
vn 0.6426 0.3262 0.6933
vn 0.3477 0.5703 0.7442
vn 0.25 0.5665 0.7852
vn 0.0567 0.6961 0.7157
vn -0.0 -0.0 1.0
vn 0.6425 0.3262 0.6933
vn 0.3865 0.3865 0.8374
vn 0.526 -0.0 0.8505
vn 0.0 -0.0 1.0
vn -0.0 0.526 0.8505
vn -0.0 0.5259 0.8505
vn 0.3262 0.6425 0.6934
vn 0.4629 0.4629 0.7559
vn 0.6426 0.3262 0.6933
vn 0.6426 0.3262 0.6934
vn 0.3262 0.6426 0.6934
vn 0.5259 -0.0 0.8505
vn 0.0808 0.1651 0.983
vn 0.0178 0.2269 0.9738
vn 0.0558 0.6983 0.7136
vn 0.3474 0.5641 0.7491
vn 0.1819 0.0679 0.981
vn 0.1788 0.0657 0.9817
vn 0.5999 0.2295 0.7665
vn 0.6978 0.0672 0.7132
vn 0.6948 0.0644 0.7163
vn 0.6012 0.2303 0.7652
vn 0.6426 0.3262 0.6933
vn 0.3477 0.5703 0.7442
vn 0.25 0.5665 0.7852
vn 0.0567 0.6961 0.7157
vn -0.0 -0.0 1.0
vn 0.6425 0.3262 0.6933
vn 0.0 -0.0 1.0
vn -0.0 0.7071 0.7071
vn -0.0 0.5258 0.8506
vn 0.0 0.0 1.0
vn -0.0 0.426 0.9047
vn 0.0 -0.0 1.0
vn -0.0 0.7071 0.7071
vn -0.0 0.5258 0.8506
vn 0.0 0.0 1.0
vn -0.0 0.426 0.9047
vn 0.0 -0.0 1.0
vn 0.0 -0.0 1.0
vn -0.0 0.7071 0.7071
vn -0.0 0.5258 0.8506
vn 0.0 0.0 1.0
vn -0.0 0.426 0.9047
vn 0.0 -0.0 1.0
vn 0.0 -0.0 1.0
vn 0.0 -0.0 1.0
vn -0.0 0.7071 0.7071
vn -0.0 0.5258 0.8506
vn 0.0 0.0 1.0
vn -0.0 0.426 0.9047
vn 0.0 -0.0 1.0
vn 0.0 -0.0 1.0
vn 0.0 -0.0 1.0
vn 0.3865 0.3865 0.8374
vn 0.526 -0.0 0.8505
vn 0.0 -0.0 1.0
vn -0.0 0.526 0.8505
vn -0.0 0.5259 0.8505
vn 0.3262 0.6425 0.6934
vn 0.4629 0.4629 0.7559
vn 0.6426 0.3262 0.6933
vn 0.6426 0.3262 0.6934
vn 0.3262 0.6426 0.6934
vn 0.5259 -0.0 0.8505
vn 0.0808 0.1651 0.983
vn 0.0178 0.2269 0.9738
vn 0.0558 0.6983 0.7136
vn 0.3474 0.5641 0.7491
vn 0.1819 0.0679 0.981
vn 0.1788 0.0657 0.9817
vn 0.5999 0.2295 0.7665
vn 0.6978 0.0672 0.7132
vn 0.6948 0.0644 0.7163
vn 0.6012 0.2303 0.7652
vn 0.6426 0.3262 0.6933
vn 0.3477 0.5703 0.7442
vn 0.25 0.5665 0.7852
vn 0.0567 0.6961 0.7157
vn -0.0 -0.0 1.0
vn 0.6425 0.3262 0.6933
vn 0.0 -0.0 1.0
vn 0.7071 0.0 0.7071
vn 0.5258 0.0 0.8506
vn 0.0 -0.0 1.0
vn 0.426 0.0 0.9047
vn 0.0808 0.1651 0.983
vn 0.0178 0.2269 0.9738
vn 0.0558 0.6983 0.7136
vn 0.3474 0.5641 0.7491
vn 0.1819 0.0679 0.981
vn 0.1788 0.0657 0.9817
vn 0.5999 0.2295 0.7665
vn 0.6978 0.0672 0.7132
vn 0.6948 0.0644 0.7163
vn 0.6012 0.2303 0.7652
vn 0.6426 0.3262 0.6933
vn 0.3477 0.5703 0.7442
vn 0.25 0.5665 0.7852
vn 0.0567 0.6961 0.7157
vn -0.0 -0.0 1.0
vn 0.6425 0.3262 0.6933
vn -0.0 0.7071 0.7071
vn -0.0 0.5258 0.8506
vn 0.0 0.0 1.0
vn -0.0 0.426 0.9047
vn 0.0 -0.0 1.0
vn 0.0 -0.0 1.0
vn 0.0 -0.0 1.0
vn 0.0 -0.0 1.0
vn 0.0 -0.0 1.0
vn 0.0 -0.0 1.0
vn -0.0 0.7071 0.7071
vn -0.0 0.5258 0.8506
vn 0.0 0.0 1.0
vn -0.0 0.426 0.9047
vn 0.0 -0.0 1.0
vn 0.3865 0.3865 0.8374
vn 0.526 -0.0 0.8505
vn 0.0 -0.0 1.0
vn -0.0 0.526 0.8505
vn -0.0 0.5259 0.8505
vn 0.3262 0.6425 0.6934
vn 0.4629 0.4629 0.7559
vn 0.6426 0.3262 0.6933
vn 0.6426 0.3262 0.6934
vn 0.3262 0.6426 0.6934
vn 0.5259 -0.0 0.8505
vn 0.7071 0.0 0.7071
vn 0.5258 0.0 0.8506
vn 0.0 -0.0 1.0
vn 0.426 0.0 0.9047
vn 0.0808 0.1651 0.983
vn 0.0178 0.2269 0.9738
vn 0.0558 0.6983 0.7136
vn 0.3474 0.5641 0.7491
vn 0.1819 0.0679 0.981
vn 0.1788 0.0657 0.9817
vn 0.5999 0.2295 0.7665
vn 0.6978 0.0672 0.7132
vn 0.6948 0.0644 0.7163
vn 0.6012 0.2303 0.7652
vn 0.6426 0.3262 0.6933
vn 0.3477 0.5703 0.7442
vn 0.25 0.5665 0.7852
vn 0.0567 0.6961 0.7157
vn -0.0 -0.0 1.0
vn 0.6425 0.3262 0.6933
vn 0.3865 0.3865 0.8374
vn 0.526 -0.0 0.8505
vn 0.0 -0.0 1.0
vn -0.0 0.526 0.8505
vn -0.0 0.5259 0.8505
vn 0.3262 0.6425 0.6934
vn 0.4629 0.4629 0.7559
vn 0.6426 0.3262 0.6933
vn 0.6426 0.3262 0.6934
vn 0.3262 0.6426 0.6934
vn 0.5259 -0.0 0.8505
vn 0.0808 0.1651 0.983
vn 0.0178 0.2269 0.9738
vn 0.0558 0.6983 0.7136
vn 0.3474 0.5641 0.7491
vn 0.1819 0.0679 0.981
vn 0.1788 0.0657 0.9817
vn 0.5999 0.2295 0.7665
vn 0.6978 0.0672 0.7132
vn 0.6948 0.0644 0.7163
vn 0.6012 0.2303 0.7652
vn 0.6426 0.3262 0.6933
vn 0.3477 0.5703 0.7442
vn 0.25 0.5665 0.7852
vn 0.0567 0.6961 0.7157
vn -0.0 -0.0 1.0
vn 0.6425 0.3262 0.6933
vn 0.0 -0.0 1.0
vn 0.3865 0.3865 0.8374
vn 0.526 -0.0 0.8505
vn 0.0 -0.0 1.0
vn -0.0 0.526 0.8505
vn -0.0 0.5259 0.8505
vn 0.3262 0.6425 0.6934
vn 0.4629 0.4629 0.7559
vn 0.6426 0.3262 0.6933
vn 0.6426 0.3262 0.6934
vn 0.3262 0.6426 0.6934
vn 0.5259 -0.0 0.8505
vn 0.0808 0.1651 0.983
vn 0.0178 0.2269 0.9738
vn 0.0558 0.6983 0.7136
vn 0.3474 0.5641 0.7491
vn 0.1819 0.0679 0.981
vn 0.1788 0.0657 0.9817
vn 0.5999 0.2295 0.7665
vn 0.6978 0.0672 0.7132
vn 0.6948 0.0644 0.7163
vn 0.6012 0.2303 0.7652
vn 0.6426 0.3262 0.6933
vn 0.3477 0.5703 0.7442
vn 0.25 0.5665 0.7852
vn 0.0567 0.6961 0.7157
vn -0.0 -0.0 1.0
vn 0.6425 0.3262 0.6933
vn 0.0 -0.0 1.0
vn 0.3865 0.3865 0.8374
vn 0.526 -0.0 0.8505
vn 0.0 -0.0 1.0
vn -0.0 0.526 0.8505
vn -0.0 0.5259 0.8505
vn 0.3262 0.6425 0.6934
vn 0.4629 0.4629 0.7559
vn 0.6426 0.3262 0.6933
vn 0.6426 0.3262 0.6934
vn 0.3262 0.6426 0.6934
vn 0.5259 -0.0 0.8505
vn 0.7071 0.0 0.7071
vn 0.5258 0.0 0.8506
vn 0.0 -0.0 1.0
vn 0.426 0.0 0.9047
vn 0.0808 0.1651 0.983
vn 0.0178 0.2269 0.9738
vn 0.0558 0.6983 0.7136
vn 0.3474 0.5641 0.7491
vn 0.1819 0.0679 0.981
vn 0.1788 0.0657 0.9817
vn 0.5999 0.2295 0.7665
vn 0.6978 0.0672 0.7132
vn 0.6948 0.0644 0.7163
vn 0.6012 0.2303 0.7652
vn 0.6426 0.3262 0.6933
vn 0.3477 0.5703 0.7442
vn 0.25 0.5665 0.7852
vn 0.0567 0.6961 0.7157
vn -0.0 -0.0 1.0
vn 0.6425 0.3262 0.6933
vn 0.0 -0.0 1.0
vn -0.0 0.7071 0.7071
vn -0.0 0.5258 0.8506
vn 0.0 0.0 1.0
vn -0.0 0.426 0.9047
vn 0.0 -0.0 1.0
vn -0.0 0.7071 0.7071
vn -0.0 0.5258 0.8506
vn 0.0 0.0 1.0
vn -0.0 0.426 0.9047
vn 0.0 -0.0 1.0
vn 0.3865 0.3865 0.8374
vn 0.526 -0.0 0.8505
vn 0.0 -0.0 1.0
vn -0.0 0.526 0.8505
vn -0.0 0.5259 0.8505
vn 0.3262 0.6425 0.6934
vn 0.4629 0.4629 0.7559
vn 0.6426 0.3262 0.6933
vn 0.6426 0.3262 0.6934
vn 0.3262 0.6426 0.6934
vn 0.5259 -0.0 0.8505
vn 0.0808 0.1651 0.983
vn 0.0178 0.2269 0.9738
vn 0.0558 0.6983 0.7136
vn 0.3474 0.5641 0.7491
vn 0.1819 0.0679 0.981
vn 0.1788 0.0657 0.9817
vn 0.5999 0.2295 0.7665
vn 0.6978 0.0672 0.7132
vn 0.6948 0.0644 0.7163
vn 0.6012 0.2303 0.7652
vn 0.6426 0.3262 0.6933
vn 0.3477 0.5703 0.7442
vn 0.25 0.5665 0.7852
vn 0.0567 0.6961 0.7157
vn -0.0 -0.0 1.0
vn 0.6425 0.3262 0.6933
vn 0.0 -0.0 1.0
vn -0.0 0.7071 0.7071
vn -0.0 0.5258 0.8506
vn 0.0 0.0 1.0
vn -0.0 0.426 0.9047
vn 0.0 -0.0 1.0
vn 0.0 -0.0 1.0
vn 0.3865 0.3865 0.8374
vn 0.526 -0.0 0.8505
vn 0.0 -0.0 1.0
vn -0.0 0.526 0.8505
vn -0.0 0.5259 0.8505
vn 0.3262 0.6425 0.6934
vn 0.4629 0.4629 0.7559
vn 0.6426 0.3262 0.6933
vn 0.6426 0.3262 0.6934
vn 0.3262 0.6426 0.6934
vn 0.5259 -0.0 0.8505
vn 0.0808 0.1651 0.983
vn 0.0178 0.2269 0.9738
vn 0.0558 0.6983 0.7136
vn 0.3474 0.5641 0.7491
vn 0.1819 0.0679 0.981
vn 0.1788 0.0657 0.9817
vn 0.5999 0.2295 0.7665
vn 0.6978 0.0672 0.7132
vn 0.6948 0.0644 0.7163
vn 0.6012 0.2303 0.7652
vn 0.6426 0.3262 0.6933
vn 0.3477 0.5703 0.7442
vn 0.25 0.5665 0.7852
vn 0.0567 0.6961 0.7157
vn -0.0 -0.0 1.0
vn 0.6425 0.3262 0.6933
vn -0.0 0.7071 0.7071
vn -0.0 0.5258 0.8506
vn 0.0 0.0 1.0
vn -0.0 0.426 0.9047
vn 0.0 -0.0 1.0
vn -0.0 0.7071 0.7071
vn -0.0 0.5258 0.8506
vn 0.0 0.0 1.0
vn -0.0 0.426 0.9047
vn 0.0 -0.0 1.0
vn 0.0 -0.0 1.0
vn 0.0 -0.0 1.0
vn 0.0 -0.0 1.0
vn 0.0 -0.0 1.0
vn 0.0 -0.0 1.0
vn 0.0 -0.0 1.0
vn 0.0 -0.0 1.0
vn 0.0 -0.0 1.0
vn 0.0 -0.0 1.0
vn 0.0 -0.0 1.0
vn 0.0 -0.0 1.0
vn 0.0 -0.0 1.0
vn 0.0 -0.0 1.0
vn 0.0 -0.0 1.0
vn 0.0 -0.0 1.0
vn 0.0 -0.0 1.0
vn 0.0 -0.0 1.0
vn 0.0 -0.0 1.0
c 1.0 1.0 1.0
c 1.0 1.0 1.0
c 1.0 1.0 1.0
c 1.0 1.0 1.0
c 1.0 1.0 1.0
c 1.0 1.0 1.0
c 1.0 1.0 1.0
c 1.0 1.0 1.0
c 1.0 1.0 1.0
c 1.0 1.0 1.0
c 1.0 1.0 1.0
c 1.0 1.0 1.0
c 1.0 1.0 1.0
c 1.0 1.0 1.0
c 1.0 1.0 1.0
c 1.0 1.0 1.0
c 1.0 1.0 1.0
c 1.0 1.0 1.0
c 1.0 1.0 1.0
c 1.0 1.0 1.0
c 1.0 1.0 1.0
c 1.0 1.0 1.0
c 1.0 1.0 1.0
c 1.0 1.0 1.0
c 1.0 1.0 1.0
c 1.0 1.0 1.0
c 1.0 1.0 1.0
c 1.0 1.0 1.0
c 1.0 1.0 1.0
c 1.0 1.0 1.0
c 1.0 1.0 1.0
c 1.0 1.0 1.0
c 1.0 1.0 1.0
c 1.0 1.0 1.0
c 1.0 1.0 1.0
c 1.0 1.0 1.0
c 1.0 1.0 1.0
c 1.0 1.0 1.0
c 1.0 1.0 1.0
c 1.0 1.0 1.0
c 1.0 1.0 1.0
c 1.0 1.0 1.0
c 1.0 1.0 1.0
c 1.0 1.0 1.0
c 1.0 1.0 1.0
c 1.0 1.0 1.0
c 1.0 1.0 1.0
c 1.0 1.0 1.0
c 1.0 1.0 1.0
c 1.0 1.0 1.0
c 1.0 1.0 1.0
c 1.0 1.0 1.0
c 1.0 1.0 1.0
c 1.0 1.0 1.0
c 1.0 1.0 1.0
c 1.0 1.0 1.0
c 1.0 1.0 1.0
c 1.0 1.0 1.0
c 1.0 1.0 1.0
c 1.0 1.0 1.0
c 1.0 1.0 1.0
c 1.0 1.0 1.0
c 1.0 1.0 1.0
c 1.0 1.0 1.0
c 1.0 1.0 1.0
c 1.0 1.0 1.0
c 1.0 1.0 1.0
c 1.0 1.0 1.0
c 1.0 1.0 1.0
c 1.0 1.0 1.0
c 1.0 1.0 1.0
c 1.0 1.0 1.0
c 1.0 1.0 1.0
c 1.0 1.0 1.0
c 1.0 1.0 1.0
c 1.0 1.0 1.0
c 1.0 1.0 1.0
c 1.0 1.0 1.0
c 1.0 1.0 1.0
c 1.0 1.0 1.0
c 1.0 1.0 1.0
c 1.0 1.0 1.0
c 1.0 1.0 1.0
c 1.0 1.0 1.0
c 1.0 1.0 1.0
c 1.0 1.0 1.0
c 1.0 1.0 1.0
c 1.0 1.0 1.0
c 1.0 1.0 1.0
c 1.0 1.0 1.0
c 1.0 1.0 1.0
c 1.0 1.0 1.0
c 1.0 1.0 1.0
c 1.0 1.0 1.0
c 1.0 1.0 1.0
c 1.0 1.0 1.0
c 1.0 1.0 1.0
c 1.0 1.0 1.0
c 1.0 1.0 1.0
c 1.0 1.0 1.0
c 1.0 1.0 1.0
c 1.0 1.0 1.0
c 1.0 1.0 1.0
c 1.0 1.0 1.0
c 1.0 1.0 1.0
c 1.0 1.0 1.0
c 1.0 1.0 1.0
c 1.0 1.0 1.0
c 1.0 1.0 1.0
c 1.0 1.0 1.0
c 1.0 1.0 1.0
c 1.0 1.0 1.0
c 1.0 1.0 1.0
c 1.0 1.0 1.0
c 1.0 1.0 1.0
c 1.0 1.0 1.0
c 1.0 1.0 1.0
c 1.0 1.0 1.0
c 1.0 1.0 1.0
c 1.0 1.0 1.0
c 1.0 1.0 1.0
c 1.0 1.0 1.0
c 1.0 1.0 1.0
c 1.0 1.0 1.0
c 1.0 1.0 1.0
c 1.0 1.0 1.0
c 1.0 1.0 1.0
c 1.0 1.0 1.0
c 1.0 1.0 1.0
c 1.0 1.0 1.0
c 1.0 1.0 1.0
c 1.0 1.0 1.0
c 1.0 1.0 1.0
c 1.0 1.0 1.0
c 1.0 1.0 1.0
c 1.0 1.0 1.0
c 1.0 1.0 1.0
c 1.0 1.0 1.0
c 1.0 1.0 1.0
c 1.0 1.0 1.0
c 1.0 1.0 1.0
c 1.0 1.0 1.0
c 1.0 1.0 1.0
c 1.0 1.0 1.0
c 1.0 1.0 1.0
c 1.0 1.0 1.0
c 1.0 1.0 1.0
c 1.0 1.0 1.0
c 1.0 1.0 1.0
c 1.0 1.0 1.0
c 1.0 1.0 1.0
c 1.0 1.0 1.0
c 1.0 1.0 1.0
c 1.0 1.0 1.0
c 1.0 1.0 1.0
c 1.0 1.0 1.0
c 1.0 1.0 1.0
c 1.0 1.0 1.0
c 1.0 1.0 1.0
c 1.0 1.0 1.0
c 1.0 1.0 1.0
c 1.0 1.0 1.0
c 1.0 1.0 1.0
c 1.0 1.0 1.0
c 1.0 1.0 1.0
c 1.0 1.0 1.0
c 1.0 1.0 1.0
c 1.0 1.0 1.0
c 1.0 1.0 1.0
c 1.0 1.0 1.0
c 1.0 1.0 1.0
c 1.0 1.0 1.0
c 1.0 1.0 1.0
c 1.0 1.0 1.0
c 1.0 1.0 1.0
c 1.0 1.0 1.0
c 1.0 1.0 1.0
c 1.0 1.0 1.0
c 1.0 1.0 1.0
c 1.0 1.0 1.0
c 1.0 1.0 1.0
c 1.0 1.0 1.0
c 1.0 1.0 1.0
c 1.0 1.0 1.0
c 1.0 1.0 1.0
c 1.0 1.0 1.0
c 1.0 1.0 1.0
c 1.0 1.0 1.0
c 1.0 1.0 1.0
c 1.0 1.0 1.0
c 1.0 1.0 1.0
c 1.0 1.0 1.0
c 1.0 1.0 1.0
c 1.0 1.0 1.0
c 1.0 1.0 1.0
c 1.0 1.0 1.0
c 1.0 1.0 1.0
c 1.0 1.0 1.0
c 1.0 1.0 1.0
c 1.0 1.0 1.0
c 1.0 1.0 1.0
c 1.0 1.0 1.0
c 1.0 1.0 1.0
c 1.0 1.0 1.0
c 1.0 1.0 1.0
c 1.0 1.0 1.0
c 1.0 1.0 1.0
c 1.0 1.0 1.0
c 1.0 1.0 1.0
c 1.0 1.0 1.0
c 1.0 1.0 1.0
c 1.0 1.0 1.0
c 1.0 1.0 1.0
c 1.0 1.0 1.0
c 1.0 1.0 1.0
usemtl sea_zanami2
s off
f 12/11/1/1 13/12/1/1 14/13/1/1 15/14/1/1
f 16/15/1/1 12/16/1/1 15/17/1/1 17/18/1/1
f 34/36/2/2 35/37/2/2 36/38/2/2 37/39/2/2
f 50/54/7/3 51/55/7/3 52/56/7/3 53/57/7/3
f 71/76/12/4 72/77/12/4 73/78/12/4 74/79/12/4
f 75/80/12/4 71/81/12/4 74/82/12/4 76/83/12/4
f 108/123/50/5 109/124/50/5 110/125/50/5
f 110/126/50/5 109/124/50/5 111/127/50/5
f 111/128/50/5 109/124/50/5 112/129/50/5
f 112/130/50/5 109/124/50/5 113/131/50/5
f 113/132/50/5 109/124/50/5 114/133/50/5
f 114/134/50/5 109/124/50/5 115/135/50/5
f 115/136/50/5 109/124/50/5 116/137/50/5
f 116/138/50/5 109/124/50/5 117/139/50/5
f 117/140/50/5 109/124/50/5 118/141/50/5
f 118/142/50/5 109/124/50/5 119/143/50/5
f 119/144/50/5 109/124/50/5 120/145/50/5
f 120/146/50/5 109/124/50/5 108/147/50/5
f 142/176/88/6 143/177/88/6 144/178/88/6
f 144/179/88/6 143/177/88/6 145/180/88/6
f 145/181/88/6 143/177/88/6 146/182/88/6
f 146/183/88/6 143/177/88/6 147/184/88/6
f 147/185/88/6 143/177/88/6 148/186/88/6
f 148/187/88/6 143/177/88/6 149/188/88/6
f 149/189/88/6 143/177/88/6 150/190/88/6
f 150/191/88/6 143/177/88/6 151/192/88/6
f 151/193/88/6 143/177/88/6 152/194/88/6
f 152/195/88/6 143/177/88/6 153/196/88/6
f 153/197/88/6 143/177/88/6 154/198/88/6
f 154/199/88/6 143/177/88/6 142/200/88/6
f 176/229/126/7 177/230/126/7 178/231/126/7
f 178/232/126/7 177/230/126/7 179/233/126/7
f 179/234/126/7 177/230/126/7 180/235/126/7
f 180/236/126/7 177/230/126/7 181/237/126/7
f 181/238/126/7 177/230/126/7 182/239/126/7
f 182/240/126/7 177/230/126/7 183/241/126/7
f 183/242/126/7 177/230/126/7 184/243/126/7
f 184/244/126/7 177/230/126/7 185/245/126/7
f 185/246/126/7 177/230/126/7 186/247/126/7
f 186/248/126/7 177/230/126/7 187/249/126/7
f 187/250/126/7 177/230/126/7 188/251/126/7
f 188/252/126/7 177/230/126/7 176/253/126/7
f 210/282/164/8 211/283/164/8 212/284/164/8
f 212/285/164/8 211/283/164/8 213/286/164/8
f 213/287/164/8 211/283/164/8 214/288/164/8
f 214/289/164/8 211/283/164/8 215/290/164/8
f 215/291/164/8 211/283/164/8 216/292/164/8
f 216/293/164/8 211/283/164/8 217/294/164/8
f 217/295/164/8 211/283/164/8 218/296/164/8
f 218/297/164/8 211/283/164/8 219/298/164/8
f 219/299/164/8 211/283/164/8 220/300/164/8
f 220/301/164/8 211/283/164/8 221/302/164/8
f 221/303/164/8 211/283/164/8 222/304/164/8
f 222/305/164/8 211/283/164/8 210/306/164/8
f 244/335/202/9 245/336/202/9 246/337/202/9
f 246/338/202/9 245/336/202/9 247/339/202/9
f 247/340/202/9 245/336/202/9 248/341/202/9
f 248/342/202/9 245/336/202/9 249/343/202/9
f 249/344/202/9 245/336/202/9 250/345/202/9
f 250/346/202/9 245/336/202/9 251/347/202/9
f 251/348/202/9 245/336/202/9 252/349/202/9
f 252/350/202/9 245/336/202/9 253/351/202/9
f 253/352/202/9 245/336/202/9 254/353/202/9
f 254/354/202/9 245/336/202/9 255/355/202/9
f 255/356/202/9 245/336/202/9 256/357/202/9
f 256/358/202/9 245/336/202/9 244/359/202/9
f 278/388/240/10 279/389/240/10 280/390/240/10
f 280/391/240/10 279/389/240/10 281/392/240/10
f 281/393/240/10 279/389/240/10 282/394/240/10
f 282/395/240/10 279/389/240/10 283/396/240/10
f 283/397/240/10 279/389/240/10 284/398/240/10
f 284/399/240/10 279/389/240/10 285/400/240/10
f 285/401/240/10 279/389/240/10 286/402/240/10
f 286/403/240/10 279/389/240/10 287/404/240/10
f 287/405/240/10 279/389/240/10 288/406/240/10
f 288/407/240/10 279/389/240/10 289/408/240/10
f 289/409/240/10 279/389/240/10 290/410/240/10
f 290/411/240/10 279/389/240/10 278/412/240/10
f 312/441/278/11 313/442/278/11 314/443/278/11
f 314/444/278/11 313/442/278/11 315/445/278/11
f 315/446/278/11 313/442/278/11 316/447/278/11
f 316/448/278/11 313/442/278/11 317/449/278/11
f 317/450/278/11 313/442/278/11 318/451/278/11
f 318/452/278/11 313/442/278/11 319/453/278/11
f 319/454/278/11 313/442/278/11 320/455/278/11
f 320/456/278/11 313/442/278/11 321/457/278/11
f 321/458/278/11 313/442/278/11 322/459/278/11
f 322/460/278/11 313/442/278/11 323/461/278/11
f 323/462/278/11 313/442/278/11 324/463/278/11
f 324/464/278/11 313/442/278/11 312/465/278/11
f 346/494/316/12 347/495/316/12 348/496/316/12
f 348/497/316/12 347/495/316/12 349/498/316/12
f 349/499/316/12 347/495/316/12 350/500/316/12
f 350/501/316/12 347/495/316/12 351/502/316/12
f 351/503/316/12 347/495/316/12 352/504/316/12
f 352/505/316/12 347/495/316/12 353/506/316/12
f 353/507/316/12 347/495/316/12 354/508/316/12
f 354/509/316/12 347/495/316/12 355/510/316/12
f 355/511/316/12 347/495/316/12 356/512/316/12
f 356/513/316/12 347/495/316/12 357/514/316/12
f 357/515/316/12 347/495/316/12 358/516/316/12
f 358/517/316/12 347/495/316/12 346/518/316/12
f 380/547/354/13 381/548/354/13 382/549/354/13
f 382/550/354/13 381/548/354/13 383/551/354/13
f 383/552/354/13 381/548/354/13 384/553/354/13
f 384/554/354/13 381/548/354/13 385/555/354/13
f 385/556/354/13 381/548/354/13 386/557/354/13
f 386/558/354/13 381/548/354/13 387/559/354/13
f 387/560/354/13 381/548/354/13 388/561/354/13
f 388/562/354/13 381/548/354/13 389/563/354/13
f 389/564/354/13 381/548/354/13 390/565/354/13
f 390/566/354/13 381/548/354/13 391/567/354/13
f 391/568/354/13 381/548/354/13 392/569/354/13
f 392/570/354/13 381/548/354/13 380/571/354/13
f 414/600/392/14 415/601/392/14 416/602/392/14
f 416/603/392/14 415/601/392/14 417/604/392/14
f 417/605/392/14 415/601/392/14 418/606/392/14
f 418/607/392/14 415/601/392/14 419/608/392/14
f 419/609/392/14 415/601/392/14 420/610/392/14
f 420/611/392/14 415/601/392/14 421/612/392/14
f 421/613/392/14 415/601/392/14 422/614/392/14
f 422/615/392/14 415/601/392/14 423/616/392/14
f 423/617/392/14 415/601/392/14 424/618/392/14
f 424/619/392/14 415/601/392/14 425/620/392/14
f 425/621/392/14 415/601/392/14 426/622/392/14
f 426/623/392/14 415/601/392/14 414/624/392/14
usemtl sea_zanami
s off
f 5/23/1/1 6/24/1/1 7/25/1/1 8/26/1/1
f 28/40/2/2 29/41/2/2 30/42/6/2 31/43/2/2
f 29/44/2/2 32/45/2/2 33/46/2/2 30/47/6/2
f 44/58/7/3 45/59/7/3 46/60/11/3 47/61/7/3
f 45/62/7/3 48/63/7/3 49/64/7/3 46/65/11/3
f 64/88/12/4 65/89/12/4 66/90/12/4 67/91/12/4
f 1/19/1/1 2/20/1/1 3/21/1/1
f 2/20/1/1 4/22/1/1 3/21/1/1
f 9/27/1/1 10/28/1/1 11/29/1/1
f 60/84/12/4 61/85/12/4 62/86/12/4
f 61/85/12/4 63/87/12/4 62/86/12/4
f 68/92/12/4 69/93/12/4 70/94/12/4
usemtl sea_mizu1_1
s off
f 2395/2631/1326/200 2396/2633/1326/200 2397/2634/1326/200 2398/2632/1326/200
f 2399/2635/1327/201 2400/2637/1327/201 2401/2638/1327/201 2402/2636/1327/201
f 2403/2641/1328/202 2404/2639/1328/202 2405/2640/1328/202 2406/2642/1328/202
f 2407/2645/1329/203 2408/2643/1329/203 2409/2644/1329/203 2410/2646/1329/203
f 2411/2647/1330/204 2412/2649/1330/204 2413/2650/1330/204 2414/2648/1330/204
f 2415/2651/1331/205 2416/2653/1331/205 2417/2654/1331/205 2418/2652/1331/205
f 2419/2657/1332/206 2420/2655/1332/206 2421/2656/1332/206 2422/2658/1332/206
f 2423/2661/1333/207 2424/2659/1333/207 2425/2660/1333/207 2426/2662/1333/207
f 2427/2663/1334/208 2428/2665/1334/208 2429/2666/1334/208 2430/2664/1334/208
f 2431/2667/1335/209 2432/2669/1335/209 2433/2670/1335/209 2434/2668/1335/209
f 2435/2673/1336/210 2436/2671/1336/210 2437/2672/1336/210 2438/2674/1336/210
f 2439/2677/1337/211 2440/2675/1337/211 2441/2676/1337/211 2442/2678/1337/211
f 2443/2679/1338/212 2444/2681/1338/212 2445/2682/1338/212 2446/2680/1338/212
f 2447/2683/1339/213 2448/2685/1339/213 2449/2686/1339/213 2450/2684/1339/213
f 2451/2689/1340/214 2452/2687/1340/214 2453/2688/1340/214 2454/2690/1340/214
f 2455/2693/1341/215 2456/2691/1341/215 2457/2692/1341/215 2458/2694/1341/215
usemtl sea_jimen
s off
f 760/995/491/39 762/996/491/39 761/997/491/39 759/998/491/39
f 774/1009/496/41 776/1010/496/41 775/1011/496/41 773/1012/496/41
f 788/1023/501/43 790/1024/501/43 789/1025/501/43 787/1026/501/43
f 802/1037/506/45 804/1038/506/45 803/1039/506/45 801/1040/506/45
f 816/1051/511/47 818/1052/511/47 817/1053/511/47 815/1054/511/47
f 872/1107/543/51 874/1108/543/51 873/1109/543/51 871/1110/543/51
f 908/1143/564/54 910/1144/564/54 909/1145/564/54 907/1146/564/54
f 912/1147/565/55 914/1148/565/55 913/1149/565/55 911/1150/565/55
f 968/1203/597/59 970/1204/597/59 969/1205/597/59 967/1206/597/59
f 1014/1249/625/62 1016/1250/625/62 1015/1251/625/62 1013/1252/625/62
f 1018/1253/626/63 1020/1254/626/63 1019/1255/626/63 1017/1256/626/63
f 1084/1319/662/68 1086/1320/662/68 1085/1321/662/68 1083/1322/662/68
f 1088/1323/663/69 1090/1324/663/69 1089/1325/663/69 1087/1326/663/69
f 1102/1337/668/71 1104/1338/668/71 1103/1339/668/71 1101/1340/668/71
f 1116/1351/673/73 1118/1352/673/73 1117/1353/673/73 1115/1354/673/73
f 1182/1417/709/78 1184/1418/709/78 1183/1419/709/78 1181/1420/709/78
f 1238/1473/741/82 1240/1474/741/82 1239/1475/741/82 1237/1476/741/82
f 1242/1477/742/83 1244/1478/742/83 1243/1479/742/83 1241/1480/742/83
f 1256/1491/747/85 1258/1492/747/85 1257/1493/747/85 1255/1494/747/85
f 1322/1557/783/90 1324/1558/783/90 1323/1559/783/90 1321/1560/783/90
f 1358/1593/804/93 1360/1594/804/93 1359/1595/804/93 1357/1596/804/93
f 1362/1597/805/94 1364/1598/805/94 1363/1599/805/94 1361/1600/805/94
f 1376/1611/810/96 1378/1612/810/96 1377/1613/810/96 1375/1614/810/96
f 1390/1625/815/98 1392/1626/815/98 1391/1627/815/98 1389/1628/815/98
f 1436/1671/843/101 1438/1672/843/101 1437/1673/843/101 1435/1674/843/101
f 1440/1675/844/102 1442/1676/844/102 1441/1677/844/102 1439/1678/844/102
f 1486/1721/872/105 1488/1722/872/105 1487/1723/872/105 1485/1724/872/105
f 1500/1735/877/107 1502/1736/877/107 1501/1737/877/107 1499/1738/877/107
f 1514/1749/882/109 1516/1750/882/109 1515/1751/882/109 1513/1752/882/109
f 1528/1763/887/111 1530/1764/887/111 1529/1765/887/111 1527/1766/887/111
f 1532/1767/888/112 1534/1768/888/112 1533/1769/888/112 1531/1770/888/112
f 1578/1813/916/115 1580/1814/916/115 1579/1815/916/115 1577/1816/916/115
f 1582/1817/917/116 1584/1818/917/116 1583/1819/917/116 1581/1820/917/116
f 1638/1873/949/120 1640/1874/949/120 1639/1875/949/120 1637/1876/949/120
f 1652/1887/954/122 1654/1888/954/122 1653/1889/954/122 1651/1890/954/122
f 1656/1891/955/123 1658/1892/955/123 1657/1893/955/123 1655/1894/955/123
f 1660/1895/956/124 1662/1896/956/124 1661/1897/956/124 1659/1898/956/124
f 1664/1899/957/125 1666/1900/957/125 1665/1901/957/125 1663/1902/957/125
f 1688/1923/966/128 1690/1924/966/128 1689/1925/966/128 1687/1926/966/128
f 1692/1927/967/129 1694/1928/967/129 1693/1929/967/129 1691/1930/967/129
f 1696/1931/968/130 1698/1932/968/130 1697/1933/968/130 1695/1934/968/130
f 1700/1935/969/131 1702/1936/969/131 1701/1937/969/131 1699/1938/969/131
f 1714/1949/974/133 1716/1950/974/133 1715/1951/974/133 1713/1952/974/133
f 1728/1963/979/135 1730/1964/979/135 1729/1965/979/135 1727/1966/979/135
f 1732/1967/980/136 1734/1968/980/136 1733/1969/980/136 1731/1970/980/136
f 1820/2055/1035/141 1822/2056/1035/141 1821/2057/1035/141 1819/2058/1035/141
f 1834/2069/1040/143 1836/2070/1040/143 1835/2071/1040/143 1833/2072/1040/143
f 1848/2083/1045/145 1850/2084/1045/145 1849/2085/1045/145 1847/2086/1045/145
f 1852/2087/1046/146 1854/2088/1046/146 1853/2089/1046/146 1851/2090/1046/146
f 1866/2101/1051/148 1868/2102/1051/148 1867/2103/1051/148 1865/2104/1051/148
f 1870/2105/1052/149 1872/2106/1052/149 1871/2107/1052/149 1869/2108/1052/149
f 1874/2109/1053/150 1876/2110/1053/150 1875/2111/1053/150 1873/2112/1053/150
f 1888/2123/1058/152 1890/2124/1058/152 1889/2125/1058/152 1887/2126/1058/152
f 1892/2127/1059/153 1894/2128/1059/153 1893/2129/1059/153 1891/2130/1059/153
f 1896/2131/1060/154 1898/2132/1060/154 1897/2133/1060/154 1895/2134/1060/154
f 1942/2177/1088/157 1944/2178/1088/157 1943/2179/1088/157 1941/2180/1088/157
f 1988/2223/1113/161 1990/2224/1113/161 1989/2225/1113/161 1987/2226/1113/161
f 1992/2227/1114/162 1994/2228/1114/162 1993/2229/1114/162 1991/2230/1114/162
f 1996/2231/1115/163 1998/2232/1115/163 1997/2233/1115/163 1995/2234/1115/163
f 2000/2235/1116/164 2002/2236/1116/164 2001/2237/1116/164 1999/2238/1116/164
f 2004/2239/1117/165 2006/2240/1117/165 2005/2241/1117/165 2003/2242/1117/165
f 2008/2243/1118/166 2010/2244/1118/166 2009/2245/1118/166 2007/2246/1118/166
f 2022/2257/1123/168 2024/2258/1123/168 2023/2259/1123/168 2021/2260/1123/168
f 2120/2355/1182/174 2122/2356/1182/174 2121/2357/1182/174 2119/2358/1182/174
f 2166/2401/1210/177 2168/2402/1210/177 2167/2403/1210/177 2165/2404/1210/177
f 2222/2457/1242/181 2224/2458/1242/181 2223/2459/1242/181 2221/2460/1242/181
f 2236/2471/1247/183 2238/2472/1247/183 2237/2473/1247/183 2235/2474/1247/183
f 2250/2485/1252/185 2252/2486/1252/185 2251/2487/1252/185 2249/2488/1252/185
f 2296/2531/1280/188 2298/2532/1280/188 2297/2533/1280/188 2295/2534/1280/188
f 2310/2545/1285/190 2312/2546/1285/190 2311/2547/1285/190 2309/2548/1285/190
f 2314/2549/1286/191 2316/2550/1286/191 2315/2551/1286/191 2313/2552/1286/191
f 2370/2605/1318/195 2372/2606/1318/195 2371/2607/1318/195 2369/2608/1318/195
f 2384/2619/1323/197 2386/2620/1323/197 2385/2621/1323/197 2383/2622/1323/197
f 2388/2623/1324/198 2390/2624/1324/198 2389/2625/1324/198 2387/2626/1324/198
f 2392/2627/1325/199 2394/2628/1325/199 2393/2629/1325/199 2391/2630/1325/199
usemtl gake_futa
s off
f 487/685/398/20 488/686/399/20 489/687/400/20 490/688/398/20
f 491/689/401/20 488/686/402/20 492/690/403/20 493/691/401/20
f 494/692/404/20 495/693/404/20 496/694/404/20 497/695/404/20
f 498/696/405/20 499/697/406/20 487/685/406/20 500/698/407/20
f 488/686/399/20 491/689/408/20 501/699/408/20 489/687/400/20
f 496/694/409/20 498/696/405/20 500/698/407/20 497/695/409/20
f 488/686/402/20 487/685/410/20 499/697/410/20 492/690/403/20
f 500/698/411/20 487/685/398/20 490/688/398/20 502/700/411/20
f 503/701/412/20 491/689/413/20 504/702/414/20 505/703/412/20
f 504/702/414/20 491/689/413/20 493/691/415/20
f 506/704/416/20 507/705/417/20 503/701/418/20
f 507/705/417/20 501/699/419/20 503/701/418/20
f 501/699/420/20 507/705/421/20 489/687/422/20
f 507/705/421/20 490/688/423/20 489/687/422/20
f 505/703/424/20 494/692/425/20 506/704/426/20
f 494/692/425/20 497/695/427/20 506/704/426/20
f 497/706/428/20 500/707/428/20 506/704/428/20
f 505/703/429/20 506/704/429/20 503/701/429/20
f 506/708/430/20 502/709/430/20 507/710/430/20
f 502/700/431/20 490/688/431/20 507/705/431/20
f 506/704/432/20 500/711/432/20 502/712/432/20
f 491/689/433/20 503/701/433/20 501/699/433/20
f 505/703/434/20 495/693/434/20 494/692/434/20
usemtl kusa_ec3
s off
f 437/633/393/15 438/634/393/15 435/635/393/15 436/636/393/15
f 449/645/394/16 450/646/394/16 447/647/394/16 448/648/394/16
f 461/657/395/17 462/658/395/17 459/659/395/17 460/660/395/17
f 473/669/396/18 474/670/396/18 471/671/396/18 472/672/396/18
f 485/681/397/19 486/682/397/19 483/683/397/19 484/684/397/19
f 531/746/436/21 532/747/436/21 529/748/436/21 530/749/436/21
f 543/758/437/22 544/759/437/22 541/760/437/22 542/761/437/22
f 555/770/438/23 556/771/438/23 553/772/438/23 554/773/438/23
f 567/782/439/24 568/783/439/24 565/784/439/24 566/785/439/24
f 579/794/440/25 580/795/440/25 577/796/440/25 578/797/440/25
f 591/806/441/26 592/807/441/26 589/808/441/26 590/809/441/26
f 603/818/442/27 604/819/442/27 601/820/442/27 602/821/442/27
f 615/830/443/28 616/831/443/28 613/832/443/28 614/833/443/28
f 627/842/444/29 628/843/444/29 625/844/444/29 626/845/444/29
f 673/907/483/31 674/908/483/31 671/909/483/31 672/910/483/31
f 685/919/484/32 686/920/484/32 683/921/484/32 684/922/484/32
f 697/931/485/33 698/932/485/33 695/933/485/33 696/934/485/33
f 709/943/486/34 710/944/486/34 707/945/486/34 708/946/486/34
f 721/955/487/35 722/956/487/35 719/957/487/35 720/958/487/35
f 733/967/488/36 734/968/488/36 731/969/488/36 732/970/488/36
f 745/979/489/37 746/980/489/37 743/981/489/37 744/982/489/37
f 757/991/490/38 758/992/490/38 755/993/490/38 756/994/490/38
usemtl kusa_ec1
s off
f 429/625/393/15 430/626/393/15 427/627/393/15 428/628/393/15
f 441/637/394/16 442/638/394/16 439/639/394/16 440/640/394/16
f 453/649/395/17 454/650/395/17 451/651/395/17 452/652/395/17
f 465/661/396/18 466/662/396/18 463/663/396/18 464/664/396/18
f 477/673/397/19 478/674/397/19 475/675/397/19 476/676/397/19
f 523/738/436/21 524/739/436/21 521/740/436/21 522/741/436/21
f 535/750/437/22 536/751/437/22 533/752/437/22 534/753/437/22
f 547/762/438/23 548/763/438/23 545/764/438/23 546/765/438/23
f 559/774/439/24 560/775/439/24 557/776/439/24 558/777/439/24
f 571/786/440/25 572/787/440/25 569/788/440/25 570/789/440/25
f 583/798/441/26 584/799/441/26 581/800/441/26 582/801/441/26
f 595/810/442/27 596/811/442/27 593/812/442/27 594/813/442/27
f 607/822/443/28 608/823/443/28 605/824/443/28 606/825/443/28
f 619/834/444/29 620/835/444/29 617/836/444/29 618/837/444/29
f 665/899/483/31 666/900/483/31 663/901/483/31 664/902/483/31
f 677/911/484/32 678/912/484/32 675/913/484/32 676/914/484/32
f 689/923/485/33 690/924/485/33 687/925/485/33 688/926/485/33
f 701/935/486/34 702/936/486/34 699/937/486/34 700/938/486/34
f 713/947/487/35 714/948/487/35 711/949/487/35 712/950/487/35
f 725/959/488/36 726/960/488/36 723/961/488/36 724/962/488/36
f 737/971/489/37 738/972/489/37 735/973/489/37 736/974/489/37
f 749/983/490/38 750/984/490/38 747/985/490/38 748/986/490/38
usemtl kusa_ec2
s off
f 433/629/393/15 434/630/393/15 431/631/393/15 432/632/393/15
f 445/641/394/16 446/642/394/16 443/643/394/16 444/644/394/16
f 457/653/395/17 458/654/395/17 455/655/395/17 456/656/395/17
f 469/665/396/18 470/666/396/18 467/667/396/18 468/668/396/18
f 481/677/397/19 482/678/397/19 479/679/397/19 480/680/397/19
f 527/742/436/21 528/743/436/21 525/744/436/21 526/745/436/21
f 539/754/437/22 540/755/437/22 537/756/437/22 538/757/437/22
f 551/766/438/23 552/767/438/23 549/768/438/23 550/769/438/23
f 563/778/439/24 564/779/439/24 561/780/439/24 562/781/439/24
f 575/790/440/25 576/791/440/25 573/792/440/25 574/793/440/25
f 587/802/441/26 588/803/441/26 585/804/441/26 586/805/441/26
f 599/814/442/27 600/815/442/27 597/816/442/27 598/817/442/27
f 611/826/443/28 612/827/443/28 609/828/443/28 610/829/443/28
f 623/838/444/29 624/839/444/29 621/840/444/29 622/841/444/29
f 669/903/483/31 670/904/483/31 667/905/483/31 668/906/483/31
f 681/915/484/32 682/916/484/32 679/917/484/32 680/918/484/32
f 693/927/485/33 694/928/485/33 691/929/485/33 692/930/485/33
f 705/939/486/34 706/940/486/34 703/941/486/34 704/942/486/34
f 717/951/487/35 718/952/487/35 715/953/487/35 716/954/487/35
f 729/963/488/36 730/964/488/36 727/965/488/36 728/966/488/36
f 741/975/489/37 742/976/489/37 739/977/489/37 740/978/489/37
f 753/987/490/38 754/988/490/38 751/989/490/38 752/990/490/38
usemtl wall01_g
s off
f 819/1055/512/48 820/1056/513/48 821/1057/514/48 822/1058/514/48
f 823/1059/515/48 824/1060/512/48 825/1061/514/48 826/1062/514/48
f 839/1075/523/49 840/1076/524/49 841/1077/524/49 842/1078/523/49
f 840/1076/524/49 843/1079/525/49 844/1080/525/49 841/1077/524/49
f 845/1081/523/49 846/1082/523/49 847/1083/526/49 848/1084/526/49
f 875/1111/544/52 876/1112/545/52 877/1113/545/52 878/1114/544/52
f 876/1112/545/52 879/1115/546/52 880/1116/546/52 877/1113/545/52
f 881/1117/544/52 882/1118/544/52 883/1119/547/52 884/1120/547/52
f 925/1161/570/57 926/1162/571/57 927/1163/572/57 928/1164/572/57
f 929/1165/573/57 930/1166/570/57 931/1167/572/57 932/1168/572/57
f 971/1207/598/60 972/1208/599/60 973/1209/600/60 974/1210/600/60
f 975/1211/601/60 976/1212/598/60 977/1213/600/60 978/1214/600/60
f 1031/1267/631/65 1032/1268/632/65 1033/1269/633/65 1034/1270/633/65
f 1035/1271/634/65 1036/1272/631/65 1037/1273/633/65 1038/1274/633/65
f 1051/1287/642/66 1052/1288/643/66 1053/1289/643/66 1054/1290/642/66
f 1052/1288/643/66 1055/1291/644/66 1056/1292/644/66 1053/1289/643/66
f 1057/1293/642/66 1058/1294/642/66 1059/1295/645/66 1060/1296/645/66
f 1129/1365/678/75 1130/1366/679/75 1131/1367/680/75 1132/1368/680/75
f 1133/1369/681/75 1134/1370/678/75 1135/1371/680/75 1136/1372/680/75
f 1149/1385/689/76 1150/1386/690/76 1151/1387/690/76 1152/1388/689/76
f 1150/1386/690/76 1153/1389/691/76 1154/1390/691/76 1151/1387/690/76
f 1155/1391/689/76 1156/1392/689/76 1157/1393/692/76 1158/1394/692/76
f 1185/1421/710/79 1186/1422/711/79 1187/1423/712/79 1188/1424/712/79
f 1189/1425/713/79 1190/1426/710/79 1191/1427/712/79 1192/1428/712/79
f 1205/1441/721/80 1206/1442/722/80 1207/1443/722/80 1208/1444/721/80
f 1206/1442/722/80 1209/1445/723/80 1210/1446/723/80 1207/1443/722/80
f 1211/1447/721/80 1212/1448/721/80 1213/1449/724/80 1214/1450/724/80
f 1269/1505/752/87 1270/1506/753/87 1271/1507/754/87 1272/1508/754/87
f 1273/1509/755/87 1274/1510/752/87 1275/1511/754/87 1276/1512/754/87
f 1289/1525/763/88 1290/1526/764/88 1291/1527/764/88 1292/1528/763/88
f 1290/1526/764/88 1293/1529/765/88 1294/1530/765/88 1291/1527/764/88
f 1295/1531/763/88 1296/1532/763/88 1297/1533/766/88 1298/1534/766/88
f 1325/1561/784/91 1326/1562/785/91 1327/1563/785/91 1328/1564/784/91
f 1326/1562/785/91 1329/1565/786/91 1330/1566/786/91 1327/1563/785/91
f 1331/1567/784/91 1332/1568/784/91 1333/1569/787/91 1334/1570/787/91
f 1393/1629/816/99 1394/1630/817/99 1395/1631/818/99 1396/1632/818/99
f 1397/1633/819/99 1398/1634/816/99 1399/1635/818/99 1400/1636/818/99
f 1443/1679/845/103 1444/1680/846/103 1445/1681/847/103 1446/1682/847/103
f 1447/1683/848/103 1448/1684/845/103 1449/1685/847/103 1450/1686/847/103
f 1535/1771/889/113 1536/1772/890/113 1537/1773/891/113 1538/1774/891/113
f 1539/1775/892/113 1540/1776/889/113 1541/1777/891/113 1542/1778/891/113
f 1595/1831/922/118 1596/1832/923/118 1597/1833/924/118 1598/1834/924/118
f 1599/1835/925/118 1600/1836/922/118 1601/1837/924/118 1602/1838/924/118
f 1735/1971/981/137 1736/1972/982/137 1737/1973/983/137 1738/1974/983/137
f 1739/1975/984/137 1740/1976/981/137 1741/1977/983/137 1742/1978/983/137
f 1777/2013/1008/139 1778/2014/1009/139 1779/2015/1010/139 1780/2016/1010/139
f 1781/2017/1011/139 1782/2018/1008/139 1783/2019/1010/139 1784/2020/1010/139
f 1899/2135/1061/155 1900/2136/1062/155 1901/2137/1063/155 1902/2138/1063/155
f 1903/2139/1064/155 1904/2140/1061/155 1905/2141/1063/155 1906/2142/1063/155
f 1945/2181/1089/158 1946/2182/1090/158 1947/2183/1090/158 1948/2184/1089/158
f 1946/2182/1090/158 1949/2185/1091/158 1950/2186/1091/158 1947/2183/1090/158
f 1951/2187/1089/158 1952/2188/1089/158 1953/2189/1092/158 1954/2190/1092/158
f 2025/2261/1124/169 2026/2262/1125/169 2027/2263/1126/169 2028/2264/1126/169
f 2029/2265/1127/169 2030/2266/1124/169 2031/2267/1126/169 2032/2268/1126/169
f 2045/2281/1135/170 2046/2282/1136/170 2047/2283/1136/170 2048/2284/1135/170
f 2046/2282/1136/170 2049/2285/1137/170 2050/2286/1137/170 2047/2283/1136/170
f 2051/2287/1135/170 2052/2288/1135/170 2053/2289/1138/170 2054/2290/1138/170
f 2077/2313/1155/172 2078/2314/1156/172 2079/2315/1157/172 2080/2316/1157/172
f 2081/2317/1158/172 2082/2318/1155/172 2083/2319/1157/172 2084/2320/1157/172
f 2123/2359/1183/175 2124/2360/1184/175 2125/2361/1185/175 2126/2362/1185/175
f 2127/2363/1186/175 2128/2364/1183/175 2129/2365/1185/175 2130/2366/1185/175
f 2169/2405/1211/178 2170/2406/1212/178 2171/2407/1213/178 2172/2408/1213/178
f 2173/2409/1214/178 2174/2410/1211/178 2175/2411/1213/178 2176/2412/1213/178
f 2189/2425/1222/179 2190/2426/1223/179 2191/2427/1223/179 2192/2428/1222/179
f 2190/2426/1223/179 2193/2429/1224/179 2194/2430/1224/179 2191/2427/1223/179
f 2195/2431/1222/179 2196/2432/1222/179 2197/2433/1225/179 2198/2434/1225/179
f 2253/2489/1253/186 2254/2490/1254/186 2255/2491/1255/186 2256/2492/1255/186
f 2257/2493/1256/186 2258/2494/1253/186 2259/2495/1255/186 2260/2496/1255/186
f 2317/2553/1287/192 2318/2554/1288/192 2319/2555/1289/192 2320/2556/1289/192
f 2321/2557/1290/192 2322/2558/1287/192 2323/2559/1289/192 2324/2560/1289/192
f 827/1063/516/48 828/1064/517/48 829/1065/512/48
f 828/1064/517/48 830/1066/518/48 829/1065/512/48
f 829/1065/512/48 830/1066/518/48 831/1067/519/48
f 832/1068/520/48 833/1069/518/48 834/1070/512/48
f 833/1069/518/48 835/1071/521/48 834/1070/512/48
f 836/1072/522/48 837/1073/512/48 838/1074/519/48
f 933/1169/574/57 934/1170/575/57 935/1171/570/57
f 934/1170/575/57 936/1172/576/57 935/1171/570/57
f 935/1171/570/57 936/1172/576/57 937/1173/577/57
f 938/1174/578/57 939/1175/576/57 940/1176/570/57
f 939/1175/576/57 941/1177/579/57 940/1176/570/57
f 942/1178/580/57 943/1179/570/57 944/1180/577/57
f 979/1215/602/60 980/1216/603/60 981/1217/598/60
f 980/1216/603/60 982/1218/604/60 981/1217/598/60
f 981/1217/598/60 982/1218/604/60 983/1219/605/60
f 984/1220/606/60 985/1221/604/60 986/1222/598/60
f 985/1221/604/60 987/1223/607/60 986/1222/598/60
f 988/1224/608/60 989/1225/598/60 990/1226/605/60
f 1039/1275/635/65 1040/1276/636/65 1041/1277/631/65
f 1040/1276/636/65 1042/1278/637/65 1041/1277/631/65
f 1041/1277/631/65 1042/1278/637/65 1043/1279/638/65
f 1044/1280/639/65 1045/1281/637/65 1046/1282/631/65
f 1045/1281/637/65 1047/1283/640/65 1046/1282/631/65
f 1048/1284/641/65 1049/1285/631/65 1050/1286/638/65
f 1137/1373/682/75 1138/1374/683/75 1139/1375/678/75
f 1138/1374/683/75 1140/1376/684/75 1139/1375/678/75
f 1139/1375/678/75 1140/1376/684/75 1141/1377/685/75
f 1142/1378/686/75 1143/1379/684/75 1144/1380/678/75
f 1143/1379/684/75 1145/1381/687/75 1144/1380/678/75
f 1146/1382/688/75 1147/1383/678/75 1148/1384/685/75
f 1193/1429/714/79 1194/1430/715/79 1195/1431/710/79
f 1194/1430/715/79 1196/1432/716/79 1195/1431/710/79
f 1195/1431/710/79 1196/1432/716/79 1197/1433/717/79
f 1198/1434/718/79 1199/1435/716/79 1200/1436/710/79
f 1199/1435/716/79 1201/1437/719/79 1200/1436/710/79
f 1202/1438/720/79 1203/1439/710/79 1204/1440/717/79
f 1277/1513/756/87 1278/1514/757/87 1279/1515/752/87
f 1278/1514/757/87 1280/1516/758/87 1279/1515/752/87
f 1279/1515/752/87 1280/1516/758/87 1281/1517/759/87
f 1282/1518/760/87 1283/1519/758/87 1284/1520/752/87
f 1283/1519/758/87 1285/1521/761/87 1284/1520/752/87
f 1286/1522/762/87 1287/1523/752/87 1288/1524/759/87
f 1401/1637/820/99 1402/1638/821/99 1403/1639/816/99
f 1402/1638/821/99 1404/1640/822/99 1403/1639/816/99
f 1403/1639/816/99 1404/1640/822/99 1405/1641/823/99
f 1406/1642/824/99 1407/1643/822/99 1408/1644/816/99
f 1407/1643/822/99 1409/1645/825/99 1408/1644/816/99
f 1410/1646/826/99 1411/1647/816/99 1412/1648/823/99
f 1451/1687/849/103 1452/1688/850/103 1453/1689/845/103
f 1452/1688/850/103 1454/1690/851/103 1453/1689/845/103
f 1453/1689/845/103 1454/1690/851/103 1455/1691/852/103
f 1456/1692/853/103 1457/1693/851/103 1458/1694/845/103
f 1457/1693/851/103 1459/1695/854/103 1458/1694/845/103
f 1460/1696/855/103 1461/1697/845/103 1462/1698/852/103
f 1543/1779/893/113 1544/1780/894/113 1545/1781/889/113
f 1544/1780/894/113 1546/1782/895/113 1545/1781/889/113
f 1545/1781/889/113 1546/1782/895/113 1547/1783/896/113
f 1548/1784/897/113 1549/1785/895/113 1550/1786/889/113
f 1549/1785/895/113 1551/1787/898/113 1550/1786/889/113
f 1552/1788/899/113 1553/1789/889/113 1554/1790/896/113
f 1603/1839/926/118 1604/1840/927/118 1605/1841/922/118
f 1604/1840/927/118 1606/1842/928/118 1605/1841/922/118
f 1605/1841/922/118 1606/1842/928/118 1607/1843/929/118
f 1608/1844/930/118 1609/1845/928/118 1610/1846/922/118
f 1609/1845/928/118 1611/1847/931/118 1610/1846/922/118
f 1612/1848/932/118 1613/1849/922/118 1614/1850/929/118
f 1743/1979/985/137 1744/1980/986/137 1745/1981/981/137
f 1744/1980/986/137 1746/1982/987/137 1745/1981/981/137
f 1745/1981/981/137 1746/1982/987/137 1747/1983/988/137
f 1748/1984/989/137 1749/1985/987/137 1750/1986/981/137
f 1749/1985/987/137 1751/1987/990/137 1750/1986/981/137
f 1752/1988/991/137 1753/1989/981/137 1754/1990/988/137
f 1785/2021/1012/139 1786/2022/1013/139 1787/2023/1008/139
f 1786/2022/1013/139 1788/2024/1014/139 1787/2023/1008/139
f 1787/2023/1008/139 1788/2024/1014/139 1789/2025/1015/139
f 1790/2026/1016/139 1791/2027/1014/139 1792/2028/1008/139
f 1791/2027/1014/139 1793/2029/1017/139 1792/2028/1008/139
f 1794/2030/1018/139 1795/2031/1008/139 1796/2032/1015/139
f 1907/2143/1065/155 1908/2144/1066/155 1909/2145/1061/155
f 1908/2144/1066/155 1910/2146/1067/155 1909/2145/1061/155
f 1909/2145/1061/155 1910/2146/1067/155 1911/2147/1068/155
f 1912/2148/1069/155 1913/2149/1067/155 1914/2150/1061/155
f 1913/2149/1067/155 1915/2151/1070/155 1914/2150/1061/155
f 1916/2152/1071/155 1917/2153/1061/155 1918/2154/1068/155
f 2033/2269/1128/169 2034/2270/1129/169 2035/2271/1124/169
f 2034/2270/1129/169 2036/2272/1130/169 2035/2271/1124/169
f 2035/2271/1124/169 2036/2272/1130/169 2037/2273/1131/169
f 2038/2274/1132/169 2039/2275/1130/169 2040/2276/1124/169
f 2039/2275/1130/169 2041/2277/1133/169 2040/2276/1124/169
f 2042/2278/1134/169 2043/2279/1124/169 2044/2280/1131/169
f 2085/2321/1159/172 2086/2322/1160/172 2087/2323/1155/172
f 2086/2322/1160/172 2088/2324/1161/172 2087/2323/1155/172
f 2087/2323/1155/172 2088/2324/1161/172 2089/2325/1162/172
f 2090/2326/1163/172 2091/2327/1161/172 2092/2328/1155/172
f 2091/2327/1161/172 2093/2329/1164/172 2092/2328/1155/172
f 2094/2330/1165/172 2095/2331/1155/172 2096/2332/1162/172
f 2131/2367/1187/175 2132/2368/1188/175 2133/2369/1183/175
f 2132/2368/1188/175 2134/2370/1189/175 2133/2369/1183/175
f 2133/2369/1183/175 2134/2370/1189/175 2135/2371/1190/175
f 2136/2372/1191/175 2137/2373/1189/175 2138/2374/1183/175
f 2137/2373/1189/175 2139/2375/1192/175 2138/2374/1183/175
f 2140/2376/1193/175 2141/2377/1183/175 2142/2378/1190/175
f 2177/2413/1215/178 2178/2414/1216/178 2179/2415/1211/178
f 2178/2414/1216/178 2180/2416/1217/178 2179/2415/1211/178
f 2179/2415/1211/178 2180/2416/1217/178 2181/2417/1218/178
f 2182/2418/1219/178 2183/2419/1217/178 2184/2420/1211/178
f 2183/2419/1217/178 2185/2421/1220/178 2184/2420/1211/178
f 2186/2422/1221/178 2187/2423/1211/178 2188/2424/1218/178
f 2261/2497/1257/186 2262/2498/1258/186 2263/2499/1253/186
f 2262/2498/1258/186 2264/2500/1259/186 2263/2499/1253/186
f 2263/2499/1253/186 2264/2500/1259/186 2265/2501/1260/186
f 2266/2502/1261/186 2267/2503/1259/186 2268/2504/1253/186
f 2267/2503/1259/186 2269/2505/1262/186 2268/2504/1253/186
f 2270/2506/1263/186 2271/2507/1253/186 2272/2508/1260/186
f 2325/2561/1291/192 2326/2562/1292/192 2327/2563/1287/192
f 2326/2562/1292/192 2328/2564/1293/192 2327/2563/1287/192
f 2327/2563/1287/192 2328/2564/1293/192 2329/2565/1294/192
f 2330/2566/1295/192 2331/2567/1293/192 2332/2568/1287/192
f 2331/2567/1293/192 2333/2569/1296/192 2332/2568/1287/192
f 2334/2570/1297/192 2335/2571/1287/192 2336/2572/1294/192
usemtl beach01
s off
f 849/1102/541/50 850/1103/541/50 851/1104/541/50
f 850/1103/541/50 852/1105/541/50 851/1104/541/50
f 853/1106/541/50 852/1105/541/50 850/1103/541/50
f 885/1138/562/53 886/1139/562/53 887/1140/562/53
f 886/1139/562/53 888/1141/562/53 887/1140/562/53
f 889/1142/562/53 888/1141/562/53 886/1139/562/53
f 945/1198/595/58 946/1199/595/58 947/1200/595/58
f 946/1199/595/58 948/1201/595/58 947/1200/595/58
f 949/1202/595/58 948/1201/595/58 946/1199/595/58
f 991/1244/623/61 992/1245/623/61 993/1246/623/61
f 992/1245/623/61 994/1247/623/61 993/1246/623/61
f 995/1248/623/61 994/1247/623/61 992/1245/623/61
f 1061/1314/660/67 1062/1315/660/67 1063/1316/660/67
f 1062/1315/660/67 1064/1317/660/67 1063/1316/660/67
f 1065/1318/660/67 1064/1317/660/67 1062/1315/660/67
f 1159/1412/707/77 1160/1413/707/77 1161/1414/707/77
f 1160/1413/707/77 1162/1415/707/77 1161/1414/707/77
f 1163/1416/707/77 1162/1415/707/77 1160/1413/707/77
f 1215/1468/739/81 1216/1469/739/81 1217/1470/739/81
f 1216/1469/739/81 1218/1471/739/81 1217/1470/739/81
f 1219/1472/739/81 1218/1471/739/81 1216/1469/739/81
f 1299/1552/781/89 1300/1553/781/89 1301/1554/781/89
f 1300/1553/781/89 1302/1555/781/89 1301/1554/781/89
f 1303/1556/781/89 1302/1555/781/89 1300/1553/781/89
f 1335/1588/802/92 1336/1589/802/92 1337/1590/802/92
f 1336/1589/802/92 1338/1591/802/92 1337/1590/802/92
f 1339/1592/802/92 1338/1591/802/92 1336/1589/802/92
f 1413/1666/841/100 1414/1667/841/100 1415/1668/841/100
f 1414/1667/841/100 1416/1669/841/100 1415/1668/841/100
f 1417/1670/841/100 1416/1669/841/100 1414/1667/841/100
f 1463/1716/870/104 1464/1717/870/104 1465/1718/870/104
f 1464/1717/870/104 1466/1719/870/104 1465/1718/870/104
f 1467/1720/870/104 1466/1719/870/104 1464/1717/870/104
f 1555/1808/914/114 1556/1809/914/114 1557/1810/914/114
f 1556/1809/914/114 1558/1811/914/114 1557/1810/914/114
f 1559/1812/914/114 1558/1811/914/114 1556/1809/914/114
f 1615/1868/947/119 1616/1869/947/119 1617/1870/947/119
f 1616/1869/947/119 1618/1871/947/119 1617/1870/947/119
f 1619/1872/947/119 1618/1871/947/119 1616/1869/947/119
f 1755/2008/1006/138 1756/2009/1006/138 1757/2010/1006/138
f 1756/2009/1006/138 1758/2011/1006/138 1757/2010/1006/138
f 1759/2012/1006/138 1758/2011/1006/138 1756/2009/1006/138
f 1797/2050/1033/140 1798/2051/1033/140 1799/2052/1033/140
f 1798/2051/1033/140 1800/2053/1033/140 1799/2052/1033/140
f 1801/2054/1033/140 1800/2053/1033/140 1798/2051/1033/140
f 1919/2172/1086/156 1920/2173/1086/156 1921/2174/1086/156
f 1920/2173/1086/156 1922/2175/1086/156 1921/2174/1086/156
f 1923/2176/1086/156 1922/2175/1086/156 1920/2173/1086/156
f 1955/2208/1107/159 1956/2209/1107/159 1957/2210/1107/159
f 1956/2209/1107/159 1958/2211/1107/159 1957/2210/1107/159
f 1959/2212/1107/159 1958/2211/1107/159 1956/2209/1107/159
f 2055/2308/1153/171 2056/2309/1153/171 2057/2310/1153/171
f 2056/2309/1153/171 2058/2311/1153/171 2057/2310/1153/171
f 2059/2312/1153/171 2058/2311/1153/171 2056/2309/1153/171
f 2097/2350/1180/173 2098/2351/1180/173 2099/2352/1180/173
f 2098/2351/1180/173 2100/2353/1180/173 2099/2352/1180/173
f 2101/2354/1180/173 2100/2353/1180/173 2098/2351/1180/173
f 2143/2396/1208/176 2144/2397/1208/176 2145/2398/1208/176
f 2144/2397/1208/176 2146/2399/1208/176 2145/2398/1208/176
f 2147/2400/1208/176 2146/2399/1208/176 2144/2397/1208/176
f 2199/2452/1240/180 2200/2453/1240/180 2201/2454/1240/180
f 2200/2453/1240/180 2202/2455/1240/180 2201/2454/1240/180
f 2203/2456/1240/180 2202/2455/1240/180 2200/2453/1240/180
f 2273/2526/1278/187 2274/2527/1278/187 2275/2528/1278/187
f 2274/2527/1278/187 2276/2529/1278/187 2275/2528/1278/187
f 2277/2530/1278/187 2276/2529/1278/187 2274/2527/1278/187
f 2337/2590/1312/193 2338/2591/1312/193 2339/2592/1312/193
f 2338/2591/1312/193 2340/2593/1312/193 2339/2592/1312/193
f 2341/2594/1312/193 2340/2593/1312/193 2338/2591/1312/193
usemtl wallkn_g
s off
f 763/999/492/40 764/1000/493/40 765/1001/493/40 766/1002/492/40
f 764/1000/493/40 767/1003/494/40 768/1004/494/40 765/1001/493/40
f 769/1005/492/40 770/1006/492/40 771/1007/495/40 772/1008/495/40
f 777/1013/497/42 778/1014/498/42 779/1015/498/42 780/1016/497/42
f 778/1014/498/42 781/1017/499/42 782/1018/499/42 779/1015/498/42
f 783/1019/497/42 784/1020/497/42 785/1021/500/42 786/1022/500/42
f 791/1027/502/44 792/1028/503/44 793/1029/503/44 794/1030/502/44
f 792/1028/503/44 795/1031/504/44 796/1032/504/44 793/1029/503/44
f 797/1033/502/44 798/1034/502/44 799/1035/505/44 800/1036/505/44
f 805/1041/507/46 806/1042/508/46 807/1043/508/46 808/1044/507/46
f 806/1042/508/46 809/1045/509/46 810/1046/509/46 807/1043/508/46
f 811/1047/507/46 812/1048/507/46 813/1049/510/46 814/1050/510/46
f 854/1085/527/50 855/1086/528/50 856/1087/529/50 857/1088/530/50
f 858/1089/531/50 859/1090/532/50 860/1091/533/50 861/1092/534/50
f 859/1090/532/50 854/1085/527/50 857/1088/530/50 860/1091/533/50
f 890/1121/548/53 891/1122/549/53 892/1123/550/53 893/1124/551/53
f 894/1125/552/53 895/1126/553/53 896/1127/554/53 897/1128/555/53
f 895/1126/553/53 890/1121/548/53 893/1124/551/53 896/1127/554/53
f 915/1151/566/56 916/1152/567/56 917/1153/567/56 918/1154/566/56
f 916/1152/567/56 919/1155/568/56 920/1156/568/56 917/1153/567/56
f 921/1157/566/56 922/1158/566/56 923/1159/569/56 924/1160/569/56
f 950/1181/581/58 951/1182/582/58 952/1183/583/58 953/1184/584/58
f 954/1185/585/58 955/1186/586/58 956/1187/587/58 957/1188/588/58
f 955/1186/586/58 950/1181/581/58 953/1184/584/58 956/1187/587/58
f 996/1227/609/61 997/1228/610/61 998/1229/611/61 999/1230/612/61
f 1000/1231/613/61 1001/1232/614/61 1002/1233/615/61 1003/1234/616/61
f 1001/1232/614/61 996/1227/609/61 999/1230/612/61 1002/1233/615/61
f 1021/1257/627/64 1022/1258/628/64 1023/1259/628/64 1024/1260/627/64
f 1022/1258/628/64 1025/1261/629/64 1026/1262/629/64 1023/1259/628/64
f 1027/1263/627/64 1028/1264/627/64 1029/1265/630/64 1030/1266/630/64
f 1066/1297/646/67 1067/1298/647/67 1068/1299/648/67 1069/1300/649/67
f 1070/1301/650/67 1071/1302/651/67 1072/1303/652/67 1073/1304/653/67
f 1071/1302/651/67 1066/1297/646/67 1069/1300/649/67 1072/1303/652/67
f 1091/1327/664/70 1092/1328/665/70 1093/1329/665/70 1094/1330/664/70
f 1092/1328/665/70 1095/1331/666/70 1096/1332/666/70 1093/1329/665/70
f 1097/1333/664/70 1098/1334/664/70 1099/1335/667/70 1100/1336/667/70
f 1105/1341/669/72 1106/1342/670/72 1107/1343/670/72 1108/1344/669/72
f 1106/1342/670/72 1109/1345/671/72 1110/1346/671/72 1107/1343/670/72
f 1111/1347/669/72 1112/1348/669/72 1113/1349/672/72 1114/1350/672/72
f 1119/1355/674/74 1120/1356/675/74 1121/1357/675/74 1122/1358/674/74
f 1120/1356/675/74 1123/1359/676/74 1124/1360/676/74 1121/1357/675/74
f 1125/1361/674/74 1126/1362/674/74 1127/1363/677/74 1128/1364/677/74
f 1164/1395/693/77 1165/1396/694/77 1166/1397/695/77 1167/1398/696/77
f 1168/1399/697/77 1169/1400/698/77 1170/1401/699/77 1171/1402/700/77
f 1169/1400/698/77 1164/1395/693/77 1167/1398/696/77 1170/1401/699/77
f 1220/1451/725/81 1221/1452/726/81 1222/1453/727/81 1223/1454/728/81
f 1224/1455/729/81 1225/1456/730/81 1226/1457/731/81 1227/1458/732/81
f 1225/1456/730/81 1220/1451/725/81 1223/1454/728/81 1226/1457/731/81
f 1245/1481/743/84 1246/1482/744/84 1247/1483/744/84 1248/1484/743/84
f 1246/1482/744/84 1249/1485/745/84 1250/1486/745/84 1247/1483/744/84
f 1251/1487/743/84 1252/1488/743/84 1253/1489/746/84 1254/1490/746/84
f 1259/1495/748/86 1260/1496/749/86 1261/1497/749/86 1262/1498/748/86
f 1260/1496/749/86 1263/1499/750/86 1264/1500/750/86 1261/1497/749/86
f 1265/1501/748/86 1266/1502/748/86 1267/1503/751/86 1268/1504/751/86
f 1304/1535/767/89 1305/1536/768/89 1306/1537/769/89 1307/1538/770/89
f 1308/1539/771/89 1309/1540/772/89 1310/1541/773/89 1311/1542/774/89
f 1309/1540/772/89 1304/1535/767/89 1307/1538/770/89 1310/1541/773/89
f 1340/1571/788/92 1341/1572/789/92 1342/1573/790/92 1343/1574/791/92
f 1344/1575/792/92 1345/1576/793/92 1346/1577/794/92 1347/1578/795/92
f 1345/1576/793/92 1340/1571/788/92 1343/1574/791/92 1346/1577/794/92
f 1365/1601/806/95 1366/1602/807/95 1367/1603/807/95 1368/1604/806/95
f 1366/1602/807/95 1369/1605/808/95 1370/1606/808/95 1367/1603/807/95
f 1371/1607/806/95 1372/1608/806/95 1373/1609/809/95 1374/1610/809/95
f 1379/1615/811/97 1380/1616/812/97 1381/1617/812/97 1382/1618/811/97
f 1380/1616/812/97 1383/1619/813/97 1384/1620/813/97 1381/1617/812/97
f 1385/1621/811/97 1386/1622/811/97 1387/1623/814/97 1388/1624/814/97
f 1418/1649/827/100 1419/1650/828/100 1420/1651/829/100 1421/1652/830/100
f 1422/1653/831/100 1423/1654/832/100 1424/1655/833/100 1425/1656/834/100
f 1423/1654/832/100 1418/1649/827/100 1421/1652/830/100 1424/1655/833/100
f 1468/1699/856/104 1469/1700/857/104 1470/1701/858/104 1471/1702/859/104
f 1472/1703/860/104 1473/1704/861/104 1474/1705/862/104 1475/1706/863/104
f 1473/1704/861/104 1468/1699/856/104 1471/1702/859/104 1474/1705/862/104
f 1489/1725/873/106 1490/1726/874/106 1491/1727/874/106 1492/1728/873/106
f 1490/1726/874/106 1493/1729/875/106 1494/1730/875/106 1491/1727/874/106
f 1495/1731/873/106 1496/1732/873/106 1497/1733/876/106 1498/1734/876/106
f 1503/1739/878/108 1504/1740/879/108 1505/1741/879/108 1506/1742/878/108
f 1504/1740/879/108 1507/1743/880/108 1508/1744/880/108 1505/1741/879/108
f 1509/1745/878/108 1510/1746/878/108 1511/1747/881/108 1512/1748/881/108
f 1517/1753/883/110 1518/1754/884/110 1519/1755/884/110 1520/1756/883/110
f 1518/1754/884/110 1521/1757/885/110 1522/1758/885/110 1519/1755/884/110
f 1523/1759/883/110 1524/1760/883/110 1525/1761/886/110 1526/1762/886/110
f 1560/1791/900/114 1561/1792/901/114 1562/1793/902/114 1563/1794/903/114
f 1564/1795/904/114 1565/1796/905/114 1566/1797/906/114 1567/1798/907/114
f 1565/1796/905/114 1560/1791/900/114 1563/1794/903/114 1566/1797/906/114
f 1585/1821/918/117 1586/1822/919/117 1587/1823/919/117 1588/1824/918/117
f 1586/1822/919/117 1589/1825/920/117 1590/1826/920/117 1587/1823/919/117
f 1591/1827/918/117 1592/1828/918/117 1593/1829/921/117 1594/1830/921/117
f 1620/1851/933/119 1621/1852/934/119 1622/1853/935/119 1623/1854/936/119
f 1624/1855/937/119 1625/1856/938/119 1626/1857/939/119 1627/1858/940/119
f 1625/1856/938/119 1620/1851/933/119 1623/1854/936/119 1626/1857/939/119
f 1641/1877/950/121 1642/1878/951/121 1643/1879/951/121 1644/1880/950/121
f 1642/1878/951/121 1645/1881/952/121 1646/1882/952/121 1643/1879/951/121
f 1647/1883/950/121 1648/1884/950/121 1649/1885/953/121 1650/1886/953/121
f 1667/1903/958/126 1668/1904/959/126 1669/1905/959/126 1670/1906/958/126
f 1668/1904/959/126 1671/1907/960/126 1672/1908/960/126 1669/1905/959/126
f 1673/1909/958/126 1674/1910/958/126 1675/1911/961/126 1676/1912/961/126
f 1677/1913/962/127 1678/1914/963/127 1679/1915/963/127 1680/1916/962/127
f 1678/1914/963/127 1681/1917/964/127 1682/1918/964/127 1679/1915/963/127
f 1683/1919/962/127 1684/1920/962/127 1685/1921/965/127 1686/1922/965/127
f 1703/1939/970/132 1704/1940/971/132 1705/1941/971/132 1706/1942/970/132
f 1704/1940/971/132 1707/1943/972/132 1708/1944/972/132 1705/1941/971/132
f 1709/1945/970/132 1710/1946/970/132 1711/1947/973/132 1712/1948/973/132
f 1717/1953/975/134 1718/1954/976/134 1719/1955/976/134 1720/1956/975/134
f 1718/1954/976/134 1721/1957/977/134 1722/1958/977/134 1719/1955/976/134
f 1723/1959/975/134 1724/1960/975/134 1725/1961/978/134 1726/1962/978/134
f 1760/1991/992/138 1761/1992/993/138 1762/1993/994/138 1763/1994/995/138
f 1764/1995/996/138 1765/1996/997/138 1766/1997/998/138 1767/1998/999/138
f 1765/1996/997/138 1760/1991/992/138 1763/1994/995/138 1766/1997/998/138
f 1802/2033/1019/140 1803/2034/1020/140 1804/2035/1021/140 1805/2036/1022/140
f 1806/2037/1023/140 1807/2038/1024/140 1808/2039/1025/140 1809/2040/1026/140
f 1807/2038/1024/140 1802/2033/1019/140 1805/2036/1022/140 1808/2039/1025/140
f 1823/2059/1036/142 1824/2060/1037/142 1825/2061/1037/142 1826/2062/1036/142
f 1824/2060/1037/142 1827/2063/1038/142 1828/2064/1038/142 1825/2061/1037/142
f 1829/2065/1036/142 1830/2066/1036/142 1831/2067/1039/142 1832/2068/1039/142
f 1837/2073/1041/144 1838/2074/1042/144 1839/2075/1042/144 1840/2076/1041/144
f 1838/2074/1042/144 1841/2077/1043/144 1842/2078/1043/144 1839/2075/1042/144
f 1843/2079/1041/144 1844/2080/1041/144 1845/2081/1044/144 1846/2082/1044/144
f 1855/2091/1047/147 1856/2092/1048/147 1857/2093/1048/147 1858/2094/1047/147
f 1856/2092/1048/147 1859/2095/1049/147 1860/2096/1049/147 1857/2093/1048/147
f 1861/2097/1047/147 1862/2098/1047/147 1863/2099/1050/147 1864/2100/1050/147
f 1877/2113/1054/151 1878/2114/1055/151 1879/2115/1055/151 1880/2116/1054/151
f 1878/2114/1055/151 1881/2117/1056/151 1882/2118/1056/151 1879/2115/1055/151
f 1883/2119/1054/151 1884/2120/1054/151 1885/2121/1057/151 1886/2122/1057/151
f 1924/2155/1072/156 1925/2156/1073/156 1926/2157/1074/156 1927/2158/1075/156
f 1928/2159/1076/156 1929/2160/1077/156 1930/2161/1078/156 1931/2162/1079/156
f 1929/2160/1077/156 1924/2155/1072/156 1927/2158/1075/156 1930/2161/1078/156
f 1960/2191/1093/159 1961/2192/1094/159 1962/2193/1095/159 1963/2194/1096/159
f 1964/2195/1097/159 1965/2196/1098/159 1966/2197/1099/159 1967/2198/1100/159
f 1965/2196/1098/159 1960/2191/1093/159 1963/2194/1096/159 1966/2197/1099/159
f 1977/2213/1109/160 1978/2214/1110/160 1979/2215/1110/160 1980/2216/1109/160
f 1978/2214/1110/160 1981/2217/1111/160 1982/2218/1111/160 1979/2215/1110/160
f 1983/2219/1109/160 1984/2220/1109/160 1985/2221/1112/160 1986/2222/1112/160
f 2011/2247/1119/167 2012/2248/1120/167 2013/2249/1120/167 2014/2250/1119/167
f 2012/2248/1120/167 2015/2251/1121/167 2016/2252/1121/167 2013/2249/1120/167
f 2017/2253/1119/167 2018/2254/1119/167 2019/2255/1122/167 2020/2256/1122/167
f 2060/2291/1139/171 2061/2292/1140/171 2062/2293/1141/171 2063/2294/1142/171
f 2064/2295/1143/171 2065/2296/1144/171 2066/2297/1145/171 2067/2298/1146/171
f 2065/2296/1144/171 2060/2291/1139/171 2063/2294/1142/171 2066/2297/1145/171
f 2102/2333/1166/173 2103/2334/1167/173 2104/2335/1168/173 2105/2336/1169/173
f 2106/2337/1170/173 2107/2338/1171/173 2108/2339/1172/173 2109/2340/1173/173
f 2107/2338/1171/173 2102/2333/1166/173 2105/2336/1169/173 2108/2339/1172/173
f 2148/2379/1194/176 2149/2380/1195/176 2150/2381/1196/176 2151/2382/1197/176
f 2152/2383/1198/176 2153/2384/1199/176 2154/2385/1200/176 2155/2386/1201/176
f 2153/2384/1199/176 2148/2379/1194/176 2151/2382/1197/176 2154/2385/1200/176
f 2204/2435/1226/180 2205/2436/1227/180 2206/2437/1228/180 2207/2438/1229/180
f 2208/2439/1230/180 2209/2440/1231/180 2210/2441/1232/180 2211/2442/1233/180
f 2209/2440/1231/180 2204/2435/1226/180 2207/2438/1229/180 2210/2441/1232/180
f 2225/2461/1243/182 2226/2462/1244/182 2227/2463/1244/182 2228/2464/1243/182
f 2226/2462/1244/182 2229/2465/1245/182 2230/2466/1245/182 2227/2463/1244/182
f 2231/2467/1243/182 2232/2468/1243/182 2233/2469/1246/182 2234/2470/1246/182
f 2239/2475/1248/184 2240/2476/1249/184 2241/2477/1249/184 2242/2478/1248/184
f 2240/2476/1249/184 2243/2479/1250/184 2244/2480/1250/184 2241/2477/1249/184
f 2245/2481/1248/184 2246/2482/1248/184 2247/2483/1251/184 2248/2484/1251/184
f 2278/2509/1264/187 2279/2510/1265/187 2280/2511/1266/187 2281/2512/1267/187
f 2282/2513/1268/187 2283/2514/1269/187 2284/2515/1270/187 2285/2516/1271/187
f 2283/2514/1269/187 2278/2509/1264/187 2281/2512/1267/187 2284/2515/1270/187
f 2299/2535/1281/189 2300/2536/1282/189 2301/2537/1282/189 2302/2538/1281/189
f 2300/2536/1282/189 2303/2539/1283/189 2304/2540/1283/189 2301/2537/1282/189
f 2305/2541/1281/189 2306/2542/1281/189 2307/2543/1284/189 2308/2544/1284/189
f 2342/2573/1298/193 2343/2574/1299/193 2344/2575/1300/193 2345/2576/1301/193
f 2346/2577/1302/193 2347/2578/1303/193 2348/2579/1304/193 2349/2580/1305/193
f 2347/2578/1303/193 2342/2573/1298/193 2345/2576/1301/193 2348/2579/1304/193
f 2359/2595/1314/194 2360/2596/1315/194 2361/2597/1315/194 2362/2598/1314/194
f 2360/2596/1315/194 2363/2599/1316/194 2364/2600/1316/194 2361/2597/1315/194
f 2365/2601/1314/194 2366/2602/1314/194 2367/2603/1317/194 2368/2604/1317/194
f 2373/2609/1319/196 2374/2610/1320/196 2375/2611/1320/196 2376/2612/1319/196
f 2374/2610/1320/196 2377/2613/1321/196 2378/2614/1321/196 2375/2611/1320/196
f 2379/2615/1319/196 2380/2616/1319/196 2381/2617/1322/196 2382/2618/1322/196
f 862/1093/535/50 863/1094/536/50 864/1095/537/50
f 863/1094/536/50 865/1096/538/50 864/1095/537/50
f 864/1095/537/50 865/1096/538/50 866/1097/539/50
f 865/1096/538/50 867/1098/540/50 866/1097/539/50
f 868/1099/539/50 869/1100/541/50 870/1101/542/50
f 898/1129/556/53 899/1130/557/53 900/1131/558/53
f 899/1130/557/53 901/1132/559/53 900/1131/558/53
f 900/1131/558/53 901/1132/559/53 902/1133/560/53
f 901/1132/559/53 903/1134/561/53 902/1133/560/53
f 904/1135/560/53 905/1136/562/53 906/1137/563/53
f 958/1189/589/58 959/1190/590/58 960/1191/591/58
f 959/1190/590/58 961/1192/592/58 960/1191/591/58
f 960/1191/591/58 961/1192/592/58 962/1193/593/58
f 961/1192/592/58 963/1194/594/58 962/1193/593/58
f 964/1195/593/58 965/1196/595/58 966/1197/596/58
f 1004/1235/617/61 1005/1236/618/61 1006/1237/619/61
f 1005/1236/618/61 1007/1238/620/61 1006/1237/619/61
f 1006/1237/619/61 1007/1238/620/61 1008/1239/621/61
f 1007/1238/620/61 1009/1240/622/61 1008/1239/621/61
f 1010/1241/621/61 1011/1242/623/61 1012/1243/624/61
f 1074/1305/654/67 1075/1306/655/67 1076/1307/656/67
f 1075/1306/655/67 1077/1308/657/67 1076/1307/656/67
f 1076/1307/656/67 1077/1308/657/67 1078/1309/658/67
f 1077/1308/657/67 1079/1310/659/67 1078/1309/658/67
f 1080/1311/658/67 1081/1312/660/67 1082/1313/661/67
f 1172/1403/701/77 1173/1404/702/77 1174/1405/703/77
f 1173/1404/702/77 1175/1406/704/77 1174/1405/703/77
f 1174/1405/703/77 1175/1406/704/77 1176/1407/705/77
f 1175/1406/704/77 1177/1408/706/77 1176/1407/705/77
f 1178/1409/705/77 1179/1410/707/77 1180/1411/708/77
f 1228/1459/733/81 1229/1460/734/81 1230/1461/735/81
f 1229/1460/734/81 1231/1462/736/81 1230/1461/735/81
f 1230/1461/735/81 1231/1462/736/81 1232/1463/737/81
f 1231/1462/736/81 1233/1464/738/81 1232/1463/737/81
f 1234/1465/737/81 1235/1466/739/81 1236/1467/740/81
f 1312/1543/775/89 1313/1544/776/89 1314/1545/777/89
f 1313/1544/776/89 1315/1546/778/89 1314/1545/777/89
f 1314/1545/777/89 1315/1546/778/89 1316/1547/779/89
f 1315/1546/778/89 1317/1548/780/89 1316/1547/779/89
f 1318/1549/779/89 1319/1550/781/89 1320/1551/782/89
f 1348/1579/796/92 1349/1580/797/92 1350/1581/798/92
f 1349/1580/797/92 1351/1582/799/92 1350/1581/798/92
f 1350/1581/798/92 1351/1582/799/92 1352/1583/800/92
f 1351/1582/799/92 1353/1584/801/92 1352/1583/800/92
f 1354/1585/800/92 1355/1586/802/92 1356/1587/803/92
f 1426/1657/835/100 1427/1658/836/100 1428/1659/837/100
f 1427/1658/836/100 1429/1660/838/100 1428/1659/837/100
f 1428/1659/837/100 1429/1660/838/100 1430/1661/839/100
f 1429/1660/838/100 1431/1662/840/100 1430/1661/839/100
f 1432/1663/839/100 1433/1664/841/100 1434/1665/842/100
f 1476/1707/864/104 1477/1708/865/104 1478/1709/866/104
f 1477/1708/865/104 1479/1710/867/104 1478/1709/866/104
f 1478/1709/866/104 1479/1710/867/104 1480/1711/868/104
f 1479/1710/867/104 1481/1712/869/104 1480/1711/868/104
f 1482/1713/868/104 1483/1714/870/104 1484/1715/871/104
f 1568/1799/908/114 1569/1800/909/114 1570/1801/910/114
f 1569/1800/909/114 1571/1802/911/114 1570/1801/910/114
f 1570/1801/910/114 1571/1802/911/114 1572/1803/912/114
f 1571/1802/911/114 1573/1804/913/114 1572/1803/912/114
f 1574/1805/912/114 1575/1806/914/114 1576/1807/915/114
f 1628/1859/941/119 1629/1860/942/119 1630/1861/943/119
f 1629/1860/942/119 1631/1862/944/119 1630/1861/943/119
f 1630/1861/943/119 1631/1862/944/119 1632/1863/945/119
f 1631/1862/944/119 1633/1864/946/119 1632/1863/945/119
f 1634/1865/945/119 1635/1866/947/119 1636/1867/948/119
f 1768/1999/1000/138 1769/2000/1001/138 1770/2001/1002/138
f 1769/2000/1001/138 1771/2002/1003/138 1770/2001/1002/138
f 1770/2001/1002/138 1771/2002/1003/138 1772/2003/1004/138
f 1771/2002/1003/138 1773/2004/1005/138 1772/2003/1004/138
f 1774/2005/1004/138 1775/2006/1006/138 1776/2007/1007/138
f 1810/2041/1027/140 1811/2042/1028/140 1812/2043/1029/140
f 1811/2042/1028/140 1813/2044/1030/140 1812/2043/1029/140
f 1812/2043/1029/140 1813/2044/1030/140 1814/2045/1031/140
f 1813/2044/1030/140 1815/2046/1032/140 1814/2045/1031/140
f 1816/2047/1031/140 1817/2048/1033/140 1818/2049/1034/140
f 1932/2163/1080/156 1933/2164/1081/156 1934/2165/1082/156
f 1933/2164/1081/156 1935/2166/1083/156 1934/2165/1082/156
f 1934/2165/1082/156 1935/2166/1083/156 1936/2167/1084/156
f 1935/2166/1083/156 1937/2168/1085/156 1936/2167/1084/156
f 1938/2169/1084/156 1939/2170/1086/156 1940/2171/1087/156
f 1968/2199/1101/159 1969/2200/1102/159 1970/2201/1103/159
f 1969/2200/1102/159 1971/2202/1104/159 1970/2201/1103/159
f 1970/2201/1103/159 1971/2202/1104/159 1972/2203/1105/159
f 1971/2202/1104/159 1973/2204/1106/159 1972/2203/1105/159
f 1974/2205/1105/159 1975/2206/1107/159 1976/2207/1108/159
f 2068/2299/1147/171 2069/2300/1148/171 2070/2301/1149/171
f 2069/2300/1148/171 2071/2302/1150/171 2070/2301/1149/171
f 2070/2301/1149/171 2071/2302/1150/171 2072/2303/1151/171
f 2071/2302/1150/171 2073/2304/1152/171 2072/2303/1151/171
f 2074/2305/1151/171 2075/2306/1153/171 2076/2307/1154/171
f 2110/2341/1174/173 2111/2342/1175/173 2112/2343/1176/173
f 2111/2342/1175/173 2113/2344/1177/173 2112/2343/1176/173
f 2112/2343/1176/173 2113/2344/1177/173 2114/2345/1178/173
f 2113/2344/1177/173 2115/2346/1179/173 2114/2345/1178/173
f 2116/2347/1178/173 2117/2348/1180/173 2118/2349/1181/173
f 2156/2387/1202/176 2157/2388/1203/176 2158/2389/1204/176
f 2157/2388/1203/176 2159/2390/1205/176 2158/2389/1204/176
f 2158/2389/1204/176 2159/2390/1205/176 2160/2391/1206/176
f 2159/2390/1205/176 2161/2392/1207/176 2160/2391/1206/176
f 2162/2393/1206/176 2163/2394/1208/176 2164/2395/1209/176
f 2212/2443/1234/180 2213/2444/1235/180 2214/2445/1236/180
f 2213/2444/1235/180 2215/2446/1237/180 2214/2445/1236/180
f 2214/2445/1236/180 2215/2446/1237/180 2216/2447/1238/180
f 2215/2446/1237/180 2217/2448/1239/180 2216/2447/1238/180
f 2218/2449/1238/180 2219/2450/1240/180 2220/2451/1241/180
f 2286/2517/1272/187 2287/2518/1273/187 2288/2519/1274/187
f 2287/2518/1273/187 2289/2520/1275/187 2288/2519/1274/187
f 2288/2519/1274/187 2289/2520/1275/187 2290/2521/1276/187
f 2289/2520/1275/187 2291/2522/1277/187 2290/2521/1276/187
f 2292/2523/1276/187 2293/2524/1278/187 2294/2525/1279/187
f 2350/2581/1306/193 2351/2582/1307/193 2352/2583/1308/193
f 2351/2582/1307/193 2353/2584/1309/193 2352/2583/1308/193
f 2352/2583/1308/193 2353/2584/1309/193 2354/2585/1310/193
f 2353/2584/1309/193 2355/2586/1311/193 2354/2585/1310/193
f 2356/2587/1310/193 2357/2588/1312/193 2358/2589/1313/193
usemtl d0gake_001b
s off
f 87/95/13/5 88/96/14/5 89/97/15/5 90/98/13/5
f 91/99/16/5 88/96/17/5 92/100/18/5 93/101/16/5
f 94/102/19/5 95/103/19/5 96/104/19/5 97/105/19/5
f 98/106/20/5 99/107/21/5 87/95/21/5 100/108/22/5
f 88/96/14/5 91/99/23/5 101/109/23/5 89/97/15/5
f 96/104/24/5 98/106/20/5 100/108/22/5 97/105/24/5
f 88/96/17/5 87/95/25/5 99/107/25/5 92/100/18/5
f 100/108/26/5 87/95/13/5 90/98/13/5 102/110/26/5
f 103/111/27/5 91/99/28/5 104/112/29/5 105/113/27/5
f 121/148/51/6 122/149/52/6 123/150/53/6 124/151/51/6
f 125/152/54/6 122/149/55/6 126/153/56/6 127/154/54/6
f 128/155/57/6 129/156/57/6 130/157/57/6 131/158/57/6
f 132/159/58/6 133/160/59/6 121/148/59/6 134/161/60/6
f 122/149/52/6 125/152/61/6 135/162/61/6 123/150/53/6
f 130/157/62/6 132/159/58/6 134/161/60/6 131/158/62/6
f 122/149/55/6 121/148/63/6 133/160/63/6 126/153/56/6
f 134/161/64/6 121/148/51/6 124/151/51/6 136/163/64/6
f 137/164/65/6 125/152/66/6 138/165/67/6 139/166/65/6
f 155/201/89/7 156/202/90/7 157/203/91/7 158/204/89/7
f 159/205/92/7 156/202/93/7 160/206/94/7 161/207/92/7
f 162/208/95/7 163/209/95/7 164/210/95/7 165/211/95/7
f 166/212/96/7 167/213/97/7 155/201/97/7 168/214/98/7
f 156/202/90/7 159/205/99/7 169/215/99/7 157/203/91/7
f 164/210/100/7 166/212/96/7 168/214/98/7 165/211/100/7
f 156/202/93/7 155/201/101/7 167/213/101/7 160/206/94/7
f 168/214/102/7 155/201/89/7 158/204/89/7 170/216/102/7
f 171/217/103/7 159/205/104/7 172/218/105/7 173/219/103/7
f 189/254/127/8 190/255/128/8 191/256/129/8 192/257/127/8
f 193/258/130/8 190/255/131/8 194/259/132/8 195/260/130/8
f 196/261/133/8 197/262/133/8 198/263/133/8 199/264/133/8
f 200/265/134/8 201/266/135/8 189/254/135/8 202/267/136/8
f 190/255/128/8 193/258/137/8 203/268/137/8 191/256/129/8
f 198/263/138/8 200/265/134/8 202/267/136/8 199/264/138/8
f 190/255/131/8 189/254/139/8 201/266/139/8 194/259/132/8
f 202/267/140/8 189/254/127/8 192/257/127/8 204/269/140/8
f 205/270/141/8 193/258/142/8 206/271/143/8 207/272/141/8
f 223/307/165/9 224/308/166/9 225/309/167/9 226/310/165/9
f 227/311/168/9 224/308/169/9 228/312/170/9 229/313/168/9
f 230/314/171/9 231/315/171/9 232/316/171/9 233/317/171/9
f 234/318/172/9 235/319/173/9 223/307/173/9 236/320/174/9
f 224/308/166/9 227/311/175/9 237/321/175/9 225/309/167/9
f 232/316/176/9 234/318/172/9 236/320/174/9 233/317/176/9
f 224/308/169/9 223/307/177/9 235/319/177/9 228/312/170/9
f 236/320/178/9 223/307/165/9 226/310/165/9 238/322/178/9
f 239/323/179/9 227/311/180/9 240/324/181/9 241/325/179/9
f 257/360/203/10 258/361/204/10 259/362/205/10 260/363/203/10
f 261/364/206/10 258/361/207/10 262/365/208/10 263/366/206/10
f 264/367/209/10 265/368/209/10 266/369/209/10 267/370/209/10
f 268/371/210/10 269/372/211/10 257/360/211/10 270/373/212/10
f 258/361/204/10 261/364/213/10 271/374/213/10 259/362/205/10
f 266/369/214/10 268/371/210/10 270/373/212/10 267/370/214/10
f 258/361/207/10 257/360/215/10 269/372/215/10 262/365/208/10
f 270/373/216/10 257/360/203/10 260/363/203/10 272/375/216/10
f 273/376/217/10 261/364/218/10 274/377/219/10 275/378/217/10
f 291/413/241/11 292/414/242/11 293/415/243/11 294/416/241/11
f 295/417/244/11 292/414/245/11 296/418/246/11 297/419/244/11
f 298/420/247/11 299/421/247/11 300/422/247/11 301/423/247/11
f 302/424/248/11 303/425/249/11 291/413/249/11 304/426/250/11
f 292/414/242/11 295/417/251/11 305/427/251/11 293/415/243/11
f 300/422/252/11 302/424/248/11 304/426/250/11 301/423/252/11
f 292/414/245/11 291/413/253/11 303/425/253/11 296/418/246/11
f 304/426/254/11 291/413/241/11 294/416/241/11 306/428/254/11
f 307/429/255/11 295/417/256/11 308/430/257/11 309/431/255/11
f 325/466/279/12 326/467/280/12 327/468/281/12 328/469/279/12
f 329/470/282/12 326/467/283/12 330/471/284/12 331/472/282/12
f 332/473/285/12 333/474/285/12 334/475/285/12 335/476/285/12
f 336/477/286/12 337/478/287/12 325/466/287/12 338/479/288/12
f 326/467/280/12 329/470/289/12 339/480/289/12 327/468/281/12
f 334/475/290/12 336/477/286/12 338/479/288/12 335/476/290/12
f 326/467/283/12 325/466/291/12 337/478/291/12 330/471/284/12
f 338/479/292/12 325/466/279/12 328/469/279/12 340/481/292/12
f 341/482/293/12 329/470/294/12 342/483/295/12 343/484/293/12
f 359/519/317/13 360/520/318/13 361/521/319/13 362/522/317/13
f 363/523/320/13 360/520/321/13 364/524/322/13 365/525/320/13
f 366/526/323/13 367/527/323/13 368/528/323/13 369/529/323/13
f 370/530/324/13 371/531/325/13 359/519/325/13 372/532/326/13
f 360/520/318/13 363/523/327/13 373/533/327/13 361/521/319/13
f 368/528/328/13 370/530/324/13 372/532/326/13 369/529/328/13
f 360/520/321/13 359/519/329/13 371/531/329/13 364/524/322/13
f 372/532/330/13 359/519/317/13 362/522/317/13 374/534/330/13
f 375/535/331/13 363/523/332/13 376/536/333/13 377/537/331/13
f 393/572/355/14 394/573/356/14 395/574/357/14 396/575/355/14
f 397/576/358/14 394/573/359/14 398/577/360/14 399/578/358/14
f 400/579/361/14 401/580/361/14 402/581/361/14 403/582/361/14
f 404/583/362/14 405/584/363/14 393/572/363/14 406/585/364/14
f 394/573/356/14 397/576/365/14 407/586/365/14 395/574/357/14
f 402/581/366/14 404/583/362/14 406/585/364/14 403/582/366/14
f 394/573/359/14 393/572/367/14 405/584/367/14 398/577/360/14
f 406/585/368/14 393/572/355/14 396/575/355/14 408/587/368/14
f 409/588/369/14 397/576/370/14 410/589/371/14 411/590/369/14
f 629/846/445/30 630/847/446/30 631/848/447/30 632/849/445/30
f 633/850/448/30 630/847/449/30 634/851/450/30 635/852/448/30
f 636/853/451/30 637/854/451/30 638/855/451/30 639/856/451/30
f 640/857/452/30 641/858/453/30 629/846/453/30 642/859/454/30
f 630/847/446/30 633/850/455/30 643/860/455/30 631/848/447/30
f 638/855/456/30 640/857/452/30 642/859/454/30 639/856/456/30
f 630/847/449/30 629/846/457/30 641/858/457/30 634/851/450/30
f 642/859/458/30 629/846/445/30 632/849/445/30 644/861/458/30
f 645/862/459/30 633/850/460/30 646/863/461/30 647/864/459/30
f 104/112/29/5 91/99/28/5 93/101/30/5
f 106/114/31/5 107/115/32/5 103/111/33/5
f 107/115/32/5 101/109/34/5 103/111/33/5
f 101/109/35/5 107/115/36/5 89/97/37/5
f 107/115/36/5 90/98/38/5 89/97/37/5
f 105/113/39/5 94/102/40/5 106/114/41/5
f 94/102/40/5 97/105/42/5 106/114/41/5
f 97/116/43/5 100/117/43/5 106/114/43/5
f 105/113/44/5 106/114/44/5 103/111/44/5
f 106/118/45/5 102/119/45/5 107/120/45/5
f 102/110/46/5 90/98/46/5 107/115/46/5
f 106/114/47/5 100/121/47/5 102/122/47/5
f 91/99/48/5 103/111/48/5 101/109/48/5
f 105/113/49/5 95/103/49/5 94/102/49/5
f 138/165/67/6 125/152/66/6 127/154/68/6
f 140/167/69/6 141/168/70/6 137/164/71/6
f 141/168/70/6 135/162/72/6 137/164/71/6
f 135/162/73/6 141/168/74/6 123/150/75/6
f 141/168/74/6 124/151/76/6 123/150/75/6
f 139/166/77/6 128/155/78/6 140/167/79/6
f 128/155/78/6 131/158/80/6 140/167/79/6
f 131/169/81/6 134/170/81/6 140/167/81/6
f 139/166/82/6 140/167/82/6 137/164/82/6
f 140/171/83/6 136/172/83/6 141/173/83/6
f 136/163/84/6 124/151/84/6 141/168/84/6
f 140/167/85/6 134/174/85/6 136/175/85/6
f 125/152/86/6 137/164/86/6 135/162/86/6
f 139/166/87/6 129/156/87/6 128/155/87/6
f 172/218/105/7 159/205/104/7 161/207/106/7
f 174/220/107/7 175/221/108/7 171/217/109/7
f 175/221/108/7 169/215/110/7 171/217/109/7
f 169/215/111/7 175/221/112/7 157/203/113/7
f 175/221/112/7 158/204/114/7 157/203/113/7
f 173/219/115/7 162/208/116/7 174/220/117/7
f 162/208/116/7 165/211/118/7 174/220/117/7
f 165/222/119/7 168/223/119/7 174/220/119/7
f 173/219/120/7 174/220/120/7 171/217/120/7
f 174/224/121/7 170/225/121/7 175/226/121/7
f 170/216/122/7 158/204/122/7 175/221/122/7
f 174/220/123/7 168/227/123/7 170/228/123/7
f 159/205/124/7 171/217/124/7 169/215/124/7
f 173/219/125/7 163/209/125/7 162/208/125/7
f 206/271/143/8 193/258/142/8 195/260/144/8
f 208/273/145/8 209/274/146/8 205/270/147/8
f 209/274/146/8 203/268/148/8 205/270/147/8
f 203/268/149/8 209/274/150/8 191/256/151/8
f 209/274/150/8 192/257/152/8 191/256/151/8
f 207/272/153/8 196/261/154/8 208/273/155/8
f 196/261/154/8 199/264/156/8 208/273/155/8
f 199/275/157/8 202/276/157/8 208/273/157/8
f 207/272/158/8 208/273/158/8 205/270/158/8
f 208/277/159/8 204/278/159/8 209/279/159/8
f 204/269/160/8 192/257/160/8 209/274/160/8
f 208/273/161/8 202/280/161/8 204/281/161/8
f 193/258/162/8 205/270/162/8 203/268/162/8
f 207/272/163/8 197/262/163/8 196/261/163/8
f 240/324/181/9 227/311/180/9 229/313/182/9
f 242/326/183/9 243/327/184/9 239/323/185/9
f 243/327/184/9 237/321/186/9 239/323/185/9
f 237/321/187/9 243/327/188/9 225/309/189/9
f 243/327/188/9 226/310/190/9 225/309/189/9
f 241/325/191/9 230/314/192/9 242/326/193/9
f 230/314/192/9 233/317/194/9 242/326/193/9
f 233/328/195/9 236/329/195/9 242/326/195/9
f 241/325/196/9 242/326/196/9 239/323/196/9
f 242/330/197/9 238/331/197/9 243/332/197/9
f 238/322/198/9 226/310/198/9 243/327/198/9
f 242/326/199/9 236/333/199/9 238/334/199/9
f 227/311/200/9 239/323/200/9 237/321/200/9
f 241/325/201/9 231/315/201/9 230/314/201/9
f 274/377/219/10 261/364/218/10 263/366/220/10
f 276/379/221/10 277/380/222/10 273/376/223/10
f 277/380/222/10 271/374/224/10 273/376/223/10
f 271/374/225/10 277/380/226/10 259/362/227/10
f 277/380/226/10 260/363/228/10 259/362/227/10
f 275/378/229/10 264/367/230/10 276/379/231/10
f 264/367/230/10 267/370/232/10 276/379/231/10
f 267/381/233/10 270/382/233/10 276/379/233/10
f 275/378/234/10 276/379/234/10 273/376/234/10
f 276/383/235/10 272/384/235/10 277/385/235/10
f 272/375/236/10 260/363/236/10 277/380/236/10
f 276/379/237/10 270/386/237/10 272/387/237/10
f 261/364/238/10 273/376/238/10 271/374/238/10
f 275/378/239/10 265/368/239/10 264/367/239/10
f 308/430/257/11 295/417/256/11 297/419/258/11
f 310/432/259/11 311/433/260/11 307/429/261/11
f 311/433/260/11 305/427/262/11 307/429/261/11
f 305/427/263/11 311/433/264/11 293/415/265/11
f 311/433/264/11 294/416/266/11 293/415/265/11
f 309/431/267/11 298/420/268/11 310/432/269/11
f 298/420/268/11 301/423/270/11 310/432/269/11
f 301/434/271/11 304/435/271/11 310/432/271/11
f 309/431/272/11 310/432/272/11 307/429/272/11
f 310/436/273/11 306/437/273/11 311/438/273/11
f 306/428/274/11 294/416/274/11 311/433/274/11
f 310/432/275/11 304/439/275/11 306/440/275/11
f 295/417/276/11 307/429/276/11 305/427/276/11
f 309/431/277/11 299/421/277/11 298/420/277/11
f 342/483/295/12 329/470/294/12 331/472/296/12
f 344/485/297/12 345/486/298/12 341/482/299/12
f 345/486/298/12 339/480/300/12 341/482/299/12
f 339/480/301/12 345/486/302/12 327/468/303/12
f 345/486/302/12 328/469/304/12 327/468/303/12
f 343/484/305/12 332/473/306/12 344/485/307/12
f 332/473/306/12 335/476/308/12 344/485/307/12
f 335/487/309/12 338/488/309/12 344/485/309/12
f 343/484/310/12 344/485/310/12 341/482/310/12
f 344/489/311/12 340/490/311/12 345/491/311/12
f 340/481/312/12 328/469/312/12 345/486/312/12
f 344/485/313/12 338/492/313/12 340/493/313/12
f 329/470/314/12 341/482/314/12 339/480/314/12
f 343/484/315/12 333/474/315/12 332/473/315/12
f 376/536/333/13 363/523/332/13 365/525/334/13
f 378/538/335/13 379/539/336/13 375/535/337/13
f 379/539/336/13 373/533/338/13 375/535/337/13
f 373/533/339/13 379/539/340/13 361/521/341/13
f 379/539/340/13 362/522/342/13 361/521/341/13
f 377/537/343/13 366/526/344/13 378/538/345/13
f 366/526/344/13 369/529/346/13 378/538/345/13
f 369/540/347/13 372/541/347/13 378/538/347/13
f 377/537/348/13 378/538/348/13 375/535/348/13
f 378/542/349/13 374/543/349/13 379/544/349/13
f 374/534/350/13 362/522/350/13 379/539/350/13
f 378/538/351/13 372/545/351/13 374/546/351/13
f 363/523/352/13 375/535/352/13 373/533/352/13
f 377/537/353/13 367/527/353/13 366/526/353/13
f 410/589/371/14 397/576/370/14 399/578/372/14
f 412/591/373/14 413/592/374/14 409/588/375/14
f 413/592/374/14 407/586/376/14 409/588/375/14
f 407/586/377/14 413/592/378/14 395/574/379/14
f 413/592/378/14 396/575/380/14 395/574/379/14
f 411/590/381/14 400/579/382/14 412/591/383/14
f 400/579/382/14 403/582/384/14 412/591/383/14
f 403/593/385/14 406/594/385/14 412/591/385/14
f 411/590/386/14 412/591/386/14 409/588/386/14
f 412/595/387/14 408/596/387/14 413/597/387/14
f 408/587/388/14 396/575/388/14 413/592/388/14
f 412/591/389/14 406/598/389/14 408/599/389/14
f 397/576/390/14 409/588/390/14 407/586/390/14
f 411/590/391/14 401/580/391/14 400/579/391/14
f 646/863/461/30 633/850/460/30 635/852/462/30
f 648/865/463/30 649/866/464/30 645/862/465/30
f 649/866/464/30 643/860/466/30 645/862/465/30
f 643/860/467/30 649/866/468/30 631/848/469/30
f 649/866/468/30 632/849/470/30 631/848/469/30
f 647/864/471/30 636/853/472/30 648/865/473/30
f 636/853/472/30 639/856/474/30 648/865/473/30
f 639/867/475/30 642/868/475/30 648/865/475/30
f 647/864/476/30 648/865/476/30 645/862/476/30
f 648/869/477/30 644/870/477/30 649/871/477/30
f 644/861/478/30 632/849/478/30 649/866/478/30
f 648/865/479/30 642/872/479/30 644/873/479/30
f 633/850/480/30 645/862/480/30 643/860/480/30
f 647/864/481/30 637/854/481/30 636/853/481/30
usemtl sea_simi_1
s off
f 18/1/1/1 19/2/1/1 20/3/1/1 21/4/1/1
f 38/30/2/2 39/31/3/2 40/32/4/2 41/33/2/2
f 39/31/3/2 42/34/5/2 43/35/5/2 40/32/4/2
f 54/48/7/3 55/49/8/3 56/50/9/3 57/51/7/3
f 55/49/8/3 58/52/10/3 59/53/10/3 56/50/9/3
f 77/66/12/4 78/67/12/4 79/68/12/4 80/69/12/4
f 22/5/1/1 23/6/1/1 24/7/1/1
f 25/8/1/1 26/9/1/1 27/10/1/1
f 81/70/12/4 82/71/12/4 83/72/12/4
f 84/73/12/4 85/74/12/4 86/75/12/4
usemtl ga_s01a_TRANS
s off
f 508/713/435/20 509/714/435/20 510/715/435/20
f 510/716/435/20 509/714/435/20 511/717/435/20
f 511/718/435/20 509/714/435/20 512/719/435/20
f 512/720/435/20 509/714/435/20 513/721/435/20
f 513/722/435/20 509/714/435/20 514/723/435/20
f 514/724/435/20 509/714/435/20 515/725/435/20
f 515/726/435/20 509/714/435/20 516/727/435/20
f 516/728/435/20 509/714/435/20 517/729/435/20
f 517/730/435/20 509/714/435/20 518/731/435/20
f 518/732/435/20 509/714/435/20 519/733/435/20
f 519/734/435/20 509/714/435/20 520/735/435/20
f 520/736/435/20 509/714/435/20 508/737/435/20
f 650/874/482/30 651/875/482/30 652/876/482/30
f 652/877/482/30 651/875/482/30 653/878/482/30
f 653/879/482/30 651/875/482/30 654/880/482/30
f 654/881/482/30 651/875/482/30 655/882/482/30
f 655/883/482/30 651/875/482/30 656/884/482/30
f 656/885/482/30 651/875/482/30 657/886/482/30
f 657/887/482/30 651/875/482/30 658/888/482/30
f 658/889/482/30 651/875/482/30 659/890/482/30
f 659/891/482/30 651/875/482/30 660/892/482/30
f 660/893/482/30 651/875/482/30 661/894/482/30
f 661/895/482/30 651/875/482/30 662/896/482/30
f 662/897/482/30 651/875/482/30 650/898/482/30
