mtllib Barrier-Reef_12_05.mtl
o map
v -14.0 -8.0 7.0
v -16.0 -8.0 7.0
v -16.0 -16.0 7.0
v -14.0 -16.0 7.0
v -15.0 0.0 7.0
v -16.0 0.0 7.0
v -16.0 -8.0 7.0
v -15.0 -8.0 7.0
v -15.0 8.0 7.0
v -16.0 8.0 7.0
v -16.0 0.0 7.0
v -15.0 0.0 7.0
v -15.0 16.0 7.0
v -16.0 16.0 7.0
v -16.0 8.0 7.0
v -15.0 8.0 7.0
v -14.0 -3.0 7.0
v -15.0 -3.0 7.0
v -15.0 -8.0 7.0
v -14.0 -8.0 7.0
v -14.0 5.0 6.0
v -15.0 5.0 6.0
v -15.0 -3.0 6.0
v -14.0 -3.0 6.0
v -14.0 9.0 6.0
v -15.0 9.0 6.0
v -15.0 5.0 6.0
v -14.0 5.0 6.0
v -7.0 16.0 7.0
v -15.0 16.0 7.0
v -15.0 9.0 7.0
v -7.0 9.0 7.0
v -6.0 -15.0 7.0
v -14.0 -15.0 7.0
v -14.0 -16.0 7.0
v -6.0 -16.0 7.0
v -13.0 -9.0 7.0
v -14.0 -9.0 7.0
v -14.0 -15.0 7.0
v -13.0 -15.0 7.0
v -9.0 -1.0 6.0
v -14.0 -1.0 6.0
v -14.0 -9.0 6.0
v -9.0 -9.0 6.0
v -9.0 2.0 6.0
v -14.0 2.0 6.0
v -14.0 -1.0 6.0
v -9.0 -1.0 6.0
v -7.0 8.0 5.0
v -14.0 8.0 5.0
v -14.0 2.0 5.0
v -7.0 2.0 5.0
v -6.0 9.0 6.0
v -14.0 9.0 6.0
v -14.0 8.0 6.0
v -6.0 8.0 6.0
v -11.0 -13.0 7.0
v -13.0 -13.0 7.0
v -13.0 -15.0 7.0
v -11.0 -15.0 7.0
v -5.0 -9.0 6.0
v -13.0 -9.0 6.0
v -13.0 -13.0 6.0
v -5.0 -13.0 6.0
v -3.0 -13.0 6.0
v -11.0 -13.0 6.0
v -11.0 -15.0 6.0
v -3.0 -15.0 6.0
v -8.0 -4.0 6.0
v -9.0 -4.0 6.0
v -9.0 -9.0 6.0
v -8.0 -9.0 6.0
v -7.0 2.0 5.0
v -9.0 2.0 5.0
v -9.0 -4.0 5.0
v -7.0 -4.0 5.0
v -7.0 -4.0 5.0
v -8.0 -4.0 5.0
v -8.0 -9.0 5.0
v -7.0 -9.0 5.0
v -3.0 -8.0 5.0
v -7.0 -8.0 5.0
v -7.0 -9.0 5.0
v -3.0 -9.0 5.0
v -6.0 0.0 4.0
v -7.0 0.0 4.0
v -7.0 -8.0 4.0
v -6.0 -8.0 4.0
v -6.0 3.0 4.0
v -7.0 3.0 4.0
v -7.0 0.0 4.0
v -6.0 0.0 4.0
v 0.0 8.0 5.0
v -7.0 8.0 5.0
v -7.0 3.0 5.0
v 0.0 3.0 5.0
v -6.0 16.0 7.0
v -7.0 16.0 7.0
v -7.0 9.0 7.0
v -6.0 9.0 7.0
v 2.0 -15.0 7.0
v -6.0 -15.0 7.0
v -6.0 -16.0 7.0
v 2.0 -16.0 7.0
v -2.0 -7.0 4.0
v -6.0 -7.0 4.0
v -6.0 -8.0 4.0
v -2.0 -8.0 4.0
v -5.0 1.0 3.0
v -6.0 1.0 3.0
v -6.0 -7.0 3.0
v -5.0 -7.0 3.0
v 1.0 2.0 3.0
v -6.0 2.0 3.0
v -6.0 1.0 3.0
v 1.0 1.0 3.0
v 2.0 3.0 4.0
v -6.0 3.0 4.0
v -6.0 2.0 4.0
v 2.0 2.0 4.0
v 0.0 10.0 6.0
v -6.0 10.0 6.0
v -6.0 8.0 6.0
v 0.0 8.0 6.0
v -2.0 16.0 7.0
v -6.0 16.0 7.0
v -6.0 10.0 7.0
v -2.0 10.0 7.0
v 3.0 -10.0 6.0
v -5.0 -10.0 6.0
v -5.0 -13.0 6.0
v 3.0 -13.0 6.0
v -4.0 -9.0 6.0
v -5.0 -9.0 6.0
v -5.0 -10.0 6.0
v -4.0 -10.0 6.0
v 3.0 -6.0 3.0
v -5.0 -6.0 3.0
v -5.0 -7.0 3.0
v 3.0 -7.0 3.0
v -4.0 1.0 2.0
v -5.0 1.0 2.0
v -5.0 -6.0 2.0
v -4.0 -6.0 2.0
v 4.0 -9.0 5.0
v -4.0 -9.0 5.0
v -4.0 -10.0 5.0
v 4.0 -10.0 5.0
v 2.0 -3.0 2.0
v -4.0 -3.0 2.0
v -4.0 -6.0 2.0
v 2.0 -6.0 2.0
v -1.0 0.0 1.0
v -4.0 0.0 1.0
v -4.0 -3.0 1.0
v -1.0 -3.0 1.0
v 0.0 1.0 2.0
v -4.0 1.0 2.0
v -4.0 0.0 2.0
v 0.0 0.0 2.0
v 5.0 -13.0 6.0
v -3.0 -13.0 6.0
v -3.0 -15.0 6.0
v 5.0 -15.0 6.0
v 5.0 -8.0 4.0
v -3.0 -8.0 4.0
v -3.0 -9.0 4.0
v 5.0 -9.0 4.0
v 4.0 -7.0 3.0
v -2.0 -7.0 3.0
v -2.0 -8.0 3.0
v 4.0 -8.0 3.0
v 6.0 15.0 6.0
v -2.0 15.0 6.0
v -2.0 10.0 6.0
v 6.0 10.0 6.0
v 6.0 16.0 7.0
v -2.0 16.0 7.0
v -2.0 15.0 7.0
v 6.0 15.0 7.0
v 0.0 0.0 2.0
v -1.0 0.0 2.0
v -1.0 -3.0 2.0
v 0.0 -3.0 2.0
v 2.0 -2.0 2.0
v 0.0 -2.0 2.0
v 0.0 -3.0 2.0
v 2.0 -3.0 2.0
v 5.0 0.0 3.0
v 0.0 0.0 3.0
v 0.0 -2.0 3.0
v 5.0 -2.0 3.0
v 1.0 1.0 3.0
v 0.0 1.0 3.0
v 0.0 0.0 3.0
v 1.0 0.0 3.0
v 8.0 4.0 4.0
v 0.0 4.0 4.0
v 0.0 3.0 4.0
v 8.0 3.0 4.0
v 8.0 5.0 5.0
v 0.0 5.0 5.0
v 0.0 4.0 5.0
v 8.0 4.0 5.0
v 7.0 9.0 5.0
v 0.0 9.0 5.0
v 0.0 5.0 5.0
v 7.0 5.0 5.0
v 8.0 10.0 6.0
v 0.0 10.0 6.0
v 0.0 9.0 6.0
v 8.0 9.0 6.0
v 9.0 2.0 4.0
v 1.0 2.0 4.0
v 1.0 0.0 4.0
v 9.0 0.0 4.0
v 10.0 -15.0 6.0
v 2.0 -15.0 6.0
v 2.0 -16.0 6.0
v 10.0 -16.0 6.0
v 8.0 -2.0 3.0
v 2.0 -2.0 3.0
v 2.0 -6.0 3.0
v 8.0 -6.0 3.0
v 10.0 3.0 4.0
v 2.0 3.0 4.0
v 2.0 2.0 4.0
v 10.0 2.0 4.0
v 11.0 -10.0 6.0
v 3.0 -10.0 6.0
v 3.0 -13.0 6.0
v 11.0 -13.0 6.0
v 8.0 -6.0 3.0
v 3.0 -6.0 3.0
v 3.0 -7.0 3.0
v 8.0 -7.0 3.0
v 6.0 -9.0 5.0
v 4.0 -9.0 5.0
v 4.0 -10.0 5.0
v 6.0 -10.0 5.0
v 9.0 -7.0 4.0
v 4.0 -7.0 4.0
v 4.0 -8.0 4.0
v 9.0 -8.0 4.0
v 13.0 -13.0 6.0
v 5.0 -13.0 6.0
v 5.0 -15.0 6.0
v 13.0 -15.0 6.0
v 10.0 -8.0 5.0
v 5.0 -8.0 5.0
v 5.0 -9.0 5.0
v 10.0 -9.0 5.0
v 10.0 0.0 4.0
v 5.0 0.0 4.0
v 5.0 -2.0 4.0
v 10.0 -2.0 4.0
v 14.0 -9.0 6.0
v 6.0 -9.0 6.0
v 6.0 -10.0 6.0
v 14.0 -10.0 6.0
v 14.0 13.0 6.0
v 6.0 13.0 6.0
v 6.0 10.0 6.0
v 14.0 10.0 6.0
v 13.0 14.0 6.0
v 6.0 14.0 6.0
v 6.0 13.0 6.0
v 13.0 13.0 6.0
v 8.0 15.0 6.0
v 6.0 15.0 6.0
v 6.0 14.0 6.0
v 8.0 14.0 6.0
v 14.0 16.0 7.0
v 6.0 16.0 7.0
v 6.0 15.0 7.0
v 14.0 15.0 7.0
v 15.0 8.0 6.0
v 7.0 8.0 6.0
v 7.0 5.0 6.0
v 15.0 5.0 6.0
v 14.0 9.0 6.0
v 7.0 9.0 6.0
v 7.0 8.0 6.0
v 14.0 8.0 6.0
v 9.0 -2.0 4.0
v 8.0 -2.0 4.0
v 8.0 -7.0 4.0
v 9.0 -7.0 4.0
v 10.0 4.0 4.0
v 8.0 4.0 4.0
v 8.0 3.0 4.0
v 10.0 3.0 4.0
v 11.0 5.0 5.0
v 8.0 5.0 5.0
v 8.0 4.0 5.0
v 11.0 4.0 5.0
v 14.0 10.0 6.0
v 8.0 10.0 6.0
v 8.0 9.0 6.0
v 14.0 9.0 6.0
v 16.0 15.0 7.0
v 8.0 15.0 7.0
v 8.0 14.0 7.0
v 16.0 14.0 7.0
v 10.0 -3.0 5.0
v 9.0 -3.0 5.0
v 9.0 -8.0 5.0
v 10.0 -8.0 5.0
v 10.0 -2.0 4.0
v 9.0 -2.0 4.0
v 9.0 -3.0 4.0
v 10.0 -3.0 4.0
v 10.0 2.0 4.0
v 9.0 2.0 4.0
v 9.0 0.0 4.0
v 10.0 0.0 4.0
v 16.0 -15.0 7.0
v 10.0 -15.0 7.0
v 10.0 -16.0 7.0
v 16.0 -16.0 7.0
v 14.0 -4.0 6.0
v 10.0 -4.0 6.0
v 10.0 -9.0 6.0
v 14.0 -9.0 6.0
v 11.0 4.0 5.0
v 10.0 4.0 5.0
v 10.0 -4.0 5.0
v 11.0 -4.0 5.0
v 13.0 -10.0 6.0
v 11.0 -10.0 6.0
v 11.0 -13.0 6.0
v 13.0 -13.0 6.0
v 15.0 4.0 6.0
v 11.0 4.0 6.0
v 11.0 -4.0 6.0
v 15.0 -4.0 6.0
v 15.0 5.0 6.0
v 11.0 5.0 6.0
v 11.0 4.0 6.0
v 15.0 4.0 6.0
v 16.0 -12.0 7.0
v 13.0 -12.0 7.0
v 13.0 -15.0 7.0
v 16.0 -15.0 7.0
v 14.0 -10.0 6.0
v 13.0 -10.0 6.0
v 13.0 -12.0 6.0
v 14.0 -12.0 6.0
v 16.0 14.0 7.0
v 13.0 14.0 7.0
v 13.0 13.0 7.0
v 16.0 13.0 7.0
v 16.0 -7.0 7.0
v 14.0 -7.0 7.0
v 14.0 -12.0 7.0
v 16.0 -12.0 7.0
v 15.0 -4.0 6.0
v 14.0 -4.0 6.0
v 14.0 -7.0 6.0
v 15.0 -7.0 6.0
v 16.0 13.0 7.0
v 14.0 13.0 7.0
v 14.0 8.0 7.0
v 16.0 8.0 7.0
v 16.0 16.0 7.0
v 14.0 16.0 7.0
v 14.0 15.0 7.0
v 16.0 15.0 7.0
v 16.0 1.0 7.0
v 15.0 1.0 7.0
v 15.0 -7.0 7.0
v 16.0 -7.0 7.0
v 16.0 8.0 7.0
v 15.0 8.0 7.0
v 15.0 1.0 7.0
v 16.0 1.0 7.0
v -15.5 -16.0 7.75
v -15.0 -16.0 7.0
v -15.0 -14.0 7.0
v -15.499999 -14.0 7.75
v -15.499999 -14.0 11.75
v -15.5 -16.0 11.75
v -16.0 -16.0 12.0
v -16.0 -14.0 12.0
v -15.5 -14.0 7.75
v -15.25 -13.25 7.0
v -16.0 -13.5 7.75
v -15.0 -14.0 7.0
v -16.0 -13.0 7.0
v -16.0 -13.5 11.75
v -15.5 -14.0 11.75
v -16.0 -14.0 12.0
v -14.498437 -3.0019531 6.75
v -13.998437 -3.0019531 6.0
v -13.998437 -2.0019531 6.0
v -14.498437 -2.0019531 6.75
v -13.998437 -2.5019531 6.75
v -14.998437 -2.0019531 6.0
v -14.998437 -2.501952 6.75
v -14.998437 -3.0019531 7.0
v -14.998437 -2.0019531 7.0
v -13.998437 -3.0019531 7.0
v -14.5 -2.0 6.75
v -14.0 -2.0 6.0
v -14.0 6.0 6.0
v -14.499999 6.0 6.75
v -15.0 -2.0 7.0
v -15.0 6.0 7.0
v -14.5 6.0 6.75
v -14.0 6.0 6.0
v -14.0 8.0 6.0
v -14.499999 8.0 6.75
v -15.0 6.0 7.0
v -15.0 8.0 7.0
v -15.001953 8.498437 6.75
v -15.001953 7.998437 6.0
v -14.001953 7.998437 6.0
v -14.001953 8.498437 6.75
v -14.501953 7.998437 6.75
v -14.001953 8.998437 6.0
v -14.501952 8.998437 6.75
v -15.001953 8.998437 7.0
v -14.001953 8.998437 7.0
v -15.001953 7.998437 7.0
v -13.498437 -9.001953 6.75
v -12.998437 -9.001953 6.0
v -12.998437 -8.001953 6.0
v -13.498437 -8.001953 6.75
v -12.998437 -8.501953 6.75
v -13.998437 -8.001953 6.0
v -13.998437 -8.501952 6.75
v -13.998437 -9.001953 7.0
v -13.998437 -8.001953 7.0
v -12.998437 -9.001953 7.0
v -13.5 -8.0 6.75
v -13.0 -8.0 6.0
v -13.0 -3.0 6.0
v -13.499999 -3.0 6.75
v -14.0 -8.0 7.0
v -14.0 -3.0 7.0
v -13.498828 -3.0019531 6.75
v -13.248828 -2.2519531 6.0
v -13.998828 -2.5019531 6.75
v -12.998828 -3.0019531 6.0
v -13.998828 -2.0019531 6.0
v -13.998828 -3.0019531 7.0
v -13.498437 1.998047 5.75
v -12.998437 1.998047 5.0
v -12.998437 2.9980469 5.0
v -13.498437 2.9980469 5.75
v -12.998437 2.4980469 5.75
v -13.998437 2.9980469 5.0
v -13.998437 2.498048 5.75
v -13.998437 1.998047 6.0
v -13.998437 2.9980469 6.0
v -12.998437 1.998047 6.0
v -13.5 3.0 5.75
v -13.0 3.0 5.0
v -13.0 7.0 5.0
v -13.499999 7.0 5.75
v -14.0 3.0 6.0
v -14.0 7.0 6.0
v -14.001953 7.498437 5.75
v -14.001953 6.998437 5.0
v -13.001953 6.998437 5.0
v -13.001953 7.498437 5.75
v -13.501953 6.998437 5.75
v -13.001953 7.998437 5.0
v -13.501952 7.998437 5.75
v -14.001953 7.998437 6.0
v -13.001953 7.998437 6.0
v -14.001953 6.998437 6.0
v -14.0 8.5 6.75
v -14.0 8.0 6.0
v -6.0 8.0 6.0
v -14.0 9.0 7.0
v -6.0 9.0 7.0
v -6.0 8.499999 6.75
v -13.0 9.0 7.3032217
v -13.0 11.0 7.3032217
v -13.0 9.0 10.625
v -13.0 11.0 10.625
v -14.0 9.0 7.321776
v -12.0 9.0 7.321776
v -14.0 11.0 7.321776
v -12.0 11.0 7.321776
v -14.0 10.0 7.3032217
v -12.0 10.0 7.3032217
v -14.0 10.0 10.625
v -12.0 10.0 10.625
v -14.0 9.0 10.018554
v -12.0 9.0 10.018554
v -14.0 11.0 10.018554
v -12.0 11.0 10.018554
v -14.0 9.0 8.5625
v -12.0 9.0 8.5625
v -14.0 11.0 8.5625
v -12.0 11.0 8.5625
v -12.498437 -13.001953 6.75
v -11.998437 -13.001953 6.0
v -11.998437 -12.001953 6.0
v -12.498437 -12.001953 6.75
v -11.998437 -12.501953 6.75
v -12.998437 -12.001953 6.0
v -12.998437 -12.501952 6.75
v -12.998437 -13.001953 7.0
v -12.998437 -12.001953 7.0
v -11.998437 -13.001953 7.0
v -12.5 -12.0 6.75
v -12.0 -12.0 6.0
v -12.0 -9.0 6.0
v -12.499999 -9.0 6.75
v -13.0 -12.0 7.0
v -13.0 -9.0 7.0
v -12.498828 -9.001953 6.75
v -12.248828 -8.251953 6.0
v -12.998828 -8.501953 6.75
v -11.998828 -9.001953 6.0
v -12.998828 -8.001953 6.0
v -12.998828 -9.001953 7.0
v -12.0 2.5 5.75
v -12.0 3.0 5.0
v -13.0 3.0 5.0
v -13.0 2.500001 5.75
v -12.0 2.0 6.0
v -13.0 2.0 6.0
v -13.0 7.5 5.75
v -13.0 7.0 5.0
v -5.0 7.0 5.0
v -13.0 8.0 6.0
v -5.0 8.0 6.0
v -5.0 7.499999 5.75
v -11.0 -12.5 6.75
v -11.0 -12.0 6.0
v -12.0 -12.0 6.0
v -12.0 -12.499999 6.75
v -11.0 -13.0 7.0
v -12.0 -13.0 7.0
v -9.0 -9.0 6.187499
v -12.0 -9.0 6.187499
v -12.0 -12.0 6.187499
v -9.0 -12.0 6.187499
v -12.0 -10.500001 10.75
v -9.0 -10.500001 10.75
v -9.0 -10.5 6.187499
v -12.0 -10.5 6.187499
v -10.5 -12.000001 10.749999
v -10.5 -9.000001 10.75
v -10.5 -9.0 6.187499
v -10.5 -12.0 6.187499
v -9.0 -12.0 7.624999
v -9.0 -9.0 7.624999
v -12.0 -9.0 7.624999
v -12.0 -12.0 7.624999
v -11.875 3.21875 5.112501
v -12.0 3.21875 5.112501
v -12.0 2.15625 6.175001
v -11.875 2.15625 6.175001
v -10.0 1.5 6.050002
v -10.0 2.15625 6.175002
v -10.125 2.15625 6.175002
v -10.125 1.5 6.050002
v -11.9165745 1.5 6.050001
v -11.0 1.5 6.050002
v -11.0 2.0 6.050002
v -11.9165745 2.0 6.050001
v -11.9165745 2.0 6.050001
v -11.0 2.0 6.050002
v -11.0 3.0 5.050002
v -11.9165745 3.0 5.050001
v -11.875 2.5625 4.987501
v -11.875 3.21875 5.112501
v -11.875 2.15625 6.175001
v -11.875 1.5 6.050001
v -12.0 3.21875 5.112501
v -12.0 2.5625 4.987501
v -12.0 1.5 6.050001
v -12.0 2.15625 6.175001
v -11.875 1.5 6.050001
v -11.875 2.15625 6.175001
v -12.0 2.15625 6.175001
v -12.0 1.5 6.050001
v -10.125 2.15625 6.175002
v -10.0 2.15625 6.175002
v -10.0 3.21875 5.112502
v -10.125 3.21875 5.112502
v -10.0 2.15625 6.175002
v -10.0 1.5 6.050002
v -10.0 2.5625 4.987502
v -10.0 3.21875 5.112502
v -10.125 1.5 6.050002
v -10.125 2.15625 6.175002
v -10.125 3.21875 5.112502
v -10.125 2.5625 4.987502
v -10.0834255 2.0 6.050002
v -10.0834255 3.0 5.050002
v -10.0834255 1.5 6.050002
v -10.0834255 2.0 6.050002
v -10.498437 -15.001953 6.75
v -9.998437 -15.001953 6.0
v -9.998437 -14.001953 6.0
v -10.498437 -14.001953 6.75
v -9.998437 -14.501953 6.75
v -10.998437 -14.001953 6.0
v -10.998437 -14.501952 6.75
v -10.998437 -15.001953 7.0
v -10.998437 -14.001953 7.0
v -9.998437 -15.001953 7.0
v -10.5 -14.0 6.75
v -10.0 -14.0 6.0
v -10.0 -13.0 6.0
v -10.499999 -13.0 6.75
v -11.0 -14.0 7.0
v -11.0 -13.0 7.0
v -10.498828 -13.001953 6.75
v -10.248828 -12.251953 6.0
v -10.998828 -12.501953 6.75
v -9.998828 -13.001953 6.0
v -10.998828 -12.001953 6.0
v -10.998828 -13.001953 7.0
v -8.0 -4.0 6.187499
v -11.0 -4.0 6.187499
v -11.0 -7.0 6.187499
v -8.0 -7.0 6.187499
v -11.0 -5.500001 10.75
v -8.0 -5.500001 10.75
v -8.0 -5.5 6.187499
v -11.0 -5.5 6.187499
v -9.5 -7.000001 10.749999
v -9.5 -4.000001 10.75
v -9.5 -4.0 6.187499
v -9.5 -7.0 6.187499
v -8.0 -7.0 7.624999
v -8.0 -4.0 7.624999
v -11.0 -4.0 7.624999
v -11.0 -7.0 7.624999
v -2.0 -14.5 6.75
v -2.0 -14.0 6.0
v -10.0 -14.0 6.0
v -10.0 -14.499999 6.75
v -2.0 -15.0 7.0
v -10.0 -15.0 7.0
v -9.0 2.5 5.75
v -9.0 3.0 5.0
v -10.0 3.0 5.0
v -10.0 2.500001 5.75
v -9.0 2.0 6.0
v -10.0 2.0 6.0
v -8.498437 -4.001953 5.75
v -7.998437 -4.001953 5.0
v -7.998437 -3.0019531 5.0
v -8.498437 -3.0019531 5.75
v -7.998437 -3.5019531 5.75
v -8.998437 -3.0019531 5.0
v -8.998437 -3.501952 5.75
v -8.998437 -4.001953 6.0
v -8.998437 -3.0019531 6.0
v -7.998437 -4.001953 6.0
v -8.5 -3.0 5.75
v -8.0 -3.0 5.0
v -8.0 2.0 5.0
v -8.499999 2.0 5.75
v -9.0 -3.0 6.0
v -9.0 2.0 6.0
v -8.498828 1.998047 5.75
v -8.248828 2.7480469 5.0
v -8.998828 2.4980469 5.75
v -7.998828 1.998047 5.0
v -8.998828 2.9980469 5.0
v -8.998828 1.998047 6.0
v -7.498437 -9.001953 5.75
v -6.998437 -9.001953 5.0
v -6.998437 -8.001953 5.0
v -7.498437 -8.001953 5.75
v -6.998437 -8.501953 5.75
v -7.998437 -8.001953 5.0
v -7.998437 -8.501952 5.75
v -7.998437 -9.001953 6.0
v -7.998437 -8.001953 6.0
v -6.998437 -9.001953 6.0
v -7.5 -8.0 5.75
v -7.0 -8.0 5.0
v -7.0 -4.0 5.0
v -7.499999 -4.0 5.75
v -8.0 -8.0 6.0
v -8.0 -4.0 6.0
v -7.498828 -4.001953 5.75
v -7.248828 -3.2519531 5.0
v -7.998828 -3.5019531 5.75
v -6.998828 -4.001953 5.0
v -7.998828 -3.0019531 5.0
v -7.998828 -4.001953 6.0
v -7.0 9.0 7.3032217
v -7.0 11.0 7.3032217
v -7.0 9.0 10.625
v -7.0 11.0 10.625
v -8.0 9.0 7.321776
v -6.0 9.0 7.321776
v -8.0 11.0 7.321776
v -6.0 11.0 7.321776
v -8.0 10.0 7.3032217
v -6.0 10.0 7.3032217
v -8.0 10.0 10.625
v -6.0 10.0 10.625
v -8.0 9.0 10.018554
v -6.0 9.0 10.018554
v -8.0 11.0 10.018554
v -6.0 11.0 10.018554
v -8.0 9.0 8.5625
v -6.0 9.0 8.5625
v -8.0 11.0 8.5625
v -6.0 11.0 8.5625
v -4.0 -11.0 6.187499
v -7.0 -11.0 6.187499
v -7.0 -14.0 6.187499
v -4.0 -14.0 6.187499
v -7.0 -12.500001 10.75
v -4.0 -12.500001 10.75
v -4.0 -12.5 6.187499
v -7.0 -12.5 6.187499
v -5.5 -14.000001 10.749999
v -5.5 -11.000001 10.75
v -5.5 -11.0 6.187499
v -5.5 -14.0 6.187499
v -4.0 -14.0 7.624999
v -4.0 -11.0 7.624999
v -7.0 -11.0 7.624999
v -7.0 -14.0 7.624999
v -4.0 -8.5 5.75
v -4.0 -8.0 5.0
v -7.0 -8.0 5.0
v -7.0 -8.499999 5.75
v -4.0 -9.0 6.0
v -7.0 -9.0 6.0
v -6.498437 -8.001953 4.75
v -5.998437 -8.001953 4.0
v -5.998437 -7.001953 4.0
v -6.498437 -7.001953 4.75
v -5.998437 -7.501953 4.75
v -6.998437 -7.001953 4.0
v -6.998437 -7.501952 4.75
v -6.998437 -8.001953 5.0
v -6.998437 -7.001953 5.0
v -5.998437 -8.001953 5.0
v -6.5 -7.0 4.75
v -6.0 -7.0 4.0
v -6.0 1.0 4.0
v -6.499999 1.0 4.75
v -7.0 -7.0 5.0
v -7.0 1.0 5.0
v -6.5 1.0 4.75
v -6.0 1.0 4.0
v -6.0 2.0 4.0
v -6.499999 2.0 4.75
v -7.0 1.0 5.0
v -7.0 2.0 5.0
v -7.001953 2.498437 4.75
v -7.001953 1.9984369 4.0
v -6.001953 1.9984369 4.0
v -6.001953 2.498437 4.75
v -6.501953 1.9984369 4.75
v -6.001953 2.998437 4.0
v -6.501952 2.998437 4.75
v -7.001953 2.998437 5.0
v -6.001953 2.998437 5.0
v -7.001953 1.9984369 5.0
v -3.0 -7.5 4.75
v -3.0 -7.0 4.0
v -6.0 -7.0 4.0
v -6.0 -7.499999 4.75
v -3.0 -8.0 5.0
v -6.0 -8.0 5.0
v -5.498437 -7.001953 3.75
v -4.998437 -7.001953 3.0
v -4.998437 -6.001953 3.0
v -5.498437 -6.001953 3.75
v -4.998437 -6.501953 3.75
v -5.998437 -6.001953 3.0
v -5.998437 -6.501952 3.75
v -5.998437 -7.001953 4.0
v -5.998437 -6.001953 4.0
v -4.998437 -7.001953 4.0
v -5.5 -6.0 3.75
v -5.0 -6.0 3.0
v -5.0 1.0 3.0
v -5.499999 1.0 3.75
v -6.0 -6.0 4.0
v -6.0 1.0 4.0
v -6.001953 1.4984369 3.75
v -6.001953 0.998437 3.0
v -5.001953 0.998437 3.0
v -5.001953 1.4984369 3.75
v -5.501953 0.998437 3.75
v -5.001953 1.9984369 3.0
v -5.501952 1.9984369 3.75
v -6.001953 1.9984369 4.0
v -5.001953 1.9984369 4.0
v -6.001953 0.998437 4.0
v -6.0 2.5 4.75
v -6.0 2.0 4.0
v 0.0 2.0 4.0
v -6.0 3.0 5.0
v 0.0 3.0 5.0
v 0.0 2.499999 4.75
v -6.001953 8.498828 6.75
v -5.251953 8.248828 6.0
v -5.501953 8.998828 6.75
v -6.001953 7.998828 6.0
v -5.001953 8.998828 6.0
v -6.001953 8.998828 7.0
v -6.001953 9.498437 6.75
v -6.001953 8.998437 6.0
v -5.001953 8.998437 6.0
v -5.001953 9.498437 6.75
v -5.501953 8.998437 6.75
v -5.001953 9.998437 6.0
v -5.501952 9.998437 6.75
v -6.001953 9.998437 7.0
v -5.001953 9.998437 7.0
v -6.001953 8.998437 7.0
v -2.0 -6.5 3.75
v -2.0 -6.0 3.0
v -5.0 -6.0 3.0
v -5.0 -6.499999 3.75
v -2.0 -7.0 4.0
v -5.0 -7.0 4.0
v -4.498437 -6.001953 2.75
v -3.998437 -6.001953 2.0
v -3.998437 -5.001953 2.0
v -4.498437 -5.001953 2.75
v -3.998437 -5.501953 2.75
v -4.998437 -5.001953 2.0
v -4.998437 -5.501952 2.75
v -4.998437 -6.001953 3.0
v -4.998437 -5.001953 3.0
v -3.998437 -6.001953 3.0
v -4.5 -5.0 2.75
v -4.0 -5.0 2.0
v -4.0 0.0 2.0
v -4.499999 0.0 2.75
v -5.0 -5.0 3.0
v -5.0 0.0 3.0
v -5.001953 0.498437 2.75
v -5.001953 -0.0015630126 2.0
v -4.001953 -0.0015630126 2.0
v -4.001953 0.498437 2.75
v -4.501953 -0.0015630126 2.75
v -4.001953 0.998437 2.0
v -4.501952 0.998437 2.75
v -5.001953 0.998437 3.0
v -4.001953 0.998437 3.0
v -5.001953 -0.0015630126 3.0
v -5.0 1.5 3.75
v -5.0 1.0 3.0
v 0.0 1.0 3.0
v -5.0 2.0 4.0
v 0.0 2.0 4.0
v 0.0 1.499999 3.75
v -1.25 6.75 5.234374
v -5.0 6.75 5.234374
v -5.0 3.0 5.234374
v -1.25 3.0 5.234374
v -5.0 4.874999 10.9375
v -1.25 4.874999 10.9375
v -1.25 4.875 5.234374
v -5.0 4.875 5.234374
v -3.125 2.9999988 10.937499
v -3.125 6.749999 10.9375
v -3.125 6.75 5.234374
v -3.125 3.0 5.234374
v -1.25 3.0 7.031249
v -1.25 6.75 7.031249
v -5.0 6.75 7.031249
v -5.0 3.0 7.031249
v -5.0 7.5 5.75
v -5.0 7.0 5.0
v 0.0 7.0 5.0
v -5.0 8.0 6.0
v 0.0 8.0 6.0
v 0.0 7.499999 5.75
v -5.0 9.5 6.75
v -5.0 9.0 6.0
v -2.0 9.0 6.0
v -5.0 10.0 7.0
v -2.0 10.0 7.0
v -2.0 9.499999 6.75
v -2.0 17.0 7.187499
v -5.0 17.0 7.187499
v -5.0 14.0 7.187499
v -2.0 14.0 7.187499
v -5.0 15.499999 11.75
v -2.0 15.499999 11.75
v -2.0 15.5 7.187499
v -5.0 15.5 7.187499
v -3.5 13.999999 11.749999
v -3.5 17.0 11.75
v -3.5 17.0 7.187499
v -3.5 14.0 7.187499
v -2.0 14.0 8.624999
v -2.0 17.0 8.624999
v -5.0 17.0 8.624999
v -5.0 14.0 8.624999
v -3.498437 -10.001953 5.75
v -2.998437 -10.001953 5.0
v -2.998437 -9.001953 5.0
v -3.498437 -9.001953 5.75
v -2.998437 -9.501953 5.75
v -3.998437 -9.001953 5.0
v -3.998437 -9.501952 5.75
v -3.998437 -10.001953 6.0
v -3.998437 -9.001953 6.0
v -2.998437 -10.001953 6.0
v -3.498828 -9.001953 5.75
v -3.248828 -8.251953 5.0
v -3.998828 -8.501953 5.75
v -2.998828 -9.001953 5.0
v -3.998828 -8.001953 5.0
v -3.998828 -9.001953 6.0
v 1.0 -5.5 2.75
v 1.0 -5.0 2.0
v -4.0 -5.0 2.0
v -4.0 -5.499999 2.75
v 1.0 -6.0 3.0
v -4.0 -6.0 3.0
v -3.498437 -3.0019531 1.75
v -2.998437 -3.0019531 1.0
v -2.998437 -2.0019531 1.0
v -3.498437 -2.0019531 1.75
v -2.998437 -2.5019531 1.75
v -3.998437 -2.0019531 1.0
v -3.998437 -2.501952 1.75
v -3.998437 -3.0019531 2.0
v -3.998437 -2.0019531 2.0
v -2.998437 -3.0019531 2.0
v -3.5 -2.0 1.75
v -3.0 -2.0 1.0
v -3.0 -1.0 1.0
v -3.499999 -1.0 1.75
v -4.0 -2.0 2.0
v -4.0 -1.0 2.0
v -4.001953 -0.501563 1.75
v -4.001953 -1.0015631 1.0
v -3.0019531 -1.0015631 1.0
v -3.0019531 -0.501563 1.75
v -3.5019531 -1.0015631 1.75
v -3.0019531 -0.0015630126 1.0
v -3.501952 -0.0015630126 1.75
v -4.001953 -0.0015630126 2.0
v -3.0019531 -0.0015630126 2.0
v -4.001953 -1.0015631 2.0
v -4.0 0.5 2.75
v -4.0 0.0 2.0
v -1.0 0.0 2.0
v -4.0 1.0 3.0
v -1.0 1.0 3.0
v -1.0 0.499999 2.75
v 5.0 -9.5 5.75
v 5.0 -9.0 5.0
v -3.0 -9.0 5.0
v -3.0 -9.499999 5.75
v 5.0 -10.0 6.0
v -3.0 -10.0 6.0
v -2.498437 -9.001953 4.75
v -1.998437 -9.001953 4.0
v -1.998437 -8.001953 4.0
v -2.498437 -8.001953 4.75
v -1.998437 -8.501953 4.75
v -2.998437 -8.001953 4.0
v -2.998437 -8.501952 4.75
v -2.998437 -9.001953 5.0
v -2.998437 -8.001953 5.0
v -1.998437 -9.001953 5.0
v -2.498828 -8.001953 4.75
v -2.248828 -7.251953 4.0
v -2.998828 -7.501953 4.75
v -1.998828 -8.001953 4.0
v -2.998828 -7.001953 4.0
v -2.998828 -8.001953 5.0
v -2.875 -1.5 1.0
v -3.125 -1.5 1.0
v -2.875 -2.5 2.0
v -3.125 -2.5 2.0
v -2.875 -3.0 2.0
v -3.125 -3.0 2.0
v -2.875 -2.0 1.0
v -3.125 -2.0 1.0
v -2.0 -1.896447 1.146447
v -3.0 -1.896447 1.146447
v -2.0 -2.603553 1.853553
v -3.0 -2.603553 1.853553
v -2.5 -2.603553 1.853553
v -2.5 -1.896447 1.146447
v -2.0 -3.0 2.0
v -2.5 -3.0 2.0
v -3.0 -3.0 2.0
v -1.875 -1.5 1.0
v -2.125 -1.5 1.0
v -1.875 -2.5 2.0
v -2.125 -2.5 2.0
v -1.875 -3.0 2.0
v -2.125 -3.0 2.0
v -1.875 -2.0 1.0
v -2.125 -2.0 1.0
v -3.0 -0.5 1.75
v -3.0 -1.0 1.0
v -2.0 -1.0 1.0
v -3.0 0.0 2.0
v -2.0 0.0 2.0
v -2.0 -0.500001 1.75
v 2.0 -14.5 6.75
v 2.0 -14.0 6.0
v -2.0 -14.0 6.0
v -2.0 -14.499999 6.75
v 2.0 -15.0 7.0
v -2.0 -15.0 7.0
v 4.0 -8.5 4.75
v 4.0 -8.0 4.0
v -2.0 -8.0 4.0
v -2.0 -8.499999 4.75
v 4.0 -9.0 5.0
v -2.0 -9.0 5.0
v -1.4984369 -8.001953 3.75
v -0.99843705 -8.001953 3.0
v -0.99843705 -7.001953 3.0
v -1.4984369 -7.001953 3.75
v -0.99843705 -7.501953 3.75
v -1.9984369 -7.001953 3.0
v -1.9984369 -7.501952 3.75
v -1.9984369 -8.001953 4.0
v -1.9984369 -7.001953 4.0
v -0.99843705 -8.001953 4.0
v -1.4988279 -7.001953 3.75
v -1.2488279 -6.251953 3.0
v -1.9988279 -6.501953 3.75
v -0.99882805 -7.001953 3.0
v -1.9988279 -6.001953 3.0
v -1.9988279 -7.001953 4.0
v -0.998047 -2.498437 1.75
v -0.998047 -1.998437 1.0
v -1.998047 -1.998437 1.0
v -1.998047 -2.498437 1.75
v -1.498047 -1.998437 1.75
v -1.998047 -2.998437 1.0
v -1.4980481 -2.998437 1.75
v -0.998047 -2.998437 2.0
v -1.998047 -2.998437 2.0
v -0.998047 -1.998437 2.0
v -1.5 -1.0 1.75
v -2.0 -1.0 1.0
v -2.0 -2.0 1.0
v -1.500001 -2.0 1.75
v -1.0 -1.0 2.0
v -1.0 -2.0 2.0
v -1.5015631 0.0019530058 1.75
v -2.001563 0.0019530058 1.0
v -2.001563 -0.998047 1.0
v -1.5015631 -0.998047 1.75
v -2.001563 -0.498047 1.75
v -1.0015631 -0.998047 1.0
v -1.0015631 -0.498048 1.75
v -1.0015631 0.0019530058 2.0
v -1.0015631 -0.998047 2.0
v -2.001563 0.0019530058 2.0
v -2.0019531 9.498828 6.75
v -1.251953 9.248828 6.0
v -1.501953 9.998828 6.75
v -2.0019531 8.998828 6.0
v -1.001953 9.998828 6.0
v -2.0019531 9.998828 7.0
v -1.5 10.0 6.75
v -1.0 10.0 6.0
v -1.0 11.0 6.0
v -1.499999 11.0 6.75
v -2.0 10.0 7.0
v -2.0 11.0 7.0
v -0.78125 12.875 6.112501
v -0.78125 13.0 6.112501
v -1.84375 13.0 7.175001
v -1.84375 12.875 7.175001
v -2.5 11.0 7.050002
v -1.84375 11.0 7.175002
v -1.84375 11.125 7.175002
v -2.5 11.125 7.050002
v -2.5 12.9165745 7.050001
v -2.5 12.0 7.050002
v -2.0 12.0 7.050002
v -2.0 12.9165745 7.050001
v -2.0 12.9165745 7.050001
v -2.0 12.0 7.050002
v -1.0 12.0 6.050002
v -1.0 12.9165745 6.050001
v -1.4375 12.875 5.987501
v -0.78125 12.875 6.112501
v -1.84375 12.875 7.175001
v -2.5 12.875 7.050001
v -0.78125 13.0 6.112501
v -1.4375 13.0 5.987501
v -2.5 13.0 7.050001
v -1.84375 13.0 7.175001
v -2.5 12.875 7.050001
v -1.84375 12.875 7.175001
v -1.84375 13.0 7.175001
v -2.5 13.0 7.050001
v -1.84375 11.125 7.175002
v -1.84375 11.0 7.175002
v -0.78125 11.0 6.112502
v -0.78125 11.125 6.112502
v -1.84375 11.0 7.175002
v -2.5 11.0 7.050002
v -1.4375 11.0 5.987502
v -0.78125 11.0 6.112502
v -2.5 11.125 7.050002
v -1.84375 11.125 7.175002
v -0.78125 11.125 6.112502
v -1.4375 11.125 5.987502
v -2.0 11.0834255 7.050002
v -1.0 11.0834255 6.050002
v -2.5 11.0834255 7.050002
v -2.0 11.0834255 7.050002
v -1.5 13.0 6.75
v -1.0 13.0 6.0
v -1.0 14.0 6.0
v -1.499999 14.0 6.75
v -2.0 13.0 7.0
v -2.0 14.0 7.0
v -2.0019531 14.498437 6.75
v -2.0019531 13.998437 6.0
v -1.001953 13.998437 6.0
v -1.001953 14.498437 6.75
v -1.501953 13.998437 6.75
v -1.001953 14.998437 6.0
v -1.5019519 14.998437 6.75
v -2.0019531 14.998437 7.0
v -1.001953 14.998437 7.0
v -2.0019531 13.998437 7.0
v -1.0 15.0 7.3032217
v -1.0 17.0 7.3032217
v -1.0 15.0 10.625
v -1.0 17.0 10.625
v -2.0 15.0 7.321776
v 0.0 15.0 7.321776
v -2.0 17.0 7.321776
v 0.0 17.0 7.321776
v -2.0 16.0 7.3032217
v 0.0 16.0 7.3032217
v -2.0 16.0 10.625
v 0.0 16.0 10.625
v -2.0 15.0 10.018554
v 0.0 15.0 10.018554
v -2.0 17.0 10.018554
v 0.0 17.0 10.018554
v -2.0 15.0 8.5625
v 0.0 15.0 8.5625
v -2.0 17.0 8.5625
v 0.0 17.0 8.5625
v 3.0 -7.5 3.75
v 3.0 -7.0 3.0
v -1.0 -7.0 3.0
v -1.0 -7.499999 3.75
v 3.0 -8.0 4.0
v -1.0 -8.0 4.0
v -0.501172 -1.998047 2.75
v -0.751172 -2.7480469 2.0
v -0.0011720061 -2.4980469 2.75
v -1.001172 -1.998047 2.0
v -0.0011720061 -2.9980469 2.0
v -0.0011720061 -1.998047 3.0
v -0.5 0.0 2.75
v -1.0 0.0 2.0
v -1.0 -2.0 2.0
v -0.500001 -2.0 2.75
v 0.0 0.0 3.0
v 0.0 -2.0 3.0
v -0.501563 1.001953 2.75
v -1.001563 1.001953 2.0
v -1.001563 0.0019530058 2.0
v -0.501563 0.0019530058 2.75
v -1.001563 0.501953 2.75
v -0.0015630126 0.0019530058 2.0
v -0.0015630126 0.501952 2.75
v -0.0015630126 1.001953 3.0
v -0.0015630126 0.0019530058 3.0
v -1.001563 1.001953 3.0
v -1.0 14.5 6.75
v -1.0 14.0 6.0
v 7.0 14.0 6.0
v -1.0 15.0 7.0
v 7.0 15.0 7.0
v 7.0 14.499999 6.75
v 0.0 -2.5 2.75
v 0.0 -3.0 2.0
v 1.0 -3.0 2.0
v 0.0 -2.0 3.0
v 1.0 -2.0 3.0
v 1.0 -2.500001 2.75
v 0.498828 0.0019530058 3.75
v 0.248828 -0.748047 3.0
v 0.998828 -0.498047 3.75
v -0.0011719465 0.0019530058 3.0
v 0.998828 -0.998047 3.0
v 0.998828 0.0019530058 4.0
v 0.5 1.0 3.75
v 0.0 1.0 3.0
v 0.0 0.0 3.0
v 0.499999 0.0 3.75
v 1.0 1.0 4.0
v 1.0 0.0 4.0
v 0.498437 2.0019531 3.75
v -0.001562953 2.0019531 3.0
v -0.001562953 1.001953 3.0
v 0.498437 1.001953 3.75
v -0.001562953 1.501953 3.75
v 0.998437 1.001953 3.0
v 0.998437 1.5019519 3.75
v 0.998437 2.0019531 4.0
v 0.998437 1.001953 4.0
v -0.001562953 2.0019531 4.0
v -0.0019530058 2.498828 4.75
v 0.748047 2.248828 4.0
v 0.498047 2.998828 4.75
v -0.0019530058 1.998828 4.0
v 0.998047 2.998828 4.0
v -0.0019530058 2.998828 5.0
v -0.0019530058 3.498437 4.75
v -0.0019530058 2.998437 4.0
v 0.998047 2.998437 4.0
v 0.998047 3.498437 4.75
v 0.498047 2.998437 4.75
v 0.998047 3.998437 4.0
v 0.498048 3.998437 4.75
v -0.0019530058 3.998437 5.0
v 0.998047 3.998437 5.0
v -0.0019530058 2.998437 5.0
v -0.0019530058 7.498828 5.75
v 0.748047 7.248828 5.0
v 0.498047 7.998828 5.75
v -0.0019530058 6.998828 5.0
v 0.998047 7.998828 5.0
v -0.0019530058 7.998828 6.0
v -0.0019530058 8.498437 5.75
v -0.0019530058 7.998437 5.0
v 0.998047 7.998437 5.0
v 0.998047 8.498437 5.75
v 0.498047 7.998437 5.75
v 0.998047 8.998437 5.0
v 0.498048 8.998437 5.75
v -0.0019530058 8.998437 6.0
v 0.998047 8.998437 6.0
v -0.0019530058 7.998437 6.0
v 3.0 18.0 7.187499
v 0.0 18.0 7.187499
v 0.0 15.0 7.187499
v 3.0 15.0 7.187499
v 0.0 16.5 11.75
v 3.0 16.5 11.75
v 3.0 16.5 7.187499
v 0.0 16.5 7.187499
v 1.5 14.999999 11.749999
v 1.5 18.0 11.75
v 1.5 18.0 7.187499
v 1.5 15.0 7.187499
v 3.0 15.0 8.624999
v 3.0 18.0 8.624999
v 0.0 18.0 8.624999
v 0.0 15.0 8.624999
v 2.0019531 -5.498437 2.75
v 2.0019531 -4.998437 2.0
v 1.001953 -4.998437 2.0
v 1.001953 -5.498437 2.75
v 1.501953 -4.998437 2.75
v 1.001953 -5.998437 2.0
v 1.5019519 -5.998437 2.75
v 2.0019531 -5.998437 3.0
v 1.001953 -5.998437 3.0
v 2.0019531 -4.998437 3.0
v 0.78125 -4.875 2.1125011
v 0.78125 -5.0 2.1125011
v 1.84375 -5.0 3.1750011
v 1.84375 -4.875 3.1750011
v 2.5 -3.0 3.050002
v 1.84375 -3.0 3.175002
v 1.84375 -3.125 3.175002
v 2.5 -3.125 3.050002
v 2.5 -4.916575 3.0500011
v 2.5 -4.0 3.050002
v 2.0 -4.0 3.050002
v 2.0 -4.916575 3.0500011
v 2.0 -4.916575 3.0500011
v 2.0 -4.0 3.050002
v 1.0 -4.0 2.050002
v 1.0 -4.916575 2.0500011
v 1.4375 -4.875 1.987501
v 0.78125 -4.875 2.1125011
v 1.84375 -4.875 3.1750011
v 2.5 -4.875 3.0500011
v 0.78125 -5.0 2.1125011
v 1.4375 -5.0 1.987501
v 2.5 -5.0 3.0500011
v 1.84375 -5.0 3.1750011
v 2.5 -4.875 3.0500011
v 1.84375 -4.875 3.1750011
v 1.84375 -5.0 3.1750011
v 2.5 -5.0 3.0500011
v 1.84375 -3.125 3.175002
v 1.84375 -3.0 3.175002
v 0.78125 -3.0 2.112502
v 0.78125 -3.125 2.112502
v 1.84375 -3.0 3.175002
v 2.5 -3.0 3.050002
v 1.4375 -3.0 1.987502
v 0.78125 -3.0 2.112502
v 2.5 -3.125 3.050002
v 1.84375 -3.125 3.175002
v 0.78125 -3.125 2.112502
v 1.4375 -3.125 1.987502
v 2.0 -3.083425 3.050002
v 1.0 -3.083425 2.050002
v 2.5 -3.083425 3.050002
v 2.0 -3.083425 3.050002
v 1.4984369 -1.998047 2.75
v 0.99843705 -1.998047 2.0
v 0.99843705 -2.9980469 2.0
v 1.4984369 -2.9980469 2.75
v 0.99843705 -2.4980469 2.75
v 1.9984369 -2.9980469 2.0
v 1.9984369 -2.498048 2.75
v 1.9984369 -1.998047 3.0
v 1.9984369 -2.9980469 3.0
v 0.99843705 -1.998047 3.0
v 1.0 -0.5 3.75
v 1.0 -1.0 3.0
v 4.0 -1.0 3.0
v 1.0 0.0 4.0
v 4.0 0.0 4.0
v 4.0 -0.500001 3.75
v 1.0 3.5 4.75
v 1.0 3.0 4.0
v 2.0 3.0 4.0
v 1.0 4.0 5.0
v 2.0 4.0 5.0
v 2.0 3.499999 4.75
v 2.0 6.0 5.3032217
v 2.0 8.0 5.3032217
v 2.0 6.0 8.625
v 2.0 8.0 8.625
v 1.0 6.0 5.321776
v 3.0 6.0 5.321776
v 1.0 8.0 5.321776
v 3.0 8.0 5.321776
v 1.0 7.0 5.3032217
v 3.0 7.0 5.3032217
v 1.0 7.0 8.625
v 3.0 7.0 8.625
v 1.0 6.0 8.018554
v 3.0 6.0 8.018554
v 1.0 8.0 8.018554
v 3.0 8.0 8.018554
v 1.0 6.0 6.5625
v 3.0 6.0 6.5625
v 1.0 8.0 6.5625
v 3.0 8.0 6.5625
v 1.0 8.5 5.75
v 1.0 8.0 5.0
v 6.0 8.0 5.0
v 1.0 9.0 6.0
v 6.0 9.0 6.0
v 6.0 8.499999 5.75
v 2.501563 -16.001953 6.75
v 3.001563 -16.001953 6.0
v 3.001563 -15.001953 6.0
v 2.501563 -15.001953 6.75
v 3.001563 -15.501953 6.75
v 2.001563 -15.001953 6.0
v 2.001563 -15.501952 6.75
v 2.001563 -16.001953 7.0
v 2.001563 -15.001953 7.0
v 3.001563 -16.001953 7.0
v 2.501172 -15.001953 6.75
v 2.751172 -14.251953 6.0
v 2.001172 -14.501953 6.75
v 3.001172 -15.001953 6.0
v 2.001172 -14.001953 6.0
v 2.001172 -15.001953 7.0
v 4.875 2.78125 4.112501
v 5.0 2.78125 4.112501
v 5.0 3.84375 5.175001
v 4.875 3.84375 5.175001
v 2.0 4.5 5.050002
v 2.0 3.84375 5.175002
v 2.125 3.84375 5.175002
v 2.125 4.5 5.050002
v 4.875 4.5 5.050001
v 3.5 4.5 5.050002
v 3.5 4.0 5.050002
v 4.875 4.0 5.050001
v 4.875 4.0 5.050001
v 3.5 4.0 5.050002
v 3.5 3.0 4.050002
v 4.875 3.0 4.050001
v 4.875 3.4375 3.9875011
v 4.875 2.78125 4.112501
v 4.875 3.84375 5.175001
v 4.875 4.5 5.050001
v 5.0 2.78125 4.112501
v 5.0 3.4375 3.9875011
v 5.0 4.5 5.050001
v 5.0 3.84375 5.175001
v 4.875 4.5 5.050001
v 4.875 3.84375 5.175001
v 5.0 3.84375 5.175001
v 5.0 4.5 5.050001
v 2.125 3.84375 5.175002
v 2.0 3.84375 5.175002
v 2.0 2.78125 4.112502
v 2.125 2.78125 4.112502
v 2.0 3.84375 5.175002
v 2.0 4.5 5.050002
v 2.0 3.4375 3.987502
v 2.0 2.78125 4.112502
v 2.125 4.5 5.050002
v 2.125 3.84375 5.175002
v 2.125 2.78125 4.112502
v 2.125 3.4375 3.987502
v 2.125 4.0 5.050002
v 2.125 3.0 4.050002
v 2.125 4.5 5.050002
v 2.125 4.0 5.050002
v 5.0 13.0 6.187499
v 2.0 13.0 6.187499
v 2.0 10.0 6.187499
v 5.0 10.0 6.187499
v 2.0 11.499999 10.75
v 5.0 11.499999 10.75
v 5.0 11.5 6.187499
v 2.0 11.5 6.187499
v 3.5 9.999999 10.749999
v 3.5 12.999999 10.75
v 3.5 13.0 6.187499
v 3.5 10.0 6.187499
v 5.0 10.0 7.624999
v 5.0 13.0 7.624999
v 2.0 13.0 7.624999
v 2.0 10.0 7.624999
v 4.0 -15.5 6.75
v 4.0 -15.0 6.0
v 3.0 -15.0 6.0
v 3.0 -15.499999 6.75
v 4.0 -16.0 7.0
v 3.0 -16.0 7.0
v 4.001953 -7.498437 3.75
v 4.001953 -6.998437 3.0
v 3.0019531 -6.998437 3.0
v 3.0019531 -7.498437 3.75
v 3.5019531 -6.998437 3.75
v 3.0019531 -7.998437 3.0
v 3.501952 -7.998437 3.75
v 4.001953 -7.998437 4.0
v 3.0019531 -7.998437 4.0
v 4.001953 -6.998437 4.0
v 4.001953 -6.498828 3.75
v 3.2519531 -6.248828 3.0
v 3.5019531 -6.998828 3.75
v 4.001953 -5.998828 3.0
v 3.0019531 -6.998828 3.0
v 4.001953 -6.998828 4.0
v 5.0 -14.896447 6.146447
v 4.0 -14.896447 6.146447
v 5.0 -15.603553 6.853553
v 4.0 -15.603553 6.853553
v 5.0 -16.0 7.0
v 4.0 -16.0 7.0
v 4.125 -14.5 6.0
v 3.875 -14.5 6.0
v 4.125 -15.5 7.0
v 3.875 -15.5 7.0
v 4.125 -16.0 7.0
v 3.875 -16.0 7.0
v 4.125 -15.0 6.0
v 3.875 -15.0 6.0
v 5.001953 -8.498437 4.75
v 5.001953 -7.998437 4.0
v 4.001953 -7.998437 4.0
v 4.001953 -8.498437 4.75
v 4.501953 -7.998437 4.75
v 4.001953 -8.998437 4.0
v 4.501952 -8.998437 4.75
v 5.001953 -8.998437 5.0
v 4.001953 -8.998437 5.0
v 5.001953 -7.998437 5.0
v 5.001953 -7.498828 4.75
v 4.251953 -7.248828 4.0
v 4.501953 -7.998828 4.75
v 5.001953 -6.998828 4.0
v 4.001953 -7.998828 4.0
v 5.001953 -7.998828 5.0
v 7.0 -6.5 3.75
v 7.0 -6.0 3.0
v 4.0 -6.0 3.0
v 4.0 -6.499999 3.75
v 7.0 -7.0 4.0
v 4.0 -7.0 4.0
v 4.498828 -1.998047 3.75
v 4.248828 -2.7480469 3.0
v 4.998828 -2.4980469 3.75
v 3.998828 -1.998047 3.0
v 4.998828 -2.9980469 3.0
v 4.998828 -1.998047 4.0
v 4.5 -1.0 3.75
v 4.0 -1.0 3.0
v 4.0 -2.0 3.0
v 4.499999 -2.0 3.75
v 5.0 -1.0 4.0
v 5.0 -2.0 4.0
v 4.498437 0.0019530058 3.75
v 3.998437 0.0019530058 3.0
v 3.998437 -0.998047 3.0
v 4.498437 -0.998047 3.75
v 3.998437 -0.498047 3.75
v 4.998437 -0.998047 3.0
v 4.998437 -0.498048 3.75
v 4.998437 0.0019530058 4.0
v 4.998437 -0.998047 4.0
v 3.998437 0.0019530058 4.0
v 5.0 6.0 5.3032217
v 5.0 8.0 5.3032217
v 5.0 6.0 8.625
v 5.0 8.0 8.625
v 4.0 6.0 5.321776
v 6.0 6.0 5.321776
v 4.0 8.0 5.321776
v 6.0 8.0 5.321776
v 4.0 7.0 5.3032217
v 6.0 7.0 5.3032217
v 4.0 7.0 8.625
v 6.0 7.0 8.625
v 4.0 6.0 8.018554
v 6.0 6.0 8.018554
v 4.0 8.0 8.018554
v 6.0 8.0 8.018554
v 4.0 6.0 6.5625
v 6.0 6.0 6.5625
v 4.0 8.0 6.5625
v 6.0 8.0 6.5625
v 7.0 -14.896447 6.146447
v 5.0 -14.896447 6.146447
v 7.0 -15.603553 6.853553
v 5.0 -15.603553 6.853553
v 7.0 -16.0 7.0
v 5.0 -16.0 7.0
v 6.001953 -9.498437 5.75
v 6.001953 -8.998437 5.0
v 5.001953 -8.998437 5.0
v 5.001953 -9.498437 5.75
v 5.501953 -8.998437 5.75
v 5.001953 -9.998437 5.0
v 5.501952 -9.998437 5.75
v 6.001953 -9.998437 6.0
v 5.001953 -9.998437 6.0
v 6.001953 -8.998437 6.0
v 6.001953 -8.498828 5.75
v 5.251953 -8.248828 5.0
v 5.501953 -8.998828 5.75
v 6.001953 -7.998828 5.0
v 5.001953 -8.998828 5.0
v 6.001953 -8.998828 6.0
v 8.0 -7.5 4.75
v 8.0 -7.0 4.0
v 5.0 -7.0 4.0
v 5.0 -7.499999 4.75
v 8.0 -8.0 5.0
v 5.0 -8.0 5.0
v 6.875 -3.21875 3.1125011
v 7.0 -3.21875 3.1125011
v 7.0 -2.15625 4.175001
v 6.875 -2.15625 4.175001
v 5.0 -1.5 4.050002
v 5.0 -2.15625 4.175002
v 5.125 -2.15625 4.175002
v 5.125 -1.5 4.050002
v 6.916575 -1.5 4.050001
v 6.0 -1.5 4.050002
v 6.0 -2.0 4.050002
v 6.916575 -2.0 4.050001
v 6.916575 -2.0 4.050001
v 6.0 -2.0 4.050002
v 6.0 -3.0 3.050002
v 6.916575 -3.0 3.0500011
v 6.875 -2.5625 2.9875011
v 6.875 -3.21875 3.1125011
v 6.875 -2.15625 4.175001
v 6.875 -1.5 4.050001
v 7.0 -3.21875 3.1125011
v 7.0 -2.5625 2.9875011
v 7.0 -1.5 4.050001
v 7.0 -2.15625 4.175001
v 6.875 -1.5 4.050001
v 6.875 -2.15625 4.175001
v 7.0 -2.15625 4.175001
v 7.0 -1.5 4.050001
v 5.125 -2.15625 4.175002
v 5.0 -2.15625 4.175002
v 5.0 -3.21875 3.112502
v 5.125 -3.21875 3.112502
v 5.0 -2.15625 4.175002
v 5.0 -1.5 4.050002
v 5.0 -2.5625 2.987502
v 5.0 -3.21875 3.112502
v 5.125 -1.5 4.050002
v 5.125 -2.15625 4.175002
v 5.125 -3.21875 3.112502
v 5.125 -2.5625 2.987502
v 5.083425 -2.0 4.050002
v 5.083425 -3.0 3.050002
v 5.083425 -1.5 4.050002
v 5.083425 -2.0 4.050002
v 5.0 3.5 4.75
v 5.0 3.0 4.0
v 9.0 3.0 4.0
v 5.0 4.0 5.0
v 9.0 4.0 5.0
v 9.0 3.499999 4.75
v 9.0 -8.5 5.75
v 9.0 -8.0 5.0
v 6.0 -8.0 5.0
v 6.0 -8.499999 5.75
v 9.0 -9.0 6.0
v 6.0 -9.0 6.0
v 6.498828 5.001953 5.75
v 6.248828 4.251953 5.0
v 6.998828 4.501953 5.75
v 5.998828 5.001953 5.0
v 6.998828 4.001953 5.0
v 6.998828 5.001953 6.0
v 6.5 8.0 5.75
v 6.0 8.0 5.0
v 6.0 5.0 5.0
v 6.499999 5.0 5.75
v 7.0 8.0 6.0
v 7.0 5.0 6.0
v 6.498437 9.001953 5.75
v 5.998437 9.001953 5.0
v 5.998437 8.001953 5.0
v 6.498437 8.001953 5.75
v 5.998437 8.501953 5.75
v 6.998437 8.001953 5.0
v 6.998437 8.501952 5.75
v 6.998437 9.001953 6.0
v 6.998437 8.001953 6.0
v 5.998437 9.001953 6.0
v 8.125 -14.5 6.0
v 7.875 -14.5 6.0
v 8.125 -15.5 7.0
v 7.875 -15.5 7.0
v 8.125 -16.0 7.0
v 7.875 -16.0 7.0
v 8.125 -15.0 6.0
v 7.875 -15.0 6.0
v 8.0 -14.896447 6.146447
v 7.0 -14.896447 6.146447
v 8.0 -15.603553 6.853553
v 7.0 -15.603553 6.853553
v 8.0 -16.0 7.0
v 7.0 -16.0 7.0
v 8.001953 -6.498437 3.75
v 8.001953 -5.998437 3.0
v 7.001953 -5.998437 3.0
v 7.001953 -6.498437 3.75
v 7.501953 -5.998437 3.75
v 7.001953 -6.998437 3.0
v 7.501952 -6.998437 3.75
v 8.001953 -6.998437 4.0
v 7.001953 -6.998437 4.0
v 8.001953 -5.998437 4.0
v 7.5 -3.0 3.75
v 7.0 -3.0 3.0
v 7.0 -6.0 3.0
v 7.499999 -6.0 3.75
v 8.0 -3.0 4.0
v 8.0 -6.0 4.0
v 7.498437 -1.998047 3.75
v 6.998437 -1.998047 3.0
v 6.998437 -2.9980469 3.0
v 7.498437 -2.9980469 3.75
v 6.998437 -2.4980469 3.75
v 7.998437 -2.9980469 3.0
v 7.998437 -2.498048 3.75
v 7.998437 -1.998047 4.0
v 7.998437 -2.9980469 4.0
v 6.998437 -1.998047 4.0
v 8.0 -2.0 4.3032217
v 8.0 0.0 4.3032217
v 8.0 -2.0 7.625
v 8.0 0.0 7.625
v 7.0 -2.0 4.321776
v 9.0 -2.0 4.321776
v 7.0 0.0 4.321776
v 9.0 0.0 4.321776
v 7.0 -1.0 4.3032217
v 9.0 -1.0 4.3032217
v 7.0 -1.0 7.625
v 9.0 -1.0 7.625
v 7.0 -2.0 7.0185537
v 9.0 -2.0 7.0185537
v 7.0 0.0 7.0185537
v 9.0 0.0 7.0185537
v 7.0 -2.0 5.5625
v 9.0 -2.0 5.5625
v 7.0 0.0 5.5625
v 9.0 0.0 5.5625
v 8.0 1.0 4.3032217
v 8.0 3.0 4.3032217
v 8.0 1.0 7.625
v 8.0 3.0 7.625
v 7.0 1.0 4.321776
v 9.0 1.0 4.321776
v 7.0 3.0 4.321776
v 9.0 3.0 4.321776
v 7.0 2.0 4.3032217
v 9.0 2.0 4.3032217
v 7.0 2.0 7.625
v 9.0 2.0 7.625
v 7.0 1.0 7.0185537
v 9.0 1.0 7.0185537
v 7.0 3.0 7.0185537
v 9.0 3.0 7.0185537
v 7.0 1.0 5.5625
v 9.0 1.0 5.5625
v 7.0 3.0 5.5625
v 9.0 3.0 5.5625
v 7.0 4.5 5.75
v 7.0 4.0 5.0
v 10.0 4.0 5.0
v 7.0 5.0 6.0
v 10.0 5.0 6.0
v 10.0 4.499999 5.75
v 10.0 8.0 6.187499
v 7.0 8.0 6.187499
v 7.0 5.0 6.187499
v 10.0 5.0 6.187499
v 7.0 6.499999 10.75
v 10.0 6.499999 10.75
v 10.0 6.5 6.187499
v 7.0 6.5 6.187499
v 8.5 4.999999 10.749999
v 8.5 7.999999 10.75
v 8.5 8.0 6.187499
v 8.5 5.0 6.187499
v 10.0 5.0 7.624999
v 10.0 8.0 7.624999
v 7.0 8.0 7.624999
v 7.0 5.0 7.624999
v 7.498828 14.001953 6.75
v 7.248828 13.251953 6.0
v 7.998828 13.501953 6.75
v 6.998828 14.001953 6.0
v 7.998828 13.001953 6.0
v 7.998828 14.001953 7.0
v 7.498437 15.001953 6.75
v 6.998437 15.001953 6.0
v 6.998437 14.001953 6.0
v 7.498437 14.001953 6.75
v 6.998437 14.501953 6.75
v 7.998437 14.001953 6.0
v 7.998437 14.501952 6.75
v 7.998437 15.001953 7.0
v 7.998437 14.001953 7.0
v 6.998437 15.001953 7.0
v 9.0 -15.5 6.75
v 9.0 -15.0 6.0
v 8.0 -15.0 6.0
v 8.0 -15.499999 6.75
v 9.0 -16.0 7.0
v 8.0 -16.0 7.0
v 9.001953 -7.498437 4.75
v 9.001953 -6.998437 4.0
v 8.001953 -6.998437 4.0
v 8.001953 -7.498437 4.75
v 8.501953 -6.998437 4.75
v 8.001953 -7.998437 4.0
v 8.501952 -7.998437 4.75
v 9.001953 -7.998437 5.0
v 8.001953 -7.998437 5.0
v 9.001953 -6.998437 5.0
v 8.5 -3.0 4.75
v 8.0 -3.0 4.0
v 8.0 -7.0 4.0
v 8.499999 -7.0 4.75
v 9.0 -3.0 5.0
v 9.0 -7.0 5.0
v 9.001953 -2.498828 4.75
v 8.251953 -2.248828 4.0
v 8.501953 -2.998828 4.75
v 9.001953 -1.998828 4.0
v 8.001953 -2.998828 4.0
v 9.001953 -2.998828 5.0
v 8.0 13.5 6.75
v 8.0 13.0 6.0
v 12.0 13.0 6.0
v 8.0 14.0 7.0
v 12.0 14.0 7.0
v 12.0 13.499999 6.75
v 9.0 14.0 7.3032217
v 9.0 16.0 7.3032217
v 9.0 14.0 10.625
v 9.0 16.0 10.625
v 8.0 14.0 7.321776
v 10.0 14.0 7.321776
v 8.0 16.0 7.321776
v 10.0 16.0 7.321776
v 8.0 15.0 7.3032217
v 10.0 15.0 7.3032217
v 8.0 15.0 10.625
v 10.0 15.0 10.625
v 8.0 14.0 10.018554
v 10.0 14.0 10.018554
v 8.0 16.0 10.018554
v 10.0 16.0 10.018554
v 8.0 14.0 8.5625
v 10.0 14.0 8.5625
v 8.0 16.0 8.5625
v 10.0 16.0 8.5625
v 10.001953 -15.498437 6.75
v 10.001953 -14.998437 6.0
v 9.001953 -14.998437 6.0
v 9.001953 -15.498437 6.75
v 9.501953 -14.998437 6.75
v 9.001953 -15.998437 6.0
v 9.501952 -15.998437 6.75
v 10.001953 -15.998437 7.0
v 9.001953 -15.998437 7.0
v 10.001953 -14.998437 7.0
v 10.001953 -14.498828 6.75
v 9.251953 -14.248828 6.0
v 9.501953 -14.998828 6.75
v 10.001953 -13.998828 6.0
v 9.001953 -14.998828 6.0
v 10.001953 -14.998828 7.0
v 12.0 -11.0 6.187499
v 9.0 -11.0 6.187499
v 9.0 -14.0 6.187499
v 12.0 -14.0 6.187499
v 9.0 -12.500001 10.75
v 12.0 -12.500001 10.75
v 12.0 -12.5 6.187499
v 9.0 -12.5 6.187499
v 10.5 -14.000001 10.749999
v 10.5 -11.000001 10.75
v 10.5 -11.0 6.187499
v 10.5 -14.0 6.187499
v 12.0 -14.0 7.624999
v 12.0 -11.0 7.624999
v 9.0 -11.0 7.624999
v 9.0 -14.0 7.624999
v 10.001953 -8.498437 5.75
v 10.001953 -7.998437 5.0
v 9.001953 -7.998437 5.0
v 9.001953 -8.498437 5.75
v 9.501953 -7.998437 5.75
v 9.001953 -8.998437 5.0
v 9.501952 -8.998437 5.75
v 10.001953 -8.998437 6.0
v 9.001953 -8.998437 6.0
v 10.001953 -7.998437 6.0
v 9.5 -4.0 5.75
v 9.0 -4.0 5.0
v 9.0 -8.0 5.0
v 9.499999 -8.0 5.75
v 10.0 -4.0 6.0
v 10.0 -8.0 6.0
v 10.001953 -3.498828 5.75
v 9.251953 -3.248828 5.0
v 9.501953 -3.998828 5.75
v 10.001953 -2.998828 5.0
v 9.001953 -3.998828 5.0
v 10.001953 -3.998828 6.0
v 10.001953 -2.498437 4.75
v 10.001953 -1.998437 4.0
v 9.001953 -1.998437 4.0
v 9.001953 -2.498437 4.75
v 9.501953 -1.998437 4.75
v 9.001953 -2.998437 4.0
v 9.501952 -2.998437 4.75
v 10.001953 -2.998437 5.0
v 9.001953 -2.998437 5.0
v 10.001953 -1.998437 5.0
v 9.5 3.0 4.75
v 9.0 3.0 4.0
v 9.0 -2.0 4.0
v 9.499999 -2.0 4.75
v 10.0 3.0 5.0
v 10.0 -2.0 5.0
v 9.498437 4.001953 4.75
v 8.998437 4.001953 4.0
v 8.998437 3.0019531 4.0
v 9.498437 3.0019531 4.75
v 8.998437 3.5019531 4.75
v 9.998437 3.0019531 4.0
v 9.998437 3.501952 4.75
v 9.998437 4.001953 5.0
v 9.998437 3.0019531 5.0
v 8.998437 4.001953 5.0
v 12.0 -14.5 6.75
v 12.0 -14.0 6.0
v 10.0 -14.0 6.0
v 10.0 -14.499999 6.75
v 12.0 -15.0 7.0
v 10.0 -15.0 7.0
v 11.001953 -3.498437 5.75
v 11.001953 -2.998437 5.0
v 10.001953 -2.998437 5.0
v 10.001953 -3.498437 5.75
v 10.501953 -2.998437 5.75
v 10.001953 -3.998437 5.0
v 10.501952 -3.998437 5.75
v 11.001953 -3.998437 6.0
v 10.001953 -3.998437 6.0
v 11.001953 -2.998437 6.0
v 10.5 4.0 5.75
v 10.0 4.0 5.0
v 10.0 -3.0 5.0
v 10.499999 -3.0 5.75
v 11.0 4.0 6.0
v 11.0 -3.0 6.0
v 10.498437 5.001953 5.75
v 9.998437 5.001953 5.0
v 9.998437 4.001953 5.0
v 10.498437 4.001953 5.75
v 9.998437 4.501953 5.75
v 10.998437 4.001953 5.0
v 10.998437 4.501952 5.75
v 10.998437 5.001953 6.0
v 10.998437 4.001953 6.0
v 9.998437 5.001953 6.0
v 12.0 -11.0 6.3032217
v 12.0 -9.0 6.3032217
v 12.0 -11.0 9.625
v 12.0 -9.0 9.625
v 11.0 -11.0 6.321776
v 13.0 -11.0 6.321776
v 11.0 -9.0 6.321776
v 13.0 -9.0 6.321776
v 11.0 -10.0 6.3032217
v 13.0 -10.0 6.3032217
v 11.0 -10.0 9.625
v 13.0 -10.0 9.625
v 11.0 -11.0 9.018554
v 13.0 -11.0 9.018554
v 11.0 -9.0 9.018554
v 13.0 -9.0 9.018554
v 11.0 -11.0 7.5625
v 13.0 -11.0 7.5625
v 11.0 -9.0 7.5625
v 13.0 -9.0 7.5625
v 12.0 14.0 7.3032217
v 12.0 16.0 7.3032217
v 12.0 14.0 10.625
v 12.0 16.0 10.625
v 11.0 14.0 7.321776
v 13.0 14.0 7.321776
v 11.0 16.0 7.321776
v 13.0 16.0 7.321776
v 11.0 15.0 7.3032217
v 13.0 15.0 7.3032217
v 11.0 15.0 10.625
v 13.0 15.0 10.625
v 11.0 14.0 10.018554
v 13.0 14.0 10.018554
v 11.0 16.0 10.018554
v 13.0 16.0 10.018554
v 11.0 14.0 8.5625
v 13.0 14.0 8.5625
v 11.0 16.0 8.5625
v 13.0 16.0 8.5625
v 13.001953 -14.498437 6.75
v 13.001953 -13.998437 6.0
v 12.001953 -13.998437 6.0
v 12.001953 -14.498437 6.75
v 12.501953 -13.998437 6.75
v 12.001953 -14.998437 6.0
v 12.501952 -14.998437 6.75
v 13.001953 -14.998437 7.0
v 12.001953 -14.998437 7.0
v 13.001953 -13.998437 7.0
v 12.5 -12.0 6.75
v 12.0 -12.0 6.0
v 12.0 -14.0 6.0
v 12.499999 -14.0 6.75
v 13.0 -12.0 7.0
v 13.0 -14.0 7.0
v 13.001953 -11.498828 6.75
v 12.251953 -11.248828 6.0
v 12.501953 -11.998828 6.75
v 13.001953 -10.998828 6.0
v 12.001953 -11.998828 6.0
v 13.001953 -11.998828 7.0
v 12.498828 13.001953 6.75
v 12.248828 12.251953 6.0
v 12.998828 12.501953 6.75
v 11.998828 13.001953 6.0
v 12.998828 12.001953 6.0
v 12.998828 13.001953 7.0
v 12.498437 14.001953 6.75
v 11.998437 14.001953 6.0
v 11.998437 13.001953 6.0
v 12.498437 13.001953 6.75
v 11.998437 13.501953 6.75
v 12.998437 13.001953 6.0
v 12.998437 13.501952 6.75
v 12.998437 14.001953 7.0
v 12.998437 13.001953 7.0
v 11.998437 14.001953 7.0
v 16.0 -12.0 7.187499
v 13.0 -12.0 7.187499
v 13.0 -15.0 7.187499
v 16.0 -15.0 7.187499
v 13.0 -13.500001 11.75
v 16.0 -13.500001 11.75
v 16.0 -13.5 7.187499
v 13.0 -13.5 7.187499
v 14.5 -15.000001 11.749999
v 14.5 -12.000001 11.75
v 14.5 -12.0 7.187499
v 14.5 -15.0 7.187499
v 16.0 -15.0 8.624999
v 16.0 -12.0 8.624999
v 13.0 -12.0 8.624999
v 13.0 -15.0 8.624999
v 14.001953 -11.498437 6.75
v 14.001953 -10.998437 6.0
v 13.001953 -10.998437 6.0
v 13.001953 -11.498437 6.75
v 13.501953 -10.998437 6.75
v 13.001953 -11.998437 6.0
v 13.501952 -11.998437 6.75
v 14.001953 -11.998437 7.0
v 13.001953 -11.998437 7.0
v 14.001953 -10.998437 7.0
v 13.5 -7.0 6.75
v 13.0 -7.0 6.0
v 13.0 -11.0 6.0
v 13.499999 -11.0 6.75
v 14.0 -7.0 7.0
v 14.0 -11.0 7.0
v 14.001953 -6.498828 6.75
v 13.251953 -6.248828 6.0
v 13.501953 -6.998828 6.75
v 14.001953 -5.998828 6.0
v 13.001953 -6.998828 6.0
v 14.001953 -6.998828 7.0
v 13.498828 8.001953 6.75
v 13.248828 7.251953 6.0
v 13.998828 7.501953 6.75
v 12.998828 8.001953 6.0
v 13.998828 7.001953 6.0
v 13.998828 8.001953 7.0
v 13.5 12.0 6.75
v 13.0 12.0 6.0
v 13.0 8.0 6.0
v 13.499999 8.0 6.75
v 14.0 12.0 7.0
v 14.0 8.0 7.0
v 13.498437 13.001953 6.75
v 12.998437 13.001953 6.0
v 12.998437 12.001953 6.0
v 13.498437 12.001953 6.75
v 12.998437 12.501953 6.75
v 13.998437 12.001953 6.0
v 13.998437 12.501952 6.75
v 13.998437 13.001953 7.0
v 13.998437 12.001953 7.0
v 12.998437 13.001953 7.0
v 16.0 16.0 7.187499
v 13.0 16.0 7.187499
v 13.0 13.0 7.187499
v 16.0 13.0 7.187499
v 13.0 14.499999 11.75
v 16.0 14.499999 11.75
v 16.0 14.5 7.187499
v 13.0 14.5 7.187499
v 14.5 12.999999 11.749999
v 14.5 15.999999 11.75
v 14.5 16.0 7.187499
v 14.5 13.0 7.187499
v 16.0 13.0 8.624999
v 16.0 16.0 8.624999
v 13.0 16.0 8.624999
v 13.0 13.0 8.624999
v 17.0 -9.0 7.187499
v 14.0 -9.0 7.187499
v 14.0 -12.0 7.187499
v 17.0 -12.0 7.187499
v 14.0 -10.500001 11.75
v 17.0 -10.500001 11.75
v 17.0 -10.5 7.187499
v 14.0 -10.5 7.187499
v 15.5 -12.000001 11.749999
v 15.5 -9.000001 11.75
v 15.5 -9.0 7.187499
v 15.5 -12.0 7.187499
v 17.0 -12.0 8.624999
v 17.0 -9.0 8.624999
v 14.0 -9.0 8.624999
v 14.0 -12.0 8.624999
v 15.0 -9.0 7.3032217
v 15.0 -7.0 7.3032217
v 15.0 -9.0 10.625
v 15.0 -7.0 10.625
v 14.0 -9.0 7.321776
v 16.0 -9.0 7.321776
v 14.0 -7.0 7.321776
v 16.0 -7.0 7.321776
v 14.0 -8.0 7.3032217
v 16.0 -8.0 7.3032217
v 14.0 -8.0 10.625
v 16.0 -8.0 10.625
v 14.0 -9.0 10.018554
v 16.0 -9.0 10.018554
v 14.0 -7.0 10.018554
v 16.0 -7.0 10.018554
v 14.0 -9.0 8.5625
v 16.0 -9.0 8.5625
v 14.0 -7.0 8.5625
v 16.0 -7.0 8.5625
v 15.001953 -6.498437 6.75
v 15.001953 -5.998437 6.0
v 14.001953 -5.998437 6.0
v 14.001953 -6.498437 6.75
v 14.501953 -5.998437 6.75
v 14.001953 -6.998437 6.0
v 14.501952 -6.998437 6.75
v 15.001953 -6.998437 7.0
v 14.001953 -6.998437 7.0
v 15.001953 -5.998437 7.0
v 14.5 2.0 6.75
v 14.0 2.0 6.0
v 14.0 -6.0 6.0
v 14.499999 -6.0 6.75
v 15.0 2.0 7.0
v 15.0 -6.0 7.0
v 14.5 7.0 6.75
v 14.0 7.0 6.0
v 14.0 2.0 6.0
v 14.499999 2.0 6.75
v 15.0 7.0 7.0
v 15.0 2.0 7.0
v 14.498437 8.001953 6.75
v 13.998437 8.001953 6.0
v 13.998437 7.001953 6.0
v 14.498437 7.001953 6.75
v 13.998437 7.501953 6.75
v 14.998437 7.001953 6.0
v 14.998437 7.501952 6.75
v 14.998437 8.001953 7.0
v 14.998437 7.001953 7.0
v 13.998437 8.001953 7.0
v 17.0 11.0 7.187499
v 14.0 11.0 7.187499
v 14.0 8.0 7.187499
v 17.0 8.0 7.187499
v 14.0 9.499999 11.75
v 17.0 9.499999 11.75
v 17.0 9.5 7.187499
v 14.0 9.5 7.187499
v 15.5 7.999999 11.749999
v 15.5 10.999999 11.75
v 15.5 11.0 7.187499
v 15.5 8.0 7.187499
v 17.0 8.0 8.624999
v 17.0 11.0 8.624999
v 14.0 11.0 8.624999
v 14.0 8.0 8.624999
v 15.0 11.0 7.3032217
v 15.0 13.0 7.3032217
v 15.0 11.0 10.625
v 15.0 13.0 10.625
v 14.0 11.0 7.321776
v 16.0 11.0 7.321776
v 14.0 13.0 7.321776
v 16.0 13.0 7.321776
v 14.0 12.0 7.3032217
v 16.0 12.0 7.3032217
v 14.0 12.0 10.625
v 16.0 12.0 10.625
v 14.0 11.0 10.018554
v 16.0 11.0 10.018554
v 14.0 13.0 10.018554
v 16.0 13.0 10.018554
v 14.0 11.0 8.5625
v 16.0 11.0 8.5625
v 14.0 13.0 8.5625
v 16.0 13.0 8.5625
v 18.0 -4.0 7.187499
v 15.0 -4.0 7.187499
v 15.0 -7.0 7.187499
v 18.0 -7.0 7.187499
v 15.0 -5.500001 11.75
v 18.0 -5.500001 11.75
v 18.0 -5.5 7.187499
v 15.0 -5.5 7.187499
v 16.5 -7.000001 11.749999
v 16.5 -4.000001 11.75
v 16.5 -4.0 7.187499
v 16.5 -7.0 7.187499
v 18.0 -7.0 8.624999
v 18.0 -4.0 8.624999
v 15.0 -4.0 8.624999
v 15.0 -7.0 8.624999
v 18.0 -1.0 7.187499
v 15.0 -1.0 7.187499
v 15.0 -4.0 7.187499
v 18.0 -4.0 7.187499
v 15.0 -2.500001 11.75
v 18.0 -2.500001 11.75
v 18.0 -2.5 7.187499
v 15.0 -2.5 7.187499
v 16.5 -4.000001 11.749999
v 16.5 -1.000001 11.75
v 16.5 -1.0 7.187499
v 16.5 -4.0 7.187499
v 18.0 -4.0 8.624999
v 18.0 -1.0 8.624999
v 15.0 -1.0 8.624999
v 15.0 -4.0 8.624999
v 18.0 2.0 7.187499
v 15.0 2.0 7.187499
v 15.0 -1.0 7.187499
v 18.0 -1.0 7.187499
v 15.0 0.49999905 11.75
v 18.0 0.49999905 11.75
v 18.0 0.5 7.187499
v 15.0 0.5 7.187499
v 16.5 -1.000001 11.749999
v 16.5 1.999999 11.75
v 16.5 2.0 7.187499
v 16.5 -1.0 7.187499
v 18.0 -1.0 8.624999
v 18.0 2.0 8.624999
v 15.0 2.0 8.624999
v 15.0 -1.0 8.624999
v 18.0 5.0 7.187499
v 15.0 5.0 7.187499
v 15.0 2.0 7.187499
v 18.0 2.0 7.187499
v 15.0 3.499999 11.75
v 18.0 3.499999 11.75
v 18.0 3.5 7.187499
v 15.0 3.5 7.187499
v 16.5 1.999999 11.749999
v 16.5 4.999999 11.75
v 16.5 5.0 7.187499
v 16.5 2.0 7.187499
v 18.0 2.0 8.624999
v 18.0 5.0 8.624999
v 15.0 5.0 8.624999
v 15.0 2.0 8.624999
v 18.0 8.0 7.187499
v 15.0 8.0 7.187499
v 15.0 5.0 7.187499
v 18.0 5.0 7.187499
v 15.0 6.499999 11.75
v 18.0 6.499999 11.75
v 18.0 6.5 7.187499
v 15.0 6.5 7.187499
v 16.5 4.999999 11.749999
v 16.5 7.999999 11.75
v 16.5 8.0 7.187499
v 16.5 5.0 7.187499
v 18.0 5.0 8.624999
v 18.0 8.0 8.624999
v 15.0 8.0 8.624999
v 15.0 5.0 8.624999
v -8.25 11.75 7.234374
v -12.0 11.75 7.234374
v -12.0 8.0 7.234374
v -8.25 8.0 7.234374
v -12.0 9.874999 12.9375
v -8.25 9.874999 12.9375
v -8.25 9.875 7.234374
v -12.0 9.875 7.234374
v -10.125 7.999999 12.937499
v -10.125 11.749999 12.9375
v -10.125 11.75 7.234374
v -10.125 8.0 7.234374
v -8.25 8.0 9.031249
v -8.25 11.75 9.031249
v -12.0 11.75 9.031249
v -12.0 8.0 9.031249
v 6.75 18.75 7.234374
v 3.0 18.75 7.234374
v 3.0 15.0 7.234374
v 6.75 15.0 7.234374
v 3.0 16.874998 12.9375
v 6.75 16.874998 12.9375
v 6.75 16.875 7.234374
v 3.0 16.875 7.234374
v 4.875 14.999999 12.937499
v 4.875 18.749998 12.9375
v 4.875 18.75 7.234374
v 4.875 15.0 7.234374
v 6.75 15.0 9.031249
v 6.75 18.75 9.031249
v 3.0 18.75 9.031249
v 3.0 15.0 9.031249
v 13.0 13.0 6.187499
v 10.0 13.0 6.187499
v 10.0 10.0 6.187499
v 13.0 10.0 6.187499
v 10.0 11.499999 10.75
v 13.0 11.499999 10.75
v 13.0 11.5 6.187499
v 10.0 11.5 6.187499
v 11.5 9.999999 10.749999
v 11.5 12.999999 10.75
v 11.5 13.0 6.187499
v 11.5 10.0 6.187499
v 13.0 10.0 7.624999
v 13.0 13.0 7.624999
v 10.0 13.0 7.624999
v 10.0 10.0 7.624999
v -13.0 -1.0 6.2
v -14.0 -1.0 6.2
v -14.0 -2.0 6.2
v -13.0 -2.0 6.2
v -14.0 -1.0 6.2
v -13.0 -1.0 6.2
v -13.0 0.0 6.2
v -14.0 0.0 6.2
v -14.0 -1.0 6.2
v -14.0 0.0 6.2
v -14.0 0.0 6.2
v -13.0 0.0 6.2
v -13.0 1.0 6.2
v -14.0 1.0 6.2
v -14.0 0.0 6.2
v -14.0 1.0 6.2
v -14.0 1.0 6.2
v -13.0 1.0 6.2
v -13.0 2.0 6.2
v -14.0 2.0 6.2
v -12.0 -5.0 6.2
v -13.0 -5.0 6.2
v -13.0 -6.0 6.2
v -12.0 -6.0 6.2
v -13.0 -5.0 6.2
v -12.0 -5.0 6.2
v -12.0 -4.0 6.2
v -13.0 -4.0 6.2
v -13.0 -5.0 6.2
v -13.0 -4.0 6.2
v -13.0 -4.0 6.2
v -12.0 -4.0 6.2
v -12.0 -3.0 6.2
v -13.0 -3.0 6.2
v -13.0 -4.0 6.2
v -13.0 -3.0 6.2
v -13.0 -3.0 6.2
v -12.0 -3.0 6.2
v -12.0 -2.0 6.2
v -13.0 -2.0 6.2
v -13.0 -3.0 6.2
v -13.0 -2.0 6.2
v -13.0 -2.0 6.2
v -12.0 -2.0 6.2
v -12.0 -1.0 6.2
v -13.0 -1.0 6.2
v -13.0 -2.0 6.2
v -13.0 -1.0 6.2
v -13.0 -1.0 6.2
v -12.0 -1.0 6.2
v -12.0 0.0 6.2
v -13.0 0.0 6.2
v -13.0 -1.0 6.2
v -13.0 0.0 6.2
v -13.0 0.0 6.2
v -12.0 0.0 6.2
v -12.0 1.0 6.2
v -13.0 1.0 6.2
v -13.0 0.0 6.2
v -13.0 1.0 6.2
v -13.0 1.0 6.2
v -12.0 1.0 6.2
v -12.0 2.0 6.2
v -13.0 2.0 6.2
v -12.0 4.0 5.2
v -13.0 4.0 5.2
v -13.0 3.0 5.2
v -12.0 3.0 5.2
v -13.0 4.0 5.2
v -12.0 4.0 5.2
v -12.0 5.0 5.2
v -13.0 5.0 5.2
v -13.0 4.0 5.2
v -13.0 5.0 5.2
v -13.0 5.0 5.2
v -12.0 5.0 5.2
v -12.0 6.0 5.2
v -13.0 6.0 5.2
v -11.0 -5.0 6.2
v -12.0 -5.0 6.2
v -12.0 -6.0 6.2
v -11.0 -6.0 6.2
v -12.0 -5.0 6.2
v -11.0 -5.0 6.2
v -11.0 -4.0 6.2
v -12.0 -4.0 6.2
v -12.0 -5.0 6.2
v -12.0 -4.0 6.2
v -12.0 -4.0 6.2
v -11.0 -4.0 6.2
v -11.0 -3.0 6.2
v -12.0 -3.0 6.2
v -12.0 -4.0 6.2
v -12.0 -3.0 6.2
v -12.0 -3.0 6.2
v -11.0 -3.0 6.2
v -11.0 -2.0 6.2
v -12.0 -2.0 6.2
v -12.0 -3.0 6.2
v -12.0 -2.0 6.2
v -12.0 -2.0 6.2
v -11.0 -2.0 6.2
v -11.0 -1.0 6.2
v -12.0 -1.0 6.2
v -12.0 -2.0 6.2
v -12.0 -1.0 6.2
v -12.0 -1.0 6.2
v -11.0 -1.0 6.2
v -11.0 0.0 6.2
v -12.0 0.0 6.2
v -12.0 -1.0 6.2
v -12.0 0.0 6.2
v -12.0 0.0 6.2
v -11.0 0.0 6.2
v -11.0 1.0 6.2
v -12.0 1.0 6.2
v -11.0 5.0 5.2
v -12.0 5.0 5.2
v -12.0 4.0 5.2
v -11.0 4.0 5.2
v -12.0 5.0 5.2
v -11.0 5.0 5.2
v -11.0 6.0 5.2
v -12.0 6.0 5.2
v -12.0 5.0 5.2
v -12.0 6.0 5.2
v -12.0 6.0 5.2
v -11.0 6.0 5.2
v -11.0 7.0 5.2
v -12.0 7.0 5.2
v -10.0 -5.0 6.2
v -11.0 -5.0 6.2
v -11.0 -6.0 6.2
v -10.0 -6.0 6.2
v -11.0 -5.0 6.2
v -10.0 -5.0 6.2
v -10.0 -4.0 6.2
v -11.0 -4.0 6.2
v -11.0 -5.0 6.2
v -11.0 -4.0 6.2
v -11.0 -4.0 6.2
v -10.0 -4.0 6.2
v -10.0 -3.0 6.2
v -11.0 -3.0 6.2
v -11.0 -4.0 6.2
v -11.0 -3.0 6.2
v -11.0 -3.0 6.2
v -10.0 -3.0 6.2
v -10.0 -2.0 6.2
v -11.0 -2.0 6.2
v -11.0 -3.0 6.2
v -11.0 -2.0 6.2
v -11.0 -2.0 6.2
v -10.0 -2.0 6.2
v -10.0 -1.0 6.2
v -11.0 -1.0 6.2
v -11.0 -2.0 6.2
v -11.0 -1.0 6.2
v -11.0 -1.0 6.2
v -10.0 -1.0 6.2
v -10.0 0.0 6.2
v -11.0 0.0 6.2
v -11.0 -1.0 6.2
v -11.0 0.0 6.2
v -11.0 0.0 6.2
v -10.0 0.0 6.2
v -10.0 1.0 6.2
v -11.0 1.0 6.2
v -10.0 2.5 6.125001
v -10.5 2.5 6.125001
v -10.5 2.0 6.125001
v -10.0 2.0 6.125001
v -10.0 5.0 5.2
v -11.0 5.0 5.2
v -11.0 4.0 5.2
v -10.0 4.0 5.2
v -11.0 5.0 5.2
v -10.0 5.0 5.2
v -10.0 6.0 5.2
v -11.0 6.0 5.2
v -11.0 5.0 5.2
v -11.0 6.0 5.2
v -11.0 6.0 5.2
v -10.0 6.0 5.2
v -10.0 7.0 5.2
v -11.0 7.0 5.2
v -9.0 -4.0 6.2
v -10.0 -4.0 6.2
v -10.0 -5.0 6.2
v -9.0 -5.0 6.2
v -10.0 -4.0 6.2
v -9.0 -4.0 6.2
v -9.0 -3.0 6.2
v -10.0 -3.0 6.2
v -10.0 -4.0 6.2
v -10.0 -3.0 6.2
v -10.0 -3.0 6.2
v -9.0 -3.0 6.2
v -9.0 -2.0 6.2
v -10.0 -2.0 6.2
v -10.0 -3.0 6.2
v -10.0 -2.0 6.2
v -10.0 -2.0 6.2
v -9.0 -2.0 6.2
v -9.0 -1.0 6.2
v -10.0 -1.0 6.2
v -10.0 -2.0 6.2
v -10.0 -1.0 6.2
v -10.0 -1.0 6.2
v -9.0 -1.0 6.2
v -9.0 0.0 6.2
v -10.0 0.0 6.2
v -10.0 -1.0 6.2
v -10.0 0.0 6.2
v -10.0 0.0 6.2
v -9.0 0.0 6.2
v -9.0 1.0 6.2
v -10.0 1.0 6.2
v -10.0 0.0 6.2
v -10.0 1.0 6.2
v -10.0 1.0 6.2
v -9.0 1.0 6.2
v -9.0 2.0 6.2
v -10.0 2.0 6.2
v -9.0 4.0 5.2
v -10.0 4.0 5.2
v -10.0 3.0 5.2
v -9.0 3.0 5.2
v -10.0 4.0 5.2
v -9.0 4.0 5.2
v -9.0 5.0 5.2
v -10.0 5.0 5.2
v -10.0 4.0 5.2
v -10.0 5.0 5.2
v -10.0 5.0 5.2
v -9.0 5.0 5.2
v -9.0 6.0 5.2
v -10.0 6.0 5.2
v -10.0 5.0 5.2
v -10.0 6.0 5.2
v -10.0 6.0 5.2
v -9.0 6.0 5.2
v -9.0 7.0 5.2
v -10.0 7.0 5.2
v -8.0 4.0 5.2
v -9.0 4.0 5.2
v -9.0 3.0 5.2
v -8.0 3.0 5.2
v -9.0 4.0 5.2
v -8.0 4.0 5.2
v -8.0 5.0 5.2
v -9.0 5.0 5.2
v -9.0 4.0 5.2
v -9.0 5.0 5.2
v -9.0 5.0 5.2
v -8.0 5.0 5.2
v -8.0 6.0 5.2
v -9.0 6.0 5.2
v -9.0 5.0 5.2
v -9.0 6.0 5.2
v -9.0 6.0 5.2
v -8.0 6.0 5.2
v -8.0 7.0 5.2
v -9.0 7.0 5.2
v -7.0 -10.0 6.2
v -8.0 -10.0 6.2
v -8.0 -11.0 6.2
v -7.0 -11.0 6.2
v -8.0 -10.0 6.2
v -7.0 -10.0 6.2
v -7.0 -9.0 6.2
v -8.0 -9.0 6.2
v -7.0 -1.0 5.2
v -8.0 -1.0 5.2
v -8.0 -2.0 5.2
v -7.0 -2.0 5.2
v -8.0 -1.0 5.2
v -7.0 -1.0 5.2
v -7.0 0.0 5.2
v -8.0 0.0 5.2
v -8.0 -1.0 5.2
v -8.0 0.0 5.2
v -8.0 0.0 5.2
v -7.0 0.0 5.2
v -7.0 1.0 5.2
v -8.0 1.0 5.2
v -7.0 2.0 5.2
v -8.0 2.0 5.2
v -8.0 1.0 5.2
v -7.0 1.0 5.2
v -8.0 2.0 5.2
v -7.0 2.0 5.2
v -7.0 3.0 5.2
v -8.0 3.0 5.2
v -8.0 2.0 5.2
v -8.0 3.0 5.2
v -8.0 3.0 5.2
v -7.0 3.0 5.2
v -7.0 4.0 5.2
v -8.0 4.0 5.2
v -8.0 3.0 5.2
v -8.0 4.0 5.2
v -8.0 4.0 5.2
v -7.0 4.0 5.2
v -7.0 5.0 5.2
v -8.0 5.0 5.2
v -8.0 4.0 5.2
v -8.0 5.0 5.2
v -8.0 5.0 5.2
v -7.0 5.0 5.2
v -7.0 6.0 5.2
v -8.0 6.0 5.2
v -8.0 5.0 5.2
v -8.0 6.0 5.2
v -8.0 6.0 5.2
v -7.0 6.0 5.2
v -7.0 7.0 5.2
v -8.0 7.0 5.2
v -6.0 -11.0 6.2
v -7.0 -11.0 6.2
v -7.0 -12.0 6.2
v -6.0 -12.0 6.2
v -7.0 -11.0 6.2
v -6.0 -11.0 6.2
v -6.0 -10.0 6.2
v -7.0 -10.0 6.2
v -7.0 -11.0 6.2
v -7.0 -10.0 6.2
v -7.0 -10.0 6.2
v -6.0 -10.0 6.2
v -6.0 -9.0 6.2
v -7.0 -9.0 6.2
v -6.0 4.0 5.2
v -7.0 4.0 5.2
v -7.0 3.0 5.2
v -6.0 3.0 5.2
v -7.0 4.0 5.2
v -6.0 4.0 5.2
v -6.0 5.0 5.2
v -7.0 5.0 5.2
v -7.0 4.0 5.2
v -7.0 5.0 5.2
v -7.0 5.0 5.2
v -6.0 5.0 5.2
v -6.0 6.0 5.2
v -7.0 6.0 5.2
v -7.0 5.0 5.2
v -7.0 6.0 5.2
v -7.0 6.0 5.2
v -6.0 6.0 5.2
v -6.0 7.0 5.2
v -7.0 7.0 5.2
v -5.0 -11.0 6.2
v -6.0 -11.0 6.2
v -6.0 -12.0 6.2
v -5.0 -12.0 6.2
v -6.0 -11.0 6.2
v -5.0 -11.0 6.2
v -5.0 -10.0 6.2
v -6.0 -10.0 6.2
v -6.0 -11.0 6.2
v -6.0 -10.0 6.2
v -6.0 -10.0 6.2
v -5.0 -10.0 6.2
v -5.0 -9.0 6.2
v -6.0 -9.0 6.2
v -5.0 5.0 5.2
v -6.0 5.0 5.2
v -6.0 4.0 5.2
v -5.0 4.0 5.2
v -6.0 5.0 5.2
v -5.0 5.0 5.2
v -5.0 6.0 5.2
v -6.0 6.0 5.2
v -4.0 -13.0 6.2
v -5.0 -13.0 6.2
v -5.0 -14.0 6.2
v -4.0 -14.0 6.2
v -5.0 -13.0 6.2
v -4.0 -13.0 6.2
v -4.0 -12.0 6.2
v -5.0 -12.0 6.2
v -5.0 -13.0 6.2
v -5.0 -12.0 6.2
v -5.0 -12.0 6.2
v -4.0 -12.0 6.2
v -4.0 -11.0 6.2
v -5.0 -11.0 6.2
v -5.0 -12.0 6.2
v -5.0 -11.0 6.2
v -5.0 -11.0 6.2
v -4.0 -11.0 6.2
v -4.0 -10.0 6.2
v -5.0 -10.0 6.2
v -5.0 -11.0 6.2
v -5.0 -10.0 6.2
v -5.0 -10.0 6.2
v -4.0 -10.0 6.2
v -4.0 -9.0 6.2
v -5.0 -9.0 6.2
v -3.0 -13.0 6.2
v -4.0 -13.0 6.2
v -4.0 -14.0 6.2
v -3.0 -14.0 6.2
v -4.0 -13.0 6.2
v -3.0 -13.0 6.2
v -3.0 -12.0 6.2
v -4.0 -12.0 6.2
v -4.0 -13.0 6.2
v -4.0 -12.0 6.2
v -4.0 -12.0 6.2
v -3.0 -12.0 6.2
v -3.0 -11.0 6.2
v -4.0 -11.0 6.2
v -4.0 -12.0 6.2
v -4.0 -11.0 6.2
v -4.0 -11.0 6.2
v -3.0 -11.0 6.2
v -3.0 -10.0 6.2
v -4.0 -10.0 6.2
v -2.0 -13.0 6.2
v -3.0 -13.0 6.2
v -3.0 -14.0 6.2
v -2.0 -14.0 6.2
v -3.0 -13.0 6.2
v -2.0 -13.0 6.2
v -2.0 -12.0 6.2
v -3.0 -12.0 6.2
v -3.0 -13.0 6.2
v -3.0 -12.0 6.2
v -3.0 -12.0 6.2
v -2.0 -12.0 6.2
v -2.0 -11.0 6.2
v -3.0 -11.0 6.2
v -3.0 -12.0 6.2
v -3.0 -11.0 6.2
v -3.0 -11.0 6.2
v -2.0 -11.0 6.2
v -2.0 -10.0 6.2
v -3.0 -10.0 6.2
v -1.0 -13.0 6.2
v -2.0 -13.0 6.2
v -2.0 -14.0 6.2
v -1.0 -14.0 6.2
v -2.0 -13.0 6.2
v -1.0 -13.0 6.2
v -1.0 -12.0 6.2
v -2.0 -12.0 6.2
v -2.0 -13.0 6.2
v -2.0 -12.0 6.2
v -2.0 -12.0 6.2
v -1.0 -12.0 6.2
v -1.0 -11.0 6.2
v -2.0 -11.0 6.2
v -2.0 -12.0 6.2
v -2.0 -11.0 6.2
v -2.0 -11.0 6.2
v -1.0 -11.0 6.2
v -1.0 -10.0 6.2
v -2.0 -10.0 6.2
v 0.0 -13.0 6.2
v -1.0 -13.0 6.2
v -1.0 -14.0 6.2
v 0.0 -14.0 6.2
v -1.0 -13.0 6.2
v 0.0 -13.0 6.2
v 0.0 -12.0 6.2
v -1.0 -12.0 6.2
v -1.0 -13.0 6.2
v -1.0 -12.0 6.2
v -1.0 -12.0 6.2
v 0.0 -12.0 6.2
v 0.0 -11.0 6.2
v -1.0 -11.0 6.2
v -1.0 -12.0 6.2
v -1.0 -11.0 6.2
v -1.0 -11.0 6.2
v 0.0 -11.0 6.2
v 0.0 -10.0 6.2
v -1.0 -10.0 6.2
v 1.0 -13.0 6.2
v 0.0 -13.0 6.2
v 0.0 -14.0 6.2
v 1.0 -14.0 6.2
v 0.0 -13.0 6.2
v 1.0 -13.0 6.2
v 1.0 -12.0 6.2
v 0.0 -12.0 6.2
v 0.0 -13.0 6.2
v 0.0 -12.0 6.2
v 0.0 -12.0 6.2
v 1.0 -12.0 6.2
v 1.0 -11.0 6.2
v 0.0 -11.0 6.2
v 0.0 -12.0 6.2
v 0.0 -11.0 6.2
v 0.0 -11.0 6.2
v 1.0 -11.0 6.2
v 1.0 -10.0 6.2
v 0.0 -10.0 6.2
v 2.0 -13.0 6.2
v 1.0 -13.0 6.2
v 1.0 -14.0 6.2
v 2.0 -14.0 6.2
v 1.0 -13.0 6.2
v 2.0 -13.0 6.2
v 2.0 -12.0 6.2
v 1.0 -12.0 6.2
v 1.0 -13.0 6.2
v 1.0 -12.0 6.2
v 1.0 -12.0 6.2
v 2.0 -12.0 6.2
v 2.0 -11.0 6.2
v 1.0 -11.0 6.2
v 1.0 -12.0 6.2
v 1.0 -11.0 6.2
v 1.0 -11.0 6.2
v 2.0 -11.0 6.2
v 2.0 -10.0 6.2
v 1.0 -10.0 6.2
v 2.0 1.0 4.2
v 1.0 1.0 4.2
v 1.0 0.0 4.2
v 2.0 0.0 4.2
v 1.0 1.0 4.2
v 2.0 1.0 4.2
v 2.0 2.0 4.2
v 1.0 2.0 4.2
v 1.0 1.0 4.2
v 1.0 2.0 4.2
v 1.0 2.0 4.2
v 2.0 2.0 4.2
v 2.0 3.0 4.2
v 1.0 3.0 4.2
v 3.0 -12.0 6.2
v 2.0 -12.0 6.2
v 2.0 -13.0 6.2
v 3.0 -13.0 6.2
v 2.0 -12.0 6.2
v 3.0 -12.0 6.2
v 3.0 -11.0 6.2
v 2.0 -11.0 6.2
v 2.0 -12.0 6.2
v 2.0 -11.0 6.2
v 2.0 -11.0 6.2
v 3.0 -11.0 6.2
v 3.0 -10.0 6.2
v 2.0 -10.0 6.2
v 3.0 1.0 4.2
v 2.0 1.0 4.2
v 2.0 0.0 4.2
v 3.0 0.0 4.2
v 2.0 1.0 4.2
v 3.0 1.0 4.2
v 3.0 2.0 4.2
v 2.0 2.0 4.2
v 4.0 -12.0 6.2
v 3.0 -12.0 6.2
v 3.0 -13.0 6.2
v 4.0 -13.0 6.2
v 3.0 -12.0 6.2
v 4.0 -12.0 6.2
v 4.0 -11.0 6.2
v 3.0 -11.0 6.2
v 3.0 -12.0 6.2
v 3.0 -11.0 6.2
v 3.0 -11.0 6.2
v 4.0 -11.0 6.2
v 4.0 -10.0 6.2
v 3.0 -10.0 6.2
v 4.0 1.0 4.2
v 3.0 1.0 4.2
v 3.0 0.0 4.2
v 4.0 0.0 4.2
v 3.0 1.0 4.2
v 4.0 1.0 4.2
v 4.0 2.0 4.2
v 3.0 2.0 4.2
v 5.0 -12.0 6.2
v 4.0 -12.0 6.2
v 4.0 -13.0 6.2
v 5.0 -13.0 6.2
v 4.0 -12.0 6.2
v 5.0 -12.0 6.2
v 5.0 -11.0 6.2
v 4.0 -11.0 6.2
v 4.0 -12.0 6.2
v 4.0 -11.0 6.2
v 4.0 -11.0 6.2
v 5.0 -11.0 6.2
v 5.0 -10.0 6.2
v 4.0 -10.0 6.2
v 5.0 1.0 4.2
v 4.0 1.0 4.2
v 4.0 0.0 4.2
v 5.0 0.0 4.2
v 4.0 1.0 4.2
v 5.0 1.0 4.2
v 5.0 2.0 4.2
v 4.0 2.0 4.2
v 6.0 -12.0 6.2
v 5.0 -12.0 6.2
v 5.0 -13.0 6.2
v 6.0 -13.0 6.2
v 5.0 -12.0 6.2
v 6.0 -12.0 6.2
v 6.0 -11.0 6.2
v 5.0 -11.0 6.2
v 5.0 -12.0 6.2
v 5.0 -11.0 6.2
v 5.0 -11.0 6.2
v 6.0 -11.0 6.2
v 6.0 -10.0 6.2
v 5.0 -10.0 6.2
v 6.0 0.0 4.2
v 5.0 0.0 4.2
v 5.0 -1.0 4.2
v 6.0 -1.0 4.2
v 5.0 0.0 4.2
v 6.0 0.0 4.2
v 6.0 1.0 4.2
v 5.0 1.0 4.2
v 5.0 0.0 4.2
v 5.0 1.0 4.2
v 5.0 1.0 4.2
v 6.0 1.0 4.2
v 6.0 2.0 4.2
v 5.0 2.0 4.2
v 5.0 1.0 4.2
v 5.0 2.0 4.2
v 5.0 2.0 4.2
v 6.0 2.0 4.2
v 6.0 3.0 4.2
v 5.0 3.0 4.2
v 7.0 -11.0 6.2
v 6.0 -11.0 6.2
v 6.0 -12.0 6.2
v 7.0 -12.0 6.2
v 6.0 -11.0 6.2
v 7.0 -11.0 6.2
v 7.0 -10.0 6.2
v 6.0 -10.0 6.2
v 6.0 -11.0 6.2
v 6.0 -10.0 6.2
v 6.0 -10.0 6.2
v 7.0 -10.0 6.2
v 7.0 -9.0 6.2
v 6.0 -9.0 6.2
v 7.0 0.0 4.2
v 6.0 0.0 4.2
v 6.0 -1.0 4.2
v 7.0 -1.0 4.2
v 6.0 0.0 4.2
v 7.0 0.0 4.2
v 7.0 1.0 4.2
v 6.0 1.0 4.2
v 6.0 0.0 4.2
v 6.0 1.0 4.2
v 6.0 1.0 4.2
v 7.0 1.0 4.2
v 7.0 2.0 4.2
v 6.0 2.0 4.2
v 6.0 1.0 4.2
v 6.0 2.0 4.2
v 6.0 2.0 4.2
v 7.0 2.0 4.2
v 7.0 3.0 4.2
v 6.0 3.0 4.2
v 8.0 -11.0 6.2
v 7.0 -11.0 6.2
v 7.0 -12.0 6.2
v 8.0 -12.0 6.2
v 7.0 -11.0 6.2
v 8.0 -11.0 6.2
v 8.0 -10.0 6.2
v 7.0 -10.0 6.2
v 7.0 -11.0 6.2
v 7.0 -10.0 6.2
v 7.0 -10.0 6.2
v 8.0 -10.0 6.2
v 8.0 -9.0 6.2
v 7.0 -9.0 6.2
v 9.0 -11.0 6.2
v 8.0 -11.0 6.2
v 8.0 -12.0 6.2
v 9.0 -12.0 6.2
v 8.0 -11.0 6.2
v 9.0 -11.0 6.2
v 9.0 -10.0 6.2
v 8.0 -10.0 6.2
v 8.0 -11.0 6.2
v 8.0 -10.0 6.2
v 8.0 -10.0 6.2
v 9.0 -10.0 6.2
v 9.0 -9.0 6.2
v 8.0 -9.0 6.2
v 10.0 -11.0 6.2
v 9.0 -11.0 6.2
v 9.0 -12.0 6.2
v 10.0 -12.0 6.2
v 9.0 -11.0 6.2
v 10.0 -11.0 6.2
v 10.0 -10.0 6.2
v 9.0 -10.0 6.2
v 9.0 -11.0 6.2
v 9.0 -10.0 6.2
v 9.0 -10.0 6.2
v 10.0 -10.0 6.2
v 10.0 -9.0 6.2
v 9.0 -9.0 6.2
v 10.0 6.0 6.2
v 9.0 6.0 6.2
v 9.0 5.0 6.2
v 10.0 5.0 6.2
v 9.0 6.0 6.2
v 10.0 6.0 6.2
v 10.0 7.0 6.2
v 9.0 7.0 6.2
v 9.0 6.0 6.2
v 9.0 7.0 6.2
v 9.0 7.0 6.2
v 10.0 7.0 6.2
v 10.0 8.0 6.2
v 9.0 8.0 6.2
v 9.0 7.0 6.2
v 9.0 8.0 6.2
v 9.0 8.0 6.2
v 10.0 8.0 6.2
v 10.0 9.0 6.2
v 9.0 9.0 6.2
v 11.0 -7.0 6.2
v 10.0 -7.0 6.2
v 10.0 -8.0 6.2
v 11.0 -8.0 6.2
v 10.0 -7.0 6.2
v 11.0 -7.0 6.2
v 11.0 -6.0 6.2
v 10.0 -6.0 6.2
v 10.0 -7.0 6.2
v 10.0 -6.0 6.2
v 10.0 -6.0 6.2
v 11.0 -6.0 6.2
v 11.0 -5.0 6.2
v 10.0 -5.0 6.2
v 10.0 -6.0 6.2
v 10.0 -5.0 6.2
v 10.0 -5.0 6.2
v 11.0 -5.0 6.2
v 11.0 -4.0 6.2
v 10.0 -4.0 6.2
v 11.0 6.0 6.2
v 10.0 6.0 6.2
v 10.0 5.0 6.2
v 11.0 5.0 6.2
v 10.0 6.0 6.2
v 11.0 6.0 6.2
v 11.0 7.0 6.2
v 10.0 7.0 6.2
v 10.0 6.0 6.2
v 10.0 7.0 6.2
v 10.0 7.0 6.2
v 11.0 7.0 6.2
v 11.0 8.0 6.2
v 10.0 8.0 6.2
v 10.0 7.0 6.2
v 10.0 8.0 6.2
v 10.0 8.0 6.2
v 11.0 8.0 6.2
v 11.0 9.0 6.2
v 10.0 9.0 6.2
v 10.0 8.0 6.2
v 10.0 9.0 6.2
v 10.0 9.0 6.2
v 11.0 9.0 6.2
v 11.0 10.0 6.2
v 10.0 10.0 6.2
v 10.0 9.0 6.2
v 10.0 10.0 6.2
v 10.0 10.0 6.2
v 11.0 10.0 6.2
v 11.0 11.0 6.2
v 10.0 11.0 6.2
v 12.0 -6.0 6.2
v 11.0 -6.0 6.2
v 11.0 -7.0 6.2
v 12.0 -7.0 6.2
v 11.0 -6.0 6.2
v 12.0 -6.0 6.2
v 12.0 -5.0 6.2
v 11.0 -5.0 6.2
v 11.0 -6.0 6.2
v 11.0 -5.0 6.2
v 11.0 -5.0 6.2
v 12.0 -5.0 6.2
v 12.0 -4.0 6.2
v 11.0 -4.0 6.2
v 11.0 -5.0 6.2
v 11.0 -4.0 6.2
v 11.0 -4.0 6.2
v 12.0 -4.0 6.2
v 12.0 -3.0 6.2
v 11.0 -3.0 6.2
v 11.0 -4.0 6.2
v 11.0 -3.0 6.2
v 11.0 -3.0 6.2
v 12.0 -3.0 6.2
v 12.0 -2.0 6.2
v 11.0 -2.0 6.2
v 11.0 -3.0 6.2
v 11.0 -2.0 6.2
v 11.0 -2.0 6.2
v 12.0 -2.0 6.2
v 12.0 -1.0 6.2
v 11.0 -1.0 6.2
v 11.0 -2.0 6.2
v 11.0 -1.0 6.2
v 11.0 -1.0 6.2
v 12.0 -1.0 6.2
v 12.0 0.0 6.2
v 11.0 0.0 6.2
v 11.0 -1.0 6.2
v 11.0 0.0 6.2
v 11.0 0.0 6.2
v 12.0 0.0 6.2
v 12.0 1.0 6.2
v 11.0 1.0 6.2
v 11.0 0.0 6.2
v 11.0 1.0 6.2
v 11.0 1.0 6.2
v 12.0 1.0 6.2
v 12.0 2.0 6.2
v 11.0 2.0 6.2
v 11.0 1.0 6.2
v 11.0 2.0 6.2
v 11.0 2.0 6.2
v 12.0 2.0 6.2
v 12.0 3.0 6.2
v 11.0 3.0 6.2
v 11.0 2.0 6.2
v 11.0 3.0 6.2
v 11.0 3.0 6.2
v 12.0 3.0 6.2
v 12.0 4.0 6.2
v 11.0 4.0 6.2
v 11.0 3.0 6.2
v 11.0 4.0 6.2
v 11.0 4.0 6.2
v 12.0 4.0 6.2
v 12.0 5.0 6.2
v 11.0 5.0 6.2
v 11.0 4.0 6.2
v 11.0 5.0 6.2
v 11.0 5.0 6.2
v 12.0 5.0 6.2
v 12.0 6.0 6.2
v 11.0 6.0 6.2
v 11.0 5.0 6.2
v 11.0 6.0 6.2
v 11.0 6.0 6.2
v 12.0 6.0 6.2
v 12.0 7.0 6.2
v 11.0 7.0 6.2
v 11.0 6.0 6.2
v 11.0 7.0 6.2
v 11.0 7.0 6.2
v 12.0 7.0 6.2
v 12.0 8.0 6.2
v 11.0 8.0 6.2
v 11.0 7.0 6.2
v 11.0 8.0 6.2
v 11.0 8.0 6.2
v 12.0 8.0 6.2
v 12.0 9.0 6.2
v 11.0 9.0 6.2
v 11.0 8.0 6.2
v 11.0 9.0 6.2
v 11.0 9.0 6.2
v 12.0 9.0 6.2
v 12.0 10.0 6.2
v 11.0 10.0 6.2
v 11.0 9.0 6.2
v 11.0 10.0 6.2
v 11.0 10.0 6.2
v 12.0 10.0 6.2
v 12.0 11.0 6.2
v 11.0 11.0 6.2
v 13.0 -7.0 6.2
v 12.0 -7.0 6.2
v 12.0 -8.0 6.2
v 13.0 -8.0 6.2
v 12.0 -7.0 6.2
v 13.0 -7.0 6.2
v 13.0 -6.0 6.2
v 12.0 -6.0 6.2
v 12.0 -7.0 6.2
v 12.0 -6.0 6.2
v 12.0 -6.0 6.2
v 13.0 -6.0 6.2
v 13.0 -5.0 6.2
v 12.0 -5.0 6.2
v 12.0 -6.0 6.2
v 12.0 -5.0 6.2
v 12.0 -5.0 6.2
v 13.0 -5.0 6.2
v 13.0 -4.0 6.2
v 12.0 -4.0 6.2
v 12.0 -5.0 6.2
v 12.0 -4.0 6.2
v 12.0 -4.0 6.2
v 13.0 -4.0 6.2
v 13.0 -3.0 6.2
v 12.0 -3.0 6.2
v 12.0 -4.0 6.2
v 12.0 -3.0 6.2
v 12.0 -3.0 6.2
v 13.0 -3.0 6.2
v 13.0 -2.0 6.2
v 12.0 -2.0 6.2
v 12.0 -3.0 6.2
v 12.0 -2.0 6.2
v 12.0 -2.0 6.2
v 13.0 -2.0 6.2
v 13.0 -1.0 6.2
v 12.0 -1.0 6.2
v 12.0 -2.0 6.2
v 12.0 -1.0 6.2
v 12.0 -1.0 6.2
v 13.0 -1.0 6.2
v 13.0 0.0 6.2
v 12.0 0.0 6.2
v 12.0 -1.0 6.2
v 12.0 0.0 6.2
v 12.0 0.0 6.2
v 13.0 0.0 6.2
v 13.0 1.0 6.2
v 12.0 1.0 6.2
v 12.0 0.0 6.2
v 12.0 1.0 6.2
v 12.0 1.0 6.2
v 13.0 1.0 6.2
v 13.0 2.0 6.2
v 12.0 2.0 6.2
v 12.0 1.0 6.2
v 12.0 2.0 6.2
v 12.0 2.0 6.2
v 13.0 2.0 6.2
v 13.0 3.0 6.2
v 12.0 3.0 6.2
v 12.0 2.0 6.2
v 12.0 3.0 6.2
v 12.0 3.0 6.2
v 13.0 3.0 6.2
v 13.0 4.0 6.2
v 12.0 4.0 6.2
v 12.0 3.0 6.2
v 12.0 4.0 6.2
v 12.0 4.0 6.2
v 13.0 4.0 6.2
v 13.0 5.0 6.2
v 12.0 5.0 6.2
v 12.0 4.0 6.2
v 12.0 5.0 6.2
v 12.0 5.0 6.2
v 13.0 5.0 6.2
v 13.0 6.0 6.2
v 12.0 6.0 6.2
v 12.0 5.0 6.2
v 12.0 6.0 6.2
v 12.0 6.0 6.2
v 13.0 6.0 6.2
v 13.0 7.0 6.2
v 12.0 7.0 6.2
v 12.0 6.0 6.2
v 12.0 7.0 6.2
v 12.0 7.0 6.2
v 13.0 7.0 6.2
v 13.0 8.0 6.2
v 12.0 8.0 6.2
v 12.0 7.0 6.2
v 12.0 8.0 6.2
v 12.0 8.0 6.2
v 13.0 8.0 6.2
v 13.0 9.0 6.2
v 12.0 9.0 6.2
v 12.0 8.0 6.2
v 12.0 9.0 6.2
v 12.0 9.0 6.2
v 13.0 9.0 6.2
v 13.0 10.0 6.2
v 12.0 10.0 6.2
v 12.0 9.0 6.2
v 12.0 10.0 6.2
v 12.0 10.0 6.2
v 13.0 10.0 6.2
v 13.0 11.0 6.2
v 12.0 11.0 6.2
v 14.0 -5.0 6.2
v 13.0 -5.0 6.2
v 13.0 -6.0 6.2
v 14.0 -6.0 6.2
v 13.0 -5.0 6.2
v 14.0 -5.0 6.2
v 14.0 -4.0 6.2
v 13.0 -4.0 6.2
v 13.0 -5.0 6.2
v 13.0 -4.0 6.2
v 13.0 -4.0 6.2
v 14.0 -4.0 6.2
v 14.0 -3.0 6.2
v 13.0 -3.0 6.2
v 13.0 -4.0 6.2
v 13.0 -3.0 6.2
v 13.0 -3.0 6.2
v 14.0 -3.0 6.2
v 14.0 -2.0 6.2
v 13.0 -2.0 6.2
v 13.0 -3.0 6.2
v 13.0 -2.0 6.2
v 13.0 -2.0 6.2
v 14.0 -2.0 6.2
v 14.0 -1.0 6.2
v 13.0 -1.0 6.2
v 13.0 -2.0 6.2
v 13.0 -1.0 6.2
v 13.0 -1.0 6.2
v 14.0 -1.0 6.2
v 14.0 0.0 6.2
v 13.0 0.0 6.2
v 13.0 -1.0 6.2
v 13.0 0.0 6.2
v 13.0 0.0 6.2
v 14.0 0.0 6.2
v 14.0 1.0 6.2
v 13.0 1.0 6.2
v 13.0 0.0 6.2
v 13.0 1.0 6.2
v 13.0 1.0 6.2
v 14.0 1.0 6.2
v 14.0 2.0 6.2
v 13.0 2.0 6.2
v 13.0 1.0 6.2
v 13.0 2.0 6.2
v 13.0 2.0 6.2
v 14.0 2.0 6.2
v 14.0 3.0 6.2
v 13.0 3.0 6.2
v 13.0 2.0 6.2
v 13.0 3.0 6.2
v 13.0 3.0 6.2
v 14.0 3.0 6.2
v 14.0 4.0 6.2
v 13.0 4.0 6.2
v 13.0 3.0 6.2
v 13.0 4.0 6.2
v 13.0 4.0 6.2
v 14.0 4.0 6.2
v 14.0 5.0 6.2
v 13.0 5.0 6.2
v 13.0 4.0 6.2
v 13.0 5.0 6.2
v 13.0 5.0 6.2
v 14.0 5.0 6.2
v 14.0 6.0 6.2
v 13.0 6.0 6.2
v 13.0 5.0 6.2
v 13.0 6.0 6.2
v 13.0 6.0 6.2
v 14.0 6.0 6.2
v 14.0 7.0 6.2
v 13.0 7.0 6.2
vt 0.5 2.0
vt 0.0 2.0
vt 0.0 0.0
vt 0.5 0.0
vt 0.25 4.0
vt 0.0 4.0
vt 0.0 2.0
vt 0.25 2.0
vt 0.25 6.0
vt 0.0 6.0
vt 0.0 4.0
vt 0.25 4.0
vt 0.25 8.0
vt 0.0 8.0
vt 0.0 6.0
vt 0.25 6.0
vt 0.5 3.25
vt 0.25 3.25
vt 0.25 2.0
vt 0.5 2.0
vt 0.25 3.25
vt 0.5 3.25
vt 0.5 5.25
vt 0.25 5.25
vt 0.5 6.25
vt 0.25 6.25
vt 0.25 5.25
vt 0.5 5.25
vt 2.25 8.0
vt 0.25 8.0
vt 0.25 6.25
vt 2.25 6.25
vt 2.5 0.25
vt 0.5 0.25
vt 0.5 0.0
vt 2.5 0.0
vt 0.75 1.75
vt 0.5 1.75
vt 0.5 0.25
vt 0.75 0.25
vt 1.75 3.75
vt 0.5 3.75
vt 0.5 1.75
vt 1.75 1.75
vt 1.75 4.5
vt 0.5 4.5
vt 0.5 3.75
vt 1.75 3.75
vt 2.25 6.0
vt 0.5 6.0
vt 0.5 4.5
vt 2.25 4.5
vt 0.5 6.0
vt 2.5 6.0
vt 2.5 6.25
vt 0.5 6.25
vt 1.25 0.75
vt 0.75 0.75
vt 0.75 0.25
vt 1.25 0.25
vt 2.75 1.75
vt 0.75 1.75
vt 0.75 0.75
vt 2.75 0.75
vt 3.25 0.75
vt 1.25 0.75
vt 1.25 0.25
vt 3.25 0.25
vt 2.0 3.0
vt 1.75 3.0
vt 1.75 1.75
vt 2.0 1.75
vt 2.25 4.5
vt 1.75 4.5
vt 1.75 3.0
vt 2.25 3.0
vt 2.25 3.0
vt 2.0 3.0
vt 2.0 1.75
vt 2.25 1.75
vt 3.25 2.0
vt 2.25 2.0
vt 2.25 1.75
vt 3.25 1.75
vt 2.5 4.0
vt 2.25 4.0
vt 2.25 2.0
vt 2.5 2.0
vt 2.25 4.0
vt 2.5 4.0
vt 2.5 4.75
vt 2.25 4.75
vt 4.0 6.0
vt 2.25 6.0
vt 2.25 4.75
vt 4.0 4.75
vt 2.5 8.0
vt 2.25 8.0
vt 2.25 6.25
vt 2.5 6.25
vt 4.5 0.25
vt 2.5 0.25
vt 2.5 0.0
vt 4.5 0.0
vt 3.5 2.25
vt 2.5 2.25
vt 2.5 2.0
vt 3.5 2.0
vt 2.5 2.25
vt 2.75 2.25
vt 2.75 4.25
vt 2.5 4.25
vt 2.5 4.5
vt 4.25 4.25
vt 4.25 4.5
vt 2.5 4.25
vt 2.5 4.5
vt 4.5 4.5
vt 4.5 4.75
vt 2.5 4.75
vt 4.0 6.5
vt 2.5 6.5
vt 2.5 6.0
vt 4.0 6.0
vt 3.5 8.0
vt 2.5 8.0
vt 2.5 6.5
vt 3.5 6.5
vt 2.75 1.5
vt 2.75 0.75
vt 4.75 1.5
vt 4.75 0.75
vt 3.0 1.75
vt 2.75 1.75
vt 2.75 1.5
vt 3.0 1.5
vt 2.75 2.5
vt 2.75 2.25
vt 4.75 2.5
vt 4.75 2.25
vt 2.75 2.5
vt 3.0 2.5
vt 3.0 4.25
vt 2.75 4.25
vt 5.0 1.75
vt 3.0 1.75
vt 3.0 1.5
vt 5.0 1.5
vt 4.5 3.25
vt 3.0 3.25
vt 3.0 2.5
vt 4.5 2.5
vt 3.75 4.0
vt 3.0 4.0
vt 3.0 3.25
vt 3.75 3.25
vt 3.0 4.0
vt 4.0 4.0
vt 4.0 4.25
vt 3.0 4.25
vt 3.25 0.75
vt 3.25 0.25
vt 5.25 0.75
vt 5.25 0.25
vt 3.25 2.0
vt 3.25 1.75
vt 5.25 2.0
vt 5.25 1.75
vt 5.0 2.25
vt 3.5 2.25
vt 3.5 2.0
vt 5.0 2.0
vt 3.5 6.5
vt 5.5 6.5
vt 5.5 7.75
vt 3.5 7.75
vt 5.5 8.0
vt 3.5 8.0
vt 3.5 7.75
vt 5.5 7.75
vt 4.0 4.0
vt 3.75 4.0
vt 3.75 3.25
vt 4.0 3.25
vt 4.5 3.5
vt 4.0 3.5
vt 4.0 3.25
vt 4.5 3.25
vt 4.0 4.0
vt 4.0 3.5
vt 5.25 4.0
vt 5.25 3.5
vt 4.25 4.25
vt 4.0 4.0
vt 4.0 4.25
vt 4.25 4.0
vt 6.0 5.0
vt 4.0 5.0
vt 4.0 4.75
vt 6.0 4.75
vt 4.0 5.0
vt 6.0 5.0
vt 6.0 5.25
vt 4.0 5.25
vt 5.75 6.25
vt 5.75 5.25
vt 4.0 6.25
vt 4.0 5.25
vt 6.0 6.5
vt 4.0 6.5
vt 4.0 6.25
vt 6.0 6.25
vt 6.25 4.5
vt 4.25 4.5
vt 4.25 4.0
vt 6.25 4.0
vt 6.5 0.25
vt 4.5 0.25
vt 4.5 0.0
vt 6.5 0.0
vt 6.0 3.5
vt 4.5 3.5
vt 4.5 2.5
vt 6.0 2.5
vt 4.5 4.5
vt 6.5 4.5
vt 6.5 4.75
vt 4.5 4.75
vt 6.75 1.5
vt 4.75 1.5
vt 4.75 0.75
vt 6.75 0.75
vt 6.0 2.5
vt 6.0 2.25
vt 4.75 2.5
vt 4.75 2.25
vt 5.5 1.75
vt 5.0 1.75
vt 5.0 1.5
vt 5.5 1.5
vt 5.0 2.25
vt 5.0 2.0
vt 6.25 2.25
vt 6.25 2.0
vt 7.25 0.75
vt 5.25 0.75
vt 5.25 0.25
vt 7.25 0.25
vt 6.5 2.0
vt 6.5 1.75
vt 5.25 2.0
vt 5.25 1.75
vt 6.5 4.0
vt 6.5 3.5
vt 5.25 4.0
vt 5.25 3.5
vt 7.5 1.75
vt 5.5 1.75
vt 5.5 1.5
vt 7.5 1.5
vt 5.5 6.5
vt 7.5 6.5
vt 7.5 7.25
vt 5.5 7.25
vt 5.5 7.5
vt 7.25 7.25
vt 7.25 7.5
vt 5.5 7.25
vt 5.5 7.5
vt 6.0 7.5
vt 6.0 7.75
vt 5.5 7.75
vt 7.5 8.0
vt 5.5 8.0
vt 5.5 7.75
vt 7.5 7.75
vt 5.75 5.25
vt 7.75 5.25
vt 7.75 6.0
vt 5.75 6.0
vt 5.75 6.25
vt 7.5 6.0
vt 7.5 6.25
vt 5.75 6.0
vt 6.0 3.5
vt 6.0 2.25
vt 6.25 3.5
vt 6.25 2.25
vt 6.5 5.0
vt 6.0 5.0
vt 6.0 4.75
vt 6.5 4.75
vt 6.75 5.25
vt 6.0 5.0
vt 6.0 5.25
vt 6.75 5.0
vt 7.5 6.5
vt 6.0 6.5
vt 6.0 6.25
vt 7.5 6.25
vt 6.0 7.5
vt 8.0 7.5
vt 8.0 7.75
vt 6.0 7.75
vt 6.5 3.25
vt 6.5 2.0
vt 6.25 3.25
vt 6.25 2.0
vt 6.5 3.5
vt 6.5 3.25
vt 6.25 3.5
vt 6.25 3.25
vt 6.5 4.5
vt 6.5 4.0
vt 6.25 4.5
vt 6.25 4.0
vt 8.0 0.25
vt 6.5 0.25
vt 6.5 0.0
vt 8.0 0.0
vt 7.5 3.0
vt 6.5 3.0
vt 6.5 1.75
vt 7.5 1.75
vt 6.5 5.0
vt 6.5 3.0
vt 6.75 5.0
vt 6.75 3.0
vt 7.25 1.5
vt 6.75 1.5
vt 6.75 0.75
vt 7.25 0.75
vt 7.75 5.0
vt 6.75 5.0
vt 6.75 3.0
vt 7.75 3.0
vt 7.75 5.25
vt 6.75 5.25
vt 6.75 5.0
vt 7.75 5.0
vt 8.0 1.0
vt 8.0 0.25
vt 7.25 1.0
vt 7.25 0.25
vt 7.5 1.5
vt 7.5 1.0
vt 7.25 1.5
vt 7.25 1.0
vt 8.0 7.5
vt 7.25 7.25
vt 7.25 7.5
vt 8.0 7.25
vt 8.0 2.25
vt 7.5 2.25
vt 7.5 1.0
vt 8.0 1.0
vt 7.5 3.0
vt 7.5 2.25
vt 7.75 3.0
vt 7.75 2.25
vt 7.5 6.0
vt 8.0 6.0
vt 8.0 7.25
vt 7.5 7.25
vt 8.0 8.0
vt 7.5 8.0
vt 7.5 7.75
vt 8.0 7.75
vt 7.75 4.25
vt 8.0 2.25
vt 8.0 4.25
vt 7.75 2.25
vt 8.0 6.0
vt 7.75 4.25
vt 7.75 6.0
vt 8.0 4.25
vt 0.0 0.0
vt 0.0 -1.0
vt 2.0 -1.0
vt 2.0 0.0
vt 1.06E-4 2.2E-5
vt 1.08E-4 -0.999978
vt 2.000106 -0.999978
vt 2.000006 -1.42E-4
vt 0.0 0.001992
vt 2.0 0.001992
vt 2.0 0.998008
vt 0.0 0.998008
vt 0.0 0.0
vt 0.5 -1.0
vt 1.0 0.0
vt 0.0 -1.0
vt 1.0 -1.0
vt 0.500579 -8.2E-5
vt 0.0 -0.999918
vt 1.0 -0.999918
vt 0.0 0.001992
vt 1.0 0.001992
vt 1.0 0.998008
vt 0.0 0.998008
vt 0.0 0.0
vt 0.0 -1.0
vt 1.0 -1.0
vt 1.0 0.0
vt 0.0 0.0
vt 0.0 -1.0
vt 1.0 -1.0
vt 1.0 0.0
vt 5.3E-5 0.0
vt 5.4E-5 -0.999978
vt 1.000053 -0.999978
vt 1.000003 0.0
vt 5.3E-5 0.0
vt 5.4E-5 -0.999978
vt 1.000053 -0.999978
vt 1.000003 0.0
vt 0.0 0.0
vt 0.0 -1.0
vt 8.0 -1.0
vt 8.0 0.0
vt 0.0 -6.0E-5
vt 0.0 -1.0
vt 8.000424 -1.0
vt 8.000024 -6.0E-5
vt 0.0 0.0
vt 0.0 -1.0
vt 2.0 -1.0
vt 2.0 0.0
vt 0.0 -6.0E-5
vt 0.0 -1.0
vt 2.000106 -1.0
vt 2.000006 -6.0E-5
vt 0.0 0.0
vt 0.0 -1.0
vt 1.0 -1.0
vt 1.0 0.0
vt 0.0 0.0
vt 0.0 -1.0
vt 1.0 -1.0
vt 1.0 0.0
vt 5.3E-5 0.0
vt 5.4E-5 -0.999978
vt 1.000053 -0.999978
vt 1.000003 0.0
vt 5.3E-5 0.0
vt 5.4E-5 -0.999978
vt 1.000053 -0.999978
vt 1.000003 0.0
vt 0.0 0.0
vt 0.0 -1.0
vt 1.0 -1.0
vt 1.0 0.0
vt 0.0 0.0
vt 0.0 -1.0
vt 1.0 -1.0
vt 1.0 0.0
vt 5.3E-5 0.0
vt 5.4E-5 -0.999978
vt 1.000053 -0.999978
vt 1.000003 0.0
vt 5.3E-5 0.0
vt 5.4E-5 -0.999978
vt 1.000053 -0.999978
vt 1.000003 0.0
vt 0.0 0.0
vt 0.0 -1.0
vt 5.0 -1.0
vt 5.0 0.0
vt 0.0 -6.0E-5
vt 0.0 -1.0
vt 5.000265 -1.0
vt 5.000015 -6.0E-5
vt 0.0 0.0
vt 0.5 -1.0
vt 1.0 0.0
vt 0.0 -1.0
vt 1.0 -1.0
vt 0.500579 -8.2E-5
vt 0.0 -0.999918
vt 1.0 -0.999918
vt 0.0 0.0
vt 0.0 -1.0
vt 1.0 -1.0
vt 1.0 0.0
vt 0.0 0.0
vt 0.0 -1.0
vt 1.0 -1.0
vt 1.0 0.0
vt 5.3E-5 0.0
vt 5.4E-5 -0.999978
vt 1.000053 -0.999978
vt 1.000003 0.0
vt 5.3E-5 0.0
vt 5.4E-5 -0.999978
vt 1.000053 -0.999978
vt 1.000003 0.0
vt 0.0 0.0
vt 0.0 -1.0
vt 4.0 -1.0
vt 4.0 0.0
vt 0.0 -6.0E-5
vt 0.0 -1.0
vt 4.000212 -1.0
vt 4.000012 -6.0E-5
vt 0.0 0.0
vt 0.0 -1.0
vt 1.0 -1.0
vt 1.0 0.0
vt 0.0 0.0
vt 0.0 -1.0
vt 1.0 -1.0
vt 1.0 0.0
vt 5.3E-5 0.0
vt 5.4E-5 -0.999978
vt 1.000053 -0.999978
vt 1.000003 0.0
vt 5.3E-5 0.0
vt 5.4E-5 -0.999978
vt 1.000053 -0.999978
vt 1.000003 0.0
vt 8.000024 -6.0E-5
vt 0.0 0.0
vt 0.0 -1.0
vt 8.0 -1.0
vt 8.0 0.0
vt 8.000424 -1.0
vt 0.0 -6.0E-5
vt 0.0 0.0
vt 1.0 0.0
vt 1.0 1.0
vt 0.0 1.0
vt 0.0 0.0
vt 1.0 0.0
vt 1.0 1.0
vt 0.0 1.0
vt 0.0 0.0
vt 1.0 0.0
vt 1.0 1.0
vt 0.0 1.0
vt 0.0 0.0
vt 1.0 0.0
vt 1.0 1.0
vt 0.0 1.0
vt 0.0 0.0
vt 1.0 0.0
vt 1.0 1.0
vt 0.0 1.0
vt 0.0 0.0
vt 0.0 -1.0
vt 1.0 -1.0
vt 1.0 0.0
vt 0.0 0.0
vt 0.0 -1.0
vt 1.0 -1.0
vt 1.0 0.0
vt 5.3E-5 0.0
vt 5.4E-5 -0.999978
vt 1.000053 -0.999978
vt 1.000003 0.0
vt 5.3E-5 0.0
vt 5.4E-5 -0.999978
vt 1.000053 -0.999978
vt 1.000003 0.0
vt 0.0 0.0
vt 0.0 -1.0
vt 3.0 -1.0
vt 3.0 0.0
vt 0.0 -6.0E-5
vt 0.0 -1.0
vt 3.0001593 -1.0
vt 3.000009 -6.0E-5
vt 0.0 0.0
vt 0.5 -1.0
vt 1.0 0.0
vt 0.0 -1.0
vt 1.0 -1.0
vt 0.500579 -8.2E-5
vt 0.0 -0.999918
vt 1.0 -0.999918
vt 0.0 0.0
vt 0.0 -1.0
vt 1.0 -1.0
vt 1.0 0.0
vt 0.0 -6.0E-5
vt 0.0 -1.0
vt 1.000053 -1.0
vt 1.000003 -6.0E-5
vt 8.000024 -6.0E-5
vt 0.0 0.0
vt 0.0 -1.0
vt 8.0 -1.0
vt 8.0 0.0
vt 8.000424 -1.0
vt 0.0 -6.0E-5
vt 0.0 0.0
vt 0.0 -1.0
vt 1.0 -1.0
vt 1.0 0.0
vt 0.0 -6.0E-5
vt 0.0 -1.0
vt 1.000053 -1.0
vt 1.000003 -6.0E-5
vt 0.0 -1.0
vt -1.0 -1.0
vt -1.0 -2.0
vt 0.0 -2.0
vt 0.0 0.0
vt 0.0 -1.0
vt -1.0 -1.0
vt -1.0 0.0
vt 0.0 0.0
vt -1.0 0.0
vt -1.0 -1.0
vt 0.0 -1.0
vt 0.0 -2.0
vt 0.0 -1.0
vt -1.0 -1.0
vt -1.0 -2.0
vt -1.890625 -0.0625
vt -1.984375 -0.0625
vt -1.984375 -0.4375
vt -1.890625 -0.4375
vt -1.980469 -0.546875
vt -1.980469 -0.703125
vt -1.894531 -0.703125
vt -1.894531 -0.546875
vt -0.835938 0.0
vt -0.375 0.0
vt -0.375 -0.4375
vt -0.835938 -0.4375
vt -0.835938 -0.4375
vt -0.375 -0.4375
vt -0.375 -4.0
vt -0.835938 -4.0
vt -1.9375 -0.875
vt -1.9375 -0.875
vt -1.9375 -0.875
vt -1.9375 -0.875
vt -1.9375 -0.875
vt -1.9375 -0.875
vt -1.9375 -0.875
vt -1.9375 -0.875
vt -1.980469 -0.546875
vt -1.980469 -0.703125
vt -1.894531 -0.703125
vt -1.894531 -0.546875
vt -1.890625 -0.0625
vt -1.984375 -0.0625
vt -1.984375 -0.4375
vt -1.890625 -0.4375
vt -1.9375 -0.875
vt -1.9375 -0.875
vt -1.9375 -0.875
vt -1.9375 -0.875
vt -1.9375 -0.875
vt -1.9375 -0.875
vt -1.9375 -0.875
vt -1.9375 -0.875
vt -0.835938 -0.4375
vt -0.835938 -4.0
vt -0.835938 0.0
vt -0.835938 -0.4375
vt 0.0 0.0
vt 0.0 -1.0
vt 1.0 -1.0
vt 1.0 0.0
vt 0.0 0.0
vt 0.0 -1.0
vt 1.0 -1.0
vt 1.0 0.0
vt 5.3E-5 0.0
vt 5.4E-5 -0.999978
vt 1.000053 -0.999978
vt 1.000003 0.0
vt 5.3E-5 0.0
vt 5.4E-5 -0.999978
vt 1.000053 -0.999978
vt 1.000003 0.0
vt 0.0 0.0
vt 0.0 -1.0
vt 1.0 -1.0
vt 1.0 0.0
vt 0.0 -6.0E-5
vt 0.0 -1.0
vt 1.000053 -1.0
vt 1.000003 -6.0E-5
vt 0.0 0.0
vt 0.5 -1.0
vt 1.0 0.0
vt 0.0 -1.0
vt 1.0 -1.0
vt 0.500579 -8.2E-5
vt 0.0 -0.999918
vt 1.0 -0.999918
vt 0.0 -1.0
vt -1.0 -1.0
vt -1.0 -2.0
vt 0.0 -2.0
vt 0.0 0.0
vt 0.0 -1.0
vt -1.0 -1.0
vt -1.0 0.0
vt 0.0 0.0
vt -1.0 0.0
vt -1.0 -1.0
vt 0.0 -1.0
vt 0.0 -2.0
vt 0.0 -1.0
vt -1.0 -1.0
vt -1.0 -2.0
vt 0.0 0.0
vt 0.0 -1.0
vt 8.0 -1.0
vt 8.0 0.0
vt 0.0 -6.0E-5
vt 0.0 -1.0
vt 8.000424 -1.0
vt 8.000024 -6.0E-5
vt 0.0 0.0
vt 0.0 -1.0
vt 1.0 -1.0
vt 1.0 0.0
vt 0.0 -6.0E-5
vt 0.0 -1.0
vt 1.000053 -1.0
vt 1.000003 -6.0E-5
vt 0.0 0.0
vt 0.0 -1.0
vt 1.0 -1.0
vt 1.0 0.0
vt 0.0 0.0
vt 0.0 -1.0
vt 1.0 -1.0
vt 1.0 0.0
vt 5.3E-5 0.0
vt 5.4E-5 -0.999978
vt 1.000053 -0.999978
vt 1.000003 0.0
vt 5.3E-5 0.0
vt 5.4E-5 -0.999978
vt 1.000053 -0.999978
vt 1.000003 0.0
vt 0.0 0.0
vt 0.0 -1.0
vt 5.0 -1.0
vt 5.0 0.0
vt 0.0 -6.0E-5
vt 0.0 -1.0
vt 5.000265 -1.0
vt 5.000015 -6.0E-5
vt 0.0 0.0
vt 0.5 -1.0
vt 1.0 0.0
vt 0.0 -1.0
vt 1.0 -1.0
vt 0.500579 -8.2E-5
vt 0.0 -0.999918
vt 1.0 -0.999918
vt 0.0 0.0
vt 0.0 -1.0
vt 1.0 -1.0
vt 1.0 0.0
vt 0.0 0.0
vt 0.0 -1.0
vt 1.0 -1.0
vt 1.0 0.0
vt 5.3E-5 0.0
vt 5.4E-5 -0.999978
vt 1.000053 -0.999978
vt 1.000003 0.0
vt 5.3E-5 0.0
vt 5.4E-5 -0.999978
vt 1.000053 -0.999978
vt 1.000003 0.0
vt 0.0 0.0
vt 0.0 -1.0
vt 4.0 -1.0
vt 4.0 0.0
vt 0.0 -6.0E-5
vt 0.0 -1.0
vt 4.000212 -1.0
vt 4.000012 -6.0E-5
vt 0.0 0.0
vt 0.5 -1.0
vt 1.0 0.0
vt 0.0 -1.0
vt 1.0 -1.0
vt 0.500579 -8.2E-5
vt 0.0 -0.999918
vt 1.0 -0.999918
vt 0.0 0.0
vt 1.0 0.0
vt 1.0 1.0
vt 0.0 1.0
vt 0.0 0.0
vt 1.0 0.0
vt 1.0 1.0
vt 0.0 1.0
vt 0.0 0.0
vt 1.0 0.0
vt 1.0 1.0
vt 0.0 1.0
vt 0.0 0.0
vt 1.0 0.0
vt 1.0 1.0
vt 0.0 1.0
vt 0.0 0.0
vt 1.0 0.0
vt 1.0 1.0
vt 0.0 1.0
vt 0.0 -1.0
vt -1.0 -1.0
vt -1.0 -2.0
vt 0.0 -2.0
vt 0.0 0.0
vt 0.0 -1.0
vt -1.0 -1.0
vt -1.0 0.0
vt 0.0 0.0
vt -1.0 0.0
vt -1.0 -1.0
vt 0.0 -1.0
vt 0.0 -2.0
vt 0.0 -1.0
vt -1.0 -1.0
vt -1.0 -2.0
vt 0.0 0.0
vt 0.0 -1.0
vt 3.0 -1.0
vt 3.0 0.0
vt 0.0 -6.0E-5
vt 0.0 -1.0
vt 3.0001593 -1.0
vt 3.000009 -6.0E-5
vt 0.0 0.0
vt 0.0 -1.0
vt 1.0 -1.0
vt 1.0 0.0
vt 0.0 0.0
vt 0.0 -1.0
vt 1.0 -1.0
vt 1.0 0.0
vt 5.3E-5 0.0
vt 5.4E-5 -0.999978
vt 1.000053 -0.999978
vt 1.000003 0.0
vt 5.3E-5 0.0
vt 5.4E-5 -0.999978
vt 1.000053 -0.999978
vt 1.000003 0.0
vt 0.0 0.0
vt 0.0 -1.0
vt 8.0 -1.0
vt 8.0 0.0
vt 0.0 -6.0E-5
vt 0.0 -1.0
vt 8.000424 -1.0
vt 8.000024 -6.0E-5
vt 0.0 0.0
vt 0.0 -1.0
vt 1.0 -1.0
vt 1.0 0.0
vt 0.0 -6.0E-5
vt 0.0 -1.0
vt 1.000053 -1.0
vt 1.000003 -6.0E-5
vt 0.0 0.0
vt 0.0 -1.0
vt 1.0 -1.0
vt 1.0 0.0
vt 0.0 0.0
vt 0.0 -1.0
vt 1.0 -1.0
vt 1.0 0.0
vt 5.3E-5 0.0
vt 5.4E-5 -0.999978
vt 1.000053 -0.999978
vt 1.000003 0.0
vt 5.3E-5 0.0
vt 5.4E-5 -0.999978
vt 1.000053 -0.999978
vt 1.000003 0.0
vt 0.0 0.0
vt 0.0 -1.0
vt 3.0 -1.0
vt 3.0 0.0
vt 0.0 -6.0E-5
vt 0.0 -1.0
vt 3.0001593 -1.0
vt 3.000009 -6.0E-5
vt 0.0 0.0
vt 0.0 -1.0
vt 1.0 -1.0
vt 1.0 0.0
vt 0.0 0.0
vt 0.0 -1.0
vt 1.0 -1.0
vt 1.0 0.0
vt 5.3E-5 0.0
vt 5.4E-5 -0.999978
vt 1.000053 -0.999978
vt 1.000003 0.0
vt 5.3E-5 0.0
vt 5.4E-5 -0.999978
vt 1.000053 -0.999978
vt 1.000003 0.0
vt 0.0 0.0
vt 0.0 -1.0
vt 7.0 -1.0
vt 7.0 0.0
vt 0.0 -6.0E-5
vt 0.0 -1.0
vt 7.0003715 -1.0
vt 7.000021 -6.0E-5
vt 0.0 0.0
vt 0.0 -1.0
vt 1.0 -1.0
vt 1.0 0.0
vt 0.0 0.0
vt 0.0 -1.0
vt 1.0 -1.0
vt 1.0 0.0
vt 5.3E-5 0.0
vt 5.4E-5 -0.999978
vt 1.000053 -0.999978
vt 1.000003 0.0
vt 5.3E-5 0.0
vt 5.4E-5 -0.999978
vt 1.000053 -0.999978
vt 1.000003 0.0
vt 6.000018 -6.0E-5
vt 0.0 0.0
vt 0.0 -1.0
vt 6.0 -1.0
vt 6.0 0.0
vt 6.0003185 -1.0
vt 0.0 -6.0E-5
vt 0.0 0.0
vt 0.5 -1.0
vt 1.0 0.0
vt 0.0 -1.0
vt 1.0 -1.0
vt 0.500579 -8.2E-5
vt 0.0 -0.999918
vt 1.0 -0.999918
vt 0.0 0.0
vt 0.0 -1.0
vt 1.0 -1.0
vt 1.0 0.0
vt 0.0 0.0
vt 0.0 -1.0
vt 1.0 -1.0
vt 1.0 0.0
vt 5.3E-5 0.0
vt 5.4E-5 -0.999978
vt 1.000053 -0.999978
vt 1.000003 0.0
vt 5.3E-5 0.0
vt 5.4E-5 -0.999978
vt 1.000053 -0.999978
vt 1.000003 0.0
vt 0.0 0.0
vt 0.0 -1.0
vt 3.0 -1.0
vt 3.0 0.0
vt 0.0 -6.0E-5
vt 0.0 -1.0
vt 3.0001593 -1.0
vt 3.000009 -6.0E-5
vt 0.0 0.0
vt 0.0 -1.0
vt 1.0 -1.0
vt 1.0 0.0
vt 0.0 0.0
vt 0.0 -1.0
vt 1.0 -1.0
vt 1.0 0.0
vt 5.3E-5 0.0
vt 5.4E-5 -0.999978
vt 1.000053 -0.999978
vt 1.000003 0.0
vt 5.3E-5 0.0
vt 5.4E-5 -0.999978
vt 1.000053 -0.999978
vt 1.000003 0.0
vt 0.0 0.0
vt 0.0 -1.0
vt 5.0 -1.0
vt 5.0 0.0
vt 0.0 -6.0E-5
vt 0.0 -1.0
vt 5.000265 -1.0
vt 5.000015 -6.0E-5
vt 0.0 0.0
vt 0.0 -1.0
vt 1.0 -1.0
vt 1.0 0.0
vt 0.0 0.0
vt 0.0 -1.0
vt 1.0 -1.0
vt 1.0 0.0
vt 5.3E-5 0.0
vt 5.4E-5 -0.999978
vt 1.000053 -0.999978
vt 1.000003 0.0
vt 5.3E-5 0.0
vt 5.4E-5 -0.999978
vt 1.000053 -0.999978
vt 1.000003 0.0
vt 5.000015 -6.0E-5
vt 0.0 0.0
vt 0.0 -1.0
vt 5.0 -1.0
vt 5.0 0.0
vt 5.000265 -1.0
vt 0.0 -6.0E-5
vt 0.0 -1.0
vt -1.0 -1.0
vt -1.0 -2.0
vt 0.0 -2.0
vt 0.0 0.0
vt 0.0 -1.0
vt -1.0 -1.0
vt -1.0 0.0
vt 0.0 0.0
vt -1.0 0.0
vt -1.0 -1.0
vt 0.0 -1.0
vt 0.0 -2.0
vt 0.0 -1.0
vt -1.0 -1.0
vt -1.0 -2.0
vt 5.000015 -6.0E-5
vt 0.0 0.0
vt 0.0 -1.0
vt 5.0 -1.0
vt 5.0 0.0
vt 5.000265 -1.0
vt 0.0 -6.0E-5
vt 3.000009 -6.0E-5
vt 0.0 0.0
vt 0.0 -1.0
vt 3.0 -1.0
vt 3.0 0.0
vt 3.0001593 -1.0
vt 0.0 -6.0E-5
vt 0.0 -1.0
vt -1.0 -1.0
vt -1.0 -2.0
vt 0.0 -2.0
vt 0.0 0.0
vt 0.0 -1.0
vt -1.0 -1.0
vt -1.0 0.0
vt 0.0 0.0
vt -1.0 0.0
vt -1.0 -1.0
vt 0.0 -1.0
vt 0.0 -2.0
vt 0.0 -1.0
vt -1.0 -1.0
vt -1.0 -2.0
vt 0.0 0.0
vt 0.0 -1.0
vt 1.0 -1.0
vt 1.0 0.0
vt 0.0 0.0
vt 0.0 -1.0
vt 1.0 -1.0
vt 1.0 0.0
vt 5.3E-5 0.0
vt 5.4E-5 -0.999978
vt 1.000053 -0.999978
vt 1.000003 0.0
vt 5.3E-5 0.0
vt 5.4E-5 -0.999978
vt 1.000053 -0.999978
vt 1.000003 0.0
vt 0.0 0.0
vt 0.5 -1.0
vt 1.0 0.0
vt 0.0 -1.0
vt 1.0 -1.0
vt 0.500579 -8.2E-5
vt 0.0 -0.999918
vt 1.0 -0.999918
vt 0.0 0.0
vt 0.0 -1.0
vt 5.0 -1.0
vt 5.0 0.0
vt 0.0 -6.0E-5
vt 0.0 -1.0
vt 5.000265 -1.0
vt 5.000015 -6.0E-5
vt 0.0 0.0
vt 0.0 -1.0
vt 1.0 -1.0
vt 1.0 0.0
vt 0.0 0.0
vt 0.0 -1.0
vt 1.0 -1.0
vt 1.0 0.0
vt 5.3E-5 0.0
vt 5.4E-5 -0.999978
vt 1.000053 -0.999978
vt 1.000003 0.0
vt 5.3E-5 0.0
vt 5.4E-5 -0.999978
vt 1.000053 -0.999978
vt 1.000003 0.0
vt 0.0 0.0
vt 0.0 -1.0
vt 1.0 -1.0
vt 1.0 0.0
vt 0.0 -6.0E-5
vt 0.0 -1.0
vt 1.000053 -1.0
vt 1.000003 -6.0E-5
vt 0.0 0.0
vt 0.0 -1.0
vt 1.0 -1.0
vt 1.0 0.0
vt 0.0 0.0
vt 0.0 -1.0
vt 1.0 -1.0
vt 1.0 0.0
vt 5.3E-5 0.0
vt 5.4E-5 -0.999978
vt 1.000053 -0.999978
vt 1.000003 0.0
vt 5.3E-5 0.0
vt 5.4E-5 -0.999978
vt 1.000053 -0.999978
vt 1.000003 0.0
vt 3.000009 -6.0E-5
vt 0.0 0.0
vt 0.0 -1.0
vt 3.0 -1.0
vt 3.0 0.0
vt 3.0001593 -1.0
vt 0.0 -6.0E-5
vt 0.0 0.0
vt 0.0 -1.0
vt 8.0 -1.0
vt 8.0 0.0
vt 0.0 -6.0E-5
vt 0.0 -1.0
vt 8.000424 -1.0
vt 8.000024 -6.0E-5
vt 0.0 0.0
vt 0.0 -1.0
vt 1.0 -1.0
vt 1.0 0.0
vt 0.0 0.0
vt 0.0 -1.0
vt 1.0 -1.0
vt 1.0 0.0
vt 5.3E-5 0.0
vt 5.4E-5 -0.999978
vt 1.000053 -0.999978
vt 1.000003 0.0
vt 5.3E-5 0.0
vt 5.4E-5 -0.999978
vt 1.000053 -0.999978
vt 1.000003 0.0
vt 0.0 0.0
vt 0.5 -1.0
vt 1.0 0.0
vt 0.0 -1.0
vt 1.0 -1.0
vt 0.500579 -8.2E-5
vt 0.0 -0.999918
vt 1.0 -0.999918
vt 0.12163 0.084896
vt 0.027474 0.179052
vt 0.375 0.5
vt 0.625 0.75
vt 0.12163 0.084896
vt 0.12163 0.179052
vt 0.027474 0.084896
vt 0.027474 0.179052
vt 0.625 0.5
vt 0.0 0.25
vt 0.125 0.25
vt 0.125 0.5
vt 0.0 0.5
vt 0.027474 0.084896
vt 0.12163 0.179052
vt 0.003115 0.514336
vt 0.121457 0.514336
vt 0.121457 0.987706
vt 0.003115 0.987706
vt 0.375 0.75
vt 0.033307 0.071835
vt 0.095558 0.071835
vt 0.095558 0.196337
vt 0.033307 0.196337
vt 0.375 2.5
vt 0.375 -1.0
vt 0.125 -1.0
vt 0.125 2.5
vt 0.125 -1.0
vt 0.375 -1.0
vt 0.375 2.5
vt 0.125 2.5
vt 0.145155 0.528649
vt 0.604845 0.528649
vt 0.604845 0.988339
vt 0.145155 0.988339
vt 0.604845 0.528649
vt 0.145155 0.528649
vt 0.145155 0.988339
vt 0.604845 0.988339
vt 0.003115 0.514336
vt 0.121457 0.514336
vt 0.121457 0.987706
vt 0.003115 0.987706
vt 0.0 0.25
vt 0.125 0.25
vt 0.125 0.5
vt 0.0 0.5
vt 0.375 0.5
vt 0.625 0.5
vt 0.625 0.75
vt 0.375 0.75
vt 0.033307 0.071835
vt 0.095558 0.071835
vt 0.095558 0.196337
vt 0.033307 0.196337
vt 0.027474 0.084896
vt 0.12163 0.084896
vt 0.12163 0.179052
vt 0.027474 0.179052
vt 0.027474 0.084896
vt 0.12163 0.084896
vt 0.12163 0.179052
vt 0.027474 0.179052
vt 1.000003 -6.0E-5
vt 0.0 0.0
vt 0.0 -1.0
vt 1.0 -1.0
vt 1.0 0.0
vt 1.000053 -1.0
vt 0.0 -6.0E-5
vt 0.0 0.0
vt 0.0 -1.0
vt 4.0 -1.0
vt 4.0 0.0
vt 0.0 -6.0E-5
vt 0.0 -1.0
vt 4.000212 -1.0
vt 4.000012 -6.0E-5
vt 0.0 0.0
vt 0.0 -1.0
vt 6.0 -1.0
vt 6.0 0.0
vt 0.0 -6.0E-5
vt 0.0 -1.0
vt 6.0003185 -1.0
vt 6.000018 -6.0E-5
vt 0.0 0.0
vt 0.0 -1.0
vt 1.0 -1.0
vt 1.0 0.0
vt 0.0 0.0
vt 0.0 -1.0
vt 1.0 -1.0
vt 1.0 0.0
vt 5.3E-5 0.0
vt 5.4E-5 -0.999978
vt 1.000053 -0.999978
vt 1.000003 0.0
vt 5.3E-5 0.0
vt 5.4E-5 -0.999978
vt 1.000053 -0.999978
vt 1.000003 0.0
vt 0.0 0.0
vt 0.5 -1.0
vt 1.0 0.0
vt 0.0 -1.0
vt 1.0 -1.0
vt 0.500579 -8.2E-5
vt 0.0 -0.999918
vt 1.0 -0.999918
vt 0.0 0.0
vt 0.0 -1.0
vt 1.0 -1.0
vt 1.0 0.0
vt 0.0 0.0
vt 0.0 -1.0
vt 1.0 -1.0
vt 1.0 0.0
vt 5.3E-5 0.0
vt 5.4E-5 -0.999978
vt 1.000053 -0.999978
vt 1.000003 0.0
vt 5.3E-5 0.0
vt 5.4E-5 -0.999978
vt 1.000053 -0.999978
vt 1.000003 0.0
vt 0.0 0.0
vt 0.0 -1.0
vt 1.0 -1.0
vt 1.0 0.0
vt 0.0 -6.0E-5
vt 0.0 -1.0
vt 1.000053 -1.0
vt 1.000003 -6.0E-5
vt 0.0 0.0
vt 0.0 -1.0
vt 1.0 -1.0
vt 1.0 0.0
vt 0.0 0.0
vt 0.0 -1.0
vt 1.0 -1.0
vt 1.0 0.0
vt 5.3E-5 0.0
vt 5.4E-5 -0.999978
vt 1.000053 -0.999978
vt 1.000003 0.0
vt 5.3E-5 0.0
vt 5.4E-5 -0.999978
vt 1.000053 -0.999978
vt 1.000003 0.0
vt 0.0 0.0
vt 0.5 -1.0
vt 1.0 0.0
vt 0.0 -1.0
vt 1.0 -1.0
vt 0.500579 -8.2E-5
vt 0.0 -0.999918
vt 1.0 -0.999918
vt 0.0 0.0
vt 0.0 -1.0
vt 1.0 -1.0
vt 1.0 0.0
vt 0.0 -6.0E-5
vt 0.0 -1.0
vt 1.000053 -1.0
vt 1.000003 -6.0E-5
vt -1.890625 -0.0625
vt -1.984375 -0.0625
vt -1.984375 -0.4375
vt -1.890625 -0.4375
vt -1.980469 -0.546875
vt -1.980469 -0.703125
vt -1.894531 -0.703125
vt -1.894531 -0.546875
vt -0.835938 0.0
vt -0.375 0.0
vt -0.375 -0.4375
vt -0.835938 -0.4375
vt -0.835938 -0.4375
vt -0.375 -0.4375
vt -0.375 -4.0
vt -0.835938 -4.0
vt -1.9375 -0.875
vt -1.9375 -0.875
vt -1.9375 -0.875
vt -1.9375 -0.875
vt -1.9375 -0.875
vt -1.9375 -0.875
vt -1.9375 -0.875
vt -1.9375 -0.875
vt -1.980469 -0.546875
vt -1.980469 -0.703125
vt -1.894531 -0.703125
vt -1.894531 -0.546875
vt -1.890625 -0.0625
vt -1.984375 -0.0625
vt -1.984375 -0.4375
vt -1.890625 -0.4375
vt -1.9375 -0.875
vt -1.9375 -0.875
vt -1.9375 -0.875
vt -1.9375 -0.875
vt -1.9375 -0.875
vt -1.9375 -0.875
vt -1.9375 -0.875
vt -1.9375 -0.875
vt -0.835938 -0.4375
vt -0.835938 -4.0
vt -0.835938 0.0
vt -0.835938 -0.4375
vt 0.0 0.0
vt 0.0 -1.0
vt 1.0 -1.0
vt 1.0 0.0
vt 0.0 -6.0E-5
vt 0.0 -1.0
vt 1.000053 -1.0
vt 1.000003 -6.0E-5
vt 0.0 0.0
vt 0.0 -1.0
vt 1.0 -1.0
vt 1.0 0.0
vt 0.0 0.0
vt 0.0 -1.0
vt 1.0 -1.0
vt 1.0 0.0
vt 5.3E-5 0.0
vt 5.4E-5 -0.999978
vt 1.000053 -0.999978
vt 1.000003 0.0
vt 5.3E-5 0.0
vt 5.4E-5 -0.999978
vt 1.000053 -0.999978
vt 1.000003 0.0
vt 0.0 0.0
vt 1.0 0.0
vt 1.0 1.0
vt 0.0 1.0
vt 0.0 0.0
vt 1.0 0.0
vt 1.0 1.0
vt 0.0 1.0
vt 0.0 0.0
vt 1.0 0.0
vt 1.0 1.0
vt 0.0 1.0
vt 0.0 0.0
vt 1.0 0.0
vt 1.0 1.0
vt 0.0 1.0
vt 0.0 0.0
vt 1.0 0.0
vt 1.0 1.0
vt 0.0 1.0
vt 0.0 0.0
vt 0.0 -1.0
vt 4.0 -1.0
vt 4.0 0.0
vt 0.0 -6.0E-5
vt 0.0 -1.0
vt 4.000212 -1.0
vt 4.000012 -6.0E-5
vt 0.0 0.0
vt 0.5 -1.0
vt 1.0 0.0
vt 0.0 -1.0
vt 1.0 -1.0
vt 0.500579 -8.2E-5
vt 0.0 -0.999918
vt 1.0 -0.999918
vt 0.0 0.0
vt 0.0 -1.0
vt 2.0 -1.0
vt 2.0 0.0
vt 0.0 -6.0E-5
vt 0.0 -1.0
vt 2.000106 -1.0
vt 2.000006 -6.0E-5
vt 0.0 0.0
vt 0.0 -1.0
vt 1.0 -1.0
vt 1.0 0.0
vt 0.0 0.0
vt 0.0 -1.0
vt 1.0 -1.0
vt 1.0 0.0
vt 5.3E-5 0.0
vt 5.4E-5 -0.999978
vt 1.000053 -0.999978
vt 1.000003 0.0
vt 5.3E-5 0.0
vt 5.4E-5 -0.999978
vt 1.000053 -0.999978
vt 1.000003 0.0
vt 8.000024 -6.0E-5
vt 0.0 0.0
vt 0.0 -1.0
vt 8.0 -1.0
vt 8.0 0.0
vt 8.000424 -1.0
vt 0.0 -6.0E-5
vt 1.000003 -6.0E-5
vt 0.0 0.0
vt 0.0 -1.0
vt 1.0 -1.0
vt 1.0 0.0
vt 1.000053 -1.0
vt 0.0 -6.0E-5
vt 0.0 0.0
vt 0.5 -1.0
vt 1.0 0.0
vt 0.0 -1.0
vt 1.0 -1.0
vt 0.500579 -8.2E-5
vt 0.0 -0.999918
vt 1.0 -0.999918
vt 0.0 0.0
vt 0.0 -1.0
vt 1.0 -1.0
vt 1.0 0.0
vt 0.0 -6.0E-5
vt 0.0 -1.0
vt 1.000053 -1.0
vt 1.000003 -6.0E-5
vt 0.0 0.0
vt 0.0 -1.0
vt 1.0 -1.0
vt 1.0 0.0
vt 0.0 0.0
vt 0.0 -1.0
vt 1.0 -1.0
vt 1.0 0.0
vt 5.3E-5 0.0
vt 5.4E-5 -0.999978
vt 1.000053 -0.999978
vt 1.000003 0.0
vt 5.3E-5 0.0
vt 5.4E-5 -0.999978
vt 1.000053 -0.999978
vt 1.000003 0.0
vt 0.0 0.0
vt 0.5 -1.0
vt 1.0 0.0
vt 0.0 -1.0
vt 1.0 -1.0
vt 0.500579 -8.2E-5
vt 0.0 -0.999918
vt 1.0 -0.999918
vt 0.0 0.0
vt 0.0 -1.0
vt 1.0 -1.0
vt 1.0 0.0
vt 0.0 0.0
vt 0.0 -1.0
vt 1.0 -1.0
vt 1.0 0.0
vt 5.3E-5 0.0
vt 5.4E-5 -0.999978
vt 1.000053 -0.999978
vt 1.000003 0.0
vt 5.3E-5 0.0
vt 5.4E-5 -0.999978
vt 1.000053 -0.999978
vt 1.000003 0.0
vt 0.0 0.0
vt 0.5 -1.0
vt 1.0 0.0
vt 0.0 -1.0
vt 1.0 -1.0
vt 0.500579 -8.2E-5
vt 0.0 -0.999918
vt 1.0 -0.999918
vt 0.0 0.0
vt 0.0 -1.0
vt 1.0 -1.0
vt 1.0 0.0
vt 0.0 0.0
vt 0.0 -1.0
vt 1.0 -1.0
vt 1.0 0.0
vt 5.3E-5 0.0
vt 5.4E-5 -0.999978
vt 1.000053 -0.999978
vt 1.000003 0.0
vt 5.3E-5 0.0
vt 5.4E-5 -0.999978
vt 1.000053 -0.999978
vt 1.000003 0.0
vt 0.0 -1.0
vt -1.0 -1.0
vt -1.0 -2.0
vt 0.0 -2.0
vt 0.0 0.0
vt 0.0 -1.0
vt -1.0 -1.0
vt -1.0 0.0
vt 0.0 0.0
vt -1.0 0.0
vt -1.0 -1.0
vt 0.0 -1.0
vt 0.0 -2.0
vt 0.0 -1.0
vt -1.0 -1.0
vt -1.0 -2.0
vt 0.0 0.0
vt 0.0 -1.0
vt 1.0 -1.0
vt 1.0 0.0
vt 0.0 0.0
vt 0.0 -1.0
vt 1.0 -1.0
vt 1.0 0.0
vt 5.3E-5 0.0
vt 5.4E-5 -0.999978
vt 1.000053 -0.999978
vt 1.000003 0.0
vt 5.3E-5 0.0
vt 5.4E-5 -0.999978
vt 1.000053 -0.999978
vt 1.000003 0.0
vt -1.890625 -0.0625
vt -1.984375 -0.0625
vt -1.984375 -0.4375
vt -1.890625 -0.4375
vt -1.980469 -0.546875
vt -1.980469 -0.703125
vt -1.894531 -0.703125
vt -1.894531 -0.546875
vt -0.835938 0.0
vt -0.375 0.0
vt -0.375 -0.4375
vt -0.835938 -0.4375
vt -0.835938 -0.4375
vt -0.375 -0.4375
vt -0.375 -4.0
vt -0.835938 -4.0
vt -1.9375 -0.875
vt -1.9375 -0.875
vt -1.9375 -0.875
vt -1.9375 -0.875
vt -1.9375 -0.875
vt -1.9375 -0.875
vt -1.9375 -0.875
vt -1.9375 -0.875
vt -1.980469 -0.546875
vt -1.980469 -0.703125
vt -1.894531 -0.703125
vt -1.894531 -0.546875
vt -1.890625 -0.0625
vt -1.984375 -0.0625
vt -1.984375 -0.4375
vt -1.890625 -0.4375
vt -1.9375 -0.875
vt -1.9375 -0.875
vt -1.9375 -0.875
vt -1.9375 -0.875
vt -1.9375 -0.875
vt -1.9375 -0.875
vt -1.9375 -0.875
vt -1.9375 -0.875
vt -0.835938 -0.4375
vt -0.835938 -4.0
vt -0.835938 0.0
vt -0.835938 -0.4375
vt 0.0 0.0
vt 0.0 -1.0
vt 1.0 -1.0
vt 1.0 0.0
vt 0.0 0.0
vt 0.0 -1.0
vt 1.0 -1.0
vt 1.0 0.0
vt 5.3E-5 0.0
vt 5.4E-5 -0.999978
vt 1.000053 -0.999978
vt 1.000003 0.0
vt 5.3E-5 0.0
vt 5.4E-5 -0.999978
vt 1.000053 -0.999978
vt 1.000003 0.0
vt 3.000009 -6.0E-5
vt 0.0 0.0
vt 0.0 -1.0
vt 3.0 -1.0
vt 3.0 0.0
vt 3.0001593 -1.0
vt 0.0 -6.0E-5
vt 1.000003 -6.0E-5
vt 0.0 0.0
vt 0.0 -1.0
vt 1.0 -1.0
vt 1.0 0.0
vt 1.000053 -1.0
vt 0.0 -6.0E-5
vt 0.0 0.0
vt 1.0 0.0
vt 1.0 1.0
vt 0.0 1.0
vt 0.0 0.0
vt 1.0 0.0
vt 1.0 1.0
vt 0.0 1.0
vt 0.0 0.0
vt 1.0 0.0
vt 1.0 1.0
vt 0.0 1.0
vt 0.0 0.0
vt 1.0 0.0
vt 1.0 1.0
vt 0.0 1.0
vt 0.0 0.0
vt 1.0 0.0
vt 1.0 1.0
vt 0.0 1.0
vt 5.000015 -6.0E-5
vt 0.0 0.0
vt 0.0 -1.0
vt 5.0 -1.0
vt 5.0 0.0
vt 5.000265 -1.0
vt 0.0 -6.0E-5
vt 0.0 0.0
vt 0.0 -1.0
vt 1.0 -1.0
vt 1.0 0.0
vt 0.0 0.0
vt 0.0 -1.0
vt 1.0 -1.0
vt 1.0 0.0
vt 5.3E-5 0.0
vt 5.4E-5 -0.999978
vt 1.000053 -0.999978
vt 1.000003 0.0
vt 5.3E-5 0.0
vt 5.4E-5 -0.999978
vt 1.000053 -0.999978
vt 1.000003 0.0
vt 0.0 0.0
vt 0.5 -1.0
vt 1.0 0.0
vt 0.0 -1.0
vt 1.0 -1.0
vt 0.500579 -8.2E-5
vt 0.0 -0.999918
vt 1.0 -0.999918
vt -1.890625 -0.0625
vt -1.984375 -0.0625
vt -1.984375 -0.4375
vt -1.890625 -0.4375
vt -1.980469 -0.546875
vt -1.980469 -0.703125
vt -1.894531 -0.703125
vt -1.894531 -0.546875
vt -0.835938 0.0
vt -0.375 0.0
vt -0.375 -0.4375
vt -0.835938 -0.4375
vt -0.835938 -0.4375
vt -0.375 -0.4375
vt -0.375 -4.0
vt -0.835938 -4.0
vt -1.9375 -0.875
vt -1.9375 -0.875
vt -1.9375 -0.875
vt -1.9375 -0.875
vt -1.9375 -0.875
vt -1.9375 -0.875
vt -1.9375 -0.875
vt -1.9375 -0.875
vt -1.980469 -0.546875
vt -1.980469 -0.703125
vt -1.894531 -0.703125
vt -1.894531 -0.546875
vt -1.890625 -0.0625
vt -1.984375 -0.0625
vt -1.984375 -0.4375
vt -1.890625 -0.4375
vt -1.9375 -0.875
vt -1.9375 -0.875
vt -1.9375 -0.875
vt -1.9375 -0.875
vt -1.9375 -0.875
vt -1.9375 -0.875
vt -1.9375 -0.875
vt -1.9375 -0.875
vt -0.835938 -0.4375
vt -0.835938 -4.0
vt -0.835938 0.0
vt -0.835938 -0.4375
vt 0.0 -1.0
vt -1.0 -1.0
vt -1.0 -2.0
vt 0.0 -2.0
vt 0.0 0.0
vt 0.0 -1.0
vt -1.0 -1.0
vt -1.0 0.0
vt 0.0 0.0
vt -1.0 0.0
vt -1.0 -1.0
vt 0.0 -1.0
vt 0.0 -2.0
vt 0.0 -1.0
vt -1.0 -1.0
vt -1.0 -2.0
vt 0.0 0.0
vt 0.0 -1.0
vt 1.0 -1.0
vt 1.0 0.0
vt 0.0 -6.0E-5
vt 0.0 -1.0
vt 1.000053 -1.0
vt 1.000003 -6.0E-5
vt 0.0 0.0
vt 0.0 -1.0
vt 1.0 -1.0
vt 1.0 0.0
vt 0.0 0.0
vt 0.0 -1.0
vt 1.0 -1.0
vt 1.0 0.0
vt 5.3E-5 0.0
vt 5.4E-5 -0.999978
vt 1.000053 -0.999978
vt 1.000003 0.0
vt 5.3E-5 0.0
vt 5.4E-5 -0.999978
vt 1.000053 -0.999978
vt 1.000003 0.0
vt 0.0 0.0
vt 0.5 -1.0
vt 1.0 0.0
vt 0.0 -1.0
vt 1.0 -1.0
vt 0.500579 -8.2E-5
vt 0.0 -0.999918
vt 1.0 -0.999918
vt 0.625 -1.0
vt 0.125 -1.0
vt 0.125 2.515625
vt 0.625 2.515625
vt 1.0 0.500571
vt 0.129569 0.500571
vt 0.129569 1.000571
vt 1.0 1.000571
vt 0.003115 0.514336
vt 0.121457 0.514336
vt 0.121457 0.987706
vt 0.003115 0.987706
vt 0.0 0.25
vt 0.125 0.25
vt 0.125 0.5
vt 0.0 0.5
vt 0.375 0.5
vt 0.625 0.5
vt 0.625 0.75
vt 0.375 0.75
vt 0.033307 0.071835
vt 0.095558 0.071835
vt 0.095558 0.196337
vt 0.033307 0.196337
vt 0.027474 0.084896
vt 0.12163 0.084896
vt 0.12163 0.179052
vt 0.027474 0.179052
vt 0.027474 0.084896
vt 0.12163 0.084896
vt 0.12163 0.179052
vt 0.027474 0.179052
vt 0.0 0.0
vt 0.0 -1.0
vt 1.0 -1.0
vt 1.0 0.0
vt 0.0 0.0
vt 0.0 -1.0
vt 1.0 -1.0
vt 1.0 0.0
vt 5.3E-5 0.0
vt 5.4E-5 -0.999978
vt 1.000053 -0.999978
vt 1.000003 0.0
vt 5.3E-5 0.0
vt 5.4E-5 -0.999978
vt 1.000053 -0.999978
vt 1.000003 0.0
vt 0.0 0.0
vt 0.5 -1.0
vt 1.0 0.0
vt 0.0 -1.0
vt 1.0 -1.0
vt 0.500579 -8.2E-5
vt 0.0 -0.999918
vt 1.0 -0.999918
vt 0.0 0.0
vt 0.0 -1.0
vt 3.0 -1.0
vt 3.0 0.0
vt 0.0 -6.0E-5
vt 0.0 -1.0
vt 3.0001593 -1.0
vt 3.000009 -6.0E-5
vt 0.0 0.0
vt 0.5 -1.0
vt 1.0 0.0
vt 0.0 -1.0
vt 1.0 -1.0
vt 0.500579 -8.2E-5
vt 0.0 -0.999918
vt 1.0 -0.999918
vt 0.0 0.0
vt 0.0 -1.0
vt 1.0 -1.0
vt 1.0 0.0
vt 0.0 -6.0E-5
vt 0.0 -1.0
vt 1.000053 -1.0
vt 1.000003 -6.0E-5
vt 0.0 0.0
vt 0.0 -1.0
vt 1.0 -1.0
vt 1.0 0.0
vt 0.0 0.0
vt 0.0 -1.0
vt 1.0 -1.0
vt 1.0 0.0
vt 5.3E-5 0.0
vt 5.4E-5 -0.999978
vt 1.000053 -0.999978
vt 1.000003 0.0
vt 5.3E-5 0.0
vt 5.4E-5 -0.999978
vt 1.000053 -0.999978
vt 1.000003 0.0
vt 0.0 0.0
vt 1.0 0.0
vt 1.0 1.0
vt 0.0 1.0
vt 0.0 0.0
vt 1.0 0.0
vt 1.0 1.0
vt 0.0 1.0
vt 0.0 0.0
vt 1.0 0.0
vt 1.0 1.0
vt 0.0 1.0
vt 0.0 0.0
vt 1.0 0.0
vt 1.0 1.0
vt 0.0 1.0
vt 0.0 0.0
vt 1.0 0.0
vt 1.0 1.0
vt 0.0 1.0
vt 0.5 -1.0
vt 0.5 -1.0
vt 0.5 2.515625
vt 0.5 2.515625
vt 0.858672 0.500571
vt 0.271833 0.500571
vt 0.271833 1.000571
vt 0.858042 1.0
vt 0.0 0.0
vt 0.0 -1.0
vt 1.0 -1.0
vt 1.0 0.0
vt 0.0 0.0
vt 0.0 -1.0
vt 1.0 -1.0
vt 1.0 0.0
vt 5.3E-5 0.0
vt 5.4E-5 -0.999978
vt 1.000053 -0.999978
vt 1.000003 0.0
vt 5.3E-5 0.0
vt 5.4E-5 -0.999978
vt 1.000053 -0.999978
vt 1.000003 0.0
vt 0.0 0.0
vt 0.5 -1.0
vt 1.0 0.0
vt 0.0 -1.0
vt 1.0 -1.0
vt 0.500579 -8.2E-5
vt 0.0 -0.999918
vt 1.0 -0.999918
vt 0.0 0.0
vt 0.0 -1.0
vt 3.0 -1.0
vt 3.0 0.0
vt 0.0 -6.0E-5
vt 0.0 -1.0
vt 3.0001593 -1.0
vt 3.000009 -6.0E-5
vt -1.890625 -0.0625
vt -1.984375 -0.0625
vt -1.984375 -0.4375
vt -1.890625 -0.4375
vt -1.980469 -0.546875
vt -1.980469 -0.703125
vt -1.894531 -0.703125
vt -1.894531 -0.546875
vt -0.835938 0.0
vt -0.375 0.0
vt -0.375 -0.4375
vt -0.835938 -0.4375
vt -0.835938 -0.4375
vt -0.375 -0.4375
vt -0.375 -4.0
vt -0.835938 -4.0
vt -1.9375 -0.875
vt -1.9375 -0.875
vt -1.9375 -0.875
vt -1.9375 -0.875
vt -1.9375 -0.875
vt -1.9375 -0.875
vt -1.9375 -0.875
vt -1.9375 -0.875
vt -1.980469 -0.546875
vt -1.980469 -0.703125
vt -1.894531 -0.703125
vt -1.894531 -0.546875
vt -1.890625 -0.0625
vt -1.984375 -0.0625
vt -1.984375 -0.4375
vt -1.890625 -0.4375
vt -1.9375 -0.875
vt -1.9375 -0.875
vt -1.9375 -0.875
vt -1.9375 -0.875
vt -1.9375 -0.875
vt -1.9375 -0.875
vt -1.9375 -0.875
vt -1.9375 -0.875
vt -0.835938 -0.4375
vt -0.835938 -4.0
vt -0.835938 0.0
vt -0.835938 -0.4375
vt 4.000012 -6.0E-5
vt 0.0 0.0
vt 0.0 -1.0
vt 4.0 -1.0
vt 4.0 0.0
vt 4.000212 -1.0
vt 0.0 -6.0E-5
vt 0.0 0.0
vt 0.0 -1.0
vt 3.0 -1.0
vt 3.0 0.0
vt 0.0 -6.0E-5
vt 0.0 -1.0
vt 3.0001593 -1.0
vt 3.000009 -6.0E-5
vt 0.0 0.0
vt 0.5 -1.0
vt 1.0 0.0
vt 0.0 -1.0
vt 1.0 -1.0
vt 0.500579 -8.2E-5
vt 0.0 -0.999918
vt 1.0 -0.999918
vt 0.0 0.0
vt 0.0 -1.0
vt 3.0 -1.0
vt 3.0 0.0
vt 0.0 -6.0E-5
vt 0.0 -1.0
vt 3.0001593 -1.0
vt 3.000009 -6.0E-5
vt 0.0 0.0
vt 0.0 -1.0
vt 1.0 -1.0
vt 1.0 0.0
vt 0.0 0.0
vt 0.0 -1.0
vt 1.0 -1.0
vt 1.0 0.0
vt 5.3E-5 0.0
vt 5.4E-5 -0.999978
vt 1.000053 -0.999978
vt 1.000003 0.0
vt 5.3E-5 0.0
vt 5.4E-5 -0.999978
vt 1.000053 -0.999978
vt 1.000003 0.0
vt 0.12163 0.084896
vt 0.027474 0.179052
vt 0.375 0.5
vt 0.625 0.75
vt 0.12163 0.084896
vt 0.12163 0.179052
vt 0.027474 0.084896
vt 0.027474 0.179052
vt 0.375 0.75
vt 0.625 0.5
vt 0.0 0.25
vt 0.125 0.25
vt 0.125 0.5
vt 0.0 0.5
vt 0.027474 0.084896
vt 0.12163 0.179052
vt 0.003115 0.514336
vt 0.121457 0.514336
vt 0.121457 0.987706
vt 0.003115 0.987706
vt 0.033307 0.071835
vt 0.095558 0.071835
vt 0.095558 0.196337
vt 0.033307 0.196337
vt 0.125 -1.0
vt 0.625 -1.0
vt 0.625 2.515625
vt 0.125 2.515625
vt 0.129569 0.500571
vt 1.0 0.500571
vt 1.0 1.000571
vt 0.129569 1.000571
vt 0.0 0.0
vt 0.0 -1.0
vt 1.0 -1.0
vt 1.0 0.0
vt 0.0 0.0
vt 0.0 -1.0
vt 1.0 -1.0
vt 1.0 0.0
vt 5.3E-5 0.0
vt 5.4E-5 -0.999978
vt 1.000053 -0.999978
vt 1.000003 0.0
vt 5.3E-5 0.0
vt 5.4E-5 -0.999978
vt 1.000053 -0.999978
vt 1.000003 0.0
vt 0.0 0.0
vt 0.0 -1.0
vt 3.0 -1.0
vt 3.0 0.0
vt 0.0 -6.0E-5
vt 0.0 -1.0
vt 3.0001593 -1.0
vt 3.000009 -6.0E-5
vt 0.0 0.0
vt 0.0 -1.0
vt 1.0 -1.0
vt 1.0 0.0
vt 0.0 0.0
vt 0.0 -1.0
vt 1.0 -1.0
vt 1.0 0.0
vt 5.3E-5 0.0
vt 5.4E-5 -0.999978
vt 1.000053 -0.999978
vt 1.000003 0.0
vt 5.3E-5 0.0
vt 5.4E-5 -0.999978
vt 1.000053 -0.999978
vt 1.000003 0.0
vt 0.0 0.0
vt 1.0 0.0
vt 1.0 1.0
vt 0.0 1.0
vt 0.0 0.0
vt 1.0 0.0
vt 1.0 1.0
vt 0.0 1.0
vt 0.0 0.0
vt 1.0 0.0
vt 1.0 1.0
vt 0.0 1.0
vt 0.0 0.0
vt 1.0 0.0
vt 1.0 1.0
vt 0.0 1.0
vt 0.0 0.0
vt 1.0 0.0
vt 1.0 1.0
vt 0.0 1.0
vt 0.0 0.0
vt 1.0 0.0
vt 1.0 1.0
vt 0.0 1.0
vt 0.0 0.0
vt 1.0 0.0
vt 1.0 1.0
vt 0.0 1.0
vt 0.0 0.0
vt 1.0 0.0
vt 1.0 1.0
vt 0.0 1.0
vt 0.0 0.0
vt 1.0 0.0
vt 1.0 1.0
vt 0.0 1.0
vt 0.0 0.0
vt 1.0 0.0
vt 1.0 1.0
vt 0.0 1.0
vt 3.000009 -6.0E-5
vt 0.0 0.0
vt 0.0 -1.0
vt 3.0 -1.0
vt 3.0 0.0
vt 3.0001593 -1.0
vt 0.0 -6.0E-5
vt 0.0 -1.0
vt -1.0 -1.0
vt -1.0 -2.0
vt 0.0 -2.0
vt 0.0 0.0
vt 0.0 -1.0
vt -1.0 -1.0
vt -1.0 0.0
vt 0.0 0.0
vt -1.0 0.0
vt -1.0 -1.0
vt 0.0 -1.0
vt 0.0 -2.0
vt 0.0 -1.0
vt -1.0 -1.0
vt -1.0 -2.0
vt 0.0 0.0
vt 0.5 -1.0
vt 1.0 0.0
vt 0.0 -1.0
vt 1.0 -1.0
vt 0.500579 -8.2E-5
vt 0.0 -0.999918
vt 1.0 -0.999918
vt 0.0 0.0
vt 0.0 -1.0
vt 1.0 -1.0
vt 1.0 0.0
vt 0.0 0.0
vt 0.0 -1.0
vt 1.0 -1.0
vt 1.0 0.0
vt 5.3E-5 0.0
vt 5.4E-5 -0.999978
vt 1.000053 -0.999978
vt 1.000003 0.0
vt 5.3E-5 0.0
vt 5.4E-5 -0.999978
vt 1.000053 -0.999978
vt 1.000003 0.0
vt 0.0 0.0
vt 0.0 -1.0
vt 1.0 -1.0
vt 1.0 0.0
vt 0.0 -6.0E-5
vt 0.0 -1.0
vt 1.000053 -1.0
vt 1.000003 -6.0E-5
vt 0.0 0.0
vt 0.0 -1.0
vt 1.0 -1.0
vt 1.0 0.0
vt 0.0 0.0
vt 0.0 -1.0
vt 1.0 -1.0
vt 1.0 0.0
vt 5.3E-5 0.0
vt 5.4E-5 -0.999978
vt 1.000053 -0.999978
vt 1.000003 0.0
vt 5.3E-5 0.0
vt 5.4E-5 -0.999978
vt 1.000053 -0.999978
vt 1.000003 0.0
vt 0.0 0.0
vt 0.0 -1.0
vt 4.0 -1.0
vt 4.0 0.0
vt 0.0 -6.0E-5
vt 0.0 -1.0
vt 4.000212 -1.0
vt 4.000012 -6.0E-5
vt 0.0 0.0
vt 0.5 -1.0
vt 1.0 0.0
vt 0.0 -1.0
vt 1.0 -1.0
vt 0.500579 -8.2E-5
vt 0.0 -0.999918
vt 1.0 -0.999918
vt 4.000012 -6.0E-5
vt 0.0 0.0
vt 0.0 -1.0
vt 4.0 -1.0
vt 4.0 0.0
vt 4.000212 -1.0
vt 0.0 -6.0E-5
vt 0.0 0.0
vt 1.0 0.0
vt 1.0 1.0
vt 0.0 1.0
vt 0.0 0.0
vt 1.0 0.0
vt 1.0 1.0
vt 0.0 1.0
vt 0.0 0.0
vt 1.0 0.0
vt 1.0 1.0
vt 0.0 1.0
vt 0.0 0.0
vt 1.0 0.0
vt 1.0 1.0
vt 0.0 1.0
vt 0.0 0.0
vt 1.0 0.0
vt 1.0 1.0
vt 0.0 1.0
vt 0.0 0.0
vt 0.0 -1.0
vt 1.0 -1.0
vt 1.0 0.0
vt 0.0 0.0
vt 0.0 -1.0
vt 1.0 -1.0
vt 1.0 0.0
vt 5.3E-5 0.0
vt 5.4E-5 -0.999978
vt 1.000053 -0.999978
vt 1.000003 0.0
vt 5.3E-5 0.0
vt 5.4E-5 -0.999978
vt 1.000053 -0.999978
vt 1.000003 0.0
vt 0.0 0.0
vt 0.5 -1.0
vt 1.0 0.0
vt 0.0 -1.0
vt 1.0 -1.0
vt 0.500579 -8.2E-5
vt 0.0 -0.999918
vt 1.0 -0.999918
vt 0.0 -1.0
vt -1.0 -1.0
vt -1.0 -2.0
vt 0.0 -2.0
vt 0.0 0.0
vt 0.0 -1.0
vt -1.0 -1.0
vt -1.0 0.0
vt 0.0 0.0
vt -1.0 0.0
vt -1.0 -1.0
vt 0.0 -1.0
vt 0.0 -2.0
vt 0.0 -1.0
vt -1.0 -1.0
vt -1.0 -2.0
vt 0.0 0.0
vt 0.0 -1.0
vt 1.0 -1.0
vt 1.0 0.0
vt 0.0 0.0
vt 0.0 -1.0
vt 1.0 -1.0
vt 1.0 0.0
vt 5.3E-5 0.0
vt 5.4E-5 -0.999978
vt 1.000053 -0.999978
vt 1.000003 0.0
vt 5.3E-5 0.0
vt 5.4E-5 -0.999978
vt 1.000053 -0.999978
vt 1.000003 0.0
vt 0.0 0.0
vt 0.0 -1.0
vt 4.0 -1.0
vt 4.0 0.0
vt 0.0 -6.0E-5
vt 0.0 -1.0
vt 4.000212 -1.0
vt 4.000012 -6.0E-5
vt 0.0 0.0
vt 0.5 -1.0
vt 1.0 0.0
vt 0.0 -1.0
vt 1.0 -1.0
vt 0.500579 -8.2E-5
vt 0.0 -0.999918
vt 1.0 -0.999918
vt 0.0 0.0
vt 0.0 -1.0
vt 1.0 -1.0
vt 1.0 0.0
vt 0.0 0.0
vt 0.0 -1.0
vt 1.0 -1.0
vt 1.0 0.0
vt 5.3E-5 0.0
vt 5.4E-5 -0.999978
vt 1.000053 -0.999978
vt 1.000003 0.0
vt 5.3E-5 0.0
vt 5.4E-5 -0.999978
vt 1.000053 -0.999978
vt 1.000003 0.0
vt 0.0 0.0
vt 0.0 -1.0
vt 5.0 -1.0
vt 5.0 0.0
vt 0.0 -6.0E-5
vt 0.0 -1.0
vt 5.000265 -1.0
vt 5.000015 -6.0E-5
vt 0.0 0.0
vt 0.0 -1.0
vt 1.0 -1.0
vt 1.0 0.0
vt 0.0 0.0
vt 0.0 -1.0
vt 1.0 -1.0
vt 1.0 0.0
vt 5.3E-5 0.0
vt 5.4E-5 -0.999978
vt 1.000053 -0.999978
vt 1.000003 0.0
vt 5.3E-5 0.0
vt 5.4E-5 -0.999978
vt 1.000053 -0.999978
vt 1.000003 0.0
vt 0.0 0.0
vt 0.0 -1.0
vt 2.0 -1.0
vt 2.0 0.0
vt 0.0 -6.0E-5
vt 0.0 -1.0
vt 2.000106 -1.0
vt 2.000006 -6.0E-5
vt 0.0 0.0
vt 0.0 -1.0
vt 1.0 -1.0
vt 1.0 0.0
vt 0.0 0.0
vt 0.0 -1.0
vt 1.0 -1.0
vt 1.0 0.0
vt 5.3E-5 0.0
vt 5.4E-5 -0.999978
vt 1.000053 -0.999978
vt 1.000003 0.0
vt 5.3E-5 0.0
vt 5.4E-5 -0.999978
vt 1.000053 -0.999978
vt 1.000003 0.0
vt 0.0 0.0
vt 0.0 -1.0
vt 7.0 -1.0
vt 7.0 0.0
vt 0.0 -6.0E-5
vt 0.0 -1.0
vt 7.0003715 -1.0
vt 7.000021 -6.0E-5
vt 0.0 0.0
vt 0.0 -1.0
vt 1.0 -1.0
vt 1.0 0.0
vt 0.0 0.0
vt 0.0 -1.0
vt 1.0 -1.0
vt 1.0 0.0
vt 5.3E-5 0.0
vt 5.4E-5 -0.999978
vt 1.000053 -0.999978
vt 1.000003 0.0
vt 5.3E-5 0.0
vt 5.4E-5 -0.999978
vt 1.000053 -0.999978
vt 1.000003 0.0
vt 0.0 0.0
vt 1.0 0.0
vt 1.0 1.0
vt 0.0 1.0
vt 0.0 0.0
vt 1.0 0.0
vt 1.0 1.0
vt 0.0 1.0
vt 0.0 0.0
vt 1.0 0.0
vt 1.0 1.0
vt 0.0 1.0
vt 0.0 0.0
vt 1.0 0.0
vt 1.0 1.0
vt 0.0 1.0
vt 0.0 0.0
vt 1.0 0.0
vt 1.0 1.0
vt 0.0 1.0
vt 0.0 0.0
vt 1.0 0.0
vt 1.0 1.0
vt 0.0 1.0
vt 0.0 0.0
vt 1.0 0.0
vt 1.0 1.0
vt 0.0 1.0
vt 0.0 0.0
vt 1.0 0.0
vt 1.0 1.0
vt 0.0 1.0
vt 0.0 0.0
vt 1.0 0.0
vt 1.0 1.0
vt 0.0 1.0
vt 0.0 0.0
vt 1.0 0.0
vt 1.0 1.0
vt 0.0 1.0
vt 0.0 0.0
vt 0.0 -1.0
vt 1.0 -1.0
vt 1.0 0.0
vt 0.0 0.0
vt 0.0 -1.0
vt 1.0 -1.0
vt 1.0 0.0
vt 5.3E-5 0.0
vt 5.4E-5 -0.999978
vt 1.000053 -0.999978
vt 1.000003 0.0
vt 5.3E-5 0.0
vt 5.4E-5 -0.999978
vt 1.000053 -0.999978
vt 1.000003 0.0
vt 0.0 0.0
vt 0.0 -1.0
vt 2.0 -1.0
vt 2.0 0.0
vt 0.0 -6.0E-5
vt 0.0 -1.0
vt 2.000106 -1.0
vt 2.000006 -6.0E-5
vt 0.0 0.0
vt 0.5 -1.0
vt 1.0 0.0
vt 0.0 -1.0
vt 1.0 -1.0
vt 0.500579 -8.2E-5
vt 0.0 -0.999918
vt 1.0 -0.999918
vt 0.0 0.0
vt 0.5 -1.0
vt 1.0 0.0
vt 0.0 -1.0
vt 1.0 -1.0
vt 0.500579 -8.2E-5
vt 0.0 -0.999918
vt 1.0 -0.999918
vt 0.0 0.0
vt 0.0 -1.0
vt 1.0 -1.0
vt 1.0 0.0
vt 0.0 0.0
vt 0.0 -1.0
vt 1.0 -1.0
vt 1.0 0.0
vt 5.3E-5 0.0
vt 5.4E-5 -0.999978
vt 1.000053 -0.999978
vt 1.000003 0.0
vt 5.3E-5 0.0
vt 5.4E-5 -0.999978
vt 1.000053 -0.999978
vt 1.000003 0.0
vt 0.0 -1.0
vt -1.0 -1.0
vt -1.0 -2.0
vt 0.0 -2.0
vt 0.0 0.0
vt 0.0 -1.0
vt -1.0 -1.0
vt -1.0 0.0
vt 0.0 0.0
vt -1.0 0.0
vt -1.0 -1.0
vt 0.0 -1.0
vt 0.0 -2.0
vt 0.0 -1.0
vt -1.0 -1.0
vt -1.0 -2.0
vt 0.0 0.0
vt 0.0 -1.0
vt 1.0 -1.0
vt 1.0 0.0
vt 0.0 0.0
vt 0.0 -1.0
vt 1.0 -1.0
vt 1.0 0.0
vt 5.3E-5 0.0
vt 5.4E-5 -0.999978
vt 1.000053 -0.999978
vt 1.000003 0.0
vt 5.3E-5 0.0
vt 5.4E-5 -0.999978
vt 1.000053 -0.999978
vt 1.000003 0.0
vt 0.0 0.0
vt 0.0 -1.0
vt 4.0 -1.0
vt 4.0 0.0
vt 0.0 -6.0E-5
vt 0.0 -1.0
vt 4.000212 -1.0
vt 4.000012 -6.0E-5
vt 0.0 0.0
vt 0.5 -1.0
vt 1.0 0.0
vt 0.0 -1.0
vt 1.0 -1.0
vt 0.500579 -8.2E-5
vt 0.0 -0.999918
vt 1.0 -0.999918
vt 0.0 0.0
vt 0.5 -1.0
vt 1.0 0.0
vt 0.0 -1.0
vt 1.0 -1.0
vt 0.500579 -8.2E-5
vt 0.0 -0.999918
vt 1.0 -0.999918
vt 0.0 0.0
vt 0.0 -1.0
vt 4.0 -1.0
vt 4.0 0.0
vt 0.0 -6.0E-5
vt 0.0 -1.0
vt 4.000212 -1.0
vt 4.000012 -6.0E-5
vt 0.0 0.0
vt 0.0 -1.0
vt 1.0 -1.0
vt 1.0 0.0
vt 0.0 0.0
vt 0.0 -1.0
vt 1.0 -1.0
vt 1.0 0.0
vt 5.3E-5 0.0
vt 5.4E-5 -0.999978
vt 1.000053 -0.999978
vt 1.000003 0.0
vt 5.3E-5 0.0
vt 5.4E-5 -0.999978
vt 1.000053 -0.999978
vt 1.000003 0.0
vt 0.0 -1.0
vt -1.0 -1.0
vt -1.0 -2.0
vt 0.0 -2.0
vt 0.0 0.0
vt 0.0 -1.0
vt -1.0 -1.0
vt -1.0 0.0
vt 0.0 0.0
vt -1.0 0.0
vt -1.0 -1.0
vt 0.0 -1.0
vt 0.0 -2.0
vt 0.0 -1.0
vt -1.0 -1.0
vt -1.0 -2.0
vt 0.0 -1.0
vt -1.0 -1.0
vt -1.0 -2.0
vt 0.0 -2.0
vt 0.0 0.0
vt 0.0 -1.0
vt -1.0 -1.0
vt -1.0 0.0
vt 0.0 0.0
vt -1.0 0.0
vt -1.0 -1.0
vt 0.0 -1.0
vt 0.0 -2.0
vt 0.0 -1.0
vt -1.0 -1.0
vt -1.0 -2.0
vt 0.0 0.0
vt 1.0 0.0
vt 1.0 1.0
vt 0.0 1.0
vt 0.0 0.0
vt 1.0 0.0
vt 1.0 1.0
vt 0.0 1.0
vt 0.0 0.0
vt 1.0 0.0
vt 1.0 1.0
vt 0.0 1.0
vt 0.0 0.0
vt 1.0 0.0
vt 1.0 1.0
vt 0.0 1.0
vt 0.0 0.0
vt 1.0 0.0
vt 1.0 1.0
vt 0.0 1.0
vt 0.0 0.0
vt 0.0 -1.0
vt 1.0 -1.0
vt 1.0 0.0
vt 0.0 0.0
vt 0.0 -1.0
vt 1.0 -1.0
vt 1.0 0.0
vt 5.3E-5 0.0
vt 5.4E-5 -0.999978
vt 1.000053 -0.999978
vt 1.000003 0.0
vt 5.3E-5 0.0
vt 5.4E-5 -0.999978
vt 1.000053 -0.999978
vt 1.000003 0.0
vt 0.0 0.0
vt 0.0 -1.0
vt 8.0 -1.0
vt 8.0 0.0
vt 0.0 -6.0E-5
vt 0.0 -1.0
vt 8.000424 -1.0
vt 8.000024 -6.0E-5
vt 0.0 0.0
vt 0.0 -1.0
vt 5.0 -1.0
vt 5.0 0.0
vt 0.0 -6.0E-5
vt 0.0 -1.0
vt 5.000265 -1.0
vt 5.000015 -6.0E-5
vt 0.0 0.0
vt 0.0 -1.0
vt 1.0 -1.0
vt 1.0 0.0
vt 0.0 0.0
vt 0.0 -1.0
vt 1.0 -1.0
vt 1.0 0.0
vt 5.3E-5 0.0
vt 5.4E-5 -0.999978
vt 1.000053 -0.999978
vt 1.000003 0.0
vt 5.3E-5 0.0
vt 5.4E-5 -0.999978
vt 1.000053 -0.999978
vt 1.000003 0.0
vt 0.0 -1.0
vt -1.0 -1.0
vt -1.0 -2.0
vt 0.0 -2.0
vt 0.0 0.0
vt 0.0 -1.0
vt -1.0 -1.0
vt -1.0 0.0
vt 0.0 0.0
vt -1.0 0.0
vt -1.0 -1.0
vt 0.0 -1.0
vt 0.0 -2.0
vt 0.0 -1.0
vt -1.0 -1.0
vt -1.0 -2.0
vt 0.0 0.0
vt 1.0 0.0
vt 1.0 1.0
vt 0.0 1.0
vt 0.0 0.0
vt 1.0 0.0
vt 1.0 1.0
vt 0.0 1.0
vt 0.0 0.0
vt 1.0 0.0
vt 1.0 1.0
vt 0.0 1.0
vt 0.0 0.0
vt 1.0 0.0
vt 1.0 1.0
vt 0.0 1.0
vt 0.0 0.0
vt 1.0 0.0
vt 1.0 1.0
vt 0.0 1.0
vt 0.0 -1.0
vt -1.0 -1.0
vt -1.0 -2.0
vt 0.0 -2.0
vt 0.0 0.0
vt 0.0 -1.0
vt -1.0 -1.0
vt -1.0 0.0
vt 0.0 0.0
vt -1.0 0.0
vt -1.0 -1.0
vt 0.0 -1.0
vt 0.0 -2.0
vt 0.0 -1.0
vt -1.0 -1.0
vt -1.0 -2.0
vt 0.0 -1.0
vt -1.0 -1.0
vt -1.0 -2.0
vt 0.0 -2.0
vt 0.0 0.0
vt 0.0 -1.0
vt -1.0 -1.0
vt -1.0 0.0
vt 0.0 0.0
vt -1.0 0.0
vt -1.0 -1.0
vt 0.0 -1.0
vt 0.0 -2.0
vt 0.0 -1.0
vt -1.0 -1.0
vt -1.0 -2.0
vt 0.0 -1.0
vt -1.0 -1.0
vt -1.0 -2.0
vt 0.0 -2.0
vt 0.0 0.0
vt 0.0 -1.0
vt -1.0 -1.0
vt -1.0 0.0
vt 0.0 0.0
vt -1.0 0.0
vt -1.0 -1.0
vt 0.0 -1.0
vt 0.0 -2.0
vt 0.0 -1.0
vt -1.0 -1.0
vt -1.0 -2.0
vt 0.0 -1.0
vt -1.0 -1.0
vt -1.0 -2.0
vt 0.0 -2.0
vt 0.0 0.0
vt 0.0 -1.0
vt -1.0 -1.0
vt -1.0 0.0
vt 0.0 0.0
vt -1.0 0.0
vt -1.0 -1.0
vt 0.0 -1.0
vt 0.0 -2.0
vt 0.0 -1.0
vt -1.0 -1.0
vt -1.0 -2.0
vt 0.0 -1.0
vt -1.0 -1.0
vt -1.0 -2.0
vt 0.0 -2.0
vt 0.0 0.0
vt 0.0 -1.0
vt -1.0 -1.0
vt -1.0 0.0
vt 0.0 0.0
vt -1.0 0.0
vt -1.0 -1.0
vt 0.0 -1.0
vt 0.0 -2.0
vt 0.0 -1.0
vt -1.0 -1.0
vt -1.0 -2.0
vt 0.0 -1.0
vt -1.0 -1.0
vt -1.0 -2.0
vt 0.0 -2.0
vt 0.0 0.0
vt 0.0 -1.0
vt -1.0 -1.0
vt -1.0 0.0
vt 0.0 0.0
vt -1.0 0.0
vt -1.0 -1.0
vt 0.0 -1.0
vt 0.0 -2.0
vt 0.0 -1.0
vt -1.0 -1.0
vt -1.0 -2.0
vt 0.0 -1.0
vt -1.0 -1.0
vt -1.0 -2.0
vt 0.0 -2.0
vt 0.0 0.0
vt 0.0 -1.0
vt -1.0 -1.0
vt -1.0 0.0
vt 0.0 0.0
vt -1.0 0.0
vt -1.0 -1.0
vt 0.0 -1.0
vt 0.0 -2.0
vt 0.0 -1.0
vt -1.0 -1.0
vt -1.0 -2.0
vt 0.0 -1.0
vt -1.0 -1.0
vt -1.0 -2.0
vt 0.0 -2.0
vt 0.0 0.0
vt 0.0 -1.0
vt -1.0 -1.0
vt -1.0 0.0
vt 0.0 0.0
vt -1.0 0.0
vt -1.0 -1.0
vt 0.0 -1.0
vt 0.0 -2.0
vt 0.0 -1.0
vt -1.0 -1.0
vt -1.0 -2.0
vt 1.0 1.0
vt 0.0 1.0
vt 0.0 0.0
vt 1.0 0.0
vt 1.0 1.0
vt 0.0 1.0
vt 0.0 0.0
vt 1.0 0.0
vt 1.0 1.0
vt 0.0 1.0
vt 0.0 0.0
vt 1.0 0.0
vt 1.0 1.0
vt 0.0 1.0
vt 0.0 0.0
vt 1.0 0.0
vt 1.0 1.0
vt 0.0 1.0
vt 0.0 0.0
vt 1.0 0.0
vt 1.0 1.0
vt 0.0 1.0
vt 0.0 0.0
vt 1.0 0.0
vt 1.0 1.0
vt 0.0 1.0
vt 0.0 0.0
vt 1.0 0.0
vt 1.0 1.0
vt 0.0 1.0
vt 0.0 0.0
vt 1.0 0.0
vt 1.0 1.0
vt 0.0 1.0
vt 0.0 0.0
vt 1.0 0.0
vt 1.0 1.0
vt 0.0 1.0
vt 0.0 0.0
vt 1.0 0.0
vt 1.0 1.0
vt 0.0 1.0
vt 0.0 0.0
vt 1.0 0.0
vt 1.0 1.0
vt 0.0 1.0
vt 0.0 0.0
vt 1.0 0.0
vt 1.0 1.0
vt 0.0 1.0
vt 0.0 0.0
vt 1.0 0.0
vt 1.0 1.0
vt 0.0 1.0
vt 0.0 0.0
vt 1.0 0.0
vt 1.0 1.0
vt 0.0 1.0
vt 0.0 0.0
vt 1.0 0.0
vt 1.0 1.0
vt 0.0 1.0
vt 0.0 0.0
vt 1.0 0.0
vt 1.0 1.0
vt 0.0 1.0
vt 0.0 0.0
vt 1.0 0.0
vt 1.0 1.0
vt 0.0 1.0
vt 0.0 0.0
vt 1.0 0.0
vt 1.0 1.0
vt 0.0 1.0
vt 0.0 0.0
vt 1.0 0.0
vt 1.0 1.0
vt 0.0 1.0
vt 0.0 0.0
vt 1.0 0.0
vt 1.0 1.0
vt 0.0 1.0
vt 0.0 0.0
vt 1.0 0.0
vt 1.0 1.0
vt 0.0 1.0
vt 0.0 0.0
vt 1.0 0.0
vt 1.0 1.0
vt 0.0 1.0
vt 0.0 0.0
vt 1.0 0.0
vt 1.0 1.0
vt 0.0 1.0
vt 0.0 0.0
vt 1.0 0.0
vt 1.0 1.0
vt 0.0 1.0
vt 0.0 0.0
vt 1.0 0.0
vt 1.0 1.0
vt 0.0 1.0
vt 0.0 0.0
vt 1.0 0.0
vt 1.0 1.0
vt 0.0 1.0
vt 0.0 0.0
vt 1.0 0.0
vt 1.0 1.0
vt 0.0 1.0
vt 0.0 0.0
vt 1.0 0.0
vt 1.0 1.0
vt 0.0 1.0
vt 0.0 0.0
vt 1.0 0.0
vt 1.0 1.0
vt 0.0 1.0
vt 0.0 0.0
vt 1.0 0.0
vt 1.0 1.0
vt 0.0 1.0
vt 0.0 0.0
vt 1.0 0.0
vt 1.0 1.0
vt 0.0 1.0
vt 0.0 0.0
vt 1.0 0.0
vt 0.5 0.0
vt 0.0 0.0
vt 0.0 -0.5
vt 0.5 -0.5
vt 1.0 1.0
vt 0.0 1.0
vt 0.0 0.0
vt 1.0 0.0
vt 1.0 1.0
vt 0.0 1.0
vt 0.0 0.0
vt 1.0 0.0
vt 1.0 1.0
vt 0.0 1.0
vt 0.0 0.0
vt 1.0 0.0
vt 1.0 1.0
vt 0.0 1.0
vt 0.0 0.0
vt 1.0 0.0
vt 1.0 1.0
vt 0.0 1.0
vt 0.0 0.0
vt 1.0 0.0
vt 1.0 1.0
vt 0.0 1.0
vt 0.0 0.0
vt 1.0 0.0
vt 1.0 1.0
vt 0.0 1.0
vt 0.0 0.0
vt 1.0 0.0
vt 1.0 1.0
vt 0.0 1.0
vt 0.0 0.0
vt 1.0 0.0
vt 1.0 1.0
vt 0.0 1.0
vt 0.0 0.0
vt 1.0 0.0
vt 1.0 1.0
vt 0.0 1.0
vt 0.0 0.0
vt 1.0 0.0
vt 1.0 1.0
vt 0.0 1.0
vt 0.0 0.0
vt 1.0 0.0
vt 1.0 1.0
vt 0.0 1.0
vt 0.0 0.0
vt 1.0 0.0
vt 1.0 1.0
vt 0.0 1.0
vt 0.0 0.0
vt 1.0 0.0
vt 1.0 1.0
vt 0.0 1.0
vt 0.0 0.0
vt 1.0 0.0
vt 1.0 1.0
vt 0.0 1.0
vt 0.0 0.0
vt 1.0 0.0
vt 1.0 1.0
vt 0.0 1.0
vt 0.0 0.0
vt 1.0 0.0
vt 1.0 1.0
vt 0.0 1.0
vt 0.0 0.0
vt 1.0 0.0
vt 1.0 1.0
vt 0.0 1.0
vt 0.0 0.0
vt 1.0 0.0
vt 1.0 1.0
vt 0.0 1.0
vt 0.0 0.0
vt 1.0 0.0
vt 1.0 1.0
vt 0.0 1.0
vt 0.0 0.0
vt 1.0 0.0
vt 1.0 1.0
vt 0.0 1.0
vt 0.0 0.0
vt 1.0 0.0
vt 1.0 1.0
vt 0.0 1.0
vt 0.0 0.0
vt 1.0 0.0
vt 1.0 1.0
vt 0.0 1.0
vt 0.0 0.0
vt 1.0 0.0
vt 1.0 1.0
vt 0.0 1.0
vt 0.0 0.0
vt 1.0 0.0
vt 1.0 1.0
vt 0.0 1.0
vt 0.0 0.0
vt 1.0 0.0
vt 1.0 1.0
vt 0.0 1.0
vt 0.0 0.0
vt 1.0 0.0
vt 1.0 1.0
vt 0.0 1.0
vt 0.0 0.0
vt 1.0 0.0
vt 1.0 1.0
vt 0.0 1.0
vt 0.0 0.0
vt 1.0 0.0
vt 1.0 1.0
vt 0.0 1.0
vt 0.0 0.0
vt 1.0 0.0
vt 1.0 1.0
vt 0.0 1.0
vt 0.0 0.0
vt 1.0 0.0
vt 1.0 1.0
vt 0.0 1.0
vt 0.0 0.0
vt 1.0 0.0
vt 1.0 1.0
vt 0.0 1.0
vt 0.0 0.0
vt 1.0 0.0
vt 1.0 1.0
vt 0.0 1.0
vt 0.0 0.0
vt 1.0 0.0
vt 1.0 1.0
vt 0.0 1.0
vt 0.0 0.0
vt 1.0 0.0
vt 1.0 1.0
vt 0.0 1.0
vt 0.0 0.0
vt 1.0 0.0
vt 1.0 1.0
vt 0.0 1.0
vt 0.0 0.0
vt 1.0 0.0
vt 1.0 1.0
vt 0.0 1.0
vt 0.0 0.0
vt 1.0 0.0
vt 1.0 1.0
vt 0.0 1.0
vt 0.0 0.0
vt 1.0 0.0
vt 1.0 1.0
vt 0.0 1.0
vt 0.0 0.0
vt 1.0 0.0
vt 1.0 1.0
vt 0.0 1.0
vt 0.0 0.0
vt 1.0 0.0
vt 1.0 1.0
vt 0.0 1.0
vt 0.0 0.0
vt 1.0 0.0
vt 1.0 1.0
vt 0.0 1.0
vt 0.0 0.0
vt 1.0 0.0
vt 1.0 1.0
vt 0.0 1.0
vt 0.0 0.0
vt 1.0 0.0
vt 1.0 1.0
vt 0.0 1.0
vt 0.0 0.0
vt 1.0 0.0
vt 1.0 1.0
vt 0.0 1.0
vt 0.0 0.0
vt 1.0 0.0
vt 1.0 1.0
vt 0.0 1.0
vt 0.0 0.0
vt 1.0 0.0
vt 1.0 1.0
vt 0.0 1.0
vt 0.0 0.0
vt 1.0 0.0
vt 1.0 1.0
vt 0.0 1.0
vt 0.0 0.0
vt 1.0 0.0
vt 1.0 1.0
vt 0.0 1.0
vt 0.0 0.0
vt 1.0 0.0
vt 1.0 1.0
vt 0.0 1.0
vt 0.0 0.0
vt 1.0 0.0
vt 1.0 1.0
vt 0.0 1.0
vt 0.0 0.0
vt 1.0 0.0
vt 1.0 1.0
vt 0.0 1.0
vt 0.0 0.0
vt 1.0 0.0
vt 1.0 1.0
vt 0.0 1.0
vt 0.0 0.0
vt 1.0 0.0
vt 1.0 1.0
vt 0.0 1.0
vt 0.0 0.0
vt 1.0 0.0
vt 1.0 1.0
vt 0.0 1.0
vt 0.0 0.0
vt 1.0 0.0
vt 1.0 1.0
vt 0.0 1.0
vt 0.0 0.0
vt 1.0 0.0
vt 1.0 1.0
vt 0.0 1.0
vt 0.0 0.0
vt 1.0 0.0
vt 1.0 1.0
vt 0.0 1.0
vt 0.0 0.0
vt 1.0 0.0
vt 1.0 1.0
vt 0.0 1.0
vt 0.0 0.0
vt 1.0 0.0
vt 1.0 1.0
vt 0.0 1.0
vt 0.0 0.0
vt 1.0 0.0
vt 1.0 1.0
vt 0.0 1.0
vt 0.0 0.0
vt 1.0 0.0
vt 1.0 1.0
vt 0.0 1.0
vt 0.0 0.0
vt 1.0 0.0
vt 1.0 1.0
vt 0.0 1.0
vt 0.0 0.0
vt 1.0 0.0
vt 1.0 1.0
vt 0.0 1.0
vt 0.0 0.0
vt 1.0 0.0
vt 1.0 1.0
vt 0.0 1.0
vt 0.0 0.0
vt 1.0 0.0
vt 1.0 1.0
vt 0.0 1.0
vt 0.0 0.0
vt 1.0 0.0
vt 1.0 1.0
vt 0.0 1.0
vt 0.0 0.0
vt 1.0 0.0
vt 1.0 1.0
vt 0.0 1.0
vt 0.0 0.0
vt 1.0 0.0
vt 1.0 1.0
vt 0.0 1.0
vt 0.0 0.0
vt 1.0 0.0
vt 1.0 1.0
vt 0.0 1.0
vt 0.0 0.0
vt 1.0 0.0
vt 1.0 1.0
vt 0.0 1.0
vt 0.0 0.0
vt 1.0 0.0
vt 1.0 1.0
vt 0.0 1.0
vt 0.0 0.0
vt 1.0 0.0
vt 1.0 1.0
vt 0.0 1.0
vt 0.0 0.0
vt 1.0 0.0
vt 1.0 1.0
vt 0.0 1.0
vt 0.0 0.0
vt 1.0 0.0
vt 1.0 1.0
vt 0.0 1.0
vt 0.0 0.0
vt 1.0 0.0
vt 1.0 1.0
vt 0.0 1.0
vt 0.0 0.0
vt 1.0 0.0
vt 1.0 1.0
vt 0.0 1.0
vt 0.0 0.0
vt 1.0 0.0
vt 1.0 1.0
vt 0.0 1.0
vt 0.0 0.0
vt 1.0 0.0
vt 1.0 1.0
vt 0.0 1.0
vt 0.0 0.0
vt 1.0 0.0
vt 1.0 1.0
vt 0.0 1.0
vt 0.0 0.0
vt 1.0 0.0
vt 1.0 1.0
vt 0.0 1.0
vt 0.0 0.0
vt 1.0 0.0
vt 1.0 1.0
vt 0.0 1.0
vt 0.0 0.0
vt 1.0 0.0
vt 1.0 1.0
vt 0.0 1.0
vt 0.0 0.0
vt 1.0 0.0
vt 1.0 1.0
vt 0.0 1.0
vt 0.0 0.0
vt 1.0 0.0
vt 1.0 1.0
vt 0.0 1.0
vt 0.0 0.0
vt 1.0 0.0
vt 1.0 1.0
vt 0.0 1.0
vt 0.0 0.0
vt 1.0 0.0
vt 1.0 1.0
vt 0.0 1.0
vt 0.0 0.0
vt 1.0 0.0
vt 1.0 1.0
vt 0.0 1.0
vt 0.0 0.0
vt 1.0 0.0
vt 1.0 1.0
vt 0.0 1.0
vt 0.0 0.0
vt 1.0 0.0
vt 1.0 1.0
vt 0.0 1.0
vt 0.0 0.0
vt 1.0 0.0
vt 1.0 1.0
vt 0.0 1.0
vt 0.0 0.0
vt 1.0 0.0
vt 1.0 1.0
vt 0.0 1.0
vt 0.0 0.0
vt 1.0 0.0
vt 1.0 1.0
vt 0.0 1.0
vt 0.0 0.0
vt 1.0 0.0
vt 1.0 1.0
vt 0.0 1.0
vt 0.0 0.0
vt 1.0 0.0
vt 1.0 1.0
vt 0.0 1.0
vt 0.0 0.0
vt 1.0 0.0
vt 1.0 1.0
vt 0.0 1.0
vt 0.0 0.0
vt 1.0 0.0
vt 1.0 1.0
vt 0.0 1.0
vt 0.0 0.0
vt 1.0 0.0
vt 1.0 1.0
vt 0.0 1.0
vt 0.0 0.0
vt 1.0 0.0
vt 1.0 1.0
vt 0.0 1.0
vt 0.0 0.0
vt 1.0 0.0
vt 1.0 1.0
vt 0.0 1.0
vt 0.0 0.0
vt 1.0 0.0
vt 1.0 1.0
vt 0.0 1.0
vt 0.0 0.0
vt 1.0 0.0
vt 1.0 1.0
vt 0.0 1.0
vt 0.0 0.0
vt 1.0 0.0
vt 1.0 1.0
vt 0.0 1.0
vt 0.0 0.0
vt 1.0 0.0
vt 1.0 1.0
vt 0.0 1.0
vt 0.0 0.0
vt 1.0 0.0
vt 1.0 1.0
vt 0.0 1.0
vt 0.0 0.0
vt 1.0 0.0
vt 1.0 1.0
vt 0.0 1.0
vt 0.0 0.0
vt 1.0 0.0
vt 1.0 1.0
vt 0.0 1.0
vt 0.0 0.0
vt 1.0 0.0
vt 1.0 1.0
vt 0.0 1.0
vt 0.0 0.0
vt 1.0 0.0
vt 1.0 1.0
vt 0.0 1.0
vt 0.0 0.0
vt 1.0 0.0
vt 1.0 1.0
vt 0.0 1.0
vt 0.0 0.0
vt 1.0 0.0
vt 1.0 1.0
vt 0.0 1.0
vt 0.0 0.0
vt 1.0 0.0
vt 1.0 1.0
vt 0.0 1.0
vt 0.0 0.0
vt 1.0 0.0
vt 1.0 1.0
vt 0.0 1.0
vt 0.0 0.0
vt 1.0 0.0
vt 1.0 1.0
vt 0.0 1.0
vt 0.0 0.0
vt 1.0 0.0
vt 1.0 1.0
vt 0.0 1.0
vt 0.0 0.0
vt 1.0 0.0
vt 1.0 1.0
vt 0.0 1.0
vt 0.0 0.0
vt 1.0 0.0
vt 1.0 1.0
vt 0.0 1.0
vt 0.0 0.0
vt 1.0 0.0
vt 1.0 1.0
vt 0.0 1.0
vt 0.0 0.0
vt 1.0 0.0
vt 1.0 1.0
vt 0.0 1.0
vt 0.0 0.0
vt 1.0 0.0
vt 1.0 1.0
vt 0.0 1.0
vt 0.0 0.0
vt 1.0 0.0
vt 1.0 1.0
vt 0.0 1.0
vt 0.0 0.0
vt 1.0 0.0
vt 1.0 1.0
vt 0.0 1.0
vt 0.0 0.0
vt 1.0 0.0
vt 1.0 1.0
vt 0.0 1.0
vt 0.0 0.0
vt 1.0 0.0
vt 1.0 1.0
vt 0.0 1.0
vt 0.0 0.0
vt 1.0 0.0
vt 1.0 1.0
vt 0.0 1.0
vt 0.0 0.0
vt 1.0 0.0
vt 1.0 1.0
vt 0.0 1.0
vt 0.0 0.0
vt 1.0 0.0
vt 1.0 1.0
vt 0.0 1.0
vt 0.0 0.0
vt 1.0 0.0
vt 1.0 1.0
vt 0.0 1.0
vt 0.0 0.0
vt 1.0 0.0
vt 1.0 1.0
vt 0.0 1.0
vt 0.0 0.0
vt 1.0 0.0
vt 1.0 1.0
vt 0.0 1.0
vt 0.0 0.0
vt 1.0 0.0
vt 1.0 1.0
vt 0.0 1.0
vt 0.0 0.0
vt 1.0 0.0
vt 1.0 1.0
vt 0.0 1.0
vt 0.0 0.0
vt 1.0 0.0
vt 1.0 1.0
vt 0.0 1.0
vt 0.0 0.0
vt 1.0 0.0
vt 1.0 1.0
vt 0.0 1.0
vt 0.0 0.0
vt 1.0 0.0
vt 1.0 1.0
vt 0.0 1.0
vt 0.0 0.0
vt 1.0 0.0
vt 1.0 1.0
vt 0.0 1.0
vt 0.0 0.0
vt 1.0 0.0
vt 1.0 1.0
vt 0.0 1.0
vt 0.0 0.0
vt 1.0 0.0
vt 1.0 1.0
vt 0.0 1.0
vt 0.0 0.0
vt 1.0 0.0
vt 1.0 1.0
vt 0.0 1.0
vt 0.0 0.0
vt 1.0 0.0
vt 1.0 1.0
vt 0.0 1.0
vt 0.0 0.0
vt 1.0 0.0
vt 1.0 1.0
vt 0.0 1.0
vt 0.0 0.0
vt 1.0 0.0
vt 1.0 1.0
vt 0.0 1.0
vt 0.0 0.0
vt 1.0 0.0
vt 1.0 1.0
vt 0.0 1.0
vt 0.0 0.0
vt 1.0 0.0
vt 1.0 1.0
vt 0.0 1.0
vt 0.0 0.0
vt 1.0 0.0
vt 1.0 1.0
vt 0.0 1.0
vt 0.0 0.0
vt 1.0 0.0
vt 1.0 1.0
vt 0.0 1.0
vt 0.0 0.0
vt 1.0 0.0
vt 1.0 1.0
vt 0.0 1.0
vt 0.0 0.0
vt 1.0 0.0
vt 1.0 1.0
vt 0.0 1.0
vt 0.0 0.0
vt 1.0 0.0
vt 1.0 1.0
vt 0.0 1.0
vt 0.0 0.0
vt 1.0 0.0
vt 1.0 1.0
vt 0.0 1.0
vt 0.0 0.0
vt 1.0 0.0
vt 1.0 1.0
vt 0.0 1.0
vt 0.0 0.0
vt 1.0 0.0
vt 1.0 1.0
vt 0.0 1.0
vt 0.0 0.0
vt 1.0 0.0
vt 1.0 1.0
vt 0.0 1.0
vt 0.0 0.0
vt 1.0 0.0
vt 1.0 1.0
vt 0.0 1.0
vt 0.0 0.0
vt 1.0 0.0
vt 1.0 1.0
vt 0.0 1.0
vt 0.0 0.0
vt 1.0 0.0
vt 1.0 1.0
vt 0.0 1.0
vt 0.0 0.0
vt 1.0 0.0
vt 1.0 1.0
vt 0.0 1.0
vt 0.0 0.0
vt 1.0 0.0
vt 1.0 1.0
vt 0.0 1.0
vt 0.0 0.0
vt 1.0 0.0
vt 1.0 1.0
vt 0.0 1.0
vt 0.0 0.0
vt 1.0 0.0
vt 1.0 1.0
vt 0.0 1.0
vt 0.0 0.0
vt 1.0 0.0
vt 1.0 1.0
vt 0.0 1.0
vt 0.0 0.0
vt 1.0 0.0
vt 1.0 1.0
vt 0.0 1.0
vt 0.0 0.0
vt 1.0 0.0
vt 1.0 1.0
vt 0.0 1.0
vt 0.0 0.0
vt 1.0 0.0
vt 1.0 1.0
vt 0.0 1.0
vt 0.0 0.0
vt 1.0 0.0
vt 1.0 1.0
vt 0.0 1.0
vt 0.0 0.0
vt 1.0 0.0
vt 1.0 1.0
vt 0.0 1.0
vt 0.0 0.0
vt 1.0 0.0
vt 1.0 1.0
vt 0.0 1.0
vt 0.0 0.0
vt 1.0 0.0
vt 1.0 1.0
vt 0.0 1.0
vt 0.0 0.0
vt 1.0 0.0
vt 1.0 1.0
vt 0.0 1.0
vt 0.0 0.0
vt 1.0 0.0
vt 1.0 1.0
vt 0.0 1.0
vt 0.0 0.0
vt 1.0 0.0
vt 1.0 1.0
vt 0.0 1.0
vt 0.0 0.0
vt 1.0 0.0
vt 1.0 1.0
vt 0.0 1.0
vt 0.0 0.0
vt 1.0 0.0
vt 1.0 1.0
vt 0.0 1.0
vt 0.0 0.0
vt 1.0 0.0
vt 1.0 1.0
vt 0.0 1.0
vt 0.0 0.0
vt 1.0 0.0
vt 1.0 1.0
vt 0.0 1.0
vt 0.0 0.0
vt 1.0 0.0
vn 0.0 0.0 1.0
vn 0.0 0.0 1.0
vn 0.0 0.0 1.0
vn 0.0 0.0 1.0
vn 0.0 0.0 1.0
vn 0.0 0.0 1.0
vn 0.0 0.0 1.0
vn 0.0 0.0 1.0
vn 0.0 0.0 1.0
vn 0.0 0.0 1.0
vn 0.0 0.0 1.0
vn 0.0 0.0 1.0
vn 0.0 0.0 1.0
vn 0.0 0.0 1.0
vn 0.0 0.0 1.0
vn 0.0 0.0 1.0
vn 0.0 0.0 1.0
vn 0.0 0.0 1.0
vn 0.0 0.0 1.0
vn 0.0 0.0 1.0
vn 0.0 0.0 1.0
vn 0.0 0.0 1.0
vn 0.0 0.0 1.0
vn 0.0 0.0 1.0
vn 0.0 0.0 1.0
vn 0.0 0.0 1.0
vn 0.0 0.0 1.0
vn 0.0 0.0 1.0
vn 0.0 0.0 1.0
vn 0.0 0.0 1.0
vn 0.0 0.0 1.0
vn 0.0 0.0 1.0
vn 0.0 0.0 1.0
vn 0.0 0.0 1.0
vn 0.0 0.0 1.0
vn 0.0 0.0 1.0
vn 0.0 0.0 1.0
vn 0.0 0.0 1.0
vn 0.0 0.0 1.0
vn 0.0 0.0 1.0
vn 0.0 0.0 1.0
vn 0.0 0.0 1.0
vn 0.0 0.0 1.0
vn 0.0 0.0 1.0
vn 0.0 0.0 1.0
vn 0.0 0.0 1.0
vn 0.0 0.0 1.0
vn 0.0 0.0 1.0
vn 0.0 0.0 1.0
vn 0.0 0.0 1.0
vn 0.0 0.0 1.0
vn 0.0 0.0 1.0
vn 0.0 0.0 1.0
vn 0.0 0.0 1.0
vn 0.0 0.0 1.0
vn 0.0 0.0 1.0
vn 0.0 0.0 1.0
vn 0.0 0.0 1.0
vn 0.0 0.0 1.0
vn 0.0 0.0 1.0
vn 0.0 0.0 1.0
vn 0.0 0.0 1.0
vn 0.0 0.0 1.0
vn 0.0 0.0 1.0
vn 0.0 0.0 1.0
vn 0.0 0.0 1.0
vn 0.0 0.0 1.0
vn 0.0 0.0 1.0
vn 0.0 0.0 1.0
vn 0.0 0.0 1.0
vn 0.0 0.0 1.0
vn 0.0 0.0 1.0
vn 0.0 0.0 1.0
vn 0.0 0.0 1.0
vn 0.0 0.0 1.0
vn 0.0 0.0 1.0
vn 0.0 0.0 1.0
vn 0.0 0.0 1.0
vn 0.0 0.0 1.0
vn 0.0 0.0 1.0
vn 0.0 0.0 1.0
vn 0.0 0.0 1.0
vn 0.0 0.0 1.0
vn 0.0 0.0 1.0
vn 0.0 0.0 1.0
vn 0.0 0.0 1.0
vn 0.0 0.0 1.0
vn 0.0 0.0 1.0
vn 0.0 0.0 1.0
vn 0.0 0.0 1.0
vn 0.0 0.0 1.0
vn 0.0 0.0 1.0
vn 0.0 0.0 1.0
vn 0.0 0.0 1.0
vn 0.9945 -0.0 0.1047
vn 0.8321 -0.0 0.5547
vn -0.0314 0.0237 0.9992
vn 0.9932 -0.0 0.1168
vn 0.9894 0.0355 0.1406
vn 0.5609 0.5609 0.609
vn 0.0781 0.9832 0.1648
vn 0.8498 0.0198 0.5267
vn 0.056 0.7882 0.6129
vn -0.0237 -0.0314 0.9992
vn 0.7069 0.7069 0.0245
vn -0.0189 -0.0 0.9998
vn -0.0188 -0.0 0.9998
vn 0.8321 0.0 0.5547
vn 0.7071 0.0 0.7071
vn 0.0 0.7071 0.7071
vn 0.1841 -0.0188 0.9827
vn 0.1841 -0.0187 0.9827
vn 0.7071 -0.0 0.7071
vn 0.8321 -0.0 0.5547
vn 0.0434 0.0 0.9991
vn 0.7071 -0.0 0.7071
vn 0.8321 -0.0 0.5547
vn 0.0434 0.0 0.9991
vn -0.0 0.0189 0.9998
vn -0.0 0.0188 0.9998
vn 0.0 -0.8321 0.5547
vn 0.0 -0.7071 0.7071
vn 0.7071 -0.0 0.7071
vn -0.0188 -0.1841 0.9827
vn -0.0187 -0.1841 0.9827
vn -0.0189 -0.0 0.9998
vn -0.0188 -0.0 0.9998
vn 0.8321 0.0 0.5547
vn 0.7071 0.0 0.7071
vn 0.0 0.7071 0.7071
vn 0.1841 -0.0188 0.9827
vn 0.1841 -0.0187 0.9827
vn 0.7071 -0.0 0.7071
vn 0.8321 -0.0 0.5547
vn 0.0434 0.0 0.9991
vn 0.6947 0.0309 0.7186
vn 0.5609 0.5609 0.609
vn 0.028 0.7246 0.6886
vn 0.8515 0.0338 0.5233
vn -0.0025 0.844 0.5364
vn 0.0062 0.0149 0.9999
vn -0.0189 -0.0 0.9998
vn -0.0188 -0.0 0.9998
vn 0.8321 0.0 0.5547
vn 0.7071 0.0 0.7071
vn 0.0 0.7071 0.7071
vn 0.1841 -0.0188 0.9827
vn 0.1841 -0.0187 0.9827
vn 0.7071 -0.0 0.7071
vn 0.8321 -0.0 0.5547
vn 0.0434 0.0 0.9991
vn -0.0 0.0189 0.9998
vn -0.0 0.0188 0.9998
vn 0.0 -0.8321 0.5547
vn 0.0 -0.7071 0.7071
vn 0.7071 -0.0 0.7071
vn -0.0188 -0.1841 0.9827
vn -0.0187 -0.1841 0.9827
vn -0.0 -0.7071 0.7071
vn 0.0 -0.0434 0.9991
vn -0.0 -0.8321 0.5547
vn -0.001383 0.006577 0.999977
vn -0.001383 0.006577 0.999977
vn -0.001383 0.006577 0.999977
vn -0.001383 0.006577 0.999977
vn -0.001383 0.006577 0.999977
vn -0.001383 0.006577 0.999977
vn -0.001383 0.006577 0.999977
vn -0.001383 0.006577 0.999977
vn -0.001383 0.006577 0.999977
vn -0.001383 0.006577 0.999977
vn -0.001383 0.006577 0.999977
vn -0.001383 0.006577 0.999977
vn -0.001383 0.006577 0.999977
vn -0.001383 0.006577 0.999977
vn -0.001383 0.006577 0.999977
vn -0.001383 0.006577 0.999977
vn -0.001383 0.006577 0.999977
vn -0.001383 0.006577 0.999977
vn -0.001383 0.006577 0.999977
vn -0.001383 0.006577 0.999977
vn -0.0189 -0.0 0.9998
vn -0.0188 -0.0 0.9998
vn 0.8321 0.0 0.5547
vn 0.7071 0.0 0.7071
vn 0.0 0.7071 0.7071
vn 0.1841 -0.0188 0.9827
vn 0.1841 -0.0187 0.9827
vn 0.7071 -0.0 0.7071
vn 0.8321 -0.0 0.5547
vn 0.0434 0.0 0.9991
vn 0.6947 0.0309 0.7186
vn 0.5609 0.5609 0.609
vn 0.028 0.7246 0.6886
vn 0.8515 0.0338 0.5233
vn -0.0025 0.844 0.5364
vn 0.0062 0.0149 0.9999
vn 0.0 0.7071 0.7071
vn 0.0 0.8321 0.5547
vn -0.0 0.0434 0.9991
vn -0.0 -0.7071 0.7071
vn 0.0 -0.0434 0.9991
vn -0.0 -0.8321 0.5547
vn 0.0 0.7071 0.7071
vn 0.0 0.8321 0.5547
vn -0.0 0.0434 0.9991
vn 0.0 0.0 1.0
vn -1.0 0.0 -0.0
vn 1.0 0.0 0.0
vn -0.0 0.6618 0.7497
vn -0.0 -0.3162 0.9487
vn -0.0 -0.0 1.0
vn 1.0 -0.0 0.0
vn -1.0 -0.0 -0.0
vn -0.0189 -0.0 0.9998
vn -0.0188 -0.0 0.9998
vn 0.8321 0.0 0.5547
vn 0.7071 0.0 0.7071
vn 0.0 0.7071 0.7071
vn 0.1841 -0.0188 0.9827
vn 0.1841 -0.0187 0.9827
vn 0.7071 -0.0 0.7071
vn 0.8321 -0.0 0.5547
vn 0.0434 0.0 0.9991
vn 0.6947 0.0309 0.7186
vn 0.5609 0.5609 0.609
vn 0.028 0.7246 0.6886
vn 0.8515 0.0338 0.5233
vn -0.0025 0.844 0.5364
vn 0.0062 0.0149 0.9999
vn 0.0 0.0 1.0
vn -1.0 0.0 -0.0
vn 1.0 0.0 0.0
vn 0.0 0.7071 0.7071
vn 0.0 0.8321 0.5547
vn -0.0 0.0434 0.9991
vn 0.0 0.7071 0.7071
vn 0.0 0.8321 0.5547
vn -0.0 0.0434 0.9991
vn -0.0189 -0.0 0.9998
vn -0.0188 -0.0 0.9998
vn 0.8321 0.0 0.5547
vn 0.7071 0.0 0.7071
vn 0.0 0.7071 0.7071
vn 0.1841 -0.0188 0.9827
vn 0.1841 -0.0187 0.9827
vn 0.7071 -0.0 0.7071
vn 0.8321 -0.0 0.5547
vn 0.0434 0.0 0.9991
vn 0.6947 0.0309 0.7186
vn 0.5609 0.5609 0.609
vn 0.028 0.7246 0.6886
vn 0.8515 0.0338 0.5233
vn -0.0025 0.844 0.5364
vn 0.0062 0.0149 0.9999
vn -0.0189 -0.0 0.9998
vn -0.0188 -0.0 0.9998
vn 0.8321 0.0 0.5547
vn 0.7071 0.0 0.7071
vn 0.0 0.7071 0.7071
vn 0.1841 -0.0188 0.9827
vn 0.1841 -0.0187 0.9827
vn 0.7071 -0.0 0.7071
vn 0.8321 -0.0 0.5547
vn 0.0434 0.0 0.9991
vn 0.6947 0.0309 0.7186
vn 0.5609 0.5609 0.609
vn 0.028 0.7246 0.6886
vn 0.8515 0.0338 0.5233
vn -0.0025 0.844 0.5364
vn 0.0062 0.0149 0.9999
vn -0.001383 0.006577 0.999977
vn -0.001383 0.006577 0.999977
vn -0.001383 0.006577 0.999977
vn -0.001383 0.006577 0.999977
vn -0.001383 0.006577 0.999977
vn -0.001383 0.006577 0.999977
vn -0.001383 0.006577 0.999977
vn -0.001383 0.006577 0.999977
vn -0.001383 0.006577 0.999977
vn -0.001383 0.006577 0.999977
vn -0.001383 0.006577 0.999977
vn -0.001383 0.006577 0.999977
vn -0.001383 0.006577 0.999977
vn -0.001383 0.006577 0.999977
vn -0.001383 0.006577 0.999977
vn -0.001383 0.006577 0.999977
vn -0.001383 0.006577 0.999977
vn -0.001383 0.006577 0.999977
vn -0.001383 0.006577 0.999977
vn -0.001383 0.006577 0.999977
vn 0.0 0.0 1.0
vn -1.0 0.0 -0.0
vn 1.0 0.0 0.0
vn 0.0 0.7071 0.7071
vn 0.0 0.8321 0.5547
vn -0.0 0.0434 0.9991
vn -0.0189 -0.0 0.9998
vn -0.0188 -0.0 0.9998
vn 0.8321 0.0 0.5547
vn 0.7071 0.0 0.7071
vn 0.0 0.7071 0.7071
vn 0.1841 -0.0188 0.9827
vn 0.1841 -0.0187 0.9827
vn 0.7071 -0.0 0.7071
vn 0.8321 -0.0 0.5547
vn 0.0434 0.0 0.9991
vn 0.7071 -0.0 0.7071
vn 0.8321 -0.0 0.5547
vn 0.0434 0.0 0.9991
vn -0.0 0.0189 0.9998
vn -0.0 0.0188 0.9998
vn 0.0 -0.8321 0.5547
vn 0.0 -0.7071 0.7071
vn 0.7071 -0.0 0.7071
vn -0.0188 -0.1841 0.9827
vn -0.0187 -0.1841 0.9827
vn 0.0 0.7071 0.7071
vn 0.0 0.8321 0.5547
vn -0.0 0.0434 0.9991
vn -0.0189 -0.0 0.9998
vn -0.0188 -0.0 0.9998
vn 0.8321 0.0 0.5547
vn 0.7071 0.0 0.7071
vn 0.0 0.7071 0.7071
vn 0.1841 -0.0188 0.9827
vn 0.1841 -0.0187 0.9827
vn 0.7071 -0.0 0.7071
vn 0.8321 -0.0 0.5547
vn 0.0434 0.0 0.9991
vn -0.0 0.0189 0.9998
vn -0.0 0.0188 0.9998
vn 0.0 -0.8321 0.5547
vn 0.0 -0.7071 0.7071
vn 0.7071 -0.0 0.7071
vn -0.0188 -0.1841 0.9827
vn -0.0187 -0.1841 0.9827
vn -0.0 -0.7071 0.7071
vn 0.0 -0.0434 0.9991
vn -0.0 -0.8321 0.5547
vn 0.0309 -0.6947 0.7186
vn 0.5609 -0.5609 0.609
vn 0.7246 -0.028 0.6886
vn 0.0338 -0.8515 0.5233
vn 0.844 0.0025 0.5364
vn 0.0149 -0.0062 0.9999
vn -0.0 0.0189 0.9998
vn -0.0 0.0188 0.9998
vn 0.0 -0.8321 0.5547
vn 0.0 -0.7071 0.7071
vn 0.7071 -0.0 0.7071
vn -0.0188 -0.1841 0.9827
vn -0.0187 -0.1841 0.9827
vn 0.0 0.7071 0.7071
vn 0.0 0.8321 0.5547
vn -0.0 0.0434 0.9991
vn -0.0189 -0.0 0.9998
vn -0.0188 -0.0 0.9998
vn 0.8321 0.0 0.5547
vn 0.7071 0.0 0.7071
vn 0.0 0.7071 0.7071
vn 0.1841 -0.0188 0.9827
vn 0.1841 -0.0187 0.9827
vn 0.7071 -0.0 0.7071
vn 0.8321 -0.0 0.5547
vn 0.0434 0.0 0.9991
vn -0.0 0.0189 0.9998
vn -0.0 0.0188 0.9998
vn 0.0 -0.8321 0.5547
vn 0.0 -0.7071 0.7071
vn 0.7071 -0.0 0.7071
vn -0.0188 -0.1841 0.9827
vn -0.0187 -0.1841 0.9827
vn -0.0 -0.7071 0.7071
vn 0.0 -0.0434 0.9991
vn -0.0 -0.8321 0.5547
vn 0.0 0.0 1.0
vn -1.0 0.0 -0.0
vn 1.0 0.0 0.0
vn -0.0 -0.7071 0.7071
vn 0.0 -0.0434 0.9991
vn -0.0 -0.8321 0.5547
vn -0.0 -0.7071 0.7071
vn 0.0 -0.0434 0.9991
vn -0.0 -0.8321 0.5547
vn 0.0 0.0 1.0
vn -1.0 0.0 -0.0
vn 1.0 0.0 0.0
vn -0.0189 -0.0 0.9998
vn -0.0188 -0.0 0.9998
vn 0.8321 0.0 0.5547
vn 0.7071 0.0 0.7071
vn 0.0 0.7071 0.7071
vn 0.1841 -0.0188 0.9827
vn 0.1841 -0.0187 0.9827
vn 0.6947 0.0309 0.7186
vn 0.5609 0.5609 0.609
vn 0.028 0.7246 0.6886
vn 0.8515 0.0338 0.5233
vn -0.0025 0.844 0.5364
vn 0.0062 0.0149 0.9999
vn 0.0 0.7071 0.7071
vn 0.0 0.8321 0.5547
vn -0.0 0.0434 0.9991
vn -0.0189 -0.0 0.9998
vn -0.0188 -0.0 0.9998
vn 0.8321 0.0 0.5547
vn 0.7071 0.0 0.7071
vn 0.0 0.7071 0.7071
vn 0.1841 -0.0188 0.9827
vn 0.1841 -0.0187 0.9827
vn 0.7071 -0.0 0.7071
vn 0.8321 -0.0 0.5547
vn 0.0434 0.0 0.9991
vn -0.0 0.0189 0.9998
vn -0.0 0.0188 0.9998
vn 0.0 -0.8321 0.5547
vn 0.0 -0.7071 0.7071
vn 0.7071 -0.0 0.7071
vn -0.0188 -0.1841 0.9827
vn -0.0187 -0.1841 0.9827
vn -0.0 -0.7071 0.7071
vn 0.0 -0.0434 0.9991
vn -0.0 -0.8321 0.5547
vn 0.0 0.7071 0.7071
vn 0.0 0.8321 0.5547
vn -0.0 0.0434 0.9991
vn -0.0189 -0.0 0.9998
vn -0.0188 -0.0 0.9998
vn 0.8321 0.0 0.5547
vn 0.7071 0.0 0.7071
vn 0.0 0.7071 0.7071
vn 0.1841 -0.0188 0.9827
vn 0.1841 -0.0187 0.9827
vn 0.6947 0.0309 0.7186
vn 0.5609 0.5609 0.609
vn 0.028 0.7246 0.6886
vn 0.8515 0.0338 0.5233
vn -0.0025 0.844 0.5364
vn 0.0062 0.0149 0.9999
vn -0.0 0.707107 0.707107
vn -0.0 0.707107 0.707107
vn -0.0 0.707107 0.707107
vn -0.0 0.707107 0.707107
vn -0.0 0.0 1.0
vn -0.0 0.0 1.0
vn -0.0 0.0 1.0
vn -0.0 0.0 1.0
vn -0.0 -0.707107 -0.707107
vn -0.0 -0.707107 -0.707107
vn -0.0 -0.707107 -0.707107
vn -0.0 -0.707107 -0.707107
vn -0.0 0.0 -1.0
vn -0.0 0.0 -1.0
vn -0.0 0.0 -1.0
vn -0.0 0.0 -1.0
vn -1.0 0.0 0.0
vn -1.0 0.0 0.0
vn -1.0 0.0 0.0
vn -1.0 0.0 0.0
vn 1.0 0.0 0.0
vn 1.0 0.0 0.0
vn 1.0 0.0 0.0
vn 1.0 0.0 0.0
vn -0.0 0.707107 0.707107
vn -0.0 -0.7071 0.7071
vn 0.0 -0.0434 0.9991
vn -0.0 -0.8321 0.5547
vn 0.0 0.7071 0.7071
vn 0.0 0.8321 0.5547
vn -0.0 0.0434 0.9991
vn 0.0 0.7071 0.7071
vn 0.0 0.8321 0.5547
vn -0.0 0.0434 0.9991
vn -0.0189 -0.0 0.9998
vn -0.0188 -0.0 0.9998
vn 0.8321 0.0 0.5547
vn 0.7071 0.0 0.7071
vn 0.0 0.7071 0.7071
vn 0.1841 -0.0188 0.9827
vn 0.1841 -0.0187 0.9827
vn 0.6947 0.0309 0.7186
vn 0.5609 0.5609 0.609
vn 0.028 0.7246 0.6886
vn 0.8515 0.0338 0.5233
vn -0.0025 0.844 0.5364
vn 0.0062 0.0149 0.9999
vn 0.0 -0.0189 0.9998
vn 0.0 -0.0188 0.9998
vn -0.0 0.8321 0.5547
vn -0.0 0.7071 0.7071
vn -0.7071 0.0 0.7071
vn 0.0188 0.1841 0.9827
vn 0.0187 0.1841 0.9827
vn -0.7071 0.0 0.7071
vn -0.8321 0.0 0.5547
vn -0.0434 -0.0 0.9991
vn 0.0189 0.0 0.9998
vn 0.0188 0.0 0.9998
vn -0.8321 -0.0 0.5547
vn -0.7071 -0.0 0.7071
vn -0.0 -0.7071 0.7071
vn -0.1841 0.0188 0.9827
vn -0.1841 0.0187 0.9827
vn 0.0309 -0.6947 0.7186
vn 0.5609 -0.5609 0.609
vn 0.7246 -0.028 0.6886
vn 0.0338 -0.8515 0.5233
vn 0.844 0.0025 0.5364
vn 0.0149 -0.0062 0.9999
vn 0.7071 -0.0 0.7071
vn 0.8321 -0.0 0.5547
vn 0.0434 0.0 0.9991
vn 0.6618 0.0 0.7497
vn -0.3162 0.0 0.9487
vn -0.0 0.0 1.0
vn -0.0 -1.0 0.0
vn -0.0 1.0 -0.0
vn 0.7071 -0.0 0.7071
vn 0.8321 -0.0 0.5547
vn 0.0434 0.0 0.9991
vn -0.0 0.0189 0.9998
vn -0.0 0.0188 0.9998
vn 0.0 -0.8321 0.5547
vn 0.0 -0.7071 0.7071
vn 0.7071 -0.0 0.7071
vn -0.0188 -0.1841 0.9827
vn -0.0187 -0.1841 0.9827
vn -0.001383 0.006577 0.999977
vn -0.001383 0.006577 0.999977
vn -0.001383 0.006577 0.999977
vn -0.001383 0.006577 0.999977
vn -0.001383 0.006577 0.999977
vn -0.001383 0.006577 0.999977
vn -0.001383 0.006577 0.999977
vn -0.001383 0.006577 0.999977
vn -0.001383 0.006577 0.999977
vn -0.001383 0.006577 0.999977
vn -0.001383 0.006577 0.999977
vn -0.001383 0.006577 0.999977
vn -0.001383 0.006577 0.999977
vn -0.001383 0.006577 0.999977
vn -0.001383 0.006577 0.999977
vn -0.001383 0.006577 0.999977
vn -0.001383 0.006577 0.999977
vn -0.001383 0.006577 0.999977
vn -0.001383 0.006577 0.999977
vn -0.001383 0.006577 0.999977
vn 0.0 0.7071 0.7071
vn 0.0 0.8321 0.5547
vn -0.0 0.0434 0.9991
vn -0.6947 -0.0309 0.7186
vn -0.5609 -0.5609 0.609
vn -0.028 -0.7246 0.6886
vn -0.8515 -0.0338 0.5233
vn 0.0025 -0.844 0.5364
vn -0.0062 -0.0149 0.9999
vn -0.7071 0.0 0.7071
vn -0.8321 0.0 0.5547
vn -0.0434 -0.0 0.9991
vn 0.0189 0.0 0.9998
vn 0.0188 0.0 0.9998
vn -0.8321 -0.0 0.5547
vn -0.7071 -0.0 0.7071
vn -0.0 -0.7071 0.7071
vn -0.1841 0.0188 0.9827
vn -0.1841 0.0187 0.9827
vn -0.0 -0.7071 0.7071
vn 0.0 -0.0434 0.9991
vn -0.0 -0.8321 0.5547
vn -0.0 -0.7071 0.7071
vn 0.0 -0.0434 0.9991
vn -0.0 -0.8321 0.5547
vn -0.6947 -0.0309 0.7186
vn -0.5609 -0.5609 0.609
vn -0.028 -0.7246 0.6886
vn -0.8515 -0.0338 0.5233
vn 0.0025 -0.844 0.5364
vn -0.0062 -0.0149 0.9999
vn -0.7071 0.0 0.7071
vn -0.8321 0.0 0.5547
vn -0.0434 -0.0 0.9991
vn 0.0189 0.0 0.9998
vn 0.0188 0.0 0.9998
vn -0.8321 -0.0 0.5547
vn -0.7071 -0.0 0.7071
vn -0.0 -0.7071 0.7071
vn -0.1841 0.0188 0.9827
vn -0.1841 0.0187 0.9827
vn 0.0309 -0.6947 0.7186
vn 0.5609 -0.5609 0.609
vn 0.7246 -0.028 0.6886
vn 0.0338 -0.8515 0.5233
vn 0.844 0.0025 0.5364
vn 0.0149 -0.0062 0.9999
vn -0.0 0.0189 0.9998
vn -0.0 0.0188 0.9998
vn 0.0 -0.8321 0.5547
vn 0.0 -0.7071 0.7071
vn 0.7071 -0.0 0.7071
vn -0.0188 -0.1841 0.9827
vn -0.0187 -0.1841 0.9827
vn 0.0309 -0.6947 0.7186
vn 0.5609 -0.5609 0.609
vn 0.7246 -0.028 0.6886
vn 0.0338 -0.8515 0.5233
vn 0.844 0.0025 0.5364
vn 0.0149 -0.0062 0.9999
vn -0.0 0.0189 0.9998
vn -0.0 0.0188 0.9998
vn 0.0 -0.8321 0.5547
vn 0.0 -0.7071 0.7071
vn 0.7071 -0.0 0.7071
vn -0.0188 -0.1841 0.9827
vn -0.0187 -0.1841 0.9827
vn 0.0 0.0 1.0
vn -1.0 0.0 -0.0
vn 1.0 0.0 0.0
vn 0.0 -0.0189 0.9998
vn 0.0 -0.0188 0.9998
vn -0.0 0.8321 0.5547
vn -0.0 0.7071 0.7071
vn -0.7071 0.0 0.7071
vn 0.0188 0.1841 0.9827
vn 0.0187 0.1841 0.9827
vn -0.6618 -0.0 0.7497
vn 0.3162 -0.0 0.9487
vn 0.0 -0.0 1.0
vn 0.0 1.0 0.0
vn 0.0 -1.0 -0.0
vn 0.0189 0.0 0.9998
vn 0.0188 0.0 0.9998
vn -0.8321 -0.0 0.5547
vn -0.7071 -0.0 0.7071
vn -0.0 -0.7071 0.7071
vn -0.1841 0.0188 0.9827
vn -0.1841 0.0187 0.9827
vn -0.0 -0.7071 0.7071
vn 0.0 -0.0434 0.9991
vn -0.0 -0.8321 0.5547
vn -0.0 -0.7071 0.7071
vn 0.0 -0.0434 0.9991
vn -0.0 -0.8321 0.5547
vn -0.001383 0.006577 0.999977
vn -0.001383 0.006577 0.999977
vn -0.001383 0.006577 0.999977
vn -0.001383 0.006577 0.999977
vn -0.001383 0.006577 0.999977
vn -0.001383 0.006577 0.999977
vn -0.001383 0.006577 0.999977
vn -0.001383 0.006577 0.999977
vn -0.001383 0.006577 0.999977
vn -0.001383 0.006577 0.999977
vn -0.001383 0.006577 0.999977
vn -0.001383 0.006577 0.999977
vn -0.001383 0.006577 0.999977
vn -0.001383 0.006577 0.999977
vn -0.001383 0.006577 0.999977
vn -0.001383 0.006577 0.999977
vn -0.001383 0.006577 0.999977
vn -0.001383 0.006577 0.999977
vn -0.001383 0.006577 0.999977
vn -0.001383 0.006577 0.999977
vn -0.0 -0.7071 0.7071
vn 0.0 -0.0434 0.9991
vn -0.0 -0.8321 0.5547
vn -0.0189 -0.0 0.9998
vn -0.0188 -0.0 0.9998
vn 0.8321 0.0 0.5547
vn 0.7071 0.0 0.7071
vn 0.0 0.7071 0.7071
vn 0.1841 -0.0188 0.9827
vn 0.1841 -0.0187 0.9827
vn 0.6947 0.0309 0.7186
vn 0.5609 0.5609 0.609
vn 0.028 0.7246 0.6886
vn 0.8515 0.0338 0.5233
vn -0.0025 0.844 0.5364
vn 0.0062 0.0149 0.9999
vn -0.0 -0.6618 0.7497
vn 0.0 0.3162 0.9487
vn 0.0 0.0 1.0
vn -1.0 0.0 0.0
vn 1.0 0.0 0.0
vn 0.0 0.0 1.0
vn -1.0 0.0 -0.0
vn 1.0 0.0 0.0
vn 0.0 0.7071 0.7071
vn 0.0 0.8321 0.5547
vn -0.0 0.0434 0.9991
vn 0.0 -0.0189 0.9998
vn 0.0 -0.0188 0.9998
vn -0.0 0.8321 0.5547
vn -0.0 0.7071 0.7071
vn -0.7071 0.0 0.7071
vn 0.0188 0.1841 0.9827
vn 0.0187 0.1841 0.9827
vn -0.0309 0.6947 0.7186
vn -0.5609 0.5609 0.609
vn -0.7246 0.028 0.6886
vn -0.0338 0.8515 0.5233
vn -0.844 -0.0025 0.5364
vn -0.0149 0.0062 0.9999
vn -0.0 0.707107 0.707107
vn -0.0 0.707107 0.707107
vn -0.0 0.707107 0.707107
vn -0.0 0.707107 0.707107
vn -0.0 0.346512 0.938045
vn -0.0 0.346512 0.938045
vn -0.0 0.346512 0.938045
vn -0.0 0.346512 0.938045
vn -0.0 0.707107 0.707107
vn -0.0 0.707107 0.707107
vn -0.0 0.707107 0.707107
vn -0.0 0.707107 0.707107
vn -0.0 0.0 1.0
vn -0.0 0.0 1.0
vn 0.0 -0.0189 0.9998
vn 0.0 -0.0188 0.9998
vn -0.0 0.8321 0.5547
vn -0.0 0.7071 0.7071
vn -0.7071 0.0 0.7071
vn 0.0188 0.1841 0.9827
vn 0.0187 0.1841 0.9827
vn -0.0309 0.6947 0.7186
vn -0.5609 0.5609 0.609
vn -0.7246 0.028 0.6886
vn -0.0338 0.8515 0.5233
vn -0.844 -0.0025 0.5364
vn -0.0149 0.0062 0.9999
vn 0.0 0.7071 0.7071
vn 0.0 0.8321 0.5547
vn -0.0 0.0434 0.9991
vn -0.6947 -0.0309 0.7186
vn -0.5609 -0.5609 0.609
vn -0.028 -0.7246 0.6886
vn -0.8515 -0.0338 0.5233
vn 0.0025 -0.844 0.5364
vn -0.0062 -0.0149 0.9999
vn -0.7071 0.0 0.7071
vn -0.8321 0.0 0.5547
vn -0.0434 -0.0 0.9991
vn 0.0189 0.0 0.9998
vn 0.0188 0.0 0.9998
vn -0.8321 -0.0 0.5547
vn -0.7071 -0.0 0.7071
vn -0.0 -0.7071 0.7071
vn -0.1841 0.0188 0.9827
vn -0.1841 0.0187 0.9827
vn -0.001383 0.006577 0.999977
vn -0.001383 0.006577 0.999977
vn -0.001383 0.006577 0.999977
vn -0.001383 0.006577 0.999977
vn -0.001383 0.006577 0.999977
vn -0.001383 0.006577 0.999977
vn -0.001383 0.006577 0.999977
vn -0.001383 0.006577 0.999977
vn -0.001383 0.006577 0.999977
vn -0.001383 0.006577 0.999977
vn -0.001383 0.006577 0.999977
vn -0.001383 0.006577 0.999977
vn -0.001383 0.006577 0.999977
vn -0.001383 0.006577 0.999977
vn -0.001383 0.006577 0.999977
vn -0.001383 0.006577 0.999977
vn -0.001383 0.006577 0.999977
vn -0.001383 0.006577 0.999977
vn -0.001383 0.006577 0.999977
vn -0.001383 0.006577 0.999977
vn -0.0 0.707107 0.707107
vn -0.0 0.707107 0.707107
vn -0.0 0.707107 0.707107
vn -0.0 0.707107 0.707107
vn -0.0 0.346512 0.938045
vn -0.0 0.346512 0.938045
vn 0.0 -0.0189 0.9998
vn 0.0 -0.0188 0.9998
vn -0.0 0.8321 0.5547
vn -0.0 0.7071 0.7071
vn -0.7071 0.0 0.7071
vn 0.0188 0.1841 0.9827
vn 0.0187 0.1841 0.9827
vn -0.0309 0.6947 0.7186
vn -0.5609 0.5609 0.609
vn -0.7246 0.028 0.6886
vn -0.0338 0.8515 0.5233
vn -0.844 -0.0025 0.5364
vn -0.0149 0.0062 0.9999
vn 0.0 0.7071 0.7071
vn 0.0 0.8321 0.5547
vn -0.0 0.0434 0.9991
vn 0.0 -0.6618 0.7497
vn 0.0 0.3162 0.9487
vn 0.0 0.0 1.0
vn -1.0 0.0 0.0
vn 1.0 0.0 -0.0
vn -0.0 -0.7071 0.7071
vn 0.0 -0.0434 0.9991
vn -0.0 -0.8321 0.5547
vn 0.0 0.7071 0.7071
vn 0.0 0.8321 0.5547
vn -0.0 0.0434 0.9991
vn -0.6947 -0.0309 0.7186
vn -0.5609 -0.5609 0.609
vn -0.028 -0.7246 0.6886
vn -0.8515 -0.0338 0.5233
vn 0.0025 -0.844 0.5364
vn -0.0062 -0.0149 0.9999
vn -0.7071 0.0 0.7071
vn -0.8321 0.0 0.5547
vn -0.0434 -0.0 0.9991
vn 0.0189 0.0 0.9998
vn 0.0188 0.0 0.9998
vn -0.8321 -0.0 0.5547
vn -0.7071 -0.0 0.7071
vn -0.0 -0.7071 0.7071
vn -0.1841 0.0188 0.9827
vn -0.1841 0.0187 0.9827
vn -0.0 0.707107 0.707107
vn -0.0 0.707107 0.707107
vn -0.0 0.707107 0.707107
vn -0.0 0.707107 0.707107
vn -0.0 0.0 1.0
vn -0.0 0.0 1.0
vn -0.0 0.0 1.0
vn -0.0 0.0 1.0
vn -0.0 -0.707107 -0.707107
vn -0.0 -0.707107 -0.707107
vn -0.0 -0.707107 -0.707107
vn -0.0 -0.707107 -0.707107
vn -0.0 0.0 -1.0
vn -0.0 0.0 -1.0
vn 0.0 -0.0189 0.9998
vn 0.0 -0.0188 0.9998
vn -0.0 0.8321 0.5547
vn -0.0 0.7071 0.7071
vn -0.7071 0.0 0.7071
vn 0.0188 0.1841 0.9827
vn 0.0187 0.1841 0.9827
vn -0.7071 0.0 0.7071
vn -0.8321 0.0 0.5547
vn -0.0434 -0.0 0.9991
vn 0.0189 0.0 0.9998
vn 0.0188 0.0 0.9998
vn -0.8321 -0.0 0.5547
vn -0.7071 -0.0 0.7071
vn -0.0 -0.7071 0.7071
vn -0.1841 0.0188 0.9827
vn -0.1841 0.0187 0.9827
vn -0.001383 0.006577 0.999977
vn -0.001383 0.006577 0.999977
vn -0.001383 0.006577 0.999977
vn -0.001383 0.006577 0.999977
vn -0.001383 0.006577 0.999977
vn -0.001383 0.006577 0.999977
vn -0.001383 0.006577 0.999977
vn -0.001383 0.006577 0.999977
vn -0.001383 0.006577 0.999977
vn -0.001383 0.006577 0.999977
vn -0.001383 0.006577 0.999977
vn -0.001383 0.006577 0.999977
vn -0.001383 0.006577 0.999977
vn -0.001383 0.006577 0.999977
vn -0.001383 0.006577 0.999977
vn -0.001383 0.006577 0.999977
vn -0.001383 0.006577 0.999977
vn -0.001383 0.006577 0.999977
vn -0.001383 0.006577 0.999977
vn -0.001383 0.006577 0.999977
vn -0.001383 0.006577 0.999977
vn -0.001383 0.006577 0.999977
vn -0.001383 0.006577 0.999977
vn -0.001383 0.006577 0.999977
vn -0.001383 0.006577 0.999977
vn -0.001383 0.006577 0.999977
vn -0.001383 0.006577 0.999977
vn -0.001383 0.006577 0.999977
vn -0.001383 0.006577 0.999977
vn -0.001383 0.006577 0.999977
vn -0.001383 0.006577 0.999977
vn -0.001383 0.006577 0.999977
vn -0.001383 0.006577 0.999977
vn -0.001383 0.006577 0.999977
vn -0.001383 0.006577 0.999977
vn -0.001383 0.006577 0.999977
vn -0.001383 0.006577 0.999977
vn -0.001383 0.006577 0.999977
vn -0.001383 0.006577 0.999977
vn -0.001383 0.006577 0.999977
vn -0.0 -0.7071 0.7071
vn 0.0 -0.0434 0.9991
vn -0.0 -0.8321 0.5547
vn 0.0 0.0 1.0
vn -1.0 0.0 -0.0
vn 1.0 0.0 0.0
vn -0.6947 -0.0309 0.7186
vn -0.5609 -0.5609 0.609
vn -0.028 -0.7246 0.6886
vn -0.8515 -0.0338 0.5233
vn 0.0025 -0.844 0.5364
vn -0.0062 -0.0149 0.9999
vn 0.0189 0.0 0.9998
vn 0.0188 0.0 0.9998
vn -0.8321 -0.0 0.5547
vn -0.7071 -0.0 0.7071
vn -0.0 -0.7071 0.7071
vn -0.1841 0.0188 0.9827
vn -0.1841 0.0187 0.9827
vn 0.0 0.7071 0.7071
vn 0.0 0.8321 0.5547
vn -0.0 0.0434 0.9991
vn 0.0 -0.0189 0.9998
vn 0.0 -0.0188 0.9998
vn -0.0 0.8321 0.5547
vn -0.0 0.7071 0.7071
vn -0.7071 0.0 0.7071
vn 0.0188 0.1841 0.9827
vn 0.0187 0.1841 0.9827
vn -0.7071 0.0 0.7071
vn -0.8321 0.0 0.5547
vn -0.0434 -0.0 0.9991
vn -0.0309 0.6947 0.7186
vn -0.5609 0.5609 0.609
vn -0.7246 0.028 0.6886
vn -0.0338 0.8515 0.5233
vn -0.844 -0.0025 0.5364
vn -0.0149 0.0062 0.9999
vn -0.0 -0.7071 0.7071
vn 0.0 -0.0434 0.9991
vn -0.0 -0.8321 0.5547
vn -0.001383 0.006577 0.999977
vn -0.001383 0.006577 0.999977
vn -0.001383 0.006577 0.999977
vn -0.001383 0.006577 0.999977
vn -0.001383 0.006577 0.999977
vn -0.001383 0.006577 0.999977
vn -0.001383 0.006577 0.999977
vn -0.001383 0.006577 0.999977
vn -0.001383 0.006577 0.999977
vn -0.001383 0.006577 0.999977
vn -0.001383 0.006577 0.999977
vn -0.001383 0.006577 0.999977
vn -0.001383 0.006577 0.999977
vn -0.001383 0.006577 0.999977
vn -0.001383 0.006577 0.999977
vn -0.001383 0.006577 0.999977
vn -0.001383 0.006577 0.999977
vn -0.001383 0.006577 0.999977
vn -0.001383 0.006577 0.999977
vn -0.001383 0.006577 0.999977
vn 0.0 -0.0189 0.9998
vn 0.0 -0.0188 0.9998
vn -0.0 0.8321 0.5547
vn -0.0 0.7071 0.7071
vn -0.7071 0.0 0.7071
vn 0.0188 0.1841 0.9827
vn 0.0187 0.1841 0.9827
vn -0.0309 0.6947 0.7186
vn -0.5609 0.5609 0.609
vn -0.7246 0.028 0.6886
vn -0.0338 0.8515 0.5233
vn -0.844 -0.0025 0.5364
vn -0.0149 0.0062 0.9999
vn 0.0 0.0 1.0
vn -1.0 0.0 -0.0
vn 1.0 0.0 0.0
vn 0.0 -0.0189 0.9998
vn 0.0 -0.0188 0.9998
vn -0.0 0.8321 0.5547
vn -0.0 0.7071 0.7071
vn -0.7071 0.0 0.7071
vn 0.0188 0.1841 0.9827
vn 0.0187 0.1841 0.9827
vn -0.7071 0.0 0.7071
vn -0.8321 0.0 0.5547
vn -0.0434 -0.0 0.9991
vn -0.0309 0.6947 0.7186
vn -0.5609 0.5609 0.609
vn -0.7246 0.028 0.6886
vn -0.0338 0.8515 0.5233
vn -0.844 -0.0025 0.5364
vn -0.0149 0.0062 0.9999
vn 0.0 -0.0189 0.9998
vn 0.0 -0.0188 0.9998
vn -0.0 0.8321 0.5547
vn -0.0 0.7071 0.7071
vn -0.7071 0.0 0.7071
vn 0.0188 0.1841 0.9827
vn 0.0187 0.1841 0.9827
vn -0.7071 0.0 0.7071
vn -0.8321 0.0 0.5547
vn -0.0434 -0.0 0.9991
vn 0.0189 0.0 0.9998
vn 0.0188 0.0 0.9998
vn -0.8321 -0.0 0.5547
vn -0.7071 -0.0 0.7071
vn -0.0 -0.7071 0.7071
vn -0.1841 0.0188 0.9827
vn -0.1841 0.0187 0.9827
vn 0.0 0.7071 0.7071
vn 0.0 0.8321 0.5547
vn -0.0 0.0434 0.9991
vn 0.0 -0.0189 0.9998
vn 0.0 -0.0188 0.9998
vn -0.0 0.8321 0.5547
vn -0.0 0.7071 0.7071
vn -0.7071 0.0 0.7071
vn 0.0188 0.1841 0.9827
vn 0.0187 0.1841 0.9827
vn -0.7071 0.0 0.7071
vn -0.8321 0.0 0.5547
vn -0.0434 -0.0 0.9991
vn 0.0189 0.0 0.9998
vn 0.0188 0.0 0.9998
vn -0.8321 -0.0 0.5547
vn -0.7071 -0.0 0.7071
vn -0.0 -0.7071 0.7071
vn -0.1841 0.0188 0.9827
vn -0.1841 0.0187 0.9827
vn -0.001383 0.006577 0.999977
vn -0.001383 0.006577 0.999977
vn -0.001383 0.006577 0.999977
vn -0.001383 0.006577 0.999977
vn -0.001383 0.006577 0.999977
vn -0.001383 0.006577 0.999977
vn -0.001383 0.006577 0.999977
vn -0.001383 0.006577 0.999977
vn -0.001383 0.006577 0.999977
vn -0.001383 0.006577 0.999977
vn -0.001383 0.006577 0.999977
vn -0.001383 0.006577 0.999977
vn -0.001383 0.006577 0.999977
vn -0.001383 0.006577 0.999977
vn -0.001383 0.006577 0.999977
vn -0.001383 0.006577 0.999977
vn -0.001383 0.006577 0.999977
vn -0.001383 0.006577 0.999977
vn -0.001383 0.006577 0.999977
vn -0.001383 0.006577 0.999977
vn -0.001383 0.006577 0.999977
vn -0.001383 0.006577 0.999977
vn -0.001383 0.006577 0.999977
vn -0.001383 0.006577 0.999977
vn -0.001383 0.006577 0.999977
vn -0.001383 0.006577 0.999977
vn -0.001383 0.006577 0.999977
vn -0.001383 0.006577 0.999977
vn -0.001383 0.006577 0.999977
vn -0.001383 0.006577 0.999977
vn -0.001383 0.006577 0.999977
vn -0.001383 0.006577 0.999977
vn -0.001383 0.006577 0.999977
vn -0.001383 0.006577 0.999977
vn -0.001383 0.006577 0.999977
vn -0.001383 0.006577 0.999977
vn -0.001383 0.006577 0.999977
vn -0.001383 0.006577 0.999977
vn -0.001383 0.006577 0.999977
vn -0.001383 0.006577 0.999977
vn 0.0 -0.0189 0.9998
vn 0.0 -0.0188 0.9998
vn -0.0 0.8321 0.5547
vn -0.0 0.7071 0.7071
vn -0.7071 0.0 0.7071
vn 0.0188 0.1841 0.9827
vn 0.0187 0.1841 0.9827
vn -0.7071 0.0 0.7071
vn -0.8321 0.0 0.5547
vn -0.0434 -0.0 0.9991
vn -0.0309 0.6947 0.7186
vn -0.5609 0.5609 0.609
vn -0.7246 0.028 0.6886
vn -0.0338 0.8515 0.5233
vn -0.844 -0.0025 0.5364
vn -0.0149 0.0062 0.9999
vn -0.6947 -0.0309 0.7186
vn -0.5609 -0.5609 0.609
vn -0.028 -0.7246 0.6886
vn -0.8515 -0.0338 0.5233
vn 0.0025 -0.844 0.5364
vn -0.0062 -0.0149 0.9999
vn 0.0189 0.0 0.9998
vn 0.0188 0.0 0.9998
vn -0.8321 -0.0 0.5547
vn -0.7071 -0.0 0.7071
vn -0.0 -0.7071 0.7071
vn -0.1841 0.0188 0.9827
vn -0.1841 0.0187 0.9827
vn 0.0 0.0 1.0
vn -1.0 0.0 -0.0
vn 1.0 0.0 0.0
vn 0.0 -0.0189 0.9998
vn 0.0 -0.0188 0.9998
vn -0.0 0.8321 0.5547
vn -0.0 0.7071 0.7071
vn -0.7071 0.0 0.7071
vn 0.0188 0.1841 0.9827
vn 0.0187 0.1841 0.9827
vn -0.7071 0.0 0.7071
vn -0.8321 0.0 0.5547
vn -0.0434 -0.0 0.9991
vn -0.0309 0.6947 0.7186
vn -0.5609 0.5609 0.609
vn -0.7246 0.028 0.6886
vn -0.0338 0.8515 0.5233
vn -0.844 -0.0025 0.5364
vn -0.0149 0.0062 0.9999
vn -0.6947 -0.0309 0.7186
vn -0.5609 -0.5609 0.609
vn -0.028 -0.7246 0.6886
vn -0.8515 -0.0338 0.5233
vn 0.0025 -0.844 0.5364
vn -0.0062 -0.0149 0.9999
vn -0.7071 0.0 0.7071
vn -0.8321 0.0 0.5547
vn -0.0434 -0.0 0.9991
vn 0.0189 0.0 0.9998
vn 0.0188 0.0 0.9998
vn -0.8321 -0.0 0.5547
vn -0.7071 -0.0 0.7071
vn -0.0 -0.7071 0.7071
vn -0.1841 0.0188 0.9827
vn -0.1841 0.0187 0.9827
vn 0.0 0.0 1.0
vn -1.0 0.0 -0.0
vn 1.0 0.0 0.0
vn 0.0 0.0 1.0
vn -1.0 0.0 -0.0
vn 1.0 0.0 0.0
vn -0.001383 0.006577 0.999977
vn -0.001383 0.006577 0.999977
vn -0.001383 0.006577 0.999977
vn -0.001383 0.006577 0.999977
vn -0.001383 0.006577 0.999977
vn -0.001383 0.006577 0.999977
vn -0.001383 0.006577 0.999977
vn -0.001383 0.006577 0.999977
vn -0.001383 0.006577 0.999977
vn -0.001383 0.006577 0.999977
vn -0.001383 0.006577 0.999977
vn -0.001383 0.006577 0.999977
vn -0.001383 0.006577 0.999977
vn -0.001383 0.006577 0.999977
vn -0.001383 0.006577 0.999977
vn -0.001383 0.006577 0.999977
vn -0.001383 0.006577 0.999977
vn -0.001383 0.006577 0.999977
vn -0.001383 0.006577 0.999977
vn -0.001383 0.006577 0.999977
vn 0.0 -0.0189 0.9998
vn 0.0 -0.0188 0.9998
vn -0.0 0.8321 0.5547
vn -0.0 0.7071 0.7071
vn -0.7071 0.0 0.7071
vn 0.0188 0.1841 0.9827
vn 0.0187 0.1841 0.9827
vn -0.7071 0.0 0.7071
vn -0.8321 0.0 0.5547
vn -0.0434 -0.0 0.9991
vn -0.7071 0.0 0.7071
vn -0.8321 0.0 0.5547
vn -0.0434 -0.0 0.9991
vn 0.0189 0.0 0.9998
vn 0.0188 0.0 0.9998
vn -0.8321 -0.0 0.5547
vn -0.7071 -0.0 0.7071
vn -0.0 -0.7071 0.7071
vn -0.1841 0.0188 0.9827
vn -0.1841 0.0187 0.9827
vn 0.0 0.0 1.0
vn -1.0 0.0 -0.0
vn 1.0 0.0 0.0
vn -0.001383 0.006577 0.999977
vn -0.001383 0.006577 0.999977
vn -0.001383 0.006577 0.999977
vn -0.001383 0.006577 0.999977
vn -0.001383 0.006577 0.999977
vn -0.001383 0.006577 0.999977
vn -0.001383 0.006577 0.999977
vn -0.001383 0.006577 0.999977
vn -0.001383 0.006577 0.999977
vn -0.001383 0.006577 0.999977
vn -0.001383 0.006577 0.999977
vn -0.001383 0.006577 0.999977
vn -0.001383 0.006577 0.999977
vn -0.001383 0.006577 0.999977
vn -0.001383 0.006577 0.999977
vn -0.001383 0.006577 0.999977
vn -0.001383 0.006577 0.999977
vn -0.001383 0.006577 0.999977
vn -0.001383 0.006577 0.999977
vn -0.001383 0.006577 0.999977
vn 0.0 0.0 1.0
vn -1.0 0.0 -0.0
vn 1.0 0.0 0.0
vn 0.0 0.0 1.0
vn -1.0 0.0 -0.0
vn 1.0 0.0 0.0
vn 0.0 0.0 1.0
vn -1.0 0.0 -0.0
vn 1.0 0.0 0.0
vn 0.0 0.0 1.0
vn -1.0 0.0 -0.0
vn 1.0 0.0 0.0
vn 0.0 0.0 1.0
vn -1.0 0.0 -0.0
vn 1.0 0.0 0.0
vn 0.0 0.0 1.0
vn -1.0 0.0 -0.0
vn 1.0 0.0 0.0
vn 0.0 0.0 1.0
vn -1.0 0.0 -0.0
vn 1.0 0.0 0.0
vn 0.0 0.0 1.0
vn -1.0 0.0 -0.0
vn 1.0 0.0 0.0
vn 0.0 0.0 1.0
vn 0.0 0.0 1.0
vn 0.0 0.0 1.0
vn 0.0 0.0 1.0
vn 0.0 0.0 1.0
vn 0.0 0.0 1.0
vn 0.0 0.0 1.0
vn 0.0 0.0 1.0
vn 0.0 0.0 1.0
vn 0.0 0.0 1.0
vn 0.0 0.0 1.0
vn 0.0 0.0 1.0
vn 0.0 0.0 1.0
vn 0.0 0.0 1.0
vn 0.0 0.0 1.0
vn 0.0 0.0 1.0
vn 0.0 0.0 1.0
vn 0.0 0.0 1.0
vn 0.0 0.0 1.0
vn 0.0 0.0 1.0
vn 0.0 0.0 1.0
vn 0.0 0.0 1.0
vn 0.0 0.0 1.0
vn 0.0 0.0 1.0
vn 0.0 0.0 1.0
vn 0.0 0.0 1.0
vn 0.0 0.0 1.0
vn 0.0 0.0 1.0
vn 0.0 0.0 1.0
vn 0.0 0.0 1.0
vn 0.0 0.0 1.0
vn 0.0 0.0 1.0
vn 0.0 0.0 1.0
vn 0.0 0.0 1.0
vn 0.0 0.0 1.0
vn 0.0 0.0 1.0
vn 0.0 0.0 1.0
vn 0.0 0.0 1.0
vn 0.0 0.0 1.0
vn 0.0 0.0 1.0
vn 0.0 0.0 1.0
vn 0.0 0.0 1.0
vn 0.0 0.0 1.0
vn 0.0 0.0 1.0
vn 0.0 0.0 1.0
vn 0.0 0.0 1.0
vn 0.0 0.0 1.0
vn 0.0 0.0 1.0
vn 0.0 0.0 1.0
vn 0.0 0.0 1.0
vn 0.0 0.0 1.0
vn 0.0 0.0 1.0
vn 0.0 0.0 1.0
vn 0.0 0.0 1.0
vn 0.0 0.0 1.0
vn 0.0 0.0 1.0
vn 0.0 0.0 1.0
vn 0.0 0.0 1.0
vn 0.0 0.0 1.0
vn 0.0 0.0 1.0
vn 0.0 0.0 1.0
vn 0.0 0.0 1.0
vn 0.0 0.0 1.0
vn 0.0 0.0 1.0
vn 0.0 0.0 1.0
vn 0.0 0.0 1.0
vn 0.0 0.0 1.0
vn 0.0 0.0 1.0
vn 0.0 0.0 1.0
vn 0.0 0.0 1.0
vn 0.0 0.0 1.0
vn 0.0 0.0 1.0
vn 0.0 0.0 1.0
vn 0.0 0.0 1.0
vn 0.0 0.0 1.0
vn 0.0 0.0 1.0
vn 0.0 0.0 1.0
vn 0.0 0.0 1.0
vn 0.0 0.0 1.0
vn 0.0 0.0 1.0
vn 0.0 0.0 1.0
vn 0.0 0.0 1.0
vn 0.0 0.0 1.0
vn 0.0 0.0 1.0
vn 0.0 0.0 1.0
vn 0.0 0.0 1.0
vn 0.0 0.0 1.0
vn 0.0 0.0 1.0
vn 0.0 0.0 1.0
vn 0.0 0.0 1.0
vn 0.0 0.0 1.0
vn 0.0 0.0 1.0
vn 0.0 0.0 1.0
vn 0.0 0.0 1.0
vn 0.0 0.0 1.0
vn 0.0 0.0 1.0
vn 0.0 0.0 1.0
vn 0.0 0.0 1.0
vn 0.0 0.0 1.0
vn 0.0 0.0 1.0
vn 0.0 0.0 1.0
vn 0.0 0.0 1.0
vn 0.0 0.0 1.0
vn 0.0 0.0 1.0
vn 0.0 0.0 1.0
vn 0.0 0.0 1.0
vn 0.0 0.0 1.0
vn 0.0 0.0 1.0
vn 0.0 0.0 1.0
vn 0.0 0.0 1.0
vn 0.0 0.0 1.0
vn 0.0 0.0 1.0
vn 0.0 0.0 1.0
vn 0.0 0.0 1.0
vn 0.0 0.0 1.0
vn 0.0 0.0 1.0
vn 0.0 0.0 1.0
vn 0.0 0.0 1.0
vn 0.0 0.0 1.0
vn 0.0 0.0 1.0
vn 0.0 0.0 1.0
vn 0.0 0.0 1.0
vn 0.0 0.0 1.0
vn 0.0 0.0 1.0
vn 0.0 0.0 1.0
vn 0.0 0.0 1.0
vn 0.0 0.0 1.0
vn 0.0 0.0 1.0
vn 0.0 0.0 1.0
vn 0.0 0.0 1.0
vn 0.0 0.0 1.0
vn 0.0 0.0 1.0
vn 0.0 0.0 1.0
vn 0.0 0.0 1.0
vn 0.0 0.0 1.0
vn 0.0 0.0 1.0
vn 0.0 0.0 1.0
vn 0.0 0.0 1.0
vn 0.0 0.0 1.0
vn 0.0 0.0 1.0
vn 0.0 0.0 1.0
vn 0.0 0.0 1.0
vn 0.0 0.0 1.0
vn 0.0 0.0 1.0
vn 0.0 0.0 1.0
vn 0.0 0.0 1.0
vn 0.0 0.0 1.0
vn 0.0 0.0 1.0
vn 0.0 0.0 1.0
vn 0.0 0.0 1.0
vn 0.0 0.0 1.0
vn 0.0 0.0 1.0
vn 0.0 0.0 1.0
vn 0.0 0.0 1.0
vn 0.0 0.0 1.0
vn 0.0 0.0 1.0
vn 0.0 0.0 1.0
vn 0.0 0.0 1.0
vn 0.0 0.0 1.0
vn 0.0 0.0 1.0
vn 0.0 0.0 1.0
vn 0.0 0.0 1.0
vn 0.0 0.0 1.0
vn 0.0 0.0 1.0
vn 0.0 0.0 1.0
vn 0.0 0.0 1.0
vn 0.0 0.0 1.0
vn 0.0 0.0 1.0
vn 0.0 0.0 1.0
vn 0.0 0.0 1.0
vn 0.0 0.0 1.0
vn 0.0 0.0 1.0
vn 0.0 0.0 1.0
vn 0.0 0.0 1.0
vn 0.0 0.0 1.0
vn 0.0 0.0 1.0
vn 0.0 0.0 1.0
vn 0.0 0.0 1.0
vn 0.0 0.0 1.0
vn 0.0 0.0 1.0
vn 0.0 0.0 1.0
vn 0.0 0.0 1.0
vn 0.0 0.0 1.0
vn 0.0 0.0 1.0
vn 0.0 0.0 1.0
vn 0.0 0.0 1.0
vn 0.0 0.0 1.0
vn 0.0 0.0 1.0
vn 0.0 0.0 1.0
vn 0.0 0.0 1.0
vn 0.0 0.0 1.0
vn 0.0 0.0 1.0
vn 0.0 0.0 1.0
vn 0.0 0.0 1.0
vn 0.0 0.0 1.0
vn 0.0 0.0 1.0
vn 0.0 0.0 1.0
vn 0.0 0.0 1.0
vn 0.0 0.0 1.0
vn 0.0 0.0 1.0
vn 0.0 0.0 1.0
vn 0.0 0.0 1.0
vn 0.0 0.0 1.0
vn 0.0 0.0 1.0
vn 0.0 0.0 1.0
vn 0.0 0.0 1.0
vn 0.0 0.0 1.0
vn 0.0 0.0 1.0
c 1.0 1.0 1.0
c 1.0 1.0 1.0
c 1.0 1.0 1.0
c 1.0 1.0 1.0
c 1.0 1.0 1.0
c 1.0 1.0 1.0
c 1.0 1.0 1.0
c 1.0 1.0 1.0
c 1.0 1.0 1.0
c 1.0 1.0 1.0
c 1.0 1.0 1.0
c 1.0 1.0 1.0
c 1.0 1.0 1.0
c 1.0 1.0 1.0
c 1.0 1.0 1.0
c 1.0 1.0 1.0
c 1.0 1.0 1.0
c 1.0 1.0 1.0
c 1.0 1.0 1.0
c 1.0 1.0 1.0
c 1.0 1.0 1.0
c 1.0 1.0 1.0
c 1.0 1.0 1.0
c 1.0 1.0 1.0
c 1.0 1.0 1.0
c 1.0 1.0 1.0
c 1.0 1.0 1.0
c 1.0 1.0 1.0
c 1.0 1.0 1.0
c 1.0 1.0 1.0
c 1.0 1.0 1.0
c 1.0 1.0 1.0
c 1.0 1.0 1.0
c 1.0 1.0 1.0
c 1.0 1.0 1.0
c 1.0 1.0 1.0
c 1.0 1.0 1.0
c 1.0 1.0 1.0
c 1.0 1.0 1.0
c 1.0 1.0 1.0
c 1.0 1.0 1.0
c 1.0 1.0 1.0
c 1.0 1.0 1.0
c 1.0 1.0 1.0
c 1.0 1.0 1.0
c 1.0 1.0 1.0
c 1.0 1.0 1.0
c 1.0 1.0 1.0
c 1.0 1.0 1.0
c 1.0 1.0 1.0
c 1.0 1.0 1.0
c 1.0 1.0 1.0
c 1.0 1.0 1.0
c 1.0 1.0 1.0
c 1.0 1.0 1.0
c 1.0 1.0 1.0
c 1.0 1.0 1.0
c 1.0 1.0 1.0
c 1.0 1.0 1.0
c 1.0 1.0 1.0
c 1.0 1.0 1.0
c 1.0 1.0 1.0
c 1.0 1.0 1.0
c 1.0 1.0 1.0
c 1.0 1.0 1.0
c 1.0 1.0 1.0
c 1.0 1.0 1.0
c 1.0 1.0 1.0
c 1.0 1.0 1.0
c 1.0 1.0 1.0
c 1.0 1.0 1.0
c 1.0 1.0 1.0
c 1.0 1.0 1.0
c 1.0 1.0 1.0
c 1.0 1.0 1.0
c 1.0 1.0 1.0
c 1.0 1.0 1.0
c 1.0 1.0 1.0
c 1.0 1.0 1.0
c 1.0 1.0 1.0
c 1.0 1.0 1.0
c 1.0 1.0 1.0
c 1.0 1.0 1.0
c 1.0 1.0 1.0
c 1.0 1.0 1.0
c 1.0 1.0 1.0
c 1.0 1.0 1.0
c 1.0 1.0 1.0
c 1.0 1.0 1.0
c 1.0 1.0 1.0
c 1.0 1.0 1.0
c 1.0 1.0 1.0
c 1.0 1.0 1.0
c 1.0 1.0 1.0
c 1.0 1.0 1.0
c 1.0 1.0 1.0
c 1.0 1.0 1.0
c 1.0 1.0 1.0
c 1.0 1.0 1.0
c 1.0 1.0 1.0
c 1.0 1.0 1.0
c 1.0 1.0 1.0
c 1.0 1.0 1.0
c 1.0 1.0 1.0
c 1.0 1.0 1.0
c 1.0 1.0 1.0
c 1.0 1.0 1.0
c 1.0 1.0 1.0
c 1.0 1.0 1.0
c 1.0 1.0 1.0
c 1.0 1.0 1.0
c 1.0 1.0 1.0
c 1.0 1.0 1.0
c 1.0 1.0 1.0
c 1.0 1.0 1.0
c 1.0 1.0 1.0
c 1.0 1.0 1.0
c 1.0 1.0 1.0
c 1.0 1.0 1.0
c 1.0 1.0 1.0
c 1.0 1.0 1.0
c 1.0 1.0 1.0
c 1.0 1.0 1.0
c 1.0 1.0 1.0
c 1.0 1.0 1.0
c 1.0 1.0 1.0
c 1.0 1.0 1.0
c 1.0 1.0 1.0
c 1.0 1.0 1.0
c 1.0 1.0 1.0
c 1.0 1.0 1.0
c 1.0 1.0 1.0
c 1.0 1.0 1.0
c 1.0 1.0 1.0
c 1.0 1.0 1.0
c 1.0 1.0 1.0
c 1.0 1.0 1.0
c 1.0 1.0 1.0
c 1.0 1.0 1.0
c 1.0 1.0 1.0
c 1.0 1.0 1.0
c 1.0 1.0 1.0
c 1.0 1.0 1.0
c 1.0 1.0 1.0
c 1.0 1.0 1.0
c 1.0 1.0 1.0
c 1.0 1.0 1.0
c 1.0 1.0 1.0
c 1.0 1.0 1.0
c 1.0 1.0 1.0
c 1.0 1.0 1.0
c 1.0 1.0 1.0
c 1.0 1.0 1.0
c 1.0 1.0 1.0
c 1.0 1.0 1.0
c 1.0 1.0 1.0
c 1.0 1.0 1.0
c 1.0 1.0 1.0
c 1.0 1.0 1.0
c 1.0 1.0 1.0
c 1.0 1.0 1.0
c 1.0 1.0 1.0
c 1.0 1.0 1.0
c 1.0 1.0 1.0
c 1.0 1.0 1.0
c 1.0 1.0 1.0
c 1.0 1.0 1.0
c 1.0 1.0 1.0
c 1.0 1.0 1.0
c 1.0 1.0 1.0
c 1.0 1.0 1.0
c 1.0 1.0 1.0
c 1.0 1.0 1.0
c 1.0 1.0 1.0
c 1.0 1.0 1.0
c 1.0 1.0 1.0
c 1.0 1.0 1.0
c 1.0 1.0 1.0
c 1.0 1.0 1.0
c 1.0 1.0 1.0
c 1.0 1.0 1.0
c 1.0 1.0 1.0
c 1.0 1.0 1.0
c 1.0 1.0 1.0
c 1.0 1.0 1.0
c 1.0 1.0 1.0
c 1.0 1.0 1.0
c 1.0 1.0 1.0
c 1.0 1.0 1.0
c 1.0 1.0 1.0
c 1.0 1.0 1.0
c 1.0 1.0 1.0
c 1.0 1.0 1.0
c 1.0 1.0 1.0
c 1.0 1.0 1.0
c 1.0 1.0 1.0
c 1.0 1.0 1.0
c 1.0 1.0 1.0
c 1.0 1.0 1.0
c 1.0 1.0 1.0
c 1.0 1.0 1.0
c 1.0 1.0 1.0
c 1.0 1.0 1.0
c 1.0 1.0 1.0
c 1.0 1.0 1.0
c 1.0 1.0 1.0
c 1.0 1.0 1.0
c 1.0 1.0 1.0
c 1.0 1.0 1.0
c 1.0 1.0 1.0
c 1.0 1.0 1.0
c 1.0 1.0 1.0
c 1.0 1.0 1.0
c 1.0 1.0 1.0
c 1.0 1.0 1.0
c 1.0 1.0 1.0
c 1.0 1.0 1.0
c 1.0 1.0 1.0
c 1.0 1.0 1.0
c 1.0 1.0 1.0
c 1.0 1.0 1.0
c 1.0 1.0 1.0
c 1.0 1.0 1.0
c 1.0 1.0 1.0
c 1.0 1.0 1.0
c 1.0 1.0 1.0
c 1.0 1.0 1.0
c 1.0 1.0 1.0
c 1.0 1.0 1.0
c 1.0 1.0 1.0
c 1.0 1.0 1.0
c 1.0 1.0 1.0
c 1.0 1.0 1.0
c 1.0 1.0 1.0
c 1.0 1.0 1.0
c 1.0 1.0 1.0
c 1.0 1.0 1.0
c 1.0 1.0 1.0
c 1.0 1.0 1.0
c 1.0 1.0 1.0
c 1.0 1.0 1.0
c 1.0 1.0 1.0
c 1.0 1.0 1.0
c 1.0 1.0 1.0
c 1.0 1.0 1.0
c 1.0 1.0 1.0
c 1.0 1.0 1.0
c 1.0 1.0 1.0
c 1.0 1.0 1.0
c 1.0 1.0 1.0
c 1.0 1.0 1.0
c 1.0 1.0 1.0
c 1.0 1.0 1.0
c 1.0 1.0 1.0
c 1.0 1.0 1.0
c 1.0 1.0 1.0
c 1.0 1.0 1.0
c 1.0 1.0 1.0
c 1.0 1.0 1.0
c 1.0 1.0 1.0
c 1.0 1.0 1.0
c 1.0 1.0 1.0
c 1.0 1.0 1.0
c 1.0 1.0 1.0
c 1.0 1.0 1.0
c 1.0 1.0 1.0
c 1.0 1.0 1.0
c 1.0 1.0 1.0
c 1.0 1.0 1.0
c 1.0 1.0 1.0
c 1.0 1.0 1.0
c 1.0 1.0 1.0
c 1.0 1.0 1.0
c 1.0 1.0 1.0
c 1.0 1.0 1.0
c 1.0 1.0 1.0
c 1.0 1.0 1.0
c 1.0 1.0 1.0
c 1.0 1.0 1.0
c 1.0 1.0 1.0
c 1.0 1.0 1.0
c 1.0 1.0 1.0
c 1.0 1.0 1.0
c 1.0 1.0 1.0
c 1.0 1.0 1.0
c 1.0 1.0 1.0
c 1.0 1.0 1.0
c 1.0 1.0 1.0
c 1.0 1.0 1.0
c 1.0 1.0 1.0
c 1.0 1.0 1.0
c 1.0 1.0 1.0
c 1.0 1.0 1.0
c 1.0 1.0 1.0
c 1.0 1.0 1.0
c 1.0 1.0 1.0
c 1.0 1.0 1.0
c 1.0 1.0 1.0
c 1.0 1.0 1.0
c 1.0 1.0 1.0
c 1.0 1.0 1.0
c 1.0 1.0 1.0
c 1.0 1.0 1.0
c 1.0 1.0 1.0
c 1.0 1.0 1.0
c 1.0 1.0 1.0
c 1.0 1.0 1.0
c 1.0 1.0 1.0
c 1.0 1.0 1.0
c 1.0 1.0 1.0
c 1.0 1.0 1.0
c 1.0 1.0 1.0
c 1.0 1.0 1.0
c 1.0 1.0 1.0
c 1.0 1.0 1.0
c 1.0 1.0 1.0
c 1.0 1.0 1.0
c 1.0 1.0 1.0
c 1.0 1.0 1.0
c 1.0 1.0 1.0
c 1.0 1.0 1.0
c 1.0 1.0 1.0
c 1.0 1.0 1.0
c 1.0 1.0 1.0
c 1.0 1.0 1.0
c 1.0 1.0 1.0
c 1.0 1.0 1.0
c 1.0 1.0 1.0
c 1.0 1.0 1.0
c 1.0 1.0 1.0
c 1.0 1.0 1.0
c 1.0 1.0 1.0
c 1.0 1.0 1.0
c 1.0 1.0 1.0
c 1.0 1.0 1.0
c 1.0 1.0 1.0
c 1.0 1.0 1.0
c 1.0 1.0 1.0
c 1.0 1.0 1.0
c 1.0 1.0 1.0
c 1.0 1.0 1.0
c 1.0 1.0 1.0
c 1.0 1.0 1.0
c 1.0 1.0 1.0
c 1.0 1.0 1.0
c 1.0 1.0 1.0
c 1.0 1.0 1.0
c 1.0 1.0 1.0
c 1.0 1.0 1.0
c 1.0 1.0 1.0
c 1.0 1.0 1.0
c 1.0 1.0 1.0
c 1.0 1.0 1.0
c 1.0 1.0 1.0
c 1.0 1.0 1.0
c 1.0 1.0 1.0
c 1.0 1.0 1.0
c 1.0 1.0 1.0
c 1.0 1.0 1.0
c 1.0 1.0 1.0
c 1.0 1.0 1.0
c 1.0 1.0 1.0
c 1.0 1.0 1.0
c 1.0 1.0 1.0
c 1.0 1.0 1.0
c 1.0 1.0 1.0
c 1.0 1.0 1.0
c 1.0 1.0 1.0
c 1.0 1.0 1.0
c 1.0 1.0 1.0
c 1.0 1.0 1.0
c 1.0 1.0 1.0
c 1.0 1.0 1.0
c 1.0 1.0 1.0
c 1.0 1.0 1.0
c 1.0 1.0 1.0
c 1.0 1.0 1.0
c 1.0 1.0 1.0
c 1.0 1.0 1.0
c 1.0 1.0 1.0
c 1.0 1.0 1.0
c 1.0 1.0 1.0
c 1.0 1.0 1.0
c 1.0 1.0 1.0
c 1.0 1.0 1.0
c 1.0 1.0 1.0
c 1.0 1.0 1.0
c 1.0 1.0 1.0
c 1.0 1.0 1.0
c 1.0 1.0 1.0
c 1.0 1.0 1.0
c 1.0 1.0 1.0
c 1.0 1.0 1.0
c 1.0 1.0 1.0
c 1.0 1.0 1.0
c 1.0 1.0 1.0
c 1.0 1.0 1.0
c 1.0 1.0 1.0
c 1.0 1.0 1.0
c 1.0 1.0 1.0
c 1.0 1.0 1.0
c 1.0 1.0 1.0
c 1.0 1.0 1.0
c 1.0 1.0 1.0
c 1.0 1.0 1.0
c 1.0 1.0 1.0
c 1.0 1.0 1.0
c 1.0 1.0 1.0
c 1.0 1.0 1.0
c 1.0 1.0 1.0
c 1.0 1.0 1.0
c 1.0 1.0 1.0
c 1.0 1.0 1.0
c 1.0 1.0 1.0
c 1.0 1.0 1.0
c 1.0 1.0 1.0
c 1.0 1.0 1.0
c 1.0 1.0 1.0
c 1.0 1.0 1.0
c 1.0 1.0 1.0
c 1.0 1.0 1.0
c 1.0 1.0 1.0
c 1.0 1.0 1.0
c 1.0 1.0 1.0
c 1.0 1.0 1.0
c 1.0 1.0 1.0
c 1.0 1.0 1.0
c 1.0 1.0 1.0
c 1.0 1.0 1.0
c 1.0 1.0 1.0
c 1.0 1.0 1.0
c 1.0 1.0 1.0
c 1.0 1.0 1.0
c 1.0 1.0 1.0
c 1.0 1.0 1.0
c 1.0 1.0 1.0
c 1.0 1.0 1.0
c 1.0 1.0 1.0
c 1.0 1.0 1.0
c 1.0 1.0 1.0
c 1.0 1.0 1.0
c 1.0 1.0 1.0
c 1.0 1.0 1.0
c 1.0 1.0 1.0
c 1.0 1.0 1.0
c 1.0 1.0 1.0
c 1.0 1.0 1.0
c 1.0 1.0 1.0
c 1.0 1.0 1.0
c 1.0 1.0 1.0
c 1.0 1.0 1.0
c 1.0 1.0 1.0
c 1.0 1.0 1.0
c 1.0 1.0 1.0
c 1.0 1.0 1.0
c 1.0 1.0 1.0
c 1.0 1.0 1.0
c 1.0 1.0 1.0
c 1.0 1.0 1.0
c 1.0 1.0 1.0
c 1.0 1.0 1.0
c 1.0 1.0 1.0
c 1.0 1.0 1.0
c 1.0 1.0 1.0
c 1.0 1.0 1.0
c 1.0 1.0 1.0
c 1.0 1.0 1.0
c 1.0 1.0 1.0
c 1.0 1.0 1.0
c 1.0 1.0 1.0
c 1.0 1.0 1.0
c 1.0 1.0 1.0
c 1.0 1.0 1.0
c 1.0 1.0 1.0
c 1.0 1.0 1.0
c 1.0 1.0 1.0
c 1.0 1.0 1.0
c 1.0 1.0 1.0
c 1.0 1.0 1.0
c 1.0 1.0 1.0
c 1.0 1.0 1.0
c 1.0 1.0 1.0
c 1.0 1.0 1.0
c 1.0 1.0 1.0
c 1.0 1.0 1.0
c 1.0 1.0 1.0
c 1.0 1.0 1.0
c 1.0 1.0 1.0
c 1.0 1.0 1.0
c 1.0 1.0 1.0
usemtl ki02ax
s off
f 479/528/162/108 480/529/163/108 482/530/165/108 481/531/164/108
f 487/536/170/108 488/537/171/108 490/538/173/108 489/539/172/108
f 543/607/208/115 546/608/209/115 545/609/208/115 544/610/209/115
f 547/611/207/115 548/612/207/115 549/613/207/115 550/614/207/115
f 625/699/232/120 628/700/233/120 627/701/232/120 626/702/233/120
f 629/703/231/120 630/704/231/120 631/705/231/120 632/706/231/120
f 693/791/272/129 694/792/273/129 696/793/275/129 695/794/274/129
f 701/799/280/129 702/800/281/129 704/801/283/129 703/802/282/129
f 717/815/293/130 720/816/294/130 719/817/293/130 718/818/294/130
f 721/819/292/130 722/820/292/130 723/821/292/130 724/822/292/130
f 863/1021/378/148 866/1022/379/148 865/1023/378/148 864/1024/379/148
f 867/1025/377/148 868/1026/377/148 869/1027/377/148 870/1028/377/148
f 891/1051/387/151 894/1052/388/151 893/1053/387/151 892/1054/388/151
f 895/1055/386/151 896/1056/386/151 897/1057/386/151 898/1058/386/151
f 1136/1409/529/176 1137/1410/530/176 1139/1411/532/176 1138/1412/531/176
f 1144/1417/537/176 1145/1418/538/176 1147/1419/540/176 1146/1420/539/176
f 1254/1567/617/190 1257/1568/618/190 1256/1569/617/190 1255/1570/618/190
f 1258/1571/616/190 1259/1572/616/190 1260/1573/616/190 1261/1574/616/190
f 1342/1669/644/196 1343/1670/645/196 1345/1671/647/196 1344/1672/646/196
f 1350/1677/652/196 1351/1678/653/196 1353/1679/655/196 1352/1680/654/196
f 1432/1768/686/201 1435/1769/687/201 1434/1770/686/201 1433/1771/687/201
f 1436/1772/685/201 1437/1773/685/201 1438/1774/685/201 1439/1775/685/201
f 1524/1908/750/212 1525/1909/751/212 1527/1910/753/212 1526/1911/752/212
f 1532/1916/758/212 1533/1917/759/212 1535/1918/761/212 1534/1919/760/212
f 1690/2131/850/227 1691/2132/851/227 1693/2133/853/227 1692/2134/852/227
f 1698/2139/858/227 1699/2140/859/227 1701/2141/861/227 1700/2142/860/227
f 1710/2151/870/228 1711/2152/871/228 1713/2153/873/228 1712/2154/872/228
f 1718/2159/878/228 1719/2160/879/228 1721/2161/881/228 1720/2162/880/228
f 1740/2182/894/230 1743/2183/895/230 1742/2184/894/230 1741/2185/895/230
f 1744/2186/893/230 1745/2187/893/230 1746/2188/893/230 1747/2189/893/230
f 1802/2265/931/238 1803/2266/932/238 1805/2267/934/238 1804/2268/933/238
f 1810/2273/939/238 1811/2274/940/238 1813/2275/942/238 1812/2276/941/238
f 1842/2313/965/241 1845/2314/966/241 1844/2315/965/241 1843/2316/966/241
f 1846/2317/964/241 1847/2318/964/241 1848/2319/964/241 1849/2320/964/241
f 1934/2445/1020/252 1935/2446/1021/252 1937/2447/1023/252 1936/2448/1022/252
f 1942/2453/1028/252 1943/2454/1029/252 1945/2455/1031/252 1944/2456/1030/252
f 1954/2465/1040/253 1955/2466/1041/253 1957/2467/1043/253 1956/2468/1042/253
f 1962/2473/1048/253 1963/2474/1049/253 1965/2475/1051/253 1964/2476/1050/253
f 2016/2545/1090/259 2019/2546/1091/259 2018/2547/1090/259 2017/2548/1091/259
f 2020/2549/1089/259 2021/2550/1089/259 2022/2551/1089/259 2023/2552/1089/259
f 2076/2625/1125/266 2079/2626/1126/266 2078/2627/1125/266 2077/2628/1126/266
f 2080/2629/1124/266 2081/2630/1124/266 2082/2631/1124/266 2083/2632/1124/266
f 2092/2641/1128/267 2095/2642/1129/267 2094/2643/1128/267 2093/2644/1129/267
f 2096/2645/1127/267 2097/2646/1127/267 2098/2647/1127/267 2099/2648/1127/267
f 2104/2653/1130/268 2105/2654/1131/268 2107/2655/1133/268 2106/2656/1132/268
f 2112/2661/1138/268 2113/2662/1139/268 2115/2663/1141/268 2114/2664/1140/268
f 2160/2725/1171/273 2163/2726/1172/273 2162/2727/1171/273 2161/2728/1172/273
f 2164/2729/1170/273 2165/2730/1170/273 2166/2731/1170/273 2167/2732/1170/273
f 2172/2737/1173/274 2173/2738/1174/274 2175/2739/1176/274 2174/2740/1175/274
f 2180/2745/1181/274 2181/2746/1182/274 2183/2747/1184/274 2182/2748/1183/274
f 2196/2761/1194/275 2199/2762/1195/275 2198/2763/1194/275 2197/2764/1195/275
f 2200/2765/1193/275 2201/2766/1193/275 2202/2767/1193/275 2203/2768/1193/275
f 2212/2777/1197/276 2215/2778/1198/276 2214/2779/1197/276 2213/2780/1198/276
f 2216/2781/1196/276 2217/2782/1196/276 2218/2783/1196/276 2219/2784/1196/276
f 2228/2793/1200/277 2231/2794/1201/277 2230/2795/1200/277 2229/2796/1201/277
f 2232/2797/1199/277 2233/2798/1199/277 2234/2799/1199/277 2235/2800/1199/277
f 2244/2809/1203/278 2247/2810/1204/278 2246/2811/1203/278 2245/2812/1204/278
f 2248/2813/1202/278 2249/2814/1202/278 2250/2815/1202/278 2251/2816/1202/278
f 2260/2825/1206/279 2263/2826/1207/279 2262/2827/1206/279 2261/2828/1207/279
f 2264/2829/1205/279 2265/2830/1205/279 2266/2831/1205/279 2267/2832/1205/279
f 2276/2841/1209/280 2279/2842/1210/280 2278/2843/1209/280 2277/2844/1210/280
f 2280/2845/1208/280 2281/2846/1208/280 2282/2847/1208/280 2283/2848/1208/280
f 2292/2857/1212/281 2295/2858/1213/281 2294/2859/1212/281 2293/2860/1213/281
f 2296/2861/1211/281 2297/2862/1211/281 2298/2863/1211/281 2299/2864/1211/281
f 2308/2873/1215/282 2311/2874/1216/282 2310/2875/1215/282 2309/2876/1216/282
f 2312/2877/1214/282 2313/2878/1214/282 2314/2879/1214/282 2315/2880/1214/282
usemtl ki02c
s off
f 483/532/166/108 484/533/167/108 486/534/169/108 485/535/168/108
f 539/603/207/115 540/604/207/115 541/605/207/115 542/606/207/115
f 621/695/231/120 622/696/231/120 623/697/231/120 624/698/231/120
f 697/795/276/129 698/796/277/129 700/797/279/129 699/798/278/129
f 713/811/292/130 714/812/292/130 715/813/292/130 716/814/292/130
f 859/1017/377/148 860/1018/377/148 861/1019/377/148 862/1020/377/148
f 887/1047/386/151 888/1048/386/151 889/1049/386/151 890/1050/386/151
f 1140/1413/533/176 1141/1414/534/176 1143/1415/536/176 1142/1416/535/176
f 1250/1563/616/190 1251/1564/616/190 1252/1565/616/190 1253/1566/616/190
f 1346/1673/648/196 1347/1674/649/196 1349/1675/651/196 1348/1676/650/196
f 1428/1764/685/201 1429/1765/685/201 1430/1766/685/201 1431/1767/685/201
f 1528/1912/754/212 1529/1913/755/212 1531/1914/757/212 1530/1915/756/212
f 1694/2135/854/227 1695/2136/855/227 1697/2137/857/227 1696/2138/856/227
f 1714/2155/874/228 1715/2156/875/228 1717/2157/877/228 1716/2158/876/228
f 1736/2178/893/230 1737/2179/893/230 1738/2180/893/230 1739/2181/893/230
f 1806/2269/935/238 1807/2270/936/238 1809/2271/938/238 1808/2272/937/238
f 1838/2309/964/241 1839/2310/964/241 1840/2311/964/241 1841/2312/964/241
f 1938/2449/1024/252 1939/2450/1025/252 1941/2451/1027/252 1940/2452/1026/252
f 1958/2469/1044/253 1959/2470/1045/253 1961/2471/1047/253 1960/2472/1046/253
f 2012/2541/1089/259 2013/2542/1089/259 2014/2543/1089/259 2015/2544/1089/259
f 2072/2621/1124/266 2073/2622/1124/266 2074/2623/1124/266 2075/2624/1124/266
f 2088/2637/1127/267 2089/2638/1127/267 2090/2639/1127/267 2091/2640/1127/267
f 2108/2657/1134/268 2109/2658/1135/268 2111/2659/1137/268 2110/2660/1136/268
f 2156/2721/1170/273 2157/2722/1170/273 2158/2723/1170/273 2159/2724/1170/273
f 2176/2741/1177/274 2177/2742/1178/274 2179/2743/1180/274 2178/2744/1179/274
f 2192/2757/1193/275 2193/2758/1193/275 2194/2759/1193/275 2195/2760/1193/275
f 2208/2773/1196/276 2209/2774/1196/276 2210/2775/1196/276 2211/2776/1196/276
f 2224/2789/1199/277 2225/2790/1199/277 2226/2791/1199/277 2227/2792/1199/277
f 2240/2805/1202/278 2241/2806/1202/278 2242/2807/1202/278 2243/2808/1202/278
f 2256/2821/1205/279 2257/2822/1205/279 2258/2823/1205/279 2259/2824/1205/279
f 2272/2837/1208/280 2273/2838/1208/280 2274/2839/1208/280 2275/2840/1208/280
f 2288/2853/1211/281 2289/2854/1211/281 2290/2855/1211/281 2291/2856/1211/281
f 2304/2869/1214/282 2305/2870/1214/282 2306/2871/1214/282 2307/2872/1214/282
usemtl ki02dx
s off
f 491/540/174/108 492/541/175/108 494/542/177/108 493/543/176/108
f 705/803/284/129 706/804/285/129 708/805/287/129 707/806/286/129
f 1148/1421/541/176 1149/1422/542/176 1151/1423/544/176 1150/1424/543/176
f 1354/1681/656/196 1355/1682/657/196 1357/1683/659/196 1356/1684/658/196
f 1536/1920/762/212 1537/1921/763/212 1539/1922/765/212 1538/1923/764/212
f 1702/2143/862/227 1703/2144/863/227 1705/2145/865/227 1704/2146/864/227
f 1722/2163/882/228 1723/2164/883/228 1725/2165/885/228 1724/2166/884/228
f 1814/2277/943/238 1815/2278/944/238 1817/2279/946/238 1816/2280/945/238
f 1946/2457/1032/252 1947/2458/1033/252 1949/2459/1035/252 1948/2460/1034/252
f 1966/2477/1052/253 1967/2478/1053/253 1969/2479/1055/253 1968/2480/1054/253
f 2116/2665/1142/268 2117/2666/1143/268 2119/2667/1145/268 2118/2668/1144/268
f 2184/2749/1185/274 2185/2750/1186/274 2187/2751/1188/274 2186/2752/1187/274
usemtl ki02bx
s off
f 495/544/178/108 496/545/179/108 498/546/181/108 497/547/180/108
f 551/615/207/115 552/616/207/115 553/617/207/115 554/618/207/115
f 633/707/231/120 634/708/231/120 635/709/231/120 636/710/231/120
f 709/807/288/129 710/808/289/129 712/809/291/129 711/810/290/129
f 725/823/292/130 726/824/292/130 727/825/292/130 728/826/292/130
f 871/1029/377/148 872/1030/377/148 873/1031/377/148 874/1032/377/148
f 899/1059/386/151 900/1060/386/151 901/1061/386/151 902/1062/386/151
f 1152/1425/545/176 1153/1426/546/176 1155/1427/548/176 1154/1428/547/176
f 1262/1575/616/190 1263/1576/616/190 1264/1577/616/190 1265/1578/616/190
f 1358/1685/660/196 1359/1686/661/196 1361/1687/663/196 1360/1688/662/196
f 1440/1776/685/201 1441/1777/685/201 1442/1778/685/201 1443/1779/685/201
f 1540/1924/766/212 1541/1925/767/212 1543/1926/769/212 1542/1927/768/212
f 1706/2147/866/227 1707/2148/867/227 1709/2149/869/227 1708/2150/868/227
f 1726/2167/886/228 1727/2168/887/228 1729/2169/889/228 1728/2170/888/228
f 1748/2190/893/230 1749/2191/893/230 1750/2192/893/230 1751/2193/893/230
f 1818/2281/947/238 1819/2282/948/238 1821/2283/950/238 1820/2284/949/238
f 1850/2321/964/241 1851/2322/964/241 1852/2323/964/241 1853/2324/964/241
f 1950/2461/1036/252 1951/2462/1037/252 1953/2463/1039/252 1952/2464/1038/252
f 1970/2481/1056/253 1971/2482/1057/253 1973/2483/1059/253 1972/2484/1058/253
f 2024/2553/1089/259 2025/2554/1089/259 2026/2555/1089/259 2027/2556/1089/259
f 2084/2633/1124/266 2085/2634/1124/266 2086/2635/1124/266 2087/2636/1124/266
f 2100/2649/1127/267 2101/2650/1127/267 2102/2651/1127/267 2103/2652/1127/267
f 2120/2669/1146/268 2121/2670/1147/268 2123/2671/1149/268 2122/2672/1148/268
f 2168/2733/1170/273 2169/2734/1170/273 2170/2735/1170/273 2171/2736/1170/273
f 2188/2753/1189/274 2189/2754/1190/274 2191/2755/1192/274 2190/2756/1191/274
f 2204/2769/1193/275 2205/2770/1193/275 2206/2771/1193/275 2207/2772/1193/275
f 2220/2785/1196/276 2221/2786/1196/276 2222/2787/1196/276 2223/2788/1196/276
f 2236/2801/1199/277 2237/2802/1199/277 2238/2803/1199/277 2239/2804/1199/277
f 2252/2817/1202/278 2253/2818/1202/278 2254/2819/1202/278 2255/2820/1202/278
f 2268/2833/1205/279 2269/2834/1205/279 2270/2835/1205/279 2271/2836/1205/279
f 2284/2849/1208/280 2285/2850/1208/280 2286/2851/1208/280 2287/2852/1208/280
f 2300/2865/1211/281 2301/2866/1211/281 2302/2867/1211/281 2303/2868/1211/281
f 2316/2881/1214/282 2317/2882/1214/282 2318/2883/1214/282 2319/2884/1214/282
usemtl gake01
s off
f 377/377/95/95 378/378/96/95 379/379/96/95 380/380/95/95
f 393/401/106/97 394/402/107/97 395/403/108/97 396/404/109/97
f 397/405/109/97 395/406/108/97 398/407/110/97 399/408/111/97
f 403/417/113/98 404/418/114/98 405/419/114/98 406/420/113/98
f 409/425/116/99 410/426/117/99 411/427/117/99 412/428/116/99
f 415/433/119/100 416/434/120/100 417/435/121/100 418/436/122/100
f 419/437/122/100 417/438/121/100 420/439/123/100 421/440/124/100
f 425/449/126/101 426/450/127/101 427/451/128/101 428/452/129/101
f 429/453/129/101 427/454/128/101 430/455/130/101 431/456/131/101
f 435/465/133/102 436/466/134/102 437/467/134/102 438/468/133/102
f 447/481/142/104 448/482/143/104 449/483/144/104 450/484/145/104
f 451/485/145/104 449/486/144/104 452/487/146/104 453/488/147/104
f 457/497/149/105 458/498/150/105 459/499/150/105 460/500/149/105
f 463/505/152/106 464/506/153/106 465/507/154/106 466/508/155/106
f 467/509/155/106 465/510/154/106 468/511/156/106 469/512/157/106
f 473/522/159/107 474/523/161/107 475/524/161/107 478/525/159/107
f 499/548/182/109 500/549/183/109 501/550/184/109 502/551/185/109
f 503/552/185/109 501/553/184/109 504/554/186/109 505/555/187/109
f 509/564/189/110 510/565/190/110 511/566/190/110 512/567/189/110
f 521/580/198/112 522/581/199/112 523/582/199/112 524/583/198/112
f 527/589/201/113 528/590/203/113 529/591/203/113 532/592/201/113
f 533/595/204/114 534/596/205/114 535/597/205/114 536/598/204/114
f 599/663/215/117 600/664/216/117 601/665/217/117 602/666/218/117
f 603/667/218/117 601/668/217/117 604/669/219/117 605/670/220/117
f 609/679/222/118 610/680/223/118 611/681/223/118 612/682/222/118
f 637/711/234/121 638/712/235/121 639/713/235/121 640/714/234/121
f 643/719/237/122 644/720/238/122 645/721/238/122 646/722/237/122
f 649/727/240/123 650/728/241/123 651/729/242/123 652/730/243/123
f 653/731/243/123 651/732/242/123 654/733/244/123 655/734/245/123
f 659/743/247/124 660/744/248/124 661/745/248/124 662/746/247/124
f 671/759/256/126 672/760/257/126 673/761/258/126 674/762/259/126
f 675/763/259/126 673/764/258/126 676/765/260/126 677/766/261/126
f 681/775/263/127 682/776/264/127 683/777/264/127 684/778/263/127
f 729/827/295/131 730/828/296/131 731/829/296/131 732/830/295/131
f 735/835/298/132 736/836/299/132 737/837/300/132 738/838/301/132
f 739/839/301/132 737/840/300/132 740/841/302/132 741/842/303/132
f 745/851/305/133 746/852/306/133 747/853/306/133 748/854/305/133
f 751/859/308/134 752/860/309/134 753/861/309/134 754/862/308/134
f 757/867/311/135 758/868/312/135 759/869/313/135 760/870/314/135
f 761/871/314/135 759/872/313/135 762/873/315/135 763/874/316/135
f 767/883/318/136 768/884/319/136 769/885/319/136 770/886/318/136
f 773/891/321/137 774/892/322/137 775/893/323/137 776/894/324/137
f 777/895/324/137 775/896/323/137 778/897/325/137 779/898/326/137
f 783/907/328/138 784/908/329/138 785/909/329/138 786/910/328/138
f 789/915/331/139 790/916/332/139 791/917/333/139 792/918/334/139
f 793/919/334/139 791/920/333/139 794/921/335/139 795/922/336/139
f 799/932/338/140 800/933/340/140 801/934/340/140 804/935/338/140
f 811/946/347/142 812/947/348/142 813/948/349/142 814/949/350/142
f 815/950/350/142 813/951/349/142 816/952/351/142 817/953/352/142
f 821/962/354/143 822/963/355/143 823/964/355/143 824/965/354/143
f 827/970/357/144 828/971/358/144 829/972/359/144 830/973/360/144
f 831/974/360/144 829/975/359/144 832/976/361/144 833/977/362/144
f 837/986/364/145 838/987/365/145 839/988/365/145 840/989/364/145
f 843/994/367/146 844/995/368/146 845/996/369/146 846/997/370/146
f 847/998/370/146 845/999/369/146 848/1000/371/146 849/1001/372/146
f 853/1011/374/147 854/1012/376/147 855/1013/376/147 858/1014/374/147
f 875/1034/380/149 876/1035/382/149 877/1036/382/149 880/1037/380/149
f 881/1041/383/150 882/1042/385/150 883/1043/385/150 886/1044/383/150
f 903/1063/389/152 904/1064/390/152 905/1065/391/152 906/1066/392/152
f 907/1067/392/152 905/1068/391/152 908/1069/393/152 909/1070/394/152
f 919/1087/402/154 920/1088/403/154 921/1089/403/154 922/1090/402/154
f 925/1095/405/155 926/1096/406/155 927/1097/407/155 928/1098/408/155
f 929/1099/408/155 927/1100/407/155 930/1101/409/155 931/1102/410/155
f 935/1111/412/156 936/1112/413/156 937/1113/413/156 938/1114/412/156
f 941/1119/415/157 942/1120/416/157 943/1121/417/157 944/1122/418/157
f 945/1123/418/157 943/1124/417/157 946/1125/419/157 947/1126/420/157
f 951/1136/422/158 952/1137/424/158 953/1138/424/158 956/1139/422/158
f 957/1142/425/159 958/1143/426/159 959/1144/426/159 960/1145/425/159
f 963/1150/428/160 964/1151/429/160 965/1152/430/160 966/1153/431/160
f 967/1154/431/160 965/1155/430/160 968/1156/432/160 969/1157/433/160
f 1004/1239/466/163 1005/1240/468/163 1006/1241/468/163 1009/1242/466/163
f 1010/1245/469/164 1011/1246/470/164 1012/1247/470/164 1013/1248/469/164
f 1016/1253/472/165 1017/1254/473/165 1018/1255/473/165 1019/1256/472/165
f 1022/1261/475/166 1023/1262/476/166 1024/1263/477/166 1025/1264/478/166
f 1026/1265/478/166 1024/1266/477/166 1027/1267/479/166 1028/1268/480/166
f 1038/1285/488/168 1039/1286/489/168 1040/1287/490/168 1041/1288/491/168
f 1042/1289/491/168 1040/1290/490/168 1043/1291/492/168 1044/1292/493/168
f 1048/1301/495/169 1049/1302/496/169 1050/1303/496/169 1051/1304/495/169
f 1054/1309/498/170 1055/1310/499/170 1056/1311/500/170 1057/1312/501/170
f 1058/1313/501/170 1056/1314/500/170 1059/1315/502/170 1060/1316/503/170
f 1070/1333/511/172 1071/1334/512/172 1072/1335/512/172 1073/1336/511/172
f 1120/1385/519/174 1121/1386/520/174 1122/1387/520/174 1123/1388/519/174
f 1126/1393/522/175 1127/1394/523/175 1128/1395/524/175 1129/1396/525/175
f 1130/1397/525/175 1128/1398/524/175 1131/1399/526/175 1132/1400/527/175
f 1156/1429/549/177 1157/1430/550/177 1158/1431/550/177 1159/1432/549/177
f 1168/1445/558/179 1169/1446/559/179 1170/1447/559/179 1171/1448/558/179
f 1174/1453/561/180 1175/1454/562/180 1176/1455/563/180 1177/1456/564/180
f 1178/1457/564/180 1176/1458/563/180 1179/1459/565/180 1180/1460/566/180
f 1184/1470/568/181 1185/1471/570/181 1186/1472/570/181 1189/1473/568/181
f 1190/1477/571/182 1191/1478/573/182 1192/1479/573/182 1195/1480/571/182
f 1202/1491/580/184 1203/1492/581/184 1204/1493/581/184 1205/1494/580/184
f 1208/1499/583/185 1209/1500/584/185 1210/1501/585/185 1211/1502/586/185
f 1212/1503/586/185 1210/1504/585/185 1213/1505/587/185 1214/1506/588/185
f 1224/1523/596/187 1225/1524/597/187 1226/1525/598/187 1227/1526/599/187
f 1228/1527/599/187 1226/1528/598/187 1229/1529/600/187 1230/1530/601/187
f 1240/1547/609/189 1241/1548/610/189 1242/1549/611/189 1243/1550/612/189
f 1244/1551/612/189 1242/1552/611/189 1245/1553/613/189 1246/1554/614/189
f 1266/1579/619/191 1267/1580/620/191 1268/1581/621/191 1269/1582/622/191
f 1270/1583/622/191 1268/1584/621/191 1271/1585/623/191 1272/1586/624/191
f 1320/1639/631/193 1321/1640/632/193 1322/1641/633/193 1323/1642/634/193
f 1324/1643/634/193 1322/1644/633/193 1325/1645/635/193 1326/1646/636/193
f 1330/1656/638/194 1331/1657/640/194 1332/1658/640/194 1335/1659/638/194
f 1336/1663/641/195 1337/1664/643/195 1338/1665/643/195 1341/1666/641/195
f 1362/1690/664/197 1363/1691/666/197 1364/1692/666/197 1367/1693/664/197
f 1368/1696/667/198 1369/1697/668/198 1370/1698/669/198 1371/1699/670/198
f 1372/1700/670/198 1370/1701/669/198 1373/1702/671/198 1374/1703/672/198
f 1444/1780/688/202 1445/1781/689/202 1446/1782/689/202 1447/1783/688/202
f 1450/1788/691/203 1451/1789/692/203 1452/1790/693/203 1453/1791/694/203
f 1454/1792/694/203 1452/1793/693/203 1455/1794/695/203 1456/1795/696/203
f 1480/1844/718/206 1481/1845/719/206 1482/1846/720/206 1483/1847/721/206
f 1484/1848/721/206 1482/1849/720/206 1485/1850/722/206 1486/1851/723/206
f 1496/1868/731/208 1497/1869/732/208 1498/1870/732/208 1499/1871/731/208
f 1508/1884/740/210 1509/1885/741/210 1510/1886/741/210 1511/1887/740/210
f 1514/1892/743/211 1515/1893/744/211 1516/1894/745/211 1517/1895/746/211
f 1518/1896/746/211 1516/1897/745/211 1519/1898/747/211 1520/1899/748/211
f 1550/1936/776/214 1551/1937/777/214 1552/1938/778/214 1553/1939/779/214
f 1554/1940/779/214 1552/1941/778/214 1555/1942/780/214 1556/1943/781/214
f 1566/1960/789/216 1567/1961/790/216 1568/1962/790/216 1569/1963/789/216
f 1616/2013/797/218 1617/2014/799/218 1618/2015/799/218 1621/2016/797/218
f 1622/2019/800/219 1623/2020/801/219 1624/2021/801/219 1625/2022/800/219
f 1634/2035/809/221 1635/2036/810/221 1636/2037/810/221 1637/2038/809/221
f 1640/2043/812/222 1641/2044/813/222 1642/2045/814/222 1643/2046/815/222
f 1644/2047/815/222 1642/2048/814/222 1645/2049/816/222 1646/2050/817/222
f 1664/2091/833/224 1665/2092/834/224 1666/2093/835/224 1667/2094/836/224
f 1668/2095/836/224 1666/2096/835/224 1669/2097/837/224 1670/2098/838/224
f 1674/2107/840/225 1675/2108/841/225 1676/2109/841/225 1677/2110/840/225
f 1680/2115/843/226 1681/2116/844/226 1682/2117/845/226 1683/2118/846/226
f 1684/2119/846/226 1682/2120/845/226 1685/2121/847/226 1686/2122/848/226
f 1730/2172/890/229 1731/2173/892/229 1732/2174/892/229 1735/2175/890/229
f 1758/2202/902/232 1759/2203/903/232 1760/2204/904/232 1761/2205/905/232
f 1762/2206/905/232 1760/2207/904/232 1763/2208/906/232 1764/2209/907/232
f 1768/2218/909/233 1769/2219/910/233 1770/2220/910/233 1771/2221/909/233
f 1774/2226/912/234 1775/2227/913/234 1776/2228/914/234 1777/2229/915/234
f 1778/2230/915/234 1776/2231/914/234 1779/2232/916/234 1780/2233/917/234
f 1784/2242/919/235 1785/2243/920/235 1786/2244/920/235 1787/2245/919/235
f 1796/2259/928/237 1797/2260/930/237 1798/2261/930/237 1801/2262/928/237
f 1822/2285/951/239 1823/2286/952/239 1824/2287/953/239 1825/2288/954/239
f 1826/2289/954/239 1824/2290/953/239 1827/2291/955/239 1828/2292/956/239
f 1854/2325/967/242 1855/2326/968/242 1856/2327/969/242 1857/2328/970/242
f 1858/2329/970/242 1856/2330/969/242 1859/2331/971/242 1860/2332/972/242
f 1864/2341/974/243 1865/2342/975/243 1866/2343/975/243 1867/2344/974/243
f 1876/2357/983/245 1877/2358/984/245 1878/2359/985/245 1879/2360/986/245
f 1880/2361/986/245 1878/2362/985/245 1881/2363/987/245 1882/2364/988/245
f 1886/2373/990/246 1887/2374/991/246 1888/2375/991/246 1889/2376/990/246
f 1892/2381/993/247 1893/2382/994/247 1894/2383/995/247 1895/2384/996/247
f 1896/2385/996/247 1894/2386/995/247 1897/2387/997/247 1898/2388/998/247
f 1902/2397/1000/248 1903/2398/1001/248 1904/2399/1001/248 1905/2400/1000/248
f 1908/2405/1003/249 1909/2406/1004/249 1910/2407/1005/249 1911/2408/1006/249
f 1912/2409/1006/249 1910/2410/1005/249 1913/2411/1007/249 1914/2412/1008/249
f 1918/2421/1010/250 1919/2422/1011/250 1920/2423/1011/250 1921/2424/1010/250
f 1924/2429/1013/251 1925/2430/1014/251 1926/2431/1015/251 1927/2432/1016/251
f 1928/2433/1016/251 1926/2434/1015/251 1929/2435/1017/251 1930/2436/1018/251
f 1974/2485/1060/254 1975/2486/1061/254 1976/2487/1062/254 1977/2488/1063/254
f 1978/2489/1063/254 1976/2490/1062/254 1979/2491/1064/254 1980/2492/1065/254
f 1984/2501/1067/255 1985/2502/1068/255 1986/2503/1068/255 1987/2504/1067/255
f 2002/2525/1082/258 2003/2526/1083/258 2004/2527/1084/258 2005/2528/1085/258
f 2006/2529/1085/258 2004/2530/1084/258 2007/2531/1086/258 2008/2532/1087/258
f 2028/2557/1092/260 2029/2558/1093/260 2030/2559/1094/260 2031/2560/1095/260
f 2032/2561/1095/260 2030/2562/1094/260 2033/2563/1096/260 2034/2564/1097/260
f 2038/2573/1099/261 2039/2574/1100/261 2040/2575/1100/261 2041/2576/1099/261
f 2056/2597/1114/264 2057/2598/1115/264 2058/2599/1115/264 2059/2600/1114/264
f 2062/2605/1117/265 2063/2606/1118/265 2064/2607/1119/265 2065/2608/1120/265
f 2066/2609/1120/265 2064/2610/1119/265 2067/2611/1121/265 2068/2612/1122/265
f 2124/2673/1150/269 2125/2674/1151/269 2126/2675/1152/269 2127/2676/1153/269
f 2128/2677/1153/269 2126/2678/1152/269 2129/2679/1154/269 2130/2680/1155/269
f 2134/2689/1157/270 2135/2690/1158/270 2136/2691/1158/270 2137/2692/1157/270
f 2140/2697/1160/271 2141/2698/1161/271 2142/2699/1161/271 2143/2700/1160/271
f 2146/2705/1163/272 2147/2706/1164/272 2148/2707/1165/272 2149/2708/1166/272
f 2150/2709/1166/272 2148/2710/1165/272 2151/2711/1167/272 2152/2712/1168/272
f 385/389/99/96 386/390/100/96 387/391/101/96
f 385/389/99/96 388/392/102/96 386/390/100/96
f 387/391/101/96 386/390/100/96 389/393/103/96
f 441/473/136/103 442/474/137/103 443/475/138/103
f 441/473/136/103 444/476/139/103 442/474/137/103
f 443/475/138/103 442/474/137/103 445/477/140/103
f 515/572/192/111 516/573/193/111 517/574/194/111
f 515/572/192/111 518/575/195/111 516/573/193/111
f 517/574/194/111 516/573/193/111 519/576/196/111
f 615/687/225/119 616/688/226/119 617/689/227/119
f 615/687/225/119 618/690/228/119 616/688/226/119
f 617/689/227/119 616/688/226/119 619/691/229/119
f 665/751/250/125 666/752/251/125 667/753/252/125
f 665/751/250/125 668/754/253/125 666/752/251/125
f 667/753/252/125 666/752/251/125 669/755/254/125
f 687/783/266/128 688/784/267/128 689/785/268/128
f 687/783/266/128 690/786/269/128 688/784/267/128
f 689/785/268/128 688/784/267/128 691/787/270/128
f 805/938/341/141 806/939/342/141 807/940/343/141
f 805/938/341/141 808/941/344/141 806/939/342/141
f 807/940/343/141 806/939/342/141 809/942/345/141
f 913/1079/396/153 914/1080/397/153 915/1081/398/153
f 913/1079/396/153 916/1082/399/153 914/1080/397/153
f 915/1081/398/153 914/1080/397/153 917/1083/400/153
f 973/1166/435/161 974/1167/436/161 975/1168/437/161
f 973/1166/435/161 976/1169/438/161 974/1167/436/161
f 975/1168/437/161 974/1167/436/161 977/1170/439/161
f 1032/1277/482/167 1033/1278/483/167 1034/1279/484/167
f 1032/1277/482/167 1035/1280/485/167 1033/1278/483/167
f 1034/1279/484/167 1033/1278/483/167 1036/1281/486/167
f 1064/1325/505/171 1065/1326/506/171 1066/1327/507/171
f 1064/1325/505/171 1067/1328/508/171 1065/1326/506/171
f 1066/1327/507/171 1065/1326/506/171 1068/1329/509/171
f 1162/1437/552/178 1163/1438/553/178 1164/1439/554/178
f 1162/1437/552/178 1165/1440/555/178 1163/1438/553/178
f 1164/1439/554/178 1163/1438/553/178 1166/1441/556/178
f 1196/1483/574/183 1197/1484/575/183 1198/1485/576/183
f 1196/1483/574/183 1199/1486/577/183 1197/1484/575/183
f 1198/1485/576/183 1197/1484/575/183 1200/1487/578/183
f 1218/1515/590/186 1219/1516/591/186 1220/1517/592/186
f 1218/1515/590/186 1221/1518/593/186 1219/1516/591/186
f 1220/1517/592/186 1219/1516/591/186 1222/1519/594/186
f 1234/1539/603/188 1235/1540/604/188 1236/1541/605/188
f 1234/1539/603/188 1237/1542/606/188 1235/1540/604/188
f 1236/1541/605/188 1235/1540/604/188 1238/1543/607/188
f 1378/1712/674/199 1379/1713/675/199 1380/1714/676/199
f 1378/1712/674/199 1381/1715/677/199 1379/1713/675/199
f 1380/1714/676/199 1379/1713/675/199 1382/1716/678/199
f 1460/1804/698/204 1461/1805/699/204 1462/1806/700/204
f 1460/1804/698/204 1463/1807/701/204 1461/1805/699/204
f 1462/1806/700/204 1461/1805/699/204 1464/1808/702/204
f 1490/1860/725/207 1491/1861/726/207 1492/1862/727/207
f 1490/1860/725/207 1493/1863/728/207 1491/1861/726/207
f 1492/1862/727/207 1491/1861/726/207 1494/1864/729/207
f 1502/1876/734/209 1503/1877/735/209 1504/1878/736/209
f 1502/1876/734/209 1505/1879/737/209 1503/1877/735/209
f 1504/1878/736/209 1503/1877/735/209 1506/1880/738/209
f 1560/1952/783/215 1561/1953/784/215 1562/1954/785/215
f 1560/1952/783/215 1563/1955/786/215 1561/1953/784/215
f 1562/1954/785/215 1561/1953/784/215 1564/1956/787/215
f 1628/2027/803/220 1629/2028/804/220 1630/2029/805/220
f 1628/2027/803/220 1631/2030/806/220 1629/2028/804/220
f 1630/2029/805/220 1629/2028/804/220 1632/2031/807/220
f 1752/2194/896/231 1753/2195/897/231 1754/2196/898/231
f 1752/2194/896/231 1755/2197/899/231 1753/2195/897/231
f 1754/2196/898/231 1753/2195/897/231 1756/2198/900/231
f 1790/2250/922/236 1791/2251/923/236 1792/2252/924/236
f 1790/2250/922/236 1793/2253/925/236 1791/2251/923/236
f 1792/2252/924/236 1791/2251/923/236 1794/2254/926/236
f 1832/2301/958/240 1833/2302/959/240 1834/2303/960/240
f 1832/2301/958/240 1835/2304/961/240 1833/2302/959/240
f 1834/2303/960/240 1833/2302/959/240 1836/2305/962/240
f 1870/2349/977/244 1871/2350/978/244 1872/2351/979/244
f 1870/2349/977/244 1873/2352/980/244 1871/2350/978/244
f 1872/2351/979/244 1871/2350/978/244 1874/2353/981/244
f 1990/2509/1070/256 1991/2510/1071/256 1992/2511/1072/256
f 1990/2509/1070/256 1993/2512/1073/256 1991/2510/1071/256
f 1992/2511/1072/256 1991/2510/1071/256 1994/2513/1074/256
f 1996/2517/1076/257 1997/2518/1077/257 1998/2519/1078/257
f 1996/2517/1076/257 1999/2520/1079/257 1997/2518/1077/257
f 1998/2519/1078/257 1997/2518/1077/257 2000/2521/1080/257
f 2044/2581/1102/262 2045/2582/1103/262 2046/2583/1104/262
f 2044/2581/1102/262 2047/2584/1105/262 2045/2582/1103/262
f 2046/2583/1104/262 2045/2582/1103/262 2048/2585/1106/262
f 2050/2589/1108/263 2051/2590/1109/263 2052/2591/1110/263
f 2050/2589/1108/263 2053/2592/1111/263 2051/2590/1109/263
f 2052/2591/1110/263 2051/2590/1109/263 2054/2593/1112/263
usemtl gake1_1
s off
f 383/381/97/95 382/382/98/95 381/383/98/95 384/384/97/95
f 400/409/112/97 393/410/106/97 396/411/109/97 401/412/112/97
f 402/413/108/97 397/414/109/97 399/415/111/97 400/416/112/97
f 407/421/115/98 403/422/113/98 406/423/113/98 408/424/115/98
f 413/429/118/99 409/430/116/99 412/431/116/99 414/432/118/99
f 422/441/125/100 415/442/119/100 418/443/122/100 423/444/125/100
f 424/445/121/100 419/446/122/100 421/447/124/100 422/448/125/100
f 432/457/132/101 425/458/126/101 428/459/129/101 433/460/132/101
f 434/461/128/101 429/462/129/101 431/463/131/101 432/464/132/101
f 439/469/135/102 435/470/133/102 438/471/133/102 440/472/135/102
f 454/489/148/104 447/490/142/104 450/491/145/104 455/492/148/104
f 456/493/144/104 451/494/145/104 453/495/147/104 454/496/148/104
f 461/501/151/105 457/502/149/105 460/503/149/105 462/504/151/105
f 470/513/158/106 463/514/152/106 466/515/155/106 471/516/158/106
f 472/517/154/106 467/518/155/106 469/519/157/106 470/520/158/106
f 476/527/160/107 473/523/159/107 478/526/159/107 477/521/160/107
f 506/556/188/109 499/557/182/109 502/558/185/109 507/559/188/109
f 508/560/184/109 503/561/185/109 505/562/187/109 506/563/188/109
f 513/568/191/110 509/569/189/110 512/570/189/110 514/571/191/110
f 525/584/200/112 521/585/198/112 524/586/198/112 526/587/200/112
f 530/594/202/113 527/590/201/113 532/593/201/113 531/588/202/113
f 537/599/206/114 533/600/204/114 536/601/204/114 538/602/206/114
f 606/671/221/117 599/672/215/117 602/673/218/117 607/674/221/117
f 608/675/217/117 603/676/218/117 605/677/220/117 606/678/221/117
f 613/683/224/118 609/684/222/118 612/685/222/118 614/686/224/118
f 641/715/236/121 637/716/234/121 640/717/234/121 642/718/236/121
f 647/723/239/122 643/724/237/122 646/725/237/122 648/726/239/122
f 656/735/246/123 649/736/240/123 652/737/243/123 657/738/246/123
f 658/739/242/123 653/740/243/123 655/741/245/123 656/742/246/123
f 663/747/249/124 659/748/247/124 662/749/247/124 664/750/249/124
f 678/767/262/126 671/768/256/126 674/769/259/126 679/770/262/126
f 680/771/258/126 675/772/259/126 677/773/261/126 678/774/262/126
f 685/779/265/127 681/780/263/127 684/781/263/127 686/782/265/127
f 733/831/297/131 729/832/295/131 732/833/295/131 734/834/297/131
f 742/843/304/132 735/844/298/132 738/845/301/132 743/846/304/132
f 744/847/300/132 739/848/301/132 741/849/303/132 742/850/304/132
f 749/855/307/133 745/856/305/133 748/857/305/133 750/858/307/133
f 755/863/310/134 751/864/308/134 754/865/308/134 756/866/310/134
f 764/875/317/135 757/876/311/135 760/877/314/135 765/878/317/135
f 766/879/313/135 761/880/314/135 763/881/316/135 764/882/317/135
f 771/887/320/136 767/888/318/136 770/889/318/136 772/890/320/136
f 780/899/327/137 773/900/321/137 776/901/324/137 781/902/327/137
f 782/903/323/137 777/904/324/137 779/905/326/137 780/906/327/137
f 787/911/330/138 783/912/328/138 786/913/328/138 788/914/330/138
f 796/923/337/139 789/924/331/139 792/925/334/139 797/926/337/139
f 798/927/333/139 793/928/334/139 795/929/336/139 796/930/337/139
f 802/937/339/140 799/933/338/140 804/936/338/140 803/931/339/140
f 818/954/353/142 811/955/347/142 814/956/350/142 819/957/353/142
f 820/958/349/142 815/959/350/142 817/960/352/142 818/961/353/142
f 825/966/356/143 821/967/354/143 824/968/354/143 826/969/356/143
f 834/978/363/144 827/979/357/144 830/980/360/144 835/981/363/144
f 836/982/359/144 831/983/360/144 833/984/362/144 834/985/363/144
f 841/990/366/145 837/991/364/145 840/992/364/145 842/993/366/145
f 850/1002/373/146 843/1003/367/146 846/1004/370/146 851/1005/373/146
f 852/1006/369/146 847/1007/370/146 849/1008/372/146 850/1009/373/146
f 856/1016/375/147 853/1012/374/147 858/1015/374/147 857/1010/375/147
f 878/1039/381/149 875/1035/380/149 880/1038/380/149 879/1033/381/149
f 884/1046/384/150 881/1042/383/150 886/1045/383/150 885/1040/384/150
f 910/1071/395/152 903/1072/389/152 906/1073/392/152 911/1074/395/152
f 912/1075/391/152 907/1076/392/152 909/1077/394/152 910/1078/395/152
f 923/1091/404/154 919/1092/402/154 922/1093/402/154 924/1094/404/154
f 932/1103/411/155 925/1104/405/155 928/1105/408/155 933/1106/411/155
f 934/1107/407/155 929/1108/408/155 931/1109/410/155 932/1110/411/155
f 939/1115/414/156 935/1116/412/156 938/1117/412/156 940/1118/414/156
f 948/1127/421/157 941/1128/415/157 944/1129/418/157 949/1130/421/157
f 950/1131/417/157 945/1132/418/157 947/1133/420/157 948/1134/421/157
f 954/1141/423/158 951/1137/422/158 956/1140/422/158 955/1135/423/158
f 961/1146/427/159 957/1147/425/159 960/1148/425/159 962/1149/427/159
f 970/1158/434/160 963/1159/428/160 966/1160/431/160 971/1161/434/160
f 972/1162/430/160 967/1163/431/160 969/1164/433/160 970/1165/434/160
f 1007/1244/467/163 1004/1240/466/163 1009/1243/466/163 1008/1238/467/163
f 1014/1249/471/164 1010/1250/469/164 1013/1251/469/164 1015/1252/471/164
f 1020/1257/474/165 1016/1258/472/165 1019/1259/472/165 1021/1260/474/165
f 1029/1269/481/166 1022/1270/475/166 1025/1271/478/166 1030/1272/481/166
f 1031/1273/477/166 1026/1274/478/166 1028/1275/480/166 1029/1276/481/166
f 1045/1293/494/168 1038/1294/488/168 1041/1295/491/168 1046/1296/494/168
f 1047/1297/490/168 1042/1298/491/168 1044/1299/493/168 1045/1300/494/168
f 1052/1305/497/169 1048/1306/495/169 1051/1307/495/169 1053/1308/497/169
f 1061/1317/504/170 1054/1318/498/170 1057/1319/501/170 1062/1320/504/170
f 1063/1321/500/170 1058/1322/501/170 1060/1323/503/170 1061/1324/504/170
f 1074/1337/513/172 1070/1338/511/172 1073/1339/511/172 1075/1340/513/172
f 1124/1389/521/174 1120/1390/519/174 1123/1391/519/174 1125/1392/521/174
f 1133/1401/528/175 1126/1402/522/175 1129/1403/525/175 1134/1404/528/175
f 1135/1405/524/175 1130/1406/525/175 1132/1407/527/175 1133/1408/528/175
f 1160/1433/551/177 1156/1434/549/177 1159/1435/549/177 1161/1436/551/177
f 1172/1449/560/179 1168/1450/558/179 1171/1451/558/179 1173/1452/560/179
f 1181/1461/567/180 1174/1462/561/180 1177/1463/564/180 1182/1464/567/180
f 1183/1465/563/180 1178/1466/564/180 1180/1467/566/180 1181/1468/567/180
f 1187/1475/569/181 1184/1471/568/181 1189/1474/568/181 1188/1469/569/181
f 1193/1482/572/182 1190/1478/571/182 1195/1481/571/182 1194/1476/572/182
f 1206/1495/582/184 1202/1496/580/184 1205/1497/580/184 1207/1498/582/184
f 1215/1507/589/185 1208/1508/583/185 1211/1509/586/185 1216/1510/589/185
f 1217/1511/585/185 1212/1512/586/185 1214/1513/588/185 1215/1514/589/185
f 1231/1531/602/187 1224/1532/596/187 1227/1533/599/187 1232/1534/602/187
f 1233/1535/598/187 1228/1536/599/187 1230/1537/601/187 1231/1538/602/187
f 1247/1555/615/189 1240/1556/609/189 1243/1557/612/189 1248/1558/615/189
f 1249/1559/611/189 1244/1560/612/189 1246/1561/614/189 1247/1562/615/189
f 1273/1587/625/191 1266/1588/619/191 1269/1589/622/191 1274/1590/625/191
f 1275/1591/621/191 1270/1592/622/191 1272/1593/624/191 1273/1594/625/191
f 1327/1647/637/193 1320/1648/631/193 1323/1649/634/193 1328/1650/637/193
f 1329/1651/633/193 1324/1652/634/193 1326/1653/636/193 1327/1654/637/193
f 1333/1661/639/194 1330/1657/638/194 1335/1660/638/194 1334/1655/639/194
f 1339/1668/642/195 1336/1664/641/195 1341/1667/641/195 1340/1662/642/195
f 1365/1695/665/197 1362/1691/664/197 1367/1694/664/197 1366/1689/665/197
f 1375/1704/673/198 1368/1705/667/198 1371/1706/670/198 1376/1707/673/198
f 1377/1708/669/198 1372/1709/670/198 1374/1710/672/198 1375/1711/673/198
f 1448/1784/690/202 1444/1785/688/202 1447/1786/688/202 1449/1787/690/202
f 1457/1796/697/203 1450/1797/691/203 1453/1798/694/203 1458/1799/697/203
f 1459/1800/693/203 1454/1801/694/203 1456/1802/696/203 1457/1803/697/203
f 1487/1852/724/206 1480/1853/718/206 1483/1854/721/206 1488/1855/724/206
f 1489/1856/720/206 1484/1857/721/206 1486/1858/723/206 1487/1859/724/206
f 1500/1872/733/208 1496/1873/731/208 1499/1874/731/208 1501/1875/733/208
f 1512/1888/742/210 1508/1889/740/210 1511/1890/740/210 1513/1891/742/210
f 1521/1900/749/211 1514/1901/743/211 1517/1902/746/211 1522/1903/749/211
f 1523/1904/745/211 1518/1905/746/211 1520/1906/748/211 1521/1907/749/211
f 1557/1944/782/214 1550/1945/776/214 1553/1946/779/214 1558/1947/782/214
f 1559/1948/778/214 1554/1949/779/214 1556/1950/781/214 1557/1951/782/214
f 1570/1964/791/216 1566/1965/789/216 1569/1966/789/216 1571/1967/791/216
f 1619/2018/798/218 1616/2014/797/218 1621/2017/797/218 1620/2012/798/218
f 1626/2023/802/219 1622/2024/800/219 1625/2025/800/219 1627/2026/802/219
f 1638/2039/811/221 1634/2040/809/221 1637/2041/809/221 1639/2042/811/221
f 1647/2051/818/222 1640/2052/812/222 1643/2053/815/222 1648/2054/818/222
f 1649/2055/814/222 1644/2056/815/222 1646/2057/817/222 1647/2058/818/222
f 1671/2099/839/224 1664/2100/833/224 1667/2101/836/224 1672/2102/839/224
f 1673/2103/835/224 1668/2104/836/224 1670/2105/838/224 1671/2106/839/224
f 1678/2111/842/225 1674/2112/840/225 1677/2113/840/225 1679/2114/842/225
f 1687/2123/849/226 1680/2124/843/226 1683/2125/846/226 1688/2126/849/226
f 1689/2127/845/226 1684/2128/846/226 1686/2129/848/226 1687/2130/849/226
f 1733/2177/891/229 1730/2173/890/229 1735/2176/890/229 1734/2171/891/229
f 1765/2210/908/232 1758/2211/902/232 1761/2212/905/232 1766/2213/908/232
f 1767/2214/904/232 1762/2215/905/232 1764/2216/907/232 1765/2217/908/232
f 1772/2222/911/233 1768/2223/909/233 1771/2224/909/233 1773/2225/911/233
f 1781/2234/918/234 1774/2235/912/234 1777/2236/915/234 1782/2237/918/234
f 1783/2238/914/234 1778/2239/915/234 1780/2240/917/234 1781/2241/918/234
f 1788/2246/921/235 1784/2247/919/235 1787/2248/919/235 1789/2249/921/235
f 1799/2264/929/237 1796/2260/928/237 1801/2263/928/237 1800/2258/929/237
f 1829/2293/957/239 1822/2294/951/239 1825/2295/954/239 1830/2296/957/239
f 1831/2297/953/239 1826/2298/954/239 1828/2299/956/239 1829/2300/957/239
f 1861/2333/973/242 1854/2334/967/242 1857/2335/970/242 1862/2336/973/242
f 1863/2337/969/242 1858/2338/970/242 1860/2339/972/242 1861/2340/973/242
f 1868/2345/976/243 1864/2346/974/243 1867/2347/974/243 1869/2348/976/243
f 1883/2365/989/245 1876/2366/983/245 1879/2367/986/245 1884/2368/989/245
f 1885/2369/985/245 1880/2370/986/245 1882/2371/988/245 1883/2372/989/245
f 1890/2377/992/246 1886/2378/990/246 1889/2379/990/246 1891/2380/992/246
f 1899/2389/999/247 1892/2390/993/247 1895/2391/996/247 1900/2392/999/247
f 1901/2393/995/247 1896/2394/996/247 1898/2395/998/247 1899/2396/999/247
f 1906/2401/1002/248 1902/2402/1000/248 1905/2403/1000/248 1907/2404/1002/248
f 1915/2413/1009/249 1908/2414/1003/249 1911/2415/1006/249 1916/2416/1009/249
f 1917/2417/1005/249 1912/2418/1006/249 1914/2419/1008/249 1915/2420/1009/249
f 1922/2425/1012/250 1918/2426/1010/250 1921/2427/1010/250 1923/2428/1012/250
f 1931/2437/1019/251 1924/2438/1013/251 1927/2439/1016/251 1932/2440/1019/251
f 1933/2441/1015/251 1928/2442/1016/251 1930/2443/1018/251 1931/2444/1019/251
f 1981/2493/1066/254 1974/2494/1060/254 1977/2495/1063/254 1982/2496/1066/254
f 1983/2497/1062/254 1978/2498/1063/254 1980/2499/1065/254 1981/2500/1066/254
f 1988/2505/1069/255 1984/2506/1067/255 1987/2507/1067/255 1989/2508/1069/255
f 2009/2533/1088/258 2002/2534/1082/258 2005/2535/1085/258 2010/2536/1088/258
f 2011/2537/1084/258 2006/2538/1085/258 2008/2539/1087/258 2009/2540/1088/258
f 2035/2565/1098/260 2028/2566/1092/260 2031/2567/1095/260 2036/2568/1098/260
f 2037/2569/1094/260 2032/2570/1095/260 2034/2571/1097/260 2035/2572/1098/260
f 2042/2577/1101/261 2038/2578/1099/261 2041/2579/1099/261 2043/2580/1101/261
f 2060/2601/1116/264 2056/2602/1114/264 2059/2603/1114/264 2061/2604/1116/264
f 2069/2613/1123/265 2062/2614/1117/265 2065/2615/1120/265 2070/2616/1123/265
f 2071/2617/1119/265 2066/2618/1120/265 2068/2619/1122/265 2069/2620/1123/265
f 2131/2681/1156/269 2124/2682/1150/269 2127/2683/1153/269 2132/2684/1156/269
f 2133/2685/1152/269 2128/2686/1153/269 2130/2687/1155/269 2131/2688/1156/269
f 2138/2693/1159/270 2134/2694/1157/270 2137/2695/1157/270 2139/2696/1159/270
f 2144/2701/1162/271 2140/2702/1160/271 2143/2703/1160/271 2145/2704/1162/271
f 2153/2713/1169/272 2146/2714/1163/272 2149/2715/1166/272 2154/2716/1169/272
f 2155/2717/1165/272 2150/2718/1166/272 2152/2719/1168/272 2153/2720/1169/272
f 392/394/104/96 391/395/105/96 390/396/105/96
f 446/478/141/103 441/479/136/103 443/480/138/103
f 520/577/197/111 515/578/192/111 517/579/194/111
f 620/692/230/119 615/693/225/119 617/694/227/119
f 670/756/255/125 665/757/250/125 667/758/252/125
f 692/788/271/128 687/789/266/128 689/790/268/128
f 810/943/346/141 805/944/341/141 807/945/343/141
f 918/1084/401/153 913/1085/396/153 915/1086/398/153
f 978/1171/440/161 973/1172/435/161 975/1173/437/161
f 1037/1282/487/167 1032/1283/482/167 1034/1284/484/167
f 1069/1330/510/171 1064/1331/505/171 1066/1332/507/171
f 1167/1442/557/178 1162/1443/552/178 1164/1444/554/178
f 1201/1488/579/183 1196/1489/574/183 1198/1490/576/183
f 1223/1520/595/186 1218/1521/590/186 1220/1522/592/186
f 1239/1544/608/188 1234/1545/603/188 1236/1546/605/188
f 1383/1717/679/199 1378/1718/674/199 1380/1719/676/199
f 1465/1809/703/204 1460/1810/698/204 1462/1811/700/204
f 1495/1865/730/207 1490/1866/725/207 1492/1867/727/207
f 1507/1881/739/209 1502/1882/734/209 1504/1883/736/209
f 1565/1957/788/215 1560/1958/783/215 1562/1959/785/215
f 1633/2032/808/220 1628/2033/803/220 1630/2034/805/220
f 1757/2199/901/231 1752/2200/896/231 1754/2201/898/231
f 1795/2255/927/236 1790/2256/922/236 1792/2257/924/236
f 1837/2306/963/240 1832/2307/958/240 1834/2308/960/240
f 1875/2354/982/244 1870/2355/977/244 1872/2356/979/244
f 1995/2514/1075/256 1990/2515/1070/256 1992/2516/1072/256
f 2001/2522/1081/257 1996/2523/1076/257 1998/2524/1078/257
f 2049/2586/1107/262 2044/2587/1102/262 2046/2588/1104/262
f 2055/2594/1113/263 2050/2595/1108/263 2052/2596/1110/263
usemtl yamagake01
s off
f 377/385/95/95 380/386/95/95 381/387/98/95 382/388/98/95
f 385/397/99/96 387/398/101/96 390/399/105/96 391/400/105/96
usemtl grass01ax
s off
f 1/1/1/1 2/2/1/1 3/3/1/1 4/4/1/1
f 5/5/2/2 6/6/2/2 7/7/2/2 8/8/2/2
f 9/9/3/3 10/10/3/3 11/11/3/3 12/12/3/3
f 13/13/4/4 14/14/4/4 15/15/4/4 16/16/4/4
f 17/17/5/5 18/18/5/5 19/19/5/5 20/20/5/5
f 21/23/6/6 22/24/6/6 23/21/6/6 24/22/6/6
f 25/25/7/7 26/26/7/7 27/27/7/7 28/28/7/7
f 29/29/8/8 30/30/8/8 31/31/8/8 32/32/8/8
f 33/33/9/9 34/34/9/9 35/35/9/9 36/36/9/9
f 37/37/10/10 38/38/10/10 39/39/10/10 40/40/10/10
f 41/41/11/11 42/42/11/11 43/43/11/11 44/44/11/11
f 45/45/12/12 46/46/12/12 47/47/12/12 48/48/12/12
f 49/49/13/13 50/50/13/13 51/51/13/13 52/52/13/13
f 53/55/14/14 54/56/14/14 55/53/14/14 56/54/14/14
f 57/57/15/15 58/58/15/15 59/59/15/15 60/60/15/15
f 61/61/16/16 62/62/16/16 63/63/16/16 64/64/16/16
f 65/65/17/17 66/66/17/17 67/67/17/17 68/68/17/17
f 69/69/18/18 70/70/18/18 71/71/18/18 72/72/18/18
f 73/73/19/19 74/74/19/19 75/75/19/19 76/76/19/19
f 77/77/20/20 78/78/20/20 79/79/20/20 80/80/20/20
f 81/81/21/21 82/82/21/21 83/83/21/21 84/84/21/21
f 85/85/22/22 86/86/22/22 87/87/22/22 88/88/22/22
f 89/91/23/23 90/92/23/23 91/89/23/23 92/90/23/23
f 93/93/24/24 94/94/24/24 95/95/24/24 96/96/24/24
f 97/97/25/25 98/98/25/25 99/99/25/25 100/100/25/25
f 101/101/26/26 102/102/26/26 103/103/26/26 104/104/26/26
f 105/105/27/27 106/106/27/27 107/107/27/27 108/108/27/27
f 109/111/28/28 110/112/28/28 111/109/28/28 112/110/28/28
f 113/115/29/29 114/113/29/29 115/116/29/29 116/114/29/29
f 117/119/30/30 118/120/30/30 119/117/30/30 120/118/30/30
f 121/121/31/31 122/122/31/31 123/123/31/31 124/124/31/31
f 125/125/32/32 126/126/32/32 127/127/32/32 128/128/32/32
f 129/131/33/33 130/129/33/33 131/130/33/33 132/132/33/33
f 133/133/34/34 134/134/34/34 135/135/34/34 136/136/34/34
f 137/139/35/35 138/137/35/35 139/138/35/35 140/140/35/35
f 141/143/36/36 142/144/36/36 143/141/36/36 144/142/36/36
f 145/145/37/37 146/146/37/37 147/147/37/37 148/148/37/37
f 149/149/38/38 150/150/38/38 151/151/38/38 152/152/38/38
f 153/153/39/39 154/154/39/39 155/155/39/39 156/156/39/39
f 157/159/40/40 158/160/40/40 159/157/40/40 160/158/40/40
f 161/163/41/41 162/161/41/41 163/162/41/41 164/164/41/41
f 165/167/42/42 166/165/42/42 167/166/42/42 168/168/42/42
f 169/169/43/43 170/170/43/43 171/171/43/43 172/172/43/43
f 173/175/44/44 174/176/44/44 175/173/44/44 176/174/44/44
f 177/177/45/45 178/178/45/45 179/179/45/45 180/180/45/45
f 181/181/46/46 182/182/46/46 183/183/46/46 184/184/46/46
f 185/185/47/47 186/186/47/47 187/187/47/47 188/188/47/47
f 189/191/48/48 190/189/48/48 191/190/48/48 192/192/48/48
f 193/193/49/49 194/195/49/49 195/194/49/49 196/196/49/49
f 197/197/50/50 198/198/50/50 199/199/50/50 200/200/50/50
f 201/203/51/51 202/204/51/51 203/201/51/51 204/202/51/51
f 205/205/52/52 206/207/52/52 207/208/52/52 208/206/52/52
f 209/209/53/53 210/210/53/53 211/211/53/53 212/212/53/53
f 213/213/54/54 214/214/54/54 215/215/54/54 216/216/54/54
f 217/217/55/55 218/218/55/55 219/219/55/55 220/220/55/55
f 221/221/56/56 222/222/56/56 223/223/56/56 224/224/56/56
f 225/227/57/57 226/228/57/57 227/225/57/57 228/226/57/57
f 229/229/58/58 230/230/58/58 231/231/58/58 232/232/58/58
f 233/233/59/59 234/235/59/59 235/236/59/59 236/234/59/59
f 237/237/60/60 238/238/60/60 239/239/60/60 240/240/60/60
f 241/243/61/61 242/241/61/61 243/242/61/61 244/244/61/61
f 245/245/62/62 246/246/62/62 247/247/62/62 248/248/62/62
f 249/249/63/63 250/251/63/63 251/252/63/63 252/250/63/63
f 253/253/64/64 254/255/64/64 255/256/64/64 256/254/64/64
f 257/257/65/65 258/258/65/65 259/259/65/65 260/260/65/65
f 261/263/66/66 262/264/66/66 263/261/66/66 264/262/66/66
f 265/267/67/67 266/265/67/67 267/268/67/67 268/266/67/67
f 269/271/68/68 270/272/68/68 271/269/68/68 272/270/68/68
f 273/273/69/69 274/274/69/69 275/275/69/69 276/276/69/69
f 277/279/70/70 278/280/70/70 279/277/70/70 280/278/70/70
f 281/283/71/71 282/281/71/71 283/284/71/71 284/282/71/71
f 285/287/72/72 286/285/72/72 287/286/72/72 288/288/72/72
f 289/289/73/73 290/290/73/73 291/291/73/73 292/292/73/73
f 293/293/74/74 294/295/74/74 295/294/74/74 296/296/74/74
f 297/297/75/75 298/298/75/75 299/299/75/75 300/300/75/75
f 301/303/76/76 302/304/76/76 303/301/76/76 304/302/76/76
f 305/305/77/77 306/307/77/77 307/308/77/77 308/306/77/77
f 309/309/78/78 310/311/78/78 311/312/78/78 312/310/78/78
f 313/313/79/79 314/315/79/79 315/316/79/79 316/314/79/79
f 317/317/80/80 318/318/80/80 319/319/80/80 320/320/80/80
f 321/321/81/81 322/322/81/81 323/323/81/81 324/324/81/81
f 325/327/82/82 326/325/82/82 327/326/82/82 328/328/82/82
f 329/329/83/83 330/330/83/83 331/331/83/83 332/332/83/83
f 333/333/84/84 334/334/84/84 335/335/84/84 336/336/84/84
f 337/337/85/85 338/338/85/85 339/339/85/85 340/340/85/85
f 341/341/86/86 342/343/86/86 343/344/86/86 344/342/86/86
f 345/345/87/87 346/347/87/87 347/348/87/87 348/346/87/87
f 349/349/88/88 350/351/88/88 351/350/88/88 352/352/88/88
f 353/353/89/89 354/354/89/89 355/355/89/89 356/356/89/89
f 357/359/90/90 358/357/90/90 359/358/90/90 360/360/90/90
f 361/363/91/91 362/364/91/91 363/361/91/91 364/362/91/91
f 365/365/92/92 366/366/92/92 367/367/92/92 368/368/92/92
f 369/371/93/93 370/369/93/93 371/372/93/93 372/370/93/93
f 373/373/94/94 374/375/94/94 375/374/94/94 376/376/94/94
usemtl kaidan01a
s off
f 555/619/210/116 556/620/210/116 557/621/210/116 558/622/210/116
f 559/623/211/116 560/624/211/116 561/625/211/116 562/626/211/116
f 563/627/212/116 564/628/212/116 565/629/212/116 566/630/212/116
f 567/631/212/116 568/632/212/116 569/633/212/116 570/634/212/116
f 571/635/213/116 572/636/213/116 573/637/213/116 574/638/213/116
f 575/639/214/116 576/640/214/116 577/641/214/116 578/642/214/116
f 579/643/211/116 580/644/211/116 581/645/211/116 582/646/211/116
f 583/647/210/116 584/648/210/116 585/649/210/116 586/650/210/116
f 587/651/213/116 588/652/213/116 589/653/213/116 590/654/213/116
f 591/655/214/116 592/656/214/116 593/657/214/116 594/658/214/116
f 568/632/212/116 595/659/212/116 596/660/212/116 569/633/212/116
f 564/628/212/116 597/661/212/116 598/662/212/116 565/629/212/116
f 979/1189/441/162 980/1190/442/162 982/1191/444/162 981/1192/443/162
f 981/1183/443/162 982/1184/444/162 984/1185/446/162 983/1186/445/162
f 983/1176/445/162 984/1182/446/162 986/1177/448/162 985/1193/447/162
f 985/1194/447/162 986/1195/448/162 980/1196/442/162 979/1197/441/162
f 980/1187/442/162 986/1178/448/162 984/1179/446/162 982/1175/444/162
f 985/1180/447/162 979/1174/441/162 981/1188/443/162 983/1181/445/162
f 991/1198/453/162 992/1199/454/162 988/1200/450/162 990/1201/452/162
f 987/1202/449/162 992/1203/454/162 991/1204/453/162 989/1205/451/162
f 989/1206/451/162 991/1207/453/162 994/1208/456/162 993/1209/455/162
f 991/1210/453/162 990/1211/452/162 995/1212/457/162 994/1213/456/162
f 996/1214/458/162 997/1215/459/162 999/1216/461/162 998/1217/460/162
f 998/1218/460/162 999/1219/461/162 1001/1220/463/162 1000/1221/462/162
f 1000/1222/462/162 1001/1223/463/162 1003/1224/465/162 1002/1225/464/162
f 1002/1226/464/162 1003/1227/465/162 997/1228/459/162 996/1229/458/162
f 997/1230/459/162 1003/1231/465/162 1001/1232/463/162 999/1233/461/162
f 1002/1234/464/162 996/1235/458/162 998/1236/460/162 1000/1237/462/162
f 1076/1341/514/173 1077/1342/514/173 1078/1343/514/173 1079/1344/514/173
f 1080/1345/515/173 1081/1346/515/173 1082/1347/515/173 1083/1348/515/173
f 1084/1349/516/173 1085/1350/516/173 1086/1351/516/173 1087/1352/516/173
f 1088/1353/516/173 1089/1354/516/173 1090/1355/516/173 1091/1356/516/173
f 1092/1357/517/173 1093/1358/517/173 1094/1359/517/173 1095/1360/517/173
f 1096/1361/518/173 1097/1362/518/173 1098/1363/518/173 1099/1364/518/173
f 1100/1365/515/173 1101/1366/515/173 1102/1367/515/173 1103/1368/515/173
f 1104/1369/514/173 1105/1370/514/173 1106/1371/514/173 1107/1372/514/173
f 1108/1373/517/173 1109/1374/517/173 1110/1375/517/173 1111/1376/517/173
f 1112/1377/518/173 1113/1378/518/173 1114/1379/518/173 1115/1380/518/173
f 1089/1354/516/173 1116/1381/516/173 1117/1382/516/173 1090/1355/516/173
f 1085/1350/516/173 1118/1383/516/173 1119/1384/516/173 1086/1351/516/173
f 1276/1595/626/192 1277/1596/626/192 1278/1597/626/192 1279/1598/626/192
f 1280/1599/627/192 1281/1600/627/192 1282/1601/627/192 1283/1602/627/192
f 1284/1603/628/192 1285/1604/628/192 1286/1605/628/192 1287/1606/628/192
f 1288/1607/628/192 1289/1608/628/192 1290/1609/628/192 1291/1610/628/192
f 1292/1611/629/192 1293/1612/629/192 1294/1613/629/192 1295/1614/629/192
f 1296/1615/630/192 1297/1616/630/192 1298/1617/630/192 1299/1618/630/192
f 1300/1619/627/192 1301/1620/627/192 1302/1621/627/192 1303/1622/627/192
f 1304/1623/626/192 1305/1624/626/192 1306/1625/626/192 1307/1626/626/192
f 1308/1627/629/192 1309/1628/629/192 1310/1629/629/192 1311/1630/629/192
f 1312/1631/630/192 1313/1632/630/192 1314/1633/630/192 1315/1634/630/192
f 1289/1608/628/192 1316/1635/628/192 1317/1636/628/192 1290/1609/628/192
f 1285/1604/628/192 1318/1637/628/192 1319/1638/628/192 1286/1605/628/192
f 1384/1720/680/200 1385/1721/680/200 1386/1722/680/200 1387/1723/680/200
f 1388/1724/681/200 1389/1725/681/200 1390/1726/681/200 1391/1727/681/200
f 1392/1728/682/200 1393/1729/682/200 1394/1730/682/200 1395/1731/682/200
f 1396/1732/682/200 1397/1733/682/200 1398/1734/682/200 1399/1735/682/200
f 1400/1736/683/200 1401/1737/683/200 1402/1738/683/200 1403/1739/683/200
f 1404/1740/684/200 1405/1741/684/200 1406/1742/684/200 1407/1743/684/200
f 1408/1744/681/200 1409/1745/681/200 1410/1746/681/200 1411/1747/681/200
f 1412/1748/680/200 1413/1749/680/200 1414/1750/680/200 1415/1751/680/200
f 1416/1752/683/200 1417/1753/683/200 1418/1754/683/200 1419/1755/683/200
f 1420/1756/684/200 1421/1757/684/200 1422/1758/684/200 1423/1759/684/200
f 1397/1733/682/200 1424/1760/682/200 1425/1761/682/200 1398/1734/682/200
f 1393/1729/682/200 1426/1762/682/200 1427/1763/682/200 1394/1730/682/200
f 1466/1812/704/205 1467/1813/705/205 1469/1814/707/205 1468/1815/706/205
f 1468/1816/706/205 1469/1817/707/205 1471/1818/709/205 1470/1819/708/205
f 1472/1820/710/205 1473/1821/711/205 1475/1822/713/205 1474/1823/712/205
f 1474/1824/712/205 1475/1825/713/205 1477/1826/715/205 1476/1827/714/205
f 1476/1828/714/205 1477/1829/715/205 1479/1830/717/205 1478/1831/716/205
f 1478/1832/716/205 1479/1833/717/205 1473/1834/711/205 1472/1835/710/205
f 1473/1836/711/205 1479/1837/717/205 1477/1838/715/205 1475/1839/713/205
f 1478/1840/716/205 1472/1841/710/205 1474/1842/712/205 1476/1843/714/205
f 1544/1928/770/213 1545/1929/771/213 1547/1930/773/213 1546/1931/772/213
f 1546/1932/772/213 1547/1933/773/213 1549/1934/775/213 1548/1935/774/213
f 1572/1968/792/217 1573/1969/792/217 1574/1970/792/217 1575/1971/792/217
f 1576/1972/793/217 1577/1973/793/217 1578/1974/793/217 1579/1975/793/217
f 1580/1976/794/217 1581/1977/794/217 1582/1978/794/217 1583/1979/794/217
f 1584/1980/794/217 1585/1981/794/217 1586/1982/794/217 1587/1983/794/217
f 1588/1984/795/217 1589/1985/795/217 1590/1986/795/217 1591/1987/795/217
f 1592/1988/796/217 1593/1989/796/217 1594/1990/796/217 1595/1991/796/217
f 1596/1992/793/217 1597/1993/793/217 1598/1994/793/217 1599/1995/793/217
f 1600/1996/792/217 1601/1997/792/217 1602/1998/792/217 1603/1999/792/217
f 1604/2000/795/217 1605/2001/795/217 1606/2002/795/217 1607/2003/795/217
f 1608/2004/796/217 1609/2005/796/217 1610/2006/796/217 1611/2007/796/217
f 1585/1981/794/217 1612/2008/794/217 1613/2009/794/217 1586/1982/794/217
f 1581/1977/794/217 1614/2010/794/217 1615/2011/794/217 1582/1978/794/217
f 1650/2075/819/223 1651/2076/820/223 1653/2077/822/223 1652/2078/821/223
f 1652/2069/821/223 1653/2070/822/223 1655/2071/824/223 1654/2072/823/223
f 1654/2061/823/223 1655/2068/824/223 1657/2062/826/223 1656/2067/825/223
f 1656/2079/825/223 1657/2080/826/223 1651/2081/820/223 1650/2082/819/223
f 1651/2073/820/223 1657/2063/826/223 1655/2064/824/223 1653/2060/822/223
f 1656/2065/825/223 1650/2059/819/223 1652/2074/821/223 1654/2066/823/223
f 1658/2083/827/223 1659/2084/828/223 1661/2085/830/223 1660/2086/829/223
f 1660/2087/829/223 1661/2088/830/223 1663/2089/832/223 1662/2090/831/223
usemtl egrass_ro
s off
f 2488/3013/1249/315 2489/3014/1249/315 2490/3015/1249/315 2491/3016/1249/315
usemtl Very_Tall_Grass_Top
s off
f 2338/2897/1220/286 2339/2898/1220/286 2336/2899/1220/286 2337/2900/1220/286
f 2382/2929/1228/294 2383/2930/1228/294 2380/2931/1228/294 2381/2932/1228/294
f 2396/2941/1231/297 2397/2942/1231/297 2394/2943/1231/297 2395/2944/1231/297
f 2434/2969/1238/304 2435/2970/1238/304 2432/2971/1238/304 2433/2972/1238/304
f 2448/2981/1241/307 2449/2982/1241/307 2446/2983/1241/307 2447/2984/1241/307
f 2486/3009/1248/314 2487/3010/1248/314 2484/3011/1248/314 2485/3012/1248/314
f 2504/3025/1252/318 2505/3026/1252/318 2502/3027/1252/318 2503/3028/1252/318
f 2542/3053/1259/325 2543/3054/1259/325 2540/3055/1259/325 2541/3056/1259/325
f 2562/3069/1263/329 2563/3070/1263/329 2560/3071/1263/329 2561/3072/1263/329
f 2582/3085/1267/333 2583/3086/1267/333 2580/3087/1267/333 2581/3088/1267/333
f 2590/3093/1269/335 2591/3094/1269/335 2588/3095/1269/335 2589/3096/1269/335
f 2604/3105/1272/338 2605/3106/1272/338 2602/3107/1272/338 2603/3108/1272/338
f 2636/3129/1278/344 2637/3130/1278/344 2634/3131/1278/344 2635/3132/1278/344
f 2650/3141/1281/347 2651/3142/1281/347 2648/3143/1281/347 2649/3144/1281/347
f 2670/3157/1285/351 2671/3158/1285/351 2668/3159/1285/351 2669/3160/1285/351
f 2684/3169/1288/354 2685/3170/1288/354 2682/3171/1288/354 2683/3172/1288/354
f 2692/3177/1290/356 2693/3178/1290/356 2690/3179/1290/356 2691/3180/1290/356
f 2718/3197/1295/361 2719/3198/1295/361 2716/3199/1295/361 2717/3200/1295/361
f 2738/3213/1299/365 2739/3214/1299/365 2736/3215/1299/365 2737/3216/1299/365
f 2758/3229/1303/369 2759/3230/1303/369 2756/3231/1303/369 2757/3232/1303/369
f 2778/3245/1307/373 2779/3246/1307/373 2776/3247/1307/373 2777/3248/1307/373
f 2798/3261/1311/377 2799/3262/1311/377 2796/3263/1311/377 2797/3264/1311/377
f 2818/3277/1315/381 2819/3278/1315/381 2816/3279/1315/381 2817/3280/1315/381
f 2838/3293/1319/385 2839/3294/1319/385 2836/3295/1319/385 2837/3296/1319/385
f 2852/3305/1322/388 2853/3306/1322/388 2850/3307/1322/388 2851/3308/1322/388
f 2866/3317/1325/391 2867/3318/1325/391 2864/3319/1325/391 2865/3320/1325/391
f 2874/3325/1327/393 2875/3326/1327/393 2872/3327/1327/393 2873/3328/1327/393
f 2888/3337/1330/396 2889/3338/1330/396 2886/3339/1330/396 2887/3340/1330/396
f 2896/3345/1332/398 2897/3346/1332/398 2894/3347/1332/398 2895/3348/1332/398
f 2910/3357/1335/401 2911/3358/1335/401 2908/3359/1335/401 2909/3360/1335/401
f 2918/3365/1337/403 2919/3366/1337/403 2916/3367/1337/403 2917/3368/1337/403
f 2932/3377/1340/406 2933/3378/1340/406 2930/3379/1340/406 2931/3380/1340/406
f 2952/3393/1344/410 2953/3394/1344/410 2950/3395/1344/410 2951/3396/1344/410
f 2966/3405/1347/413 2967/3406/1347/413 2964/3407/1347/413 2965/3408/1347/413
f 2986/3421/1351/417 2987/3422/1351/417 2984/3423/1351/417 2985/3424/1351/417
f 3000/3433/1354/420 3001/3434/1354/420 2998/3435/1354/420 2999/3436/1354/420
f 3014/3445/1357/423 3015/3446/1357/423 3012/3447/1357/423 3013/3448/1357/423
f 3028/3457/1360/426 3029/3458/1360/426 3026/3459/1360/426 3027/3460/1360/426
f 3048/3473/1364/430 3049/3474/1364/430 3046/3475/1364/430 3047/3476/1364/430
f 3068/3489/1368/434 3069/3490/1368/434 3066/3491/1368/434 3067/3492/1368/434
f 3100/3513/1374/440 3101/3514/1374/440 3098/3515/1374/440 3099/3516/1374/440
f 3204/3585/1392/458 3205/3586/1392/458 3202/3587/1392/458 3203/3588/1392/458
f 3314/3661/1411/477 3315/3662/1411/477 3312/3663/1411/477 3313/3664/1411/477
f 3388/3713/1424/490 3389/3714/1424/490 3386/3715/1424/490 3387/3716/1424/490
usemtl Very_Tall_Grass_Middle
s off
f 2326/2889/1218/284 2327/2890/1218/284 2324/2891/1218/284 2325/2892/1218/284
f 2332/2893/1219/285 2333/2894/1219/285 2330/2895/1219/285 2331/2896/1219/285
f 2346/2905/1222/288 2347/2906/1222/288 2344/2907/1222/288 2345/2908/1222/288
f 2352/2909/1223/289 2353/2910/1223/289 2350/2911/1223/289 2351/2912/1223/289
f 2358/2913/1224/290 2359/2914/1224/290 2356/2915/1224/290 2357/2916/1224/290
f 2364/2917/1225/291 2365/2918/1225/291 2362/2919/1225/291 2363/2920/1225/291
f 2370/2921/1226/292 2371/2922/1226/292 2368/2923/1226/292 2369/2924/1226/292
f 2376/2925/1227/293 2377/2926/1227/293 2374/2927/1227/293 2375/2928/1227/293
f 2390/2937/1230/296 2391/2938/1230/296 2388/2939/1230/296 2389/2940/1230/296
f 2404/2949/1233/299 2405/2950/1233/299 2402/2951/1233/299 2403/2952/1233/299
f 2410/2953/1234/300 2411/2954/1234/300 2408/2955/1234/300 2409/2956/1234/300
f 2416/2957/1235/301 2417/2958/1235/301 2414/2959/1235/301 2415/2960/1235/301
f 2422/2961/1236/302 2423/2962/1236/302 2420/2963/1236/302 2421/2964/1236/302
f 2428/2965/1237/303 2429/2966/1237/303 2426/2967/1237/303 2427/2968/1237/303
f 2442/2977/1240/306 2443/2978/1240/306 2440/2979/1240/306 2441/2980/1240/306
f 2456/2989/1243/309 2457/2990/1243/309 2454/2991/1243/309 2455/2992/1243/309
f 2462/2993/1244/310 2463/2994/1244/310 2460/2995/1244/310 2461/2996/1244/310
f 2468/2997/1245/311 2469/2998/1245/311 2466/2999/1245/311 2467/3000/1245/311
f 2474/3001/1246/312 2475/3002/1246/312 2472/3003/1246/312 2473/3004/1246/312
f 2480/3005/1247/313 2481/3006/1247/313 2478/3007/1247/313 2479/3008/1247/313
f 2498/3021/1251/317 2499/3022/1251/317 2496/3023/1251/317 2497/3024/1251/317
f 2512/3033/1254/320 2513/3034/1254/320 2510/3035/1254/320 2511/3036/1254/320
f 2518/3037/1255/321 2519/3038/1255/321 2516/3039/1255/321 2517/3040/1255/321
f 2524/3041/1256/322 2525/3042/1256/322 2522/3043/1256/322 2523/3044/1256/322
f 2530/3045/1257/323 2531/3046/1257/323 2528/3047/1257/323 2529/3048/1257/323
f 2536/3049/1258/324 2537/3050/1258/324 2534/3051/1258/324 2535/3052/1258/324
f 2550/3061/1261/327 2551/3062/1261/327 2548/3063/1261/327 2549/3064/1261/327
f 2556/3065/1262/328 2557/3066/1262/328 2554/3067/1262/328 2555/3068/1262/328
f 2570/3077/1265/331 2571/3078/1265/331 2568/3079/1265/331 2569/3080/1265/331
f 2576/3081/1266/332 2577/3082/1266/332 2574/3083/1266/332 2575/3084/1266/332
f 2598/3101/1271/337 2599/3102/1271/337 2596/3103/1271/337 2597/3104/1271/337
f 2612/3113/1274/340 2613/3114/1274/340 2610/3115/1274/340 2611/3116/1274/340
f 2618/3117/1275/341 2619/3118/1275/341 2616/3119/1275/341 2617/3120/1275/341
f 2624/3121/1276/342 2625/3122/1276/342 2622/3123/1276/342 2623/3124/1276/342
f 2630/3125/1277/343 2631/3126/1277/343 2628/3127/1277/343 2629/3128/1277/343
f 2644/3137/1280/346 2645/3138/1280/346 2642/3139/1280/346 2643/3140/1280/346
f 2658/3149/1283/349 2659/3150/1283/349 2656/3151/1283/349 2657/3152/1283/349
f 2664/3153/1284/350 2665/3154/1284/350 2662/3155/1284/350 2663/3156/1284/350
f 2678/3165/1287/353 2679/3166/1287/353 2676/3167/1287/353 2677/3168/1287/353
f 2700/3185/1292/358 2701/3186/1292/358 2698/3187/1292/358 2699/3188/1292/358
f 2706/3189/1293/359 2707/3190/1293/359 2704/3191/1293/359 2705/3192/1293/359
f 2712/3193/1294/360 2713/3194/1294/360 2710/3195/1294/360 2711/3196/1294/360
f 2726/3205/1297/363 2727/3206/1297/363 2724/3207/1297/363 2725/3208/1297/363
f 2732/3209/1298/364 2733/3210/1298/364 2730/3211/1298/364 2731/3212/1298/364
f 2746/3221/1301/367 2747/3222/1301/367 2744/3223/1301/367 2745/3224/1301/367
f 2752/3225/1302/368 2753/3226/1302/368 2750/3227/1302/368 2751/3228/1302/368
f 2766/3237/1305/371 2767/3238/1305/371 2764/3239/1305/371 2765/3240/1305/371
f 2772/3241/1306/372 2773/3242/1306/372 2770/3243/1306/372 2771/3244/1306/372
f 2786/3253/1309/375 2787/3254/1309/375 2784/3255/1309/375 2785/3256/1309/375
f 2792/3257/1310/376 2793/3258/1310/376 2790/3259/1310/376 2791/3260/1310/376
f 2806/3269/1313/379 2807/3270/1313/379 2804/3271/1313/379 2805/3272/1313/379
f 2812/3273/1314/380 2813/3274/1314/380 2810/3275/1314/380 2811/3276/1314/380
f 2826/3285/1317/383 2827/3286/1317/383 2824/3287/1317/383 2825/3288/1317/383
f 2832/3289/1318/384 2833/3290/1318/384 2830/3291/1318/384 2831/3292/1318/384
f 2846/3301/1321/387 2847/3302/1321/387 2844/3303/1321/387 2845/3304/1321/387
f 2860/3313/1324/390 2861/3314/1324/390 2858/3315/1324/390 2859/3316/1324/390
f 2882/3333/1329/395 2883/3334/1329/395 2880/3335/1329/395 2881/3336/1329/395
f 2904/3353/1334/400 2905/3354/1334/400 2902/3355/1334/400 2903/3356/1334/400
f 2926/3373/1339/405 2927/3374/1339/405 2924/3375/1339/405 2925/3376/1339/405
f 2940/3385/1342/408 2941/3386/1342/408 2938/3387/1342/408 2939/3388/1342/408
f 2946/3389/1343/409 2947/3390/1343/409 2944/3391/1343/409 2945/3392/1343/409
f 2960/3401/1346/412 2961/3402/1346/412 2958/3403/1346/412 2959/3404/1346/412
f 2974/3413/1349/415 2975/3414/1349/415 2972/3415/1349/415 2973/3416/1349/415
f 2980/3417/1350/416 2981/3418/1350/416 2978/3419/1350/416 2979/3420/1350/416
f 2994/3429/1353/419 2995/3430/1353/419 2992/3431/1353/419 2993/3432/1353/419
f 3008/3441/1356/422 3009/3442/1356/422 3006/3443/1356/422 3007/3444/1356/422
f 3022/3453/1359/425 3023/3454/1359/425 3020/3455/1359/425 3021/3456/1359/425
f 3036/3465/1362/428 3037/3466/1362/428 3034/3467/1362/428 3035/3468/1362/428
f 3042/3469/1363/429 3043/3470/1363/429 3040/3471/1363/429 3041/3472/1363/429
f 3056/3481/1366/432 3057/3482/1366/432 3054/3483/1366/432 3055/3484/1366/432
f 3062/3485/1367/433 3063/3486/1367/433 3060/3487/1367/433 3061/3488/1367/433
f 3076/3497/1370/436 3077/3498/1370/436 3074/3499/1370/436 3075/3500/1370/436
f 3082/3501/1371/437 3083/3502/1371/437 3080/3503/1371/437 3081/3504/1371/437
f 3088/3505/1372/438 3089/3506/1372/438 3086/3507/1372/438 3087/3508/1372/438
f 3094/3509/1373/439 3095/3510/1373/439 3092/3511/1373/439 3093/3512/1373/439
f 3108/3521/1376/442 3109/3522/1376/442 3106/3523/1376/442 3107/3524/1376/442
f 3114/3525/1377/443 3115/3526/1377/443 3112/3527/1377/443 3113/3528/1377/443
f 3120/3529/1378/444 3121/3530/1378/444 3118/3531/1378/444 3119/3532/1378/444
f 3126/3533/1379/445 3127/3534/1379/445 3124/3535/1379/445 3125/3536/1379/445
f 3132/3537/1380/446 3133/3538/1380/446 3130/3539/1380/446 3131/3540/1380/446
f 3138/3541/1381/447 3139/3542/1381/447 3136/3543/1381/447 3137/3544/1381/447
f 3144/3545/1382/448 3145/3546/1382/448 3142/3547/1382/448 3143/3548/1382/448
f 3150/3549/1383/449 3151/3550/1383/449 3148/3551/1383/449 3149/3552/1383/449
f 3156/3553/1384/450 3157/3554/1384/450 3154/3555/1384/450 3155/3556/1384/450
f 3162/3557/1385/451 3163/3558/1385/451 3160/3559/1385/451 3161/3560/1385/451
f 3168/3561/1386/452 3169/3562/1386/452 3166/3563/1386/452 3167/3564/1386/452
f 3174/3565/1387/453 3175/3566/1387/453 3172/3567/1387/453 3173/3568/1387/453
f 3180/3569/1388/454 3181/3570/1388/454 3178/3571/1388/454 3179/3572/1388/454
f 3186/3573/1389/455 3187/3574/1389/455 3184/3575/1389/455 3185/3576/1389/455
f 3192/3577/1390/456 3193/3578/1390/456 3190/3579/1390/456 3191/3580/1390/456
f 3198/3581/1391/457 3199/3582/1391/457 3196/3583/1391/457 3197/3584/1391/457
f 3212/3593/1394/460 3213/3594/1394/460 3210/3595/1394/460 3211/3596/1394/460
f 3218/3597/1395/461 3219/3598/1395/461 3216/3599/1395/461 3217/3600/1395/461
f 3224/3601/1396/462 3225/3602/1396/462 3222/3603/1396/462 3223/3604/1396/462
f 3230/3605/1397/463 3231/3606/1397/463 3228/3607/1397/463 3229/3608/1397/463
f 3236/3609/1398/464 3237/3610/1398/464 3234/3611/1398/464 3235/3612/1398/464
f 3242/3613/1399/465 3243/3614/1399/465 3240/3615/1399/465 3241/3616/1399/465
f 3248/3617/1400/466 3249/3618/1400/466 3246/3619/1400/466 3247/3620/1400/466
f 3254/3621/1401/467 3255/3622/1401/467 3252/3623/1401/467 3253/3624/1401/467
f 3260/3625/1402/468 3261/3626/1402/468 3258/3627/1402/468 3259/3628/1402/468
f 3266/3629/1403/469 3267/3630/1403/469 3264/3631/1403/469 3265/3632/1403/469
f 3272/3633/1404/470 3273/3634/1404/470 3270/3635/1404/470 3271/3636/1404/470
f 3278/3637/1405/471 3279/3638/1405/471 3276/3639/1405/471 3277/3640/1405/471
f 3284/3641/1406/472 3285/3642/1406/472 3282/3643/1406/472 3283/3644/1406/472
f 3290/3645/1407/473 3291/3646/1407/473 3288/3647/1407/473 3289/3648/1407/473
f 3296/3649/1408/474 3297/3650/1408/474 3294/3651/1408/474 3295/3652/1408/474
f 3302/3653/1409/475 3303/3654/1409/475 3300/3655/1409/475 3301/3656/1409/475
f 3308/3657/1410/476 3309/3658/1410/476 3306/3659/1410/476 3307/3660/1410/476
f 3322/3669/1413/479 3323/3670/1413/479 3320/3671/1413/479 3321/3672/1413/479
f 3328/3673/1414/480 3329/3674/1414/480 3326/3675/1414/480 3327/3676/1414/480
f 3334/3677/1415/481 3335/3678/1415/481 3332/3679/1415/481 3333/3680/1415/481
f 3340/3681/1416/482 3341/3682/1416/482 3338/3683/1416/482 3339/3684/1416/482
f 3346/3685/1417/483 3347/3686/1417/483 3344/3687/1417/483 3345/3688/1417/483
f 3352/3689/1418/484 3353/3690/1418/484 3350/3691/1418/484 3351/3692/1418/484
f 3358/3693/1419/485 3359/3694/1419/485 3356/3695/1419/485 3357/3696/1419/485
f 3364/3697/1420/486 3365/3698/1420/486 3362/3699/1420/486 3363/3700/1420/486
f 3370/3701/1421/487 3371/3702/1421/487 3368/3703/1421/487 3369/3704/1421/487
f 3376/3705/1422/488 3377/3706/1422/488 3374/3707/1422/488 3375/3708/1422/488
f 3382/3709/1423/489 3383/3710/1423/489 3380/3711/1423/489 3381/3712/1423/489
usemtl Very_Tall_Grass_Bottom
s off
f 2320/2885/1217/283 2321/2886/1217/283 2322/2887/1217/283 2323/2888/1217/283
f 2340/2901/1221/287 2341/2902/1221/287 2342/2903/1221/287 2343/2904/1221/287
f 2384/2933/1229/295 2385/2934/1229/295 2386/2935/1229/295 2387/2936/1229/295
f 2398/2945/1232/298 2399/2946/1232/298 2400/2947/1232/298 2401/2948/1232/298
f 2436/2973/1239/305 2437/2974/1239/305 2438/2975/1239/305 2439/2976/1239/305
f 2450/2985/1242/308 2451/2986/1242/308 2452/2987/1242/308 2453/2988/1242/308
f 2492/3017/1250/316 2493/3018/1250/316 2494/3019/1250/316 2495/3020/1250/316
f 2506/3029/1253/319 2507/3030/1253/319 2508/3031/1253/319 2509/3032/1253/319
f 2544/3057/1260/326 2545/3058/1260/326 2546/3059/1260/326 2547/3060/1260/326
f 2564/3073/1264/330 2565/3074/1264/330 2566/3075/1264/330 2567/3076/1264/330
f 2584/3089/1268/334 2585/3090/1268/334 2586/3091/1268/334 2587/3092/1268/334
f 2592/3097/1270/336 2593/3098/1270/336 2594/3099/1270/336 2595/3100/1270/336
f 2606/3109/1273/339 2607/3110/1273/339 2608/3111/1273/339 2609/3112/1273/339
f 2638/3133/1279/345 2639/3134/1279/345 2640/3135/1279/345 2641/3136/1279/345
f 2652/3145/1282/348 2653/3146/1282/348 2654/3147/1282/348 2655/3148/1282/348
f 2672/3161/1286/352 2673/3162/1286/352 2674/3163/1286/352 2675/3164/1286/352
f 2686/3173/1289/355 2687/3174/1289/355 2688/3175/1289/355 2689/3176/1289/355
f 2694/3181/1291/357 2695/3182/1291/357 2696/3183/1291/357 2697/3184/1291/357
f 2720/3201/1296/362 2721/3202/1296/362 2722/3203/1296/362 2723/3204/1296/362
f 2740/3217/1300/366 2741/3218/1300/366 2742/3219/1300/366 2743/3220/1300/366
f 2760/3233/1304/370 2761/3234/1304/370 2762/3235/1304/370 2763/3236/1304/370
f 2780/3249/1308/374 2781/3250/1308/374 2782/3251/1308/374 2783/3252/1308/374
f 2800/3265/1312/378 2801/3266/1312/378 2802/3267/1312/378 2803/3268/1312/378
f 2820/3281/1316/382 2821/3282/1316/382 2822/3283/1316/382 2823/3284/1316/382
f 2840/3297/1320/386 2841/3298/1320/386 2842/3299/1320/386 2843/3300/1320/386
f 2854/3309/1323/389 2855/3310/1323/389 2856/3311/1323/389 2857/3312/1323/389
f 2868/3321/1326/392 2869/3322/1326/392 2870/3323/1326/392 2871/3324/1326/392
f 2876/3329/1328/394 2877/3330/1328/394 2878/3331/1328/394 2879/3332/1328/394
f 2890/3341/1331/397 2891/3342/1331/397 2892/3343/1331/397 2893/3344/1331/397
f 2898/3349/1333/399 2899/3350/1333/399 2900/3351/1333/399 2901/3352/1333/399
f 2912/3361/1336/402 2913/3362/1336/402 2914/3363/1336/402 2915/3364/1336/402
f 2920/3369/1338/404 2921/3370/1338/404 2922/3371/1338/404 2923/3372/1338/404
f 2934/3381/1341/407 2935/3382/1341/407 2936/3383/1341/407 2937/3384/1341/407
f 2954/3397/1345/411 2955/3398/1345/411 2956/3399/1345/411 2957/3400/1345/411
f 2968/3409/1348/414 2969/3410/1348/414 2970/3411/1348/414 2971/3412/1348/414
f 2988/3425/1352/418 2989/3426/1352/418 2990/3427/1352/418 2991/3428/1352/418
f 3002/3437/1355/421 3003/3438/1355/421 3004/3439/1355/421 3005/3440/1355/421
f 3016/3449/1358/424 3017/3450/1358/424 3018/3451/1358/424 3019/3452/1358/424
f 3030/3461/1361/427 3031/3462/1361/427 3032/3463/1361/427 3033/3464/1361/427
f 3050/3477/1365/431 3051/3478/1365/431 3052/3479/1365/431 3053/3480/1365/431
f 3070/3493/1369/435 3071/3494/1369/435 3072/3495/1369/435 3073/3496/1369/435
f 3102/3517/1375/441 3103/3518/1375/441 3104/3519/1375/441 3105/3520/1375/441
f 3206/3589/1393/459 3207/3590/1393/459 3208/3591/1393/459 3209/3592/1393/459
f 3316/3665/1412/478 3317/3666/1412/478 3318/3667/1412/478 3319/3668/1412/478
