mtllib Barrier-Reef_06_06.mtl
o map
v -12.0 -8.0 2.0
v -16.0 -8.0 2.0
v -16.0 -16.0 2.0
v -12.0 -16.0 2.0
v -11.0 0.0 2.0
v -16.0 0.0 2.0
v -16.0 -8.0 2.0
v -11.0 -8.0 2.0
v -12.0 8.0 2.0
v -16.0 8.0 2.0
v -16.0 0.0 2.0
v -12.0 0.0 2.0
v -13.0 16.0 2.0
v -16.0 16.0 2.0
v -16.0 8.0 2.0
v -13.0 8.0 2.0
v -12.0 15.0 2.0
v -13.0 15.0 2.0
v -13.0 8.0 2.0
v -12.0 8.0 2.0
v -11.0 16.0 1.0
v -13.0 16.0 1.0
v -13.0 15.0 1.0
v -11.0 15.0 1.0
v -11.0 -8.0 1.0
v -12.0 -8.0 1.0
v -12.0 -16.0 1.0
v -11.0 -16.0 1.0
v -11.0 7.0 2.0
v -12.0 7.0 2.0
v -12.0 0.0 2.0
v -11.0 0.0 2.0
v -11.0 15.0 1.0
v -12.0 15.0 1.0
v -12.0 7.0 1.0
v -11.0 7.0 1.0
v -9.0 -9.0 0.0
v -11.0 -9.0 0.0
v -11.0 -16.0 0.0
v -9.0 -16.0 0.0
v -10.0 -1.0 1.0
v -11.0 -1.0 1.0
v -11.0 -9.0 1.0
v -10.0 -9.0 1.0
v -10.0 7.0 1.0
v -11.0 7.0 1.0
v -11.0 -1.0 1.0
v -10.0 -1.0 1.0
v -10.0 8.0 1.0
v -11.0 8.0 1.0
v -11.0 7.0 1.0
v -10.0 7.0 1.0
v -9.0 16.0 0.0
v -11.0 16.0 0.0
v -11.0 8.0 0.0
v -9.0 8.0 0.0
v -9.0 -1.0 0.0
v -10.0 -1.0 0.0
v -10.0 -9.0 0.0
v -9.0 -9.0 0.0
v -9.0 7.0 0.0
v -10.0 7.0 0.0
v -10.0 -1.0 0.0
v -9.0 -1.0 0.0
v -9.0 8.0 0.0
v -10.0 8.0 0.0
v -10.0 7.0 0.0
v -9.0 7.0 0.0
v -12.0 -13.0 2.187499
v -15.0 -13.0 2.187499
v -15.0 -16.0 2.187499
v -12.0 -16.0 2.187499
v -15.0 -14.500001 6.75
v -12.0 -14.500001 6.75
v -12.0 -14.5 2.187499
v -15.0 -14.5 2.187499
v -13.5 -16.0 6.749999
v -13.5 -13.000001 6.75
v -13.5 -13.0 2.187499
v -13.5 -16.0 2.187499
v -12.0 -16.0 3.624999
v -12.0 -13.0 3.624999
v -15.0 -13.0 3.624999
v -15.0 -16.0 3.624999
v -12.0 -10.0 2.187499
v -15.0 -10.0 2.187499
v -15.0 -13.0 2.187499
v -12.0 -13.0 2.187499
v -15.0 -11.500001 6.75
v -12.0 -11.500001 6.75
v -12.0 -11.5 2.187499
v -15.0 -11.5 2.187499
v -13.5 -13.000001 6.749999
v -13.5 -10.000001 6.75
v -13.5 -10.0 2.187499
v -13.5 -13.0 2.187499
v -12.0 -13.0 3.624999
v -12.0 -10.0 3.624999
v -15.0 -10.0 3.624999
v -15.0 -13.0 3.624999
v -12.0 12.0 2.187499
v -15.0 12.0 2.187499
v -15.0 9.0 2.187499
v -12.0 9.0 2.187499
v -15.0 10.499999 6.75
v -12.0 10.499999 6.75
v -12.0 10.5 2.187499
v -15.0 10.5 2.187499
v -13.5 8.999999 6.749999
v -13.5 11.999999 6.75
v -13.5 12.0 2.187499
v -13.5 9.0 2.187499
v -12.0 9.0 3.624999
v -12.0 12.0 3.624999
v -15.0 12.0 3.624999
v -15.0 9.0 3.624999
v -12.0 15.0 2.187499
v -15.0 15.0 2.187499
v -15.0 12.0 2.187499
v -12.0 12.0 2.187499
v -15.0 13.499999 6.75
v -12.0 13.499999 6.75
v -12.0 13.5 2.187499
v -15.0 13.5 2.187499
v -13.5 11.999999 6.749999
v -13.5 14.999999 6.75
v -13.5 15.0 2.187499
v -13.5 12.0 2.187499
v -12.0 12.0 3.624999
v -12.0 15.0 3.624999
v -15.0 15.0 3.624999
v -15.0 12.0 3.624999
v -12.0 -10.0 2.187499
v -12.0 -8.0 2.1875
v -14.0 -8.0 2.1875
v -14.0 -10.0 2.187499
v -13.0 -10.000001 5.499999
v -13.0 -8.000001 5.5
v -13.0 -8.0 2.1875
v -13.0 -10.0 2.187499
v -14.0 -9.000001 5.5
v -12.0 -9.000001 5.5
v -12.0 -9.0 2.1875
v -14.0 -9.0 2.1875
v -12.0 -8.0 3.4375
v -14.0 -8.0 3.4375
v -14.0 -10.0 3.437499
v -12.0 -10.0 3.437499
v -14.0 -8.0 4.8935537
v -14.0 -10.0 4.8935537
v -12.0 -10.0 4.8935537
v -12.0 -8.0 4.8935537
v -11.0 -5.0 2.187499
v -14.0 -5.0 2.187499
v -14.0 -8.0 2.187499
v -11.0 -8.0 2.187499
v -14.0 -6.500001 6.75
v -11.0 -6.500001 6.75
v -11.0 -6.5 2.187499
v -14.0 -6.5 2.187499
v -12.5 -8.000001 6.749999
v -12.5 -5.000001 6.75
v -12.5 -5.0 2.187499
v -12.5 -8.0 2.187499
v -11.0 -8.0 3.624999
v -11.0 -5.0 3.624999
v -14.0 -5.0 3.624999
v -14.0 -8.0 3.624999
v -11.0 -2.0 2.187499
v -14.0 -2.0 2.187499
v -14.0 -5.0 2.187499
v -11.0 -5.0 2.187499
v -14.0 -3.500001 6.75
v -11.0 -3.500001 6.75
v -11.0 -3.5 2.187499
v -14.0 -3.5 2.187499
v -12.5 -5.000001 6.749999
v -12.5 -2.000001 6.75
v -12.5 -2.0 2.187499
v -12.5 -5.0 2.187499
v -11.0 -5.0 3.624999
v -11.0 -2.0 3.624999
v -14.0 -2.0 3.624999
v -14.0 -5.0 3.624999
v -11.0 1.0 2.187499
v -14.0 1.0 2.187499
v -14.0 -2.0 2.187499
v -11.0 -2.0 2.187499
v -14.0 -0.50000095 6.75
v -11.0 -0.50000095 6.75
v -11.0 -0.5 2.187499
v -14.0 -0.5 2.187499
v -12.5 -2.000001 6.749999
v -12.5 0.99999905 6.75
v -12.5 1.0 2.187499
v -12.5 -2.0 2.187499
v -11.0 -2.0 3.624999
v -11.0 1.0 3.624999
v -14.0 1.0 3.624999
v -14.0 -2.0 3.624999
v -11.0 4.0 2.187499
v -14.0 4.0 2.187499
v -14.0 1.0 2.187499
v -11.0 1.0 2.187499
v -14.0 2.499999 6.75
v -11.0 2.499999 6.75
v -11.0 2.5 2.187499
v -14.0 2.5 2.187499
v -12.5 0.99999905 6.749999
v -12.5 3.999999 6.75
v -12.5 4.0 2.187499
v -12.5 1.0 2.187499
v -11.0 1.0 3.624999
v -11.0 4.0 3.624999
v -14.0 4.0 3.624999
v -14.0 1.0 3.624999
v -11.0 7.0 2.187499
v -14.0 7.0 2.187499
v -14.0 4.0 2.187499
v -11.0 4.0 2.187499
v -14.0 5.499999 6.75
v -11.0 5.499999 6.75
v -11.0 5.5 2.187499
v -14.0 5.5 2.187499
v -12.5 3.999999 6.749999
v -12.5 6.999999 6.75
v -12.5 7.0 2.187499
v -12.5 4.0 2.187499
v -11.0 4.0 3.624999
v -11.0 7.0 3.624999
v -14.0 7.0 3.624999
v -14.0 4.0 3.624999
v -12.0 7.0 2.187499
v -12.0 9.0 2.1875
v -14.0 9.0 2.1875
v -14.0 7.0 2.187499
v -13.0 6.999999 5.499999
v -13.0 8.999999 5.5
v -13.0 9.0 2.1875
v -13.0 7.0 2.187499
v -14.0 7.999999 5.5
v -12.0 7.999999 5.5
v -12.0 8.0 2.1875
v -14.0 8.0 2.1875
v -12.0 9.0 3.4375
v -14.0 9.0 3.4375
v -14.0 7.0 3.437499
v -12.0 7.0 3.437499
v -14.0 9.0 4.8935537
v -14.0 7.0 4.8935537
v -12.0 7.0 4.8935537
v -12.0 9.0 4.8935537
v -12.498437 14.998047 1.75
v -11.998437 14.998047 1.0
v -11.998437 15.998047 1.0
v -12.498437 15.998047 1.75
v -11.998437 15.498047 1.75
v -12.998437 15.998047 1.0
v -12.998437 15.498048 1.75
v -12.998437 14.998047 2.0
v -12.998437 15.998047 2.0
v -11.998437 14.998047 2.0
v -11.5 -16.0 1.75
v -11.0 -16.0 1.0
v -11.0 -9.0 1.0
v -11.499999 -9.0 1.75
v -12.0 -16.0 2.0
v -12.0 -9.0 2.0
v -12.001953 -8.501563 1.75
v -12.001953 -9.001563 1.0
v -11.001953 -9.001563 1.0
v -11.001953 -8.501563 1.75
v -11.501953 -9.001563 1.75
v -11.001953 -8.001563 1.0
v -11.501952 -8.001563 1.75
v -12.001953 -8.001563 2.0
v -11.001953 -8.001563 2.0
v -12.001953 -9.001563 2.0
v -11.498437 6.998047 1.75
v -10.998437 6.998047 1.0
v -10.998437 7.998047 1.0
v -11.498437 7.998047 1.75
v -10.998437 7.498047 1.75
v -11.998437 7.998047 1.0
v -11.998437 7.498048 1.75
v -11.998437 6.998047 2.0
v -11.998437 7.998047 2.0
v -10.998437 6.998047 2.0
v -11.5 8.0 1.75
v -11.0 8.0 1.0
v -11.0 15.0 1.0
v -11.499999 15.0 1.75
v -12.0 8.0 2.0
v -12.0 15.0 2.0
v -11.498828 14.998047 1.75
v -11.248828 15.748047 1.0
v -11.998828 15.498047 1.75
v -10.998828 14.998047 1.0
v -11.998828 15.998047 1.0
v -11.998828 14.998047 2.0
v -10.5 -16.0 0.75
v -10.0 -16.0 0.0
v -10.0 -10.0 0.0
v -10.499999 -10.0 0.75
v -11.0 -16.0 1.0
v -11.0 -10.0 1.0
v -11.001953 -9.501563 0.75
v -11.001953 -10.001563 0.0
v -10.001953 -10.001563 0.0
v -10.001953 -9.501563 0.75
v -10.501953 -10.001563 0.75
v -10.001953 -9.001563 0.0
v -10.501952 -9.001563 0.75
v -11.001953 -9.001563 1.0
v -10.001953 -9.001563 1.0
v -11.001953 -10.001563 1.0
v -11.001953 -8.501172 1.75
v -10.251953 -8.751172 1.0
v -10.501953 -8.001172 1.75
v -11.001953 -9.001172 1.0
v -10.001953 -8.001172 1.0
v -11.001953 -8.001172 2.0
v -10.5 -8.0 1.75
v -10.0 -8.0 1.0
v -10.0 0.0 1.0
v -10.499999 0.0 1.75
v -11.0 -8.0 2.0
v -11.0 0.0 2.0
v -10.5 0.0 1.75
v -10.0 0.0 1.0
v -10.0 7.0 1.0
v -10.499999 7.0 1.75
v -11.0 0.0 2.0
v -11.0 7.0 2.0
v -10.498828 6.998047 1.75
v -10.248828 7.748047 1.0
v -10.998828 7.498047 1.75
v -9.998828 6.998047 1.0
v -10.998828 7.998047 1.0
v -10.998828 6.998047 2.0
v -10.498437 7.998047 0.75
v -9.998437 7.998047 0.0
v -9.998437 8.998047 0.0
v -10.498437 8.998047 0.75
v -9.998437 8.498047 0.75
v -10.998437 8.998047 0.0
v -10.998437 8.498048 0.75
v -10.998437 7.998047 1.0
v -10.998437 8.998047 1.0
v -9.998437 7.998047 1.0
v -10.5 9.0 0.75
v -10.0 9.0 0.0
v -10.0 16.0 0.0
v -10.499999 16.0 0.75
v -11.0 9.0 1.0
v -11.0 16.0 1.0
v -10.001953 -9.501172 0.75
v -9.251953 -9.751172 0.0
v -9.501953 -9.001172 0.75
v -10.001953 -10.001172 0.0
v -9.001953 -9.001172 0.0
v -10.001953 -9.001172 1.0
v -9.5 -9.0 0.75
v -9.0 -9.0 0.0
v -9.0 -1.0 0.0
v -9.499999 -1.0 0.75
v -10.0 -9.0 1.0
v -10.0 -1.0 1.0
v -9.5 -1.0 0.75
v -9.0 -1.0 0.0
v -9.0 7.0 0.0
v -9.499999 7.0 0.75
v -10.0 -1.0 1.0
v -10.0 7.0 1.0
v -9.5 7.0 0.75
v -9.0 7.0 0.0
v -9.0 8.0 0.0
v -9.499999 8.0 0.75
v -10.0 7.0 1.0
v -10.0 8.0 1.0
v -9.498828 7.998047 0.75
v -9.248828 8.748047 0.0
v -9.998828 8.498047 0.75
v -8.998828 7.998047 0.0
v -9.998828 8.998047 0.0
v -9.998828 7.998047 1.0
v -8.374999 -15.0 -0.500002
v -8.0 -15.0 -1.000002
v -8.499999 -15.0 -0.250002
v -8.999999 -15.0 -1.013279E-6
v -8.499999 -15.0 -0.250002
v -8.374999 -15.0 -0.500002
v -7.999999 -15.0 -0.500002
v -8.374999 -15.0 -0.500002
v -8.499999 -16.0 -0.250002
v -8.374999 -16.0 -0.500002
v -8.499999 -16.0 -0.250002
v -8.999999 -16.0 -1.013279E-6
v -8.374999 -16.0 -0.500002
v -7.999999 -16.0 -0.500002
v -8.374999 -16.0 -0.500002
v -8.0 -16.0 -1.000002
v -8.374999 -14.0 -0.500002
v -8.0 -14.0 -1.000002
v -8.499999 -14.0 -0.250002
v -8.999999 -14.0 -1.013279E-6
v -8.499999 -14.0 -0.250002
v -8.374999 -14.0 -0.500002
v -7.999999 -14.0 -0.500002
v -8.374999 -14.0 -0.500002
v -8.499999 -15.0 -0.250002
v -8.374999 -15.0 -0.500002
v -8.499999 -15.0 -0.250002
v -8.999999 -15.0 -1.013279E-6
v -8.374999 -15.0 -0.500002
v -7.999999 -15.0 -0.500002
v -8.374999 -15.0 -0.500002
v -8.0 -15.0 -1.000002
v -8.374999 -13.0 -0.500002
v -8.0 -13.0 -1.000002
v -8.499999 -13.0 -0.250002
v -8.999999 -13.0 -1.013279E-6
v -8.499999 -13.0 -0.250002
v -8.374999 -13.0 -0.500002
v -7.999999 -13.0 -0.500002
v -8.374999 -13.0 -0.500002
v -8.499999 -14.0 -0.250002
v -8.374999 -14.0 -0.500002
v -8.499999 -14.0 -0.250002
v -8.999999 -14.0 -1.013279E-6
v -8.374999 -14.0 -0.500002
v -7.999999 -14.0 -0.500002
v -8.374999 -14.0 -0.500002
v -8.0 -14.0 -1.000002
v -8.374999 -12.0 -0.500002
v -8.0 -12.0 -1.000002
v -8.499999 -12.0 -0.250002
v -8.999999 -12.0 -1.013279E-6
v -8.499999 -12.0 -0.250002
v -8.374999 -12.0 -0.500002
v -7.999999 -12.0 -0.500002
v -8.374999 -12.0 -0.500002
v -8.499999 -13.0 -0.250002
v -8.374999 -13.0 -0.500002
v -8.499999 -13.0 -0.250002
v -8.999999 -13.0 -1.013279E-6
v -8.374999 -13.0 -0.500002
v -7.999999 -13.0 -0.500002
v -8.374999 -13.0 -0.500002
v -8.0 -13.0 -1.000002
v -8.374999 -11.0 -0.500002
v -8.0 -11.0 -1.000002
v -8.499999 -11.0 -0.250002
v -8.999999 -11.0 -1.013279E-6
v -8.499999 -11.0 -0.250002
v -8.374999 -11.0 -0.500002
v -7.999999 -11.0 -0.500002
v -8.374999 -11.0 -0.500002
v -8.499999 -12.0 -0.250002
v -8.374999 -12.0 -0.500002
v -8.499999 -12.0 -0.250002
v -8.999999 -12.0 -1.013279E-6
v -8.374999 -12.0 -0.500002
v -7.999999 -12.0 -0.500002
v -8.374999 -12.0 -0.500002
v -8.0 -12.0 -1.000002
v -8.374999 -10.0 -0.500002
v -8.0 -10.0 -1.000002
v -8.499999 -10.0 -0.250002
v -8.999999 -10.0 -1.013279E-6
v -8.499999 -10.0 -0.250002
v -8.374999 -10.0 -0.500002
v -7.999999 -10.0 -0.500002
v -8.374999 -10.0 -0.500002
v -8.499999 -11.0 -0.250002
v -8.374999 -11.0 -0.500002
v -8.499999 -11.0 -0.250002
v -8.999999 -11.0 -1.013279E-6
v -8.374999 -11.0 -0.500002
v -7.999999 -11.0 -0.500002
v -8.374999 -11.0 -0.500002
v -8.0 -11.0 -1.000002
v -8.374999 -9.0 -0.500002
v -8.0 -9.0 -1.000002
v -8.499999 -9.0 -0.250002
v -8.999999 -9.0 -1.013279E-6
v -8.499999 -9.0 -0.250002
v -8.374999 -9.0 -0.500002
v -7.999999 -9.0 -0.500002
v -8.374999 -9.0 -0.500002
v -8.499999 -10.0 -0.250002
v -8.374999 -10.0 -0.500002
v -8.499999 -10.0 -0.250002
v -8.999999 -10.0 -1.013279E-6
v -8.374999 -10.0 -0.500002
v -7.999999 -10.0 -0.500002
v -8.374999 -10.0 -0.500002
v -8.0 -10.0 -1.000002
v -8.374999 -8.0 -0.500002
v -8.0 -8.0 -1.000002
v -8.499999 -8.0 -0.250002
v -8.999999 -8.0 -1.013279E-6
v -8.499999 -8.0 -0.250002
v -8.374999 -8.0 -0.500002
v -7.999999 -8.0 -0.500002
v -8.374999 -8.0 -0.500002
v -8.499999 -9.0 -0.250002
v -8.374999 -9.0 -0.500002
v -8.499999 -9.0 -0.250002
v -8.999999 -9.0 -1.013279E-6
v -8.374999 -9.0 -0.500002
v -7.999999 -9.0 -0.500002
v -8.374999 -9.0 -0.500002
v -8.0 -9.0 -1.000002
v -8.374999 -7.0 -0.500002
v -8.0 -7.0 -1.000002
v -8.499999 -7.0 -0.250002
v -8.999999 -7.0 -1.013279E-6
v -8.499999 -7.0 -0.250002
v -8.374999 -7.0 -0.500002
v -7.999999 -7.0 -0.500002
v -8.374999 -7.0 -0.500002
v -8.499999 -8.0 -0.250002
v -8.374999 -8.0 -0.500002
v -8.499999 -8.0 -0.250002
v -8.999999 -8.0 -1.013279E-6
v -8.374999 -8.0 -0.500002
v -7.999999 -8.0 -0.500002
v -8.374999 -8.0 -0.500002
v -8.0 -8.0 -1.000002
v -8.374999 -6.0 -0.500002
v -8.0 -6.0 -1.000002
v -8.499999 -6.0 -0.250002
v -8.999999 -6.0 -1.013279E-6
v -8.499999 -6.0 -0.250002
v -8.374999 -6.0 -0.500002
v -7.999999 -6.0 -0.500002
v -8.374999 -6.0 -0.500002
v -8.499999 -7.0 -0.250002
v -8.374999 -7.0 -0.500002
v -8.499999 -7.0 -0.250002
v -8.999999 -7.0 -1.013279E-6
v -8.374999 -7.0 -0.500002
v -7.999999 -7.0 -0.500002
v -8.374999 -7.0 -0.500002
v -8.0 -7.0 -1.000002
v -8.374999 -5.0 -0.500002
v -8.0 -5.0 -1.000002
v -8.499999 -5.0 -0.250002
v -8.999999 -5.0 -1.013279E-6
v -8.499999 -5.0 -0.250002
v -8.374999 -5.0 -0.500002
v -7.999999 -5.0 -0.500002
v -8.374999 -5.0 -0.500002
v -8.499999 -6.0 -0.250002
v -8.374999 -6.0 -0.500002
v -8.499999 -6.0 -0.250002
v -8.999999 -6.0 -1.013279E-6
v -8.374999 -6.0 -0.500002
v -7.999999 -6.0 -0.500002
v -8.374999 -6.0 -0.500002
v -8.0 -6.0 -1.000002
v -8.374999 -4.0 -0.500002
v -8.0 -4.0 -1.000002
v -8.499999 -4.0 -0.250002
v -8.999999 -4.0 -1.013279E-6
v -8.499999 -4.0 -0.250002
v -8.374999 -4.0 -0.500002
v -7.999999 -4.0 -0.500002
v -8.374999 -4.0 -0.500002
v -8.499999 -5.0 -0.250002
v -8.374999 -5.0 -0.500002
v -8.499999 -5.0 -0.250002
v -8.999999 -5.0 -1.013279E-6
v -8.374999 -5.0 -0.500002
v -7.999999 -5.0 -0.500002
v -8.374999 -5.0 -0.500002
v -8.0 -5.0 -1.000002
v -8.374999 -3.0 -0.500002
v -8.0 -3.0 -1.000002
v -8.499999 -3.0 -0.250002
v -8.999999 -3.0 -1.013279E-6
v -8.499999 -3.0 -0.250002
v -8.374999 -3.0 -0.500002
v -7.999999 -3.0 -0.500002
v -8.374999 -3.0 -0.500002
v -8.499999 -4.0 -0.250002
v -8.374999 -4.0 -0.500002
v -8.499999 -4.0 -0.250002
v -8.999999 -4.0 -1.013279E-6
v -8.374999 -4.0 -0.500002
v -7.999999 -4.0 -0.500002
v -8.374999 -4.0 -0.500002
v -8.0 -4.0 -1.000002
v -8.374999 -2.0 -0.500002
v -8.0 -2.0 -1.000002
v -8.499999 -2.0 -0.250002
v -8.999999 -2.0 -1.013279E-6
v -8.499999 -2.0 -0.250002
v -8.374999 -2.0 -0.500002
v -7.999999 -2.0 -0.500002
v -8.374999 -2.0 -0.500002
v -8.499999 -3.0 -0.250002
v -8.374999 -3.0 -0.500002
v -8.499999 -3.0 -0.250002
v -8.999999 -3.0 -1.013279E-6
v -8.374999 -3.0 -0.500002
v -7.999999 -3.0 -0.500002
v -8.374999 -3.0 -0.500002
v -8.0 -3.0 -1.000002
v -8.374999 -1.0 -0.500002
v -8.0 -1.0 -1.000002
v -8.499999 -1.0 -0.250002
v -8.999999 -1.0 -1.013279E-6
v -8.499999 -1.0 -0.250002
v -8.374999 -1.0 -0.500002
v -7.999999 -1.0 -0.500002
v -8.374999 -1.0 -0.500002
v -8.499999 -2.0 -0.250002
v -8.374999 -2.0 -0.500002
v -8.499999 -2.0 -0.250002
v -8.999999 -2.0 -1.013279E-6
v -8.374999 -2.0 -0.500002
v -7.999999 -2.0 -0.500002
v -8.374999 -2.0 -0.500002
v -8.0 -2.0 -1.000002
v -8.374999 0.0 -0.500002
v -8.0 0.0 -1.000002
v -8.499999 0.0 -0.250002
v -8.999999 0.0 -1.013279E-6
v -8.499999 0.0 -0.250002
v -8.374999 0.0 -0.500002
v -7.999999 0.0 -0.500002
v -8.374999 0.0 -0.500002
v -8.499999 -1.0 -0.250002
v -8.374999 -1.0 -0.500002
v -8.499999 -1.0 -0.250002
v -8.999999 -1.0 -1.013279E-6
v -8.374999 -1.0 -0.500002
v -7.999999 -1.0 -0.500002
v -8.374999 -1.0 -0.500002
v -8.0 -1.0 -1.000002
v -8.374999 1.0 -0.500002
v -8.0 1.0 -1.000002
v -8.499999 1.0 -0.250002
v -8.999999 1.0 -1.013279E-6
v -8.499999 1.0 -0.250002
v -8.374999 1.0 -0.500002
v -7.999999 1.0 -0.500002
v -8.374999 1.0 -0.500002
v -8.499999 0.0 -0.250002
v -8.374999 0.0 -0.500002
v -8.499999 0.0 -0.250002
v -8.999999 0.0 -1.013279E-6
v -8.374999 0.0 -0.500002
v -7.999999 0.0 -0.500002
v -8.374999 0.0 -0.500002
v -8.0 0.0 -1.000002
v -8.374999 2.0 -0.500002
v -8.0 2.0 -1.000002
v -8.499999 2.0 -0.250002
v -8.999999 2.0 -1.013279E-6
v -8.499999 2.0 -0.250002
v -8.374999 2.0 -0.500002
v -7.999999 2.0 -0.500002
v -8.374999 2.0 -0.500002
v -8.499999 1.0 -0.250002
v -8.374999 1.0 -0.500002
v -8.499999 1.0 -0.250002
v -8.999999 1.0 -1.013279E-6
v -8.374999 1.0 -0.500002
v -7.999999 1.0 -0.500002
v -8.374999 1.0 -0.500002
v -8.0 1.0 -1.000002
v -8.374999 3.0 -0.500002
v -8.0 3.0 -1.000002
v -8.499999 3.0 -0.250002
v -8.999999 3.0 -1.013279E-6
v -8.499999 3.0 -0.250002
v -8.374999 3.0 -0.500002
v -7.999999 3.0 -0.500002
v -8.374999 3.0 -0.500002
v -8.499999 2.0 -0.250002
v -8.374999 2.0 -0.500002
v -8.499999 2.0 -0.250002
v -8.999999 2.0 -1.013279E-6
v -8.374999 2.0 -0.500002
v -7.999999 2.0 -0.500002
v -8.374999 2.0 -0.500002
v -8.0 2.0 -1.000002
v -8.374999 4.0 -0.500002
v -8.0 4.0 -1.000002
v -8.499999 4.0 -0.250002
v -8.999999 4.0 -1.013279E-6
v -8.499999 4.0 -0.250002
v -8.374999 4.0 -0.500002
v -7.999999 4.0 -0.500002
v -8.374999 4.0 -0.500002
v -8.499999 3.0 -0.250002
v -8.374999 3.0 -0.500002
v -8.499999 3.0 -0.250002
v -8.999999 3.0 -1.013279E-6
v -8.374999 3.0 -0.500002
v -7.999999 3.0 -0.500002
v -8.374999 3.0 -0.500002
v -8.0 3.0 -1.000002
v -8.374999 5.0 -0.500002
v -8.0 5.0 -1.000002
v -8.499999 5.0 -0.250002
v -8.999999 5.0 -1.013279E-6
v -8.499999 5.0 -0.250002
v -8.374999 5.0 -0.500002
v -7.999999 5.0 -0.500002
v -8.374999 5.0 -0.500002
v -8.499999 4.0 -0.250002
v -8.374999 4.0 -0.500002
v -8.499999 4.0 -0.250002
v -8.999999 4.0 -1.013279E-6
v -8.374999 4.0 -0.500002
v -7.999999 4.0 -0.500002
v -8.374999 4.0 -0.500002
v -8.0 4.0 -1.000002
v -8.374999 6.0 -0.500002
v -8.0 6.0 -1.000002
v -8.499999 6.0 -0.250002
v -8.999999 6.0 -1.013279E-6
v -8.499999 6.0 -0.250002
v -8.374999 6.0 -0.500002
v -7.999999 6.0 -0.500002
v -8.374999 6.0 -0.500002
v -8.499999 5.0 -0.250002
v -8.374999 5.0 -0.500002
v -8.499999 5.0 -0.250002
v -8.999999 5.0 -1.013279E-6
v -8.374999 5.0 -0.500002
v -7.999999 5.0 -0.500002
v -8.374999 5.0 -0.500002
v -8.0 5.0 -1.000002
v -8.374999 7.0 -0.500002
v -8.0 7.0 -1.000002
v -8.499999 7.0 -0.250002
v -8.999999 7.0 -1.013279E-6
v -8.499999 7.0 -0.250002
v -8.374999 7.0 -0.500002
v -7.999999 7.0 -0.500002
v -8.374999 7.0 -0.500002
v -8.499999 6.0 -0.250002
v -8.374999 6.0 -0.500002
v -8.499999 6.0 -0.250002
v -8.999999 6.0 -1.013279E-6
v -8.374999 6.0 -0.500002
v -7.999999 6.0 -0.500002
v -8.374999 6.0 -0.500002
v -8.0 6.0 -1.000002
v -8.374999 8.0 -0.500002
v -8.0 8.0 -1.000002
v -8.499999 8.0 -0.250002
v -8.999999 8.0 -1.013279E-6
v -8.499999 8.0 -0.250002
v -8.374999 8.0 -0.500002
v -7.999999 8.0 -0.500002
v -8.374999 8.0 -0.500002
v -8.499999 7.0 -0.250002
v -8.374999 7.0 -0.500002
v -8.499999 7.0 -0.250002
v -8.999999 7.0 -1.013279E-6
v -8.374999 7.0 -0.500002
v -7.999999 7.0 -0.500002
v -8.374999 7.0 -0.500002
v -8.0 7.0 -1.000002
v -8.374999 9.0 -0.500002
v -8.0 9.0 -1.000002
v -8.499999 9.0 -0.250002
v -8.999999 9.0 -1.013279E-6
v -8.499999 9.0 -0.250002
v -8.374999 9.0 -0.500002
v -7.999999 9.0 -0.500002
v -8.374999 9.0 -0.500002
v -8.499999 8.0 -0.250002
v -8.374999 8.0 -0.500002
v -8.499999 8.0 -0.250002
v -8.999999 8.0 -1.013279E-6
v -8.374999 8.0 -0.500002
v -7.999999 8.0 -0.500002
v -8.374999 8.0 -0.500002
v -8.0 8.0 -1.000002
v -8.374999 10.0 -0.500002
v -8.0 10.0 -1.000002
v -8.499999 10.0 -0.250002
v -8.999999 10.0 -1.013279E-6
v -8.499999 10.0 -0.250002
v -8.374999 10.0 -0.500002
v -7.999999 10.0 -0.500002
v -8.374999 10.0 -0.500002
v -8.499999 9.0 -0.250002
v -8.374999 9.0 -0.500002
v -8.499999 9.0 -0.250002
v -8.999999 9.0 -1.013279E-6
v -8.374999 9.0 -0.500002
v -7.999999 9.0 -0.500002
v -8.374999 9.0 -0.500002
v -8.0 9.0 -1.000002
v -8.374999 11.0 -0.500002
v -8.0 11.0 -1.000002
v -8.499999 11.0 -0.250002
v -8.999999 11.0 -1.013279E-6
v -8.499999 11.0 -0.250002
v -8.374999 11.0 -0.500002
v -7.999999 11.0 -0.500002
v -8.374999 11.0 -0.500002
v -8.499999 10.0 -0.250002
v -8.374999 10.0 -0.500002
v -8.499999 10.0 -0.250002
v -8.999999 10.0 -1.013279E-6
v -8.374999 10.0 -0.500002
v -7.999999 10.0 -0.500002
v -8.374999 10.0 -0.500002
v -8.0 10.0 -1.000002
v -8.374999 12.0 -0.500002
v -8.0 12.0 -1.000002
v -8.499999 12.0 -0.250002
v -8.999999 12.0 -1.013279E-6
v -8.499999 12.0 -0.250002
v -8.374999 12.0 -0.500002
v -7.999999 12.0 -0.500002
v -8.374999 12.0 -0.500002
v -8.499999 11.0 -0.250002
v -8.374999 11.0 -0.500002
v -8.499999 11.0 -0.250002
v -8.999999 11.0 -1.013279E-6
v -8.374999 11.0 -0.500002
v -7.999999 11.0 -0.500002
v -8.374999 11.0 -0.500002
v -8.0 11.0 -1.000002
v -8.374999 13.0 -0.500002
v -8.0 13.0 -1.000002
v -8.499999 13.0 -0.250002
v -8.999999 13.0 -1.013279E-6
v -8.499999 13.0 -0.250002
v -8.374999 13.0 -0.500002
v -7.999999 13.0 -0.500002
v -8.374999 13.0 -0.500002
v -8.499999 12.0 -0.250002
v -8.374999 12.0 -0.500002
v -8.499999 12.0 -0.250002
v -8.999999 12.0 -1.013279E-6
v -8.374999 12.0 -0.500002
v -7.999999 12.0 -0.500002
v -8.374999 12.0 -0.500002
v -8.0 12.0 -1.000002
v -8.374999 14.0 -0.500002
v -8.0 14.0 -1.000002
v -8.499999 14.0 -0.250002
v -8.999999 14.0 -1.013279E-6
v -8.499999 14.0 -0.250002
v -8.374999 14.0 -0.500002
v -7.999999 14.0 -0.500002
v -8.374999 14.0 -0.500002
v -8.499999 13.0 -0.250002
v -8.374999 13.0 -0.500002
v -8.499999 13.0 -0.250002
v -8.999999 13.0 -1.013279E-6
v -8.374999 13.0 -0.500002
v -7.999999 13.0 -0.500002
v -8.374999 13.0 -0.500002
v -8.0 13.0 -1.000002
v -8.374999 15.0 -0.500002
v -8.0 15.0 -1.000002
v -8.499999 15.0 -0.250002
v -8.999999 15.0 -1.013279E-6
v -8.499999 15.0 -0.250002
v -8.374999 15.0 -0.500002
v -7.999999 15.0 -0.500002
v -8.374999 15.0 -0.500002
v -8.499999 14.0 -0.250002
v -8.374999 14.0 -0.500002
v -8.499999 14.0 -0.250002
v -8.999999 14.0 -1.013279E-6
v -8.374999 14.0 -0.500002
v -7.999999 14.0 -0.500002
v -8.374999 14.0 -0.500002
v -8.0 14.0 -1.000002
v -8.374999 16.0 -0.500002
v -8.0 16.0 -1.000002
v -8.499999 16.0 -0.250002
v -8.999999 16.0 -1.013279E-6
v -8.499999 16.0 -0.250002
v -8.374999 16.0 -0.500002
v -7.999999 16.0 -0.500002
v -8.374999 16.0 -0.500002
v -8.499999 15.0 -0.250002
v -8.374999 15.0 -0.500002
v -8.499999 15.0 -0.250002
v -8.999999 15.0 -1.013279E-6
v -8.374999 15.0 -0.500002
v -7.999999 15.0 -0.500002
v -8.374999 15.0 -0.500002
v -8.0 15.0 -1.000002
v -7.0 -6.125 -1.500001
v -6.0 -6.125 -1.500001
v -6.0 -3.125 -1.500001
v -7.0 -3.125 -1.500001
v -7.0 -6.125 -1.625001
v -6.0 -6.125 -1.625001
v -6.0 -3.125 -1.625001
v -7.0 -3.125 -1.625001
v -7.0 -6.125 -1.875001
v -6.0 -6.125 -1.875001
v -6.0 -3.125 -1.875001
v -7.0 -3.125 -1.875001
v -7.0 0.875 -1.500001
v -6.0 0.875 -1.500001
v -6.0 4.875 -1.500001
v -7.0 4.875 -1.500001
v -7.0 0.875 -1.625001
v -6.0 0.875 -1.625001
v -6.0 4.875 -1.625001
v -7.0 4.875 -1.625001
v -7.0 0.875 -1.875001
v -6.0 0.875 -1.875001
v -6.0 4.875 -1.875001
v -7.0 4.875 -1.875001
v -7.0 9.875 -1.500001
v -6.0 9.875 -1.500001
v -6.0 13.875 -1.500001
v -7.0 13.875 -1.500001
v -7.0 9.875 -1.625001
v -6.0 9.875 -1.625001
v -6.0 13.875 -1.625001
v -7.0 13.875 -1.625001
v -7.0 9.875 -1.875001
v -6.0 9.875 -1.875001
v -6.0 13.875 -1.875001
v -7.0 13.875 -1.875001
v -6.0 -8.125 -1.500001
v -5.0 -8.125 -1.500001
v -5.0 -4.125 -1.500001
v -6.0 -4.125 -1.500001
v -6.0 -8.125 -1.625001
v -5.0 -8.125 -1.625001
v -5.0 -4.125 -1.625001
v -6.0 -4.125 -1.625001
v -6.0 -8.125 -1.875001
v -5.0 -8.125 -1.875001
v -5.0 -4.125 -1.875001
v -6.0 -4.125 -1.875001
v -6.0 1.875 -1.500001
v -5.0 1.875 -1.500001
v -5.0 3.875 -1.500001
v -6.0 3.875 -1.500001
v -6.0 1.875 -1.625001
v -5.0 1.875 -1.625001
v -5.0 3.875 -1.625001
v -6.0 3.875 -1.625001
v -6.0 1.875 -1.875001
v -5.0 1.875 -1.875001
v -5.0 3.875 -1.875001
v -6.0 3.875 -1.875001
v -6.0 7.875 -1.500001
v -5.0 7.875 -1.500001
v -5.0 11.875 -1.500001
v -6.0 11.875 -1.500001
v -6.0 7.875 -1.625001
v -5.0 7.875 -1.625001
v -5.0 11.875 -1.625001
v -6.0 11.875 -1.625001
v -6.0 7.875 -1.875001
v -5.0 7.875 -1.875001
v -5.0 11.875 -1.875001
v -6.0 11.875 -1.875001
v -5.0 -7.125 -1.500001
v -4.0 -7.125 -1.500001
v -4.0 -5.125 -1.500001
v -5.0 -5.125 -1.500001
v -5.0 -7.125 -1.625001
v -4.0 -7.125 -1.625001
v -4.0 -5.125 -1.625001
v -5.0 -5.125 -1.625001
v -5.0 -7.125 -1.875001
v -4.0 -7.125 -1.875001
v -4.0 -5.125 -1.875001
v -5.0 -5.125 -1.875001
v -5.0 -1.125 -1.500001
v -4.0 -1.125 -1.500001
v -4.0 2.875 -1.500001
v -5.0 2.875 -1.500001
v -5.0 -1.125 -1.625001
v -4.0 -1.125 -1.625001
v -4.0 2.875 -1.625001
v -5.0 2.875 -1.625001
v -5.0 -1.125 -1.875001
v -4.0 -1.125 -1.875001
v -4.0 2.875 -1.875001
v -5.0 2.875 -1.875001
v -4.0 -14.125 -2.500001
v -3.0 -14.125 -2.500001
v -3.0 -10.125 -2.500001
v -4.0 -10.125 -2.500001
v -4.0 -14.125 -2.625001
v -3.0 -14.125 -2.625001
v -3.0 -10.125 -2.625001
v -4.0 -10.125 -2.625001
v -4.0 -14.125 -2.875001
v -3.0 -14.125 -2.875001
v -3.0 -10.125 -2.875001
v -4.0 -10.125 -2.875001
v -3.0 -15.125 -2.500001
v -2.0 -15.125 -2.500001
v -2.0 -13.125 -2.500001
v -3.0 -13.125 -2.500001
v -3.0 -15.125 -2.625001
v -2.0 -15.125 -2.625001
v -2.0 -13.125 -2.625001
v -3.0 -13.125 -2.625001
v -3.0 -15.125 -2.875001
v -2.0 -15.125 -2.875001
v -2.0 -13.125 -2.875001
v -3.0 -13.125 -2.875001
v -3.0 -12.125 -2.500001
v -2.0 -12.125 -2.500001
v -2.0 -11.125 -2.500001
v -3.0 -11.125 -2.500001
v -3.0 -12.125 -2.625001
v -2.0 -12.125 -2.625001
v -2.0 -11.125 -2.625001
v -3.0 -11.125 -2.625001
v -3.0 -12.125 -2.875001
v -2.0 -12.125 -2.875001
v -2.0 -11.125 -2.875001
v -3.0 -11.125 -2.875001
v -2.608398 6.5 -2.144531
v -2.318359 5.6601562 -2.144531
v -2.013672 6.0273438 -0.9863279
v -2.176758 6.5 -0.98632693
v -1.621094 5.311523 -2.144531
v -2.40625 5.554688 -2.936523
v -1.621094 5.162109 -2.936523
v -0.9042969 7.3398438 -2.144531
v -0.9042969 7.445312 -2.936523
v -1.621094 7.837891 -2.936523
v -1.621094 7.688477 -2.144531
v -2.40625 7.445312 -2.936523
v -2.732422 6.5 -2.936523
v -2.318359 7.3398438 -2.144531
v -1.621094 5.831055 -0.9863279
v -2.013672 6.9726562 -0.9863279
v -1.227539 6.0273438 -0.9863279
v -0.83496094 5.554688 -2.936523
v -0.5458989 6.5 -2.936523
v -1.262695 6.928711 -1.700195
v -1.621094 6.5 -0.46093702
v -0.8851361 5.106205 -2.8125
v -1.689733 6.5 -2.812499
v -1.689733 4.890807 -2.812499
v -2.494329 5.106205 -2.812498
v -3.08269 5.695404 -2.812498
v -3.298925 6.5 -2.812498
v -3.08269 7.304596 -2.812498
v -2.494329 7.893795 -2.812498
v -1.689733 8.109193 -2.812499
v -0.8851361 7.893795 -2.8125
v -0.2959361 7.304596 -2.8125
v -0.08053899 6.5 -2.8125
v -0.2959361 5.695404 -2.8125
v -1.608398 -14.5 -2.144531
v -1.3183589 -15.339844 -2.144531
v -1.0136721 -14.972656 -0.9863279
v -1.176758 -14.5 -0.98632693
v -0.621094 -15.688477 -2.144531
v -1.40625 -15.4453125 -2.936523
v -0.621094 -15.837891 -2.936523
v 0.095703125 -13.660156 -2.144531
v 0.095703125 -13.5546875 -2.936523
v -0.621094 -13.162109 -2.936523
v -0.621094 -13.311523 -2.144531
v -1.40625 -13.5546875 -2.936523
v -1.7324221 -14.5 -2.936523
v -1.3183589 -13.660156 -2.144531
v -0.621094 -15.168945 -0.9863279
v -1.0136721 -14.027344 -0.9863279
v -0.22753894 -14.972656 -0.9863279
v 0.16503906 -15.4453125 -2.936523
v 0.4541011 -14.5 -2.936523
v -0.26269495 -14.071289 -1.700195
v -0.621094 -14.5 -0.46093702
v 0.11486387 -15.893795 -2.8125
v -0.689733 -14.5 -2.812499
v -0.689733 -16.109194 -2.812499
v -1.494329 -15.893795 -2.812498
v -2.08269 -15.304596 -2.812498
v -2.298925 -14.5 -2.812498
v -2.08269 -13.695404 -2.812498
v -1.494329 -13.106205 -2.812498
v -0.689733 -12.890807 -2.812499
v 0.11486387 -13.106205 -2.8125
v 0.7040639 -13.695404 -2.8125
v 0.919461 -14.5 -2.8125
v 0.7040639 -15.304596 -2.8125
v -1.0 -3.125 -2.500001
v 3.0 -3.125 -2.500001
v 3.0 -2.125 -2.500001
v -1.0 -2.125 -2.500001
v -1.0 -3.125 -2.625001
v 3.0 -3.125 -2.625001
v 3.0 -2.125 -2.625001
v -1.0 -2.125 -2.625001
v -1.0 -3.125 -2.875001
v 3.0 -3.125 -2.875001
v 3.0 -2.125 -2.875001
v -1.0 -2.125 -2.875001
v -1.0 -2.125 -2.500001
v 1.0 -2.125 -2.500001
v 1.0 -1.125 -2.500001
v -1.0 -1.125 -2.500001
v -1.0 -2.125 -2.625001
v 1.0 -2.125 -2.625001
v 1.0 -1.125 -2.625001
v -1.0 -1.125 -2.625001
v -1.0 -2.125 -2.875001
v 1.0 -2.125 -2.875001
v 1.0 -1.125 -2.875001
v -1.0 -1.125 -2.875001
v -1.0 10.875 -2.500001
v 0.0 10.875 -2.500001
v 0.0 12.875 -2.500001
v -1.0 12.875 -2.500001
v -1.0 10.875 -2.625001
v 0.0 10.875 -2.625001
v 0.0 12.875 -2.625001
v -1.0 12.875 -2.625001
v -1.0 10.875 -2.875001
v 0.0 10.875 -2.875001
v 0.0 12.875 -2.875001
v -1.0 12.875 -2.875001
v 0.0 -5.125 -2.500001
v 2.0 -5.125 -2.500001
v 2.0 -3.125 -2.500001
v 0.0 -3.125 -2.500001
v 0.0 -5.125 -2.625001
v 2.0 -5.125 -2.625001
v 2.0 -3.125 -2.625001
v 0.0 -3.125 -2.625001
v 0.0 -5.125 -2.875001
v 2.0 -5.125 -2.875001
v 2.0 -3.125 -2.875001
v 0.0 -3.125 -2.875001
v 0.0 -1.125 -2.500001
v 1.0 -1.125 -2.500001
v 1.0 -0.125 -2.500001
v 0.0 -0.125 -2.500001
v 0.0 -1.125 -2.625001
v 1.0 -1.125 -2.625001
v 1.0 -0.125 -2.625001
v 0.0 -0.125 -2.625001
v 0.0 -1.125 -2.875001
v 1.0 -1.125 -2.875001
v 1.0 -0.125 -2.875001
v 0.0 -0.125 -2.875001
v 0.0 9.875 -2.500001
v 1.0 9.875 -2.500001
v 1.0 11.875 -2.500001
v 0.0 11.875 -2.500001
v 0.0 9.875 -2.625001
v 1.0 9.875 -2.625001
v 1.0 11.875 -2.625001
v 0.0 11.875 -2.625001
v 0.0 9.875 -2.875001
v 1.0 9.875 -2.875001
v 1.0 11.875 -2.875001
v 0.0 11.875 -2.875001
v 1.0 4.875 -3.500001
v 2.0 4.875 -3.500001
v 2.0 6.875 -3.500001
v 1.0 6.875 -3.500001
v 1.0 4.875 -3.625001
v 2.0 4.875 -3.625001
v 2.0 6.875 -3.625001
v 1.0 6.875 -3.625001
v 1.0 4.875 -3.875001
v 2.0 4.875 -3.875001
v 2.0 6.875 -3.875001
v 1.0 6.875 -3.875001
v 2.0 -12.125 -2.500001
v 6.0 -12.125 -2.500001
v 6.0 -11.125 -2.500001
v 2.0 -11.125 -2.500001
v 2.0 -12.125 -2.625001
v 6.0 -12.125 -2.625001
v 6.0 -11.125 -2.625001
v 2.0 -11.125 -2.625001
v 2.0 -12.125 -2.875001
v 6.0 -12.125 -2.875001
v 6.0 -11.125 -2.875001
v 2.0 -11.125 -2.875001
v 3.5 -8.608398 -2.144531
v 4.3398438 -8.318359 -2.144531
v 3.972656 -8.013672 -0.9863279
v 3.5 -8.176758 -0.98632693
v 4.688477 -7.6210938 -2.144531
v 4.445312 -8.40625 -2.936523
v 4.837891 -7.6210938 -2.936523
v 2.660156 -6.904297 -2.144531
v 2.554688 -6.904297 -2.936523
v 2.162109 -7.6210938 -2.936523
v 2.311523 -7.6210938 -2.144531
v 2.554688 -8.40625 -2.936523
v 3.5 -8.732422 -2.936523
v 2.660156 -8.318359 -2.144531
v 4.1689453 -7.6210938 -0.9863279
v 3.027344 -8.013672 -0.9863279
v 3.972656 -7.227539 -0.9863279
v 4.445312 -6.834961 -2.936523
v 3.5 -6.545899 -2.936523
v 3.071289 -7.262695 -1.700195
v 3.5 -7.6210938 -0.46093702
v 4.893795 -6.885136 -2.8125
v 3.5 -7.689733 -2.812499
v 5.109193 -7.689733 -2.812499
v 4.893795 -8.494329 -2.812498
v 4.304596 -9.08269 -2.812498
v 3.5 -9.298925 -2.812498
v 2.695404 -9.08269 -2.812498
v 2.106205 -8.494329 -2.812498
v 1.8908069 -7.689733 -2.812499
v 2.106205 -6.885136 -2.8125
v 2.695404 -6.295936 -2.8125
v 3.5 -6.0805387 -2.8125
v 4.304596 -6.295936 -2.8125
v 2.0 -4.125 -2.500001
v 3.0 -4.125 -2.500001
v 3.0 -3.125 -2.500001
v 2.0 -3.125 -2.500001
v 2.0 -4.125 -2.625001
v 3.0 -4.125 -2.625001
v 3.0 -3.125 -2.625001
v 2.0 -3.125 -2.625001
v 2.0 -4.125 -2.875001
v 3.0 -4.125 -2.875001
v 3.0 -3.125 -2.875001
v 2.0 -3.125 -2.875001
v 2.0 5.875 -3.500001
v 3.0 5.875 -3.500001
v 3.0 9.875 -3.500001
v 2.0 9.875 -3.500001
v 2.0 5.875 -3.625001
v 3.0 5.875 -3.625001
v 3.0 9.875 -3.625001
v 2.0 9.875 -3.625001
v 2.0 5.875 -3.875001
v 3.0 5.875 -3.875001
v 3.0 9.875 -3.875001
v 2.0 9.875 -3.875001
v 3.0 -14.125 -2.500001
v 4.0 -14.125 -2.500001
v 4.0 -12.125 -2.500001
v 3.0 -12.125 -2.500001
v 3.0 -14.125 -2.625001
v 4.0 -14.125 -2.625001
v 4.0 -12.125 -2.625001
v 3.0 -12.125 -2.625001
v 3.0 -14.125 -2.875001
v 4.0 -14.125 -2.875001
v 4.0 -12.125 -2.875001
v 3.0 -12.125 -2.875001
v 3.0 -11.125 -2.500001
v 8.0 -11.125 -2.500001
v 8.0 -10.125 -2.500001
v 3.0 -10.125 -2.500001
v 3.0 -11.125 -2.625001
v 8.0 -11.125 -2.625001
v 8.0 -10.125 -2.625001
v 3.0 -10.125 -2.625001
v 3.0 -11.125 -2.875001
v 8.0 -11.125 -2.875001
v 8.0 -10.125 -2.875001
v 3.0 -10.125 -2.875001
v 3.0 -10.125 -2.500001
v 4.0 -10.125 -2.500001
v 4.0 -9.125 -2.500001
v 3.0 -9.125 -2.500001
v 3.0 -10.125 -2.625001
v 4.0 -10.125 -2.625001
v 4.0 -9.125 -2.625001
v 3.0 -9.125 -2.625001
v 3.0 -10.125 -2.875001
v 4.0 -10.125 -2.875001
v 4.0 -9.125 -2.875001
v 3.0 -9.125 -2.875001
v 3.0 -0.125 -3.500001
v 6.0 -0.125 -3.500001
v 6.0 1.875 -3.500001
v 3.0 1.875 -3.500001
v 3.0 -0.125 -3.625001
v 6.0 -0.125 -3.625001
v 6.0 1.875 -3.625001
v 3.0 1.875 -3.625001
v 3.0 -0.125 -3.875001
v 6.0 -0.125 -3.875001
v 6.0 1.875 -3.875001
v 3.0 1.875 -3.875001
v 3.0 6.875 -3.500001
v 4.0 6.875 -3.500001
v 4.0 8.875 -3.500001
v 3.0 8.875 -3.500001
v 3.0 6.875 -3.625001
v 4.0 6.875 -3.625001
v 4.0 8.875 -3.625001
v 3.0 8.875 -3.625001
v 3.0 6.875 -3.875001
v 4.0 6.875 -3.875001
v 4.0 8.875 -3.875001
v 3.0 8.875 -3.875001
v 4.0 -13.125 -2.500001
v 6.0 -13.125 -2.500001
v 6.0 -12.125 -2.500001
v 4.0 -12.125 -2.500001
v 4.0 -13.125 -2.625001
v 6.0 -13.125 -2.625001
v 6.0 -12.125 -2.625001
v 4.0 -12.125 -2.625001
v 4.0 -13.125 -2.875001
v 6.0 -13.125 -2.875001
v 6.0 -12.125 -2.875001
v 4.0 -12.125 -2.875001
v 4.0 -1.125 -3.500001
v 6.0 -1.125 -3.500001
v 6.0 -0.125 -3.500001
v 4.0 -0.125 -3.500001
v 4.0 -1.125 -3.625001
v 6.0 -1.125 -3.625001
v 6.0 -0.125 -3.625001
v 4.0 -0.125 -3.625001
v 4.0 -1.125 -3.875001
v 6.0 -1.125 -3.875001
v 6.0 -0.125 -3.875001
v 4.0 -0.125 -3.875001
v 4.0 1.875 -3.500001
v 6.0 1.875 -3.500001
v 6.0 2.875 -3.500001
v 4.0 2.875 -3.500001
v 4.0 1.875 -3.625001
v 6.0 1.875 -3.625001
v 6.0 2.875 -3.625001
v 4.0 2.875 -3.625001
v 4.0 1.875 -3.875001
v 6.0 1.875 -3.875001
v 6.0 2.875 -3.875001
v 4.0 2.875 -3.875001
v 5.0 2.875 -3.500001
v 6.0 2.875 -3.500001
v 6.0 3.875 -3.500001
v 5.0 3.875 -3.500001
v 5.0 2.875 -3.625001
v 6.0 2.875 -3.625001
v 6.0 3.875 -3.625001
v 5.0 3.875 -3.625001
v 5.0 2.875 -3.875001
v 6.0 2.875 -3.875001
v 6.0 3.875 -3.875001
v 5.0 3.875 -3.875001
v 6.0 0.875 -3.500001
v 7.0 0.875 -3.500001
v 7.0 1.875 -3.500001
v 6.0 1.875 -3.500001
v 6.0 0.875 -3.625001
v 7.0 0.875 -3.625001
v 7.0 1.875 -3.625001
v 6.0 1.875 -3.625001
v 6.0 0.875 -3.875001
v 7.0 0.875 -3.875001
v 7.0 1.875 -3.875001
v 6.0 1.875 -3.875001
v 7.0 -4.125 -3.500001
v 11.0 -4.125 -3.500001
v 11.0 -3.125 -3.500001
v 7.0 -3.125 -3.500001
v 7.0 -4.125 -3.625001
v 11.0 -4.125 -3.625001
v 11.0 -3.125 -3.625001
v 7.0 -3.125 -3.625001
v 7.0 -4.125 -3.875001
v 11.0 -4.125 -3.875001
v 11.0 -3.125 -3.875001
v 7.0 -3.125 -3.875001
v 9.5 -14.608398 -1.144531
v 10.339844 -14.318359 -1.144531
v 9.972656 -14.013672 0.013672113
v 9.5 -14.176758 0.013673067
v 10.688477 -13.621094 -1.144531
v 10.4453125 -14.40625 -1.936523
v 10.837891 -13.621094 -1.936523
v 8.660156 -12.904297 -1.144531
v 8.5546875 -12.904297 -1.936523
v 8.162109 -13.621094 -1.936523
v 8.311523 -13.621094 -1.144531
v 8.5546875 -14.40625 -1.936523
v 9.5 -14.732422 -1.936523
v 8.660156 -14.318359 -1.144531
v 10.168945 -13.621094 0.013672113
v 9.027344 -14.013672 0.013672113
v 9.972656 -13.227539 0.013672113
v 10.4453125 -12.834961 -1.936523
v 9.5 -12.545898 -1.936523
v 9.071289 -13.262695 -0.70019495
v 9.5 -13.621094 0.539063
v 10.893795 -12.885136 -1.8125
v 9.5 -13.6897335 -1.812499
v 11.109193 -13.6897335 -1.812499
v 10.893795 -14.494329 -1.812498
v 10.304596 -15.08269 -1.812498
v 9.5 -15.298925 -1.812498
v 8.695404 -15.08269 -1.812498
v 8.106205 -14.494329 -1.812498
v 7.890807 -13.6897335 -1.812499
v 8.106205 -12.885136 -1.8125
v 8.695404 -12.295937 -1.8125
v 9.5 -12.080539 -1.8125
v 10.304596 -12.295937 -1.8125
v 8.0 -3.125 -3.500001
v 10.0 -3.125 -3.500001
v 10.0 -2.125 -3.500001
v 8.0 -2.125 -3.500001
v 8.0 -3.125 -3.625001
v 10.0 -3.125 -3.625001
v 10.0 -2.125 -3.625001
v 8.0 -2.125 -3.625001
v 8.0 -3.125 -3.875001
v 10.0 -3.125 -3.875001
v 10.0 -2.125 -3.875001
v 8.0 -2.125 -3.875001
v 9.5 -0.60839796 -3.144531
v 10.339844 -0.3183589 -3.144531
v 9.972656 -0.013672113 -1.9863279
v 9.5 -0.17675805 -1.9863269
v 10.688477 0.378906 -3.144531
v 10.4453125 -0.40625 -3.936523
v 10.837891 0.378906 -3.936523
v 8.660156 1.0957031 -3.144531
v 8.5546875 1.0957031 -3.936523
v 8.162109 0.378906 -3.936523
v 8.311523 0.378906 -3.144531
v 8.5546875 -0.40625 -3.936523
v 9.5 -0.7324221 -3.936523
v 8.660156 -0.3183589 -3.144531
v 10.168945 0.378906 -1.9863279
v 9.027344 -0.013672113 -1.9863279
v 9.972656 0.77246106 -1.9863279
v 10.4453125 1.1650391 -3.936523
v 9.5 1.4541011 -3.936523
v 9.071289 0.73730505 -2.7001948
v 9.5 0.378906 -1.460937
v 10.893795 1.1148639 -3.8125
v 9.5 0.31026697 -3.812499
v 11.109193 0.31026697 -3.812499
v 10.893795 -0.49432898 -3.812498
v 10.304596 -1.08269 -3.812498
v 9.5 -1.2989249 -3.812498
v 8.695404 -1.08269 -3.812498
v 8.106205 -0.49432898 -3.812498
v 7.890807 0.31026697 -3.812499
v 8.106205 1.1148639 -3.8125
v 8.695404 1.7040639 -3.8125
v 9.5 1.919461 -3.8125
v 10.304596 1.7040639 -3.8125
v 8.0 12.875 -4.500001
v 9.0 12.875 -4.500001
v 9.0 14.875 -4.500001
v 8.0 14.875 -4.500001
v 8.0 12.875 -4.625001
v 9.0 12.875 -4.625001
v 9.0 14.875 -4.625001
v 8.0 14.875 -4.625001
v 8.0 12.875 -4.875001
v 9.0 12.875 -4.875001
v 9.0 14.875 -4.875001
v 8.0 14.875 -4.875001
v 9.0 -5.125 -3.500001
v 12.0 -5.125 -3.500001
v 12.0 -4.125 -3.500001
v 9.0 -4.125 -3.500001
v 9.0 -5.125 -3.625001
v 12.0 -5.125 -3.625001
v 12.0 -4.125 -3.625001
v 9.0 -4.125 -3.625001
v 9.0 -5.125 -3.875001
v 12.0 -5.125 -3.875001
v 12.0 -4.125 -3.875001
v 9.0 -4.125 -3.875001
v 9.0 10.875 -4.500001
v 10.0 10.875 -4.500001
v 10.0 13.875 -4.500001
v 9.0 13.875 -4.500001
v 9.0 10.875 -4.625001
v 10.0 10.875 -4.625001
v 10.0 13.875 -4.625001
v 9.0 13.875 -4.625001
v 9.0 10.875 -4.875001
v 10.0 10.875 -4.875001
v 10.0 13.875 -4.875001
v 9.0 13.875 -4.875001
v 11.0 -11.125 -2.500001
v 14.0 -11.125 -2.500001
v 14.0 -10.125 -2.500001
v 11.0 -10.125 -2.500001
v 11.0 -11.125 -2.625001
v 14.0 -11.125 -2.625001
v 14.0 -10.125 -2.625001
v 11.0 -10.125 -2.625001
v 11.0 -11.125 -2.875001
v 14.0 -11.125 -2.875001
v 14.0 -10.125 -2.875001
v 11.0 -10.125 -2.875001
v 11.0 3.875 -4.500001
v 12.0 3.875 -4.500001
v 12.0 6.875 -4.500001
v 11.0 6.875 -4.500001
v 11.0 3.875 -4.625001
v 12.0 3.875 -4.625001
v 12.0 6.875 -4.625001
v 11.0 6.875 -4.625001
v 11.0 3.875 -4.875001
v 12.0 3.875 -4.875001
v 12.0 6.875 -4.875001
v 11.0 6.875 -4.875001
v 12.0 -10.125 -2.500001
v 14.0 -10.125 -2.500001
v 14.0 -9.125 -2.500001
v 12.0 -9.125 -2.500001
v 12.0 -10.125 -2.625001
v 14.0 -10.125 -2.625001
v 14.0 -9.125 -2.625001
v 12.0 -9.125 -2.625001
v 12.0 -10.125 -2.875001
v 14.0 -10.125 -2.875001
v 14.0 -9.125 -2.875001
v 12.0 -9.125 -2.875001
v 12.0 3.875 -4.500001
v 13.0 3.875 -4.500001
v 13.0 5.875 -4.500001
v 12.0 5.875 -4.500001
v 12.0 3.875 -4.625001
v 13.0 3.875 -4.625001
v 13.0 5.875 -4.625001
v 12.0 5.875 -4.625001
v 12.0 3.875 -4.875001
v 13.0 3.875 -4.875001
v 13.0 5.875 -4.875001
v 12.0 5.875 -4.875001
v 13.0 -12.125 -2.500001
v 15.0 -12.125 -2.500001
v 15.0 -11.125 -2.500001
v 13.0 -11.125 -2.500001
v 13.0 -12.125 -2.625001
v 15.0 -12.125 -2.625001
v 15.0 -11.125 -2.625001
v 13.0 -11.125 -2.625001
v 13.0 -12.125 -2.875001
v 15.0 -12.125 -2.875001
v 15.0 -11.125 -2.875001
v 13.0 -11.125 -2.875001
v 13.0 1.875 -4.500001
v 14.0 1.875 -4.500001
v 14.0 4.875 -4.500001
v 13.0 4.875 -4.500001
v 13.0 1.875 -4.625001
v 14.0 1.875 -4.625001
v 14.0 4.875 -4.625001
v 13.0 4.875 -4.625001
v 13.0 1.875 -4.875001
v 14.0 1.875 -4.875001
v 14.0 4.875 -4.875001
v 13.0 4.875 -4.875001
v 13.391602 10.5 -4.1445312
v 13.681641 9.660156 -4.1445312
v 13.986328 10.027344 -2.986328
v 13.823242 10.5 -2.986327
v 14.378906 9.311523 -4.1445312
v 13.59375 9.5546875 -4.936523
v 14.378906 9.162109 -4.936523
v 15.095703 11.339844 -4.1445312
v 15.095703 11.4453125 -4.936523
v 14.378906 11.837891 -4.936523
v 14.378906 11.688477 -4.1445312
v 13.59375 11.4453125 -4.936523
v 13.267578 10.5 -4.936523
v 13.681641 11.339844 -4.1445312
v 14.378906 9.831055 -2.986328
v 13.986328 10.972656 -2.986328
v 14.772461 10.027344 -2.986328
v 15.165039 9.5546875 -4.936523
v 15.454102 10.5 -4.936523
v 14.737305 10.928711 -3.7001948
v 14.378906 10.5 -2.460937
v 15.114864 9.106205 -4.8125
v 14.3102665 10.5 -4.812499
v 14.3102665 8.890807 -4.812499
v 13.505671 9.106205 -4.812498
v 12.91731 9.695404 -4.812498
v 12.701075 10.5 -4.812498
v 12.91731 11.304596 -4.812498
v 13.505671 11.893795 -4.812498
v 14.3102665 12.109193 -4.812499
v 15.114864 11.893795 -4.8125
v 15.704063 11.304596 -4.8125
v 15.919461 10.5 -4.8125
v 15.704063 9.695404 -4.8125
v 15.391602 -8.5 -2.144531
v 15.681641 -9.339844 -2.144531
v 15.986328 -8.972656 -0.9863279
v 15.823242 -8.5 -0.98632693
v 16.378906 -9.688477 -2.144531
v 15.59375 -9.4453125 -2.936523
v 16.378906 -9.837891 -2.936523
v 17.095703 -7.6601562 -2.144531
v 17.095703 -7.554688 -2.936523
v 16.378906 -7.162109 -2.936523
v 16.378906 -7.311523 -2.144531
v 15.59375 -7.554688 -2.936523
v 15.267578 -8.5 -2.936523
v 15.681641 -7.6601562 -2.144531
v 16.378906 -9.168945 -0.9863279
v 15.986328 -8.027344 -0.9863279
v 16.77246 -8.972656 -0.9863279
v 17.16504 -9.4453125 -2.936523
v 17.454102 -8.5 -2.936523
v 16.737305 -8.071289 -1.700195
v 16.378906 -8.5 -0.46093702
v 17.114864 -9.893795 -2.8125
v 16.310266 -8.5 -2.812499
v 16.310266 -10.109193 -2.812499
v 15.505671 -9.893795 -2.812498
v 14.91731 -9.304596 -2.812498
v 14.701075 -8.5 -2.812498
v 14.91731 -7.695404 -2.812498
v 15.505671 -7.106205 -2.812498
v 16.310266 -6.890807 -2.812499
v 17.114864 -7.106205 -2.8125
v 17.704063 -7.695404 -2.8125
v 17.91946 -8.5 -2.8125
v 17.704063 -9.304596 -2.8125
v -8.0 -8.0 -0.999999
v -9.0 -8.0 -0.999999
v -8.0 -16.0 -0.999999
v -9.0 -16.0 -0.999999
v -8.0 0.0 -0.999999
v -9.0 0.0 -0.999999
v -8.0 -8.0 -0.999999
v -9.0 -8.0 -0.999999
v -8.0 8.0 -0.999999
v -9.0 8.0 -0.999999
v -8.0 0.0 -0.999999
v -9.0 0.0 -0.999999
v -8.0 16.0 -0.999999
v -9.0 16.0 -0.999999
v -8.0 8.0 -0.999999
v -9.0 8.0 -0.999999
v -7.210937 -8.0 -1.901367
v -7.669921 -8.0 -1.002929
v -7.669921 -16.0 -1.002929
v -7.210937 -16.0 -1.901367
v -7.999999 -8.0 -1.0
v -7.999999 -16.0 -1.0
v -7.210937 -8.0 -1.901367
v -7.210937 -16.0 -1.901367
v -6.999999 -16.0 -2.0
v -6.999999 -8.0 -2.0
v -7.210937 0.0 -1.901367
v -7.669921 0.0 -1.002929
v -7.669921 -8.0 -1.002929
v -7.210937 -8.0 -1.901367
v -7.999999 0.0 -1.0
v -7.999999 -8.0 -1.0
v -7.210937 0.0 -1.901367
v -7.210937 -8.0 -1.901367
v -6.999999 -8.0 -2.0
v -6.999999 0.0 -2.0
v -7.210937 8.0 -1.901367
v -7.669921 8.0 -1.002929
v -7.669921 0.0 -1.002929
v -7.210937 0.0 -1.901367
v -7.999999 8.0 -1.0
v -7.999999 0.0 -1.0
v -7.210937 8.0 -1.901367
v -7.210937 0.0 -1.901367
v -6.999999 0.0 -2.0
v -6.999999 8.0 -2.0
v -7.210937 16.0 -1.901367
v -7.669921 16.0 -1.002929
v -7.669921 8.0 -1.002929
v -7.210937 8.0 -1.901367
v -7.999999 16.0 -1.0
v -7.999999 8.0 -1.0
v -7.210937 16.0 -1.901367
v -7.210937 8.0 -1.901367
v -6.999999 8.0 -2.0
v -6.999999 16.0 -2.0
v -5.0 -8.0 -1.999999
v -7.0 -8.0 -1.999999
v -5.0 -16.0 -1.999999
v -7.0 -16.0 -1.999999
v -5.0 0.0 -1.999999
v -7.0 0.0 -1.999999
v -5.0 -8.0 -1.999999
v -7.0 -8.0 -1.999999
v -5.0 8.0 -1.999999
v -7.0 8.0 -1.999999
v -5.0 0.0 -1.999999
v -7.0 0.0 -1.999999
v -5.0 16.0 -1.999999
v -7.0 16.0 -1.999999
v -5.0 8.0 -1.999999
v -7.0 8.0 -1.999999
v -4.210937 -8.0 -2.901367
v -4.669921 -8.0 -2.002929
v -4.669921 -16.0 -2.002929
v -4.210937 -16.0 -2.901367
v -4.999999 -8.0 -2.0
v -4.999999 -16.0 -2.0
v -4.210937 -8.0 -2.901367
v -4.210937 -16.0 -2.901367
v -3.999999 -16.0 -3.0
v -3.999999 -8.0 -3.0
v -4.669921 -7.330078 -2.002929
v -3.999999 -7.330078 -2.002929
v -3.999999 -7.0 -2.0
v -4.999999 -7.0 -2.0
v -4.669921 -8.0 -2.002929
v -4.669921 -7.330078 -2.002929
v -4.999999 -7.0 -2.0
v -4.999999 -8.0 -2.0
v -4.669921 -8.0 -2.002929
v -4.210937 -8.0 -2.901367
v -4.669921 -7.330078 -2.002929
v -4.105468 -7.8945312 -2.901367
v -3.999999 -7.789062 -2.901367
v -3.999999 -7.789062 -2.901367
v -4.105468 -7.8945312 -2.901367
v -3.999999 -8.0 -3.0
v -4.210937 -8.0 -2.901367
v -3.999999 -7.330078 -2.002929
v -4.669921 -7.330078 -2.002929
v -3.999999 -7.789062 -2.901367
v -4.0 1.0 -1.999999
v -5.0 1.0 -1.999999
v -4.0 -7.0 -1.999999
v -5.0 -7.0 -1.999999
v -4.0 7.0 -1.999999
v -5.0 7.0 -1.999999
v -4.0 1.0 -1.999999
v -5.0 1.0 -1.999999
v -4.669922 7.330079 -2.002929
v -4.669922 8.000001 -2.002929
v -5.0 8.000001 -2.0
v -5.0 7.000001 -2.0
v -4.0 7.330079 -2.002929
v -4.669922 7.330079 -2.002929
v -5.0 7.000001 -2.0
v -4.0 7.000001 -2.0
v -4.0 7.330079 -2.002929
v -4.0 7.789063 -2.901367
v -4.669922 7.330079 -2.002929
v -4.1054688 7.894532 -2.901367
v -4.210938 8.000001 -2.901367
v -4.210938 8.000001 -2.901367
v -4.1054688 7.894532 -2.901367
v -4.0 8.000001 -3.0
v -4.0 7.789063 -2.901367
v -4.669922 8.000001 -2.002929
v -4.669922 7.330079 -2.002929
v -4.210938 8.000001 -2.901367
v -4.210937 16.0 -2.901367
v -4.669921 16.0 -2.002929
v -4.669921 8.0 -2.002929
v -4.210937 8.0 -2.901367
v -4.999999 16.0 -2.0
v -4.999999 8.0 -2.0
v -4.210937 16.0 -2.901367
v -4.210937 8.0 -2.901367
v -3.999999 8.0 -3.0
v -3.999999 16.0 -3.0
v 4.0 -8.0 -2.999999
v -4.0 -8.0 -2.999999
v 4.0 -16.0 -2.999999
v -4.0 -16.0 -2.999999
v -3.999999 -8.0 -3.0
v -2.999999 -8.0 -3.0
v -3.374999 -7.9375 -3.0
v -3.062499 -7.6875 -3.0
v -2.999999 -7.0 -3.0
v -3.062499 -7.6875 -3.0
v -2.999999 -7.0 -3.0
v -3.210937 -7.0 -2.901367
v -3.249999 -7.5 -2.901367
v -3.999999 -8.0 -3.0
v -3.374999 -7.9375 -3.0
v -3.562499 -7.75 -2.901367
v -3.999999 -7.789062 -2.901367
v -3.999999 -7.789062 -2.901367
v -3.562499 -7.75 -2.901367
v -3.999999 -7.330078 -2.002929
v -3.249999 -7.5 -2.901367
v -3.669921 -7.0 -2.002929
v -3.210937 -7.0 -2.901367
v -3.669921 -7.0 -2.002929
v -3.999999 -7.0 -2.0
v -3.999999 -7.330078 -2.002929
v -3.210937 1.0 -2.901367
v -3.669921 1.0 -2.002929
v -3.669921 -7.0 -2.002929
v -3.210937 -7.0 -2.901367
v -3.999999 1.0 -2.0
v -3.999999 -7.0 -2.0
v -3.210937 1.0 -2.901367
v -3.210937 -7.0 -2.901367
v -2.999999 -7.0 -3.0
v -2.999999 1.0 -3.0
v -3.210937 7.0 -2.901367
v -3.669921 7.0 -2.002929
v -3.669921 1.0 -2.002929
v -3.210937 1.0 -2.901367
v -3.999999 7.0 -2.0
v -3.999999 1.0 -2.0
v -3.210937 7.0 -2.901367
v -3.210937 1.0 -2.901367
v -2.999999 1.0 -3.0
v -2.999999 7.0 -3.0
v -3.0 7.000001 -3.0
v -3.0 8.000001 -3.0
v -3.0625 7.625001 -3.0
v -3.3125 7.937501 -3.0
v -4.0 8.000001 -3.0
v -3.3125 7.937501 -3.0
v -4.0 8.000001 -3.0
v -4.0 7.789063 -2.901367
v -3.5 7.750001 -2.901367
v -3.0 7.000001 -3.0
v -3.0625 7.625001 -3.0
v -3.25 7.437501 -2.901367
v -3.210938 7.000001 -2.901367
v -3.210938 7.000001 -2.901367
v -3.25 7.437501 -2.901367
v -3.6699219 7.000001 -2.002929
v -3.5 7.750001 -2.901367
v -4.0 7.330079 -2.002929
v -4.0 7.789063 -2.901367
v -4.0 7.330079 -2.002929
v -4.0 7.000001 -2.0
v -3.6699219 7.000001 -2.002929
v 0.0 16.0 -2.999999
v -4.0 16.0 -2.999999
v 0.0 8.0 -2.999999
v -4.0 8.0 -2.999999
v 1.0 0.0 -2.999999
v -3.0 0.0 -2.999999
v 1.0 -8.0 -2.999999
v -3.0 -8.0 -2.999999
v 0.0 8.0 -2.999999
v -3.0 8.0 -2.999999
v 0.0 0.0 -2.999999
v -3.0 0.0 -2.999999
v 1.0 3.0 -2.999999
v 0.0 3.0 -2.999999
v 1.0 0.0 -2.999999
v 0.0 0.0 -2.999999
v 0.330078 3.330079 -3.002929
v 0.330078 4.000001 -3.002929
v 0.0 4.000001 -3.0
v 0.0 3.000001 -3.0
v 1.0 3.330079 -3.002929
v 0.330078 3.330079 -3.002929
v 0.0 3.000001 -3.0
v 1.0 3.000001 -3.0
v 1.0 3.330079 -3.002929
v 1.0 3.789063 -3.901367
v 0.330078 3.330079 -3.002929
v 0.894531 3.894532 -3.901367
v 0.789062 4.000001 -3.901367
v 0.789062 4.000001 -3.901367
v 0.894531 3.894532 -3.901367
v 1.0 4.000001 -4.0
v 1.0 3.789063 -3.901367
v 0.330078 4.000001 -3.002929
v 0.330078 3.330079 -3.002929
v 0.789062 4.000001 -3.901367
v 0.789063 7.0 -3.901367
v 0.33007902 7.0 -3.002929
v 0.33007902 4.0 -3.002929
v 0.789063 4.0 -3.901367
v 1.013279E-6 7.0 -3.0
v 1.013279E-6 4.0 -3.0
v 0.789063 7.0 -3.901367
v 0.789063 4.0 -3.901367
v 1.000001 4.0 -4.0
v 1.000001 7.0 -4.0
v 0.330079 7.669922 -3.002929
v 1.000001 7.669922 -3.002929
v 1.000001 8.0 -3.0
v 1.013279E-6 8.0 -3.0
v 0.330079 7.0 -3.002929
v 0.330079 7.669922 -3.002929
v 1.013279E-6 8.0 -3.0
v 1.013279E-6 7.0 -3.0
v 0.330079 7.0 -3.002929
v 0.789063 7.0 -3.901367
v 0.330079 7.669922 -3.002929
v 0.894532 7.1054688 -3.901367
v 1.000001 7.210938 -3.901367
v 1.000001 7.210938 -3.901367
v 0.894532 7.1054688 -3.901367
v 1.000001 7.0 -4.0
v 0.789063 7.0 -3.901367
v 1.000001 7.669922 -3.002929
v 0.330079 7.669922 -3.002929
v 1.000001 7.210938 -3.901367
v 1.0 12.0 -2.999999
v 0.0 12.0 -2.999999
v 1.0 8.0 -2.999999
v 0.0 8.0 -2.999999
v 0.330078 12.330079 -3.002929
v 0.330078 13.000001 -3.002929
v 0.0 13.000001 -3.0
v 0.0 12.000001 -3.0
v 1.0 12.330079 -3.002929
v 0.330078 12.330079 -3.002929
v 0.0 12.000001 -3.0
v 1.0 12.000001 -3.0
v 1.0 12.330079 -3.002929
v 1.0 12.7890625 -3.901367
v 0.330078 12.330079 -3.002929
v 0.894531 12.894532 -3.901367
v 0.789062 13.000001 -3.901367
v 0.789062 13.000001 -3.901367
v 0.894531 12.894532 -3.901367
v 1.0 13.000001 -4.0
v 1.0 12.7890625 -3.901367
v 0.330078 13.000001 -3.002929
v 0.330078 12.330079 -3.002929
v 0.789062 13.000001 -3.901367
v 0.789063 16.0 -3.901367
v 0.33007902 16.0 -3.002929
v 0.33007902 13.0 -3.002929
v 0.789063 13.0 -3.901367
v 1.013279E-6 16.0 -3.0
v 1.013279E-6 13.0 -3.0
v 0.789063 16.0 -3.901367
v 0.789063 13.0 -3.901367
v 1.000001 13.0 -4.0
v 1.000001 16.0 -4.0
v 9.0 -6.0 -2.999999
v 1.0 -6.0 -2.999999
v 9.0 -8.0 -2.999999
v 1.0 -8.0 -2.999999
v 8.0 -5.0 -2.999999
v 1.0 -5.0 -2.999999
v 8.0 -6.0 -2.999999
v 1.0 -6.0 -2.999999
v 4.0 -2.0 -2.999999
v 1.0 -2.0 -2.999999
v 4.0 -5.0 -2.999999
v 1.0 -5.0 -2.999999
v 1.330078 -1.669921 -3.002929
v 1.330078 -0.99999905 -3.002929
v 1.0 -0.99999905 -3.0
v 1.0 -1.999999 -3.0
v 2.0 -1.669921 -3.002929
v 1.330078 -1.669921 -3.002929
v 1.0 -1.999999 -3.0
v 2.0 -1.999999 -3.0
v 2.0 -1.669921 -3.002929
v 2.0 -1.210937 -3.901367
v 1.330078 -1.669921 -3.002929
v 1.894531 -1.105468 -3.901367
v 1.789062 -0.99999905 -3.901367
v 1.789062 -0.99999905 -3.901367
v 1.894531 -1.105468 -3.901367
v 2.0 -0.99999905 -4.0
v 2.0 -1.210937 -3.901367
v 1.330078 -0.99999905 -3.002929
v 1.330078 -1.669921 -3.002929
v 1.789062 -0.99999905 -3.901367
v 1.789063 3.0 -3.901367
v 1.3300791 3.0 -3.002929
v 1.3300791 -1.0 -3.002929
v 1.789063 -1.0 -3.901367
v 1.000001 3.0 -3.0
v 1.000001 -1.0 -3.0
v 1.789063 3.0 -3.901367
v 1.789063 -1.0 -3.901367
v 2.000001 -1.0 -4.0
v 2.000001 3.0 -4.0
v 2.0 3.000001 -4.0
v 2.0 4.000001 -4.0
v 1.9375 3.625001 -4.0
v 1.6875 3.937501 -4.0
v 1.0 4.000001 -4.0
v 1.6875 3.937501 -4.0
v 1.0 4.000001 -4.0
v 1.0 3.789063 -3.901367
v 1.5 3.750001 -3.901367
v 2.0 3.000001 -4.0
v 1.9375 3.625001 -4.0
v 1.75 3.437501 -3.901367
v 1.789062 3.000001 -3.901367
v 1.789062 3.000001 -3.901367
v 1.75 3.437501 -3.901367
v 1.330078 3.000001 -3.002929
v 1.5 3.750001 -3.901367
v 1.0 3.330079 -3.002929
v 1.0 3.789063 -3.901367
v 1.0 3.330079 -3.002929
v 1.0 3.000001 -3.0
v 1.330078 3.000001 -3.002929
v 9.0 7.0 -3.999999
v 1.0 7.0 -3.999999
v 9.0 4.0 -3.999999
v 1.0 4.0 -3.999999
v 1.000001 7.0 -4.0
v 2.000001 7.0 -4.0
v 1.625001 7.0625 -4.0
v 1.937501 7.3125 -4.0
v 2.000001 8.0 -4.0
v 1.937501 7.3125 -4.0
v 2.000001 8.0 -4.0
v 1.789063 8.0 -3.901367
v 1.750001 7.5 -3.901367
v 1.000001 7.0 -4.0
v 1.625001 7.0625 -4.0
v 1.437501 7.25 -3.901367
v 1.000001 7.210938 -3.901367
v 1.000001 7.210938 -3.901367
v 1.437501 7.25 -3.901367
v 1.000001 7.669922 -3.002929
v 1.750001 7.5 -3.901367
v 1.3300791 8.0 -3.002929
v 1.789063 8.0 -3.901367
v 1.3300791 8.0 -3.002929
v 1.000001 8.0 -3.0
v 1.000001 7.669922 -3.002929
v 1.789063 12.0 -3.901367
v 1.3300791 12.0 -3.002929
v 1.3300791 8.0 -3.002929
v 1.789063 8.0 -3.901367
v 1.000001 12.0 -3.0
v 1.000001 8.0 -3.0
v 1.789063 12.0 -3.901367
v 1.789063 8.0 -3.901367
v 2.000001 8.0 -4.0
v 2.000001 12.0 -4.0
v 2.0 12.000001 -4.0
v 2.0 13.000001 -4.0
v 1.9375 12.625001 -4.0
v 1.6875 12.937501 -4.0
v 1.0 13.000001 -4.0
v 1.6875 12.937501 -4.0
v 1.0 13.000001 -4.0
v 1.0 12.7890625 -3.901367
v 1.5 12.750001 -3.901367
v 2.0 12.000001 -4.0
v 1.9375 12.625001 -4.0
v 1.75 12.437501 -3.901367
v 1.789062 12.000001 -3.901367
v 1.789062 12.000001 -3.901367
v 1.75 12.437501 -3.901367
v 1.330078 12.000001 -3.002929
v 1.5 12.750001 -3.901367
v 1.0 12.330079 -3.002929
v 1.0 12.7890625 -3.901367
v 1.0 12.330079 -3.002929
v 1.0 12.000001 -3.0
v 1.330078 12.000001 -3.002929
v 7.0 16.0 -3.999999
v 1.0 16.0 -3.999999
v 7.0 13.0 -3.999999
v 1.0 13.0 -3.999999
v 2.0 -1.210937 -3.901367
v 2.0 -1.6699209 -3.002929
v 4.0 -1.6699209 -3.002929
v 4.0 -1.210937 -3.901367
v 2.0 -1.999999 -3.0
v 4.0 -1.999999 -3.0
v 2.0 -1.210937 -3.901367
v 4.0 -1.210937 -3.901367
v 4.0 -0.99999905 -4.0
v 2.0 -0.99999905 -4.0
v 10.0 4.0 -3.999999
v 2.0 4.0 -3.999999
v 10.0 -1.0 -3.999999
v 2.0 -1.0 -3.999999
v 10.0 8.0 -3.999999
v 2.0 8.0 -3.999999
v 10.0 7.0 -3.999999
v 2.0 7.0 -3.999999
v 8.0 12.0 -3.999999
v 2.0 12.0 -3.999999
v 8.0 8.0 -3.999999
v 2.0 8.0 -3.999999
v 7.0 13.0 -3.999999
v 2.0 13.0 -3.999999
v 7.0 12.0 -3.999999
v 2.0 12.0 -3.999999
v 4.210937 -16.0 -2.901367
v 4.669921 -16.0 -2.002929
v 4.669921 -14.0 -2.002929
v 4.210937 -14.0 -2.901367
v 4.999999 -16.0 -2.0
v 4.999999 -14.0 -2.0
v 4.210937 -16.0 -2.901367
v 4.210937 -14.0 -2.901367
v 3.999999 -14.0 -3.0
v 3.999999 -16.0 -3.0
v 4.999999 -13.0 -3.0
v 3.999999 -13.0 -3.0
v 4.374999 -13.0625 -3.0
v 4.062499 -13.3125 -3.0
v 3.999999 -14.0 -3.0
v 4.062499 -13.3125 -3.0
v 3.999999 -14.0 -3.0
v 4.210937 -14.0 -2.901367
v 4.249999 -13.5 -2.901367
v 4.999999 -13.0 -3.0
v 4.374999 -13.0625 -3.0
v 4.562499 -13.25 -2.901367
v 4.999999 -13.2109375 -2.901367
v 4.999999 -13.2109375 -2.901367
v 4.562499 -13.25 -2.901367
v 4.999999 -13.669922 -2.002929
v 4.249999 -13.5 -2.901367
v 4.669921 -14.0 -2.002929
v 4.210937 -14.0 -2.901367
v 4.669921 -14.0 -2.002929
v 4.999999 -14.0 -2.0
v 4.999999 -13.669922 -2.002929
v 6.0 -8.0 -2.999999
v 4.0 -8.0 -2.999999
v 6.0 -13.0 -2.999999
v 4.0 -13.0 -2.999999
v 4.330078 -4.669921 -3.002929
v 4.330078 -3.999999 -3.002929
v 4.0 -3.999999 -3.0
v 4.0 -4.999999 -3.0
v 5.0 -4.669921 -3.002929
v 4.330078 -4.669921 -3.002929
v 4.0 -4.999999 -3.0
v 5.0 -4.999999 -3.0
v 5.0 -4.669921 -3.002929
v 5.0 -4.210937 -3.901367
v 4.330078 -4.669921 -3.002929
v 4.8945312 -4.105468 -3.901367
v 4.789062 -3.999999 -3.901367
v 4.789062 -3.999999 -3.901367
v 4.8945312 -4.105468 -3.901367
v 5.0 -3.999999 -4.0
v 5.0 -4.210937 -3.901367
v 4.330078 -3.999999 -3.002929
v 4.330078 -4.669921 -3.002929
v 4.789062 -3.999999 -3.901367
v 4.789063 -2.0 -3.901367
v 4.330079 -2.0 -3.002929
v 4.330079 -4.0 -3.002929
v 4.789063 -4.0 -3.901367
v 4.000001 -2.0 -3.0
v 4.000001 -4.0 -3.0
v 4.789063 -2.0 -3.901367
v 4.789063 -4.0 -3.901367
v 5.000001 -4.0 -4.0
v 5.000001 -2.0 -4.0
v 5.0 -1.999999 -4.0
v 5.0 -0.99999905 -4.0
v 4.9375 -1.374999 -4.0
v 4.6875 -1.062499 -4.0
v 4.0 -0.99999905 -4.0
v 4.6875 -1.062499 -4.0
v 4.0 -0.99999905 -4.0
v 4.0 -1.210937 -3.901367
v 4.5 -1.249999 -3.901367
v 5.0 -1.999999 -4.0
v 4.9375 -1.374999 -4.0
v 4.75 -1.562499 -3.901367
v 4.789062 -1.999999 -3.901367
v 4.789062 -1.999999 -3.901367
v 4.75 -1.562499 -3.901367
v 4.330078 -1.999999 -3.002929
v 4.5 -1.249999 -3.901367
v 4.0 -1.6699209 -3.002929
v 4.0 -1.210937 -3.901367
v 4.0 -1.6699209 -3.002929
v 4.0 -1.999999 -3.0
v 4.330078 -1.999999 -3.002929
v 9.0 -14.0 -1.999999
v 5.0 -14.0 -1.999999
v 9.0 -16.0 -1.999999
v 5.0 -16.0 -1.999999
v 5.0 -13.2109375 -2.901367
v 5.0 -13.669921 -2.002929
v 6.0 -13.669921 -2.002929
v 6.0 -13.2109375 -2.901367
v 5.0 -13.999999 -2.0
v 6.0 -13.999999 -2.0
v 5.0 -13.2109375 -2.901367
v 6.0 -13.2109375 -2.901367
v 6.0 -12.999999 -3.0
v 5.0 -12.999999 -3.0
v 5.0 -4.210937 -3.901367
v 5.0 -4.669921 -3.002929
v 8.0 -4.669921 -3.002929
v 8.0 -4.210937 -3.901367
v 5.0 -4.999999 -3.0
v 8.0 -4.999999 -3.0
v 5.0 -4.210937 -3.901367
v 8.0 -4.210937 -3.901367
v 8.0 -3.999999 -4.0
v 5.0 -3.999999 -4.0
v 13.0 -1.0 -3.999999
v 5.0 -1.0 -3.999999
v 13.0 -4.0 -3.999999
v 5.0 -4.0 -3.999999
v 6.669921 -13.669922 -2.002929
v 5.999999 -13.669922 -2.002929
v 5.999999 -14.0 -2.0
v 6.999999 -14.0 -2.0
v 6.669921 -13.0 -2.002929
v 6.669921 -13.669922 -2.002929
v 6.999999 -14.0 -2.0
v 6.999999 -13.0 -2.0
v 6.669921 -13.0 -2.002929
v 6.210937 -13.0 -2.901367
v 6.669921 -13.669922 -2.002929
v 6.105468 -13.105469 -2.901367
v 5.999999 -13.2109375 -2.901367
v 5.999999 -13.2109375 -2.901367
v 6.105468 -13.105469 -2.901367
v 5.999999 -13.0 -3.0
v 6.210937 -13.0 -2.901367
v 5.999999 -13.669922 -2.002929
v 6.669921 -13.669922 -2.002929
v 5.999999 -13.2109375 -2.901367
v 6.210937 -13.0 -2.901367
v 6.669921 -13.0 -2.002929
v 6.669921 -12.0 -2.002929
v 6.210937 -12.0 -2.901367
v 6.999999 -13.0 -2.0
v 6.999999 -12.0 -2.0
v 6.210937 -13.0 -2.901367
v 6.210937 -12.0 -2.901367
v 5.999999 -12.0 -3.0
v 5.999999 -13.0 -3.0
v 6.999999 -11.0 -3.0
v 5.999999 -11.0 -3.0
v 6.374999 -11.0625 -3.0
v 6.062499 -11.3125 -3.0
v 5.999999 -12.0 -3.0
v 6.062499 -11.3125 -3.0
v 5.999999 -12.0 -3.0
v 6.210937 -12.0 -2.901367
v 6.249999 -11.5 -2.901367
v 6.999999 -11.0 -3.0
v 6.374999 -11.0625 -3.0
v 6.562499 -11.25 -2.901367
v 6.999999 -11.2109375 -2.901367
v 6.999999 -11.2109375 -2.901367
v 6.562499 -11.25 -2.901367
v 6.999999 -11.669922 -2.002929
v 6.249999 -11.5 -2.901367
v 6.669921 -12.0 -2.002929
v 6.210937 -12.0 -2.901367
v 6.669921 -12.0 -2.002929
v 6.999999 -12.0 -2.0
v 6.999999 -11.669922 -2.002929
v 14.0 -8.0 -2.999999
v 6.0 -8.0 -2.999999
v 14.0 -11.0 -2.999999
v 6.0 -11.0 -2.999999
v 15.0 -13.0 -1.999999
v 7.0 -13.0 -1.999999
v 15.0 -14.0 -1.999999
v 7.0 -14.0 -1.999999
v 12.0 -12.0 -1.999999
v 7.0 -12.0 -1.999999
v 12.0 -13.0 -1.999999
v 7.0 -13.0 -1.999999
v 7.0 -11.2109375 -2.901367
v 7.0 -11.669921 -2.002929
v 12.0 -11.669921 -2.002929
v 12.0 -11.2109375 -2.901367
v 7.0 -11.999999 -2.0
v 12.0 -11.999999 -2.0
v 7.0 -11.2109375 -2.901367
v 12.0 -11.2109375 -2.901367
v 12.0 -10.999999 -3.0
v 7.0 -10.999999 -3.0
v 7.330078 12.330079 -4.0029287
v 7.330078 13.000001 -4.0029287
v 7.0 13.000001 -4.0
v 7.0 12.000001 -4.0
v 8.0 12.330079 -4.0029287
v 7.330078 12.330079 -4.0029287
v 7.0 12.000001 -4.0
v 8.0 12.000001 -4.0
v 8.0 12.330079 -4.0029287
v 8.0 12.7890625 -4.901367
v 7.330078 12.330079 -4.0029287
v 7.8945312 12.894532 -4.901367
v 7.789062 13.000001 -4.901367
v 7.789062 13.000001 -4.901367
v 7.8945312 12.894532 -4.901367
v 8.0 13.000001 -5.0
v 8.0 12.7890625 -4.901367
v 7.330078 13.000001 -4.0029287
v 7.330078 12.330079 -4.0029287
v 7.789062 13.000001 -4.901367
v 7.789063 16.0 -4.901367
v 7.330079 16.0 -4.0029287
v 7.330079 13.0 -4.0029287
v 7.789063 13.0 -4.901367
v 7.000001 16.0 -4.0
v 7.000001 13.0 -4.0
v 7.789063 16.0 -4.901367
v 7.789063 13.0 -4.901367
v 8.000001 13.0 -5.0
v 8.000001 16.0 -5.0
v 8.330078 -5.669921 -3.002929
v 8.330078 -4.999999 -3.002929
v 8.0 -4.999999 -3.0
v 8.0 -5.999999 -3.0
v 9.0 -5.669921 -3.002929
v 8.330078 -5.669921 -3.002929
v 8.0 -5.999999 -3.0
v 9.0 -5.999999 -3.0
v 9.0 -5.669921 -3.002929
v 9.0 -5.210937 -3.901367
v 8.330078 -5.669921 -3.002929
v 8.894531 -5.105468 -3.901367
v 8.7890625 -4.999999 -3.901367
v 8.7890625 -4.999999 -3.901367
v 8.894531 -5.105468 -3.901367
v 9.0 -4.999999 -4.0
v 9.0 -5.210937 -3.901367
v 8.330078 -4.999999 -3.002929
v 8.330078 -5.669921 -3.002929
v 8.7890625 -4.999999 -3.901367
v 9.0 -4.999999 -4.0
v 9.0 -3.999999 -4.0
v 8.9375 -4.374999 -4.0
v 8.6875 -4.062499 -4.0
v 8.0 -3.999999 -4.0
v 8.6875 -4.062499 -4.0
v 8.0 -3.999999 -4.0
v 8.0 -4.210937 -3.901367
v 8.5 -4.249999 -3.901367
v 9.0 -4.999999 -4.0
v 8.9375 -4.374999 -4.0
v 8.75 -4.562499 -3.901367
v 8.7890625 -4.999999 -3.901367
v 8.7890625 -4.999999 -3.901367
v 8.75 -4.562499 -3.901367
v 8.330078 -4.999999 -3.002929
v 8.5 -4.249999 -3.901367
v 8.0 -4.669921 -3.002929
v 8.0 -4.210937 -3.901367
v 8.0 -4.669921 -3.002929
v 8.0 -4.999999 -3.0
v 8.330078 -4.999999 -3.002929
v 8.330078 8.330079 -4.0029287
v 8.330078 9.000001 -4.0029287
v 8.0 9.000001 -4.0
v 8.0 8.000001 -4.0
v 9.0 8.330079 -4.0029287
v 8.330078 8.330079 -4.0029287
v 8.0 8.000001 -4.0
v 9.0 8.000001 -4.0
v 9.0 8.330079 -4.0029287
v 9.0 8.7890625 -4.901367
v 8.330078 8.330079 -4.0029287
v 8.894531 8.894532 -4.901367
v 8.7890625 9.000001 -4.901367
v 8.7890625 9.000001 -4.901367
v 8.894531 8.894532 -4.901367
v 9.0 9.000001 -5.0
v 9.0 8.7890625 -4.901367
v 8.330078 9.000001 -4.0029287
v 8.330078 8.330079 -4.0029287
v 8.7890625 9.000001 -4.901367
v 8.7890625 12.0 -4.901367
v 8.330079 12.0 -4.0029287
v 8.330079 9.0 -4.0029287
v 8.7890625 9.0 -4.901367
v 8.000001 12.0 -4.0
v 8.000001 9.0 -4.0
v 8.7890625 12.0 -4.901367
v 8.7890625 9.0 -4.901367
v 9.000001 9.0 -5.0
v 9.000001 12.0 -5.0
v 9.0 12.000001 -5.0
v 9.0 13.000001 -5.0
v 8.9375 12.625001 -5.0
v 8.6875 12.937501 -5.0
v 8.0 13.000001 -5.0
v 8.6875 12.937501 -5.0
v 8.0 13.000001 -5.0
v 8.0 12.7890625 -4.901367
v 8.5 12.750001 -4.901367
v 9.0 12.000001 -5.0
v 8.9375 12.625001 -5.0
v 8.75 12.437501 -4.901367
v 8.7890625 12.000001 -4.901367
v 8.7890625 12.000001 -4.901367
v 8.75 12.437501 -4.901367
v 8.330078 12.000001 -4.0029287
v 8.5 12.750001 -4.901367
v 8.0 12.330079 -4.0029287
v 8.0 12.7890625 -4.901367
v 8.0 12.330079 -4.0029287
v 8.0 12.000001 -4.0
v 8.330078 12.000001 -4.0029287
v 16.0 16.0 -4.999999
v 8.0 16.0 -4.999999
v 16.0 13.0 -4.999999
v 8.0 13.0 -4.999999
v 9.999999 -15.0 -2.0
v 8.999999 -15.0 -2.0
v 9.374999 -15.0625 -2.0
v 9.062499 -15.3125 -2.0
v 8.999999 -16.0 -2.0
v 9.062499 -15.3125 -2.0
v 8.999999 -16.0 -2.0
v 9.210937 -16.0 -1.901367
v 9.249999 -15.5 -1.901367
v 9.999999 -15.0 -2.0
v 9.374999 -15.0625 -2.0
v 9.562499 -15.25 -1.901367
v 9.999999 -15.2109375 -1.901367
v 9.999999 -15.2109375 -1.901367
v 9.562499 -15.25 -1.901367
v 9.999999 -15.669922 -1.002929
v 9.249999 -15.5 -1.901367
v 9.669921 -16.0 -1.002929
v 9.210937 -16.0 -1.901367
v 9.669921 -16.0 -1.002929
v 9.999999 -16.0 -1.0
v 9.999999 -15.669922 -1.002929
v 16.0 -14.0 -1.999999
v 9.0 -14.0 -1.999999
v 16.0 -15.0 -1.999999
v 9.0 -15.0 -1.999999
v 16.0 -7.0 -2.999999
v 9.0 -7.0 -2.999999
v 16.0 -8.0 -2.999999
v 9.0 -8.0 -2.999999
v 11.0 -6.0 -2.999999
v 9.0 -6.0 -2.999999
v 11.0 -7.0 -2.999999
v 9.0 -7.0 -2.999999
v 9.0 -5.210937 -3.901367
v 9.0 -5.669921 -3.002929
v 11.0 -5.669921 -3.002929
v 11.0 -5.210937 -3.901367
v 9.0 -5.999999 -3.0
v 11.0 -5.999999 -3.0
v 9.0 -5.210937 -3.901367
v 11.0 -5.210937 -3.901367
v 11.0 -4.999999 -4.0
v 9.0 -4.999999 -4.0
v 16.0 -4.0 -3.999999
v 9.0 -4.0 -3.999999
v 16.0 -5.0 -3.999999
v 9.0 -5.0 -3.999999
v 10.0 7.0 -3.999999
v 9.0 7.0 -3.999999
v 10.0 4.0 -3.999999
v 9.0 4.0 -3.999999
v 9.0 8.7890625 -4.901367
v 9.0 8.330079 -4.0029287
v 10.0 8.330079 -4.0029287
v 10.0 8.7890625 -4.901367
v 9.0 8.000001 -4.0
v 10.0 8.000001 -4.0
v 9.0 8.7890625 -4.901367
v 10.0 8.7890625 -4.901367
v 10.0 9.000001 -5.0
v 9.0 9.000001 -5.0
v 16.0 13.0 -4.999999
v 9.0 13.0 -4.999999
v 16.0 9.0 -4.999999
v 9.0 9.0 -4.999999
v 10.0 -15.2109375 -1.901367
v 10.0 -15.669921 -1.002929
v 16.0 -15.669921 -1.002929
v 16.0 -15.2109375 -1.901367
v 10.0 -15.999999 -1.0
v 16.0 -15.999999 -1.0
v 10.0 -15.2109375 -1.901367
v 16.0 -15.2109375 -1.901367
v 16.0 -14.999999 -2.0
v 10.0 -14.999999 -2.0
v 16.0 0.0 -3.999999
v 10.0 0.0 -3.999999
v 16.0 -1.0 -3.999999
v 10.0 -1.0 -3.999999
v 12.0 3.0 -3.999999
v 10.0 3.0 -3.999999
v 12.0 0.0 -3.999999
v 10.0 0.0 -3.999999
v 10.330078 3.330079 -4.0029287
v 10.330078 4.000001 -4.0029287
v 10.0 4.000001 -4.0
v 10.0 3.000001 -4.0
v 11.0 3.330079 -4.0029287
v 10.330078 3.330079 -4.0029287
v 10.0 3.000001 -4.0
v 11.0 3.000001 -4.0
v 11.0 3.330079 -4.0029287
v 11.0 3.789063 -4.901367
v 10.330078 3.330079 -4.0029287
v 10.894531 3.894532 -4.901367
v 10.7890625 4.000001 -4.901367
v 10.7890625 4.000001 -4.901367
v 10.894531 3.894532 -4.901367
v 11.0 4.000001 -5.0
v 11.0 3.789063 -4.901367
v 10.330078 4.000001 -4.0029287
v 10.330078 3.330079 -4.0029287
v 10.7890625 4.000001 -4.901367
v 10.7890625 8.0 -4.901367
v 10.330079 8.0 -4.0029287
v 10.330079 4.0 -4.0029287
v 10.7890625 4.0 -4.901367
v 10.000001 8.0 -4.0
v 10.000001 4.0 -4.0
v 10.7890625 8.0 -4.901367
v 10.7890625 4.0 -4.901367
v 11.000001 4.0 -5.0
v 11.000001 8.0 -5.0
v 11.0 8.000001 -5.0
v 11.0 9.000001 -5.0
v 10.9375 8.625001 -5.0
v 10.6875 8.937501 -5.0
v 10.0 9.000001 -5.0
v 10.6875 8.937501 -5.0
v 10.0 9.000001 -5.0
v 10.0 8.7890625 -4.901367
v 10.5 8.750001 -4.901367
v 11.0 8.000001 -5.0
v 10.9375 8.625001 -5.0
v 10.75 8.437501 -4.901367
v 10.7890625 8.000001 -4.901367
v 10.7890625 8.000001 -4.901367
v 10.75 8.437501 -4.901367
v 10.330078 8.000001 -4.0029287
v 10.5 8.750001 -4.901367
v 10.0 8.330079 -4.0029287
v 10.0 8.7890625 -4.901367
v 10.0 8.330079 -4.0029287
v 10.0 8.000001 -4.0
v 10.330078 8.000001 -4.0029287
v 11.330078 -6.669921 -3.002929
v 11.330078 -5.999999 -3.002929
v 11.0 -5.999999 -3.0
v 11.0 -6.999999 -3.0
v 12.0 -6.669921 -3.002929
v 11.330078 -6.669921 -3.002929
v 11.0 -6.999999 -3.0
v 12.0 -6.999999 -3.0
v 12.0 -6.669921 -3.002929
v 12.0 -6.210937 -3.901367
v 11.330078 -6.669921 -3.002929
v 11.894531 -6.105468 -3.901367
v 11.7890625 -5.999999 -3.901367
v 11.7890625 -5.999999 -3.901367
v 11.894531 -6.105468 -3.901367
v 12.0 -5.999999 -4.0
v 12.0 -6.210937 -3.901367
v 11.330078 -5.999999 -3.002929
v 11.330078 -6.669921 -3.002929
v 11.7890625 -5.999999 -3.901367
v 12.0 -5.999999 -4.0
v 12.0 -4.999999 -4.0
v 11.9375 -5.374999 -4.0
v 11.6875 -5.062499 -4.0
v 11.0 -4.999999 -4.0
v 11.6875 -5.062499 -4.0
v 11.0 -4.999999 -4.0
v 11.0 -5.210937 -3.901367
v 11.5 -5.249999 -3.901367
v 12.0 -5.999999 -4.0
v 11.9375 -5.374999 -4.0
v 11.75 -5.562499 -3.901367
v 11.7890625 -5.999999 -3.901367
v 11.7890625 -5.999999 -3.901367
v 11.75 -5.562499 -3.901367
v 11.330078 -5.999999 -3.002929
v 11.5 -5.249999 -3.901367
v 11.0 -5.669921 -3.002929
v 11.0 -5.210937 -3.901367
v 11.0 -5.669921 -3.002929
v 11.0 -5.999999 -3.0
v 11.330078 -5.999999 -3.002929
v 11.0 3.789063 -4.901367
v 11.0 3.330079 -4.0029287
v 12.0 3.330079 -4.0029287
v 12.0 3.789063 -4.901367
v 11.0 3.000001 -4.0
v 12.0 3.000001 -4.0
v 11.0 3.789063 -4.901367
v 12.0 3.789063 -4.901367
v 12.0 4.000001 -5.0
v 11.0 4.000001 -5.0
v 16.0 9.0 -4.999999
v 11.0 9.0 -4.999999
v 16.0 4.0 -4.999999
v 11.0 4.0 -4.999999
v 12.330078 -12.669921 -2.002929
v 12.330078 -11.999999 -2.002929
v 12.0 -11.999999 -2.0
v 12.0 -12.999999 -2.0
v 13.0 -12.669921 -2.002929
v 12.330078 -12.669921 -2.002929
v 12.0 -12.999999 -2.0
v 13.0 -12.999999 -2.0
v 13.0 -12.669921 -2.002929
v 13.0 -12.2109375 -2.901367
v 12.330078 -12.669921 -2.002929
v 12.894531 -12.105468 -2.901367
v 12.7890625 -11.999999 -2.901367
v 12.7890625 -11.999999 -2.901367
v 12.894531 -12.105468 -2.901367
v 13.0 -11.999999 -3.0
v 13.0 -12.2109375 -2.901367
v 12.330078 -11.999999 -2.002929
v 12.330078 -12.669921 -2.002929
v 12.7890625 -11.999999 -2.901367
v 13.0 -11.999999 -3.0
v 13.0 -10.999999 -3.0
v 12.9375 -11.374999 -3.0
v 12.6875 -11.062499 -3.0
v 12.0 -10.999999 -3.0
v 12.6875 -11.062499 -3.0
v 12.0 -10.999999 -3.0
v 12.0 -11.2109375 -2.901367
v 12.5 -11.249999 -2.901367
v 13.0 -11.999999 -3.0
v 12.9375 -11.374999 -3.0
v 12.75 -11.562499 -2.901367
v 12.7890625 -11.999999 -2.901367
v 12.7890625 -11.999999 -2.901367
v 12.75 -11.562499 -2.901367
v 12.330078 -11.999999 -2.002929
v 12.5 -11.249999 -2.901367
v 12.0 -11.669921 -2.002929
v 12.0 -11.2109375 -2.901367
v 12.0 -11.669921 -2.002929
v 12.0 -11.999999 -2.0
v 12.330078 -11.999999 -2.002929
v 12.0 -6.210937 -3.901367
v 12.0 -6.669921 -3.002929
v 16.0 -6.669921 -3.002929
v 16.0 -6.210937 -3.901367
v 12.0 -6.999999 -3.0
v 16.0 -6.999999 -3.0
v 12.0 -6.210937 -3.901367
v 16.0 -6.210937 -3.901367
v 16.0 -5.999999 -4.0
v 12.0 -5.999999 -4.0
v 16.0 -5.0 -3.999999
v 12.0 -5.0 -3.999999
v 16.0 -6.0 -3.999999
v 12.0 -6.0 -3.999999
v 12.330078 0.330079 -4.0029287
v 12.330078 1.000001 -4.0029287
v 12.0 1.000001 -4.0
v 12.0 1.013279E-6 -4.0
v 13.0 0.330079 -4.0029287
v 12.330078 0.330079 -4.0029287
v 12.0 1.013279E-6 -4.0
v 13.0 1.013279E-6 -4.0
v 13.0 0.330079 -4.0029287
v 13.0 0.789063 -4.901367
v 12.330078 0.330079 -4.0029287
v 12.894531 0.894532 -4.901367
v 12.7890625 1.000001 -4.901367
v 12.7890625 1.000001 -4.901367
v 12.894531 0.894532 -4.901367
v 13.0 1.000001 -5.0
v 13.0 0.789063 -4.901367
v 12.330078 1.000001 -4.0029287
v 12.330078 0.330079 -4.0029287
v 12.7890625 1.000001 -4.901367
v 12.7890625 3.0 -4.901367
v 12.330079 3.0 -4.0029287
v 12.330079 1.0 -4.0029287
v 12.7890625 1.0 -4.901367
v 12.000001 3.0 -4.0
v 12.000001 1.0 -4.0
v 12.7890625 3.0 -4.901367
v 12.7890625 1.0 -4.901367
v 13.000001 1.0 -5.0
v 13.000001 3.0 -5.0
v 13.0 3.000001 -5.0
v 13.0 4.000001 -5.0
v 12.9375 3.625001 -5.0
v 12.6875 3.937501 -5.0
v 12.0 4.000001 -5.0
v 12.6875 3.937501 -5.0
v 12.0 4.000001 -5.0
v 12.0 3.789063 -4.901367
v 12.5 3.750001 -4.901367
v 13.0 3.000001 -5.0
v 12.9375 3.625001 -5.0
v 12.75 3.437501 -4.901367
v 12.7890625 3.000001 -4.901367
v 12.7890625 3.000001 -4.901367
v 12.75 3.437501 -4.901367
v 12.330078 3.000001 -4.0029287
v 12.5 3.750001 -4.901367
v 12.0 3.330079 -4.0029287
v 12.0 3.789063 -4.901367
v 12.0 3.330079 -4.0029287
v 12.0 3.000001 -4.0
v 12.330078 3.000001 -4.0029287
v 13.0 -12.2109375 -2.901367
v 13.0 -12.669921 -2.002929
v 16.0 -12.669921 -2.002929
v 16.0 -12.2109375 -2.901367
v 13.0 -12.999999 -2.0
v 16.0 -12.999999 -2.0
v 13.0 -12.2109375 -2.901367
v 16.0 -12.2109375 -2.901367
v 16.0 -11.999999 -3.0
v 13.0 -11.999999 -3.0
v 16.0 -11.0 -2.999999
v 13.0 -11.0 -2.999999
v 16.0 -12.0 -2.999999
v 13.0 -12.0 -2.999999
v 16.0 -1.0 -3.999999
v 13.0 -1.0 -3.999999
v 16.0 -4.0 -3.999999
v 13.0 -4.0 -3.999999
v 13.0 0.789063 -4.901367
v 13.0 0.33007902 -4.0029287
v 16.0 0.33007902 -4.0029287
v 16.0 0.789063 -4.901367
v 13.0 1.013279E-6 -4.0
v 16.0 1.013279E-6 -4.0
v 13.0 0.789063 -4.901367
v 16.0 0.789063 -4.901367
v 16.0 1.000001 -5.0
v 13.0 1.000001 -5.0
v 16.0 4.0 -4.999999
v 13.0 4.0 -4.999999
v 16.0 1.0 -4.999999
v 13.0 1.0 -4.999999
v 16.0 -8.0 -2.999999
v 14.0 -8.0 -2.999999
v 16.0 -11.0 -2.999999
v 14.0 -11.0 -2.999999
v 16.0 -13.0 -1.999999
v 15.0 -13.0 -1.999999
v 16.0 -14.0 -1.999999
v 15.0 -14.0 -1.999999
v -1.0 -16.000008 -0.6875
v -1.0 -7.9999924 -0.687499
v -9.0 -7.9999924 -0.687499
v -9.0 -16.000008 -0.6875
v -1.0 -8.000008 -0.6875
v -1.0 7.6293945E-6 -0.687499
v -9.0 7.6293945E-6 -0.687499
v -9.0 -8.000008 -0.6875
v -1.0 -8.106232E-6 -0.6875
v -1.0 8.000008 -0.687499
v -9.0 8.000008 -0.687499
v -9.0 -8.106232E-6 -0.6875
v -1.0 7.999992 -0.6875
v -1.0 16.000008 -0.687499
v -9.0 16.000008 -0.687499
v -9.0 7.999992 -0.6875
v 7.0 -16.000008 -0.6875
v 7.0 -7.9999924 -0.687499
v -1.0 -7.9999924 -0.687499
v -1.0 -16.000008 -0.6875
v 7.0 -8.000008 -0.6875
v 7.0 7.6293945E-6 -0.687499
v -1.0 7.6293945E-6 -0.687499
v -1.0 -8.000008 -0.6875
v 7.0 -8.106232E-6 -0.6875
v 7.0 8.000008 -0.687499
v -1.0 8.000008 -0.687499
v -1.0 -8.106232E-6 -0.6875
v 7.0 7.999992 -0.6875
v 7.0 16.000008 -0.687499
v -1.0 16.000008 -0.687499
v -1.0 7.999992 -0.6875
v 15.0 -16.000008 -0.6875
v 15.0 -7.9999924 -0.687499
v 7.0 -7.9999924 -0.687499
v 7.0 -16.000008 -0.6875
v 15.0 -8.000008 -0.6875
v 15.0 7.6293945E-6 -0.687499
v 7.0 7.6293945E-6 -0.687499
v 7.0 -8.000008 -0.6875
v 15.0 -8.106232E-6 -0.6875
v 15.0 8.000008 -0.687499
v 7.0 8.000008 -0.687499
v 7.0 -8.106232E-6 -0.6875
v 15.0 7.999992 -0.6875
v 15.0 16.000008 -0.687499
v 7.0 16.000008 -0.687499
v 7.0 7.999992 -0.6875
v 16.0 -16.000008 -0.6875
v 16.0 -7.9999924 -0.687499
v 15.0 -7.9999924 -0.687499
v 15.0 -16.000008 -0.6875
v 16.0 -8.000008 -0.6875
v 16.0 7.6293945E-6 -0.687499
v 15.0 7.6293945E-6 -0.687499
v 15.0 -8.000008 -0.6875
v 16.0 -8.106232E-6 -0.6875
v 16.0 8.000008 -0.687499
v 15.0 8.000008 -0.687499
v 15.0 -8.106232E-6 -0.6875
v 16.0 7.999992 -0.6875
v 16.0 16.000008 -0.687499
v 15.0 16.000008 -0.687499
v 15.0 7.999992 -0.6875
vt 1.0 2.0
vt 0.0 2.0
vt 0.0 0.0
vt 1.0 0.0
vt 1.25 4.0
vt 0.0 4.0
vt 0.0 2.0
vt 1.25 2.0
vt 1.0 6.0
vt 0.0 6.0
vt 0.0 4.0
vt 1.0 4.0
vt 0.75 8.0
vt 0.0 8.0
vt 0.0 6.0
vt 0.75 6.0
vt 0.75 6.0
vt 1.0 6.0
vt 1.0 7.75
vt 0.75 7.75
vt 1.25 8.0
vt 0.75 8.0
vt 0.75 7.75
vt 1.25 7.75
vt 1.25 2.0
vt 1.0 2.0
vt 1.0 0.0
vt 1.25 0.0
vt 1.0 4.0
vt 1.25 4.0
vt 1.25 5.75
vt 1.0 5.75
vt 1.25 7.75
vt 1.0 7.75
vt 1.0 5.75
vt 1.25 5.75
vt 1.75 1.75
vt 1.25 1.75
vt 1.25 0.0
vt 1.75 0.0
vt 1.5 3.75
vt 1.25 3.75
vt 1.25 1.75
vt 1.5 1.75
vt 1.25 3.75
vt 1.5 3.75
vt 1.5 5.75
vt 1.25 5.75
vt 1.5 6.0
vt 1.25 6.0
vt 1.25 5.75
vt 1.5 5.75
vt 1.75 8.0
vt 1.25 8.0
vt 1.25 6.0
vt 1.75 6.0
vt 1.75 3.75
vt 1.5 3.75
vt 1.5 1.75
vt 1.75 1.75
vt 1.5 3.75
vt 1.75 3.75
vt 1.75 5.75
vt 1.5 5.75
vt 1.75 6.0
vt 1.5 6.0
vt 1.5 5.75
vt 1.75 5.75
vt 0.0 -1.0
vt -1.0 -1.0
vt -1.0 -2.0
vt 0.0 -2.0
vt 0.0 0.0
vt 0.0 -1.0
vt -1.0 -1.0
vt -1.0 0.0
vt 0.0 0.0
vt -1.0 0.0
vt -1.0 -1.0
vt 0.0 -1.0
vt 0.0 -2.0
vt 0.0 -1.0
vt -1.0 -1.0
vt -1.0 -2.0
vt 0.0 -1.0
vt -1.0 -1.0
vt -1.0 -2.0
vt 0.0 -2.0
vt 0.0 0.0
vt 0.0 -1.0
vt -1.0 -1.0
vt -1.0 0.0
vt 0.0 0.0
vt -1.0 0.0
vt -1.0 -1.0
vt 0.0 -1.0
vt 0.0 -2.0
vt 0.0 -1.0
vt -1.0 -1.0
vt -1.0 -2.0
vt 0.0 -1.0
vt -1.0 -1.0
vt -1.0 -2.0
vt 0.0 -2.0
vt 0.0 0.0
vt 0.0 -1.0
vt -1.0 -1.0
vt -1.0 0.0
vt 0.0 0.0
vt -1.0 0.0
vt -1.0 -1.0
vt 0.0 -1.0
vt 0.0 -2.0
vt 0.0 -1.0
vt -1.0 -1.0
vt -1.0 -2.0
vt 0.0 -1.0
vt -1.0 -1.0
vt -1.0 -2.0
vt 0.0 -2.0
vt 0.0 0.0
vt 0.0 -1.0
vt -1.0 -1.0
vt -1.0 0.0
vt 0.0 0.0
vt -1.0 0.0
vt -1.0 -1.0
vt 0.0 -1.0
vt 0.0 -2.0
vt 0.0 -1.0
vt -1.0 -1.0
vt -1.0 -2.0
vt 0.0 -1.0
vt 0.0 0.0
vt -1.0 0.0
vt -1.0 -1.0
vt 0.0 0.0
vt -1.0 0.0
vt -1.0 -1.0
vt 0.0 -1.0
vt -1.0 0.0
vt -1.0 -1.0
vt 0.0 -1.0
vt 0.0 0.0
vt 0.0 0.0
vt -1.0 0.0
vt -1.0 -1.0
vt 0.0 -1.0
vt -1.0 0.0
vt -1.0 -1.0
vt 0.0 -1.0
vt 0.0 0.0
vt 0.0 -1.0
vt -1.0 -1.0
vt -1.0 -2.0
vt 0.0 -2.0
vt 0.0 0.0
vt 0.0 -1.0
vt -1.0 -1.0
vt -1.0 0.0
vt 0.0 0.0
vt -1.0 0.0
vt -1.0 -1.0
vt 0.0 -1.0
vt 0.0 -2.0
vt 0.0 -1.0
vt -1.0 -1.0
vt -1.0 -2.0
vt 0.0 -1.0
vt -1.0 -1.0
vt -1.0 -2.0
vt 0.0 -2.0
vt 0.0 0.0
vt 0.0 -1.0
vt -1.0 -1.0
vt -1.0 0.0
vt 0.0 0.0
vt -1.0 0.0
vt -1.0 -1.0
vt 0.0 -1.0
vt 0.0 -2.0
vt 0.0 -1.0
vt -1.0 -1.0
vt -1.0 -2.0
vt 0.0 -1.0
vt -1.0 -1.0
vt -1.0 -2.0
vt 0.0 -2.0
vt 0.0 0.0
vt 0.0 -1.0
vt -1.0 -1.0
vt -1.0 0.0
vt 0.0 0.0
vt -1.0 0.0
vt -1.0 -1.0
vt 0.0 -1.0
vt 0.0 -2.0
vt 0.0 -1.0
vt -1.0 -1.0
vt -1.0 -2.0
vt 0.0 -1.0
vt -1.0 -1.0
vt -1.0 -2.0
vt 0.0 -2.0
vt 0.0 0.0
vt 0.0 -1.0
vt -1.0 -1.0
vt -1.0 0.0
vt 0.0 0.0
vt -1.0 0.0
vt -1.0 -1.0
vt 0.0 -1.0
vt 0.0 -2.0
vt 0.0 -1.0
vt -1.0 -1.0
vt -1.0 -2.0
vt 0.0 -1.0
vt -1.0 -1.0
vt -1.0 -2.0
vt 0.0 -2.0
vt 0.0 0.0
vt 0.0 -1.0
vt -1.0 -1.0
vt -1.0 0.0
vt 0.0 0.0
vt -1.0 0.0
vt -1.0 -1.0
vt 0.0 -1.0
vt 0.0 -2.0
vt 0.0 -1.0
vt -1.0 -1.0
vt -1.0 -2.0
vt 0.0 -1.0
vt 0.0 0.0
vt -1.0 0.0
vt -1.0 -1.0
vt 0.0 0.0
vt -1.0 0.0
vt -1.0 -1.0
vt 0.0 -1.0
vt -1.0 0.0
vt -1.0 -1.0
vt 0.0 -1.0
vt 0.0 0.0
vt 0.0 0.0
vt -1.0 0.0
vt -1.0 -1.0
vt 0.0 -1.0
vt -1.0 0.0
vt -1.0 -1.0
vt 0.0 -1.0
vt 0.0 0.0
vt 0.0 0.0
vt 0.0 -1.0
vt 1.0 -1.0
vt 1.0 0.0
vt 0.0 0.0
vt 0.0 -1.0
vt 1.0 -1.0
vt 1.0 0.0
vt 5.3E-5 0.0
vt 5.4E-5 -0.999978
vt 1.000053 -0.999978
vt 1.000003 0.0
vt 5.3E-5 0.0
vt 5.4E-5 -0.999978
vt 1.000053 -0.999978
vt 1.000003 0.0
vt 0.0 0.0
vt 0.0 -1.0
vt 7.0 -1.0
vt 7.0 0.0
vt 0.0 -6.0E-5
vt 0.0 -1.0
vt 7.0003715 -1.0
vt 7.000021 -6.0E-5
vt 0.0 0.0
vt 0.0 -1.0
vt 1.0 -1.0
vt 1.0 0.0
vt 0.0 0.0
vt 0.0 -1.0
vt 1.0 -1.0
vt 1.0 0.0
vt 5.3E-5 0.0
vt 5.4E-5 -0.999978
vt 1.000053 -0.999978
vt 1.000003 0.0
vt 5.3E-5 0.0
vt 5.4E-5 -0.999978
vt 1.000053 -0.999978
vt 1.000003 0.0
vt 0.0 0.0
vt 0.0 -1.0
vt 1.0 -1.0
vt 1.0 0.0
vt 0.0 0.0
vt 0.0 -1.0
vt 1.0 -1.0
vt 1.0 0.0
vt 5.3E-5 0.0
vt 5.4E-5 -0.999978
vt 1.000053 -0.999978
vt 1.000003 0.0
vt 5.3E-5 0.0
vt 5.4E-5 -0.999978
vt 1.000053 -0.999978
vt 1.000003 0.0
vt 0.0 0.0
vt 0.0 -1.0
vt 7.0 -1.0
vt 7.0 0.0
vt 0.0 -6.0E-5
vt 0.0 -1.0
vt 7.0003715 -1.0
vt 7.000021 -6.0E-5
vt 0.0 0.0
vt 0.5 -1.0
vt 1.0 0.0
vt 0.0 -1.0
vt 1.0 -1.0
vt 0.500579 -8.2E-5
vt 0.0 -0.999918
vt 1.0 -0.999918
vt 0.0 0.0
vt 0.0 -1.0
vt 6.0 -1.0
vt 6.0 0.0
vt 0.0 -6.0E-5
vt 0.0 -1.0
vt 6.0003185 -1.0
vt 6.000018 -6.0E-5
vt 0.0 0.0
vt 0.0 -1.0
vt 1.0 -1.0
vt 1.0 0.0
vt 0.0 0.0
vt 0.0 -1.0
vt 1.0 -1.0
vt 1.0 0.0
vt 5.3E-5 0.0
vt 5.4E-5 -0.999978
vt 1.000053 -0.999978
vt 1.000003 0.0
vt 5.3E-5 0.0
vt 5.4E-5 -0.999978
vt 1.000053 -0.999978
vt 1.000003 0.0
vt 0.0 0.0
vt 0.5 -1.0
vt 1.0 0.0
vt 0.0 -1.0
vt 1.0 -1.0
vt 0.500579 -8.2E-5
vt 0.0 -0.999918
vt 1.0 -0.999918
vt 0.0 0.0
vt 0.0 -1.0
vt 8.0 -1.0
vt 8.0 0.0
vt 0.0 -6.0E-5
vt 0.0 -1.0
vt 8.000424 -1.0
vt 8.000024 -6.0E-5
vt 0.0 0.0
vt 0.0 -1.0
vt 7.0 -1.0
vt 7.0 0.0
vt 0.0 -6.0E-5
vt 0.0 -1.0
vt 7.0003715 -1.0
vt 7.000021 -6.0E-5
vt 0.0 0.0
vt 0.5 -1.0
vt 1.0 0.0
vt 0.0 -1.0
vt 1.0 -1.0
vt 0.500579 -8.2E-5
vt 0.0 -0.999918
vt 1.0 -0.999918
vt 0.0 0.0
vt 0.0 -1.0
vt 1.0 -1.0
vt 1.0 0.0
vt 0.0 0.0
vt 0.0 -1.0
vt 1.0 -1.0
vt 1.0 0.0
vt 5.3E-5 0.0
vt 5.4E-5 -0.999978
vt 1.000053 -0.999978
vt 1.000003 0.0
vt 5.3E-5 0.0
vt 5.4E-5 -0.999978
vt 1.000053 -0.999978
vt 1.000003 0.0
vt 0.0 0.0
vt 0.0 -1.0
vt 7.0 -1.0
vt 7.0 0.0
vt 0.0 -6.0E-5
vt 0.0 -1.0
vt 7.0003715 -1.0
vt 7.000021 -6.0E-5
vt 0.0 0.0
vt 0.5 -1.0
vt 1.0 0.0
vt 0.0 -1.0
vt 1.0 -1.0
vt 0.500579 -8.2E-5
vt 0.0 -0.999918
vt 1.0 -0.999918
vt 0.0 0.0
vt 0.0 -1.0
vt 8.0 -1.0
vt 8.0 0.0
vt 0.0 -6.0E-5
vt 0.0 -1.0
vt 8.000424 -1.0
vt 8.000024 -6.0E-5
vt 0.0 0.0
vt 0.0 -1.0
vt 8.0 -1.0
vt 8.0 0.0
vt 0.0 -6.0E-5
vt 0.0 -1.0
vt 8.000424 -1.0
vt 8.000024 -6.0E-5
vt 0.0 0.0
vt 0.0 -1.0
vt 1.0 -1.0
vt 1.0 0.0
vt 0.0 -6.0E-5
vt 0.0 -1.0
vt 1.000053 -1.0
vt 1.000003 -6.0E-5
vt 0.0 0.0
vt 0.5 -1.0
vt 1.0 0.0
vt 0.0 -1.0
vt 1.0 -1.0
vt 0.500579 -8.2E-5
vt 0.0 -0.999918
vt 1.0 -0.999918
vt 0.5 -1.0
vt 1.0 -1.0
vt 1.0 -0.8125
vt 0.5 -0.8125
vt 1.0 -1.0
vt 1.0 0.0
vt 0.0 0.0
vt 0.0 -1.0
vt 0.0 -0.5
vt 1.0 -0.5
vt 1.0 0.0
vt 0.0 0.0
vt 1.0 -1.0
vt 1.0 0.0
vt 0.0 0.0
vt 0.0 -1.0
vt 0.5 -1.0
vt 1.0 -1.0
vt 1.0 -0.8125
vt 0.5 -0.8125
vt 1.0 -1.0
vt 1.0 0.0
vt 0.0 0.0
vt 0.0 -1.0
vt 0.0 -0.5
vt 1.0 -0.5
vt 1.0 0.0
vt 0.0 0.0
vt 1.0 -1.0
vt 1.0 0.0
vt 0.0 0.0
vt 0.0 -1.0
vt 0.5 -1.0
vt 1.0 -1.0
vt 1.0 -0.8125
vt 0.5 -0.8125
vt 1.0 -1.0
vt 1.0 0.0
vt 0.0 0.0
vt 0.0 -1.0
vt 0.0 -0.5
vt 1.0 -0.5
vt 1.0 0.0
vt 0.0 0.0
vt 1.0 -1.0
vt 1.0 0.0
vt 0.0 0.0
vt 0.0 -1.0
vt 0.5 -1.0
vt 1.0 -1.0
vt 1.0 -0.8125
vt 0.5 -0.8125
vt 1.0 -1.0
vt 1.0 0.0
vt 0.0 0.0
vt 0.0 -1.0
vt 0.0 -0.5
vt 1.0 -0.5
vt 1.0 0.0
vt 0.0 0.0
vt 1.0 -1.0
vt 1.0 0.0
vt 0.0 0.0
vt 0.0 -1.0
vt 0.5 -1.0
vt 1.0 -1.0
vt 1.0 -0.8125
vt 0.5 -0.8125
vt 1.0 -1.0
vt 1.0 0.0
vt 0.0 0.0
vt 0.0 -1.0
vt 0.0 -0.5
vt 1.0 -0.5
vt 1.0 0.0
vt 0.0 0.0
vt 1.0 -1.0
vt 1.0 0.0
vt 0.0 0.0
vt 0.0 -1.0
vt 0.5 -1.0
vt 1.0 -1.0
vt 1.0 -0.8125
vt 0.5 -0.8125
vt 1.0 -1.0
vt 1.0 0.0
vt 0.0 0.0
vt 0.0 -1.0
vt 0.0 -0.5
vt 1.0 -0.5
vt 1.0 0.0
vt 0.0 0.0
vt 1.0 -1.0
vt 1.0 0.0
vt 0.0 0.0
vt 0.0 -1.0
vt 0.5 -1.0
vt 1.0 -1.0
vt 1.0 -0.8125
vt 0.5 -0.8125
vt 1.0 -1.0
vt 1.0 0.0
vt 0.0 0.0
vt 0.0 -1.0
vt 0.0 -0.5
vt 1.0 -0.5
vt 1.0 0.0
vt 0.0 0.0
vt 1.0 -1.0
vt 1.0 0.0
vt 0.0 0.0
vt 0.0 -1.0
vt 0.5 -1.0
vt 1.0 -1.0
vt 1.0 -0.8125
vt 0.5 -0.8125
vt 1.0 -1.0
vt 1.0 0.0
vt 0.0 0.0
vt 0.0 -1.0
vt 0.0 -0.5
vt 1.0 -0.5
vt 1.0 0.0
vt 0.0 0.0
vt 1.0 -1.0
vt 1.0 0.0
vt 0.0 0.0
vt 0.0 -1.0
vt 0.5 -1.0
vt 1.0 -1.0
vt 1.0 -0.8125
vt 0.5 -0.8125
vt 1.0 -1.0
vt 1.0 0.0
vt 0.0 0.0
vt 0.0 -1.0
vt 0.0 -0.5
vt 1.0 -0.5
vt 1.0 0.0
vt 0.0 0.0
vt 1.0 -1.0
vt 1.0 0.0
vt 0.0 0.0
vt 0.0 -1.0
vt 0.5 -1.0
vt 1.0 -1.0
vt 1.0 -0.8125
vt 0.5 -0.8125
vt 1.0 -1.0
vt 1.0 0.0
vt 0.0 0.0
vt 0.0 -1.0
vt 0.0 -0.5
vt 1.0 -0.5
vt 1.0 0.0
vt 0.0 0.0
vt 1.0 -1.0
vt 1.0 0.0
vt 0.0 0.0
vt 0.0 -1.0
vt 0.5 -1.0
vt 1.0 -1.0
vt 1.0 -0.8125
vt 0.5 -0.8125
vt 1.0 -1.0
vt 1.0 0.0
vt 0.0 0.0
vt 0.0 -1.0
vt 0.0 -0.5
vt 1.0 -0.5
vt 1.0 0.0
vt 0.0 0.0
vt 1.0 -1.0
vt 1.0 0.0
vt 0.0 0.0
vt 0.0 -1.0
vt 0.5 -1.0
vt 1.0 -1.0
vt 1.0 -0.8125
vt 0.5 -0.8125
vt 1.0 -1.0
vt 1.0 0.0
vt 0.0 0.0
vt 0.0 -1.0
vt 0.0 -0.5
vt 1.0 -0.5
vt 1.0 0.0
vt 0.0 0.0
vt 1.0 -1.0
vt 1.0 0.0
vt 0.0 0.0
vt 0.0 -1.0
vt 0.5 -1.0
vt 1.0 -1.0
vt 1.0 -0.8125
vt 0.5 -0.8125
vt 1.0 -1.0
vt 1.0 0.0
vt 0.0 0.0
vt 0.0 -1.0
vt 0.0 -0.5
vt 1.0 -0.5
vt 1.0 0.0
vt 0.0 0.0
vt 1.0 -1.0
vt 1.0 0.0
vt 0.0 0.0
vt 0.0 -1.0
vt 0.5 -1.0
vt 1.0 -1.0
vt 1.0 -0.8125
vt 0.5 -0.8125
vt 1.0 -1.0
vt 1.0 0.0
vt 0.0 0.0
vt 0.0 -1.0
vt 0.0 -0.5
vt 1.0 -0.5
vt 1.0 0.0
vt 0.0 0.0
vt 1.0 -1.0
vt 1.0 0.0
vt 0.0 0.0
vt 0.0 -1.0
vt 0.5 -1.0
vt 1.0 -1.0
vt 1.0 -0.8125
vt 0.5 -0.8125
vt 1.0 -1.0
vt 1.0 0.0
vt 0.0 0.0
vt 0.0 -1.0
vt 0.0 -0.5
vt 1.0 -0.5
vt 1.0 0.0
vt 0.0 0.0
vt 1.0 -1.0
vt 1.0 0.0
vt 0.0 0.0
vt 0.0 -1.0
vt 0.5 -1.0
vt 1.0 -1.0
vt 1.0 -0.8125
vt 0.5 -0.8125
vt 1.0 -1.0
vt 1.0 0.0
vt 0.0 0.0
vt 0.0 -1.0
vt 0.0 -0.5
vt 1.0 -0.5
vt 1.0 0.0
vt 0.0 0.0
vt 1.0 -1.0
vt 1.0 0.0
vt 0.0 0.0
vt 0.0 -1.0
vt 0.5 -1.0
vt 1.0 -1.0
vt 1.0 -0.8125
vt 0.5 -0.8125
vt 1.0 -1.0
vt 1.0 0.0
vt 0.0 0.0
vt 0.0 -1.0
vt 0.0 -0.5
vt 1.0 -0.5
vt 1.0 0.0
vt 0.0 0.0
vt 1.0 -1.0
vt 1.0 0.0
vt 0.0 0.0
vt 0.0 -1.0
vt 0.5 -1.0
vt 1.0 -1.0
vt 1.0 -0.8125
vt 0.5 -0.8125
vt 1.0 -1.0
vt 1.0 0.0
vt 0.0 0.0
vt 0.0 -1.0
vt 0.0 -0.5
vt 1.0 -0.5
vt 1.0 0.0
vt 0.0 0.0
vt 1.0 -1.0
vt 1.0 0.0
vt 0.0 0.0
vt 0.0 -1.0
vt 0.5 -1.0
vt 1.0 -1.0
vt 1.0 -0.8125
vt 0.5 -0.8125
vt 1.0 -1.0
vt 1.0 0.0
vt 0.0 0.0
vt 0.0 -1.0
vt 0.0 -0.5
vt 1.0 -0.5
vt 1.0 0.0
vt 0.0 0.0
vt 1.0 -1.0
vt 1.0 0.0
vt 0.0 0.0
vt 0.0 -1.0
vt 0.5 -1.0
vt 1.0 -1.0
vt 1.0 -0.8125
vt 0.5 -0.8125
vt 1.0 -1.0
vt 1.0 0.0
vt 0.0 0.0
vt 0.0 -1.0
vt 0.0 -0.5
vt 1.0 -0.5
vt 1.0 0.0
vt 0.0 0.0
vt 1.0 -1.0
vt 1.0 0.0
vt 0.0 0.0
vt 0.0 -1.0
vt 0.5 -1.0
vt 1.0 -1.0
vt 1.0 -0.8125
vt 0.5 -0.8125
vt 1.0 -1.0
vt 1.0 0.0
vt 0.0 0.0
vt 0.0 -1.0
vt 0.0 -0.5
vt 1.0 -0.5
vt 1.0 0.0
vt 0.0 0.0
vt 1.0 -1.0
vt 1.0 0.0
vt 0.0 0.0
vt 0.0 -1.0
vt 0.5 -1.0
vt 1.0 -1.0
vt 1.0 -0.8125
vt 0.5 -0.8125
vt 1.0 -1.0
vt 1.0 0.0
vt 0.0 0.0
vt 0.0 -1.0
vt 0.0 -0.5
vt 1.0 -0.5
vt 1.0 0.0
vt 0.0 0.0
vt 1.0 -1.0
vt 1.0 0.0
vt 0.0 0.0
vt 0.0 -1.0
vt 0.5 -1.0
vt 1.0 -1.0
vt 1.0 -0.8125
vt 0.5 -0.8125
vt 1.0 -1.0
vt 1.0 0.0
vt 0.0 0.0
vt 0.0 -1.0
vt 0.0 -0.5
vt 1.0 -0.5
vt 1.0 0.0
vt 0.0 0.0
vt 1.0 -1.0
vt 1.0 0.0
vt 0.0 0.0
vt 0.0 -1.0
vt 0.5 -1.0
vt 1.0 -1.0
vt 1.0 -0.8125
vt 0.5 -0.8125
vt 1.0 -1.0
vt 1.0 0.0
vt 0.0 0.0
vt 0.0 -1.0
vt 0.0 -0.5
vt 1.0 -0.5
vt 1.0 0.0
vt 0.0 0.0
vt 1.0 -1.0
vt 1.0 0.0
vt 0.0 0.0
vt 0.0 -1.0
vt 0.5 -1.0
vt 1.0 -1.0
vt 1.0 -0.8125
vt 0.5 -0.8125
vt 1.0 -1.0
vt 1.0 0.0
vt 0.0 0.0
vt 0.0 -1.0
vt 0.0 -0.5
vt 1.0 -0.5
vt 1.0 0.0
vt 0.0 0.0
vt 1.0 -1.0
vt 1.0 0.0
vt 0.0 0.0
vt 0.0 -1.0
vt 0.5 -1.0
vt 1.0 -1.0
vt 1.0 -0.8125
vt 0.5 -0.8125
vt 1.0 -1.0
vt 1.0 0.0
vt 0.0 0.0
vt 0.0 -1.0
vt 0.0 -0.5
vt 1.0 -0.5
vt 1.0 0.0
vt 0.0 0.0
vt 1.0 -1.0
vt 1.0 0.0
vt 0.0 0.0
vt 0.0 -1.0
vt 0.5 -1.0
vt 1.0 -1.0
vt 1.0 -0.8125
vt 0.5 -0.8125
vt 1.0 -1.0
vt 1.0 0.0
vt 0.0 0.0
vt 0.0 -1.0
vt 0.0 -0.5
vt 1.0 -0.5
vt 1.0 0.0
vt 0.0 0.0
vt 1.0 -1.0
vt 1.0 0.0
vt 0.0 0.0
vt 0.0 -1.0
vt 0.5 -1.0
vt 1.0 -1.0
vt 1.0 -0.8125
vt 0.5 -0.8125
vt 1.0 -1.0
vt 1.0 0.0
vt 0.0 0.0
vt 0.0 -1.0
vt 0.0 -0.5
vt 1.0 -0.5
vt 1.0 0.0
vt 0.0 0.0
vt 1.0 -1.0
vt 1.0 0.0
vt 0.0 0.0
vt 0.0 -1.0
vt 0.5 -1.0
vt 1.0 -1.0
vt 1.0 -0.8125
vt 0.5 -0.8125
vt 1.0 -1.0
vt 1.0 0.0
vt 0.0 0.0
vt 0.0 -1.0
vt 0.0 -0.5
vt 1.0 -0.5
vt 1.0 0.0
vt 0.0 0.0
vt 1.0 -1.0
vt 1.0 0.0
vt 0.0 0.0
vt 0.0 -1.0
vt 0.5 -1.0
vt 1.0 -1.0
vt 1.0 -0.8125
vt 0.5 -0.8125
vt 1.0 -1.0
vt 1.0 0.0
vt 0.0 0.0
vt 0.0 -1.0
vt 0.0 -0.5
vt 1.0 -0.5
vt 1.0 0.0
vt 0.0 0.0
vt 1.0 -1.0
vt 1.0 0.0
vt 0.0 0.0
vt 0.0 -1.0
vt 0.5 -1.0
vt 1.0 -1.0
vt 1.0 -0.8125
vt 0.5 -0.8125
vt 1.0 -1.0
vt 1.0 0.0
vt 0.0 0.0
vt 0.0 -1.0
vt 0.0 -0.5
vt 1.0 -0.5
vt 1.0 0.0
vt 0.0 0.0
vt 1.0 -1.0
vt 1.0 0.0
vt 0.0 0.0
vt 0.0 -1.0
vt 0.5 -1.0
vt 1.0 -1.0
vt 1.0 -0.8125
vt 0.5 -0.8125
vt 1.0 -1.0
vt 1.0 0.0
vt 0.0 0.0
vt 0.0 -1.0
vt 0.0 -0.5
vt 1.0 -0.5
vt 1.0 0.0
vt 0.0 0.0
vt 1.0 -1.0
vt 1.0 0.0
vt 0.0 0.0
vt 0.0 -1.0
vt 1.0 0.0
vt 0.0 0.0
vt 0.0 -3.0
vt 1.0 -3.0
vt 1.0 0.0
vt 0.0 0.0
vt 0.0 -3.0
vt 1.0 -3.0
vt 1.0 0.0
vt 0.0 0.0
vt 0.0 -3.0
vt 1.0 -3.0
vt 1.0 0.0
vt 0.0 0.0
vt 0.0 -4.0
vt 1.0 -4.0
vt 1.0 0.0
vt 0.0 0.0
vt 0.0 -4.0
vt 1.0 -4.0
vt 1.0 0.0
vt 0.0 0.0
vt 0.0 -4.0
vt 1.0 -4.0
vt 1.0 0.0
vt 0.0 0.0
vt 0.0 -4.0
vt 1.0 -4.0
vt 1.0 0.0
vt 0.0 0.0
vt 0.0 -4.0
vt 1.0 -4.0
vt 1.0 0.0
vt 0.0 0.0
vt 0.0 -4.0
vt 1.0 -4.0
vt 1.0 0.0
vt 0.0 0.0
vt 0.0 -4.0
vt 1.0 -4.0
vt 1.0 0.0
vt 0.0 0.0
vt 0.0 -4.0
vt 1.0 -4.0
vt 1.0 0.0
vt 0.0 0.0
vt 0.0 -4.0
vt 1.0 -4.0
vt 1.0 0.0
vt 0.0 0.0
vt 0.0 -2.0
vt 1.0 -2.0
vt 1.0 0.0
vt 0.0 0.0
vt 0.0 -2.0
vt 1.0 -2.0
vt 1.0 0.0
vt 0.0 0.0
vt 0.0 -2.0
vt 1.0 -2.0
vt 1.0 0.0
vt 0.0 0.0
vt 0.0 -4.0
vt 1.0 -4.0
vt 1.0 0.0
vt 0.0 0.0
vt 0.0 -4.0
vt 1.0 -4.0
vt 1.0 0.0
vt 0.0 0.0
vt 0.0 -4.0
vt 1.0 -4.0
vt 1.0 0.0
vt 0.0 0.0
vt 0.0 -2.0
vt 1.0 -2.0
vt 1.0 0.0
vt 0.0 0.0
vt 0.0 -2.0
vt 1.0 -2.0
vt 1.0 0.0
vt 0.0 0.0
vt 0.0 -2.0
vt 1.0 -2.0
vt 1.0 0.0
vt 0.0 0.0
vt 0.0 -4.0
vt 1.0 -4.0
vt 1.0 0.0
vt 0.0 0.0
vt 0.0 -4.0
vt 1.0 -4.0
vt 1.0 0.0
vt 0.0 0.0
vt 0.0 -4.0
vt 1.0 -4.0
vt 1.0 0.0
vt 0.0 0.0
vt 0.0 -4.0
vt 1.0 -4.0
vt 1.0 0.0
vt 0.0 0.0
vt 0.0 -4.0
vt 1.0 -4.0
vt 1.0 0.0
vt 0.0 0.0
vt 0.0 -4.0
vt 1.0 -4.0
vt 1.0 0.0
vt 0.0 0.0
vt 0.0 -2.0
vt 1.0 -2.0
vt 1.0 0.0
vt 0.0 0.0
vt 0.0 -2.0
vt 1.0 -2.0
vt 1.0 0.0
vt 0.0 0.0
vt 0.0 -2.0
vt 1.0 -2.0
vt 1.0 0.0
vt 0.0 0.0
vt 0.0 -1.0
vt 1.0 -1.0
vt 1.0 0.0
vt 0.0 0.0
vt 0.0 -1.0
vt 1.0 -1.0
vt 1.0 0.0
vt 0.0 0.0
vt 0.0 -1.0
vt 1.0 -1.0
vt 0.542969 -0.62793
vt 0.189453 -0.62793
vt 0.34375 -0.1875
vt 0.542969 -0.1875
vt 0.042969 -0.62793
vt 0.144531 -0.977539
vt -0.019531 -0.977539
vt 0.895508 -0.62793
vt 0.94043 -0.977539
vt 1.105469 -0.977539
vt 1.106445 -0.457031
vt 0.94043 -0.977539
vt 0.542969 -0.977539
vt 0.895508 -0.62793
vt 0.261719 -0.1875
vt 0.741211 -0.1875
vt 0.34375 -0.1875
vt 0.144531 -0.977539
vt 0.542969 -0.977539
vt 0.722656 -0.442383
vt 0.542969 0.0
vt 1.000977 -0.420898
vt 0.99707 -0.575195
vt 0.685547 -0.015625
vt 0.321289 -0.06543
vt 0.420898 -0.204102
vt 1.004883 -0.558594
vt 0.879883 -0.181641
vt 1.0 -0.990234
vt 0.5 0.570312
vt 0.0 -0.990234
vt 1.0 -0.990234
vt 0.0 -0.990234
vt 1.0 -0.990234
vt 0.0 -0.990234
vt 1.0 -0.990234
vt 0.0 -0.990234
vt 1.0 -0.990234
vt 0.0 -0.990234
vt 1.0 -0.990234
vt 0.0 -0.990234
vt 1.0 -0.990234
vt 0.0 -0.990234
vt 1.0 -0.990234
vt 0.0 -0.990234
vt 1.0 -0.990234
vt 0.0 -0.990234
vt 1.0 -0.990234
vt 0.0 -0.990234
vt 1.0 -0.990234
vt 0.0 -0.990234
vt 1.0 -0.990234
vt 0.0 -0.990234
vt 0.542969 -0.62793
vt 0.189453 -0.62793
vt 0.34375 -0.1875
vt 0.542969 -0.1875
vt 0.042969 -0.62793
vt 0.144531 -0.977539
vt -0.019531 -0.977539
vt 0.895508 -0.62793
vt 0.94043 -0.977539
vt 1.105469 -0.977539
vt 1.106445 -0.457031
vt 0.94043 -0.977539
vt 0.542969 -0.977539
vt 0.895508 -0.62793
vt 0.261719 -0.1875
vt 0.741211 -0.1875
vt 0.34375 -0.1875
vt 0.144531 -0.977539
vt 0.542969 -0.977539
vt 0.722656 -0.442383
vt 0.542969 0.0
vt 1.000977 -0.420898
vt 0.99707 -0.575195
vt 0.685547 -0.015625
vt 0.321289 -0.06543
vt 0.420898 -0.204102
vt 1.004883 -0.558594
vt 0.879883 -0.181641
vt 1.0 -0.990234
vt 0.5 0.570312
vt 0.0 -0.990234
vt 1.0 -0.990234
vt 0.0 -0.990234
vt 1.0 -0.990234
vt 0.0 -0.990234
vt 1.0 -0.990234
vt 0.0 -0.990234
vt 1.0 -0.990234
vt 0.0 -0.990234
vt 1.0 -0.990234
vt 0.0 -0.990234
vt 1.0 -0.990234
vt 0.0 -0.990234
vt 1.0 -0.990234
vt 0.0 -0.990234
vt 1.0 -0.990234
vt 0.0 -0.990234
vt 1.0 -0.990234
vt 0.0 -0.990234
vt 1.0 -0.990234
vt 0.0 -0.990234
vt 1.0 -0.990234
vt 0.0 -0.990234
vt 4.0 0.0
vt 0.0 0.0
vt 0.0 -1.0
vt 4.0 -1.0
vt 4.0 0.0
vt 0.0 0.0
vt 0.0 -1.0
vt 4.0 -1.0
vt 4.0 0.0
vt 0.0 0.0
vt 0.0 -1.0
vt 4.0 -1.0
vt 2.0 0.0
vt 0.0 0.0
vt 0.0 -1.0
vt 2.0 -1.0
vt 2.0 0.0
vt 0.0 0.0
vt 0.0 -1.0
vt 2.0 -1.0
vt 2.0 0.0
vt 0.0 0.0
vt 0.0 -1.0
vt 2.0 -1.0
vt 1.0 0.0
vt 0.0 0.0
vt 0.0 -2.0
vt 1.0 -2.0
vt 1.0 0.0
vt 0.0 0.0
vt 0.0 -2.0
vt 1.0 -2.0
vt 1.0 0.0
vt 0.0 0.0
vt 0.0 -2.0
vt 1.0 -2.0
vt 2.0 0.0
vt 0.0 0.0
vt 0.0 -2.0
vt 2.0 -2.0
vt 2.0 0.0
vt 0.0 0.0
vt 0.0 -2.0
vt 2.0 -2.0
vt 2.0 0.0
vt 0.0 0.0
vt 0.0 -2.0
vt 2.0 -2.0
vt 1.0 0.0
vt 0.0 0.0
vt 0.0 -1.0
vt 1.0 -1.0
vt 1.0 0.0
vt 0.0 0.0
vt 0.0 -1.0
vt 1.0 -1.0
vt 1.0 0.0
vt 0.0 0.0
vt 0.0 -1.0
vt 1.0 -1.0
vt 1.0 0.0
vt 0.0 0.0
vt 0.0 -2.0
vt 1.0 -2.0
vt 1.0 0.0
vt 0.0 0.0
vt 0.0 -2.0
vt 1.0 -2.0
vt 1.0 0.0
vt 0.0 0.0
vt 0.0 -2.0
vt 1.0 -2.0
vt 1.0 0.0
vt 0.0 0.0
vt 0.0 -2.0
vt 1.0 -2.0
vt 1.0 0.0
vt 0.0 0.0
vt 0.0 -2.0
vt 1.0 -2.0
vt 1.0 0.0
vt 0.0 0.0
vt 0.0 -2.0
vt 1.0 -2.0
vt 4.0 0.0
vt 0.0 0.0
vt 0.0 -1.0
vt 4.0 -1.0
vt 4.0 0.0
vt 0.0 0.0
vt 0.0 -1.0
vt 4.0 -1.0
vt 4.0 0.0
vt 0.0 0.0
vt 0.0 -1.0
vt 4.0 -1.0
vt 0.542969 -0.62793
vt 0.189453 -0.62793
vt 0.34375 -0.1875
vt 0.542969 -0.1875
vt 0.042969 -0.62793
vt 0.144531 -0.977539
vt -0.019531 -0.977539
vt 0.895508 -0.62793
vt 0.94043 -0.977539
vt 1.105469 -0.977539
vt 1.106445 -0.457031
vt 0.94043 -0.977539
vt 0.542969 -0.977539
vt 0.895508 -0.62793
vt 0.261719 -0.1875
vt 0.741211 -0.1875
vt 0.34375 -0.1875
vt 0.144531 -0.977539
vt 0.542969 -0.977539
vt 0.722656 -0.442383
vt 0.542969 0.0
vt 1.000977 -0.420898
vt 0.99707 -0.575195
vt 0.685547 -0.015625
vt 0.321289 -0.06543
vt 0.420898 -0.204102
vt 1.004883 -0.558594
vt 0.879883 -0.181641
vt 1.0 -0.990234
vt 0.5 0.570312
vt 0.0 -0.990234
vt 1.0 -0.990234
vt 0.0 -0.990234
vt 1.0 -0.990234
vt 0.0 -0.990234
vt 1.0 -0.990234
vt 0.0 -0.990234
vt 1.0 -0.990234
vt 0.0 -0.990234
vt 1.0 -0.990234
vt 0.0 -0.990234
vt 1.0 -0.990234
vt 0.0 -0.990234
vt 1.0 -0.990234
vt 0.0 -0.990234
vt 1.0 -0.990234
vt 0.0 -0.990234
vt 1.0 -0.990234
vt 0.0 -0.990234
vt 1.0 -0.990234
vt 0.0 -0.990234
vt 1.0 -0.990234
vt 0.0 -0.990234
vt 1.0 0.0
vt 0.0 0.0
vt 0.0 -1.0
vt 1.0 -1.0
vt 1.0 0.0
vt 0.0 0.0
vt 0.0 -1.0
vt 1.0 -1.0
vt 1.0 0.0
vt 0.0 0.0
vt 0.0 -1.0
vt 1.0 -1.0
vt 1.0 0.0
vt 0.0 0.0
vt 0.0 -4.0
vt 1.0 -4.0
vt 1.0 0.0
vt 0.0 0.0
vt 0.0 -4.0
vt 1.0 -4.0
vt 1.0 0.0
vt 0.0 0.0
vt 0.0 -4.0
vt 1.0 -4.0
vt 1.0 0.0
vt 0.0 0.0
vt 0.0 -2.0
vt 1.0 -2.0
vt 1.0 0.0
vt 0.0 0.0
vt 0.0 -2.0
vt 1.0 -2.0
vt 1.0 0.0
vt 0.0 0.0
vt 0.0 -2.0
vt 1.0 -2.0
vt 5.0 0.0
vt 0.0 0.0
vt 0.0 -1.0
vt 5.0 -1.0
vt 5.0 0.0
vt 0.0 0.0
vt 0.0 -1.0
vt 5.0 -1.0
vt 5.0 0.0
vt 0.0 0.0
vt 0.0 -1.0
vt 5.0 -1.0
vt 1.0 0.0
vt 0.0 0.0
vt 0.0 -1.0
vt 1.0 -1.0
vt 1.0 0.0
vt 0.0 0.0
vt 0.0 -1.0
vt 1.0 -1.0
vt 1.0 0.0
vt 0.0 0.0
vt 0.0 -1.0
vt 1.0 -1.0
vt 3.0 0.0
vt 0.0 0.0
vt 0.0 -2.0
vt 3.0 -2.0
vt 3.0 0.0
vt 0.0 0.0
vt 0.0 -2.0
vt 3.0 -2.0
vt 3.0 0.0
vt 0.0 0.0
vt 0.0 -2.0
vt 3.0 -2.0
vt 1.0 0.0
vt 0.0 0.0
vt 0.0 -2.0
vt 1.0 -2.0
vt 1.0 0.0
vt 0.0 0.0
vt 0.0 -2.0
vt 1.0 -2.0
vt 1.0 0.0
vt 0.0 0.0
vt 0.0 -2.0
vt 1.0 -2.0
vt 2.0 0.0
vt 0.0 0.0
vt 0.0 -1.0
vt 2.0 -1.0
vt 2.0 0.0
vt 0.0 0.0
vt 0.0 -1.0
vt 2.0 -1.0
vt 2.0 0.0
vt 0.0 0.0
vt 0.0 -1.0
vt 2.0 -1.0
vt 2.0 0.0
vt 0.0 0.0
vt 0.0 -1.0
vt 2.0 -1.0
vt 2.0 0.0
vt 0.0 0.0
vt 0.0 -1.0
vt 2.0 -1.0
vt 2.0 0.0
vt 0.0 0.0
vt 0.0 -1.0
vt 2.0 -1.0
vt 2.0 0.0
vt 0.0 0.0
vt 0.0 -1.0
vt 2.0 -1.0
vt 2.0 0.0
vt 0.0 0.0
vt 0.0 -1.0
vt 2.0 -1.0
vt 2.0 0.0
vt 0.0 0.0
vt 0.0 -1.0
vt 2.0 -1.0
vt 1.0 0.0
vt 0.0 0.0
vt 0.0 -1.0
vt 1.0 -1.0
vt 1.0 0.0
vt 0.0 0.0
vt 0.0 -1.0
vt 1.0 -1.0
vt 1.0 0.0
vt 0.0 0.0
vt 0.0 -1.0
vt 1.0 -1.0
vt 1.0 0.0
vt 0.0 0.0
vt 0.0 -1.0
vt 1.0 -1.0
vt 1.0 0.0
vt 0.0 0.0
vt 0.0 -1.0
vt 1.0 -1.0
vt 1.0 0.0
vt 0.0 0.0
vt 0.0 -1.0
vt 1.0 -1.0
vt 4.0 0.0
vt 0.0 0.0
vt 0.0 -1.0
vt 4.0 -1.0
vt 4.0 0.0
vt 0.0 0.0
vt 0.0 -1.0
vt 4.0 -1.0
vt 4.0 0.0
vt 0.0 0.0
vt 0.0 -1.0
vt 4.0 -1.0
vt 0.542969 -0.62793
vt 0.189453 -0.62793
vt 0.34375 -0.1875
vt 0.542969 -0.1875
vt 0.042969 -0.62793
vt 0.144531 -0.977539
vt -0.019531 -0.977539
vt 0.895508 -0.62793
vt 0.94043 -0.977539
vt 1.105469 -0.977539
vt 1.106445 -0.457031
vt 0.94043 -0.977539
vt 0.542969 -0.977539
vt 0.895508 -0.62793
vt 0.261719 -0.1875
vt 0.741211 -0.1875
vt 0.34375 -0.1875
vt 0.144531 -0.977539
vt 0.542969 -0.977539
vt 0.722656 -0.442383
vt 0.542969 0.0
vt 1.000977 -0.420898
vt 0.99707 -0.575195
vt 0.685547 -0.015625
vt 0.321289 -0.06543
vt 0.420898 -0.204102
vt 1.004883 -0.558594
vt 0.879883 -0.181641
vt 1.0 -0.990234
vt 0.5 0.570312
vt 0.0 -0.990234
vt 1.0 -0.990234
vt 0.0 -0.990234
vt 1.0 -0.990234
vt 0.0 -0.990234
vt 1.0 -0.990234
vt 0.0 -0.990234
vt 1.0 -0.990234
vt 0.0 -0.990234
vt 1.0 -0.990234
vt 0.0 -0.990234
vt 1.0 -0.990234
vt 0.0 -0.990234
vt 1.0 -0.990234
vt 0.0 -0.990234
vt 1.0 -0.990234
vt 0.0 -0.990234
vt 1.0 -0.990234
vt 0.0 -0.990234
vt 1.0 -0.990234
vt 0.0 -0.990234
vt 1.0 -0.990234
vt 0.0 -0.990234
vt 2.0 0.0
vt 0.0 0.0
vt 0.0 -1.0
vt 2.0 -1.0
vt 2.0 0.0
vt 0.0 0.0
vt 0.0 -1.0
vt 2.0 -1.0
vt 2.0 0.0
vt 0.0 0.0
vt 0.0 -1.0
vt 2.0 -1.0
vt 0.542969 -0.62793
vt 0.189453 -0.62793
vt 0.34375 -0.1875
vt 0.542969 -0.1875
vt 0.042969 -0.62793
vt 0.144531 -0.977539
vt -0.019531 -0.977539
vt 0.895508 -0.62793
vt 0.94043 -0.977539
vt 1.105469 -0.977539
vt 1.106445 -0.457031
vt 0.94043 -0.977539
vt 0.542969 -0.977539
vt 0.895508 -0.62793
vt 0.261719 -0.1875
vt 0.741211 -0.1875
vt 0.34375 -0.1875
vt 0.144531 -0.977539
vt 0.542969 -0.977539
vt 0.722656 -0.442383
vt 0.542969 0.0
vt 1.000977 -0.420898
vt 0.99707 -0.575195
vt 0.685547 -0.015625
vt 0.321289 -0.06543
vt 0.420898 -0.204102
vt 1.004883 -0.558594
vt 0.879883 -0.181641
vt 1.0 -0.990234
vt 0.5 0.570312
vt 0.0 -0.990234
vt 1.0 -0.990234
vt 0.0 -0.990234
vt 1.0 -0.990234
vt 0.0 -0.990234
vt 1.0 -0.990234
vt 0.0 -0.990234
vt 1.0 -0.990234
vt 0.0 -0.990234
vt 1.0 -0.990234
vt 0.0 -0.990234
vt 1.0 -0.990234
vt 0.0 -0.990234
vt 1.0 -0.990234
vt 0.0 -0.990234
vt 1.0 -0.990234
vt 0.0 -0.990234
vt 1.0 -0.990234
vt 0.0 -0.990234
vt 1.0 -0.990234
vt 0.0 -0.990234
vt 1.0 -0.990234
vt 0.0 -0.990234
vt 1.0 0.0
vt 0.0 0.0
vt 0.0 -2.0
vt 1.0 -2.0
vt 1.0 0.0
vt 0.0 0.0
vt 0.0 -2.0
vt 1.0 -2.0
vt 1.0 0.0
vt 0.0 0.0
vt 0.0 -2.0
vt 1.0 -2.0
vt 3.0 0.0
vt 0.0 0.0
vt 0.0 -1.0
vt 3.0 -1.0
vt 3.0 0.0
vt 0.0 0.0
vt 0.0 -1.0
vt 3.0 -1.0
vt 3.0 0.0
vt 0.0 0.0
vt 0.0 -1.0
vt 3.0 -1.0
vt 1.0 0.0
vt 0.0 0.0
vt 0.0 -3.0
vt 1.0 -3.0
vt 1.0 0.0
vt 0.0 0.0
vt 0.0 -3.0
vt 1.0 -3.0
vt 1.0 0.0
vt 0.0 0.0
vt 0.0 -3.0
vt 1.0 -3.0
vt 3.0 0.0
vt 0.0 0.0
vt 0.0 -1.0
vt 3.0 -1.0
vt 3.0 0.0
vt 0.0 0.0
vt 0.0 -1.0
vt 3.0 -1.0
vt 3.0 0.0
vt 0.0 0.0
vt 0.0 -1.0
vt 3.0 -1.0
vt 1.0 0.0
vt 0.0 0.0
vt 0.0 -3.0
vt 1.0 -3.0
vt 1.0 0.0
vt 0.0 0.0
vt 0.0 -3.0
vt 1.0 -3.0
vt 1.0 0.0
vt 0.0 0.0
vt 0.0 -3.0
vt 1.0 -3.0
vt 2.0 0.0
vt 0.0 0.0
vt 0.0 -1.0
vt 2.0 -1.0
vt 2.0 0.0
vt 0.0 0.0
vt 0.0 -1.0
vt 2.0 -1.0
vt 2.0 0.0
vt 0.0 0.0
vt 0.0 -1.0
vt 2.0 -1.0
vt 1.0 0.0
vt 0.0 0.0
vt 0.0 -2.0
vt 1.0 -2.0
vt 1.0 0.0
vt 0.0 0.0
vt 0.0 -2.0
vt 1.0 -2.0
vt 1.0 0.0
vt 0.0 0.0
vt 0.0 -2.0
vt 1.0 -2.0
vt 2.0 0.0
vt 0.0 0.0
vt 0.0 -1.0
vt 2.0 -1.0
vt 2.0 0.0
vt 0.0 0.0
vt 0.0 -1.0
vt 2.0 -1.0
vt 2.0 0.0
vt 0.0 0.0
vt 0.0 -1.0
vt 2.0 -1.0
vt 1.0 0.0
vt 0.0 0.0
vt 0.0 -3.0
vt 1.0 -3.0
vt 1.0 0.0
vt 0.0 0.0
vt 0.0 -3.0
vt 1.0 -3.0
vt 1.0 0.0
vt 0.0 0.0
vt 0.0 -3.0
vt 1.0 -3.0
vt 0.542969 -0.62793
vt 0.189453 -0.62793
vt 0.34375 -0.1875
vt 0.542969 -0.1875
vt 0.042969 -0.62793
vt 0.144531 -0.977539
vt -0.019531 -0.977539
vt 0.895508 -0.62793
vt 0.94043 -0.977539
vt 1.105469 -0.977539
vt 1.106445 -0.457031
vt 0.94043 -0.977539
vt 0.542969 -0.977539
vt 0.895508 -0.62793
vt 0.261719 -0.1875
vt 0.741211 -0.1875
vt 0.34375 -0.1875
vt 0.144531 -0.977539
vt 0.542969 -0.977539
vt 0.722656 -0.442383
vt 0.542969 0.0
vt 1.000977 -0.420898
vt 0.99707 -0.575195
vt 0.685547 -0.015625
vt 0.321289 -0.06543
vt 0.420898 -0.204102
vt 1.004883 -0.558594
vt 0.879883 -0.181641
vt 1.0 -0.990234
vt 0.5 0.570312
vt 0.0 -0.990234
vt 1.0 -0.990234
vt 0.0 -0.990234
vt 1.0 -0.990234
vt 0.0 -0.990234
vt 1.0 -0.990234
vt 0.0 -0.990234
vt 1.0 -0.990234
vt 0.0 -0.990234
vt 1.0 -0.990234
vt 0.0 -0.990234
vt 1.0 -0.990234
vt 0.0 -0.990234
vt 1.0 -0.990234
vt 0.0 -0.990234
vt 1.0 -0.990234
vt 0.0 -0.990234
vt 1.0 -0.990234
vt 0.0 -0.990234
vt 1.0 -0.990234
vt 0.0 -0.990234
vt 1.0 -0.990234
vt 0.0 -0.990234
vt 0.542969 -0.62793
vt 0.189453 -0.62793
vt 0.34375 -0.1875
vt 0.542969 -0.1875
vt 0.042969 -0.62793
vt 0.144531 -0.977539
vt -0.019531 -0.977539
vt 0.895508 -0.62793
vt 0.94043 -0.977539
vt 1.105469 -0.977539
vt 1.106445 -0.457031
vt 0.94043 -0.977539
vt 0.542969 -0.977539
vt 0.895508 -0.62793
vt 0.261719 -0.1875
vt 0.741211 -0.1875
vt 0.34375 -0.1875
vt 0.144531 -0.977539
vt 0.542969 -0.977539
vt 0.722656 -0.442383
vt 0.542969 0.0
vt 1.000977 -0.420898
vt 0.99707 -0.575195
vt 0.685547 -0.015625
vt 0.321289 -0.06543
vt 0.420898 -0.204102
vt 1.004883 -0.558594
vt 0.879883 -0.181641
vt 1.0 -0.990234
vt 0.5 0.570312
vt 0.0 -0.990234
vt 1.0 -0.990234
vt 0.0 -0.990234
vt 1.0 -0.990234
vt 0.0 -0.990234
vt 1.0 -0.990234
vt 0.0 -0.990234
vt 1.0 -0.990234
vt 0.0 -0.990234
vt 1.0 -0.990234
vt 0.0 -0.990234
vt 1.0 -0.990234
vt 0.0 -0.990234
vt 1.0 -0.990234
vt 0.0 -0.990234
vt 1.0 -0.990234
vt 0.0 -0.990234
vt 1.0 -0.990234
vt 0.0 -0.990234
vt 1.0 -0.990234
vt 0.0 -0.990234
vt 1.0 -0.990234
vt 0.0 -0.990234
vt 0.0 8.0
vt 0.0 0.0
vt 1.0 0.0
vt 1.0 8.0
vt 0.0 8.0
vt 0.0 0.0
vt 1.0 0.0
vt 1.0 8.0
vt 0.0 8.0
vt 0.0 0.0
vt 1.0 0.0
vt 1.0 8.0
vt 0.0 8.0
vt 0.0 0.0
vt 1.0 0.0
vt 1.0 8.0
vt 4.0 -0.894531
vt 4.0 -0.597656
vt 0.0 -0.597656
vt 0.0 -0.894531
vt 4.0 -0.515625
vt 0.0 -0.515625
vt 4.0 -0.894531
vt 0.0 -0.894531
vt 0.0 -0.988281
vt 4.0 -0.988281
vt 4.0 -0.894531
vt 4.0 -0.597656
vt 0.0 -0.597656
vt 0.0 -0.894531
vt 4.0 -0.515625
vt 0.0 -0.515625
vt 4.0 -0.894531
vt 0.0 -0.894531
vt 0.0 -0.988281
vt 4.0 -0.988281
vt 4.0 -0.894531
vt 4.0 -0.597656
vt 0.0 -0.597656
vt 0.0 -0.894531
vt 4.0 -0.515625
vt 0.0 -0.515625
vt 4.0 -0.894531
vt 0.0 -0.894531
vt 0.0 -0.988281
vt 4.0 -0.988281
vt 4.0 -0.894531
vt 4.0 -0.597656
vt 0.0 -0.597656
vt 0.0 -0.894531
vt 4.0 -0.515625
vt 0.0 -0.515625
vt 4.0 -0.894531
vt 0.0 -0.894531
vt 0.0 -0.988281
vt 4.0 -0.988281
vt 0.0 8.0
vt 0.0 0.0
vt 2.0 0.0
vt 2.0 8.0
vt 0.0 8.0
vt 0.0 0.0
vt 2.0 0.0
vt 2.0 8.0
vt 0.0 8.0
vt 0.0 0.0
vt 2.0 0.0
vt 2.0 8.0
vt 0.0 8.0
vt 0.0 0.0
vt 2.0 0.0
vt 2.0 8.0
vt 4.0 -0.894531
vt 4.0 -0.597656
vt 0.0 -0.597656
vt 0.0 -0.894531
vt 4.0 -0.515625
vt 0.0 -0.515625
vt 4.0 -0.894531
vt 0.0 -0.894531
vt 0.0 -0.988281
vt 4.0 -0.988281
vt 0.753906 -0.599609
vt 1.0 -0.599609
vt 1.0 -0.513672
vt 0.5 -0.513672
vt 1.0 -0.599609
vt 1.279297 -0.599609
vt 1.5 -0.513672
vt 1.0 -0.513672
vt 0.4375 -0.59375
vt 0.4375 -0.890625
vt 0.285156 -0.59375
vt 0.285156 -0.890625
vt 0.4375 -0.890625
vt 0.4375 -0.394531
vt 0.285156 -0.394531
vt 0.285156 -0.486328
vt 0.4375 -0.394531
vt 0.4375 -0.59375
vt 0.285156 -0.59375
vt 0.4375 -0.890625
vt 0.0 8.0
vt 0.0 0.0
vt 1.0 0.0
vt 1.0 8.0
vt 0.0 6.0
vt 0.0 0.0
vt 1.0 0.0
vt 1.0 6.0
vt 0.753906 -0.599609
vt 1.0 -0.599609
vt 1.0 -0.513672
vt 0.5 -0.513672
vt 1.0 -0.599609
vt 1.279297 -0.599609
vt 1.5 -0.513672
vt 1.0 -0.513672
vt 0.4375 -0.59375
vt 0.4375 -0.890625
vt 0.285156 -0.59375
vt 0.285156 -0.890625
vt 0.4375 -0.890625
vt 0.4375 -0.394531
vt 0.285156 -0.394531
vt 0.285156 -0.486328
vt 0.4375 -0.394531
vt 0.4375 -0.59375
vt 0.285156 -0.59375
vt 0.4375 -0.890625
vt 4.0 -0.894531
vt 4.0 -0.597656
vt 0.0 -0.597656
vt 0.0 -0.894531
vt 4.0 -0.515625
vt 0.0 -0.515625
vt 4.0 -0.894531
vt 0.0 -0.894531
vt 0.0 -0.988281
vt 4.0 -0.988281
vt 0.0 8.0
vt 0.0 0.0
vt 8.0 0.0
vt 8.0 8.0
vt 0.841797 -0.986328
vt 0.998047 -0.986328
vt 0.966797 -0.892578
vt 0.841797 -0.892578
vt 0.498047 -0.986328
vt 0.654297 -0.986328
vt 0.654297 -0.892578
vt 0.529297 -0.892578
vt -0.470703 -1.392578
vt -0.345703 -1.392578
vt -0.345703 -1.105469
vt -0.158203 -1.392578
vt -0.158203 -1.105469
vt -0.033203 -1.392578
vt -0.158203 -0.609375
vt -0.251953 -0.515625
vt -0.345703 -0.609375
vt 1.0 0.5
vt 1.0 0.0
vt 1.03125 0.1875
vt 1.15625 0.03125
vt 1.5 0.0
vt 4.0 -0.894531
vt 4.0 -0.597656
vt 0.0 -0.597656
vt 0.0 -0.894531
vt 4.0 -0.515625
vt 0.0 -0.515625
vt 4.0 -0.894531
vt 0.0 -0.894531
vt 0.0 -0.988281
vt 4.0 -0.988281
vt 3.0 -0.894531
vt 3.0 -0.597656
vt 0.0 -0.597656
vt 0.0 -0.894531
vt 3.0 -0.515625
vt 0.0 -0.515625
vt 3.0 -0.894531
vt 0.0 -0.894531
vt 0.0 -0.988281
vt 3.0 -0.988281
vt 0.841797 -0.986328
vt 0.998047 -0.986328
vt 0.966797 -0.892578
vt 0.841797 -0.892578
vt 0.498047 -0.986328
vt 0.654297 -0.986328
vt 0.654297 -0.892578
vt 0.529297 -0.892578
vt -0.470703 -1.392578
vt -0.345703 -1.392578
vt -0.345703 -1.105469
vt -0.158203 -1.392578
vt -0.158203 -1.105469
vt -0.033203 -1.392578
vt -0.158203 -0.609375
vt -0.251953 -0.515625
vt -0.345703 -0.609375
vt 1.0 0.5
vt 1.0 0.0
vt 1.03125 0.1875
vt 1.15625 0.03125
vt 1.5 0.0
vt 0.0 8.0
vt 0.0 0.0
vt 4.0 0.0
vt 4.0 8.0
vt 0.0 8.0
vt 0.0 0.0
vt 4.0 0.0
vt 4.0 8.0
vt 0.0 8.0
vt 0.0 0.0
vt 3.0 0.0
vt 3.0 8.0
vt 0.0 3.0
vt 0.0 0.0
vt 1.0 0.0
vt 1.0 3.0
vt 0.753906 -0.599609
vt 1.0 -0.599609
vt 1.0 -0.513672
vt 0.5 -0.513672
vt 1.0 -0.599609
vt 1.279297 -0.599609
vt 1.5 -0.513672
vt 1.0 -0.513672
vt 0.4375 -0.59375
vt 0.4375 -0.890625
vt 0.285156 -0.59375
vt 0.285156 -0.890625
vt 0.4375 -0.890625
vt 0.4375 -0.394531
vt 0.285156 -0.394531
vt 0.285156 -0.486328
vt 0.4375 -0.394531
vt 0.4375 -0.59375
vt 0.285156 -0.59375
vt 0.4375 -0.890625
vt 1.5 -0.894531
vt 1.5 -0.597656
vt 0.0 -0.597656
vt 0.0 -0.894531
vt 1.5 -0.515625
vt 0.0 -0.515625
vt 1.5 -0.894531
vt 0.0 -0.894531
vt 0.0 -0.988281
vt 1.5 -0.988281
vt 0.753906 -0.599609
vt 1.0 -0.599609
vt 1.0 -0.513672
vt 0.5 -0.513672
vt 1.0 -0.599609
vt 1.279297 -0.599609
vt 1.5 -0.513672
vt 1.0 -0.513672
vt 0.4375 -0.59375
vt 0.4375 -0.890625
vt 0.285156 -0.59375
vt 0.285156 -0.890625
vt 0.4375 -0.890625
vt 0.4375 -0.394531
vt 0.285156 -0.394531
vt 0.285156 -0.486328
vt 0.4375 -0.394531
vt 0.4375 -0.59375
vt 0.285156 -0.59375
vt 0.4375 -0.890625
vt 0.0 4.0
vt 0.0 0.0
vt 1.0 0.0
vt 1.0 4.0
vt 0.753906 -0.599609
vt 1.0 -0.599609
vt 1.0 -0.513672
vt 0.5 -0.513672
vt 1.0 -0.599609
vt 1.279297 -0.599609
vt 1.5 -0.513672
vt 1.0 -0.513672
vt 0.4375 -0.59375
vt 0.4375 -0.890625
vt 0.285156 -0.59375
vt 0.285156 -0.890625
vt 0.4375 -0.890625
vt 0.4375 -0.394531
vt 0.285156 -0.394531
vt 0.285156 -0.486328
vt 0.4375 -0.394531
vt 0.4375 -0.59375
vt 0.285156 -0.59375
vt 0.4375 -0.890625
vt 1.5 -0.894531
vt 1.5 -0.597656
vt 0.0 -0.597656
vt 0.0 -0.894531
vt 1.5 -0.515625
vt 0.0 -0.515625
vt 1.5 -0.894531
vt 0.0 -0.894531
vt 0.0 -0.988281
vt 1.5 -0.988281
vt 0.0 2.0
vt 0.0 0.0
vt 8.0 0.0
vt 8.0 2.0
vt 0.0 1.0
vt 0.0 0.0
vt 7.0 0.0
vt 7.0 1.0
vt 0.0 3.0
vt 0.0 0.0
vt 3.0 0.0
vt 3.0 3.0
vt 0.753906 -0.599609
vt 1.0 -0.599609
vt 1.0 -0.513672
vt 0.5 -0.513672
vt 1.0 -0.599609
vt 1.279297 -0.599609
vt 1.5 -0.513672
vt 1.0 -0.513672
vt 0.4375 -0.59375
vt 0.4375 -0.890625
vt 0.285156 -0.59375
vt 0.285156 -0.890625
vt 0.4375 -0.890625
vt 0.4375 -0.394531
vt 0.285156 -0.394531
vt 0.285156 -0.486328
vt 0.4375 -0.394531
vt 0.4375 -0.59375
vt 0.285156 -0.59375
vt 0.4375 -0.890625
vt 2.0 -0.894531
vt 2.0 -0.597656
vt 0.0 -0.597656
vt 0.0 -0.894531
vt 2.0 -0.515625
vt 0.0 -0.515625
vt 2.0 -0.894531
vt 0.0 -0.894531
vt 0.0 -0.988281
vt 2.0 -0.988281
vt 0.841797 -0.986328
vt 0.998047 -0.986328
vt 0.966797 -0.892578
vt 0.841797 -0.892578
vt 0.498047 -0.986328
vt 0.654297 -0.986328
vt 0.654297 -0.892578
vt 0.529297 -0.892578
vt -0.470703 -1.392578
vt -0.345703 -1.392578
vt -0.345703 -1.105469
vt -0.158203 -1.392578
vt -0.158203 -1.105469
vt -0.033203 -1.392578
vt -0.158203 -0.609375
vt -0.251953 -0.515625
vt -0.345703 -0.609375
vt 1.0 0.5
vt 1.0 0.0
vt 1.03125 0.1875
vt 1.15625 0.03125
vt 1.5 0.0
vt 0.0 3.0
vt 0.0 0.0
vt 8.0 0.0
vt 8.0 3.0
vt 0.841797 -0.986328
vt 0.998047 -0.986328
vt 0.966797 -0.892578
vt 0.841797 -0.892578
vt 0.498047 -0.986328
vt 0.654297 -0.986328
vt 0.654297 -0.892578
vt 0.529297 -0.892578
vt -0.470703 -1.392578
vt -0.345703 -1.392578
vt -0.345703 -1.105469
vt -0.158203 -1.392578
vt -0.158203 -1.105469
vt -0.033203 -1.392578
vt -0.158203 -0.609375
vt -0.251953 -0.515625
vt -0.345703 -0.609375
vt 1.0 0.5
vt 1.0 0.0
vt 1.03125 0.1875
vt 1.15625 0.03125
vt 1.5 0.0
vt 2.0 -0.894531
vt 2.0 -0.597656
vt 0.0 -0.597656
vt 0.0 -0.894531
vt 2.0 -0.515625
vt 0.0 -0.515625
vt 2.0 -0.894531
vt 0.0 -0.894531
vt 0.0 -0.988281
vt 2.0 -0.988281
vt 0.841797 -0.986328
vt 0.998047 -0.986328
vt 0.966797 -0.892578
vt 0.841797 -0.892578
vt 0.498047 -0.986328
vt 0.654297 -0.986328
vt 0.654297 -0.892578
vt 0.529297 -0.892578
vt -0.470703 -1.392578
vt -0.345703 -1.392578
vt -0.345703 -1.105469
vt -0.158203 -1.392578
vt -0.158203 -1.105469
vt -0.033203 -1.392578
vt -0.158203 -0.609375
vt -0.251953 -0.515625
vt -0.345703 -0.609375
vt 1.0 0.5
vt 1.0 0.0
vt 1.03125 0.1875
vt 1.15625 0.03125
vt 1.5 0.0
vt 0.0 3.0
vt 0.0 0.0
vt 6.0 0.0
vt 6.0 3.0
vt 1.0 -0.894531
vt 1.0 -0.597656
vt 0.0 -0.597656
vt 0.0 -0.894531
vt 1.0 -0.515625
vt 0.0 -0.515625
vt 1.0 -0.894531
vt 0.0 -0.894531
vt 0.0 -0.988281
vt 1.0 -0.988281
vt 0.0 5.0
vt 0.0 0.0
vt 8.0 0.0
vt 8.0 5.0
vt 0.0 1.0
vt 0.0 0.0
vt 8.0 0.0
vt 8.0 1.0
vt 0.0 4.0
vt 0.0 0.0
vt 6.0 0.0
vt 6.0 4.0
vt 0.0 1.0
vt 0.0 0.0
vt 5.0 0.0
vt 5.0 1.0
vt 1.0 -0.894531
vt 1.0 -0.597656
vt 0.0 -0.597656
vt 0.0 -0.894531
vt 1.0 -0.515625
vt 0.0 -0.515625
vt 1.0 -0.894531
vt 0.0 -0.894531
vt 0.0 -0.988281
vt 1.0 -0.988281
vt 0.841797 -0.986328
vt 0.998047 -0.986328
vt 0.966797 -0.892578
vt 0.841797 -0.892578
vt 0.498047 -0.986328
vt 0.654297 -0.986328
vt 0.654297 -0.892578
vt 0.529297 -0.892578
vt -0.470703 -1.392578
vt -0.345703 -1.392578
vt -0.345703 -1.105469
vt -0.158203 -1.392578
vt -0.158203 -1.105469
vt -0.033203 -1.392578
vt -0.158203 -0.609375
vt -0.251953 -0.515625
vt -0.345703 -0.609375
vt 1.0 0.5
vt 1.0 0.0
vt 1.03125 0.1875
vt 1.15625 0.03125
vt 1.5 0.0
vt 0.0 5.0
vt 0.0 0.0
vt 2.0 0.0
vt 2.0 5.0
vt 0.753906 -0.599609
vt 1.0 -0.599609
vt 1.0 -0.513672
vt 0.5 -0.513672
vt 1.0 -0.599609
vt 1.279297 -0.599609
vt 1.5 -0.513672
vt 1.0 -0.513672
vt 0.4375 -0.59375
vt 0.4375 -0.890625
vt 0.285156 -0.59375
vt 0.285156 -0.890625
vt 0.4375 -0.890625
vt 0.4375 -0.394531
vt 0.285156 -0.394531
vt 0.285156 -0.486328
vt 0.4375 -0.394531
vt 0.4375 -0.59375
vt 0.285156 -0.59375
vt 0.4375 -0.890625
vt 1.0 -0.894531
vt 1.0 -0.597656
vt 0.0 -0.597656
vt 0.0 -0.894531
vt 1.0 -0.515625
vt 0.0 -0.515625
vt 1.0 -0.894531
vt 0.0 -0.894531
vt 0.0 -0.988281
vt 1.0 -0.988281
vt 0.841797 -0.986328
vt 0.998047 -0.986328
vt 0.966797 -0.892578
vt 0.841797 -0.892578
vt 0.498047 -0.986328
vt 0.654297 -0.986328
vt 0.654297 -0.892578
vt 0.529297 -0.892578
vt -0.470703 -1.392578
vt -0.345703 -1.392578
vt -0.345703 -1.105469
vt -0.158203 -1.392578
vt -0.158203 -1.105469
vt -0.033203 -1.392578
vt -0.158203 -0.609375
vt -0.251953 -0.515625
vt -0.345703 -0.609375
vt 1.0 0.5
vt 1.0 0.0
vt 1.03125 0.1875
vt 1.15625 0.03125
vt 1.5 0.0
vt 0.0 2.0
vt 0.0 0.0
vt 4.0 0.0
vt 4.0 2.0
vt 0.5 -0.894531
vt 0.5 -0.597656
vt 0.0 -0.597656
vt 0.0 -0.894531
vt 0.5 -0.515625
vt 0.0 -0.515625
vt 0.5 -0.894531
vt 0.0 -0.894531
vt 0.0 -0.988281
vt 0.5 -0.988281
vt 1.5 -0.894531
vt 1.5 -0.597656
vt 0.0 -0.597656
vt 0.0 -0.894531
vt 1.5 -0.515625
vt 0.0 -0.515625
vt 1.5 -0.894531
vt 0.0 -0.894531
vt 0.0 -0.988281
vt 1.5 -0.988281
vt 0.0 3.0
vt 0.0 0.0
vt 8.0 0.0
vt 8.0 3.0
vt 0.753906 -0.599609
vt 1.0 -0.599609
vt 1.0 -0.513672
vt 0.5 -0.513672
vt 1.0 -0.599609
vt 1.279297 -0.599609
vt 1.5 -0.513672
vt 1.0 -0.513672
vt 0.4375 -0.59375
vt 0.4375 -0.890625
vt 0.285156 -0.59375
vt 0.285156 -0.890625
vt 0.4375 -0.890625
vt 0.4375 -0.394531
vt 0.285156 -0.394531
vt 0.285156 -0.486328
vt 0.4375 -0.394531
vt 0.4375 -0.59375
vt 0.285156 -0.59375
vt 0.4375 -0.890625
vt 0.5 -0.894531
vt 0.5 -0.597656
vt 0.0 -0.597656
vt 0.0 -0.894531
vt 0.5 -0.515625
vt 0.0 -0.515625
vt 0.5 -0.894531
vt 0.0 -0.894531
vt 0.0 -0.988281
vt 0.5 -0.988281
vt 0.841797 -0.986328
vt 0.998047 -0.986328
vt 0.966797 -0.892578
vt 0.841797 -0.892578
vt 0.498047 -0.986328
vt 0.654297 -0.986328
vt 0.654297 -0.892578
vt 0.529297 -0.892578
vt -0.470703 -1.392578
vt -0.345703 -1.392578
vt -0.345703 -1.105469
vt -0.158203 -1.392578
vt -0.158203 -1.105469
vt -0.033203 -1.392578
vt -0.158203 -0.609375
vt -0.251953 -0.515625
vt -0.345703 -0.609375
vt 1.0 0.5
vt 1.0 0.0
vt 1.03125 0.1875
vt 1.15625 0.03125
vt 1.5 0.0
vt 0.0 3.0
vt 0.0 0.0
vt 8.0 0.0
vt 8.0 3.0
vt 0.0 1.0
vt 0.0 0.0
vt 8.0 0.0
vt 8.0 1.0
vt 0.0 1.0
vt 0.0 0.0
vt 5.0 0.0
vt 5.0 1.0
vt 2.5 -0.894531
vt 2.5 -0.597656
vt 0.0 -0.597656
vt 0.0 -0.894531
vt 2.5 -0.515625
vt 0.0 -0.515625
vt 2.5 -0.894531
vt 0.0 -0.894531
vt 0.0 -0.988281
vt 2.5 -0.988281
vt 0.753906 -0.599609
vt 1.0 -0.599609
vt 1.0 -0.513672
vt 0.5 -0.513672
vt 1.0 -0.599609
vt 1.279297 -0.599609
vt 1.5 -0.513672
vt 1.0 -0.513672
vt 0.4375 -0.59375
vt 0.4375 -0.890625
vt 0.285156 -0.59375
vt 0.285156 -0.890625
vt 0.4375 -0.890625
vt 0.4375 -0.394531
vt 0.285156 -0.394531
vt 0.285156 -0.486328
vt 0.4375 -0.394531
vt 0.4375 -0.59375
vt 0.285156 -0.59375
vt 0.4375 -0.890625
vt 1.5 -0.894531
vt 1.5 -0.597656
vt 0.0 -0.597656
vt 0.0 -0.894531
vt 1.5 -0.515625
vt 0.0 -0.515625
vt 1.5 -0.894531
vt 0.0 -0.894531
vt 0.0 -0.988281
vt 1.5 -0.988281
vt 0.753906 -0.599609
vt 1.0 -0.599609
vt 1.0 -0.513672
vt 0.5 -0.513672
vt 1.0 -0.599609
vt 1.279297 -0.599609
vt 1.5 -0.513672
vt 1.0 -0.513672
vt 0.4375 -0.59375
vt 0.4375 -0.890625
vt 0.285156 -0.59375
vt 0.285156 -0.890625
vt 0.4375 -0.890625
vt 0.4375 -0.394531
vt 0.285156 -0.394531
vt 0.285156 -0.486328
vt 0.4375 -0.394531
vt 0.4375 -0.59375
vt 0.285156 -0.59375
vt 0.4375 -0.890625
vt 0.841797 -0.986328
vt 0.998047 -0.986328
vt 0.966797 -0.892578
vt 0.841797 -0.892578
vt 0.498047 -0.986328
vt 0.654297 -0.986328
vt 0.654297 -0.892578
vt 0.529297 -0.892578
vt -0.470703 -1.392578
vt -0.345703 -1.392578
vt -0.345703 -1.105469
vt -0.158203 -1.392578
vt -0.158203 -1.105469
vt -0.033203 -1.392578
vt -0.158203 -0.609375
vt -0.251953 -0.515625
vt -0.345703 -0.609375
vt 1.0 0.5
vt 1.0 0.0
vt 1.03125 0.1875
vt 1.15625 0.03125
vt 1.5 0.0
vt 0.753906 -0.599609
vt 1.0 -0.599609
vt 1.0 -0.513672
vt 0.5 -0.513672
vt 1.0 -0.599609
vt 1.279297 -0.599609
vt 1.5 -0.513672
vt 1.0 -0.513672
vt 0.4375 -0.59375
vt 0.4375 -0.890625
vt 0.285156 -0.59375
vt 0.285156 -0.890625
vt 0.4375 -0.890625
vt 0.4375 -0.394531
vt 0.285156 -0.394531
vt 0.285156 -0.486328
vt 0.4375 -0.394531
vt 0.4375 -0.59375
vt 0.285156 -0.59375
vt 0.4375 -0.890625
vt 1.5 -0.894531
vt 1.5 -0.597656
vt 0.0 -0.597656
vt 0.0 -0.894531
vt 1.5 -0.515625
vt 0.0 -0.515625
vt 1.5 -0.894531
vt 0.0 -0.894531
vt 0.0 -0.988281
vt 1.5 -0.988281
vt 0.841797 -0.986328
vt 0.998047 -0.986328
vt 0.966797 -0.892578
vt 0.841797 -0.892578
vt 0.498047 -0.986328
vt 0.654297 -0.986328
vt 0.654297 -0.892578
vt 0.529297 -0.892578
vt -0.470703 -1.392578
vt -0.345703 -1.392578
vt -0.345703 -1.105469
vt -0.158203 -1.392578
vt -0.158203 -1.105469
vt -0.033203 -1.392578
vt -0.158203 -0.609375
vt -0.251953 -0.515625
vt -0.345703 -0.609375
vt 1.0 0.5
vt 1.0 0.0
vt 1.03125 0.1875
vt 1.15625 0.03125
vt 1.5 0.0
vt 0.0 3.0
vt 0.0 0.0
vt 8.0 0.0
vt 8.0 3.0
vt 0.841797 -0.986328
vt 0.998047 -0.986328
vt 0.966797 -0.892578
vt 0.841797 -0.892578
vt 0.498047 -0.986328
vt 0.654297 -0.986328
vt 0.654297 -0.892578
vt 0.529297 -0.892578
vt -0.470703 -1.392578
vt -0.345703 -1.392578
vt -0.345703 -1.105469
vt -0.158203 -1.392578
vt -0.158203 -1.105469
vt -0.033203 -1.392578
vt -0.158203 -0.609375
vt -0.251953 -0.515625
vt -0.345703 -0.609375
vt 1.0 0.5
vt 1.0 0.0
vt 1.03125 0.1875
vt 1.15625 0.03125
vt 1.5 0.0
vt 0.0 1.0
vt 0.0 0.0
vt 7.0 0.0
vt 7.0 1.0
vt 0.0 1.0
vt 0.0 0.0
vt 7.0 0.0
vt 7.0 1.0
vt 0.0 1.0
vt 0.0 0.0
vt 2.0 0.0
vt 2.0 1.0
vt 1.0 -0.894531
vt 1.0 -0.597656
vt 0.0 -0.597656
vt 0.0 -0.894531
vt 1.0 -0.515625
vt 0.0 -0.515625
vt 1.0 -0.894531
vt 0.0 -0.894531
vt 0.0 -0.988281
vt 1.0 -0.988281
vt 0.0 1.0
vt 0.0 0.0
vt 7.0 0.0
vt 7.0 1.0
vt 0.0 3.0
vt 0.0 0.0
vt 1.0 0.0
vt 1.0 3.0
vt 0.5 -0.894531
vt 0.5 -0.597656
vt 0.0 -0.597656
vt 0.0 -0.894531
vt 0.5 -0.515625
vt 0.0 -0.515625
vt 0.5 -0.894531
vt 0.0 -0.894531
vt 0.0 -0.988281
vt 0.5 -0.988281
vt 0.0 4.0
vt 0.0 0.0
vt 7.0 0.0
vt 7.0 4.0
vt 3.0 -0.894531
vt 3.0 -0.597656
vt 0.0 -0.597656
vt 0.0 -0.894531
vt 3.0 -0.515625
vt 0.0 -0.515625
vt 3.0 -0.894531
vt 0.0 -0.894531
vt 0.0 -0.988281
vt 3.0 -0.988281
vt 0.0 1.0
vt 0.0 0.0
vt 6.0 0.0
vt 6.0 1.0
vt 0.0 3.0
vt 0.0 0.0
vt 2.0 0.0
vt 2.0 3.0
vt 0.753906 -0.599609
vt 1.0 -0.599609
vt 1.0 -0.513672
vt 0.5 -0.513672
vt 1.0 -0.599609
vt 1.279297 -0.599609
vt 1.5 -0.513672
vt 1.0 -0.513672
vt 0.4375 -0.59375
vt 0.4375 -0.890625
vt 0.285156 -0.59375
vt 0.285156 -0.890625
vt 0.4375 -0.890625
vt 0.4375 -0.394531
vt 0.285156 -0.394531
vt 0.285156 -0.486328
vt 0.4375 -0.394531
vt 0.4375 -0.59375
vt 0.285156 -0.59375
vt 0.4375 -0.890625
vt 2.0 -0.894531
vt 2.0 -0.597656
vt 0.0 -0.597656
vt 0.0 -0.894531
vt 2.0 -0.515625
vt 0.0 -0.515625
vt 2.0 -0.894531
vt 0.0 -0.894531
vt 0.0 -0.988281
vt 2.0 -0.988281
vt 0.841797 -0.986328
vt 0.998047 -0.986328
vt 0.966797 -0.892578
vt 0.841797 -0.892578
vt 0.498047 -0.986328
vt 0.654297 -0.986328
vt 0.654297 -0.892578
vt 0.529297 -0.892578
vt -0.470703 -1.392578
vt -0.345703 -1.392578
vt -0.345703 -1.105469
vt -0.158203 -1.392578
vt -0.158203 -1.105469
vt -0.033203 -1.392578
vt -0.158203 -0.609375
vt -0.251953 -0.515625
vt -0.345703 -0.609375
vt 1.0 0.5
vt 1.0 0.0
vt 1.03125 0.1875
vt 1.15625 0.03125
vt 1.5 0.0
vt 0.753906 -0.599609
vt 1.0 -0.599609
vt 1.0 -0.513672
vt 0.5 -0.513672
vt 1.0 -0.599609
vt 1.279297 -0.599609
vt 1.5 -0.513672
vt 1.0 -0.513672
vt 0.4375 -0.59375
vt 0.4375 -0.890625
vt 0.285156 -0.59375
vt 0.285156 -0.890625
vt 0.4375 -0.890625
vt 0.4375 -0.394531
vt 0.285156 -0.394531
vt 0.285156 -0.486328
vt 0.4375 -0.394531
vt 0.4375 -0.59375
vt 0.285156 -0.59375
vt 0.4375 -0.890625
vt 0.841797 -0.986328
vt 0.998047 -0.986328
vt 0.966797 -0.892578
vt 0.841797 -0.892578
vt 0.498047 -0.986328
vt 0.654297 -0.986328
vt 0.654297 -0.892578
vt 0.529297 -0.892578
vt -0.470703 -1.392578
vt -0.345703 -1.392578
vt -0.345703 -1.105469
vt -0.158203 -1.392578
vt -0.158203 -1.105469
vt -0.033203 -1.392578
vt -0.158203 -0.609375
vt -0.251953 -0.515625
vt -0.345703 -0.609375
vt 1.0 0.5
vt 1.0 0.0
vt 1.03125 0.1875
vt 1.15625 0.03125
vt 1.5 0.0
vt 0.5 -0.894531
vt 0.5 -0.597656
vt 0.0 -0.597656
vt 0.0 -0.894531
vt 0.5 -0.515625
vt 0.0 -0.515625
vt 0.5 -0.894531
vt 0.0 -0.894531
vt 0.0 -0.988281
vt 0.5 -0.988281
vt 0.0 5.0
vt 0.0 0.0
vt 5.0 0.0
vt 5.0 5.0
vt 0.753906 -0.599609
vt 1.0 -0.599609
vt 1.0 -0.513672
vt 0.5 -0.513672
vt 1.0 -0.599609
vt 1.279297 -0.599609
vt 1.5 -0.513672
vt 1.0 -0.513672
vt 0.4375 -0.59375
vt 0.4375 -0.890625
vt 0.285156 -0.59375
vt 0.285156 -0.890625
vt 0.4375 -0.890625
vt 0.4375 -0.394531
vt 0.285156 -0.394531
vt 0.285156 -0.486328
vt 0.4375 -0.394531
vt 0.4375 -0.59375
vt 0.285156 -0.59375
vt 0.4375 -0.890625
vt 0.841797 -0.986328
vt 0.998047 -0.986328
vt 0.966797 -0.892578
vt 0.841797 -0.892578
vt 0.498047 -0.986328
vt 0.654297 -0.986328
vt 0.654297 -0.892578
vt 0.529297 -0.892578
vt -0.470703 -1.392578
vt -0.345703 -1.392578
vt -0.345703 -1.105469
vt -0.158203 -1.392578
vt -0.158203 -1.105469
vt -0.033203 -1.392578
vt -0.158203 -0.609375
vt -0.251953 -0.515625
vt -0.345703 -0.609375
vt 1.0 0.5
vt 1.0 0.0
vt 1.03125 0.1875
vt 1.15625 0.03125
vt 1.5 0.0
vt 2.0 -0.894531
vt 2.0 -0.597656
vt 0.0 -0.597656
vt 0.0 -0.894531
vt 2.0 -0.515625
vt 0.0 -0.515625
vt 2.0 -0.894531
vt 0.0 -0.894531
vt 0.0 -0.988281
vt 2.0 -0.988281
vt 0.0 1.0
vt 0.0 0.0
vt 4.0 0.0
vt 4.0 1.0
vt 0.753906 -0.599609
vt 1.0 -0.599609
vt 1.0 -0.513672
vt 0.5 -0.513672
vt 1.0 -0.599609
vt 1.279297 -0.599609
vt 1.5 -0.513672
vt 1.0 -0.513672
vt 0.4375 -0.59375
vt 0.4375 -0.890625
vt 0.285156 -0.59375
vt 0.285156 -0.890625
vt 0.4375 -0.890625
vt 0.4375 -0.394531
vt 0.285156 -0.394531
vt 0.285156 -0.486328
vt 0.4375 -0.394531
vt 0.4375 -0.59375
vt 0.285156 -0.59375
vt 0.4375 -0.890625
vt 1.0 -0.894531
vt 1.0 -0.597656
vt 0.0 -0.597656
vt 0.0 -0.894531
vt 1.0 -0.515625
vt 0.0 -0.515625
vt 1.0 -0.894531
vt 0.0 -0.894531
vt 0.0 -0.988281
vt 1.0 -0.988281
vt 0.841797 -0.986328
vt 0.998047 -0.986328
vt 0.966797 -0.892578
vt 0.841797 -0.892578
vt 0.498047 -0.986328
vt 0.654297 -0.986328
vt 0.654297 -0.892578
vt 0.529297 -0.892578
vt -0.470703 -1.392578
vt -0.345703 -1.392578
vt -0.345703 -1.105469
vt -0.158203 -1.392578
vt -0.158203 -1.105469
vt -0.033203 -1.392578
vt -0.158203 -0.609375
vt -0.251953 -0.515625
vt -0.345703 -0.609375
vt 1.0 0.5
vt 1.0 0.0
vt 1.03125 0.1875
vt 1.15625 0.03125
vt 1.5 0.0
vt 1.5 -0.894531
vt 1.5 -0.597656
vt 0.0 -0.597656
vt 0.0 -0.894531
vt 1.5 -0.515625
vt 0.0 -0.515625
vt 1.5 -0.894531
vt 0.0 -0.894531
vt 0.0 -0.988281
vt 1.5 -0.988281
vt 0.0 1.0
vt 0.0 0.0
vt 3.0 0.0
vt 3.0 1.0
vt 0.0 3.0
vt 0.0 0.0
vt 3.0 0.0
vt 3.0 3.0
vt 1.5 -0.894531
vt 1.5 -0.597656
vt 0.0 -0.597656
vt 0.0 -0.894531
vt 1.5 -0.515625
vt 0.0 -0.515625
vt 1.5 -0.894531
vt 0.0 -0.894531
vt 0.0 -0.988281
vt 1.5 -0.988281
vt 0.0 3.0
vt 0.0 0.0
vt 3.0 0.0
vt 3.0 3.0
vt 0.0 3.0
vt 0.0 0.0
vt 2.0 0.0
vt 2.0 3.0
vt 0.0 1.0
vt 0.0 0.0
vt 1.0 0.0
vt 1.0 1.0
vt 3.75 -2.0E-6
vt 1.75 -2.0E-6
vt 3.75 2.000002
vt 1.75 2.000002
vt 3.75 1.999998
vt 1.75 1.999998
vt 3.75 4.000002
vt 1.75 4.000002
vt 3.75 6.000002
vt 1.75 6.000002
vt 3.75 3.999998
vt 1.75 3.999998
vt 3.75 8.000002
vt 1.75 8.000002
vt 3.75 5.999998
vt 1.75 5.999998
vt 5.75 -2.0E-6
vt 5.75 2.000002
vt 3.75 -2.0E-6
vt 3.75 2.000002
vt 3.75 1.999998
vt 3.75 4.000002
vt 5.75 1.999998
vt 5.75 4.000002
vt 5.75 3.999998
vt 3.75 6.000002
vt 3.75 3.999998
vt 5.75 6.000002
vt 3.75 8.000002
vt 5.75 5.999998
vt 5.75 8.000002
vt 3.75 5.999998
vt 7.75 -2.0E-6
vt 5.75 -2.0E-6
vt 7.75 2.000002
vt 5.75 2.000002
vt 7.75 1.999998
vt 5.75 1.999998
vt 7.75 4.000002
vt 5.75 4.000002
vt 7.75 3.999998
vt 5.75 3.999998
vt 7.75 6.000002
vt 5.75 6.000002
vt 7.75 5.999998
vt 5.75 5.999998
vt 7.75 8.000002
vt 5.75 8.000002
vt 7.75 -2.0E-6
vt 7.75 2.000002
vt 8.0 -2.0E-6
vt 8.0 2.000002
vt 8.0 1.999998
vt 8.0 4.000002
vt 7.75 1.999998
vt 7.75 4.000002
vt 7.75 3.999998
vt 8.0 6.000002
vt 8.0 3.999998
vt 7.75 6.000002
vt 8.0 8.000002
vt 7.75 5.999998
vt 7.75 8.000002
vt 8.0 5.999998
vn 0.0 0.0 1.0
vn 0.0 0.0 1.0
vn 0.0 0.0 1.0
vn 0.0 0.0 1.0
vn 0.0 0.0 1.0
vn 0.0 0.0 1.0
vn 0.0 0.0 1.0
vn 0.0 0.0 1.0
vn 0.0 0.0 1.0
vn 0.0 0.0 1.0
vn 0.0 0.0 1.0
vn 0.0 0.0 1.0
vn 0.0 0.0 1.0
vn 0.0 0.0 1.0
vn 0.0 0.0 1.0
vn 0.0 0.0 1.0
vn 0.0 0.0 1.0
vn 0.0 0.0 1.0
vn -1.0 0.0 -0.0
vn 1.0 0.0 0.0
vn 0.0 0.0 1.0
vn -1.0 0.0 -0.0
vn 1.0 0.0 0.0
vn 0.0 0.0 1.0
vn -1.0 0.0 -0.0
vn 1.0 0.0 0.0
vn 0.0 0.0 1.0
vn -1.0 0.0 -0.0
vn 1.0 0.0 0.0
vn 0.0 -0.0 1.0
vn -0.7071 -0.0 0.7072
vn 0.7071 -0.0 0.7071
vn -1.0 0.0 -0.0
vn 1.0 0.0 -0.0
vn 0.0 0.0 1.0
vn -1.0 0.0 -0.0
vn 1.0 0.0 0.0
vn 0.0 0.0 1.0
vn -1.0 0.0 -0.0
vn 1.0 0.0 0.0
vn 0.0 0.0 1.0
vn -1.0 0.0 -0.0
vn 1.0 0.0 0.0
vn 0.0 0.0 1.0
vn -1.0 0.0 -0.0
vn 1.0 0.0 0.0
vn 0.0 0.0 1.0
vn -1.0 0.0 -0.0
vn 1.0 0.0 0.0
vn 0.0 -0.0 1.0
vn -0.7071 -0.0 0.7072
vn 0.7071 -0.0 0.7071
vn -1.0 0.0 -0.0
vn 1.0 0.0 -0.0
vn -0.0189 -0.0 0.9998
vn -0.0188 -0.0 0.9998
vn 0.8321 0.0 0.5547
vn 0.7071 0.0 0.7071
vn 0.0 0.7071 0.7071
vn 0.1841 -0.0188 0.9827
vn 0.1841 -0.0187 0.9827
vn 0.7071 -0.0 0.7071
vn 0.8321 -0.0 0.5547
vn 0.0434 0.0 0.9991
vn -0.0 0.0189 0.9998
vn -0.0 0.0188 0.9998
vn 0.0 -0.8321 0.5547
vn 0.0 -0.7071 0.7071
vn 0.7071 -0.0 0.7071
vn -0.0188 -0.1841 0.9827
vn -0.0187 -0.1841 0.9827
vn -0.0189 -0.0 0.9998
vn -0.0188 -0.0 0.9998
vn 0.8321 0.0 0.5547
vn 0.7071 0.0 0.7071
vn 0.0 0.7071 0.7071
vn 0.1841 -0.0188 0.9827
vn 0.1841 -0.0187 0.9827
vn 0.7071 -0.0 0.7071
vn 0.8321 -0.0 0.5547
vn 0.0434 0.0 0.9991
vn 0.6947 0.0309 0.7186
vn 0.5609 0.5609 0.609
vn 0.028 0.7246 0.6886
vn 0.8515 0.0338 0.5233
vn -0.0025 0.844 0.5364
vn 0.0062 0.0149 0.9999
vn 0.7071 -0.0 0.7071
vn 0.8321 -0.0 0.5547
vn 0.0434 0.0 0.9991
vn -0.0 0.0189 0.9998
vn -0.0 0.0188 0.9998
vn 0.0 -0.8321 0.5547
vn 0.0 -0.7071 0.7071
vn 0.7071 -0.0 0.7071
vn -0.0188 -0.1841 0.9827
vn -0.0187 -0.1841 0.9827
vn 0.0309 -0.6947 0.7186
vn 0.5609 -0.5609 0.609
vn 0.7246 -0.028 0.6886
vn 0.0338 -0.8515 0.5233
vn 0.844 0.0025 0.5364
vn 0.0149 -0.0062 0.9999
vn 0.7071 -0.0 0.7071
vn 0.8321 -0.0 0.5547
vn 0.0434 0.0 0.9991
vn 0.7071 -0.0 0.7071
vn 0.8321 -0.0 0.5547
vn 0.0434 0.0 0.9991
vn 0.6947 0.0309 0.7186
vn 0.5609 0.5609 0.609
vn 0.028 0.7246 0.6886
vn 0.8515 0.0338 0.5233
vn -0.0025 0.844 0.5364
vn 0.0062 0.0149 0.9999
vn -0.0189 -0.0 0.9998
vn -0.0188 -0.0 0.9998
vn 0.8321 0.0 0.5547
vn 0.7071 0.0 0.7071
vn 0.0 0.7071 0.7071
vn 0.1841 -0.0188 0.9827
vn 0.1841 -0.0187 0.9827
vn 0.7071 -0.0 0.7071
vn 0.8321 -0.0 0.5547
vn 0.0434 0.0 0.9991
vn 0.0309 -0.6947 0.7186
vn 0.5609 -0.5609 0.609
vn 0.7246 -0.028 0.6886
vn 0.0338 -0.8515 0.5233
vn 0.844 0.0025 0.5364
vn 0.0149 -0.0062 0.9999
vn 0.7071 -0.0 0.7071
vn 0.8321 -0.0 0.5547
vn 0.0434 0.0 0.9991
vn 0.7071 -0.0 0.7071
vn 0.8321 -0.0 0.5547
vn 0.0434 0.0 0.9991
vn 0.7071 -0.0 0.7071
vn 0.8321 -0.0 0.5547
vn 0.0434 0.0 0.9991
vn 0.6947 0.0309 0.7186
vn 0.5609 0.5609 0.609
vn 0.028 0.7246 0.6886
vn 0.8515 0.0338 0.5233
vn -0.0025 0.844 0.5364
vn 0.0062 0.0149 0.9999
vn 0.0 -0.0 1.0
vn 0.0 -0.0 1.0
vn 0.0 -0.0 1.0
vn 0.0 -0.0 1.0
vn 0.0 -0.0 1.0
vn 0.0 -0.0 1.0
vn 0.0 -0.0 1.0
vn 0.0 -0.0 1.0
vn 0.0 -0.0 1.0
vn 0.0 -0.0 1.0
vn 0.0 -0.0 1.0
vn 0.0 -0.0 1.0
vn 0.0 -0.0 1.0
vn 0.0 -0.0 1.0
vn 0.0 -0.0 1.0
vn 0.0 -0.0 1.0
vn 0.0 -0.0 1.0
vn 0.0 -0.0 1.0
vn 0.0 -0.0 1.0
vn 0.0 -0.0 1.0
vn 0.0 -0.0 1.0
vn 0.0 -0.0 1.0
vn 0.0 -0.0 1.0
vn 0.0 -0.0 1.0
vn 0.0 -0.0 1.0
vn 0.0 -0.0 1.0
vn 0.0 -0.0 1.0
vn 0.0 -0.0 1.0
vn 0.0 -0.0 1.0
vn 0.0 -0.0 1.0
vn 0.0 -0.0 1.0
vn 0.0 -0.0 1.0
vn 0.0 -0.0 1.0
vn 0.0 -0.0 1.0
vn 0.0 -0.0 1.0
vn 0.0 -0.0 1.0
vn 0.0 -0.0 1.0
vn 0.0 -0.0 1.0
vn 0.0 -0.0 1.0
vn 0.0 -0.0 1.0
vn 0.0 -0.0 1.0
vn 0.0 -0.0 1.0
vn 0.0 -0.0 1.0
vn -0.9371 -0.0 0.3492
vn -0.6885 -0.6193 0.3775
vn -0.7069 -0.5992 0.3759
vn -0.441 -0.882 0.1664
vn -0.7456 -0.6447 0.1685
vn -0.7372 -0.6542 0.1688
vn 0.4547 0.8794 0.1415
vn -0.7372 0.6542 0.1688
vn -0.9351 0.3228 0.1466
vn -0.7456 0.6447 0.1685
vn -0.4151 -0.8301 0.3724
vn -0.441 0.882 0.1664
vn -0.9351 -0.3228 0.1466
vn -0.8916 0.3078 0.3322
vn 0.7978 -0.5292 0.2889
vn 0.7037 -0.6624 0.2571
vn 0.7168 -0.6464 0.2615
vn 0.4405 -0.8822 0.1664
vn 0.8737 0.3226 0.3643
vn 0.8033 0.0069 0.5955
vn 0.726 -0.1431 0.6726
vn 0.2944 -0.5903 0.7516
vn -0.2951 -0.5902 0.7514
vn -0.5171 -0.4073 0.7528
vn -0.4814 -0.4417 0.7571
vn -0.6685 -0.2307 0.707
vn 0.8323 -0.1484 0.534
vn 0.6669 0.1958 0.719
vn 0.6255 0.2526 0.7382
vn 0.2821 0.58 0.7642
vn -0.2091 0.4183 0.8839
vn 0.8606 0.3364 0.3823
vn 0.4311 0.8069 0.4038
vn -0.6685 0.2307 0.707
vn 0.2695 0.9361 0.2259
vn 0.4142 -0.8305 0.3725
vn 0.934 0.3541 0.0472
vn 0.0 0.0 1.0
vn -0.9371 -0.0 0.3492
vn -0.6885 -0.6193 0.3775
vn -0.7069 -0.5992 0.3759
vn -0.441 -0.882 0.1664
vn -0.7456 -0.6447 0.1685
vn -0.7372 -0.6542 0.1688
vn 0.4547 0.8794 0.1415
vn -0.7372 0.6542 0.1688
vn -0.9351 0.3228 0.1466
vn -0.7456 0.6447 0.1685
vn -0.4151 -0.8301 0.3724
vn -0.441 0.882 0.1664
vn -0.9351 -0.3228 0.1466
vn -0.8916 0.3078 0.3322
vn 0.7978 -0.5292 0.2889
vn 0.7037 -0.6624 0.2571
vn 0.7168 -0.6464 0.2615
vn 0.4405 -0.8822 0.1664
vn 0.8737 0.3226 0.3643
vn 0.8033 0.0069 0.5955
vn 0.726 -0.1431 0.6726
vn 0.2944 -0.5903 0.7516
vn -0.2951 -0.5902 0.7514
vn -0.5171 -0.4073 0.7528
vn -0.4814 -0.4417 0.7571
vn -0.6685 -0.2307 0.707
vn 0.8323 -0.1484 0.534
vn 0.6669 0.1958 0.719
vn 0.6255 0.2526 0.7382
vn 0.2821 0.58 0.7642
vn -0.2091 0.4183 0.8839
vn 0.8606 0.3364 0.3823
vn 0.4311 0.8069 0.4038
vn -0.6685 0.2307 0.707
vn 0.2695 0.9361 0.2259
vn 0.4142 -0.8305 0.3725
vn 0.934 0.3541 0.0472
vn 0.0 0.0 1.0
vn 0.0 -0.0 1.0
vn 0.0 -0.0 1.0
vn 0.0 -0.0 1.0
vn 0.0 -0.0 1.0
vn 0.0 -0.0 1.0
vn 0.0 -0.0 1.0
vn 0.0 -0.0 1.0
vn 0.0 -0.0 1.0
vn 0.0 -0.9371 0.3492
vn 0.6193 -0.6885 0.3775
vn 0.5992 -0.7069 0.3759
vn 0.882 -0.441 0.1664
vn 0.6447 -0.7456 0.1685
vn 0.6542 -0.7372 0.1688
vn -0.8794 0.4547 0.1415
vn -0.6542 -0.7372 0.1688
vn -0.3228 -0.9351 0.1466
vn -0.6447 -0.7456 0.1685
vn 0.8301 -0.4151 0.3724
vn -0.882 -0.441 0.1664
vn 0.3228 -0.9351 0.1466
vn -0.3078 -0.8916 0.3322
vn 0.5292 0.7978 0.2889
vn 0.6624 0.7037 0.2571
vn 0.6464 0.7168 0.2615
vn 0.8822 0.4405 0.1664
vn -0.3226 0.8737 0.3643
vn -0.0069 0.8033 0.5955
vn 0.1431 0.726 0.6726
vn 0.5903 0.2944 0.7516
vn 0.5902 -0.2951 0.7514
vn 0.4073 -0.5171 0.7528
vn 0.4417 -0.4814 0.7571
vn 0.2307 -0.6685 0.707
vn 0.1484 0.8323 0.534
vn -0.1958 0.6669 0.719
vn -0.2526 0.6255 0.7382
vn -0.58 0.2821 0.7642
vn -0.4183 -0.2091 0.8839
vn -0.3364 0.8606 0.3823
vn -0.8069 0.4311 0.4038
vn -0.2307 -0.6685 0.707
vn -0.9361 0.2695 0.2259
vn 0.8305 0.4142 0.3725
vn -0.3541 0.934 0.0472
vn -0.0 0.0 1.0
vn 0.0 -0.0 1.0
vn 0.0 -0.0 1.0
vn 0.0 -0.0 1.0
vn 0.0 -0.0 1.0
vn 0.0 -0.0 1.0
vn 0.0 -0.0 1.0
vn 0.0 -0.0 1.0
vn 0.0 -0.0 1.0
vn 0.0 -0.0 1.0
vn 0.0 -0.0 1.0
vn 0.0 -0.0 1.0
vn 0.0 -0.0 1.0
vn 0.0 -0.0 1.0
vn 0.0 -0.9371 0.3492
vn 0.6193 -0.6885 0.3775
vn 0.5992 -0.7069 0.3759
vn 0.882 -0.441 0.1664
vn 0.6447 -0.7456 0.1685
vn 0.6542 -0.7372 0.1688
vn -0.8794 0.4547 0.1415
vn -0.6542 -0.7372 0.1688
vn -0.3228 -0.9351 0.1466
vn -0.6447 -0.7456 0.1685
vn 0.8301 -0.4151 0.3724
vn -0.882 -0.441 0.1664
vn 0.3228 -0.9351 0.1466
vn -0.3078 -0.8916 0.3322
vn 0.5292 0.7978 0.2889
vn 0.6624 0.7037 0.2571
vn 0.6464 0.7168 0.2615
vn 0.8822 0.4405 0.1664
vn -0.3226 0.8737 0.3643
vn -0.0069 0.8033 0.5955
vn 0.1431 0.726 0.6726
vn 0.5903 0.2944 0.7516
vn 0.5902 -0.2951 0.7514
vn 0.4073 -0.5171 0.7528
vn 0.4417 -0.4814 0.7571
vn 0.2307 -0.6685 0.707
vn 0.1484 0.8323 0.534
vn -0.1958 0.6669 0.719
vn -0.2526 0.6255 0.7382
vn -0.58 0.2821 0.7642
vn -0.4183 -0.2091 0.8839
vn -0.3364 0.8606 0.3823
vn -0.8069 0.4311 0.4038
vn -0.2307 -0.6685 0.707
vn -0.9361 0.2695 0.2259
vn 0.8305 0.4142 0.3725
vn -0.3541 0.934 0.0472
vn -0.0 0.0 1.0
vn 0.0 -0.0 1.0
vn 0.0 -0.9371 0.3492
vn 0.6193 -0.6885 0.3775
vn 0.5992 -0.7069 0.3759
vn 0.882 -0.441 0.1664
vn 0.6447 -0.7456 0.1685
vn 0.6542 -0.7372 0.1688
vn -0.8794 0.4547 0.1415
vn -0.6542 -0.7372 0.1688
vn -0.3228 -0.9351 0.1466
vn -0.6447 -0.7456 0.1685
vn 0.8301 -0.4151 0.3724
vn -0.882 -0.441 0.1664
vn 0.3228 -0.9351 0.1466
vn -0.3078 -0.8916 0.3322
vn 0.5292 0.7978 0.2889
vn 0.6624 0.7037 0.2571
vn 0.6464 0.7168 0.2615
vn 0.8822 0.4405 0.1664
vn -0.3226 0.8737 0.3643
vn -0.0069 0.8033 0.5955
vn 0.1431 0.726 0.6726
vn 0.5903 0.2944 0.7516
vn 0.5902 -0.2951 0.7514
vn 0.4073 -0.5171 0.7528
vn 0.4417 -0.4814 0.7571
vn 0.2307 -0.6685 0.707
vn 0.1484 0.8323 0.534
vn -0.1958 0.6669 0.719
vn -0.2526 0.6255 0.7382
vn -0.58 0.2821 0.7642
vn -0.4183 -0.2091 0.8839
vn -0.3364 0.8606 0.3823
vn -0.8069 0.4311 0.4038
vn -0.2307 -0.6685 0.707
vn -0.9361 0.2695 0.2259
vn 0.8305 0.4142 0.3725
vn -0.3541 0.934 0.0472
vn -0.0 0.0 1.0
vn 0.0 -0.0 1.0
vn 0.0 -0.0 1.0
vn 0.0 -0.0 1.0
vn 0.0 -0.0 1.0
vn 0.0 -0.0 1.0
vn 0.0 -0.0 1.0
vn 0.0 -0.0 1.0
vn 0.0 -0.0 1.0
vn 0.0 -0.0 1.0
vn -0.9371 -0.0 0.3492
vn -0.6885 -0.6193 0.3775
vn -0.7069 -0.5992 0.3759
vn -0.441 -0.882 0.1664
vn -0.7456 -0.6447 0.1685
vn -0.7372 -0.6542 0.1688
vn 0.4547 0.8794 0.1415
vn -0.7372 0.6542 0.1688
vn -0.9351 0.3228 0.1466
vn -0.7456 0.6447 0.1685
vn -0.4151 -0.8301 0.3724
vn -0.441 0.882 0.1664
vn -0.9351 -0.3228 0.1466
vn -0.8916 0.3078 0.3322
vn 0.7978 -0.5292 0.2889
vn 0.7037 -0.6624 0.2571
vn 0.7168 -0.6464 0.2615
vn 0.4405 -0.8822 0.1664
vn 0.8737 0.3226 0.3643
vn 0.8033 0.0069 0.5955
vn 0.726 -0.1431 0.6726
vn 0.2944 -0.5903 0.7516
vn -0.2951 -0.5902 0.7514
vn -0.5171 -0.4073 0.7528
vn -0.4814 -0.4417 0.7571
vn -0.6685 -0.2307 0.707
vn 0.8323 -0.1484 0.534
vn 0.6669 0.1958 0.719
vn 0.6255 0.2526 0.7382
vn 0.2821 0.58 0.7642
vn -0.2091 0.4183 0.8839
vn 0.8606 0.3364 0.3823
vn 0.4311 0.8069 0.4038
vn -0.6685 0.2307 0.707
vn 0.2695 0.9361 0.2259
vn 0.4142 -0.8305 0.3725
vn 0.934 0.3541 0.0472
vn 0.0 0.0 1.0
vn -0.9371 -0.0 0.3492
vn -0.6885 -0.6193 0.3775
vn -0.7069 -0.5992 0.3759
vn -0.441 -0.882 0.1664
vn -0.7456 -0.6447 0.1685
vn -0.7372 -0.6542 0.1688
vn 0.4547 0.8794 0.1415
vn -0.7372 0.6542 0.1688
vn -0.9351 0.3228 0.1466
vn -0.7456 0.6447 0.1685
vn -0.4151 -0.8301 0.3724
vn -0.441 0.882 0.1664
vn -0.9351 -0.3228 0.1466
vn -0.8916 0.3078 0.3322
vn 0.7978 -0.5292 0.2889
vn 0.7037 -0.6624 0.2571
vn 0.7168 -0.6464 0.2615
vn 0.4405 -0.8822 0.1664
vn 0.8737 0.3226 0.3643
vn 0.8033 0.0069 0.5955
vn 0.726 -0.1431 0.6726
vn 0.2944 -0.5903 0.7516
vn -0.2951 -0.5902 0.7514
vn -0.5171 -0.4073 0.7528
vn -0.4814 -0.4417 0.7571
vn -0.6685 -0.2307 0.707
vn 0.8323 -0.1484 0.534
vn 0.6669 0.1958 0.719
vn 0.6255 0.2526 0.7382
vn 0.2821 0.58 0.7642
vn -0.2091 0.4183 0.8839
vn 0.8606 0.3364 0.3823
vn 0.4311 0.8069 0.4038
vn -0.6685 0.2307 0.707
vn 0.2695 0.9361 0.2259
vn 0.4142 -0.8305 0.3725
vn 0.934 0.3541 0.0472
vn 0.0 0.0 1.0
vn 0.0 -0.0 1.0
vn 0.0 -0.0 1.0
vn 0.0 -0.0 1.0
vn 0.0 -0.0 1.0
vn 0.7071 0.0 0.7071
vn 0.5258 0.0 0.8506
vn 0.0 -0.0 1.0
vn 0.426 0.0 0.9047
vn 0.7071 0.0 0.7071
vn 0.5258 0.0 0.8506
vn 0.0 -0.0 1.0
vn 0.426 0.0 0.9047
vn 0.7071 0.0 0.7071
vn 0.5258 0.0 0.8506
vn 0.0 -0.0 1.0
vn 0.426 0.0 0.9047
vn 0.7071 0.0 0.7071
vn 0.5258 0.0 0.8506
vn 0.0 -0.0 1.0
vn 0.426 0.0 0.9047
vn 0.0 -0.0 1.0
vn 0.0 -0.0 1.0
vn 0.0 -0.0 1.0
vn 0.0 -0.0 1.0
vn 0.7071 0.0 0.7071
vn 0.5258 0.0 0.8506
vn 0.0 -0.0 1.0
vn 0.426 0.0 0.9047
vn 0.3865 -0.3865 0.8374
vn -0.0 -0.526 0.8505
vn -0.0 -0.0 1.0
vn 0.526 0.0 0.8505
vn 0.5259 0.0 0.8505
vn 0.6425 -0.3262 0.6934
vn 0.4629 -0.4629 0.7559
vn 0.3262 -0.6426 0.6933
vn 0.3262 -0.6426 0.6934
vn 0.6426 -0.3262 0.6934
vn -0.0 -0.5259 0.8505
vn 0.0 -0.0 1.0
vn 0.0 -0.0 1.0
vn 0.3865 0.3865 0.8374
vn 0.526 -0.0 0.8505
vn 0.0 -0.0 1.0
vn -0.0 0.526 0.8505
vn -0.0 0.5259 0.8505
vn 0.3262 0.6425 0.6934
vn 0.4629 0.4629 0.7559
vn 0.6426 0.3262 0.6933
vn 0.6426 0.3262 0.6934
vn 0.3262 0.6426 0.6934
vn 0.5259 -0.0 0.8505
vn 0.7071 0.0 0.7071
vn 0.5258 0.0 0.8506
vn 0.0 -0.0 1.0
vn 0.426 0.0 0.9047
vn 0.0 -0.0 1.0
vn 0.1651 -0.0808 0.983
vn 0.2269 -0.0178 0.9738
vn 0.6983 -0.0558 0.7136
vn 0.5641 -0.3474 0.7491
vn 0.0679 -0.1819 0.981
vn 0.0657 -0.1788 0.9817
vn 0.2295 -0.5999 0.7665
vn 0.0672 -0.6978 0.7132
vn 0.0644 -0.6948 0.7163
vn 0.2303 -0.6012 0.7652
vn 0.3262 -0.6426 0.6933
vn 0.5703 -0.3477 0.7442
vn 0.5665 -0.25 0.7852
vn 0.6961 -0.0567 0.7157
vn -0.0 0.0 1.0
vn 0.3262 -0.6425 0.6933
vn 0.7071 0.0 0.7071
vn 0.5258 0.0 0.8506
vn 0.0 -0.0 1.0
vn 0.426 0.0 0.9047
vn 0.7071 0.0 0.7071
vn 0.5258 0.0 0.8506
vn 0.0 -0.0 1.0
vn 0.426 0.0 0.9047
vn 0.0808 0.1651 0.983
vn 0.0178 0.2269 0.9738
vn 0.0558 0.6983 0.7136
vn 0.3474 0.5641 0.7491
vn 0.1819 0.0679 0.981
vn 0.1788 0.0657 0.9817
vn 0.5999 0.2295 0.7665
vn 0.6978 0.0672 0.7132
vn 0.6948 0.0644 0.7163
vn 0.6012 0.2303 0.7652
vn 0.6426 0.3262 0.6933
vn 0.3477 0.5703 0.7442
vn 0.25 0.5665 0.7852
vn 0.0567 0.6961 0.7157
vn -0.0 -0.0 1.0
vn 0.6425 0.3262 0.6933
vn 0.0 -0.0 1.0
vn 0.0 -0.0 1.0
vn 0.0 -0.0 1.0
vn 0.0 -0.0 1.0
vn 0.3865 0.3865 0.8374
vn 0.526 -0.0 0.8505
vn 0.0 -0.0 1.0
vn -0.0 0.526 0.8505
vn -0.0 0.5259 0.8505
vn 0.3262 0.6425 0.6934
vn 0.4629 0.4629 0.7559
vn 0.6426 0.3262 0.6933
vn 0.6426 0.3262 0.6934
vn 0.3262 0.6426 0.6934
vn 0.5259 -0.0 0.8505
vn 0.7071 0.0 0.7071
vn 0.5258 0.0 0.8506
vn 0.0 -0.0 1.0
vn 0.426 0.0 0.9047
vn 0.3865 -0.3865 0.8374
vn -0.0 -0.526 0.8505
vn -0.0 -0.0 1.0
vn 0.526 0.0 0.8505
vn 0.5259 0.0 0.8505
vn 0.6425 -0.3262 0.6934
vn 0.4629 -0.4629 0.7559
vn 0.3262 -0.6426 0.6933
vn 0.3262 -0.6426 0.6934
vn 0.6426 -0.3262 0.6934
vn -0.0 -0.5259 0.8505
vn 0.0 -0.0 1.0
vn 0.3865 0.3865 0.8374
vn 0.526 -0.0 0.8505
vn 0.0 -0.0 1.0
vn -0.0 0.526 0.8505
vn -0.0 0.5259 0.8505
vn 0.3262 0.6425 0.6934
vn 0.4629 0.4629 0.7559
vn 0.6426 0.3262 0.6933
vn 0.6426 0.3262 0.6934
vn 0.3262 0.6426 0.6934
vn 0.5259 -0.0 0.8505
vn 0.7071 0.0 0.7071
vn 0.5258 0.0 0.8506
vn 0.0 -0.0 1.0
vn 0.426 0.0 0.9047
vn 0.0 -0.0 1.0
vn 0.0 -0.0 1.0
vn 0.0 -0.0 1.0
vn 0.3865 0.3865 0.8374
vn 0.526 -0.0 0.8505
vn 0.0 -0.0 1.0
vn -0.0 0.526 0.8505
vn -0.0 0.5259 0.8505
vn 0.3262 0.6425 0.6934
vn 0.4629 0.4629 0.7559
vn 0.6426 0.3262 0.6933
vn 0.6426 0.3262 0.6934
vn 0.3262 0.6426 0.6934
vn 0.5259 -0.0 0.8505
vn 0.7071 0.0 0.7071
vn 0.5258 0.0 0.8506
vn 0.0 -0.0 1.0
vn 0.426 0.0 0.9047
vn 0.0808 0.1651 0.983
vn 0.0178 0.2269 0.9738
vn 0.0558 0.6983 0.7136
vn 0.3474 0.5641 0.7491
vn 0.1819 0.0679 0.981
vn 0.1788 0.0657 0.9817
vn 0.5999 0.2295 0.7665
vn 0.6978 0.0672 0.7132
vn 0.6948 0.0644 0.7163
vn 0.6012 0.2303 0.7652
vn 0.6426 0.3262 0.6933
vn 0.3477 0.5703 0.7442
vn 0.25 0.5665 0.7852
vn 0.0567 0.6961 0.7157
vn -0.0 -0.0 1.0
vn 0.6425 0.3262 0.6933
vn 0.0 -0.0 1.0
vn 0.1651 -0.0808 0.983
vn 0.2269 -0.0178 0.9738
vn 0.6983 -0.0558 0.7136
vn 0.5641 -0.3474 0.7491
vn 0.0679 -0.1819 0.981
vn 0.0657 -0.1788 0.9817
vn 0.2295 -0.5999 0.7665
vn 0.0672 -0.6978 0.7132
vn 0.0644 -0.6948 0.7163
vn 0.2303 -0.6012 0.7652
vn 0.3262 -0.6426 0.6933
vn 0.5703 -0.3477 0.7442
vn 0.5665 -0.25 0.7852
vn 0.6961 -0.0567 0.7157
vn -0.0 0.0 1.0
vn 0.3262 -0.6425 0.6933
vn 0.7071 0.0 0.7071
vn 0.5258 0.0 0.8506
vn 0.0 -0.0 1.0
vn 0.426 0.0 0.9047
vn 0.0808 0.1651 0.983
vn 0.0178 0.2269 0.9738
vn 0.0558 0.6983 0.7136
vn 0.3474 0.5641 0.7491
vn 0.1819 0.0679 0.981
vn 0.1788 0.0657 0.9817
vn 0.5999 0.2295 0.7665
vn 0.6978 0.0672 0.7132
vn 0.6948 0.0644 0.7163
vn 0.6012 0.2303 0.7652
vn 0.6426 0.3262 0.6933
vn 0.3477 0.5703 0.7442
vn 0.25 0.5665 0.7852
vn 0.0567 0.6961 0.7157
vn -0.0 -0.0 1.0
vn 0.6425 0.3262 0.6933
vn 0.0 -0.0 1.0
vn -0.0 0.7071 0.7071
vn -0.0 0.5258 0.8506
vn 0.0 0.0 1.0
vn -0.0 0.426 0.9047
vn 0.0 -0.0 1.0
vn 0.0 -0.0 1.0
vn 0.0 -0.0 1.0
vn 0.0 -0.0 1.0
vn -0.7071 -0.0 0.7071
vn -0.5258 -0.0 0.8506
vn -0.0 0.0 1.0
vn -0.426 -0.0 0.9047
vn -0.1651 0.0808 0.983
vn -0.2269 0.0178 0.9738
vn -0.6983 0.0558 0.7136
vn -0.5641 0.3474 0.7491
vn -0.0679 0.1819 0.981
vn -0.0657 0.1788 0.9817
vn -0.2295 0.5999 0.7665
vn -0.0672 0.6978 0.7132
vn -0.0644 0.6948 0.7163
vn -0.2303 0.6012 0.7652
vn -0.3262 0.6426 0.6933
vn -0.5703 0.3477 0.7442
vn -0.5665 0.25 0.7852
vn -0.6961 0.0567 0.7157
vn 0.0 -0.0 1.0
vn -0.3262 0.6425 0.6933
vn 0.0 -0.0 1.0
vn 0.3865 0.3865 0.8374
vn 0.526 -0.0 0.8505
vn 0.0 -0.0 1.0
vn -0.0 0.526 0.8505
vn -0.0 0.5259 0.8505
vn 0.3262 0.6425 0.6934
vn 0.4629 0.4629 0.7559
vn 0.6426 0.3262 0.6933
vn 0.6426 0.3262 0.6934
vn 0.3262 0.6426 0.6934
vn 0.5259 -0.0 0.8505
vn 0.7071 0.0 0.7071
vn 0.5258 0.0 0.8506
vn 0.0 -0.0 1.0
vn 0.426 0.0 0.9047
vn 0.0808 0.1651 0.983
vn 0.0178 0.2269 0.9738
vn 0.0558 0.6983 0.7136
vn 0.3474 0.5641 0.7491
vn 0.1819 0.0679 0.981
vn 0.1788 0.0657 0.9817
vn 0.5999 0.2295 0.7665
vn 0.6978 0.0672 0.7132
vn 0.6948 0.0644 0.7163
vn 0.6012 0.2303 0.7652
vn 0.6426 0.3262 0.6933
vn 0.3477 0.5703 0.7442
vn 0.25 0.5665 0.7852
vn 0.0567 0.6961 0.7157
vn -0.0 -0.0 1.0
vn 0.6425 0.3262 0.6933
vn 0.0 -0.0 1.0
vn -0.0 0.7071 0.7071
vn -0.0 0.5258 0.8506
vn 0.0 0.0 1.0
vn -0.0 0.426 0.9047
vn -0.0 0.7071 0.7071
vn -0.0 0.5258 0.8506
vn 0.0 0.0 1.0
vn -0.0 0.426 0.9047
vn 0.0 -0.0 1.0
vn -0.3865 0.3865 0.8374
vn 0.0 0.526 0.8505
vn 0.0 0.0 1.0
vn -0.526 -0.0 0.8505
vn -0.5259 -0.0 0.8505
vn -0.6425 0.3262 0.6934
vn -0.4629 0.4629 0.7559
vn -0.3262 0.6426 0.6933
vn -0.3262 0.6426 0.6934
vn -0.6426 0.3262 0.6934
vn 0.0 0.5259 0.8505
vn -0.7071 -0.0 0.7071
vn -0.5258 -0.0 0.8506
vn -0.0 0.0 1.0
vn -0.426 -0.0 0.9047
vn -0.1651 0.0808 0.983
vn -0.2269 0.0178 0.9738
vn -0.6983 0.0558 0.7136
vn -0.5641 0.3474 0.7491
vn -0.0679 0.1819 0.981
vn -0.0657 0.1788 0.9817
vn -0.2295 0.5999 0.7665
vn -0.0672 0.6978 0.7132
vn -0.0644 0.6948 0.7163
vn -0.2303 0.6012 0.7652
vn -0.3262 0.6426 0.6933
vn -0.5703 0.3477 0.7442
vn -0.5665 0.25 0.7852
vn -0.6961 0.0567 0.7157
vn 0.0 -0.0 1.0
vn -0.3262 0.6425 0.6933
vn 0.0 -0.0 1.0
vn 0.0 -0.0 1.0
vn 0.0 -0.0 1.0
vn -0.0 0.7071 0.7071
vn -0.0 0.5258 0.8506
vn 0.0 0.0 1.0
vn -0.0 0.426 0.9047
vn 0.3865 0.3865 0.8374
vn 0.526 -0.0 0.8505
vn 0.0 -0.0 1.0
vn -0.0 0.526 0.8505
vn -0.0 0.5259 0.8505
vn 0.3262 0.6425 0.6934
vn 0.4629 0.4629 0.7559
vn 0.6426 0.3262 0.6933
vn 0.6426 0.3262 0.6934
vn 0.3262 0.6426 0.6934
vn 0.5259 -0.0 0.8505
vn 0.7071 0.0 0.7071
vn 0.5258 0.0 0.8506
vn 0.0 -0.0 1.0
vn 0.426 0.0 0.9047
vn 0.3865 0.3865 0.8374
vn 0.526 -0.0 0.8505
vn 0.0 -0.0 1.0
vn -0.0 0.526 0.8505
vn -0.0 0.5259 0.8505
vn 0.3262 0.6425 0.6934
vn 0.4629 0.4629 0.7559
vn 0.6426 0.3262 0.6933
vn 0.6426 0.3262 0.6934
vn 0.3262 0.6426 0.6934
vn 0.5259 -0.0 0.8505
vn 0.0808 0.1651 0.983
vn 0.0178 0.2269 0.9738
vn 0.0558 0.6983 0.7136
vn 0.3474 0.5641 0.7491
vn 0.1819 0.0679 0.981
vn 0.1788 0.0657 0.9817
vn 0.5999 0.2295 0.7665
vn 0.6978 0.0672 0.7132
vn 0.6948 0.0644 0.7163
vn 0.6012 0.2303 0.7652
vn 0.6426 0.3262 0.6933
vn 0.3477 0.5703 0.7442
vn 0.25 0.5665 0.7852
vn 0.0567 0.6961 0.7157
vn -0.0 -0.0 1.0
vn 0.6425 0.3262 0.6933
vn 0.3865 0.3865 0.8374
vn 0.526 -0.0 0.8505
vn 0.0 -0.0 1.0
vn -0.0 0.526 0.8505
vn -0.0 0.5259 0.8505
vn 0.3262 0.6425 0.6934
vn 0.4629 0.4629 0.7559
vn 0.6426 0.3262 0.6933
vn 0.6426 0.3262 0.6934
vn 0.3262 0.6426 0.6934
vn 0.5259 -0.0 0.8505
vn 0.7071 0.0 0.7071
vn 0.5258 0.0 0.8506
vn 0.0 -0.0 1.0
vn 0.426 0.0 0.9047
vn 0.0808 0.1651 0.983
vn 0.0178 0.2269 0.9738
vn 0.0558 0.6983 0.7136
vn 0.3474 0.5641 0.7491
vn 0.1819 0.0679 0.981
vn 0.1788 0.0657 0.9817
vn 0.5999 0.2295 0.7665
vn 0.6978 0.0672 0.7132
vn 0.6948 0.0644 0.7163
vn 0.6012 0.2303 0.7652
vn 0.6426 0.3262 0.6933
vn 0.3477 0.5703 0.7442
vn 0.25 0.5665 0.7852
vn 0.0567 0.6961 0.7157
vn -0.0 -0.0 1.0
vn 0.6425 0.3262 0.6933
vn 0.0 -0.0 1.0
vn -0.1651 0.0808 0.983
vn -0.2269 0.0178 0.9738
vn -0.6983 0.0558 0.7136
vn -0.5641 0.3474 0.7491
vn -0.0679 0.1819 0.981
vn -0.0657 0.1788 0.9817
vn -0.2295 0.5999 0.7665
vn -0.0672 0.6978 0.7132
vn -0.0644 0.6948 0.7163
vn -0.2303 0.6012 0.7652
vn -0.3262 0.6426 0.6933
vn -0.5703 0.3477 0.7442
vn -0.5665 0.25 0.7852
vn -0.6961 0.0567 0.7157
vn 0.0 -0.0 1.0
vn -0.3262 0.6425 0.6933
vn 0.0 -0.0 1.0
vn 0.0 -0.0 1.0
vn 0.0 -0.0 1.0
vn -0.0 0.7071 0.7071
vn -0.0 0.5258 0.8506
vn 0.0 0.0 1.0
vn -0.0 0.426 0.9047
vn 0.0 -0.0 1.0
vn 0.0 -0.0 1.0
vn -0.0 0.7071 0.7071
vn -0.0 0.5258 0.8506
vn 0.0 0.0 1.0
vn -0.0 0.426 0.9047
vn 0.0 -0.0 1.0
vn -0.0 0.7071 0.7071
vn -0.0 0.5258 0.8506
vn 0.0 0.0 1.0
vn -0.0 0.426 0.9047
vn 0.0 -0.0 1.0
vn 0.0 -0.0 1.0
vn 0.3865 0.3865 0.8374
vn 0.526 -0.0 0.8505
vn 0.0 -0.0 1.0
vn -0.0 0.526 0.8505
vn -0.0 0.5259 0.8505
vn 0.3262 0.6425 0.6934
vn 0.4629 0.4629 0.7559
vn 0.6426 0.3262 0.6933
vn 0.6426 0.3262 0.6934
vn 0.3262 0.6426 0.6934
vn 0.5259 -0.0 0.8505
vn 0.7071 0.0 0.7071
vn 0.5258 0.0 0.8506
vn 0.0 -0.0 1.0
vn 0.426 0.0 0.9047
vn 0.0808 0.1651 0.983
vn 0.0178 0.2269 0.9738
vn 0.0558 0.6983 0.7136
vn 0.3474 0.5641 0.7491
vn 0.1819 0.0679 0.981
vn 0.1788 0.0657 0.9817
vn 0.5999 0.2295 0.7665
vn 0.6978 0.0672 0.7132
vn 0.6948 0.0644 0.7163
vn 0.6012 0.2303 0.7652
vn 0.6426 0.3262 0.6933
vn 0.3477 0.5703 0.7442
vn 0.25 0.5665 0.7852
vn 0.0567 0.6961 0.7157
vn -0.0 -0.0 1.0
vn 0.6425 0.3262 0.6933
vn 0.3865 0.3865 0.8374
vn 0.526 -0.0 0.8505
vn 0.0 -0.0 1.0
vn -0.0 0.526 0.8505
vn -0.0 0.5259 0.8505
vn 0.3262 0.6425 0.6934
vn 0.4629 0.4629 0.7559
vn 0.6426 0.3262 0.6933
vn 0.6426 0.3262 0.6934
vn 0.3262 0.6426 0.6934
vn 0.5259 -0.0 0.8505
vn 0.0808 0.1651 0.983
vn 0.0178 0.2269 0.9738
vn 0.0558 0.6983 0.7136
vn 0.3474 0.5641 0.7491
vn 0.1819 0.0679 0.981
vn 0.1788 0.0657 0.9817
vn 0.5999 0.2295 0.7665
vn 0.6978 0.0672 0.7132
vn 0.6948 0.0644 0.7163
vn 0.6012 0.2303 0.7652
vn 0.6426 0.3262 0.6933
vn 0.3477 0.5703 0.7442
vn 0.25 0.5665 0.7852
vn 0.0567 0.6961 0.7157
vn -0.0 -0.0 1.0
vn 0.6425 0.3262 0.6933
vn -0.0 0.7071 0.7071
vn -0.0 0.5258 0.8506
vn 0.0 0.0 1.0
vn -0.0 0.426 0.9047
vn 0.0 -0.0 1.0
vn 0.3865 0.3865 0.8374
vn 0.526 -0.0 0.8505
vn 0.0 -0.0 1.0
vn -0.0 0.526 0.8505
vn -0.0 0.5259 0.8505
vn 0.3262 0.6425 0.6934
vn 0.4629 0.4629 0.7559
vn 0.6426 0.3262 0.6933
vn 0.6426 0.3262 0.6934
vn 0.3262 0.6426 0.6934
vn 0.5259 -0.0 0.8505
vn 0.0808 0.1651 0.983
vn 0.0178 0.2269 0.9738
vn 0.0558 0.6983 0.7136
vn 0.3474 0.5641 0.7491
vn 0.1819 0.0679 0.981
vn 0.1788 0.0657 0.9817
vn 0.5999 0.2295 0.7665
vn 0.6978 0.0672 0.7132
vn 0.6948 0.0644 0.7163
vn 0.6012 0.2303 0.7652
vn 0.6426 0.3262 0.6933
vn 0.3477 0.5703 0.7442
vn 0.25 0.5665 0.7852
vn 0.0567 0.6961 0.7157
vn -0.0 -0.0 1.0
vn 0.6425 0.3262 0.6933
vn -0.0 0.7071 0.7071
vn -0.0 0.5258 0.8506
vn 0.0 0.0 1.0
vn -0.0 0.426 0.9047
vn 0.0 -0.0 1.0
vn 0.3865 0.3865 0.8374
vn 0.526 -0.0 0.8505
vn 0.0 -0.0 1.0
vn -0.0 0.526 0.8505
vn -0.0 0.5259 0.8505
vn 0.3262 0.6425 0.6934
vn 0.4629 0.4629 0.7559
vn 0.6426 0.3262 0.6933
vn 0.6426 0.3262 0.6934
vn 0.3262 0.6426 0.6934
vn 0.5259 -0.0 0.8505
vn 0.7071 0.0 0.7071
vn 0.5258 0.0 0.8506
vn 0.0 -0.0 1.0
vn 0.426 0.0 0.9047
vn 0.0808 0.1651 0.983
vn 0.0178 0.2269 0.9738
vn 0.0558 0.6983 0.7136
vn 0.3474 0.5641 0.7491
vn 0.1819 0.0679 0.981
vn 0.1788 0.0657 0.9817
vn 0.5999 0.2295 0.7665
vn 0.6978 0.0672 0.7132
vn 0.6948 0.0644 0.7163
vn 0.6012 0.2303 0.7652
vn 0.6426 0.3262 0.6933
vn 0.3477 0.5703 0.7442
vn 0.25 0.5665 0.7852
vn 0.0567 0.6961 0.7157
vn -0.0 -0.0 1.0
vn 0.6425 0.3262 0.6933
vn -0.0 0.7071 0.7071
vn -0.0 0.5258 0.8506
vn 0.0 0.0 1.0
vn -0.0 0.426 0.9047
vn 0.0 -0.0 1.0
vn 0.0 -0.0 1.0
vn -0.0 0.7071 0.7071
vn -0.0 0.5258 0.8506
vn 0.0 0.0 1.0
vn -0.0 0.426 0.9047
vn 0.0 -0.0 1.0
vn 0.0 -0.0 1.0
vn 0.0 -0.0 1.0
vn 0.0 -0.0 1.0
vn 0.0 -0.0 1.0
vn 0.0 -0.0 1.0
vn 0.0 -0.0 1.0
vn 0.0 -0.0 1.0
vn 0.0 -0.0 1.0
vn 0.0 -0.0 1.0
vn 0.0 -0.0 1.0
vn 0.0 -0.0 1.0
vn 0.0 -0.0 1.0
vn 0.0 -0.0 1.0
vn 0.0 -0.0 1.0
vn 0.0 -0.0 1.0
vn 0.0 -0.0 1.0
vn 0.0 -0.0 1.0
vn 0.0 -0.0 1.0
c 1.0 1.0 1.0
c 1.0 1.0 1.0
c 1.0 1.0 1.0
c 1.0 1.0 1.0
c 1.0 1.0 1.0
c 1.0 1.0 1.0
c 1.0 1.0 1.0
c 1.0 1.0 1.0
c 1.0 1.0 1.0
c 1.0 1.0 1.0
c 1.0 1.0 1.0
c 1.0 1.0 1.0
c 1.0 1.0 1.0
c 1.0 1.0 1.0
c 1.0 1.0 1.0
c 1.0 1.0 1.0
c 1.0 1.0 1.0
c 1.0 1.0 1.0
c 1.0 1.0 1.0
c 1.0 1.0 1.0
c 1.0 1.0 1.0
c 1.0 1.0 1.0
c 1.0 1.0 1.0
c 1.0 1.0 1.0
c 1.0 1.0 1.0
c 1.0 1.0 1.0
c 1.0 1.0 1.0
c 1.0 1.0 1.0
c 1.0 1.0 1.0
c 1.0 1.0 1.0
c 1.0 1.0 1.0
c 1.0 1.0 1.0
c 1.0 1.0 1.0
c 1.0 1.0 1.0
c 1.0 1.0 1.0
c 1.0 1.0 1.0
c 1.0 1.0 1.0
c 1.0 1.0 1.0
c 1.0 1.0 1.0
c 1.0 1.0 1.0
c 1.0 1.0 1.0
c 1.0 1.0 1.0
c 1.0 1.0 1.0
c 1.0 1.0 1.0
c 1.0 1.0 1.0
c 1.0 1.0 1.0
c 1.0 1.0 1.0
c 1.0 1.0 1.0
c 1.0 1.0 1.0
c 1.0 1.0 1.0
c 1.0 1.0 1.0
c 1.0 1.0 1.0
c 1.0 1.0 1.0
c 1.0 1.0 1.0
c 1.0 1.0 1.0
c 1.0 1.0 1.0
c 1.0 1.0 1.0
c 1.0 1.0 1.0
c 1.0 1.0 1.0
c 1.0 1.0 1.0
c 1.0 1.0 1.0
c 1.0 1.0 1.0
c 1.0 1.0 1.0
c 1.0 1.0 1.0
c 1.0 1.0 1.0
c 1.0 1.0 1.0
c 1.0 1.0 1.0
c 1.0 1.0 1.0
c 1.0 1.0 1.0
c 1.0 1.0 1.0
c 1.0 1.0 1.0
c 1.0 1.0 1.0
c 1.0 1.0 1.0
c 1.0 1.0 1.0
c 1.0 1.0 1.0
c 1.0 1.0 1.0
c 1.0 1.0 1.0
c 1.0 1.0 1.0
c 1.0 1.0 1.0
c 1.0 1.0 1.0
c 1.0 1.0 1.0
c 1.0 1.0 1.0
c 1.0 1.0 1.0
c 1.0 1.0 1.0
c 1.0 1.0 1.0
c 1.0 1.0 1.0
c 1.0 1.0 1.0
c 1.0 1.0 1.0
c 1.0 1.0 1.0
c 1.0 1.0 1.0
c 1.0 1.0 1.0
c 1.0 1.0 1.0
c 1.0 1.0 1.0
c 1.0 1.0 1.0
c 1.0 1.0 1.0
c 1.0 1.0 1.0
c 1.0 1.0 1.0
c 1.0 1.0 1.0
c 1.0 1.0 1.0
c 1.0 1.0 1.0
c 1.0 1.0 1.0
c 1.0 1.0 1.0
c 1.0 1.0 1.0
c 1.0 1.0 1.0
c 1.0 1.0 1.0
c 1.0 1.0 1.0
c 1.0 1.0 1.0
c 1.0 1.0 1.0
c 1.0 1.0 1.0
c 1.0 1.0 1.0
c 1.0 1.0 1.0
c 1.0 1.0 1.0
c 1.0 1.0 1.0
c 1.0 1.0 1.0
c 1.0 1.0 1.0
c 1.0 1.0 1.0
c 1.0 1.0 1.0
c 1.0 1.0 1.0
c 1.0 1.0 1.0
c 1.0 1.0 1.0
c 1.0 1.0 1.0
c 1.0 1.0 1.0
c 1.0 1.0 1.0
c 1.0 1.0 1.0
c 1.0 1.0 1.0
c 1.0 1.0 1.0
c 1.0 1.0 1.0
c 1.0 1.0 1.0
c 1.0 1.0 1.0
c 1.0 1.0 1.0
c 1.0 1.0 1.0
c 1.0 1.0 1.0
c 1.0 1.0 1.0
c 1.0 1.0 1.0
c 1.0 1.0 1.0
c 1.0 1.0 1.0
c 1.0 1.0 1.0
c 1.0 1.0 1.0
c 1.0 1.0 1.0
c 1.0 1.0 1.0
c 1.0 1.0 1.0
c 1.0 1.0 1.0
c 1.0 1.0 1.0
c 1.0 1.0 1.0
c 1.0 1.0 1.0
c 1.0 1.0 1.0
c 1.0 1.0 1.0
c 1.0 1.0 1.0
c 1.0 1.0 1.0
c 1.0 1.0 1.0
c 1.0 1.0 1.0
c 1.0 1.0 1.0
c 1.0 1.0 1.0
c 1.0 1.0 1.0
c 1.0 1.0 1.0
c 1.0 1.0 1.0
c 1.0 1.0 1.0
c 1.0 1.0 1.0
c 1.0 1.0 1.0
c 1.0 1.0 1.0
c 1.0 1.0 1.0
c 1.0 1.0 1.0
c 1.0 1.0 1.0
c 1.0 1.0 1.0
c 1.0 1.0 1.0
c 1.0 1.0 1.0
c 1.0 1.0 1.0
c 1.0 1.0 1.0
c 1.0 1.0 1.0
c 1.0 1.0 1.0
c 1.0 1.0 1.0
c 1.0 1.0 1.0
c 1.0 1.0 1.0
c 1.0 1.0 1.0
c 1.0 1.0 1.0
c 1.0 1.0 1.0
c 1.0 1.0 1.0
c 1.0 1.0 1.0
c 1.0 1.0 1.0
c 1.0 1.0 1.0
c 1.0 1.0 1.0
c 1.0 1.0 1.0
c 1.0 1.0 1.0
c 1.0 1.0 1.0
c 1.0 1.0 1.0
c 1.0 1.0 1.0
c 1.0 1.0 1.0
c 1.0 1.0 1.0
c 1.0 1.0 1.0
c 1.0 1.0 1.0
c 1.0 1.0 1.0
c 1.0 1.0 1.0
c 1.0 1.0 1.0
c 1.0 1.0 1.0
c 1.0 1.0 1.0
c 1.0 1.0 1.0
c 1.0 1.0 1.0
c 1.0 1.0 1.0
c 1.0 1.0 1.0
c 1.0 1.0 1.0
c 1.0 1.0 1.0
c 1.0 1.0 1.0
c 1.0 1.0 1.0
c 1.0 1.0 1.0
c 1.0 1.0 1.0
c 1.0 1.0 1.0
c 1.0 1.0 1.0
c 1.0 1.0 1.0
c 1.0 1.0 1.0
c 1.0 1.0 1.0
c 1.0 1.0 1.0
c 1.0 1.0 1.0
c 1.0 1.0 1.0
c 1.0 1.0 1.0
c 1.0 1.0 1.0
c 1.0 1.0 1.0
c 1.0 1.0 1.0
c 1.0 1.0 1.0
c 1.0 1.0 1.0
c 1.0 1.0 1.0
c 1.0 1.0 1.0
c 1.0 1.0 1.0
c 1.0 1.0 1.0
c 1.0 1.0 1.0
c 1.0 1.0 1.0
c 1.0 1.0 1.0
c 1.0 1.0 1.0
c 1.0 1.0 1.0
c 1.0 1.0 1.0
c 1.0 1.0 1.0
c 1.0 1.0 1.0
c 1.0 1.0 1.0
c 1.0 1.0 1.0
c 1.0 1.0 1.0
c 1.0 1.0 1.0
c 1.0 1.0 1.0
c 1.0 1.0 1.0
c 1.0 1.0 1.0
c 1.0 1.0 1.0
c 1.0 1.0 1.0
c 1.0 1.0 1.0
c 1.0 1.0 1.0
c 1.0 1.0 1.0
c 1.0 1.0 1.0
c 1.0 1.0 1.0
c 1.0 1.0 1.0
c 1.0 1.0 1.0
c 1.0 1.0 1.0
c 1.0 1.0 1.0
c 1.0 1.0 1.0
c 1.0 1.0 1.0
usemtl sea_mizu1_1
s off
f 2759/2950/1059/236 2760/2952/1059/236 2761/2953/1059/236 2762/2951/1059/236
f 2763/2954/1060/237 2764/2956/1060/237 2765/2957/1060/237 2766/2955/1060/237
f 2767/2960/1061/238 2768/2958/1061/238 2769/2959/1061/238 2770/2961/1061/238
f 2771/2964/1062/239 2772/2962/1062/239 2773/2963/1062/239 2774/2965/1062/239
f 2775/2966/1063/240 2776/2967/1063/240 2777/2969/1063/240 2778/2968/1063/240
f 2779/2972/1064/241 2780/2973/1064/241 2781/2971/1064/241 2782/2970/1064/241
f 2783/2974/1065/242 2784/2977/1065/242 2785/2975/1065/242 2786/2976/1065/242
f 2787/2979/1066/243 2788/2980/1066/243 2789/2978/1066/243 2790/2981/1066/243
f 2791/2982/1067/244 2792/2984/1067/244 2793/2985/1067/244 2794/2983/1067/244
f 2795/2986/1068/245 2796/2988/1068/245 2797/2989/1068/245 2798/2987/1068/245
f 2799/2990/1069/246 2800/2992/1069/246 2801/2993/1069/246 2802/2991/1069/246
f 2803/2994/1070/247 2804/2996/1070/247 2805/2997/1070/247 2806/2995/1070/247
f 2807/3000/1071/248 2808/3001/1071/248 2809/2999/1071/248 2810/2998/1071/248
f 2811/3002/1072/249 2812/3003/1072/249 2813/3005/1072/249 2814/3004/1072/249
f 2815/3008/1073/250 2816/3007/1073/250 2817/3009/1073/250 2818/3006/1073/250
f 2819/3013/1074/251 2820/3010/1074/251 2821/3012/1074/251 2822/3011/1074/251
usemtl kawa01b
s off
f 393/457/147/48 394/458/147/48 399/459/147/48 400/460/147/48
f 409/473/148/49 410/474/148/49 415/475/148/49 416/476/148/49
f 425/489/149/50 426/490/149/50 431/491/149/50 432/492/149/50
f 441/505/150/51 442/506/150/51 447/507/150/51 448/508/150/51
f 457/521/151/52 458/522/151/52 463/523/151/52 464/524/151/52
f 473/537/152/53 474/538/152/53 479/539/152/53 480/540/152/53
f 489/553/153/54 490/554/153/54 495/555/153/54 496/556/153/54
f 505/569/154/55 506/570/154/55 511/571/154/55 512/572/154/55
f 521/585/155/56 522/586/155/56 527/587/155/56 528/588/155/56
f 537/601/156/57 538/602/156/57 543/603/156/57 544/604/156/57
f 553/617/157/58 554/618/157/58 559/619/157/58 560/620/157/58
f 569/633/158/59 570/634/158/59 575/635/158/59 576/636/158/59
f 585/649/159/60 586/650/159/60 591/651/159/60 592/652/159/60
f 601/665/160/61 602/666/160/61 607/667/160/61 608/668/160/61
f 617/681/161/62 618/682/161/62 623/683/161/62 624/684/161/62
f 633/697/162/63 634/698/162/63 639/699/162/63 640/700/162/63
f 649/713/163/64 650/714/163/64 655/715/163/64 656/716/163/64
f 665/729/164/65 666/730/164/65 671/731/164/65 672/732/164/65
f 681/745/165/66 682/746/165/66 687/747/165/66 688/748/165/66
f 697/761/166/67 698/762/166/67 703/763/166/67 704/764/166/67
f 713/777/167/68 714/778/167/68 719/779/167/68 720/780/167/68
f 729/793/168/69 730/794/168/69 735/795/168/69 736/796/168/69
f 745/809/169/70 746/810/169/70 751/811/169/70 752/812/169/70
f 761/825/170/71 762/826/170/71 767/827/170/71 768/828/170/71
f 777/841/171/72 778/842/171/72 783/843/171/72 784/844/171/72
f 793/857/172/73 794/858/172/73 799/859/172/73 800/860/172/73
f 809/873/173/74 810/874/173/74 815/875/173/74 816/876/173/74
f 825/889/174/75 826/890/174/75 831/891/174/75 832/892/174/75
f 841/905/175/76 842/906/175/76 847/907/175/76 848/908/175/76
f 857/921/176/77 858/922/176/77 863/923/176/77 864/924/176/77
f 873/937/177/78 874/938/177/78 879/939/177/78 880/940/177/78
f 889/953/178/79 890/954/178/79 895/955/178/79 896/956/178/79
usemtl ki02c
s off
f 69/69/18/18 70/70/18/18 71/71/18/18 72/72/18/18
f 85/85/21/19 86/86/21/19 87/87/21/19 88/88/21/19
f 101/101/24/20 102/102/24/20 103/103/24/20 104/104/24/20
f 117/117/27/21 118/118/27/21 119/119/27/21 120/120/27/21
f 133/133/30/22 134/134/30/22 135/135/30/22 136/136/30/22
f 153/153/35/23 154/154/35/23 155/155/35/23 156/156/35/23
f 169/169/38/24 170/170/38/24 171/171/38/24 172/172/38/24
f 185/185/41/25 186/186/41/25 187/187/41/25 188/188/41/25
f 201/201/44/26 202/202/44/26 203/203/44/26 204/204/44/26
f 217/217/47/27 218/218/47/27 219/219/47/27 220/220/47/27
f 233/233/50/28 234/234/50/28 235/235/50/28 236/236/50/28
usemtl ki03ax
s off
f 73/73/19/18 76/74/20/18 75/75/19/18 74/76/20/18
f 77/77/18/18 78/78/18/18 79/79/18/18 80/80/18/18
f 89/89/22/19 92/90/23/19 91/91/22/19 90/92/23/19
f 93/93/21/19 94/94/21/19 95/95/21/19 96/96/21/19
f 105/105/25/20 108/106/26/20 107/107/25/20 106/108/26/20
f 109/109/24/20 110/110/24/20 111/111/24/20 112/112/24/20
f 121/121/28/21 124/122/29/21 123/123/28/21 122/124/29/21
f 125/125/27/21 126/126/27/21 127/127/27/21 128/128/27/21
f 137/137/30/22 138/138/30/22 139/139/30/22 140/140/30/22
f 141/141/31/22 144/142/32/22 143/143/33/22 142/144/34/22
f 157/157/36/23 160/158/37/23 159/159/36/23 158/160/37/23
f 161/161/35/23 162/162/35/23 163/163/35/23 164/164/35/23
f 173/173/39/24 176/174/40/24 175/175/39/24 174/176/40/24
f 177/177/38/24 178/178/38/24 179/179/38/24 180/180/38/24
f 189/189/42/25 192/190/43/25 191/191/42/25 190/192/43/25
f 193/193/41/25 194/194/41/25 195/195/41/25 196/196/41/25
f 205/205/45/26 208/206/46/26 207/207/45/26 206/208/46/26
f 209/209/44/26 210/210/44/26 211/211/44/26 212/212/44/26
f 221/221/48/27 224/222/49/27 223/223/48/27 222/224/49/27
f 225/225/47/27 226/226/47/27 227/227/47/27 228/228/47/27
f 237/237/50/28 238/238/50/28 239/239/50/28 240/240/50/28
f 241/241/51/28 244/242/52/28 243/243/53/28 242/244/54/28
usemtl ki03dx
s off
f 149/149/30/22 150/150/30/22 151/151/30/22 152/152/30/22
f 249/249/50/28 250/250/50/28 251/251/50/28 252/252/50/28
usemtl ki03bx
s off
f 81/81/18/18 82/82/18/18 83/83/18/18 84/84/18/18
f 97/97/21/19 98/98/21/19 99/99/21/19 100/100/21/19
f 113/113/24/20 114/114/24/20 115/115/24/20 116/116/24/20
f 129/129/27/21 130/130/27/21 131/131/27/21 132/132/27/21
f 145/145/30/22 146/146/30/22 147/147/30/22 148/148/30/22
f 165/165/35/23 166/166/35/23 167/167/35/23 168/168/35/23
f 181/181/38/24 182/182/38/24 183/183/38/24 184/184/38/24
f 197/197/41/25 198/198/41/25 199/199/41/25 200/200/41/25
f 213/213/44/26 214/214/44/26 215/215/44/26 216/216/44/26
f 229/229/47/27 230/230/47/27 231/231/47/27 232/232/47/27
f 245/245/50/28 246/246/50/28 247/247/50/28 248/248/50/28
usemtl sea_jimen
s off
f 1642/1832/487/129 1644/1833/487/129 1643/1834/487/129 1641/1835/487/129
f 1646/1836/488/130 1648/1837/488/130 1647/1838/488/130 1645/1839/488/130
f 1650/1840/489/131 1652/1841/489/131 1651/1842/489/131 1649/1843/489/131
f 1654/1844/490/132 1656/1845/490/132 1655/1846/490/132 1653/1847/490/132
f 1698/1888/507/137 1700/1889/507/137 1699/1890/507/137 1697/1891/507/137
f 1702/1892/508/138 1704/1893/508/138 1703/1894/508/138 1701/1895/508/138
f 1706/1896/509/139 1708/1897/509/139 1707/1898/509/139 1705/1899/509/139
f 1710/1900/510/140 1712/1901/510/140 1711/1902/510/140 1709/1903/510/140
f 1744/1934/526/143 1746/1935/526/143 1745/1936/526/143 1743/1937/526/143
f 1748/1938/527/144 1750/1939/527/144 1749/1940/527/144 1747/1941/527/144
f 1782/1972/543/147 1784/1973/543/147 1783/1974/543/147 1781/1975/543/147
f 1850/2040/584/152 1852/2041/584/152 1851/2042/584/152 1849/2043/584/152
f 1854/2044/585/153 1856/2045/585/153 1855/2046/585/153 1853/2047/585/153
f 1858/2048/586/154 1860/2049/586/154 1859/2050/586/154 1857/2051/586/154
f 1862/2052/587/155 1864/2053/587/155 1863/2054/587/155 1861/2055/587/155
f 1916/2106/614/159 1918/2107/614/159 1917/2108/614/159 1915/2109/614/159
f 1950/2140/630/162 1952/2141/630/162 1951/2142/630/162 1949/2143/630/162
f 1954/2144/631/163 1956/2145/631/163 1955/2146/631/163 1953/2147/631/163
f 1958/2148/632/164 1960/2149/632/164 1959/2150/632/164 1957/2151/632/164
f 2014/2204/664/168 2016/2205/664/168 2015/2206/664/168 2013/2207/664/168
f 2072/2262/701/172 2074/2263/701/172 2073/2264/701/172 2071/2265/701/172
f 2086/2276/706/174 2088/2277/706/174 2087/2278/706/174 2085/2279/706/174
f 2090/2280/707/175 2092/2281/707/175 2091/2282/707/175 2089/2283/707/175
f 2094/2284/708/176 2096/2285/708/176 2095/2286/708/176 2093/2287/708/176
f 2098/2288/709/177 2100/2289/709/177 2099/2290/709/177 2097/2291/709/177
f 2134/2324/730/180 2136/2325/730/180 2135/2326/730/180 2133/2327/730/180
f 2190/2380/762/184 2192/2381/762/184 2191/2382/762/184 2189/2383/762/184
f 2214/2404/771/187 2216/2405/771/187 2215/2406/771/187 2213/2407/771/187
f 2270/2460/803/191 2272/2461/803/191 2271/2462/803/191 2269/2463/803/191
f 2274/2464/804/192 2276/2465/804/192 2275/2466/804/192 2273/2467/804/192
f 2278/2468/805/193 2280/2469/805/193 2279/2470/805/193 2277/2471/805/193
f 2416/2606/883/202 2418/2607/883/202 2417/2608/883/202 2415/2609/883/202
f 2442/2632/900/204 2444/2633/900/204 2443/2634/900/204 2441/2635/900/204
f 2446/2636/901/205 2448/2637/901/205 2447/2638/901/205 2445/2639/901/205
f 2450/2640/902/206 2452/2641/902/206 2451/2642/902/206 2449/2643/902/206
f 2464/2654/907/208 2466/2655/907/208 2465/2656/907/208 2463/2657/907/208
f 2468/2658/908/209 2470/2659/908/209 2469/2660/908/209 2467/2661/908/209
f 2482/2672/913/211 2484/2673/913/211 2483/2674/913/211 2481/2675/913/211
f 2496/2686/918/213 2498/2687/918/213 2497/2688/918/213 2495/2689/918/213
f 2500/2690/919/214 2502/2691/919/214 2501/2692/919/214 2499/2693/919/214
f 2608/2798/982/221 2610/2799/982/221 2609/2800/982/221 2607/2801/982/221
f 2664/2854/1014/225 2666/2855/1014/225 2665/2856/1014/225 2663/2857/1014/225
f 2730/2920/1050/230 2732/2921/1050/230 2731/2922/1050/230 2729/2923/1050/230
f 2734/2924/1051/231 2736/2925/1051/231 2735/2926/1051/231 2733/2927/1051/231
f 2748/2938/1056/233 2750/2939/1056/233 2749/2940/1056/233 2747/2941/1056/233
f 2752/2942/1057/234 2754/2943/1057/234 2753/2944/1057/234 2751/2945/1057/234
f 2756/2946/1058/235 2758/2947/1058/235 2757/2948/1058/235 2755/2949/1058/235
usemtl gake01
s off
f 253/253/55/29 254/254/56/29 255/255/57/29 256/256/58/29
f 257/257/58/29 255/258/57/29 258/259/59/29 259/260/60/29
f 263/269/62/30 264/270/63/30 265/271/63/30 266/272/62/30
f 269/277/65/31 270/278/66/31 271/279/67/31 272/280/68/31
f 273/281/68/31 271/282/67/31 274/283/69/31 275/284/70/31
f 279/293/72/32 280/294/73/32 281/295/74/32 282/296/75/32
f 283/297/75/32 281/298/74/32 284/299/76/32 285/300/77/32
f 289/309/79/33 290/310/80/33 291/311/80/33 292/312/79/33
f 301/325/88/35 302/326/89/35 303/327/89/35 304/328/88/35
f 307/333/91/36 308/334/92/36 309/335/93/36 310/336/94/36
f 311/337/94/36 309/338/93/36 312/339/95/36 313/340/96/36
f 323/357/104/38 324/358/105/38 325/359/105/38 326/360/104/38
f 329/365/107/39 330/366/108/39 331/367/108/39 332/368/107/39
f 341/381/116/41 342/382/117/41 343/383/118/41 344/384/119/41
f 345/385/119/41 343/386/118/41 346/387/120/41 347/388/121/41
f 351/397/123/42 352/398/124/42 353/399/124/42 354/400/123/42
f 363/413/132/44 364/414/133/44 365/415/133/44 366/416/132/44
f 369/421/135/45 370/422/136/45 371/423/136/45 372/424/135/45
f 375/429/138/46 376/430/139/46 377/431/139/46 378/432/138/46
f 295/317/82/34 296/318/83/34 297/319/84/34
f 295/317/82/34 298/320/85/34 296/318/83/34
f 297/319/84/34 296/318/83/34 299/321/86/34
f 317/349/98/37 318/350/99/37 319/351/100/37
f 317/349/98/37 320/352/101/37 318/350/99/37
f 319/351/100/37 318/350/99/37 321/353/102/37
f 335/373/110/40 336/374/111/40 337/375/112/40
f 335/373/110/40 338/376/113/40 336/374/111/40
f 337/375/112/40 336/374/111/40 339/377/114/40
f 357/405/126/43 358/406/127/43 359/407/128/43
f 357/405/126/43 360/408/129/43 358/406/127/43
f 359/407/128/43 358/406/127/43 361/409/130/43
f 381/437/141/47 382/438/142/47 383/439/143/47
f 381/437/141/47 384/440/144/47 382/438/142/47
f 383/439/143/47 382/438/142/47 385/441/145/47
usemtl gake01a2
s off
f 396/453/147/48 392/454/147/48 391/455/147/48 395/456/147/48
f 412/469/148/49 408/470/148/49 407/471/148/49 411/472/148/49
f 428/485/149/50 424/486/149/50 423/487/149/50 427/488/149/50
f 444/501/150/51 440/502/150/51 439/503/150/51 443/504/150/51
f 460/517/151/52 456/518/151/52 455/519/151/52 459/520/151/52
f 476/533/152/53 472/534/152/53 471/535/152/53 475/536/152/53
f 492/549/153/54 488/550/153/54 487/551/153/54 491/552/153/54
f 508/565/154/55 504/566/154/55 503/567/154/55 507/568/154/55
f 524/581/155/56 520/582/155/56 519/583/155/56 523/584/155/56
f 540/597/156/57 536/598/156/57 535/599/156/57 539/600/156/57
f 556/613/157/58 552/614/157/58 551/615/157/58 555/616/157/58
f 572/629/158/59 568/630/158/59 567/631/158/59 571/632/158/59
f 588/645/159/60 584/646/159/60 583/647/159/60 587/648/159/60
f 604/661/160/61 600/662/160/61 599/663/160/61 603/664/160/61
f 620/677/161/62 616/678/161/62 615/679/161/62 619/680/161/62
f 636/693/162/63 632/694/162/63 631/695/162/63 635/696/162/63
f 652/709/163/64 648/710/163/64 647/711/163/64 651/712/163/64
f 668/725/164/65 664/726/164/65 663/727/164/65 667/728/164/65
f 684/741/165/66 680/742/165/66 679/743/165/66 683/744/165/66
f 700/757/166/67 696/758/166/67 695/759/166/67 699/760/166/67
f 716/773/167/68 712/774/167/68 711/775/167/68 715/776/167/68
f 732/789/168/69 728/790/168/69 727/791/168/69 731/792/168/69
f 748/805/169/70 744/806/169/70 743/807/169/70 747/808/169/70
f 764/821/170/71 760/822/170/71 759/823/170/71 763/824/170/71
f 780/837/171/72 776/838/171/72 775/839/171/72 779/840/171/72
f 796/853/172/73 792/854/172/73 791/855/172/73 795/856/172/73
f 812/869/173/74 808/870/173/74 807/871/173/74 811/872/173/74
f 828/885/174/75 824/886/174/75 823/887/174/75 827/888/174/75
f 844/901/175/76 840/902/175/76 839/903/175/76 843/904/175/76
f 860/917/176/77 856/918/176/77 855/919/176/77 859/920/176/77
f 876/933/177/78 872/934/177/78 871/935/177/78 875/936/177/78
f 892/949/178/79 888/950/178/79 887/951/178/79 891/952/178/79
usemtl gake1_1
s off
f 260/261/61/29 253/262/55/29 256/263/58/29 261/264/61/29
f 262/265/57/29 257/266/58/29 259/267/60/29 260/268/61/29
f 267/273/64/30 263/274/62/30 266/275/62/30 268/276/64/30
f 276/285/71/31 269/286/65/31 272/287/68/31 277/288/71/31
f 278/289/67/31 273/290/68/31 275/291/70/31 276/292/71/31
f 286/301/78/32 279/302/72/32 282/303/75/32 287/304/78/32
f 288/305/74/32 283/306/75/32 285/307/77/32 286/308/78/32
f 293/313/81/33 289/314/79/33 292/315/79/33 294/316/81/33
f 305/329/90/35 301/330/88/35 304/331/88/35 306/332/90/35
f 314/341/97/36 307/342/91/36 310/343/94/36 315/344/97/36
f 316/345/93/36 311/346/94/36 313/347/96/36 314/348/97/36
f 327/361/106/38 323/362/104/38 326/363/104/38 328/364/106/38
f 333/369/109/39 329/370/107/39 332/371/107/39 334/372/109/39
f 348/389/122/41 341/390/116/41 344/391/119/41 349/392/122/41
f 350/393/118/41 345/394/119/41 347/395/121/41 348/396/122/41
f 355/401/125/42 351/402/123/42 354/403/123/42 356/404/125/42
f 367/417/134/44 363/418/132/44 366/419/132/44 368/420/134/44
f 373/425/137/45 369/426/135/45 372/427/135/45 374/428/137/45
f 379/433/140/46 375/434/138/46 378/435/138/46 380/436/140/46
f 389/449/147/48 390/450/147/48 398/451/147/48 397/452/147/48
f 405/465/148/49 406/466/148/49 414/467/148/49 413/468/148/49
f 421/481/149/50 422/482/149/50 430/483/149/50 429/484/149/50
f 437/497/150/51 438/498/150/51 446/499/150/51 445/500/150/51
f 453/513/151/52 454/514/151/52 462/515/151/52 461/516/151/52
f 469/529/152/53 470/530/152/53 478/531/152/53 477/532/152/53
f 485/545/153/54 486/546/153/54 494/547/153/54 493/548/153/54
f 501/561/154/55 502/562/154/55 510/563/154/55 509/564/154/55
f 517/577/155/56 518/578/155/56 526/579/155/56 525/580/155/56
f 533/593/156/57 534/594/156/57 542/595/156/57 541/596/156/57
f 549/609/157/58 550/610/157/58 558/611/157/58 557/612/157/58
f 565/625/158/59 566/626/158/59 574/627/158/59 573/628/158/59
f 581/641/159/60 582/642/159/60 590/643/159/60 589/644/159/60
f 597/657/160/61 598/658/160/61 606/659/160/61 605/660/160/61
f 613/673/161/62 614/674/161/62 622/675/161/62 621/676/161/62
f 629/689/162/63 630/690/162/63 638/691/162/63 637/692/162/63
f 645/705/163/64 646/706/163/64 654/707/163/64 653/708/163/64
f 661/721/164/65 662/722/164/65 670/723/164/65 669/724/164/65
f 677/737/165/66 678/738/165/66 686/739/165/66 685/740/165/66
f 693/753/166/67 694/754/166/67 702/755/166/67 701/756/166/67
f 709/769/167/68 710/770/167/68 718/771/167/68 717/772/167/68
f 725/785/168/69 726/786/168/69 734/787/168/69 733/788/168/69
f 741/801/169/70 742/802/169/70 750/803/169/70 749/804/169/70
f 757/817/170/71 758/818/170/71 766/819/170/71 765/820/170/71
f 773/833/171/72 774/834/171/72 782/835/171/72 781/836/171/72
f 789/849/172/73 790/850/172/73 798/851/172/73 797/852/172/73
f 805/865/173/74 806/866/173/74 814/867/173/74 813/868/173/74
f 821/881/174/75 822/882/174/75 830/883/174/75 829/884/174/75
f 837/897/175/76 838/898/175/76 846/899/175/76 845/900/175/76
f 853/913/176/77 854/914/176/77 862/915/176/77 861/916/176/77
f 869/929/177/78 870/930/177/78 878/931/177/78 877/932/177/78
f 885/945/178/79 886/946/178/79 894/947/178/79 893/948/178/79
f 300/322/87/34 295/323/82/34 297/324/84/34
f 322/354/103/37 317/355/98/37 319/356/100/37
f 340/378/115/40 335/379/110/40 337/380/112/40
f 362/410/131/43 357/411/126/43 359/412/128/43
f 386/442/146/47 381/443/141/47 383/444/143/47
usemtl yamagake01
s off
f 402/445/147/48 388/446/147/48 387/447/147/48 401/448/147/48
f 418/461/148/49 404/462/148/49 403/463/148/49 417/464/148/49
f 434/477/149/50 420/478/149/50 419/479/149/50 433/480/149/50
f 450/493/150/51 436/494/150/51 435/495/150/51 449/496/150/51
f 466/509/151/52 452/510/151/52 451/511/151/52 465/512/151/52
f 482/525/152/53 468/526/152/53 467/527/152/53 481/528/152/53
f 498/541/153/54 484/542/153/54 483/543/153/54 497/544/153/54
f 514/557/154/55 500/558/154/55 499/559/154/55 513/560/154/55
f 530/573/155/56 516/574/155/56 515/575/155/56 529/576/155/56
f 546/589/156/57 532/590/156/57 531/591/156/57 545/592/156/57
f 562/605/157/58 548/606/157/58 547/607/157/58 561/608/157/58
f 578/621/158/59 564/622/158/59 563/623/158/59 577/624/158/59
f 594/637/159/60 580/638/159/60 579/639/159/60 593/640/159/60
f 610/653/160/61 596/654/160/61 595/655/160/61 609/656/160/61
f 626/669/161/62 612/670/161/62 611/671/161/62 625/672/161/62
f 642/685/162/63 628/686/162/63 627/687/162/63 641/688/162/63
f 658/701/163/64 644/702/163/64 643/703/163/64 657/704/163/64
f 674/717/164/65 660/718/164/65 659/719/164/65 673/720/164/65
f 690/733/165/66 676/734/165/66 675/735/165/66 689/736/165/66
f 706/749/166/67 692/750/166/67 691/751/166/67 705/752/166/67
f 722/765/167/68 708/766/167/68 707/767/167/68 721/768/167/68
f 738/781/168/69 724/782/168/69 723/783/168/69 737/784/168/69
f 754/797/169/70 740/798/169/70 739/799/169/70 753/800/169/70
f 770/813/170/71 756/814/170/71 755/815/170/71 769/816/170/71
f 786/829/171/72 772/830/171/72 771/831/171/72 785/832/171/72
f 802/845/172/73 788/846/172/73 787/847/172/73 801/848/172/73
f 818/861/173/74 804/862/173/74 803/863/173/74 817/864/173/74
f 834/877/174/75 820/878/174/75 819/879/174/75 833/880/174/75
f 850/893/175/76 836/894/175/76 835/895/175/76 849/896/175/76
f 866/909/176/77 852/910/176/77 851/911/176/77 865/912/176/77
f 882/925/177/78 868/926/177/78 867/927/177/78 881/928/177/78
f 898/941/178/79 884/942/178/79 883/943/178/79 897/944/178/79
f 1573/1726/411/127 1574/1727/412/127 1575/1728/413/127 1576/1729/411/127
f 1577/1730/414/127 1574/1727/415/127 1578/1731/416/127 1579/1732/414/127
f 1580/1733/417/127 1581/1734/417/127 1582/1735/417/127 1583/1736/417/127
f 1584/1737/418/127 1585/1738/419/127 1573/1726/419/127 1586/1739/420/127
f 1574/1727/412/127 1577/1730/421/127 1587/1740/421/127 1575/1728/413/127
f 1582/1735/422/127 1584/1737/418/127 1586/1739/420/127 1583/1736/422/127
f 1574/1727/415/127 1573/1726/423/127 1585/1738/423/127 1578/1731/416/127
f 1586/1739/424/127 1573/1726/411/127 1576/1729/411/127 1588/1741/424/127
f 1589/1742/425/127 1577/1730/426/127 1590/1743/427/127 1591/1744/425/127
f 1590/1743/427/127 1577/1730/426/127 1579/1732/428/127
f 1592/1745/429/127 1593/1746/430/127 1589/1742/431/127
f 1593/1746/430/127 1587/1740/432/127 1589/1742/431/127
f 1587/1740/433/127 1593/1746/434/127 1575/1728/435/127
f 1593/1746/434/127 1576/1729/436/127 1575/1728/435/127
f 1591/1744/437/127 1580/1733/438/127 1592/1745/439/127
f 1580/1733/438/127 1583/1736/440/127 1592/1745/439/127
f 1583/1747/441/127 1586/1748/441/127 1592/1745/441/127
f 1591/1744/442/127 1592/1745/442/127 1589/1742/442/127
f 1592/1749/443/127 1588/1750/443/127 1593/1751/443/127
f 1588/1741/444/127 1576/1729/444/127 1593/1746/444/127
f 1592/1745/445/127 1586/1752/445/127 1588/1753/445/127
f 1577/1730/446/127 1589/1742/446/127 1587/1740/446/127
f 1591/1744/447/127 1581/1734/447/127 1580/1733/447/127
usemtl gake_futa
s off
f 1065/1142/228/92 1066/1143/229/92 1067/1144/230/92 1068/1145/228/92
f 1069/1146/231/92 1066/1143/232/92 1070/1147/233/92 1071/1148/231/92
f 1072/1149/234/92 1073/1150/234/92 1074/1151/234/92 1075/1152/234/92
f 1076/1153/235/92 1077/1154/236/92 1065/1142/236/92 1078/1155/237/92
f 1066/1143/229/92 1069/1146/238/92 1079/1156/238/92 1067/1144/230/92
f 1074/1151/239/92 1076/1153/235/92 1078/1155/237/92 1075/1152/239/92
f 1066/1143/232/92 1065/1142/240/92 1077/1154/240/92 1070/1147/233/92
f 1078/1155/241/92 1065/1142/228/92 1068/1145/228/92 1080/1157/241/92
f 1081/1158/242/92 1069/1146/243/92 1082/1159/244/92 1083/1160/242/92
f 1431/1565/364/117 1432/1566/365/117 1433/1567/366/117 1434/1568/364/117
f 1435/1569/367/117 1432/1566/368/117 1436/1570/369/117 1437/1571/367/117
f 1438/1572/370/117 1439/1573/370/117 1440/1574/370/117 1441/1575/370/117
f 1442/1576/371/117 1443/1577/372/117 1431/1565/372/117 1444/1578/373/117
f 1432/1566/365/117 1435/1569/374/117 1445/1579/374/117 1433/1567/366/117
f 1440/1574/375/117 1442/1576/371/117 1444/1578/373/117 1441/1575/375/117
f 1432/1566/368/117 1431/1565/376/117 1443/1577/376/117 1436/1570/369/117
f 1444/1578/377/117 1431/1565/364/117 1434/1568/364/117 1446/1580/377/117
f 1447/1581/378/117 1435/1569/379/117 1448/1582/380/117 1449/1583/378/117
f 1607/1779/449/128 1608/1780/450/128 1609/1781/451/128 1610/1782/449/128
f 1611/1783/452/128 1608/1780/453/128 1612/1784/454/128 1613/1785/452/128
f 1614/1786/455/128 1615/1787/455/128 1616/1788/455/128 1617/1789/455/128
f 1618/1790/456/128 1619/1791/457/128 1607/1779/457/128 1620/1792/458/128
f 1608/1780/450/128 1611/1783/459/128 1621/1793/459/128 1609/1781/451/128
f 1616/1788/460/128 1618/1790/456/128 1620/1792/458/128 1617/1789/460/128
f 1608/1780/453/128 1607/1779/461/128 1619/1791/461/128 1612/1784/454/128
f 1620/1792/462/128 1607/1779/449/128 1610/1782/449/128 1622/1794/462/128
f 1623/1795/463/128 1611/1783/464/128 1624/1796/465/128 1625/1797/463/128
f 1082/1159/244/92 1069/1146/243/92 1071/1148/245/92
f 1084/1161/246/92 1085/1162/247/92 1081/1158/248/92
f 1085/1162/247/92 1079/1156/249/92 1081/1158/248/92
f 1079/1156/250/92 1085/1162/251/92 1067/1144/252/92
f 1085/1162/251/92 1068/1145/253/92 1067/1144/252/92
f 1083/1160/254/92 1072/1149/255/92 1084/1161/256/92
f 1072/1149/255/92 1075/1152/257/92 1084/1161/256/92
f 1075/1163/258/92 1078/1164/258/92 1084/1161/258/92
f 1083/1160/259/92 1084/1161/259/92 1081/1158/259/92
f 1084/1165/260/92 1080/1166/260/92 1085/1167/260/92
f 1080/1157/261/92 1068/1145/261/92 1085/1162/261/92
f 1084/1161/262/92 1078/1168/262/92 1080/1169/262/92
f 1069/1146/263/92 1081/1158/263/92 1079/1156/263/92
f 1083/1160/264/92 1073/1150/264/92 1072/1149/264/92
f 1448/1582/380/117 1435/1569/379/117 1437/1571/381/117
f 1450/1584/382/117 1451/1585/383/117 1447/1581/384/117
f 1451/1585/383/117 1445/1579/385/117 1447/1581/384/117
f 1445/1579/386/117 1451/1585/387/117 1433/1567/388/117
f 1451/1585/387/117 1434/1568/389/117 1433/1567/388/117
f 1449/1583/390/117 1438/1572/391/117 1450/1584/392/117
f 1438/1572/391/117 1441/1575/393/117 1450/1584/392/117
f 1441/1586/394/117 1444/1587/394/117 1450/1584/394/117
f 1449/1583/395/117 1450/1584/395/117 1447/1581/395/117
f 1450/1588/396/117 1446/1589/396/117 1451/1590/396/117
f 1446/1580/397/117 1434/1568/397/117 1451/1585/397/117
f 1450/1584/398/117 1444/1591/398/117 1446/1592/398/117
f 1435/1569/399/117 1447/1581/399/117 1445/1579/399/117
f 1449/1583/400/117 1439/1573/400/117 1438/1572/400/117
f 1624/1796/465/128 1611/1783/464/128 1613/1785/466/128
f 1626/1798/467/128 1627/1799/468/128 1623/1795/469/128
f 1627/1799/468/128 1621/1793/470/128 1623/1795/469/128
f 1621/1793/471/128 1627/1799/472/128 1609/1781/473/128
f 1627/1799/472/128 1610/1782/474/128 1609/1781/473/128
f 1625/1797/475/128 1614/1786/476/128 1626/1798/477/128
f 1614/1786/476/128 1617/1789/478/128 1626/1798/477/128
f 1617/1800/479/128 1620/1801/479/128 1626/1798/479/128
f 1625/1797/480/128 1626/1798/480/128 1623/1795/480/128
f 1626/1802/481/128 1622/1803/481/128 1627/1804/481/128
f 1622/1794/482/128 1610/1782/482/128 1627/1799/482/128
f 1626/1798/483/128 1620/1805/483/128 1622/1806/483/128
f 1611/1783/484/128 1623/1795/484/128 1621/1793/484/128
f 1625/1797/485/128 1615/1787/485/128 1614/1786/485/128
usemtl kusa_ec3
s off
f 909/965/179/80 910/966/179/80 907/967/179/80 908/968/179/80
f 921/977/180/81 922/978/180/81 919/979/180/81 920/980/180/81
f 933/989/181/82 934/990/181/82 931/991/181/82 932/992/181/82
f 945/1001/182/83 946/1002/182/83 943/1003/182/83 944/1004/182/83
f 957/1013/183/84 958/1014/183/84 955/1015/183/84 956/1016/183/84
f 969/1025/184/85 970/1026/184/85 967/1027/184/85 968/1028/184/85
f 981/1037/185/86 982/1038/185/86 979/1039/185/86 980/1040/185/86
f 993/1049/186/87 994/1050/186/87 991/1051/186/87 992/1052/186/87
f 1005/1061/187/88 1006/1062/187/88 1003/1063/187/88 1004/1064/187/88
f 1017/1073/188/89 1018/1074/188/89 1015/1075/188/89 1016/1076/188/89
f 1029/1085/189/90 1030/1086/189/90 1027/1087/189/90 1028/1088/189/90
f 1109/1203/266/93 1110/1204/266/93 1107/1205/266/93 1108/1206/266/93
f 1121/1215/267/94 1122/1216/267/94 1119/1217/267/94 1120/1218/267/94
f 1133/1227/268/95 1134/1228/268/95 1131/1229/268/95 1132/1230/268/95
f 1145/1239/269/96 1146/1240/269/96 1143/1241/269/96 1144/1242/269/96
f 1157/1251/270/97 1158/1252/270/97 1155/1253/270/97 1156/1254/270/97
f 1169/1263/271/98 1170/1264/271/98 1167/1265/271/98 1168/1266/271/98
f 1181/1275/272/99 1182/1276/272/99 1179/1277/272/99 1180/1278/272/99
f 1193/1287/273/100 1194/1288/273/100 1191/1289/273/100 1192/1290/273/100
f 1239/1352/312/102 1240/1353/312/102 1237/1354/312/102 1238/1355/312/102
f 1251/1364/313/103 1252/1365/313/103 1249/1366/313/103 1250/1367/313/103
f 1263/1376/314/104 1264/1377/314/104 1261/1378/314/104 1262/1379/314/104
f 1275/1388/315/105 1276/1389/315/105 1273/1390/315/105 1274/1391/315/105
f 1287/1400/316/106 1288/1401/316/106 1285/1402/316/106 1286/1403/316/106
f 1299/1412/317/107 1300/1413/317/107 1297/1414/317/107 1298/1415/317/107
f 1311/1424/318/108 1312/1425/318/108 1309/1426/318/108 1310/1427/318/108
f 1323/1436/319/109 1324/1437/319/109 1321/1438/319/109 1322/1439/319/109
f 1335/1448/320/110 1336/1449/320/110 1333/1450/320/110 1334/1451/320/110
f 1347/1460/321/111 1348/1461/321/111 1345/1462/321/111 1346/1463/321/111
f 1359/1472/322/112 1360/1473/322/112 1357/1474/322/112 1358/1475/322/112
f 1371/1484/323/113 1372/1485/323/113 1369/1486/323/113 1370/1487/323/113
f 1383/1496/324/114 1384/1497/324/114 1381/1498/324/114 1382/1499/324/114
f 1429/1561/363/116 1430/1562/363/116 1427/1563/363/116 1428/1564/363/116
f 1475/1626/402/118 1476/1627/402/118 1473/1628/402/118 1474/1629/402/118
f 1487/1638/403/119 1488/1639/403/119 1485/1640/403/119 1486/1641/403/119
f 1499/1650/404/120 1500/1651/404/120 1497/1652/404/120 1498/1653/404/120
f 1511/1662/405/121 1512/1663/405/121 1509/1664/405/121 1510/1665/405/121
f 1523/1674/406/122 1524/1675/406/122 1521/1676/406/122 1522/1677/406/122
f 1535/1686/407/123 1536/1687/407/123 1533/1688/407/123 1534/1689/407/123
f 1547/1698/408/124 1548/1699/408/124 1545/1700/408/124 1546/1701/408/124
f 1559/1710/409/125 1560/1711/409/125 1557/1712/409/125 1558/1713/409/125
f 1571/1722/410/126 1572/1723/410/126 1569/1724/410/126 1570/1725/410/126
usemtl grass01ax
s off
f 1/1/1/1 2/2/1/1 3/3/1/1 4/4/1/1
f 5/5/2/2 6/6/2/2 7/7/2/2 8/8/2/2
f 9/9/3/3 10/10/3/3 11/11/3/3 12/12/3/3
f 13/13/4/4 14/14/4/4 15/15/4/4 16/16/4/4
f 17/19/5/5 18/20/5/5 19/17/5/5 20/18/5/5
f 21/21/6/6 22/22/6/6 23/23/6/6 24/24/6/6
f 25/25/7/7 26/26/7/7 27/27/7/7 28/28/7/7
f 29/31/8/8 30/32/8/8 31/29/8/8 32/30/8/8
f 33/33/9/9 34/34/9/9 35/35/9/9 36/36/9/9
f 37/37/10/10 38/38/10/10 39/39/10/10 40/40/10/10
f 41/41/11/11 42/42/11/11 43/43/11/11 44/44/11/11
f 45/47/12/12 46/48/12/12 47/45/12/12 48/46/12/12
f 49/49/13/13 50/50/13/13 51/51/13/13 52/52/13/13
f 53/53/14/14 54/54/14/14 55/55/14/14 56/56/14/14
f 57/57/15/15 58/58/15/15 59/59/15/15 60/60/15/15
f 61/63/16/16 62/64/16/16 63/61/16/16 64/62/16/16
f 65/65/17/17 66/66/17/17 67/67/17/17 68/68/17/17
usemtl kusa_ec1
s off
f 901/957/179/80 902/958/179/80 899/959/179/80 900/960/179/80
f 913/969/180/81 914/970/180/81 911/971/180/81 912/972/180/81
f 925/981/181/82 926/982/181/82 923/983/181/82 924/984/181/82
f 937/993/182/83 938/994/182/83 935/995/182/83 936/996/182/83
f 949/1005/183/84 950/1006/183/84 947/1007/183/84 948/1008/183/84
f 961/1017/184/85 962/1018/184/85 959/1019/184/85 960/1020/184/85
f 973/1029/185/86 974/1030/185/86 971/1031/185/86 972/1032/185/86
f 985/1041/186/87 986/1042/186/87 983/1043/186/87 984/1044/186/87
f 997/1053/187/88 998/1054/187/88 995/1055/187/88 996/1056/187/88
f 1009/1065/188/89 1010/1066/188/89 1007/1067/188/89 1008/1068/188/89
f 1021/1077/189/90 1022/1078/189/90 1019/1079/189/90 1020/1080/189/90
f 1101/1195/266/93 1102/1196/266/93 1099/1197/266/93 1100/1198/266/93
f 1113/1207/267/94 1114/1208/267/94 1111/1209/267/94 1112/1210/267/94
f 1125/1219/268/95 1126/1220/268/95 1123/1221/268/95 1124/1222/268/95
f 1137/1231/269/96 1138/1232/269/96 1135/1233/269/96 1136/1234/269/96
f 1149/1243/270/97 1150/1244/270/97 1147/1245/270/97 1148/1246/270/97
f 1161/1255/271/98 1162/1256/271/98 1159/1257/271/98 1160/1258/271/98
f 1173/1267/272/99 1174/1268/272/99 1171/1269/272/99 1172/1270/272/99
f 1185/1279/273/100 1186/1280/273/100 1183/1281/273/100 1184/1282/273/100
f 1231/1344/312/102 1232/1345/312/102 1229/1346/312/102 1230/1347/312/102
f 1243/1356/313/103 1244/1357/313/103 1241/1358/313/103 1242/1359/313/103
f 1255/1368/314/104 1256/1369/314/104 1253/1370/314/104 1254/1371/314/104
f 1267/1380/315/105 1268/1381/315/105 1265/1382/315/105 1266/1383/315/105
f 1279/1392/316/106 1280/1393/316/106 1277/1394/316/106 1278/1395/316/106
f 1291/1404/317/107 1292/1405/317/107 1289/1406/317/107 1290/1407/317/107
f 1303/1416/318/108 1304/1417/318/108 1301/1418/318/108 1302/1419/318/108
f 1315/1428/319/109 1316/1429/319/109 1313/1430/319/109 1314/1431/319/109
f 1327/1440/320/110 1328/1441/320/110 1325/1442/320/110 1326/1443/320/110
f 1339/1452/321/111 1340/1453/321/111 1337/1454/321/111 1338/1455/321/111
f 1351/1464/322/112 1352/1465/322/112 1349/1466/322/112 1350/1467/322/112
f 1363/1476/323/113 1364/1477/323/113 1361/1478/323/113 1362/1479/323/113
f 1375/1488/324/114 1376/1489/324/114 1373/1490/324/114 1374/1491/324/114
f 1421/1553/363/116 1422/1554/363/116 1419/1555/363/116 1420/1556/363/116
f 1467/1618/402/118 1468/1619/402/118 1465/1620/402/118 1466/1621/402/118
f 1479/1630/403/119 1480/1631/403/119 1477/1632/403/119 1478/1633/403/119
f 1491/1642/404/120 1492/1643/404/120 1489/1644/404/120 1490/1645/404/120
f 1503/1654/405/121 1504/1655/405/121 1501/1656/405/121 1502/1657/405/121
f 1515/1666/406/122 1516/1667/406/122 1513/1668/406/122 1514/1669/406/122
f 1527/1678/407/123 1528/1679/407/123 1525/1680/407/123 1526/1681/407/123
f 1539/1690/408/124 1540/1691/408/124 1537/1692/408/124 1538/1693/408/124
f 1551/1702/409/125 1552/1703/409/125 1549/1704/409/125 1550/1705/409/125
f 1563/1714/410/126 1564/1715/410/126 1561/1716/410/126 1562/1717/410/126
usemtl kusa_ec2
s off
f 905/961/179/80 906/962/179/80 903/963/179/80 904/964/179/80
f 917/973/180/81 918/974/180/81 915/975/180/81 916/976/180/81
f 929/985/181/82 930/986/181/82 927/987/181/82 928/988/181/82
f 941/997/182/83 942/998/182/83 939/999/182/83 940/1000/182/83
f 953/1009/183/84 954/1010/183/84 951/1011/183/84 952/1012/183/84
f 965/1021/184/85 966/1022/184/85 963/1023/184/85 964/1024/184/85
f 977/1033/185/86 978/1034/185/86 975/1035/185/86 976/1036/185/86
f 989/1045/186/87 990/1046/186/87 987/1047/186/87 988/1048/186/87
f 1001/1057/187/88 1002/1058/187/88 999/1059/187/88 1000/1060/187/88
f 1013/1069/188/89 1014/1070/188/89 1011/1071/188/89 1012/1072/188/89
f 1025/1081/189/90 1026/1082/189/90 1023/1083/189/90 1024/1084/189/90
f 1105/1199/266/93 1106/1200/266/93 1103/1201/266/93 1104/1202/266/93
f 1117/1211/267/94 1118/1212/267/94 1115/1213/267/94 1116/1214/267/94
f 1129/1223/268/95 1130/1224/268/95 1127/1225/268/95 1128/1226/268/95
f 1141/1235/269/96 1142/1236/269/96 1139/1237/269/96 1140/1238/269/96
f 1153/1247/270/97 1154/1248/270/97 1151/1249/270/97 1152/1250/270/97
f 1165/1259/271/98 1166/1260/271/98 1163/1261/271/98 1164/1262/271/98
f 1177/1271/272/99 1178/1272/272/99 1175/1273/272/99 1176/1274/272/99
f 1189/1283/273/100 1190/1284/273/100 1187/1285/273/100 1188/1286/273/100
f 1235/1348/312/102 1236/1349/312/102 1233/1350/312/102 1234/1351/312/102
f 1247/1360/313/103 1248/1361/313/103 1245/1362/313/103 1246/1363/313/103
f 1259/1372/314/104 1260/1373/314/104 1257/1374/314/104 1258/1375/314/104
f 1271/1384/315/105 1272/1385/315/105 1269/1386/315/105 1270/1387/315/105
f 1283/1396/316/106 1284/1397/316/106 1281/1398/316/106 1282/1399/316/106
f 1295/1408/317/107 1296/1409/317/107 1293/1410/317/107 1294/1411/317/107
f 1307/1420/318/108 1308/1421/318/108 1305/1422/318/108 1306/1423/318/108
f 1319/1432/319/109 1320/1433/319/109 1317/1434/319/109 1318/1435/319/109
f 1331/1444/320/110 1332/1445/320/110 1329/1446/320/110 1330/1447/320/110
f 1343/1456/321/111 1344/1457/321/111 1341/1458/321/111 1342/1459/321/111
f 1355/1468/322/112 1356/1469/322/112 1353/1470/322/112 1354/1471/322/112
f 1367/1480/323/113 1368/1481/323/113 1365/1482/323/113 1366/1483/323/113
f 1379/1492/324/114 1380/1493/324/114 1377/1494/324/114 1378/1495/324/114
f 1425/1557/363/116 1426/1558/363/116 1423/1559/363/116 1424/1560/363/116
f 1471/1622/402/118 1472/1623/402/118 1469/1624/402/118 1470/1625/402/118
f 1483/1634/403/119 1484/1635/403/119 1481/1636/403/119 1482/1637/403/119
f 1495/1646/404/120 1496/1647/404/120 1493/1648/404/120 1494/1649/404/120
f 1507/1658/405/121 1508/1659/405/121 1505/1660/405/121 1506/1661/405/121
f 1519/1670/406/122 1520/1671/406/122 1517/1672/406/122 1518/1673/406/122
f 1531/1682/407/123 1532/1683/407/123 1529/1684/407/123 1530/1685/407/123
f 1543/1694/408/124 1544/1695/408/124 1541/1696/408/124 1542/1697/408/124
f 1555/1706/409/125 1556/1707/409/125 1553/1708/409/125 1554/1709/409/125
f 1567/1718/410/126 1568/1719/410/126 1565/1720/410/126 1566/1721/410/126
usemtl wall01_g
s off
f 1657/1848/491/133 1658/1849/492/133 1659/1850/492/133 1660/1851/491/133
f 1658/1849/492/133 1661/1852/493/133 1662/1853/493/133 1659/1850/492/133
f 1663/1854/491/133 1664/1855/491/133 1665/1856/494/133 1666/1857/494/133
f 1667/1858/495/134 1668/1859/496/134 1669/1860/496/134 1670/1861/495/134
f 1668/1859/496/134 1671/1862/497/134 1672/1863/497/134 1669/1860/496/134
f 1673/1864/495/134 1674/1865/495/134 1675/1866/498/134 1676/1867/498/134
f 1677/1868/499/135 1678/1869/500/135 1679/1870/500/135 1680/1871/499/135
f 1678/1869/500/135 1681/1872/501/135 1682/1873/501/135 1679/1870/500/135
f 1683/1874/499/135 1684/1875/499/135 1685/1876/502/135 1686/1877/502/135
f 1687/1878/503/136 1688/1879/504/136 1689/1880/504/136 1690/1881/503/136
f 1688/1879/504/136 1691/1882/505/136 1692/1883/505/136 1689/1880/504/136
f 1693/1884/503/136 1694/1885/503/136 1695/1886/506/136 1696/1887/506/136
f 1713/1904/511/141 1714/1905/512/141 1715/1906/512/141 1716/1907/511/141
f 1714/1905/512/141 1717/1908/513/141 1718/1909/513/141 1715/1906/512/141
f 1719/1910/511/141 1720/1911/511/141 1721/1912/514/141 1722/1913/514/141
f 1723/1914/515/142 1724/1915/516/142 1725/1916/517/142 1726/1917/517/142
f 1727/1918/518/142 1728/1919/515/142 1729/1920/517/142 1730/1921/517/142
f 1751/1942/528/145 1752/1943/529/145 1753/1944/530/145 1754/1945/530/145
f 1755/1946/531/145 1756/1947/528/145 1757/1948/530/145 1758/1949/530/145
f 1771/1962/539/146 1772/1963/540/146 1773/1964/540/146 1774/1965/539/146
f 1772/1963/540/146 1775/1966/541/146 1776/1967/541/146 1773/1964/540/146
f 1777/1968/539/146 1778/1969/539/146 1779/1970/542/146 1780/1971/542/146
f 1790/1976/544/148 1791/1977/545/148 1792/1978/546/148 1793/1979/547/148
f 1794/1980/548/148 1795/1981/549/148 1796/1982/550/148 1797/1983/551/148
f 1795/1981/549/148 1790/1976/544/148 1793/1979/547/148 1796/1982/550/148
f 1807/1998/560/149 1808/1999/561/149 1809/2000/561/149 1810/2001/560/149
f 1808/1999/561/149 1811/2002/562/149 1812/2003/562/149 1809/2000/561/149
f 1813/2004/560/149 1814/2005/560/149 1815/2006/563/149 1816/2007/563/149
f 1817/2008/564/150 1818/2009/565/150 1819/2010/565/150 1820/2011/564/150
f 1818/2009/565/150 1821/2012/566/150 1822/2013/566/150 1819/2010/565/150
f 1823/2014/564/150 1824/2015/564/150 1825/2016/567/150 1826/2017/567/150
f 1865/2056/588/156 1866/2057/589/156 1867/2058/590/156 1868/2059/590/156
f 1869/2060/591/156 1870/2061/588/156 1871/2062/590/156 1872/2063/590/156
f 1885/2076/599/157 1886/2077/600/157 1887/2078/600/157 1888/2079/599/157
f 1886/2077/600/157 1889/2080/601/157 1890/2081/601/157 1887/2078/600/157
f 1891/2082/599/157 1892/2083/599/157 1893/2084/602/157 1894/2085/602/157
f 1895/2086/603/158 1896/2087/604/158 1897/2088/605/158 1898/2089/605/158
f 1899/2090/606/158 1900/2091/603/158 1901/2092/605/158 1902/2093/605/158
f 1919/2110/615/160 1920/2111/616/160 1921/2112/617/160 1922/2113/617/160
f 1923/2114/618/160 1924/2115/615/160 1925/2116/617/160 1926/2117/617/160
f 1939/2130/626/161 1940/2131/627/161 1941/2132/627/161 1942/2133/626/161
f 1940/2131/627/161 1943/2134/628/161 1944/2135/628/161 1941/2132/627/161
f 1945/2136/626/161 1946/2137/626/161 1947/2138/629/161 1948/2139/629/161
f 1961/2152/633/165 1962/2153/634/165 1963/2154/635/165 1964/2155/635/165
f 1965/2156/636/165 1966/2157/633/165 1967/2158/635/165 1968/2159/635/165
f 1981/2172/644/166 1982/2173/645/166 1983/2174/645/166 1984/2175/644/166
f 1982/2173/645/166 1985/2176/646/166 1986/2177/646/166 1983/2174/645/166
f 1987/2178/644/166 1988/2179/644/166 1989/2180/647/166 1990/2181/647/166
f 2022/2208/665/169 2023/2209/666/169 2024/2210/667/169 2025/2211/668/169
f 2026/2212/669/169 2027/2213/670/169 2028/2214/671/169 2029/2215/672/169
f 2027/2213/670/169 2022/2208/665/169 2025/2211/668/169 2028/2214/671/169
f 2039/2230/681/170 2040/2231/682/170 2041/2232/682/170 2042/2233/681/170
f 2040/2231/682/170 2043/2234/683/170 2044/2235/683/170 2041/2232/682/170
f 2045/2236/681/170 2046/2237/681/170 2047/2238/684/170 2048/2239/684/170
f 2101/2292/710/178 2102/2293/711/178 2103/2294/711/178 2104/2295/710/178
f 2102/2293/711/178 2105/2296/712/178 2106/2297/712/178 2103/2294/711/178
f 2107/2298/710/178 2108/2299/710/178 2109/2300/713/178 2110/2301/713/178
f 2137/2328/731/181 2138/2329/732/181 2139/2330/733/181 2140/2331/733/181
f 2141/2332/734/181 2142/2333/731/181 2143/2334/733/181 2144/2335/733/181
f 2157/2348/742/182 2158/2349/743/182 2159/2350/743/182 2160/2351/742/182
f 2158/2349/743/182 2161/2352/744/182 2162/2353/744/182 2159/2350/743/182
f 2163/2354/742/182 2164/2355/742/182 2165/2356/745/182 2166/2357/745/182
f 2217/2408/772/188 2218/2409/773/188 2219/2410/774/188 2220/2411/774/188
f 2221/2412/775/188 2222/2413/772/188 2223/2414/774/188 2224/2415/774/188
f 2237/2428/783/189 2238/2429/784/189 2239/2430/784/189 2240/2431/783/189
f 2238/2429/784/189 2241/2432/785/189 2242/2433/785/189 2239/2430/784/189
f 2243/2434/783/189 2244/2435/783/189 2245/2436/786/189 2246/2437/786/189
f 2291/2482/810/195 2292/2483/811/195 2293/2484/812/195 2294/2485/812/195
f 2295/2486/813/195 2296/2487/810/195 2297/2488/812/195 2298/2489/812/195
f 2311/2502/821/196 2312/2503/822/196 2313/2504/822/196 2314/2505/821/196
f 2312/2503/822/196 2315/2506/823/196 2316/2507/823/196 2313/2504/822/196
f 2317/2508/821/196 2318/2509/821/196 2319/2510/824/196 2320/2511/824/196
f 2321/2512/825/197 2322/2513/826/197 2323/2514/827/197 2324/2515/827/197
f 2325/2516/828/197 2326/2517/825/197 2327/2518/827/197 2328/2519/827/197
f 2363/2554/852/199 2364/2555/853/199 2365/2556/854/199 2366/2557/854/199
f 2367/2558/855/199 2368/2559/852/199 2369/2560/854/199 2370/2561/854/199
f 2383/2574/863/200 2384/2575/864/200 2385/2576/864/200 2386/2577/863/200
f 2384/2575/864/200 2387/2578/865/200 2388/2579/865/200 2385/2576/864/200
f 2389/2580/863/200 2390/2581/863/200 2391/2582/866/200 2392/2583/866/200
f 2503/2694/920/215 2504/2695/921/215 2505/2696/922/215 2506/2697/922/215
f 2507/2698/923/215 2508/2699/920/215 2509/2700/922/215 2510/2701/922/215
f 2523/2714/931/216 2524/2715/932/216 2525/2716/932/216 2526/2717/931/216
f 2524/2715/932/216 2527/2718/933/216 2528/2719/933/216 2525/2716/932/216
f 2529/2720/931/216 2530/2721/931/216 2531/2722/934/216 2532/2723/934/216
f 2555/2746/951/218 2556/2747/952/218 2557/2748/953/218 2558/2749/953/218
f 2559/2750/954/218 2560/2751/951/218 2561/2752/953/218 2562/2753/953/218
f 2611/2802/983/222 2612/2803/984/222 2613/2804/985/222 2614/2805/985/222
f 2615/2806/986/222 2616/2807/983/222 2617/2808/985/222 2618/2809/985/222
f 2667/2858/1015/226 2668/2859/1016/226 2669/2860/1017/226 2670/2861/1017/226
f 2671/2862/1018/226 2672/2863/1015/226 2673/2864/1017/226 2674/2865/1017/226
f 2687/2878/1026/227 2688/2879/1027/227 2689/2880/1027/227 2690/2881/1026/227
f 2688/2879/1027/227 2691/2882/1028/227 2692/2883/1028/227 2689/2880/1027/227
f 2693/2884/1026/227 2694/2885/1026/227 2695/2886/1029/227 2696/2887/1029/227
f 1731/1922/519/142 1732/1923/520/142 1733/1924/515/142
f 1732/1923/520/142 1734/1925/521/142 1733/1924/515/142
f 1733/1924/515/142 1734/1925/521/142 1735/1926/522/142
f 1736/1927/523/142 1737/1928/521/142 1738/1929/515/142
f 1737/1928/521/142 1739/1930/524/142 1738/1929/515/142
f 1740/1931/525/142 1741/1932/515/142 1742/1933/522/142
f 1759/1950/532/145 1760/1951/533/145 1761/1952/528/145
f 1760/1951/533/145 1762/1953/534/145 1761/1952/528/145
f 1761/1952/528/145 1762/1953/534/145 1763/1954/535/145
f 1764/1955/536/145 1765/1956/534/145 1766/1957/528/145
f 1765/1956/534/145 1767/1958/537/145 1766/1957/528/145
f 1768/1959/538/145 1769/1960/528/145 1770/1961/535/145
f 1798/1984/552/148 1799/1985/553/148 1800/1986/554/148
f 1799/1985/553/148 1801/1987/555/148 1800/1986/554/148
f 1800/1986/554/148 1801/1987/555/148 1802/1988/556/148
f 1801/1987/555/148 1803/1989/557/148 1802/1988/556/148
f 1804/1990/556/148 1805/1991/558/148 1806/1992/559/148
f 1873/2064/592/156 1874/2065/593/156 1875/2066/588/156
f 1874/2065/593/156 1876/2067/594/156 1875/2066/588/156
f 1875/2066/588/156 1876/2067/594/156 1877/2068/595/156
f 1878/2069/596/156 1879/2070/594/156 1880/2071/588/156
f 1879/2070/594/156 1881/2072/597/156 1880/2071/588/156
f 1882/2073/598/156 1883/2074/588/156 1884/2075/595/156
f 1903/2094/607/158 1904/2095/608/158 1905/2096/603/158
f 1904/2095/608/158 1906/2097/609/158 1905/2096/603/158
f 1905/2096/603/158 1906/2097/609/158 1907/2098/610/158
f 1908/2099/611/158 1909/2100/609/158 1910/2101/603/158
f 1909/2100/609/158 1911/2102/612/158 1910/2101/603/158
f 1912/2103/613/158 1913/2104/603/158 1914/2105/610/158
f 1927/2118/619/160 1928/2119/620/160 1929/2120/615/160
f 1928/2119/620/160 1930/2121/621/160 1929/2120/615/160
f 1929/2120/615/160 1930/2121/621/160 1931/2122/622/160
f 1932/2123/623/160 1933/2124/621/160 1934/2125/615/160
f 1933/2124/621/160 1935/2126/624/160 1934/2125/615/160
f 1936/2127/625/160 1937/2128/615/160 1938/2129/622/160
f 1969/2160/637/165 1970/2161/638/165 1971/2162/633/165
f 1970/2161/638/165 1972/2163/639/165 1971/2162/633/165
f 1971/2162/633/165 1972/2163/639/165 1973/2164/640/165
f 1974/2165/641/165 1975/2166/639/165 1976/2167/633/165
f 1975/2166/639/165 1977/2168/642/165 1976/2167/633/165
f 1978/2169/643/165 1979/2170/633/165 1980/2171/640/165
f 2030/2216/673/169 2031/2217/674/169 2032/2218/675/169
f 2031/2217/674/169 2033/2219/676/169 2032/2218/675/169
f 2032/2218/675/169 2033/2219/676/169 2034/2220/677/169
f 2033/2219/676/169 2035/2221/678/169 2034/2220/677/169
f 2036/2222/677/169 2037/2223/679/169 2038/2224/680/169
f 2145/2336/735/181 2146/2337/736/181 2147/2338/731/181
f 2146/2337/736/181 2148/2339/737/181 2147/2338/731/181
f 2147/2338/731/181 2148/2339/737/181 2149/2340/738/181
f 2150/2341/739/181 2151/2342/737/181 2152/2343/731/181
f 2151/2342/737/181 2153/2344/740/181 2152/2343/731/181
f 2154/2345/741/181 2155/2346/731/181 2156/2347/738/181
f 2225/2416/776/188 2226/2417/777/188 2227/2418/772/188
f 2226/2417/777/188 2228/2419/778/188 2227/2418/772/188
f 2227/2418/772/188 2228/2419/778/188 2229/2420/779/188
f 2230/2421/780/188 2231/2422/778/188 2232/2423/772/188
f 2231/2422/778/188 2233/2424/781/188 2232/2423/772/188
f 2234/2425/782/188 2235/2426/772/188 2236/2427/779/188
f 2299/2490/814/195 2300/2491/815/195 2301/2492/810/195
f 2300/2491/815/195 2302/2493/816/195 2301/2492/810/195
f 2301/2492/810/195 2302/2493/816/195 2303/2494/817/195
f 2304/2495/818/195 2305/2496/816/195 2306/2497/810/195
f 2305/2496/816/195 2307/2498/819/195 2306/2497/810/195
f 2308/2499/820/195 2309/2500/810/195 2310/2501/817/195
f 2329/2520/829/197 2330/2521/830/197 2331/2522/825/197
f 2330/2521/830/197 2332/2523/831/197 2331/2522/825/197
f 2331/2522/825/197 2332/2523/831/197 2333/2524/832/197
f 2334/2525/833/197 2335/2526/831/197 2336/2527/825/197
f 2335/2526/831/197 2337/2528/834/197 2336/2527/825/197
f 2338/2529/835/197 2339/2530/825/197 2340/2531/832/197
f 2371/2562/856/199 2372/2563/857/199 2373/2564/852/199
f 2372/2563/857/199 2374/2565/858/199 2373/2564/852/199
f 2373/2564/852/199 2374/2565/858/199 2375/2566/859/199
f 2376/2567/860/199 2377/2568/858/199 2378/2569/852/199
f 2377/2568/858/199 2379/2570/861/199 2378/2569/852/199
f 2380/2571/862/199 2381/2572/852/199 2382/2573/859/199
f 2511/2702/924/215 2512/2703/925/215 2513/2704/920/215
f 2512/2703/925/215 2514/2705/926/215 2513/2704/920/215
f 2513/2704/920/215 2514/2705/926/215 2515/2706/927/215
f 2516/2707/928/215 2517/2708/926/215 2518/2709/920/215
f 2517/2708/926/215 2519/2710/929/215 2518/2709/920/215
f 2520/2711/930/215 2521/2712/920/215 2522/2713/927/215
f 2563/2754/955/218 2564/2755/956/218 2565/2756/951/218
f 2564/2755/956/218 2566/2757/957/218 2565/2756/951/218
f 2565/2756/951/218 2566/2757/957/218 2567/2758/958/218
f 2568/2759/959/218 2569/2760/957/218 2570/2761/951/218
f 2569/2760/957/218 2571/2762/960/218 2570/2761/951/218
f 2572/2763/961/218 2573/2764/951/218 2574/2765/958/218
f 2619/2810/987/222 2620/2811/988/222 2621/2812/983/222
f 2620/2811/988/222 2622/2813/989/222 2621/2812/983/222
f 2621/2812/983/222 2622/2813/989/222 2623/2814/990/222
f 2624/2815/991/222 2625/2816/989/222 2626/2817/983/222
f 2625/2816/989/222 2627/2818/992/222 2626/2817/983/222
f 2628/2819/993/222 2629/2820/983/222 2630/2821/990/222
f 2675/2866/1019/226 2676/2867/1020/226 2677/2868/1015/226
f 2676/2867/1020/226 2678/2869/1021/226 2677/2868/1015/226
f 2677/2868/1015/226 2678/2869/1021/226 2679/2870/1022/226
f 2680/2871/1023/226 2681/2872/1021/226 2682/2873/1015/226
f 2681/2872/1021/226 2683/2874/1024/226 2682/2873/1015/226
f 2684/2875/1025/226 2685/2876/1015/226 2686/2877/1022/226
usemtl beach01
s off
f 1785/1993/558/148 1786/1994/558/148 1787/1995/558/148
f 1786/1994/558/148 1788/1996/558/148 1787/1995/558/148
f 1789/1997/558/148 1788/1996/558/148 1786/1994/558/148
f 1827/2035/582/151 1828/2036/582/151 1829/2037/582/151
f 1828/2036/582/151 1830/2038/582/151 1829/2037/582/151
f 1831/2039/582/151 1830/2038/582/151 1828/2036/582/151
f 1991/2199/662/167 1992/2200/662/167 1993/2201/662/167
f 1992/2200/662/167 1994/2202/662/167 1993/2201/662/167
f 1995/2203/662/167 1994/2202/662/167 1992/2200/662/167
f 2017/2225/679/169 2018/2226/679/169 2019/2227/679/169
f 2018/2226/679/169 2020/2228/679/169 2019/2227/679/169
f 2021/2229/679/169 2020/2228/679/169 2018/2226/679/169
f 2049/2257/699/171 2050/2258/699/171 2051/2259/699/171
f 2050/2258/699/171 2052/2260/699/171 2051/2259/699/171
f 2053/2261/699/171 2052/2260/699/171 2050/2258/699/171
f 2111/2319/728/179 2112/2320/728/179 2113/2321/728/179
f 2112/2320/728/179 2114/2322/728/179 2113/2321/728/179
f 2115/2323/728/179 2114/2322/728/179 2112/2320/728/179
f 2167/2375/760/183 2168/2376/760/183 2169/2377/760/183
f 2168/2376/760/183 2170/2378/760/183 2169/2377/760/183
f 2171/2379/760/183 2170/2378/760/183 2168/2376/760/183
f 2247/2455/801/190 2248/2456/801/190 2249/2457/801/190
f 2248/2456/801/190 2250/2458/801/190 2249/2457/801/190
f 2251/2459/801/190 2250/2458/801/190 2248/2456/801/190
f 2341/2549/850/198 2342/2550/850/198 2343/2551/850/198
f 2342/2550/850/198 2344/2552/850/198 2343/2551/850/198
f 2345/2553/850/198 2344/2552/850/198 2342/2550/850/198
f 2393/2601/881/201 2394/2602/881/201 2395/2603/881/201
f 2394/2602/881/201 2396/2604/881/201 2395/2603/881/201
f 2397/2605/881/201 2396/2604/881/201 2394/2602/881/201
f 2419/2627/898/203 2420/2628/898/203 2421/2629/898/203
f 2420/2628/898/203 2422/2630/898/203 2421/2629/898/203
f 2423/2631/898/203 2422/2630/898/203 2420/2628/898/203
f 2533/2741/949/217 2534/2742/949/217 2535/2743/949/217
f 2534/2742/949/217 2536/2744/949/217 2535/2743/949/217
f 2537/2745/949/217 2536/2744/949/217 2534/2742/949/217
f 2575/2783/976/219 2576/2784/976/219 2577/2785/976/219
f 2576/2784/976/219 2578/2786/976/219 2577/2785/976/219
f 2579/2787/976/219 2578/2786/976/219 2576/2784/976/219
f 2631/2839/1008/223 2632/2840/1008/223 2633/2841/1008/223
f 2632/2840/1008/223 2634/2842/1008/223 2633/2841/1008/223
f 2635/2843/1008/223 2634/2842/1008/223 2632/2840/1008/223
f 2697/2905/1044/228 2698/2906/1044/228 2699/2907/1044/228
f 2698/2906/1044/228 2700/2908/1044/228 2699/2907/1044/228
f 2701/2909/1044/228 2700/2908/1044/228 2698/2906/1044/228
usemtl wallkn_g
s off
f 1832/2018/568/151 1833/2019/569/151 1834/2020/570/151 1835/2021/571/151
f 1836/2022/572/151 1837/2023/573/151 1838/2024/574/151 1839/2025/575/151
f 1837/2023/573/151 1832/2018/568/151 1835/2021/571/151 1838/2024/574/151
f 1996/2182/648/167 1997/2183/649/167 1998/2184/650/167 1999/2185/651/167
f 2000/2186/652/167 2001/2187/653/167 2002/2188/654/167 2003/2189/655/167
f 2001/2187/653/167 1996/2182/648/167 1999/2185/651/167 2002/2188/654/167
f 2054/2240/685/171 2055/2241/686/171 2056/2242/687/171 2057/2243/688/171
f 2058/2244/689/171 2059/2245/690/171 2060/2246/691/171 2061/2247/692/171
f 2059/2245/690/171 2054/2240/685/171 2057/2243/688/171 2060/2246/691/171
f 2075/2266/702/173 2076/2267/703/173 2077/2268/703/173 2078/2269/702/173
f 2076/2267/703/173 2079/2270/704/173 2080/2271/704/173 2077/2268/703/173
f 2081/2272/702/173 2082/2273/702/173 2083/2274/705/173 2084/2275/705/173
f 2116/2302/714/179 2117/2303/715/179 2118/2304/716/179 2119/2305/717/179
f 2120/2306/718/179 2121/2307/719/179 2122/2308/720/179 2123/2309/721/179
f 2121/2307/719/179 2116/2302/714/179 2119/2305/717/179 2122/2308/720/179
f 2172/2358/746/183 2173/2359/747/183 2174/2360/748/183 2175/2361/749/183
f 2176/2362/750/183 2177/2363/751/183 2178/2364/752/183 2179/2365/753/183
f 2177/2363/751/183 2172/2358/746/183 2175/2361/749/183 2178/2364/752/183
f 2193/2384/763/185 2194/2385/764/185 2195/2386/764/185 2196/2387/763/185
f 2194/2385/764/185 2197/2388/765/185 2198/2389/765/185 2195/2386/764/185
f 2199/2390/763/185 2200/2391/763/185 2201/2392/766/185 2202/2393/766/185
f 2203/2394/767/186 2204/2395/768/186 2205/2396/768/186 2206/2397/767/186
f 2204/2395/768/186 2207/2398/769/186 2208/2399/769/186 2205/2396/768/186
f 2209/2400/767/186 2210/2401/767/186 2211/2402/770/186 2212/2403/770/186
f 2252/2438/787/190 2253/2439/788/190 2254/2440/789/190 2255/2441/790/190
f 2256/2442/791/190 2257/2443/792/190 2258/2444/793/190 2259/2445/794/190
f 2257/2443/792/190 2252/2438/787/190 2255/2441/790/190 2258/2444/793/190
f 2281/2472/806/194 2282/2473/807/194 2283/2474/807/194 2284/2475/806/194
f 2282/2473/807/194 2285/2476/808/194 2286/2477/808/194 2283/2474/807/194
f 2287/2478/806/194 2288/2479/806/194 2289/2480/809/194 2290/2481/809/194
f 2346/2532/836/198 2347/2533/837/198 2348/2534/838/198 2349/2535/839/198
f 2350/2536/840/198 2351/2537/841/198 2352/2538/842/198 2353/2539/843/198
f 2351/2537/841/198 2346/2532/836/198 2349/2535/839/198 2352/2538/842/198
f 2398/2584/867/201 2399/2585/868/201 2400/2586/869/201 2401/2587/870/201
f 2402/2588/871/201 2403/2589/872/201 2404/2590/873/201 2405/2591/874/201
f 2403/2589/872/201 2398/2584/867/201 2401/2587/870/201 2404/2590/873/201
f 2424/2610/884/203 2425/2611/885/203 2426/2612/886/203 2427/2613/887/203
f 2428/2614/888/203 2429/2615/889/203 2430/2616/890/203 2431/2617/891/203
f 2429/2615/889/203 2424/2610/884/203 2427/2613/887/203 2430/2616/890/203
f 2453/2644/903/207 2454/2645/904/207 2455/2646/904/207 2456/2647/903/207
f 2454/2645/904/207 2457/2648/905/207 2458/2649/905/207 2455/2646/904/207
f 2459/2650/903/207 2460/2651/903/207 2461/2652/906/207 2462/2653/906/207
f 2471/2662/909/210 2472/2663/910/210 2473/2664/910/210 2474/2665/909/210
f 2472/2663/910/210 2475/2666/911/210 2476/2667/911/210 2473/2664/910/210
f 2477/2668/909/210 2478/2669/909/210 2479/2670/912/210 2480/2671/912/210
f 2485/2676/914/212 2486/2677/915/212 2487/2678/915/212 2488/2679/914/212
f 2486/2677/915/212 2489/2680/916/212 2490/2681/916/212 2487/2678/915/212
f 2491/2682/914/212 2492/2683/914/212 2493/2684/917/212 2494/2685/917/212
f 2538/2724/935/217 2539/2725/936/217 2540/2726/937/217 2541/2727/938/217
f 2542/2728/939/217 2543/2729/940/217 2544/2730/941/217 2545/2731/942/217
f 2543/2729/940/217 2538/2724/935/217 2541/2727/938/217 2544/2730/941/217
f 2580/2766/962/219 2581/2767/963/219 2582/2768/964/219 2583/2769/965/219
f 2584/2770/966/219 2585/2771/967/219 2586/2772/968/219 2587/2773/969/219
f 2585/2771/967/219 2580/2766/962/219 2583/2769/965/219 2586/2772/968/219
f 2597/2788/978/220 2598/2789/979/220 2599/2790/979/220 2600/2791/978/220
f 2598/2789/979/220 2601/2792/980/220 2602/2793/980/220 2599/2790/979/220
f 2603/2794/978/220 2604/2795/978/220 2605/2796/981/220 2606/2797/981/220
f 2636/2822/994/223 2637/2823/995/223 2638/2824/996/223 2639/2825/997/223
f 2640/2826/998/223 2641/2827/999/223 2642/2828/1000/223 2643/2829/1001/223
f 2641/2827/999/223 2636/2822/994/223 2639/2825/997/223 2642/2828/1000/223
f 2653/2844/1010/224 2654/2845/1011/224 2655/2846/1011/224 2656/2847/1010/224
f 2654/2845/1011/224 2657/2848/1012/224 2658/2849/1012/224 2655/2846/1011/224
f 2659/2850/1010/224 2660/2851/1010/224 2661/2852/1013/224 2662/2853/1013/224
f 2702/2888/1030/228 2703/2889/1031/228 2704/2890/1032/228 2705/2891/1033/228
f 2706/2892/1034/228 2707/2893/1035/228 2708/2894/1036/228 2709/2895/1037/228
f 2707/2893/1035/228 2702/2888/1030/228 2705/2891/1033/228 2708/2894/1036/228
f 2719/2910/1046/229 2720/2911/1047/229 2721/2912/1047/229 2722/2913/1046/229
f 2720/2911/1047/229 2723/2914/1048/229 2724/2915/1048/229 2721/2912/1047/229
f 2725/2916/1046/229 2726/2917/1046/229 2727/2918/1049/229 2728/2919/1049/229
f 2737/2928/1052/232 2738/2929/1053/232 2739/2930/1053/232 2740/2931/1052/232
f 2738/2929/1053/232 2741/2932/1054/232 2742/2933/1054/232 2739/2930/1053/232
f 2743/2934/1052/232 2744/2935/1052/232 2745/2936/1055/232 2746/2937/1055/232
f 1840/2026/576/151 1841/2027/577/151 1842/2028/578/151
f 1841/2027/577/151 1843/2029/579/151 1842/2028/578/151
f 1842/2028/578/151 1843/2029/579/151 1844/2030/580/151
f 1843/2029/579/151 1845/2031/581/151 1844/2030/580/151
f 1846/2032/580/151 1847/2033/582/151 1848/2034/583/151
f 2004/2190/656/167 2005/2191/657/167 2006/2192/658/167
f 2005/2191/657/167 2007/2193/659/167 2006/2192/658/167
f 2006/2192/658/167 2007/2193/659/167 2008/2194/660/167
f 2007/2193/659/167 2009/2195/661/167 2008/2194/660/167
f 2010/2196/660/167 2011/2197/662/167 2012/2198/663/167
f 2062/2248/693/171 2063/2249/694/171 2064/2250/695/171
f 2063/2249/694/171 2065/2251/696/171 2064/2250/695/171
f 2064/2250/695/171 2065/2251/696/171 2066/2252/697/171
f 2065/2251/696/171 2067/2253/698/171 2066/2252/697/171
f 2068/2254/697/171 2069/2255/699/171 2070/2256/700/171
f 2124/2310/722/179 2125/2311/723/179 2126/2312/724/179
f 2125/2311/723/179 2127/2313/725/179 2126/2312/724/179
f 2126/2312/724/179 2127/2313/725/179 2128/2314/726/179
f 2127/2313/725/179 2129/2315/727/179 2128/2314/726/179
f 2130/2316/726/179 2131/2317/728/179 2132/2318/729/179
f 2180/2366/754/183 2181/2367/755/183 2182/2368/756/183
f 2181/2367/755/183 2183/2369/757/183 2182/2368/756/183
f 2182/2368/756/183 2183/2369/757/183 2184/2370/758/183
f 2183/2369/757/183 2185/2371/759/183 2184/2370/758/183
f 2186/2372/758/183 2187/2373/760/183 2188/2374/761/183
f 2260/2446/795/190 2261/2447/796/190 2262/2448/797/190
f 2261/2447/796/190 2263/2449/798/190 2262/2448/797/190
f 2262/2448/797/190 2263/2449/798/190 2264/2450/799/190
f 2263/2449/798/190 2265/2451/800/190 2264/2450/799/190
f 2266/2452/799/190 2267/2453/801/190 2268/2454/802/190
f 2354/2540/844/198 2355/2541/845/198 2356/2542/846/198
f 2355/2541/845/198 2357/2543/847/198 2356/2542/846/198
f 2356/2542/846/198 2357/2543/847/198 2358/2544/848/198
f 2357/2543/847/198 2359/2545/849/198 2358/2544/848/198
f 2360/2546/848/198 2361/2547/850/198 2362/2548/851/198
f 2406/2592/875/201 2407/2593/876/201 2408/2594/877/201
f 2407/2593/876/201 2409/2595/878/201 2408/2594/877/201
f 2408/2594/877/201 2409/2595/878/201 2410/2596/879/201
f 2409/2595/878/201 2411/2597/880/201 2410/2596/879/201
f 2412/2598/879/201 2413/2599/881/201 2414/2600/882/201
f 2432/2618/892/203 2433/2619/893/203 2434/2620/894/203
f 2433/2619/893/203 2435/2621/895/203 2434/2620/894/203
f 2434/2620/894/203 2435/2621/895/203 2436/2622/896/203
f 2435/2621/895/203 2437/2623/897/203 2436/2622/896/203
f 2438/2624/896/203 2439/2625/898/203 2440/2626/899/203
f 2546/2732/943/217 2547/2733/944/217 2548/2734/945/217
f 2547/2733/944/217 2549/2735/946/217 2548/2734/945/217
f 2548/2734/945/217 2549/2735/946/217 2550/2736/947/217
f 2549/2735/946/217 2551/2737/948/217 2550/2736/947/217
f 2552/2738/947/217 2553/2739/949/217 2554/2740/950/217
f 2588/2774/970/219 2589/2775/971/219 2590/2776/972/219
f 2589/2775/971/219 2591/2777/973/219 2590/2776/972/219
f 2590/2776/972/219 2591/2777/973/219 2592/2778/974/219
f 2591/2777/973/219 2593/2779/975/219 2592/2778/974/219
f 2594/2780/974/219 2595/2781/976/219 2596/2782/977/219
f 2644/2830/1002/223 2645/2831/1003/223 2646/2832/1004/223
f 2645/2831/1003/223 2647/2833/1005/223 2646/2832/1004/223
f 2646/2832/1004/223 2647/2833/1005/223 2648/2834/1006/223
f 2647/2833/1005/223 2649/2835/1007/223 2648/2834/1006/223
f 2650/2836/1006/223 2651/2837/1008/223 2652/2838/1009/223
f 2710/2896/1038/228 2711/2897/1039/228 2712/2898/1040/228
f 2711/2897/1039/228 2713/2899/1041/228 2712/2898/1040/228
f 2712/2898/1040/228 2713/2899/1041/228 2714/2900/1042/228
f 2713/2899/1041/228 2715/2901/1043/228 2714/2900/1042/228
f 2716/2902/1042/228 2717/2903/1044/228 2718/2904/1045/228
usemtl d0gake_001b
s off
f 1031/1089/190/91 1032/1090/191/91 1033/1091/192/91 1034/1092/190/91
f 1035/1093/193/91 1032/1090/194/91 1036/1094/195/91 1037/1095/193/91
f 1038/1096/196/91 1039/1097/196/91 1040/1098/196/91 1041/1099/196/91
f 1042/1100/197/91 1043/1101/198/91 1031/1089/198/91 1044/1102/199/91
f 1032/1090/191/91 1035/1093/200/91 1045/1103/200/91 1033/1091/192/91
f 1040/1098/201/91 1042/1100/197/91 1044/1102/199/91 1041/1099/201/91
f 1032/1090/194/91 1031/1089/202/91 1043/1101/202/91 1036/1094/195/91
f 1044/1102/203/91 1031/1089/190/91 1034/1092/190/91 1046/1104/203/91
f 1047/1105/204/91 1035/1093/205/91 1048/1106/206/91 1049/1107/204/91
f 1385/1500/325/115 1386/1501/326/115 1387/1502/327/115 1388/1503/325/115
f 1389/1504/328/115 1386/1501/329/115 1390/1505/330/115 1391/1506/328/115
f 1392/1507/331/115 1393/1508/331/115 1394/1509/331/115 1395/1510/331/115
f 1396/1511/332/115 1397/1512/333/115 1385/1500/333/115 1398/1513/334/115
f 1386/1501/326/115 1389/1504/335/115 1399/1514/335/115 1387/1502/327/115
f 1394/1509/336/115 1396/1511/332/115 1398/1513/334/115 1395/1510/336/115
f 1386/1501/329/115 1385/1500/337/115 1397/1512/337/115 1390/1505/330/115
f 1398/1513/338/115 1385/1500/325/115 1388/1503/325/115 1400/1515/338/115
f 1401/1516/339/115 1389/1504/340/115 1402/1517/341/115 1403/1518/339/115
f 1048/1106/206/91 1035/1093/205/91 1037/1095/207/91
f 1050/1108/208/91 1051/1109/209/91 1047/1105/210/91
f 1051/1109/209/91 1045/1103/211/91 1047/1105/210/91
f 1045/1103/212/91 1051/1109/213/91 1033/1091/214/91
f 1051/1109/213/91 1034/1092/215/91 1033/1091/214/91
f 1049/1107/216/91 1038/1096/217/91 1050/1108/218/91
f 1038/1096/217/91 1041/1099/219/91 1050/1108/218/91
f 1041/1110/220/91 1044/1111/220/91 1050/1108/220/91
f 1049/1107/221/91 1050/1108/221/91 1047/1105/221/91
f 1050/1112/222/91 1046/1113/222/91 1051/1114/222/91
f 1046/1104/223/91 1034/1092/223/91 1051/1109/223/91
f 1050/1108/224/91 1044/1115/224/91 1046/1116/224/91
f 1035/1093/225/91 1047/1105/225/91 1045/1103/225/91
f 1049/1107/226/91 1039/1097/226/91 1038/1096/226/91
f 1402/1517/341/115 1389/1504/340/115 1391/1506/342/115
f 1404/1519/343/115 1405/1520/344/115 1401/1516/345/115
f 1405/1520/344/115 1399/1514/346/115 1401/1516/345/115
f 1399/1514/347/115 1405/1520/348/115 1387/1502/349/115
f 1405/1520/348/115 1388/1503/350/115 1387/1502/349/115
f 1403/1518/351/115 1392/1507/352/115 1404/1519/353/115
f 1392/1507/352/115 1395/1510/354/115 1404/1519/353/115
f 1395/1521/355/115 1398/1522/355/115 1404/1519/355/115
f 1403/1518/356/115 1404/1519/356/115 1401/1516/356/115
f 1404/1523/357/115 1400/1524/357/115 1405/1525/357/115
f 1400/1515/358/115 1388/1503/358/115 1405/1520/358/115
f 1404/1519/359/115 1398/1526/359/115 1400/1527/359/115
f 1389/1504/360/115 1401/1516/360/115 1399/1514/360/115
f 1403/1518/361/115 1393/1508/361/115 1392/1507/361/115
usemtl ga_s_futa
s off
f 1195/1291/274/101 1196/1292/275/101 1197/1293/276/101 1198/1294/274/101
f 1199/1295/277/101 1196/1292/278/101 1200/1296/279/101 1201/1297/277/101
f 1202/1298/280/101 1203/1299/280/101 1204/1300/280/101 1205/1301/280/101
f 1206/1302/281/101 1207/1303/282/101 1195/1291/282/101 1208/1304/283/101
f 1196/1292/275/101 1199/1295/284/101 1209/1305/284/101 1197/1293/276/101
f 1204/1300/285/101 1206/1302/281/101 1208/1304/283/101 1205/1301/285/101
f 1196/1292/278/101 1195/1291/286/101 1207/1303/286/101 1200/1296/279/101
f 1208/1304/287/101 1195/1291/274/101 1198/1294/274/101 1210/1306/287/101
f 1211/1307/288/101 1199/1295/289/101 1212/1308/290/101 1213/1309/288/101
f 1212/1308/290/101 1199/1295/289/101 1201/1297/291/101
f 1214/1310/292/101 1215/1311/293/101 1211/1307/294/101
f 1215/1311/293/101 1209/1305/295/101 1211/1307/294/101
f 1209/1305/296/101 1215/1311/297/101 1197/1293/298/101
f 1215/1311/297/101 1198/1294/299/101 1197/1293/298/101
f 1213/1309/300/101 1202/1298/301/101 1214/1310/302/101
f 1202/1298/301/101 1205/1301/303/101 1214/1310/302/101
f 1205/1312/304/101 1208/1313/304/101 1214/1310/304/101
f 1213/1309/305/101 1214/1310/305/101 1211/1307/305/101
f 1214/1314/306/101 1210/1315/306/101 1215/1316/306/101
f 1210/1306/307/101 1198/1294/307/101 1215/1311/307/101
f 1214/1310/308/101 1208/1317/308/101 1210/1318/308/101
f 1199/1295/309/101 1211/1307/309/101 1209/1305/309/101
f 1213/1309/310/101 1203/1299/310/101 1202/1298/310/101
usemtl ga_s01a_TRANS
s off
f 1052/1117/227/91 1053/1118/227/91 1054/1119/227/91
f 1054/1120/227/91 1053/1118/227/91 1055/1121/227/91
f 1055/1122/227/91 1053/1118/227/91 1056/1123/227/91
f 1056/1124/227/91 1053/1118/227/91 1057/1125/227/91
f 1057/1126/227/91 1053/1118/227/91 1058/1127/227/91
f 1058/1128/227/91 1053/1118/227/91 1059/1129/227/91
f 1059/1130/227/91 1053/1118/227/91 1060/1131/227/91
f 1060/1132/227/91 1053/1118/227/91 1061/1133/227/91
f 1061/1134/227/91 1053/1118/227/91 1062/1135/227/91
f 1062/1136/227/91 1053/1118/227/91 1063/1137/227/91
f 1063/1138/227/91 1053/1118/227/91 1064/1139/227/91
f 1064/1140/227/91 1053/1118/227/91 1052/1141/227/91
f 1086/1170/265/92 1087/1171/265/92 1088/1172/265/92
f 1088/1173/265/92 1087/1171/265/92 1089/1174/265/92
f 1089/1175/265/92 1087/1171/265/92 1090/1176/265/92
f 1090/1177/265/92 1087/1171/265/92 1091/1178/265/92
f 1091/1179/265/92 1087/1171/265/92 1092/1180/265/92
f 1092/1181/265/92 1087/1171/265/92 1093/1182/265/92
f 1093/1183/265/92 1087/1171/265/92 1094/1184/265/92
f 1094/1185/265/92 1087/1171/265/92 1095/1186/265/92
f 1095/1187/265/92 1087/1171/265/92 1096/1188/265/92
f 1096/1189/265/92 1087/1171/265/92 1097/1190/265/92
f 1097/1191/265/92 1087/1171/265/92 1098/1192/265/92
f 1098/1193/265/92 1087/1171/265/92 1086/1194/265/92
f 1216/1319/311/101 1217/1320/311/101 1218/1321/311/101
f 1218/1322/311/101 1217/1320/311/101 1219/1323/311/101
f 1219/1324/311/101 1217/1320/311/101 1220/1325/311/101
f 1220/1326/311/101 1217/1320/311/101 1221/1327/311/101
f 1221/1328/311/101 1217/1320/311/101 1222/1329/311/101
f 1222/1330/311/101 1217/1320/311/101 1223/1331/311/101
f 1223/1332/311/101 1217/1320/311/101 1224/1333/311/101
f 1224/1334/311/101 1217/1320/311/101 1225/1335/311/101
f 1225/1336/311/101 1217/1320/311/101 1226/1337/311/101
f 1226/1338/311/101 1217/1320/311/101 1227/1339/311/101
f 1227/1340/311/101 1217/1320/311/101 1228/1341/311/101
f 1228/1342/311/101 1217/1320/311/101 1216/1343/311/101
f 1406/1528/362/115 1407/1529/362/115 1408/1530/362/115
f 1408/1531/362/115 1407/1529/362/115 1409/1532/362/115
f 1409/1533/362/115 1407/1529/362/115 1410/1534/362/115
f 1410/1535/362/115 1407/1529/362/115 1411/1536/362/115
f 1411/1537/362/115 1407/1529/362/115 1412/1538/362/115
f 1412/1539/362/115 1407/1529/362/115 1413/1540/362/115
f 1413/1541/362/115 1407/1529/362/115 1414/1542/362/115
f 1414/1543/362/115 1407/1529/362/115 1415/1544/362/115
f 1415/1545/362/115 1407/1529/362/115 1416/1546/362/115
f 1416/1547/362/115 1407/1529/362/115 1417/1548/362/115
f 1417/1549/362/115 1407/1529/362/115 1418/1550/362/115
f 1418/1551/362/115 1407/1529/362/115 1406/1552/362/115
f 1452/1593/401/117 1453/1594/401/117 1454/1595/401/117
f 1454/1596/401/117 1453/1594/401/117 1455/1597/401/117
f 1455/1598/401/117 1453/1594/401/117 1456/1599/401/117
f 1456/1600/401/117 1453/1594/401/117 1457/1601/401/117
f 1457/1602/401/117 1453/1594/401/117 1458/1603/401/117
f 1458/1604/401/117 1453/1594/401/117 1459/1605/401/117
f 1459/1606/401/117 1453/1594/401/117 1460/1607/401/117
f 1460/1608/401/117 1453/1594/401/117 1461/1609/401/117
f 1461/1610/401/117 1453/1594/401/117 1462/1611/401/117
f 1462/1612/401/117 1453/1594/401/117 1463/1613/401/117
f 1463/1614/401/117 1453/1594/401/117 1464/1615/401/117
f 1464/1616/401/117 1453/1594/401/117 1452/1617/401/117
f 1594/1754/448/127 1595/1755/448/127 1596/1756/448/127
f 1596/1757/448/127 1595/1755/448/127 1597/1758/448/127
f 1597/1759/448/127 1595/1755/448/127 1598/1760/448/127
f 1598/1761/448/127 1595/1755/448/127 1599/1762/448/127
f 1599/1763/448/127 1595/1755/448/127 1600/1764/448/127
f 1600/1765/448/127 1595/1755/448/127 1601/1766/448/127
f 1601/1767/448/127 1595/1755/448/127 1602/1768/448/127
f 1602/1769/448/127 1595/1755/448/127 1603/1770/448/127
f 1603/1771/448/127 1595/1755/448/127 1604/1772/448/127
f 1604/1773/448/127 1595/1755/448/127 1605/1774/448/127
f 1605/1775/448/127 1595/1755/448/127 1606/1776/448/127
f 1606/1777/448/127 1595/1755/448/127 1594/1778/448/127
f 1628/1807/486/128 1629/1808/486/128 1630/1809/486/128
f 1630/1810/486/128 1629/1808/486/128 1631/1811/486/128
f 1631/1812/486/128 1629/1808/486/128 1632/1813/486/128
f 1632/1814/486/128 1629/1808/486/128 1633/1815/486/128
f 1633/1816/486/128 1629/1808/486/128 1634/1817/486/128
f 1634/1818/486/128 1629/1808/486/128 1635/1819/486/128
f 1635/1820/486/128 1629/1808/486/128 1636/1821/486/128
f 1636/1822/486/128 1629/1808/486/128 1637/1823/486/128
f 1637/1824/486/128 1629/1808/486/128 1638/1825/486/128
f 1638/1826/486/128 1629/1808/486/128 1639/1827/486/128
f 1639/1828/486/128 1629/1808/486/128 1640/1829/486/128
f 1640/1830/486/128 1629/1808/486/128 1628/1831/486/128
