mtllib Barrier-Reef_14_11.mtl
o map
v -15.0 -2.125 -4.500001
v -11.0 -2.125 -4.500001
v -11.0 -1.125 -4.500001
v -15.0 -1.125 -4.500001
v -15.0 -2.125 -4.625001
v -11.0 -2.125 -4.625001
v -11.0 -1.125 -4.625001
v -15.0 -1.125 -4.625001
v -15.0 -2.125 -4.875001
v -11.0 -2.125 -4.875001
v -11.0 -1.125 -4.875001
v -15.0 -1.125 -4.875001
v -15.0 -1.125 -4.500001
v -12.0 -1.125 -4.500001
v -12.0 -0.125 -4.500001
v -15.0 -0.125 -4.500001
v -15.0 -1.125 -4.625001
v -12.0 -1.125 -4.625001
v -12.0 -0.125 -4.625001
v -15.0 -0.125 -4.625001
v -15.0 -1.125 -4.875001
v -12.0 -1.125 -4.875001
v -12.0 -0.125 -4.875001
v -15.0 -0.125 -4.875001
v -14.0 -10.125 -5.500001
v -13.0 -10.125 -5.500001
v -13.0 -8.125 -5.500001
v -14.0 -8.125 -5.500001
v -14.0 -10.125 -5.625001
v -13.0 -10.125 -5.625001
v -13.0 -8.125 -5.625001
v -14.0 -8.125 -5.625001
v -14.0 -10.125 -5.875001
v -13.0 -10.125 -5.875001
v -13.0 -8.125 -5.875001
v -14.0 -8.125 -5.875001
v -14.0 -3.125 -4.500001
v -13.0 -3.125 -4.500001
v -13.0 -2.125 -4.500001
v -14.0 -2.125 -4.500001
v -14.0 -3.125 -4.625001
v -13.0 -3.125 -4.625001
v -13.0 -2.125 -4.625001
v -14.0 -2.125 -4.625001
v -14.0 -3.125 -4.875001
v -13.0 -3.125 -4.875001
v -13.0 -2.125 -4.875001
v -14.0 -2.125 -4.875001
v -14.0 -0.125 -4.500001
v -13.0 -0.125 -4.500001
v -13.0 0.875 -4.500001
v -14.0 0.875 -4.500001
v -14.0 -0.125 -4.625001
v -13.0 -0.125 -4.625001
v -13.0 0.875 -4.625001
v -14.0 0.875 -4.625001
v -14.0 -0.125 -4.875001
v -13.0 -0.125 -4.875001
v -13.0 0.875 -4.875001
v -14.0 0.875 -4.875001
v -13.0 -9.125 -5.500001
v -9.0 -9.125 -5.500001
v -9.0 -8.125 -5.500001
v -13.0 -8.125 -5.500001
v -13.0 -9.125 -5.625001
v -9.0 -9.125 -5.625001
v -9.0 -8.125 -5.625001
v -13.0 -8.125 -5.625001
v -13.0 -9.125 -5.875001
v -9.0 -9.125 -5.875001
v -9.0 -8.125 -5.875001
v -13.0 -8.125 -5.875001
v -13.0 -8.125 -5.500001
v -10.0 -8.125 -5.500001
v -10.0 -6.125 -5.500001
v -13.0 -6.125 -5.500001
v -13.0 -8.125 -5.625001
v -10.0 -8.125 -5.625001
v -10.0 -6.125 -5.625001
v -13.0 -6.125 -5.625001
v -13.0 -8.125 -5.875001
v -10.0 -8.125 -5.875001
v -10.0 -6.125 -5.875001
v -13.0 -6.125 -5.875001
v -12.608398 8.5 -3.144531
v -12.318359 7.6601562 -3.144531
v -12.013672 8.027344 -1.9863279
v -12.176758 8.5 -1.9863269
v -11.621094 7.311523 -3.144531
v -12.40625 7.554688 -3.936523
v -11.621094 7.162109 -3.936523
v -10.904297 9.339844 -3.144531
v -10.904297 9.4453125 -3.936523
v -11.621094 9.837891 -3.936523
v -11.621094 9.688477 -3.144531
v -12.40625 9.4453125 -3.936523
v -12.732422 8.5 -3.936523
v -12.318359 9.339844 -3.144531
v -11.621094 7.831055 -1.9863279
v -12.013672 8.972656 -1.9863279
v -11.227539 8.027344 -1.9863279
v -10.834961 7.554688 -3.936523
v -10.545898 8.5 -3.936523
v -11.262695 8.928711 -2.7001948
v -11.621094 8.5 -1.460937
v -10.885136 7.106205 -3.8125
v -11.6897335 8.5 -3.812499
v -11.6897335 6.890807 -3.812499
v -12.494329 7.106205 -3.812498
v -13.08269 7.695404 -3.812498
v -13.298925 8.5 -3.812498
v -13.08269 9.304596 -3.812498
v -12.494329 9.893795 -3.812498
v -11.6897335 10.109193 -3.812499
v -10.885136 9.893795 -3.8125
v -10.295937 9.304596 -3.8125
v -10.080539 8.5 -3.8125
v -10.295937 7.695404 -3.8125
v -12.0 -11.125 -5.500001
v -11.0 -11.125 -5.500001
v -11.0 -9.125 -5.500001
v -12.0 -9.125 -5.500001
v -12.0 -11.125 -5.625001
v -11.0 -11.125 -5.625001
v -11.0 -9.125 -5.625001
v -12.0 -9.125 -5.625001
v -12.0 -11.125 -5.875001
v -11.0 -11.125 -5.875001
v -11.0 -9.125 -5.875001
v -12.0 -9.125 -5.875001
v -12.0 -6.125 -5.500001
v -11.0 -6.125 -5.500001
v -11.0 -5.125 -5.500001
v -12.0 -5.125 -5.500001
v -12.0 -6.125 -5.625001
v -11.0 -6.125 -5.625001
v -11.0 -5.125 -5.625001
v -12.0 -5.125 -5.625001
v -12.0 -6.125 -5.875001
v -11.0 -6.125 -5.875001
v -11.0 -5.125 -5.875001
v -12.0 -5.125 -5.875001
v -11.0 -11.125 -5.500001
v -10.0 -11.125 -5.500001
v -10.0 -10.125 -5.500001
v -11.0 -10.125 -5.500001
v -11.0 -11.125 -5.625001
v -10.0 -11.125 -5.625001
v -10.0 -10.125 -5.625001
v -11.0 -10.125 -5.625001
v -11.0 -11.125 -5.875001
v -10.0 -11.125 -5.875001
v -10.0 -10.125 -5.875001
v -11.0 -10.125 -5.875001
v -11.0 11.875 -2.500001
v -7.0 11.875 -2.500001
v -7.0 12.875 -2.500001
v -11.0 12.875 -2.500001
v -11.0 11.875 -2.625001
v -7.0 11.875 -2.625001
v -7.0 12.875 -2.625001
v -11.0 12.875 -2.625001
v -11.0 11.875 -2.875001
v -7.0 11.875 -2.875001
v -7.0 12.875 -2.875001
v -11.0 12.875 -2.875001
v -10.0 0.875 -4.500001
v -4.0 0.875 -4.500001
v -4.0 1.875 -4.500001
v -10.0 1.875 -4.500001
v -10.0 0.875 -4.625001
v -4.0 0.875 -4.625001
v -4.0 1.875 -4.625001
v -10.0 1.875 -4.625001
v -10.0 0.875 -4.875001
v -4.0 0.875 -4.875001
v -4.0 1.875 -4.875001
v -10.0 1.875 -4.875001
v -10.0 12.875 -2.500001
v -7.0 12.875 -2.500001
v -7.0 13.875 -2.500001
v -10.0 13.875 -2.500001
v -10.0 12.875 -2.625001
v -7.0 12.875 -2.625001
v -7.0 13.875 -2.625001
v -10.0 13.875 -2.625001
v -10.0 12.875 -2.875001
v -7.0 12.875 -2.875001
v -7.0 13.875 -2.875001
v -10.0 13.875 -2.875001
v -9.0 -0.125 -4.500001
v -6.0 -0.125 -4.500001
v -6.0 0.875 -4.500001
v -9.0 0.875 -4.500001
v -9.0 -0.125 -4.625001
v -6.0 -0.125 -4.625001
v -6.0 0.875 -4.625001
v -9.0 0.875 -4.625001
v -9.0 -0.125 -4.875001
v -6.0 -0.125 -4.875001
v -6.0 0.875 -4.875001
v -9.0 0.875 -4.875001
v -9.0 1.875 -4.500001
v -5.0 1.875 -4.500001
v -5.0 2.875 -4.500001
v -9.0 2.875 -4.500001
v -9.0 1.875 -4.625001
v -5.0 1.875 -4.625001
v -5.0 2.875 -4.625001
v -9.0 2.875 -4.625001
v -9.0 1.875 -4.875001
v -5.0 1.875 -4.875001
v -5.0 2.875 -4.875001
v -9.0 2.875 -4.875001
v -9.0 13.875 -2.500001
v -6.0 13.875 -2.500001
v -6.0 14.875 -2.500001
v -9.0 14.875 -2.500001
v -9.0 13.875 -2.625001
v -6.0 13.875 -2.625001
v -6.0 14.875 -2.625001
v -9.0 14.875 -2.625001
v -9.0 13.875 -2.875001
v -6.0 13.875 -2.875001
v -6.0 14.875 -2.875001
v -9.0 14.875 -2.875001
v -8.0 2.875 -4.500001
v -6.0 2.875 -4.500001
v -6.0 3.875 -4.500001
v -8.0 3.875 -4.500001
v -8.0 2.875 -4.625001
v -6.0 2.875 -4.625001
v -6.0 3.875 -4.625001
v -8.0 3.875 -4.625001
v -8.0 2.875 -4.875001
v -6.0 2.875 -4.875001
v -6.0 3.875 -4.875001
v -8.0 3.875 -4.875001
v -8.0 14.875 -2.500001
v -7.0 14.875 -2.500001
v -7.0 15.875 -2.500001
v -8.0 15.875 -2.500001
v -8.0 14.875 -2.625001
v -7.0 14.875 -2.625001
v -7.0 15.875 -2.625001
v -8.0 15.875 -2.625001
v -8.0 14.875 -2.875001
v -7.0 14.875 -2.875001
v -7.0 15.875 -2.875001
v -8.0 15.875 -2.875001
v -4.5 -5.608398 -5.1445312
v -3.660156 -5.318359 -5.1445312
v -4.0273438 -5.013672 -3.986328
v -4.5 -5.176758 -3.986327
v -3.311523 -4.6210938 -5.1445312
v -3.554688 -5.40625 -5.936523
v -3.162109 -4.6210938 -5.936523
v -5.3398438 -3.9042969 -5.1445312
v -5.445312 -3.9042969 -5.936523
v -5.837891 -4.6210938 -5.936523
v -5.688477 -4.6210938 -5.1445312
v -5.445312 -5.40625 -5.936523
v -4.5 -5.732422 -5.936523
v -5.3398438 -5.318359 -5.1445312
v -3.831055 -4.6210938 -3.986328
v -4.9726562 -5.013672 -3.986328
v -4.0273438 -4.227539 -3.986328
v -3.554688 -3.834961 -5.936523
v -4.5 -3.545899 -5.936523
v -4.928711 -4.262695 -4.700195
v -4.5 -4.6210938 -3.460937
v -3.106205 -3.8851361 -5.8125
v -4.5 -4.689733 -5.812499
v -2.8908072 -4.689733 -5.812499
v -3.106205 -5.494329 -5.812498
v -3.695404 -6.0826902 -5.812498
v -4.5 -6.298925 -5.812498
v -5.304596 -6.0826902 -5.812498
v -5.893795 -5.494329 -5.812498
v -6.109193 -4.689733 -5.812499
v -5.893795 -3.8851361 -5.8125
v -5.304596 -3.295936 -5.8125
v -4.5 -3.080539 -5.8125
v -3.695404 -3.295936 -5.8125
v -6.0 6.875 -3.500001
v -4.0 6.875 -3.500001
v -4.0 7.875 -3.500001
v -6.0 7.875 -3.500001
v -6.0 6.875 -3.625001
v -4.0 6.875 -3.625001
v -4.0 7.875 -3.625001
v -6.0 7.875 -3.625001
v -6.0 6.875 -3.875001
v -4.0 6.875 -3.875001
v -4.0 7.875 -3.875001
v -6.0 7.875 -3.875001
v -5.0 7.875 -3.500001
v -4.0 7.875 -3.500001
v -4.0 9.875 -3.500001
v -5.0 9.875 -3.500001
v -5.0 7.875 -3.625001
v -4.0 7.875 -3.625001
v -4.0 9.875 -3.625001
v -5.0 9.875 -3.625001
v -5.0 7.875 -3.875001
v -4.0 7.875 -3.875001
v -4.0 9.875 -3.875001
v -5.0 9.875 -3.875001
v -4.0 -15.125 -6.500001
v 0.0 -15.125 -6.500001
v 0.0 -14.125 -6.500001
v -4.0 -14.125 -6.500001
v -4.0 -15.125 -6.625001
v 0.0 -15.125 -6.625001
v 0.0 -14.125 -6.625001
v -4.0 -14.125 -6.625001
v -4.0 -15.125 -6.875001
v 0.0 -15.125 -6.875001
v 0.0 -14.125 -6.875001
v -4.0 -14.125 -6.875001
v -4.0 -12.125 -6.500001
v 1.0 -12.125 -6.500001
v 1.0 -11.125 -6.500001
v -4.0 -11.125 -6.500001
v -4.0 -12.125 -6.625001
v 1.0 -12.125 -6.625001
v 1.0 -11.125 -6.625001
v -4.0 -11.125 -6.625001
v -4.0 -12.125 -6.875001
v 1.0 -12.125 -6.875001
v 1.0 -11.125 -6.875001
v -4.0 -11.125 -6.875001
v -4.0 7.875 -3.500001
v -3.0 7.875 -3.500001
v -3.0 8.875 -3.500001
v -4.0 8.875 -3.500001
v -4.0 7.875 -3.625001
v -3.0 7.875 -3.625001
v -3.0 8.875 -3.625001
v -4.0 8.875 -3.625001
v -4.0 7.875 -3.875001
v -3.0 7.875 -3.875001
v -3.0 8.875 -3.875001
v -4.0 8.875 -3.875001
v -3.0 -16.125 -6.500001
v -1.0 -16.125 -6.500001
v -1.0 -15.125 -6.500001
v -3.0 -15.125 -6.500001
v -3.0 -16.125 -6.625001
v -1.0 -16.125 -6.625001
v -1.0 -15.125 -6.625001
v -3.0 -15.125 -6.625001
v -3.0 -16.125 -6.875001
v -1.0 -16.125 -6.875001
v -1.0 -15.125 -6.875001
v -3.0 -15.125 -6.875001
v -3.0 -13.125 -6.500001
v 0.0 -13.125 -6.500001
v 0.0 -12.125 -6.500001
v -3.0 -12.125 -6.500001
v -3.0 -13.125 -6.625001
v 0.0 -13.125 -6.625001
v 0.0 -12.125 -6.625001
v -3.0 -12.125 -6.625001
v -3.0 -13.125 -6.875001
v 0.0 -13.125 -6.875001
v 0.0 -12.125 -6.875001
v -3.0 -12.125 -6.875001
v -2.0 -14.125 -6.500001
v 1.0 -14.125 -6.500001
v 1.0 -13.125 -6.500001
v -2.0 -13.125 -6.500001
v -2.0 -14.125 -6.625001
v 1.0 -14.125 -6.625001
v 1.0 -13.125 -6.625001
v -2.0 -13.125 -6.625001
v -2.0 -14.125 -6.875001
v 1.0 -14.125 -6.875001
v 1.0 -13.125 -6.875001
v -2.0 -13.125 -6.875001
v -2.0 -10.125 -5.500001
v 3.0 -10.125 -5.500001
v 3.0 -9.125 -5.500001
v -2.0 -9.125 -5.500001
v -2.0 -10.125 -5.625001
v 3.0 -10.125 -5.625001
v 3.0 -9.125 -5.625001
v -2.0 -9.125 -5.625001
v -2.0 -10.125 -5.875001
v 3.0 -10.125 -5.875001
v 3.0 -9.125 -5.875001
v -2.0 -9.125 -5.875001
v -1.0 -9.125 -5.500001
v 3.0 -9.125 -5.500001
v 3.0 -8.125 -5.500001
v -1.0 -8.125 -5.500001
v -1.0 -9.125 -5.625001
v 3.0 -9.125 -5.625001
v 3.0 -8.125 -5.625001
v -1.0 -8.125 -5.625001
v -1.0 -9.125 -5.875001
v 3.0 -9.125 -5.875001
v 3.0 -8.125 -5.875001
v -1.0 -8.125 -5.875001
v 0.0 -7.125 -5.500001
v 5.0 -7.125 -5.500001
v 5.0 -6.125 -5.500001
v 0.0 -6.125 -5.500001
v 0.0 -7.125 -5.625001
v 5.0 -7.125 -5.625001
v 5.0 -6.125 -5.625001
v 0.0 -6.125 -5.625001
v 0.0 -7.125 -5.875001
v 5.0 -7.125 -5.875001
v 5.0 -6.125 -5.875001
v 0.0 -6.125 -5.875001
v 0.0 8.875 -4.500001
v 1.0 8.875 -4.500001
v 1.0 10.875 -4.500001
v 0.0 10.875 -4.500001
v 0.0 8.875 -4.625001
v 1.0 8.875 -4.625001
v 1.0 10.875 -4.625001
v 0.0 10.875 -4.625001
v 0.0 8.875 -4.875001
v 1.0 8.875 -4.875001
v 1.0 10.875 -4.875001
v 0.0 10.875 -4.875001
v 1.0 -8.125 -5.500001
v 3.0 -8.125 -5.500001
v 3.0 -7.125 -5.500001
v 1.0 -7.125 -5.500001
v 1.0 -8.125 -5.625001
v 3.0 -8.125 -5.625001
v 3.0 -7.125 -5.625001
v 1.0 -7.125 -5.625001
v 1.0 -8.125 -5.875001
v 3.0 -8.125 -5.875001
v 3.0 -7.125 -5.875001
v 1.0 -7.125 -5.875001
v 1.0 -6.125 -5.500001
v 2.0 -6.125 -5.500001
v 2.0 -4.125 -5.500001
v 1.0 -4.125 -5.500001
v 1.0 -6.125 -5.625001
v 2.0 -6.125 -5.625001
v 2.0 -4.125 -5.625001
v 1.0 -4.125 -5.625001
v 1.0 -6.125 -5.875001
v 2.0 -6.125 -5.875001
v 2.0 -4.125 -5.875001
v 1.0 -4.125 -5.875001
v 1.391602 7.5 -4.1445312
v 1.6816411 6.6601562 -4.1445312
v 1.9863279 7.0273438 -2.986328
v 1.823242 7.5 -2.986327
v 2.378906 6.311523 -4.1445312
v 1.59375 6.554688 -4.936523
v 2.378906 6.162109 -4.936523
v 3.0957031 8.339844 -4.1445312
v 3.0957031 8.4453125 -4.936523
v 2.378906 8.837891 -4.936523
v 2.378906 8.688477 -4.1445312
v 1.59375 8.4453125 -4.936523
v 1.2675779 7.5 -4.936523
v 1.6816411 8.339844 -4.1445312
v 2.378906 6.831055 -2.986328
v 1.9863279 7.9726562 -2.986328
v 2.772461 7.0273438 -2.986328
v 3.165039 6.554688 -4.936523
v 3.454101 7.5 -4.936523
v 2.7373052 7.928711 -3.7001948
v 2.378906 7.5 -2.460937
v 3.1148639 6.106205 -4.8125
v 2.310267 7.5 -4.812499
v 2.310267 5.890807 -4.812499
v 1.505671 6.106205 -4.812498
v 0.91731 6.695404 -4.812498
v 0.7010751 7.5 -4.812498
v 0.91731 8.304596 -4.812498
v 1.505671 8.893795 -4.812498
v 2.310267 9.109193 -4.812499
v 3.1148639 8.893795 -4.8125
v 3.704064 8.304596 -4.8125
v 3.919461 7.5 -4.8125
v 3.704064 6.695404 -4.8125
v 1.0 9.875 -4.500001
v 2.0 9.875 -4.500001
v 2.0 14.875 -4.500001
v 1.0 14.875 -4.500001
v 1.0 9.875 -4.625001
v 2.0 9.875 -4.625001
v 2.0 14.875 -4.625001
v 1.0 14.875 -4.625001
v 1.0 9.875 -4.875001
v 2.0 9.875 -4.875001
v 2.0 14.875 -4.875001
v 1.0 14.875 -4.875001
v 2.0 -6.125 -5.500001
v 3.0 -6.125 -5.500001
v 3.0 -5.125 -5.500001
v 2.0 -5.125 -5.500001
v 2.0 -6.125 -5.625001
v 3.0 -6.125 -5.625001
v 3.0 -5.125 -5.625001
v 2.0 -5.125 -5.625001
v 2.0 -6.125 -5.875001
v 3.0 -6.125 -5.875001
v 3.0 -5.125 -5.875001
v 2.0 -5.125 -5.875001
v 2.0 10.875 -4.500001
v 3.0 10.875 -4.500001
v 3.0 12.875 -4.500001
v 2.0 12.875 -4.500001
v 2.0 10.875 -4.625001
v 3.0 10.875 -4.625001
v 3.0 12.875 -4.625001
v 2.0 12.875 -4.625001
v 2.0 10.875 -4.875001
v 3.0 10.875 -4.875001
v 3.0 12.875 -4.875001
v 2.0 12.875 -4.875001
v 3.0 -1.125 -5.500001
v 5.0 -1.125 -5.500001
v 5.0 -0.125 -5.500001
v 3.0 -0.125 -5.500001
v 3.0 -1.125 -5.625001
v 5.0 -1.125 -5.625001
v 5.0 -0.125 -5.625001
v 3.0 -0.125 -5.625001
v 3.0 -1.125 -5.875001
v 5.0 -1.125 -5.875001
v 5.0 -0.125 -5.875001
v 3.0 -0.125 -5.875001
v 3.0 0.875 -5.500001
v 6.0 0.875 -5.500001
v 6.0 1.875 -5.500001
v 3.0 1.875 -5.500001
v 3.0 0.875 -5.625001
v 6.0 0.875 -5.625001
v 6.0 1.875 -5.625001
v 3.0 1.875 -5.625001
v 3.0 0.875 -5.875001
v 6.0 0.875 -5.875001
v 6.0 1.875 -5.875001
v 3.0 1.875 -5.875001
v 3.0 1.875 -5.500001
v 5.0 1.875 -5.500001
v 5.0 2.875 -5.500001
v 3.0 2.875 -5.500001
v 3.0 1.875 -5.625001
v 5.0 1.875 -5.625001
v 5.0 2.875 -5.625001
v 3.0 2.875 -5.625001
v 3.0 1.875 -5.875001
v 5.0 1.875 -5.875001
v 5.0 2.875 -5.875001
v 3.0 2.875 -5.875001
v 4.0 -12.125 -6.500001
v 7.0 -12.125 -6.500001
v 7.0 -11.125 -6.500001
v 4.0 -11.125 -6.500001
v 4.0 -12.125 -6.625001
v 7.0 -12.125 -6.625001
v 7.0 -11.125 -6.625001
v 4.0 -11.125 -6.625001
v 4.0 -12.125 -6.875001
v 7.0 -12.125 -6.875001
v 7.0 -11.125 -6.875001
v 4.0 -11.125 -6.875001
v 4.0 -0.125 -5.500001
v 6.0 -0.125 -5.500001
v 6.0 0.875 -5.500001
v 4.0 0.875 -5.500001
v 4.0 -0.125 -5.625001
v 6.0 -0.125 -5.625001
v 6.0 0.875 -5.625001
v 4.0 0.875 -5.625001
v 4.0 -0.125 -5.875001
v 6.0 -0.125 -5.875001
v 6.0 0.875 -5.875001
v 4.0 0.875 -5.875001
v 5.0 -13.125 -6.500001
v 7.0 -13.125 -6.500001
v 7.0 -12.125 -6.500001
v 5.0 -12.125 -6.500001
v 5.0 -13.125 -6.625001
v 7.0 -13.125 -6.625001
v 7.0 -12.125 -6.625001
v 5.0 -12.125 -6.625001
v 5.0 -13.125 -6.875001
v 7.0 -13.125 -6.875001
v 7.0 -12.125 -6.875001
v 5.0 -12.125 -6.875001
v 5.0 -11.125 -6.500001
v 6.0 -11.125 -6.500001
v 6.0 -10.125 -6.500001
v 5.0 -10.125 -6.500001
v 5.0 -11.125 -6.625001
v 6.0 -11.125 -6.625001
v 6.0 -10.125 -6.625001
v 5.0 -10.125 -6.625001
v 5.0 -11.125 -6.875001
v 6.0 -11.125 -6.875001
v 6.0 -10.125 -6.875001
v 5.0 -10.125 -6.875001
v 6.0 -14.125 -6.500001
v 8.0 -14.125 -6.500001
v 8.0 -13.125 -6.500001
v 6.0 -13.125 -6.500001
v 6.0 -14.125 -6.625001
v 8.0 -14.125 -6.625001
v 8.0 -13.125 -6.625001
v 6.0 -13.125 -6.625001
v 6.0 -14.125 -6.875001
v 8.0 -14.125 -6.875001
v 8.0 -13.125 -6.875001
v 6.0 -13.125 -6.875001
v 8.0 -4.125 -5.500001
v 12.0 -4.125 -5.500001
v 12.0 -3.125 -5.500001
v 8.0 -3.125 -5.500001
v 8.0 -4.125 -5.625001
v 12.0 -4.125 -5.625001
v 12.0 -3.125 -5.625001
v 8.0 -3.125 -5.625001
v 8.0 -4.125 -5.875001
v 12.0 -4.125 -5.875001
v 12.0 -3.125 -5.875001
v 8.0 -3.125 -5.875001
v 8.0 10.875 -5.500001
v 10.0 10.875 -5.500001
v 10.0 13.875 -5.500001
v 8.0 13.875 -5.500001
v 8.0 10.875 -5.625001
v 10.0 10.875 -5.625001
v 10.0 13.875 -5.625001
v 8.0 13.875 -5.625001
v 8.0 10.875 -5.875001
v 10.0 10.875 -5.875001
v 10.0 13.875 -5.875001
v 8.0 13.875 -5.875001
v 10.5 -14.608398 -6.1445312
v 11.339844 -14.318359 -6.1445312
v 10.972656 -14.013672 -4.986328
v 10.5 -14.176758 -4.986327
v 11.688477 -13.621094 -6.1445312
v 11.4453125 -14.40625 -6.936523
v 11.837891 -13.621094 -6.936523
v 9.660156 -12.904297 -6.1445312
v 9.5546875 -12.904297 -6.936523
v 9.162109 -13.621094 -6.936523
v 9.311523 -13.621094 -6.1445312
v 9.5546875 -14.40625 -6.936523
v 10.5 -14.732422 -6.936523
v 9.660156 -14.318359 -6.1445312
v 11.168945 -13.621094 -4.986328
v 10.027344 -14.013672 -4.986328
v 10.972656 -13.227539 -4.986328
v 11.4453125 -12.834961 -6.936523
v 10.5 -12.545898 -6.936523
v 10.071289 -13.262695 -5.700195
v 10.5 -13.621094 -4.460937
v 11.893795 -12.885136 -6.8125
v 10.5 -13.6897335 -6.812499
v 12.109193 -13.6897335 -6.812499
v 11.893795 -14.494329 -6.812498
v 11.304596 -15.08269 -6.812498
v 10.5 -15.298925 -6.812498
v 9.695404 -15.08269 -6.812498
v 9.106205 -14.494329 -6.812498
v 8.890807 -13.6897335 -6.812499
v 9.106205 -12.885136 -6.8125
v 9.695404 -12.295937 -6.8125
v 10.5 -12.080539 -6.8125
v 11.304596 -12.295937 -6.8125
v 9.0 -6.125 -5.500001
v 10.0 -6.125 -5.500001
v 10.0 -4.125 -5.500001
v 9.0 -4.125 -5.500001
v 9.0 -6.125 -5.625001
v 10.0 -6.125 -5.625001
v 10.0 -4.125 -5.625001
v 9.0 -4.125 -5.625001
v 9.0 -6.125 -5.875001
v 10.0 -6.125 -5.875001
v 10.0 -4.125 -5.875001
v 9.0 -4.125 -5.875001
v 9.0 -3.125 -5.500001
v 14.0 -3.125 -5.500001
v 14.0 -2.125 -5.500001
v 9.0 -2.125 -5.500001
v 9.0 -3.125 -5.625001
v 14.0 -3.125 -5.625001
v 14.0 -2.125 -5.625001
v 9.0 -2.125 -5.625001
v 9.0 -3.125 -5.875001
v 14.0 -3.125 -5.875001
v 14.0 -2.125 -5.875001
v 9.0 -2.125 -5.875001
v 9.0 -2.125 -5.500001
v 10.0 -2.125 -5.500001
v 10.0 -1.125 -5.500001
v 9.0 -1.125 -5.500001
v 9.0 -2.125 -5.625001
v 10.0 -2.125 -5.625001
v 10.0 -1.125 -5.625001
v 9.0 -1.125 -5.625001
v 9.0 -2.125 -5.875001
v 10.0 -2.125 -5.875001
v 10.0 -1.125 -5.875001
v 9.0 -1.125 -5.875001
v 9.0 9.875 -5.500001
v 10.0 9.875 -5.500001
v 10.0 10.875 -5.500001
v 9.0 10.875 -5.500001
v 9.0 9.875 -5.625001
v 10.0 9.875 -5.625001
v 10.0 10.875 -5.625001
v 9.0 10.875 -5.625001
v 9.0 9.875 -5.875001
v 10.0 9.875 -5.875001
v 10.0 10.875 -5.875001
v 9.0 10.875 -5.875001
v 9.0 13.875 -5.500001
v 10.0 13.875 -5.500001
v 10.0 14.875 -5.500001
v 9.0 14.875 -5.500001
v 9.0 13.875 -5.625001
v 10.0 13.875 -5.625001
v 10.0 14.875 -5.625001
v 9.0 14.875 -5.625001
v 9.0 13.875 -5.875001
v 10.0 13.875 -5.875001
v 10.0 14.875 -5.875001
v 9.0 14.875 -5.875001
v 10.0 -5.125 -5.500001
v 12.0 -5.125 -5.500001
v 12.0 -4.125 -5.500001
v 10.0 -4.125 -5.500001
v 10.0 -5.125 -5.625001
v 12.0 -5.125 -5.625001
v 12.0 -4.125 -5.625001
v 10.0 -4.125 -5.625001
v 10.0 -5.125 -5.875001
v 12.0 -5.125 -5.875001
v 12.0 -4.125 -5.875001
v 10.0 -4.125 -5.875001
v 10.0 -1.125 -5.500001
v 11.0 -1.125 -5.500001
v 11.0 -0.125 -5.500001
v 10.0 -0.125 -5.500001
v 10.0 -1.125 -5.625001
v 11.0 -1.125 -5.625001
v 11.0 -0.125 -5.625001
v 10.0 -0.125 -5.625001
v 10.0 -1.125 -5.875001
v 11.0 -1.125 -5.875001
v 11.0 -0.125 -5.875001
v 10.0 -0.125 -5.875001
v 10.0 10.875 -5.500001
v 11.0 10.875 -5.500001
v 11.0 12.875 -5.500001
v 10.0 12.875 -5.500001
v 10.0 10.875 -5.625001
v 11.0 10.875 -5.625001
v 11.0 12.875 -5.625001
v 10.0 12.875 -5.625001
v 10.0 10.875 -5.875001
v 11.0 10.875 -5.875001
v 11.0 12.875 -5.875001
v 10.0 12.875 -5.875001
v 11.0 -10.125 -6.500001
v 15.0 -10.125 -6.500001
v 15.0 -9.125 -6.500001
v 11.0 -9.125 -6.500001
v 11.0 -10.125 -6.625001
v 15.0 -10.125 -6.625001
v 15.0 -9.125 -6.625001
v 11.0 -9.125 -6.625001
v 11.0 -10.125 -6.875001
v 15.0 -10.125 -6.875001
v 15.0 -9.125 -6.875001
v 11.0 -9.125 -6.875001
v 11.0 -6.125 -5.500001
v 12.0 -6.125 -5.500001
v 12.0 -5.125 -5.500001
v 11.0 -5.125 -5.500001
v 11.0 -6.125 -5.625001
v 12.0 -6.125 -5.625001
v 12.0 -5.125 -5.625001
v 11.0 -5.125 -5.625001
v 11.0 -6.125 -5.875001
v 12.0 -6.125 -5.875001
v 12.0 -5.125 -5.875001
v 11.0 -5.125 -5.875001
v 11.0 -2.125 -5.500001
v 13.0 -2.125 -5.500001
v 13.0 -1.125 -5.500001
v 11.0 -1.125 -5.500001
v 11.0 -2.125 -5.625001
v 13.0 -2.125 -5.625001
v 13.0 -1.125 -5.625001
v 11.0 -1.125 -5.625001
v 11.0 -2.125 -5.875001
v 13.0 -2.125 -5.875001
v 13.0 -1.125 -5.875001
v 11.0 -1.125 -5.875001
v 11.0 4.875 -5.500001
v 15.0 4.875 -5.500001
v 15.0 6.875 -5.500001
v 11.0 6.875 -5.500001
v 11.0 4.875 -5.625001
v 15.0 4.875 -5.625001
v 15.0 6.875 -5.625001
v 11.0 6.875 -5.625001
v 11.0 4.875 -5.875001
v 15.0 4.875 -5.875001
v 15.0 6.875 -5.875001
v 11.0 6.875 -5.875001
v 12.0 -9.125 -6.500001
v 16.0 -9.125 -6.500001
v 16.0 -8.125 -6.500001
v 12.0 -8.125 -6.500001
v 12.0 -9.125 -6.625001
v 16.0 -9.125 -6.625001
v 16.0 -8.125 -6.625001
v 12.0 -8.125 -6.625001
v 12.0 -9.125 -6.875001
v 16.0 -9.125 -6.875001
v 16.0 -8.125 -6.875001
v 12.0 -8.125 -6.875001
v 12.391602 0.5 -5.1445312
v 12.681641 -0.339844 -5.1445312
v 12.986328 0.027343988 -3.986328
v 12.823242 0.5 -3.986327
v 13.378906 -0.68847704 -5.1445312
v 12.59375 -0.44531202 -5.936523
v 13.378906 -0.837891 -5.936523
v 14.095703 1.339844 -5.1445312
v 14.095703 1.445312 -5.936523
v 13.378906 1.8378911 -5.936523
v 13.378906 1.688477 -5.1445312
v 12.59375 1.445312 -5.936523
v 12.267578 0.5 -5.936523
v 12.681641 1.339844 -5.1445312
v 13.378906 -0.16894501 -3.986328
v 12.986328 0.972656 -3.986328
v 13.772461 0.027343988 -3.986328
v 14.165039 -0.44531202 -5.936523
v 14.454102 0.5 -5.936523
v 13.737305 0.92871106 -4.700195
v 13.378906 0.5 -3.460937
v 14.114864 -0.893795 -5.8125
v 13.3102665 0.5 -5.812499
v 13.3102665 -1.109193 -5.812499
v 12.505671 -0.893795 -5.812498
v 11.91731 -0.304596 -5.812498
v 11.701075 0.5 -5.812498
v 11.91731 1.304596 -5.812498
v 12.505671 1.893795 -5.812498
v 13.3102665 2.109193 -5.812499
v 14.114864 1.893795 -5.8125
v 14.704063 1.304596 -5.8125
v 14.919461 0.5 -5.8125
v 14.704063 -0.304596 -5.8125
v 12.0 3.875 -5.500001
v 14.0 3.875 -5.500001
v 14.0 4.875 -5.500001
v 12.0 4.875 -5.500001
v 12.0 3.875 -5.625001
v 14.0 3.875 -5.625001
v 14.0 4.875 -5.625001
v 12.0 4.875 -5.625001
v 12.0 3.875 -5.875001
v 14.0 3.875 -5.875001
v 14.0 4.875 -5.875001
v 12.0 4.875 -5.875001
v 12.0 6.875 -5.500001
v 14.0 6.875 -5.500001
v 14.0 7.875 -5.500001
v 12.0 7.875 -5.500001
v 12.0 6.875 -5.625001
v 14.0 6.875 -5.625001
v 14.0 7.875 -5.625001
v 12.0 7.875 -5.625001
v 12.0 6.875 -5.875001
v 14.0 6.875 -5.875001
v 14.0 7.875 -5.875001
v 12.0 7.875 -5.875001
v 13.0 -11.125 -6.500001
v 14.0 -11.125 -6.500001
v 14.0 -10.125 -6.500001
v 13.0 -10.125 -6.500001
v 13.0 -11.125 -6.625001
v 14.0 -11.125 -6.625001
v 14.0 -10.125 -6.625001
v 13.0 -10.125 -6.625001
v 13.0 -11.125 -6.875001
v 14.0 -11.125 -6.875001
v 14.0 -10.125 -6.875001
v 13.0 -10.125 -6.875001
v 13.0 -8.125 -6.500001
v 15.0 -8.125 -6.500001
v 15.0 -7.125 -6.500001
v 13.0 -7.125 -6.500001
v 13.0 -8.125 -6.625001
v 15.0 -8.125 -6.625001
v 15.0 -7.125 -6.625001
v 13.0 -7.125 -6.625001
v 13.0 -8.125 -6.875001
v 15.0 -8.125 -6.875001
v 15.0 -7.125 -6.875001
v 13.0 -7.125 -6.875001
v 13.0 2.875 -5.500001
v 14.0 2.875 -5.500001
v 14.0 3.875 -5.500001
v 13.0 3.875 -5.500001
v 13.0 2.875 -5.625001
v 14.0 2.875 -5.625001
v 14.0 3.875 -5.625001
v 13.0 3.875 -5.625001
v 13.0 2.875 -5.875001
v 14.0 2.875 -5.875001
v 14.0 3.875 -5.875001
v 13.0 3.875 -5.875001
v 13.0 11.875 -5.500001
v 14.0 11.875 -5.500001
v 14.0 13.875 -5.500001
v 13.0 13.875 -5.500001
v 13.0 11.875 -5.625001
v 14.0 11.875 -5.625001
v 14.0 13.875 -5.625001
v 13.0 13.875 -5.625001
v 13.0 11.875 -5.875001
v 14.0 11.875 -5.875001
v 14.0 13.875 -5.875001
v 13.0 13.875 -5.875001
v 14.0 -7.125 -6.500001
v 15.0 -7.125 -6.500001
v 15.0 -6.125 -6.500001
v 14.0 -6.125 -6.500001
v 14.0 -7.125 -6.625001
v 15.0 -7.125 -6.625001
v 15.0 -6.125 -6.625001
v 14.0 -6.125 -6.625001
v 14.0 -7.125 -6.875001
v 15.0 -7.125 -6.875001
v 15.0 -6.125 -6.875001
v 14.0 -6.125 -6.875001
v 14.0 10.875 -5.500001
v 15.0 10.875 -5.500001
v 15.0 12.875 -5.500001
v 14.0 12.875 -5.500001
v 14.0 10.875 -5.625001
v 15.0 10.875 -5.625001
v 15.0 12.875 -5.625001
v 14.0 12.875 -5.625001
v 14.0 10.875 -5.875001
v 15.0 10.875 -5.875001
v 15.0 12.875 -5.875001
v 14.0 12.875 -5.875001
v -12.0 -8.0 -5.999999
v -16.0 -8.0 -5.999999
v -12.0 -16.0 -5.999999
v -16.0 -16.0 -5.999999
v -8.0 -4.0 -5.999999
v -16.0 -4.0 -5.999999
v -8.0 -8.0 -5.999999
v -16.0 -8.0 -5.999999
v -13.0 -3.789063 -5.901367
v -13.0 -3.330079 -5.0029287
v -16.0 -3.330079 -5.0029287
v -16.0 -3.789063 -5.901367
v -13.0 -3.000001 -5.0
v -16.0 -3.000001 -5.0
v -13.0 -3.789063 -5.901367
v -16.0 -3.789063 -5.901367
v -16.0 -4.000001 -6.0
v -13.0 -4.000001 -6.0
v -13.0 4.0 -4.999999
v -16.0 4.0 -4.999999
v -13.0 -3.0 -4.999999
v -16.0 -3.0 -4.999999
v -11.0 4.210937 -4.901367
v -11.0 4.669921 -4.0029287
v -16.0 4.669921 -4.0029287
v -16.0 4.210937 -4.901367
v -11.0 4.999999 -4.0
v -16.0 4.999999 -4.0
v -11.0 4.210937 -4.901367
v -16.0 4.210937 -4.901367
v -16.0 3.999999 -5.0
v -11.0 3.999999 -5.0
v -11.0 11.0 -3.999999
v -16.0 11.0 -3.999999
v -11.0 5.0 -3.999999
v -16.0 5.0 -3.999999
v -8.0 11.210937 -3.901367
v -8.0 11.669921 -3.002929
v -16.0 11.669921 -3.002929
v -16.0 11.210937 -3.901367
v -8.0 11.999999 -3.0
v -16.0 11.999999 -3.0
v -8.0 11.210937 -3.901367
v -16.0 11.210937 -3.901367
v -16.0 10.999999 -4.0
v -8.0 10.999999 -4.0
v -8.0 15.0 -2.999999
v -16.0 15.0 -2.999999
v -8.0 12.0 -2.999999
v -16.0 12.0 -2.999999
v -11.0 15.210937 -2.901367
v -11.0 15.669921 -2.002929
v -16.0 15.669921 -2.002929
v -16.0 15.210937 -2.901367
v -11.0 15.999999 -2.0
v -16.0 15.999999 -2.0
v -11.0 15.210937 -2.901367
v -16.0 15.210937 -2.901367
v -16.0 14.999999 -3.0
v -11.0 14.999999 -3.0
v -12.999999 -4.0 -6.0
v -11.999999 -4.0 -6.0
v -12.374999 -3.9375 -6.0
v -12.062499 -3.6875 -6.0
v -11.999999 -3.0 -6.0
v -12.062499 -3.6875 -6.0
v -11.999999 -3.0 -6.0
v -12.2109375 -3.0 -5.901367
v -12.249999 -3.5 -5.901367
v -12.999999 -4.0 -6.0
v -12.374999 -3.9375 -6.0
v -12.562499 -3.75 -5.901367
v -12.999999 -3.789062 -5.901367
v -12.999999 -3.789062 -5.901367
v -12.562499 -3.75 -5.901367
v -12.999999 -3.3300781 -5.0029287
v -12.249999 -3.5 -5.901367
v -12.669921 -3.0 -5.0029287
v -12.2109375 -3.0 -5.901367
v -12.669921 -3.0 -5.0029287
v -12.999999 -3.0 -5.0
v -12.999999 -3.3300781 -5.0029287
v -12.669921 -2.3300781 -5.0029287
v -11.999999 -2.3300781 -5.0029287
v -11.999999 -2.0 -5.0
v -12.999999 -2.0 -5.0
v -12.669921 -3.0 -5.0029287
v -12.669921 -2.3300781 -5.0029287
v -12.999999 -2.0 -5.0
v -12.999999 -3.0 -5.0
v -12.669921 -3.0 -5.0029287
v -12.2109375 -3.0 -5.901367
v -12.669921 -2.3300781 -5.0029287
v -12.105468 -2.894531 -5.901367
v -11.999999 -2.789062 -5.901367
v -11.999999 -2.789062 -5.901367
v -12.105468 -2.894531 -5.901367
v -11.999999 -3.0 -6.0
v -12.2109375 -3.0 -5.901367
v -11.999999 -2.3300781 -5.0029287
v -12.669921 -2.3300781 -5.0029287
v -11.999999 -2.789062 -5.901367
v -10.0 4.0 -4.999999
v -13.0 4.0 -4.999999
v -10.0 -2.0 -4.999999
v -13.0 -2.0 -4.999999
v -11.2109375 -13.0 -6.901367
v -11.669921 -13.0 -6.0029287
v -11.669921 -16.0 -6.0029287
v -11.2109375 -16.0 -6.901367
v -11.999999 -13.0 -6.0
v -11.999999 -16.0 -6.0
v -11.2109375 -13.0 -6.901367
v -11.2109375 -16.0 -6.901367
v -10.999999 -16.0 -7.0
v -10.999999 -13.0 -7.0
v -11.669921 -12.330078 -6.0029287
v -10.999999 -12.330078 -6.0029287
v -10.999999 -12.0 -6.0
v -11.999999 -12.0 -6.0
v -11.669921 -13.0 -6.0029287
v -11.669921 -12.330078 -6.0029287
v -11.999999 -12.0 -6.0
v -11.999999 -13.0 -6.0
v -11.669921 -13.0 -6.0029287
v -11.2109375 -13.0 -6.901367
v -11.669921 -12.330078 -6.0029287
v -11.105468 -12.894531 -6.901367
v -10.999999 -12.789062 -6.901367
v -10.999999 -12.789062 -6.901367
v -11.105468 -12.894531 -6.901367
v -10.999999 -13.0 -7.0
v -11.2109375 -13.0 -6.901367
v -10.999999 -12.330078 -6.0029287
v -11.669921 -12.330078 -6.0029287
v -10.999999 -12.789062 -6.901367
v -6.0 -8.0 -5.999999
v -12.0 -8.0 -5.999999
v -6.0 -12.0 -5.999999
v -12.0 -12.0 -5.999999
v -4.0 -3.0 -5.999999
v -12.0 -3.0 -5.999999
v -4.0 -4.0 -5.999999
v -12.0 -4.0 -5.999999
v -10.0 -2.789063 -5.901367
v -10.0 -2.330079 -5.0029287
v -12.0 -2.330079 -5.0029287
v -12.0 -2.789063 -5.901367
v -10.0 -2.000001 -5.0
v -12.0 -2.000001 -5.0
v -10.0 -2.789063 -5.901367
v -12.0 -2.789063 -5.901367
v -12.0 -3.000001 -6.0
v -10.0 -3.000001 -6.0
v -3.0 -13.0 -6.999999
v -11.0 -13.0 -6.999999
v -3.0 -16.0 -6.999999
v -11.0 -16.0 -6.999999
v -6.0 -12.789063 -6.901367
v -6.0 -12.330079 -6.0029287
v -11.0 -12.330079 -6.0029287
v -11.0 -12.789063 -6.901367
v -6.0 -12.000001 -6.0
v -11.0 -12.000001 -6.0
v -6.0 -12.789063 -6.901367
v -11.0 -12.789063 -6.901367
v -11.0 -13.000001 -7.0
v -6.0 -13.000001 -7.0
v -10.999999 4.0 -5.0
v -9.999999 4.0 -5.0
v -10.374999 4.0625 -5.0
v -10.062499 4.3125 -5.0
v -9.999999 5.0 -5.0
v -10.062499 4.3125 -5.0
v -9.999999 5.0 -5.0
v -10.2109375 5.0 -4.901367
v -10.249999 4.5 -4.901367
v -10.999999 4.0 -5.0
v -10.374999 4.0625 -5.0
v -10.562499 4.25 -4.901367
v -10.999999 4.210938 -4.901367
v -10.999999 4.210938 -4.901367
v -10.562499 4.25 -4.901367
v -10.999999 4.669922 -4.0029287
v -10.249999 4.5 -4.901367
v -10.669921 5.0 -4.0029287
v -10.2109375 5.0 -4.901367
v -10.669921 5.0 -4.0029287
v -10.999999 5.0 -4.0
v -10.999999 4.669922 -4.0029287
v -10.669921 5.669922 -4.0029287
v -9.999999 5.669922 -4.0029287
v -9.999999 6.0 -4.0
v -10.999999 6.0 -4.0
v -10.669921 5.0 -4.0029287
v -10.669921 5.669922 -4.0029287
v -10.999999 6.0 -4.0
v -10.999999 5.0 -4.0
v -10.669921 5.0 -4.0029287
v -10.2109375 5.0 -4.901367
v -10.669921 5.669922 -4.0029287
v -10.105468 5.1054688 -4.901367
v -9.999999 5.210938 -4.901367
v -9.999999 5.210938 -4.901367
v -10.105468 5.1054688 -4.901367
v -9.999999 5.0 -5.0
v -10.2109375 5.0 -4.901367
v -9.999999 5.669922 -4.0029287
v -10.669921 5.669922 -4.0029287
v -9.999999 5.210938 -4.901367
v -9.0 11.0 -3.999999
v -11.0 11.0 -3.999999
v -9.0 6.0 -3.999999
v -11.0 6.0 -3.999999
v -10.999999 15.0 -3.0
v -9.999999 15.0 -3.0
v -10.374999 15.0625 -3.0
v -10.062499 15.3125 -3.0
v -9.999999 16.0 -3.0
v -10.062499 15.3125 -3.0
v -9.999999 16.0 -3.0
v -10.2109375 16.0 -2.901367
v -10.249999 15.5 -2.901367
v -10.999999 15.0 -3.0
v -10.374999 15.0625 -3.0
v -10.562499 15.25 -2.901367
v -10.999999 15.2109375 -2.901367
v -10.999999 15.2109375 -2.901367
v -10.562499 15.25 -2.901367
v -10.999999 15.669922 -2.002929
v -10.249999 15.5 -2.901367
v -10.669921 16.0 -2.002929
v -10.2109375 16.0 -2.901367
v -10.669921 16.0 -2.002929
v -10.999999 16.0 -2.0
v -10.999999 15.669922 -2.002929
v -9.999999 -3.0 -6.0
v -8.999999 -3.0 -6.0
v -9.374999 -2.9375 -6.0
v -9.062499 -2.6875 -6.0
v -8.999999 -2.0 -6.0
v -9.062499 -2.6875 -6.0
v -8.999999 -2.0 -6.0
v -9.2109375 -2.0 -5.901367
v -9.249999 -2.5 -5.901367
v -9.999999 -3.0 -6.0
v -9.374999 -2.9375 -6.0
v -9.562499 -2.75 -5.901367
v -9.999999 -2.789062 -5.901367
v -9.999999 -2.789062 -5.901367
v -9.562499 -2.75 -5.901367
v -9.999999 -2.3300781 -5.0029287
v -9.249999 -2.5 -5.901367
v -9.669921 -2.0 -5.0029287
v -9.2109375 -2.0 -5.901367
v -9.669921 -2.0 -5.0029287
v -9.999999 -2.0 -5.0
v -9.999999 -2.3300781 -5.0029287
v -9.2109375 -1.0 -5.901367
v -9.669921 -1.0 -5.0029287
v -9.669921 -2.0 -5.0029287
v -9.2109375 -2.0 -5.901367
v -9.999999 -1.0 -5.0
v -9.999999 -2.0 -5.0
v -9.2109375 -1.0 -5.901367
v -9.2109375 -2.0 -5.901367
v -8.999999 -2.0 -6.0
v -8.999999 -1.0 -6.0
v -9.669921 -0.330078 -5.0029287
v -8.999999 -0.330078 -5.0029287
v -8.999999 0.0 -5.0
v -9.999999 0.0 -5.0
v -9.669921 -1.0 -5.0029287
v -9.669921 -0.330078 -5.0029287
v -9.999999 0.0 -5.0
v -9.999999 -1.0 -5.0
v -9.669921 -1.0 -5.0029287
v -9.2109375 -1.0 -5.901367
v -9.669921 -0.330078 -5.0029287
v -9.105468 -0.894531 -5.901367
v -8.999999 -0.789062 -5.901367
v -8.999999 -0.789062 -5.901367
v -9.105468 -0.894531 -5.901367
v -8.999999 -1.0 -6.0
v -9.2109375 -1.0 -5.901367
v -8.999999 -0.330078 -5.0029287
v -9.669921 -0.330078 -5.0029287
v -8.999999 -0.789062 -5.901367
v -6.0 5.0 -4.999999
v -10.0 5.0 -4.999999
v -6.0 0.0 -4.999999
v -10.0 0.0 -4.999999
v -9.0 5.210937 -4.901367
v -9.0 5.669921 -4.0029287
v -10.0 5.669921 -4.0029287
v -10.0 5.210937 -4.901367
v -9.0 5.999999 -4.0
v -10.0 5.999999 -4.0
v -9.0 5.210937 -4.901367
v -10.0 5.210937 -4.901367
v -10.0 4.999999 -5.0
v -9.0 4.999999 -5.0
v -6.0 16.0 -2.999999
v -10.0 16.0 -2.999999
v -6.0 15.0 -2.999999
v -10.0 15.0 -2.999999
v -1.0 -1.0 -5.999999
v -9.0 -1.0 -5.999999
v -1.0 -3.0 -5.999999
v -9.0 -3.0 -5.999999
v -6.0 -0.789063 -5.901367
v -6.0 -0.33007902 -5.0029287
v -9.0 -0.33007902 -5.0029287
v -9.0 -0.789063 -5.901367
v -6.0 -1.013279E-6 -5.0
v -9.0 -1.013279E-6 -5.0
v -6.0 -0.789063 -5.901367
v -9.0 -0.789063 -5.901367
v -9.0 -1.000001 -6.0
v -6.0 -1.000001 -6.0
v -8.999999 5.0 -5.0
v -7.999999 5.0 -5.0
v -8.374999 5.0625 -5.0
v -8.062499 5.3125 -5.0
v -7.999999 6.0 -5.0
v -8.062499 5.3125 -5.0
v -7.999999 6.0 -5.0
v -8.2109375 6.0 -4.901367
v -8.249999 5.5 -4.901367
v -8.999999 5.0 -5.0
v -8.374999 5.0625 -5.0
v -8.562499 5.25 -4.901367
v -8.999999 5.210938 -4.901367
v -8.999999 5.210938 -4.901367
v -8.562499 5.25 -4.901367
v -8.999999 5.669922 -4.0029287
v -8.249999 5.5 -4.901367
v -8.669921 6.0 -4.0029287
v -8.2109375 6.0 -4.901367
v -8.669921 6.0 -4.0029287
v -8.999999 6.0 -4.0
v -8.999999 5.669922 -4.0029287
v -8.669921 6.669922 -4.0029287
v -7.999999 6.669922 -4.0029287
v -7.999999 7.0 -4.0
v -8.999999 7.0 -4.0
v -8.669921 6.0 -4.0029287
v -8.669921 6.669922 -4.0029287
v -8.999999 7.0 -4.0
v -8.999999 6.0 -4.0
v -8.669921 6.0 -4.0029287
v -8.2109375 6.0 -4.901367
v -8.669921 6.669922 -4.0029287
v -8.105468 6.1054688 -4.901367
v -7.999999 6.210938 -4.901367
v -7.999999 6.210938 -4.901367
v -8.105468 6.1054688 -4.901367
v -7.999999 6.0 -5.0
v -8.2109375 6.0 -4.901367
v -7.999999 6.669922 -4.0029287
v -8.669921 6.669922 -4.0029287
v -7.999999 6.210938 -4.901367
v -3.0 11.0 -3.999999
v -9.0 11.0 -3.999999
v -3.0 7.0 -3.999999
v -9.0 7.0 -3.999999
v 0.0 -4.0 -5.999999
v -8.0 -4.0 -5.999999
v 0.0 -8.0 -5.999999
v -8.0 -8.0 -5.999999
v 0.0 6.0 -4.999999
v -8.0 6.0 -4.999999
v 0.0 5.0 -4.999999
v -8.0 5.0 -4.999999
v -3.0 6.210937 -4.901367
v -3.0 6.669921 -4.0029287
v -8.0 6.669921 -4.0029287
v -8.0 6.210937 -4.901367
v -3.0 6.999999 -4.0
v -8.0 6.999999 -4.0
v -3.0 6.210937 -4.901367
v -8.0 6.210937 -4.901367
v -8.0 5.999999 -5.0
v -3.0 5.999999 -5.0
v -7.0 11.210937 -3.901367
v -7.0 11.669921 -3.002929
v -8.0 11.669921 -3.002929
v -8.0 11.210937 -3.901367
v -7.0 11.999999 -3.0
v -8.0 11.999999 -3.0
v -7.0 11.210937 -3.901367
v -8.0 11.210937 -3.901367
v -8.0 10.999999 -4.0
v -7.0 10.999999 -4.0
v -7.0 15.0 -2.999999
v -8.0 15.0 -2.999999
v -7.0 12.0 -2.999999
v -8.0 12.0 -2.999999
v -6.999999 11.0 -4.0
v -5.999999 11.0 -4.0
v -6.374999 11.0625 -4.0
v -6.062499 11.3125 -4.0
v -5.999999 12.0 -4.0
v -6.062499 11.3125 -4.0
v -5.999999 12.0 -4.0
v -6.210937 12.0 -3.901367
v -6.249999 11.5 -3.901367
v -6.999999 11.0 -4.0
v -6.374999 11.0625 -4.0
v -6.562499 11.25 -3.901367
v -6.999999 11.2109375 -3.901367
v -6.999999 11.2109375 -3.901367
v -6.562499 11.25 -3.901367
v -6.999999 11.669922 -3.002929
v -6.249999 11.5 -3.901367
v -6.669921 12.0 -3.002929
v -6.210937 12.0 -3.901367
v -6.669921 12.0 -3.002929
v -6.999999 12.0 -3.0
v -6.999999 11.669922 -3.002929
v -6.210937 13.0 -3.901367
v -6.669921 13.0 -3.002929
v -6.669921 12.0 -3.002929
v -6.210937 12.0 -3.901367
v -6.999999 13.0 -3.0
v -6.999999 12.0 -3.0
v -6.210937 13.0 -3.901367
v -6.210937 12.0 -3.901367
v -5.999999 12.0 -4.0
v -5.999999 13.0 -4.0
v -6.669921 13.669922 -3.002929
v -5.999999 13.669922 -3.002929
v -5.999999 14.0 -3.0
v -6.999999 14.0 -3.0
v -6.669921 13.0 -3.002929
v -6.669921 13.669922 -3.002929
v -6.999999 14.0 -3.0
v -6.999999 13.0 -3.0
v -6.669921 13.0 -3.002929
v -6.210937 13.0 -3.901367
v -6.669921 13.669922 -3.002929
v -6.105468 13.105469 -3.901367
v -5.999999 13.210938 -3.901367
v -5.999999 13.210938 -3.901367
v -6.105468 13.105469 -3.901367
v -5.999999 13.0 -4.0
v -6.210937 13.0 -3.901367
v -5.999999 13.669922 -3.002929
v -6.669921 13.669922 -3.002929
v -5.999999 13.210938 -3.901367
v -6.0 15.0 -2.999999
v -7.0 15.0 -2.999999
v -6.0 14.0 -2.999999
v -7.0 14.0 -2.999999
v -5.999999 -13.0 -7.0
v -4.999999 -13.0 -7.0
v -5.374999 -12.9375 -7.0
v -5.062499 -12.6875 -7.0
v -4.999999 -12.0 -7.0
v -5.062499 -12.6875 -7.0
v -4.999999 -12.0 -7.0
v -5.210937 -12.0 -6.901367
v -5.249999 -12.5 -6.901367
v -5.999999 -13.0 -7.0
v -5.374999 -12.9375 -7.0
v -5.562499 -12.75 -6.901367
v -5.999999 -12.7890625 -6.901367
v -5.999999 -12.7890625 -6.901367
v -5.562499 -12.75 -6.901367
v -5.999999 -12.330078 -6.0029287
v -5.249999 -12.5 -6.901367
v -5.669921 -12.0 -6.0029287
v -5.210937 -12.0 -6.901367
v -5.669921 -12.0 -6.0029287
v -5.999999 -12.0 -6.0
v -5.999999 -12.330078 -6.0029287
v -5.210937 -11.0 -6.901367
v -5.669921 -11.0 -6.0029287
v -5.669921 -12.0 -6.0029287
v -5.210937 -12.0 -6.901367
v -5.999999 -11.0 -6.0
v -5.999999 -12.0 -6.0
v -5.210937 -11.0 -6.901367
v -5.210937 -12.0 -6.901367
v -4.999999 -12.0 -7.0
v -4.999999 -11.0 -7.0
v -5.669921 -10.330078 -6.0029287
v -4.999999 -10.330078 -6.0029287
v -4.999999 -10.0 -6.0
v -5.999999 -10.0 -6.0
v -5.669921 -11.0 -6.0029287
v -5.669921 -10.330078 -6.0029287
v -5.999999 -10.0 -6.0
v -5.999999 -11.0 -6.0
v -5.669921 -11.0 -6.0029287
v -5.210937 -11.0 -6.901367
v -5.669921 -10.330078 -6.0029287
v -5.105468 -10.894531 -6.901367
v -4.999999 -10.789062 -6.901367
v -4.999999 -10.789062 -6.901367
v -5.105468 -10.894531 -6.901367
v -4.999999 -11.0 -7.0
v -5.210937 -11.0 -6.901367
v -4.999999 -10.330078 -6.0029287
v -5.669921 -10.330078 -6.0029287
v -4.999999 -10.789062 -6.901367
v 2.0 -8.0 -5.999999
v -6.0 -8.0 -5.999999
v 2.0 -10.0 -5.999999
v -6.0 -10.0 -5.999999
v -5.999999 -1.0 -6.0
v -4.999999 -1.0 -6.0
v -5.374999 -0.9375 -6.0
v -5.062499 -0.6875 -6.0
v -4.999999 0.0 -6.0
v -5.062499 -0.6875 -6.0
v -4.999999 0.0 -6.0
v -5.210937 0.0 -5.901367
v -5.249999 -0.5 -5.901367
v -5.999999 -1.0 -6.0
v -5.374999 -0.9375 -6.0
v -5.562499 -0.75 -5.901367
v -5.999999 -0.789062 -5.901367
v -5.999999 -0.789062 -5.901367
v -5.562499 -0.75 -5.901367
v -5.999999 -0.330078 -5.0029287
v -5.249999 -0.5 -5.901367
v -5.669921 0.0 -5.0029287
v -5.210937 0.0 -5.901367
v -5.669921 0.0 -5.0029287
v -5.999999 0.0 -5.0
v -5.999999 -0.330078 -5.0029287
v -5.669921 0.669922 -5.0029287
v -4.999999 0.669922 -5.0029287
v -4.999999 1.0 -5.0
v -5.999999 1.0 -5.0
v -5.669921 0.0 -5.0029287
v -5.669921 0.669922 -5.0029287
v -5.999999 1.0 -5.0
v -5.999999 0.0 -5.0
v -5.669921 0.0 -5.0029287
v -5.210937 0.0 -5.901367
v -5.669921 0.669922 -5.0029287
v -5.105468 0.10546899 -5.901367
v -4.999999 0.210938 -5.901367
v -4.999999 0.210938 -5.901367
v -5.105468 0.10546899 -5.901367
v -4.999999 0.0 -6.0
v -5.210937 0.0 -5.901367
v -4.999999 0.669922 -5.0029287
v -5.669921 0.669922 -5.0029287
v -4.999999 0.210938 -5.901367
v 2.0 5.0 -4.999999
v -6.0 5.0 -4.999999
v 2.0 1.0 -4.999999
v -6.0 1.0 -4.999999
v -1.0 13.0 -3.999999
v -6.0 13.0 -3.999999
v -1.0 11.0 -3.999999
v -6.0 11.0 -3.999999
v -5.999999 13.0 -4.0
v -4.999999 13.0 -4.0
v -5.374999 13.0625 -4.0
v -5.062499 13.3125 -4.0
v -4.999999 14.0 -4.0
v -5.062499 13.3125 -4.0
v -4.999999 14.0 -4.0
v -5.210937 14.0 -3.901367
v -5.249999 13.5 -3.901367
v -5.999999 13.0 -4.0
v -5.374999 13.0625 -4.0
v -5.562499 13.25 -3.901367
v -5.999999 13.2109375 -3.901367
v -5.999999 13.2109375 -3.901367
v -5.562499 13.25 -3.901367
v -5.999999 13.669922 -3.002929
v -5.249999 13.5 -3.901367
v -5.669921 14.0 -3.002929
v -5.210937 14.0 -3.901367
v -5.669921 14.0 -3.002929
v -5.999999 14.0 -3.0
v -5.999999 13.669922 -3.002929
v -5.210937 16.0 -3.901367
v -5.669921 16.0 -3.002929
v -5.669921 14.0 -3.002929
v -5.210937 14.0 -3.901367
v -5.999999 16.0 -3.0
v -5.999999 14.0 -3.0
v -5.210937 16.0 -3.901367
v -5.210937 14.0 -3.901367
v -4.999999 14.0 -4.0
v -4.999999 16.0 -4.0
v 3.0 -11.0 -6.999999
v -5.0 -11.0 -6.999999
v 3.0 -13.0 -6.999999
v -5.0 -13.0 -6.999999
v 3.0 -10.789063 -6.901367
v 3.0 -10.330079 -6.0029287
v -5.0 -10.330079 -6.0029287
v -5.0 -10.789063 -6.901367
v 3.0 -10.000001 -6.0
v -5.0 -10.000001 -6.0
v 3.0 -10.789063 -6.901367
v -5.0 -10.789063 -6.901367
v -5.0 -11.000001 -7.0
v 3.0 -11.000001 -7.0
v 3.0 0.0 -5.999999
v -5.0 0.0 -5.999999
v 3.0 -1.0 -5.999999
v -5.0 -1.0 -5.999999
v 2.0 0.210937 -5.901367
v 2.0 0.669921 -5.0029287
v -5.0 0.669921 -5.0029287
v -5.0 0.210937 -5.901367
v 2.0 0.999999 -5.0
v -5.0 0.999999 -5.0
v 2.0 0.210937 -5.901367
v -5.0 0.210937 -5.901367
v -5.0 -1.013279E-6 -6.0
v 2.0 -1.013279E-6 -6.0
v 0.0 16.0 -3.999999
v -5.0 16.0 -3.999999
v 0.0 13.0 -3.999999
v -5.0 13.0 -3.999999
v 4.0 -3.0 -5.999999
v -4.0 -3.0 -5.999999
v 4.0 -4.0 -5.999999
v -4.0 -4.0 -5.999999
v 5.0 -13.0 -6.999999
v -3.0 -13.0 -6.999999
v 5.0 -16.0 -6.999999
v -3.0 -16.0 -6.999999
v -2.999999 6.0 -5.0
v -1.999999 6.0 -5.0
v -2.374999 6.0625 -5.0
v -2.062499 6.3125 -5.0
v -1.999999 7.0 -5.0
v -2.062499 6.3125 -5.0
v -1.999999 7.0 -5.0
v -2.210937 7.0 -4.901367
v -2.249999 6.5 -4.901367
v -2.999999 6.0 -5.0
v -2.374999 6.0625 -5.0
v -2.562499 6.25 -4.901367
v -2.999999 6.210938 -4.901367
v -2.999999 6.210938 -4.901367
v -2.562499 6.25 -4.901367
v -2.999999 6.669922 -4.0029287
v -2.249999 6.5 -4.901367
v -2.669921 7.0 -4.0029287
v -2.210937 7.0 -4.901367
v -2.669921 7.0 -4.0029287
v -2.999999 7.0 -4.0
v -2.999999 6.669922 -4.0029287
v -2.210937 9.0 -4.901367
v -2.669921 9.0 -4.0029287
v -2.669921 7.0 -4.0029287
v -2.210937 7.0 -4.901367
v -2.999999 9.0 -4.0
v -2.999999 7.0 -4.0
v -2.210937 9.0 -4.901367
v -2.210937 7.0 -4.901367
v -1.999999 7.0 -5.0
v -1.999999 9.0 -5.0
v -2.669921 9.669922 -4.0029287
v -1.999999 9.669922 -4.0029287
v -1.999999 10.0 -4.0
v -2.999999 10.0 -4.0
v -2.669921 9.0 -4.0029287
v -2.669921 9.669922 -4.0029287
v -2.999999 10.0 -4.0
v -2.999999 9.0 -4.0
v -2.669921 9.0 -4.0029287
v -2.210937 9.0 -4.901367
v -2.669921 9.669922 -4.0029287
v -2.105468 9.105469 -4.901367
v -1.999999 9.210938 -4.901367
v -1.999999 9.210938 -4.901367
v -2.105468 9.105469 -4.901367
v -1.999999 9.0 -5.0
v -2.210937 9.0 -4.901367
v -1.999999 9.669922 -4.0029287
v -2.669921 9.669922 -4.0029287
v -1.999999 9.210938 -4.901367
v -1.0 11.0 -3.999999
v -3.0 11.0 -3.999999
v -1.0 10.0 -3.999999
v -3.0 10.0 -3.999999
v 5.0 9.0 -4.999999
v -2.0 9.0 -4.999999
v 5.0 6.0 -4.999999
v -2.0 6.0 -4.999999
v -1.0 9.210937 -4.901367
v -1.0 9.669921 -4.0029287
v -2.0 9.669921 -4.0029287
v -2.0 9.210937 -4.901367
v -1.0 9.999999 -4.0
v -2.0 9.999999 -4.0
v -1.0 9.210937 -4.901367
v -2.0 9.210937 -4.901367
v -2.0 8.999999 -5.0
v -1.0 8.999999 -5.0
v 7.0 -1.0 -5.999999
v -1.0 -1.0 -5.999999
v 7.0 -3.0 -5.999999
v -1.0 -3.0 -5.999999
v -0.999999 9.0 -5.0
v 9.536743E-7 9.0 -5.0
v -0.374999 9.0625 -5.0
v -0.062498987 9.3125 -5.0
v 9.536743E-7 10.0 -5.0
v -0.062498987 9.3125 -5.0
v 9.536743E-7 10.0 -5.0
v -0.21093702 10.0 -4.901367
v -0.24999899 9.5 -4.901367
v -0.999999 9.0 -5.0
v -0.374999 9.0625 -5.0
v -0.562499 9.25 -4.901367
v -0.999999 9.2109375 -4.901367
v -0.999999 9.2109375 -4.901367
v -0.562499 9.25 -4.901367
v -0.999999 9.669922 -4.0029287
v -0.24999899 9.5 -4.901367
v -0.669921 10.0 -4.0029287
v -0.21093702 10.0 -4.901367
v -0.669921 10.0 -4.0029287
v -0.999999 10.0 -4.0
v -0.999999 9.669922 -4.0029287
v -0.21093702 11.0 -4.901367
v -0.669921 11.0 -4.0029287
v -0.669921 10.0 -4.0029287
v -0.21093702 10.0 -4.901367
v -0.999999 11.0 -4.0
v -0.999999 10.0 -4.0
v -0.21093702 11.0 -4.901367
v -0.21093702 10.0 -4.901367
v 9.536743E-7 10.0 -5.0
v 9.536743E-7 11.0 -5.0
v -0.66992104 11.669922 -4.0029287
v 9.536743E-7 11.669922 -4.0029287
v 9.536743E-7 12.0 -4.0
v -0.999999 12.0 -4.0
v -0.66992104 11.0 -4.0029287
v -0.66992104 11.669922 -4.0029287
v -0.999999 12.0 -4.0
v -0.999999 11.0 -4.0
v -0.66992104 11.0 -4.0029287
v -0.21093702 11.0 -4.901367
v -0.66992104 11.669922 -4.0029287
v -0.105467975 11.105469 -4.901367
v 9.536743E-7 11.210938 -4.901367
v 9.536743E-7 11.210938 -4.901367
v -0.105467975 11.105469 -4.901367
v 9.536743E-7 11.0 -5.0
v -0.21093702 11.0 -4.901367
v 9.536743E-7 11.669922 -4.0029287
v -0.66992104 11.669922 -4.0029287
v 9.536743E-7 11.210938 -4.901367
v 0.0 13.0 -3.999999
v -1.0 13.0 -3.999999
v 0.0 12.0 -3.999999
v -1.0 12.0 -3.999999
v 3.0 -4.0 -5.999999
v 0.0 -4.0 -5.999999
v 3.0 -8.0 -5.999999
v 0.0 -8.0 -5.999999
v 5.0 6.0 -4.999999
v 0.0 6.0 -4.999999
v 5.0 5.0 -4.999999
v 0.0 5.0 -4.999999
v 7.0 11.0 -4.999999
v 0.0 11.0 -4.999999
v 7.0 9.0 -4.999999
v 0.0 9.0 -4.999999
v 1.013279E-6 11.0 -5.0
v 1.000001 11.0 -5.0
v 0.625001 11.0625 -5.0
v 0.937501 11.3125 -5.0
v 1.000001 12.0 -5.0
v 0.937501 11.3125 -5.0
v 1.000001 12.0 -5.0
v 0.789063 12.0 -4.901367
v 0.750001 11.5 -4.901367
v 1.013279E-6 11.0 -5.0
v 0.625001 11.0625 -5.0
v 0.437501 11.25 -4.901367
v 1.013279E-6 11.2109375 -4.901367
v 1.013279E-6 11.2109375 -4.901367
v 0.437501 11.25 -4.901367
v 1.013279E-6 11.669922 -4.0029287
v 0.750001 11.5 -4.901367
v 0.33007902 12.0 -4.0029287
v 0.789063 12.0 -4.901367
v 0.33007902 12.0 -4.0029287
v 1.013279E-6 12.0 -4.0
v 1.013279E-6 11.669922 -4.0029287
v 0.789063 16.0 -4.901367
v 0.33007902 16.0 -4.0029287
v 0.33007902 12.0 -4.0029287
v 0.789063 12.0 -4.901367
v 1.013279E-6 16.0 -4.0
v 1.013279E-6 12.0 -4.0
v 0.789063 16.0 -4.901367
v 0.789063 12.0 -4.901367
v 1.000001 12.0 -5.0
v 1.000001 16.0 -5.0
v 7.0 16.0 -4.999999
v 1.0 16.0 -4.999999
v 7.0 11.0 -4.999999
v 1.0 11.0 -4.999999
v 3.0 -8.0 -5.999999
v 2.0 -8.0 -5.999999
v 3.0 -10.0 -5.999999
v 2.0 -10.0 -5.999999
v 2.000001 0.0 -6.0
v 3.000001 0.0 -6.0
v 2.625001 0.0625 -6.0
v 2.937501 0.3125 -6.0
v 3.000001 1.0 -6.0
v 2.937501 0.3125 -6.0
v 3.000001 1.0 -6.0
v 2.789063 1.0 -5.901367
v 2.750001 0.5 -5.901367
v 2.000001 0.0 -6.0
v 2.625001 0.0625 -6.0
v 2.437501 0.25 -5.901367
v 2.000001 0.21093798 -5.901367
v 2.000001 0.21093798 -5.901367
v 2.437501 0.25 -5.901367
v 2.000001 0.669922 -5.0029287
v 2.750001 0.5 -5.901367
v 2.330079 1.0 -5.0029287
v 2.789063 1.0 -5.901367
v 2.330079 1.0 -5.0029287
v 2.000001 1.0 -5.0
v 2.000001 0.669922 -5.0029287
v 2.789063 3.0 -5.901367
v 2.330079 3.0 -5.0029287
v 2.330079 1.0 -5.0029287
v 2.789063 1.0 -5.901367
v 2.000001 3.0 -5.0
v 2.000001 1.0 -5.0
v 2.789063 3.0 -5.901367
v 2.789063 1.0 -5.901367
v 3.000001 1.0 -6.0
v 3.000001 3.0 -6.0
v 2.330079 3.6699219 -5.0029287
v 3.000001 3.6699219 -5.0029287
v 3.000001 4.0 -5.0
v 2.000001 4.0 -5.0
v 2.330079 3.0 -5.0029287
v 2.330079 3.6699219 -5.0029287
v 2.000001 4.0 -5.0
v 2.000001 3.0 -5.0
v 2.330079 3.0 -5.0029287
v 2.789063 3.0 -5.901367
v 2.330079 3.6699219 -5.0029287
v 2.894532 3.105469 -5.901367
v 3.000001 3.210938 -5.901367
v 3.000001 3.210938 -5.901367
v 2.894532 3.105469 -5.901367
v 3.000001 3.0 -6.0
v 2.789063 3.0 -5.901367
v 3.000001 3.6699219 -5.0029287
v 2.330079 3.6699219 -5.0029287
v 3.000001 3.210938 -5.901367
v 5.0 5.0 -4.999999
v 2.0 5.0 -4.999999
v 5.0 4.0 -4.999999
v 2.0 4.0 -4.999999
v 11.0 -11.0 -6.999999
v 3.0 -11.0 -6.999999
v 11.0 -13.0 -6.999999
v 3.0 -13.0 -6.999999
v 3.000001 -11.0 -7.0
v 4.000001 -11.0 -7.0
v 3.625001 -10.9375 -7.0
v 3.937501 -10.6875 -7.0
v 4.000001 -10.0 -7.0
v 3.937501 -10.6875 -7.0
v 4.000001 -10.0 -7.0
v 3.789063 -10.0 -6.901367
v 3.750001 -10.5 -6.901367
v 3.000001 -11.0 -7.0
v 3.625001 -10.9375 -7.0
v 3.437501 -10.75 -6.901367
v 3.000001 -10.7890625 -6.901367
v 3.000001 -10.7890625 -6.901367
v 3.437501 -10.75 -6.901367
v 3.000001 -10.330078 -6.0029287
v 3.750001 -10.5 -6.901367
v 3.330079 -10.0 -6.0029287
v 3.789063 -10.0 -6.901367
v 3.330079 -10.0 -6.0029287
v 3.000001 -10.0 -6.0
v 3.000001 -10.330078 -6.0029287
v 3.789063 -8.0 -6.901367
v 3.330079 -8.0 -6.0029287
v 3.330079 -10.0 -6.0029287
v 3.789063 -10.0 -6.901367
v 3.000001 -8.0 -6.0
v 3.000001 -10.0 -6.0
v 3.789063 -8.0 -6.901367
v 3.789063 -10.0 -6.901367
v 4.000001 -10.0 -7.0
v 4.000001 -8.0 -7.0
v 3.330079 -7.330078 -6.0029287
v 4.000001 -7.330078 -6.0029287
v 4.000001 -7.0 -6.0
v 3.000001 -7.0 -6.0
v 3.330079 -8.0 -6.0029287
v 3.330079 -7.330078 -6.0029287
v 3.000001 -7.0 -6.0
v 3.000001 -8.0 -6.0
v 3.330079 -8.0 -6.0029287
v 3.789063 -8.0 -6.901367
v 3.330079 -7.330078 -6.0029287
v 3.894532 -7.8945312 -6.901367
v 4.000001 -7.789062 -6.901367
v 4.000001 -7.789062 -6.901367
v 3.894532 -7.8945312 -6.901367
v 4.000001 -8.0 -7.0
v 3.789063 -8.0 -6.901367
v 4.000001 -7.330078 -6.0029287
v 3.330079 -7.330078 -6.0029287
v 4.000001 -7.789062 -6.901367
v 11.0 -4.0 -5.999999
v 3.0 -4.0 -5.999999
v 11.0 -7.0 -5.999999
v 3.0 -7.0 -5.999999
v 11.0 3.0 -5.999999
v 3.0 3.0 -5.999999
v 11.0 -1.0 -5.999999
v 3.0 -1.0 -5.999999
v 5.0 3.210937 -5.901367
v 5.0 3.669921 -5.0029287
v 3.0 3.669921 -5.0029287
v 3.0 3.210937 -5.901367
v 5.0 3.999999 -5.0
v 3.0 3.999999 -5.0
v 5.0 3.210937 -5.901367
v 3.0 3.210937 -5.901367
v 3.0 2.999999 -6.0
v 5.0 2.999999 -6.0
v 12.0 -8.0 -6.999999
v 4.0 -8.0 -6.999999
v 12.0 -11.0 -6.999999
v 4.0 -11.0 -6.999999
v 12.0 -7.789063 -6.901367
v 12.0 -7.330079 -6.0029287
v 4.0 -7.330079 -6.0029287
v 4.0 -7.789063 -6.901367
v 12.0 -7.000001 -6.0
v 4.0 -7.000001 -6.0
v 12.0 -7.789063 -6.901367
v 4.0 -7.789063 -6.901367
v 4.0 -8.000001 -7.0
v 12.0 -8.000001 -7.0
v 12.0 -3.0 -5.999999
v 4.0 -3.0 -5.999999
v 12.0 -4.0 -5.999999
v 4.0 -4.0 -5.999999
v 13.0 -13.0 -6.999999
v 5.0 -13.0 -6.999999
v 13.0 -16.0 -6.999999
v 5.0 -16.0 -6.999999
v 5.000001 3.0 -6.0
v 6.000001 3.0 -6.0
v 5.625001 3.0625 -6.0
v 5.937501 3.3125 -6.0
v 6.000001 4.0 -6.0
v 5.937501 3.3125 -6.0
v 6.000001 4.0 -6.0
v 5.789063 4.0 -5.901367
v 5.750001 3.5 -5.901367
v 5.000001 3.0 -6.0
v 5.625001 3.0625 -6.0
v 5.437501 3.25 -5.901367
v 5.000001 3.210938 -5.901367
v 5.000001 3.210938 -5.901367
v 5.437501 3.25 -5.901367
v 5.000001 3.6699219 -5.0029287
v 5.750001 3.5 -5.901367
v 5.330079 4.0 -5.0029287
v 5.789063 4.0 -5.901367
v 5.330079 4.0 -5.0029287
v 5.000001 4.0 -5.0
v 5.000001 3.6699219 -5.0029287
v 5.789063 8.0 -5.901367
v 5.330079 8.0 -5.0029287
v 5.330079 4.0 -5.0029287
v 5.789063 4.0 -5.901367
v 5.000001 8.0 -5.0
v 5.000001 4.0 -5.0
v 5.789063 8.0 -5.901367
v 5.789063 4.0 -5.901367
v 6.000001 4.0 -6.0
v 6.000001 8.0 -6.0
v 5.330079 8.669922 -5.0029287
v 6.000001 8.669922 -5.0029287
v 6.000001 9.0 -5.0
v 5.000001 9.0 -5.0
v 5.330079 8.0 -5.0029287
v 5.330079 8.669922 -5.0029287
v 5.000001 9.0 -5.0
v 5.000001 8.0 -5.0
v 5.330079 8.0 -5.0029287
v 5.789063 8.0 -5.901367
v 5.330079 8.669922 -5.0029287
v 5.894532 8.105469 -5.901367
v 6.000001 8.210938 -5.901367
v 6.000001 8.210938 -5.901367
v 5.894532 8.105469 -5.901367
v 6.000001 8.0 -6.0
v 5.789063 8.0 -5.901367
v 6.000001 8.669922 -5.0029287
v 5.330079 8.669922 -5.0029287
v 6.000001 8.210938 -5.901367
v 14.0 8.0 -5.999999
v 6.0 8.0 -5.999999
v 14.0 3.0 -5.999999
v 6.0 3.0 -5.999999
v 7.0 8.210937 -5.901367
v 7.0 8.669921 -5.0029287
v 6.0 8.669921 -5.0029287
v 6.0 8.210937 -5.901367
v 7.0 8.999999 -5.0
v 6.0 8.999999 -5.0
v 7.0 8.210937 -5.901367
v 6.0 8.210937 -5.901367
v 6.0 7.999999 -6.0
v 7.0 7.999999 -6.0
v 15.0 -1.0 -5.999999
v 7.0 -1.0 -5.999999
v 15.0 -3.0 -5.999999
v 7.0 -3.0 -5.999999
v 7.000001 8.0 -6.0
v 8.000001 8.0 -6.0
v 7.625001 8.0625 -6.0
v 7.937501 8.3125 -6.0
v 8.000001 9.0 -6.0
v 7.937501 8.3125 -6.0
v 8.000001 9.0 -6.0
v 7.789063 9.0 -5.901367
v 7.750001 8.5 -5.901367
v 7.000001 8.0 -6.0
v 7.625001 8.0625 -6.0
v 7.437501 8.25 -5.901367
v 7.000001 8.2109375 -5.901367
v 7.000001 8.2109375 -5.901367
v 7.437501 8.25 -5.901367
v 7.000001 8.669922 -5.0029287
v 7.750001 8.5 -5.901367
v 7.330079 9.0 -5.0029287
v 7.789063 9.0 -5.901367
v 7.330079 9.0 -5.0029287
v 7.000001 9.0 -5.0
v 7.000001 8.669922 -5.0029287
v 7.789063 16.0 -5.901367
v 7.330079 16.0 -5.0029287
v 7.330079 9.0 -5.0029287
v 7.789063 9.0 -5.901367
v 7.000001 16.0 -5.0
v 7.000001 9.0 -5.0
v 7.789063 16.0 -5.901367
v 7.789063 9.0 -5.901367
v 8.000001 9.0 -6.0
v 8.000001 16.0 -6.0
v 16.0 16.0 -5.999999
v 8.0 16.0 -5.999999
v 16.0 8.0 -5.999999
v 8.0 8.0 -5.999999
v 16.0 -11.0 -6.999999
v 11.0 -11.0 -6.999999
v 16.0 -13.0 -6.999999
v 11.0 -13.0 -6.999999
v 12.0 -4.0 -5.999999
v 11.0 -4.0 -5.999999
v 12.0 -7.0 -5.999999
v 11.0 -7.0 -5.999999
v 16.0 3.0 -5.999999
v 11.0 3.0 -5.999999
v 16.0 -1.0 -5.999999
v 11.0 -1.0 -5.999999
v 16.0 -8.0 -6.999999
v 12.0 -8.0 -6.999999
v 16.0 -11.0 -6.999999
v 12.0 -11.0 -6.999999
v 12.000001 -8.0 -7.0
v 13.000001 -8.0 -7.0
v 12.625001 -7.9375 -7.0
v 12.937501 -7.6875 -7.0
v 13.000001 -7.0 -7.0
v 12.937501 -7.6875 -7.0
v 13.000001 -7.0 -7.0
v 12.7890625 -7.0 -6.901367
v 12.750001 -7.5 -6.901367
v 12.000001 -8.0 -7.0
v 12.625001 -7.9375 -7.0
v 12.437501 -7.75 -6.901367
v 12.000001 -7.789062 -6.901367
v 12.000001 -7.789062 -6.901367
v 12.437501 -7.75 -6.901367
v 12.000001 -7.330078 -6.0029287
v 12.750001 -7.5 -6.901367
v 12.330079 -7.0 -6.0029287
v 12.7890625 -7.0 -6.901367
v 12.330079 -7.0 -6.0029287
v 12.000001 -7.0 -6.0
v 12.000001 -7.330078 -6.0029287
v 12.7890625 -4.0 -6.901367
v 12.330079 -4.0 -6.0029287
v 12.330079 -7.0 -6.0029287
v 12.7890625 -7.0 -6.901367
v 12.000001 -4.0 -6.0
v 12.000001 -7.0 -6.0
v 12.7890625 -4.0 -6.901367
v 12.7890625 -7.0 -6.901367
v 13.000001 -7.0 -7.0
v 13.000001 -4.0 -7.0
v 12.330079 -3.3300781 -6.0029287
v 13.000001 -3.3300781 -6.0029287
v 13.000001 -3.0 -6.0
v 12.000001 -3.0 -6.0
v 12.330079 -4.0 -6.0029287
v 12.330079 -3.3300781 -6.0029287
v 12.000001 -3.0 -6.0
v 12.000001 -4.0 -6.0
v 12.330079 -4.0 -6.0029287
v 12.7890625 -4.0 -6.901367
v 12.330079 -3.3300781 -6.0029287
v 12.894532 -3.894531 -6.901367
v 13.000001 -3.789062 -6.901367
v 13.000001 -3.789062 -6.901367
v 12.894532 -3.894531 -6.901367
v 13.000001 -4.0 -7.0
v 12.7890625 -4.0 -6.901367
v 13.000001 -3.3300781 -6.0029287
v 12.330079 -3.3300781 -6.0029287
v 13.000001 -3.789062 -6.901367
v 16.0 -13.0 -6.999999
v 13.0 -13.0 -6.999999
v 16.0 -16.0 -6.999999
v 13.0 -16.0 -6.999999
v 16.0 -4.0 -6.999999
v 13.0 -4.0 -6.999999
v 16.0 -8.0 -6.999999
v 13.0 -8.0 -6.999999
v 16.0 -3.789063 -6.901367
v 16.0 -3.330079 -6.0029287
v 13.0 -3.330079 -6.0029287
v 13.0 -3.789063 -6.901367
v 16.0 -3.000001 -6.0
v 13.0 -3.000001 -6.0
v 16.0 -3.789063 -6.901367
v 13.0 -3.789063 -6.901367
v 13.0 -4.000001 -7.0
v 16.0 -4.000001 -7.0
v 16.0 8.0 -5.999999
v 14.0 8.0 -5.999999
v 16.0 3.0 -5.999999
v 14.0 3.0 -5.999999
v 16.0 -1.0 -5.999999
v 15.0 -1.0 -5.999999
v 16.0 -3.0 -5.999999
v 15.0 -3.0 -5.999999
v -8.0 -16.000008 -0.6875
v -8.0 -7.9999924 -0.687499
v -16.0 -7.9999924 -0.687499
v -16.0 -16.000008 -0.6875
v -8.0 -8.000008 -0.6875
v -8.0 7.6293945E-6 -0.687499
v -16.0 7.6293945E-6 -0.687499
v -16.0 -8.000008 -0.6875
v -8.0 -8.106232E-6 -0.6875
v -8.0 8.000008 -0.687499
v -16.0 8.000008 -0.687499
v -16.0 -8.106232E-6 -0.6875
v -8.0 7.999992 -0.6875
v -8.0 16.000008 -0.687499
v -16.0 16.000008 -0.687499
v -16.0 7.999992 -0.6875
v 0.0 -16.000008 -0.6875
v 0.0 -7.9999924 -0.687499
v -8.0 -7.9999924 -0.687499
v -8.0 -16.000008 -0.6875
v 0.0 -8.000008 -0.6875
v 0.0 7.6293945E-6 -0.687499
v -8.0 7.6293945E-6 -0.687499
v -8.0 -8.000008 -0.6875
v 0.0 -8.106232E-6 -0.6875
v 0.0 8.000008 -0.687499
v -8.0 8.000008 -0.687499
v -8.0 -8.106232E-6 -0.6875
v 0.0 7.999992 -0.6875
v 0.0 16.000008 -0.687499
v -8.0 16.000008 -0.687499
v -8.0 7.999992 -0.6875
v 8.0 -16.000008 -0.6875
v 8.0 -7.9999924 -0.687499
v 0.0 -7.9999924 -0.687499
v 0.0 -16.000008 -0.6875
v 8.0 -8.000008 -0.6875
v 8.0 7.6293945E-6 -0.687499
v 0.0 7.6293945E-6 -0.687499
v 0.0 -8.000008 -0.6875
v 8.0 -8.106232E-6 -0.6875
v 8.0 8.000008 -0.687499
v 0.0 8.000008 -0.687499
v 0.0 -8.106232E-6 -0.6875
v 8.0 7.999992 -0.6875
v 8.0 16.000008 -0.687499
v 0.0 16.000008 -0.687499
v 0.0 7.999992 -0.6875
v 16.0 -16.000008 -0.6875
v 16.0 -7.9999924 -0.687499
v 8.0 -7.9999924 -0.687499
v 8.0 -16.000008 -0.6875
v 16.0 -8.000008 -0.6875
v 16.0 7.6293945E-6 -0.687499
v 8.0 7.6293945E-6 -0.687499
v 8.0 -8.000008 -0.6875
v 16.0 -8.106232E-6 -0.6875
v 16.0 8.000008 -0.687499
v 8.0 8.000008 -0.687499
v 8.0 -8.106232E-6 -0.6875
v 16.0 7.999992 -0.6875
v 16.0 16.000008 -0.687499
v 8.0 16.000008 -0.687499
v 8.0 7.999992 -0.6875
vt 4.0 0.0
vt 0.0 0.0
vt 0.0 -1.0
vt 4.0 -1.0
vt 4.0 0.0
vt 0.0 0.0
vt 0.0 -1.0
vt 4.0 -1.0
vt 4.0 0.0
vt 0.0 0.0
vt 0.0 -1.0
vt 4.0 -1.0
vt 3.0 0.0
vt 0.0 0.0
vt 0.0 -1.0
vt 3.0 -1.0
vt 3.0 0.0
vt 0.0 0.0
vt 0.0 -1.0
vt 3.0 -1.0
vt 3.0 0.0
vt 0.0 0.0
vt 0.0 -1.0
vt 3.0 -1.0
vt 1.0 0.0
vt 0.0 0.0
vt 0.0 -2.0
vt 1.0 -2.0
vt 1.0 0.0
vt 0.0 0.0
vt 0.0 -2.0
vt 1.0 -2.0
vt 1.0 0.0
vt 0.0 0.0
vt 0.0 -2.0
vt 1.0 -2.0
vt 1.0 0.0
vt 0.0 0.0
vt 0.0 -1.0
vt 1.0 -1.0
vt 1.0 0.0
vt 0.0 0.0
vt 0.0 -1.0
vt 1.0 -1.0
vt 1.0 0.0
vt 0.0 0.0
vt 0.0 -1.0
vt 1.0 -1.0
vt 1.0 0.0
vt 0.0 0.0
vt 0.0 -1.0
vt 1.0 -1.0
vt 1.0 0.0
vt 0.0 0.0
vt 0.0 -1.0
vt 1.0 -1.0
vt 1.0 0.0
vt 0.0 0.0
vt 0.0 -1.0
vt 1.0 -1.0
vt 4.0 0.0
vt 0.0 0.0
vt 0.0 -1.0
vt 4.0 -1.0
vt 4.0 0.0
vt 0.0 0.0
vt 0.0 -1.0
vt 4.0 -1.0
vt 4.0 0.0
vt 0.0 0.0
vt 0.0 -1.0
vt 4.0 -1.0
vt 3.0 0.0
vt 0.0 0.0
vt 0.0 -2.0
vt 3.0 -2.0
vt 3.0 0.0
vt 0.0 0.0
vt 0.0 -2.0
vt 3.0 -2.0
vt 3.0 0.0
vt 0.0 0.0
vt 0.0 -2.0
vt 3.0 -2.0
vt 0.542969 -0.62793
vt 0.189453 -0.62793
vt 0.34375 -0.1875
vt 0.542969 -0.1875
vt 0.042969 -0.62793
vt 0.144531 -0.977539
vt -0.019531 -0.977539
vt 0.895508 -0.62793
vt 0.94043 -0.977539
vt 1.105469 -0.977539
vt 1.106445 -0.457031
vt 0.94043 -0.977539
vt 0.542969 -0.977539
vt 0.895508 -0.62793
vt 0.261719 -0.1875
vt 0.741211 -0.1875
vt 0.34375 -0.1875
vt 0.144531 -0.977539
vt 0.542969 -0.977539
vt 0.722656 -0.442383
vt 0.542969 0.0
vt 1.000977 -0.420898
vt 0.99707 -0.575195
vt 0.685547 -0.015625
vt 0.321289 -0.06543
vt 0.420898 -0.204102
vt 1.004883 -0.558594
vt 0.879883 -0.181641
vt 1.0 -0.990234
vt 0.5 0.570312
vt 0.0 -0.990234
vt 1.0 -0.990234
vt 0.0 -0.990234
vt 1.0 -0.990234
vt 0.0 -0.990234
vt 1.0 -0.990234
vt 0.0 -0.990234
vt 1.0 -0.990234
vt 0.0 -0.990234
vt 1.0 -0.990234
vt 0.0 -0.990234
vt 1.0 -0.990234
vt 0.0 -0.990234
vt 1.0 -0.990234
vt 0.0 -0.990234
vt 1.0 -0.990234
vt 0.0 -0.990234
vt 1.0 -0.990234
vt 0.0 -0.990234
vt 1.0 -0.990234
vt 0.0 -0.990234
vt 1.0 -0.990234
vt 0.0 -0.990234
vt 1.0 0.0
vt 0.0 0.0
vt 0.0 -2.0
vt 1.0 -2.0
vt 1.0 0.0
vt 0.0 0.0
vt 0.0 -2.0
vt 1.0 -2.0
vt 1.0 0.0
vt 0.0 0.0
vt 0.0 -2.0
vt 1.0 -2.0
vt 1.0 0.0
vt 0.0 0.0
vt 0.0 -1.0
vt 1.0 -1.0
vt 1.0 0.0
vt 0.0 0.0
vt 0.0 -1.0
vt 1.0 -1.0
vt 1.0 0.0
vt 0.0 0.0
vt 0.0 -1.0
vt 1.0 -1.0
vt 1.0 0.0
vt 0.0 0.0
vt 0.0 -1.0
vt 1.0 -1.0
vt 1.0 0.0
vt 0.0 0.0
vt 0.0 -1.0
vt 1.0 -1.0
vt 1.0 0.0
vt 0.0 0.0
vt 0.0 -1.0
vt 1.0 -1.0
vt 4.0 0.0
vt 0.0 0.0
vt 0.0 -1.0
vt 4.0 -1.0
vt 4.0 0.0
vt 0.0 0.0
vt 0.0 -1.0
vt 4.0 -1.0
vt 4.0 0.0
vt 0.0 0.0
vt 0.0 -1.0
vt 4.0 -1.0
vt 6.0 0.0
vt 0.0 0.0
vt 0.0 -1.0
vt 6.0 -1.0
vt 6.0 0.0
vt 0.0 0.0
vt 0.0 -1.0
vt 6.0 -1.0
vt 6.0 0.0
vt 0.0 0.0
vt 0.0 -1.0
vt 6.0 -1.0
vt 3.0 0.0
vt 0.0 0.0
vt 0.0 -1.0
vt 3.0 -1.0
vt 3.0 0.0
vt 0.0 0.0
vt 0.0 -1.0
vt 3.0 -1.0
vt 3.0 0.0
vt 0.0 0.0
vt 0.0 -1.0
vt 3.0 -1.0
vt 3.0 0.0
vt 0.0 0.0
vt 0.0 -1.0
vt 3.0 -1.0
vt 3.0 0.0
vt 0.0 0.0
vt 0.0 -1.0
vt 3.0 -1.0
vt 3.0 0.0
vt 0.0 0.0
vt 0.0 -1.0
vt 3.0 -1.0
vt 4.0 0.0
vt 0.0 0.0
vt 0.0 -1.0
vt 4.0 -1.0
vt 4.0 0.0
vt 0.0 0.0
vt 0.0 -1.0
vt 4.0 -1.0
vt 4.0 0.0
vt 0.0 0.0
vt 0.0 -1.0
vt 4.0 -1.0
vt 3.0 0.0
vt 0.0 0.0
vt 0.0 -1.0
vt 3.0 -1.0
vt 3.0 0.0
vt 0.0 0.0
vt 0.0 -1.0
vt 3.0 -1.0
vt 3.0 0.0
vt 0.0 0.0
vt 0.0 -1.0
vt 3.0 -1.0
vt 2.0 0.0
vt 0.0 0.0
vt 0.0 -1.0
vt 2.0 -1.0
vt 2.0 0.0
vt 0.0 0.0
vt 0.0 -1.0
vt 2.0 -1.0
vt 2.0 0.0
vt 0.0 0.0
vt 0.0 -1.0
vt 2.0 -1.0
vt 1.0 0.0
vt 0.0 0.0
vt 0.0 -1.0
vt 1.0 -1.0
vt 1.0 0.0
vt 0.0 0.0
vt 0.0 -1.0
vt 1.0 -1.0
vt 1.0 0.0
vt 0.0 0.0
vt 0.0 -1.0
vt 1.0 -1.0
vt 0.542969 -0.62793
vt 0.189453 -0.62793
vt 0.34375 -0.1875
vt 0.542969 -0.1875
vt 0.042969 -0.62793
vt 0.144531 -0.977539
vt -0.019531 -0.977539
vt 0.895508 -0.62793
vt 0.94043 -0.977539
vt 1.105469 -0.977539
vt 1.106445 -0.457031
vt 0.94043 -0.977539
vt 0.542969 -0.977539
vt 0.895508 -0.62793
vt 0.261719 -0.1875
vt 0.741211 -0.1875
vt 0.34375 -0.1875
vt 0.144531 -0.977539
vt 0.542969 -0.977539
vt 0.722656 -0.442383
vt 0.542969 0.0
vt 1.000977 -0.420898
vt 0.99707 -0.575195
vt 0.685547 -0.015625
vt 0.321289 -0.06543
vt 0.420898 -0.204102
vt 1.004883 -0.558594
vt 0.879883 -0.181641
vt 1.0 -0.990234
vt 0.5 0.570312
vt 0.0 -0.990234
vt 1.0 -0.990234
vt 0.0 -0.990234
vt 1.0 -0.990234
vt 0.0 -0.990234
vt 1.0 -0.990234
vt 0.0 -0.990234
vt 1.0 -0.990234
vt 0.0 -0.990234
vt 1.0 -0.990234
vt 0.0 -0.990234
vt 1.0 -0.990234
vt 0.0 -0.990234
vt 1.0 -0.990234
vt 0.0 -0.990234
vt 1.0 -0.990234
vt 0.0 -0.990234
vt 1.0 -0.990234
vt 0.0 -0.990234
vt 1.0 -0.990234
vt 0.0 -0.990234
vt 1.0 -0.990234
vt 0.0 -0.990234
vt 2.0 0.0
vt 0.0 0.0
vt 0.0 -1.0
vt 2.0 -1.0
vt 2.0 0.0
vt 0.0 0.0
vt 0.0 -1.0
vt 2.0 -1.0
vt 2.0 0.0
vt 0.0 0.0
vt 0.0 -1.0
vt 2.0 -1.0
vt 1.0 0.0
vt 0.0 0.0
vt 0.0 -2.0
vt 1.0 -2.0
vt 1.0 0.0
vt 0.0 0.0
vt 0.0 -2.0
vt 1.0 -2.0
vt 1.0 0.0
vt 0.0 0.0
vt 0.0 -2.0
vt 1.0 -2.0
vt 4.0 0.0
vt 0.0 0.0
vt 0.0 -1.0
vt 4.0 -1.0
vt 4.0 0.0
vt 0.0 0.0
vt 0.0 -1.0
vt 4.0 -1.0
vt 4.0 0.0
vt 0.0 0.0
vt 0.0 -1.0
vt 4.0 -1.0
vt 5.0 0.0
vt 0.0 0.0
vt 0.0 -1.0
vt 5.0 -1.0
vt 5.0 0.0
vt 0.0 0.0
vt 0.0 -1.0
vt 5.0 -1.0
vt 5.0 0.0
vt 0.0 0.0
vt 0.0 -1.0
vt 5.0 -1.0
vt 1.0 0.0
vt 0.0 0.0
vt 0.0 -1.0
vt 1.0 -1.0
vt 1.0 0.0
vt 0.0 0.0
vt 0.0 -1.0
vt 1.0 -1.0
vt 1.0 0.0
vt 0.0 0.0
vt 0.0 -1.0
vt 1.0 -1.0
vt 2.0 0.0
vt 0.0 0.0
vt 0.0 -1.0
vt 2.0 -1.0
vt 2.0 0.0
vt 0.0 0.0
vt 0.0 -1.0
vt 2.0 -1.0
vt 2.0 0.0
vt 0.0 0.0
vt 0.0 -1.0
vt 2.0 -1.0
vt 3.0 0.0
vt 0.0 0.0
vt 0.0 -1.0
vt 3.0 -1.0
vt 3.0 0.0
vt 0.0 0.0
vt 0.0 -1.0
vt 3.0 -1.0
vt 3.0 0.0
vt 0.0 0.0
vt 0.0 -1.0
vt 3.0 -1.0
vt 3.0 0.0
vt 0.0 0.0
vt 0.0 -1.0
vt 3.0 -1.0
vt 3.0 0.0
vt 0.0 0.0
vt 0.0 -1.0
vt 3.0 -1.0
vt 3.0 0.0
vt 0.0 0.0
vt 0.0 -1.0
vt 3.0 -1.0
vt 5.0 0.0
vt 0.0 0.0
vt 0.0 -1.0
vt 5.0 -1.0
vt 5.0 0.0
vt 0.0 0.0
vt 0.0 -1.0
vt 5.0 -1.0
vt 5.0 0.0
vt 0.0 0.0
vt 0.0 -1.0
vt 5.0 -1.0
vt 4.0 0.0
vt 0.0 0.0
vt 0.0 -1.0
vt 4.0 -1.0
vt 4.0 0.0
vt 0.0 0.0
vt 0.0 -1.0
vt 4.0 -1.0
vt 4.0 0.0
vt 0.0 0.0
vt 0.0 -1.0
vt 4.0 -1.0
vt 5.0 0.0
vt 0.0 0.0
vt 0.0 -1.0
vt 5.0 -1.0
vt 5.0 0.0
vt 0.0 0.0
vt 0.0 -1.0
vt 5.0 -1.0
vt 5.0 0.0
vt 0.0 0.0
vt 0.0 -1.0
vt 5.0 -1.0
vt 1.0 0.0
vt 0.0 0.0
vt 0.0 -2.0
vt 1.0 -2.0
vt 1.0 0.0
vt 0.0 0.0
vt 0.0 -2.0
vt 1.0 -2.0
vt 1.0 0.0
vt 0.0 0.0
vt 0.0 -2.0
vt 1.0 -2.0
vt 2.0 0.0
vt 0.0 0.0
vt 0.0 -1.0
vt 2.0 -1.0
vt 2.0 0.0
vt 0.0 0.0
vt 0.0 -1.0
vt 2.0 -1.0
vt 2.0 0.0
vt 0.0 0.0
vt 0.0 -1.0
vt 2.0 -1.0
vt 1.0 0.0
vt 0.0 0.0
vt 0.0 -2.0
vt 1.0 -2.0
vt 1.0 0.0
vt 0.0 0.0
vt 0.0 -2.0
vt 1.0 -2.0
vt 1.0 0.0
vt 0.0 0.0
vt 0.0 -2.0
vt 1.0 -2.0
vt 0.542969 -0.62793
vt 0.189453 -0.62793
vt 0.34375 -0.1875
vt 0.542969 -0.1875
vt 0.042969 -0.62793
vt 0.144531 -0.977539
vt -0.019531 -0.977539
vt 0.895508 -0.62793
vt 0.94043 -0.977539
vt 1.105469 -0.977539
vt 1.106445 -0.457031
vt 0.94043 -0.977539
vt 0.542969 -0.977539
vt 0.895508 -0.62793
vt 0.261719 -0.1875
vt 0.741211 -0.1875
vt 0.34375 -0.1875
vt 0.144531 -0.977539
vt 0.542969 -0.977539
vt 0.722656 -0.442383
vt 0.542969 0.0
vt 1.000977 -0.420898
vt 0.99707 -0.575195
vt 0.685547 -0.015625
vt 0.321289 -0.06543
vt 0.420898 -0.204102
vt 1.004883 -0.558594
vt 0.879883 -0.181641
vt 1.0 -0.990234
vt 0.5 0.570312
vt 0.0 -0.990234
vt 1.0 -0.990234
vt 0.0 -0.990234
vt 1.0 -0.990234
vt 0.0 -0.990234
vt 1.0 -0.990234
vt 0.0 -0.990234
vt 1.0 -0.990234
vt 0.0 -0.990234
vt 1.0 -0.990234
vt 0.0 -0.990234
vt 1.0 -0.990234
vt 0.0 -0.990234
vt 1.0 -0.990234
vt 0.0 -0.990234
vt 1.0 -0.990234
vt 0.0 -0.990234
vt 1.0 -0.990234
vt 0.0 -0.990234
vt 1.0 -0.990234
vt 0.0 -0.990234
vt 1.0 -0.990234
vt 0.0 -0.990234
vt 1.0 0.0
vt 0.0 0.0
vt 0.0 -5.0
vt 1.0 -5.0
vt 1.0 0.0
vt 0.0 0.0
vt 0.0 -5.0
vt 1.0 -5.0
vt 1.0 0.0
vt 0.0 0.0
vt 0.0 -5.0
vt 1.0 -5.0
vt 1.0 0.0
vt 0.0 0.0
vt 0.0 -1.0
vt 1.0 -1.0
vt 1.0 0.0
vt 0.0 0.0
vt 0.0 -1.0
vt 1.0 -1.0
vt 1.0 0.0
vt 0.0 0.0
vt 0.0 -1.0
vt 1.0 -1.0
vt 1.0 0.0
vt 0.0 0.0
vt 0.0 -2.0
vt 1.0 -2.0
vt 1.0 0.0
vt 0.0 0.0
vt 0.0 -2.0
vt 1.0 -2.0
vt 1.0 0.0
vt 0.0 0.0
vt 0.0 -2.0
vt 1.0 -2.0
vt 2.0 0.0
vt 0.0 0.0
vt 0.0 -1.0
vt 2.0 -1.0
vt 2.0 0.0
vt 0.0 0.0
vt 0.0 -1.0
vt 2.0 -1.0
vt 2.0 0.0
vt 0.0 0.0
vt 0.0 -1.0
vt 2.0 -1.0
vt 3.0 0.0
vt 0.0 0.0
vt 0.0 -1.0
vt 3.0 -1.0
vt 3.0 0.0
vt 0.0 0.0
vt 0.0 -1.0
vt 3.0 -1.0
vt 3.0 0.0
vt 0.0 0.0
vt 0.0 -1.0
vt 3.0 -1.0
vt 2.0 0.0
vt 0.0 0.0
vt 0.0 -1.0
vt 2.0 -1.0
vt 2.0 0.0
vt 0.0 0.0
vt 0.0 -1.0
vt 2.0 -1.0
vt 2.0 0.0
vt 0.0 0.0
vt 0.0 -1.0
vt 2.0 -1.0
vt 3.0 0.0
vt 0.0 0.0
vt 0.0 -1.0
vt 3.0 -1.0
vt 3.0 0.0
vt 0.0 0.0
vt 0.0 -1.0
vt 3.0 -1.0
vt 3.0 0.0
vt 0.0 0.0
vt 0.0 -1.0
vt 3.0 -1.0
vt 2.0 0.0
vt 0.0 0.0
vt 0.0 -1.0
vt 2.0 -1.0
vt 2.0 0.0
vt 0.0 0.0
vt 0.0 -1.0
vt 2.0 -1.0
vt 2.0 0.0
vt 0.0 0.0
vt 0.0 -1.0
vt 2.0 -1.0
vt 2.0 0.0
vt 0.0 0.0
vt 0.0 -1.0
vt 2.0 -1.0
vt 2.0 0.0
vt 0.0 0.0
vt 0.0 -1.0
vt 2.0 -1.0
vt 2.0 0.0
vt 0.0 0.0
vt 0.0 -1.0
vt 2.0 -1.0
vt 1.0 0.0
vt 0.0 0.0
vt 0.0 -1.0
vt 1.0 -1.0
vt 1.0 0.0
vt 0.0 0.0
vt 0.0 -1.0
vt 1.0 -1.0
vt 1.0 0.0
vt 0.0 0.0
vt 0.0 -1.0
vt 1.0 -1.0
vt 2.0 0.0
vt 0.0 0.0
vt 0.0 -1.0
vt 2.0 -1.0
vt 2.0 0.0
vt 0.0 0.0
vt 0.0 -1.0
vt 2.0 -1.0
vt 2.0 0.0
vt 0.0 0.0
vt 0.0 -1.0
vt 2.0 -1.0
vt 4.0 0.0
vt 0.0 0.0
vt 0.0 -1.0
vt 4.0 -1.0
vt 4.0 0.0
vt 0.0 0.0
vt 0.0 -1.0
vt 4.0 -1.0
vt 4.0 0.0
vt 0.0 0.0
vt 0.0 -1.0
vt 4.0 -1.0
vt 2.0 0.0
vt 0.0 0.0
vt 0.0 -3.0
vt 2.0 -3.0
vt 2.0 0.0
vt 0.0 0.0
vt 0.0 -3.0
vt 2.0 -3.0
vt 2.0 0.0
vt 0.0 0.0
vt 0.0 -3.0
vt 2.0 -3.0
vt 0.542969 -0.62793
vt 0.189453 -0.62793
vt 0.34375 -0.1875
vt 0.542969 -0.1875
vt 0.042969 -0.62793
vt 0.144531 -0.977539
vt -0.019531 -0.977539
vt 0.895508 -0.62793
vt 0.94043 -0.977539
vt 1.105469 -0.977539
vt 1.106445 -0.457031
vt 0.94043 -0.977539
vt 0.542969 -0.977539
vt 0.895508 -0.62793
vt 0.261719 -0.1875
vt 0.741211 -0.1875
vt 0.34375 -0.1875
vt 0.144531 -0.977539
vt 0.542969 -0.977539
vt 0.722656 -0.442383
vt 0.542969 0.0
vt 1.000977 -0.420898
vt 0.99707 -0.575195
vt 0.685547 -0.015625
vt 0.321289 -0.06543
vt 0.420898 -0.204102
vt 1.004883 -0.558594
vt 0.879883 -0.181641
vt 1.0 -0.990234
vt 0.5 0.570312
vt 0.0 -0.990234
vt 1.0 -0.990234
vt 0.0 -0.990234
vt 1.0 -0.990234
vt 0.0 -0.990234
vt 1.0 -0.990234
vt 0.0 -0.990234
vt 1.0 -0.990234
vt 0.0 -0.990234
vt 1.0 -0.990234
vt 0.0 -0.990234
vt 1.0 -0.990234
vt 0.0 -0.990234
vt 1.0 -0.990234
vt 0.0 -0.990234
vt 1.0 -0.990234
vt 0.0 -0.990234
vt 1.0 -0.990234
vt 0.0 -0.990234
vt 1.0 -0.990234
vt 0.0 -0.990234
vt 1.0 -0.990234
vt 0.0 -0.990234
vt 1.0 0.0
vt 0.0 0.0
vt 0.0 -2.0
vt 1.0 -2.0
vt 1.0 0.0
vt 0.0 0.0
vt 0.0 -2.0
vt 1.0 -2.0
vt 1.0 0.0
vt 0.0 0.0
vt 0.0 -2.0
vt 1.0 -2.0
vt 5.0 0.0
vt 0.0 0.0
vt 0.0 -1.0
vt 5.0 -1.0
vt 5.0 0.0
vt 0.0 0.0
vt 0.0 -1.0
vt 5.0 -1.0
vt 5.0 0.0
vt 0.0 0.0
vt 0.0 -1.0
vt 5.0 -1.0
vt 1.0 0.0
vt 0.0 0.0
vt 0.0 -1.0
vt 1.0 -1.0
vt 1.0 0.0
vt 0.0 0.0
vt 0.0 -1.0
vt 1.0 -1.0
vt 1.0 0.0
vt 0.0 0.0
vt 0.0 -1.0
vt 1.0 -1.0
vt 1.0 0.0
vt 0.0 0.0
vt 0.0 -1.0
vt 1.0 -1.0
vt 1.0 0.0
vt 0.0 0.0
vt 0.0 -1.0
vt 1.0 -1.0
vt 1.0 0.0
vt 0.0 0.0
vt 0.0 -1.0
vt 1.0 -1.0
vt 1.0 0.0
vt 0.0 0.0
vt 0.0 -1.0
vt 1.0 -1.0
vt 1.0 0.0
vt 0.0 0.0
vt 0.0 -1.0
vt 1.0 -1.0
vt 1.0 0.0
vt 0.0 0.0
vt 0.0 -1.0
vt 1.0 -1.0
vt 2.0 0.0
vt 0.0 0.0
vt 0.0 -1.0
vt 2.0 -1.0
vt 2.0 0.0
vt 0.0 0.0
vt 0.0 -1.0
vt 2.0 -1.0
vt 2.0 0.0
vt 0.0 0.0
vt 0.0 -1.0
vt 2.0 -1.0
vt 1.0 0.0
vt 0.0 0.0
vt 0.0 -1.0
vt 1.0 -1.0
vt 1.0 0.0
vt 0.0 0.0
vt 0.0 -1.0
vt 1.0 -1.0
vt 1.0 0.0
vt 0.0 0.0
vt 0.0 -1.0
vt 1.0 -1.0
vt 1.0 0.0
vt 0.0 0.0
vt 0.0 -2.0
vt 1.0 -2.0
vt 1.0 0.0
vt 0.0 0.0
vt 0.0 -2.0
vt 1.0 -2.0
vt 1.0 0.0
vt 0.0 0.0
vt 0.0 -2.0
vt 1.0 -2.0
vt 4.0 0.0
vt 0.0 0.0
vt 0.0 -1.0
vt 4.0 -1.0
vt 4.0 0.0
vt 0.0 0.0
vt 0.0 -1.0
vt 4.0 -1.0
vt 4.0 0.0
vt 0.0 0.0
vt 0.0 -1.0
vt 4.0 -1.0
vt 1.0 0.0
vt 0.0 0.0
vt 0.0 -1.0
vt 1.0 -1.0
vt 1.0 0.0
vt 0.0 0.0
vt 0.0 -1.0
vt 1.0 -1.0
vt 1.0 0.0
vt 0.0 0.0
vt 0.0 -1.0
vt 1.0 -1.0
vt 2.0 0.0
vt 0.0 0.0
vt 0.0 -1.0
vt 2.0 -1.0
vt 2.0 0.0
vt 0.0 0.0
vt 0.0 -1.0
vt 2.0 -1.0
vt 2.0 0.0
vt 0.0 0.0
vt 0.0 -1.0
vt 2.0 -1.0
vt 4.0 0.0
vt 0.0 0.0
vt 0.0 -2.0
vt 4.0 -2.0
vt 4.0 0.0
vt 0.0 0.0
vt 0.0 -2.0
vt 4.0 -2.0
vt 4.0 0.0
vt 0.0 0.0
vt 0.0 -2.0
vt 4.0 -2.0
vt 4.0 0.0
vt 0.0 0.0
vt 0.0 -1.0
vt 4.0 -1.0
vt 4.0 0.0
vt 0.0 0.0
vt 0.0 -1.0
vt 4.0 -1.0
vt 4.0 0.0
vt 0.0 0.0
vt 0.0 -1.0
vt 4.0 -1.0
vt 0.542969 -0.62793
vt 0.189453 -0.62793
vt 0.34375 -0.1875
vt 0.542969 -0.1875
vt 0.042969 -0.62793
vt 0.144531 -0.977539
vt -0.019531 -0.977539
vt 0.895508 -0.62793
vt 0.94043 -0.977539
vt 1.105469 -0.977539
vt 1.106445 -0.457031
vt 0.94043 -0.977539
vt 0.542969 -0.977539
vt 0.895508 -0.62793
vt 0.261719 -0.1875
vt 0.741211 -0.1875
vt 0.34375 -0.1875
vt 0.144531 -0.977539
vt 0.542969 -0.977539
vt 0.722656 -0.442383
vt 0.542969 0.0
vt 1.000977 -0.420898
vt 0.99707 -0.575195
vt 0.685547 -0.015625
vt 0.321289 -0.06543
vt 0.420898 -0.204102
vt 1.004883 -0.558594
vt 0.879883 -0.181641
vt 1.0 -0.990234
vt 0.5 0.570312
vt 0.0 -0.990234
vt 1.0 -0.990234
vt 0.0 -0.990234
vt 1.0 -0.990234
vt 0.0 -0.990234
vt 1.0 -0.990234
vt 0.0 -0.990234
vt 1.0 -0.990234
vt 0.0 -0.990234
vt 1.0 -0.990234
vt 0.0 -0.990234
vt 1.0 -0.990234
vt 0.0 -0.990234
vt 1.0 -0.990234
vt 0.0 -0.990234
vt 1.0 -0.990234
vt 0.0 -0.990234
vt 1.0 -0.990234
vt 0.0 -0.990234
vt 1.0 -0.990234
vt 0.0 -0.990234
vt 1.0 -0.990234
vt 0.0 -0.990234
vt 2.0 0.0
vt 0.0 0.0
vt 0.0 -1.0
vt 2.0 -1.0
vt 2.0 0.0
vt 0.0 0.0
vt 0.0 -1.0
vt 2.0 -1.0
vt 2.0 0.0
vt 0.0 0.0
vt 0.0 -1.0
vt 2.0 -1.0
vt 2.0 0.0
vt 0.0 0.0
vt 0.0 -1.0
vt 2.0 -1.0
vt 2.0 0.0
vt 0.0 0.0
vt 0.0 -1.0
vt 2.0 -1.0
vt 2.0 0.0
vt 0.0 0.0
vt 0.0 -1.0
vt 2.0 -1.0
vt 1.0 0.0
vt 0.0 0.0
vt 0.0 -1.0
vt 1.0 -1.0
vt 1.0 0.0
vt 0.0 0.0
vt 0.0 -1.0
vt 1.0 -1.0
vt 1.0 0.0
vt 0.0 0.0
vt 0.0 -1.0
vt 1.0 -1.0
vt 2.0 0.0
vt 0.0 0.0
vt 0.0 -1.0
vt 2.0 -1.0
vt 2.0 0.0
vt 0.0 0.0
vt 0.0 -1.0
vt 2.0 -1.0
vt 2.0 0.0
vt 0.0 0.0
vt 0.0 -1.0
vt 2.0 -1.0
vt 1.0 0.0
vt 0.0 0.0
vt 0.0 -1.0
vt 1.0 -1.0
vt 1.0 0.0
vt 0.0 0.0
vt 0.0 -1.0
vt 1.0 -1.0
vt 1.0 0.0
vt 0.0 0.0
vt 0.0 -1.0
vt 1.0 -1.0
vt 1.0 0.0
vt 0.0 0.0
vt 0.0 -2.0
vt 1.0 -2.0
vt 1.0 0.0
vt 0.0 0.0
vt 0.0 -2.0
vt 1.0 -2.0
vt 1.0 0.0
vt 0.0 0.0
vt 0.0 -2.0
vt 1.0 -2.0
vt 1.0 0.0
vt 0.0 0.0
vt 0.0 -1.0
vt 1.0 -1.0
vt 1.0 0.0
vt 0.0 0.0
vt 0.0 -1.0
vt 1.0 -1.0
vt 1.0 0.0
vt 0.0 0.0
vt 0.0 -1.0
vt 1.0 -1.0
vt 1.0 0.0
vt 0.0 0.0
vt 0.0 -2.0
vt 1.0 -2.0
vt 1.0 0.0
vt 0.0 0.0
vt 0.0 -2.0
vt 1.0 -2.0
vt 1.0 0.0
vt 0.0 0.0
vt 0.0 -2.0
vt 1.0 -2.0
vt 0.0 8.0
vt 0.0 0.0
vt 4.0 0.0
vt 4.0 8.0
vt 0.0 4.0
vt 0.0 0.0
vt 8.0 0.0
vt 8.0 4.0
vt 1.5 -0.894531
vt 1.5 -0.597656
vt 0.0 -0.597656
vt 0.0 -0.894531
vt 1.5 -0.515625
vt 0.0 -0.515625
vt 1.5 -0.894531
vt 0.0 -0.894531
vt 0.0 -0.988281
vt 1.5 -0.988281
vt 0.0 7.0
vt 0.0 0.0
vt 3.0 0.0
vt 3.0 7.0
vt 2.5 -0.894531
vt 2.5 -0.597656
vt 0.0 -0.597656
vt 0.0 -0.894531
vt 2.5 -0.515625
vt 0.0 -0.515625
vt 2.5 -0.894531
vt 0.0 -0.894531
vt 0.0 -0.988281
vt 2.5 -0.988281
vt 0.0 6.0
vt 0.0 0.0
vt 5.0 0.0
vt 5.0 6.0
vt 4.0 -0.894531
vt 4.0 -0.597656
vt 0.0 -0.597656
vt 0.0 -0.894531
vt 4.0 -0.515625
vt 0.0 -0.515625
vt 4.0 -0.894531
vt 0.0 -0.894531
vt 0.0 -0.988281
vt 4.0 -0.988281
vt 0.0 3.0
vt 0.0 0.0
vt 8.0 0.0
vt 8.0 3.0
vt 2.5 -0.894531
vt 2.5 -0.597656
vt 0.0 -0.597656
vt 0.0 -0.894531
vt 2.5 -0.515625
vt 0.0 -0.515625
vt 2.5 -0.894531
vt 0.0 -0.894531
vt 0.0 -0.988281
vt 2.5 -0.988281
vt 0.841797 -0.986328
vt 0.998047 -0.986328
vt 0.966797 -0.892578
vt 0.841797 -0.892578
vt 0.498047 -0.986328
vt 0.654297 -0.986328
vt 0.654297 -0.892578
vt 0.529297 -0.892578
vt -0.470703 -1.392578
vt -0.345703 -1.392578
vt -0.345703 -1.105469
vt -0.158203 -1.392578
vt -0.158203 -1.105469
vt -0.033203 -1.392578
vt -0.158203 -0.609375
vt -0.251953 -0.515625
vt -0.345703 -0.609375
vt 1.0 0.5
vt 1.0 0.0
vt 1.03125 0.1875
vt 1.15625 0.03125
vt 1.5 0.0
vt 0.753906 -0.599609
vt 1.0 -0.599609
vt 1.0 -0.513672
vt 0.5 -0.513672
vt 1.0 -0.599609
vt 1.279297 -0.599609
vt 1.5 -0.513672
vt 1.0 -0.513672
vt 0.4375 -0.59375
vt 0.4375 -0.890625
vt 0.285156 -0.59375
vt 0.285156 -0.890625
vt 0.4375 -0.890625
vt 0.4375 -0.394531
vt 0.285156 -0.394531
vt 0.285156 -0.486328
vt 0.4375 -0.394531
vt 0.4375 -0.59375
vt 0.285156 -0.59375
vt 0.4375 -0.890625
vt 0.0 6.0
vt 0.0 0.0
vt 3.0 0.0
vt 3.0 6.0
vt 1.5 -0.894531
vt 1.5 -0.597656
vt 0.0 -0.597656
vt 0.0 -0.894531
vt 1.5 -0.515625
vt 0.0 -0.515625
vt 1.5 -0.894531
vt 0.0 -0.894531
vt 0.0 -0.988281
vt 1.5 -0.988281
vt 0.753906 -0.599609
vt 1.0 -0.599609
vt 1.0 -0.513672
vt 0.5 -0.513672
vt 1.0 -0.599609
vt 1.279297 -0.599609
vt 1.5 -0.513672
vt 1.0 -0.513672
vt 0.4375 -0.59375
vt 0.4375 -0.890625
vt 0.285156 -0.59375
vt 0.285156 -0.890625
vt 0.4375 -0.890625
vt 0.4375 -0.394531
vt 0.285156 -0.394531
vt 0.285156 -0.486328
vt 0.4375 -0.394531
vt 0.4375 -0.59375
vt 0.285156 -0.59375
vt 0.4375 -0.890625
vt 0.0 4.0
vt 0.0 0.0
vt 6.0 0.0
vt 6.0 4.0
vt 0.0 1.0
vt 0.0 0.0
vt 8.0 0.0
vt 8.0 1.0
vt 1.0 -0.894531
vt 1.0 -0.597656
vt 0.0 -0.597656
vt 0.0 -0.894531
vt 1.0 -0.515625
vt 0.0 -0.515625
vt 1.0 -0.894531
vt 0.0 -0.894531
vt 0.0 -0.988281
vt 1.0 -0.988281
vt 0.0 3.0
vt 0.0 0.0
vt 8.0 0.0
vt 8.0 3.0
vt 2.5 -0.894531
vt 2.5 -0.597656
vt 0.0 -0.597656
vt 0.0 -0.894531
vt 2.5 -0.515625
vt 0.0 -0.515625
vt 2.5 -0.894531
vt 0.0 -0.894531
vt 0.0 -0.988281
vt 2.5 -0.988281
vt 0.841797 -0.986328
vt 0.998047 -0.986328
vt 0.966797 -0.892578
vt 0.841797 -0.892578
vt 0.498047 -0.986328
vt 0.654297 -0.986328
vt 0.654297 -0.892578
vt 0.529297 -0.892578
vt -0.470703 -1.392578
vt -0.345703 -1.392578
vt -0.345703 -1.105469
vt -0.158203 -1.392578
vt -0.158203 -1.105469
vt -0.033203 -1.392578
vt -0.158203 -0.609375
vt -0.251953 -0.515625
vt -0.345703 -0.609375
vt 1.0 0.5
vt 1.0 0.0
vt 1.03125 0.1875
vt 1.15625 0.03125
vt 1.5 0.0
vt 0.753906 -0.599609
vt 1.0 -0.599609
vt 1.0 -0.513672
vt 0.5 -0.513672
vt 1.0 -0.599609
vt 1.279297 -0.599609
vt 1.5 -0.513672
vt 1.0 -0.513672
vt 0.4375 -0.59375
vt 0.4375 -0.890625
vt 0.285156 -0.59375
vt 0.285156 -0.890625
vt 0.4375 -0.890625
vt 0.4375 -0.394531
vt 0.285156 -0.394531
vt 0.285156 -0.486328
vt 0.4375 -0.394531
vt 0.4375 -0.59375
vt 0.285156 -0.59375
vt 0.4375 -0.890625
vt 0.0 5.0
vt 0.0 0.0
vt 2.0 0.0
vt 2.0 5.0
vt 0.841797 -0.986328
vt 0.998047 -0.986328
vt 0.966797 -0.892578
vt 0.841797 -0.892578
vt 0.498047 -0.986328
vt 0.654297 -0.986328
vt 0.654297 -0.892578
vt 0.529297 -0.892578
vt -0.470703 -1.392578
vt -0.345703 -1.392578
vt -0.345703 -1.105469
vt -0.158203 -1.392578
vt -0.158203 -1.105469
vt -0.033203 -1.392578
vt -0.158203 -0.609375
vt -0.251953 -0.515625
vt -0.345703 -0.609375
vt 1.0 0.5
vt 1.0 0.0
vt 1.03125 0.1875
vt 1.15625 0.03125
vt 1.5 0.0
vt 0.841797 -0.986328
vt 0.998047 -0.986328
vt 0.966797 -0.892578
vt 0.841797 -0.892578
vt 0.498047 -0.986328
vt 0.654297 -0.986328
vt 0.654297 -0.892578
vt 0.529297 -0.892578
vt -0.470703 -1.392578
vt -0.345703 -1.392578
vt -0.345703 -1.105469
vt -0.158203 -1.392578
vt -0.158203 -1.105469
vt -0.033203 -1.392578
vt -0.158203 -0.609375
vt -0.251953 -0.515625
vt -0.345703 -0.609375
vt 1.0 0.5
vt 1.0 0.0
vt 1.03125 0.1875
vt 1.15625 0.03125
vt 1.5 0.0
vt 0.5 -0.894531
vt 0.5 -0.597656
vt 0.0 -0.597656
vt 0.0 -0.894531
vt 0.5 -0.515625
vt 0.0 -0.515625
vt 0.5 -0.894531
vt 0.0 -0.894531
vt 0.0 -0.988281
vt 0.5 -0.988281
vt 0.753906 -0.599609
vt 1.0 -0.599609
vt 1.0 -0.513672
vt 0.5 -0.513672
vt 1.0 -0.599609
vt 1.279297 -0.599609
vt 1.5 -0.513672
vt 1.0 -0.513672
vt 0.4375 -0.59375
vt 0.4375 -0.890625
vt 0.285156 -0.59375
vt 0.285156 -0.890625
vt 0.4375 -0.890625
vt 0.4375 -0.394531
vt 0.285156 -0.394531
vt 0.285156 -0.486328
vt 0.4375 -0.394531
vt 0.4375 -0.59375
vt 0.285156 -0.59375
vt 0.4375 -0.890625
vt 0.0 5.0
vt 0.0 0.0
vt 4.0 0.0
vt 4.0 5.0
vt 0.5 -0.894531
vt 0.5 -0.597656
vt 0.0 -0.597656
vt 0.0 -0.894531
vt 0.5 -0.515625
vt 0.0 -0.515625
vt 0.5 -0.894531
vt 0.0 -0.894531
vt 0.0 -0.988281
vt 0.5 -0.988281
vt 0.0 1.0
vt 0.0 0.0
vt 4.0 0.0
vt 4.0 1.0
vt 0.0 2.0
vt 0.0 0.0
vt 8.0 0.0
vt 8.0 2.0
vt 1.5 -0.894531
vt 1.5 -0.597656
vt 0.0 -0.597656
vt 0.0 -0.894531
vt 1.5 -0.515625
vt 0.0 -0.515625
vt 1.5 -0.894531
vt 0.0 -0.894531
vt 0.0 -0.988281
vt 1.5 -0.988281
vt 0.841797 -0.986328
vt 0.998047 -0.986328
vt 0.966797 -0.892578
vt 0.841797 -0.892578
vt 0.498047 -0.986328
vt 0.654297 -0.986328
vt 0.654297 -0.892578
vt 0.529297 -0.892578
vt -0.470703 -1.392578
vt -0.345703 -1.392578
vt -0.345703 -1.105469
vt -0.158203 -1.392578
vt -0.158203 -1.105469
vt -0.033203 -1.392578
vt -0.158203 -0.609375
vt -0.251953 -0.515625
vt -0.345703 -0.609375
vt 1.0 0.5
vt 1.0 0.0
vt 1.03125 0.1875
vt 1.15625 0.03125
vt 1.5 0.0
vt 0.753906 -0.599609
vt 1.0 -0.599609
vt 1.0 -0.513672
vt 0.5 -0.513672
vt 1.0 -0.599609
vt 1.279297 -0.599609
vt 1.5 -0.513672
vt 1.0 -0.513672
vt 0.4375 -0.59375
vt 0.4375 -0.890625
vt 0.285156 -0.59375
vt 0.285156 -0.890625
vt 0.4375 -0.890625
vt 0.4375 -0.394531
vt 0.285156 -0.394531
vt 0.285156 -0.486328
vt 0.4375 -0.394531
vt 0.4375 -0.59375
vt 0.285156 -0.59375
vt 0.4375 -0.890625
vt 0.0 4.0
vt 0.0 0.0
vt 6.0 0.0
vt 6.0 4.0
vt 0.0 4.0
vt 0.0 0.0
vt 8.0 0.0
vt 8.0 4.0
vt 0.0 1.0
vt 0.0 0.0
vt 8.0 0.0
vt 8.0 1.0
vt 2.5 -0.894531
vt 2.5 -0.597656
vt 0.0 -0.597656
vt 0.0 -0.894531
vt 2.5 -0.515625
vt 0.0 -0.515625
vt 2.5 -0.894531
vt 0.0 -0.894531
vt 0.0 -0.988281
vt 2.5 -0.988281
vt 0.5 -0.894531
vt 0.5 -0.597656
vt 0.0 -0.597656
vt 0.0 -0.894531
vt 0.5 -0.515625
vt 0.0 -0.515625
vt 0.5 -0.894531
vt 0.0 -0.894531
vt 0.0 -0.988281
vt 0.5 -0.988281
vt 0.0 3.0
vt 0.0 0.0
vt 1.0 0.0
vt 1.0 3.0
vt 0.841797 -0.986328
vt 0.998047 -0.986328
vt 0.966797 -0.892578
vt 0.841797 -0.892578
vt 0.498047 -0.986328
vt 0.654297 -0.986328
vt 0.654297 -0.892578
vt 0.529297 -0.892578
vt -0.470703 -1.392578
vt -0.345703 -1.392578
vt -0.345703 -1.105469
vt -0.158203 -1.392578
vt -0.158203 -1.105469
vt -0.033203 -1.392578
vt -0.158203 -0.609375
vt -0.251953 -0.515625
vt -0.345703 -0.609375
vt 1.0 0.5
vt 1.0 0.0
vt 1.03125 0.1875
vt 1.15625 0.03125
vt 1.5 0.0
vt 0.5 -0.894531
vt 0.5 -0.597656
vt 0.0 -0.597656
vt 0.0 -0.894531
vt 0.5 -0.515625
vt 0.0 -0.515625
vt 0.5 -0.894531
vt 0.0 -0.894531
vt 0.0 -0.988281
vt 0.5 -0.988281
vt 0.753906 -0.599609
vt 1.0 -0.599609
vt 1.0 -0.513672
vt 0.5 -0.513672
vt 1.0 -0.599609
vt 1.279297 -0.599609
vt 1.5 -0.513672
vt 1.0 -0.513672
vt 0.4375 -0.59375
vt 0.4375 -0.890625
vt 0.285156 -0.59375
vt 0.285156 -0.890625
vt 0.4375 -0.890625
vt 0.4375 -0.394531
vt 0.285156 -0.394531
vt 0.285156 -0.486328
vt 0.4375 -0.394531
vt 0.4375 -0.59375
vt 0.285156 -0.59375
vt 0.4375 -0.890625
vt 0.0 1.0
vt 0.0 0.0
vt 1.0 0.0
vt 1.0 1.0
vt 0.841797 -0.986328
vt 0.998047 -0.986328
vt 0.966797 -0.892578
vt 0.841797 -0.892578
vt 0.498047 -0.986328
vt 0.654297 -0.986328
vt 0.654297 -0.892578
vt 0.529297 -0.892578
vt -0.470703 -1.392578
vt -0.345703 -1.392578
vt -0.345703 -1.105469
vt -0.158203 -1.392578
vt -0.158203 -1.105469
vt -0.033203 -1.392578
vt -0.158203 -0.609375
vt -0.251953 -0.515625
vt -0.345703 -0.609375
vt 1.0 0.5
vt 1.0 0.0
vt 1.03125 0.1875
vt 1.15625 0.03125
vt 1.5 0.0
vt 0.5 -0.894531
vt 0.5 -0.597656
vt 0.0 -0.597656
vt 0.0 -0.894531
vt 0.5 -0.515625
vt 0.0 -0.515625
vt 0.5 -0.894531
vt 0.0 -0.894531
vt 0.0 -0.988281
vt 0.5 -0.988281
vt 0.753906 -0.599609
vt 1.0 -0.599609
vt 1.0 -0.513672
vt 0.5 -0.513672
vt 1.0 -0.599609
vt 1.279297 -0.599609
vt 1.5 -0.513672
vt 1.0 -0.513672
vt 0.4375 -0.59375
vt 0.4375 -0.890625
vt 0.285156 -0.59375
vt 0.285156 -0.890625
vt 0.4375 -0.890625
vt 0.4375 -0.394531
vt 0.285156 -0.394531
vt 0.285156 -0.486328
vt 0.4375 -0.394531
vt 0.4375 -0.59375
vt 0.285156 -0.59375
vt 0.4375 -0.890625
vt 0.0 2.0
vt 0.0 0.0
vt 8.0 0.0
vt 8.0 2.0
vt 0.841797 -0.986328
vt 0.998047 -0.986328
vt 0.966797 -0.892578
vt 0.841797 -0.892578
vt 0.498047 -0.986328
vt 0.654297 -0.986328
vt 0.654297 -0.892578
vt 0.529297 -0.892578
vt -0.470703 -1.392578
vt -0.345703 -1.392578
vt -0.345703 -1.105469
vt -0.158203 -1.392578
vt -0.158203 -1.105469
vt -0.033203 -1.392578
vt -0.158203 -0.609375
vt -0.251953 -0.515625
vt -0.345703 -0.609375
vt 1.0 0.5
vt 1.0 0.0
vt 1.03125 0.1875
vt 1.15625 0.03125
vt 1.5 0.0
vt 0.753906 -0.599609
vt 1.0 -0.599609
vt 1.0 -0.513672
vt 0.5 -0.513672
vt 1.0 -0.599609
vt 1.279297 -0.599609
vt 1.5 -0.513672
vt 1.0 -0.513672
vt 0.4375 -0.59375
vt 0.4375 -0.890625
vt 0.285156 -0.59375
vt 0.285156 -0.890625
vt 0.4375 -0.890625
vt 0.4375 -0.394531
vt 0.285156 -0.394531
vt 0.285156 -0.486328
vt 0.4375 -0.394531
vt 0.4375 -0.59375
vt 0.285156 -0.59375
vt 0.4375 -0.890625
vt 0.0 4.0
vt 0.0 0.0
vt 8.0 0.0
vt 8.0 4.0
vt 0.0 2.0
vt 0.0 0.0
vt 5.0 0.0
vt 5.0 2.0
vt 0.841797 -0.986328
vt 0.998047 -0.986328
vt 0.966797 -0.892578
vt 0.841797 -0.892578
vt 0.498047 -0.986328
vt 0.654297 -0.986328
vt 0.654297 -0.892578
vt 0.529297 -0.892578
vt -0.470703 -1.392578
vt -0.345703 -1.392578
vt -0.345703 -1.105469
vt -0.158203 -1.392578
vt -0.158203 -1.105469
vt -0.033203 -1.392578
vt -0.158203 -0.609375
vt -0.251953 -0.515625
vt -0.345703 -0.609375
vt 1.0 0.5
vt 1.0 0.0
vt 1.03125 0.1875
vt 1.15625 0.03125
vt 1.5 0.0
vt 1.0 -0.894531
vt 1.0 -0.597656
vt 0.0 -0.597656
vt 0.0 -0.894531
vt 1.0 -0.515625
vt 0.0 -0.515625
vt 1.0 -0.894531
vt 0.0 -0.894531
vt 0.0 -0.988281
vt 1.0 -0.988281
vt 0.0 2.0
vt 0.0 0.0
vt 8.0 0.0
vt 8.0 2.0
vt 4.0 -0.894531
vt 4.0 -0.597656
vt 0.0 -0.597656
vt 0.0 -0.894531
vt 4.0 -0.515625
vt 0.0 -0.515625
vt 4.0 -0.894531
vt 0.0 -0.894531
vt 0.0 -0.988281
vt 4.0 -0.988281
vt 0.0 1.0
vt 0.0 0.0
vt 8.0 0.0
vt 8.0 1.0
vt 3.5 -0.894531
vt 3.5 -0.597656
vt 0.0 -0.597656
vt 0.0 -0.894531
vt 3.5 -0.515625
vt 0.0 -0.515625
vt 3.5 -0.894531
vt 0.0 -0.894531
vt 0.0 -0.988281
vt 3.5 -0.988281
vt 0.0 3.0
vt 0.0 0.0
vt 5.0 0.0
vt 5.0 3.0
vt 0.0 1.0
vt 0.0 0.0
vt 8.0 0.0
vt 8.0 1.0
vt 0.0 3.0
vt 0.0 0.0
vt 8.0 0.0
vt 8.0 3.0
vt 0.841797 -0.986328
vt 0.998047 -0.986328
vt 0.966797 -0.892578
vt 0.841797 -0.892578
vt 0.498047 -0.986328
vt 0.654297 -0.986328
vt 0.654297 -0.892578
vt 0.529297 -0.892578
vt -0.470703 -1.392578
vt -0.345703 -1.392578
vt -0.345703 -1.105469
vt -0.158203 -1.392578
vt -0.158203 -1.105469
vt -0.033203 -1.392578
vt -0.158203 -0.609375
vt -0.251953 -0.515625
vt -0.345703 -0.609375
vt 1.0 0.5
vt 1.0 0.0
vt 1.03125 0.1875
vt 1.15625 0.03125
vt 1.5 0.0
vt 1.0 -0.894531
vt 1.0 -0.597656
vt 0.0 -0.597656
vt 0.0 -0.894531
vt 1.0 -0.515625
vt 0.0 -0.515625
vt 1.0 -0.894531
vt 0.0 -0.894531
vt 0.0 -0.988281
vt 1.0 -0.988281
vt 0.753906 -0.599609
vt 1.0 -0.599609
vt 1.0 -0.513672
vt 0.5 -0.513672
vt 1.0 -0.599609
vt 1.279297 -0.599609
vt 1.5 -0.513672
vt 1.0 -0.513672
vt 0.4375 -0.59375
vt 0.4375 -0.890625
vt 0.285156 -0.59375
vt 0.285156 -0.890625
vt 0.4375 -0.890625
vt 0.4375 -0.394531
vt 0.285156 -0.394531
vt 0.285156 -0.486328
vt 0.4375 -0.394531
vt 0.4375 -0.59375
vt 0.285156 -0.59375
vt 0.4375 -0.890625
vt 0.0 1.0
vt 0.0 0.0
vt 2.0 0.0
vt 2.0 1.0
vt 0.0 3.0
vt 0.0 0.0
vt 7.0 0.0
vt 7.0 3.0
vt 0.5 -0.894531
vt 0.5 -0.597656
vt 0.0 -0.597656
vt 0.0 -0.894531
vt 0.5 -0.515625
vt 0.0 -0.515625
vt 0.5 -0.894531
vt 0.0 -0.894531
vt 0.0 -0.988281
vt 0.5 -0.988281
vt 0.0 2.0
vt 0.0 0.0
vt 8.0 0.0
vt 8.0 2.0
vt 0.841797 -0.986328
vt 0.998047 -0.986328
vt 0.966797 -0.892578
vt 0.841797 -0.892578
vt 0.498047 -0.986328
vt 0.654297 -0.986328
vt 0.654297 -0.892578
vt 0.529297 -0.892578
vt -0.470703 -1.392578
vt -0.345703 -1.392578
vt -0.345703 -1.105469
vt -0.158203 -1.392578
vt -0.158203 -1.105469
vt -0.033203 -1.392578
vt -0.158203 -0.609375
vt -0.251953 -0.515625
vt -0.345703 -0.609375
vt 1.0 0.5
vt 1.0 0.0
vt 1.03125 0.1875
vt 1.15625 0.03125
vt 1.5 0.0
vt 0.5 -0.894531
vt 0.5 -0.597656
vt 0.0 -0.597656
vt 0.0 -0.894531
vt 0.5 -0.515625
vt 0.0 -0.515625
vt 0.5 -0.894531
vt 0.0 -0.894531
vt 0.0 -0.988281
vt 0.5 -0.988281
vt 0.753906 -0.599609
vt 1.0 -0.599609
vt 1.0 -0.513672
vt 0.5 -0.513672
vt 1.0 -0.599609
vt 1.279297 -0.599609
vt 1.5 -0.513672
vt 1.0 -0.513672
vt 0.4375 -0.59375
vt 0.4375 -0.890625
vt 0.285156 -0.59375
vt 0.285156 -0.890625
vt 0.4375 -0.890625
vt 0.4375 -0.394531
vt 0.285156 -0.394531
vt 0.285156 -0.486328
vt 0.4375 -0.394531
vt 0.4375 -0.59375
vt 0.285156 -0.59375
vt 0.4375 -0.890625
vt 0.0 1.0
vt 0.0 0.0
vt 1.0 0.0
vt 1.0 1.0
vt 0.0 4.0
vt 0.0 0.0
vt 3.0 0.0
vt 3.0 4.0
vt 0.0 1.0
vt 0.0 0.0
vt 5.0 0.0
vt 5.0 1.0
vt 0.0 2.0
vt 0.0 0.0
vt 7.0 0.0
vt 7.0 2.0
vt 0.841797 -0.986328
vt 0.998047 -0.986328
vt 0.966797 -0.892578
vt 0.841797 -0.892578
vt 0.498047 -0.986328
vt 0.654297 -0.986328
vt 0.654297 -0.892578
vt 0.529297 -0.892578
vt -0.470703 -1.392578
vt -0.345703 -1.392578
vt -0.345703 -1.105469
vt -0.158203 -1.392578
vt -0.158203 -1.105469
vt -0.033203 -1.392578
vt -0.158203 -0.609375
vt -0.251953 -0.515625
vt -0.345703 -0.609375
vt 1.0 0.5
vt 1.0 0.0
vt 1.03125 0.1875
vt 1.15625 0.03125
vt 1.5 0.0
vt 2.0 -0.894531
vt 2.0 -0.597656
vt 0.0 -0.597656
vt 0.0 -0.894531
vt 2.0 -0.515625
vt 0.0 -0.515625
vt 2.0 -0.894531
vt 0.0 -0.894531
vt 0.0 -0.988281
vt 2.0 -0.988281
vt 0.0 5.0
vt 0.0 0.0
vt 6.0 0.0
vt 6.0 5.0
vt 0.0 2.0
vt 0.0 0.0
vt 1.0 0.0
vt 1.0 2.0
vt 0.841797 -0.986328
vt 0.998047 -0.986328
vt 0.966797 -0.892578
vt 0.841797 -0.892578
vt 0.498047 -0.986328
vt 0.654297 -0.986328
vt 0.654297 -0.892578
vt 0.529297 -0.892578
vt -0.470703 -1.392578
vt -0.345703 -1.392578
vt -0.345703 -1.105469
vt -0.158203 -1.392578
vt -0.158203 -1.105469
vt -0.033203 -1.392578
vt -0.158203 -0.609375
vt -0.251953 -0.515625
vt -0.345703 -0.609375
vt 1.0 0.5
vt 1.0 0.0
vt 1.03125 0.1875
vt 1.15625 0.03125
vt 1.5 0.0
vt 1.0 -0.894531
vt 1.0 -0.597656
vt 0.0 -0.597656
vt 0.0 -0.894531
vt 1.0 -0.515625
vt 0.0 -0.515625
vt 1.0 -0.894531
vt 0.0 -0.894531
vt 0.0 -0.988281
vt 1.0 -0.988281
vt 0.753906 -0.599609
vt 1.0 -0.599609
vt 1.0 -0.513672
vt 0.5 -0.513672
vt 1.0 -0.599609
vt 1.279297 -0.599609
vt 1.5 -0.513672
vt 1.0 -0.513672
vt 0.4375 -0.59375
vt 0.4375 -0.890625
vt 0.285156 -0.59375
vt 0.285156 -0.890625
vt 0.4375 -0.890625
vt 0.4375 -0.394531
vt 0.285156 -0.394531
vt 0.285156 -0.486328
vt 0.4375 -0.394531
vt 0.4375 -0.59375
vt 0.285156 -0.59375
vt 0.4375 -0.890625
vt 0.0 1.0
vt 0.0 0.0
vt 3.0 0.0
vt 3.0 1.0
vt 0.0 2.0
vt 0.0 0.0
vt 8.0 0.0
vt 8.0 2.0
vt 0.841797 -0.986328
vt 0.998047 -0.986328
vt 0.966797 -0.892578
vt 0.841797 -0.892578
vt 0.498047 -0.986328
vt 0.654297 -0.986328
vt 0.654297 -0.892578
vt 0.529297 -0.892578
vt -0.470703 -1.392578
vt -0.345703 -1.392578
vt -0.345703 -1.105469
vt -0.158203 -1.392578
vt -0.158203 -1.105469
vt -0.033203 -1.392578
vt -0.158203 -0.609375
vt -0.251953 -0.515625
vt -0.345703 -0.609375
vt 1.0 0.5
vt 1.0 0.0
vt 1.03125 0.1875
vt 1.15625 0.03125
vt 1.5 0.0
vt 1.0 -0.894531
vt 1.0 -0.597656
vt 0.0 -0.597656
vt 0.0 -0.894531
vt 1.0 -0.515625
vt 0.0 -0.515625
vt 1.0 -0.894531
vt 0.0 -0.894531
vt 0.0 -0.988281
vt 1.0 -0.988281
vt 0.753906 -0.599609
vt 1.0 -0.599609
vt 1.0 -0.513672
vt 0.5 -0.513672
vt 1.0 -0.599609
vt 1.279297 -0.599609
vt 1.5 -0.513672
vt 1.0 -0.513672
vt 0.4375 -0.59375
vt 0.4375 -0.890625
vt 0.285156 -0.59375
vt 0.285156 -0.890625
vt 0.4375 -0.890625
vt 0.4375 -0.394531
vt 0.285156 -0.394531
vt 0.285156 -0.486328
vt 0.4375 -0.394531
vt 0.4375 -0.59375
vt 0.285156 -0.59375
vt 0.4375 -0.890625
vt 0.0 3.0
vt 0.0 0.0
vt 8.0 0.0
vt 8.0 3.0
vt 0.0 4.0
vt 0.0 0.0
vt 8.0 0.0
vt 8.0 4.0
vt 1.0 -0.894531
vt 1.0 -0.597656
vt 0.0 -0.597656
vt 0.0 -0.894531
vt 1.0 -0.515625
vt 0.0 -0.515625
vt 1.0 -0.894531
vt 0.0 -0.894531
vt 0.0 -0.988281
vt 1.0 -0.988281
vt 0.0 3.0
vt 0.0 0.0
vt 8.0 0.0
vt 8.0 3.0
vt 4.0 -0.894531
vt 4.0 -0.597656
vt 0.0 -0.597656
vt 0.0 -0.894531
vt 4.0 -0.515625
vt 0.0 -0.515625
vt 4.0 -0.894531
vt 0.0 -0.894531
vt 0.0 -0.988281
vt 4.0 -0.988281
vt 0.0 1.0
vt 0.0 0.0
vt 8.0 0.0
vt 8.0 1.0
vt 0.0 3.0
vt 0.0 0.0
vt 8.0 0.0
vt 8.0 3.0
vt 0.841797 -0.986328
vt 0.998047 -0.986328
vt 0.966797 -0.892578
vt 0.841797 -0.892578
vt 0.498047 -0.986328
vt 0.654297 -0.986328
vt 0.654297 -0.892578
vt 0.529297 -0.892578
vt -0.470703 -1.392578
vt -0.345703 -1.392578
vt -0.345703 -1.105469
vt -0.158203 -1.392578
vt -0.158203 -1.105469
vt -0.033203 -1.392578
vt -0.158203 -0.609375
vt -0.251953 -0.515625
vt -0.345703 -0.609375
vt 1.0 0.5
vt 1.0 0.0
vt 1.03125 0.1875
vt 1.15625 0.03125
vt 1.5 0.0
vt 2.0 -0.894531
vt 2.0 -0.597656
vt 0.0 -0.597656
vt 0.0 -0.894531
vt 2.0 -0.515625
vt 0.0 -0.515625
vt 2.0 -0.894531
vt 0.0 -0.894531
vt 0.0 -0.988281
vt 2.0 -0.988281
vt 0.753906 -0.599609
vt 1.0 -0.599609
vt 1.0 -0.513672
vt 0.5 -0.513672
vt 1.0 -0.599609
vt 1.279297 -0.599609
vt 1.5 -0.513672
vt 1.0 -0.513672
vt 0.4375 -0.59375
vt 0.4375 -0.890625
vt 0.285156 -0.59375
vt 0.285156 -0.890625
vt 0.4375 -0.890625
vt 0.4375 -0.394531
vt 0.285156 -0.394531
vt 0.285156 -0.486328
vt 0.4375 -0.394531
vt 0.4375 -0.59375
vt 0.285156 -0.59375
vt 0.4375 -0.890625
vt 0.0 5.0
vt 0.0 0.0
vt 8.0 0.0
vt 8.0 5.0
vt 0.5 -0.894531
vt 0.5 -0.597656
vt 0.0 -0.597656
vt 0.0 -0.894531
vt 0.5 -0.515625
vt 0.0 -0.515625
vt 0.5 -0.894531
vt 0.0 -0.894531
vt 0.0 -0.988281
vt 0.5 -0.988281
vt 0.0 2.0
vt 0.0 0.0
vt 8.0 0.0
vt 8.0 2.0
vt 0.841797 -0.986328
vt 0.998047 -0.986328
vt 0.966797 -0.892578
vt 0.841797 -0.892578
vt 0.498047 -0.986328
vt 0.654297 -0.986328
vt 0.654297 -0.892578
vt 0.529297 -0.892578
vt -0.470703 -1.392578
vt -0.345703 -1.392578
vt -0.345703 -1.105469
vt -0.158203 -1.392578
vt -0.158203 -1.105469
vt -0.033203 -1.392578
vt -0.158203 -0.609375
vt -0.251953 -0.515625
vt -0.345703 -0.609375
vt 1.0 0.5
vt 1.0 0.0
vt 1.03125 0.1875
vt 1.15625 0.03125
vt 1.5 0.0
vt 3.5 -0.894531
vt 3.5 -0.597656
vt 0.0 -0.597656
vt 0.0 -0.894531
vt 3.5 -0.515625
vt 0.0 -0.515625
vt 3.5 -0.894531
vt 0.0 -0.894531
vt 0.0 -0.988281
vt 3.5 -0.988281
vt 0.0 8.0
vt 0.0 0.0
vt 8.0 0.0
vt 8.0 8.0
vt 0.0 2.0
vt 0.0 0.0
vt 5.0 0.0
vt 5.0 2.0
vt 0.0 3.0
vt 0.0 0.0
vt 1.0 0.0
vt 1.0 3.0
vt 0.0 4.0
vt 0.0 0.0
vt 5.0 0.0
vt 5.0 4.0
vt 0.0 3.0
vt 0.0 0.0
vt 4.0 0.0
vt 4.0 3.0
vt 0.841797 -0.986328
vt 0.998047 -0.986328
vt 0.966797 -0.892578
vt 0.841797 -0.892578
vt 0.498047 -0.986328
vt 0.654297 -0.986328
vt 0.654297 -0.892578
vt 0.529297 -0.892578
vt -0.470703 -1.392578
vt -0.345703 -1.392578
vt -0.345703 -1.105469
vt -0.158203 -1.392578
vt -0.158203 -1.105469
vt -0.033203 -1.392578
vt -0.158203 -0.609375
vt -0.251953 -0.515625
vt -0.345703 -0.609375
vt 1.0 0.5
vt 1.0 0.0
vt 1.03125 0.1875
vt 1.15625 0.03125
vt 1.5 0.0
vt 1.5 -0.894531
vt 1.5 -0.597656
vt 0.0 -0.597656
vt 0.0 -0.894531
vt 1.5 -0.515625
vt 0.0 -0.515625
vt 1.5 -0.894531
vt 0.0 -0.894531
vt 0.0 -0.988281
vt 1.5 -0.988281
vt 0.753906 -0.599609
vt 1.0 -0.599609
vt 1.0 -0.513672
vt 0.5 -0.513672
vt 1.0 -0.599609
vt 1.279297 -0.599609
vt 1.5 -0.513672
vt 1.0 -0.513672
vt 0.4375 -0.59375
vt 0.4375 -0.890625
vt 0.285156 -0.59375
vt 0.285156 -0.890625
vt 0.4375 -0.890625
vt 0.4375 -0.394531
vt 0.285156 -0.394531
vt 0.285156 -0.486328
vt 0.4375 -0.394531
vt 0.4375 -0.59375
vt 0.285156 -0.59375
vt 0.4375 -0.890625
vt 0.0 3.0
vt 0.0 0.0
vt 3.0 0.0
vt 3.0 3.0
vt 0.0 4.0
vt 0.0 0.0
vt 3.0 0.0
vt 3.0 4.0
vt 1.5 -0.894531
vt 1.5 -0.597656
vt 0.0 -0.597656
vt 0.0 -0.894531
vt 1.5 -0.515625
vt 0.0 -0.515625
vt 1.5 -0.894531
vt 0.0 -0.894531
vt 0.0 -0.988281
vt 1.5 -0.988281
vt 0.0 5.0
vt 0.0 0.0
vt 2.0 0.0
vt 2.0 5.0
vt 0.0 2.0
vt 0.0 0.0
vt 1.0 0.0
vt 1.0 2.0
vt 2.0 -2.0E-6
vt 0.0 -2.0E-6
vt 2.0 2.000002
vt 0.0 2.000002
vt 2.0 1.999998
vt 0.0 1.999998
vt 2.0 4.000002
vt 0.0 4.000002
vt 2.0 6.000002
vt 0.0 6.000002
vt 2.0 3.999998
vt 0.0 3.999998
vt 2.0 8.000002
vt 0.0 8.000002
vt 2.0 5.999998
vt 0.0 5.999998
vt 4.0 -2.0E-6
vt 2.0 -2.0E-6
vt 4.0 2.000002
vt 2.0 2.000002
vt 4.0 1.999998
vt 2.0 1.999998
vt 4.0 4.000002
vt 2.0 4.000002
vt 4.0 6.000002
vt 2.0 6.000002
vt 4.0 3.999998
vt 2.0 3.999998
vt 4.0 8.000002
vt 2.0 8.000002
vt 4.0 5.999998
vt 2.0 5.999998
vt 6.0 -2.0E-6
vt 4.0 -2.0E-6
vt 6.0 2.000002
vt 4.0 2.000002
vt 6.0 1.999998
vt 4.0 1.999998
vt 6.0 4.000002
vt 4.0 4.000002
vt 6.0 6.000002
vt 4.0 6.000002
vt 6.0 3.999998
vt 4.0 3.999998
vt 6.0 8.000002
vt 4.0 8.000002
vt 6.0 5.999998
vt 4.0 5.999998
vt 8.0 -2.0E-6
vt 6.0 -2.0E-6
vt 8.0 2.000002
vt 6.0 2.000002
vt 8.0 1.999998
vt 6.0 1.999998
vt 8.0 4.000002
vt 6.0 4.000002
vt 8.0 6.000002
vt 6.0 6.000002
vt 8.0 3.999998
vt 6.0 3.999998
vt 8.0 8.000002
vt 6.0 8.000002
vt 8.0 5.999998
vt 6.0 5.999998
vn 0.0 -0.0 1.0
vn 0.0 -0.0 1.0
vn 0.0 -0.0 1.0
vn 0.0 -0.0 1.0
vn 0.0 -0.0 1.0
vn 0.0 -0.0 1.0
vn 0.0 -0.0 1.0
vn -0.9371 -0.0 0.3492
vn -0.6885 -0.6193 0.3775
vn -0.7069 -0.5992 0.3759
vn -0.441 -0.882 0.1664
vn -0.7456 -0.6447 0.1685
vn -0.7372 -0.6542 0.1688
vn 0.4547 0.8794 0.1415
vn -0.7372 0.6542 0.1688
vn -0.9351 0.3228 0.1466
vn -0.7456 0.6447 0.1685
vn -0.4151 -0.8301 0.3724
vn -0.441 0.882 0.1664
vn -0.9351 -0.3228 0.1466
vn -0.8916 0.3078 0.3322
vn 0.7978 -0.5292 0.2889
vn 0.7037 -0.6624 0.2571
vn 0.7168 -0.6464 0.2615
vn 0.4405 -0.8822 0.1664
vn 0.8737 0.3226 0.3643
vn 0.8033 0.0069 0.5955
vn 0.726 -0.1431 0.6726
vn 0.2944 -0.5903 0.7516
vn -0.2951 -0.5902 0.7514
vn -0.5171 -0.4073 0.7528
vn -0.4814 -0.4417 0.7571
vn -0.6685 -0.2307 0.707
vn 0.8323 -0.1484 0.534
vn 0.6669 0.1958 0.719
vn 0.6255 0.2526 0.7382
vn 0.2821 0.58 0.7642
vn -0.2091 0.4183 0.8839
vn 0.8606 0.3364 0.3823
vn 0.4311 0.8069 0.4038
vn -0.6685 0.2307 0.707
vn 0.2695 0.9361 0.2259
vn 0.4142 -0.8305 0.3725
vn 0.934 0.3541 0.0472
vn 0.0 0.0 1.0
vn 0.0 -0.0 1.0
vn 0.0 -0.0 1.0
vn 0.0 -0.0 1.0
vn 0.0 -0.0 1.0
vn 0.0 -0.0 1.0
vn 0.0 -0.0 1.0
vn 0.0 -0.0 1.0
vn 0.0 -0.0 1.0
vn 0.0 -0.0 1.0
vn 0.0 -0.0 1.0
vn 0.0 -0.0 1.0
vn 0.0 -0.9371 0.3492
vn 0.6193 -0.6885 0.3775
vn 0.5992 -0.7069 0.3759
vn 0.882 -0.441 0.1664
vn 0.6447 -0.7456 0.1685
vn 0.6542 -0.7372 0.1688
vn -0.8794 0.4547 0.1415
vn -0.6542 -0.7372 0.1688
vn -0.3228 -0.9351 0.1466
vn -0.6447 -0.7456 0.1685
vn 0.8301 -0.4151 0.3724
vn -0.882 -0.441 0.1664
vn 0.3228 -0.9351 0.1466
vn -0.3078 -0.8916 0.3322
vn 0.5292 0.7978 0.2889
vn 0.6624 0.7037 0.2571
vn 0.6464 0.7168 0.2615
vn 0.8822 0.4405 0.1664
vn -0.3226 0.8737 0.3643
vn -0.0069 0.8033 0.5955
vn 0.1431 0.726 0.6726
vn 0.5903 0.2944 0.7516
vn 0.5902 -0.2951 0.7514
vn 0.4073 -0.5171 0.7528
vn 0.4417 -0.4814 0.7571
vn 0.2307 -0.6685 0.707
vn 0.1484 0.8323 0.534
vn -0.1958 0.6669 0.719
vn -0.2526 0.6255 0.7382
vn -0.58 0.2821 0.7642
vn -0.4183 -0.2091 0.8839
vn -0.3364 0.8606 0.3823
vn -0.8069 0.4311 0.4038
vn -0.2307 -0.6685 0.707
vn -0.9361 0.2695 0.2259
vn 0.8305 0.4142 0.3725
vn -0.3541 0.934 0.0472
vn -0.0 0.0 1.0
vn 0.0 -0.0 1.0
vn 0.0 -0.0 1.0
vn 0.0 -0.0 1.0
vn 0.0 -0.0 1.0
vn 0.0 -0.0 1.0
vn 0.0 -0.0 1.0
vn 0.0 -0.0 1.0
vn 0.0 -0.0 1.0
vn 0.0 -0.0 1.0
vn 0.0 -0.0 1.0
vn 0.0 -0.0 1.0
vn 0.0 -0.0 1.0
vn 0.0 -0.0 1.0
vn 0.0 -0.0 1.0
vn -0.9371 -0.0 0.3492
vn -0.6885 -0.6193 0.3775
vn -0.7069 -0.5992 0.3759
vn -0.441 -0.882 0.1664
vn -0.7456 -0.6447 0.1685
vn -0.7372 -0.6542 0.1688
vn 0.4547 0.8794 0.1415
vn -0.7372 0.6542 0.1688
vn -0.9351 0.3228 0.1466
vn -0.7456 0.6447 0.1685
vn -0.4151 -0.8301 0.3724
vn -0.441 0.882 0.1664
vn -0.9351 -0.3228 0.1466
vn -0.8916 0.3078 0.3322
vn 0.7978 -0.5292 0.2889
vn 0.7037 -0.6624 0.2571
vn 0.7168 -0.6464 0.2615
vn 0.4405 -0.8822 0.1664
vn 0.8737 0.3226 0.3643
vn 0.8033 0.0069 0.5955
vn 0.726 -0.1431 0.6726
vn 0.2944 -0.5903 0.7516
vn -0.2951 -0.5902 0.7514
vn -0.5171 -0.4073 0.7528
vn -0.4814 -0.4417 0.7571
vn -0.6685 -0.2307 0.707
vn 0.8323 -0.1484 0.534
vn 0.6669 0.1958 0.719
vn 0.6255 0.2526 0.7382
vn 0.2821 0.58 0.7642
vn -0.2091 0.4183 0.8839
vn 0.8606 0.3364 0.3823
vn 0.4311 0.8069 0.4038
vn -0.6685 0.2307 0.707
vn 0.2695 0.9361 0.2259
vn 0.4142 -0.8305 0.3725
vn 0.934 0.3541 0.0472
vn 0.0 0.0 1.0
vn 0.0 -0.0 1.0
vn 0.0 -0.0 1.0
vn 0.0 -0.0 1.0
vn 0.0 -0.0 1.0
vn 0.0 -0.0 1.0
vn 0.0 -0.0 1.0
vn 0.0 -0.0 1.0
vn 0.0 -0.0 1.0
vn 0.0 -0.0 1.0
vn 0.0 -0.0 1.0
vn 0.0 -0.0 1.0
vn 0.0 -0.0 1.0
vn 0.0 -0.0 1.0
vn 0.0 -0.9371 0.3492
vn 0.6193 -0.6885 0.3775
vn 0.5992 -0.7069 0.3759
vn 0.882 -0.441 0.1664
vn 0.6447 -0.7456 0.1685
vn 0.6542 -0.7372 0.1688
vn -0.8794 0.4547 0.1415
vn -0.6542 -0.7372 0.1688
vn -0.3228 -0.9351 0.1466
vn -0.6447 -0.7456 0.1685
vn 0.8301 -0.4151 0.3724
vn -0.882 -0.441 0.1664
vn 0.3228 -0.9351 0.1466
vn -0.3078 -0.8916 0.3322
vn 0.5292 0.7978 0.2889
vn 0.6624 0.7037 0.2571
vn 0.6464 0.7168 0.2615
vn 0.8822 0.4405 0.1664
vn -0.3226 0.8737 0.3643
vn -0.0069 0.8033 0.5955
vn 0.1431 0.726 0.6726
vn 0.5903 0.2944 0.7516
vn 0.5902 -0.2951 0.7514
vn 0.4073 -0.5171 0.7528
vn 0.4417 -0.4814 0.7571
vn 0.2307 -0.6685 0.707
vn 0.1484 0.8323 0.534
vn -0.1958 0.6669 0.719
vn -0.2526 0.6255 0.7382
vn -0.58 0.2821 0.7642
vn -0.4183 -0.2091 0.8839
vn -0.3364 0.8606 0.3823
vn -0.8069 0.4311 0.4038
vn -0.2307 -0.6685 0.707
vn -0.9361 0.2695 0.2259
vn 0.8305 0.4142 0.3725
vn -0.3541 0.934 0.0472
vn -0.0 0.0 1.0
vn 0.0 -0.0 1.0
vn 0.0 -0.0 1.0
vn 0.0 -0.0 1.0
vn 0.0 -0.0 1.0
vn 0.0 -0.0 1.0
vn 0.0 -0.0 1.0
vn 0.0 -0.0 1.0
vn 0.0 -0.0 1.0
vn 0.0 -0.0 1.0
vn 0.0 -0.0 1.0
vn 0.0 -0.0 1.0
vn 0.0 -0.0 1.0
vn 0.0 -0.0 1.0
vn -0.9371 -0.0 0.3492
vn -0.6885 -0.6193 0.3775
vn -0.7069 -0.5992 0.3759
vn -0.441 -0.882 0.1664
vn -0.7456 -0.6447 0.1685
vn -0.7372 -0.6542 0.1688
vn 0.4547 0.8794 0.1415
vn -0.7372 0.6542 0.1688
vn -0.9351 0.3228 0.1466
vn -0.7456 0.6447 0.1685
vn -0.4151 -0.8301 0.3724
vn -0.441 0.882 0.1664
vn -0.9351 -0.3228 0.1466
vn -0.8916 0.3078 0.3322
vn 0.7978 -0.5292 0.2889
vn 0.7037 -0.6624 0.2571
vn 0.7168 -0.6464 0.2615
vn 0.4405 -0.8822 0.1664
vn 0.8737 0.3226 0.3643
vn 0.8033 0.0069 0.5955
vn 0.726 -0.1431 0.6726
vn 0.2944 -0.5903 0.7516
vn -0.2951 -0.5902 0.7514
vn -0.5171 -0.4073 0.7528
vn -0.4814 -0.4417 0.7571
vn -0.6685 -0.2307 0.707
vn 0.8323 -0.1484 0.534
vn 0.6669 0.1958 0.719
vn 0.6255 0.2526 0.7382
vn 0.2821 0.58 0.7642
vn -0.2091 0.4183 0.8839
vn 0.8606 0.3364 0.3823
vn 0.4311 0.8069 0.4038
vn -0.6685 0.2307 0.707
vn 0.2695 0.9361 0.2259
vn 0.4142 -0.8305 0.3725
vn 0.934 0.3541 0.0472
vn 0.0 0.0 1.0
vn 0.0 -0.0 1.0
vn 0.0 -0.0 1.0
vn 0.0 -0.0 1.0
vn 0.0 -0.0 1.0
vn 0.0 -0.0 1.0
vn 0.0 -0.0 1.0
vn 0.0 -0.0 1.0
vn 0.0 -0.0 1.0
vn 0.0 -0.0 1.0
vn 0.0 -0.0 1.0
vn 0.0 -0.7071 0.7071
vn 0.0 -0.5258 0.8506
vn -0.0 -0.0 1.0
vn 0.0 -0.426 0.9047
vn 0.0 -0.0 1.0
vn 0.0 -0.7071 0.7071
vn 0.0 -0.5258 0.8506
vn -0.0 -0.0 1.0
vn 0.0 -0.426 0.9047
vn 0.0 -0.0 1.0
vn 0.0 -0.7071 0.7071
vn 0.0 -0.5258 0.8506
vn -0.0 -0.0 1.0
vn 0.0 -0.426 0.9047
vn 0.0 -0.0 1.0
vn 0.0 -0.7071 0.7071
vn 0.0 -0.5258 0.8506
vn -0.0 -0.0 1.0
vn 0.0 -0.426 0.9047
vn 0.1651 -0.0808 0.983
vn 0.2269 -0.0178 0.9738
vn 0.6983 -0.0558 0.7136
vn 0.5641 -0.3474 0.7491
vn 0.0679 -0.1819 0.981
vn 0.0657 -0.1788 0.9817
vn 0.2295 -0.5999 0.7665
vn 0.0672 -0.6978 0.7132
vn 0.0644 -0.6948 0.7163
vn 0.2303 -0.6012 0.7652
vn 0.3262 -0.6426 0.6933
vn 0.5703 -0.3477 0.7442
vn 0.5665 -0.25 0.7852
vn 0.6961 -0.0567 0.7157
vn -0.0 0.0 1.0
vn 0.3262 -0.6425 0.6933
vn 0.3865 -0.3865 0.8374
vn -0.0 -0.526 0.8505
vn -0.0 -0.0 1.0
vn 0.526 0.0 0.8505
vn 0.5259 0.0 0.8505
vn 0.6425 -0.3262 0.6934
vn 0.4629 -0.4629 0.7559
vn 0.3262 -0.6426 0.6933
vn 0.3262 -0.6426 0.6934
vn 0.6426 -0.3262 0.6934
vn -0.0 -0.5259 0.8505
vn 0.0 -0.0 1.0
vn 0.7071 0.0 0.7071
vn 0.5258 0.0 0.8506
vn 0.0 -0.0 1.0
vn 0.426 0.0 0.9047
vn 0.3865 -0.3865 0.8374
vn -0.0 -0.526 0.8505
vn -0.0 -0.0 1.0
vn 0.526 0.0 0.8505
vn 0.5259 0.0 0.8505
vn 0.6425 -0.3262 0.6934
vn 0.4629 -0.4629 0.7559
vn 0.3262 -0.6426 0.6933
vn 0.3262 -0.6426 0.6934
vn 0.6426 -0.3262 0.6934
vn -0.0 -0.5259 0.8505
vn 0.0 -0.0 1.0
vn 0.0 -0.0 1.0
vn 0.0 -0.7071 0.7071
vn 0.0 -0.5258 0.8506
vn -0.0 -0.0 1.0
vn 0.0 -0.426 0.9047
vn 0.0 -0.0 1.0
vn 0.0 -0.7071 0.7071
vn 0.0 -0.5258 0.8506
vn -0.0 -0.0 1.0
vn 0.0 -0.426 0.9047
vn 0.1651 -0.0808 0.983
vn 0.2269 -0.0178 0.9738
vn 0.6983 -0.0558 0.7136
vn 0.5641 -0.3474 0.7491
vn 0.0679 -0.1819 0.981
vn 0.0657 -0.1788 0.9817
vn 0.2295 -0.5999 0.7665
vn 0.0672 -0.6978 0.7132
vn 0.0644 -0.6948 0.7163
vn 0.2303 -0.6012 0.7652
vn 0.3262 -0.6426 0.6933
vn 0.5703 -0.3477 0.7442
vn 0.5665 -0.25 0.7852
vn 0.6961 -0.0567 0.7157
vn -0.0 0.0 1.0
vn 0.3262 -0.6425 0.6933
vn 0.3865 -0.3865 0.8374
vn -0.0 -0.526 0.8505
vn -0.0 -0.0 1.0
vn 0.526 0.0 0.8505
vn 0.5259 0.0 0.8505
vn 0.6425 -0.3262 0.6934
vn 0.4629 -0.4629 0.7559
vn 0.3262 -0.6426 0.6933
vn 0.3262 -0.6426 0.6934
vn 0.6426 -0.3262 0.6934
vn -0.0 -0.5259 0.8505
vn 0.0 -0.0 1.0
vn 0.1651 -0.0808 0.983
vn 0.2269 -0.0178 0.9738
vn 0.6983 -0.0558 0.7136
vn 0.5641 -0.3474 0.7491
vn 0.0679 -0.1819 0.981
vn 0.0657 -0.1788 0.9817
vn 0.2295 -0.5999 0.7665
vn 0.0672 -0.6978 0.7132
vn 0.0644 -0.6948 0.7163
vn 0.2303 -0.6012 0.7652
vn 0.3262 -0.6426 0.6933
vn 0.5703 -0.3477 0.7442
vn 0.5665 -0.25 0.7852
vn 0.6961 -0.0567 0.7157
vn -0.0 0.0 1.0
vn 0.3262 -0.6425 0.6933
vn 0.1651 -0.0808 0.983
vn 0.2269 -0.0178 0.9738
vn 0.6983 -0.0558 0.7136
vn 0.5641 -0.3474 0.7491
vn 0.0679 -0.1819 0.981
vn 0.0657 -0.1788 0.9817
vn 0.2295 -0.5999 0.7665
vn 0.0672 -0.6978 0.7132
vn 0.0644 -0.6948 0.7163
vn 0.2303 -0.6012 0.7652
vn 0.3262 -0.6426 0.6933
vn 0.5703 -0.3477 0.7442
vn 0.5665 -0.25 0.7852
vn 0.6961 -0.0567 0.7157
vn -0.0 0.0 1.0
vn 0.3262 -0.6425 0.6933
vn 0.7071 0.0 0.7071
vn 0.5258 0.0 0.8506
vn 0.0 -0.0 1.0
vn 0.426 0.0 0.9047
vn 0.3865 -0.3865 0.8374
vn -0.0 -0.526 0.8505
vn -0.0 -0.0 1.0
vn 0.526 0.0 0.8505
vn 0.5259 0.0 0.8505
vn 0.6425 -0.3262 0.6934
vn 0.4629 -0.4629 0.7559
vn 0.3262 -0.6426 0.6933
vn 0.3262 -0.6426 0.6934
vn 0.6426 -0.3262 0.6934
vn -0.0 -0.5259 0.8505
vn 0.0 -0.0 1.0
vn 0.0 -0.7071 0.7071
vn 0.0 -0.5258 0.8506
vn -0.0 -0.0 1.0
vn 0.0 -0.426 0.9047
vn 0.0 -0.0 1.0
vn 0.0 -0.0 1.0
vn 0.0 -0.7071 0.7071
vn 0.0 -0.5258 0.8506
vn -0.0 -0.0 1.0
vn 0.0 -0.426 0.9047
vn 0.1651 -0.0808 0.983
vn 0.2269 -0.0178 0.9738
vn 0.6983 -0.0558 0.7136
vn 0.5641 -0.3474 0.7491
vn 0.0679 -0.1819 0.981
vn 0.0657 -0.1788 0.9817
vn 0.2295 -0.5999 0.7665
vn 0.0672 -0.6978 0.7132
vn 0.0644 -0.6948 0.7163
vn 0.2303 -0.6012 0.7652
vn 0.3262 -0.6426 0.6933
vn 0.5703 -0.3477 0.7442
vn 0.5665 -0.25 0.7852
vn 0.6961 -0.0567 0.7157
vn -0.0 0.0 1.0
vn 0.3262 -0.6425 0.6933
vn 0.3865 -0.3865 0.8374
vn -0.0 -0.526 0.8505
vn -0.0 -0.0 1.0
vn 0.526 0.0 0.8505
vn 0.5259 0.0 0.8505
vn 0.6425 -0.3262 0.6934
vn 0.4629 -0.4629 0.7559
vn 0.3262 -0.6426 0.6933
vn 0.3262 -0.6426 0.6934
vn 0.6426 -0.3262 0.6934
vn -0.0 -0.5259 0.8505
vn 0.0 -0.0 1.0
vn 0.0 -0.0 1.0
vn 0.0 -0.0 1.0
vn 0.0 -0.7071 0.7071
vn 0.0 -0.5258 0.8506
vn -0.0 -0.0 1.0
vn 0.0 -0.426 0.9047
vn 0.0 -0.7071 0.7071
vn 0.0 -0.5258 0.8506
vn -0.0 -0.0 1.0
vn 0.0 -0.426 0.9047
vn 0.0 -0.0 1.0
vn 0.1651 -0.0808 0.983
vn 0.2269 -0.0178 0.9738
vn 0.6983 -0.0558 0.7136
vn 0.5641 -0.3474 0.7491
vn 0.0679 -0.1819 0.981
vn 0.0657 -0.1788 0.9817
vn 0.2295 -0.5999 0.7665
vn 0.0672 -0.6978 0.7132
vn 0.0644 -0.6948 0.7163
vn 0.2303 -0.6012 0.7652
vn 0.3262 -0.6426 0.6933
vn 0.5703 -0.3477 0.7442
vn 0.5665 -0.25 0.7852
vn 0.6961 -0.0567 0.7157
vn -0.0 0.0 1.0
vn 0.3262 -0.6425 0.6933
vn 0.7071 0.0 0.7071
vn 0.5258 0.0 0.8506
vn 0.0 -0.0 1.0
vn 0.426 0.0 0.9047
vn 0.3865 -0.3865 0.8374
vn -0.0 -0.526 0.8505
vn -0.0 -0.0 1.0
vn 0.526 0.0 0.8505
vn 0.5259 0.0 0.8505
vn 0.6425 -0.3262 0.6934
vn 0.4629 -0.4629 0.7559
vn 0.3262 -0.6426 0.6933
vn 0.3262 -0.6426 0.6934
vn 0.6426 -0.3262 0.6934
vn -0.0 -0.5259 0.8505
vn 0.0 -0.0 1.0
vn 0.1651 -0.0808 0.983
vn 0.2269 -0.0178 0.9738
vn 0.6983 -0.0558 0.7136
vn 0.5641 -0.3474 0.7491
vn 0.0679 -0.1819 0.981
vn 0.0657 -0.1788 0.9817
vn 0.2295 -0.5999 0.7665
vn 0.0672 -0.6978 0.7132
vn 0.0644 -0.6948 0.7163
vn 0.2303 -0.6012 0.7652
vn 0.3262 -0.6426 0.6933
vn 0.5703 -0.3477 0.7442
vn 0.5665 -0.25 0.7852
vn 0.6961 -0.0567 0.7157
vn -0.0 0.0 1.0
vn 0.3262 -0.6425 0.6933
vn 0.7071 0.0 0.7071
vn 0.5258 0.0 0.8506
vn 0.0 -0.0 1.0
vn 0.426 0.0 0.9047
vn 0.3865 -0.3865 0.8374
vn -0.0 -0.526 0.8505
vn -0.0 -0.0 1.0
vn 0.526 0.0 0.8505
vn 0.5259 0.0 0.8505
vn 0.6425 -0.3262 0.6934
vn 0.4629 -0.4629 0.7559
vn 0.3262 -0.6426 0.6933
vn 0.3262 -0.6426 0.6934
vn 0.6426 -0.3262 0.6934
vn -0.0 -0.5259 0.8505
vn 0.0 -0.0 1.0
vn 0.1651 -0.0808 0.983
vn 0.2269 -0.0178 0.9738
vn 0.6983 -0.0558 0.7136
vn 0.5641 -0.3474 0.7491
vn 0.0679 -0.1819 0.981
vn 0.0657 -0.1788 0.9817
vn 0.2295 -0.5999 0.7665
vn 0.0672 -0.6978 0.7132
vn 0.0644 -0.6948 0.7163
vn 0.2303 -0.6012 0.7652
vn 0.3262 -0.6426 0.6933
vn 0.5703 -0.3477 0.7442
vn 0.5665 -0.25 0.7852
vn 0.6961 -0.0567 0.7157
vn -0.0 0.0 1.0
vn 0.3262 -0.6425 0.6933
vn 0.3865 -0.3865 0.8374
vn -0.0 -0.526 0.8505
vn -0.0 -0.0 1.0
vn 0.526 0.0 0.8505
vn 0.5259 0.0 0.8505
vn 0.6425 -0.3262 0.6934
vn 0.4629 -0.4629 0.7559
vn 0.3262 -0.6426 0.6933
vn 0.3262 -0.6426 0.6934
vn 0.6426 -0.3262 0.6934
vn -0.0 -0.5259 0.8505
vn 0.0 -0.0 1.0
vn 0.0 -0.0 1.0
vn 0.1651 -0.0808 0.983
vn 0.2269 -0.0178 0.9738
vn 0.6983 -0.0558 0.7136
vn 0.5641 -0.3474 0.7491
vn 0.0679 -0.1819 0.981
vn 0.0657 -0.1788 0.9817
vn 0.2295 -0.5999 0.7665
vn 0.0672 -0.6978 0.7132
vn 0.0644 -0.6948 0.7163
vn 0.2303 -0.6012 0.7652
vn 0.3262 -0.6426 0.6933
vn 0.5703 -0.3477 0.7442
vn 0.5665 -0.25 0.7852
vn 0.6961 -0.0567 0.7157
vn -0.0 0.0 1.0
vn 0.3262 -0.6425 0.6933
vn 0.7071 0.0 0.7071
vn 0.5258 0.0 0.8506
vn 0.0 -0.0 1.0
vn 0.426 0.0 0.9047
vn 0.0 -0.0 1.0
vn 0.0 -0.7071 0.7071
vn 0.0 -0.5258 0.8506
vn -0.0 -0.0 1.0
vn 0.0 -0.426 0.9047
vn 0.0 -0.0 1.0
vn 0.0 -0.7071 0.7071
vn 0.0 -0.5258 0.8506
vn -0.0 -0.0 1.0
vn 0.0 -0.426 0.9047
vn 0.0 -0.0 1.0
vn 0.0 -0.0 1.0
vn 0.0 -0.0 1.0
vn 0.1651 -0.0808 0.983
vn 0.2269 -0.0178 0.9738
vn 0.6983 -0.0558 0.7136
vn 0.5641 -0.3474 0.7491
vn 0.0679 -0.1819 0.981
vn 0.0657 -0.1788 0.9817
vn 0.2295 -0.5999 0.7665
vn 0.0672 -0.6978 0.7132
vn 0.0644 -0.6948 0.7163
vn 0.2303 -0.6012 0.7652
vn 0.3262 -0.6426 0.6933
vn 0.5703 -0.3477 0.7442
vn 0.5665 -0.25 0.7852
vn 0.6961 -0.0567 0.7157
vn -0.0 0.0 1.0
vn 0.3262 -0.6425 0.6933
vn 0.7071 0.0 0.7071
vn 0.5258 0.0 0.8506
vn 0.0 -0.0 1.0
vn 0.426 0.0 0.9047
vn 0.3865 -0.3865 0.8374
vn -0.0 -0.526 0.8505
vn -0.0 -0.0 1.0
vn 0.526 0.0 0.8505
vn 0.5259 0.0 0.8505
vn 0.6425 -0.3262 0.6934
vn 0.4629 -0.4629 0.7559
vn 0.3262 -0.6426 0.6933
vn 0.3262 -0.6426 0.6934
vn 0.6426 -0.3262 0.6934
vn -0.0 -0.5259 0.8505
vn 0.0 -0.0 1.0
vn 0.0 -0.0 1.0
vn 0.0 -0.7071 0.7071
vn 0.0 -0.5258 0.8506
vn -0.0 -0.0 1.0
vn 0.0 -0.426 0.9047
vn 0.0 -0.0 1.0
vn 0.1651 -0.0808 0.983
vn 0.2269 -0.0178 0.9738
vn 0.6983 -0.0558 0.7136
vn 0.5641 -0.3474 0.7491
vn 0.0679 -0.1819 0.981
vn 0.0657 -0.1788 0.9817
vn 0.2295 -0.5999 0.7665
vn 0.0672 -0.6978 0.7132
vn 0.0644 -0.6948 0.7163
vn 0.2303 -0.6012 0.7652
vn 0.3262 -0.6426 0.6933
vn 0.5703 -0.3477 0.7442
vn 0.5665 -0.25 0.7852
vn 0.6961 -0.0567 0.7157
vn -0.0 0.0 1.0
vn 0.3262 -0.6425 0.6933
vn 0.7071 0.0 0.7071
vn 0.5258 0.0 0.8506
vn 0.0 -0.0 1.0
vn 0.426 0.0 0.9047
vn 0.3865 -0.3865 0.8374
vn -0.0 -0.526 0.8505
vn -0.0 -0.0 1.0
vn 0.526 0.0 0.8505
vn 0.5259 0.0 0.8505
vn 0.6425 -0.3262 0.6934
vn 0.4629 -0.4629 0.7559
vn 0.3262 -0.6426 0.6933
vn 0.3262 -0.6426 0.6934
vn 0.6426 -0.3262 0.6934
vn -0.0 -0.5259 0.8505
vn 0.0 -0.0 1.0
vn 0.0 -0.0 1.0
vn 0.0 -0.0 1.0
vn 0.0 -0.0 1.0
vn 0.1651 -0.0808 0.983
vn 0.2269 -0.0178 0.9738
vn 0.6983 -0.0558 0.7136
vn 0.5641 -0.3474 0.7491
vn 0.0679 -0.1819 0.981
vn 0.0657 -0.1788 0.9817
vn 0.2295 -0.5999 0.7665
vn 0.0672 -0.6978 0.7132
vn 0.0644 -0.6948 0.7163
vn 0.2303 -0.6012 0.7652
vn 0.3262 -0.6426 0.6933
vn 0.5703 -0.3477 0.7442
vn 0.5665 -0.25 0.7852
vn 0.6961 -0.0567 0.7157
vn -0.0 0.0 1.0
vn 0.3262 -0.6425 0.6933
vn 0.7071 0.0 0.7071
vn 0.5258 0.0 0.8506
vn 0.0 -0.0 1.0
vn 0.426 0.0 0.9047
vn 0.0 -0.0 1.0
vn 0.0 -0.0 1.0
vn 0.1651 -0.0808 0.983
vn 0.2269 -0.0178 0.9738
vn 0.6983 -0.0558 0.7136
vn 0.5641 -0.3474 0.7491
vn 0.0679 -0.1819 0.981
vn 0.0657 -0.1788 0.9817
vn 0.2295 -0.5999 0.7665
vn 0.0672 -0.6978 0.7132
vn 0.0644 -0.6948 0.7163
vn 0.2303 -0.6012 0.7652
vn 0.3262 -0.6426 0.6933
vn 0.5703 -0.3477 0.7442
vn 0.5665 -0.25 0.7852
vn 0.6961 -0.0567 0.7157
vn -0.0 0.0 1.0
vn 0.3262 -0.6425 0.6933
vn 0.7071 0.0 0.7071
vn 0.5258 0.0 0.8506
vn 0.0 -0.0 1.0
vn 0.426 0.0 0.9047
vn 0.3865 -0.3865 0.8374
vn -0.0 -0.526 0.8505
vn -0.0 -0.0 1.0
vn 0.526 0.0 0.8505
vn 0.5259 0.0 0.8505
vn 0.6425 -0.3262 0.6934
vn 0.4629 -0.4629 0.7559
vn 0.3262 -0.6426 0.6933
vn 0.3262 -0.6426 0.6934
vn 0.6426 -0.3262 0.6934
vn -0.0 -0.5259 0.8505
vn 0.0 -0.0 1.0
vn 0.0 -0.0 1.0
vn 0.1651 -0.0808 0.983
vn 0.2269 -0.0178 0.9738
vn 0.6983 -0.0558 0.7136
vn 0.5641 -0.3474 0.7491
vn 0.0679 -0.1819 0.981
vn 0.0657 -0.1788 0.9817
vn 0.2295 -0.5999 0.7665
vn 0.0672 -0.6978 0.7132
vn 0.0644 -0.6948 0.7163
vn 0.2303 -0.6012 0.7652
vn 0.3262 -0.6426 0.6933
vn 0.5703 -0.3477 0.7442
vn 0.5665 -0.25 0.7852
vn 0.6961 -0.0567 0.7157
vn -0.0 0.0 1.0
vn 0.3262 -0.6425 0.6933
vn 0.7071 0.0 0.7071
vn 0.5258 0.0 0.8506
vn 0.0 -0.0 1.0
vn 0.426 0.0 0.9047
vn 0.3865 -0.3865 0.8374
vn -0.0 -0.526 0.8505
vn -0.0 -0.0 1.0
vn 0.526 0.0 0.8505
vn 0.5259 0.0 0.8505
vn 0.6425 -0.3262 0.6934
vn 0.4629 -0.4629 0.7559
vn 0.3262 -0.6426 0.6933
vn 0.3262 -0.6426 0.6934
vn 0.6426 -0.3262 0.6934
vn -0.0 -0.5259 0.8505
vn 0.0 -0.0 1.0
vn 0.0 -0.0 1.0
vn 0.0 -0.7071 0.7071
vn 0.0 -0.5258 0.8506
vn -0.0 -0.0 1.0
vn 0.0 -0.426 0.9047
vn 0.0 -0.0 1.0
vn 0.0 -0.7071 0.7071
vn 0.0 -0.5258 0.8506
vn -0.0 -0.0 1.0
vn 0.0 -0.426 0.9047
vn 0.0 -0.0 1.0
vn 0.0 -0.0 1.0
vn 0.1651 -0.0808 0.983
vn 0.2269 -0.0178 0.9738
vn 0.6983 -0.0558 0.7136
vn 0.5641 -0.3474 0.7491
vn 0.0679 -0.1819 0.981
vn 0.0657 -0.1788 0.9817
vn 0.2295 -0.5999 0.7665
vn 0.0672 -0.6978 0.7132
vn 0.0644 -0.6948 0.7163
vn 0.2303 -0.6012 0.7652
vn 0.3262 -0.6426 0.6933
vn 0.5703 -0.3477 0.7442
vn 0.5665 -0.25 0.7852
vn 0.6961 -0.0567 0.7157
vn -0.0 0.0 1.0
vn 0.3262 -0.6425 0.6933
vn 0.7071 0.0 0.7071
vn 0.5258 0.0 0.8506
vn 0.0 -0.0 1.0
vn 0.426 0.0 0.9047
vn 0.3865 -0.3865 0.8374
vn -0.0 -0.526 0.8505
vn -0.0 -0.0 1.0
vn 0.526 0.0 0.8505
vn 0.5259 0.0 0.8505
vn 0.6425 -0.3262 0.6934
vn 0.4629 -0.4629 0.7559
vn 0.3262 -0.6426 0.6933
vn 0.3262 -0.6426 0.6934
vn 0.6426 -0.3262 0.6934
vn -0.0 -0.5259 0.8505
vn 0.0 -0.0 1.0
vn 0.0 -0.7071 0.7071
vn 0.0 -0.5258 0.8506
vn -0.0 -0.0 1.0
vn 0.0 -0.426 0.9047
vn 0.0 -0.0 1.0
vn 0.1651 -0.0808 0.983
vn 0.2269 -0.0178 0.9738
vn 0.6983 -0.0558 0.7136
vn 0.5641 -0.3474 0.7491
vn 0.0679 -0.1819 0.981
vn 0.0657 -0.1788 0.9817
vn 0.2295 -0.5999 0.7665
vn 0.0672 -0.6978 0.7132
vn 0.0644 -0.6948 0.7163
vn 0.2303 -0.6012 0.7652
vn 0.3262 -0.6426 0.6933
vn 0.5703 -0.3477 0.7442
vn 0.5665 -0.25 0.7852
vn 0.6961 -0.0567 0.7157
vn -0.0 0.0 1.0
vn 0.3262 -0.6425 0.6933
vn 0.7071 0.0 0.7071
vn 0.5258 0.0 0.8506
vn 0.0 -0.0 1.0
vn 0.426 0.0 0.9047
vn 0.0 -0.0 1.0
vn 0.0 -0.0 1.0
vn 0.0 -0.0 1.0
vn 0.0 -0.0 1.0
vn 0.0 -0.0 1.0
vn 0.1651 -0.0808 0.983
vn 0.2269 -0.0178 0.9738
vn 0.6983 -0.0558 0.7136
vn 0.5641 -0.3474 0.7491
vn 0.0679 -0.1819 0.981
vn 0.0657 -0.1788 0.9817
vn 0.2295 -0.5999 0.7665
vn 0.0672 -0.6978 0.7132
vn 0.0644 -0.6948 0.7163
vn 0.2303 -0.6012 0.7652
vn 0.3262 -0.6426 0.6933
vn 0.5703 -0.3477 0.7442
vn 0.5665 -0.25 0.7852
vn 0.6961 -0.0567 0.7157
vn -0.0 0.0 1.0
vn 0.3262 -0.6425 0.6933
vn 0.7071 0.0 0.7071
vn 0.5258 0.0 0.8506
vn 0.0 -0.0 1.0
vn 0.426 0.0 0.9047
vn 0.3865 -0.3865 0.8374
vn -0.0 -0.526 0.8505
vn -0.0 -0.0 1.0
vn 0.526 0.0 0.8505
vn 0.5259 0.0 0.8505
vn 0.6425 -0.3262 0.6934
vn 0.4629 -0.4629 0.7559
vn 0.3262 -0.6426 0.6933
vn 0.3262 -0.6426 0.6934
vn 0.6426 -0.3262 0.6934
vn -0.0 -0.5259 0.8505
vn 0.0 -0.0 1.0
vn 0.0 -0.0 1.0
vn 0.0 -0.7071 0.7071
vn 0.0 -0.5258 0.8506
vn -0.0 -0.0 1.0
vn 0.0 -0.426 0.9047
vn 0.0 -0.0 1.0
vn 0.0 -0.0 1.0
vn 0.0 -0.0 1.0
vn 0.0 -0.0 1.0
vn 0.0 -0.0 1.0
vn 0.0 -0.0 1.0
vn 0.0 -0.0 1.0
vn 0.0 -0.0 1.0
vn 0.0 -0.0 1.0
vn 0.0 -0.0 1.0
vn 0.0 -0.0 1.0
vn 0.0 -0.0 1.0
vn 0.0 -0.0 1.0
vn 0.0 -0.0 1.0
vn 0.0 -0.0 1.0
vn 0.0 -0.0 1.0
vn 0.0 -0.0 1.0
vn 0.0 -0.0 1.0
c 1.0 1.0 1.0
c 1.0 1.0 1.0
c 1.0 1.0 1.0
c 1.0 1.0 1.0
c 1.0 1.0 1.0
c 1.0 1.0 1.0
c 1.0 1.0 1.0
c 1.0 1.0 1.0
c 1.0 1.0 1.0
c 1.0 1.0 1.0
c 1.0 1.0 1.0
c 1.0 1.0 1.0
c 1.0 1.0 1.0
c 1.0 1.0 1.0
c 1.0 1.0 1.0
c 1.0 1.0 1.0
c 1.0 1.0 1.0
c 1.0 1.0 1.0
c 1.0 1.0 1.0
c 1.0 1.0 1.0
c 1.0 1.0 1.0
c 1.0 1.0 1.0
c 1.0 1.0 1.0
c 1.0 1.0 1.0
c 1.0 1.0 1.0
c 1.0 1.0 1.0
c 1.0 1.0 1.0
c 1.0 1.0 1.0
c 1.0 1.0 1.0
c 1.0 1.0 1.0
c 1.0 1.0 1.0
c 1.0 1.0 1.0
c 1.0 1.0 1.0
c 1.0 1.0 1.0
c 1.0 1.0 1.0
c 1.0 1.0 1.0
c 1.0 1.0 1.0
c 1.0 1.0 1.0
c 1.0 1.0 1.0
c 1.0 1.0 1.0
c 1.0 1.0 1.0
c 1.0 1.0 1.0
c 1.0 1.0 1.0
c 1.0 1.0 1.0
c 1.0 1.0 1.0
c 1.0 1.0 1.0
c 1.0 1.0 1.0
c 1.0 1.0 1.0
c 1.0 1.0 1.0
c 1.0 1.0 1.0
c 1.0 1.0 1.0
c 1.0 1.0 1.0
c 1.0 1.0 1.0
c 1.0 1.0 1.0
c 1.0 1.0 1.0
c 1.0 1.0 1.0
c 1.0 1.0 1.0
c 1.0 1.0 1.0
c 1.0 1.0 1.0
c 1.0 1.0 1.0
c 1.0 1.0 1.0
c 1.0 1.0 1.0
c 1.0 1.0 1.0
c 1.0 1.0 1.0
c 1.0 1.0 1.0
c 1.0 1.0 1.0
c 1.0 1.0 1.0
c 1.0 1.0 1.0
c 1.0 1.0 1.0
c 1.0 1.0 1.0
c 1.0 1.0 1.0
c 1.0 1.0 1.0
c 1.0 1.0 1.0
c 1.0 1.0 1.0
c 1.0 1.0 1.0
c 1.0 1.0 1.0
c 1.0 1.0 1.0
c 1.0 1.0 1.0
c 1.0 1.0 1.0
c 1.0 1.0 1.0
c 1.0 1.0 1.0
c 1.0 1.0 1.0
c 1.0 1.0 1.0
c 1.0 1.0 1.0
c 1.0 1.0 1.0
c 1.0 1.0 1.0
c 1.0 1.0 1.0
c 1.0 1.0 1.0
c 1.0 1.0 1.0
c 1.0 1.0 1.0
c 1.0 1.0 1.0
c 1.0 1.0 1.0
c 1.0 1.0 1.0
c 1.0 1.0 1.0
c 1.0 1.0 1.0
c 1.0 1.0 1.0
c 1.0 1.0 1.0
c 1.0 1.0 1.0
c 1.0 1.0 1.0
c 1.0 1.0 1.0
c 1.0 1.0 1.0
c 1.0 1.0 1.0
c 1.0 1.0 1.0
c 1.0 1.0 1.0
c 1.0 1.0 1.0
c 1.0 1.0 1.0
c 1.0 1.0 1.0
c 1.0 1.0 1.0
c 1.0 1.0 1.0
c 1.0 1.0 1.0
c 1.0 1.0 1.0
c 1.0 1.0 1.0
c 1.0 1.0 1.0
c 1.0 1.0 1.0
c 1.0 1.0 1.0
c 1.0 1.0 1.0
c 1.0 1.0 1.0
c 1.0 1.0 1.0
c 1.0 1.0 1.0
c 1.0 1.0 1.0
c 1.0 1.0 1.0
c 1.0 1.0 1.0
c 1.0 1.0 1.0
c 1.0 1.0 1.0
c 1.0 1.0 1.0
c 1.0 1.0 1.0
c 1.0 1.0 1.0
c 1.0 1.0 1.0
c 1.0 1.0 1.0
c 1.0 1.0 1.0
c 1.0 1.0 1.0
c 1.0 1.0 1.0
c 1.0 1.0 1.0
c 1.0 1.0 1.0
c 1.0 1.0 1.0
c 1.0 1.0 1.0
c 1.0 1.0 1.0
c 1.0 1.0 1.0
c 1.0 1.0 1.0
c 1.0 1.0 1.0
c 1.0 1.0 1.0
c 1.0 1.0 1.0
c 1.0 1.0 1.0
c 1.0 1.0 1.0
c 1.0 1.0 1.0
c 1.0 1.0 1.0
c 1.0 1.0 1.0
c 1.0 1.0 1.0
c 1.0 1.0 1.0
c 1.0 1.0 1.0
c 1.0 1.0 1.0
c 1.0 1.0 1.0
c 1.0 1.0 1.0
c 1.0 1.0 1.0
c 1.0 1.0 1.0
c 1.0 1.0 1.0
c 1.0 1.0 1.0
c 1.0 1.0 1.0
c 1.0 1.0 1.0
c 1.0 1.0 1.0
c 1.0 1.0 1.0
c 1.0 1.0 1.0
c 1.0 1.0 1.0
c 1.0 1.0 1.0
c 1.0 1.0 1.0
c 1.0 1.0 1.0
c 1.0 1.0 1.0
c 1.0 1.0 1.0
c 1.0 1.0 1.0
c 1.0 1.0 1.0
c 1.0 1.0 1.0
c 1.0 1.0 1.0
c 1.0 1.0 1.0
c 1.0 1.0 1.0
c 1.0 1.0 1.0
c 1.0 1.0 1.0
c 1.0 1.0 1.0
c 1.0 1.0 1.0
c 1.0 1.0 1.0
c 1.0 1.0 1.0
c 1.0 1.0 1.0
c 1.0 1.0 1.0
c 1.0 1.0 1.0
c 1.0 1.0 1.0
c 1.0 1.0 1.0
c 1.0 1.0 1.0
c 1.0 1.0 1.0
c 1.0 1.0 1.0
c 1.0 1.0 1.0
c 1.0 1.0 1.0
c 1.0 1.0 1.0
c 1.0 1.0 1.0
c 1.0 1.0 1.0
c 1.0 1.0 1.0
c 1.0 1.0 1.0
c 1.0 1.0 1.0
c 1.0 1.0 1.0
c 1.0 1.0 1.0
c 1.0 1.0 1.0
c 1.0 1.0 1.0
c 1.0 1.0 1.0
usemtl sea_mizu1_1
s off
f 2129/2224/856/186 2130/2226/856/186 2131/2227/856/186 2132/2225/856/186
f 2133/2228/857/187 2134/2230/857/187 2135/2231/857/187 2136/2229/857/187
f 2137/2234/858/188 2138/2232/858/188 2139/2233/858/188 2140/2235/858/188
f 2141/2238/859/189 2142/2236/859/189 2143/2237/859/189 2144/2239/859/189
f 2145/2240/860/190 2146/2242/860/190 2147/2243/860/190 2148/2241/860/190
f 2149/2244/861/191 2150/2246/861/191 2151/2247/861/191 2152/2245/861/191
f 2153/2250/862/192 2154/2248/862/192 2155/2249/862/192 2156/2251/862/192
f 2157/2254/863/193 2158/2252/863/193 2159/2253/863/193 2160/2255/863/193
f 2161/2256/864/194 2162/2258/864/194 2163/2259/864/194 2164/2257/864/194
f 2165/2260/865/195 2166/2262/865/195 2167/2263/865/195 2168/2261/865/195
f 2169/2266/866/196 2170/2264/866/196 2171/2265/866/196 2172/2267/866/196
f 2173/2270/867/197 2174/2268/867/197 2175/2269/867/197 2176/2271/867/197
f 2177/2272/868/198 2178/2274/868/198 2179/2275/868/198 2180/2273/868/198
f 2181/2276/869/199 2182/2278/869/199 2183/2279/869/199 2184/2277/869/199
f 2185/2282/870/200 2186/2280/870/200 2187/2281/870/200 2188/2283/870/200
f 2189/2286/871/201 2190/2284/871/201 2191/2285/871/201 2192/2287/871/201
usemtl sea_jimen
s off
f 964/1058/257/72 966/1059/257/72 965/1060/257/72 963/1061/257/72
f 968/1062/258/73 970/1063/258/73 969/1064/258/73 967/1065/258/73
f 982/1076/263/75 984/1077/263/75 983/1078/263/75 981/1079/263/75
f 996/1090/268/77 998/1091/268/77 997/1092/268/77 995/1093/268/77
f 1010/1104/273/79 1012/1105/273/79 1011/1106/273/79 1009/1107/273/79
f 1066/1160/305/83 1068/1161/305/83 1067/1162/305/83 1065/1163/305/83
f 1100/1194/321/86 1102/1195/321/86 1101/1196/321/86 1099/1197/321/86
f 1104/1198/322/87 1106/1199/322/87 1105/1200/322/87 1103/1201/322/87
f 1118/1212/327/89 1120/1213/327/89 1119/1214/327/89 1117/1215/327/89
f 1174/1268/359/93 1176/1269/359/93 1175/1270/359/93 1173/1271/359/93
f 1252/1346/407/98 1254/1347/407/98 1253/1348/407/98 1251/1349/407/98
f 1266/1360/412/100 1268/1361/412/100 1267/1362/412/100 1265/1363/412/100
f 1270/1364/413/101 1272/1365/413/101 1271/1366/413/101 1269/1367/413/101
f 1326/1420/445/105 1328/1421/445/105 1327/1422/445/105 1325/1423/445/105
f 1330/1424/446/106 1332/1425/446/106 1331/1426/446/106 1329/1427/446/106
f 1334/1428/447/107 1336/1429/447/107 1335/1430/447/107 1333/1431/447/107
f 1358/1452/456/110 1360/1453/456/110 1359/1454/456/110 1357/1455/456/110
f 1414/1508/488/114 1416/1509/488/114 1415/1510/488/114 1413/1511/488/114
f 1470/1564/520/118 1472/1565/520/118 1471/1566/520/118 1469/1567/520/118
f 1516/1610/548/121 1518/1611/548/121 1517/1612/548/121 1515/1613/548/121
f 1520/1614/549/122 1522/1615/549/122 1521/1616/549/122 1519/1617/549/122
f 1556/1650/570/125 1558/1651/570/125 1557/1652/570/125 1555/1653/570/125
f 1570/1664/575/127 1572/1665/575/127 1571/1666/575/127 1569/1667/575/127
f 1584/1678/580/129 1586/1679/580/129 1585/1680/580/129 1583/1681/580/129
f 1588/1682/581/130 1590/1683/581/130 1589/1684/581/130 1587/1685/581/130
f 1592/1686/582/131 1594/1687/582/131 1593/1688/582/131 1591/1689/582/131
f 1648/1742/614/135 1650/1743/614/135 1649/1744/614/135 1647/1745/614/135
f 1652/1746/615/136 1654/1747/615/136 1653/1748/615/136 1651/1749/615/136
f 1666/1760/620/138 1668/1761/620/138 1667/1762/620/138 1665/1763/620/138
f 1722/1816/652/142 1724/1817/652/142 1723/1818/652/142 1721/1819/652/142
f 1726/1820/653/143 1728/1821/653/143 1727/1822/653/143 1725/1823/653/143
f 1730/1824/654/144 1732/1825/654/144 1731/1826/654/144 1729/1827/654/144
f 1734/1828/655/145 1736/1829/655/145 1735/1830/655/145 1733/1831/655/145
f 1770/1864/676/148 1772/1865/676/148 1771/1866/676/148 1769/1867/676/148
f 1774/1868/677/149 1776/1869/677/149 1775/1870/677/149 1773/1871/677/149
f 1830/1924/709/153 1832/1925/709/153 1831/1926/709/153 1829/1927/709/153
f 1834/1928/710/154 1836/1929/710/154 1835/1930/710/154 1833/1931/710/154
f 1890/1984/742/158 1892/1985/742/158 1891/1986/742/158 1889/1987/742/158
f 1894/1988/743/159 1896/1989/743/159 1895/1990/743/159 1893/1991/743/159
f 1908/2002/748/161 1910/2003/748/161 1909/2004/748/161 1907/2005/748/161
f 1922/2016/753/163 1924/2017/753/163 1923/2018/753/163 1921/2019/753/163
f 1926/2020/754/164 1928/2021/754/164 1927/2022/754/164 1925/2023/754/164
f 1982/2076/786/168 1984/2077/786/168 1983/2078/786/168 1981/2079/786/168
f 1996/2090/791/170 1998/2091/791/170 1997/2092/791/170 1995/2093/791/170
f 2032/2126/812/173 2034/2127/812/173 2033/2128/812/173 2031/2129/812/173
f 2036/2130/813/174 2038/2131/813/174 2037/2132/813/174 2035/2133/813/174
f 2040/2134/814/175 2042/2135/814/175 2041/2136/814/175 2039/2137/814/175
f 2044/2138/815/176 2046/2139/815/176 2045/2140/815/176 2043/2141/815/176
f 2048/2142/816/177 2050/2143/816/177 2049/2144/816/177 2047/2145/816/177
f 2104/2198/848/181 2106/2199/848/181 2105/2200/848/181 2103/2201/848/181
f 2108/2202/849/182 2110/2203/849/182 2109/2204/849/182 2107/2205/849/182
f 2122/2216/854/184 2124/2217/854/184 2123/2218/854/184 2121/2219/854/184
f 2126/2220/855/185 2128/2221/855/185 2127/2222/855/185 2125/2223/855/185
usemtl yamagake01
s off
f 453/491/109/35 454/492/110/35 455/493/111/35 456/494/109/35
f 457/495/112/35 454/492/113/35 458/496/114/35 459/497/112/35
f 460/498/115/35 461/499/115/35 462/500/115/35 463/501/115/35
f 464/502/116/35 465/503/117/35 453/491/117/35 466/504/118/35
f 454/492/110/35 457/495/119/35 467/505/119/35 455/493/111/35
f 462/500/120/35 464/502/116/35 466/504/118/35 463/501/120/35
f 454/492/113/35 453/491/121/35 465/503/121/35 458/496/114/35
f 466/504/122/35 453/491/109/35 456/494/109/35 468/506/122/35
f 469/507/123/35 457/495/124/35 470/508/125/35 471/509/123/35
f 470/508/125/35 457/495/124/35 459/497/126/35
f 472/510/127/35 473/511/128/35 469/507/129/35
f 473/511/128/35 467/505/130/35 469/507/129/35
f 467/505/131/35 473/511/132/35 455/493/133/35
f 473/511/132/35 456/494/134/35 455/493/133/35
f 471/509/135/35 460/498/136/35 472/510/137/35
f 460/498/136/35 463/501/138/35 472/510/137/35
f 463/512/139/35 466/513/139/35 472/510/139/35
f 471/509/140/35 472/510/140/35 469/507/140/35
f 472/514/141/35 468/515/141/35 473/516/141/35
f 468/506/142/35 456/494/142/35 473/511/142/35
f 472/510/143/35 466/517/143/35 468/518/143/35
f 457/495/144/35 469/507/144/35 467/505/144/35
f 471/509/145/35 461/499/145/35 460/498/145/35
usemtl gake_futa
s off
f 643/700/160/49 644/701/161/49 645/702/162/49 646/703/160/49
f 647/704/163/49 644/701/164/49 648/705/165/49 649/706/163/49
f 650/707/166/49 651/708/166/49 652/709/166/49 653/710/166/49
f 654/711/167/49 655/712/168/49 643/700/168/49 656/713/169/49
f 644/701/161/49 647/704/170/49 657/714/170/49 645/702/162/49
f 652/709/171/49 654/711/167/49 656/713/169/49 653/710/171/49
f 644/701/164/49 643/700/172/49 655/712/172/49 648/705/165/49
f 656/713/173/49 643/700/160/49 646/703/160/49 658/715/173/49
f 659/716/174/49 647/704/175/49 660/717/176/49 661/718/174/49
f 660/717/176/49 647/704/175/49 649/706/177/49
f 662/719/178/49 663/720/179/49 659/716/180/49
f 663/720/179/49 657/714/181/49 659/716/180/49
f 657/714/182/49 663/720/183/49 645/702/184/49
f 663/720/183/49 646/703/185/49 645/702/184/49
f 661/718/186/49 650/707/187/49 662/719/188/49
f 650/707/187/49 653/710/189/49 662/719/188/49
f 653/721/190/49 656/722/190/49 662/719/190/49
f 661/718/191/49 662/719/191/49 659/716/191/49
f 662/723/192/49 658/724/192/49 663/725/192/49
f 658/715/193/49 646/703/193/49 663/720/193/49
f 662/719/194/49 656/726/194/49 658/727/194/49
f 647/704/195/49 659/716/195/49 657/714/195/49
f 661/718/196/49 651/708/196/49 650/707/196/49
usemtl kusa_ec3
s off
f 11/9/1/1 12/10/1/1 9/11/1/1 10/12/1/1
f 23/21/2/2 24/22/2/2 21/23/2/2 22/24/2/2
f 35/33/3/3 36/34/3/3 33/35/3/3 34/36/3/3
f 47/45/4/4 48/46/4/4 45/47/4/4 46/48/4/4
f 59/57/5/5 60/58/5/5 57/59/5/5 58/60/5/5
f 71/69/6/6 72/70/6/6 69/71/6/6 70/72/6/6
f 83/81/7/7 84/82/7/7 81/83/7/7 82/84/7/7
f 129/146/46/9 130/147/46/9 127/148/46/9 128/149/46/9
f 141/158/47/10 142/159/47/10 139/160/47/10 140/161/47/10
f 153/170/48/11 154/171/48/11 151/172/48/11 152/173/48/11
f 165/182/49/12 166/183/49/12 163/184/49/12 164/185/49/12
f 177/194/50/13 178/195/50/13 175/196/50/13 176/197/50/13
f 189/206/51/14 190/207/51/14 187/208/51/14 188/209/51/14
f 201/218/52/15 202/219/52/15 199/220/52/15 200/221/52/15
f 213/230/53/16 214/231/53/16 211/232/53/16 212/233/53/16
f 225/242/54/17 226/243/54/17 223/244/54/17 224/245/54/17
f 237/254/55/18 238/255/55/18 235/256/55/18 236/257/55/18
f 249/266/56/19 250/267/56/19 247/268/56/19 248/269/56/19
f 295/331/95/21 296/332/95/21 293/333/95/21 294/334/95/21
f 307/343/96/22 308/344/96/22 305/345/96/22 306/346/96/22
f 319/355/97/23 320/356/97/23 317/357/97/23 318/358/97/23
f 331/367/98/24 332/368/98/24 329/369/98/24 330/370/98/24
f 343/379/99/25 344/380/99/25 341/381/99/25 342/382/99/25
f 355/391/100/26 356/392/100/26 353/393/100/26 354/394/100/26
f 367/403/101/27 368/404/101/27 365/405/101/27 366/406/101/27
f 379/415/102/28 380/416/102/28 377/417/102/28 378/418/102/28
f 391/427/103/29 392/428/103/29 389/429/103/29 390/430/103/29
f 403/439/104/30 404/440/104/30 401/441/104/30 402/442/104/30
f 415/451/105/31 416/452/105/31 413/453/105/31 414/454/105/31
f 427/463/106/32 428/464/106/32 425/465/106/32 426/466/106/32
f 439/475/107/33 440/476/107/33 437/477/107/33 438/478/107/33
f 451/487/108/34 452/488/108/34 449/489/108/34 450/490/108/34
f 497/552/147/36 498/553/147/36 495/554/147/36 496/555/147/36
f 509/564/148/37 510/565/148/37 507/566/148/37 508/567/148/37
f 521/576/149/38 522/577/149/38 519/578/149/38 520/579/149/38
f 533/588/150/39 534/589/150/39 531/590/150/39 532/591/150/39
f 545/600/151/40 546/601/151/40 543/602/151/40 544/603/151/40
f 557/612/152/41 558/613/152/41 555/614/152/41 556/615/152/41
f 569/624/153/42 570/625/153/42 567/626/153/42 568/627/153/42
f 581/636/154/43 582/637/154/43 579/638/154/43 580/639/154/43
f 593/648/155/44 594/649/155/44 591/650/155/44 592/651/155/44
f 605/660/156/45 606/661/156/45 603/662/156/45 604/663/156/45
f 617/672/157/46 618/673/157/46 615/674/157/46 616/675/157/46
f 629/684/158/47 630/685/158/47 627/686/158/47 628/687/158/47
f 641/696/159/48 642/697/159/48 639/698/159/48 640/699/159/48
f 687/761/198/50 688/762/198/50 685/763/198/50 686/764/198/50
f 699/773/199/51 700/774/199/51 697/775/199/51 698/776/199/51
f 711/785/200/52 712/786/200/52 709/787/200/52 710/788/200/52
f 723/797/201/53 724/798/201/53 721/799/201/53 722/800/201/53
f 735/809/202/54 736/810/202/54 733/811/202/54 734/812/202/54
f 747/821/203/55 748/822/203/55 745/823/203/55 746/824/203/55
f 759/833/204/56 760/834/204/56 757/835/204/56 758/836/204/56
f 771/845/205/57 772/846/205/57 769/847/205/57 770/848/205/57
f 783/857/206/58 784/858/206/58 781/859/206/58 782/860/206/58
f 795/869/207/59 796/870/207/59 793/871/207/59 794/872/207/59
f 807/881/208/60 808/882/208/60 805/883/208/60 806/884/208/60
f 819/893/209/61 820/894/209/61 817/895/209/61 818/896/209/61
f 831/905/210/62 832/906/210/62 829/907/210/62 830/908/210/62
f 877/970/249/64 878/971/249/64 875/972/249/64 876/973/249/64
f 889/982/250/65 890/983/250/65 887/984/250/65 888/985/250/65
f 901/994/251/66 902/995/251/66 899/996/251/66 900/997/251/66
f 913/1006/252/67 914/1007/252/67 911/1008/252/67 912/1009/252/67
f 925/1018/253/68 926/1019/253/68 923/1020/253/68 924/1021/253/68
f 937/1030/254/69 938/1031/254/69 935/1032/254/69 936/1033/254/69
f 949/1042/255/70 950/1043/255/70 947/1044/255/70 948/1045/255/70
f 961/1054/256/71 962/1055/256/71 959/1056/256/71 960/1057/256/71
usemtl kusa_ec1
s off
f 3/1/1/1 4/2/1/1 1/3/1/1 2/4/1/1
f 15/13/2/2 16/14/2/2 13/15/2/2 14/16/2/2
f 27/25/3/3 28/26/3/3 25/27/3/3 26/28/3/3
f 39/37/4/4 40/38/4/4 37/39/4/4 38/40/4/4
f 51/49/5/5 52/50/5/5 49/51/5/5 50/52/5/5
f 63/61/6/6 64/62/6/6 61/63/6/6 62/64/6/6
f 75/73/7/7 76/74/7/7 73/75/7/7 74/76/7/7
f 121/138/46/9 122/139/46/9 119/140/46/9 120/141/46/9
f 133/150/47/10 134/151/47/10 131/152/47/10 132/153/47/10
f 145/162/48/11 146/163/48/11 143/164/48/11 144/165/48/11
f 157/174/49/12 158/175/49/12 155/176/49/12 156/177/49/12
f 169/186/50/13 170/187/50/13 167/188/50/13 168/189/50/13
f 181/198/51/14 182/199/51/14 179/200/51/14 180/201/51/14
f 193/210/52/15 194/211/52/15 191/212/52/15 192/213/52/15
f 205/222/53/16 206/223/53/16 203/224/53/16 204/225/53/16
f 217/234/54/17 218/235/54/17 215/236/54/17 216/237/54/17
f 229/246/55/18 230/247/55/18 227/248/55/18 228/249/55/18
f 241/258/56/19 242/259/56/19 239/260/56/19 240/261/56/19
f 287/323/95/21 288/324/95/21 285/325/95/21 286/326/95/21
f 299/335/96/22 300/336/96/22 297/337/96/22 298/338/96/22
f 311/347/97/23 312/348/97/23 309/349/97/23 310/350/97/23
f 323/359/98/24 324/360/98/24 321/361/98/24 322/362/98/24
f 335/371/99/25 336/372/99/25 333/373/99/25 334/374/99/25
f 347/383/100/26 348/384/100/26 345/385/100/26 346/386/100/26
f 359/395/101/27 360/396/101/27 357/397/101/27 358/398/101/27
f 371/407/102/28 372/408/102/28 369/409/102/28 370/410/102/28
f 383/419/103/29 384/420/103/29 381/421/103/29 382/422/103/29
f 395/431/104/30 396/432/104/30 393/433/104/30 394/434/104/30
f 407/443/105/31 408/444/105/31 405/445/105/31 406/446/105/31
f 419/455/106/32 420/456/106/32 417/457/106/32 418/458/106/32
f 431/467/107/33 432/468/107/33 429/469/107/33 430/470/107/33
f 443/479/108/34 444/480/108/34 441/481/108/34 442/482/108/34
f 489/544/147/36 490/545/147/36 487/546/147/36 488/547/147/36
f 501/556/148/37 502/557/148/37 499/558/148/37 500/559/148/37
f 513/568/149/38 514/569/149/38 511/570/149/38 512/571/149/38
f 525/580/150/39 526/581/150/39 523/582/150/39 524/583/150/39
f 537/592/151/40 538/593/151/40 535/594/151/40 536/595/151/40
f 549/604/152/41 550/605/152/41 547/606/152/41 548/607/152/41
f 561/616/153/42 562/617/153/42 559/618/153/42 560/619/153/42
f 573/628/154/43 574/629/154/43 571/630/154/43 572/631/154/43
f 585/640/155/44 586/641/155/44 583/642/155/44 584/643/155/44
f 597/652/156/45 598/653/156/45 595/654/156/45 596/655/156/45
f 609/664/157/46 610/665/157/46 607/666/157/46 608/667/157/46
f 621/676/158/47 622/677/158/47 619/678/158/47 620/679/158/47
f 633/688/159/48 634/689/159/48 631/690/159/48 632/691/159/48
f 679/753/198/50 680/754/198/50 677/755/198/50 678/756/198/50
f 691/765/199/51 692/766/199/51 689/767/199/51 690/768/199/51
f 703/777/200/52 704/778/200/52 701/779/200/52 702/780/200/52
f 715/789/201/53 716/790/201/53 713/791/201/53 714/792/201/53
f 727/801/202/54 728/802/202/54 725/803/202/54 726/804/202/54
f 739/813/203/55 740/814/203/55 737/815/203/55 738/816/203/55
f 751/825/204/56 752/826/204/56 749/827/204/56 750/828/204/56
f 763/837/205/57 764/838/205/57 761/839/205/57 762/840/205/57
f 775/849/206/58 776/850/206/58 773/851/206/58 774/852/206/58
f 787/861/207/59 788/862/207/59 785/863/207/59 786/864/207/59
f 799/873/208/60 800/874/208/60 797/875/208/60 798/876/208/60
f 811/885/209/61 812/886/209/61 809/887/209/61 810/888/209/61
f 823/897/210/62 824/898/210/62 821/899/210/62 822/900/210/62
f 869/962/249/64 870/963/249/64 867/964/249/64 868/965/249/64
f 881/974/250/65 882/975/250/65 879/976/250/65 880/977/250/65
f 893/986/251/66 894/987/251/66 891/988/251/66 892/989/251/66
f 905/998/252/67 906/999/252/67 903/1000/252/67 904/1001/252/67
f 917/1010/253/68 918/1011/253/68 915/1012/253/68 916/1013/253/68
f 929/1022/254/69 930/1023/254/69 927/1024/254/69 928/1025/254/69
f 941/1034/255/70 942/1035/255/70 939/1036/255/70 940/1037/255/70
f 953/1046/256/71 954/1047/256/71 951/1048/256/71 952/1049/256/71
usemtl kusa_ec2
s off
f 7/5/1/1 8/6/1/1 5/7/1/1 6/8/1/1
f 19/17/2/2 20/18/2/2 17/19/2/2 18/20/2/2
f 31/29/3/3 32/30/3/3 29/31/3/3 30/32/3/3
f 43/41/4/4 44/42/4/4 41/43/4/4 42/44/4/4
f 55/53/5/5 56/54/5/5 53/55/5/5 54/56/5/5
f 67/65/6/6 68/66/6/6 65/67/6/6 66/68/6/6
f 79/77/7/7 80/78/7/7 77/79/7/7 78/80/7/7
f 125/142/46/9 126/143/46/9 123/144/46/9 124/145/46/9
f 137/154/47/10 138/155/47/10 135/156/47/10 136/157/47/10
f 149/166/48/11 150/167/48/11 147/168/48/11 148/169/48/11
f 161/178/49/12 162/179/49/12 159/180/49/12 160/181/49/12
f 173/190/50/13 174/191/50/13 171/192/50/13 172/193/50/13
f 185/202/51/14 186/203/51/14 183/204/51/14 184/205/51/14
f 197/214/52/15 198/215/52/15 195/216/52/15 196/217/52/15
f 209/226/53/16 210/227/53/16 207/228/53/16 208/229/53/16
f 221/238/54/17 222/239/54/17 219/240/54/17 220/241/54/17
f 233/250/55/18 234/251/55/18 231/252/55/18 232/253/55/18
f 245/262/56/19 246/263/56/19 243/264/56/19 244/265/56/19
f 291/327/95/21 292/328/95/21 289/329/95/21 290/330/95/21
f 303/339/96/22 304/340/96/22 301/341/96/22 302/342/96/22
f 315/351/97/23 316/352/97/23 313/353/97/23 314/354/97/23
f 327/363/98/24 328/364/98/24 325/365/98/24 326/366/98/24
f 339/375/99/25 340/376/99/25 337/377/99/25 338/378/99/25
f 351/387/100/26 352/388/100/26 349/389/100/26 350/390/100/26
f 363/399/101/27 364/400/101/27 361/401/101/27 362/402/101/27
f 375/411/102/28 376/412/102/28 373/413/102/28 374/414/102/28
f 387/423/103/29 388/424/103/29 385/425/103/29 386/426/103/29
f 399/435/104/30 400/436/104/30 397/437/104/30 398/438/104/30
f 411/447/105/31 412/448/105/31 409/449/105/31 410/450/105/31
f 423/459/106/32 424/460/106/32 421/461/106/32 422/462/106/32
f 435/471/107/33 436/472/107/33 433/473/107/33 434/474/107/33
f 447/483/108/34 448/484/108/34 445/485/108/34 446/486/108/34
f 493/548/147/36 494/549/147/36 491/550/147/36 492/551/147/36
f 505/560/148/37 506/561/148/37 503/562/148/37 504/563/148/37
f 517/572/149/38 518/573/149/38 515/574/149/38 516/575/149/38
f 529/584/150/39 530/585/150/39 527/586/150/39 528/587/150/39
f 541/596/151/40 542/597/151/40 539/598/151/40 540/599/151/40
f 553/608/152/41 554/609/152/41 551/610/152/41 552/611/152/41
f 565/620/153/42 566/621/153/42 563/622/153/42 564/623/153/42
f 577/632/154/43 578/633/154/43 575/634/154/43 576/635/154/43
f 589/644/155/44 590/645/155/44 587/646/155/44 588/647/155/44
f 601/656/156/45 602/657/156/45 599/658/156/45 600/659/156/45
f 613/668/157/46 614/669/157/46 611/670/157/46 612/671/157/46
f 625/680/158/47 626/681/158/47 623/682/158/47 624/683/158/47
f 637/692/159/48 638/693/159/48 635/694/159/48 636/695/159/48
f 683/757/198/50 684/758/198/50 681/759/198/50 682/760/198/50
f 695/769/199/51 696/770/199/51 693/771/199/51 694/772/199/51
f 707/781/200/52 708/782/200/52 705/783/200/52 706/784/200/52
f 719/793/201/53 720/794/201/53 717/795/201/53 718/796/201/53
f 731/805/202/54 732/806/202/54 729/807/202/54 730/808/202/54
f 743/817/203/55 744/818/203/55 741/819/203/55 742/820/203/55
f 755/829/204/56 756/830/204/56 753/831/204/56 754/832/204/56
f 767/841/205/57 768/842/205/57 765/843/205/57 766/844/205/57
f 779/853/206/58 780/854/206/58 777/855/206/58 778/856/206/58
f 791/865/207/59 792/866/207/59 789/867/207/59 790/868/207/59
f 803/877/208/60 804/878/208/60 801/879/208/60 802/880/208/60
f 815/889/209/61 816/890/209/61 813/891/209/61 814/892/209/61
f 827/901/210/62 828/902/210/62 825/903/210/62 826/904/210/62
f 873/966/249/64 874/967/249/64 871/968/249/64 872/969/249/64
f 885/978/250/65 886/979/250/65 883/980/250/65 884/981/250/65
f 897/990/251/66 898/991/251/66 895/992/251/66 896/993/251/66
f 909/1002/252/67 910/1003/252/67 907/1004/252/67 908/1005/252/67
f 921/1014/253/68 922/1015/253/68 919/1016/253/68 920/1017/253/68
f 933/1026/254/69 934/1027/254/69 931/1028/254/69 932/1029/254/69
f 945/1038/255/70 946/1039/255/70 943/1040/255/70 944/1041/255/70
f 957/1050/256/71 958/1051/256/71 955/1052/256/71 956/1053/256/71
usemtl wall01_g
s off
f 971/1066/259/74 972/1067/260/74 973/1068/260/74 974/1069/259/74
f 972/1067/260/74 975/1070/261/74 976/1071/261/74 973/1068/260/74
f 977/1072/259/74 978/1073/259/74 979/1074/262/74 980/1075/262/74
f 985/1080/264/76 986/1081/265/76 987/1082/265/76 988/1083/264/76
f 986/1081/265/76 989/1084/266/76 990/1085/266/76 987/1082/265/76
f 991/1086/264/76 992/1087/264/76 993/1088/267/76 994/1089/267/76
f 999/1094/269/78 1000/1095/270/78 1001/1096/270/78 1002/1097/269/78
f 1000/1095/270/78 1003/1098/271/78 1004/1099/271/78 1001/1096/270/78
f 1005/1100/269/78 1006/1101/269/78 1007/1102/272/78 1008/1103/272/78
f 1013/1108/274/80 1014/1109/275/80 1015/1110/275/80 1016/1111/274/80
f 1014/1109/275/80 1017/1112/276/80 1018/1113/276/80 1015/1110/275/80
f 1019/1114/274/80 1020/1115/274/80 1021/1116/277/80 1022/1117/277/80
f 1028/1118/278/81 1029/1119/279/81 1030/1120/280/81 1031/1121/281/81
f 1032/1122/282/81 1033/1123/283/81 1034/1124/284/81 1035/1125/285/81
f 1033/1123/283/81 1028/1118/278/81 1031/1121/281/81 1034/1124/284/81
f 1045/1140/294/82 1046/1141/295/82 1047/1142/296/82 1048/1143/296/82
f 1049/1144/297/82 1050/1145/294/82 1051/1146/296/82 1052/1147/296/82
f 1069/1164/306/84 1070/1165/307/84 1071/1166/307/84 1072/1167/306/84
f 1070/1165/307/84 1073/1168/308/84 1074/1169/308/84 1071/1166/307/84
f 1075/1170/306/84 1076/1171/306/84 1077/1172/309/84 1078/1173/309/84
f 1079/1174/310/85 1080/1175/311/85 1081/1176/312/85 1082/1177/312/85
f 1083/1178/313/85 1084/1179/310/85 1085/1180/312/85 1086/1181/312/85
f 1107/1202/323/88 1108/1203/324/88 1109/1204/324/88 1110/1205/323/88
f 1108/1203/324/88 1111/1206/325/88 1112/1207/325/88 1109/1204/324/88
f 1113/1208/323/88 1114/1209/323/88 1115/1210/326/88 1116/1211/326/88
f 1121/1216/328/90 1122/1217/329/90 1123/1218/329/90 1124/1219/328/90
f 1122/1217/329/90 1125/1220/330/90 1126/1221/330/90 1123/1218/329/90
f 1127/1222/328/90 1128/1223/328/90 1129/1224/331/90 1130/1225/331/90
f 1136/1226/332/91 1137/1227/333/91 1138/1228/334/91 1139/1229/335/91
f 1140/1230/336/91 1141/1231/337/91 1142/1232/338/91 1143/1233/339/91
f 1141/1231/337/91 1136/1226/332/91 1139/1229/335/91 1142/1232/338/91
f 1153/1248/348/92 1154/1249/349/92 1155/1250/350/92 1156/1251/350/92
f 1157/1252/351/92 1158/1253/348/92 1159/1254/350/92 1160/1255/350/92
f 1182/1272/360/94 1183/1273/361/94 1184/1274/362/94 1185/1275/363/94
f 1186/1276/364/94 1187/1277/365/94 1188/1278/366/94 1189/1279/367/94
f 1187/1277/365/94 1182/1272/360/94 1185/1275/363/94 1188/1278/366/94
f 1204/1294/376/95 1205/1295/377/95 1206/1296/378/95 1207/1297/379/95
f 1208/1298/380/95 1209/1299/381/95 1210/1300/382/95 1211/1301/383/95
f 1209/1299/381/95 1204/1294/376/95 1207/1297/379/95 1210/1300/382/95
f 1221/1316/392/96 1222/1317/393/96 1223/1318/393/96 1224/1319/392/96
f 1222/1317/393/96 1225/1320/394/96 1226/1321/394/96 1223/1318/393/96
f 1227/1322/392/96 1228/1323/392/96 1229/1324/395/96 1230/1325/395/96
f 1231/1326/396/97 1232/1327/397/97 1233/1328/398/97 1234/1329/398/97
f 1235/1330/399/97 1236/1331/396/97 1237/1332/398/97 1238/1333/398/97
f 1255/1350/408/99 1256/1351/409/99 1257/1352/409/99 1258/1353/408/99
f 1256/1351/409/99 1259/1354/410/99 1260/1355/410/99 1257/1352/409/99
f 1261/1356/408/99 1262/1357/408/99 1263/1358/411/99 1264/1359/411/99
f 1273/1368/414/102 1274/1369/415/102 1275/1370/415/102 1276/1371/414/102
f 1274/1369/415/102 1277/1372/416/102 1278/1373/416/102 1275/1370/415/102
f 1279/1374/414/102 1280/1375/414/102 1281/1376/417/102 1282/1377/417/102
f 1288/1378/418/103 1289/1379/419/103 1290/1380/420/103 1291/1381/421/103
f 1292/1382/422/103 1293/1383/423/103 1294/1384/424/103 1295/1385/425/103
f 1293/1383/423/103 1288/1378/418/103 1291/1381/421/103 1294/1384/424/103
f 1305/1400/434/104 1306/1401/435/104 1307/1402/436/104 1308/1403/436/104
f 1309/1404/437/104 1310/1405/434/104 1311/1406/436/104 1312/1407/436/104
f 1337/1432/448/108 1338/1433/449/108 1339/1434/449/108 1340/1435/448/108
f 1338/1433/449/108 1341/1436/450/108 1342/1437/450/108 1339/1434/449/108
f 1343/1438/448/108 1344/1439/448/108 1345/1440/451/108 1346/1441/451/108
f 1347/1442/452/109 1348/1443/453/109 1349/1444/453/109 1350/1445/452/109
f 1348/1443/453/109 1351/1446/454/109 1352/1447/454/109 1349/1444/453/109
f 1353/1448/452/109 1354/1449/452/109 1355/1450/455/109 1356/1451/455/109
f 1366/1456/457/111 1367/1457/458/111 1368/1458/459/111 1369/1459/460/111
f 1370/1460/461/111 1371/1461/462/111 1372/1462/463/111 1373/1463/464/111
f 1371/1461/462/111 1366/1456/457/111 1369/1459/460/111 1372/1462/463/111
f 1383/1478/473/112 1384/1479/474/112 1385/1480/474/112 1386/1481/473/112
f 1384/1479/474/112 1387/1482/475/112 1388/1483/475/112 1385/1480/474/112
f 1389/1484/473/112 1390/1485/473/112 1391/1486/476/112 1392/1487/476/112
f 1393/1488/477/113 1394/1489/478/113 1395/1490/479/113 1396/1491/479/113
f 1397/1492/480/113 1398/1493/477/113 1399/1494/479/113 1400/1495/479/113
f 1422/1512/489/115 1423/1513/490/115 1424/1514/491/115 1425/1515/492/115
f 1426/1516/493/115 1427/1517/494/115 1428/1518/495/115 1429/1519/496/115
f 1427/1517/494/115 1422/1512/489/115 1425/1515/492/115 1428/1518/495/115
f 1439/1534/505/116 1440/1535/506/116 1441/1536/506/116 1442/1537/505/116
f 1440/1535/506/116 1443/1538/507/116 1444/1539/507/116 1441/1536/506/116
f 1445/1540/505/116 1446/1541/505/116 1447/1542/508/116 1448/1543/508/116
f 1449/1544/509/117 1450/1545/510/117 1451/1546/511/117 1452/1547/511/117
f 1453/1548/512/117 1454/1549/509/117 1455/1550/511/117 1456/1551/511/117
f 1478/1568/521/119 1479/1569/522/119 1480/1570/523/119 1481/1571/524/119
f 1482/1572/525/119 1483/1573/526/119 1484/1574/527/119 1485/1575/528/119
f 1483/1573/526/119 1478/1568/521/119 1481/1571/524/119 1484/1574/527/119
f 1495/1590/537/120 1496/1591/538/120 1497/1592/539/120 1498/1593/539/120
f 1499/1594/540/120 1500/1595/537/120 1501/1596/539/120 1502/1597/539/120
f 1528/1618/550/123 1529/1619/551/123 1530/1620/552/123 1531/1621/553/123
f 1532/1622/554/123 1533/1623/555/123 1534/1624/556/123 1535/1625/557/123
f 1533/1623/555/123 1528/1618/550/123 1531/1621/553/123 1534/1624/556/123
f 1545/1640/566/124 1546/1641/567/124 1547/1642/567/124 1548/1643/566/124
f 1546/1641/567/124 1549/1644/568/124 1550/1645/568/124 1547/1642/567/124
f 1551/1646/566/124 1552/1647/566/124 1553/1648/569/124 1554/1649/569/124
f 1559/1654/571/126 1560/1655/572/126 1561/1656/572/126 1562/1657/571/126
f 1560/1655/572/126 1563/1658/573/126 1564/1659/573/126 1561/1656/572/126
f 1565/1660/571/126 1566/1661/571/126 1567/1662/574/126 1568/1663/574/126
f 1573/1668/576/128 1574/1669/577/128 1575/1670/577/128 1576/1671/576/128
f 1574/1669/577/128 1577/1672/578/128 1578/1673/578/128 1575/1670/577/128
f 1579/1674/576/128 1580/1675/576/128 1581/1676/579/128 1582/1677/579/128
f 1600/1690/583/132 1601/1691/584/132 1602/1692/585/132 1603/1693/586/132
f 1604/1694/587/132 1605/1695/588/132 1606/1696/589/132 1607/1697/590/132
f 1605/1695/588/132 1600/1690/583/132 1603/1693/586/132 1606/1696/589/132
f 1617/1712/599/133 1618/1713/600/133 1619/1714/600/133 1620/1715/599/133
f 1618/1713/600/133 1621/1716/601/133 1622/1717/601/133 1619/1714/600/133
f 1623/1718/599/133 1624/1719/599/133 1625/1720/602/133 1626/1721/602/133
f 1627/1722/603/134 1628/1723/604/134 1629/1724/605/134 1630/1725/605/134
f 1631/1726/606/134 1632/1727/603/134 1633/1728/605/134 1634/1729/605/134
f 1655/1750/616/137 1656/1751/617/137 1657/1752/617/137 1658/1753/616/137
f 1656/1751/617/137 1659/1754/618/137 1660/1755/618/137 1657/1752/617/137
f 1661/1756/616/137 1662/1757/616/137 1663/1758/619/137 1664/1759/619/137
f 1674/1764/621/139 1675/1765/622/139 1676/1766/623/139 1677/1767/624/139
f 1678/1768/625/139 1679/1769/626/139 1680/1770/627/139 1681/1771/628/139
f 1679/1769/626/139 1674/1764/621/139 1677/1767/624/139 1680/1770/627/139
f 1691/1786/637/140 1692/1787/638/140 1693/1788/638/140 1694/1789/637/140
f 1692/1787/638/140 1695/1790/639/140 1696/1791/639/140 1693/1788/638/140
f 1697/1792/637/140 1698/1793/637/140 1699/1794/640/140 1700/1795/640/140
f 1701/1796/641/141 1702/1797/642/141 1703/1798/643/141 1704/1799/643/141
f 1705/1800/644/141 1706/1801/641/141 1707/1802/643/141 1708/1803/643/141
f 1742/1832/656/146 1743/1833/657/146 1744/1834/658/146 1745/1835/659/146
f 1746/1836/660/146 1747/1837/661/146 1748/1838/662/146 1749/1839/663/146
f 1747/1837/661/146 1742/1832/656/146 1745/1835/659/146 1748/1838/662/146
f 1759/1854/672/147 1760/1855/673/147 1761/1856/673/147 1762/1857/672/147
f 1760/1855/673/147 1763/1858/674/147 1764/1859/674/147 1761/1856/673/147
f 1765/1860/672/147 1766/1861/672/147 1767/1862/675/147 1768/1863/675/147
f 1782/1872/678/150 1783/1873/679/150 1784/1874/680/150 1785/1875/681/150
f 1786/1876/682/150 1787/1877/683/150 1788/1878/684/150 1789/1879/685/150
f 1787/1877/683/150 1782/1872/678/150 1785/1875/681/150 1788/1878/684/150
f 1799/1894/694/151 1800/1895/695/151 1801/1896/695/151 1802/1897/694/151
f 1800/1895/695/151 1803/1898/696/151 1804/1899/696/151 1801/1896/695/151
f 1805/1900/694/151 1806/1901/694/151 1807/1902/697/151 1808/1903/697/151
f 1809/1904/698/152 1810/1905/699/152 1811/1906/700/152 1812/1907/700/152
f 1813/1908/701/152 1814/1909/698/152 1815/1910/700/152 1816/1911/700/152
f 1842/1932/711/155 1843/1933/712/155 1844/1934/713/155 1845/1935/714/155
f 1846/1936/715/155 1847/1937/716/155 1848/1938/717/155 1849/1939/718/155
f 1847/1937/716/155 1842/1932/711/155 1845/1935/714/155 1848/1938/717/155
f 1859/1954/727/156 1860/1955/728/156 1861/1956/728/156 1862/1957/727/156
f 1860/1955/728/156 1863/1958/729/156 1864/1959/729/156 1861/1956/728/156
f 1865/1960/727/156 1866/1961/727/156 1867/1962/730/156 1868/1963/730/156
f 1869/1964/731/157 1870/1965/732/157 1871/1966/733/157 1872/1967/733/157
f 1873/1968/734/157 1874/1969/731/157 1875/1970/733/157 1876/1971/733/157
f 1897/1992/744/160 1898/1993/745/160 1899/1994/745/160 1900/1995/744/160
f 1898/1993/745/160 1901/1996/746/160 1902/1997/746/160 1899/1994/745/160
f 1903/1998/744/160 1904/1999/744/160 1905/2000/747/160 1906/2001/747/160
f 1911/2006/749/162 1912/2007/750/162 1913/2008/750/162 1914/2009/749/162
f 1912/2007/750/162 1915/2010/751/162 1916/2011/751/162 1913/2008/750/162
f 1917/2012/749/162 1918/2013/749/162 1919/2014/752/162 1920/2015/752/162
f 1934/2024/755/165 1935/2025/756/165 1936/2026/757/165 1937/2027/758/165
f 1938/2028/759/165 1939/2029/760/165 1940/2030/761/165 1941/2031/762/165
f 1939/2029/760/165 1934/2024/755/165 1937/2027/758/165 1940/2030/761/165
f 1951/2046/771/166 1952/2047/772/166 1953/2048/772/166 1954/2049/771/166
f 1952/2047/772/166 1955/2050/773/166 1956/2051/773/166 1953/2048/772/166
f 1957/2052/771/166 1958/2053/771/166 1959/2054/774/166 1960/2055/774/166
f 1961/2056/775/167 1962/2057/776/167 1963/2058/777/167 1964/2059/777/167
f 1965/2060/778/167 1966/2061/775/167 1967/2062/777/167 1968/2063/777/167
f 1985/2080/787/169 1986/2081/788/169 1987/2082/788/169 1988/2083/787/169
f 1986/2081/788/169 1989/2084/789/169 1990/2085/789/169 1987/2082/788/169
f 1991/2086/787/169 1992/2087/787/169 1993/2088/790/169 1994/2089/790/169
f 2004/2094/792/171 2005/2095/793/171 2006/2096/794/171 2007/2097/795/171
f 2008/2098/796/171 2009/2099/797/171 2010/2100/798/171 2011/2101/799/171
f 2009/2099/797/171 2004/2094/792/171 2007/2097/795/171 2010/2100/798/171
f 2021/2116/808/172 2022/2117/809/172 2023/2118/809/172 2024/2119/808/172
f 2022/2117/809/172 2025/2120/810/172 2026/2121/810/172 2023/2118/809/172
f 2027/2122/808/172 2028/2123/808/172 2029/2124/811/172 2030/2125/811/172
f 2056/2146/817/178 2057/2147/818/178 2058/2148/819/178 2059/2149/820/178
f 2060/2150/821/178 2061/2151/822/178 2062/2152/823/178 2063/2153/824/178
f 2061/2151/822/178 2056/2146/817/178 2059/2149/820/178 2062/2152/823/178
f 2073/2168/833/179 2074/2169/834/179 2075/2170/834/179 2076/2171/833/179
f 2074/2169/834/179 2077/2172/835/179 2078/2173/835/179 2075/2170/834/179
f 2079/2174/833/179 2080/2175/833/179 2081/2176/836/179 2082/2177/836/179
f 2083/2178/837/180 2084/2179/838/180 2085/2180/839/180 2086/2181/839/180
f 2087/2182/840/180 2088/2183/837/180 2089/2184/839/180 2090/2185/839/180
f 2111/2206/850/183 2112/2207/851/183 2113/2208/851/183 2114/2209/850/183
f 2112/2207/851/183 2115/2210/852/183 2116/2211/852/183 2113/2208/851/183
f 2117/2212/850/183 2118/2213/850/183 2119/2214/853/183 2120/2215/853/183
f 1036/1126/286/81 1037/1127/287/81 1038/1128/288/81
f 1037/1127/287/81 1039/1129/289/81 1038/1128/288/81
f 1038/1128/288/81 1039/1129/289/81 1040/1130/290/81
f 1039/1129/289/81 1041/1131/291/81 1040/1130/290/81
f 1042/1132/290/81 1043/1133/292/81 1044/1134/293/81
f 1053/1148/298/82 1054/1149/299/82 1055/1150/294/82
f 1054/1149/299/82 1056/1151/300/82 1055/1150/294/82
f 1055/1150/294/82 1056/1151/300/82 1057/1152/301/82
f 1058/1153/302/82 1059/1154/300/82 1060/1155/294/82
f 1059/1154/300/82 1061/1156/303/82 1060/1155/294/82
f 1062/1157/304/82 1063/1158/294/82 1064/1159/301/82
f 1087/1182/314/85 1088/1183/315/85 1089/1184/310/85
f 1088/1183/315/85 1090/1185/316/85 1089/1184/310/85
f 1089/1184/310/85 1090/1185/316/85 1091/1186/317/85
f 1092/1187/318/85 1093/1188/316/85 1094/1189/310/85
f 1093/1188/316/85 1095/1190/319/85 1094/1189/310/85
f 1096/1191/320/85 1097/1192/310/85 1098/1193/317/85
f 1144/1234/340/91 1145/1235/341/91 1146/1236/342/91
f 1145/1235/341/91 1147/1237/343/91 1146/1236/342/91
f 1146/1236/342/91 1147/1237/343/91 1148/1238/344/91
f 1147/1237/343/91 1149/1239/345/91 1148/1238/344/91
f 1150/1240/344/91 1151/1241/346/91 1152/1242/347/91
f 1161/1256/352/92 1162/1257/353/92 1163/1258/348/92
f 1162/1257/353/92 1164/1259/354/92 1163/1258/348/92
f 1163/1258/348/92 1164/1259/354/92 1165/1260/355/92
f 1166/1261/356/92 1167/1262/354/92 1168/1263/348/92
f 1167/1262/354/92 1169/1264/357/92 1168/1263/348/92
f 1170/1265/358/92 1171/1266/348/92 1172/1267/355/92
f 1190/1280/368/94 1191/1281/369/94 1192/1282/370/94
f 1191/1281/369/94 1193/1283/371/94 1192/1282/370/94
f 1192/1282/370/94 1193/1283/371/94 1194/1284/372/94
f 1193/1283/371/94 1195/1285/373/94 1194/1284/372/94
f 1196/1286/372/94 1197/1287/374/94 1198/1288/375/94
f 1212/1302/384/95 1213/1303/385/95 1214/1304/386/95
f 1213/1303/385/95 1215/1305/387/95 1214/1304/386/95
f 1214/1304/386/95 1215/1305/387/95 1216/1306/388/95
f 1215/1305/387/95 1217/1307/389/95 1216/1306/388/95
f 1218/1308/388/95 1219/1309/390/95 1220/1310/391/95
f 1239/1334/400/97 1240/1335/401/97 1241/1336/396/97
f 1240/1335/401/97 1242/1337/402/97 1241/1336/396/97
f 1241/1336/396/97 1242/1337/402/97 1243/1338/403/97
f 1244/1339/404/97 1245/1340/402/97 1246/1341/396/97
f 1245/1340/402/97 1247/1342/405/97 1246/1341/396/97
f 1248/1343/406/97 1249/1344/396/97 1250/1345/403/97
f 1296/1386/426/103 1297/1387/427/103 1298/1388/428/103
f 1297/1387/427/103 1299/1389/429/103 1298/1388/428/103
f 1298/1388/428/103 1299/1389/429/103 1300/1390/430/103
f 1299/1389/429/103 1301/1391/431/103 1300/1390/430/103
f 1302/1392/430/103 1303/1393/432/103 1304/1394/433/103
f 1313/1408/438/104 1314/1409/439/104 1315/1410/434/104
f 1314/1409/439/104 1316/1411/440/104 1315/1410/434/104
f 1315/1410/434/104 1316/1411/440/104 1317/1412/441/104
f 1318/1413/442/104 1319/1414/440/104 1320/1415/434/104
f 1319/1414/440/104 1321/1416/443/104 1320/1415/434/104
f 1322/1417/444/104 1323/1418/434/104 1324/1419/441/104
f 1374/1464/465/111 1375/1465/466/111 1376/1466/467/111
f 1375/1465/466/111 1377/1467/468/111 1376/1466/467/111
f 1376/1466/467/111 1377/1467/468/111 1378/1468/469/111
f 1377/1467/468/111 1379/1469/470/111 1378/1468/469/111
f 1380/1470/469/111 1381/1471/471/111 1382/1472/472/111
f 1401/1496/481/113 1402/1497/482/113 1403/1498/477/113
f 1402/1497/482/113 1404/1499/483/113 1403/1498/477/113
f 1403/1498/477/113 1404/1499/483/113 1405/1500/484/113
f 1406/1501/485/113 1407/1502/483/113 1408/1503/477/113
f 1407/1502/483/113 1409/1504/486/113 1408/1503/477/113
f 1410/1505/487/113 1411/1506/477/113 1412/1507/484/113
f 1430/1520/497/115 1431/1521/498/115 1432/1522/499/115
f 1431/1521/498/115 1433/1523/500/115 1432/1522/499/115
f 1432/1522/499/115 1433/1523/500/115 1434/1524/501/115
f 1433/1523/500/115 1435/1525/502/115 1434/1524/501/115
f 1436/1526/501/115 1437/1527/503/115 1438/1528/504/115
f 1457/1552/513/117 1458/1553/514/117 1459/1554/509/117
f 1458/1553/514/117 1460/1555/515/117 1459/1554/509/117
f 1459/1554/509/117 1460/1555/515/117 1461/1556/516/117
f 1462/1557/517/117 1463/1558/515/117 1464/1559/509/117
f 1463/1558/515/117 1465/1560/518/117 1464/1559/509/117
f 1466/1561/519/117 1467/1562/509/117 1468/1563/516/117
f 1486/1576/529/119 1487/1577/530/119 1488/1578/531/119
f 1487/1577/530/119 1489/1579/532/119 1488/1578/531/119
f 1488/1578/531/119 1489/1579/532/119 1490/1580/533/119
f 1489/1579/532/119 1491/1581/534/119 1490/1580/533/119
f 1492/1582/533/119 1493/1583/535/119 1494/1584/536/119
f 1503/1598/541/120 1504/1599/542/120 1505/1600/537/120
f 1504/1599/542/120 1506/1601/543/120 1505/1600/537/120
f 1505/1600/537/120 1506/1601/543/120 1507/1602/544/120
f 1508/1603/545/120 1509/1604/543/120 1510/1605/537/120
f 1509/1604/543/120 1511/1606/546/120 1510/1605/537/120
f 1512/1607/547/120 1513/1608/537/120 1514/1609/544/120
f 1536/1626/558/123 1537/1627/559/123 1538/1628/560/123
f 1537/1627/559/123 1539/1629/561/123 1538/1628/560/123
f 1538/1628/560/123 1539/1629/561/123 1540/1630/562/123
f 1539/1629/561/123 1541/1631/563/123 1540/1630/562/123
f 1542/1632/562/123 1543/1633/564/123 1544/1634/565/123
f 1608/1698/591/132 1609/1699/592/132 1610/1700/593/132
f 1609/1699/592/132 1611/1701/594/132 1610/1700/593/132
f 1610/1700/593/132 1611/1701/594/132 1612/1702/595/132
f 1611/1701/594/132 1613/1703/596/132 1612/1702/595/132
f 1614/1704/595/132 1615/1705/597/132 1616/1706/598/132
f 1635/1730/607/134 1636/1731/608/134 1637/1732/603/134
f 1636/1731/608/134 1638/1733/609/134 1637/1732/603/134
f 1637/1732/603/134 1638/1733/609/134 1639/1734/610/134
f 1640/1735/611/134 1641/1736/609/134 1642/1737/603/134
f 1641/1736/609/134 1643/1738/612/134 1642/1737/603/134
f 1644/1739/613/134 1645/1740/603/134 1646/1741/610/134
f 1682/1772/629/139 1683/1773/630/139 1684/1774/631/139
f 1683/1773/630/139 1685/1775/632/139 1684/1774/631/139
f 1684/1774/631/139 1685/1775/632/139 1686/1776/633/139
f 1685/1775/632/139 1687/1777/634/139 1686/1776/633/139
f 1688/1778/633/139 1689/1779/635/139 1690/1780/636/139
f 1709/1804/645/141 1710/1805/646/141 1711/1806/641/141
f 1710/1805/646/141 1712/1807/647/141 1711/1806/641/141
f 1711/1806/641/141 1712/1807/647/141 1713/1808/648/141
f 1714/1809/649/141 1715/1810/647/141 1716/1811/641/141
f 1715/1810/647/141 1717/1812/650/141 1716/1811/641/141
f 1718/1813/651/141 1719/1814/641/141 1720/1815/648/141
f 1750/1840/664/146 1751/1841/665/146 1752/1842/666/146
f 1751/1841/665/146 1753/1843/667/146 1752/1842/666/146
f 1752/1842/666/146 1753/1843/667/146 1754/1844/668/146
f 1753/1843/667/146 1755/1845/669/146 1754/1844/668/146
f 1756/1846/668/146 1757/1847/670/146 1758/1848/671/146
f 1790/1880/686/150 1791/1881/687/150 1792/1882/688/150
f 1791/1881/687/150 1793/1883/689/150 1792/1882/688/150
f 1792/1882/688/150 1793/1883/689/150 1794/1884/690/150
f 1793/1883/689/150 1795/1885/691/150 1794/1884/690/150
f 1796/1886/690/150 1797/1887/692/150 1798/1888/693/150
f 1817/1912/702/152 1818/1913/703/152 1819/1914/698/152
f 1818/1913/703/152 1820/1915/704/152 1819/1914/698/152
f 1819/1914/698/152 1820/1915/704/152 1821/1916/705/152
f 1822/1917/706/152 1823/1918/704/152 1824/1919/698/152
f 1823/1918/704/152 1825/1920/707/152 1824/1919/698/152
f 1826/1921/708/152 1827/1922/698/152 1828/1923/705/152
f 1850/1940/719/155 1851/1941/720/155 1852/1942/721/155
f 1851/1941/720/155 1853/1943/722/155 1852/1942/721/155
f 1852/1942/721/155 1853/1943/722/155 1854/1944/723/155
f 1853/1943/722/155 1855/1945/724/155 1854/1944/723/155
f 1856/1946/723/155 1857/1947/725/155 1858/1948/726/155
f 1877/1972/735/157 1878/1973/736/157 1879/1974/731/157
f 1878/1973/736/157 1880/1975/737/157 1879/1974/731/157
f 1879/1974/731/157 1880/1975/737/157 1881/1976/738/157
f 1882/1977/739/157 1883/1978/737/157 1884/1979/731/157
f 1883/1978/737/157 1885/1980/740/157 1884/1979/731/157
f 1886/1981/741/157 1887/1982/731/157 1888/1983/738/157
f 1942/2032/763/165 1943/2033/764/165 1944/2034/765/165
f 1943/2033/764/165 1945/2035/766/165 1944/2034/765/165
f 1944/2034/765/165 1945/2035/766/165 1946/2036/767/165
f 1945/2035/766/165 1947/2037/768/165 1946/2036/767/165
f 1948/2038/767/165 1949/2039/769/165 1950/2040/770/165
f 1969/2064/779/167 1970/2065/780/167 1971/2066/775/167
f 1970/2065/780/167 1972/2067/781/167 1971/2066/775/167
f 1971/2066/775/167 1972/2067/781/167 1973/2068/782/167
f 1974/2069/783/167 1975/2070/781/167 1976/2071/775/167
f 1975/2070/781/167 1977/2072/784/167 1976/2071/775/167
f 1978/2073/785/167 1979/2074/775/167 1980/2075/782/167
f 2012/2102/800/171 2013/2103/801/171 2014/2104/802/171
f 2013/2103/801/171 2015/2105/803/171 2014/2104/802/171
f 2014/2104/802/171 2015/2105/803/171 2016/2106/804/171
f 2015/2105/803/171 2017/2107/805/171 2016/2106/804/171
f 2018/2108/804/171 2019/2109/806/171 2020/2110/807/171
f 2064/2154/825/178 2065/2155/826/178 2066/2156/827/178
f 2065/2155/826/178 2067/2157/828/178 2066/2156/827/178
f 2066/2156/827/178 2067/2157/828/178 2068/2158/829/178
f 2067/2157/828/178 2069/2159/830/178 2068/2158/829/178
f 2070/2160/829/178 2071/2161/831/178 2072/2162/832/178
f 2091/2186/841/180 2092/2187/842/180 2093/2188/837/180
f 2092/2187/842/180 2094/2189/843/180 2093/2188/837/180
f 2093/2188/837/180 2094/2189/843/180 2095/2190/844/180
f 2096/2191/845/180 2097/2192/843/180 2098/2193/837/180
f 2097/2192/843/180 2099/2194/846/180 2098/2193/837/180
f 2100/2195/847/180 2101/2196/837/180 2102/2197/844/180
usemtl beach01
s off
f 1023/1135/292/81 1024/1136/292/81 1025/1137/292/81
f 1024/1136/292/81 1026/1138/292/81 1025/1137/292/81
f 1027/1139/292/81 1026/1138/292/81 1024/1136/292/81
f 1131/1243/346/91 1132/1244/346/91 1133/1245/346/91
f 1132/1244/346/91 1134/1246/346/91 1133/1245/346/91
f 1135/1247/346/91 1134/1246/346/91 1132/1244/346/91
f 1177/1289/374/94 1178/1290/374/94 1179/1291/374/94
f 1178/1290/374/94 1180/1292/374/94 1179/1291/374/94
f 1181/1293/374/94 1180/1292/374/94 1178/1290/374/94
f 1199/1311/390/95 1200/1312/390/95 1201/1313/390/95
f 1200/1312/390/95 1202/1314/390/95 1201/1313/390/95
f 1203/1315/390/95 1202/1314/390/95 1200/1312/390/95
f 1283/1395/432/103 1284/1396/432/103 1285/1397/432/103
f 1284/1396/432/103 1286/1398/432/103 1285/1397/432/103
f 1287/1399/432/103 1286/1398/432/103 1284/1396/432/103
f 1361/1473/471/111 1362/1474/471/111 1363/1475/471/111
f 1362/1474/471/111 1364/1476/471/111 1363/1475/471/111
f 1365/1477/471/111 1364/1476/471/111 1362/1474/471/111
f 1417/1529/503/115 1418/1530/503/115 1419/1531/503/115
f 1418/1530/503/115 1420/1532/503/115 1419/1531/503/115
f 1421/1533/503/115 1420/1532/503/115 1418/1530/503/115
f 1473/1585/535/119 1474/1586/535/119 1475/1587/535/119
f 1474/1586/535/119 1476/1588/535/119 1475/1587/535/119
f 1477/1589/535/119 1476/1588/535/119 1474/1586/535/119
f 1523/1635/564/123 1524/1636/564/123 1525/1637/564/123
f 1524/1636/564/123 1526/1638/564/123 1525/1637/564/123
f 1527/1639/564/123 1526/1638/564/123 1524/1636/564/123
f 1595/1707/597/132 1596/1708/597/132 1597/1709/597/132
f 1596/1708/597/132 1598/1710/597/132 1597/1709/597/132
f 1599/1711/597/132 1598/1710/597/132 1596/1708/597/132
f 1669/1781/635/139 1670/1782/635/139 1671/1783/635/139
f 1670/1782/635/139 1672/1784/635/139 1671/1783/635/139
f 1673/1785/635/139 1672/1784/635/139 1670/1782/635/139
f 1737/1849/670/146 1738/1850/670/146 1739/1851/670/146
f 1738/1850/670/146 1740/1852/670/146 1739/1851/670/146
f 1741/1853/670/146 1740/1852/670/146 1738/1850/670/146
f 1777/1889/692/150 1778/1890/692/150 1779/1891/692/150
f 1778/1890/692/150 1780/1892/692/150 1779/1891/692/150
f 1781/1893/692/150 1780/1892/692/150 1778/1890/692/150
f 1837/1949/725/155 1838/1950/725/155 1839/1951/725/155
f 1838/1950/725/155 1840/1952/725/155 1839/1951/725/155
f 1841/1953/725/155 1840/1952/725/155 1838/1950/725/155
f 1929/2041/769/165 1930/2042/769/165 1931/2043/769/165
f 1930/2042/769/165 1932/2044/769/165 1931/2043/769/165
f 1933/2045/769/165 1932/2044/769/165 1930/2042/769/165
f 1999/2111/806/171 2000/2112/806/171 2001/2113/806/171
f 2000/2112/806/171 2002/2114/806/171 2001/2113/806/171
f 2003/2115/806/171 2002/2114/806/171 2000/2112/806/171
f 2051/2163/831/178 2052/2164/831/178 2053/2165/831/178
f 2052/2164/831/178 2054/2166/831/178 2053/2165/831/178
f 2055/2167/831/178 2054/2166/831/178 2052/2164/831/178
usemtl d0gake_001b
s off
f 85/85/8/8 86/86/9/8 87/87/10/8 88/88/8/8
f 89/89/11/8 86/86/12/8 90/90/13/8 91/91/11/8
f 92/92/14/8 93/93/14/8 94/94/14/8 95/95/14/8
f 96/96/15/8 97/97/16/8 85/85/16/8 98/98/17/8
f 86/86/9/8 89/89/18/8 99/99/18/8 87/87/10/8
f 94/94/19/8 96/96/15/8 98/98/17/8 95/95/19/8
f 86/86/12/8 85/85/20/8 97/97/20/8 90/90/13/8
f 98/98/21/8 85/85/8/8 88/88/8/8 100/100/21/8
f 101/101/22/8 89/89/23/8 102/102/24/8 103/103/22/8
f 833/909/211/63 834/910/212/63 835/911/213/63 836/912/211/63
f 837/913/214/63 834/910/215/63 838/914/216/63 839/915/214/63
f 840/916/217/63 841/917/217/63 842/918/217/63 843/919/217/63
f 844/920/218/63 845/921/219/63 833/909/219/63 846/922/220/63
f 834/910/212/63 837/913/221/63 847/923/221/63 835/911/213/63
f 842/918/222/63 844/920/218/63 846/922/220/63 843/919/222/63
f 834/910/215/63 833/909/223/63 845/921/223/63 838/914/216/63
f 846/922/224/63 833/909/211/63 836/912/211/63 848/924/224/63
f 849/925/225/63 837/913/226/63 850/926/227/63 851/927/225/63
f 102/102/24/8 89/89/23/8 91/91/25/8
f 104/104/26/8 105/105/27/8 101/101/28/8
f 105/105/27/8 99/99/29/8 101/101/28/8
f 99/99/30/8 105/105/31/8 87/87/32/8
f 105/105/31/8 88/88/33/8 87/87/32/8
f 103/103/34/8 92/92/35/8 104/104/36/8
f 92/92/35/8 95/95/37/8 104/104/36/8
f 95/106/38/8 98/107/38/8 104/104/38/8
f 103/103/39/8 104/104/39/8 101/101/39/8
f 104/108/40/8 100/109/40/8 105/110/40/8
f 100/100/41/8 88/88/41/8 105/105/41/8
f 104/104/42/8 98/111/42/8 100/112/42/8
f 89/89/43/8 101/101/43/8 99/99/43/8
f 103/103/44/8 93/93/44/8 92/92/44/8
f 850/926/227/63 837/913/226/63 839/915/228/63
f 852/928/229/63 853/929/230/63 849/925/231/63
f 853/929/230/63 847/923/232/63 849/925/231/63
f 847/923/233/63 853/929/234/63 835/911/235/63
f 853/929/234/63 836/912/236/63 835/911/235/63
f 851/927/237/63 840/916/238/63 852/928/239/63
f 840/916/238/63 843/919/240/63 852/928/239/63
f 843/930/241/63 846/931/241/63 852/928/241/63
f 851/927/242/63 852/928/242/63 849/925/242/63
f 852/932/243/63 848/933/243/63 853/934/243/63
f 848/924/244/63 836/912/244/63 853/929/244/63
f 852/928/245/63 846/935/245/63 848/936/245/63
f 837/913/246/63 849/925/246/63 847/923/246/63
f 851/927/247/63 841/917/247/63 840/916/247/63
usemtl ga_s_futa
s off
f 251/270/57/20 252/271/58/20 253/272/59/20 254/273/57/20
f 255/274/60/20 252/271/61/20 256/275/62/20 257/276/60/20
f 258/277/63/20 259/278/63/20 260/279/63/20 261/280/63/20
f 262/281/64/20 263/282/65/20 251/270/65/20 264/283/66/20
f 252/271/58/20 255/274/67/20 265/284/67/20 253/272/59/20
f 260/279/68/20 262/281/64/20 264/283/66/20 261/280/68/20
f 252/271/61/20 251/270/69/20 263/282/69/20 256/275/62/20
f 264/283/70/20 251/270/57/20 254/273/57/20 266/285/70/20
f 267/286/71/20 255/274/72/20 268/287/73/20 269/288/71/20
f 268/287/73/20 255/274/72/20 257/276/74/20
f 270/289/75/20 271/290/76/20 267/286/77/20
f 271/290/76/20 265/284/78/20 267/286/77/20
f 265/284/79/20 271/290/80/20 253/272/81/20
f 271/290/80/20 254/273/82/20 253/272/81/20
f 269/288/83/20 258/277/84/20 270/289/85/20
f 258/277/84/20 261/280/86/20 270/289/85/20
f 261/291/87/20 264/292/87/20 270/289/87/20
f 269/288/88/20 270/289/88/20 267/286/88/20
f 270/293/89/20 266/294/89/20 271/295/89/20
f 266/285/90/20 254/273/90/20 271/290/90/20
f 270/289/91/20 264/296/91/20 266/297/91/20
f 255/274/92/20 267/286/92/20 265/284/92/20
f 269/288/93/20 259/278/93/20 258/277/93/20
usemtl ga_s01a_TRANS
s off
f 106/113/45/8 107/114/45/8 108/115/45/8
f 108/116/45/8 107/114/45/8 109/117/45/8
f 109/118/45/8 107/114/45/8 110/119/45/8
f 110/120/45/8 107/114/45/8 111/121/45/8
f 111/122/45/8 107/114/45/8 112/123/45/8
f 112/124/45/8 107/114/45/8 113/125/45/8
f 113/126/45/8 107/114/45/8 114/127/45/8
f 114/128/45/8 107/114/45/8 115/129/45/8
f 115/130/45/8 107/114/45/8 116/131/45/8
f 116/132/45/8 107/114/45/8 117/133/45/8
f 117/134/45/8 107/114/45/8 118/135/45/8
f 118/136/45/8 107/114/45/8 106/137/45/8
f 272/298/94/20 273/299/94/20 274/300/94/20
f 274/301/94/20 273/299/94/20 275/302/94/20
f 275/303/94/20 273/299/94/20 276/304/94/20
f 276/305/94/20 273/299/94/20 277/306/94/20
f 277/307/94/20 273/299/94/20 278/308/94/20
f 278/309/94/20 273/299/94/20 279/310/94/20
f 279/311/94/20 273/299/94/20 280/312/94/20
f 280/313/94/20 273/299/94/20 281/314/94/20
f 281/315/94/20 273/299/94/20 282/316/94/20
f 282/317/94/20 273/299/94/20 283/318/94/20
f 283/319/94/20 273/299/94/20 284/320/94/20
f 284/321/94/20 273/299/94/20 272/322/94/20
f 474/519/146/35 475/520/146/35 476/521/146/35
f 476/522/146/35 475/520/146/35 477/523/146/35
f 477/524/146/35 475/520/146/35 478/525/146/35
f 478/526/146/35 475/520/146/35 479/527/146/35
f 479/528/146/35 475/520/146/35 480/529/146/35
f 480/530/146/35 475/520/146/35 481/531/146/35
f 481/532/146/35 475/520/146/35 482/533/146/35
f 482/534/146/35 475/520/146/35 483/535/146/35
f 483/536/146/35 475/520/146/35 484/537/146/35
f 484/538/146/35 475/520/146/35 485/539/146/35
f 485/540/146/35 475/520/146/35 486/541/146/35
f 486/542/146/35 475/520/146/35 474/543/146/35
f 664/728/197/49 665/729/197/49 666/730/197/49
f 666/731/197/49 665/729/197/49 667/732/197/49
f 667/733/197/49 665/729/197/49 668/734/197/49
f 668/735/197/49 665/729/197/49 669/736/197/49
f 669/737/197/49 665/729/197/49 670/738/197/49
f 670/739/197/49 665/729/197/49 671/740/197/49
f 671/741/197/49 665/729/197/49 672/742/197/49
f 672/743/197/49 665/729/197/49 673/744/197/49
f 673/745/197/49 665/729/197/49 674/746/197/49
f 674/747/197/49 665/729/197/49 675/748/197/49
f 675/749/197/49 665/729/197/49 676/750/197/49
f 676/751/197/49 665/729/197/49 664/752/197/49
f 854/937/248/63 855/938/248/63 856/939/248/63
f 856/940/248/63 855/938/248/63 857/941/248/63
f 857/942/248/63 855/938/248/63 858/943/248/63
f 858/944/248/63 855/938/248/63 859/945/248/63
f 859/946/248/63 855/938/248/63 860/947/248/63
f 860/948/248/63 855/938/248/63 861/949/248/63
f 861/950/248/63 855/938/248/63 862/951/248/63
f 862/952/248/63 855/938/248/63 863/953/248/63
f 863/954/248/63 855/938/248/63 864/955/248/63
f 864/956/248/63 855/938/248/63 865/957/248/63
f 865/958/248/63 855/938/248/63 866/959/248/63
f 866/960/248/63 855/938/248/63 854/961/248/63
