mtllib Barrier-Reef_14_01.mtl
o map
v -6.0 -11.75 -0.4375
v -6.0 -10.875 -0.1875
v -14.0 -10.875 -0.1875
v -14.0 -11.75 -0.4375
v -6.0 -10.125 0.0625
v -14.0 -10.125 0.0625
v -14.0 -13.0 -0.4375
v -6.0 -13.0 -0.4375
v -6.0 -11.75 -0.4375
v -14.0 -11.75 -0.4375
v -14.0 -10.0 0.0
v -14.0 -11.0 -0.5
v -6.0 -11.0 -0.5
v -6.0 -10.0 0.0
v -14.0 -11.75 -0.5625
v -6.0 -11.75 -0.5625
v -13.0 -4.0 1.0E-6
v -14.0 -4.0 1.0E-6
v -13.0 -10.0 1.0E-6
v -14.0 -10.0 1.0E-6
v -11.0 4.0 1.0
v -14.0 4.0 1.0
v -14.0 -4.0 1.0
v -11.0 -4.0 1.0
v -11.0 8.0 1.0
v -14.0 8.0 1.0
v -14.0 4.0 1.0
v -11.0 4.0 1.0
v -12.0 14.0 1.0E-6
v -14.0 14.0 1.0E-6
v -12.0 8.0 1.0E-6
v -14.0 8.0 1.0E-6
v -14.0 15.75 -0.4375
v -14.0 14.875 -0.1875
v -6.0 14.875 -0.1875
v -6.0 15.75 -0.4375
v -14.0 14.125 0.0625
v -6.0 14.125 0.0625
v -6.0 17.0 -0.4375
v -14.0 17.0 -0.4375
v -14.0 15.75 -0.4375
v -6.0 15.75 -0.4375
v -6.0 14.0 0.0
v -6.0 15.0 -0.5
v -14.0 15.0 -0.5
v -14.0 14.0 0.0
v -6.0 15.75 -0.5625
v -14.0 15.75 -0.5625
v -9.0 -9.0 1.0E-6
v -13.0 -9.0 1.0E-6
v -9.0 -10.0 1.0E-6
v -13.0 -10.0 1.0E-6
v -5.0 -7.0 1.0
v -13.0 -7.0 1.0
v -13.0 -9.0 1.0
v -5.0 -9.0 1.0
v -10.0 -4.0 1.0
v -13.0 -4.0 1.0
v -13.0 -7.0 1.0
v -10.0 -7.0 1.0
v -9.0 12.0 1.0
v -12.0 12.0 1.0
v -12.0 8.0 1.0
v -9.0 8.0 1.0
v -7.0 14.0 1.0E-6
v -12.0 14.0 1.0E-6
v -7.0 12.0 1.0E-6
v -12.0 12.0 1.0E-6
v -10.0 4.0 2.0
v -11.0 4.0 2.0
v -11.0 -4.0 2.0
v -10.0 -4.0 2.0
v -3.0 6.0 2.0
v -11.0 6.0 2.0
v -11.0 4.0 2.0
v -3.0 4.0 2.0
v -9.0 8.0 1.0
v -11.0 8.0 1.0
v -11.0 6.0 1.0
v -9.0 6.0 1.0
v -2.0 -6.0 2.0
v -10.0 -6.0 2.0
v -10.0 -7.0 2.0
v -2.0 -7.0 2.0
v -7.0 -1.0 2.0
v -10.0 -1.0 2.0
v -10.0 -6.0 2.0
v -7.0 -6.0 2.0
v -2.0 2.0 3.0
v -10.0 2.0 3.0
v -10.0 -1.0 3.0
v -2.0 -1.0 3.0
v -7.0 4.0 2.0
v -10.0 4.0 2.0
v -10.0 2.0 2.0
v -7.0 2.0 2.0
v -1.0 -9.0 1.0
v -9.0 -9.0 1.0
v -9.0 -10.0 1.0
v -1.0 -10.0 1.0
v -3.0 11.0 2.0
v -9.0 11.0 2.0
v -9.0 6.0 2.0
v -3.0 6.0 2.0
v -1.0 12.0 1.0
v -9.0 12.0 1.0
v -9.0 11.0 1.0
v -1.0 11.0 1.0
v -2.0 -1.0 3.0
v -7.0 -1.0 3.0
v -7.0 -6.0 3.0
v -2.0 -6.0 3.0
v 1.0 3.0 3.0
v -7.0 3.0 3.0
v -7.0 2.0 3.0
v 1.0 2.0 3.0
v -2.0 4.0 3.0
v -7.0 4.0 3.0
v -7.0 3.0 3.0
v -2.0 3.0 3.0
v 1.0 14.0 1.0
v -7.0 14.0 1.0
v -7.0 12.0 1.0
v 1.0 12.0 1.0
v -5.0 -11.75 -0.4375
v -5.0 -10.875 -0.1875
v -6.0 -10.875 -0.1875
v -6.0 -11.75 -0.4375
v -5.0 -10.125 0.0625
v -6.0 -10.125 0.0625
v -6.0 -13.0 -0.4375
v -5.0 -13.0 -0.4375
v -5.0 -11.75 -0.4375
v -6.0 -11.75 -0.4375
v -6.0 -10.0 0.0
v -6.0 -11.0 -0.5
v -5.0 -11.0 -0.5
v -5.0 -10.0 0.0
v -6.0 -11.75 -0.5625
v -5.0 -11.75 -0.5625
v -6.0 15.75 -0.4375
v -6.0 14.875 -0.1875
v 2.0 14.875 -0.1875
v 2.0 15.75 -0.4375
v -6.0 14.125 0.0625
v 2.0 14.125 0.0625
v 2.0 17.0 -0.4375
v -6.0 17.0 -0.4375
v -6.0 15.75 -0.4375
v 2.0 15.75 -0.4375
v 2.0 14.0 0.0
v 2.0 15.0 -0.5
v -6.0 15.0 -0.5
v -6.0 14.0 0.0
v 2.0 15.75 -0.5625
v -6.0 15.75 -0.5625
v -3.75 -16.0 -0.4375
v -2.875 -16.0 -0.1875
v -2.875 -13.0 -0.1875
v -3.75 -13.0 -0.4375
v -2.125 -16.0 0.0625
v -2.125 -13.0 0.0625
v -5.0 -13.0 -0.4375
v -5.0 -16.0 -0.4375
v -3.75 -16.0 -0.4375
v -3.75 -13.0 -0.4375
v -2.0 -13.0 0.0
v -3.0 -13.0 -0.5
v -3.0 -16.0 -0.5
v -2.0 -16.0 0.0
v -3.75 -13.0 -0.5625
v -3.75 -16.0 -0.5625
v -5.0 -13.0 -0.4375
v -3.75 -13.0 -0.4375
v -3.75 -11.75 -0.4375
v -5.0 -13.0 -0.4375
v -3.75 -11.75 -0.4375
v -5.0 -11.75 -0.4375
v -2.0 -13.0 0.0
v -2.0 -10.0 0.0
v -3.0 -13.0 -0.5
v -3.0 -11.0 -0.5
v -3.75 -13.0 -0.5625
v -3.75 -11.75 -0.5625
v -2.0 -10.0 0.0
v -5.0 -10.0 0.0
v -3.0 -11.0 -0.5
v -5.0 -11.0 -0.5
v -5.0 -11.75 -0.5625
v -3.75 -11.75 -0.5625
v -2.875 -10.875 -0.1875
v -5.0 -10.125 0.0625
v -5.0 -10.875 -0.1875
v -3.75 -11.75 -0.4375
v -3.75 -11.75 -0.4375
v -3.75 -13.0 -0.4375
v -2.875 -10.875 -0.1875
v -2.875 -13.0 -0.1875
v -2.125 -10.125 0.0625
v -2.125 -13.0 0.0625
v -5.0 -11.75 -0.4375
v -2.125 -10.125 0.0625
v 3.0 -7.0 2.0
v -5.0 -7.0 2.0
v -5.0 -9.0 2.0
v 3.0 -9.0 2.0
v -2.0 9.0 3.0
v -3.0 9.0 3.0
v -3.0 4.0 3.0
v -2.0 4.0 3.0
v 5.0 10.0 2.0
v -3.0 10.0 2.0
v -3.0 9.0 2.0
v 5.0 9.0 2.0
v 1.0 11.0 2.0
v -3.0 11.0 2.0
v -3.0 10.0 2.0
v 1.0 10.0 2.0
v 1.0 -10.0 1.0
v -2.0 -10.0 1.0
v -2.0 -16.0 1.0
v 1.0 -16.0 1.0
v 5.0 -2.0 2.0
v -2.0 -2.0 2.0
v -2.0 -7.0 2.0
v 5.0 -7.0 2.0
v 5.0 2.0 3.0
v -2.0 2.0 3.0
v -2.0 -2.0 3.0
v 5.0 -2.0 3.0
v 1.0 6.0 4.0
v -2.0 6.0 4.0
v -2.0 3.0 4.0
v 1.0 3.0 4.0
v 2.0 7.0 3.0
v -2.0 7.0 3.0
v -2.0 6.0 3.0
v 2.0 6.0 3.0
v 1.0 9.0 3.0
v -2.0 9.0 3.0
v -2.0 7.0 3.0
v 1.0 7.0 3.0
v 7.0 -9.0 1.0
v -1.0 -9.0 1.0
v -1.0 -10.0 1.0
v 7.0 -10.0 1.0
v 7.0 12.0 1.0
v -1.0 12.0 1.0
v -1.0 11.0 1.0
v 7.0 11.0 1.0
v 2.75 -13.0 -0.4375
v 1.875 -13.0 -0.1875
v 1.875 -16.0 -0.1875
v 2.75 -16.0 -0.4375
v 1.125 -13.0 0.0625
v 1.125 -16.0 0.0625
v 4.0 -16.0 -0.4375
v 4.0 -13.0 -0.4375
v 2.75 -13.0 -0.4375
v 2.75 -16.0 -0.4375
v 1.0 -16.0 0.0
v 2.0 -16.0 -0.5
v 2.0 -13.0 -0.5
v 1.0 -13.0 0.0
v 2.75 -16.0 -0.5625
v 2.75 -13.0 -0.5625
v 4.0 -13.0 -0.4375
v 4.0 -11.75 -0.4375
v 2.75 -11.75 -0.4375
v 4.0 -13.0 -0.4375
v 2.75 -11.75 -0.4375
v 2.75 -13.0 -0.4375
v 4.0 -10.0 0.0
v 1.0 -10.0 0.0
v 4.0 -11.0 -0.5
v 2.0 -11.0 -0.5
v 4.0 -11.75 -0.5625
v 2.75 -11.75 -0.5625
v 1.0 -10.0 0.0
v 1.0 -13.0 0.0
v 2.0 -11.0 -0.5
v 2.0 -13.0 -0.5
v 2.75 -13.0 -0.5625
v 2.75 -11.75 -0.5625
v 1.875 -10.875 -0.1875
v 1.125 -13.0 0.0625
v 1.875 -13.0 -0.1875
v 2.75 -11.75 -0.4375
v 2.75 -11.75 -0.4375
v 4.0 -11.75 -0.4375
v 1.875 -10.875 -0.1875
v 4.0 -10.875 -0.1875
v 1.125 -10.125 0.0625
v 4.0 -10.125 0.0625
v 2.75 -13.0 -0.4375
v 1.125 -10.125 0.0625
v 2.0 6.0 3.0
v 1.0 6.0 3.0
v 1.0 2.0 3.0
v 2.0 2.0 3.0
v 8.0 9.0 2.0
v 1.0 9.0 2.0
v 1.0 7.0 2.0
v 8.0 7.0 2.0
v 9.0 11.0 1.0
v 1.0 11.0 1.0
v 1.0 10.0 1.0
v 9.0 10.0 1.0
v 5.0 14.0 1.0
v 1.0 14.0 1.0
v 1.0 12.0 1.0
v 5.0 12.0 1.0
v 5.0 5.0 3.0
v 2.0 5.0 3.0
v 2.0 2.0 3.0
v 5.0 2.0 3.0
v 8.0 7.0 2.0
v 2.0 7.0 2.0
v 2.0 5.0 2.0
v 8.0 5.0 2.0
v 2.0 15.75 -0.4375
v 2.0 14.875 -0.1875
v 10.0 14.875 -0.1875
v 10.0 15.75 -0.4375
v 2.0 14.125 0.0625
v 10.0 14.125 0.0625
v 10.0 17.0 -0.4375
v 2.0 17.0 -0.4375
v 2.0 15.75 -0.4375
v 10.0 15.75 -0.4375
v 10.0 14.0 0.0
v 10.0 15.0 -0.5
v 2.0 15.0 -0.5
v 2.0 14.0 0.0
v 10.0 15.75 -0.5625
v 2.0 15.75 -0.5625
v 5.0 -7.0 2.0
v 3.0 -7.0 2.0
v 3.0 -9.0 2.0
v 5.0 -9.0 2.0
v 7.0 -11.75 -0.4375
v 7.0 -10.875 -0.1875
v 4.0 -10.875 -0.1875
v 4.0 -11.75 -0.4375
v 7.0 -10.125 0.0625
v 4.0 -10.125 0.0625
v 4.0 -13.0 -0.4375
v 7.0 -13.0 -0.4375
v 7.0 -11.75 -0.4375
v 4.0 -11.75 -0.4375
v 4.0 -10.0 0.0
v 4.0 -11.0 -0.5
v 7.0 -11.0 -0.5
v 7.0 -10.0 0.0
v 4.0 -11.75 -0.5625
v 7.0 -11.75 -0.5625
v 7.0 -3.0 1.0
v 5.0 -3.0 1.0
v 5.0 -9.0 1.0
v 7.0 -9.0 1.0
v 8.0 5.0 2.0
v 5.0 5.0 2.0
v 5.0 -3.0 2.0
v 8.0 -3.0 2.0
v 8.0 10.0 2.0
v 5.0 10.0 2.0
v 5.0 9.0 2.0
v 8.0 9.0 2.0
v 13.0 14.0 1.0E-6
v 5.0 14.0 1.0E-6
v 13.0 12.0 1.0E-6
v 5.0 12.0 1.0E-6
v 7.0 -11.75 -0.437501
v 8.25 -11.25 -0.437501
v 7.0 -10.875 -0.187501
v 7.875 -10.0 -0.1875
v 7.125 -10.0 0.0625
v 7.0 -10.125 0.062498987
v 7.0 -10.875 -0.187501
v 7.875 -10.0 -0.1875
v 7.875 -10.0 -0.1875
v 8.25 -11.25 -0.437501
v 8.75 -10.0 -0.4375
v 8.25 -11.25 -0.437501
v 7.0 -11.75 -0.437501
v 7.0 -13.0 -0.437501
v 9.5 -12.5 -0.437501
v 8.75 -10.0 -0.4375
v 10.0 -10.0 -0.4375
v 7.0 -11.0 -0.500001
v 7.0 -11.75 -0.562501
v 8.75 -10.0 -0.5625
v 8.0 -10.0 -0.5
v 7.0 -10.0 0.0
v 7.0 -11.0 -0.500001
v 8.0 -10.0 -0.5
v 8.75 -10.0 -0.5625
v 7.0 -11.75 -0.562501
v 8.25 -11.25 -0.562501
v 8.75 -9.0 -0.4375
v 7.875 -9.0 -0.1875
v 7.875 -10.0 -0.1875
v 8.75 -10.0 -0.4375
v 7.125 -9.0 0.0625
v 7.125 -10.0 0.0625
v 10.0 -10.0 -0.4375
v 10.0 -9.0 -0.4375
v 8.75 -9.0 -0.4375
v 8.75 -10.0 -0.4375
v 7.0 -10.0 0.0
v 8.0 -10.0 -0.5
v 8.0 -9.0 -0.5
v 7.0 -9.0 0.0
v 8.75 -10.0 -0.5625
v 8.75 -9.0 -0.5625
v 10.0 -9.0 -0.4375
v 10.0 -7.75 -0.4375
v 8.75 -7.75 -0.4375
v 10.0 -9.0 -0.4375
v 8.75 -7.75 -0.4375
v 8.75 -9.0 -0.4375
v 10.0 -6.0 0.0
v 7.0 -6.0 0.0
v 10.0 -7.0 -0.5
v 8.0 -7.0 -0.5
v 10.0 -7.75 -0.5625
v 8.75 -7.75 -0.5625
v 7.0 -6.0 0.0
v 7.0 -9.0 0.0
v 8.0 -7.0 -0.5
v 8.0 -9.0 -0.5
v 8.75 -9.0 -0.5625
v 8.75 -7.75 -0.5625
v 7.875 -6.875 -0.1875
v 7.125 -9.0 0.0625
v 7.875 -9.0 -0.1875
v 8.75 -7.75 -0.4375
v 8.75 -7.75 -0.4375
v 10.0 -7.75 -0.4375
v 7.875 -6.875 -0.1875
v 10.0 -6.875 -0.1875
v 7.125 -6.125 0.0625
v 10.0 -6.125 0.0625
v 8.75 -9.0 -0.4375
v 7.125 -6.125 0.0625
v 11.0 -3.0 1.0
v 7.0 -3.0 1.0
v 7.0 -6.0 1.0
v 11.0 -6.0 1.0
v 11.0 12.0 1.0
v 7.0 12.0 1.0
v 7.0 11.0 1.0
v 11.0 11.0 1.0
v 10.0 4.0 2.0
v 8.0 4.0 2.0
v 8.0 -3.0 2.0
v 10.0 -3.0 2.0
v 11.0 10.0 1.0
v 8.0 10.0 1.0
v 8.0 4.0 1.0
v 11.0 4.0 1.0
v 11.0 11.0 1.0
v 9.0 11.0 1.0
v 9.0 10.0 1.0
v 11.0 10.0 1.0
v 13.0 -7.75 -0.4375
v 13.0 -6.875 -0.1875
v 10.0 -6.875 -0.1875
v 10.0 -7.75 -0.4375
v 13.0 -6.125 0.0625
v 10.0 -6.125 0.0625
v 10.0 -9.0 -0.4375
v 13.0 -9.0 -0.4375
v 13.0 -7.75 -0.4375
v 10.0 -7.75 -0.4375
v 10.0 -6.0 0.0
v 10.0 -7.0 -0.5
v 13.0 -7.0 -0.5
v 13.0 -6.0 0.0
v 10.0 -7.75 -0.5625
v 13.0 -7.75 -0.5625
v 11.0 4.0 1.0
v 10.0 4.0 1.0
v 10.0 -3.0 1.0
v 11.0 -3.0 1.0
v 10.0 15.75 -0.4375
v 10.0 14.875 -0.1875
v 13.0 14.875 -0.1875
v 13.0 15.75 -0.4375
v 10.0 14.125 0.0625
v 13.0 14.125 0.0625
v 13.0 17.0 -0.4375
v 10.0 17.0 -0.4375
v 10.0 15.75 -0.4375
v 13.0 15.75 -0.4375
v 13.0 14.0 0.0
v 13.0 15.0 -0.5
v 10.0 15.0 -0.5
v 10.0 14.0 0.0
v 13.0 15.75 -0.5625
v 10.0 15.75 -0.5625
v 13.0 -1.0 1.0E-6
v 11.0 -1.0 1.0E-6
v 13.0 -6.0 1.0E-6
v 11.0 -6.0 1.0E-6
v 13.0 7.0 1.0
v 11.0 7.0 1.0
v 11.0 -1.0 1.0
v 13.0 -1.0 1.0
v 13.0 8.0 1.0
v 11.0 8.0 1.0
v 11.0 7.0 1.0
v 13.0 7.0 1.0
v 13.0 12.0 1.0E-6
v 11.0 12.0 1.0E-6
v 13.0 8.0 1.0E-6
v 11.0 8.0 1.0E-6
v 13.0 -7.75 -0.437501
v 14.25 -7.25 -0.437501
v 13.0 -6.875 -0.187501
v 13.875 -6.0 -0.1875
v 13.125 -6.0 0.0625
v 13.0 -6.125 0.062498987
v 13.0 -6.875 -0.187501
v 13.875 -6.0 -0.1875
v 13.875 -6.0 -0.1875
v 14.25 -7.25 -0.437501
v 14.75 -6.0 -0.4375
v 14.25 -7.25 -0.437501
v 13.0 -7.75 -0.437501
v 13.0 -9.0 -0.437501
v 15.5 -8.5 -0.437501
v 14.75 -6.0 -0.4375
v 16.0 -6.0 -0.4375
v 13.0 -7.0 -0.500001
v 13.0 -7.75 -0.562501
v 14.75 -6.0 -0.5625
v 14.0 -6.0 -0.5
v 13.0 -6.0 0.0
v 13.0 -7.0 -0.500001
v 14.0 -6.0 -0.5
v 14.75 -6.0 -0.5625
v 13.0 -7.75 -0.562501
v 14.25 -7.25 -0.562501
v 14.75 2.0 -0.4375
v 13.875 2.0 -0.1875
v 13.875 -6.0 -0.1875
v 14.75 -6.0 -0.4375
v 13.125 2.0 0.0625
v 13.125 -6.0 0.0625
v 16.0 -6.0 -0.4375
v 16.0 2.0 -0.4375
v 14.75 2.0 -0.4375
v 14.75 -6.0 -0.4375
v 13.0 -6.0 0.0
v 14.0 -6.0 -0.5
v 14.0 2.0 -0.5
v 13.0 2.0 0.0
v 14.75 -6.0 -0.5625
v 14.75 2.0 -0.5625
v 14.75 10.0 -0.4375
v 13.875 10.0 -0.1875
v 13.875 2.0 -0.1875
v 14.75 2.0 -0.4375
v 13.125 10.0 0.0625
v 13.125 2.0 0.0625
v 16.0 2.0 -0.4375
v 16.0 10.0 -0.4375
v 14.75 10.0 -0.4375
v 14.75 2.0 -0.4375
v 13.0 2.0 0.0
v 14.0 2.0 -0.5
v 14.0 10.0 -0.5
v 13.0 10.0 0.0
v 14.75 2.0 -0.5625
v 14.75 10.0 -0.5625
v 14.75 14.0 -0.4375
v 13.875 14.0 -0.1875
v 13.875 10.0 -0.1875
v 14.75 10.0 -0.4375
v 13.125 14.0 0.0625
v 13.125 10.0 0.0625
v 16.0 10.0 -0.4375
v 16.0 14.0 -0.4375
v 14.75 14.0 -0.4375
v 14.75 10.0 -0.4375
v 13.0 10.0 0.0
v 14.0 10.0 -0.5
v 14.0 14.0 -0.5
v 13.0 14.0 0.0
v 14.75 10.0 -0.5625
v 14.75 14.0 -0.5625
v 14.75 14.0 -0.437501
v 14.25 15.25 -0.437501
v 13.875 14.0 -0.187501
v 13.0 14.875 -0.1875
v 13.0 14.125 0.0625
v 13.125 14.0 0.062498987
v 13.875 14.0 -0.187501
v 13.0 14.875 -0.1875
v 13.0 14.875 -0.1875
v 14.25 15.25 -0.437501
v 13.0 15.75 -0.4375
v 14.25 15.25 -0.437501
v 14.75 14.0 -0.437501
v 16.0 14.0 -0.437501
v 15.5 16.5 -0.437501
v 13.0 15.75 -0.4375
v 13.0 17.0 -0.4375
v 14.0 14.0 -0.500001
v 14.75 14.0 -0.562501
v 13.0 15.75 -0.5625
v 13.0 15.0 -0.5
v 13.0 14.0 0.0
v 14.0 14.0 -0.500001
v 13.0 15.0 -0.5
v 13.0 15.75 -0.5625
v 14.75 14.0 -0.562501
v 14.25 15.25 -0.562501
v -14.501172 -3.9980469 0.75
v -14.751172 -4.748047 0.0
v -14.001172 -4.498047 0.75
v -15.001172 -3.9980469 0.0
v -14.001172 -4.998047 0.0
v -14.001172 -3.9980469 1.0
v -14.5 4.0 0.75
v -15.0 4.0 0.0
v -15.0 -4.0 0.0
v -14.500001 -4.0 0.75
v -14.0 4.0 1.0
v -14.0 -4.0 1.0
v -14.5 8.0 0.75
v -15.0 8.0 0.0
v -15.0 4.0 0.0
v -14.500001 4.0 0.75
v -14.0 8.0 1.0
v -14.0 4.0 1.0
v -13.998047 8.501172 0.75
v -14.748047 8.751172 0.0
v -14.498047 8.001172 0.75
v -13.998047 9.001172 0.0
v -14.998047 8.001172 0.0
v -13.998047 8.001172 1.0
v -13.501172 -8.998047 0.75
v -13.751172 -9.748047 0.0
v -13.001172 -9.498047 0.75
v -14.001172 -8.998047 0.0
v -13.001172 -9.998047 0.0
v -13.001172 -8.998047 1.0
v -13.5 -5.0 0.75
v -14.0 -5.0 0.0
v -14.0 -9.0 0.0
v -13.500001 -9.0 0.75
v -13.0 -5.0 1.0
v -13.0 -9.0 1.0
v -13.501563 -3.9980469 0.75
v -14.001563 -3.9980469 0.0
v -14.001563 -4.998047 0.0
v -13.501563 -4.998047 0.75
v -14.001563 -4.498047 0.75
v -13.001563 -4.998047 0.0
v -13.001563 -4.498048 0.75
v -13.001563 -3.9980469 1.0
v -13.001563 -4.998047 1.0
v -14.001563 -3.9980469 1.0
v -13.0 8.5 0.75
v -13.0 9.0 0.0
v -14.0 9.0 0.0
v -14.0 8.500001 0.75
v -13.0 8.0 1.0
v -14.0 8.0 1.0
v -13.0 -9.5 0.75
v -13.0 -10.0 0.0
v -10.0 -10.0 0.0
v -13.0 -9.0 1.0
v -10.0 -9.0 1.0
v -10.0 -9.500001 0.75
v -11.998047 8.501563 0.75
v -11.998047 9.001563 0.0
v -12.998047 9.001563 0.0
v -12.998047 8.501563 0.75
v -12.498047 9.001563 0.75
v -12.998047 8.001563 0.0
v -12.498048 8.001563 0.75
v -11.998047 8.001563 1.0
v -12.998047 8.001563 1.0
v -11.998047 9.001563 1.0
v -12.5 12.0 0.75
v -13.0 12.0 0.0
v -13.0 9.0 0.0
v -12.500001 9.0 0.75
v -12.0 12.0 1.0
v -12.0 9.0 1.0
v -11.998047 12.501172 0.75
v -12.748047 12.751172 0.0
v -12.498047 12.001172 0.75
v -11.998047 13.001172 0.0
v -12.998047 12.001172 0.0
v -11.998047 12.001172 1.0
v -11.501172 -3.9980469 1.75
v -11.751172 -4.748047 1.0
v -11.001172 -4.498047 1.75
v -12.001172 -3.9980469 1.0
v -11.001172 -4.998047 1.0
v -11.001172 -3.9980469 2.0
v -11.5 4.0 1.75
v -12.0 4.0 1.0
v -12.0 -4.0 1.0
v -11.500001 -4.0 1.75
v -11.0 4.0 2.0
v -11.0 -4.0 2.0
v -11.5 6.0 1.75
v -12.0 6.0 1.0
v -12.0 4.0 1.0
v -11.500001 4.0 1.75
v -11.0 6.0 2.0
v -11.0 4.0 2.0
v -10.998047 6.501172 1.75
v -11.748047 6.751172 1.0
v -11.498047 6.001172 1.75
v -10.998047 7.001172 1.0
v -11.998047 6.001172 1.0
v -10.998047 6.001172 2.0
v -8.0 12.5 0.75
v -8.0 13.0 0.0
v -12.0 13.0 0.0
v -12.0 12.500001 0.75
v -8.0 12.0 1.0
v -12.0 12.0 1.0
v -10.501172 -6.998047 1.75
v -10.751172 -7.748047 1.0
v -10.001172 -7.498047 1.75
v -11.001172 -6.998047 1.0
v -10.001172 -7.998047 1.0
v -10.001172 -6.998047 2.0
v -10.5 -5.0 1.75
v -11.0 -5.0 1.0
v -11.0 -7.0 1.0
v -10.500001 -7.0 1.75
v -10.0 -5.0 2.0
v -10.0 -7.0 2.0
v -10.501563 -3.9980469 1.75
v -11.001563 -3.9980469 1.0
v -11.001563 -4.998047 1.0
v -10.501563 -4.998047 1.75
v -11.001563 -4.498047 1.75
v -10.001563 -4.998047 1.0
v -10.001563 -4.498048 1.75
v -10.001563 -3.9980469 2.0
v -10.001563 -4.998047 2.0
v -11.001563 -3.9980469 2.0
v -10.501172 -0.998047 2.75
v -10.751172 -1.748047 2.0
v -10.001172 -1.498047 2.75
v -11.001172 -0.998047 2.0
v -10.001172 -1.998047 2.0
v -10.001172 -0.998047 3.0
v -10.5 2.0 2.75
v -11.0 2.0 2.0
v -11.0 -1.0 2.0
v -10.500001 -1.0 2.75
v -10.0 2.0 3.0
v -10.0 -1.0 3.0
v -9.998047 2.501172 2.75
v -10.748047 2.751172 2.0
v -10.498047 2.001172 2.75
v -9.998047 3.001172 2.0
v -10.998047 2.001172 2.0
v -9.998047 2.001172 3.0
v -10.0 6.5 1.75
v -10.0 7.0 1.0
v -11.0 7.0 1.0
v -11.0 6.500001 1.75
v -10.0 6.0 2.0
v -11.0 6.0 2.0
v -9.501172 -9.998047 0.75
v -9.751172 -10.748047 0.0
v -9.001172 -10.498047 0.75
v -10.001172 -9.998047 0.0
v -9.001172 -10.998047 0.0
v -9.001172 -9.998047 1.0
v -9.501563 -8.998047 0.75
v -10.001563 -8.998047 0.0
v -10.001563 -9.998047 0.0
v -9.501563 -9.998047 0.75
v -10.001563 -9.498047 0.75
v -9.001563 -9.998047 0.0
v -9.001563 -9.498048 0.75
v -9.001563 -8.998047 1.0
v -9.001563 -9.998047 1.0
v -10.001563 -8.998047 1.0
v -10.0 -7.5 1.75
v -10.0 -8.0 1.0
v -6.0 -8.0 1.0
v -10.0 -7.0 2.0
v -6.0 -7.0 2.0
v -6.0 -7.500001 1.75
v -10.0 -1.5 2.75
v -10.0 -2.0 2.0
v -8.0 -2.0 2.0
v -10.0 -1.0 3.0
v -8.0 -1.0 3.0
v -8.0 -1.500001 2.75
v -8.0 2.5 2.75
v -8.0 3.0 2.0
v -10.0 3.0 2.0
v -10.0 2.500001 2.75
v -8.0 2.0 3.0
v -10.0 2.0 3.0
v -8.998047 6.501563 1.75
v -8.998047 7.001563 1.0
v -9.998047 7.001563 1.0
v -9.998047 6.501563 1.75
v -9.498047 7.001563 1.75
v -9.998047 6.001563 1.0
v -9.498048 6.001563 1.75
v -8.998047 6.001563 2.0
v -9.998047 6.001563 2.0
v -8.998047 7.001563 2.0
v -9.5 11.0 1.75
v -10.0 11.0 1.0
v -10.0 7.0 1.0
v -9.500001 7.0 1.75
v -9.0 11.0 2.0
v -9.0 7.0 2.0
v -8.998047 11.501172 1.75
v -9.748047 11.751172 1.0
v -9.498047 11.001172 1.75
v -8.998047 12.001172 1.0
v -9.998047 11.001172 1.0
v -8.998047 11.001172 2.0
v -9.0 -10.5 0.75
v -9.0 -11.0 0.0
v -3.0 -11.0 0.0
v -9.0 -10.0 1.0
v -3.0 -10.0 1.0
v -3.0 -10.500001 0.75
v -1.0 11.5 1.75
v -1.0 12.0 1.0
v -9.0 12.0 1.0
v -9.0 11.500001 1.75
v -1.0 11.0 2.0
v -9.0 11.0 2.0
v -7.501172 -5.998047 2.75
v -7.751172 -6.748047 2.0
v -7.001172 -6.498047 2.75
v -8.001172 -5.998047 2.0
v -7.001172 -6.998047 2.0
v -7.001172 -5.998047 3.0
v -7.5 -2.0 2.75
v -8.0 -2.0 2.0
v -8.0 -6.0 2.0
v -7.500001 -6.0 2.75
v -7.0 -2.0 3.0
v -7.0 -6.0 3.0
v -7.501563 -0.998047 2.75
v -8.001563 -0.998047 2.0
v -8.001563 -1.998047 2.0
v -7.501563 -1.998047 2.75
v -8.001563 -1.498047 2.75
v -7.001563 -1.998047 2.0
v -7.001563 -1.4980481 2.75
v -7.001563 -0.998047 3.0
v -7.001563 -1.998047 3.0
v -8.001563 -0.998047 3.0
v -6.998047 2.501563 2.75
v -6.998047 3.001563 2.0
v -7.998047 3.001563 2.0
v -7.998047 2.501563 2.75
v -7.498047 3.001563 2.75
v -7.998047 2.001563 2.0
v -7.498048 2.001563 2.75
v -6.998047 2.001563 3.0
v -7.998047 2.001563 3.0
v -6.998047 3.001563 3.0
v -7.5 4.0 2.75
v -8.0 4.0 2.0
v -8.0 3.0 2.0
v -7.500001 3.0 2.75
v -7.0 4.0 3.0
v -7.0 3.0 3.0
v -6.998047 4.501172 2.75
v -7.748047 4.751172 2.0
v -7.498047 4.001172 2.75
v -6.998047 5.001172 2.0
v -7.998047 4.001172 2.0
v -6.998047 4.001172 3.0
v -6.998047 12.501563 0.75
v -6.998047 13.001563 0.0
v -7.998047 13.001563 0.0
v -7.998047 12.501563 0.75
v -7.498047 13.001563 0.75
v -7.998047 12.001563 0.0
v -7.498048 12.001563 0.75
v -6.998047 12.001563 1.0
v -7.998047 12.001563 1.0
v -6.998047 13.001563 1.0
v -7.5 14.0 0.75
v -8.0 14.0 0.0
v -8.0 13.0 0.0
v -7.500001 13.0 0.75
v -7.0 14.0 1.0
v -7.0 13.0 1.0
v -6.998047 14.501172 0.75
v -7.748047 14.751172 0.0
v -7.498047 14.001172 0.75
v -6.998047 15.001172 0.0
v -7.998047 14.001172 0.0
v -6.998047 14.001172 1.0
v -7.0 -6.5 2.75
v -7.0 -7.0 2.0
v -2.0 -7.0 2.0
v -7.0 -6.0 3.0
v -2.0 -6.0 3.0
v -2.0 -6.500001 2.75
v -4.0 4.5 2.75
v -4.0 5.0 2.0
v -7.0 5.0 2.0
v -7.0 4.500001 2.75
v -4.0 4.0 3.0
v -7.0 4.0 3.0
v 1.0 14.5 0.75
v 1.0 15.0 0.0
v -7.0 15.0 0.0
v -7.0 14.500001 0.75
v 1.0 14.0 1.0
v -7.0 14.0 1.0
v -5.501172 -8.998047 1.75
v -5.751172 -9.748047 1.0
v -5.001172 -9.498047 1.75
v -6.001172 -8.998047 1.0
v -5.001172 -9.998047 1.0
v -5.001172 -8.998047 2.0
v -5.5 -8.0 1.75
v -6.0 -8.0 1.0
v -6.0 -9.0 1.0
v -5.500001 -9.0 1.75
v -5.0 -8.0 2.0
v -5.0 -9.0 2.0
v -5.501563 -6.998047 1.75
v -6.001563 -6.998047 1.0
v -6.001563 -7.998047 1.0
v -5.501563 -7.998047 1.75
v -6.001563 -7.498047 1.75
v -5.001563 -7.998047 1.0
v -5.001563 -7.498048 1.75
v -5.001563 -6.998047 2.0
v -5.001563 -7.998047 2.0
v -6.001563 -6.998047 2.0
v -5.0 -9.5 1.75
v -5.0 -10.0 1.0
v -2.0 -10.0 1.0
v -5.0 -9.0 2.0
v -2.0 -9.0 2.0
v -2.0 -9.500001 1.75
v -2.9980469 4.501563 2.75
v -2.9980469 5.001563 2.0
v -3.9980469 5.001563 2.0
v -3.9980469 4.501563 2.75
v -3.4980469 5.001563 2.75
v -3.9980469 4.001563 2.0
v -3.498048 4.001563 2.75
v -2.9980469 4.001563 3.0
v -3.9980469 4.001563 3.0
v -2.9980469 5.001563 3.0
v -3.5 9.0 2.75
v -4.0 9.0 2.0
v -4.0 5.0 2.0
v -3.500001 5.0 2.75
v -3.0 9.0 3.0
v -3.0 5.0 3.0
v -2.9980469 9.501172 2.75
v -3.7480469 9.751172 2.0
v -3.4980469 9.001172 2.75
v -2.9980469 10.001172 2.0
v -3.9980469 9.001172 2.0
v -2.9980469 9.001172 3.0
v -2.5 -11.0 0.75
v -3.0 -11.0 0.0
v -3.0 -16.0 0.0
v -2.500001 -16.0 0.75
v -2.0 -11.0 1.0
v -2.0 -16.0 1.0
v -2.501563 -9.998047 0.75
v -3.001563 -9.998047 0.0
v -3.001563 -10.998047 0.0
v -2.501563 -10.998047 0.75
v -3.001563 -10.498047 0.75
v -2.001563 -10.998047 0.0
v -2.001563 -10.498048 0.75
v -2.001563 -9.998047 1.0
v -2.001563 -10.998047 1.0
v -3.001563 -9.998047 1.0
v -2.501172 3.0019531 3.75
v -2.751172 2.2519531 3.0
v -2.001172 2.5019531 3.75
v -3.001172 3.0019531 3.0
v -2.001172 2.0019531 3.0
v -2.001172 3.0019531 4.0
v -2.5 6.0 3.75
v -3.0 6.0 3.0
v -3.0 3.0 3.0
v -2.500001 3.0 3.75
v -2.0 6.0 4.0
v -2.0 3.0 4.0
v -1.998047 6.501172 3.75
v -2.7480469 6.751172 3.0
v -2.4980469 6.001172 3.75
v -1.998047 7.001172 3.0
v -2.9980469 6.001172 3.0
v -1.998047 6.001172 4.0
v 1.0 9.5 2.75
v 1.0 10.0 2.0
v -3.0 10.0 2.0
v -3.0 9.500001 2.75
v 1.0 9.0 3.0
v -3.0 9.0 3.0
v 0.875 -10.21875 1.112501
v 1.0 -10.21875 1.112501
v 1.0 -9.15625 2.1750011
v 0.875 -9.15625 2.1750011
v -2.0 -8.5 2.050002
v -2.0 -9.15625 2.175002
v -1.875 -9.15625 2.175002
v -1.875 -8.5 2.050002
v 0.875 -8.5 2.0500011
v -0.5 -8.5 2.050002
v -0.5 -9.0 2.050002
v 0.875 -9.0 2.0500011
v 0.875 -9.0 2.0500011
v -0.5 -9.0 2.050002
v -0.5 -10.0 1.050002
v 0.875 -10.0 1.050001
v 0.875 -9.5625 0.987501
v 0.875 -10.21875 1.112501
v 0.875 -9.15625 2.1750011
v 0.875 -8.5 2.0500011
v 1.0 -10.21875 1.112501
v 1.0 -9.5625 0.987501
v 1.0 -8.5 2.0500011
v 1.0 -9.15625 2.1750011
v 0.875 -8.5 2.0500011
v 0.875 -9.15625 2.1750011
v 1.0 -9.15625 2.1750011
v 1.0 -8.5 2.0500011
v -1.875 -9.15625 2.175002
v -2.0 -9.15625 2.175002
v -2.0 -10.21875 1.112502
v -1.875 -10.21875 1.112502
v -2.0 -9.15625 2.175002
v -2.0 -8.5 2.050002
v -2.0 -9.5625 0.987502
v -2.0 -10.21875 1.112502
v -1.875 -8.5 2.050002
v -1.875 -9.15625 2.175002
v -1.875 -10.21875 1.112502
v -1.875 -9.5625 0.987502
v -1.875 -9.0 2.050002
v -1.875 -10.0 1.050002
v -1.875 -8.5 2.050002
v -1.875 -9.0 2.050002
v -2.0019531 -6.501172 2.75
v -1.251953 -6.751172 2.0
v -1.501953 -6.001172 2.75
v -2.0019531 -7.001172 2.0
v -1.001953 -6.001172 2.0
v -2.0019531 -6.001172 3.0
v -1.5 -6.0 2.75
v -1.0 -6.0 2.0
v -1.0 -3.0 2.0
v -1.499999 -3.0 2.75
v -2.0 -6.0 3.0
v -2.0 -3.0 3.0
v -2.0019531 -2.501563 2.75
v -2.0019531 -3.001563 2.0
v -1.001953 -3.001563 2.0
v -1.001953 -2.501563 2.75
v -1.501953 -3.001563 2.75
v -1.001953 -2.001563 2.0
v -1.5019519 -2.001563 2.75
v -2.0019531 -2.001563 3.0
v -1.001953 -2.001563 3.0
v -2.0019531 -3.001563 3.0
v 0.875 1.78125 3.1125011
v 1.0 1.78125 3.1125011
v 1.0 2.84375 4.175001
v 0.875 2.84375 4.175001
v -2.0 3.5 4.050002
v -2.0 2.84375 4.175002
v -1.875 2.84375 4.175002
v -1.875 3.5 4.050002
v 0.875 3.5 4.050001
v -0.5 3.5 4.050002
v -0.5 3.0 4.050002
v 0.875 3.0 4.050001
v 0.875 3.0 4.050001
v -0.5 3.0 4.050002
v -0.5 2.0 3.050002
v 0.875 2.0 3.0500011
v 0.875 2.4375 2.9875011
v 0.875 1.78125 3.1125011
v 0.875 2.84375 4.175001
v 0.875 3.5 4.050001
v 1.0 1.78125 3.1125011
v 1.0 2.4375 2.9875011
v 1.0 3.5 4.050001
v 1.0 2.84375 4.175001
v 0.875 3.5 4.050001
v 0.875 2.84375 4.175001
v 1.0 2.84375 4.175001
v 1.0 3.5 4.050001
v -1.875 2.84375 4.175002
v -2.0 2.84375 4.175002
v -2.0 1.78125 3.112502
v -1.875 1.78125 3.112502
v -2.0 2.84375 4.175002
v -2.0 3.5 4.050002
v -2.0 2.4375 2.987502
v -2.0 1.78125 3.112502
v -1.875 3.5 4.050002
v -1.875 2.84375 4.175002
v -1.875 1.78125 3.112502
v -1.875 2.4375 2.987502
v -1.875 3.0 4.050002
v -1.875 2.0 3.050002
v -1.875 3.5 4.050002
v -1.875 3.0 4.050002
v 1.0 6.5 3.75
v 1.0 7.0 3.0
v -2.0 7.0 3.0
v -2.0 6.500001 3.75
v 1.0 6.0 4.0
v -2.0 6.0 4.0
v 1.875 -3.21875 2.1125011
v 2.0 -3.21875 2.1125011
v 2.0 -2.15625 3.1750011
v 1.875 -2.15625 3.1750011
v -1.0 -1.5 3.050002
v -1.0 -2.15625 3.175002
v -0.875 -2.15625 3.175002
v -0.875 -1.5 3.050002
v 1.875 -1.5 3.0500011
v 0.5 -1.5 3.050002
v 0.5 -2.0 3.050002
v 1.875 -2.0 3.0500011
v 1.875 -2.0 3.0500011
v 0.5 -2.0 3.050002
v 0.5 -3.0 2.050002
v 1.875 -3.0 2.0500011
v 1.875 -2.5625 1.987501
v 1.875 -3.21875 2.1125011
v 1.875 -2.15625 3.1750011
v 1.875 -1.5 3.0500011
v 2.0 -3.21875 2.1125011
v 2.0 -2.5625 1.987501
v 2.0 -1.5 3.0500011
v 2.0 -2.15625 3.1750011
v 1.875 -1.5 3.0500011
v 1.875 -2.15625 3.1750011
v 2.0 -2.15625 3.1750011
v 2.0 -1.5 3.0500011
v -0.875 -2.15625 3.175002
v -1.0 -2.15625 3.175002
v -1.0 -3.21875 2.112502
v -0.875 -3.21875 2.112502
v -1.0 -2.15625 3.175002
v -1.0 -1.5 3.050002
v -1.0 -2.5625 1.987502
v -1.0 -3.21875 2.112502
v -0.875 -1.5 3.050002
v -0.875 -2.15625 3.175002
v -0.875 -3.21875 2.112502
v -0.875 -2.5625 1.987502
v -0.875 -2.0 3.050002
v -0.875 -3.0 2.050002
v -0.875 -1.5 3.050002
v -0.875 -2.0 3.050002
v 1.0 11.5 1.75
v 1.0 12.0 1.0
v -1.0 12.0 1.0
v -1.0 11.500001 1.75
v 1.0 11.0 2.0
v -1.0 11.0 2.0
v 1.5 -16.0 0.75
v 2.0 -16.0 0.0
v 2.0 -11.0 0.0
v 1.500001 -11.0 0.75
v 1.0 -16.0 1.0
v 1.0 -11.0 1.0
v 0.998047 -10.501563 0.75
v 0.998047 -11.001563 0.0
v 1.998047 -11.001563 0.0
v 1.998047 -10.501563 0.75
v 1.498047 -11.001563 0.75
v 1.998047 -10.001563 0.0
v 1.4980481 -10.001563 0.75
v 0.998047 -10.001563 1.0
v 1.998047 -10.001563 1.0
v 0.998047 -11.001563 1.0
v 1.0 -9.5 1.75
v 1.0 -10.0 1.0
v 5.0 -10.0 1.0
v 1.0 -9.0 2.0
v 5.0 -9.0 2.0
v 5.0 -9.500001 1.75
v 0.998047 2.498828 3.75
v 1.748047 2.248828 3.0
v 1.498047 2.998828 3.75
v 0.998047 1.998828 3.0
v 1.998047 2.998828 3.0
v 0.998047 2.998828 4.0
v 1.5 3.0 3.75
v 2.0 3.0 3.0
v 2.0 6.0 3.0
v 1.500001 6.0 3.75
v 1.0 3.0 4.0
v 1.0 6.0 4.0
v 1.5011721 5.998047 3.75
v 1.7511721 6.748047 3.0
v 1.0011721 6.498047 3.75
v 2.001172 5.998047 3.0
v 1.0011721 6.998047 3.0
v 1.0011721 5.998047 4.0
v 1.5015631 6.998047 2.75
v 2.001563 6.998047 2.0
v 2.001563 7.998047 2.0
v 1.5015631 7.998047 2.75
v 2.001563 7.498047 2.75
v 1.0015631 7.998047 2.0
v 1.0015631 7.498048 2.75
v 1.0015631 6.998047 3.0
v 1.0015631 7.998047 3.0
v 2.001563 6.998047 3.0
v 1.5 8.0 2.75
v 2.0 8.0 2.0
v 2.0 9.0 2.0
v 1.500001 9.0 2.75
v 1.0 8.0 3.0
v 1.0 9.0 3.0
v 1.5011721 8.998047 2.75
v 1.7511721 9.748047 2.0
v 1.0011721 9.498047 2.75
v 2.001172 8.998047 2.0
v 1.0011721 9.998047 2.0
v 1.0011721 8.998047 3.0
v 1.5015631 9.998047 1.75
v 2.001563 9.998047 1.0
v 2.001563 10.998047 1.0
v 1.5015631 10.998047 1.75
v 2.001563 10.498047 1.75
v 1.0015631 10.998047 1.0
v 1.0015631 10.498048 1.75
v 1.0015631 9.998047 2.0
v 1.0015631 10.998047 2.0
v 2.001563 9.998047 2.0
v 1.5011721 10.998047 1.75
v 1.7511721 11.748047 1.0
v 1.0011721 11.498047 1.75
v 2.001172 10.998047 1.0
v 1.0011721 11.998047 1.0
v 1.0011721 10.998047 2.0
v 5.0 14.5 0.75
v 5.0 15.0 0.0
v 1.0 15.0 0.0
v 1.0 14.500001 0.75
v 5.0 14.0 1.0
v 1.0 14.0 1.0
v 2.0 -10.5 0.75
v 2.0 -11.0 0.0
v 7.0 -11.0 0.0
v 2.0 -10.0 1.0
v 7.0 -10.0 1.0
v 7.0 -10.500001 0.75
v 2.0 -2.5 2.75
v 2.0 -3.0 2.0
v 5.0 -3.0 2.0
v 2.0 -2.0 3.0
v 5.0 -2.0 3.0
v 5.0 -2.500001 2.75
v 2.501563 4.998047 2.75
v 3.001563 4.998047 2.0
v 3.001563 5.998047 2.0
v 2.501563 5.998047 2.75
v 3.001563 5.498047 2.75
v 2.001563 5.998047 2.0
v 2.001563 5.498048 2.75
v 2.001563 4.998047 3.0
v 2.001563 5.998047 3.0
v 3.001563 4.998047 3.0
v 2.5 6.0 2.75
v 3.0 6.0 2.0
v 3.0 7.0 2.0
v 2.500001 7.0 2.75
v 2.0 6.0 3.0
v 2.0 7.0 3.0
v 2.501172 6.998047 2.75
v 2.751172 7.748047 2.0
v 2.001172 7.498047 2.75
v 3.001172 6.998047 2.0
v 2.001172 7.998047 2.0
v 2.001172 6.998047 3.0
v 8.0 10.5 1.75
v 8.0 11.0 1.0
v 2.0 11.0 1.0
v 2.0 10.500001 1.75
v 8.0 10.0 2.0
v 2.0 10.0 2.0
v 5.0 5.5 2.75
v 5.0 6.0 2.0
v 3.0 6.0 2.0
v 3.0 5.500001 2.75
v 5.0 5.0 3.0
v 3.0 5.0 3.0
v 4.998047 -9.501172 1.75
v 5.748047 -9.751172 1.0
v 5.498047 -9.001172 1.75
v 4.998047 -10.001172 1.0
v 5.998047 -9.001172 1.0
v 4.998047 -9.001172 2.0
v 5.5 -9.0 1.75
v 6.0 -9.0 1.0
v 6.0 -4.0 1.0
v 5.500001 -4.0 1.75
v 5.0 -9.0 2.0
v 5.0 -4.0 2.0
v 4.998047 -3.501563 1.75
v 4.998047 -4.001563 1.0
v 5.998047 -4.001563 1.0
v 5.998047 -3.501563 1.75
v 5.498047 -4.001563 1.75
v 5.998047 -3.001563 1.0
v 5.498048 -3.001563 1.75
v 4.998047 -3.001563 2.0
v 5.998047 -3.001563 2.0
v 4.998047 -4.001563 2.0
v 4.998047 -2.501172 2.75
v 5.748047 -2.751172 2.0
v 5.498047 -2.001172 2.75
v 4.998047 -3.001172 2.0
v 5.998047 -2.001172 2.0
v 4.998047 -2.001172 3.0
v 5.5 -2.0 2.75
v 6.0 -2.0 2.0
v 6.0 5.0 2.0
v 5.500001 5.0 2.75
v 5.0 -2.0 3.0
v 5.0 5.0 3.0
v 5.501172 4.998047 2.75
v 5.751172 5.748047 2.0
v 5.001172 5.498047 2.75
v 6.001172 4.998047 2.0
v 5.001172 5.998047 2.0
v 5.001172 4.998047 3.0
v 5.501563 11.998047 0.75
v 6.001563 11.998047 0.0
v 6.001563 12.998047 0.0
v 5.501563 12.998047 0.75
v 6.001563 12.498047 0.75
v 5.001563 12.998047 0.0
v 5.001563 12.498048 0.75
v 5.001563 11.998047 1.0
v 5.001563 12.998047 1.0
v 6.001563 11.998047 1.0
v 5.5 13.0 0.75
v 6.0 13.0 0.0
v 6.0 14.0 0.0
v 5.500001 14.0 0.75
v 5.0 13.0 1.0
v 5.0 14.0 1.0
v 5.501172 13.998047 0.75
v 5.751172 14.748047 0.0
v 5.001172 14.498047 0.75
v 6.001172 13.998047 0.0
v 5.001172 14.998047 0.0
v 5.001172 13.998047 1.0
v 6.0 -3.5 1.75
v 6.0 -4.0 1.0
v 10.0 -4.0 1.0
v 6.0 -3.0 2.0
v 10.0 -3.0 2.0
v 10.0 -3.500001 1.75
v 11.0 12.5 0.75
v 11.0 13.0 0.0
v 6.0 13.0 0.0
v 6.0 12.500001 0.75
v 11.0 12.0 1.0
v 6.0 12.0 1.0
v 6.998047 -10.501172 0.75
v 7.748047 -10.751172 0.0
v 7.498047 -10.001172 0.75
v 6.998047 -11.001172 0.0
v 7.998047 -10.001172 0.0
v 6.998047 -10.001172 1.0
v 7.5 -10.0 0.75
v 8.0 -10.0 0.0
v 8.0 -7.0 0.0
v 7.500001 -7.0 0.75
v 7.0 -10.0 1.0
v 7.0 -7.0 1.0
v 6.998047 -6.501563 0.75
v 6.998047 -7.001563 0.0
v 7.998047 -7.001563 0.0
v 7.998047 -6.501563 0.75
v 7.498047 -7.001563 0.75
v 7.998047 -6.001563 0.0
v 7.498048 -6.001563 0.75
v 6.998047 -6.001563 1.0
v 7.998047 -6.001563 1.0
v 6.998047 -7.001563 1.0
v 8.0 -6.5 0.75
v 8.0 -7.0 0.0
v 11.0 -7.0 0.0
v 8.0 -6.0 1.0
v 11.0 -6.0 1.0
v 11.0 -6.500001 0.75
v 8.501563 3.9980469 1.75
v 9.001563 3.9980469 1.0
v 9.001563 4.998047 1.0
v 8.501563 4.998047 1.75
v 9.001563 4.498047 1.75
v 8.001563 4.998047 1.0
v 8.001563 4.498048 1.75
v 8.001563 3.9980469 2.0
v 8.001563 4.998047 2.0
v 9.001563 3.9980469 2.0
v 8.5 5.0 1.75
v 9.0 5.0 1.0
v 9.0 10.0 1.0
v 8.500001 10.0 1.75
v 8.0 5.0 2.0
v 8.0 10.0 2.0
v 8.501172 9.998047 1.75
v 8.751172 10.748047 1.0
v 8.001172 10.498047 1.75
v 9.001172 9.998047 1.0
v 8.001172 10.998047 1.0
v 8.001172 9.998047 2.0
v 10.0 4.5 1.75
v 10.0 5.0 1.0
v 9.0 5.0 1.0
v 9.0 4.500001 1.75
v 10.0 4.0 2.0
v 9.0 4.0 2.0
v 9.998047 -3.501172 1.75
v 10.748047 -3.751172 1.0
v 10.498047 -3.001172 1.75
v 9.998047 -4.001172 1.0
v 10.998047 -3.001172 1.0
v 9.998047 -3.001172 2.0
v 10.5 -3.0 1.75
v 11.0 -3.0 1.0
v 11.0 4.0 1.0
v 10.500001 4.0 1.75
v 10.0 -3.0 2.0
v 10.0 4.0 2.0
v 10.501172 3.9980469 1.75
v 10.751172 4.748047 1.0
v 10.001172 4.498047 1.75
v 11.001172 3.9980469 1.0
v 10.001172 4.998047 1.0
v 10.001172 3.9980469 2.0
v 10.998047 -6.501172 0.75
v 11.748047 -6.751172 0.0
v 11.498047 -6.001172 0.75
v 10.998047 -7.001172 0.0
v 11.998047 -6.001172 0.0
v 10.998047 -6.001172 1.0
v 11.5 -6.0 0.75
v 12.0 -6.0 0.0
v 12.0 -2.0 0.0
v 11.500001 -2.0 0.75
v 11.0 -6.0 1.0
v 11.0 -2.0 1.0
v 10.998047 -1.5015631 0.75
v 10.998047 -2.001563 0.0
v 11.998047 -2.001563 0.0
v 11.998047 -1.5015631 0.75
v 11.498047 -2.001563 0.75
v 11.998047 -1.0015631 0.0
v 11.498048 -1.0015631 0.75
v 10.998047 -1.0015631 1.0
v 11.998047 -1.0015631 1.0
v 10.998047 -2.001563 1.0
v 11.501563 7.998047 0.75
v 12.001563 7.998047 0.0
v 12.001563 8.998047 0.0
v 11.501563 8.998047 0.75
v 12.001563 8.498047 0.75
v 11.001563 8.998047 0.0
v 11.001563 8.498048 0.75
v 11.001563 7.998047 1.0
v 11.001563 8.998047 1.0
v 12.001563 7.998047 1.0
v 11.5 9.0 0.75
v 12.0 9.0 0.0
v 12.0 12.0 0.0
v 11.500001 12.0 0.75
v 11.0 9.0 1.0
v 11.0 12.0 1.0
v 11.501172 11.998047 0.75
v 11.751172 12.748047 0.0
v 11.001172 12.498047 0.75
v 12.001172 11.998047 0.0
v 11.001172 12.998047 0.0
v 11.001172 11.998047 1.0
v 12.0 -1.5 0.75
v 12.0 -2.0 0.0
v 13.0 -2.0 0.0
v 12.0 -1.0 1.0
v 13.0 -1.0 1.0
v 13.0 -1.500001 0.75
v 13.0 8.5 0.75
v 13.0 9.0 0.0
v 12.0 9.0 0.0
v 12.0 8.500001 0.75
v 13.0 8.0 1.0
v 12.0 8.0 1.0
v 12.998047 -1.5011721 0.75
v 13.748047 -1.7511721 0.0
v 13.498047 -1.0011721 0.75
v 12.998047 -2.001172 0.0
v 13.998047 -1.0011721 0.0
v 12.998047 -1.0011721 1.0
v 13.5 -1.0 0.75
v 14.0 -1.0 0.0
v 14.0 7.0 0.0
v 13.500001 7.0 0.75
v 13.0 -1.0 1.0
v 13.0 7.0 1.0
v 13.5 7.0 0.75
v 14.0 7.0 0.0
v 14.0 8.0 0.0
v 13.500001 8.0 0.75
v 13.0 7.0 1.0
v 13.0 8.0 1.0
v 13.501172 7.998047 0.75
v 13.751172 8.748047 0.0
v 13.001172 8.498047 0.75
v 14.001172 7.998047 0.0
v 13.001172 8.998047 0.0
v 13.001172 7.998047 1.0
v -14.0 -4.375 1.25
v -12.0 -4.375 1.25
v -12.0 -3.375 1.25
v -14.0 -3.375 1.25
v -14.0 -3.375 1.25
v -12.0 -3.375 1.25
v -12.0 -2.375 1.25
v -14.0 -2.375 1.25
v -14.0 -2.375 1.25
v -12.0 -2.375 1.25
v -12.0 -1.375 1.25
v -14.0 -1.375 1.25
v -14.0 -1.375 1.25
v -12.0 -1.375 1.25
v -12.0 -0.375 1.25
v -14.0 -0.375 1.25
v -14.0 -0.375 1.25
v -12.0 -0.375 1.25
v -12.0 0.625 1.25
v -14.0 0.625 1.25
v -14.0 0.625 1.25
v -13.0 0.625 1.25
v -13.0 1.625 1.25
v -14.0 1.625 1.25
v -14.0 1.625 1.25
v -13.0 1.625 1.25
v -13.0 2.625 1.25
v -14.0 2.625 1.25
v -14.0 2.625 1.25
v -12.0 2.625 1.25
v -12.0 3.625 1.25
v -14.0 3.625 1.25
v -14.0 3.625 1.25
v -12.0 3.625 1.25
v -12.0 4.625 1.25
v -14.0 4.625 1.25
v -14.0 4.625 1.25
v -12.0 4.625 1.25
v -12.0 5.625 1.25
v -14.0 5.625 1.25
v -14.0 5.625 1.25
v -12.0 5.625 1.25
v -12.0 6.625 1.25
v -14.0 6.625 1.25
v -14.0 6.625 1.25
v -10.0 6.625 1.25
v -10.0 7.625 1.25
v -14.0 7.625 1.25
v -13.0 -9.375 1.25
v -6.0 -9.375 1.25
v -6.0 -8.375 1.25
v -13.0 -8.375 1.25
v -13.0 -8.375 1.25
v -11.0 -8.375 1.25
v -11.0 -7.375 1.25
v -13.0 -7.375 1.25
v -13.0 -7.375 1.25
v -12.0 -7.375 1.25
v -12.0 -6.375 1.25
v -13.0 -6.375 1.25
v -13.0 -6.375 1.25
v -12.0 -6.375 1.25
v -12.0 -5.375 1.25
v -13.0 -5.375 1.25
v -13.0 -5.375 1.25
v -12.0 -5.375 1.25
v -12.0 -4.375 1.25
v -13.0 -4.375 1.25
v -13.0 0.625 1.25
v -12.0 0.625 1.25
v -12.0 1.625 1.25
v -13.0 1.625 1.25
v -13.0 1.625 1.25
v -12.0 1.625 1.25
v -12.0 2.625 1.25
v -13.0 2.625 1.25
v -12.0 -7.375 1.25
v -11.0 -7.375 1.25
v -11.0 -6.375 1.25
v -12.0 -6.375 1.25
v -12.0 -6.375 1.25
v -11.0 -6.375 1.25
v -11.0 -5.375 1.25
v -12.0 -5.375 1.25
v -12.0 7.625 1.25
v -10.0 7.625 1.25
v -10.0 8.625 1.25
v -12.0 8.625 1.25
v -12.0 8.625 1.25
v -10.0 8.625 1.25
v -10.0 9.625 1.25
v -12.0 9.625 1.25
v -12.0 9.625 1.25
v -10.0 9.625 1.25
v -10.0 10.625 1.25
v -12.0 10.625 1.25
v -12.0 10.625 1.25
v -10.0 10.625 1.25
v -10.0 11.625 1.25
v -12.0 11.625 1.25
v -11.0 -4.375 2.25
v -8.0 -4.375 2.25
v -8.0 -3.375 2.25
v -11.0 -3.375 2.25
v -11.0 -3.375 2.25
v -8.0 -3.375 2.25
v -8.0 -2.375 2.25
v -11.0 -2.375 2.25
v -11.0 2.625 2.25
v -10.0 2.625 2.25
v -10.0 3.625 2.25
v -11.0 3.625 2.25
v -11.0 3.625 2.25
v -10.0 3.625 2.25
v -10.0 4.625 2.25
v -11.0 4.625 2.25
v -11.0 4.625 2.25
v -4.0 4.625 2.25
v -4.0 5.625 2.25
v -11.0 5.625 2.25
v -10.0 -7.375 2.25
v -8.0 -7.375 2.25
v -8.0 -6.375 2.25
v -10.0 -6.375 2.25
v -10.0 -6.375 2.25
v -8.0 -6.375 2.25
v -8.0 -5.375 2.25
v -10.0 -5.375 2.25
v -10.0 -5.375 2.25
v -8.0 -5.375 2.25
v -8.0 -4.375 2.25
v -10.0 -4.375 2.25
v -10.0 -1.375 3.25
v -4.0 -1.375 3.25
v -4.0 -0.375 3.25
v -10.0 -0.375 3.25
v -10.0 -0.375 3.25
v -3.0 -0.375 3.25
v -3.0 0.625 3.25
v -10.0 0.625 3.25
v -10.0 0.625 3.25
v -2.0 0.625 3.25
v -2.0 1.625 3.25
v -10.0 1.625 3.25
v -10.0 2.625 2.25
v -9.0 2.625 2.25
v -9.0 3.625 2.25
v -10.0 3.625 2.25
v -10.0 3.625 2.25
v -9.0 3.625 2.25
v -9.0 4.625 2.25
v -10.0 4.625 2.25
v -9.0 -10.375 1.25
v -6.0 -10.375 1.25
v -6.0 -9.375 1.25
v -9.0 -9.375 1.25
v -9.0 2.625 2.25
v -8.0 2.625 2.25
v -8.0 3.625 2.25
v -9.0 3.625 2.25
v -9.0 3.625 2.25
v -8.0 3.625 2.25
v -8.0 4.625 2.25
v -9.0 4.625 2.25
v -9.0 5.625 2.25
v -4.0 5.625 2.25
v -4.0 6.625 2.25
v -9.0 6.625 2.25
v -9.0 6.625 2.25
v -4.0 6.625 2.25
v -4.0 7.625 2.25
v -9.0 7.625 2.25
v -9.0 7.625 2.25
v -7.0 7.625 2.25
v -7.0 8.625 2.25
v -9.0 8.625 2.25
v -9.0 8.625 2.25
v -7.0 8.625 2.25
v -7.0 9.625 2.25
v -9.0 9.625 2.25
v -9.0 9.625 2.25
v -1.0 9.625 2.25
v -1.0 10.625 2.25
v -9.0 10.625 2.25
v -7.0 -6.375 3.25
v -2.0 -6.375 3.25
v -2.0 -5.375 3.25
v -7.0 -5.375 3.25
v -7.0 -5.375 3.25
v -2.0 -5.375 3.25
v -2.0 -4.375 3.25
v -7.0 -4.375 3.25
v -7.0 -4.375 3.25
v -2.0 -4.375 3.25
v -2.0 -3.375 3.25
v -7.0 -3.375 3.25
v -7.0 -3.375 3.25
v -6.0 -3.375 3.25
v -6.0 -2.375 3.25
v -7.0 -2.375 3.25
v -7.0 -2.375 3.25
v -6.0 -2.375 3.25
v -6.0 -1.375 3.25
v -7.0 -1.375 3.25
v -7.0 1.625 3.25
v -3.0 1.625 3.25
v -3.0 2.625 3.25
v -7.0 2.625 3.25
v -7.0 2.625 3.25
v -3.0 2.625 3.25
v -3.0 3.625 3.25
v -7.0 3.625 3.25
v -7.0 7.625 2.25
v -6.0 7.625 2.25
v -6.0 8.625 2.25
v -7.0 8.625 2.25
v -7.0 8.625 2.25
v -6.0 8.625 2.25
v -6.0 9.625 2.25
v -7.0 9.625 2.25
v -7.0 11.625 1.25
v -6.0 11.625 1.25
v -6.0 12.625 1.25
v -7.0 12.625 1.25
v -7.0 12.625 1.25
v -6.0 12.625 1.25
v -6.0 13.625 1.25
v -7.0 13.625 1.25
v -6.0 -3.375 3.25
v -2.0 -3.375 3.25
v -2.0 -2.375 3.25
v -6.0 -2.375 3.25
v -6.0 -2.375 3.25
v -5.0 -2.375 3.25
v -5.0 -1.375 3.25
v -6.0 -1.375 3.25
v -6.0 7.625 2.25
v -4.0 7.625 2.25
v -4.0 8.625 2.25
v -6.0 8.625 2.25
v -6.0 8.625 2.25
v -4.0 8.625 2.25
v -4.0 9.625 2.25
v -6.0 9.625 2.25
v -6.0 11.625 1.25
v 2.0 11.625 1.25
v 2.0 12.625 1.25
v -6.0 12.625 1.25
v -6.0 12.625 1.25
v -5.0 12.625 1.25
v -5.0 13.625 1.25
v -6.0 13.625 1.25
v -5.0 -9.375 2.25
v 3.0 -9.375 2.25
v 3.0 -8.375 2.25
v -5.0 -8.375 2.25
v -5.0 -8.375 2.25
v 3.0 -8.375 2.25
v 3.0 -7.375 2.25
v -5.0 -7.375 2.25
v -5.0 -2.375 3.25
v -3.0 -2.375 3.25
v -3.0 -1.375 3.25
v -5.0 -1.375 3.25
v -5.0 12.625 1.25
v 3.0 12.625 1.25
v 3.0 13.625 1.25
v -5.0 13.625 1.25
v -4.0 -1.375 3.25
v -3.0 -1.375 3.25
v -3.0 -0.375 3.25
v -4.0 -0.375 3.25
v -3.0 -2.375 3.25
v 5.0 -2.375 3.25
v 5.0 -1.375 3.25
v -3.0 -1.375 3.25
v -3.0 -1.375 3.25
v -2.0 -1.375 3.25
v -2.0 -0.375 3.25
v -3.0 -0.375 3.25
v -3.0 -0.375 3.25
v -2.0 -0.375 3.25
v -2.0 0.625 3.25
v -3.0 0.625 3.25
v -3.0 6.625 3.25
v -1.0 6.625 3.25
v -1.0 7.625 3.25
v -3.0 7.625 3.25
v -3.0 7.625 3.25
v 0.0 7.625 3.25
v 0.0 8.625 3.25
v -3.0 8.625 3.25
v -2.0 -16.375 1.25
v 1.0 -16.375 1.25
v 1.0 -15.375 1.25
v -2.0 -15.375 1.25
v -2.0 -15.375 1.25
v 1.0 -15.375 1.25
v 1.0 -14.375 1.25
v -2.0 -14.375 1.25
v -2.0 -14.375 1.25
v 1.0 -14.375 1.25
v 1.0 -13.375 1.25
v -2.0 -13.375 1.25
v -2.0 -13.375 1.25
v 1.0 -13.375 1.25
v 1.0 -12.375 1.25
v -2.0 -12.375 1.25
v -2.0 -12.375 1.25
v -1.0 -12.375 1.25
v -1.0 -11.375 1.25
v -2.0 -11.375 1.25
v -2.0 -11.375 1.25
v -1.0 -11.375 1.25
v -1.0 -10.375 1.25
v -2.0 -10.375 1.25
v -2.0 -1.375 3.25
v -1.0 -1.375 3.25
v -1.0 -0.375 3.25
v -2.0 -0.375 3.25
v -2.0 -0.375 3.25
v -1.0 -0.375 3.25
v -1.0 0.625 3.25
v -2.0 0.625 3.25
v -2.0 0.625 3.25
v -1.0 0.625 3.25
v -1.0 1.625 3.25
v -2.0 1.625 3.25
v -2.0 2.625 4.25
v 1.0 2.625 4.25
v 1.0 3.625 4.25
v -2.0 3.625 4.25
v -2.0 3.625 4.25
v 1.0 3.625 4.25
v 1.0 4.625 4.25
v -2.0 4.625 4.25
v -2.0 4.625 4.25
v 1.0 4.625 4.25
v 1.0 5.625 4.25
v -2.0 5.625 4.25
v -1.0 -12.375 1.25
v 1.0 -12.375 1.25
v 1.0 -11.375 1.25
v -1.0 -11.375 1.25
v -1.0 -11.375 1.25
v 1.0 -11.375 1.25
v 1.0 -10.375 1.25
v -1.0 -10.375 1.25
v -1.0 -7.375 2.25
v 5.0 -7.375 2.25
v 5.0 -6.375 2.25
v -1.0 -6.375 2.25
v -1.0 -6.375 2.25
v 5.0 -6.375 2.25
v 5.0 -5.375 2.25
v -1.0 -5.375 2.25
v -1.0 -5.375 2.25
v 0.0 -5.375 2.25
v 0.0 -4.375 2.25
v -1.0 -4.375 2.25
v -1.0 -4.375 2.25
v 0.0 -4.375 2.25
v 0.0 -3.375 2.25
v -1.0 -3.375 2.25
v -1.0 -1.375 3.25
v 5.0 -1.375 3.25
v 5.0 -0.375 3.25
v -1.0 -0.375 3.25
v -1.0 -0.375 3.25
v 5.0 -0.375 3.25
v 5.0 0.625 3.25
v -1.0 0.625 3.25
v -1.0 0.625 3.25
v 0.0 0.625 3.25
v 0.0 1.625 3.25
v -1.0 1.625 3.25
v -1.0 6.625 3.25
v 1.0 6.625 3.25
v 1.0 7.625 3.25
v -1.0 7.625 3.25
v -1.0 9.625 2.25
v 0.0 9.625 2.25
v 0.0 10.625 2.25
v -1.0 10.625 2.25
v 0.0 -5.375 2.25
v 1.0 -5.375 2.25
v 1.0 -4.375 2.25
v 0.0 -4.375 2.25
v 0.0 -4.375 2.25
v 2.0 -4.375 2.25
v 2.0 -3.375 2.25
v 0.0 -3.375 2.25
v 0.0 0.625 3.25
v 5.0 0.625 3.25
v 5.0 1.625 3.25
v 0.0 1.625 3.25
v 0.0 7.625 3.25
v 1.0 7.625 3.25
v 1.0 8.625 3.25
v 0.0 8.625 3.25
v 0.0 9.625 2.25
v 1.0 9.625 2.25
v 1.0 10.625 2.25
v 0.0 10.625 2.25
v 1.0 -5.375 2.25
v 4.0 -5.375 2.25
v 4.0 -4.375 2.25
v 1.0 -4.375 2.25
v 2.0 -4.375 2.25
v 3.0 -4.375 2.25
v 3.0 -3.375 2.25
v 2.0 -3.375 2.25
v 2.0 1.625 3.25
v 4.0 1.625 3.25
v 4.0 2.625 3.25
v 2.0 2.625 3.25
v 2.0 2.625 3.25
v 3.0 2.625 3.25
v 3.0 3.625 3.25
v 2.0 3.625 3.25
v 2.0 3.625 3.25
v 4.0 3.625 3.25
v 4.0 4.625 3.25
v 2.0 4.625 3.25
v 2.0 7.625 2.25
v 8.0 7.625 2.25
v 8.0 8.625 2.25
v 2.0 8.625 2.25
v 2.0 8.625 2.25
v 8.0 8.625 2.25
v 8.0 9.625 2.25
v 2.0 9.625 2.25
v 2.0 10.625 1.25
v 4.0 10.625 1.25
v 4.0 11.625 1.25
v 2.0 11.625 1.25
v 2.0 11.625 1.25
v 5.0 11.625 1.25
v 5.0 12.625 1.25
v 2.0 12.625 1.25
v 3.0 -9.375 2.25
v 5.0 -9.375 2.25
v 5.0 -8.375 2.25
v 3.0 -8.375 2.25
v 3.0 -8.375 2.25
v 5.0 -8.375 2.25
v 5.0 -7.375 2.25
v 3.0 -7.375 2.25
v 3.0 -4.375 2.25
v 4.0 -4.375 2.25
v 4.0 -3.375 2.25
v 3.0 -3.375 2.25
v 3.0 2.625 3.25
v 4.0 2.625 3.25
v 4.0 3.625 3.25
v 3.0 3.625 3.25
v 3.0 5.625 2.25
v 8.0 5.625 2.25
v 8.0 6.625 2.25
v 3.0 6.625 2.25
v 3.0 6.625 2.25
v 8.0 6.625 2.25
v 8.0 7.625 2.25
v 3.0 7.625 2.25
v 3.0 12.625 1.25
v 5.0 12.625 1.25
v 5.0 13.625 1.25
v 3.0 13.625 1.25
v 4.0 -5.375 2.25
v 5.0 -5.375 2.25
v 5.0 -4.375 2.25
v 4.0 -4.375 2.25
v 4.0 -4.375 2.25
v 5.0 -4.375 2.25
v 5.0 -3.375 2.25
v 4.0 -3.375 2.25
v 4.0 1.625 3.25
v 5.0 1.625 3.25
v 5.0 2.625 3.25
v 4.0 2.625 3.25
v 4.0 2.625 3.25
v 5.0 2.625 3.25
v 5.0 3.625 3.25
v 4.0 3.625 3.25
v 4.0 3.625 3.25
v 5.0 3.625 3.25
v 5.0 4.625 3.25
v 4.0 4.625 3.25
v 4.0 10.625 1.25
v 5.0 10.625 1.25
v 5.0 11.625 1.25
v 4.0 11.625 1.25
v 5.0 10.625 1.25
v 7.0 10.625 1.25
v 7.0 11.625 1.25
v 5.0 11.625 1.25
v 6.0 -10.375 1.25
v 7.0 -10.375 1.25
v 7.0 -9.375 1.25
v 6.0 -9.375 1.25
v 6.0 -9.375 1.25
v 7.0 -9.375 1.25
v 7.0 -8.375 1.25
v 6.0 -8.375 1.25
v 6.0 -8.375 1.25
v 7.0 -8.375 1.25
v 7.0 -7.375 1.25
v 6.0 -7.375 1.25
v 6.0 -7.375 1.25
v 7.0 -7.375 1.25
v 7.0 -6.375 1.25
v 6.0 -6.375 1.25
v 6.0 -6.375 1.25
v 11.0 -6.375 1.25
v 11.0 -5.375 1.25
v 6.0 -5.375 1.25
v 6.0 -5.375 1.25
v 10.0 -5.375 1.25
v 10.0 -4.375 1.25
v 6.0 -4.375 1.25
v 6.0 -3.375 2.25
v 7.0 -3.375 2.25
v 7.0 -2.375 2.25
v 6.0 -2.375 2.25
v 6.0 -2.375 2.25
v 10.0 -2.375 2.25
v 10.0 -1.375 2.25
v 6.0 -1.375 2.25
v 6.0 -1.375 2.25
v 10.0 -1.375 2.25
v 10.0 -0.375 2.25
v 6.0 -0.375 2.25
v 6.0 -0.375 2.25
v 10.0 -0.375 2.25
v 10.0 0.625 2.25
v 6.0 0.625 2.25
v 6.0 0.625 2.25
v 10.0 0.625 2.25
v 10.0 1.625 2.25
v 6.0 1.625 2.25
v 6.0 1.625 2.25
v 7.0 1.625 2.25
v 7.0 2.625 2.25
v 6.0 2.625 2.25
v 6.0 2.625 2.25
v 7.0 2.625 2.25
v 7.0 3.625 2.25
v 6.0 3.625 2.25
v 6.0 3.625 2.25
v 8.0 3.625 2.25
v 8.0 4.625 2.25
v 6.0 4.625 2.25
v 6.0 4.625 2.25
v 8.0 4.625 2.25
v 8.0 5.625 2.25
v 6.0 5.625 2.25
v 7.0 -3.375 2.25
v 8.0 -3.375 2.25
v 8.0 -2.375 2.25
v 7.0 -2.375 2.25
v 7.0 1.625 2.25
v 8.0 1.625 2.25
v 8.0 2.625 2.25
v 7.0 2.625 2.25
v 7.0 2.625 2.25
v 10.0 2.625 2.25
v 10.0 3.625 2.25
v 7.0 3.625 2.25
v 7.0 10.625 1.25
v 11.0 10.625 1.25
v 11.0 11.625 1.25
v 7.0 11.625 1.25
v 8.0 -3.375 2.25
v 10.0 -3.375 2.25
v 10.0 -2.375 2.25
v 8.0 -2.375 2.25
v 8.0 1.625 2.25
v 10.0 1.625 2.25
v 10.0 2.625 2.25
v 8.0 2.625 2.25
v 9.0 4.625 1.25
v 11.0 4.625 1.25
v 11.0 5.625 1.25
v 9.0 5.625 1.25
v 9.0 5.625 1.25
v 11.0 5.625 1.25
v 11.0 6.625 1.25
v 9.0 6.625 1.25
v 9.0 6.625 1.25
v 12.0 6.625 1.25
v 12.0 7.625 1.25
v 9.0 7.625 1.25
v 9.0 7.625 1.25
v 11.0 7.625 1.25
v 11.0 8.625 1.25
v 9.0 8.625 1.25
v 9.0 8.625 1.25
v 11.0 8.625 1.25
v 11.0 9.625 1.25
v 9.0 9.625 1.25
v 9.0 9.625 1.25
v 11.0 9.625 1.25
v 11.0 10.625 1.25
v 9.0 10.625 1.25
v 10.0 -5.375 1.25
v 11.0 -5.375 1.25
v 11.0 -4.375 1.25
v 10.0 -4.375 1.25
v 11.0 -1.375 1.25
v 13.0 -1.375 1.25
v 13.0 -0.375 1.25
v 11.0 -0.375 1.25
v 11.0 -0.375 1.25
v 13.0 -0.375 1.25
v 13.0 0.625 1.25
v 11.0 0.625 1.25
v 11.0 0.625 1.25
v 13.0 0.625 1.25
v 13.0 1.625 1.25
v 11.0 1.625 1.25
v 11.0 1.625 1.25
v 13.0 1.625 1.25
v 13.0 2.625 1.25
v 11.0 2.625 1.25
v 11.0 2.625 1.25
v 13.0 2.625 1.25
v 13.0 3.625 1.25
v 11.0 3.625 1.25
v 11.0 3.625 1.25
v 13.0 3.625 1.25
v 13.0 4.625 1.25
v 11.0 4.625 1.25
v 11.0 4.625 1.25
v 12.0 4.625 1.25
v 12.0 5.625 1.25
v 11.0 5.625 1.25
v 11.0 5.625 1.25
v 12.0 5.625 1.25
v 12.0 6.625 1.25
v 11.0 6.625 1.25
v 12.0 4.625 1.25
v 13.0 4.625 1.25
v 13.0 5.625 1.25
v 12.0 5.625 1.25
v 12.0 5.625 1.25
v 13.0 5.625 1.25
v 13.0 6.625 1.25
v 12.0 6.625 1.25
v 12.0 6.625 1.25
v 13.0 6.625 1.25
v 13.0 7.625 1.25
v 12.0 7.625 1.25
v -16.0 -16.125 -1.500001
v -14.0 -16.125 -1.500001
v -14.0 -14.125 -1.500001
v -16.0 -14.125 -1.500001
v -16.0 -16.125 -1.625001
v -14.0 -16.125 -1.625001
v -14.0 -14.125 -1.625001
v -16.0 -14.125 -1.625001
v -16.0 -16.125 -1.875001
v -14.0 -16.125 -1.875001
v -14.0 -14.125 -1.875001
v -16.0 -14.125 -1.875001
v -14.0 -15.125 -1.500001
v -13.0 -15.125 -1.500001
v -13.0 -14.125 -1.500001
v -14.0 -14.125 -1.500001
v -14.0 -15.125 -1.625001
v -13.0 -15.125 -1.625001
v -13.0 -14.125 -1.625001
v -14.0 -14.125 -1.625001
v -14.0 -15.125 -1.875001
v -13.0 -15.125 -1.875001
v -13.0 -14.125 -1.875001
v -14.0 -14.125 -1.875001
v -11.0 -15.125 -1.500001
v -8.0 -15.125 -1.500001
v -8.0 -14.125 -1.500001
v -11.0 -14.125 -1.500001
v -11.0 -15.125 -1.625001
v -8.0 -15.125 -1.625001
v -8.0 -14.125 -1.625001
v -11.0 -14.125 -1.625001
v -11.0 -15.125 -1.875001
v -8.0 -15.125 -1.875001
v -8.0 -14.125 -1.875001
v -11.0 -14.125 -1.875001
v -10.0 -16.125 -1.500001
v -9.0 -16.125 -1.500001
v -9.0 -15.125 -1.500001
v -10.0 -15.125 -1.500001
v -10.0 -16.125 -1.625001
v -9.0 -16.125 -1.625001
v -9.0 -15.125 -1.625001
v -10.0 -15.125 -1.625001
v -10.0 -16.125 -1.875001
v -9.0 -16.125 -1.875001
v -9.0 -15.125 -1.875001
v -10.0 -15.125 -1.875001
v 5.0 -15.125 -1.500001
v 6.0 -15.125 -1.500001
v 6.0 -14.125 -1.500001
v 5.0 -14.125 -1.500001
v 5.0 -15.125 -1.625001
v 6.0 -15.125 -1.625001
v 6.0 -14.125 -1.625001
v 5.0 -14.125 -1.625001
v 5.0 -15.125 -1.875001
v 6.0 -15.125 -1.875001
v 6.0 -14.125 -1.875001
v 5.0 -14.125 -1.875001
v 8.0 -15.125 -1.500001
v 12.0 -15.125 -1.500001
v 12.0 -14.125 -1.500001
v 8.0 -14.125 -1.500001
v 8.0 -15.125 -1.625001
v 12.0 -15.125 -1.625001
v 12.0 -14.125 -1.625001
v 8.0 -14.125 -1.625001
v 8.0 -15.125 -1.875001
v 12.0 -15.125 -1.875001
v 12.0 -14.125 -1.875001
v 8.0 -14.125 -1.875001
v 9.0 -16.125 -1.500001
v 11.0 -16.125 -1.500001
v 11.0 -15.125 -1.500001
v 9.0 -15.125 -1.500001
v 9.0 -16.125 -1.625001
v 11.0 -16.125 -1.625001
v 11.0 -15.125 -1.625001
v 9.0 -15.125 -1.625001
v 9.0 -16.125 -1.875001
v 11.0 -16.125 -1.875001
v 11.0 -15.125 -1.875001
v 9.0 -15.125 -1.875001
v 11.0 -14.125 -1.500001
v 12.0 -14.125 -1.500001
v 12.0 -12.125 -1.500001
v 11.0 -12.125 -1.500001
v 11.0 -14.125 -1.625001
v 12.0 -14.125 -1.625001
v 12.0 -12.125 -1.625001
v 11.0 -12.125 -1.625001
v 11.0 -14.125 -1.875001
v 12.0 -14.125 -1.875001
v 12.0 -12.125 -1.875001
v 11.0 -12.125 -1.875001
v 12.0 -12.125 -1.500001
v 15.0 -12.125 -1.500001
v 15.0 -11.125 -1.500001
v 12.0 -11.125 -1.500001
v 12.0 -12.125 -1.625001
v 15.0 -12.125 -1.625001
v 15.0 -11.125 -1.625001
v 12.0 -11.125 -1.625001
v 12.0 -12.125 -1.875001
v 15.0 -12.125 -1.875001
v 15.0 -11.125 -1.875001
v 12.0 -11.125 -1.875001
v 13.0 -11.125 -1.500001
v 14.0 -11.125 -1.500001
v 14.0 -10.125 -1.500001
v 13.0 -10.125 -1.500001
v 13.0 -11.125 -1.625001
v 14.0 -11.125 -1.625001
v 14.0 -10.125 -1.625001
v 13.0 -10.125 -1.625001
v 13.0 -11.125 -1.875001
v 14.0 -11.125 -1.875001
v 14.0 -10.125 -1.875001
v 13.0 -10.125 -1.875001
v 14.0 -16.125 -2.500001
v 15.0 -16.125 -2.500001
v 15.0 -14.125 -2.500001
v 14.0 -14.125 -2.500001
v 14.0 -16.125 -2.625001
v 15.0 -16.125 -2.625001
v 15.0 -14.125 -2.625001
v 14.0 -14.125 -2.625001
v 14.0 -16.125 -2.875001
v 15.0 -16.125 -2.875001
v 15.0 -14.125 -2.875001
v 14.0 -14.125 -2.875001
v 15.0 -15.125 -2.500001
v 16.0 -15.125 -2.500001
v 16.0 -13.125 -2.500001
v 15.0 -13.125 -2.500001
v 15.0 -15.125 -2.625001
v 16.0 -15.125 -2.625001
v 16.0 -13.125 -2.625001
v 15.0 -13.125 -2.625001
v 15.0 -15.125 -2.875001
v 16.0 -15.125 -2.875001
v 16.0 -13.125 -2.875001
v 15.0 -13.125 -2.875001
v -8.0 -14.0 -1.999999
v -16.0 -14.0 -1.999999
v -8.0 -16.0 -1.999999
v -16.0 -16.0 -1.999999
v -8.0 -13.789063 -1.901367
v -8.0 -13.330079 -1.002929
v -16.0 -13.330079 -1.002929
v -16.0 -13.789063 -1.901367
v -8.0 -13.000001 -1.0
v -16.0 -13.000001 -1.0
v -8.0 -13.789063 -1.901367
v -16.0 -13.789063 -1.901367
v -16.0 -14.000001 -2.0
v -8.0 -14.000001 -2.0
v -8.0 -12.0 -0.999999
v -16.0 -12.0 -0.999999
v -8.0 -13.0 -0.999999
v -16.0 -13.0 -0.999999
v -6.0 -14.0 -1.999999
v -8.0 -14.0 -1.999999
v -6.0 -16.0 -1.999999
v -8.0 -16.0 -1.999999
v -6.0 -13.789063 -1.901367
v -6.0 -13.330079 -1.002929
v -8.0 -13.330079 -1.002929
v -8.0 -13.789063 -1.901367
v -6.0 -13.000001 -1.0
v -8.0 -13.000001 -1.0
v -6.0 -13.789063 -1.901367
v -8.0 -13.789063 -1.901367
v -8.0 -14.000001 -2.0
v -6.0 -14.000001 -2.0
v -4.0 -12.0 -0.999999
v -8.0 -12.0 -0.999999
v -4.0 -13.0 -0.999999
v -8.0 -13.0 -0.999999
v -5.789063 -16.0 -1.901367
v -5.330079 -16.0 -1.002929
v -5.330079 -14.0 -1.002929
v -5.789063 -14.0 -1.901367
v -5.000001 -16.0 -1.0
v -5.000001 -14.0 -1.0
v -5.789063 -16.0 -1.901367
v -5.789063 -14.0 -1.901367
v -6.000001 -14.0 -2.0
v -6.000001 -16.0 -2.0
v -5.330078 -13.330079 -1.002929
v -5.330078 -14.000001 -1.002929
v -5.0 -14.000001 -1.0
v -5.0 -13.000001 -1.0
v -6.0 -13.330079 -1.002929
v -5.330078 -13.330079 -1.002929
v -5.0 -13.000001 -1.0
v -6.0 -13.000001 -1.0
v -6.0 -13.330079 -1.002929
v -6.0 -13.7890625 -1.901367
v -5.330078 -13.330079 -1.002929
v -5.8945312 -13.894532 -1.901367
v -5.789062 -14.000001 -1.901367
v -5.789062 -14.000001 -1.901367
v -5.8945312 -13.894532 -1.901367
v -6.0 -14.000001 -2.0
v -6.0 -13.7890625 -1.901367
v -5.330078 -14.000001 -1.002929
v -5.330078 -13.330079 -1.002929
v -5.789062 -14.000001 -1.901367
v -4.0 -13.0 -0.999999
v -5.0 -13.0 -0.999999
v -4.0 -16.0 -0.999999
v -5.0 -16.0 -0.999999
v 4.0 -12.0 -0.999999
v 3.0 -12.0 -0.999999
v 4.0 -16.0 -0.999999
v 3.0 -16.0 -0.999999
v 4.789063 -14.0 -1.901367
v 4.330079 -14.0 -1.002929
v 4.330079 -16.0 -1.002929
v 4.789063 -16.0 -1.901367
v 4.000001 -14.0 -1.0
v 4.000001 -16.0 -1.0
v 4.789063 -14.0 -1.901367
v 4.789063 -16.0 -1.901367
v 5.000001 -16.0 -2.0
v 5.000001 -14.0 -2.0
v 4.330079 -13.330078 -1.002929
v 5.000001 -13.330078 -1.002929
v 5.000001 -13.0 -1.0
v 4.000001 -13.0 -1.0
v 4.330079 -14.0 -1.002929
v 4.330079 -13.330078 -1.002929
v 4.000001 -13.0 -1.0
v 4.000001 -14.0 -1.0
v 4.330079 -14.0 -1.002929
v 4.789063 -14.0 -1.901367
v 4.330079 -13.330078 -1.002929
v 4.894532 -13.894531 -1.901367
v 5.000001 -13.789062 -1.901367
v 5.000001 -13.789062 -1.901367
v 4.894532 -13.894531 -1.901367
v 5.000001 -14.0 -2.0
v 4.789063 -14.0 -1.901367
v 5.000001 -13.330078 -1.002929
v 4.330079 -13.330078 -1.002929
v 5.000001 -13.789062 -1.901367
v 10.0 -12.0 -0.999999
v 4.0 -12.0 -0.999999
v 10.0 -13.0 -0.999999
v 4.0 -13.0 -0.999999
v 13.0 -14.0 -1.999999
v 5.0 -14.0 -1.999999
v 13.0 -16.0 -1.999999
v 5.0 -16.0 -1.999999
v 10.0 -13.789063 -1.901367
v 10.0 -13.330079 -1.002929
v 5.0 -13.330079 -1.002929
v 5.0 -13.789063 -1.901367
v 10.0 -13.000001 -1.0
v 5.0 -13.000001 -1.0
v 10.0 -13.789063 -1.901367
v 5.0 -13.789063 -1.901367
v 5.0 -14.000001 -2.0
v 10.0 -14.000001 -2.0
v 10.0 -8.0 -0.999999
v 9.0 -8.0 -0.999999
v 10.0 -12.0 -0.999999
v 9.0 -12.0 -0.999999
v 10.000001 -14.0 -2.0
v 11.000001 -14.0 -2.0
v 10.625001 -13.9375 -2.0
v 10.937501 -13.6875 -2.0
v 11.000001 -13.0 -2.0
v 10.937501 -13.6875 -2.0
v 11.000001 -13.0 -2.0
v 10.7890625 -13.0 -1.901367
v 10.750001 -13.5 -1.901367
v 10.000001 -14.0 -2.0
v 10.625001 -13.9375 -2.0
v 10.437501 -13.75 -1.901367
v 10.000001 -13.7890625 -1.901367
v 10.000001 -13.7890625 -1.901367
v 10.437501 -13.75 -1.901367
v 10.000001 -13.330078 -1.002929
v 10.750001 -13.5 -1.901367
v 10.330079 -13.0 -1.002929
v 10.7890625 -13.0 -1.901367
v 10.330079 -13.0 -1.002929
v 10.000001 -13.0 -1.0
v 10.000001 -13.330078 -1.002929
v 10.7890625 -10.0 -1.901367
v 10.330079 -10.0 -1.002929
v 10.330079 -13.0 -1.002929
v 10.7890625 -13.0 -1.901367
v 10.000001 -10.0 -1.0
v 10.000001 -13.0 -1.0
v 10.7890625 -10.0 -1.901367
v 10.7890625 -13.0 -1.901367
v 11.000001 -13.0 -2.0
v 11.000001 -10.0 -2.0
v 10.330079 -9.330078 -1.002929
v 11.000001 -9.330078 -1.002929
v 11.000001 -9.0 -1.0
v 10.000001 -9.0 -1.0
v 10.330079 -10.0 -1.002929
v 10.330079 -9.330078 -1.002929
v 10.000001 -9.0 -1.0
v 10.000001 -10.0 -1.0
v 10.330079 -10.0 -1.002929
v 10.7890625 -10.0 -1.901367
v 10.330079 -9.330078 -1.002929
v 10.894532 -9.894531 -1.901367
v 11.000001 -9.789062 -1.901367
v 11.000001 -9.789062 -1.901367
v 10.894532 -9.894531 -1.901367
v 11.000001 -10.0 -2.0
v 10.7890625 -10.0 -1.901367
v 11.000001 -9.330078 -1.002929
v 10.330079 -9.330078 -1.002929
v 11.000001 -9.789062 -1.901367
v 16.0 -8.0 -0.999999
v 10.0 -8.0 -0.999999
v 16.0 -9.0 -0.999999
v 10.0 -9.0 -0.999999
v 13.0 -10.0 -1.999999
v 11.0 -10.0 -1.999999
v 13.0 -14.0 -1.999999
v 11.0 -14.0 -1.999999
v 16.0 -9.789063 -1.901367
v 16.0 -9.330079 -1.002929
v 11.0 -9.330079 -1.002929
v 11.0 -9.789063 -1.901367
v 16.0 -9.000001 -1.0
v 11.0 -9.000001 -1.0
v 16.0 -9.789063 -1.901367
v 11.0 -9.789063 -1.901367
v 11.0 -10.000001 -2.0
v 16.0 -10.000001 -2.0
v 13.7890625 -13.0 -2.901367
v 13.330079 -13.0 -2.002929
v 13.330079 -16.0 -2.002929
v 13.7890625 -16.0 -2.901367
v 13.000001 -13.0 -2.0
v 13.000001 -16.0 -2.0
v 13.7890625 -13.0 -2.901367
v 13.7890625 -16.0 -2.901367
v 14.000001 -16.0 -3.0
v 14.000001 -13.0 -3.0
v 13.330079 -12.330078 -2.002929
v 14.000001 -12.330078 -2.002929
v 14.000001 -12.0 -2.0
v 13.000001 -12.0 -2.0
v 13.330079 -13.0 -2.002929
v 13.330079 -12.330078 -2.002929
v 13.000001 -12.0 -2.0
v 13.000001 -13.0 -2.0
v 13.330079 -13.0 -2.002929
v 13.7890625 -13.0 -2.901367
v 13.330079 -12.330078 -2.002929
v 13.894532 -12.894531 -2.901367
v 14.000001 -12.789062 -2.901367
v 14.000001 -12.789062 -2.901367
v 13.894532 -12.894531 -2.901367
v 14.000001 -13.0 -3.0
v 13.7890625 -13.0 -2.901367
v 14.000001 -12.330078 -2.002929
v 13.330079 -12.330078 -2.002929
v 14.000001 -12.789062 -2.901367
v 16.0 -10.0 -1.999999
v 13.0 -10.0 -1.999999
v 16.0 -12.0 -1.999999
v 13.0 -12.0 -1.999999
v 16.0 -13.0 -2.999999
v 14.0 -13.0 -2.999999
v 16.0 -16.0 -2.999999
v 14.0 -16.0 -2.999999
v 16.0 -12.789063 -2.901367
v 16.0 -12.330079 -2.002929
v 14.0 -12.330079 -2.002929
v 14.0 -12.789063 -2.901367
v 16.0 -12.000001 -2.0
v 14.0 -12.000001 -2.0
v 16.0 -12.789063 -2.901367
v 14.0 -12.789063 -2.901367
v 14.0 -13.000001 -3.0
v 16.0 -13.000001 -3.0
v 16.0 0.0 -0.999999
v 15.0 0.0 -0.999999
v 16.0 -8.0 -0.999999
v 15.0 -8.0 -0.999999
v 16.0 8.0 -0.999999
v 15.0 8.0 -0.999999
v 16.0 0.0 -0.999999
v 15.0 0.0 -0.999999
v 16.0 16.0 -0.999999
v 15.0 16.0 -0.999999
v 16.0 8.0 -0.999999
v 15.0 8.0 -0.999999
v -14.0 -16.000008 -0.6875
v -14.0 -7.9999924 -0.687499
v -16.0 -7.9999924 -0.687499
v -16.0 -16.000008 -0.6875
v -14.0 -8.000008 -0.6875
v -14.0 7.6293945E-6 -0.687499
v -16.0 7.6293945E-6 -0.687499
v -16.0 -8.000008 -0.6875
v -14.0 -8.106232E-6 -0.6875
v -14.0 8.000008 -0.687499
v -16.0 8.000008 -0.687499
v -16.0 -8.106232E-6 -0.6875
v -14.0 7.999992 -0.6875
v -14.0 16.000008 -0.687499
v -16.0 16.000008 -0.687499
v -16.0 7.999992 -0.6875
v -6.0 -16.000006 -0.6875
v -6.0 -9.999994 -0.687499
v -14.0 -9.999994 -0.687499
v -14.0 -16.000006 -0.6875
v -7.0 11.999996 -0.6875
v -7.0 16.000004 -0.687499
v -14.0 16.000004 -0.687499
v -14.0 11.999996 -0.6875
v 1.0 14.999999 -0.6875
v 1.0 16.0 -0.687499
v -7.0 16.0 -0.687499
v -7.0 14.999999 -0.6875
v -3.0 -16.000006 -0.6875
v -3.0 -9.999994 -0.687499
v -6.0 -9.999994 -0.687499
v -6.0 -16.000006 -0.6875
v -2.0 -16.000006 -0.6875
v -2.0 -10.999995 -0.687499
v -3.0 -10.999995 -0.687499
v -3.0 -16.000006 -0.6875
v 9.0 -16.000006 -0.6875
v 9.0 -9.999994 -0.687499
v 1.0 -9.999994 -0.687499
v 1.0 -16.000006 -0.6875
v 9.0 14.999999 -0.6875
v 9.0 16.0 -0.687499
v 1.0 16.0 -0.687499
v 1.0 14.999999 -0.6875
v 13.0 11.999997 -0.6875
v 13.0 15.000003 -0.687499
v 5.0 15.000003 -0.687499
v 5.0 11.999997 -0.6875
v 15.0 -10.000004 -0.6875
v 15.0 -5.999996 -0.687499
v 7.0 -5.999996 -0.687499
v 7.0 -10.000004 -0.6875
v 16.0 -16.000006 -0.6875
v 16.0 -9.999994 -0.687499
v 9.0 -9.999994 -0.687499
v 9.0 -16.000006 -0.6875
v 16.0 14.999999 -0.6875
v 16.0 16.0 -0.687499
v 9.0 16.0 -0.687499
v 9.0 14.999999 -0.6875
v 16.0 -6.000008 -0.6875
v 16.0 2.0000076 -0.687499
v 13.0 2.0000076 -0.687499
v 13.0 -6.000008 -0.6875
v 16.0 1.9999919 -0.6875
v 16.0 10.000008 -0.687499
v 13.0 10.000008 -0.687499
v 13.0 1.9999919 -0.6875
v 16.0 9.999995 -0.6875
v 16.0 15.000005 -0.687499
v 13.0 15.000005 -0.687499
v 13.0 9.999995 -0.6875
v 16.0 -10.000004 -0.6875
v 16.0 -5.999996 -0.687499
v 15.0 -5.999996 -0.687499
v 15.0 -10.000004 -0.6875
vt 0.0 0.0
vt 0.0 -1.0
vt 8.0 -1.0
vt 8.0 0.0
vt 0.0 -1.0
vt 8.0 -1.0
vt 8.0 0.03125
vt 0.0 0.03125
vt 0.0 1.0
vt 8.0 1.0
vt 8.0 0.65625
vt 8.0 0.875
vt 0.0 0.875
vt 0.0 0.65625
vt 8.0 -0.125
vt 8.0 0.0
vt 0.0 0.0
vt 0.0 -0.125
vt 0.0 6.0
vt 0.0 0.0
vt 1.0 0.0
vt 1.0 6.0
vt 1.25 5.0
vt 0.5 5.0
vt 0.5 3.0
vt 1.25 3.0
vt 1.25 6.0
vt 0.5 6.0
vt 0.5 5.0
vt 1.25 5.0
vt 0.0 6.0
vt 0.0 0.0
vt 2.0 0.0
vt 2.0 6.0
vt 0.0 0.0
vt 0.0 -1.0
vt 8.0 -1.0
vt 8.0 0.0
vt 0.0 -1.0
vt 8.0 -1.0
vt 8.0 0.03125
vt 0.0 0.03125
vt 0.0 1.0
vt 8.0 1.0
vt 8.0 0.65625
vt 8.0 0.875
vt 0.0 0.875
vt 0.0 0.65625
vt 8.0 -0.125
vt 8.0 0.0
vt 0.0 0.0
vt 0.0 -0.125
vt 0.0 1.0
vt 0.0 0.0
vt 4.0 0.0
vt 4.0 1.0
vt 2.75 2.25
vt 0.75 2.25
vt 0.75 1.75
vt 2.75 1.75
vt 1.5 3.0
vt 0.75 3.0
vt 0.75 2.25
vt 1.5 2.25
vt 1.75 7.0
vt 1.0 7.0
vt 1.0 6.0
vt 1.75 6.0
vt 0.0 2.0
vt 0.0 0.0
vt 5.0 0.0
vt 5.0 2.0
vt 1.5 5.0
vt 1.25 5.0
vt 1.25 3.0
vt 1.5 3.0
vt 3.25 5.5
vt 1.25 5.5
vt 1.25 5.0
vt 3.25 5.0
vt 1.75 6.0
vt 1.25 6.0
vt 1.25 5.5
vt 1.75 5.5
vt 3.5 2.5
vt 1.5 2.5
vt 1.5 2.25
vt 3.5 2.25
vt 2.25 3.75
vt 1.5 3.75
vt 1.5 2.5
vt 2.25 2.5
vt 3.5 4.5
vt 1.5 4.5
vt 1.5 3.75
vt 3.5 3.75
vt 2.25 5.0
vt 1.5 5.0
vt 1.5 4.5
vt 2.25 4.5
vt 3.75 1.75
vt 1.75 1.75
vt 1.75 1.5
vt 3.75 1.5
vt 1.75 5.5
vt 3.25 5.5
vt 3.25 6.75
vt 1.75 6.75
vt 3.75 7.0
vt 1.75 7.0
vt 1.75 6.75
vt 3.75 6.75
vt 3.5 3.75
vt 2.25 3.75
vt 2.25 2.5
vt 3.5 2.5
vt 4.25 4.75
vt 2.25 4.5
vt 2.25 4.75
vt 4.25 4.5
vt 3.5 5.0
vt 2.25 5.0
vt 2.25 4.75
vt 3.5 4.75
vt 2.25 7.5
vt 2.25 7.0
vt 4.25 7.5
vt 4.25 7.0
vt 0.0 0.0
vt 0.0 -1.0
vt 1.0 -1.0
vt 1.0 0.0
vt 0.0 -1.0
vt 1.0 -1.0
vt 1.0 0.03125
vt 0.0 0.03125
vt 0.0 1.0
vt 1.0 1.0
vt 1.0 0.65625
vt 1.0 0.875
vt 0.0 0.875
vt 0.0 0.65625
vt 1.0 -0.125
vt 1.0 0.0
vt 0.0 0.0
vt 0.0 -0.125
vt 0.0 0.0
vt 0.0 -1.0
vt 8.0 -1.0
vt 8.0 0.0
vt 0.0 -1.0
vt 8.0 -1.0
vt 8.0 0.03125
vt 0.0 0.03125
vt 0.0 1.0
vt 8.0 1.0
vt 8.0 0.65625
vt 8.0 0.875
vt 0.0 0.875
vt 0.0 0.65625
vt 8.0 -0.125
vt 8.0 0.0
vt 0.0 0.0
vt 0.0 -0.125
vt 0.0 0.0
vt 0.0 -1.0
vt 3.0 -1.0
vt 3.0 0.0
vt 0.0 -1.0
vt 3.0 -1.0
vt 3.0 0.03125
vt 0.0 0.03125
vt 0.0 1.0
vt 3.0 1.0
vt 3.0 0.65625
vt 3.0 0.875
vt 0.0 0.875
vt 0.0 0.65625
vt 3.0 -0.125
vt 3.0 0.0
vt 0.0 0.0
vt 0.0 -0.125
vt 1.0 -0.125
vt -1.0 0.0
vt -1.0 -0.125
vt 1.0 -0.34375
vt 1.0 -0.34375
vt 3.0 -0.34375
vt 1.0 -0.125
vt 3.0 -0.125
vt 1.0 0.0
vt 3.0 0.0
vt -1.0 -0.34375
vt 1.0 0.0
vt 1.0 0.0
vt -1.0 0.0
vt 1.0 -1.0
vt -1.0 -1.0
vt 1.0 -1.0
vt -1.0 -1.0
vt 1.0 0.0
vt -1.0 0.0
vt 1.0 -1.0
vt -1.0 -1.0
vt -1.0 -1.0
vt 1.0 -1.0
vt 0.0 -0.96875
vt 0.0 0.0
vt 1.0 0.0
vt 2.0 -0.96875
vt 1.0 0.0
vt 2.0 0.0
vt 2.75 2.25
vt 2.75 1.75
vt 4.75 2.25
vt 4.75 1.75
vt 3.25 5.0
vt 3.5 5.0
vt 3.5 6.25
vt 3.25 6.25
vt 3.25 6.5
vt 5.25 6.25
vt 5.25 6.5
vt 3.25 6.25
vt 4.25 6.75
vt 3.25 6.5
vt 3.25 6.75
vt 4.25 6.5
vt 3.5 1.5
vt 3.5 0.0
vt 4.25 1.5
vt 4.25 0.0
vt 3.5 3.5
vt 3.5 2.25
vt 5.25 3.5
vt 5.25 2.25
vt 3.5 4.5
vt 3.5 3.5
vt 5.25 4.5
vt 5.25 3.5
vt 3.5 5.5
vt 4.25 4.75
vt 4.25 5.5
vt 3.5 4.75
vt 3.5 5.5
vt 4.5 5.5
vt 4.5 5.75
vt 3.5 5.75
vt 4.25 6.25
vt 4.25 5.75
vt 3.5 6.25
vt 3.5 5.75
vt 3.75 1.75
vt 3.75 1.5
vt 5.75 1.75
vt 5.75 1.5
vt 3.75 7.0
vt 5.75 6.75
vt 5.75 7.0
vt 3.75 6.75
vt 0.0 0.0
vt 0.0 -1.0
vt 3.0 -1.0
vt 3.0 0.0
vt 0.0 -1.0
vt 3.0 -1.0
vt 3.0 0.03125
vt 0.0 0.03125
vt 0.0 1.0
vt 3.0 1.0
vt 3.0 0.65625
vt 3.0 0.875
vt 0.0 0.875
vt 0.0 0.65625
vt 3.0 -0.125
vt 3.0 0.0
vt 0.0 0.0
vt 0.0 -0.125
vt 1.0 -0.125
vt -1.0 0.0
vt -1.0 -0.125
vt 1.0 -0.34375
vt 1.0 -0.34375
vt 3.0 -0.34375
vt 1.0 -0.125
vt 3.0 -0.125
vt 1.0 0.0
vt 3.0 0.0
vt -1.0 -0.34375
vt 1.0 0.0
vt 1.0 0.0
vt -1.0 0.0
vt 1.0 -1.0
vt -1.0 -1.0
vt 1.0 -1.0
vt -1.0 -1.0
vt 1.0 0.0
vt -1.0 0.0
vt 1.0 -1.0
vt -1.0 -1.0
vt -1.0 -1.0
vt 1.0 -1.0
vt 0.0 -0.96875
vt 0.0 0.0
vt 1.0 0.0
vt 2.0 -0.96875
vt 1.0 0.0
vt 2.0 0.0
vt 4.5 5.5
vt 4.5 4.5
vt 4.25 5.5
vt 4.25 4.5
vt 4.25 6.25
vt 4.25 5.75
vt 6.0 6.25
vt 6.0 5.75
vt 6.25 6.75
vt 4.25 6.75
vt 4.25 6.5
vt 6.25 6.5
vt 5.25 7.5
vt 4.25 7.5
vt 4.25 7.0
vt 5.25 7.0
vt 5.25 5.25
vt 4.5 4.5
vt 4.5 5.25
vt 5.25 4.5
vt 6.0 5.75
vt 4.5 5.75
vt 4.5 5.25
vt 6.0 5.25
vt 0.0 0.0
vt 0.0 -1.0
vt 8.0 -1.0
vt 8.0 0.0
vt 0.0 -1.0
vt 8.0 -1.0
vt 8.0 0.03125
vt 0.0 0.03125
vt 0.0 1.0
vt 8.0 1.0
vt 8.0 0.65625
vt 8.0 0.875
vt 0.0 0.875
vt 0.0 0.65625
vt 8.0 -0.125
vt 8.0 0.0
vt 0.0 0.0
vt 0.0 -0.125
vt 5.25 2.25
vt 4.75 2.25
vt 4.75 1.75
vt 5.25 1.75
vt 0.0 0.0
vt 0.0 -1.0
vt 3.0 -1.0
vt 3.0 0.0
vt 0.0 -1.0
vt 3.0 -1.0
vt 3.0 0.03125
vt 0.0 0.03125
vt 0.0 1.0
vt 3.0 1.0
vt 3.0 0.65625
vt 3.0 0.875
vt 0.0 0.875
vt 0.0 0.65625
vt 3.0 -0.125
vt 3.0 0.0
vt 0.0 0.0
vt 0.0 -0.125
vt 5.75 3.25
vt 5.25 3.25
vt 5.25 1.75
vt 5.75 1.75
vt 5.25 5.25
vt 6.0 3.25
vt 6.0 5.25
vt 5.25 3.25
vt 6.0 6.5
vt 5.25 6.25
vt 5.25 6.5
vt 6.0 6.25
vt 0.0 2.0
vt 0.0 0.0
vt 8.0 0.0
vt 8.0 2.0
vt -1.5 -1.0
vt -1.5 -1.0
vt 0.5 -1.0
vt 0.5 -1.0
vt -0.5 0.0
vt -1.5 -1.0
vt 0.5 -1.0
vt 0.5 -1.0
vt -1.5 -1.0
vt -1.5 -1.0
vt -0.5 1.0
vt 1.0 1.0
vt 2.0 0.03125
vt -0.5 0.03125
vt 0.0 1.0
vt 1.5 1.0
vt 1.5 0.03125
vt -1.0 0.03125
vt 1.0 -0.34375
vt 2.0 -0.375
vt 1.0 -0.125
vt 3.0 -0.125
vt 3.0 0.0
vt 1.0 0.0
vt 1.0 -0.125
vt 3.0 -0.125
vt 3.0 -0.125
vt 2.0 -0.375
vt 3.0 -0.34375
vt 0.0 0.0
vt 0.0 -1.0
vt 1.0 -1.0
vt 1.0 0.0
vt 0.0 -1.0
vt 1.0 -1.0
vt 1.0 0.03125
vt 0.0 0.03125
vt 0.0 1.0
vt 1.0 1.0
vt 1.0 0.65625
vt 1.0 0.875
vt 0.0 0.875
vt 0.0 0.65625
vt 1.0 -0.125
vt 1.0 0.0
vt 0.0 0.0
vt 0.0 -0.125
vt 1.0 -0.125
vt -1.0 0.0
vt -1.0 -0.125
vt 1.0 -0.34375
vt 1.0 -0.34375
vt 3.0 -0.34375
vt 1.0 -0.125
vt 3.0 -0.125
vt 1.0 0.0
vt 3.0 0.0
vt -1.0 -0.34375
vt 1.0 0.0
vt 1.0 0.0
vt -1.0 0.0
vt 1.0 -1.0
vt -1.0 -1.0
vt 1.0 -1.0
vt -1.0 -1.0
vt 1.0 0.0
vt -1.0 0.0
vt 1.0 -1.0
vt -1.0 -1.0
vt -1.0 -1.0
vt 1.0 -1.0
vt 0.0 -0.96875
vt 0.0 0.0
vt 1.0 0.0
vt 2.0 -0.96875
vt 1.0 0.0
vt 2.0 0.0
vt 6.75 3.25
vt 5.75 3.25
vt 5.75 2.5
vt 6.75 2.5
vt 5.75 6.75
vt 6.75 6.75
vt 6.75 7.0
vt 5.75 7.0
vt 6.5 5.0
vt 6.0 5.0
vt 6.0 3.25
vt 6.5 3.25
vt 6.0 6.5
vt 6.0 5.0
vt 6.75 6.5
vt 6.75 5.0
vt 6.75 6.75
vt 6.25 6.75
vt 6.25 6.5
vt 6.75 6.5
vt 0.0 0.0
vt 0.0 -1.0
vt 3.0 -1.0
vt 3.0 0.0
vt 0.0 -1.0
vt 3.0 -1.0
vt 3.0 0.03125
vt 0.0 0.03125
vt 0.0 1.0
vt 3.0 1.0
vt 3.0 0.65625
vt 3.0 0.875
vt 0.0 0.875
vt 0.0 0.65625
vt 3.0 -0.125
vt 3.0 0.0
vt 0.0 0.0
vt 0.0 -0.125
vt 6.5 5.0
vt 6.5 3.25
vt 6.75 5.0
vt 6.75 3.25
vt 0.0 0.0
vt 0.0 -1.0
vt 3.0 -1.0
vt 3.0 0.0
vt 0.0 -1.0
vt 3.0 -1.0
vt 3.0 0.03125
vt 0.0 0.03125
vt 0.0 1.0
vt 3.0 1.0
vt 3.0 0.65625
vt 3.0 0.875
vt 0.0 0.875
vt 0.0 0.65625
vt 3.0 -0.125
vt 3.0 0.0
vt 0.0 0.0
vt 0.0 -0.125
vt 0.0 5.0
vt 0.0 0.0
vt 2.0 0.0
vt 2.0 5.0
vt 7.25 5.75
vt 6.75 5.75
vt 6.75 3.75
vt 7.25 3.75
vt 6.75 5.75
vt 7.25 5.75
vt 7.25 6.0
vt 6.75 6.0
vt 0.0 4.0
vt 0.0 0.0
vt 2.0 0.0
vt 2.0 4.0
vt -1.5 -1.0
vt -1.5 -1.0
vt 0.5 -1.0
vt 0.5 -1.0
vt -0.5 0.0
vt -1.5 -1.0
vt 0.5 -1.0
vt 0.5 -1.0
vt -1.5 -1.0
vt -1.5 -1.0
vt -0.5 1.0
vt 1.0 1.0
vt 2.0 0.03125
vt -0.5 0.03125
vt 0.0 1.0
vt 1.5 1.0
vt 1.5 0.03125
vt -1.0 0.03125
vt 1.0 -0.34375
vt 2.0 -0.375
vt 1.0 -0.125
vt 3.0 -0.125
vt 3.0 0.0
vt 1.0 0.0
vt 1.0 -0.125
vt 3.0 -0.125
vt 3.0 -0.125
vt 2.0 -0.375
vt 3.0 -0.34375
vt 0.0 0.0
vt 0.0 -1.0
vt 8.0 -1.0
vt 8.0 0.0
vt 0.0 -1.0
vt 8.0 -1.0
vt 8.0 0.03125
vt 0.0 0.03125
vt 0.0 1.0
vt 8.0 1.0
vt 8.0 0.65625
vt 8.0 0.875
vt 0.0 0.875
vt 0.0 0.65625
vt 8.0 -0.125
vt 8.0 0.0
vt 0.0 0.0
vt 0.0 -0.125
vt 0.0 0.0
vt 0.0 -1.0
vt 8.0 -1.0
vt 8.0 0.0
vt 0.0 -1.0
vt 8.0 -1.0
vt 8.0 0.03125
vt 0.0 0.03125
vt 0.0 1.0
vt 8.0 1.0
vt 8.0 0.65625
vt 8.0 0.875
vt 0.0 0.875
vt 0.0 0.65625
vt 8.0 -0.125
vt 8.0 0.0
vt 0.0 0.0
vt 0.0 -0.125
vt 0.0 0.0
vt 0.0 -1.0
vt 4.0 -1.0
vt 4.0 0.0
vt 0.0 -1.0
vt 4.0 -1.0
vt 4.0 0.03125
vt 0.0 0.03125
vt 0.0 1.0
vt 4.0 1.0
vt 4.0 0.65625
vt 4.0 0.875
vt 0.0 0.875
vt 0.0 0.65625
vt 4.0 -0.125
vt 4.0 0.0
vt 0.0 0.0
vt 0.0 -0.125
vt -1.5 -1.0
vt -1.5 -1.0
vt 0.5 -1.0
vt 0.5 -1.0
vt -0.5 0.0
vt -1.5 -1.0
vt 0.5 -1.0
vt 0.5 -1.0
vt -1.5 -1.0
vt -1.5 -1.0
vt -0.5 1.0
vt 1.0 1.0
vt 2.0 0.03125
vt -0.5 0.03125
vt 0.0 1.0
vt 1.5 1.0
vt 1.5 0.03125
vt -1.0 0.03125
vt 1.0 -0.34375
vt 2.0 -0.375
vt 1.0 -0.125
vt 3.0 -0.125
vt 3.0 0.0
vt 1.0 0.0
vt 1.0 -0.125
vt 3.0 -0.125
vt 3.0 -0.125
vt 2.0 -0.375
vt 3.0 -0.34375
vt 0.0 0.0
vt 0.5 -1.0
vt 1.0 0.0
vt 0.0 -1.0
vt 1.0 -1.0
vt 0.500579 -8.2E-5
vt 0.0 -0.999918
vt 1.0 -0.999918
vt 0.0 0.0
vt 0.0 -1.0
vt 8.0 -1.0
vt 8.0 0.0
vt 0.0 -6.0E-5
vt 0.0 -1.0
vt 8.000424 -1.0
vt 8.000024 -6.0E-5
vt 0.0 0.0
vt 0.0 -1.0
vt 4.0 -1.0
vt 4.0 0.0
vt 0.0 -6.0E-5
vt 0.0 -1.0
vt 4.000212 -1.0
vt 4.000012 -6.0E-5
vt 0.0 0.0
vt 0.5 -1.0
vt 1.0 0.0
vt 0.0 -1.0
vt 1.0 -1.0
vt 0.500579 -8.2E-5
vt 0.0 -0.999918
vt 1.0 -0.999918
vt 0.0 0.0
vt 0.5 -1.0
vt 1.0 0.0
vt 0.0 -1.0
vt 1.0 -1.0
vt 0.500579 -8.2E-5
vt 0.0 -0.999918
vt 1.0 -0.999918
vt 0.0 0.0
vt 0.0 -1.0
vt 4.0 -1.0
vt 4.0 0.0
vt 0.0 -6.0E-5
vt 0.0 -1.0
vt 4.000212 -1.0
vt 4.000012 -6.0E-5
vt 0.0 0.0
vt 0.0 -1.0
vt 1.0 -1.0
vt 1.0 0.0
vt 0.0 0.0
vt 0.0 -1.0
vt 1.0 -1.0
vt 1.0 0.0
vt 5.3E-5 0.0
vt 5.4E-5 -0.999978
vt 1.000053 -0.999978
vt 1.000003 0.0
vt 5.3E-5 0.0
vt 5.4E-5 -0.999978
vt 1.000053 -0.999978
vt 1.000003 0.0
vt 0.0 0.0
vt 0.0 -1.0
vt 1.0 -1.0
vt 1.0 0.0
vt 0.0 -6.0E-5
vt 0.0 -1.0
vt 1.000053 -1.0
vt 1.000003 -6.0E-5
vt 3.000009 -6.0E-5
vt 0.0 0.0
vt 0.0 -1.0
vt 3.0 -1.0
vt 3.0 0.0
vt 3.0001593 -1.0
vt 0.0 -6.0E-5
vt 0.0 0.0
vt 0.0 -1.0
vt 1.0 -1.0
vt 1.0 0.0
vt 0.0 0.0
vt 0.0 -1.0
vt 1.0 -1.0
vt 1.0 0.0
vt 5.3E-5 0.0
vt 5.4E-5 -0.999978
vt 1.000053 -0.999978
vt 1.000003 0.0
vt 5.3E-5 0.0
vt 5.4E-5 -0.999978
vt 1.000053 -0.999978
vt 1.000003 0.0
vt 0.0 0.0
vt 0.0 -1.0
vt 3.0 -1.0
vt 3.0 0.0
vt 0.0 -6.0E-5
vt 0.0 -1.0
vt 3.0001593 -1.0
vt 3.000009 -6.0E-5
vt 0.0 0.0
vt 0.5 -1.0
vt 1.0 0.0
vt 0.0 -1.0
vt 1.0 -1.0
vt 0.500579 -8.2E-5
vt 0.0 -0.999918
vt 1.0 -0.999918
vt 0.0 0.0
vt 0.5 -1.0
vt 1.0 0.0
vt 0.0 -1.0
vt 1.0 -1.0
vt 0.500579 -8.2E-5
vt 0.0 -0.999918
vt 1.0 -0.999918
vt 0.0 0.0
vt 0.0 -1.0
vt 8.0 -1.0
vt 8.0 0.0
vt 0.0 -6.0E-5
vt 0.0 -1.0
vt 8.000424 -1.0
vt 8.000024 -6.0E-5
vt 0.0 0.0
vt 0.0 -1.0
vt 2.0 -1.0
vt 2.0 0.0
vt 0.0 -6.0E-5
vt 0.0 -1.0
vt 2.000106 -1.0
vt 2.000006 -6.0E-5
vt 0.0 0.0
vt 0.5 -1.0
vt 1.0 0.0
vt 0.0 -1.0
vt 1.0 -1.0
vt 0.500579 -8.2E-5
vt 0.0 -0.999918
vt 1.0 -0.999918
vt 0.0 0.0
vt 0.0 -1.0
vt 4.0 -1.0
vt 4.0 0.0
vt 0.0 -6.0E-5
vt 0.0 -1.0
vt 4.000212 -1.0
vt 4.000012 -6.0E-5
vt 0.0 0.0
vt 0.5 -1.0
vt 1.0 0.0
vt 0.0 -1.0
vt 1.0 -1.0
vt 0.500579 -8.2E-5
vt 0.0 -0.999918
vt 1.0 -0.999918
vt 0.0 0.0
vt 0.0 -1.0
vt 2.0 -1.0
vt 2.0 0.0
vt 0.0 -6.0E-5
vt 0.0 -1.0
vt 2.000106 -1.0
vt 2.000006 -6.0E-5
vt 0.0 0.0
vt 0.0 -1.0
vt 1.0 -1.0
vt 1.0 0.0
vt 0.0 0.0
vt 0.0 -1.0
vt 1.0 -1.0
vt 1.0 0.0
vt 5.3E-5 0.0
vt 5.4E-5 -0.999978
vt 1.000053 -0.999978
vt 1.000003 0.0
vt 5.3E-5 0.0
vt 5.4E-5 -0.999978
vt 1.000053 -0.999978
vt 1.000003 0.0
vt 0.0 0.0
vt 0.5 -1.0
vt 1.0 0.0
vt 0.0 -1.0
vt 1.0 -1.0
vt 0.500579 -8.2E-5
vt 0.0 -0.999918
vt 1.0 -0.999918
vt 0.0 0.0
vt 0.0 -1.0
vt 3.0 -1.0
vt 3.0 0.0
vt 0.0 -6.0E-5
vt 0.0 -1.0
vt 3.0001593 -1.0
vt 3.000009 -6.0E-5
vt 0.0 0.0
vt 0.5 -1.0
vt 1.0 0.0
vt 0.0 -1.0
vt 1.0 -1.0
vt 0.500579 -8.2E-5
vt 0.0 -0.999918
vt 1.0 -0.999918
vt 0.0 0.0
vt 0.0 -1.0
vt 1.0 -1.0
vt 1.0 0.0
vt 0.0 -6.0E-5
vt 0.0 -1.0
vt 1.000053 -1.0
vt 1.000003 -6.0E-5
vt 0.0 0.0
vt 0.5 -1.0
vt 1.0 0.0
vt 0.0 -1.0
vt 1.0 -1.0
vt 0.500579 -8.2E-5
vt 0.0 -0.999918
vt 1.0 -0.999918
vt 0.0 0.0
vt 0.0 -1.0
vt 1.0 -1.0
vt 1.0 0.0
vt 0.0 0.0
vt 0.0 -1.0
vt 1.0 -1.0
vt 1.0 0.0
vt 5.3E-5 0.0
vt 5.4E-5 -0.999978
vt 1.000053 -0.999978
vt 1.000003 0.0
vt 5.3E-5 0.0
vt 5.4E-5 -0.999978
vt 1.000053 -0.999978
vt 1.000003 0.0
vt 4.000012 -6.0E-5
vt 0.0 0.0
vt 0.0 -1.0
vt 4.0 -1.0
vt 4.0 0.0
vt 4.000212 -1.0
vt 0.0 -6.0E-5
vt 2.000006 -6.0E-5
vt 0.0 0.0
vt 0.0 -1.0
vt 2.0 -1.0
vt 2.0 0.0
vt 2.000106 -1.0
vt 0.0 -6.0E-5
vt 0.0 0.0
vt 0.0 -1.0
vt 2.0 -1.0
vt 2.0 0.0
vt 0.0 -6.0E-5
vt 0.0 -1.0
vt 2.000106 -1.0
vt 2.000006 -6.0E-5
vt 0.0 0.0
vt 0.0 -1.0
vt 1.0 -1.0
vt 1.0 0.0
vt 0.0 0.0
vt 0.0 -1.0
vt 1.0 -1.0
vt 1.0 0.0
vt 5.3E-5 0.0
vt 5.4E-5 -0.999978
vt 1.000053 -0.999978
vt 1.000003 0.0
vt 5.3E-5 0.0
vt 5.4E-5 -0.999978
vt 1.000053 -0.999978
vt 1.000003 0.0
vt 0.0 0.0
vt 0.0 -1.0
vt 4.0 -1.0
vt 4.0 0.0
vt 0.0 -6.0E-5
vt 0.0 -1.0
vt 4.000212 -1.0
vt 4.000012 -6.0E-5
vt 0.0 0.0
vt 0.5 -1.0
vt 1.0 0.0
vt 0.0 -1.0
vt 1.0 -1.0
vt 0.500579 -8.2E-5
vt 0.0 -0.999918
vt 1.0 -0.999918
vt 6.000018 -6.0E-5
vt 0.0 0.0
vt 0.0 -1.0
vt 6.0 -1.0
vt 6.0 0.0
vt 6.0003185 -1.0
vt 0.0 -6.0E-5
vt 0.0 0.0
vt 0.0 -1.0
vt 8.0 -1.0
vt 8.0 0.0
vt 0.0 -6.0E-5
vt 0.0 -1.0
vt 8.000424 -1.0
vt 8.000024 -6.0E-5
vt 0.0 0.0
vt 0.5 -1.0
vt 1.0 0.0
vt 0.0 -1.0
vt 1.0 -1.0
vt 0.500579 -8.2E-5
vt 0.0 -0.999918
vt 1.0 -0.999918
vt 0.0 0.0
vt 0.0 -1.0
vt 4.0 -1.0
vt 4.0 0.0
vt 0.0 -6.0E-5
vt 0.0 -1.0
vt 4.000212 -1.0
vt 4.000012 -6.0E-5
vt 0.0 0.0
vt 0.0 -1.0
vt 1.0 -1.0
vt 1.0 0.0
vt 0.0 0.0
vt 0.0 -1.0
vt 1.0 -1.0
vt 1.0 0.0
vt 5.3E-5 0.0
vt 5.4E-5 -0.999978
vt 1.000053 -0.999978
vt 1.000003 0.0
vt 5.3E-5 0.0
vt 5.4E-5 -0.999978
vt 1.000053 -0.999978
vt 1.000003 0.0
vt 0.0 0.0
vt 0.0 -1.0
vt 1.0 -1.0
vt 1.0 0.0
vt 0.0 0.0
vt 0.0 -1.0
vt 1.0 -1.0
vt 1.0 0.0
vt 5.3E-5 0.0
vt 5.4E-5 -0.999978
vt 1.000053 -0.999978
vt 1.000003 0.0
vt 5.3E-5 0.0
vt 5.4E-5 -0.999978
vt 1.000053 -0.999978
vt 1.000003 0.0
vt 0.0 0.0
vt 0.0 -1.0
vt 1.0 -1.0
vt 1.0 0.0
vt 0.0 -6.0E-5
vt 0.0 -1.0
vt 1.000053 -1.0
vt 1.000003 -6.0E-5
vt 0.0 0.0
vt 0.5 -1.0
vt 1.0 0.0
vt 0.0 -1.0
vt 1.0 -1.0
vt 0.500579 -8.2E-5
vt 0.0 -0.999918
vt 1.0 -0.999918
vt 0.0 0.0
vt 0.0 -1.0
vt 1.0 -1.0
vt 1.0 0.0
vt 0.0 0.0
vt 0.0 -1.0
vt 1.0 -1.0
vt 1.0 0.0
vt 5.3E-5 0.0
vt 5.4E-5 -0.999978
vt 1.000053 -0.999978
vt 1.000003 0.0
vt 5.3E-5 0.0
vt 5.4E-5 -0.999978
vt 1.000053 -0.999978
vt 1.000003 0.0
vt 0.0 0.0
vt 0.0 -1.0
vt 1.0 -1.0
vt 1.0 0.0
vt 0.0 -6.0E-5
vt 0.0 -1.0
vt 1.000053 -1.0
vt 1.000003 -6.0E-5
vt 0.0 0.0
vt 0.5 -1.0
vt 1.0 0.0
vt 0.0 -1.0
vt 1.0 -1.0
vt 0.500579 -8.2E-5
vt 0.0 -0.999918
vt 1.0 -0.999918
vt 5.000015 -6.0E-5
vt 0.0 0.0
vt 0.0 -1.0
vt 5.0 -1.0
vt 5.0 0.0
vt 5.000265 -1.0
vt 0.0 -6.0E-5
vt 0.0 0.0
vt 0.0 -1.0
vt 3.0 -1.0
vt 3.0 0.0
vt 0.0 -6.0E-5
vt 0.0 -1.0
vt 3.0001593 -1.0
vt 3.000009 -6.0E-5
vt 0.0 0.0
vt 0.0 -1.0
vt 8.0 -1.0
vt 8.0 0.0
vt 0.0 -6.0E-5
vt 0.0 -1.0
vt 8.000424 -1.0
vt 8.000024 -6.0E-5
vt 0.0 0.0
vt 0.5 -1.0
vt 1.0 0.0
vt 0.0 -1.0
vt 1.0 -1.0
vt 0.500579 -8.2E-5
vt 0.0 -0.999918
vt 1.0 -0.999918
vt 0.0 0.0
vt 0.0 -1.0
vt 1.0 -1.0
vt 1.0 0.0
vt 0.0 -6.0E-5
vt 0.0 -1.0
vt 1.000053 -1.0
vt 1.000003 -6.0E-5
vt 0.0 0.0
vt 0.0 -1.0
vt 1.0 -1.0
vt 1.0 0.0
vt 0.0 0.0
vt 0.0 -1.0
vt 1.0 -1.0
vt 1.0 0.0
vt 5.3E-5 0.0
vt 5.4E-5 -0.999978
vt 1.000053 -0.999978
vt 1.000003 0.0
vt 5.3E-5 0.0
vt 5.4E-5 -0.999978
vt 1.000053 -0.999978
vt 1.000003 0.0
vt 3.000009 -6.0E-5
vt 0.0 0.0
vt 0.0 -1.0
vt 3.0 -1.0
vt 3.0 0.0
vt 3.0001593 -1.0
vt 0.0 -6.0E-5
vt 0.0 0.0
vt 0.0 -1.0
vt 1.0 -1.0
vt 1.0 0.0
vt 0.0 0.0
vt 0.0 -1.0
vt 1.0 -1.0
vt 1.0 0.0
vt 5.3E-5 0.0
vt 5.4E-5 -0.999978
vt 1.000053 -0.999978
vt 1.000003 0.0
vt 5.3E-5 0.0
vt 5.4E-5 -0.999978
vt 1.000053 -0.999978
vt 1.000003 0.0
vt 0.0 0.0
vt 0.0 -1.0
vt 4.0 -1.0
vt 4.0 0.0
vt 0.0 -6.0E-5
vt 0.0 -1.0
vt 4.000212 -1.0
vt 4.000012 -6.0E-5
vt 0.0 0.0
vt 0.5 -1.0
vt 1.0 0.0
vt 0.0 -1.0
vt 1.0 -1.0
vt 0.500579 -8.2E-5
vt 0.0 -0.999918
vt 1.0 -0.999918
vt 0.0 0.0
vt 0.0 -1.0
vt 5.0 -1.0
vt 5.0 0.0
vt 0.0 -6.0E-5
vt 0.0 -1.0
vt 5.000265 -1.0
vt 5.000015 -6.0E-5
vt 0.0 0.0
vt 0.0 -1.0
vt 1.0 -1.0
vt 1.0 0.0
vt 0.0 0.0
vt 0.0 -1.0
vt 1.0 -1.0
vt 1.0 0.0
vt 5.3E-5 0.0
vt 5.4E-5 -0.999978
vt 1.000053 -0.999978
vt 1.000003 0.0
vt 5.3E-5 0.0
vt 5.4E-5 -0.999978
vt 1.000053 -0.999978
vt 1.000003 0.0
vt 0.0 0.0
vt 0.5 -1.0
vt 1.0 0.0
vt 0.0 -1.0
vt 1.0 -1.0
vt 0.500579 -8.2E-5
vt 0.0 -0.999918
vt 1.0 -0.999918
vt 0.0 0.0
vt 0.0 -1.0
vt 3.0 -1.0
vt 3.0 0.0
vt 0.0 -6.0E-5
vt 0.0 -1.0
vt 3.0001593 -1.0
vt 3.000009 -6.0E-5
vt 0.0 0.0
vt 0.5 -1.0
vt 1.0 0.0
vt 0.0 -1.0
vt 1.0 -1.0
vt 0.500579 -8.2E-5
vt 0.0 -0.999918
vt 1.0 -0.999918
vt 0.0 0.0
vt 0.0 -1.0
vt 4.0 -1.0
vt 4.0 0.0
vt 0.0 -6.0E-5
vt 0.0 -1.0
vt 4.000212 -1.0
vt 4.000012 -6.0E-5
vt -1.890625 -0.0625
vt -1.984375 -0.0625
vt -1.984375 -0.4375
vt -1.890625 -0.4375
vt -1.980469 -0.546875
vt -1.980469 -0.703125
vt -1.894531 -0.703125
vt -1.894531 -0.546875
vt -0.835938 0.0
vt -0.375 0.0
vt -0.375 -0.4375
vt -0.835938 -0.4375
vt -0.835938 -0.4375
vt -0.375 -0.4375
vt -0.375 -4.0
vt -0.835938 -4.0
vt -1.9375 -0.875
vt -1.9375 -0.875
vt -1.9375 -0.875
vt -1.9375 -0.875
vt -1.9375 -0.875
vt -1.9375 -0.875
vt -1.9375 -0.875
vt -1.9375 -0.875
vt -1.980469 -0.546875
vt -1.980469 -0.703125
vt -1.894531 -0.703125
vt -1.894531 -0.546875
vt -1.890625 -0.0625
vt -1.984375 -0.0625
vt -1.984375 -0.4375
vt -1.890625 -0.4375
vt -1.9375 -0.875
vt -1.9375 -0.875
vt -1.9375 -0.875
vt -1.9375 -0.875
vt -1.9375 -0.875
vt -1.9375 -0.875
vt -1.9375 -0.875
vt -1.9375 -0.875
vt -0.835938 -0.4375
vt -0.835938 -4.0
vt -0.835938 0.0
vt -0.835938 -0.4375
vt 0.0 0.0
vt 0.5 -1.0
vt 1.0 0.0
vt 0.0 -1.0
vt 1.0 -1.0
vt 0.500579 -8.2E-5
vt 0.0 -0.999918
vt 1.0 -0.999918
vt 0.0 0.0
vt 0.0 -1.0
vt 3.0 -1.0
vt 3.0 0.0
vt 0.0 -6.0E-5
vt 0.0 -1.0
vt 3.0001593 -1.0
vt 3.000009 -6.0E-5
vt 0.0 0.0
vt 0.0 -1.0
vt 1.0 -1.0
vt 1.0 0.0
vt 0.0 0.0
vt 0.0 -1.0
vt 1.0 -1.0
vt 1.0 0.0
vt 5.3E-5 0.0
vt 5.4E-5 -0.999978
vt 1.000053 -0.999978
vt 1.000003 0.0
vt 5.3E-5 0.0
vt 5.4E-5 -0.999978
vt 1.000053 -0.999978
vt 1.000003 0.0
vt -1.890625 -0.0625
vt -1.984375 -0.0625
vt -1.984375 -0.4375
vt -1.890625 -0.4375
vt -1.980469 -0.546875
vt -1.980469 -0.703125
vt -1.894531 -0.703125
vt -1.894531 -0.546875
vt -0.835938 0.0
vt -0.375 0.0
vt -0.375 -0.4375
vt -0.835938 -0.4375
vt -0.835938 -0.4375
vt -0.375 -0.4375
vt -0.375 -4.0
vt -0.835938 -4.0
vt -1.9375 -0.875
vt -1.9375 -0.875
vt -1.9375 -0.875
vt -1.9375 -0.875
vt -1.9375 -0.875
vt -1.9375 -0.875
vt -1.9375 -0.875
vt -1.9375 -0.875
vt -1.980469 -0.546875
vt -1.980469 -0.703125
vt -1.894531 -0.703125
vt -1.894531 -0.546875
vt -1.890625 -0.0625
vt -1.984375 -0.0625
vt -1.984375 -0.4375
vt -1.890625 -0.4375
vt -1.9375 -0.875
vt -1.9375 -0.875
vt -1.9375 -0.875
vt -1.9375 -0.875
vt -1.9375 -0.875
vt -1.9375 -0.875
vt -1.9375 -0.875
vt -1.9375 -0.875
vt -0.835938 -0.4375
vt -0.835938 -4.0
vt -0.835938 0.0
vt -0.835938 -0.4375
vt 0.0 0.0
vt 0.0 -1.0
vt 3.0 -1.0
vt 3.0 0.0
vt 0.0 -6.0E-5
vt 0.0 -1.0
vt 3.0001593 -1.0
vt 3.000009 -6.0E-5
vt -1.890625 -0.0625
vt -1.984375 -0.0625
vt -1.984375 -0.4375
vt -1.890625 -0.4375
vt -1.980469 -0.546875
vt -1.980469 -0.703125
vt -1.894531 -0.703125
vt -1.894531 -0.546875
vt -0.835938 0.0
vt -0.375 0.0
vt -0.375 -0.4375
vt -0.835938 -0.4375
vt -0.835938 -0.4375
vt -0.375 -0.4375
vt -0.375 -4.0
vt -0.835938 -4.0
vt -1.9375 -0.875
vt -1.9375 -0.875
vt -1.9375 -0.875
vt -1.9375 -0.875
vt -1.9375 -0.875
vt -1.9375 -0.875
vt -1.9375 -0.875
vt -1.9375 -0.875
vt -1.980469 -0.546875
vt -1.980469 -0.703125
vt -1.894531 -0.703125
vt -1.894531 -0.546875
vt -1.890625 -0.0625
vt -1.984375 -0.0625
vt -1.984375 -0.4375
vt -1.890625 -0.4375
vt -1.9375 -0.875
vt -1.9375 -0.875
vt -1.9375 -0.875
vt -1.9375 -0.875
vt -1.9375 -0.875
vt -1.9375 -0.875
vt -1.9375 -0.875
vt -1.9375 -0.875
vt -0.835938 -0.4375
vt -0.835938 -4.0
vt -0.835938 0.0
vt -0.835938 -0.4375
vt 0.0 0.0
vt 0.0 -1.0
vt 2.0 -1.0
vt 2.0 0.0
vt 0.0 -6.0E-5
vt 0.0 -1.0
vt 2.000106 -1.0
vt 2.000006 -6.0E-5
vt 0.0 0.0
vt 0.0 -1.0
vt 5.0 -1.0
vt 5.0 0.0
vt 0.0 -6.0E-5
vt 0.0 -1.0
vt 5.000265 -1.0
vt 5.000015 -6.0E-5
vt 0.0 0.0
vt 0.0 -1.0
vt 1.0 -1.0
vt 1.0 0.0
vt 0.0 0.0
vt 0.0 -1.0
vt 1.0 -1.0
vt 1.0 0.0
vt 5.3E-5 0.0
vt 5.4E-5 -0.999978
vt 1.000053 -0.999978
vt 1.000003 0.0
vt 5.3E-5 0.0
vt 5.4E-5 -0.999978
vt 1.000053 -0.999978
vt 1.000003 0.0
vt 4.000012 -6.0E-5
vt 0.0 0.0
vt 0.0 -1.0
vt 4.0 -1.0
vt 4.0 0.0
vt 4.000212 -1.0
vt 0.0 -6.0E-5
vt 0.0 0.0
vt 0.5 -1.0
vt 1.0 0.0
vt 0.0 -1.0
vt 1.0 -1.0
vt 0.500579 -8.2E-5
vt 0.0 -0.999918
vt 1.0 -0.999918
vt 0.0 0.0
vt 0.0 -1.0
vt 3.0 -1.0
vt 3.0 0.0
vt 0.0 -6.0E-5
vt 0.0 -1.0
vt 3.0001593 -1.0
vt 3.000009 -6.0E-5
vt 0.0 0.0
vt 0.5 -1.0
vt 1.0 0.0
vt 0.0 -1.0
vt 1.0 -1.0
vt 0.500579 -8.2E-5
vt 0.0 -0.999918
vt 1.0 -0.999918
vt 0.0 0.0
vt 0.0 -1.0
vt 1.0 -1.0
vt 1.0 0.0
vt 0.0 0.0
vt 0.0 -1.0
vt 1.0 -1.0
vt 1.0 0.0
vt 5.3E-5 0.0
vt 5.4E-5 -0.999978
vt 1.000053 -0.999978
vt 1.000003 0.0
vt 5.3E-5 0.0
vt 5.4E-5 -0.999978
vt 1.000053 -0.999978
vt 1.000003 0.0
vt 0.0 0.0
vt 0.0 -1.0
vt 1.0 -1.0
vt 1.0 0.0
vt 0.0 -6.0E-5
vt 0.0 -1.0
vt 1.000053 -1.0
vt 1.000003 -6.0E-5
vt 0.0 0.0
vt 0.5 -1.0
vt 1.0 0.0
vt 0.0 -1.0
vt 1.0 -1.0
vt 0.500579 -8.2E-5
vt 0.0 -0.999918
vt 1.0 -0.999918
vt 0.0 0.0
vt 0.0 -1.0
vt 1.0 -1.0
vt 1.0 0.0
vt 0.0 0.0
vt 0.0 -1.0
vt 1.0 -1.0
vt 1.0 0.0
vt 5.3E-5 0.0
vt 5.4E-5 -0.999978
vt 1.000053 -0.999978
vt 1.000003 0.0
vt 5.3E-5 0.0
vt 5.4E-5 -0.999978
vt 1.000053 -0.999978
vt 1.000003 0.0
vt 0.0 0.0
vt 0.5 -1.0
vt 1.0 0.0
vt 0.0 -1.0
vt 1.0 -1.0
vt 0.500579 -8.2E-5
vt 0.0 -0.999918
vt 1.0 -0.999918
vt 0.0 0.0
vt 0.0 -1.0
vt 4.0 -1.0
vt 4.0 0.0
vt 0.0 -6.0E-5
vt 0.0 -1.0
vt 4.000212 -1.0
vt 4.000012 -6.0E-5
vt 5.000015 -6.0E-5
vt 0.0 0.0
vt 0.0 -1.0
vt 5.0 -1.0
vt 5.0 0.0
vt 5.000265 -1.0
vt 0.0 -6.0E-5
vt 3.000009 -6.0E-5
vt 0.0 0.0
vt 0.0 -1.0
vt 3.0 -1.0
vt 3.0 0.0
vt 3.0001593 -1.0
vt 0.0 -6.0E-5
vt 0.0 0.0
vt 0.0 -1.0
vt 1.0 -1.0
vt 1.0 0.0
vt 0.0 0.0
vt 0.0 -1.0
vt 1.0 -1.0
vt 1.0 0.0
vt 5.3E-5 0.0
vt 5.4E-5 -0.999978
vt 1.000053 -0.999978
vt 1.000003 0.0
vt 5.3E-5 0.0
vt 5.4E-5 -0.999978
vt 1.000053 -0.999978
vt 1.000003 0.0
vt 0.0 0.0
vt 0.0 -1.0
vt 1.0 -1.0
vt 1.0 0.0
vt 0.0 -6.0E-5
vt 0.0 -1.0
vt 1.000053 -1.0
vt 1.000003 -6.0E-5
vt 0.0 0.0
vt 0.5 -1.0
vt 1.0 0.0
vt 0.0 -1.0
vt 1.0 -1.0
vt 0.500579 -8.2E-5
vt 0.0 -0.999918
vt 1.0 -0.999918
vt 0.0 0.0
vt 0.0 -1.0
vt 6.0 -1.0
vt 6.0 0.0
vt 0.0 -6.0E-5
vt 0.0 -1.0
vt 6.0003185 -1.0
vt 6.000018 -6.0E-5
vt 0.0 0.0
vt 0.0 -1.0
vt 2.0 -1.0
vt 2.0 0.0
vt 0.0 -6.0E-5
vt 0.0 -1.0
vt 2.000106 -1.0
vt 2.000006 -6.0E-5
vt 0.0 0.0
vt 0.5 -1.0
vt 1.0 0.0
vt 0.0 -1.0
vt 1.0 -1.0
vt 0.500579 -8.2E-5
vt 0.0 -0.999918
vt 1.0 -0.999918
vt 0.0 0.0
vt 0.0 -1.0
vt 5.0 -1.0
vt 5.0 0.0
vt 0.0 -6.0E-5
vt 0.0 -1.0
vt 5.000265 -1.0
vt 5.000015 -6.0E-5
vt 0.0 0.0
vt 0.0 -1.0
vt 1.0 -1.0
vt 1.0 0.0
vt 0.0 0.0
vt 0.0 -1.0
vt 1.0 -1.0
vt 1.0 0.0
vt 5.3E-5 0.0
vt 5.4E-5 -0.999978
vt 1.000053 -0.999978
vt 1.000003 0.0
vt 5.3E-5 0.0
vt 5.4E-5 -0.999978
vt 1.000053 -0.999978
vt 1.000003 0.0
vt 0.0 0.0
vt 0.5 -1.0
vt 1.0 0.0
vt 0.0 -1.0
vt 1.0 -1.0
vt 0.500579 -8.2E-5
vt 0.0 -0.999918
vt 1.0 -0.999918
vt 0.0 0.0
vt 0.0 -1.0
vt 7.0 -1.0
vt 7.0 0.0
vt 0.0 -6.0E-5
vt 0.0 -1.0
vt 7.0003715 -1.0
vt 7.000021 -6.0E-5
vt 0.0 0.0
vt 0.5 -1.0
vt 1.0 0.0
vt 0.0 -1.0
vt 1.0 -1.0
vt 0.500579 -8.2E-5
vt 0.0 -0.999918
vt 1.0 -0.999918
vt 0.0 0.0
vt 0.0 -1.0
vt 1.0 -1.0
vt 1.0 0.0
vt 0.0 0.0
vt 0.0 -1.0
vt 1.0 -1.0
vt 1.0 0.0
vt 5.3E-5 0.0
vt 5.4E-5 -0.999978
vt 1.000053 -0.999978
vt 1.000003 0.0
vt 5.3E-5 0.0
vt 5.4E-5 -0.999978
vt 1.000053 -0.999978
vt 1.000003 0.0
vt 0.0 0.0
vt 0.0 -1.0
vt 1.0 -1.0
vt 1.0 0.0
vt 0.0 -6.0E-5
vt 0.0 -1.0
vt 1.000053 -1.0
vt 1.000003 -6.0E-5
vt 0.0 0.0
vt 0.5 -1.0
vt 1.0 0.0
vt 0.0 -1.0
vt 1.0 -1.0
vt 0.500579 -8.2E-5
vt 0.0 -0.999918
vt 1.0 -0.999918
vt 4.000012 -6.0E-5
vt 0.0 0.0
vt 0.0 -1.0
vt 4.0 -1.0
vt 4.0 0.0
vt 4.000212 -1.0
vt 0.0 -6.0E-5
vt 0.0 0.0
vt 0.0 -1.0
vt 5.0 -1.0
vt 5.0 0.0
vt 0.0 -6.0E-5
vt 0.0 -1.0
vt 5.000265 -1.0
vt 5.000015 -6.0E-5
vt 0.0 0.0
vt 0.5 -1.0
vt 1.0 0.0
vt 0.0 -1.0
vt 1.0 -1.0
vt 0.500579 -8.2E-5
vt 0.0 -0.999918
vt 1.0 -0.999918
vt 0.0 0.0
vt 0.0 -1.0
vt 3.0 -1.0
vt 3.0 0.0
vt 0.0 -6.0E-5
vt 0.0 -1.0
vt 3.0001593 -1.0
vt 3.000009 -6.0E-5
vt 0.0 0.0
vt 0.0 -1.0
vt 1.0 -1.0
vt 1.0 0.0
vt 0.0 0.0
vt 0.0 -1.0
vt 1.0 -1.0
vt 1.0 0.0
vt 5.3E-5 0.0
vt 5.4E-5 -0.999978
vt 1.000053 -0.999978
vt 1.000003 0.0
vt 5.3E-5 0.0
vt 5.4E-5 -0.999978
vt 1.000053 -0.999978
vt 1.000003 0.0
vt 3.000009 -6.0E-5
vt 0.0 0.0
vt 0.0 -1.0
vt 3.0 -1.0
vt 3.0 0.0
vt 3.0001593 -1.0
vt 0.0 -6.0E-5
vt 0.0 0.0
vt 0.0 -1.0
vt 1.0 -1.0
vt 1.0 0.0
vt 0.0 0.0
vt 0.0 -1.0
vt 1.0 -1.0
vt 1.0 0.0
vt 5.3E-5 0.0
vt 5.4E-5 -0.999978
vt 1.000053 -0.999978
vt 1.000003 0.0
vt 5.3E-5 0.0
vt 5.4E-5 -0.999978
vt 1.000053 -0.999978
vt 1.000003 0.0
vt 0.0 0.0
vt 0.0 -1.0
vt 5.0 -1.0
vt 5.0 0.0
vt 0.0 -6.0E-5
vt 0.0 -1.0
vt 5.000265 -1.0
vt 5.000015 -6.0E-5
vt 0.0 0.0
vt 0.5 -1.0
vt 1.0 0.0
vt 0.0 -1.0
vt 1.0 -1.0
vt 0.500579 -8.2E-5
vt 0.0 -0.999918
vt 1.0 -0.999918
vt 0.0 0.0
vt 0.0 -1.0
vt 1.0 -1.0
vt 1.0 0.0
vt 0.0 -6.0E-5
vt 0.0 -1.0
vt 1.000053 -1.0
vt 1.000003 -6.0E-5
vt 0.0 0.0
vt 0.5 -1.0
vt 1.0 0.0
vt 0.0 -1.0
vt 1.0 -1.0
vt 0.500579 -8.2E-5
vt 0.0 -0.999918
vt 1.0 -0.999918
vt 0.0 0.0
vt 0.0 -1.0
vt 7.0 -1.0
vt 7.0 0.0
vt 0.0 -6.0E-5
vt 0.0 -1.0
vt 7.0003715 -1.0
vt 7.000021 -6.0E-5
vt 0.0 0.0
vt 0.5 -1.0
vt 1.0 0.0
vt 0.0 -1.0
vt 1.0 -1.0
vt 0.500579 -8.2E-5
vt 0.0 -0.999918
vt 1.0 -0.999918
vt 0.0 0.0
vt 0.5 -1.0
vt 1.0 0.0
vt 0.0 -1.0
vt 1.0 -1.0
vt 0.500579 -8.2E-5
vt 0.0 -0.999918
vt 1.0 -0.999918
vt 0.0 0.0
vt 0.0 -1.0
vt 4.0 -1.0
vt 4.0 0.0
vt 0.0 -6.0E-5
vt 0.0 -1.0
vt 4.000212 -1.0
vt 4.000012 -6.0E-5
vt 0.0 0.0
vt 0.0 -1.0
vt 1.0 -1.0
vt 1.0 0.0
vt 0.0 0.0
vt 0.0 -1.0
vt 1.0 -1.0
vt 1.0 0.0
vt 5.3E-5 0.0
vt 5.4E-5 -0.999978
vt 1.000053 -0.999978
vt 1.000003 0.0
vt 5.3E-5 0.0
vt 5.4E-5 -0.999978
vt 1.000053 -0.999978
vt 1.000003 0.0
vt 0.0 0.0
vt 0.0 -1.0
vt 1.0 -1.0
vt 1.0 0.0
vt 0.0 0.0
vt 0.0 -1.0
vt 1.0 -1.0
vt 1.0 0.0
vt 5.3E-5 0.0
vt 5.4E-5 -0.999978
vt 1.000053 -0.999978
vt 1.000003 0.0
vt 5.3E-5 0.0
vt 5.4E-5 -0.999978
vt 1.000053 -0.999978
vt 1.000003 0.0
vt 0.0 0.0
vt 0.0 -1.0
vt 3.0 -1.0
vt 3.0 0.0
vt 0.0 -6.0E-5
vt 0.0 -1.0
vt 3.0001593 -1.0
vt 3.000009 -6.0E-5
vt 0.0 0.0
vt 0.5 -1.0
vt 1.0 0.0
vt 0.0 -1.0
vt 1.0 -1.0
vt 0.500579 -8.2E-5
vt 0.0 -0.999918
vt 1.0 -0.999918
vt 1.000003 -6.0E-5
vt 0.0 0.0
vt 0.0 -1.0
vt 1.0 -1.0
vt 1.0 0.0
vt 1.000053 -1.0
vt 0.0 -6.0E-5
vt 0.0 0.0
vt 0.0 -1.0
vt 1.0 -1.0
vt 1.0 0.0
vt 0.0 -6.0E-5
vt 0.0 -1.0
vt 1.000053 -1.0
vt 1.000003 -6.0E-5
vt 0.0 0.0
vt 0.5 -1.0
vt 1.0 0.0
vt 0.0 -1.0
vt 1.0 -1.0
vt 0.500579 -8.2E-5
vt 0.0 -0.999918
vt 1.0 -0.999918
vt 0.0 0.0
vt 0.0 -1.0
vt 8.0 -1.0
vt 8.0 0.0
vt 0.0 -6.0E-5
vt 0.0 -1.0
vt 8.000424 -1.0
vt 8.000024 -6.0E-5
vt 0.0 0.0
vt 0.0 -1.0
vt 1.0 -1.0
vt 1.0 0.0
vt 0.0 -6.0E-5
vt 0.0 -1.0
vt 1.000053 -1.0
vt 1.000003 -6.0E-5
vt 0.0 0.0
vt 0.5 -1.0
vt 1.0 0.0
vt 0.0 -1.0
vt 1.0 -1.0
vt 0.500579 -8.2E-5
vt 0.0 -0.999918
vt 1.0 -0.999918
vt 0.0 -0.0
vt 2.0 -0.0
vt 2.0 1.0
vt 0.0 1.0
vt 0.0 -0.0
vt 2.0 -0.0
vt 2.0 1.0
vt 0.0 1.0
vt 0.0 -0.0
vt 2.0 -0.0
vt 2.0 1.0
vt 0.0 1.0
vt 0.0 -0.0
vt 2.0 -0.0
vt 2.0 1.0
vt 0.0 1.0
vt 0.0 -0.0
vt 2.0 -0.0
vt 2.0 1.0
vt 0.0 1.0
vt 0.0 -0.0
vt 1.0 -0.0
vt 1.0 1.0
vt 0.0 1.0
vt 0.0 -0.0
vt 1.0 -0.0
vt 1.0 1.0
vt 0.0 1.0
vt 0.0 -0.0
vt 2.0 -0.0
vt 2.0 1.0
vt 0.0 1.0
vt 0.0 -0.0
vt 2.0 -0.0
vt 2.0 1.0
vt 0.0 1.0
vt 0.0 -0.0
vt 2.0 -0.0
vt 2.0 1.0
vt 0.0 1.0
vt 0.0 -0.0
vt 2.0 -0.0
vt 2.0 1.0
vt 0.0 1.0
vt 0.0 -0.0
vt 4.0 -0.0
vt 4.0 1.0
vt 0.0 1.0
vt 0.0 -0.0
vt 7.0 -0.0
vt 7.0 1.0
vt 0.0 1.0
vt 0.0 -0.0
vt 2.0 -0.0
vt 2.0 1.0
vt 0.0 1.0
vt 0.0 -0.0
vt 1.0 -0.0
vt 1.0 1.0
vt 0.0 1.0
vt 0.0 -0.0
vt 1.0 -0.0
vt 1.0 1.0
vt 0.0 1.0
vt 0.0 -0.0
vt 1.0 -0.0
vt 1.0 1.0
vt 0.0 1.0
vt 0.0 -0.0
vt 1.0 -0.0
vt 1.0 1.0
vt 0.0 1.0
vt 0.0 -0.0
vt 1.0 -0.0
vt 1.0 1.0
vt 0.0 1.0
vt 0.0 -0.0
vt 1.0 -0.0
vt 1.0 1.0
vt 0.0 1.0
vt 0.0 -0.0
vt 1.0 -0.0
vt 1.0 1.0
vt 0.0 1.0
vt 0.0 -0.0
vt 2.0 -0.0
vt 2.0 1.0
vt 0.0 1.0
vt 0.0 -0.0
vt 2.0 -0.0
vt 2.0 1.0
vt 0.0 1.0
vt 0.0 -0.0
vt 2.0 -0.0
vt 2.0 1.0
vt 0.0 1.0
vt 0.0 -0.0
vt 2.0 -0.0
vt 2.0 1.0
vt 0.0 1.0
vt 0.0 -0.0
vt 3.0 -0.0
vt 3.0 1.0
vt 0.0 1.0
vt 0.0 -0.0
vt 3.0 -0.0
vt 3.0 1.0
vt 0.0 1.0
vt 0.0 -0.0
vt 1.0 -0.0
vt 1.0 1.0
vt 0.0 1.0
vt 0.0 -0.0
vt 1.0 -0.0
vt 1.0 1.0
vt 0.0 1.0
vt 0.0 -0.0
vt 7.0 -0.0
vt 7.0 1.0
vt 0.0 1.0
vt 0.0 -0.0
vt 2.0 -0.0
vt 2.0 1.0
vt 0.0 1.0
vt 0.0 -0.0
vt 2.0 -0.0
vt 2.0 1.0
vt 0.0 1.0
vt 0.0 -0.0
vt 2.0 -0.0
vt 2.0 1.0
vt 0.0 1.0
vt 0.0 -0.0
vt 6.0 -0.0
vt 6.0 1.0
vt 0.0 1.0
vt 0.0 -0.0
vt 7.0 -0.0
vt 7.0 1.0
vt 0.0 1.0
vt 0.0 -0.0
vt 8.0 -0.0
vt 8.0 1.0
vt 0.0 1.0
vt 0.0 -0.0
vt 1.0 -0.0
vt 1.0 1.0
vt 0.0 1.0
vt 0.0 -0.0
vt 1.0 -0.0
vt 1.0 1.0
vt 0.0 1.0
vt 0.0 -0.0
vt 3.0 -0.0
vt 3.0 1.0
vt 0.0 1.0
vt 0.0 -0.0
vt 1.0 -0.0
vt 1.0 1.0
vt 0.0 1.0
vt 0.0 -0.0
vt 1.0 -0.0
vt 1.0 1.0
vt 0.0 1.0
vt 0.0 -0.0
vt 5.0 -0.0
vt 5.0 1.0
vt 0.0 1.0
vt 0.0 -0.0
vt 5.0 -0.0
vt 5.0 1.0
vt 0.0 1.0
vt 0.0 -0.0
vt 2.0 -0.0
vt 2.0 1.0
vt 0.0 1.0
vt 0.0 -0.0
vt 2.0 -0.0
vt 2.0 1.0
vt 0.0 1.0
vt 0.0 -0.0
vt 8.0 -0.0
vt 8.0 1.0
vt 0.0 1.0
vt 0.0 -0.0
vt 5.0 -0.0
vt 5.0 1.0
vt 0.0 1.0
vt 0.0 -0.0
vt 5.0 -0.0
vt 5.0 1.0
vt 0.0 1.0
vt 0.0 -0.0
vt 5.0 -0.0
vt 5.0 1.0
vt 0.0 1.0
vt 0.0 -0.0
vt 1.0 -0.0
vt 1.0 1.0
vt 0.0 1.0
vt 0.0 -0.0
vt 1.0 -0.0
vt 1.0 1.0
vt 0.0 1.0
vt 0.0 -0.0
vt 4.0 -0.0
vt 4.0 1.0
vt 0.0 1.0
vt 0.0 -0.0
vt 4.0 -0.0
vt 4.0 1.0
vt 0.0 1.0
vt 0.0 -0.0
vt 1.0 -0.0
vt 1.0 1.0
vt 0.0 1.0
vt 0.0 -0.0
vt 1.0 -0.0
vt 1.0 1.0
vt 0.0 1.0
vt 0.0 -0.0
vt 1.0 -0.0
vt 1.0 1.0
vt 0.0 1.0
vt 0.0 -0.0
vt 1.0 -0.0
vt 1.0 1.0
vt 0.0 1.0
vt 0.0 -0.0
vt 4.0 -0.0
vt 4.0 1.0
vt 0.0 1.0
vt 0.0 -0.0
vt 1.0 -0.0
vt 1.0 1.0
vt 0.0 1.0
vt 0.0 -0.0
vt 2.0 -0.0
vt 2.0 1.0
vt 0.0 1.0
vt 0.0 -0.0
vt 2.0 -0.0
vt 2.0 1.0
vt 0.0 1.0
vt 0.0 -0.0
vt 8.0 -0.0
vt 8.0 1.0
vt 0.0 1.0
vt 0.0 -0.0
vt 1.0 -0.0
vt 1.0 1.0
vt 0.0 1.0
vt 0.0 -0.0
vt 8.0 -0.0
vt 8.0 1.0
vt 0.0 1.0
vt 0.0 -0.0
vt 8.0 -0.0
vt 8.0 1.0
vt 0.0 1.0
vt 0.0 -0.0
vt 2.0 -0.0
vt 2.0 1.0
vt 0.0 1.0
vt 0.0 -0.0
vt 8.0 -0.0
vt 8.0 1.0
vt 0.0 1.0
vt 0.0 -0.0
vt 1.0 -0.0
vt 1.0 1.0
vt 0.0 1.0
vt 0.0 -0.0
vt 8.0 -0.0
vt 8.0 1.0
vt 0.0 1.0
vt 0.0 -0.0
vt 1.0 -0.0
vt 1.0 1.0
vt 0.0 1.0
vt 0.0 -0.0
vt 1.0 -0.0
vt 1.0 1.0
vt 0.0 1.0
vt 0.0 -0.0
vt 2.0 -0.0
vt 2.0 1.0
vt 0.0 1.0
vt 0.0 -0.0
vt 3.0 -0.0
vt 3.0 1.0
vt 0.0 1.0
vt 0.0 -0.0
vt 3.0 -0.0
vt 3.0 1.0
vt 0.0 1.0
vt 0.0 -0.0
vt 3.0 -0.0
vt 3.0 1.0
vt 0.0 1.0
vt 0.0 -0.0
vt 3.0 -0.0
vt 3.0 1.0
vt 0.0 1.0
vt 0.0 -0.0
vt 3.0 -0.0
vt 3.0 1.0
vt 0.0 1.0
vt 0.0 -0.0
vt 1.0 -0.0
vt 1.0 1.0
vt 0.0 1.0
vt 0.0 -0.0
vt 1.0 -0.0
vt 1.0 1.0
vt 0.0 1.0
vt 0.0 -0.0
vt 1.0 -0.0
vt 1.0 1.0
vt 0.0 1.0
vt 0.0 -0.0
vt 1.0 -0.0
vt 1.0 1.0
vt 0.0 1.0
vt 0.0 -0.0
vt 1.0 -0.0
vt 1.0 1.0
vt 0.0 1.0
vt 0.0 -0.0
vt 3.0 -0.0
vt 3.0 1.0
vt 0.0 1.0
vt 0.0 -0.0
vt 3.0 -0.0
vt 3.0 1.0
vt 0.0 1.0
vt 0.0 -0.0
vt 3.0 -0.0
vt 3.0 1.0
vt 0.0 1.0
vt 0.0 -0.0
vt 2.0 -0.0
vt 2.0 1.0
vt 0.0 1.0
vt 0.0 -0.0
vt 2.0 -0.0
vt 2.0 1.0
vt 0.0 1.0
vt 0.0 -0.0
vt 6.0 -0.0
vt 6.0 1.0
vt 0.0 1.0
vt 0.0 -0.0
vt 6.0 -0.0
vt 6.0 1.0
vt 0.0 1.0
vt 0.0 -0.0
vt 1.0 -0.0
vt 1.0 1.0
vt 0.0 1.0
vt 0.0 -0.0
vt 1.0 -0.0
vt 1.0 1.0
vt 0.0 1.0
vt 0.0 -0.0
vt 6.0 -0.0
vt 6.0 1.0
vt 0.0 1.0
vt 0.0 -0.0
vt 6.0 -0.0
vt 6.0 1.0
vt 0.0 1.0
vt 0.0 -0.0
vt 1.0 -0.0
vt 1.0 1.0
vt 0.0 1.0
vt 0.0 -0.0
vt 2.0 -0.0
vt 2.0 1.0
vt 0.0 1.0
vt 0.0 -0.0
vt 1.0 -0.0
vt 1.0 1.0
vt 0.0 1.0
vt 0.0 -0.0
vt 1.0 -0.0
vt 1.0 1.0
vt 0.0 1.0
vt 0.0 -0.0
vt 2.0 -0.0
vt 2.0 1.0
vt 0.0 1.0
vt 0.0 -0.0
vt 5.0 -0.0
vt 5.0 1.0
vt 0.0 1.0
vt 0.0 -0.0
vt 1.0 -0.0
vt 1.0 1.0
vt 0.0 1.0
vt 0.0 -0.0
vt 1.0 -0.0
vt 1.0 1.0
vt 0.0 1.0
vt 0.0 -0.0
vt 3.0 -0.0
vt 3.0 1.0
vt 0.0 1.0
vt 0.0 -0.0
vt 1.0 -0.0
vt 1.0 1.0
vt 0.0 1.0
vt 0.0 -0.0
vt 2.0 -0.0
vt 2.0 1.0
vt 0.0 1.0
vt 0.0 -0.0
vt 1.0 -0.0
vt 1.0 1.0
vt 0.0 1.0
vt 0.0 -0.0
vt 2.0 -0.0
vt 2.0 1.0
vt 0.0 1.0
vt 0.0 -0.0
vt 6.0 -0.0
vt 6.0 1.0
vt 0.0 1.0
vt 0.0 -0.0
vt 6.0 -0.0
vt 6.0 1.0
vt 0.0 1.0
vt 0.0 -0.0
vt 2.0 -0.0
vt 2.0 1.0
vt 0.0 1.0
vt 0.0 -0.0
vt 3.0 -0.0
vt 3.0 1.0
vt 0.0 1.0
vt 0.0 -0.0
vt 2.0 -0.0
vt 2.0 1.0
vt 0.0 1.0
vt 0.0 -0.0
vt 2.0 -0.0
vt 2.0 1.0
vt 0.0 1.0
vt 0.0 -0.0
vt 1.0 -0.0
vt 1.0 1.0
vt 0.0 1.0
vt 0.0 -0.0
vt 1.0 -0.0
vt 1.0 1.0
vt 0.0 1.0
vt 0.0 -0.0
vt 5.0 -0.0
vt 5.0 1.0
vt 0.0 1.0
vt 0.0 -0.0
vt 5.0 -0.0
vt 5.0 1.0
vt 0.0 1.0
vt 0.0 -0.0
vt 2.0 -0.0
vt 2.0 1.0
vt 0.0 1.0
vt 0.0 -0.0
vt 1.0 -0.0
vt 1.0 1.0
vt 0.0 1.0
vt 0.0 -0.0
vt 1.0 -0.0
vt 1.0 1.0
vt 0.0 1.0
vt 0.0 -0.0
vt 1.0 -0.0
vt 1.0 1.0
vt 0.0 1.0
vt 0.0 -0.0
vt 1.0 -0.0
vt 1.0 1.0
vt 0.0 1.0
vt 0.0 -0.0
vt 1.0 -0.0
vt 1.0 1.0
vt 0.0 1.0
vt 0.0 -0.0
vt 1.0 -0.0
vt 1.0 1.0
vt 0.0 1.0
vt 0.0 -0.0
vt 2.0 -0.0
vt 2.0 1.0
vt 0.0 1.0
vt 0.0 -0.0
vt 1.0 -0.0
vt 1.0 1.0
vt 0.0 1.0
vt 0.0 -0.0
vt 1.0 -0.0
vt 1.0 1.0
vt 0.0 1.0
vt 0.0 -0.0
vt 1.0 -0.0
vt 1.0 1.0
vt 0.0 1.0
vt 0.0 -0.0
vt 1.0 -0.0
vt 1.0 1.0
vt 0.0 1.0
vt 0.0 -0.0
vt 5.0 -0.0
vt 5.0 1.0
vt 0.0 1.0
vt 0.0 -0.0
vt 4.0 -0.0
vt 4.0 1.0
vt 0.0 1.0
vt 0.0 -0.0
vt 1.0 -0.0
vt 1.0 1.0
vt 0.0 1.0
vt 0.0 -0.0
vt 4.0 -0.0
vt 4.0 1.0
vt 0.0 1.0
vt 0.0 -0.0
vt 4.0 -0.0
vt 4.0 1.0
vt 0.0 1.0
vt 0.0 -0.0
vt 4.0 -0.0
vt 4.0 1.0
vt 0.0 1.0
vt 0.0 -0.0
vt 4.0 -0.0
vt 4.0 1.0
vt 0.0 1.0
vt 0.0 -0.0
vt 1.0 -0.0
vt 1.0 1.0
vt 0.0 1.0
vt 0.0 -0.0
vt 1.0 -0.0
vt 1.0 1.0
vt 0.0 1.0
vt 0.0 -0.0
vt 2.0 -0.0
vt 2.0 1.0
vt 0.0 1.0
vt 0.0 -0.0
vt 2.0 -0.0
vt 2.0 1.0
vt 0.0 1.0
vt 0.0 -0.0
vt 1.0 -0.0
vt 1.0 1.0
vt 0.0 1.0
vt 0.0 -0.0
vt 1.0 -0.0
vt 1.0 1.0
vt 0.0 1.0
vt 0.0 -0.0
vt 3.0 -0.0
vt 3.0 1.0
vt 0.0 1.0
vt 0.0 -0.0
vt 4.0 -0.0
vt 4.0 1.0
vt 0.0 1.0
vt 0.0 -0.0
vt 2.0 -0.0
vt 2.0 1.0
vt 0.0 1.0
vt 0.0 -0.0
vt 2.0 -0.0
vt 2.0 1.0
vt 0.0 1.0
vt 0.0 -0.0
vt 2.0 -0.0
vt 2.0 1.0
vt 0.0 1.0
vt 0.0 -0.0
vt 2.0 -0.0
vt 2.0 1.0
vt 0.0 1.0
vt 0.0 -0.0
vt 3.0 -0.0
vt 3.0 1.0
vt 0.0 1.0
vt 0.0 -0.0
vt 2.0 -0.0
vt 2.0 1.0
vt 0.0 1.0
vt 0.0 -0.0
vt 2.0 -0.0
vt 2.0 1.0
vt 0.0 1.0
vt 0.0 -0.0
vt 2.0 -0.0
vt 2.0 1.0
vt 0.0 1.0
vt 0.0 -0.0
vt 1.0 -0.0
vt 1.0 1.0
vt 0.0 1.0
vt 0.0 -0.0
vt 2.0 -0.0
vt 2.0 1.0
vt 0.0 1.0
vt 0.0 -0.0
vt 2.0 -0.0
vt 2.0 1.0
vt 0.0 1.0
vt 0.0 -0.0
vt 2.0 -0.0
vt 2.0 1.0
vt 0.0 1.0
vt 0.0 -0.0
vt 2.0 -0.0
vt 2.0 1.0
vt 0.0 1.0
vt 0.0 -0.0
vt 2.0 -0.0
vt 2.0 1.0
vt 0.0 1.0
vt 0.0 -0.0
vt 2.0 -0.0
vt 2.0 1.0
vt 0.0 1.0
vt 0.0 -0.0
vt 1.0 -0.0
vt 1.0 1.0
vt 0.0 1.0
vt 0.0 -0.0
vt 1.0 -0.0
vt 1.0 1.0
vt 0.0 1.0
vt 0.0 -0.0
vt 1.0 -0.0
vt 1.0 1.0
vt 0.0 1.0
vt 0.0 -0.0
vt 1.0 -0.0
vt 1.0 1.0
vt 0.0 1.0
vt 0.0 -0.0
vt 1.0 -0.0
vt 1.0 1.0
vt 0.0 1.0
vt 2.0 0.0
vt 0.0 0.0
vt 0.0 -2.0
vt 2.0 -2.0
vt 2.0 0.0
vt 0.0 0.0
vt 0.0 -2.0
vt 2.0 -2.0
vt 2.0 0.0
vt 0.0 0.0
vt 0.0 -2.0
vt 2.0 -2.0
vt 1.0 0.0
vt 0.0 0.0
vt 0.0 -1.0
vt 1.0 -1.0
vt 1.0 0.0
vt 0.0 0.0
vt 0.0 -1.0
vt 1.0 -1.0
vt 1.0 0.0
vt 0.0 0.0
vt 0.0 -1.0
vt 1.0 -1.0
vt 3.0 0.0
vt 0.0 0.0
vt 0.0 -1.0
vt 3.0 -1.0
vt 3.0 0.0
vt 0.0 0.0
vt 0.0 -1.0
vt 3.0 -1.0
vt 3.0 0.0
vt 0.0 0.0
vt 0.0 -1.0
vt 3.0 -1.0
vt 1.0 0.0
vt 0.0 0.0
vt 0.0 -1.0
vt 1.0 -1.0
vt 1.0 0.0
vt 0.0 0.0
vt 0.0 -1.0
vt 1.0 -1.0
vt 1.0 0.0
vt 0.0 0.0
vt 0.0 -1.0
vt 1.0 -1.0
vt 1.0 0.0
vt 0.0 0.0
vt 0.0 -1.0
vt 1.0 -1.0
vt 1.0 0.0
vt 0.0 0.0
vt 0.0 -1.0
vt 1.0 -1.0
vt 1.0 0.0
vt 0.0 0.0
vt 0.0 -1.0
vt 1.0 -1.0
vt 4.0 0.0
vt 0.0 0.0
vt 0.0 -1.0
vt 4.0 -1.0
vt 4.0 0.0
vt 0.0 0.0
vt 0.0 -1.0
vt 4.0 -1.0
vt 4.0 0.0
vt 0.0 0.0
vt 0.0 -1.0
vt 4.0 -1.0
vt 2.0 0.0
vt 0.0 0.0
vt 0.0 -1.0
vt 2.0 -1.0
vt 2.0 0.0
vt 0.0 0.0
vt 0.0 -1.0
vt 2.0 -1.0
vt 2.0 0.0
vt 0.0 0.0
vt 0.0 -1.0
vt 2.0 -1.0
vt 1.0 0.0
vt 0.0 0.0
vt 0.0 -2.0
vt 1.0 -2.0
vt 1.0 0.0
vt 0.0 0.0
vt 0.0 -2.0
vt 1.0 -2.0
vt 1.0 0.0
vt 0.0 0.0
vt 0.0 -2.0
vt 1.0 -2.0
vt 3.0 0.0
vt 0.0 0.0
vt 0.0 -1.0
vt 3.0 -1.0
vt 3.0 0.0
vt 0.0 0.0
vt 0.0 -1.0
vt 3.0 -1.0
vt 3.0 0.0
vt 0.0 0.0
vt 0.0 -1.0
vt 3.0 -1.0
vt 1.0 0.0
vt 0.0 0.0
vt 0.0 -1.0
vt 1.0 -1.0
vt 1.0 0.0
vt 0.0 0.0
vt 0.0 -1.0
vt 1.0 -1.0
vt 1.0 0.0
vt 0.0 0.0
vt 0.0 -1.0
vt 1.0 -1.0
vt 1.0 0.0
vt 0.0 0.0
vt 0.0 -2.0
vt 1.0 -2.0
vt 1.0 0.0
vt 0.0 0.0
vt 0.0 -2.0
vt 1.0 -2.0
vt 1.0 0.0
vt 0.0 0.0
vt 0.0 -2.0
vt 1.0 -2.0
vt 1.0 0.0
vt 0.0 0.0
vt 0.0 -2.0
vt 1.0 -2.0
vt 1.0 0.0
vt 0.0 0.0
vt 0.0 -2.0
vt 1.0 -2.0
vt 1.0 0.0
vt 0.0 0.0
vt 0.0 -2.0
vt 1.0 -2.0
vt 0.0 2.0
vt 0.0 0.0
vt 8.0 0.0
vt 8.0 2.0
vt 4.0 -0.894531
vt 4.0 -0.597656
vt 0.0 -0.597656
vt 0.0 -0.894531
vt 4.0 -0.515625
vt 0.0 -0.515625
vt 4.0 -0.894531
vt 0.0 -0.894531
vt 0.0 -0.988281
vt 4.0 -0.988281
vt 0.0 1.0
vt 0.0 0.0
vt 8.0 0.0
vt 8.0 1.0
vt 0.0 2.0
vt 0.0 0.0
vt 2.0 0.0
vt 2.0 2.0
vt 1.0 -0.894531
vt 1.0 -0.597656
vt 0.0 -0.597656
vt 0.0 -0.894531
vt 1.0 -0.515625
vt 0.0 -0.515625
vt 1.0 -0.894531
vt 0.0 -0.894531
vt 0.0 -0.988281
vt 1.0 -0.988281
vt 0.0 1.0
vt 0.0 0.0
vt 4.0 0.0
vt 4.0 1.0
vt 1.0 -0.894531
vt 1.0 -0.597656
vt 0.0 -0.597656
vt 0.0 -0.894531
vt 1.0 -0.515625
vt 0.0 -0.515625
vt 1.0 -0.894531
vt 0.0 -0.894531
vt 0.0 -0.988281
vt 1.0 -0.988281
vt 0.753906 -0.599609
vt 1.0 -0.599609
vt 1.0 -0.513672
vt 0.5 -0.513672
vt 1.0 -0.599609
vt 1.279297 -0.599609
vt 1.5 -0.513672
vt 1.0 -0.513672
vt 0.4375 -0.59375
vt 0.4375 -0.890625
vt 0.285156 -0.59375
vt 0.285156 -0.890625
vt 0.4375 -0.890625
vt 0.4375 -0.394531
vt 0.285156 -0.394531
vt 0.285156 -0.486328
vt 0.4375 -0.394531
vt 0.4375 -0.59375
vt 0.285156 -0.59375
vt 0.4375 -0.890625
vt 0.0 3.0
vt 0.0 0.0
vt 1.0 0.0
vt 1.0 3.0
vt 0.0 4.0
vt 0.0 0.0
vt 1.0 0.0
vt 1.0 4.0
vt 1.0 -0.894531
vt 1.0 -0.597656
vt 0.0 -0.597656
vt 0.0 -0.894531
vt 1.0 -0.515625
vt 0.0 -0.515625
vt 1.0 -0.894531
vt 0.0 -0.894531
vt 0.0 -0.988281
vt 1.0 -0.988281
vt 0.753906 -0.599609
vt 1.0 -0.599609
vt 1.0 -0.513672
vt 0.5 -0.513672
vt 1.0 -0.599609
vt 1.279297 -0.599609
vt 1.5 -0.513672
vt 1.0 -0.513672
vt 0.4375 -0.59375
vt 0.4375 -0.890625
vt 0.285156 -0.59375
vt 0.285156 -0.890625
vt 0.4375 -0.890625
vt 0.4375 -0.394531
vt 0.285156 -0.394531
vt 0.285156 -0.486328
vt 0.4375 -0.394531
vt 0.4375 -0.59375
vt 0.285156 -0.59375
vt 0.4375 -0.890625
vt 0.0 1.0
vt 0.0 0.0
vt 6.0 0.0
vt 6.0 1.0
vt 0.0 2.0
vt 0.0 0.0
vt 8.0 0.0
vt 8.0 2.0
vt 2.5 -0.894531
vt 2.5 -0.597656
vt 0.0 -0.597656
vt 0.0 -0.894531
vt 2.5 -0.515625
vt 0.0 -0.515625
vt 2.5 -0.894531
vt 0.0 -0.894531
vt 0.0 -0.988281
vt 2.5 -0.988281
vt 0.0 4.0
vt 0.0 0.0
vt 1.0 0.0
vt 1.0 4.0
vt 0.841797 -0.986328
vt 0.998047 -0.986328
vt 0.966797 -0.892578
vt 0.841797 -0.892578
vt 0.498047 -0.986328
vt 0.654297 -0.986328
vt 0.654297 -0.892578
vt 0.529297 -0.892578
vt -0.470703 -1.392578
vt -0.345703 -1.392578
vt -0.345703 -1.105469
vt -0.158203 -1.392578
vt -0.158203 -1.105469
vt -0.033203 -1.392578
vt -0.158203 -0.609375
vt -0.251953 -0.515625
vt -0.345703 -0.609375
vt 1.0 0.5
vt 1.0 0.0
vt 1.03125 0.1875
vt 1.15625 0.03125
vt 1.5 0.0
vt 1.5 -0.894531
vt 1.5 -0.597656
vt 0.0 -0.597656
vt 0.0 -0.894531
vt 1.5 -0.515625
vt 0.0 -0.515625
vt 1.5 -0.894531
vt 0.0 -0.894531
vt 0.0 -0.988281
vt 1.5 -0.988281
vt 0.753906 -0.599609
vt 1.0 -0.599609
vt 1.0 -0.513672
vt 0.5 -0.513672
vt 1.0 -0.599609
vt 1.279297 -0.599609
vt 1.5 -0.513672
vt 1.0 -0.513672
vt 0.4375 -0.59375
vt 0.4375 -0.890625
vt 0.285156 -0.59375
vt 0.285156 -0.890625
vt 0.4375 -0.890625
vt 0.4375 -0.394531
vt 0.285156 -0.394531
vt 0.285156 -0.486328
vt 0.4375 -0.394531
vt 0.4375 -0.59375
vt 0.285156 -0.59375
vt 0.4375 -0.890625
vt 0.0 1.0
vt 0.0 0.0
vt 6.0 0.0
vt 6.0 1.0
vt 0.0 4.0
vt 0.0 0.0
vt 2.0 0.0
vt 2.0 4.0
vt 2.5 -0.894531
vt 2.5 -0.597656
vt 0.0 -0.597656
vt 0.0 -0.894531
vt 2.5 -0.515625
vt 0.0 -0.515625
vt 2.5 -0.894531
vt 0.0 -0.894531
vt 0.0 -0.988281
vt 2.5 -0.988281
vt 1.5 -0.894531
vt 1.5 -0.597656
vt 0.0 -0.597656
vt 0.0 -0.894531
vt 1.5 -0.515625
vt 0.0 -0.515625
vt 1.5 -0.894531
vt 0.0 -0.894531
vt 0.0 -0.988281
vt 1.5 -0.988281
vt 0.753906 -0.599609
vt 1.0 -0.599609
vt 1.0 -0.513672
vt 0.5 -0.513672
vt 1.0 -0.599609
vt 1.279297 -0.599609
vt 1.5 -0.513672
vt 1.0 -0.513672
vt 0.4375 -0.59375
vt 0.4375 -0.890625
vt 0.285156 -0.59375
vt 0.285156 -0.890625
vt 0.4375 -0.890625
vt 0.4375 -0.394531
vt 0.285156 -0.394531
vt 0.285156 -0.486328
vt 0.4375 -0.394531
vt 0.4375 -0.59375
vt 0.285156 -0.59375
vt 0.4375 -0.890625
vt 0.0 2.0
vt 0.0 0.0
vt 3.0 0.0
vt 3.0 2.0
vt 0.0 3.0
vt 0.0 0.0
vt 2.0 0.0
vt 2.0 3.0
vt 1.0 -0.894531
vt 1.0 -0.597656
vt 0.0 -0.597656
vt 0.0 -0.894531
vt 1.0 -0.515625
vt 0.0 -0.515625
vt 1.0 -0.894531
vt 0.0 -0.894531
vt 0.0 -0.988281
vt 1.0 -0.988281
vt 0.0 8.0
vt 0.0 0.0
vt 1.0 0.0
vt 1.0 8.0
vt 0.0 8.0
vt 0.0 0.0
vt 1.0 0.0
vt 1.0 8.0
vt 0.0 8.0
vt 0.0 0.0
vt 1.0 0.0
vt 1.0 8.0
vt 0.5 -2.0E-6
vt 0.0 -2.0E-6
vt 0.5 2.000002
vt 0.0 2.000002
vt 0.5 1.999998
vt 0.0 1.999998
vt 0.5 4.000002
vt 0.0 4.000002
vt 0.5 6.000002
vt 0.0 6.000002
vt 0.5 3.999998
vt 0.0 3.999998
vt 0.5 8.000002
vt 0.0 8.000002
vt 0.5 5.999998
vt 0.0 5.999998
vt 2.5 -1.5E-6
vt 0.5 -1.5E-6
vt 2.5 1.5000014
vt 0.5 1.5000014
vt 2.25 6.999999
vt 0.5 6.999999
vt 2.25 8.000001
vt 0.5 8.000001
vt 4.25 7.7499995
vt 2.25 8.0
vt 2.25 7.7499995
vt 4.25 8.0
vt 3.25 -1.5E-6
vt 2.5 -1.5E-6
vt 3.25 1.5000014
vt 2.5 1.5000014
vt 3.5 -1.25E-6
vt 3.25 -1.25E-6
vt 3.5 1.2500012
vt 3.25 1.2500012
vt 6.25 1.5000014
vt 4.25 1.5000014
vt 6.25 -1.5E-6
vt 4.25 -1.5E-6
vt 6.25 7.7499995
vt 4.25 7.7499995
vt 6.25 8.0
vt 4.25 8.0
vt 7.25 7.750001
vt 5.25 7.750001
vt 7.25 6.999999
vt 5.25 6.999999
vt 7.75 1.499999
vt 5.75 1.499999
vt 7.75 2.500001
vt 5.75 2.500001
vt 6.25 1.5000014
vt 8.0 -1.5E-6
vt 8.0 1.5000014
vt 6.25 -1.5E-6
vt 6.25 7.7499995
vt 8.0 8.0
vt 8.0 7.7499995
vt 6.25 8.0
vt 7.25 2.499998
vt 8.0 4.500002
vt 8.0 2.499998
vt 7.25 4.500002
vt 8.0 6.500002
vt 7.25 4.499998
vt 8.0 4.499998
vt 7.25 6.500002
vt 7.25 7.750001
vt 7.25 6.4999986
vt 8.0 7.750001
vt 8.0 6.4999986
vt 7.75 1.499999
vt 8.0 2.500001
vt 8.0 1.499999
vt 7.75 2.500001
vn 0.0 0.0 1.0
vn -0.0 -6.0E-4 1.0
vn -0.0 7.0E-4 1.0
vn -0.0 -0.0838 0.9965
vn -4.0E-4 0.0 1.0
vn 0.0 -0.0 1.0
vn 0.0 0.0 1.0
vn 0.0 0.0 1.0
vn 0.0 -0.0 1.0
vn -0.0 -0.0 1.0
vn 0.0 6.0E-4 1.0
vn 0.0 -7.0E-4 1.0
vn 0.0 0.0838 0.9965
vn 4.0E-4 -0.0 1.0
vn 0.0 -0.0 1.0
vn 0.0 0.0 1.0
vn 0.0 0.0 1.0
vn 0.0 0.0 1.0
vn 0.0 -0.0 1.0
vn 0.0 0.0 1.0
vn 0.0 0.0 1.0
vn 0.0 0.0 1.0
vn 0.0 0.0 1.0
vn 0.0 0.0 1.0
vn 0.0 0.0 1.0
vn 0.0 0.0 1.0
vn 0.0 0.0 1.0
vn 0.0 0.0 1.0
vn 0.0 0.0 1.0
vn 0.0 0.0 1.0
vn 0.0 0.0 1.0
vn 0.0 0.0 1.0
vn 0.0 0.0 1.0
vn 0.0 0.0 1.0
vn -0.0 -6.0E-4 1.0
vn -0.0 7.0E-4 1.0
vn -0.0 -0.0838 0.9965
vn -4.0E-4 0.0 1.0
vn -0.0 -0.0 1.0
vn 0.0 6.0E-4 1.0
vn 0.0 -7.0E-4 1.0
vn 0.0 0.0838 0.9965
vn 4.0E-4 -0.0 1.0
vn 0.0 -0.0 1.0
vn -6.0E-4 0.0 1.0
vn 7.0E-4 0.0 1.0
vn -0.0838 0.0 0.9965
vn 0.0 4.0E-4 1.0
vn 0.0 -0.0031 1.0
vn 0.0 0.0196 0.9998
vn -0.0 0.007 1.0
vn 0.0 -0.0136 0.9999
vn -0.0 -0.0 1.0
vn -0.084 0.0 0.9965
vn 0.0 0.118 0.993
vn 1.0E-4 -0.0379 0.9993
vn -0.0 0.0316 0.9995
vn -0.0 -0.0842 0.9964
vn 5.0E-4 -0.171 0.9853
vn 0.0 0.0 1.0
vn 0.0 0.0 1.0
vn 0.0 0.0 1.0
vn 0.0 0.0 1.0
vn 0.0 0.0 1.0
vn 0.0 0.0 1.0
vn 0.0 0.0 1.0
vn 0.0 0.0 1.0
vn 0.0 0.0 1.0
vn 0.0 0.0 1.0
vn 0.0 0.0 1.0
vn 0.0 0.0 1.0
vn -0.0 0.0 1.0
vn 6.0E-4 -0.0 1.0
vn -7.0E-4 -0.0 1.0
vn 0.0838 -0.0 0.9965
vn -0.0 -4.0E-4 1.0
vn 0.0031 0.0 1.0
vn -0.0196 0.0 0.9998
vn -0.007 -0.0 1.0
vn 0.0136 0.0 0.9999
vn 0.0 -0.0 1.0
vn -0.0 -0.084 0.9965
vn -0.118 0.0 0.993
vn 0.0379 1.0E-4 0.9993
vn -0.0316 -0.0 0.9995
vn 0.0842 -0.0 0.9964
vn 0.171 5.0E-4 0.9853
vn 0.0 0.0 1.0
vn 0.0 0.0 1.0
vn 0.0 0.0 1.0
vn 0.0 0.0 1.0
vn 0.0 0.0 1.0
vn 0.0 0.0 1.0
vn -0.0 -0.0 1.0
vn 0.0 6.0E-4 1.0
vn 0.0 -7.0E-4 1.0
vn 0.0 0.0838 0.9965
vn 4.0E-4 -0.0 1.0
vn 0.0 0.0 1.0
vn 0.0 0.0 1.0
vn -0.0 -6.0E-4 1.0
vn -0.0 7.0E-4 1.0
vn -0.0 -0.0838 0.9965
vn -4.0E-4 0.0 1.0
vn 0.0 0.0 1.0
vn 0.0 0.0 1.0
vn 0.0 0.0 1.0
vn 0.0 -0.0 1.0
vn 0.0 -0.0 1.0
vn -0.0 0.0 1.0
vn 6.0E-4 -0.0 1.0
vn -7.0E-4 -0.0 1.0
vn 0.0838 -0.0 0.9965
vn -0.0 -4.0E-4 1.0
vn 0.0031 0.0 1.0
vn -0.0196 0.0 0.9998
vn -0.007 -0.0 1.0
vn 0.0136 0.0 0.9999
vn 0.0 -0.0 1.0
vn -0.0 -0.084 0.9965
vn -0.118 0.0 0.993
vn 0.0379 1.0E-4 0.9993
vn -0.0316 -0.0 0.9995
vn 0.0842 -0.0 0.9964
vn 0.171 5.0E-4 0.9853
vn 0.0 0.0 1.0
vn 0.0 0.0 1.0
vn 0.0 0.0 1.0
vn 0.0 0.0 1.0
vn 0.0 0.0 1.0
vn 0.0 0.0 1.0
vn -0.0 -6.0E-4 1.0
vn -0.0 7.0E-4 1.0
vn -0.0 -0.0838 0.9965
vn -4.0E-4 0.0 1.0
vn 0.0 0.0 1.0
vn -0.0 -0.0 1.0
vn 0.0 6.0E-4 1.0
vn 0.0 -7.0E-4 1.0
vn 0.0 0.0838 0.9965
vn 4.0E-4 -0.0 1.0
vn 0.0 -0.0 1.0
vn 0.0 0.0 1.0
vn 0.0 0.0 1.0
vn 0.0 -0.0 1.0
vn 0.0 -0.0 1.0
vn -0.0 0.0 1.0
vn 6.0E-4 -0.0 1.0
vn -7.0E-4 -0.0 1.0
vn 0.0838 -0.0 0.9965
vn -0.0 -4.0E-4 1.0
vn -0.0 0.0 1.0
vn 6.0E-4 -0.0 1.0
vn -7.0E-4 -0.0 1.0
vn 0.0838 -0.0 0.9965
vn -0.0 -4.0E-4 1.0
vn -0.0 0.0 1.0
vn 6.0E-4 -0.0 1.0
vn -7.0E-4 -0.0 1.0
vn 0.0838 -0.0 0.9965
vn -0.0 -4.0E-4 1.0
vn 0.0 0.0 1.0
vn -0.6947 -0.0309 0.7186
vn -0.5609 -0.5609 0.609
vn -0.028 -0.7246 0.6886
vn -0.8515 -0.0338 0.5233
vn 0.0025 -0.844 0.5364
vn -0.0062 -0.0149 0.9999
vn -0.7071 0.0 0.7071
vn -0.8321 0.0 0.5547
vn -0.0434 -0.0 0.9991
vn -0.7071 0.0 0.7071
vn -0.8321 0.0 0.5547
vn -0.0434 -0.0 0.9991
vn -0.0309 0.6947 0.7186
vn -0.5609 0.5609 0.609
vn -0.7246 0.028 0.6886
vn -0.0338 0.8515 0.5233
vn -0.844 -0.0025 0.5364
vn -0.0149 0.0062 0.9999
vn -0.6947 -0.0309 0.7186
vn -0.5609 -0.5609 0.609
vn -0.028 -0.7246 0.6886
vn -0.8515 -0.0338 0.5233
vn 0.0025 -0.844 0.5364
vn -0.0062 -0.0149 0.9999
vn -0.7071 0.0 0.7071
vn -0.8321 0.0 0.5547
vn -0.0434 -0.0 0.9991
vn 0.0189 0.0 0.9998
vn 0.0188 0.0 0.9998
vn -0.8321 -0.0 0.5547
vn -0.7071 -0.0 0.7071
vn -0.0 -0.7071 0.7071
vn -0.1841 0.0188 0.9827
vn -0.1841 0.0187 0.9827
vn 0.0 0.7071 0.7071
vn 0.0 0.8321 0.5547
vn -0.0 0.0434 0.9991
vn -0.0 -0.7071 0.7071
vn 0.0 -0.0434 0.9991
vn -0.0 -0.8321 0.5547
vn 0.0 -0.0189 0.9998
vn 0.0 -0.0188 0.9998
vn -0.0 0.8321 0.5547
vn -0.0 0.7071 0.7071
vn -0.7071 0.0 0.7071
vn 0.0188 0.1841 0.9827
vn 0.0187 0.1841 0.9827
vn -0.7071 0.0 0.7071
vn -0.8321 0.0 0.5547
vn -0.0434 -0.0 0.9991
vn -0.0309 0.6947 0.7186
vn -0.5609 0.5609 0.609
vn -0.7246 0.028 0.6886
vn -0.0338 0.8515 0.5233
vn -0.844 -0.0025 0.5364
vn -0.0149 0.0062 0.9999
vn -0.6947 -0.0309 0.7186
vn -0.5609 -0.5609 0.609
vn -0.028 -0.7246 0.6886
vn -0.8515 -0.0338 0.5233
vn 0.0025 -0.844 0.5364
vn -0.0062 -0.0149 0.9999
vn -0.7071 0.0 0.7071
vn -0.8321 0.0 0.5547
vn -0.0434 -0.0 0.9991
vn -0.7071 0.0 0.7071
vn -0.8321 0.0 0.5547
vn -0.0434 -0.0 0.9991
vn -0.0309 0.6947 0.7186
vn -0.5609 0.5609 0.609
vn -0.7246 0.028 0.6886
vn -0.0338 0.8515 0.5233
vn -0.844 -0.0025 0.5364
vn -0.0149 0.0062 0.9999
vn 0.0 0.7071 0.7071
vn 0.0 0.8321 0.5547
vn -0.0 0.0434 0.9991
vn -0.6947 -0.0309 0.7186
vn -0.5609 -0.5609 0.609
vn -0.028 -0.7246 0.6886
vn -0.8515 -0.0338 0.5233
vn 0.0025 -0.844 0.5364
vn -0.0062 -0.0149 0.9999
vn -0.7071 0.0 0.7071
vn -0.8321 0.0 0.5547
vn -0.0434 -0.0 0.9991
vn 0.0189 0.0 0.9998
vn 0.0188 0.0 0.9998
vn -0.8321 -0.0 0.5547
vn -0.7071 -0.0 0.7071
vn -0.0 -0.7071 0.7071
vn -0.1841 0.0188 0.9827
vn -0.1841 0.0187 0.9827
vn -0.6947 -0.0309 0.7186
vn -0.5609 -0.5609 0.609
vn -0.028 -0.7246 0.6886
vn -0.8515 -0.0338 0.5233
vn 0.0025 -0.844 0.5364
vn -0.0062 -0.0149 0.9999
vn -0.7071 0.0 0.7071
vn -0.8321 0.0 0.5547
vn -0.0434 -0.0 0.9991
vn -0.0309 0.6947 0.7186
vn -0.5609 0.5609 0.609
vn -0.7246 0.028 0.6886
vn -0.0338 0.8515 0.5233
vn -0.844 -0.0025 0.5364
vn -0.0149 0.0062 0.9999
vn 0.0 0.7071 0.7071
vn 0.0 0.8321 0.5547
vn -0.0 0.0434 0.9991
vn -0.6947 -0.0309 0.7186
vn -0.5609 -0.5609 0.609
vn -0.028 -0.7246 0.6886
vn -0.8515 -0.0338 0.5233
vn 0.0025 -0.844 0.5364
vn -0.0062 -0.0149 0.9999
vn 0.0189 0.0 0.9998
vn 0.0188 0.0 0.9998
vn -0.8321 -0.0 0.5547
vn -0.7071 -0.0 0.7071
vn -0.0 -0.7071 0.7071
vn -0.1841 0.0188 0.9827
vn -0.1841 0.0187 0.9827
vn -0.0 -0.7071 0.7071
vn 0.0 -0.0434 0.9991
vn -0.0 -0.8321 0.5547
vn -0.0 -0.7071 0.7071
vn 0.0 -0.0434 0.9991
vn -0.0 -0.8321 0.5547
vn 0.0 0.7071 0.7071
vn 0.0 0.8321 0.5547
vn -0.0 0.0434 0.9991
vn 0.0 -0.0189 0.9998
vn 0.0 -0.0188 0.9998
vn -0.0 0.8321 0.5547
vn -0.0 0.7071 0.7071
vn -0.7071 0.0 0.7071
vn 0.0188 0.1841 0.9827
vn 0.0187 0.1841 0.9827
vn -0.7071 0.0 0.7071
vn -0.8321 0.0 0.5547
vn -0.0434 -0.0 0.9991
vn -0.0309 0.6947 0.7186
vn -0.5609 0.5609 0.609
vn -0.7246 0.028 0.6886
vn -0.0338 0.8515 0.5233
vn -0.844 -0.0025 0.5364
vn -0.0149 0.0062 0.9999
vn -0.0 -0.7071 0.7071
vn 0.0 -0.0434 0.9991
vn -0.0 -0.8321 0.5547
vn 0.0 0.7071 0.7071
vn 0.0 0.8321 0.5547
vn -0.0 0.0434 0.9991
vn -0.6947 -0.0309 0.7186
vn -0.5609 -0.5609 0.609
vn -0.028 -0.7246 0.6886
vn -0.8515 -0.0338 0.5233
vn 0.0025 -0.844 0.5364
vn -0.0062 -0.0149 0.9999
vn -0.7071 0.0 0.7071
vn -0.8321 0.0 0.5547
vn -0.0434 -0.0 0.9991
vn 0.0189 0.0 0.9998
vn 0.0188 0.0 0.9998
vn -0.8321 -0.0 0.5547
vn -0.7071 -0.0 0.7071
vn -0.0 -0.7071 0.7071
vn -0.1841 0.0188 0.9827
vn -0.1841 0.0187 0.9827
vn 0.0 -0.0189 0.9998
vn 0.0 -0.0188 0.9998
vn -0.0 0.8321 0.5547
vn -0.0 0.7071 0.7071
vn -0.7071 0.0 0.7071
vn 0.0188 0.1841 0.9827
vn 0.0187 0.1841 0.9827
vn -0.7071 0.0 0.7071
vn -0.8321 0.0 0.5547
vn -0.0434 -0.0 0.9991
vn -0.0309 0.6947 0.7186
vn -0.5609 0.5609 0.609
vn -0.7246 0.028 0.6886
vn -0.0338 0.8515 0.5233
vn -0.844 -0.0025 0.5364
vn -0.0149 0.0062 0.9999
vn 0.0 -0.0189 0.9998
vn 0.0 -0.0188 0.9998
vn -0.0 0.8321 0.5547
vn -0.0 0.7071 0.7071
vn -0.7071 0.0 0.7071
vn 0.0188 0.1841 0.9827
vn 0.0187 0.1841 0.9827
vn -0.7071 0.0 0.7071
vn -0.8321 0.0 0.5547
vn -0.0434 -0.0 0.9991
vn -0.0309 0.6947 0.7186
vn -0.5609 0.5609 0.609
vn -0.7246 0.028 0.6886
vn -0.0338 0.8515 0.5233
vn -0.844 -0.0025 0.5364
vn -0.0149 0.0062 0.9999
vn -0.0 -0.7071 0.7071
vn 0.0 -0.0434 0.9991
vn -0.0 -0.8321 0.5547
vn 0.0 0.7071 0.7071
vn 0.0 0.8321 0.5547
vn -0.0 0.0434 0.9991
vn 0.0 0.7071 0.7071
vn 0.0 0.8321 0.5547
vn -0.0 0.0434 0.9991
vn -0.6947 -0.0309 0.7186
vn -0.5609 -0.5609 0.609
vn -0.028 -0.7246 0.6886
vn -0.8515 -0.0338 0.5233
vn 0.0025 -0.844 0.5364
vn -0.0062 -0.0149 0.9999
vn -0.7071 0.0 0.7071
vn -0.8321 0.0 0.5547
vn -0.0434 -0.0 0.9991
vn 0.0189 0.0 0.9998
vn 0.0188 0.0 0.9998
vn -0.8321 -0.0 0.5547
vn -0.7071 -0.0 0.7071
vn -0.0 -0.7071 0.7071
vn -0.1841 0.0188 0.9827
vn -0.1841 0.0187 0.9827
vn -0.0 -0.7071 0.7071
vn 0.0 -0.0434 0.9991
vn -0.0 -0.8321 0.5547
vn 0.0 -0.0189 0.9998
vn 0.0 -0.0188 0.9998
vn -0.0 0.8321 0.5547
vn -0.0 0.7071 0.7071
vn -0.7071 0.0 0.7071
vn 0.0188 0.1841 0.9827
vn 0.0187 0.1841 0.9827
vn -0.7071 0.0 0.7071
vn -0.8321 0.0 0.5547
vn -0.0434 -0.0 0.9991
vn -0.0309 0.6947 0.7186
vn -0.5609 0.5609 0.609
vn -0.7246 0.028 0.6886
vn -0.0338 0.8515 0.5233
vn -0.844 -0.0025 0.5364
vn -0.0149 0.0062 0.9999
vn -0.7071 0.0 0.7071
vn -0.8321 0.0 0.5547
vn -0.0434 -0.0 0.9991
vn 0.0189 0.0 0.9998
vn 0.0188 0.0 0.9998
vn -0.8321 -0.0 0.5547
vn -0.7071 -0.0 0.7071
vn -0.0 -0.7071 0.7071
vn -0.1841 0.0188 0.9827
vn -0.1841 0.0187 0.9827
vn -0.6947 -0.0309 0.7186
vn -0.5609 -0.5609 0.609
vn -0.028 -0.7246 0.6886
vn -0.8515 -0.0338 0.5233
vn 0.0025 -0.844 0.5364
vn -0.0062 -0.0149 0.9999
vn -0.7071 0.0 0.7071
vn -0.8321 0.0 0.5547
vn -0.0434 -0.0 0.9991
vn -0.0309 0.6947 0.7186
vn -0.5609 0.5609 0.609
vn -0.7246 0.028 0.6886
vn -0.0338 0.8515 0.5233
vn -0.844 -0.0025 0.5364
vn -0.0149 0.0062 0.9999
vn 0.0 0.7071 0.7071
vn 0.0 0.8321 0.5547
vn -0.0 0.0434 0.9991
vn -0.0 -0.6618 0.7497
vn 0.0 0.3162 0.9487
vn 0.0 0.0 1.0
vn -1.0 0.0 0.0
vn 1.0 0.0 0.0
vn 0.0309 -0.6947 0.7186
vn 0.5609 -0.5609 0.609
vn 0.7246 -0.028 0.6886
vn 0.0338 -0.8515 0.5233
vn 0.844 0.0025 0.5364
vn 0.0149 -0.0062 0.9999
vn 0.7071 -0.0 0.7071
vn 0.8321 -0.0 0.5547
vn 0.0434 0.0 0.9991
vn -0.0 0.0189 0.9998
vn -0.0 0.0188 0.9998
vn 0.0 -0.8321 0.5547
vn 0.0 -0.7071 0.7071
vn 0.7071 -0.0 0.7071
vn -0.0188 -0.1841 0.9827
vn -0.0187 -0.1841 0.9827
vn -0.0 -0.6618 0.7497
vn 0.0 0.3162 0.9487
vn 0.0 0.0 1.0
vn -1.0 0.0 0.0
vn 1.0 0.0 0.0
vn 0.0 0.7071 0.7071
vn 0.0 0.8321 0.5547
vn -0.0 0.0434 0.9991
vn -0.0 -0.6618 0.7497
vn 0.0 0.3162 0.9487
vn 0.0 0.0 1.0
vn -1.0 0.0 0.0
vn 1.0 0.0 0.0
vn 0.0 0.7071 0.7071
vn 0.0 0.8321 0.5547
vn -0.0 0.0434 0.9991
vn 0.7071 -0.0 0.7071
vn 0.8321 -0.0 0.5547
vn 0.0434 0.0 0.9991
vn -0.0 0.0189 0.9998
vn -0.0 0.0188 0.9998
vn 0.0 -0.8321 0.5547
vn 0.0 -0.7071 0.7071
vn 0.7071 -0.0 0.7071
vn -0.0188 -0.1841 0.9827
vn -0.0187 -0.1841 0.9827
vn -0.0 -0.7071 0.7071
vn 0.0 -0.0434 0.9991
vn -0.0 -0.8321 0.5547
vn 0.0309 -0.6947 0.7186
vn 0.5609 -0.5609 0.609
vn 0.7246 -0.028 0.6886
vn 0.0338 -0.8515 0.5233
vn 0.844 0.0025 0.5364
vn 0.0149 -0.0062 0.9999
vn 0.7071 -0.0 0.7071
vn 0.8321 -0.0 0.5547
vn 0.0434 0.0 0.9991
vn 0.6947 0.0309 0.7186
vn 0.5609 0.5609 0.609
vn 0.028 0.7246 0.6886
vn 0.8515 0.0338 0.5233
vn -0.0025 0.844 0.5364
vn 0.0062 0.0149 0.9999
vn -0.0189 -0.0 0.9998
vn -0.0188 -0.0 0.9998
vn 0.8321 0.0 0.5547
vn 0.7071 0.0 0.7071
vn 0.0 0.7071 0.7071
vn 0.1841 -0.0188 0.9827
vn 0.1841 -0.0187 0.9827
vn 0.7071 -0.0 0.7071
vn 0.8321 -0.0 0.5547
vn 0.0434 0.0 0.9991
vn 0.6947 0.0309 0.7186
vn 0.5609 0.5609 0.609
vn 0.028 0.7246 0.6886
vn 0.8515 0.0338 0.5233
vn -0.0025 0.844 0.5364
vn 0.0062 0.0149 0.9999
vn -0.0189 -0.0 0.9998
vn -0.0188 -0.0 0.9998
vn 0.8321 0.0 0.5547
vn 0.7071 0.0 0.7071
vn 0.0 0.7071 0.7071
vn 0.1841 -0.0188 0.9827
vn 0.1841 -0.0187 0.9827
vn 0.6947 0.0309 0.7186
vn 0.5609 0.5609 0.609
vn 0.028 0.7246 0.6886
vn 0.8515 0.0338 0.5233
vn -0.0025 0.844 0.5364
vn 0.0062 0.0149 0.9999
vn 0.0 0.7071 0.7071
vn 0.0 0.8321 0.5547
vn -0.0 0.0434 0.9991
vn -0.0 -0.7071 0.7071
vn 0.0 -0.0434 0.9991
vn -0.0 -0.8321 0.5547
vn -0.0 -0.7071 0.7071
vn 0.0 -0.0434 0.9991
vn -0.0 -0.8321 0.5547
vn -0.0189 -0.0 0.9998
vn -0.0188 -0.0 0.9998
vn 0.8321 0.0 0.5547
vn 0.7071 0.0 0.7071
vn 0.0 0.7071 0.7071
vn 0.1841 -0.0188 0.9827
vn 0.1841 -0.0187 0.9827
vn 0.7071 -0.0 0.7071
vn 0.8321 -0.0 0.5547
vn 0.0434 0.0 0.9991
vn 0.6947 0.0309 0.7186
vn 0.5609 0.5609 0.609
vn 0.028 0.7246 0.6886
vn 0.8515 0.0338 0.5233
vn -0.0025 0.844 0.5364
vn 0.0062 0.0149 0.9999
vn 0.0 0.7071 0.7071
vn 0.0 0.8321 0.5547
vn -0.0 0.0434 0.9991
vn 0.0 0.7071 0.7071
vn 0.0 0.8321 0.5547
vn -0.0 0.0434 0.9991
vn 0.0309 -0.6947 0.7186
vn 0.5609 -0.5609 0.609
vn 0.7246 -0.028 0.6886
vn 0.0338 -0.8515 0.5233
vn 0.844 0.0025 0.5364
vn 0.0149 -0.0062 0.9999
vn 0.7071 -0.0 0.7071
vn 0.8321 -0.0 0.5547
vn 0.0434 0.0 0.9991
vn -0.0 0.0189 0.9998
vn -0.0 0.0188 0.9998
vn 0.0 -0.8321 0.5547
vn 0.0 -0.7071 0.7071
vn 0.7071 -0.0 0.7071
vn -0.0188 -0.1841 0.9827
vn -0.0187 -0.1841 0.9827
vn 0.0309 -0.6947 0.7186
vn 0.5609 -0.5609 0.609
vn 0.7246 -0.028 0.6886
vn 0.0338 -0.8515 0.5233
vn 0.844 0.0025 0.5364
vn 0.0149 -0.0062 0.9999
vn 0.7071 -0.0 0.7071
vn 0.8321 -0.0 0.5547
vn 0.0434 0.0 0.9991
vn 0.6947 0.0309 0.7186
vn 0.5609 0.5609 0.609
vn 0.028 0.7246 0.6886
vn 0.8515 0.0338 0.5233
vn -0.0025 0.844 0.5364
vn 0.0062 0.0149 0.9999
vn -0.0189 -0.0 0.9998
vn -0.0188 -0.0 0.9998
vn 0.8321 0.0 0.5547
vn 0.7071 0.0 0.7071
vn 0.0 0.7071 0.7071
vn 0.1841 -0.0188 0.9827
vn 0.1841 -0.0187 0.9827
vn 0.7071 -0.0 0.7071
vn 0.8321 -0.0 0.5547
vn 0.0434 0.0 0.9991
vn 0.6947 0.0309 0.7186
vn 0.5609 0.5609 0.609
vn 0.028 0.7246 0.6886
vn 0.8515 0.0338 0.5233
vn -0.0025 0.844 0.5364
vn 0.0062 0.0149 0.9999
vn -0.0 -0.7071 0.7071
vn 0.0 -0.0434 0.9991
vn -0.0 -0.8321 0.5547
vn 0.0 0.7071 0.7071
vn 0.0 0.8321 0.5547
vn -0.0 0.0434 0.9991
vn 0.0309 -0.6947 0.7186
vn 0.5609 -0.5609 0.609
vn 0.7246 -0.028 0.6886
vn 0.0338 -0.8515 0.5233
vn 0.844 0.0025 0.5364
vn 0.0149 -0.0062 0.9999
vn 0.7071 -0.0 0.7071
vn 0.8321 -0.0 0.5547
vn 0.0434 0.0 0.9991
vn -0.0 0.0189 0.9998
vn -0.0 0.0188 0.9998
vn 0.0 -0.8321 0.5547
vn 0.0 -0.7071 0.7071
vn 0.7071 -0.0 0.7071
vn -0.0188 -0.1841 0.9827
vn -0.0187 -0.1841 0.9827
vn -0.0 -0.7071 0.7071
vn 0.0 -0.0434 0.9991
vn -0.0 -0.8321 0.5547
vn -0.0189 -0.0 0.9998
vn -0.0188 -0.0 0.9998
vn 0.8321 0.0 0.5547
vn 0.7071 0.0 0.7071
vn 0.0 0.7071 0.7071
vn 0.1841 -0.0188 0.9827
vn 0.1841 -0.0187 0.9827
vn 0.7071 -0.0 0.7071
vn 0.8321 -0.0 0.5547
vn 0.0434 0.0 0.9991
vn 0.6947 0.0309 0.7186
vn 0.5609 0.5609 0.609
vn 0.028 0.7246 0.6886
vn 0.8515 0.0338 0.5233
vn -0.0025 0.844 0.5364
vn 0.0062 0.0149 0.9999
vn 0.0 0.7071 0.7071
vn 0.0 0.8321 0.5547
vn -0.0 0.0434 0.9991
vn 0.0309 -0.6947 0.7186
vn 0.5609 -0.5609 0.609
vn 0.7246 -0.028 0.6886
vn 0.0338 -0.8515 0.5233
vn 0.844 0.0025 0.5364
vn 0.0149 -0.0062 0.9999
vn 0.7071 -0.0 0.7071
vn 0.8321 -0.0 0.5547
vn 0.0434 0.0 0.9991
vn 0.6947 0.0309 0.7186
vn 0.5609 0.5609 0.609
vn 0.028 0.7246 0.6886
vn 0.8515 0.0338 0.5233
vn -0.0025 0.844 0.5364
vn 0.0062 0.0149 0.9999
vn 0.0309 -0.6947 0.7186
vn 0.5609 -0.5609 0.609
vn 0.7246 -0.028 0.6886
vn 0.0338 -0.8515 0.5233
vn 0.844 0.0025 0.5364
vn 0.0149 -0.0062 0.9999
vn 0.7071 -0.0 0.7071
vn 0.8321 -0.0 0.5547
vn 0.0434 0.0 0.9991
vn -0.0 0.0189 0.9998
vn -0.0 0.0188 0.9998
vn 0.0 -0.8321 0.5547
vn 0.0 -0.7071 0.7071
vn 0.7071 -0.0 0.7071
vn -0.0188 -0.1841 0.9827
vn -0.0187 -0.1841 0.9827
vn -0.0189 -0.0 0.9998
vn -0.0188 -0.0 0.9998
vn 0.8321 0.0 0.5547
vn 0.7071 0.0 0.7071
vn 0.0 0.7071 0.7071
vn 0.1841 -0.0188 0.9827
vn 0.1841 -0.0187 0.9827
vn 0.7071 -0.0 0.7071
vn 0.8321 -0.0 0.5547
vn 0.0434 0.0 0.9991
vn 0.6947 0.0309 0.7186
vn 0.5609 0.5609 0.609
vn 0.028 0.7246 0.6886
vn 0.8515 0.0338 0.5233
vn -0.0025 0.844 0.5364
vn 0.0062 0.0149 0.9999
vn -0.0 -0.7071 0.7071
vn 0.0 -0.0434 0.9991
vn -0.0 -0.8321 0.5547
vn 0.0 0.7071 0.7071
vn 0.0 0.8321 0.5547
vn -0.0 0.0434 0.9991
vn 0.0309 -0.6947 0.7186
vn 0.5609 -0.5609 0.609
vn 0.7246 -0.028 0.6886
vn 0.0338 -0.8515 0.5233
vn 0.844 0.0025 0.5364
vn 0.0149 -0.0062 0.9999
vn 0.7071 -0.0 0.7071
vn 0.8321 -0.0 0.5547
vn 0.0434 0.0 0.9991
vn 0.7071 -0.0 0.7071
vn 0.8321 -0.0 0.5547
vn 0.0434 0.0 0.9991
vn 0.6947 0.0309 0.7186
vn 0.5609 0.5609 0.609
vn 0.028 0.7246 0.6886
vn 0.8515 0.0338 0.5233
vn -0.0025 0.844 0.5364
vn 0.0062 0.0149 0.9999
vn 0.0 -0.0 1.0
vn 0.0 -0.0 1.0
vn 0.0 -0.0 1.0
vn 0.0 -0.0 1.0
vn 0.0 -0.0 1.0
vn 0.0 -0.0 1.0
vn 0.0 -0.0 1.0
vn 0.0 -0.0 1.0
vn 0.0 -0.0 1.0
vn 0.0 -0.0 1.0
vn 0.0 -0.0 1.0
vn 0.0 -0.0 1.0
vn 0.0 -0.0 1.0
vn 0.0 -0.0 1.0
vn 0.0 -0.0 1.0
vn 0.0 -0.0 1.0
vn 0.0 -0.0 1.0
vn 0.0 -0.0 1.0
vn 0.0 -0.0 1.0
vn 0.0 -0.0 1.0
vn 0.0 -0.0 1.0
vn 0.0 -0.0 1.0
vn 0.0 -0.0 1.0
vn 0.0 -0.0 1.0
vn 0.0 -0.0 1.0
vn 0.0 -0.0 1.0
vn 0.0 -0.0 1.0
vn 0.0 -0.0 1.0
vn 0.0 -0.0 1.0
vn 0.0 -0.0 1.0
vn 0.0 -0.0 1.0
vn 0.0 -0.0 1.0
vn 0.0 -0.0 1.0
vn 0.0 -0.0 1.0
vn 0.0 -0.0 1.0
vn 0.0 -0.0 1.0
vn 0.0 -0.0 1.0
vn 0.0 -0.0 1.0
vn 0.0 -0.0 1.0
vn 0.0 -0.0 1.0
vn 0.0 -0.0 1.0
vn 0.0 -0.0 1.0
vn 0.0 -0.0 1.0
vn 0.0 -0.0 1.0
vn 0.0 -0.0 1.0
vn 0.0 -0.0 1.0
vn 0.0 -0.0 1.0
vn 0.0 -0.0 1.0
vn 0.0 -0.0 1.0
vn 0.0 -0.0 1.0
vn 0.0 -0.0 1.0
vn 0.0 -0.0 1.0
vn 0.0 -0.0 1.0
vn 0.0 -0.0 1.0
vn 0.0 -0.0 1.0
vn 0.0 -0.0 1.0
vn 0.0 -0.0 1.0
vn 0.0 -0.0 1.0
vn 0.0 -0.0 1.0
vn 0.0 -0.0 1.0
vn 0.0 -0.0 1.0
vn 0.0 -0.0 1.0
vn 0.0 -0.0 1.0
vn 0.0 -0.0 1.0
vn 0.0 -0.0 1.0
vn 0.0 -0.0 1.0
vn 0.0 -0.0 1.0
vn 0.0 -0.0 1.0
vn 0.0 -0.0 1.0
vn 0.0 -0.0 1.0
vn 0.0 -0.0 1.0
vn 0.0 -0.0 1.0
vn 0.0 -0.0 1.0
vn 0.0 -0.0 1.0
vn 0.0 -0.0 1.0
vn 0.0 -0.0 1.0
vn 0.0 -0.0 1.0
vn 0.0 -0.0 1.0
vn 0.0 -0.0 1.0
vn 0.0 -0.0 1.0
vn 0.0 -0.0 1.0
vn 0.0 -0.0 1.0
vn 0.0 -0.0 1.0
vn 0.0 -0.0 1.0
vn 0.0 -0.0 1.0
vn 0.0 -0.0 1.0
vn 0.0 -0.0 1.0
vn 0.0 -0.0 1.0
vn 0.0 -0.0 1.0
vn 0.0 -0.0 1.0
vn 0.0 -0.0 1.0
vn 0.0 -0.0 1.0
vn 0.0 -0.0 1.0
vn 0.0 -0.0 1.0
vn 0.0 -0.0 1.0
vn 0.0 -0.0 1.0
vn 0.0 -0.0 1.0
vn 0.0 -0.0 1.0
vn 0.0 -0.0 1.0
vn 0.0 -0.0 1.0
vn 0.0 -0.0 1.0
vn 0.0 -0.0 1.0
vn 0.0 -0.0 1.0
vn 0.0 -0.0 1.0
vn 0.0 -0.0 1.0
vn 0.0 -0.0 1.0
vn 0.0 -0.0 1.0
vn 0.0 -0.0 1.0
vn 0.0 -0.0 1.0
vn 0.0 -0.0 1.0
vn 0.0 -0.0 1.0
vn 0.0 -0.0 1.0
vn 0.0 -0.0 1.0
vn 0.0 -0.0 1.0
vn 0.0 -0.0 1.0
vn 0.0 -0.0 1.0
vn 0.0 -0.0 1.0
vn 0.0 -0.0 1.0
vn 0.0 -0.0 1.0
vn 0.0 -0.0 1.0
vn 0.0 -0.0 1.0
vn 0.0 -0.0 1.0
vn 0.0 -0.0 1.0
vn 0.0 -0.0 1.0
vn 0.0 -0.0 1.0
vn 0.0 -0.0 1.0
vn 0.0 -0.0 1.0
vn 0.0 -0.0 1.0
vn 0.0 -0.0 1.0
vn 0.0 -0.0 1.0
vn 0.0 -0.0 1.0
vn 0.0 -0.0 1.0
vn 0.0 -0.0 1.0
vn 0.0 -0.0 1.0
vn 0.0 -0.0 1.0
vn 0.0 -0.0 1.0
vn 0.0 -0.0 1.0
vn 0.0 -0.0 1.0
vn 0.0 -0.0 1.0
vn 0.0 -0.0 1.0
vn 0.0 -0.0 1.0
vn 0.0 -0.0 1.0
vn 0.0 -0.0 1.0
vn 0.0 -0.0 1.0
vn 0.0 -0.0 1.0
vn 0.0 -0.0 1.0
vn 0.0 -0.0 1.0
vn 0.0 -0.0 1.0
vn 0.0 -0.0 1.0
vn 0.0 -0.0 1.0
vn 0.0 -0.0 1.0
vn 0.0 -0.0 1.0
vn 0.0 -0.0 1.0
vn 0.0 -0.0 1.0
vn 0.0 -0.0 1.0
vn 0.0 -0.0 1.0
vn 0.0 -0.0 1.0
vn 0.0 -0.0 1.0
vn 0.0 -0.0 1.0
vn 0.0 -0.0 1.0
vn 0.0 -0.0 1.0
vn 0.0 -0.0 1.0
vn 0.0 -0.0 1.0
vn 0.0 -0.0 1.0
vn 0.0 -0.0 1.0
vn 0.0 -0.0 1.0
vn 0.0 -0.0 1.0
vn 0.0 -0.0 1.0
vn 0.0 -0.0 1.0
vn 0.0 -0.0 1.0
vn 0.0 -0.0 1.0
vn 0.0 -0.0 1.0
vn 0.0 -0.0 1.0
vn 0.0 -0.0 1.0
vn 0.0 -0.0 1.0
vn 0.0 -0.0 1.0
vn 0.0 -0.7071 0.7071
vn 0.0 -0.5258 0.8506
vn -0.0 -0.0 1.0
vn 0.0 -0.426 0.9047
vn 0.0 -0.0 1.0
vn 0.0 -0.0 1.0
vn 0.0 -0.7071 0.7071
vn 0.0 -0.5258 0.8506
vn -0.0 -0.0 1.0
vn 0.0 -0.426 0.9047
vn 0.0 -0.0 1.0
vn -0.7071 -0.0 0.7071
vn -0.5258 -0.0 0.8506
vn -0.0 0.0 1.0
vn -0.426 -0.0 0.9047
vn -0.3865 -0.3865 0.8374
vn -0.526 0.0 0.8505
vn -0.0 0.0 1.0
vn 0.0 -0.526 0.8505
vn 0.0 -0.5259 0.8505
vn -0.3262 -0.6425 0.6934
vn -0.4629 -0.4629 0.7559
vn -0.6426 -0.3262 0.6933
vn -0.6426 -0.3262 0.6934
vn -0.3262 -0.6426 0.6934
vn -0.5259 0.0 0.8505
vn 0.0 -0.0 1.0
vn 0.0 -0.0 1.0
vn 0.7071 0.0 0.7071
vn 0.5258 0.0 0.8506
vn 0.0 -0.0 1.0
vn 0.426 0.0 0.9047
vn 0.3865 -0.3865 0.8374
vn -0.0 -0.526 0.8505
vn -0.0 -0.0 1.0
vn 0.526 0.0 0.8505
vn 0.5259 0.0 0.8505
vn 0.6425 -0.3262 0.6934
vn 0.4629 -0.4629 0.7559
vn 0.3262 -0.6426 0.6933
vn 0.3262 -0.6426 0.6934
vn 0.6426 -0.3262 0.6934
vn -0.0 -0.5259 0.8505
vn 0.0 -0.0 1.0
vn 0.0 -0.0 1.0
vn 0.0 -0.7071 0.7071
vn 0.0 -0.5258 0.8506
vn -0.0 -0.0 1.0
vn 0.0 -0.426 0.9047
vn 0.0 -0.0 1.0
vn 0.1651 -0.0808 0.983
vn 0.2269 -0.0178 0.9738
vn 0.6983 -0.0558 0.7136
vn 0.5641 -0.3474 0.7491
vn 0.0679 -0.1819 0.981
vn 0.0657 -0.1788 0.9817
vn 0.2295 -0.5999 0.7665
vn 0.0672 -0.6978 0.7132
vn 0.0644 -0.6948 0.7163
vn 0.2303 -0.6012 0.7652
vn 0.3262 -0.6426 0.6933
vn 0.5703 -0.3477 0.7442
vn 0.5665 -0.25 0.7852
vn 0.6961 -0.0567 0.7157
vn -0.0 0.0 1.0
vn 0.3262 -0.6425 0.6933
vn 0.7071 0.0 0.7071
vn 0.5258 0.0 0.8506
vn 0.0 -0.0 1.0
vn 0.426 0.0 0.9047
vn 0.3865 -0.3865 0.8374
vn -0.0 -0.526 0.8505
vn -0.0 -0.0 1.0
vn 0.526 0.0 0.8505
vn 0.5259 0.0 0.8505
vn 0.6425 -0.3262 0.6934
vn 0.4629 -0.4629 0.7559
vn 0.3262 -0.6426 0.6933
vn 0.3262 -0.6426 0.6934
vn 0.6426 -0.3262 0.6934
vn -0.0 -0.5259 0.8505
vn 0.0 -0.0 1.0
vn 0.0 -0.0 1.0
vn 0.0 -0.7071 0.7071
vn 0.0 -0.5258 0.8506
vn -0.0 -0.0 1.0
vn 0.0 -0.426 0.9047
vn 0.7071 0.0 0.7071
vn 0.5258 0.0 0.8506
vn 0.0 -0.0 1.0
vn 0.426 0.0 0.9047
vn 0.3865 -0.3865 0.8374
vn -0.0 -0.526 0.8505
vn -0.0 -0.0 1.0
vn 0.526 0.0 0.8505
vn 0.5259 0.0 0.8505
vn 0.6425 -0.3262 0.6934
vn 0.4629 -0.4629 0.7559
vn 0.3262 -0.6426 0.6933
vn 0.3262 -0.6426 0.6934
vn 0.6426 -0.3262 0.6934
vn -0.0 -0.5259 0.8505
vn 0.0 -0.0 1.0
vn 0.0 -0.0 1.0
vn 0.0 -0.7071 0.7071
vn 0.0 -0.5258 0.8506
vn -0.0 -0.0 1.0
vn 0.0 -0.426 0.9047
vn 0.0 -0.0 1.0
vn 0.0 -0.0 1.0
vn 0.0 -0.0 1.0
vn 0.0 -0.0 1.0
vn 0.0 -0.0 1.0
vn 0.0 -0.0 1.0
vn 0.0 -0.0 1.0
vn 0.0 -0.0 1.0
vn 0.0 -0.0 1.0
vn 0.0 -0.0 1.0
vn 0.0 -0.0 1.0
vn 0.0 -0.0 1.0
vn 0.0 -0.0 1.0
vn 0.0 -0.0 1.0
vn 0.0 -0.0 1.0
vn 0.0 -0.0 1.0
vn 0.0 -0.0 1.0
vn 0.0 -0.0 1.0
vn 0.0 -0.0 1.0
vn 0.0 -0.0 1.0
vn 0.0 -0.0 1.0
vn 0.0 -0.0 1.0
c 1.0 1.0 1.0
c 1.0 1.0 1.0
c 1.0 1.0 1.0
c 1.0 1.0 1.0
c 1.0 1.0 1.0
c 1.0 1.0 1.0
c 1.0 1.0 1.0
c 1.0 1.0 1.0
c 1.0 1.0 1.0
c 1.0 1.0 1.0
c 1.0 1.0 1.0
c 1.0 1.0 1.0
c 1.0 1.0 1.0
c 1.0 1.0 1.0
c 1.0 1.0 1.0
c 1.0 1.0 1.0
c 1.0 1.0 1.0
c 1.0 1.0 1.0
c 1.0 1.0 1.0
c 1.0 1.0 1.0
c 1.0 1.0 1.0
c 1.0 1.0 1.0
c 1.0 1.0 1.0
c 1.0 1.0 1.0
c 1.0 1.0 1.0
c 1.0 1.0 1.0
c 1.0 1.0 1.0
c 1.0 1.0 1.0
c 1.0 1.0 1.0
c 1.0 1.0 1.0
c 1.0 1.0 1.0
c 1.0 1.0 1.0
c 1.0 1.0 1.0
c 1.0 1.0 1.0
c 1.0 1.0 1.0
c 1.0 1.0 1.0
c 1.0 1.0 1.0
c 1.0 1.0 1.0
c 1.0 1.0 1.0
c 1.0 1.0 1.0
c 1.0 1.0 1.0
c 1.0 1.0 1.0
c 1.0 1.0 1.0
c 1.0 1.0 1.0
c 1.0 1.0 1.0
c 1.0 1.0 1.0
c 1.0 1.0 1.0
c 1.0 1.0 1.0
c 1.0 1.0 1.0
c 1.0 1.0 1.0
c 1.0 1.0 1.0
c 1.0 1.0 1.0
c 1.0 1.0 1.0
c 1.0 1.0 1.0
c 1.0 1.0 1.0
c 1.0 1.0 1.0
c 1.0 1.0 1.0
c 1.0 1.0 1.0
c 1.0 1.0 1.0
c 1.0 1.0 1.0
c 1.0 1.0 1.0
c 1.0 1.0 1.0
c 1.0 1.0 1.0
c 1.0 1.0 1.0
c 1.0 1.0 1.0
c 1.0 1.0 1.0
c 1.0 1.0 1.0
c 1.0 1.0 1.0
c 1.0 1.0 1.0
c 1.0 1.0 1.0
c 1.0 1.0 1.0
c 1.0 1.0 1.0
c 1.0 1.0 1.0
c 1.0 1.0 1.0
c 1.0 1.0 1.0
c 1.0 1.0 1.0
c 1.0 1.0 1.0
c 1.0 1.0 1.0
c 1.0 1.0 1.0
c 1.0 1.0 1.0
c 1.0 1.0 1.0
c 1.0 1.0 1.0
c 1.0 1.0 1.0
c 1.0 1.0 1.0
c 1.0 1.0 1.0
c 1.0 1.0 1.0
c 1.0 1.0 1.0
c 1.0 1.0 1.0
c 1.0 1.0 1.0
c 1.0 1.0 1.0
c 1.0 1.0 1.0
c 1.0 1.0 1.0
c 1.0 1.0 1.0
c 1.0 1.0 1.0
c 1.0 1.0 1.0
c 1.0 1.0 1.0
c 1.0 1.0 1.0
c 1.0 1.0 1.0
c 1.0 1.0 1.0
c 1.0 1.0 1.0
c 1.0 1.0 1.0
c 1.0 1.0 1.0
c 1.0 1.0 1.0
c 1.0 1.0 1.0
c 1.0 1.0 1.0
c 1.0 1.0 1.0
c 1.0 1.0 1.0
c 1.0 1.0 1.0
c 1.0 1.0 1.0
c 1.0 1.0 1.0
c 1.0 1.0 1.0
c 1.0 1.0 1.0
c 1.0 1.0 1.0
c 1.0 1.0 1.0
c 1.0 1.0 1.0
c 1.0 1.0 1.0
c 1.0 1.0 1.0
c 1.0 1.0 1.0
c 1.0 1.0 1.0
c 1.0 1.0 1.0
c 1.0 1.0 1.0
c 1.0 1.0 1.0
c 1.0 1.0 1.0
c 1.0 1.0 1.0
c 1.0 1.0 1.0
c 1.0 1.0 1.0
c 1.0 1.0 1.0
c 1.0 1.0 1.0
c 1.0 1.0 1.0
c 1.0 1.0 1.0
c 1.0 1.0 1.0
c 1.0 1.0 1.0
c 1.0 1.0 1.0
c 1.0 1.0 1.0
c 1.0 1.0 1.0
c 1.0 1.0 1.0
c 1.0 1.0 1.0
c 1.0 1.0 1.0
c 1.0 1.0 1.0
c 1.0 1.0 1.0
c 1.0 1.0 1.0
c 1.0 1.0 1.0
c 1.0 1.0 1.0
c 1.0 1.0 1.0
c 1.0 1.0 1.0
c 1.0 1.0 1.0
c 1.0 1.0 1.0
c 1.0 1.0 1.0
c 1.0 1.0 1.0
c 1.0 1.0 1.0
c 1.0 1.0 1.0
c 1.0 1.0 1.0
c 1.0 1.0 1.0
c 1.0 1.0 1.0
c 1.0 1.0 1.0
c 1.0 1.0 1.0
c 1.0 1.0 1.0
c 1.0 1.0 1.0
c 1.0 1.0 1.0
c 1.0 1.0 1.0
c 1.0 1.0 1.0
c 1.0 1.0 1.0
c 1.0 1.0 1.0
c 1.0 1.0 1.0
c 1.0 1.0 1.0
c 1.0 1.0 1.0
c 1.0 1.0 1.0
c 1.0 1.0 1.0
c 1.0 1.0 1.0
c 1.0 1.0 1.0
c 1.0 1.0 1.0
c 1.0 1.0 1.0
c 1.0 1.0 1.0
c 1.0 1.0 1.0
c 1.0 1.0 1.0
c 1.0 1.0 1.0
c 1.0 1.0 1.0
c 1.0 1.0 1.0
c 1.0 1.0 1.0
c 1.0 1.0 1.0
c 1.0 1.0 1.0
c 1.0 1.0 1.0
c 1.0 1.0 1.0
c 1.0 1.0 1.0
c 1.0 1.0 1.0
c 1.0 1.0 1.0
c 1.0 1.0 1.0
c 1.0 1.0 1.0
c 1.0 1.0 1.0
c 1.0 1.0 1.0
c 1.0 1.0 1.0
c 1.0 1.0 1.0
c 1.0 1.0 1.0
c 1.0 1.0 1.0
c 1.0 1.0 1.0
c 1.0 1.0 1.0
c 1.0 1.0 1.0
c 1.0 1.0 1.0
c 1.0 1.0 1.0
c 1.0 1.0 1.0
c 1.0 1.0 1.0
c 1.0 1.0 1.0
c 1.0 1.0 1.0
c 1.0 1.0 1.0
c 1.0 1.0 1.0
c 1.0 1.0 1.0
c 1.0 1.0 1.0
c 1.0 1.0 1.0
c 1.0 1.0 1.0
c 1.0 1.0 1.0
c 1.0 1.0 1.0
c 1.0 1.0 1.0
c 1.0 1.0 1.0
c 1.0 1.0 1.0
c 1.0 1.0 1.0
c 1.0 1.0 1.0
c 1.0 1.0 1.0
c 1.0 1.0 1.0
c 1.0 1.0 1.0
c 1.0 1.0 1.0
c 1.0 1.0 1.0
c 1.0 1.0 1.0
c 1.0 1.0 1.0
c 1.0 1.0 1.0
c 1.0 1.0 1.0
c 1.0 1.0 1.0
c 1.0 1.0 1.0
c 1.0 1.0 1.0
c 1.0 1.0 1.0
c 1.0 1.0 1.0
c 1.0 1.0 1.0
c 1.0 1.0 1.0
c 1.0 1.0 1.0
c 1.0 1.0 1.0
c 1.0 1.0 1.0
c 1.0 1.0 1.0
c 1.0 1.0 1.0
c 1.0 1.0 1.0
c 1.0 1.0 1.0
c 1.0 1.0 1.0
c 1.0 1.0 1.0
c 1.0 1.0 1.0
c 1.0 1.0 1.0
c 1.0 1.0 1.0
c 1.0 1.0 1.0
c 1.0 1.0 1.0
c 1.0 1.0 1.0
c 1.0 1.0 1.0
c 1.0 1.0 1.0
c 1.0 1.0 1.0
c 1.0 1.0 1.0
c 1.0 1.0 1.0
c 1.0 1.0 1.0
c 1.0 1.0 1.0
c 1.0 1.0 1.0
c 1.0 1.0 1.0
c 1.0 1.0 1.0
c 1.0 1.0 1.0
c 1.0 1.0 1.0
c 1.0 1.0 1.0
c 1.0 1.0 1.0
c 1.0 1.0 1.0
c 1.0 1.0 1.0
c 1.0 1.0 1.0
c 1.0 1.0 1.0
c 1.0 1.0 1.0
c 1.0 1.0 1.0
c 1.0 1.0 1.0
c 1.0 1.0 1.0
c 1.0 1.0 1.0
c 1.0 1.0 1.0
c 1.0 1.0 1.0
c 1.0 1.0 1.0
c 1.0 1.0 1.0
c 1.0 1.0 1.0
c 1.0 1.0 1.0
c 1.0 1.0 1.0
c 1.0 1.0 1.0
c 1.0 1.0 1.0
c 1.0 1.0 1.0
c 1.0 1.0 1.0
c 1.0 1.0 1.0
c 1.0 1.0 1.0
c 1.0 1.0 1.0
c 1.0 1.0 1.0
c 1.0 1.0 1.0
c 1.0 1.0 1.0
c 1.0 1.0 1.0
c 1.0 1.0 1.0
c 1.0 1.0 1.0
c 1.0 1.0 1.0
c 1.0 1.0 1.0
c 1.0 1.0 1.0
c 1.0 1.0 1.0
c 1.0 1.0 1.0
c 1.0 1.0 1.0
c 1.0 1.0 1.0
c 1.0 1.0 1.0
c 1.0 1.0 1.0
c 1.0 1.0 1.0
c 1.0 1.0 1.0
c 1.0 1.0 1.0
c 1.0 1.0 1.0
c 1.0 1.0 1.0
c 1.0 1.0 1.0
c 1.0 1.0 1.0
c 1.0 1.0 1.0
c 1.0 1.0 1.0
c 1.0 1.0 1.0
c 1.0 1.0 1.0
c 1.0 1.0 1.0
c 1.0 1.0 1.0
c 1.0 1.0 1.0
c 1.0 1.0 1.0
c 1.0 1.0 1.0
c 1.0 1.0 1.0
c 1.0 1.0 1.0
c 1.0 1.0 1.0
c 1.0 1.0 1.0
c 1.0 1.0 1.0
c 1.0 1.0 1.0
c 1.0 1.0 1.0
c 1.0 1.0 1.0
c 1.0 1.0 1.0
c 1.0 1.0 1.0
c 1.0 1.0 1.0
c 1.0 1.0 1.0
c 1.0 1.0 1.0
c 1.0 1.0 1.0
c 1.0 1.0 1.0
c 1.0 1.0 1.0
c 1.0 1.0 1.0
c 1.0 1.0 1.0
c 1.0 1.0 1.0
c 1.0 1.0 1.0
c 1.0 1.0 1.0
c 1.0 1.0 1.0
c 1.0 1.0 1.0
c 1.0 1.0 1.0
c 1.0 1.0 1.0
c 1.0 1.0 1.0
c 1.0 1.0 1.0
c 1.0 1.0 1.0
c 1.0 1.0 1.0
c 1.0 1.0 1.0
c 1.0 1.0 1.0
c 1.0 1.0 1.0
c 1.0 1.0 1.0
c 1.0 1.0 1.0
c 1.0 1.0 1.0
c 1.0 1.0 1.0
c 1.0 1.0 1.0
c 1.0 1.0 1.0
c 1.0 1.0 1.0
c 1.0 1.0 1.0
c 1.0 1.0 1.0
c 1.0 1.0 1.0
c 1.0 1.0 1.0
c 1.0 1.0 1.0
c 1.0 1.0 1.0
c 1.0 1.0 1.0
c 1.0 1.0 1.0
c 1.0 1.0 1.0
c 1.0 1.0 1.0
c 1.0 1.0 1.0
c 1.0 1.0 1.0
c 1.0 1.0 1.0
c 1.0 1.0 1.0
c 1.0 1.0 1.0
c 1.0 1.0 1.0
c 1.0 1.0 1.0
c 1.0 1.0 1.0
c 1.0 1.0 1.0
c 1.0 1.0 1.0
c 1.0 1.0 1.0
c 1.0 1.0 1.0
c 1.0 1.0 1.0
c 1.0 1.0 1.0
c 1.0 1.0 1.0
c 1.0 1.0 1.0
c 1.0 1.0 1.0
c 1.0 1.0 1.0
c 1.0 1.0 1.0
c 1.0 1.0 1.0
c 1.0 1.0 1.0
c 1.0 1.0 1.0
c 1.0 1.0 1.0
c 1.0 1.0 1.0
c 1.0 1.0 1.0
c 1.0 1.0 1.0
c 1.0 1.0 1.0
c 1.0 1.0 1.0
c 1.0 1.0 1.0
c 1.0 1.0 1.0
c 1.0 1.0 1.0
c 1.0 1.0 1.0
c 1.0 1.0 1.0
c 1.0 1.0 1.0
c 1.0 1.0 1.0
c 1.0 1.0 1.0
c 1.0 1.0 1.0
c 1.0 1.0 1.0
c 1.0 1.0 1.0
c 1.0 1.0 1.0
c 1.0 1.0 1.0
c 1.0 1.0 1.0
c 1.0 1.0 1.0
c 1.0 1.0 1.0
c 1.0 1.0 1.0
c 1.0 1.0 1.0
c 1.0 1.0 1.0
c 1.0 1.0 1.0
c 1.0 1.0 1.0
c 1.0 1.0 1.0
c 1.0 1.0 1.0
c 1.0 1.0 1.0
c 1.0 1.0 1.0
c 1.0 1.0 1.0
c 1.0 1.0 1.0
c 1.0 1.0 1.0
usemtl sea_zanami2
s off
f 7/7/1/1 8/8/1/1 9/9/1/1 10/10/1/1
f 39/41/10/6 40/42/10/6 41/43/10/6 42/44/10/6
f 131/135/34/26 132/136/34/26 133/137/34/26 134/138/34/26
f 147/153/39/27 148/154/39/27 149/155/39/27 150/156/39/27
f 163/171/44/28 164/172/44/28 165/173/44/28 166/174/44/28
f 257/267/72/42 258/268/72/42 259/269/72/42 260/270/72/42
f 327/339/94/50 328/340/94/50 329/341/94/50 330/342/94/50
f 347/361/100/52 348/362/100/52 349/363/100/52 350/364/100/52
f 384/399/109/57 385/400/109/57 386/401/109/57 387/402/109/57
f 388/403/109/57 384/404/109/57 387/405/109/57 389/406/109/57
f 406/424/110/58 407/425/110/58 408/426/110/58 409/427/110/58
f 472/492/131/65 473/493/131/65 474/494/131/65 475/495/131/65
f 492/514/137/67 493/515/137/67 494/516/137/67 495/517/137/67
f 529/552/146/72 530/553/146/72 531/554/146/72 532/555/146/72
f 533/556/146/72 529/557/146/72 532/558/146/72 534/559/146/72
f 551/577/147/73 552/578/147/73 553/579/147/73 554/580/147/73
f 567/595/152/74 568/596/152/74 569/597/152/74 570/598/152/74
f 583/613/157/75 584/614/157/75 585/615/157/75 586/616/157/75
f 604/635/162/76 605/636/162/76 606/637/162/76 607/638/162/76
f 608/639/162/76 604/640/162/76 607/641/162/76 609/642/162/76
f 173/207/53/29 174/208/53/29 175/209/53/29
f 176/210/53/29 177/211/53/29 178/212/53/29
f 267/303/81/43 268/304/81/43 269/305/81/43
f 270/306/81/43 271/307/81/43 272/308/81/43
f 416/460/119/59 417/461/119/59 418/462/119/59
f 419/463/119/59 420/464/119/59 421/465/119/59
usemtl sea_zanami
s off
f 1/11/1/1 2/12/1/1 3/13/5/1 4/14/1/1
f 2/15/1/1 5/16/1/1 6/17/1/1 3/18/5/1
f 33/45/10/6 34/46/10/6 35/47/14/6 36/48/10/6
f 34/49/10/6 37/50/10/6 38/51/10/6 35/52/14/6
f 125/139/34/26 126/140/34/26 127/141/38/26 128/142/34/26
f 126/143/34/26 129/144/34/26 130/145/34/26 127/146/38/26
f 141/157/39/27 142/158/39/27 143/159/43/27 144/160/39/27
f 142/161/39/27 145/162/39/27 146/163/39/27 143/164/43/27
f 157/175/44/28 158/176/44/28 159/177/48/28 160/178/44/28
f 158/179/44/28 161/180/44/28 162/181/44/28 159/182/48/28
f 191/183/49/29 192/184/50/29 193/185/51/29 194/186/52/29
f 251/271/72/42 252/272/72/42 253/273/76/42 254/274/72/42
f 252/275/72/42 255/276/72/42 256/277/72/42 253/278/76/42
f 285/279/77/43 286/280/78/43 287/281/79/43 288/282/80/43
f 321/343/94/50 322/344/94/50 323/345/98/50 324/346/94/50
f 322/347/94/50 325/348/94/50 326/349/94/50 323/350/98/50
f 341/365/100/52 342/366/100/52 343/367/104/52 344/368/100/52
f 342/369/100/52 345/370/100/52 346/371/100/52 343/372/104/52
f 377/411/109/57 378/412/109/57 379/413/109/57 380/414/109/57
f 400/428/110/58 401/429/110/58 402/430/114/58 403/431/110/58
f 401/432/110/58 404/433/110/58 405/434/110/58 402/435/114/58
f 434/436/115/59 435/437/116/59 436/438/117/59 437/439/118/59
f 466/496/131/65 467/497/131/65 468/498/135/65 469/499/131/65
f 467/500/131/65 470/501/131/65 471/502/131/65 468/503/135/65
f 486/518/137/67 487/519/137/67 488/520/141/67 489/521/137/67
f 487/522/137/67 490/523/137/67 491/524/137/67 488/525/141/67
f 522/564/146/72 523/565/146/72 524/566/146/72 525/567/146/72
f 545/581/147/73 546/582/147/73 547/583/151/73 548/584/147/73
f 546/585/147/73 549/586/147/73 550/587/147/73 547/588/151/73
f 561/599/152/74 562/600/152/74 563/601/156/74 564/602/152/74
f 562/603/152/74 565/604/152/74 566/605/152/74 563/606/156/74
f 577/617/157/75 578/618/157/75 579/619/161/75 580/620/157/75
f 578/621/157/75 581/622/157/75 582/623/157/75 579/624/161/75
f 597/647/162/76 598/648/162/76 599/649/162/76 600/650/162/76
f 195/187/53/29 196/188/53/29 197/189/53/29
f 196/188/53/29 198/190/53/29 197/189/53/29
f 197/189/53/29 198/190/53/29 199/191/53/29
f 198/190/53/29 200/192/53/29 199/191/53/29
f 201/193/53/29 194/186/52/29 193/185/51/29
f 191/183/49/29 202/194/53/29 192/184/50/29
f 289/283/81/43 290/284/81/43 291/285/81/43
f 290/284/81/43 292/286/81/43 291/285/81/43
f 291/285/81/43 292/286/81/43 293/287/81/43
f 292/286/81/43 294/288/81/43 293/287/81/43
f 295/289/81/43 288/282/80/43 287/281/79/43
f 285/279/77/43 296/290/81/43 286/280/78/43
f 373/407/109/57 374/408/109/57 375/409/109/57
f 374/408/109/57 376/410/109/57 375/409/109/57
f 381/415/109/57 382/416/109/57 383/417/109/57
f 438/440/119/59 439/441/119/59 440/442/119/59
f 439/441/119/59 441/443/119/59 440/442/119/59
f 440/442/119/59 441/443/119/59 442/444/119/59
f 441/443/119/59 443/445/119/59 442/444/119/59
f 444/446/119/59 437/439/118/59 436/438/117/59
f 434/436/115/59 445/447/119/59 435/437/116/59
f 518/560/146/72 519/561/146/72 520/562/146/72
f 519/561/146/72 521/563/146/72 520/562/146/72
f 526/568/146/72 527/569/146/72 528/570/146/72
f 593/643/162/76 594/644/162/76 595/645/162/76
f 594/644/162/76 596/646/162/76 595/645/162/76
f 601/651/162/76 602/652/162/76 603/653/162/76
usemtl sea_mizu1_1
s off
f 2594/2938/1012/402 2595/2940/1012/402 2596/2941/1012/402 2597/2939/1012/402
f 2598/2942/1013/403 2599/2944/1013/403 2600/2945/1013/403 2601/2943/1013/403
f 2602/2948/1014/404 2603/2946/1014/404 2604/2947/1014/404 2605/2949/1014/404
f 2606/2952/1015/405 2607/2950/1015/405 2608/2951/1015/405 2609/2953/1015/405
f 2610/2954/1016/406 2611/2956/1016/406 2612/2957/1016/406 2613/2955/1016/406
f 2614/2958/1017/407 2615/2960/1017/407 2616/2961/1017/407 2617/2959/1017/407
f 2618/2962/1018/408 2619/2965/1018/408 2620/2963/1018/408 2621/2964/1018/408
f 2622/2966/1019/409 2623/2968/1019/409 2624/2969/1019/409 2625/2967/1019/409
f 2626/2970/1020/410 2627/2972/1020/410 2628/2973/1020/410 2629/2971/1020/410
f 2630/2976/1021/411 2631/2974/1021/411 2632/2975/1021/411 2633/2977/1021/411
f 2634/2978/1022/412 2635/2980/1022/412 2636/2981/1022/412 2637/2979/1022/412
f 2638/2984/1023/413 2639/2982/1023/413 2640/2983/1023/413 2641/2985/1023/413
f 2642/2986/1024/414 2643/2988/1024/414 2644/2989/1024/414 2645/2987/1024/414
f 2646/2991/1025/415 2647/2992/1025/415 2648/2990/1025/415 2649/2993/1025/415
f 2650/2996/1026/416 2651/2995/1026/416 2652/2997/1026/416 2653/2994/1026/416
f 2654/3000/1027/417 2655/2999/1027/417 2656/3001/1027/417 2657/2998/1027/417
f 2658/3004/1028/418 2659/3002/1028/418 2660/3005/1028/418 2661/3003/1028/418
f 2662/3009/1029/419 2663/3008/1029/419 2664/3006/1029/419 2665/3007/1029/419
f 2666/3012/1030/420 2667/3011/1030/420 2668/3013/1030/420 2669/3010/1030/420
usemtl t3_fl_y_lm21
s off
f 1566/1910/731/203 1567/1911/731/203 1568/1912/731/203
f 1568/1912/731/203 1569/1913/731/203 1566/1910/731/203
f 1570/1914/732/204 1571/1915/732/204 1572/1916/732/204
f 1572/1916/732/204 1573/1917/732/204 1570/1914/732/204
f 1574/1918/733/205 1575/1919/733/205 1576/1920/733/205
f 1576/1920/733/205 1577/1921/733/205 1574/1918/733/205
f 1578/1922/734/206 1579/1923/734/206 1580/1924/734/206
f 1580/1924/734/206 1581/1925/734/206 1578/1922/734/206
f 1582/1926/735/207 1583/1927/735/207 1584/1928/735/207
f 1584/1928/735/207 1585/1929/735/207 1582/1926/735/207
f 1586/1930/736/208 1587/1931/736/208 1588/1932/736/208
f 1588/1932/736/208 1589/1933/736/208 1586/1930/736/208
f 1610/1954/742/214 1611/1955/742/214 1612/1956/742/214
f 1612/1956/742/214 1613/1957/742/214 1610/1954/742/214
f 1626/1970/746/218 1627/1971/746/218 1628/1972/746/218
f 1628/1972/746/218 1629/1973/746/218 1626/1970/746/218
f 1630/1974/747/219 1631/1975/747/219 1632/1976/747/219
f 1632/1976/747/219 1633/1977/747/219 1630/1974/747/219
f 1634/1978/748/220 1635/1979/748/220 1636/1980/748/220
f 1636/1980/748/220 1637/1981/748/220 1634/1978/748/220
f 1638/1982/749/221 1639/1983/749/221 1640/1984/749/221
f 1640/1984/749/221 1641/1985/749/221 1638/1982/749/221
f 1726/2070/771/243 1727/2071/771/243 1728/2072/771/243
f 1728/2072/771/243 1729/2073/771/243 1726/2070/771/243
f 1730/2074/772/244 1731/2075/772/244 1732/2076/772/244
f 1732/2076/772/244 1733/2077/772/244 1730/2074/772/244
f 1734/2078/773/245 1735/2079/773/245 1736/2080/773/245
f 1736/2080/773/245 1737/2081/773/245 1734/2078/773/245
f 1742/2086/775/247 1743/2087/775/247 1744/2088/775/247
f 1744/2088/775/247 1745/2089/775/247 1742/2086/775/247
f 1762/2106/780/252 1763/2107/780/252 1764/2108/780/252
f 1764/2108/780/252 1765/2109/780/252 1762/2106/780/252
f 1770/2114/782/254 1771/2115/782/254 1772/2116/782/254
f 1772/2116/782/254 1773/2117/782/254 1770/2114/782/254
f 1790/2134/787/259 1791/2135/787/259 1792/2136/787/259
f 1792/2136/787/259 1793/2137/787/259 1790/2134/787/259
f 1802/2146/790/262 1803/2147/790/262 1804/2148/790/262
f 1804/2148/790/262 1805/2149/790/262 1802/2146/790/262
f 1810/2154/792/264 1811/2155/792/264 1812/2156/792/264
f 1812/2156/792/264 1813/2157/792/264 1810/2154/792/264
f 1822/2166/795/267 1823/2167/795/267 1824/2168/795/267
f 1824/2168/795/267 1825/2169/795/267 1822/2166/795/267
f 1826/2170/796/268 1827/2171/796/268 1828/2172/796/268
f 1828/2172/796/268 1829/2173/796/268 1826/2170/796/268
f 1830/2174/797/269 1831/2175/797/269 1832/2176/797/269
f 1832/2176/797/269 1833/2177/797/269 1830/2174/797/269
f 1834/2178/798/270 1835/2179/798/270 1836/2180/798/270
f 1836/2180/798/270 1837/2181/798/270 1834/2178/798/270
f 1838/2182/799/271 1839/2183/799/271 1840/2184/799/271
f 1840/2184/799/271 1841/2185/799/271 1838/2182/799/271
f 1842/2186/800/272 1843/2187/800/272 1844/2188/800/272
f 1844/2188/800/272 1845/2189/800/272 1842/2186/800/272
f 1846/2190/801/273 1847/2191/801/273 1848/2192/801/273
f 1848/2192/801/273 1849/2193/801/273 1846/2190/801/273
f 1854/2198/803/275 1855/2199/803/275 1856/2200/803/275
f 1856/2200/803/275 1857/2201/803/275 1854/2198/803/275
f 1858/2202/804/276 1859/2203/804/276 1860/2204/804/276
f 1860/2204/804/276 1861/2205/804/276 1858/2202/804/276
f 1882/2226/810/282 1883/2227/810/282 1884/2228/810/282
f 1884/2228/810/282 1885/2229/810/282 1882/2226/810/282
f 1942/2286/825/297 1943/2287/825/297 1944/2288/825/297
f 1944/2288/825/297 1945/2289/825/297 1942/2286/825/297
f 1966/2310/831/303 1967/2311/831/303 1968/2312/831/303
f 1968/2312/831/303 1969/2313/831/303 1966/2310/831/303
f 1970/2314/832/304 1971/2315/832/304 1972/2316/832/304
f 1972/2316/832/304 1973/2317/832/304 1970/2314/832/304
f 1998/2342/839/311 1999/2343/839/311 2000/2344/839/311
f 2000/2344/839/311 2001/2345/839/311 1998/2342/839/311
f 2002/2346/840/312 2003/2347/840/312 2004/2348/840/312
f 2004/2348/840/312 2005/2349/840/312 2002/2346/840/312
f 2038/2382/849/321 2039/2383/849/321 2040/2384/849/321
f 2040/2384/849/321 2041/2385/849/321 2038/2382/849/321
f 2042/2386/850/322 2043/2387/850/322 2044/2388/850/322
f 2044/2388/850/322 2045/2389/850/322 2042/2386/850/322
f 2046/2390/851/323 2047/2391/851/323 2048/2392/851/323
f 2048/2392/851/323 2049/2393/851/323 2046/2390/851/323
f 2050/2394/852/324 2051/2395/852/324 2052/2396/852/324
f 2052/2396/852/324 2053/2397/852/324 2050/2394/852/324
f 2054/2398/853/325 2055/2399/853/325 2056/2400/853/325
f 2056/2400/853/325 2057/2401/853/325 2054/2398/853/325
f 2058/2402/854/326 2059/2403/854/326 2060/2404/854/326
f 2060/2404/854/326 2061/2405/854/326 2058/2402/854/326
f 2086/2430/861/333 2087/2431/861/333 2088/2432/861/333
f 2088/2432/861/333 2089/2433/861/333 2086/2430/861/333
f 2090/2434/862/334 2091/2435/862/334 2092/2436/862/334
f 2092/2436/862/334 2093/2437/862/334 2090/2434/862/334
f 2094/2438/863/335 2095/2439/863/335 2096/2440/863/335
f 2096/2440/863/335 2097/2441/863/335 2094/2438/863/335
f 2102/2446/865/337 2103/2447/865/337 2104/2448/865/337
f 2104/2448/865/337 2105/2449/865/337 2102/2446/865/337
usemtl t3_fl_p_lm21
s off
f 1590/1934/737/209 1591/1935/737/209 1592/1936/737/209
f 1592/1936/737/209 1593/1937/737/209 1590/1934/737/209
f 1594/1938/738/210 1595/1939/738/210 1596/1940/738/210
f 1596/1940/738/210 1597/1941/738/210 1594/1938/738/210
f 1598/1942/739/211 1599/1943/739/211 1600/1944/739/211
f 1600/1944/739/211 1601/1945/739/211 1598/1942/739/211
f 1622/1966/745/217 1623/1967/745/217 1624/1968/745/217
f 1624/1968/745/217 1625/1969/745/217 1622/1966/745/217
f 1674/2018/758/230 1675/2019/758/230 1676/2020/758/230
f 1676/2020/758/230 1677/2021/758/230 1674/2018/758/230
f 1678/2022/759/231 1679/2023/759/231 1680/2024/759/231
f 1680/2024/759/231 1681/2025/759/231 1678/2022/759/231
f 1682/2026/760/232 1683/2027/760/232 1684/2028/760/232
f 1684/2028/760/232 1685/2029/760/232 1682/2026/760/232
f 1694/2038/763/235 1695/2039/763/235 1696/2040/763/235
f 1696/2040/763/235 1697/2041/763/235 1694/2038/763/235
f 1738/2082/774/246 1739/2083/774/246 1740/2084/774/246
f 1740/2084/774/246 1741/2085/774/246 1738/2082/774/246
f 1746/2090/776/248 1747/2091/776/248 1748/2092/776/248
f 1748/2092/776/248 1749/2093/776/248 1746/2090/776/248
f 1750/2094/777/249 1751/2095/777/249 1752/2096/777/249
f 1752/2096/777/249 1753/2097/777/249 1750/2094/777/249
f 1774/2118/783/255 1775/2119/783/255 1776/2120/783/255
f 1776/2120/783/255 1777/2121/783/255 1774/2118/783/255
f 1902/2246/815/287 1903/2247/815/287 1904/2248/815/287
f 1904/2248/815/287 1905/2249/815/287 1902/2246/815/287
f 1918/2262/819/291 1919/2263/819/291 1920/2264/819/291
f 1920/2264/819/291 1921/2265/819/291 1918/2262/819/291
f 1926/2270/821/293 1927/2271/821/293 1928/2272/821/293
f 1928/2272/821/293 1929/2273/821/293 1926/2270/821/293
f 1938/2282/824/296 1939/2283/824/296 1940/2284/824/296
f 1940/2284/824/296 1941/2285/824/296 1938/2282/824/296
f 1950/2294/827/299 1951/2295/827/299 1952/2296/827/299
f 1952/2296/827/299 1953/2297/827/299 1950/2294/827/299
f 1954/2298/828/300 1955/2299/828/300 1956/2300/828/300
f 1956/2300/828/300 1957/2301/828/300 1954/2298/828/300
f 1958/2302/829/301 1959/2303/829/301 1960/2304/829/301
f 1960/2304/829/301 1961/2305/829/301 1958/2302/829/301
f 1962/2306/830/302 1963/2307/830/302 1964/2308/830/302
f 1964/2308/830/302 1965/2309/830/302 1962/2306/830/302
f 2010/2354/842/314 2011/2355/842/314 2012/2356/842/314
f 2012/2356/842/314 2013/2357/842/314 2010/2354/842/314
f 2014/2358/843/315 2015/2359/843/315 2016/2360/843/315
f 2016/2360/843/315 2017/2361/843/315 2014/2358/843/315
f 2022/2366/845/317 2023/2367/845/317 2024/2368/845/317
f 2024/2368/845/317 2025/2369/845/317 2022/2366/845/317
f 2062/2406/855/327 2063/2407/855/327 2064/2408/855/327
f 2064/2408/855/327 2065/2409/855/327 2062/2406/855/327
f 2066/2410/856/328 2067/2411/856/328 2068/2412/856/328
f 2068/2412/856/328 2069/2413/856/328 2066/2410/856/328
f 2070/2414/857/329 2071/2415/857/329 2072/2416/857/329
f 2072/2416/857/329 2073/2417/857/329 2070/2414/857/329
f 2074/2418/858/330 2075/2419/858/330 2076/2420/858/330
f 2076/2420/858/330 2077/2421/858/330 2074/2418/858/330
f 2078/2422/859/331 2079/2423/859/331 2080/2424/859/331
f 2080/2424/859/331 2081/2425/859/331 2078/2422/859/331
f 2082/2426/860/332 2083/2427/860/332 2084/2428/860/332
f 2084/2428/860/332 2085/2429/860/332 2082/2426/860/332
f 2106/2450/866/338 2107/2451/866/338 2108/2452/866/338
f 2108/2452/866/338 2109/2453/866/338 2106/2450/866/338
f 2114/2458/868/340 2115/2459/868/340 2116/2460/868/340
f 2116/2460/868/340 2117/2461/868/340 2114/2458/868/340
f 2118/2462/869/341 2119/2463/869/341 2120/2464/869/341
f 2120/2464/869/341 2121/2465/869/341 2118/2462/869/341
usemtl t3_fl_r_lm21
s off
f 1542/1886/725/197 1543/1887/725/197 1544/1888/725/197
f 1544/1888/725/197 1545/1889/725/197 1542/1886/725/197
f 1546/1890/726/198 1547/1891/726/198 1548/1892/726/198
f 1548/1892/726/198 1549/1893/726/198 1546/1890/726/198
f 1550/1894/727/199 1551/1895/727/199 1552/1896/727/199
f 1552/1896/727/199 1553/1897/727/199 1550/1894/727/199
f 1554/1898/728/200 1555/1899/728/200 1556/1900/728/200
f 1556/1900/728/200 1557/1901/728/200 1554/1898/728/200
f 1558/1902/729/201 1559/1903/729/201 1560/1904/729/201
f 1560/1904/729/201 1561/1905/729/201 1558/1902/729/201
f 1562/1906/730/202 1563/1907/730/202 1564/1908/730/202
f 1564/1908/730/202 1565/1909/730/202 1562/1906/730/202
f 1602/1946/740/212 1603/1947/740/212 1604/1948/740/212
f 1604/1948/740/212 1605/1949/740/212 1602/1946/740/212
f 1606/1950/741/213 1607/1951/741/213 1608/1952/741/213
f 1608/1952/741/213 1609/1953/741/213 1606/1950/741/213
f 1614/1958/743/215 1615/1959/743/215 1616/1960/743/215
f 1616/1960/743/215 1617/1961/743/215 1614/1958/743/215
f 1618/1962/744/216 1619/1963/744/216 1620/1964/744/216
f 1620/1964/744/216 1621/1965/744/216 1618/1962/744/216
f 1654/1998/753/225 1655/1999/753/225 1656/2000/753/225
f 1656/2000/753/225 1657/2001/753/225 1654/1998/753/225
f 1658/2002/754/226 1659/2003/754/226 1660/2004/754/226
f 1660/2004/754/226 1661/2005/754/226 1658/2002/754/226
f 1686/2030/761/233 1687/2031/761/233 1688/2032/761/233
f 1688/2032/761/233 1689/2033/761/233 1686/2030/761/233
f 1702/2046/765/237 1703/2047/765/237 1704/2048/765/237
f 1704/2048/765/237 1705/2049/765/237 1702/2046/765/237
f 1706/2050/766/238 1707/2051/766/238 1708/2052/766/238
f 1708/2052/766/238 1709/2053/766/238 1706/2050/766/238
f 1710/2054/767/239 1711/2055/767/239 1712/2056/767/239
f 1712/2056/767/239 1713/2057/767/239 1710/2054/767/239
f 1714/2058/768/240 1715/2059/768/240 1716/2060/768/240
f 1716/2060/768/240 1717/2061/768/240 1714/2058/768/240
f 1758/2102/779/251 1759/2103/779/251 1760/2104/779/251
f 1760/2104/779/251 1761/2105/779/251 1758/2102/779/251
f 1766/2110/781/253 1767/2111/781/253 1768/2112/781/253
f 1768/2112/781/253 1769/2113/781/253 1766/2110/781/253
f 1778/2122/784/256 1779/2123/784/256 1780/2124/784/256
f 1780/2124/784/256 1781/2125/784/256 1778/2122/784/256
f 1786/2130/786/258 1787/2131/786/258 1788/2132/786/258
f 1788/2132/786/258 1789/2133/786/258 1786/2130/786/258
f 1794/2138/788/260 1795/2139/788/260 1796/2140/788/260
f 1796/2140/788/260 1797/2141/788/260 1794/2138/788/260
f 1798/2142/789/261 1799/2143/789/261 1800/2144/789/261
f 1800/2144/789/261 1801/2145/789/261 1798/2142/789/261
f 1806/2150/791/263 1807/2151/791/263 1808/2152/791/263
f 1808/2152/791/263 1809/2153/791/263 1806/2150/791/263
f 1850/2194/802/274 1851/2195/802/274 1852/2196/802/274
f 1852/2196/802/274 1853/2197/802/274 1850/2194/802/274
f 1862/2206/805/277 1863/2207/805/277 1864/2208/805/277
f 1864/2208/805/277 1865/2209/805/277 1862/2206/805/277
f 1870/2214/807/279 1871/2215/807/279 1872/2216/807/279
f 1872/2216/807/279 1873/2217/807/279 1870/2214/807/279
f 1874/2218/808/280 1875/2219/808/280 1876/2220/808/280
f 1876/2220/808/280 1877/2221/808/280 1874/2218/808/280
f 1878/2222/809/281 1879/2223/809/281 1880/2224/809/281
f 1880/2224/809/281 1881/2225/809/281 1878/2222/809/281
f 1886/2230/811/283 1887/2231/811/283 1888/2232/811/283
f 1888/2232/811/283 1889/2233/811/283 1886/2230/811/283
f 1890/2234/812/284 1891/2235/812/284 1892/2236/812/284
f 1892/2236/812/284 1893/2237/812/284 1890/2234/812/284
f 1894/2238/813/285 1895/2239/813/285 1896/2240/813/285
f 1896/2240/813/285 1897/2241/813/285 1894/2238/813/285
f 1898/2242/814/286 1899/2243/814/286 1900/2244/814/286
f 1900/2244/814/286 1901/2245/814/286 1898/2242/814/286
f 1914/2258/818/290 1915/2259/818/290 1916/2260/818/290
f 1916/2260/818/290 1917/2261/818/290 1914/2258/818/290
f 1930/2274/822/294 1931/2275/822/294 1932/2276/822/294
f 1932/2276/822/294 1933/2277/822/294 1930/2274/822/294
f 1946/2290/826/298 1947/2291/826/298 1948/2292/826/298
f 1948/2292/826/298 1949/2293/826/298 1946/2290/826/298
f 1974/2318/833/305 1975/2319/833/305 1976/2320/833/305
f 1976/2320/833/305 1977/2321/833/305 1974/2318/833/305
f 1978/2322/834/306 1979/2323/834/306 1980/2324/834/306
f 1980/2324/834/306 1981/2325/834/306 1978/2322/834/306
f 1982/2326/835/307 1983/2327/835/307 1984/2328/835/307
f 1984/2328/835/307 1985/2329/835/307 1982/2326/835/307
f 1986/2330/836/308 1987/2331/836/308 1988/2332/836/308
f 1988/2332/836/308 1989/2333/836/308 1986/2330/836/308
f 1990/2334/837/309 1991/2335/837/309 1992/2336/837/309
f 1992/2336/837/309 1993/2337/837/309 1990/2334/837/309
f 2006/2350/841/313 2007/2351/841/313 2008/2352/841/313
f 2008/2352/841/313 2009/2353/841/313 2006/2350/841/313
f 2034/2378/848/320 2035/2379/848/320 2036/2380/848/320
f 2036/2380/848/320 2037/2381/848/320 2034/2378/848/320
f 2098/2442/864/336 2099/2443/864/336 2100/2444/864/336
f 2100/2444/864/336 2101/2445/864/336 2098/2442/864/336
f 2122/2466/870/342 2123/2467/870/342 2124/2468/870/342
f 2124/2468/870/342 2125/2469/870/342 2122/2466/870/342
f 2146/2490/876/348 2147/2491/876/348 2148/2492/876/348
f 2148/2492/876/348 2149/2493/876/348 2146/2490/876/348
f 2150/2494/877/349 2151/2495/877/349 2152/2496/877/349
f 2152/2496/877/349 2153/2497/877/349 2150/2494/877/349
f 2154/2498/878/350 2155/2499/878/350 2156/2500/878/350
f 2156/2500/878/350 2157/2501/878/350 2154/2498/878/350
f 2158/2502/879/351 2159/2503/879/351 2160/2504/879/351
f 2160/2504/879/351 2161/2505/879/351 2158/2502/879/351
f 2162/2506/880/352 2163/2507/880/352 2164/2508/880/352
f 2164/2508/880/352 2165/2509/880/352 2162/2506/880/352
f 2166/2510/881/353 2167/2511/881/353 2168/2512/881/353
f 2168/2512/881/353 2169/2513/881/353 2166/2510/881/353
f 2170/2514/882/354 2171/2515/882/354 2172/2516/882/354
f 2172/2516/882/354 2173/2517/882/354 2170/2514/882/354
f 2178/2522/884/356 2179/2523/884/356 2180/2524/884/356
f 2180/2524/884/356 2181/2525/884/356 2178/2522/884/356
f 2182/2526/885/357 2183/2527/885/357 2184/2528/885/357
f 2184/2528/885/357 2185/2529/885/357 2182/2526/885/357
f 2190/2534/887/359 2191/2535/887/359 2192/2536/887/359
f 2192/2536/887/359 2193/2537/887/359 2190/2534/887/359
usemtl t3_fl_b_lm21
s off
f 1642/1986/750/222 1643/1987/750/222 1644/1988/750/222
f 1644/1988/750/222 1645/1989/750/222 1642/1986/750/222
f 1646/1990/751/223 1647/1991/751/223 1648/1992/751/223
f 1648/1992/751/223 1649/1993/751/223 1646/1990/751/223
f 1650/1994/752/224 1651/1995/752/224 1652/1996/752/224
f 1652/1996/752/224 1653/1997/752/224 1650/1994/752/224
f 1662/2006/755/227 1663/2007/755/227 1664/2008/755/227
f 1664/2008/755/227 1665/2009/755/227 1662/2006/755/227
f 1666/2010/756/228 1667/2011/756/228 1668/2012/756/228
f 1668/2012/756/228 1669/2013/756/228 1666/2010/756/228
f 1670/2014/757/229 1671/2015/757/229 1672/2016/757/229
f 1672/2016/757/229 1673/2017/757/229 1670/2014/757/229
f 1690/2034/762/234 1691/2035/762/234 1692/2036/762/234
f 1692/2036/762/234 1693/2037/762/234 1690/2034/762/234
f 1698/2042/764/236 1699/2043/764/236 1700/2044/764/236
f 1700/2044/764/236 1701/2045/764/236 1698/2042/764/236
f 1718/2062/769/241 1719/2063/769/241 1720/2064/769/241
f 1720/2064/769/241 1721/2065/769/241 1718/2062/769/241
f 1722/2066/770/242 1723/2067/770/242 1724/2068/770/242
f 1724/2068/770/242 1725/2069/770/242 1722/2066/770/242
f 1754/2098/778/250 1755/2099/778/250 1756/2100/778/250
f 1756/2100/778/250 1757/2101/778/250 1754/2098/778/250
f 1782/2126/785/257 1783/2127/785/257 1784/2128/785/257
f 1784/2128/785/257 1785/2129/785/257 1782/2126/785/257
f 1814/2158/793/265 1815/2159/793/265 1816/2160/793/265
f 1816/2160/793/265 1817/2161/793/265 1814/2158/793/265
f 1818/2162/794/266 1819/2163/794/266 1820/2164/794/266
f 1820/2164/794/266 1821/2165/794/266 1818/2162/794/266
f 1866/2210/806/278 1867/2211/806/278 1868/2212/806/278
f 1868/2212/806/278 1869/2213/806/278 1866/2210/806/278
f 1906/2250/816/288 1907/2251/816/288 1908/2252/816/288
f 1908/2252/816/288 1909/2253/816/288 1906/2250/816/288
f 1910/2254/817/289 1911/2255/817/289 1912/2256/817/289
f 1912/2256/817/289 1913/2257/817/289 1910/2254/817/289
f 1922/2266/820/292 1923/2267/820/292 1924/2268/820/292
f 1924/2268/820/292 1925/2269/820/292 1922/2266/820/292
f 1934/2278/823/295 1935/2279/823/295 1936/2280/823/295
f 1936/2280/823/295 1937/2281/823/295 1934/2278/823/295
f 1994/2338/838/310 1995/2339/838/310 1996/2340/838/310
f 1996/2340/838/310 1997/2341/838/310 1994/2338/838/310
f 2018/2362/844/316 2019/2363/844/316 2020/2364/844/316
f 2020/2364/844/316 2021/2365/844/316 2018/2362/844/316
f 2026/2370/846/318 2027/2371/846/318 2028/2372/846/318
f 2028/2372/846/318 2029/2373/846/318 2026/2370/846/318
f 2030/2374/847/319 2031/2375/847/319 2032/2376/847/319
f 2032/2376/847/319 2033/2377/847/319 2030/2374/847/319
f 2110/2454/867/339 2111/2455/867/339 2112/2456/867/339
f 2112/2456/867/339 2113/2457/867/339 2110/2454/867/339
f 2126/2470/871/343 2127/2471/871/343 2128/2472/871/343
f 2128/2472/871/343 2129/2473/871/343 2126/2470/871/343
f 2130/2474/872/344 2131/2475/872/344 2132/2476/872/344
f 2132/2476/872/344 2133/2477/872/344 2130/2474/872/344
f 2134/2478/873/345 2135/2479/873/345 2136/2480/873/345
f 2136/2480/873/345 2137/2481/873/345 2134/2478/873/345
f 2138/2482/874/346 2139/2483/874/346 2140/2484/874/346
f 2140/2484/874/346 2141/2485/874/346 2138/2482/874/346
f 2142/2486/875/347 2143/2487/875/347 2144/2488/875/347
f 2144/2488/875/347 2145/2489/875/347 2142/2486/875/347
f 2174/2518/883/355 2175/2519/883/355 2176/2520/883/355
f 2176/2520/883/355 2177/2521/883/355 2174/2518/883/355
f 2186/2530/886/358 2187/2531/886/358 2188/2532/886/358
f 2188/2532/886/358 2189/2533/886/358 2186/2530/886/358
usemtl sea_jimen
s off
f 18/19/6/2 20/20/6/2 19/21/6/2 17/22/6/2
f 30/31/9/5 32/32/9/5 31/33/9/5 29/34/9/5
f 50/53/15/7 52/54/15/7 51/55/15/7 49/56/15/7
f 66/69/19/11 68/70/19/11 67/71/19/11 65/72/19/11
f 370/385/108/56 372/386/108/56 371/387/108/56 369/388/108/56
f 503/526/142/68 505/527/142/68 504/528/142/68 502/529/142/68
f 515/538/145/71 517/539/145/71 516/540/145/71 514/541/145/71
f 2339/2682/900/372 2341/2683/900/372 2340/2684/900/372 2338/2685/900/372
f 2353/2696/905/374 2355/2697/905/374 2354/2698/905/374 2352/2699/905/374
f 2357/2700/906/375 2359/2701/906/375 2358/2702/906/375 2356/2703/906/375
f 2371/2714/911/377 2373/2715/911/377 2372/2716/911/377 2370/2717/911/377
f 2405/2748/927/380 2407/2749/927/380 2406/2750/927/380 2404/2751/927/380
f 2409/2752/928/381 2411/2753/928/381 2410/2754/928/381 2408/2755/928/381
f 2443/2786/944/384 2445/2787/944/384 2444/2788/944/384 2442/2789/944/384
f 2447/2790/945/385 2449/2791/945/385 2448/2792/945/385 2446/2793/945/385
f 2461/2804/950/387 2463/2805/950/387 2462/2806/950/387 2460/2807/950/387
f 2517/2860/982/391 2519/2861/982/391 2518/2862/982/391 2516/2863/982/391
f 2521/2864/983/392 2523/2865/983/392 2522/2866/983/392 2520/2867/983/392
f 2565/2908/1003/396 2567/2909/1003/396 2566/2910/1003/396 2564/2911/1003/396
f 2569/2912/1004/397 2571/2913/1004/397 2570/2914/1004/397 2568/2915/1004/397
f 2583/2926/1009/399 2585/2927/1009/399 2584/2928/1009/399 2582/2929/1009/399
f 2587/2930/1010/400 2589/2931/1010/400 2588/2932/1010/400 2586/2933/1010/400
f 2591/2934/1011/401 2593/2935/1011/401 2592/2936/1011/401 2590/2937/1011/401
usemtl gake01
s off
f 626/662/169/78 627/663/170/78 628/664/170/78 629/665/169/78
f 632/670/172/79 633/671/173/79 634/672/173/79 635/673/172/79
f 650/694/187/82 651/695/188/82 652/696/188/82 653/697/187/82
f 656/702/190/83 657/703/191/83 658/704/192/83 659/705/193/83
f 660/706/193/83 658/707/192/83 661/708/194/83 662/709/195/83
f 666/718/197/84 667/719/198/84 668/720/198/84 669/721/197/84
f 672/727/200/85 673/728/202/85 674/729/202/85 677/730/200/85
f 678/733/203/86 679/734/204/86 680/735/205/86 681/736/206/86
f 682/737/206/86 680/738/205/86 683/739/207/86 684/740/208/86
f 688/749/210/87 689/750/211/87 690/751/211/87 691/752/210/87
f 706/773/225/90 707/774/226/90 708/775/226/90 709/776/225/90
f 712/781/228/91 713/782/229/91 714/783/229/91 715/784/228/91
f 724/797/237/93 725/798/238/93 726/799/238/93 727/800/237/93
f 736/813/246/95 737/814/247/95 738/815/247/95 739/816/246/95
f 742/821/249/96 743/822/250/96 744/823/251/96 745/824/252/96
f 746/825/252/96 744/826/251/96 747/827/253/96 748/828/254/96
f 758/845/262/98 759/846/263/98 760/847/263/98 761/848/262/98
f 770/861/271/100 771/862/272/100 772/863/272/100 773/864/271/100
f 782/877/280/102 783/878/281/102 784/879/282/102 785/880/283/102
f 786/881/283/102 784/882/282/102 787/883/284/102 788/884/285/102
f 792/894/287/103 793/895/289/103 794/896/289/103 797/897/287/103
f 798/901/290/104 799/902/292/104 800/903/292/104 803/904/290/104
f 804/907/293/105 805/908/294/105 806/909/294/105 807/910/293/105
f 810/915/296/106 811/916/297/106 812/917/298/106 813/918/299/106
f 814/919/299/106 812/920/298/106 815/921/300/106 816/922/301/106
f 820/931/303/107 821/932/304/107 822/933/304/107 823/934/303/107
f 832/948/312/109 833/949/314/109 834/950/314/109 837/951/312/109
f 838/954/315/110 839/955/316/110 840/956/316/110 841/957/315/110
f 850/970/324/112 851/971/325/112 852/972/325/112 853/973/324/112
f 856/978/327/113 857/979/328/113 858/980/329/113 859/981/330/113
f 860/982/330/113 858/983/329/113 861/984/331/113 862/985/332/113
f 866/994/334/114 867/995/335/114 868/996/336/114 869/997/337/114
f 870/998/337/114 868/999/336/114 871/1000/338/114 872/1001/339/114
f 876/1010/341/115 877/1011/342/115 878/1012/342/115 879/1013/341/115
f 888/1026/350/117 889/1027/351/117 890/1028/352/117 891/1029/353/117
f 892/1030/353/117 890/1031/352/117 893/1032/354/117 894/1033/355/117
f 898/1042/357/118 899/1043/358/118 900/1044/358/118 901/1045/357/118
f 910/1059/366/120 911/1060/368/120 912/1061/368/120 915/1062/366/120
f 916/1065/369/121 917/1066/370/121 918/1067/370/121 919/1068/369/121
f 922/1073/372/122 923/1074/373/122 924/1075/373/122 925/1076/372/122
f 934/1089/381/124 935/1090/382/124 936/1091/382/124 937/1092/381/124
f 940/1097/384/125 941/1098/385/125 942/1099/386/125 943/1100/387/125
f 944/1101/387/125 942/1102/386/125 945/1103/388/125 946/1104/389/125
f 950/1114/391/126 951/1115/393/126 952/1116/393/126 955/1117/391/126
f 956/1120/394/127 957/1121/395/127 958/1122/396/127 959/1123/397/127
f 960/1124/397/127 958/1125/396/127 961/1126/398/127 962/1127/399/127
f 966/1136/401/128 967/1137/402/128 968/1138/402/128 969/1139/401/128
f 978/1152/410/130 979/1153/411/130 980/1154/411/130 981/1155/410/130
f 984/1160/413/131 985/1161/414/131 986/1162/415/131 987/1163/416/131
f 988/1164/416/131 986/1165/415/131 989/1166/417/131 990/1167/418/131
f 1000/1184/426/133 1001/1185/427/133 1002/1186/427/133 1003/1187/426/133
f 1012/1200/435/135 1013/1201/436/135 1014/1202/436/135 1015/1203/435/135
f 1068/1260/449/138 1069/1261/450/138 1070/1262/450/138 1071/1263/449/138
f 1074/1268/452/139 1075/1269/453/139 1076/1270/454/139 1077/1271/455/139
f 1078/1272/455/139 1076/1273/454/139 1079/1274/456/139 1080/1275/457/139
f 1128/1328/464/141 1129/1329/465/141 1130/1330/465/141 1131/1331/464/141
f 1178/1380/472/143 1179/1381/473/143 1180/1382/473/143 1181/1383/472/143
f 1184/1388/475/144 1185/1389/476/144 1186/1390/476/144 1187/1391/475/144
f 1190/1396/478/145 1191/1397/479/145 1192/1398/480/145 1193/1399/481/145
f 1194/1400/481/145 1192/1401/480/145 1195/1402/482/145 1196/1403/483/145
f 1200/1413/485/146 1201/1414/487/146 1202/1415/487/146 1205/1416/485/146
f 1212/1427/494/148 1213/1428/495/148 1214/1429/495/148 1215/1430/494/148
f 1224/1443/503/150 1225/1444/504/150 1226/1445/505/150 1227/1446/506/150
f 1228/1447/506/150 1226/1448/505/150 1229/1449/507/150 1230/1450/508/150
f 1234/1459/510/151 1235/1460/511/151 1236/1461/511/151 1237/1462/510/151
f 1246/1475/519/153 1247/1476/520/153 1248/1477/521/153 1249/1478/522/153
f 1250/1479/522/153 1248/1480/521/153 1251/1481/523/153 1252/1482/524/153
f 1262/1499/532/155 1263/1500/533/155 1264/1501/533/155 1265/1502/532/155
f 1268/1508/535/156 1269/1509/537/156 1270/1510/537/156 1273/1511/535/156
f 1274/1515/538/157 1275/1516/540/157 1276/1517/540/157 1279/1518/538/157
f 1280/1521/541/158 1281/1522/542/158 1282/1523/543/158 1283/1524/544/158
f 1284/1525/544/158 1282/1526/543/158 1285/1527/545/158 1286/1528/546/158
f 1290/1537/548/159 1291/1538/549/159 1292/1539/549/159 1293/1540/548/159
f 1302/1553/557/161 1303/1554/558/161 1304/1555/558/161 1305/1556/557/161
f 1308/1561/560/162 1309/1562/561/162 1310/1563/561/162 1311/1564/560/162
f 1320/1577/569/164 1321/1578/570/164 1322/1579/570/164 1323/1580/569/164
f 1326/1585/572/165 1327/1586/573/165 1328/1587/574/165 1329/1588/575/165
f 1330/1589/575/165 1328/1590/574/165 1331/1591/576/165 1332/1592/577/165
f 1342/1609/585/167 1343/1610/586/167 1344/1611/586/167 1345/1612/585/167
f 1354/1625/594/169 1355/1626/595/169 1356/1627/596/169 1357/1628/597/169
f 1358/1629/597/169 1356/1630/596/169 1359/1631/598/169 1360/1632/599/169
f 1364/1641/601/170 1365/1642/602/170 1366/1643/602/170 1367/1644/601/170
f 1376/1658/610/172 1377/1659/612/172 1378/1660/612/172 1381/1661/610/172
f 1382/1664/613/173 1383/1665/614/173 1384/1666/614/173 1385/1667/613/173
f 1394/1680/622/175 1395/1681/623/175 1396/1682/623/175 1397/1683/622/175
f 1400/1688/625/176 1401/1689/626/176 1402/1690/627/176 1403/1691/628/176
f 1404/1692/628/176 1402/1693/627/176 1405/1694/629/176 1406/1695/630/176
f 1410/1705/632/177 1411/1706/634/177 1412/1707/634/177 1415/1708/632/177
f 1416/1711/635/178 1417/1712/636/178 1418/1713/637/178 1419/1714/638/178
f 1420/1715/638/178 1418/1716/637/178 1421/1717/639/178 1422/1718/640/178
f 1426/1727/642/179 1427/1728/643/179 1428/1729/643/179 1429/1730/642/179
f 1438/1743/651/181 1439/1744/652/181 1440/1745/652/181 1441/1746/651/181
f 1450/1759/660/183 1451/1760/661/183 1452/1761/661/183 1453/1762/660/183
f 1468/1783/675/186 1469/1784/676/186 1470/1785/676/186 1471/1786/675/186
f 1474/1791/678/187 1475/1792/679/187 1476/1793/680/187 1477/1794/681/187
f 1478/1795/681/187 1476/1796/680/187 1479/1797/682/187 1480/1798/683/187
f 1484/1807/685/188 1485/1808/686/188 1486/1809/687/188 1487/1810/688/188
f 1488/1811/688/188 1486/1812/687/188 1489/1813/689/188 1490/1814/690/188
f 1494/1823/692/189 1495/1824/693/189 1496/1825/693/189 1497/1826/692/189
f 1506/1840/701/191 1507/1841/703/191 1508/1842/703/191 1511/1843/701/191
f 1512/1846/704/192 1513/1847/705/192 1514/1848/705/192 1515/1849/704/192
f 1524/1862/713/194 1525/1863/714/194 1526/1864/714/194 1527/1865/713/194
f 1530/1870/716/195 1531/1871/717/195 1532/1872/717/195 1533/1873/716/195
f 620/654/163/77 621/655/164/77 622/656/165/77
f 620/654/163/77 623/657/166/77 621/655/164/77
f 622/656/165/77 621/655/164/77 624/658/167/77
f 638/678/175/80 639/679/176/80 640/680/177/80
f 638/678/175/80 641/681/178/80 639/679/176/80
f 640/680/177/80 639/679/176/80 642/682/179/80
f 644/686/181/81 645/687/182/81 646/688/183/81
f 644/686/181/81 647/689/184/81 645/687/182/81
f 646/688/183/81 645/687/182/81 648/690/185/81
f 694/757/213/88 695/758/214/88 696/759/215/88
f 694/757/213/88 697/760/216/88 695/758/214/88
f 696/759/215/88 695/758/214/88 698/761/217/88
f 700/765/219/89 701/766/220/89 702/767/221/89
f 700/765/219/89 703/768/222/89 701/766/220/89
f 702/767/221/89 701/766/220/89 704/769/223/89
f 718/789/231/92 719/790/232/92 720/791/233/92
f 718/789/231/92 721/792/234/92 719/790/232/92
f 720/791/233/92 719/790/232/92 722/793/235/92
f 730/805/240/94 731/806/241/94 732/807/242/94
f 730/805/240/94 733/808/243/94 731/806/241/94
f 732/807/242/94 731/806/241/94 734/809/244/94
f 752/837/256/97 753/838/257/97 754/839/258/97
f 752/837/256/97 755/840/259/97 753/838/257/97
f 754/839/258/97 753/838/257/97 756/841/260/97
f 764/853/265/99 765/854/266/99 766/855/267/99
f 764/853/265/99 767/856/268/99 765/854/266/99
f 766/855/267/99 765/854/266/99 768/857/269/99
f 776/869/274/101 777/870/275/101 778/871/276/101
f 776/869/274/101 779/872/277/101 777/870/275/101
f 778/871/276/101 777/870/275/101 780/873/278/101
f 826/939/306/108 827/940/307/108 828/941/308/108
f 826/939/306/108 829/942/309/108 827/940/307/108
f 828/941/308/108 827/940/307/108 830/943/310/108
f 844/962/318/111 845/963/319/111 846/964/320/111
f 844/962/318/111 847/965/321/111 845/963/319/111
f 846/964/320/111 845/963/319/111 848/966/322/111
f 882/1018/344/116 883/1019/345/116 884/1020/346/116
f 882/1018/344/116 885/1021/347/116 883/1019/345/116
f 884/1020/346/116 883/1019/345/116 886/1022/348/116
f 904/1050/360/119 905/1051/361/119 906/1052/362/119
f 904/1050/360/119 907/1053/363/119 905/1051/361/119
f 906/1052/362/119 905/1051/361/119 908/1054/364/119
f 928/1081/375/123 929/1082/376/123 930/1083/377/123
f 928/1081/375/123 931/1084/378/123 929/1082/376/123
f 930/1083/377/123 929/1082/376/123 932/1085/379/123
f 972/1144/404/129 973/1145/405/129 974/1146/406/129
f 972/1144/404/129 975/1147/407/129 973/1145/405/129
f 974/1146/406/129 973/1145/405/129 976/1148/408/129
f 994/1176/420/132 995/1177/421/132 996/1178/422/132
f 994/1176/420/132 997/1179/423/132 995/1177/421/132
f 996/1178/422/132 995/1177/421/132 998/1180/424/132
f 1006/1192/429/134 1007/1193/430/134 1008/1194/431/134
f 1006/1192/429/134 1009/1195/432/134 1007/1193/430/134
f 1008/1194/431/134 1007/1193/430/134 1010/1196/433/134
f 1062/1252/443/137 1063/1253/444/137 1064/1254/445/137
f 1062/1252/443/137 1065/1255/446/137 1063/1253/444/137
f 1064/1254/445/137 1063/1253/444/137 1066/1256/447/137
f 1206/1419/488/147 1207/1420/489/147 1208/1421/490/147
f 1206/1419/488/147 1209/1422/491/147 1207/1420/489/147
f 1208/1421/490/147 1207/1420/489/147 1210/1423/492/147
f 1218/1435/497/149 1219/1436/498/149 1220/1437/499/149
f 1218/1435/497/149 1221/1438/500/149 1219/1436/498/149
f 1220/1437/499/149 1219/1436/498/149 1222/1439/501/149
f 1240/1467/513/152 1241/1468/514/152 1242/1469/515/152
f 1240/1467/513/152 1243/1470/516/152 1241/1468/514/152
f 1242/1469/515/152 1241/1468/514/152 1244/1471/517/152
f 1256/1491/526/154 1257/1492/527/154 1258/1493/528/154
f 1256/1491/526/154 1259/1494/529/154 1257/1492/527/154
f 1258/1493/528/154 1257/1492/527/154 1260/1495/530/154
f 1296/1545/551/160 1297/1546/552/160 1298/1547/553/160
f 1296/1545/551/160 1299/1548/554/160 1297/1546/552/160
f 1298/1547/553/160 1297/1546/552/160 1300/1549/555/160
f 1314/1569/563/163 1315/1570/564/163 1316/1571/565/163
f 1314/1569/563/163 1317/1572/566/163 1315/1570/564/163
f 1316/1571/565/163 1315/1570/564/163 1318/1573/567/163
f 1336/1601/579/166 1337/1602/580/166 1338/1603/581/166
f 1336/1601/579/166 1339/1604/582/166 1337/1602/580/166
f 1338/1603/581/166 1337/1602/580/166 1340/1605/583/166
f 1348/1617/588/168 1349/1618/589/168 1350/1619/590/168
f 1348/1617/588/168 1351/1620/591/168 1349/1618/589/168
f 1350/1619/590/168 1349/1618/589/168 1352/1621/592/168
f 1370/1649/604/171 1371/1650/605/171 1372/1651/606/171
f 1370/1649/604/171 1373/1652/607/171 1371/1650/605/171
f 1372/1651/606/171 1371/1650/605/171 1374/1653/608/171
f 1388/1672/616/174 1389/1673/617/174 1390/1674/618/174
f 1388/1672/616/174 1391/1675/619/174 1389/1673/617/174
f 1390/1674/618/174 1389/1673/617/174 1392/1676/620/174
f 1432/1735/645/180 1433/1736/646/180 1434/1737/647/180
f 1432/1735/645/180 1435/1738/648/180 1433/1736/646/180
f 1434/1737/647/180 1433/1736/646/180 1436/1739/649/180
f 1444/1751/654/182 1445/1752/655/182 1446/1753/656/182
f 1444/1751/654/182 1447/1754/657/182 1445/1752/655/182
f 1446/1753/656/182 1445/1752/655/182 1448/1755/658/182
f 1456/1767/663/184 1457/1768/664/184 1458/1769/665/184
f 1456/1767/663/184 1459/1770/666/184 1457/1768/664/184
f 1458/1769/665/184 1457/1768/664/184 1460/1771/667/184
f 1462/1775/669/185 1463/1776/670/185 1464/1777/671/185
f 1462/1775/669/185 1465/1778/672/185 1463/1776/670/185
f 1464/1777/671/185 1463/1776/670/185 1466/1779/673/185
f 1500/1831/695/190 1501/1832/696/190 1502/1833/697/190
f 1500/1831/695/190 1503/1834/698/190 1501/1832/696/190
f 1502/1833/697/190 1501/1832/696/190 1504/1835/699/190
f 1518/1854/707/193 1519/1855/708/193 1520/1856/709/193
f 1518/1854/707/193 1521/1857/710/193 1519/1855/708/193
f 1520/1856/709/193 1519/1855/708/193 1522/1858/711/193
f 1536/1878/719/196 1537/1879/720/196 1538/1880/721/196
f 1536/1878/719/196 1539/1881/722/196 1537/1879/720/196
f 1538/1880/721/196 1537/1879/720/196 1540/1882/723/196
usemtl gake1_1
s off
f 630/666/171/78 626/667/169/78 629/668/169/78 631/669/171/78
f 636/674/174/79 632/675/172/79 635/676/172/79 637/677/174/79
f 654/698/189/82 650/699/187/82 653/700/187/82 655/701/189/82
f 663/710/196/83 656/711/190/83 659/712/193/83 664/713/196/83
f 665/714/192/83 660/715/193/83 662/716/195/83 663/717/196/83
f 670/722/199/84 666/723/197/84 669/724/197/84 671/725/199/84
f 675/732/201/85 672/728/200/85 677/731/200/85 676/726/201/85
f 685/741/209/86 678/742/203/86 681/743/206/86 686/744/209/86
f 687/745/205/86 682/746/206/86 684/747/208/86 685/748/209/86
f 692/753/212/87 688/754/210/87 691/755/210/87 693/756/212/87
f 710/777/227/90 706/778/225/90 709/779/225/90 711/780/227/90
f 716/785/230/91 712/786/228/91 715/787/228/91 717/788/230/91
f 728/801/239/93 724/802/237/93 727/803/237/93 729/804/239/93
f 740/817/248/95 736/818/246/95 739/819/246/95 741/820/248/95
f 749/829/255/96 742/830/249/96 745/831/252/96 750/832/255/96
f 751/833/251/96 746/834/252/96 748/835/254/96 749/836/255/96
f 762/849/264/98 758/850/262/98 761/851/262/98 763/852/264/98
f 774/865/273/100 770/866/271/100 773/867/271/100 775/868/273/100
f 789/885/286/102 782/886/280/102 785/887/283/102 790/888/286/102
f 791/889/282/102 786/890/283/102 788/891/285/102 789/892/286/102
f 795/899/288/103 792/895/287/103 797/898/287/103 796/893/288/103
f 801/906/291/104 798/902/290/104 803/905/290/104 802/900/291/104
f 808/911/295/105 804/912/293/105 807/913/293/105 809/914/295/105
f 817/923/302/106 810/924/296/106 813/925/299/106 818/926/302/106
f 819/927/298/106 814/928/299/106 816/929/301/106 817/930/302/106
f 824/935/305/107 820/936/303/107 823/937/303/107 825/938/305/107
f 835/953/313/109 832/949/312/109 837/952/312/109 836/947/313/109
f 842/958/317/110 838/959/315/110 841/960/315/110 843/961/317/110
f 854/974/326/112 850/975/324/112 853/976/324/112 855/977/326/112
f 863/986/333/113 856/987/327/113 859/988/330/113 864/989/333/113
f 865/990/329/113 860/991/330/113 862/992/332/113 863/993/333/113
f 873/1002/340/114 866/1003/334/114 869/1004/337/114 874/1005/340/114
f 875/1006/336/114 870/1007/337/114 872/1008/339/114 873/1009/340/114
f 880/1014/343/115 876/1015/341/115 879/1016/341/115 881/1017/343/115
f 895/1034/356/117 888/1035/350/117 891/1036/353/117 896/1037/356/117
f 897/1038/352/117 892/1039/353/117 894/1040/355/117 895/1041/356/117
f 902/1046/359/118 898/1047/357/118 901/1048/357/118 903/1049/359/118
f 913/1064/367/120 910/1060/366/120 915/1063/366/120 914/1058/367/120
f 920/1069/371/121 916/1070/369/121 919/1071/369/121 921/1072/371/121
f 926/1077/374/122 922/1078/372/122 925/1079/372/122 927/1080/374/122
f 938/1093/383/124 934/1094/381/124 937/1095/381/124 939/1096/383/124
f 947/1105/390/125 940/1106/384/125 943/1107/387/125 948/1108/390/125
f 949/1109/386/125 944/1110/387/125 946/1111/389/125 947/1112/390/125
f 953/1119/392/126 950/1115/391/126 955/1118/391/126 954/1113/392/126
f 963/1128/400/127 956/1129/394/127 959/1130/397/127 964/1131/400/127
f 965/1132/396/127 960/1133/397/127 962/1134/399/127 963/1135/400/127
f 970/1140/403/128 966/1141/401/128 969/1142/401/128 971/1143/403/128
f 982/1156/412/130 978/1157/410/130 981/1158/410/130 983/1159/412/130
f 991/1168/419/131 984/1169/413/131 987/1170/416/131 992/1171/419/131
f 993/1172/415/131 988/1173/416/131 990/1174/418/131 991/1175/419/131
f 1004/1188/428/133 1000/1189/426/133 1003/1190/426/133 1005/1191/428/133
f 1016/1204/437/135 1012/1205/435/135 1015/1206/435/135 1017/1207/437/135
f 1072/1264/451/138 1068/1265/449/138 1071/1266/449/138 1073/1267/451/138
f 1081/1276/458/139 1074/1277/452/139 1077/1278/455/139 1082/1279/458/139
f 1083/1280/454/139 1078/1281/455/139 1080/1282/457/139 1081/1283/458/139
f 1132/1332/466/141 1128/1333/464/141 1131/1334/464/141 1133/1335/466/141
f 1182/1384/474/143 1178/1385/472/143 1181/1386/472/143 1183/1387/474/143
f 1188/1392/477/144 1184/1393/475/144 1187/1394/475/144 1189/1395/477/144
f 1197/1404/484/145 1190/1405/478/145 1193/1406/481/145 1198/1407/484/145
f 1199/1408/480/145 1194/1409/481/145 1196/1410/483/145 1197/1411/484/145
f 1203/1418/486/146 1200/1414/485/146 1205/1417/485/146 1204/1412/486/146
f 1216/1431/496/148 1212/1432/494/148 1215/1433/494/148 1217/1434/496/148
f 1231/1451/509/150 1224/1452/503/150 1227/1453/506/150 1232/1454/509/150
f 1233/1455/505/150 1228/1456/506/150 1230/1457/508/150 1231/1458/509/150
f 1238/1463/512/151 1234/1464/510/151 1237/1465/510/151 1239/1466/512/151
f 1253/1483/525/153 1246/1484/519/153 1249/1485/522/153 1254/1486/525/153
f 1255/1487/521/153 1250/1488/522/153 1252/1489/524/153 1253/1490/525/153
f 1266/1503/534/155 1262/1504/532/155 1265/1505/532/155 1267/1506/534/155
f 1271/1513/536/156 1268/1509/535/156 1273/1512/535/156 1272/1507/536/156
f 1277/1520/539/157 1274/1516/538/157 1279/1519/538/157 1278/1514/539/157
f 1287/1529/547/158 1280/1530/541/158 1283/1531/544/158 1288/1532/547/158
f 1289/1533/543/158 1284/1534/544/158 1286/1535/546/158 1287/1536/547/158
f 1294/1541/550/159 1290/1542/548/159 1293/1543/548/159 1295/1544/550/159
f 1306/1557/559/161 1302/1558/557/161 1305/1559/557/161 1307/1560/559/161
f 1312/1565/562/162 1308/1566/560/162 1311/1567/560/162 1313/1568/562/162
f 1324/1581/571/164 1320/1582/569/164 1323/1583/569/164 1325/1584/571/164
f 1333/1593/578/165 1326/1594/572/165 1329/1595/575/165 1334/1596/578/165
f 1335/1597/574/165 1330/1598/575/165 1332/1599/577/165 1333/1600/578/165
f 1346/1613/587/167 1342/1614/585/167 1345/1615/585/167 1347/1616/587/167
f 1361/1633/600/169 1354/1634/594/169 1357/1635/597/169 1362/1636/600/169
f 1363/1637/596/169 1358/1638/597/169 1360/1639/599/169 1361/1640/600/169
f 1368/1645/603/170 1364/1646/601/170 1367/1647/601/170 1369/1648/603/170
f 1379/1663/611/172 1376/1659/610/172 1381/1662/610/172 1380/1657/611/172
f 1386/1668/615/173 1382/1669/613/173 1385/1670/613/173 1387/1671/615/173
f 1398/1684/624/175 1394/1685/622/175 1397/1686/622/175 1399/1687/624/175
f 1407/1696/631/176 1400/1697/625/176 1403/1698/628/176 1408/1699/631/176
f 1409/1700/627/176 1404/1701/628/176 1406/1702/630/176 1407/1703/631/176
f 1413/1710/633/177 1410/1706/632/177 1415/1709/632/177 1414/1704/633/177
f 1423/1719/641/178 1416/1720/635/178 1419/1721/638/178 1424/1722/641/178
f 1425/1723/637/178 1420/1724/638/178 1422/1725/640/178 1423/1726/641/178
f 1430/1731/644/179 1426/1732/642/179 1429/1733/642/179 1431/1734/644/179
f 1442/1747/653/181 1438/1748/651/181 1441/1749/651/181 1443/1750/653/181
f 1454/1763/662/183 1450/1764/660/183 1453/1765/660/183 1455/1766/662/183
f 1472/1787/677/186 1468/1788/675/186 1471/1789/675/186 1473/1790/677/186
f 1481/1799/684/187 1474/1800/678/187 1477/1801/681/187 1482/1802/684/187
f 1483/1803/680/187 1478/1804/681/187 1480/1805/683/187 1481/1806/684/187
f 1491/1815/691/188 1484/1816/685/188 1487/1817/688/188 1492/1818/691/188
f 1493/1819/687/188 1488/1820/688/188 1490/1821/690/188 1491/1822/691/188
f 1498/1827/694/189 1494/1828/692/189 1497/1829/692/189 1499/1830/694/189
f 1509/1845/702/191 1506/1841/701/191 1511/1844/701/191 1510/1839/702/191
f 1516/1850/706/192 1512/1851/704/192 1515/1852/704/192 1517/1853/706/192
f 1528/1866/715/194 1524/1867/713/194 1527/1868/713/194 1529/1869/715/194
f 1534/1874/718/195 1530/1875/716/195 1533/1876/716/195 1535/1877/718/195
f 625/659/168/77 620/660/163/77 622/661/165/77
f 643/683/180/80 638/684/175/80 640/685/177/80
f 649/691/186/81 644/692/181/81 646/693/183/81
f 699/762/218/88 694/763/213/88 696/764/215/88
f 705/770/224/89 700/771/219/89 702/772/221/89
f 723/794/236/92 718/795/231/92 720/796/233/92
f 735/810/245/94 730/811/240/94 732/812/242/94
f 757/842/261/97 752/843/256/97 754/844/258/97
f 769/858/270/99 764/859/265/99 766/860/267/99
f 781/874/279/101 776/875/274/101 778/876/276/101
f 831/944/311/108 826/945/306/108 828/946/308/108
f 849/967/323/111 844/968/318/111 846/969/320/111
f 887/1023/349/116 882/1024/344/116 884/1025/346/116
f 909/1055/365/119 904/1056/360/119 906/1057/362/119
f 933/1086/380/123 928/1087/375/123 930/1088/377/123
f 977/1149/409/129 972/1150/404/129 974/1151/406/129
f 999/1181/425/132 994/1182/420/132 996/1183/422/132
f 1011/1197/434/134 1006/1198/429/134 1008/1199/431/134
f 1067/1257/448/137 1062/1258/443/137 1064/1259/445/137
f 1211/1424/493/147 1206/1425/488/147 1208/1426/490/147
f 1223/1440/502/149 1218/1441/497/149 1220/1442/499/149
f 1245/1472/518/152 1240/1473/513/152 1242/1474/515/152
f 1261/1496/531/154 1256/1497/526/154 1258/1498/528/154
f 1301/1550/556/160 1296/1551/551/160 1298/1552/553/160
f 1319/1574/568/163 1314/1575/563/163 1316/1576/565/163
f 1341/1606/584/166 1336/1607/579/166 1338/1608/581/166
f 1353/1622/593/168 1348/1623/588/168 1350/1624/590/168
f 1375/1654/609/171 1370/1655/604/171 1372/1656/606/171
f 1393/1677/621/174 1388/1678/616/174 1390/1679/618/174
f 1437/1740/650/180 1432/1741/645/180 1434/1742/647/180
f 1449/1756/659/182 1444/1757/654/182 1446/1758/656/182
f 1461/1772/668/184 1456/1773/663/184 1458/1774/665/184
f 1467/1780/674/185 1462/1781/669/185 1464/1782/671/185
f 1505/1836/700/190 1500/1837/695/190 1502/1838/697/190
f 1523/1859/712/193 1518/1860/707/193 1520/1861/709/193
f 1541/1883/724/196 1536/1884/719/196 1538/1885/721/196
usemtl kusa_ec3
s off
f 2204/2546/888/360 2205/2547/888/360 2202/2548/888/360 2203/2549/888/360
f 2216/2558/889/361 2217/2559/889/361 2214/2560/889/361 2215/2561/889/361
f 2228/2570/890/362 2229/2571/890/362 2226/2572/890/362 2227/2573/890/362
f 2240/2582/891/363 2241/2583/891/363 2238/2584/891/363 2239/2585/891/363
f 2252/2594/892/364 2253/2595/892/364 2250/2596/892/364 2251/2597/892/364
f 2264/2606/893/365 2265/2607/893/365 2262/2608/893/365 2263/2609/893/365
f 2276/2618/894/366 2277/2619/894/366 2274/2620/894/366 2275/2621/894/366
f 2288/2630/895/367 2289/2631/895/367 2286/2632/895/367 2287/2633/895/367
f 2300/2642/896/368 2301/2643/896/368 2298/2644/896/368 2299/2645/896/368
f 2312/2654/897/369 2313/2655/897/369 2310/2656/897/369 2311/2657/897/369
f 2324/2666/898/370 2325/2667/898/370 2322/2668/898/370 2323/2669/898/370
f 2336/2678/899/371 2337/2679/899/371 2334/2680/899/371 2335/2681/899/371
usemtl grass01ax
s off
f 21/23/7/3 22/24/7/3 23/25/7/3 24/26/7/3
f 25/27/8/4 26/28/8/4 27/29/8/4 28/30/8/4
f 53/57/16/8 54/58/16/8 55/59/16/8 56/60/16/8
f 57/61/17/9 58/62/17/9 59/63/17/9 60/64/17/9
f 61/65/18/10 62/66/18/10 63/67/18/10 64/68/18/10
f 69/73/20/12 70/74/20/12 71/75/20/12 72/76/20/12
f 73/77/21/13 74/78/21/13 75/79/21/13 76/80/21/13
f 77/81/22/14 78/82/22/14 79/83/22/14 80/84/22/14
f 81/85/23/15 82/86/23/15 83/87/23/15 84/88/23/15
f 85/89/24/16 86/90/24/16 87/91/24/16 88/92/24/16
f 89/93/25/17 90/94/25/17 91/95/25/17 92/96/25/17
f 93/97/26/18 94/98/26/18 95/99/26/18 96/100/26/18
f 97/101/27/19 98/102/27/19 99/103/27/19 100/104/27/19
f 101/107/28/20 102/108/28/20 103/105/28/20 104/106/28/20
f 105/109/29/21 106/110/29/21 107/111/29/21 108/112/29/21
f 109/113/30/22 110/114/30/22 111/115/30/22 112/116/30/22
f 113/117/31/23 114/119/31/23 115/118/31/23 116/120/31/23
f 117/121/32/24 118/122/32/24 119/123/32/24 120/124/32/24
f 121/127/33/25 122/125/33/25 123/126/33/25 124/128/33/25
f 203/215/60/30 204/213/60/30 205/214/60/30 206/216/60/30
f 207/219/61/31 208/220/61/31 209/217/61/31 210/218/61/31
f 211/223/62/32 212/221/62/32 213/224/62/32 214/222/62/32
f 215/225/63/33 216/227/63/33 217/226/63/33 218/228/63/33
f 219/231/64/34 220/229/64/34 221/230/64/34 222/232/64/34
f 223/235/65/35 224/233/65/35 225/234/65/35 226/236/65/35
f 227/239/66/36 228/237/66/36 229/238/66/36 230/240/66/36
f 231/243/67/37 232/241/67/37 233/244/67/37 234/242/67/37
f 235/247/68/38 236/248/68/38 237/245/68/38 238/246/68/38
f 239/249/69/39 240/251/69/39 241/252/69/39 242/250/69/39
f 243/255/70/40 244/253/70/40 245/254/70/40 246/256/70/40
f 247/259/71/41 248/257/71/41 249/260/71/41 250/258/71/41
f 297/309/88/44 298/311/88/44 299/312/88/44 300/310/88/44
f 301/315/89/45 302/313/89/45 303/314/89/45 304/316/89/45
f 305/317/90/46 306/318/90/46 307/319/90/46 308/320/90/46
f 309/321/91/47 310/322/91/47 311/323/91/47 312/324/91/47
f 313/325/92/48 314/327/92/48 315/326/92/48 316/328/92/48
f 317/329/93/49 318/330/93/49 319/331/93/49 320/332/93/49
f 337/351/99/51 338/352/99/51 339/353/99/51 340/354/99/51
f 357/373/105/53 358/374/105/53 359/375/105/53 360/376/105/53
f 361/379/106/54 362/377/106/54 363/380/106/54 364/378/106/54
f 365/381/107/55 366/383/107/55 367/382/107/55 368/384/107/55
f 446/466/126/60 447/467/126/60 448/468/126/60 449/469/126/60
f 450/472/127/61 451/473/127/61 452/470/127/61 453/471/127/61
f 454/474/128/62 455/475/128/62 456/476/128/62 457/477/128/62
f 458/480/129/63 459/478/129/63 460/479/129/63 461/481/129/63
f 462/482/130/64 463/483/130/64 464/484/130/64 465/485/130/64
f 482/506/136/66 483/504/136/66 484/505/136/66 485/507/136/66
f 506/530/143/69 507/531/143/69 508/532/143/69 509/533/143/69
f 510/536/144/70 511/537/144/70 512/534/144/70 513/535/144/70
usemtl kaidan01a
s off
f 1018/1208/438/136 1019/1209/438/136 1020/1210/438/136 1021/1211/438/136
f 1022/1212/439/136 1023/1213/439/136 1024/1214/439/136 1025/1215/439/136
f 1026/1216/440/136 1027/1217/440/136 1028/1218/440/136 1029/1219/440/136
f 1030/1220/440/136 1031/1221/440/136 1032/1222/440/136 1033/1223/440/136
f 1034/1224/441/136 1035/1225/441/136 1036/1226/441/136 1037/1227/441/136
f 1038/1228/442/136 1039/1229/442/136 1040/1230/442/136 1041/1231/442/136
f 1042/1232/439/136 1043/1233/439/136 1044/1234/439/136 1045/1235/439/136
f 1046/1236/438/136 1047/1237/438/136 1048/1238/438/136 1049/1239/438/136
f 1050/1240/441/136 1051/1241/441/136 1052/1242/441/136 1053/1243/441/136
f 1054/1244/442/136 1055/1245/442/136 1056/1246/442/136 1057/1247/442/136
f 1031/1221/440/136 1058/1248/440/136 1059/1249/440/136 1032/1222/440/136
f 1027/1217/440/136 1060/1250/440/136 1061/1251/440/136 1028/1218/440/136
f 1084/1284/459/140 1085/1285/459/140 1086/1286/459/140 1087/1287/459/140
f 1088/1288/460/140 1089/1289/460/140 1090/1290/460/140 1091/1291/460/140
f 1092/1292/461/140 1093/1293/461/140 1094/1294/461/140 1095/1295/461/140
f 1096/1296/461/140 1097/1297/461/140 1098/1298/461/140 1099/1299/461/140
f 1100/1300/462/140 1101/1301/462/140 1102/1302/462/140 1103/1303/462/140
f 1104/1304/463/140 1105/1305/463/140 1106/1306/463/140 1107/1307/463/140
f 1108/1308/460/140 1109/1309/460/140 1110/1310/460/140 1111/1311/460/140
f 1112/1312/459/140 1113/1313/459/140 1114/1314/459/140 1115/1315/459/140
f 1116/1316/462/140 1117/1317/462/140 1118/1318/462/140 1119/1319/462/140
f 1120/1320/463/140 1121/1321/463/140 1122/1322/463/140 1123/1323/463/140
f 1097/1297/461/140 1124/1324/461/140 1125/1325/461/140 1098/1298/461/140
f 1093/1293/461/140 1126/1326/461/140 1127/1327/461/140 1094/1294/461/140
f 1134/1336/467/142 1135/1337/467/142 1136/1338/467/142 1137/1339/467/142
f 1138/1340/468/142 1139/1341/468/142 1140/1342/468/142 1141/1343/468/142
f 1142/1344/469/142 1143/1345/469/142 1144/1346/469/142 1145/1347/469/142
f 1146/1348/469/142 1147/1349/469/142 1148/1350/469/142 1149/1351/469/142
f 1150/1352/470/142 1151/1353/470/142 1152/1354/470/142 1153/1355/470/142
f 1154/1356/471/142 1155/1357/471/142 1156/1358/471/142 1157/1359/471/142
f 1158/1360/468/142 1159/1361/468/142 1160/1362/468/142 1161/1363/468/142
f 1162/1364/467/142 1163/1365/467/142 1164/1366/467/142 1165/1367/467/142
f 1166/1368/470/142 1167/1369/470/142 1168/1370/470/142 1169/1371/470/142
f 1170/1372/471/142 1171/1373/471/142 1172/1374/471/142 1173/1375/471/142
f 1147/1349/469/142 1174/1376/469/142 1175/1377/469/142 1148/1350/469/142
f 1143/1345/469/142 1176/1378/469/142 1177/1379/469/142 1144/1346/469/142
usemtl kusa_ec1
s off
f 2196/2538/888/360 2197/2539/888/360 2194/2540/888/360 2195/2541/888/360
f 2208/2550/889/361 2209/2551/889/361 2206/2552/889/361 2207/2553/889/361
f 2220/2562/890/362 2221/2563/890/362 2218/2564/890/362 2219/2565/890/362
f 2232/2574/891/363 2233/2575/891/363 2230/2576/891/363 2231/2577/891/363
f 2244/2586/892/364 2245/2587/892/364 2242/2588/892/364 2243/2589/892/364
f 2256/2598/893/365 2257/2599/893/365 2254/2600/893/365 2255/2601/893/365
f 2268/2610/894/366 2269/2611/894/366 2266/2612/894/366 2267/2613/894/366
f 2280/2622/895/367 2281/2623/895/367 2278/2624/895/367 2279/2625/895/367
f 2292/2634/896/368 2293/2635/896/368 2290/2636/896/368 2291/2637/896/368
f 2304/2646/897/369 2305/2647/897/369 2302/2648/897/369 2303/2649/897/369
f 2316/2658/898/370 2317/2659/898/370 2314/2660/898/370 2315/2661/898/370
f 2328/2670/899/371 2329/2671/899/371 2326/2672/899/371 2327/2673/899/371
usemtl kusa_ec2
s off
f 2200/2542/888/360 2201/2543/888/360 2198/2544/888/360 2199/2545/888/360
f 2212/2554/889/361 2213/2555/889/361 2210/2556/889/361 2211/2557/889/361
f 2224/2566/890/362 2225/2567/890/362 2222/2568/890/362 2223/2569/890/362
f 2236/2578/891/363 2237/2579/891/363 2234/2580/891/363 2235/2581/891/363
f 2248/2590/892/364 2249/2591/892/364 2246/2592/892/364 2247/2593/892/364
f 2260/2602/893/365 2261/2603/893/365 2258/2604/893/365 2259/2605/893/365
f 2272/2614/894/366 2273/2615/894/366 2270/2616/894/366 2271/2617/894/366
f 2284/2626/895/367 2285/2627/895/367 2282/2628/895/367 2283/2629/895/367
f 2296/2638/896/368 2297/2639/896/368 2294/2640/896/368 2295/2641/896/368
f 2308/2650/897/369 2309/2651/897/369 2306/2652/897/369 2307/2653/897/369
f 2320/2662/898/370 2321/2663/898/370 2318/2664/898/370 2319/2665/898/370
f 2332/2674/899/371 2333/2675/899/371 2330/2676/899/371 2331/2677/899/371
usemtl wall01_g
s off
f 2342/2686/901/373 2343/2687/902/373 2344/2688/902/373 2345/2689/901/373
f 2343/2687/902/373 2346/2690/903/373 2347/2691/903/373 2344/2688/902/373
f 2348/2692/901/373 2349/2693/901/373 2350/2694/904/373 2351/2695/904/373
f 2360/2704/907/376 2361/2705/908/376 2362/2706/908/376 2363/2707/907/376
f 2361/2705/908/376 2364/2708/909/376 2365/2709/909/376 2362/2706/908/376
f 2366/2710/907/376 2367/2711/907/376 2368/2712/910/376 2369/2713/910/376
f 2374/2718/912/378 2375/2719/913/378 2376/2720/913/378 2377/2721/912/378
f 2375/2719/913/378 2378/2722/914/378 2379/2723/914/378 2376/2720/913/378
f 2380/2724/912/378 2381/2725/912/378 2382/2726/915/378 2383/2727/915/378
f 2384/2728/916/379 2385/2729/917/379 2386/2730/918/379 2387/2731/918/379
f 2388/2732/919/379 2389/2733/916/379 2390/2734/918/379 2391/2735/918/379
f 2412/2756/929/382 2413/2757/930/382 2414/2758/930/382 2415/2759/929/382
f 2413/2757/930/382 2416/2760/931/382 2417/2761/931/382 2414/2758/930/382
f 2418/2762/929/382 2419/2763/929/382 2420/2764/932/382 2421/2765/932/382
f 2422/2766/933/383 2423/2767/934/383 2424/2768/935/383 2425/2769/935/383
f 2426/2770/936/383 2427/2771/933/383 2428/2772/935/383 2429/2773/935/383
f 2450/2794/946/386 2451/2795/947/386 2452/2796/947/386 2453/2797/946/386
f 2451/2795/947/386 2454/2798/948/386 2455/2799/948/386 2452/2796/947/386
f 2456/2800/946/386 2457/2801/946/386 2458/2802/949/386 2459/2803/949/386
f 2469/2808/951/388 2470/2809/952/388 2471/2810/953/388 2472/2811/954/388
f 2473/2812/955/388 2474/2813/956/388 2475/2814/957/388 2476/2815/958/388
f 2474/2813/956/388 2469/2808/951/388 2472/2811/954/388 2475/2814/957/388
f 2486/2830/967/389 2487/2831/968/389 2488/2832/968/389 2489/2833/967/389
f 2487/2831/968/389 2490/2834/969/389 2491/2835/969/389 2488/2832/968/389
f 2492/2836/967/389 2493/2837/967/389 2494/2838/970/389 2495/2839/970/389
f 2496/2840/971/390 2497/2841/972/390 2498/2842/973/390 2499/2843/973/390
f 2500/2844/974/390 2501/2845/971/390 2502/2846/973/390 2503/2847/973/390
f 2524/2868/984/393 2525/2869/985/393 2526/2870/985/393 2527/2871/984/393
f 2525/2869/985/393 2528/2872/986/393 2529/2873/986/393 2526/2870/985/393
f 2530/2874/984/393 2531/2875/984/393 2532/2876/987/393 2533/2877/987/393
f 2534/2878/988/394 2535/2879/989/394 2536/2880/989/394 2537/2881/988/394
f 2535/2879/989/394 2538/2882/990/394 2539/2883/990/394 2536/2880/989/394
f 2540/2884/988/394 2541/2885/988/394 2542/2886/991/394 2543/2887/991/394
f 2544/2888/992/395 2545/2889/993/395 2546/2890/994/395 2547/2891/994/395
f 2548/2892/995/395 2549/2893/992/395 2550/2894/994/395 2551/2895/994/395
f 2572/2916/1005/398 2573/2917/1006/398 2574/2918/1006/398 2575/2919/1005/398
f 2573/2917/1006/398 2576/2920/1007/398 2577/2921/1007/398 2574/2918/1006/398
f 2578/2922/1005/398 2579/2923/1005/398 2580/2924/1008/398 2581/2925/1008/398
f 2392/2736/920/379 2393/2737/921/379 2394/2738/916/379
f 2393/2737/921/379 2395/2739/922/379 2394/2738/916/379
f 2394/2738/916/379 2395/2739/922/379 2396/2740/923/379
f 2397/2741/924/379 2398/2742/922/379 2399/2743/916/379
f 2398/2742/922/379 2400/2744/925/379 2399/2743/916/379
f 2401/2745/926/379 2402/2746/916/379 2403/2747/923/379
f 2430/2774/937/383 2431/2775/938/383 2432/2776/933/383
f 2431/2775/938/383 2433/2777/939/383 2432/2776/933/383
f 2432/2776/933/383 2433/2777/939/383 2434/2778/940/383
f 2435/2779/941/383 2436/2780/939/383 2437/2781/933/383
f 2436/2780/939/383 2438/2782/942/383 2437/2781/933/383
f 2439/2783/943/383 2440/2784/933/383 2441/2785/940/383
f 2477/2816/959/388 2478/2817/960/388 2479/2818/961/388
f 2478/2817/960/388 2480/2819/962/388 2479/2818/961/388
f 2479/2818/961/388 2480/2819/962/388 2481/2820/963/388
f 2480/2819/962/388 2482/2821/964/388 2481/2820/963/388
f 2483/2822/963/388 2484/2823/965/388 2485/2824/966/388
f 2504/2848/975/390 2505/2849/976/390 2506/2850/971/390
f 2505/2849/976/390 2507/2851/977/390 2506/2850/971/390
f 2506/2850/971/390 2507/2851/977/390 2508/2852/978/390
f 2509/2853/979/390 2510/2854/977/390 2511/2855/971/390
f 2510/2854/977/390 2512/2856/980/390 2511/2855/971/390
f 2513/2857/981/390 2514/2858/971/390 2515/2859/978/390
f 2552/2896/996/395 2553/2897/997/395 2554/2898/992/395
f 2553/2897/997/395 2555/2899/998/395 2554/2898/992/395
f 2554/2898/992/395 2555/2899/998/395 2556/2900/999/395
f 2557/2901/1000/395 2558/2902/998/395 2559/2903/992/395
f 2558/2902/998/395 2560/2904/1001/395 2559/2903/992/395
f 2561/2905/1002/395 2562/2906/992/395 2563/2907/999/395
usemtl beach01
s off
f 2464/2825/965/388 2465/2826/965/388 2466/2827/965/388
f 2465/2826/965/388 2467/2828/965/388 2466/2827/965/388
f 2468/2829/965/388 2467/2828/965/388 2465/2826/965/388
usemtl sea_simi_1
s off
f 11/1/1/1 12/2/2/1 13/3/3/1 14/4/1/1
f 12/2/2/1 15/5/4/1 16/6/4/1 13/3/3/1
f 43/35/10/6 44/36/11/6 45/37/12/6 46/38/10/6
f 44/36/11/6 47/39/13/6 48/40/13/6 45/37/12/6
f 135/129/34/26 136/130/35/26 137/131/36/26 138/132/34/26
f 136/130/35/26 139/133/37/26 140/134/37/26 137/131/36/26
f 151/147/39/27 152/148/40/27 153/149/41/27 154/150/39/27
f 152/148/40/27 155/151/42/27 156/152/42/27 153/149/41/27
f 167/165/44/28 168/166/45/28 169/167/46/28 170/168/44/28
f 168/166/45/28 171/169/47/28 172/170/47/28 169/167/46/28
f 188/204/57/29 190/206/59/29 187/203/56/29 186/202/55/29
f 261/261/72/42 262/262/73/42 263/263/74/42 264/264/72/42
f 262/262/73/42 265/265/75/42 266/266/75/42 263/263/74/42
f 282/300/85/43 284/302/87/43 281/299/84/43 280/298/83/43
f 331/333/94/50 332/334/95/50 333/335/96/50 334/336/94/50
f 332/334/95/50 335/337/97/50 336/338/97/50 333/335/96/50
f 351/355/100/52 352/356/101/52 353/357/102/52 354/358/100/52
f 352/356/101/52 355/359/103/52 356/360/103/52 353/357/102/52
f 390/389/109/57 391/390/109/57 392/391/109/57 393/392/109/57
f 410/418/110/58 411/419/111/58 412/420/112/58 413/421/110/58
f 411/419/111/58 414/422/113/58 415/423/113/58 412/420/112/58
f 431/457/123/59 433/459/125/59 430/456/122/59 429/455/121/59
f 476/486/131/65 477/487/132/65 478/488/133/65 479/489/131/65
f 477/487/132/65 480/490/134/65 481/491/134/65 478/488/133/65
f 496/508/137/67 497/509/138/67 498/510/139/67 499/511/137/67
f 497/509/138/67 500/512/140/67 501/513/140/67 498/510/139/67
f 535/542/146/72 536/543/146/72 537/544/146/72 538/545/146/72
f 555/571/147/73 556/572/148/73 557/573/149/73 558/574/147/73
f 556/572/148/73 559/575/150/73 560/576/150/73 557/573/149/73
f 571/589/152/74 572/590/153/74 573/591/154/74 574/592/152/74
f 572/590/153/74 575/593/155/74 576/594/155/74 573/591/154/74
f 587/607/157/75 588/608/158/75 589/609/159/75 590/610/157/75
f 588/608/158/75 591/611/160/75 592/612/160/75 589/609/159/75
f 610/625/162/76 611/626/162/76 612/627/162/76 613/628/162/76
f 179/195/53/29 180/196/53/29 181/197/53/29
f 180/196/53/29 182/198/53/29 181/197/53/29
f 181/197/53/29 182/198/53/29 183/199/54/29
f 182/198/53/29 184/200/53/29 183/199/54/29
f 185/201/53/29 186/202/55/29 187/203/56/29
f 188/204/57/29 189/205/58/29 190/206/59/29
f 273/291/81/43 274/292/81/43 275/293/81/43
f 274/292/81/43 276/294/81/43 275/293/81/43
f 275/293/81/43 276/294/81/43 277/295/82/43
f 276/294/81/43 278/296/81/43 277/295/82/43
f 279/297/81/43 280/298/83/43 281/299/84/43
f 282/300/85/43 283/301/86/43 284/302/87/43
f 394/393/109/57 395/394/109/57 396/395/109/57
f 397/396/109/57 398/397/109/57 399/398/109/57
f 422/448/119/59 423/449/119/59 424/450/119/59
f 423/449/119/59 425/451/119/59 424/450/119/59
f 424/450/119/59 425/451/119/59 426/452/120/59
f 425/451/119/59 427/453/119/59 426/452/120/59
f 428/454/119/59 429/455/121/59 430/456/122/59
f 431/457/123/59 432/458/124/59 433/459/125/59
f 539/546/146/72 540/547/146/72 541/548/146/72
f 542/549/146/72 543/550/146/72 544/551/146/72
f 614/629/162/76 615/630/162/76 616/631/162/76
f 617/632/162/76 618/633/162/76 619/634/162/76
