mtllib Barrier-Reef_10_00.mtl
o map
v -14.0 -8.0 1.0E-6
v -16.0 -8.0 1.0E-6
v -14.0 -16.0 1.0E-6
v -16.0 -16.0 1.0E-6
v -14.0 -6.0 1.0E-6
v -16.0 -6.0 1.0E-6
v -14.0 -8.0 1.0E-6
v -16.0 -8.0 1.0E-6
v -16.0 -4.25 -0.4375
v -16.0 -5.125 -0.1875
v -14.0 -5.125 -0.1875
v -14.0 -4.25 -0.4375
v -16.0 -5.875 0.0625
v -14.0 -5.875 0.0625
v -14.0 -3.0 -0.4375
v -16.0 -3.0 -0.4375
v -16.0 -4.25 -0.4375
v -14.0 -4.25 -0.4375
v -14.0 -6.0 0.0
v -14.0 -5.0 -0.5
v -16.0 -5.0 -0.5
v -16.0 -6.0 0.0
v -14.0 -4.25 -0.5625
v -16.0 -4.25 -0.5625
v -12.25 -8.0 -0.4375
v -13.125 -8.0 -0.1875
v -13.125 -16.0 -0.1875
v -12.25 -16.0 -0.4375
v -13.875 -8.0 0.0625
v -13.875 -16.0 0.0625
v -11.0 -16.0 -0.4375
v -11.0 -8.0 -0.4375
v -12.25 -8.0 -0.4375
v -12.25 -16.0 -0.4375
v -14.0 -16.0 0.0
v -13.0 -16.0 -0.5
v -13.0 -8.0 -0.5
v -14.0 -8.0 0.0
v -12.25 -16.0 -0.5625
v -12.25 -8.0 -0.5625
v -12.25 -6.0 -0.4375
v -13.125 -6.0 -0.1875
v -13.125 -8.0 -0.1875
v -12.25 -8.0 -0.4375
v -13.875 -6.0 0.0625
v -13.875 -8.0 0.0625
v -11.0 -8.0 -0.4375
v -11.0 -6.0 -0.4375
v -12.25 -6.0 -0.4375
v -12.25 -8.0 -0.4375
v -14.0 -8.0 0.0
v -13.0 -8.0 -0.5
v -13.0 -6.0 -0.5
v -14.0 -6.0 0.0
v -12.25 -8.0 -0.5625
v -12.25 -6.0 -0.5625
v -12.25 -6.0 -0.437501
v -12.75 -4.75 -0.437501
v -13.125 -6.0 -0.187501
v -14.0 -5.125 -0.1875
v -14.0 -5.875 0.0625
v -13.875 -6.0 0.062498987
v -13.125 -6.0 -0.187501
v -14.0 -5.125 -0.1875
v -14.0 -5.125 -0.1875
v -12.75 -4.75 -0.437501
v -14.0 -4.25 -0.4375
v -12.75 -4.75 -0.437501
v -12.25 -6.0 -0.437501
v -11.0 -6.0 -0.437501
v -11.5 -3.5 -0.437501
v -14.0 -4.25 -0.4375
v -14.0 -3.0 -0.4375
v -13.0 -6.0 -0.500001
v -12.25 -6.0 -0.562501
v -14.0 -4.25 -0.5625
v -14.0 -5.0 -0.5
v -14.0 -6.0 0.0
v -13.0 -6.0 -0.500001
v -14.0 -5.0 -0.5
v -14.0 -4.25 -0.5625
v -12.25 -6.0 -0.562501
v -12.75 -4.75 -0.562501
v -15.5 -16.0 0.75
v -15.0 -16.0 0.0
v -15.0 -8.0 0.0
v -15.499999 -8.0 0.75
v -16.0 -16.0 1.0
v -16.0 -8.0 1.0
v -15.498828 -8.001953 0.75
v -15.248828 -7.251953 0.0
v -15.998828 -7.501953 0.75
v -14.998828 -8.001953 0.0
v -15.998828 -7.001953 0.0
v -15.998828 -8.001953 1.0
v -14.5 5.391602 -2.144531
v -13.660156 5.681641 -2.144531
v -14.027344 5.986328 -0.9863279
v -14.5 5.823242 -0.98632693
v -13.311523 6.3789062 -2.144531
v -13.5546875 5.59375 -2.936523
v -13.162109 6.3789062 -2.936523
v -15.339844 7.095703 -2.144531
v -15.4453125 7.095703 -2.936523
v -15.837891 6.3789062 -2.936523
v -15.688477 6.3789062 -2.144531
v -15.4453125 5.59375 -2.936523
v -14.5 5.267578 -2.936523
v -15.339844 5.681641 -2.144531
v -13.831055 6.3789062 -0.9863279
v -14.972656 5.986328 -0.9863279
v -14.027344 6.772461 -0.9863279
v -13.5546875 7.165039 -2.936523
v -14.5 7.454101 -2.936523
v -14.928711 6.737305 -1.700195
v -14.5 6.3789062 -0.46093702
v -13.106205 7.114864 -2.8125
v -14.5 6.310267 -2.812499
v -12.890807 6.310267 -2.812499
v -13.106205 5.505671 -2.812498
v -13.695404 4.9173098 -2.812498
v -14.5 4.701075 -2.812498
v -15.304596 4.9173098 -2.812498
v -15.893795 5.505671 -2.812498
v -16.109194 6.310267 -2.812499
v -15.893795 7.114864 -2.8125
v -15.304596 7.704064 -2.8125
v -14.5 7.9194613 -2.8125
v -13.695404 7.704064 -2.8125
v -13.0 1.875 -2.500001
v -11.0 1.875 -2.500001
v -11.0 3.875 -2.500001
v -13.0 3.875 -2.500001
v -13.0 1.875 -2.625001
v -11.0 1.875 -2.625001
v -11.0 3.875 -2.625001
v -13.0 3.875 -2.625001
v -13.0 1.875 -2.875001
v -11.0 1.875 -2.875001
v -11.0 3.875 -2.875001
v -13.0 3.875 -2.875001
v -12.0 3.875 -2.500001
v -11.0 3.875 -2.500001
v -11.0 4.875 -2.500001
v -12.0 4.875 -2.500001
v -12.0 3.875 -2.625001
v -11.0 3.875 -2.625001
v -11.0 4.875 -2.625001
v -12.0 4.875 -2.625001
v -12.0 3.875 -2.875001
v -11.0 3.875 -2.875001
v -11.0 4.875 -2.875001
v -12.0 4.875 -2.875001
v -11.0 2.875 -2.500001
v -10.0 2.875 -2.500001
v -10.0 3.875 -2.500001
v -11.0 3.875 -2.500001
v -11.0 2.875 -2.625001
v -10.0 2.875 -2.625001
v -10.0 3.875 -2.625001
v -11.0 3.875 -2.625001
v -11.0 2.875 -2.875001
v -10.0 2.875 -2.875001
v -10.0 3.875 -2.875001
v -11.0 3.875 -2.875001
v -10.0 -12.125 -1.500001
v -9.0 -12.125 -1.500001
v -9.0 -8.125 -1.500001
v -10.0 -8.125 -1.500001
v -10.0 -12.125 -1.625001
v -9.0 -12.125 -1.625001
v -9.0 -8.125 -1.625001
v -10.0 -8.125 -1.625001
v -10.0 -12.125 -1.875001
v -9.0 -12.125 -1.875001
v -9.0 -8.125 -1.875001
v -10.0 -8.125 -1.875001
v -9.0 -13.125 -1.500001
v -8.0 -13.125 -1.500001
v -8.0 -11.125 -1.500001
v -9.0 -11.125 -1.500001
v -9.0 -13.125 -1.625001
v -8.0 -13.125 -1.625001
v -8.0 -11.125 -1.625001
v -9.0 -11.125 -1.625001
v -9.0 -13.125 -1.875001
v -8.0 -13.125 -1.875001
v -8.0 -11.125 -1.875001
v -9.0 -11.125 -1.875001
v -8.0 -3.125 -2.500001
v -6.0 -3.125 -2.500001
v -6.0 -2.125 -2.500001
v -8.0 -2.125 -2.500001
v -8.0 -3.125 -2.625001
v -6.0 -3.125 -2.625001
v -6.0 -2.125 -2.625001
v -8.0 -2.125 -2.625001
v -8.0 -3.125 -2.875001
v -6.0 -3.125 -2.875001
v -6.0 -2.125 -2.875001
v -8.0 -2.125 -2.875001
v -8.0 8.875 -3.500001
v -6.0 8.875 -3.500001
v -6.0 9.875 -3.500001
v -8.0 9.875 -3.500001
v -8.0 8.875 -3.625001
v -6.0 8.875 -3.625001
v -6.0 9.875 -3.625001
v -8.0 9.875 -3.625001
v -8.0 8.875 -3.875001
v -6.0 8.875 -3.875001
v -6.0 9.875 -3.875001
v -8.0 9.875 -3.875001
v -7.0 -5.125 -2.500001
v -6.0 -5.125 -2.500001
v -6.0 -3.125 -2.500001
v -7.0 -3.125 -2.500001
v -7.0 -5.125 -2.625001
v -6.0 -5.125 -2.625001
v -6.0 -3.125 -2.625001
v -7.0 -3.125 -2.625001
v -7.0 -5.125 -2.875001
v -6.0 -5.125 -2.875001
v -6.0 -3.125 -2.875001
v -7.0 -3.125 -2.875001
v -7.0 -2.125 -2.500001
v -6.0 -2.125 -2.500001
v -6.0 -1.125 -2.500001
v -7.0 -1.125 -2.500001
v -7.0 -2.125 -2.625001
v -6.0 -2.125 -2.625001
v -6.0 -1.125 -2.625001
v -7.0 -1.125 -2.625001
v -7.0 -2.125 -2.875001
v -6.0 -2.125 -2.875001
v -6.0 -1.125 -2.875001
v -7.0 -1.125 -2.875001
v -7.0 7.875 -3.500001
v -5.0 7.875 -3.500001
v -5.0 8.875 -3.500001
v -7.0 8.875 -3.500001
v -7.0 7.875 -3.625001
v -5.0 7.875 -3.625001
v -5.0 8.875 -3.625001
v -7.0 8.875 -3.625001
v -7.0 7.875 -3.875001
v -5.0 7.875 -3.875001
v -5.0 8.875 -3.875001
v -7.0 8.875 -3.875001
v -7.0 9.875 -3.500001
v -6.0 9.875 -3.500001
v -6.0 10.875 -3.500001
v -7.0 10.875 -3.500001
v -7.0 9.875 -3.625001
v -6.0 9.875 -3.625001
v -6.0 10.875 -3.625001
v -7.0 10.875 -3.625001
v -7.0 9.875 -3.875001
v -6.0 9.875 -3.875001
v -6.0 10.875 -3.875001
v -7.0 10.875 -3.875001
v -6.0 -7.125 -2.500001
v -5.0 -7.125 -2.500001
v -5.0 -4.125 -2.500001
v -6.0 -4.125 -2.500001
v -6.0 -7.125 -2.625001
v -5.0 -7.125 -2.625001
v -5.0 -4.125 -2.625001
v -6.0 -4.125 -2.625001
v -6.0 -7.125 -2.875001
v -5.0 -7.125 -2.875001
v -5.0 -4.125 -2.875001
v -6.0 -4.125 -2.875001
v -6.0 6.875 -3.500001
v -5.0 6.875 -3.500001
v -5.0 7.875 -3.500001
v -6.0 7.875 -3.500001
v -6.0 6.875 -3.625001
v -5.0 6.875 -3.625001
v -5.0 7.875 -3.625001
v -6.0 7.875 -3.625001
v -6.0 6.875 -3.875001
v -5.0 6.875 -3.875001
v -5.0 7.875 -3.875001
v -6.0 7.875 -3.875001
v -3.0 2.875 -3.500001
v -1.0 2.875 -3.500001
v -1.0 3.875 -3.500001
v -3.0 3.875 -3.500001
v -3.0 2.875 -3.625001
v -1.0 2.875 -3.625001
v -1.0 3.875 -3.625001
v -3.0 3.875 -3.625001
v -3.0 2.875 -3.875001
v -1.0 2.875 -3.875001
v -1.0 3.875 -3.875001
v -3.0 3.875 -3.875001
v -3.0 4.875 -3.500001
v -2.0 4.875 -3.500001
v -2.0 5.875 -3.500001
v -3.0 5.875 -3.500001
v -3.0 4.875 -3.625001
v -2.0 4.875 -3.625001
v -2.0 5.875 -3.625001
v -3.0 5.875 -3.625001
v -3.0 4.875 -3.875001
v -2.0 4.875 -3.875001
v -2.0 5.875 -3.875001
v -3.0 5.875 -3.875001
v -0.5 -8.608398 -3.144531
v 0.339844 -8.318359 -3.144531
v -0.027343988 -8.013672 -1.9863279
v -0.5 -8.176758 -1.9863269
v 0.68847704 -7.6210938 -3.144531
v 0.44531202 -8.40625 -3.936523
v 0.8378911 -7.6210938 -3.936523
v -1.339844 -6.904297 -3.144531
v -1.445312 -6.904297 -3.936523
v -1.8378911 -7.6210938 -3.936523
v -1.688477 -7.6210938 -3.144531
v -1.445312 -8.40625 -3.936523
v -0.5 -8.732422 -3.936523
v -1.339844 -8.318359 -3.144531
v 0.16894507 -7.6210938 -1.9863279
v -0.972656 -8.013672 -1.9863279
v -0.027343988 -7.227539 -1.9863279
v 0.44531202 -6.834961 -3.936523
v -0.5 -6.545899 -3.936523
v -0.92871106 -7.262695 -2.7001948
v -0.5 -7.6210938 -1.460937
v 0.893795 -6.885136 -3.8125
v -0.5 -7.689733 -3.812499
v 1.1091928 -7.689733 -3.812499
v 0.893795 -8.494329 -3.812498
v 0.30459595 -9.08269 -3.812498
v -0.5 -9.298925 -3.812498
v -1.304596 -9.08269 -3.812498
v -1.893795 -8.494329 -3.812498
v -2.109193 -7.689733 -3.812499
v -1.893795 -6.885136 -3.8125
v -1.304596 -6.295936 -3.8125
v -0.5 -6.0805387 -3.8125
v 0.30459595 -6.295936 -3.8125
v -2.0 -4.125 -3.500001
v -1.0 -4.125 -3.500001
v -1.0 -1.125 -3.500001
v -2.0 -1.125 -3.500001
v -2.0 -4.125 -3.625001
v -1.0 -4.125 -3.625001
v -1.0 -1.125 -3.625001
v -2.0 -1.125 -3.625001
v -2.0 -4.125 -3.875001
v -1.0 -4.125 -3.875001
v -1.0 -1.125 -3.875001
v -2.0 -1.125 -3.875001
v -2.0 1.875 -3.500001
v -1.0 1.875 -3.500001
v -1.0 2.875 -3.500001
v -2.0 2.875 -3.500001
v -2.0 1.875 -3.625001
v -1.0 1.875 -3.625001
v -1.0 2.875 -3.625001
v -2.0 2.875 -3.625001
v -2.0 1.875 -3.875001
v -1.0 1.875 -3.875001
v -1.0 2.875 -3.875001
v -2.0 2.875 -3.875001
v -2.0 3.875 -3.500001
v -1.0 3.875 -3.500001
v -1.0 4.875 -3.500001
v -2.0 4.875 -3.500001
v -2.0 3.875 -3.625001
v -1.0 3.875 -3.625001
v -1.0 4.875 -3.625001
v -2.0 4.875 -3.625001
v -2.0 3.875 -3.875001
v -1.0 3.875 -3.875001
v -1.0 4.875 -3.875001
v -2.0 4.875 -3.875001
v -1.0 -3.125 -3.500001
v 0.0 -3.125 -3.500001
v 0.0 -0.125 -3.500001
v -1.0 -0.125 -3.500001
v -1.0 -3.125 -3.625001
v 0.0 -3.125 -3.625001
v 0.0 -0.125 -3.625001
v -1.0 -0.125 -3.625001
v -1.0 -3.125 -3.875001
v 0.0 -3.125 -3.875001
v 0.0 -0.125 -3.875001
v -1.0 -0.125 -3.875001
v 0.0 -11.125 -3.500001
v 4.0 -11.125 -3.500001
v 4.0 -10.125 -3.500001
v 0.0 -10.125 -3.500001
v 0.0 -11.125 -3.625001
v 4.0 -11.125 -3.625001
v 4.0 -10.125 -3.625001
v 0.0 -10.125 -3.625001
v 0.0 -11.125 -3.875001
v 4.0 -11.125 -3.875001
v 4.0 -10.125 -3.875001
v 0.0 -10.125 -3.875001
v 1.0 -12.125 -3.500001
v 4.0 -12.125 -3.500001
v 4.0 -11.125 -3.500001
v 1.0 -11.125 -3.500001
v 1.0 -12.125 -3.625001
v 4.0 -12.125 -3.625001
v 4.0 -11.125 -3.625001
v 1.0 -11.125 -3.625001
v 1.0 -12.125 -3.875001
v 4.0 -12.125 -3.875001
v 4.0 -11.125 -3.875001
v 1.0 -11.125 -3.875001
v 1.0 -10.125 -3.500001
v 3.0 -10.125 -3.500001
v 3.0 -9.125 -3.500001
v 1.0 -9.125 -3.500001
v 1.0 -10.125 -3.625001
v 3.0 -10.125 -3.625001
v 3.0 -9.125 -3.625001
v 1.0 -9.125 -3.625001
v 1.0 -10.125 -3.875001
v 3.0 -10.125 -3.875001
v 3.0 -9.125 -3.875001
v 1.0 -9.125 -3.875001
v 1.0 3.875 -4.500001
v 3.0 3.875 -4.500001
v 3.0 5.875 -4.500001
v 1.0 5.875 -4.500001
v 1.0 3.875 -4.625001
v 3.0 3.875 -4.625001
v 3.0 5.875 -4.625001
v 1.0 5.875 -4.625001
v 1.0 3.875 -4.875001
v 3.0 3.875 -4.875001
v 3.0 5.875 -4.875001
v 1.0 5.875 -4.875001
v 2.0 -13.125 -3.500001
v 3.0 -13.125 -3.500001
v 3.0 -12.125 -3.500001
v 2.0 -12.125 -3.500001
v 2.0 -13.125 -3.625001
v 3.0 -13.125 -3.625001
v 3.0 -12.125 -3.625001
v 2.0 -12.125 -3.625001
v 2.0 -13.125 -3.875001
v 3.0 -13.125 -3.875001
v 3.0 -12.125 -3.875001
v 2.0 -12.125 -3.875001
v 2.0 -9.125 -3.500001
v 3.0 -9.125 -3.500001
v 3.0 -8.125 -3.500001
v 2.0 -8.125 -3.500001
v 2.0 -9.125 -3.625001
v 3.0 -9.125 -3.625001
v 3.0 -8.125 -3.625001
v 2.0 -8.125 -3.625001
v 2.0 -9.125 -3.875001
v 3.0 -9.125 -3.875001
v 3.0 -8.125 -3.875001
v 2.0 -8.125 -3.875001
v 2.0 -4.125 -4.500001
v 6.0 -4.125 -4.500001
v 6.0 -3.125 -4.500001
v 2.0 -3.125 -4.500001
v 2.0 -4.125 -4.625001
v 6.0 -4.125 -4.625001
v 6.0 -3.125 -4.625001
v 2.0 -3.125 -4.625001
v 2.0 -4.125 -4.875001
v 6.0 -4.125 -4.875001
v 6.0 -3.125 -4.875001
v 2.0 -3.125 -4.875001
v 2.0 2.875 -4.500001
v 3.0 2.875 -4.500001
v 3.0 3.875 -4.500001
v 2.0 3.875 -4.500001
v 2.0 2.875 -4.625001
v 3.0 2.875 -4.625001
v 3.0 3.875 -4.625001
v 2.0 3.875 -4.625001
v 2.0 2.875 -4.875001
v 3.0 2.875 -4.875001
v 3.0 3.875 -4.875001
v 2.0 3.875 -4.875001
v 3.0 -3.125 -4.500001
v 6.0 -3.125 -4.500001
v 6.0 -2.125 -4.500001
v 3.0 -2.125 -4.500001
v 3.0 -3.125 -4.625001
v 6.0 -3.125 -4.625001
v 6.0 -2.125 -4.625001
v 3.0 -2.125 -4.625001
v 3.0 -3.125 -4.875001
v 6.0 -3.125 -4.875001
v 6.0 -2.125 -4.875001
v 3.0 -2.125 -4.875001
v 4.0 -5.125 -4.500001
v 5.0 -5.125 -4.500001
v 5.0 -4.125 -4.500001
v 4.0 -4.125 -4.500001
v 4.0 -5.125 -4.625001
v 5.0 -5.125 -4.625001
v 5.0 -4.125 -4.625001
v 4.0 -4.125 -4.625001
v 4.0 -5.125 -4.875001
v 5.0 -5.125 -4.875001
v 5.0 -4.125 -4.875001
v 4.0 -4.125 -4.875001
v 4.0 -2.125 -4.500001
v 5.0 -2.125 -4.500001
v 5.0 -0.125 -4.500001
v 4.0 -0.125 -4.500001
v 4.0 -2.125 -4.625001
v 5.0 -2.125 -4.625001
v 5.0 -0.125 -4.625001
v 4.0 -0.125 -4.625001
v 4.0 -2.125 -4.875001
v 5.0 -2.125 -4.875001
v 5.0 -0.125 -4.875001
v 4.0 -0.125 -4.875001
v 5.0 3.875 -5.500001
v 8.0 3.875 -5.500001
v 8.0 4.875 -5.500001
v 5.0 4.875 -5.500001
v 5.0 3.875 -5.625001
v 8.0 3.875 -5.625001
v 8.0 4.875 -5.625001
v 5.0 4.875 -5.625001
v 5.0 3.875 -5.875001
v 8.0 3.875 -5.875001
v 8.0 4.875 -5.875001
v 5.0 4.875 -5.875001
v 6.0 0.875 -5.500001
v 7.0 0.875 -5.500001
v 7.0 3.875 -5.500001
v 6.0 3.875 -5.500001
v 6.0 0.875 -5.625001
v 7.0 0.875 -5.625001
v 7.0 3.875 -5.625001
v 6.0 3.875 -5.625001
v 6.0 0.875 -5.875001
v 7.0 0.875 -5.875001
v 7.0 3.875 -5.875001
v 6.0 3.875 -5.875001
v 6.0 4.875 -5.500001
v 7.0 4.875 -5.500001
v 7.0 5.875 -5.500001
v 6.0 5.875 -5.500001
v 6.0 4.875 -5.625001
v 7.0 4.875 -5.625001
v 7.0 5.875 -5.625001
v 6.0 5.875 -5.625001
v 6.0 4.875 -5.875001
v 7.0 4.875 -5.875001
v 7.0 5.875 -5.875001
v 6.0 5.875 -5.875001
v 7.0 1.875 -5.500001
v 9.0 1.875 -5.500001
v 9.0 3.875 -5.500001
v 7.0 3.875 -5.500001
v 7.0 1.875 -5.625001
v 9.0 1.875 -5.625001
v 9.0 3.875 -5.625001
v 7.0 3.875 -5.625001
v 7.0 1.875 -5.875001
v 9.0 1.875 -5.875001
v 9.0 3.875 -5.875001
v 7.0 3.875 -5.875001
v 10.391602 -14.5 -4.1445312
v 10.681641 -15.339844 -4.1445312
v 10.986328 -14.972656 -2.986328
v 10.823242 -14.5 -2.986327
v 11.378906 -15.688477 -4.1445312
v 10.59375 -15.4453125 -4.936523
v 11.378906 -15.837891 -4.936523
v 12.095703 -13.660156 -4.1445312
v 12.095703 -13.5546875 -4.936523
v 11.378906 -13.162109 -4.936523
v 11.378906 -13.311523 -4.1445312
v 10.59375 -13.5546875 -4.936523
v 10.267578 -14.5 -4.936523
v 10.681641 -13.660156 -4.1445312
v 11.378906 -15.168945 -2.986328
v 10.986328 -14.027344 -2.986328
v 11.772461 -14.972656 -2.986328
v 12.165039 -15.4453125 -4.936523
v 12.454102 -14.5 -4.936523
v 11.737305 -14.071289 -3.7001948
v 11.378906 -14.5 -2.460937
v 12.114864 -15.893795 -4.8125
v 11.3102665 -14.5 -4.812499
v 11.3102665 -16.109194 -4.812499
v 10.505671 -15.893795 -4.812498
v 9.91731 -15.304596 -4.812498
v 9.701075 -14.5 -4.812498
v 9.91731 -13.695404 -4.812498
v 10.505671 -13.106205 -4.812498
v 11.3102665 -12.890807 -4.812499
v 12.114864 -13.106205 -4.8125
v 12.704063 -13.695404 -4.8125
v 12.919461 -14.5 -4.8125
v 12.704063 -15.304596 -4.8125
v 10.0 -11.125 -5.500001
v 13.0 -11.125 -5.500001
v 13.0 -10.125 -5.500001
v 10.0 -10.125 -5.500001
v 10.0 -11.125 -5.625001
v 13.0 -11.125 -5.625001
v 13.0 -10.125 -5.625001
v 10.0 -10.125 -5.625001
v 10.0 -11.125 -5.875001
v 13.0 -11.125 -5.875001
v 13.0 -10.125 -5.875001
v 10.0 -10.125 -5.875001
v 11.0 -10.125 -5.500001
v 12.0 -10.125 -5.500001
v 12.0 -7.125 -5.500001
v 11.0 -7.125 -5.500001
v 11.0 -10.125 -5.625001
v 12.0 -10.125 -5.625001
v 12.0 -7.125 -5.625001
v 11.0 -7.125 -5.625001
v 11.0 -10.125 -5.875001
v 12.0 -10.125 -5.875001
v 12.0 -7.125 -5.875001
v 11.0 -7.125 -5.875001
v 12.0 -10.125 -5.500001
v 13.0 -10.125 -5.500001
v 13.0 -9.125 -5.500001
v 12.0 -9.125 -5.500001
v 12.0 -10.125 -5.625001
v 13.0 -10.125 -5.625001
v 13.0 -9.125 -5.625001
v 12.0 -9.125 -5.625001
v 12.0 -10.125 -5.875001
v 13.0 -10.125 -5.875001
v 13.0 -9.125 -5.875001
v 12.0 -9.125 -5.875001
v 12.0 -2.125 -5.500001
v 14.0 -2.125 -5.500001
v 14.0 -1.125 -5.500001
v 12.0 -1.125 -5.500001
v 12.0 -2.125 -5.625001
v 14.0 -2.125 -5.625001
v 14.0 -1.125 -5.625001
v 12.0 -1.125 -5.625001
v 12.0 -2.125 -5.875001
v 14.0 -2.125 -5.875001
v 14.0 -1.125 -5.875001
v 12.0 -1.125 -5.875001
v 12.0 -0.125 -5.500001
v 14.0 -0.125 -5.500001
v 14.0 0.875 -5.500001
v 12.0 0.875 -5.500001
v 12.0 -0.125 -5.625001
v 14.0 -0.125 -5.625001
v 14.0 0.875 -5.625001
v 12.0 0.875 -5.625001
v 12.0 -0.125 -5.875001
v 14.0 -0.125 -5.875001
v 14.0 0.875 -5.875001
v 12.0 0.875 -5.875001
v 13.0 -3.125 -5.500001
v 14.0 -3.125 -5.500001
v 14.0 -2.125 -5.500001
v 13.0 -2.125 -5.500001
v 13.0 -3.125 -5.625001
v 14.0 -3.125 -5.625001
v 14.0 -2.125 -5.625001
v 13.0 -2.125 -5.625001
v 13.0 -3.125 -5.875001
v 14.0 -3.125 -5.875001
v 14.0 -2.125 -5.875001
v 13.0 -2.125 -5.875001
v 13.0 -1.125 -5.500001
v 14.0 -1.125 -5.500001
v 14.0 -0.125 -5.500001
v 13.0 -0.125 -5.500001
v 13.0 -1.125 -5.625001
v 14.0 -1.125 -5.625001
v 14.0 -0.125 -5.625001
v 13.0 -0.125 -5.625001
v 13.0 -1.125 -5.875001
v 14.0 -1.125 -5.875001
v 14.0 -0.125 -5.875001
v 13.0 -0.125 -5.875001
v 13.0 0.875 -5.500001
v 14.0 0.875 -5.500001
v 14.0 1.875 -5.500001
v 13.0 1.875 -5.500001
v 13.0 0.875 -5.625001
v 14.0 0.875 -5.625001
v 14.0 1.875 -5.625001
v 13.0 1.875 -5.625001
v 13.0 0.875 -5.875001
v 14.0 0.875 -5.875001
v 14.0 1.875 -5.875001
v 13.0 1.875 -5.875001
v -11.0 -3.0 -1.0
v -16.0 -3.0 -1.0
v -16.0 -4.0 -1.0
v -11.0 -4.0 -1.0
v -16.0 -2.210937 -1.901367
v -16.0 -2.669921 -1.002929
v -11.0 -2.669921 -1.002929
v -11.0 -2.210937 -1.901367
v -16.0 -2.999999 -1.0
v -11.0 -2.999999 -1.0
v -16.0 -2.210937 -1.901367
v -11.0 -2.210937 -1.901367
v -11.0 -1.999999 -2.0
v -16.0 -1.999999 -2.0
v -9.0 -1.0 -1.999999
v -16.0 -1.0 -1.999999
v -9.0 -2.0 -1.999999
v -16.0 -2.0 -1.999999
v -14.0 4.0 -1.999999
v -16.0 4.0 -1.999999
v -14.0 -1.0 -1.999999
v -16.0 -1.0 -1.999999
v -16.0 4.789063 -2.901367
v -16.0 4.330079 -2.002929
v -14.0 4.330079 -2.002929
v -14.0 4.789063 -2.901367
v -16.0 4.000001 -2.0
v -14.0 4.000001 -2.0
v -16.0 4.789063 -2.901367
v -14.0 4.789063 -2.901367
v -14.0 5.000001 -3.0
v -16.0 5.000001 -3.0
v -9.0 7.0 -2.999999
v -16.0 7.0 -2.999999
v -9.0 5.0 -2.999999
v -16.0 5.0 -2.999999
v -12.0 8.0 -2.999999
v -16.0 8.0 -2.999999
v -12.0 7.0 -2.999999
v -16.0 7.0 -2.999999
v -16.0 8.7890625 -3.901367
v -16.0 8.330079 -3.002929
v -12.0 8.330079 -3.002929
v -12.0 8.7890625 -3.901367
v -16.0 8.000001 -3.0
v -12.0 8.000001 -3.0
v -16.0 8.7890625 -3.901367
v -12.0 8.7890625 -3.901367
v -12.0 9.000001 -4.0
v -16.0 9.000001 -4.0
v -8.0 10.0 -3.999999
v -16.0 10.0 -3.999999
v -8.0 9.0 -3.999999
v -16.0 9.0 -3.999999
v -16.0 10.7890625 -4.901367
v -16.0 10.330079 -4.0029287
v -12.0 10.330079 -4.0029287
v -12.0 10.7890625 -4.901367
v -16.0 10.000001 -4.0
v -12.0 10.000001 -4.0
v -16.0 10.7890625 -4.901367
v -12.0 10.7890625 -4.901367
v -12.0 11.000001 -5.0
v -16.0 11.000001 -5.0
v -12.0 14.0 -4.999999
v -16.0 14.0 -4.999999
v -12.0 11.0 -4.999999
v -16.0 11.0 -4.999999
v -16.0 14.7890625 -5.901367
v -16.0 14.330079 -5.0029287
v -9.0 14.330079 -5.0029287
v -9.0 14.7890625 -5.901367
v -16.0 14.000001 -5.0
v -9.0 14.000001 -5.0
v -16.0 14.7890625 -5.901367
v -9.0 14.7890625 -5.901367
v -9.0 15.000001 -6.0
v -16.0 15.000001 -6.0
v -8.0 16.0 -5.999999
v -16.0 16.0 -5.999999
v -8.0 15.0 -5.999999
v -16.0 15.0 -5.999999
v -12.0 1.0 -1.999999
v -14.0 1.0 -1.999999
v -12.0 -1.0 -1.999999
v -14.0 -1.0 -1.999999
v -13.669922 1.330079 -2.002929
v -13.669922 2.000001 -2.002929
v -14.0 2.000001 -2.0
v -14.0 1.000001 -2.0
v -13.0 1.330079 -2.002929
v -13.669922 1.330079 -2.002929
v -14.0 1.000001 -2.0
v -13.0 1.000001 -2.0
v -13.0 1.330079 -2.002929
v -13.0 1.789063 -2.901367
v -13.669922 1.330079 -2.002929
v -13.105469 1.894532 -2.901367
v -13.2109375 2.000001 -2.901367
v -13.2109375 2.000001 -2.901367
v -13.105469 1.894532 -2.901367
v -13.0 2.000001 -3.0
v -13.0 1.789063 -2.901367
v -13.669922 2.000001 -2.002929
v -13.669922 1.330079 -2.002929
v -13.2109375 2.000001 -2.901367
v -13.2109375 4.0 -2.901367
v -13.669921 4.0 -2.002929
v -13.669921 2.0 -2.002929
v -13.2109375 2.0 -2.901367
v -13.999999 4.0 -2.0
v -13.999999 2.0 -2.0
v -13.2109375 4.0 -2.901367
v -13.2109375 2.0 -2.901367
v -12.999999 2.0 -3.0
v -12.999999 4.0 -3.0
v -13.0 4.000001 -3.0
v -13.0 5.000001 -3.0
v -13.0625 4.625001 -3.0
v -13.3125 4.937501 -3.0
v -14.0 5.000001 -3.0
v -13.3125 4.937501 -3.0
v -14.0 5.000001 -3.0
v -14.0 4.789063 -2.901367
v -13.5 4.750001 -2.901367
v -13.0 4.000001 -3.0
v -13.0625 4.625001 -3.0
v -13.25 4.437501 -2.901367
v -13.2109375 4.000001 -2.901367
v -13.2109375 4.000001 -2.901367
v -13.25 4.437501 -2.901367
v -13.669922 4.000001 -2.002929
v -13.5 4.750001 -2.901367
v -14.0 4.330079 -2.002929
v -14.0 4.789063 -2.901367
v -14.0 4.330079 -2.002929
v -14.0 4.000001 -2.0
v -13.669922 4.000001 -2.002929
v -13.0 1.789063 -2.901367
v -13.0 1.3300791 -2.002929
v -12.0 1.3300791 -2.002929
v -12.0 1.789063 -2.901367
v -13.0 1.000001 -2.0
v -12.0 1.000001 -2.0
v -13.0 1.789063 -2.901367
v -12.0 1.789063 -2.901367
v -12.0 2.000001 -3.0
v -13.0 2.000001 -3.0
v -7.0 3.0 -2.999999
v -13.0 3.0 -2.999999
v -7.0 2.0 -2.999999
v -13.0 2.0 -2.999999
v -9.0 5.0 -2.999999
v -13.0 5.0 -2.999999
v -9.0 3.0 -2.999999
v -13.0 3.0 -2.999999
v -11.0 -8.0 -1.0
v -12.0 -8.0 -1.0
v -12.0 -16.0 -1.0
v -11.0 -16.0 -1.0
v -11.0 -4.0 -1.0
v -12.0 -4.0 -1.0
v -12.0 -8.0 -1.0
v -11.0 -8.0 -1.0
v -11.669922 -0.66992104 -2.002929
v -11.669922 9.536743E-7 -2.002929
v -12.0 9.536743E-7 -2.0
v -12.0 -0.999999 -2.0
v -11.0 -0.66992104 -2.002929
v -11.669922 -0.66992104 -2.002929
v -12.0 -0.999999 -2.0
v -11.0 -0.999999 -2.0
v -11.0 -0.66992104 -2.002929
v -11.0 -0.21093702 -2.901367
v -11.669922 -0.66992104 -2.002929
v -11.105469 -0.105467975 -2.901367
v -11.2109375 9.536743E-7 -2.901367
v -11.2109375 9.536743E-7 -2.901367
v -11.105469 -0.105467975 -2.901367
v -11.0 9.536743E-7 -3.0
v -11.0 -0.21093702 -2.901367
v -11.669922 9.536743E-7 -2.002929
v -11.669922 -0.66992104 -2.002929
v -11.2109375 9.536743E-7 -2.901367
v -11.2109375 1.0 -2.901367
v -11.669921 1.0 -2.002929
v -11.669921 0.0 -2.002929
v -11.2109375 0.0 -2.901367
v -11.999999 1.0 -2.0
v -11.999999 0.0 -2.0
v -11.2109375 1.0 -2.901367
v -11.2109375 0.0 -2.901367
v -10.999999 0.0 -3.0
v -10.999999 1.0 -3.0
v -11.0 1.000001 -3.0
v -11.0 2.000001 -3.0
v -11.0625 1.625001 -3.0
v -11.3125 1.937501 -3.0
v -12.0 2.000001 -3.0
v -11.3125 1.937501 -3.0
v -12.0 2.000001 -3.0
v -12.0 1.789063 -2.901367
v -11.5 1.750001 -2.901367
v -11.0 1.000001 -3.0
v -11.0625 1.625001 -3.0
v -11.25 1.437501 -2.901367
v -11.2109375 1.000001 -2.901367
v -11.2109375 1.000001 -2.901367
v -11.25 1.437501 -2.901367
v -11.669922 1.000001 -2.002929
v -11.5 1.750001 -2.901367
v -12.0 1.3300791 -2.002929
v -12.0 1.789063 -2.901367
v -12.0 1.3300791 -2.002929
v -12.0 1.000001 -2.0
v -11.669922 1.000001 -2.002929
v -11.669922 7.330079 -3.002929
v -11.669922 8.000001 -3.002929
v -12.0 8.000001 -3.0
v -12.0 7.000001 -3.0
v -11.0 7.330079 -3.002929
v -11.669922 7.330079 -3.002929
v -12.0 7.000001 -3.0
v -11.0 7.000001 -3.0
v -11.0 7.330079 -3.002929
v -11.0 7.789063 -3.901367
v -11.669922 7.330079 -3.002929
v -11.105469 7.894532 -3.901367
v -11.2109375 8.000001 -3.901367
v -11.2109375 8.000001 -3.901367
v -11.105469 7.894532 -3.901367
v -11.0 8.000001 -4.0
v -11.0 7.789063 -3.901367
v -11.669922 8.000001 -3.002929
v -11.669922 7.330079 -3.002929
v -11.2109375 8.000001 -3.901367
v -11.0 8.000001 -4.0
v -11.0 9.000001 -4.0
v -11.0625 8.625001 -4.0
v -11.3125 8.937501 -4.0
v -12.0 9.000001 -4.0
v -11.3125 8.937501 -4.0
v -12.0 9.000001 -4.0
v -12.0 8.7890625 -3.901367
v -11.5 8.750001 -3.901367
v -11.0 8.000001 -4.0
v -11.0625 8.625001 -4.0
v -11.25 8.437501 -3.901367
v -11.2109375 8.000001 -3.901367
v -11.2109375 8.000001 -3.901367
v -11.25 8.437501 -3.901367
v -11.669922 8.000001 -3.002929
v -11.5 8.750001 -3.901367
v -12.0 8.330079 -3.002929
v -12.0 8.7890625 -3.901367
v -12.0 8.330079 -3.002929
v -12.0 8.000001 -3.0
v -11.669922 8.000001 -3.002929
v -11.330079 10.330078 -4.0029287
v -12.000001 10.330078 -4.0029287
v -12.000001 10.0 -4.0
v -11.000001 10.0 -4.0
v -11.330079 11.0 -4.0029287
v -11.330079 10.330078 -4.0029287
v -11.000001 10.0 -4.0
v -11.000001 11.0 -4.0
v -11.330079 11.0 -4.0029287
v -11.7890625 11.0 -4.901367
v -11.330079 10.330078 -4.0029287
v -11.894532 10.894531 -4.901367
v -12.000001 10.7890625 -4.901367
v -12.000001 10.7890625 -4.901367
v -11.894532 10.894531 -4.901367
v -12.000001 11.0 -5.0
v -11.7890625 11.0 -4.901367
v -12.000001 10.330078 -4.0029287
v -11.330079 10.330078 -4.0029287
v -12.000001 10.7890625 -4.901367
v -11.000001 12.0 -5.0
v -12.000001 12.0 -5.0
v -11.625001 11.9375 -5.0
v -11.937501 11.6875 -5.0
v -12.000001 11.0 -5.0
v -11.937501 11.6875 -5.0
v -12.000001 11.0 -5.0
v -11.789063 11.0 -4.901367
v -11.750001 11.5 -4.901367
v -11.000001 12.0 -5.0
v -11.625001 11.9375 -5.0
v -11.437501 11.75 -4.901367
v -11.000001 11.7890625 -4.901367
v -11.000001 11.7890625 -4.901367
v -11.437501 11.75 -4.901367
v -11.000001 11.330078 -4.0029287
v -11.750001 11.5 -4.901367
v -11.330079 11.0 -4.0029287
v -11.789063 11.0 -4.901367
v -11.330079 11.0 -4.0029287
v -11.000001 11.0 -4.0
v -11.000001 11.330078 -4.0029287
v -4.0 13.0 -4.999999
v -12.0 13.0 -4.999999
v -4.0 12.0 -4.999999
v -12.0 12.0 -4.999999
v -9.0 14.0 -4.999999
v -12.0 14.0 -4.999999
v -9.0 13.0 -4.999999
v -12.0 13.0 -4.999999
v -10.2109375 -8.0 -1.901367
v -10.669921 -8.0 -1.002929
v -10.669921 -16.0 -1.002929
v -10.2109375 -16.0 -1.901367
v -10.999999 -8.0 -1.0
v -10.999999 -16.0 -1.0
v -10.2109375 -8.0 -1.901367
v -10.2109375 -16.0 -1.901367
v -9.999999 -16.0 -2.0
v -9.999999 -8.0 -2.0
v -10.2109375 -3.0 -1.901367
v -10.669921 -3.0 -1.002929
v -10.669921 -8.0 -1.002929
v -10.2109375 -8.0 -1.901367
v -10.999999 -3.0 -1.0
v -10.999999 -8.0 -1.0
v -10.2109375 -3.0 -1.901367
v -10.2109375 -8.0 -1.901367
v -9.999999 -8.0 -2.0
v -9.999999 -3.0 -2.0
v -10.0 -2.999999 -2.0
v -10.0 -1.999999 -2.0
v -10.0625 -2.374999 -2.0
v -10.3125 -2.062499 -2.0
v -11.0 -1.999999 -2.0
v -10.3125 -2.062499 -2.0
v -11.0 -1.999999 -2.0
v -11.0 -2.210937 -1.901367
v -10.5 -2.249999 -1.901367
v -10.0 -2.999999 -2.0
v -10.0625 -2.374999 -2.0
v -10.25 -2.562499 -1.901367
v -10.2109375 -2.999999 -1.901367
v -10.2109375 -2.999999 -1.901367
v -10.25 -2.562499 -1.901367
v -10.669922 -2.999999 -1.002929
v -10.5 -2.249999 -1.901367
v -11.0 -2.669921 -1.002929
v -11.0 -2.210937 -1.901367
v -11.0 -2.669921 -1.002929
v -11.0 -2.999999 -1.0
v -10.669922 -2.999999 -1.002929
v -11.0 -0.21093702 -2.901367
v -11.0 -0.669921 -2.002929
v -9.0 -0.669921 -2.002929
v -9.0 -0.21093702 -2.901367
v -11.0 -0.999999 -2.0
v -9.0 -0.999999 -2.0
v -11.0 -0.21093702 -2.901367
v -9.0 -0.21093702 -2.901367
v -9.0 9.536743E-7 -3.0
v -11.0 9.536743E-7 -3.0
v -6.0 1.0 -2.999999
v -11.0 1.0 -2.999999
v -6.0 0.0 -2.999999
v -11.0 0.0 -2.999999
v -7.0 2.0 -2.999999
v -11.0 2.0 -2.999999
v -7.0 1.0 -2.999999
v -11.0 1.0 -2.999999
v -11.0 7.789063 -3.901367
v -11.0 7.330079 -3.002929
v -9.0 7.330079 -3.002929
v -9.0 7.789063 -3.901367
v -11.0 7.000001 -3.0
v -9.0 7.000001 -3.0
v -11.0 7.789063 -3.901367
v -9.0 7.789063 -3.901367
v -9.0 8.000001 -4.0
v -11.0 8.000001 -4.0
v -5.0 9.0 -3.999999
v -11.0 9.0 -3.999999
v -5.0 8.0 -3.999999
v -11.0 8.0 -3.999999
v -6.0 11.0 -3.999999
v -11.0 11.0 -3.999999
v -6.0 10.0 -3.999999
v -11.0 10.0 -3.999999
v -11.0 11.7890625 -4.901367
v -11.0 11.330079 -4.0029287
v -6.0 11.330079 -4.0029287
v -6.0 11.7890625 -4.901367
v -11.0 11.000001 -4.0
v -6.0 11.000001 -4.0
v -11.0 11.7890625 -4.901367
v -6.0 11.7890625 -4.901367
v -6.0 12.000001 -5.0
v -11.0 12.000001 -5.0
v -9.0 -8.0 -1.999999
v -10.0 -8.0 -1.999999
v -9.0 -16.0 -1.999999
v -10.0 -16.0 -1.999999
v -9.0 -2.0 -1.999999
v -10.0 -2.0 -1.999999
v -9.0 -8.0 -1.999999
v -10.0 -8.0 -1.999999
v -8.0 -11.0 -1.999999
v -9.0 -11.0 -1.999999
v -8.0 -16.0 -1.999999
v -9.0 -16.0 -1.999999
v -8.669922 -10.669921 -2.002929
v -8.669922 -9.999999 -2.002929
v -9.0 -9.999999 -2.0
v -9.0 -10.999999 -2.0
v -8.0 -10.669921 -2.002929
v -8.669922 -10.669921 -2.002929
v -9.0 -10.999999 -2.0
v -8.0 -10.999999 -2.0
v -8.0 -10.669921 -2.002929
v -8.0 -10.2109375 -2.901367
v -8.669922 -10.669921 -2.002929
v -8.105469 -10.105468 -2.901367
v -8.2109375 -9.999999 -2.901367
v -8.2109375 -9.999999 -2.901367
v -8.105469 -10.105468 -2.901367
v -8.0 -9.999999 -3.0
v -8.0 -10.2109375 -2.901367
v -8.669922 -9.999999 -2.002929
v -8.669922 -10.669921 -2.002929
v -8.2109375 -9.999999 -2.901367
v -8.2109375 -2.0 -2.901367
v -8.669921 -2.0 -2.002929
v -8.669921 -10.0 -2.002929
v -8.2109375 -10.0 -2.901367
v -8.999999 -2.0 -2.0
v -8.999999 -10.0 -2.0
v -8.2109375 -2.0 -2.901367
v -8.2109375 -10.0 -2.901367
v -7.999999 -10.0 -3.0
v -7.999999 -2.0 -3.0
v -8.2109375 -1.0 -2.901367
v -8.669921 -1.0 -2.002929
v -8.669921 -2.0 -2.002929
v -8.2109375 -2.0 -2.901367
v -8.999999 -1.0 -2.0
v -8.999999 -2.0 -2.0
v -8.2109375 -1.0 -2.901367
v -8.2109375 -2.0 -2.901367
v -7.999999 -2.0 -3.0
v -7.999999 -1.0 -3.0
v -8.0 -0.999999 -3.0
v -8.0 9.536743E-7 -3.0
v -8.0625 -0.374999 -3.0
v -8.3125 -0.062498987 -3.0
v -9.0 9.536743E-7 -3.0
v -8.3125 -0.062498987 -3.0
v -9.0 9.536743E-7 -3.0
v -9.0 -0.21093702 -2.901367
v -8.5 -0.24999899 -2.901367
v -8.0 -0.999999 -3.0
v -8.0625 -0.374999 -3.0
v -8.25 -0.562499 -2.901367
v -8.2109375 -0.999999 -2.901367
v -8.2109375 -0.999999 -2.901367
v -8.25 -0.562499 -2.901367
v -8.669922 -0.999999 -2.002929
v -8.5 -0.24999899 -2.901367
v -9.0 -0.669921 -2.002929
v -9.0 -0.21093702 -2.901367
v -9.0 -0.669921 -2.002929
v -9.0 -0.999999 -2.0
v -8.669922 -0.999999 -2.002929
v -8.669922 3.330079 -3.002929
v -8.669922 4.000001 -3.002929
v -9.0 4.000001 -3.0
v -9.0 3.000001 -3.0
v -8.0 3.330079 -3.002929
v -8.669922 3.330079 -3.002929
v -9.0 3.000001 -3.0
v -8.0 3.000001 -3.0
v -8.0 3.330079 -3.002929
v -8.0 3.789063 -3.901367
v -8.669922 3.330079 -3.002929
v -8.105469 3.894532 -3.901367
v -8.2109375 4.000001 -3.901367
v -8.2109375 4.000001 -3.901367
v -8.105469 3.894532 -3.901367
v -8.0 4.000001 -4.0
v -8.0 3.789063 -3.901367
v -8.669922 4.000001 -3.002929
v -8.669922 3.330079 -3.002929
v -8.2109375 4.000001 -3.901367
v -8.2109375 7.0 -3.901367
v -8.669921 7.0 -3.002929
v -8.669921 4.0 -3.002929
v -8.2109375 4.0 -3.901367
v -8.999999 7.0 -3.0
v -8.999999 4.0 -3.0
v -8.2109375 7.0 -3.901367
v -8.2109375 4.0 -3.901367
v -7.999999 4.0 -4.0
v -7.999999 7.0 -4.0
v -8.0 7.000001 -4.0
v -8.0 8.000001 -4.0
v -8.0625 7.625001 -4.0
v -8.3125 7.937501 -4.0
v -9.0 8.000001 -4.0
v -8.3125 7.937501 -4.0
v -9.0 8.000001 -4.0
v -9.0 7.789063 -3.901367
v -8.5 7.750001 -3.901367
v -8.0 7.000001 -4.0
v -8.0625 7.625001 -4.0
v -8.25 7.437501 -3.901367
v -8.2109375 7.000001 -3.901367
v -8.2109375 7.000001 -3.901367
v -8.25 7.437501 -3.901367
v -8.669922 7.000001 -3.002929
v -8.5 7.750001 -3.901367
v -9.0 7.330079 -3.002929
v -9.0 7.789063 -3.901367
v -9.0 7.330079 -3.002929
v -9.0 7.000001 -3.0
v -8.669922 7.000001 -3.002929
v -8.669922 13.330079 -5.0029287
v -8.669922 14.000001 -5.0029287
v -9.0 14.000001 -5.0
v -9.0 13.000001 -5.0
v -8.0 13.330079 -5.0029287
v -8.669922 13.330079 -5.0029287
v -9.0 13.000001 -5.0
v -8.0 13.000001 -5.0
v -8.0 13.330079 -5.0029287
v -8.0 13.7890625 -5.901367
v -8.669922 13.330079 -5.0029287
v -8.105469 13.894532 -5.901367
v -8.2109375 14.000001 -5.901367
v -8.2109375 14.000001 -5.901367
v -8.105469 13.894532 -5.901367
v -8.0 14.000001 -6.0
v -8.0 13.7890625 -5.901367
v -8.669922 14.000001 -5.0029287
v -8.669922 13.330079 -5.0029287
v -8.2109375 14.000001 -5.901367
v -8.0 14.000001 -6.0
v -8.0 15.000001 -6.0
v -8.0625 14.625001 -6.0
v -8.3125 14.937501 -6.0
v -9.0 15.000001 -6.0
v -8.3125 14.937501 -6.0
v -9.0 15.000001 -6.0
v -9.0 14.7890625 -5.901367
v -8.5 14.750001 -5.901367
v -8.0 14.000001 -6.0
v -8.0625 14.625001 -6.0
v -8.25 14.437501 -5.901367
v -8.2109375 14.000001 -5.901367
v -8.2109375 14.000001 -5.901367
v -8.25 14.437501 -5.901367
v -8.669922 14.000001 -5.0029287
v -8.5 14.750001 -5.901367
v -9.0 14.330079 -5.0029287
v -9.0 14.7890625 -5.901367
v -9.0 14.330079 -5.0029287
v -9.0 14.000001 -5.0
v -8.669922 14.000001 -5.0029287
v -7.210937 -11.0 -2.901367
v -7.669921 -11.0 -2.002929
v -7.669921 -16.0 -2.002929
v -7.210937 -16.0 -2.901367
v -7.999999 -11.0 -2.0
v -7.999999 -16.0 -2.0
v -7.210937 -11.0 -2.901367
v -7.210937 -16.0 -2.901367
v -6.999999 -16.0 -3.0
v -6.999999 -11.0 -3.0
v -7.0 -10.999999 -3.0
v -7.0 -9.999999 -3.0
v -7.0625 -10.374999 -3.0
v -7.3125 -10.062499 -3.0
v -8.0 -9.999999 -3.0
v -7.3125 -10.062499 -3.0
v -8.0 -9.999999 -3.0
v -8.0 -10.2109375 -2.901367
v -7.5 -10.249999 -2.901367
v -7.0 -10.999999 -3.0
v -7.0625 -10.374999 -3.0
v -7.25 -10.562499 -2.901367
v -7.210938 -10.999999 -2.901367
v -7.210938 -10.999999 -2.901367
v -7.25 -10.562499 -2.901367
v -7.669922 -10.999999 -2.002929
v -7.5 -10.249999 -2.901367
v -8.0 -10.669921 -2.002929
v -8.0 -10.2109375 -2.901367
v -8.0 -10.669921 -2.002929
v -8.0 -10.999999 -2.0
v -7.669922 -10.999999 -2.002929
v -6.0 -2.0 -2.999999
v -8.0 -2.0 -2.999999
v -6.0 -10.0 -2.999999
v -8.0 -10.0 -2.999999
v -6.0 0.0 -2.999999
v -8.0 0.0 -2.999999
v -6.0 -2.0 -2.999999
v -8.0 -2.0 -2.999999
v -8.0 3.789063 -3.901367
v -8.0 3.330079 -3.002929
v -7.0 3.330079 -3.002929
v -7.0 3.789063 -3.901367
v -8.0 3.000001 -3.0
v -7.0 3.000001 -3.0
v -8.0 3.789063 -3.901367
v -7.0 3.789063 -3.901367
v -7.0 4.000001 -4.0
v -8.0 4.000001 -4.0
v -1.0 6.0 -3.999999
v -8.0 6.0 -3.999999
v -1.0 4.0 -3.999999
v -8.0 4.0 -3.999999
v -5.0 8.0 -3.999999
v -8.0 8.0 -3.999999
v -5.0 6.0 -3.999999
v -8.0 6.0 -3.999999
v -6.0 10.0 -3.999999
v -8.0 10.0 -3.999999
v -6.0 9.0 -3.999999
v -8.0 9.0 -3.999999
v -8.0 13.7890625 -5.901367
v -8.0 13.330079 -5.0029287
v -2.0 13.330079 -5.0029287
v -2.0 13.7890625 -5.901367
v -8.0 13.000001 -5.0
v -2.0 13.000001 -5.0
v -8.0 13.7890625 -5.901367
v -2.0 13.7890625 -5.901367
v -2.0 14.000001 -6.0
v -8.0 14.000001 -6.0
v 0.0 16.0 -5.999999
v -8.0 16.0 -5.999999
v 0.0 14.0 -5.999999
v -8.0 14.0 -5.999999
v -4.0 -10.0 -2.999999
v -7.0 -10.0 -2.999999
v -4.0 -16.0 -2.999999
v -7.0 -16.0 -2.999999
v -6.669922 1.330079 -3.002929
v -6.669922 2.000001 -3.002929
v -7.0 2.000001 -3.0
v -7.0 1.000001 -3.0
v -6.0 1.330079 -3.002929
v -6.669922 1.330079 -3.002929
v -7.0 1.000001 -3.0
v -6.0 1.000001 -3.0
v -6.0 1.330079 -3.002929
v -6.0 1.789063 -3.901367
v -6.669922 1.330079 -3.002929
v -6.1054688 1.894532 -3.901367
v -6.210938 2.000001 -3.901367
v -6.210938 2.000001 -3.901367
v -6.1054688 1.894532 -3.901367
v -6.0 2.000001 -4.0
v -6.0 1.789063 -3.901367
v -6.669922 2.000001 -3.002929
v -6.669922 1.330079 -3.002929
v -6.210938 2.000001 -3.901367
v -6.210937 3.0 -3.901367
v -6.669921 3.0 -3.002929
v -6.669921 2.0 -3.002929
v -6.210937 2.0 -3.901367
v -6.999999 3.0 -3.0
v -6.999999 2.0 -3.0
v -6.210937 3.0 -3.901367
v -6.210937 2.0 -3.901367
v -5.999999 2.0 -4.0
v -5.999999 3.0 -4.0
v -6.0 3.000001 -4.0
v -6.0 4.000001 -4.0
v -6.0625 3.625001 -4.0
v -6.3125 3.937501 -4.0
v -7.0 4.000001 -4.0
v -6.3125 3.937501 -4.0
v -7.0 4.000001 -4.0
v -7.0 3.789063 -3.901367
v -6.5 3.750001 -3.901367
v -6.0 3.000001 -4.0
v -6.0625 3.625001 -4.0
v -6.25 3.437501 -3.901367
v -6.210938 3.000001 -3.901367
v -6.210938 3.000001 -3.901367
v -6.25 3.437501 -3.901367
v -6.669922 3.000001 -3.002929
v -6.5 3.750001 -3.901367
v -7.0 3.330079 -3.002929
v -7.0 3.789063 -3.901367
v -7.0 3.330079 -3.002929
v -7.0 3.000001 -3.0
v -6.669922 3.000001 -3.002929
v -5.0 -4.0 -2.999999
v -6.0 -4.0 -2.999999
v -5.0 -10.0 -2.999999
v -6.0 -10.0 -2.999999
v -5.669922 -3.669921 -3.002929
v -5.669922 -2.999999 -3.002929
v -6.0 -2.999999 -3.0
v -6.0 -3.999999 -3.0
v -5.0 -3.669921 -3.002929
v -5.669922 -3.669921 -3.002929
v -6.0 -3.999999 -3.0
v -5.0 -3.999999 -3.0
v -5.0 -3.669921 -3.002929
v -5.0 -3.210937 -3.901367
v -5.669922 -3.669921 -3.002929
v -5.1054688 -3.105468 -3.901367
v -5.210938 -2.999999 -3.901367
v -5.210938 -2.999999 -3.901367
v -5.1054688 -3.105468 -3.901367
v -5.0 -2.999999 -4.0
v -5.0 -3.210937 -3.901367
v -5.669922 -2.999999 -3.002929
v -5.669922 -3.669921 -3.002929
v -5.210938 -2.999999 -3.901367
v -5.210937 1.0 -3.901367
v -5.669921 1.0 -3.002929
v -5.669921 -3.0 -3.002929
v -5.210937 -3.0 -3.901367
v -5.999999 1.0 -3.0
v -5.999999 -3.0 -3.0
v -5.210937 1.0 -3.901367
v -5.210937 -3.0 -3.901367
v -4.999999 -3.0 -4.0
v -4.999999 1.0 -4.0
v -5.0 1.000001 -4.0
v -5.0 2.000001 -4.0
v -5.0625 1.625001 -4.0
v -5.3125 1.937501 -4.0
v -6.0 2.000001 -4.0
v -5.3125 1.937501 -4.0
v -6.0 2.000001 -4.0
v -6.0 1.789063 -3.901367
v -5.5 1.750001 -3.901367
v -5.0 1.000001 -4.0
v -5.0625 1.625001 -4.0
v -5.25 1.437501 -3.901367
v -5.210938 1.000001 -3.901367
v -5.210938 1.000001 -3.901367
v -5.25 1.437501 -3.901367
v -5.669922 1.000001 -3.002929
v -5.5 1.750001 -3.901367
v -6.0 1.3300791 -3.002929
v -6.0 1.789063 -3.901367
v -6.0 1.3300791 -3.002929
v -6.0 1.000001 -3.0
v -5.669922 1.000001 -3.002929
v -1.0 4.0 -3.999999
v -6.0 4.0 -3.999999
v -1.0 2.0 -3.999999
v -6.0 2.0 -3.999999
v -5.669922 9.330079 -4.0029287
v -5.669922 10.000001 -4.0029287
v -6.0 10.000001 -4.0
v -6.0 9.000001 -4.0
v -5.0 9.330079 -4.0029287
v -5.669922 9.330079 -4.0029287
v -6.0 9.000001 -4.0
v -5.0 9.000001 -4.0
v -5.0 9.330079 -4.0029287
v -5.0 9.7890625 -4.901367
v -5.669922 9.330079 -4.0029287
v -5.1054688 9.894532 -4.901367
v -5.210938 10.000001 -4.901367
v -5.210938 10.000001 -4.901367
v -5.1054688 9.894532 -4.901367
v -5.0 10.000001 -5.0
v -5.0 9.7890625 -4.901367
v -5.669922 10.000001 -4.0029287
v -5.669922 9.330079 -4.0029287
v -5.210938 10.000001 -4.901367
v -5.210937 11.0 -4.901367
v -5.669921 11.0 -4.0029287
v -5.669921 10.0 -4.0029287
v -5.210937 10.0 -4.901367
v -5.999999 11.0 -4.0
v -5.999999 10.0 -4.0
v -5.210937 11.0 -4.901367
v -5.210937 10.0 -4.901367
v -4.999999 10.0 -5.0
v -4.999999 11.0 -5.0
v -5.0 11.000001 -5.0
v -5.0 12.000001 -5.0
v -5.0625 11.625001 -5.0
v -5.3125 11.937501 -5.0
v -6.0 12.000001 -5.0
v -5.3125 11.937501 -5.0
v -6.0 12.000001 -5.0
v -6.0 11.7890625 -4.901367
v -5.5 11.750001 -4.901367
v -5.0 11.000001 -5.0
v -5.0625 11.625001 -5.0
v -5.25 11.437501 -4.901367
v -5.210938 11.000001 -4.901367
v -5.210938 11.000001 -4.901367
v -5.25 11.437501 -4.901367
v -5.669922 11.000001 -4.0029287
v -5.5 11.750001 -4.901367
v -6.0 11.330079 -4.0029287
v -6.0 11.7890625 -4.901367
v -6.0 11.330079 -4.0029287
v -6.0 11.000001 -4.0
v -5.669922 11.000001 -4.0029287
v -4.0 -8.0 -2.999999
v -5.0 -8.0 -2.999999
v -4.0 -10.0 -2.999999
v -5.0 -10.0 -2.999999
v -4.669922 -7.669921 -3.002929
v -4.669922 -6.999999 -3.002929
v -5.0 -6.999999 -3.0
v -5.0 -7.999999 -3.0
v -4.0 -7.669921 -3.002929
v -4.669922 -7.669921 -3.002929
v -5.0 -7.999999 -3.0
v -4.0 -7.999999 -3.0
v -4.0 -7.669921 -3.002929
v -4.0 -7.210937 -3.901367
v -4.669922 -7.669921 -3.002929
v -4.1054688 -7.105468 -3.901367
v -4.210938 -6.999999 -3.901367
v -4.210938 -6.999999 -3.901367
v -4.1054688 -7.105468 -3.901367
v -4.0 -6.999999 -4.0
v -4.0 -7.210937 -3.901367
v -4.669922 -6.999999 -3.002929
v -4.669922 -7.669921 -3.002929
v -4.210938 -6.999999 -3.901367
v -4.210937 -4.0 -3.901367
v -4.669921 -4.0 -3.002929
v -4.669921 -7.0 -3.002929
v -4.210937 -7.0 -3.901367
v -4.999999 -4.0 -3.0
v -4.999999 -7.0 -3.0
v -4.210937 -4.0 -3.901367
v -4.210937 -7.0 -3.901367
v -3.999999 -7.0 -4.0
v -3.999999 -4.0 -4.0
v -4.0 -3.999999 -4.0
v -4.0 -2.999999 -4.0
v -4.0625 -3.374999 -4.0
v -4.3125 -3.062499 -4.0
v -5.0 -2.999999 -4.0
v -4.3125 -3.062499 -4.0
v -5.0 -2.999999 -4.0
v -5.0 -3.210937 -3.901367
v -4.5 -3.249999 -3.901367
v -4.0 -3.999999 -4.0
v -4.0625 -3.374999 -4.0
v -4.25 -3.562499 -3.901367
v -4.210938 -3.999999 -3.901367
v -4.210938 -3.999999 -3.901367
v -4.25 -3.562499 -3.901367
v -4.669922 -3.999999 -3.002929
v -4.5 -3.249999 -3.901367
v -5.0 -3.669921 -3.002929
v -5.0 -3.210937 -3.901367
v -5.0 -3.669921 -3.002929
v -5.0 -3.999999 -3.0
v -4.669922 -3.999999 -3.002929
v -1.0 2.0 -3.999999
v -5.0 2.0 -3.999999
v -1.0 -3.0 -3.999999
v -5.0 -3.0 -3.999999
v -4.669922 6.330079 -4.0029287
v -4.669922 7.000001 -4.0029287
v -5.0 7.000001 -4.0
v -5.0 6.000001 -4.0
v -4.0 6.330079 -4.0029287
v -4.669922 6.330079 -4.0029287
v -5.0 6.000001 -4.0
v -4.0 6.000001 -4.0
v -4.0 6.330079 -4.0029287
v -4.0 6.789063 -4.901367
v -4.669922 6.330079 -4.0029287
v -4.1054688 6.894532 -4.901367
v -4.210938 7.000001 -4.901367
v -4.210938 7.000001 -4.901367
v -4.1054688 6.894532 -4.901367
v -4.0 7.000001 -5.0
v -4.0 6.789063 -4.901367
v -4.669922 7.000001 -4.0029287
v -4.669922 6.330079 -4.0029287
v -4.210938 7.000001 -4.901367
v -4.210937 9.0 -4.901367
v -4.669921 9.0 -4.0029287
v -4.669921 7.0 -4.0029287
v -4.210937 7.0 -4.901367
v -4.999999 9.0 -4.0
v -4.999999 7.0 -4.0
v -4.210937 9.0 -4.901367
v -4.210937 7.0 -4.901367
v -3.999999 7.0 -5.0
v -3.999999 9.0 -5.0
v -4.0 9.000001 -5.0
v -4.0 10.000001 -5.0
v -4.0625 9.625001 -5.0
v -4.3125 9.937501 -5.0
v -5.0 10.000001 -5.0
v -4.3125 9.937501 -5.0
v -5.0 10.000001 -5.0
v -5.0 9.7890625 -4.901367
v -4.5 9.750001 -4.901367
v -4.0 9.000001 -5.0
v -4.0625 9.625001 -5.0
v -4.25 9.437501 -4.901367
v -4.210938 9.000001 -4.901367
v -4.210938 9.000001 -4.901367
v -4.25 9.437501 -4.901367
v -4.669922 9.000001 -4.0029287
v -4.5 9.750001 -4.901367
v -5.0 9.330079 -4.0029287
v -5.0 9.7890625 -4.901367
v -5.0 9.330079 -4.0029287
v -5.0 9.000001 -4.0
v -4.669922 9.000001 -4.0029287
v -2.0 12.0 -4.999999
v -5.0 12.0 -4.999999
v -2.0 10.0 -4.999999
v -5.0 10.0 -4.999999
v -3.0 -13.0 -2.999999
v -4.0 -13.0 -2.999999
v -3.0 -16.0 -2.999999
v -4.0 -16.0 -2.999999
v -3.6699219 -12.669921 -3.002929
v -3.6699219 -11.999999 -3.002929
v -4.0 -11.999999 -3.0
v -4.0 -12.999999 -3.0
v -3.0 -12.669921 -3.002929
v -3.6699219 -12.669921 -3.002929
v -4.0 -12.999999 -3.0
v -3.0 -12.999999 -3.0
v -3.0 -12.669921 -3.002929
v -3.0 -12.2109375 -3.901367
v -3.6699219 -12.669921 -3.002929
v -3.105469 -12.105468 -3.901367
v -3.210938 -11.999999 -3.901367
v -3.210938 -11.999999 -3.901367
v -3.105469 -12.105468 -3.901367
v -3.0 -11.999999 -4.0
v -3.0 -12.2109375 -3.901367
v -3.6699219 -11.999999 -3.002929
v -3.6699219 -12.669921 -3.002929
v -3.210938 -11.999999 -3.901367
v -3.210937 -8.0 -3.901367
v -3.669921 -8.0 -3.002929
v -3.669921 -12.0 -3.002929
v -3.210937 -12.0 -3.901367
v -3.999999 -8.0 -3.0
v -3.999999 -12.0 -3.0
v -3.210937 -8.0 -3.901367
v -3.210937 -12.0 -3.901367
v -2.999999 -12.0 -4.0
v -2.999999 -8.0 -4.0
v -3.0 -7.999999 -4.0
v -3.0 -6.999999 -4.0
v -3.0625 -7.374999 -4.0
v -3.3125 -7.062499 -4.0
v -4.0 -6.999999 -4.0
v -3.3125 -7.062499 -4.0
v -4.0 -6.999999 -4.0
v -4.0 -7.210937 -3.901367
v -3.5 -7.249999 -3.901367
v -3.0 -7.999999 -4.0
v -3.0625 -7.374999 -4.0
v -3.25 -7.562499 -3.901367
v -3.210938 -7.999999 -3.901367
v -3.210938 -7.999999 -3.901367
v -3.25 -7.562499 -3.901367
v -3.6699219 -7.999999 -3.002929
v -3.5 -7.249999 -3.901367
v -4.0 -7.669921 -3.002929
v -4.0 -7.210937 -3.901367
v -4.0 -7.669921 -3.002929
v -4.0 -7.999999 -3.0
v -3.6699219 -7.999999 -3.002929
v 3.0 -5.0 -3.999999
v -4.0 -5.0 -3.999999
v 3.0 -7.0 -3.999999
v -4.0 -7.0 -3.999999
v 0.0 -3.0 -3.999999
v -4.0 -3.0 -3.999999
v 0.0 -5.0 -3.999999
v -4.0 -5.0 -3.999999
v -4.0 6.789063 -4.901367
v -4.0 6.330079 -4.0029287
v -1.0 6.330079 -4.0029287
v -1.0 6.789063 -4.901367
v -4.0 6.000001 -4.0
v -1.0 6.000001 -4.0
v -4.0 6.789063 -4.901367
v -1.0 6.789063 -4.901367
v -1.0 7.000001 -5.0
v -4.0 7.000001 -5.0
v 3.0 8.0 -4.999999
v -4.0 8.0 -4.999999
v 3.0 7.0 -4.999999
v -4.0 7.0 -4.999999
v 1.0 10.0 -4.999999
v -4.0 10.0 -4.999999
v 1.0 8.0 -4.999999
v -4.0 8.0 -4.999999
v -2.0 13.0 -4.999999
v -4.0 13.0 -4.999999
v -2.0 12.0 -4.999999
v -4.0 12.0 -4.999999
v -2.210937 -13.0 -3.901367
v -2.669921 -13.0 -3.002929
v -2.669921 -16.0 -3.002929
v -2.210937 -16.0 -3.901367
v -2.999999 -13.0 -3.0
v -2.999999 -16.0 -3.0
v -2.210937 -13.0 -3.901367
v -2.210937 -16.0 -3.901367
v -1.999999 -16.0 -4.0
v -1.999999 -13.0 -4.0
v -2.0 -12.999999 -4.0
v -2.0 -11.999999 -4.0
v -2.0625 -12.374999 -4.0
v -2.3125 -12.062499 -4.0
v -3.0 -11.999999 -4.0
v -2.3125 -12.062499 -4.0
v -3.0 -11.999999 -4.0
v -3.0 -12.2109375 -3.901367
v -2.5 -12.249999 -3.901367
v -2.0 -12.999999 -4.0
v -2.0625 -12.374999 -4.0
v -2.25 -12.562499 -3.901367
v -2.210938 -12.999999 -3.901367
v -2.210938 -12.999999 -3.901367
v -2.25 -12.562499 -3.901367
v -2.6699219 -12.999999 -3.002929
v -2.5 -12.249999 -3.901367
v -3.0 -12.669921 -3.002929
v -3.0 -12.2109375 -3.901367
v -3.0 -12.669921 -3.002929
v -3.0 -12.999999 -3.0
v -2.6699219 -12.999999 -3.002929
v 4.0 -10.0 -3.999999
v -3.0 -10.0 -3.999999
v 4.0 -12.0 -3.999999
v -3.0 -12.0 -3.999999
v 3.0 -7.0 -3.999999
v -3.0 -7.0 -3.999999
v 3.0 -10.0 -3.999999
v -3.0 -10.0 -3.999999
v 4.0 -12.0 -3.999999
v -2.0 -12.0 -3.999999
v 4.0 -16.0 -3.999999
v -2.0 -16.0 -3.999999
v -1.669922 10.330079 -5.0029287
v -1.669922 11.000001 -5.0029287
v -2.0 11.000001 -5.0
v -2.0 10.000001 -5.0
v -1.0 10.330079 -5.0029287
v -1.669922 10.330079 -5.0029287
v -2.0 10.000001 -5.0
v -1.0 10.000001 -5.0
v -1.0 10.330079 -5.0029287
v -1.0 10.7890625 -5.901367
v -1.669922 10.330079 -5.0029287
v -1.105469 10.894532 -5.901367
v -1.210938 11.000001 -5.901367
v -1.210938 11.000001 -5.901367
v -1.105469 10.894532 -5.901367
v -1.0 11.000001 -6.0
v -1.0 10.7890625 -5.901367
v -1.669922 11.000001 -5.0029287
v -1.669922 10.330079 -5.0029287
v -1.210938 11.000001 -5.901367
v -1.210937 13.0 -5.901367
v -1.6699209 13.0 -5.0029287
v -1.6699209 11.0 -5.0029287
v -1.210937 11.0 -5.901367
v -1.999999 13.0 -5.0
v -1.999999 11.0 -5.0
v -1.210937 13.0 -5.901367
v -1.210937 11.0 -5.901367
v -0.99999905 11.0 -6.0
v -0.99999905 13.0 -6.0
v -1.0 13.000001 -6.0
v -1.0 14.000001 -6.0
v -1.0625 13.625001 -6.0
v -1.3125 13.937501 -6.0
v -2.0 14.000001 -6.0
v -1.3125 13.937501 -6.0
v -2.0 14.000001 -6.0
v -2.0 13.7890625 -5.901367
v -1.5 13.750001 -5.901367
v -1.0 13.000001 -6.0
v -1.0625 13.625001 -6.0
v -1.25 13.437501 -5.901367
v -1.210938 13.000001 -5.901367
v -1.210938 13.000001 -5.901367
v -1.25 13.437501 -5.901367
v -1.669922 13.000001 -5.0029287
v -1.5 13.750001 -5.901367
v -2.0 13.330079 -5.0029287
v -2.0 13.7890625 -5.901367
v -2.0 13.330079 -5.0029287
v -2.0 13.000001 -5.0
v -1.669922 13.000001 -5.0029287
v 0.0 0.0 -3.999999
v -1.0 0.0 -3.999999
v 0.0 -3.0 -3.999999
v -1.0 -3.0 -3.999999
v -0.669922 0.330079 -4.0029287
v -0.669922 1.000001 -4.0029287
v -1.0 1.000001 -4.0
v -1.0 1.013279E-6 -4.0
v 0.0 0.330079 -4.0029287
v -0.669922 0.330079 -4.0029287
v -1.0 1.013279E-6 -4.0
v 0.0 1.013279E-6 -4.0
v 0.0 0.330079 -4.0029287
v 0.0 0.789063 -4.901367
v -0.669922 0.330079 -4.0029287
v -0.10546899 0.894532 -4.901367
v -0.21093798 1.000001 -4.901367
v -0.21093798 1.000001 -4.901367
v -0.10546899 0.894532 -4.901367
v 0.0 1.000001 -5.0
v 0.0 0.789063 -4.901367
v -0.669922 1.000001 -4.0029287
v -0.669922 0.330079 -4.0029287
v -0.21093798 1.000001 -4.901367
v -0.21093702 6.0 -4.901367
v -0.669921 6.0 -4.0029287
v -0.669921 1.0 -4.0029287
v -0.21093702 1.0 -4.901367
v -0.999999 6.0 -4.0
v -0.999999 1.0 -4.0
v -0.21093702 6.0 -4.901367
v -0.21093702 1.0 -4.901367
v 9.536743E-7 1.0 -5.0
v 9.536743E-7 6.0 -5.0
v 0.0 6.000001 -5.0
v 0.0 7.000001 -5.0
v -0.0625 6.625001 -5.0
v -0.3125 6.937501 -5.0
v -1.0 7.000001 -5.0
v -0.3125 6.937501 -5.0
v -1.0 7.000001 -5.0
v -1.0 6.789063 -4.901367
v -0.5 6.750001 -4.901367
v 0.0 6.000001 -5.0
v -0.0625 6.625001 -5.0
v -0.25 6.437501 -4.901367
v -0.21093798 6.000001 -4.901367
v -0.21093798 6.000001 -4.901367
v -0.25 6.437501 -4.901367
v -0.669922 6.000001 -4.0029287
v -0.5 6.750001 -4.901367
v -1.0 6.330079 -4.0029287
v -1.0 6.789063 -4.901367
v -1.0 6.330079 -4.0029287
v -1.0 6.000001 -4.0
v -0.669922 6.000001 -4.0029287
v -1.0 10.7890625 -5.901367
v -1.0 10.330079 -5.0029287
v 1.0 10.330079 -5.0029287
v 1.0 10.7890625 -5.901367
v -1.0 10.000001 -5.0
v 1.0 10.000001 -5.0
v -1.0 10.7890625 -5.901367
v 1.0 10.7890625 -5.901367
v 1.0 11.000001 -6.0
v -1.0 11.000001 -6.0
v 7.0 14.0 -5.999999
v -1.0 14.0 -5.999999
v 7.0 11.0 -5.999999
v -1.0 11.0 -5.999999
v 0.330078 -4.669921 -4.0029287
v 0.330078 -3.999999 -4.0029287
v 0.0 -3.999999 -4.0
v 0.0 -4.999999 -4.0
v 1.0 -4.669921 -4.0029287
v 0.330078 -4.669921 -4.0029287
v 0.0 -4.999999 -4.0
v 1.0 -4.999999 -4.0
v 1.0 -4.669921 -4.0029287
v 1.0 -4.210937 -4.901367
v 0.330078 -4.669921 -4.0029287
v 0.894531 -4.105468 -4.901367
v 0.789062 -3.999999 -4.901367
v 0.789062 -3.999999 -4.901367
v 0.894531 -4.105468 -4.901367
v 1.0 -3.999999 -5.0
v 1.0 -4.210937 -4.901367
v 0.330078 -3.999999 -4.0029287
v 0.330078 -4.669921 -4.0029287
v 0.789062 -3.999999 -4.901367
v 0.789063 0.0 -4.901367
v 0.33007902 0.0 -4.0029287
v 0.33007902 -4.0 -4.0029287
v 0.789063 -4.0 -4.901367
v 1.013279E-6 0.0 -4.0
v 1.013279E-6 -4.0 -4.0
v 0.789063 0.0 -4.901367
v 0.789063 -4.0 -4.901367
v 1.000001 -4.0 -5.0
v 1.000001 0.0 -5.0
v 1.0 1.013279E-6 -5.0
v 1.0 1.000001 -5.0
v 0.9375 0.625001 -5.0
v 0.6875 0.937501 -5.0
v 0.0 1.000001 -5.0
v 0.6875 0.937501 -5.0
v 0.0 1.000001 -5.0
v 0.0 0.789063 -4.901367
v 0.5 0.750001 -4.901367
v 1.0 1.013279E-6 -5.0
v 0.9375 0.625001 -5.0
v 0.75 0.437501 -4.901367
v 0.789062 1.013279E-6 -4.901367
v 0.789062 1.013279E-6 -4.901367
v 0.75 0.437501 -4.901367
v 0.330078 1.013279E-6 -4.0029287
v 0.5 0.750001 -4.901367
v 0.0 0.33007902 -4.0029287
v 0.0 0.789063 -4.901367
v 0.0 0.33007902 -4.0029287
v 0.0 1.013279E-6 -4.0
v 0.330078 1.013279E-6 -4.0029287
v 3.0 7.0 -4.999999
v 0.0 7.0 -4.999999
v 3.0 1.0 -4.999999
v 0.0 1.0 -4.999999
v 8.0 16.0 -5.999999
v 0.0 16.0 -5.999999
v 8.0 14.0 -5.999999
v 0.0 14.0 -5.999999
v 1.0 -4.210937 -4.901367
v 1.0 -4.669921 -4.0029287
v 3.0 -4.669921 -4.0029287
v 3.0 -4.210937 -4.901367
v 1.0 -4.999999 -4.0
v 3.0 -4.999999 -4.0
v 1.0 -4.210937 -4.901367
v 3.0 -4.210937 -4.901367
v 3.0 -3.999999 -5.0
v 1.0 -3.999999 -5.0
v 8.0 -2.0 -4.999999
v 1.0 -2.0 -4.999999
v 8.0 -4.0 -4.999999
v 1.0 -4.0 -4.999999
v 5.0 1.0 -4.999999
v 1.0 1.0 -4.999999
v 5.0 -2.0 -4.999999
v 1.0 -2.0 -4.999999
v 1.330078 8.330079 -5.0029287
v 1.330078 9.000001 -5.0029287
v 1.0 9.000001 -5.0
v 1.0 8.000001 -5.0
v 2.0 8.330079 -5.0029287
v 1.330078 8.330079 -5.0029287
v 1.0 8.000001 -5.0
v 2.0 8.000001 -5.0
v 2.0 8.330079 -5.0029287
v 2.0 8.7890625 -5.901367
v 1.330078 8.330079 -5.0029287
v 1.894531 8.894532 -5.901367
v 1.789062 9.000001 -5.901367
v 1.789062 9.000001 -5.901367
v 1.894531 8.894532 -5.901367
v 2.0 9.000001 -6.0
v 2.0 8.7890625 -5.901367
v 1.330078 9.000001 -5.0029287
v 1.330078 8.330079 -5.0029287
v 1.789062 9.000001 -5.901367
v 1.789063 10.0 -5.901367
v 1.3300791 10.0 -5.0029287
v 1.3300791 9.0 -5.0029287
v 1.789063 9.0 -5.901367
v 1.000001 10.0 -5.0
v 1.000001 9.0 -5.0
v 1.789063 10.0 -5.901367
v 1.789063 9.0 -5.901367
v 2.000001 9.0 -6.0
v 2.000001 10.0 -6.0
v 2.0 10.000001 -6.0
v 2.0 11.000001 -6.0
v 1.9375 10.625001 -6.0
v 1.6875 10.937501 -6.0
v 1.0 11.000001 -6.0
v 1.6875 10.937501 -6.0
v 1.0 11.000001 -6.0
v 1.0 10.7890625 -5.901367
v 1.5 10.750001 -5.901367
v 2.0 10.000001 -6.0
v 1.9375 10.625001 -6.0
v 1.75 10.437501 -5.901367
v 1.789062 10.000001 -5.901367
v 1.789062 10.000001 -5.901367
v 1.75 10.437501 -5.901367
v 1.330078 10.000001 -5.0029287
v 1.5 10.750001 -5.901367
v 1.0 10.330079 -5.0029287
v 1.0 10.7890625 -5.901367
v 1.0 10.330079 -5.0029287
v 1.0 10.000001 -5.0
v 1.330078 10.000001 -5.0029287
v 2.0 8.7890625 -5.901367
v 2.0 8.330079 -5.0029287
v 3.0 8.330079 -5.0029287
v 3.0 8.7890625 -5.901367
v 2.0 8.000001 -5.0
v 3.0 8.000001 -5.0
v 2.0 8.7890625 -5.901367
v 3.0 8.7890625 -5.901367
v 3.0 9.000001 -6.0
v 2.0 9.000001 -6.0
v 10.0 11.0 -5.999999
v 2.0 11.0 -5.999999
v 10.0 9.0 -5.999999
v 2.0 9.0 -5.999999
v 3.3300781 -9.669921 -4.0029287
v 3.3300781 -8.999999 -4.0029287
v 3.0 -8.999999 -4.0
v 3.0 -9.999999 -4.0
v 4.0 -9.669921 -4.0029287
v 3.3300781 -9.669921 -4.0029287
v 3.0 -9.999999 -4.0
v 4.0 -9.999999 -4.0
v 4.0 -9.669921 -4.0029287
v 4.0 -9.2109375 -4.901367
v 3.3300781 -9.669921 -4.0029287
v 3.894531 -9.105468 -4.901367
v 3.789062 -8.999999 -4.901367
v 3.789062 -8.999999 -4.901367
v 3.894531 -9.105468 -4.901367
v 4.0 -8.999999 -5.0
v 4.0 -9.2109375 -4.901367
v 3.3300781 -8.999999 -4.0029287
v 3.3300781 -9.669921 -4.0029287
v 3.789062 -8.999999 -4.901367
v 3.789063 -5.0 -4.901367
v 3.330079 -5.0 -4.0029287
v 3.330079 -9.0 -4.0029287
v 3.789063 -9.0 -4.901367
v 3.000001 -5.0 -4.0
v 3.000001 -9.0 -4.0
v 3.789063 -5.0 -4.901367
v 3.789063 -9.0 -4.901367
v 4.000001 -9.0 -5.0
v 4.000001 -5.0 -5.0
v 4.0 -4.999999 -5.0
v 4.0 -3.999999 -5.0
v 3.9375 -4.374999 -5.0
v 3.6875 -4.062499 -5.0
v 3.0 -3.999999 -5.0
v 3.6875 -4.062499 -5.0
v 3.0 -3.999999 -5.0
v 3.0 -4.210937 -4.901367
v 3.5 -4.249999 -4.901367
v 4.0 -4.999999 -5.0
v 3.9375 -4.374999 -5.0
v 3.75 -4.562499 -4.901367
v 3.789062 -4.999999 -4.901367
v 3.789062 -4.999999 -4.901367
v 3.75 -4.562499 -4.901367
v 3.3300781 -4.999999 -4.0029287
v 3.5 -4.249999 -4.901367
v 3.0 -4.669921 -4.0029287
v 3.0 -4.210937 -4.901367
v 3.0 -4.669921 -4.0029287
v 3.0 -4.999999 -4.0
v 3.3300781 -4.999999 -4.0029287
v 5.0 3.0 -4.999999
v 3.0 3.0 -4.999999
v 5.0 1.0 -4.999999
v 3.0 1.0 -4.999999
v 3.3300781 3.330079 -5.0029287
v 3.3300781 4.000001 -5.0029287
v 3.0 4.000001 -5.0
v 3.0 3.000001 -5.0
v 4.0 3.330079 -5.0029287
v 3.3300781 3.330079 -5.0029287
v 3.0 3.000001 -5.0
v 4.0 3.000001 -5.0
v 4.0 3.330079 -5.0029287
v 4.0 3.789063 -5.901367
v 3.3300781 3.330079 -5.0029287
v 3.894531 3.894532 -5.901367
v 3.789062 4.000001 -5.901367
v 3.789062 4.000001 -5.901367
v 3.894531 3.894532 -5.901367
v 4.0 4.000001 -6.0
v 4.0 3.789063 -5.901367
v 3.3300781 4.000001 -5.0029287
v 3.3300781 3.330079 -5.0029287
v 3.789062 4.000001 -5.901367
v 3.789063 8.0 -5.901367
v 3.330079 8.0 -5.0029287
v 3.330079 4.0 -5.0029287
v 3.789063 4.0 -5.901367
v 3.000001 8.0 -5.0
v 3.000001 4.0 -5.0
v 3.789063 8.0 -5.901367
v 3.789063 4.0 -5.901367
v 4.000001 4.0 -6.0
v 4.000001 8.0 -6.0
v 4.0 8.000001 -6.0
v 4.0 9.000001 -6.0
v 3.9375 8.625001 -6.0
v 3.6875 8.937501 -6.0
v 3.0 9.000001 -6.0
v 3.6875 8.937501 -6.0
v 3.0 9.000001 -6.0
v 3.0 8.7890625 -5.901367
v 3.5 8.750001 -5.901367
v 4.0 8.000001 -6.0
v 3.9375 8.625001 -6.0
v 3.75 8.437501 -5.901367
v 3.789062 8.000001 -5.901367
v 3.789062 8.000001 -5.901367
v 3.75 8.437501 -5.901367
v 3.3300781 8.000001 -5.0029287
v 3.5 8.750001 -5.901367
v 3.0 8.330079 -5.0029287
v 3.0 8.7890625 -5.901367
v 3.0 8.330079 -5.0029287
v 3.0 8.000001 -5.0
v 3.3300781 8.000001 -5.0029287
v 4.789063 -10.0 -4.901367
v 4.330079 -10.0 -4.0029287
v 4.330079 -16.0 -4.0029287
v 4.789063 -16.0 -4.901367
v 4.000001 -10.0 -4.0
v 4.000001 -16.0 -4.0
v 4.789063 -10.0 -4.901367
v 4.789063 -16.0 -4.901367
v 5.000001 -16.0 -5.0
v 5.000001 -10.0 -5.0
v 5.0 -9.999999 -5.0
v 5.0 -8.999999 -5.0
v 4.9375 -9.374999 -5.0
v 4.6875 -9.062499 -5.0
v 4.0 -8.999999 -5.0
v 4.6875 -9.062499 -5.0
v 4.0 -8.999999 -5.0
v 4.0 -9.2109375 -4.901367
v 4.5 -9.249999 -4.901367
v 5.0 -9.999999 -5.0
v 4.9375 -9.374999 -5.0
v 4.75 -9.562499 -4.901367
v 4.789062 -9.999999 -4.901367
v 4.789062 -9.999999 -4.901367
v 4.75 -9.562499 -4.901367
v 4.330078 -9.999999 -4.0029287
v 4.5 -9.249999 -4.901367
v 4.0 -9.669921 -4.0029287
v 4.0 -9.2109375 -4.901367
v 4.0 -9.669921 -4.0029287
v 4.0 -9.999999 -4.0
v 4.330078 -9.999999 -4.0029287
v 8.0 -4.0 -4.999999
v 4.0 -4.0 -4.999999
v 8.0 -9.0 -4.999999
v 4.0 -9.0 -4.999999
v 4.0 3.789063 -5.901367
v 4.0 3.330079 -5.0029287
v 5.0 3.330079 -5.0029287
v 5.0 3.789063 -5.901367
v 4.0 3.000001 -5.0
v 5.0 3.000001 -5.0
v 4.0 3.789063 -5.901367
v 5.0 3.789063 -5.901367
v 5.0 4.000001 -6.0
v 4.0 4.000001 -6.0
v 12.0 9.0 -5.999999
v 4.0 9.0 -5.999999
v 12.0 4.0 -5.999999
v 4.0 4.0 -5.999999
v 13.0 -12.0 -4.999999
v 5.0 -12.0 -4.999999
v 13.0 -16.0 -4.999999
v 5.0 -16.0 -4.999999
v 9.0 -9.0 -4.999999
v 5.0 -9.0 -4.999999
v 9.0 -12.0 -4.999999
v 5.0 -12.0 -4.999999
v 5.330078 -1.669921 -5.0029287
v 5.330078 -0.99999905 -5.0029287
v 5.0 -0.99999905 -5.0
v 5.0 -1.999999 -5.0
v 6.0 -1.669921 -5.0029287
v 5.330078 -1.669921 -5.0029287
v 5.0 -1.999999 -5.0
v 6.0 -1.999999 -5.0
v 6.0 -1.669921 -5.0029287
v 6.0 -1.210937 -5.901367
v 5.330078 -1.669921 -5.0029287
v 5.8945312 -1.105468 -5.901367
v 5.789062 -0.99999905 -5.901367
v 5.789062 -0.99999905 -5.901367
v 5.8945312 -1.105468 -5.901367
v 6.0 -0.99999905 -6.0
v 6.0 -1.210937 -5.901367
v 5.330078 -0.99999905 -5.0029287
v 5.330078 -1.669921 -5.0029287
v 5.789062 -0.99999905 -5.901367
v 5.789063 3.0 -5.901367
v 5.330079 3.0 -5.0029287
v 5.330079 -1.0 -5.0029287
v 5.789063 -1.0 -5.901367
v 5.000001 3.0 -5.0
v 5.000001 -1.0 -5.0
v 5.789063 3.0 -5.901367
v 5.789063 -1.0 -5.901367
v 6.000001 -1.0 -6.0
v 6.000001 3.0 -6.0
v 6.0 3.000001 -6.0
v 6.0 4.000001 -6.0
v 5.9375 3.625001 -6.0
v 5.6875 3.937501 -6.0
v 5.0 4.000001 -6.0
v 5.6875 3.937501 -6.0
v 5.0 4.000001 -6.0
v 5.0 3.789063 -5.901367
v 5.5 3.750001 -5.901367
v 6.0 3.000001 -6.0
v 5.9375 3.625001 -6.0
v 5.75 3.437501 -5.901367
v 5.789062 3.000001 -5.901367
v 5.789062 3.000001 -5.901367
v 5.75 3.437501 -5.901367
v 5.330078 3.000001 -5.0029287
v 5.5 3.750001 -5.901367
v 5.0 3.330079 -5.0029287
v 5.0 3.789063 -5.901367
v 5.0 3.330079 -5.0029287
v 5.0 3.000001 -5.0
v 5.330078 3.000001 -5.0029287
v 6.0 -1.210937 -5.901367
v 6.0 -1.6699209 -5.0029287
v 8.0 -1.6699209 -5.0029287
v 8.0 -1.210937 -5.901367
v 6.0 -1.999999 -5.0
v 8.0 -1.999999 -5.0
v 6.0 -1.210937 -5.901367
v 8.0 -1.210937 -5.901367
v 8.0 -0.99999905 -6.0
v 6.0 -0.99999905 -6.0
v 14.0 4.0 -5.999999
v 6.0 4.0 -5.999999
v 14.0 -1.0 -5.999999
v 6.0 -1.0 -5.999999
v 15.0 14.0 -5.999999
v 7.0 14.0 -5.999999
v 15.0 11.0 -5.999999
v 7.0 11.0 -5.999999
v 9.0 -7.0 -4.999999
v 8.0 -7.0 -4.999999
v 9.0 -9.0 -4.999999
v 8.0 -9.0 -4.999999
v 8.330078 -6.669921 -5.0029287
v 8.330078 -5.999999 -5.0029287
v 8.0 -5.999999 -5.0
v 8.0 -6.999999 -5.0
v 9.0 -6.669921 -5.0029287
v 8.330078 -6.669921 -5.0029287
v 8.0 -6.999999 -5.0
v 9.0 -6.999999 -5.0
v 9.0 -6.669921 -5.0029287
v 9.0 -6.210937 -5.901367
v 8.330078 -6.669921 -5.0029287
v 8.894531 -6.105468 -5.901367
v 8.7890625 -5.999999 -5.901367
v 8.7890625 -5.999999 -5.901367
v 8.894531 -6.105468 -5.901367
v 9.0 -5.999999 -6.0
v 9.0 -6.210937 -5.901367
v 8.330078 -5.999999 -5.0029287
v 8.330078 -6.669921 -5.0029287
v 8.7890625 -5.999999 -5.901367
v 8.7890625 -2.0 -5.901367
v 8.330079 -2.0 -5.0029287
v 8.330079 -6.0 -5.0029287
v 8.7890625 -6.0 -5.901367
v 8.000001 -2.0 -5.0
v 8.000001 -6.0 -5.0
v 8.7890625 -2.0 -5.901367
v 8.7890625 -6.0 -5.901367
v 9.000001 -6.0 -6.0
v 9.000001 -2.0 -6.0
v 9.0 -1.999999 -6.0
v 9.0 -0.99999905 -6.0
v 8.9375 -1.374999 -6.0
v 8.6875 -1.062499 -6.0
v 8.0 -0.99999905 -6.0
v 8.6875 -1.062499 -6.0
v 8.0 -0.99999905 -6.0
v 8.0 -1.210937 -5.901367
v 8.5 -1.249999 -5.901367
v 9.0 -1.999999 -6.0
v 8.9375 -1.374999 -6.0
v 8.75 -1.562499 -5.901367
v 8.7890625 -1.999999 -5.901367
v 8.7890625 -1.999999 -5.901367
v 8.75 -1.562499 -5.901367
v 8.330078 -1.999999 -5.0029287
v 8.5 -1.249999 -5.901367
v 8.0 -1.6699209 -5.0029287
v 8.0 -1.210937 -5.901367
v 8.0 -1.6699209 -5.0029287
v 8.0 -1.999999 -5.0
v 8.330078 -1.999999 -5.0029287
v 16.0 16.0 -5.999999
v 8.0 16.0 -5.999999
v 16.0 14.0 -5.999999
v 8.0 14.0 -5.999999
v 9.330078 -11.669921 -5.0029287
v 9.330078 -10.999999 -5.0029287
v 9.0 -10.999999 -5.0
v 9.0 -11.999999 -5.0
v 10.0 -11.669921 -5.0029287
v 9.330078 -11.669921 -5.0029287
v 9.0 -11.999999 -5.0
v 10.0 -11.999999 -5.0
v 10.0 -11.669921 -5.0029287
v 10.0 -11.2109375 -5.901367
v 9.330078 -11.669921 -5.0029287
v 9.894531 -11.105468 -5.901367
v 9.7890625 -10.999999 -5.901367
v 9.7890625 -10.999999 -5.901367
v 9.894531 -11.105468 -5.901367
v 10.0 -10.999999 -6.0
v 10.0 -11.2109375 -5.901367
v 9.330078 -10.999999 -5.0029287
v 9.330078 -11.669921 -5.0029287
v 9.7890625 -10.999999 -5.901367
v 9.7890625 -7.0 -5.901367
v 9.330079 -7.0 -5.0029287
v 9.330079 -11.0 -5.0029287
v 9.7890625 -11.0 -5.901367
v 9.000001 -7.0 -5.0
v 9.000001 -11.0 -5.0
v 9.7890625 -7.0 -5.901367
v 9.7890625 -11.0 -5.901367
v 10.000001 -11.0 -6.0
v 10.000001 -7.0 -6.0
v 10.0 -6.999999 -6.0
v 10.0 -5.999999 -6.0
v 9.9375 -6.374999 -6.0
v 9.6875 -6.062499 -6.0
v 9.0 -5.999999 -6.0
v 9.6875 -6.062499 -6.0
v 9.0 -5.999999 -6.0
v 9.0 -6.210937 -5.901367
v 9.5 -6.249999 -5.901367
v 10.0 -6.999999 -6.0
v 9.9375 -6.374999 -6.0
v 9.75 -6.562499 -5.901367
v 9.7890625 -6.999999 -5.901367
v 9.7890625 -6.999999 -5.901367
v 9.75 -6.562499 -5.901367
v 9.330078 -6.999999 -5.0029287
v 9.5 -6.249999 -5.901367
v 9.0 -6.669921 -5.0029287
v 9.0 -6.210937 -5.901367
v 9.0 -6.669921 -5.0029287
v 9.0 -6.999999 -5.0
v 9.330078 -6.999999 -5.0029287
v 13.0 -1.0 -5.999999
v 9.0 -1.0 -5.999999
v 13.0 -6.0 -5.999999
v 9.0 -6.0 -5.999999
v 10.0 -11.2109375 -5.901367
v 10.0 -11.669921 -5.0029287
v 13.0 -11.669921 -5.0029287
v 13.0 -11.2109375 -5.901367
v 10.0 -11.999999 -5.0
v 13.0 -11.999999 -5.0
v 10.0 -11.2109375 -5.901367
v 13.0 -11.2109375 -5.901367
v 13.0 -10.999999 -6.0
v 10.0 -10.999999 -6.0
v 13.0 -6.0 -5.999999
v 10.0 -6.0 -5.999999
v 13.0 -11.0 -5.999999
v 10.0 -11.0 -5.999999
v 16.0 11.0 -5.999999
v 10.0 11.0 -5.999999
v 16.0 9.0 -5.999999
v 10.0 9.0 -5.999999
v 15.0 9.0 -5.999999
v 12.0 9.0 -5.999999
v 15.0 4.0 -5.999999
v 12.0 4.0 -5.999999
v 16.0 -12.0 -4.999999
v 13.0 -12.0 -4.999999
v 16.0 -16.0 -4.999999
v 13.0 -16.0 -4.999999
v 13.669921 -11.669922 -5.0029287
v 12.999999 -11.669922 -5.0029287
v 12.999999 -12.0 -5.0
v 13.999999 -12.0 -5.0
v 13.669921 -11.0 -5.0029287
v 13.669921 -11.669922 -5.0029287
v 13.999999 -12.0 -5.0
v 13.999999 -11.0 -5.0
v 13.669921 -11.0 -5.0029287
v 13.2109375 -11.0 -5.901367
v 13.669921 -11.669922 -5.0029287
v 13.105468 -11.105469 -5.901367
v 12.999999 -11.2109375 -5.901367
v 12.999999 -11.2109375 -5.901367
v 13.105468 -11.105469 -5.901367
v 12.999999 -11.0 -6.0
v 13.2109375 -11.0 -5.901367
v 12.999999 -11.669922 -5.0029287
v 13.669921 -11.669922 -5.0029287
v 12.999999 -11.2109375 -5.901367
v 13.2109375 -11.0 -5.901367
v 13.669921 -11.0 -5.0029287
v 13.669921 -5.0 -5.0029287
v 13.2109375 -5.0 -5.901367
v 13.999999 -11.0 -5.0
v 13.999999 -5.0 -5.0
v 13.2109375 -11.0 -5.901367
v 13.2109375 -5.0 -5.901367
v 12.999999 -5.0 -6.0
v 12.999999 -11.0 -6.0
v 13.999999 -4.0 -6.0
v 12.999999 -4.0 -6.0
v 13.374999 -4.0625 -6.0
v 13.062499 -4.3125 -6.0
v 12.999999 -5.0 -6.0
v 13.062499 -4.3125 -6.0
v 12.999999 -5.0 -6.0
v 13.210937 -5.0 -5.901367
v 13.249999 -4.5 -5.901367
v 13.999999 -4.0 -6.0
v 13.374999 -4.0625 -6.0
v 13.562499 -4.25 -5.901367
v 13.999999 -4.210938 -5.901367
v 13.999999 -4.210938 -5.901367
v 13.562499 -4.25 -5.901367
v 13.999999 -4.669922 -5.0029287
v 13.249999 -4.5 -5.901367
v 13.669921 -5.0 -5.0029287
v 13.210937 -5.0 -5.901367
v 13.669921 -5.0 -5.0029287
v 13.999999 -5.0 -5.0
v 13.999999 -4.669922 -5.0029287
v 14.0 -1.0 -5.999999
v 13.0 -1.0 -5.999999
v 14.0 -4.0 -5.999999
v 13.0 -4.0 -5.999999
v 16.0 -5.0 -4.999999
v 14.0 -5.0 -4.999999
v 16.0 -12.0 -4.999999
v 14.0 -12.0 -4.999999
v 14.669921 -4.669922 -5.0029287
v 13.999999 -4.669922 -5.0029287
v 13.999999 -5.0 -5.0
v 14.999999 -5.0 -5.0
v 14.669921 -4.0 -5.0029287
v 14.669921 -4.669922 -5.0029287
v 14.999999 -5.0 -5.0
v 14.999999 -4.0 -5.0
v 14.669921 -4.0 -5.0029287
v 14.2109375 -4.0 -5.901367
v 14.669921 -4.669922 -5.0029287
v 14.105468 -4.1054688 -5.901367
v 13.999999 -4.210938 -5.901367
v 13.999999 -4.210938 -5.901367
v 14.105468 -4.1054688 -5.901367
v 13.999999 -4.0 -6.0
v 14.2109375 -4.0 -5.901367
v 13.999999 -4.669922 -5.0029287
v 14.669921 -4.669922 -5.0029287
v 13.999999 -4.210938 -5.901367
v 14.2109375 -4.0 -5.901367
v 14.669921 -4.0 -5.0029287
v 14.669921 2.0 -5.0029287
v 14.2109375 2.0 -5.901367
v 14.999999 -4.0 -5.0
v 14.999999 2.0 -5.0
v 14.2109375 -4.0 -5.901367
v 14.2109375 2.0 -5.901367
v 13.999999 2.0 -6.0
v 13.999999 -4.0 -6.0
v 14.999999 3.0 -6.0
v 13.999999 3.0 -6.0
v 14.374999 2.9375 -6.0
v 14.062499 2.6875 -6.0
v 13.999999 2.0 -6.0
v 14.062499 2.6875 -6.0
v 13.999999 2.0 -6.0
v 14.210937 2.0 -5.901367
v 14.249999 2.5 -5.901367
v 14.999999 3.0 -6.0
v 14.374999 2.9375 -6.0
v 14.562499 2.75 -5.901367
v 14.999999 2.789062 -5.901367
v 14.999999 2.789062 -5.901367
v 14.562499 2.75 -5.901367
v 14.999999 2.3300781 -5.0029287
v 14.249999 2.5 -5.901367
v 14.669921 2.0 -5.0029287
v 14.210937 2.0 -5.901367
v 14.669921 2.0 -5.0029287
v 14.999999 2.0 -5.0
v 14.999999 2.3300781 -5.0029287
v 15.0 4.0 -5.999999
v 14.0 4.0 -5.999999
v 15.0 3.0 -5.999999
v 14.0 3.0 -5.999999
v 16.0 2.0 -4.999999
v 15.0 2.0 -4.999999
v 16.0 -5.0 -4.999999
v 15.0 -5.0 -4.999999
v 15.669921 2.3300781 -5.0029287
v 14.999999 2.3300781 -5.0029287
v 14.999999 2.0 -5.0
v 15.999999 2.0 -5.0
v 15.669921 3.0 -5.0029287
v 15.669921 2.3300781 -5.0029287
v 15.999999 2.0 -5.0
v 15.999999 3.0 -5.0
v 15.669921 3.0 -5.0029287
v 15.2109375 3.0 -5.901367
v 15.669921 2.3300781 -5.0029287
v 15.105468 2.894531 -5.901367
v 14.999999 2.789062 -5.901367
v 14.999999 2.789062 -5.901367
v 15.105468 2.894531 -5.901367
v 14.999999 3.0 -6.0
v 15.2109375 3.0 -5.901367
v 14.999999 2.3300781 -5.0029287
v 15.669921 2.3300781 -5.0029287
v 14.999999 2.789062 -5.901367
v 15.2109375 3.0 -5.901367
v 15.669921 3.0 -5.0029287
v 15.669921 7.0 -5.0029287
v 15.2109375 7.0 -5.901367
v 15.999999 3.0 -5.0
v 15.999999 7.0 -5.0
v 15.2109375 3.0 -5.901367
v 15.2109375 7.0 -5.901367
v 14.999999 7.0 -6.0
v 14.999999 3.0 -6.0
v 15.999999 8.0 -6.0
v 14.999999 8.0 -6.0
v 15.374999 7.9375 -6.0
v 15.062499 7.6875 -6.0
v 14.999999 7.0 -6.0
v 15.062499 7.6875 -6.0
v 14.999999 7.0 -6.0
v 15.210937 7.0 -5.901367
v 15.249999 7.5 -5.901367
v 15.999999 8.0 -6.0
v 15.374999 7.9375 -6.0
v 15.562499 7.75 -5.901367
v 15.999999 7.789062 -5.901367
v 15.999999 7.789062 -5.901367
v 15.562499 7.75 -5.901367
v 15.999999 7.330078 -5.0029287
v 15.249999 7.5 -5.901367
v 15.669921 7.0 -5.0029287
v 15.210937 7.0 -5.901367
v 15.669921 7.0 -5.0029287
v 15.999999 7.0 -5.0
v 15.999999 7.330078 -5.0029287
v 16.0 9.0 -5.999999
v 15.0 9.0 -5.999999
v 16.0 8.0 -5.999999
v 15.0 8.0 -5.999999
v 16.0 14.0 -5.999999
v 15.0 14.0 -5.999999
v 16.0 11.0 -5.999999
v 15.0 11.0 -5.999999
v -8.0 -6.000008 -0.6875
v -8.0 2.0000076 -0.687499
v -16.0 2.0000076 -0.687499
v -16.0 -6.000008 -0.6875
v -8.0 1.9999919 -0.6875
v -8.0 10.000008 -0.687499
v -16.0 10.000008 -0.687499
v -16.0 1.9999919 -0.6875
v -8.0 9.999994 -0.6875
v -8.0 16.000006 -0.687499
v -16.0 16.000006 -0.687499
v -16.0 9.999994 -0.6875
v -6.0 -16.000008 -0.6875
v -6.0 -7.9999924 -0.687499
v -14.0 -7.9999924 -0.687499
v -14.0 -16.000008 -0.6875
v -6.0 -8.000002 -0.6875
v -6.0 -5.999998 -0.687499
v -14.0 -5.999998 -0.687499
v -14.0 -8.000002 -0.6875
v 0.0 -6.000008 -0.6875
v 0.0 2.0000076 -0.687499
v -8.0 2.0000076 -0.687499
v -8.0 -6.000008 -0.6875
v 0.0 1.9999919 -0.6875
v 0.0 10.000008 -0.687499
v -8.0 10.000008 -0.687499
v -8.0 1.9999919 -0.6875
v 0.0 9.999994 -0.6875
v 0.0 16.000006 -0.687499
v -8.0 16.000006 -0.687499
v -8.0 9.999994 -0.6875
v 2.0 -16.000008 -0.6875
v 2.0 -7.9999924 -0.687499
v -6.0 -7.9999924 -0.687499
v -6.0 -16.000008 -0.6875
v 2.0 -8.000002 -0.6875
v 2.0 -5.999998 -0.687499
v -6.0 -5.999998 -0.687499
v -6.0 -8.000002 -0.6875
v 8.0 -6.000008 -0.6875
v 8.0 2.0000076 -0.687499
v 0.0 2.0000076 -0.687499
v 0.0 -6.000008 -0.6875
v 8.0 1.9999919 -0.6875
v 8.0 10.000008 -0.687499
v 0.0 10.000008 -0.687499
v 0.0 1.9999919 -0.6875
v 8.0 9.999994 -0.6875
v 8.0 16.000006 -0.687499
v 0.0 16.000006 -0.687499
v 0.0 9.999994 -0.6875
v 10.0 -16.000008 -0.6875
v 10.0 -7.9999924 -0.687499
v 2.0 -7.9999924 -0.687499
v 2.0 -16.000008 -0.6875
v 10.0 -8.000002 -0.6875
v 10.0 -5.999998 -0.687499
v 2.0 -5.999998 -0.687499
v 2.0 -8.000002 -0.6875
v 16.0 -6.000008 -0.6875
v 16.0 2.0000076 -0.687499
v 8.0 2.0000076 -0.687499
v 8.0 -6.000008 -0.6875
v 16.0 1.9999919 -0.6875
v 16.0 10.000008 -0.687499
v 8.0 10.000008 -0.687499
v 8.0 1.9999919 -0.6875
v 16.0 9.999994 -0.6875
v 16.0 16.000006 -0.687499
v 8.0 16.000006 -0.687499
v 8.0 9.999994 -0.6875
v 16.0 -16.000008 -0.6875
v 16.0 -7.9999924 -0.687499
v 10.0 -7.9999924 -0.687499
v 10.0 -16.000008 -0.6875
v 16.0 -8.000002 -0.6875
v 16.0 -5.999998 -0.687499
v 10.0 -5.999998 -0.687499
v 10.0 -8.000002 -0.6875
vt 0.0 8.0
vt 0.0 0.0
vt 2.0 0.0
vt 2.0 8.0
vt 0.0 2.0
vt 0.0 0.0
vt 2.0 0.0
vt 2.0 2.0
vt 0.0 0.0
vt 0.0 -1.0
vt 2.0 -1.0
vt 2.0 0.0
vt 0.0 -1.0
vt 2.0 -1.0
vt 2.0 0.03125
vt 0.0 0.03125
vt 0.0 1.0
vt 2.0 1.0
vt 2.0 0.65625
vt 2.0 0.875
vt 0.0 0.875
vt 0.0 0.65625
vt 2.0 -0.125
vt 2.0 0.0
vt 0.0 0.0
vt 0.0 -0.125
vt 0.0 0.0
vt 0.0 -1.0
vt 8.0 -1.0
vt 8.0 0.0
vt 0.0 -1.0
vt 8.0 -1.0
vt 8.0 0.03125
vt 0.0 0.03125
vt 0.0 1.0
vt 8.0 1.0
vt 8.0 0.65625
vt 8.0 0.875
vt 0.0 0.875
vt 0.0 0.65625
vt 8.0 -0.125
vt 8.0 0.0
vt 0.0 0.0
vt 0.0 -0.125
vt 0.0 0.0
vt 0.0 -1.0
vt 2.0 -1.0
vt 2.0 0.0
vt 0.0 -1.0
vt 2.0 -1.0
vt 2.0 0.03125
vt 0.0 0.03125
vt 0.0 1.0
vt 2.0 1.0
vt 2.0 0.65625
vt 2.0 0.875
vt 0.0 0.875
vt 0.0 0.65625
vt 2.0 -0.125
vt 2.0 0.0
vt 0.0 0.0
vt 0.0 -0.125
vt -1.5 -1.0
vt -1.5 -1.0
vt 0.5 -1.0
vt 0.5 -1.0
vt -0.5 0.0
vt -1.5 -1.0
vt 0.5 -1.0
vt 0.5 -1.0
vt -1.5 -1.0
vt -1.5 -1.0
vt -0.5 1.0
vt 1.0 1.0
vt 2.0 0.03125
vt -0.5 0.03125
vt 0.0 1.0
vt 1.5 1.0
vt 1.5 0.03125
vt -1.0 0.03125
vt 1.0 -0.34375
vt 2.0 -0.375
vt 1.0 -0.125
vt 3.0 -0.125
vt 3.0 0.0
vt 1.0 0.0
vt 1.0 -0.125
vt 3.0 -0.125
vt 3.0 -0.125
vt 2.0 -0.375
vt 3.0 -0.34375
vt 0.0 0.0
vt 0.0 -1.0
vt 8.0 -1.0
vt 8.0 0.0
vt 0.0 -6.0E-5
vt 0.0 -1.0
vt 8.000424 -1.0
vt 8.000024 -6.0E-5
vt 0.0 0.0
vt 0.5 -1.0
vt 1.0 0.0
vt 0.0 -1.0
vt 1.0 -1.0
vt 0.500579 -8.2E-5
vt 0.0 -0.999918
vt 1.0 -0.999918
vt 0.542969 -0.62793
vt 0.189453 -0.62793
vt 0.34375 -0.1875
vt 0.542969 -0.1875
vt 0.042969 -0.62793
vt 0.144531 -0.977539
vt -0.019531 -0.977539
vt 0.895508 -0.62793
vt 0.94043 -0.977539
vt 1.105469 -0.977539
vt 1.106445 -0.457031
vt 0.94043 -0.977539
vt 0.542969 -0.977539
vt 0.895508 -0.62793
vt 0.261719 -0.1875
vt 0.741211 -0.1875
vt 0.34375 -0.1875
vt 0.144531 -0.977539
vt 0.542969 -0.977539
vt 0.722656 -0.442383
vt 0.542969 0.0
vt 1.000977 -0.420898
vt 0.99707 -0.575195
vt 0.685547 -0.015625
vt 0.321289 -0.06543
vt 0.420898 -0.204102
vt 1.004883 -0.558594
vt 0.879883 -0.181641
vt 1.0 -0.990234
vt 0.5 0.570312
vt 0.0 -0.990234
vt 1.0 -0.990234
vt 0.0 -0.990234
vt 1.0 -0.990234
vt 0.0 -0.990234
vt 1.0 -0.990234
vt 0.0 -0.990234
vt 1.0 -0.990234
vt 0.0 -0.990234
vt 1.0 -0.990234
vt 0.0 -0.990234
vt 1.0 -0.990234
vt 0.0 -0.990234
vt 1.0 -0.990234
vt 0.0 -0.990234
vt 1.0 -0.990234
vt 0.0 -0.990234
vt 1.0 -0.990234
vt 0.0 -0.990234
vt 1.0 -0.990234
vt 0.0 -0.990234
vt 1.0 -0.990234
vt 0.0 -0.990234
vt 2.0 0.0
vt 0.0 0.0
vt 0.0 -2.0
vt 2.0 -2.0
vt 2.0 0.0
vt 0.0 0.0
vt 0.0 -2.0
vt 2.0 -2.0
vt 2.0 0.0
vt 0.0 0.0
vt 0.0 -2.0
vt 2.0 -2.0
vt 1.0 0.0
vt 0.0 0.0
vt 0.0 -1.0
vt 1.0 -1.0
vt 1.0 0.0
vt 0.0 0.0
vt 0.0 -1.0
vt 1.0 -1.0
vt 1.0 0.0
vt 0.0 0.0
vt 0.0 -1.0
vt 1.0 -1.0
vt 1.0 0.0
vt 0.0 0.0
vt 0.0 -1.0
vt 1.0 -1.0
vt 1.0 0.0
vt 0.0 0.0
vt 0.0 -1.0
vt 1.0 -1.0
vt 1.0 0.0
vt 0.0 0.0
vt 0.0 -1.0
vt 1.0 -1.0
vt 1.0 0.0
vt 0.0 0.0
vt 0.0 -4.0
vt 1.0 -4.0
vt 1.0 0.0
vt 0.0 0.0
vt 0.0 -4.0
vt 1.0 -4.0
vt 1.0 0.0
vt 0.0 0.0
vt 0.0 -4.0
vt 1.0 -4.0
vt 1.0 0.0
vt 0.0 0.0
vt 0.0 -2.0
vt 1.0 -2.0
vt 1.0 0.0
vt 0.0 0.0
vt 0.0 -2.0
vt 1.0 -2.0
vt 1.0 0.0
vt 0.0 0.0
vt 0.0 -2.0
vt 1.0 -2.0
vt 2.0 0.0
vt 0.0 0.0
vt 0.0 -1.0
vt 2.0 -1.0
vt 2.0 0.0
vt 0.0 0.0
vt 0.0 -1.0
vt 2.0 -1.0
vt 2.0 0.0
vt 0.0 0.0
vt 0.0 -1.0
vt 2.0 -1.0
vt 2.0 0.0
vt 0.0 0.0
vt 0.0 -1.0
vt 2.0 -1.0
vt 2.0 0.0
vt 0.0 0.0
vt 0.0 -1.0
vt 2.0 -1.0
vt 2.0 0.0
vt 0.0 0.0
vt 0.0 -1.0
vt 2.0 -1.0
vt 1.0 0.0
vt 0.0 0.0
vt 0.0 -2.0
vt 1.0 -2.0
vt 1.0 0.0
vt 0.0 0.0
vt 0.0 -2.0
vt 1.0 -2.0
vt 1.0 0.0
vt 0.0 0.0
vt 0.0 -2.0
vt 1.0 -2.0
vt 1.0 0.0
vt 0.0 0.0
vt 0.0 -1.0
vt 1.0 -1.0
vt 1.0 0.0
vt 0.0 0.0
vt 0.0 -1.0
vt 1.0 -1.0
vt 1.0 0.0
vt 0.0 0.0
vt 0.0 -1.0
vt 1.0 -1.0
vt 2.0 0.0
vt 0.0 0.0
vt 0.0 -1.0
vt 2.0 -1.0
vt 2.0 0.0
vt 0.0 0.0
vt 0.0 -1.0
vt 2.0 -1.0
vt 2.0 0.0
vt 0.0 0.0
vt 0.0 -1.0
vt 2.0 -1.0
vt 1.0 0.0
vt 0.0 0.0
vt 0.0 -1.0
vt 1.0 -1.0
vt 1.0 0.0
vt 0.0 0.0
vt 0.0 -1.0
vt 1.0 -1.0
vt 1.0 0.0
vt 0.0 0.0
vt 0.0 -1.0
vt 1.0 -1.0
vt 1.0 0.0
vt 0.0 0.0
vt 0.0 -3.0
vt 1.0 -3.0
vt 1.0 0.0
vt 0.0 0.0
vt 0.0 -3.0
vt 1.0 -3.0
vt 1.0 0.0
vt 0.0 0.0
vt 0.0 -3.0
vt 1.0 -3.0
vt 1.0 0.0
vt 0.0 0.0
vt 0.0 -1.0
vt 1.0 -1.0
vt 1.0 0.0
vt 0.0 0.0
vt 0.0 -1.0
vt 1.0 -1.0
vt 1.0 0.0
vt 0.0 0.0
vt 0.0 -1.0
vt 1.0 -1.0
vt 2.0 0.0
vt 0.0 0.0
vt 0.0 -1.0
vt 2.0 -1.0
vt 2.0 0.0
vt 0.0 0.0
vt 0.0 -1.0
vt 2.0 -1.0
vt 2.0 0.0
vt 0.0 0.0
vt 0.0 -1.0
vt 2.0 -1.0
vt 1.0 0.0
vt 0.0 0.0
vt 0.0 -1.0
vt 1.0 -1.0
vt 1.0 0.0
vt 0.0 0.0
vt 0.0 -1.0
vt 1.0 -1.0
vt 1.0 0.0
vt 0.0 0.0
vt 0.0 -1.0
vt 1.0 -1.0
vt 0.542969 -0.62793
vt 0.189453 -0.62793
vt 0.34375 -0.1875
vt 0.542969 -0.1875
vt 0.042969 -0.62793
vt 0.144531 -0.977539
vt -0.019531 -0.977539
vt 0.895508 -0.62793
vt 0.94043 -0.977539
vt 1.105469 -0.977539
vt 1.106445 -0.457031
vt 0.94043 -0.977539
vt 0.542969 -0.977539
vt 0.895508 -0.62793
vt 0.261719 -0.1875
vt 0.741211 -0.1875
vt 0.34375 -0.1875
vt 0.144531 -0.977539
vt 0.542969 -0.977539
vt 0.722656 -0.442383
vt 0.542969 0.0
vt 1.000977 -0.420898
vt 0.99707 -0.575195
vt 0.685547 -0.015625
vt 0.321289 -0.06543
vt 0.420898 -0.204102
vt 1.004883 -0.558594
vt 0.879883 -0.181641
vt 1.0 -0.990234
vt 0.5 0.570312
vt 0.0 -0.990234
vt 1.0 -0.990234
vt 0.0 -0.990234
vt 1.0 -0.990234
vt 0.0 -0.990234
vt 1.0 -0.990234
vt 0.0 -0.990234
vt 1.0 -0.990234
vt 0.0 -0.990234
vt 1.0 -0.990234
vt 0.0 -0.990234
vt 1.0 -0.990234
vt 0.0 -0.990234
vt 1.0 -0.990234
vt 0.0 -0.990234
vt 1.0 -0.990234
vt 0.0 -0.990234
vt 1.0 -0.990234
vt 0.0 -0.990234
vt 1.0 -0.990234
vt 0.0 -0.990234
vt 1.0 -0.990234
vt 0.0 -0.990234
vt 1.0 0.0
vt 0.0 0.0
vt 0.0 -3.0
vt 1.0 -3.0
vt 1.0 0.0
vt 0.0 0.0
vt 0.0 -3.0
vt 1.0 -3.0
vt 1.0 0.0
vt 0.0 0.0
vt 0.0 -3.0
vt 1.0 -3.0
vt 1.0 0.0
vt 0.0 0.0
vt 0.0 -1.0
vt 1.0 -1.0
vt 1.0 0.0
vt 0.0 0.0
vt 0.0 -1.0
vt 1.0 -1.0
vt 1.0 0.0
vt 0.0 0.0
vt 0.0 -1.0
vt 1.0 -1.0
vt 1.0 0.0
vt 0.0 0.0
vt 0.0 -1.0
vt 1.0 -1.0
vt 1.0 0.0
vt 0.0 0.0
vt 0.0 -1.0
vt 1.0 -1.0
vt 1.0 0.0
vt 0.0 0.0
vt 0.0 -1.0
vt 1.0 -1.0
vt 1.0 0.0
vt 0.0 0.0
vt 0.0 -3.0
vt 1.0 -3.0
vt 1.0 0.0
vt 0.0 0.0
vt 0.0 -3.0
vt 1.0 -3.0
vt 1.0 0.0
vt 0.0 0.0
vt 0.0 -3.0
vt 1.0 -3.0
vt 4.0 0.0
vt 0.0 0.0
vt 0.0 -1.0
vt 4.0 -1.0
vt 4.0 0.0
vt 0.0 0.0
vt 0.0 -1.0
vt 4.0 -1.0
vt 4.0 0.0
vt 0.0 0.0
vt 0.0 -1.0
vt 4.0 -1.0
vt 3.0 0.0
vt 0.0 0.0
vt 0.0 -1.0
vt 3.0 -1.0
vt 3.0 0.0
vt 0.0 0.0
vt 0.0 -1.0
vt 3.0 -1.0
vt 3.0 0.0
vt 0.0 0.0
vt 0.0 -1.0
vt 3.0 -1.0
vt 2.0 0.0
vt 0.0 0.0
vt 0.0 -1.0
vt 2.0 -1.0
vt 2.0 0.0
vt 0.0 0.0
vt 0.0 -1.0
vt 2.0 -1.0
vt 2.0 0.0
vt 0.0 0.0
vt 0.0 -1.0
vt 2.0 -1.0
vt 2.0 0.0
vt 0.0 0.0
vt 0.0 -2.0
vt 2.0 -2.0
vt 2.0 0.0
vt 0.0 0.0
vt 0.0 -2.0
vt 2.0 -2.0
vt 2.0 0.0
vt 0.0 0.0
vt 0.0 -2.0
vt 2.0 -2.0
vt 1.0 0.0
vt 0.0 0.0
vt 0.0 -1.0
vt 1.0 -1.0
vt 1.0 0.0
vt 0.0 0.0
vt 0.0 -1.0
vt 1.0 -1.0
vt 1.0 0.0
vt 0.0 0.0
vt 0.0 -1.0
vt 1.0 -1.0
vt 1.0 0.0
vt 0.0 0.0
vt 0.0 -1.0
vt 1.0 -1.0
vt 1.0 0.0
vt 0.0 0.0
vt 0.0 -1.0
vt 1.0 -1.0
vt 1.0 0.0
vt 0.0 0.0
vt 0.0 -1.0
vt 1.0 -1.0
vt 4.0 0.0
vt 0.0 0.0
vt 0.0 -1.0
vt 4.0 -1.0
vt 4.0 0.0
vt 0.0 0.0
vt 0.0 -1.0
vt 4.0 -1.0
vt 4.0 0.0
vt 0.0 0.0
vt 0.0 -1.0
vt 4.0 -1.0
vt 1.0 0.0
vt 0.0 0.0
vt 0.0 -1.0
vt 1.0 -1.0
vt 1.0 0.0
vt 0.0 0.0
vt 0.0 -1.0
vt 1.0 -1.0
vt 1.0 0.0
vt 0.0 0.0
vt 0.0 -1.0
vt 1.0 -1.0
vt 3.0 0.0
vt 0.0 0.0
vt 0.0 -1.0
vt 3.0 -1.0
vt 3.0 0.0
vt 0.0 0.0
vt 0.0 -1.0
vt 3.0 -1.0
vt 3.0 0.0
vt 0.0 0.0
vt 0.0 -1.0
vt 3.0 -1.0
vt 1.0 0.0
vt 0.0 0.0
vt 0.0 -1.0
vt 1.0 -1.0
vt 1.0 0.0
vt 0.0 0.0
vt 0.0 -1.0
vt 1.0 -1.0
vt 1.0 0.0
vt 0.0 0.0
vt 0.0 -1.0
vt 1.0 -1.0
vt 1.0 0.0
vt 0.0 0.0
vt 0.0 -2.0
vt 1.0 -2.0
vt 1.0 0.0
vt 0.0 0.0
vt 0.0 -2.0
vt 1.0 -2.0
vt 1.0 0.0
vt 0.0 0.0
vt 0.0 -2.0
vt 1.0 -2.0
vt 3.0 0.0
vt 0.0 0.0
vt 0.0 -1.0
vt 3.0 -1.0
vt 3.0 0.0
vt 0.0 0.0
vt 0.0 -1.0
vt 3.0 -1.0
vt 3.0 0.0
vt 0.0 0.0
vt 0.0 -1.0
vt 3.0 -1.0
vt 1.0 0.0
vt 0.0 0.0
vt 0.0 -3.0
vt 1.0 -3.0
vt 1.0 0.0
vt 0.0 0.0
vt 0.0 -3.0
vt 1.0 -3.0
vt 1.0 0.0
vt 0.0 0.0
vt 0.0 -3.0
vt 1.0 -3.0
vt 1.0 0.0
vt 0.0 0.0
vt 0.0 -1.0
vt 1.0 -1.0
vt 1.0 0.0
vt 0.0 0.0
vt 0.0 -1.0
vt 1.0 -1.0
vt 1.0 0.0
vt 0.0 0.0
vt 0.0 -1.0
vt 1.0 -1.0
vt 2.0 0.0
vt 0.0 0.0
vt 0.0 -2.0
vt 2.0 -2.0
vt 2.0 0.0
vt 0.0 0.0
vt 0.0 -2.0
vt 2.0 -2.0
vt 2.0 0.0
vt 0.0 0.0
vt 0.0 -2.0
vt 2.0 -2.0
vt 0.542969 -0.62793
vt 0.189453 -0.62793
vt 0.34375 -0.1875
vt 0.542969 -0.1875
vt 0.042969 -0.62793
vt 0.144531 -0.977539
vt -0.019531 -0.977539
vt 0.895508 -0.62793
vt 0.94043 -0.977539
vt 1.105469 -0.977539
vt 1.106445 -0.457031
vt 0.94043 -0.977539
vt 0.542969 -0.977539
vt 0.895508 -0.62793
vt 0.261719 -0.1875
vt 0.741211 -0.1875
vt 0.34375 -0.1875
vt 0.144531 -0.977539
vt 0.542969 -0.977539
vt 0.722656 -0.442383
vt 0.542969 0.0
vt 1.000977 -0.420898
vt 0.99707 -0.575195
vt 0.685547 -0.015625
vt 0.321289 -0.06543
vt 0.420898 -0.204102
vt 1.004883 -0.558594
vt 0.879883 -0.181641
vt 1.0 -0.990234
vt 0.5 0.570312
vt 0.0 -0.990234
vt 1.0 -0.990234
vt 0.0 -0.990234
vt 1.0 -0.990234
vt 0.0 -0.990234
vt 1.0 -0.990234
vt 0.0 -0.990234
vt 1.0 -0.990234
vt 0.0 -0.990234
vt 1.0 -0.990234
vt 0.0 -0.990234
vt 1.0 -0.990234
vt 0.0 -0.990234
vt 1.0 -0.990234
vt 0.0 -0.990234
vt 1.0 -0.990234
vt 0.0 -0.990234
vt 1.0 -0.990234
vt 0.0 -0.990234
vt 1.0 -0.990234
vt 0.0 -0.990234
vt 1.0 -0.990234
vt 0.0 -0.990234
vt 3.0 0.0
vt 0.0 0.0
vt 0.0 -1.0
vt 3.0 -1.0
vt 3.0 0.0
vt 0.0 0.0
vt 0.0 -1.0
vt 3.0 -1.0
vt 3.0 0.0
vt 0.0 0.0
vt 0.0 -1.0
vt 3.0 -1.0
vt 1.0 0.0
vt 0.0 0.0
vt 0.0 -3.0
vt 1.0 -3.0
vt 1.0 0.0
vt 0.0 0.0
vt 0.0 -3.0
vt 1.0 -3.0
vt 1.0 0.0
vt 0.0 0.0
vt 0.0 -3.0
vt 1.0 -3.0
vt 1.0 0.0
vt 0.0 0.0
vt 0.0 -1.0
vt 1.0 -1.0
vt 1.0 0.0
vt 0.0 0.0
vt 0.0 -1.0
vt 1.0 -1.0
vt 1.0 0.0
vt 0.0 0.0
vt 0.0 -1.0
vt 1.0 -1.0
vt 2.0 0.0
vt 0.0 0.0
vt 0.0 -1.0
vt 2.0 -1.0
vt 2.0 0.0
vt 0.0 0.0
vt 0.0 -1.0
vt 2.0 -1.0
vt 2.0 0.0
vt 0.0 0.0
vt 0.0 -1.0
vt 2.0 -1.0
vt 2.0 0.0
vt 0.0 0.0
vt 0.0 -1.0
vt 2.0 -1.0
vt 2.0 0.0
vt 0.0 0.0
vt 0.0 -1.0
vt 2.0 -1.0
vt 2.0 0.0
vt 0.0 0.0
vt 0.0 -1.0
vt 2.0 -1.0
vt 1.0 0.0
vt 0.0 0.0
vt 0.0 -1.0
vt 1.0 -1.0
vt 1.0 0.0
vt 0.0 0.0
vt 0.0 -1.0
vt 1.0 -1.0
vt 1.0 0.0
vt 0.0 0.0
vt 0.0 -1.0
vt 1.0 -1.0
vt 1.0 0.0
vt 0.0 0.0
vt 0.0 -1.0
vt 1.0 -1.0
vt 1.0 0.0
vt 0.0 0.0
vt 0.0 -1.0
vt 1.0 -1.0
vt 1.0 0.0
vt 0.0 0.0
vt 0.0 -1.0
vt 1.0 -1.0
vt 1.0 0.0
vt 0.0 0.0
vt 0.0 -1.0
vt 1.0 -1.0
vt 1.0 0.0
vt 0.0 0.0
vt 0.0 -1.0
vt 1.0 -1.0
vt 1.0 0.0
vt 0.0 0.0
vt 0.0 -1.0
vt 1.0 -1.0
vt 2.5 6.5
vt 0.0 6.5
vt 0.0 6.0
vt 2.5 6.0
vt 2.5 -0.894531
vt 2.5 -0.597656
vt 0.0 -0.597656
vt 0.0 -0.894531
vt 2.5 -0.515625
vt 0.0 -0.515625
vt 2.5 -0.894531
vt 0.0 -0.894531
vt 0.0 -0.988281
vt 2.5 -0.988281
vt 0.0 1.0
vt 0.0 0.0
vt 7.0 0.0
vt 7.0 1.0
vt 0.0 5.0
vt 0.0 0.0
vt 2.0 0.0
vt 2.0 5.0
vt 1.0 -0.894531
vt 1.0 -0.597656
vt 0.0 -0.597656
vt 0.0 -0.894531
vt 1.0 -0.515625
vt 0.0 -0.515625
vt 1.0 -0.894531
vt 0.0 -0.894531
vt 0.0 -0.988281
vt 1.0 -0.988281
vt 0.0 2.0
vt 0.0 0.0
vt 7.0 0.0
vt 7.0 2.0
vt 0.0 1.0
vt 0.0 0.0
vt 4.0 0.0
vt 4.0 1.0
vt 2.0 -0.894531
vt 2.0 -0.597656
vt 0.0 -0.597656
vt 0.0 -0.894531
vt 2.0 -0.515625
vt 0.0 -0.515625
vt 2.0 -0.894531
vt 0.0 -0.894531
vt 0.0 -0.988281
vt 2.0 -0.988281
vt 0.0 1.0
vt 0.0 0.0
vt 8.0 0.0
vt 8.0 1.0
vt 2.0 -0.894531
vt 2.0 -0.597656
vt 0.0 -0.597656
vt 0.0 -0.894531
vt 2.0 -0.515625
vt 0.0 -0.515625
vt 2.0 -0.894531
vt 0.0 -0.894531
vt 0.0 -0.988281
vt 2.0 -0.988281
vt 0.0 3.0
vt 0.0 0.0
vt 4.0 0.0
vt 4.0 3.0
vt 3.5 -0.894531
vt 3.5 -0.597656
vt 0.0 -0.597656
vt 0.0 -0.894531
vt 3.5 -0.515625
vt 0.0 -0.515625
vt 3.5 -0.894531
vt 0.0 -0.894531
vt 0.0 -0.988281
vt 3.5 -0.988281
vt 0.0 1.0
vt 0.0 0.0
vt 8.0 0.0
vt 8.0 1.0
vt 0.0 2.0
vt 0.0 0.0
vt 2.0 0.0
vt 2.0 2.0
vt 0.753906 -0.599609
vt 1.0 -0.599609
vt 1.0 -0.513672
vt 0.5 -0.513672
vt 1.0 -0.599609
vt 1.279297 -0.599609
vt 1.5 -0.513672
vt 1.0 -0.513672
vt 0.4375 -0.59375
vt 0.4375 -0.890625
vt 0.285156 -0.59375
vt 0.285156 -0.890625
vt 0.4375 -0.890625
vt 0.4375 -0.394531
vt 0.285156 -0.394531
vt 0.285156 -0.486328
vt 0.4375 -0.394531
vt 0.4375 -0.59375
vt 0.285156 -0.59375
vt 0.4375 -0.890625
vt 1.0 -0.894531
vt 1.0 -0.597656
vt 0.0 -0.597656
vt 0.0 -0.894531
vt 1.0 -0.515625
vt 0.0 -0.515625
vt 1.0 -0.894531
vt 0.0 -0.894531
vt 0.0 -0.988281
vt 1.0 -0.988281
vt 0.841797 -0.986328
vt 0.998047 -0.986328
vt 0.966797 -0.892578
vt 0.841797 -0.892578
vt 0.498047 -0.986328
vt 0.654297 -0.986328
vt 0.654297 -0.892578
vt 0.529297 -0.892578
vt -0.470703 -1.392578
vt -0.345703 -1.392578
vt -0.345703 -1.105469
vt -0.158203 -1.392578
vt -0.158203 -1.105469
vt -0.033203 -1.392578
vt -0.158203 -0.609375
vt -0.251953 -0.515625
vt -0.345703 -0.609375
vt 1.0 0.5
vt 1.0 0.0
vt 1.03125 0.1875
vt 1.15625 0.03125
vt 1.5 0.0
vt 0.5 -0.894531
vt 0.5 -0.597656
vt 0.0 -0.597656
vt 0.0 -0.894531
vt 0.5 -0.515625
vt 0.0 -0.515625
vt 0.5 -0.894531
vt 0.0 -0.894531
vt 0.0 -0.988281
vt 0.5 -0.988281
vt 0.0 1.0
vt 0.0 0.0
vt 6.0 0.0
vt 6.0 1.0
vt 0.0 2.0
vt 0.0 0.0
vt 4.0 0.0
vt 4.0 2.0
vt 2.5 4.0
vt 2.0 4.0
vt 2.0 0.0
vt 2.5 0.0
vt 2.5 6.0
vt 2.0 6.0
vt 2.0 4.0
vt 2.5 4.0
vt 0.753906 -0.599609
vt 1.0 -0.599609
vt 1.0 -0.513672
vt 0.5 -0.513672
vt 1.0 -0.599609
vt 1.279297 -0.599609
vt 1.5 -0.513672
vt 1.0 -0.513672
vt 0.4375 -0.59375
vt 0.4375 -0.890625
vt 0.285156 -0.59375
vt 0.285156 -0.890625
vt 0.4375 -0.890625
vt 0.4375 -0.394531
vt 0.285156 -0.394531
vt 0.285156 -0.486328
vt 0.4375 -0.394531
vt 0.4375 -0.59375
vt 0.285156 -0.59375
vt 0.4375 -0.890625
vt 0.5 -0.894531
vt 0.5 -0.597656
vt 0.0 -0.597656
vt 0.0 -0.894531
vt 0.5 -0.515625
vt 0.0 -0.515625
vt 0.5 -0.894531
vt 0.0 -0.894531
vt 0.0 -0.988281
vt 0.5 -0.988281
vt 0.841797 -0.986328
vt 0.998047 -0.986328
vt 0.966797 -0.892578
vt 0.841797 -0.892578
vt 0.498047 -0.986328
vt 0.654297 -0.986328
vt 0.654297 -0.892578
vt 0.529297 -0.892578
vt -0.470703 -1.392578
vt -0.345703 -1.392578
vt -0.345703 -1.105469
vt -0.158203 -1.392578
vt -0.158203 -1.105469
vt -0.033203 -1.392578
vt -0.158203 -0.609375
vt -0.251953 -0.515625
vt -0.345703 -0.609375
vt 1.0 0.5
vt 1.0 0.0
vt 1.03125 0.1875
vt 1.15625 0.03125
vt 1.5 0.0
vt 0.753906 -0.599609
vt 1.0 -0.599609
vt 1.0 -0.513672
vt 0.5 -0.513672
vt 1.0 -0.599609
vt 1.279297 -0.599609
vt 1.5 -0.513672
vt 1.0 -0.513672
vt 0.4375 -0.59375
vt 0.4375 -0.890625
vt 0.285156 -0.59375
vt 0.285156 -0.890625
vt 0.4375 -0.890625
vt 0.4375 -0.394531
vt 0.285156 -0.394531
vt 0.285156 -0.486328
vt 0.4375 -0.394531
vt 0.4375 -0.59375
vt 0.285156 -0.59375
vt 0.4375 -0.890625
vt 0.841797 -0.986328
vt 0.998047 -0.986328
vt 0.966797 -0.892578
vt 0.841797 -0.892578
vt 0.498047 -0.986328
vt 0.654297 -0.986328
vt 0.654297 -0.892578
vt 0.529297 -0.892578
vt -0.470703 -1.392578
vt -0.345703 -1.392578
vt -0.345703 -1.105469
vt -0.158203 -1.392578
vt -0.158203 -1.105469
vt -0.033203 -1.392578
vt -0.158203 -0.609375
vt -0.251953 -0.515625
vt -0.345703 -0.609375
vt 1.0 0.5
vt 1.0 0.0
vt 1.03125 0.1875
vt 1.15625 0.03125
vt 1.5 0.0
vt 0.753906 -0.599609
vt 1.0 -0.599609
vt 1.0 -0.513672
vt 0.5 -0.513672
vt 1.0 -0.599609
vt 1.279297 -0.599609
vt 1.5 -0.513672
vt 1.0 -0.513672
vt 0.4375 -0.59375
vt 0.4375 -0.890625
vt 0.285156 -0.59375
vt 0.285156 -0.890625
vt 0.4375 -0.890625
vt 0.4375 -0.394531
vt 0.285156 -0.394531
vt 0.285156 -0.486328
vt 0.4375 -0.394531
vt 0.4375 -0.59375
vt 0.285156 -0.59375
vt 0.4375 -0.890625
vt 0.841797 -0.986328
vt 0.998047 -0.986328
vt 0.966797 -0.892578
vt 0.841797 -0.892578
vt 0.498047 -0.986328
vt 0.654297 -0.986328
vt 0.654297 -0.892578
vt 0.529297 -0.892578
vt -0.470703 -1.392578
vt -0.345703 -1.392578
vt -0.345703 -1.105469
vt -0.158203 -1.392578
vt -0.158203 -1.105469
vt -0.033203 -1.392578
vt -0.158203 -0.609375
vt -0.251953 -0.515625
vt -0.345703 -0.609375
vt 1.0 0.5
vt 1.0 0.0
vt 1.03125 0.1875
vt 1.15625 0.03125
vt 1.5 0.0
vt 0.0 1.0
vt 0.0 0.0
vt 8.0 0.0
vt 8.0 1.0
vt 0.0 1.0
vt 0.0 0.0
vt 3.0 0.0
vt 3.0 1.0
vt 4.0 -0.894531
vt 4.0 -0.597656
vt 0.0 -0.597656
vt 0.0 -0.894531
vt 4.0 -0.515625
vt 0.0 -0.515625
vt 4.0 -0.894531
vt 0.0 -0.894531
vt 0.0 -0.988281
vt 4.0 -0.988281
vt 2.5 -0.894531
vt 2.5 -0.597656
vt 0.0 -0.597656
vt 0.0 -0.894531
vt 2.5 -0.515625
vt 0.0 -0.515625
vt 2.5 -0.894531
vt 0.0 -0.894531
vt 0.0 -0.988281
vt 2.5 -0.988281
vt 0.841797 -0.986328
vt 0.998047 -0.986328
vt 0.966797 -0.892578
vt 0.841797 -0.892578
vt 0.498047 -0.986328
vt 0.654297 -0.986328
vt 0.654297 -0.892578
vt 0.529297 -0.892578
vt -0.470703 -1.392578
vt -0.345703 -1.392578
vt -0.345703 -1.105469
vt -0.158203 -1.392578
vt -0.158203 -1.105469
vt -0.033203 -1.392578
vt -0.158203 -0.609375
vt -0.251953 -0.515625
vt -0.345703 -0.609375
vt 1.0 0.5
vt 1.0 0.0
vt 1.03125 0.1875
vt 1.15625 0.03125
vt 1.5 0.0
vt 1.0 -0.894531
vt 1.0 -0.597656
vt 0.0 -0.597656
vt 0.0 -0.894531
vt 1.0 -0.515625
vt 0.0 -0.515625
vt 1.0 -0.894531
vt 0.0 -0.894531
vt 0.0 -0.988281
vt 1.0 -0.988281
vt 0.0 1.0
vt 0.0 0.0
vt 5.0 0.0
vt 5.0 1.0
vt 0.0 1.0
vt 0.0 0.0
vt 4.0 0.0
vt 4.0 1.0
vt 1.0 -0.894531
vt 1.0 -0.597656
vt 0.0 -0.597656
vt 0.0 -0.894531
vt 1.0 -0.515625
vt 0.0 -0.515625
vt 1.0 -0.894531
vt 0.0 -0.894531
vt 0.0 -0.988281
vt 1.0 -0.988281
vt 0.0 1.0
vt 0.0 0.0
vt 6.0 0.0
vt 6.0 1.0
vt 0.0 1.0
vt 0.0 0.0
vt 5.0 0.0
vt 5.0 1.0
vt 2.5 -0.894531
vt 2.5 -0.597656
vt 0.0 -0.597656
vt 0.0 -0.894531
vt 2.5 -0.515625
vt 0.0 -0.515625
vt 2.5 -0.894531
vt 0.0 -0.894531
vt 0.0 -0.988281
vt 2.5 -0.988281
vt 0.0 8.0
vt 0.0 0.0
vt 1.0 0.0
vt 1.0 8.0
vt 0.0 6.0
vt 0.0 0.0
vt 1.0 0.0
vt 1.0 6.0
vt 0.0 5.0
vt 0.0 0.0
vt 1.0 0.0
vt 1.0 5.0
vt 0.753906 -0.599609
vt 1.0 -0.599609
vt 1.0 -0.513672
vt 0.5 -0.513672
vt 1.0 -0.599609
vt 1.279297 -0.599609
vt 1.5 -0.513672
vt 1.0 -0.513672
vt 0.4375 -0.59375
vt 0.4375 -0.890625
vt 0.285156 -0.59375
vt 0.285156 -0.890625
vt 0.4375 -0.890625
vt 0.4375 -0.394531
vt 0.285156 -0.394531
vt 0.285156 -0.486328
vt 0.4375 -0.394531
vt 0.4375 -0.59375
vt 0.285156 -0.59375
vt 0.4375 -0.890625
vt 4.0 -0.894531
vt 4.0 -0.597656
vt 0.0 -0.597656
vt 0.0 -0.894531
vt 4.0 -0.515625
vt 0.0 -0.515625
vt 4.0 -0.894531
vt 0.0 -0.894531
vt 0.0 -0.988281
vt 4.0 -0.988281
vt 0.5 -0.894531
vt 0.5 -0.597656
vt 0.0 -0.597656
vt 0.0 -0.894531
vt 0.5 -0.515625
vt 0.0 -0.515625
vt 0.5 -0.894531
vt 0.0 -0.894531
vt 0.0 -0.988281
vt 0.5 -0.988281
vt 0.841797 -0.986328
vt 0.998047 -0.986328
vt 0.966797 -0.892578
vt 0.841797 -0.892578
vt 0.498047 -0.986328
vt 0.654297 -0.986328
vt 0.654297 -0.892578
vt 0.529297 -0.892578
vt -0.470703 -1.392578
vt -0.345703 -1.392578
vt -0.345703 -1.105469
vt -0.158203 -1.392578
vt -0.158203 -1.105469
vt -0.033203 -1.392578
vt -0.158203 -0.609375
vt -0.251953 -0.515625
vt -0.345703 -0.609375
vt 1.0 0.5
vt 1.0 0.0
vt 1.03125 0.1875
vt 1.15625 0.03125
vt 1.5 0.0
vt 0.753906 -0.599609
vt 1.0 -0.599609
vt 1.0 -0.513672
vt 0.5 -0.513672
vt 1.0 -0.599609
vt 1.279297 -0.599609
vt 1.5 -0.513672
vt 1.0 -0.513672
vt 0.4375 -0.59375
vt 0.4375 -0.890625
vt 0.285156 -0.59375
vt 0.285156 -0.890625
vt 0.4375 -0.890625
vt 0.4375 -0.394531
vt 0.285156 -0.394531
vt 0.285156 -0.486328
vt 0.4375 -0.394531
vt 0.4375 -0.59375
vt 0.285156 -0.59375
vt 0.4375 -0.890625
vt 1.5 -0.894531
vt 1.5 -0.597656
vt 0.0 -0.597656
vt 0.0 -0.894531
vt 1.5 -0.515625
vt 0.0 -0.515625
vt 1.5 -0.894531
vt 0.0 -0.894531
vt 0.0 -0.988281
vt 1.5 -0.988281
vt 0.841797 -0.986328
vt 0.998047 -0.986328
vt 0.966797 -0.892578
vt 0.841797 -0.892578
vt 0.498047 -0.986328
vt 0.654297 -0.986328
vt 0.654297 -0.892578
vt 0.529297 -0.892578
vt -0.470703 -1.392578
vt -0.345703 -1.392578
vt -0.345703 -1.105469
vt -0.158203 -1.392578
vt -0.158203 -1.105469
vt -0.033203 -1.392578
vt -0.158203 -0.609375
vt -0.251953 -0.515625
vt -0.345703 -0.609375
vt 1.0 0.5
vt 1.0 0.0
vt 1.03125 0.1875
vt 1.15625 0.03125
vt 1.5 0.0
vt 0.753906 -0.599609
vt 1.0 -0.599609
vt 1.0 -0.513672
vt 0.5 -0.513672
vt 1.0 -0.599609
vt 1.279297 -0.599609
vt 1.5 -0.513672
vt 1.0 -0.513672
vt 0.4375 -0.59375
vt 0.4375 -0.890625
vt 0.285156 -0.59375
vt 0.285156 -0.890625
vt 0.4375 -0.890625
vt 0.4375 -0.394531
vt 0.285156 -0.394531
vt 0.285156 -0.486328
vt 0.4375 -0.394531
vt 0.4375 -0.59375
vt 0.285156 -0.59375
vt 0.4375 -0.890625
vt 0.841797 -0.986328
vt 0.998047 -0.986328
vt 0.966797 -0.892578
vt 0.841797 -0.892578
vt 0.498047 -0.986328
vt 0.654297 -0.986328
vt 0.654297 -0.892578
vt 0.529297 -0.892578
vt -0.470703 -1.392578
vt -0.345703 -1.392578
vt -0.345703 -1.105469
vt -0.158203 -1.392578
vt -0.158203 -1.105469
vt -0.033203 -1.392578
vt -0.158203 -0.609375
vt -0.251953 -0.515625
vt -0.345703 -0.609375
vt 1.0 0.5
vt 1.0 0.0
vt 1.03125 0.1875
vt 1.15625 0.03125
vt 1.5 0.0
vt 2.5 -0.894531
vt 2.5 -0.597656
vt 0.0 -0.597656
vt 0.0 -0.894531
vt 2.5 -0.515625
vt 0.0 -0.515625
vt 2.5 -0.894531
vt 0.0 -0.894531
vt 0.0 -0.988281
vt 2.5 -0.988281
vt 0.841797 -0.986328
vt 0.998047 -0.986328
vt 0.966797 -0.892578
vt 0.841797 -0.892578
vt 0.498047 -0.986328
vt 0.654297 -0.986328
vt 0.654297 -0.892578
vt 0.529297 -0.892578
vt -0.470703 -1.392578
vt -0.345703 -1.392578
vt -0.345703 -1.105469
vt -0.158203 -1.392578
vt -0.158203 -1.105469
vt -0.033203 -1.392578
vt -0.158203 -0.609375
vt -0.251953 -0.515625
vt -0.345703 -0.609375
vt 1.0 0.5
vt 1.0 0.0
vt 1.03125 0.1875
vt 1.15625 0.03125
vt 1.5 0.0
vt 0.0 8.0
vt 0.0 0.0
vt 2.0 0.0
vt 2.0 8.0
vt 0.0 2.0
vt 0.0 0.0
vt 2.0 0.0
vt 2.0 2.0
vt 0.5 -0.894531
vt 0.5 -0.597656
vt 0.0 -0.597656
vt 0.0 -0.894531
vt 0.5 -0.515625
vt 0.0 -0.515625
vt 0.5 -0.894531
vt 0.0 -0.894531
vt 0.0 -0.988281
vt 0.5 -0.988281
vt 0.0 2.0
vt 0.0 0.0
vt 7.0 0.0
vt 7.0 2.0
vt 0.0 2.0
vt 0.0 0.0
vt 3.0 0.0
vt 3.0 2.0
vt 0.0 1.0
vt 0.0 0.0
vt 2.0 0.0
vt 2.0 1.0
vt 3.0 -0.894531
vt 3.0 -0.597656
vt 0.0 -0.597656
vt 0.0 -0.894531
vt 3.0 -0.515625
vt 0.0 -0.515625
vt 3.0 -0.894531
vt 0.0 -0.894531
vt 0.0 -0.988281
vt 3.0 -0.988281
vt 0.0 2.0
vt 0.0 0.0
vt 8.0 0.0
vt 8.0 2.0
vt 0.0 6.0
vt 0.0 0.0
vt 3.0 0.0
vt 3.0 6.0
vt 0.753906 -0.599609
vt 1.0 -0.599609
vt 1.0 -0.513672
vt 0.5 -0.513672
vt 1.0 -0.599609
vt 1.279297 -0.599609
vt 1.5 -0.513672
vt 1.0 -0.513672
vt 0.4375 -0.59375
vt 0.4375 -0.890625
vt 0.285156 -0.59375
vt 0.285156 -0.890625
vt 0.4375 -0.890625
vt 0.4375 -0.394531
vt 0.285156 -0.394531
vt 0.285156 -0.486328
vt 0.4375 -0.394531
vt 0.4375 -0.59375
vt 0.285156 -0.59375
vt 0.4375 -0.890625
vt 0.5 -0.894531
vt 0.5 -0.597656
vt 0.0 -0.597656
vt 0.0 -0.894531
vt 0.5 -0.515625
vt 0.0 -0.515625
vt 0.5 -0.894531
vt 0.0 -0.894531
vt 0.0 -0.988281
vt 0.5 -0.988281
vt 0.841797 -0.986328
vt 0.998047 -0.986328
vt 0.966797 -0.892578
vt 0.841797 -0.892578
vt 0.498047 -0.986328
vt 0.654297 -0.986328
vt 0.654297 -0.892578
vt 0.529297 -0.892578
vt -0.470703 -1.392578
vt -0.345703 -1.392578
vt -0.345703 -1.105469
vt -0.158203 -1.392578
vt -0.158203 -1.105469
vt -0.033203 -1.392578
vt -0.158203 -0.609375
vt -0.251953 -0.515625
vt -0.345703 -0.609375
vt 1.0 0.5
vt 1.0 0.0
vt 1.03125 0.1875
vt 1.15625 0.03125
vt 1.5 0.0
vt 0.0 6.0
vt 0.0 0.0
vt 1.0 0.0
vt 1.0 6.0
vt 0.753906 -0.599609
vt 1.0 -0.599609
vt 1.0 -0.513672
vt 0.5 -0.513672
vt 1.0 -0.599609
vt 1.279297 -0.599609
vt 1.5 -0.513672
vt 1.0 -0.513672
vt 0.4375 -0.59375
vt 0.4375 -0.890625
vt 0.285156 -0.59375
vt 0.285156 -0.890625
vt 0.4375 -0.890625
vt 0.4375 -0.394531
vt 0.285156 -0.394531
vt 0.285156 -0.486328
vt 0.4375 -0.394531
vt 0.4375 -0.59375
vt 0.285156 -0.59375
vt 0.4375 -0.890625
vt 2.0 -0.894531
vt 2.0 -0.597656
vt 0.0 -0.597656
vt 0.0 -0.894531
vt 2.0 -0.515625
vt 0.0 -0.515625
vt 2.0 -0.894531
vt 0.0 -0.894531
vt 0.0 -0.988281
vt 2.0 -0.988281
vt 0.841797 -0.986328
vt 0.998047 -0.986328
vt 0.966797 -0.892578
vt 0.841797 -0.892578
vt 0.498047 -0.986328
vt 0.654297 -0.986328
vt 0.654297 -0.892578
vt 0.529297 -0.892578
vt -0.470703 -1.392578
vt -0.345703 -1.392578
vt -0.345703 -1.105469
vt -0.158203 -1.392578
vt -0.158203 -1.105469
vt -0.033203 -1.392578
vt -0.158203 -0.609375
vt -0.251953 -0.515625
vt -0.345703 -0.609375
vt 1.0 0.5
vt 1.0 0.0
vt 1.03125 0.1875
vt 1.15625 0.03125
vt 1.5 0.0
vt 0.0 2.0
vt 0.0 0.0
vt 5.0 0.0
vt 5.0 2.0
vt 0.753906 -0.599609
vt 1.0 -0.599609
vt 1.0 -0.513672
vt 0.5 -0.513672
vt 1.0 -0.599609
vt 1.279297 -0.599609
vt 1.5 -0.513672
vt 1.0 -0.513672
vt 0.4375 -0.59375
vt 0.4375 -0.890625
vt 0.285156 -0.59375
vt 0.285156 -0.890625
vt 0.4375 -0.890625
vt 0.4375 -0.394531
vt 0.285156 -0.394531
vt 0.285156 -0.486328
vt 0.4375 -0.394531
vt 0.4375 -0.59375
vt 0.285156 -0.59375
vt 0.4375 -0.890625
vt 0.5 -0.894531
vt 0.5 -0.597656
vt 0.0 -0.597656
vt 0.0 -0.894531
vt 0.5 -0.515625
vt 0.0 -0.515625
vt 0.5 -0.894531
vt 0.0 -0.894531
vt 0.0 -0.988281
vt 0.5 -0.988281
vt 0.841797 -0.986328
vt 0.998047 -0.986328
vt 0.966797 -0.892578
vt 0.841797 -0.892578
vt 0.498047 -0.986328
vt 0.654297 -0.986328
vt 0.654297 -0.892578
vt 0.529297 -0.892578
vt -0.470703 -1.392578
vt -0.345703 -1.392578
vt -0.345703 -1.105469
vt -0.158203 -1.392578
vt -0.158203 -1.105469
vt -0.033203 -1.392578
vt -0.158203 -0.609375
vt -0.251953 -0.515625
vt -0.345703 -0.609375
vt 1.0 0.5
vt 1.0 0.0
vt 1.03125 0.1875
vt 1.15625 0.03125
vt 1.5 0.0
vt 0.0 2.0
vt 0.0 0.0
vt 1.0 0.0
vt 1.0 2.0
vt 0.753906 -0.599609
vt 1.0 -0.599609
vt 1.0 -0.513672
vt 0.5 -0.513672
vt 1.0 -0.599609
vt 1.279297 -0.599609
vt 1.5 -0.513672
vt 1.0 -0.513672
vt 0.4375 -0.59375
vt 0.4375 -0.890625
vt 0.285156 -0.59375
vt 0.285156 -0.890625
vt 0.4375 -0.890625
vt 0.4375 -0.394531
vt 0.285156 -0.394531
vt 0.285156 -0.486328
vt 0.4375 -0.394531
vt 0.4375 -0.59375
vt 0.285156 -0.59375
vt 0.4375 -0.890625
vt 1.5 -0.894531
vt 1.5 -0.597656
vt 0.0 -0.597656
vt 0.0 -0.894531
vt 1.5 -0.515625
vt 0.0 -0.515625
vt 1.5 -0.894531
vt 0.0 -0.894531
vt 0.0 -0.988281
vt 1.5 -0.988281
vt 0.841797 -0.986328
vt 0.998047 -0.986328
vt 0.966797 -0.892578
vt 0.841797 -0.892578
vt 0.498047 -0.986328
vt 0.654297 -0.986328
vt 0.654297 -0.892578
vt 0.529297 -0.892578
vt -0.470703 -1.392578
vt -0.345703 -1.392578
vt -0.345703 -1.105469
vt -0.158203 -1.392578
vt -0.158203 -1.105469
vt -0.033203 -1.392578
vt -0.158203 -0.609375
vt -0.251953 -0.515625
vt -0.345703 -0.609375
vt 1.0 0.5
vt 1.0 0.0
vt 1.03125 0.1875
vt 1.15625 0.03125
vt 1.5 0.0
vt 0.0 5.0
vt 0.0 0.0
vt 4.0 0.0
vt 4.0 5.0
vt 0.753906 -0.599609
vt 1.0 -0.599609
vt 1.0 -0.513672
vt 0.5 -0.513672
vt 1.0 -0.599609
vt 1.279297 -0.599609
vt 1.5 -0.513672
vt 1.0 -0.513672
vt 0.4375 -0.59375
vt 0.4375 -0.890625
vt 0.285156 -0.59375
vt 0.285156 -0.890625
vt 0.4375 -0.890625
vt 0.4375 -0.394531
vt 0.285156 -0.394531
vt 0.285156 -0.486328
vt 0.4375 -0.394531
vt 0.4375 -0.59375
vt 0.285156 -0.59375
vt 0.4375 -0.890625
vt 1.0 -0.894531
vt 1.0 -0.597656
vt 0.0 -0.597656
vt 0.0 -0.894531
vt 1.0 -0.515625
vt 0.0 -0.515625
vt 1.0 -0.894531
vt 0.0 -0.894531
vt 0.0 -0.988281
vt 1.0 -0.988281
vt 0.841797 -0.986328
vt 0.998047 -0.986328
vt 0.966797 -0.892578
vt 0.841797 -0.892578
vt 0.498047 -0.986328
vt 0.654297 -0.986328
vt 0.654297 -0.892578
vt 0.529297 -0.892578
vt -0.470703 -1.392578
vt -0.345703 -1.392578
vt -0.345703 -1.105469
vt -0.158203 -1.392578
vt -0.158203 -1.105469
vt -0.033203 -1.392578
vt -0.158203 -0.609375
vt -0.251953 -0.515625
vt -0.345703 -0.609375
vt 1.0 0.5
vt 1.0 0.0
vt 1.03125 0.1875
vt 1.15625 0.03125
vt 1.5 0.0
vt 0.0 2.0
vt 0.0 0.0
vt 3.0 0.0
vt 3.0 2.0
vt 0.0 3.0
vt 0.0 0.0
vt 1.0 0.0
vt 1.0 3.0
vt 0.753906 -0.599609
vt 1.0 -0.599609
vt 1.0 -0.513672
vt 0.5 -0.513672
vt 1.0 -0.599609
vt 1.279297 -0.599609
vt 1.5 -0.513672
vt 1.0 -0.513672
vt 0.4375 -0.59375
vt 0.4375 -0.890625
vt 0.285156 -0.59375
vt 0.285156 -0.890625
vt 0.4375 -0.890625
vt 0.4375 -0.394531
vt 0.285156 -0.394531
vt 0.285156 -0.486328
vt 0.4375 -0.394531
vt 0.4375 -0.59375
vt 0.285156 -0.59375
vt 0.4375 -0.890625
vt 2.0 -0.894531
vt 2.0 -0.597656
vt 0.0 -0.597656
vt 0.0 -0.894531
vt 2.0 -0.515625
vt 0.0 -0.515625
vt 2.0 -0.894531
vt 0.0 -0.894531
vt 0.0 -0.988281
vt 2.0 -0.988281
vt 0.841797 -0.986328
vt 0.998047 -0.986328
vt 0.966797 -0.892578
vt 0.841797 -0.892578
vt 0.498047 -0.986328
vt 0.654297 -0.986328
vt 0.654297 -0.892578
vt 0.529297 -0.892578
vt -0.470703 -1.392578
vt -0.345703 -1.392578
vt -0.345703 -1.105469
vt -0.158203 -1.392578
vt -0.158203 -1.105469
vt -0.033203 -1.392578
vt -0.158203 -0.609375
vt -0.251953 -0.515625
vt -0.345703 -0.609375
vt 1.0 0.5
vt 1.0 0.0
vt 1.03125 0.1875
vt 1.15625 0.03125
vt 1.5 0.0
vt 0.0 2.0
vt 0.0 0.0
vt 7.0 0.0
vt 7.0 2.0
vt 0.0 2.0
vt 0.0 0.0
vt 4.0 0.0
vt 4.0 2.0
vt 1.5 -0.894531
vt 1.5 -0.597656
vt 0.0 -0.597656
vt 0.0 -0.894531
vt 1.5 -0.515625
vt 0.0 -0.515625
vt 1.5 -0.894531
vt 0.0 -0.894531
vt 0.0 -0.988281
vt 1.5 -0.988281
vt 0.0 1.0
vt 0.0 0.0
vt 7.0 0.0
vt 7.0 1.0
vt 0.0 2.0
vt 0.0 0.0
vt 5.0 0.0
vt 5.0 2.0
vt 0.0 1.0
vt 0.0 0.0
vt 2.0 0.0
vt 2.0 1.0
vt 1.5 -0.894531
vt 1.5 -0.597656
vt 0.0 -0.597656
vt 0.0 -0.894531
vt 1.5 -0.515625
vt 0.0 -0.515625
vt 1.5 -0.894531
vt 0.0 -0.894531
vt 0.0 -0.988281
vt 1.5 -0.988281
vt 0.841797 -0.986328
vt 0.998047 -0.986328
vt 0.966797 -0.892578
vt 0.841797 -0.892578
vt 0.498047 -0.986328
vt 0.654297 -0.986328
vt 0.654297 -0.892578
vt 0.529297 -0.892578
vt -0.470703 -1.392578
vt -0.345703 -1.392578
vt -0.345703 -1.105469
vt -0.158203 -1.392578
vt -0.158203 -1.105469
vt -0.033203 -1.392578
vt -0.158203 -0.609375
vt -0.251953 -0.515625
vt -0.345703 -0.609375
vt 1.0 0.5
vt 1.0 0.0
vt 1.03125 0.1875
vt 1.15625 0.03125
vt 1.5 0.0
vt 0.0 2.0
vt 0.0 0.0
vt 7.0 0.0
vt 7.0 2.0
vt 0.0 3.0
vt 0.0 0.0
vt 6.0 0.0
vt 6.0 3.0
vt 0.0 4.0
vt 0.0 0.0
vt 6.0 0.0
vt 6.0 4.0
vt 0.753906 -0.599609
vt 1.0 -0.599609
vt 1.0 -0.513672
vt 0.5 -0.513672
vt 1.0 -0.599609
vt 1.279297 -0.599609
vt 1.5 -0.513672
vt 1.0 -0.513672
vt 0.4375 -0.59375
vt 0.4375 -0.890625
vt 0.285156 -0.59375
vt 0.285156 -0.890625
vt 0.4375 -0.890625
vt 0.4375 -0.394531
vt 0.285156 -0.394531
vt 0.285156 -0.486328
vt 0.4375 -0.394531
vt 0.4375 -0.59375
vt 0.285156 -0.59375
vt 0.4375 -0.890625
vt 1.0 -0.894531
vt 1.0 -0.597656
vt 0.0 -0.597656
vt 0.0 -0.894531
vt 1.0 -0.515625
vt 0.0 -0.515625
vt 1.0 -0.894531
vt 0.0 -0.894531
vt 0.0 -0.988281
vt 1.0 -0.988281
vt 0.841797 -0.986328
vt 0.998047 -0.986328
vt 0.966797 -0.892578
vt 0.841797 -0.892578
vt 0.498047 -0.986328
vt 0.654297 -0.986328
vt 0.654297 -0.892578
vt 0.529297 -0.892578
vt -0.470703 -1.392578
vt -0.345703 -1.392578
vt -0.345703 -1.105469
vt -0.158203 -1.392578
vt -0.158203 -1.105469
vt -0.033203 -1.392578
vt -0.158203 -0.609375
vt -0.251953 -0.515625
vt -0.345703 -0.609375
vt 1.0 0.5
vt 1.0 0.0
vt 1.03125 0.1875
vt 1.15625 0.03125
vt 1.5 0.0
vt 0.0 3.0
vt 0.0 0.0
vt 1.0 0.0
vt 1.0 3.0
vt 0.753906 -0.599609
vt 1.0 -0.599609
vt 1.0 -0.513672
vt 0.5 -0.513672
vt 1.0 -0.599609
vt 1.279297 -0.599609
vt 1.5 -0.513672
vt 1.0 -0.513672
vt 0.4375 -0.59375
vt 0.4375 -0.890625
vt 0.285156 -0.59375
vt 0.285156 -0.890625
vt 0.4375 -0.890625
vt 0.4375 -0.394531
vt 0.285156 -0.394531
vt 0.285156 -0.486328
vt 0.4375 -0.394531
vt 0.4375 -0.59375
vt 0.285156 -0.59375
vt 0.4375 -0.890625
vt 2.5 -0.894531
vt 2.5 -0.597656
vt 0.0 -0.597656
vt 0.0 -0.894531
vt 2.5 -0.515625
vt 0.0 -0.515625
vt 2.5 -0.894531
vt 0.0 -0.894531
vt 0.0 -0.988281
vt 2.5 -0.988281
vt 0.841797 -0.986328
vt 0.998047 -0.986328
vt 0.966797 -0.892578
vt 0.841797 -0.892578
vt 0.498047 -0.986328
vt 0.654297 -0.986328
vt 0.654297 -0.892578
vt 0.529297 -0.892578
vt -0.470703 -1.392578
vt -0.345703 -1.392578
vt -0.345703 -1.105469
vt -0.158203 -1.392578
vt -0.158203 -1.105469
vt -0.033203 -1.392578
vt -0.158203 -0.609375
vt -0.251953 -0.515625
vt -0.345703 -0.609375
vt 1.0 0.5
vt 1.0 0.0
vt 1.03125 0.1875
vt 1.15625 0.03125
vt 1.5 0.0
vt 1.0 -0.894531
vt 1.0 -0.597656
vt 0.0 -0.597656
vt 0.0 -0.894531
vt 1.0 -0.515625
vt 0.0 -0.515625
vt 1.0 -0.894531
vt 0.0 -0.894531
vt 0.0 -0.988281
vt 1.0 -0.988281
vt 0.0 3.0
vt 0.0 0.0
vt 8.0 0.0
vt 8.0 3.0
vt 0.753906 -0.599609
vt 1.0 -0.599609
vt 1.0 -0.513672
vt 0.5 -0.513672
vt 1.0 -0.599609
vt 1.279297 -0.599609
vt 1.5 -0.513672
vt 1.0 -0.513672
vt 0.4375 -0.59375
vt 0.4375 -0.890625
vt 0.285156 -0.59375
vt 0.285156 -0.890625
vt 0.4375 -0.890625
vt 0.4375 -0.394531
vt 0.285156 -0.394531
vt 0.285156 -0.486328
vt 0.4375 -0.394531
vt 0.4375 -0.59375
vt 0.285156 -0.59375
vt 0.4375 -0.890625
vt 2.0 -0.894531
vt 2.0 -0.597656
vt 0.0 -0.597656
vt 0.0 -0.894531
vt 2.0 -0.515625
vt 0.0 -0.515625
vt 2.0 -0.894531
vt 0.0 -0.894531
vt 0.0 -0.988281
vt 2.0 -0.988281
vt 0.841797 -0.986328
vt 0.998047 -0.986328
vt 0.966797 -0.892578
vt 0.841797 -0.892578
vt 0.498047 -0.986328
vt 0.654297 -0.986328
vt 0.654297 -0.892578
vt 0.529297 -0.892578
vt -0.470703 -1.392578
vt -0.345703 -1.392578
vt -0.345703 -1.105469
vt -0.158203 -1.392578
vt -0.158203 -1.105469
vt -0.033203 -1.392578
vt -0.158203 -0.609375
vt -0.251953 -0.515625
vt -0.345703 -0.609375
vt 1.0 0.5
vt 1.0 0.0
vt 1.03125 0.1875
vt 1.15625 0.03125
vt 1.5 0.0
vt 0.0 6.0
vt 0.0 0.0
vt 3.0 0.0
vt 3.0 6.0
vt 0.0 2.0
vt 0.0 0.0
vt 8.0 0.0
vt 8.0 2.0
vt 1.0 -0.894531
vt 1.0 -0.597656
vt 0.0 -0.597656
vt 0.0 -0.894531
vt 1.0 -0.515625
vt 0.0 -0.515625
vt 1.0 -0.894531
vt 0.0 -0.894531
vt 0.0 -0.988281
vt 1.0 -0.988281
vt 0.0 2.0
vt 0.0 0.0
vt 7.0 0.0
vt 7.0 2.0
vt 0.0 3.0
vt 0.0 0.0
vt 4.0 0.0
vt 4.0 3.0
vt 0.753906 -0.599609
vt 1.0 -0.599609
vt 1.0 -0.513672
vt 0.5 -0.513672
vt 1.0 -0.599609
vt 1.279297 -0.599609
vt 1.5 -0.513672
vt 1.0 -0.513672
vt 0.4375 -0.59375
vt 0.4375 -0.890625
vt 0.285156 -0.59375
vt 0.285156 -0.890625
vt 0.4375 -0.890625
vt 0.4375 -0.394531
vt 0.285156 -0.394531
vt 0.285156 -0.486328
vt 0.4375 -0.394531
vt 0.4375 -0.59375
vt 0.285156 -0.59375
vt 0.4375 -0.890625
vt 0.5 -0.894531
vt 0.5 -0.597656
vt 0.0 -0.597656
vt 0.0 -0.894531
vt 0.5 -0.515625
vt 0.0 -0.515625
vt 0.5 -0.894531
vt 0.0 -0.894531
vt 0.0 -0.988281
vt 0.5 -0.988281
vt 0.841797 -0.986328
vt 0.998047 -0.986328
vt 0.966797 -0.892578
vt 0.841797 -0.892578
vt 0.498047 -0.986328
vt 0.654297 -0.986328
vt 0.654297 -0.892578
vt 0.529297 -0.892578
vt -0.470703 -1.392578
vt -0.345703 -1.392578
vt -0.345703 -1.105469
vt -0.158203 -1.392578
vt -0.158203 -1.105469
vt -0.033203 -1.392578
vt -0.158203 -0.609375
vt -0.251953 -0.515625
vt -0.345703 -0.609375
vt 1.0 0.5
vt 1.0 0.0
vt 1.03125 0.1875
vt 1.15625 0.03125
vt 1.5 0.0
vt 0.5 -0.894531
vt 0.5 -0.597656
vt 0.0 -0.597656
vt 0.0 -0.894531
vt 0.5 -0.515625
vt 0.0 -0.515625
vt 0.5 -0.894531
vt 0.0 -0.894531
vt 0.0 -0.988281
vt 0.5 -0.988281
vt 0.0 2.0
vt 0.0 0.0
vt 8.0 0.0
vt 8.0 2.0
vt 0.753906 -0.599609
vt 1.0 -0.599609
vt 1.0 -0.513672
vt 0.5 -0.513672
vt 1.0 -0.599609
vt 1.279297 -0.599609
vt 1.5 -0.513672
vt 1.0 -0.513672
vt 0.4375 -0.59375
vt 0.4375 -0.890625
vt 0.285156 -0.59375
vt 0.285156 -0.890625
vt 0.4375 -0.890625
vt 0.4375 -0.394531
vt 0.285156 -0.394531
vt 0.285156 -0.486328
vt 0.4375 -0.394531
vt 0.4375 -0.59375
vt 0.285156 -0.59375
vt 0.4375 -0.890625
vt 2.0 -0.894531
vt 2.0 -0.597656
vt 0.0 -0.597656
vt 0.0 -0.894531
vt 2.0 -0.515625
vt 0.0 -0.515625
vt 2.0 -0.894531
vt 0.0 -0.894531
vt 0.0 -0.988281
vt 2.0 -0.988281
vt 0.841797 -0.986328
vt 0.998047 -0.986328
vt 0.966797 -0.892578
vt 0.841797 -0.892578
vt 0.498047 -0.986328
vt 0.654297 -0.986328
vt 0.654297 -0.892578
vt 0.529297 -0.892578
vt -0.470703 -1.392578
vt -0.345703 -1.392578
vt -0.345703 -1.105469
vt -0.158203 -1.392578
vt -0.158203 -1.105469
vt -0.033203 -1.392578
vt -0.158203 -0.609375
vt -0.251953 -0.515625
vt -0.345703 -0.609375
vt 1.0 0.5
vt 1.0 0.0
vt 1.03125 0.1875
vt 1.15625 0.03125
vt 1.5 0.0
vt 0.0 2.0
vt 0.0 0.0
vt 2.0 0.0
vt 2.0 2.0
vt 0.753906 -0.599609
vt 1.0 -0.599609
vt 1.0 -0.513672
vt 0.5 -0.513672
vt 1.0 -0.599609
vt 1.279297 -0.599609
vt 1.5 -0.513672
vt 1.0 -0.513672
vt 0.4375 -0.59375
vt 0.4375 -0.890625
vt 0.285156 -0.59375
vt 0.285156 -0.890625
vt 0.4375 -0.890625
vt 0.4375 -0.394531
vt 0.285156 -0.394531
vt 0.285156 -0.486328
vt 0.4375 -0.394531
vt 0.4375 -0.59375
vt 0.285156 -0.59375
vt 0.4375 -0.890625
vt 2.0 -0.894531
vt 2.0 -0.597656
vt 0.0 -0.597656
vt 0.0 -0.894531
vt 2.0 -0.515625
vt 0.0 -0.515625
vt 2.0 -0.894531
vt 0.0 -0.894531
vt 0.0 -0.988281
vt 2.0 -0.988281
vt 0.841797 -0.986328
vt 0.998047 -0.986328
vt 0.966797 -0.892578
vt 0.841797 -0.892578
vt 0.498047 -0.986328
vt 0.654297 -0.986328
vt 0.654297 -0.892578
vt 0.529297 -0.892578
vt -0.470703 -1.392578
vt -0.345703 -1.392578
vt -0.345703 -1.105469
vt -0.158203 -1.392578
vt -0.158203 -1.105469
vt -0.033203 -1.392578
vt -0.158203 -0.609375
vt -0.251953 -0.515625
vt -0.345703 -0.609375
vt 1.0 0.5
vt 1.0 0.0
vt 1.03125 0.1875
vt 1.15625 0.03125
vt 1.5 0.0
vt 3.0 -0.894531
vt 3.0 -0.597656
vt 0.0 -0.597656
vt 0.0 -0.894531
vt 3.0 -0.515625
vt 0.0 -0.515625
vt 3.0 -0.894531
vt 0.0 -0.894531
vt 0.0 -0.988281
vt 3.0 -0.988281
vt 0.841797 -0.986328
vt 0.998047 -0.986328
vt 0.966797 -0.892578
vt 0.841797 -0.892578
vt 0.498047 -0.986328
vt 0.654297 -0.986328
vt 0.654297 -0.892578
vt 0.529297 -0.892578
vt -0.470703 -1.392578
vt -0.345703 -1.392578
vt -0.345703 -1.105469
vt -0.158203 -1.392578
vt -0.158203 -1.105469
vt -0.033203 -1.392578
vt -0.158203 -0.609375
vt -0.251953 -0.515625
vt -0.345703 -0.609375
vt 1.0 0.5
vt 1.0 0.0
vt 1.03125 0.1875
vt 1.15625 0.03125
vt 1.5 0.0
vt 0.0 5.0
vt 0.0 0.0
vt 4.0 0.0
vt 4.0 5.0
vt 0.5 -0.894531
vt 0.5 -0.597656
vt 0.0 -0.597656
vt 0.0 -0.894531
vt 0.5 -0.515625
vt 0.0 -0.515625
vt 0.5 -0.894531
vt 0.0 -0.894531
vt 0.0 -0.988281
vt 0.5 -0.988281
vt 0.0 5.0
vt 0.0 0.0
vt 8.0 0.0
vt 8.0 5.0
vt 0.0 4.0
vt 0.0 0.0
vt 8.0 0.0
vt 8.0 4.0
vt 0.0 3.0
vt 0.0 0.0
vt 4.0 0.0
vt 4.0 3.0
vt 0.753906 -0.599609
vt 1.0 -0.599609
vt 1.0 -0.513672
vt 0.5 -0.513672
vt 1.0 -0.599609
vt 1.279297 -0.599609
vt 1.5 -0.513672
vt 1.0 -0.513672
vt 0.4375 -0.59375
vt 0.4375 -0.890625
vt 0.285156 -0.59375
vt 0.285156 -0.890625
vt 0.4375 -0.890625
vt 0.4375 -0.394531
vt 0.285156 -0.394531
vt 0.285156 -0.486328
vt 0.4375 -0.394531
vt 0.4375 -0.59375
vt 0.285156 -0.59375
vt 0.4375 -0.890625
vt 2.0 -0.894531
vt 2.0 -0.597656
vt 0.0 -0.597656
vt 0.0 -0.894531
vt 2.0 -0.515625
vt 0.0 -0.515625
vt 2.0 -0.894531
vt 0.0 -0.894531
vt 0.0 -0.988281
vt 2.0 -0.988281
vt 0.841797 -0.986328
vt 0.998047 -0.986328
vt 0.966797 -0.892578
vt 0.841797 -0.892578
vt 0.498047 -0.986328
vt 0.654297 -0.986328
vt 0.654297 -0.892578
vt 0.529297 -0.892578
vt -0.470703 -1.392578
vt -0.345703 -1.392578
vt -0.345703 -1.105469
vt -0.158203 -1.392578
vt -0.158203 -1.105469
vt -0.033203 -1.392578
vt -0.158203 -0.609375
vt -0.251953 -0.515625
vt -0.345703 -0.609375
vt 1.0 0.5
vt 1.0 0.0
vt 1.03125 0.1875
vt 1.15625 0.03125
vt 1.5 0.0
vt 1.0 -0.894531
vt 1.0 -0.597656
vt 0.0 -0.597656
vt 0.0 -0.894531
vt 1.0 -0.515625
vt 0.0 -0.515625
vt 1.0 -0.894531
vt 0.0 -0.894531
vt 0.0 -0.988281
vt 1.0 -0.988281
vt 0.0 5.0
vt 0.0 0.0
vt 8.0 0.0
vt 8.0 5.0
vt 0.0 3.0
vt 0.0 0.0
vt 8.0 0.0
vt 8.0 3.0
vt 0.0 2.0
vt 0.0 0.0
vt 1.0 0.0
vt 1.0 2.0
vt 0.753906 -0.599609
vt 1.0 -0.599609
vt 1.0 -0.513672
vt 0.5 -0.513672
vt 1.0 -0.599609
vt 1.279297 -0.599609
vt 1.5 -0.513672
vt 1.0 -0.513672
vt 0.4375 -0.59375
vt 0.4375 -0.890625
vt 0.285156 -0.59375
vt 0.285156 -0.890625
vt 0.4375 -0.890625
vt 0.4375 -0.394531
vt 0.285156 -0.394531
vt 0.285156 -0.486328
vt 0.4375 -0.394531
vt 0.4375 -0.59375
vt 0.285156 -0.59375
vt 0.4375 -0.890625
vt 2.0 -0.894531
vt 2.0 -0.597656
vt 0.0 -0.597656
vt 0.0 -0.894531
vt 2.0 -0.515625
vt 0.0 -0.515625
vt 2.0 -0.894531
vt 0.0 -0.894531
vt 0.0 -0.988281
vt 2.0 -0.988281
vt 0.841797 -0.986328
vt 0.998047 -0.986328
vt 0.966797 -0.892578
vt 0.841797 -0.892578
vt 0.498047 -0.986328
vt 0.654297 -0.986328
vt 0.654297 -0.892578
vt 0.529297 -0.892578
vt -0.470703 -1.392578
vt -0.345703 -1.392578
vt -0.345703 -1.105469
vt -0.158203 -1.392578
vt -0.158203 -1.105469
vt -0.033203 -1.392578
vt -0.158203 -0.609375
vt -0.251953 -0.515625
vt -0.345703 -0.609375
vt 1.0 0.5
vt 1.0 0.0
vt 1.03125 0.1875
vt 1.15625 0.03125
vt 1.5 0.0
vt 0.0 2.0
vt 0.0 0.0
vt 8.0 0.0
vt 8.0 2.0
vt 0.753906 -0.599609
vt 1.0 -0.599609
vt 1.0 -0.513672
vt 0.5 -0.513672
vt 1.0 -0.599609
vt 1.279297 -0.599609
vt 1.5 -0.513672
vt 1.0 -0.513672
vt 0.4375 -0.59375
vt 0.4375 -0.890625
vt 0.285156 -0.59375
vt 0.285156 -0.890625
vt 0.4375 -0.890625
vt 0.4375 -0.394531
vt 0.285156 -0.394531
vt 0.285156 -0.486328
vt 0.4375 -0.394531
vt 0.4375 -0.59375
vt 0.285156 -0.59375
vt 0.4375 -0.890625
vt 2.0 -0.894531
vt 2.0 -0.597656
vt 0.0 -0.597656
vt 0.0 -0.894531
vt 2.0 -0.515625
vt 0.0 -0.515625
vt 2.0 -0.894531
vt 0.0 -0.894531
vt 0.0 -0.988281
vt 2.0 -0.988281
vt 0.841797 -0.986328
vt 0.998047 -0.986328
vt 0.966797 -0.892578
vt 0.841797 -0.892578
vt 0.498047 -0.986328
vt 0.654297 -0.986328
vt 0.654297 -0.892578
vt 0.529297 -0.892578
vt -0.470703 -1.392578
vt -0.345703 -1.392578
vt -0.345703 -1.105469
vt -0.158203 -1.392578
vt -0.158203 -1.105469
vt -0.033203 -1.392578
vt -0.158203 -0.609375
vt -0.251953 -0.515625
vt -0.345703 -0.609375
vt 1.0 0.5
vt 1.0 0.0
vt 1.03125 0.1875
vt 1.15625 0.03125
vt 1.5 0.0
vt 0.0 5.0
vt 0.0 0.0
vt 4.0 0.0
vt 4.0 5.0
vt 1.5 -0.894531
vt 1.5 -0.597656
vt 0.0 -0.597656
vt 0.0 -0.894531
vt 1.5 -0.515625
vt 0.0 -0.515625
vt 1.5 -0.894531
vt 0.0 -0.894531
vt 0.0 -0.988281
vt 1.5 -0.988281
vt 0.0 5.0
vt 0.0 0.0
vt 3.0 0.0
vt 3.0 5.0
vt 0.0 2.0
vt 0.0 0.0
vt 6.0 0.0
vt 6.0 2.0
vt 0.0 5.0
vt 0.0 0.0
vt 3.0 0.0
vt 3.0 5.0
vt 0.0 4.0
vt 0.0 0.0
vt 3.0 0.0
vt 3.0 4.0
vt 0.753906 -0.599609
vt 1.0 -0.599609
vt 1.0 -0.513672
vt 0.5 -0.513672
vt 1.0 -0.599609
vt 1.279297 -0.599609
vt 1.5 -0.513672
vt 1.0 -0.513672
vt 0.4375 -0.59375
vt 0.4375 -0.890625
vt 0.285156 -0.59375
vt 0.285156 -0.890625
vt 0.4375 -0.890625
vt 0.4375 -0.394531
vt 0.285156 -0.394531
vt 0.285156 -0.486328
vt 0.4375 -0.394531
vt 0.4375 -0.59375
vt 0.285156 -0.59375
vt 0.4375 -0.890625
vt 3.0 -0.894531
vt 3.0 -0.597656
vt 0.0 -0.597656
vt 0.0 -0.894531
vt 3.0 -0.515625
vt 0.0 -0.515625
vt 3.0 -0.894531
vt 0.0 -0.894531
vt 0.0 -0.988281
vt 3.0 -0.988281
vt 0.841797 -0.986328
vt 0.998047 -0.986328
vt 0.966797 -0.892578
vt 0.841797 -0.892578
vt 0.498047 -0.986328
vt 0.654297 -0.986328
vt 0.654297 -0.892578
vt 0.529297 -0.892578
vt -0.470703 -1.392578
vt -0.345703 -1.392578
vt -0.345703 -1.105469
vt -0.158203 -1.392578
vt -0.158203 -1.105469
vt -0.033203 -1.392578
vt -0.158203 -0.609375
vt -0.251953 -0.515625
vt -0.345703 -0.609375
vt 1.0 0.5
vt 1.0 0.0
vt 1.03125 0.1875
vt 1.15625 0.03125
vt 1.5 0.0
vt 0.0 3.0
vt 0.0 0.0
vt 1.0 0.0
vt 1.0 3.0
vt 0.0 7.0
vt 0.0 0.0
vt 2.0 0.0
vt 2.0 7.0
vt 0.753906 -0.599609
vt 1.0 -0.599609
vt 1.0 -0.513672
vt 0.5 -0.513672
vt 1.0 -0.599609
vt 1.279297 -0.599609
vt 1.5 -0.513672
vt 1.0 -0.513672
vt 0.4375 -0.59375
vt 0.4375 -0.890625
vt 0.285156 -0.59375
vt 0.285156 -0.890625
vt 0.4375 -0.890625
vt 0.4375 -0.394531
vt 0.285156 -0.394531
vt 0.285156 -0.486328
vt 0.4375 -0.394531
vt 0.4375 -0.59375
vt 0.285156 -0.59375
vt 0.4375 -0.890625
vt 3.0 -0.894531
vt 3.0 -0.597656
vt 0.0 -0.597656
vt 0.0 -0.894531
vt 3.0 -0.515625
vt 0.0 -0.515625
vt 3.0 -0.894531
vt 0.0 -0.894531
vt 0.0 -0.988281
vt 3.0 -0.988281
vt 0.841797 -0.986328
vt 0.998047 -0.986328
vt 0.966797 -0.892578
vt 0.841797 -0.892578
vt 0.498047 -0.986328
vt 0.654297 -0.986328
vt 0.654297 -0.892578
vt 0.529297 -0.892578
vt -0.470703 -1.392578
vt -0.345703 -1.392578
vt -0.345703 -1.105469
vt -0.158203 -1.392578
vt -0.158203 -1.105469
vt -0.033203 -1.392578
vt -0.158203 -0.609375
vt -0.251953 -0.515625
vt -0.345703 -0.609375
vt 1.0 0.5
vt 1.0 0.0
vt 1.03125 0.1875
vt 1.15625 0.03125
vt 1.5 0.0
vt 0.0 1.0
vt 0.0 0.0
vt 1.0 0.0
vt 1.0 1.0
vt 0.0 7.0
vt 0.0 0.0
vt 1.0 0.0
vt 1.0 7.0
vt 0.753906 -0.599609
vt 1.0 -0.599609
vt 1.0 -0.513672
vt 0.5 -0.513672
vt 1.0 -0.599609
vt 1.279297 -0.599609
vt 1.5 -0.513672
vt 1.0 -0.513672
vt 0.4375 -0.59375
vt 0.4375 -0.890625
vt 0.285156 -0.59375
vt 0.285156 -0.890625
vt 0.4375 -0.890625
vt 0.4375 -0.394531
vt 0.285156 -0.394531
vt 0.285156 -0.486328
vt 0.4375 -0.394531
vt 0.4375 -0.59375
vt 0.285156 -0.59375
vt 0.4375 -0.890625
vt 2.0 -0.894531
vt 2.0 -0.597656
vt 0.0 -0.597656
vt 0.0 -0.894531
vt 2.0 -0.515625
vt 0.0 -0.515625
vt 2.0 -0.894531
vt 0.0 -0.894531
vt 0.0 -0.988281
vt 2.0 -0.988281
vt 0.841797 -0.986328
vt 0.998047 -0.986328
vt 0.966797 -0.892578
vt 0.841797 -0.892578
vt 0.498047 -0.986328
vt 0.654297 -0.986328
vt 0.654297 -0.892578
vt 0.529297 -0.892578
vt -0.470703 -1.392578
vt -0.345703 -1.392578
vt -0.345703 -1.105469
vt -0.158203 -1.392578
vt -0.158203 -1.105469
vt -0.033203 -1.392578
vt -0.158203 -0.609375
vt -0.251953 -0.515625
vt -0.345703 -0.609375
vt 1.0 0.5
vt 1.0 0.0
vt 1.03125 0.1875
vt 1.15625 0.03125
vt 1.5 0.0
vt 0.0 1.0
vt 0.0 0.0
vt 1.0 0.0
vt 1.0 1.0
vt 0.0 3.0
vt 0.0 0.0
vt 1.0 0.0
vt 1.0 3.0
vt 2.0 4.500002
vt 0.0 4.500002
vt 2.0 2.499998
vt 0.0 2.499998
vt 2.0 6.500002
vt 0.0 6.500002
vt 2.0 4.499998
vt 0.0 4.499998
vt 2.0 8.000002
vt 0.0 8.000002
vt 2.0 6.4999986
vt 0.0 6.4999986
vt 2.5 -2.0E-6
vt 0.5 -2.0E-6
vt 2.5 2.000002
vt 0.5 2.000002
vt 2.5 2.5000005
vt 0.5 2.5000005
vt 2.5 1.9999995
vt 0.5 1.9999995
vt 4.0 4.500002
vt 2.0 4.500002
vt 4.0 2.499998
vt 2.0 2.499998
vt 4.0 6.500002
vt 2.0 6.500002
vt 4.0 4.499998
vt 2.0 4.499998
vt 4.0 8.000002
vt 2.0 8.000002
vt 4.0 6.4999986
vt 2.0 6.4999986
vt 4.5 -2.0E-6
vt 2.5 -2.0E-6
vt 4.5 2.000002
vt 2.5 2.000002
vt 4.5 2.5000005
vt 2.5 2.5000005
vt 4.5 1.9999995
vt 2.5 1.9999995
vt 6.0 4.500002
vt 4.0 4.500002
vt 6.0 2.499998
vt 4.0 2.499998
vt 6.0 6.500002
vt 4.0 6.500002
vt 6.0 4.499998
vt 4.0 4.499998
vt 6.0 8.000002
vt 4.0 8.000002
vt 6.0 6.4999986
vt 4.0 6.4999986
vt 6.5 -2.0E-6
vt 4.5 -2.0E-6
vt 6.5 2.000002
vt 4.5 2.000002
vt 6.5 2.5000005
vt 4.5 2.5000005
vt 6.5 1.9999995
vt 4.5 1.9999995
vt 8.0 4.500002
vt 6.0 4.500002
vt 8.0 2.499998
vt 6.0 2.499998
vt 8.0 6.500002
vt 6.0 6.500002
vt 8.0 4.499998
vt 6.0 4.499998
vt 8.0 8.000002
vt 6.0 8.000002
vt 8.0 6.4999986
vt 6.0 6.4999986
vt 8.0 -2.0E-6
vt 6.5 -2.0E-6
vt 8.0 2.000002
vt 6.5 2.000002
vt 8.0 2.5000005
vt 6.5 2.5000005
vt 8.0 1.9999995
vt 6.5 1.9999995
vn 0.0 -0.0 1.0
vn 0.0 -0.0 1.0
vn -0.0 -0.0 1.0
vn 0.0 6.0E-4 1.0
vn 0.0 -7.0E-4 1.0
vn 0.0 0.0838 0.9965
vn 4.0E-4 -0.0 1.0
vn -0.0 0.0 1.0
vn 6.0E-4 -0.0 1.0
vn -7.0E-4 -0.0 1.0
vn 0.0838 -0.0 0.9965
vn -0.0 -4.0E-4 1.0
vn -0.0 0.0 1.0
vn 6.0E-4 -0.0 1.0
vn -7.0E-4 -0.0 1.0
vn 0.0838 -0.0 0.9965
vn -0.0 -4.0E-4 1.0
vn 0.0 0.0 1.0
vn 0.7071 -0.0 0.7071
vn 0.8321 -0.0 0.5547
vn 0.0434 0.0 0.9991
vn 0.6947 0.0309 0.7186
vn 0.5609 0.5609 0.609
vn 0.028 0.7246 0.6886
vn 0.8515 0.0338 0.5233
vn -0.0025 0.844 0.5364
vn 0.0062 0.0149 0.9999
vn 0.0 -0.9371 0.3492
vn 0.6193 -0.6885 0.3775
vn 0.5992 -0.7069 0.3759
vn 0.882 -0.441 0.1664
vn 0.6447 -0.7456 0.1685
vn 0.6542 -0.7372 0.1688
vn -0.8794 0.4547 0.1415
vn -0.6542 -0.7372 0.1688
vn -0.3228 -0.9351 0.1466
vn -0.6447 -0.7456 0.1685
vn 0.8301 -0.4151 0.3724
vn -0.882 -0.441 0.1664
vn 0.3228 -0.9351 0.1466
vn -0.3078 -0.8916 0.3322
vn 0.5292 0.7978 0.2889
vn 0.6624 0.7037 0.2571
vn 0.6464 0.7168 0.2615
vn 0.8822 0.4405 0.1664
vn -0.3226 0.8737 0.3643
vn -0.0069 0.8033 0.5955
vn 0.1431 0.726 0.6726
vn 0.5903 0.2944 0.7516
vn 0.5902 -0.2951 0.7514
vn 0.4073 -0.5171 0.7528
vn 0.4417 -0.4814 0.7571
vn 0.2307 -0.6685 0.707
vn 0.1484 0.8323 0.534
vn -0.1958 0.6669 0.719
vn -0.2526 0.6255 0.7382
vn -0.58 0.2821 0.7642
vn -0.4183 -0.2091 0.8839
vn -0.3364 0.8606 0.3823
vn -0.8069 0.4311 0.4038
vn -0.2307 -0.6685 0.707
vn -0.9361 0.2695 0.2259
vn 0.8305 0.4142 0.3725
vn -0.3541 0.934 0.0472
vn -0.0 0.0 1.0
vn 0.0 -0.0 1.0
vn 0.0 -0.0 1.0
vn 0.0 -0.0 1.0
vn 0.0 -0.0 1.0
vn 0.0 -0.0 1.0
vn 0.0 -0.0 1.0
vn 0.0 -0.0 1.0
vn 0.0 -0.0 1.0
vn 0.0 -0.0 1.0
vn 0.0 -0.0 1.0
vn 0.0 -0.0 1.0
vn 0.0 -0.0 1.0
vn 0.0 -0.0 1.0
vn 0.0 -0.0 1.0
vn 0.0 -0.0 1.0
vn 0.0 -0.9371 0.3492
vn 0.6193 -0.6885 0.3775
vn 0.5992 -0.7069 0.3759
vn 0.882 -0.441 0.1664
vn 0.6447 -0.7456 0.1685
vn 0.6542 -0.7372 0.1688
vn -0.8794 0.4547 0.1415
vn -0.6542 -0.7372 0.1688
vn -0.3228 -0.9351 0.1466
vn -0.6447 -0.7456 0.1685
vn 0.8301 -0.4151 0.3724
vn -0.882 -0.441 0.1664
vn 0.3228 -0.9351 0.1466
vn -0.3078 -0.8916 0.3322
vn 0.5292 0.7978 0.2889
vn 0.6624 0.7037 0.2571
vn 0.6464 0.7168 0.2615
vn 0.8822 0.4405 0.1664
vn -0.3226 0.8737 0.3643
vn -0.0069 0.8033 0.5955
vn 0.1431 0.726 0.6726
vn 0.5903 0.2944 0.7516
vn 0.5902 -0.2951 0.7514
vn 0.4073 -0.5171 0.7528
vn 0.4417 -0.4814 0.7571
vn 0.2307 -0.6685 0.707
vn 0.1484 0.8323 0.534
vn -0.1958 0.6669 0.719
vn -0.2526 0.6255 0.7382
vn -0.58 0.2821 0.7642
vn -0.4183 -0.2091 0.8839
vn -0.3364 0.8606 0.3823
vn -0.8069 0.4311 0.4038
vn -0.2307 -0.6685 0.707
vn -0.9361 0.2695 0.2259
vn 0.8305 0.4142 0.3725
vn -0.3541 0.934 0.0472
vn -0.0 0.0 1.0
vn 0.0 -0.0 1.0
vn 0.0 -0.0 1.0
vn 0.0 -0.0 1.0
vn 0.0 -0.0 1.0
vn 0.0 -0.0 1.0
vn 0.0 -0.0 1.0
vn 0.0 -0.0 1.0
vn 0.0 -0.0 1.0
vn 0.0 -0.0 1.0
vn 0.0 -0.0 1.0
vn 0.0 -0.0 1.0
vn 0.0 -0.0 1.0
vn 0.0 -0.0 1.0
vn 0.0 -0.0 1.0
vn 0.0 -0.0 1.0
vn 0.0 -0.0 1.0
vn 0.0 -0.0 1.0
vn 0.0 -0.0 1.0
vn 0.0 -0.0 1.0
vn -0.9371 -0.0 0.3492
vn -0.6885 -0.6193 0.3775
vn -0.7069 -0.5992 0.3759
vn -0.441 -0.882 0.1664
vn -0.7456 -0.6447 0.1685
vn -0.7372 -0.6542 0.1688
vn 0.4547 0.8794 0.1415
vn -0.7372 0.6542 0.1688
vn -0.9351 0.3228 0.1466
vn -0.7456 0.6447 0.1685
vn -0.4151 -0.8301 0.3724
vn -0.441 0.882 0.1664
vn -0.9351 -0.3228 0.1466
vn -0.8916 0.3078 0.3322
vn 0.7978 -0.5292 0.2889
vn 0.7037 -0.6624 0.2571
vn 0.7168 -0.6464 0.2615
vn 0.4405 -0.8822 0.1664
vn 0.8737 0.3226 0.3643
vn 0.8033 0.0069 0.5955
vn 0.726 -0.1431 0.6726
vn 0.2944 -0.5903 0.7516
vn -0.2951 -0.5902 0.7514
vn -0.5171 -0.4073 0.7528
vn -0.4814 -0.4417 0.7571
vn -0.6685 -0.2307 0.707
vn 0.8323 -0.1484 0.534
vn 0.6669 0.1958 0.719
vn 0.6255 0.2526 0.7382
vn 0.2821 0.58 0.7642
vn -0.2091 0.4183 0.8839
vn 0.8606 0.3364 0.3823
vn 0.4311 0.8069 0.4038
vn -0.6685 0.2307 0.707
vn 0.2695 0.9361 0.2259
vn 0.4142 -0.8305 0.3725
vn 0.934 0.3541 0.0472
vn 0.0 0.0 1.0
vn 0.0 -0.0 1.0
vn 0.0 -0.0 1.0
vn 0.0 -0.0 1.0
vn 0.0 -0.0 1.0
vn 0.0 -0.0 1.0
vn 0.0 -0.0 1.0
vn 0.0 -0.0 1.0
vn 0.0 -0.0 1.0
vn -0.0 -0.0 1.0
vn -0.0 0.7071 0.7071
vn -0.0 0.5258 0.8506
vn 0.0 0.0 1.0
vn -0.0 0.426 0.9047
vn 0.0 -0.0 1.0
vn 0.0 -0.0 1.0
vn -0.0 0.7071 0.7071
vn -0.0 0.5258 0.8506
vn 0.0 0.0 1.0
vn -0.0 0.426 0.9047
vn 0.0 -0.0 1.0
vn 0.0 -0.0 1.0
vn -0.0 0.7071 0.7071
vn -0.0 0.5258 0.8506
vn 0.0 0.0 1.0
vn -0.0 0.426 0.9047
vn 0.0 -0.0 1.0
vn -0.0 0.7071 0.7071
vn -0.0 0.5258 0.8506
vn 0.0 0.0 1.0
vn -0.0 0.426 0.9047
vn 0.0 -0.0 1.0
vn -0.0 0.7071 0.7071
vn -0.0 0.5258 0.8506
vn 0.0 0.0 1.0
vn -0.0 0.426 0.9047
vn 0.0 -0.0 1.0
vn 0.0 -0.0 1.0
vn 0.3865 0.3865 0.8374
vn 0.526 -0.0 0.8505
vn 0.0 -0.0 1.0
vn -0.0 0.526 0.8505
vn -0.0 0.5259 0.8505
vn 0.3262 0.6425 0.6934
vn 0.4629 0.4629 0.7559
vn 0.6426 0.3262 0.6933
vn 0.6426 0.3262 0.6934
vn 0.3262 0.6426 0.6934
vn 0.5259 -0.0 0.8505
vn 0.7071 0.0 0.7071
vn 0.5258 0.0 0.8506
vn 0.0 -0.0 1.0
vn 0.426 0.0 0.9047
vn 0.0808 0.1651 0.983
vn 0.0178 0.2269 0.9738
vn 0.0558 0.6983 0.7136
vn 0.3474 0.5641 0.7491
vn 0.1819 0.0679 0.981
vn 0.1788 0.0657 0.9817
vn 0.5999 0.2295 0.7665
vn 0.6978 0.0672 0.7132
vn 0.6948 0.0644 0.7163
vn 0.6012 0.2303 0.7652
vn 0.6426 0.3262 0.6933
vn 0.3477 0.5703 0.7442
vn 0.25 0.5665 0.7852
vn 0.0567 0.6961 0.7157
vn -0.0 -0.0 1.0
vn 0.6425 0.3262 0.6933
vn -0.0 0.7071 0.7071
vn -0.0 0.5258 0.8506
vn 0.0 0.0 1.0
vn -0.0 0.426 0.9047
vn 0.0 -0.0 1.0
vn 0.0 -0.0 1.0
vn -0.0 -0.0 1.0
vn -0.0 -0.0 1.0
vn 0.3865 0.3865 0.8374
vn 0.526 -0.0 0.8505
vn 0.0 -0.0 1.0
vn -0.0 0.526 0.8505
vn -0.0 0.5259 0.8505
vn 0.3262 0.6425 0.6934
vn 0.4629 0.4629 0.7559
vn 0.6426 0.3262 0.6933
vn 0.6426 0.3262 0.6934
vn 0.3262 0.6426 0.6934
vn 0.5259 -0.0 0.8505
vn 0.7071 0.0 0.7071
vn 0.5258 0.0 0.8506
vn 0.0 -0.0 1.0
vn 0.426 0.0 0.9047
vn 0.0808 0.1651 0.983
vn 0.0178 0.2269 0.9738
vn 0.0558 0.6983 0.7136
vn 0.3474 0.5641 0.7491
vn 0.1819 0.0679 0.981
vn 0.1788 0.0657 0.9817
vn 0.5999 0.2295 0.7665
vn 0.6978 0.0672 0.7132
vn 0.6948 0.0644 0.7163
vn 0.6012 0.2303 0.7652
vn 0.6426 0.3262 0.6933
vn 0.3477 0.5703 0.7442
vn 0.25 0.5665 0.7852
vn 0.0567 0.6961 0.7157
vn -0.0 -0.0 1.0
vn 0.6425 0.3262 0.6933
vn 0.3865 0.3865 0.8374
vn 0.526 -0.0 0.8505
vn 0.0 -0.0 1.0
vn -0.0 0.526 0.8505
vn -0.0 0.5259 0.8505
vn 0.3262 0.6425 0.6934
vn 0.4629 0.4629 0.7559
vn 0.6426 0.3262 0.6933
vn 0.6426 0.3262 0.6934
vn 0.3262 0.6426 0.6934
vn 0.5259 -0.0 0.8505
vn 0.0808 0.1651 0.983
vn 0.0178 0.2269 0.9738
vn 0.0558 0.6983 0.7136
vn 0.3474 0.5641 0.7491
vn 0.1819 0.0679 0.981
vn 0.1788 0.0657 0.9817
vn 0.5999 0.2295 0.7665
vn 0.6978 0.0672 0.7132
vn 0.6948 0.0644 0.7163
vn 0.6012 0.2303 0.7652
vn 0.6426 0.3262 0.6933
vn 0.3477 0.5703 0.7442
vn 0.25 0.5665 0.7852
vn 0.0567 0.6961 0.7157
vn -0.0 -0.0 1.0
vn 0.6425 0.3262 0.6933
vn -0.3865 0.3865 0.8374
vn 0.0 0.526 0.8505
vn 0.0 0.0 1.0
vn -0.526 -0.0 0.8505
vn -0.5259 -0.0 0.8505
vn -0.6425 0.3262 0.6934
vn -0.4629 0.4629 0.7559
vn -0.3262 0.6426 0.6933
vn -0.3262 0.6426 0.6934
vn -0.6426 0.3262 0.6934
vn 0.0 0.5259 0.8505
vn -0.1651 0.0808 0.983
vn -0.2269 0.0178 0.9738
vn -0.6983 0.0558 0.7136
vn -0.5641 0.3474 0.7491
vn -0.0679 0.1819 0.981
vn -0.0657 0.1788 0.9817
vn -0.2295 0.5999 0.7665
vn -0.0672 0.6978 0.7132
vn -0.0644 0.6948 0.7163
vn -0.2303 0.6012 0.7652
vn -0.3262 0.6426 0.6933
vn -0.5703 0.3477 0.7442
vn -0.5665 0.25 0.7852
vn -0.6961 0.0567 0.7157
vn 0.0 -0.0 1.0
vn -0.3262 0.6425 0.6933
vn 0.0 -0.0 1.0
vn 0.0 -0.0 1.0
vn 0.7071 0.0 0.7071
vn 0.5258 0.0 0.8506
vn 0.0 -0.0 1.0
vn 0.426 0.0 0.9047
vn 0.7071 0.0 0.7071
vn 0.5258 0.0 0.8506
vn 0.0 -0.0 1.0
vn 0.426 0.0 0.9047
vn 0.0808 0.1651 0.983
vn 0.0178 0.2269 0.9738
vn 0.0558 0.6983 0.7136
vn 0.3474 0.5641 0.7491
vn 0.1819 0.0679 0.981
vn 0.1788 0.0657 0.9817
vn 0.5999 0.2295 0.7665
vn 0.6978 0.0672 0.7132
vn 0.6948 0.0644 0.7163
vn 0.6012 0.2303 0.7652
vn 0.6426 0.3262 0.6933
vn 0.3477 0.5703 0.7442
vn 0.25 0.5665 0.7852
vn 0.0567 0.6961 0.7157
vn -0.0 -0.0 1.0
vn 0.6425 0.3262 0.6933
vn -0.0 0.7071 0.7071
vn -0.0 0.5258 0.8506
vn 0.0 0.0 1.0
vn -0.0 0.426 0.9047
vn 0.0 -0.0 1.0
vn 0.0 -0.0 1.0
vn -0.0 0.7071 0.7071
vn -0.0 0.5258 0.8506
vn 0.0 0.0 1.0
vn -0.0 0.426 0.9047
vn 0.0 -0.0 1.0
vn 0.0 -0.0 1.0
vn -0.0 0.7071 0.7071
vn -0.0 0.5258 0.8506
vn 0.0 0.0 1.0
vn -0.0 0.426 0.9047
vn 0.0 -0.0 1.0
vn 0.0 -0.0 1.0
vn 0.0 -0.0 1.0
vn 0.3865 0.3865 0.8374
vn 0.526 -0.0 0.8505
vn 0.0 -0.0 1.0
vn -0.0 0.526 0.8505
vn -0.0 0.5259 0.8505
vn 0.3262 0.6425 0.6934
vn 0.4629 0.4629 0.7559
vn 0.6426 0.3262 0.6933
vn 0.6426 0.3262 0.6934
vn 0.3262 0.6426 0.6934
vn 0.5259 -0.0 0.8505
vn 0.7071 0.0 0.7071
vn 0.5258 0.0 0.8506
vn 0.0 -0.0 1.0
vn 0.426 0.0 0.9047
vn 0.7071 0.0 0.7071
vn 0.5258 0.0 0.8506
vn 0.0 -0.0 1.0
vn 0.426 0.0 0.9047
vn 0.0808 0.1651 0.983
vn 0.0178 0.2269 0.9738
vn 0.0558 0.6983 0.7136
vn 0.3474 0.5641 0.7491
vn 0.1819 0.0679 0.981
vn 0.1788 0.0657 0.9817
vn 0.5999 0.2295 0.7665
vn 0.6978 0.0672 0.7132
vn 0.6948 0.0644 0.7163
vn 0.6012 0.2303 0.7652
vn 0.6426 0.3262 0.6933
vn 0.3477 0.5703 0.7442
vn 0.25 0.5665 0.7852
vn 0.0567 0.6961 0.7157
vn -0.0 -0.0 1.0
vn 0.6425 0.3262 0.6933
vn 0.3865 0.3865 0.8374
vn 0.526 -0.0 0.8505
vn 0.0 -0.0 1.0
vn -0.0 0.526 0.8505
vn -0.0 0.5259 0.8505
vn 0.3262 0.6425 0.6934
vn 0.4629 0.4629 0.7559
vn 0.6426 0.3262 0.6933
vn 0.6426 0.3262 0.6934
vn 0.3262 0.6426 0.6934
vn 0.5259 -0.0 0.8505
vn 0.7071 0.0 0.7071
vn 0.5258 0.0 0.8506
vn 0.0 -0.0 1.0
vn 0.426 0.0 0.9047
vn 0.0808 0.1651 0.983
vn 0.0178 0.2269 0.9738
vn 0.0558 0.6983 0.7136
vn 0.3474 0.5641 0.7491
vn 0.1819 0.0679 0.981
vn 0.1788 0.0657 0.9817
vn 0.5999 0.2295 0.7665
vn 0.6978 0.0672 0.7132
vn 0.6948 0.0644 0.7163
vn 0.6012 0.2303 0.7652
vn 0.6426 0.3262 0.6933
vn 0.3477 0.5703 0.7442
vn 0.25 0.5665 0.7852
vn 0.0567 0.6961 0.7157
vn -0.0 -0.0 1.0
vn 0.6425 0.3262 0.6933
vn 0.3865 0.3865 0.8374
vn 0.526 -0.0 0.8505
vn 0.0 -0.0 1.0
vn -0.0 0.526 0.8505
vn -0.0 0.5259 0.8505
vn 0.3262 0.6425 0.6934
vn 0.4629 0.4629 0.7559
vn 0.6426 0.3262 0.6933
vn 0.6426 0.3262 0.6934
vn 0.3262 0.6426 0.6934
vn 0.5259 -0.0 0.8505
vn 0.0808 0.1651 0.983
vn 0.0178 0.2269 0.9738
vn 0.0558 0.6983 0.7136
vn 0.3474 0.5641 0.7491
vn 0.1819 0.0679 0.981
vn 0.1788 0.0657 0.9817
vn 0.5999 0.2295 0.7665
vn 0.6978 0.0672 0.7132
vn 0.6948 0.0644 0.7163
vn 0.6012 0.2303 0.7652
vn 0.6426 0.3262 0.6933
vn 0.3477 0.5703 0.7442
vn 0.25 0.5665 0.7852
vn 0.0567 0.6961 0.7157
vn -0.0 -0.0 1.0
vn 0.6425 0.3262 0.6933
vn 0.7071 0.0 0.7071
vn 0.5258 0.0 0.8506
vn 0.0 -0.0 1.0
vn 0.426 0.0 0.9047
vn 0.0808 0.1651 0.983
vn 0.0178 0.2269 0.9738
vn 0.0558 0.6983 0.7136
vn 0.3474 0.5641 0.7491
vn 0.1819 0.0679 0.981
vn 0.1788 0.0657 0.9817
vn 0.5999 0.2295 0.7665
vn 0.6978 0.0672 0.7132
vn 0.6948 0.0644 0.7163
vn 0.6012 0.2303 0.7652
vn 0.6426 0.3262 0.6933
vn 0.3477 0.5703 0.7442
vn 0.25 0.5665 0.7852
vn 0.0567 0.6961 0.7157
vn -0.0 -0.0 1.0
vn 0.6425 0.3262 0.6933
vn 0.0 -0.0 1.0
vn 0.0 -0.0 1.0
vn -0.0 0.7071 0.7071
vn -0.0 0.5258 0.8506
vn 0.0 0.0 1.0
vn -0.0 0.426 0.9047
vn 0.0 -0.0 1.0
vn 0.0 -0.0 1.0
vn 0.0 -0.0 1.0
vn -0.0 0.7071 0.7071
vn -0.0 0.5258 0.8506
vn 0.0 0.0 1.0
vn -0.0 0.426 0.9047
vn 0.0 -0.0 1.0
vn 0.0 -0.0 1.0
vn 0.3865 0.3865 0.8374
vn 0.526 -0.0 0.8505
vn 0.0 -0.0 1.0
vn -0.0 0.526 0.8505
vn -0.0 0.5259 0.8505
vn 0.3262 0.6425 0.6934
vn 0.4629 0.4629 0.7559
vn 0.6426 0.3262 0.6933
vn 0.6426 0.3262 0.6934
vn 0.3262 0.6426 0.6934
vn 0.5259 -0.0 0.8505
vn 0.7071 0.0 0.7071
vn 0.5258 0.0 0.8506
vn 0.0 -0.0 1.0
vn 0.426 0.0 0.9047
vn 0.0808 0.1651 0.983
vn 0.0178 0.2269 0.9738
vn 0.0558 0.6983 0.7136
vn 0.3474 0.5641 0.7491
vn 0.1819 0.0679 0.981
vn 0.1788 0.0657 0.9817
vn 0.5999 0.2295 0.7665
vn 0.6978 0.0672 0.7132
vn 0.6948 0.0644 0.7163
vn 0.6012 0.2303 0.7652
vn 0.6426 0.3262 0.6933
vn 0.3477 0.5703 0.7442
vn 0.25 0.5665 0.7852
vn 0.0567 0.6961 0.7157
vn -0.0 -0.0 1.0
vn 0.6425 0.3262 0.6933
vn 0.0 -0.0 1.0
vn 0.3865 0.3865 0.8374
vn 0.526 -0.0 0.8505
vn 0.0 -0.0 1.0
vn -0.0 0.526 0.8505
vn -0.0 0.5259 0.8505
vn 0.3262 0.6425 0.6934
vn 0.4629 0.4629 0.7559
vn 0.6426 0.3262 0.6933
vn 0.6426 0.3262 0.6934
vn 0.3262 0.6426 0.6934
vn 0.5259 -0.0 0.8505
vn 0.7071 0.0 0.7071
vn 0.5258 0.0 0.8506
vn 0.0 -0.0 1.0
vn 0.426 0.0 0.9047
vn 0.0808 0.1651 0.983
vn 0.0178 0.2269 0.9738
vn 0.0558 0.6983 0.7136
vn 0.3474 0.5641 0.7491
vn 0.1819 0.0679 0.981
vn 0.1788 0.0657 0.9817
vn 0.5999 0.2295 0.7665
vn 0.6978 0.0672 0.7132
vn 0.6948 0.0644 0.7163
vn 0.6012 0.2303 0.7652
vn 0.6426 0.3262 0.6933
vn 0.3477 0.5703 0.7442
vn 0.25 0.5665 0.7852
vn 0.0567 0.6961 0.7157
vn -0.0 -0.0 1.0
vn 0.6425 0.3262 0.6933
vn 0.0 -0.0 1.0
vn 0.3865 0.3865 0.8374
vn 0.526 -0.0 0.8505
vn 0.0 -0.0 1.0
vn -0.0 0.526 0.8505
vn -0.0 0.5259 0.8505
vn 0.3262 0.6425 0.6934
vn 0.4629 0.4629 0.7559
vn 0.6426 0.3262 0.6933
vn 0.6426 0.3262 0.6934
vn 0.3262 0.6426 0.6934
vn 0.5259 -0.0 0.8505
vn 0.7071 0.0 0.7071
vn 0.5258 0.0 0.8506
vn 0.0 -0.0 1.0
vn 0.426 0.0 0.9047
vn 0.0808 0.1651 0.983
vn 0.0178 0.2269 0.9738
vn 0.0558 0.6983 0.7136
vn 0.3474 0.5641 0.7491
vn 0.1819 0.0679 0.981
vn 0.1788 0.0657 0.9817
vn 0.5999 0.2295 0.7665
vn 0.6978 0.0672 0.7132
vn 0.6948 0.0644 0.7163
vn 0.6012 0.2303 0.7652
vn 0.6426 0.3262 0.6933
vn 0.3477 0.5703 0.7442
vn 0.25 0.5665 0.7852
vn 0.0567 0.6961 0.7157
vn -0.0 -0.0 1.0
vn 0.6425 0.3262 0.6933
vn 0.0 -0.0 1.0
vn 0.3865 0.3865 0.8374
vn 0.526 -0.0 0.8505
vn 0.0 -0.0 1.0
vn -0.0 0.526 0.8505
vn -0.0 0.5259 0.8505
vn 0.3262 0.6425 0.6934
vn 0.4629 0.4629 0.7559
vn 0.6426 0.3262 0.6933
vn 0.6426 0.3262 0.6934
vn 0.3262 0.6426 0.6934
vn 0.5259 -0.0 0.8505
vn 0.7071 0.0 0.7071
vn 0.5258 0.0 0.8506
vn 0.0 -0.0 1.0
vn 0.426 0.0 0.9047
vn 0.0808 0.1651 0.983
vn 0.0178 0.2269 0.9738
vn 0.0558 0.6983 0.7136
vn 0.3474 0.5641 0.7491
vn 0.1819 0.0679 0.981
vn 0.1788 0.0657 0.9817
vn 0.5999 0.2295 0.7665
vn 0.6978 0.0672 0.7132
vn 0.6948 0.0644 0.7163
vn 0.6012 0.2303 0.7652
vn 0.6426 0.3262 0.6933
vn 0.3477 0.5703 0.7442
vn 0.25 0.5665 0.7852
vn 0.0567 0.6961 0.7157
vn -0.0 -0.0 1.0
vn 0.6425 0.3262 0.6933
vn 0.0 -0.0 1.0
vn 0.3865 0.3865 0.8374
vn 0.526 -0.0 0.8505
vn 0.0 -0.0 1.0
vn -0.0 0.526 0.8505
vn -0.0 0.5259 0.8505
vn 0.3262 0.6425 0.6934
vn 0.4629 0.4629 0.7559
vn 0.6426 0.3262 0.6933
vn 0.6426 0.3262 0.6934
vn 0.3262 0.6426 0.6934
vn 0.5259 -0.0 0.8505
vn 0.7071 0.0 0.7071
vn 0.5258 0.0 0.8506
vn 0.0 -0.0 1.0
vn 0.426 0.0 0.9047
vn 0.0808 0.1651 0.983
vn 0.0178 0.2269 0.9738
vn 0.0558 0.6983 0.7136
vn 0.3474 0.5641 0.7491
vn 0.1819 0.0679 0.981
vn 0.1788 0.0657 0.9817
vn 0.5999 0.2295 0.7665
vn 0.6978 0.0672 0.7132
vn 0.6948 0.0644 0.7163
vn 0.6012 0.2303 0.7652
vn 0.6426 0.3262 0.6933
vn 0.3477 0.5703 0.7442
vn 0.25 0.5665 0.7852
vn 0.0567 0.6961 0.7157
vn -0.0 -0.0 1.0
vn 0.6425 0.3262 0.6933
vn 0.0 -0.0 1.0
vn 0.0 -0.0 1.0
vn 0.3865 0.3865 0.8374
vn 0.526 -0.0 0.8505
vn 0.0 -0.0 1.0
vn -0.0 0.526 0.8505
vn -0.0 0.5259 0.8505
vn 0.3262 0.6425 0.6934
vn 0.4629 0.4629 0.7559
vn 0.6426 0.3262 0.6933
vn 0.6426 0.3262 0.6934
vn 0.3262 0.6426 0.6934
vn 0.5259 -0.0 0.8505
vn 0.7071 0.0 0.7071
vn 0.5258 0.0 0.8506
vn 0.0 -0.0 1.0
vn 0.426 0.0 0.9047
vn 0.0808 0.1651 0.983
vn 0.0178 0.2269 0.9738
vn 0.0558 0.6983 0.7136
vn 0.3474 0.5641 0.7491
vn 0.1819 0.0679 0.981
vn 0.1788 0.0657 0.9817
vn 0.5999 0.2295 0.7665
vn 0.6978 0.0672 0.7132
vn 0.6948 0.0644 0.7163
vn 0.6012 0.2303 0.7652
vn 0.6426 0.3262 0.6933
vn 0.3477 0.5703 0.7442
vn 0.25 0.5665 0.7852
vn 0.0567 0.6961 0.7157
vn -0.0 -0.0 1.0
vn 0.6425 0.3262 0.6933
vn 0.0 -0.0 1.0
vn 0.0 -0.0 1.0
vn -0.0 0.7071 0.7071
vn -0.0 0.5258 0.8506
vn 0.0 0.0 1.0
vn -0.0 0.426 0.9047
vn 0.0 -0.0 1.0
vn 0.0 -0.0 1.0
vn 0.0 -0.0 1.0
vn 0.7071 0.0 0.7071
vn 0.5258 0.0 0.8506
vn 0.0 -0.0 1.0
vn 0.426 0.0 0.9047
vn 0.0808 0.1651 0.983
vn 0.0178 0.2269 0.9738
vn 0.0558 0.6983 0.7136
vn 0.3474 0.5641 0.7491
vn 0.1819 0.0679 0.981
vn 0.1788 0.0657 0.9817
vn 0.5999 0.2295 0.7665
vn 0.6978 0.0672 0.7132
vn 0.6948 0.0644 0.7163
vn 0.6012 0.2303 0.7652
vn 0.6426 0.3262 0.6933
vn 0.3477 0.5703 0.7442
vn 0.25 0.5665 0.7852
vn 0.0567 0.6961 0.7157
vn -0.0 -0.0 1.0
vn 0.6425 0.3262 0.6933
vn 0.0 -0.0 1.0
vn 0.0 -0.0 1.0
vn 0.0 -0.0 1.0
vn 0.3865 0.3865 0.8374
vn 0.526 -0.0 0.8505
vn 0.0 -0.0 1.0
vn -0.0 0.526 0.8505
vn -0.0 0.5259 0.8505
vn 0.3262 0.6425 0.6934
vn 0.4629 0.4629 0.7559
vn 0.6426 0.3262 0.6933
vn 0.6426 0.3262 0.6934
vn 0.3262 0.6426 0.6934
vn 0.5259 -0.0 0.8505
vn 0.7071 0.0 0.7071
vn 0.5258 0.0 0.8506
vn 0.0 -0.0 1.0
vn 0.426 0.0 0.9047
vn 0.0808 0.1651 0.983
vn 0.0178 0.2269 0.9738
vn 0.0558 0.6983 0.7136
vn 0.3474 0.5641 0.7491
vn 0.1819 0.0679 0.981
vn 0.1788 0.0657 0.9817
vn 0.5999 0.2295 0.7665
vn 0.6978 0.0672 0.7132
vn 0.6948 0.0644 0.7163
vn 0.6012 0.2303 0.7652
vn 0.6426 0.3262 0.6933
vn 0.3477 0.5703 0.7442
vn 0.25 0.5665 0.7852
vn 0.0567 0.6961 0.7157
vn -0.0 -0.0 1.0
vn 0.6425 0.3262 0.6933
vn 0.0 -0.0 1.0
vn 0.3865 0.3865 0.8374
vn 0.526 -0.0 0.8505
vn 0.0 -0.0 1.0
vn -0.0 0.526 0.8505
vn -0.0 0.5259 0.8505
vn 0.3262 0.6425 0.6934
vn 0.4629 0.4629 0.7559
vn 0.6426 0.3262 0.6933
vn 0.6426 0.3262 0.6934
vn 0.3262 0.6426 0.6934
vn 0.5259 -0.0 0.8505
vn 0.7071 0.0 0.7071
vn 0.5258 0.0 0.8506
vn 0.0 -0.0 1.0
vn 0.426 0.0 0.9047
vn 0.0808 0.1651 0.983
vn 0.0178 0.2269 0.9738
vn 0.0558 0.6983 0.7136
vn 0.3474 0.5641 0.7491
vn 0.1819 0.0679 0.981
vn 0.1788 0.0657 0.9817
vn 0.5999 0.2295 0.7665
vn 0.6978 0.0672 0.7132
vn 0.6948 0.0644 0.7163
vn 0.6012 0.2303 0.7652
vn 0.6426 0.3262 0.6933
vn 0.3477 0.5703 0.7442
vn 0.25 0.5665 0.7852
vn 0.0567 0.6961 0.7157
vn -0.0 -0.0 1.0
vn 0.6425 0.3262 0.6933
vn -0.0 0.7071 0.7071
vn -0.0 0.5258 0.8506
vn 0.0 0.0 1.0
vn -0.0 0.426 0.9047
vn 0.0 -0.0 1.0
vn 0.3865 0.3865 0.8374
vn 0.526 -0.0 0.8505
vn 0.0 -0.0 1.0
vn -0.0 0.526 0.8505
vn -0.0 0.5259 0.8505
vn 0.3262 0.6425 0.6934
vn 0.4629 0.4629 0.7559
vn 0.6426 0.3262 0.6933
vn 0.6426 0.3262 0.6934
vn 0.3262 0.6426 0.6934
vn 0.5259 -0.0 0.8505
vn 0.7071 0.0 0.7071
vn 0.5258 0.0 0.8506
vn 0.0 -0.0 1.0
vn 0.426 0.0 0.9047
vn 0.0808 0.1651 0.983
vn 0.0178 0.2269 0.9738
vn 0.0558 0.6983 0.7136
vn 0.3474 0.5641 0.7491
vn 0.1819 0.0679 0.981
vn 0.1788 0.0657 0.9817
vn 0.5999 0.2295 0.7665
vn 0.6978 0.0672 0.7132
vn 0.6948 0.0644 0.7163
vn 0.6012 0.2303 0.7652
vn 0.6426 0.3262 0.6933
vn 0.3477 0.5703 0.7442
vn 0.25 0.5665 0.7852
vn 0.0567 0.6961 0.7157
vn -0.0 -0.0 1.0
vn 0.6425 0.3262 0.6933
vn 0.0 -0.0 1.0
vn 0.0 -0.0 1.0
vn -0.0 0.7071 0.7071
vn -0.0 0.5258 0.8506
vn 0.0 0.0 1.0
vn -0.0 0.426 0.9047
vn 0.0 -0.0 1.0
vn 0.0 -0.0 1.0
vn 0.3865 0.3865 0.8374
vn 0.526 -0.0 0.8505
vn 0.0 -0.0 1.0
vn -0.0 0.526 0.8505
vn -0.0 0.5259 0.8505
vn 0.3262 0.6425 0.6934
vn 0.4629 0.4629 0.7559
vn 0.6426 0.3262 0.6933
vn 0.6426 0.3262 0.6934
vn 0.3262 0.6426 0.6934
vn 0.5259 -0.0 0.8505
vn 0.7071 0.0 0.7071
vn 0.5258 0.0 0.8506
vn 0.0 -0.0 1.0
vn 0.426 0.0 0.9047
vn 0.0808 0.1651 0.983
vn 0.0178 0.2269 0.9738
vn 0.0558 0.6983 0.7136
vn 0.3474 0.5641 0.7491
vn 0.1819 0.0679 0.981
vn 0.1788 0.0657 0.9817
vn 0.5999 0.2295 0.7665
vn 0.6978 0.0672 0.7132
vn 0.6948 0.0644 0.7163
vn 0.6012 0.2303 0.7652
vn 0.6426 0.3262 0.6933
vn 0.3477 0.5703 0.7442
vn 0.25 0.5665 0.7852
vn 0.0567 0.6961 0.7157
vn -0.0 -0.0 1.0
vn 0.6425 0.3262 0.6933
vn -0.0 0.7071 0.7071
vn -0.0 0.5258 0.8506
vn 0.0 0.0 1.0
vn -0.0 0.426 0.9047
vn 0.0 -0.0 1.0
vn 0.3865 0.3865 0.8374
vn 0.526 -0.0 0.8505
vn 0.0 -0.0 1.0
vn -0.0 0.526 0.8505
vn -0.0 0.5259 0.8505
vn 0.3262 0.6425 0.6934
vn 0.4629 0.4629 0.7559
vn 0.6426 0.3262 0.6933
vn 0.6426 0.3262 0.6934
vn 0.3262 0.6426 0.6934
vn 0.5259 -0.0 0.8505
vn 0.7071 0.0 0.7071
vn 0.5258 0.0 0.8506
vn 0.0 -0.0 1.0
vn 0.426 0.0 0.9047
vn 0.0808 0.1651 0.983
vn 0.0178 0.2269 0.9738
vn 0.0558 0.6983 0.7136
vn 0.3474 0.5641 0.7491
vn 0.1819 0.0679 0.981
vn 0.1788 0.0657 0.9817
vn 0.5999 0.2295 0.7665
vn 0.6978 0.0672 0.7132
vn 0.6948 0.0644 0.7163
vn 0.6012 0.2303 0.7652
vn 0.6426 0.3262 0.6933
vn 0.3477 0.5703 0.7442
vn 0.25 0.5665 0.7852
vn 0.0567 0.6961 0.7157
vn -0.0 -0.0 1.0
vn 0.6425 0.3262 0.6933
vn 0.0 -0.0 1.0
vn 0.3865 0.3865 0.8374
vn 0.526 -0.0 0.8505
vn 0.0 -0.0 1.0
vn -0.0 0.526 0.8505
vn -0.0 0.5259 0.8505
vn 0.3262 0.6425 0.6934
vn 0.4629 0.4629 0.7559
vn 0.6426 0.3262 0.6933
vn 0.6426 0.3262 0.6934
vn 0.3262 0.6426 0.6934
vn 0.5259 -0.0 0.8505
vn 0.7071 0.0 0.7071
vn 0.5258 0.0 0.8506
vn 0.0 -0.0 1.0
vn 0.426 0.0 0.9047
vn 0.0808 0.1651 0.983
vn 0.0178 0.2269 0.9738
vn 0.0558 0.6983 0.7136
vn 0.3474 0.5641 0.7491
vn 0.1819 0.0679 0.981
vn 0.1788 0.0657 0.9817
vn 0.5999 0.2295 0.7665
vn 0.6978 0.0672 0.7132
vn 0.6948 0.0644 0.7163
vn 0.6012 0.2303 0.7652
vn 0.6426 0.3262 0.6933
vn 0.3477 0.5703 0.7442
vn 0.25 0.5665 0.7852
vn 0.0567 0.6961 0.7157
vn -0.0 -0.0 1.0
vn 0.6425 0.3262 0.6933
vn 0.7071 0.0 0.7071
vn 0.5258 0.0 0.8506
vn 0.0 -0.0 1.0
vn 0.426 0.0 0.9047
vn 0.0808 0.1651 0.983
vn 0.0178 0.2269 0.9738
vn 0.0558 0.6983 0.7136
vn 0.3474 0.5641 0.7491
vn 0.1819 0.0679 0.981
vn 0.1788 0.0657 0.9817
vn 0.5999 0.2295 0.7665
vn 0.6978 0.0672 0.7132
vn 0.6948 0.0644 0.7163
vn 0.6012 0.2303 0.7652
vn 0.6426 0.3262 0.6933
vn 0.3477 0.5703 0.7442
vn 0.25 0.5665 0.7852
vn 0.0567 0.6961 0.7157
vn -0.0 -0.0 1.0
vn 0.6425 0.3262 0.6933
vn 0.0 -0.0 1.0
vn -0.0 0.7071 0.7071
vn -0.0 0.5258 0.8506
vn 0.0 0.0 1.0
vn -0.0 0.426 0.9047
vn 0.0 -0.0 1.0
vn 0.0 -0.0 1.0
vn 0.0 -0.0 1.0
vn 0.3865 0.3865 0.8374
vn 0.526 -0.0 0.8505
vn 0.0 -0.0 1.0
vn -0.0 0.526 0.8505
vn -0.0 0.5259 0.8505
vn 0.3262 0.6425 0.6934
vn 0.4629 0.4629 0.7559
vn 0.6426 0.3262 0.6933
vn 0.6426 0.3262 0.6934
vn 0.3262 0.6426 0.6934
vn 0.5259 -0.0 0.8505
vn 0.7071 0.0 0.7071
vn 0.5258 0.0 0.8506
vn 0.0 -0.0 1.0
vn 0.426 0.0 0.9047
vn 0.0808 0.1651 0.983
vn 0.0178 0.2269 0.9738
vn 0.0558 0.6983 0.7136
vn 0.3474 0.5641 0.7491
vn 0.1819 0.0679 0.981
vn 0.1788 0.0657 0.9817
vn 0.5999 0.2295 0.7665
vn 0.6978 0.0672 0.7132
vn 0.6948 0.0644 0.7163
vn 0.6012 0.2303 0.7652
vn 0.6426 0.3262 0.6933
vn 0.3477 0.5703 0.7442
vn 0.25 0.5665 0.7852
vn 0.0567 0.6961 0.7157
vn -0.0 -0.0 1.0
vn 0.6425 0.3262 0.6933
vn -0.0 0.7071 0.7071
vn -0.0 0.5258 0.8506
vn 0.0 0.0 1.0
vn -0.0 0.426 0.9047
vn 0.0 -0.0 1.0
vn 0.0 -0.0 1.0
vn 0.0 -0.0 1.0
vn 0.3865 0.3865 0.8374
vn 0.526 -0.0 0.8505
vn 0.0 -0.0 1.0
vn -0.0 0.526 0.8505
vn -0.0 0.5259 0.8505
vn 0.3262 0.6425 0.6934
vn 0.4629 0.4629 0.7559
vn 0.6426 0.3262 0.6933
vn 0.6426 0.3262 0.6934
vn 0.3262 0.6426 0.6934
vn 0.5259 -0.0 0.8505
vn 0.7071 0.0 0.7071
vn 0.5258 0.0 0.8506
vn 0.0 -0.0 1.0
vn 0.426 0.0 0.9047
vn 0.0808 0.1651 0.983
vn 0.0178 0.2269 0.9738
vn 0.0558 0.6983 0.7136
vn 0.3474 0.5641 0.7491
vn 0.1819 0.0679 0.981
vn 0.1788 0.0657 0.9817
vn 0.5999 0.2295 0.7665
vn 0.6978 0.0672 0.7132
vn 0.6948 0.0644 0.7163
vn 0.6012 0.2303 0.7652
vn 0.6426 0.3262 0.6933
vn 0.3477 0.5703 0.7442
vn 0.25 0.5665 0.7852
vn 0.0567 0.6961 0.7157
vn -0.0 -0.0 1.0
vn 0.6425 0.3262 0.6933
vn 0.0 -0.0 1.0
vn 0.3865 0.3865 0.8374
vn 0.526 -0.0 0.8505
vn 0.0 -0.0 1.0
vn -0.0 0.526 0.8505
vn -0.0 0.5259 0.8505
vn 0.3262 0.6425 0.6934
vn 0.4629 0.4629 0.7559
vn 0.6426 0.3262 0.6933
vn 0.6426 0.3262 0.6934
vn 0.3262 0.6426 0.6934
vn 0.5259 -0.0 0.8505
vn 0.7071 0.0 0.7071
vn 0.5258 0.0 0.8506
vn 0.0 -0.0 1.0
vn 0.426 0.0 0.9047
vn 0.0808 0.1651 0.983
vn 0.0178 0.2269 0.9738
vn 0.0558 0.6983 0.7136
vn 0.3474 0.5641 0.7491
vn 0.1819 0.0679 0.981
vn 0.1788 0.0657 0.9817
vn 0.5999 0.2295 0.7665
vn 0.6978 0.0672 0.7132
vn 0.6948 0.0644 0.7163
vn 0.6012 0.2303 0.7652
vn 0.6426 0.3262 0.6933
vn 0.3477 0.5703 0.7442
vn 0.25 0.5665 0.7852
vn 0.0567 0.6961 0.7157
vn -0.0 -0.0 1.0
vn 0.6425 0.3262 0.6933
vn 0.0 -0.0 1.0
vn -0.0 0.7071 0.7071
vn -0.0 0.5258 0.8506
vn 0.0 0.0 1.0
vn -0.0 0.426 0.9047
vn 0.0 -0.0 1.0
vn 0.0 -0.0 1.0
vn 0.0 -0.0 1.0
vn 0.0 -0.0 1.0
vn -0.3865 0.3865 0.8374
vn 0.0 0.526 0.8505
vn 0.0 0.0 1.0
vn -0.526 -0.0 0.8505
vn -0.5259 -0.0 0.8505
vn -0.6425 0.3262 0.6934
vn -0.4629 0.4629 0.7559
vn -0.3262 0.6426 0.6933
vn -0.3262 0.6426 0.6934
vn -0.6426 0.3262 0.6934
vn 0.0 0.5259 0.8505
vn -0.7071 -0.0 0.7071
vn -0.5258 -0.0 0.8506
vn -0.0 0.0 1.0
vn -0.426 -0.0 0.9047
vn -0.1651 0.0808 0.983
vn -0.2269 0.0178 0.9738
vn -0.6983 0.0558 0.7136
vn -0.5641 0.3474 0.7491
vn -0.0679 0.1819 0.981
vn -0.0657 0.1788 0.9817
vn -0.2295 0.5999 0.7665
vn -0.0672 0.6978 0.7132
vn -0.0644 0.6948 0.7163
vn -0.2303 0.6012 0.7652
vn -0.3262 0.6426 0.6933
vn -0.5703 0.3477 0.7442
vn -0.5665 0.25 0.7852
vn -0.6961 0.0567 0.7157
vn 0.0 -0.0 1.0
vn -0.3262 0.6425 0.6933
vn 0.0 -0.0 1.0
vn 0.0 -0.0 1.0
vn -0.3865 0.3865 0.8374
vn 0.0 0.526 0.8505
vn 0.0 0.0 1.0
vn -0.526 -0.0 0.8505
vn -0.5259 -0.0 0.8505
vn -0.6425 0.3262 0.6934
vn -0.4629 0.4629 0.7559
vn -0.3262 0.6426 0.6933
vn -0.3262 0.6426 0.6934
vn -0.6426 0.3262 0.6934
vn 0.0 0.5259 0.8505
vn -0.7071 -0.0 0.7071
vn -0.5258 -0.0 0.8506
vn -0.0 0.0 1.0
vn -0.426 -0.0 0.9047
vn -0.1651 0.0808 0.983
vn -0.2269 0.0178 0.9738
vn -0.6983 0.0558 0.7136
vn -0.5641 0.3474 0.7491
vn -0.0679 0.1819 0.981
vn -0.0657 0.1788 0.9817
vn -0.2295 0.5999 0.7665
vn -0.0672 0.6978 0.7132
vn -0.0644 0.6948 0.7163
vn -0.2303 0.6012 0.7652
vn -0.3262 0.6426 0.6933
vn -0.5703 0.3477 0.7442
vn -0.5665 0.25 0.7852
vn -0.6961 0.0567 0.7157
vn 0.0 -0.0 1.0
vn -0.3262 0.6425 0.6933
vn 0.0 -0.0 1.0
vn 0.0 -0.0 1.0
vn -0.3865 0.3865 0.8374
vn 0.0 0.526 0.8505
vn 0.0 0.0 1.0
vn -0.526 -0.0 0.8505
vn -0.5259 -0.0 0.8505
vn -0.6425 0.3262 0.6934
vn -0.4629 0.4629 0.7559
vn -0.3262 0.6426 0.6933
vn -0.3262 0.6426 0.6934
vn -0.6426 0.3262 0.6934
vn 0.0 0.5259 0.8505
vn -0.7071 -0.0 0.7071
vn -0.5258 -0.0 0.8506
vn -0.0 0.0 1.0
vn -0.426 -0.0 0.9047
vn -0.1651 0.0808 0.983
vn -0.2269 0.0178 0.9738
vn -0.6983 0.0558 0.7136
vn -0.5641 0.3474 0.7491
vn -0.0679 0.1819 0.981
vn -0.0657 0.1788 0.9817
vn -0.2295 0.5999 0.7665
vn -0.0672 0.6978 0.7132
vn -0.0644 0.6948 0.7163
vn -0.2303 0.6012 0.7652
vn -0.3262 0.6426 0.6933
vn -0.5703 0.3477 0.7442
vn -0.5665 0.25 0.7852
vn -0.6961 0.0567 0.7157
vn 0.0 -0.0 1.0
vn -0.3262 0.6425 0.6933
vn 0.0 -0.0 1.0
vn 0.0 -0.0 1.0
vn 0.0 -0.0 1.0
vn 0.0 -0.0 1.0
vn 0.0 -0.0 1.0
vn 0.0 -0.0 1.0
vn 0.0 -0.0 1.0
vn 0.0 -0.0 1.0
vn 0.0 -0.0 1.0
vn 0.0 -0.0 1.0
vn 0.0 -0.0 1.0
vn 0.0 -0.0 1.0
vn 0.0 -0.0 1.0
vn 0.0 -0.0 1.0
vn 0.0 -0.0 1.0
vn 0.0 -0.0 1.0
vn 0.0 -0.0 1.0
vn 0.0 -0.0 1.0
vn 0.0 -0.0 1.0
vn 0.0 -0.0 1.0
vn 0.0 -0.0 1.0
vn 0.0 -0.0 1.0
c 1.0 1.0 1.0
c 1.0 1.0 1.0
c 1.0 1.0 1.0
c 1.0 1.0 1.0
c 1.0 1.0 1.0
c 1.0 1.0 1.0
c 1.0 1.0 1.0
c 1.0 1.0 1.0
c 1.0 1.0 1.0
c 1.0 1.0 1.0
c 1.0 1.0 1.0
c 1.0 1.0 1.0
c 1.0 1.0 1.0
c 1.0 1.0 1.0
c 1.0 1.0 1.0
c 1.0 1.0 1.0
c 1.0 1.0 1.0
c 1.0 1.0 1.0
c 1.0 1.0 1.0
c 1.0 1.0 1.0
c 1.0 1.0 1.0
c 1.0 1.0 1.0
c 1.0 1.0 1.0
c 1.0 1.0 1.0
c 1.0 1.0 1.0
c 1.0 1.0 1.0
c 1.0 1.0 1.0
c 1.0 1.0 1.0
c 1.0 1.0 1.0
c 1.0 1.0 1.0
c 1.0 1.0 1.0
c 1.0 1.0 1.0
c 1.0 1.0 1.0
c 1.0 1.0 1.0
c 1.0 1.0 1.0
c 1.0 1.0 1.0
c 1.0 1.0 1.0
c 1.0 1.0 1.0
c 1.0 1.0 1.0
c 1.0 1.0 1.0
c 1.0 1.0 1.0
c 1.0 1.0 1.0
c 1.0 1.0 1.0
c 1.0 1.0 1.0
c 1.0 1.0 1.0
c 1.0 1.0 1.0
c 1.0 1.0 1.0
c 1.0 1.0 1.0
c 1.0 1.0 1.0
c 1.0 1.0 1.0
c 1.0 1.0 1.0
c 1.0 1.0 1.0
c 1.0 1.0 1.0
c 1.0 1.0 1.0
c 1.0 1.0 1.0
c 1.0 1.0 1.0
c 1.0 1.0 1.0
c 1.0 1.0 1.0
c 1.0 1.0 1.0
c 1.0 1.0 1.0
c 1.0 1.0 1.0
c 1.0 1.0 1.0
c 1.0 1.0 1.0
c 1.0 1.0 1.0
c 1.0 1.0 1.0
c 1.0 1.0 1.0
c 1.0 1.0 1.0
c 1.0 1.0 1.0
c 1.0 1.0 1.0
c 1.0 1.0 1.0
c 1.0 1.0 1.0
c 1.0 1.0 1.0
c 1.0 1.0 1.0
c 1.0 1.0 1.0
c 1.0 1.0 1.0
c 1.0 1.0 1.0
c 1.0 1.0 1.0
c 1.0 1.0 1.0
c 1.0 1.0 1.0
c 1.0 1.0 1.0
c 1.0 1.0 1.0
c 1.0 1.0 1.0
c 1.0 1.0 1.0
c 1.0 1.0 1.0
c 1.0 1.0 1.0
c 1.0 1.0 1.0
c 1.0 1.0 1.0
c 1.0 1.0 1.0
c 1.0 1.0 1.0
c 1.0 1.0 1.0
c 1.0 1.0 1.0
c 1.0 1.0 1.0
c 1.0 1.0 1.0
c 1.0 1.0 1.0
c 1.0 1.0 1.0
c 1.0 1.0 1.0
c 1.0 1.0 1.0
c 1.0 1.0 1.0
c 1.0 1.0 1.0
c 1.0 1.0 1.0
c 1.0 1.0 1.0
c 1.0 1.0 1.0
c 1.0 1.0 1.0
c 1.0 1.0 1.0
c 1.0 1.0 1.0
c 1.0 1.0 1.0
c 1.0 1.0 1.0
c 1.0 1.0 1.0
c 1.0 1.0 1.0
c 1.0 1.0 1.0
c 1.0 1.0 1.0
c 1.0 1.0 1.0
c 1.0 1.0 1.0
c 1.0 1.0 1.0
c 1.0 1.0 1.0
c 1.0 1.0 1.0
c 1.0 1.0 1.0
c 1.0 1.0 1.0
c 1.0 1.0 1.0
c 1.0 1.0 1.0
c 1.0 1.0 1.0
c 1.0 1.0 1.0
c 1.0 1.0 1.0
c 1.0 1.0 1.0
c 1.0 1.0 1.0
c 1.0 1.0 1.0
c 1.0 1.0 1.0
c 1.0 1.0 1.0
c 1.0 1.0 1.0
c 1.0 1.0 1.0
c 1.0 1.0 1.0
c 1.0 1.0 1.0
c 1.0 1.0 1.0
c 1.0 1.0 1.0
c 1.0 1.0 1.0
c 1.0 1.0 1.0
c 1.0 1.0 1.0
c 1.0 1.0 1.0
c 1.0 1.0 1.0
c 1.0 1.0 1.0
c 1.0 1.0 1.0
c 1.0 1.0 1.0
c 1.0 1.0 1.0
c 1.0 1.0 1.0
c 1.0 1.0 1.0
c 1.0 1.0 1.0
c 1.0 1.0 1.0
c 1.0 1.0 1.0
c 1.0 1.0 1.0
c 1.0 1.0 1.0
c 1.0 1.0 1.0
c 1.0 1.0 1.0
c 1.0 1.0 1.0
c 1.0 1.0 1.0
c 1.0 1.0 1.0
c 1.0 1.0 1.0
c 1.0 1.0 1.0
c 1.0 1.0 1.0
c 1.0 1.0 1.0
c 1.0 1.0 1.0
c 1.0 1.0 1.0
c 1.0 1.0 1.0
c 1.0 1.0 1.0
c 1.0 1.0 1.0
c 1.0 1.0 1.0
c 1.0 1.0 1.0
c 1.0 1.0 1.0
c 1.0 1.0 1.0
c 1.0 1.0 1.0
c 1.0 1.0 1.0
c 1.0 1.0 1.0
c 1.0 1.0 1.0
c 1.0 1.0 1.0
c 1.0 1.0 1.0
c 1.0 1.0 1.0
c 1.0 1.0 1.0
c 1.0 1.0 1.0
c 1.0 1.0 1.0
c 1.0 1.0 1.0
c 1.0 1.0 1.0
c 1.0 1.0 1.0
c 1.0 1.0 1.0
c 1.0 1.0 1.0
c 1.0 1.0 1.0
c 1.0 1.0 1.0
c 1.0 1.0 1.0
c 1.0 1.0 1.0
c 1.0 1.0 1.0
c 1.0 1.0 1.0
c 1.0 1.0 1.0
c 1.0 1.0 1.0
c 1.0 1.0 1.0
c 1.0 1.0 1.0
c 1.0 1.0 1.0
c 1.0 1.0 1.0
c 1.0 1.0 1.0
c 1.0 1.0 1.0
c 1.0 1.0 1.0
c 1.0 1.0 1.0
c 1.0 1.0 1.0
c 1.0 1.0 1.0
c 1.0 1.0 1.0
c 1.0 1.0 1.0
c 1.0 1.0 1.0
c 1.0 1.0 1.0
c 1.0 1.0 1.0
c 1.0 1.0 1.0
c 1.0 1.0 1.0
c 1.0 1.0 1.0
c 1.0 1.0 1.0
c 1.0 1.0 1.0
c 1.0 1.0 1.0
c 1.0 1.0 1.0
c 1.0 1.0 1.0
c 1.0 1.0 1.0
c 1.0 1.0 1.0
c 1.0 1.0 1.0
c 1.0 1.0 1.0
c 1.0 1.0 1.0
c 1.0 1.0 1.0
c 1.0 1.0 1.0
c 1.0 1.0 1.0
c 1.0 1.0 1.0
c 1.0 1.0 1.0
c 1.0 1.0 1.0
c 1.0 1.0 1.0
c 1.0 1.0 1.0
c 1.0 1.0 1.0
c 1.0 1.0 1.0
c 1.0 1.0 1.0
c 1.0 1.0 1.0
c 1.0 1.0 1.0
c 1.0 1.0 1.0
c 1.0 1.0 1.0
c 1.0 1.0 1.0
c 1.0 1.0 1.0
c 1.0 1.0 1.0
c 1.0 1.0 1.0
c 1.0 1.0 1.0
c 1.0 1.0 1.0
c 1.0 1.0 1.0
c 1.0 1.0 1.0
c 1.0 1.0 1.0
usemtl sea_zanami2
s off
f 15/15/3/3 16/16/3/3 17/17/3/3 18/18/3/3
f 31/33/8/4 32/34/8/4 33/35/8/4 34/36/8/4
f 47/51/13/5 48/52/13/5 49/53/13/5 50/54/13/5
f 68/73/18/6 69/74/18/6 70/75/18/6 71/76/18/6
f 72/77/18/6 68/78/18/6 71/79/18/6 73/80/18/6
usemtl sea_zanami
s off
f 9/19/3/3 10/20/3/3 11/21/7/3 12/22/3/3
f 10/23/3/3 13/24/3/3 14/25/3/3 11/26/7/3
f 25/37/8/4 26/38/8/4 27/39/12/4 28/40/8/4
f 26/41/8/4 29/42/8/4 30/43/8/4 27/44/12/4
f 41/55/13/5 42/56/13/5 43/57/17/5 44/58/13/5
f 42/59/13/5 45/60/13/5 46/61/13/5 43/62/17/5
f 61/85/18/6 62/86/18/6 63/87/18/6 64/88/18/6
f 57/81/18/6 58/82/18/6 59/83/18/6
f 58/82/18/6 60/84/18/6 59/83/18/6
f 65/89/18/6 66/90/18/6 67/91/18/6
usemtl sea_mizu1_1
s off
f 2580/2651/1177/224 2581/2649/1177/224 2582/2650/1177/224 2583/2652/1177/224
f 2584/2655/1178/225 2585/2653/1178/225 2586/2654/1178/225 2587/2656/1178/225
f 2588/2659/1179/226 2589/2657/1179/226 2590/2658/1179/226 2591/2660/1179/226
f 2592/2661/1180/227 2593/2663/1180/227 2594/2664/1180/227 2595/2662/1180/227
f 2596/2667/1181/228 2597/2665/1181/228 2598/2666/1181/228 2599/2668/1181/228
f 2600/2671/1182/229 2601/2669/1182/229 2602/2670/1182/229 2603/2672/1182/229
f 2604/2675/1183/230 2605/2673/1183/230 2606/2674/1183/230 2607/2676/1183/230
f 2608/2679/1184/231 2609/2677/1184/231 2610/2678/1184/231 2611/2680/1184/231
f 2612/2681/1185/232 2613/2683/1185/232 2614/2684/1185/232 2615/2682/1185/232
f 2616/2687/1186/233 2617/2685/1186/233 2618/2686/1186/233 2619/2688/1186/233
f 2620/2691/1187/234 2621/2689/1187/234 2622/2690/1187/234 2623/2692/1187/234
f 2624/2695/1188/235 2625/2693/1188/235 2626/2694/1188/235 2627/2696/1188/235
f 2628/2699/1189/236 2629/2697/1189/236 2630/2698/1189/236 2631/2700/1189/236
f 2632/2701/1190/237 2633/2703/1190/237 2634/2704/1190/237 2635/2702/1190/237
f 2636/2707/1191/238 2637/2705/1191/238 2638/2706/1191/238 2639/2708/1191/238
f 2640/2711/1192/239 2641/2709/1192/239 2642/2710/1192/239 2643/2712/1192/239
f 2644/2715/1193/240 2645/2713/1193/240 2646/2714/1193/240 2647/2716/1193/240
f 2648/2719/1194/241 2649/2717/1194/241 2650/2718/1194/241 2651/2720/1194/241
f 2652/2721/1195/242 2653/2723/1195/242 2654/2724/1195/242 2655/2722/1195/242
f 2656/2727/1196/243 2657/2725/1196/243 2658/2726/1196/243 2659/2728/1196/243
usemtl sea_jimen
s off
f 2/1/1/1 4/2/1/1 3/3/1/1 1/4/1/1
f 6/5/2/2 8/6/2/2 7/7/2/2 5/8/2/2
f 717/785/189/56 719/786/189/56 718/787/189/56 716/788/189/56
f 721/789/190/57 723/790/190/57 722/791/190/57 720/792/190/57
f 735/803/195/59 737/804/195/59 736/805/195/59 734/806/195/59
f 739/807/196/60 741/808/196/60 740/809/196/60 738/810/196/60
f 753/821/201/62 755/822/201/62 754/823/201/62 752/824/201/62
f 767/835/206/64 769/836/206/64 768/837/206/64 766/838/206/64
f 781/849/211/66 783/850/211/66 782/851/211/66 780/852/211/66
f 785/853/212/67 787/854/212/67 786/855/212/67 784/856/212/67
f 851/919/248/72 853/920/248/72 852/921/248/72 850/922/248/72
f 855/923/249/73 857/924/249/73 856/925/249/73 854/926/249/73
f 1003/1071/337/83 1005/1072/337/83 1004/1073/337/83 1002/1074/337/83
f 1007/1075/338/84 1009/1076/338/84 1008/1077/338/84 1006/1078/338/84
f 1063/1131/367/89 1065/1132/367/89 1064/1133/367/89 1062/1134/367/89
f 1067/1135/368/90 1069/1136/368/90 1068/1137/368/90 1066/1138/368/90
f 1081/1149/373/92 1083/1150/373/92 1082/1151/373/92 1080/1152/373/92
f 1085/1153/374/93 1087/1154/374/93 1086/1155/374/93 1084/1156/374/93
f 1099/1167/379/95 1101/1168/379/95 1100/1169/379/95 1098/1170/379/95
f 1103/1171/380/96 1105/1172/380/96 1104/1173/380/96 1102/1174/380/96
f 1107/1175/381/97 1109/1176/381/97 1108/1177/381/97 1106/1178/381/97
f 1299/1367/495/109 1301/1368/495/109 1300/1369/495/109 1298/1370/495/109
f 1303/1371/496/110 1305/1372/496/110 1304/1373/496/110 1302/1374/496/110
f 1317/1385/501/112 1319/1386/501/112 1318/1387/501/112 1316/1388/501/112
f 1321/1389/502/113 1323/1390/502/113 1322/1391/502/113 1320/1392/502/113
f 1325/1393/503/114 1327/1394/503/114 1326/1395/503/114 1324/1396/503/114
f 1339/1407/508/116 1341/1408/508/116 1340/1409/508/116 1338/1410/508/116
f 1343/1411/509/117 1345/1412/509/117 1344/1413/509/117 1342/1414/509/117
f 1399/1467/541/121 1401/1468/541/121 1400/1469/541/121 1398/1470/541/121
f 1455/1523/573/125 1457/1524/573/125 1456/1525/573/125 1454/1526/573/125
f 1511/1579/605/129 1513/1580/605/129 1512/1581/605/129 1510/1582/605/129
f 1567/1635/637/133 1569/1636/637/133 1568/1637/637/133 1566/1638/637/133
f 1623/1691/669/137 1625/1692/669/137 1624/1693/669/137 1622/1694/669/137
f 1627/1695/670/138 1629/1696/670/138 1628/1697/670/138 1626/1698/670/138
f 1683/1751/702/142 1685/1752/702/142 1684/1753/702/142 1682/1754/702/142
f 1687/1755/703/143 1689/1756/703/143 1688/1757/703/143 1686/1758/703/143
f 1701/1769/708/145 1703/1770/708/145 1702/1771/708/145 1700/1772/708/145
f 1705/1773/709/146 1707/1774/709/146 1706/1775/709/146 1704/1776/709/146
f 1709/1777/710/147 1711/1778/710/147 1710/1779/710/147 1708/1780/710/147
f 1745/1813/731/150 1747/1814/731/150 1746/1815/731/150 1744/1816/731/150
f 1749/1817/732/151 1751/1818/732/151 1750/1819/732/151 1748/1820/732/151
f 1753/1821/733/152 1755/1822/733/152 1754/1823/733/152 1752/1824/733/152
f 1809/1877/765/156 1811/1878/765/156 1810/1879/765/156 1808/1880/765/156
f 1875/1943/801/161 1877/1944/801/161 1876/1945/801/161 1874/1946/801/161
f 1931/1999/833/165 1933/2000/833/165 1932/2001/833/165 1930/2002/833/165
f 1935/2003/834/166 1937/2004/834/166 1936/2005/834/166 1934/2006/834/166
f 1949/2017/839/168 1951/2018/839/168 1950/2019/839/168 1948/2020/839/168
f 1953/2021/840/169 1955/2022/840/169 1954/2023/840/169 1952/2024/840/169
f 2019/2087/876/174 2021/2088/876/174 2020/2089/876/174 2018/2090/876/174
f 2075/2143/908/178 2077/2144/908/178 2076/2145/908/178 2074/2146/908/178
f 2163/2231/960/184 2165/2232/960/184 2164/2233/960/184 2162/2234/960/184
f 2177/2245/965/186 2179/2246/965/186 2178/2247/965/186 2176/2248/965/186
f 2181/2249/966/187 2183/2250/966/187 2182/2251/966/187 2180/2252/966/187
f 2185/2253/967/188 2187/2254/967/188 2186/2255/967/188 2184/2256/967/188
f 2251/2319/1003/193 2253/2320/1003/193 2252/2321/1003/193 2250/2322/1003/193
f 2255/2323/1004/194 2257/2324/1004/194 2256/2325/1004/194 2254/2326/1004/194
f 2259/2327/1005/195 2261/2328/1005/195 2260/2329/1005/195 2258/2330/1005/195
f 2315/2383/1037/199 2317/2384/1037/199 2316/2385/1037/199 2314/2386/1037/199
f 2371/2439/1069/203 2373/2440/1069/203 2372/2441/1069/203 2370/2442/1069/203
f 2385/2453/1074/205 2387/2454/1074/205 2386/2455/1074/205 2384/2456/1074/205
f 2389/2457/1075/206 2391/2458/1075/206 2390/2459/1075/206 2388/2460/1075/206
f 2393/2461/1076/207 2395/2462/1076/207 2394/2463/1076/207 2392/2464/1076/207
f 2397/2465/1077/208 2399/2466/1077/208 2398/2467/1077/208 2396/2468/1077/208
f 2453/2521/1109/212 2455/2522/1109/212 2454/2523/1109/212 2452/2524/1109/212
f 2457/2525/1110/213 2459/2526/1110/213 2458/2527/1110/213 2456/2528/1110/213
f 2513/2581/1142/217 2515/2582/1142/217 2514/2583/1142/217 2512/2584/1142/217
f 2517/2585/1143/218 2519/2586/1143/218 2518/2587/1143/218 2516/2588/1143/218
f 2573/2641/1175/222 2575/2642/1175/222 2574/2643/1175/222 2572/2644/1175/222
f 2577/2645/1176/223 2579/2646/1176/223 2578/2647/1176/223 2576/2648/1176/223
usemtl gake01
s off
f 84/92/19/7 85/93/20/7 86/94/20/7 87/95/19/7
f 90/100/22/8 91/101/23/8 92/102/24/8
f 90/100/22/8 93/103/25/8 91/101/23/8
f 92/102/24/8 91/101/23/8 94/104/26/8
usemtl gake1_3
s off
f 88/96/21/7 84/97/19/7 87/98/19/7 89/99/21/7
f 95/105/27/8 90/106/22/8 92/107/24/8
usemtl yamagake01
s off
f 572/622/138/45 573/623/139/45 574/624/140/45 575/625/138/45
f 576/626/141/45 573/623/142/45 577/627/143/45 578/628/141/45
f 579/629/144/45 580/630/144/45 581/631/144/45 582/632/144/45
f 583/633/145/45 584/634/146/45 572/622/146/45 585/635/147/45
f 573/623/139/45 576/626/148/45 586/636/148/45 574/624/140/45
f 581/631/149/45 583/633/145/45 585/635/147/45 582/632/149/45
f 573/623/142/45 572/622/150/45 584/634/150/45 577/627/143/45
f 585/635/151/45 572/622/138/45 575/625/138/45 587/637/151/45
f 588/638/152/45 576/626/153/45 589/639/154/45 590/640/152/45
f 589/639/154/45 576/626/153/45 578/628/155/45
f 591/641/156/45 592/642/157/45 588/638/158/45
f 592/642/157/45 586/636/159/45 588/638/158/45
f 586/636/160/45 592/642/161/45 574/624/162/45
f 592/642/161/45 575/625/163/45 574/624/162/45
f 590/640/164/45 579/629/165/45 591/641/166/45
f 579/629/165/45 582/632/167/45 591/641/166/45
f 582/643/168/45 585/644/168/45 591/641/168/45
f 590/640/169/45 591/641/169/45 588/638/169/45
f 591/645/170/45 587/646/170/45 592/647/170/45
f 587/637/171/45 575/625/171/45 592/642/171/45
f 591/641/172/45 585/648/172/45 587/649/172/45
f 576/626/173/45 588/638/173/45 586/636/173/45
f 590/640/174/45 580/630/174/45 579/629/174/45
usemtl gake_futa
s off
f 96/108/28/9 97/109/29/9 98/110/30/9 99/111/28/9
f 100/112/31/9 97/109/32/9 101/113/33/9 102/114/31/9
f 103/115/34/9 104/116/34/9 105/117/34/9 106/118/34/9
f 107/119/35/9 108/120/36/9 96/108/36/9 109/121/37/9
f 97/109/29/9 100/112/38/9 110/122/38/9 98/110/30/9
f 105/117/39/9 107/119/35/9 109/121/37/9 106/118/39/9
f 97/109/32/9 96/108/40/9 108/120/40/9 101/113/33/9
f 109/121/41/9 96/108/28/9 99/111/28/9 111/123/41/9
f 112/124/42/9 100/112/43/9 113/125/44/9 114/126/42/9
f 113/125/44/9 100/112/43/9 102/114/45/9
f 115/127/46/9 116/128/47/9 112/124/48/9
f 116/128/47/9 110/122/49/9 112/124/48/9
f 110/122/50/9 116/128/51/9 98/110/52/9
f 116/128/51/9 99/111/53/9 98/110/52/9
f 114/126/54/9 103/115/55/9 115/127/56/9
f 103/115/55/9 106/118/57/9 115/127/56/9
f 106/129/58/9 109/130/58/9 115/127/58/9
f 114/126/59/9 115/127/59/9 112/124/59/9
f 115/131/60/9 111/132/60/9 116/133/60/9
f 111/123/61/9 99/111/61/9 116/128/61/9
f 115/127/62/9 109/134/62/9 111/135/62/9
f 100/112/63/9 112/124/63/9 110/122/63/9
f 114/126/64/9 104/116/64/9 103/115/64/9
usemtl kusa_ec3
s off
f 140/169/66/10 141/170/66/10 138/171/66/10 139/172/66/10
f 152/181/67/11 153/182/67/11 150/183/67/11 151/184/67/11
f 164/193/68/12 165/194/68/12 162/195/68/12 163/196/68/12
f 176/205/69/13 177/206/69/13 174/207/69/13 175/208/69/13
f 188/217/70/14 189/218/70/14 186/219/70/14 187/220/70/14
f 200/229/71/15 201/230/71/15 198/231/71/15 199/232/71/15
f 212/241/72/16 213/242/72/16 210/243/72/16 211/244/72/16
f 224/253/73/17 225/254/73/17 222/255/73/17 223/256/73/17
f 236/265/74/18 237/266/74/18 234/267/74/18 235/268/74/18
f 248/277/75/19 249/278/75/19 246/279/75/19 247/280/75/19
f 260/289/76/20 261/290/76/20 258/291/76/20 259/292/76/20
f 272/301/77/21 273/302/77/21 270/303/77/21 271/304/77/21
f 284/313/78/22 285/314/78/22 282/315/78/22 283/316/78/22
f 296/325/79/23 297/326/79/23 294/327/79/23 295/328/79/23
f 308/337/80/24 309/338/80/24 306/339/80/24 307/340/80/24
f 354/402/119/26 355/403/119/26 352/404/119/26 353/405/119/26
f 366/414/120/27 367/415/120/27 364/416/120/27 365/417/120/27
f 378/426/121/28 379/427/121/28 376/428/121/28 377/429/121/28
f 390/438/122/29 391/439/122/29 388/440/122/29 389/441/122/29
f 402/450/123/30 403/451/123/30 400/452/123/30 401/453/123/30
f 414/462/124/31 415/463/124/31 412/464/124/31 413/465/124/31
f 426/474/125/32 427/475/125/32 424/476/125/32 425/477/125/32
f 438/486/126/33 439/487/126/33 436/488/126/33 437/489/126/33
f 450/498/127/34 451/499/127/34 448/500/127/34 449/501/127/34
f 462/510/128/35 463/511/128/35 460/512/128/35 461/513/128/35
f 474/522/129/36 475/523/129/36 472/524/129/36 473/525/129/36
f 486/534/130/37 487/535/130/37 484/536/130/37 485/537/130/37
f 498/546/131/38 499/547/131/38 496/548/131/38 497/549/131/38
f 510/558/132/39 511/559/132/39 508/560/132/39 509/561/132/39
f 522/570/133/40 523/571/133/40 520/572/133/40 521/573/133/40
f 534/582/134/41 535/583/134/41 532/584/134/41 533/585/134/41
f 546/594/135/42 547/595/135/42 544/596/135/42 545/597/135/42
f 558/606/136/43 559/607/136/43 556/608/136/43 557/609/136/43
f 570/618/137/44 571/619/137/44 568/620/137/44 569/621/137/44
f 616/683/176/46 617/684/176/46 614/685/176/46 615/686/176/46
f 628/695/177/47 629/696/177/47 626/697/177/47 627/698/177/47
f 640/707/178/48 641/708/178/48 638/709/178/48 639/710/178/48
f 652/719/179/49 653/720/179/49 650/721/179/49 651/722/179/49
f 664/731/180/50 665/732/180/50 662/733/180/50 663/734/180/50
f 676/743/181/51 677/744/181/51 674/745/181/51 675/746/181/51
f 688/755/182/52 689/756/182/52 686/757/182/52 687/758/182/52
f 700/767/183/53 701/768/183/53 698/769/183/53 699/770/183/53
usemtl kusa_ec1
s off
f 132/161/66/10 133/162/66/10 130/163/66/10 131/164/66/10
f 144/173/67/11 145/174/67/11 142/175/67/11 143/176/67/11
f 156/185/68/12 157/186/68/12 154/187/68/12 155/188/68/12
f 168/197/69/13 169/198/69/13 166/199/69/13 167/200/69/13
f 180/209/70/14 181/210/70/14 178/211/70/14 179/212/70/14
f 192/221/71/15 193/222/71/15 190/223/71/15 191/224/71/15
f 204/233/72/16 205/234/72/16 202/235/72/16 203/236/72/16
f 216/245/73/17 217/246/73/17 214/247/73/17 215/248/73/17
f 228/257/74/18 229/258/74/18 226/259/74/18 227/260/74/18
f 240/269/75/19 241/270/75/19 238/271/75/19 239/272/75/19
f 252/281/76/20 253/282/76/20 250/283/76/20 251/284/76/20
f 264/293/77/21 265/294/77/21 262/295/77/21 263/296/77/21
f 276/305/78/22 277/306/78/22 274/307/78/22 275/308/78/22
f 288/317/79/23 289/318/79/23 286/319/79/23 287/320/79/23
f 300/329/80/24 301/330/80/24 298/331/80/24 299/332/80/24
f 346/394/119/26 347/395/119/26 344/396/119/26 345/397/119/26
f 358/406/120/27 359/407/120/27 356/408/120/27 357/409/120/27
f 370/418/121/28 371/419/121/28 368/420/121/28 369/421/121/28
f 382/430/122/29 383/431/122/29 380/432/122/29 381/433/122/29
f 394/442/123/30 395/443/123/30 392/444/123/30 393/445/123/30
f 406/454/124/31 407/455/124/31 404/456/124/31 405/457/124/31
f 418/466/125/32 419/467/125/32 416/468/125/32 417/469/125/32
f 430/478/126/33 431/479/126/33 428/480/126/33 429/481/126/33
f 442/490/127/34 443/491/127/34 440/492/127/34 441/493/127/34
f 454/502/128/35 455/503/128/35 452/504/128/35 453/505/128/35
f 466/514/129/36 467/515/129/36 464/516/129/36 465/517/129/36
f 478/526/130/37 479/527/130/37 476/528/130/37 477/529/130/37
f 490/538/131/38 491/539/131/38 488/540/131/38 489/541/131/38
f 502/550/132/39 503/551/132/39 500/552/132/39 501/553/132/39
f 514/562/133/40 515/563/133/40 512/564/133/40 513/565/133/40
f 526/574/134/41 527/575/134/41 524/576/134/41 525/577/134/41
f 538/586/135/42 539/587/135/42 536/588/135/42 537/589/135/42
f 550/598/136/43 551/599/136/43 548/600/136/43 549/601/136/43
f 562/610/137/44 563/611/137/44 560/612/137/44 561/613/137/44
f 608/675/176/46 609/676/176/46 606/677/176/46 607/678/176/46
f 620/687/177/47 621/688/177/47 618/689/177/47 619/690/177/47
f 632/699/178/48 633/700/178/48 630/701/178/48 631/702/178/48
f 644/711/179/49 645/712/179/49 642/713/179/49 643/714/179/49
f 656/723/180/50 657/724/180/50 654/725/180/50 655/726/180/50
f 668/735/181/51 669/736/181/51 666/737/181/51 667/738/181/51
f 680/747/182/52 681/748/182/52 678/749/182/52 679/750/182/52
f 692/759/183/53 693/760/183/53 690/761/183/53 691/762/183/53
usemtl kusa_ec2
s off
f 136/165/66/10 137/166/66/10 134/167/66/10 135/168/66/10
f 148/177/67/11 149/178/67/11 146/179/67/11 147/180/67/11
f 160/189/68/12 161/190/68/12 158/191/68/12 159/192/68/12
f 172/201/69/13 173/202/69/13 170/203/69/13 171/204/69/13
f 184/213/70/14 185/214/70/14 182/215/70/14 183/216/70/14
f 196/225/71/15 197/226/71/15 194/227/71/15 195/228/71/15
f 208/237/72/16 209/238/72/16 206/239/72/16 207/240/72/16
f 220/249/73/17 221/250/73/17 218/251/73/17 219/252/73/17
f 232/261/74/18 233/262/74/18 230/263/74/18 231/264/74/18
f 244/273/75/19 245/274/75/19 242/275/75/19 243/276/75/19
f 256/285/76/20 257/286/76/20 254/287/76/20 255/288/76/20
f 268/297/77/21 269/298/77/21 266/299/77/21 267/300/77/21
f 280/309/78/22 281/310/78/22 278/311/78/22 279/312/78/22
f 292/321/79/23 293/322/79/23 290/323/79/23 291/324/79/23
f 304/333/80/24 305/334/80/24 302/335/80/24 303/336/80/24
f 350/398/119/26 351/399/119/26 348/400/119/26 349/401/119/26
f 362/410/120/27 363/411/120/27 360/412/120/27 361/413/120/27
f 374/422/121/28 375/423/121/28 372/424/121/28 373/425/121/28
f 386/434/122/29 387/435/122/29 384/436/122/29 385/437/122/29
f 398/446/123/30 399/447/123/30 396/448/123/30 397/449/123/30
f 410/458/124/31 411/459/124/31 408/460/124/31 409/461/124/31
f 422/470/125/32 423/471/125/32 420/472/125/32 421/473/125/32
f 434/482/126/33 435/483/126/33 432/484/126/33 433/485/126/33
f 446/494/127/34 447/495/127/34 444/496/127/34 445/497/127/34
f 458/506/128/35 459/507/128/35 456/508/128/35 457/509/128/35
f 470/518/129/36 471/519/129/36 468/520/129/36 469/521/129/36
f 482/530/130/37 483/531/130/37 480/532/130/37 481/533/130/37
f 494/542/131/38 495/543/131/38 492/544/131/38 493/545/131/38
f 506/554/132/39 507/555/132/39 504/556/132/39 505/557/132/39
f 518/566/133/40 519/567/133/40 516/568/133/40 517/569/133/40
f 530/578/134/41 531/579/134/41 528/580/134/41 529/581/134/41
f 542/590/135/42 543/591/135/42 540/592/135/42 541/593/135/42
f 554/602/136/43 555/603/136/43 552/604/136/43 553/605/136/43
f 566/614/137/44 567/615/137/44 564/616/137/44 565/617/137/44
f 612/679/176/46 613/680/176/46 610/681/176/46 611/682/176/46
f 624/691/177/47 625/692/177/47 622/693/177/47 623/694/177/47
f 636/703/178/48 637/704/178/48 634/705/178/48 635/706/178/48
f 648/715/179/49 649/716/179/49 646/717/179/49 647/718/179/49
f 660/727/180/50 661/728/180/50 658/729/180/50 659/730/180/50
f 672/739/181/51 673/740/181/51 670/741/181/51 671/742/181/51
f 684/751/182/52 685/752/182/52 682/753/182/52 683/754/182/52
f 696/763/183/53 697/764/183/53 694/765/183/53 695/766/183/53
usemtl wall01_g
s off
f 788/857/213/68 789/858/214/68 790/859/215/68 791/860/215/68
f 792/861/216/68 793/862/213/68 794/863/215/68 795/864/215/68
f 808/877/224/69 809/878/225/69 810/879/225/69 811/880/224/69
f 809/878/225/69 812/881/226/69 813/882/226/69 810/879/225/69
f 814/883/224/69 815/884/224/69 816/885/227/69 817/886/227/69
f 866/935/252/76 867/936/253/76 868/937/254/76 869/938/254/76
f 870/939/255/76 871/940/252/76 872/941/254/76 873/942/254/76
f 886/955/263/77 887/956/264/77 888/957/264/77 889/958/263/77
f 887/956/264/77 890/959/265/77 891/960/265/77 888/957/264/77
f 892/961/263/77 893/962/263/77 894/963/266/77 895/964/266/77
f 918/987/283/79 919/988/284/79 920/989/285/79 921/990/285/79
f 922/991/286/79 923/992/283/79 924/993/285/79 925/994/285/79
f 960/1029/310/81 961/1030/311/81 962/1031/312/81 963/1032/312/81
f 964/1033/313/81 965/1034/310/81 966/1035/312/81 967/1036/312/81
f 1010/1079/339/85 1011/1080/340/85 1012/1081/340/85 1013/1082/339/85
f 1011/1080/340/85 1014/1083/341/85 1015/1084/341/85 1012/1081/340/85
f 1016/1085/339/85 1017/1086/339/85 1018/1087/342/85 1019/1088/342/85
f 1020/1089/343/86 1021/1090/344/86 1022/1091/344/86 1023/1092/343/86
f 1021/1090/344/86 1024/1093/345/86 1025/1094/345/86 1022/1091/344/86
f 1026/1095/343/86 1027/1096/343/86 1028/1097/346/86 1029/1098/346/86
f 1110/1179/382/98 1111/1180/383/98 1112/1181/384/98 1113/1182/384/98
f 1114/1183/385/98 1115/1184/382/98 1116/1185/384/98 1117/1186/384/98
f 1130/1199/393/99 1131/1200/394/99 1132/1201/394/99 1133/1202/393/99
f 1131/1200/394/99 1134/1203/395/99 1135/1204/395/99 1132/1201/394/99
f 1136/1205/393/99 1137/1206/393/99 1138/1207/396/99 1139/1208/396/99
f 1140/1209/397/100 1141/1210/398/100 1142/1211/398/100 1143/1212/397/100
f 1141/1210/398/100 1144/1213/399/100 1145/1214/399/100 1142/1211/398/100
f 1146/1215/397/100 1147/1216/397/100 1148/1217/400/100 1149/1218/400/100
f 1172/1241/417/102 1173/1242/418/102 1174/1243/419/102 1175/1244/419/102
f 1176/1245/420/102 1177/1246/417/102 1178/1247/419/102 1179/1248/419/102
f 1192/1261/428/103 1193/1262/429/103 1194/1263/429/103 1195/1264/428/103
f 1193/1262/429/103 1196/1265/430/103 1197/1266/430/103 1194/1263/429/103
f 1198/1267/428/103 1199/1268/428/103 1200/1269/431/103 1201/1270/431/103
f 1224/1293/448/105 1225/1294/449/105 1226/1295/450/105 1227/1296/450/105
f 1228/1297/451/105 1229/1298/448/105 1230/1299/450/105 1231/1300/450/105
f 1266/1335/475/107 1267/1336/476/107 1268/1337/476/107 1269/1338/475/107
f 1267/1336/476/107 1270/1339/477/107 1271/1340/477/107 1268/1337/476/107
f 1272/1341/475/107 1273/1342/475/107 1274/1343/478/107 1275/1344/478/107
f 1346/1415/510/118 1347/1416/511/118 1348/1417/512/118 1349/1418/512/118
f 1350/1419/513/118 1351/1420/510/118 1352/1421/512/118 1353/1422/512/118
f 1366/1435/521/119 1367/1436/522/119 1368/1437/522/119 1369/1438/521/119
f 1367/1436/522/119 1370/1439/523/119 1371/1440/523/119 1368/1437/522/119
f 1372/1441/521/119 1373/1442/521/119 1374/1443/524/119 1375/1444/524/119
f 1402/1471/542/122 1403/1472/543/122 1404/1473/544/122 1405/1474/544/122
f 1406/1475/545/122 1407/1476/542/122 1408/1477/544/122 1409/1478/544/122
f 1422/1491/553/123 1423/1492/554/123 1424/1493/554/123 1425/1494/553/123
f 1423/1492/554/123 1426/1495/555/123 1427/1496/555/123 1424/1493/554/123
f 1428/1497/553/123 1429/1498/553/123 1430/1499/556/123 1431/1500/556/123
f 1458/1527/574/126 1459/1528/575/126 1460/1529/576/126 1461/1530/576/126
f 1462/1531/577/126 1463/1532/574/126 1464/1533/576/126 1465/1534/576/126
f 1478/1547/585/127 1479/1548/586/127 1480/1549/586/127 1481/1550/585/127
f 1479/1548/586/127 1482/1551/587/127 1483/1552/587/127 1480/1549/586/127
f 1484/1553/585/127 1485/1554/585/127 1486/1555/588/127 1487/1556/588/127
f 1514/1583/606/130 1515/1584/607/130 1516/1585/608/130 1517/1586/608/130
f 1518/1587/609/130 1519/1588/606/130 1520/1589/608/130 1521/1590/608/130
f 1534/1603/617/131 1535/1604/618/131 1536/1605/618/131 1537/1606/617/131
f 1535/1604/618/131 1538/1607/619/131 1539/1608/619/131 1536/1605/618/131
f 1540/1609/617/131 1541/1610/617/131 1542/1611/620/131 1543/1612/620/131
f 1570/1639/638/134 1571/1640/639/134 1572/1641/640/134 1573/1642/640/134
f 1574/1643/641/134 1575/1644/638/134 1576/1645/640/134 1577/1646/640/134
f 1590/1659/649/135 1591/1660/650/135 1592/1661/650/135 1593/1662/649/135
f 1591/1660/650/135 1594/1663/651/135 1595/1664/651/135 1592/1661/650/135
f 1596/1665/649/135 1597/1666/649/135 1598/1667/652/135 1599/1668/652/135
f 1630/1699/671/139 1631/1700/672/139 1632/1701/673/139 1633/1702/673/139
f 1634/1703/674/139 1635/1704/671/139 1636/1705/673/139 1637/1706/673/139
f 1650/1719/682/140 1651/1720/683/140 1652/1721/683/140 1653/1722/682/140
f 1651/1720/683/140 1654/1723/684/140 1655/1724/684/140 1652/1721/683/140
f 1656/1725/682/140 1657/1726/682/140 1658/1727/685/140 1659/1728/685/140
f 1712/1781/711/148 1713/1782/712/148 1714/1783/712/148 1715/1784/711/148
f 1713/1782/712/148 1716/1785/713/148 1717/1786/713/148 1714/1783/712/148
f 1718/1787/711/148 1719/1788/711/148 1720/1789/714/148 1721/1790/714/148
f 1756/1825/734/153 1757/1826/735/153 1758/1827/736/153 1759/1828/736/153
f 1760/1829/737/153 1761/1830/734/153 1762/1831/736/153 1763/1832/736/153
f 1776/1845/745/154 1777/1846/746/154 1778/1847/746/154 1779/1848/745/154
f 1777/1846/746/154 1780/1849/747/154 1781/1850/747/154 1778/1847/746/154
f 1782/1851/745/154 1783/1852/745/154 1784/1853/748/154 1785/1854/748/154
f 1812/1881/766/157 1813/1882/767/157 1814/1883/768/157 1815/1884/768/157
f 1816/1885/769/157 1817/1886/766/157 1818/1887/768/157 1819/1888/768/157
f 1832/1901/777/158 1833/1902/778/158 1834/1903/778/158 1835/1904/777/158
f 1833/1902/778/158 1836/1905/779/158 1837/1906/779/158 1834/1903/778/158
f 1838/1907/777/158 1839/1908/777/158 1840/1909/780/158 1841/1910/780/158
f 1878/1947/802/162 1879/1948/803/162 1880/1949/804/162 1881/1950/804/162
f 1882/1951/805/162 1883/1952/802/162 1884/1953/804/162 1885/1954/804/162
f 1898/1967/813/163 1899/1968/814/163 1900/1969/814/163 1901/1970/813/163
f 1899/1968/814/163 1902/1971/815/163 1903/1972/815/163 1900/1969/814/163
f 1904/1973/813/163 1905/1974/813/163 1906/1975/816/163 1907/1976/816/163
f 1956/2025/841/170 1957/2026/842/170 1958/2027/843/170 1959/2028/843/170
f 1960/2029/844/170 1961/2030/841/170 1962/2031/843/170 1963/2032/843/170
f 1976/2045/852/171 1977/2046/853/171 1978/2047/853/171 1979/2048/852/171
f 1977/2046/853/171 1980/2049/854/171 1981/2050/854/171 1978/2047/853/171
f 1982/2051/852/171 1983/2052/852/171 1984/2053/855/171 1985/2054/855/171
f 2022/2091/877/175 2023/2092/878/175 2024/2093/879/175 2025/2094/879/175
f 2026/2095/880/175 2027/2096/877/175 2028/2097/879/175 2029/2098/879/175
f 2042/2111/888/176 2043/2112/889/176 2044/2113/889/176 2045/2114/888/176
f 2043/2112/889/176 2046/2115/890/176 2047/2116/890/176 2044/2113/889/176
f 2048/2117/888/176 2049/2118/888/176 2050/2119/891/176 2051/2120/891/176
f 2078/2147/909/179 2079/2148/910/179 2080/2149/911/179 2081/2150/911/179
f 2082/2151/912/179 2083/2152/909/179 2084/2153/911/179 2085/2154/911/179
f 2098/2167/920/180 2099/2168/921/180 2100/2169/921/180 2101/2170/920/180
f 2099/2168/921/180 2102/2171/922/180 2103/2172/922/180 2100/2169/921/180
f 2104/2173/920/180 2105/2174/920/180 2106/2175/923/180 2107/2176/923/180
f 2130/2199/940/182 2131/2200/941/182 2132/2201/941/182 2133/2202/940/182
f 2131/2200/941/182 2134/2203/942/182 2135/2204/942/182 2132/2201/941/182
f 2136/2205/940/182 2137/2206/940/182 2138/2207/943/182 2139/2208/943/182
f 2188/2257/968/189 2189/2258/969/189 2190/2259/970/189 2191/2260/970/189
f 2192/2261/971/189 2193/2262/968/189 2194/2263/970/189 2195/2264/970/189
f 2208/2277/979/190 2209/2278/980/190 2210/2279/980/190 2211/2280/979/190
f 2209/2278/980/190 2212/2281/981/190 2213/2282/981/190 2210/2279/980/190
f 2214/2283/979/190 2215/2284/979/190 2216/2285/982/190 2217/2286/982/190
f 2262/2331/1006/196 2263/2332/1007/196 2264/2333/1008/196 2265/2334/1008/196
f 2266/2335/1009/196 2267/2336/1006/196 2268/2337/1008/196 2269/2338/1008/196
f 2282/2351/1017/197 2283/2352/1018/197 2284/2353/1018/197 2285/2354/1017/197
f 2283/2352/1018/197 2286/2355/1019/197 2287/2356/1019/197 2284/2353/1018/197
f 2288/2357/1017/197 2289/2358/1017/197 2290/2359/1020/197 2291/2360/1020/197
f 2318/2387/1038/200 2319/2388/1039/200 2320/2389/1040/200 2321/2390/1040/200
f 2322/2391/1041/200 2323/2392/1038/200 2324/2393/1040/200 2325/2394/1040/200
f 2338/2407/1049/201 2339/2408/1050/201 2340/2409/1050/201 2341/2410/1049/201
f 2339/2408/1050/201 2342/2411/1051/201 2343/2412/1051/201 2340/2409/1050/201
f 2344/2413/1049/201 2345/2414/1049/201 2346/2415/1052/201 2347/2416/1052/201
f 2400/2469/1078/209 2401/2470/1079/209 2402/2471/1080/209 2403/2472/1080/209
f 2404/2473/1081/209 2405/2474/1078/209 2406/2475/1080/209 2407/2476/1080/209
f 2420/2489/1089/210 2421/2490/1090/210 2422/2491/1090/210 2423/2492/1089/210
f 2421/2490/1090/210 2424/2493/1091/210 2425/2494/1091/210 2422/2491/1090/210
f 2426/2495/1089/210 2427/2496/1089/210 2428/2497/1092/210 2429/2498/1092/210
f 2460/2529/1111/214 2461/2530/1112/214 2462/2531/1113/214 2463/2532/1113/214
f 2464/2533/1114/214 2465/2534/1111/214 2466/2535/1113/214 2467/2536/1113/214
f 2480/2549/1122/215 2481/2550/1123/215 2482/2551/1123/215 2483/2552/1122/215
f 2481/2550/1123/215 2484/2553/1124/215 2485/2554/1124/215 2482/2551/1123/215
f 2486/2555/1122/215 2487/2556/1122/215 2488/2557/1125/215 2489/2558/1125/215
f 2520/2589/1144/219 2521/2590/1145/219 2522/2591/1146/219 2523/2592/1146/219
f 2524/2593/1147/219 2525/2594/1144/219 2526/2595/1146/219 2527/2596/1146/219
f 2540/2609/1155/220 2541/2610/1156/220 2542/2611/1156/220 2543/2612/1155/220
f 2541/2610/1156/220 2544/2613/1157/220 2545/2614/1157/220 2542/2611/1156/220
f 2546/2615/1155/220 2547/2616/1155/220 2548/2617/1158/220 2549/2618/1158/220
f 796/865/217/68 797/866/218/68 798/867/213/68
f 797/866/218/68 799/868/219/68 798/867/213/68
f 798/867/213/68 799/868/219/68 800/869/220/68
f 801/870/221/68 802/871/219/68 803/872/213/68
f 802/871/219/68 804/873/222/68 803/872/213/68
f 805/874/223/68 806/875/213/68 807/876/220/68
f 874/943/256/76 875/944/257/76 876/945/252/76
f 875/944/257/76 877/946/258/76 876/945/252/76
f 876/945/252/76 877/946/258/76 878/947/259/76
f 879/948/260/76 880/949/258/76 881/950/252/76
f 880/949/258/76 882/951/261/76 881/950/252/76
f 883/952/262/76 884/953/252/76 885/954/259/76
f 926/995/287/79 927/996/288/79 928/997/283/79
f 927/996/288/79 929/998/289/79 928/997/283/79
f 928/997/283/79 929/998/289/79 930/999/290/79
f 931/1000/291/79 932/1001/289/79 933/1002/283/79
f 932/1001/289/79 934/1003/292/79 933/1002/283/79
f 935/1004/293/79 936/1005/283/79 937/1006/290/79
f 968/1037/314/81 969/1038/315/81 970/1039/310/81
f 969/1038/315/81 971/1040/316/81 970/1039/310/81
f 970/1039/310/81 971/1040/316/81 972/1041/317/81
f 973/1042/318/81 974/1043/316/81 975/1044/310/81
f 974/1043/316/81 976/1045/319/81 975/1044/310/81
f 977/1046/320/81 978/1047/310/81 979/1048/317/81
f 1118/1187/386/98 1119/1188/387/98 1120/1189/382/98
f 1119/1188/387/98 1121/1190/388/98 1120/1189/382/98
f 1120/1189/382/98 1121/1190/388/98 1122/1191/389/98
f 1123/1192/390/98 1124/1193/388/98 1125/1194/382/98
f 1124/1193/388/98 1126/1195/391/98 1125/1194/382/98
f 1127/1196/392/98 1128/1197/382/98 1129/1198/389/98
f 1180/1249/421/102 1181/1250/422/102 1182/1251/417/102
f 1181/1250/422/102 1183/1252/423/102 1182/1251/417/102
f 1182/1251/417/102 1183/1252/423/102 1184/1253/424/102
f 1185/1254/425/102 1186/1255/423/102 1187/1256/417/102
f 1186/1255/423/102 1188/1257/426/102 1187/1256/417/102
f 1189/1258/427/102 1190/1259/417/102 1191/1260/424/102
f 1232/1301/452/105 1233/1302/453/105 1234/1303/448/105
f 1233/1302/453/105 1235/1304/454/105 1234/1303/448/105
f 1234/1303/448/105 1235/1304/454/105 1236/1305/455/105
f 1237/1306/456/105 1238/1307/454/105 1239/1308/448/105
f 1238/1307/454/105 1240/1309/457/105 1239/1308/448/105
f 1241/1310/458/105 1242/1311/448/105 1243/1312/455/105
f 1354/1423/514/118 1355/1424/515/118 1356/1425/510/118
f 1355/1424/515/118 1357/1426/516/118 1356/1425/510/118
f 1356/1425/510/118 1357/1426/516/118 1358/1427/517/118
f 1359/1428/518/118 1360/1429/516/118 1361/1430/510/118
f 1360/1429/516/118 1362/1431/519/118 1361/1430/510/118
f 1363/1432/520/118 1364/1433/510/118 1365/1434/517/118
f 1410/1479/546/122 1411/1480/547/122 1412/1481/542/122
f 1411/1480/547/122 1413/1482/548/122 1412/1481/542/122
f 1412/1481/542/122 1413/1482/548/122 1414/1483/549/122
f 1415/1484/550/122 1416/1485/548/122 1417/1486/542/122
f 1416/1485/548/122 1418/1487/551/122 1417/1486/542/122
f 1419/1488/552/122 1420/1489/542/122 1421/1490/549/122
f 1466/1535/578/126 1467/1536/579/126 1468/1537/574/126
f 1467/1536/579/126 1469/1538/580/126 1468/1537/574/126
f 1468/1537/574/126 1469/1538/580/126 1470/1539/581/126
f 1471/1540/582/126 1472/1541/580/126 1473/1542/574/126
f 1472/1541/580/126 1474/1543/583/126 1473/1542/574/126
f 1475/1544/584/126 1476/1545/574/126 1477/1546/581/126
f 1522/1591/610/130 1523/1592/611/130 1524/1593/606/130
f 1523/1592/611/130 1525/1594/612/130 1524/1593/606/130
f 1524/1593/606/130 1525/1594/612/130 1526/1595/613/130
f 1527/1596/614/130 1528/1597/612/130 1529/1598/606/130
f 1528/1597/612/130 1530/1599/615/130 1529/1598/606/130
f 1531/1600/616/130 1532/1601/606/130 1533/1602/613/130
f 1578/1647/642/134 1579/1648/643/134 1580/1649/638/134
f 1579/1648/643/134 1581/1650/644/134 1580/1649/638/134
f 1580/1649/638/134 1581/1650/644/134 1582/1651/645/134
f 1583/1652/646/134 1584/1653/644/134 1585/1654/638/134
f 1584/1653/644/134 1586/1655/647/134 1585/1654/638/134
f 1587/1656/648/134 1588/1657/638/134 1589/1658/645/134
f 1638/1707/675/139 1639/1708/676/139 1640/1709/671/139
f 1639/1708/676/139 1641/1710/677/139 1640/1709/671/139
f 1640/1709/671/139 1641/1710/677/139 1642/1711/678/139
f 1643/1712/679/139 1644/1713/677/139 1645/1714/671/139
f 1644/1713/677/139 1646/1715/680/139 1645/1714/671/139
f 1647/1716/681/139 1648/1717/671/139 1649/1718/678/139
f 1764/1833/738/153 1765/1834/739/153 1766/1835/734/153
f 1765/1834/739/153 1767/1836/740/153 1766/1835/734/153
f 1766/1835/734/153 1767/1836/740/153 1768/1837/741/153
f 1769/1838/742/153 1770/1839/740/153 1771/1840/734/153
f 1770/1839/740/153 1772/1841/743/153 1771/1840/734/153
f 1773/1842/744/153 1774/1843/734/153 1775/1844/741/153
f 1820/1889/770/157 1821/1890/771/157 1822/1891/766/157
f 1821/1890/771/157 1823/1892/772/157 1822/1891/766/157
f 1822/1891/766/157 1823/1892/772/157 1824/1893/773/157
f 1825/1894/774/157 1826/1895/772/157 1827/1896/766/157
f 1826/1895/772/157 1828/1897/775/157 1827/1896/766/157
f 1829/1898/776/157 1830/1899/766/157 1831/1900/773/157
f 1886/1955/806/162 1887/1956/807/162 1888/1957/802/162
f 1887/1956/807/162 1889/1958/808/162 1888/1957/802/162
f 1888/1957/802/162 1889/1958/808/162 1890/1959/809/162
f 1891/1960/810/162 1892/1961/808/162 1893/1962/802/162
f 1892/1961/808/162 1894/1963/811/162 1893/1962/802/162
f 1895/1964/812/162 1896/1965/802/162 1897/1966/809/162
f 1964/2033/845/170 1965/2034/846/170 1966/2035/841/170
f 1965/2034/846/170 1967/2036/847/170 1966/2035/841/170
f 1966/2035/841/170 1967/2036/847/170 1968/2037/848/170
f 1969/2038/849/170 1970/2039/847/170 1971/2040/841/170
f 1970/2039/847/170 1972/2041/850/170 1971/2040/841/170
f 1973/2042/851/170 1974/2043/841/170 1975/2044/848/170
f 2030/2099/881/175 2031/2100/882/175 2032/2101/877/175
f 2031/2100/882/175 2033/2102/883/175 2032/2101/877/175
f 2032/2101/877/175 2033/2102/883/175 2034/2103/884/175
f 2035/2104/885/175 2036/2105/883/175 2037/2106/877/175
f 2036/2105/883/175 2038/2107/886/175 2037/2106/877/175
f 2039/2108/887/175 2040/2109/877/175 2041/2110/884/175
f 2086/2155/913/179 2087/2156/914/179 2088/2157/909/179
f 2087/2156/914/179 2089/2158/915/179 2088/2157/909/179
f 2088/2157/909/179 2089/2158/915/179 2090/2159/916/179
f 2091/2160/917/179 2092/2161/915/179 2093/2162/909/179
f 2092/2161/915/179 2094/2163/918/179 2093/2162/909/179
f 2095/2164/919/179 2096/2165/909/179 2097/2166/916/179
f 2196/2265/972/189 2197/2266/973/189 2198/2267/968/189
f 2197/2266/973/189 2199/2268/974/189 2198/2267/968/189
f 2198/2267/968/189 2199/2268/974/189 2200/2269/975/189
f 2201/2270/976/189 2202/2271/974/189 2203/2272/968/189
f 2202/2271/974/189 2204/2273/977/189 2203/2272/968/189
f 2205/2274/978/189 2206/2275/968/189 2207/2276/975/189
f 2270/2339/1010/196 2271/2340/1011/196 2272/2341/1006/196
f 2271/2340/1011/196 2273/2342/1012/196 2272/2341/1006/196
f 2272/2341/1006/196 2273/2342/1012/196 2274/2343/1013/196
f 2275/2344/1014/196 2276/2345/1012/196 2277/2346/1006/196
f 2276/2345/1012/196 2278/2347/1015/196 2277/2346/1006/196
f 2279/2348/1016/196 2280/2349/1006/196 2281/2350/1013/196
f 2326/2395/1042/200 2327/2396/1043/200 2328/2397/1038/200
f 2327/2396/1043/200 2329/2398/1044/200 2328/2397/1038/200
f 2328/2397/1038/200 2329/2398/1044/200 2330/2399/1045/200
f 2331/2400/1046/200 2332/2401/1044/200 2333/2402/1038/200
f 2332/2401/1044/200 2334/2403/1047/200 2333/2402/1038/200
f 2335/2404/1048/200 2336/2405/1038/200 2337/2406/1045/200
f 2408/2477/1082/209 2409/2478/1083/209 2410/2479/1078/209
f 2409/2478/1083/209 2411/2480/1084/209 2410/2479/1078/209
f 2410/2479/1078/209 2411/2480/1084/209 2412/2481/1085/209
f 2413/2482/1086/209 2414/2483/1084/209 2415/2484/1078/209
f 2414/2483/1084/209 2416/2485/1087/209 2415/2484/1078/209
f 2417/2486/1088/209 2418/2487/1078/209 2419/2488/1085/209
f 2468/2537/1115/214 2469/2538/1116/214 2470/2539/1111/214
f 2469/2538/1116/214 2471/2540/1117/214 2470/2539/1111/214
f 2470/2539/1111/214 2471/2540/1117/214 2472/2541/1118/214
f 2473/2542/1119/214 2474/2543/1117/214 2475/2544/1111/214
f 2474/2543/1117/214 2476/2545/1120/214 2475/2544/1111/214
f 2477/2546/1121/214 2478/2547/1111/214 2479/2548/1118/214
f 2528/2597/1148/219 2529/2598/1149/219 2530/2599/1144/219
f 2529/2598/1149/219 2531/2600/1150/219 2530/2599/1144/219
f 2530/2599/1144/219 2531/2600/1150/219 2532/2601/1151/219
f 2533/2602/1152/219 2534/2603/1150/219 2535/2604/1144/219
f 2534/2603/1150/219 2536/2605/1153/219 2535/2604/1144/219
f 2537/2606/1154/219 2538/2607/1144/219 2539/2608/1151/219
usemtl beach01
s off
f 702/771/184/54 703/772/184/54 704/773/184/54 705/774/184/54
f 858/927/250/74 859/928/250/74 860/929/250/74 861/930/250/74
f 862/931/251/75 863/932/251/75 864/933/251/75 865/934/251/75
f 818/904/242/70 819/905/242/70 820/906/242/70
f 819/905/242/70 821/907/242/70 820/906/242/70
f 822/908/242/70 821/907/242/70 819/905/242/70
f 896/982/281/78 897/983/281/78 898/984/281/78
f 897/983/281/78 899/985/281/78 898/984/281/78
f 900/986/281/78 899/985/281/78 897/983/281/78
f 938/1024/308/80 939/1025/308/80 940/1026/308/80
f 939/1025/308/80 941/1027/308/80 940/1026/308/80
f 942/1028/308/80 941/1027/308/80 939/1025/308/80
f 980/1066/335/82 981/1067/335/82 982/1068/335/82
f 981/1067/335/82 983/1069/335/82 982/1068/335/82
f 984/1070/335/82 983/1069/335/82 981/1067/335/82
f 1030/1116/361/87 1031/1117/361/87 1032/1118/361/87
f 1031/1117/361/87 1033/1119/361/87 1032/1118/361/87
f 1034/1120/361/87 1033/1119/361/87 1031/1117/361/87
f 1150/1236/415/101 1151/1237/415/101 1152/1238/415/101
f 1151/1237/415/101 1153/1239/415/101 1152/1238/415/101
f 1154/1240/415/101 1153/1239/415/101 1151/1237/415/101
f 1202/1288/446/104 1203/1289/446/104 1204/1290/446/104
f 1203/1289/446/104 1205/1291/446/104 1204/1290/446/104
f 1206/1292/446/104 1205/1291/446/104 1203/1289/446/104
f 1244/1330/473/106 1245/1331/473/106 1246/1332/473/106
f 1245/1331/473/106 1247/1333/473/106 1246/1332/473/106
f 1248/1334/473/106 1247/1333/473/106 1245/1331/473/106
f 1276/1362/493/108 1277/1363/493/108 1278/1364/493/108
f 1277/1363/493/108 1279/1365/493/108 1278/1364/493/108
f 1280/1366/493/108 1279/1365/493/108 1277/1363/493/108
f 1376/1462/539/120 1377/1463/539/120 1378/1464/539/120
f 1377/1463/539/120 1379/1465/539/120 1378/1464/539/120
f 1380/1466/539/120 1379/1465/539/120 1377/1463/539/120
f 1432/1518/571/124 1433/1519/571/124 1434/1520/571/124
f 1433/1519/571/124 1435/1521/571/124 1434/1520/571/124
f 1436/1522/571/124 1435/1521/571/124 1433/1519/571/124
f 1488/1574/603/128 1489/1575/603/128 1490/1576/603/128
f 1489/1575/603/128 1491/1577/603/128 1490/1576/603/128
f 1492/1578/603/128 1491/1577/603/128 1489/1575/603/128
f 1544/1630/635/132 1545/1631/635/132 1546/1632/635/132
f 1545/1631/635/132 1547/1633/635/132 1546/1632/635/132
f 1548/1634/635/132 1547/1633/635/132 1545/1631/635/132
f 1600/1686/667/136 1601/1687/667/136 1602/1688/667/136
f 1601/1687/667/136 1603/1689/667/136 1602/1688/667/136
f 1604/1690/667/136 1603/1689/667/136 1601/1687/667/136
f 1660/1746/700/141 1661/1747/700/141 1662/1748/700/141
f 1661/1747/700/141 1663/1749/700/141 1662/1748/700/141
f 1664/1750/700/141 1663/1749/700/141 1661/1747/700/141
f 1722/1808/729/149 1723/1809/729/149 1724/1810/729/149
f 1723/1809/729/149 1725/1811/729/149 1724/1810/729/149
f 1726/1812/729/149 1725/1811/729/149 1723/1809/729/149
f 1786/1872/763/155 1787/1873/763/155 1788/1874/763/155
f 1787/1873/763/155 1789/1875/763/155 1788/1874/763/155
f 1790/1876/763/155 1789/1875/763/155 1787/1873/763/155
f 1842/1928/795/159 1843/1929/795/159 1844/1930/795/159
f 1843/1929/795/159 1845/1931/795/159 1844/1930/795/159
f 1846/1932/795/159 1845/1931/795/159 1843/1929/795/159
f 1908/1994/831/164 1909/1995/831/164 1910/1996/831/164
f 1909/1995/831/164 1911/1997/831/164 1910/1996/831/164
f 1912/1998/831/164 1911/1997/831/164 1909/1995/831/164
f 1986/2072/870/172 1987/2073/870/172 1988/2074/870/172
f 1987/2073/870/172 1989/2075/870/172 1988/2074/870/172
f 1990/2076/870/172 1989/2075/870/172 1987/2073/870/172
f 2052/2138/906/177 2053/2139/906/177 2054/2140/906/177
f 2053/2139/906/177 2055/2141/906/177 2054/2140/906/177
f 2056/2142/906/177 2055/2141/906/177 2053/2139/906/177
f 2108/2194/938/181 2109/2195/938/181 2110/2196/938/181
f 2109/2195/938/181 2111/2197/938/181 2110/2196/938/181
f 2112/2198/938/181 2111/2197/938/181 2109/2195/938/181
f 2140/2226/958/183 2141/2227/958/183 2142/2228/958/183
f 2141/2227/958/183 2143/2229/958/183 2142/2228/958/183
f 2144/2230/958/183 2143/2229/958/183 2141/2227/958/183
f 2218/2304/997/191 2219/2305/997/191 2220/2306/997/191
f 2219/2305/997/191 2221/2307/997/191 2220/2306/997/191
f 2222/2308/997/191 2221/2307/997/191 2219/2305/997/191
f 2292/2378/1035/198 2293/2379/1035/198 2294/2380/1035/198
f 2293/2379/1035/198 2295/2381/1035/198 2294/2380/1035/198
f 2296/2382/1035/198 2295/2381/1035/198 2293/2379/1035/198
f 2348/2434/1067/202 2349/2435/1067/202 2350/2436/1067/202
f 2349/2435/1067/202 2351/2437/1067/202 2350/2436/1067/202
f 2352/2438/1067/202 2351/2437/1067/202 2349/2435/1067/202
f 2430/2516/1107/211 2431/2517/1107/211 2432/2518/1107/211
f 2431/2517/1107/211 2433/2519/1107/211 2432/2518/1107/211
f 2434/2520/1107/211 2433/2519/1107/211 2431/2517/1107/211
f 2490/2576/1140/216 2491/2577/1140/216 2492/2578/1140/216
f 2491/2577/1140/216 2493/2579/1140/216 2492/2578/1140/216
f 2494/2580/1140/216 2493/2579/1140/216 2491/2577/1140/216
f 2550/2636/1173/221 2551/2637/1173/221 2552/2638/1173/221
f 2551/2637/1173/221 2553/2639/1173/221 2552/2638/1173/221
f 2554/2640/1173/221 2553/2639/1173/221 2551/2637/1173/221
usemtl wallkn_g
s off
f 706/775/185/55 707/776/186/55 708/777/186/55 709/778/185/55
f 707/776/186/55 710/779/187/55 711/780/187/55 708/777/186/55
f 712/781/185/55 713/782/185/55 714/783/188/55 715/784/188/55
f 724/793/191/58 725/794/192/58 726/795/192/58 727/796/191/58
f 725/794/192/58 728/797/193/58 729/798/193/58 726/795/192/58
f 730/799/191/58 731/800/191/58 732/801/194/58 733/802/194/58
f 742/811/197/61 743/812/198/61 744/813/198/61 745/814/197/61
f 743/812/198/61 746/815/199/61 747/816/199/61 744/813/198/61
f 748/817/197/61 749/818/197/61 750/819/200/61 751/820/200/61
f 756/825/202/63 757/826/203/63 758/827/203/63 759/828/202/63
f 757/826/203/63 760/829/204/63 761/830/204/63 758/827/203/63
f 762/831/202/63 763/832/202/63 764/833/205/63 765/834/205/63
f 770/839/207/65 771/840/208/65 772/841/208/65 773/842/207/65
f 771/840/208/65 774/843/209/65 775/844/209/65 772/841/208/65
f 776/845/207/65 777/846/207/65 778/847/210/65 779/848/210/65
f 823/887/228/70 824/888/229/70 825/889/230/70 826/890/231/70
f 827/891/232/70 828/892/233/70 829/893/234/70 830/894/235/70
f 828/892/233/70 823/887/228/70 826/890/231/70 829/893/234/70
f 840/909/244/71 841/910/245/71 842/911/245/71 843/912/244/71
f 841/910/245/71 844/913/246/71 845/914/246/71 842/911/245/71
f 846/915/244/71 847/916/244/71 848/917/247/71 849/918/247/71
f 901/965/267/78 902/966/268/78 903/967/269/78 904/968/270/78
f 905/969/271/78 906/970/272/78 907/971/273/78 908/972/274/78
f 906/970/272/78 901/965/267/78 904/968/270/78 907/971/273/78
f 943/1007/294/80 944/1008/295/80 945/1009/296/80 946/1010/297/80
f 947/1011/298/80 948/1012/299/80 949/1013/300/80 950/1014/301/80
f 948/1012/299/80 943/1007/294/80 946/1010/297/80 949/1013/300/80
f 985/1049/321/82 986/1050/322/82 987/1051/323/82 988/1052/324/82
f 989/1053/325/82 990/1054/326/82 991/1055/327/82 992/1056/328/82
f 990/1054/326/82 985/1049/321/82 988/1052/324/82 991/1055/327/82
f 1035/1099/347/87 1036/1100/348/87 1037/1101/349/87 1038/1102/350/87
f 1039/1103/351/87 1040/1104/352/87 1041/1105/353/87 1042/1106/354/87
f 1040/1104/352/87 1035/1099/347/87 1038/1102/350/87 1041/1105/353/87
f 1052/1121/363/88 1053/1122/364/88 1054/1123/364/88 1055/1124/363/88
f 1053/1122/364/88 1056/1125/365/88 1057/1126/365/88 1054/1123/364/88
f 1058/1127/363/88 1059/1128/363/88 1060/1129/366/88 1061/1130/366/88
f 1070/1139/369/91 1071/1140/370/91 1072/1141/370/91 1073/1142/369/91
f 1071/1140/370/91 1074/1143/371/91 1075/1144/371/91 1072/1141/370/91
f 1076/1145/369/91 1077/1146/369/91 1078/1147/372/91 1079/1148/372/91
f 1088/1157/375/94 1089/1158/376/94 1090/1159/376/94 1091/1160/375/94
f 1089/1158/376/94 1092/1161/377/94 1093/1162/377/94 1090/1159/376/94
f 1094/1163/375/94 1095/1164/375/94 1096/1165/378/94 1097/1166/378/94
f 1155/1219/401/101 1156/1220/402/101 1157/1221/403/101 1158/1222/404/101
f 1159/1223/405/101 1160/1224/406/101 1161/1225/407/101 1162/1226/408/101
f 1160/1224/406/101 1155/1219/401/101 1158/1222/404/101 1161/1225/407/101
f 1207/1271/432/104 1208/1272/433/104 1209/1273/434/104 1210/1274/435/104
f 1211/1275/436/104 1212/1276/437/104 1213/1277/438/104 1214/1278/439/104
f 1212/1276/437/104 1207/1271/432/104 1210/1274/435/104 1213/1277/438/104
f 1249/1313/459/106 1250/1314/460/106 1251/1315/461/106 1252/1316/462/106
f 1253/1317/463/106 1254/1318/464/106 1255/1319/465/106 1256/1320/466/106
f 1254/1318/464/106 1249/1313/459/106 1252/1316/462/106 1255/1319/465/106
f 1281/1345/479/108 1282/1346/480/108 1283/1347/481/108 1284/1348/482/108
f 1285/1349/483/108 1286/1350/484/108 1287/1351/485/108 1288/1352/486/108
f 1286/1350/484/108 1281/1345/479/108 1284/1348/482/108 1287/1351/485/108
f 1306/1375/497/111 1307/1376/498/111 1308/1377/498/111 1309/1378/497/111
f 1307/1376/498/111 1310/1379/499/111 1311/1380/499/111 1308/1377/498/111
f 1312/1381/497/111 1313/1382/497/111 1314/1383/500/111 1315/1384/500/111
f 1328/1397/504/115 1329/1398/505/115 1330/1399/505/115 1331/1400/504/115
f 1329/1398/505/115 1332/1401/506/115 1333/1402/506/115 1330/1399/505/115
f 1334/1403/504/115 1335/1404/504/115 1336/1405/507/115 1337/1406/507/115
f 1381/1445/525/120 1382/1446/526/120 1383/1447/527/120 1384/1448/528/120
f 1385/1449/529/120 1386/1450/530/120 1387/1451/531/120 1388/1452/532/120
f 1386/1450/530/120 1381/1445/525/120 1384/1448/528/120 1387/1451/531/120
f 1437/1501/557/124 1438/1502/558/124 1439/1503/559/124 1440/1504/560/124
f 1441/1505/561/124 1442/1506/562/124 1443/1507/563/124 1444/1508/564/124
f 1442/1506/562/124 1437/1501/557/124 1440/1504/560/124 1443/1507/563/124
f 1493/1557/589/128 1494/1558/590/128 1495/1559/591/128 1496/1560/592/128
f 1497/1561/593/128 1498/1562/594/128 1499/1563/595/128 1500/1564/596/128
f 1498/1562/594/128 1493/1557/589/128 1496/1560/592/128 1499/1563/595/128
f 1549/1613/621/132 1550/1614/622/132 1551/1615/623/132 1552/1616/624/132
f 1553/1617/625/132 1554/1618/626/132 1555/1619/627/132 1556/1620/628/132
f 1554/1618/626/132 1549/1613/621/132 1552/1616/624/132 1555/1619/627/132
f 1605/1669/653/136 1606/1670/654/136 1607/1671/655/136 1608/1672/656/136
f 1609/1673/657/136 1610/1674/658/136 1611/1675/659/136 1612/1676/660/136
f 1610/1674/658/136 1605/1669/653/136 1608/1672/656/136 1611/1675/659/136
f 1665/1729/686/141 1666/1730/687/141 1667/1731/688/141 1668/1732/689/141
f 1669/1733/690/141 1670/1734/691/141 1671/1735/692/141 1672/1736/693/141
f 1670/1734/691/141 1665/1729/686/141 1668/1732/689/141 1671/1735/692/141
f 1690/1759/704/144 1691/1760/705/144 1692/1761/705/144 1693/1762/704/144
f 1691/1760/705/144 1694/1763/706/144 1695/1764/706/144 1692/1761/705/144
f 1696/1765/704/144 1697/1766/704/144 1698/1767/707/144 1699/1768/707/144
f 1727/1791/715/149 1728/1792/716/149 1729/1793/717/149 1730/1794/718/149
f 1731/1795/719/149 1732/1796/720/149 1733/1797/721/149 1734/1798/722/149
f 1732/1796/720/149 1727/1791/715/149 1730/1794/718/149 1733/1797/721/149
f 1791/1855/749/155 1792/1856/750/155 1793/1857/751/155 1794/1858/752/155
f 1795/1859/753/155 1796/1860/754/155 1797/1861/755/155 1798/1862/756/155
f 1796/1860/754/155 1791/1855/749/155 1794/1858/752/155 1797/1861/755/155
f 1847/1911/781/159 1848/1912/782/159 1849/1913/783/159 1850/1914/784/159
f 1851/1915/785/159 1852/1916/786/159 1853/1917/787/159 1854/1918/788/159
f 1852/1916/786/159 1847/1911/781/159 1850/1914/784/159 1853/1917/787/159
f 1864/1933/797/160 1865/1934/798/160 1866/1935/798/160 1867/1936/797/160
f 1865/1934/798/160 1868/1937/799/160 1869/1938/799/160 1866/1935/798/160
f 1870/1939/797/160 1871/1940/797/160 1872/1941/800/160 1873/1942/800/160
f 1913/1977/817/164 1914/1978/818/164 1915/1979/819/164 1916/1980/820/164
f 1917/1981/821/164 1918/1982/822/164 1919/1983/823/164 1920/1984/824/164
f 1918/1982/822/164 1913/1977/817/164 1916/1980/820/164 1919/1983/823/164
f 1938/2007/835/167 1939/2008/836/167 1940/2009/836/167 1941/2010/835/167
f 1939/2008/836/167 1942/2011/837/167 1943/2012/837/167 1940/2009/836/167
f 1944/2013/835/167 1945/2014/835/167 1946/2015/838/167 1947/2016/838/167
f 1991/2055/856/172 1992/2056/857/172 1993/2057/858/172 1994/2058/859/172
f 1995/2059/860/172 1996/2060/861/172 1997/2061/862/172 1998/2062/863/172
f 1996/2060/861/172 1991/2055/856/172 1994/2058/859/172 1997/2061/862/172
f 2008/2077/872/173 2009/2078/873/173 2010/2079/873/173 2011/2080/872/173
f 2009/2078/873/173 2012/2081/874/173 2013/2082/874/173 2010/2079/873/173
f 2014/2083/872/173 2015/2084/872/173 2016/2085/875/173 2017/2086/875/173
f 2057/2121/892/177 2058/2122/893/177 2059/2123/894/177 2060/2124/895/177
f 2061/2125/896/177 2062/2126/897/177 2063/2127/898/177 2064/2128/899/177
f 2062/2126/897/177 2057/2121/892/177 2060/2124/895/177 2063/2127/898/177
f 2113/2177/924/181 2114/2178/925/181 2115/2179/926/181 2116/2180/927/181
f 2117/2181/928/181 2118/2182/929/181 2119/2183/930/181 2120/2184/931/181
f 2118/2182/929/181 2113/2177/924/181 2116/2180/927/181 2119/2183/930/181
f 2145/2209/944/183 2146/2210/945/183 2147/2211/946/183 2148/2212/947/183
f 2149/2213/948/183 2150/2214/949/183 2151/2215/950/183 2152/2216/951/183
f 2150/2214/949/183 2145/2209/944/183 2148/2212/947/183 2151/2215/950/183
f 2166/2235/961/185 2167/2236/962/185 2168/2237/962/185 2169/2238/961/185
f 2167/2236/962/185 2170/2239/963/185 2171/2240/963/185 2168/2237/962/185
f 2172/2241/961/185 2173/2242/961/185 2174/2243/964/185 2175/2244/964/185
f 2223/2287/983/191 2224/2288/984/191 2225/2289/985/191 2226/2290/986/191
f 2227/2291/987/191 2228/2292/988/191 2229/2293/989/191 2230/2294/990/191
f 2228/2292/988/191 2223/2287/983/191 2226/2290/986/191 2229/2293/989/191
f 2240/2309/999/192 2241/2310/1000/192 2242/2311/1000/192 2243/2312/999/192
f 2241/2310/1000/192 2244/2313/1001/192 2245/2314/1001/192 2242/2311/1000/192
f 2246/2315/999/192 2247/2316/999/192 2248/2317/1002/192 2249/2318/1002/192
f 2297/2361/1021/198 2298/2362/1022/198 2299/2363/1023/198 2300/2364/1024/198
f 2301/2365/1025/198 2302/2366/1026/198 2303/2367/1027/198 2304/2368/1028/198
f 2302/2366/1026/198 2297/2361/1021/198 2300/2364/1024/198 2303/2367/1027/198
f 2353/2417/1053/202 2354/2418/1054/202 2355/2419/1055/202 2356/2420/1056/202
f 2357/2421/1057/202 2358/2422/1058/202 2359/2423/1059/202 2360/2424/1060/202
f 2358/2422/1058/202 2353/2417/1053/202 2356/2420/1056/202 2359/2423/1059/202
f 2374/2443/1070/204 2375/2444/1071/204 2376/2445/1071/204 2377/2446/1070/204
f 2375/2444/1071/204 2378/2447/1072/204 2379/2448/1072/204 2376/2445/1071/204
f 2380/2449/1070/204 2381/2450/1070/204 2382/2451/1073/204 2383/2452/1073/204
f 2435/2499/1093/211 2436/2500/1094/211 2437/2501/1095/211 2438/2502/1096/211
f 2439/2503/1097/211 2440/2504/1098/211 2441/2505/1099/211 2442/2506/1100/211
f 2440/2504/1098/211 2435/2499/1093/211 2438/2502/1096/211 2441/2505/1099/211
f 2495/2559/1126/216 2496/2560/1127/216 2497/2561/1128/216 2498/2562/1129/216
f 2499/2563/1130/216 2500/2564/1131/216 2501/2565/1132/216 2502/2566/1133/216
f 2500/2564/1131/216 2495/2559/1126/216 2498/2562/1129/216 2501/2565/1132/216
f 2555/2619/1159/221 2556/2620/1160/221 2557/2621/1161/221 2558/2622/1162/221
f 2559/2623/1163/221 2560/2624/1164/221 2561/2625/1165/221 2562/2626/1166/221
f 2560/2624/1164/221 2555/2619/1159/221 2558/2622/1162/221 2561/2625/1165/221
f 831/895/236/70 832/896/237/70 833/897/238/70
f 832/896/237/70 834/898/239/70 833/897/238/70
f 833/897/238/70 834/898/239/70 835/899/240/70
f 834/898/239/70 836/900/241/70 835/899/240/70
f 837/901/240/70 838/902/242/70 839/903/243/70
f 909/973/275/78 910/974/276/78 911/975/277/78
f 910/974/276/78 912/976/278/78 911/975/277/78
f 911/975/277/78 912/976/278/78 913/977/279/78
f 912/976/278/78 914/978/280/78 913/977/279/78
f 915/979/279/78 916/980/281/78 917/981/282/78
f 951/1015/302/80 952/1016/303/80 953/1017/304/80
f 952/1016/303/80 954/1018/305/80 953/1017/304/80
f 953/1017/304/80 954/1018/305/80 955/1019/306/80
f 954/1018/305/80 956/1020/307/80 955/1019/306/80
f 957/1021/306/80 958/1022/308/80 959/1023/309/80
f 993/1057/329/82 994/1058/330/82 995/1059/331/82
f 994/1058/330/82 996/1060/332/82 995/1059/331/82
f 995/1059/331/82 996/1060/332/82 997/1061/333/82
f 996/1060/332/82 998/1062/334/82 997/1061/333/82
f 999/1063/333/82 1000/1064/335/82 1001/1065/336/82
f 1043/1107/355/87 1044/1108/356/87 1045/1109/357/87
f 1044/1108/356/87 1046/1110/358/87 1045/1109/357/87
f 1045/1109/357/87 1046/1110/358/87 1047/1111/359/87
f 1046/1110/358/87 1048/1112/360/87 1047/1111/359/87
f 1049/1113/359/87 1050/1114/361/87 1051/1115/362/87
f 1163/1227/409/101 1164/1228/410/101 1165/1229/411/101
f 1164/1228/410/101 1166/1230/412/101 1165/1229/411/101
f 1165/1229/411/101 1166/1230/412/101 1167/1231/413/101
f 1166/1230/412/101 1168/1232/414/101 1167/1231/413/101
f 1169/1233/413/101 1170/1234/415/101 1171/1235/416/101
f 1215/1279/440/104 1216/1280/441/104 1217/1281/442/104
f 1216/1280/441/104 1218/1282/443/104 1217/1281/442/104
f 1217/1281/442/104 1218/1282/443/104 1219/1283/444/104
f 1218/1282/443/104 1220/1284/445/104 1219/1283/444/104
f 1221/1285/444/104 1222/1286/446/104 1223/1287/447/104
f 1257/1321/467/106 1258/1322/468/106 1259/1323/469/106
f 1258/1322/468/106 1260/1324/470/106 1259/1323/469/106
f 1259/1323/469/106 1260/1324/470/106 1261/1325/471/106
f 1260/1324/470/106 1262/1326/472/106 1261/1325/471/106
f 1263/1327/471/106 1264/1328/473/106 1265/1329/474/106
f 1289/1353/487/108 1290/1354/488/108 1291/1355/489/108
f 1290/1354/488/108 1292/1356/490/108 1291/1355/489/108
f 1291/1355/489/108 1292/1356/490/108 1293/1357/491/108
f 1292/1356/490/108 1294/1358/492/108 1293/1357/491/108
f 1295/1359/491/108 1296/1360/493/108 1297/1361/494/108
f 1389/1453/533/120 1390/1454/534/120 1391/1455/535/120
f 1390/1454/534/120 1392/1456/536/120 1391/1455/535/120
f 1391/1455/535/120 1392/1456/536/120 1393/1457/537/120
f 1392/1456/536/120 1394/1458/538/120 1393/1457/537/120
f 1395/1459/537/120 1396/1460/539/120 1397/1461/540/120
f 1445/1509/565/124 1446/1510/566/124 1447/1511/567/124
f 1446/1510/566/124 1448/1512/568/124 1447/1511/567/124
f 1447/1511/567/124 1448/1512/568/124 1449/1513/569/124
f 1448/1512/568/124 1450/1514/570/124 1449/1513/569/124
f 1451/1515/569/124 1452/1516/571/124 1453/1517/572/124
f 1501/1565/597/128 1502/1566/598/128 1503/1567/599/128
f 1502/1566/598/128 1504/1568/600/128 1503/1567/599/128
f 1503/1567/599/128 1504/1568/600/128 1505/1569/601/128
f 1504/1568/600/128 1506/1570/602/128 1505/1569/601/128
f 1507/1571/601/128 1508/1572/603/128 1509/1573/604/128
f 1557/1621/629/132 1558/1622/630/132 1559/1623/631/132
f 1558/1622/630/132 1560/1624/632/132 1559/1623/631/132
f 1559/1623/631/132 1560/1624/632/132 1561/1625/633/132
f 1560/1624/632/132 1562/1626/634/132 1561/1625/633/132
f 1563/1627/633/132 1564/1628/635/132 1565/1629/636/132
f 1613/1677/661/136 1614/1678/662/136 1615/1679/663/136
f 1614/1678/662/136 1616/1680/664/136 1615/1679/663/136
f 1615/1679/663/136 1616/1680/664/136 1617/1681/665/136
f 1616/1680/664/136 1618/1682/666/136 1617/1681/665/136
f 1619/1683/665/136 1620/1684/667/136 1621/1685/668/136
f 1673/1737/694/141 1674/1738/695/141 1675/1739/696/141
f 1674/1738/695/141 1676/1740/697/141 1675/1739/696/141
f 1675/1739/696/141 1676/1740/697/141 1677/1741/698/141
f 1676/1740/697/141 1678/1742/699/141 1677/1741/698/141
f 1679/1743/698/141 1680/1744/700/141 1681/1745/701/141
f 1735/1799/723/149 1736/1800/724/149 1737/1801/725/149
f 1736/1800/724/149 1738/1802/726/149 1737/1801/725/149
f 1737/1801/725/149 1738/1802/726/149 1739/1803/727/149
f 1738/1802/726/149 1740/1804/728/149 1739/1803/727/149
f 1741/1805/727/149 1742/1806/729/149 1743/1807/730/149
f 1799/1863/757/155 1800/1864/758/155 1801/1865/759/155
f 1800/1864/758/155 1802/1866/760/155 1801/1865/759/155
f 1801/1865/759/155 1802/1866/760/155 1803/1867/761/155
f 1802/1866/760/155 1804/1868/762/155 1803/1867/761/155
f 1805/1869/761/155 1806/1870/763/155 1807/1871/764/155
f 1855/1919/789/159 1856/1920/790/159 1857/1921/791/159
f 1856/1920/790/159 1858/1922/792/159 1857/1921/791/159
f 1857/1921/791/159 1858/1922/792/159 1859/1923/793/159
f 1858/1922/792/159 1860/1924/794/159 1859/1923/793/159
f 1861/1925/793/159 1862/1926/795/159 1863/1927/796/159
f 1921/1985/825/164 1922/1986/826/164 1923/1987/827/164
f 1922/1986/826/164 1924/1988/828/164 1923/1987/827/164
f 1923/1987/827/164 1924/1988/828/164 1925/1989/829/164
f 1924/1988/828/164 1926/1990/830/164 1925/1989/829/164
f 1927/1991/829/164 1928/1992/831/164 1929/1993/832/164
f 1999/2063/864/172 2000/2064/865/172 2001/2065/866/172
f 2000/2064/865/172 2002/2066/867/172 2001/2065/866/172
f 2001/2065/866/172 2002/2066/867/172 2003/2067/868/172
f 2002/2066/867/172 2004/2068/869/172 2003/2067/868/172
f 2005/2069/868/172 2006/2070/870/172 2007/2071/871/172
f 2065/2129/900/177 2066/2130/901/177 2067/2131/902/177
f 2066/2130/901/177 2068/2132/903/177 2067/2131/902/177
f 2067/2131/902/177 2068/2132/903/177 2069/2133/904/177
f 2068/2132/903/177 2070/2134/905/177 2069/2133/904/177
f 2071/2135/904/177 2072/2136/906/177 2073/2137/907/177
f 2121/2185/932/181 2122/2186/933/181 2123/2187/934/181
f 2122/2186/933/181 2124/2188/935/181 2123/2187/934/181
f 2123/2187/934/181 2124/2188/935/181 2125/2189/936/181
f 2124/2188/935/181 2126/2190/937/181 2125/2189/936/181
f 2127/2191/936/181 2128/2192/938/181 2129/2193/939/181
f 2153/2217/952/183 2154/2218/953/183 2155/2219/954/183
f 2154/2218/953/183 2156/2220/955/183 2155/2219/954/183
f 2155/2219/954/183 2156/2220/955/183 2157/2221/956/183
f 2156/2220/955/183 2158/2222/957/183 2157/2221/956/183
f 2159/2223/956/183 2160/2224/958/183 2161/2225/959/183
f 2231/2295/991/191 2232/2296/992/191 2233/2297/993/191
f 2232/2296/992/191 2234/2298/994/191 2233/2297/993/191
f 2233/2297/993/191 2234/2298/994/191 2235/2299/995/191
f 2234/2298/994/191 2236/2300/996/191 2235/2299/995/191
f 2237/2301/995/191 2238/2302/997/191 2239/2303/998/191
f 2305/2369/1029/198 2306/2370/1030/198 2307/2371/1031/198
f 2306/2370/1030/198 2308/2372/1032/198 2307/2371/1031/198
f 2307/2371/1031/198 2308/2372/1032/198 2309/2373/1033/198
f 2308/2372/1032/198 2310/2374/1034/198 2309/2373/1033/198
f 2311/2375/1033/198 2312/2376/1035/198 2313/2377/1036/198
f 2361/2425/1061/202 2362/2426/1062/202 2363/2427/1063/202
f 2362/2426/1062/202 2364/2428/1064/202 2363/2427/1063/202
f 2363/2427/1063/202 2364/2428/1064/202 2365/2429/1065/202
f 2364/2428/1064/202 2366/2430/1066/202 2365/2429/1065/202
f 2367/2431/1065/202 2368/2432/1067/202 2369/2433/1068/202
f 2443/2507/1101/211 2444/2508/1102/211 2445/2509/1103/211
f 2444/2508/1102/211 2446/2510/1104/211 2445/2509/1103/211
f 2445/2509/1103/211 2446/2510/1104/211 2447/2511/1105/211
f 2446/2510/1104/211 2448/2512/1106/211 2447/2511/1105/211
f 2449/2513/1105/211 2450/2514/1107/211 2451/2515/1108/211
f 2503/2567/1134/216 2504/2568/1135/216 2505/2569/1136/216
f 2504/2568/1135/216 2506/2570/1137/216 2505/2569/1136/216
f 2505/2569/1136/216 2506/2570/1137/216 2507/2571/1138/216
f 2506/2570/1137/216 2508/2572/1139/216 2507/2571/1138/216
f 2509/2573/1138/216 2510/2574/1140/216 2511/2575/1141/216
f 2563/2627/1167/221 2564/2628/1168/221 2565/2629/1169/221
f 2564/2628/1168/221 2566/2630/1170/221 2565/2629/1169/221
f 2565/2629/1169/221 2566/2630/1170/221 2567/2631/1171/221
f 2566/2630/1170/221 2568/2632/1172/221 2567/2631/1171/221
f 2569/2633/1171/221 2570/2634/1173/221 2571/2635/1174/221
usemtl d0gake_001b
s off
f 310/341/81/25 311/342/82/25 312/343/83/25 313/344/81/25
f 314/345/84/25 311/342/85/25 315/346/86/25 316/347/84/25
f 317/348/87/25 318/349/87/25 319/350/87/25 320/351/87/25
f 321/352/88/25 322/353/89/25 310/341/89/25 323/354/90/25
f 311/342/82/25 314/345/91/25 324/355/91/25 312/343/83/25
f 319/350/92/25 321/352/88/25 323/354/90/25 320/351/92/25
f 311/342/85/25 310/341/93/25 322/353/93/25 315/346/86/25
f 323/354/94/25 310/341/81/25 313/344/81/25 325/356/94/25
f 326/357/95/25 314/345/96/25 327/358/97/25 328/359/95/25
f 327/358/97/25 314/345/96/25 316/347/98/25
f 329/360/99/25 330/361/100/25 326/357/101/25
f 330/361/100/25 324/355/102/25 326/357/101/25
f 324/355/103/25 330/361/104/25 312/343/105/25
f 330/361/104/25 313/344/106/25 312/343/105/25
f 328/359/107/25 317/348/108/25 329/360/109/25
f 317/348/108/25 320/351/110/25 329/360/109/25
f 320/362/111/25 323/363/111/25 329/360/111/25
f 328/359/112/25 329/360/112/25 326/357/112/25
f 329/364/113/25 325/365/113/25 330/366/113/25
f 325/356/114/25 313/344/114/25 330/361/114/25
f 329/360/115/25 323/367/115/25 325/368/115/25
f 314/345/116/25 326/357/116/25 324/355/116/25
f 328/359/117/25 318/349/117/25 317/348/117/25
usemtl sea_simi_1
s off
f 19/9/3/3 20/10/4/3 21/11/5/3 22/12/3/3
f 20/10/4/3 23/13/6/3 24/14/6/3 21/11/5/3
f 35/27/8/4 36/28/9/4 37/29/10/4 38/30/8/4
f 36/28/9/4 39/31/11/4 40/32/11/4 37/29/10/4
f 51/45/13/5 52/46/14/5 53/47/15/5 54/48/13/5
f 52/46/14/5 55/49/16/5 56/50/16/5 53/47/15/5
f 74/63/18/6 75/64/18/6 76/65/18/6 77/66/18/6
f 78/67/18/6 79/68/18/6 80/69/18/6
f 81/70/18/6 82/71/18/6 83/72/18/6
usemtl ga_s01a_TRANS
s off
f 117/136/65/9 118/137/65/9 119/138/65/9
f 119/139/65/9 118/137/65/9 120/140/65/9
f 120/141/65/9 118/137/65/9 121/142/65/9
f 121/143/65/9 118/137/65/9 122/144/65/9
f 122/145/65/9 118/137/65/9 123/146/65/9
f 123/147/65/9 118/137/65/9 124/148/65/9
f 124/149/65/9 118/137/65/9 125/150/65/9
f 125/151/65/9 118/137/65/9 126/152/65/9
f 126/153/65/9 118/137/65/9 127/154/65/9
f 127/155/65/9 118/137/65/9 128/156/65/9
f 128/157/65/9 118/137/65/9 129/158/65/9
f 129/159/65/9 118/137/65/9 117/160/65/9
f 331/369/118/25 332/370/118/25 333/371/118/25
f 333/372/118/25 332/370/118/25 334/373/118/25
f 334/374/118/25 332/370/118/25 335/375/118/25
f 335/376/118/25 332/370/118/25 336/377/118/25
f 336/378/118/25 332/370/118/25 337/379/118/25
f 337/380/118/25 332/370/118/25 338/381/118/25
f 338/382/118/25 332/370/118/25 339/383/118/25
f 339/384/118/25 332/370/118/25 340/385/118/25
f 340/386/118/25 332/370/118/25 341/387/118/25
f 341/388/118/25 332/370/118/25 342/389/118/25
f 342/390/118/25 332/370/118/25 343/391/118/25
f 343/392/118/25 332/370/118/25 331/393/118/25
f 593/650/175/45 594/651/175/45 595/652/175/45
f 595/653/175/45 594/651/175/45 596/654/175/45
f 596/655/175/45 594/651/175/45 597/656/175/45
f 597/657/175/45 594/651/175/45 598/658/175/45
f 598/659/175/45 594/651/175/45 599/660/175/45
f 599/661/175/45 594/651/175/45 600/662/175/45
f 600/663/175/45 594/651/175/45 601/664/175/45
f 601/665/175/45 594/651/175/45 602/666/175/45
f 602/667/175/45 594/651/175/45 603/668/175/45
f 603/669/175/45 594/651/175/45 604/670/175/45
f 604/671/175/45 594/651/175/45 605/672/175/45
f 605/673/175/45 594/651/175/45 593/674/175/45
