mtllib Barrier-Reef_01_07.mtl
o map
v -13.75 14.0 -0.437501
v -13.25 12.75 -0.437501
v -12.875 14.0 -0.187501
v -12.0 13.125 -0.1875
v -12.0 13.875 0.0625
v -12.125 14.0 0.062498987
v -12.875 14.0 -0.187501
v -12.0 13.125 -0.1875
v -12.0 13.125 -0.1875
v -13.25 12.75 -0.437501
v -12.0 12.25 -0.4375
v -13.25 12.75 -0.437501
v -13.75 14.0 -0.437501
v -15.0 14.0 -0.437501
v -14.5 11.5 -0.437501
v -12.0 12.25 -0.4375
v -12.0 11.0 -0.4375
v -13.0 14.0 -0.500001
v -13.75 14.0 -0.562501
v -12.0 12.25 -0.5625
v -12.0 13.0 -0.5
v -12.0 14.0 0.0
v -13.0 14.0 -0.500001
v -12.0 13.0 -0.5
v -12.0 12.25 -0.5625
v -13.75 14.0 -0.562501
v -13.25 12.75 -0.562501
v -13.75 14.0 -0.4375
v -12.875 14.0 -0.1875
v -12.875 16.0 -0.1875
v -13.75 16.0 -0.4375
v -12.125 14.0 0.0625
v -12.125 16.0 0.0625
v -15.0 16.0 -0.4375
v -15.0 14.0 -0.4375
v -13.75 14.0 -0.4375
v -13.75 16.0 -0.4375
v -12.0 16.0 0.0
v -13.0 16.0 -0.5
v -13.0 14.0 -0.5
v -12.0 14.0 0.0
v -13.75 16.0 -0.5625
v -13.75 14.0 -0.5625
v -4.0 12.25 -0.4375
v -4.0 13.125 -0.1875
v -12.0 13.125 -0.1875
v -12.0 12.25 -0.4375
v -4.0 13.875 0.0625
v -12.0 13.875 0.0625
v -12.0 11.0 -0.4375
v -4.0 11.0 -0.4375
v -4.0 12.25 -0.4375
v -12.0 12.25 -0.4375
v -12.0 14.0 0.0
v -12.0 13.0 -0.5
v -4.0 13.0 -0.5
v -4.0 14.0 0.0
v -12.0 12.25 -0.5625
v -4.0 12.25 -0.5625
v -4.0 16.0 1.0E-6
v -12.0 16.0 1.0E-6
v -4.0 14.0 1.0E-6
v -12.0 14.0 1.0E-6
v 4.0 12.25 -0.4375
v 4.0 13.125 -0.1875
v -4.0 13.125 -0.1875
v -4.0 12.25 -0.4375
v 4.0 13.875 0.0625
v -4.0 13.875 0.0625
v -4.0 11.0 -0.4375
v 4.0 11.0 -0.4375
v 4.0 12.25 -0.4375
v -4.0 12.25 -0.4375
v -4.0 14.0 0.0
v -4.0 13.0 -0.5
v 4.0 13.0 -0.5
v 4.0 14.0 0.0
v -4.0 12.25 -0.5625
v 4.0 12.25 -0.5625
v 4.0 16.0 1.0E-6
v -4.0 16.0 1.0E-6
v 4.0 14.0 1.0E-6
v -4.0 14.0 1.0E-6
v 12.0 12.25 -0.4375
v 12.0 13.125 -0.1875
v 4.0 13.125 -0.1875
v 4.0 12.25 -0.4375
v 12.0 13.875 0.0625
v 4.0 13.875 0.0625
v 4.0 11.0 -0.4375
v 12.0 11.0 -0.4375
v 12.0 12.25 -0.4375
v 4.0 12.25 -0.4375
v 4.0 14.0 0.0
v 4.0 13.0 -0.5
v 12.0 13.0 -0.5
v 12.0 14.0 0.0
v 4.0 12.25 -0.5625
v 12.0 12.25 -0.5625
v 12.0 16.0 1.0E-6
v 4.0 16.0 1.0E-6
v 12.0 14.0 1.0E-6
v 4.0 14.0 1.0E-6
v 14.0 12.25 -0.4375
v 14.0 13.125 -0.1875
v 12.0 13.125 -0.1875
v 12.0 12.25 -0.4375
v 14.0 13.875 0.0625
v 12.0 13.875 0.0625
v 12.0 11.0 -0.4375
v 14.0 11.0 -0.4375
v 14.0 12.25 -0.4375
v 12.0 12.25 -0.4375
v 12.0 14.0 0.0
v 12.0 13.0 -0.5
v 14.0 13.0 -0.5
v 14.0 14.0 0.0
v 12.0 12.25 -0.5625
v 14.0 12.25 -0.5625
v 16.0 16.0 1.0E-6
v 12.0 16.0 1.0E-6
v 16.0 14.0 1.0E-6
v 12.0 14.0 1.0E-6
v 15.25 -16.0 -0.4375
v 16.125 -16.0 -0.1875
v 16.125 -14.0 -0.1875
v 15.25 -14.0 -0.4375
v 16.875 -16.0 0.0625
v 16.875 -14.0 0.0625
v 14.0 -14.0 -0.4375
v 14.0 -16.0 -0.4375
v 15.25 -16.0 -0.4375
v 15.25 -14.0 -0.4375
v 17.0 -14.0 0.0
v 16.0 -14.0 -0.5
v 16.0 -16.0 -0.5
v 17.0 -16.0 0.0
v 15.25 -14.0 -0.5625
v 15.25 -16.0 -0.5625
v 17.0 -12.25 -0.437501
v 15.75 -12.75 -0.437501
v 17.0 -13.125 -0.187501
v 16.125 -14.0 -0.1875
v 16.875 -14.0 0.0625
v 17.0 -13.875 0.062498987
v 17.0 -13.125 -0.187501
v 16.125 -14.0 -0.1875
v 16.125 -14.0 -0.1875
v 15.75 -12.75 -0.437501
v 15.25 -14.0 -0.4375
v 15.75 -12.75 -0.437501
v 17.0 -12.25 -0.437501
v 17.0 -11.0 -0.437501
v 14.5 -11.5 -0.437501
v 15.25 -14.0 -0.4375
v 14.0 -14.0 -0.4375
v 17.0 -13.0 -0.500001
v 17.0 -12.25 -0.562501
v 15.25 -14.0 -0.5625
v 16.0 -14.0 -0.5
v 17.0 -14.0 0.0
v 17.0 -13.0 -0.500001
v 16.0 -14.0 -0.5
v 15.25 -14.0 -0.5625
v 17.0 -12.25 -0.562501
v 15.75 -12.75 -0.562501
v 15.25 11.0 -0.437501
v 15.75 9.75 -0.437501
v 16.125 11.0 -0.187501
v 17.0 10.125 -0.1875
v 17.0 10.875 0.0625
v 16.875 11.0 0.062498987
v 16.125 11.0 -0.187501
v 17.0 10.125 -0.1875
v 17.0 10.125 -0.1875
v 15.75 9.75 -0.437501
v 17.0 9.25 -0.4375
v 15.75 9.75 -0.437501
v 15.25 11.0 -0.437501
v 14.0 11.0 -0.437501
v 14.5 8.5 -0.437501
v 17.0 9.25 -0.4375
v 17.0 8.0 -0.4375
v 16.0 11.0 -0.500001
v 15.25 11.0 -0.562501
v 17.0 9.25 -0.5625
v 17.0 10.0 -0.5
v 17.0 11.0 0.0
v 16.0 11.0 -0.500001
v 17.0 10.0 -0.5
v 17.0 9.25 -0.5625
v 15.25 11.0 -0.562501
v 15.75 9.75 -0.562501
v 14.0 11.0 -0.4375
v 15.25 11.0 -0.4375
v 15.25 12.25 -0.4375
v 14.0 11.0 -0.4375
v 15.25 12.25 -0.4375
v 14.0 12.25 -0.4375
v 17.0 11.0 0.0
v 17.0 14.0 0.0
v 16.0 11.0 -0.5
v 16.0 13.0 -0.5
v 15.25 11.0 -0.5625
v 15.25 12.25 -0.5625
v 17.0 14.0 0.0
v 14.0 14.0 0.0
v 16.0 13.0 -0.5
v 14.0 13.0 -0.5
v 14.0 12.25 -0.5625
v 15.25 12.25 -0.5625
v 16.125 13.125 -0.1875
v 14.0 13.875 0.0625
v 14.0 13.125 -0.1875
v 15.25 12.25 -0.4375
v 15.25 12.25 -0.4375
v 15.25 11.0 -0.4375
v 16.125 13.125 -0.1875
v 16.125 11.0 -0.1875
v 16.875 13.875 0.0625
v 16.875 11.0 0.0625
v 14.0 12.25 -0.4375
v 16.875 13.875 0.0625
v -2.82 -9.0 1.09
v -3.18 -9.0 1.09
v -3.18 -16.0 1.09
v -2.82 -16.0 1.09
v -3.0 -16.0 2.249999
v -3.0 -9.0 1.124999
v -3.0 -9.0 2.249999
v -3.0 -16.0 1.124999
v -2.6875 -9.0 1.906249
v -3.3125 -9.0 1.906249
v -3.3125 -16.0 1.906249
v -2.6875 -16.0 1.906249
v 0.18 -9.0 1.09
v -0.18 -9.0 1.09
v -0.18 -16.0 1.09
v 0.18 -16.0 1.09
v 0.0 -16.0 2.249999
v 0.0 -9.0 1.124999
v 0.0 -9.0 2.249999
v 0.0 -16.0 1.124999
v 0.3125 -9.0 1.906249
v -0.3125 -9.0 1.906249
v -0.3125 -16.0 1.906249
v 0.3125 -16.0 1.906249
v -0.5 -10.0 1.125
v -0.5 -16.0 1.125
v 0.0 -16.0 1.125
v 0.0 -10.0 1.125
v 0.0 -16.0 0.5625
v 0.0 -10.0 0.5625
v -2.5 -10.0 1.125
v -3.0 -10.0 1.125
v -3.0 -16.0 1.125
v -2.5 -16.0 1.125
v -3.0 -16.0 1.125
v -3.0 -10.0 1.125
v -3.0 -16.0 0.5625
v -3.0 -10.0 0.5625
v -0.5 -9.0 0.55803597
v -2.5 -9.0 0.55803597
v -2.5 -9.0 1.125
v -0.5 -9.0 1.125
v -3.0 -9.0 1.120536
v -3.0 -9.0 0.55803597
v -0.5 -9.5 1.125
v -2.5 -9.5 1.125
v 0.0 -9.0 1.120536
v 0.0 -9.0 0.55803597
v 0.0 -10.0 0.55803597
v 0.0 -10.0 1.120536
v 0.0 -9.0 1.125
v -0.5 -9.0 1.125
v -0.5 -10.0 1.125
v 0.0 -10.0 1.125
v -2.5 -9.0 1.125
v -3.0 -9.0 1.125
v -3.0 -10.0 1.125
v -2.5 -10.0 1.125
v -3.0 -10.0 0.55803597
v -3.0 -10.0 1.120536
v -2.5 -10.0 1.125
v -0.5 -10.0 1.125
v -16.0 -15.125 -1.500001
v -13.0 -15.125 -1.500001
v -13.0 -14.125 -1.500001
v -16.0 -14.125 -1.500001
v -16.0 -15.125 -1.625001
v -13.0 -15.125 -1.625001
v -13.0 -14.125 -1.625001
v -16.0 -14.125 -1.625001
v -16.0 -15.125 -1.875001
v -13.0 -15.125 -1.875001
v -13.0 -14.125 -1.875001
v -16.0 -14.125 -1.875001
v -15.0 -16.125 -1.500001
v -14.0 -16.125 -1.500001
v -14.0 -15.125 -1.500001
v -15.0 -15.125 -1.500001
v -15.0 -16.125 -1.625001
v -14.0 -16.125 -1.625001
v -14.0 -15.125 -1.625001
v -15.0 -15.125 -1.625001
v -15.0 -16.125 -1.875001
v -14.0 -16.125 -1.875001
v -14.0 -15.125 -1.875001
v -15.0 -15.125 -1.875001
v -15.0 -13.125 -2.500001
v -13.0 -13.125 -2.500001
v -13.0 -12.125 -2.500001
v -15.0 -12.125 -2.500001
v -15.0 -13.125 -2.625001
v -13.0 -13.125 -2.625001
v -13.0 -12.125 -2.625001
v -15.0 -12.125 -2.625001
v -15.0 -13.125 -2.875001
v -13.0 -13.125 -2.875001
v -13.0 -12.125 -2.875001
v -15.0 -12.125 -2.875001
v -15.0 -10.125 -2.500001
v -11.0 -10.125 -2.500001
v -11.0 -9.125 -2.500001
v -15.0 -9.125 -2.500001
v -15.0 -10.125 -2.625001
v -11.0 -10.125 -2.625001
v -11.0 -9.125 -2.625001
v -15.0 -9.125 -2.625001
v -15.0 -10.125 -2.875001
v -11.0 -10.125 -2.875001
v -11.0 -9.125 -2.875001
v -15.0 -9.125 -2.875001
v -14.0 -12.125 -2.500001
v -9.0 -12.125 -2.500001
v -9.0 -11.125 -2.500001
v -14.0 -11.125 -2.500001
v -14.0 -12.125 -2.625001
v -9.0 -12.125 -2.625001
v -9.0 -11.125 -2.625001
v -14.0 -11.125 -2.625001
v -14.0 -12.125 -2.875001
v -9.0 -12.125 -2.875001
v -9.0 -11.125 -2.875001
v -14.0 -11.125 -2.875001
v -14.0 -11.125 -2.500001
v -10.0 -11.125 -2.500001
v -10.0 -10.125 -2.500001
v -14.0 -10.125 -2.500001
v -14.0 -11.125 -2.625001
v -10.0 -11.125 -2.625001
v -10.0 -10.125 -2.625001
v -14.0 -10.125 -2.625001
v -14.0 -11.125 -2.875001
v -10.0 -11.125 -2.875001
v -10.0 -10.125 -2.875001
v -14.0 -10.125 -2.875001
v -14.0 3.875 -2.500001
v -8.0 3.875 -2.500001
v -8.0 4.875 -2.500001
v -14.0 4.875 -2.500001
v -14.0 3.875 -2.625001
v -8.0 3.875 -2.625001
v -8.0 4.875 -2.625001
v -14.0 4.875 -2.625001
v -14.0 3.875 -2.875001
v -8.0 3.875 -2.875001
v -8.0 4.875 -2.875001
v -14.0 4.875 -2.875001
v -13.0 -0.125 -3.500001
v -10.0 -0.125 -3.500001
v -10.0 0.875 -3.500001
v -13.0 0.875 -3.500001
v -13.0 -0.125 -3.625001
v -10.0 -0.125 -3.625001
v -10.0 0.875 -3.625001
v -13.0 0.875 -3.625001
v -13.0 -0.125 -3.875001
v -10.0 -0.125 -3.875001
v -10.0 0.875 -3.875001
v -13.0 0.875 -3.875001
v -13.0 5.875 -1.500001
v -11.0 5.875 -1.500001
v -11.0 6.875 -1.500001
v -13.0 6.875 -1.500001
v -13.0 5.875 -1.625001
v -11.0 5.875 -1.625001
v -11.0 6.875 -1.625001
v -13.0 6.875 -1.625001
v -13.0 5.875 -1.875001
v -11.0 5.875 -1.875001
v -11.0 6.875 -1.875001
v -13.0 6.875 -1.875001
v -12.0 -7.125 -3.500001
v -7.0 -7.125 -3.500001
v -7.0 -6.125 -3.500001
v -12.0 -6.125 -3.500001
v -12.0 -7.125 -3.625001
v -7.0 -7.125 -3.625001
v -7.0 -6.125 -3.625001
v -12.0 -6.125 -3.625001
v -12.0 -7.125 -3.875001
v -7.0 -7.125 -3.875001
v -7.0 -6.125 -3.875001
v -12.0 -6.125 -3.875001
v -12.0 -1.125 -3.500001
v -9.0 -1.125 -3.500001
v -9.0 -0.125 -3.500001
v -12.0 -0.125 -3.500001
v -12.0 -1.125 -3.625001
v -9.0 -1.125 -3.625001
v -9.0 -0.125 -3.625001
v -12.0 -0.125 -3.625001
v -12.0 -1.125 -3.875001
v -9.0 -1.125 -3.875001
v -9.0 -0.125 -3.875001
v -12.0 -0.125 -3.875001
v -12.0 6.875 -1.500001
v -7.0 6.875 -1.500001
v -7.0 7.875 -1.500001
v -12.0 7.875 -1.500001
v -12.0 6.875 -1.625001
v -7.0 6.875 -1.625001
v -7.0 7.875 -1.625001
v -12.0 7.875 -1.625001
v -12.0 6.875 -1.875001
v -7.0 6.875 -1.875001
v -7.0 7.875 -1.875001
v -12.0 7.875 -1.875001
v -12.0 7.875 -1.500001
v -11.0 7.875 -1.500001
v -11.0 8.875 -1.500001
v -12.0 8.875 -1.500001
v -12.0 7.875 -1.625001
v -11.0 7.875 -1.625001
v -11.0 8.875 -1.625001
v -12.0 8.875 -1.625001
v -12.0 7.875 -1.875001
v -11.0 7.875 -1.875001
v -11.0 8.875 -1.875001
v -12.0 8.875 -1.875001
v -11.0 -8.125 -3.500001
v -9.0 -8.125 -3.500001
v -9.0 -7.125 -3.500001
v -11.0 -7.125 -3.500001
v -11.0 -8.125 -3.625001
v -9.0 -8.125 -3.625001
v -9.0 -7.125 -3.625001
v -11.0 -7.125 -3.625001
v -11.0 -8.125 -3.875001
v -9.0 -8.125 -3.875001
v -9.0 -7.125 -3.875001
v -11.0 -7.125 -3.875001
v -11.0 0.875 -3.500001
v -9.0 0.875 -3.500001
v -9.0 1.875 -3.500001
v -11.0 1.875 -3.500001
v -11.0 0.875 -3.625001
v -9.0 0.875 -3.625001
v -9.0 1.875 -3.625001
v -11.0 1.875 -3.625001
v -11.0 0.875 -3.875001
v -9.0 0.875 -3.875001
v -9.0 1.875 -3.875001
v -11.0 1.875 -3.875001
v -11.0 2.875 -2.500001
v -8.0 2.875 -2.500001
v -8.0 3.875 -2.500001
v -11.0 3.875 -2.500001
v -11.0 2.875 -2.625001
v -8.0 2.875 -2.625001
v -8.0 3.875 -2.625001
v -11.0 3.875 -2.625001
v -11.0 2.875 -2.875001
v -8.0 2.875 -2.875001
v -8.0 3.875 -2.875001
v -11.0 3.875 -2.875001
v -10.0 -6.125 -3.500001
v -8.0 -6.125 -3.500001
v -8.0 -5.125 -3.500001
v -10.0 -5.125 -3.500001
v -10.0 -6.125 -3.625001
v -8.0 -6.125 -3.625001
v -8.0 -5.125 -3.625001
v -10.0 -5.125 -3.625001
v -10.0 -6.125 -3.875001
v -8.0 -6.125 -3.875001
v -8.0 -5.125 -3.875001
v -10.0 -5.125 -3.875001
v -10.0 4.875 -2.500001
v -7.0 4.875 -2.500001
v -7.0 5.875 -2.500001
v -10.0 5.875 -2.500001
v -10.0 4.875 -2.625001
v -7.0 4.875 -2.625001
v -7.0 5.875 -2.625001
v -10.0 5.875 -2.625001
v -10.0 4.875 -2.875001
v -7.0 4.875 -2.875001
v -7.0 5.875 -2.875001
v -10.0 5.875 -2.875001
v -10.0 7.875 -1.500001
v -9.0 7.875 -1.500001
v -9.0 9.875 -1.500001
v -10.0 9.875 -1.500001
v -10.0 7.875 -1.625001
v -9.0 7.875 -1.625001
v -9.0 9.875 -1.625001
v -10.0 9.875 -1.625001
v -10.0 7.875 -1.875001
v -9.0 7.875 -1.875001
v -9.0 9.875 -1.875001
v -10.0 9.875 -1.875001
v -9.0 -15.125 -1.500001
v -6.0 -15.125 -1.500001
v -6.0 -14.125 -1.500001
v -9.0 -14.125 -1.500001
v -9.0 -15.125 -1.625001
v -6.0 -15.125 -1.625001
v -6.0 -14.125 -1.625001
v -9.0 -14.125 -1.625001
v -9.0 -15.125 -1.875001
v -6.0 -15.125 -1.875001
v -6.0 -14.125 -1.875001
v -9.0 -14.125 -1.875001
v -9.0 7.875 -1.500001
v -8.0 7.875 -1.500001
v -8.0 8.875 -1.500001
v -9.0 8.875 -1.500001
v -9.0 7.875 -1.625001
v -8.0 7.875 -1.625001
v -8.0 8.875 -1.625001
v -9.0 8.875 -1.625001
v -9.0 7.875 -1.875001
v -8.0 7.875 -1.875001
v -8.0 8.875 -1.875001
v -9.0 8.875 -1.875001
v -8.0 -14.125 -1.500001
v -7.0 -14.125 -1.500001
v -7.0 -13.125 -1.500001
v -8.0 -13.125 -1.500001
v -8.0 -14.125 -1.625001
v -7.0 -14.125 -1.625001
v -7.0 -13.125 -1.625001
v -8.0 -13.125 -1.625001
v -8.0 -14.125 -1.875001
v -7.0 -14.125 -1.875001
v -7.0 -13.125 -1.875001
v -8.0 -13.125 -1.875001
v -8.0 -10.125 -2.500001
v -7.0 -10.125 -2.500001
v -7.0 -8.125 -2.500001
v -8.0 -8.125 -2.500001
v -8.0 -10.125 -2.625001
v -7.0 -10.125 -2.625001
v -7.0 -8.125 -2.625001
v -8.0 -8.125 -2.625001
v -8.0 -10.125 -2.875001
v -7.0 -10.125 -2.875001
v -7.0 -8.125 -2.875001
v -8.0 -8.125 -2.875001
v -7.0 -9.125 -2.500001
v -6.0 -9.125 -2.500001
v -6.0 -8.125 -2.500001
v -7.0 -8.125 -2.500001
v -7.0 -9.125 -2.625001
v -6.0 -9.125 -2.625001
v -6.0 -8.125 -2.625001
v -7.0 -8.125 -2.625001
v -7.0 -9.125 -2.875001
v -6.0 -9.125 -2.875001
v -6.0 -8.125 -2.875001
v -7.0 -8.125 -2.875001
v -2.25 -10.25 1.000001
v -2.25 -10.75 1.000001
v -2.25 -10.75 -5.874999
v -2.25 -10.25 -5.874999
v -2.75 -10.75 1.000001
v -2.75 -10.25 1.000001
v -2.75 -10.25 -5.874999
v -2.75 -10.75 -5.874999
v -2.25 -10.75 1.000001
v -2.75 -10.75 1.000001
v -2.75 -10.75 -5.874999
v -2.25 -10.75 -5.874999
v -2.75 -10.75 1.000001
v -2.25 -10.75 1.000001
v -2.25 -10.25 1.000001
v -2.75 -10.25 1.000001
v -3.0 2.875 -2.500001
v 1.0 2.875 -2.500001
v 1.0 3.875 -2.500001
v -3.0 3.875 -2.500001
v -3.0 2.875 -2.625001
v 1.0 2.875 -2.625001
v 1.0 3.875 -2.625001
v -3.0 3.875 -2.625001
v -3.0 2.875 -2.875001
v 1.0 2.875 -2.875001
v 1.0 3.875 -2.875001
v -3.0 3.875 -2.875001
v -3.0 4.875 -2.500001
v -1.0 4.875 -2.500001
v -1.0 5.875 -2.500001
v -3.0 5.875 -2.500001
v -3.0 4.875 -2.625001
v -1.0 4.875 -2.625001
v -1.0 5.875 -2.625001
v -3.0 5.875 -2.625001
v -3.0 4.875 -2.875001
v -1.0 4.875 -2.875001
v -1.0 5.875 -2.875001
v -3.0 5.875 -2.875001
v -2.0 1.875 -2.500001
v 2.0 1.875 -2.500001
v 2.0 2.875 -2.500001
v -2.0 2.875 -2.500001
v -2.0 1.875 -2.625001
v 2.0 1.875 -2.625001
v 2.0 2.875 -2.625001
v -2.0 2.875 -2.625001
v -2.0 1.875 -2.875001
v 2.0 1.875 -2.875001
v 2.0 2.875 -2.875001
v -2.0 2.875 -2.875001
v -2.0 3.875 -2.500001
v 0.0 3.875 -2.500001
v 0.0 4.875 -2.500001
v -2.0 4.875 -2.500001
v -2.0 3.875 -2.625001
v 0.0 3.875 -2.625001
v 0.0 4.875 -2.625001
v -2.0 4.875 -2.625001
v -2.0 3.875 -2.875001
v 0.0 3.875 -2.875001
v 0.0 4.875 -2.875001
v -2.0 4.875 -2.875001
v -0.25 -10.25 1.000001
v -0.25 -10.75 1.000001
v -0.25 -10.75 -5.874999
v -0.25 -10.25 -5.874999
v -0.75 -10.75 1.000001
v -0.75 -10.25 1.000001
v -0.75 -10.25 -5.874999
v -0.75 -10.75 -5.874999
v -0.25 -10.75 1.000001
v -0.75 -10.75 1.000001
v -0.75 -10.75 -5.874999
v -0.25 -10.75 -5.874999
v -0.75 -10.75 1.000001
v -0.25 -10.75 1.000001
v -0.25 -10.25 1.000001
v -0.75 -10.25 1.000001
v -1.0 -5.125 -3.500001
v 0.0 -5.125 -3.500001
v 0.0 -3.125 -3.500001
v -1.0 -3.125 -3.500001
v -1.0 -5.125 -3.625001
v 0.0 -5.125 -3.625001
v 0.0 -3.125 -3.625001
v -1.0 -3.125 -3.625001
v -1.0 -5.125 -3.875001
v 0.0 -5.125 -3.875001
v 0.0 -3.125 -3.875001
v -1.0 -3.125 -3.875001
v 0.0 -4.125 -3.500001
v 1.0 -4.125 -3.500001
v 1.0 -1.125 -3.500001
v 0.0 -1.125 -3.500001
v 0.0 -4.125 -3.625001
v 1.0 -4.125 -3.625001
v 1.0 -1.125 -3.625001
v 0.0 -1.125 -3.625001
v 0.0 -4.125 -3.875001
v 1.0 -4.125 -3.875001
v 1.0 -1.125 -3.875001
v 0.0 -1.125 -3.875001
v 1.0 -12.125 -2.500001
v 8.0 -12.125 -2.500001
v 8.0 -11.125 -2.500001
v 1.0 -11.125 -2.500001
v 1.0 -12.125 -2.625001
v 8.0 -12.125 -2.625001
v 8.0 -11.125 -2.625001
v 1.0 -11.125 -2.625001
v 1.0 -12.125 -2.875001
v 8.0 -12.125 -2.875001
v 8.0 -11.125 -2.875001
v 1.0 -11.125 -2.875001
v 1.0 -3.125 -3.500001
v 2.0 -3.125 -3.500001
v 2.0 -2.125 -3.500001
v 1.0 -2.125 -3.500001
v 1.0 -3.125 -3.625001
v 2.0 -3.125 -3.625001
v 2.0 -2.125 -3.625001
v 1.0 -2.125 -3.625001
v 1.0 -3.125 -3.875001
v 2.0 -3.125 -3.875001
v 2.0 -2.125 -3.875001
v 1.0 -2.125 -3.875001
v 1.0 8.875 -1.500001
v 7.0 8.875 -1.500001
v 7.0 9.875 -1.500001
v 1.0 9.875 -1.500001
v 1.0 8.875 -1.625001
v 7.0 8.875 -1.625001
v 7.0 9.875 -1.625001
v 1.0 9.875 -1.625001
v 1.0 8.875 -1.875001
v 7.0 8.875 -1.875001
v 7.0 9.875 -1.875001
v 1.0 9.875 -1.875001
v 2.0 -15.125 -1.500001
v 6.0 -15.125 -1.500001
v 6.0 -14.125 -1.500001
v 2.0 -14.125 -1.500001
v 2.0 -15.125 -1.625001
v 6.0 -15.125 -1.625001
v 6.0 -14.125 -1.625001
v 2.0 -14.125 -1.625001
v 2.0 -15.125 -1.875001
v 6.0 -15.125 -1.875001
v 6.0 -14.125 -1.875001
v 2.0 -14.125 -1.875001
v 2.0 -11.125 -2.500001
v 7.0 -11.125 -2.500001
v 7.0 -10.125 -2.500001
v 2.0 -10.125 -2.500001
v 2.0 -11.125 -2.625001
v 7.0 -11.125 -2.625001
v 7.0 -10.125 -2.625001
v 2.0 -10.125 -2.625001
v 2.0 -11.125 -2.875001
v 7.0 -11.125 -2.875001
v 7.0 -10.125 -2.875001
v 2.0 -10.125 -2.875001
v 2.0 6.875 -1.500001
v 3.0 6.875 -1.500001
v 3.0 8.875 -1.500001
v 2.0 8.875 -1.500001
v 2.0 6.875 -1.625001
v 3.0 6.875 -1.625001
v 3.0 8.875 -1.625001
v 2.0 8.875 -1.625001
v 2.0 6.875 -1.875001
v 3.0 6.875 -1.875001
v 3.0 8.875 -1.875001
v 2.0 8.875 -1.875001
v 3.0 -14.125 -1.500001
v 5.0 -14.125 -1.500001
v 5.0 -13.125 -1.500001
v 3.0 -13.125 -1.500001
v 3.0 -14.125 -1.625001
v 5.0 -14.125 -1.625001
v 5.0 -13.125 -1.625001
v 3.0 -13.125 -1.625001
v 3.0 -14.125 -1.875001
v 5.0 -14.125 -1.875001
v 5.0 -13.125 -1.875001
v 3.0 -13.125 -1.875001
v 3.0 -10.125 -2.500001
v 5.0 -10.125 -2.500001
v 5.0 -9.125 -2.500001
v 3.0 -9.125 -2.500001
v 3.0 -10.125 -2.625001
v 5.0 -10.125 -2.625001
v 5.0 -9.125 -2.625001
v 3.0 -9.125 -2.625001
v 3.0 -10.125 -2.875001
v 5.0 -10.125 -2.875001
v 5.0 -9.125 -2.875001
v 3.0 -9.125 -2.875001
v 3.0 7.875 -1.500001
v 5.0 7.875 -1.500001
v 5.0 8.875 -1.500001
v 3.0 8.875 -1.500001
v 3.0 7.875 -1.625001
v 5.0 7.875 -1.625001
v 5.0 8.875 -1.625001
v 3.0 8.875 -1.625001
v 3.0 7.875 -1.875001
v 5.0 7.875 -1.875001
v 5.0 8.875 -1.875001
v 3.0 8.875 -1.875001
v 4.0 -8.125 -3.500001
v 6.0 -8.125 -3.500001
v 6.0 -7.125 -3.500001
v 4.0 -7.125 -3.500001
v 4.0 -8.125 -3.625001
v 6.0 -8.125 -3.625001
v 6.0 -7.125 -3.625001
v 4.0 -7.125 -3.625001
v 4.0 -8.125 -3.875001
v 6.0 -8.125 -3.875001
v 6.0 -7.125 -3.875001
v 4.0 -7.125 -3.875001
v 4.0 -5.125 -3.500001
v 7.0 -5.125 -3.500001
v 7.0 -4.125 -3.500001
v 4.0 -4.125 -3.500001
v 4.0 -5.125 -3.625001
v 7.0 -5.125 -3.625001
v 7.0 -4.125 -3.625001
v 4.0 -4.125 -3.625001
v 4.0 -5.125 -3.875001
v 7.0 -5.125 -3.875001
v 7.0 -4.125 -3.875001
v 4.0 -4.125 -3.875001
v 4.0 1.875 -2.500001
v 11.0 1.875 -2.500001
v 11.0 2.875 -2.500001
v 4.0 2.875 -2.500001
v 4.0 1.875 -2.625001
v 11.0 1.875 -2.625001
v 11.0 2.875 -2.625001
v 4.0 2.875 -2.625001
v 4.0 1.875 -2.875001
v 11.0 1.875 -2.875001
v 11.0 2.875 -2.875001
v 4.0 2.875 -2.875001
v 5.0 -7.125 -3.500001
v 6.0 -7.125 -3.500001
v 6.0 -5.125 -3.500001
v 5.0 -5.125 -3.500001
v 5.0 -7.125 -3.625001
v 6.0 -7.125 -3.625001
v 6.0 -5.125 -3.625001
v 5.0 -5.125 -3.625001
v 5.0 -7.125 -3.875001
v 6.0 -7.125 -3.875001
v 6.0 -5.125 -3.875001
v 5.0 -5.125 -3.875001
v 5.0 0.875 -2.500001
v 10.0 0.875 -2.500001
v 10.0 1.875 -2.500001
v 5.0 1.875 -2.500001
v 5.0 0.875 -2.625001
v 10.0 0.875 -2.625001
v 10.0 1.875 -2.625001
v 5.0 1.875 -2.625001
v 5.0 0.875 -2.875001
v 10.0 0.875 -2.875001
v 10.0 1.875 -2.875001
v 5.0 1.875 -2.875001
v 5.0 2.875 -2.500001
v 11.0 2.875 -2.500001
v 11.0 3.875 -2.500001
v 5.0 3.875 -2.500001
v 5.0 2.875 -2.625001
v 11.0 2.875 -2.625001
v 11.0 3.875 -2.625001
v 5.0 3.875 -2.625001
v 5.0 2.875 -2.875001
v 11.0 2.875 -2.875001
v 11.0 3.875 -2.875001
v 5.0 3.875 -2.875001
v 6.0 -6.125 -3.500001
v 7.0 -6.125 -3.500001
v 7.0 -5.125 -3.500001
v 6.0 -5.125 -3.500001
v 6.0 -6.125 -3.625001
v 7.0 -6.125 -3.625001
v 7.0 -5.125 -3.625001
v 6.0 -5.125 -3.625001
v 6.0 -6.125 -3.875001
v 7.0 -6.125 -3.875001
v 7.0 -5.125 -3.875001
v 6.0 -5.125 -3.875001
v 6.0 -4.125 -3.500001
v 7.0 -4.125 -3.500001
v 7.0 -3.125 -3.500001
v 6.0 -3.125 -3.500001
v 6.0 -4.125 -3.625001
v 7.0 -4.125 -3.625001
v 7.0 -3.125 -3.625001
v 6.0 -3.125 -3.625001
v 6.0 -4.125 -3.875001
v 7.0 -4.125 -3.875001
v 7.0 -3.125 -3.875001
v 6.0 -3.125 -3.875001
v 6.0 3.875 -2.500001
v 7.0 3.875 -2.500001
v 7.0 4.875 -2.500001
v 6.0 4.875 -2.500001
v 6.0 3.875 -2.625001
v 7.0 3.875 -2.625001
v 7.0 4.875 -2.625001
v 6.0 4.875 -2.625001
v 6.0 3.875 -2.875001
v 7.0 3.875 -2.875001
v 7.0 4.875 -2.875001
v 6.0 4.875 -2.875001
v 9.0 -0.125 -2.500001
v 10.0 -0.125 -2.500001
v 10.0 0.875 -2.500001
v 9.0 0.875 -2.500001
v 9.0 -0.125 -2.625001
v 10.0 -0.125 -2.625001
v 10.0 0.875 -2.625001
v 9.0 0.875 -2.625001
v 9.0 -0.125 -2.875001
v 10.0 -0.125 -2.875001
v 10.0 0.875 -2.875001
v 9.0 0.875 -2.875001
v 10.0 -15.125 -1.500001
v 12.0 -15.125 -1.500001
v 12.0 -14.125 -1.500001
v 10.0 -14.125 -1.500001
v 10.0 -15.125 -1.625001
v 12.0 -15.125 -1.625001
v 12.0 -14.125 -1.625001
v 10.0 -14.125 -1.625001
v 10.0 -15.125 -1.875001
v 12.0 -15.125 -1.875001
v 12.0 -14.125 -1.875001
v 10.0 -14.125 -1.875001
v 11.0 -16.125 -1.500001
v 13.0 -16.125 -1.500001
v 13.0 -15.125 -1.500001
v 11.0 -15.125 -1.500001
v 11.0 -16.125 -1.625001
v 13.0 -16.125 -1.625001
v 13.0 -15.125 -1.625001
v 11.0 -15.125 -1.625001
v 11.0 -16.125 -1.875001
v 13.0 -16.125 -1.875001
v 13.0 -15.125 -1.875001
v 11.0 -15.125 -1.875001
v 11.0 -5.125 -2.500001
v 13.0 -5.125 -2.500001
v 13.0 -3.125 -2.500001
v 11.0 -3.125 -2.500001
v 11.0 -5.125 -2.625001
v 13.0 -5.125 -2.625001
v 13.0 -3.125 -2.625001
v 11.0 -3.125 -2.625001
v 11.0 -5.125 -2.875001
v 13.0 -5.125 -2.875001
v 13.0 -3.125 -2.875001
v 11.0 -3.125 -2.875001
v 11.0 4.875 -1.500001
v 13.0 4.875 -1.500001
v 13.0 5.875 -1.500001
v 11.0 5.875 -1.500001
v 11.0 4.875 -1.625001
v 13.0 4.875 -1.625001
v 13.0 5.875 -1.625001
v 11.0 5.875 -1.625001
v 11.0 4.875 -1.875001
v 13.0 4.875 -1.875001
v 13.0 5.875 -1.875001
v 11.0 5.875 -1.875001
v 12.0 -6.125 -2.500001
v 13.0 -6.125 -2.500001
v 13.0 -5.125 -2.500001
v 12.0 -5.125 -2.500001
v 12.0 -6.125 -2.625001
v 13.0 -6.125 -2.625001
v 13.0 -5.125 -2.625001
v 12.0 -5.125 -2.625001
v 12.0 -6.125 -2.875001
v 13.0 -6.125 -2.875001
v 13.0 -5.125 -2.875001
v 12.0 -5.125 -2.875001
v 12.0 -3.125 -2.500001
v 13.0 -3.125 -2.500001
v 13.0 -1.125 -2.500001
v 12.0 -1.125 -2.500001
v 12.0 -3.125 -2.625001
v 13.0 -3.125 -2.625001
v 13.0 -1.125 -2.625001
v 12.0 -1.125 -2.625001
v 12.0 -3.125 -2.875001
v 13.0 -3.125 -2.875001
v 13.0 -1.125 -2.875001
v 12.0 -1.125 -2.875001
v 12.0 1.875 -1.500001
v 14.0 1.875 -1.500001
v 14.0 4.875 -1.500001
v 12.0 4.875 -1.500001
v 12.0 1.875 -1.625001
v 14.0 1.875 -1.625001
v 14.0 4.875 -1.625001
v 12.0 4.875 -1.625001
v 12.0 1.875 -1.875001
v 14.0 1.875 -1.875001
v 14.0 4.875 -1.875001
v 12.0 4.875 -1.875001
v 14.0 0.875 -1.500001
v 15.0 0.875 -1.500001
v 15.0 3.875 -1.500001
v 14.0 3.875 -1.500001
v 14.0 0.875 -1.625001
v 15.0 0.875 -1.625001
v 15.0 3.875 -1.625001
v 14.0 3.875 -1.625001
v 14.0 0.875 -1.875001
v 15.0 0.875 -1.875001
v 15.0 3.875 -1.875001
v 14.0 3.875 -1.875001
v -9.0 -14.0 -1.999999
v -16.0 -14.0 -1.999999
v -9.0 -16.0 -1.999999
v -16.0 -16.0 -1.999999
v -16.0 -13.2109375 -2.901367
v -16.0 -13.669921 -2.002929
v -13.0 -13.669921 -2.002929
v -13.0 -13.2109375 -2.901367
v -16.0 -13.999999 -2.0
v -13.0 -13.999999 -2.0
v -16.0 -13.2109375 -2.901367
v -13.0 -13.2109375 -2.901367
v -13.0 -12.999999 -3.0
v -16.0 -12.999999 -3.0
v -13.0 -9.0 -2.999999
v -16.0 -9.0 -2.999999
v -13.0 -13.0 -2.999999
v -16.0 -13.0 -2.999999
v -16.0 -8.2109375 -3.901367
v -16.0 -8.669921 -3.002929
v -9.0 -8.669921 -3.002929
v -9.0 -8.2109375 -3.901367
v -16.0 -8.999999 -3.0
v -9.0 -8.999999 -3.0
v -16.0 -8.2109375 -3.901367
v -9.0 -8.2109375 -3.901367
v -9.0 -7.999999 -4.0
v -16.0 -7.999999 -4.0
v -9.0 -6.0 -3.999999
v -16.0 -6.0 -3.999999
v -9.0 -8.0 -3.999999
v -16.0 -8.0 -3.999999
v -16.0 -5.210937 -4.901367
v -16.0 -5.669921 -4.0029287
v -11.0 -5.669921 -4.0029287
v -11.0 -5.210937 -4.901367
v -16.0 -5.999999 -4.0
v -11.0 -5.999999 -4.0
v -16.0 -5.210937 -4.901367
v -11.0 -5.210937 -4.901367
v -11.0 -4.999999 -5.0
v -16.0 -4.999999 -5.0
v -11.0 -2.0 -4.999999
v -16.0 -2.0 -4.999999
v -11.0 -5.0 -4.999999
v -16.0 -5.0 -4.999999
v -8.0 -1.789063 -4.901367
v -8.0 -1.3300791 -4.0029287
v -16.0 -1.3300791 -4.0029287
v -16.0 -1.789063 -4.901367
v -8.0 -1.000001 -4.0
v -16.0 -1.000001 -4.0
v -8.0 -1.789063 -4.901367
v -16.0 -1.789063 -4.901367
v -16.0 -2.000001 -5.0
v -8.0 -2.000001 -5.0
v -8.0 1.0 -3.999999
v -16.0 1.0 -3.999999
v -8.0 -1.0 -3.999999
v -16.0 -1.0 -3.999999
v -12.0 1.210937 -3.901367
v -12.0 1.6699209 -3.002929
v -16.0 1.6699209 -3.002929
v -16.0 1.210937 -3.901367
v -12.0 1.999999 -3.0
v -16.0 1.999999 -3.0
v -12.0 1.210937 -3.901367
v -16.0 1.210937 -3.901367
v -16.0 0.999999 -4.0
v -12.0 0.999999 -4.0
v -12.0 5.0 -2.999999
v -16.0 5.0 -2.999999
v -12.0 2.0 -2.999999
v -16.0 2.0 -2.999999
v -11.0 5.210937 -2.901367
v -11.0 5.669921 -2.002929
v -16.0 5.669921 -2.002929
v -16.0 5.210937 -2.901367
v -11.0 5.999999 -2.0
v -16.0 5.999999 -2.0
v -11.0 5.210937 -2.901367
v -16.0 5.210937 -2.901367
v -16.0 4.999999 -3.0
v -11.0 4.999999 -3.0
v -11.0 10.0 -1.999999
v -16.0 10.0 -1.999999
v -11.0 6.0 -1.999999
v -16.0 6.0 -1.999999
v -16.0 10.999999 -2.0
v -16.0 9.999999 -2.0
v -15.9375 10.374999 -2.0
v -15.6875 10.062499 -2.0
v -15.0 9.999999 -2.0
v -15.6875 10.062499 -2.0
v -15.0 9.999999 -2.0
v -15.0 10.210937 -1.901367
v -15.5 10.249999 -1.901367
v -16.0 10.999999 -2.0
v -15.9375 10.374999 -2.0
v -15.75 10.562499 -1.901367
v -15.7890625 10.999999 -1.901367
v -15.7890625 10.999999 -1.901367
v -15.75 10.562499 -1.901367
v -15.330078 10.999999 -1.002929
v -15.5 10.249999 -1.901367
v -15.0 10.669921 -1.002929
v -15.0 10.210937 -1.901367
v -15.0 10.669921 -1.002929
v -15.0 10.999999 -1.0
v -15.330078 10.999999 -1.002929
v -15.7890625 11.0 -1.901367
v -15.330079 11.0 -1.002929
v -15.330079 16.0 -1.002929
v -15.7890625 16.0 -1.901367
v -15.000001 11.0 -1.0
v -15.000001 16.0 -1.0
v -15.7890625 11.0 -1.901367
v -15.7890625 16.0 -1.901367
v -16.0 16.0 -2.0
v -16.0 11.0 -2.0
v -7.0 10.210937 -1.901367
v -7.0 10.669921 -1.002929
v -15.0 10.669921 -1.002929
v -15.0 10.210937 -1.901367
v -7.0 10.999999 -1.0
v -15.0 10.999999 -1.0
v -7.0 10.210937 -1.901367
v -15.0 10.210937 -1.901367
v -15.0 9.999999 -2.0
v -7.0 9.999999 -2.0
v -7.0 12.0 -1.0
v -15.0 12.0 -1.0
v -15.0 11.0 -1.0
v -7.0 11.0 -1.0
v -14.0 16.0 -1.0
v -15.0 16.0 -1.0
v -15.0 12.0 -1.0
v -14.0 12.0 -1.0
v -12.330079 -13.669922 -2.002929
v -13.000001 -13.669922 -2.002929
v -13.000001 -14.0 -2.0
v -12.000001 -14.0 -2.0
v -12.330079 -13.0 -2.002929
v -12.330079 -13.669922 -2.002929
v -12.000001 -14.0 -2.0
v -12.000001 -13.0 -2.0
v -12.330079 -13.0 -2.002929
v -12.7890625 -13.0 -2.901367
v -12.330079 -13.669922 -2.002929
v -12.894532 -13.105469 -2.901367
v -13.000001 -13.2109375 -2.901367
v -13.000001 -13.2109375 -2.901367
v -12.894532 -13.105469 -2.901367
v -13.000001 -13.0 -3.0
v -12.7890625 -13.0 -2.901367
v -13.000001 -13.669922 -2.002929
v -12.330079 -13.669922 -2.002929
v -13.000001 -13.2109375 -2.901367
v -12.000001 -12.0 -3.0
v -13.000001 -12.0 -3.0
v -12.625001 -12.0625 -3.0
v -12.937501 -12.3125 -3.0
v -13.000001 -13.0 -3.0
v -12.937501 -12.3125 -3.0
v -13.000001 -13.0 -3.0
v -12.789063 -13.0 -2.901367
v -12.750001 -12.5 -2.901367
v -12.000001 -12.0 -3.0
v -12.625001 -12.0625 -3.0
v -12.437501 -12.25 -2.901367
v -12.000001 -12.2109375 -2.901367
v -12.000001 -12.2109375 -2.901367
v -12.437501 -12.25 -2.901367
v -12.000001 -12.669922 -2.002929
v -12.750001 -12.5 -2.901367
v -12.330079 -13.0 -2.002929
v -12.789063 -13.0 -2.901367
v -12.330079 -13.0 -2.002929
v -12.000001 -13.0 -2.0
v -12.000001 -12.669922 -2.002929
v -5.0 -9.0 -2.999999
v -13.0 -9.0 -2.999999
v -5.0 -12.0 -2.999999
v -13.0 -12.0 -2.999999
v -4.0 -13.0 -1.999999
v -12.0 -13.0 -1.999999
v -4.0 -14.0 -1.999999
v -12.0 -14.0 -1.999999
v -12.0 -12.2109375 -2.901367
v -12.0 -12.669921 -2.002929
v -4.0 -12.669921 -2.002929
v -4.0 -12.2109375 -2.901367
v -12.0 -12.999999 -2.0
v -4.0 -12.999999 -2.0
v -12.0 -12.2109375 -2.901367
v -4.0 -12.2109375 -2.901367
v -4.0 -11.999999 -3.0
v -12.0 -11.999999 -3.0
v -11.999999 1.0 -4.0
v -10.999999 1.0 -4.0
v -11.374999 1.0625 -4.0
v -11.062499 1.3125 -4.0
v -10.999999 2.0 -4.0
v -11.062499 1.3125 -4.0
v -10.999999 2.0 -4.0
v -11.2109375 2.0 -3.901367
v -11.249999 1.5 -3.901367
v -11.999999 1.0 -4.0
v -11.374999 1.0625 -4.0
v -11.562499 1.25 -3.901367
v -11.999999 1.210938 -3.901367
v -11.999999 1.210938 -3.901367
v -11.562499 1.25 -3.901367
v -11.999999 1.669922 -3.002929
v -11.249999 1.5 -3.901367
v -11.669921 2.0 -3.002929
v -11.2109375 2.0 -3.901367
v -11.669921 2.0 -3.002929
v -11.999999 2.0 -3.0
v -11.999999 1.669922 -3.002929
v -11.669921 2.6699219 -3.002929
v -10.999999 2.6699219 -3.002929
v -10.999999 3.0 -3.0
v -11.999999 3.0 -3.0
v -11.669921 2.0 -3.002929
v -11.669921 2.6699219 -3.002929
v -11.999999 3.0 -3.0
v -11.999999 2.0 -3.0
v -11.669921 2.0 -3.002929
v -11.2109375 2.0 -3.901367
v -11.669921 2.6699219 -3.002929
v -11.105468 2.105469 -3.901367
v -10.999999 2.210938 -3.901367
v -10.999999 2.210938 -3.901367
v -11.105468 2.105469 -3.901367
v -10.999999 2.0 -4.0
v -11.2109375 2.0 -3.901367
v -10.999999 2.6699219 -3.002929
v -11.669921 2.6699219 -3.002929
v -10.999999 2.210938 -3.901367
v -4.0 5.0 -2.999999
v -12.0 5.0 -2.999999
v -4.0 3.0 -2.999999
v -12.0 3.0 -2.999999
v -10.330079 -5.669922 -4.0029287
v -11.000001 -5.669922 -4.0029287
v -11.000001 -6.0 -4.0
v -10.000001 -6.0 -4.0
v -10.330079 -5.0 -4.0029287
v -10.330079 -5.669922 -4.0029287
v -10.000001 -6.0 -4.0
v -10.000001 -5.0 -4.0
v -10.330079 -5.0 -4.0029287
v -10.7890625 -5.0 -4.901367
v -10.330079 -5.669922 -4.0029287
v -10.894532 -5.1054688 -4.901367
v -11.000001 -5.210938 -4.901367
v -11.000001 -5.210938 -4.901367
v -10.894532 -5.1054688 -4.901367
v -11.000001 -5.0 -5.0
v -10.7890625 -5.0 -4.901367
v -11.000001 -5.669922 -4.0029287
v -10.330079 -5.669922 -4.0029287
v -11.000001 -5.210938 -4.901367
v -10.000001 -4.0 -5.0
v -11.000001 -4.0 -5.0
v -10.625001 -4.0625 -5.0
v -10.937501 -4.3125 -5.0
v -11.000001 -5.0 -5.0
v -10.937501 -4.3125 -5.0
v -11.000001 -5.0 -5.0
v -10.789063 -5.0 -4.901367
v -10.750001 -4.5 -4.901367
v -10.000001 -4.0 -5.0
v -10.625001 -4.0625 -5.0
v -10.437501 -4.25 -4.901367
v -10.000001 -4.210938 -4.901367
v -10.000001 -4.210938 -4.901367
v -10.437501 -4.25 -4.901367
v -10.000001 -4.669922 -4.0029287
v -10.750001 -4.5 -4.901367
v -10.330079 -5.0 -4.0029287
v -10.789063 -5.0 -4.901367
v -10.330079 -5.0 -4.0029287
v -10.000001 -5.0 -4.0
v -10.000001 -4.669922 -4.0029287
v -3.0 -2.0 -4.999999
v -11.0 -2.0 -4.999999
v -3.0 -4.0 -4.999999
v -11.0 -4.0 -4.999999
v -3.0 2.0 -3.999999
v -11.0 2.0 -3.999999
v -3.0 1.0 -3.999999
v -11.0 1.0 -3.999999
v -3.0 2.210937 -3.901367
v -3.0 2.669921 -3.002929
v -11.0 2.669921 -3.002929
v -11.0 2.210937 -3.901367
v -3.0 2.999999 -3.0
v -11.0 2.999999 -3.0
v -3.0 2.210937 -3.901367
v -11.0 2.210937 -3.901367
v -11.0 1.999999 -4.0
v -3.0 1.999999 -4.0
v -10.999999 5.0 -3.0
v -9.999999 5.0 -3.0
v -10.374999 5.0625 -3.0
v -10.062499 5.3125 -3.0
v -9.999999 6.0 -3.0
v -10.062499 5.3125 -3.0
v -9.999999 6.0 -3.0
v -10.2109375 6.0 -2.901367
v -10.249999 5.5 -2.901367
v -10.999999 5.0 -3.0
v -10.374999 5.0625 -3.0
v -10.562499 5.25 -2.901367
v -10.999999 5.210938 -2.901367
v -10.999999 5.210938 -2.901367
v -10.562499 5.25 -2.901367
v -10.999999 5.669922 -2.002929
v -10.249999 5.5 -2.901367
v -10.669921 6.0 -2.002929
v -10.2109375 6.0 -2.901367
v -10.669921 6.0 -2.002929
v -10.999999 6.0 -2.0
v -10.999999 5.669922 -2.002929
v -10.669921 6.669922 -2.002929
v -9.999999 6.669922 -2.002929
v -9.999999 7.0 -2.0
v -10.999999 7.0 -2.0
v -10.669921 6.0 -2.002929
v -10.669921 6.669922 -2.002929
v -10.999999 7.0 -2.0
v -10.999999 6.0 -2.0
v -10.669921 6.0 -2.002929
v -10.2109375 6.0 -2.901367
v -10.669921 6.669922 -2.002929
v -10.105468 6.1054688 -2.901367
v -9.999999 6.210938 -2.901367
v -9.999999 6.210938 -2.901367
v -10.105468 6.1054688 -2.901367
v -9.999999 6.0 -3.0
v -10.2109375 6.0 -2.901367
v -9.999999 6.669922 -2.002929
v -10.669921 6.669922 -2.002929
v -9.999999 6.210938 -2.901367
v -3.0 10.0 -1.999999
v -11.0 10.0 -1.999999
v -3.0 7.0 -1.999999
v -11.0 7.0 -1.999999
v -2.0 -5.0 -3.999999
v -10.0 -5.0 -3.999999
v -2.0 -6.0 -3.999999
v -10.0 -6.0 -3.999999
v -10.0 -4.210937 -4.901367
v -10.0 -4.669921 -4.0029287
v -2.0 -4.669921 -4.0029287
v -2.0 -4.210937 -4.901367
v -10.0 -4.999999 -4.0
v -2.0 -4.999999 -4.0
v -10.0 -4.210937 -4.901367
v -2.0 -4.210937 -4.901367
v -2.0 -3.999999 -5.0
v -10.0 -3.999999 -5.0
v -2.0 6.0 -2.999999
v -10.0 6.0 -2.999999
v -2.0 5.0 -2.999999
v -10.0 5.0 -2.999999
v -2.0 6.210937 -2.901367
v -2.0 6.669921 -2.002929
v -10.0 6.669921 -2.002929
v -10.0 6.210937 -2.901367
v -2.0 6.999999 -2.0
v -10.0 6.999999 -2.0
v -2.0 6.210937 -2.901367
v -10.0 6.210937 -2.901367
v -10.0 5.999999 -3.0
v -2.0 5.999999 -3.0
v -8.000001 -15.0 -2.0
v -9.000001 -15.0 -2.0
v -8.625001 -15.0625 -2.0
v -8.937501 -15.3125 -2.0
v -9.000001 -16.0 -2.0
v -8.937501 -15.3125 -2.0
v -9.000001 -16.0 -2.0
v -8.789063 -16.0 -1.901367
v -8.750001 -15.5 -1.901367
v -8.000001 -15.0 -2.0
v -8.625001 -15.0625 -2.0
v -8.437501 -15.25 -1.901367
v -8.000001 -15.2109375 -1.901367
v -8.000001 -15.2109375 -1.901367
v -8.437501 -15.25 -1.901367
v -8.000001 -15.669922 -1.002929
v -8.750001 -15.5 -1.901367
v -8.330079 -16.0 -1.002929
v -8.789063 -16.0 -1.901367
v -8.330079 -16.0 -1.002929
v -8.000001 -16.0 -1.0
v -8.000001 -15.669922 -1.002929
v -1.0 -14.0 -1.999999
v -9.0 -14.0 -1.999999
v -1.0 -15.0 -1.999999
v -9.0 -15.0 -1.999999
v -8.330079 -8.669922 -3.002929
v -9.000001 -8.669922 -3.002929
v -9.000001 -9.0 -3.0
v -8.000001 -9.0 -3.0
v -8.330079 -8.0 -3.002929
v -8.330079 -8.669922 -3.002929
v -8.000001 -9.0 -3.0
v -8.000001 -8.0 -3.0
v -8.330079 -8.0 -3.002929
v -8.7890625 -8.0 -3.901367
v -8.330079 -8.669922 -3.002929
v -8.894532 -8.105469 -3.901367
v -9.000001 -8.2109375 -3.901367
v -9.000001 -8.2109375 -3.901367
v -8.894532 -8.105469 -3.901367
v -9.000001 -8.0 -4.0
v -8.7890625 -8.0 -3.901367
v -9.000001 -8.669922 -3.002929
v -8.330079 -8.669922 -3.002929
v -9.000001 -8.2109375 -3.901367
v -8.000001 -7.0 -4.0
v -9.000001 -7.0 -4.0
v -8.625001 -7.0625 -4.0
v -8.937501 -7.3125 -4.0
v -9.000001 -8.0 -4.0
v -8.937501 -7.3125 -4.0
v -9.000001 -8.0 -4.0
v -8.789063 -8.0 -3.901367
v -8.750001 -7.5 -3.901367
v -8.000001 -7.0 -4.0
v -8.625001 -7.0625 -4.0
v -8.437501 -7.25 -3.901367
v -8.000001 -7.210938 -3.901367
v -8.000001 -7.210938 -3.901367
v -8.437501 -7.25 -3.901367
v -8.000001 -7.669922 -3.002929
v -8.750001 -7.5 -3.901367
v -8.330079 -8.0 -3.002929
v -8.789063 -8.0 -3.901367
v -8.330079 -8.0 -3.002929
v -8.000001 -8.0 -3.0
v -8.000001 -7.669922 -3.002929
v -1.0 -6.0 -3.999999
v -9.0 -6.0 -3.999999
v -1.0 -7.0 -3.999999
v -9.0 -7.0 -3.999999
v -8.0 -15.2109375 -1.901367
v -8.0 -15.669921 -1.002929
v 0.0 -15.669921 -1.002929
v 0.0 -15.2109375 -1.901367
v -8.0 -15.999999 -1.0
v 0.0 -15.999999 -1.0
v -8.0 -15.2109375 -1.901367
v 0.0 -15.2109375 -1.901367
v 0.0 -14.999999 -2.0
v -8.0 -14.999999 -2.0
v 0.0 -8.0 -2.999999
v -8.0 -8.0 -2.999999
v 0.0 -9.0 -2.999999
v -8.0 -9.0 -2.999999
v -8.0 -7.210937 -3.901367
v -8.0 -7.669921 -3.002929
v 0.0 -7.669921 -3.002929
v 0.0 -7.210937 -3.901367
v -8.0 -7.999999 -3.0
v 0.0 -7.999999 -3.0
v -8.0 -7.210937 -3.901367
v 0.0 -7.210937 -3.901367
v 0.0 -6.999999 -4.0
v -8.0 -6.999999 -4.0
v -6.0 -1.789063 -4.901367
v -6.0 -1.3300791 -4.0029287
v -8.0 -1.3300791 -4.0029287
v -8.0 -1.789063 -4.901367
v -6.0 -1.000001 -4.0
v -8.0 -1.000001 -4.0
v -6.0 -1.789063 -4.901367
v -8.0 -1.789063 -4.901367
v -8.0 -2.000001 -5.0
v -6.0 -2.000001 -5.0
v -6.0 1.0 -3.999999
v -8.0 1.0 -3.999999
v -6.0 -1.0 -3.999999
v -8.0 -1.0 -3.999999
v 1.0 10.210937 -1.901367
v 1.0 10.669921 -1.002929
v -7.0 10.669921 -1.002929
v -7.0 10.210937 -1.901367
v 1.0 10.999999 -1.0
v -7.0 10.999999 -1.0
v 1.0 10.210937 -1.901367
v -7.0 10.210937 -1.901367
v -7.0 9.999999 -2.0
v 1.0 9.999999 -2.0
v 1.0 12.0 -1.0
v -7.0 12.0 -1.0
v -7.0 11.0 -1.0
v 1.0 11.0 -1.0
v -5.999999 -2.0 -5.0
v -4.999999 -2.0 -5.0
v -5.374999 -1.9375 -5.0
v -5.062499 -1.6875 -5.0
v -4.999999 -1.0 -5.0
v -5.062499 -1.6875 -5.0
v -4.999999 -1.0 -5.0
v -5.210937 -1.0 -4.901367
v -5.249999 -1.5 -4.901367
v -5.999999 -2.0 -5.0
v -5.374999 -1.9375 -5.0
v -5.562499 -1.75 -4.901367
v -5.999999 -1.789062 -4.901367
v -5.999999 -1.789062 -4.901367
v -5.562499 -1.75 -4.901367
v -5.999999 -1.330078 -4.0029287
v -5.249999 -1.5 -4.901367
v -5.669921 -1.0 -4.0029287
v -5.210937 -1.0 -4.901367
v -5.669921 -1.0 -4.0029287
v -5.999999 -1.0 -4.0
v -5.999999 -1.330078 -4.0029287
v -5.669921 -0.330078 -4.0029287
v -4.999999 -0.330078 -4.0029287
v -4.999999 0.0 -4.0
v -5.999999 0.0 -4.0
v -5.669921 -1.0 -4.0029287
v -5.669921 -0.330078 -4.0029287
v -5.999999 0.0 -4.0
v -5.999999 -1.0 -4.0
v -5.669921 -1.0 -4.0029287
v -5.210937 -1.0 -4.901367
v -5.669921 -0.330078 -4.0029287
v -5.105468 -0.894531 -4.901367
v -4.999999 -0.789062 -4.901367
v -4.999999 -0.789062 -4.901367
v -5.105468 -0.894531 -4.901367
v -4.999999 -1.0 -5.0
v -5.210937 -1.0 -4.901367
v -4.999999 -0.330078 -4.0029287
v -5.669921 -0.330078 -4.0029287
v -4.999999 -0.789062 -4.901367
v 2.0 1.0 -3.999999
v -6.0 1.0 -3.999999
v 2.0 0.0 -3.999999
v -6.0 0.0 -3.999999
v 3.0 -9.0 -2.999999
v -5.0 -9.0 -2.999999
v 3.0 -12.0 -2.999999
v -5.0 -12.0 -2.999999
v -1.0 -1.0 -4.999999
v -5.0 -1.0 -4.999999
v -1.0 -2.0 -4.999999
v -5.0 -2.0 -4.999999
v -1.0 -0.789063 -4.901367
v -1.0 -0.33007902 -4.0029287
v -5.0 -0.33007902 -4.0029287
v -5.0 -0.789063 -4.901367
v -1.0 -1.013279E-6 -4.0
v -5.0 -1.013279E-6 -4.0
v -1.0 -0.789063 -4.901367
v -5.0 -0.789063 -4.901367
v -5.0 -1.000001 -5.0
v -1.0 -1.000001 -5.0
v 4.0 -13.0 -1.999999
v -4.0 -13.0 -1.999999
v 4.0 -14.0 -1.999999
v -4.0 -14.0 -1.999999
v -4.0 -12.2109375 -2.901367
v -4.0 -12.669921 -2.002929
v 4.0 -12.669921 -2.002929
v 4.0 -12.2109375 -2.901367
v -4.0 -12.999999 -2.0
v 4.0 -12.999999 -2.0
v -4.0 -12.2109375 -2.901367
v 4.0 -12.2109375 -2.901367
v 4.0 -11.999999 -3.0
v -4.0 -11.999999 -3.0
v 4.0 5.0 -2.999999
v -4.0 5.0 -2.999999
v 4.0 3.0 -2.999999
v -4.0 3.0 -2.999999
v -2.0 -2.0 -4.999999
v -3.0 -2.0 -4.999999
v -2.0 -4.0 -4.999999
v -3.0 -4.0 -4.999999
v -3.0 1.999999 -4.0
v -3.0 0.999999 -4.0
v -2.9375 1.374999 -4.0
v -2.6875 1.062499 -4.0
v -2.0 0.999999 -4.0
v -2.6875 1.062499 -4.0
v -2.0 0.999999 -4.0
v -2.0 1.210937 -3.901367
v -2.5 1.249999 -3.901367
v -3.0 1.999999 -4.0
v -2.9375 1.374999 -4.0
v -2.75 1.562499 -3.901367
v -2.789062 1.999999 -3.901367
v -2.789062 1.999999 -3.901367
v -2.75 1.562499 -3.901367
v -2.3300781 1.999999 -3.002929
v -2.5 1.249999 -3.901367
v -2.0 1.6699209 -3.002929
v -2.0 1.210937 -3.901367
v -2.0 1.6699209 -3.002929
v -2.0 1.999999 -3.0
v -2.3300781 1.999999 -3.002929
v -2.3300781 2.669921 -3.002929
v -2.3300781 1.999999 -3.002929
v -2.0 1.999999 -3.0
v -2.0 2.999999 -3.0
v -3.0 2.669921 -3.002929
v -2.3300781 2.669921 -3.002929
v -2.0 2.999999 -3.0
v -3.0 2.999999 -3.0
v -3.0 2.669921 -3.002929
v -3.0 2.210937 -3.901367
v -2.3300781 2.669921 -3.002929
v -2.894531 2.105468 -3.901367
v -2.789062 1.999999 -3.901367
v -2.789062 1.999999 -3.901367
v -2.894531 2.105468 -3.901367
v -3.0 1.999999 -4.0
v -3.0 2.210937 -3.901367
v -2.3300781 1.999999 -3.002929
v -2.3300781 2.669921 -3.002929
v -2.789062 1.999999 -3.901367
v 5.0 10.0 -1.999999
v -3.0 10.0 -1.999999
v 5.0 7.0 -1.999999
v -3.0 7.0 -1.999999
v 6.0 -5.0 -3.999999
v -2.0 -5.0 -3.999999
v 6.0 -6.0 -3.999999
v -2.0 -6.0 -3.999999
v -1.330079 -4.669922 -4.0029287
v -2.000001 -4.669922 -4.0029287
v -2.000001 -5.0 -4.0
v -1.000001 -5.0 -4.0
v -1.330079 -4.0 -4.0029287
v -1.330079 -4.669922 -4.0029287
v -1.000001 -5.0 -4.0
v -1.000001 -4.0 -4.0
v -1.330079 -4.0 -4.0029287
v -1.789063 -4.0 -4.901367
v -1.330079 -4.669922 -4.0029287
v -1.894532 -4.1054688 -4.901367
v -2.000001 -4.210938 -4.901367
v -2.000001 -4.210938 -4.901367
v -1.894532 -4.1054688 -4.901367
v -2.000001 -4.0 -5.0
v -1.789063 -4.0 -4.901367
v -2.000001 -4.669922 -4.0029287
v -1.330079 -4.669922 -4.0029287
v -2.000001 -4.210938 -4.901367
v -1.789063 -4.0 -4.901367
v -1.3300791 -4.0 -4.0029287
v -1.3300791 -3.0 -4.0029287
v -1.789063 -3.0 -4.901367
v -1.000001 -4.0 -4.0
v -1.000001 -3.0 -4.0
v -1.789063 -4.0 -4.901367
v -1.789063 -3.0 -4.901367
v -2.000001 -3.0 -5.0
v -2.000001 -4.0 -5.0
v -1.000001 -2.0 -5.0
v -2.000001 -2.0 -5.0
v -1.625001 -2.0625 -5.0
v -1.937501 -2.3125 -5.0
v -2.000001 -3.0 -5.0
v -1.937501 -2.3125 -5.0
v -2.000001 -3.0 -5.0
v -1.789063 -3.0 -4.901367
v -1.750001 -2.5 -4.901367
v -1.000001 -2.0 -5.0
v -1.625001 -2.0625 -5.0
v -1.437501 -2.25 -4.901367
v -1.000001 -2.210938 -4.901367
v -1.000001 -2.210938 -4.901367
v -1.437501 -2.25 -4.901367
v -1.000001 -2.6699219 -4.0029287
v -1.750001 -2.5 -4.901367
v -1.3300791 -3.0 -4.0029287
v -1.789063 -3.0 -4.901367
v -1.3300791 -3.0 -4.0029287
v -1.000001 -3.0 -4.0
v -1.000001 -2.6699219 -4.0029287
v 4.0 1.210937 -3.901367
v 4.0 1.6699209 -3.002929
v -2.0 1.6699209 -3.002929
v -2.0 1.210937 -3.901367
v 4.0 1.999999 -3.0
v -2.0 1.999999 -3.0
v 4.0 1.210937 -3.901367
v -2.0 1.210937 -3.901367
v -2.0 0.999999 -4.0
v 4.0 0.999999 -4.0
v 6.0 3.0 -2.999999
v -2.0 3.0 -2.999999
v 6.0 2.0 -2.999999
v -2.0 2.0 -2.999999
v -1.0 6.0 -2.999999
v -2.0 6.0 -2.999999
v -1.0 5.0 -2.999999
v -2.0 5.0 -2.999999
v -1.0 6.210937 -2.901367
v -1.0 6.669921 -2.002929
v -2.0 6.669921 -2.002929
v -2.0 6.210937 -2.901367
v -1.0 6.999999 -2.0
v -2.0 6.999999 -2.0
v -1.0 6.210937 -2.901367
v -2.0 6.210937 -2.901367
v -2.0 5.999999 -3.0
v -1.0 5.999999 -3.0
v 7.0 -14.0 -1.999999
v -1.0 -14.0 -1.999999
v 7.0 -15.0 -1.999999
v -1.0 -15.0 -1.999999
v 6.0 -6.0 -3.999999
v -1.0 -6.0 -3.999999
v 6.0 -7.0 -3.999999
v -1.0 -7.0 -3.999999
v 7.0 -3.0 -3.999999
v -1.0 -3.0 -3.999999
v 7.0 -5.0 -3.999999
v -1.0 -5.0 -3.999999
v -0.33007896 -2.6699219 -4.0029287
v -1.000001 -2.6699219 -4.0029287
v -1.000001 -3.0 -4.0
v -1.013279E-6 -3.0 -4.0
v -0.33007896 -2.0 -4.0029287
v -0.33007896 -2.6699219 -4.0029287
v -1.013279E-6 -3.0 -4.0
v -1.013279E-6 -2.0 -4.0
v -0.33007896 -2.0 -4.0029287
v -0.789063 -2.0 -4.901367
v -0.33007896 -2.6699219 -4.0029287
v -0.894532 -2.105469 -4.901367
v -1.000001 -2.210938 -4.901367
v -1.000001 -2.210938 -4.901367
v -0.894532 -2.105469 -4.901367
v -1.000001 -2.0 -5.0
v -0.789063 -2.0 -4.901367
v -1.000001 -2.6699219 -4.0029287
v -0.33007896 -2.6699219 -4.0029287
v -1.000001 -2.210938 -4.901367
v -0.789063 -2.0 -4.901367
v -0.33007902 -2.0 -4.0029287
v -0.33007902 -1.0 -4.0029287
v -0.789063 -1.0 -4.901367
v -1.013279E-6 -2.0 -4.0
v -1.013279E-6 -1.0 -4.0
v -0.789063 -2.0 -4.901367
v -0.789063 -1.0 -4.901367
v -1.000001 -1.0 -5.0
v -1.000001 -2.0 -5.0
v -0.330078 -0.33007896 -4.0029287
v -0.330078 -1.000001 -4.0029287
v 0.0 -1.000001 -4.0
v 0.0 -1.013279E-6 -4.0
v -1.0 -0.33007896 -4.0029287
v -0.330078 -0.33007896 -4.0029287
v 0.0 -1.013279E-6 -4.0
v -1.0 -1.013279E-6 -4.0
v -1.0 -0.33007896 -4.0029287
v -1.0 -0.789063 -4.901367
v -0.330078 -0.33007896 -4.0029287
v -0.894531 -0.894532 -4.901367
v -0.789062 -1.000001 -4.901367
v -0.789062 -1.000001 -4.901367
v -0.894531 -0.894532 -4.901367
v -1.0 -1.000001 -5.0
v -1.0 -0.789063 -4.901367
v -0.330078 -1.000001 -4.0029287
v -0.330078 -0.33007896 -4.0029287
v -0.789062 -1.000001 -4.901367
v -1.0 5.999999 -3.0
v -1.0 4.999999 -3.0
v -0.9375 5.374999 -3.0
v -0.6875 5.062499 -3.0
v 0.0 4.999999 -3.0
v -0.6875 5.062499 -3.0
v 0.0 4.999999 -3.0
v 0.0 5.210937 -2.901367
v -0.5 5.249999 -2.901367
v -1.0 5.999999 -3.0
v -0.9375 5.374999 -3.0
v -0.75 5.562499 -2.901367
v -0.789062 5.999999 -2.901367
v -0.789062 5.999999 -2.901367
v -0.75 5.562499 -2.901367
v -0.330078 5.999999 -2.002929
v -0.5 5.249999 -2.901367
v 0.0 5.669921 -2.002929
v 0.0 5.210937 -2.901367
v 0.0 5.669921 -2.002929
v 0.0 5.999999 -2.0
v -0.330078 5.999999 -2.002929
v -0.330078 6.669921 -2.002929
v -0.330078 5.999999 -2.002929
v 0.0 5.999999 -2.0
v 0.0 6.999999 -2.0
v -1.0 6.669921 -2.002929
v -0.330078 6.669921 -2.002929
v 0.0 6.999999 -2.0
v -1.0 6.999999 -2.0
v -1.0 6.669921 -2.002929
v -1.0 6.210937 -2.901367
v -0.330078 6.669921 -2.002929
v -0.894531 6.105468 -2.901367
v -0.789062 5.999999 -2.901367
v -0.789062 5.999999 -2.901367
v -0.894531 6.105468 -2.901367
v -1.0 5.999999 -3.0
v -1.0 6.210937 -2.901367
v -0.330078 5.999999 -2.002929
v -0.330078 6.669921 -2.002929
v -0.789062 5.999999 -2.901367
v 0.0 -15.2109375 -1.901367
v 0.0 -15.669921 -1.002929
v 5.0 -15.669921 -1.002929
v 5.0 -15.2109375 -1.901367
v 0.0 -15.999999 -1.0
v 5.0 -15.999999 -1.0
v 0.0 -15.2109375 -1.901367
v 5.0 -15.2109375 -1.901367
v 5.0 -14.999999 -2.0
v 0.0 -14.999999 -2.0
v 0.330078 -8.669921 -3.002929
v 0.330078 -7.999999 -3.002929
v 0.0 -7.999999 -3.0
v 0.0 -8.999999 -3.0
v 1.0 -8.669921 -3.002929
v 0.330078 -8.669921 -3.002929
v 0.0 -8.999999 -3.0
v 1.0 -8.999999 -3.0
v 1.0 -8.669921 -3.002929
v 1.0 -8.2109375 -3.901367
v 0.330078 -8.669921 -3.002929
v 0.894531 -8.105468 -3.901367
v 0.789062 -7.999999 -3.901367
v 0.789062 -7.999999 -3.901367
v 0.894531 -8.105468 -3.901367
v 1.0 -7.999999 -4.0
v 1.0 -8.2109375 -3.901367
v 0.330078 -7.999999 -3.002929
v 0.330078 -8.669921 -3.002929
v 0.789062 -7.999999 -3.901367
v 1.0 -7.999999 -4.0
v 1.0 -6.999999 -4.0
v 0.9375 -7.374999 -4.0
v 0.6875 -7.062499 -4.0
v 0.0 -6.999999 -4.0
v 0.6875 -7.062499 -4.0
v 0.0 -6.999999 -4.0
v 0.0 -7.210937 -3.901367
v 0.5 -7.249999 -3.901367
v 1.0 -7.999999 -4.0
v 0.9375 -7.374999 -4.0
v 0.75 -7.562499 -3.901367
v 0.789062 -7.999999 -3.901367
v 0.789062 -7.999999 -3.901367
v 0.75 -7.562499 -3.901367
v 0.330078 -7.999999 -3.002929
v 0.5 -7.249999 -3.901367
v 0.0 -7.669921 -3.002929
v 0.0 -7.210937 -3.901367
v 0.0 -7.669921 -3.002929
v 0.0 -7.999999 -3.0
v 0.330078 -7.999999 -3.002929
v 8.0 0.0 -3.999999
v 0.0 0.0 -3.999999
v 8.0 -3.0 -3.999999
v 0.0 -3.0 -3.999999
v 7.0 5.210937 -2.901367
v 7.0 5.669921 -2.002929
v 0.0 5.669921 -2.002929
v 0.0 5.210937 -2.901367
v 7.0 5.999999 -2.0
v 0.0 5.999999 -2.0
v 7.0 5.210937 -2.901367
v 0.0 5.210937 -2.901367
v 0.0 4.999999 -3.0
v 7.0 4.999999 -3.0
v 8.0 7.0 -1.999999
v 0.0 7.0 -1.999999
v 8.0 6.0 -1.999999
v 0.0 6.0 -1.999999
v 1.0 -8.2109375 -3.901367
v 1.0 -8.669921 -3.002929
v 6.0 -8.669921 -3.002929
v 6.0 -8.2109375 -3.901367
v 1.0 -8.999999 -3.0
v 6.0 -8.999999 -3.0
v 1.0 -8.2109375 -3.901367
v 6.0 -8.2109375 -3.901367
v 6.0 -7.999999 -4.0
v 1.0 -7.999999 -4.0
v 6.0 -7.0 -3.999999
v 1.0 -7.0 -3.999999
v 6.0 -8.0 -3.999999
v 1.0 -8.0 -3.999999
v 9.0 10.210937 -1.901367
v 9.0 10.669921 -1.002929
v 1.0 10.669921 -1.002929
v 1.0 10.210937 -1.901367
v 9.0 10.999999 -1.0
v 1.0 10.999999 -1.0
v 9.0 10.210937 -1.901367
v 1.0 10.210937 -1.901367
v 1.0 9.999999 -2.0
v 9.0 9.999999 -2.0
v 9.0 12.0 -1.0
v 1.0 12.0 -1.0
v 1.0 11.0 -1.0
v 9.0 11.0 -1.0
v 4.0 1.0 -3.999999
v 2.0 1.0 -3.999999
v 4.0 0.0 -3.999999
v 2.0 0.0 -3.999999
v 11.0 -9.0 -2.999999
v 3.0 -9.0 -2.999999
v 11.0 -12.0 -2.999999
v 3.0 -12.0 -2.999999
v 9.0 -13.0 -1.999999
v 4.0 -13.0 -1.999999
v 9.0 -14.0 -1.999999
v 4.0 -14.0 -1.999999
v 4.0 -12.2109375 -2.901367
v 4.0 -12.669921 -2.002929
v 9.0 -12.669921 -2.002929
v 9.0 -12.2109375 -2.901367
v 4.0 -12.999999 -2.0
v 9.0 -12.999999 -2.0
v 4.0 -12.2109375 -2.901367
v 9.0 -12.2109375 -2.901367
v 9.0 -11.999999 -3.0
v 4.0 -11.999999 -3.0
v 4.0 0.999999 -4.0
v 4.0 -1.013279E-6 -4.0
v 4.0625 0.374999 -4.0
v 4.3125 0.062498987 -4.0
v 5.0 -1.013279E-6 -4.0
v 4.3125 0.062498987 -4.0
v 5.0 -1.013279E-6 -4.0
v 5.0 0.210937 -3.901367
v 4.5 0.24999899 -3.901367
v 4.0 0.999999 -4.0
v 4.0625 0.374999 -4.0
v 4.25 0.562499 -3.901367
v 4.210938 0.999999 -3.901367
v 4.210938 0.999999 -3.901367
v 4.25 0.562499 -3.901367
v 4.669922 0.999999 -3.002929
v 4.5 0.24999899 -3.901367
v 5.0 0.669921 -3.002929
v 5.0 0.210937 -3.901367
v 5.0 0.669921 -3.002929
v 5.0 0.999999 -3.0
v 4.669922 0.999999 -3.002929
v 4.669922 1.669921 -3.002929
v 4.669922 0.99999905 -3.002929
v 5.0 0.99999905 -3.0
v 5.0 1.999999 -3.0
v 4.0 1.669921 -3.002929
v 4.669922 1.669921 -3.002929
v 5.0 1.999999 -3.0
v 4.0 1.999999 -3.0
v 4.0 1.669921 -3.002929
v 4.0 1.210937 -3.901367
v 4.669922 1.669921 -3.002929
v 4.1054688 1.105468 -3.901367
v 4.210938 0.99999905 -3.901367
v 4.210938 0.99999905 -3.901367
v 4.1054688 1.105468 -3.901367
v 4.0 0.99999905 -4.0
v 4.0 1.210937 -3.901367
v 4.669922 0.99999905 -3.002929
v 4.669922 1.669921 -3.002929
v 4.210938 0.99999905 -3.901367
v 11.0 4.0 -2.999999
v 4.0 4.0 -2.999999
v 11.0 3.0 -2.999999
v 4.0 3.0 -2.999999
v 7.0 5.0 -2.999999
v 4.0 5.0 -2.999999
v 7.0 4.0 -2.999999
v 4.0 4.0 -2.999999
v 6.0 -15.999999 -2.0
v 6.0 -14.999999 -2.0
v 5.9375 -15.374999 -2.0
v 5.6875 -15.062499 -2.0
v 5.0 -14.999999 -2.0
v 5.6875 -15.062499 -2.0
v 5.0 -14.999999 -2.0
v 5.0 -15.2109375 -1.901367
v 5.5 -15.249999 -1.901367
v 6.0 -15.999999 -2.0
v 5.9375 -15.374999 -2.0
v 5.75 -15.562499 -1.901367
v 5.789062 -15.999999 -1.901367
v 5.789062 -15.999999 -1.901367
v 5.75 -15.562499 -1.901367
v 5.330078 -15.999999 -1.002929
v 5.5 -15.249999 -1.901367
v 5.0 -15.669921 -1.002929
v 5.0 -15.2109375 -1.901367
v 5.0 -15.669921 -1.002929
v 5.0 -15.999999 -1.0
v 5.330078 -15.999999 -1.002929
v 8.0 0.210937 -3.901367
v 8.0 0.669921 -3.002929
v 5.0 0.669921 -3.002929
v 5.0 0.210937 -3.901367
v 8.0 0.999999 -3.0
v 5.0 0.999999 -3.0
v 8.0 0.210937 -3.901367
v 5.0 0.210937 -3.901367
v 5.0 -1.013279E-6 -4.0
v 8.0 -1.013279E-6 -4.0
v 11.0 2.0 -2.999999
v 5.0 2.0 -2.999999
v 11.0 1.0 -2.999999
v 5.0 1.0 -2.999999
v 13.0 10.0 -1.999999
v 5.0 10.0 -1.999999
v 13.0 7.0 -1.999999
v 5.0 7.0 -1.999999
v 13.0 -15.0 -1.999999
v 6.0 -15.0 -1.999999
v 13.0 -16.0 -1.999999
v 6.0 -16.0 -1.999999
v 6.669921 -8.669922 -3.002929
v 5.999999 -8.669922 -3.002929
v 5.999999 -9.0 -3.0
v 6.999999 -9.0 -3.0
v 6.669921 -8.0 -3.002929
v 6.669921 -8.669922 -3.002929
v 6.999999 -9.0 -3.0
v 6.999999 -8.0 -3.0
v 6.669921 -8.0 -3.002929
v 6.210937 -8.0 -3.901367
v 6.669921 -8.669922 -3.002929
v 6.105468 -8.105469 -3.901367
v 5.999999 -8.2109375 -3.901367
v 5.999999 -8.2109375 -3.901367
v 6.105468 -8.105469 -3.901367
v 5.999999 -8.0 -4.0
v 6.210937 -8.0 -3.901367
v 5.999999 -8.669922 -3.002929
v 6.669921 -8.669922 -3.002929
v 5.999999 -8.2109375 -3.901367
v 6.210937 -8.0 -3.901367
v 6.669921 -8.0 -3.002929
v 6.669921 -7.0 -3.002929
v 6.210937 -7.0 -3.901367
v 6.999999 -8.0 -3.0
v 6.999999 -7.0 -3.0
v 6.210937 -8.0 -3.901367
v 6.210937 -7.0 -3.901367
v 5.999999 -7.0 -4.0
v 5.999999 -8.0 -4.0
v 6.999999 -6.0 -4.0
v 5.999999 -6.0 -4.0
v 6.374999 -6.0625 -4.0
v 6.062499 -6.3125 -4.0
v 5.999999 -7.0 -4.0
v 6.062499 -6.3125 -4.0
v 5.999999 -7.0 -4.0
v 6.210937 -7.0 -3.901367
v 6.249999 -6.5 -3.901367
v 6.999999 -6.0 -4.0
v 6.374999 -6.0625 -4.0
v 6.562499 -6.25 -3.901367
v 6.999999 -6.210938 -3.901367
v 6.999999 -6.210938 -3.901367
v 6.562499 -6.25 -3.901367
v 6.999999 -6.669922 -3.002929
v 6.249999 -6.5 -3.901367
v 6.669921 -7.0 -3.002929
v 6.210937 -7.0 -3.901367
v 6.669921 -7.0 -3.002929
v 6.999999 -7.0 -3.0
v 6.999999 -6.669922 -3.002929
v 7.0 -5.0 -3.999999
v 6.0 -5.0 -3.999999
v 7.0 -6.0 -3.999999
v 6.0 -6.0 -3.999999
v 11.0 3.0 -2.999999
v 6.0 3.0 -2.999999
v 11.0 2.0 -2.999999
v 6.0 2.0 -2.999999
v 13.0 -14.0 -1.999999
v 7.0 -14.0 -1.999999
v 13.0 -15.0 -1.999999
v 7.0 -15.0 -1.999999
v 12.0 -7.0 -2.999999
v 7.0 -7.0 -2.999999
v 12.0 -9.0 -2.999999
v 7.0 -9.0 -2.999999
v 7.669921 -6.669922 -3.002929
v 6.999999 -6.669922 -3.002929
v 6.999999 -7.0 -3.0
v 7.999999 -7.0 -3.0
v 7.669921 -6.0 -3.002929
v 7.669921 -6.669922 -3.002929
v 7.999999 -7.0 -3.0
v 7.999999 -6.0 -3.0
v 7.669921 -6.0 -3.002929
v 7.210937 -6.0 -3.901367
v 7.669921 -6.669922 -3.002929
v 7.105468 -6.1054688 -3.901367
v 6.999999 -6.210938 -3.901367
v 6.999999 -6.210938 -3.901367
v 7.105468 -6.1054688 -3.901367
v 6.999999 -6.0 -4.0
v 7.210937 -6.0 -3.901367
v 6.999999 -6.669922 -3.002929
v 7.669921 -6.669922 -3.002929
v 6.999999 -6.210938 -3.901367
v 7.210937 -6.0 -3.901367
v 7.669921 -6.0 -3.002929
v 7.669921 -4.0 -3.002929
v 7.210937 -4.0 -3.901367
v 7.999999 -6.0 -3.0
v 7.999999 -4.0 -3.0
v 7.210937 -6.0 -3.901367
v 7.210937 -4.0 -3.901367
v 6.999999 -4.0 -4.0
v 6.999999 -6.0 -4.0
v 7.999999 -3.0 -4.0
v 6.999999 -3.0 -4.0
v 7.374999 -3.0625 -4.0
v 7.062499 -3.3125 -4.0
v 6.999999 -4.0 -4.0
v 7.062499 -3.3125 -4.0
v 6.999999 -4.0 -4.0
v 7.210937 -4.0 -3.901367
v 7.249999 -3.5 -3.901367
v 7.999999 -3.0 -4.0
v 7.374999 -3.0625 -4.0
v 7.562499 -3.25 -3.901367
v 7.999999 -3.210938 -3.901367
v 7.999999 -3.210938 -3.901367
v 7.562499 -3.25 -3.901367
v 7.999999 -3.6699219 -3.002929
v 7.249999 -3.5 -3.901367
v 7.669921 -4.0 -3.002929
v 7.210937 -4.0 -3.901367
v 7.669921 -4.0 -3.002929
v 7.999999 -4.0 -3.0
v 7.999999 -3.6699219 -3.002929
v 7.0 4.999999 -3.0
v 7.0 3.999999 -3.0
v 7.0625 4.374999 -3.0
v 7.3125 4.062499 -3.0
v 8.0 3.999999 -3.0
v 7.3125 4.062499 -3.0
v 8.0 3.999999 -3.0
v 8.0 4.210937 -2.901367
v 7.5 4.249999 -2.901367
v 7.0 4.999999 -3.0
v 7.0625 4.374999 -3.0
v 7.25 4.562499 -2.901367
v 7.210938 4.999999 -2.901367
v 7.210938 4.999999 -2.901367
v 7.25 4.562499 -2.901367
v 7.669922 4.999999 -2.002929
v 7.5 4.249999 -2.901367
v 8.0 4.669921 -2.002929
v 8.0 4.210937 -2.901367
v 8.0 4.669921 -2.002929
v 8.0 4.999999 -2.0
v 7.669922 4.999999 -2.002929
v 7.669922 5.669921 -2.002929
v 7.669922 4.999999 -2.002929
v 8.0 4.999999 -2.0
v 8.0 5.999999 -2.0
v 7.0 5.669921 -2.002929
v 7.669922 5.669921 -2.002929
v 8.0 5.999999 -2.0
v 7.0 5.999999 -2.0
v 7.0 5.669921 -2.002929
v 7.0 5.210937 -2.901367
v 7.669922 5.669921 -2.002929
v 7.1054688 5.105468 -2.901367
v 7.210938 4.999999 -2.901367
v 7.210938 4.999999 -2.901367
v 7.1054688 5.105468 -2.901367
v 7.0 4.999999 -3.0
v 7.0 5.210937 -2.901367
v 7.669922 4.999999 -2.002929
v 7.669922 5.669921 -2.002929
v 7.210938 4.999999 -2.901367
v 13.0 -4.0 -2.999999
v 8.0 -4.0 -2.999999
v 13.0 -7.0 -2.999999
v 8.0 -7.0 -2.999999
v 8.669921 -3.6699219 -3.002929
v 7.999999 -3.6699219 -3.002929
v 7.999999 -4.0 -3.0
v 8.999999 -4.0 -3.0
v 8.669921 -3.0 -3.002929
v 8.669921 -3.6699219 -3.002929
v 8.999999 -4.0 -3.0
v 8.999999 -3.0 -3.0
v 8.669921 -3.0 -3.002929
v 8.2109375 -3.0 -3.901367
v 8.669921 -3.6699219 -3.002929
v 8.105468 -3.105469 -3.901367
v 7.999999 -3.210938 -3.901367
v 7.999999 -3.210938 -3.901367
v 8.105468 -3.105469 -3.901367
v 7.999999 -3.0 -4.0
v 8.2109375 -3.0 -3.901367
v 7.999999 -3.6699219 -3.002929
v 8.669921 -3.6699219 -3.002929
v 7.999999 -3.210938 -3.901367
v 8.2109375 -3.0 -3.901367
v 8.669921 -3.0 -3.002929
v 8.669921 0.0 -3.002929
v 8.2109375 0.0 -3.901367
v 8.999999 -3.0 -3.0
v 8.999999 0.0 -3.0
v 8.2109375 -3.0 -3.901367
v 8.2109375 0.0 -3.901367
v 7.999999 0.0 -4.0
v 7.999999 -3.0 -4.0
v 8.669922 0.66992104 -3.002929
v 8.669922 -9.536743E-7 -3.002929
v 9.0 -9.536743E-7 -3.0
v 9.0 0.999999 -3.0
v 8.0 0.66992104 -3.002929
v 8.669922 0.66992104 -3.002929
v 9.0 0.999999 -3.0
v 8.0 0.999999 -3.0
v 8.0 0.66992104 -3.002929
v 8.0 0.21093702 -3.901367
v 8.669922 0.66992104 -3.002929
v 8.105469 0.105467975 -3.901367
v 8.2109375 -9.536743E-7 -3.901367
v 8.2109375 -9.536743E-7 -3.901367
v 8.105469 0.105467975 -3.901367
v 8.0 -9.536743E-7 -4.0
v 8.0 0.21093702 -3.901367
v 8.669922 -9.536743E-7 -3.002929
v 8.669922 0.66992104 -3.002929
v 8.2109375 -9.536743E-7 -3.901367
v 11.0 4.210937 -2.901367
v 11.0 4.669921 -2.002929
v 8.0 4.669921 -2.002929
v 8.0 4.210937 -2.901367
v 11.0 4.999999 -2.0
v 8.0 4.999999 -2.0
v 11.0 4.210937 -2.901367
v 8.0 4.210937 -2.901367
v 8.0 3.999999 -3.0
v 11.0 3.999999 -3.0
v 16.0 7.0 -1.999999
v 8.0 7.0 -1.999999
v 16.0 5.0 -1.999999
v 8.0 5.0 -1.999999
v 9.330078 -13.669921 -2.002929
v 9.330078 -12.999999 -2.002929
v 9.0 -12.999999 -2.0
v 9.0 -13.999999 -2.0
v 10.0 -13.669921 -2.002929
v 9.330078 -13.669921 -2.002929
v 9.0 -13.999999 -2.0
v 10.0 -13.999999 -2.0
v 10.0 -13.669921 -2.002929
v 10.0 -13.2109375 -2.901367
v 9.330078 -13.669921 -2.002929
v 9.894531 -13.105468 -2.901367
v 9.7890625 -12.999999 -2.901367
v 9.7890625 -12.999999 -2.901367
v 9.894531 -13.105468 -2.901367
v 10.0 -12.999999 -3.0
v 10.0 -13.2109375 -2.901367
v 9.330078 -12.999999 -2.002929
v 9.330078 -13.669921 -2.002929
v 9.7890625 -12.999999 -2.901367
v 10.0 -12.999999 -3.0
v 10.0 -11.999999 -3.0
v 9.9375 -12.374999 -3.0
v 9.6875 -12.062499 -3.0
v 9.0 -11.999999 -3.0
v 9.6875 -12.062499 -3.0
v 9.0 -11.999999 -3.0
v 9.0 -12.2109375 -2.901367
v 9.5 -12.249999 -2.901367
v 10.0 -12.999999 -3.0
v 9.9375 -12.374999 -3.0
v 9.75 -12.562499 -2.901367
v 9.7890625 -12.999999 -2.901367
v 9.7890625 -12.999999 -2.901367
v 9.75 -12.562499 -2.901367
v 9.330078 -12.999999 -2.002929
v 9.5 -12.249999 -2.901367
v 9.0 -12.669921 -2.002929
v 9.0 -12.2109375 -2.901367
v 9.0 -12.669921 -2.002929
v 9.0 -12.999999 -2.0
v 9.330078 -12.999999 -2.002929
v 13.0 1.0 -2.999999
v 9.0 1.0 -2.999999
v 13.0 -4.0 -2.999999
v 9.0 -4.0 -2.999999
v 13.0 10.210937 -1.901367
v 13.0 10.669921 -1.002929
v 9.0 10.669921 -1.002929
v 9.0 10.210937 -1.901367
v 13.0 10.999999 -1.0
v 9.0 10.999999 -1.0
v 13.0 10.210937 -1.901367
v 9.0 10.210937 -1.901367
v 9.0 9.999999 -2.0
v 13.0 9.999999 -2.0
v 15.0 12.0 -1.0
v 9.0 12.0 -1.0
v 9.0 11.0 -1.0
v 15.0 11.0 -1.0
v 10.0 -13.2109375 -2.901367
v 10.0 -13.669921 -2.002929
v 12.0 -13.669921 -2.002929
v 12.0 -13.2109375 -2.901367
v 10.0 -13.999999 -2.0
v 12.0 -13.999999 -2.0
v 10.0 -13.2109375 -2.901367
v 12.0 -13.2109375 -2.901367
v 12.0 -12.999999 -3.0
v 10.0 -12.999999 -3.0
v 12.0 -12.0 -2.999999
v 10.0 -12.0 -2.999999
v 12.0 -13.0 -2.999999
v 10.0 -13.0 -2.999999
v 12.0 -9.0 -2.999999
v 11.0 -9.0 -2.999999
v 12.0 -12.0 -2.999999
v 11.0 -12.0 -2.999999
v 11.0 1.999999 -3.0
v 11.0 0.999999 -3.0
v 11.0625 1.374999 -3.0
v 11.3125 1.062499 -3.0
v 12.0 0.999999 -3.0
v 11.3125 1.062499 -3.0
v 12.0 0.999999 -3.0
v 12.0 1.210937 -2.901367
v 11.5 1.249999 -2.901367
v 11.0 1.999999 -3.0
v 11.0625 1.374999 -3.0
v 11.25 1.562499 -2.901367
v 11.2109375 1.999999 -2.901367
v 11.2109375 1.999999 -2.901367
v 11.25 1.562499 -2.901367
v 11.669922 1.999999 -2.002929
v 11.5 1.249999 -2.901367
v 12.0 1.6699209 -2.002929
v 12.0 1.210937 -2.901367
v 12.0 1.6699209 -2.002929
v 12.0 1.999999 -2.0
v 11.669922 1.999999 -2.002929
v 11.2109375 2.0 -2.901367
v 11.669921 2.0 -2.002929
v 11.669921 4.0 -2.002929
v 11.2109375 4.0 -2.901367
v 11.999999 2.0 -2.0
v 11.999999 4.0 -2.0
v 11.2109375 2.0 -2.901367
v 11.2109375 4.0 -2.901367
v 10.999999 4.0 -3.0
v 10.999999 2.0 -3.0
v 11.669922 4.669921 -2.002929
v 11.669922 3.999999 -2.002929
v 12.0 3.999999 -2.0
v 12.0 4.999999 -2.0
v 11.0 4.669921 -2.002929
v 11.669922 4.669921 -2.002929
v 12.0 4.999999 -2.0
v 11.0 4.999999 -2.0
v 11.0 4.669921 -2.002929
v 11.0 4.210937 -2.901367
v 11.669922 4.669921 -2.002929
v 11.105469 4.105468 -2.901367
v 11.2109375 3.999999 -2.901367
v 11.2109375 3.999999 -2.901367
v 11.105469 4.105468 -2.901367
v 11.0 3.999999 -3.0
v 11.0 4.210937 -2.901367
v 11.669922 3.999999 -2.002929
v 11.669922 4.669921 -2.002929
v 11.2109375 3.999999 -2.901367
v 12.669921 -13.669922 -2.002929
v 11.999999 -13.669922 -2.002929
v 11.999999 -14.0 -2.0
v 12.999999 -14.0 -2.0
v 12.669921 -13.0 -2.002929
v 12.669921 -13.669922 -2.002929
v 12.999999 -14.0 -2.0
v 12.999999 -13.0 -2.0
v 12.669921 -13.0 -2.002929
v 12.2109375 -13.0 -2.901367
v 12.669921 -13.669922 -2.002929
v 12.105468 -13.105469 -2.901367
v 11.999999 -13.2109375 -2.901367
v 11.999999 -13.2109375 -2.901367
v 12.105468 -13.105469 -2.901367
v 11.999999 -13.0 -3.0
v 12.2109375 -13.0 -2.901367
v 11.999999 -13.669922 -2.002929
v 12.669921 -13.669922 -2.002929
v 11.999999 -13.2109375 -2.901367
v 12.2109375 -13.0 -2.901367
v 12.669921 -13.0 -2.002929
v 12.669921 -8.0 -2.002929
v 12.2109375 -8.0 -2.901367
v 12.999999 -13.0 -2.0
v 12.999999 -8.0 -2.0
v 12.2109375 -13.0 -2.901367
v 12.2109375 -8.0 -2.901367
v 11.999999 -8.0 -3.0
v 11.999999 -13.0 -3.0
v 12.999999 -7.0 -3.0
v 11.999999 -7.0 -3.0
v 12.374999 -7.0625 -3.0
v 12.062499 -7.3125 -3.0
v 11.999999 -8.0 -3.0
v 12.062499 -7.3125 -3.0
v 11.999999 -8.0 -3.0
v 12.210937 -8.0 -2.901367
v 12.249999 -7.5 -2.901367
v 12.999999 -7.0 -3.0
v 12.374999 -7.0625 -3.0
v 12.562499 -7.25 -2.901367
v 12.999999 -7.210938 -2.901367
v 12.999999 -7.210938 -2.901367
v 12.562499 -7.25 -2.901367
v 12.999999 -7.669922 -2.002929
v 12.249999 -7.5 -2.901367
v 12.669921 -8.0 -2.002929
v 12.210937 -8.0 -2.901367
v 12.669921 -8.0 -2.002929
v 12.999999 -8.0 -2.0
v 12.999999 -7.669922 -2.002929
v 13.0 1.210937 -2.901367
v 13.0 1.6699209 -2.002929
v 12.0 1.6699209 -2.002929
v 12.0 1.210937 -2.901367
v 13.0 1.999999 -2.0
v 12.0 1.999999 -2.0
v 13.0 1.210937 -2.901367
v 12.0 1.210937 -2.901367
v 12.0 0.999999 -3.0
v 13.0 0.999999 -3.0
v 16.0 5.0 -1.999999
v 12.0 5.0 -1.999999
v 16.0 2.0 -1.999999
v 12.0 2.0 -1.999999
v 13.2109375 -16.0 -1.901367
v 13.669921 -16.0 -1.002929
v 13.669921 -11.0 -1.002929
v 13.2109375 -11.0 -1.901367
v 13.999999 -16.0 -1.0
v 13.999999 -11.0 -1.0
v 13.2109375 -16.0 -1.901367
v 13.2109375 -11.0 -1.901367
v 12.999999 -11.0 -2.0
v 12.999999 -16.0 -2.0
v 13.999999 -10.0 -2.0
v 12.999999 -10.0 -2.0
v 13.374999 -10.0625 -2.0
v 13.062499 -10.3125 -2.0
v 12.999999 -11.0 -2.0
v 13.062499 -10.3125 -2.0
v 12.999999 -11.0 -2.0
v 13.210937 -11.0 -1.901367
v 13.249999 -10.5 -1.901367
v 13.999999 -10.0 -2.0
v 13.374999 -10.0625 -2.0
v 13.562499 -10.25 -1.901367
v 13.999999 -10.2109375 -1.901367
v 13.999999 -10.2109375 -1.901367
v 13.562499 -10.25 -1.901367
v 13.999999 -10.669922 -1.002929
v 13.249999 -10.5 -1.901367
v 13.669921 -11.0 -1.002929
v 13.210937 -11.0 -1.901367
v 13.669921 -11.0 -1.002929
v 13.999999 -11.0 -1.0
v 13.999999 -10.669922 -1.002929
v 16.0 -8.0 -1.999999
v 13.0 -8.0 -1.999999
v 16.0 -10.0 -1.999999
v 13.0 -10.0 -1.999999
v 13.669921 -7.669922 -2.002929
v 12.999999 -7.669922 -2.002929
v 12.999999 -8.0 -2.0
v 13.999999 -8.0 -2.0
v 13.669921 -7.0 -2.002929
v 13.669921 -7.669922 -2.002929
v 13.999999 -8.0 -2.0
v 13.999999 -7.0 -2.0
v 13.669921 -7.0 -2.002929
v 13.2109375 -7.0 -2.901367
v 13.669921 -7.669922 -2.002929
v 13.105468 -7.1054688 -2.901367
v 12.999999 -7.210938 -2.901367
v 12.999999 -7.210938 -2.901367
v 13.105468 -7.1054688 -2.901367
v 12.999999 -7.0 -3.0
v 13.2109375 -7.0 -2.901367
v 12.999999 -7.669922 -2.002929
v 13.669921 -7.669922 -2.002929
v 12.999999 -7.210938 -2.901367
v 13.2109375 -7.0 -2.901367
v 13.669921 -7.0 -2.002929
v 13.669921 1.0 -2.002929
v 13.2109375 1.0 -2.901367
v 13.999999 -7.0 -2.0
v 13.999999 1.0 -2.0
v 13.2109375 -7.0 -2.901367
v 13.2109375 1.0 -2.901367
v 12.999999 1.0 -3.0
v 12.999999 -7.0 -3.0
v 13.669922 1.669921 -2.002929
v 13.669922 0.99999905 -2.002929
v 14.0 0.99999905 -2.0
v 14.0 1.999999 -2.0
v 13.0 1.669921 -2.002929
v 13.669922 1.669921 -2.002929
v 14.0 1.999999 -2.0
v 13.0 1.999999 -2.0
v 13.0 1.669921 -2.002929
v 13.0 1.210937 -2.901367
v 13.669922 1.669921 -2.002929
v 13.105469 1.105468 -2.901367
v 13.2109375 0.99999905 -2.901367
v 13.2109375 0.99999905 -2.901367
v 13.105469 1.105468 -2.901367
v 13.0 0.99999905 -3.0
v 13.0 1.210937 -2.901367
v 13.669922 0.99999905 -2.002929
v 13.669922 1.669921 -2.002929
v 13.2109375 0.99999905 -2.901367
v 13.0 7.999999 -2.0
v 13.0 6.999999 -2.0
v 13.0625 7.374999 -2.0
v 13.3125 7.062499 -2.0
v 14.0 6.999999 -2.0
v 13.3125 7.062499 -2.0
v 14.0 6.999999 -2.0
v 14.0 7.210937 -1.901367
v 13.5 7.249999 -1.901367
v 13.0 7.999999 -2.0
v 13.0625 7.374999 -2.0
v 13.25 7.562499 -1.901367
v 13.2109375 7.999999 -1.901367
v 13.2109375 7.999999 -1.901367
v 13.25 7.562499 -1.901367
v 13.669922 7.999999 -1.002929
v 13.5 7.249999 -1.901367
v 14.0 7.669921 -1.002929
v 14.0 7.210937 -1.901367
v 14.0 7.669921 -1.002929
v 14.0 7.999999 -1.0
v 13.669922 7.999999 -1.002929
v 13.2109375 8.0 -1.901367
v 13.669921 8.0 -1.002929
v 13.669921 10.0 -1.002929
v 13.2109375 10.0 -1.901367
v 13.999999 8.0 -1.0
v 13.999999 10.0 -1.0
v 13.2109375 8.0 -1.901367
v 13.2109375 10.0 -1.901367
v 12.999999 10.0 -2.0
v 12.999999 8.0 -2.0
v 13.669922 10.669921 -1.002929
v 13.669922 9.999999 -1.002929
v 14.0 9.999999 -1.0
v 14.0 10.999999 -1.0
v 13.0 10.669921 -1.002929
v 13.669922 10.669921 -1.002929
v 14.0 10.999999 -1.0
v 13.0 10.999999 -1.0
v 13.0 10.669921 -1.002929
v 13.0 10.2109375 -1.901367
v 13.669922 10.669921 -1.002929
v 13.105469 10.105468 -1.901367
v 13.2109375 9.999999 -1.901367
v 13.2109375 9.999999 -1.901367
v 13.105469 10.105468 -1.901367
v 13.0 9.999999 -2.0
v 13.0 10.2109375 -1.901367
v 13.669922 9.999999 -1.002929
v 13.669922 10.669921 -1.002929
v 13.2109375 9.999999 -1.901367
v 15.0 -15.0 -2.0
v 14.0 -15.0 -2.0
v 14.0 -16.0 -2.0
v 15.0 -16.0 -2.0
v 15.0 -11.0 -1.999999
v 14.0 -11.0 -1.999999
v 15.0 -15.0 -1.999999
v 14.0 -15.0 -1.999999
v 14.0 -10.2109375 -1.901367
v 14.0 -10.669921 -1.002929
v 16.0 -10.669921 -1.002929
v 16.0 -10.2109375 -1.901367
v 14.0 -10.999999 -1.0
v 16.0 -10.999999 -1.0
v 14.0 -10.2109375 -1.901367
v 16.0 -10.2109375 -1.901367
v 16.0 -9.999999 -2.0
v 14.0 -9.999999 -2.0
v 16.0 0.0 -1.999999
v 14.0 0.0 -1.999999
v 16.0 -8.0 -1.999999
v 14.0 -8.0 -1.999999
v 16.0 2.0 -1.999999
v 14.0 2.0 -1.999999
v 16.0 0.0 -1.999999
v 14.0 0.0 -1.999999
v 16.0 7.210937 -1.901367
v 16.0 7.669921 -1.002929
v 14.0 7.669921 -1.002929
v 14.0 7.210937 -1.901367
v 16.0 7.999999 -1.0
v 14.0 7.999999 -1.0
v 16.0 7.210937 -1.901367
v 14.0 7.210937 -1.901367
v 14.0 6.999999 -2.0
v 16.0 6.999999 -2.0
v 15.0 11.0 -1.0
v 14.0 11.0 -1.0
v 14.0 8.0 -1.0
v 15.0 8.0 -1.0
v 16.0 -11.0 -2.0
v 15.0 -11.0 -2.0
v 15.0 -12.0 -2.0
v 16.0 -12.0 -2.0
v 16.0 9.0 -1.0
v 15.0 9.0 -1.0
v 15.0 8.0 -1.0
v 16.0 8.0 -1.0
v -8.0 -16.000008 -0.6875
v -8.0 -7.9999924 -0.687499
v -16.0 -7.9999924 -0.687499
v -16.0 -16.000008 -0.6875
v -8.0 -8.000008 -0.6875
v -8.0 7.6293945E-6 -0.687499
v -16.0 7.6293945E-6 -0.687499
v -16.0 -8.000008 -0.6875
v -8.0 -8.106232E-6 -0.6875
v -8.0 8.000008 -0.687499
v -16.0 8.000008 -0.687499
v -16.0 -8.106232E-6 -0.6875
v -8.0 7.999992 -0.6875
v -8.0 16.000008 -0.687499
v -16.0 16.000008 -0.687499
v -16.0 7.999992 -0.6875
v 0.0 -16.000008 -0.6875
v 0.0 -7.9999924 -0.687499
v -8.0 -7.9999924 -0.687499
v -8.0 -16.000008 -0.6875
v 0.0 -8.000008 -0.6875
v 0.0 7.6293945E-6 -0.687499
v -8.0 7.6293945E-6 -0.687499
v -8.0 -8.000008 -0.6875
v 0.0 -8.106232E-6 -0.6875
v 0.0 8.000008 -0.687499
v -8.0 8.000008 -0.687499
v -8.0 -8.106232E-6 -0.6875
v 0.0 7.999992 -0.6875
v 0.0 16.000008 -0.687499
v -8.0 16.000008 -0.687499
v -8.0 7.999992 -0.6875
v 8.0 -16.000008 -0.6875
v 8.0 -7.9999924 -0.687499
v 0.0 -7.9999924 -0.687499
v 0.0 -16.000008 -0.6875
v 8.0 -8.000008 -0.6875
v 8.0 7.6293945E-6 -0.687499
v 0.0 7.6293945E-6 -0.687499
v 0.0 -8.000008 -0.6875
v 8.0 -8.106232E-6 -0.6875
v 8.0 8.000008 -0.687499
v 0.0 8.000008 -0.687499
v 0.0 -8.106232E-6 -0.6875
v 8.0 7.999992 -0.6875
v 8.0 16.000008 -0.687499
v 0.0 16.000008 -0.687499
v 0.0 7.999992 -0.6875
v 16.0 -16.000008 -0.6875
v 16.0 -7.9999924 -0.687499
v 8.0 -7.9999924 -0.687499
v 8.0 -16.000008 -0.6875
v 16.0 -8.000008 -0.6875
v 16.0 7.6293945E-6 -0.687499
v 8.0 7.6293945E-6 -0.687499
v 8.0 -8.000008 -0.6875
v 16.0 -8.106232E-6 -0.6875
v 16.0 8.000008 -0.687499
v 8.0 8.000008 -0.687499
v 8.0 -8.106232E-6 -0.6875
v 16.0 7.999992 -0.6875
v 16.0 16.000008 -0.687499
v 8.0 16.000008 -0.687499
v 8.0 7.999992 -0.6875
vt -1.5 -1.0
vt -1.5 -1.0
vt 0.5 -1.0
vt 0.5 -1.0
vt -0.5 0.0
vt -1.5 -1.0
vt 0.5 -1.0
vt 0.5 -1.0
vt -1.5 -1.0
vt -1.5 -1.0
vt -0.5 1.0
vt 1.0 1.0
vt 2.0 0.03125
vt -0.5 0.03125
vt 0.0 1.0
vt 1.5 1.0
vt 1.5 0.03125
vt -1.0 0.03125
vt 1.0 -0.34375
vt 2.0 -0.375
vt 1.0 -0.125
vt 3.0 -0.125
vt 3.0 0.0
vt 1.0 0.0
vt 1.0 -0.125
vt 3.0 -0.125
vt 3.0 -0.125
vt 2.0 -0.375
vt 3.0 -0.34375
vt 0.0 0.0
vt 0.0 -1.0
vt 2.0 -1.0
vt 2.0 0.0
vt 0.0 -1.0
vt 2.0 -1.0
vt 2.0 0.03125
vt 0.0 0.03125
vt 0.0 1.0
vt 2.0 1.0
vt 2.0 0.65625
vt 2.0 0.875
vt 0.0 0.875
vt 0.0 0.65625
vt 2.0 -0.125
vt 2.0 0.0
vt 0.0 0.0
vt 0.0 -0.125
vt 0.0 0.0
vt 0.0 -1.0
vt 8.0 -1.0
vt 8.0 0.0
vt 0.0 -1.0
vt 8.0 -1.0
vt 8.0 0.03125
vt 0.0 0.03125
vt 0.0 1.0
vt 8.0 1.0
vt 8.0 0.65625
vt 8.0 0.875
vt 0.0 0.875
vt 0.0 0.65625
vt 8.0 -0.125
vt 8.0 0.0
vt 0.0 0.0
vt 0.0 -0.125
vt 0.0 2.0
vt 0.0 0.0
vt 8.0 0.0
vt 8.0 2.0
vt 0.0 0.0
vt 0.0 -1.0
vt 8.0 -1.0
vt 8.0 0.0
vt 0.0 -1.0
vt 8.0 -1.0
vt 8.0 0.03125
vt 0.0 0.03125
vt 0.0 1.0
vt 8.0 1.0
vt 8.0 0.65625
vt 8.0 0.875
vt 0.0 0.875
vt 0.0 0.65625
vt 8.0 -0.125
vt 8.0 0.0
vt 0.0 0.0
vt 0.0 -0.125
vt 0.0 2.0
vt 0.0 0.0
vt 8.0 0.0
vt 8.0 2.0
vt 0.0 0.0
vt 0.0 -1.0
vt 8.0 -1.0
vt 8.0 0.0
vt 0.0 -1.0
vt 8.0 -1.0
vt 8.0 0.03125
vt 0.0 0.03125
vt 0.0 1.0
vt 8.0 1.0
vt 8.0 0.65625
vt 8.0 0.875
vt 0.0 0.875
vt 0.0 0.65625
vt 8.0 -0.125
vt 8.0 0.0
vt 0.0 0.0
vt 0.0 -0.125
vt 0.0 2.0
vt 0.0 0.0
vt 8.0 0.0
vt 8.0 2.0
vt 0.0 0.0
vt 0.0 -1.0
vt 2.0 -1.0
vt 2.0 0.0
vt 0.0 -1.0
vt 2.0 -1.0
vt 2.0 0.03125
vt 0.0 0.03125
vt 0.0 1.0
vt 2.0 1.0
vt 2.0 0.65625
vt 2.0 0.875
vt 0.0 0.875
vt 0.0 0.65625
vt 2.0 -0.125
vt 2.0 0.0
vt 0.0 0.0
vt 0.0 -0.125
vt 0.0 2.0
vt 0.0 0.0
vt 4.0 0.0
vt 4.0 2.0
vt 0.0 0.0
vt 0.0 -1.0
vt 2.0 -1.0
vt 2.0 0.0
vt 0.0 -1.0
vt 2.0 -1.0
vt 2.0 0.03125
vt 0.0 0.03125
vt 0.0 1.0
vt 2.0 1.0
vt 2.0 0.65625
vt 2.0 0.875
vt 0.0 0.875
vt 0.0 0.65625
vt 2.0 -0.125
vt 2.0 0.0
vt 0.0 0.0
vt 0.0 -0.125
vt -1.5 -1.0
vt -1.5 -1.0
vt 0.5 -1.0
vt 0.5 -1.0
vt -0.5 0.0
vt -1.5 -1.0
vt 0.5 -1.0
vt 0.5 -1.0
vt -1.5 -1.0
vt -1.5 -1.0
vt -0.5 1.0
vt 1.0 1.0
vt 2.0 0.03125
vt -0.5 0.03125
vt 0.0 1.0
vt 1.5 1.0
vt 1.5 0.03125
vt -1.0 0.03125
vt 1.0 -0.34375
vt 2.0 -0.375
vt 1.0 -0.125
vt 3.0 -0.125
vt 3.0 0.0
vt 1.0 0.0
vt 1.0 -0.125
vt 3.0 -0.125
vt 3.0 -0.125
vt 2.0 -0.375
vt 3.0 -0.34375
vt -1.5 -1.0
vt -1.5 -1.0
vt 0.5 -1.0
vt 0.5 -1.0
vt -0.5 0.0
vt -1.5 -1.0
vt 0.5 -1.0
vt 0.5 -1.0
vt -1.5 -1.0
vt -1.5 -1.0
vt -0.5 1.0
vt 1.0 1.0
vt 2.0 0.03125
vt -0.5 0.03125
vt 0.0 1.0
vt 1.5 1.0
vt 1.5 0.03125
vt -1.0 0.03125
vt 1.0 -0.34375
vt 2.0 -0.375
vt 1.0 -0.125
vt 3.0 -0.125
vt 3.0 0.0
vt 1.0 0.0
vt 1.0 -0.125
vt 3.0 -0.125
vt 3.0 -0.125
vt 2.0 -0.375
vt 3.0 -0.34375
vt 1.0 -0.125
vt -1.0 0.0
vt -1.0 -0.125
vt 1.0 -0.34375
vt 1.0 -0.34375
vt 3.0 -0.34375
vt 1.0 -0.125
vt 3.0 -0.125
vt 1.0 0.0
vt 3.0 0.0
vt -1.0 -0.34375
vt 1.0 0.0
vt 1.0 0.0
vt -1.0 0.0
vt 1.0 -1.0
vt -1.0 -1.0
vt 1.0 -1.0
vt -1.0 -1.0
vt 1.0 0.0
vt -1.0 0.0
vt 1.0 -1.0
vt -1.0 -1.0
vt -1.0 -1.0
vt 1.0 -1.0
vt 0.0 -0.96875
vt 0.0 0.0
vt 1.0 0.0
vt 2.0 -0.96875
vt 1.0 0.0
vt 2.0 0.0
vt 0.9375 -6.365625
vt 0.070312 -6.365625
vt 0.070312 -6.453125
vt 0.9375 -6.453125
vt 0.5 -21.0
vt 0.5 -7.0
vt 0.0 -7.0
vt 0.0 -21.0
vt 0.75 -21.0
vt 1.0 -21.0
vt 1.0 -7.0
vt 0.75 -7.0
vt 0.9375 -6.365625
vt 0.070312 -6.365625
vt 0.070312 -6.453125
vt 0.9375 -6.453125
vt 0.5 -21.0
vt 0.5 -7.0
vt 0.0 -7.0
vt 0.0 -21.0
vt 0.75 -21.0
vt 1.0 -21.0
vt 1.0 -7.0
vt 0.75 -7.0
vt 0.015625 3.0
vt 0.015625 0.0
vt 0.5 0.0
vt 0.5 3.0
vt 0.980469 0.0
vt 0.980469 3.0
vt 0.015625 3.0
vt 0.5 3.0
vt 0.5 0.0
vt 0.015625 0.0
vt 0.5 3.0
vt 0.980469 3.0
vt 0.980469 0.0
vt 0.5 0.0
vt 0.982422 3.0
vt 0.982422 0.0
vt 0.021484 0.0
vt 0.021484 3.0
vt 0.96875 -3.0
vt 0.96875 -3.125
vt 0.527344 -3.125
vt 0.527344 -3.0
vt 0.527344 -4.8125
vt 0.527344 -4.5
vt 0.96875 -4.5
vt 0.96875 -4.8125
vt 0.550781 -0.203125
vt 0.019531 -0.203125
vt 0.019531 -0.328125
vt 0.550781 -0.328125
vt 0.527344 -4.5
vt 0.527344 -4.8125
vt 0.96875 -4.8125
vt 0.96875 -4.5
vt 0.978516 0.99609
vt 0.978516 1.48242
vt 0.5 1.48242
vt 0.5 0.99609
vt 0.5 0.5
vt 0.019531 0.5
vt 0.015625 -0.49609
vt 0.5 -0.49609
vt 0.5 0.5
vt 0.019531 0.5
vt 0.015625 -0.49609
vt 0.5 -0.49609
vt 0.976563 -2.5
vt 0.980469 -2.00391
vt 0.5 -2.00391
vt 0.5 -2.5
vt 0.015322 0.25391
vt 0.97626 0.25391
vt 0.97626 0.00391
vt 0.015322 0.00391
vt 3.0 0.0
vt 0.0 0.0
vt 0.0 -1.0
vt 3.0 -1.0
vt 3.0 0.0
vt 0.0 0.0
vt 0.0 -1.0
vt 3.0 -1.0
vt 3.0 0.0
vt 0.0 0.0
vt 0.0 -1.0
vt 3.0 -1.0
vt 1.0 0.0
vt 0.0 0.0
vt 0.0 -1.0
vt 1.0 -1.0
vt 1.0 0.0
vt 0.0 0.0
vt 0.0 -1.0
vt 1.0 -1.0
vt 1.0 0.0
vt 0.0 0.0
vt 0.0 -1.0
vt 1.0 -1.0
vt 2.0 0.0
vt 0.0 0.0
vt 0.0 -1.0
vt 2.0 -1.0
vt 2.0 0.0
vt 0.0 0.0
vt 0.0 -1.0
vt 2.0 -1.0
vt 2.0 0.0
vt 0.0 0.0
vt 0.0 -1.0
vt 2.0 -1.0
vt 4.0 0.0
vt 0.0 0.0
vt 0.0 -1.0
vt 4.0 -1.0
vt 4.0 0.0
vt 0.0 0.0
vt 0.0 -1.0
vt 4.0 -1.0
vt 4.0 0.0
vt 0.0 0.0
vt 0.0 -1.0
vt 4.0 -1.0
vt 5.0 0.0
vt 0.0 0.0
vt 0.0 -1.0
vt 5.0 -1.0
vt 5.0 0.0
vt 0.0 0.0
vt 0.0 -1.0
vt 5.0 -1.0
vt 5.0 0.0
vt 0.0 0.0
vt 0.0 -1.0
vt 5.0 -1.0
vt 4.0 0.0
vt 0.0 0.0
vt 0.0 -1.0
vt 4.0 -1.0
vt 4.0 0.0
vt 0.0 0.0
vt 0.0 -1.0
vt 4.0 -1.0
vt 4.0 0.0
vt 0.0 0.0
vt 0.0 -1.0
vt 4.0 -1.0
vt 6.0 0.0
vt 0.0 0.0
vt 0.0 -1.0
vt 6.0 -1.0
vt 6.0 0.0
vt 0.0 0.0
vt 0.0 -1.0
vt 6.0 -1.0
vt 6.0 0.0
vt 0.0 0.0
vt 0.0 -1.0
vt 6.0 -1.0
vt 3.0 0.0
vt 0.0 0.0
vt 0.0 -1.0
vt 3.0 -1.0
vt 3.0 0.0
vt 0.0 0.0
vt 0.0 -1.0
vt 3.0 -1.0
vt 3.0 0.0
vt 0.0 0.0
vt 0.0 -1.0
vt 3.0 -1.0
vt 2.0 0.0
vt 0.0 0.0
vt 0.0 -1.0
vt 2.0 -1.0
vt 2.0 0.0
vt 0.0 0.0
vt 0.0 -1.0
vt 2.0 -1.0
vt 2.0 0.0
vt 0.0 0.0
vt 0.0 -1.0
vt 2.0 -1.0
vt 5.0 0.0
vt 0.0 0.0
vt 0.0 -1.0
vt 5.0 -1.0
vt 5.0 0.0
vt 0.0 0.0
vt 0.0 -1.0
vt 5.0 -1.0
vt 5.0 0.0
vt 0.0 0.0
vt 0.0 -1.0
vt 5.0 -1.0
vt 3.0 0.0
vt 0.0 0.0
vt 0.0 -1.0
vt 3.0 -1.0
vt 3.0 0.0
vt 0.0 0.0
vt 0.0 -1.0
vt 3.0 -1.0
vt 3.0 0.0
vt 0.0 0.0
vt 0.0 -1.0
vt 3.0 -1.0
vt 5.0 0.0
vt 0.0 0.0
vt 0.0 -1.0
vt 5.0 -1.0
vt 5.0 0.0
vt 0.0 0.0
vt 0.0 -1.0
vt 5.0 -1.0
vt 5.0 0.0
vt 0.0 0.0
vt 0.0 -1.0
vt 5.0 -1.0
vt 1.0 0.0
vt 0.0 0.0
vt 0.0 -1.0
vt 1.0 -1.0
vt 1.0 0.0
vt 0.0 0.0
vt 0.0 -1.0
vt 1.0 -1.0
vt 1.0 0.0
vt 0.0 0.0
vt 0.0 -1.0
vt 1.0 -1.0
vt 2.0 0.0
vt 0.0 0.0
vt 0.0 -1.0
vt 2.0 -1.0
vt 2.0 0.0
vt 0.0 0.0
vt 0.0 -1.0
vt 2.0 -1.0
vt 2.0 0.0
vt 0.0 0.0
vt 0.0 -1.0
vt 2.0 -1.0
vt 2.0 0.0
vt 0.0 0.0
vt 0.0 -1.0
vt 2.0 -1.0
vt 2.0 0.0
vt 0.0 0.0
vt 0.0 -1.0
vt 2.0 -1.0
vt 2.0 0.0
vt 0.0 0.0
vt 0.0 -1.0
vt 2.0 -1.0
vt 3.0 0.0
vt 0.0 0.0
vt 0.0 -1.0
vt 3.0 -1.0
vt 3.0 0.0
vt 0.0 0.0
vt 0.0 -1.0
vt 3.0 -1.0
vt 3.0 0.0
vt 0.0 0.0
vt 0.0 -1.0
vt 3.0 -1.0
vt 2.0 0.0
vt 0.0 0.0
vt 0.0 -1.0
vt 2.0 -1.0
vt 2.0 0.0
vt 0.0 0.0
vt 0.0 -1.0
vt 2.0 -1.0
vt 2.0 0.0
vt 0.0 0.0
vt 0.0 -1.0
vt 2.0 -1.0
vt 3.0 0.0
vt 0.0 0.0
vt 0.0 -1.0
vt 3.0 -1.0
vt 3.0 0.0
vt 0.0 0.0
vt 0.0 -1.0
vt 3.0 -1.0
vt 3.0 0.0
vt 0.0 0.0
vt 0.0 -1.0
vt 3.0 -1.0
vt 1.0 0.0
vt 0.0 0.0
vt 0.0 -2.0
vt 1.0 -2.0
vt 1.0 0.0
vt 0.0 0.0
vt 0.0 -2.0
vt 1.0 -2.0
vt 1.0 0.0
vt 0.0 0.0
vt 0.0 -2.0
vt 1.0 -2.0
vt 3.0 0.0
vt 0.0 0.0
vt 0.0 -1.0
vt 3.0 -1.0
vt 3.0 0.0
vt 0.0 0.0
vt 0.0 -1.0
vt 3.0 -1.0
vt 3.0 0.0
vt 0.0 0.0
vt 0.0 -1.0
vt 3.0 -1.0
vt 1.0 0.0
vt 0.0 0.0
vt 0.0 -1.0
vt 1.0 -1.0
vt 1.0 0.0
vt 0.0 0.0
vt 0.0 -1.0
vt 1.0 -1.0
vt 1.0 0.0
vt 0.0 0.0
vt 0.0 -1.0
vt 1.0 -1.0
vt 1.0 0.0
vt 0.0 0.0
vt 0.0 -1.0
vt 1.0 -1.0
vt 1.0 0.0
vt 0.0 0.0
vt 0.0 -1.0
vt 1.0 -1.0
vt 1.0 0.0
vt 0.0 0.0
vt 0.0 -1.0
vt 1.0 -1.0
vt 1.0 0.0
vt 0.0 0.0
vt 0.0 -2.0
vt 1.0 -2.0
vt 1.0 0.0
vt 0.0 0.0
vt 0.0 -2.0
vt 1.0 -2.0
vt 1.0 0.0
vt 0.0 0.0
vt 0.0 -2.0
vt 1.0 -2.0
vt 1.0 0.0
vt 0.0 0.0
vt 0.0 -1.0
vt 1.0 -1.0
vt 1.0 0.0
vt 0.0 0.0
vt 0.0 -1.0
vt 1.0 -1.0
vt 1.0 0.0
vt 0.0 0.0
vt 0.0 -1.0
vt 1.0 -1.0
vt 0.53125 -0.71875
vt 0.3125 -0.71875
vt 0.3125 -0.28125
vt 0.53125 -0.28125
vt 0.53125 -0.03125
vt 0.3125 -0.03125
vt 0.3125 -0.25
vt 0.53125 -0.25
vt 0.53125 -0.71875
vt 0.3125 -0.71875
vt 0.3125 -0.28125
vt 0.53125 -0.28125
vt 0.53125 -0.71875
vt 0.3125 -0.71875
vt 0.3125 -0.28125
vt 0.53125 -0.28125
vt 4.0 0.0
vt 0.0 0.0
vt 0.0 -1.0
vt 4.0 -1.0
vt 4.0 0.0
vt 0.0 0.0
vt 0.0 -1.0
vt 4.0 -1.0
vt 4.0 0.0
vt 0.0 0.0
vt 0.0 -1.0
vt 4.0 -1.0
vt 2.0 0.0
vt 0.0 0.0
vt 0.0 -1.0
vt 2.0 -1.0
vt 2.0 0.0
vt 0.0 0.0
vt 0.0 -1.0
vt 2.0 -1.0
vt 2.0 0.0
vt 0.0 0.0
vt 0.0 -1.0
vt 2.0 -1.0
vt 4.0 0.0
vt 0.0 0.0
vt 0.0 -1.0
vt 4.0 -1.0
vt 4.0 0.0
vt 0.0 0.0
vt 0.0 -1.0
vt 4.0 -1.0
vt 4.0 0.0
vt 0.0 0.0
vt 0.0 -1.0
vt 4.0 -1.0
vt 2.0 0.0
vt 0.0 0.0
vt 0.0 -1.0
vt 2.0 -1.0
vt 2.0 0.0
vt 0.0 0.0
vt 0.0 -1.0
vt 2.0 -1.0
vt 2.0 0.0
vt 0.0 0.0
vt 0.0 -1.0
vt 2.0 -1.0
vt 0.53125 -0.71875
vt 0.3125 -0.71875
vt 0.3125 -0.28125
vt 0.53125 -0.28125
vt 0.53125 -0.03125
vt 0.3125 -0.03125
vt 0.3125 -0.25
vt 0.53125 -0.25
vt 0.53125 -0.71875
vt 0.3125 -0.71875
vt 0.3125 -0.28125
vt 0.53125 -0.28125
vt 0.53125 -0.71875
vt 0.3125 -0.71875
vt 0.3125 -0.28125
vt 0.53125 -0.28125
vt 1.0 0.0
vt 0.0 0.0
vt 0.0 -2.0
vt 1.0 -2.0
vt 1.0 0.0
vt 0.0 0.0
vt 0.0 -2.0
vt 1.0 -2.0
vt 1.0 0.0
vt 0.0 0.0
vt 0.0 -2.0
vt 1.0 -2.0
vt 1.0 0.0
vt 0.0 0.0
vt 0.0 -3.0
vt 1.0 -3.0
vt 1.0 0.0
vt 0.0 0.0
vt 0.0 -3.0
vt 1.0 -3.0
vt 1.0 0.0
vt 0.0 0.0
vt 0.0 -3.0
vt 1.0 -3.0
vt 7.0 0.0
vt 0.0 0.0
vt 0.0 -1.0
vt 7.0 -1.0
vt 7.0 0.0
vt 0.0 0.0
vt 0.0 -1.0
vt 7.0 -1.0
vt 7.0 0.0
vt 0.0 0.0
vt 0.0 -1.0
vt 7.0 -1.0
vt 1.0 0.0
vt 0.0 0.0
vt 0.0 -1.0
vt 1.0 -1.0
vt 1.0 0.0
vt 0.0 0.0
vt 0.0 -1.0
vt 1.0 -1.0
vt 1.0 0.0
vt 0.0 0.0
vt 0.0 -1.0
vt 1.0 -1.0
vt 6.0 0.0
vt 0.0 0.0
vt 0.0 -1.0
vt 6.0 -1.0
vt 6.0 0.0
vt 0.0 0.0
vt 0.0 -1.0
vt 6.0 -1.0
vt 6.0 0.0
vt 0.0 0.0
vt 0.0 -1.0
vt 6.0 -1.0
vt 4.0 0.0
vt 0.0 0.0
vt 0.0 -1.0
vt 4.0 -1.0
vt 4.0 0.0
vt 0.0 0.0
vt 0.0 -1.0
vt 4.0 -1.0
vt 4.0 0.0
vt 0.0 0.0
vt 0.0 -1.0
vt 4.0 -1.0
vt 5.0 0.0
vt 0.0 0.0
vt 0.0 -1.0
vt 5.0 -1.0
vt 5.0 0.0
vt 0.0 0.0
vt 0.0 -1.0
vt 5.0 -1.0
vt 5.0 0.0
vt 0.0 0.0
vt 0.0 -1.0
vt 5.0 -1.0
vt 1.0 0.0
vt 0.0 0.0
vt 0.0 -2.0
vt 1.0 -2.0
vt 1.0 0.0
vt 0.0 0.0
vt 0.0 -2.0
vt 1.0 -2.0
vt 1.0 0.0
vt 0.0 0.0
vt 0.0 -2.0
vt 1.0 -2.0
vt 2.0 0.0
vt 0.0 0.0
vt 0.0 -1.0
vt 2.0 -1.0
vt 2.0 0.0
vt 0.0 0.0
vt 0.0 -1.0
vt 2.0 -1.0
vt 2.0 0.0
vt 0.0 0.0
vt 0.0 -1.0
vt 2.0 -1.0
vt 2.0 0.0
vt 0.0 0.0
vt 0.0 -1.0
vt 2.0 -1.0
vt 2.0 0.0
vt 0.0 0.0
vt 0.0 -1.0
vt 2.0 -1.0
vt 2.0 0.0
vt 0.0 0.0
vt 0.0 -1.0
vt 2.0 -1.0
vt 2.0 0.0
vt 0.0 0.0
vt 0.0 -1.0
vt 2.0 -1.0
vt 2.0 0.0
vt 0.0 0.0
vt 0.0 -1.0
vt 2.0 -1.0
vt 2.0 0.0
vt 0.0 0.0
vt 0.0 -1.0
vt 2.0 -1.0
vt 2.0 0.0
vt 0.0 0.0
vt 0.0 -1.0
vt 2.0 -1.0
vt 2.0 0.0
vt 0.0 0.0
vt 0.0 -1.0
vt 2.0 -1.0
vt 2.0 0.0
vt 0.0 0.0
vt 0.0 -1.0
vt 2.0 -1.0
vt 3.0 0.0
vt 0.0 0.0
vt 0.0 -1.0
vt 3.0 -1.0
vt 3.0 0.0
vt 0.0 0.0
vt 0.0 -1.0
vt 3.0 -1.0
vt 3.0 0.0
vt 0.0 0.0
vt 0.0 -1.0
vt 3.0 -1.0
vt 7.0 0.0
vt 0.0 0.0
vt 0.0 -1.0
vt 7.0 -1.0
vt 7.0 0.0
vt 0.0 0.0
vt 0.0 -1.0
vt 7.0 -1.0
vt 7.0 0.0
vt 0.0 0.0
vt 0.0 -1.0
vt 7.0 -1.0
vt 1.0 0.0
vt 0.0 0.0
vt 0.0 -2.0
vt 1.0 -2.0
vt 1.0 0.0
vt 0.0 0.0
vt 0.0 -2.0
vt 1.0 -2.0
vt 1.0 0.0
vt 0.0 0.0
vt 0.0 -2.0
vt 1.0 -2.0
vt 5.0 0.0
vt 0.0 0.0
vt 0.0 -1.0
vt 5.0 -1.0
vt 5.0 0.0
vt 0.0 0.0
vt 0.0 -1.0
vt 5.0 -1.0
vt 5.0 0.0
vt 0.0 0.0
vt 0.0 -1.0
vt 5.0 -1.0
vt 6.0 0.0
vt 0.0 0.0
vt 0.0 -1.0
vt 6.0 -1.0
vt 6.0 0.0
vt 0.0 0.0
vt 0.0 -1.0
vt 6.0 -1.0
vt 6.0 0.0
vt 0.0 0.0
vt 0.0 -1.0
vt 6.0 -1.0
vt 1.0 0.0
vt 0.0 0.0
vt 0.0 -1.0
vt 1.0 -1.0
vt 1.0 0.0
vt 0.0 0.0
vt 0.0 -1.0
vt 1.0 -1.0
vt 1.0 0.0
vt 0.0 0.0
vt 0.0 -1.0
vt 1.0 -1.0
vt 1.0 0.0
vt 0.0 0.0
vt 0.0 -1.0
vt 1.0 -1.0
vt 1.0 0.0
vt 0.0 0.0
vt 0.0 -1.0
vt 1.0 -1.0
vt 1.0 0.0
vt 0.0 0.0
vt 0.0 -1.0
vt 1.0 -1.0
vt 1.0 0.0
vt 0.0 0.0
vt 0.0 -1.0
vt 1.0 -1.0
vt 1.0 0.0
vt 0.0 0.0
vt 0.0 -1.0
vt 1.0 -1.0
vt 1.0 0.0
vt 0.0 0.0
vt 0.0 -1.0
vt 1.0 -1.0
vt 1.0 0.0
vt 0.0 0.0
vt 0.0 -1.0
vt 1.0 -1.0
vt 1.0 0.0
vt 0.0 0.0
vt 0.0 -1.0
vt 1.0 -1.0
vt 1.0 0.0
vt 0.0 0.0
vt 0.0 -1.0
vt 1.0 -1.0
vt 2.0 0.0
vt 0.0 0.0
vt 0.0 -1.0
vt 2.0 -1.0
vt 2.0 0.0
vt 0.0 0.0
vt 0.0 -1.0
vt 2.0 -1.0
vt 2.0 0.0
vt 0.0 0.0
vt 0.0 -1.0
vt 2.0 -1.0
vt 2.0 0.0
vt 0.0 0.0
vt 0.0 -1.0
vt 2.0 -1.0
vt 2.0 0.0
vt 0.0 0.0
vt 0.0 -1.0
vt 2.0 -1.0
vt 2.0 0.0
vt 0.0 0.0
vt 0.0 -1.0
vt 2.0 -1.0
vt 2.0 0.0
vt 0.0 0.0
vt 0.0 -2.0
vt 2.0 -2.0
vt 2.0 0.0
vt 0.0 0.0
vt 0.0 -2.0
vt 2.0 -2.0
vt 2.0 0.0
vt 0.0 0.0
vt 0.0 -2.0
vt 2.0 -2.0
vt 2.0 0.0
vt 0.0 0.0
vt 0.0 -1.0
vt 2.0 -1.0
vt 2.0 0.0
vt 0.0 0.0
vt 0.0 -1.0
vt 2.0 -1.0
vt 2.0 0.0
vt 0.0 0.0
vt 0.0 -1.0
vt 2.0 -1.0
vt 1.0 0.0
vt 0.0 0.0
vt 0.0 -1.0
vt 1.0 -1.0
vt 1.0 0.0
vt 0.0 0.0
vt 0.0 -1.0
vt 1.0 -1.0
vt 1.0 0.0
vt 0.0 0.0
vt 0.0 -1.0
vt 1.0 -1.0
vt 1.0 0.0
vt 0.0 0.0
vt 0.0 -2.0
vt 1.0 -2.0
vt 1.0 0.0
vt 0.0 0.0
vt 0.0 -2.0
vt 1.0 -2.0
vt 1.0 0.0
vt 0.0 0.0
vt 0.0 -2.0
vt 1.0 -2.0
vt 2.0 0.0
vt 0.0 0.0
vt 0.0 -3.0
vt 2.0 -3.0
vt 2.0 0.0
vt 0.0 0.0
vt 0.0 -3.0
vt 2.0 -3.0
vt 2.0 0.0
vt 0.0 0.0
vt 0.0 -3.0
vt 2.0 -3.0
vt 1.0 0.0
vt 0.0 0.0
vt 0.0 -3.0
vt 1.0 -3.0
vt 1.0 0.0
vt 0.0 0.0
vt 0.0 -3.0
vt 1.0 -3.0
vt 1.0 0.0
vt 0.0 0.0
vt 0.0 -3.0
vt 1.0 -3.0
vt 0.0 2.0
vt 0.0 0.0
vt 7.0 0.0
vt 7.0 2.0
vt 1.5 -0.894531
vt 1.5 -0.597656
vt 0.0 -0.597656
vt 0.0 -0.894531
vt 1.5 -0.515625
vt 0.0 -0.515625
vt 1.5 -0.894531
vt 0.0 -0.894531
vt 0.0 -0.988281
vt 1.5 -0.988281
vt 0.0 4.0
vt 0.0 0.0
vt 3.0 0.0
vt 3.0 4.0
vt 3.5 -0.894531
vt 3.5 -0.597656
vt 0.0 -0.597656
vt 0.0 -0.894531
vt 3.5 -0.515625
vt 0.0 -0.515625
vt 3.5 -0.894531
vt 0.0 -0.894531
vt 0.0 -0.988281
vt 3.5 -0.988281
vt 0.0 2.0
vt 0.0 0.0
vt 7.0 0.0
vt 7.0 2.0
vt 2.5 -0.894531
vt 2.5 -0.597656
vt 0.0 -0.597656
vt 0.0 -0.894531
vt 2.5 -0.515625
vt 0.0 -0.515625
vt 2.5 -0.894531
vt 0.0 -0.894531
vt 0.0 -0.988281
vt 2.5 -0.988281
vt 0.0 3.0
vt 0.0 0.0
vt 5.0 0.0
vt 5.0 3.0
vt 4.0 -0.894531
vt 4.0 -0.597656
vt 0.0 -0.597656
vt 0.0 -0.894531
vt 4.0 -0.515625
vt 0.0 -0.515625
vt 4.0 -0.894531
vt 0.0 -0.894531
vt 0.0 -0.988281
vt 4.0 -0.988281
vt 0.0 2.0
vt 0.0 0.0
vt 8.0 0.0
vt 8.0 2.0
vt 2.0 -0.894531
vt 2.0 -0.597656
vt 0.0 -0.597656
vt 0.0 -0.894531
vt 2.0 -0.515625
vt 0.0 -0.515625
vt 2.0 -0.894531
vt 0.0 -0.894531
vt 0.0 -0.988281
vt 2.0 -0.988281
vt 0.0 3.0
vt 0.0 0.0
vt 4.0 0.0
vt 4.0 3.0
vt 2.5 -0.894531
vt 2.5 -0.597656
vt 0.0 -0.597656
vt 0.0 -0.894531
vt 2.5 -0.515625
vt 0.0 -0.515625
vt 2.5 -0.894531
vt 0.0 -0.894531
vt 0.0 -0.988281
vt 2.5 -0.988281
vt 0.0 4.0
vt 0.0 0.0
vt 5.0 0.0
vt 5.0 4.0
vt 0.841797 -0.986328
vt 0.998047 -0.986328
vt 0.966797 -0.892578
vt 0.841797 -0.892578
vt 0.498047 -0.986328
vt 0.654297 -0.986328
vt 0.654297 -0.892578
vt 0.529297 -0.892578
vt -0.470703 -1.392578
vt -0.345703 -1.392578
vt -0.345703 -1.105469
vt -0.158203 -1.392578
vt -0.158203 -1.105469
vt -0.033203 -1.392578
vt -0.158203 -0.609375
vt -0.251953 -0.515625
vt -0.345703 -0.609375
vt 1.0 0.5
vt 1.0 0.0
vt 1.03125 0.1875
vt 1.15625 0.03125
vt 1.5 0.0
vt 2.5 -0.894531
vt 2.5 -0.597656
vt 0.0 -0.597656
vt 0.0 -0.894531
vt 2.5 -0.515625
vt 0.0 -0.515625
vt 2.5 -0.894531
vt 0.0 -0.894531
vt 0.0 -0.988281
vt 2.5 -0.988281
vt 4.0 -0.894531
vt 4.0 -0.597656
vt 0.0 -0.597656
vt 0.0 -0.894531
vt 4.0 -0.515625
vt 0.0 -0.515625
vt 4.0 -0.894531
vt 0.0 -0.894531
vt 0.0 -0.988281
vt 4.0 -0.988281
vt 4.5 14.0
vt 0.5 14.0
vt 0.5 13.5
vt 4.5 13.5
vt 1.0 16.0
vt 0.5 16.0
vt 0.5 14.0
vt 1.0 14.0
vt 0.753906 -0.599609
vt 1.0 -0.599609
vt 1.0 -0.513672
vt 0.5 -0.513672
vt 1.0 -0.599609
vt 1.279297 -0.599609
vt 1.5 -0.513672
vt 1.0 -0.513672
vt 0.4375 -0.59375
vt 0.4375 -0.890625
vt 0.285156 -0.59375
vt 0.285156 -0.890625
vt 0.4375 -0.890625
vt 0.4375 -0.394531
vt 0.285156 -0.394531
vt 0.285156 -0.486328
vt 0.4375 -0.394531
vt 0.4375 -0.59375
vt 0.285156 -0.59375
vt 0.4375 -0.890625
vt 0.841797 -0.986328
vt 0.998047 -0.986328
vt 0.966797 -0.892578
vt 0.841797 -0.892578
vt 0.498047 -0.986328
vt 0.654297 -0.986328
vt 0.654297 -0.892578
vt 0.529297 -0.892578
vt -0.470703 -1.392578
vt -0.345703 -1.392578
vt -0.345703 -1.105469
vt -0.158203 -1.392578
vt -0.158203 -1.105469
vt -0.033203 -1.392578
vt -0.158203 -0.609375
vt -0.251953 -0.515625
vt -0.345703 -0.609375
vt 1.0 0.5
vt 1.0 0.0
vt 1.03125 0.1875
vt 1.15625 0.03125
vt 1.5 0.0
vt 0.0 3.0
vt 0.0 0.0
vt 8.0 0.0
vt 8.0 3.0
vt 0.0 1.0
vt 0.0 0.0
vt 8.0 0.0
vt 8.0 1.0
vt 4.0 -0.894531
vt 4.0 -0.597656
vt 0.0 -0.597656
vt 0.0 -0.894531
vt 4.0 -0.515625
vt 0.0 -0.515625
vt 4.0 -0.894531
vt 0.0 -0.894531
vt 0.0 -0.988281
vt 4.0 -0.988281
vt 0.841797 -0.986328
vt 0.998047 -0.986328
vt 0.966797 -0.892578
vt 0.841797 -0.892578
vt 0.498047 -0.986328
vt 0.654297 -0.986328
vt 0.654297 -0.892578
vt 0.529297 -0.892578
vt -0.470703 -1.392578
vt -0.345703 -1.392578
vt -0.345703 -1.105469
vt -0.158203 -1.392578
vt -0.158203 -1.105469
vt -0.033203 -1.392578
vt -0.158203 -0.609375
vt -0.251953 -0.515625
vt -0.345703 -0.609375
vt 1.0 0.5
vt 1.0 0.0
vt 1.03125 0.1875
vt 1.15625 0.03125
vt 1.5 0.0
vt 0.753906 -0.599609
vt 1.0 -0.599609
vt 1.0 -0.513672
vt 0.5 -0.513672
vt 1.0 -0.599609
vt 1.279297 -0.599609
vt 1.5 -0.513672
vt 1.0 -0.513672
vt 0.4375 -0.59375
vt 0.4375 -0.890625
vt 0.285156 -0.59375
vt 0.285156 -0.890625
vt 0.4375 -0.890625
vt 0.4375 -0.394531
vt 0.285156 -0.394531
vt 0.285156 -0.486328
vt 0.4375 -0.394531
vt 0.4375 -0.59375
vt 0.285156 -0.59375
vt 0.4375 -0.890625
vt 0.0 2.0
vt 0.0 0.0
vt 8.0 0.0
vt 8.0 2.0
vt 0.753906 -0.599609
vt 1.0 -0.599609
vt 1.0 -0.513672
vt 0.5 -0.513672
vt 1.0 -0.599609
vt 1.279297 -0.599609
vt 1.5 -0.513672
vt 1.0 -0.513672
vt 0.4375 -0.59375
vt 0.4375 -0.890625
vt 0.285156 -0.59375
vt 0.285156 -0.890625
vt 0.4375 -0.890625
vt 0.4375 -0.394531
vt 0.285156 -0.394531
vt 0.285156 -0.486328
vt 0.4375 -0.394531
vt 0.4375 -0.59375
vt 0.285156 -0.59375
vt 0.4375 -0.890625
vt 0.841797 -0.986328
vt 0.998047 -0.986328
vt 0.966797 -0.892578
vt 0.841797 -0.892578
vt 0.498047 -0.986328
vt 0.654297 -0.986328
vt 0.654297 -0.892578
vt 0.529297 -0.892578
vt -0.470703 -1.392578
vt -0.345703 -1.392578
vt -0.345703 -1.105469
vt -0.158203 -1.392578
vt -0.158203 -1.105469
vt -0.033203 -1.392578
vt -0.158203 -0.609375
vt -0.251953 -0.515625
vt -0.345703 -0.609375
vt 1.0 0.5
vt 1.0 0.0
vt 1.03125 0.1875
vt 1.15625 0.03125
vt 1.5 0.0
vt 0.0 2.0
vt 0.0 0.0
vt 8.0 0.0
vt 8.0 2.0
vt 0.0 1.0
vt 0.0 0.0
vt 8.0 0.0
vt 8.0 1.0
vt 4.0 -0.894531
vt 4.0 -0.597656
vt 0.0 -0.597656
vt 0.0 -0.894531
vt 4.0 -0.515625
vt 0.0 -0.515625
vt 4.0 -0.894531
vt 0.0 -0.894531
vt 0.0 -0.988281
vt 4.0 -0.988281
vt 0.841797 -0.986328
vt 0.998047 -0.986328
vt 0.966797 -0.892578
vt 0.841797 -0.892578
vt 0.498047 -0.986328
vt 0.654297 -0.986328
vt 0.654297 -0.892578
vt 0.529297 -0.892578
vt -0.470703 -1.392578
vt -0.345703 -1.392578
vt -0.345703 -1.105469
vt -0.158203 -1.392578
vt -0.158203 -1.105469
vt -0.033203 -1.392578
vt -0.158203 -0.609375
vt -0.251953 -0.515625
vt -0.345703 -0.609375
vt 1.0 0.5
vt 1.0 0.0
vt 1.03125 0.1875
vt 1.15625 0.03125
vt 1.5 0.0
vt 0.753906 -0.599609
vt 1.0 -0.599609
vt 1.0 -0.513672
vt 0.5 -0.513672
vt 1.0 -0.599609
vt 1.279297 -0.599609
vt 1.5 -0.513672
vt 1.0 -0.513672
vt 0.4375 -0.59375
vt 0.4375 -0.890625
vt 0.285156 -0.59375
vt 0.285156 -0.890625
vt 0.4375 -0.890625
vt 0.4375 -0.394531
vt 0.285156 -0.394531
vt 0.285156 -0.486328
vt 0.4375 -0.394531
vt 0.4375 -0.59375
vt 0.285156 -0.59375
vt 0.4375 -0.890625
vt 0.0 3.0
vt 0.0 0.0
vt 8.0 0.0
vt 8.0 3.0
vt 0.0 1.0
vt 0.0 0.0
vt 8.0 0.0
vt 8.0 1.0
vt 4.0 -0.894531
vt 4.0 -0.597656
vt 0.0 -0.597656
vt 0.0 -0.894531
vt 4.0 -0.515625
vt 0.0 -0.515625
vt 4.0 -0.894531
vt 0.0 -0.894531
vt 0.0 -0.988281
vt 4.0 -0.988281
vt 0.0 1.0
vt 0.0 0.0
vt 8.0 0.0
vt 8.0 1.0
vt 4.0 -0.894531
vt 4.0 -0.597656
vt 0.0 -0.597656
vt 0.0 -0.894531
vt 4.0 -0.515625
vt 0.0 -0.515625
vt 4.0 -0.894531
vt 0.0 -0.894531
vt 0.0 -0.988281
vt 4.0 -0.988281
vt 0.841797 -0.986328
vt 0.998047 -0.986328
vt 0.966797 -0.892578
vt 0.841797 -0.892578
vt 0.498047 -0.986328
vt 0.654297 -0.986328
vt 0.654297 -0.892578
vt 0.529297 -0.892578
vt -0.470703 -1.392578
vt -0.345703 -1.392578
vt -0.345703 -1.105469
vt -0.158203 -1.392578
vt -0.158203 -1.105469
vt -0.033203 -1.392578
vt -0.158203 -0.609375
vt -0.251953 -0.515625
vt -0.345703 -0.609375
vt 1.0 0.5
vt 1.0 0.0
vt 1.03125 0.1875
vt 1.15625 0.03125
vt 1.5 0.0
vt 0.0 1.0
vt 0.0 0.0
vt 8.0 0.0
vt 8.0 1.0
vt 0.753906 -0.599609
vt 1.0 -0.599609
vt 1.0 -0.513672
vt 0.5 -0.513672
vt 1.0 -0.599609
vt 1.279297 -0.599609
vt 1.5 -0.513672
vt 1.0 -0.513672
vt 0.4375 -0.59375
vt 0.4375 -0.890625
vt 0.285156 -0.59375
vt 0.285156 -0.890625
vt 0.4375 -0.890625
vt 0.4375 -0.394531
vt 0.285156 -0.394531
vt 0.285156 -0.486328
vt 0.4375 -0.394531
vt 0.4375 -0.59375
vt 0.285156 -0.59375
vt 0.4375 -0.890625
vt 0.841797 -0.986328
vt 0.998047 -0.986328
vt 0.966797 -0.892578
vt 0.841797 -0.892578
vt 0.498047 -0.986328
vt 0.654297 -0.986328
vt 0.654297 -0.892578
vt 0.529297 -0.892578
vt -0.470703 -1.392578
vt -0.345703 -1.392578
vt -0.345703 -1.105469
vt -0.158203 -1.392578
vt -0.158203 -1.105469
vt -0.033203 -1.392578
vt -0.158203 -0.609375
vt -0.251953 -0.515625
vt -0.345703 -0.609375
vt 1.0 0.5
vt 1.0 0.0
vt 1.03125 0.1875
vt 1.15625 0.03125
vt 1.5 0.0
vt 0.0 1.0
vt 0.0 0.0
vt 8.0 0.0
vt 8.0 1.0
vt 4.0 -0.894531
vt 4.0 -0.597656
vt 0.0 -0.597656
vt 0.0 -0.894531
vt 4.0 -0.515625
vt 0.0 -0.515625
vt 4.0 -0.894531
vt 0.0 -0.894531
vt 0.0 -0.988281
vt 4.0 -0.988281
vt 0.0 1.0
vt 0.0 0.0
vt 8.0 0.0
vt 8.0 1.0
vt 4.0 -0.894531
vt 4.0 -0.597656
vt 0.0 -0.597656
vt 0.0 -0.894531
vt 4.0 -0.515625
vt 0.0 -0.515625
vt 4.0 -0.894531
vt 0.0 -0.894531
vt 0.0 -0.988281
vt 4.0 -0.988281
vt 1.0 -0.894531
vt 1.0 -0.597656
vt 0.0 -0.597656
vt 0.0 -0.894531
vt 1.0 -0.515625
vt 0.0 -0.515625
vt 1.0 -0.894531
vt 0.0 -0.894531
vt 0.0 -0.988281
vt 1.0 -0.988281
vt 0.0 2.0
vt 0.0 0.0
vt 2.0 0.0
vt 2.0 2.0
vt 4.0 -0.894531
vt 4.0 -0.597656
vt 0.0 -0.597656
vt 0.0 -0.894531
vt 4.0 -0.515625
vt 0.0 -0.515625
vt 4.0 -0.894531
vt 0.0 -0.894531
vt 0.0 -0.988281
vt 4.0 -0.988281
vt 4.5 14.0
vt 8.5 13.5
vt 8.5 14.0
vt 4.5 13.5
vt 0.841797 -0.986328
vt 0.998047 -0.986328
vt 0.966797 -0.892578
vt 0.841797 -0.892578
vt 0.498047 -0.986328
vt 0.654297 -0.986328
vt 0.654297 -0.892578
vt 0.529297 -0.892578
vt -0.470703 -1.392578
vt -0.345703 -1.392578
vt -0.345703 -1.105469
vt -0.158203 -1.392578
vt -0.158203 -1.105469
vt -0.033203 -1.392578
vt -0.158203 -0.609375
vt -0.251953 -0.515625
vt -0.345703 -0.609375
vt 1.0 0.5
vt 1.0 0.0
vt 1.03125 0.1875
vt 1.15625 0.03125
vt 1.5 0.0
vt 0.753906 -0.599609
vt 1.0 -0.599609
vt 1.0 -0.513672
vt 0.5 -0.513672
vt 1.0 -0.599609
vt 1.279297 -0.599609
vt 1.5 -0.513672
vt 1.0 -0.513672
vt 0.4375 -0.59375
vt 0.4375 -0.890625
vt 0.285156 -0.59375
vt 0.285156 -0.890625
vt 0.4375 -0.890625
vt 0.4375 -0.394531
vt 0.285156 -0.394531
vt 0.285156 -0.486328
vt 0.4375 -0.394531
vt 0.4375 -0.59375
vt 0.285156 -0.59375
vt 0.4375 -0.890625
vt 0.0 1.0
vt 0.0 0.0
vt 8.0 0.0
vt 8.0 1.0
vt 0.0 3.0
vt 0.0 0.0
vt 8.0 0.0
vt 8.0 3.0
vt 0.0 1.0
vt 0.0 0.0
vt 4.0 0.0
vt 4.0 1.0
vt 2.0 -0.894531
vt 2.0 -0.597656
vt 0.0 -0.597656
vt 0.0 -0.894531
vt 2.0 -0.515625
vt 0.0 -0.515625
vt 2.0 -0.894531
vt 0.0 -0.894531
vt 0.0 -0.988281
vt 2.0 -0.988281
vt 0.0 1.0
vt 0.0 0.0
vt 8.0 0.0
vt 8.0 1.0
vt 4.0 -0.894531
vt 4.0 -0.597656
vt 0.0 -0.597656
vt 0.0 -0.894531
vt 4.0 -0.515625
vt 0.0 -0.515625
vt 4.0 -0.894531
vt 0.0 -0.894531
vt 0.0 -0.988281
vt 4.0 -0.988281
vt 0.0 2.0
vt 0.0 0.0
vt 8.0 0.0
vt 8.0 2.0
vt 0.0 2.0
vt 0.0 0.0
vt 1.0 0.0
vt 1.0 2.0
vt 0.841797 -0.986328
vt 0.998047 -0.986328
vt 0.966797 -0.892578
vt 0.841797 -0.892578
vt 0.498047 -0.986328
vt 0.654297 -0.986328
vt 0.654297 -0.892578
vt 0.529297 -0.892578
vt -0.470703 -1.392578
vt -0.345703 -1.392578
vt -0.345703 -1.105469
vt -0.158203 -1.392578
vt -0.158203 -1.105469
vt -0.033203 -1.392578
vt -0.158203 -0.609375
vt -0.251953 -0.515625
vt -0.345703 -0.609375
vt 1.0 0.5
vt 1.0 0.0
vt 1.03125 0.1875
vt 1.15625 0.03125
vt 1.5 0.0
vt 0.753906 -0.599609
vt 1.0 -0.599609
vt 1.0 -0.513672
vt 0.5 -0.513672
vt 1.0 -0.599609
vt 1.279297 -0.599609
vt 1.5 -0.513672
vt 1.0 -0.513672
vt 0.4375 -0.59375
vt 0.4375 -0.890625
vt 0.285156 -0.59375
vt 0.285156 -0.890625
vt 0.4375 -0.890625
vt 0.4375 -0.394531
vt 0.285156 -0.394531
vt 0.285156 -0.486328
vt 0.4375 -0.394531
vt 0.4375 -0.59375
vt 0.285156 -0.59375
vt 0.4375 -0.890625
vt 0.0 3.0
vt 0.0 0.0
vt 8.0 0.0
vt 8.0 3.0
vt 0.0 1.0
vt 0.0 0.0
vt 8.0 0.0
vt 8.0 1.0
vt 0.753906 -0.599609
vt 1.0 -0.599609
vt 1.0 -0.513672
vt 0.5 -0.513672
vt 1.0 -0.599609
vt 1.279297 -0.599609
vt 1.5 -0.513672
vt 1.0 -0.513672
vt 0.4375 -0.59375
vt 0.4375 -0.890625
vt 0.285156 -0.59375
vt 0.285156 -0.890625
vt 0.4375 -0.890625
vt 0.4375 -0.394531
vt 0.285156 -0.394531
vt 0.285156 -0.486328
vt 0.4375 -0.394531
vt 0.4375 -0.59375
vt 0.285156 -0.59375
vt 0.4375 -0.890625
vt 0.5 -0.894531
vt 0.5 -0.597656
vt 0.0 -0.597656
vt 0.0 -0.894531
vt 0.5 -0.515625
vt 0.0 -0.515625
vt 0.5 -0.894531
vt 0.0 -0.894531
vt 0.0 -0.988281
vt 0.5 -0.988281
vt 0.841797 -0.986328
vt 0.998047 -0.986328
vt 0.966797 -0.892578
vt 0.841797 -0.892578
vt 0.498047 -0.986328
vt 0.654297 -0.986328
vt 0.654297 -0.892578
vt 0.529297 -0.892578
vt -0.470703 -1.392578
vt -0.345703 -1.392578
vt -0.345703 -1.105469
vt -0.158203 -1.392578
vt -0.158203 -1.105469
vt -0.033203 -1.392578
vt -0.158203 -0.609375
vt -0.251953 -0.515625
vt -0.345703 -0.609375
vt 1.0 0.5
vt 1.0 0.0
vt 1.03125 0.1875
vt 1.15625 0.03125
vt 1.5 0.0
vt 3.0 -0.894531
vt 3.0 -0.597656
vt 0.0 -0.597656
vt 0.0 -0.894531
vt 3.0 -0.515625
vt 0.0 -0.515625
vt 3.0 -0.894531
vt 0.0 -0.894531
vt 0.0 -0.988281
vt 3.0 -0.988281
vt 0.0 1.0
vt 0.0 0.0
vt 8.0 0.0
vt 8.0 1.0
vt 0.0 1.0
vt 0.0 0.0
vt 1.0 0.0
vt 1.0 1.0
vt 0.5 -0.894531
vt 0.5 -0.597656
vt 0.0 -0.597656
vt 0.0 -0.894531
vt 0.5 -0.515625
vt 0.0 -0.515625
vt 0.5 -0.894531
vt 0.0 -0.894531
vt 0.0 -0.988281
vt 0.5 -0.988281
vt 0.0 1.0
vt 0.0 0.0
vt 8.0 0.0
vt 8.0 1.0
vt 0.0 1.0
vt 0.0 0.0
vt 7.0 0.0
vt 7.0 1.0
vt 0.0 2.0
vt 0.0 0.0
vt 8.0 0.0
vt 8.0 2.0
vt 0.753906 -0.599609
vt 1.0 -0.599609
vt 1.0 -0.513672
vt 0.5 -0.513672
vt 1.0 -0.599609
vt 1.279297 -0.599609
vt 1.5 -0.513672
vt 1.0 -0.513672
vt 0.4375 -0.59375
vt 0.4375 -0.890625
vt 0.285156 -0.59375
vt 0.285156 -0.890625
vt 0.4375 -0.890625
vt 0.4375 -0.394531
vt 0.285156 -0.394531
vt 0.285156 -0.486328
vt 0.4375 -0.394531
vt 0.4375 -0.59375
vt 0.285156 -0.59375
vt 0.4375 -0.890625
vt 0.5 -0.894531
vt 0.5 -0.597656
vt 0.0 -0.597656
vt 0.0 -0.894531
vt 0.5 -0.515625
vt 0.0 -0.515625
vt 0.5 -0.894531
vt 0.0 -0.894531
vt 0.0 -0.988281
vt 0.5 -0.988281
vt 0.753906 -0.599609
vt 1.0 -0.599609
vt 1.0 -0.513672
vt 0.5 -0.513672
vt 1.0 -0.599609
vt 1.279297 -0.599609
vt 1.5 -0.513672
vt 1.0 -0.513672
vt 0.4375 -0.59375
vt 0.4375 -0.890625
vt 0.285156 -0.59375
vt 0.285156 -0.890625
vt 0.4375 -0.890625
vt 0.4375 -0.394531
vt 0.285156 -0.394531
vt 0.285156 -0.486328
vt 0.4375 -0.394531
vt 0.4375 -0.59375
vt 0.285156 -0.59375
vt 0.4375 -0.890625
vt 0.841797 -0.986328
vt 0.998047 -0.986328
vt 0.966797 -0.892578
vt 0.841797 -0.892578
vt 0.498047 -0.986328
vt 0.654297 -0.986328
vt 0.654297 -0.892578
vt 0.529297 -0.892578
vt -0.470703 -1.392578
vt -0.345703 -1.392578
vt -0.345703 -1.105469
vt -0.158203 -1.392578
vt -0.158203 -1.105469
vt -0.033203 -1.392578
vt -0.158203 -0.609375
vt -0.251953 -0.515625
vt -0.345703 -0.609375
vt 1.0 0.5
vt 1.0 0.0
vt 1.03125 0.1875
vt 1.15625 0.03125
vt 1.5 0.0
vt 0.753906 -0.599609
vt 1.0 -0.599609
vt 1.0 -0.513672
vt 0.5 -0.513672
vt 1.0 -0.599609
vt 1.279297 -0.599609
vt 1.5 -0.513672
vt 1.0 -0.513672
vt 0.4375 -0.59375
vt 0.4375 -0.890625
vt 0.285156 -0.59375
vt 0.285156 -0.890625
vt 0.4375 -0.890625
vt 0.4375 -0.394531
vt 0.285156 -0.394531
vt 0.285156 -0.486328
vt 0.4375 -0.394531
vt 0.4375 -0.59375
vt 0.285156 -0.59375
vt 0.4375 -0.890625
vt 2.5 -0.894531
vt 2.5 -0.597656
vt 0.0 -0.597656
vt 0.0 -0.894531
vt 2.5 -0.515625
vt 0.0 -0.515625
vt 2.5 -0.894531
vt 0.0 -0.894531
vt 0.0 -0.988281
vt 2.5 -0.988281
vt 0.753906 -0.599609
vt 1.0 -0.599609
vt 1.0 -0.513672
vt 0.5 -0.513672
vt 1.0 -0.599609
vt 1.279297 -0.599609
vt 1.5 -0.513672
vt 1.0 -0.513672
vt 0.4375 -0.59375
vt 0.4375 -0.890625
vt 0.285156 -0.59375
vt 0.285156 -0.890625
vt 0.4375 -0.890625
vt 0.4375 -0.394531
vt 0.285156 -0.394531
vt 0.285156 -0.486328
vt 0.4375 -0.394531
vt 0.4375 -0.59375
vt 0.285156 -0.59375
vt 0.4375 -0.890625
vt 0.841797 -0.986328
vt 0.998047 -0.986328
vt 0.966797 -0.892578
vt 0.841797 -0.892578
vt 0.498047 -0.986328
vt 0.654297 -0.986328
vt 0.654297 -0.892578
vt 0.529297 -0.892578
vt -0.470703 -1.392578
vt -0.345703 -1.392578
vt -0.345703 -1.105469
vt -0.158203 -1.392578
vt -0.158203 -1.105469
vt -0.033203 -1.392578
vt -0.158203 -0.609375
vt -0.251953 -0.515625
vt -0.345703 -0.609375
vt 1.0 0.5
vt 1.0 0.0
vt 1.03125 0.1875
vt 1.15625 0.03125
vt 1.5 0.0
vt 0.0 3.0
vt 0.0 0.0
vt 8.0 0.0
vt 8.0 3.0
vt 3.5 -0.894531
vt 3.5 -0.597656
vt 0.0 -0.597656
vt 0.0 -0.894531
vt 3.5 -0.515625
vt 0.0 -0.515625
vt 3.5 -0.894531
vt 0.0 -0.894531
vt 0.0 -0.988281
vt 3.5 -0.988281
vt 0.0 1.0
vt 0.0 0.0
vt 8.0 0.0
vt 8.0 1.0
vt 2.5 -0.894531
vt 2.5 -0.597656
vt 0.0 -0.597656
vt 0.0 -0.894531
vt 2.5 -0.515625
vt 0.0 -0.515625
vt 2.5 -0.894531
vt 0.0 -0.894531
vt 0.0 -0.988281
vt 2.5 -0.988281
vt 0.0 1.0
vt 0.0 0.0
vt 5.0 0.0
vt 5.0 1.0
vt 4.0 -0.894531
vt 4.0 -0.597656
vt 0.0 -0.597656
vt 0.0 -0.894531
vt 4.0 -0.515625
vt 0.0 -0.515625
vt 4.0 -0.894531
vt 0.0 -0.894531
vt 0.0 -0.988281
vt 4.0 -0.988281
vt 8.5 13.5
vt 12.5 13.5
vt 12.5 14.0
vt 8.5 14.0
vt 0.0 1.0
vt 0.0 0.0
vt 2.0 0.0
vt 2.0 1.0
vt 0.0 3.0
vt 0.0 0.0
vt 8.0 0.0
vt 8.0 3.0
vt 0.0 1.0
vt 0.0 0.0
vt 5.0 0.0
vt 5.0 1.0
vt 2.5 -0.894531
vt 2.5 -0.597656
vt 0.0 -0.597656
vt 0.0 -0.894531
vt 2.5 -0.515625
vt 0.0 -0.515625
vt 2.5 -0.894531
vt 0.0 -0.894531
vt 0.0 -0.988281
vt 2.5 -0.988281
vt 0.841797 -0.986328
vt 0.998047 -0.986328
vt 0.966797 -0.892578
vt 0.841797 -0.892578
vt 0.498047 -0.986328
vt 0.654297 -0.986328
vt 0.654297 -0.892578
vt 0.529297 -0.892578
vt -0.470703 -1.392578
vt -0.345703 -1.392578
vt -0.345703 -1.105469
vt -0.158203 -1.392578
vt -0.158203 -1.105469
vt -0.033203 -1.392578
vt -0.158203 -0.609375
vt -0.251953 -0.515625
vt -0.345703 -0.609375
vt 1.0 0.5
vt 1.0 0.0
vt 1.03125 0.1875
vt 1.15625 0.03125
vt 1.5 0.0
vt 0.753906 -0.599609
vt 1.0 -0.599609
vt 1.0 -0.513672
vt 0.5 -0.513672
vt 1.0 -0.599609
vt 1.279297 -0.599609
vt 1.5 -0.513672
vt 1.0 -0.513672
vt 0.4375 -0.59375
vt 0.4375 -0.890625
vt 0.285156 -0.59375
vt 0.285156 -0.890625
vt 0.4375 -0.890625
vt 0.4375 -0.394531
vt 0.285156 -0.394531
vt 0.285156 -0.486328
vt 0.4375 -0.394531
vt 0.4375 -0.59375
vt 0.285156 -0.59375
vt 0.4375 -0.890625
vt 0.0 1.0
vt 0.0 0.0
vt 7.0 0.0
vt 7.0 1.0
vt 0.0 1.0
vt 0.0 0.0
vt 3.0 0.0
vt 3.0 1.0
vt 0.841797 -0.986328
vt 0.998047 -0.986328
vt 0.966797 -0.892578
vt 0.841797 -0.892578
vt 0.498047 -0.986328
vt 0.654297 -0.986328
vt 0.654297 -0.892578
vt 0.529297 -0.892578
vt -0.470703 -1.392578
vt -0.345703 -1.392578
vt -0.345703 -1.105469
vt -0.158203 -1.392578
vt -0.158203 -1.105469
vt -0.033203 -1.392578
vt -0.158203 -0.609375
vt -0.251953 -0.515625
vt -0.345703 -0.609375
vt 1.0 0.5
vt 1.0 0.0
vt 1.03125 0.1875
vt 1.15625 0.03125
vt 1.5 0.0
vt 1.5 -0.894531
vt 1.5 -0.597656
vt 0.0 -0.597656
vt 0.0 -0.894531
vt 1.5 -0.515625
vt 0.0 -0.515625
vt 1.5 -0.894531
vt 0.0 -0.894531
vt 0.0 -0.988281
vt 1.5 -0.988281
vt 0.0 1.0
vt 0.0 0.0
vt 6.0 0.0
vt 6.0 1.0
vt 0.0 3.0
vt 0.0 0.0
vt 8.0 0.0
vt 8.0 3.0
vt 0.0 1.0
vt 0.0 0.0
vt 7.0 0.0
vt 7.0 1.0
vt 0.753906 -0.599609
vt 1.0 -0.599609
vt 1.0 -0.513672
vt 0.5 -0.513672
vt 1.0 -0.599609
vt 1.279297 -0.599609
vt 1.5 -0.513672
vt 1.0 -0.513672
vt 0.4375 -0.59375
vt 0.4375 -0.890625
vt 0.285156 -0.59375
vt 0.285156 -0.890625
vt 0.4375 -0.890625
vt 0.4375 -0.394531
vt 0.285156 -0.394531
vt 0.285156 -0.486328
vt 0.4375 -0.394531
vt 0.4375 -0.59375
vt 0.285156 -0.59375
vt 0.4375 -0.890625
vt 0.5 -0.894531
vt 0.5 -0.597656
vt 0.0 -0.597656
vt 0.0 -0.894531
vt 0.5 -0.515625
vt 0.0 -0.515625
vt 0.5 -0.894531
vt 0.0 -0.894531
vt 0.0 -0.988281
vt 0.5 -0.988281
vt 0.841797 -0.986328
vt 0.998047 -0.986328
vt 0.966797 -0.892578
vt 0.841797 -0.892578
vt 0.498047 -0.986328
vt 0.654297 -0.986328
vt 0.654297 -0.892578
vt 0.529297 -0.892578
vt -0.470703 -1.392578
vt -0.345703 -1.392578
vt -0.345703 -1.105469
vt -0.158203 -1.392578
vt -0.158203 -1.105469
vt -0.033203 -1.392578
vt -0.158203 -0.609375
vt -0.251953 -0.515625
vt -0.345703 -0.609375
vt 1.0 0.5
vt 1.0 0.0
vt 1.03125 0.1875
vt 1.15625 0.03125
vt 1.5 0.0
vt 0.0 1.0
vt 0.0 0.0
vt 1.0 0.0
vt 1.0 1.0
vt 0.0 1.0
vt 0.0 0.0
vt 5.0 0.0
vt 5.0 1.0
vt 0.0 1.0
vt 0.0 0.0
vt 6.0 0.0
vt 6.0 1.0
vt 0.0 2.0
vt 0.0 0.0
vt 5.0 0.0
vt 5.0 2.0
vt 0.753906 -0.599609
vt 1.0 -0.599609
vt 1.0 -0.513672
vt 0.5 -0.513672
vt 1.0 -0.599609
vt 1.279297 -0.599609
vt 1.5 -0.513672
vt 1.0 -0.513672
vt 0.4375 -0.59375
vt 0.4375 -0.890625
vt 0.285156 -0.59375
vt 0.285156 -0.890625
vt 0.4375 -0.890625
vt 0.4375 -0.394531
vt 0.285156 -0.394531
vt 0.285156 -0.486328
vt 0.4375 -0.394531
vt 0.4375 -0.59375
vt 0.285156 -0.59375
vt 0.4375 -0.890625
vt 1.0 -0.894531
vt 1.0 -0.597656
vt 0.0 -0.597656
vt 0.0 -0.894531
vt 1.0 -0.515625
vt 0.0 -0.515625
vt 1.0 -0.894531
vt 0.0 -0.894531
vt 0.0 -0.988281
vt 1.0 -0.988281
vt 0.841797 -0.986328
vt 0.998047 -0.986328
vt 0.966797 -0.892578
vt 0.841797 -0.892578
vt 0.498047 -0.986328
vt 0.654297 -0.986328
vt 0.654297 -0.892578
vt 0.529297 -0.892578
vt -0.470703 -1.392578
vt -0.345703 -1.392578
vt -0.345703 -1.105469
vt -0.158203 -1.392578
vt -0.158203 -1.105469
vt -0.033203 -1.392578
vt -0.158203 -0.609375
vt -0.251953 -0.515625
vt -0.345703 -0.609375
vt 1.0 0.5
vt 1.0 0.0
vt 1.03125 0.1875
vt 1.15625 0.03125
vt 1.5 0.0
vt 0.841797 -0.986328
vt 0.998047 -0.986328
vt 0.966797 -0.892578
vt 0.841797 -0.892578
vt 0.498047 -0.986328
vt 0.654297 -0.986328
vt 0.654297 -0.892578
vt 0.529297 -0.892578
vt -0.470703 -1.392578
vt -0.345703 -1.392578
vt -0.345703 -1.105469
vt -0.158203 -1.392578
vt -0.158203 -1.105469
vt -0.033203 -1.392578
vt -0.158203 -0.609375
vt -0.251953 -0.515625
vt -0.345703 -0.609375
vt 1.0 0.5
vt 1.0 0.0
vt 1.03125 0.1875
vt 1.15625 0.03125
vt 1.5 0.0
vt 0.753906 -0.599609
vt 1.0 -0.599609
vt 1.0 -0.513672
vt 0.5 -0.513672
vt 1.0 -0.599609
vt 1.279297 -0.599609
vt 1.5 -0.513672
vt 1.0 -0.513672
vt 0.4375 -0.59375
vt 0.4375 -0.890625
vt 0.285156 -0.59375
vt 0.285156 -0.890625
vt 0.4375 -0.890625
vt 0.4375 -0.394531
vt 0.285156 -0.394531
vt 0.285156 -0.486328
vt 0.4375 -0.394531
vt 0.4375 -0.59375
vt 0.285156 -0.59375
vt 0.4375 -0.890625
vt 0.0 3.0
vt 0.0 0.0
vt 5.0 0.0
vt 5.0 3.0
vt 0.753906 -0.599609
vt 1.0 -0.599609
vt 1.0 -0.513672
vt 0.5 -0.513672
vt 1.0 -0.599609
vt 1.279297 -0.599609
vt 1.5 -0.513672
vt 1.0 -0.513672
vt 0.4375 -0.59375
vt 0.4375 -0.890625
vt 0.285156 -0.59375
vt 0.285156 -0.890625
vt 0.4375 -0.890625
vt 0.4375 -0.394531
vt 0.285156 -0.394531
vt 0.285156 -0.486328
vt 0.4375 -0.394531
vt 0.4375 -0.59375
vt 0.285156 -0.59375
vt 0.4375 -0.890625
vt 1.5 -0.894531
vt 1.5 -0.597656
vt 0.0 -0.597656
vt 0.0 -0.894531
vt 1.5 -0.515625
vt 0.0 -0.515625
vt 1.5 -0.894531
vt 0.0 -0.894531
vt 0.0 -0.988281
vt 1.5 -0.988281
vt 0.753906 -0.599609
vt 1.0 -0.599609
vt 1.0 -0.513672
vt 0.5 -0.513672
vt 1.0 -0.599609
vt 1.279297 -0.599609
vt 1.5 -0.513672
vt 1.0 -0.513672
vt 0.4375 -0.59375
vt 0.4375 -0.890625
vt 0.285156 -0.59375
vt 0.285156 -0.890625
vt 0.4375 -0.890625
vt 0.4375 -0.394531
vt 0.285156 -0.394531
vt 0.285156 -0.486328
vt 0.4375 -0.394531
vt 0.4375 -0.59375
vt 0.285156 -0.59375
vt 0.4375 -0.890625
vt 1.5 -0.894531
vt 1.5 -0.597656
vt 0.0 -0.597656
vt 0.0 -0.894531
vt 1.5 -0.515625
vt 0.0 -0.515625
vt 1.5 -0.894531
vt 0.0 -0.894531
vt 0.0 -0.988281
vt 1.5 -0.988281
vt 0.0 2.0
vt 0.0 0.0
vt 8.0 0.0
vt 8.0 2.0
vt 0.753906 -0.599609
vt 1.0 -0.599609
vt 1.0 -0.513672
vt 0.5 -0.513672
vt 1.0 -0.599609
vt 1.279297 -0.599609
vt 1.5 -0.513672
vt 1.0 -0.513672
vt 0.4375 -0.59375
vt 0.4375 -0.890625
vt 0.285156 -0.59375
vt 0.285156 -0.890625
vt 0.4375 -0.890625
vt 0.4375 -0.394531
vt 0.285156 -0.394531
vt 0.285156 -0.486328
vt 0.4375 -0.394531
vt 0.4375 -0.59375
vt 0.285156 -0.59375
vt 0.4375 -0.890625
vt 0.841797 -0.986328
vt 0.998047 -0.986328
vt 0.966797 -0.892578
vt 0.841797 -0.892578
vt 0.498047 -0.986328
vt 0.654297 -0.986328
vt 0.654297 -0.892578
vt 0.529297 -0.892578
vt -0.470703 -1.392578
vt -0.345703 -1.392578
vt -0.345703 -1.105469
vt -0.158203 -1.392578
vt -0.158203 -1.105469
vt -0.033203 -1.392578
vt -0.158203 -0.609375
vt -0.251953 -0.515625
vt -0.345703 -0.609375
vt 1.0 0.5
vt 1.0 0.0
vt 1.03125 0.1875
vt 1.15625 0.03125
vt 1.5 0.0
vt 0.0 5.0
vt 0.0 0.0
vt 4.0 0.0
vt 4.0 5.0
vt 2.0 -0.894531
vt 2.0 -0.597656
vt 0.0 -0.597656
vt 0.0 -0.894531
vt 2.0 -0.515625
vt 0.0 -0.515625
vt 2.0 -0.894531
vt 0.0 -0.894531
vt 0.0 -0.988281
vt 2.0 -0.988281
vt 12.5 13.5
vt 15.5 13.5
vt 15.5 14.0
vt 12.5 14.0
vt 1.0 -0.894531
vt 1.0 -0.597656
vt 0.0 -0.597656
vt 0.0 -0.894531
vt 1.0 -0.515625
vt 0.0 -0.515625
vt 1.0 -0.894531
vt 0.0 -0.894531
vt 0.0 -0.988281
vt 1.0 -0.988281
vt 0.0 1.0
vt 0.0 0.0
vt 2.0 0.0
vt 2.0 1.0
vt 0.0 3.0
vt 0.0 0.0
vt 1.0 0.0
vt 1.0 3.0
vt 0.841797 -0.986328
vt 0.998047 -0.986328
vt 0.966797 -0.892578
vt 0.841797 -0.892578
vt 0.498047 -0.986328
vt 0.654297 -0.986328
vt 0.654297 -0.892578
vt 0.529297 -0.892578
vt -0.470703 -1.392578
vt -0.345703 -1.392578
vt -0.345703 -1.105469
vt -0.158203 -1.392578
vt -0.158203 -1.105469
vt -0.033203 -1.392578
vt -0.158203 -0.609375
vt -0.251953 -0.515625
vt -0.345703 -0.609375
vt 1.0 0.5
vt 1.0 0.0
vt 1.03125 0.1875
vt 1.15625 0.03125
vt 1.5 0.0
vt 1.0 -0.894531
vt 1.0 -0.597656
vt 0.0 -0.597656
vt 0.0 -0.894531
vt 1.0 -0.515625
vt 0.0 -0.515625
vt 1.0 -0.894531
vt 0.0 -0.894531
vt 0.0 -0.988281
vt 1.0 -0.988281
vt 0.753906 -0.599609
vt 1.0 -0.599609
vt 1.0 -0.513672
vt 0.5 -0.513672
vt 1.0 -0.599609
vt 1.279297 -0.599609
vt 1.5 -0.513672
vt 1.0 -0.513672
vt 0.4375 -0.59375
vt 0.4375 -0.890625
vt 0.285156 -0.59375
vt 0.285156 -0.890625
vt 0.4375 -0.890625
vt 0.4375 -0.394531
vt 0.285156 -0.394531
vt 0.285156 -0.486328
vt 0.4375 -0.394531
vt 0.4375 -0.59375
vt 0.285156 -0.59375
vt 0.4375 -0.890625
vt 0.753906 -0.599609
vt 1.0 -0.599609
vt 1.0 -0.513672
vt 0.5 -0.513672
vt 1.0 -0.599609
vt 1.279297 -0.599609
vt 1.5 -0.513672
vt 1.0 -0.513672
vt 0.4375 -0.59375
vt 0.4375 -0.890625
vt 0.285156 -0.59375
vt 0.285156 -0.890625
vt 0.4375 -0.890625
vt 0.4375 -0.394531
vt 0.285156 -0.394531
vt 0.285156 -0.486328
vt 0.4375 -0.394531
vt 0.4375 -0.59375
vt 0.285156 -0.59375
vt 0.4375 -0.890625
vt 2.5 -0.894531
vt 2.5 -0.597656
vt 0.0 -0.597656
vt 0.0 -0.894531
vt 2.5 -0.515625
vt 0.0 -0.515625
vt 2.5 -0.894531
vt 0.0 -0.894531
vt 0.0 -0.988281
vt 2.5 -0.988281
vt 0.841797 -0.986328
vt 0.998047 -0.986328
vt 0.966797 -0.892578
vt 0.841797 -0.892578
vt 0.498047 -0.986328
vt 0.654297 -0.986328
vt 0.654297 -0.892578
vt 0.529297 -0.892578
vt -0.470703 -1.392578
vt -0.345703 -1.392578
vt -0.345703 -1.105469
vt -0.158203 -1.392578
vt -0.158203 -1.105469
vt -0.033203 -1.392578
vt -0.158203 -0.609375
vt -0.251953 -0.515625
vt -0.345703 -0.609375
vt 1.0 0.5
vt 1.0 0.0
vt 1.03125 0.1875
vt 1.15625 0.03125
vt 1.5 0.0
vt 0.5 -0.894531
vt 0.5 -0.597656
vt 0.0 -0.597656
vt 0.0 -0.894531
vt 0.5 -0.515625
vt 0.0 -0.515625
vt 0.5 -0.894531
vt 0.0 -0.894531
vt 0.0 -0.988281
vt 0.5 -0.988281
vt 0.0 3.0
vt 0.0 0.0
vt 4.0 0.0
vt 4.0 3.0
vt 2.5 -0.894531
vt 2.5 -0.597656
vt 0.0 -0.597656
vt 0.0 -0.894531
vt 2.5 -0.515625
vt 0.0 -0.515625
vt 2.5 -0.894531
vt 0.0 -0.894531
vt 0.0 -0.988281
vt 2.5 -0.988281
vt 0.841797 -0.986328
vt 0.998047 -0.986328
vt 0.966797 -0.892578
vt 0.841797 -0.892578
vt 0.498047 -0.986328
vt 0.654297 -0.986328
vt 0.654297 -0.892578
vt 0.529297 -0.892578
vt -0.470703 -1.392578
vt -0.345703 -1.392578
vt -0.345703 -1.105469
vt -0.158203 -1.392578
vt -0.158203 -1.105469
vt -0.033203 -1.392578
vt -0.158203 -0.609375
vt -0.251953 -0.515625
vt -0.345703 -0.609375
vt 1.0 0.5
vt 1.0 0.0
vt 1.03125 0.1875
vt 1.15625 0.03125
vt 1.5 0.0
vt 0.0 2.0
vt 0.0 0.0
vt 3.0 0.0
vt 3.0 2.0
vt 0.753906 -0.599609
vt 1.0 -0.599609
vt 1.0 -0.513672
vt 0.5 -0.513672
vt 1.0 -0.599609
vt 1.279297 -0.599609
vt 1.5 -0.513672
vt 1.0 -0.513672
vt 0.4375 -0.59375
vt 0.4375 -0.890625
vt 0.285156 -0.59375
vt 0.285156 -0.890625
vt 0.4375 -0.890625
vt 0.4375 -0.394531
vt 0.285156 -0.394531
vt 0.285156 -0.486328
vt 0.4375 -0.394531
vt 0.4375 -0.59375
vt 0.285156 -0.59375
vt 0.4375 -0.890625
vt 4.0 -0.894531
vt 4.0 -0.597656
vt 0.0 -0.597656
vt 0.0 -0.894531
vt 4.0 -0.515625
vt 0.0 -0.515625
vt 4.0 -0.894531
vt 0.0 -0.894531
vt 0.0 -0.988281
vt 4.0 -0.988281
vt 0.753906 -0.599609
vt 1.0 -0.599609
vt 1.0 -0.513672
vt 0.5 -0.513672
vt 1.0 -0.599609
vt 1.279297 -0.599609
vt 1.5 -0.513672
vt 1.0 -0.513672
vt 0.4375 -0.59375
vt 0.4375 -0.890625
vt 0.285156 -0.59375
vt 0.285156 -0.890625
vt 0.4375 -0.890625
vt 0.4375 -0.394531
vt 0.285156 -0.394531
vt 0.285156 -0.486328
vt 0.4375 -0.394531
vt 0.4375 -0.59375
vt 0.285156 -0.59375
vt 0.4375 -0.890625
vt 0.841797 -0.986328
vt 0.998047 -0.986328
vt 0.966797 -0.892578
vt 0.841797 -0.892578
vt 0.498047 -0.986328
vt 0.654297 -0.986328
vt 0.654297 -0.892578
vt 0.529297 -0.892578
vt -0.470703 -1.392578
vt -0.345703 -1.392578
vt -0.345703 -1.105469
vt -0.158203 -1.392578
vt -0.158203 -1.105469
vt -0.033203 -1.392578
vt -0.158203 -0.609375
vt -0.251953 -0.515625
vt -0.345703 -0.609375
vt 1.0 0.5
vt 1.0 0.0
vt 1.03125 0.1875
vt 1.15625 0.03125
vt 1.5 0.0
vt 1.0 -0.894531
vt 1.0 -0.597656
vt 0.0 -0.597656
vt 0.0 -0.894531
vt 1.0 -0.515625
vt 0.0 -0.515625
vt 1.0 -0.894531
vt 0.0 -0.894531
vt 0.0 -0.988281
vt 1.0 -0.988281
vt 0.753906 -0.599609
vt 1.0 -0.599609
vt 1.0 -0.513672
vt 0.5 -0.513672
vt 1.0 -0.599609
vt 1.279297 -0.599609
vt 1.5 -0.513672
vt 1.0 -0.513672
vt 0.4375 -0.59375
vt 0.4375 -0.890625
vt 0.285156 -0.59375
vt 0.285156 -0.890625
vt 0.4375 -0.890625
vt 0.4375 -0.394531
vt 0.285156 -0.394531
vt 0.285156 -0.486328
vt 0.4375 -0.394531
vt 0.4375 -0.59375
vt 0.285156 -0.59375
vt 0.4375 -0.890625
vt 15.0 0.5
vt 15.0 0.0
vt 15.5 0.5
vt 15.5 0.0
vt 0.0 4.0
vt 0.0 0.0
vt 1.0 0.0
vt 1.0 4.0
vt 1.0 -0.894531
vt 1.0 -0.597656
vt 0.0 -0.597656
vt 0.0 -0.894531
vt 1.0 -0.515625
vt 0.0 -0.515625
vt 1.0 -0.894531
vt 0.0 -0.894531
vt 0.0 -0.988281
vt 1.0 -0.988281
vt 0.0 8.0
vt 0.0 0.0
vt 2.0 0.0
vt 2.0 8.0
vt 0.0 2.0
vt 0.0 0.0
vt 2.0 0.0
vt 2.0 2.0
vt 1.0 -0.894531
vt 1.0 -0.597656
vt 0.0 -0.597656
vt 0.0 -0.894531
vt 1.0 -0.515625
vt 0.0 -0.515625
vt 1.0 -0.894531
vt 0.0 -0.894531
vt 0.0 -0.988281
vt 1.0 -0.988281
vt 15.5 13.5
vt 15.0 12.0
vt 15.0 13.5
vt 15.5 12.0
vt 16.0 2.5
vt 16.0 2.0
vt 15.5 2.5
vt 15.5 2.0
vt 15.5 12.5
vt 16.0 12.0
vt 16.0 12.5
vt 15.5 12.0
vt 2.0 -2.0E-6
vt 0.0 -2.0E-6
vt 2.0 2.000002
vt 0.0 2.000002
vt 2.0 1.999998
vt 0.0 1.999998
vt 2.0 4.000002
vt 0.0 4.000002
vt 2.0 6.000002
vt 0.0 6.000002
vt 2.0 3.999998
vt 0.0 3.999998
vt 2.0 8.000002
vt 0.0 8.000002
vt 2.0 5.999998
vt 0.0 5.999998
vt 4.0 -2.0E-6
vt 2.0 -2.0E-6
vt 4.0 2.000002
vt 2.0 2.000002
vt 4.0 1.999998
vt 2.0 1.999998
vt 4.0 4.000002
vt 2.0 4.000002
vt 4.0 6.000002
vt 2.0 6.000002
vt 4.0 3.999998
vt 2.0 3.999998
vt 4.0 8.000002
vt 2.0 8.000002
vt 4.0 5.999998
vt 2.0 5.999998
vt 6.0 -2.0E-6
vt 4.0 -2.0E-6
vt 6.0 2.000002
vt 4.0 2.000002
vt 6.0 1.999998
vt 4.0 1.999998
vt 6.0 4.000002
vt 4.0 4.000002
vt 6.0 6.000002
vt 4.0 6.000002
vt 6.0 3.999998
vt 4.0 3.999998
vt 6.0 8.000002
vt 4.0 8.000002
vt 6.0 5.999998
vt 4.0 5.999998
vt 8.0 -2.0E-6
vt 6.0 -2.0E-6
vt 8.0 2.000002
vt 6.0 2.000002
vt 8.0 1.999998
vt 6.0 1.999998
vt 8.0 4.000002
vt 6.0 4.000002
vt 8.0 6.000002
vt 6.0 6.000002
vt 8.0 3.999998
vt 6.0 3.999998
vt 8.0 8.000002
vt 6.0 8.000002
vt 8.0 5.999998
vt 6.0 5.999998
vn -0.0 -0.0 1.0
vn 0.0 -0.0 1.0
vn -6.0E-4 0.0 1.0
vn 7.0E-4 0.0 1.0
vn -0.0838 0.0 0.9965
vn 0.0 4.0E-4 1.0
vn 0.0 0.0 1.0
vn -0.0 -6.0E-4 1.0
vn -0.0 7.0E-4 1.0
vn -0.0 -0.0838 0.9965
vn -4.0E-4 0.0 1.0
vn 0.0 -0.0 1.0
vn 0.0 0.0 1.0
vn -0.0 -6.0E-4 1.0
vn -0.0 7.0E-4 1.0
vn -0.0 -0.0838 0.9965
vn -4.0E-4 0.0 1.0
vn 0.0 -0.0 1.0
vn 0.0 0.0 1.0
vn -0.0 -6.0E-4 1.0
vn -0.0 7.0E-4 1.0
vn -0.0 -0.0838 0.9965
vn -4.0E-4 0.0 1.0
vn 0.0 -0.0 1.0
vn 0.0 0.0 1.0
vn -0.0 -6.0E-4 1.0
vn -0.0 7.0E-4 1.0
vn -0.0 -0.0838 0.9965
vn -4.0E-4 0.0 1.0
vn 0.0 -0.0 1.0
vn 0.0 -0.0 1.0
vn -6.0E-4 0.0 1.0
vn 7.0E-4 0.0 1.0
vn -0.0838 0.0 0.9965
vn 0.0 4.0E-4 1.0
vn -0.0 0.0 1.0
vn -0.0 -0.0 1.0
vn 0.0 -0.0031 1.0
vn 0.0 0.0196 0.9998
vn -0.0 0.007 1.0
vn 0.0 -0.0136 0.9999
vn -0.0 -0.0 1.0
vn -0.084 0.0 0.9965
vn 0.0 0.118 0.993
vn 1.0E-4 -0.0379 0.9993
vn -0.0 0.0316 0.9995
vn -0.0 -0.0842 0.9964
vn 5.0E-4 -0.171 0.9853
vn 0.0 0.0 1.0
vn 0.0 1.0 0.0
vn 0.0 0.0 1.0
vn 0.0 1.0 0.0
vn -0.0 0.0 1.0
vn 1.0 0.0 0.0
vn -1.0 0.0 0.0
vn -0.0 1.0 0.0
vn -0.0 0.0 1.0
vn 1.0 0.0 0.0
vn -1.0 0.0 0.0
vn 0.0 -0.0 1.0
vn 0.0 -0.0 1.0
vn 0.0 -0.0 1.0
vn 0.0 -0.0 1.0
vn 0.0 -0.0 1.0
vn 0.0 -0.0 1.0
vn 0.0 -0.0 1.0
vn 0.0 -0.0 1.0
vn 0.0 -0.0 1.0
vn 0.0 -0.0 1.0
vn 0.0 -0.0 1.0
vn 0.0 -0.0 1.0
vn 0.0 -0.0 1.0
vn 0.0 -0.0 1.0
vn 0.0 -0.0 1.0
vn 0.0 -0.0 1.0
vn 0.0 -0.0 1.0
vn 0.0 -0.0 1.0
vn 0.0 -0.0 1.0
vn 0.0 -0.0 1.0
vn 0.0 -0.0 1.0
vn 0.0 -0.0 1.0
vn 0.0 -0.0 1.0
vn 0.0 -0.0 1.0
vn 0.0 -1.0 -0.0
vn 0.0 0.0 1.0
vn 1.0 -0.0 0.0
vn -1.0 0.0 0.0
vn 0.0 -0.0 1.0
vn 0.0 -0.0 1.0
vn 0.0 -0.0 1.0
vn 0.0 -0.0 1.0
vn 0.0 -1.0 -0.0
vn 0.0 0.0 1.0
vn 1.0 -0.0 0.0
vn -1.0 0.0 0.0
vn 0.0 -0.0 1.0
vn 0.0 -0.0 1.0
vn 0.0 -0.0 1.0
vn 0.0 -0.0 1.0
vn 0.0 -0.0 1.0
vn 0.0 -0.0 1.0
vn 0.0 -0.0 1.0
vn 0.0 -0.0 1.0
vn 0.0 -0.0 1.0
vn 0.0 -0.0 1.0
vn 0.0 -0.0 1.0
vn 0.0 -0.0 1.0
vn 0.0 -0.0 1.0
vn 0.0 -0.0 1.0
vn 0.0 -0.0 1.0
vn 0.0 -0.0 1.0
vn 0.0 -0.0 1.0
vn 0.0 -0.0 1.0
vn 0.0 -0.0 1.0
vn 0.0 -0.0 1.0
vn 0.0 -0.0 1.0
vn 0.0 -0.0 1.0
vn 0.0 -0.0 1.0
vn 0.0 -0.0 1.0
vn 0.0 -0.0 1.0
vn 0.0 -0.0 1.0
vn 0.0 -0.0 1.0
vn 0.0 -0.0 1.0
vn 0.0 -0.0 1.0
vn 0.0 -0.0 1.0
vn -0.0 0.7071 0.7071
vn -0.0 0.5258 0.8506
vn 0.0 0.0 1.0
vn -0.0 0.426 0.9047
vn 0.0 -0.0 1.0
vn -0.0 0.7071 0.7071
vn -0.0 0.5258 0.8506
vn 0.0 0.0 1.0
vn -0.0 0.426 0.9047
vn 0.0 -0.0 1.0
vn -0.0 0.7071 0.7071
vn -0.0 0.5258 0.8506
vn 0.0 0.0 1.0
vn -0.0 0.426 0.9047
vn 0.0 -0.0 1.0
vn 0.0 -0.7071 0.7071
vn 0.0 -0.5258 0.8506
vn -0.0 -0.0 1.0
vn 0.0 -0.426 0.9047
vn 0.0 -0.0 1.0
vn 0.0 -0.7071 0.7071
vn 0.0 -0.5258 0.8506
vn -0.0 -0.0 1.0
vn 0.0 -0.426 0.9047
vn 0.0 -0.0 1.0
vn 0.0 -0.7071 0.7071
vn 0.0 -0.5258 0.8506
vn -0.0 -0.0 1.0
vn 0.0 -0.426 0.9047
vn 0.0 -0.0 1.0
vn -0.0808 -0.1651 0.983
vn -0.0178 -0.2269 0.9738
vn -0.0558 -0.6983 0.7136
vn -0.3474 -0.5641 0.7491
vn -0.1819 -0.0679 0.981
vn -0.1788 -0.0657 0.9817
vn -0.5999 -0.2295 0.7665
vn -0.6978 -0.0672 0.7132
vn -0.6948 -0.0644 0.7163
vn -0.6012 -0.2303 0.7652
vn -0.6426 -0.3262 0.6933
vn -0.3477 -0.5703 0.7442
vn -0.25 -0.5665 0.7852
vn -0.0567 -0.6961 0.7157
vn 0.0 0.0 1.0
vn -0.6425 -0.3262 0.6933
vn -0.7071 -0.0 0.7071
vn -0.5258 -0.0 0.8506
vn -0.0 0.0 1.0
vn -0.426 -0.0 0.9047
vn 0.0 -0.7071 0.7071
vn 0.0 -0.5258 0.8506
vn -0.0 -0.0 1.0
vn 0.0 -0.426 0.9047
vn -0.0 -0.0 1.0
vn -0.0 -0.0 1.0
vn -0.3865 0.3865 0.8374
vn 0.0 0.526 0.8505
vn 0.0 0.0 1.0
vn -0.526 -0.0 0.8505
vn -0.5259 -0.0 0.8505
vn -0.6425 0.3262 0.6934
vn -0.4629 0.4629 0.7559
vn -0.3262 0.6426 0.6933
vn -0.3262 0.6426 0.6934
vn -0.6426 0.3262 0.6934
vn 0.0 0.5259 0.8505
vn -0.1651 0.0808 0.983
vn -0.2269 0.0178 0.9738
vn -0.6983 0.0558 0.7136
vn -0.5641 0.3474 0.7491
vn -0.0679 0.1819 0.981
vn -0.0657 0.1788 0.9817
vn -0.2295 0.5999 0.7665
vn -0.0672 0.6978 0.7132
vn -0.0644 0.6948 0.7163
vn -0.2303 0.6012 0.7652
vn -0.3262 0.6426 0.6933
vn -0.5703 0.3477 0.7442
vn -0.5665 0.25 0.7852
vn -0.6961 0.0567 0.7157
vn 0.0 -0.0 1.0
vn -0.3262 0.6425 0.6933
vn 0.0 -0.0 1.0
vn 0.0 -0.0 1.0
vn -0.0 0.7071 0.7071
vn -0.0 0.5258 0.8506
vn 0.0 0.0 1.0
vn -0.0 0.426 0.9047
vn 0.1651 -0.0808 0.983
vn 0.2269 -0.0178 0.9738
vn 0.6983 -0.0558 0.7136
vn 0.5641 -0.3474 0.7491
vn 0.0679 -0.1819 0.981
vn 0.0657 -0.1788 0.9817
vn 0.2295 -0.5999 0.7665
vn 0.0672 -0.6978 0.7132
vn 0.0644 -0.6948 0.7163
vn 0.2303 -0.6012 0.7652
vn 0.3262 -0.6426 0.6933
vn 0.5703 -0.3477 0.7442
vn 0.5665 -0.25 0.7852
vn 0.6961 -0.0567 0.7157
vn -0.0 0.0 1.0
vn 0.3262 -0.6425 0.6933
vn 0.3865 -0.3865 0.8374
vn -0.0 -0.526 0.8505
vn -0.0 -0.0 1.0
vn 0.526 0.0 0.8505
vn 0.5259 0.0 0.8505
vn 0.6425 -0.3262 0.6934
vn 0.4629 -0.4629 0.7559
vn 0.3262 -0.6426 0.6933
vn 0.3262 -0.6426 0.6934
vn 0.6426 -0.3262 0.6934
vn -0.0 -0.5259 0.8505
vn 0.0 -0.0 1.0
vn -0.3865 0.3865 0.8374
vn 0.0 0.526 0.8505
vn 0.0 0.0 1.0
vn -0.526 -0.0 0.8505
vn -0.5259 -0.0 0.8505
vn -0.6425 0.3262 0.6934
vn -0.4629 0.4629 0.7559
vn -0.3262 0.6426 0.6933
vn -0.3262 0.6426 0.6934
vn -0.6426 0.3262 0.6934
vn 0.0 0.5259 0.8505
vn -0.1651 0.0808 0.983
vn -0.2269 0.0178 0.9738
vn -0.6983 0.0558 0.7136
vn -0.5641 0.3474 0.7491
vn -0.0679 0.1819 0.981
vn -0.0657 0.1788 0.9817
vn -0.2295 0.5999 0.7665
vn -0.0672 0.6978 0.7132
vn -0.0644 0.6948 0.7163
vn -0.2303 0.6012 0.7652
vn -0.3262 0.6426 0.6933
vn -0.5703 0.3477 0.7442
vn -0.5665 0.25 0.7852
vn -0.6961 0.0567 0.7157
vn 0.0 -0.0 1.0
vn -0.3262 0.6425 0.6933
vn 0.0 -0.0 1.0
vn 0.0 -0.0 1.0
vn 0.0 -0.7071 0.7071
vn 0.0 -0.5258 0.8506
vn -0.0 -0.0 1.0
vn 0.0 -0.426 0.9047
vn 0.1651 -0.0808 0.983
vn 0.2269 -0.0178 0.9738
vn 0.6983 -0.0558 0.7136
vn 0.5641 -0.3474 0.7491
vn 0.0679 -0.1819 0.981
vn 0.0657 -0.1788 0.9817
vn 0.2295 -0.5999 0.7665
vn 0.0672 -0.6978 0.7132
vn 0.0644 -0.6948 0.7163
vn 0.2303 -0.6012 0.7652
vn 0.3262 -0.6426 0.6933
vn 0.5703 -0.3477 0.7442
vn 0.5665 -0.25 0.7852
vn 0.6961 -0.0567 0.7157
vn -0.0 0.0 1.0
vn 0.3262 -0.6425 0.6933
vn 0.3865 -0.3865 0.8374
vn -0.0 -0.526 0.8505
vn -0.0 -0.0 1.0
vn 0.526 0.0 0.8505
vn 0.5259 0.0 0.8505
vn 0.6425 -0.3262 0.6934
vn 0.4629 -0.4629 0.7559
vn 0.3262 -0.6426 0.6933
vn 0.3262 -0.6426 0.6934
vn 0.6426 -0.3262 0.6934
vn -0.0 -0.5259 0.8505
vn 0.0 -0.0 1.0
vn 0.0 -0.0 1.0
vn -0.0 0.7071 0.7071
vn -0.0 0.5258 0.8506
vn 0.0 0.0 1.0
vn -0.0 0.426 0.9047
vn 0.0 -0.0 1.0
vn 0.0 -0.7071 0.7071
vn 0.0 -0.5258 0.8506
vn -0.0 -0.0 1.0
vn 0.0 -0.426 0.9047
vn -0.1651 0.0808 0.983
vn -0.2269 0.0178 0.9738
vn -0.6983 0.0558 0.7136
vn -0.5641 0.3474 0.7491
vn -0.0679 0.1819 0.981
vn -0.0657 0.1788 0.9817
vn -0.2295 0.5999 0.7665
vn -0.0672 0.6978 0.7132
vn -0.0644 0.6948 0.7163
vn -0.2303 0.6012 0.7652
vn -0.3262 0.6426 0.6933
vn -0.5703 0.3477 0.7442
vn -0.5665 0.25 0.7852
vn -0.6961 0.0567 0.7157
vn 0.0 -0.0 1.0
vn -0.3262 0.6425 0.6933
vn 0.0 -0.0 1.0
vn -0.3865 0.3865 0.8374
vn 0.0 0.526 0.8505
vn 0.0 0.0 1.0
vn -0.526 -0.0 0.8505
vn -0.5259 -0.0 0.8505
vn -0.6425 0.3262 0.6934
vn -0.4629 0.4629 0.7559
vn -0.3262 0.6426 0.6933
vn -0.3262 0.6426 0.6934
vn -0.6426 0.3262 0.6934
vn 0.0 0.5259 0.8505
vn -0.1651 0.0808 0.983
vn -0.2269 0.0178 0.9738
vn -0.6983 0.0558 0.7136
vn -0.5641 0.3474 0.7491
vn -0.0679 0.1819 0.981
vn -0.0657 0.1788 0.9817
vn -0.2295 0.5999 0.7665
vn -0.0672 0.6978 0.7132
vn -0.0644 0.6948 0.7163
vn -0.2303 0.6012 0.7652
vn -0.3262 0.6426 0.6933
vn -0.5703 0.3477 0.7442
vn -0.5665 0.25 0.7852
vn -0.6961 0.0567 0.7157
vn 0.0 -0.0 1.0
vn -0.3262 0.6425 0.6933
vn 0.0 -0.0 1.0
vn -0.0 0.7071 0.7071
vn -0.0 0.5258 0.8506
vn 0.0 0.0 1.0
vn -0.0 0.426 0.9047
vn 0.0 -0.0 1.0
vn -0.0 0.7071 0.7071
vn -0.0 0.5258 0.8506
vn 0.0 0.0 1.0
vn -0.0 0.426 0.9047
vn 0.0 -0.7071 0.7071
vn 0.0 -0.5258 0.8506
vn -0.0 -0.0 1.0
vn 0.0 -0.426 0.9047
vn 0.0 -0.0 1.0
vn 0.0 -0.7071 0.7071
vn 0.0 -0.5258 0.8506
vn -0.0 -0.0 1.0
vn 0.0 -0.426 0.9047
vn -0.0 -0.0 1.0
vn 0.1651 -0.0808 0.983
vn 0.2269 -0.0178 0.9738
vn 0.6983 -0.0558 0.7136
vn 0.5641 -0.3474 0.7491
vn 0.0679 -0.1819 0.981
vn 0.0657 -0.1788 0.9817
vn 0.2295 -0.5999 0.7665
vn 0.0672 -0.6978 0.7132
vn 0.0644 -0.6948 0.7163
vn 0.2303 -0.6012 0.7652
vn 0.3262 -0.6426 0.6933
vn 0.5703 -0.3477 0.7442
vn 0.5665 -0.25 0.7852
vn 0.6961 -0.0567 0.7157
vn -0.0 0.0 1.0
vn 0.3262 -0.6425 0.6933
vn 0.3865 -0.3865 0.8374
vn -0.0 -0.526 0.8505
vn -0.0 -0.0 1.0
vn 0.526 0.0 0.8505
vn 0.5259 0.0 0.8505
vn 0.6425 -0.3262 0.6934
vn 0.4629 -0.4629 0.7559
vn 0.3262 -0.6426 0.6933
vn 0.3262 -0.6426 0.6934
vn 0.6426 -0.3262 0.6934
vn -0.0 -0.5259 0.8505
vn 0.0 -0.0 1.0
vn 0.0 -0.0 1.0
vn 0.0 -0.0 1.0
vn 0.0 -0.7071 0.7071
vn 0.0 -0.5258 0.8506
vn -0.0 -0.0 1.0
vn 0.0 -0.426 0.9047
vn 0.0 -0.0 1.0
vn -0.0 0.7071 0.7071
vn -0.0 0.5258 0.8506
vn 0.0 0.0 1.0
vn -0.0 0.426 0.9047
vn 0.0 -0.0 1.0
vn 0.0 -0.0 1.0
vn -0.0808 -0.1651 0.983
vn -0.0178 -0.2269 0.9738
vn -0.0558 -0.6983 0.7136
vn -0.3474 -0.5641 0.7491
vn -0.1819 -0.0679 0.981
vn -0.1788 -0.0657 0.9817
vn -0.5999 -0.2295 0.7665
vn -0.6978 -0.0672 0.7132
vn -0.6948 -0.0644 0.7163
vn -0.6012 -0.2303 0.7652
vn -0.6426 -0.3262 0.6933
vn -0.3477 -0.5703 0.7442
vn -0.25 -0.5665 0.7852
vn -0.0567 -0.6961 0.7157
vn 0.0 0.0 1.0
vn -0.6425 -0.3262 0.6933
vn -0.3865 -0.3865 0.8374
vn -0.526 0.0 0.8505
vn -0.0 0.0 1.0
vn 0.0 -0.526 0.8505
vn 0.0 -0.5259 0.8505
vn -0.3262 -0.6425 0.6934
vn -0.4629 -0.4629 0.7559
vn -0.6426 -0.3262 0.6933
vn -0.6426 -0.3262 0.6934
vn -0.3262 -0.6426 0.6934
vn -0.5259 0.0 0.8505
vn 0.0 -0.0 1.0
vn 0.0 -0.0 1.0
vn -0.3865 0.3865 0.8374
vn 0.0 0.526 0.8505
vn 0.0 0.0 1.0
vn -0.526 -0.0 0.8505
vn -0.5259 -0.0 0.8505
vn -0.6425 0.3262 0.6934
vn -0.4629 0.4629 0.7559
vn -0.3262 0.6426 0.6933
vn -0.3262 0.6426 0.6934
vn -0.6426 0.3262 0.6934
vn 0.0 0.5259 0.8505
vn -0.7071 -0.0 0.7071
vn -0.5258 -0.0 0.8506
vn -0.0 0.0 1.0
vn -0.426 -0.0 0.9047
vn -0.1651 0.0808 0.983
vn -0.2269 0.0178 0.9738
vn -0.6983 0.0558 0.7136
vn -0.5641 0.3474 0.7491
vn -0.0679 0.1819 0.981
vn -0.0657 0.1788 0.9817
vn -0.2295 0.5999 0.7665
vn -0.0672 0.6978 0.7132
vn -0.0644 0.6948 0.7163
vn -0.2303 0.6012 0.7652
vn -0.3262 0.6426 0.6933
vn -0.5703 0.3477 0.7442
vn -0.5665 0.25 0.7852
vn -0.6961 0.0567 0.7157
vn 0.0 -0.0 1.0
vn -0.3262 0.6425 0.6933
vn 0.0 -0.7071 0.7071
vn 0.0 -0.5258 0.8506
vn -0.0 -0.0 1.0
vn 0.0 -0.426 0.9047
vn 0.0 -0.0 1.0
vn 0.0 -0.0 1.0
vn 0.0 -0.7071 0.7071
vn 0.0 -0.5258 0.8506
vn -0.0 -0.0 1.0
vn 0.0 -0.426 0.9047
vn 0.0 -0.0 1.0
vn 0.0 -0.0 1.0
vn 0.0 -0.0 1.0
vn -0.3865 0.3865 0.8374
vn 0.0 0.526 0.8505
vn 0.0 0.0 1.0
vn -0.526 -0.0 0.8505
vn -0.5259 -0.0 0.8505
vn -0.6425 0.3262 0.6934
vn -0.4629 0.4629 0.7559
vn -0.3262 0.6426 0.6933
vn -0.3262 0.6426 0.6934
vn -0.6426 0.3262 0.6934
vn 0.0 0.5259 0.8505
vn -0.7071 -0.0 0.7071
vn -0.5258 -0.0 0.8506
vn -0.0 0.0 1.0
vn -0.426 -0.0 0.9047
vn -0.3865 -0.3865 0.8374
vn -0.526 0.0 0.8505
vn -0.0 0.0 1.0
vn 0.0 -0.526 0.8505
vn 0.0 -0.5259 0.8505
vn -0.3262 -0.6425 0.6934
vn -0.4629 -0.4629 0.7559
vn -0.6426 -0.3262 0.6933
vn -0.6426 -0.3262 0.6934
vn -0.3262 -0.6426 0.6934
vn -0.5259 0.0 0.8505
vn -0.0808 -0.1651 0.983
vn -0.0178 -0.2269 0.9738
vn -0.0558 -0.6983 0.7136
vn -0.3474 -0.5641 0.7491
vn -0.1819 -0.0679 0.981
vn -0.1788 -0.0657 0.9817
vn -0.5999 -0.2295 0.7665
vn -0.6978 -0.0672 0.7132
vn -0.6948 -0.0644 0.7163
vn -0.6012 -0.2303 0.7652
vn -0.6426 -0.3262 0.6933
vn -0.3477 -0.5703 0.7442
vn -0.25 -0.5665 0.7852
vn -0.0567 -0.6961 0.7157
vn 0.0 0.0 1.0
vn -0.6425 -0.3262 0.6933
vn -0.3865 -0.3865 0.8374
vn -0.526 0.0 0.8505
vn -0.0 0.0 1.0
vn 0.0 -0.526 0.8505
vn 0.0 -0.5259 0.8505
vn -0.3262 -0.6425 0.6934
vn -0.4629 -0.4629 0.7559
vn -0.6426 -0.3262 0.6933
vn -0.6426 -0.3262 0.6934
vn -0.3262 -0.6426 0.6934
vn -0.5259 0.0 0.8505
vn -0.0 0.7071 0.7071
vn -0.0 0.5258 0.8506
vn 0.0 0.0 1.0
vn -0.0 0.426 0.9047
vn 0.3865 0.3865 0.8374
vn 0.526 -0.0 0.8505
vn 0.0 -0.0 1.0
vn -0.0 0.526 0.8505
vn -0.0 0.5259 0.8505
vn 0.3262 0.6425 0.6934
vn 0.4629 0.4629 0.7559
vn 0.6426 0.3262 0.6933
vn 0.6426 0.3262 0.6934
vn 0.3262 0.6426 0.6934
vn 0.5259 -0.0 0.8505
vn 0.0808 0.1651 0.983
vn 0.0178 0.2269 0.9738
vn 0.0558 0.6983 0.7136
vn 0.3474 0.5641 0.7491
vn 0.1819 0.0679 0.981
vn 0.1788 0.0657 0.9817
vn 0.5999 0.2295 0.7665
vn 0.6978 0.0672 0.7132
vn 0.6948 0.0644 0.7163
vn 0.6012 0.2303 0.7652
vn 0.6426 0.3262 0.6933
vn 0.3477 0.5703 0.7442
vn 0.25 0.5665 0.7852
vn 0.0567 0.6961 0.7157
vn -0.0 -0.0 1.0
vn 0.6425 0.3262 0.6933
vn 0.0 -0.0 1.0
vn 0.0 -0.7071 0.7071
vn 0.0 -0.5258 0.8506
vn -0.0 -0.0 1.0
vn 0.0 -0.426 0.9047
vn 0.0 -0.0 1.0
vn -0.0 0.7071 0.7071
vn -0.0 0.5258 0.8506
vn 0.0 0.0 1.0
vn -0.0 0.426 0.9047
vn 0.0 -0.0 1.0
vn 0.0 -0.7071 0.7071
vn 0.0 -0.5258 0.8506
vn -0.0 -0.0 1.0
vn 0.0 -0.426 0.9047
vn -0.0 -0.0 1.0
vn 0.0 -0.0 1.0
vn 0.0 -0.0 1.0
vn 0.0 -0.0 1.0
vn -0.0 0.7071 0.7071
vn -0.0 0.5258 0.8506
vn 0.0 0.0 1.0
vn -0.0 0.426 0.9047
vn -0.0808 -0.1651 0.983
vn -0.0178 -0.2269 0.9738
vn -0.0558 -0.6983 0.7136
vn -0.3474 -0.5641 0.7491
vn -0.1819 -0.0679 0.981
vn -0.1788 -0.0657 0.9817
vn -0.5999 -0.2295 0.7665
vn -0.6978 -0.0672 0.7132
vn -0.6948 -0.0644 0.7163
vn -0.6012 -0.2303 0.7652
vn -0.6426 -0.3262 0.6933
vn -0.3477 -0.5703 0.7442
vn -0.25 -0.5665 0.7852
vn -0.0567 -0.6961 0.7157
vn 0.0 0.0 1.0
vn -0.6425 -0.3262 0.6933
vn -0.3865 -0.3865 0.8374
vn -0.526 0.0 0.8505
vn -0.0 0.0 1.0
vn 0.0 -0.526 0.8505
vn 0.0 -0.5259 0.8505
vn -0.3262 -0.6425 0.6934
vn -0.4629 -0.4629 0.7559
vn -0.6426 -0.3262 0.6933
vn -0.6426 -0.3262 0.6934
vn -0.3262 -0.6426 0.6934
vn -0.5259 0.0 0.8505
vn 0.0 -0.0 1.0
vn 0.0 -0.0 1.0
vn 0.0808 0.1651 0.983
vn 0.0178 0.2269 0.9738
vn 0.0558 0.6983 0.7136
vn 0.3474 0.5641 0.7491
vn 0.1819 0.0679 0.981
vn 0.1788 0.0657 0.9817
vn 0.5999 0.2295 0.7665
vn 0.6978 0.0672 0.7132
vn 0.6948 0.0644 0.7163
vn 0.6012 0.2303 0.7652
vn 0.6426 0.3262 0.6933
vn 0.3477 0.5703 0.7442
vn 0.25 0.5665 0.7852
vn 0.0567 0.6961 0.7157
vn -0.0 -0.0 1.0
vn 0.6425 0.3262 0.6933
vn 0.0 -0.7071 0.7071
vn 0.0 -0.5258 0.8506
vn -0.0 -0.0 1.0
vn 0.0 -0.426 0.9047
vn 0.0 -0.0 1.0
vn 0.0 -0.0 1.0
vn 0.0 -0.0 1.0
vn -0.3865 0.3865 0.8374
vn 0.0 0.526 0.8505
vn 0.0 0.0 1.0
vn -0.526 -0.0 0.8505
vn -0.5259 -0.0 0.8505
vn -0.6425 0.3262 0.6934
vn -0.4629 0.4629 0.7559
vn -0.3262 0.6426 0.6933
vn -0.3262 0.6426 0.6934
vn -0.6426 0.3262 0.6934
vn 0.0 0.5259 0.8505
vn -0.7071 -0.0 0.7071
vn -0.5258 -0.0 0.8506
vn -0.0 0.0 1.0
vn -0.426 -0.0 0.9047
vn -0.1651 0.0808 0.983
vn -0.2269 0.0178 0.9738
vn -0.6983 0.0558 0.7136
vn -0.5641 0.3474 0.7491
vn -0.0679 0.1819 0.981
vn -0.0657 0.1788 0.9817
vn -0.2295 0.5999 0.7665
vn -0.0672 0.6978 0.7132
vn -0.0644 0.6948 0.7163
vn -0.2303 0.6012 0.7652
vn -0.3262 0.6426 0.6933
vn -0.5703 0.3477 0.7442
vn -0.5665 0.25 0.7852
vn -0.6961 0.0567 0.7157
vn 0.0 -0.0 1.0
vn -0.3262 0.6425 0.6933
vn 0.0 -0.0 1.0
vn 0.0 -0.0 1.0
vn 0.0 -0.0 1.0
vn 0.0 -0.0 1.0
vn -0.3865 0.3865 0.8374
vn 0.0 0.526 0.8505
vn 0.0 0.0 1.0
vn -0.526 -0.0 0.8505
vn -0.5259 -0.0 0.8505
vn -0.6425 0.3262 0.6934
vn -0.4629 0.4629 0.7559
vn -0.3262 0.6426 0.6933
vn -0.3262 0.6426 0.6934
vn -0.6426 0.3262 0.6934
vn 0.0 0.5259 0.8505
vn -0.7071 -0.0 0.7071
vn -0.5258 -0.0 0.8506
vn -0.0 0.0 1.0
vn -0.426 -0.0 0.9047
vn -0.1651 0.0808 0.983
vn -0.2269 0.0178 0.9738
vn -0.6983 0.0558 0.7136
vn -0.5641 0.3474 0.7491
vn -0.0679 0.1819 0.981
vn -0.0657 0.1788 0.9817
vn -0.2295 0.5999 0.7665
vn -0.0672 0.6978 0.7132
vn -0.0644 0.6948 0.7163
vn -0.2303 0.6012 0.7652
vn -0.3262 0.6426 0.6933
vn -0.5703 0.3477 0.7442
vn -0.5665 0.25 0.7852
vn -0.6961 0.0567 0.7157
vn 0.0 -0.0 1.0
vn -0.3262 0.6425 0.6933
vn -0.0808 -0.1651 0.983
vn -0.0178 -0.2269 0.9738
vn -0.0558 -0.6983 0.7136
vn -0.3474 -0.5641 0.7491
vn -0.1819 -0.0679 0.981
vn -0.1788 -0.0657 0.9817
vn -0.5999 -0.2295 0.7665
vn -0.6978 -0.0672 0.7132
vn -0.6948 -0.0644 0.7163
vn -0.6012 -0.2303 0.7652
vn -0.6426 -0.3262 0.6933
vn -0.3477 -0.5703 0.7442
vn -0.25 -0.5665 0.7852
vn -0.0567 -0.6961 0.7157
vn 0.0 0.0 1.0
vn -0.6425 -0.3262 0.6933
vn -0.3865 -0.3865 0.8374
vn -0.526 0.0 0.8505
vn -0.0 0.0 1.0
vn 0.0 -0.526 0.8505
vn 0.0 -0.5259 0.8505
vn -0.3262 -0.6425 0.6934
vn -0.4629 -0.4629 0.7559
vn -0.6426 -0.3262 0.6933
vn -0.6426 -0.3262 0.6934
vn -0.3262 -0.6426 0.6934
vn -0.5259 0.0 0.8505
vn 0.0 -0.0 1.0
vn -0.3865 0.3865 0.8374
vn 0.0 0.526 0.8505
vn 0.0 0.0 1.0
vn -0.526 -0.0 0.8505
vn -0.5259 -0.0 0.8505
vn -0.6425 0.3262 0.6934
vn -0.4629 0.4629 0.7559
vn -0.3262 0.6426 0.6933
vn -0.3262 0.6426 0.6934
vn -0.6426 0.3262 0.6934
vn 0.0 0.5259 0.8505
vn -0.7071 -0.0 0.7071
vn -0.5258 -0.0 0.8506
vn -0.0 0.0 1.0
vn -0.426 -0.0 0.9047
vn -0.3865 -0.3865 0.8374
vn -0.526 0.0 0.8505
vn -0.0 0.0 1.0
vn 0.0 -0.526 0.8505
vn 0.0 -0.5259 0.8505
vn -0.3262 -0.6425 0.6934
vn -0.4629 -0.4629 0.7559
vn -0.6426 -0.3262 0.6933
vn -0.6426 -0.3262 0.6934
vn -0.3262 -0.6426 0.6934
vn -0.5259 0.0 0.8505
vn 0.0 -0.7071 0.7071
vn 0.0 -0.5258 0.8506
vn -0.0 -0.0 1.0
vn 0.0 -0.426 0.9047
vn 0.0 -0.0 1.0
vn 0.3865 0.3865 0.8374
vn 0.526 -0.0 0.8505
vn 0.0 -0.0 1.0
vn -0.0 0.526 0.8505
vn -0.0 0.5259 0.8505
vn 0.3262 0.6425 0.6934
vn 0.4629 0.4629 0.7559
vn 0.6426 0.3262 0.6933
vn 0.6426 0.3262 0.6934
vn 0.3262 0.6426 0.6934
vn 0.5259 -0.0 0.8505
vn 0.0808 0.1651 0.983
vn 0.0178 0.2269 0.9738
vn 0.0558 0.6983 0.7136
vn 0.3474 0.5641 0.7491
vn 0.1819 0.0679 0.981
vn 0.1788 0.0657 0.9817
vn 0.5999 0.2295 0.7665
vn 0.6978 0.0672 0.7132
vn 0.6948 0.0644 0.7163
vn 0.6012 0.2303 0.7652
vn 0.6426 0.3262 0.6933
vn 0.3477 0.5703 0.7442
vn 0.25 0.5665 0.7852
vn 0.0567 0.6961 0.7157
vn -0.0 -0.0 1.0
vn 0.6425 0.3262 0.6933
vn 0.0 -0.0 1.0
vn 0.0 -0.7071 0.7071
vn 0.0 -0.5258 0.8506
vn -0.0 -0.0 1.0
vn 0.0 -0.426 0.9047
vn -0.0 -0.0 1.0
vn -0.0 0.7071 0.7071
vn -0.0 0.5258 0.8506
vn 0.0 0.0 1.0
vn -0.0 0.426 0.9047
vn 0.0 -0.0 1.0
vn 0.0 -0.0 1.0
vn -0.0808 -0.1651 0.983
vn -0.0178 -0.2269 0.9738
vn -0.0558 -0.6983 0.7136
vn -0.3474 -0.5641 0.7491
vn -0.1819 -0.0679 0.981
vn -0.1788 -0.0657 0.9817
vn -0.5999 -0.2295 0.7665
vn -0.6978 -0.0672 0.7132
vn -0.6948 -0.0644 0.7163
vn -0.6012 -0.2303 0.7652
vn -0.6426 -0.3262 0.6933
vn -0.3477 -0.5703 0.7442
vn -0.25 -0.5665 0.7852
vn -0.0567 -0.6961 0.7157
vn 0.0 0.0 1.0
vn -0.6425 -0.3262 0.6933
vn -0.7071 -0.0 0.7071
vn -0.5258 -0.0 0.8506
vn -0.0 0.0 1.0
vn -0.426 -0.0 0.9047
vn -0.3865 -0.3865 0.8374
vn -0.526 0.0 0.8505
vn -0.0 0.0 1.0
vn 0.0 -0.526 0.8505
vn 0.0 -0.5259 0.8505
vn -0.3262 -0.6425 0.6934
vn -0.4629 -0.4629 0.7559
vn -0.6426 -0.3262 0.6933
vn -0.6426 -0.3262 0.6934
vn -0.3262 -0.6426 0.6934
vn -0.5259 0.0 0.8505
vn -0.3865 0.3865 0.8374
vn 0.0 0.526 0.8505
vn 0.0 0.0 1.0
vn -0.526 -0.0 0.8505
vn -0.5259 -0.0 0.8505
vn -0.6425 0.3262 0.6934
vn -0.4629 0.4629 0.7559
vn -0.3262 0.6426 0.6933
vn -0.3262 0.6426 0.6934
vn -0.6426 0.3262 0.6934
vn 0.0 0.5259 0.8505
vn -0.7071 -0.0 0.7071
vn -0.5258 -0.0 0.8506
vn -0.0 0.0 1.0
vn -0.426 -0.0 0.9047
vn -0.1651 0.0808 0.983
vn -0.2269 0.0178 0.9738
vn -0.6983 0.0558 0.7136
vn -0.5641 0.3474 0.7491
vn -0.0679 0.1819 0.981
vn -0.0657 0.1788 0.9817
vn -0.2295 0.5999 0.7665
vn -0.0672 0.6978 0.7132
vn -0.0644 0.6948 0.7163
vn -0.2303 0.6012 0.7652
vn -0.3262 0.6426 0.6933
vn -0.5703 0.3477 0.7442
vn -0.5665 0.25 0.7852
vn -0.6961 0.0567 0.7157
vn 0.0 -0.0 1.0
vn -0.3262 0.6425 0.6933
vn 0.0 -0.7071 0.7071
vn 0.0 -0.5258 0.8506
vn -0.0 -0.0 1.0
vn 0.0 -0.426 0.9047
vn 0.0 -0.0 1.0
vn -0.7071 -0.0 0.7071
vn -0.5258 -0.0 0.8506
vn -0.0 0.0 1.0
vn -0.426 -0.0 0.9047
vn -0.1651 0.0808 0.983
vn -0.2269 0.0178 0.9738
vn -0.6983 0.0558 0.7136
vn -0.5641 0.3474 0.7491
vn -0.0679 0.1819 0.981
vn -0.0657 0.1788 0.9817
vn -0.2295 0.5999 0.7665
vn -0.0672 0.6978 0.7132
vn -0.0644 0.6948 0.7163
vn -0.2303 0.6012 0.7652
vn -0.3262 0.6426 0.6933
vn -0.5703 0.3477 0.7442
vn -0.5665 0.25 0.7852
vn -0.6961 0.0567 0.7157
vn 0.0 -0.0 1.0
vn -0.3262 0.6425 0.6933
vn 0.0 -0.0 1.0
vn -0.3865 0.3865 0.8374
vn 0.0 0.526 0.8505
vn 0.0 0.0 1.0
vn -0.526 -0.0 0.8505
vn -0.5259 -0.0 0.8505
vn -0.6425 0.3262 0.6934
vn -0.4629 0.4629 0.7559
vn -0.3262 0.6426 0.6933
vn -0.3262 0.6426 0.6934
vn -0.6426 0.3262 0.6934
vn 0.0 0.5259 0.8505
vn -0.7071 -0.0 0.7071
vn -0.5258 -0.0 0.8506
vn -0.0 0.0 1.0
vn -0.426 -0.0 0.9047
vn -0.3865 -0.3865 0.8374
vn -0.526 0.0 0.8505
vn -0.0 0.0 1.0
vn 0.0 -0.526 0.8505
vn 0.0 -0.5259 0.8505
vn -0.3262 -0.6425 0.6934
vn -0.4629 -0.4629 0.7559
vn -0.6426 -0.3262 0.6933
vn -0.6426 -0.3262 0.6934
vn -0.3262 -0.6426 0.6934
vn -0.5259 0.0 0.8505
vn -0.0808 -0.1651 0.983
vn -0.0178 -0.2269 0.9738
vn -0.0558 -0.6983 0.7136
vn -0.3474 -0.5641 0.7491
vn -0.1819 -0.0679 0.981
vn -0.1788 -0.0657 0.9817
vn -0.5999 -0.2295 0.7665
vn -0.6978 -0.0672 0.7132
vn -0.6948 -0.0644 0.7163
vn -0.6012 -0.2303 0.7652
vn -0.6426 -0.3262 0.6933
vn -0.3477 -0.5703 0.7442
vn -0.25 -0.5665 0.7852
vn -0.0567 -0.6961 0.7157
vn 0.0 0.0 1.0
vn -0.6425 -0.3262 0.6933
vn -0.7071 -0.0 0.7071
vn -0.5258 -0.0 0.8506
vn -0.0 0.0 1.0
vn -0.426 -0.0 0.9047
vn -0.3865 -0.3865 0.8374
vn -0.526 0.0 0.8505
vn -0.0 0.0 1.0
vn 0.0 -0.526 0.8505
vn 0.0 -0.5259 0.8505
vn -0.3262 -0.6425 0.6934
vn -0.4629 -0.4629 0.7559
vn -0.6426 -0.3262 0.6933
vn -0.6426 -0.3262 0.6934
vn -0.3262 -0.6426 0.6934
vn -0.5259 0.0 0.8505
vn -0.0 -0.0 1.0
vn 0.0 -0.0 1.0
vn -0.0 0.7071 0.7071
vn -0.0 0.5258 0.8506
vn 0.0 0.0 1.0
vn -0.0 0.426 0.9047
vn 0.0 -0.0 1.0
vn 0.0 -0.0 1.0
vn 0.0 -0.7071 0.7071
vn 0.0 -0.5258 0.8506
vn -0.0 -0.0 1.0
vn 0.0 -0.426 0.9047
vn -0.0 -0.0 1.0
vn -0.0 -0.0 1.0
vn -0.0 -0.0 1.0
vn 0.0 -0.0 1.0
vn 0.0 -0.0 1.0
vn 0.0 -0.0 1.0
vn 0.0 -0.0 1.0
vn 0.0 -0.0 1.0
vn 0.0 -0.0 1.0
vn 0.0 -0.0 1.0
vn 0.0 -0.0 1.0
vn 0.0 -0.0 1.0
vn 0.0 -0.0 1.0
vn 0.0 -0.0 1.0
vn 0.0 -0.0 1.0
vn 0.0 -0.0 1.0
vn 0.0 -0.0 1.0
vn 0.0 -0.0 1.0
vn 0.0 -0.0 1.0
c 1.0 1.0 1.0
c 1.0 1.0 1.0
c 1.0 1.0 1.0
c 1.0 1.0 1.0
c 1.0 1.0 1.0
c 1.0 1.0 1.0
c 1.0 1.0 1.0
c 1.0 1.0 1.0
c 1.0 1.0 1.0
c 1.0 1.0 1.0
c 1.0 1.0 1.0
c 1.0 1.0 1.0
c 1.0 1.0 1.0
c 1.0 1.0 1.0
c 1.0 1.0 1.0
c 1.0 1.0 1.0
c 1.0 1.0 1.0
c 1.0 1.0 1.0
c 1.0 1.0 1.0
c 1.0 1.0 1.0
c 1.0 1.0 1.0
c 1.0 1.0 1.0
c 1.0 1.0 1.0
c 1.0 1.0 1.0
c 1.0 1.0 1.0
c 1.0 1.0 1.0
c 1.0 1.0 1.0
c 1.0 1.0 1.0
c 1.0 1.0 1.0
c 1.0 1.0 1.0
c 1.0 1.0 1.0
c 1.0 1.0 1.0
c 1.0 1.0 1.0
c 1.0 1.0 1.0
c 1.0 1.0 1.0
c 1.0 1.0 1.0
c 1.0 1.0 1.0
c 1.0 1.0 1.0
c 1.0 1.0 1.0
c 1.0 1.0 1.0
c 1.0 1.0 1.0
c 1.0 1.0 1.0
c 1.0 1.0 1.0
c 1.0 1.0 1.0
c 1.0 1.0 1.0
c 1.0 1.0 1.0
c 1.0 1.0 1.0
c 1.0 1.0 1.0
c 1.0 1.0 1.0
c 1.0 1.0 1.0
c 1.0 1.0 1.0
c 1.0 1.0 1.0
c 1.0 1.0 1.0
c 1.0 1.0 1.0
c 1.0 1.0 1.0
c 1.0 1.0 1.0
c 1.0 1.0 1.0
c 1.0 1.0 1.0
c 1.0 1.0 1.0
c 1.0 1.0 1.0
c 1.0 1.0 1.0
c 1.0 1.0 1.0
c 1.0 1.0 1.0
c 1.0 1.0 1.0
c 1.0 1.0 1.0
c 1.0 1.0 1.0
c 1.0 1.0 1.0
c 1.0 1.0 1.0
c 1.0 1.0 1.0
c 1.0 1.0 1.0
c 1.0 1.0 1.0
c 1.0 1.0 1.0
c 1.0 1.0 1.0
c 1.0 1.0 1.0
c 1.0 1.0 1.0
c 1.0 1.0 1.0
c 1.0 1.0 1.0
c 1.0 1.0 1.0
c 1.0 1.0 1.0
c 1.0 1.0 1.0
c 1.0 1.0 1.0
c 1.0 1.0 1.0
c 1.0 1.0 1.0
c 1.0 1.0 1.0
c 1.0 1.0 1.0
c 1.0 1.0 1.0
c 1.0 1.0 1.0
c 1.0 1.0 1.0
c 1.0 1.0 1.0
c 1.0 1.0 1.0
c 1.0 1.0 1.0
c 1.0 1.0 1.0
c 1.0 1.0 1.0
c 1.0 1.0 1.0
c 1.0 1.0 1.0
c 1.0 1.0 1.0
c 1.0 1.0 1.0
c 1.0 1.0 1.0
c 1.0 1.0 1.0
c 1.0 1.0 1.0
c 1.0 1.0 1.0
c 1.0 1.0 1.0
c 1.0 1.0 1.0
c 1.0 1.0 1.0
c 1.0 1.0 1.0
c 1.0 1.0 1.0
c 1.0 1.0 1.0
c 1.0 1.0 1.0
c 1.0 1.0 1.0
c 1.0 1.0 1.0
c 1.0 1.0 1.0
c 1.0 1.0 1.0
c 1.0 1.0 1.0
c 1.0 1.0 1.0
c 1.0 1.0 1.0
c 1.0 1.0 1.0
c 1.0 1.0 1.0
c 1.0 1.0 1.0
c 1.0 1.0 1.0
c 1.0 1.0 1.0
c 1.0 1.0 1.0
c 1.0 1.0 1.0
c 1.0 1.0 1.0
c 1.0 1.0 1.0
c 1.0 1.0 1.0
c 1.0 1.0 1.0
c 1.0 1.0 1.0
c 1.0 1.0 1.0
c 1.0 1.0 1.0
c 1.0 1.0 1.0
c 1.0 1.0 1.0
c 1.0 1.0 1.0
c 1.0 1.0 1.0
c 1.0 1.0 1.0
c 1.0 1.0 1.0
c 1.0 1.0 1.0
c 1.0 1.0 1.0
c 1.0 1.0 1.0
c 1.0 1.0 1.0
c 1.0 1.0 1.0
c 1.0 1.0 1.0
c 1.0 1.0 1.0
c 1.0 1.0 1.0
c 1.0 1.0 1.0
c 1.0 1.0 1.0
c 1.0 1.0 1.0
c 1.0 1.0 1.0
c 1.0 1.0 1.0
c 1.0 1.0 1.0
c 1.0 1.0 1.0
c 1.0 1.0 1.0
c 1.0 1.0 1.0
c 1.0 1.0 1.0
c 1.0 1.0 1.0
c 1.0 1.0 1.0
c 1.0 1.0 1.0
c 1.0 1.0 1.0
c 1.0 1.0 1.0
c 1.0 1.0 1.0
c 1.0 1.0 1.0
c 1.0 1.0 1.0
c 1.0 1.0 1.0
c 1.0 1.0 1.0
c 1.0 1.0 1.0
c 1.0 1.0 1.0
c 1.0 1.0 1.0
c 1.0 1.0 1.0
c 1.0 1.0 1.0
c 1.0 1.0 1.0
c 1.0 1.0 1.0
c 1.0 1.0 1.0
c 1.0 1.0 1.0
c 1.0 1.0 1.0
c 1.0 1.0 1.0
c 1.0 1.0 1.0
c 1.0 1.0 1.0
c 1.0 1.0 1.0
c 1.0 1.0 1.0
c 1.0 1.0 1.0
c 1.0 1.0 1.0
c 1.0 1.0 1.0
c 1.0 1.0 1.0
c 1.0 1.0 1.0
c 1.0 1.0 1.0
c 1.0 1.0 1.0
c 1.0 1.0 1.0
c 1.0 1.0 1.0
c 1.0 1.0 1.0
c 1.0 1.0 1.0
c 1.0 1.0 1.0
c 1.0 1.0 1.0
c 1.0 1.0 1.0
c 1.0 1.0 1.0
c 1.0 1.0 1.0
c 1.0 1.0 1.0
c 1.0 1.0 1.0
c 1.0 1.0 1.0
c 1.0 1.0 1.0
c 1.0 1.0 1.0
c 1.0 1.0 1.0
c 1.0 1.0 1.0
c 1.0 1.0 1.0
c 1.0 1.0 1.0
c 1.0 1.0 1.0
c 1.0 1.0 1.0
c 1.0 1.0 1.0
c 1.0 1.0 1.0
c 1.0 1.0 1.0
c 1.0 1.0 1.0
c 1.0 1.0 1.0
c 1.0 1.0 1.0
c 1.0 1.0 1.0
c 1.0 1.0 1.0
c 1.0 1.0 1.0
c 1.0 1.0 1.0
c 1.0 1.0 1.0
c 1.0 1.0 1.0
c 1.0 1.0 1.0
c 1.0 1.0 1.0
c 1.0 1.0 1.0
c 1.0 1.0 1.0
c 1.0 1.0 1.0
c 1.0 1.0 1.0
c 1.0 1.0 1.0
c 1.0 1.0 1.0
c 1.0 1.0 1.0
c 1.0 1.0 1.0
c 1.0 1.0 1.0
c 1.0 1.0 1.0
c 1.0 1.0 1.0
c 1.0 1.0 1.0
c 1.0 1.0 1.0
c 1.0 1.0 1.0
c 1.0 1.0 1.0
c 1.0 1.0 1.0
c 1.0 1.0 1.0
c 1.0 1.0 1.0
c 1.0 1.0 1.0
c 1.0 1.0 1.0
c 1.0 1.0 1.0
c 1.0 1.0 1.0
c 1.0 1.0 1.0
c 1.0 1.0 1.0
c 1.0 1.0 1.0
c 1.0 1.0 1.0
c 1.0 1.0 1.0
c 1.0 1.0 1.0
usemtl sea_zanami2
s off
f 12/11/1/1 13/12/1/1 14/13/1/1 15/14/1/1
f 16/15/1/1 12/16/1/1 15/17/1/1 17/18/1/1
f 34/36/2/2 35/37/2/2 36/38/2/2 37/39/2/2
f 50/54/7/3 51/55/7/3 52/56/7/3 53/57/7/3
f 70/76/13/5 71/77/13/5 72/78/13/5 73/79/13/5
f 90/98/19/7 91/99/19/7 92/100/19/7 93/101/19/7
f 110/120/25/9 111/121/25/9 112/122/25/9 113/123/25/9
f 130/142/31/11 131/143/31/11 132/144/31/11 133/145/31/11
f 151/164/36/12 152/165/36/12 153/166/36/12 154/167/36/12
f 155/168/36/12 151/169/36/12 154/170/36/12 156/171/36/12
f 178/193/37/13 179/194/37/13 180/195/37/13 181/196/37/13
f 182/197/37/13 178/198/37/13 181/199/37/13 183/200/37/13
f 194/236/42/14 195/237/42/14 196/238/42/14
f 197/239/42/14 198/240/42/14 199/241/42/14
usemtl sea_zanami
s off
f 5/23/1/1 6/24/1/1 7/25/1/1 8/26/1/1
f 28/40/2/2 29/41/2/2 30/42/6/2 31/43/2/2
f 29/44/2/2 32/45/2/2 33/46/2/2 30/47/6/2
f 44/58/7/3 45/59/7/3 46/60/11/3 47/61/7/3
f 45/62/7/3 48/63/7/3 49/64/7/3 46/65/11/3
f 64/80/13/5 65/81/13/5 66/82/17/5 67/83/13/5
f 65/84/13/5 68/85/13/5 69/86/13/5 66/87/17/5
f 84/102/19/7 85/103/19/7 86/104/23/7 87/105/19/7
f 85/106/19/7 88/107/19/7 89/108/19/7 86/109/23/7
f 104/124/25/9 105/125/25/9 106/126/29/9 107/127/25/9
f 105/128/25/9 108/129/25/9 109/130/25/9 106/131/29/9
f 124/146/31/11 125/147/31/11 126/148/35/11 127/149/31/11
f 125/150/31/11 128/151/31/11 129/152/31/11 126/153/35/11
f 144/176/36/12 145/177/36/12 146/178/36/12 147/179/36/12
f 171/205/37/13 172/206/37/13 173/207/37/13 174/208/37/13
f 212/212/38/14 213/213/39/14 214/214/40/14 215/215/41/14
f 1/19/1/1 2/20/1/1 3/21/1/1
f 2/20/1/1 4/22/1/1 3/21/1/1
f 9/27/1/1 10/28/1/1 11/29/1/1
f 140/172/36/12 141/173/36/12 142/174/36/12
f 141/173/36/12 143/175/36/12 142/174/36/12
f 148/180/36/12 149/181/36/12 150/182/36/12
f 167/201/37/13 168/202/37/13 169/203/37/13
f 168/202/37/13 170/204/37/13 169/203/37/13
f 175/209/37/13 176/210/37/13 177/211/37/13
f 216/216/42/14 217/217/42/14 218/218/42/14
f 217/217/42/14 219/219/42/14 218/218/42/14
f 218/218/42/14 219/219/42/14 220/220/42/14
f 219/219/42/14 221/221/42/14 220/220/42/14
f 222/222/42/14 215/215/41/14 214/214/40/14
f 212/212/38/14 223/223/42/14 213/213/39/14
usemtl sea_mizu1_1
s off
f 2650/2684/975/232 2651/2686/975/232 2652/2687/975/232 2653/2685/975/232
f 2654/2688/976/233 2655/2690/976/233 2656/2691/976/233 2657/2689/976/233
f 2658/2694/977/234 2659/2692/977/234 2660/2693/977/234 2661/2695/977/234
f 2662/2698/978/235 2663/2696/978/235 2664/2697/978/235 2665/2699/978/235
f 2666/2700/979/236 2667/2702/979/236 2668/2703/979/236 2669/2701/979/236
f 2670/2704/980/237 2671/2706/980/237 2672/2707/980/237 2673/2705/980/237
f 2674/2710/981/238 2675/2708/981/238 2676/2709/981/238 2677/2711/981/238
f 2678/2714/982/239 2679/2712/982/239 2680/2713/982/239 2681/2715/982/239
f 2682/2716/983/240 2683/2718/983/240 2684/2719/983/240 2685/2717/983/240
f 2686/2720/984/241 2687/2722/984/241 2688/2723/984/241 2689/2721/984/241
f 2690/2726/985/242 2691/2724/985/242 2692/2725/985/242 2693/2727/985/242
f 2694/2730/986/243 2695/2728/986/243 2696/2729/986/243 2697/2731/986/243
f 2698/2732/987/244 2699/2734/987/244 2700/2735/987/244 2701/2733/987/244
f 2702/2736/988/245 2703/2738/988/245 2704/2739/988/245 2705/2737/988/245
f 2706/2742/989/246 2707/2740/989/246 2708/2741/989/246 2709/2743/989/246
f 2710/2746/990/247 2711/2744/990/247 2712/2745/990/247 2713/2747/990/247
usemtl sea_jimen
s off
f 61/66/12/4 63/67/12/4 62/68/12/4 60/69/12/4
f 81/88/18/6 83/89/18/6 82/90/18/6 80/91/18/6
f 101/110/24/8 103/111/24/8 102/112/24/8 100/113/24/8
f 121/132/30/10 123/133/30/10 122/134/30/10 120/135/30/10
f 1003/1036/125/78 1005/1037/125/78 1004/1038/125/78 1002/1039/125/78
f 1017/1050/130/80 1019/1051/130/80 1018/1052/130/80 1016/1053/130/80
f 1031/1064/135/82 1033/1065/135/82 1032/1066/135/82 1030/1067/135/82
f 1045/1078/140/84 1047/1079/140/84 1046/1080/140/84 1044/1081/140/84
f 1059/1092/145/86 1061/1093/145/86 1060/1094/145/86 1058/1095/145/86
f 1073/1106/150/88 1075/1107/150/88 1074/1108/150/88 1072/1109/150/88
f 1087/1120/155/90 1089/1121/155/90 1088/1122/155/90 1086/1123/155/90
f 1183/1216/209/98 1185/1217/209/98 1184/1218/209/98 1182/1219/209/98
f 1187/1220/210/99 1189/1221/210/99 1188/1222/210/99 1186/1223/210/99
f 1243/1276/242/103 1245/1277/242/103 1244/1278/242/103 1242/1279/242/103
f 1289/1322/270/106 1291/1323/270/106 1290/1324/270/106 1288/1325/270/106
f 1293/1326/271/107 1295/1327/271/107 1294/1328/271/107 1292/1329/271/107
f 1349/1382/303/111 1351/1383/303/111 1350/1384/303/111 1348/1385/303/111
f 1353/1386/304/112 1355/1387/304/112 1354/1388/304/112 1352/1389/304/112
f 1367/1400/309/114 1369/1401/309/114 1368/1402/309/114 1366/1403/309/114
f 1403/1436/330/117 1405/1437/330/117 1404/1438/330/117 1402/1439/330/117
f 1449/1482/358/120 1451/1483/358/120 1450/1484/358/120 1448/1485/358/120
f 1463/1496/363/122 1465/1497/363/122 1464/1498/363/122 1462/1499/363/122
f 1487/1520/372/125 1489/1521/372/125 1488/1522/372/125 1486/1523/372/125
f 1547/1580/405/130 1549/1581/405/130 1548/1582/405/130 1546/1583/405/130
f 1551/1584/406/131 1553/1585/406/131 1552/1586/406/131 1550/1587/406/131
f 1555/1588/407/132 1557/1589/407/132 1556/1590/407/132 1554/1591/407/132
f 1569/1602/412/134 1571/1603/412/134 1570/1604/412/134 1568/1605/412/134
f 1583/1616/417/136 1585/1617/417/136 1584/1618/417/136 1582/1619/417/136
f 1587/1620/418/137 1589/1621/418/137 1588/1622/418/137 1586/1623/418/137
f 1633/1666/446/140 1635/1667/446/140 1634/1668/446/140 1632/1669/446/140
f 1637/1670/447/141 1639/1671/447/141 1638/1672/447/141 1636/1673/447/141
f 1703/1736/483/146 1705/1737/483/146 1704/1738/483/146 1702/1739/483/146
f 1707/1740/484/147 1709/1741/484/147 1708/1742/484/147 1706/1743/484/147
f 1721/1754/489/149 1723/1755/489/149 1722/1756/489/149 1720/1757/489/149
f 1725/1758/490/150 1727/1759/490/150 1726/1760/490/150 1724/1761/490/150
f 1729/1762/491/151 1731/1763/491/151 1730/1764/491/151 1728/1765/491/151
f 1877/1910/576/160 1879/1911/576/160 1878/1912/576/160 1876/1913/576/160
f 1891/1924/581/162 1893/1925/581/162 1892/1926/581/162 1890/1927/581/162
f 1905/1938/586/164 1907/1939/586/164 1906/1940/586/164 1904/1941/586/164
f 1923/1956/592/167 1925/1957/592/167 1924/1958/592/167 1922/1959/592/167
f 1927/1960/593/168 1929/1961/593/168 1928/1962/593/168 1926/1963/593/168
f 1931/1964/594/169 1933/1965/594/169 1932/1966/594/169 1930/1967/594/169
f 1987/2020/626/173 1989/2021/626/173 1988/2022/626/173 1986/2023/626/173
f 1991/2024/627/174 1993/2025/627/174 1992/2026/627/174 1990/2027/627/174
f 2027/2060/648/177 2029/2061/648/177 2028/2062/648/177 2026/2063/648/177
f 2031/2064/649/178 2033/2065/649/178 2032/2066/649/178 2030/2067/649/178
f 2035/2068/650/179 2037/2069/650/179 2036/2070/650/179 2034/2071/650/179
f 2091/2124/682/183 2093/2125/682/183 2092/2126/682/183 2090/2127/682/183
f 2095/2128/683/184 2097/2129/683/184 2096/2130/683/184 2094/2131/683/184
f 2099/2132/684/185 2101/2133/684/185 2100/2134/684/185 2098/2135/684/185
f 2103/2136/685/186 2105/2137/685/186 2104/2138/685/186 2102/2139/685/186
f 2201/2234/744/192 2203/2235/744/192 2202/2236/744/192 2200/2237/744/192
f 2265/2298/775/197 2267/2299/775/197 2266/2300/775/197 2264/2301/775/197
f 2311/2344/803/200 2313/2345/803/200 2312/2346/803/200 2310/2347/803/200
f 2339/2372/813/204 2341/2373/813/204 2340/2374/813/204 2338/2375/813/204
f 2343/2376/814/205 2345/2377/814/205 2344/2378/814/205 2342/2379/814/205
f 2461/2494/881/213 2463/2495/881/213 2462/2496/881/213 2460/2497/881/213
f 2497/2530/902/216 2499/2531/902/216 2498/2532/902/216 2496/2533/902/216
f 2607/2640/961/224 2609/2641/961/224 2608/2642/961/224 2606/2643/961/224
f 2621/2654/966/226 2623/2655/966/226 2622/2656/966/226 2620/2657/966/226
f 2625/2658/967/227 2627/2659/967/227 2626/2660/967/227 2624/2661/967/227
usemtl kusa_ec3
s off
f 296/328/60/19 297/329/60/19 294/330/60/19 295/331/60/19
f 308/340/61/20 309/341/61/20 306/342/61/20 307/343/61/20
f 320/352/62/21 321/353/62/21 318/354/62/21 319/355/62/21
f 332/364/63/22 333/365/63/22 330/366/63/22 331/367/63/22
f 344/376/64/23 345/377/64/23 342/378/64/23 343/379/64/23
f 356/388/65/24 357/389/65/24 354/390/65/24 355/391/65/24
f 368/400/66/25 369/401/66/25 366/402/66/25 367/403/66/25
f 380/412/67/26 381/413/67/26 378/414/67/26 379/415/67/26
f 392/424/68/27 393/425/68/27 390/426/68/27 391/427/68/27
f 404/436/69/28 405/437/69/28 402/438/69/28 403/439/69/28
f 416/448/70/29 417/449/70/29 414/450/70/29 415/451/70/29
f 428/460/71/30 429/461/71/30 426/462/71/30 427/463/71/30
f 440/472/72/31 441/473/72/31 438/474/72/31 439/475/72/31
f 452/484/73/32 453/485/73/32 450/486/73/32 451/487/73/32
f 464/496/74/33 465/497/74/33 462/498/74/33 463/499/74/33
f 476/508/75/34 477/509/75/34 474/510/75/34 475/511/75/34
f 488/520/76/35 489/521/76/35 486/522/76/35 487/523/76/35
f 500/532/77/36 501/533/77/36 498/534/77/36 499/535/77/36
f 512/544/78/37 513/545/78/37 510/546/78/37 511/547/78/37
f 524/556/79/38 525/557/79/38 522/558/79/38 523/559/79/38
f 536/568/80/39 537/569/80/39 534/570/80/39 535/571/80/39
f 548/580/81/40 549/581/81/40 546/582/81/40 547/583/81/40
f 560/592/82/41 561/593/82/41 558/594/82/41 559/595/82/41
f 572/604/83/42 573/605/83/42 570/606/83/42 571/607/83/42
f 600/632/88/44 601/633/88/44 598/634/88/44 599/635/88/44
f 612/644/89/45 613/645/89/45 610/646/89/45 611/647/89/45
f 624/656/90/46 625/657/90/46 622/658/90/46 623/659/90/46
f 636/668/91/47 637/669/91/47 634/670/91/47 635/671/91/47
f 664/696/96/49 665/697/96/49 662/698/96/49 663/699/96/49
f 676/708/97/50 677/709/97/50 674/710/97/50 675/711/97/50
f 688/720/98/51 689/721/98/51 686/722/98/51 687/723/98/51
f 700/732/99/52 701/733/99/52 698/734/99/52 699/735/99/52
f 712/744/100/53 713/745/100/53 710/746/100/53 711/747/100/53
f 724/756/101/54 725/757/101/54 722/758/101/54 723/759/101/54
f 736/768/102/55 737/769/102/55 734/770/102/55 735/771/102/55
f 748/780/103/56 749/781/103/56 746/782/103/56 747/783/103/56
f 760/792/104/57 761/793/104/57 758/794/104/57 759/795/104/57
f 772/804/105/58 773/805/105/58 770/806/105/58 771/807/105/58
f 784/816/106/59 785/817/106/59 782/818/106/59 783/819/106/59
f 796/828/107/60 797/829/107/60 794/830/107/60 795/831/107/60
f 808/840/108/61 809/841/108/61 806/842/108/61 807/843/108/61
f 820/852/109/62 821/853/109/62 818/854/109/62 819/855/109/62
f 832/864/110/63 833/865/110/63 830/866/110/63 831/867/110/63
f 844/876/111/64 845/877/111/64 842/878/111/64 843/879/111/64
f 856/888/112/65 857/889/112/65 854/890/112/65 855/891/112/65
f 868/900/113/66 869/901/113/66 866/902/113/66 867/903/113/66
f 880/912/114/67 881/913/114/67 878/914/114/67 879/915/114/67
f 892/924/115/68 893/925/115/68 890/926/115/68 891/927/115/68
f 904/936/116/69 905/937/116/69 902/938/116/69 903/939/116/69
f 916/948/117/70 917/949/117/70 914/950/117/70 915/951/117/70
f 928/960/118/71 929/961/118/71 926/962/118/71 927/963/118/71
f 940/972/119/72 941/973/119/72 938/974/119/72 939/975/119/72
f 952/984/120/73 953/985/120/73 950/986/120/73 951/987/120/73
f 964/996/121/74 965/997/121/74 962/998/121/74 963/999/121/74
f 976/1008/122/75 977/1009/122/75 974/1010/122/75 975/1011/122/75
f 988/1020/123/76 989/1021/123/76 986/1022/123/76 987/1023/123/76
f 1000/1032/124/77 1001/1033/124/77 998/1034/124/77 999/1035/124/77
usemtl kusa_ec1
s off
f 288/320/60/19 289/321/60/19 286/322/60/19 287/323/60/19
f 300/332/61/20 301/333/61/20 298/334/61/20 299/335/61/20
f 312/344/62/21 313/345/62/21 310/346/62/21 311/347/62/21
f 324/356/63/22 325/357/63/22 322/358/63/22 323/359/63/22
f 336/368/64/23 337/369/64/23 334/370/64/23 335/371/64/23
f 348/380/65/24 349/381/65/24 346/382/65/24 347/383/65/24
f 360/392/66/25 361/393/66/25 358/394/66/25 359/395/66/25
f 372/404/67/26 373/405/67/26 370/406/67/26 371/407/67/26
f 384/416/68/27 385/417/68/27 382/418/68/27 383/419/68/27
f 396/428/69/28 397/429/69/28 394/430/69/28 395/431/69/28
f 408/440/70/29 409/441/70/29 406/442/70/29 407/443/70/29
f 420/452/71/30 421/453/71/30 418/454/71/30 419/455/71/30
f 432/464/72/31 433/465/72/31 430/466/72/31 431/467/72/31
f 444/476/73/32 445/477/73/32 442/478/73/32 443/479/73/32
f 456/488/74/33 457/489/74/33 454/490/74/33 455/491/74/33
f 468/500/75/34 469/501/75/34 466/502/75/34 467/503/75/34
f 480/512/76/35 481/513/76/35 478/514/76/35 479/515/76/35
f 492/524/77/36 493/525/77/36 490/526/77/36 491/527/77/36
f 504/536/78/37 505/537/78/37 502/538/78/37 503/539/78/37
f 516/548/79/38 517/549/79/38 514/550/79/38 515/551/79/38
f 528/560/80/39 529/561/80/39 526/562/80/39 527/563/80/39
f 540/572/81/40 541/573/81/40 538/574/81/40 539/575/81/40
f 552/584/82/41 553/585/82/41 550/586/82/41 551/587/82/41
f 564/596/83/42 565/597/83/42 562/598/83/42 563/599/83/42
f 592/624/88/44 593/625/88/44 590/626/88/44 591/627/88/44
f 604/636/89/45 605/637/89/45 602/638/89/45 603/639/89/45
f 616/648/90/46 617/649/90/46 614/650/90/46 615/651/90/46
f 628/660/91/47 629/661/91/47 626/662/91/47 627/663/91/47
f 656/688/96/49 657/689/96/49 654/690/96/49 655/691/96/49
f 668/700/97/50 669/701/97/50 666/702/97/50 667/703/97/50
f 680/712/98/51 681/713/98/51 678/714/98/51 679/715/98/51
f 692/724/99/52 693/725/99/52 690/726/99/52 691/727/99/52
f 704/736/100/53 705/737/100/53 702/738/100/53 703/739/100/53
f 716/748/101/54 717/749/101/54 714/750/101/54 715/751/101/54
f 728/760/102/55 729/761/102/55 726/762/102/55 727/763/102/55
f 740/772/103/56 741/773/103/56 738/774/103/56 739/775/103/56
f 752/784/104/57 753/785/104/57 750/786/104/57 751/787/104/57
f 764/796/105/58 765/797/105/58 762/798/105/58 763/799/105/58
f 776/808/106/59 777/809/106/59 774/810/106/59 775/811/106/59
f 788/820/107/60 789/821/107/60 786/822/107/60 787/823/107/60
f 800/832/108/61 801/833/108/61 798/834/108/61 799/835/108/61
f 812/844/109/62 813/845/109/62 810/846/109/62 811/847/109/62
f 824/856/110/63 825/857/110/63 822/858/110/63 823/859/110/63
f 836/868/111/64 837/869/111/64 834/870/111/64 835/871/111/64
f 848/880/112/65 849/881/112/65 846/882/112/65 847/883/112/65
f 860/892/113/66 861/893/113/66 858/894/113/66 859/895/113/66
f 872/904/114/67 873/905/114/67 870/906/114/67 871/907/114/67
f 884/916/115/68 885/917/115/68 882/918/115/68 883/919/115/68
f 896/928/116/69 897/929/116/69 894/930/116/69 895/931/116/69
f 908/940/117/70 909/941/117/70 906/942/117/70 907/943/117/70
f 920/952/118/71 921/953/118/71 918/954/118/71 919/955/118/71
f 932/964/119/72 933/965/119/72 930/966/119/72 931/967/119/72
f 944/976/120/73 945/977/120/73 942/978/120/73 943/979/120/73
f 956/988/121/74 957/989/121/74 954/990/121/74 955/991/121/74
f 968/1000/122/75 969/1001/122/75 966/1002/122/75 967/1003/122/75
f 980/1012/123/76 981/1013/123/76 978/1014/123/76 979/1015/123/76
f 992/1024/124/77 993/1025/124/77 990/1026/124/77 991/1027/124/77
usemtl kusa_ec2
s off
f 292/324/60/19 293/325/60/19 290/326/60/19 291/327/60/19
f 304/336/61/20 305/337/61/20 302/338/61/20 303/339/61/20
f 316/348/62/21 317/349/62/21 314/350/62/21 315/351/62/21
f 328/360/63/22 329/361/63/22 326/362/63/22 327/363/63/22
f 340/372/64/23 341/373/64/23 338/374/64/23 339/375/64/23
f 352/384/65/24 353/385/65/24 350/386/65/24 351/387/65/24
f 364/396/66/25 365/397/66/25 362/398/66/25 363/399/66/25
f 376/408/67/26 377/409/67/26 374/410/67/26 375/411/67/26
f 388/420/68/27 389/421/68/27 386/422/68/27 387/423/68/27
f 400/432/69/28 401/433/69/28 398/434/69/28 399/435/69/28
f 412/444/70/29 413/445/70/29 410/446/70/29 411/447/70/29
f 424/456/71/30 425/457/71/30 422/458/71/30 423/459/71/30
f 436/468/72/31 437/469/72/31 434/470/72/31 435/471/72/31
f 448/480/73/32 449/481/73/32 446/482/73/32 447/483/73/32
f 460/492/74/33 461/493/74/33 458/494/74/33 459/495/74/33
f 472/504/75/34 473/505/75/34 470/506/75/34 471/507/75/34
f 484/516/76/35 485/517/76/35 482/518/76/35 483/519/76/35
f 496/528/77/36 497/529/77/36 494/530/77/36 495/531/77/36
f 508/540/78/37 509/541/78/37 506/542/78/37 507/543/78/37
f 520/552/79/38 521/553/79/38 518/554/79/38 519/555/79/38
f 532/564/80/39 533/565/80/39 530/566/80/39 531/567/80/39
f 544/576/81/40 545/577/81/40 542/578/81/40 543/579/81/40
f 556/588/82/41 557/589/82/41 554/590/82/41 555/591/82/41
f 568/600/83/42 569/601/83/42 566/602/83/42 567/603/83/42
f 596/628/88/44 597/629/88/44 594/630/88/44 595/631/88/44
f 608/640/89/45 609/641/89/45 606/642/89/45 607/643/89/45
f 620/652/90/46 621/653/90/46 618/654/90/46 619/655/90/46
f 632/664/91/47 633/665/91/47 630/666/91/47 631/667/91/47
f 660/692/96/49 661/693/96/49 658/694/96/49 659/695/96/49
f 672/704/97/50 673/705/97/50 670/706/97/50 671/707/97/50
f 684/716/98/51 685/717/98/51 682/718/98/51 683/719/98/51
f 696/728/99/52 697/729/99/52 694/730/99/52 695/731/99/52
f 708/740/100/53 709/741/100/53 706/742/100/53 707/743/100/53
f 720/752/101/54 721/753/101/54 718/754/101/54 719/755/101/54
f 732/764/102/55 733/765/102/55 730/766/102/55 731/767/102/55
f 744/776/103/56 745/777/103/56 742/778/103/56 743/779/103/56
f 756/788/104/57 757/789/104/57 754/790/104/57 755/791/104/57
f 768/800/105/58 769/801/105/58 766/802/105/58 767/803/105/58
f 780/812/106/59 781/813/106/59 778/814/106/59 779/815/106/59
f 792/824/107/60 793/825/107/60 790/826/107/60 791/827/107/60
f 804/836/108/61 805/837/108/61 802/838/108/61 803/839/108/61
f 816/848/109/62 817/849/109/62 814/850/109/62 815/851/109/62
f 828/860/110/63 829/861/110/63 826/862/110/63 827/863/110/63
f 840/872/111/64 841/873/111/64 838/874/111/64 839/875/111/64
f 852/884/112/65 853/885/112/65 850/886/112/65 851/887/112/65
f 864/896/113/66 865/897/113/66 862/898/113/66 863/899/113/66
f 876/908/114/67 877/909/114/67 874/910/114/67 875/911/114/67
f 888/920/115/68 889/921/115/68 886/922/115/68 887/923/115/68
f 900/932/116/69 901/933/116/69 898/934/116/69 899/935/116/69
f 912/944/117/70 913/945/117/70 910/946/117/70 911/947/117/70
f 924/956/118/71 925/957/118/71 922/958/118/71 923/959/118/71
f 936/968/119/72 937/969/119/72 934/970/119/72 935/971/119/72
f 948/980/120/73 949/981/120/73 946/982/120/73 947/983/120/73
f 960/992/121/74 961/993/121/74 958/994/121/74 959/995/121/74
f 972/1004/122/75 973/1005/122/75 970/1006/122/75 971/1007/122/75
f 984/1016/123/76 985/1017/123/76 982/1018/123/76 983/1019/123/76
f 996/1028/124/77 997/1029/124/77 994/1030/124/77 995/1031/124/77
usemtl wall01_g
s off
f 1048/1082/141/85 1049/1083/142/85 1050/1084/142/85 1051/1085/141/85
f 1049/1083/142/85 1052/1086/143/85 1053/1087/143/85 1050/1084/142/85
f 1054/1088/141/85 1055/1089/141/85 1056/1090/144/85 1057/1091/144/85
f 1062/1096/146/87 1063/1097/147/87 1064/1098/147/87 1065/1099/146/87
f 1063/1097/147/87 1066/1100/148/87 1067/1101/148/87 1064/1098/147/87
f 1068/1102/146/87 1069/1103/146/87 1070/1104/149/87 1071/1105/149/87
f 1076/1110/151/89 1077/1111/152/89 1078/1112/152/89 1079/1113/151/89
f 1077/1111/152/89 1080/1114/153/89 1081/1115/153/89 1078/1112/152/89
f 1082/1116/151/89 1083/1117/151/89 1084/1118/154/89 1085/1119/154/89
f 1095/1124/156/91 1096/1125/157/91 1097/1126/158/91 1098/1127/159/91
f 1099/1128/160/91 1100/1129/161/91 1101/1130/162/91 1102/1131/163/91
f 1100/1129/161/91 1095/1124/156/91 1098/1127/159/91 1101/1130/162/91
f 1112/1146/172/92 1113/1147/173/92 1114/1148/173/92 1115/1149/172/92
f 1113/1147/173/92 1116/1150/174/92 1117/1151/174/92 1114/1148/173/92
f 1118/1152/172/92 1119/1153/172/92 1120/1154/175/92 1121/1155/175/92
f 1122/1156/176/93 1123/1157/177/93 1124/1158/177/93 1125/1159/176/93
f 1123/1157/177/93 1126/1160/178/93 1127/1161/178/93 1124/1158/177/93
f 1128/1162/176/93 1129/1163/176/93 1130/1164/179/93 1131/1165/179/93
f 1140/1174/182/96 1141/1175/183/96 1142/1176/184/96 1143/1177/184/96
f 1144/1178/185/96 1145/1179/182/96 1146/1180/184/96 1147/1181/184/96
f 1205/1234/215/101 1206/1235/216/101 1207/1236/217/101 1208/1237/218/101
f 1209/1238/219/101 1210/1239/220/101 1211/1240/221/101 1212/1241/222/101
f 1210/1239/220/101 1205/1234/215/101 1208/1237/218/101 1211/1240/221/101
f 1222/1256/231/102 1223/1257/232/102 1224/1258/233/102 1225/1259/233/102
f 1226/1260/234/102 1227/1261/231/102 1228/1262/233/102 1229/1263/233/102
f 1246/1280/243/104 1247/1281/244/104 1248/1282/245/104 1249/1283/245/104
f 1250/1284/246/104 1251/1285/243/104 1252/1286/245/104 1253/1287/245/104
f 1296/1330/272/108 1297/1331/273/108 1298/1332/273/108 1299/1333/272/108
f 1297/1331/273/108 1300/1334/274/108 1301/1335/274/108 1298/1332/273/108
f 1302/1336/272/108 1303/1337/272/108 1304/1338/275/108 1305/1339/275/108
f 1311/1340/276/109 1312/1341/277/109 1313/1342/278/109 1314/1343/279/109
f 1315/1344/280/109 1316/1345/281/109 1317/1346/282/109 1318/1347/283/109
f 1316/1345/281/109 1311/1340/276/109 1314/1343/279/109 1317/1346/282/109
f 1328/1362/292/110 1329/1363/293/110 1330/1364/294/110 1331/1365/294/110
f 1332/1366/295/110 1333/1367/292/110 1334/1368/294/110 1335/1369/294/110
f 1370/1404/310/115 1371/1405/311/115 1372/1406/311/115 1373/1407/310/115
f 1371/1405/311/115 1374/1408/312/115 1375/1409/312/115 1372/1406/311/115
f 1376/1410/310/115 1377/1411/310/115 1378/1412/313/115 1379/1413/313/115
f 1406/1440/331/118 1407/1441/332/118 1408/1442/333/118 1409/1443/333/118
f 1410/1444/334/118 1411/1445/331/118 1412/1446/333/118 1413/1447/333/118
f 1476/1510/368/124 1477/1511/369/124 1478/1512/369/124 1479/1513/368/124
f 1477/1511/369/124 1480/1514/370/124 1481/1515/370/124 1478/1512/369/124
f 1482/1516/368/124 1483/1517/368/124 1484/1518/371/124 1485/1519/371/124
f 1490/1524/373/126 1491/1525/374/126 1492/1526/374/126 1493/1527/373/126
f 1491/1525/374/126 1494/1528/375/126 1495/1529/375/126 1492/1526/374/126
f 1496/1530/373/126 1497/1531/373/126 1498/1532/376/126 1499/1533/376/126
f 1509/1538/378/128 1510/1539/379/128 1511/1540/380/128 1512/1541/381/128
f 1513/1542/382/128 1514/1543/383/128 1515/1544/384/128 1516/1545/385/128
f 1514/1543/383/128 1509/1538/378/128 1512/1541/381/128 1515/1544/384/128
f 1526/1560/394/129 1527/1561/395/129 1528/1562/396/129 1529/1563/396/129
f 1530/1564/397/129 1531/1565/394/129 1532/1566/396/129 1533/1567/396/129
f 1558/1592/408/133 1559/1593/409/133 1560/1594/409/133 1561/1595/408/133
f 1559/1593/409/133 1562/1596/410/133 1563/1597/410/133 1560/1594/409/133
f 1564/1598/408/133 1565/1599/408/133 1566/1600/411/133 1567/1601/411/133
f 1595/1624/419/138 1596/1625/420/138 1597/1626/421/138 1598/1627/422/138
f 1599/1628/423/138 1600/1629/424/138 1601/1630/425/138 1602/1631/426/138
f 1600/1629/424/138 1595/1624/419/138 1598/1627/422/138 1601/1630/425/138
f 1612/1646/435/139 1613/1647/436/139 1614/1648/437/139 1615/1649/437/139
f 1616/1650/438/139 1617/1651/435/139 1618/1652/437/139 1619/1653/437/139
f 1640/1674/448/142 1641/1675/449/142 1642/1676/450/142 1643/1677/450/142
f 1644/1678/451/142 1645/1679/448/142 1646/1680/450/142 1647/1681/450/142
f 1660/1694/459/143 1661/1695/460/143 1662/1696/460/143 1663/1697/459/143
f 1661/1695/460/143 1664/1698/461/143 1665/1699/461/143 1662/1696/460/143
f 1666/1700/459/143 1667/1701/459/143 1668/1702/462/143 1669/1703/462/143
f 1692/1726/479/145 1693/1727/480/145 1694/1728/480/145 1695/1729/479/145
f 1693/1727/480/145 1696/1730/481/145 1697/1731/481/145 1694/1728/480/145
f 1698/1732/479/145 1699/1733/479/145 1700/1734/482/145 1701/1735/482/145
f 1710/1744/485/148 1711/1745/486/148 1712/1746/486/148 1713/1747/485/148
f 1711/1745/486/148 1714/1748/487/148 1715/1749/487/148 1712/1746/486/148
f 1716/1750/485/148 1717/1751/485/148 1718/1752/488/148 1719/1753/488/148
f 1732/1766/492/152 1733/1767/493/152 1734/1768/494/152 1735/1769/494/152
f 1736/1770/495/152 1737/1771/492/152 1738/1772/494/152 1739/1773/494/152
f 1752/1786/503/153 1753/1787/504/153 1754/1788/504/153 1755/1789/503/153
f 1753/1787/504/153 1756/1790/505/153 1757/1791/505/153 1754/1788/504/153
f 1758/1792/503/153 1759/1793/503/153 1760/1794/506/153 1761/1795/506/153
f 1762/1796/507/154 1763/1797/508/154 1764/1798/509/154 1765/1799/509/154
f 1766/1800/510/154 1767/1801/507/154 1768/1802/509/154 1769/1803/509/154
f 1787/1816/518/155 1788/1817/519/155 1789/1818/520/155 1790/1819/521/155
f 1791/1820/522/155 1792/1821/523/155 1793/1822/524/155 1794/1823/525/155
f 1792/1821/523/155 1787/1816/518/155 1790/1819/521/155 1793/1822/524/155
f 1804/1838/534/156 1805/1839/535/156 1806/1840/536/156 1807/1841/536/156
f 1808/1842/537/156 1809/1843/534/156 1810/1844/536/156 1811/1845/536/156
f 1834/1868/549/158 1835/1869/550/158 1836/1870/551/158 1837/1871/551/158
f 1838/1872/552/158 1839/1873/549/158 1840/1874/551/158 1841/1875/551/158
f 1880/1914/577/161 1881/1915/578/161 1882/1916/578/161 1883/1917/577/161
f 1881/1915/578/161 1884/1918/579/161 1885/1919/579/161 1882/1916/578/161
f 1886/1920/577/161 1887/1921/577/161 1888/1922/580/161 1889/1923/580/161
f 1908/1942/587/165 1909/1943/588/165 1910/1944/588/165 1911/1945/587/165
f 1909/1943/588/165 1912/1946/589/165 1913/1947/589/165 1910/1944/588/165
f 1914/1948/587/165 1915/1949/587/165 1916/1950/590/165 1917/1951/590/165
f 1949/1978/599/171 1950/1979/600/171 1951/1980/601/171 1952/1981/602/171
f 1953/1982/603/171 1954/1983/604/171 1955/1984/605/171 1956/1985/606/171
f 1954/1983/604/171 1949/1978/599/171 1952/1981/602/171 1955/1984/605/171
f 1966/2000/615/172 1967/2001/616/172 1968/2002/617/172 1969/2003/617/172
f 1970/2004/618/172 1971/2005/615/172 1972/2006/617/172 1973/2007/617/172
f 2016/2050/644/176 2017/2051/645/176 2018/2052/645/176 2019/2053/644/176
f 2017/2051/645/176 2020/2054/646/176 2021/2055/646/176 2018/2052/645/176
f 2022/2056/644/176 2023/2057/644/176 2024/2058/647/176 2025/2059/647/176
f 2038/2072/651/180 2039/2073/652/180 2040/2074/653/180 2041/2075/653/180
f 2042/2076/654/180 2043/2077/651/180 2044/2078/653/180 2045/2079/653/180
f 2058/2092/662/181 2059/2093/663/181 2060/2094/663/181 2061/2095/662/181
f 2059/2093/663/181 2062/2096/664/181 2063/2097/664/181 2060/2094/663/181
f 2064/2098/662/181 2065/2099/662/181 2066/2100/665/181 2067/2101/665/181
f 2106/2140/686/187 2107/2141/687/187 2108/2142/688/187 2109/2143/688/187
f 2110/2144/689/187 2111/2145/686/187 2112/2146/688/187 2113/2147/688/187
f 2126/2160/697/188 2127/2161/698/188 2128/2162/698/188 2129/2163/697/188
f 2127/2161/698/188 2130/2164/699/188 2131/2165/699/188 2128/2162/698/188
f 2132/2166/697/188 2133/2167/697/188 2134/2168/700/188 2135/2169/700/188
f 2163/2192/717/190 2164/2193/718/190 2165/2194/719/190 2166/2195/720/190
f 2167/2196/721/190 2168/2197/722/190 2169/2198/723/190 2170/2199/724/190
f 2168/2197/722/190 2163/2192/717/190 2166/2195/720/190 2169/2198/723/190
f 2180/2214/733/191 2181/2215/734/191 2182/2216/735/191 2183/2217/735/191
f 2184/2218/736/191 2185/2219/733/191 2186/2220/735/191 2187/2221/735/191
f 2204/2238/745/193 2205/2239/746/193 2206/2240/747/193 2207/2241/747/193
f 2208/2242/748/193 2209/2243/745/193 2210/2244/747/193 2211/2245/747/193
f 2224/2258/756/194 2225/2259/757/194 2226/2260/757/194 2227/2261/756/194
f 2225/2259/757/194 2228/2262/758/194 2229/2263/758/194 2226/2260/757/194
f 2230/2264/756/194 2231/2265/756/194 2232/2266/759/194 2233/2267/759/194
f 2234/2268/760/195 2235/2269/761/195 2236/2270/762/195 2237/2271/762/195
f 2238/2272/763/195 2239/2273/760/195 2240/2274/762/195 2241/2275/762/195
f 2254/2288/771/196 2255/2289/772/196 2256/2290/772/196 2257/2291/771/196
f 2255/2289/772/196 2258/2292/773/196 2259/2293/773/196 2256/2290/772/196
f 2260/2294/771/196 2261/2295/771/196 2262/2296/774/196 2263/2297/774/196
f 2268/2302/776/198 2269/2303/777/198 2270/2304/778/198 2271/2305/778/198
f 2272/2306/779/198 2273/2307/776/198 2274/2308/778/198 2275/2309/778/198
f 2314/2348/804/201 2315/2349/805/201 2316/2350/805/201 2317/2351/804/201
f 2315/2349/805/201 2318/2352/806/201 2319/2353/806/201 2316/2350/805/201
f 2320/2354/804/201 2321/2355/804/201 2322/2356/807/201 2323/2357/807/201
f 2351/2380/815/206 2352/2381/816/206 2353/2382/817/206 2354/2383/818/206
f 2355/2384/819/206 2356/2385/820/206 2357/2386/821/206 2358/2387/822/206
f 2356/2385/820/206 2351/2380/815/206 2354/2383/818/206 2357/2386/821/206
f 2368/2402/831/207 2369/2403/832/207 2370/2404/832/207 2371/2405/831/207
f 2369/2403/832/207 2372/2406/833/207 2373/2407/833/207 2370/2404/832/207
f 2374/2408/831/207 2375/2409/831/207 2376/2410/834/207 2377/2411/834/207
f 2378/2412/835/208 2379/2413/836/208 2380/2414/837/208 2381/2415/837/208
f 2382/2416/838/208 2383/2417/835/208 2384/2418/837/208 2385/2419/837/208
f 2398/2432/846/209 2399/2433/847/209 2400/2434/848/209 2401/2435/848/209
f 2402/2436/849/209 2403/2437/846/209 2404/2438/848/209 2405/2439/848/209
f 2418/2452/857/210 2419/2453/858/210 2420/2454/858/210 2421/2455/857/210
f 2419/2453/858/210 2422/2456/859/210 2423/2457/859/210 2420/2454/858/210
f 2424/2458/857/210 2425/2459/857/210 2426/2460/860/210 2427/2461/860/210
f 2450/2484/877/212 2451/2485/878/212 2452/2486/878/212 2453/2487/877/212
f 2451/2485/878/212 2454/2488/879/212 2455/2489/879/212 2452/2486/878/212
f 2456/2490/877/212 2457/2491/877/212 2458/2492/880/212 2459/2493/880/212
f 2464/2498/882/214 2465/2499/883/214 2466/2500/883/214 2467/2501/882/214
f 2465/2499/883/214 2468/2502/884/214 2469/2503/884/214 2466/2500/883/214
f 2470/2504/882/214 2471/2505/882/214 2472/2506/885/214 2473/2507/885/214
f 2500/2534/903/217 2501/2535/904/217 2502/2536/905/217 2503/2537/905/217
f 2504/2538/906/217 2505/2539/903/217 2506/2540/905/217 2507/2541/905/217
f 2520/2554/914/218 2521/2555/915/218 2522/2556/915/218 2523/2557/914/218
f 2521/2555/915/218 2524/2558/916/218 2525/2559/916/218 2522/2556/915/218
f 2526/2560/914/218 2527/2561/914/218 2528/2562/917/218 2529/2563/917/218
f 2530/2564/918/219 2531/2565/919/219 2532/2566/920/219 2533/2567/920/219
f 2534/2568/921/219 2535/2569/918/219 2536/2570/920/219 2537/2571/920/219
f 2555/2584/929/220 2556/2585/930/220 2557/2586/931/220 2558/2587/932/220
f 2559/2588/933/220 2560/2589/934/220 2561/2590/935/220 2562/2591/936/220
f 2560/2589/934/220 2555/2584/929/220 2558/2587/932/220 2561/2590/935/220
f 2572/2606/945/221 2573/2607/946/221 2574/2608/946/221 2575/2609/945/221
f 2573/2607/946/221 2576/2610/947/221 2577/2611/947/221 2574/2608/946/221
f 2578/2612/945/221 2579/2613/945/221 2580/2614/948/221 2581/2615/948/221
f 2582/2616/949/222 2583/2617/950/222 2584/2618/951/222 2585/2619/951/222
f 2586/2620/952/222 2587/2621/949/222 2588/2622/951/222 2589/2623/951/222
f 2628/2662/968/228 2629/2663/969/228 2630/2664/969/228 2631/2665/968/228
f 2629/2663/969/228 2632/2666/970/228 2633/2667/970/228 2630/2664/969/228
f 2634/2668/968/228 2635/2669/968/228 2636/2670/971/228 2637/2671/971/228
f 1103/1132/164/91 1104/1133/165/91 1105/1134/166/91
f 1104/1133/165/91 1106/1135/167/91 1105/1134/166/91
f 1105/1134/166/91 1106/1135/167/91 1107/1136/168/91
f 1106/1135/167/91 1108/1137/169/91 1107/1136/168/91
f 1109/1138/168/91 1110/1139/170/91 1111/1140/171/91
f 1148/1182/186/96 1149/1183/187/96 1150/1184/182/96
f 1149/1183/187/96 1151/1185/188/96 1150/1184/182/96
f 1150/1184/182/96 1151/1185/188/96 1152/1186/189/96
f 1153/1187/190/96 1154/1188/188/96 1155/1189/182/96
f 1154/1188/188/96 1156/1190/191/96 1155/1189/182/96
f 1157/1191/192/96 1158/1192/182/96 1159/1193/189/96
f 1213/1242/223/101 1214/1243/224/101 1215/1244/225/101
f 1214/1243/224/101 1216/1245/226/101 1215/1244/225/101
f 1215/1244/225/101 1216/1245/226/101 1217/1246/227/101
f 1216/1245/226/101 1218/1247/228/101 1217/1246/227/101
f 1219/1248/227/101 1220/1249/229/101 1221/1250/230/101
f 1230/1264/235/102 1231/1265/236/102 1232/1266/231/102
f 1231/1265/236/102 1233/1267/237/102 1232/1266/231/102
f 1232/1266/231/102 1233/1267/237/102 1234/1268/238/102
f 1235/1269/239/102 1236/1270/237/102 1237/1271/231/102
f 1236/1270/237/102 1238/1272/240/102 1237/1271/231/102
f 1239/1273/241/102 1240/1274/231/102 1241/1275/238/102
f 1254/1288/247/104 1255/1289/248/104 1256/1290/243/104
f 1255/1289/248/104 1257/1291/249/104 1256/1290/243/104
f 1256/1290/243/104 1257/1291/249/104 1258/1292/250/104
f 1259/1293/251/104 1260/1294/249/104 1261/1295/243/104
f 1260/1294/249/104 1262/1296/252/104 1261/1295/243/104
f 1263/1297/253/104 1264/1298/243/104 1265/1299/250/104
f 1319/1348/284/109 1320/1349/285/109 1321/1350/286/109
f 1320/1349/285/109 1322/1351/287/109 1321/1350/286/109
f 1321/1350/286/109 1322/1351/287/109 1323/1352/288/109
f 1322/1351/287/109 1324/1353/289/109 1323/1352/288/109
f 1325/1354/288/109 1326/1355/290/109 1327/1356/291/109
f 1336/1370/296/110 1337/1371/297/110 1338/1372/292/110
f 1337/1371/297/110 1339/1373/298/110 1338/1372/292/110
f 1338/1372/292/110 1339/1373/298/110 1340/1374/299/110
f 1341/1375/300/110 1342/1376/298/110 1343/1377/292/110
f 1342/1376/298/110 1344/1378/301/110 1343/1377/292/110
f 1345/1379/302/110 1346/1380/292/110 1347/1381/299/110
f 1414/1448/335/118 1415/1449/336/118 1416/1450/331/118
f 1415/1449/336/118 1417/1451/337/118 1416/1450/331/118
f 1416/1450/331/118 1417/1451/337/118 1418/1452/338/118
f 1419/1453/339/118 1420/1454/337/118 1421/1455/331/118
f 1420/1454/337/118 1422/1456/340/118 1421/1455/331/118
f 1423/1457/341/118 1424/1458/331/118 1425/1459/338/118
f 1517/1546/386/128 1518/1547/387/128 1519/1548/388/128
f 1518/1547/387/128 1520/1549/389/128 1519/1548/388/128
f 1519/1548/388/128 1520/1549/389/128 1521/1550/390/128
f 1520/1549/389/128 1522/1551/391/128 1521/1550/390/128
f 1523/1552/390/128 1524/1553/392/128 1525/1554/393/128
f 1534/1568/398/129 1535/1569/399/129 1536/1570/394/129
f 1535/1569/399/129 1537/1571/400/129 1536/1570/394/129
f 1536/1570/394/129 1537/1571/400/129 1538/1572/401/129
f 1539/1573/402/129 1540/1574/400/129 1541/1575/394/129
f 1540/1574/400/129 1542/1576/403/129 1541/1575/394/129
f 1543/1577/404/129 1544/1578/394/129 1545/1579/401/129
f 1603/1632/427/138 1604/1633/428/138 1605/1634/429/138
f 1604/1633/428/138 1606/1635/430/138 1605/1634/429/138
f 1605/1634/429/138 1606/1635/430/138 1607/1636/431/138
f 1606/1635/430/138 1608/1637/432/138 1607/1636/431/138
f 1609/1638/431/138 1610/1639/433/138 1611/1640/434/138
f 1620/1654/439/139 1621/1655/440/139 1622/1656/435/139
f 1621/1655/440/139 1623/1657/441/139 1622/1656/435/139
f 1622/1656/435/139 1623/1657/441/139 1624/1658/442/139
f 1625/1659/443/139 1626/1660/441/139 1627/1661/435/139
f 1626/1660/441/139 1628/1662/444/139 1627/1661/435/139
f 1629/1663/445/139 1630/1664/435/139 1631/1665/442/139
f 1648/1682/452/142 1649/1683/453/142 1650/1684/448/142
f 1649/1683/453/142 1651/1685/454/142 1650/1684/448/142
f 1650/1684/448/142 1651/1685/454/142 1652/1686/455/142
f 1653/1687/456/142 1654/1688/454/142 1655/1689/448/142
f 1654/1688/454/142 1656/1690/457/142 1655/1689/448/142
f 1657/1691/458/142 1658/1692/448/142 1659/1693/455/142
f 1740/1774/496/152 1741/1775/497/152 1742/1776/492/152
f 1741/1775/497/152 1743/1777/498/152 1742/1776/492/152
f 1742/1776/492/152 1743/1777/498/152 1744/1778/499/152
f 1745/1779/500/152 1746/1780/498/152 1747/1781/492/152
f 1746/1780/498/152 1748/1782/501/152 1747/1781/492/152
f 1749/1783/502/152 1750/1784/492/152 1751/1785/499/152
f 1770/1804/511/154 1771/1805/512/154 1772/1806/507/154
f 1771/1805/512/154 1773/1807/513/154 1772/1806/507/154
f 1772/1806/507/154 1773/1807/513/154 1774/1808/514/154
f 1775/1809/515/154 1776/1810/513/154 1777/1811/507/154
f 1776/1810/513/154 1778/1812/516/154 1777/1811/507/154
f 1779/1813/517/154 1780/1814/507/154 1781/1815/514/154
f 1795/1824/526/155 1796/1825/527/155 1797/1826/528/155
f 1796/1825/527/155 1798/1827/529/155 1797/1826/528/155
f 1797/1826/528/155 1798/1827/529/155 1799/1828/530/155
f 1798/1827/529/155 1800/1829/531/155 1799/1828/530/155
f 1801/1830/530/155 1802/1831/532/155 1803/1832/533/155
f 1812/1846/538/156 1813/1847/539/156 1814/1848/534/156
f 1813/1847/539/156 1815/1849/540/156 1814/1848/534/156
f 1814/1848/534/156 1815/1849/540/156 1816/1850/541/156
f 1817/1851/542/156 1818/1852/540/156 1819/1853/534/156
f 1818/1852/540/156 1820/1854/543/156 1819/1853/534/156
f 1821/1855/544/156 1822/1856/534/156 1823/1857/541/156
f 1842/1876/553/158 1843/1877/554/158 1844/1878/549/158
f 1843/1877/554/158 1845/1879/555/158 1844/1878/549/158
f 1844/1878/549/158 1845/1879/555/158 1846/1880/556/158
f 1847/1881/557/158 1848/1882/555/158 1849/1883/549/158
f 1848/1882/555/158 1850/1884/558/158 1849/1883/549/158
f 1851/1885/559/158 1852/1886/549/158 1853/1887/556/158
f 1957/1986/607/171 1958/1987/608/171 1959/1988/609/171
f 1958/1987/608/171 1960/1989/610/171 1959/1988/609/171
f 1959/1988/609/171 1960/1989/610/171 1961/1990/611/171
f 1960/1989/610/171 1962/1991/612/171 1961/1990/611/171
f 1963/1992/611/171 1964/1993/613/171 1965/1994/614/171
f 1974/2008/619/172 1975/2009/620/172 1976/2010/615/172
f 1975/2009/620/172 1977/2011/621/172 1976/2010/615/172
f 1976/2010/615/172 1977/2011/621/172 1978/2012/622/172
f 1979/2013/623/172 1980/2014/621/172 1981/2015/615/172
f 1980/2014/621/172 1982/2016/624/172 1981/2015/615/172
f 1983/2017/625/172 1984/2018/615/172 1985/2019/622/172
f 2046/2080/655/180 2047/2081/656/180 2048/2082/651/180
f 2047/2081/656/180 2049/2083/657/180 2048/2082/651/180
f 2048/2082/651/180 2049/2083/657/180 2050/2084/658/180
f 2051/2085/659/180 2052/2086/657/180 2053/2087/651/180
f 2052/2086/657/180 2054/2088/660/180 2053/2087/651/180
f 2055/2089/661/180 2056/2090/651/180 2057/2091/658/180
f 2114/2148/690/187 2115/2149/691/187 2116/2150/686/187
f 2115/2149/691/187 2117/2151/692/187 2116/2150/686/187
f 2116/2150/686/187 2117/2151/692/187 2118/2152/693/187
f 2119/2153/694/187 2120/2154/692/187 2121/2155/686/187
f 2120/2154/692/187 2122/2156/695/187 2121/2155/686/187
f 2123/2157/696/187 2124/2158/686/187 2125/2159/693/187
f 2171/2200/725/190 2172/2201/726/190 2173/2202/727/190
f 2172/2201/726/190 2174/2203/728/190 2173/2202/727/190
f 2173/2202/727/190 2174/2203/728/190 2175/2204/729/190
f 2174/2203/728/190 2176/2205/730/190 2175/2204/729/190
f 2177/2206/729/190 2178/2207/731/190 2179/2208/732/190
f 2188/2222/737/191 2189/2223/738/191 2190/2224/733/191
f 2189/2223/738/191 2191/2225/739/191 2190/2224/733/191
f 2190/2224/733/191 2191/2225/739/191 2192/2226/740/191
f 2193/2227/741/191 2194/2228/739/191 2195/2229/733/191
f 2194/2228/739/191 2196/2230/742/191 2195/2229/733/191
f 2197/2231/743/191 2198/2232/733/191 2199/2233/740/191
f 2212/2246/749/193 2213/2247/750/193 2214/2248/745/193
f 2213/2247/750/193 2215/2249/751/193 2214/2248/745/193
f 2214/2248/745/193 2215/2249/751/193 2216/2250/752/193
f 2217/2251/753/193 2218/2252/751/193 2219/2253/745/193
f 2218/2252/751/193 2220/2254/754/193 2219/2253/745/193
f 2221/2255/755/193 2222/2256/745/193 2223/2257/752/193
f 2242/2276/764/195 2243/2277/765/195 2244/2278/760/195
f 2243/2277/765/195 2245/2279/766/195 2244/2278/760/195
f 2244/2278/760/195 2245/2279/766/195 2246/2280/767/195
f 2247/2281/768/195 2248/2282/766/195 2249/2283/760/195
f 2248/2282/766/195 2250/2284/769/195 2249/2283/760/195
f 2251/2285/770/195 2252/2286/760/195 2253/2287/767/195
f 2276/2310/780/198 2277/2311/781/198 2278/2312/776/198
f 2277/2311/781/198 2279/2313/782/198 2278/2312/776/198
f 2278/2312/776/198 2279/2313/782/198 2280/2314/783/198
f 2281/2315/784/198 2282/2316/782/198 2283/2317/776/198
f 2282/2316/782/198 2284/2318/785/198 2283/2317/776/198
f 2285/2319/786/198 2286/2320/776/198 2287/2321/783/198
f 2359/2388/823/206 2360/2389/824/206 2361/2390/825/206
f 2360/2389/824/206 2362/2391/826/206 2361/2390/825/206
f 2361/2390/825/206 2362/2391/826/206 2363/2392/827/206
f 2362/2391/826/206 2364/2393/828/206 2363/2392/827/206
f 2365/2394/827/206 2366/2395/829/206 2367/2396/830/206
f 2386/2420/839/208 2387/2421/840/208 2388/2422/835/208
f 2387/2421/840/208 2389/2423/841/208 2388/2422/835/208
f 2388/2422/835/208 2389/2423/841/208 2390/2424/842/208
f 2391/2425/843/208 2392/2426/841/208 2393/2427/835/208
f 2392/2426/841/208 2394/2428/844/208 2393/2427/835/208
f 2395/2429/845/208 2396/2430/835/208 2397/2431/842/208
f 2406/2440/850/209 2407/2441/851/209 2408/2442/846/209
f 2407/2441/851/209 2409/2443/852/209 2408/2442/846/209
f 2408/2442/846/209 2409/2443/852/209 2410/2444/853/209
f 2411/2445/854/209 2412/2446/852/209 2413/2447/846/209
f 2412/2446/852/209 2414/2448/855/209 2413/2447/846/209
f 2415/2449/856/209 2416/2450/846/209 2417/2451/853/209
f 2508/2542/907/217 2509/2543/908/217 2510/2544/903/217
f 2509/2543/908/217 2511/2545/909/217 2510/2544/903/217
f 2510/2544/903/217 2511/2545/909/217 2512/2546/910/217
f 2513/2547/911/217 2514/2548/909/217 2515/2549/903/217
f 2514/2548/909/217 2516/2550/912/217 2515/2549/903/217
f 2517/2551/913/217 2518/2552/903/217 2519/2553/910/217
f 2538/2572/922/219 2539/2573/923/219 2540/2574/918/219
f 2539/2573/923/219 2541/2575/924/219 2540/2574/918/219
f 2540/2574/918/219 2541/2575/924/219 2542/2576/925/219
f 2543/2577/926/219 2544/2578/924/219 2545/2579/918/219
f 2544/2578/924/219 2546/2580/927/219 2545/2579/918/219
f 2547/2581/928/219 2548/2582/918/219 2549/2583/925/219
f 2563/2592/937/220 2564/2593/938/220 2565/2594/939/220
f 2564/2593/938/220 2566/2595/940/220 2565/2594/939/220
f 2565/2594/939/220 2566/2595/940/220 2567/2596/941/220
f 2566/2595/940/220 2568/2597/942/220 2567/2596/941/220
f 2569/2598/941/220 2570/2599/943/220 2571/2600/944/220
f 2590/2624/953/222 2591/2625/954/222 2592/2626/949/222
f 2591/2625/954/222 2593/2627/955/222 2592/2626/949/222
f 2592/2626/949/222 2593/2627/955/222 2594/2628/956/222
f 2595/2629/957/222 2596/2630/955/222 2597/2631/949/222
f 2596/2630/955/222 2598/2632/958/222 2597/2631/949/222
f 2599/2633/959/222 2600/2634/949/222 2601/2635/956/222
usemtl beach01
s off
f 1132/1166/180/94 1133/1167/180/94 1134/1168/180/94 1135/1169/180/94
f 1136/1170/181/95 1137/1171/181/95 1138/1172/181/95 1139/1173/181/95
f 1500/1536/377/127 1501/1534/377/127 1502/1537/377/127 1503/1535/377/127
f 1918/1954/591/166 1919/1955/591/166 1920/1952/591/166 1921/1953/591/166
f 2324/2360/808/202 2325/2361/808/202 2326/2358/808/202 2327/2359/808/202
f 2602/2638/960/223 2603/2636/960/223 2604/2637/960/223 2605/2639/960/223
f 2638/2672/972/229 2639/2674/972/229 2640/2673/972/229 2641/2675/972/229
f 2642/2676/973/230 2643/2678/973/230 2644/2679/973/230 2645/2677/973/230
f 2646/2682/974/231 2647/2680/974/231 2648/2683/974/231 2649/2681/974/231
f 1090/1141/170/91 1091/1142/170/91 1092/1143/170/91
f 1091/1142/170/91 1093/1144/170/91 1092/1143/170/91
f 1094/1145/170/91 1093/1144/170/91 1091/1142/170/91
f 1160/1211/207/97 1161/1212/207/97 1162/1213/207/97
f 1161/1212/207/97 1163/1214/207/97 1162/1213/207/97
f 1164/1215/207/97 1163/1214/207/97 1161/1212/207/97
f 1200/1251/229/101 1201/1252/229/101 1202/1253/229/101
f 1201/1252/229/101 1203/1254/229/101 1202/1253/229/101
f 1204/1255/229/101 1203/1254/229/101 1201/1252/229/101
f 1266/1317/268/105 1267/1318/268/105 1268/1319/268/105
f 1267/1318/268/105 1269/1320/268/105 1268/1319/268/105
f 1270/1321/268/105 1269/1320/268/105 1267/1318/268/105
f 1306/1357/290/109 1307/1358/290/109 1308/1359/290/109
f 1307/1358/290/109 1309/1360/290/109 1308/1359/290/109
f 1310/1361/290/109 1309/1360/290/109 1307/1358/290/109
f 1380/1431/328/116 1381/1432/328/116 1382/1433/328/116
f 1381/1432/328/116 1383/1434/328/116 1382/1433/328/116
f 1384/1435/328/116 1383/1434/328/116 1381/1432/328/116
f 1426/1477/356/119 1427/1478/356/119 1428/1479/356/119
f 1427/1478/356/119 1429/1480/356/119 1428/1479/356/119
f 1430/1481/356/119 1429/1480/356/119 1427/1478/356/119
f 1504/1555/392/128 1505/1556/392/128 1506/1557/392/128
f 1505/1556/392/128 1507/1558/392/128 1506/1557/392/128
f 1508/1559/392/128 1507/1558/392/128 1505/1556/392/128
f 1590/1641/433/138 1591/1642/433/138 1592/1643/433/138
f 1591/1642/433/138 1593/1644/433/138 1592/1643/433/138
f 1594/1645/433/138 1593/1644/433/138 1591/1642/433/138
f 1670/1721/477/144 1671/1722/477/144 1672/1723/477/144
f 1671/1722/477/144 1673/1724/477/144 1672/1723/477/144
f 1674/1725/477/144 1673/1724/477/144 1671/1722/477/144
f 1782/1833/532/155 1783/1834/532/155 1784/1835/532/155
f 1783/1834/532/155 1785/1836/532/155 1784/1835/532/155
f 1786/1837/532/155 1785/1836/532/155 1783/1834/532/155
f 1854/1905/574/159 1855/1906/574/159 1856/1907/574/159
f 1855/1906/574/159 1857/1908/574/159 1856/1907/574/159
f 1858/1909/574/159 1857/1908/574/159 1855/1906/574/159
f 1944/1995/613/171 1945/1996/613/171 1946/1997/613/171
f 1945/1996/613/171 1947/1998/613/171 1946/1997/613/171
f 1948/1999/613/171 1947/1998/613/171 1945/1996/613/171
f 1994/2045/642/175 1995/2046/642/175 1996/2047/642/175
f 1995/2046/642/175 1997/2048/642/175 1996/2047/642/175
f 1998/2049/642/175 1997/2048/642/175 1995/2046/642/175
f 2068/2119/680/182 2069/2120/680/182 2070/2121/680/182
f 2069/2120/680/182 2071/2122/680/182 2070/2121/680/182
f 2072/2123/680/182 2071/2122/680/182 2069/2120/680/182
f 2136/2187/715/189 2137/2188/715/189 2138/2189/715/189
f 2137/2188/715/189 2139/2190/715/189 2138/2189/715/189
f 2140/2191/715/189 2139/2190/715/189 2137/2188/715/189
f 2158/2209/731/190 2159/2210/731/190 2160/2211/731/190
f 2159/2210/731/190 2161/2212/731/190 2160/2211/731/190
f 2162/2213/731/190 2161/2212/731/190 2159/2210/731/190
f 2288/2339/801/199 2289/2340/801/199 2290/2341/801/199
f 2289/2340/801/199 2291/2342/801/199 2290/2341/801/199
f 2292/2343/801/199 2291/2342/801/199 2289/2340/801/199
f 2346/2397/829/206 2347/2398/829/206 2348/2399/829/206
f 2347/2398/829/206 2349/2400/829/206 2348/2399/829/206
f 2350/2401/829/206 2349/2400/829/206 2347/2398/829/206
f 2428/2479/875/211 2429/2480/875/211 2430/2481/875/211
f 2429/2480/875/211 2431/2482/875/211 2430/2481/875/211
f 2432/2483/875/211 2431/2482/875/211 2429/2480/875/211
f 2474/2525/900/215 2475/2526/900/215 2476/2527/900/215
f 2475/2526/900/215 2477/2528/900/215 2476/2527/900/215
f 2478/2529/900/215 2477/2528/900/215 2475/2526/900/215
f 2550/2601/943/220 2551/2602/943/220 2552/2603/943/220
f 2551/2602/943/220 2553/2604/943/220 2552/2603/943/220
f 2554/2605/943/220 2553/2604/943/220 2551/2602/943/220
usemtl wallkn_g
s off
f 1006/1040/126/79 1007/1041/127/79 1008/1042/127/79 1009/1043/126/79
f 1007/1041/127/79 1010/1044/128/79 1011/1045/128/79 1008/1042/127/79
f 1012/1046/126/79 1013/1047/126/79 1014/1048/129/79 1015/1049/129/79
f 1020/1054/131/81 1021/1055/132/81 1022/1056/132/81 1023/1057/131/81
f 1021/1055/132/81 1024/1058/133/81 1025/1059/133/81 1022/1056/132/81
f 1026/1060/131/81 1027/1061/131/81 1028/1062/134/81 1029/1063/134/81
f 1034/1068/136/83 1035/1069/137/83 1036/1070/137/83 1037/1071/136/83
f 1035/1069/137/83 1038/1072/138/83 1039/1073/138/83 1036/1070/137/83
f 1040/1074/136/83 1041/1075/136/83 1042/1076/139/83 1043/1077/139/83
f 1165/1194/193/97 1166/1195/194/97 1167/1196/195/97 1168/1197/196/97
f 1169/1198/197/97 1170/1199/198/97 1171/1200/199/97 1172/1201/200/97
f 1170/1199/198/97 1165/1194/193/97 1168/1197/196/97 1171/1200/199/97
f 1190/1224/211/100 1191/1225/212/100 1192/1226/212/100 1193/1227/211/100
f 1191/1225/212/100 1194/1228/213/100 1195/1229/213/100 1192/1226/212/100
f 1196/1230/211/100 1197/1231/211/100 1198/1232/214/100 1199/1233/214/100
f 1271/1300/254/105 1272/1301/255/105 1273/1302/256/105 1274/1303/257/105
f 1275/1304/258/105 1276/1305/259/105 1277/1306/260/105 1278/1307/261/105
f 1276/1305/259/105 1271/1300/254/105 1274/1303/257/105 1277/1306/260/105
f 1356/1390/305/113 1357/1391/306/113 1358/1392/306/113 1359/1393/305/113
f 1357/1391/306/113 1360/1394/307/113 1361/1395/307/113 1358/1392/306/113
f 1362/1396/305/113 1363/1397/305/113 1364/1398/308/113 1365/1399/308/113
f 1385/1414/314/116 1386/1415/315/116 1387/1416/316/116 1388/1417/317/116
f 1389/1418/318/116 1390/1419/319/116 1391/1420/320/116 1392/1421/321/116
f 1390/1419/319/116 1385/1414/314/116 1388/1417/317/116 1391/1420/320/116
f 1431/1460/342/119 1432/1461/343/119 1433/1462/344/119 1434/1463/345/119
f 1435/1464/346/119 1436/1465/347/119 1437/1466/348/119 1438/1467/349/119
f 1436/1465/347/119 1431/1460/342/119 1434/1463/345/119 1437/1466/348/119
f 1452/1486/359/121 1453/1487/360/121 1454/1488/360/121 1455/1489/359/121
f 1453/1487/360/121 1456/1490/361/121 1457/1491/361/121 1454/1488/360/121
f 1458/1492/359/121 1459/1493/359/121 1460/1494/362/121 1461/1495/362/121
f 1466/1500/364/123 1467/1501/365/123 1468/1502/365/123 1469/1503/364/123
f 1467/1501/365/123 1470/1504/366/123 1471/1505/366/123 1468/1502/365/123
f 1472/1506/364/123 1473/1507/364/123 1474/1508/367/123 1475/1509/367/123
f 1572/1606/413/135 1573/1607/414/135 1574/1608/414/135 1575/1609/413/135
f 1573/1607/414/135 1576/1610/415/135 1577/1611/415/135 1574/1608/414/135
f 1578/1612/413/135 1579/1613/413/135 1580/1614/416/135 1581/1615/416/135
f 1675/1704/463/144 1676/1705/464/144 1677/1706/465/144 1678/1707/466/144
f 1679/1708/467/144 1680/1709/468/144 1681/1710/469/144 1682/1711/470/144
f 1680/1709/468/144 1675/1704/463/144 1678/1707/466/144 1681/1710/469/144
f 1824/1858/545/157 1825/1859/546/157 1826/1860/546/157 1827/1861/545/157
f 1825/1859/546/157 1828/1862/547/157 1829/1863/547/157 1826/1860/546/157
f 1830/1864/545/157 1831/1865/545/157 1832/1866/548/157 1833/1867/548/157
f 1859/1888/560/159 1860/1889/561/159 1861/1890/562/159 1862/1891/563/159
f 1863/1892/564/159 1864/1893/565/159 1865/1894/566/159 1866/1895/567/159
f 1864/1893/565/159 1859/1888/560/159 1862/1891/563/159 1865/1894/566/159
f 1894/1928/582/163 1895/1929/583/163 1896/1930/583/163 1897/1931/582/163
f 1895/1929/583/163 1898/1932/584/163 1899/1933/584/163 1896/1930/583/163
f 1900/1934/582/163 1901/1935/582/163 1902/1936/585/163 1903/1937/585/163
f 1934/1968/595/170 1935/1969/596/170 1936/1970/596/170 1937/1971/595/170
f 1935/1969/596/170 1938/1972/597/170 1939/1973/597/170 1936/1970/596/170
f 1940/1974/595/170 1941/1975/595/170 1942/1976/598/170 1943/1977/598/170
f 1999/2028/628/175 2000/2029/629/175 2001/2030/630/175 2002/2031/631/175
f 2003/2032/632/175 2004/2033/633/175 2005/2034/634/175 2006/2035/635/175
f 2004/2033/633/175 1999/2028/628/175 2002/2031/631/175 2005/2034/634/175
f 2073/2102/666/182 2074/2103/667/182 2075/2104/668/182 2076/2105/669/182
f 2077/2106/670/182 2078/2107/671/182 2079/2108/672/182 2080/2109/673/182
f 2078/2107/671/182 2073/2102/666/182 2076/2105/669/182 2079/2108/672/182
f 2141/2170/701/189 2142/2171/702/189 2143/2172/703/189 2144/2173/704/189
f 2145/2174/705/189 2146/2175/706/189 2147/2176/707/189 2148/2177/708/189
f 2146/2175/706/189 2141/2170/701/189 2144/2173/704/189 2147/2176/707/189
f 2293/2322/787/199 2294/2323/788/199 2295/2324/789/199 2296/2325/790/199
f 2297/2326/791/199 2298/2327/792/199 2299/2328/793/199 2300/2329/794/199
f 2298/2327/792/199 2293/2322/787/199 2296/2325/790/199 2299/2328/793/199
f 2328/2362/809/203 2329/2363/810/203 2330/2364/810/203 2331/2365/809/203
f 2329/2363/810/203 2332/2366/811/203 2333/2367/811/203 2330/2364/810/203
f 2334/2368/809/203 2335/2369/809/203 2336/2370/812/203 2337/2371/812/203
f 2433/2462/861/211 2434/2463/862/211 2435/2464/863/211 2436/2465/864/211
f 2437/2466/865/211 2438/2467/866/211 2439/2468/867/211 2440/2469/868/211
f 2438/2467/866/211 2433/2462/861/211 2436/2465/864/211 2439/2468/867/211
f 2479/2508/886/215 2480/2509/887/215 2481/2510/888/215 2482/2511/889/215
f 2483/2512/890/215 2484/2513/891/215 2485/2514/892/215 2486/2515/893/215
f 2484/2513/891/215 2479/2508/886/215 2482/2511/889/215 2485/2514/892/215
f 2610/2644/962/225 2611/2645/963/225 2612/2646/963/225 2613/2647/962/225
f 2611/2645/963/225 2614/2648/964/225 2615/2649/964/225 2612/2646/963/225
f 2616/2650/962/225 2617/2651/962/225 2618/2652/965/225 2619/2653/965/225
f 1173/1202/201/97 1174/1203/202/97 1175/1204/203/97
f 1174/1203/202/97 1176/1205/204/97 1175/1204/203/97
f 1175/1204/203/97 1176/1205/204/97 1177/1206/205/97
f 1176/1205/204/97 1178/1207/206/97 1177/1206/205/97
f 1179/1208/205/97 1180/1209/207/97 1181/1210/208/97
f 1279/1308/262/105 1280/1309/263/105 1281/1310/264/105
f 1280/1309/263/105 1282/1311/265/105 1281/1310/264/105
f 1281/1310/264/105 1282/1311/265/105 1283/1312/266/105
f 1282/1311/265/105 1284/1313/267/105 1283/1312/266/105
f 1285/1314/266/105 1286/1315/268/105 1287/1316/269/105
f 1393/1422/322/116 1394/1423/323/116 1395/1424/324/116
f 1394/1423/323/116 1396/1425/325/116 1395/1424/324/116
f 1395/1424/324/116 1396/1425/325/116 1397/1426/326/116
f 1396/1425/325/116 1398/1427/327/116 1397/1426/326/116
f 1399/1428/326/116 1400/1429/328/116 1401/1430/329/116
f 1439/1468/350/119 1440/1469/351/119 1441/1470/352/119
f 1440/1469/351/119 1442/1471/353/119 1441/1470/352/119
f 1441/1470/352/119 1442/1471/353/119 1443/1472/354/119
f 1442/1471/353/119 1444/1473/355/119 1443/1472/354/119
f 1445/1474/354/119 1446/1475/356/119 1447/1476/357/119
f 1683/1712/471/144 1684/1713/472/144 1685/1714/473/144
f 1684/1713/472/144 1686/1715/474/144 1685/1714/473/144
f 1685/1714/473/144 1686/1715/474/144 1687/1716/475/144
f 1686/1715/474/144 1688/1717/476/144 1687/1716/475/144
f 1689/1718/475/144 1690/1719/477/144 1691/1720/478/144
f 1867/1896/568/159 1868/1897/569/159 1869/1898/570/159
f 1868/1897/569/159 1870/1899/571/159 1869/1898/570/159
f 1869/1898/570/159 1870/1899/571/159 1871/1900/572/159
f 1870/1899/571/159 1872/1901/573/159 1871/1900/572/159
f 1873/1902/572/159 1874/1903/574/159 1875/1904/575/159
f 2007/2036/636/175 2008/2037/637/175 2009/2038/638/175
f 2008/2037/637/175 2010/2039/639/175 2009/2038/638/175
f 2009/2038/638/175 2010/2039/639/175 2011/2040/640/175
f 2010/2039/639/175 2012/2041/641/175 2011/2040/640/175
f 2013/2042/640/175 2014/2043/642/175 2015/2044/643/175
f 2081/2110/674/182 2082/2111/675/182 2083/2112/676/182
f 2082/2111/675/182 2084/2113/677/182 2083/2112/676/182
f 2083/2112/676/182 2084/2113/677/182 2085/2114/678/182
f 2084/2113/677/182 2086/2115/679/182 2085/2114/678/182
f 2087/2116/678/182 2088/2117/680/182 2089/2118/681/182
f 2149/2178/709/189 2150/2179/710/189 2151/2180/711/189
f 2150/2179/710/189 2152/2181/712/189 2151/2180/711/189
f 2151/2180/711/189 2152/2181/712/189 2153/2182/713/189
f 2152/2181/712/189 2154/2183/714/189 2153/2182/713/189
f 2155/2184/713/189 2156/2185/715/189 2157/2186/716/189
f 2301/2330/795/199 2302/2331/796/199 2303/2332/797/199
f 2302/2331/796/199 2304/2333/798/199 2303/2332/797/199
f 2303/2332/797/199 2304/2333/798/199 2305/2334/799/199
f 2304/2333/798/199 2306/2335/800/199 2305/2334/799/199
f 2307/2336/799/199 2308/2337/801/199 2309/2338/802/199
f 2441/2470/869/211 2442/2471/870/211 2443/2472/871/211
f 2442/2471/870/211 2444/2473/872/211 2443/2472/871/211
f 2443/2472/871/211 2444/2473/872/211 2445/2474/873/211
f 2444/2473/872/211 2446/2475/874/211 2445/2474/873/211
f 2447/2476/873/211 2448/2477/875/211 2449/2478/876/211
f 2487/2516/894/215 2488/2517/895/215 2489/2518/896/215
f 2488/2517/895/215 2490/2519/897/215 2489/2518/896/215
f 2489/2518/896/215 2490/2519/897/215 2491/2520/898/215
f 2490/2519/897/215 2492/2521/899/215 2491/2520/898/215
f 2493/2522/898/215 2494/2523/900/215 2495/2524/901/215
usemtl bridge_b
s off
f 248/266/53/17 249/267/53/17 250/268/53/17 251/269/53/17
f 251/269/54/17 250/268/54/17 252/270/54/17 253/271/54/17
f 254/272/53/17 255/273/53/17 256/274/53/17 257/275/53/17
f 259/276/55/17 261/277/55/17 260/278/55/17 258/279/55/17
f 262/284/56/18 263/285/56/18 264/286/56/18 265/287/56/18
f 266/288/56/18 264/289/56/18 263/290/56/18 267/291/56/18
f 268/292/57/18 265/293/57/18 264/294/57/18 269/295/57/18
f 265/296/56/18 270/297/56/18 271/298/56/18 262/299/56/18
f 272/300/58/18 271/301/58/18 270/302/58/18 273/303/58/18
f 274/304/57/18 275/305/57/18 276/306/57/18 277/307/57/18
f 278/308/57/18 279/309/57/18 280/310/57/18 281/311/57/18
f 267/312/59/18 282/313/59/18 283/314/59/18 266/315/59/18
usemtl bridge_c
s off
f 254/280/53/17 257/281/53/17 249/282/53/17 248/283/53/17
f 284/316/57/18 285/317/57/18 268/318/57/18 269/319/57/18
usemtl h_kage
s off
f 224/242/49/15 225/243/49/15 226/244/49/15 227/245/49/15
f 236/254/51/16 237/255/51/16 238/256/51/16 239/257/51/16
usemtl saku01a
s off
f 228/246/49/15 230/247/49/15 229/248/49/15 231/249/50/15
f 234/250/49/15 235/251/49/15 232/252/49/15 233/253/49/15
f 240/258/51/16 242/259/51/16 241/260/51/16 243/261/52/16
f 246/262/51/16 247/263/51/16 244/264/51/16 245/265/51/16
usemtl sea_simi_1
s off
f 18/1/1/1 19/2/1/1 20/3/1/1 21/4/1/1
f 38/30/2/2 39/31/3/2 40/32/4/2 41/33/2/2
f 39/31/3/2 42/34/5/2 43/35/5/2 40/32/4/2
f 54/48/7/3 55/49/8/3 56/50/9/3 57/51/7/3
f 55/49/8/3 58/52/10/3 59/53/10/3 56/50/9/3
f 74/70/13/5 75/71/14/5 76/72/15/5 77/73/13/5
f 75/71/14/5 78/74/16/5 79/75/16/5 76/72/15/5
f 94/92/19/7 95/93/20/7 96/94/21/7 97/95/19/7
f 95/93/20/7 98/96/22/7 99/97/22/7 96/94/21/7
f 114/114/25/9 115/115/26/9 116/116/27/9 117/117/25/9
f 115/115/26/9 118/118/28/9 119/119/28/9 116/116/27/9
f 134/136/31/11 135/137/32/11 136/138/33/11 137/139/31/11
f 135/137/32/11 138/140/34/11 139/141/34/11 136/138/33/11
f 157/154/36/12 158/155/36/12 159/156/36/12 160/157/36/12
f 184/183/37/13 185/184/37/13 186/185/37/13 187/186/37/13
f 209/233/46/14 211/235/48/14 208/232/45/14 207/231/44/14
f 22/5/1/1 23/6/1/1 24/7/1/1
f 25/8/1/1 26/9/1/1 27/10/1/1
f 161/158/36/12 162/159/36/12 163/160/36/12
f 164/161/36/12 165/162/36/12 166/163/36/12
f 188/187/37/13 189/188/37/13 190/189/37/13
f 191/190/37/13 192/191/37/13 193/192/37/13
f 200/224/42/14 201/225/42/14 202/226/42/14
f 201/225/42/14 203/227/42/14 202/226/42/14
f 202/226/42/14 203/227/42/14 204/228/43/14
f 203/227/42/14 205/229/42/14 204/228/43/14
f 206/230/42/14 207/231/44/14 208/232/45/14
f 209/233/46/14 210/234/47/14 211/235/48/14
usemtl gura_hasi01
s off
f 584/608/84/43 585/609/84/43 582/610/84/43 583/611/84/43
f 588/612/85/43 589/613/85/43 586/614/85/43 587/615/85/43
f 576/616/86/43 577/617/86/43 574/618/86/43 575/619/86/43
f 580/620/87/43 581/621/87/43 578/622/87/43 579/623/87/43
f 648/672/92/48 649/673/92/48 646/674/92/48 647/675/92/48
f 652/676/93/48 653/677/93/48 650/678/93/48 651/679/93/48
f 640/680/94/48 641/681/94/48 638/682/94/48 639/683/94/48
f 644/684/95/48 645/685/95/48 642/686/95/48 643/687/95/48
