mtllib Barrier-Reef_04_09.mtl
o map
v -13.0 -8.0 3.0
v -16.0 -8.0 3.0
v -16.0 -16.0 3.0
v -13.0 -16.0 3.0
v -14.0 0.0 3.0
v -16.0 0.0 3.0
v -16.0 -8.0 3.0
v -14.0 -8.0 3.0
v -14.0 8.0 3.0
v -16.0 8.0 3.0
v -16.0 0.0 3.0
v -14.0 0.0 3.0
v -13.0 13.0 3.0
v -16.0 13.0 3.0
v -16.0 8.0 3.0
v -13.0 8.0 3.0
v -11.0 16.0 2.0
v -16.0 16.0 2.0
v -16.0 13.0 2.0
v -11.0 13.0 2.0
v -13.0 -4.0 3.0
v -14.0 -4.0 3.0
v -14.0 -8.0 3.0
v -13.0 -8.0 3.0
v -7.0 1.0 4.0
v -14.0 1.0 4.0
v -14.0 -4.0 4.0
v -7.0 -4.0 4.0
v -13.0 8.0 3.0
v -14.0 8.0 3.0
v -14.0 1.0 3.0
v -13.0 1.0 3.0
v -5.0 -12.0 3.0
v -13.0 -12.0 3.0
v -13.0 -16.0 3.0
v -5.0 -16.0 3.0
v -7.0 -4.0 4.0
v -13.0 -4.0 4.0
v -13.0 -12.0 4.0
v -7.0 -12.0 4.0
v -7.0 9.0 4.0
v -13.0 9.0 4.0
v -13.0 1.0 4.0
v -7.0 1.0 4.0
v -5.0 13.0 3.0
v -13.0 13.0 3.0
v -13.0 9.0 3.0
v -5.0 9.0 3.0
v -3.0 14.0 3.0
v -11.0 14.0 3.0
v -11.0 13.0 3.0
v -3.0 13.0 3.0
v -10.0 16.0 3.0
v -11.0 16.0 3.0
v -11.0 14.0 3.0
v -10.0 14.0 3.0
v -5.0 16.0 2.0
v -10.0 16.0 2.0
v -10.0 14.0 2.0
v -5.0 14.0 2.0
v 1.0 -6.0 4.0
v -7.0 -6.0 4.0
v -7.0 -12.0 4.0
v 1.0 -12.0 4.0
v 1.0 2.0 5.0
v -7.0 2.0 5.0
v -7.0 -6.0 5.0
v 1.0 -6.0 5.0
v 1.0 3.0 5.0
v -7.0 3.0 5.0
v -7.0 2.0 5.0
v 1.0 2.0 5.0
v 1.0 9.0 4.0
v -7.0 9.0 4.0
v -7.0 3.0 4.0
v 1.0 3.0 4.0
v 3.0 -13.0 3.0
v -5.0 -13.0 3.0
v -5.0 -16.0 3.0
v 3.0 -16.0 3.0
v 0.0 -12.0 4.0
v -5.0 -12.0 4.0
v -5.0 -13.0 4.0
v 0.0 -13.0 4.0
v 0.0 10.0 4.0
v -5.0 10.0 4.0
v -5.0 9.0 4.0
v 0.0 9.0 4.0
v 3.0 13.0 3.0
v -5.0 13.0 3.0
v -5.0 10.0 3.0
v 3.0 10.0 3.0
v 0.0 15.0 3.0
v -5.0 15.0 3.0
v -5.0 14.0 3.0
v 0.0 14.0 3.0
v 3.0 16.0 2.0
v -5.0 16.0 2.0
v -5.0 15.0 2.0
v 3.0 15.0 2.0
v 5.0 14.0 3.0
v -3.0 14.0 3.0
v -3.0 13.0 3.0
v 5.0 13.0 3.0
v 8.0 -12.0 3.0
v 0.0 -12.0 3.0
v 0.0 -13.0 3.0
v 8.0 -13.0 3.0
v 8.0 10.0 3.0
v 0.0 10.0 3.0
v 0.0 9.0 3.0
v 8.0 9.0 3.0
v 5.0 15.0 2.0
v 0.0 15.0 2.0
v 0.0 14.0 2.0
v 5.0 14.0 2.0
v 8.0 -6.0 4.0
v 1.0 -6.0 4.0
v 1.0 -12.0 4.0
v 8.0 -12.0 4.0
v 2.0 2.0 5.0
v 1.0 2.0 5.0
v 1.0 -6.0 5.0
v 2.0 -6.0 5.0
v 2.0 3.0 5.0
v 1.0 3.0 5.0
v 1.0 2.0 5.0
v 2.0 2.0 5.0
v 8.0 9.0 4.0
v 1.0 9.0 4.0
v 1.0 3.0 4.0
v 8.0 3.0 4.0
v 8.0 2.0 4.0
v 2.0 2.0 4.0
v 2.0 -6.0 4.0
v 8.0 -6.0 4.0
v 8.0 3.0 4.0
v 2.0 3.0 4.0
v 2.0 2.0 4.0
v 8.0 2.0 4.0
v 11.0 -13.0 3.0
v 3.0 -13.0 3.0
v 3.0 -16.0 3.0
v 11.0 -16.0 3.0
v 11.0 13.0 3.0
v 3.0 13.0 3.0
v 3.0 10.0 3.0
v 11.0 10.0 3.0
v 5.0 16.0 2.0
v 3.0 16.0 2.0
v 3.0 15.0 2.0
v 5.0 15.0 2.0
v 6.0 16.0 3.0
v 5.0 16.0 3.0
v 5.0 13.0 3.0
v 6.0 13.0 3.0
v 14.0 16.0 2.0
v 6.0 16.0 2.0
v 6.0 13.0 2.0
v 14.0 13.0 2.0
v 12.0 -5.0 3.0
v 8.0 -5.0 3.0
v 8.0 -13.0 3.0
v 12.0 -13.0 3.0
v 13.0 -4.0 3.0
v 8.0 -4.0 3.0
v 8.0 -5.0 3.0
v 13.0 -5.0 3.0
v 9.0 1.0 4.0
v 8.0 1.0 4.0
v 8.0 -4.0 4.0
v 9.0 -4.0 4.0
v 12.0 9.0 3.0
v 8.0 9.0 3.0
v 8.0 1.0 3.0
v 12.0 1.0 3.0
v 12.0 10.0 3.0
v 8.0 10.0 3.0
v 8.0 9.0 3.0
v 12.0 9.0 3.0
v 14.0 1.0 3.0
v 9.0 1.0 3.0
v 9.0 -4.0 3.0
v 14.0 -4.0 3.0
v 12.0 -13.0 3.0
v 11.0 -13.0 3.0
v 11.0 -16.0 3.0
v 12.0 -16.0 3.0
v 12.0 13.0 3.0
v 11.0 13.0 3.0
v 11.0 10.0 3.0
v 12.0 10.0 3.0
v 16.0 -10.0 2.0
v 12.0 -10.0 2.0
v 12.0 -16.0 2.0
v 16.0 -16.0 2.0
v 13.0 -5.0 3.0
v 12.0 -5.0 3.0
v 12.0 -10.0 3.0
v 13.0 -10.0 3.0
v 13.0 7.0 3.0
v 12.0 7.0 3.0
v 12.0 1.0 3.0
v 13.0 1.0 3.0
v 16.0 13.0 2.0
v 12.0 13.0 2.0
v 12.0 7.0 2.0
v 16.0 7.0 2.0
v 15.0 -9.0 3.0
v 13.0 -9.0 3.0
v 13.0 -10.0 3.0
v 15.0 -10.0 3.0
v 16.0 -4.0 2.0
v 13.0 -4.0 2.0
v 13.0 -9.0 2.0
v 16.0 -9.0 2.0
v 16.0 6.0 2.0
v 13.0 6.0 2.0
v 13.0 1.0 2.0
v 16.0 1.0 2.0
v 15.0 7.0 3.0
v 13.0 7.0 3.0
v 13.0 6.0 3.0
v 15.0 6.0 3.0
v 16.0 1.0 2.0
v 14.0 1.0 2.0
v 14.0 -4.0 2.0
v 16.0 -4.0 2.0
v 16.0 16.0 2.0
v 14.0 16.0 2.0
v 14.0 13.0 2.0
v 16.0 13.0 2.0
v 16.0 -9.0 2.0
v 15.0 -9.0 2.0
v 15.0 -10.0 2.0
v 16.0 -10.0 2.0
v 16.0 7.0 2.0
v 15.0 7.0 2.0
v 15.0 6.0 2.0
v 16.0 6.0 2.0
v -16.0 13.7890625 2.098633
v -16.0 13.330079 2.997071
v -12.0 13.330079 2.997071
v -12.0 13.7890625 2.098633
v -16.0 13.000001 3.0
v -12.0 13.000001 3.0
v -16.0 13.7890625 2.098633
v -12.0 13.7890625 2.098633
v -12.0 14.000001 2.0
v -16.0 14.000001 2.0
v -15.0 -4.000001 3.0
v -15.0 -5.000001 3.0
v -14.9375 -4.625001 3.0
v -14.6875 -4.937501 3.0
v -14.0 -5.000001 3.0
v -14.7890625 -4.000001 3.098633
v -14.75 -4.437501 3.098633
v -14.330078 -4.000001 3.997071
v -14.5 -4.750001 3.098633
v -14.0 -4.330079 3.997071
v -14.0 -4.789063 3.098633
v -14.0 -4.330079 3.997071
v -14.0 -4.000001 4.0
v -14.330078 -4.000001 3.997071
v -14.6875 -4.937501 3.0
v -14.0 -5.000001 3.0
v -14.0 -4.789063 3.098633
v -14.5 -4.750001 3.098633
v -15.0 -4.000001 3.0
v -14.9375 -4.625001 3.0
v -14.75 -4.437501 3.098633
v -14.7890625 -4.000001 3.098633
v -14.7890625 -4.0 3.098633
v -14.330079 -4.0 3.997071
v -14.330079 -3.0 3.997071
v -14.7890625 -3.0 3.098633
v -14.000001 -4.0 4.0
v -14.000001 -3.0 4.0
v -14.7890625 -4.0 3.098633
v -14.7890625 -3.0 3.098633
v -15.000001 -3.0 3.0
v -15.000001 -4.0 3.0
v -15.21875 -2.875 3.1125011
v -15.21875 -3.0 3.1125011
v -14.15625 -3.0 4.175001
v -14.15625 -2.875 4.175001
v -13.5 0.0 4.050002
v -14.15625 0.0 4.175002
v -14.15625 -0.125 4.175002
v -13.5 -0.125 4.050002
v -13.5 -2.875 4.050001
v -13.5 -1.5 4.050002
v -14.0 -1.5 4.050002
v -14.0 -2.875 4.050001
v -14.0 -2.875 4.050001
v -14.0 -1.5 4.050002
v -15.0 -1.5 3.050002
v -15.0 -2.875 3.0500011
v -14.5625 -2.875 2.9875011
v -15.21875 -2.875 3.1125011
v -14.15625 -2.875 4.175001
v -13.5 -2.875 4.050001
v -15.21875 -3.0 3.1125011
v -14.5625 -3.0 2.9875011
v -13.5 -3.0 4.050001
v -14.15625 -3.0 4.175001
v -13.5 -2.875 4.050001
v -14.15625 -2.875 4.175001
v -14.15625 -3.0 4.175001
v -13.5 -3.0 4.050001
v -14.15625 -0.125 4.175002
v -14.15625 0.0 4.175002
v -15.21875 0.0 3.112502
v -15.21875 -0.125 3.112502
v -14.15625 0.0 4.175002
v -13.5 0.0 4.050002
v -14.5625 0.0 2.987502
v -15.21875 0.0 3.112502
v -13.5 -0.125 4.050002
v -14.15625 -0.125 4.175002
v -15.21875 -0.125 3.112502
v -14.5625 -0.125 2.987502
v -14.0 -0.125 4.050002
v -15.0 -0.125 3.050002
v -13.5 -0.125 4.050002
v -14.0 -0.125 4.050002
v -14.7890625 0.0 3.098633
v -14.330079 0.0 3.997071
v -14.330079 1.0 3.997071
v -14.7890625 1.0 3.098633
v -14.000001 0.0 4.0
v -14.000001 1.0 4.0
v -14.7890625 0.0 3.098633
v -14.7890625 1.0 3.098633
v -15.000001 1.0 3.0
v -15.000001 0.0 3.0
v -14.000001 2.0 3.0
v -15.000001 2.0 3.0
v -14.625001 1.9375 3.0
v -14.937501 1.6875 3.0
v -15.000001 1.0 3.0
v -14.000001 1.789062 3.098633
v -14.437501 1.75 3.098633
v -14.000001 1.330078 3.997071
v -14.750001 1.5 3.098633
v -14.330079 1.0 3.997071
v -14.7890625 1.0 3.098633
v -14.330079 1.0 3.997071
v -14.000001 1.0 4.0
v -14.000001 1.330078 3.997071
v -14.937501 1.6875 3.0
v -15.000001 1.0 3.0
v -14.7890625 1.0 3.098633
v -14.750001 1.5 3.098633
v -14.000001 2.0 3.0
v -14.625001 1.9375 3.0
v -14.437501 1.75 3.098633
v -14.000001 1.789062 3.098633
v -12.0 17.0 2.187499
v -15.0 17.0 2.187499
v -15.0 14.0 2.187499
v -12.0 14.0 2.187499
v -15.0 15.499999 6.75
v -12.0 15.499999 6.75
v -12.0 15.5 2.187499
v -15.0 15.5 2.187499
v -13.5 13.999999 6.749999
v -13.5 17.0 6.75
v -13.5 17.0 2.187499
v -13.5 14.0 2.187499
v -12.0 14.0 3.624999
v -12.0 17.0 3.624999
v -15.0 17.0 3.624999
v -15.0 14.0 3.624999
v -14.0 -12.000001 3.0
v -14.0 -13.000001 3.0
v -13.9375 -12.625001 3.0
v -13.6875 -12.937501 3.0
v -13.0 -13.000001 3.0
v -13.7890625 -12.000001 3.098633
v -13.75 -12.437501 3.098633
v -13.330078 -12.000001 3.997071
v -13.5 -12.750001 3.098633
v -13.0 -12.330079 3.997071
v -13.0 -12.7890625 3.098633
v -13.0 -12.330079 3.997071
v -13.0 -12.000001 4.0
v -13.330078 -12.000001 3.997071
v -13.6875 -12.937501 3.0
v -13.0 -13.000001 3.0
v -13.0 -12.7890625 3.098633
v -13.5 -12.750001 3.098633
v -14.0 -12.000001 3.0
v -13.9375 -12.625001 3.0
v -13.75 -12.437501 3.098633
v -13.7890625 -12.000001 3.098633
v -13.7890625 -12.0 3.098633
v -13.330079 -12.0 3.997071
v -13.330079 -5.0 3.997071
v -13.7890625 -5.0 3.098633
v -13.000001 -12.0 4.0
v -13.000001 -5.0 4.0
v -13.7890625 -12.0 3.098633
v -13.7890625 -5.0 3.098633
v -14.000001 -5.0 3.0
v -14.000001 -12.0 3.0
v -14.0 -4.330079 3.997071
v -14.0 -4.789063 3.098633
v -13.330078 -4.330079 3.997071
v -13.894531 -4.894532 3.098633
v -13.789062 -5.000001 3.098633
v -13.789062 -5.000001 3.098633
v -13.894531 -4.894532 3.098633
v -14.0 -5.000001 3.0
v -14.0 -4.789063 3.098633
v -13.0 -5.000001 4.0
v -13.0 -4.000001 4.0
v -13.330078 -4.330079 3.997071
v -13.330078 -5.000001 3.997071
v -13.0 -4.000001 4.0
v -14.0 -4.000001 4.0
v -14.0 -4.330079 3.997071
v -13.330078 -4.330079 3.997071
v -13.330078 -5.000001 3.997071
v -13.330078 -4.330079 3.997071
v -13.789062 -5.000001 3.098633
v -13.330079 2.0 3.997071
v -13.7890625 2.0 3.098633
v -13.330079 1.330078 3.997071
v -13.894532 1.894531 3.098633
v -14.000001 1.789062 3.098633
v -14.000001 1.789062 3.098633
v -13.894532 1.894531 3.098633
v -14.000001 2.0 3.0
v -13.7890625 2.0 3.098633
v -14.000001 1.0 4.0
v -13.000001 1.0 4.0
v -13.330079 1.330078 3.997071
v -14.000001 1.330078 3.997071
v -13.000001 1.0 4.0
v -13.000001 2.0 4.0
v -13.330079 2.0 3.997071
v -13.330079 1.330078 3.997071
v -14.000001 1.330078 3.997071
v -13.330079 1.330078 3.997071
v -14.000001 1.789062 3.098633
v -13.7890625 2.0 3.098633
v -13.330079 2.0 3.997071
v -13.330079 9.0 3.997071
v -13.7890625 9.0 3.098633
v -13.000001 2.0 4.0
v -13.000001 9.0 4.0
v -13.7890625 2.0 3.098633
v -13.7890625 9.0 3.098633
v -14.000001 9.0 3.0
v -14.000001 2.0 3.0
v -13.000001 10.0 3.0
v -14.000001 10.0 3.0
v -13.625001 9.9375 3.0
v -13.937501 9.6875 3.0
v -14.000001 9.0 3.0
v -13.000001 9.7890625 3.098633
v -13.437501 9.75 3.098633
v -13.000001 9.330078 3.997071
v -13.750001 9.5 3.098633
v -13.330079 9.0 3.997071
v -13.7890625 9.0 3.098633
v -13.330079 9.0 3.997071
v -13.000001 9.0 4.0
v -13.000001 9.330078 3.997071
v -13.937501 9.6875 3.0
v -14.000001 9.0 3.0
v -13.7890625 9.0 3.098633
v -13.750001 9.5 3.098633
v -13.000001 10.0 3.0
v -13.625001 9.9375 3.0
v -13.437501 9.75 3.098633
v -13.000001 9.7890625 3.098633
v -12.0 -16.0 3.3032222
v -12.0 -14.0 3.3032222
v -12.0 -16.0 6.5498047
v -12.0 -14.0 6.5498047
v -13.0 -16.0 3.321776
v -11.0 -16.0 3.321776
v -13.0 -14.0 3.321776
v -11.0 -14.0 3.321776
v -13.0 -15.0 3.3032222
v -11.0 -15.0 3.3032222
v -13.0 -15.0 6.5498047
v -11.0 -15.0 6.5498047
v -13.0 -16.0 6.0185537
v -11.0 -16.0 6.0185537
v -13.0 -14.0 6.0185537
v -11.0 -14.0 6.0185537
v -13.0 -16.0 4.562499
v -11.0 -16.0 4.562499
v -13.0 -14.0 4.562499
v -11.0 -14.0 4.562499
v -6.0 -12.789063 3.098633
v -6.0 -12.330079 3.997071
v -13.0 -12.330079 3.997071
v -13.0 -12.789063 3.098633
v -6.0 -12.000001 4.0
v -13.0 -12.000001 4.0
v -6.0 -12.789063 3.098633
v -13.0 -12.789063 3.098633
v -13.0 -13.000001 3.0
v -6.0 -13.000001 3.0
v -9.25 -8.25 4.234374
v -13.0 -8.25 4.234374
v -13.0 -12.0 4.234374
v -9.25 -12.0 4.234374
v -13.0 -10.125001 9.9375
v -9.25 -10.125001 9.9375
v -9.25 -10.125 4.234374
v -13.0 -10.125 4.234374
v -11.125 -12.000001 9.937499
v -11.125 -8.250001 9.9375
v -11.125 -8.25 4.234374
v -11.125 -12.0 4.234374
v -9.25 -12.0 6.031249
v -9.25 -8.25 6.031249
v -13.0 -8.25 6.031249
v -13.0 -12.0 6.031249
v -10.0 -5.0 4.187499
v -13.0 -5.0 4.187499
v -13.0 -8.0 4.187499
v -10.0 -8.0 4.187499
v -13.0 -6.500001 8.75
v -10.0 -6.500001 8.75
v -10.0 -6.5 4.187499
v -13.0 -6.5 4.187499
v -11.5 -8.000001 8.749999
v -11.5 -5.000001 8.75
v -11.5 -5.0 4.187499
v -11.5 -8.0 4.187499
v -10.0 -8.0 5.624999
v -10.0 -5.0 5.624999
v -13.0 -5.0 5.624999
v -13.0 -8.0 5.624999
v -10.0 5.0 4.187499
v -13.0 5.0 4.187499
v -13.0 2.0 4.187499
v -10.0 2.0 4.187499
v -13.0 3.499999 8.75
v -10.0 3.499999 8.75
v -10.0 3.5 4.187499
v -13.0 3.5 4.187499
v -11.5 1.999999 8.749999
v -11.5 4.999999 8.75
v -11.5 5.0 4.187499
v -11.5 2.0 4.187499
v -10.0 2.0 5.624999
v -10.0 5.0 5.624999
v -13.0 5.0 5.624999
v -13.0 2.0 5.624999
v -9.25 8.75 4.234374
v -13.0 8.75 4.234374
v -13.0 5.0 4.234374
v -9.25 5.0 4.234374
v -13.0 6.874999 9.9375
v -9.25 6.874999 9.9375
v -9.25 6.875 4.234374
v -13.0 6.875 4.234374
v -11.125 4.999999 9.937499
v -11.125 8.749999 9.9375
v -11.125 8.75 4.234374
v -11.125 5.0 4.234374
v -9.25 5.0 6.031249
v -9.25 8.75 6.031249
v -13.0 8.75 6.031249
v -13.0 5.0 6.031249
v -13.0 9.7890625 3.098633
v -13.0 9.330079 3.997071
v -6.0 9.330079 3.997071
v -6.0 9.7890625 3.098633
v -13.0 9.000001 4.0
v -6.0 9.000001 4.0
v -13.0 9.7890625 3.098633
v -6.0 9.7890625 3.098633
v -6.0 10.000001 3.0
v -13.0 10.000001 3.0
v -12.0 11.0 3.3032222
v -12.0 13.0 3.3032222
v -12.0 11.0 6.5498047
v -12.0 13.0 6.5498047
v -13.0 11.0 3.321776
v -11.0 11.0 3.321776
v -13.0 13.0 3.321776
v -11.0 13.0 3.321776
v -13.0 12.0 3.3032222
v -11.0 12.0 3.3032222
v -13.0 12.0 6.5498047
v -11.0 12.0 6.5498047
v -13.0 11.0 6.0185537
v -11.0 11.0 6.0185537
v -13.0 13.0 6.0185537
v -11.0 13.0 6.0185537
v -13.0 11.0 4.562499
v -11.0 11.0 4.562499
v -13.0 13.0 4.562499
v -11.0 13.0 4.562499
v -9.0 0.0 4.187499
v -12.0 0.0 4.187499
v -12.0 -3.0 4.187499
v -9.0 -3.0 4.187499
v -12.0 -1.500001 8.75
v -9.0 -1.500001 8.75
v -9.0 -1.5 4.187499
v -12.0 -1.5 4.187499
v -10.5 -3.000001 8.749999
v -10.5 -9.536743E-7 8.75
v -10.5 0.0 4.187499
v -10.5 -3.0 4.187499
v -9.0 -3.0 5.624999
v -9.0 0.0 5.624999
v -12.0 0.0 5.624999
v -12.0 -3.0 5.624999
v -11.330079 14.0 2.997071
v -11.7890625 14.0 2.098633
v -11.330079 13.330078 2.997071
v -11.894532 13.894531 2.098633
v -12.000001 13.7890625 2.098633
v -12.000001 13.7890625 2.098633
v -11.894532 13.894531 2.098633
v -12.000001 14.0 2.0
v -11.7890625 14.0 2.098633
v -12.000001 13.0 3.0
v -11.000001 13.0 3.0
v -11.330079 13.330078 2.997071
v -12.000001 13.330078 2.997071
v -11.000001 13.0 3.0
v -11.000001 14.0 3.0
v -11.330079 14.0 2.997071
v -11.330079 13.330078 2.997071
v -12.000001 13.330078 2.997071
v -11.330079 13.330078 2.997071
v -12.000001 13.7890625 2.098633
v -11.7890625 14.0 2.098633
v -11.330079 14.0 2.997071
v -11.330079 16.0 2.997071
v -11.7890625 16.0 2.098633
v -11.000001 14.0 3.0
v -11.000001 16.0 3.0
v -11.7890625 14.0 2.098633
v -11.7890625 16.0 2.098633
v -12.000001 16.0 2.0
v -12.000001 14.0 2.0
v -7.0 14.0 3.187499
v -10.0 14.0 3.187499
v -10.0 11.0 3.187499
v -7.0 11.0 3.187499
v -10.0 12.499999 7.75
v -7.0 12.499999 7.75
v -7.0 12.5 3.187499
v -10.0 12.5 3.187499
v -8.5 10.999999 7.749999
v -8.5 13.999999 7.75
v -8.5 14.0 3.187499
v -8.5 11.0 3.187499
v -7.0 11.0 4.624999
v -7.0 14.0 4.624999
v -10.0 14.0 4.624999
v -10.0 11.0 4.624999
v -9.0 14.330079 2.997071
v -9.0 14.7890625 2.098633
v -9.669922 14.330079 2.997071
v -9.105469 14.894532 2.098633
v -9.2109375 15.000001 2.098633
v -9.2109375 15.000001 2.098633
v -9.105469 14.894532 2.098633
v -9.0 15.000001 2.0
v -9.0 14.7890625 2.098633
v -10.0 15.000001 3.0
v -10.0 14.000001 3.0
v -9.669922 14.330079 2.997071
v -9.669922 15.000001 2.997071
v -10.0 14.000001 3.0
v -9.0 14.000001 3.0
v -9.0 14.330079 2.997071
v -9.669922 14.330079 2.997071
v -9.669922 15.000001 2.997071
v -9.669922 14.330079 2.997071
v -9.2109375 15.000001 2.098633
v -9.2109375 16.0 2.098633
v -9.669921 16.0 2.997071
v -9.669921 15.0 2.997071
v -9.2109375 15.0 2.098633
v -9.999999 16.0 3.0
v -9.999999 15.0 3.0
v -9.2109375 16.0 2.098633
v -9.2109375 15.0 2.098633
v -8.999999 15.0 2.0
v -8.999999 16.0 2.0
v -6.0 -9.0 4.187499
v -9.0 -9.0 4.187499
v -9.0 -12.0 4.187499
v -6.0 -12.0 4.187499
v -9.0 -10.500001 8.75
v -6.0 -10.500001 8.75
v -6.0 -10.5 4.187499
v -9.0 -10.5 4.187499
v -7.5 -12.000001 8.749999
v -7.5 -9.000001 8.75
v -7.5 -9.0 4.187499
v -7.5 -12.0 4.187499
v -6.0 -12.0 5.624999
v -6.0 -9.0 5.624999
v -9.0 -9.0 5.624999
v -9.0 -12.0 5.624999
v -6.0 9.0 4.187499
v -9.0 9.0 4.187499
v -9.0 6.0 4.187499
v -6.0 6.0 4.187499
v -9.0 7.499999 8.75
v -6.0 7.499999 8.75
v -6.0 7.5 4.187499
v -9.0 7.5 4.187499
v -7.5 5.999999 8.749999
v -7.5 8.999999 8.75
v -7.5 9.0 4.187499
v -7.5 6.0 4.187499
v -6.0 6.0 5.624999
v -6.0 9.0 5.624999
v -9.0 9.0 5.624999
v -9.0 6.0 5.624999
v -9.0 14.7890625 2.098633
v -9.0 14.330079 2.997071
v -6.0 14.330079 2.997071
v -6.0 14.7890625 2.098633
v -9.0 14.000001 3.0
v -6.0 14.000001 3.0
v -9.0 14.7890625 2.098633
v -6.0 14.7890625 2.098633
v -6.0 15.000001 2.0
v -9.0 15.000001 2.0
v -6.0 18.0 2.187499
v -9.0 18.0 2.187499
v -9.0 15.0 2.187499
v -6.0 15.0 2.187499
v -9.0 16.5 6.75
v -6.0 16.5 6.75
v -6.0 16.5 2.187499
v -9.0 16.5 2.187499
v -7.5 14.999999 6.749999
v -7.5 18.0 6.75
v -7.5 18.0 2.187499
v -7.5 15.0 2.187499
v -6.0 15.0 3.624999
v -6.0 18.0 3.624999
v -9.0 18.0 3.624999
v -9.0 15.0 3.624999
v -8.0 -6.000001 4.0
v -8.0 -7.000001 4.0
v -7.9375 -6.625001 4.0
v -7.6875 -6.937501 4.0
v -7.0 -7.000001 4.0
v -7.789062 -6.000001 4.098633
v -7.75 -6.437501 4.098633
v -7.330078 -6.000001 4.9970713
v -7.5 -6.750001 4.098633
v -7.0 -6.330079 4.9970713
v -7.0 -6.789063 4.098633
v -7.0 -6.330079 4.9970713
v -7.0 -6.000001 5.0
v -7.330078 -6.000001 4.9970713
v -7.6875 -6.937501 4.0
v -7.0 -7.000001 4.0
v -7.0 -6.789063 4.098633
v -7.5 -6.750001 4.098633
v -8.0 -6.000001 4.0
v -7.9375 -6.625001 4.0
v -7.75 -6.437501 4.098633
v -7.789062 -6.000001 4.098633
v -7.789063 -6.0 4.098633
v -7.330079 -6.0 4.9970713
v -7.330079 -3.0 4.9970713
v -7.789063 -3.0 4.098633
v -7.000001 -6.0 5.0
v -7.000001 -3.0 5.0
v -7.789063 -6.0 4.098633
v -7.789063 -3.0 4.098633
v -8.000001 -3.0 4.0
v -8.000001 -6.0 4.0
v -8.21875 -2.875 4.112501
v -8.21875 -3.0 4.112501
v -7.15625 -3.0 5.175001
v -7.15625 -2.875 5.175001
v -6.5 0.0 5.050002
v -7.15625 0.0 5.175002
v -7.15625 -0.125 5.175002
v -6.5 -0.125 5.050002
v -6.5 -2.875 5.050001
v -6.5 -1.5 5.050002
v -7.0 -1.5 5.050002
v -7.0 -2.875 5.050001
v -7.0 -2.875 5.050001
v -7.0 -1.5 5.050002
v -8.0 -1.5 4.050002
v -8.0 -2.875 4.050001
v -7.5625 -2.875 3.9875011
v -8.21875 -2.875 4.112501
v -7.15625 -2.875 5.175001
v -6.5 -2.875 5.050001
v -8.21875 -3.0 4.112501
v -7.5625 -3.0 3.9875011
v -6.5 -3.0 5.050001
v -7.15625 -3.0 5.175001
v -6.5 -2.875 5.050001
v -7.15625 -2.875 5.175001
v -7.15625 -3.0 5.175001
v -6.5 -3.0 5.050001
v -7.15625 -0.125 5.175002
v -7.15625 0.0 5.175002
v -8.21875 0.0 4.112502
v -8.21875 -0.125 4.112502
v -7.15625 0.0 5.175002
v -6.5 0.0 5.050002
v -7.5625 0.0 3.987502
v -8.21875 0.0 4.112502
v -6.5 -0.125 5.050002
v -7.15625 -0.125 5.175002
v -8.21875 -0.125 4.112502
v -7.5625 -0.125 3.987502
v -7.0 -0.125 5.050002
v -8.0 -0.125 4.050002
v -6.5 -0.125 5.050002
v -7.0 -0.125 5.050002
v -7.789063 0.0 4.098633
v -7.330079 0.0 4.9970713
v -7.330079 3.0 4.9970713
v -7.789063 3.0 4.098633
v -7.000001 0.0 5.0
v -7.000001 3.0 5.0
v -7.789063 0.0 4.098633
v -7.789063 3.0 4.098633
v -8.000001 3.0 4.0
v -8.000001 0.0 4.0
v -7.000001 4.0 4.0
v -8.000001 4.0 4.0
v -7.625001 3.9375 4.0
v -7.937501 3.6875 4.0
v -8.000001 3.0 4.0
v -7.000001 3.789062 4.098633
v -7.437501 3.75 4.098633
v -7.000001 3.3300781 4.9970713
v -7.750001 3.5 4.098633
v -7.330079 3.0 4.9970713
v -7.789063 3.0 4.098633
v -7.330079 3.0 4.9970713
v -7.000001 3.0 5.0
v -7.000001 3.3300781 4.9970713
v -7.937501 3.6875 4.0
v -8.000001 3.0 4.0
v -7.789063 3.0 4.098633
v -7.750001 3.5 4.098633
v -7.000001 4.0 4.0
v -7.625001 3.9375 4.0
v -7.437501 3.75 4.098633
v -7.000001 3.789062 4.098633
v -4.0 -6.789063 4.098633
v -4.0 -6.330079 4.9970713
v -7.0 -6.330079 4.9970713
v -7.0 -6.789063 4.098633
v -4.0 -6.000001 5.0
v -7.0 -6.000001 5.0
v -4.0 -6.789063 4.098633
v -7.0 -6.789063 4.098633
v -7.0 -7.000001 4.0
v -4.0 -7.000001 4.0
v -4.0 -3.0 5.187499
v -7.0 -3.0 5.187499
v -7.0 -6.0 5.187499
v -4.0 -6.0 5.187499
v -7.0 -4.500001 9.75
v -4.0 -4.500001 9.75
v -4.0 -4.5 5.187499
v -7.0 -4.5 5.187499
v -5.5 -6.000001 9.749999
v -5.5 -3.000001 9.75
v -5.5 -3.0 5.187499
v -5.5 -6.0 5.187499
v -4.0 -6.0 6.624999
v -4.0 -3.0 6.624999
v -7.0 -3.0 6.624999
v -7.0 -6.0 6.624999
v -4.0 3.0 5.187499
v -7.0 3.0 5.187499
v -7.0 0.0 5.187499
v -4.0 0.0 5.187499
v -7.0 1.499999 9.75
v -4.0 1.499999 9.75
v -4.0 1.5 5.187499
v -7.0 1.5 5.187499
v -5.5 -9.536743E-7 9.749999
v -5.5 2.999999 9.75
v -5.5 3.0 5.187499
v -5.5 0.0 5.187499
v -4.0 0.0 6.624999
v -4.0 3.0 6.624999
v -7.0 3.0 6.624999
v -7.0 0.0 6.624999
v -7.0 3.789063 4.098633
v -7.0 3.330079 4.9970713
v -4.0 3.330079 4.9970713
v -4.0 3.789063 4.098633
v -7.0 3.000001 5.0
v -4.0 3.000001 5.0
v -7.0 3.789063 4.098633
v -4.0 3.789063 4.098633
v -4.0 4.000001 4.0
v -7.0 4.000001 4.0
v -6.0 12.0 3.3032222
v -6.0 14.0 3.3032222
v -6.0 12.0 6.5498047
v -6.0 14.0 6.5498047
v -7.0 12.0 3.321776
v -5.0 12.0 3.321776
v -7.0 14.0 3.321776
v -5.0 14.0 3.321776
v -7.0 13.0 3.3032222
v -5.0 13.0 3.3032222
v -7.0 13.0 6.5498047
v -5.0 13.0 6.5498047
v -7.0 12.0 6.0185537
v -5.0 12.0 6.0185537
v -7.0 14.0 6.0185537
v -5.0 14.0 6.0185537
v -7.0 12.0 4.562499
v -5.0 12.0 4.562499
v -7.0 14.0 4.562499
v -5.0 14.0 4.562499
v -6.0 -13.000001 3.0
v -6.0 -14.000001 3.0
v -5.9375 -13.625001 3.0
v -5.6875 -13.937501 3.0
v -5.0 -14.000001 3.0
v -5.789062 -13.000001 3.098633
v -5.75 -13.437501 3.098633
v -5.330078 -13.000001 3.997071
v -5.5 -13.750001 3.098633
v -5.0 -13.330079 3.997071
v -5.0 -13.7890625 3.098633
v -5.0 -13.330079 3.997071
v -5.0 -13.000001 4.0
v -5.330078 -13.000001 3.997071
v -5.6875 -13.937501 3.0
v -5.0 -14.000001 3.0
v -5.0 -13.7890625 3.098633
v -5.5 -13.750001 3.098633
v -6.0 -13.000001 3.0
v -5.9375 -13.625001 3.0
v -5.75 -13.437501 3.098633
v -5.789062 -13.000001 3.098633
v -6.0 -12.330079 3.997071
v -6.0 -12.789063 3.098633
v -5.330078 -12.330079 3.997071
v -5.8945312 -12.894532 3.098633
v -5.789062 -13.000001 3.098633
v -5.789062 -13.000001 3.098633
v -5.8945312 -12.894532 3.098633
v -6.0 -13.000001 3.0
v -6.0 -12.789063 3.098633
v -5.0 -13.000001 4.0
v -5.0 -12.000001 4.0
v -5.330078 -12.330079 3.997071
v -5.330078 -13.000001 3.997071
v -5.0 -12.000001 4.0
v -6.0 -12.000001 4.0
v -6.0 -12.330079 3.997071
v -5.330078 -12.330079 3.997071
v -5.330078 -13.000001 3.997071
v -5.330078 -12.330079 3.997071
v -5.789062 -13.000001 3.098633
v -5.330079 10.0 3.997071
v -5.789063 10.0 3.098633
v -5.330079 9.330078 3.997071
v -5.894532 9.894531 3.098633
v -6.000001 9.7890625 3.098633
v -6.000001 9.7890625 3.098633
v -5.894532 9.894531 3.098633
v -6.000001 10.0 3.0
v -5.789063 10.0 3.098633
v -6.000001 9.0 4.0
v -5.000001 9.0 4.0
v -5.330079 9.330078 3.997071
v -6.000001 9.330078 3.997071
v -5.000001 9.0 4.0
v -5.000001 10.0 4.0
v -5.330079 10.0 3.997071
v -5.330079 9.330078 3.997071
v -6.000001 9.330078 3.997071
v -5.330079 9.330078 3.997071
v -6.000001 9.7890625 3.098633
v -5.000001 11.0 3.0
v -6.000001 11.0 3.0
v -5.625001 10.9375 3.0
v -5.937501 10.6875 3.0
v -6.000001 10.0 3.0
v -5.000001 10.7890625 3.098633
v -5.437501 10.75 3.098633
v -5.000001 10.330078 3.997071
v -5.750001 10.5 3.098633
v -5.330079 10.0 3.997071
v -5.789063 10.0 3.098633
v -5.330079 10.0 3.997071
v -5.000001 10.0 4.0
v -5.000001 10.330078 3.997071
v -5.937501 10.6875 3.0
v -6.000001 10.0 3.0
v -5.789063 10.0 3.098633
v -5.750001 10.5 3.098633
v -5.000001 11.0 3.0
v -5.625001 10.9375 3.0
v -5.437501 10.75 3.098633
v -5.000001 10.7890625 3.098633
v -5.330079 15.0 2.997071
v -5.789063 15.0 2.098633
v -5.330079 14.330078 2.997071
v -5.894532 14.894531 2.098633
v -6.000001 14.7890625 2.098633
v -6.000001 14.7890625 2.098633
v -5.894532 14.894531 2.098633
v -6.000001 15.0 2.0
v -5.789063 15.0 2.098633
v -6.000001 14.0 3.0
v -5.000001 14.0 3.0
v -5.330079 14.330078 2.997071
v -6.000001 14.330078 2.997071
v -5.000001 14.0 3.0
v -5.000001 15.0 3.0
v -5.330079 15.0 2.997071
v -5.330079 14.330078 2.997071
v -6.000001 14.330078 2.997071
v -5.330079 14.330078 2.997071
v -6.000001 14.7890625 2.098633
v -5.000001 16.0 2.0
v -6.000001 16.0 2.0
v -5.625001 15.9375 2.0
v -5.937501 15.6875 2.0
v -6.000001 15.0 2.0
v -5.000001 15.7890625 2.098633
v -5.437501 15.75 2.098633
v -5.000001 15.330078 2.997071
v -5.750001 15.5 2.098633
v -5.330079 15.0 2.997071
v -5.789063 15.0 2.098633
v -5.330079 15.0 2.997071
v -5.000001 15.0 3.0
v -5.000001 15.330078 2.997071
v -5.937501 15.6875 2.0
v -6.000001 15.0 2.0
v -5.789063 15.0 2.098633
v -5.750001 15.5 2.098633
v -5.000001 16.0 2.0
v -5.625001 15.9375 2.0
v -5.437501 15.75 2.098633
v -5.000001 15.7890625 2.098633
v -4.0 -13.789063 3.098633
v -4.0 -13.330079 3.997071
v -5.0 -13.330079 3.997071
v -5.0 -13.789063 3.098633
v -4.0 -13.000001 4.0
v -5.0 -13.000001 4.0
v -4.0 -13.789063 3.098633
v -5.0 -13.789063 3.098633
v -5.0 -14.000001 3.0
v -4.0 -14.000001 3.0
v -5.0 10.7890625 3.098633
v -5.0 10.330079 3.997071
v -4.0 10.330079 3.997071
v -4.0 10.7890625 3.098633
v -5.0 10.000001 4.0
v -4.0 10.000001 4.0
v -5.0 10.7890625 3.098633
v -4.0 10.7890625 3.098633
v -4.0 11.000001 3.0
v -5.0 11.000001 3.0
v -5.0 15.7890625 2.098633
v -5.0 15.330079 2.997071
v -4.0 15.330079 2.997071
v -4.0 15.7890625 2.098633
v -5.0 15.000001 3.0
v -4.0 15.000001 3.0
v -5.0 15.7890625 2.098633
v -4.0 15.7890625 2.098633
v -4.0 16.0 2.0
v -5.0 16.0 2.0
v -1.125 -14.21875 3.1125011
v -1.0 -14.21875 3.1125011
v -1.0 -13.15625 4.175001
v -1.125 -13.15625 4.175001
v -4.0 -12.5 4.050002
v -4.0 -13.15625 4.175002
v -3.875 -13.15625 4.175002
v -3.875 -12.5 4.050002
v -1.125 -12.5 4.050001
v -2.5 -12.5 4.050002
v -2.5 -13.0 4.050002
v -1.125 -13.0 4.050001
v -1.125 -13.0 4.050001
v -2.5 -13.0 4.050002
v -2.5 -14.0 3.050002
v -1.125 -14.0 3.0500011
v -1.125 -13.5625 2.9875011
v -1.125 -14.21875 3.1125011
v -1.125 -13.15625 4.175001
v -1.125 -12.5 4.050001
v -1.0 -14.21875 3.1125011
v -1.0 -13.5625 2.9875011
v -1.0 -12.5 4.050001
v -1.0 -13.15625 4.175001
v -1.125 -12.5 4.050001
v -1.125 -13.15625 4.175001
v -1.0 -13.15625 4.175001
v -1.0 -12.5 4.050001
v -3.875 -13.15625 4.175002
v -4.0 -13.15625 4.175002
v -4.0 -14.21875 3.112502
v -3.875 -14.21875 3.112502
v -4.0 -13.15625 4.175002
v -4.0 -12.5 4.050002
v -4.0 -13.5625 2.987502
v -4.0 -14.21875 3.112502
v -3.875 -12.5 4.050002
v -3.875 -13.15625 4.175002
v -3.875 -14.21875 3.112502
v -3.875 -13.5625 2.987502
v -3.875 -13.0 4.050002
v -3.875 -14.0 3.050002
v -3.875 -12.5 4.050002
v -3.875 -13.0 4.050002
v -1.0 -8.0 4.187499
v -4.0 -8.0 4.187499
v -4.0 -11.0 4.187499
v -1.0 -11.0 4.187499
v -4.0 -9.500001 8.75
v -1.0 -9.500001 8.75
v -1.0 -9.5 4.187499
v -4.0 -9.5 4.187499
v -2.5 -11.000001 8.749999
v -2.5 -8.000001 8.75
v -2.5 -8.0 4.187499
v -2.5 -11.0 4.187499
v -1.0 -11.0 5.624999
v -1.0 -8.0 5.624999
v -4.0 -8.0 5.624999
v -4.0 -11.0 5.624999
v -1.125 -7.21875 4.112501
v -1.0 -7.21875 4.112501
v -1.0 -6.15625 5.175001
v -1.125 -6.15625 5.175001
v -4.0 -5.5 5.050002
v -4.0 -6.15625 5.175002
v -3.875 -6.15625 5.175002
v -3.875 -5.5 5.050002
v -1.125 -5.5 5.050001
v -2.5 -5.5 5.050002
v -2.5 -6.0 5.050002
v -1.125 -6.0 5.050001
v -1.125 -6.0 5.050001
v -2.5 -6.0 5.050002
v -2.5 -7.0 4.050002
v -1.125 -7.0 4.050001
v -1.125 -6.5625 3.9875011
v -1.125 -7.21875 4.112501
v -1.125 -6.15625 5.175001
v -1.125 -5.5 5.050001
v -1.0 -7.21875 4.112501
v -1.0 -6.5625 3.9875011
v -1.0 -5.5 5.050001
v -1.0 -6.15625 5.175001
v -1.125 -5.5 5.050001
v -1.125 -6.15625 5.175001
v -1.0 -6.15625 5.175001
v -1.0 -5.5 5.050001
v -3.875 -6.15625 5.175002
v -4.0 -6.15625 5.175002
v -4.0 -7.21875 4.112502
v -3.875 -7.21875 4.112502
v -4.0 -6.15625 5.175002
v -4.0 -5.5 5.050002
v -4.0 -6.5625 3.987502
v -4.0 -7.21875 4.112502
v -3.875 -5.5 5.050002
v -3.875 -6.15625 5.175002
v -3.875 -7.21875 4.112502
v -3.875 -6.5625 3.987502
v -3.875 -6.0 5.050002
v -3.875 -7.0 4.050002
v -3.875 -5.5 5.050002
v -3.875 -6.0 5.050002
v -1.0 0.0 5.187499
v -4.0 0.0 5.187499
v -4.0 -3.0 5.187499
v -1.0 -3.0 5.187499
v -4.0 -1.500001 9.75
v -1.0 -1.500001 9.75
v -1.0 -1.5 5.187499
v -4.0 -1.5 5.187499
v -2.5 -3.000001 9.749999
v -2.5 -9.536743E-7 9.75
v -2.5 0.0 5.187499
v -2.5 -3.0 5.187499
v -1.0 -3.0 6.624999
v -1.0 0.0 6.624999
v -4.0 0.0 6.624999
v -4.0 -3.0 6.624999
v -3.875 4.21875 4.112501
v -4.0 4.21875 4.112501
v -4.0 3.15625 5.175001
v -3.875 3.15625 5.175001
v -1.0 2.5 5.050002
v -1.0 3.15625 5.175002
v -1.125 3.15625 5.175002
v -1.125 2.5 5.050002
v -3.875 2.5 5.050001
v -2.5 2.5 5.050002
v -2.5 3.0 5.050002
v -3.875 3.0 5.050001
v -3.875 3.0 5.050001
v -2.5 3.0 5.050002
v -2.5 4.0 4.050002
v -3.875 4.0 4.050001
v -3.875 3.5625 3.9875011
v -3.875 4.21875 4.112501
v -3.875 3.15625 5.175001
v -3.875 2.5 5.050001
v -4.0 4.21875 4.112501
v -4.0 3.5625 3.9875011
v -4.0 2.5 5.050001
v -4.0 3.15625 5.175001
v -3.875 2.5 5.050001
v -3.875 3.15625 5.175001
v -4.0 3.15625 5.175001
v -4.0 2.5 5.050001
v -1.125 3.15625 5.175002
v -1.0 3.15625 5.175002
v -1.0 4.21875 4.112502
v -1.125 4.21875 4.112502
v -1.0 3.15625 5.175002
v -1.0 2.5 5.050002
v -1.0 3.5625 3.987502
v -1.0 4.21875 4.112502
v -1.125 2.5 5.050002
v -1.125 3.15625 5.175002
v -1.125 4.21875 4.112502
v -1.125 3.5625 3.987502
v -1.125 3.0 5.050002
v -1.125 4.0 4.050002
v -1.125 2.5 5.050002
v -1.125 3.0 5.050002
v -1.0 8.0 4.187499
v -4.0 8.0 4.187499
v -4.0 5.0 4.187499
v -1.0 5.0 4.187499
v -4.0 6.499999 8.75
v -1.0 6.499999 8.75
v -1.0 6.5 4.187499
v -4.0 6.5 4.187499
v -2.5 4.999999 8.749999
v -2.5 7.999999 8.75
v -2.5 8.0 4.187499
v -2.5 5.0 4.187499
v -1.0 5.0 5.624999
v -1.0 8.0 5.624999
v -4.0 8.0 5.624999
v -4.0 5.0 5.624999
v -3.875 11.21875 3.1125011
v -4.0 11.21875 3.1125011
v -4.0 10.15625 4.175001
v -3.875 10.15625 4.175001
v -1.0 9.5 4.050002
v -1.0 10.15625 4.175002
v -1.125 10.15625 4.175002
v -1.125 9.5 4.050002
v -3.875 9.5 4.050001
v -2.5 9.5 4.050002
v -2.5 10.0 4.050002
v -3.875 10.0 4.050001
v -3.875 10.0 4.050001
v -2.5 10.0 4.050002
v -2.5 11.0 3.050002
v -3.875 11.0 3.0500011
v -3.875 10.5625 2.9875011
v -3.875 11.21875 3.1125011
v -3.875 10.15625 4.175001
v -3.875 9.5 4.050001
v -4.0 11.21875 3.1125011
v -4.0 10.5625 2.9875011
v -4.0 9.5 4.050001
v -4.0 10.15625 4.175001
v -3.875 9.5 4.050001
v -3.875 10.15625 4.175001
v -4.0 10.15625 4.175001
v -4.0 9.5 4.050001
v -1.125 10.15625 4.175002
v -1.0 10.15625 4.175002
v -1.0 11.21875 3.112502
v -1.125 11.21875 3.112502
v -1.0 10.15625 4.175002
v -1.0 9.5 4.050002
v -1.0 10.5625 2.987502
v -1.0 11.21875 3.112502
v -1.125 9.5 4.050002
v -1.125 10.15625 4.175002
v -1.125 11.21875 3.112502
v -1.125 10.5625 2.987502
v -1.125 10.0 4.050002
v -1.125 11.0 3.050002
v -1.125 9.5 4.050002
v -1.125 10.0 4.050002
v -3.875 16.21875 2.1125011
v -4.0 16.21875 2.1125011
v -4.0 15.15625 3.1750011
v -3.875 15.15625 3.1750011
v -1.0 14.5 3.050002
v -1.0 15.15625 3.175002
v -1.125 15.15625 3.175002
v -1.125 14.5 3.050002
v -3.875 14.5 3.0500011
v -2.5 14.5 3.050002
v -2.5 15.0 3.050002
v -3.875 15.0 3.0500011
v -3.875 15.0 3.0500011
v -2.5 15.0 3.050002
v -2.5 16.0 2.050002
v -3.875 16.0 2.0500011
v -3.875 15.5625 1.987501
v -3.875 16.21875 2.1125011
v -3.875 15.15625 3.1750011
v -3.875 14.5 3.0500011
v -4.0 16.21875 2.1125011
v -4.0 15.5625 1.987501
v -4.0 14.5 3.0500011
v -4.0 15.15625 3.1750011
v -3.875 14.5 3.0500011
v -3.875 15.15625 3.1750011
v -4.0 15.15625 3.1750011
v -4.0 14.5 3.0500011
v -1.125 15.15625 3.175002
v -1.0 15.15625 3.175002
v -1.0 16.21875 2.112502
v -1.125 16.21875 2.112502
v -1.0 15.15625 3.175002
v -1.0 14.5 3.050002
v -1.0 15.5625 1.987502
v -1.0 16.21875 2.112502
v -1.125 14.5 3.050002
v -1.125 15.15625 3.175002
v -1.125 16.21875 2.112502
v -1.125 15.5625 1.987502
v -1.125 15.0 3.050002
v -1.125 16.0 2.050002
v -1.125 14.5 3.050002
v -1.125 15.0 3.050002
v 0.0 -13.789063 3.098633
v 0.0 -13.330079 3.997071
v -1.0 -13.330079 3.997071
v -1.0 -13.789063 3.098633
v 0.0 -13.000001 4.0
v -1.0 -13.000001 4.0
v 0.0 -13.789063 3.098633
v -1.0 -13.789063 3.098633
v -1.0 -14.000001 3.0
v 0.0 -14.000001 3.0
v 2.0 -6.789063 4.098633
v 2.0 -6.330079 4.9970713
v -1.0 -6.330079 4.9970713
v -1.0 -6.789063 4.098633
v 2.0 -6.000001 5.0
v -1.0 -6.000001 5.0
v 2.0 -6.789063 4.098633
v -1.0 -6.789063 4.098633
v -1.0 -7.000001 4.0
v 2.0 -7.000001 4.0
v 2.0 -3.0 5.187499
v -1.0 -3.0 5.187499
v -1.0 -6.0 5.187499
v 2.0 -6.0 5.187499
v -1.0 -4.500001 9.75
v 2.0 -4.500001 9.75
v 2.0 -4.5 5.187499
v -1.0 -4.5 5.187499
v 0.5 -6.000001 9.749999
v 0.5 -3.000001 9.75
v 0.5 -3.0 5.187499
v 0.5 -6.0 5.187499
v 2.0 -6.0 6.624999
v 2.0 -3.0 6.624999
v -1.0 -3.0 6.624999
v -1.0 -6.0 6.624999
v 2.0 3.0 5.187499
v -1.0 3.0 5.187499
v -1.0 0.0 5.187499
v 2.0 0.0 5.187499
v -1.0 1.499999 9.75
v 2.0 1.499999 9.75
v 2.0 1.5 5.187499
v -1.0 1.5 5.187499
v 0.5 -9.536743E-7 9.749999
v 0.5 2.999999 9.75
v 0.5 3.0 5.187499
v 0.5 0.0 5.187499
v 2.0 0.0 6.624999
v 2.0 3.0 6.624999
v -1.0 3.0 6.624999
v -1.0 0.0 6.624999
v -1.0 3.789063 4.098633
v -1.0 3.330079 4.9970713
v 2.0 3.330079 4.9970713
v 2.0 3.789063 4.098633
v -1.0 3.000001 5.0
v 2.0 3.000001 5.0
v -1.0 3.789063 4.098633
v 2.0 3.789063 4.098633
v 2.0 4.000001 4.0
v -1.0 4.000001 4.0
v -1.0 10.7890625 3.098633
v -1.0 10.330079 3.997071
v 0.0 10.330079 3.997071
v 0.0 10.7890625 3.098633
v -1.0 10.000001 4.0
v 0.0 10.000001 4.0
v -1.0 10.7890625 3.098633
v 0.0 10.7890625 3.098633
v 0.0 11.000001 3.0
v -1.0 11.000001 3.0
v -1.0 15.7890625 2.098633
v -1.0 15.330079 2.997071
v 0.0 15.330079 2.997071
v 0.0 15.7890625 2.098633
v -1.0 15.000001 3.0
v 0.0 15.000001 3.0
v -1.0 15.7890625 2.098633
v 0.0 15.7890625 2.098633
v 0.0 16.0 2.0
v -1.0 16.0 2.0
v 1.013279E-6 -14.0 3.0
v 1.000001 -14.0 3.0
v 0.625001 -13.9375 3.0
v 0.937501 -13.6875 3.0
v 1.000001 -13.0 3.0
v 1.013279E-6 -13.7890625 3.098633
v 0.437501 -13.75 3.098633
v 1.013279E-6 -13.330078 3.997071
v 0.750001 -13.5 3.098633
v 0.33007902 -13.0 3.997071
v 0.789063 -13.0 3.098633
v 0.33007902 -13.0 3.997071
v 1.013279E-6 -13.0 4.0
v 1.013279E-6 -13.330078 3.997071
v 0.937501 -13.6875 3.0
v 1.000001 -13.0 3.0
v 0.789063 -13.0 3.098633
v 0.750001 -13.5 3.098633
v 1.013279E-6 -14.0 3.0
v 0.625001 -13.9375 3.0
v 0.437501 -13.75 3.098633
v 1.013279E-6 -13.7890625 3.098633
v 0.33007902 -13.0 3.997071
v 0.789063 -13.0 3.098633
v 0.33007902 -12.330078 3.997071
v 0.894532 -12.894531 3.098633
v 1.000001 -12.789062 3.098633
v 1.000001 -12.789062 3.098633
v 0.894532 -12.894531 3.098633
v 1.000001 -13.0 3.0
v 0.789063 -13.0 3.098633
v 1.000001 -12.0 4.0
v 1.013279E-6 -12.0 4.0
v 0.33007902 -12.330078 3.997071
v 1.000001 -12.330078 3.997071
v 1.013279E-6 -12.0 4.0
v 1.013279E-6 -13.0 4.0
v 0.33007902 -13.0 3.997071
v 0.33007902 -12.330078 3.997071
v 1.000001 -12.330078 3.997071
v 0.33007902 -12.330078 3.997071
v 1.000001 -12.789062 3.098633
v 1.0 9.330079 3.997071
v 1.0 9.7890625 3.098633
v 0.330078 9.330079 3.997071
v 0.894531 9.894532 3.098633
v 0.789062 10.000001 3.098633
v 0.789062 10.000001 3.098633
v 0.894531 9.894532 3.098633
v 1.0 10.000001 3.0
v 1.0 9.7890625 3.098633
v 0.0 10.000001 4.0
v 0.0 9.000001 4.0
v 0.330078 9.330079 3.997071
v 0.330078 10.000001 3.997071
v 0.0 9.000001 4.0
v 1.0 9.000001 4.0
v 1.0 9.330079 3.997071
v 0.330078 9.330079 3.997071
v 0.330078 10.000001 3.997071
v 0.330078 9.330079 3.997071
v 0.789062 10.000001 3.098633
v 1.0 10.000001 3.0
v 1.0 11.000001 3.0
v 0.9375 10.625001 3.0
v 0.6875 10.937501 3.0
v 0.0 11.000001 3.0
v 0.789062 10.000001 3.098633
v 0.75 10.437501 3.098633
v 0.330078 10.000001 3.997071
v 0.5 10.750001 3.098633
v 0.0 10.330079 3.997071
v 0.0 10.7890625 3.098633
v 0.0 10.330079 3.997071
v 0.0 10.000001 4.0
v 0.330078 10.000001 3.997071
v 0.6875 10.937501 3.0
v 0.0 11.000001 3.0
v 0.0 10.7890625 3.098633
v 0.5 10.750001 3.098633
v 1.0 10.000001 3.0
v 0.9375 10.625001 3.0
v 0.75 10.437501 3.098633
v 0.789062 10.000001 3.098633
v 1.0 12.0 3.3032222
v 1.0 14.0 3.3032222
v 1.0 12.0 6.5498047
v 1.0 14.0 6.5498047
v 0.0 12.0 3.321776
v 2.0 12.0 3.321776
v 0.0 14.0 3.321776
v 2.0 14.0 3.321776
v 0.0 13.0 3.3032222
v 2.0 13.0 3.3032222
v 0.0 13.0 6.5498047
v 2.0 13.0 6.5498047
v 0.0 12.0 6.0185537
v 2.0 12.0 6.0185537
v 0.0 14.0 6.0185537
v 2.0 14.0 6.0185537
v 0.0 12.0 4.562499
v 2.0 12.0 4.562499
v 0.0 14.0 4.562499
v 2.0 14.0 4.562499
v 1.0 14.330079 2.997071
v 1.0 14.7890625 2.098633
v 0.330078 14.330079 2.997071
v 0.894531 14.894532 2.098633
v 0.789062 15.000001 2.098633
v 0.789062 15.000001 2.098633
v 0.894531 14.894532 2.098633
v 1.0 15.000001 2.0
v 1.0 14.7890625 2.098633
v 0.0 15.000001 3.0
v 0.0 14.000001 3.0
v 0.330078 14.330079 2.997071
v 0.330078 15.000001 2.997071
v 0.0 14.000001 3.0
v 1.0 14.000001 3.0
v 1.0 14.330079 2.997071
v 0.330078 14.330079 2.997071
v 0.330078 15.000001 2.997071
v 0.330078 14.330079 2.997071
v 0.789062 15.000001 2.098633
v 1.0 15.000001 2.0
v 1.0 16.0 2.0
v 0.9375 15.625001 2.0
v 0.6875 15.937501 2.0
v 0.0 16.0 2.0
v 0.789062 15.000001 2.098633
v 0.75 15.437501 2.098633
v 0.330078 15.000001 2.997071
v 0.5 15.750001 2.098633
v 0.0 15.330079 2.997071
v 0.0 15.7890625 2.098633
v 0.0 15.330079 2.997071
v 0.0 15.000001 3.0
v 0.330078 15.000001 2.997071
v 0.6875 15.937501 2.0
v 0.0 16.0 2.0
v 0.0 15.7890625 2.098633
v 0.5 15.750001 2.098633
v 1.0 15.000001 2.0
v 0.9375 15.625001 2.0
v 0.75 15.437501 2.098633
v 0.789062 15.000001 2.098633
v 8.0 -12.789063 3.098633
v 8.0 -12.330079 3.997071
v 1.0 -12.330079 3.997071
v 1.0 -12.789063 3.098633
v 8.0 -12.000001 4.0
v 1.0 -12.000001 4.0
v 8.0 -12.789063 3.098633
v 1.0 -12.789063 3.098633
v 1.0 -13.000001 3.0
v 8.0 -13.000001 3.0
v 4.0 -9.0 4.187499
v 1.0 -9.0 4.187499
v 1.0 -12.0 4.187499
v 4.0 -12.0 4.187499
v 1.0 -10.500001 8.75
v 4.0 -10.500001 8.75
v 4.0 -10.5 4.187499
v 1.0 -10.5 4.187499
v 2.5 -12.000001 8.749999
v 2.5 -9.000001 8.75
v 2.5 -9.0 4.187499
v 2.5 -12.0 4.187499
v 4.0 -12.0 5.624999
v 4.0 -9.0 5.624999
v 1.0 -9.0 5.624999
v 1.0 -12.0 5.624999
v 4.0 9.0 4.187499
v 1.0 9.0 4.187499
v 1.0 6.0 4.187499
v 4.0 6.0 4.187499
v 1.0 7.499999 8.75
v 4.0 7.499999 8.75
v 4.0 7.5 4.187499
v 1.0 7.5 4.187499
v 2.5 5.999999 8.749999
v 2.5 8.999999 8.75
v 2.5 9.0 4.187499
v 2.5 6.0 4.187499
v 4.0 6.0 5.624999
v 4.0 9.0 5.624999
v 1.0 9.0 5.624999
v 1.0 6.0 5.624999
v 1.0 9.7890625 3.098633
v 1.0 9.330079 3.997071
v 8.0 9.330079 3.997071
v 8.0 9.7890625 3.098633
v 1.0 9.000001 4.0
v 8.0 9.000001 4.0
v 1.0 9.7890625 3.098633
v 8.0 9.7890625 3.098633
v 8.0 10.000001 3.0
v 1.0 10.000001 3.0
v 1.0 14.7890625 2.098633
v 1.0 14.330079 2.997071
v 4.0 14.330079 2.997071
v 4.0 14.7890625 2.098633
v 1.0 14.000001 3.0
v 4.0 14.000001 3.0
v 1.0 14.7890625 2.098633
v 4.0 14.7890625 2.098633
v 4.0 15.000001 2.0
v 1.0 15.000001 2.0
v 4.0 18.0 2.187499
v 1.0 18.0 2.187499
v 1.0 15.0 2.187499
v 4.0 15.0 2.187499
v 1.0 16.5 6.75
v 4.0 16.5 6.75
v 4.0 16.5 2.187499
v 1.0 16.5 2.187499
v 2.5 14.999999 6.749999
v 2.5 18.0 6.75
v 2.5 18.0 2.187499
v 2.5 15.0 2.187499
v 4.0 15.0 3.624999
v 4.0 18.0 3.624999
v 1.0 18.0 3.624999
v 1.0 15.0 3.624999
v 2.000001 -7.0 4.0
v 3.000001 -7.0 4.0
v 2.625001 -6.9375 4.0
v 2.937501 -6.6875 4.0
v 3.000001 -6.0 4.0
v 2.000001 -6.789062 4.098633
v 2.437501 -6.75 4.098633
v 2.000001 -6.330078 4.9970713
v 2.750001 -6.5 4.098633
v 2.330079 -6.0 4.9970713
v 2.789063 -6.0 4.098633
v 2.330079 -6.0 4.9970713
v 2.000001 -6.0 5.0
v 2.000001 -6.330078 4.9970713
v 2.937501 -6.6875 4.0
v 3.000001 -6.0 4.0
v 2.789063 -6.0 4.098633
v 2.750001 -6.5 4.098633
v 2.000001 -7.0 4.0
v 2.625001 -6.9375 4.0
v 2.437501 -6.75 4.098633
v 2.000001 -6.789062 4.098633
v 2.789063 -3.0 4.098633
v 2.330079 -3.0 4.9970713
v 2.330079 -6.0 4.9970713
v 2.789063 -6.0 4.098633
v 2.000001 -3.0 5.0
v 2.000001 -6.0 5.0
v 2.789063 -3.0 4.098633
v 2.789063 -6.0 4.098633
v 3.000001 -6.0 4.0
v 3.000001 -3.0 4.0
v 3.21875 -0.125 4.112501
v 3.21875 0.0 4.112501
v 2.15625 0.0 5.175001
v 2.15625 -0.125 5.175001
v 1.5 -3.0 5.050002
v 2.15625 -3.0 5.175002
v 2.15625 -2.875 5.175002
v 1.5 -2.875 5.050002
v 1.5 -0.125 5.050001
v 1.5 -1.5 5.050002
v 2.0 -1.5 5.050002
v 2.0 -0.125 5.050001
v 2.0 -0.125 5.050001
v 2.0 -1.5 5.050002
v 3.0 -1.5 4.050002
v 3.0 -0.125 4.050001
v 2.5625 -0.125 3.9875011
v 3.21875 -0.125 4.112501
v 2.15625 -0.125 5.175001
v 1.5 -0.125 5.050001
v 3.21875 0.0 4.112501
v 2.5625 0.0 3.9875011
v 1.5 0.0 5.050001
v 2.15625 0.0 5.175001
v 1.5 -0.125 5.050001
v 2.15625 -0.125 5.175001
v 2.15625 0.0 5.175001
v 1.5 0.0 5.050001
v 2.15625 -2.875 5.175002
v 2.15625 -3.0 5.175002
v 3.21875 -3.0 4.112502
v 3.21875 -2.875 4.112502
v 2.15625 -3.0 5.175002
v 1.5 -3.0 5.050002
v 2.5625 -3.0 3.987502
v 3.21875 -3.0 4.112502
v 1.5 -2.875 5.050002
v 2.15625 -2.875 5.175002
v 3.21875 -2.875 4.112502
v 2.5625 -2.875 3.987502
v 2.0 -2.875 5.050002
v 3.0 -2.875 4.050002
v 1.5 -2.875 5.050002
v 2.0 -2.875 5.050002
v 2.789063 3.0 4.098633
v 2.330079 3.0 4.9970713
v 2.330079 0.0 4.9970713
v 2.789063 0.0 4.098633
v 2.000001 3.0 5.0
v 2.000001 0.0 5.0
v 2.789063 3.0 4.098633
v 2.789063 0.0 4.098633
v 3.000001 0.0 4.0
v 3.000001 3.0 4.0
v 3.0 3.000001 4.0
v 3.0 4.000001 4.0
v 2.9375 3.625001 4.0
v 2.6875 3.937501 4.0
v 2.0 4.000001 4.0
v 2.789062 3.000001 4.098633
v 2.75 3.437501 4.098633
v 2.3300781 3.000001 4.9970713
v 2.5 3.750001 4.098633
v 2.0 3.330079 4.9970713
v 2.0 3.789063 4.098633
v 2.0 3.330079 4.9970713
v 2.0 3.000001 5.0
v 2.3300781 3.000001 4.9970713
v 2.6875 3.937501 4.0
v 2.0 4.000001 4.0
v 2.0 3.789063 4.098633
v 2.5 3.750001 4.098633
v 3.0 3.000001 4.0
v 2.9375 3.625001 4.0
v 2.75 3.437501 4.098633
v 2.789062 3.000001 4.098633
v 5.0 14.0 3.187499
v 2.0 14.0 3.187499
v 2.0 11.0 3.187499
v 5.0 11.0 3.187499
v 2.0 12.499999 7.75
v 5.0 12.499999 7.75
v 5.0 12.5 3.187499
v 2.0 12.5 3.187499
v 3.5 10.999999 7.749999
v 3.5 13.999999 7.75
v 3.5 14.0 3.187499
v 3.5 11.0 3.187499
v 5.0 11.0 4.624999
v 5.0 14.0 4.624999
v 2.0 14.0 4.624999
v 2.0 11.0 4.624999
v 7.75 -8.25 4.234374
v 4.0 -8.25 4.234374
v 4.0 -12.0 4.234374
v 7.75 -12.0 4.234374
v 4.0 -10.125001 9.9375
v 7.75 -10.125001 9.9375
v 7.75 -10.125 4.234374
v 4.0 -10.125 4.234374
v 5.875 -12.000001 9.937499
v 5.875 -8.250001 9.9375
v 5.875 -8.25 4.234374
v 5.875 -12.0 4.234374
v 7.75 -12.0 6.031249
v 7.75 -8.25 6.031249
v 4.0 -8.25 6.031249
v 4.0 -12.0 6.031249
v 7.0 0.0 4.187499
v 4.0 0.0 4.187499
v 4.0 -3.0 4.187499
v 7.0 -3.0 4.187499
v 4.0 -1.500001 8.75
v 7.0 -1.500001 8.75
v 7.0 -1.5 4.187499
v 4.0 -1.5 4.187499
v 5.5 -3.000001 8.749999
v 5.5 -9.536743E-7 8.75
v 5.5 0.0 4.187499
v 5.5 -3.0 4.187499
v 7.0 -3.0 5.624999
v 7.0 0.0 5.624999
v 4.0 0.0 5.624999
v 4.0 -3.0 5.624999
v 7.75 8.75 4.234374
v 4.0 8.75 4.234374
v 4.0 5.0 4.234374
v 7.75 5.0 4.234374
v 4.0 6.874999 9.9375
v 7.75 6.874999 9.9375
v 7.75 6.875 4.234374
v 4.0 6.875 4.234374
v 5.875 4.999999 9.937499
v 5.875 8.749999 9.9375
v 5.875 8.75 4.234374
v 5.875 5.0 4.234374
v 7.75 5.0 6.031249
v 7.75 8.75 6.031249
v 4.0 8.75 6.031249
v 4.0 5.0 6.031249
v 4.669921 15.0 2.997071
v 4.210937 15.0 2.098633
v 4.669921 14.330078 2.997071
v 4.105468 14.894531 2.098633
v 3.999999 14.7890625 2.098633
v 3.999999 14.7890625 2.098633
v 4.105468 14.894531 2.098633
v 3.999999 15.0 2.0
v 4.210937 15.0 2.098633
v 3.999999 14.0 3.0
v 4.999999 14.0 3.0
v 4.669921 14.330078 2.997071
v 3.999999 14.330078 2.997071
v 4.999999 14.0 3.0
v 4.999999 15.0 3.0
v 4.669921 15.0 2.997071
v 4.669921 14.330078 2.997071
v 3.999999 14.330078 2.997071
v 4.669921 14.330078 2.997071
v 3.999999 14.7890625 2.098633
v 4.210937 15.0 2.098633
v 4.669921 15.0 2.997071
v 4.669921 16.0 2.997071
v 4.210937 16.0 2.098633
v 4.999999 15.0 3.0
v 4.999999 16.0 3.0
v 4.210937 15.0 2.098633
v 4.210937 16.0 2.098633
v 3.999999 16.0 2.0
v 3.999999 15.0 2.0
v 8.0 -5.0 4.187499
v 5.0 -5.0 4.187499
v 5.0 -8.0 4.187499
v 8.0 -8.0 4.187499
v 5.0 -6.500001 8.75
v 8.0 -6.500001 8.75
v 8.0 -6.5 4.187499
v 5.0 -6.5 4.187499
v 6.5 -8.000001 8.749999
v 6.5 -5.000001 8.75
v 6.5 -5.0 4.187499
v 6.5 -8.0 4.187499
v 8.0 -8.0 5.624999
v 8.0 -5.0 5.624999
v 5.0 -5.0 5.624999
v 5.0 -8.0 5.624999
v 8.0 5.0 4.187499
v 5.0 5.0 4.187499
v 5.0 2.0 4.187499
v 8.0 2.0 4.187499
v 5.0 3.499999 8.75
v 8.0 3.499999 8.75
v 8.0 3.5 4.187499
v 5.0 3.5 4.187499
v 6.5 1.999999 8.749999
v 6.5 4.999999 8.75
v 6.5 5.0 4.187499
v 6.5 2.0 4.187499
v 8.0 2.0 5.624999
v 8.0 5.0 5.624999
v 5.0 5.0 5.624999
v 5.0 2.0 5.624999
v 7.0 -16.0 3.3032222
v 7.0 -14.0 3.3032222
v 7.0 -16.0 6.5498047
v 7.0 -14.0 6.5498047
v 6.0 -16.0 3.321776
v 8.0 -16.0 3.321776
v 6.0 -14.0 3.321776
v 8.0 -14.0 3.321776
v 6.0 -15.0 3.3032222
v 8.0 -15.0 3.3032222
v 6.0 -15.0 6.5498047
v 8.0 -15.0 6.5498047
v 6.0 -16.0 6.0185537
v 8.0 -16.0 6.0185537
v 6.0 -14.0 6.0185537
v 8.0 -14.0 6.0185537
v 6.0 -16.0 4.562499
v 8.0 -16.0 4.562499
v 6.0 -14.0 4.562499
v 8.0 -14.0 4.562499
v 7.0 11.0 3.3032222
v 7.0 13.0 3.3032222
v 7.0 11.0 6.5498047
v 7.0 13.0 6.5498047
v 6.0 11.0 3.321776
v 8.0 11.0 3.321776
v 6.0 13.0 3.321776
v 8.0 13.0 3.321776
v 6.0 12.0 3.3032222
v 8.0 12.0 3.3032222
v 6.0 12.0 6.5498047
v 8.0 12.0 6.5498047
v 6.0 11.0 6.0185537
v 8.0 11.0 6.0185537
v 6.0 13.0 6.0185537
v 8.0 13.0 6.0185537
v 6.0 11.0 4.562499
v 8.0 11.0 4.562499
v 6.0 13.0 4.562499
v 8.0 13.0 4.562499
v 7.0 13.330079 2.997071
v 7.0 13.7890625 2.098633
v 6.330078 13.330079 2.997071
v 6.8945312 13.894532 2.098633
v 6.789062 14.000001 2.098633
v 6.789062 14.000001 2.098633
v 6.8945312 13.894532 2.098633
v 7.0 14.000001 2.0
v 7.0 13.7890625 2.098633
v 6.0 14.000001 3.0
v 6.0 13.000001 3.0
v 6.330078 13.330079 2.997071
v 6.330078 14.000001 2.997071
v 6.0 13.000001 3.0
v 7.0 13.000001 3.0
v 7.0 13.330079 2.997071
v 6.330078 13.330079 2.997071
v 6.330078 14.000001 2.997071
v 6.330078 13.330079 2.997071
v 6.789062 14.000001 2.098633
v 6.789063 16.0 2.098633
v 6.330079 16.0 2.997071
v 6.330079 14.0 2.997071
v 6.789063 14.0 2.098633
v 6.000001 16.0 3.0
v 6.000001 14.0 3.0
v 6.789063 16.0 2.098633
v 6.789063 14.0 2.098633
v 7.000001 14.0 2.0
v 7.000001 16.0 2.0
v 7.0 13.7890625 2.098633
v 7.0 13.330079 2.997071
v 12.0 13.330079 2.997071
v 12.0 13.7890625 2.098633
v 7.0 13.000001 3.0
v 12.0 13.000001 3.0
v 7.0 13.7890625 2.098633
v 12.0 13.7890625 2.098633
v 12.0 14.000001 2.0
v 7.0 14.000001 2.0
v 10.0 17.0 2.187499
v 7.0 17.0 2.187499
v 7.0 14.0 2.187499
v 10.0 14.0 2.187499
v 7.0 15.499999 6.75
v 10.0 15.499999 6.75
v 10.0 15.5 2.187499
v 7.0 15.5 2.187499
v 8.5 13.999999 6.749999
v 8.5 17.0 6.75
v 8.5 17.0 2.187499
v 8.5 14.0 2.187499
v 10.0 14.0 3.624999
v 10.0 17.0 3.624999
v 7.0 17.0 3.624999
v 7.0 14.0 3.624999
v 8.000001 -13.0 3.0
v 9.000001 -13.0 3.0
v 8.625001 -12.9375 3.0
v 8.937501 -12.6875 3.0
v 9.000001 -12.0 3.0
v 8.000001 -12.7890625 3.098633
v 8.437501 -12.75 3.098633
v 8.000001 -12.330078 3.997071
v 8.750001 -12.5 3.098633
v 8.330079 -12.0 3.997071
v 8.7890625 -12.0 3.098633
v 8.330079 -12.0 3.997071
v 8.000001 -12.0 4.0
v 8.000001 -12.330078 3.997071
v 8.937501 -12.6875 3.0
v 9.000001 -12.0 3.0
v 8.7890625 -12.0 3.098633
v 8.750001 -12.5 3.098633
v 8.000001 -13.0 3.0
v 8.625001 -12.9375 3.0
v 8.437501 -12.75 3.098633
v 8.000001 -12.7890625 3.098633
v 8.7890625 -5.0 3.098633
v 8.330079 -5.0 3.997071
v 8.330079 -12.0 3.997071
v 8.7890625 -12.0 3.098633
v 8.000001 -5.0 4.0
v 8.000001 -12.0 4.0
v 8.7890625 -5.0 3.098633
v 8.7890625 -12.0 3.098633
v 9.000001 -12.0 3.0
v 9.000001 -5.0 3.0
v 8.330079 -5.0 3.997071
v 8.7890625 -5.0 3.098633
v 8.330079 -4.330078 3.997071
v 8.894532 -4.8945312 3.098633
v 9.000001 -4.789062 3.098633
v 9.000001 -4.789062 3.098633
v 8.894532 -4.8945312 3.098633
v 9.000001 -5.0 3.0
v 8.7890625 -5.0 3.098633
v 9.000001 -4.0 4.0
v 8.000001 -4.0 4.0
v 8.330079 -4.330078 3.997071
v 9.000001 -4.330078 3.997071
v 8.000001 -4.0 4.0
v 8.000001 -5.0 4.0
v 8.330079 -5.0 3.997071
v 8.330079 -4.330078 3.997071
v 9.000001 -4.330078 3.997071
v 8.330079 -4.330078 3.997071
v 9.000001 -4.789062 3.098633
v 9.0 1.3300791 3.997071
v 9.0 1.789063 3.098633
v 8.330078 1.3300791 3.997071
v 8.894531 1.894532 3.098633
v 8.7890625 2.000001 3.098633
v 8.7890625 2.000001 3.098633
v 8.894531 1.894532 3.098633
v 9.0 2.000001 3.0
v 9.0 1.789063 3.098633
v 8.0 2.000001 4.0
v 8.0 1.000001 4.0
v 8.330078 1.3300791 3.997071
v 8.330078 2.000001 3.997071
v 8.0 1.000001 4.0
v 9.0 1.000001 4.0
v 9.0 1.3300791 3.997071
v 8.330078 1.3300791 3.997071
v 8.330078 2.000001 3.997071
v 8.330078 1.3300791 3.997071
v 8.7890625 2.000001 3.098633
v 8.7890625 9.0 3.098633
v 8.330079 9.0 3.997071
v 8.330079 2.0 3.997071
v 8.7890625 2.0 3.098633
v 8.000001 9.0 4.0
v 8.000001 2.0 4.0
v 8.7890625 9.0 3.098633
v 8.7890625 2.0 3.098633
v 9.000001 2.0 3.0
v 9.000001 9.0 3.0
v 9.0 9.000001 3.0
v 9.0 10.000001 3.0
v 8.9375 9.625001 3.0
v 8.6875 9.937501 3.0
v 8.0 10.000001 3.0
v 8.7890625 9.000001 3.098633
v 8.75 9.437501 3.098633
v 8.330078 9.000001 3.997071
v 8.5 9.750001 3.098633
v 8.0 9.330079 3.997071
v 8.0 9.7890625 3.098633
v 8.0 9.330079 3.997071
v 8.0 9.000001 4.0
v 8.330078 9.000001 3.997071
v 8.6875 9.937501 3.0
v 8.0 10.000001 3.0
v 8.0 9.7890625 3.098633
v 8.5 9.750001 3.098633
v 9.0 9.000001 3.0
v 8.9375 9.625001 3.0
v 8.75 9.437501 3.098633
v 8.7890625 9.000001 3.098633
v 9.000001 -5.0 3.0
v 10.000001 -5.0 3.0
v 9.625001 -4.9375 3.0
v 9.937501 -4.6875 3.0
v 10.000001 -4.0 3.0
v 9.000001 -4.789062 3.098633
v 9.437501 -4.75 3.098633
v 9.000001 -4.330078 3.997071
v 9.750001 -4.5 3.098633
v 9.330079 -4.0 3.997071
v 9.7890625 -4.0 3.098633
v 9.330079 -4.0 3.997071
v 9.000001 -4.0 4.0
v 9.000001 -4.330078 3.997071
v 9.937501 -4.6875 3.0
v 10.000001 -4.0 3.0
v 9.7890625 -4.0 3.098633
v 9.750001 -4.5 3.098633
v 9.000001 -5.0 3.0
v 9.625001 -4.9375 3.0
v 9.437501 -4.75 3.098633
v 9.000001 -4.789062 3.098633
v 9.7890625 -3.0 3.098633
v 9.330079 -3.0 3.997071
v 9.330079 -4.0 3.997071
v 9.7890625 -4.0 3.098633
v 9.000001 -3.0 4.0
v 9.000001 -4.0 4.0
v 9.7890625 -3.0 3.098633
v 9.7890625 -4.0 3.098633
v 10.000001 -4.0 3.0
v 10.000001 -3.0 3.0
v 10.21875 -0.125 3.1125011
v 10.21875 0.0 3.1125011
v 9.15625 0.0 4.175001
v 9.15625 -0.125 4.175001
v 8.5 -3.0 4.050002
v 9.15625 -3.0 4.175002
v 9.15625 -2.875 4.175002
v 8.5 -2.875 4.050002
v 8.5 -0.125 4.050001
v 8.5 -1.5 4.050002
v 9.0 -1.5 4.050002
v 9.0 -0.125 4.050001
v 9.0 -0.125 4.050001
v 9.0 -1.5 4.050002
v 10.0 -1.5 3.050002
v 10.0 -0.125 3.0500011
v 9.5625 -0.125 2.9875011
v 10.21875 -0.125 3.1125011
v 9.15625 -0.125 4.175001
v 8.5 -0.125 4.050001
v 10.21875 0.0 3.1125011
v 9.5625 0.0 2.9875011
v 8.5 0.0 4.050001
v 9.15625 0.0 4.175001
v 8.5 -0.125 4.050001
v 9.15625 -0.125 4.175001
v 9.15625 0.0 4.175001
v 8.5 0.0 4.050001
v 9.15625 -2.875 4.175002
v 9.15625 -3.0 4.175002
v 10.21875 -3.0 3.112502
v 10.21875 -2.875 3.112502
v 9.15625 -3.0 4.175002
v 8.5 -3.0 4.050002
v 9.5625 -3.0 2.987502
v 10.21875 -3.0 3.112502
v 8.5 -2.875 4.050002
v 9.15625 -2.875 4.175002
v 10.21875 -2.875 3.112502
v 9.5625 -2.875 2.987502
v 9.0 -2.875 4.050002
v 10.0 -2.875 3.050002
v 8.5 -2.875 4.050002
v 9.0 -2.875 4.050002
v 9.7890625 1.0 3.098633
v 9.330079 1.0 3.997071
v 9.330079 0.0 3.997071
v 9.7890625 0.0 3.098633
v 9.000001 1.0 4.0
v 9.000001 0.0 4.0
v 9.7890625 1.0 3.098633
v 9.7890625 0.0 3.098633
v 10.000001 0.0 3.0
v 10.000001 1.0 3.0
v 10.0 1.000001 3.0
v 10.0 2.000001 3.0
v 9.9375 1.625001 3.0
v 9.6875 1.937501 3.0
v 9.0 2.000001 3.0
v 9.7890625 1.000001 3.098633
v 9.75 1.437501 3.098633
v 9.330078 1.000001 3.997071
v 9.5 1.750001 3.098633
v 9.0 1.3300791 3.997071
v 9.0 1.789063 3.098633
v 9.0 1.3300791 3.997071
v 9.0 1.000001 4.0
v 9.330078 1.000001 3.997071
v 9.6875 1.937501 3.0
v 9.0 2.000001 3.0
v 9.0 1.789063 3.098633
v 9.5 1.750001 3.098633
v 10.0 1.000001 3.0
v 9.9375 1.625001 3.0
v 9.75 1.437501 3.098633
v 9.7890625 1.000001 3.098633
v 11.0 -12.0 3.3032222
v 11.0 -10.0 3.3032222
v 11.0 -12.0 6.5498047
v 11.0 -10.0 6.5498047
v 10.0 -12.0 3.321776
v 12.0 -12.0 3.321776
v 10.0 -10.0 3.321776
v 12.0 -10.0 3.321776
v 10.0 -11.0 3.3032222
v 12.0 -11.0 3.3032222
v 10.0 -11.0 6.5498047
v 12.0 -11.0 6.5498047
v 10.0 -12.0 6.0185537
v 12.0 -12.0 6.0185537
v 10.0 -10.0 6.0185537
v 12.0 -10.0 6.0185537
v 10.0 -12.0 4.562499
v 12.0 -12.0 4.562499
v 10.0 -10.0 4.562499
v 12.0 -10.0 4.562499
v 13.0 -6.0 3.187499
v 10.0 -6.0 3.187499
v 10.0 -9.0 3.187499
v 13.0 -9.0 3.187499
v 10.0 -7.500001 7.75
v 13.0 -7.500001 7.75
v 13.0 -7.5 3.187499
v 10.0 -7.5 3.187499
v 11.5 -9.000001 7.749999
v 11.5 -6.000001 7.75
v 11.5 -6.0 3.187499
v 11.5 -9.0 3.187499
v 13.0 -9.0 4.624999
v 13.0 -6.0 4.624999
v 10.0 -6.0 4.624999
v 10.0 -9.0 4.624999
v 13.0 6.0 3.187499
v 10.0 6.0 3.187499
v 10.0 3.0 3.187499
v 13.0 3.0 3.187499
v 10.0 4.499999 7.75
v 13.0 4.499999 7.75
v 13.0 4.5 3.187499
v 10.0 4.5 3.187499
v 11.5 2.999999 7.749999
v 11.5 5.999999 7.75
v 11.5 6.0 3.187499
v 11.5 3.0 3.187499
v 13.0 3.0 4.624999
v 13.0 6.0 4.624999
v 10.0 6.0 4.624999
v 10.0 3.0 4.624999
v 11.0 7.0 3.3032222
v 11.0 9.0 3.3032222
v 11.0 7.0 6.5498047
v 11.0 9.0 6.5498047
v 10.0 7.0 3.321776
v 12.0 7.0 3.321776
v 10.0 9.0 3.321776
v 12.0 9.0 3.321776
v 10.0 8.0 3.3032222
v 12.0 8.0 3.3032222
v 10.0 8.0 6.5498047
v 12.0 8.0 6.5498047
v 10.0 7.0 6.0185537
v 12.0 7.0 6.0185537
v 10.0 9.0 6.0185537
v 12.0 9.0 6.0185537
v 10.0 7.0 4.562499
v 12.0 7.0 4.562499
v 10.0 9.0 4.562499
v 12.0 9.0 4.562499
v 13.0 17.0 2.187499
v 10.0 17.0 2.187499
v 10.0 14.0 2.187499
v 13.0 14.0 2.187499
v 10.0 15.499999 6.75
v 13.0 15.499999 6.75
v 13.0 15.5 2.187499
v 10.0 15.5 2.187499
v 11.5 13.999999 6.749999
v 11.5 17.0 6.75
v 11.5 17.0 2.187499
v 11.5 14.0 2.187499
v 13.0 14.0 3.624999
v 13.0 17.0 3.624999
v 10.0 17.0 3.624999
v 10.0 14.0 3.624999
v 12.0 -6.0 3.3032222
v 12.0 -4.0 3.3032222
v 12.0 -6.0 6.5498047
v 12.0 -4.0 6.5498047
v 11.0 -6.0 3.321776
v 13.0 -6.0 3.321776
v 11.0 -4.0 3.321776
v 13.0 -4.0 3.321776
v 11.0 -5.0 3.3032222
v 13.0 -5.0 3.3032222
v 11.0 -5.0 6.5498047
v 13.0 -5.0 6.5498047
v 11.0 -6.0 6.0185537
v 13.0 -6.0 6.0185537
v 11.0 -4.0 6.0185537
v 13.0 -4.0 6.0185537
v 11.0 -6.0 4.562499
v 13.0 -6.0 4.562499
v 11.0 -4.0 4.562499
v 13.0 -4.0 4.562499
v 12.0 1.0 3.3032222
v 12.0 3.0 3.3032222
v 12.0 1.0 6.5498047
v 12.0 3.0 6.5498047
v 11.0 1.0 3.321776
v 13.0 1.0 3.321776
v 11.0 3.0 3.321776
v 13.0 3.0 3.321776
v 11.0 2.0 3.3032222
v 13.0 2.0 3.3032222
v 11.0 2.0 6.5498047
v 13.0 2.0 6.5498047
v 11.0 1.0 6.0185537
v 13.0 1.0 6.0185537
v 11.0 3.0 6.0185537
v 13.0 3.0 6.0185537
v 11.0 1.0 4.562499
v 13.0 1.0 4.562499
v 11.0 3.0 4.562499
v 13.0 3.0 4.562499
v 12.7890625 -11.0 2.098633
v 12.330079 -11.0 2.997071
v 12.330079 -16.0 2.997071
v 12.7890625 -16.0 2.098633
v 12.000001 -11.0 3.0
v 12.000001 -16.0 3.0
v 12.7890625 -11.0 2.098633
v 12.7890625 -16.0 2.098633
v 13.000001 -16.0 2.0
v 13.000001 -11.0 2.0
v 12.330079 -11.0 2.997071
v 12.7890625 -11.0 2.098633
v 12.330079 -10.330078 2.997071
v 12.894532 -10.894531 2.098633
v 13.000001 -10.789062 2.098633
v 13.000001 -10.789062 2.098633
v 12.894532 -10.894531 2.098633
v 13.000001 -11.0 2.0
v 12.7890625 -11.0 2.098633
v 13.000001 -10.0 3.0
v 12.000001 -10.0 3.0
v 12.330079 -10.330078 2.997071
v 13.000001 -10.330078 2.997071
v 12.000001 -10.0 3.0
v 12.000001 -11.0 3.0
v 12.330079 -11.0 2.997071
v 12.330079 -10.330078 2.997071
v 13.000001 -10.330078 2.997071
v 12.330079 -10.330078 2.997071
v 13.000001 -10.789062 2.098633
v 13.0 7.330079 2.997071
v 13.0 7.789063 2.098633
v 12.330078 7.330079 2.997071
v 12.894531 7.894532 2.098633
v 12.7890625 8.000001 2.098633
v 12.7890625 8.000001 2.098633
v 12.894531 7.894532 2.098633
v 13.0 8.000001 2.0
v 13.0 7.789063 2.098633
v 12.0 8.000001 3.0
v 12.0 7.000001 3.0
v 12.330078 7.330079 2.997071
v 12.330078 8.000001 2.997071
v 12.0 7.000001 3.0
v 13.0 7.000001 3.0
v 13.0 7.330079 2.997071
v 12.330078 7.330079 2.997071
v 12.330078 8.000001 2.997071
v 12.330078 7.330079 2.997071
v 12.7890625 8.000001 2.098633
v 12.7890625 13.0 2.098633
v 12.330079 13.0 2.997071
v 12.330079 8.0 2.997071
v 12.7890625 8.0 2.098633
v 12.000001 13.0 3.0
v 12.000001 8.0 3.0
v 12.7890625 13.0 2.098633
v 12.7890625 8.0 2.098633
v 13.000001 8.0 2.0
v 13.000001 13.0 2.0
v 13.0 13.000001 2.0
v 13.0 14.000001 2.0
v 12.9375 13.625001 2.0
v 12.6875 13.937501 2.0
v 12.0 14.000001 2.0
v 12.7890625 13.000001 2.098633
v 12.75 13.437501 2.098633
v 12.330078 13.000001 2.997071
v 12.5 13.750001 2.098633
v 12.0 13.330079 2.997071
v 12.0 13.7890625 2.098633
v 12.0 13.330079 2.997071
v 12.0 13.000001 3.0
v 12.330078 13.000001 2.997071
v 12.6875 13.937501 2.0
v 12.0 14.000001 2.0
v 12.0 13.7890625 2.098633
v 12.5 13.750001 2.098633
v 13.0 13.000001 2.0
v 12.9375 13.625001 2.0
v 12.75 13.437501 2.098633
v 12.7890625 13.000001 2.098633
v 16.0 -11.0 2.187499
v 13.0 -11.0 2.187499
v 13.0 -14.0 2.187499
v 16.0 -14.0 2.187499
v 13.0 -12.500001 6.75
v 16.0 -12.500001 6.75
v 16.0 -12.5 2.187499
v 13.0 -12.5 2.187499
v 14.5 -14.000001 6.749999
v 14.5 -11.000001 6.75
v 14.5 -11.0 2.187499
v 14.5 -14.0 2.187499
v 16.0 -14.0 3.624999
v 16.0 -11.0 3.624999
v 13.0 -11.0 3.624999
v 13.0 -14.0 3.624999
v 15.0 -10.789063 2.098633
v 15.0 -10.330079 2.997071
v 13.0 -10.330079 2.997071
v 13.0 -10.789063 2.098633
v 15.0 -10.000001 3.0
v 13.0 -10.000001 3.0
v 15.0 -10.789063 2.098633
v 13.0 -10.789063 2.098633
v 13.0 -11.000001 2.0
v 15.0 -11.000001 2.0
v 14.0 -8.669921 2.997071
v 14.0 -8.2109375 2.098633
v 13.330078 -8.669921 2.997071
v 13.894531 -8.105468 2.098633
v 13.7890625 -7.999999 2.098633
v 13.7890625 -7.999999 2.098633
v 13.894531 -8.105468 2.098633
v 14.0 -7.999999 2.0
v 14.0 -8.2109375 2.098633
v 13.0 -7.999999 3.0
v 13.0 -8.999999 3.0
v 13.330078 -8.669921 2.997071
v 13.330078 -7.999999 2.997071
v 13.0 -8.999999 3.0
v 14.0 -8.999999 3.0
v 14.0 -8.669921 2.997071
v 13.330078 -8.669921 2.997071
v 13.330078 -7.999999 2.997071
v 13.330078 -8.669921 2.997071
v 13.7890625 -7.999999 2.098633
v 13.7890625 -5.0 2.098633
v 13.330079 -5.0 2.997071
v 13.330079 -8.0 2.997071
v 13.7890625 -8.0 2.098633
v 13.000001 -5.0 3.0
v 13.000001 -8.0 3.0
v 13.7890625 -5.0 2.098633
v 13.7890625 -8.0 2.098633
v 14.000001 -8.0 2.0
v 14.000001 -5.0 2.0
v 13.330079 -5.0 2.997071
v 13.7890625 -5.0 2.098633
v 13.330079 -4.330078 2.997071
v 13.894532 -4.8945312 2.098633
v 14.000001 -4.789062 2.098633
v 14.000001 -4.789062 2.098633
v 13.894532 -4.8945312 2.098633
v 14.000001 -5.0 2.0
v 13.7890625 -5.0 2.098633
v 14.000001 -4.0 3.0
v 13.000001 -4.0 3.0
v 13.330079 -4.330078 2.997071
v 14.000001 -4.330078 2.997071
v 13.000001 -4.0 3.0
v 13.000001 -5.0 3.0
v 13.330079 -5.0 2.997071
v 13.330079 -4.330078 2.997071
v 14.000001 -4.330078 2.997071
v 13.330079 -4.330078 2.997071
v 14.000001 -4.789062 2.098633
v 14.0 1.3300791 2.997071
v 14.0 1.789063 2.098633
v 13.330078 1.3300791 2.997071
v 13.894531 1.894532 2.098633
v 13.7890625 2.000001 2.098633
v 13.7890625 2.000001 2.098633
v 13.894531 1.894532 2.098633
v 14.0 2.000001 2.0
v 14.0 1.789063 2.098633
v 13.0 2.000001 3.0
v 13.0 1.000001 3.0
v 13.330078 1.3300791 2.997071
v 13.330078 2.000001 2.997071
v 13.0 1.000001 3.0
v 14.0 1.000001 3.0
v 14.0 1.3300791 2.997071
v 13.330078 1.3300791 2.997071
v 13.330078 2.000001 2.997071
v 13.330078 1.3300791 2.997071
v 13.7890625 2.000001 2.098633
v 13.7890625 5.0 2.098633
v 13.330079 5.0 2.997071
v 13.330079 2.0 2.997071
v 13.7890625 2.0 2.098633
v 13.000001 5.0 3.0
v 13.000001 2.0 3.0
v 13.7890625 5.0 2.098633
v 13.7890625 2.0 2.098633
v 14.000001 2.0 2.0
v 14.000001 5.0 2.0
v 13.330079 5.0 2.997071
v 13.7890625 5.0 2.098633
v 13.330079 5.669922 2.997071
v 13.894532 5.1054688 2.098633
v 14.000001 5.210938 2.098633
v 14.000001 5.210938 2.098633
v 13.894532 5.1054688 2.098633
v 14.000001 5.0 2.0
v 13.7890625 5.0 2.098633
v 14.000001 6.0 3.0
v 13.000001 6.0 3.0
v 13.330079 5.669922 2.997071
v 14.000001 5.669922 2.997071
v 13.000001 6.0 3.0
v 13.000001 5.0 3.0
v 13.330079 5.0 2.997071
v 13.330079 5.669922 2.997071
v 14.000001 5.669922 2.997071
v 13.330079 5.669922 2.997071
v 14.000001 5.210938 2.098633
v 13.0 7.789063 2.098633
v 13.0 7.330079 2.997071
v 15.0 7.330079 2.997071
v 15.0 7.789063 2.098633
v 13.0 7.000001 3.0
v 15.0 7.000001 3.0
v 13.0 7.789063 2.098633
v 15.0 7.789063 2.098633
v 15.0 8.000001 2.0
v 13.0 8.000001 2.0
v 16.0 11.0 2.187499
v 13.0 11.0 2.187499
v 13.0 8.0 2.187499
v 16.0 8.0 2.187499
v 13.0 9.499999 6.75
v 16.0 9.499999 6.75
v 16.0 9.5 2.187499
v 13.0 9.5 2.187499
v 14.5 7.999999 6.749999
v 14.5 10.999999 6.75
v 14.5 11.0 2.187499
v 14.5 8.0 2.187499
v 16.0 8.0 3.624999
v 16.0 11.0 3.624999
v 13.0 11.0 3.624999
v 13.0 8.0 3.624999
v 16.0 14.0 2.187499
v 13.0 14.0 2.187499
v 13.0 11.0 2.187499
v 16.0 11.0 2.187499
v 13.0 12.499999 6.75
v 16.0 12.499999 6.75
v 16.0 12.5 2.187499
v 13.0 12.5 2.187499
v 14.5 10.999999 6.749999
v 14.5 13.999999 6.75
v 14.5 14.0 2.187499
v 14.5 11.0 2.187499
v 16.0 11.0 3.624999
v 16.0 14.0 3.624999
v 13.0 14.0 3.624999
v 13.0 11.0 3.624999
v 16.0 17.0 2.187499
v 13.0 17.0 2.187499
v 13.0 14.0 2.187499
v 16.0 14.0 2.187499
v 13.0 15.499999 6.75
v 16.0 15.499999 6.75
v 16.0 15.5 2.187499
v 13.0 15.5 2.187499
v 14.5 13.999999 6.749999
v 14.5 17.0 6.75
v 14.5 17.0 2.187499
v 14.5 14.0 2.187499
v 16.0 14.0 3.624999
v 16.0 17.0 3.624999
v 13.0 17.0 3.624999
v 13.0 14.0 3.624999
v 14.0 -8.2109375 2.098633
v 14.0 -8.669921 2.997071
v 15.0 -8.669921 2.997071
v 15.0 -8.2109375 2.098633
v 14.0 -8.999999 3.0
v 15.0 -8.999999 3.0
v 14.0 -8.2109375 2.098633
v 15.0 -8.2109375 2.098633
v 15.0 -7.999999 2.0
v 14.0 -7.999999 2.0
v 17.0 -5.0 2.187499
v 14.0 -5.0 2.187499
v 14.0 -8.0 2.187499
v 17.0 -8.0 2.187499
v 14.0 -6.500001 6.75
v 17.0 -6.500001 6.75
v 17.0 -6.5 2.187499
v 14.0 -6.5 2.187499
v 15.5 -8.000001 6.749999
v 15.5 -5.000001 6.75
v 15.5 -5.0 2.187499
v 15.5 -8.0 2.187499
v 17.0 -8.0 3.624999
v 17.0 -5.0 3.624999
v 14.0 -5.0 3.624999
v 14.0 -8.0 3.624999
v 14.000001 -5.0 2.0
v 15.000001 -5.0 2.0
v 14.625001 -4.9375 2.0
v 14.937501 -4.6875 2.0
v 15.000001 -4.0 2.0
v 14.000001 -4.789062 2.098633
v 14.437501 -4.75 2.098633
v 14.000001 -4.330078 2.997071
v 14.750001 -4.5 2.098633
v 14.330079 -4.0 2.997071
v 14.7890625 -4.0 2.098633
v 14.330079 -4.0 2.997071
v 14.000001 -4.0 3.0
v 14.000001 -4.330078 2.997071
v 14.937501 -4.6875 2.0
v 15.000001 -4.0 2.0
v 14.7890625 -4.0 2.098633
v 14.750001 -4.5 2.098633
v 14.000001 -5.0 2.0
v 14.625001 -4.9375 2.0
v 14.437501 -4.75 2.098633
v 14.000001 -4.789062 2.098633
v 14.7890625 -3.0 2.098633
v 14.330079 -3.0 2.997071
v 14.330079 -4.0 2.997071
v 14.7890625 -4.0 2.098633
v 14.000001 -3.0 3.0
v 14.000001 -4.0 3.0
v 14.7890625 -3.0 2.098633
v 14.7890625 -4.0 2.098633
v 15.000001 -4.0 2.0
v 15.000001 -3.0 2.0
v 15.21875 -0.125 2.1125011
v 15.21875 0.0 2.1125011
v 14.15625 0.0 3.1750011
v 14.15625 -0.125 3.1750011
v 13.5 -3.0 3.050002
v 14.15625 -3.0 3.175002
v 14.15625 -2.875 3.175002
v 13.5 -2.875 3.050002
v 13.5 -0.125 3.0500011
v 13.5 -1.5 3.050002
v 14.0 -1.5 3.050002
v 14.0 -0.125 3.0500011
v 14.0 -0.125 3.0500011
v 14.0 -1.5 3.050002
v 15.0 -1.5 2.050002
v 15.0 -0.125 2.0500011
v 14.5625 -0.125 1.987501
v 15.21875 -0.125 2.1125011
v 14.15625 -0.125 3.1750011
v 13.5 -0.125 3.0500011
v 15.21875 0.0 2.1125011
v 14.5625 0.0 1.987501
v 13.5 0.0 3.0500011
v 14.15625 0.0 3.1750011
v 13.5 -0.125 3.0500011
v 14.15625 -0.125 3.1750011
v 14.15625 0.0 3.1750011
v 13.5 0.0 3.0500011
v 14.15625 -2.875 3.175002
v 14.15625 -3.0 3.175002
v 15.21875 -3.0 2.112502
v 15.21875 -2.875 2.112502
v 14.15625 -3.0 3.175002
v 13.5 -3.0 3.050002
v 14.5625 -3.0 1.987502
v 15.21875 -3.0 2.112502
v 13.5 -2.875 3.050002
v 14.15625 -2.875 3.175002
v 15.21875 -2.875 2.112502
v 14.5625 -2.875 1.987502
v 14.0 -2.875 3.050002
v 15.0 -2.875 2.050002
v 13.5 -2.875 3.050002
v 14.0 -2.875 3.050002
v 14.7890625 1.0 2.098633
v 14.330079 1.0 2.997071
v 14.330079 0.0 2.997071
v 14.7890625 0.0 2.098633
v 14.000001 1.0 3.0
v 14.000001 0.0 3.0
v 14.7890625 1.0 2.098633
v 14.7890625 0.0 2.098633
v 15.000001 0.0 2.0
v 15.000001 1.0 2.0
v 15.0 1.000001 2.0
v 15.0 2.000001 2.0
v 14.9375 1.625001 2.0
v 14.6875 1.937501 2.0
v 14.0 2.000001 2.0
v 14.7890625 1.000001 2.098633
v 14.75 1.437501 2.098633
v 14.330078 1.000001 2.997071
v 14.5 1.750001 2.098633
v 14.0 1.3300791 2.997071
v 14.0 1.789063 2.098633
v 14.0 1.3300791 2.997071
v 14.0 1.000001 3.0
v 14.330078 1.000001 2.997071
v 14.6875 1.937501 2.0
v 14.0 2.000001 2.0
v 14.0 1.789063 2.098633
v 14.5 1.750001 2.098633
v 15.0 1.000001 2.0
v 14.9375 1.625001 2.0
v 14.75 1.437501 2.098633
v 14.7890625 1.000001 2.098633
v 17.0 5.0 2.187499
v 14.0 5.0 2.187499
v 14.0 2.0 2.187499
v 17.0 2.0 2.187499
v 14.0 3.499999 6.75
v 17.0 3.499999 6.75
v 17.0 3.5 2.187499
v 14.0 3.5 2.187499
v 15.5 1.999999 6.749999
v 15.5 4.999999 6.75
v 15.5 5.0 2.187499
v 15.5 2.0 2.187499
v 17.0 2.0 3.624999
v 17.0 5.0 3.624999
v 14.0 5.0 3.624999
v 14.0 2.0 3.624999
v 15.0 5.210937 2.098633
v 15.0 5.669921 2.997071
v 14.0 5.669921 2.997071
v 14.0 5.210937 2.098633
v 15.0 5.999999 3.0
v 14.0 5.999999 3.0
v 15.0 5.210937 2.098633
v 14.0 5.210937 2.098633
v 14.0 4.999999 2.0
v 15.0 4.999999 2.0
v 15.000001 -11.0 2.0
v 16.0 -11.0 2.0
v 15.625001 -10.9375 2.0
v 15.937501 -10.6875 2.0
v 16.0 -10.0 2.0
v 15.000001 -10.7890625 2.098633
v 15.437501 -10.75 2.098633
v 15.000001 -10.330078 2.997071
v 15.750001 -10.5 2.098633
v 15.330079 -10.0 2.997071
v 15.7890625 -10.0 2.098633
v 15.330079 -10.0 2.997071
v 15.000001 -10.0 3.0
v 15.000001 -10.330078 2.997071
v 15.937501 -10.6875 2.0
v 16.0 -10.0 2.0
v 15.7890625 -10.0 2.098633
v 15.750001 -10.5 2.098633
v 15.000001 -11.0 2.0
v 15.625001 -10.9375 2.0
v 15.437501 -10.75 2.098633
v 15.000001 -10.7890625 2.098633
v 15.7890625 -9.0 2.098633
v 15.330079 -9.0 2.997071
v 15.330079 -10.0 2.997071
v 15.7890625 -10.0 2.098633
v 15.000001 -9.0 3.0
v 15.000001 -10.0 3.0
v 15.7890625 -9.0 2.098633
v 15.7890625 -10.0 2.098633
v 16.0 -10.0 2.0
v 16.0 -9.0 2.0
v 16.0 -8.999999 2.0
v 16.0 -7.999999 2.0
v 15.9375 -8.374999 2.0
v 15.6875 -8.062499 2.0
v 15.0 -7.999999 2.0
v 15.7890625 -8.999999 2.098633
v 15.75 -8.562499 2.098633
v 15.330078 -8.999999 2.997071
v 15.5 -8.249999 2.098633
v 15.0 -8.669921 2.997071
v 15.0 -8.2109375 2.098633
v 15.0 -8.669921 2.997071
v 15.0 -8.999999 3.0
v 15.330078 -8.999999 2.997071
v 15.6875 -8.062499 2.0
v 15.0 -7.999999 2.0
v 15.0 -8.2109375 2.098633
v 15.5 -8.249999 2.098633
v 16.0 -8.999999 2.0
v 15.9375 -8.374999 2.0
v 15.75 -8.562499 2.098633
v 15.7890625 -8.999999 2.098633
v 15.000001 5.0 2.0
v 16.0 5.0 2.0
v 15.625001 5.0625 2.0
v 15.937501 5.3125 2.0
v 16.0 6.0 2.0
v 15.000001 5.210938 2.098633
v 15.437501 5.25 2.098633
v 15.000001 5.669922 2.997071
v 15.750001 5.5 2.098633
v 15.330079 6.0 2.997071
v 15.7890625 6.0 2.098633
v 15.330079 6.0 2.997071
v 15.000001 6.0 3.0
v 15.000001 5.669922 2.997071
v 15.937501 5.3125 2.0
v 16.0 6.0 2.0
v 15.7890625 6.0 2.098633
v 15.750001 5.5 2.098633
v 15.000001 5.0 2.0
v 15.625001 5.0625 2.0
v 15.437501 5.25 2.098633
v 15.000001 5.210938 2.098633
v 15.7890625 7.0 2.098633
v 15.330079 7.0 2.997071
v 15.330079 6.0 2.997071
v 15.7890625 6.0 2.098633
v 15.000001 7.0 3.0
v 15.000001 6.0 3.0
v 15.7890625 7.0 2.098633
v 15.7890625 6.0 2.098633
v 16.0 6.0 2.0
v 16.0 7.0 2.0
v 16.0 7.000001 2.0
v 16.0 8.000001 2.0
v 15.9375 7.625001 2.0
v 15.6875 7.937501 2.0
v 15.0 8.000001 2.0
v 15.7890625 7.000001 2.098633
v 15.75 7.437501 2.098633
v 15.330078 7.000001 2.997071
v 15.5 7.750001 2.098633
v 15.0 7.330079 2.997071
v 15.0 7.789063 2.098633
v 15.0 7.330079 2.997071
v 15.0 7.000001 3.0
v 15.330078 7.000001 2.997071
v 15.6875 7.937501 2.0
v 15.0 8.000001 2.0
v 15.0 7.789063 2.098633
v 15.5 7.750001 2.098633
v 16.0 7.000001 2.0
v 15.9375 7.625001 2.0
v 15.75 7.437501 2.098633
v 15.7890625 7.000001 2.098633
v -6.0 -3.125 5.125
v -6.5 -3.125 5.125
v -6.5 -3.625 5.125
v -6.0 -3.625 5.125
v -6.0 -2.125 5.125
v -6.5 -2.125 5.125
v -6.5 -3.125 5.125
v -6.0 -3.125 5.125
v -6.0 -0.125 5.125
v -6.5 -0.125 5.125
v -6.5 -1.125 5.125
v -6.0 -1.125 5.125
v -5.0 -3.125 5.125
v -6.0 -3.125 5.125
v -6.0 -3.625 5.125
v -5.0 -3.625 5.125
v 1.0 -2.125 5.125
v -6.0 -2.125 5.125
v -6.0 -3.125 5.125
v 1.0 -3.125 5.125
v -6.0 -1.125 5.125
v -6.0 -1.625 5.125
v -5.5 -1.625 5.125
v -5.5 -1.125 5.125
v -5.0 -1.125 5.125
v -5.5 -1.125 5.125
v -5.5 -1.625 5.125
v -5.0 -1.625 5.125
v -6.0 -1.625 5.125001
v -6.0 -2.125 5.125001
v -5.5 -2.125 5.125001
v -5.5 -1.625 5.125001
v -5.0 -1.625 5.125001
v -5.5 -1.625 5.125001
v -5.5 -2.125 5.125001
v -5.0 -2.125 5.125001
v 1.0 -0.125 5.125
v -6.0 -0.125 5.125
v -6.0 -1.125 5.125
v 1.0 -1.125 5.125
v -5.0 0.375 5.125001
v -6.0 0.375 5.125001
v -6.0 -0.125 5.125001
v -5.0 -0.125 5.125001
v -4.0 -5.125 5.125
v -4.5 -5.125 5.125
v -4.5 -5.625 5.125
v -4.0 -5.625 5.125
v -4.0 -4.125 5.125
v -4.5 -4.125 5.125
v -4.5 -5.125 5.125
v -4.0 -5.125 5.125
v -4.5 -4.125 5.125
v -4.0 -4.125 5.125
v -4.0 -3.625 5.125
v -4.5 -3.625 5.125
v -4.0 -3.125 5.125
v -4.5 -3.125 5.125
v -4.5 -3.625 5.125
v -4.0 -3.625 5.125
v -5.0 -3.125 5.125
v -5.0 -3.625 5.125
v -4.5 -3.625 5.125
v -4.5 -3.125 5.125
v 0.0 -1.125 5.125
v -5.0 -1.125 5.125
v -5.0 -2.125 5.125
v 0.0 -2.125 5.125
v -4.0 0.875 5.125001
v -4.5 0.875 5.125001
v -4.5 0.375 5.125001
v -4.0 0.375 5.125001
v -4.0 0.375 5.125001
v -4.5 0.375 5.125001
v -4.5 -0.125 5.125001
v -4.0 -0.125 5.125001
v -5.0 0.375 5.125001
v -5.0 -0.125 5.125001
v -4.5 -0.125 5.125001
v -4.5 0.375 5.125001
v -4.0 1.875 5.125
v -4.5 1.875 5.125
v -4.5 0.875 5.125
v -4.0 0.875 5.125
v -3.0 -5.125 5.125
v -4.0 -5.125 5.125
v -4.0 -5.625 5.125
v -3.0 -5.625 5.125
v -3.0 -3.125 5.125
v -4.0 -3.125 5.125
v -4.0 -5.125 5.125
v -3.0 -5.125 5.125
v -1.0 0.875 5.125
v -4.0 0.875 5.125
v -4.0 -0.125 5.125
v -1.0 -0.125 5.125
v -3.0 1.875 5.125
v -4.0 1.875 5.125
v -4.0 0.875 5.125
v -3.0 0.875 5.125
v -3.0 2.375 5.125001
v -4.0 2.375 5.125001
v -4.0 1.875 5.125001
v -3.0 1.875 5.125001
v -2.0 -5.125 5.125
v -2.5 -5.125 5.125
v -2.5 -5.625 5.125
v -2.0 -5.625 5.125
v -2.5 -4.125 5.125
v -3.0 -4.125 5.125
v -3.0 -4.625 5.125
v -2.5 -4.625 5.125
v -2.0 -4.125 5.125001
v -2.5 -4.125 5.125001
v -2.5 -4.625 5.125001
v -2.0 -4.625 5.125001
v -2.5 -5.125 5.125
v -2.0 -5.125 5.125
v -2.0 -4.625 5.125
v -2.5 -4.625 5.125
v -3.0 -5.125 5.125
v -2.5 -5.125 5.125
v -2.5 -4.625 5.125
v -3.0 -4.625 5.125
v -1.0 -3.125 5.125
v -3.0 -3.125 5.125
v -3.0 -4.125 5.125
v -1.0 -4.125 5.125
v -2.0 1.375 5.125
v -2.5 1.375 5.125
v -2.5 0.875 5.125
v -2.0 0.875 5.125
v -2.5 1.375 5.125001
v -3.0 1.375 5.125001
v -3.0 0.875 5.125001
v -2.5 0.875 5.125001
v -3.0 1.375 5.125
v -2.5 1.375 5.125
v -2.5 1.875 5.125
v -3.0 1.875 5.125
v -2.5 1.375 5.125
v -2.0 1.375 5.125
v -2.0 1.875 5.125
v -2.5 1.875 5.125
v -1.0 -5.125 5.125
v -2.0 -5.125 5.125
v -2.0 -5.625 5.125
v -1.0 -5.625 5.125
v -1.0 -4.125 5.125
v -2.0 -4.125 5.125
v -2.0 -5.125 5.125
v -1.0 -5.125 5.125
v -1.0 1.875 5.125
v -2.0 1.875 5.125
v -2.0 0.875 5.125
v -1.0 0.875 5.125
v -1.0 2.375 5.125001
v -2.0 2.375 5.125001
v -2.0 1.875 5.125001
v -1.0 1.875 5.125001
v -0.5 -5.125 5.125001
v -1.0 -5.125 5.125001
v -1.0 -5.625 5.125
v -0.5 -5.625 5.125
v -0.5 -4.125 5.125001
v -1.0 -4.125 5.125001
v -1.0 -5.125 5.125001
v -0.5 -5.125 5.125001
v -1.0 -4.125 5.125
v -0.5 -4.125 5.125
v -0.5 -3.625 5.125
v -1.0 -3.625 5.125
v -0.5 -3.125 5.125001
v -1.0 -3.125 5.125001
v -1.0 -3.625 5.125
v -0.5 -3.625 5.125
v 0.0 -3.625 5.125
v 0.0 -3.125 5.125001
v -0.5 -3.125 5.125001
v -0.5 -3.625 5.125
v -0.5 0.875 5.125001
v -1.0 0.875 5.125001
v -1.0 0.375 5.125001
v -0.5 0.375 5.125001
v -0.5 0.375 5.125001
v -1.0 0.375 5.125001
v -1.0 -0.125 5.125001
v -0.5 -0.125 5.125001
v 0.0 -0.125 5.125001
v 0.0 0.375 5.125001
v -0.5 0.375 5.125001
v -0.5 -0.125 5.125001
v -0.5 1.875 5.125001
v -1.0 1.875 5.125001
v -1.0 0.875 5.125001
v -0.5 0.875 5.125001
v 1.0 -3.125 5.125
v 0.0 -3.125 5.125
v 0.0 -3.625 5.125
v 1.0 -3.625 5.125
v 1.0 -1.125 5.125001
v 1.0 -1.625 5.125001
v 0.5 -1.625 5.125001
v 0.5 -1.125 5.125001
v 0.5 -1.125 5.125
v 0.0 -1.125 5.125
v 0.0 -1.625 5.125
v 0.5 -1.625 5.125
v 1.0 -1.625 5.125
v 1.0 -2.125 5.125
v 0.5 -2.125 5.125
v 0.5 -1.625 5.125
v 0.5 -1.625 5.125001
v 0.0 -1.625 5.125001
v 0.0 -2.125 5.125001
v 0.5 -2.125 5.125001
v 1.0 0.375 5.125001
v 0.0 0.375 5.125001
v 0.0 -0.125 5.125001
v 1.0 -0.125 5.125001
v 1.5 -3.125 5.125001
v 1.0 -3.125 5.125001
v 1.0 -3.625 5.125
v 1.5 -3.625 5.125
v 1.5 -2.125 5.125001
v 1.0 -2.125 5.125001
v 1.0 -3.125 5.125001
v 1.5 -3.125 5.125001
v 1.5 -0.125 5.125001
v 1.0 -0.125 5.125001
v 1.0 -1.125 5.125001
v 1.5 -1.125 5.125001
v 11.75 -12.25 3.2343738
v 8.0 -12.25 3.2343738
v 8.0 -16.0 3.2343738
v 11.75 -16.0 3.2343738
v 8.0 -14.125001 8.9375
v 11.75 -14.125001 8.9375
v 11.75 -14.125 3.2343738
v 8.0 -14.125 3.2343738
v 9.875 -16.000002 8.937499
v 9.875 -12.250001 8.9375
v 9.875 -12.25 3.2343738
v 9.875 -16.0 3.2343738
v 11.75 -16.0 5.031249
v 11.75 -12.25 5.031249
v 8.0 -12.25 5.031249
v 8.0 -16.0 5.031249
v 11.75 12.75 3.2343738
v 8.0 12.75 3.2343738
v 8.0 9.0 3.2343738
v 11.75 9.0 3.2343738
v 8.0 10.874999 8.9375
v 11.75 10.874999 8.9375
v 11.75 10.875 3.2343738
v 8.0 10.875 3.2343738
v 9.875 8.999999 8.937499
v 9.875 12.749999 8.9375
v 9.875 12.75 3.2343738
v 9.875 9.0 3.2343738
v 11.75 9.0 5.031249
v 11.75 12.75 5.031249
v 8.0 12.75 5.031249
v 8.0 9.0 5.031249
v -13.0 -12.125 4.125
v -13.5 -12.125 4.125
v -13.5 -12.625 4.125
v -13.0 -12.625 4.125
v -13.0 -4.125 4.125
v -13.5 -4.125 4.125
v -13.5 -12.125 4.125
v -13.0 -12.125 4.125
v -13.0 -3.5 4.125001
v -13.5 -3.5 4.125001
v -13.5 -4.0 4.125001
v -13.0 -4.0 4.125001
v -13.0 0.875 4.125
v -13.5 0.875 4.125
v -13.5 0.375 4.125
v -13.0 0.375 4.125
v -13.0 8.875 4.125
v -13.5 8.875 4.125
v -13.5 0.875 4.125
v -13.0 0.875 4.125
v -13.0 9.5 4.125001
v -13.5 9.5 4.125001
v -13.5 9.0 4.125001
v -13.0 9.0 4.125001
v -5.0 -12.125 4.125
v -13.0 -12.125 4.125
v -13.0 -12.625 4.125
v -5.0 -12.625 4.125
v -8.0 -4.125 4.125
v -13.0 -4.125 4.125
v -13.0 -12.125 4.125
v -8.0 -12.125 4.125
v -12.0 -3.125 4.125001
v -12.5 -3.125 4.125001
v -12.5 -3.625 4.125001
v -12.0 -3.625 4.125001
v -12.0 -3.625 4.125001
v -12.5 -3.625 4.125001
v -12.5 -4.125 4.125001
v -12.0 -4.125 4.125001
v -13.0 -3.625 4.125001
v -13.0 -4.125 4.125001
v -12.5 -4.125 4.125001
v -12.5 -3.625 4.125001
v -12.0 -0.125 4.125
v -12.5 -0.125 4.125
v -12.5 -3.125 4.125
v -12.0 -3.125 4.125
v -12.5 -0.125 4.125
v -12.0 -0.125 4.125
v -12.0 0.375 4.125
v -12.5 0.375 4.125
v -12.0 0.875 4.125
v -12.5 0.875 4.125
v -12.5 0.375 4.125
v -12.0 0.375 4.125
v -13.0 0.875 4.125
v -13.0 0.375 4.125
v -12.5 0.375 4.125
v -12.5 0.875 4.125
v -8.0 8.875 4.125
v -13.0 8.875 4.125
v -13.0 0.875 4.125
v -8.0 0.875 4.125
v -5.0 9.375 4.125001
v -13.0 9.375 4.125001
v -13.0 8.875 4.125001
v -5.0 8.875 4.125001
v -9.0 0.875 4.125
v -12.0 0.875 4.125
v -12.0 -4.125 4.125
v -9.0 -4.125 4.125
v -8.5 -3.125 4.125001
v -9.0 -3.125 4.125001
v -9.0 -3.625 4.125001
v -8.5 -3.625 4.125001
v -8.5 -3.625 4.125001
v -9.0 -3.625 4.125001
v -9.0 -4.125 4.125001
v -8.5 -4.125 4.125001
v -8.0 -4.125 4.125001
v -8.0 -3.625 4.125001
v -8.5 -3.625 4.125001
v -8.5 -4.125 4.125001
v -8.5 -0.125 4.125001
v -9.0 -0.125 4.125001
v -9.0 -3.125 4.125001
v -8.5 -3.125 4.125001
v -9.0 -0.125 4.125
v -8.5 -0.125 4.125
v -8.5 0.375 4.125
v -9.0 0.375 4.125
v -8.5 0.875 4.125001
v -9.0 0.875 4.125001
v -9.0 0.375 4.125
v -8.5 0.375 4.125
v -8.0 0.375 4.125
v -8.0 0.875 4.125001
v -8.5 0.875 4.125001
v -8.5 0.375 4.125
v -5.0 -7.125 4.125
v -8.0 -7.125 4.125
v -8.0 -12.125 4.125
v -5.0 -12.125 4.125
v -7.5 -6.125 4.125001
v -8.0 -6.125 4.125001
v -8.0 -6.625 4.125001
v -7.5 -6.625 4.125001
v -7.5 -6.625 4.125001
v -8.0 -6.625 4.125001
v -8.0 -7.125 4.125001
v -7.5 -7.125 4.125001
v -7.0 -7.125 4.125001
v -7.0 -6.625 4.125001
v -7.5 -6.625 4.125001
v -7.5 -7.125 4.125001
v -7.5 -4.125 4.125001
v -8.0 -4.125 4.125001
v -8.0 -6.125 4.125001
v -7.5 -6.125 4.125001
v -7.5 0.875 4.125001
v -8.0 0.875 4.125001
v -8.0 0.375 4.125
v -7.5 0.375 4.125
v -7.5 2.875 4.125001
v -8.0 2.875 4.125001
v -8.0 0.875 4.125001
v -7.5 0.875 4.125001
v -8.0 2.875 4.125
v -7.5 2.875 4.125
v -7.5 3.375 4.125
v -8.0 3.375 4.125
v -7.5 3.875 4.125001
v -8.0 3.875 4.125001
v -8.0 3.375 4.125
v -7.5 3.375 4.125
v -7.0 3.375 4.125
v -7.0 3.875 4.125001
v -7.5 3.875 4.125001
v -7.5 3.375 4.125
v -5.0 8.875 4.125
v -8.0 8.875 4.125
v -8.0 3.875 4.125
v -5.0 3.875 4.125
v -5.0 -6.625 4.125001
v -7.0 -6.625 4.125001
v -7.0 -7.125 4.125001
v -5.0 -7.125 4.125001
v -6.0 -1.125 5.125
v -6.5 -1.125 5.125
v -6.5 -1.625 5.125
v -6.0 -1.625 5.125
v -5.0 3.875 4.125
v -7.0 3.875 4.125
v -7.0 3.375 4.125
v -5.0 3.375 4.125
v -4.5 -12.125 4.125001
v -5.0 -12.125 4.125001
v -5.0 -12.625 4.125
v -4.5 -12.625 4.125
v -5.0 -12.125 4.125
v -4.5 -12.125 4.125
v -4.5 -11.625 4.125
v -5.0 -11.625 4.125
v -4.5 -11.125 4.125001
v -5.0 -11.125 4.125001
v -5.0 -11.625 4.125
v -4.5 -11.625 4.125
v -4.0 -11.625 4.125
v -4.0 -11.125 4.125001
v -4.5 -11.125 4.125001
v -4.5 -11.625 4.125
v 3.0 -8.125 4.125
v -5.0 -8.125 4.125
v -5.0 -11.125 4.125
v 3.0 -11.125 4.125
v -4.5 -7.125 4.125001
v -5.0 -7.125 4.125001
v -5.0 -7.625 4.125001
v -4.5 -7.625 4.125001
v -4.5 -7.625 4.125001
v -5.0 -7.625 4.125001
v -5.0 -8.125 4.125001
v -4.5 -8.125 4.125001
v -4.0 -8.125 4.125001
v -4.0 -7.625 4.125001
v -4.5 -7.625 4.125001
v -4.5 -8.125 4.125001
v -4.5 3.875 4.125001
v -5.0 3.875 4.125001
v -5.0 3.375 4.125
v -4.5 3.375 4.125
v -5.0 3.875 4.125
v -4.5 3.875 4.125
v -4.5 4.375 4.125
v -5.0 4.375 4.125
v -4.5 4.875 4.125001
v -5.0 4.875 4.125001
v -5.0 4.375 4.125
v -4.5 4.375 4.125
v -4.0 4.375 4.125
v -4.0 4.875 4.125001
v -4.5 4.875 4.125001
v -4.5 4.375 4.125
v 3.0 7.875 4.125
v -5.0 7.875 4.125
v -5.0 4.875 4.125
v 3.0 4.875 4.125
v -4.5 8.875 4.125001
v -5.0 8.875 4.125001
v -5.0 8.375 4.125001
v -4.5 8.375 4.125001
v -4.5 8.375 4.125001
v -5.0 8.375 4.125001
v -5.0 7.875 4.125001
v -4.5 7.875 4.125001
v -4.0 7.875 4.125001
v -4.0 8.375 4.125001
v -4.5 8.375 4.125001
v -4.5 7.875 4.125001
v -4.5 9.375 4.125002
v -5.0 9.375 4.125002
v -5.0 8.875 4.125002
v -4.5 8.875 4.125002
v -1.0 -11.125 4.125
v -4.0 -11.125 4.125
v -4.0 -11.625 4.125
v -1.0 -11.625 4.125
v -1.0 -7.625 4.125001
v -4.0 -7.625 4.125001
v -4.0 -8.125 4.125001
v -1.0 -8.125 4.125001
v -1.0 4.875 4.125
v -4.0 4.875 4.125
v -4.0 4.375 4.125
v -1.0 4.375 4.125
v -1.0 8.375 4.125001
v -4.0 8.375 4.125001
v -4.0 7.875 4.125001
v -1.0 7.875 4.125001
v -2.5 -5.125 5.125001
v -3.0 -5.125 5.125001
v -3.0 -5.625 5.125
v -2.5 -5.625 5.125
v 0.0 -12.125 4.125
v -0.5 -12.125 4.125
v -0.5 -12.625 4.125
v 0.0 -12.625 4.125
v -0.5 -12.125 4.125
v 0.0 -12.125 4.125
v 0.0 -11.625 4.125
v -0.5 -11.625 4.125
v 0.0 -11.125 4.125
v -0.5 -11.125 4.125
v -0.5 -11.625 4.125
v 0.0 -11.625 4.125
v -1.0 -11.125 4.125
v -1.0 -11.625 4.125
v -0.5 -11.625 4.125
v -0.5 -11.125 4.125
v 0.0 -7.125 4.125001
v -0.5 -7.125 4.125001
v -0.5 -7.625 4.125001
v 0.0 -7.625 4.125001
v 0.0 -7.625 4.125001
v -0.5 -7.625 4.125001
v -0.5 -8.125 4.125001
v 0.0 -8.125 4.125001
v -1.0 -7.625 4.125001
v -1.0 -8.125 4.125001
v -0.5 -8.125 4.125001
v -0.5 -7.625 4.125001
v 0.0 3.875 4.125
v -0.5 3.875 4.125
v -0.5 3.375 4.125
v 0.0 3.375 4.125
v -0.5 3.875 4.125
v 0.0 3.875 4.125
v 0.0 4.375 4.125
v -0.5 4.375 4.125
v 0.0 4.875 4.125
v -0.5 4.875 4.125
v -0.5 4.375 4.125
v 0.0 4.375 4.125
v -1.0 4.875 4.125
v -1.0 4.375 4.125
v -0.5 4.375 4.125
v -0.5 4.875 4.125
v 0.0 8.875 4.125001
v -0.5 8.875 4.125001
v -0.5 8.375 4.125001
v 0.0 8.375 4.125001
v 0.0 8.375 4.125001
v -0.5 8.375 4.125001
v -0.5 7.875 4.125001
v 0.0 7.875 4.125001
v -1.0 8.375 4.125001
v -1.0 7.875 4.125001
v -0.5 7.875 4.125001
v -0.5 8.375 4.125001
v 0.0 9.5 4.125001
v -0.5 9.5 4.125001
v -0.5 9.0 4.125001
v 0.0 9.0 4.125001
v 8.0 -12.125 4.125
v 0.0 -12.125 4.125
v 0.0 -12.625 4.125
v 8.0 -12.625 4.125
v 8.0 -11.125 4.125
v 0.0 -11.125 4.125
v 0.0 -12.125 4.125
v 8.0 -12.125 4.125
v 8.0 -7.125 4.125
v 0.0 -7.125 4.125
v 0.0 -8.125 4.125
v 8.0 -8.125 4.125
v 2.0 -6.625 4.125001
v 0.0 -6.625 4.125001
v 0.0 -7.125 4.125001
v 2.0 -7.125 4.125001
v 2.0 3.875 4.125
v 0.0 3.875 4.125
v 0.0 3.375 4.125
v 2.0 3.375 4.125
v 8.0 4.875 4.125
v 0.0 4.875 4.125
v 0.0 3.875 4.125
v 8.0 3.875 4.125
v 8.0 8.875 4.125
v 0.0 8.875 4.125
v 0.0 7.875 4.125
v 8.0 7.875 4.125
v 8.0 9.375 4.125001
v 0.0 9.375 4.125001
v 0.0 8.875 4.125001
v 8.0 8.875 4.125001
v 1.5 -1.125 5.125001
v 1.0 -1.125 5.125001
v 1.0 -1.625 5.125
v 1.5 -1.625 5.125
v 3.0 -6.125 4.125001
v 2.5 -6.125 4.125001
v 2.5 -6.625 4.125001
v 3.0 -6.625 4.125001
v 3.0 -6.625 4.125001
v 2.5 -6.625 4.125001
v 2.5 -7.125 4.125001
v 3.0 -7.125 4.125001
v 2.0 -6.625 4.125001
v 2.0 -7.125 4.125001
v 2.5 -7.125 4.125001
v 2.5 -6.625 4.125001
v 3.0 -4.125 4.125
v 2.5 -4.125 4.125
v 2.5 -6.125 4.125
v 3.0 -6.125 4.125
v 3.0 0.875 4.125
v 2.5 0.875 4.125
v 2.5 0.375 4.125
v 3.0 0.375 4.125
v 3.0 2.875 4.125
v 2.5 2.875 4.125
v 2.5 0.875 4.125
v 3.0 0.875 4.125
v 2.5 2.875 4.125
v 3.0 2.875 4.125
v 3.0 3.375 4.125
v 2.5 3.375 4.125
v 3.0 3.875 4.125
v 2.5 3.875 4.125
v 2.5 3.375 4.125
v 3.0 3.375 4.125
v 2.0 3.875 4.125
v 2.0 3.375 4.125
v 2.5 3.375 4.125
v 2.5 3.875 4.125
v 8.0 -8.125 4.125
v 3.0 -8.125 4.125
v 3.0 -11.125 4.125
v 8.0 -11.125 4.125
v 8.0 -4.125 4.125
v 3.0 -4.125 4.125
v 3.0 -7.125 4.125
v 8.0 -7.125 4.125
v 4.0 -3.125 4.125001
v 3.5 -3.125 4.125001
v 3.5 -3.625 4.125001
v 4.0 -3.625 4.125001
v 4.0 -3.625 4.125001
v 3.5 -3.625 4.125001
v 3.5 -4.125 4.125001
v 4.0 -4.125 4.125001
v 3.0 -3.625 4.125001
v 3.0 -4.125 4.125001
v 3.5 -4.125 4.125001
v 3.5 -3.625 4.125001
v 4.0 -0.125 4.125
v 3.5 -0.125 4.125
v 3.5 -3.125 4.125
v 4.0 -3.125 4.125
v 3.5 -0.125 4.125
v 4.0 -0.125 4.125
v 4.0 0.375 4.125
v 3.5 0.375 4.125
v 4.0 0.875 4.125
v 3.5 0.875 4.125
v 3.5 0.375 4.125
v 4.0 0.375 4.125
v 3.0 0.875 4.125
v 3.0 0.375 4.125
v 3.5 0.375 4.125
v 3.5 0.875 4.125
v 8.0 3.875 4.125
v 3.0 3.875 4.125
v 3.0 0.875 4.125
v 8.0 0.875 4.125
v 8.0 7.875 4.125
v 3.0 7.875 4.125
v 3.0 4.875 4.125
v 8.0 4.875 4.125
v 7.0 0.875 4.125
v 4.0 0.875 4.125
v 4.0 -4.125 4.125
v 7.0 -4.125 4.125
v 7.5 -3.125 4.125001
v 7.0 -3.125 4.125001
v 7.0 -3.625 4.125001
v 7.5 -3.625 4.125001
v 7.5 -3.625 4.125001
v 7.0 -3.625 4.125001
v 7.0 -4.125 4.125001
v 7.5 -4.125 4.125001
v 8.0 -4.125 4.125001
v 8.0 -3.625 4.125001
v 7.5 -3.625 4.125001
v 7.5 -4.125 4.125001
v 7.5 -0.125 4.125001
v 7.0 -0.125 4.125001
v 7.0 -3.125 4.125001
v 7.5 -3.125 4.125001
v 7.0 -0.125 4.125
v 7.5 -0.125 4.125
v 7.5 0.375 4.125
v 7.0 0.375 4.125
v 7.5 0.875 4.125001
v 7.0 0.875 4.125001
v 7.0 0.375 4.125
v 7.5 0.375 4.125
v 8.0 0.375 4.125
v 8.0 0.875 4.125001
v 7.5 0.875 4.125001
v 7.5 0.375 4.125
v 8.5 -12.125 4.125001
v 8.0 -12.125 4.125001
v 8.0 -12.625 4.125
v 8.5 -12.625 4.125
v 8.5 -4.125 4.125001
v 8.0 -4.125 4.125001
v 8.0 -12.125 4.125001
v 8.5 -12.125 4.125001
v 8.5 -3.625 4.125002
v 8.0 -3.625 4.125002
v 8.0 -4.125 4.125002
v 8.5 -4.125 4.125002
v 8.5 0.875 4.125001
v 8.0 0.875 4.125001
v 8.0 0.375 4.125
v 8.5 0.375 4.125
v 8.5 8.875 4.125001
v 8.0 8.875 4.125001
v 8.0 0.875 4.125001
v 8.5 0.875 4.125001
v 8.5 9.375 4.125002
v 8.0 9.375 4.125002
v 8.0 8.875 4.125002
v 8.5 8.875 4.125002
v -8.0 -16.000008 -0.6875
v -8.0 -7.9999924 -0.687499
v -16.0 -7.9999924 -0.687499
v -16.0 -16.000008 -0.6875
v -8.0 -8.000008 -0.6875
v -8.0 7.6293945E-6 -0.687499
v -16.0 7.6293945E-6 -0.687499
v -16.0 -8.000008 -0.6875
v -8.0 -8.106232E-6 -0.6875
v -8.0 8.000008 -0.687499
v -16.0 8.000008 -0.687499
v -16.0 -8.106232E-6 -0.6875
v -8.0 7.999992 -0.6875
v -8.0 16.000008 -0.687499
v -16.0 16.000008 -0.687499
v -16.0 7.999992 -0.6875
v 0.0 -16.000008 -0.6875
v 0.0 -7.9999924 -0.687499
v -8.0 -7.9999924 -0.687499
v -8.0 -16.000008 -0.6875
v 0.0 -8.000008 -0.6875
v 0.0 7.6293945E-6 -0.687499
v -8.0 7.6293945E-6 -0.687499
v -8.0 -8.000008 -0.6875
v 0.0 -8.106232E-6 -0.6875
v 0.0 8.000008 -0.687499
v -8.0 8.000008 -0.687499
v -8.0 -8.106232E-6 -0.6875
v 0.0 7.999992 -0.6875
v 0.0 16.000008 -0.687499
v -8.0 16.000008 -0.687499
v -8.0 7.999992 -0.6875
v 8.0 -16.000008 -0.6875
v 8.0 -7.9999924 -0.687499
v 0.0 -7.9999924 -0.687499
v 0.0 -16.000008 -0.6875
v 8.0 -8.000008 -0.6875
v 8.0 7.6293945E-6 -0.687499
v 0.0 7.6293945E-6 -0.687499
v 0.0 -8.000008 -0.6875
v 8.0 -8.106232E-6 -0.6875
v 8.0 8.000008 -0.687499
v 0.0 8.000008 -0.687499
v 0.0 -8.106232E-6 -0.6875
v 8.0 7.999992 -0.6875
v 8.0 16.000008 -0.687499
v 0.0 16.000008 -0.687499
v 0.0 7.999992 -0.6875
v 16.0 -16.000008 -0.6875
v 16.0 -7.9999924 -0.687499
v 8.0 -7.9999924 -0.687499
v 8.0 -16.000008 -0.6875
v 16.0 -8.000008 -0.6875
v 16.0 7.6293945E-6 -0.687499
v 8.0 7.6293945E-6 -0.687499
v 8.0 -8.000008 -0.6875
v 16.0 -8.106232E-6 -0.6875
v 16.0 8.000008 -0.687499
v 8.0 8.000008 -0.687499
v 8.0 -8.106232E-6 -0.6875
v 16.0 7.999992 -0.6875
v 16.0 16.000008 -0.687499
v 8.0 16.000008 -0.687499
v 8.0 7.999992 -0.6875
vt 1.5 4.0
vt 0.0 4.0
vt 0.0 0.0
vt 1.5 0.0
vt 1.0 8.0
vt 0.0 8.0
vt 0.0 4.0
vt 1.0 4.0
vt 1.0 12.0
vt 0.0 12.0
vt 0.0 8.0
vt 1.0 8.0
vt 0.0 12.0
vt 1.5 12.0
vt 1.5 14.5
vt 0.0 14.5
vt 2.5 16.0
vt 0.0 16.0
vt 0.0 14.5
vt 2.5 14.5
vt 1.5 6.0
vt 1.0 6.0
vt 1.0 4.0
vt 1.5 4.0
vt 1.0 6.0
vt 4.5 6.0
vt 4.5 8.5
vt 1.0 8.5
vt 1.5 12.0
vt 1.0 12.0
vt 1.0 8.5
vt 1.5 8.5
vt 5.5 2.0
vt 1.5 2.0
vt 1.5 0.0
vt 5.5 0.0
vt 4.5 6.0
vt 1.5 6.0
vt 1.5 2.0
vt 4.5 2.0
vt 4.5 12.5
vt 1.5 12.5
vt 1.5 8.5
vt 4.5 8.5
vt 5.5 14.5
vt 1.5 14.5
vt 1.5 12.5
vt 5.5 12.5
vt 6.5 15.0
vt 2.5 15.0
vt 2.5 14.5
vt 6.5 14.5
vt 3.0 16.0
vt 2.5 16.0
vt 2.5 15.0
vt 3.0 15.0
vt 5.5 16.0
vt 3.0 16.0
vt 3.0 15.0
vt 5.5 15.0
vt 4.5 5.0
vt 4.5 2.0
vt 8.5 5.0
vt 8.5 2.0
vt 4.5 9.0
vt 4.5 5.0
vt 8.5 9.0
vt 8.5 5.0
vt 8.5 9.5
vt 4.5 9.0
vt 4.5 9.5
vt 8.5 9.0
vt 8.5 12.5
vt 8.5 9.5
vt 4.5 12.5
vt 4.5 9.5
vt 5.5 1.5
vt 5.5 0.0
vt 9.5 1.5
vt 9.5 0.0
vt 8.0 2.0
vt 5.5 2.0
vt 5.5 1.5
vt 8.0 1.5
vt 8.0 13.0
vt 5.5 13.0
vt 5.5 12.5
vt 8.0 12.5
vt 9.5 14.5
vt 5.5 13.0
vt 5.5 14.5
vt 9.5 13.0
vt 5.5 15.0
vt 8.0 15.0
vt 8.0 15.5
vt 5.5 15.5
vt 5.5 16.0
vt 9.5 15.5
vt 9.5 16.0
vt 5.5 15.5
vt 6.5 15.0
vt 10.5 14.5
vt 10.5 15.0
vt 6.5 14.5
vt 12.0 2.0
vt 8.0 2.0
vt 8.0 1.5
vt 12.0 1.5
vt 12.0 13.0
vt 8.0 13.0
vt 8.0 12.5
vt 12.0 12.5
vt 10.5 15.5
vt 8.0 15.0
vt 8.0 15.5
vt 10.5 15.0
vt 12.0 5.0
vt 12.0 2.0
vt 8.5 5.0
vt 8.5 2.0
vt 9.0 9.0
vt 9.0 5.0
vt 8.5 9.0
vt 8.5 5.0
vt 8.5 9.5
vt 9.0 9.0
vt 9.0 9.5
vt 8.5 9.0
vt 8.5 12.5
vt 8.5 9.5
vt 12.0 12.5
vt 12.0 9.5
vt 12.0 9.0
vt 9.0 9.0
vt 9.0 5.0
vt 12.0 5.0
vt 9.0 9.0
vt 12.0 9.0
vt 12.0 9.5
vt 9.0 9.5
vt 13.5 1.5
vt 9.5 1.5
vt 9.5 0.0
vt 13.5 0.0
vt 13.5 14.5
vt 9.5 14.5
vt 9.5 13.0
vt 13.5 13.0
vt 9.5 15.5
vt 10.5 15.5
vt 10.5 16.0
vt 9.5 16.0
vt 11.0 16.0
vt 10.5 14.5
vt 10.5 16.0
vt 11.0 14.5
vt 15.0 16.0
vt 11.0 16.0
vt 11.0 14.5
vt 15.0 14.5
vt 14.0 5.5
vt 12.0 5.5
vt 12.0 1.5
vt 14.0 1.5
vt 12.0 6.0
vt 12.0 5.5
vt 14.5 6.0
vt 14.5 5.5
vt 12.5 8.5
vt 12.0 6.0
vt 12.0 8.5
vt 12.5 6.0
vt 14.0 12.5
vt 12.0 12.5
vt 12.0 8.5
vt 14.0 8.5
vt 14.0 13.0
vt 12.0 13.0
vt 12.0 12.5
vt 14.0 12.5
vt 12.5 8.5
vt 15.0 6.0
vt 15.0 8.5
vt 12.5 6.0
vt 14.0 1.5
vt 14.0 0.0
vt 13.5 1.5
vt 13.5 0.0
vt 13.5 14.5
vt 14.0 13.0
vt 14.0 14.5
vt 13.5 13.0
vt 16.0 3.0
vt 14.0 3.0
vt 14.0 0.0
vt 16.0 0.0
vt 14.0 5.5
vt 14.0 3.0
vt 14.5 5.5
vt 14.5 3.0
vt 14.5 11.5
vt 14.5 8.5
vt 14.0 11.5
vt 14.0 8.5
vt 16.0 14.5
vt 14.0 14.5
vt 14.0 11.5
vt 16.0 11.5
vt 15.5 3.5
vt 14.5 3.5
vt 14.5 3.0
vt 15.5 3.0
vt 16.0 6.0
vt 16.0 3.5
vt 14.5 6.0
vt 14.5 3.5
vt 16.0 11.0
vt 14.5 8.5
vt 14.5 11.0
vt 16.0 8.5
vt 15.5 11.5
vt 14.5 11.5
vt 14.5 11.0
vt 15.5 11.0
vt 15.0 6.0
vt 16.0 6.0
vt 16.0 8.5
vt 15.0 8.5
vt 16.0 16.0
vt 15.0 16.0
vt 15.0 14.5
vt 16.0 14.5
vt 16.0 3.5
vt 16.0 3.0
vt 15.5 3.5
vt 15.5 3.0
vt 15.5 11.5
vt 16.0 11.0
vt 16.0 11.5
vt 15.5 11.0
vt 2.0 -0.394531
vt 2.0 -0.097656
vt 0.0 -0.097656
vt 0.0 -0.394531
vt 2.0 -0.015625
vt 0.0 -0.015625
vt 2.0 -0.394531
vt 0.0 -0.394531
vt 0.0 -0.488281
vt 2.0 -0.488281
vt 1.0 0.5
vt 1.0 0.0
vt 1.03125 0.1875
vt 1.15625 0.03125
vt 1.5 0.0
vt -0.470703 -0.892578
vt -0.345703 -0.892578
vt -0.345703 -0.605469
vt -0.158203 -0.892578
vt -0.158203 -0.605469
vt -0.033203 -0.892578
vt -0.158203 -0.109375
vt -0.251953 -0.015625
vt -0.345703 -0.109375
vt 0.841797 -0.486328
vt 0.998047 -0.486328
vt 0.966797 -0.392578
vt 0.841797 -0.392578
vt 0.498047 -0.486328
vt 0.654297 -0.486328
vt 0.654297 -0.392578
vt 0.529297 -0.392578
vt 0.5 -0.394531
vt 0.5 -0.097656
vt 0.0 -0.097656
vt 0.0 -0.394531
vt 0.5 -0.015625
vt 0.0 -0.015625
vt 0.5 -0.394531
vt 0.0 -0.394531
vt 0.0 -0.488281
vt 0.5 -0.488281
vt -1.890625 -0.0625
vt -1.984375 -0.0625
vt -1.984375 -0.4375
vt -1.890625 -0.4375
vt -1.980469 -0.546875
vt -1.980469 -0.703125
vt -1.894531 -0.703125
vt -1.894531 -0.546875
vt -0.835938 0.0
vt -0.375 0.0
vt -0.375 -0.4375
vt -0.835938 -0.4375
vt -0.835938 -0.4375
vt -0.375 -0.4375
vt -0.375 -4.0
vt -0.835938 -4.0
vt -1.9375 -0.875
vt -1.9375 -0.875
vt -1.9375 -0.875
vt -1.9375 -0.875
vt -1.9375 -0.875
vt -1.9375 -0.875
vt -1.9375 -0.875
vt -1.9375 -0.875
vt -1.980469 -0.546875
vt -1.980469 -0.703125
vt -1.894531 -0.703125
vt -1.894531 -0.546875
vt -1.890625 -0.0625
vt -1.984375 -0.0625
vt -1.984375 -0.4375
vt -1.890625 -0.4375
vt -1.9375 -0.875
vt -1.9375 -0.875
vt -1.9375 -0.875
vt -1.9375 -0.875
vt -1.9375 -0.875
vt -1.9375 -0.875
vt -1.9375 -0.875
vt -1.9375 -0.875
vt -0.835938 -0.4375
vt -0.835938 -4.0
vt -0.835938 0.0
vt -0.835938 -0.4375
vt 0.5 -0.394531
vt 0.5 -0.097656
vt 0.0 -0.097656
vt 0.0 -0.394531
vt 0.5 -0.015625
vt 0.0 -0.015625
vt 0.5 -0.394531
vt 0.0 -0.394531
vt 0.0 -0.488281
vt 0.5 -0.488281
vt 1.0 0.5
vt 1.0 0.0
vt 1.03125 0.1875
vt 1.15625 0.03125
vt 1.5 0.0
vt -0.470703 -0.892578
vt -0.345703 -0.892578
vt -0.345703 -0.605469
vt -0.158203 -0.892578
vt -0.158203 -0.605469
vt -0.033203 -0.892578
vt -0.158203 -0.109375
vt -0.251953 -0.015625
vt -0.345703 -0.109375
vt 0.841797 -0.486328
vt 0.998047 -0.486328
vt 0.966797 -0.392578
vt 0.841797 -0.392578
vt 0.498047 -0.486328
vt 0.654297 -0.486328
vt 0.654297 -0.392578
vt 0.529297 -0.392578
vt 0.0 -1.0
vt -1.0 -1.0
vt -1.0 -2.0
vt 0.0 -2.0
vt 0.0 0.0
vt 0.0 -1.0
vt -1.0 -1.0
vt -1.0 0.0
vt 0.0 0.0
vt -1.0 0.0
vt -1.0 -1.0
vt 0.0 -1.0
vt 0.0 -2.0
vt 0.0 -1.0
vt -1.0 -1.0
vt -1.0 -2.0
vt 1.0 0.5
vt 1.0 0.0
vt 1.03125 0.1875
vt 1.15625 0.03125
vt 1.5 0.0
vt -0.470703 -0.892578
vt -0.345703 -0.892578
vt -0.345703 -0.605469
vt -0.158203 -0.892578
vt -0.158203 -0.605469
vt -0.033203 -0.892578
vt -0.158203 -0.109375
vt -0.251953 -0.015625
vt -0.345703 -0.109375
vt 0.841797 -0.486328
vt 0.998047 -0.486328
vt 0.966797 -0.392578
vt 0.841797 -0.392578
vt 0.498047 -0.486328
vt 0.654297 -0.486328
vt 0.654297 -0.392578
vt 0.529297 -0.392578
vt 3.5 -0.394531
vt 3.5 -0.097656
vt 0.0 -0.097656
vt 0.0 -0.394531
vt 3.5 -0.015625
vt 0.0 -0.015625
vt 3.5 -0.394531
vt 0.0 -0.394531
vt 0.0 -0.488281
vt 3.5 -0.488281
vt 0.4375 -0.09375
vt 0.4375 -0.390625
vt 0.285156 -0.09375
vt 0.285156 -0.390625
vt 0.4375 -0.390625
vt 0.4375 0.105469
vt 0.285156 0.105469
vt 0.285156 0.013672
vt 0.4375 0.105469
vt 0.753906 -0.099609
vt 1.0 -0.099609
vt 1.0 -0.013672
vt 0.5 -0.013672
vt 0.4375 -0.09375
vt 0.285156 -0.09375
vt 0.4375 -0.390625
vt 1.0 -0.099609
vt 1.279297 -0.099609
vt 1.5 -0.013672
vt 1.0 -0.013672
vt 0.4375 -0.09375
vt 0.4375 -0.390625
vt 0.285156 -0.09375
vt 0.285156 -0.390625
vt 0.4375 -0.390625
vt 0.4375 0.105469
vt 0.285156 0.105469
vt 0.285156 0.013672
vt 0.4375 0.105469
vt 0.753906 -0.099609
vt 1.0 -0.099609
vt 1.0 -0.013672
vt 0.5 -0.013672
vt 0.4375 -0.09375
vt 0.285156 -0.09375
vt 0.4375 -0.390625
vt 1.0 -0.099609
vt 1.279297 -0.099609
vt 1.5 -0.013672
vt 1.0 -0.013672
vt 3.5 -0.394531
vt 3.5 -0.097656
vt 0.0 -0.097656
vt 0.0 -0.394531
vt 3.5 -0.015625
vt 0.0 -0.015625
vt 3.5 -0.394531
vt 0.0 -0.394531
vt 0.0 -0.488281
vt 3.5 -0.488281
vt 1.0 0.5
vt 1.0 0.0
vt 1.03125 0.1875
vt 1.15625 0.03125
vt 1.5 0.0
vt -0.470703 -0.892578
vt -0.345703 -0.892578
vt -0.345703 -0.605469
vt -0.158203 -0.892578
vt -0.158203 -0.605469
vt -0.033203 -0.892578
vt -0.158203 -0.109375
vt -0.251953 -0.015625
vt -0.345703 -0.109375
vt 0.841797 -0.486328
vt 0.998047 -0.486328
vt 0.966797 -0.392578
vt 0.841797 -0.392578
vt 0.498047 -0.486328
vt 0.654297 -0.486328
vt 0.654297 -0.392578
vt 0.529297 -0.392578
vt 0.0 0.0
vt 1.0 0.0
vt 1.0 1.0
vt 0.0 1.0
vt 0.0 0.0
vt 1.0 0.0
vt 1.0 1.0
vt 0.0 1.0
vt 0.0 0.0
vt 1.0 0.0
vt 1.0 1.0
vt 0.0 1.0
vt 0.0 0.0
vt 1.0 0.0
vt 1.0 1.0
vt 0.0 1.0
vt 0.0 0.0
vt 1.0 0.0
vt 1.0 1.0
vt 0.0 1.0
vt 3.5 -0.394531
vt 3.5 -0.097656
vt 0.0 -0.097656
vt 0.0 -0.394531
vt 3.5 -0.015625
vt 0.0 -0.015625
vt 3.5 -0.394531
vt 0.0 -0.394531
vt 0.0 -0.488281
vt 3.5 -0.488281
vt 0.0 -1.0
vt -1.0 -1.0
vt -1.0 -2.0
vt 0.0 -2.0
vt 0.0 0.0
vt 0.0 -1.0
vt -1.0 -1.0
vt -1.0 0.0
vt 0.0 0.0
vt -1.0 0.0
vt -1.0 -1.0
vt 0.0 -1.0
vt 0.0 -2.0
vt 0.0 -1.0
vt -1.0 -1.0
vt -1.0 -2.0
vt 0.0 -1.0
vt -1.0 -1.0
vt -1.0 -2.0
vt 0.0 -2.0
vt 0.0 0.0
vt 0.0 -1.0
vt -1.0 -1.0
vt -1.0 0.0
vt 0.0 0.0
vt -1.0 0.0
vt -1.0 -1.0
vt 0.0 -1.0
vt 0.0 -2.0
vt 0.0 -1.0
vt -1.0 -1.0
vt -1.0 -2.0
vt 0.0 -1.0
vt -1.0 -1.0
vt -1.0 -2.0
vt 0.0 -2.0
vt 0.0 0.0
vt 0.0 -1.0
vt -1.0 -1.0
vt -1.0 0.0
vt 0.0 0.0
vt -1.0 0.0
vt -1.0 -1.0
vt 0.0 -1.0
vt 0.0 -2.0
vt 0.0 -1.0
vt -1.0 -1.0
vt -1.0 -2.0
vt 0.0 -1.0
vt -1.0 -1.0
vt -1.0 -2.0
vt 0.0 -2.0
vt 0.0 0.0
vt 0.0 -1.0
vt -1.0 -1.0
vt -1.0 0.0
vt 0.0 0.0
vt -1.0 0.0
vt -1.0 -1.0
vt 0.0 -1.0
vt 0.0 -2.0
vt 0.0 -1.0
vt -1.0 -1.0
vt -1.0 -2.0
vt 3.5 -0.394531
vt 3.5 -0.097656
vt 0.0 -0.097656
vt 0.0 -0.394531
vt 3.5 -0.015625
vt 0.0 -0.015625
vt 3.5 -0.394531
vt 0.0 -0.394531
vt 0.0 -0.488281
vt 3.5 -0.488281
vt 0.0 0.0
vt 1.0 0.0
vt 1.0 1.0
vt 0.0 1.0
vt 0.0 0.0
vt 1.0 0.0
vt 1.0 1.0
vt 0.0 1.0
vt 0.0 0.0
vt 1.0 0.0
vt 1.0 1.0
vt 0.0 1.0
vt 0.0 0.0
vt 1.0 0.0
vt 1.0 1.0
vt 0.0 1.0
vt 0.0 0.0
vt 1.0 0.0
vt 1.0 1.0
vt 0.0 1.0
vt 0.0 -1.0
vt -1.0 -1.0
vt -1.0 -2.0
vt 0.0 -2.0
vt 0.0 0.0
vt 0.0 -1.0
vt -1.0 -1.0
vt -1.0 0.0
vt 0.0 0.0
vt -1.0 0.0
vt -1.0 -1.0
vt 0.0 -1.0
vt 0.0 -2.0
vt 0.0 -1.0
vt -1.0 -1.0
vt -1.0 -2.0
vt 0.4375 -0.09375
vt 0.4375 -0.390625
vt 0.285156 -0.09375
vt 0.285156 -0.390625
vt 0.4375 -0.390625
vt 0.4375 0.105469
vt 0.285156 0.105469
vt 0.285156 0.013672
vt 0.4375 0.105469
vt 0.753906 -0.099609
vt 1.0 -0.099609
vt 1.0 -0.013672
vt 0.5 -0.013672
vt 0.4375 -0.09375
vt 0.285156 -0.09375
vt 0.4375 -0.390625
vt 1.0 -0.099609
vt 1.279297 -0.099609
vt 1.5 -0.013672
vt 1.0 -0.013672
vt 1.0 -0.394531
vt 1.0 -0.097656
vt 0.0 -0.097656
vt 0.0 -0.394531
vt 1.0 -0.015625
vt 0.0 -0.015625
vt 1.0 -0.394531
vt 0.0 -0.394531
vt 0.0 -0.488281
vt 1.0 -0.488281
vt 0.0 -1.0
vt -1.0 -1.0
vt -1.0 -2.0
vt 0.0 -2.0
vt 0.0 0.0
vt 0.0 -1.0
vt -1.0 -1.0
vt -1.0 0.0
vt 0.0 0.0
vt -1.0 0.0
vt -1.0 -1.0
vt 0.0 -1.0
vt 0.0 -2.0
vt 0.0 -1.0
vt -1.0 -1.0
vt -1.0 -2.0
vt 0.4375 -0.09375
vt 0.4375 -0.390625
vt 0.285156 -0.09375
vt 0.285156 -0.390625
vt 0.4375 -0.390625
vt 0.4375 0.105469
vt 0.285156 0.105469
vt 0.285156 0.013672
vt 0.4375 0.105469
vt 0.753906 -0.099609
vt 1.0 -0.099609
vt 1.0 -0.013672
vt 0.5 -0.013672
vt 0.4375 -0.09375
vt 0.285156 -0.09375
vt 0.4375 -0.390625
vt 1.0 -0.099609
vt 1.279297 -0.099609
vt 1.5 -0.013672
vt 1.0 -0.013672
vt 0.5 -0.394531
vt 0.5 -0.097656
vt 0.0 -0.097656
vt 0.0 -0.394531
vt 0.5 -0.015625
vt 0.0 -0.015625
vt 0.5 -0.394531
vt 0.0 -0.394531
vt 0.0 -0.488281
vt 0.5 -0.488281
vt 0.0 -1.0
vt -1.0 -1.0
vt -1.0 -2.0
vt 0.0 -2.0
vt 0.0 0.0
vt 0.0 -1.0
vt -1.0 -1.0
vt -1.0 0.0
vt 0.0 0.0
vt -1.0 0.0
vt -1.0 -1.0
vt 0.0 -1.0
vt 0.0 -2.0
vt 0.0 -1.0
vt -1.0 -1.0
vt -1.0 -2.0
vt 0.0 -1.0
vt -1.0 -1.0
vt -1.0 -2.0
vt 0.0 -2.0
vt 0.0 0.0
vt 0.0 -1.0
vt -1.0 -1.0
vt -1.0 0.0
vt 0.0 0.0
vt -1.0 0.0
vt -1.0 -1.0
vt 0.0 -1.0
vt 0.0 -2.0
vt 0.0 -1.0
vt -1.0 -1.0
vt -1.0 -2.0
vt 1.5 -0.394531
vt 1.5 -0.097656
vt 0.0 -0.097656
vt 0.0 -0.394531
vt 1.5 -0.015625
vt 0.0 -0.015625
vt 1.5 -0.394531
vt 0.0 -0.394531
vt 0.0 -0.488281
vt 1.5 -0.488281
vt 0.0 -1.0
vt -1.0 -1.0
vt -1.0 -2.0
vt 0.0 -2.0
vt 0.0 0.0
vt 0.0 -1.0
vt -1.0 -1.0
vt -1.0 0.0
vt 0.0 0.0
vt -1.0 0.0
vt -1.0 -1.0
vt 0.0 -1.0
vt 0.0 -2.0
vt 0.0 -1.0
vt -1.0 -1.0
vt -1.0 -2.0
vt 1.0 0.5
vt 1.0 0.0
vt 1.03125 0.1875
vt 1.15625 0.03125
vt 1.5 0.0
vt -0.470703 -0.892578
vt -0.345703 -0.892578
vt -0.345703 -0.605469
vt -0.158203 -0.892578
vt -0.158203 -0.605469
vt -0.033203 -0.892578
vt -0.158203 -0.109375
vt -0.251953 -0.015625
vt -0.345703 -0.109375
vt 0.841797 -0.486328
vt 0.998047 -0.486328
vt 0.966797 -0.392578
vt 0.841797 -0.392578
vt 0.498047 -0.486328
vt 0.654297 -0.486328
vt 0.654297 -0.392578
vt 0.529297 -0.392578
vt 1.5 -0.394531
vt 1.5 -0.097656
vt 0.0 -0.097656
vt 0.0 -0.394531
vt 1.5 -0.015625
vt 0.0 -0.015625
vt 1.5 -0.394531
vt 0.0 -0.394531
vt 0.0 -0.488281
vt 1.5 -0.488281
vt -1.890625 -0.0625
vt -1.984375 -0.0625
vt -1.984375 -0.4375
vt -1.890625 -0.4375
vt -1.980469 -0.546875
vt -1.980469 -0.703125
vt -1.894531 -0.703125
vt -1.894531 -0.546875
vt -0.835938 0.0
vt -0.375 0.0
vt -0.375 -0.4375
vt -0.835938 -0.4375
vt -0.835938 -0.4375
vt -0.375 -0.4375
vt -0.375 -4.0
vt -0.835938 -4.0
vt -1.9375 -0.875
vt -1.9375 -0.875
vt -1.9375 -0.875
vt -1.9375 -0.875
vt -1.9375 -0.875
vt -1.9375 -0.875
vt -1.9375 -0.875
vt -1.9375 -0.875
vt -1.980469 -0.546875
vt -1.980469 -0.703125
vt -1.894531 -0.703125
vt -1.894531 -0.546875
vt -1.890625 -0.0625
vt -1.984375 -0.0625
vt -1.984375 -0.4375
vt -1.890625 -0.4375
vt -1.9375 -0.875
vt -1.9375 -0.875
vt -1.9375 -0.875
vt -1.9375 -0.875
vt -1.9375 -0.875
vt -1.9375 -0.875
vt -1.9375 -0.875
vt -1.9375 -0.875
vt -0.835938 -0.4375
vt -0.835938 -4.0
vt -0.835938 0.0
vt -0.835938 -0.4375
vt 1.5 -0.394531
vt 1.5 -0.097656
vt 0.0 -0.097656
vt 0.0 -0.394531
vt 1.5 -0.015625
vt 0.0 -0.015625
vt 1.5 -0.394531
vt 0.0 -0.394531
vt 0.0 -0.488281
vt 1.5 -0.488281
vt 1.0 0.5
vt 1.0 0.0
vt 1.03125 0.1875
vt 1.15625 0.03125
vt 1.5 0.0
vt -0.470703 -0.892578
vt -0.345703 -0.892578
vt -0.345703 -0.605469
vt -0.158203 -0.892578
vt -0.158203 -0.605469
vt -0.033203 -0.892578
vt -0.158203 -0.109375
vt -0.251953 -0.015625
vt -0.345703 -0.109375
vt 0.841797 -0.486328
vt 0.998047 -0.486328
vt 0.966797 -0.392578
vt 0.841797 -0.392578
vt 0.498047 -0.486328
vt 0.654297 -0.486328
vt 0.654297 -0.392578
vt 0.529297 -0.392578
vt 1.5 -0.394531
vt 1.5 -0.097656
vt 0.0 -0.097656
vt 0.0 -0.394531
vt 1.5 -0.015625
vt 0.0 -0.015625
vt 1.5 -0.394531
vt 0.0 -0.394531
vt 0.0 -0.488281
vt 1.5 -0.488281
vt 0.0 -1.0
vt -1.0 -1.0
vt -1.0 -2.0
vt 0.0 -2.0
vt 0.0 0.0
vt 0.0 -1.0
vt -1.0 -1.0
vt -1.0 0.0
vt 0.0 0.0
vt -1.0 0.0
vt -1.0 -1.0
vt 0.0 -1.0
vt 0.0 -2.0
vt 0.0 -1.0
vt -1.0 -1.0
vt -1.0 -2.0
vt 0.0 -1.0
vt -1.0 -1.0
vt -1.0 -2.0
vt 0.0 -2.0
vt 0.0 0.0
vt 0.0 -1.0
vt -1.0 -1.0
vt -1.0 0.0
vt 0.0 0.0
vt -1.0 0.0
vt -1.0 -1.0
vt 0.0 -1.0
vt 0.0 -2.0
vt 0.0 -1.0
vt -1.0 -1.0
vt -1.0 -2.0
vt 1.5 -0.394531
vt 1.5 -0.097656
vt 0.0 -0.097656
vt 0.0 -0.394531
vt 1.5 -0.015625
vt 0.0 -0.015625
vt 1.5 -0.394531
vt 0.0 -0.394531
vt 0.0 -0.488281
vt 1.5 -0.488281
vt 0.0 0.0
vt 1.0 0.0
vt 1.0 1.0
vt 0.0 1.0
vt 0.0 0.0
vt 1.0 0.0
vt 1.0 1.0
vt 0.0 1.0
vt 0.0 0.0
vt 1.0 0.0
vt 1.0 1.0
vt 0.0 1.0
vt 0.0 0.0
vt 1.0 0.0
vt 1.0 1.0
vt 0.0 1.0
vt 0.0 0.0
vt 1.0 0.0
vt 1.0 1.0
vt 0.0 1.0
vt 1.0 0.5
vt 1.0 0.0
vt 1.03125 0.1875
vt 1.15625 0.03125
vt 1.5 0.0
vt -0.470703 -0.892578
vt -0.345703 -0.892578
vt -0.345703 -0.605469
vt -0.158203 -0.892578
vt -0.158203 -0.605469
vt -0.033203 -0.892578
vt -0.158203 -0.109375
vt -0.251953 -0.015625
vt -0.345703 -0.109375
vt 0.841797 -0.486328
vt 0.998047 -0.486328
vt 0.966797 -0.392578
vt 0.841797 -0.392578
vt 0.498047 -0.486328
vt 0.654297 -0.486328
vt 0.654297 -0.392578
vt 0.529297 -0.392578
vt 0.4375 -0.09375
vt 0.4375 -0.390625
vt 0.285156 -0.09375
vt 0.285156 -0.390625
vt 0.4375 -0.390625
vt 0.4375 0.105469
vt 0.285156 0.105469
vt 0.285156 0.013672
vt 0.4375 0.105469
vt 0.753906 -0.099609
vt 1.0 -0.099609
vt 1.0 -0.013672
vt 0.5 -0.013672
vt 0.4375 -0.09375
vt 0.285156 -0.09375
vt 0.4375 -0.390625
vt 1.0 -0.099609
vt 1.279297 -0.099609
vt 1.5 -0.013672
vt 1.0 -0.013672
vt 0.4375 -0.09375
vt 0.4375 -0.390625
vt 0.285156 -0.09375
vt 0.285156 -0.390625
vt 0.4375 -0.390625
vt 0.4375 0.105469
vt 0.285156 0.105469
vt 0.285156 0.013672
vt 0.4375 0.105469
vt 0.753906 -0.099609
vt 1.0 -0.099609
vt 1.0 -0.013672
vt 0.5 -0.013672
vt 0.4375 -0.09375
vt 0.285156 -0.09375
vt 0.4375 -0.390625
vt 1.0 -0.099609
vt 1.279297 -0.099609
vt 1.5 -0.013672
vt 1.0 -0.013672
vt 1.0 0.5
vt 1.0 0.0
vt 1.03125 0.1875
vt 1.15625 0.03125
vt 1.5 0.0
vt -0.470703 -0.892578
vt -0.345703 -0.892578
vt -0.345703 -0.605469
vt -0.158203 -0.892578
vt -0.158203 -0.605469
vt -0.033203 -0.892578
vt -0.158203 -0.109375
vt -0.251953 -0.015625
vt -0.345703 -0.109375
vt 0.841797 -0.486328
vt 0.998047 -0.486328
vt 0.966797 -0.392578
vt 0.841797 -0.392578
vt 0.498047 -0.486328
vt 0.654297 -0.486328
vt 0.654297 -0.392578
vt 0.529297 -0.392578
vt 0.4375 -0.09375
vt 0.4375 -0.390625
vt 0.285156 -0.09375
vt 0.285156 -0.390625
vt 0.4375 -0.390625
vt 0.4375 0.105469
vt 0.285156 0.105469
vt 0.285156 0.013672
vt 0.4375 0.105469
vt 0.753906 -0.099609
vt 1.0 -0.099609
vt 1.0 -0.013672
vt 0.5 -0.013672
vt 0.4375 -0.09375
vt 0.285156 -0.09375
vt 0.4375 -0.390625
vt 1.0 -0.099609
vt 1.279297 -0.099609
vt 1.5 -0.013672
vt 1.0 -0.013672
vt 1.0 0.5
vt 1.0 0.0
vt 1.03125 0.1875
vt 1.15625 0.03125
vt 1.5 0.0
vt -0.470703 -0.892578
vt -0.345703 -0.892578
vt -0.345703 -0.605469
vt -0.158203 -0.892578
vt -0.158203 -0.605469
vt -0.033203 -0.892578
vt -0.158203 -0.109375
vt -0.251953 -0.015625
vt -0.345703 -0.109375
vt 0.841797 -0.486328
vt 0.998047 -0.486328
vt 0.966797 -0.392578
vt 0.841797 -0.392578
vt 0.498047 -0.486328
vt 0.654297 -0.486328
vt 0.654297 -0.392578
vt 0.529297 -0.392578
vt 0.5 -0.394531
vt 0.5 -0.097656
vt 0.0 -0.097656
vt 0.0 -0.394531
vt 0.5 -0.015625
vt 0.0 -0.015625
vt 0.5 -0.394531
vt 0.0 -0.394531
vt 0.0 -0.488281
vt 0.5 -0.488281
vt 0.5 -0.394531
vt 0.5 -0.097656
vt 0.0 -0.097656
vt 0.0 -0.394531
vt 0.5 -0.015625
vt 0.0 -0.015625
vt 0.5 -0.394531
vt 0.0 -0.394531
vt 0.0 -0.488281
vt 0.5 -0.488281
vt 0.5 -0.394531
vt 0.5 -0.097656
vt 0.0 -0.097656
vt 0.0 -0.394531
vt 0.5 -0.015625
vt 0.0 -0.015625
vt 0.5 -0.394531
vt 0.0 -0.394531
vt 0.0 -0.488281
vt 0.5 -0.488281
vt -1.890625 -0.0625
vt -1.984375 -0.0625
vt -1.984375 -0.4375
vt -1.890625 -0.4375
vt -1.980469 -0.546875
vt -1.980469 -0.703125
vt -1.894531 -0.703125
vt -1.894531 -0.546875
vt -0.835938 0.0
vt -0.375 0.0
vt -0.375 -0.4375
vt -0.835938 -0.4375
vt -0.835938 -0.4375
vt -0.375 -0.4375
vt -0.375 -4.0
vt -0.835938 -4.0
vt -1.9375 -0.875
vt -1.9375 -0.875
vt -1.9375 -0.875
vt -1.9375 -0.875
vt -1.9375 -0.875
vt -1.9375 -0.875
vt -1.9375 -0.875
vt -1.9375 -0.875
vt -1.980469 -0.546875
vt -1.980469 -0.703125
vt -1.894531 -0.703125
vt -1.894531 -0.546875
vt -1.890625 -0.0625
vt -1.984375 -0.0625
vt -1.984375 -0.4375
vt -1.890625 -0.4375
vt -1.9375 -0.875
vt -1.9375 -0.875
vt -1.9375 -0.875
vt -1.9375 -0.875
vt -1.9375 -0.875
vt -1.9375 -0.875
vt -1.9375 -0.875
vt -1.9375 -0.875
vt -0.835938 -0.4375
vt -0.835938 -4.0
vt -0.835938 0.0
vt -0.835938 -0.4375
vt 0.0 -1.0
vt -1.0 -1.0
vt -1.0 -2.0
vt 0.0 -2.0
vt 0.0 0.0
vt 0.0 -1.0
vt -1.0 -1.0
vt -1.0 0.0
vt 0.0 0.0
vt -1.0 0.0
vt -1.0 -1.0
vt 0.0 -1.0
vt 0.0 -2.0
vt 0.0 -1.0
vt -1.0 -1.0
vt -1.0 -2.0
vt -1.890625 -0.0625
vt -1.984375 -0.0625
vt -1.984375 -0.4375
vt -1.890625 -0.4375
vt -1.980469 -0.546875
vt -1.980469 -0.703125
vt -1.894531 -0.703125
vt -1.894531 -0.546875
vt -0.835938 0.0
vt -0.375 0.0
vt -0.375 -0.4375
vt -0.835938 -0.4375
vt -0.835938 -0.4375
vt -0.375 -0.4375
vt -0.375 -4.0
vt -0.835938 -4.0
vt -1.9375 -0.875
vt -1.9375 -0.875
vt -1.9375 -0.875
vt -1.9375 -0.875
vt -1.9375 -0.875
vt -1.9375 -0.875
vt -1.9375 -0.875
vt -1.9375 -0.875
vt -1.980469 -0.546875
vt -1.980469 -0.703125
vt -1.894531 -0.703125
vt -1.894531 -0.546875
vt -1.890625 -0.0625
vt -1.984375 -0.0625
vt -1.984375 -0.4375
vt -1.890625 -0.4375
vt -1.9375 -0.875
vt -1.9375 -0.875
vt -1.9375 -0.875
vt -1.9375 -0.875
vt -1.9375 -0.875
vt -1.9375 -0.875
vt -1.9375 -0.875
vt -1.9375 -0.875
vt -0.835938 -0.4375
vt -0.835938 -4.0
vt -0.835938 0.0
vt -0.835938 -0.4375
vt 0.0 -1.0
vt -1.0 -1.0
vt -1.0 -2.0
vt 0.0 -2.0
vt 0.0 0.0
vt 0.0 -1.0
vt -1.0 -1.0
vt -1.0 0.0
vt 0.0 0.0
vt -1.0 0.0
vt -1.0 -1.0
vt 0.0 -1.0
vt 0.0 -2.0
vt 0.0 -1.0
vt -1.0 -1.0
vt -1.0 -2.0
vt -1.890625 -0.0625
vt -1.984375 -0.0625
vt -1.984375 -0.4375
vt -1.890625 -0.4375
vt -1.980469 -0.546875
vt -1.980469 -0.703125
vt -1.894531 -0.703125
vt -1.894531 -0.546875
vt -0.835938 0.0
vt -0.375 0.0
vt -0.375 -0.4375
vt -0.835938 -0.4375
vt -0.835938 -0.4375
vt -0.375 -0.4375
vt -0.375 -4.0
vt -0.835938 -4.0
vt -1.9375 -0.875
vt -1.9375 -0.875
vt -1.9375 -0.875
vt -1.9375 -0.875
vt -1.9375 -0.875
vt -1.9375 -0.875
vt -1.9375 -0.875
vt -1.9375 -0.875
vt -1.980469 -0.546875
vt -1.980469 -0.703125
vt -1.894531 -0.703125
vt -1.894531 -0.546875
vt -1.890625 -0.0625
vt -1.984375 -0.0625
vt -1.984375 -0.4375
vt -1.890625 -0.4375
vt -1.9375 -0.875
vt -1.9375 -0.875
vt -1.9375 -0.875
vt -1.9375 -0.875
vt -1.9375 -0.875
vt -1.9375 -0.875
vt -1.9375 -0.875
vt -1.9375 -0.875
vt -0.835938 -0.4375
vt -0.835938 -4.0
vt -0.835938 0.0
vt -0.835938 -0.4375
vt 0.0 -1.0
vt -1.0 -1.0
vt -1.0 -2.0
vt 0.0 -2.0
vt 0.0 0.0
vt 0.0 -1.0
vt -1.0 -1.0
vt -1.0 0.0
vt 0.0 0.0
vt -1.0 0.0
vt -1.0 -1.0
vt 0.0 -1.0
vt 0.0 -2.0
vt 0.0 -1.0
vt -1.0 -1.0
vt -1.0 -2.0
vt -1.890625 -0.0625
vt -1.984375 -0.0625
vt -1.984375 -0.4375
vt -1.890625 -0.4375
vt -1.980469 -0.546875
vt -1.980469 -0.703125
vt -1.894531 -0.703125
vt -1.894531 -0.546875
vt -0.835938 0.0
vt -0.375 0.0
vt -0.375 -0.4375
vt -0.835938 -0.4375
vt -0.835938 -0.4375
vt -0.375 -0.4375
vt -0.375 -4.0
vt -0.835938 -4.0
vt -1.9375 -0.875
vt -1.9375 -0.875
vt -1.9375 -0.875
vt -1.9375 -0.875
vt -1.9375 -0.875
vt -1.9375 -0.875
vt -1.9375 -0.875
vt -1.9375 -0.875
vt -1.980469 -0.546875
vt -1.980469 -0.703125
vt -1.894531 -0.703125
vt -1.894531 -0.546875
vt -1.890625 -0.0625
vt -1.984375 -0.0625
vt -1.984375 -0.4375
vt -1.890625 -0.4375
vt -1.9375 -0.875
vt -1.9375 -0.875
vt -1.9375 -0.875
vt -1.9375 -0.875
vt -1.9375 -0.875
vt -1.9375 -0.875
vt -1.9375 -0.875
vt -1.9375 -0.875
vt -0.835938 -0.4375
vt -0.835938 -4.0
vt -0.835938 0.0
vt -0.835938 -0.4375
vt -1.890625 -0.0625
vt -1.984375 -0.0625
vt -1.984375 -0.4375
vt -1.890625 -0.4375
vt -1.980469 -0.546875
vt -1.980469 -0.703125
vt -1.894531 -0.703125
vt -1.894531 -0.546875
vt -0.835938 0.0
vt -0.375 0.0
vt -0.375 -0.4375
vt -0.835938 -0.4375
vt -0.835938 -0.4375
vt -0.375 -0.4375
vt -0.375 -4.0
vt -0.835938 -4.0
vt -1.9375 -0.875
vt -1.9375 -0.875
vt -1.9375 -0.875
vt -1.9375 -0.875
vt -1.9375 -0.875
vt -1.9375 -0.875
vt -1.9375 -0.875
vt -1.9375 -0.875
vt -1.980469 -0.546875
vt -1.980469 -0.703125
vt -1.894531 -0.703125
vt -1.894531 -0.546875
vt -1.890625 -0.0625
vt -1.984375 -0.0625
vt -1.984375 -0.4375
vt -1.890625 -0.4375
vt -1.9375 -0.875
vt -1.9375 -0.875
vt -1.9375 -0.875
vt -1.9375 -0.875
vt -1.9375 -0.875
vt -1.9375 -0.875
vt -1.9375 -0.875
vt -1.9375 -0.875
vt -0.835938 -0.4375
vt -0.835938 -4.0
vt -0.835938 0.0
vt -0.835938 -0.4375
vt 0.5 -0.394531
vt 0.5 -0.097656
vt 0.0 -0.097656
vt 0.0 -0.394531
vt 0.5 -0.015625
vt 0.0 -0.015625
vt 0.5 -0.394531
vt 0.0 -0.394531
vt 0.0 -0.488281
vt 0.5 -0.488281
vt 1.5 -0.394531
vt 1.5 -0.097656
vt 0.0 -0.097656
vt 0.0 -0.394531
vt 1.5 -0.015625
vt 0.0 -0.015625
vt 1.5 -0.394531
vt 0.0 -0.394531
vt 0.0 -0.488281
vt 1.5 -0.488281
vt 0.0 -1.0
vt -1.0 -1.0
vt -1.0 -2.0
vt 0.0 -2.0
vt 0.0 0.0
vt 0.0 -1.0
vt -1.0 -1.0
vt -1.0 0.0
vt 0.0 0.0
vt -1.0 0.0
vt -1.0 -1.0
vt 0.0 -1.0
vt 0.0 -2.0
vt 0.0 -1.0
vt -1.0 -1.0
vt -1.0 -2.0
vt 0.0 -1.0
vt -1.0 -1.0
vt -1.0 -2.0
vt 0.0 -2.0
vt 0.0 0.0
vt 0.0 -1.0
vt -1.0 -1.0
vt -1.0 0.0
vt 0.0 0.0
vt -1.0 0.0
vt -1.0 -1.0
vt 0.0 -1.0
vt 0.0 -2.0
vt 0.0 -1.0
vt -1.0 -1.0
vt -1.0 -2.0
vt 1.5 -0.394531
vt 1.5 -0.097656
vt 0.0 -0.097656
vt 0.0 -0.394531
vt 1.5 -0.015625
vt 0.0 -0.015625
vt 1.5 -0.394531
vt 0.0 -0.394531
vt 0.0 -0.488281
vt 1.5 -0.488281
vt 0.5 -0.394531
vt 0.5 -0.097656
vt 0.0 -0.097656
vt 0.0 -0.394531
vt 0.5 -0.015625
vt 0.0 -0.015625
vt 0.5 -0.394531
vt 0.0 -0.394531
vt 0.0 -0.488281
vt 0.5 -0.488281
vt 0.5 -0.394531
vt 0.5 -0.097656
vt 0.0 -0.097656
vt 0.0 -0.394531
vt 0.5 -0.015625
vt 0.0 -0.015625
vt 0.5 -0.394531
vt 0.0 -0.394531
vt 0.0 -0.488281
vt 0.5 -0.488281
vt 1.0 0.5
vt 1.0 0.0
vt 1.03125 0.1875
vt 1.15625 0.03125
vt 1.5 0.0
vt -0.470703 -0.892578
vt -0.345703 -0.892578
vt -0.345703 -0.605469
vt -0.158203 -0.892578
vt -0.158203 -0.605469
vt -0.033203 -0.892578
vt -0.158203 -0.109375
vt -0.251953 -0.015625
vt -0.345703 -0.109375
vt 0.841797 -0.486328
vt 0.998047 -0.486328
vt 0.966797 -0.392578
vt 0.841797 -0.392578
vt 0.498047 -0.486328
vt 0.654297 -0.486328
vt 0.654297 -0.392578
vt 0.529297 -0.392578
vt 0.4375 -0.09375
vt 0.4375 -0.390625
vt 0.285156 -0.09375
vt 0.285156 -0.390625
vt 0.4375 -0.390625
vt 0.4375 0.105469
vt 0.285156 0.105469
vt 0.285156 0.013672
vt 0.4375 0.105469
vt 0.753906 -0.099609
vt 1.0 -0.099609
vt 1.0 -0.013672
vt 0.5 -0.013672
vt 0.4375 -0.09375
vt 0.285156 -0.09375
vt 0.4375 -0.390625
vt 1.0 -0.099609
vt 1.279297 -0.099609
vt 1.5 -0.013672
vt 1.0 -0.013672
vt 0.4375 -0.09375
vt 0.4375 -0.390625
vt 0.285156 -0.09375
vt 0.285156 -0.390625
vt 0.4375 -0.390625
vt 0.4375 0.105469
vt 0.285156 0.105469
vt 0.285156 0.013672
vt 0.4375 0.105469
vt 0.753906 -0.099609
vt 1.0 -0.099609
vt 1.0 -0.013672
vt 0.5 -0.013672
vt 0.4375 -0.09375
vt 0.285156 -0.09375
vt 0.4375 -0.390625
vt 1.0 -0.099609
vt 1.279297 -0.099609
vt 1.5 -0.013672
vt 1.0 -0.013672
vt 1.0 0.5
vt 1.0 0.0
vt 1.03125 0.1875
vt 1.15625 0.03125
vt 1.5 0.0
vt -0.470703 -0.892578
vt -0.345703 -0.892578
vt -0.345703 -0.605469
vt -0.158203 -0.892578
vt -0.158203 -0.605469
vt -0.033203 -0.892578
vt -0.158203 -0.109375
vt -0.251953 -0.015625
vt -0.345703 -0.109375
vt 0.841797 -0.486328
vt 0.998047 -0.486328
vt 0.966797 -0.392578
vt 0.841797 -0.392578
vt 0.498047 -0.486328
vt 0.654297 -0.486328
vt 0.654297 -0.392578
vt 0.529297 -0.392578
vt 0.0 0.0
vt 1.0 0.0
vt 1.0 1.0
vt 0.0 1.0
vt 0.0 0.0
vt 1.0 0.0
vt 1.0 1.0
vt 0.0 1.0
vt 0.0 0.0
vt 1.0 0.0
vt 1.0 1.0
vt 0.0 1.0
vt 0.0 0.0
vt 1.0 0.0
vt 1.0 1.0
vt 0.0 1.0
vt 0.0 0.0
vt 1.0 0.0
vt 1.0 1.0
vt 0.0 1.0
vt 0.4375 -0.09375
vt 0.4375 -0.390625
vt 0.285156 -0.09375
vt 0.285156 -0.390625
vt 0.4375 -0.390625
vt 0.4375 0.105469
vt 0.285156 0.105469
vt 0.285156 0.013672
vt 0.4375 0.105469
vt 0.753906 -0.099609
vt 1.0 -0.099609
vt 1.0 -0.013672
vt 0.5 -0.013672
vt 0.4375 -0.09375
vt 0.285156 -0.09375
vt 0.4375 -0.390625
vt 1.0 -0.099609
vt 1.279297 -0.099609
vt 1.5 -0.013672
vt 1.0 -0.013672
vt 1.0 0.5
vt 1.0 0.0
vt 1.03125 0.1875
vt 1.15625 0.03125
vt 1.5 0.0
vt -0.470703 -0.892578
vt -0.345703 -0.892578
vt -0.345703 -0.605469
vt -0.158203 -0.892578
vt -0.158203 -0.605469
vt -0.033203 -0.892578
vt -0.158203 -0.109375
vt -0.251953 -0.015625
vt -0.345703 -0.109375
vt 0.841797 -0.486328
vt 0.998047 -0.486328
vt 0.966797 -0.392578
vt 0.841797 -0.392578
vt 0.498047 -0.486328
vt 0.654297 -0.486328
vt 0.654297 -0.392578
vt 0.529297 -0.392578
vt 3.5 -0.394531
vt 3.5 -0.097656
vt 0.0 -0.097656
vt 0.0 -0.394531
vt 3.5 -0.015625
vt 0.0 -0.015625
vt 3.5 -0.394531
vt 0.0 -0.394531
vt 0.0 -0.488281
vt 3.5 -0.488281
vt 0.0 -1.0
vt -1.0 -1.0
vt -1.0 -2.0
vt 0.0 -2.0
vt 0.0 0.0
vt 0.0 -1.0
vt -1.0 -1.0
vt -1.0 0.0
vt 0.0 0.0
vt -1.0 0.0
vt -1.0 -1.0
vt 0.0 -1.0
vt 0.0 -2.0
vt 0.0 -1.0
vt -1.0 -1.0
vt -1.0 -2.0
vt 0.0 -1.0
vt -1.0 -1.0
vt -1.0 -2.0
vt 0.0 -2.0
vt 0.0 0.0
vt 0.0 -1.0
vt -1.0 -1.0
vt -1.0 0.0
vt 0.0 0.0
vt -1.0 0.0
vt -1.0 -1.0
vt 0.0 -1.0
vt 0.0 -2.0
vt 0.0 -1.0
vt -1.0 -1.0
vt -1.0 -2.0
vt 3.5 -0.394531
vt 3.5 -0.097656
vt 0.0 -0.097656
vt 0.0 -0.394531
vt 3.5 -0.015625
vt 0.0 -0.015625
vt 3.5 -0.394531
vt 0.0 -0.394531
vt 0.0 -0.488281
vt 3.5 -0.488281
vt 1.5 -0.394531
vt 1.5 -0.097656
vt 0.0 -0.097656
vt 0.0 -0.394531
vt 1.5 -0.015625
vt 0.0 -0.015625
vt 1.5 -0.394531
vt 0.0 -0.394531
vt 0.0 -0.488281
vt 1.5 -0.488281
vt 0.0 -1.0
vt -1.0 -1.0
vt -1.0 -2.0
vt 0.0 -2.0
vt 0.0 0.0
vt 0.0 -1.0
vt -1.0 -1.0
vt -1.0 0.0
vt 0.0 0.0
vt -1.0 0.0
vt -1.0 -1.0
vt 0.0 -1.0
vt 0.0 -2.0
vt 0.0 -1.0
vt -1.0 -1.0
vt -1.0 -2.0
vt 1.0 0.5
vt 1.0 0.0
vt 1.03125 0.1875
vt 1.15625 0.03125
vt 1.5 0.0
vt -0.470703 -0.892578
vt -0.345703 -0.892578
vt -0.345703 -0.605469
vt -0.158203 -0.892578
vt -0.158203 -0.605469
vt -0.033203 -0.892578
vt -0.158203 -0.109375
vt -0.251953 -0.015625
vt -0.345703 -0.109375
vt 0.841797 -0.486328
vt 0.998047 -0.486328
vt 0.966797 -0.392578
vt 0.841797 -0.392578
vt 0.498047 -0.486328
vt 0.654297 -0.486328
vt 0.654297 -0.392578
vt 0.529297 -0.392578
vt 1.5 -0.394531
vt 1.5 -0.097656
vt 0.0 -0.097656
vt 0.0 -0.394531
vt 1.5 -0.015625
vt 0.0 -0.015625
vt 1.5 -0.394531
vt 0.0 -0.394531
vt 0.0 -0.488281
vt 1.5 -0.488281
vt -1.890625 -0.0625
vt -1.984375 -0.0625
vt -1.984375 -0.4375
vt -1.890625 -0.4375
vt -1.980469 -0.546875
vt -1.980469 -0.703125
vt -1.894531 -0.703125
vt -1.894531 -0.546875
vt -0.835938 0.0
vt -0.375 0.0
vt -0.375 -0.4375
vt -0.835938 -0.4375
vt -0.835938 -0.4375
vt -0.375 -0.4375
vt -0.375 -4.0
vt -0.835938 -4.0
vt -1.9375 -0.875
vt -1.9375 -0.875
vt -1.9375 -0.875
vt -1.9375 -0.875
vt -1.9375 -0.875
vt -1.9375 -0.875
vt -1.9375 -0.875
vt -1.9375 -0.875
vt -1.980469 -0.546875
vt -1.980469 -0.703125
vt -1.894531 -0.703125
vt -1.894531 -0.546875
vt -1.890625 -0.0625
vt -1.984375 -0.0625
vt -1.984375 -0.4375
vt -1.890625 -0.4375
vt -1.9375 -0.875
vt -1.9375 -0.875
vt -1.9375 -0.875
vt -1.9375 -0.875
vt -1.9375 -0.875
vt -1.9375 -0.875
vt -1.9375 -0.875
vt -1.9375 -0.875
vt -0.835938 -0.4375
vt -0.835938 -4.0
vt -0.835938 0.0
vt -0.835938 -0.4375
vt 1.5 -0.394531
vt 1.5 -0.097656
vt 0.0 -0.097656
vt 0.0 -0.394531
vt 1.5 -0.015625
vt 0.0 -0.015625
vt 1.5 -0.394531
vt 0.0 -0.394531
vt 0.0 -0.488281
vt 1.5 -0.488281
vt 1.0 0.5
vt 1.0 0.0
vt 1.03125 0.1875
vt 1.15625 0.03125
vt 1.5 0.0
vt -0.470703 -0.892578
vt -0.345703 -0.892578
vt -0.345703 -0.605469
vt -0.158203 -0.892578
vt -0.158203 -0.605469
vt -0.033203 -0.892578
vt -0.158203 -0.109375
vt -0.251953 -0.015625
vt -0.345703 -0.109375
vt 0.841797 -0.486328
vt 0.998047 -0.486328
vt 0.966797 -0.392578
vt 0.841797 -0.392578
vt 0.498047 -0.486328
vt 0.654297 -0.486328
vt 0.654297 -0.392578
vt 0.529297 -0.392578
vt 0.0 -1.0
vt -1.0 -1.0
vt -1.0 -2.0
vt 0.0 -2.0
vt 0.0 0.0
vt 0.0 -1.0
vt -1.0 -1.0
vt -1.0 0.0
vt 0.0 0.0
vt -1.0 0.0
vt -1.0 -1.0
vt 0.0 -1.0
vt 0.0 -2.0
vt 0.0 -1.0
vt -1.0 -1.0
vt -1.0 -2.0
vt 0.0 -1.0
vt -1.0 -1.0
vt -1.0 -2.0
vt 0.0 -2.0
vt 0.0 0.0
vt 0.0 -1.0
vt -1.0 -1.0
vt -1.0 0.0
vt 0.0 0.0
vt -1.0 0.0
vt -1.0 -1.0
vt 0.0 -1.0
vt 0.0 -2.0
vt 0.0 -1.0
vt -1.0 -1.0
vt -1.0 -2.0
vt 0.0 -1.0
vt -1.0 -1.0
vt -1.0 -2.0
vt 0.0 -2.0
vt 0.0 0.0
vt 0.0 -1.0
vt -1.0 -1.0
vt -1.0 0.0
vt 0.0 0.0
vt -1.0 0.0
vt -1.0 -1.0
vt 0.0 -1.0
vt 0.0 -2.0
vt 0.0 -1.0
vt -1.0 -1.0
vt -1.0 -2.0
vt 0.0 -1.0
vt -1.0 -1.0
vt -1.0 -2.0
vt 0.0 -2.0
vt 0.0 0.0
vt 0.0 -1.0
vt -1.0 -1.0
vt -1.0 0.0
vt 0.0 0.0
vt -1.0 0.0
vt -1.0 -1.0
vt 0.0 -1.0
vt 0.0 -2.0
vt 0.0 -1.0
vt -1.0 -1.0
vt -1.0 -2.0
vt 0.4375 -0.09375
vt 0.4375 -0.390625
vt 0.285156 -0.09375
vt 0.285156 -0.390625
vt 0.4375 -0.390625
vt 0.4375 0.105469
vt 0.285156 0.105469
vt 0.285156 0.013672
vt 0.4375 0.105469
vt 0.753906 -0.099609
vt 1.0 -0.099609
vt 1.0 -0.013672
vt 0.5 -0.013672
vt 0.4375 -0.09375
vt 0.285156 -0.09375
vt 0.4375 -0.390625
vt 1.0 -0.099609
vt 1.279297 -0.099609
vt 1.5 -0.013672
vt 1.0 -0.013672
vt 0.5 -0.394531
vt 0.5 -0.097656
vt 0.0 -0.097656
vt 0.0 -0.394531
vt 0.5 -0.015625
vt 0.0 -0.015625
vt 0.5 -0.394531
vt 0.0 -0.394531
vt 0.0 -0.488281
vt 0.5 -0.488281
vt 0.0 -1.0
vt -1.0 -1.0
vt -1.0 -2.0
vt 0.0 -2.0
vt 0.0 0.0
vt 0.0 -1.0
vt -1.0 -1.0
vt -1.0 0.0
vt 0.0 0.0
vt -1.0 0.0
vt -1.0 -1.0
vt 0.0 -1.0
vt 0.0 -2.0
vt 0.0 -1.0
vt -1.0 -1.0
vt -1.0 -2.0
vt 0.0 -1.0
vt -1.0 -1.0
vt -1.0 -2.0
vt 0.0 -2.0
vt 0.0 0.0
vt 0.0 -1.0
vt -1.0 -1.0
vt -1.0 0.0
vt 0.0 0.0
vt -1.0 0.0
vt -1.0 -1.0
vt 0.0 -1.0
vt 0.0 -2.0
vt 0.0 -1.0
vt -1.0 -1.0
vt -1.0 -2.0
vt 0.0 0.0
vt 1.0 0.0
vt 1.0 1.0
vt 0.0 1.0
vt 0.0 0.0
vt 1.0 0.0
vt 1.0 1.0
vt 0.0 1.0
vt 0.0 0.0
vt 1.0 0.0
vt 1.0 1.0
vt 0.0 1.0
vt 0.0 0.0
vt 1.0 0.0
vt 1.0 1.0
vt 0.0 1.0
vt 0.0 0.0
vt 1.0 0.0
vt 1.0 1.0
vt 0.0 1.0
vt 0.0 0.0
vt 1.0 0.0
vt 1.0 1.0
vt 0.0 1.0
vt 0.0 0.0
vt 1.0 0.0
vt 1.0 1.0
vt 0.0 1.0
vt 0.0 0.0
vt 1.0 0.0
vt 1.0 1.0
vt 0.0 1.0
vt 0.0 0.0
vt 1.0 0.0
vt 1.0 1.0
vt 0.0 1.0
vt 0.0 0.0
vt 1.0 0.0
vt 1.0 1.0
vt 0.0 1.0
vt 0.4375 -0.09375
vt 0.4375 -0.390625
vt 0.285156 -0.09375
vt 0.285156 -0.390625
vt 0.4375 -0.390625
vt 0.4375 0.105469
vt 0.285156 0.105469
vt 0.285156 0.013672
vt 0.4375 0.105469
vt 0.753906 -0.099609
vt 1.0 -0.099609
vt 1.0 -0.013672
vt 0.5 -0.013672
vt 0.4375 -0.09375
vt 0.285156 -0.09375
vt 0.4375 -0.390625
vt 1.0 -0.099609
vt 1.279297 -0.099609
vt 1.5 -0.013672
vt 1.0 -0.013672
vt 1.0 -0.394531
vt 1.0 -0.097656
vt 0.0 -0.097656
vt 0.0 -0.394531
vt 1.0 -0.015625
vt 0.0 -0.015625
vt 1.0 -0.394531
vt 0.0 -0.394531
vt 0.0 -0.488281
vt 1.0 -0.488281
vt 2.5 -0.394531
vt 2.5 -0.097656
vt 0.0 -0.097656
vt 0.0 -0.394531
vt 2.5 -0.015625
vt 0.0 -0.015625
vt 2.5 -0.394531
vt 0.0 -0.394531
vt 0.0 -0.488281
vt 2.5 -0.488281
vt 0.0 -1.0
vt -1.0 -1.0
vt -1.0 -2.0
vt 0.0 -2.0
vt 0.0 0.0
vt 0.0 -1.0
vt -1.0 -1.0
vt -1.0 0.0
vt 0.0 0.0
vt -1.0 0.0
vt -1.0 -1.0
vt 0.0 -1.0
vt 0.0 -2.0
vt 0.0 -1.0
vt -1.0 -1.0
vt -1.0 -2.0
vt 1.0 0.5
vt 1.0 0.0
vt 1.03125 0.1875
vt 1.15625 0.03125
vt 1.5 0.0
vt -0.470703 -0.892578
vt -0.345703 -0.892578
vt -0.345703 -0.605469
vt -0.158203 -0.892578
vt -0.158203 -0.605469
vt -0.033203 -0.892578
vt -0.158203 -0.109375
vt -0.251953 -0.015625
vt -0.345703 -0.109375
vt 0.841797 -0.486328
vt 0.998047 -0.486328
vt 0.966797 -0.392578
vt 0.841797 -0.392578
vt 0.498047 -0.486328
vt 0.654297 -0.486328
vt 0.654297 -0.392578
vt 0.529297 -0.392578
vt 3.5 -0.394531
vt 3.5 -0.097656
vt 0.0 -0.097656
vt 0.0 -0.394531
vt 3.5 -0.015625
vt 0.0 -0.015625
vt 3.5 -0.394531
vt 0.0 -0.394531
vt 0.0 -0.488281
vt 3.5 -0.488281
vt 0.4375 -0.09375
vt 0.4375 -0.390625
vt 0.285156 -0.09375
vt 0.285156 -0.390625
vt 0.4375 -0.390625
vt 0.4375 0.105469
vt 0.285156 0.105469
vt 0.285156 0.013672
vt 0.4375 0.105469
vt 0.753906 -0.099609
vt 1.0 -0.099609
vt 1.0 -0.013672
vt 0.5 -0.013672
vt 0.4375 -0.09375
vt 0.285156 -0.09375
vt 0.4375 -0.390625
vt 1.0 -0.099609
vt 1.279297 -0.099609
vt 1.5 -0.013672
vt 1.0 -0.013672
vt 0.4375 -0.09375
vt 0.4375 -0.390625
vt 0.285156 -0.09375
vt 0.285156 -0.390625
vt 0.4375 -0.390625
vt 0.4375 0.105469
vt 0.285156 0.105469
vt 0.285156 0.013672
vt 0.4375 0.105469
vt 0.753906 -0.099609
vt 1.0 -0.099609
vt 1.0 -0.013672
vt 0.5 -0.013672
vt 0.4375 -0.09375
vt 0.285156 -0.09375
vt 0.4375 -0.390625
vt 1.0 -0.099609
vt 1.279297 -0.099609
vt 1.5 -0.013672
vt 1.0 -0.013672
vt 3.5 -0.394531
vt 3.5 -0.097656
vt 0.0 -0.097656
vt 0.0 -0.394531
vt 3.5 -0.015625
vt 0.0 -0.015625
vt 3.5 -0.394531
vt 0.0 -0.394531
vt 0.0 -0.488281
vt 3.5 -0.488281
vt 1.0 0.5
vt 1.0 0.0
vt 1.03125 0.1875
vt 1.15625 0.03125
vt 1.5 0.0
vt -0.470703 -0.892578
vt -0.345703 -0.892578
vt -0.345703 -0.605469
vt -0.158203 -0.892578
vt -0.158203 -0.605469
vt -0.033203 -0.892578
vt -0.158203 -0.109375
vt -0.251953 -0.015625
vt -0.345703 -0.109375
vt 0.841797 -0.486328
vt 0.998047 -0.486328
vt 0.966797 -0.392578
vt 0.841797 -0.392578
vt 0.498047 -0.486328
vt 0.654297 -0.486328
vt 0.654297 -0.392578
vt 0.529297 -0.392578
vt 1.0 0.5
vt 1.0 0.0
vt 1.03125 0.1875
vt 1.15625 0.03125
vt 1.5 0.0
vt -0.470703 -0.892578
vt -0.345703 -0.892578
vt -0.345703 -0.605469
vt -0.158203 -0.892578
vt -0.158203 -0.605469
vt -0.033203 -0.892578
vt -0.158203 -0.109375
vt -0.251953 -0.015625
vt -0.345703 -0.109375
vt 0.841797 -0.486328
vt 0.998047 -0.486328
vt 0.966797 -0.392578
vt 0.841797 -0.392578
vt 0.498047 -0.486328
vt 0.654297 -0.486328
vt 0.654297 -0.392578
vt 0.529297 -0.392578
vt 0.5 -0.394531
vt 0.5 -0.097656
vt 0.0 -0.097656
vt 0.0 -0.394531
vt 0.5 -0.015625
vt 0.0 -0.015625
vt 0.5 -0.394531
vt 0.0 -0.394531
vt 0.0 -0.488281
vt 0.5 -0.488281
vt -1.890625 -0.0625
vt -1.984375 -0.0625
vt -1.984375 -0.4375
vt -1.890625 -0.4375
vt -1.980469 -0.546875
vt -1.980469 -0.703125
vt -1.894531 -0.703125
vt -1.894531 -0.546875
vt -0.835938 0.0
vt -0.375 0.0
vt -0.375 -0.4375
vt -0.835938 -0.4375
vt -0.835938 -0.4375
vt -0.375 -0.4375
vt -0.375 -4.0
vt -0.835938 -4.0
vt -1.9375 -0.875
vt -1.9375 -0.875
vt -1.9375 -0.875
vt -1.9375 -0.875
vt -1.9375 -0.875
vt -1.9375 -0.875
vt -1.9375 -0.875
vt -1.9375 -0.875
vt -1.980469 -0.546875
vt -1.980469 -0.703125
vt -1.894531 -0.703125
vt -1.894531 -0.546875
vt -1.890625 -0.0625
vt -1.984375 -0.0625
vt -1.984375 -0.4375
vt -1.890625 -0.4375
vt -1.9375 -0.875
vt -1.9375 -0.875
vt -1.9375 -0.875
vt -1.9375 -0.875
vt -1.9375 -0.875
vt -1.9375 -0.875
vt -1.9375 -0.875
vt -1.9375 -0.875
vt -0.835938 -0.4375
vt -0.835938 -4.0
vt -0.835938 0.0
vt -0.835938 -0.4375
vt 0.5 -0.394531
vt 0.5 -0.097656
vt 0.0 -0.097656
vt 0.0 -0.394531
vt 0.5 -0.015625
vt 0.0 -0.015625
vt 0.5 -0.394531
vt 0.0 -0.394531
vt 0.0 -0.488281
vt 0.5 -0.488281
vt 1.0 0.5
vt 1.0 0.0
vt 1.03125 0.1875
vt 1.15625 0.03125
vt 1.5 0.0
vt -0.470703 -0.892578
vt -0.345703 -0.892578
vt -0.345703 -0.605469
vt -0.158203 -0.892578
vt -0.158203 -0.605469
vt -0.033203 -0.892578
vt -0.158203 -0.109375
vt -0.251953 -0.015625
vt -0.345703 -0.109375
vt 0.841797 -0.486328
vt 0.998047 -0.486328
vt 0.966797 -0.392578
vt 0.841797 -0.392578
vt 0.498047 -0.486328
vt 0.654297 -0.486328
vt 0.654297 -0.392578
vt 0.529297 -0.392578
vt 0.0 0.0
vt 1.0 0.0
vt 1.0 1.0
vt 0.0 1.0
vt 0.0 0.0
vt 1.0 0.0
vt 1.0 1.0
vt 0.0 1.0
vt 0.0 0.0
vt 1.0 0.0
vt 1.0 1.0
vt 0.0 1.0
vt 0.0 0.0
vt 1.0 0.0
vt 1.0 1.0
vt 0.0 1.0
vt 0.0 0.0
vt 1.0 0.0
vt 1.0 1.0
vt 0.0 1.0
vt 0.0 -1.0
vt -1.0 -1.0
vt -1.0 -2.0
vt 0.0 -2.0
vt 0.0 0.0
vt 0.0 -1.0
vt -1.0 -1.0
vt -1.0 0.0
vt 0.0 0.0
vt -1.0 0.0
vt -1.0 -1.0
vt 0.0 -1.0
vt 0.0 -2.0
vt 0.0 -1.0
vt -1.0 -1.0
vt -1.0 -2.0
vt 0.0 -1.0
vt -1.0 -1.0
vt -1.0 -2.0
vt 0.0 -2.0
vt 0.0 0.0
vt 0.0 -1.0
vt -1.0 -1.0
vt -1.0 0.0
vt 0.0 0.0
vt -1.0 0.0
vt -1.0 -1.0
vt 0.0 -1.0
vt 0.0 -2.0
vt 0.0 -1.0
vt -1.0 -1.0
vt -1.0 -2.0
vt 0.0 0.0
vt 1.0 0.0
vt 1.0 1.0
vt 0.0 1.0
vt 0.0 0.0
vt 1.0 0.0
vt 1.0 1.0
vt 0.0 1.0
vt 0.0 0.0
vt 1.0 0.0
vt 1.0 1.0
vt 0.0 1.0
vt 0.0 0.0
vt 1.0 0.0
vt 1.0 1.0
vt 0.0 1.0
vt 0.0 0.0
vt 1.0 0.0
vt 1.0 1.0
vt 0.0 1.0
vt 0.0 -1.0
vt -1.0 -1.0
vt -1.0 -2.0
vt 0.0 -2.0
vt 0.0 0.0
vt 0.0 -1.0
vt -1.0 -1.0
vt -1.0 0.0
vt 0.0 0.0
vt -1.0 0.0
vt -1.0 -1.0
vt 0.0 -1.0
vt 0.0 -2.0
vt 0.0 -1.0
vt -1.0 -1.0
vt -1.0 -2.0
vt 0.0 0.0
vt 1.0 0.0
vt 1.0 1.0
vt 0.0 1.0
vt 0.0 0.0
vt 1.0 0.0
vt 1.0 1.0
vt 0.0 1.0
vt 0.0 0.0
vt 1.0 0.0
vt 1.0 1.0
vt 0.0 1.0
vt 0.0 0.0
vt 1.0 0.0
vt 1.0 1.0
vt 0.0 1.0
vt 0.0 0.0
vt 1.0 0.0
vt 1.0 1.0
vt 0.0 1.0
vt 0.0 0.0
vt 1.0 0.0
vt 1.0 1.0
vt 0.0 1.0
vt 0.0 0.0
vt 1.0 0.0
vt 1.0 1.0
vt 0.0 1.0
vt 0.0 0.0
vt 1.0 0.0
vt 1.0 1.0
vt 0.0 1.0
vt 0.0 0.0
vt 1.0 0.0
vt 1.0 1.0
vt 0.0 1.0
vt 0.0 0.0
vt 1.0 0.0
vt 1.0 1.0
vt 0.0 1.0
vt 2.5 -0.394531
vt 2.5 -0.097656
vt 0.0 -0.097656
vt 0.0 -0.394531
vt 2.5 -0.015625
vt 0.0 -0.015625
vt 2.5 -0.394531
vt 0.0 -0.394531
vt 0.0 -0.488281
vt 2.5 -0.488281
vt 0.4375 -0.09375
vt 0.4375 -0.390625
vt 0.285156 -0.09375
vt 0.285156 -0.390625
vt 0.4375 -0.390625
vt 0.4375 0.105469
vt 0.285156 0.105469
vt 0.285156 0.013672
vt 0.4375 0.105469
vt 0.753906 -0.099609
vt 1.0 -0.099609
vt 1.0 -0.013672
vt 0.5 -0.013672
vt 0.4375 -0.09375
vt 0.285156 -0.09375
vt 0.4375 -0.390625
vt 1.0 -0.099609
vt 1.279297 -0.099609
vt 1.5 -0.013672
vt 1.0 -0.013672
vt 0.4375 -0.09375
vt 0.4375 -0.390625
vt 0.285156 -0.09375
vt 0.285156 -0.390625
vt 0.4375 -0.390625
vt 0.4375 0.105469
vt 0.285156 0.105469
vt 0.285156 0.013672
vt 0.4375 0.105469
vt 0.753906 -0.099609
vt 1.0 -0.099609
vt 1.0 -0.013672
vt 0.5 -0.013672
vt 0.4375 -0.09375
vt 0.285156 -0.09375
vt 0.4375 -0.390625
vt 1.0 -0.099609
vt 1.279297 -0.099609
vt 1.5 -0.013672
vt 1.0 -0.013672
vt 2.5 -0.394531
vt 2.5 -0.097656
vt 0.0 -0.097656
vt 0.0 -0.394531
vt 2.5 -0.015625
vt 0.0 -0.015625
vt 2.5 -0.394531
vt 0.0 -0.394531
vt 0.0 -0.488281
vt 2.5 -0.488281
vt 1.0 0.5
vt 1.0 0.0
vt 1.03125 0.1875
vt 1.15625 0.03125
vt 1.5 0.0
vt -0.470703 -0.892578
vt -0.345703 -0.892578
vt -0.345703 -0.605469
vt -0.158203 -0.892578
vt -0.158203 -0.605469
vt -0.033203 -0.892578
vt -0.158203 -0.109375
vt -0.251953 -0.015625
vt -0.345703 -0.109375
vt 0.841797 -0.486328
vt 0.998047 -0.486328
vt 0.966797 -0.392578
vt 0.841797 -0.392578
vt 0.498047 -0.486328
vt 0.654297 -0.486328
vt 0.654297 -0.392578
vt 0.529297 -0.392578
vt 0.0 -1.0
vt -1.0 -1.0
vt -1.0 -2.0
vt 0.0 -2.0
vt 0.0 0.0
vt 0.0 -1.0
vt -1.0 -1.0
vt -1.0 0.0
vt 0.0 0.0
vt -1.0 0.0
vt -1.0 -1.0
vt 0.0 -1.0
vt 0.0 -2.0
vt 0.0 -1.0
vt -1.0 -1.0
vt -1.0 -2.0
vt 1.0 -0.394531
vt 1.0 -0.097656
vt 0.0 -0.097656
vt 0.0 -0.394531
vt 1.0 -0.015625
vt 0.0 -0.015625
vt 1.0 -0.394531
vt 0.0 -0.394531
vt 0.0 -0.488281
vt 1.0 -0.488281
vt 0.4375 -0.09375
vt 0.4375 -0.390625
vt 0.285156 -0.09375
vt 0.285156 -0.390625
vt 0.4375 -0.390625
vt 0.4375 0.105469
vt 0.285156 0.105469
vt 0.285156 0.013672
vt 0.4375 0.105469
vt 0.753906 -0.099609
vt 1.0 -0.099609
vt 1.0 -0.013672
vt 0.5 -0.013672
vt 0.4375 -0.09375
vt 0.285156 -0.09375
vt 0.4375 -0.390625
vt 1.0 -0.099609
vt 1.279297 -0.099609
vt 1.5 -0.013672
vt 1.0 -0.013672
vt 1.5 -0.394531
vt 1.5 -0.097656
vt 0.0 -0.097656
vt 0.0 -0.394531
vt 1.5 -0.015625
vt 0.0 -0.015625
vt 1.5 -0.394531
vt 0.0 -0.394531
vt 0.0 -0.488281
vt 1.5 -0.488281
vt 0.4375 -0.09375
vt 0.4375 -0.390625
vt 0.285156 -0.09375
vt 0.285156 -0.390625
vt 0.4375 -0.390625
vt 0.4375 0.105469
vt 0.285156 0.105469
vt 0.285156 0.013672
vt 0.4375 0.105469
vt 0.753906 -0.099609
vt 1.0 -0.099609
vt 1.0 -0.013672
vt 0.5 -0.013672
vt 0.4375 -0.09375
vt 0.285156 -0.09375
vt 0.4375 -0.390625
vt 1.0 -0.099609
vt 1.279297 -0.099609
vt 1.5 -0.013672
vt 1.0 -0.013672
vt 0.4375 -0.09375
vt 0.4375 -0.390625
vt 0.285156 -0.09375
vt 0.285156 -0.390625
vt 0.4375 -0.390625
vt 0.4375 0.105469
vt 0.285156 0.105469
vt 0.285156 0.013672
vt 0.4375 0.105469
vt 0.753906 -0.099609
vt 1.0 -0.099609
vt 1.0 -0.013672
vt 0.5 -0.013672
vt 0.4375 -0.09375
vt 0.285156 -0.09375
vt 0.4375 -0.390625
vt 1.0 -0.099609
vt 1.279297 -0.099609
vt 1.5 -0.013672
vt 1.0 -0.013672
vt 1.5 -0.394531
vt 1.5 -0.097656
vt 0.0 -0.097656
vt 0.0 -0.394531
vt 1.5 -0.015625
vt 0.0 -0.015625
vt 1.5 -0.394531
vt 0.0 -0.394531
vt 0.0 -0.488281
vt 1.5 -0.488281
vt 0.4375 -0.09375
vt 0.4375 -0.390625
vt 0.285156 -0.09375
vt 0.285156 -0.390625
vt 0.4375 -0.390625
vt 0.4375 0.105469
vt 0.285156 0.105469
vt 0.285156 0.013672
vt 0.4375 0.105469
vt 0.753906 -0.099609
vt 1.0 -0.099609
vt 1.0 -0.013672
vt 0.5 -0.013672
vt 0.4375 -0.09375
vt 0.285156 -0.09375
vt 0.4375 -0.390625
vt 1.0 -0.099609
vt 1.279297 -0.099609
vt 1.5 -0.013672
vt 1.0 -0.013672
vt 1.0 -0.394531
vt 1.0 -0.097656
vt 0.0 -0.097656
vt 0.0 -0.394531
vt 1.0 -0.015625
vt 0.0 -0.015625
vt 1.0 -0.394531
vt 0.0 -0.394531
vt 0.0 -0.488281
vt 1.0 -0.488281
vt 0.0 -1.0
vt -1.0 -1.0
vt -1.0 -2.0
vt 0.0 -2.0
vt 0.0 0.0
vt 0.0 -1.0
vt -1.0 -1.0
vt -1.0 0.0
vt 0.0 0.0
vt -1.0 0.0
vt -1.0 -1.0
vt 0.0 -1.0
vt 0.0 -2.0
vt 0.0 -1.0
vt -1.0 -1.0
vt -1.0 -2.0
vt 0.0 -1.0
vt -1.0 -1.0
vt -1.0 -2.0
vt 0.0 -2.0
vt 0.0 0.0
vt 0.0 -1.0
vt -1.0 -1.0
vt -1.0 0.0
vt 0.0 0.0
vt -1.0 0.0
vt -1.0 -1.0
vt 0.0 -1.0
vt 0.0 -2.0
vt 0.0 -1.0
vt -1.0 -1.0
vt -1.0 -2.0
vt 0.0 -1.0
vt -1.0 -1.0
vt -1.0 -2.0
vt 0.0 -2.0
vt 0.0 0.0
vt 0.0 -1.0
vt -1.0 -1.0
vt -1.0 0.0
vt 0.0 0.0
vt -1.0 0.0
vt -1.0 -1.0
vt 0.0 -1.0
vt 0.0 -2.0
vt 0.0 -1.0
vt -1.0 -1.0
vt -1.0 -2.0
vt 0.5 -0.394531
vt 0.5 -0.097656
vt 0.0 -0.097656
vt 0.0 -0.394531
vt 0.5 -0.015625
vt 0.0 -0.015625
vt 0.5 -0.394531
vt 0.0 -0.394531
vt 0.0 -0.488281
vt 0.5 -0.488281
vt 0.0 -1.0
vt -1.0 -1.0
vt -1.0 -2.0
vt 0.0 -2.0
vt 0.0 0.0
vt 0.0 -1.0
vt -1.0 -1.0
vt -1.0 0.0
vt 0.0 0.0
vt -1.0 0.0
vt -1.0 -1.0
vt 0.0 -1.0
vt 0.0 -2.0
vt 0.0 -1.0
vt -1.0 -1.0
vt -1.0 -2.0
vt 1.0 0.5
vt 1.0 0.0
vt 1.03125 0.1875
vt 1.15625 0.03125
vt 1.5 0.0
vt -0.470703 -0.892578
vt -0.345703 -0.892578
vt -0.345703 -0.605469
vt -0.158203 -0.892578
vt -0.158203 -0.605469
vt -0.033203 -0.892578
vt -0.158203 -0.109375
vt -0.251953 -0.015625
vt -0.345703 -0.109375
vt 0.841797 -0.486328
vt 0.998047 -0.486328
vt 0.966797 -0.392578
vt 0.841797 -0.392578
vt 0.498047 -0.486328
vt 0.654297 -0.486328
vt 0.654297 -0.392578
vt 0.529297 -0.392578
vt 0.5 -0.394531
vt 0.5 -0.097656
vt 0.0 -0.097656
vt 0.0 -0.394531
vt 0.5 -0.015625
vt 0.0 -0.015625
vt 0.5 -0.394531
vt 0.0 -0.394531
vt 0.0 -0.488281
vt 0.5 -0.488281
vt -1.890625 -0.0625
vt -1.984375 -0.0625
vt -1.984375 -0.4375
vt -1.890625 -0.4375
vt -1.980469 -0.546875
vt -1.980469 -0.703125
vt -1.894531 -0.703125
vt -1.894531 -0.546875
vt -0.835938 0.0
vt -0.375 0.0
vt -0.375 -0.4375
vt -0.835938 -0.4375
vt -0.835938 -0.4375
vt -0.375 -0.4375
vt -0.375 -4.0
vt -0.835938 -4.0
vt -1.9375 -0.875
vt -1.9375 -0.875
vt -1.9375 -0.875
vt -1.9375 -0.875
vt -1.9375 -0.875
vt -1.9375 -0.875
vt -1.9375 -0.875
vt -1.9375 -0.875
vt -1.980469 -0.546875
vt -1.980469 -0.703125
vt -1.894531 -0.703125
vt -1.894531 -0.546875
vt -1.890625 -0.0625
vt -1.984375 -0.0625
vt -1.984375 -0.4375
vt -1.890625 -0.4375
vt -1.9375 -0.875
vt -1.9375 -0.875
vt -1.9375 -0.875
vt -1.9375 -0.875
vt -1.9375 -0.875
vt -1.9375 -0.875
vt -1.9375 -0.875
vt -1.9375 -0.875
vt -0.835938 -0.4375
vt -0.835938 -4.0
vt -0.835938 0.0
vt -0.835938 -0.4375
vt 0.5 -0.394531
vt 0.5 -0.097656
vt 0.0 -0.097656
vt 0.0 -0.394531
vt 0.5 -0.015625
vt 0.0 -0.015625
vt 0.5 -0.394531
vt 0.0 -0.394531
vt 0.0 -0.488281
vt 0.5 -0.488281
vt 1.0 0.5
vt 1.0 0.0
vt 1.03125 0.1875
vt 1.15625 0.03125
vt 1.5 0.0
vt -0.470703 -0.892578
vt -0.345703 -0.892578
vt -0.345703 -0.605469
vt -0.158203 -0.892578
vt -0.158203 -0.605469
vt -0.033203 -0.892578
vt -0.158203 -0.109375
vt -0.251953 -0.015625
vt -0.345703 -0.109375
vt 0.841797 -0.486328
vt 0.998047 -0.486328
vt 0.966797 -0.392578
vt 0.841797 -0.392578
vt 0.498047 -0.486328
vt 0.654297 -0.486328
vt 0.654297 -0.392578
vt 0.529297 -0.392578
vt 0.0 -1.0
vt -1.0 -1.0
vt -1.0 -2.0
vt 0.0 -2.0
vt 0.0 0.0
vt 0.0 -1.0
vt -1.0 -1.0
vt -1.0 0.0
vt 0.0 0.0
vt -1.0 0.0
vt -1.0 -1.0
vt 0.0 -1.0
vt 0.0 -2.0
vt 0.0 -1.0
vt -1.0 -1.0
vt -1.0 -2.0
vt 0.5 -0.394531
vt 0.5 -0.097656
vt 0.0 -0.097656
vt 0.0 -0.394531
vt 0.5 -0.015625
vt 0.0 -0.015625
vt 0.5 -0.394531
vt 0.0 -0.394531
vt 0.0 -0.488281
vt 0.5 -0.488281
vt 1.0 0.5
vt 1.0 0.0
vt 1.03125 0.1875
vt 1.15625 0.03125
vt 1.5 0.0
vt -0.470703 -0.892578
vt -0.345703 -0.892578
vt -0.345703 -0.605469
vt -0.158203 -0.892578
vt -0.158203 -0.605469
vt -0.033203 -0.892578
vt -0.158203 -0.109375
vt -0.251953 -0.015625
vt -0.345703 -0.109375
vt 0.841797 -0.486328
vt 0.998047 -0.486328
vt 0.966797 -0.392578
vt 0.841797 -0.392578
vt 0.498047 -0.486328
vt 0.654297 -0.486328
vt 0.654297 -0.392578
vt 0.529297 -0.392578
vt 0.5 -0.394531
vt 0.5 -0.097656
vt 0.0 -0.097656
vt 0.0 -0.394531
vt 0.5 -0.015625
vt 0.0 -0.015625
vt 0.5 -0.394531
vt 0.0 -0.394531
vt 0.0 -0.488281
vt 0.5 -0.488281
vt 1.0 0.5
vt 1.0 0.0
vt 1.03125 0.1875
vt 1.15625 0.03125
vt 1.5 0.0
vt -0.470703 -0.892578
vt -0.345703 -0.892578
vt -0.345703 -0.605469
vt -0.158203 -0.892578
vt -0.158203 -0.605469
vt -0.033203 -0.892578
vt -0.158203 -0.109375
vt -0.251953 -0.015625
vt -0.345703 -0.109375
vt 0.841797 -0.486328
vt 0.998047 -0.486328
vt 0.966797 -0.392578
vt 0.841797 -0.392578
vt 0.498047 -0.486328
vt 0.654297 -0.486328
vt 0.654297 -0.392578
vt 0.529297 -0.392578
vt 1.0 0.5
vt 1.0 0.0
vt 1.03125 0.1875
vt 1.15625 0.03125
vt 1.5 0.0
vt -0.470703 -0.892578
vt -0.345703 -0.892578
vt -0.345703 -0.605469
vt -0.158203 -0.892578
vt -0.158203 -0.605469
vt -0.033203 -0.892578
vt -0.158203 -0.109375
vt -0.251953 -0.015625
vt -0.345703 -0.109375
vt 0.841797 -0.486328
vt 0.998047 -0.486328
vt 0.966797 -0.392578
vt 0.841797 -0.392578
vt 0.498047 -0.486328
vt 0.654297 -0.486328
vt 0.654297 -0.392578
vt 0.529297 -0.392578
vt 0.5 -0.394531
vt 0.5 -0.097656
vt 0.0 -0.097656
vt 0.0 -0.394531
vt 0.5 -0.015625
vt 0.0 -0.015625
vt 0.5 -0.394531
vt 0.0 -0.394531
vt 0.0 -0.488281
vt 0.5 -0.488281
vt 1.0 0.5
vt 1.0 0.0
vt 1.03125 0.1875
vt 1.15625 0.03125
vt 1.5 0.0
vt -0.470703 -0.892578
vt -0.345703 -0.892578
vt -0.345703 -0.605469
vt -0.158203 -0.892578
vt -0.158203 -0.605469
vt -0.033203 -0.892578
vt -0.158203 -0.109375
vt -0.251953 -0.015625
vt -0.345703 -0.109375
vt 0.841797 -0.486328
vt 0.998047 -0.486328
vt 0.966797 -0.392578
vt 0.841797 -0.392578
vt 0.498047 -0.486328
vt 0.654297 -0.486328
vt 0.654297 -0.392578
vt 0.529297 -0.392578
vt 0.5 -0.5
vt 0.0 -0.5
vt 0.0 -1.0
vt 0.5 -1.0
vt 0.5 1.0
vt 0.0 1.0
vt 0.0 0.0
vt 0.5 0.0
vt 0.5 1.0
vt 0.0 1.0
vt 0.0 0.0
vt 0.5 0.0
vt -3.0 -0.5
vt -4.0 -0.5
vt -4.0 -1.0
vt -3.0 -1.0
vt 7.0 1.0
vt 0.0 1.0
vt 0.0 0.0
vt 7.0 0.0
vt 1.0 0.0
vt 0.5 0.0
vt 0.5 -0.5
vt 1.0 -0.5
vt 0.0 -0.5
vt 0.0 -1.0
vt 0.5 -1.0
vt 0.5 -0.5
vt 1.0 -0.5
vt 0.5 -0.5
vt 0.5 -1.0
vt 1.0 -1.0
vt 0.0 0.0
vt 0.0 -0.5
vt 0.5 -0.5
vt 0.5 0.0
vt 7.0 1.0
vt 0.0 1.0
vt 0.0 0.0
vt 7.0 0.0
vt -3.0 0.0
vt -4.0 0.0
vt -4.0 -0.5
vt -3.0 -0.5
vt 0.5 -0.5
vt 0.0 -0.5
vt 0.0 -1.0
vt 0.5 -1.0
vt 0.5 1.0
vt 0.0 1.0
vt 0.0 0.0
vt 0.5 0.0
vt 1.0 0.0
vt 0.5 0.0
vt 0.5 -0.5
vt 1.0 -0.5
vt 0.0 -1.0
vt 0.5 -1.0
vt 0.5 -0.5
vt 0.0 -0.5
vt 0.0 -0.5
vt 0.0 -1.0
vt 0.5 -1.0
vt 0.5 -0.5
vt 5.0 1.0
vt 0.0 1.0
vt 0.0 0.0
vt 5.0 0.0
vt 1.0 -0.5
vt 0.5 -0.5
vt 0.5 -1.0
vt 1.0 -1.0
vt 0.5 0.0
vt 0.0 0.0
vt 0.0 -0.5
vt 0.5 -0.5
vt 0.0 0.0
vt 0.0 -0.5
vt 0.5 -0.5
vt 0.5 0.0
vt 0.5 1.0
vt 0.0 1.0
vt 0.0 0.0
vt 0.5 0.0
vt -3.0 -0.5
vt -4.0 -0.5
vt -4.0 -1.0
vt -3.0 -1.0
vt 1.0 2.0
vt 0.0 2.0
vt 0.0 0.0
vt 1.0 0.0
vt 3.0 1.0
vt 0.0 1.0
vt 0.0 0.0
vt 3.0 0.0
vt 1.0 1.0
vt 0.0 1.0
vt 0.0 0.0
vt 1.0 0.0
vt -3.0 0.0
vt -4.0 0.0
vt -4.0 -0.5
vt -3.0 -0.5
vt 0.5 -0.5
vt 0.0 -0.5
vt 0.0 -1.0
vt 0.5 -1.0
vt 0.5 -1.0
vt 1.0 -1.0
vt 1.0 -0.5
vt 0.5 -0.5
vt 0.0 -1.0
vt 0.5 -1.0
vt 0.5 -0.5
vt 0.0 -0.5
vt 0.5 1.0
vt 0.0 1.0
vt 0.0 0.5
vt 0.5 0.5
vt 1.0 1.0
vt 0.5 1.0
vt 0.5 0.5
vt 1.0 0.5
vt 2.0 1.0
vt 0.0 1.0
vt 0.0 0.0
vt 2.0 0.0
vt 0.0 0.0
vt 0.5 0.0
vt 0.5 0.5
vt 0.0 0.5
vt 0.5 0.5
vt 1.0 0.5
vt 1.0 1.0
vt 0.5 1.0
vt 1.0 0.5
vt 0.5 0.5
vt 0.5 0.0
vt 1.0 0.0
vt 0.5 0.5
vt 0.0 0.5
vt 0.0 0.0
vt 0.5 0.0
vt -3.0 -0.5
vt -4.0 -0.5
vt -4.0 -1.0
vt -3.0 -1.0
vt 1.0 1.0
vt 0.0 1.0
vt 0.0 0.0
vt 1.0 0.0
vt 1.0 1.0
vt 0.0 1.0
vt 0.0 0.0
vt 1.0 0.0
vt -3.0 0.0
vt -4.0 0.0
vt -4.0 -0.5
vt -3.0 -0.5
vt 1.0 -0.5
vt 0.5 -0.5
vt 0.5 -1.0
vt 1.0 -1.0
vt 1.0 2.0
vt 0.5 2.0
vt 0.5 1.0
vt 1.0 1.0
vt 0.5 0.0
vt 0.0 0.0
vt 0.0 -0.5
vt 0.5 -0.5
vt 0.5 -1.0
vt 1.0 -1.0
vt 1.0 -0.5
vt 0.5 -0.5
vt 1.0 -1.0
vt 1.0 -0.5
vt 0.5 -0.5
vt 0.5 -1.0
vt 0.5 -0.5
vt 0.0 -0.5
vt 0.0 -1.0
vt 0.5 -1.0
vt 1.0 0.0
vt 0.5 0.0
vt 0.5 -0.5
vt 1.0 -0.5
vt 1.0 -0.5
vt 1.0 0.0
vt 0.5 0.0
vt 0.5 -0.5
vt 1.0 2.0
vt 0.5 2.0
vt 0.5 1.0
vt 1.0 1.0
vt -3.0 -0.5
vt -4.0 -0.5
vt -4.0 -1.0
vt -3.0 -1.0
vt 1.5 1.0
vt 1.0 1.0
vt 1.0 0.5
vt 1.5 0.5
vt 0.0 -0.5
vt 0.5 -0.5
vt 0.5 -1.0
vt 0.0 -1.0
vt 0.5 -0.5
vt 0.0 -0.5
vt 0.0 -1.0
vt 0.5 -1.0
vt 0.0 0.0
vt 0.5 0.0
vt 0.5 -0.5
vt 0.0 -0.5
vt -3.0 0.0
vt -4.0 0.0
vt -4.0 -0.5
vt -3.0 -0.5
vt 1.0 -0.5
vt 0.5 -0.5
vt 0.5 -1.0
vt 1.0 -1.0
vt 1.0 2.0
vt 0.5 2.0
vt 0.5 1.0
vt 1.0 1.0
vt 1.0 2.0
vt 0.5 2.0
vt 0.5 1.0
vt 1.0 1.0
vt 0.0 -1.0
vt -1.0 -1.0
vt -1.0 -2.0
vt 0.0 -2.0
vt 0.0 0.0
vt 0.0 -1.0
vt -1.0 -1.0
vt -1.0 0.0
vt 0.0 0.0
vt -1.0 0.0
vt -1.0 -1.0
vt 0.0 -1.0
vt 0.0 -2.0
vt 0.0 -1.0
vt -1.0 -1.0
vt -1.0 -2.0
vt 0.0 -1.0
vt -1.0 -1.0
vt -1.0 -2.0
vt 0.0 -2.0
vt 0.0 0.0
vt 0.0 -1.0
vt -1.0 -1.0
vt -1.0 0.0
vt 0.0 0.0
vt -1.0 0.0
vt -1.0 -1.0
vt 0.0 -1.0
vt 0.0 -2.0
vt 0.0 -1.0
vt -1.0 -1.0
vt -1.0 -2.0
vt 0.5 -0.5
vt 0.0 -0.5
vt 0.0 -1.0
vt 0.5 -1.0
vt 0.5 8.0
vt 0.0 8.0
vt 0.0 0.0
vt 0.5 0.0
vt 0.5 0.0
vt 0.0 0.0
vt 0.0 -0.5
vt 0.5 -0.5
vt 0.5 -0.5
vt 0.0 -0.5
vt 0.0 -1.0
vt 0.5 -1.0
vt 0.5 8.0
vt 0.0 8.0
vt 0.0 0.0
vt 0.5 0.0
vt 0.5 0.0
vt 0.0 0.0
vt 0.0 -0.5
vt 0.5 -0.5
vt -24.0 -0.5
vt -32.0 -0.5
vt -32.0 -1.0
vt -24.0 -1.0
vt 5.0 8.0
vt 0.0 8.0
vt 0.0 0.0
vt 5.0 0.0
vt 1.0 -0.5
vt 0.5 -0.5
vt 0.5 -1.0
vt 1.0 -1.0
vt 0.5 0.0
vt 0.0 0.0
vt 0.0 -0.5
vt 0.5 -0.5
vt 0.0 0.0
vt 0.0 -0.5
vt 0.5 -0.5
vt 0.5 0.0
vt 0.5 3.0
vt 0.0 3.0
vt 0.0 0.0
vt 0.5 0.0
vt 1.0 0.0
vt 0.5 0.0
vt 0.5 -0.5
vt 1.0 -0.5
vt 0.0 -1.0
vt 0.5 -1.0
vt 0.5 -0.5
vt 0.0 -0.5
vt 0.0 -0.5
vt 0.0 -1.0
vt 0.5 -1.0
vt 0.5 -0.5
vt 5.0 8.0
vt 0.0 8.0
vt 0.0 0.0
vt 5.0 0.0
vt -24.0 0.0
vt -32.0 0.0
vt -32.0 -0.5
vt -24.0 -0.5
vt 3.0 5.0
vt 0.0 5.0
vt 0.0 0.0
vt 3.0 0.0
vt 0.5 -0.5
vt 0.0 -0.5
vt 0.0 -1.0
vt 0.5 -1.0
vt 1.0 0.0
vt 0.5 0.0
vt 0.5 -0.5
vt 1.0 -0.5
vt 1.0 -0.5
vt 1.0 0.0
vt 0.5 0.0
vt 0.5 -0.5
vt 1.0 6.0
vt 0.5 6.0
vt 0.5 3.0
vt 1.0 3.0
vt 0.5 0.0
vt 0.0 0.0
vt 0.0 -0.5
vt 0.5 -0.5
vt 0.5 -1.0
vt 1.0 -1.0
vt 1.0 -0.5
vt 0.5 -0.5
vt 1.0 -1.0
vt 1.0 -0.5
vt 0.5 -0.5
vt 0.5 -1.0
vt 3.0 5.0
vt 0.0 5.0
vt 0.0 0.0
vt 3.0 0.0
vt 0.5 -0.5
vt 0.0 -0.5
vt 0.0 -1.0
vt 0.5 -1.0
vt 1.0 0.0
vt 0.5 0.0
vt 0.5 -0.5
vt 1.0 -0.5
vt 1.0 -0.5
vt 1.0 0.0
vt 0.5 0.0
vt 0.5 -0.5
vt 1.0 4.0
vt 0.5 4.0
vt 0.5 2.0
vt 1.0 2.0
vt 1.0 -0.5
vt 0.5 -0.5
vt 0.5 -1.0
vt 1.0 -1.0
vt 1.0 4.0
vt 0.5 4.0
vt 0.5 2.0
vt 1.0 2.0
vt 0.5 0.0
vt 0.0 0.0
vt 0.0 -0.5
vt 0.5 -0.5
vt 0.5 -1.0
vt 1.0 -1.0
vt 1.0 -0.5
vt 0.5 -0.5
vt 1.0 -1.0
vt 1.0 -0.5
vt 0.5 -0.5
vt 0.5 -1.0
vt 3.0 5.0
vt 0.0 5.0
vt 0.0 0.0
vt 3.0 0.0
vt -6.0 0.0
vt -8.0 0.0
vt -8.0 -0.5
vt -6.0 -0.5
vt 0.5 -0.5
vt 0.0 -0.5
vt 0.0 -1.0
vt 0.5 -1.0
vt -6.0 -0.5
vt -8.0 -0.5
vt -8.0 -1.0
vt -6.0 -1.0
vt 1.0 -0.5
vt 0.5 -0.5
vt 0.5 -1.0
vt 1.0 -1.0
vt 0.5 0.0
vt 0.0 0.0
vt 0.0 -0.5
vt 0.5 -0.5
vt 0.5 -1.0
vt 1.0 -1.0
vt 1.0 -0.5
vt 0.5 -0.5
vt 1.0 -1.0
vt 1.0 -0.5
vt 0.5 -0.5
vt 0.5 -1.0
vt 8.0 3.0
vt 0.0 3.0
vt 0.0 0.0
vt 8.0 0.0
vt 0.5 -0.5
vt 0.0 -0.5
vt 0.0 -1.0
vt 0.5 -1.0
vt 1.0 0.0
vt 0.5 0.0
vt 0.5 -0.5
vt 1.0 -0.5
vt 1.0 -0.5
vt 1.0 0.0
vt 0.5 0.0
vt 0.5 -0.5
vt 1.0 -0.5
vt 0.5 -0.5
vt 0.5 -1.0
vt 1.0 -1.0
vt 0.5 0.0
vt 0.0 0.0
vt 0.0 -0.5
vt 0.5 -0.5
vt 0.5 -1.0
vt 1.0 -1.0
vt 1.0 -0.5
vt 0.5 -0.5
vt 1.0 -1.0
vt 1.0 -0.5
vt 0.5 -0.5
vt 0.5 -1.0
vt 8.0 3.0
vt 0.0 3.0
vt 0.0 0.0
vt 8.0 0.0
vt 0.5 -0.5
vt 0.0 -0.5
vt 0.0 -1.0
vt 0.5 -1.0
vt 1.0 0.0
vt 0.5 0.0
vt 0.5 -0.5
vt 1.0 -0.5
vt 1.0 -0.5
vt 1.0 0.0
vt 0.5 0.0
vt 0.5 -0.5
vt 1.0 0.0
vt 0.5 0.0
vt 0.5 -0.5
vt 1.0 -0.5
vt -9.0 -0.5
vt -12.0 -0.5
vt -12.0 -1.0
vt -9.0 -1.0
vt -9.0 0.0
vt -12.0 0.0
vt -12.0 -0.5
vt -9.0 -0.5
vt -9.0 -0.5
vt -12.0 -0.5
vt -12.0 -1.0
vt -9.0 -1.0
vt -9.0 0.0
vt -12.0 0.0
vt -12.0 -0.5
vt -9.0 -0.5
vt 1.0 -0.5
vt 0.5 -0.5
vt 0.5 -1.0
vt 1.0 -1.0
vt 0.5 -0.5
vt 0.0 -0.5
vt 0.0 -1.0
vt 0.5 -1.0
vt 1.0 0.0
vt 0.5 0.0
vt 0.5 -0.5
vt 1.0 -0.5
vt 0.0 -1.0
vt 0.5 -1.0
vt 0.5 -0.5
vt 0.0 -0.5
vt 0.0 -0.5
vt 0.0 -1.0
vt 0.5 -1.0
vt 0.5 -0.5
vt 1.0 -0.5
vt 0.5 -0.5
vt 0.5 -1.0
vt 1.0 -1.0
vt 0.5 0.0
vt 0.0 0.0
vt 0.0 -0.5
vt 0.5 -0.5
vt 0.0 0.0
vt 0.0 -0.5
vt 0.5 -0.5
vt 0.5 0.0
vt 0.5 -0.5
vt 0.0 -0.5
vt 0.0 -1.0
vt 0.5 -1.0
vt 1.0 0.0
vt 0.5 0.0
vt 0.5 -0.5
vt 1.0 -0.5
vt 0.0 -1.0
vt 0.5 -1.0
vt 0.5 -0.5
vt 0.0 -0.5
vt 0.0 -0.5
vt 0.0 -1.0
vt 0.5 -1.0
vt 0.5 -0.5
vt 1.0 -0.5
vt 0.5 -0.5
vt 0.5 -1.0
vt 1.0 -1.0
vt 0.5 0.0
vt 0.0 0.0
vt 0.0 -0.5
vt 0.5 -0.5
vt 0.0 0.0
vt 0.0 -0.5
vt 0.5 -0.5
vt 0.5 0.0
vt 0.5 0.0
vt 0.0 0.0
vt 0.0 -0.5
vt 0.5 -0.5
vt -24.0 -0.5
vt -32.0 -0.5
vt -32.0 -1.0
vt -24.0 -1.0
vt 8.0 1.0
vt 0.0 1.0
vt 0.0 0.0
vt 8.0 0.0
vt 8.0 1.0
vt 0.0 1.0
vt 0.0 0.0
vt 8.0 0.0
vt -6.0 0.0
vt -8.0 0.0
vt -8.0 -0.5
vt -6.0 -0.5
vt -6.0 -0.5
vt -8.0 -0.5
vt -8.0 -1.0
vt -6.0 -1.0
vt 8.0 1.0
vt 0.0 1.0
vt 0.0 0.0
vt 8.0 0.0
vt 8.0 1.0
vt 0.0 1.0
vt 0.0 0.0
vt 8.0 0.0
vt -24.0 0.0
vt -32.0 0.0
vt -32.0 -0.5
vt -24.0 -0.5
vt 1.0 -0.5
vt 0.5 -0.5
vt 0.5 -1.0
vt 1.0 -1.0
vt 1.0 -0.5
vt 0.5 -0.5
vt 0.5 -1.0
vt 1.0 -1.0
vt 0.5 0.0
vt 0.0 0.0
vt 0.0 -0.5
vt 0.5 -0.5
vt 0.0 0.0
vt 0.0 -0.5
vt 0.5 -0.5
vt 0.5 0.0
vt 0.5 2.0
vt 0.0 2.0
vt 0.0 0.0
vt 0.5 0.0
vt 0.5 -0.5
vt 0.0 -0.5
vt 0.0 -1.0
vt 0.5 -1.0
vt 0.5 2.0
vt 0.0 2.0
vt 0.0 0.0
vt 0.5 0.0
vt 1.0 0.0
vt 0.5 0.0
vt 0.5 -0.5
vt 1.0 -0.5
vt 0.0 -1.0
vt 0.5 -1.0
vt 0.5 -0.5
vt 0.0 -0.5
vt 0.0 -0.5
vt 0.0 -1.0
vt 0.5 -1.0
vt 0.5 -0.5
vt 5.0 3.0
vt 0.0 3.0
vt 0.0 0.0
vt 5.0 0.0
vt 5.0 3.0
vt 0.0 3.0
vt 0.0 0.0
vt 5.0 0.0
vt 1.0 -0.5
vt 0.5 -0.5
vt 0.5 -1.0
vt 1.0 -1.0
vt 0.5 0.0
vt 0.0 0.0
vt 0.0 -0.5
vt 0.5 -0.5
vt 0.0 0.0
vt 0.0 -0.5
vt 0.5 -0.5
vt 0.5 0.0
vt 0.5 3.0
vt 0.0 3.0
vt 0.0 0.0
vt 0.5 0.0
vt 1.0 0.0
vt 0.5 0.0
vt 0.5 -0.5
vt 1.0 -0.5
vt 0.0 -1.0
vt 0.5 -1.0
vt 0.5 -0.5
vt 0.0 -0.5
vt 0.0 -0.5
vt 0.0 -1.0
vt 0.5 -1.0
vt 0.5 -0.5
vt 5.0 3.0
vt 0.0 3.0
vt 0.0 0.0
vt 5.0 0.0
vt 5.0 3.0
vt 0.0 3.0
vt 0.0 0.0
vt 5.0 0.0
vt 3.0 5.0
vt 0.0 5.0
vt 0.0 0.0
vt 3.0 0.0
vt 0.5 -0.5
vt 0.0 -0.5
vt 0.0 -1.0
vt 0.5 -1.0
vt 1.0 0.0
vt 0.5 0.0
vt 0.5 -0.5
vt 1.0 -0.5
vt 1.0 -0.5
vt 1.0 0.0
vt 0.5 0.0
vt 0.5 -0.5
vt 1.0 6.0
vt 0.5 6.0
vt 0.5 3.0
vt 1.0 3.0
vt 0.5 0.0
vt 0.0 0.0
vt 0.0 -0.5
vt 0.5 -0.5
vt 0.5 -1.0
vt 1.0 -1.0
vt 1.0 -0.5
vt 0.5 -0.5
vt 1.0 -1.0
vt 1.0 -0.5
vt 0.5 -0.5
vt 0.5 -1.0
vt 1.0 -0.5
vt 0.5 -0.5
vt 0.5 -1.0
vt 1.0 -1.0
vt 1.0 16.0
vt 0.5 16.0
vt 0.5 8.0
vt 1.0 8.0
vt 1.0 0.0
vt 0.5 0.0
vt 0.5 -0.5
vt 1.0 -0.5
vt 1.0 -0.5
vt 0.5 -0.5
vt 0.5 -1.0
vt 1.0 -1.0
vt 1.0 16.0
vt 0.5 16.0
vt 0.5 8.0
vt 1.0 8.0
vt 1.0 0.0
vt 0.5 0.0
vt 0.5 -0.5
vt 1.0 -0.5
vt 2.0 -2.0E-6
vt 0.0 -2.0E-6
vt 2.0 2.000002
vt 0.0 2.000002
vt 2.0 1.999998
vt 0.0 1.999998
vt 2.0 4.000002
vt 0.0 4.000002
vt 2.0 6.000002
vt 0.0 6.000002
vt 2.0 3.999998
vt 0.0 3.999998
vt 2.0 8.000002
vt 0.0 8.000002
vt 2.0 5.999998
vt 0.0 5.999998
vt 4.0 -2.0E-6
vt 2.0 -2.0E-6
vt 4.0 2.000002
vt 2.0 2.000002
vt 4.0 1.999998
vt 2.0 1.999998
vt 4.0 4.000002
vt 2.0 4.000002
vt 4.0 6.000002
vt 2.0 6.000002
vt 4.0 3.999998
vt 2.0 3.999998
vt 4.0 8.000002
vt 2.0 8.000002
vt 4.0 5.999998
vt 2.0 5.999998
vt 6.0 -2.0E-6
vt 4.0 -2.0E-6
vt 6.0 2.000002
vt 4.0 2.000002
vt 6.0 1.999998
vt 4.0 1.999998
vt 6.0 4.000002
vt 4.0 4.000002
vt 6.0 6.000002
vt 4.0 6.000002
vt 6.0 3.999998
vt 4.0 3.999998
vt 6.0 8.000002
vt 4.0 8.000002
vt 6.0 5.999998
vt 4.0 5.999998
vt 8.0 -2.0E-6
vt 6.0 -2.0E-6
vt 8.0 2.000002
vt 6.0 2.000002
vt 8.0 1.999998
vt 6.0 1.999998
vt 8.0 4.000002
vt 6.0 4.000002
vt 8.0 6.000002
vt 6.0 6.000002
vt 8.0 3.999998
vt 6.0 3.999998
vt 8.0 8.000002
vt 6.0 8.000002
vt 8.0 5.999998
vt 6.0 5.999998
vn -0.0 -0.0 1.0
vn -0.0 -0.0 1.0
vn -0.0 -0.0 1.0
vn -0.0 -0.0 1.0
vn -0.0 -0.0 1.0
vn -0.0 -0.0 1.0
vn -0.0 -0.0 1.0
vn -0.0 -0.0 1.0
vn -0.0 -0.0 1.0
vn -0.0 -0.0 1.0
vn -0.0 -0.0 1.0
vn -0.0 -0.0 1.0
vn -0.0 -0.0 1.0
vn -0.0 -0.0 1.0
vn -0.0 -0.0 1.0
vn -0.0 -0.0 1.0
vn -0.0 -0.0 1.0
vn -0.0 -0.0 1.0
vn -0.0 -0.0 1.0
vn -0.0 -0.0 1.0
vn -0.0 -0.0 1.0
vn -0.0 -0.0 1.0
vn -0.0 -0.0 1.0
vn -0.0 -0.0 1.0
vn -0.0 -0.0 1.0
vn -0.0 -0.0 1.0
vn -0.0 -0.0 1.0
vn -0.0 -0.0 1.0
vn -0.0 -0.0 1.0
vn -0.0 -0.0 1.0
vn -0.0 -0.0 1.0
vn -0.0 -0.0 1.0
vn -0.0 -0.0 1.0
vn -0.0 -0.0 1.0
vn -0.0 -0.0 1.0
vn -0.0 -0.0 1.0
vn -0.0 -0.0 1.0
vn -0.0 -0.0 1.0
vn -0.0 -0.0 1.0
vn -0.0 -0.0 1.0
vn -0.0 -0.0 1.0
vn -0.0 -0.0 1.0
vn -0.0 -0.0 1.0
vn -0.0 -0.0 1.0
vn -0.0 -0.0 1.0
vn -0.0 -0.0 1.0
vn -0.0 -0.0 1.0
vn -0.0 -0.0 1.0
vn -0.0 -0.0 1.0
vn -0.0 -0.0 1.0
vn -0.0 -0.0 1.0
vn -0.0 -0.0 1.0
vn -0.0 -0.0 1.0
vn -0.0 -0.0 1.0
vn -0.0 -0.0 1.0
vn -0.0 -0.0 1.0
vn -0.0 -0.0 1.0
vn -0.0 -0.0 1.0
vn -0.0 -0.0 1.0
vn -0.0 -0.0 1.0
vn -0.0 0.7071 0.7071
vn -0.0 0.5258 0.8506
vn 0.0 0.0 1.0
vn -0.0 0.426 0.9047
vn 0.0 0.0 1.0
vn -0.6948 -0.0644 0.7163
vn -0.6012 -0.2303 0.7652
vn -0.6426 -0.3262 0.6933
vn -0.3477 -0.5703 0.7442
vn -0.25 -0.5665 0.7852
vn -0.0567 -0.6961 0.7157
vn 0.0 0.0 1.0
vn -0.6425 -0.3262 0.6933
vn -0.0808 -0.1651 0.983
vn -0.0178 -0.2269 0.9738
vn -0.0558 -0.6983 0.7136
vn -0.3474 -0.5641 0.7491
vn -0.1819 -0.0679 0.981
vn -0.1788 -0.0657 0.9817
vn -0.5999 -0.2295 0.7665
vn -0.6978 -0.0672 0.7132
vn -0.7071 -0.0 0.7071
vn -0.5258 -0.0 0.8506
vn -0.0 0.0 1.0
vn -0.426 -0.0 0.9047
vn -0.6618 0.0 0.7497
vn 0.3162 -0.0 0.9487
vn 0.0 -0.0 1.0
vn 0.0 1.0 0.0
vn 0.0 -1.0 0.0
vn -0.7071 -0.0 0.7071
vn -0.5258 -0.0 0.8506
vn -0.0 0.0 1.0
vn -0.426 -0.0 0.9047
vn 0.0 -0.0 1.0
vn -0.0644 0.6948 0.7163
vn -0.2303 0.6012 0.7652
vn -0.3262 0.6426 0.6933
vn -0.5703 0.3477 0.7442
vn -0.5665 0.25 0.7852
vn -0.6961 0.0567 0.7157
vn 0.0 -0.0 1.0
vn -0.3262 0.6425 0.6933
vn -0.1651 0.0808 0.983
vn -0.2269 0.0178 0.9738
vn -0.6983 0.0558 0.7136
vn -0.5641 0.3474 0.7491
vn -0.0679 0.1819 0.981
vn -0.0657 0.1788 0.9817
vn -0.2295 0.5999 0.7665
vn -0.0672 0.6978 0.7132
vn 0.0 0.0 1.0
vn -1.0 0.0 -0.0
vn 1.0 0.0 0.0
vn 0.0 0.0 1.0
vn -0.6948 -0.0644 0.7163
vn -0.6012 -0.2303 0.7652
vn -0.6426 -0.3262 0.6933
vn -0.3477 -0.5703 0.7442
vn -0.25 -0.5665 0.7852
vn -0.0567 -0.6961 0.7157
vn 0.0 0.0 1.0
vn -0.6425 -0.3262 0.6933
vn -0.0808 -0.1651 0.983
vn -0.0178 -0.2269 0.9738
vn -0.0558 -0.6983 0.7136
vn -0.3474 -0.5641 0.7491
vn -0.1819 -0.0679 0.981
vn -0.1788 -0.0657 0.9817
vn -0.5999 -0.2295 0.7665
vn -0.6978 -0.0672 0.7132
vn -0.7071 -0.0 0.7071
vn -0.5258 -0.0 0.8506
vn -0.0 0.0 1.0
vn -0.426 -0.0 0.9047
vn 2.0E-4 -0.5259 0.8505
vn -0.3262 -0.6426 0.6934
vn -0.3865 -0.3865 0.8374
vn -0.4629 -0.4629 0.7559
vn -0.6426 -0.3262 0.6933
vn -0.6426 -0.3262 0.6934
vn -0.526 0.0 0.8505
vn -0.0 0.0 1.0
vn -0.5259 0.0 0.8505
vn 0.0 -0.526 0.8505
vn -0.5259 -2.0E-4 0.8505
vn -0.6426 0.3262 0.6934
vn -0.3865 0.3865 0.8374
vn -0.4629 0.4629 0.7559
vn -0.3262 0.6426 0.6933
vn -0.3262 0.6426 0.6934
vn 0.0 0.526 0.8505
vn 0.0 0.0 1.0
vn 0.0 0.5259 0.8505
vn -0.526 -0.0 0.8505
vn -0.7071 -0.0 0.7071
vn -0.5258 -0.0 0.8506
vn -0.0 0.0 1.0
vn -0.426 -0.0 0.9047
vn 0.0 -0.0 1.0
vn -0.0644 0.6948 0.7163
vn -0.2303 0.6012 0.7652
vn -0.3262 0.6426 0.6933
vn -0.5703 0.3477 0.7442
vn -0.5665 0.25 0.7852
vn -0.6961 0.0567 0.7157
vn 0.0 -0.0 1.0
vn -0.3262 0.6425 0.6933
vn -0.1651 0.0808 0.983
vn -0.2269 0.0178 0.9738
vn -0.6983 0.0558 0.7136
vn -0.5641 0.3474 0.7491
vn -0.0679 0.1819 0.981
vn -0.0657 0.1788 0.9817
vn -0.2295 0.5999 0.7665
vn -0.0672 0.6978 0.7132
vn -0.001383 0.006577 0.999977
vn -0.001383 0.006577 0.999977
vn -0.001383 0.006577 0.999977
vn -0.001383 0.006577 0.999977
vn -0.001383 0.006577 0.999977
vn -0.001383 0.006577 0.999977
vn -0.001383 0.006577 0.999977
vn -0.001383 0.006577 0.999977
vn -0.001383 0.006577 0.999977
vn -0.001383 0.006577 0.999977
vn -0.001383 0.006577 0.999977
vn -0.001383 0.006577 0.999977
vn -0.001383 0.006577 0.999977
vn -0.001383 0.006577 0.999977
vn -0.001383 0.006577 0.999977
vn -0.001383 0.006577 0.999977
vn -0.001383 0.006577 0.999977
vn -0.001383 0.006577 0.999977
vn -0.001383 0.006577 0.999977
vn -0.001383 0.006577 0.999977
vn 0.0 -0.7071 0.7071
vn 0.0 -0.5258 0.8506
vn -0.0 -0.0 1.0
vn 0.0 -0.426 0.9047
vn 0.0 0.0 1.0
vn -1.0 0.0 -0.0
vn 1.0 0.0 0.0
vn 0.0 0.0 1.0
vn -1.0 0.0 -0.0
vn 1.0 0.0 0.0
vn 0.0 0.0 1.0
vn -1.0 0.0 -0.0
vn 1.0 0.0 0.0
vn 0.0 0.0 1.0
vn -1.0 0.0 -0.0
vn 1.0 0.0 0.0
vn -0.0 0.7071 0.7071
vn -0.0 0.5258 0.8506
vn 0.0 0.0 1.0
vn -0.0 0.426 0.9047
vn -0.001383 0.006577 0.999977
vn -0.001383 0.006577 0.999977
vn -0.001383 0.006577 0.999977
vn -0.001383 0.006577 0.999977
vn -0.001383 0.006577 0.999977
vn -0.001383 0.006577 0.999977
vn -0.001383 0.006577 0.999977
vn -0.001383 0.006577 0.999977
vn -0.001383 0.006577 0.999977
vn -0.001383 0.006577 0.999977
vn -0.001383 0.006577 0.999977
vn -0.001383 0.006577 0.999977
vn -0.001383 0.006577 0.999977
vn -0.001383 0.006577 0.999977
vn -0.001383 0.006577 0.999977
vn -0.001383 0.006577 0.999977
vn -0.001383 0.006577 0.999977
vn -0.001383 0.006577 0.999977
vn -0.001383 0.006577 0.999977
vn -0.001383 0.006577 0.999977
vn 0.0 0.0 1.0
vn -1.0 0.0 -0.0
vn 1.0 0.0 0.0
vn -0.5259 -2.0E-4 0.8505
vn -0.6426 0.3262 0.6934
vn -0.3865 0.3865 0.8374
vn -0.4629 0.4629 0.7559
vn -0.3262 0.6426 0.6933
vn -0.3262 0.6426 0.6934
vn 0.0 0.526 0.8505
vn 0.0 0.0 1.0
vn 0.0 0.5259 0.8505
vn -0.526 -0.0 0.8505
vn -0.7071 -0.0 0.7071
vn -0.5258 -0.0 0.8506
vn -0.0 0.0 1.0
vn -0.426 -0.0 0.9047
vn 0.0 0.0 1.0
vn -1.0 0.0 -0.0
vn 1.0 0.0 0.0
vn -2.0E-4 0.5259 0.8505
vn 0.3262 0.6426 0.6934
vn 0.3865 0.3865 0.8374
vn 0.4629 0.4629 0.7559
vn 0.6426 0.3262 0.6933
vn 0.6426 0.3262 0.6934
vn 0.526 -0.0 0.8505
vn 0.0 -0.0 1.0
vn 0.5259 -0.0 0.8505
vn -0.0 0.526 0.8505
vn 0.7071 0.0 0.7071
vn 0.5258 0.0 0.8506
vn 0.0 -0.0 1.0
vn 0.426 0.0 0.9047
vn 0.0 0.0 1.0
vn -1.0 0.0 -0.0
vn 1.0 0.0 0.0
vn 0.0 0.0 1.0
vn -1.0 0.0 -0.0
vn 1.0 0.0 0.0
vn -0.0 0.7071 0.7071
vn -0.0 0.5258 0.8506
vn 0.0 0.0 1.0
vn -0.0 0.426 0.9047
vn 0.0 0.0 1.0
vn -1.0 0.0 -0.0
vn 1.0 0.0 0.0
vn 0.0 0.0 1.0
vn -0.6948 -0.0644 0.7163
vn -0.6012 -0.2303 0.7652
vn -0.6426 -0.3262 0.6933
vn -0.3477 -0.5703 0.7442
vn -0.25 -0.5665 0.7852
vn -0.0567 -0.6961 0.7157
vn 0.0 0.0 1.0
vn -0.6425 -0.3262 0.6933
vn -0.0808 -0.1651 0.983
vn -0.0178 -0.2269 0.9738
vn -0.0558 -0.6983 0.7136
vn -0.3474 -0.5641 0.7491
vn -0.1819 -0.0679 0.981
vn -0.1788 -0.0657 0.9817
vn -0.5999 -0.2295 0.7665
vn -0.6978 -0.0672 0.7132
vn -0.7071 -0.0 0.7071
vn -0.5258 -0.0 0.8506
vn -0.0 0.0 1.0
vn -0.426 -0.0 0.9047
vn -0.6618 0.0 0.7497
vn 0.3162 -0.0 0.9487
vn 0.0 -0.0 1.0
vn 0.0 1.0 0.0
vn 0.0 -1.0 0.0
vn -0.7071 -0.0 0.7071
vn -0.5258 -0.0 0.8506
vn -0.0 0.0 1.0
vn -0.426 -0.0 0.9047
vn 0.0 -0.0 1.0
vn -0.0644 0.6948 0.7163
vn -0.2303 0.6012 0.7652
vn -0.3262 0.6426 0.6933
vn -0.5703 0.3477 0.7442
vn -0.5665 0.25 0.7852
vn -0.6961 0.0567 0.7157
vn 0.0 -0.0 1.0
vn -0.3262 0.6425 0.6933
vn -0.1651 0.0808 0.983
vn -0.2269 0.0178 0.9738
vn -0.6983 0.0558 0.7136
vn -0.5641 0.3474 0.7491
vn -0.0679 0.1819 0.981
vn -0.0657 0.1788 0.9817
vn -0.2295 0.5999 0.7665
vn -0.0672 0.6978 0.7132
vn 0.0 -0.7071 0.7071
vn 0.0 -0.5258 0.8506
vn -0.0 -0.0 1.0
vn 0.0 -0.426 0.9047
vn 0.0 0.0 1.0
vn -1.0 0.0 -0.0
vn 1.0 0.0 0.0
vn 0.0 0.0 1.0
vn -1.0 0.0 -0.0
vn 1.0 0.0 0.0
vn -0.0 0.7071 0.7071
vn -0.0 0.5258 0.8506
vn 0.0 0.0 1.0
vn -0.0 0.426 0.9047
vn -0.001383 0.006577 0.999977
vn -0.001383 0.006577 0.999977
vn -0.001383 0.006577 0.999977
vn -0.001383 0.006577 0.999977
vn -0.001383 0.006577 0.999977
vn -0.001383 0.006577 0.999977
vn -0.001383 0.006577 0.999977
vn -0.001383 0.006577 0.999977
vn -0.001383 0.006577 0.999977
vn -0.001383 0.006577 0.999977
vn -0.001383 0.006577 0.999977
vn -0.001383 0.006577 0.999977
vn -0.001383 0.006577 0.999977
vn -0.001383 0.006577 0.999977
vn -0.001383 0.006577 0.999977
vn -0.001383 0.006577 0.999977
vn -0.001383 0.006577 0.999977
vn -0.001383 0.006577 0.999977
vn -0.001383 0.006577 0.999977
vn -0.001383 0.006577 0.999977
vn 0.0 0.0 1.0
vn -0.6948 -0.0644 0.7163
vn -0.6012 -0.2303 0.7652
vn -0.6426 -0.3262 0.6933
vn -0.3477 -0.5703 0.7442
vn -0.25 -0.5665 0.7852
vn -0.0567 -0.6961 0.7157
vn 0.0 0.0 1.0
vn -0.6425 -0.3262 0.6933
vn -0.0808 -0.1651 0.983
vn -0.0178 -0.2269 0.9738
vn -0.0558 -0.6983 0.7136
vn -0.3474 -0.5641 0.7491
vn -0.1819 -0.0679 0.981
vn -0.1788 -0.0657 0.9817
vn -0.5999 -0.2295 0.7665
vn -0.6978 -0.0672 0.7132
vn 2.0E-4 -0.5259 0.8505
vn -0.3262 -0.6426 0.6934
vn -0.3865 -0.3865 0.8374
vn -0.4629 -0.4629 0.7559
vn -0.6426 -0.3262 0.6933
vn -0.6426 -0.3262 0.6934
vn -0.526 0.0 0.8505
vn -0.0 0.0 1.0
vn -0.5259 0.0 0.8505
vn 0.0 -0.526 0.8505
vn -0.5259 -2.0E-4 0.8505
vn -0.6426 0.3262 0.6934
vn -0.3865 0.3865 0.8374
vn -0.4629 0.4629 0.7559
vn -0.3262 0.6426 0.6933
vn -0.3262 0.6426 0.6934
vn 0.0 0.526 0.8505
vn 0.0 0.0 1.0
vn 0.0 0.5259 0.8505
vn -0.526 -0.0 0.8505
vn 0.0 -0.0 1.0
vn -0.0644 0.6948 0.7163
vn -0.2303 0.6012 0.7652
vn -0.3262 0.6426 0.6933
vn -0.5703 0.3477 0.7442
vn -0.5665 0.25 0.7852
vn -0.6961 0.0567 0.7157
vn 0.0 -0.0 1.0
vn -0.3262 0.6425 0.6933
vn -0.1651 0.0808 0.983
vn -0.2269 0.0178 0.9738
vn -0.6983 0.0558 0.7136
vn -0.5641 0.3474 0.7491
vn -0.0679 0.1819 0.981
vn -0.0657 0.1788 0.9817
vn -0.2295 0.5999 0.7665
vn -0.0672 0.6978 0.7132
vn -0.5259 -2.0E-4 0.8505
vn -0.6426 0.3262 0.6934
vn -0.3865 0.3865 0.8374
vn -0.4629 0.4629 0.7559
vn -0.3262 0.6426 0.6933
vn -0.3262 0.6426 0.6934
vn 0.0 0.526 0.8505
vn 0.0 0.0 1.0
vn 0.0 0.5259 0.8505
vn -0.526 -0.0 0.8505
vn 0.0 -0.0 1.0
vn -0.0644 0.6948 0.7163
vn -0.2303 0.6012 0.7652
vn -0.3262 0.6426 0.6933
vn -0.5703 0.3477 0.7442
vn -0.5665 0.25 0.7852
vn -0.6961 0.0567 0.7157
vn 0.0 -0.0 1.0
vn -0.3262 0.6425 0.6933
vn -0.1651 0.0808 0.983
vn -0.2269 0.0178 0.9738
vn -0.6983 0.0558 0.7136
vn -0.5641 0.3474 0.7491
vn -0.0679 0.1819 0.981
vn -0.0657 0.1788 0.9817
vn -0.2295 0.5999 0.7665
vn -0.0672 0.6978 0.7132
vn 0.0 -0.7071 0.7071
vn 0.0 -0.5258 0.8506
vn -0.0 -0.0 1.0
vn 0.0 -0.426 0.9047
vn -0.0 0.7071 0.7071
vn -0.0 0.5258 0.8506
vn 0.0 0.0 1.0
vn -0.0 0.426 0.9047
vn -0.0 0.7071 0.7071
vn -0.0 0.5258 0.8506
vn 0.0 0.0 1.0
vn -0.0 0.426 0.9047
vn -0.0 -0.6618 0.7497
vn 0.0 0.3162 0.9487
vn 0.0 0.0 1.0
vn -1.0 0.0 0.0
vn 1.0 0.0 0.0
vn 0.0 0.0 1.0
vn -1.0 0.0 -0.0
vn 1.0 0.0 0.0
vn -0.0 -0.6618 0.7497
vn 0.0 0.3162 0.9487
vn 0.0 0.0 1.0
vn -1.0 0.0 0.0
vn 1.0 0.0 0.0
vn 0.0 0.0 1.0
vn -1.0 0.0 -0.0
vn 1.0 0.0 0.0
vn 0.0 0.6618 0.7497
vn -0.0 -0.3162 0.9487
vn -0.0 -0.0 1.0
vn 1.0 -0.0 0.0
vn -1.0 -0.0 0.0
vn 0.0 0.0 1.0
vn -1.0 0.0 -0.0
vn 1.0 0.0 0.0
vn 0.0 0.6618 0.7497
vn -0.0 -0.3162 0.9487
vn -0.0 -0.0 1.0
vn 1.0 -0.0 0.0
vn -1.0 -0.0 0.0
vn 0.0 0.6618 0.7497
vn -0.0 -0.3162 0.9487
vn -0.0 -0.0 1.0
vn 1.0 -0.0 0.0
vn -1.0 -0.0 0.0
vn 0.0 -0.7071 0.7071
vn 0.0 -0.5258 0.8506
vn -0.0 -0.0 1.0
vn 0.0 -0.426 0.9047
vn 0.0 -0.7071 0.7071
vn 0.0 -0.5258 0.8506
vn -0.0 -0.0 1.0
vn 0.0 -0.426 0.9047
vn 0.0 0.0 1.0
vn -1.0 0.0 -0.0
vn 1.0 0.0 0.0
vn 0.0 0.0 1.0
vn -1.0 0.0 -0.0
vn 1.0 0.0 0.0
vn -0.0 0.7071 0.7071
vn -0.0 0.5258 0.8506
vn 0.0 0.0 1.0
vn -0.0 0.426 0.9047
vn -0.0 0.7071 0.7071
vn -0.0 0.5258 0.8506
vn 0.0 0.0 1.0
vn -0.0 0.426 0.9047
vn -0.0 0.7071 0.7071
vn -0.0 0.5258 0.8506
vn 0.0 0.0 1.0
vn -0.0 0.426 0.9047
vn -0.0 0.0 1.0
vn 0.0644 -0.6948 0.7163
vn 0.2303 -0.6012 0.7652
vn 0.3262 -0.6426 0.6933
vn 0.5703 -0.3477 0.7442
vn 0.5665 -0.25 0.7852
vn 0.6961 -0.0567 0.7157
vn -0.0 0.0 1.0
vn 0.3262 -0.6425 0.6933
vn 0.1651 -0.0808 0.983
vn 0.2269 -0.0178 0.9738
vn 0.6983 -0.0558 0.7136
vn 0.5641 -0.3474 0.7491
vn 0.0679 -0.1819 0.981
vn 0.0657 -0.1788 0.9817
vn 0.2295 -0.5999 0.7665
vn 0.0672 -0.6978 0.7132
vn 0.5259 2.0E-4 0.8505
vn 0.6426 -0.3262 0.6934
vn 0.3865 -0.3865 0.8374
vn 0.4629 -0.4629 0.7559
vn 0.3262 -0.6426 0.6933
vn 0.3262 -0.6426 0.6934
vn -0.0 -0.526 0.8505
vn -0.0 -0.0 1.0
vn -0.0 -0.5259 0.8505
vn 0.526 0.0 0.8505
vn -2.0E-4 0.5259 0.8505
vn 0.3262 0.6426 0.6934
vn 0.3865 0.3865 0.8374
vn 0.4629 0.4629 0.7559
vn 0.6426 0.3262 0.6933
vn 0.6426 0.3262 0.6934
vn 0.526 -0.0 0.8505
vn 0.0 -0.0 1.0
vn 0.5259 -0.0 0.8505
vn -0.0 0.526 0.8505
vn -0.0 -0.0 1.0
vn 0.6948 0.0644 0.7163
vn 0.6012 0.2303 0.7652
vn 0.6426 0.3262 0.6933
vn 0.3477 0.5703 0.7442
vn 0.25 0.5665 0.7852
vn 0.0567 0.6961 0.7157
vn -0.0 -0.0 1.0
vn 0.6425 0.3262 0.6933
vn 0.0808 0.1651 0.983
vn 0.0178 0.2269 0.9738
vn 0.0558 0.6983 0.7136
vn 0.3474 0.5641 0.7491
vn 0.1819 0.0679 0.981
vn 0.1788 0.0657 0.9817
vn 0.5999 0.2295 0.7665
vn 0.6978 0.0672 0.7132
vn -0.001383 0.006577 0.999977
vn -0.001383 0.006577 0.999977
vn -0.001383 0.006577 0.999977
vn -0.001383 0.006577 0.999977
vn -0.001383 0.006577 0.999977
vn -0.001383 0.006577 0.999977
vn -0.001383 0.006577 0.999977
vn -0.001383 0.006577 0.999977
vn -0.001383 0.006577 0.999977
vn -0.001383 0.006577 0.999977
vn -0.001383 0.006577 0.999977
vn -0.001383 0.006577 0.999977
vn -0.001383 0.006577 0.999977
vn -0.001383 0.006577 0.999977
vn -0.001383 0.006577 0.999977
vn -0.001383 0.006577 0.999977
vn -0.001383 0.006577 0.999977
vn -0.001383 0.006577 0.999977
vn -0.001383 0.006577 0.999977
vn -0.001383 0.006577 0.999977
vn -2.0E-4 0.5259 0.8505
vn 0.3262 0.6426 0.6934
vn 0.3865 0.3865 0.8374
vn 0.4629 0.4629 0.7559
vn 0.6426 0.3262 0.6933
vn 0.6426 0.3262 0.6934
vn 0.526 -0.0 0.8505
vn 0.0 -0.0 1.0
vn 0.5259 -0.0 0.8505
vn -0.0 0.526 0.8505
vn -0.0 -0.0 1.0
vn 0.6948 0.0644 0.7163
vn 0.6012 0.2303 0.7652
vn 0.6426 0.3262 0.6933
vn 0.3477 0.5703 0.7442
vn 0.25 0.5665 0.7852
vn 0.0567 0.6961 0.7157
vn -0.0 -0.0 1.0
vn 0.6425 0.3262 0.6933
vn 0.0808 0.1651 0.983
vn 0.0178 0.2269 0.9738
vn 0.0558 0.6983 0.7136
vn 0.3474 0.5641 0.7491
vn 0.1819 0.0679 0.981
vn 0.1788 0.0657 0.9817
vn 0.5999 0.2295 0.7665
vn 0.6978 0.0672 0.7132
vn 0.0 -0.7071 0.7071
vn 0.0 -0.5258 0.8506
vn -0.0 -0.0 1.0
vn 0.0 -0.426 0.9047
vn 0.0 0.0 1.0
vn -1.0 0.0 -0.0
vn 1.0 0.0 0.0
vn 0.0 0.0 1.0
vn -1.0 0.0 -0.0
vn 1.0 0.0 0.0
vn -0.0 0.7071 0.7071
vn -0.0 0.5258 0.8506
vn 0.0 0.0 1.0
vn -0.0 0.426 0.9047
vn -0.0 0.7071 0.7071
vn -0.0 0.5258 0.8506
vn 0.0 0.0 1.0
vn -0.0 0.426 0.9047
vn 0.0 0.0 1.0
vn -1.0 0.0 -0.0
vn 1.0 0.0 0.0
vn -0.0 0.0 1.0
vn 0.0644 -0.6948 0.7163
vn 0.2303 -0.6012 0.7652
vn 0.3262 -0.6426 0.6933
vn 0.5703 -0.3477 0.7442
vn 0.5665 -0.25 0.7852
vn 0.6961 -0.0567 0.7157
vn -0.0 0.0 1.0
vn 0.3262 -0.6425 0.6933
vn 0.1651 -0.0808 0.983
vn 0.2269 -0.0178 0.9738
vn 0.6983 -0.0558 0.7136
vn 0.5641 -0.3474 0.7491
vn 0.0679 -0.1819 0.981
vn 0.0657 -0.1788 0.9817
vn 0.2295 -0.5999 0.7665
vn 0.0672 -0.6978 0.7132
vn 0.7071 0.0 0.7071
vn 0.5258 0.0 0.8506
vn 0.0 -0.0 1.0
vn 0.426 0.0 0.9047
vn 0.6618 -0.0 0.7497
vn -0.3162 0.0 0.9487
vn -0.0 0.0 1.0
vn -0.0 -1.0 0.0
vn -0.0 1.0 0.0
vn 0.7071 0.0 0.7071
vn 0.5258 0.0 0.8506
vn 0.0 -0.0 1.0
vn 0.426 0.0 0.9047
vn -0.0 -0.0 1.0
vn 0.6948 0.0644 0.7163
vn 0.6012 0.2303 0.7652
vn 0.6426 0.3262 0.6933
vn 0.3477 0.5703 0.7442
vn 0.25 0.5665 0.7852
vn 0.0567 0.6961 0.7157
vn -0.0 -0.0 1.0
vn 0.6425 0.3262 0.6933
vn 0.0808 0.1651 0.983
vn 0.0178 0.2269 0.9738
vn 0.0558 0.6983 0.7136
vn 0.3474 0.5641 0.7491
vn 0.1819 0.0679 0.981
vn 0.1788 0.0657 0.9817
vn 0.5999 0.2295 0.7665
vn 0.6978 0.0672 0.7132
vn 0.0 0.0 1.0
vn -1.0 0.0 -0.0
vn 1.0 0.0 0.0
vn 0.0 0.0 1.0
vn -1.0 0.0 -0.0
vn 1.0 0.0 0.0
vn 0.0 0.0 1.0
vn -1.0 0.0 -0.0
vn 1.0 0.0 0.0
vn 0.0 0.0 1.0
vn -1.0 0.0 -0.0
vn 1.0 0.0 0.0
vn -0.5259 -2.0E-4 0.8505
vn -0.6426 0.3262 0.6934
vn -0.3865 0.3865 0.8374
vn -0.4629 0.4629 0.7559
vn -0.3262 0.6426 0.6933
vn -0.3262 0.6426 0.6934
vn 0.0 0.526 0.8505
vn 0.0 0.0 1.0
vn 0.0 0.5259 0.8505
vn -0.526 -0.0 0.8505
vn -0.7071 -0.0 0.7071
vn -0.5258 -0.0 0.8506
vn -0.0 0.0 1.0
vn -0.426 -0.0 0.9047
vn 0.0 0.0 1.0
vn -1.0 0.0 -0.0
vn 1.0 0.0 0.0
vn 0.0 0.0 1.0
vn -1.0 0.0 -0.0
vn 1.0 0.0 0.0
vn -0.001383 0.006577 0.999977
vn -0.001383 0.006577 0.999977
vn -0.001383 0.006577 0.999977
vn -0.001383 0.006577 0.999977
vn -0.001383 0.006577 0.999977
vn -0.001383 0.006577 0.999977
vn -0.001383 0.006577 0.999977
vn -0.001383 0.006577 0.999977
vn -0.001383 0.006577 0.999977
vn -0.001383 0.006577 0.999977
vn -0.001383 0.006577 0.999977
vn -0.001383 0.006577 0.999977
vn -0.001383 0.006577 0.999977
vn -0.001383 0.006577 0.999977
vn -0.001383 0.006577 0.999977
vn -0.001383 0.006577 0.999977
vn -0.001383 0.006577 0.999977
vn -0.001383 0.006577 0.999977
vn -0.001383 0.006577 0.999977
vn -0.001383 0.006577 0.999977
vn -0.001383 0.006577 0.999977
vn -0.001383 0.006577 0.999977
vn -0.001383 0.006577 0.999977
vn -0.001383 0.006577 0.999977
vn -0.001383 0.006577 0.999977
vn -0.001383 0.006577 0.999977
vn -0.001383 0.006577 0.999977
vn -0.001383 0.006577 0.999977
vn -0.001383 0.006577 0.999977
vn -0.001383 0.006577 0.999977
vn -0.001383 0.006577 0.999977
vn -0.001383 0.006577 0.999977
vn -0.001383 0.006577 0.999977
vn -0.001383 0.006577 0.999977
vn -0.001383 0.006577 0.999977
vn -0.001383 0.006577 0.999977
vn -0.001383 0.006577 0.999977
vn -0.001383 0.006577 0.999977
vn -0.001383 0.006577 0.999977
vn -0.001383 0.006577 0.999977
vn -2.0E-4 0.5259 0.8505
vn 0.3262 0.6426 0.6934
vn 0.3865 0.3865 0.8374
vn 0.4629 0.4629 0.7559
vn 0.6426 0.3262 0.6933
vn 0.6426 0.3262 0.6934
vn 0.526 -0.0 0.8505
vn 0.0 -0.0 1.0
vn 0.5259 -0.0 0.8505
vn -0.0 0.526 0.8505
vn 0.7071 0.0 0.7071
vn 0.5258 0.0 0.8506
vn 0.0 -0.0 1.0
vn 0.426 0.0 0.9047
vn -0.0 0.7071 0.7071
vn -0.0 0.5258 0.8506
vn 0.0 0.0 1.0
vn -0.0 0.426 0.9047
vn 0.0 0.0 1.0
vn -1.0 0.0 -0.0
vn 1.0 0.0 0.0
vn -0.0 0.0 1.0
vn 0.0644 -0.6948 0.7163
vn 0.2303 -0.6012 0.7652
vn 0.3262 -0.6426 0.6933
vn 0.5703 -0.3477 0.7442
vn 0.5665 -0.25 0.7852
vn 0.6961 -0.0567 0.7157
vn -0.0 0.0 1.0
vn 0.3262 -0.6425 0.6933
vn 0.1651 -0.0808 0.983
vn 0.2269 -0.0178 0.9738
vn 0.6983 -0.0558 0.7136
vn 0.5641 -0.3474 0.7491
vn 0.0679 -0.1819 0.981
vn 0.0657 -0.1788 0.9817
vn 0.2295 -0.5999 0.7665
vn 0.0672 -0.6978 0.7132
vn 0.7071 0.0 0.7071
vn 0.5258 0.0 0.8506
vn 0.0 -0.0 1.0
vn 0.426 0.0 0.9047
vn 0.5259 2.0E-4 0.8505
vn 0.6426 -0.3262 0.6934
vn 0.3865 -0.3865 0.8374
vn 0.4629 -0.4629 0.7559
vn 0.3262 -0.6426 0.6933
vn 0.3262 -0.6426 0.6934
vn -0.0 -0.526 0.8505
vn -0.0 -0.0 1.0
vn -0.0 -0.5259 0.8505
vn 0.526 0.0 0.8505
vn -2.0E-4 0.5259 0.8505
vn 0.3262 0.6426 0.6934
vn 0.3865 0.3865 0.8374
vn 0.4629 0.4629 0.7559
vn 0.6426 0.3262 0.6933
vn 0.6426 0.3262 0.6934
vn 0.526 -0.0 0.8505
vn 0.0 -0.0 1.0
vn 0.5259 -0.0 0.8505
vn -0.0 0.526 0.8505
vn 0.7071 0.0 0.7071
vn 0.5258 0.0 0.8506
vn 0.0 -0.0 1.0
vn 0.426 0.0 0.9047
vn -0.0 -0.0 1.0
vn 0.6948 0.0644 0.7163
vn 0.6012 0.2303 0.7652
vn 0.6426 0.3262 0.6933
vn 0.3477 0.5703 0.7442
vn 0.25 0.5665 0.7852
vn 0.0567 0.6961 0.7157
vn -0.0 -0.0 1.0
vn 0.6425 0.3262 0.6933
vn 0.0808 0.1651 0.983
vn 0.0178 0.2269 0.9738
vn 0.0558 0.6983 0.7136
vn 0.3474 0.5641 0.7491
vn 0.1819 0.0679 0.981
vn 0.1788 0.0657 0.9817
vn 0.5999 0.2295 0.7665
vn 0.6978 0.0672 0.7132
vn -0.0 0.0 1.0
vn 0.0644 -0.6948 0.7163
vn 0.2303 -0.6012 0.7652
vn 0.3262 -0.6426 0.6933
vn 0.5703 -0.3477 0.7442
vn 0.5665 -0.25 0.7852
vn 0.6961 -0.0567 0.7157
vn -0.0 0.0 1.0
vn 0.3262 -0.6425 0.6933
vn 0.1651 -0.0808 0.983
vn 0.2269 -0.0178 0.9738
vn 0.6983 -0.0558 0.7136
vn 0.5641 -0.3474 0.7491
vn 0.0679 -0.1819 0.981
vn 0.0657 -0.1788 0.9817
vn 0.2295 -0.5999 0.7665
vn 0.0672 -0.6978 0.7132
vn 0.7071 0.0 0.7071
vn 0.5258 0.0 0.8506
vn 0.0 -0.0 1.0
vn 0.426 0.0 0.9047
vn 0.6618 -0.0 0.7497
vn -0.3162 0.0 0.9487
vn -0.0 0.0 1.0
vn -0.0 -1.0 0.0
vn -0.0 1.0 0.0
vn 0.7071 0.0 0.7071
vn 0.5258 0.0 0.8506
vn 0.0 -0.0 1.0
vn 0.426 0.0 0.9047
vn -0.0 -0.0 1.0
vn 0.6948 0.0644 0.7163
vn 0.6012 0.2303 0.7652
vn 0.6426 0.3262 0.6933
vn 0.3477 0.5703 0.7442
vn 0.25 0.5665 0.7852
vn 0.0567 0.6961 0.7157
vn -0.0 -0.0 1.0
vn 0.6425 0.3262 0.6933
vn 0.0808 0.1651 0.983
vn 0.0178 0.2269 0.9738
vn 0.0558 0.6983 0.7136
vn 0.3474 0.5641 0.7491
vn 0.1819 0.0679 0.981
vn 0.1788 0.0657 0.9817
vn 0.5999 0.2295 0.7665
vn 0.6978 0.0672 0.7132
vn -0.001383 0.006577 0.999977
vn -0.001383 0.006577 0.999977
vn -0.001383 0.006577 0.999977
vn -0.001383 0.006577 0.999977
vn -0.001383 0.006577 0.999977
vn -0.001383 0.006577 0.999977
vn -0.001383 0.006577 0.999977
vn -0.001383 0.006577 0.999977
vn -0.001383 0.006577 0.999977
vn -0.001383 0.006577 0.999977
vn -0.001383 0.006577 0.999977
vn -0.001383 0.006577 0.999977
vn -0.001383 0.006577 0.999977
vn -0.001383 0.006577 0.999977
vn -0.001383 0.006577 0.999977
vn -0.001383 0.006577 0.999977
vn -0.001383 0.006577 0.999977
vn -0.001383 0.006577 0.999977
vn -0.001383 0.006577 0.999977
vn -0.001383 0.006577 0.999977
vn 0.0 0.0 1.0
vn -1.0 0.0 -0.0
vn 1.0 0.0 0.0
vn 0.0 0.0 1.0
vn -1.0 0.0 -0.0
vn 1.0 0.0 0.0
vn -0.001383 0.006577 0.999977
vn -0.001383 0.006577 0.999977
vn -0.001383 0.006577 0.999977
vn -0.001383 0.006577 0.999977
vn -0.001383 0.006577 0.999977
vn -0.001383 0.006577 0.999977
vn -0.001383 0.006577 0.999977
vn -0.001383 0.006577 0.999977
vn -0.001383 0.006577 0.999977
vn -0.001383 0.006577 0.999977
vn -0.001383 0.006577 0.999977
vn -0.001383 0.006577 0.999977
vn -0.001383 0.006577 0.999977
vn -0.001383 0.006577 0.999977
vn -0.001383 0.006577 0.999977
vn -0.001383 0.006577 0.999977
vn -0.001383 0.006577 0.999977
vn -0.001383 0.006577 0.999977
vn -0.001383 0.006577 0.999977
vn -0.001383 0.006577 0.999977
vn 0.0 0.0 1.0
vn -1.0 0.0 -0.0
vn 1.0 0.0 0.0
vn -0.001383 0.006577 0.999977
vn -0.001383 0.006577 0.999977
vn -0.001383 0.006577 0.999977
vn -0.001383 0.006577 0.999977
vn -0.001383 0.006577 0.999977
vn -0.001383 0.006577 0.999977
vn -0.001383 0.006577 0.999977
vn -0.001383 0.006577 0.999977
vn -0.001383 0.006577 0.999977
vn -0.001383 0.006577 0.999977
vn -0.001383 0.006577 0.999977
vn -0.001383 0.006577 0.999977
vn -0.001383 0.006577 0.999977
vn -0.001383 0.006577 0.999977
vn -0.001383 0.006577 0.999977
vn -0.001383 0.006577 0.999977
vn -0.001383 0.006577 0.999977
vn -0.001383 0.006577 0.999977
vn -0.001383 0.006577 0.999977
vn -0.001383 0.006577 0.999977
vn -0.001383 0.006577 0.999977
vn -0.001383 0.006577 0.999977
vn -0.001383 0.006577 0.999977
vn -0.001383 0.006577 0.999977
vn -0.001383 0.006577 0.999977
vn -0.001383 0.006577 0.999977
vn -0.001383 0.006577 0.999977
vn -0.001383 0.006577 0.999977
vn -0.001383 0.006577 0.999977
vn -0.001383 0.006577 0.999977
vn -0.001383 0.006577 0.999977
vn -0.001383 0.006577 0.999977
vn -0.001383 0.006577 0.999977
vn -0.001383 0.006577 0.999977
vn -0.001383 0.006577 0.999977
vn -0.001383 0.006577 0.999977
vn -0.001383 0.006577 0.999977
vn -0.001383 0.006577 0.999977
vn -0.001383 0.006577 0.999977
vn -0.001383 0.006577 0.999977
vn 0.7071 0.0 0.7071
vn 0.5258 0.0 0.8506
vn 0.0 -0.0 1.0
vn 0.426 0.0 0.9047
vn 0.5259 2.0E-4 0.8505
vn 0.6426 -0.3262 0.6934
vn 0.3865 -0.3865 0.8374
vn 0.4629 -0.4629 0.7559
vn 0.3262 -0.6426 0.6933
vn 0.3262 -0.6426 0.6934
vn -0.0 -0.526 0.8505
vn -0.0 -0.0 1.0
vn -0.0 -0.5259 0.8505
vn 0.526 0.0 0.8505
vn -2.0E-4 0.5259 0.8505
vn 0.3262 0.6426 0.6934
vn 0.3865 0.3865 0.8374
vn 0.4629 0.4629 0.7559
vn 0.6426 0.3262 0.6933
vn 0.6426 0.3262 0.6934
vn 0.526 -0.0 0.8505
vn 0.0 -0.0 1.0
vn 0.5259 -0.0 0.8505
vn -0.0 0.526 0.8505
vn 0.7071 0.0 0.7071
vn 0.5258 0.0 0.8506
vn 0.0 -0.0 1.0
vn 0.426 0.0 0.9047
vn -0.0 -0.0 1.0
vn 0.6948 0.0644 0.7163
vn 0.6012 0.2303 0.7652
vn 0.6426 0.3262 0.6933
vn 0.3477 0.5703 0.7442
vn 0.25 0.5665 0.7852
vn 0.0567 0.6961 0.7157
vn -0.0 -0.0 1.0
vn 0.6425 0.3262 0.6933
vn 0.0808 0.1651 0.983
vn 0.0178 0.2269 0.9738
vn 0.0558 0.6983 0.7136
vn 0.3474 0.5641 0.7491
vn 0.1819 0.0679 0.981
vn 0.1788 0.0657 0.9817
vn 0.5999 0.2295 0.7665
vn 0.6978 0.0672 0.7132
vn 0.0 0.0 1.0
vn -1.0 0.0 -0.0
vn 1.0 0.0 0.0
vn 0.0 -0.7071 0.7071
vn 0.0 -0.5258 0.8506
vn -0.0 -0.0 1.0
vn 0.0 -0.426 0.9047
vn -2.0E-4 0.5259 0.8505
vn 0.3262 0.6426 0.6934
vn 0.3865 0.3865 0.8374
vn 0.4629 0.4629 0.7559
vn 0.6426 0.3262 0.6933
vn 0.6426 0.3262 0.6934
vn 0.526 -0.0 0.8505
vn 0.0 -0.0 1.0
vn 0.5259 -0.0 0.8505
vn -0.0 0.526 0.8505
vn 0.7071 0.0 0.7071
vn 0.5258 0.0 0.8506
vn 0.0 -0.0 1.0
vn 0.426 0.0 0.9047
vn 0.5259 2.0E-4 0.8505
vn 0.6426 -0.3262 0.6934
vn 0.3865 -0.3865 0.8374
vn 0.4629 -0.4629 0.7559
vn 0.3262 -0.6426 0.6933
vn 0.3262 -0.6426 0.6934
vn -0.0 -0.526 0.8505
vn -0.0 -0.0 1.0
vn -0.0 -0.5259 0.8505
vn 0.526 0.0 0.8505
vn -2.0E-4 0.5259 0.8505
vn 0.3262 0.6426 0.6934
vn 0.3865 0.3865 0.8374
vn 0.4629 0.4629 0.7559
vn 0.6426 0.3262 0.6933
vn 0.6426 0.3262 0.6934
vn 0.526 -0.0 0.8505
vn 0.0 -0.0 1.0
vn 0.5259 -0.0 0.8505
vn -0.0 0.526 0.8505
vn 0.7071 0.0 0.7071
vn 0.5258 0.0 0.8506
vn 0.0 -0.0 1.0
vn 0.426 0.0 0.9047
vn 0.5259 2.0E-4 0.8505
vn 0.6426 -0.3262 0.6934
vn 0.3865 -0.3865 0.8374
vn 0.4629 -0.4629 0.7559
vn 0.3262 -0.6426 0.6933
vn 0.3262 -0.6426 0.6934
vn -0.0 -0.526 0.8505
vn -0.0 -0.0 1.0
vn -0.0 -0.5259 0.8505
vn 0.526 0.0 0.8505
vn -0.0 0.7071 0.7071
vn -0.0 0.5258 0.8506
vn 0.0 0.0 1.0
vn -0.0 0.426 0.9047
vn 0.0 0.0 1.0
vn -1.0 0.0 -0.0
vn 1.0 0.0 0.0
vn 0.0 0.0 1.0
vn -1.0 0.0 -0.0
vn 1.0 0.0 0.0
vn 0.0 0.0 1.0
vn -1.0 0.0 -0.0
vn 1.0 0.0 0.0
vn -0.0 0.7071 0.7071
vn -0.0 0.5258 0.8506
vn 0.0 0.0 1.0
vn -0.0 0.426 0.9047
vn 0.0 0.0 1.0
vn -1.0 0.0 -0.0
vn 1.0 0.0 0.0
vn -0.0 0.0 1.0
vn 0.0644 -0.6948 0.7163
vn 0.2303 -0.6012 0.7652
vn 0.3262 -0.6426 0.6933
vn 0.5703 -0.3477 0.7442
vn 0.5665 -0.25 0.7852
vn 0.6961 -0.0567 0.7157
vn -0.0 0.0 1.0
vn 0.3262 -0.6425 0.6933
vn 0.1651 -0.0808 0.983
vn 0.2269 -0.0178 0.9738
vn 0.6983 -0.0558 0.7136
vn 0.5641 -0.3474 0.7491
vn 0.0679 -0.1819 0.981
vn 0.0657 -0.1788 0.9817
vn 0.2295 -0.5999 0.7665
vn 0.0672 -0.6978 0.7132
vn 0.7071 0.0 0.7071
vn 0.5258 0.0 0.8506
vn 0.0 -0.0 1.0
vn 0.426 0.0 0.9047
vn 0.6618 -0.0 0.7497
vn -0.3162 0.0 0.9487
vn -0.0 0.0 1.0
vn -0.0 -1.0 0.0
vn -0.0 1.0 0.0
vn 0.7071 0.0 0.7071
vn 0.5258 0.0 0.8506
vn 0.0 -0.0 1.0
vn 0.426 0.0 0.9047
vn -0.0 -0.0 1.0
vn 0.6948 0.0644 0.7163
vn 0.6012 0.2303 0.7652
vn 0.6426 0.3262 0.6933
vn 0.3477 0.5703 0.7442
vn 0.25 0.5665 0.7852
vn 0.0567 0.6961 0.7157
vn -0.0 -0.0 1.0
vn 0.6425 0.3262 0.6933
vn 0.0808 0.1651 0.983
vn 0.0178 0.2269 0.9738
vn 0.0558 0.6983 0.7136
vn 0.3474 0.5641 0.7491
vn 0.1819 0.0679 0.981
vn 0.1788 0.0657 0.9817
vn 0.5999 0.2295 0.7665
vn 0.6978 0.0672 0.7132
vn 0.0 0.0 1.0
vn -1.0 0.0 -0.0
vn 1.0 0.0 0.0
vn 0.0 -0.7071 0.7071
vn 0.0 -0.5258 0.8506
vn -0.0 -0.0 1.0
vn 0.0 -0.426 0.9047
vn -0.0 0.0 1.0
vn 0.0644 -0.6948 0.7163
vn 0.2303 -0.6012 0.7652
vn 0.3262 -0.6426 0.6933
vn 0.5703 -0.3477 0.7442
vn 0.5665 -0.25 0.7852
vn 0.6961 -0.0567 0.7157
vn -0.0 0.0 1.0
vn 0.3262 -0.6425 0.6933
vn 0.1651 -0.0808 0.983
vn 0.2269 -0.0178 0.9738
vn 0.6983 -0.0558 0.7136
vn 0.5641 -0.3474 0.7491
vn 0.0679 -0.1819 0.981
vn 0.0657 -0.1788 0.9817
vn 0.2295 -0.5999 0.7665
vn 0.0672 -0.6978 0.7132
vn 0.7071 0.0 0.7071
vn 0.5258 0.0 0.8506
vn 0.0 -0.0 1.0
vn 0.426 0.0 0.9047
vn -0.0 -0.0 1.0
vn 0.6948 0.0644 0.7163
vn 0.6012 0.2303 0.7652
vn 0.6426 0.3262 0.6933
vn 0.3477 0.5703 0.7442
vn 0.25 0.5665 0.7852
vn 0.0567 0.6961 0.7157
vn -0.0 -0.0 1.0
vn 0.6425 0.3262 0.6933
vn 0.0808 0.1651 0.983
vn 0.0178 0.2269 0.9738
vn 0.0558 0.6983 0.7136
vn 0.3474 0.5641 0.7491
vn 0.1819 0.0679 0.981
vn 0.1788 0.0657 0.9817
vn 0.5999 0.2295 0.7665
vn 0.6978 0.0672 0.7132
vn -0.0 0.0 1.0
vn 0.0644 -0.6948 0.7163
vn 0.2303 -0.6012 0.7652
vn 0.3262 -0.6426 0.6933
vn 0.5703 -0.3477 0.7442
vn 0.5665 -0.25 0.7852
vn 0.6961 -0.0567 0.7157
vn -0.0 0.0 1.0
vn 0.3262 -0.6425 0.6933
vn 0.1651 -0.0808 0.983
vn 0.2269 -0.0178 0.9738
vn 0.6983 -0.0558 0.7136
vn 0.5641 -0.3474 0.7491
vn 0.0679 -0.1819 0.981
vn 0.0657 -0.1788 0.9817
vn 0.2295 -0.5999 0.7665
vn 0.0672 -0.6978 0.7132
vn 0.7071 0.0 0.7071
vn 0.5258 0.0 0.8506
vn 0.0 -0.0 1.0
vn 0.426 0.0 0.9047
vn -0.0 -0.0 1.0
vn 0.6948 0.0644 0.7163
vn 0.6012 0.2303 0.7652
vn 0.6426 0.3262 0.6933
vn 0.3477 0.5703 0.7442
vn 0.25 0.5665 0.7852
vn 0.0567 0.6961 0.7157
vn -0.0 -0.0 1.0
vn 0.6425 0.3262 0.6933
vn 0.0808 0.1651 0.983
vn 0.0178 0.2269 0.9738
vn 0.0558 0.6983 0.7136
vn 0.3474 0.5641 0.7491
vn 0.1819 0.0679 0.981
vn 0.1788 0.0657 0.9817
vn 0.5999 0.2295 0.7665
vn 0.6978 0.0672 0.7132
vn 0.0 0.0 1.0
vn 0.0 0.0 1.0
vn 0.0 0.0 1.0
vn 0.0 0.0 1.0
vn 0.0 0.0 1.0
vn 0.0 0.0 1.0
vn 0.0 0.0 1.0
vn 0.0 0.0 1.0
vn 0.0 0.0 1.0
vn 0.0 0.0 1.0
vn 0.0 0.0 1.0
vn 0.0 0.0 1.0
vn 0.0 0.0 1.0
vn 0.0 0.0 1.0
vn 0.0 0.0 1.0
vn 0.0 0.0 1.0
vn 0.0 0.0 1.0
vn 0.0 0.0 1.0
vn 0.0 0.0 1.0
vn 0.0 0.0 1.0
vn 0.0 0.0 1.0
vn 0.0 0.0 1.0
vn 0.0 0.0 1.0
vn 0.0 0.0 1.0
vn 0.0 0.0 1.0
vn 0.0 0.0 1.0
vn 0.0 0.0 1.0
vn 0.0 -0.0 1.0
vn 0.0 0.0 1.0
vn 0.0 -0.0 1.0
vn 0.0 0.0 1.0
vn 0.0 0.0 1.0
vn 0.0 0.0 1.0
vn 0.0 0.0 1.0
vn 0.0 0.0 1.0
vn 0.0 -0.0 1.0
vn 0.0 0.0 1.0
vn 0.0 0.0 1.0
vn 0.0 0.0 1.0
vn -1.0 0.0 -0.0
vn 1.0 0.0 0.0
vn 0.0 0.0 1.0
vn -1.0 0.0 -0.0
vn 1.0 0.0 0.0
vn 0.0 0.0 1.0
vn 0.0 0.0 1.0
vn 0.0 0.0 1.0
vn 0.0 0.0 1.0
vn 0.0 0.0 1.0
vn 0.0 0.0 1.0
vn 0.0 0.0 1.0
vn 0.0 0.0 1.0
vn 0.0 0.0 1.0
vn 0.0 0.0 1.0
vn 0.0 0.0 1.0
vn 0.0 0.0 1.0
vn 0.0 0.0 1.0
vn 0.0 0.0 1.0
vn 0.0 0.0 1.0
vn 0.0 0.0 1.0
vn 0.0 -0.0 1.0
vn 0.0 0.0 1.0
vn 0.0 0.0 1.0
vn 0.0 0.0 1.0
vn 0.0 -0.0 1.0
vn 0.0 0.0 1.0
vn 0.0 -0.0 1.0
vn 0.0 0.0 1.0
vn 0.0 0.0 1.0
vn 0.0 0.0 1.0
vn 0.0 0.0 1.0
vn 0.0 -0.0 1.0
vn 0.0 -0.0 1.0
vn 0.0 0.0 1.0
vn 0.0 0.0 1.0
vn 0.0 -0.0 1.0
vn 0.0 -0.0 1.0
vn 0.0 0.0 1.0
vn 0.0 0.0 1.0
vn 0.0 0.0 1.0
vn 0.0 0.0 1.0
vn 0.0 0.0 1.0
vn 0.0 0.0 1.0
vn 0.0 0.0 1.0
vn 0.0 -0.0 1.0
vn 0.0 0.0 1.0
vn 0.0 0.0 1.0
vn 0.0 0.0 1.0
vn 0.0 0.0 1.0
vn 0.0 0.0 1.0
vn 0.0 0.0 1.0
vn 0.0 0.0 1.0
vn 0.0 0.0 1.0
vn 0.0 0.0 1.0
vn 0.0 0.0 1.0
vn 0.0 0.0 1.0
vn 0.0 0.0 1.0
vn 0.0 0.0 1.0
vn 0.0 0.0 1.0
vn 0.0 0.0 1.0
vn 0.0 -0.0 1.0
vn 0.0 0.0 1.0
vn 0.0 0.0 1.0
vn 0.0 0.0 1.0
vn 0.0 0.0 1.0
vn 0.0 0.0 1.0
vn 0.0 0.0 1.0
vn 0.0 0.0 1.0
vn 0.0 0.0 1.0
vn 0.0 0.0 1.0
vn 0.0 0.0 1.0
vn 0.0 0.0 1.0
vn 0.0 0.0 1.0
vn 0.0 0.0 1.0
vn 0.0 0.0 1.0
vn 0.0 0.0 1.0
vn 0.0 -0.0 1.0
vn 0.0 -0.0 1.0
vn 0.0 0.0 1.0
vn 0.0 0.0 1.0
vn 0.0 -0.0 1.0
vn 0.0 0.0 1.0
vn 0.0 0.0 1.0
vn 0.0 -0.0 1.0
vn 0.0 -0.0 1.0
vn 0.0 -0.0 1.0
vn 0.0 -0.0 1.0
vn 0.0 -0.0 1.0
vn 0.0 -0.0 1.0
vn 0.0 -0.0 1.0
vn 0.0 -0.0 1.0
vn 0.0 -0.0 1.0
vn 0.0 -0.0 1.0
vn 0.0 -0.0 1.0
vn 0.0 -0.0 1.0
vn 0.0 -0.0 1.0
vn 0.0 -0.0 1.0
vn 0.0 -0.0 1.0
vn 0.0 -0.0 1.0
c 1.0 1.0 1.0
c 1.0 1.0 1.0
c 1.0 1.0 1.0
c 1.0 1.0 1.0
c 1.0 1.0 1.0
c 1.0 1.0 1.0
c 1.0 1.0 1.0
c 1.0 1.0 1.0
c 1.0 1.0 1.0
c 1.0 1.0 1.0
c 1.0 1.0 1.0
c 1.0 1.0 1.0
c 1.0 1.0 1.0
c 1.0 1.0 1.0
c 1.0 1.0 1.0
c 1.0 1.0 1.0
c 1.0 1.0 1.0
c 1.0 1.0 1.0
c 1.0 1.0 1.0
c 1.0 1.0 1.0
c 1.0 1.0 1.0
c 1.0 1.0 1.0
c 1.0 1.0 1.0
c 1.0 1.0 1.0
c 1.0 1.0 1.0
c 1.0 1.0 1.0
c 1.0 1.0 1.0
c 1.0 1.0 1.0
c 1.0 1.0 1.0
c 1.0 1.0 1.0
c 1.0 1.0 1.0
c 1.0 1.0 1.0
c 1.0 1.0 1.0
c 1.0 1.0 1.0
c 1.0 1.0 1.0
c 1.0 1.0 1.0
c 1.0 1.0 1.0
c 1.0 1.0 1.0
c 1.0 1.0 1.0
c 1.0 1.0 1.0
c 1.0 1.0 1.0
c 1.0 1.0 1.0
c 1.0 1.0 1.0
c 1.0 1.0 1.0
c 1.0 1.0 1.0
c 1.0 1.0 1.0
c 1.0 1.0 1.0
c 1.0 1.0 1.0
c 1.0 1.0 1.0
c 1.0 1.0 1.0
c 1.0 1.0 1.0
c 1.0 1.0 1.0
c 1.0 1.0 1.0
c 1.0 1.0 1.0
c 1.0 1.0 1.0
c 1.0 1.0 1.0
c 1.0 1.0 1.0
c 1.0 1.0 1.0
c 1.0 1.0 1.0
c 1.0 1.0 1.0
c 1.0 1.0 1.0
c 1.0 1.0 1.0
c 1.0 1.0 1.0
c 1.0 1.0 1.0
c 1.0 1.0 1.0
c 1.0 1.0 1.0
c 1.0 1.0 1.0
c 1.0 1.0 1.0
c 1.0 1.0 1.0
c 1.0 1.0 1.0
c 1.0 1.0 1.0
c 1.0 1.0 1.0
c 1.0 1.0 1.0
c 1.0 1.0 1.0
c 1.0 1.0 1.0
c 1.0 1.0 1.0
c 1.0 1.0 1.0
c 1.0 1.0 1.0
c 1.0 1.0 1.0
c 1.0 1.0 1.0
c 1.0 1.0 1.0
c 1.0 1.0 1.0
c 1.0 1.0 1.0
c 1.0 1.0 1.0
c 1.0 1.0 1.0
c 1.0 1.0 1.0
c 1.0 1.0 1.0
c 1.0 1.0 1.0
c 1.0 1.0 1.0
c 1.0 1.0 1.0
c 1.0 1.0 1.0
c 1.0 1.0 1.0
c 1.0 1.0 1.0
c 1.0 1.0 1.0
c 1.0 1.0 1.0
c 1.0 1.0 1.0
c 1.0 1.0 1.0
c 1.0 1.0 1.0
c 1.0 1.0 1.0
c 1.0 1.0 1.0
c 1.0 1.0 1.0
c 1.0 1.0 1.0
c 1.0 1.0 1.0
c 1.0 1.0 1.0
c 1.0 1.0 1.0
c 1.0 1.0 1.0
c 1.0 1.0 1.0
c 1.0 1.0 1.0
c 1.0 1.0 1.0
c 1.0 1.0 1.0
c 1.0 1.0 1.0
c 1.0 1.0 1.0
c 1.0 1.0 1.0
c 1.0 1.0 1.0
c 1.0 1.0 1.0
c 1.0 1.0 1.0
c 1.0 1.0 1.0
c 1.0 1.0 1.0
c 1.0 1.0 1.0
c 1.0 1.0 1.0
c 1.0 1.0 1.0
c 1.0 1.0 1.0
c 1.0 1.0 1.0
c 1.0 1.0 1.0
c 1.0 1.0 1.0
c 1.0 1.0 1.0
c 1.0 1.0 1.0
c 1.0 1.0 1.0
c 1.0 1.0 1.0
c 1.0 1.0 1.0
c 1.0 1.0 1.0
c 1.0 1.0 1.0
c 1.0 1.0 1.0
c 1.0 1.0 1.0
c 1.0 1.0 1.0
c 1.0 1.0 1.0
c 1.0 1.0 1.0
c 1.0 1.0 1.0
c 1.0 1.0 1.0
c 1.0 1.0 1.0
c 1.0 1.0 1.0
c 1.0 1.0 1.0
c 1.0 1.0 1.0
c 1.0 1.0 1.0
c 1.0 1.0 1.0
c 1.0 1.0 1.0
c 1.0 1.0 1.0
c 1.0 1.0 1.0
c 1.0 1.0 1.0
c 1.0 1.0 1.0
c 1.0 1.0 1.0
c 1.0 1.0 1.0
c 1.0 1.0 1.0
c 1.0 1.0 1.0
c 1.0 1.0 1.0
c 1.0 1.0 1.0
c 1.0 1.0 1.0
c 1.0 1.0 1.0
c 1.0 1.0 1.0
c 1.0 1.0 1.0
c 1.0 1.0 1.0
c 1.0 1.0 1.0
c 1.0 1.0 1.0
c 1.0 1.0 1.0
c 1.0 1.0 1.0
c 1.0 1.0 1.0
c 1.0 1.0 1.0
c 1.0 1.0 1.0
c 1.0 1.0 1.0
c 1.0 1.0 1.0
c 1.0 1.0 1.0
c 1.0 1.0 1.0
c 1.0 1.0 1.0
c 1.0 1.0 1.0
c 1.0 1.0 1.0
c 1.0 1.0 1.0
c 1.0 1.0 1.0
c 1.0 1.0 1.0
c 1.0 1.0 1.0
c 1.0 1.0 1.0
c 1.0 1.0 1.0
c 1.0 1.0 1.0
c 1.0 1.0 1.0
c 1.0 1.0 1.0
c 1.0 1.0 1.0
c 1.0 1.0 1.0
c 1.0 1.0 1.0
c 1.0 1.0 1.0
c 1.0 1.0 1.0
c 1.0 1.0 1.0
c 1.0 1.0 1.0
c 1.0 1.0 1.0
c 1.0 1.0 1.0
c 1.0 1.0 1.0
c 1.0 1.0 1.0
c 1.0 1.0 1.0
c 1.0 1.0 1.0
c 1.0 1.0 1.0
c 1.0 1.0 1.0
c 1.0 1.0 1.0
c 1.0 1.0 1.0
c 1.0 1.0 1.0
c 1.0 1.0 1.0
c 1.0 1.0 1.0
c 1.0 1.0 1.0
c 1.0 1.0 1.0
c 1.0 1.0 1.0
c 1.0 1.0 1.0
c 1.0 1.0 1.0
c 1.0 1.0 1.0
c 1.0 1.0 1.0
c 1.0 1.0 1.0
c 1.0 1.0 1.0
c 1.0 1.0 1.0
c 1.0 1.0 1.0
c 1.0 1.0 1.0
c 1.0 1.0 1.0
c 1.0 1.0 1.0
c 1.0 1.0 1.0
c 1.0 1.0 1.0
c 1.0 1.0 1.0
c 1.0 1.0 1.0
c 1.0 1.0 1.0
c 1.0 1.0 1.0
c 1.0 1.0 1.0
c 1.0 1.0 1.0
c 1.0 1.0 1.0
c 1.0 1.0 1.0
c 1.0 1.0 1.0
c 1.0 1.0 1.0
c 1.0 1.0 1.0
c 1.0 1.0 1.0
c 1.0 1.0 1.0
c 1.0 1.0 1.0
c 1.0 1.0 1.0
c 1.0 1.0 1.0
c 1.0 1.0 1.0
c 1.0 1.0 1.0
c 1.0 1.0 1.0
c 1.0 1.0 1.0
c 1.0 1.0 1.0
c 1.0 1.0 1.0
c 1.0 1.0 1.0
c 1.0 1.0 1.0
c 1.0 1.0 1.0
c 1.0 1.0 1.0
c 1.0 1.0 1.0
c 1.0 1.0 1.0
c 1.0 1.0 1.0
c 1.0 1.0 1.0
c 1.0 1.0 1.0
c 1.0 1.0 1.0
c 1.0 1.0 1.0
c 1.0 1.0 1.0
c 1.0 1.0 1.0
c 1.0 1.0 1.0
c 1.0 1.0 1.0
c 1.0 1.0 1.0
c 1.0 1.0 1.0
c 1.0 1.0 1.0
c 1.0 1.0 1.0
c 1.0 1.0 1.0
c 1.0 1.0 1.0
c 1.0 1.0 1.0
c 1.0 1.0 1.0
c 1.0 1.0 1.0
c 1.0 1.0 1.0
c 1.0 1.0 1.0
c 1.0 1.0 1.0
c 1.0 1.0 1.0
c 1.0 1.0 1.0
c 1.0 1.0 1.0
c 1.0 1.0 1.0
c 1.0 1.0 1.0
c 1.0 1.0 1.0
c 1.0 1.0 1.0
c 1.0 1.0 1.0
c 1.0 1.0 1.0
c 1.0 1.0 1.0
c 1.0 1.0 1.0
c 1.0 1.0 1.0
c 1.0 1.0 1.0
c 1.0 1.0 1.0
c 1.0 1.0 1.0
c 1.0 1.0 1.0
c 1.0 1.0 1.0
c 1.0 1.0 1.0
c 1.0 1.0 1.0
c 1.0 1.0 1.0
c 1.0 1.0 1.0
c 1.0 1.0 1.0
c 1.0 1.0 1.0
c 1.0 1.0 1.0
c 1.0 1.0 1.0
c 1.0 1.0 1.0
c 1.0 1.0 1.0
c 1.0 1.0 1.0
c 1.0 1.0 1.0
c 1.0 1.0 1.0
c 1.0 1.0 1.0
c 1.0 1.0 1.0
c 1.0 1.0 1.0
c 1.0 1.0 1.0
c 1.0 1.0 1.0
c 1.0 1.0 1.0
c 1.0 1.0 1.0
c 1.0 1.0 1.0
c 1.0 1.0 1.0
c 1.0 1.0 1.0
c 1.0 1.0 1.0
c 1.0 1.0 1.0
c 1.0 1.0 1.0
c 1.0 1.0 1.0
c 1.0 1.0 1.0
c 1.0 1.0 1.0
c 1.0 1.0 1.0
c 1.0 1.0 1.0
c 1.0 1.0 1.0
c 1.0 1.0 1.0
c 1.0 1.0 1.0
c 1.0 1.0 1.0
c 1.0 1.0 1.0
c 1.0 1.0 1.0
c 1.0 1.0 1.0
c 1.0 1.0 1.0
c 1.0 1.0 1.0
c 1.0 1.0 1.0
c 1.0 1.0 1.0
c 1.0 1.0 1.0
c 1.0 1.0 1.0
c 1.0 1.0 1.0
c 1.0 1.0 1.0
c 1.0 1.0 1.0
c 1.0 1.0 1.0
c 1.0 1.0 1.0
c 1.0 1.0 1.0
c 1.0 1.0 1.0
c 1.0 1.0 1.0
c 1.0 1.0 1.0
c 1.0 1.0 1.0
c 1.0 1.0 1.0
c 1.0 1.0 1.0
usemtl sea_mizu1_1
s off
f 3607/3607/1351/327 3608/3609/1351/327 3609/3610/1351/327 3610/3608/1351/327
f 3611/3611/1352/328 3612/3613/1352/328 3613/3614/1352/328 3614/3612/1352/328
f 3615/3617/1353/329 3616/3615/1353/329 3617/3616/1353/329 3618/3618/1353/329
f 3619/3621/1354/330 3620/3619/1354/330 3621/3620/1354/330 3622/3622/1354/330
f 3623/3623/1355/331 3624/3625/1355/331 3625/3626/1355/331 3626/3624/1355/331
f 3627/3627/1356/332 3628/3629/1356/332 3629/3630/1356/332 3630/3628/1356/332
f 3631/3633/1357/333 3632/3631/1357/333 3633/3632/1357/333 3634/3634/1357/333
f 3635/3637/1358/334 3636/3635/1358/334 3637/3636/1358/334 3638/3638/1358/334
f 3639/3639/1359/335 3640/3641/1359/335 3641/3642/1359/335 3642/3640/1359/335
f 3643/3643/1360/336 3644/3645/1360/336 3645/3646/1360/336 3646/3644/1360/336
f 3647/3649/1361/337 3648/3647/1361/337 3649/3648/1361/337 3650/3650/1361/337
f 3651/3653/1362/338 3652/3651/1362/338 3653/3652/1362/338 3654/3654/1362/338
f 3655/3655/1363/339 3656/3657/1363/339 3657/3658/1363/339 3658/3656/1363/339
f 3659/3659/1364/340 3660/3661/1364/340 3661/3662/1364/340 3662/3660/1364/340
f 3663/3665/1365/341 3664/3663/1365/341 3665/3664/1365/341 3666/3666/1365/341
f 3667/3669/1366/342 3668/3667/1366/342 3669/3668/1366/342 3670/3670/1366/342
usemtl ki02c
s off
f 359/359/112/67 360/360/112/67 361/361/112/67 362/362/112/67
f 483/483/181/74 484/484/182/74 486/485/184/74 485/486/183/74
f 509/509/201/76 510/510/201/76 511/511/201/76 512/512/201/76
f 525/525/204/77 526/526/204/77 527/527/204/77 528/528/204/77
f 541/541/207/78 542/542/207/78 543/543/207/78 544/544/207/78
f 557/557/210/79 558/558/210/79 559/559/210/79 560/560/210/79
f 587/587/221/81 588/588/222/81 590/589/224/81 589/590/223/81
f 603/603/237/82 604/604/237/82 605/605/237/82 606/606/237/82
f 649/649/254/85 650/650/254/85 651/651/254/85 652/652/254/85
f 695/695/271/88 696/696/271/88 697/697/271/88 698/698/271/88
f 711/711/274/89 712/712/274/89 713/713/274/89 714/714/274/89
f 737/737/281/91 738/738/281/91 739/739/281/91 740/740/281/91
f 871/871/335/98 872/872/335/98 873/873/335/98 874/874/335/98
f 887/887/338/99 888/888/338/99 889/889/338/99 890/890/338/99
f 917/917/349/101 918/918/350/101 920/919/352/101 919/920/351/101
f 1133/1133/463/112 1134/1134/463/112 1135/1135/463/112 1136/1136/463/112
f 1193/1193/471/114 1194/1194/471/114 1195/1195/471/114 1196/1196/471/114
f 1253/1253/479/116 1254/1254/479/116 1255/1255/479/116 1256/1256/479/116
f 1377/1377/500/121 1378/1378/500/121 1379/1379/500/121 1380/1380/500/121
f 1393/1393/503/122 1394/1394/503/122 1395/1395/503/122 1396/1396/503/122
f 1527/1527/576/130 1528/1528/577/130 1530/1529/579/130 1529/1530/578/130
f 1595/1595/623/134 1596/1596/623/134 1597/1597/623/134 1598/1598/623/134
f 1611/1611/626/135 1612/1612/626/135 1613/1613/626/135 1614/1614/626/135
f 1647/1647/637/138 1648/1648/637/138 1649/1649/637/138 1650/1650/637/138
f 1771/1771/687/144 1772/1772/687/144 1773/1773/687/144 1774/1774/687/144
f 1787/1787/690/145 1788/1788/690/145 1789/1789/690/145 1790/1790/690/145
f 1803/1803/693/146 1804/1804/693/146 1805/1805/693/146 1806/1806/693/146
f 1819/1819/696/147 1820/1820/696/147 1821/1821/696/147 1822/1822/696/147
f 1865/1865/713/150 1866/1866/713/150 1867/1867/713/150 1868/1868/713/150
f 1881/1881/716/151 1882/1882/716/151 1883/1883/716/151 1884/1884/716/151
f 1901/1901/723/152 1902/1902/724/152 1904/1903/726/152 1903/1904/725/152
f 1921/1921/743/153 1922/1922/744/153 1924/1923/746/153 1923/1924/745/153
f 1977/1977/777/157 1978/1978/777/157 1979/1979/777/157 1980/1980/777/157
f 2209/2209/893/169 2210/2210/894/169 2212/2211/896/169 2211/2212/895/169
f 2225/2225/909/170 2226/2226/909/170 2227/2227/909/170 2228/2228/909/170
f 2241/2241/912/171 2242/2242/912/171 2243/2243/912/171 2244/2244/912/171
f 2261/2261/919/172 2262/2262/920/172 2264/2263/922/172 2263/2264/921/172
f 2277/2277/935/173 2278/2278/935/173 2279/2279/935/173 2280/2280/935/173
f 2297/2297/942/174 2298/2298/943/174 2300/2299/945/174 2299/2300/944/174
f 2317/2317/962/175 2318/2318/963/175 2320/2319/965/175 2319/2320/964/175
f 2415/2415/1023/181 2416/2416/1023/181 2417/2417/1023/181 2418/2418/1023/181
f 2551/2551/1082/190 2552/2552/1082/190 2553/2553/1082/190 2554/2554/1082/190
f 2567/2567/1085/191 2568/2568/1085/191 2569/2569/1085/191 2570/2570/1085/191
f 2583/2583/1088/192 2584/2584/1088/192 2585/2585/1088/192 2586/2586/1088/192
f 2609/2609/1095/194 2610/2610/1095/194 2611/2611/1095/194 2612/2612/1095/194
f 2733/2733/1145/200 2734/2734/1145/200 2735/2735/1145/200 2736/2736/1145/200
f 3099/3099/1266/246 3100/3100/1266/246 3101/3101/1266/246 3102/3102/1266/246
f 3115/3115/1269/247 3116/3116/1269/247 3117/3117/1269/247 3118/3118/1269/247
usemtl ki03ax
s off
f 363/363/113/67 366/364/114/67 365/365/113/67 364/366/114/67
f 367/367/112/67 368/368/112/67 369/369/112/67 370/370/112/67
f 479/479/177/74 480/480/178/74 482/481/180/74 481/482/179/74
f 487/487/185/74 488/488/186/74 490/489/188/74 489/490/187/74
f 513/513/202/76 516/514/203/76 515/515/202/76 514/516/203/76
f 517/517/201/76 518/518/201/76 519/519/201/76 520/520/201/76
f 529/529/205/77 532/530/206/77 531/531/205/77 530/532/206/77
f 533/533/204/77 534/534/204/77 535/535/204/77 536/536/204/77
f 545/545/208/78 548/546/209/78 547/547/208/78 546/548/209/78
f 549/549/207/78 550/550/207/78 551/551/207/78 552/552/207/78
f 561/561/211/79 564/562/212/79 563/563/211/79 562/564/212/79
f 565/565/210/79 566/566/210/79 567/567/210/79 568/568/210/79
f 583/583/217/81 584/584/218/81 586/585/220/81 585/586/219/81
f 591/591/225/81 592/592/226/81 594/593/228/81 593/594/227/81
f 607/607/238/82 610/608/239/82 609/609/238/82 608/610/239/82
f 611/611/237/82 612/612/237/82 613/613/237/82 614/614/237/82
f 653/653/255/85 656/654/256/85 655/655/255/85 654/656/256/85
f 657/657/254/85 658/658/254/85 659/659/254/85 660/660/254/85
f 699/699/272/88 702/700/273/88 701/701/272/88 700/702/273/88
f 703/703/271/88 704/704/271/88 705/705/271/88 706/706/271/88
f 715/715/275/89 718/716/276/89 717/717/275/89 716/718/276/89
f 719/719/274/89 720/720/274/89 721/721/274/89 722/722/274/89
f 741/741/282/91 744/742/283/91 743/743/282/91 742/744/283/91
f 745/745/281/91 746/746/281/91 747/747/281/91 748/748/281/91
f 875/875/336/98 878/876/337/98 877/877/336/98 876/878/337/98
f 879/879/335/98 880/880/335/98 881/881/335/98 882/882/335/98
f 891/891/339/99 894/892/340/99 893/893/339/99 892/894/340/99
f 895/895/338/99 896/896/338/99 897/897/338/99 898/898/338/99
f 913/913/345/101 914/914/346/101 916/915/348/101 915/916/347/101
f 921/921/353/101 922/922/354/101 924/923/356/101 923/924/355/101
f 1137/1137/464/112 1140/1138/465/112 1139/1139/464/112 1138/1140/465/112
f 1141/1141/463/112 1142/1142/463/112 1143/1143/463/112 1144/1144/463/112
f 1197/1197/472/114 1200/1198/473/114 1199/1199/472/114 1198/1200/473/114
f 1201/1201/471/114 1202/1202/471/114 1203/1203/471/114 1204/1204/471/114
f 1257/1257/480/116 1260/1258/481/116 1259/1259/480/116 1258/1260/481/116
f 1261/1261/479/116 1262/1262/479/116 1263/1263/479/116 1264/1264/479/116
f 1381/1381/501/121 1384/1382/502/121 1383/1383/501/121 1382/1384/502/121
f 1385/1385/500/121 1386/1386/500/121 1387/1387/500/121 1388/1388/500/121
f 1397/1397/504/122 1400/1398/505/122 1399/1399/504/122 1398/1400/505/122
f 1401/1401/503/122 1402/1402/503/122 1403/1403/503/122 1404/1404/503/122
f 1523/1523/572/130 1524/1524/573/130 1526/1525/575/130 1525/1526/574/130
f 1531/1531/580/130 1532/1532/581/130 1534/1533/583/130 1533/1534/582/130
f 1599/1599/624/134 1602/1600/625/134 1601/1601/624/134 1600/1602/625/134
f 1603/1603/623/134 1604/1604/623/134 1605/1605/623/134 1606/1606/623/134
f 1615/1615/627/135 1618/1616/628/135 1617/1617/627/135 1616/1618/628/135
f 1619/1619/626/135 1620/1620/626/135 1621/1621/626/135 1622/1622/626/135
f 1651/1651/638/138 1654/1652/639/138 1653/1653/638/138 1652/1654/639/138
f 1655/1655/637/138 1656/1656/637/138 1657/1657/637/138 1658/1658/637/138
f 1775/1775/688/144 1778/1776/689/144 1777/1777/688/144 1776/1778/689/144
f 1779/1779/687/144 1780/1780/687/144 1781/1781/687/144 1782/1782/687/144
f 1791/1791/691/145 1794/1792/692/145 1793/1793/691/145 1792/1794/692/145
f 1795/1795/690/145 1796/1796/690/145 1797/1797/690/145 1798/1798/690/145
f 1807/1807/694/146 1810/1808/695/146 1809/1809/694/146 1808/1810/695/146
f 1811/1811/693/146 1812/1812/693/146 1813/1813/693/146 1814/1814/693/146
f 1823/1823/697/147 1826/1824/698/147 1825/1825/697/147 1824/1826/698/147
f 1827/1827/696/147 1828/1828/696/147 1829/1829/696/147 1830/1830/696/147
f 1869/1869/714/150 1872/1870/715/150 1871/1871/714/150 1870/1872/715/150
f 1873/1873/713/150 1874/1874/713/150 1875/1875/713/150 1876/1876/713/150
f 1885/1885/717/151 1888/1886/718/151 1887/1887/717/151 1886/1888/718/151
f 1889/1889/716/151 1890/1890/716/151 1891/1891/716/151 1892/1892/716/151
f 1897/1897/719/152 1898/1898/720/152 1900/1899/722/152 1899/1900/721/152
f 1905/1905/727/152 1906/1906/728/152 1908/1907/730/152 1907/1908/729/152
f 1917/1917/739/153 1918/1918/740/153 1920/1919/742/153 1919/1920/741/153
f 1925/1925/747/153 1926/1926/748/153 1928/1927/750/153 1927/1928/749/153
f 1981/1981/778/157 1984/1982/779/157 1983/1983/778/157 1982/1984/779/157
f 1985/1985/777/157 1986/1986/777/157 1987/1987/777/157 1988/1988/777/157
f 2205/2205/889/169 2206/2206/890/169 2208/2207/892/169 2207/2208/891/169
f 2213/2213/897/169 2214/2214/898/169 2216/2215/900/169 2215/2216/899/169
f 2229/2229/910/170 2232/2230/911/170 2231/2231/910/170 2230/2232/911/170
f 2233/2233/909/170 2234/2234/909/170 2235/2235/909/170 2236/2236/909/170
f 2245/2245/913/171 2248/2246/914/171 2247/2247/913/171 2246/2248/914/171
f 2249/2249/912/171 2250/2250/912/171 2251/2251/912/171 2252/2252/912/171
f 2257/2257/915/172 2258/2258/916/172 2260/2259/918/172 2259/2260/917/172
f 2265/2265/923/172 2266/2266/924/172 2268/2267/926/172 2267/2268/925/172
f 2281/2281/936/173 2284/2282/937/173 2283/2283/936/173 2282/2284/937/173
f 2285/2285/935/173 2286/2286/935/173 2287/2287/935/173 2288/2288/935/173
f 2293/2293/938/174 2294/2294/939/174 2296/2295/941/174 2295/2296/940/174
f 2301/2301/946/174 2302/2302/947/174 2304/2303/949/174 2303/2304/948/174
f 2313/2313/958/175 2314/2314/959/175 2316/2315/961/175 2315/2316/960/175
f 2321/2321/966/175 2322/2322/967/175 2324/2323/969/175 2323/2324/968/175
f 2419/2419/1024/181 2422/2420/1025/181 2421/2421/1024/181 2420/2422/1025/181
f 2423/2423/1023/181 2424/2424/1023/181 2425/2425/1023/181 2426/2426/1023/181
f 2555/2555/1083/190 2558/2556/1084/190 2557/2557/1083/190 2556/2558/1084/190
f 2559/2559/1082/190 2560/2560/1082/190 2561/2561/1082/190 2562/2562/1082/190
f 2571/2571/1086/191 2574/2572/1087/191 2573/2573/1086/191 2572/2574/1087/191
f 2575/2575/1085/191 2576/2576/1085/191 2577/2577/1085/191 2578/2578/1085/191
f 2587/2587/1089/192 2590/2588/1090/192 2589/2589/1089/192 2588/2590/1090/192
f 2591/2591/1088/192 2592/2592/1088/192 2593/2593/1088/192 2594/2594/1088/192
f 2613/2613/1096/194 2616/2614/1097/194 2615/2615/1096/194 2614/2616/1097/194
f 2617/2617/1095/194 2618/2618/1095/194 2619/2619/1095/194 2620/2620/1095/194
f 2737/2737/1146/200 2740/2738/1147/200 2739/2739/1146/200 2738/2740/1147/200
f 2741/2741/1145/200 2742/2742/1145/200 2743/2743/1145/200 2744/2744/1145/200
f 3103/3103/1267/246 3106/3104/1268/246 3105/3105/1267/246 3104/3106/1268/246
f 3107/3107/1266/246 3108/3108/1266/246 3109/3109/1266/246 3110/3110/1266/246
f 3119/3119/1270/247 3122/3120/1271/247 3121/3121/1270/247 3120/3122/1271/247
f 3123/3123/1269/247 3124/3124/1269/247 3125/3125/1269/247 3126/3126/1269/247
usemtl ki03dx
s off
f 491/491/189/74 492/492/190/74 494/493/192/74 493/494/191/74
f 595/595/229/81 596/596/230/81 598/597/232/81 597/598/231/81
f 925/925/357/101 926/926/358/101 928/927/360/101 927/928/359/101
f 1535/1535/584/130 1536/1536/585/130 1538/1537/587/130 1537/1538/586/130
f 1909/1909/731/152 1910/1910/732/152 1912/1911/734/152 1911/1912/733/152
f 1929/1929/751/153 1930/1930/752/153 1932/1931/754/153 1931/1932/753/153
f 2217/2217/901/169 2218/2218/902/169 2220/2219/904/169 2219/2220/903/169
f 2269/2269/927/172 2270/2270/928/172 2272/2271/930/172 2271/2272/929/172
f 2305/2305/950/174 2306/2306/951/174 2308/2307/953/174 2307/2308/952/174
f 2325/2325/970/175 2326/2326/971/175 2328/2327/973/175 2327/2328/972/175
usemtl ki03bx
s off
f 371/371/112/67 372/372/112/67 373/373/112/67 374/374/112/67
f 495/495/193/74 496/496/194/74 498/497/196/74 497/498/195/74
f 521/521/201/76 522/522/201/76 523/523/201/76 524/524/201/76
f 537/537/204/77 538/538/204/77 539/539/204/77 540/540/204/77
f 553/553/207/78 554/554/207/78 555/555/207/78 556/556/207/78
f 569/569/210/79 570/570/210/79 571/571/210/79 572/572/210/79
f 599/599/233/81 600/600/234/81 602/601/236/81 601/602/235/81
f 615/615/237/82 616/616/237/82 617/617/237/82 618/618/237/82
f 661/661/254/85 662/662/254/85 663/663/254/85 664/664/254/85
f 707/707/271/88 708/708/271/88 709/709/271/88 710/710/271/88
f 723/723/274/89 724/724/274/89 725/725/274/89 726/726/274/89
f 749/749/281/91 750/750/281/91 751/751/281/91 752/752/281/91
f 883/883/335/98 884/884/335/98 885/885/335/98 886/886/335/98
f 899/899/338/99 900/900/338/99 901/901/338/99 902/902/338/99
f 929/929/361/101 930/930/362/101 932/931/364/101 931/932/363/101
f 1145/1145/463/112 1146/1146/463/112 1147/1147/463/112 1148/1148/463/112
f 1205/1205/471/114 1206/1206/471/114 1207/1207/471/114 1208/1208/471/114
f 1265/1265/479/116 1266/1266/479/116 1267/1267/479/116 1268/1268/479/116
f 1389/1389/500/121 1390/1390/500/121 1391/1391/500/121 1392/1392/500/121
f 1405/1405/503/122 1406/1406/503/122 1407/1407/503/122 1408/1408/503/122
f 1539/1539/588/130 1540/1540/589/130 1542/1541/591/130 1541/1542/590/130
f 1607/1607/623/134 1608/1608/623/134 1609/1609/623/134 1610/1610/623/134
f 1623/1623/626/135 1624/1624/626/135 1625/1625/626/135 1626/1626/626/135
f 1659/1659/637/138 1660/1660/637/138 1661/1661/637/138 1662/1662/637/138
f 1783/1783/687/144 1784/1784/687/144 1785/1785/687/144 1786/1786/687/144
f 1799/1799/690/145 1800/1800/690/145 1801/1801/690/145 1802/1802/690/145
f 1815/1815/693/146 1816/1816/693/146 1817/1817/693/146 1818/1818/693/146
f 1831/1831/696/147 1832/1832/696/147 1833/1833/696/147 1834/1834/696/147
f 1877/1877/713/150 1878/1878/713/150 1879/1879/713/150 1880/1880/713/150
f 1893/1893/716/151 1894/1894/716/151 1895/1895/716/151 1896/1896/716/151
f 1913/1913/735/152 1914/1914/736/152 1916/1915/738/152 1915/1916/737/152
f 1933/1933/755/153 1934/1934/756/153 1936/1935/758/153 1935/1936/757/153
f 1989/1989/777/157 1990/1990/777/157 1991/1991/777/157 1992/1992/777/157
f 2221/2221/905/169 2222/2222/906/169 2224/2223/908/169 2223/2224/907/169
f 2237/2237/909/170 2238/2238/909/170 2239/2239/909/170 2240/2240/909/170
f 2253/2253/912/171 2254/2254/912/171 2255/2255/912/171 2256/2256/912/171
f 2273/2273/931/172 2274/2274/932/172 2276/2275/934/172 2275/2276/933/172
f 2289/2289/935/173 2290/2290/935/173 2291/2291/935/173 2292/2292/935/173
f 2309/2309/954/174 2310/2310/955/174 2312/2311/957/174 2311/2312/956/174
f 2329/2329/974/175 2330/2330/975/175 2332/2331/977/175 2331/2332/976/175
f 2427/2427/1023/181 2428/2428/1023/181 2429/2429/1023/181 2430/2430/1023/181
f 2563/2563/1082/190 2564/2564/1082/190 2565/2565/1082/190 2566/2566/1082/190
f 2579/2579/1085/191 2580/2580/1085/191 2581/2581/1085/191 2582/2582/1085/191
f 2595/2595/1088/192 2596/2596/1088/192 2597/2597/1088/192 2598/2598/1088/192
f 2621/2621/1095/194 2622/2622/1095/194 2623/2623/1095/194 2624/2624/1095/194
f 2745/2745/1145/200 2746/2746/1145/200 2747/2747/1145/200 2748/2748/1145/200
f 3111/3111/1266/246 3112/3112/1266/246 3113/3113/1266/246 3114/3114/1266/246
f 3127/3127/1269/247 3128/3128/1269/247 3129/3129/1269/247 3130/3130/1269/247
usemtl kaidan01a
s off
f 283/283/86/64 284/284/86/64 285/285/86/64 286/286/86/64
f 287/287/87/64 288/288/87/64 289/289/87/64 290/290/87/64
f 291/291/88/64 292/292/88/64 293/293/88/64 294/294/88/64
f 295/295/88/64 296/296/88/64 297/297/88/64 298/298/88/64
f 299/299/89/64 300/300/89/64 301/301/89/64 302/302/89/64
f 303/303/90/64 304/304/90/64 305/305/90/64 306/306/90/64
f 307/307/87/64 308/308/87/64 309/309/87/64 310/310/87/64
f 311/311/86/64 312/312/86/64 313/313/86/64 314/314/86/64
f 315/315/89/64 316/316/89/64 317/317/89/64 318/318/89/64
f 319/319/90/64 320/320/90/64 321/321/90/64 322/322/90/64
f 296/296/88/64 323/323/88/64 324/324/88/64 297/297/88/64
f 292/292/88/64 325/325/88/64 326/326/88/64 293/293/88/64
f 785/785/305/94 786/786/305/94 787/787/305/94 788/788/305/94
f 789/789/306/94 790/790/306/94 791/791/306/94 792/792/306/94
f 793/793/307/94 794/794/307/94 795/795/307/94 796/796/307/94
f 797/797/307/94 798/798/307/94 799/799/307/94 800/800/307/94
f 801/801/308/94 802/802/308/94 803/803/308/94 804/804/308/94
f 805/805/309/94 806/806/309/94 807/807/309/94 808/808/309/94
f 809/809/306/94 810/810/306/94 811/811/306/94 812/812/306/94
f 813/813/305/94 814/814/305/94 815/815/305/94 816/816/305/94
f 817/817/308/94 818/818/308/94 819/819/308/94 820/820/308/94
f 821/821/309/94 822/822/309/94 823/823/309/94 824/824/309/94
f 798/798/307/94 825/825/307/94 826/826/307/94 799/799/307/94
f 794/794/307/94 827/827/307/94 828/828/307/94 795/795/307/94
f 1089/1089/458/111 1090/1090/458/111 1091/1091/458/111 1092/1092/458/111
f 1093/1093/459/111 1094/1094/459/111 1095/1095/459/111 1096/1096/459/111
f 1097/1097/460/111 1098/1098/460/111 1099/1099/460/111 1100/1100/460/111
f 1101/1101/460/111 1102/1102/460/111 1103/1103/460/111 1104/1104/460/111
f 1105/1105/461/111 1106/1106/461/111 1107/1107/461/111 1108/1108/461/111
f 1109/1109/462/111 1110/1110/462/111 1111/1111/462/111 1112/1112/462/111
f 1113/1113/459/111 1114/1114/459/111 1115/1115/459/111 1116/1116/459/111
f 1117/1117/458/111 1118/1118/458/111 1119/1119/458/111 1120/1120/458/111
f 1121/1121/461/111 1122/1122/461/111 1123/1123/461/111 1124/1124/461/111
f 1125/1125/462/111 1126/1126/462/111 1127/1127/462/111 1128/1128/462/111
f 1102/1102/460/111 1129/1129/460/111 1130/1130/460/111 1103/1103/460/111
f 1098/1098/460/111 1131/1131/460/111 1132/1132/460/111 1099/1099/460/111
f 1149/1149/466/113 1150/1150/466/113 1151/1151/466/113 1152/1152/466/113
f 1153/1153/467/113 1154/1154/467/113 1155/1155/467/113 1156/1156/467/113
f 1157/1157/468/113 1158/1158/468/113 1159/1159/468/113 1160/1160/468/113
f 1161/1161/468/113 1162/1162/468/113 1163/1163/468/113 1164/1164/468/113
f 1165/1165/469/113 1166/1166/469/113 1167/1167/469/113 1168/1168/469/113
f 1169/1169/470/113 1170/1170/470/113 1171/1171/470/113 1172/1172/470/113
f 1173/1173/467/113 1174/1174/467/113 1175/1175/467/113 1176/1176/467/113
f 1177/1177/466/113 1178/1178/466/113 1179/1179/466/113 1180/1180/466/113
f 1181/1181/469/113 1182/1182/469/113 1183/1183/469/113 1184/1184/469/113
f 1185/1185/470/113 1186/1186/470/113 1187/1187/470/113 1188/1188/470/113
f 1162/1162/468/113 1189/1189/468/113 1190/1190/468/113 1163/1163/468/113
f 1158/1158/468/113 1191/1191/468/113 1192/1192/468/113 1159/1159/468/113
f 1209/1209/474/115 1210/1210/474/115 1211/1211/474/115 1212/1212/474/115
f 1213/1213/475/115 1214/1214/475/115 1215/1215/475/115 1216/1216/475/115
f 1217/1217/476/115 1218/1218/476/115 1219/1219/476/115 1220/1220/476/115
f 1221/1221/476/115 1222/1222/476/115 1223/1223/476/115 1224/1224/476/115
f 1225/1225/477/115 1226/1226/477/115 1227/1227/477/115 1228/1228/477/115
f 1229/1229/478/115 1230/1230/478/115 1231/1231/478/115 1232/1232/478/115
f 1233/1233/475/115 1234/1234/475/115 1235/1235/475/115 1236/1236/475/115
f 1237/1237/474/115 1238/1238/474/115 1239/1239/474/115 1240/1240/474/115
f 1241/1241/477/115 1242/1242/477/115 1243/1243/477/115 1244/1244/477/115
f 1245/1245/478/115 1246/1246/478/115 1247/1247/478/115 1248/1248/478/115
f 1222/1222/476/115 1249/1249/476/115 1250/1250/476/115 1223/1223/476/115
f 1218/1218/476/115 1251/1251/476/115 1252/1252/476/115 1219/1219/476/115
f 1269/1269/482/117 1270/1270/482/117 1271/1271/482/117 1272/1272/482/117
f 1273/1273/483/117 1274/1274/483/117 1275/1275/483/117 1276/1276/483/117
f 1277/1277/484/117 1278/1278/484/117 1279/1279/484/117 1280/1280/484/117
f 1281/1281/484/117 1282/1282/484/117 1283/1283/484/117 1284/1284/484/117
f 1285/1285/485/117 1286/1286/485/117 1287/1287/485/117 1288/1288/485/117
f 1289/1289/486/117 1290/1290/486/117 1291/1291/486/117 1292/1292/486/117
f 1293/1293/483/117 1294/1294/483/117 1295/1295/483/117 1296/1296/483/117
f 1297/1297/482/117 1298/1298/482/117 1299/1299/482/117 1300/1300/482/117
f 1301/1301/485/117 1302/1302/485/117 1303/1303/485/117 1304/1304/485/117
f 1305/1305/486/117 1306/1306/486/117 1307/1307/486/117 1308/1308/486/117
f 1282/1282/484/117 1309/1309/484/117 1310/1310/484/117 1283/1283/484/117
f 1278/1278/484/117 1311/1311/484/117 1312/1312/484/117 1279/1279/484/117
f 1313/1313/487/118 1314/1314/487/118 1315/1315/487/118 1316/1316/487/118
f 1317/1317/488/118 1318/1318/488/118 1319/1319/488/118 1320/1320/488/118
f 1321/1321/489/118 1322/1322/489/118 1323/1323/489/118 1324/1324/489/118
f 1325/1325/489/118 1326/1326/489/118 1327/1327/489/118 1328/1328/489/118
f 1329/1329/490/118 1330/1330/490/118 1331/1331/490/118 1332/1332/490/118
f 1333/1333/491/118 1334/1334/491/118 1335/1335/491/118 1336/1336/491/118
f 1337/1337/488/118 1338/1338/488/118 1339/1339/488/118 1340/1340/488/118
f 1341/1341/487/118 1342/1342/487/118 1343/1343/487/118 1344/1344/487/118
f 1345/1345/490/118 1346/1346/490/118 1347/1347/490/118 1348/1348/490/118
f 1349/1349/491/118 1350/1350/491/118 1351/1351/491/118 1352/1352/491/118
f 1326/1326/489/118 1353/1353/489/118 1354/1354/489/118 1327/1327/489/118
f 1322/1322/489/118 1355/1355/489/118 1356/1356/489/118 1323/1323/489/118
f 1695/1695/661/141 1696/1696/661/141 1697/1697/661/141 1698/1698/661/141
f 1699/1699/662/141 1700/1700/662/141 1701/1701/662/141 1702/1702/662/141
f 1703/1703/663/141 1704/1704/663/141 1705/1705/663/141 1706/1706/663/141
f 1707/1707/663/141 1708/1708/663/141 1709/1709/663/141 1710/1710/663/141
f 1711/1711/664/141 1712/1712/664/141 1713/1713/664/141 1714/1714/664/141
f 1715/1715/665/141 1716/1716/665/141 1717/1717/665/141 1718/1718/665/141
f 1719/1719/662/141 1720/1720/662/141 1721/1721/662/141 1722/1722/662/141
f 1723/1723/661/141 1724/1724/661/141 1725/1725/661/141 1726/1726/661/141
f 1727/1727/664/141 1728/1728/664/141 1729/1729/664/141 1730/1730/664/141
f 1731/1731/665/141 1732/1732/665/141 1733/1733/665/141 1734/1734/665/141
f 1708/1708/663/141 1735/1735/663/141 1736/1736/663/141 1709/1709/663/141
f 1704/1704/663/141 1737/1737/663/141 1738/1738/663/141 1705/1705/663/141
f 2129/2129/863/166 2130/2130/863/166 2131/2131/863/166 2132/2132/863/166
f 2133/2133/864/166 2134/2134/864/166 2135/2135/864/166 2136/2136/864/166
f 2137/2137/865/166 2138/2138/865/166 2139/2139/865/166 2140/2140/865/166
f 2141/2141/865/166 2142/2142/865/166 2143/2143/865/166 2144/2144/865/166
f 2145/2145/866/166 2146/2146/866/166 2147/2147/866/166 2148/2148/866/166
f 2149/2149/867/166 2150/2150/867/166 2151/2151/867/166 2152/2152/867/166
f 2153/2153/864/166 2154/2154/864/166 2155/2155/864/166 2156/2156/864/166
f 2157/2157/863/166 2158/2158/863/166 2159/2159/863/166 2160/2160/863/166
f 2161/2161/866/166 2162/2162/866/166 2163/2163/866/166 2164/2164/866/166
f 2165/2165/867/166 2166/2166/867/166 2167/2167/867/166 2168/2168/867/166
f 2142/2142/865/166 2169/2169/865/166 2170/2170/865/166 2143/2143/865/166
f 2138/2138/865/166 2171/2171/865/166 2172/2172/865/166 2139/2139/865/166
f 2657/2657/1119/197 2658/2658/1119/197 2659/2659/1119/197 2660/2660/1119/197
f 2661/2661/1120/197 2662/2662/1120/197 2663/2663/1120/197 2664/2664/1120/197
f 2665/2665/1121/197 2666/2666/1121/197 2667/2667/1121/197 2668/2668/1121/197
f 2669/2669/1121/197 2670/2670/1121/197 2671/2671/1121/197 2672/2672/1121/197
f 2673/2673/1122/197 2674/2674/1122/197 2675/2675/1122/197 2676/2676/1122/197
f 2677/2677/1123/197 2678/2678/1123/197 2679/2679/1123/197 2680/2680/1123/197
f 2681/2681/1120/197 2682/2682/1120/197 2683/2683/1120/197 2684/2684/1120/197
f 2685/2685/1119/197 2686/2686/1119/197 2687/2687/1119/197 2688/2688/1119/197
f 2689/2689/1122/197 2690/2690/1122/197 2691/2691/1122/197 2692/2692/1122/197
f 2693/2693/1123/197 2694/2694/1123/197 2695/2695/1123/197 2696/2696/1123/197
f 2670/2670/1121/197 2697/2697/1121/197 2698/2698/1121/197 2671/2671/1121/197
f 2666/2666/1121/197 2699/2699/1121/197 2700/2700/1121/197 2667/2667/1121/197
usemtl egrass_u
s off
f 2879/2879/1231/211 2880/2880/1231/211 2881/2881/1231/211 2882/2882/1231/211
f 2887/2891/1233/213 2888/2892/1233/213 2889/2893/1233/213 2890/2894/1233/213
f 2895/2899/1233/213 2896/2900/1233/213 2897/2901/1233/213 2898/2902/1233/213
f 2907/2907/1235/215 2908/2908/1235/215 2909/2909/1235/215 2910/2910/1235/215
f 2927/2927/1238/218 2928/2928/1238/218 2929/2929/1238/218 2930/2930/1238/218
f 2943/2943/1240/220 2944/2944/1240/220 2945/2945/1240/220 2946/2946/1240/220
f 2951/2951/1242/222 2952/2952/1242/222 2953/2953/1242/222 2954/2954/1242/222
f 2967/2967/1246/226 2968/2968/1246/226 2969/2969/1246/226 2970/2970/1246/226
f 3011/3011/1251/231 3012/3012/1251/231 3013/3013/1251/231 3014/3014/1251/231
f 3023/3023/1254/234 3024/3024/1254/234 3025/3025/1254/234 3026/3026/1254/234
f 3043/3043/1257/237 3044/3044/1257/237 3045/3045/1257/237 3046/3046/1257/237
f 3055/3055/1258/238 3056/3056/1258/238 3057/3057/1258/238 3058/3058/1258/238
f 3063/3063/1260/240 3064/3064/1260/240 3065/3065/1260/240 3066/3066/1260/240
f 3067/3071/1261/241 3070/3072/1261/241 3069/3073/1261/241 3068/3074/1261/241
f 3075/3079/1261/241 3078/3080/1261/241 3077/3081/1261/241 3076/3082/1261/241
f 3083/3083/1262/242 3084/3084/1262/242 3085/3085/1262/242 3086/3086/1262/242
f 3155/3155/1278/254 3156/3156/1278/254 3157/3157/1278/254 3158/3158/1278/254
f 3171/3171/1280/256 3172/3172/1280/256 3173/3173/1280/256 3174/3174/1280/256
f 3187/3187/1282/258 3188/3188/1282/258 3189/3189/1282/258 3190/3190/1282/258
f 3195/3195/1284/260 3196/3196/1284/260 3197/3197/1284/260 3198/3198/1284/260
f 3211/3211/1286/262 3212/3212/1286/262 3213/3213/1286/262 3214/3214/1286/262
f 3227/3227/1288/264 3228/3228/1288/264 3229/3229/1288/264 3230/3230/1288/264
f 3243/3243/1290/266 3244/3244/1290/266 3245/3245/1290/266 3246/3246/1290/266
f 3267/3267/1294/270 3268/3268/1294/270 3269/3269/1294/270 3270/3270/1294/270
f 3275/3275/1296/272 3276/3276/1296/272 3277/3277/1296/272 3278/3278/1296/272
f 3283/3283/1298/274 3284/3284/1298/274 3285/3285/1298/274 3286/3286/1298/274
f 3299/3299/1300/276 3300/3300/1300/276 3301/3301/1300/276 3302/3302/1300/276
f 3315/3315/1302/278 3316/3316/1302/278 3317/3317/1302/278 3318/3318/1302/278
f 3331/3331/1304/280 3332/3332/1304/280 3333/3333/1304/280 3334/3334/1304/280
f 3347/3347/1306/282 3348/3348/1306/282 3349/3349/1306/282 3350/3350/1306/282
f 3355/3355/1308/284 3356/3356/1308/284 3357/3357/1308/284 3358/3358/1308/284
f 3359/3359/1309/285 3360/3360/1309/285 3361/3361/1309/285 3362/3362/1309/285
f 3363/3363/1310/286 3364/3364/1310/286 3365/3365/1310/286 3366/3366/1310/286
f 3367/3367/1311/287 3368/3368/1311/287 3369/3369/1311/287 3370/3370/1311/287
f 3387/3387/1314/290 3388/3388/1314/290 3389/3389/1314/290 3390/3390/1314/290
f 3399/3399/1315/291 3400/3400/1315/291 3401/3401/1315/291 3402/3402/1315/291
f 3415/3415/1317/293 3416/3416/1317/293 3417/3417/1317/293 3418/3418/1317/293
f 3427/3427/1318/294 3428/3428/1318/294 3429/3429/1318/294 3430/3430/1318/294
f 3435/3435/1320/296 3436/3436/1320/296 3437/3437/1320/296 3438/3438/1320/296
f 3447/3447/1323/299 3448/3448/1323/299 3449/3449/1323/299 3450/3450/1323/299
f 3451/3451/1324/300 3452/3452/1324/300 3453/3453/1324/300 3454/3454/1324/300
f 3463/3463/1327/303 3464/3464/1327/303 3465/3465/1327/303 3466/3466/1327/303
f 3479/3479/1329/305 3480/3480/1329/305 3481/3481/1329/305 3482/3482/1329/305
f 3503/3503/1333/309 3504/3504/1333/309 3505/3505/1333/309 3506/3506/1333/309
f 3523/3523/1336/312 3524/3524/1336/312 3525/3525/1336/312 3526/3526/1336/312
f 3539/3539/1338/314 3540/3540/1338/314 3541/3541/1338/314 3542/3542/1338/314
f 3563/3563/1342/318 3564/3564/1342/318 3565/3565/1342/318 3566/3566/1342/318
f 3579/3579/1344/320 3580/3580/1344/320 3581/3581/1344/320 3582/3582/1344/320
usemtl egrass_v
s off
f 2871/2871/1229/209 2872/2872/1229/209 2873/2873/1229/209 2874/2874/1229/209
f 2875/2875/1230/210 2876/2876/1230/210 2877/2877/1230/210 2878/2878/1230/210
f 2915/2915/1237/217 2916/2916/1237/217 2917/2917/1237/217 2918/2918/1237/217
f 2919/2923/1238/218 2920/2924/1238/218 2921/2925/1238/218 2922/2926/1238/218
f 2935/2939/1240/220 2936/2940/1240/220 2937/2941/1240/220 2938/2942/1240/220
f 2947/2947/1241/221 2948/2948/1241/221 2949/2949/1241/221 2950/2950/1241/221
f 2987/2975/1248/228 2988/2976/1248/228 2989/2977/1248/228 2990/2978/1248/228
f 2983/2979/1248/228 2984/2980/1248/228 2985/2981/1248/228 2986/2982/1248/228
f 3007/2995/1250/230 3008/2996/1250/230 3009/2997/1250/230 3010/2998/1250/230
f 3003/2999/1250/230 3004/3000/1250/230 3005/3001/1250/230 3006/3002/1250/230
f 3031/3031/1256/236 3032/3032/1256/236 3033/3033/1256/236 3034/3034/1256/236
f 3035/3039/1257/237 3036/3040/1257/237 3037/3041/1257/237 3038/3042/1257/237
f 3047/3051/1258/238 3048/3052/1258/238 3049/3053/1258/238 3050/3054/1258/238
f 3059/3059/1259/239 3060/3060/1259/239 3061/3061/1259/239 3062/3062/1259/239
f 3091/3091/1264/244 3092/3092/1264/244 3093/3093/1264/244 3094/3094/1264/244
f 3095/3095/1265/245 3096/3096/1265/245 3097/3097/1265/245 3098/3098/1265/245
f 3135/3135/1273/249 3136/3136/1273/249 3137/3137/1273/249 3138/3138/1273/249
f 3147/3147/1276/252 3148/3148/1276/252 3149/3149/1276/252 3150/3150/1276/252
f 3163/3167/1280/256 3164/3168/1280/256 3165/3169/1280/256 3166/3170/1280/256
f 3175/3175/1281/257 3176/3176/1281/257 3177/3177/1281/257 3178/3178/1281/257
f 3179/3183/1282/258 3180/3184/1282/258 3181/3185/1282/258 3182/3186/1282/258
f 3203/3207/1286/262 3204/3208/1286/262 3205/3209/1286/262 3206/3210/1286/262
f 3215/3215/1287/263 3216/3216/1287/263 3217/3217/1287/263 3218/3218/1287/263
f 3219/3223/1288/264 3220/3224/1288/264 3221/3225/1288/264 3222/3226/1288/264
f 3235/3239/1290/266 3236/3240/1290/266 3237/3241/1290/266 3238/3242/1290/266
f 3247/3247/1291/267 3248/3248/1291/267 3249/3249/1291/267 3250/3250/1291/267
f 3255/3255/1293/269 3256/3256/1293/269 3257/3257/1293/269 3258/3258/1293/269
f 3259/3263/1294/270 3260/3264/1294/270 3261/3265/1294/270 3262/3266/1294/270
f 3291/3295/1300/276 3292/3296/1300/276 3293/3297/1300/276 3294/3298/1300/276
f 3307/3311/1302/278 3308/3312/1302/278 3309/3313/1302/278 3310/3314/1302/278
f 3323/3327/1304/280 3324/3328/1304/280 3325/3329/1304/280 3326/3330/1304/280
f 3339/3343/1306/282 3340/3344/1306/282 3341/3345/1306/282 3342/3346/1306/282
f 3379/3383/1314/290 3380/3384/1314/290 3381/3385/1314/290 3382/3386/1314/290
f 3391/3395/1315/291 3392/3396/1315/291 3393/3397/1315/291 3394/3398/1315/291
f 3407/3411/1317/293 3408/3412/1317/293 3409/3413/1317/293 3410/3414/1317/293
f 3419/3423/1318/294 3420/3424/1318/294 3421/3425/1318/294 3422/3426/1318/294
f 3471/3475/1329/305 3472/3476/1329/305 3473/3477/1329/305 3474/3478/1329/305
f 3483/3483/1330/306 3484/3484/1330/306 3485/3485/1330/306 3486/3486/1330/306
f 3491/3491/1332/308 3492/3492/1332/308 3493/3493/1332/308 3494/3494/1332/308
f 3495/3499/1333/309 3496/3500/1333/309 3497/3501/1333/309 3498/3502/1333/309
f 3515/3519/1336/312 3516/3520/1336/312 3517/3521/1336/312 3518/3522/1336/312
f 3527/3527/1337/313 3528/3528/1337/313 3529/3529/1337/313 3530/3530/1337/313
f 3531/3535/1338/314 3532/3536/1338/314 3533/3537/1338/314 3534/3538/1338/314
f 3555/3559/1342/318 3556/3560/1342/318 3557/3561/1342/318 3558/3562/1342/318
f 3567/3567/1343/319 3568/3568/1343/319 3569/3569/1343/319 3570/3570/1343/319
f 3571/3575/1344/320 3572/3576/1344/320 3573/3577/1344/320 3574/3578/1344/320
f 3587/3587/1346/322 3588/3588/1346/322 3589/3589/1346/322 3590/3590/1346/322
f 3599/3599/1349/325 3600/3600/1349/325 3601/3601/1349/325 3602/3602/1349/325
usemtl egrass_ro
s off
f 2867/2867/1228/208 2868/2868/1228/208 2869/2869/1228/208 2870/2870/1228/208
f 2911/2911/1236/216 2912/2912/1236/216 2913/2913/1236/216 2914/2914/1236/216
f 2971/2971/1247/227 2972/2972/1247/227 2973/2973/1247/227 2974/2974/1247/227
f 3027/3027/1255/235 3028/3028/1255/235 3029/3029/1255/235 3030/3030/1255/235
f 3087/3087/1263/243 3088/3088/1263/243 3089/3089/1263/243 3090/3090/1263/243
f 3131/3131/1272/248 3132/3132/1272/248 3133/3133/1272/248 3134/3134/1272/248
f 3139/3139/1274/250 3140/3140/1274/250 3141/3141/1274/250 3142/3142/1274/250
f 3143/3143/1275/251 3144/3144/1275/251 3145/3145/1275/251 3146/3146/1275/251
f 3151/3151/1277/253 3152/3152/1277/253 3153/3153/1277/253 3154/3154/1277/253
f 3251/3251/1292/268 3252/3252/1292/268 3253/3253/1292/268 3254/3254/1292/268
f 3279/3279/1297/273 3280/3280/1297/273 3281/3281/1297/273 3282/3282/1297/273
f 3287/3287/1299/275 3288/3288/1299/275 3289/3289/1299/275 3290/3290/1299/275
f 3319/3319/1303/279 3320/3320/1303/279 3321/3321/1303/279 3322/3322/1303/279
f 3351/3351/1307/283 3352/3352/1307/283 3353/3353/1307/283 3354/3354/1307/283
f 3371/3371/1312/288 3372/3372/1312/288 3373/3373/1312/288 3374/3374/1312/288
f 3375/3375/1313/289 3376/3376/1313/289 3377/3377/1313/289 3378/3378/1313/289
f 3403/3403/1316/292 3404/3404/1316/292 3405/3405/1316/292 3406/3406/1316/292
f 3431/3431/1319/295 3432/3432/1319/295 3433/3433/1319/295 3434/3434/1319/295
f 3467/3467/1328/304 3468/3468/1328/304 3469/3469/1328/304 3470/3470/1328/304
f 3487/3487/1331/307 3488/3488/1331/307 3489/3489/1331/307 3490/3490/1331/307
f 3583/3583/1345/321 3584/3584/1345/321 3585/3585/1345/321 3586/3586/1345/321
f 3591/3591/1347/323 3592/3592/1347/323 3593/3593/1347/323 3594/3594/1347/323
f 3595/3595/1348/324 3596/3596/1348/324 3597/3597/1348/324 3598/3598/1348/324
f 3603/3603/1350/326 3604/3604/1350/326 3605/3605/1350/326 3606/3606/1350/326
usemtl wall01_g
s off
f 265/265/74/62 266/266/75/62 267/267/76/62 268/268/77/62
f 269/269/78/62 270/270/79/62 271/271/80/62 272/272/81/62
f 270/270/79/62 265/265/74/62 268/268/77/62 271/271/80/62
f 273/273/82/63 274/274/83/63 275/275/83/63 276/276/82/63
f 274/274/83/63 277/277/84/63 278/278/84/63 275/275/83/63
f 279/279/82/63 280/280/82/63 281/281/85/63 282/282/85/63
f 327/327/91/65 328/328/92/65 329/329/92/65 330/330/91/65
f 328/328/92/65 331/331/93/65 332/332/93/65 329/329/92/65
f 333/333/91/65 334/334/91/65 335/335/94/65 336/336/94/65
f 389/389/124/68 390/390/125/68 391/391/126/68 392/392/127/68
f 393/393/128/68 394/394/129/68 395/395/130/68 396/396/131/68
f 394/394/129/68 389/389/124/68 392/392/127/68 395/395/130/68
f 397/397/132/69 398/398/133/69 399/399/133/69 400/400/132/69
f 398/398/133/69 401/401/134/69 402/402/134/69 399/399/133/69
f 403/403/132/69 404/404/132/69 405/405/135/69 406/406/135/69
f 418/416/138/70 419/417/142/70 416/418/143/70 417/419/143/70
f 422/423/145/70 423/424/138/70 420/425/143/70 421/426/143/70
f 438/436/148/71 439/437/152/71 436/438/153/71 437/439/153/71
f 442/443/155/71 443/444/148/71 440/445/153/71 441/446/153/71
f 447/447/156/72 448/448/157/72 449/449/157/72 450/450/156/72
f 448/448/157/72 451/451/158/72 452/452/158/72 449/449/157/72
f 453/453/156/72 454/454/156/72 455/455/159/72 456/456/159/72
f 499/499/197/75 500/500/198/75 501/501/198/75 502/502/197/75
f 500/500/198/75 503/503/199/75 504/504/199/75 501/501/198/75
f 505/505/197/75 506/506/197/75 507/507/200/75 508/508/200/75
f 630/628/242/83 631/629/246/83 628/630/247/83 629/631/247/83
f 634/635/249/83 635/636/242/83 632/637/247/83 633/638/247/83
f 639/639/250/84 640/640/251/84 641/641/251/84 642/642/250/84
f 640/640/251/84 643/643/252/84 644/644/252/84 641/641/251/84
f 645/645/250/84 646/646/250/84 647/647/253/84 648/648/253/84
f 676/674/259/86 677/675/263/86 674/676/264/86 675/677/264/86
f 680/681/266/86 681/682/259/86 678/683/264/86 679/684/264/86
f 685/685/267/87 686/686/268/87 687/687/268/87 688/688/267/87
f 686/686/268/87 689/689/269/87 690/690/269/87 687/687/268/87
f 691/691/267/87 692/692/267/87 693/693/270/87 694/694/270/87
f 767/767/293/92 768/768/294/92 769/769/295/92 770/770/296/92
f 771/771/297/92 772/772/298/92 773/773/299/92 774/774/300/92
f 772/772/298/92 767/767/293/92 770/770/296/92 773/773/299/92
f 775/775/301/93 776/776/302/93 777/777/302/93 778/778/301/93
f 776/776/302/93 779/779/303/93 780/780/303/93 777/777/302/93
f 781/781/301/93 782/782/301/93 783/783/304/93 784/784/304/93
f 829/829/310/95 830/830/311/95 831/831/311/95 832/832/310/95
f 830/830/311/95 833/833/312/95 834/834/312/95 831/831/311/95
f 835/835/310/95 836/836/310/95 837/837/313/95 838/838/313/95
f 861/861/331/97 862/862/332/97 863/863/332/97 864/864/331/97
f 862/862/332/97 865/865/333/97 866/866/333/97 863/863/332/97
f 867/867/331/97 868/868/331/97 869/869/334/97 870/870/334/97
f 947/947/374/102 948/948/375/102 949/949/376/102 950/950/377/102
f 951/951/378/102 952/952/379/102 953/953/380/102 954/954/381/102
f 952/952/379/102 947/947/374/102 950/950/377/102 953/953/380/102
f 966/964/384/103 967/965/388/103 964/966/389/103 965/967/389/103
f 970/971/391/103 971/972/384/103 968/973/389/103 969/974/389/103
f 986/984/394/104 987/985/398/104 984/986/399/104 985/987/399/104
f 990/991/401/104 991/992/394/104 988/993/399/104 989/994/399/104
f 1028/1026/421/106 1029/1027/425/106 1026/1028/426/106 1027/1029/426/106
f 1032/1033/428/106 1033/1034/421/106 1030/1035/426/106 1031/1036/426/106
f 1059/1059/446/108 1060/1060/447/108 1061/1061/447/108 1062/1062/446/108
f 1060/1060/447/108 1063/1063/448/108 1064/1064/448/108 1061/1061/447/108
f 1065/1065/446/108 1066/1066/446/108 1067/1067/449/108 1068/1068/449/108
f 1357/1357/492/119 1358/1358/493/119 1359/1359/493/119 1360/1360/492/119
f 1358/1358/493/119 1361/1361/494/119 1362/1362/494/119 1359/1359/493/119
f 1363/1363/492/119 1364/1364/492/119 1365/1365/495/119 1366/1366/495/119
f 1367/1367/496/120 1368/1368/497/120 1369/1369/497/120 1370/1370/496/120
f 1368/1368/497/120 1371/1371/498/120 1372/1372/498/120 1369/1369/497/120
f 1373/1373/496/120 1374/1374/496/120 1375/1375/499/120 1376/1376/499/120
f 1453/1453/527/126 1454/1454/528/126 1455/1455/529/126 1456/1456/530/126
f 1457/1457/531/126 1458/1458/532/126 1459/1459/533/126 1460/1460/534/126
f 1458/1458/532/126 1453/1453/527/126 1456/1456/530/126 1459/1459/533/126
f 1472/1470/537/127 1473/1471/541/127 1470/1472/542/127 1471/1473/542/127
f 1476/1477/544/127 1477/1478/537/127 1474/1479/542/127 1475/1480/542/127
f 1492/1490/547/128 1493/1491/551/128 1490/1492/552/128 1491/1493/552/128
f 1496/1497/554/128 1497/1498/547/128 1494/1499/552/128 1495/1500/552/128
f 1554/1552/594/131 1555/1553/598/131 1552/1554/599/131 1553/1555/599/131
f 1558/1559/601/131 1559/1560/594/131 1556/1561/599/131 1557/1562/599/131
f 1585/1585/619/133 1586/1586/620/133 1587/1587/620/133 1588/1588/619/133
f 1586/1586/620/133 1589/1589/621/133 1590/1590/621/133 1587/1587/620/133
f 1591/1591/619/133 1592/1592/619/133 1593/1593/622/133 1594/1594/622/133
f 1677/1677/649/139 1678/1678/650/139 1679/1679/651/139 1680/1680/652/139
f 1681/1681/653/139 1682/1682/654/139 1683/1683/655/139 1684/1684/656/139
f 1682/1682/654/139 1677/1677/649/139 1680/1680/652/139 1683/1683/655/139
f 1685/1685/657/140 1686/1686/658/140 1687/1687/658/140 1688/1688/657/140
f 1686/1686/658/140 1689/1689/659/140 1690/1690/659/140 1687/1687/658/140
f 1691/1691/657/140 1692/1692/657/140 1693/1693/660/140 1694/1694/660/140
f 1739/1739/666/142 1740/1740/667/142 1741/1741/667/142 1742/1742/666/142
f 1740/1740/667/142 1743/1743/668/142 1744/1744/668/142 1741/1741/667/142
f 1745/1745/666/142 1746/1746/666/142 1747/1747/669/142 1748/1748/669/142
f 1846/1844/701/148 1847/1845/705/148 1844/1846/706/148 1845/1847/706/148
f 1850/1851/708/148 1851/1852/701/148 1848/1853/706/148 1849/1854/706/148
f 1855/1855/709/149 1856/1856/710/149 1857/1857/710/149 1858/1858/709/149
f 1856/1856/710/149 1859/1859/711/149 1860/1860/711/149 1857/1857/710/149
f 1861/1861/709/149 1862/1862/709/149 1863/1863/712/149 1864/1864/712/149
f 1948/1946/761/154 1949/1947/765/154 1946/1948/766/154 1947/1949/766/154
f 1952/1953/768/154 1953/1954/761/154 1950/1955/766/154 1951/1956/766/154
f 1957/1957/769/155 1958/1958/770/155 1959/1959/770/155 1960/1960/769/155
f 1958/1958/770/155 1961/1961/771/155 1962/1962/771/155 1959/1959/770/155
f 1963/1963/769/155 1964/1964/769/155 1965/1965/772/155 1966/1966/772/155
f 2007/2007/789/158 2008/2008/790/158 2009/2009/791/158 2010/2010/792/158
f 2011/2011/793/158 2012/2012/794/158 2013/2013/795/158 2014/2014/796/158
f 2012/2012/794/158 2007/2007/789/158 2010/2010/792/158 2013/2013/795/158
f 2015/2015/797/159 2016/2016/798/159 2017/2017/798/159 2018/2018/797/159
f 2016/2016/798/159 2019/2019/799/159 2020/2020/799/159 2017/2017/798/159
f 2021/2021/797/159 2022/2022/797/159 2023/2023/800/159 2024/2024/800/159
f 2036/2034/803/160 2037/2035/807/160 2034/2036/808/160 2035/2037/808/160
f 2040/2041/810/160 2041/2042/803/160 2038/2043/808/160 2039/2044/808/160
f 2056/2054/813/161 2057/2055/817/161 2054/2056/818/161 2055/2057/818/161
f 2060/2061/820/161 2061/2062/813/161 2058/2063/818/161 2059/2064/818/161
f 2065/2065/821/162 2066/2066/822/162 2067/2067/822/162 2068/2068/821/162
f 2066/2066/822/162 2069/2069/823/162 2070/2070/823/162 2067/2067/822/162
f 2071/2071/821/162 2072/2072/821/162 2073/2073/824/162 2074/2074/824/162
f 2111/2111/851/164 2112/2112/852/164 2113/2113/853/164 2114/2114/854/164
f 2115/2115/855/164 2116/2116/856/164 2117/2117/857/164 2118/2118/858/164
f 2116/2116/856/164 2111/2111/851/164 2114/2114/854/164 2117/2117/857/164
f 2119/2119/859/165 2120/2120/860/165 2121/2121/860/165 2122/2122/859/165
f 2120/2120/860/165 2123/2123/861/165 2124/2124/861/165 2121/2121/860/165
f 2125/2125/859/165 2126/2126/859/165 2127/2127/862/165 2128/2128/862/165
f 2173/2173/868/167 2174/2174/869/167 2175/2175/869/167 2176/2176/868/167
f 2174/2174/869/167 2177/2177/870/167 2178/2178/870/167 2175/2175/869/167
f 2179/2179/868/167 2180/2180/868/167 2181/2181/871/167 2182/2182/871/167
f 2333/2333/978/176 2334/2334/979/176 2335/2335/979/176 2336/2336/978/176
f 2334/2334/979/176 2337/2337/980/176 2338/2338/980/176 2335/2335/979/176
f 2339/2339/978/176 2340/2340/978/176 2341/2341/981/176 2342/2342/981/176
f 2354/2352/984/177 2355/2353/988/177 2352/2354/989/177 2353/2355/989/177
f 2358/2359/991/177 2359/2360/984/177 2356/2361/989/177 2357/2362/989/177
f 2374/2372/994/178 2375/2373/998/178 2372/2374/999/178 2373/2375/999/178
f 2378/2379/1001/178 2379/2380/994/178 2376/2381/999/178 2377/2382/999/178
f 2383/2383/1002/179 2384/2384/1003/179 2385/2385/1003/179 2386/2386/1002/179
f 2384/2384/1003/179 2387/2387/1004/179 2388/2388/1004/179 2385/2385/1003/179
f 2389/2389/1002/179 2390/2390/1002/179 2391/2391/1005/179 2392/2392/1005/179
f 2431/2431/1026/182 2432/2432/1027/182 2433/2433/1027/182 2434/2434/1026/182
f 2432/2432/1027/182 2435/2435/1028/182 2436/2436/1028/182 2433/2433/1027/182
f 2437/2437/1026/182 2438/2438/1026/182 2439/2439/1029/182 2440/2440/1029/182
f 2452/2450/1032/183 2453/2451/1036/183 2450/2452/1037/183 2451/2453/1037/183
f 2456/2457/1039/183 2457/2458/1032/183 2454/2459/1037/183 2455/2460/1037/183
f 2461/2461/1040/184 2462/2462/1041/184 2463/2463/1041/184 2464/2464/1040/184
f 2462/2462/1041/184 2465/2465/1042/184 2466/2466/1042/184 2463/2463/1041/184
f 2467/2467/1040/184 2468/2468/1040/184 2469/2469/1043/184 2470/2470/1043/184
f 2482/2480/1046/185 2483/2481/1050/185 2480/2482/1051/185 2481/2483/1051/185
f 2486/2487/1053/185 2487/2488/1046/185 2484/2489/1051/185 2485/2490/1051/185
f 2502/2500/1056/186 2503/2501/1060/186 2500/2502/1061/186 2501/2503/1061/186
f 2506/2507/1063/186 2507/2508/1056/186 2504/2509/1061/186 2505/2510/1061/186
f 2511/2511/1064/187 2512/2512/1065/187 2513/2513/1065/187 2514/2514/1064/187
f 2512/2512/1065/187 2515/2515/1066/187 2516/2516/1066/187 2513/2513/1065/187
f 2517/2517/1064/187 2518/2518/1064/187 2519/2519/1067/187 2520/2520/1067/187
f 2532/2530/1070/188 2533/2531/1074/188 2530/2532/1075/188 2531/2533/1075/188
f 2536/2537/1077/188 2537/2538/1070/188 2534/2539/1075/188 2535/2540/1075/188
f 2639/2639/1107/195 2640/2640/1108/195 2641/2641/1109/195 2642/2642/1110/195
f 2643/2643/1111/195 2644/2644/1112/195 2645/2645/1113/195 2646/2646/1114/195
f 2644/2644/1112/195 2639/2639/1107/195 2642/2642/1110/195 2645/2645/1113/195
f 2647/2647/1115/196 2648/2648/1116/196 2649/2649/1116/196 2650/2650/1115/196
f 2648/2648/1116/196 2651/2651/1117/196 2652/2652/1117/196 2649/2649/1116/196
f 2653/2653/1115/196 2654/2654/1115/196 2655/2655/1118/196 2656/2656/1118/196
f 2701/2701/1124/198 2702/2702/1125/198 2703/2703/1125/198 2704/2704/1124/198
f 2702/2702/1125/198 2705/2705/1126/198 2706/2706/1126/198 2703/2703/1125/198
f 2707/2707/1124/198 2708/2708/1124/198 2709/2709/1127/198 2710/2710/1127/198
f 2749/2749/1148/201 2750/2750/1149/201 2751/2751/1149/201 2752/2752/1148/201
f 2750/2750/1149/201 2753/2753/1150/201 2754/2754/1150/201 2751/2751/1149/201
f 2755/2755/1148/201 2756/2756/1148/201 2757/2757/1151/201 2758/2758/1151/201
f 2773/2773/1161/202 2774/2774/1162/202 2775/2775/1163/202 2776/2776/1164/202
f 2777/2777/1165/202 2778/2778/1166/202 2779/2779/1167/202 2780/2780/1168/202
f 2778/2778/1166/202 2773/2773/1161/202 2776/2776/1164/202 2779/2779/1167/202
f 2781/2781/1169/203 2782/2782/1170/203 2783/2783/1170/203 2784/2784/1169/203
f 2782/2782/1170/203 2785/2785/1171/203 2786/2786/1171/203 2783/2783/1170/203
f 2787/2787/1169/203 2788/2788/1169/203 2789/2789/1172/203 2790/2790/1172/203
f 2827/2827/1199/205 2828/2828/1200/205 2829/2829/1201/205 2830/2830/1202/205
f 2831/2831/1203/205 2832/2832/1204/205 2833/2833/1205/205 2834/2834/1206/205
f 2832/2832/1204/205 2827/2827/1199/205 2830/2830/1202/205 2833/2833/1205/205
f 2835/2835/1207/206 2836/2836/1208/206 2837/2837/1208/206 2838/2838/1207/206
f 2836/2836/1208/206 2839/2839/1209/206 2840/2840/1209/206 2837/2837/1208/206
f 2841/2841/1207/206 2842/2842/1207/206 2843/2843/1210/206 2844/2844/1210/206
f 256/256/66/62 257/257/67/62 258/258/68/62
f 257/257/67/62 259/259/69/62 258/258/68/62
f 258/258/68/62 259/259/69/62 260/260/70/62
f 259/259/69/62 261/261/71/62 260/260/70/62
f 262/262/70/62 263/263/72/62 264/264/73/62
f 380/380/116/68 381/381/117/68 382/382/118/68
f 381/381/117/68 383/383/119/68 382/382/118/68
f 382/382/118/68 383/383/119/68 384/384/120/68
f 383/383/119/68 385/385/121/68 384/384/120/68
f 386/386/120/68 387/387/122/68 388/388/123/68
f 407/407/136/70 408/408/137/70 409/409/138/70
f 408/408/137/70 410/410/139/70 409/409/138/70
f 409/409/138/70 410/410/139/70 411/411/140/70
f 412/412/141/70 413/413/139/70 414/414/138/70
f 413/413/139/70 415/415/137/70 414/414/138/70
f 424/420/144/70 425/421/138/70 426/422/140/70
f 427/427/146/71 428/428/147/71 429/429/148/71
f 428/428/147/71 430/430/149/71 429/429/148/71
f 429/429/148/71 430/430/149/71 431/431/150/71
f 432/432/151/71 433/433/149/71 434/434/148/71
f 433/433/149/71 435/435/147/71 434/434/148/71
f 444/440/154/71 445/441/148/71 446/442/150/71
f 619/619/240/83 620/620/241/83 621/621/242/83
f 620/620/241/83 622/622/243/83 621/621/242/83
f 621/621/242/83 622/622/243/83 623/623/244/83
f 624/624/245/83 625/625/243/83 626/626/242/83
f 625/625/243/83 627/627/241/83 626/626/242/83
f 636/632/248/83 637/633/242/83 638/634/244/83
f 665/665/257/86 666/666/258/86 667/667/259/86
f 666/666/258/86 668/668/260/86 667/667/259/86
f 667/667/259/86 668/668/260/86 669/669/261/86
f 670/670/262/86 671/671/260/86 672/672/259/86
f 671/671/260/86 673/673/258/86 672/672/259/86
f 682/678/265/86 683/679/259/86 684/680/261/86
f 758/758/285/92 759/759/286/92 760/760/287/92
f 759/759/286/92 761/761/288/92 760/760/287/92
f 760/760/287/92 761/761/288/92 762/762/289/92
f 761/761/288/92 763/763/290/92 762/762/289/92
f 764/764/289/92 765/765/291/92 766/766/292/92
f 938/938/366/102 939/939/367/102 940/940/368/102
f 939/939/367/102 941/941/369/102 940/940/368/102
f 940/940/368/102 941/941/369/102 942/942/370/102
f 941/941/369/102 943/943/371/102 942/942/370/102
f 944/944/370/102 945/945/372/102 946/946/373/102
f 955/955/382/103 956/956/383/103 957/957/384/103
f 956/956/383/103 958/958/385/103 957/957/384/103
f 957/957/384/103 958/958/385/103 959/959/386/103
f 960/960/387/103 961/961/385/103 962/962/384/103
f 961/961/385/103 963/963/383/103 962/962/384/103
f 972/968/390/103 973/969/384/103 974/970/386/103
f 975/975/392/104 976/976/393/104 977/977/394/104
f 976/976/393/104 978/978/395/104 977/977/394/104
f 977/977/394/104 978/978/395/104 979/979/396/104
f 980/980/397/104 981/981/395/104 982/982/394/104
f 981/981/395/104 983/983/393/104 982/982/394/104
f 992/988/400/104 993/989/394/104 994/990/396/104
f 1017/1017/419/106 1018/1018/420/106 1019/1019/421/106
f 1018/1018/420/106 1020/1020/422/106 1019/1019/421/106
f 1019/1019/421/106 1020/1020/422/106 1021/1021/423/106
f 1022/1022/424/106 1023/1023/422/106 1024/1024/421/106
f 1023/1023/422/106 1025/1025/420/106 1024/1024/421/106
f 1034/1030/427/106 1035/1031/421/106 1036/1032/423/106
f 1444/1444/519/126 1445/1445/520/126 1446/1446/521/126
f 1445/1445/520/126 1447/1447/522/126 1446/1446/521/126
f 1446/1446/521/126 1447/1447/522/126 1448/1448/523/126
f 1447/1447/522/126 1449/1449/524/126 1448/1448/523/126
f 1450/1450/523/126 1451/1451/525/126 1452/1452/526/126
f 1461/1461/535/127 1462/1462/536/127 1463/1463/537/127
f 1462/1462/536/127 1464/1464/538/127 1463/1463/537/127
f 1463/1463/537/127 1464/1464/538/127 1465/1465/539/127
f 1466/1466/540/127 1467/1467/538/127 1468/1468/537/127
f 1467/1467/538/127 1469/1469/536/127 1468/1468/537/127
f 1478/1474/543/127 1479/1475/537/127 1480/1476/539/127
f 1481/1481/545/128 1482/1482/546/128 1483/1483/547/128
f 1482/1482/546/128 1484/1484/548/128 1483/1483/547/128
f 1483/1483/547/128 1484/1484/548/128 1485/1485/549/128
f 1486/1486/550/128 1487/1487/548/128 1488/1488/547/128
f 1487/1487/548/128 1489/1489/546/128 1488/1488/547/128
f 1498/1494/553/128 1499/1495/547/128 1500/1496/549/128
f 1543/1543/592/131 1544/1544/593/131 1545/1545/594/131
f 1544/1544/593/131 1546/1546/595/131 1545/1545/594/131
f 1545/1545/594/131 1546/1546/595/131 1547/1547/596/131
f 1548/1548/597/131 1549/1549/595/131 1550/1550/594/131
f 1549/1549/595/131 1551/1551/593/131 1550/1550/594/131
f 1560/1556/600/131 1561/1557/594/131 1562/1558/596/131
f 1668/1668/641/139 1669/1669/642/139 1670/1670/643/139
f 1669/1669/642/139 1671/1671/644/139 1670/1670/643/139
f 1670/1670/643/139 1671/1671/644/139 1672/1672/645/139
f 1671/1671/644/139 1673/1673/646/139 1672/1672/645/139
f 1674/1674/645/139 1675/1675/647/139 1676/1676/648/139
f 1835/1835/699/148 1836/1836/700/148 1837/1837/701/148
f 1836/1836/700/148 1838/1838/702/148 1837/1837/701/148
f 1837/1837/701/148 1838/1838/702/148 1839/1839/703/148
f 1840/1840/704/148 1841/1841/702/148 1842/1842/701/148
f 1841/1841/702/148 1843/1843/700/148 1842/1842/701/148
f 1852/1848/707/148 1853/1849/701/148 1854/1850/703/148
f 1937/1937/759/154 1938/1938/760/154 1939/1939/761/154
f 1938/1938/760/154 1940/1940/762/154 1939/1939/761/154
f 1939/1939/761/154 1940/1940/762/154 1941/1941/763/154
f 1942/1942/764/154 1943/1943/762/154 1944/1944/761/154
f 1943/1943/762/154 1945/1945/760/154 1944/1944/761/154
f 1954/1950/767/154 1955/1951/761/154 1956/1952/763/154
f 1998/1998/781/158 1999/1999/782/158 2000/2000/783/158
f 1999/1999/782/158 2001/2001/784/158 2000/2000/783/158
f 2000/2000/783/158 2001/2001/784/158 2002/2002/785/158
f 2001/2001/784/158 2003/2003/786/158 2002/2002/785/158
f 2004/2004/785/158 2005/2005/787/158 2006/2006/788/158
f 2025/2025/801/160 2026/2026/802/160 2027/2027/803/160
f 2026/2026/802/160 2028/2028/804/160 2027/2027/803/160
f 2027/2027/803/160 2028/2028/804/160 2029/2029/805/160
f 2030/2030/806/160 2031/2031/804/160 2032/2032/803/160
f 2031/2031/804/160 2033/2033/802/160 2032/2032/803/160
f 2042/2038/809/160 2043/2039/803/160 2044/2040/805/160
f 2045/2045/811/161 2046/2046/812/161 2047/2047/813/161
f 2046/2046/812/161 2048/2048/814/161 2047/2047/813/161
f 2047/2047/813/161 2048/2048/814/161 2049/2049/815/161
f 2050/2050/816/161 2051/2051/814/161 2052/2052/813/161
f 2051/2051/814/161 2053/2053/812/161 2052/2052/813/161
f 2062/2058/819/161 2063/2059/813/161 2064/2060/815/161
f 2102/2102/843/164 2103/2103/844/164 2104/2104/845/164
f 2103/2103/844/164 2105/2105/846/164 2104/2104/845/164
f 2104/2104/845/164 2105/2105/846/164 2106/2106/847/164
f 2105/2105/846/164 2107/2107/848/164 2106/2106/847/164
f 2108/2108/847/164 2109/2109/849/164 2110/2110/850/164
f 2343/2343/982/177 2344/2344/983/177 2345/2345/984/177
f 2344/2344/983/177 2346/2346/985/177 2345/2345/984/177
f 2345/2345/984/177 2346/2346/985/177 2347/2347/986/177
f 2348/2348/987/177 2349/2349/985/177 2350/2350/984/177
f 2349/2349/985/177 2351/2351/983/177 2350/2350/984/177
f 2360/2356/990/177 2361/2357/984/177 2362/2358/986/177
f 2363/2363/992/178 2364/2364/993/178 2365/2365/994/178
f 2364/2364/993/178 2366/2366/995/178 2365/2365/994/178
f 2365/2365/994/178 2366/2366/995/178 2367/2367/996/178
f 2368/2368/997/178 2369/2369/995/178 2370/2370/994/178
f 2369/2369/995/178 2371/2371/993/178 2370/2370/994/178
f 2380/2376/1000/178 2381/2377/994/178 2382/2378/996/178
f 2441/2441/1030/183 2442/2442/1031/183 2443/2443/1032/183
f 2442/2442/1031/183 2444/2444/1033/183 2443/2443/1032/183
f 2443/2443/1032/183 2444/2444/1033/183 2445/2445/1034/183
f 2446/2446/1035/183 2447/2447/1033/183 2448/2448/1032/183
f 2447/2447/1033/183 2449/2449/1031/183 2448/2448/1032/183
f 2458/2454/1038/183 2459/2455/1032/183 2460/2456/1034/183
f 2471/2471/1044/185 2472/2472/1045/185 2473/2473/1046/185
f 2472/2472/1045/185 2474/2474/1047/185 2473/2473/1046/185
f 2473/2473/1046/185 2474/2474/1047/185 2475/2475/1048/185
f 2476/2476/1049/185 2477/2477/1047/185 2478/2478/1046/185
f 2477/2477/1047/185 2479/2479/1045/185 2478/2478/1046/185
f 2488/2484/1052/185 2489/2485/1046/185 2490/2486/1048/185
f 2491/2491/1054/186 2492/2492/1055/186 2493/2493/1056/186
f 2492/2492/1055/186 2494/2494/1057/186 2493/2493/1056/186
f 2493/2493/1056/186 2494/2494/1057/186 2495/2495/1058/186
f 2496/2496/1059/186 2497/2497/1057/186 2498/2498/1056/186
f 2497/2497/1057/186 2499/2499/1055/186 2498/2498/1056/186
f 2508/2504/1062/186 2509/2505/1056/186 2510/2506/1058/186
f 2521/2521/1068/188 2522/2522/1069/188 2523/2523/1070/188
f 2522/2522/1069/188 2524/2524/1071/188 2523/2523/1070/188
f 2523/2523/1070/188 2524/2524/1071/188 2525/2525/1072/188
f 2526/2526/1073/188 2527/2527/1071/188 2528/2528/1070/188
f 2527/2527/1071/188 2529/2529/1069/188 2528/2528/1070/188
f 2538/2534/1076/188 2539/2535/1070/188 2540/2536/1072/188
f 2630/2630/1099/195 2631/2631/1100/195 2632/2632/1101/195
f 2631/2631/1100/195 2633/2633/1102/195 2632/2632/1101/195
f 2632/2632/1101/195 2633/2633/1102/195 2634/2634/1103/195
f 2633/2633/1102/195 2635/2635/1104/195 2634/2634/1103/195
f 2636/2636/1103/195 2637/2637/1105/195 2638/2638/1106/195
f 2764/2764/1153/202 2765/2765/1154/202 2766/2766/1155/202
f 2765/2765/1154/202 2767/2767/1156/202 2766/2766/1155/202
f 2766/2766/1155/202 2767/2767/1156/202 2768/2768/1157/202
f 2767/2767/1156/202 2769/2769/1158/202 2768/2768/1157/202
f 2770/2770/1157/202 2771/2771/1159/202 2772/2772/1160/202
f 2818/2818/1191/205 2819/2819/1192/205 2820/2820/1193/205
f 2819/2819/1192/205 2821/2821/1194/205 2820/2820/1193/205
f 2820/2820/1193/205 2821/2821/1194/205 2822/2822/1195/205
f 2821/2821/1194/205 2823/2823/1196/205 2822/2822/1195/205
f 2824/2824/1195/205 2825/2825/1197/205 2826/2826/1198/205
usemtl grass01
s off
f 1/1/1/1 2/2/1/1 3/3/1/1 4/4/1/1
f 5/5/2/2 6/6/2/2 7/7/2/2 8/8/2/2
f 9/9/3/3 10/10/3/3 11/11/3/3 12/12/3/3
f 13/15/4/4 14/16/4/4 15/13/4/4 16/14/4/4
f 17/17/5/5 18/18/5/5 19/19/5/5 20/20/5/5
f 21/21/6/6 22/22/6/6 23/23/6/6 24/24/6/6
f 25/27/7/7 26/28/7/7 27/25/7/7 28/26/7/7
f 29/29/8/8 30/30/8/8 31/31/8/8 32/32/8/8
f 33/33/9/9 34/34/9/9 35/35/9/9 36/36/9/9
f 37/37/10/10 38/38/10/10 39/39/10/10 40/40/10/10
f 41/41/11/11 42/42/11/11 43/43/11/11 44/44/11/11
f 45/45/12/12 46/46/12/12 47/47/12/12 48/48/12/12
f 49/49/13/13 50/50/13/13 51/51/13/13 52/52/13/13
f 53/53/14/14 54/54/14/14 55/55/14/14 56/56/14/14
f 57/57/15/15 58/58/15/15 59/59/15/15 60/60/15/15
f 61/63/16/16 62/61/16/16 63/62/16/16 64/64/16/16
f 65/67/17/17 66/65/17/17 67/66/17/17 68/68/17/17
f 69/69/18/18 70/71/18/18 71/70/18/18 72/72/18/18
f 73/73/19/19 74/75/19/19 75/76/19/19 76/74/19/19
f 77/79/20/20 78/77/20/20 79/78/20/20 80/80/20/20
f 81/81/21/21 82/82/21/21 83/83/21/21 84/84/21/21
f 85/85/22/22 86/86/22/22 87/87/22/22 88/88/22/22
f 89/89/23/23 90/91/23/23 91/90/23/23 92/92/23/23
f 93/95/24/24 94/96/24/24 95/93/24/24 96/94/24/24
f 97/99/25/25 98/97/25/25 99/100/25/25 100/98/25/25
f 101/103/26/26 102/101/26/26 103/104/26/26 104/102/26/26
f 105/105/27/27 106/106/27/27 107/107/27/27 108/108/27/27
f 109/109/28/28 110/110/28/28 111/111/28/28 112/112/28/28
f 113/113/29/29 114/115/29/29 115/114/29/29 116/116/29/29
f 117/117/30/30 118/119/30/30 119/120/30/30 120/118/30/30
f 121/121/31/31 122/123/31/31 123/124/31/31 124/122/31/31
f 125/127/32/32 126/125/32/32 127/128/32/32 128/126/32/32
f 129/131/33/33 130/129/33/33 131/130/33/33 132/132/33/33
f 133/133/34/34 134/134/34/34 135/135/34/34 136/136/34/34
f 137/139/35/35 138/140/35/35 139/137/35/35 140/138/35/35
f 141/141/36/36 142/142/36/36 143/143/36/36 144/144/36/36
f 145/145/37/37 146/146/37/37 147/147/37/37 148/148/37/37
f 149/151/38/38 150/152/38/38 151/149/38/38 152/150/38/38
f 153/153/39/39 154/155/39/39 155/154/39/39 156/156/39/39
f 157/157/40/40 158/158/40/40 159/159/40/40 160/160/40/40
f 161/161/41/41 162/162/41/41 163/163/41/41 164/164/41/41
f 165/167/42/42 166/165/42/42 167/166/42/42 168/168/42/42
f 169/169/43/43 170/171/43/43 171/170/43/43 172/172/43/43
f 173/173/44/44 174/174/44/44 175/175/44/44 176/176/44/44
f 177/177/45/45 178/178/45/45 179/179/45/45 180/180/45/45
f 181/183/46/46 182/181/46/46 183/184/46/46 184/182/46/46
f 185/185/47/47 186/187/47/47 187/188/47/47 188/186/47/47
f 189/191/48/48 190/189/48/48 191/192/48/48 192/190/48/48
f 193/193/49/49 194/194/49/49 195/195/49/49 196/196/49/49
f 197/199/50/50 198/197/50/50 199/198/50/50 200/200/50/50
f 201/201/51/51 202/203/51/51 203/204/51/51 204/202/51/51
f 205/205/52/52 206/206/52/52 207/207/52/52 208/208/52/52
f 209/209/53/53 210/210/53/53 211/211/53/53 212/212/53/53
f 213/213/54/54 214/215/54/54 215/216/54/54 216/214/54/54
f 217/217/55/55 218/219/55/55 219/218/55/55 220/220/55/55
f 221/221/56/56 222/222/56/56 223/223/56/56 224/224/56/56
f 225/227/57/57 226/228/57/57 227/225/57/57 228/226/57/57
f 229/229/58/58 230/230/58/58 231/231/58/58 232/232/58/58
f 233/233/59/59 234/235/59/59 235/236/59/59 236/234/59/59
f 237/239/60/60 238/237/60/60 239/240/60/60 240/238/60/60
usemtl wallkn_g
s off
f 241/241/61/61 242/242/62/61 243/243/62/61 244/244/61/61
f 242/242/62/61 245/245/63/61 246/246/63/61 243/243/62/61
f 247/247/61/61 248/248/61/61 249/249/64/61 250/250/64/61
f 351/351/104/66 352/352/105/66 353/353/106/66 354/354/107/66
f 355/355/108/66 356/356/109/66 357/357/110/66 358/358/111/66
f 356/356/109/66 351/351/104/66 354/354/107/66 357/357/110/66
f 471/471/169/73 472/472/170/73 473/473/171/73 474/474/172/73
f 475/475/173/73 476/476/174/73 477/477/175/73 478/478/176/73
f 476/476/174/73 471/471/169/73 474/474/172/73 477/477/175/73
f 573/573/213/80 574/574/214/80 575/575/214/80 576/576/213/80
f 574/574/214/80 577/577/215/80 578/578/215/80 575/575/214/80
f 579/579/213/80 580/580/213/80 581/581/216/80 582/582/216/80
f 727/727/277/90 728/728/278/90 729/729/278/90 730/730/277/90
f 728/728/278/90 731/731/279/90 732/732/279/90 729/729/278/90
f 733/733/277/90 734/734/277/90 735/735/280/90 736/736/280/90
f 853/853/323/96 854/854/324/96 855/855/325/96 856/856/326/96
f 857/857/327/96 858/858/328/96 859/859/329/96 860/860/330/96
f 858/858/328/96 853/853/323/96 856/856/326/96 859/859/329/96
f 903/903/341/100 904/904/342/100 905/905/342/100 906/906/341/100
f 904/904/342/100 907/907/343/100 908/908/343/100 905/905/342/100
f 909/909/341/100 910/910/341/100 911/911/344/100 912/912/344/100
f 1009/1009/411/105 1010/1010/412/105 1011/1011/413/105 1012/1012/414/105
f 1013/1013/415/105 1014/1014/416/105 1015/1015/417/105 1016/1016/418/105
f 1014/1014/416/105 1009/1009/411/105 1012/1012/414/105 1015/1015/417/105
f 1051/1051/438/107 1052/1052/439/107 1053/1053/440/107 1054/1054/441/107
f 1055/1055/442/107 1056/1056/443/107 1057/1057/444/107 1058/1058/445/107
f 1056/1056/443/107 1051/1051/438/107 1054/1054/441/107 1057/1057/444/107
f 1069/1069/450/109 1070/1070/451/109 1071/1071/451/109 1072/1072/450/109
f 1070/1070/451/109 1073/1073/452/109 1074/1074/452/109 1071/1071/451/109
f 1075/1075/450/109 1076/1076/450/109 1077/1077/453/109 1078/1078/453/109
f 1079/1079/454/110 1080/1080/455/110 1081/1081/455/110 1082/1082/454/110
f 1080/1080/455/110 1083/1083/456/110 1084/1084/456/110 1081/1081/455/110
f 1085/1085/454/110 1086/1086/454/110 1087/1087/457/110 1088/1088/457/110
f 1409/1409/506/123 1410/1410/507/123 1411/1411/507/123 1412/1412/506/123
f 1410/1410/507/123 1413/1413/508/123 1414/1414/508/123 1411/1411/507/123
f 1415/1415/506/123 1416/1416/506/123 1417/1417/509/123 1418/1418/509/123
f 1419/1419/510/124 1420/1420/511/124 1421/1421/511/124 1422/1422/510/124
f 1420/1420/511/124 1423/1423/512/124 1424/1424/512/124 1421/1421/511/124
f 1425/1425/510/124 1426/1426/510/124 1427/1427/513/124 1428/1428/513/124
f 1429/1429/514/125 1430/1430/515/125 1431/1431/515/125 1432/1432/514/125
f 1430/1430/515/125 1433/1433/516/125 1434/1434/516/125 1431/1431/515/125
f 1435/1435/514/125 1436/1436/514/125 1437/1437/517/125 1438/1438/517/125
f 1515/1515/564/129 1516/1516/565/129 1517/1517/566/129 1518/1518/567/129
f 1519/1519/568/129 1520/1520/569/129 1521/1521/570/129 1522/1522/571/129
f 1520/1520/569/129 1515/1515/564/129 1518/1518/567/129 1521/1521/570/129
f 1577/1577/611/132 1578/1578/612/132 1579/1579/613/132 1580/1580/614/132
f 1581/1581/615/132 1582/1582/616/132 1583/1583/617/132 1584/1584/618/132
f 1582/1582/616/132 1577/1577/611/132 1580/1580/614/132 1583/1583/617/132
f 1627/1627/629/136 1628/1628/630/136 1629/1629/630/136 1630/1630/629/136
f 1628/1628/630/136 1631/1631/631/136 1632/1632/631/136 1629/1629/630/136
f 1633/1633/629/136 1634/1634/629/136 1635/1635/632/136 1636/1636/632/136
f 1637/1637/633/137 1638/1638/634/137 1639/1639/634/137 1640/1640/633/137
f 1638/1638/634/137 1641/1641/635/137 1642/1642/635/137 1639/1639/634/137
f 1643/1643/633/137 1644/1644/633/137 1645/1645/636/137 1646/1646/636/137
f 1763/1763/679/143 1764/1764/680/143 1765/1765/681/143 1766/1766/682/143
f 1767/1767/683/143 1768/1768/684/143 1769/1769/685/143 1770/1770/686/143
f 1768/1768/684/143 1763/1763/679/143 1766/1766/682/143 1769/1769/685/143
f 1967/1967/773/156 1968/1968/774/156 1969/1969/774/156 1970/1970/773/156
f 1968/1968/774/156 1971/1971/775/156 1972/1972/775/156 1969/1969/774/156
f 1973/1973/773/156 1974/1974/773/156 1975/1975/776/156 1976/1976/776/156
f 2089/2089/834/163 2090/2090/835/163 2091/2091/836/163 2092/2092/837/163
f 2093/2093/838/163 2094/2094/839/163 2095/2095/840/163 2096/2096/841/163
f 2094/2094/839/163 2089/2089/834/163 2092/2092/837/163 2095/2095/840/163
f 2197/2197/881/168 2198/2198/882/168 2199/2199/883/168 2200/2200/884/168
f 2201/2201/885/168 2202/2202/886/168 2203/2203/887/168 2204/2204/888/168
f 2202/2202/886/168 2197/2197/881/168 2200/2200/884/168 2203/2203/887/168
f 2407/2407/1015/180 2408/2408/1016/180 2409/2409/1017/180 2410/2410/1018/180
f 2411/2411/1019/180 2412/2412/1020/180 2413/2413/1021/180 2414/2414/1022/180
f 2412/2412/1020/180 2407/2407/1015/180 2410/2410/1018/180 2413/2413/1021/180
f 2541/2541/1078/189 2542/2542/1079/189 2543/2543/1079/189 2544/2544/1078/189
f 2542/2542/1079/189 2545/2545/1080/189 2546/2546/1080/189 2543/2543/1079/189
f 2547/2547/1078/189 2548/2548/1078/189 2549/2549/1081/189 2550/2550/1081/189
f 2599/2599/1091/193 2600/2600/1092/193 2601/2601/1092/193 2602/2602/1091/193
f 2600/2600/1092/193 2603/2603/1093/193 2604/2604/1093/193 2601/2601/1092/193
f 2605/2605/1091/193 2606/2606/1091/193 2607/2607/1094/193 2608/2608/1094/193
f 2725/2725/1137/199 2726/2726/1138/199 2727/2727/1139/199 2728/2728/1140/199
f 2729/2729/1141/199 2730/2730/1142/199 2731/2731/1143/199 2732/2732/1144/199
f 2730/2730/1142/199 2725/2725/1137/199 2728/2728/1140/199 2731/2731/1143/199
f 2805/2805/1182/204 2806/2806/1183/204 2807/2807/1184/204 2808/2808/1185/204
f 2809/2809/1186/204 2810/2810/1187/204 2811/2811/1188/204 2812/2812/1189/204
f 2810/2810/1187/204 2805/2805/1182/204 2808/2808/1185/204 2811/2811/1188/204
f 2859/2859/1220/207 2860/2860/1221/207 2861/2861/1222/207 2862/2862/1223/207
f 2863/2863/1224/207 2864/2864/1225/207 2865/2865/1226/207 2866/2866/1227/207
f 2864/2864/1225/207 2859/2859/1220/207 2862/2862/1223/207 2865/2865/1226/207
f 342/342/96/66 343/343/97/66 344/344/98/66
f 343/343/97/66 345/345/99/66 344/344/98/66
f 344/344/98/66 345/345/99/66 346/346/100/66
f 345/345/99/66 347/347/101/66 346/346/100/66
f 348/348/100/66 349/349/102/66 350/350/103/66
f 462/462/161/73 463/463/162/73 464/464/163/73
f 463/463/162/73 465/465/164/73 464/464/163/73
f 464/464/163/73 465/465/164/73 466/466/165/73
f 465/465/164/73 467/467/166/73 466/466/165/73
f 468/468/165/73 469/469/167/73 470/470/168/73
f 844/844/315/96 845/845/316/96 846/846/317/96
f 845/845/316/96 847/847/318/96 846/846/317/96
f 846/846/317/96 847/847/318/96 848/848/319/96
f 847/847/318/96 849/849/320/96 848/848/319/96
f 850/850/319/96 851/851/321/96 852/852/322/96
f 1000/1000/403/105 1001/1001/404/105 1002/1002/405/105
f 1001/1001/404/105 1003/1003/406/105 1002/1002/405/105
f 1002/1002/405/105 1003/1003/406/105 1004/1004/407/105
f 1003/1003/406/105 1005/1005/408/105 1004/1004/407/105
f 1006/1006/407/105 1007/1007/409/105 1008/1008/410/105
f 1042/1042/430/107 1043/1043/431/107 1044/1044/432/107
f 1043/1043/431/107 1045/1045/433/107 1044/1044/432/107
f 1044/1044/432/107 1045/1045/433/107 1046/1046/434/107
f 1045/1045/433/107 1047/1047/435/107 1046/1046/434/107
f 1048/1048/434/107 1049/1049/436/107 1050/1050/437/107
f 1506/1506/556/129 1507/1507/557/129 1508/1508/558/129
f 1507/1507/557/129 1509/1509/559/129 1508/1508/558/129
f 1508/1508/558/129 1509/1509/559/129 1510/1510/560/129
f 1509/1509/559/129 1511/1511/561/129 1510/1510/560/129
f 1512/1512/560/129 1513/1513/562/129 1514/1514/563/129
f 1568/1568/603/132 1569/1569/604/132 1570/1570/605/132
f 1569/1569/604/132 1571/1571/606/132 1570/1570/605/132
f 1570/1570/605/132 1571/1571/606/132 1572/1572/607/132
f 1571/1571/606/132 1573/1573/608/132 1572/1572/607/132
f 1574/1574/607/132 1575/1575/609/132 1576/1576/610/132
f 1754/1754/671/143 1755/1755/672/143 1756/1756/673/143
f 1755/1755/672/143 1757/1757/674/143 1756/1756/673/143
f 1756/1756/673/143 1757/1757/674/143 1758/1758/675/143
f 1757/1757/674/143 1759/1759/676/143 1758/1758/675/143
f 1760/1760/675/143 1761/1761/677/143 1762/1762/678/143
f 2080/2080/826/163 2081/2081/827/163 2082/2082/828/163
f 2081/2081/827/163 2083/2083/829/163 2082/2082/828/163
f 2082/2082/828/163 2083/2083/829/163 2084/2084/830/163
f 2083/2083/829/163 2085/2085/831/163 2084/2084/830/163
f 2086/2086/830/163 2087/2087/832/163 2088/2088/833/163
f 2188/2188/873/168 2189/2189/874/168 2190/2190/875/168
f 2189/2189/874/168 2191/2191/876/168 2190/2190/875/168
f 2190/2190/875/168 2191/2191/876/168 2192/2192/877/168
f 2191/2191/876/168 2193/2193/878/168 2192/2192/877/168
f 2194/2194/877/168 2195/2195/879/168 2196/2196/880/168
f 2398/2398/1007/180 2399/2399/1008/180 2400/2400/1009/180
f 2399/2399/1008/180 2401/2401/1010/180 2400/2400/1009/180
f 2400/2400/1009/180 2401/2401/1010/180 2402/2402/1011/180
f 2401/2401/1010/180 2403/2403/1012/180 2402/2402/1011/180
f 2404/2404/1011/180 2405/2405/1013/180 2406/2406/1014/180
f 2716/2716/1129/199 2717/2717/1130/199 2718/2718/1131/199
f 2717/2717/1130/199 2719/2719/1132/199 2718/2718/1131/199
f 2718/2718/1131/199 2719/2719/1132/199 2720/2720/1133/199
f 2719/2719/1132/199 2721/2721/1134/199 2720/2720/1133/199
f 2722/2722/1133/199 2723/2723/1135/199 2724/2724/1136/199
f 2796/2796/1174/204 2797/2797/1175/204 2798/2798/1176/204
f 2797/2797/1175/204 2799/2799/1177/204 2798/2798/1176/204
f 2798/2798/1176/204 2799/2799/1177/204 2800/2800/1178/204
f 2799/2799/1177/204 2801/2801/1179/204 2800/2800/1178/204
f 2802/2802/1178/204 2803/2803/1180/204 2804/2804/1181/204
f 2850/2850/1212/207 2851/2851/1213/207 2852/2852/1214/207
f 2851/2851/1213/207 2853/2853/1215/207 2852/2852/1214/207
f 2852/2852/1214/207 2853/2853/1215/207 2854/2854/1216/207
f 2853/2853/1215/207 2855/2855/1217/207 2854/2854/1216/207
f 2856/2856/1216/207 2857/2857/1218/207 2858/2858/1219/207
usemtl egrass_ri
s off
f 2891/2887/1233/213 2892/2888/1233/213 2893/2889/1233/213 2894/2890/1233/213
f 2899/2895/1233/213 2900/2896/1233/213 2901/2897/1233/213 2902/2898/1233/213
f 2923/2919/1238/218 2924/2920/1238/218 2925/2921/1238/218 2926/2922/1238/218
f 2939/2935/1240/220 2940/2936/1240/220 2941/2937/1240/220 2942/2938/1240/220
f 2975/2983/1248/228 2976/2984/1248/228 2977/2985/1248/228 2978/2986/1248/228
f 2979/2987/1248/228 2980/2988/1248/228 2981/2989/1248/228 2982/2990/1248/228
f 2995/3003/1250/230 2996/3004/1250/230 2997/3005/1250/230 2998/3006/1250/230
f 2999/3007/1250/230 3000/3008/1250/230 3001/3009/1250/230 3002/3010/1250/230
f 3039/3035/1257/237 3040/3036/1257/237 3041/3037/1257/237 3042/3038/1257/237
f 3051/3047/1258/238 3052/3048/1258/238 3053/3049/1258/238 3054/3050/1258/238
f 3071/3067/1261/241 3072/3068/1261/241 3073/3069/1261/241 3074/3070/1261/241
f 3079/3075/1261/241 3080/3076/1261/241 3081/3077/1261/241 3082/3078/1261/241
f 3167/3163/1280/256 3168/3164/1280/256 3169/3165/1280/256 3170/3166/1280/256
f 3183/3179/1282/258 3184/3180/1282/258 3185/3181/1282/258 3186/3182/1282/258
f 3207/3203/1286/262 3208/3204/1286/262 3209/3205/1286/262 3210/3206/1286/262
f 3223/3219/1288/264 3224/3220/1288/264 3225/3221/1288/264 3226/3222/1288/264
f 3239/3235/1290/266 3240/3236/1290/266 3241/3237/1290/266 3242/3238/1290/266
f 3263/3259/1294/270 3264/3260/1294/270 3265/3261/1294/270 3266/3262/1294/270
f 3295/3291/1300/276 3296/3292/1300/276 3297/3293/1300/276 3298/3294/1300/276
f 3311/3307/1302/278 3312/3308/1302/278 3313/3309/1302/278 3314/3310/1302/278
f 3327/3323/1304/280 3328/3324/1304/280 3329/3325/1304/280 3330/3326/1304/280
f 3343/3339/1306/282 3344/3340/1306/282 3345/3341/1306/282 3346/3342/1306/282
f 3383/3379/1314/290 3384/3380/1314/290 3385/3381/1314/290 3386/3382/1314/290
f 3395/3391/1315/291 3396/3392/1315/291 3397/3393/1315/291 3398/3394/1315/291
f 3411/3407/1317/293 3412/3408/1317/293 3413/3409/1317/293 3414/3410/1317/293
f 3423/3419/1318/294 3424/3420/1318/294 3425/3421/1318/294 3426/3422/1318/294
f 3475/3471/1329/305 3476/3472/1329/305 3477/3473/1329/305 3478/3474/1329/305
f 3499/3495/1333/309 3500/3496/1333/309 3501/3497/1333/309 3502/3498/1333/309
f 3519/3515/1336/312 3520/3516/1336/312 3521/3517/1336/312 3522/3518/1336/312
f 3535/3531/1338/314 3536/3532/1338/314 3537/3533/1338/314 3538/3534/1338/314
f 3559/3555/1342/318 3560/3556/1342/318 3561/3557/1342/318 3562/3558/1342/318
f 3575/3571/1344/320 3576/3572/1344/320 3577/3573/1344/320 3578/3574/1344/320
usemtl egrass
s off
f 2883/2883/1232/212 2884/2884/1232/212 2885/2885/1232/212 2886/2886/1232/212
f 2903/2903/1234/214 2904/2904/1234/214 2905/2905/1234/214 2906/2906/1234/214
f 2931/2931/1239/219 2932/2932/1239/219 2933/2933/1239/219 2934/2934/1239/219
f 2955/2955/1243/223 2956/2956/1243/223 2957/2957/1243/223 2958/2958/1243/223
f 2959/2959/1244/224 2960/2960/1244/224 2961/2961/1244/224 2962/2962/1244/224
f 2963/2963/1245/225 2964/2964/1245/225 2965/2965/1245/225 2966/2966/1245/225
f 2991/2991/1249/229 2992/2992/1249/229 2993/2993/1249/229 2994/2994/1249/229
f 3015/3015/1252/232 3016/3016/1252/232 3017/3017/1252/232 3018/3018/1252/232
f 3019/3019/1253/233 3020/3020/1253/233 3021/3021/1253/233 3022/3022/1253/233
f 3159/3159/1279/255 3160/3160/1279/255 3161/3161/1279/255 3162/3162/1279/255
f 3191/3191/1283/259 3192/3192/1283/259 3193/3193/1283/259 3194/3194/1283/259
f 3199/3199/1285/261 3200/3200/1285/261 3201/3201/1285/261 3202/3202/1285/261
f 3231/3231/1289/265 3232/3232/1289/265 3233/3233/1289/265 3234/3234/1289/265
f 3271/3271/1295/271 3272/3272/1295/271 3273/3273/1295/271 3274/3274/1295/271
f 3303/3303/1301/277 3304/3304/1301/277 3305/3305/1301/277 3306/3306/1301/277
f 3335/3335/1305/281 3336/3336/1305/281 3337/3337/1305/281 3338/3338/1305/281
f 3439/3439/1321/297 3440/3440/1321/297 3441/3441/1321/297 3442/3442/1321/297
f 3443/3443/1322/298 3444/3444/1322/298 3445/3445/1322/298 3446/3446/1322/298
f 3455/3455/1325/301 3456/3456/1325/301 3457/3457/1325/301 3458/3458/1325/301
f 3459/3459/1326/302 3460/3460/1326/302 3461/3461/1326/302 3462/3462/1326/302
f 3507/3507/1334/310 3508/3508/1334/310 3509/3509/1334/310 3510/3510/1334/310
f 3511/3511/1335/311 3512/3512/1335/311 3513/3513/1335/311 3514/3514/1335/311
f 3543/3543/1339/315 3544/3544/1339/315 3545/3545/1339/315 3546/3546/1339/315
f 3547/3547/1340/316 3548/3548/1340/316 3549/3549/1340/316 3550/3550/1340/316
f 3551/3551/1341/317 3552/3552/1341/317 3553/3553/1341/317 3554/3554/1341/317
usemtl TRANSPARENT
s off
f 251/251/65/62 252/252/65/62 253/253/65/62
f 252/252/65/62 254/254/65/62 253/253/65/62
f 255/255/65/62 254/254/65/62 252/252/65/62
f 337/337/95/66 338/338/95/66 339/339/95/66
f 338/338/95/66 340/340/95/66 339/339/95/66
f 341/341/95/66 340/340/95/66 338/338/95/66
f 375/375/115/68 376/376/115/68 377/377/115/68
f 376/376/115/68 378/378/115/68 377/377/115/68
f 379/379/115/68 378/378/115/68 376/376/115/68
f 457/457/160/73 458/458/160/73 459/459/160/73
f 458/458/160/73 460/460/160/73 459/459/160/73
f 461/461/160/73 460/460/160/73 458/458/160/73
f 753/753/284/92 754/754/284/92 755/755/284/92
f 754/754/284/92 756/756/284/92 755/755/284/92
f 757/757/284/92 756/756/284/92 754/754/284/92
f 839/839/314/96 840/840/314/96 841/841/314/96
f 840/840/314/96 842/842/314/96 841/841/314/96
f 843/843/314/96 842/842/314/96 840/840/314/96
f 933/933/365/102 934/934/365/102 935/935/365/102
f 934/934/365/102 936/936/365/102 935/935/365/102
f 937/937/365/102 936/936/365/102 934/934/365/102
f 995/995/402/105 996/996/402/105 997/997/402/105
f 996/996/402/105 998/998/402/105 997/997/402/105
f 999/999/402/105 998/998/402/105 996/996/402/105
f 1037/1037/429/107 1038/1038/429/107 1039/1039/429/107
f 1038/1038/429/107 1040/1040/429/107 1039/1039/429/107
f 1041/1041/429/107 1040/1040/429/107 1038/1038/429/107
f 1439/1439/518/126 1440/1440/518/126 1441/1441/518/126
f 1440/1440/518/126 1442/1442/518/126 1441/1441/518/126
f 1443/1443/518/126 1442/1442/518/126 1440/1440/518/126
f 1501/1501/555/129 1502/1502/555/129 1503/1503/555/129
f 1502/1502/555/129 1504/1504/555/129 1503/1503/555/129
f 1505/1505/555/129 1504/1504/555/129 1502/1502/555/129
f 1563/1563/602/132 1564/1564/602/132 1565/1565/602/132
f 1564/1564/602/132 1566/1566/602/132 1565/1565/602/132
f 1567/1567/602/132 1566/1566/602/132 1564/1564/602/132
f 1663/1663/640/139 1664/1664/640/139 1665/1665/640/139
f 1664/1664/640/139 1666/1666/640/139 1665/1665/640/139
f 1667/1667/640/139 1666/1666/640/139 1664/1664/640/139
f 1749/1749/670/143 1750/1750/670/143 1751/1751/670/143
f 1750/1750/670/143 1752/1752/670/143 1751/1751/670/143
f 1753/1753/670/143 1752/1752/670/143 1750/1750/670/143
f 1993/1993/780/158 1994/1994/780/158 1995/1995/780/158
f 1994/1994/780/158 1996/1996/780/158 1995/1995/780/158
f 1997/1997/780/158 1996/1996/780/158 1994/1994/780/158
f 2075/2075/825/163 2076/2076/825/163 2077/2077/825/163
f 2076/2076/825/163 2078/2078/825/163 2077/2077/825/163
f 2079/2079/825/163 2078/2078/825/163 2076/2076/825/163
f 2097/2097/842/164 2098/2098/842/164 2099/2099/842/164
f 2098/2098/842/164 2100/2100/842/164 2099/2099/842/164
f 2101/2101/842/164 2100/2100/842/164 2098/2098/842/164
f 2183/2183/872/168 2184/2184/872/168 2185/2185/872/168
f 2184/2184/872/168 2186/2186/872/168 2185/2185/872/168
f 2187/2187/872/168 2186/2186/872/168 2184/2184/872/168
f 2393/2393/1006/180 2394/2394/1006/180 2395/2395/1006/180
f 2394/2394/1006/180 2396/2396/1006/180 2395/2395/1006/180
f 2397/2397/1006/180 2396/2396/1006/180 2394/2394/1006/180
f 2625/2625/1098/195 2626/2626/1098/195 2627/2627/1098/195
f 2626/2626/1098/195 2628/2628/1098/195 2627/2627/1098/195
f 2629/2629/1098/195 2628/2628/1098/195 2626/2626/1098/195
f 2711/2711/1128/199 2712/2712/1128/199 2713/2713/1128/199
f 2712/2712/1128/199 2714/2714/1128/199 2713/2713/1128/199
f 2715/2715/1128/199 2714/2714/1128/199 2712/2712/1128/199
f 2759/2759/1152/202 2760/2760/1152/202 2761/2761/1152/202
f 2760/2760/1152/202 2762/2762/1152/202 2761/2761/1152/202
f 2763/2763/1152/202 2762/2762/1152/202 2760/2760/1152/202
f 2791/2791/1173/204 2792/2792/1173/204 2793/2793/1173/204
f 2792/2792/1173/204 2794/2794/1173/204 2793/2793/1173/204
f 2795/2795/1173/204 2794/2794/1173/204 2792/2792/1173/204
f 2813/2813/1190/205 2814/2814/1190/205 2815/2815/1190/205
f 2814/2814/1190/205 2816/2816/1190/205 2815/2815/1190/205
f 2817/2817/1190/205 2816/2816/1190/205 2814/2814/1190/205
f 2845/2845/1211/207 2846/2846/1211/207 2847/2847/1211/207
f 2846/2846/1211/207 2848/2848/1211/207 2847/2847/1211/207
f 2849/2849/1211/207 2848/2848/1211/207 2846/2846/1211/207
