mtllib Barrier-Reef_00_06.mtl
o map
v 12.25 5.0 -0.437501
v 12.75 3.75 -0.437501
v 13.125 5.0 -0.187501
v 14.0 4.125 -0.1875
v 14.0 4.875 0.0625
v 13.875 5.0 0.062498987
v 13.125 5.0 -0.187501
v 14.0 4.125 -0.1875
v 14.0 4.125 -0.1875
v 12.75 3.75 -0.437501
v 14.0 3.25 -0.4375
v 12.75 3.75 -0.437501
v 12.25 5.0 -0.437501
v 11.0 5.0 -0.437501
v 11.5 2.5 -0.437501
v 14.0 3.25 -0.4375
v 14.0 2.0 -0.4375
v 13.0 5.0 -0.500001
v 12.25 5.0 -0.562501
v 14.0 3.25 -0.5625
v 14.0 4.0 -0.5
v 14.0 5.0 0.0
v 13.0 5.0 -0.500001
v 14.0 4.0 -0.5
v 14.0 3.25 -0.5625
v 12.25 5.0 -0.562501
v 12.75 3.75 -0.562501
v 12.25 5.0 -0.4375
v 13.125 5.0 -0.1875
v 13.125 13.0 -0.1875
v 12.25 13.0 -0.4375
v 13.875 5.0 0.0625
v 13.875 13.0 0.0625
v 11.0 13.0 -0.4375
v 11.0 5.0 -0.4375
v 12.25 5.0 -0.4375
v 12.25 13.0 -0.4375
v 14.0 13.0 0.0
v 13.0 13.0 -0.5
v 13.0 5.0 -0.5
v 14.0 5.0 0.0
v 12.25 13.0 -0.5625
v 12.25 5.0 -0.5625
v 12.25 13.0 -0.4375
v 13.125 13.0 -0.1875
v 13.125 16.0 -0.1875
v 12.25 16.0 -0.4375
v 13.875 13.0 0.0625
v 13.875 16.0 0.0625
v 11.0 16.0 -0.4375
v 11.0 13.0 -0.4375
v 12.25 13.0 -0.4375
v 12.25 16.0 -0.4375
v 14.0 16.0 0.0
v 13.0 16.0 -0.5
v 13.0 13.0 -0.5
v 14.0 13.0 0.0
v 12.25 16.0 -0.5625
v 12.25 13.0 -0.5625
v 15.25 -12.0 -0.437501
v 15.75 -13.25 -0.437501
v 16.125 -12.0 -0.187501
v 17.0 -12.875 -0.1875
v 17.0 -12.125 0.0625
v 16.875 -12.0 0.062498987
v 16.125 -12.0 -0.187501
v 17.0 -12.875 -0.1875
v 17.0 -12.875 -0.1875
v 15.75 -13.25 -0.437501
v 17.0 -13.75 -0.4375
v 15.75 -13.25 -0.437501
v 15.25 -12.0 -0.437501
v 14.0 -12.0 -0.437501
v 14.5 -14.5 -0.437501
v 17.0 -13.75 -0.4375
v 17.0 -15.0 -0.4375
v 16.0 -12.0 -0.500001
v 15.25 -12.0 -0.562501
v 17.0 -13.75 -0.5625
v 17.0 -13.0 -0.5
v 17.0 -12.0 0.0
v 16.0 -12.0 -0.500001
v 17.0 -13.0 -0.5
v 17.0 -13.75 -0.5625
v 15.25 -12.0 -0.562501
v 15.75 -13.25 -0.562501
v 15.25 -12.0 -0.4375
v 16.125 -12.0 -0.1875
v 16.125 -4.0 -0.1875
v 15.25 -4.0 -0.4375
v 16.875 -12.0 0.0625
v 16.875 -4.0 0.0625
v 14.0 -4.0 -0.4375
v 14.0 -12.0 -0.4375
v 15.25 -12.0 -0.4375
v 15.25 -4.0 -0.4375
v 17.0 -4.0 0.0
v 16.0 -4.0 -0.5
v 16.0 -12.0 -0.5
v 17.0 -12.0 0.0
v 15.25 -4.0 -0.5625
v 15.25 -12.0 -0.5625
v 15.25 -4.0 -0.4375
v 16.125 -4.0 -0.1875
v 16.125 2.0 -0.1875
v 15.25 2.0 -0.4375
v 16.875 -4.0 0.0625
v 16.875 2.0 0.0625
v 14.0 2.0 -0.4375
v 14.0 -4.0 -0.4375
v 15.25 -4.0 -0.4375
v 15.25 2.0 -0.4375
v 17.0 2.0 0.0
v 16.0 2.0 -0.5
v 16.0 -4.0 -0.5
v 17.0 -4.0 0.0
v 15.25 2.0 -0.5625
v 15.25 -4.0 -0.5625
v 14.0 2.0 -0.4375
v 15.25 2.0 -0.4375
v 15.25 3.25 -0.4375
v 14.0 2.0 -0.4375
v 15.25 3.25 -0.4375
v 14.0 3.25 -0.4375
v 17.0 2.0 0.0
v 17.0 5.0 0.0
v 16.0 2.0 -0.5
v 16.0 4.0 -0.5
v 15.25 2.0 -0.5625
v 15.25 3.25 -0.5625
v 17.0 5.0 0.0
v 14.0 5.0 0.0
v 16.0 4.0 -0.5
v 14.0 4.0 -0.5
v 14.0 3.25 -0.5625
v 15.25 3.25 -0.5625
v 16.125 4.125 -0.1875
v 14.0 4.875 0.0625
v 14.0 4.125 -0.1875
v 15.25 3.25 -0.4375
v 15.25 3.25 -0.4375
v 15.25 2.0 -0.4375
v 16.125 4.125 -0.1875
v 16.125 2.0 -0.1875
v 16.875 4.875 0.0625
v 16.875 2.0 0.0625
v 14.0 3.25 -0.4375
v 16.875 4.875 0.0625
v 16.0 13.0 1.0E-6
v 14.0 13.0 1.0E-6
v 16.0 5.0 1.0E-6
v 14.0 5.0 1.0E-6
v 16.0 16.0 1.0E-6
v 14.0 16.0 1.0E-6
v 16.0 13.0 1.0E-6
v 14.0 13.0 1.0E-6
v 10.391602 -13.5 0.355469
v 10.681641 -14.339844 0.355469
v 10.986328 -13.972656 1.5136721
v 10.823242 -13.5 1.5136731
v 11.378906 -14.688477 0.355469
v 10.59375 -14.4453125 -0.43652302
v 11.378906 -14.837891 -0.43652302
v 12.095703 -12.660156 0.355469
v 12.095703 -12.5546875 -0.43652302
v 11.378906 -12.162109 -0.43652302
v 11.378906 -12.311523 0.355469
v 10.59375 -12.5546875 -0.43652302
v 10.267578 -13.5 -0.43652302
v 10.681641 -12.660156 0.355469
v 11.378906 -14.168945 1.5136721
v 10.986328 -13.027344 1.5136721
v 11.772461 -13.972656 1.5136721
v 12.165039 -14.4453125 -0.43652302
v 12.454102 -13.5 -0.43652302
v 11.737305 -13.071289 0.79980505
v 11.378906 -13.5 2.039063
v 12.114864 -14.893795 -0.3125
v 11.3102665 -13.5 -0.312499
v 11.3102665 -15.109193 -0.312499
v 10.505671 -14.893795 -0.312498
v 9.91731 -14.304596 -0.312498
v 9.701075 -13.5 -0.312498
v 9.91731 -12.695404 -0.312498
v 10.505671 -12.106205 -0.312498
v 11.3102665 -11.890807 -0.312499
v 12.114864 -12.106205 -0.3125
v 12.704063 -12.695404 -0.3125
v 12.919461 -13.5 -0.3125
v 12.704063 -14.304596 -0.3125
v 13.5 -11.608398 0.355469
v 14.339844 -11.318359 0.355469
v 13.972656 -11.013672 1.5136721
v 13.5 -11.176758 1.5136731
v 14.688477 -10.621094 0.355469
v 14.4453125 -11.40625 -0.43652302
v 14.837891 -10.621094 -0.43652302
v 12.660156 -9.904297 0.355469
v 12.5546875 -9.904297 -0.43652302
v 12.162109 -10.621094 -0.43652302
v 12.311523 -10.621094 0.355469
v 12.5546875 -11.40625 -0.43652302
v 13.5 -11.732422 -0.43652302
v 12.660156 -11.318359 0.355469
v 14.168945 -10.621094 1.5136721
v 13.027344 -11.013672 1.5136721
v 13.972656 -10.227539 1.5136721
v 14.4453125 -9.834961 -0.43652302
v 13.5 -9.545898 -0.43652302
v 13.071289 -10.262695 0.79980505
v 13.5 -10.621094 2.039063
v 14.893795 -9.885136 -0.3125
v 13.5 -10.6897335 -0.312499
v 15.109193 -10.6897335 -0.312499
v 14.893795 -11.494329 -0.312498
v 14.304596 -12.08269 -0.312498
v 13.5 -12.298925 -0.312498
v 12.695404 -12.08269 -0.312498
v 12.106205 -11.494329 -0.312498
v 11.890807 -10.6897335 -0.312499
v 12.106205 -9.885136 -0.3125
v 12.695404 -9.295937 -0.3125
v 13.5 -9.080539 -0.3125
v 14.304596 -9.295937 -0.3125
v 15.5 -8.608398 0.355469
v 16.339844 -8.318359 0.355469
v 15.972656 -8.013672 1.5136721
v 15.5 -8.176758 1.5136731
v 16.688477 -7.6210938 0.355469
v 16.445312 -8.40625 -0.43652302
v 16.83789 -7.6210938 -0.43652302
v 14.660156 -6.904297 0.355469
v 14.5546875 -6.904297 -0.43652302
v 14.162109 -7.6210938 -0.43652302
v 14.311523 -7.6210938 0.355469
v 14.5546875 -8.40625 -0.43652302
v 15.5 -8.732422 -0.43652302
v 14.660156 -8.318359 0.355469
v 16.168945 -7.6210938 1.5136721
v 15.027344 -8.013672 1.5136721
v 15.972656 -7.227539 1.5136721
v 16.445312 -6.834961 -0.43652302
v 15.5 -6.545899 -0.43652302
v 15.071289 -7.262695 0.79980505
v 15.5 -7.6210938 2.039063
v 16.893795 -6.885136 -0.3125
v 15.5 -7.689733 -0.312499
v 17.109192 -7.689733 -0.312499
v 16.893795 -8.494329 -0.312498
v 16.304596 -9.08269 -0.312498
v 15.5 -9.298925 -0.312498
v 14.695404 -9.08269 -0.312498
v 14.106205 -8.494329 -0.312498
v 13.890807 -7.689733 -0.312499
v 14.106205 -6.885136 -0.3125
v 14.695404 -6.295936 -0.3125
v 15.5 -6.0805387 -0.3125
v 16.304596 -6.295936 -0.3125
v -12.608398 14.5 -4.1445312
v -12.318359 13.660156 -4.1445312
v -12.013672 14.027344 -2.986328
v -12.176758 14.5 -2.986327
v -11.621094 13.311523 -4.1445312
v -12.40625 13.5546875 -4.936523
v -11.621094 13.162109 -4.936523
v -10.904297 15.339844 -4.1445312
v -10.904297 15.4453125 -4.936523
v -11.621094 15.837891 -4.936523
v -11.621094 15.688477 -4.1445312
v -12.40625 15.4453125 -4.936523
v -12.732422 14.5 -4.936523
v -12.318359 15.339844 -4.1445312
v -11.621094 13.831055 -2.986328
v -12.013672 14.972656 -2.986328
v -11.227539 14.027344 -2.986328
v -10.834961 13.5546875 -4.936523
v -10.545898 14.5 -4.936523
v -11.262695 14.928711 -3.7001948
v -11.621094 14.5 -2.460937
v -10.885136 13.106205 -4.8125
v -11.6897335 14.5 -4.812499
v -11.6897335 12.890807 -4.812499
v -12.494329 13.106205 -4.812498
v -13.08269 13.695404 -4.812498
v -13.298925 14.5 -4.812498
v -13.08269 15.304596 -4.812498
v -12.494329 15.893795 -4.812498
v -11.6897335 16.109194 -4.812499
v -10.885136 15.893795 -4.8125
v -10.295937 15.304596 -4.8125
v -10.080539 14.5 -4.8125
v -10.295937 13.695404 -4.8125
v -11.0 7.875 -4.500001
v -9.0 7.875 -4.500001
v -9.0 8.875 -4.500001
v -11.0 8.875 -4.500001
v -11.0 7.875 -4.625001
v -9.0 7.875 -4.625001
v -9.0 8.875 -4.625001
v -11.0 8.875 -4.625001
v -11.0 7.875 -4.875001
v -9.0 7.875 -4.875001
v -9.0 8.875 -4.875001
v -11.0 8.875 -4.875001
v -10.0 6.875 -4.500001
v -8.0 6.875 -4.500001
v -8.0 7.875 -4.500001
v -10.0 7.875 -4.500001
v -10.0 6.875 -4.625001
v -8.0 6.875 -4.625001
v -8.0 7.875 -4.625001
v -10.0 7.875 -4.625001
v -10.0 6.875 -4.875001
v -8.0 6.875 -4.875001
v -8.0 7.875 -4.875001
v -10.0 7.875 -4.875001
v -9.0 4.875 -4.500001
v -8.0 4.875 -4.500001
v -8.0 6.875 -4.500001
v -9.0 6.875 -4.500001
v -9.0 4.875 -4.625001
v -8.0 4.875 -4.625001
v -8.0 6.875 -4.625001
v -9.0 6.875 -4.625001
v -9.0 4.875 -4.875001
v -8.0 4.875 -4.875001
v -8.0 6.875 -4.875001
v -9.0 6.875 -4.875001
v -8.0 -6.125 -4.500001
v -7.0 -6.125 -4.500001
v -7.0 -3.125 -4.500001
v -8.0 -3.125 -4.500001
v -8.0 -6.125 -4.625001
v -7.0 -6.125 -4.625001
v -7.0 -3.125 -4.625001
v -8.0 -3.125 -4.625001
v -8.0 -6.125 -4.875001
v -7.0 -6.125 -4.875001
v -7.0 -3.125 -4.875001
v -8.0 -3.125 -4.875001
v -7.0 -7.125 -4.500001
v -6.0 -7.125 -4.500001
v -6.0 -4.125 -4.500001
v -7.0 -4.125 -4.500001
v -7.0 -7.125 -4.625001
v -6.0 -7.125 -4.625001
v -6.0 -4.125 -4.625001
v -7.0 -4.125 -4.625001
v -7.0 -7.125 -4.875001
v -6.0 -7.125 -4.875001
v -6.0 -4.125 -4.875001
v -7.0 -4.125 -4.875001
v -7.0 10.875 -3.500001
v -3.0 10.875 -3.500001
v -3.0 11.875 -3.500001
v -7.0 11.875 -3.500001
v -7.0 10.875 -3.625001
v -3.0 10.875 -3.625001
v -3.0 11.875 -3.625001
v -7.0 11.875 -3.625001
v -7.0 10.875 -3.875001
v -3.0 10.875 -3.875001
v -3.0 11.875 -3.875001
v -7.0 11.875 -3.875001
v -6.0 -8.125 -4.500001
v -5.0 -8.125 -4.500001
v -5.0 -5.125 -4.500001
v -6.0 -5.125 -4.500001
v -6.0 -8.125 -4.625001
v -5.0 -8.125 -4.625001
v -5.0 -5.125 -4.625001
v -6.0 -5.125 -4.625001
v -6.0 -8.125 -4.875001
v -5.0 -8.125 -4.875001
v -5.0 -5.125 -4.875001
v -6.0 -5.125 -4.875001
v -6.0 11.875 -3.500001
v -2.0 11.875 -3.500001
v -2.0 12.875 -3.500001
v -6.0 12.875 -3.500001
v -6.0 11.875 -3.625001
v -2.0 11.875 -3.625001
v -2.0 12.875 -3.625001
v -6.0 12.875 -3.625001
v -6.0 11.875 -3.875001
v -2.0 11.875 -3.875001
v -2.0 12.875 -3.875001
v -6.0 12.875 -3.875001
v -6.0 12.875 -3.500001
v -5.0 12.875 -3.500001
v -5.0 13.875 -3.500001
v -6.0 13.875 -3.500001
v -6.0 12.875 -3.625001
v -5.0 12.875 -3.625001
v -5.0 13.875 -3.625001
v -6.0 13.875 -3.625001
v -6.0 12.875 -3.875001
v -5.0 12.875 -3.875001
v -5.0 13.875 -3.875001
v -6.0 13.875 -3.875001
v -5.0 8.875 -3.500001
v -4.0 8.875 -3.500001
v -4.0 10.875 -3.500001
v -5.0 10.875 -3.500001
v -5.0 8.875 -3.625001
v -4.0 8.875 -3.625001
v -4.0 10.875 -3.625001
v -5.0 10.875 -3.625001
v -5.0 8.875 -3.875001
v -4.0 8.875 -3.875001
v -4.0 10.875 -3.875001
v -5.0 10.875 -3.875001
v -3.0 -0.125 -3.500001
v 0.0 -0.125 -3.500001
v 0.0 1.875 -3.500001
v -3.0 1.875 -3.500001
v -3.0 -0.125 -3.625001
v 0.0 -0.125 -3.625001
v 0.0 1.875 -3.625001
v -3.0 1.875 -3.625001
v -3.0 -0.125 -3.875001
v 0.0 -0.125 -3.875001
v 0.0 1.875 -3.875001
v -3.0 1.875 -3.875001
v -2.0 -10.125 -4.500001
v 0.0 -10.125 -4.500001
v 0.0 -9.125 -4.500001
v -2.0 -9.125 -4.500001
v -2.0 -10.125 -4.625001
v 0.0 -10.125 -4.625001
v 0.0 -9.125 -4.625001
v -2.0 -9.125 -4.625001
v -2.0 -10.125 -4.875001
v 0.0 -10.125 -4.875001
v 0.0 -9.125 -4.875001
v -2.0 -9.125 -4.875001
v -2.0 -1.125 -3.500001
v -1.0 -1.125 -3.500001
v -1.0 -0.125 -3.500001
v -2.0 -0.125 -3.500001
v -2.0 -1.125 -3.625001
v -1.0 -1.125 -3.625001
v -1.0 -0.125 -3.625001
v -2.0 -0.125 -3.625001
v -2.0 -1.125 -3.875001
v -1.0 -1.125 -3.875001
v -1.0 -0.125 -3.875001
v -2.0 -0.125 -3.875001
v -2.0 1.875 -3.500001
v -1.0 1.875 -3.500001
v -1.0 3.875 -3.500001
v -2.0 3.875 -3.500001
v -2.0 1.875 -3.625001
v -1.0 1.875 -3.625001
v -1.0 3.875 -3.625001
v -2.0 3.875 -3.625001
v -2.0 1.875 -3.875001
v -1.0 1.875 -3.875001
v -1.0 3.875 -3.875001
v -2.0 3.875 -3.875001
v -1.0 -12.125 -4.500001
v 0.0 -12.125 -4.500001
v 0.0 -10.125 -4.500001
v -1.0 -10.125 -4.500001
v -1.0 -12.125 -4.625001
v 0.0 -12.125 -4.625001
v 0.0 -10.125 -4.625001
v -1.0 -10.125 -4.625001
v -1.0 -12.125 -4.875001
v 0.0 -12.125 -4.875001
v 0.0 -10.125 -4.875001
v -1.0 -10.125 -4.875001
v -1.0 -9.125 -4.500001
v 0.0 -9.125 -4.500001
v 0.0 -8.125 -4.500001
v -1.0 -8.125 -4.500001
v -1.0 -9.125 -4.625001
v 0.0 -9.125 -4.625001
v 0.0 -8.125 -4.625001
v -1.0 -8.125 -4.625001
v -1.0 -9.125 -4.875001
v 0.0 -9.125 -4.875001
v 0.0 -8.125 -4.875001
v -1.0 -8.125 -4.875001
v -1.0 1.875 -3.500001
v 0.0 1.875 -3.500001
v 0.0 2.875 -3.500001
v -1.0 2.875 -3.500001
v -1.0 1.875 -3.625001
v 0.0 1.875 -3.625001
v 0.0 2.875 -3.625001
v -1.0 2.875 -3.625001
v -1.0 1.875 -3.875001
v 0.0 1.875 -3.875001
v 0.0 2.875 -3.875001
v -1.0 2.875 -3.875001
v -1.0 12.875 -2.500001
v 6.0 12.875 -2.500001
v 6.0 13.875 -2.500001
v -1.0 13.875 -2.500001
v -1.0 12.875 -2.625001
v 6.0 12.875 -2.625001
v 6.0 13.875 -2.625001
v -1.0 13.875 -2.625001
v -1.0 12.875 -2.875001
v 6.0 12.875 -2.875001
v 6.0 13.875 -2.875001
v -1.0 13.875 -2.875001
v 0.0 0.875 -3.500001
v 1.0 0.875 -3.500001
v 1.0 1.875 -3.500001
v 0.0 1.875 -3.500001
v 0.0 0.875 -3.625001
v 1.0 0.875 -3.625001
v 1.0 1.875 -3.625001
v 0.0 1.875 -3.625001
v 0.0 0.875 -3.875001
v 1.0 0.875 -3.875001
v 1.0 1.875 -3.875001
v 0.0 1.875 -3.875001
v 0.0 11.875 -2.500001
v 5.0 11.875 -2.500001
v 5.0 12.875 -2.500001
v 0.0 12.875 -2.500001
v 0.0 11.875 -2.625001
v 5.0 11.875 -2.625001
v 5.0 12.875 -2.625001
v 0.0 12.875 -2.625001
v 0.0 11.875 -2.875001
v 5.0 11.875 -2.875001
v 5.0 12.875 -2.875001
v 0.0 12.875 -2.875001
v 1.0 13.875 -2.500001
v 2.0 13.875 -2.500001
v 2.0 14.875 -2.500001
v 1.0 14.875 -2.500001
v 1.0 13.875 -2.625001
v 2.0 13.875 -2.625001
v 2.0 14.875 -2.625001
v 1.0 14.875 -2.625001
v 1.0 13.875 -2.875001
v 2.0 13.875 -2.875001
v 2.0 14.875 -2.875001
v 1.0 14.875 -2.875001
v 2.0 -16.125 -3.500001
v 3.0 -16.125 -3.500001
v 3.0 -14.125 -3.500001
v 2.0 -14.125 -3.500001
v 2.0 -16.125 -3.625001
v 3.0 -16.125 -3.625001
v 3.0 -14.125 -3.625001
v 2.0 -14.125 -3.625001
v 2.0 -16.125 -3.875001
v 3.0 -16.125 -3.875001
v 3.0 -14.125 -3.875001
v 2.0 -14.125 -3.875001
v 2.0 -8.125 -3.500001
v 5.0 -8.125 -3.500001
v 5.0 -7.125 -3.500001
v 2.0 -7.125 -3.500001
v 2.0 -8.125 -3.625001
v 5.0 -8.125 -3.625001
v 5.0 -7.125 -3.625001
v 2.0 -7.125 -3.625001
v 2.0 -8.125 -3.875001
v 5.0 -8.125 -3.875001
v 5.0 -7.125 -3.875001
v 2.0 -7.125 -3.875001
v 3.0 -16.125 -3.500001
v 4.0 -16.125 -3.500001
v 4.0 -15.125 -3.500001
v 3.0 -15.125 -3.500001
v 3.0 -16.125 -3.625001
v 4.0 -16.125 -3.625001
v 4.0 -15.125 -3.625001
v 3.0 -15.125 -3.625001
v 3.0 -16.125 -3.875001
v 4.0 -16.125 -3.875001
v 4.0 -15.125 -3.875001
v 3.0 -15.125 -3.875001
v 3.0 -10.125 -3.500001
v 5.0 -10.125 -3.500001
v 5.0 -8.125 -3.500001
v 3.0 -8.125 -3.500001
v 3.0 -10.125 -3.625001
v 5.0 -10.125 -3.625001
v 5.0 -8.125 -3.625001
v 3.0 -8.125 -3.625001
v 3.0 -10.125 -3.875001
v 5.0 -10.125 -3.875001
v 5.0 -8.125 -3.875001
v 3.0 -8.125 -3.875001
v 3.0 -7.125 -3.500001
v 4.0 -7.125 -3.500001
v 4.0 -5.125 -3.500001
v 3.0 -5.125 -3.500001
v 3.0 -7.125 -3.625001
v 4.0 -7.125 -3.625001
v 4.0 -5.125 -3.625001
v 3.0 -5.125 -3.625001
v 3.0 -7.125 -3.875001
v 4.0 -7.125 -3.875001
v 4.0 -5.125 -3.875001
v 3.0 -5.125 -3.875001
v 3.0 1.875 -2.500001
v 4.0 1.875 -2.500001
v 4.0 4.875 -2.500001
v 3.0 4.875 -2.500001
v 3.0 1.875 -2.625001
v 4.0 1.875 -2.625001
v 4.0 4.875 -2.625001
v 3.0 4.875 -2.625001
v 3.0 1.875 -2.875001
v 4.0 1.875 -2.875001
v 4.0 4.875 -2.875001
v 3.0 4.875 -2.875001
v 3.391602 7.5 -2.144531
v 3.681641 6.6601562 -2.144531
v 3.986328 7.0273438 -0.9863279
v 3.823242 7.5 -0.98632693
v 4.3789062 6.311523 -2.144531
v 3.59375 6.554688 -2.936523
v 4.3789062 6.162109 -2.936523
v 5.095703 8.339844 -2.144531
v 5.095703 8.4453125 -2.936523
v 4.3789062 8.837891 -2.936523
v 4.3789062 8.688477 -2.144531
v 3.59375 8.4453125 -2.936523
v 3.267578 7.5 -2.936523
v 3.681641 8.339844 -2.144531
v 4.3789062 6.831055 -0.9863279
v 3.986328 7.9726562 -0.9863279
v 4.772461 7.0273438 -0.9863279
v 5.165039 6.554688 -2.936523
v 5.454101 7.5 -2.936523
v 4.737305 7.928711 -1.700195
v 4.3789062 7.5 -0.46093702
v 5.114864 6.106205 -2.8125
v 4.310267 7.5 -2.812499
v 4.310267 5.890807 -2.812499
v 3.505671 6.106205 -2.812498
v 2.91731 6.695404 -2.812498
v 2.701075 7.5 -2.812498
v 2.91731 8.304596 -2.812498
v 3.505671 8.893795 -2.812498
v 4.310267 9.109193 -2.812499
v 5.114864 8.893795 -2.8125
v 5.704064 8.304596 -2.8125
v 5.9194613 7.5 -2.8125
v 5.704064 6.695404 -2.8125
v 3.0 9.875 -2.500001
v 4.0 9.875 -2.500001
v 4.0 11.875 -2.500001
v 3.0 11.875 -2.500001
v 3.0 9.875 -2.625001
v 4.0 9.875 -2.625001
v 4.0 11.875 -2.625001
v 3.0 11.875 -2.625001
v 3.0 9.875 -2.875001
v 4.0 9.875 -2.875001
v 4.0 11.875 -2.875001
v 3.0 11.875 -2.875001
v 3.0 13.875 -2.500001
v 6.0 13.875 -2.500001
v 6.0 14.875 -2.500001
v 3.0 14.875 -2.500001
v 3.0 13.875 -2.625001
v 6.0 13.875 -2.625001
v 6.0 14.875 -2.625001
v 3.0 14.875 -2.625001
v 3.0 13.875 -2.875001
v 6.0 13.875 -2.875001
v 6.0 14.875 -2.875001
v 3.0 14.875 -2.875001
v 4.0 -11.125 -3.500001
v 5.0 -11.125 -3.500001
v 5.0 -10.125 -3.500001
v 4.0 -10.125 -3.500001
v 4.0 -11.125 -3.625001
v 5.0 -11.125 -3.625001
v 5.0 -10.125 -3.625001
v 4.0 -10.125 -3.625001
v 4.0 -11.125 -3.875001
v 5.0 -11.125 -3.875001
v 5.0 -10.125 -3.875001
v 4.0 -10.125 -3.875001
v 4.0 0.875 -2.500001
v 5.0 0.875 -2.500001
v 5.0 2.875 -2.500001
v 4.0 2.875 -2.500001
v 4.0 0.875 -2.625001
v 5.0 0.875 -2.625001
v 5.0 2.875 -2.625001
v 4.0 2.875 -2.625001
v 4.0 0.875 -2.875001
v 5.0 0.875 -2.875001
v 5.0 2.875 -2.875001
v 4.0 2.875 -2.875001
v 5.0 -1.125 -2.500001
v 7.0 -1.125 -2.500001
v 7.0 -0.125 -2.500001
v 5.0 -0.125 -2.500001
v 5.0 -1.125 -2.625001
v 7.0 -1.125 -2.625001
v 7.0 -0.125 -2.625001
v 5.0 -0.125 -2.625001
v 5.0 -1.125 -2.875001
v 7.0 -1.125 -2.875001
v 7.0 -0.125 -2.875001
v 5.0 -0.125 -2.875001
v 6.0 -11.125 -2.500001
v 7.0 -11.125 -2.500001
v 7.0 -7.125 -2.500001
v 6.0 -7.125 -2.500001
v 6.0 -11.125 -2.625001
v 7.0 -11.125 -2.625001
v 7.0 -7.125 -2.625001
v 6.0 -7.125 -2.625001
v 6.0 -11.125 -2.875001
v 7.0 -11.125 -2.875001
v 7.0 -7.125 -2.875001
v 6.0 -7.125 -2.875001
v 6.0 -2.125 -2.500001
v 8.0 -2.125 -2.500001
v 8.0 -1.125 -2.500001
v 6.0 -1.125 -2.500001
v 6.0 -2.125 -2.625001
v 8.0 -2.125 -2.625001
v 8.0 -1.125 -2.625001
v 6.0 -1.125 -2.625001
v 6.0 -2.125 -2.875001
v 8.0 -2.125 -2.875001
v 8.0 -1.125 -2.875001
v 6.0 -1.125 -2.875001
v 6.0 -0.125 -2.500001
v 7.0 -0.125 -2.500001
v 7.0 0.875 -2.500001
v 6.0 0.875 -2.500001
v 6.0 -0.125 -2.625001
v 7.0 -0.125 -2.625001
v 7.0 0.875 -2.625001
v 6.0 0.875 -2.625001
v 6.0 -0.125 -2.875001
v 7.0 -0.125 -2.875001
v 7.0 0.875 -2.875001
v 6.0 0.875 -2.875001
v 7.0 -12.125 -2.500001
v 8.0 -12.125 -2.500001
v 8.0 -9.125 -2.500001
v 7.0 -9.125 -2.500001
v 7.0 -12.125 -2.625001
v 8.0 -12.125 -2.625001
v 8.0 -9.125 -2.625001
v 7.0 -9.125 -2.625001
v 7.0 -12.125 -2.875001
v 8.0 -12.125 -2.875001
v 8.0 -9.125 -2.875001
v 7.0 -9.125 -2.875001
v 7.0 5.875 -1.500001
v 8.0 5.875 -1.500001
v 8.0 9.875 -1.500001
v 7.0 9.875 -1.500001
v 7.0 5.875 -1.625001
v 8.0 5.875 -1.625001
v 8.0 9.875 -1.625001
v 7.0 9.875 -1.625001
v 7.0 5.875 -1.875001
v 8.0 5.875 -1.875001
v 8.0 9.875 -1.875001
v 7.0 9.875 -1.875001
v 8.0 -7.125 -2.500001
v 9.0 -7.125 -2.500001
v 9.0 -5.125 -2.500001
v 8.0 -5.125 -2.500001
v 8.0 -7.125 -2.625001
v 9.0 -7.125 -2.625001
v 9.0 -5.125 -2.625001
v 8.0 -5.125 -2.625001
v 8.0 -7.125 -2.875001
v 9.0 -7.125 -2.875001
v 9.0 -5.125 -2.875001
v 8.0 -5.125 -2.875001
v 8.0 4.875 -1.500001
v 9.0 4.875 -1.500001
v 9.0 7.875 -1.500001
v 8.0 7.875 -1.500001
v 8.0 4.875 -1.625001
v 9.0 4.875 -1.625001
v 9.0 7.875 -1.625001
v 8.0 7.875 -1.625001
v 8.0 4.875 -1.875001
v 9.0 4.875 -1.875001
v 9.0 7.875 -1.875001
v 8.0 7.875 -1.875001
v 8.0 11.875 -1.500001
v 10.0 11.875 -1.500001
v 10.0 12.875 -1.500001
v 8.0 12.875 -1.500001
v 8.0 11.875 -1.625001
v 10.0 11.875 -1.625001
v 10.0 12.875 -1.625001
v 8.0 12.875 -1.625001
v 8.0 11.875 -1.875001
v 10.0 11.875 -1.875001
v 10.0 12.875 -1.875001
v 8.0 12.875 -1.875001
v 9.0 -6.125 -2.500001
v 10.0 -6.125 -2.500001
v 10.0 -4.125 -2.500001
v 9.0 -4.125 -2.500001
v 9.0 -6.125 -2.625001
v 10.0 -6.125 -2.625001
v 10.0 -4.125 -2.625001
v 9.0 -4.125 -2.625001
v 9.0 -6.125 -2.875001
v 10.0 -6.125 -2.875001
v 10.0 -4.125 -2.875001
v 9.0 -4.125 -2.875001
v 9.0 10.875 -1.500001
v 10.0 10.875 -1.500001
v 10.0 11.875 -1.500001
v 9.0 11.875 -1.500001
v 9.0 10.875 -1.625001
v 10.0 10.875 -1.625001
v 10.0 11.875 -1.625001
v 9.0 11.875 -1.625001
v 9.0 10.875 -1.875001
v 10.0 10.875 -1.875001
v 10.0 11.875 -1.875001
v 9.0 11.875 -1.875001
v 9.0 12.875 -1.500001
v 10.0 12.875 -1.500001
v 10.0 13.875 -1.500001
v 9.0 13.875 -1.500001
v 9.0 12.875 -1.625001
v 10.0 12.875 -1.625001
v 10.0 13.875 -1.625001
v 9.0 13.875 -1.625001
v 9.0 12.875 -1.875001
v 10.0 12.875 -1.875001
v 10.0 13.875 -1.875001
v 9.0 13.875 -1.875001
v 10.0 -0.125 -1.500001
v 13.0 -0.125 -1.500001
v 13.0 0.875 -1.500001
v 10.0 0.875 -1.500001
v 10.0 -0.125 -1.625001
v 13.0 -0.125 -1.625001
v 13.0 0.875 -1.625001
v 10.0 0.875 -1.625001
v 10.0 -0.125 -1.875001
v 13.0 -0.125 -1.875001
v 13.0 0.875 -1.875001
v 10.0 0.875 -1.875001
v 11.0 -14.125 -1.500001
v 13.0 -14.125 -1.500001
v 13.0 -13.125 -1.500001
v 11.0 -13.125 -1.500001
v 11.0 -14.125 -1.625001
v 13.0 -14.125 -1.625001
v 13.0 -13.125 -1.625001
v 11.0 -13.125 -1.625001
v 11.0 -14.125 -1.875001
v 13.0 -14.125 -1.875001
v 13.0 -13.125 -1.875001
v 11.0 -13.125 -1.875001
v 11.0 -1.125 -1.500001
v 13.0 -1.125 -1.500001
v 13.0 -0.125 -1.500001
v 11.0 -0.125 -1.500001
v 11.0 -1.125 -1.625001
v 13.0 -1.125 -1.625001
v 13.0 -0.125 -1.625001
v 11.0 -0.125 -1.625001
v 11.0 -1.125 -1.875001
v 13.0 -1.125 -1.875001
v 13.0 -0.125 -1.875001
v 11.0 -0.125 -1.875001
v 12.0 -15.125 -1.500001
v 13.0 -15.125 -1.500001
v 13.0 -14.125 -1.500001
v 12.0 -14.125 -1.500001
v 12.0 -15.125 -1.625001
v 13.0 -15.125 -1.625001
v 13.0 -14.125 -1.625001
v 12.0 -14.125 -1.625001
v 12.0 -15.125 -1.875001
v 13.0 -15.125 -1.875001
v 13.0 -14.125 -1.875001
v 12.0 -14.125 -1.875001
v 12.0 -13.125 -1.500001
v 13.0 -13.125 -1.500001
v 13.0 -12.125 -1.500001
v 12.0 -12.125 -1.500001
v 12.0 -13.125 -1.625001
v 13.0 -13.125 -1.625001
v 13.0 -12.125 -1.625001
v 12.0 -12.125 -1.625001
v 12.0 -13.125 -1.875001
v 13.0 -13.125 -1.875001
v 13.0 -12.125 -1.875001
v 12.0 -12.125 -1.875001
v 12.0 -3.125 -1.500001
v 13.0 -3.125 -1.500001
v 13.0 -1.125 -1.500001
v 12.0 -1.125 -1.500001
v 12.0 -3.125 -1.625001
v 13.0 -3.125 -1.625001
v 13.0 -1.125 -1.625001
v 12.0 -1.125 -1.625001
v 12.0 -3.125 -1.875001
v 13.0 -3.125 -1.875001
v 13.0 -1.125 -1.875001
v 12.0 -1.125 -1.875001
v -8.0 -8.0 -5.999999
v -16.0 -8.0 -5.999999
v -8.0 -16.0 -5.999999
v -16.0 -16.0 -5.999999
v -10.0 0.0 -5.999999
v -16.0 0.0 -5.999999
v -10.0 -8.0 -5.999999
v -16.0 -8.0 -5.999999
v -13.0 8.0 -5.999999
v -16.0 8.0 -5.999999
v -13.0 0.0 -5.999999
v -16.0 0.0 -5.999999
v -14.0 16.0 -5.999999
v -16.0 16.0 -5.999999
v -14.0 8.0 -5.999999
v -16.0 8.0 -5.999999
v -13.0 10.0 -5.999999
v -14.0 10.0 -5.999999
v -13.0 8.0 -5.999999
v -14.0 8.0 -5.999999
v -14.0 10.999999 -6.0
v -14.0 9.999999 -6.0
v -13.9375 10.374999 -6.0
v -13.6875 10.062499 -6.0
v -13.0 9.999999 -6.0
v -13.6875 10.062499 -6.0
v -13.0 9.999999 -6.0
v -13.0 10.210937 -5.901367
v -13.5 10.249999 -5.901367
v -14.0 10.999999 -6.0
v -13.9375 10.374999 -6.0
v -13.75 10.562499 -5.901367
v -13.7890625 10.999999 -5.901367
v -13.7890625 10.999999 -5.901367
v -13.75 10.562499 -5.901367
v -13.330078 10.999999 -5.0029287
v -13.5 10.249999 -5.901367
v -13.0 10.669921 -5.0029287
v -13.0 10.210937 -5.901367
v -13.0 10.669921 -5.0029287
v -13.0 10.999999 -5.0
v -13.330078 10.999999 -5.0029287
v -13.7890625 11.0 -5.901367
v -13.330079 11.0 -5.0029287
v -13.330079 16.0 -5.0029287
v -13.7890625 16.0 -5.901367
v -13.000001 11.0 -5.0
v -13.000001 16.0 -5.0
v -13.7890625 11.0 -5.901367
v -13.7890625 16.0 -5.901367
v -14.000001 16.0 -6.0
v -14.000001 11.0 -6.0
v -11.0 7.0 -5.999999
v -13.0 7.0 -5.999999
v -11.0 0.0 -5.999999
v -13.0 0.0 -5.999999
v -13.0 7.999999 -6.0
v -13.0 6.999999 -6.0
v -12.9375 7.374999 -6.0
v -12.6875 7.062499 -6.0
v -12.0 6.999999 -6.0
v -12.6875 7.062499 -6.0
v -12.0 6.999999 -6.0
v -12.0 7.210937 -5.901367
v -12.5 7.249999 -5.901367
v -13.0 7.999999 -6.0
v -12.9375 7.374999 -6.0
v -12.75 7.562499 -5.901367
v -12.7890625 7.999999 -5.901367
v -12.7890625 7.999999 -5.901367
v -12.75 7.562499 -5.901367
v -12.330078 7.999999 -5.0029287
v -12.5 7.249999 -5.901367
v -12.0 7.669921 -5.0029287
v -12.0 7.210937 -5.901367
v -12.0 7.669921 -5.0029287
v -12.0 7.999999 -5.0
v -12.330078 7.999999 -5.0029287
v -12.7890625 8.0 -5.901367
v -12.330079 8.0 -5.0029287
v -12.330079 10.0 -5.0029287
v -12.7890625 10.0 -5.901367
v -12.000001 8.0 -5.0
v -12.000001 10.0 -5.0
v -12.7890625 8.0 -5.901367
v -12.7890625 10.0 -5.901367
v -13.000001 10.0 -6.0
v -13.000001 8.0 -6.0
v -12.330078 10.669921 -5.0029287
v -12.330078 9.999999 -5.0029287
v -12.0 9.999999 -5.0
v -12.0 10.999999 -5.0
v -13.0 10.669921 -5.0029287
v -12.330078 10.669921 -5.0029287
v -12.0 10.999999 -5.0
v -13.0 10.999999 -5.0
v -13.0 10.669921 -5.0029287
v -13.0 10.2109375 -5.901367
v -12.330078 10.669921 -5.0029287
v -12.894531 10.105468 -5.901367
v -12.7890625 9.999999 -5.901367
v -12.7890625 9.999999 -5.901367
v -12.894531 10.105468 -5.901367
v -13.0 9.999999 -6.0
v -13.0 10.2109375 -5.901367
v -12.330078 9.999999 -5.0029287
v -12.330078 10.669921 -5.0029287
v -12.7890625 9.999999 -5.901367
v -10.0 16.0 -4.999999
v -13.0 16.0 -4.999999
v -10.0 11.0 -4.999999
v -13.0 11.0 -4.999999
v -11.0 7.210937 -5.901367
v -11.0 7.669921 -5.0029287
v -12.0 7.669921 -5.0029287
v -12.0 7.210937 -5.901367
v -11.0 7.999999 -5.0
v -12.0 7.999999 -5.0
v -11.0 7.210937 -5.901367
v -12.0 7.210937 -5.901367
v -12.0 6.999999 -6.0
v -11.0 6.999999 -6.0
v -6.0 10.0 -4.999999
v -12.0 10.0 -4.999999
v -6.0 8.0 -4.999999
v -12.0 8.0 -4.999999
v -9.0 11.0 -4.999999
v -12.0 11.0 -4.999999
v -9.0 10.0 -4.999999
v -12.0 10.0 -4.999999
v -10.0 6.0 -5.999999
v -11.0 6.0 -5.999999
v -10.0 0.0 -5.999999
v -11.0 0.0 -5.999999
v -11.0 6.999999 -6.0
v -11.0 5.999999 -6.0
v -10.9375 6.374999 -6.0
v -10.6875 6.062499 -6.0
v -10.0 5.999999 -6.0
v -10.6875 6.062499 -6.0
v -10.0 5.999999 -6.0
v -10.0 6.210937 -5.901367
v -10.5 6.249999 -5.901367
v -11.0 6.999999 -6.0
v -10.9375 6.374999 -6.0
v -10.75 6.562499 -5.901367
v -10.7890625 6.999999 -5.901367
v -10.7890625 6.999999 -5.901367
v -10.75 6.562499 -5.901367
v -10.330078 6.999999 -5.0029287
v -10.5 6.249999 -5.901367
v -10.0 6.669921 -5.0029287
v -10.0 6.210937 -5.901367
v -10.0 6.669921 -5.0029287
v -10.0 6.999999 -5.0
v -10.330078 6.999999 -5.0029287
v -10.330078 7.669921 -5.0029287
v -10.330078 6.999999 -5.0029287
v -10.0 6.999999 -5.0
v -10.0 7.999999 -5.0
v -11.0 7.669921 -5.0029287
v -10.330078 7.669921 -5.0029287
v -10.0 7.999999 -5.0
v -11.0 7.999999 -5.0
v -11.0 7.669921 -5.0029287
v -11.0 7.210937 -5.901367
v -10.330078 7.669921 -5.0029287
v -10.894531 7.105468 -5.901367
v -10.7890625 6.999999 -5.901367
v -10.7890625 6.999999 -5.901367
v -10.894531 7.105468 -5.901367
v -11.0 6.999999 -6.0
v -11.0 7.210937 -5.901367
v -10.330078 6.999999 -5.0029287
v -10.330078 7.669921 -5.0029287
v -10.7890625 6.999999 -5.901367
v -9.0 -1.0 -5.999999
v -10.0 -1.0 -5.999999
v -9.0 -8.0 -5.999999
v -10.0 -8.0 -5.999999
v -10.0 -1.013279E-6 -6.0
v -10.0 -1.000001 -6.0
v -9.9375 -0.625001 -6.0
v -9.6875 -0.937501 -6.0
v -9.0 -1.000001 -6.0
v -9.6875 -0.937501 -6.0
v -9.0 -1.000001 -6.0
v -9.0 -0.789063 -5.901367
v -9.5 -0.750001 -5.901367
v -10.0 -1.013279E-6 -6.0
v -9.9375 -0.625001 -6.0
v -9.75 -0.437501 -5.901367
v -9.7890625 -1.013279E-6 -5.901367
v -9.7890625 -1.013279E-6 -5.901367
v -9.75 -0.437501 -5.901367
v -9.330078 -1.013279E-6 -5.0029287
v -9.5 -0.750001 -5.901367
v -9.0 -0.33007902 -5.0029287
v -9.0 -0.789063 -5.901367
v -9.0 -0.33007902 -5.0029287
v -9.0 -1.013279E-6 -5.0
v -9.330078 -1.013279E-6 -5.0029287
v -9.7890625 0.0 -5.901367
v -9.330079 0.0 -5.0029287
v -9.330079 6.0 -5.0029287
v -9.7890625 6.0 -5.901367
v -9.000001 0.0 -5.0
v -9.000001 6.0 -5.0
v -9.7890625 0.0 -5.901367
v -9.7890625 6.0 -5.901367
v -10.000001 6.0 -6.0
v -10.000001 0.0 -6.0
v -9.330078 6.669921 -5.0029287
v -9.330078 5.999999 -5.0029287
v -9.0 5.999999 -5.0
v -9.0 6.999999 -5.0
v -10.0 6.669921 -5.0029287
v -9.330078 6.669921 -5.0029287
v -9.0 6.999999 -5.0
v -10.0 6.999999 -5.0
v -10.0 6.669921 -5.0029287
v -10.0 6.210937 -5.901367
v -9.330078 6.669921 -5.0029287
v -9.894531 6.105468 -5.901367
v -9.7890625 5.999999 -5.901367
v -9.7890625 5.999999 -5.901367
v -9.894531 6.105468 -5.901367
v -10.0 5.999999 -6.0
v -10.0 6.210937 -5.901367
v -9.330078 5.999999 -5.0029287
v -9.330078 6.669921 -5.0029287
v -9.7890625 5.999999 -5.901367
v -6.0 8.0 -4.999999
v -10.0 8.0 -4.999999
v -6.0 7.0 -4.999999
v -10.0 7.0 -4.999999
v -9.0 13.0 -4.999999
v -10.0 13.0 -4.999999
v -9.0 11.0 -4.999999
v -10.0 11.0 -4.999999
v -10.0 13.999999 -5.0
v -10.0 12.999999 -5.0
v -9.9375 13.374999 -5.0
v -9.6875 13.062499 -5.0
v -9.0 12.999999 -5.0
v -9.6875 13.062499 -5.0
v -9.0 12.999999 -5.0
v -9.0 13.210937 -4.901367
v -9.5 13.249999 -4.901367
v -10.0 13.999999 -5.0
v -9.9375 13.374999 -5.0
v -9.75 13.562499 -4.901367
v -9.7890625 13.999999 -4.901367
v -9.7890625 13.999999 -4.901367
v -9.75 13.562499 -4.901367
v -9.330078 13.999999 -4.0029287
v -9.5 13.249999 -4.901367
v -9.0 13.669921 -4.0029287
v -9.0 13.210937 -4.901367
v -9.0 13.669921 -4.0029287
v -9.0 13.999999 -4.0
v -9.330078 13.999999 -4.0029287
v -9.7890625 14.0 -4.901367
v -9.330079 14.0 -4.0029287
v -9.330079 16.0 -4.0029287
v -9.7890625 16.0 -4.901367
v -9.000001 14.0 -4.0
v -9.000001 16.0 -4.0
v -9.7890625 14.0 -4.901367
v -9.7890625 16.0 -4.901367
v -10.000001 16.0 -5.0
v -10.000001 14.0 -5.0
v -8.0 -7.0 -5.999999
v -9.0 -7.0 -5.999999
v -8.0 -8.0 -5.999999
v -9.0 -8.0 -5.999999
v -9.0 -6.000001 -6.0
v -9.0 -7.000001 -6.0
v -8.9375 -6.625001 -6.0
v -8.6875 -6.937501 -6.0
v -8.0 -7.000001 -6.0
v -8.6875 -6.937501 -6.0
v -8.0 -7.000001 -6.0
v -8.0 -6.789063 -5.901367
v -8.5 -6.750001 -5.901367
v -9.0 -6.000001 -6.0
v -8.9375 -6.625001 -6.0
v -8.75 -6.437501 -5.901367
v -8.7890625 -6.000001 -5.901367
v -8.7890625 -6.000001 -5.901367
v -8.75 -6.437501 -5.901367
v -8.330078 -6.000001 -5.0029287
v -8.5 -6.750001 -5.901367
v -8.0 -6.330079 -5.0029287
v -8.0 -6.789063 -5.901367
v -8.0 -6.330079 -5.0029287
v -8.0 -6.000001 -5.0
v -8.330078 -6.000001 -5.0029287
v -8.7890625 -6.0 -5.901367
v -8.330079 -6.0 -5.0029287
v -8.330079 -1.0 -5.0029287
v -8.7890625 -1.0 -5.901367
v -8.000001 -6.0 -5.0
v -8.000001 -1.0 -5.0
v -8.7890625 -6.0 -5.901367
v -8.7890625 -1.0 -5.901367
v -9.000001 -1.0 -6.0
v -9.000001 -6.0 -6.0
v -8.330078 -0.33007896 -5.0029287
v -8.330078 -1.000001 -5.0029287
v -8.0 -1.000001 -5.0
v -8.0 -1.013279E-6 -5.0
v -9.0 -0.33007896 -5.0029287
v -8.330078 -0.33007896 -5.0029287
v -8.0 -1.013279E-6 -5.0
v -9.0 -1.013279E-6 -5.0
v -9.0 -0.33007896 -5.0029287
v -9.0 -0.789063 -5.901367
v -8.330078 -0.33007896 -5.0029287
v -8.894531 -0.894532 -5.901367
v -8.7890625 -1.000001 -5.901367
v -8.7890625 -1.000001 -5.901367
v -8.894531 -0.894532 -5.901367
v -9.0 -1.000001 -6.0
v -9.0 -0.789063 -5.901367
v -8.330078 -1.000001 -5.0029287
v -8.330078 -0.33007896 -5.0029287
v -8.7890625 -1.000001 -5.901367
v -4.0 7.0 -4.999999
v -9.0 7.0 -4.999999
v -4.0 0.0 -4.999999
v -9.0 0.0 -4.999999
v -9.0 10.999999 -5.0
v -9.0 9.999999 -5.0
v -8.9375 10.374999 -5.0
v -8.6875 10.062499 -5.0
v -8.0 9.999999 -5.0
v -8.6875 10.062499 -5.0
v -8.0 9.999999 -5.0
v -8.0 10.210937 -4.901367
v -8.5 10.249999 -4.901367
v -9.0 10.999999 -5.0
v -8.9375 10.374999 -5.0
v -8.75 10.562499 -4.901367
v -8.7890625 10.999999 -4.901367
v -8.7890625 10.999999 -4.901367
v -8.75 10.562499 -4.901367
v -8.330078 10.999999 -4.0029287
v -8.5 10.249999 -4.901367
v -8.0 10.669921 -4.0029287
v -8.0 10.210937 -4.901367
v -8.0 10.669921 -4.0029287
v -8.0 10.999999 -4.0
v -8.330078 10.999999 -4.0029287
v -8.7890625 11.0 -4.901367
v -8.330079 11.0 -4.0029287
v -8.330079 13.0 -4.0029287
v -8.7890625 13.0 -4.901367
v -8.000001 11.0 -4.0
v -8.000001 13.0 -4.0
v -8.7890625 11.0 -4.901367
v -8.7890625 13.0 -4.901367
v -9.000001 13.0 -5.0
v -9.000001 11.0 -5.0
v -8.330078 13.669921 -4.0029287
v -8.330078 12.999999 -4.0029287
v -8.0 12.999999 -4.0
v -8.0 13.999999 -4.0
v -9.0 13.669921 -4.0029287
v -8.330078 13.669921 -4.0029287
v -8.0 13.999999 -4.0
v -9.0 13.999999 -4.0
v -9.0 13.669921 -4.0029287
v -9.0 13.2109375 -4.901367
v -8.330078 13.669921 -4.0029287
v -8.894531 13.105468 -4.901367
v -8.7890625 12.999999 -4.901367
v -8.7890625 12.999999 -4.901367
v -8.894531 13.105468 -4.901367
v -9.0 12.999999 -5.0
v -9.0 13.2109375 -4.901367
v -8.330078 12.999999 -4.0029287
v -8.330078 13.669921 -4.0029287
v -8.7890625 12.999999 -4.901367
v -6.0 16.0 -3.999999
v -9.0 16.0 -3.999999
v -6.0 14.0 -3.999999
v -9.0 14.0 -3.999999
v -7.789063 -16.0 -5.901367
v -7.330079 -16.0 -5.0029287
v -7.330079 -14.0 -5.0029287
v -7.789063 -14.0 -5.901367
v -7.000001 -16.0 -5.0
v -7.000001 -14.0 -5.0
v -7.789063 -16.0 -5.901367
v -7.789063 -14.0 -5.901367
v -8.000001 -14.0 -6.0
v -8.000001 -16.0 -6.0
v -7.000001 -13.0 -6.0
v -8.000001 -13.0 -6.0
v -7.625001 -13.0625 -6.0
v -7.937501 -13.3125 -6.0
v -8.000001 -14.0 -6.0
v -7.937501 -13.3125 -6.0
v -8.000001 -14.0 -6.0
v -7.789063 -14.0 -5.901367
v -7.750001 -13.5 -5.901367
v -7.000001 -13.0 -6.0
v -7.625001 -13.0625 -6.0
v -7.437501 -13.25 -5.901367
v -7.000001 -13.2109375 -5.901367
v -7.000001 -13.2109375 -5.901367
v -7.437501 -13.25 -5.901367
v -7.000001 -13.669922 -5.0029287
v -7.750001 -13.5 -5.901367
v -7.330079 -14.0 -5.0029287
v -7.789063 -14.0 -5.901367
v -7.330079 -14.0 -5.0029287
v -7.000001 -14.0 -5.0
v -7.000001 -13.669922 -5.0029287
v -7.0 -8.0 -5.999999
v -8.0 -8.0 -5.999999
v -7.0 -13.0 -5.999999
v -8.0 -13.0 -5.999999
v -8.0 -7.000001 -6.0
v -8.0 -8.000001 -6.0
v -7.9375 -7.625001 -6.0
v -7.6875 -7.937501 -6.0
v -7.0 -8.000001 -6.0
v -7.6875 -7.937501 -6.0
v -7.0 -8.000001 -6.0
v -7.0 -7.789063 -5.901367
v -7.5 -7.750001 -5.901367
v -8.0 -7.000001 -6.0
v -7.9375 -7.625001 -6.0
v -7.75 -7.437501 -5.901367
v -7.789062 -7.000001 -5.901367
v -7.789062 -7.000001 -5.901367
v -7.75 -7.437501 -5.901367
v -7.330078 -7.000001 -5.0029287
v -7.5 -7.750001 -5.901367
v -7.0 -7.330079 -5.0029287
v -7.0 -7.789063 -5.901367
v -7.0 -7.330079 -5.0029287
v -7.0 -7.000001 -5.0
v -7.330078 -7.000001 -5.0029287
v -7.330078 -6.330079 -5.0029287
v -7.330078 -7.000001 -5.0029287
v -7.0 -7.000001 -5.0
v -7.0 -6.000001 -5.0
v -8.0 -6.330079 -5.0029287
v -7.330078 -6.330079 -5.0029287
v -7.0 -6.000001 -5.0
v -8.0 -6.000001 -5.0
v -8.0 -6.330079 -5.0029287
v -8.0 -6.789063 -5.901367
v -7.330078 -6.330079 -5.0029287
v -7.8945312 -6.894532 -5.901367
v -7.789062 -7.000001 -5.901367
v -7.789062 -7.000001 -5.901367
v -7.8945312 -6.894532 -5.901367
v -8.0 -7.000001 -6.0
v -8.0 -6.789063 -5.901367
v -7.330078 -7.000001 -5.0029287
v -7.330078 -6.330079 -5.0029287
v -7.789062 -7.000001 -5.901367
v -1.0 -5.0 -4.999999
v -8.0 -5.0 -4.999999
v -1.0 -6.0 -4.999999
v -8.0 -6.0 -4.999999
v -4.0 0.0 -4.999999
v -8.0 0.0 -4.999999
v -4.0 -5.0 -4.999999
v -8.0 -5.0 -4.999999
v -6.0 10.210937 -4.901367
v -6.0 10.669921 -4.0029287
v -8.0 10.669921 -4.0029287
v -8.0 10.210937 -4.901367
v -6.0 10.999999 -4.0
v -8.0 10.999999 -4.0
v -6.0 10.210937 -4.901367
v -8.0 10.210937 -4.901367
v -8.0 9.999999 -5.0
v -6.0 9.999999 -5.0
v -2.0 13.0 -3.999999
v -8.0 13.0 -3.999999
v -2.0 11.0 -3.999999
v -8.0 11.0 -3.999999
v -5.0 14.0 -3.999999
v -8.0 14.0 -3.999999
v -5.0 13.0 -3.999999
v -8.0 13.0 -3.999999
v 1.0 -14.0 -4.999999
v -7.0 -14.0 -4.999999
v 1.0 -16.0 -4.999999
v -7.0 -16.0 -4.999999
v -6.330079 -13.669922 -5.0029287
v -7.000001 -13.669922 -5.0029287
v -7.000001 -14.0 -5.0
v -6.000001 -14.0 -5.0
v -6.330079 -13.0 -5.0029287
v -6.330079 -13.669922 -5.0029287
v -6.000001 -14.0 -5.0
v -6.000001 -13.0 -5.0
v -6.330079 -13.0 -5.0029287
v -6.789063 -13.0 -5.901367
v -6.330079 -13.669922 -5.0029287
v -6.894532 -13.105469 -5.901367
v -7.000001 -13.2109375 -5.901367
v -7.000001 -13.2109375 -5.901367
v -6.894532 -13.105469 -5.901367
v -7.000001 -13.0 -6.0
v -6.789063 -13.0 -5.901367
v -7.000001 -13.669922 -5.0029287
v -6.330079 -13.669922 -5.0029287
v -7.000001 -13.2109375 -5.901367
v -6.789063 -13.0 -5.901367
v -6.330079 -13.0 -5.0029287
v -6.330079 -8.0 -5.0029287
v -6.789063 -8.0 -5.901367
v -6.000001 -13.0 -5.0
v -6.000001 -8.0 -5.0
v -6.789063 -13.0 -5.901367
v -6.789063 -8.0 -5.901367
v -7.000001 -8.0 -6.0
v -7.000001 -13.0 -6.0
v -6.330078 -7.330079 -5.0029287
v -6.330078 -8.000001 -5.0029287
v -6.0 -8.000001 -5.0
v -6.0 -7.000001 -5.0
v -7.0 -7.330079 -5.0029287
v -6.330078 -7.330079 -5.0029287
v -6.0 -7.000001 -5.0
v -7.0 -7.000001 -5.0
v -7.0 -7.330079 -5.0029287
v -7.0 -7.789063 -5.901367
v -6.330078 -7.330079 -5.0029287
v -6.8945312 -7.894532 -5.901367
v -6.789062 -8.000001 -5.901367
v -6.789062 -8.000001 -5.901367
v -6.8945312 -7.894532 -5.901367
v -7.0 -8.000001 -6.0
v -7.0 -7.789063 -5.901367
v -6.330078 -8.000001 -5.0029287
v -6.330078 -7.330079 -5.0029287
v -6.789062 -8.000001 -5.901367
v -1.0 -6.0 -4.999999
v -7.0 -6.0 -4.999999
v -1.0 -7.0 -4.999999
v -7.0 -7.0 -4.999999
v -1.0 -7.0 -4.999999
v -6.0 -7.0 -4.999999
v -1.0 -14.0 -4.999999
v -6.0 -14.0 -4.999999
v -6.0 7.999999 -5.0
v -6.0 6.999999 -5.0
v -5.9375 7.374999 -5.0
v -5.6875 7.062499 -5.0
v -5.0 6.999999 -5.0
v -5.6875 7.062499 -5.0
v -5.0 6.999999 -5.0
v -5.0 7.210937 -4.901367
v -5.5 7.249999 -4.901367
v -6.0 7.999999 -5.0
v -5.9375 7.374999 -5.0
v -5.75 7.562499 -4.901367
v -5.789062 7.999999 -4.901367
v -5.789062 7.999999 -4.901367
v -5.75 7.562499 -4.901367
v -5.330078 7.999999 -4.0029287
v -5.5 7.249999 -4.901367
v -5.0 7.669921 -4.0029287
v -5.0 7.210937 -4.901367
v -5.0 7.669921 -4.0029287
v -5.0 7.999999 -4.0
v -5.330078 7.999999 -4.0029287
v -5.789063 8.0 -4.901367
v -5.330079 8.0 -4.0029287
v -5.330079 10.0 -4.0029287
v -5.789063 10.0 -4.901367
v -5.000001 8.0 -4.0
v -5.000001 10.0 -4.0
v -5.789063 8.0 -4.901367
v -5.789063 10.0 -4.901367
v -6.000001 10.0 -5.0
v -6.000001 8.0 -5.0
v -5.330078 10.669921 -4.0029287
v -5.330078 9.999999 -4.0029287
v -5.0 9.999999 -4.0
v -5.0 10.999999 -4.0
v -6.0 10.669921 -4.0029287
v -5.330078 10.669921 -4.0029287
v -5.0 10.999999 -4.0
v -6.0 10.999999 -4.0
v -6.0 10.669921 -4.0029287
v -6.0 10.2109375 -4.901367
v -5.330078 10.669921 -4.0029287
v -5.8945312 10.105468 -4.901367
v -5.789062 9.999999 -4.901367
v -5.789062 9.999999 -4.901367
v -5.8945312 10.105468 -4.901367
v -6.0 9.999999 -5.0
v -6.0 10.2109375 -4.901367
v -5.330078 9.999999 -4.0029287
v -5.330078 10.669921 -4.0029287
v -5.789062 9.999999 -4.901367
v -6.0 14.999999 -4.0
v -6.0 13.999999 -4.0
v -5.9375 14.374999 -4.0
v -5.6875 14.062499 -4.0
v -5.0 13.999999 -4.0
v -5.6875 14.062499 -4.0
v -5.0 13.999999 -4.0
v -5.0 14.210937 -3.901367
v -5.5 14.249999 -3.901367
v -6.0 14.999999 -4.0
v -5.9375 14.374999 -4.0
v -5.75 14.562499 -3.901367
v -5.789062 14.999999 -3.901367
v -5.789062 14.999999 -3.901367
v -5.75 14.562499 -3.901367
v -5.330078 14.999999 -3.002929
v -5.5 14.249999 -3.901367
v -5.0 14.669921 -3.002929
v -5.0 14.210937 -3.901367
v -5.0 14.669921 -3.002929
v -5.0 14.999999 -3.0
v -5.330078 14.999999 -3.002929
v -5.789063 15.0 -3.901367
v -5.330079 15.0 -3.002929
v -5.330079 16.0 -3.002929
v -5.789063 16.0 -3.901367
v -5.000001 15.0 -3.0
v -5.000001 16.0 -3.0
v -5.789063 15.0 -3.901367
v -5.789063 16.0 -3.901367
v -6.000001 16.0 -4.0
v -6.000001 15.0 -4.0
v -3.0 7.210937 -4.901367
v -3.0 7.669921 -4.0029287
v -5.0 7.669921 -4.0029287
v -5.0 7.210937 -4.901367
v -3.0 7.999999 -4.0
v -5.0 7.999999 -4.0
v -3.0 7.210937 -4.901367
v -5.0 7.210937 -4.901367
v -5.0 6.999999 -5.0
v -3.0 6.999999 -5.0
v 2.0 11.0 -3.999999
v -5.0 11.0 -3.999999
v 2.0 8.0 -3.999999
v -5.0 8.0 -3.999999
v -5.0 13.999999 -4.0
v -5.0 12.999999 -4.0
v -4.9375 13.374999 -4.0
v -4.6875 13.062499 -4.0
v -4.0 12.999999 -4.0
v -4.6875 13.062499 -4.0
v -4.0 12.999999 -4.0
v -4.0 13.210937 -3.901367
v -4.5 13.249999 -3.901367
v -5.0 13.999999 -4.0
v -4.9375 13.374999 -4.0
v -4.75 13.562499 -3.901367
v -4.789062 13.999999 -3.901367
v -4.789062 13.999999 -3.901367
v -4.75 13.562499 -3.901367
v -4.330078 13.999999 -3.002929
v -4.5 13.249999 -3.901367
v -4.0 13.669921 -3.002929
v -4.0 13.210937 -3.901367
v -4.0 13.669921 -3.002929
v -4.0 13.999999 -3.0
v -4.330078 13.999999 -3.002929
v -4.330078 14.669921 -3.002929
v -4.330078 13.999999 -3.002929
v -4.0 13.999999 -3.0
v -4.0 14.999999 -3.0
v -5.0 14.669921 -3.002929
v -4.330078 14.669921 -3.002929
v -4.0 14.999999 -3.0
v -5.0 14.999999 -3.0
v -5.0 14.669921 -3.002929
v -5.0 14.2109375 -3.901367
v -4.330078 14.669921 -3.002929
v -4.8945312 14.105468 -3.901367
v -4.789062 13.999999 -3.901367
v -4.789062 13.999999 -3.901367
v -4.8945312 14.105468 -3.901367
v -5.0 13.999999 -4.0
v -5.0 14.2109375 -3.901367
v -4.330078 13.999999 -3.002929
v -4.330078 14.669921 -3.002929
v -4.789062 13.999999 -3.901367
v -1.0 16.0 -2.999999
v -5.0 16.0 -2.999999
v -1.0 15.0 -2.999999
v -5.0 15.0 -2.999999
v -3.0 -1.0 -4.999999
v -4.0 -1.0 -4.999999
v -3.0 -5.0 -4.999999
v -4.0 -5.0 -4.999999
v -4.0 -1.013279E-6 -5.0
v -4.0 -1.000001 -5.0
v -3.9375 -0.625001 -5.0
v -3.6875 -0.937501 -5.0
v -3.0 -1.000001 -5.0
v -3.6875 -0.937501 -5.0
v -3.0 -1.000001 -5.0
v -3.0 -0.789063 -4.901367
v -3.5 -0.750001 -4.901367
v -4.0 -1.013279E-6 -5.0
v -3.9375 -0.625001 -5.0
v -3.75 -0.437501 -4.901367
v -3.789062 -1.013279E-6 -4.901367
v -3.789062 -1.013279E-6 -4.901367
v -3.75 -0.437501 -4.901367
v -3.3300781 -1.013279E-6 -4.0029287
v -3.5 -0.750001 -4.901367
v -3.0 -0.33007902 -4.0029287
v -3.0 -0.789063 -4.901367
v -3.0 -0.33007902 -4.0029287
v -3.0 -1.013279E-6 -4.0
v -3.3300781 -1.013279E-6 -4.0029287
v -3.789063 0.0 -4.901367
v -3.330079 0.0 -4.0029287
v -3.330079 2.0 -4.0029287
v -3.789063 2.0 -4.901367
v -3.000001 0.0 -4.0
v -3.000001 2.0 -4.0
v -3.789063 0.0 -4.901367
v -3.789063 2.0 -4.901367
v -4.000001 2.0 -5.0
v -4.000001 0.0 -5.0
v -3.000001 3.0 -5.0
v -4.000001 3.0 -5.0
v -3.625001 2.9375 -5.0
v -3.937501 2.6875 -5.0
v -4.000001 2.0 -5.0
v -3.937501 2.6875 -5.0
v -4.000001 2.0 -5.0
v -3.789063 2.0 -4.901367
v -3.750001 2.5 -4.901367
v -3.000001 3.0 -5.0
v -3.625001 2.9375 -5.0
v -3.437501 2.75 -4.901367
v -3.000001 2.789062 -4.901367
v -3.000001 2.789062 -4.901367
v -3.437501 2.75 -4.901367
v -3.000001 2.3300781 -4.0029287
v -3.750001 2.5 -4.901367
v -3.330079 2.0 -4.0029287
v -3.789063 2.0 -4.901367
v -3.330079 2.0 -4.0029287
v -3.000001 2.0 -4.0
v -3.000001 2.3300781 -4.0029287
v -3.0 7.0 -4.999999
v -4.0 7.0 -4.999999
v -3.0 3.0 -4.999999
v -4.0 3.0 -4.999999
v -2.0 13.210937 -3.901367
v -2.0 13.669921 -3.002929
v -4.0 13.669921 -3.002929
v -4.0 13.210937 -3.901367
v -2.0 13.999999 -3.0
v -4.0 13.999999 -3.0
v -2.0 13.210937 -3.901367
v -4.0 13.210937 -3.901367
v -4.0 12.999999 -4.0
v -2.0 12.999999 -4.0
v 4.0 15.0 -2.999999
v -4.0 15.0 -2.999999
v 4.0 14.0 -2.999999
v -4.0 14.0 -2.999999
v -3.0 -4.000001 -5.0
v -3.0 -5.000001 -5.0
v -2.9375 -4.625001 -5.0
v -2.6875 -4.937501 -5.0
v -2.0 -5.000001 -5.0
v -2.6875 -4.937501 -5.0
v -2.0 -5.000001 -5.0
v -2.0 -4.789063 -4.901367
v -2.5 -4.750001 -4.901367
v -3.0 -4.000001 -5.0
v -2.9375 -4.625001 -5.0
v -2.75 -4.437501 -4.901367
v -2.789062 -4.000001 -4.901367
v -2.789062 -4.000001 -4.901367
v -2.75 -4.437501 -4.901367
v -2.3300781 -4.000001 -4.0029287
v -2.5 -4.750001 -4.901367
v -2.0 -4.330079 -4.0029287
v -2.0 -4.789063 -4.901367
v -2.0 -4.330079 -4.0029287
v -2.0 -4.000001 -4.0
v -2.3300781 -4.000001 -4.0029287
v -2.789063 -4.0 -4.901367
v -2.330079 -4.0 -4.0029287
v -2.330079 -1.0 -4.0029287
v -2.789063 -1.0 -4.901367
v -2.000001 -4.0 -4.0
v -2.000001 -1.0 -4.0
v -2.789063 -4.0 -4.901367
v -2.789063 -1.0 -4.901367
v -3.000001 -1.0 -5.0
v -3.000001 -4.0 -5.0
v -2.3300781 -0.33007896 -4.0029287
v -2.3300781 -1.000001 -4.0029287
v -2.0 -1.000001 -4.0
v -2.0 -1.013279E-6 -4.0
v -3.0 -0.33007896 -4.0029287
v -2.3300781 -0.33007896 -4.0029287
v -2.0 -1.013279E-6 -4.0
v -3.0 -1.013279E-6 -4.0
v -3.0 -0.33007896 -4.0029287
v -3.0 -0.789063 -4.901367
v -2.3300781 -0.33007896 -4.0029287
v -2.894531 -0.894532 -4.901367
v -2.789062 -1.000001 -4.901367
v -2.789062 -1.000001 -4.901367
v -2.894531 -0.894532 -4.901367
v -3.0 -1.000001 -5.0
v -3.0 -0.789063 -4.901367
v -2.3300781 -1.000001 -4.0029287
v -2.3300781 -0.33007896 -4.0029287
v -2.789062 -1.000001 -4.901367
v 3.0 1.0 -3.999999
v -3.0 1.0 -3.999999
v 3.0 0.0 -3.999999
v -3.0 0.0 -3.999999
v 2.0 2.0 -3.999999
v -3.0 2.0 -3.999999
v 2.0 1.0 -3.999999
v -3.0 1.0 -3.999999
v -2.330079 2.3300781 -4.0029287
v -3.000001 2.3300781 -4.0029287
v -3.000001 2.0 -4.0
v -2.000001 2.0 -4.0
v -2.330079 3.0 -4.0029287
v -2.330079 2.3300781 -4.0029287
v -2.000001 2.0 -4.0
v -2.000001 3.0 -4.0
v -2.330079 3.0 -4.0029287
v -2.789063 3.0 -4.901367
v -2.330079 2.3300781 -4.0029287
v -2.894532 2.894531 -4.901367
v -3.000001 2.789062 -4.901367
v -3.000001 2.789062 -4.901367
v -2.894532 2.894531 -4.901367
v -3.000001 3.0 -5.0
v -2.789063 3.0 -4.901367
v -3.000001 2.3300781 -4.0029287
v -2.330079 2.3300781 -4.0029287
v -3.000001 2.789062 -4.901367
v -2.789063 3.0 -4.901367
v -2.330079 3.0 -4.0029287
v -2.330079 7.0 -4.0029287
v -2.789063 7.0 -4.901367
v -2.000001 3.0 -4.0
v -2.000001 7.0 -4.0
v -2.789063 3.0 -4.901367
v -2.789063 7.0 -4.901367
v -3.000001 7.0 -5.0
v -3.000001 3.0 -5.0
v -2.3300781 7.669921 -4.0029287
v -2.3300781 6.999999 -4.0029287
v -2.0 6.999999 -4.0
v -2.0 7.999999 -4.0
v -3.0 7.669921 -4.0029287
v -2.3300781 7.669921 -4.0029287
v -2.0 7.999999 -4.0
v -3.0 7.999999 -4.0
v -3.0 7.669921 -4.0029287
v -3.0 7.210937 -4.901367
v -2.3300781 7.669921 -4.0029287
v -2.894531 7.105468 -4.901367
v -2.789062 6.999999 -4.901367
v -2.789062 6.999999 -4.901367
v -2.894531 7.105468 -4.901367
v -3.0 6.999999 -5.0
v -3.0 7.210937 -4.901367
v -2.3300781 6.999999 -4.0029287
v -2.3300781 7.669921 -4.0029287
v -2.789062 6.999999 -4.901367
v -1.0 -4.789063 -4.901367
v -1.0 -4.330079 -4.0029287
v -2.0 -4.330079 -4.0029287
v -2.0 -4.789063 -4.901367
v -1.0 -4.000001 -4.0
v -2.0 -4.000001 -4.0
v -1.0 -4.789063 -4.901367
v -2.0 -4.789063 -4.901367
v -2.0 -5.000001 -5.0
v -1.0 -5.000001 -5.0
v 3.0 0.0 -3.999999
v -2.0 0.0 -3.999999
v 3.0 -4.0 -3.999999
v -2.0 -4.0 -3.999999
v 2.0 8.0 -3.999999
v -2.0 8.0 -3.999999
v 2.0 2.0 -3.999999
v -2.0 2.0 -3.999999
v -2.0 11.999999 -4.0
v -2.0 10.999999 -4.0
v -1.9375 11.374999 -4.0
v -1.6875 11.062499 -4.0
v -1.0 10.999999 -4.0
v -1.6875 11.062499 -4.0
v -1.0 10.999999 -4.0
v -1.0 11.210937 -3.901367
v -1.5 11.249999 -3.901367
v -2.0 11.999999 -4.0
v -1.9375 11.374999 -4.0
v -1.75 11.562499 -3.901367
v -1.789062 11.999999 -3.901367
v -1.789062 11.999999 -3.901367
v -1.75 11.562499 -3.901367
v -1.330078 11.999999 -3.002929
v -1.5 11.249999 -3.901367
v -1.0 11.669921 -3.002929
v -1.0 11.210937 -3.901367
v -1.0 11.669921 -3.002929
v -1.0 11.999999 -3.0
v -1.330078 11.999999 -3.002929
v -1.789063 12.0 -3.901367
v -1.3300791 12.0 -3.002929
v -1.3300791 13.0 -3.002929
v -1.789063 13.0 -3.901367
v -1.000001 12.0 -3.0
v -1.000001 13.0 -3.0
v -1.789063 12.0 -3.901367
v -1.789063 13.0 -3.901367
v -2.000001 13.0 -4.0
v -2.000001 12.0 -4.0
v -1.330078 13.669921 -3.002929
v -1.330078 12.999999 -3.002929
v -1.0 12.999999 -3.0
v -1.0 13.999999 -3.0
v -2.0 13.669921 -3.002929
v -1.330078 13.669921 -3.002929
v -1.0 13.999999 -3.0
v -2.0 13.999999 -3.0
v -2.0 13.669921 -3.002929
v -2.0 13.2109375 -3.901367
v -1.330078 13.669921 -3.002929
v -1.894531 13.105468 -3.901367
v -1.789062 12.999999 -3.901367
v -1.789062 12.999999 -3.901367
v -1.894531 13.105468 -3.901367
v -2.0 12.999999 -4.0
v -2.0 13.2109375 -3.901367
v -1.330078 12.999999 -3.002929
v -1.330078 13.669921 -3.002929
v -1.789062 12.999999 -3.901367
v 0.0 -8.0 -4.999999
v -1.0 -8.0 -4.999999
v 0.0 -14.0 -4.999999
v -1.0 -14.0 -4.999999
v -1.0 -7.000001 -5.0
v -1.0 -8.000001 -5.0
v -0.9375 -7.625001 -5.0
v -0.6875 -7.937501 -5.0
v 0.0 -8.000001 -5.0
v -0.6875 -7.937501 -5.0
v 0.0 -8.000001 -5.0
v 0.0 -7.789063 -4.901367
v -0.5 -7.750001 -4.901367
v -1.0 -7.000001 -5.0
v -0.9375 -7.625001 -5.0
v -0.75 -7.437501 -4.901367
v -0.789062 -7.000001 -4.901367
v -0.789062 -7.000001 -4.901367
v -0.75 -7.437501 -4.901367
v -0.330078 -7.000001 -4.0029287
v -0.5 -7.750001 -4.901367
v 0.0 -7.330079 -4.0029287
v 0.0 -7.789063 -4.901367
v 0.0 -7.330079 -4.0029287
v 0.0 -7.000001 -4.0
v -0.330078 -7.000001 -4.0029287
v -0.789063 -7.0 -4.901367
v -0.33007902 -7.0 -4.0029287
v -0.33007902 -5.0 -4.0029287
v -0.789063 -5.0 -4.901367
v -1.013279E-6 -7.0 -4.0
v -1.013279E-6 -5.0 -4.0
v -0.789063 -7.0 -4.901367
v -0.789063 -5.0 -4.901367
v -1.000001 -5.0 -5.0
v -1.000001 -7.0 -5.0
v -0.330078 -4.330079 -4.0029287
v -0.330078 -5.000001 -4.0029287
v 0.0 -5.000001 -4.0
v 0.0 -4.000001 -4.0
v -1.0 -4.330079 -4.0029287
v -0.330078 -4.330079 -4.0029287
v 0.0 -4.000001 -4.0
v -1.0 -4.000001 -4.0
v -1.0 -4.330079 -4.0029287
v -1.0 -4.789063 -4.901367
v -0.330078 -4.330079 -4.0029287
v -0.894531 -4.894532 -4.901367
v -0.789062 -5.000001 -4.901367
v -0.789062 -5.000001 -4.901367
v -0.894531 -4.894532 -4.901367
v -1.0 -5.000001 -5.0
v -1.0 -4.789063 -4.901367
v -0.330078 -5.000001 -4.0029287
v -0.330078 -4.330079 -4.0029287
v -0.789062 -5.000001 -4.901367
v 2.0 11.210937 -3.901367
v 2.0 11.669921 -3.002929
v -1.0 11.669921 -3.002929
v -1.0 11.210937 -3.901367
v 2.0 11.999999 -3.0
v -1.0 11.999999 -3.0
v 2.0 11.210937 -3.901367
v -1.0 11.210937 -3.901367
v -1.0 10.999999 -4.0
v 2.0 10.999999 -4.0
v 6.0 14.0 -2.999999
v -1.0 14.0 -2.999999
v 6.0 12.0 -2.999999
v -1.0 12.0 -2.999999
v -1.0 15.999999 -3.0
v -1.0 14.999999 -3.0
v -0.9375 15.374999 -3.0
v -0.6875 15.062499 -3.0
v 0.0 14.999999 -3.0
v -0.6875 15.062499 -3.0
v 0.0 14.999999 -3.0
v 0.0 15.210937 -2.901367
v -0.5 15.249999 -2.901367
v -1.0 15.999999 -3.0
v -0.9375 15.374999 -3.0
v -0.75 15.562499 -2.901367
v -0.789062 15.999999 -2.901367
v -0.789062 15.999999 -2.901367
v -0.75 15.562499 -2.901367
v -0.330078 15.999999 -2.002929
v -0.5 15.249999 -2.901367
v 0.0 15.669921 -2.002929
v 0.0 15.210937 -2.901367
v 0.0 15.669921 -2.002929
v 0.0 15.999999 -2.0
v -0.330078 15.999999 -2.002929
v 0.0 -13.000001 -5.0
v 0.0 -14.000001 -5.0
v 0.0625 -13.625001 -5.0
v 0.3125 -13.937501 -5.0
v 1.0 -14.000001 -5.0
v 0.3125 -13.937501 -5.0
v 1.0 -14.000001 -5.0
v 1.0 -13.789063 -4.901367
v 0.5 -13.750001 -4.901367
v 0.0 -13.000001 -5.0
v 0.0625 -13.625001 -5.0
v 0.25 -13.437501 -4.901367
v 0.21093798 -13.000001 -4.901367
v 0.21093798 -13.000001 -4.901367
v 0.25 -13.437501 -4.901367
v 0.669922 -13.000001 -4.0029287
v 0.5 -13.750001 -4.901367
v 1.0 -13.330079 -4.0029287
v 1.0 -13.789063 -4.901367
v 1.0 -13.330079 -4.0029287
v 1.0 -13.000001 -4.0
v 0.669922 -13.000001 -4.0029287
v 0.21093702 -13.0 -4.901367
v 0.669921 -13.0 -4.0029287
v 0.669921 -8.0 -4.0029287
v 0.21093702 -8.0 -4.901367
v 0.999999 -13.0 -4.0
v 0.999999 -8.0 -4.0
v 0.21093702 -13.0 -4.901367
v 0.21093702 -8.0 -4.901367
v -9.536743E-7 -8.0 -5.0
v -9.536743E-7 -13.0 -5.0
v 0.669922 -7.330079 -4.0029287
v 0.669922 -8.000001 -4.0029287
v 1.0 -8.000001 -4.0
v 1.0 -7.000001 -4.0
v 0.0 -7.330079 -4.0029287
v 0.669922 -7.330079 -4.0029287
v 1.0 -7.000001 -4.0
v 0.0 -7.000001 -4.0
v 0.0 -7.330079 -4.0029287
v 0.0 -7.789063 -4.901367
v 0.669922 -7.330079 -4.0029287
v 0.10546899 -7.894532 -4.901367
v 0.21093798 -8.000001 -4.901367
v 0.21093798 -8.000001 -4.901367
v 0.10546899 -7.894532 -4.901367
v 0.0 -8.000001 -5.0
v 0.0 -7.789063 -4.901367
v 0.669922 -8.000001 -4.0029287
v 0.669922 -7.330079 -4.0029287
v 0.21093798 -8.000001 -4.901367
v 4.0 -4.0 -3.999999
v 0.0 -4.0 -3.999999
v 4.0 -7.0 -3.999999
v 0.0 -7.0 -3.999999
v 6.0 15.210937 -2.901367
v 6.0 15.669921 -2.002929
v 0.0 15.669921 -2.002929
v 0.0 15.210937 -2.901367
v 6.0 15.999999 -2.0
v 0.0 15.999999 -2.0
v 6.0 15.210937 -2.901367
v 0.0 15.210937 -2.901367
v 0.0 14.999999 -3.0
v 6.0 14.999999 -3.0
v 1.210937 -16.0 -4.901367
v 1.6699209 -16.0 -4.0029287
v 1.6699209 -14.0 -4.0029287
v 1.210937 -14.0 -4.901367
v 1.999999 -16.0 -4.0
v 1.999999 -14.0 -4.0
v 1.210937 -16.0 -4.901367
v 1.210937 -14.0 -4.901367
v 0.99999905 -14.0 -5.0
v 0.99999905 -16.0 -5.0
v 1.669922 -13.330079 -4.0029287
v 1.669922 -14.000001 -4.0029287
v 2.0 -14.000001 -4.0
v 2.0 -13.000001 -4.0
v 1.0 -13.330079 -4.0029287
v 1.669922 -13.330079 -4.0029287
v 2.0 -13.000001 -4.0
v 1.0 -13.000001 -4.0
v 1.0 -13.330079 -4.0029287
v 1.0 -13.7890625 -4.901367
v 1.669922 -13.330079 -4.0029287
v 1.105469 -13.894532 -4.901367
v 1.210938 -14.000001 -4.901367
v 1.210938 -14.000001 -4.901367
v 1.105469 -13.894532 -4.901367
v 1.0 -14.000001 -5.0
v 1.0 -13.7890625 -4.901367
v 1.669922 -14.000001 -4.0029287
v 1.669922 -13.330079 -4.0029287
v 1.210938 -14.000001 -4.901367
v 5.0 -7.0 -3.999999
v 1.0 -7.0 -3.999999
v 5.0 -13.0 -3.999999
v 1.0 -13.0 -3.999999
v 6.0 -15.0 -3.999999
v 2.0 -15.0 -3.999999
v 6.0 -16.0 -3.999999
v 2.0 -16.0 -3.999999
v 5.0 -13.0 -3.999999
v 2.0 -13.0 -3.999999
v 5.0 -15.0 -3.999999
v 2.0 -15.0 -3.999999
v 2.0 1.999999 -4.0
v 2.0 0.999999 -4.0
v 2.0625 1.374999 -4.0
v 2.3125 1.062499 -4.0
v 3.0 0.999999 -4.0
v 2.3125 1.062499 -4.0
v 3.0 0.999999 -4.0
v 3.0 1.210937 -3.901367
v 2.5 1.249999 -3.901367
v 2.0 1.999999 -4.0
v 2.0625 1.374999 -4.0
v 2.25 1.562499 -3.901367
v 2.210938 1.999999 -3.901367
v 2.210938 1.999999 -3.901367
v 2.25 1.562499 -3.901367
v 2.6699219 1.999999 -3.002929
v 2.5 1.249999 -3.901367
v 3.0 1.6699209 -3.002929
v 3.0 1.210937 -3.901367
v 3.0 1.6699209 -3.002929
v 3.0 1.999999 -3.0
v 2.6699219 1.999999 -3.002929
v 2.210937 2.0 -3.901367
v 2.669921 2.0 -3.002929
v 2.669921 10.0 -3.002929
v 2.210937 10.0 -3.901367
v 2.999999 2.0 -3.0
v 2.999999 10.0 -3.0
v 2.210937 2.0 -3.901367
v 2.210937 10.0 -3.901367
v 1.999999 10.0 -4.0
v 1.999999 2.0 -4.0
v 2.210937 10.0 -3.901367
v 2.669921 10.0 -3.002929
v 2.669921 11.0 -3.002929
v 2.210937 11.0 -3.901367
v 2.999999 10.0 -3.0
v 2.999999 11.0 -3.0
v 2.210937 10.0 -3.901367
v 2.210937 11.0 -3.901367
v 1.999999 11.0 -4.0
v 1.999999 10.0 -4.0
v 2.6699219 11.669921 -3.002929
v 2.6699219 10.999999 -3.002929
v 3.0 10.999999 -3.0
v 3.0 11.999999 -3.0
v 2.0 11.669921 -3.002929
v 2.6699219 11.669921 -3.002929
v 3.0 11.999999 -3.0
v 2.0 11.999999 -3.0
v 2.0 11.669921 -3.002929
v 2.0 11.2109375 -3.901367
v 2.6699219 11.669921 -3.002929
v 2.105469 11.105468 -3.901367
v 2.210938 10.999999 -3.901367
v 2.210938 10.999999 -3.901367
v 2.105469 11.105468 -3.901367
v 2.0 10.999999 -4.0
v 2.0 11.2109375 -3.901367
v 2.6699219 10.999999 -3.002929
v 2.6699219 11.669921 -3.002929
v 2.210938 10.999999 -3.901367
v 3.0 -3.000001 -4.0
v 3.0 -4.000001 -4.0
v 3.0625 -3.625001 -4.0
v 3.3125 -3.937501 -4.0
v 4.0 -4.000001 -4.0
v 3.3125 -3.937501 -4.0
v 4.0 -4.000001 -4.0
v 4.0 -3.789063 -3.901367
v 3.5 -3.750001 -3.901367
v 3.0 -3.000001 -4.0
v 3.0625 -3.625001 -4.0
v 3.25 -3.437501 -3.901367
v 3.210938 -3.000001 -3.901367
v 3.210938 -3.000001 -3.901367
v 3.25 -3.437501 -3.901367
v 3.6699219 -3.000001 -3.002929
v 3.5 -3.750001 -3.901367
v 4.0 -3.330079 -3.002929
v 4.0 -3.789063 -3.901367
v 4.0 -3.330079 -3.002929
v 4.0 -3.000001 -3.0
v 3.6699219 -3.000001 -3.002929
v 3.210937 -3.0 -3.901367
v 3.669921 -3.0 -3.002929
v 3.669921 1.0 -3.002929
v 3.210937 1.0 -3.901367
v 3.999999 -3.0 -3.0
v 3.999999 1.0 -3.0
v 3.210937 -3.0 -3.901367
v 3.210937 1.0 -3.901367
v 2.999999 1.0 -4.0
v 2.999999 -3.0 -4.0
v 3.6699219 1.669921 -3.002929
v 3.6699219 0.99999905 -3.002929
v 4.0 0.99999905 -3.0
v 4.0 1.999999 -3.0
v 3.0 1.669921 -3.002929
v 3.6699219 1.669921 -3.002929
v 4.0 1.999999 -3.0
v 3.0 1.999999 -3.0
v 3.0 1.669921 -3.002929
v 3.0 1.210937 -3.901367
v 3.6699219 1.669921 -3.002929
v 3.105469 1.105468 -3.901367
v 3.210938 0.99999905 -3.901367
v 3.210938 0.99999905 -3.901367
v 3.105469 1.105468 -3.901367
v 3.0 0.99999905 -4.0
v 3.0 1.210937 -3.901367
v 3.6699219 0.99999905 -3.002929
v 3.6699219 1.669921 -3.002929
v 3.210938 0.99999905 -3.901367
v 6.0 10.0 -2.999999
v 3.0 10.0 -2.999999
v 6.0 2.0 -2.999999
v 3.0 2.0 -2.999999
v 6.0 12.0 -2.999999
v 3.0 12.0 -2.999999
v 6.0 10.0 -2.999999
v 3.0 10.0 -2.999999
v 4.0 -6.000001 -4.0
v 4.0 -7.000001 -4.0
v 4.0625 -6.625001 -4.0
v 4.3125 -6.937501 -4.0
v 5.0 -7.000001 -4.0
v 4.3125 -6.937501 -4.0
v 5.0 -7.000001 -4.0
v 5.0 -6.789063 -3.901367
v 4.5 -6.750001 -3.901367
v 4.0 -6.000001 -4.0
v 4.0625 -6.625001 -4.0
v 4.25 -6.437501 -3.901367
v 4.210938 -6.000001 -3.901367
v 4.210938 -6.000001 -3.901367
v 4.25 -6.437501 -3.901367
v 4.669922 -6.000001 -3.002929
v 4.5 -6.750001 -3.901367
v 5.0 -6.330079 -3.002929
v 5.0 -6.789063 -3.901367
v 5.0 -6.330079 -3.002929
v 5.0 -6.000001 -3.0
v 4.669922 -6.000001 -3.002929
v 4.210937 -6.0 -3.901367
v 4.669921 -6.0 -3.002929
v 4.669921 -4.0 -3.002929
v 4.210937 -4.0 -3.901367
v 4.999999 -6.0 -3.0
v 4.999999 -4.0 -3.0
v 4.210937 -6.0 -3.901367
v 4.210937 -4.0 -3.901367
v 3.999999 -4.0 -4.0
v 3.999999 -6.0 -4.0
v 4.669922 -3.330079 -3.002929
v 4.669922 -4.000001 -3.002929
v 5.0 -4.000001 -3.0
v 5.0 -3.000001 -3.0
v 4.0 -3.330079 -3.002929
v 4.669922 -3.330079 -3.002929
v 5.0 -3.000001 -3.0
v 4.0 -3.000001 -3.0
v 4.0 -3.330079 -3.002929
v 4.0 -3.789063 -3.901367
v 4.669922 -3.330079 -3.002929
v 4.1054688 -3.894532 -3.901367
v 4.210938 -4.000001 -3.901367
v 4.210938 -4.000001 -3.901367
v 4.1054688 -3.894532 -3.901367
v 4.0 -4.000001 -4.0
v 4.0 -3.789063 -3.901367
v 4.669922 -4.000001 -3.002929
v 4.669922 -3.330079 -3.002929
v 4.210938 -4.000001 -3.901367
v 10.0 -2.0 -2.999999
v 4.0 -2.0 -2.999999
v 10.0 -3.0 -2.999999
v 4.0 -3.0 -2.999999
v 7.0 2.0 -2.999999
v 4.0 2.0 -2.999999
v 7.0 -2.0 -2.999999
v 4.0 -2.0 -2.999999
v 6.0 15.0 -2.999999
v 4.0 15.0 -2.999999
v 6.0 14.0 -2.999999
v 4.0 14.0 -2.999999
v 5.0 -14.000001 -4.0
v 5.0 -15.000001 -4.0
v 5.0625 -14.625001 -4.0
v 5.3125 -14.937501 -4.0
v 6.0 -15.000001 -4.0
v 5.3125 -14.937501 -4.0
v 6.0 -15.000001 -4.0
v 6.0 -14.789063 -3.901367
v 5.5 -14.750001 -3.901367
v 5.0 -14.000001 -4.0
v 5.0625 -14.625001 -4.0
v 5.25 -14.437501 -3.901367
v 5.210938 -14.000001 -3.901367
v 5.210938 -14.000001 -3.901367
v 5.25 -14.437501 -3.901367
v 5.669922 -14.000001 -3.002929
v 5.5 -14.750001 -3.901367
v 6.0 -14.330079 -3.002929
v 6.0 -14.789063 -3.901367
v 6.0 -14.330079 -3.002929
v 6.0 -14.000001 -3.0
v 5.669922 -14.000001 -3.002929
v 5.210937 -14.0 -3.901367
v 5.669921 -14.0 -3.002929
v 5.669921 -7.0 -3.002929
v 5.210937 -7.0 -3.901367
v 5.999999 -14.0 -3.0
v 5.999999 -7.0 -3.0
v 5.210937 -14.0 -3.901367
v 5.210937 -7.0 -3.901367
v 4.999999 -7.0 -4.0
v 4.999999 -14.0 -4.0
v 5.669922 -6.330079 -3.002929
v 5.669922 -7.000001 -3.002929
v 6.0 -7.000001 -3.0
v 6.0 -6.000001 -3.0
v 5.0 -6.330079 -3.002929
v 5.669922 -6.330079 -3.002929
v 6.0 -6.000001 -3.0
v 5.0 -6.000001 -3.0
v 5.0 -6.330079 -3.002929
v 5.0 -6.789063 -3.901367
v 5.669922 -6.330079 -3.002929
v 5.1054688 -6.894532 -3.901367
v 5.210938 -7.000001 -3.901367
v 5.210938 -7.000001 -3.901367
v 5.1054688 -6.894532 -3.901367
v 5.0 -7.000001 -4.0
v 5.0 -6.789063 -3.901367
v 5.669922 -7.000001 -3.002929
v 5.669922 -6.330079 -3.002929
v 5.210938 -7.000001 -3.901367
v 10.0 -3.0 -2.999999
v 5.0 -3.0 -2.999999
v 10.0 -6.0 -2.999999
v 5.0 -6.0 -2.999999
v 6.210937 -16.0 -3.901367
v 6.669921 -16.0 -3.002929
v 6.669921 -15.0 -3.002929
v 6.210937 -15.0 -3.901367
v 6.999999 -16.0 -3.0
v 6.999999 -15.0 -3.0
v 6.210937 -16.0 -3.901367
v 6.210937 -15.0 -3.901367
v 5.999999 -15.0 -4.0
v 5.999999 -16.0 -4.0
v 6.669922 -14.330079 -3.002929
v 6.669922 -15.000001 -3.002929
v 7.0 -15.000001 -3.0
v 7.0 -14.000001 -3.0
v 6.0 -14.330079 -3.002929
v 6.669922 -14.330079 -3.002929
v 7.0 -14.000001 -3.0
v 6.0 -14.000001 -3.0
v 6.0 -14.330079 -3.002929
v 6.0 -14.7890625 -3.901367
v 6.669922 -14.330079 -3.002929
v 6.1054688 -14.894532 -3.901367
v 6.210938 -15.000001 -3.901367
v 6.210938 -15.000001 -3.901367
v 6.1054688 -14.894532 -3.901367
v 6.0 -15.000001 -4.0
v 6.0 -14.7890625 -3.901367
v 6.669922 -15.000001 -3.002929
v 6.669922 -14.330079 -3.002929
v 6.210938 -15.000001 -3.901367
v 9.0 -6.0 -2.999999
v 6.0 -6.0 -2.999999
v 9.0 -14.0 -2.999999
v 6.0 -14.0 -2.999999
v 7.0 5.0 -2.999999
v 6.0 5.0 -2.999999
v 7.0 2.0 -2.999999
v 6.0 2.0 -2.999999
v 6.0 5.999999 -3.0
v 6.0 4.999999 -3.0
v 6.0625 5.374999 -3.0
v 6.3125 5.062499 -3.0
v 7.0 4.999999 -3.0
v 6.3125 5.062499 -3.0
v 7.0 4.999999 -3.0
v 7.0 5.210937 -2.901367
v 6.5 5.249999 -2.901367
v 6.0 5.999999 -3.0
v 6.0625 5.374999 -3.0
v 6.25 5.562499 -2.901367
v 6.210938 5.999999 -2.901367
v 6.210938 5.999999 -2.901367
v 6.25 5.562499 -2.901367
v 6.669922 5.999999 -2.002929
v 6.5 5.249999 -2.901367
v 7.0 5.669921 -2.002929
v 7.0 5.210937 -2.901367
v 7.0 5.669921 -2.002929
v 7.0 5.999999 -2.0
v 6.669922 5.999999 -2.002929
v 6.210937 6.0 -2.901367
v 6.669921 6.0 -2.002929
v 6.669921 14.0 -2.002929
v 6.210937 14.0 -2.901367
v 6.999999 6.0 -2.0
v 6.999999 14.0 -2.0
v 6.210937 6.0 -2.901367
v 6.210937 14.0 -2.901367
v 5.999999 14.0 -3.0
v 5.999999 6.0 -3.0
v 6.210937 14.0 -2.901367
v 6.669921 14.0 -2.002929
v 6.669921 15.0 -2.002929
v 6.210937 15.0 -2.901367
v 6.999999 14.0 -2.0
v 6.999999 15.0 -2.0
v 6.210937 14.0 -2.901367
v 6.210937 15.0 -2.901367
v 5.999999 15.0 -3.0
v 5.999999 14.0 -3.0
v 6.669922 15.669921 -2.002929
v 6.669922 14.999999 -2.002929
v 7.0 14.999999 -2.0
v 7.0 15.999999 -2.0
v 6.0 15.669921 -2.002929
v 6.669922 15.669921 -2.002929
v 7.0 15.999999 -2.0
v 6.0 15.999999 -2.0
v 6.0 15.669921 -2.002929
v 6.0 15.2109375 -2.901367
v 6.669922 15.669921 -2.002929
v 6.1054688 15.105468 -2.901367
v 6.210938 14.999999 -2.901367
v 6.210938 14.999999 -2.901367
v 6.1054688 15.105468 -2.901367
v 6.0 14.999999 -3.0
v 6.0 15.2109375 -2.901367
v 6.669922 14.999999 -2.002929
v 6.669922 15.669921 -2.002929
v 6.210938 14.999999 -2.901367
v 10.0 -14.0 -2.999999
v 7.0 -14.0 -2.999999
v 10.0 -16.0 -2.999999
v 7.0 -16.0 -2.999999
v 8.0 -1.0 -2.999999
v 7.0 -1.0 -2.999999
v 8.0 -2.0 -2.999999
v 7.0 -2.0 -2.999999
v 7.0 -1.013279E-6 -3.0
v 7.0 -1.000001 -3.0
v 7.0625 -0.625001 -3.0
v 7.3125 -0.937501 -3.0
v 8.0 -1.000001 -3.0
v 7.3125 -0.937501 -3.0
v 8.0 -1.000001 -3.0
v 8.0 -0.789063 -2.901367
v 7.5 -0.750001 -2.901367
v 7.0 -1.013279E-6 -3.0
v 7.0625 -0.625001 -3.0
v 7.25 -0.437501 -2.901367
v 7.210938 -1.013279E-6 -2.901367
v 7.210938 -1.013279E-6 -2.901367
v 7.25 -0.437501 -2.901367
v 7.669922 -1.013279E-6 -2.002929
v 7.5 -0.750001 -2.901367
v 8.0 -0.33007902 -2.002929
v 8.0 -0.789063 -2.901367
v 8.0 -0.33007902 -2.002929
v 8.0 -1.013279E-6 -2.0
v 7.669922 -1.013279E-6 -2.002929
v 7.210937 0.0 -2.901367
v 7.669921 0.0 -2.002929
v 7.669921 5.0 -2.002929
v 7.210937 5.0 -2.901367
v 7.999999 0.0 -2.0
v 7.999999 5.0 -2.0
v 7.210937 0.0 -2.901367
v 7.210937 5.0 -2.901367
v 6.999999 5.0 -3.0
v 6.999999 0.0 -3.0
v 7.669922 5.669921 -2.002929
v 7.669922 4.999999 -2.002929
v 8.0 4.999999 -2.0
v 8.0 5.999999 -2.0
v 7.0 5.669921 -2.002929
v 7.669922 5.669921 -2.002929
v 8.0 5.999999 -2.0
v 7.0 5.999999 -2.0
v 7.0 5.669921 -2.002929
v 7.0 5.210937 -2.901367
v 7.669922 5.669921 -2.002929
v 7.1054688 5.105468 -2.901367
v 7.210938 4.999999 -2.901367
v 7.210938 4.999999 -2.901367
v 7.1054688 5.105468 -2.901367
v 7.0 4.999999 -3.0
v 7.0 5.210937 -2.901367
v 7.669922 4.999999 -2.002929
v 7.669922 5.669921 -2.002929
v 7.210938 4.999999 -2.901367
v 10.0 14.0 -1.999999
v 7.0 14.0 -1.999999
v 10.0 6.0 -1.999999
v 7.0 6.0 -1.999999
v 10.0 16.0 -1.999999
v 7.0 16.0 -1.999999
v 10.0 14.0 -1.999999
v 7.0 14.0 -1.999999
v 8.0 -1.000001 -3.0
v 8.0 -2.000001 -3.0
v 8.0625 -1.625001 -3.0
v 8.3125 -1.937501 -3.0
v 9.0 -2.000001 -3.0
v 8.3125 -1.937501 -3.0
v 9.0 -2.000001 -3.0
v 9.0 -1.789063 -2.901367
v 8.5 -1.750001 -2.901367
v 8.0 -1.000001 -3.0
v 8.0625 -1.625001 -3.0
v 8.25 -1.437501 -2.901367
v 8.2109375 -1.000001 -2.901367
v 8.2109375 -1.000001 -2.901367
v 8.25 -1.437501 -2.901367
v 8.669922 -1.000001 -2.002929
v 8.5 -1.750001 -2.901367
v 9.0 -1.3300791 -2.002929
v 9.0 -1.789063 -2.901367
v 9.0 -1.3300791 -2.002929
v 9.0 -1.000001 -2.0
v 8.669922 -1.000001 -2.002929
v 8.669922 -0.33007896 -2.002929
v 8.669922 -1.000001 -2.002929
v 9.0 -1.000001 -2.0
v 9.0 -1.013279E-6 -2.0
v 8.0 -0.33007896 -2.002929
v 8.669922 -0.33007896 -2.002929
v 9.0 -1.013279E-6 -2.0
v 8.0 -1.013279E-6 -2.0
v 8.0 -0.33007896 -2.002929
v 8.0 -0.789063 -2.901367
v 8.669922 -0.33007896 -2.002929
v 8.105469 -0.894532 -2.901367
v 8.2109375 -1.000001 -2.901367
v 8.2109375 -1.000001 -2.901367
v 8.105469 -0.894532 -2.901367
v 8.0 -1.000001 -3.0
v 8.0 -0.789063 -2.901367
v 8.669922 -1.000001 -2.002929
v 8.669922 -0.33007896 -2.002929
v 8.2109375 -1.000001 -2.901367
v 10.0 6.0 -1.999999
v 8.0 6.0 -1.999999
v 10.0 0.0 -1.999999
v 8.0 0.0 -1.999999
v 10.0 -12.0 -2.999999
v 9.0 -12.0 -2.999999
v 10.0 -14.0 -2.999999
v 9.0 -14.0 -2.999999
v 9.0 -11.000001 -3.0
v 9.0 -12.000001 -3.0
v 9.0625 -11.625001 -3.0
v 9.3125 -11.937501 -3.0
v 10.0 -12.000001 -3.0
v 9.3125 -11.937501 -3.0
v 10.0 -12.000001 -3.0
v 10.0 -11.789063 -2.901367
v 9.5 -11.750001 -2.901367
v 9.0 -11.000001 -3.0
v 9.0625 -11.625001 -3.0
v 9.25 -11.437501 -2.901367
v 9.2109375 -11.000001 -2.901367
v 9.2109375 -11.000001 -2.901367
v 9.25 -11.437501 -2.901367
v 9.669922 -11.000001 -2.002929
v 9.5 -11.750001 -2.901367
v 10.0 -11.330079 -2.002929
v 10.0 -11.789063 -2.901367
v 10.0 -11.330079 -2.002929
v 10.0 -11.000001 -2.0
v 9.669922 -11.000001 -2.002929
v 9.2109375 -11.0 -2.901367
v 9.669921 -11.0 -2.002929
v 9.669921 -7.0 -2.002929
v 9.2109375 -7.0 -2.901367
v 9.999999 -11.0 -2.0
v 9.999999 -7.0 -2.0
v 9.2109375 -11.0 -2.901367
v 9.2109375 -7.0 -2.901367
v 8.999999 -7.0 -3.0
v 8.999999 -11.0 -3.0
v 9.999999 -6.0 -3.0
v 8.999999 -6.0 -3.0
v 9.374999 -6.0625 -3.0
v 9.062499 -6.3125 -3.0
v 8.999999 -7.0 -3.0
v 9.062499 -6.3125 -3.0
v 8.999999 -7.0 -3.0
v 9.210937 -7.0 -2.901367
v 9.249999 -6.5 -2.901367
v 9.999999 -6.0 -3.0
v 9.374999 -6.0625 -3.0
v 9.562499 -6.25 -2.901367
v 9.999999 -6.210938 -2.901367
v 9.999999 -6.210938 -2.901367
v 9.562499 -6.25 -2.901367
v 9.999999 -6.669922 -2.002929
v 9.249999 -6.5 -2.901367
v 9.669921 -7.0 -2.002929
v 9.210937 -7.0 -2.901367
v 9.669921 -7.0 -2.002929
v 9.999999 -7.0 -2.0
v 9.999999 -6.669922 -2.002929
v 10.0 -1.789063 -2.901367
v 10.0 -1.3300791 -2.002929
v 9.0 -1.3300791 -2.002929
v 9.0 -1.789063 -2.901367
v 10.0 -1.000001 -2.0
v 9.0 -1.000001 -2.0
v 10.0 -1.789063 -2.901367
v 9.0 -1.789063 -2.901367
v 9.0 -2.000001 -3.0
v 10.0 -2.000001 -3.0
v 13.0 0.0 -1.999999
v 9.0 0.0 -1.999999
v 13.0 -1.0 -1.999999
v 9.0 -1.0 -1.999999
v 10.2109375 -16.0 -2.901367
v 10.669921 -16.0 -2.002929
v 10.669921 -12.0 -2.002929
v 10.2109375 -12.0 -2.901367
v 10.999999 -16.0 -2.0
v 10.999999 -12.0 -2.0
v 10.2109375 -16.0 -2.901367
v 10.2109375 -12.0 -2.901367
v 9.999999 -12.0 -3.0
v 9.999999 -16.0 -3.0
v 10.669922 -11.330079 -2.002929
v 10.669922 -12.000001 -2.002929
v 11.0 -12.000001 -2.0
v 11.0 -11.000001 -2.0
v 10.0 -11.330079 -2.002929
v 10.669922 -11.330079 -2.002929
v 11.0 -11.000001 -2.0
v 10.0 -11.000001 -2.0
v 10.0 -11.330079 -2.002929
v 10.0 -11.7890625 -2.901367
v 10.669922 -11.330079 -2.002929
v 10.105469 -11.894532 -2.901367
v 10.2109375 -12.000001 -2.901367
v 10.2109375 -12.000001 -2.901367
v 10.105469 -11.894532 -2.901367
v 10.0 -12.000001 -3.0
v 10.0 -11.7890625 -2.901367
v 10.669922 -12.000001 -2.002929
v 10.669922 -11.330079 -2.002929
v 10.2109375 -12.000001 -2.901367
v 13.0 -7.0 -1.999999
v 10.0 -7.0 -1.999999
v 13.0 -11.0 -1.999999
v 10.0 -11.0 -1.999999
v 10.669921 -6.669922 -2.002929
v 9.999999 -6.669922 -2.002929
v 9.999999 -7.0 -2.0
v 10.999999 -7.0 -2.0
v 10.669921 -6.0 -2.002929
v 10.669921 -6.669922 -2.002929
v 10.999999 -7.0 -2.0
v 10.999999 -6.0 -2.0
v 10.669921 -6.0 -2.002929
v 10.2109375 -6.0 -2.901367
v 10.669921 -6.669922 -2.002929
v 10.105468 -6.1054688 -2.901367
v 9.999999 -6.210938 -2.901367
v 9.999999 -6.210938 -2.901367
v 10.105468 -6.1054688 -2.901367
v 9.999999 -6.0 -3.0
v 10.2109375 -6.0 -2.901367
v 9.999999 -6.669922 -2.002929
v 10.669921 -6.669922 -2.002929
v 9.999999 -6.210938 -2.901367
v 10.2109375 -6.0 -2.901367
v 10.669921 -6.0 -2.002929
v 10.669921 -2.0 -2.002929
v 10.2109375 -2.0 -2.901367
v 10.999999 -6.0 -2.0
v 10.999999 -2.0 -2.0
v 10.2109375 -6.0 -2.901367
v 10.2109375 -2.0 -2.901367
v 9.999999 -2.0 -3.0
v 9.999999 -6.0 -3.0
v 10.669922 -1.330079 -2.002929
v 10.669922 -2.000001 -2.002929
v 11.0 -2.000001 -2.0
v 11.0 -1.000001 -2.0
v 10.0 -1.330079 -2.002929
v 10.669922 -1.330079 -2.002929
v 11.0 -1.000001 -2.0
v 10.0 -1.000001 -2.0
v 10.0 -1.330079 -2.002929
v 10.0 -1.789063 -2.901367
v 10.669922 -1.330079 -2.002929
v 10.105469 -1.894532 -2.901367
v 10.2109375 -2.000001 -2.901367
v 10.2109375 -2.000001 -2.901367
v 10.105469 -1.894532 -2.901367
v 10.0 -2.000001 -3.0
v 10.0 -1.789063 -2.901367
v 10.669922 -2.000001 -2.002929
v 10.669922 -1.330079 -2.002929
v 10.2109375 -2.000001 -2.901367
v 13.0 1.0 -1.999999
v 10.0 1.0 -1.999999
v 13.0 0.0 -1.999999
v 10.0 0.0 -1.999999
v 10.0 1.999999 -2.0
v 10.0 0.999999 -2.0
v 10.0625 1.374999 -2.0
v 10.3125 1.062499 -2.0
v 11.0 0.999999 -2.0
v 10.3125 1.062499 -2.0
v 11.0 0.999999 -2.0
v 11.0 1.210937 -1.901367
v 10.5 1.249999 -1.901367
v 10.0 1.999999 -2.0
v 10.0625 1.374999 -2.0
v 10.25 1.562499 -1.901367
v 10.2109375 1.999999 -1.901367
v 10.2109375 1.999999 -1.901367
v 10.25 1.562499 -1.901367
v 10.669922 1.999999 -1.002929
v 10.5 1.249999 -1.901367
v 11.0 1.6699209 -1.002929
v 11.0 1.210937 -1.901367
v 11.0 1.6699209 -1.002929
v 11.0 1.999999 -1.0
v 10.669922 1.999999 -1.002929
v 10.2109375 2.0 -1.901367
v 10.669921 2.0 -1.002929
v 10.669921 10.0 -1.002929
v 10.2109375 10.0 -1.901367
v 10.999999 2.0 -1.0
v 10.999999 10.0 -1.0
v 10.2109375 2.0 -1.901367
v 10.2109375 10.0 -1.901367
v 9.999999 10.0 -2.0
v 9.999999 2.0 -2.0
v 10.2109375 10.0 -1.901367
v 10.669921 10.0 -1.002929
v 10.669921 16.0 -1.002929
v 10.2109375 16.0 -1.901367
v 10.999999 10.0 -1.0
v 10.999999 16.0 -1.0
v 10.2109375 10.0 -1.901367
v 10.2109375 16.0 -1.901367
v 9.999999 16.0 -2.0
v 9.999999 10.0 -2.0
v 13.0 -11.0 -1.999999
v 11.0 -11.0 -1.999999
v 13.0 -16.0 -1.999999
v 11.0 -16.0 -1.999999
v 13.0 -1.0 -1.999999
v 11.0 -1.0 -1.999999
v 13.0 -7.0 -1.999999
v 11.0 -7.0 -1.999999
v 13.0 1.210937 -1.901367
v 13.0 1.6699209 -1.002929
v 11.0 1.6699209 -1.002929
v 11.0 1.210937 -1.901367
v 13.0 1.999999 -1.0
v 11.0 1.999999 -1.0
v 13.0 1.210937 -1.901367
v 11.0 1.210937 -1.901367
v 11.0 0.999999 -2.0
v 13.0 0.999999 -2.0
v 12.0 10.0 -1.0
v 11.0 10.0 -1.0
v 11.0 2.0 -1.0
v 12.0 2.0 -1.0
v 12.0 16.0 -1.0
v 11.0 16.0 -1.0
v 11.0 10.0 -1.0
v 12.0 10.0 -1.0
v 15.0 3.0 -1.0
v 12.0 3.0 -1.0
v 12.0 2.0 -1.0
v 15.0 2.0 -1.0
v 13.0 -15.000001 -2.0
v 13.0 -16.000002 -2.0
v 13.0625 -15.625001 -2.0
v 13.3125 -15.937501 -2.0
v 14.0 -16.000002 -2.0
v 13.3125 -15.937501 -2.0
v 14.0 -16.000002 -2.0
v 14.0 -15.789063 -1.901367
v 13.5 -15.750001 -1.901367
v 13.0 -15.000001 -2.0
v 13.0625 -15.625001 -2.0
v 13.25 -15.437501 -1.901367
v 13.2109375 -15.000001 -1.901367
v 13.2109375 -15.000001 -1.901367
v 13.25 -15.437501 -1.901367
v 13.669922 -15.000001 -1.002929
v 13.5 -15.750001 -1.901367
v 14.0 -15.330079 -1.002929
v 14.0 -15.789063 -1.901367
v 14.0 -15.330079 -1.002929
v 14.0 -15.000001 -1.0
v 13.669922 -15.000001 -1.002929
v 13.2109375 -15.0 -1.901367
v 13.669921 -15.0 -1.002929
v 13.669921 -7.0 -1.002929
v 13.2109375 -7.0 -1.901367
v 13.999999 -15.0 -1.0
v 13.999999 -7.0 -1.0
v 13.2109375 -15.0 -1.901367
v 13.2109375 -7.0 -1.901367
v 12.999999 -7.0 -2.0
v 12.999999 -15.0 -2.0
v 13.2109375 -7.0 -1.901367
v 13.669921 -7.0 -1.002929
v 13.669921 1.0 -1.002929
v 13.2109375 1.0 -1.901367
v 13.999999 -7.0 -1.0
v 13.999999 1.0 -1.0
v 13.2109375 -7.0 -1.901367
v 13.2109375 1.0 -1.901367
v 12.999999 1.0 -2.0
v 12.999999 -7.0 -2.0
v 13.669922 1.669921 -1.002929
v 13.669922 0.99999905 -1.002929
v 14.0 0.99999905 -1.0
v 14.0 1.999999 -1.0
v 13.0 1.669921 -1.002929
v 13.669922 1.669921 -1.002929
v 14.0 1.999999 -1.0
v 13.0 1.999999 -1.0
v 13.0 1.669921 -1.002929
v 13.0 1.210937 -1.901367
v 13.669922 1.669921 -1.002929
v 13.105469 1.105468 -1.901367
v 13.2109375 0.99999905 -1.901367
v 13.2109375 0.99999905 -1.901367
v 13.105469 1.105468 -1.901367
v 13.0 0.99999905 -2.0
v 13.0 1.210937 -1.901367
v 13.669922 0.99999905 -1.002929
v 13.669922 1.669921 -1.002929
v 13.2109375 0.99999905 -1.901367
v 16.0 -15.789063 -1.901367
v 16.0 -15.330079 -1.002929
v 14.0 -15.330079 -1.002929
v 14.0 -15.789063 -1.901367
v 16.0 -15.000001 -1.0
v 14.0 -15.000001 -1.0
v 16.0 -15.789063 -1.901367
v 14.0 -15.789063 -1.901367
v 14.0 -16.000002 -2.0
v 16.0 -16.000002 -2.0
v 15.0 -7.0 -1.0
v 14.0 -7.0 -1.0
v 14.0 -15.0 -1.0
v 15.0 -15.0 -1.0
v 15.0 1.0 -1.0
v 14.0 1.0 -1.0
v 14.0 -7.0 -1.0
v 15.0 -7.0 -1.0
v 15.0 2.0 -1.0
v 14.0 2.0 -1.0
v 14.0 1.0 -1.0
v 15.0 1.0 -1.0
v 16.0 -14.0 -1.0
v 15.0 -14.0 -1.0
v 15.0 -15.0 -1.0
v 16.0 -15.0 -1.0
v -8.0 -16.000008 -0.6875
v -8.0 -7.9999924 -0.687499
v -16.0 -7.9999924 -0.687499
v -16.0 -16.000008 -0.6875
v -8.0 -8.000008 -0.6875
v -8.0 7.6293945E-6 -0.687499
v -16.0 7.6293945E-6 -0.687499
v -16.0 -8.000008 -0.6875
v -8.0 -8.106232E-6 -0.6875
v -8.0 8.000008 -0.687499
v -16.0 8.000008 -0.687499
v -16.0 -8.106232E-6 -0.6875
v -8.0 7.999992 -0.6875
v -8.0 16.000008 -0.687499
v -16.0 16.000008 -0.687499
v -16.0 7.999992 -0.6875
v 0.0 -16.000008 -0.6875
v 0.0 -7.9999924 -0.687499
v -8.0 -7.9999924 -0.687499
v -8.0 -16.000008 -0.6875
v 0.0 -8.000008 -0.6875
v 0.0 7.6293945E-6 -0.687499
v -8.0 7.6293945E-6 -0.687499
v -8.0 -8.000008 -0.6875
v 0.0 -8.106232E-6 -0.6875
v 0.0 8.000008 -0.687499
v -8.0 8.000008 -0.687499
v -8.0 -8.106232E-6 -0.6875
v 0.0 7.999992 -0.6875
v 0.0 16.000008 -0.687499
v -8.0 16.000008 -0.687499
v -8.0 7.999992 -0.6875
v 8.0 -16.000008 -0.6875
v 8.0 -7.9999924 -0.687499
v 0.0 -7.9999924 -0.687499
v 0.0 -16.000008 -0.6875
v 8.0 -8.000008 -0.6875
v 8.0 7.6293945E-6 -0.687499
v 0.0 7.6293945E-6 -0.687499
v 0.0 -8.000008 -0.6875
v 8.0 -8.106232E-6 -0.6875
v 8.0 8.000008 -0.687499
v 0.0 8.000008 -0.687499
v 0.0 -8.106232E-6 -0.6875
v 8.0 7.999992 -0.6875
v 8.0 16.000008 -0.687499
v 0.0 16.000008 -0.687499
v 0.0 7.999992 -0.6875
v 16.0 -16.000008 -0.6875
v 16.0 -7.9999924 -0.687499
v 8.0 -7.9999924 -0.687499
v 8.0 -16.000008 -0.6875
v 16.0 -8.000008 -0.6875
v 16.0 7.6293945E-6 -0.687499
v 8.0 7.6293945E-6 -0.687499
v 8.0 -8.000008 -0.6875
v 13.0 -8.106232E-6 -0.6875
v 13.0 8.000008 -0.687499
v 8.0 8.000008 -0.687499
v 8.0 -8.106232E-6 -0.6875
v 13.0 7.999992 -0.6875
v 13.0 16.000008 -0.687499
v 8.0 16.000008 -0.687499
v 8.0 7.999992 -0.6875
v 16.0 -4.053116E-6 -0.6875
v 16.0 4.000004 -0.687499
v 13.0 4.000004 -0.687499
v 13.0 -4.053116E-6 -0.6875
vt -1.5 -1.0
vt -1.5 -1.0
vt 0.5 -1.0
vt 0.5 -1.0
vt -0.5 0.0
vt -1.5 -1.0
vt 0.5 -1.0
vt 0.5 -1.0
vt -1.5 -1.0
vt -1.5 -1.0
vt -0.5 1.0
vt 1.0 1.0
vt 2.0 0.03125
vt -0.5 0.03125
vt 0.0 1.0
vt 1.5 1.0
vt 1.5 0.03125
vt -1.0 0.03125
vt 1.0 -0.34375
vt 2.0 -0.375
vt 1.0 -0.125
vt 3.0 -0.125
vt 3.0 0.0
vt 1.0 0.0
vt 1.0 -0.125
vt 3.0 -0.125
vt 3.0 -0.125
vt 2.0 -0.375
vt 3.0 -0.34375
vt 0.0 0.0
vt 0.0 -1.0
vt 8.0 -1.0
vt 8.0 0.0
vt 0.0 -1.0
vt 8.0 -1.0
vt 8.0 0.03125
vt 0.0 0.03125
vt 0.0 1.0
vt 8.0 1.0
vt 8.0 0.65625
vt 8.0 0.875
vt 0.0 0.875
vt 0.0 0.65625
vt 8.0 -0.125
vt 8.0 0.0
vt 0.0 0.0
vt 0.0 -0.125
vt 0.0 0.0
vt 0.0 -1.0
vt 3.0 -1.0
vt 3.0 0.0
vt 0.0 -1.0
vt 3.0 -1.0
vt 3.0 0.03125
vt 0.0 0.03125
vt 0.0 1.0
vt 3.0 1.0
vt 3.0 0.65625
vt 3.0 0.875
vt 0.0 0.875
vt 0.0 0.65625
vt 3.0 -0.125
vt 3.0 0.0
vt 0.0 0.0
vt 0.0 -0.125
vt -1.5 -1.0
vt -1.5 -1.0
vt 0.5 -1.0
vt 0.5 -1.0
vt -0.5 0.0
vt -1.5 -1.0
vt 0.5 -1.0
vt 0.5 -1.0
vt -1.5 -1.0
vt -1.5 -1.0
vt -0.5 1.0
vt 1.0 1.0
vt 2.0 0.03125
vt -0.5 0.03125
vt 0.0 1.0
vt 1.5 1.0
vt 1.5 0.03125
vt -1.0 0.03125
vt 1.0 -0.34375
vt 2.0 -0.375
vt 1.0 -0.125
vt 3.0 -0.125
vt 3.0 0.0
vt 1.0 0.0
vt 1.0 -0.125
vt 3.0 -0.125
vt 3.0 -0.125
vt 2.0 -0.375
vt 3.0 -0.34375
vt 0.0 0.0
vt 0.0 -1.0
vt 8.0 -1.0
vt 8.0 0.0
vt 0.0 -1.0
vt 8.0 -1.0
vt 8.0 0.03125
vt 0.0 0.03125
vt 0.0 1.0
vt 8.0 1.0
vt 8.0 0.65625
vt 8.0 0.875
vt 0.0 0.875
vt 0.0 0.65625
vt 8.0 -0.125
vt 8.0 0.0
vt 0.0 0.0
vt 0.0 -0.125
vt 0.0 0.0
vt 0.0 -1.0
vt 6.0 -1.0
vt 6.0 0.0
vt 0.0 -1.0
vt 6.0 -1.0
vt 6.0 0.03125
vt 0.0 0.03125
vt 0.0 1.0
vt 6.0 1.0
vt 6.0 0.65625
vt 6.0 0.875
vt 0.0 0.875
vt 0.0 0.65625
vt 6.0 -0.125
vt 6.0 0.0
vt 0.0 0.0
vt 0.0 -0.125
vt 1.0 -0.125
vt -1.0 0.0
vt -1.0 -0.125
vt 1.0 -0.34375
vt 1.0 -0.34375
vt 3.0 -0.34375
vt 1.0 -0.125
vt 3.0 -0.125
vt 1.0 0.0
vt 3.0 0.0
vt -1.0 -0.34375
vt 1.0 0.0
vt 1.0 0.0
vt -1.0 0.0
vt 1.0 -1.0
vt -1.0 -1.0
vt 1.0 -1.0
vt -1.0 -1.0
vt 1.0 0.0
vt -1.0 0.0
vt 1.0 -1.0
vt -1.0 -1.0
vt -1.0 -1.0
vt 1.0 -1.0
vt 0.0 -0.96875
vt 0.0 0.0
vt 1.0 0.0
vt 2.0 -0.96875
vt 1.0 0.0
vt 2.0 0.0
vt 0.0 8.0
vt 0.0 0.0
vt 2.0 0.0
vt 2.0 8.0
vt 0.0 3.0
vt 0.0 0.0
vt 2.0 0.0
vt 2.0 3.0
vt 0.542969 -0.62793
vt 0.189453 -0.62793
vt 0.34375 -0.1875
vt 0.542969 -0.1875
vt 0.042969 -0.62793
vt 0.144531 -0.977539
vt -0.019531 -0.977539
vt 0.895508 -0.62793
vt 0.94043 -0.977539
vt 1.105469 -0.977539
vt 1.106445 -0.457031
vt 0.94043 -0.977539
vt 0.542969 -0.977539
vt 0.895508 -0.62793
vt 0.261719 -0.1875
vt 0.741211 -0.1875
vt 0.34375 -0.1875
vt 0.144531 -0.977539
vt 0.542969 -0.977539
vt 0.722656 -0.442383
vt 0.542969 0.0
vt 1.000977 -0.420898
vt 0.99707 -0.575195
vt 0.685547 -0.015625
vt 0.321289 -0.06543
vt 0.420898 -0.204102
vt 1.004883 -0.558594
vt 0.879883 -0.181641
vt 1.0 -0.990234
vt 0.5 0.570312
vt 0.0 -0.990234
vt 1.0 -0.990234
vt 0.0 -0.990234
vt 1.0 -0.990234
vt 0.0 -0.990234
vt 1.0 -0.990234
vt 0.0 -0.990234
vt 1.0 -0.990234
vt 0.0 -0.990234
vt 1.0 -0.990234
vt 0.0 -0.990234
vt 1.0 -0.990234
vt 0.0 -0.990234
vt 1.0 -0.990234
vt 0.0 -0.990234
vt 1.0 -0.990234
vt 0.0 -0.990234
vt 1.0 -0.990234
vt 0.0 -0.990234
vt 1.0 -0.990234
vt 0.0 -0.990234
vt 1.0 -0.990234
vt 0.0 -0.990234
vt 0.542969 -0.62793
vt 0.189453 -0.62793
vt 0.34375 -0.1875
vt 0.542969 -0.1875
vt 0.042969 -0.62793
vt 0.144531 -0.977539
vt -0.019531 -0.977539
vt 0.895508 -0.62793
vt 0.94043 -0.977539
vt 1.105469 -0.977539
vt 1.106445 -0.457031
vt 0.94043 -0.977539
vt 0.542969 -0.977539
vt 0.895508 -0.62793
vt 0.261719 -0.1875
vt 0.741211 -0.1875
vt 0.34375 -0.1875
vt 0.144531 -0.977539
vt 0.542969 -0.977539
vt 0.722656 -0.442383
vt 0.542969 0.0
vt 1.000977 -0.420898
vt 0.99707 -0.575195
vt 0.685547 -0.015625
vt 0.321289 -0.06543
vt 0.420898 -0.204102
vt 1.004883 -0.558594
vt 0.879883 -0.181641
vt 1.0 -0.990234
vt 0.5 0.570312
vt 0.0 -0.990234
vt 1.0 -0.990234
vt 0.0 -0.990234
vt 1.0 -0.990234
vt 0.0 -0.990234
vt 1.0 -0.990234
vt 0.0 -0.990234
vt 1.0 -0.990234
vt 0.0 -0.990234
vt 1.0 -0.990234
vt 0.0 -0.990234
vt 1.0 -0.990234
vt 0.0 -0.990234
vt 1.0 -0.990234
vt 0.0 -0.990234
vt 1.0 -0.990234
vt 0.0 -0.990234
vt 1.0 -0.990234
vt 0.0 -0.990234
vt 1.0 -0.990234
vt 0.0 -0.990234
vt 1.0 -0.990234
vt 0.0 -0.990234
vt 0.542969 -0.62793
vt 0.189453 -0.62793
vt 0.34375 -0.1875
vt 0.542969 -0.1875
vt 0.042969 -0.62793
vt 0.144531 -0.977539
vt -0.019531 -0.977539
vt 0.895508 -0.62793
vt 0.94043 -0.977539
vt 1.105469 -0.977539
vt 1.106445 -0.457031
vt 0.94043 -0.977539
vt 0.542969 -0.977539
vt 0.895508 -0.62793
vt 0.261719 -0.1875
vt 0.741211 -0.1875
vt 0.34375 -0.1875
vt 0.144531 -0.977539
vt 0.542969 -0.977539
vt 0.722656 -0.442383
vt 0.542969 0.0
vt 1.000977 -0.420898
vt 0.99707 -0.575195
vt 0.685547 -0.015625
vt 0.321289 -0.06543
vt 0.420898 -0.204102
vt 1.004883 -0.558594
vt 0.879883 -0.181641
vt 1.0 -0.990234
vt 0.5 0.570312
vt 0.0 -0.990234
vt 1.0 -0.990234
vt 0.0 -0.990234
vt 1.0 -0.990234
vt 0.0 -0.990234
vt 1.0 -0.990234
vt 0.0 -0.990234
vt 1.0 -0.990234
vt 0.0 -0.990234
vt 1.0 -0.990234
vt 0.0 -0.990234
vt 1.0 -0.990234
vt 0.0 -0.990234
vt 1.0 -0.990234
vt 0.0 -0.990234
vt 1.0 -0.990234
vt 0.0 -0.990234
vt 1.0 -0.990234
vt 0.0 -0.990234
vt 1.0 -0.990234
vt 0.0 -0.990234
vt 1.0 -0.990234
vt 0.0 -0.990234
vt 0.542969 -0.62793
vt 0.189453 -0.62793
vt 0.34375 -0.1875
vt 0.542969 -0.1875
vt 0.042969 -0.62793
vt 0.144531 -0.977539
vt -0.019531 -0.977539
vt 0.895508 -0.62793
vt 0.94043 -0.977539
vt 1.105469 -0.977539
vt 1.106445 -0.457031
vt 0.94043 -0.977539
vt 0.542969 -0.977539
vt 0.895508 -0.62793
vt 0.261719 -0.1875
vt 0.741211 -0.1875
vt 0.34375 -0.1875
vt 0.144531 -0.977539
vt 0.542969 -0.977539
vt 0.722656 -0.442383
vt 0.542969 0.0
vt 1.000977 -0.420898
vt 0.99707 -0.575195
vt 0.685547 -0.015625
vt 0.321289 -0.06543
vt 0.420898 -0.204102
vt 1.004883 -0.558594
vt 0.879883 -0.181641
vt 1.0 -0.990234
vt 0.5 0.570312
vt 0.0 -0.990234
vt 1.0 -0.990234
vt 0.0 -0.990234
vt 1.0 -0.990234
vt 0.0 -0.990234
vt 1.0 -0.990234
vt 0.0 -0.990234
vt 1.0 -0.990234
vt 0.0 -0.990234
vt 1.0 -0.990234
vt 0.0 -0.990234
vt 1.0 -0.990234
vt 0.0 -0.990234
vt 1.0 -0.990234
vt 0.0 -0.990234
vt 1.0 -0.990234
vt 0.0 -0.990234
vt 1.0 -0.990234
vt 0.0 -0.990234
vt 1.0 -0.990234
vt 0.0 -0.990234
vt 1.0 -0.990234
vt 0.0 -0.990234
vt 2.0 0.0
vt 0.0 0.0
vt 0.0 -1.0
vt 2.0 -1.0
vt 2.0 0.0
vt 0.0 0.0
vt 0.0 -1.0
vt 2.0 -1.0
vt 2.0 0.0
vt 0.0 0.0
vt 0.0 -1.0
vt 2.0 -1.0
vt 2.0 0.0
vt 0.0 0.0
vt 0.0 -1.0
vt 2.0 -1.0
vt 2.0 0.0
vt 0.0 0.0
vt 0.0 -1.0
vt 2.0 -1.0
vt 2.0 0.0
vt 0.0 0.0
vt 0.0 -1.0
vt 2.0 -1.0
vt 1.0 0.0
vt 0.0 0.0
vt 0.0 -2.0
vt 1.0 -2.0
vt 1.0 0.0
vt 0.0 0.0
vt 0.0 -2.0
vt 1.0 -2.0
vt 1.0 0.0
vt 0.0 0.0
vt 0.0 -2.0
vt 1.0 -2.0
vt 1.0 0.0
vt 0.0 0.0
vt 0.0 -3.0
vt 1.0 -3.0
vt 1.0 0.0
vt 0.0 0.0
vt 0.0 -3.0
vt 1.0 -3.0
vt 1.0 0.0
vt 0.0 0.0
vt 0.0 -3.0
vt 1.0 -3.0
vt 1.0 0.0
vt 0.0 0.0
vt 0.0 -3.0
vt 1.0 -3.0
vt 1.0 0.0
vt 0.0 0.0
vt 0.0 -3.0
vt 1.0 -3.0
vt 1.0 0.0
vt 0.0 0.0
vt 0.0 -3.0
vt 1.0 -3.0
vt 4.0 0.0
vt 0.0 0.0
vt 0.0 -1.0
vt 4.0 -1.0
vt 4.0 0.0
vt 0.0 0.0
vt 0.0 -1.0
vt 4.0 -1.0
vt 4.0 0.0
vt 0.0 0.0
vt 0.0 -1.0
vt 4.0 -1.0
vt 1.0 0.0
vt 0.0 0.0
vt 0.0 -3.0
vt 1.0 -3.0
vt 1.0 0.0
vt 0.0 0.0
vt 0.0 -3.0
vt 1.0 -3.0
vt 1.0 0.0
vt 0.0 0.0
vt 0.0 -3.0
vt 1.0 -3.0
vt 4.0 0.0
vt 0.0 0.0
vt 0.0 -1.0
vt 4.0 -1.0
vt 4.0 0.0
vt 0.0 0.0
vt 0.0 -1.0
vt 4.0 -1.0
vt 4.0 0.0
vt 0.0 0.0
vt 0.0 -1.0
vt 4.0 -1.0
vt 1.0 0.0
vt 0.0 0.0
vt 0.0 -1.0
vt 1.0 -1.0
vt 1.0 0.0
vt 0.0 0.0
vt 0.0 -1.0
vt 1.0 -1.0
vt 1.0 0.0
vt 0.0 0.0
vt 0.0 -1.0
vt 1.0 -1.0
vt 1.0 0.0
vt 0.0 0.0
vt 0.0 -2.0
vt 1.0 -2.0
vt 1.0 0.0
vt 0.0 0.0
vt 0.0 -2.0
vt 1.0 -2.0
vt 1.0 0.0
vt 0.0 0.0
vt 0.0 -2.0
vt 1.0 -2.0
vt 3.0 0.0
vt 0.0 0.0
vt 0.0 -2.0
vt 3.0 -2.0
vt 3.0 0.0
vt 0.0 0.0
vt 0.0 -2.0
vt 3.0 -2.0
vt 3.0 0.0
vt 0.0 0.0
vt 0.0 -2.0
vt 3.0 -2.0
vt 2.0 0.0
vt 0.0 0.0
vt 0.0 -1.0
vt 2.0 -1.0
vt 2.0 0.0
vt 0.0 0.0
vt 0.0 -1.0
vt 2.0 -1.0
vt 2.0 0.0
vt 0.0 0.0
vt 0.0 -1.0
vt 2.0 -1.0
vt 1.0 0.0
vt 0.0 0.0
vt 0.0 -1.0
vt 1.0 -1.0
vt 1.0 0.0
vt 0.0 0.0
vt 0.0 -1.0
vt 1.0 -1.0
vt 1.0 0.0
vt 0.0 0.0
vt 0.0 -1.0
vt 1.0 -1.0
vt 1.0 0.0
vt 0.0 0.0
vt 0.0 -2.0
vt 1.0 -2.0
vt 1.0 0.0
vt 0.0 0.0
vt 0.0 -2.0
vt 1.0 -2.0
vt 1.0 0.0
vt 0.0 0.0
vt 0.0 -2.0
vt 1.0 -2.0
vt 1.0 0.0
vt 0.0 0.0
vt 0.0 -2.0
vt 1.0 -2.0
vt 1.0 0.0
vt 0.0 0.0
vt 0.0 -2.0
vt 1.0 -2.0
vt 1.0 0.0
vt 0.0 0.0
vt 0.0 -2.0
vt 1.0 -2.0
vt 1.0 0.0
vt 0.0 0.0
vt 0.0 -1.0
vt 1.0 -1.0
vt 1.0 0.0
vt 0.0 0.0
vt 0.0 -1.0
vt 1.0 -1.0
vt 1.0 0.0
vt 0.0 0.0
vt 0.0 -1.0
vt 1.0 -1.0
vt 1.0 0.0
vt 0.0 0.0
vt 0.0 -1.0
vt 1.0 -1.0
vt 1.0 0.0
vt 0.0 0.0
vt 0.0 -1.0
vt 1.0 -1.0
vt 1.0 0.0
vt 0.0 0.0
vt 0.0 -1.0
vt 1.0 -1.0
vt 7.0 0.0
vt 0.0 0.0
vt 0.0 -1.0
vt 7.0 -1.0
vt 7.0 0.0
vt 0.0 0.0
vt 0.0 -1.0
vt 7.0 -1.0
vt 7.0 0.0
vt 0.0 0.0
vt 0.0 -1.0
vt 7.0 -1.0
vt 1.0 0.0
vt 0.0 0.0
vt 0.0 -1.0
vt 1.0 -1.0
vt 1.0 0.0
vt 0.0 0.0
vt 0.0 -1.0
vt 1.0 -1.0
vt 1.0 0.0
vt 0.0 0.0
vt 0.0 -1.0
vt 1.0 -1.0
vt 5.0 0.0
vt 0.0 0.0
vt 0.0 -1.0
vt 5.0 -1.0
vt 5.0 0.0
vt 0.0 0.0
vt 0.0 -1.0
vt 5.0 -1.0
vt 5.0 0.0
vt 0.0 0.0
vt 0.0 -1.0
vt 5.0 -1.0
vt 1.0 0.0
vt 0.0 0.0
vt 0.0 -1.0
vt 1.0 -1.0
vt 1.0 0.0
vt 0.0 0.0
vt 0.0 -1.0
vt 1.0 -1.0
vt 1.0 0.0
vt 0.0 0.0
vt 0.0 -1.0
vt 1.0 -1.0
vt 1.0 0.0
vt 0.0 0.0
vt 0.0 -2.0
vt 1.0 -2.0
vt 1.0 0.0
vt 0.0 0.0
vt 0.0 -2.0
vt 1.0 -2.0
vt 1.0 0.0
vt 0.0 0.0
vt 0.0 -2.0
vt 1.0 -2.0
vt 3.0 0.0
vt 0.0 0.0
vt 0.0 -1.0
vt 3.0 -1.0
vt 3.0 0.0
vt 0.0 0.0
vt 0.0 -1.0
vt 3.0 -1.0
vt 3.0 0.0
vt 0.0 0.0
vt 0.0 -1.0
vt 3.0 -1.0
vt 1.0 0.0
vt 0.0 0.0
vt 0.0 -1.0
vt 1.0 -1.0
vt 1.0 0.0
vt 0.0 0.0
vt 0.0 -1.0
vt 1.0 -1.0
vt 1.0 0.0
vt 0.0 0.0
vt 0.0 -1.0
vt 1.0 -1.0
vt 2.0 0.0
vt 0.0 0.0
vt 0.0 -2.0
vt 2.0 -2.0
vt 2.0 0.0
vt 0.0 0.0
vt 0.0 -2.0
vt 2.0 -2.0
vt 2.0 0.0
vt 0.0 0.0
vt 0.0 -2.0
vt 2.0 -2.0
vt 1.0 0.0
vt 0.0 0.0
vt 0.0 -2.0
vt 1.0 -2.0
vt 1.0 0.0
vt 0.0 0.0
vt 0.0 -2.0
vt 1.0 -2.0
vt 1.0 0.0
vt 0.0 0.0
vt 0.0 -2.0
vt 1.0 -2.0
vt 1.0 0.0
vt 0.0 0.0
vt 0.0 -3.0
vt 1.0 -3.0
vt 1.0 0.0
vt 0.0 0.0
vt 0.0 -3.0
vt 1.0 -3.0
vt 1.0 0.0
vt 0.0 0.0
vt 0.0 -3.0
vt 1.0 -3.0
vt 0.542969 -0.62793
vt 0.189453 -0.62793
vt 0.34375 -0.1875
vt 0.542969 -0.1875
vt 0.042969 -0.62793
vt 0.144531 -0.977539
vt -0.019531 -0.977539
vt 0.895508 -0.62793
vt 0.94043 -0.977539
vt 1.105469 -0.977539
vt 1.106445 -0.457031
vt 0.94043 -0.977539
vt 0.542969 -0.977539
vt 0.895508 -0.62793
vt 0.261719 -0.1875
vt 0.741211 -0.1875
vt 0.34375 -0.1875
vt 0.144531 -0.977539
vt 0.542969 -0.977539
vt 0.722656 -0.442383
vt 0.542969 0.0
vt 1.000977 -0.420898
vt 0.99707 -0.575195
vt 0.685547 -0.015625
vt 0.321289 -0.06543
vt 0.420898 -0.204102
vt 1.004883 -0.558594
vt 0.879883 -0.181641
vt 1.0 -0.990234
vt 0.5 0.570312
vt 0.0 -0.990234
vt 1.0 -0.990234
vt 0.0 -0.990234
vt 1.0 -0.990234
vt 0.0 -0.990234
vt 1.0 -0.990234
vt 0.0 -0.990234
vt 1.0 -0.990234
vt 0.0 -0.990234
vt 1.0 -0.990234
vt 0.0 -0.990234
vt 1.0 -0.990234
vt 0.0 -0.990234
vt 1.0 -0.990234
vt 0.0 -0.990234
vt 1.0 -0.990234
vt 0.0 -0.990234
vt 1.0 -0.990234
vt 0.0 -0.990234
vt 1.0 -0.990234
vt 0.0 -0.990234
vt 1.0 -0.990234
vt 0.0 -0.990234
vt 1.0 0.0
vt 0.0 0.0
vt 0.0 -2.0
vt 1.0 -2.0
vt 1.0 0.0
vt 0.0 0.0
vt 0.0 -2.0
vt 1.0 -2.0
vt 1.0 0.0
vt 0.0 0.0
vt 0.0 -2.0
vt 1.0 -2.0
vt 3.0 0.0
vt 0.0 0.0
vt 0.0 -1.0
vt 3.0 -1.0
vt 3.0 0.0
vt 0.0 0.0
vt 0.0 -1.0
vt 3.0 -1.0
vt 3.0 0.0
vt 0.0 0.0
vt 0.0 -1.0
vt 3.0 -1.0
vt 1.0 0.0
vt 0.0 0.0
vt 0.0 -1.0
vt 1.0 -1.0
vt 1.0 0.0
vt 0.0 0.0
vt 0.0 -1.0
vt 1.0 -1.0
vt 1.0 0.0
vt 0.0 0.0
vt 0.0 -1.0
vt 1.0 -1.0
vt 1.0 0.0
vt 0.0 0.0
vt 0.0 -2.0
vt 1.0 -2.0
vt 1.0 0.0
vt 0.0 0.0
vt 0.0 -2.0
vt 1.0 -2.0
vt 1.0 0.0
vt 0.0 0.0
vt 0.0 -2.0
vt 1.0 -2.0
vt 2.0 0.0
vt 0.0 0.0
vt 0.0 -1.0
vt 2.0 -1.0
vt 2.0 0.0
vt 0.0 0.0
vt 0.0 -1.0
vt 2.0 -1.0
vt 2.0 0.0
vt 0.0 0.0
vt 0.0 -1.0
vt 2.0 -1.0
vt 1.0 0.0
vt 0.0 0.0
vt 0.0 -4.0
vt 1.0 -4.0
vt 1.0 0.0
vt 0.0 0.0
vt 0.0 -4.0
vt 1.0 -4.0
vt 1.0 0.0
vt 0.0 0.0
vt 0.0 -4.0
vt 1.0 -4.0
vt 2.0 0.0
vt 0.0 0.0
vt 0.0 -1.0
vt 2.0 -1.0
vt 2.0 0.0
vt 0.0 0.0
vt 0.0 -1.0
vt 2.0 -1.0
vt 2.0 0.0
vt 0.0 0.0
vt 0.0 -1.0
vt 2.0 -1.0
vt 1.0 0.0
vt 0.0 0.0
vt 0.0 -1.0
vt 1.0 -1.0
vt 1.0 0.0
vt 0.0 0.0
vt 0.0 -1.0
vt 1.0 -1.0
vt 1.0 0.0
vt 0.0 0.0
vt 0.0 -1.0
vt 1.0 -1.0
vt 1.0 0.0
vt 0.0 0.0
vt 0.0 -3.0
vt 1.0 -3.0
vt 1.0 0.0
vt 0.0 0.0
vt 0.0 -3.0
vt 1.0 -3.0
vt 1.0 0.0
vt 0.0 0.0
vt 0.0 -3.0
vt 1.0 -3.0
vt 1.0 0.0
vt 0.0 0.0
vt 0.0 -4.0
vt 1.0 -4.0
vt 1.0 0.0
vt 0.0 0.0
vt 0.0 -4.0
vt 1.0 -4.0
vt 1.0 0.0
vt 0.0 0.0
vt 0.0 -4.0
vt 1.0 -4.0
vt 1.0 0.0
vt 0.0 0.0
vt 0.0 -2.0
vt 1.0 -2.0
vt 1.0 0.0
vt 0.0 0.0
vt 0.0 -2.0
vt 1.0 -2.0
vt 1.0 0.0
vt 0.0 0.0
vt 0.0 -2.0
vt 1.0 -2.0
vt 1.0 0.0
vt 0.0 0.0
vt 0.0 -3.0
vt 1.0 -3.0
vt 1.0 0.0
vt 0.0 0.0
vt 0.0 -3.0
vt 1.0 -3.0
vt 1.0 0.0
vt 0.0 0.0
vt 0.0 -3.0
vt 1.0 -3.0
vt 2.0 0.0
vt 0.0 0.0
vt 0.0 -1.0
vt 2.0 -1.0
vt 2.0 0.0
vt 0.0 0.0
vt 0.0 -1.0
vt 2.0 -1.0
vt 2.0 0.0
vt 0.0 0.0
vt 0.0 -1.0
vt 2.0 -1.0
vt 1.0 0.0
vt 0.0 0.0
vt 0.0 -2.0
vt 1.0 -2.0
vt 1.0 0.0
vt 0.0 0.0
vt 0.0 -2.0
vt 1.0 -2.0
vt 1.0 0.0
vt 0.0 0.0
vt 0.0 -2.0
vt 1.0 -2.0
vt 1.0 0.0
vt 0.0 0.0
vt 0.0 -1.0
vt 1.0 -1.0
vt 1.0 0.0
vt 0.0 0.0
vt 0.0 -1.0
vt 1.0 -1.0
vt 1.0 0.0
vt 0.0 0.0
vt 0.0 -1.0
vt 1.0 -1.0
vt 1.0 0.0
vt 0.0 0.0
vt 0.0 -1.0
vt 1.0 -1.0
vt 1.0 0.0
vt 0.0 0.0
vt 0.0 -1.0
vt 1.0 -1.0
vt 1.0 0.0
vt 0.0 0.0
vt 0.0 -1.0
vt 1.0 -1.0
vt 3.0 0.0
vt 0.0 0.0
vt 0.0 -1.0
vt 3.0 -1.0
vt 3.0 0.0
vt 0.0 0.0
vt 0.0 -1.0
vt 3.0 -1.0
vt 3.0 0.0
vt 0.0 0.0
vt 0.0 -1.0
vt 3.0 -1.0
vt 2.0 0.0
vt 0.0 0.0
vt 0.0 -1.0
vt 2.0 -1.0
vt 2.0 0.0
vt 0.0 0.0
vt 0.0 -1.0
vt 2.0 -1.0
vt 2.0 0.0
vt 0.0 0.0
vt 0.0 -1.0
vt 2.0 -1.0
vt 2.0 0.0
vt 0.0 0.0
vt 0.0 -1.0
vt 2.0 -1.0
vt 2.0 0.0
vt 0.0 0.0
vt 0.0 -1.0
vt 2.0 -1.0
vt 2.0 0.0
vt 0.0 0.0
vt 0.0 -1.0
vt 2.0 -1.0
vt 1.0 0.0
vt 0.0 0.0
vt 0.0 -1.0
vt 1.0 -1.0
vt 1.0 0.0
vt 0.0 0.0
vt 0.0 -1.0
vt 1.0 -1.0
vt 1.0 0.0
vt 0.0 0.0
vt 0.0 -1.0
vt 1.0 -1.0
vt 1.0 0.0
vt 0.0 0.0
vt 0.0 -1.0
vt 1.0 -1.0
vt 1.0 0.0
vt 0.0 0.0
vt 0.0 -1.0
vt 1.0 -1.0
vt 1.0 0.0
vt 0.0 0.0
vt 0.0 -1.0
vt 1.0 -1.0
vt 1.0 0.0
vt 0.0 0.0
vt 0.0 -2.0
vt 1.0 -2.0
vt 1.0 0.0
vt 0.0 0.0
vt 0.0 -2.0
vt 1.0 -2.0
vt 1.0 0.0
vt 0.0 0.0
vt 0.0 -2.0
vt 1.0 -2.0
vt 0.0 8.0
vt 0.0 0.0
vt 8.0 0.0
vt 8.0 8.0
vt 0.0 8.0
vt 0.0 0.0
vt 6.0 0.0
vt 6.0 8.0
vt 0.0 8.0
vt 0.0 0.0
vt 3.0 0.0
vt 3.0 8.0
vt 0.0 8.0
vt 0.0 0.0
vt 2.0 0.0
vt 2.0 8.0
vt 0.0 2.0
vt 0.0 0.0
vt 1.0 0.0
vt 1.0 2.0
vt 0.841797 -0.986328
vt 0.998047 -0.986328
vt 0.966797 -0.892578
vt 0.841797 -0.892578
vt 0.498047 -0.986328
vt 0.654297 -0.986328
vt 0.654297 -0.892578
vt 0.529297 -0.892578
vt -0.470703 -1.392578
vt -0.345703 -1.392578
vt -0.345703 -1.105469
vt -0.158203 -1.392578
vt -0.158203 -1.105469
vt -0.033203 -1.392578
vt -0.158203 -0.609375
vt -0.251953 -0.515625
vt -0.345703 -0.609375
vt 1.0 0.5
vt 1.0 0.0
vt 1.03125 0.1875
vt 1.15625 0.03125
vt 1.5 0.0
vt 2.5 -0.894531
vt 2.5 -0.597656
vt 0.0 -0.597656
vt 0.0 -0.894531
vt 2.5 -0.515625
vt 0.0 -0.515625
vt 2.5 -0.894531
vt 0.0 -0.894531
vt 0.0 -0.988281
vt 2.5 -0.988281
vt 0.0 7.0
vt 0.0 0.0
vt 2.0 0.0
vt 2.0 7.0
vt 0.841797 -0.986328
vt 0.998047 -0.986328
vt 0.966797 -0.892578
vt 0.841797 -0.892578
vt 0.498047 -0.986328
vt 0.654297 -0.986328
vt 0.654297 -0.892578
vt 0.529297 -0.892578
vt -0.470703 -1.392578
vt -0.345703 -1.392578
vt -0.345703 -1.105469
vt -0.158203 -1.392578
vt -0.158203 -1.105469
vt -0.033203 -1.392578
vt -0.158203 -0.609375
vt -0.251953 -0.515625
vt -0.345703 -0.609375
vt 1.0 0.5
vt 1.0 0.0
vt 1.03125 0.1875
vt 1.15625 0.03125
vt 1.5 0.0
vt 1.0 -0.894531
vt 1.0 -0.597656
vt 0.0 -0.597656
vt 0.0 -0.894531
vt 1.0 -0.515625
vt 0.0 -0.515625
vt 1.0 -0.894531
vt 0.0 -0.894531
vt 0.0 -0.988281
vt 1.0 -0.988281
vt 0.753906 -0.599609
vt 1.0 -0.599609
vt 1.0 -0.513672
vt 0.5 -0.513672
vt 1.0 -0.599609
vt 1.279297 -0.599609
vt 1.5 -0.513672
vt 1.0 -0.513672
vt 0.4375 -0.59375
vt 0.4375 -0.890625
vt 0.285156 -0.59375
vt 0.285156 -0.890625
vt 0.4375 -0.890625
vt 0.4375 -0.394531
vt 0.285156 -0.394531
vt 0.285156 -0.486328
vt 0.4375 -0.394531
vt 0.4375 -0.59375
vt 0.285156 -0.59375
vt 0.4375 -0.890625
vt 0.0 5.0
vt 0.0 0.0
vt 3.0 0.0
vt 3.0 5.0
vt 0.5 -0.894531
vt 0.5 -0.597656
vt 0.0 -0.597656
vt 0.0 -0.894531
vt 0.5 -0.515625
vt 0.0 -0.515625
vt 0.5 -0.894531
vt 0.0 -0.894531
vt 0.0 -0.988281
vt 0.5 -0.988281
vt 0.0 2.0
vt 0.0 0.0
vt 6.0 0.0
vt 6.0 2.0
vt 0.0 1.0
vt 0.0 0.0
vt 3.0 0.0
vt 3.0 1.0
vt 0.0 6.0
vt 0.0 0.0
vt 1.0 0.0
vt 1.0 6.0
vt 0.841797 -0.986328
vt 0.998047 -0.986328
vt 0.966797 -0.892578
vt 0.841797 -0.892578
vt 0.498047 -0.986328
vt 0.654297 -0.986328
vt 0.654297 -0.892578
vt 0.529297 -0.892578
vt -0.470703 -1.392578
vt -0.345703 -1.392578
vt -0.345703 -1.105469
vt -0.158203 -1.392578
vt -0.158203 -1.105469
vt -0.033203 -1.392578
vt -0.158203 -0.609375
vt -0.251953 -0.515625
vt -0.345703 -0.609375
vt 1.0 0.5
vt 1.0 0.0
vt 1.03125 0.1875
vt 1.15625 0.03125
vt 1.5 0.0
vt 0.753906 -0.599609
vt 1.0 -0.599609
vt 1.0 -0.513672
vt 0.5 -0.513672
vt 1.0 -0.599609
vt 1.279297 -0.599609
vt 1.5 -0.513672
vt 1.0 -0.513672
vt 0.4375 -0.59375
vt 0.4375 -0.890625
vt 0.285156 -0.59375
vt 0.285156 -0.890625
vt 0.4375 -0.890625
vt 0.4375 -0.394531
vt 0.285156 -0.394531
vt 0.285156 -0.486328
vt 0.4375 -0.394531
vt 0.4375 -0.59375
vt 0.285156 -0.59375
vt 0.4375 -0.890625
vt 0.0 7.0
vt 0.0 0.0
vt 1.0 0.0
vt 1.0 7.0
vt 0.841797 -0.986328
vt 0.998047 -0.986328
vt 0.966797 -0.892578
vt 0.841797 -0.892578
vt 0.498047 -0.986328
vt 0.654297 -0.986328
vt 0.654297 -0.892578
vt 0.529297 -0.892578
vt -0.470703 -1.392578
vt -0.345703 -1.392578
vt -0.345703 -1.105469
vt -0.158203 -1.392578
vt -0.158203 -1.105469
vt -0.033203 -1.392578
vt -0.158203 -0.609375
vt -0.251953 -0.515625
vt -0.345703 -0.609375
vt 1.0 0.5
vt 1.0 0.0
vt 1.03125 0.1875
vt 1.15625 0.03125
vt 1.5 0.0
vt 3.0 -0.894531
vt 3.0 -0.597656
vt 0.0 -0.597656
vt 0.0 -0.894531
vt 3.0 -0.515625
vt 0.0 -0.515625
vt 3.0 -0.894531
vt 0.0 -0.894531
vt 0.0 -0.988281
vt 3.0 -0.988281
vt 0.753906 -0.599609
vt 1.0 -0.599609
vt 1.0 -0.513672
vt 0.5 -0.513672
vt 1.0 -0.599609
vt 1.279297 -0.599609
vt 1.5 -0.513672
vt 1.0 -0.513672
vt 0.4375 -0.59375
vt 0.4375 -0.890625
vt 0.285156 -0.59375
vt 0.285156 -0.890625
vt 0.4375 -0.890625
vt 0.4375 -0.394531
vt 0.285156 -0.394531
vt 0.285156 -0.486328
vt 0.4375 -0.394531
vt 0.4375 -0.59375
vt 0.285156 -0.59375
vt 0.4375 -0.890625
vt 0.0 1.0
vt 0.0 0.0
vt 4.0 0.0
vt 4.0 1.0
vt 0.0 2.0
vt 0.0 0.0
vt 1.0 0.0
vt 1.0 2.0
vt 0.841797 -0.986328
vt 0.998047 -0.986328
vt 0.966797 -0.892578
vt 0.841797 -0.892578
vt 0.498047 -0.986328
vt 0.654297 -0.986328
vt 0.654297 -0.892578
vt 0.529297 -0.892578
vt -0.470703 -1.392578
vt -0.345703 -1.392578
vt -0.345703 -1.105469
vt -0.158203 -1.392578
vt -0.158203 -1.105469
vt -0.033203 -1.392578
vt -0.158203 -0.609375
vt -0.251953 -0.515625
vt -0.345703 -0.609375
vt 1.0 0.5
vt 1.0 0.0
vt 1.03125 0.1875
vt 1.15625 0.03125
vt 1.5 0.0
vt 1.0 -0.894531
vt 1.0 -0.597656
vt 0.0 -0.597656
vt 0.0 -0.894531
vt 1.0 -0.515625
vt 0.0 -0.515625
vt 1.0 -0.894531
vt 0.0 -0.894531
vt 0.0 -0.988281
vt 1.0 -0.988281
vt 0.0 1.0
vt 0.0 0.0
vt 1.0 0.0
vt 1.0 1.0
vt 0.841797 -0.986328
vt 0.998047 -0.986328
vt 0.966797 -0.892578
vt 0.841797 -0.892578
vt 0.498047 -0.986328
vt 0.654297 -0.986328
vt 0.654297 -0.892578
vt 0.529297 -0.892578
vt -0.470703 -1.392578
vt -0.345703 -1.392578
vt -0.345703 -1.105469
vt -0.158203 -1.392578
vt -0.158203 -1.105469
vt -0.033203 -1.392578
vt -0.158203 -0.609375
vt -0.251953 -0.515625
vt -0.345703 -0.609375
vt 1.0 0.5
vt 1.0 0.0
vt 1.03125 0.1875
vt 1.15625 0.03125
vt 1.5 0.0
vt 2.5 -0.894531
vt 2.5 -0.597656
vt 0.0 -0.597656
vt 0.0 -0.894531
vt 2.5 -0.515625
vt 0.0 -0.515625
vt 2.5 -0.894531
vt 0.0 -0.894531
vt 0.0 -0.988281
vt 2.5 -0.988281
vt 0.753906 -0.599609
vt 1.0 -0.599609
vt 1.0 -0.513672
vt 0.5 -0.513672
vt 1.0 -0.599609
vt 1.279297 -0.599609
vt 1.5 -0.513672
vt 1.0 -0.513672
vt 0.4375 -0.59375
vt 0.4375 -0.890625
vt 0.285156 -0.59375
vt 0.285156 -0.890625
vt 0.4375 -0.890625
vt 0.4375 -0.394531
vt 0.285156 -0.394531
vt 0.285156 -0.486328
vt 0.4375 -0.394531
vt 0.4375 -0.59375
vt 0.285156 -0.59375
vt 0.4375 -0.890625
vt 0.0 7.0
vt 0.0 0.0
vt 5.0 0.0
vt 5.0 7.0
vt 0.841797 -0.986328
vt 0.998047 -0.986328
vt 0.966797 -0.892578
vt 0.841797 -0.892578
vt 0.498047 -0.986328
vt 0.654297 -0.986328
vt 0.654297 -0.892578
vt 0.529297 -0.892578
vt -0.470703 -1.392578
vt -0.345703 -1.392578
vt -0.345703 -1.105469
vt -0.158203 -1.392578
vt -0.158203 -1.105469
vt -0.033203 -1.392578
vt -0.158203 -0.609375
vt -0.251953 -0.515625
vt -0.345703 -0.609375
vt 1.0 0.5
vt 1.0 0.0
vt 1.03125 0.1875
vt 1.15625 0.03125
vt 1.5 0.0
vt 1.0 -0.894531
vt 1.0 -0.597656
vt 0.0 -0.597656
vt 0.0 -0.894531
vt 1.0 -0.515625
vt 0.0 -0.515625
vt 1.0 -0.894531
vt 0.0 -0.894531
vt 0.0 -0.988281
vt 1.0 -0.988281
vt 0.753906 -0.599609
vt 1.0 -0.599609
vt 1.0 -0.513672
vt 0.5 -0.513672
vt 1.0 -0.599609
vt 1.279297 -0.599609
vt 1.5 -0.513672
vt 1.0 -0.513672
vt 0.4375 -0.59375
vt 0.4375 -0.890625
vt 0.285156 -0.59375
vt 0.285156 -0.890625
vt 0.4375 -0.890625
vt 0.4375 -0.394531
vt 0.285156 -0.394531
vt 0.285156 -0.486328
vt 0.4375 -0.394531
vt 0.4375 -0.59375
vt 0.285156 -0.59375
vt 0.4375 -0.890625
vt 0.0 2.0
vt 0.0 0.0
vt 3.0 0.0
vt 3.0 2.0
vt 1.0 -0.894531
vt 1.0 -0.597656
vt 0.0 -0.597656
vt 0.0 -0.894531
vt 1.0 -0.515625
vt 0.0 -0.515625
vt 1.0 -0.894531
vt 0.0 -0.894531
vt 0.0 -0.988281
vt 1.0 -0.988281
vt 0.841797 -0.986328
vt 0.998047 -0.986328
vt 0.966797 -0.892578
vt 0.841797 -0.892578
vt 0.498047 -0.986328
vt 0.654297 -0.986328
vt 0.654297 -0.892578
vt 0.529297 -0.892578
vt -0.470703 -1.392578
vt -0.345703 -1.392578
vt -0.345703 -1.105469
vt -0.158203 -1.392578
vt -0.158203 -1.105469
vt -0.033203 -1.392578
vt -0.158203 -0.609375
vt -0.251953 -0.515625
vt -0.345703 -0.609375
vt 1.0 0.5
vt 1.0 0.0
vt 1.03125 0.1875
vt 1.15625 0.03125
vt 1.5 0.0
vt 0.0 5.0
vt 0.0 0.0
vt 1.0 0.0
vt 1.0 5.0
vt 0.841797 -0.986328
vt 0.998047 -0.986328
vt 0.966797 -0.892578
vt 0.841797 -0.892578
vt 0.498047 -0.986328
vt 0.654297 -0.986328
vt 0.654297 -0.892578
vt 0.529297 -0.892578
vt -0.470703 -1.392578
vt -0.345703 -1.392578
vt -0.345703 -1.105469
vt -0.158203 -1.392578
vt -0.158203 -1.105469
vt -0.033203 -1.392578
vt -0.158203 -0.609375
vt -0.251953 -0.515625
vt -0.345703 -0.609375
vt 1.0 0.5
vt 1.0 0.0
vt 1.03125 0.1875
vt 1.15625 0.03125
vt 1.5 0.0
vt 0.753906 -0.599609
vt 1.0 -0.599609
vt 1.0 -0.513672
vt 0.5 -0.513672
vt 1.0 -0.599609
vt 1.279297 -0.599609
vt 1.5 -0.513672
vt 1.0 -0.513672
vt 0.4375 -0.59375
vt 0.4375 -0.890625
vt 0.285156 -0.59375
vt 0.285156 -0.890625
vt 0.4375 -0.890625
vt 0.4375 -0.394531
vt 0.285156 -0.394531
vt 0.285156 -0.486328
vt 0.4375 -0.394531
vt 0.4375 -0.59375
vt 0.285156 -0.59375
vt 0.4375 -0.890625
vt 0.0 1.0
vt 0.0 0.0
vt 7.0 0.0
vt 7.0 1.0
vt 0.0 5.0
vt 0.0 0.0
vt 4.0 0.0
vt 4.0 5.0
vt 1.0 -0.894531
vt 1.0 -0.597656
vt 0.0 -0.597656
vt 0.0 -0.894531
vt 1.0 -0.515625
vt 0.0 -0.515625
vt 1.0 -0.894531
vt 0.0 -0.894531
vt 0.0 -0.988281
vt 1.0 -0.988281
vt 0.0 2.0
vt 0.0 0.0
vt 6.0 0.0
vt 6.0 2.0
vt 0.0 1.0
vt 0.0 0.0
vt 3.0 0.0
vt 3.0 1.0
vt 0.0 2.0
vt 0.0 0.0
vt 8.0 0.0
vt 8.0 2.0
vt 0.753906 -0.599609
vt 1.0 -0.599609
vt 1.0 -0.513672
vt 0.5 -0.513672
vt 1.0 -0.599609
vt 1.279297 -0.599609
vt 1.5 -0.513672
vt 1.0 -0.513672
vt 0.4375 -0.59375
vt 0.4375 -0.890625
vt 0.285156 -0.59375
vt 0.285156 -0.890625
vt 0.4375 -0.890625
vt 0.4375 -0.394531
vt 0.285156 -0.394531
vt 0.285156 -0.486328
vt 0.4375 -0.394531
vt 0.4375 -0.59375
vt 0.285156 -0.59375
vt 0.4375 -0.890625
vt 2.5 -0.894531
vt 2.5 -0.597656
vt 0.0 -0.597656
vt 0.0 -0.894531
vt 2.5 -0.515625
vt 0.0 -0.515625
vt 2.5 -0.894531
vt 0.0 -0.894531
vt 0.0 -0.988281
vt 2.5 -0.988281
vt 0.753906 -0.599609
vt 1.0 -0.599609
vt 1.0 -0.513672
vt 0.5 -0.513672
vt 1.0 -0.599609
vt 1.279297 -0.599609
vt 1.5 -0.513672
vt 1.0 -0.513672
vt 0.4375 -0.59375
vt 0.4375 -0.890625
vt 0.285156 -0.59375
vt 0.285156 -0.890625
vt 0.4375 -0.890625
vt 0.4375 -0.394531
vt 0.285156 -0.394531
vt 0.285156 -0.486328
vt 0.4375 -0.394531
vt 0.4375 -0.59375
vt 0.285156 -0.59375
vt 0.4375 -0.890625
vt 0.0 1.0
vt 0.0 0.0
vt 6.0 0.0
vt 6.0 1.0
vt 0.0 7.0
vt 0.0 0.0
vt 5.0 0.0
vt 5.0 7.0
vt 0.841797 -0.986328
vt 0.998047 -0.986328
vt 0.966797 -0.892578
vt 0.841797 -0.892578
vt 0.498047 -0.986328
vt 0.654297 -0.986328
vt 0.654297 -0.892578
vt 0.529297 -0.892578
vt -0.470703 -1.392578
vt -0.345703 -1.392578
vt -0.345703 -1.105469
vt -0.158203 -1.392578
vt -0.158203 -1.105469
vt -0.033203 -1.392578
vt -0.158203 -0.609375
vt -0.251953 -0.515625
vt -0.345703 -0.609375
vt 1.0 0.5
vt 1.0 0.0
vt 1.03125 0.1875
vt 1.15625 0.03125
vt 1.5 0.0
vt 1.0 -0.894531
vt 1.0 -0.597656
vt 0.0 -0.597656
vt 0.0 -0.894531
vt 1.0 -0.515625
vt 0.0 -0.515625
vt 1.0 -0.894531
vt 0.0 -0.894531
vt 0.0 -0.988281
vt 1.0 -0.988281
vt 0.753906 -0.599609
vt 1.0 -0.599609
vt 1.0 -0.513672
vt 0.5 -0.513672
vt 1.0 -0.599609
vt 1.279297 -0.599609
vt 1.5 -0.513672
vt 1.0 -0.513672
vt 0.4375 -0.59375
vt 0.4375 -0.890625
vt 0.285156 -0.59375
vt 0.285156 -0.890625
vt 0.4375 -0.890625
vt 0.4375 -0.394531
vt 0.285156 -0.394531
vt 0.285156 -0.486328
vt 0.4375 -0.394531
vt 0.4375 -0.59375
vt 0.285156 -0.59375
vt 0.4375 -0.890625
vt 0.841797 -0.986328
vt 0.998047 -0.986328
vt 0.966797 -0.892578
vt 0.841797 -0.892578
vt 0.498047 -0.986328
vt 0.654297 -0.986328
vt 0.654297 -0.892578
vt 0.529297 -0.892578
vt -0.470703 -1.392578
vt -0.345703 -1.392578
vt -0.345703 -1.105469
vt -0.158203 -1.392578
vt -0.158203 -1.105469
vt -0.033203 -1.392578
vt -0.158203 -0.609375
vt -0.251953 -0.515625
vt -0.345703 -0.609375
vt 1.0 0.5
vt 1.0 0.0
vt 1.03125 0.1875
vt 1.15625 0.03125
vt 1.5 0.0
vt 0.5 -0.894531
vt 0.5 -0.597656
vt 0.0 -0.597656
vt 0.0 -0.894531
vt 0.5 -0.515625
vt 0.0 -0.515625
vt 0.5 -0.894531
vt 0.0 -0.894531
vt 0.0 -0.988281
vt 0.5 -0.988281
vt 1.0 -0.894531
vt 1.0 -0.597656
vt 0.0 -0.597656
vt 0.0 -0.894531
vt 1.0 -0.515625
vt 0.0 -0.515625
vt 1.0 -0.894531
vt 0.0 -0.894531
vt 0.0 -0.988281
vt 1.0 -0.988281
vt 0.0 3.0
vt 0.0 0.0
vt 7.0 0.0
vt 7.0 3.0
vt 0.841797 -0.986328
vt 0.998047 -0.986328
vt 0.966797 -0.892578
vt 0.841797 -0.892578
vt 0.498047 -0.986328
vt 0.654297 -0.986328
vt 0.654297 -0.892578
vt 0.529297 -0.892578
vt -0.470703 -1.392578
vt -0.345703 -1.392578
vt -0.345703 -1.105469
vt -0.158203 -1.392578
vt -0.158203 -1.105469
vt -0.033203 -1.392578
vt -0.158203 -0.609375
vt -0.251953 -0.515625
vt -0.345703 -0.609375
vt 1.0 0.5
vt 1.0 0.0
vt 1.03125 0.1875
vt 1.15625 0.03125
vt 1.5 0.0
vt 0.753906 -0.599609
vt 1.0 -0.599609
vt 1.0 -0.513672
vt 0.5 -0.513672
vt 1.0 -0.599609
vt 1.279297 -0.599609
vt 1.5 -0.513672
vt 1.0 -0.513672
vt 0.4375 -0.59375
vt 0.4375 -0.890625
vt 0.285156 -0.59375
vt 0.285156 -0.890625
vt 0.4375 -0.890625
vt 0.4375 -0.394531
vt 0.285156 -0.394531
vt 0.285156 -0.486328
vt 0.4375 -0.394531
vt 0.4375 -0.59375
vt 0.285156 -0.59375
vt 0.4375 -0.890625
vt 0.0 1.0
vt 0.0 0.0
vt 4.0 0.0
vt 4.0 1.0
vt 0.0 4.0
vt 0.0 0.0
vt 1.0 0.0
vt 1.0 4.0
vt 0.841797 -0.986328
vt 0.998047 -0.986328
vt 0.966797 -0.892578
vt 0.841797 -0.892578
vt 0.498047 -0.986328
vt 0.654297 -0.986328
vt 0.654297 -0.892578
vt 0.529297 -0.892578
vt -0.470703 -1.392578
vt -0.345703 -1.392578
vt -0.345703 -1.105469
vt -0.158203 -1.392578
vt -0.158203 -1.105469
vt -0.033203 -1.392578
vt -0.158203 -0.609375
vt -0.251953 -0.515625
vt -0.345703 -0.609375
vt 1.0 0.5
vt 1.0 0.0
vt 1.03125 0.1875
vt 1.15625 0.03125
vt 1.5 0.0
vt 1.0 -0.894531
vt 1.0 -0.597656
vt 0.0 -0.597656
vt 0.0 -0.894531
vt 1.0 -0.515625
vt 0.0 -0.515625
vt 1.0 -0.894531
vt 0.0 -0.894531
vt 0.0 -0.988281
vt 1.0 -0.988281
vt 0.841797 -0.986328
vt 0.998047 -0.986328
vt 0.966797 -0.892578
vt 0.841797 -0.892578
vt 0.498047 -0.986328
vt 0.654297 -0.986328
vt 0.654297 -0.892578
vt 0.529297 -0.892578
vt -0.470703 -1.392578
vt -0.345703 -1.392578
vt -0.345703 -1.105469
vt -0.158203 -1.392578
vt -0.158203 -1.105469
vt -0.033203 -1.392578
vt -0.158203 -0.609375
vt -0.251953 -0.515625
vt -0.345703 -0.609375
vt 1.0 0.5
vt 1.0 0.0
vt 1.03125 0.1875
vt 1.15625 0.03125
vt 1.5 0.0
vt 0.0 4.0
vt 0.0 0.0
vt 1.0 0.0
vt 1.0 4.0
vt 1.0 -0.894531
vt 1.0 -0.597656
vt 0.0 -0.597656
vt 0.0 -0.894531
vt 1.0 -0.515625
vt 0.0 -0.515625
vt 1.0 -0.894531
vt 0.0 -0.894531
vt 0.0 -0.988281
vt 1.0 -0.988281
vt 0.0 1.0
vt 0.0 0.0
vt 8.0 0.0
vt 8.0 1.0
vt 0.841797 -0.986328
vt 0.998047 -0.986328
vt 0.966797 -0.892578
vt 0.841797 -0.892578
vt 0.498047 -0.986328
vt 0.654297 -0.986328
vt 0.654297 -0.892578
vt 0.529297 -0.892578
vt -0.470703 -1.392578
vt -0.345703 -1.392578
vt -0.345703 -1.105469
vt -0.158203 -1.392578
vt -0.158203 -1.105469
vt -0.033203 -1.392578
vt -0.158203 -0.609375
vt -0.251953 -0.515625
vt -0.345703 -0.609375
vt 1.0 0.5
vt 1.0 0.0
vt 1.03125 0.1875
vt 1.15625 0.03125
vt 1.5 0.0
vt 1.5 -0.894531
vt 1.5 -0.597656
vt 0.0 -0.597656
vt 0.0 -0.894531
vt 1.5 -0.515625
vt 0.0 -0.515625
vt 1.5 -0.894531
vt 0.0 -0.894531
vt 0.0 -0.988281
vt 1.5 -0.988281
vt 0.753906 -0.599609
vt 1.0 -0.599609
vt 1.0 -0.513672
vt 0.5 -0.513672
vt 1.0 -0.599609
vt 1.279297 -0.599609
vt 1.5 -0.513672
vt 1.0 -0.513672
vt 0.4375 -0.59375
vt 0.4375 -0.890625
vt 0.285156 -0.59375
vt 0.285156 -0.890625
vt 0.4375 -0.890625
vt 0.4375 -0.394531
vt 0.285156 -0.394531
vt 0.285156 -0.486328
vt 0.4375 -0.394531
vt 0.4375 -0.59375
vt 0.285156 -0.59375
vt 0.4375 -0.890625
vt 0.0 1.0
vt 0.0 0.0
vt 6.0 0.0
vt 6.0 1.0
vt 0.0 1.0
vt 0.0 0.0
vt 5.0 0.0
vt 5.0 1.0
vt 0.753906 -0.599609
vt 1.0 -0.599609
vt 1.0 -0.513672
vt 0.5 -0.513672
vt 1.0 -0.599609
vt 1.279297 -0.599609
vt 1.5 -0.513672
vt 1.0 -0.513672
vt 0.4375 -0.59375
vt 0.4375 -0.890625
vt 0.285156 -0.59375
vt 0.285156 -0.890625
vt 0.4375 -0.890625
vt 0.4375 -0.394531
vt 0.285156 -0.394531
vt 0.285156 -0.486328
vt 0.4375 -0.394531
vt 0.4375 -0.59375
vt 0.285156 -0.59375
vt 0.4375 -0.890625
vt 2.0 -0.894531
vt 2.0 -0.597656
vt 0.0 -0.597656
vt 0.0 -0.894531
vt 2.0 -0.515625
vt 0.0 -0.515625
vt 2.0 -0.894531
vt 0.0 -0.894531
vt 0.0 -0.988281
vt 2.0 -0.988281
vt 0.753906 -0.599609
vt 1.0 -0.599609
vt 1.0 -0.513672
vt 0.5 -0.513672
vt 1.0 -0.599609
vt 1.279297 -0.599609
vt 1.5 -0.513672
vt 1.0 -0.513672
vt 0.4375 -0.59375
vt 0.4375 -0.890625
vt 0.285156 -0.59375
vt 0.285156 -0.890625
vt 0.4375 -0.890625
vt 0.4375 -0.394531
vt 0.285156 -0.394531
vt 0.285156 -0.486328
vt 0.4375 -0.394531
vt 0.4375 -0.59375
vt 0.285156 -0.59375
vt 0.4375 -0.890625
vt 0.5 -0.894531
vt 0.5 -0.597656
vt 0.0 -0.597656
vt 0.0 -0.894531
vt 0.5 -0.515625
vt 0.0 -0.515625
vt 0.5 -0.894531
vt 0.0 -0.894531
vt 0.0 -0.988281
vt 0.5 -0.988281
vt 0.0 4.0
vt 0.0 0.0
vt 5.0 0.0
vt 5.0 4.0
vt 0.0 6.0
vt 0.0 0.0
vt 4.0 0.0
vt 4.0 6.0
vt 0.841797 -0.986328
vt 0.998047 -0.986328
vt 0.966797 -0.892578
vt 0.841797 -0.892578
vt 0.498047 -0.986328
vt 0.654297 -0.986328
vt 0.654297 -0.892578
vt 0.529297 -0.892578
vt -0.470703 -1.392578
vt -0.345703 -1.392578
vt -0.345703 -1.105469
vt -0.158203 -1.392578
vt -0.158203 -1.105469
vt -0.033203 -1.392578
vt -0.158203 -0.609375
vt -0.251953 -0.515625
vt -0.345703 -0.609375
vt 1.0 0.5
vt 1.0 0.0
vt 1.03125 0.1875
vt 1.15625 0.03125
vt 1.5 0.0
vt 0.5 -0.894531
vt 0.5 -0.597656
vt 0.0 -0.597656
vt 0.0 -0.894531
vt 0.5 -0.515625
vt 0.0 -0.515625
vt 0.5 -0.894531
vt 0.0 -0.894531
vt 0.0 -0.988281
vt 0.5 -0.988281
vt 0.753906 -0.599609
vt 1.0 -0.599609
vt 1.0 -0.513672
vt 0.5 -0.513672
vt 1.0 -0.599609
vt 1.279297 -0.599609
vt 1.5 -0.513672
vt 1.0 -0.513672
vt 0.4375 -0.59375
vt 0.4375 -0.890625
vt 0.285156 -0.59375
vt 0.285156 -0.890625
vt 0.4375 -0.890625
vt 0.4375 -0.394531
vt 0.285156 -0.394531
vt 0.285156 -0.486328
vt 0.4375 -0.394531
vt 0.4375 -0.59375
vt 0.285156 -0.59375
vt 0.4375 -0.890625
vt 0.0 6.0
vt 0.0 0.0
vt 1.0 0.0
vt 1.0 6.0
vt 0.841797 -0.986328
vt 0.998047 -0.986328
vt 0.966797 -0.892578
vt 0.841797 -0.892578
vt 0.498047 -0.986328
vt 0.654297 -0.986328
vt 0.654297 -0.892578
vt 0.529297 -0.892578
vt -0.470703 -1.392578
vt -0.345703 -1.392578
vt -0.345703 -1.105469
vt -0.158203 -1.392578
vt -0.158203 -1.105469
vt -0.033203 -1.392578
vt -0.158203 -0.609375
vt -0.251953 -0.515625
vt -0.345703 -0.609375
vt 1.0 0.5
vt 1.0 0.0
vt 1.03125 0.1875
vt 1.15625 0.03125
vt 1.5 0.0
vt 1.0 -0.894531
vt 1.0 -0.597656
vt 0.0 -0.597656
vt 0.0 -0.894531
vt 1.0 -0.515625
vt 0.0 -0.515625
vt 1.0 -0.894531
vt 0.0 -0.894531
vt 0.0 -0.988281
vt 1.0 -0.988281
vt 0.753906 -0.599609
vt 1.0 -0.599609
vt 1.0 -0.513672
vt 0.5 -0.513672
vt 1.0 -0.599609
vt 1.279297 -0.599609
vt 1.5 -0.513672
vt 1.0 -0.513672
vt 0.4375 -0.59375
vt 0.4375 -0.890625
vt 0.285156 -0.59375
vt 0.285156 -0.890625
vt 0.4375 -0.890625
vt 0.4375 -0.394531
vt 0.285156 -0.394531
vt 0.285156 -0.486328
vt 0.4375 -0.394531
vt 0.4375 -0.59375
vt 0.285156 -0.59375
vt 0.4375 -0.890625
vt 1.5 -0.894531
vt 1.5 -0.597656
vt 0.0 -0.597656
vt 0.0 -0.894531
vt 1.5 -0.515625
vt 0.0 -0.515625
vt 1.5 -0.894531
vt 0.0 -0.894531
vt 0.0 -0.988281
vt 1.5 -0.988281
vt 0.0 2.0
vt 0.0 0.0
vt 7.0 0.0
vt 7.0 2.0
vt 0.841797 -0.986328
vt 0.998047 -0.986328
vt 0.966797 -0.892578
vt 0.841797 -0.892578
vt 0.498047 -0.986328
vt 0.654297 -0.986328
vt 0.654297 -0.892578
vt 0.529297 -0.892578
vt -0.470703 -1.392578
vt -0.345703 -1.392578
vt -0.345703 -1.105469
vt -0.158203 -1.392578
vt -0.158203 -1.105469
vt -0.033203 -1.392578
vt -0.158203 -0.609375
vt -0.251953 -0.515625
vt -0.345703 -0.609375
vt 1.0 0.5
vt 1.0 0.0
vt 1.03125 0.1875
vt 1.15625 0.03125
vt 1.5 0.0
vt 0.841797 -0.986328
vt 0.998047 -0.986328
vt 0.966797 -0.892578
vt 0.841797 -0.892578
vt 0.498047 -0.986328
vt 0.654297 -0.986328
vt 0.654297 -0.892578
vt 0.529297 -0.892578
vt -0.470703 -1.392578
vt -0.345703 -1.392578
vt -0.345703 -1.105469
vt -0.158203 -1.392578
vt -0.158203 -1.105469
vt -0.033203 -1.392578
vt -0.158203 -0.609375
vt -0.251953 -0.515625
vt -0.345703 -0.609375
vt 1.0 0.5
vt 1.0 0.0
vt 1.03125 0.1875
vt 1.15625 0.03125
vt 1.5 0.0
vt 2.5 -0.894531
vt 2.5 -0.597656
vt 0.0 -0.597656
vt 0.0 -0.894531
vt 2.5 -0.515625
vt 0.0 -0.515625
vt 2.5 -0.894531
vt 0.0 -0.894531
vt 0.0 -0.988281
vt 2.5 -0.988281
vt 0.753906 -0.599609
vt 1.0 -0.599609
vt 1.0 -0.513672
vt 0.5 -0.513672
vt 1.0 -0.599609
vt 1.279297 -0.599609
vt 1.5 -0.513672
vt 1.0 -0.513672
vt 0.4375 -0.59375
vt 0.4375 -0.890625
vt 0.285156 -0.59375
vt 0.285156 -0.890625
vt 0.4375 -0.890625
vt 0.4375 -0.394531
vt 0.285156 -0.394531
vt 0.285156 -0.486328
vt 0.4375 -0.394531
vt 0.4375 -0.59375
vt 0.285156 -0.59375
vt 0.4375 -0.890625
vt 0.0 3.0
vt 0.0 0.0
vt 4.0 0.0
vt 4.0 3.0
vt 3.0 -0.894531
vt 3.0 -0.597656
vt 0.0 -0.597656
vt 0.0 -0.894531
vt 3.0 -0.515625
vt 0.0 -0.515625
vt 3.0 -0.894531
vt 0.0 -0.894531
vt 0.0 -0.988281
vt 3.0 -0.988281
vt 1.0 -0.894531
vt 1.0 -0.597656
vt 0.0 -0.597656
vt 0.0 -0.894531
vt 1.0 -0.515625
vt 0.0 -0.515625
vt 1.0 -0.894531
vt 0.0 -0.894531
vt 0.0 -0.988281
vt 1.0 -0.988281
vt 0.753906 -0.599609
vt 1.0 -0.599609
vt 1.0 -0.513672
vt 0.5 -0.513672
vt 1.0 -0.599609
vt 1.279297 -0.599609
vt 1.5 -0.513672
vt 1.0 -0.513672
vt 0.4375 -0.59375
vt 0.4375 -0.890625
vt 0.285156 -0.59375
vt 0.285156 -0.890625
vt 0.4375 -0.890625
vt 0.4375 -0.394531
vt 0.285156 -0.394531
vt 0.285156 -0.486328
vt 0.4375 -0.394531
vt 0.4375 -0.59375
vt 0.285156 -0.59375
vt 0.4375 -0.890625
vt 0.0 6.0
vt 0.0 0.0
vt 4.0 0.0
vt 4.0 6.0
vt 0.0 1.0
vt 0.0 0.0
vt 4.0 0.0
vt 4.0 1.0
vt 0.0 2.0
vt 0.0 0.0
vt 3.0 0.0
vt 3.0 2.0
vt 0.841797 -0.986328
vt 0.998047 -0.986328
vt 0.966797 -0.892578
vt 0.841797 -0.892578
vt 0.498047 -0.986328
vt 0.654297 -0.986328
vt 0.654297 -0.892578
vt 0.529297 -0.892578
vt -0.470703 -1.392578
vt -0.345703 -1.392578
vt -0.345703 -1.105469
vt -0.158203 -1.392578
vt -0.158203 -1.105469
vt -0.033203 -1.392578
vt -0.158203 -0.609375
vt -0.251953 -0.515625
vt -0.345703 -0.609375
vt 1.0 0.5
vt 1.0 0.0
vt 1.03125 0.1875
vt 1.15625 0.03125
vt 1.5 0.0
vt 4.0 -0.894531
vt 4.0 -0.597656
vt 0.0 -0.597656
vt 0.0 -0.894531
vt 4.0 -0.515625
vt 0.0 -0.515625
vt 4.0 -0.894531
vt 0.0 -0.894531
vt 0.0 -0.988281
vt 4.0 -0.988281
vt 0.5 -0.894531
vt 0.5 -0.597656
vt 0.0 -0.597656
vt 0.0 -0.894531
vt 0.5 -0.515625
vt 0.0 -0.515625
vt 0.5 -0.894531
vt 0.0 -0.894531
vt 0.0 -0.988281
vt 0.5 -0.988281
vt 0.753906 -0.599609
vt 1.0 -0.599609
vt 1.0 -0.513672
vt 0.5 -0.513672
vt 1.0 -0.599609
vt 1.279297 -0.599609
vt 1.5 -0.513672
vt 1.0 -0.513672
vt 0.4375 -0.59375
vt 0.4375 -0.890625
vt 0.285156 -0.59375
vt 0.285156 -0.890625
vt 0.4375 -0.890625
vt 0.4375 -0.394531
vt 0.285156 -0.394531
vt 0.285156 -0.486328
vt 0.4375 -0.394531
vt 0.4375 -0.59375
vt 0.285156 -0.59375
vt 0.4375 -0.890625
vt 0.841797 -0.986328
vt 0.998047 -0.986328
vt 0.966797 -0.892578
vt 0.841797 -0.892578
vt 0.498047 -0.986328
vt 0.654297 -0.986328
vt 0.654297 -0.892578
vt 0.529297 -0.892578
vt -0.470703 -1.392578
vt -0.345703 -1.392578
vt -0.345703 -1.105469
vt -0.158203 -1.392578
vt -0.158203 -1.105469
vt -0.033203 -1.392578
vt -0.158203 -0.609375
vt -0.251953 -0.515625
vt -0.345703 -0.609375
vt 1.0 0.5
vt 1.0 0.0
vt 1.03125 0.1875
vt 1.15625 0.03125
vt 1.5 0.0
vt 2.0 -0.894531
vt 2.0 -0.597656
vt 0.0 -0.597656
vt 0.0 -0.894531
vt 2.0 -0.515625
vt 0.0 -0.515625
vt 2.0 -0.894531
vt 0.0 -0.894531
vt 0.0 -0.988281
vt 2.0 -0.988281
vt 0.753906 -0.599609
vt 1.0 -0.599609
vt 1.0 -0.513672
vt 0.5 -0.513672
vt 1.0 -0.599609
vt 1.279297 -0.599609
vt 1.5 -0.513672
vt 1.0 -0.513672
vt 0.4375 -0.59375
vt 0.4375 -0.890625
vt 0.285156 -0.59375
vt 0.285156 -0.890625
vt 0.4375 -0.890625
vt 0.4375 -0.394531
vt 0.285156 -0.394531
vt 0.285156 -0.486328
vt 0.4375 -0.394531
vt 0.4375 -0.59375
vt 0.285156 -0.59375
vt 0.4375 -0.890625
vt 0.0 8.0
vt 0.0 0.0
vt 3.0 0.0
vt 3.0 8.0
vt 0.0 2.0
vt 0.0 0.0
vt 3.0 0.0
vt 3.0 2.0
vt 0.841797 -0.986328
vt 0.998047 -0.986328
vt 0.966797 -0.892578
vt 0.841797 -0.892578
vt 0.498047 -0.986328
vt 0.654297 -0.986328
vt 0.654297 -0.892578
vt 0.529297 -0.892578
vt -0.470703 -1.392578
vt -0.345703 -1.392578
vt -0.345703 -1.105469
vt -0.158203 -1.392578
vt -0.158203 -1.105469
vt -0.033203 -1.392578
vt -0.158203 -0.609375
vt -0.251953 -0.515625
vt -0.345703 -0.609375
vt 1.0 0.5
vt 1.0 0.0
vt 1.03125 0.1875
vt 1.15625 0.03125
vt 1.5 0.0
vt 1.0 -0.894531
vt 1.0 -0.597656
vt 0.0 -0.597656
vt 0.0 -0.894531
vt 1.0 -0.515625
vt 0.0 -0.515625
vt 1.0 -0.894531
vt 0.0 -0.894531
vt 0.0 -0.988281
vt 1.0 -0.988281
vt 0.753906 -0.599609
vt 1.0 -0.599609
vt 1.0 -0.513672
vt 0.5 -0.513672
vt 1.0 -0.599609
vt 1.279297 -0.599609
vt 1.5 -0.513672
vt 1.0 -0.513672
vt 0.4375 -0.59375
vt 0.4375 -0.890625
vt 0.285156 -0.59375
vt 0.285156 -0.890625
vt 0.4375 -0.890625
vt 0.4375 -0.394531
vt 0.285156 -0.394531
vt 0.285156 -0.486328
vt 0.4375 -0.394531
vt 0.4375 -0.59375
vt 0.285156 -0.59375
vt 0.4375 -0.890625
vt 0.0 1.0
vt 0.0 0.0
vt 6.0 0.0
vt 6.0 1.0
vt 0.0 4.0
vt 0.0 0.0
vt 3.0 0.0
vt 3.0 4.0
vt 0.0 1.0
vt 0.0 0.0
vt 2.0 0.0
vt 2.0 1.0
vt 0.841797 -0.986328
vt 0.998047 -0.986328
vt 0.966797 -0.892578
vt 0.841797 -0.892578
vt 0.498047 -0.986328
vt 0.654297 -0.986328
vt 0.654297 -0.892578
vt 0.529297 -0.892578
vt -0.470703 -1.392578
vt -0.345703 -1.392578
vt -0.345703 -1.105469
vt -0.158203 -1.392578
vt -0.158203 -1.105469
vt -0.033203 -1.392578
vt -0.158203 -0.609375
vt -0.251953 -0.515625
vt -0.345703 -0.609375
vt 1.0 0.5
vt 1.0 0.0
vt 1.03125 0.1875
vt 1.15625 0.03125
vt 1.5 0.0
vt 3.5 -0.894531
vt 3.5 -0.597656
vt 0.0 -0.597656
vt 0.0 -0.894531
vt 3.5 -0.515625
vt 0.0 -0.515625
vt 3.5 -0.894531
vt 0.0 -0.894531
vt 0.0 -0.988281
vt 3.5 -0.988281
vt 0.753906 -0.599609
vt 1.0 -0.599609
vt 1.0 -0.513672
vt 0.5 -0.513672
vt 1.0 -0.599609
vt 1.279297 -0.599609
vt 1.5 -0.513672
vt 1.0 -0.513672
vt 0.4375 -0.59375
vt 0.4375 -0.890625
vt 0.285156 -0.59375
vt 0.285156 -0.890625
vt 0.4375 -0.890625
vt 0.4375 -0.394531
vt 0.285156 -0.394531
vt 0.285156 -0.486328
vt 0.4375 -0.394531
vt 0.4375 -0.59375
vt 0.285156 -0.59375
vt 0.4375 -0.890625
vt 0.0 3.0
vt 0.0 0.0
vt 5.0 0.0
vt 5.0 3.0
vt 0.5 -0.894531
vt 0.5 -0.597656
vt 0.0 -0.597656
vt 0.0 -0.894531
vt 0.5 -0.515625
vt 0.0 -0.515625
vt 0.5 -0.894531
vt 0.0 -0.894531
vt 0.0 -0.988281
vt 0.5 -0.988281
vt 0.753906 -0.599609
vt 1.0 -0.599609
vt 1.0 -0.513672
vt 0.5 -0.513672
vt 1.0 -0.599609
vt 1.279297 -0.599609
vt 1.5 -0.513672
vt 1.0 -0.513672
vt 0.4375 -0.59375
vt 0.4375 -0.890625
vt 0.285156 -0.59375
vt 0.285156 -0.890625
vt 0.4375 -0.890625
vt 0.4375 -0.394531
vt 0.285156 -0.394531
vt 0.285156 -0.486328
vt 0.4375 -0.394531
vt 0.4375 -0.59375
vt 0.285156 -0.59375
vt 0.4375 -0.890625
vt 0.0 8.0
vt 0.0 0.0
vt 3.0 0.0
vt 3.0 8.0
vt 0.0 3.0
vt 0.0 0.0
vt 1.0 0.0
vt 1.0 3.0
vt 0.841797 -0.986328
vt 0.998047 -0.986328
vt 0.966797 -0.892578
vt 0.841797 -0.892578
vt 0.498047 -0.986328
vt 0.654297 -0.986328
vt 0.654297 -0.892578
vt 0.529297 -0.892578
vt -0.470703 -1.392578
vt -0.345703 -1.392578
vt -0.345703 -1.105469
vt -0.158203 -1.392578
vt -0.158203 -1.105469
vt -0.033203 -1.392578
vt -0.158203 -0.609375
vt -0.251953 -0.515625
vt -0.345703 -0.609375
vt 1.0 0.5
vt 1.0 0.0
vt 1.03125 0.1875
vt 1.15625 0.03125
vt 1.5 0.0
vt 4.0 -0.894531
vt 4.0 -0.597656
vt 0.0 -0.597656
vt 0.0 -0.894531
vt 4.0 -0.515625
vt 0.0 -0.515625
vt 4.0 -0.894531
vt 0.0 -0.894531
vt 0.0 -0.988281
vt 4.0 -0.988281
vt 0.5 -0.894531
vt 0.5 -0.597656
vt 0.0 -0.597656
vt 0.0 -0.894531
vt 0.5 -0.515625
vt 0.0 -0.515625
vt 0.5 -0.894531
vt 0.0 -0.894531
vt 0.0 -0.988281
vt 0.5 -0.988281
vt 0.753906 -0.599609
vt 1.0 -0.599609
vt 1.0 -0.513672
vt 0.5 -0.513672
vt 1.0 -0.599609
vt 1.279297 -0.599609
vt 1.5 -0.513672
vt 1.0 -0.513672
vt 0.4375 -0.59375
vt 0.4375 -0.890625
vt 0.285156 -0.59375
vt 0.285156 -0.890625
vt 0.4375 -0.890625
vt 0.4375 -0.394531
vt 0.285156 -0.394531
vt 0.285156 -0.486328
vt 0.4375 -0.394531
vt 0.4375 -0.59375
vt 0.285156 -0.59375
vt 0.4375 -0.890625
vt 0.0 2.0
vt 0.0 0.0
vt 3.0 0.0
vt 3.0 2.0
vt 0.0 1.0
vt 0.0 0.0
vt 1.0 0.0
vt 1.0 1.0
vt 0.841797 -0.986328
vt 0.998047 -0.986328
vt 0.966797 -0.892578
vt 0.841797 -0.892578
vt 0.498047 -0.986328
vt 0.654297 -0.986328
vt 0.654297 -0.892578
vt 0.529297 -0.892578
vt -0.470703 -1.392578
vt -0.345703 -1.392578
vt -0.345703 -1.105469
vt -0.158203 -1.392578
vt -0.158203 -1.105469
vt -0.033203 -1.392578
vt -0.158203 -0.609375
vt -0.251953 -0.515625
vt -0.345703 -0.609375
vt 1.0 0.5
vt 1.0 0.0
vt 1.03125 0.1875
vt 1.15625 0.03125
vt 1.5 0.0
vt 2.5 -0.894531
vt 2.5 -0.597656
vt 0.0 -0.597656
vt 0.0 -0.894531
vt 2.5 -0.515625
vt 0.0 -0.515625
vt 2.5 -0.894531
vt 0.0 -0.894531
vt 0.0 -0.988281
vt 2.5 -0.988281
vt 0.753906 -0.599609
vt 1.0 -0.599609
vt 1.0 -0.513672
vt 0.5 -0.513672
vt 1.0 -0.599609
vt 1.279297 -0.599609
vt 1.5 -0.513672
vt 1.0 -0.513672
vt 0.4375 -0.59375
vt 0.4375 -0.890625
vt 0.285156 -0.59375
vt 0.285156 -0.890625
vt 0.4375 -0.890625
vt 0.4375 -0.394531
vt 0.285156 -0.394531
vt 0.285156 -0.486328
vt 0.4375 -0.394531
vt 0.4375 -0.59375
vt 0.285156 -0.59375
vt 0.4375 -0.890625
vt 0.0 8.0
vt 0.0 0.0
vt 3.0 0.0
vt 3.0 8.0
vt 0.0 2.0
vt 0.0 0.0
vt 3.0 0.0
vt 3.0 2.0
vt 0.841797 -0.986328
vt 0.998047 -0.986328
vt 0.966797 -0.892578
vt 0.841797 -0.892578
vt 0.498047 -0.986328
vt 0.654297 -0.986328
vt 0.654297 -0.892578
vt 0.529297 -0.892578
vt -0.470703 -1.392578
vt -0.345703 -1.392578
vt -0.345703 -1.105469
vt -0.158203 -1.392578
vt -0.158203 -1.105469
vt -0.033203 -1.392578
vt -0.158203 -0.609375
vt -0.251953 -0.515625
vt -0.345703 -0.609375
vt 1.0 0.5
vt 1.0 0.0
vt 1.03125 0.1875
vt 1.15625 0.03125
vt 1.5 0.0
vt 0.753906 -0.599609
vt 1.0 -0.599609
vt 1.0 -0.513672
vt 0.5 -0.513672
vt 1.0 -0.599609
vt 1.279297 -0.599609
vt 1.5 -0.513672
vt 1.0 -0.513672
vt 0.4375 -0.59375
vt 0.4375 -0.890625
vt 0.285156 -0.59375
vt 0.285156 -0.890625
vt 0.4375 -0.890625
vt 0.4375 -0.394531
vt 0.285156 -0.394531
vt 0.285156 -0.486328
vt 0.4375 -0.394531
vt 0.4375 -0.59375
vt 0.285156 -0.59375
vt 0.4375 -0.890625
vt 0.0 6.0
vt 0.0 0.0
vt 2.0 0.0
vt 2.0 6.0
vt 0.0 2.0
vt 0.0 0.0
vt 1.0 0.0
vt 1.0 2.0
vt 0.841797 -0.986328
vt 0.998047 -0.986328
vt 0.966797 -0.892578
vt 0.841797 -0.892578
vt 0.498047 -0.986328
vt 0.654297 -0.986328
vt 0.654297 -0.892578
vt 0.529297 -0.892578
vt -0.470703 -1.392578
vt -0.345703 -1.392578
vt -0.345703 -1.105469
vt -0.158203 -1.392578
vt -0.158203 -1.105469
vt -0.033203 -1.392578
vt -0.158203 -0.609375
vt -0.251953 -0.515625
vt -0.345703 -0.609375
vt 1.0 0.5
vt 1.0 0.0
vt 1.03125 0.1875
vt 1.15625 0.03125
vt 1.5 0.0
vt 2.0 -0.894531
vt 2.0 -0.597656
vt 0.0 -0.597656
vt 0.0 -0.894531
vt 2.0 -0.515625
vt 0.0 -0.515625
vt 2.0 -0.894531
vt 0.0 -0.894531
vt 0.0 -0.988281
vt 2.0 -0.988281
vt 0.841797 -0.986328
vt 0.998047 -0.986328
vt 0.966797 -0.892578
vt 0.841797 -0.892578
vt 0.498047 -0.986328
vt 0.654297 -0.986328
vt 0.654297 -0.892578
vt 0.529297 -0.892578
vt -0.470703 -1.392578
vt -0.345703 -1.392578
vt -0.345703 -1.105469
vt -0.158203 -1.392578
vt -0.158203 -1.105469
vt -0.033203 -1.392578
vt -0.158203 -0.609375
vt -0.251953 -0.515625
vt -0.345703 -0.609375
vt 1.0 0.5
vt 1.0 0.0
vt 1.03125 0.1875
vt 1.15625 0.03125
vt 1.5 0.0
vt 0.5 -0.894531
vt 0.5 -0.597656
vt 0.0 -0.597656
vt 0.0 -0.894531
vt 0.5 -0.515625
vt 0.0 -0.515625
vt 0.5 -0.894531
vt 0.0 -0.894531
vt 0.0 -0.988281
vt 0.5 -0.988281
vt 0.0 1.0
vt 0.0 0.0
vt 4.0 0.0
vt 4.0 1.0
vt 2.0 -0.894531
vt 2.0 -0.597656
vt 0.0 -0.597656
vt 0.0 -0.894531
vt 2.0 -0.515625
vt 0.0 -0.515625
vt 2.0 -0.894531
vt 0.0 -0.894531
vt 0.0 -0.988281
vt 2.0 -0.988281
vt 0.753906 -0.599609
vt 1.0 -0.599609
vt 1.0 -0.513672
vt 0.5 -0.513672
vt 1.0 -0.599609
vt 1.279297 -0.599609
vt 1.5 -0.513672
vt 1.0 -0.513672
vt 0.4375 -0.59375
vt 0.4375 -0.890625
vt 0.285156 -0.59375
vt 0.285156 -0.890625
vt 0.4375 -0.890625
vt 0.4375 -0.394531
vt 0.285156 -0.394531
vt 0.285156 -0.486328
vt 0.4375 -0.394531
vt 0.4375 -0.59375
vt 0.285156 -0.59375
vt 0.4375 -0.890625
vt 0.0 4.0
vt 0.0 0.0
vt 3.0 0.0
vt 3.0 4.0
vt 0.753906 -0.599609
vt 1.0 -0.599609
vt 1.0 -0.513672
vt 0.5 -0.513672
vt 1.0 -0.599609
vt 1.279297 -0.599609
vt 1.5 -0.513672
vt 1.0 -0.513672
vt 0.4375 -0.59375
vt 0.4375 -0.890625
vt 0.285156 -0.59375
vt 0.285156 -0.890625
vt 0.4375 -0.890625
vt 0.4375 -0.394531
vt 0.285156 -0.394531
vt 0.285156 -0.486328
vt 0.4375 -0.394531
vt 0.4375 -0.59375
vt 0.285156 -0.59375
vt 0.4375 -0.890625
vt 2.0 -0.894531
vt 2.0 -0.597656
vt 0.0 -0.597656
vt 0.0 -0.894531
vt 2.0 -0.515625
vt 0.0 -0.515625
vt 2.0 -0.894531
vt 0.0 -0.894531
vt 0.0 -0.988281
vt 2.0 -0.988281
vt 0.753906 -0.599609
vt 1.0 -0.599609
vt 1.0 -0.513672
vt 0.5 -0.513672
vt 1.0 -0.599609
vt 1.279297 -0.599609
vt 1.5 -0.513672
vt 1.0 -0.513672
vt 0.4375 -0.59375
vt 0.4375 -0.890625
vt 0.285156 -0.59375
vt 0.285156 -0.890625
vt 0.4375 -0.890625
vt 0.4375 -0.394531
vt 0.285156 -0.394531
vt 0.285156 -0.486328
vt 0.4375 -0.394531
vt 0.4375 -0.59375
vt 0.285156 -0.59375
vt 0.4375 -0.890625
vt 0.0 1.0
vt 0.0 0.0
vt 3.0 0.0
vt 3.0 1.0
vt 0.841797 -0.986328
vt 0.998047 -0.986328
vt 0.966797 -0.892578
vt 0.841797 -0.892578
vt 0.498047 -0.986328
vt 0.654297 -0.986328
vt 0.654297 -0.892578
vt 0.529297 -0.892578
vt -0.470703 -1.392578
vt -0.345703 -1.392578
vt -0.345703 -1.105469
vt -0.158203 -1.392578
vt -0.158203 -1.105469
vt -0.033203 -1.392578
vt -0.158203 -0.609375
vt -0.251953 -0.515625
vt -0.345703 -0.609375
vt 1.0 0.5
vt 1.0 0.0
vt 1.03125 0.1875
vt 1.15625 0.03125
vt 1.5 0.0
vt 4.0 -0.894531
vt 4.0 -0.597656
vt 0.0 -0.597656
vt 0.0 -0.894531
vt 4.0 -0.515625
vt 0.0 -0.515625
vt 4.0 -0.894531
vt 0.0 -0.894531
vt 0.0 -0.988281
vt 4.0 -0.988281
vt 3.0 -0.894531
vt 3.0 -0.597656
vt 0.0 -0.597656
vt 0.0 -0.894531
vt 3.0 -0.515625
vt 0.0 -0.515625
vt 3.0 -0.894531
vt 0.0 -0.894531
vt 0.0 -0.988281
vt 3.0 -0.988281
vt 0.0 5.0
vt 0.0 0.0
vt 2.0 0.0
vt 2.0 5.0
vt 0.0 6.0
vt 0.0 0.0
vt 2.0 0.0
vt 2.0 6.0
vt 1.0 -0.894531
vt 1.0 -0.597656
vt 0.0 -0.597656
vt 0.0 -0.894531
vt 1.0 -0.515625
vt 0.0 -0.515625
vt 1.0 -0.894531
vt 0.0 -0.894531
vt 0.0 -0.988281
vt 1.0 -0.988281
vt 14.0 13.0
vt 14.0 9.0
vt 13.5 13.0
vt 13.5 9.0
vt 14.0 16.0
vt 14.0 13.0
vt 13.5 16.0
vt 13.5 13.0
vt 15.5 9.5
vt 14.0 9.0
vt 14.0 9.5
vt 15.5 9.0
vt 0.841797 -0.986328
vt 0.998047 -0.986328
vt 0.966797 -0.892578
vt 0.841797 -0.892578
vt 0.498047 -0.986328
vt 0.654297 -0.986328
vt 0.654297 -0.892578
vt 0.529297 -0.892578
vt -0.470703 -1.392578
vt -0.345703 -1.392578
vt -0.345703 -1.105469
vt -0.158203 -1.392578
vt -0.158203 -1.105469
vt -0.033203 -1.392578
vt -0.158203 -0.609375
vt -0.251953 -0.515625
vt -0.345703 -0.609375
vt 1.0 0.5
vt 1.0 0.0
vt 1.03125 0.1875
vt 1.15625 0.03125
vt 1.5 0.0
vt 4.0 -0.894531
vt 4.0 -0.597656
vt 0.0 -0.597656
vt 0.0 -0.894531
vt 4.0 -0.515625
vt 0.0 -0.515625
vt 4.0 -0.894531
vt 0.0 -0.894531
vt 0.0 -0.988281
vt 4.0 -0.988281
vt 4.0 -0.894531
vt 4.0 -0.597656
vt 0.0 -0.597656
vt 0.0 -0.894531
vt 4.0 -0.515625
vt 0.0 -0.515625
vt 4.0 -0.894531
vt 0.0 -0.894531
vt 0.0 -0.988281
vt 4.0 -0.988281
vt 0.753906 -0.599609
vt 1.0 -0.599609
vt 1.0 -0.513672
vt 0.5 -0.513672
vt 1.0 -0.599609
vt 1.279297 -0.599609
vt 1.5 -0.513672
vt 1.0 -0.513672
vt 0.4375 -0.59375
vt 0.4375 -0.890625
vt 0.285156 -0.59375
vt 0.285156 -0.890625
vt 0.4375 -0.890625
vt 0.4375 -0.394531
vt 0.285156 -0.394531
vt 0.285156 -0.486328
vt 0.4375 -0.394531
vt 0.4375 -0.59375
vt 0.285156 -0.59375
vt 0.4375 -0.890625
vt 1.0 -0.894531
vt 1.0 -0.597656
vt 0.0 -0.597656
vt 0.0 -0.894531
vt 1.0 -0.515625
vt 0.0 -0.515625
vt 1.0 -0.894531
vt 0.0 -0.894531
vt 0.0 -0.988281
vt 1.0 -0.988281
vt 15.0 4.5
vt 15.0 0.5
vt 15.5 4.5
vt 15.5 0.5
vt 15.5 8.5
vt 15.0 4.5
vt 15.0 8.5
vt 15.5 4.5
vt 15.0 9.0
vt 15.5 8.5
vt 15.5 9.0
vt 15.0 8.5
vt 16.0 1.0
vt 16.0 0.5
vt 15.5 1.0
vt 15.5 0.5
vt 2.0 -2.0E-6
vt 0.0 -2.0E-6
vt 2.0 2.000002
vt 0.0 2.000002
vt 2.0 1.999998
vt 0.0 1.999998
vt 2.0 4.000002
vt 0.0 4.000002
vt 2.0 6.000002
vt 0.0 6.000002
vt 2.0 3.999998
vt 0.0 3.999998
vt 2.0 8.000002
vt 0.0 8.000002
vt 2.0 5.999998
vt 0.0 5.999998
vt 4.0 -2.0E-6
vt 2.0 -2.0E-6
vt 4.0 2.000002
vt 2.0 2.000002
vt 4.0 1.999998
vt 2.0 1.999998
vt 4.0 4.000002
vt 2.0 4.000002
vt 4.0 6.000002
vt 2.0 6.000002
vt 4.0 3.999998
vt 2.0 3.999998
vt 4.0 8.000002
vt 2.0 8.000002
vt 4.0 5.999998
vt 2.0 5.999998
vt 6.0 -2.0E-6
vt 4.0 -2.0E-6
vt 6.0 2.000002
vt 4.0 2.000002
vt 6.0 1.999998
vt 4.0 1.999998
vt 6.0 4.000002
vt 4.0 4.000002
vt 6.0 6.000002
vt 4.0 6.000002
vt 6.0 3.999998
vt 4.0 3.999998
vt 6.0 8.000002
vt 4.0 8.000002
vt 6.0 5.999998
vt 4.0 5.999998
vt 8.0 -2.0E-6
vt 6.0 -2.0E-6
vt 8.0 2.000002
vt 6.0 2.000002
vt 8.0 1.999998
vt 6.0 1.999998
vt 8.0 4.000002
vt 6.0 4.000002
vt 7.25 3.999998
vt 6.0 6.000002
vt 6.0 3.999998
vt 7.25 6.000002
vt 6.0 8.000002
vt 7.25 5.999998
vt 7.25 8.000002
vt 6.0 5.999998
vt 8.0 5.000001
vt 7.25 3.999999
vt 7.25 5.000001
vt 8.0 3.999999
vn -0.0 -0.0 1.0
vn 0.0 -0.0 1.0
vn -6.0E-4 0.0 1.0
vn 7.0E-4 0.0 1.0
vn -0.0838 0.0 0.9965
vn 0.0 4.0E-4 1.0
vn 0.0 -0.0 1.0
vn -6.0E-4 0.0 1.0
vn 7.0E-4 0.0 1.0
vn -0.0838 0.0 0.9965
vn 0.0 4.0E-4 1.0
vn -0.0 -0.0 1.0
vn 0.0 -0.0 1.0
vn -6.0E-4 0.0 1.0
vn 7.0E-4 0.0 1.0
vn -0.0838 0.0 0.9965
vn 0.0 4.0E-4 1.0
vn 0.0 -0.0 1.0
vn -6.0E-4 0.0 1.0
vn 7.0E-4 0.0 1.0
vn -0.0838 0.0 0.9965
vn 0.0 4.0E-4 1.0
vn 0.0 -0.0031 1.0
vn 0.0 0.0196 0.9998
vn -0.0 0.007 1.0
vn 0.0 -0.0136 0.9999
vn -0.0 -0.0 1.0
vn -0.084 0.0 0.9965
vn 0.0 0.118 0.993
vn 1.0E-4 -0.0379 0.9993
vn -0.0 0.0316 0.9995
vn -0.0 -0.0842 0.9964
vn 5.0E-4 -0.171 0.9853
vn 0.0 -0.0 1.0
vn 0.0 -0.0 1.0
vn -0.9371 -0.0 0.3492
vn -0.6885 -0.6193 0.3775
vn -0.7069 -0.5992 0.3759
vn -0.441 -0.882 0.1664
vn -0.7456 -0.6447 0.1685
vn -0.7372 -0.6542 0.1688
vn 0.4547 0.8794 0.1415
vn -0.7372 0.6542 0.1688
vn -0.9351 0.3228 0.1466
vn -0.7456 0.6447 0.1685
vn -0.4151 -0.8301 0.3724
vn -0.441 0.882 0.1664
vn -0.9351 -0.3228 0.1466
vn -0.8916 0.3078 0.3322
vn 0.7978 -0.5292 0.2889
vn 0.7037 -0.6624 0.2571
vn 0.7168 -0.6464 0.2615
vn 0.4405 -0.8822 0.1664
vn 0.8737 0.3226 0.3643
vn 0.8033 0.0069 0.5955
vn 0.726 -0.1431 0.6726
vn 0.2944 -0.5903 0.7516
vn -0.2951 -0.5902 0.7514
vn -0.5171 -0.4073 0.7528
vn -0.4814 -0.4417 0.7571
vn -0.6685 -0.2307 0.707
vn 0.8323 -0.1484 0.534
vn 0.6669 0.1958 0.719
vn 0.6255 0.2526 0.7382
vn 0.2821 0.58 0.7642
vn -0.2091 0.4183 0.8839
vn 0.8606 0.3364 0.3823
vn 0.4311 0.8069 0.4038
vn -0.6685 0.2307 0.707
vn 0.2695 0.9361 0.2259
vn 0.4142 -0.8305 0.3725
vn 0.934 0.3541 0.0472
vn 0.0 0.0 1.0
vn 0.0 -0.9371 0.3492
vn 0.6193 -0.6885 0.3775
vn 0.5992 -0.7069 0.3759
vn 0.882 -0.441 0.1664
vn 0.6447 -0.7456 0.1685
vn 0.6542 -0.7372 0.1688
vn -0.8794 0.4547 0.1415
vn -0.6542 -0.7372 0.1688
vn -0.3228 -0.9351 0.1466
vn -0.6447 -0.7456 0.1685
vn 0.8301 -0.4151 0.3724
vn -0.882 -0.441 0.1664
vn 0.3228 -0.9351 0.1466
vn -0.3078 -0.8916 0.3322
vn 0.5292 0.7978 0.2889
vn 0.6624 0.7037 0.2571
vn 0.6464 0.7168 0.2615
vn 0.8822 0.4405 0.1664
vn -0.3226 0.8737 0.3643
vn -0.0069 0.8033 0.5955
vn 0.1431 0.726 0.6726
vn 0.5903 0.2944 0.7516
vn 0.5902 -0.2951 0.7514
vn 0.4073 -0.5171 0.7528
vn 0.4417 -0.4814 0.7571
vn 0.2307 -0.6685 0.707
vn 0.1484 0.8323 0.534
vn -0.1958 0.6669 0.719
vn -0.2526 0.6255 0.7382
vn -0.58 0.2821 0.7642
vn -0.4183 -0.2091 0.8839
vn -0.3364 0.8606 0.3823
vn -0.8069 0.4311 0.4038
vn -0.2307 -0.6685 0.707
vn -0.9361 0.2695 0.2259
vn 0.8305 0.4142 0.3725
vn -0.3541 0.934 0.0472
vn -0.0 0.0 1.0
vn 0.0 -0.9371 0.3492
vn 0.6193 -0.6885 0.3775
vn 0.5992 -0.7069 0.3759
vn 0.882 -0.441 0.1664
vn 0.6447 -0.7456 0.1685
vn 0.6542 -0.7372 0.1688
vn -0.8794 0.4547 0.1415
vn -0.6542 -0.7372 0.1688
vn -0.3228 -0.9351 0.1466
vn -0.6447 -0.7456 0.1685
vn 0.8301 -0.4151 0.3724
vn -0.882 -0.441 0.1664
vn 0.3228 -0.9351 0.1466
vn -0.3078 -0.8916 0.3322
vn 0.5292 0.7978 0.2889
vn 0.6624 0.7037 0.2571
vn 0.6464 0.7168 0.2615
vn 0.8822 0.4405 0.1664
vn -0.3226 0.8737 0.3643
vn -0.0069 0.8033 0.5955
vn 0.1431 0.726 0.6726
vn 0.5903 0.2944 0.7516
vn 0.5902 -0.2951 0.7514
vn 0.4073 -0.5171 0.7528
vn 0.4417 -0.4814 0.7571
vn 0.2307 -0.6685 0.707
vn 0.1484 0.8323 0.534
vn -0.1958 0.6669 0.719
vn -0.2526 0.6255 0.7382
vn -0.58 0.2821 0.7642
vn -0.4183 -0.2091 0.8839
vn -0.3364 0.8606 0.3823
vn -0.8069 0.4311 0.4038
vn -0.2307 -0.6685 0.707
vn -0.9361 0.2695 0.2259
vn 0.8305 0.4142 0.3725
vn -0.3541 0.934 0.0472
vn -0.0 0.0 1.0
vn -0.9371 -0.0 0.3492
vn -0.6885 -0.6193 0.3775
vn -0.7069 -0.5992 0.3759
vn -0.441 -0.882 0.1664
vn -0.7456 -0.6447 0.1685
vn -0.7372 -0.6542 0.1688
vn 0.4547 0.8794 0.1415
vn -0.7372 0.6542 0.1688
vn -0.9351 0.3228 0.1466
vn -0.7456 0.6447 0.1685
vn -0.4151 -0.8301 0.3724
vn -0.441 0.882 0.1664
vn -0.9351 -0.3228 0.1466
vn -0.8916 0.3078 0.3322
vn 0.7978 -0.5292 0.2889
vn 0.7037 -0.6624 0.2571
vn 0.7168 -0.6464 0.2615
vn 0.4405 -0.8822 0.1664
vn 0.8737 0.3226 0.3643
vn 0.8033 0.0069 0.5955
vn 0.726 -0.1431 0.6726
vn 0.2944 -0.5903 0.7516
vn -0.2951 -0.5902 0.7514
vn -0.5171 -0.4073 0.7528
vn -0.4814 -0.4417 0.7571
vn -0.6685 -0.2307 0.707
vn 0.8323 -0.1484 0.534
vn 0.6669 0.1958 0.719
vn 0.6255 0.2526 0.7382
vn 0.2821 0.58 0.7642
vn -0.2091 0.4183 0.8839
vn 0.8606 0.3364 0.3823
vn 0.4311 0.8069 0.4038
vn -0.6685 0.2307 0.707
vn 0.2695 0.9361 0.2259
vn 0.4142 -0.8305 0.3725
vn 0.934 0.3541 0.0472
vn 0.0 0.0 1.0
vn 0.0 -0.0 1.0
vn 0.0 -0.0 1.0
vn 0.0 -0.0 1.0
vn 0.0 -0.0 1.0
vn 0.0 -0.0 1.0
vn 0.0 -0.0 1.0
vn 0.0 -0.0 1.0
vn 0.0 -0.0 1.0
vn 0.0 -0.0 1.0
vn 0.0 -0.0 1.0
vn 0.0 -0.0 1.0
vn 0.0 -0.0 1.0
vn 0.0 -0.0 1.0
vn 0.0 -0.0 1.0
vn 0.0 -0.0 1.0
vn 0.0 -0.0 1.0
vn 0.0 -0.0 1.0
vn 0.0 -0.0 1.0
vn 0.0 -0.0 1.0
vn 0.0 -0.0 1.0
vn 0.0 -0.0 1.0
vn 0.0 -0.0 1.0
vn 0.0 -0.0 1.0
vn 0.0 -0.0 1.0
vn 0.0 -0.0 1.0
vn 0.0 -0.0 1.0
vn 0.0 -0.0 1.0
vn -0.9371 -0.0 0.3492
vn -0.6885 -0.6193 0.3775
vn -0.7069 -0.5992 0.3759
vn -0.441 -0.882 0.1664
vn -0.7456 -0.6447 0.1685
vn -0.7372 -0.6542 0.1688
vn 0.4547 0.8794 0.1415
vn -0.7372 0.6542 0.1688
vn -0.9351 0.3228 0.1466
vn -0.7456 0.6447 0.1685
vn -0.4151 -0.8301 0.3724
vn -0.441 0.882 0.1664
vn -0.9351 -0.3228 0.1466
vn -0.8916 0.3078 0.3322
vn 0.7978 -0.5292 0.2889
vn 0.7037 -0.6624 0.2571
vn 0.7168 -0.6464 0.2615
vn 0.4405 -0.8822 0.1664
vn 0.8737 0.3226 0.3643
vn 0.8033 0.0069 0.5955
vn 0.726 -0.1431 0.6726
vn 0.2944 -0.5903 0.7516
vn -0.2951 -0.5902 0.7514
vn -0.5171 -0.4073 0.7528
vn -0.4814 -0.4417 0.7571
vn -0.6685 -0.2307 0.707
vn 0.8323 -0.1484 0.534
vn 0.6669 0.1958 0.719
vn 0.6255 0.2526 0.7382
vn 0.2821 0.58 0.7642
vn -0.2091 0.4183 0.8839
vn 0.8606 0.3364 0.3823
vn 0.4311 0.8069 0.4038
vn -0.6685 0.2307 0.707
vn 0.2695 0.9361 0.2259
vn 0.4142 -0.8305 0.3725
vn 0.934 0.3541 0.0472
vn 0.0 0.0 1.0
vn 0.0 -0.0 1.0
vn 0.0 -0.0 1.0
vn 0.0 -0.0 1.0
vn 0.0 -0.0 1.0
vn 0.0 -0.0 1.0
vn 0.0 -0.0 1.0
vn 0.0 -0.0 1.0
vn 0.0 -0.0 1.0
vn 0.0 -0.0 1.0
vn 0.0 -0.0 1.0
vn 0.0 -0.0 1.0
vn 0.0 -0.0 1.0
vn 0.0 -0.0 1.0
vn 0.0 -0.0 1.0
vn 0.0 -0.0 1.0
vn 0.0 -0.0 1.0
vn 0.0 -0.0 1.0
vn 0.0 -0.0 1.0
vn 0.0 -0.0 1.0
vn 0.0 -0.0 1.0
vn 0.0 -0.0 1.0
vn 0.0 -0.0 1.0
vn 0.0 -0.0 1.0
vn 0.0 -0.0 1.0
vn 0.0 -0.0 1.0
vn 0.0 -0.0 1.0
vn 0.0 -0.0 1.0
vn -0.0808 -0.1651 0.983
vn -0.0178 -0.2269 0.9738
vn -0.0558 -0.6983 0.7136
vn -0.3474 -0.5641 0.7491
vn -0.1819 -0.0679 0.981
vn -0.1788 -0.0657 0.9817
vn -0.5999 -0.2295 0.7665
vn -0.6978 -0.0672 0.7132
vn -0.6948 -0.0644 0.7163
vn -0.6012 -0.2303 0.7652
vn -0.6426 -0.3262 0.6933
vn -0.3477 -0.5703 0.7442
vn -0.25 -0.5665 0.7852
vn -0.0567 -0.6961 0.7157
vn 0.0 0.0 1.0
vn -0.6425 -0.3262 0.6933
vn -0.7071 -0.0 0.7071
vn -0.5258 -0.0 0.8506
vn -0.0 0.0 1.0
vn -0.426 -0.0 0.9047
vn 0.0 -0.0 1.0
vn -0.0808 -0.1651 0.983
vn -0.0178 -0.2269 0.9738
vn -0.0558 -0.6983 0.7136
vn -0.3474 -0.5641 0.7491
vn -0.1819 -0.0679 0.981
vn -0.1788 -0.0657 0.9817
vn -0.5999 -0.2295 0.7665
vn -0.6978 -0.0672 0.7132
vn -0.6948 -0.0644 0.7163
vn -0.6012 -0.2303 0.7652
vn -0.6426 -0.3262 0.6933
vn -0.3477 -0.5703 0.7442
vn -0.25 -0.5665 0.7852
vn -0.0567 -0.6961 0.7157
vn 0.0 0.0 1.0
vn -0.6425 -0.3262 0.6933
vn -0.7071 -0.0 0.7071
vn -0.5258 -0.0 0.8506
vn -0.0 0.0 1.0
vn -0.426 -0.0 0.9047
vn -0.3865 -0.3865 0.8374
vn -0.526 0.0 0.8505
vn -0.0 0.0 1.0
vn 0.0 -0.526 0.8505
vn 0.0 -0.5259 0.8505
vn -0.3262 -0.6425 0.6934
vn -0.4629 -0.4629 0.7559
vn -0.6426 -0.3262 0.6933
vn -0.6426 -0.3262 0.6934
vn -0.3262 -0.6426 0.6934
vn -0.5259 0.0 0.8505
vn 0.0 -0.0 1.0
vn 0.0 -0.7071 0.7071
vn 0.0 -0.5258 0.8506
vn -0.0 -0.0 1.0
vn 0.0 -0.426 0.9047
vn 0.0 -0.0 1.0
vn 0.0 -0.0 1.0
vn 0.0 -0.0 1.0
vn -0.0808 -0.1651 0.983
vn -0.0178 -0.2269 0.9738
vn -0.0558 -0.6983 0.7136
vn -0.3474 -0.5641 0.7491
vn -0.1819 -0.0679 0.981
vn -0.1788 -0.0657 0.9817
vn -0.5999 -0.2295 0.7665
vn -0.6978 -0.0672 0.7132
vn -0.6948 -0.0644 0.7163
vn -0.6012 -0.2303 0.7652
vn -0.6426 -0.3262 0.6933
vn -0.3477 -0.5703 0.7442
vn -0.25 -0.5665 0.7852
vn -0.0567 -0.6961 0.7157
vn 0.0 0.0 1.0
vn -0.6425 -0.3262 0.6933
vn -0.3865 -0.3865 0.8374
vn -0.526 0.0 0.8505
vn -0.0 0.0 1.0
vn 0.0 -0.526 0.8505
vn 0.0 -0.5259 0.8505
vn -0.3262 -0.6425 0.6934
vn -0.4629 -0.4629 0.7559
vn -0.6426 -0.3262 0.6933
vn -0.6426 -0.3262 0.6934
vn -0.3262 -0.6426 0.6934
vn -0.5259 0.0 0.8505
vn 0.0 -0.0 1.0
vn -0.0808 -0.1651 0.983
vn -0.0178 -0.2269 0.9738
vn -0.0558 -0.6983 0.7136
vn -0.3474 -0.5641 0.7491
vn -0.1819 -0.0679 0.981
vn -0.1788 -0.0657 0.9817
vn -0.5999 -0.2295 0.7665
vn -0.6978 -0.0672 0.7132
vn -0.6948 -0.0644 0.7163
vn -0.6012 -0.2303 0.7652
vn -0.6426 -0.3262 0.6933
vn -0.3477 -0.5703 0.7442
vn -0.25 -0.5665 0.7852
vn -0.0567 -0.6961 0.7157
vn 0.0 0.0 1.0
vn -0.6425 -0.3262 0.6933
vn -0.7071 -0.0 0.7071
vn -0.5258 -0.0 0.8506
vn -0.0 0.0 1.0
vn -0.426 -0.0 0.9047
vn -0.3865 -0.3865 0.8374
vn -0.526 0.0 0.8505
vn -0.0 0.0 1.0
vn 0.0 -0.526 0.8505
vn 0.0 -0.5259 0.8505
vn -0.3262 -0.6425 0.6934
vn -0.4629 -0.4629 0.7559
vn -0.6426 -0.3262 0.6933
vn -0.6426 -0.3262 0.6934
vn -0.3262 -0.6426 0.6934
vn -0.5259 0.0 0.8505
vn 0.0 -0.0 1.0
vn 0.0 -0.0 1.0
vn -0.0808 -0.1651 0.983
vn -0.0178 -0.2269 0.9738
vn -0.0558 -0.6983 0.7136
vn -0.3474 -0.5641 0.7491
vn -0.1819 -0.0679 0.981
vn -0.1788 -0.0657 0.9817
vn -0.5999 -0.2295 0.7665
vn -0.6978 -0.0672 0.7132
vn -0.6948 -0.0644 0.7163
vn -0.6012 -0.2303 0.7652
vn -0.6426 -0.3262 0.6933
vn -0.3477 -0.5703 0.7442
vn -0.25 -0.5665 0.7852
vn -0.0567 -0.6961 0.7157
vn 0.0 0.0 1.0
vn -0.6425 -0.3262 0.6933
vn -0.7071 -0.0 0.7071
vn -0.5258 -0.0 0.8506
vn -0.0 0.0 1.0
vn -0.426 -0.0 0.9047
vn 0.0 -0.0 1.0
vn -0.0808 -0.1651 0.983
vn -0.0178 -0.2269 0.9738
vn -0.0558 -0.6983 0.7136
vn -0.3474 -0.5641 0.7491
vn -0.1819 -0.0679 0.981
vn -0.1788 -0.0657 0.9817
vn -0.5999 -0.2295 0.7665
vn -0.6978 -0.0672 0.7132
vn -0.6948 -0.0644 0.7163
vn -0.6012 -0.2303 0.7652
vn -0.6426 -0.3262 0.6933
vn -0.3477 -0.5703 0.7442
vn -0.25 -0.5665 0.7852
vn -0.0567 -0.6961 0.7157
vn 0.0 0.0 1.0
vn -0.6425 -0.3262 0.6933
vn -0.7071 -0.0 0.7071
vn -0.5258 -0.0 0.8506
vn -0.0 0.0 1.0
vn -0.426 -0.0 0.9047
vn -0.3865 -0.3865 0.8374
vn -0.526 0.0 0.8505
vn -0.0 0.0 1.0
vn 0.0 -0.526 0.8505
vn 0.0 -0.5259 0.8505
vn -0.3262 -0.6425 0.6934
vn -0.4629 -0.4629 0.7559
vn -0.6426 -0.3262 0.6933
vn -0.6426 -0.3262 0.6934
vn -0.3262 -0.6426 0.6934
vn -0.5259 0.0 0.8505
vn 0.0 -0.0 1.0
vn -0.0808 -0.1651 0.983
vn -0.0178 -0.2269 0.9738
vn -0.0558 -0.6983 0.7136
vn -0.3474 -0.5641 0.7491
vn -0.1819 -0.0679 0.981
vn -0.1788 -0.0657 0.9817
vn -0.5999 -0.2295 0.7665
vn -0.6978 -0.0672 0.7132
vn -0.6948 -0.0644 0.7163
vn -0.6012 -0.2303 0.7652
vn -0.6426 -0.3262 0.6933
vn -0.3477 -0.5703 0.7442
vn -0.25 -0.5665 0.7852
vn -0.0567 -0.6961 0.7157
vn 0.0 0.0 1.0
vn -0.6425 -0.3262 0.6933
vn -0.7071 -0.0 0.7071
vn -0.5258 -0.0 0.8506
vn -0.0 0.0 1.0
vn -0.426 -0.0 0.9047
vn -0.3865 -0.3865 0.8374
vn -0.526 0.0 0.8505
vn -0.0 0.0 1.0
vn 0.0 -0.526 0.8505
vn 0.0 -0.5259 0.8505
vn -0.3262 -0.6425 0.6934
vn -0.4629 -0.4629 0.7559
vn -0.6426 -0.3262 0.6933
vn -0.6426 -0.3262 0.6934
vn -0.3262 -0.6426 0.6934
vn -0.5259 0.0 0.8505
vn 0.0 -0.0 1.0
vn -0.7071 -0.0 0.7071
vn -0.5258 -0.0 0.8506
vn -0.0 0.0 1.0
vn -0.426 -0.0 0.9047
vn -0.1651 0.0808 0.983
vn -0.2269 0.0178 0.9738
vn -0.6983 0.0558 0.7136
vn -0.5641 0.3474 0.7491
vn -0.0679 0.1819 0.981
vn -0.0657 0.1788 0.9817
vn -0.2295 0.5999 0.7665
vn -0.0672 0.6978 0.7132
vn -0.0644 0.6948 0.7163
vn -0.2303 0.6012 0.7652
vn -0.3262 0.6426 0.6933
vn -0.5703 0.3477 0.7442
vn -0.5665 0.25 0.7852
vn -0.6961 0.0567 0.7157
vn 0.0 -0.0 1.0
vn -0.3262 0.6425 0.6933
vn 0.0 -0.0 1.0
vn -0.0808 -0.1651 0.983
vn -0.0178 -0.2269 0.9738
vn -0.0558 -0.6983 0.7136
vn -0.3474 -0.5641 0.7491
vn -0.1819 -0.0679 0.981
vn -0.1788 -0.0657 0.9817
vn -0.5999 -0.2295 0.7665
vn -0.6978 -0.0672 0.7132
vn -0.6948 -0.0644 0.7163
vn -0.6012 -0.2303 0.7652
vn -0.6426 -0.3262 0.6933
vn -0.3477 -0.5703 0.7442
vn -0.25 -0.5665 0.7852
vn -0.0567 -0.6961 0.7157
vn 0.0 0.0 1.0
vn -0.6425 -0.3262 0.6933
vn -0.3865 -0.3865 0.8374
vn -0.526 0.0 0.8505
vn -0.0 0.0 1.0
vn 0.0 -0.526 0.8505
vn 0.0 -0.5259 0.8505
vn -0.3262 -0.6425 0.6934
vn -0.4629 -0.4629 0.7559
vn -0.6426 -0.3262 0.6933
vn -0.6426 -0.3262 0.6934
vn -0.3262 -0.6426 0.6934
vn -0.5259 0.0 0.8505
vn 0.0 -0.0 1.0
vn 0.0 -0.0 1.0
vn 0.0 -0.7071 0.7071
vn 0.0 -0.5258 0.8506
vn -0.0 -0.0 1.0
vn 0.0 -0.426 0.9047
vn 0.0 -0.0 1.0
vn 0.0 -0.0 1.0
vn 0.0 -0.0 1.0
vn -0.3865 0.3865 0.8374
vn 0.0 0.526 0.8505
vn 0.0 0.0 1.0
vn -0.526 -0.0 0.8505
vn -0.5259 -0.0 0.8505
vn -0.6425 0.3262 0.6934
vn -0.4629 0.4629 0.7559
vn -0.3262 0.6426 0.6933
vn -0.3262 0.6426 0.6934
vn -0.6426 0.3262 0.6934
vn 0.0 0.5259 0.8505
vn -0.7071 -0.0 0.7071
vn -0.5258 -0.0 0.8506
vn -0.0 0.0 1.0
vn -0.426 -0.0 0.9047
vn -0.3865 -0.3865 0.8374
vn -0.526 0.0 0.8505
vn -0.0 0.0 1.0
vn 0.0 -0.526 0.8505
vn 0.0 -0.5259 0.8505
vn -0.3262 -0.6425 0.6934
vn -0.4629 -0.4629 0.7559
vn -0.6426 -0.3262 0.6933
vn -0.6426 -0.3262 0.6934
vn -0.3262 -0.6426 0.6934
vn -0.5259 0.0 0.8505
vn 0.0 -0.0 1.0
vn 0.0 -0.0 1.0
vn -0.0808 -0.1651 0.983
vn -0.0178 -0.2269 0.9738
vn -0.0558 -0.6983 0.7136
vn -0.3474 -0.5641 0.7491
vn -0.1819 -0.0679 0.981
vn -0.1788 -0.0657 0.9817
vn -0.5999 -0.2295 0.7665
vn -0.6978 -0.0672 0.7132
vn -0.6948 -0.0644 0.7163
vn -0.6012 -0.2303 0.7652
vn -0.6426 -0.3262 0.6933
vn -0.3477 -0.5703 0.7442
vn -0.25 -0.5665 0.7852
vn -0.0567 -0.6961 0.7157
vn 0.0 0.0 1.0
vn -0.6425 -0.3262 0.6933
vn -0.7071 -0.0 0.7071
vn -0.5258 -0.0 0.8506
vn -0.0 0.0 1.0
vn -0.426 -0.0 0.9047
vn -0.3865 -0.3865 0.8374
vn -0.526 0.0 0.8505
vn -0.0 0.0 1.0
vn 0.0 -0.526 0.8505
vn 0.0 -0.5259 0.8505
vn -0.3262 -0.6425 0.6934
vn -0.4629 -0.4629 0.7559
vn -0.6426 -0.3262 0.6933
vn -0.6426 -0.3262 0.6934
vn -0.3262 -0.6426 0.6934
vn -0.5259 0.0 0.8505
vn -0.0808 -0.1651 0.983
vn -0.0178 -0.2269 0.9738
vn -0.0558 -0.6983 0.7136
vn -0.3474 -0.5641 0.7491
vn -0.1819 -0.0679 0.981
vn -0.1788 -0.0657 0.9817
vn -0.5999 -0.2295 0.7665
vn -0.6978 -0.0672 0.7132
vn -0.6948 -0.0644 0.7163
vn -0.6012 -0.2303 0.7652
vn -0.6426 -0.3262 0.6933
vn -0.3477 -0.5703 0.7442
vn -0.25 -0.5665 0.7852
vn -0.0567 -0.6961 0.7157
vn 0.0 0.0 1.0
vn -0.6425 -0.3262 0.6933
vn -0.7071 -0.0 0.7071
vn -0.5258 -0.0 0.8506
vn -0.0 0.0 1.0
vn -0.426 -0.0 0.9047
vn 0.0 -0.7071 0.7071
vn 0.0 -0.5258 0.8506
vn -0.0 -0.0 1.0
vn 0.0 -0.426 0.9047
vn 0.0 -0.0 1.0
vn -0.0808 -0.1651 0.983
vn -0.0178 -0.2269 0.9738
vn -0.0558 -0.6983 0.7136
vn -0.3474 -0.5641 0.7491
vn -0.1819 -0.0679 0.981
vn -0.1788 -0.0657 0.9817
vn -0.5999 -0.2295 0.7665
vn -0.6978 -0.0672 0.7132
vn -0.6948 -0.0644 0.7163
vn -0.6012 -0.2303 0.7652
vn -0.6426 -0.3262 0.6933
vn -0.3477 -0.5703 0.7442
vn -0.25 -0.5665 0.7852
vn -0.0567 -0.6961 0.7157
vn 0.0 0.0 1.0
vn -0.6425 -0.3262 0.6933
vn -0.3865 -0.3865 0.8374
vn -0.526 0.0 0.8505
vn -0.0 0.0 1.0
vn 0.0 -0.526 0.8505
vn 0.0 -0.5259 0.8505
vn -0.3262 -0.6425 0.6934
vn -0.4629 -0.4629 0.7559
vn -0.6426 -0.3262 0.6933
vn -0.6426 -0.3262 0.6934
vn -0.3262 -0.6426 0.6934
vn -0.5259 0.0 0.8505
vn 0.0 -0.0 1.0
vn 0.0 -0.0 1.0
vn -0.0808 -0.1651 0.983
vn -0.0178 -0.2269 0.9738
vn -0.0558 -0.6983 0.7136
vn -0.3474 -0.5641 0.7491
vn -0.1819 -0.0679 0.981
vn -0.1788 -0.0657 0.9817
vn -0.5999 -0.2295 0.7665
vn -0.6978 -0.0672 0.7132
vn -0.6948 -0.0644 0.7163
vn -0.6012 -0.2303 0.7652
vn -0.6426 -0.3262 0.6933
vn -0.3477 -0.5703 0.7442
vn -0.25 -0.5665 0.7852
vn -0.0567 -0.6961 0.7157
vn 0.0 0.0 1.0
vn -0.6425 -0.3262 0.6933
vn -0.7071 -0.0 0.7071
vn -0.5258 -0.0 0.8506
vn -0.0 0.0 1.0
vn -0.426 -0.0 0.9047
vn -0.1651 0.0808 0.983
vn -0.2269 0.0178 0.9738
vn -0.6983 0.0558 0.7136
vn -0.5641 0.3474 0.7491
vn -0.0679 0.1819 0.981
vn -0.0657 0.1788 0.9817
vn -0.2295 0.5999 0.7665
vn -0.0672 0.6978 0.7132
vn -0.0644 0.6948 0.7163
vn -0.2303 0.6012 0.7652
vn -0.3262 0.6426 0.6933
vn -0.5703 0.3477 0.7442
vn -0.5665 0.25 0.7852
vn -0.6961 0.0567 0.7157
vn 0.0 -0.0 1.0
vn -0.3262 0.6425 0.6933
vn 0.0 -0.0 1.0
vn 0.0 -0.7071 0.7071
vn 0.0 -0.5258 0.8506
vn -0.0 -0.0 1.0
vn 0.0 -0.426 0.9047
vn 0.0 -0.0 1.0
vn -0.0808 -0.1651 0.983
vn -0.0178 -0.2269 0.9738
vn -0.0558 -0.6983 0.7136
vn -0.3474 -0.5641 0.7491
vn -0.1819 -0.0679 0.981
vn -0.1788 -0.0657 0.9817
vn -0.5999 -0.2295 0.7665
vn -0.6978 -0.0672 0.7132
vn -0.6948 -0.0644 0.7163
vn -0.6012 -0.2303 0.7652
vn -0.6426 -0.3262 0.6933
vn -0.3477 -0.5703 0.7442
vn -0.25 -0.5665 0.7852
vn -0.0567 -0.6961 0.7157
vn 0.0 0.0 1.0
vn -0.6425 -0.3262 0.6933
vn -0.7071 -0.0 0.7071
vn -0.5258 -0.0 0.8506
vn -0.0 0.0 1.0
vn -0.426 -0.0 0.9047
vn -0.3865 -0.3865 0.8374
vn -0.526 0.0 0.8505
vn -0.0 0.0 1.0
vn 0.0 -0.526 0.8505
vn 0.0 -0.5259 0.8505
vn -0.3262 -0.6425 0.6934
vn -0.4629 -0.4629 0.7559
vn -0.6426 -0.3262 0.6933
vn -0.6426 -0.3262 0.6934
vn -0.3262 -0.6426 0.6934
vn -0.5259 0.0 0.8505
vn 0.0 -0.0 1.0
vn 0.0 -0.0 1.0
vn -0.3865 0.3865 0.8374
vn 0.0 0.526 0.8505
vn 0.0 0.0 1.0
vn -0.526 -0.0 0.8505
vn -0.5259 -0.0 0.8505
vn -0.6425 0.3262 0.6934
vn -0.4629 0.4629 0.7559
vn -0.3262 0.6426 0.6933
vn -0.3262 0.6426 0.6934
vn -0.6426 0.3262 0.6934
vn 0.0 0.5259 0.8505
vn -0.7071 -0.0 0.7071
vn -0.5258 -0.0 0.8506
vn -0.0 0.0 1.0
vn -0.426 -0.0 0.9047
vn -0.3865 -0.3865 0.8374
vn -0.526 0.0 0.8505
vn -0.0 0.0 1.0
vn 0.0 -0.526 0.8505
vn 0.0 -0.5259 0.8505
vn -0.3262 -0.6425 0.6934
vn -0.4629 -0.4629 0.7559
vn -0.6426 -0.3262 0.6933
vn -0.6426 -0.3262 0.6934
vn -0.3262 -0.6426 0.6934
vn -0.5259 0.0 0.8505
vn 0.0 -0.7071 0.7071
vn 0.0 -0.5258 0.8506
vn -0.0 -0.0 1.0
vn 0.0 -0.426 0.9047
vn 0.0 -0.0 1.0
vn 0.0 -0.0 1.0
vn -0.0808 -0.1651 0.983
vn -0.0178 -0.2269 0.9738
vn -0.0558 -0.6983 0.7136
vn -0.3474 -0.5641 0.7491
vn -0.1819 -0.0679 0.981
vn -0.1788 -0.0657 0.9817
vn -0.5999 -0.2295 0.7665
vn -0.6978 -0.0672 0.7132
vn -0.6948 -0.0644 0.7163
vn -0.6012 -0.2303 0.7652
vn -0.6426 -0.3262 0.6933
vn -0.3477 -0.5703 0.7442
vn -0.25 -0.5665 0.7852
vn -0.0567 -0.6961 0.7157
vn 0.0 0.0 1.0
vn -0.6425 -0.3262 0.6933
vn -0.7071 -0.0 0.7071
vn -0.5258 -0.0 0.8506
vn -0.0 0.0 1.0
vn -0.426 -0.0 0.9047
vn -0.3865 -0.3865 0.8374
vn -0.526 0.0 0.8505
vn -0.0 0.0 1.0
vn 0.0 -0.526 0.8505
vn 0.0 -0.5259 0.8505
vn -0.3262 -0.6425 0.6934
vn -0.4629 -0.4629 0.7559
vn -0.6426 -0.3262 0.6933
vn -0.6426 -0.3262 0.6934
vn -0.3262 -0.6426 0.6934
vn -0.5259 0.0 0.8505
vn 0.0 -0.0 1.0
vn -0.0808 -0.1651 0.983
vn -0.0178 -0.2269 0.9738
vn -0.0558 -0.6983 0.7136
vn -0.3474 -0.5641 0.7491
vn -0.1819 -0.0679 0.981
vn -0.1788 -0.0657 0.9817
vn -0.5999 -0.2295 0.7665
vn -0.6978 -0.0672 0.7132
vn -0.6948 -0.0644 0.7163
vn -0.6012 -0.2303 0.7652
vn -0.6426 -0.3262 0.6933
vn -0.3477 -0.5703 0.7442
vn -0.25 -0.5665 0.7852
vn -0.0567 -0.6961 0.7157
vn 0.0 0.0 1.0
vn -0.6425 -0.3262 0.6933
vn -0.7071 -0.0 0.7071
vn -0.5258 -0.0 0.8506
vn -0.0 0.0 1.0
vn -0.426 -0.0 0.9047
vn -0.3865 -0.3865 0.8374
vn -0.526 0.0 0.8505
vn -0.0 0.0 1.0
vn 0.0 -0.526 0.8505
vn 0.0 -0.5259 0.8505
vn -0.3262 -0.6425 0.6934
vn -0.4629 -0.4629 0.7559
vn -0.6426 -0.3262 0.6933
vn -0.6426 -0.3262 0.6934
vn -0.3262 -0.6426 0.6934
vn -0.5259 0.0 0.8505
vn 0.0 -0.7071 0.7071
vn 0.0 -0.5258 0.8506
vn -0.0 -0.0 1.0
vn 0.0 -0.426 0.9047
vn 0.0 -0.0 1.0
vn -0.0808 -0.1651 0.983
vn -0.0178 -0.2269 0.9738
vn -0.0558 -0.6983 0.7136
vn -0.3474 -0.5641 0.7491
vn -0.1819 -0.0679 0.981
vn -0.1788 -0.0657 0.9817
vn -0.5999 -0.2295 0.7665
vn -0.6978 -0.0672 0.7132
vn -0.6948 -0.0644 0.7163
vn -0.6012 -0.2303 0.7652
vn -0.6426 -0.3262 0.6933
vn -0.3477 -0.5703 0.7442
vn -0.25 -0.5665 0.7852
vn -0.0567 -0.6961 0.7157
vn 0.0 0.0 1.0
vn -0.6425 -0.3262 0.6933
vn -0.0808 -0.1651 0.983
vn -0.0178 -0.2269 0.9738
vn -0.0558 -0.6983 0.7136
vn -0.3474 -0.5641 0.7491
vn -0.1819 -0.0679 0.981
vn -0.1788 -0.0657 0.9817
vn -0.5999 -0.2295 0.7665
vn -0.6978 -0.0672 0.7132
vn -0.6948 -0.0644 0.7163
vn -0.6012 -0.2303 0.7652
vn -0.6426 -0.3262 0.6933
vn -0.3477 -0.5703 0.7442
vn -0.25 -0.5665 0.7852
vn -0.0567 -0.6961 0.7157
vn 0.0 0.0 1.0
vn -0.6425 -0.3262 0.6933
vn -0.7071 -0.0 0.7071
vn -0.5258 -0.0 0.8506
vn -0.0 0.0 1.0
vn -0.426 -0.0 0.9047
vn -0.3865 -0.3865 0.8374
vn -0.526 0.0 0.8505
vn -0.0 0.0 1.0
vn 0.0 -0.526 0.8505
vn 0.0 -0.5259 0.8505
vn -0.3262 -0.6425 0.6934
vn -0.4629 -0.4629 0.7559
vn -0.6426 -0.3262 0.6933
vn -0.6426 -0.3262 0.6934
vn -0.3262 -0.6426 0.6934
vn -0.5259 0.0 0.8505
vn 0.0 -0.0 1.0
vn 0.0 -0.7071 0.7071
vn 0.0 -0.5258 0.8506
vn -0.0 -0.0 1.0
vn 0.0 -0.426 0.9047
vn -0.7071 -0.0 0.7071
vn -0.5258 -0.0 0.8506
vn -0.0 0.0 1.0
vn -0.426 -0.0 0.9047
vn -0.3865 -0.3865 0.8374
vn -0.526 0.0 0.8505
vn -0.0 0.0 1.0
vn 0.0 -0.526 0.8505
vn 0.0 -0.5259 0.8505
vn -0.3262 -0.6425 0.6934
vn -0.4629 -0.4629 0.7559
vn -0.6426 -0.3262 0.6933
vn -0.6426 -0.3262 0.6934
vn -0.3262 -0.6426 0.6934
vn -0.5259 0.0 0.8505
vn 0.0 -0.0 1.0
vn 0.0 -0.0 1.0
vn 0.0 -0.0 1.0
vn -0.0808 -0.1651 0.983
vn -0.0178 -0.2269 0.9738
vn -0.0558 -0.6983 0.7136
vn -0.3474 -0.5641 0.7491
vn -0.1819 -0.0679 0.981
vn -0.1788 -0.0657 0.9817
vn -0.5999 -0.2295 0.7665
vn -0.6978 -0.0672 0.7132
vn -0.6948 -0.0644 0.7163
vn -0.6012 -0.2303 0.7652
vn -0.6426 -0.3262 0.6933
vn -0.3477 -0.5703 0.7442
vn -0.25 -0.5665 0.7852
vn -0.0567 -0.6961 0.7157
vn 0.0 0.0 1.0
vn -0.6425 -0.3262 0.6933
vn -0.7071 -0.0 0.7071
vn -0.5258 -0.0 0.8506
vn -0.0 0.0 1.0
vn -0.426 -0.0 0.9047
vn -0.7071 -0.0 0.7071
vn -0.5258 -0.0 0.8506
vn -0.0 0.0 1.0
vn -0.426 -0.0 0.9047
vn -0.3865 -0.3865 0.8374
vn -0.526 0.0 0.8505
vn -0.0 0.0 1.0
vn 0.0 -0.526 0.8505
vn 0.0 -0.5259 0.8505
vn -0.3262 -0.6425 0.6934
vn -0.4629 -0.4629 0.7559
vn -0.6426 -0.3262 0.6933
vn -0.6426 -0.3262 0.6934
vn -0.3262 -0.6426 0.6934
vn -0.5259 0.0 0.8505
vn -0.0808 -0.1651 0.983
vn -0.0178 -0.2269 0.9738
vn -0.0558 -0.6983 0.7136
vn -0.3474 -0.5641 0.7491
vn -0.1819 -0.0679 0.981
vn -0.1788 -0.0657 0.9817
vn -0.5999 -0.2295 0.7665
vn -0.6978 -0.0672 0.7132
vn -0.6948 -0.0644 0.7163
vn -0.6012 -0.2303 0.7652
vn -0.6426 -0.3262 0.6933
vn -0.3477 -0.5703 0.7442
vn -0.25 -0.5665 0.7852
vn -0.0567 -0.6961 0.7157
vn 0.0 0.0 1.0
vn -0.6425 -0.3262 0.6933
vn -0.7071 -0.0 0.7071
vn -0.5258 -0.0 0.8506
vn -0.0 0.0 1.0
vn -0.426 -0.0 0.9047
vn -0.3865 -0.3865 0.8374
vn -0.526 0.0 0.8505
vn -0.0 0.0 1.0
vn 0.0 -0.526 0.8505
vn 0.0 -0.5259 0.8505
vn -0.3262 -0.6425 0.6934
vn -0.4629 -0.4629 0.7559
vn -0.6426 -0.3262 0.6933
vn -0.6426 -0.3262 0.6934
vn -0.3262 -0.6426 0.6934
vn -0.5259 0.0 0.8505
vn 0.0 -0.0 1.0
vn 0.0 -0.0 1.0
vn -0.0808 -0.1651 0.983
vn -0.0178 -0.2269 0.9738
vn -0.0558 -0.6983 0.7136
vn -0.3474 -0.5641 0.7491
vn -0.1819 -0.0679 0.981
vn -0.1788 -0.0657 0.9817
vn -0.5999 -0.2295 0.7665
vn -0.6978 -0.0672 0.7132
vn -0.6948 -0.0644 0.7163
vn -0.6012 -0.2303 0.7652
vn -0.6426 -0.3262 0.6933
vn -0.3477 -0.5703 0.7442
vn -0.25 -0.5665 0.7852
vn -0.0567 -0.6961 0.7157
vn 0.0 0.0 1.0
vn -0.6425 -0.3262 0.6933
vn -0.7071 -0.0 0.7071
vn -0.5258 -0.0 0.8506
vn -0.0 0.0 1.0
vn -0.426 -0.0 0.9047
vn -0.3865 -0.3865 0.8374
vn -0.526 0.0 0.8505
vn -0.0 0.0 1.0
vn 0.0 -0.526 0.8505
vn 0.0 -0.5259 0.8505
vn -0.3262 -0.6425 0.6934
vn -0.4629 -0.4629 0.7559
vn -0.6426 -0.3262 0.6933
vn -0.6426 -0.3262 0.6934
vn -0.3262 -0.6426 0.6934
vn -0.5259 0.0 0.8505
vn 0.0 -0.0 1.0
vn 0.0 -0.0 1.0
vn 0.0 -0.0 1.0
vn -0.0808 -0.1651 0.983
vn -0.0178 -0.2269 0.9738
vn -0.0558 -0.6983 0.7136
vn -0.3474 -0.5641 0.7491
vn -0.1819 -0.0679 0.981
vn -0.1788 -0.0657 0.9817
vn -0.5999 -0.2295 0.7665
vn -0.6978 -0.0672 0.7132
vn -0.6948 -0.0644 0.7163
vn -0.6012 -0.2303 0.7652
vn -0.6426 -0.3262 0.6933
vn -0.3477 -0.5703 0.7442
vn -0.25 -0.5665 0.7852
vn -0.0567 -0.6961 0.7157
vn 0.0 0.0 1.0
vn -0.6425 -0.3262 0.6933
vn -0.7071 -0.0 0.7071
vn -0.5258 -0.0 0.8506
vn -0.0 0.0 1.0
vn -0.426 -0.0 0.9047
vn -0.3865 -0.3865 0.8374
vn -0.526 0.0 0.8505
vn -0.0 0.0 1.0
vn 0.0 -0.526 0.8505
vn 0.0 -0.5259 0.8505
vn -0.3262 -0.6425 0.6934
vn -0.4629 -0.4629 0.7559
vn -0.6426 -0.3262 0.6933
vn -0.6426 -0.3262 0.6934
vn -0.3262 -0.6426 0.6934
vn -0.5259 0.0 0.8505
vn 0.0 -0.0 1.0
vn -0.7071 -0.0 0.7071
vn -0.5258 -0.0 0.8506
vn -0.0 0.0 1.0
vn -0.426 -0.0 0.9047
vn -0.3865 -0.3865 0.8374
vn -0.526 0.0 0.8505
vn -0.0 0.0 1.0
vn 0.0 -0.526 0.8505
vn 0.0 -0.5259 0.8505
vn -0.3262 -0.6425 0.6934
vn -0.4629 -0.4629 0.7559
vn -0.6426 -0.3262 0.6933
vn -0.6426 -0.3262 0.6934
vn -0.3262 -0.6426 0.6934
vn -0.5259 0.0 0.8505
vn 0.0 -0.0 1.0
vn 0.0 -0.0 1.0
vn -0.0808 -0.1651 0.983
vn -0.0178 -0.2269 0.9738
vn -0.0558 -0.6983 0.7136
vn -0.3474 -0.5641 0.7491
vn -0.1819 -0.0679 0.981
vn -0.1788 -0.0657 0.9817
vn -0.5999 -0.2295 0.7665
vn -0.6978 -0.0672 0.7132
vn -0.6948 -0.0644 0.7163
vn -0.6012 -0.2303 0.7652
vn -0.6426 -0.3262 0.6933
vn -0.3477 -0.5703 0.7442
vn -0.25 -0.5665 0.7852
vn -0.0567 -0.6961 0.7157
vn 0.0 0.0 1.0
vn -0.6425 -0.3262 0.6933
vn -0.7071 -0.0 0.7071
vn -0.5258 -0.0 0.8506
vn -0.0 0.0 1.0
vn -0.426 -0.0 0.9047
vn -0.7071 -0.0 0.7071
vn -0.5258 -0.0 0.8506
vn -0.0 0.0 1.0
vn -0.426 -0.0 0.9047
vn -0.3865 -0.3865 0.8374
vn -0.526 0.0 0.8505
vn -0.0 0.0 1.0
vn 0.0 -0.526 0.8505
vn 0.0 -0.5259 0.8505
vn -0.3262 -0.6425 0.6934
vn -0.4629 -0.4629 0.7559
vn -0.6426 -0.3262 0.6933
vn -0.6426 -0.3262 0.6934
vn -0.3262 -0.6426 0.6934
vn -0.5259 0.0 0.8505
vn 0.0 -0.0 1.0
vn 0.0 -0.0 1.0
vn -0.0808 -0.1651 0.983
vn -0.0178 -0.2269 0.9738
vn -0.0558 -0.6983 0.7136
vn -0.3474 -0.5641 0.7491
vn -0.1819 -0.0679 0.981
vn -0.1788 -0.0657 0.9817
vn -0.5999 -0.2295 0.7665
vn -0.6978 -0.0672 0.7132
vn -0.6948 -0.0644 0.7163
vn -0.6012 -0.2303 0.7652
vn -0.6426 -0.3262 0.6933
vn -0.3477 -0.5703 0.7442
vn -0.25 -0.5665 0.7852
vn -0.0567 -0.6961 0.7157
vn 0.0 0.0 1.0
vn -0.6425 -0.3262 0.6933
vn -0.7071 -0.0 0.7071
vn -0.5258 -0.0 0.8506
vn -0.0 0.0 1.0
vn -0.426 -0.0 0.9047
vn -0.3865 -0.3865 0.8374
vn -0.526 0.0 0.8505
vn -0.0 0.0 1.0
vn 0.0 -0.526 0.8505
vn 0.0 -0.5259 0.8505
vn -0.3262 -0.6425 0.6934
vn -0.4629 -0.4629 0.7559
vn -0.6426 -0.3262 0.6933
vn -0.6426 -0.3262 0.6934
vn -0.3262 -0.6426 0.6934
vn -0.5259 0.0 0.8505
vn 0.0 -0.0 1.0
vn 0.0 -0.0 1.0
vn -0.0808 -0.1651 0.983
vn -0.0178 -0.2269 0.9738
vn -0.0558 -0.6983 0.7136
vn -0.3474 -0.5641 0.7491
vn -0.1819 -0.0679 0.981
vn -0.1788 -0.0657 0.9817
vn -0.5999 -0.2295 0.7665
vn -0.6978 -0.0672 0.7132
vn -0.6948 -0.0644 0.7163
vn -0.6012 -0.2303 0.7652
vn -0.6426 -0.3262 0.6933
vn -0.3477 -0.5703 0.7442
vn -0.25 -0.5665 0.7852
vn -0.0567 -0.6961 0.7157
vn 0.0 0.0 1.0
vn -0.6425 -0.3262 0.6933
vn -0.3865 -0.3865 0.8374
vn -0.526 0.0 0.8505
vn -0.0 0.0 1.0
vn 0.0 -0.526 0.8505
vn 0.0 -0.5259 0.8505
vn -0.3262 -0.6425 0.6934
vn -0.4629 -0.4629 0.7559
vn -0.6426 -0.3262 0.6933
vn -0.6426 -0.3262 0.6934
vn -0.3262 -0.6426 0.6934
vn -0.5259 0.0 0.8505
vn 0.0 -0.0 1.0
vn 0.0 -0.0 1.0
vn -0.0808 -0.1651 0.983
vn -0.0178 -0.2269 0.9738
vn -0.0558 -0.6983 0.7136
vn -0.3474 -0.5641 0.7491
vn -0.1819 -0.0679 0.981
vn -0.1788 -0.0657 0.9817
vn -0.5999 -0.2295 0.7665
vn -0.6978 -0.0672 0.7132
vn -0.6948 -0.0644 0.7163
vn -0.6012 -0.2303 0.7652
vn -0.6426 -0.3262 0.6933
vn -0.3477 -0.5703 0.7442
vn -0.25 -0.5665 0.7852
vn -0.0567 -0.6961 0.7157
vn 0.0 0.0 1.0
vn -0.6425 -0.3262 0.6933
vn -0.7071 -0.0 0.7071
vn -0.5258 -0.0 0.8506
vn -0.0 0.0 1.0
vn -0.426 -0.0 0.9047
vn -0.1651 0.0808 0.983
vn -0.2269 0.0178 0.9738
vn -0.6983 0.0558 0.7136
vn -0.5641 0.3474 0.7491
vn -0.0679 0.1819 0.981
vn -0.0657 0.1788 0.9817
vn -0.2295 0.5999 0.7665
vn -0.0672 0.6978 0.7132
vn -0.0644 0.6948 0.7163
vn -0.2303 0.6012 0.7652
vn -0.3262 0.6426 0.6933
vn -0.5703 0.3477 0.7442
vn -0.5665 0.25 0.7852
vn -0.6961 0.0567 0.7157
vn 0.0 -0.0 1.0
vn -0.3262 0.6425 0.6933
vn 0.0 -0.7071 0.7071
vn 0.0 -0.5258 0.8506
vn -0.0 -0.0 1.0
vn 0.0 -0.426 0.9047
vn 0.0 -0.0 1.0
vn -0.7071 -0.0 0.7071
vn -0.5258 -0.0 0.8506
vn -0.0 0.0 1.0
vn -0.426 -0.0 0.9047
vn -0.3865 -0.3865 0.8374
vn -0.526 0.0 0.8505
vn -0.0 0.0 1.0
vn 0.0 -0.526 0.8505
vn 0.0 -0.5259 0.8505
vn -0.3262 -0.6425 0.6934
vn -0.4629 -0.4629 0.7559
vn -0.6426 -0.3262 0.6933
vn -0.6426 -0.3262 0.6934
vn -0.3262 -0.6426 0.6934
vn -0.5259 0.0 0.8505
vn 0.0 -0.0 1.0
vn -0.3865 0.3865 0.8374
vn 0.0 0.526 0.8505
vn 0.0 0.0 1.0
vn -0.526 -0.0 0.8505
vn -0.5259 -0.0 0.8505
vn -0.6425 0.3262 0.6934
vn -0.4629 0.4629 0.7559
vn -0.3262 0.6426 0.6933
vn -0.3262 0.6426 0.6934
vn -0.6426 0.3262 0.6934
vn 0.0 0.5259 0.8505
vn -0.7071 -0.0 0.7071
vn -0.5258 -0.0 0.8506
vn -0.0 0.0 1.0
vn -0.426 -0.0 0.9047
vn -0.3865 -0.3865 0.8374
vn -0.526 0.0 0.8505
vn -0.0 0.0 1.0
vn 0.0 -0.526 0.8505
vn 0.0 -0.5259 0.8505
vn -0.3262 -0.6425 0.6934
vn -0.4629 -0.4629 0.7559
vn -0.6426 -0.3262 0.6933
vn -0.6426 -0.3262 0.6934
vn -0.3262 -0.6426 0.6934
vn -0.5259 0.0 0.8505
vn 0.0 -0.0 1.0
vn -0.0808 -0.1651 0.983
vn -0.0178 -0.2269 0.9738
vn -0.0558 -0.6983 0.7136
vn -0.3474 -0.5641 0.7491
vn -0.1819 -0.0679 0.981
vn -0.1788 -0.0657 0.9817
vn -0.5999 -0.2295 0.7665
vn -0.6978 -0.0672 0.7132
vn -0.6948 -0.0644 0.7163
vn -0.6012 -0.2303 0.7652
vn -0.6426 -0.3262 0.6933
vn -0.3477 -0.5703 0.7442
vn -0.25 -0.5665 0.7852
vn -0.0567 -0.6961 0.7157
vn 0.0 0.0 1.0
vn -0.6425 -0.3262 0.6933
vn -0.7071 -0.0 0.7071
vn -0.5258 -0.0 0.8506
vn -0.0 0.0 1.0
vn -0.426 -0.0 0.9047
vn -0.7071 -0.0 0.7071
vn -0.5258 -0.0 0.8506
vn -0.0 0.0 1.0
vn -0.426 -0.0 0.9047
vn 0.0 -0.0 1.0
vn 0.0 -0.0 1.0
vn 0.0 -0.7071 0.7071
vn 0.0 -0.5258 0.8506
vn -0.0 -0.0 1.0
vn 0.0 -0.426 0.9047
vn -0.0 -0.0 1.0
vn -0.0 -0.0 1.0
vn -0.0 -0.0 1.0
vn -0.0808 -0.1651 0.983
vn -0.0178 -0.2269 0.9738
vn -0.0558 -0.6983 0.7136
vn -0.3474 -0.5641 0.7491
vn -0.1819 -0.0679 0.981
vn -0.1788 -0.0657 0.9817
vn -0.5999 -0.2295 0.7665
vn -0.6978 -0.0672 0.7132
vn -0.6948 -0.0644 0.7163
vn -0.6012 -0.2303 0.7652
vn -0.6426 -0.3262 0.6933
vn -0.3477 -0.5703 0.7442
vn -0.25 -0.5665 0.7852
vn -0.0567 -0.6961 0.7157
vn 0.0 0.0 1.0
vn -0.6425 -0.3262 0.6933
vn -0.7071 -0.0 0.7071
vn -0.5258 -0.0 0.8506
vn -0.0 0.0 1.0
vn -0.426 -0.0 0.9047
vn -0.7071 -0.0 0.7071
vn -0.5258 -0.0 0.8506
vn -0.0 0.0 1.0
vn -0.426 -0.0 0.9047
vn -0.3865 -0.3865 0.8374
vn -0.526 0.0 0.8505
vn -0.0 0.0 1.0
vn 0.0 -0.526 0.8505
vn 0.0 -0.5259 0.8505
vn -0.3262 -0.6425 0.6934
vn -0.4629 -0.4629 0.7559
vn -0.6426 -0.3262 0.6933
vn -0.6426 -0.3262 0.6934
vn -0.3262 -0.6426 0.6934
vn -0.5259 0.0 0.8505
vn 0.0 -0.7071 0.7071
vn 0.0 -0.5258 0.8506
vn -0.0 -0.0 1.0
vn 0.0 -0.426 0.9047
vn -0.0 -0.0 1.0
vn -0.0 -0.0 1.0
vn -0.0 -0.0 1.0
vn -0.0 -0.0 1.0
vn 0.0 -0.0 1.0
vn 0.0 -0.0 1.0
vn 0.0 -0.0 1.0
vn 0.0 -0.0 1.0
vn 0.0 -0.0 1.0
vn 0.0 -0.0 1.0
vn 0.0 -0.0 1.0
vn 0.0 -0.0 1.0
vn 0.0 -0.0 1.0
vn 0.0 -0.0 1.0
vn 0.0 -0.0 1.0
vn 0.0 -0.0 1.0
vn 0.0 -0.0 1.0
vn 0.0 -0.0 1.0
vn 0.0 -0.0 1.0
vn 0.0 -0.0 1.0
vn 0.0 -0.0 1.0
c 1.0 1.0 1.0
c 1.0 1.0 1.0
c 1.0 1.0 1.0
c 1.0 1.0 1.0
c 1.0 1.0 1.0
c 1.0 1.0 1.0
c 1.0 1.0 1.0
c 1.0 1.0 1.0
c 1.0 1.0 1.0
c 1.0 1.0 1.0
c 1.0 1.0 1.0
c 1.0 1.0 1.0
c 1.0 1.0 1.0
c 1.0 1.0 1.0
c 1.0 1.0 1.0
c 1.0 1.0 1.0
c 1.0 1.0 1.0
c 1.0 1.0 1.0
c 1.0 1.0 1.0
c 1.0 1.0 1.0
c 1.0 1.0 1.0
c 1.0 1.0 1.0
c 1.0 1.0 1.0
c 1.0 1.0 1.0
c 1.0 1.0 1.0
c 1.0 1.0 1.0
c 1.0 1.0 1.0
c 1.0 1.0 1.0
c 1.0 1.0 1.0
c 1.0 1.0 1.0
c 1.0 1.0 1.0
c 1.0 1.0 1.0
c 1.0 1.0 1.0
c 1.0 1.0 1.0
c 1.0 1.0 1.0
c 1.0 1.0 1.0
c 1.0 1.0 1.0
c 1.0 1.0 1.0
c 1.0 1.0 1.0
c 1.0 1.0 1.0
c 1.0 1.0 1.0
c 1.0 1.0 1.0
c 1.0 1.0 1.0
c 1.0 1.0 1.0
c 1.0 1.0 1.0
c 1.0 1.0 1.0
c 1.0 1.0 1.0
c 1.0 1.0 1.0
c 1.0 1.0 1.0
c 1.0 1.0 1.0
c 1.0 1.0 1.0
c 1.0 1.0 1.0
c 1.0 1.0 1.0
c 1.0 1.0 1.0
c 1.0 1.0 1.0
c 1.0 1.0 1.0
c 1.0 1.0 1.0
c 1.0 1.0 1.0
c 1.0 1.0 1.0
c 1.0 1.0 1.0
c 1.0 1.0 1.0
c 1.0 1.0 1.0
c 1.0 1.0 1.0
c 1.0 1.0 1.0
c 1.0 1.0 1.0
c 1.0 1.0 1.0
c 1.0 1.0 1.0
c 1.0 1.0 1.0
c 1.0 1.0 1.0
c 1.0 1.0 1.0
c 1.0 1.0 1.0
c 1.0 1.0 1.0
c 1.0 1.0 1.0
c 1.0 1.0 1.0
c 1.0 1.0 1.0
c 1.0 1.0 1.0
c 1.0 1.0 1.0
c 1.0 1.0 1.0
c 1.0 1.0 1.0
c 1.0 1.0 1.0
c 1.0 1.0 1.0
c 1.0 1.0 1.0
c 1.0 1.0 1.0
c 1.0 1.0 1.0
c 1.0 1.0 1.0
c 1.0 1.0 1.0
c 1.0 1.0 1.0
c 1.0 1.0 1.0
c 1.0 1.0 1.0
c 1.0 1.0 1.0
c 1.0 1.0 1.0
c 1.0 1.0 1.0
c 1.0 1.0 1.0
c 1.0 1.0 1.0
c 1.0 1.0 1.0
c 1.0 1.0 1.0
c 1.0 1.0 1.0
c 1.0 1.0 1.0
c 1.0 1.0 1.0
c 1.0 1.0 1.0
c 1.0 1.0 1.0
c 1.0 1.0 1.0
c 1.0 1.0 1.0
c 1.0 1.0 1.0
c 1.0 1.0 1.0
c 1.0 1.0 1.0
c 1.0 1.0 1.0
c 1.0 1.0 1.0
c 1.0 1.0 1.0
c 1.0 1.0 1.0
c 1.0 1.0 1.0
c 1.0 1.0 1.0
c 1.0 1.0 1.0
c 1.0 1.0 1.0
c 1.0 1.0 1.0
c 1.0 1.0 1.0
c 1.0 1.0 1.0
c 1.0 1.0 1.0
c 1.0 1.0 1.0
c 1.0 1.0 1.0
c 1.0 1.0 1.0
c 1.0 1.0 1.0
c 1.0 1.0 1.0
c 1.0 1.0 1.0
c 1.0 1.0 1.0
c 1.0 1.0 1.0
c 1.0 1.0 1.0
c 1.0 1.0 1.0
c 1.0 1.0 1.0
c 1.0 1.0 1.0
c 1.0 1.0 1.0
c 1.0 1.0 1.0
c 1.0 1.0 1.0
c 1.0 1.0 1.0
c 1.0 1.0 1.0
c 1.0 1.0 1.0
c 1.0 1.0 1.0
c 1.0 1.0 1.0
c 1.0 1.0 1.0
c 1.0 1.0 1.0
c 1.0 1.0 1.0
c 1.0 1.0 1.0
c 1.0 1.0 1.0
c 1.0 1.0 1.0
c 1.0 1.0 1.0
c 1.0 1.0 1.0
c 1.0 1.0 1.0
c 1.0 1.0 1.0
c 1.0 1.0 1.0
c 1.0 1.0 1.0
c 1.0 1.0 1.0
c 1.0 1.0 1.0
c 1.0 1.0 1.0
c 1.0 1.0 1.0
c 1.0 1.0 1.0
c 1.0 1.0 1.0
c 1.0 1.0 1.0
c 1.0 1.0 1.0
c 1.0 1.0 1.0
c 1.0 1.0 1.0
c 1.0 1.0 1.0
c 1.0 1.0 1.0
c 1.0 1.0 1.0
c 1.0 1.0 1.0
c 1.0 1.0 1.0
c 1.0 1.0 1.0
c 1.0 1.0 1.0
c 1.0 1.0 1.0
c 1.0 1.0 1.0
c 1.0 1.0 1.0
c 1.0 1.0 1.0
c 1.0 1.0 1.0
c 1.0 1.0 1.0
c 1.0 1.0 1.0
c 1.0 1.0 1.0
c 1.0 1.0 1.0
c 1.0 1.0 1.0
c 1.0 1.0 1.0
c 1.0 1.0 1.0
c 1.0 1.0 1.0
c 1.0 1.0 1.0
c 1.0 1.0 1.0
c 1.0 1.0 1.0
c 1.0 1.0 1.0
c 1.0 1.0 1.0
c 1.0 1.0 1.0
c 1.0 1.0 1.0
c 1.0 1.0 1.0
c 1.0 1.0 1.0
c 1.0 1.0 1.0
c 1.0 1.0 1.0
c 1.0 1.0 1.0
c 1.0 1.0 1.0
c 1.0 1.0 1.0
c 1.0 1.0 1.0
c 1.0 1.0 1.0
c 1.0 1.0 1.0
c 1.0 1.0 1.0
c 1.0 1.0 1.0
c 1.0 1.0 1.0
c 1.0 1.0 1.0
c 1.0 1.0 1.0
c 1.0 1.0 1.0
c 1.0 1.0 1.0
c 1.0 1.0 1.0
c 1.0 1.0 1.0
c 1.0 1.0 1.0
c 1.0 1.0 1.0
c 1.0 1.0 1.0
c 1.0 1.0 1.0
c 1.0 1.0 1.0
c 1.0 1.0 1.0
c 1.0 1.0 1.0
c 1.0 1.0 1.0
c 1.0 1.0 1.0
c 1.0 1.0 1.0
c 1.0 1.0 1.0
c 1.0 1.0 1.0
c 1.0 1.0 1.0
c 1.0 1.0 1.0
c 1.0 1.0 1.0
c 1.0 1.0 1.0
c 1.0 1.0 1.0
c 1.0 1.0 1.0
c 1.0 1.0 1.0
c 1.0 1.0 1.0
c 1.0 1.0 1.0
c 1.0 1.0 1.0
c 1.0 1.0 1.0
c 1.0 1.0 1.0
c 1.0 1.0 1.0
c 1.0 1.0 1.0
c 1.0 1.0 1.0
c 1.0 1.0 1.0
c 1.0 1.0 1.0
c 1.0 1.0 1.0
c 1.0 1.0 1.0
c 1.0 1.0 1.0
c 1.0 1.0 1.0
c 1.0 1.0 1.0
c 1.0 1.0 1.0
c 1.0 1.0 1.0
c 1.0 1.0 1.0
c 1.0 1.0 1.0
c 1.0 1.0 1.0
c 1.0 1.0 1.0
c 1.0 1.0 1.0
usemtl sea_zanami2
s off
f 12/11/1/1 13/12/1/1 14/13/1/1 15/14/1/1
f 16/15/1/1 12/16/1/1 15/17/1/1 17/18/1/1
f 34/36/2/2 35/37/2/2 36/38/2/2 37/39/2/2
f 50/54/7/3 51/55/7/3 52/56/7/3 53/57/7/3
f 71/76/12/4 72/77/12/4 73/78/12/4 74/79/12/4
f 75/80/12/4 71/81/12/4 74/82/12/4 76/83/12/4
f 93/101/13/5 94/102/13/5 95/103/13/5 96/104/13/5
f 109/119/18/6 110/120/18/6 111/121/18/6 112/122/18/6
f 119/155/27/7 120/156/27/7 121/157/27/7
f 122/158/27/7 123/159/27/7 124/160/27/7
f 178/197/73/10 179/198/73/10 180/199/73/10
f 180/200/73/10 179/198/73/10 181/201/73/10
f 181/202/73/10 179/198/73/10 182/203/73/10
f 182/204/73/10 179/198/73/10 183/205/73/10
f 183/206/73/10 179/198/73/10 184/207/73/10
f 184/208/73/10 179/198/73/10 185/209/73/10
f 185/210/73/10 179/198/73/10 186/211/73/10
f 186/212/73/10 179/198/73/10 187/213/73/10
f 187/214/73/10 179/198/73/10 188/215/73/10
f 188/216/73/10 179/198/73/10 189/217/73/10
f 189/218/73/10 179/198/73/10 190/219/73/10
f 190/220/73/10 179/198/73/10 178/221/73/10
f 212/250/111/11 213/251/111/11 214/252/111/11
f 214/253/111/11 213/251/111/11 215/254/111/11
f 215/255/111/11 213/251/111/11 216/256/111/11
f 216/257/111/11 213/251/111/11 217/258/111/11
f 217/259/111/11 213/251/111/11 218/260/111/11
f 218/261/111/11 213/251/111/11 219/262/111/11
f 219/263/111/11 213/251/111/11 220/264/111/11
f 220/265/111/11 213/251/111/11 221/266/111/11
f 221/267/111/11 213/251/111/11 222/268/111/11
f 222/269/111/11 213/251/111/11 223/270/111/11
f 223/271/111/11 213/251/111/11 224/272/111/11
f 224/273/111/11 213/251/111/11 212/274/111/11
f 246/303/149/12 247/304/149/12 248/305/149/12
f 248/306/149/12 247/304/149/12 249/307/149/12
f 249/308/149/12 247/304/149/12 250/309/149/12
f 250/310/149/12 247/304/149/12 251/311/149/12
f 251/312/149/12 247/304/149/12 252/313/149/12
f 252/314/149/12 247/304/149/12 253/315/149/12
f 253/316/149/12 247/304/149/12 254/317/149/12
f 254/318/149/12 247/304/149/12 255/319/149/12
f 255/320/149/12 247/304/149/12 256/321/149/12
f 256/322/149/12 247/304/149/12 257/323/149/12
f 257/324/149/12 247/304/149/12 258/325/149/12
f 258/326/149/12 247/304/149/12 246/327/149/12
usemtl sea_zanami
s off
f 5/23/1/1 6/24/1/1 7/25/1/1 8/26/1/1
f 28/40/2/2 29/41/2/2 30/42/6/2 31/43/2/2
f 29/44/2/2 32/45/2/2 33/46/2/2 30/47/6/2
f 44/58/7/3 45/59/7/3 46/60/11/3 47/61/7/3
f 45/62/7/3 48/63/7/3 49/64/7/3 46/65/11/3
f 64/88/12/4 65/89/12/4 66/90/12/4 67/91/12/4
f 87/105/13/5 88/106/13/5 89/107/17/5 90/108/13/5
f 88/109/13/5 91/110/13/5 92/111/13/5 89/112/17/5
f 103/123/18/6 104/124/18/6 105/125/22/6 106/126/18/6
f 104/127/18/6 107/128/18/6 108/129/18/6 105/130/22/6
f 137/131/23/7 138/132/24/7 139/133/25/7 140/134/26/7
f 1/19/1/1 2/20/1/1 3/21/1/1
f 2/20/1/1 4/22/1/1 3/21/1/1
f 9/27/1/1 10/28/1/1 11/29/1/1
f 60/84/12/4 61/85/12/4 62/86/12/4
f 61/85/12/4 63/87/12/4 62/86/12/4
f 68/92/12/4 69/93/12/4 70/94/12/4
f 141/135/27/7 142/136/27/7 143/137/27/7
f 142/136/27/7 144/138/27/7 143/137/27/7
f 143/137/27/7 144/138/27/7 145/139/27/7
f 144/138/27/7 146/140/27/7 145/139/27/7
f 147/141/27/7 140/134/26/7 139/133/25/7
f 137/131/23/7 148/142/27/7 138/132/24/7
usemtl sea_mizu1_1
s off
f 2845/2952/1311/231 2846/2954/1311/231 2847/2955/1311/231 2848/2953/1311/231
f 2849/2956/1312/232 2850/2958/1312/232 2851/2959/1312/232 2852/2957/1312/232
f 2853/2962/1313/233 2854/2960/1313/233 2855/2961/1313/233 2856/2963/1313/233
f 2857/2966/1314/234 2858/2964/1314/234 2859/2965/1314/234 2860/2967/1314/234
f 2861/2968/1315/235 2862/2970/1315/235 2863/2971/1315/235 2864/2969/1315/235
f 2865/2972/1316/236 2866/2974/1316/236 2867/2975/1316/236 2868/2973/1316/236
f 2869/2978/1317/237 2870/2976/1317/237 2871/2977/1317/237 2872/2979/1317/237
f 2873/2982/1318/238 2874/2980/1318/238 2875/2981/1318/238 2876/2983/1318/238
f 2877/2984/1319/239 2878/2986/1319/239 2879/2987/1319/239 2880/2985/1319/239
f 2881/2988/1320/240 2882/2990/1320/240 2883/2991/1320/240 2884/2989/1320/240
f 2885/2994/1321/241 2886/2992/1321/241 2887/2993/1321/241 2888/2995/1321/241
f 2889/2998/1322/242 2890/2996/1322/242 2891/2997/1322/242 2892/2999/1322/242
f 2893/3000/1323/243 2894/3002/1323/243 2895/3003/1323/243 2896/3001/1323/243
f 2897/3004/1324/244 2898/3006/1324/244 2899/3007/1324/244 2900/3005/1324/244
f 2901/3008/1325/245 2902/3011/1325/245 2903/3009/1325/245 2904/3010/1325/245
f 2905/3013/1326/246 2906/3014/1326/246 2907/3012/1326/246 2908/3015/1326/246
f 2909/3019/1327/247 2910/3016/1327/247 2911/3018/1327/247 2912/3017/1327/247
usemtl sea_jimen
s off
f 150/161/34/8 152/162/34/8 151/163/34/8 149/164/34/8
f 154/165/35/9 156/166/35/9 155/167/35/9 153/168/35/9
f 916/1022/275/64 918/1023/275/64 917/1024/275/64 915/1025/275/64
f 920/1026/276/65 922/1027/276/65 921/1028/276/65 919/1029/276/65
f 924/1030/277/66 926/1031/277/66 925/1032/277/66 923/1033/277/66
f 928/1034/278/67 930/1035/278/67 929/1036/278/67 927/1037/278/67
f 932/1038/279/68 934/1039/279/68 933/1040/279/68 931/1041/279/68
f 968/1074/300/71 970/1075/300/71 969/1076/300/71 967/1077/300/71
f 1024/1130/332/75 1026/1131/332/75 1025/1132/332/75 1023/1133/332/75
f 1038/1144/337/77 1040/1145/337/77 1039/1146/337/77 1037/1147/337/77
f 1042/1148/338/78 1044/1149/338/78 1043/1150/338/78 1041/1151/338/78
f 1046/1152/339/79 1048/1153/339/79 1047/1154/339/79 1045/1155/339/79
f 1092/1198/367/82 1094/1199/367/82 1093/1200/367/82 1091/1201/367/82
f 1148/1254/399/86 1150/1255/399/86 1149/1256/399/86 1147/1257/399/86
f 1152/1258/400/87 1154/1259/400/87 1153/1260/400/87 1151/1261/400/87
f 1188/1294/421/90 1190/1295/421/90 1189/1296/421/90 1187/1297/421/90
f 1244/1350/453/94 1246/1351/453/94 1245/1352/453/94 1243/1353/453/94
f 1300/1406/485/98 1302/1407/485/98 1301/1408/485/98 1299/1409/485/98
f 1336/1442/506/101 1338/1443/506/101 1337/1444/506/101 1335/1445/506/101
f 1382/1488/534/104 1384/1489/534/104 1383/1490/534/104 1381/1491/534/104
f 1386/1492/535/105 1388/1493/535/105 1387/1494/535/105 1385/1495/535/105
f 1400/1506/540/107 1402/1507/540/107 1401/1508/540/107 1399/1509/540/107
f 1404/1510/541/108 1406/1511/541/108 1405/1512/541/108 1403/1513/541/108
f 1408/1514/542/109 1410/1515/542/109 1409/1516/542/109 1407/1517/542/109
f 1462/1568/569/113 1464/1569/569/113 1463/1570/569/113 1461/1571/569/113
f 1466/1572/570/114 1468/1573/570/114 1467/1574/570/114 1465/1575/570/114
f 1564/1670/626/121 1566/1671/626/121 1565/1672/626/121 1563/1673/626/121
f 1610/1716/654/124 1612/1717/654/124 1611/1718/654/124 1609/1719/654/124
f 1614/1720/655/125 1616/1721/655/125 1615/1722/655/125 1613/1723/655/125
f 1672/1778/692/129 1674/1779/692/129 1673/1780/692/129 1671/1781/692/129
f 1686/1792/697/131 1688/1793/697/131 1687/1794/697/131 1685/1795/697/131
f 1742/1848/729/135 1744/1849/729/135 1743/1850/729/135 1741/1851/729/135
f 1746/1852/730/136 1748/1853/730/136 1747/1854/730/136 1745/1855/730/136
f 1810/1916/761/141 1812/1917/761/141 1811/1918/761/141 1809/1919/761/141
f 1814/1920/762/142 1816/1921/762/142 1815/1922/762/142 1813/1923/762/142
f 1870/1976/794/146 1872/1977/794/146 1871/1978/794/146 1869/1979/794/146
f 1936/2042/830/151 1938/2043/830/151 1937/2044/830/151 1935/2045/830/151
f 2014/2120/878/156 2016/2121/878/156 2015/2122/878/156 2013/2123/878/156
f 2058/2164/898/160 2060/2165/898/160 2059/2166/898/160 2057/2167/898/160
f 2062/2168/899/161 2064/2169/899/161 2063/2170/899/161 2061/2171/899/161
f 2066/2172/900/162 2068/2173/900/162 2067/2174/900/162 2065/2175/900/162
f 2184/2290/967/170 2186/2291/967/170 2185/2292/967/170 2183/2293/967/170
f 2188/2294/968/171 2190/2295/968/171 2189/2296/968/171 2187/2297/968/171
f 2244/2350/1000/175 2246/2351/1000/175 2245/2352/1000/175 2243/2353/1000/175
f 2248/2354/1001/176 2250/2355/1001/176 2249/2356/1001/176 2247/2357/1001/176
f 2252/2358/1002/177 2254/2359/1002/177 2253/2360/1002/177 2251/2361/1002/177
f 2308/2414/1034/181 2310/2415/1034/181 2309/2416/1034/181 2307/2417/1034/181
f 2342/2448/1050/184 2344/2449/1050/184 2343/2450/1050/184 2341/2451/1050/184
f 2346/2452/1051/185 2348/2453/1051/185 2347/2454/1051/185 2345/2455/1051/185
f 2412/2518/1087/190 2414/2519/1087/190 2413/2520/1087/190 2411/2521/1087/190
f 2416/2522/1088/191 2418/2523/1088/191 2417/2524/1088/191 2415/2525/1088/191
f 2472/2578/1120/195 2474/2579/1120/195 2473/2580/1120/195 2471/2581/1120/195
f 2476/2582/1121/196 2478/2583/1121/196 2477/2584/1121/196 2475/2585/1121/196
f 2522/2628/1149/199 2524/2629/1149/199 2523/2630/1149/199 2521/2631/1149/199
f 2526/2632/1150/200 2528/2633/1150/200 2527/2634/1150/200 2525/2635/1150/200
f 2594/2700/1191/205 2596/2701/1191/205 2595/2702/1191/205 2593/2703/1191/205
f 2628/2734/1207/208 2630/2735/1207/208 2629/2736/1207/208 2627/2737/1207/208
f 2682/2788/1234/212 2684/2789/1234/212 2683/2790/1234/212 2681/2791/1234/212
f 2728/2834/1259/216 2730/2835/1259/216 2729/2836/1259/216 2727/2837/1259/216
f 2732/2838/1260/217 2734/2839/1260/217 2733/2840/1260/217 2731/2841/1260/217
usemtl yamagake01
s off
f 259/328/150/13 260/329/151/13 261/330/152/13 262/331/150/13
f 263/332/153/13 260/329/154/13 264/333/155/13 265/334/153/13
f 266/335/156/13 267/336/156/13 268/337/156/13 269/338/156/13
f 270/339/157/13 271/340/158/13 259/328/158/13 272/341/159/13
f 260/329/151/13 263/332/160/13 273/342/160/13 261/330/152/13
f 268/337/161/13 270/339/157/13 272/341/159/13 269/338/161/13
f 260/329/154/13 259/328/162/13 271/340/162/13 264/333/155/13
f 272/341/163/13 259/328/150/13 262/331/150/13 274/343/163/13
f 275/344/164/13 263/332/165/13 276/345/166/13 277/346/164/13
f 276/345/166/13 263/332/165/13 265/334/167/13
f 278/347/168/13 279/348/169/13 275/344/170/13
f 279/348/169/13 273/342/171/13 275/344/170/13
f 273/342/172/13 279/348/173/13 261/330/174/13
f 279/348/173/13 262/331/175/13 261/330/174/13
f 277/346/176/13 266/335/177/13 278/347/178/13
f 266/335/177/13 269/338/179/13 278/347/178/13
f 269/349/180/13 272/350/180/13 278/347/180/13
f 277/346/181/13 278/347/181/13 275/344/181/13
f 278/351/182/13 274/352/182/13 279/353/182/13
f 274/343/183/13 262/331/183/13 279/348/183/13
f 278/347/184/13 272/354/184/13 274/355/184/13
f 263/332/185/13 275/344/185/13 273/342/185/13
f 277/346/186/13 267/336/186/13 266/335/186/13
usemtl kusa_ec3
s off
f 303/389/188/14 304/390/188/14 301/391/188/14 302/392/188/14
f 315/401/189/15 316/402/189/15 313/403/189/15 314/404/189/15
f 327/413/190/16 328/414/190/16 325/415/190/16 326/416/190/16
f 339/425/191/17 340/426/191/17 337/427/191/17 338/428/191/17
f 351/437/192/18 352/438/192/18 349/439/192/18 350/440/192/18
f 363/449/193/19 364/450/193/19 361/451/193/19 362/452/193/19
f 375/461/194/20 376/462/194/20 373/463/194/20 374/464/194/20
f 387/473/195/21 388/474/195/21 385/475/195/21 386/476/195/21
f 399/485/196/22 400/486/196/22 397/487/196/22 398/488/196/22
f 411/497/197/23 412/498/197/23 409/499/197/23 410/500/197/23
f 423/509/198/24 424/510/198/24 421/511/198/24 422/512/198/24
f 435/521/199/25 436/522/199/25 433/523/199/25 434/524/199/25
f 447/533/200/26 448/534/200/26 445/535/200/26 446/536/200/26
f 459/545/201/27 460/546/201/27 457/547/201/27 458/548/201/27
f 471/557/202/28 472/558/202/28 469/559/202/28 470/560/202/28
f 483/569/203/29 484/570/203/29 481/571/203/29 482/572/203/29
f 495/581/204/30 496/582/204/30 493/583/204/30 494/584/204/30
f 507/593/205/31 508/594/205/31 505/595/205/31 506/596/205/31
f 519/605/206/32 520/606/206/32 517/607/206/32 518/608/206/32
f 531/617/207/33 532/618/207/33 529/619/207/33 530/620/207/33
f 543/629/208/34 544/630/208/34 541/631/208/34 542/632/208/34
f 555/641/209/35 556/642/209/35 553/643/209/35 554/644/209/35
f 567/653/210/36 568/654/210/36 565/655/210/36 566/656/210/36
f 579/665/211/37 580/666/211/37 577/667/211/37 578/668/211/37
f 591/677/212/38 592/678/212/38 589/679/212/38 590/680/212/38
f 603/689/213/39 604/690/213/39 601/691/213/39 602/692/213/39
f 615/701/214/40 616/702/214/40 613/703/214/40 614/704/214/40
f 661/766/253/42 662/767/253/42 659/768/253/42 660/769/253/42
f 673/778/254/43 674/779/254/43 671/780/254/43 672/781/254/43
f 685/790/255/44 686/791/255/44 683/792/255/44 684/793/255/44
f 697/802/256/45 698/803/256/45 695/804/256/45 696/805/256/45
f 709/814/257/46 710/815/257/46 707/816/257/46 708/817/257/46
f 721/826/258/47 722/827/258/47 719/828/258/47 720/829/258/47
f 733/838/259/48 734/839/259/48 731/840/259/48 732/841/259/48
f 745/850/260/49 746/851/260/49 743/852/260/49 744/853/260/49
f 757/862/261/50 758/863/261/50 755/864/261/50 756/865/261/50
f 769/874/262/51 770/875/262/51 767/876/262/51 768/877/262/51
f 781/886/263/52 782/887/263/52 779/888/263/52 780/889/263/52
f 793/898/264/53 794/899/264/53 791/900/264/53 792/901/264/53
f 805/910/265/54 806/911/265/54 803/912/265/54 804/913/265/54
f 817/922/266/55 818/923/266/55 815/924/266/55 816/925/266/55
f 829/934/267/56 830/935/267/56 827/936/267/56 828/937/267/56
f 841/946/268/57 842/947/268/57 839/948/268/57 840/949/268/57
f 853/958/269/58 854/959/269/58 851/960/269/58 852/961/269/58
f 865/970/270/59 866/971/270/59 863/972/270/59 864/973/270/59
f 877/982/271/60 878/983/271/60 875/984/271/60 876/985/271/60
f 889/994/272/61 890/995/272/61 887/996/272/61 888/997/272/61
f 901/1006/273/62 902/1007/273/62 899/1008/273/62 900/1009/273/62
f 913/1018/274/63 914/1019/274/63 911/1020/274/63 912/1021/274/63
usemtl kusa_ec1
s off
f 295/381/188/14 296/382/188/14 293/383/188/14 294/384/188/14
f 307/393/189/15 308/394/189/15 305/395/189/15 306/396/189/15
f 319/405/190/16 320/406/190/16 317/407/190/16 318/408/190/16
f 331/417/191/17 332/418/191/17 329/419/191/17 330/420/191/17
f 343/429/192/18 344/430/192/18 341/431/192/18 342/432/192/18
f 355/441/193/19 356/442/193/19 353/443/193/19 354/444/193/19
f 367/453/194/20 368/454/194/20 365/455/194/20 366/456/194/20
f 379/465/195/21 380/466/195/21 377/467/195/21 378/468/195/21
f 391/477/196/22 392/478/196/22 389/479/196/22 390/480/196/22
f 403/489/197/23 404/490/197/23 401/491/197/23 402/492/197/23
f 415/501/198/24 416/502/198/24 413/503/198/24 414/504/198/24
f 427/513/199/25 428/514/199/25 425/515/199/25 426/516/199/25
f 439/525/200/26 440/526/200/26 437/527/200/26 438/528/200/26
f 451/537/201/27 452/538/201/27 449/539/201/27 450/540/201/27
f 463/549/202/28 464/550/202/28 461/551/202/28 462/552/202/28
f 475/561/203/29 476/562/203/29 473/563/203/29 474/564/203/29
f 487/573/204/30 488/574/204/30 485/575/204/30 486/576/204/30
f 499/585/205/31 500/586/205/31 497/587/205/31 498/588/205/31
f 511/597/206/32 512/598/206/32 509/599/206/32 510/600/206/32
f 523/609/207/33 524/610/207/33 521/611/207/33 522/612/207/33
f 535/621/208/34 536/622/208/34 533/623/208/34 534/624/208/34
f 547/633/209/35 548/634/209/35 545/635/209/35 546/636/209/35
f 559/645/210/36 560/646/210/36 557/647/210/36 558/648/210/36
f 571/657/211/37 572/658/211/37 569/659/211/37 570/660/211/37
f 583/669/212/38 584/670/212/38 581/671/212/38 582/672/212/38
f 595/681/213/39 596/682/213/39 593/683/213/39 594/684/213/39
f 607/693/214/40 608/694/214/40 605/695/214/40 606/696/214/40
f 653/758/253/42 654/759/253/42 651/760/253/42 652/761/253/42
f 665/770/254/43 666/771/254/43 663/772/254/43 664/773/254/43
f 677/782/255/44 678/783/255/44 675/784/255/44 676/785/255/44
f 689/794/256/45 690/795/256/45 687/796/256/45 688/797/256/45
f 701/806/257/46 702/807/257/46 699/808/257/46 700/809/257/46
f 713/818/258/47 714/819/258/47 711/820/258/47 712/821/258/47
f 725/830/259/48 726/831/259/48 723/832/259/48 724/833/259/48
f 737/842/260/49 738/843/260/49 735/844/260/49 736/845/260/49
f 749/854/261/50 750/855/261/50 747/856/261/50 748/857/261/50
f 761/866/262/51 762/867/262/51 759/868/262/51 760/869/262/51
f 773/878/263/52 774/879/263/52 771/880/263/52 772/881/263/52
f 785/890/264/53 786/891/264/53 783/892/264/53 784/893/264/53
f 797/902/265/54 798/903/265/54 795/904/265/54 796/905/265/54
f 809/914/266/55 810/915/266/55 807/916/266/55 808/917/266/55
f 821/926/267/56 822/927/267/56 819/928/267/56 820/929/267/56
f 833/938/268/57 834/939/268/57 831/940/268/57 832/941/268/57
f 845/950/269/58 846/951/269/58 843/952/269/58 844/953/269/58
f 857/962/270/59 858/963/270/59 855/964/270/59 856/965/270/59
f 869/974/271/60 870/975/271/60 867/976/271/60 868/977/271/60
f 881/986/272/61 882/987/272/61 879/988/272/61 880/989/272/61
f 893/998/273/62 894/999/273/62 891/1000/273/62 892/1001/273/62
f 905/1010/274/63 906/1011/274/63 903/1012/274/63 904/1013/274/63
usemtl kusa_ec2
s off
f 299/385/188/14 300/386/188/14 297/387/188/14 298/388/188/14
f 311/397/189/15 312/398/189/15 309/399/189/15 310/400/189/15
f 323/409/190/16 324/410/190/16 321/411/190/16 322/412/190/16
f 335/421/191/17 336/422/191/17 333/423/191/17 334/424/191/17
f 347/433/192/18 348/434/192/18 345/435/192/18 346/436/192/18
f 359/445/193/19 360/446/193/19 357/447/193/19 358/448/193/19
f 371/457/194/20 372/458/194/20 369/459/194/20 370/460/194/20
f 383/469/195/21 384/470/195/21 381/471/195/21 382/472/195/21
f 395/481/196/22 396/482/196/22 393/483/196/22 394/484/196/22
f 407/493/197/23 408/494/197/23 405/495/197/23 406/496/197/23
f 419/505/198/24 420/506/198/24 417/507/198/24 418/508/198/24
f 431/517/199/25 432/518/199/25 429/519/199/25 430/520/199/25
f 443/529/200/26 444/530/200/26 441/531/200/26 442/532/200/26
f 455/541/201/27 456/542/201/27 453/543/201/27 454/544/201/27
f 467/553/202/28 468/554/202/28 465/555/202/28 466/556/202/28
f 479/565/203/29 480/566/203/29 477/567/203/29 478/568/203/29
f 491/577/204/30 492/578/204/30 489/579/204/30 490/580/204/30
f 503/589/205/31 504/590/205/31 501/591/205/31 502/592/205/31
f 515/601/206/32 516/602/206/32 513/603/206/32 514/604/206/32
f 527/613/207/33 528/614/207/33 525/615/207/33 526/616/207/33
f 539/625/208/34 540/626/208/34 537/627/208/34 538/628/208/34
f 551/637/209/35 552/638/209/35 549/639/209/35 550/640/209/35
f 563/649/210/36 564/650/210/36 561/651/210/36 562/652/210/36
f 575/661/211/37 576/662/211/37 573/663/211/37 574/664/211/37
f 587/673/212/38 588/674/212/38 585/675/212/38 586/676/212/38
f 599/685/213/39 600/686/213/39 597/687/213/39 598/688/213/39
f 611/697/214/40 612/698/214/40 609/699/214/40 610/700/214/40
f 657/762/253/42 658/763/253/42 655/764/253/42 656/765/253/42
f 669/774/254/43 670/775/254/43 667/776/254/43 668/777/254/43
f 681/786/255/44 682/787/255/44 679/788/255/44 680/789/255/44
f 693/798/256/45 694/799/256/45 691/800/256/45 692/801/256/45
f 705/810/257/46 706/811/257/46 703/812/257/46 704/813/257/46
f 717/822/258/47 718/823/258/47 715/824/258/47 716/825/258/47
f 729/834/259/48 730/835/259/48 727/836/259/48 728/837/259/48
f 741/846/260/49 742/847/260/49 739/848/260/49 740/849/260/49
f 753/858/261/50 754/859/261/50 751/860/261/50 752/861/261/50
f 765/870/262/51 766/871/262/51 763/872/262/51 764/873/262/51
f 777/882/263/52 778/883/263/52 775/884/263/52 776/885/263/52
f 789/894/264/53 790/895/264/53 787/896/264/53 788/897/264/53
f 801/906/265/54 802/907/265/54 799/908/265/54 800/909/265/54
f 813/918/266/55 814/919/266/55 811/920/266/55 812/921/266/55
f 825/930/267/56 826/931/267/56 823/932/267/56 824/933/267/56
f 837/942/268/57 838/943/268/57 835/944/268/57 836/945/268/57
f 849/954/269/58 850/955/269/58 847/956/269/58 848/957/269/58
f 861/966/270/59 862/967/270/59 859/968/270/59 860/969/270/59
f 873/978/271/60 874/979/271/60 871/980/271/60 872/981/271/60
f 885/990/272/61 886/991/272/61 883/992/272/61 884/993/272/61
f 897/1002/273/62 898/1003/273/62 895/1004/273/62 896/1005/273/62
f 909/1014/274/63 910/1015/274/63 907/1016/274/63 908/1017/274/63
usemtl wall01_g
s off
f 940/1042/280/69 941/1043/281/69 942/1044/282/69 943/1045/283/69
f 944/1046/284/69 945/1047/285/69 946/1048/286/69 947/1049/287/69
f 945/1047/285/69 940/1042/280/69 943/1045/283/69 946/1048/286/69
f 957/1064/296/70 958/1065/297/70 959/1066/297/70 960/1067/296/70
f 958/1065/297/70 961/1068/298/70 962/1069/298/70 959/1066/297/70
f 963/1070/296/70 964/1071/296/70 965/1072/299/70 966/1073/299/70
f 976/1078/301/72 977/1079/302/72 978/1080/303/72 979/1081/304/72
f 980/1082/305/72 981/1083/306/72 982/1084/307/72 983/1085/308/72
f 981/1083/306/72 976/1078/301/72 979/1081/304/72 982/1084/307/72
f 993/1100/317/73 994/1101/318/73 995/1102/318/73 996/1103/317/73
f 994/1101/318/73 997/1104/319/73 998/1105/319/73 995/1102/318/73
f 999/1106/317/73 1000/1107/317/73 1001/1108/320/73 1002/1109/320/73
f 1003/1110/321/74 1004/1111/322/74 1005/1112/323/74 1006/1113/323/74
f 1007/1114/324/74 1008/1115/321/74 1009/1116/323/74 1010/1117/323/74
f 1027/1134/333/76 1028/1135/334/76 1029/1136/334/76 1030/1137/333/76
f 1028/1135/334/76 1031/1138/335/76 1032/1139/335/76 1029/1136/334/76
f 1033/1140/333/76 1034/1141/333/76 1035/1142/336/76 1036/1143/336/76
f 1054/1156/340/80 1055/1157/341/80 1056/1158/342/80 1057/1159/343/80
f 1058/1160/344/80 1059/1161/345/80 1060/1162/346/80 1061/1163/347/80
f 1059/1161/345/80 1054/1156/340/80 1057/1159/343/80 1060/1162/346/80
f 1071/1178/356/81 1072/1179/357/81 1073/1180/358/81 1074/1181/358/81
f 1075/1182/359/81 1076/1183/356/81 1077/1184/358/81 1078/1185/358/81
f 1100/1202/368/83 1101/1203/369/83 1102/1204/370/83 1103/1205/371/83
f 1104/1206/372/83 1105/1207/373/83 1106/1208/374/83 1107/1209/375/83
f 1105/1207/373/83 1100/1202/368/83 1103/1205/371/83 1106/1208/374/83
f 1117/1224/384/84 1118/1225/385/84 1119/1226/385/84 1120/1227/384/84
f 1118/1225/385/84 1121/1228/386/84 1122/1229/386/84 1119/1226/385/84
f 1123/1230/384/84 1124/1231/384/84 1125/1232/387/84 1126/1233/387/84
f 1127/1234/388/85 1128/1235/389/85 1129/1236/390/85 1130/1237/390/85
f 1131/1238/391/85 1132/1239/388/85 1133/1240/390/85 1134/1241/390/85
f 1160/1262/401/88 1161/1263/402/88 1162/1264/403/88 1163/1265/404/88
f 1164/1266/405/88 1165/1267/406/88 1166/1268/407/88 1167/1269/408/88
f 1165/1267/406/88 1160/1262/401/88 1163/1265/404/88 1166/1268/407/88
f 1177/1284/417/89 1178/1285/418/89 1179/1286/418/89 1180/1287/417/89
f 1178/1285/418/89 1181/1288/419/89 1182/1289/419/89 1179/1286/418/89
f 1183/1290/417/89 1184/1291/417/89 1185/1292/420/89 1186/1293/420/89
f 1196/1298/422/91 1197/1299/423/91 1198/1300/424/91 1199/1301/425/91
f 1200/1302/426/91 1201/1303/427/91 1202/1304/428/91 1203/1305/429/91
f 1201/1303/427/91 1196/1298/422/91 1199/1301/425/91 1202/1304/428/91
f 1213/1320/438/92 1214/1321/439/92 1215/1322/439/92 1216/1323/438/92
f 1214/1321/439/92 1217/1324/440/92 1218/1325/440/92 1215/1322/439/92
f 1219/1326/438/92 1220/1327/438/92 1221/1328/441/92 1222/1329/441/92
f 1223/1330/442/93 1224/1331/443/93 1225/1332/444/93 1226/1333/444/93
f 1227/1334/445/93 1228/1335/442/93 1229/1336/444/93 1230/1337/444/93
f 1252/1354/454/95 1253/1355/455/95 1254/1356/456/95 1255/1357/457/95
f 1256/1358/458/95 1257/1359/459/95 1258/1360/460/95 1259/1361/461/95
f 1257/1359/459/95 1252/1354/454/95 1255/1357/457/95 1258/1360/460/95
f 1269/1376/470/96 1270/1377/471/96 1271/1378/471/96 1272/1379/470/96
f 1270/1377/471/96 1273/1380/472/96 1274/1381/472/96 1271/1378/471/96
f 1275/1382/470/96 1276/1383/470/96 1277/1384/473/96 1278/1385/473/96
f 1279/1386/474/97 1280/1387/475/97 1281/1388/476/97 1282/1389/476/97
f 1283/1390/477/97 1284/1391/474/97 1285/1392/476/97 1286/1393/476/97
f 1303/1410/486/99 1304/1411/487/99 1305/1412/487/99 1306/1413/486/99
f 1304/1411/487/99 1307/1414/488/99 1308/1415/488/99 1305/1412/487/99
f 1309/1416/486/99 1310/1417/486/99 1311/1418/489/99 1312/1419/489/99
f 1344/1446/507/102 1345/1447/508/102 1346/1448/509/102 1347/1449/510/102
f 1348/1450/511/102 1349/1451/512/102 1350/1452/513/102 1351/1453/514/102
f 1349/1451/512/102 1344/1446/507/102 1347/1449/510/102 1350/1452/513/102
f 1361/1468/523/103 1362/1469/524/103 1363/1470/525/103 1364/1471/525/103
f 1365/1472/526/103 1366/1473/523/103 1367/1474/525/103 1368/1475/525/103
f 1389/1496/536/106 1390/1497/537/106 1391/1498/537/106 1392/1499/536/106
f 1390/1497/537/106 1393/1500/538/106 1394/1501/538/106 1391/1498/537/106
f 1395/1502/536/106 1396/1503/536/106 1397/1504/539/106 1398/1505/539/106
f 1411/1518/543/110 1412/1519/544/110 1413/1520/545/110 1414/1521/545/110
f 1415/1522/546/110 1416/1523/543/110 1417/1524/545/110 1418/1525/545/110
f 1431/1538/554/111 1432/1539/555/111 1433/1540/555/111 1434/1541/554/111
f 1432/1539/555/111 1435/1542/556/111 1436/1543/556/111 1433/1540/555/111
f 1437/1544/554/111 1438/1545/554/111 1439/1546/557/111 1440/1547/557/111
f 1441/1548/558/112 1442/1549/559/112 1443/1550/560/112 1444/1551/560/112
f 1445/1552/561/112 1446/1553/558/112 1447/1554/560/112 1448/1555/560/112
f 1474/1576/571/115 1475/1577/572/115 1476/1578/573/115 1477/1579/574/115
f 1478/1580/575/115 1479/1581/576/115 1480/1582/577/115 1481/1583/578/115
f 1479/1581/576/115 1474/1576/571/115 1477/1579/574/115 1480/1582/577/115
f 1491/1598/587/116 1492/1599/588/116 1493/1600/588/116 1494/1601/587/116
f 1492/1599/588/116 1495/1602/589/116 1496/1603/589/116 1493/1600/588/116
f 1497/1604/587/116 1498/1605/587/116 1499/1606/590/116 1500/1607/590/116
f 1501/1608/591/117 1502/1609/592/117 1503/1610/593/117 1504/1611/593/117
f 1505/1612/594/117 1506/1613/591/117 1507/1614/593/117 1508/1615/593/117
f 1526/1628/602/118 1527/1629/603/118 1528/1630/604/118 1529/1631/605/118
f 1530/1632/606/118 1531/1633/607/118 1532/1634/608/118 1533/1635/609/118
f 1531/1633/607/118 1526/1628/602/118 1529/1631/605/118 1532/1634/608/118
f 1543/1650/618/119 1544/1651/619/119 1545/1652/619/119 1546/1653/618/119
f 1544/1651/619/119 1547/1654/620/119 1548/1655/620/119 1545/1652/619/119
f 1549/1656/618/119 1550/1657/618/119 1551/1658/621/119 1552/1659/621/119
f 1553/1660/622/120 1554/1661/623/120 1555/1662/623/120 1556/1663/622/120
f 1554/1661/623/120 1557/1664/624/120 1558/1665/624/120 1555/1662/623/120
f 1559/1666/622/120 1560/1667/622/120 1561/1668/625/120 1562/1669/625/120
f 1572/1674/627/122 1573/1675/628/122 1574/1676/629/122 1575/1677/630/122
f 1576/1678/631/122 1577/1679/632/122 1578/1680/633/122 1579/1681/634/122
f 1577/1679/632/122 1572/1674/627/122 1575/1677/630/122 1578/1680/633/122
f 1589/1696/643/123 1590/1697/644/123 1591/1698/645/123 1592/1699/645/123
f 1593/1700/646/123 1594/1701/643/123 1595/1702/645/123 1596/1703/645/123
f 1622/1724/656/126 1623/1725/657/126 1624/1726/658/126 1625/1727/659/126
f 1626/1728/660/126 1627/1729/661/126 1628/1730/662/126 1629/1731/663/126
f 1627/1729/661/126 1622/1724/656/126 1625/1727/659/126 1628/1730/662/126
f 1639/1746/672/127 1640/1747/673/127 1641/1748/673/127 1642/1749/672/127
f 1640/1747/673/127 1643/1750/674/127 1644/1751/674/127 1641/1748/673/127
f 1645/1752/672/127 1646/1753/672/127 1647/1754/675/127 1648/1755/675/127
f 1675/1782/693/130 1676/1783/694/130 1677/1784/694/130 1678/1785/693/130
f 1676/1783/694/130 1679/1786/695/130 1680/1787/695/130 1677/1784/694/130
f 1681/1788/693/130 1682/1789/693/130 1683/1790/696/130 1684/1791/696/130
f 1694/1796/698/132 1695/1797/699/132 1696/1798/700/132 1697/1799/701/132
f 1698/1800/702/132 1699/1801/703/132 1700/1802/704/132 1701/1803/705/132
f 1699/1801/703/132 1694/1796/698/132 1697/1799/701/132 1700/1802/704/132
f 1711/1818/714/133 1712/1819/715/133 1713/1820/715/133 1714/1821/714/133
f 1712/1819/715/133 1715/1822/716/133 1716/1823/716/133 1713/1820/715/133
f 1717/1824/714/133 1718/1825/714/133 1719/1826/717/133 1720/1827/717/133
f 1721/1828/718/134 1722/1829/719/134 1723/1830/720/134 1724/1831/720/134
f 1725/1832/721/134 1726/1833/718/134 1727/1834/720/134 1728/1835/720/134
f 1749/1856/731/137 1750/1857/732/137 1751/1858/733/137 1752/1859/733/137
f 1753/1860/734/137 1754/1861/731/137 1755/1862/733/137 1756/1863/733/137
f 1769/1876/742/138 1770/1877/743/138 1771/1878/743/138 1772/1879/742/138
f 1770/1877/743/138 1773/1880/744/138 1774/1881/744/138 1771/1878/743/138
f 1775/1882/742/138 1776/1883/742/138 1777/1884/745/138 1778/1885/745/138
f 1779/1886/746/139 1780/1887/747/139 1781/1888/748/139 1782/1889/748/139
f 1783/1890/749/139 1784/1891/746/139 1785/1892/748/139 1786/1893/748/139
f 1799/1906/757/140 1800/1907/758/140 1801/1908/758/140 1802/1909/757/140
f 1800/1907/758/140 1803/1910/759/140 1804/1911/759/140 1801/1908/758/140
f 1805/1912/757/140 1806/1913/757/140 1807/1914/760/140 1808/1915/760/140
f 1822/1924/763/143 1823/1925/764/143 1824/1926/765/143 1825/1927/766/143
f 1826/1928/767/143 1827/1929/768/143 1828/1930/769/143 1829/1931/770/143
f 1827/1929/768/143 1822/1924/763/143 1825/1927/766/143 1828/1930/769/143
f 1839/1946/779/144 1840/1947/780/144 1841/1948/780/144 1842/1949/779/144
f 1840/1947/780/144 1843/1950/781/144 1844/1951/781/144 1841/1948/780/144
f 1845/1952/779/144 1846/1953/779/144 1847/1954/782/144 1848/1955/782/144
f 1849/1956/783/145 1850/1957/784/145 1851/1958/785/145 1852/1959/785/145
f 1853/1960/786/145 1854/1961/783/145 1855/1962/785/145 1856/1963/785/145
f 1878/1980/795/147 1879/1981/796/147 1880/1982/797/147 1881/1983/798/147
f 1882/1984/799/147 1883/1985/800/147 1884/1986/801/147 1885/1987/802/147
f 1883/1985/800/147 1878/1980/795/147 1881/1983/798/147 1884/1986/801/147
f 1895/2002/811/148 1896/2003/812/148 1897/2004/812/148 1898/2005/811/148
f 1896/2003/812/148 1899/2006/813/148 1900/2007/813/148 1897/2004/812/148
f 1901/2008/811/148 1902/2009/811/148 1903/2010/814/148 1904/2011/814/148
f 1905/2012/815/149 1906/2013/816/149 1907/2014/817/149 1908/2015/817/149
f 1909/2016/818/149 1910/2017/815/149 1911/2018/817/149 1912/2019/817/149
f 1925/2032/826/150 1926/2033/827/150 1927/2034/827/150 1928/2035/826/150
f 1926/2033/827/150 1929/2036/828/150 1930/2037/828/150 1927/2034/827/150
f 1931/2038/826/150 1932/2039/826/150 1933/2040/829/150 1934/2041/829/150
f 1944/2046/831/152 1945/2047/832/152 1946/2048/833/152 1947/2049/834/152
f 1948/2050/835/152 1949/2051/836/152 1950/2052/837/152 1951/2053/838/152
f 1949/2051/836/152 1944/2046/831/152 1947/2049/834/152 1950/2052/837/152
f 1966/2068/847/153 1967/2069/848/153 1968/2070/849/153 1969/2071/850/153
f 1970/2072/851/153 1971/2073/852/153 1972/2074/853/153 1973/2075/854/153
f 1971/2073/852/153 1966/2068/847/153 1969/2071/850/153 1972/2074/853/153
f 1983/2090/863/154 1984/2091/864/154 1985/2092/864/154 1986/2093/863/154
f 1984/2091/864/154 1987/2094/865/154 1988/2095/865/154 1985/2092/864/154
f 1989/2096/863/154 1990/2097/863/154 1991/2098/866/154 1992/2099/866/154
f 1993/2100/867/155 1994/2101/868/155 1995/2102/869/155 1996/2103/869/155
f 1997/2104/870/155 1998/2105/867/155 1999/2106/869/155 2000/2107/869/155
f 2017/2124/879/157 2018/2125/880/157 2019/2126/880/157 2020/2127/879/157
f 2018/2125/880/157 2021/2128/881/157 2022/2129/881/157 2019/2126/880/157
f 2023/2130/879/157 2024/2131/879/157 2025/2132/882/157 2026/2133/882/157
f 2027/2134/883/158 2028/2135/884/158 2029/2136/884/158 2030/2137/883/158
f 2028/2135/884/158 2031/2138/885/158 2032/2139/885/158 2029/2136/884/158
f 2033/2140/883/158 2034/2141/883/158 2035/2142/886/158 2036/2143/886/158
f 2037/2144/887/159 2038/2145/888/159 2039/2146/889/159 2040/2147/889/159
f 2041/2148/890/159 2042/2149/887/159 2043/2150/889/159 2044/2151/889/159
f 2074/2176/901/163 2075/2177/902/163 2076/2178/903/163 2077/2179/904/163
f 2078/2180/905/163 2079/2181/906/163 2080/2182/907/163 2081/2183/908/163
f 2079/2181/906/163 2074/2176/901/163 2077/2179/904/163 2080/2182/907/163
f 2091/2198/917/164 2092/2199/918/164 2093/2200/918/164 2094/2201/917/164
f 2092/2199/918/164 2095/2202/919/164 2096/2203/919/164 2093/2200/918/164
f 2097/2204/917/164 2098/2205/917/164 2099/2206/920/164 2100/2207/920/164
f 2101/2208/921/165 2102/2209/922/165 2103/2210/922/165 2104/2211/921/165
f 2102/2209/922/165 2105/2212/923/165 2106/2213/923/165 2103/2210/922/165
f 2107/2214/921/165 2108/2215/921/165 2109/2216/924/165 2110/2217/924/165
f 2111/2218/925/166 2112/2219/926/166 2113/2220/927/166 2114/2221/927/166
f 2115/2222/928/166 2116/2223/925/166 2117/2224/927/166 2118/2225/927/166
f 2136/2238/936/167 2137/2239/937/167 2138/2240/938/167 2139/2241/939/167
f 2140/2242/940/167 2141/2243/941/167 2142/2244/942/167 2143/2245/943/167
f 2141/2243/941/167 2136/2238/936/167 2139/2241/939/167 2142/2244/942/167
f 2153/2260/952/168 2154/2261/953/168 2155/2262/953/168 2156/2263/952/168
f 2154/2261/953/168 2157/2264/954/168 2158/2265/954/168 2155/2262/953/168
f 2159/2266/952/168 2160/2267/952/168 2161/2268/955/168 2162/2269/955/168
f 2163/2270/956/169 2164/2271/957/169 2165/2272/958/169 2166/2273/958/169
f 2167/2274/959/169 2168/2275/956/169 2169/2276/958/169 2170/2277/958/169
f 2196/2298/969/172 2197/2299/970/172 2198/2300/971/172 2199/2301/972/172
f 2200/2302/973/172 2201/2303/974/172 2202/2304/975/172 2203/2305/976/172
f 2201/2303/974/172 2196/2298/969/172 2199/2301/972/172 2202/2304/975/172
f 2213/2320/985/173 2214/2321/986/173 2215/2322/986/173 2216/2323/985/173
f 2214/2321/986/173 2217/2324/987/173 2218/2325/987/173 2215/2322/986/173
f 2219/2326/985/173 2220/2327/985/173 2221/2328/988/173 2222/2329/988/173
f 2223/2330/989/174 2224/2331/990/174 2225/2332/991/174 2226/2333/991/174
f 2227/2334/992/174 2228/2335/989/174 2229/2336/991/174 2230/2337/991/174
f 2260/2362/1003/178 2261/2363/1004/178 2262/2364/1005/178 2263/2365/1006/178
f 2264/2366/1007/178 2265/2367/1008/178 2266/2368/1009/178 2267/2369/1010/178
f 2265/2367/1008/178 2260/2362/1003/178 2263/2365/1006/178 2266/2368/1009/178
f 2277/2384/1019/179 2278/2385/1020/179 2279/2386/1020/179 2280/2387/1019/179
f 2278/2385/1020/179 2281/2388/1021/179 2282/2389/1021/179 2279/2386/1020/179
f 2283/2390/1019/179 2284/2391/1019/179 2285/2392/1022/179 2286/2393/1022/179
f 2287/2394/1023/180 2288/2395/1024/180 2289/2396/1025/180 2290/2397/1025/180
f 2291/2398/1026/180 2292/2399/1023/180 2293/2400/1025/180 2294/2401/1025/180
f 2311/2418/1035/182 2312/2419/1036/182 2313/2420/1036/182 2314/2421/1035/182
f 2312/2419/1036/182 2315/2422/1037/182 2316/2423/1037/182 2313/2420/1036/182
f 2317/2424/1035/182 2318/2425/1035/182 2319/2426/1038/182 2320/2427/1038/182
f 2321/2428/1039/183 2322/2429/1040/183 2323/2430/1041/183 2324/2431/1041/183
f 2325/2432/1042/183 2326/2433/1039/183 2327/2434/1041/183 2328/2435/1041/183
f 2354/2456/1052/186 2355/2457/1053/186 2356/2458/1054/186 2357/2459/1055/186
f 2358/2460/1056/186 2359/2461/1057/186 2360/2462/1058/186 2361/2463/1059/186
f 2359/2461/1057/186 2354/2456/1052/186 2357/2459/1055/186 2360/2462/1058/186
f 2371/2478/1068/187 2372/2479/1069/187 2373/2480/1069/187 2374/2481/1068/187
f 2372/2479/1069/187 2375/2482/1070/187 2376/2483/1070/187 2373/2480/1069/187
f 2377/2484/1068/187 2378/2485/1068/187 2379/2486/1071/187 2380/2487/1071/187
f 2381/2488/1072/188 2382/2489/1073/188 2383/2490/1073/188 2384/2491/1072/188
f 2382/2489/1073/188 2385/2492/1074/188 2386/2493/1074/188 2383/2490/1073/188
f 2387/2494/1072/188 2388/2495/1072/188 2389/2496/1075/188 2390/2497/1075/188
f 2391/2498/1076/189 2392/2499/1077/189 2393/2500/1078/189 2394/2501/1078/189
f 2395/2502/1079/189 2396/2503/1076/189 2397/2504/1078/189 2398/2505/1078/189
f 2424/2526/1089/192 2425/2527/1090/192 2426/2528/1091/192 2427/2529/1092/192
f 2428/2530/1093/192 2429/2531/1094/192 2430/2532/1095/192 2431/2533/1096/192
f 2429/2531/1094/192 2424/2526/1089/192 2427/2529/1092/192 2430/2532/1095/192
f 2441/2548/1105/193 2442/2549/1106/193 2443/2550/1106/193 2444/2551/1105/193
f 2442/2549/1106/193 2445/2552/1107/193 2446/2553/1107/193 2443/2550/1106/193
f 2447/2554/1105/193 2448/2555/1105/193 2449/2556/1108/193 2450/2557/1108/193
f 2451/2558/1109/194 2452/2559/1110/194 2453/2560/1111/194 2454/2561/1111/194
f 2455/2562/1112/194 2456/2563/1109/194 2457/2564/1111/194 2458/2565/1111/194
f 2484/2586/1122/197 2485/2587/1123/197 2486/2588/1124/197 2487/2589/1125/197
f 2488/2590/1126/197 2489/2591/1127/197 2490/2592/1128/197 2491/2593/1129/197
f 2489/2591/1127/197 2484/2586/1122/197 2487/2589/1125/197 2490/2592/1128/197
f 2501/2608/1138/198 2502/2609/1139/198 2503/2610/1140/198 2504/2611/1140/198
f 2505/2612/1141/198 2506/2613/1138/198 2507/2614/1140/198 2508/2615/1140/198
f 2534/2636/1151/201 2535/2637/1152/201 2536/2638/1153/201 2537/2639/1154/201
f 2538/2640/1155/201 2539/2641/1156/201 2540/2642/1157/201 2541/2643/1158/201
f 2539/2641/1156/201 2534/2636/1151/201 2537/2639/1154/201 2540/2642/1157/201
f 2551/2658/1167/202 2552/2659/1168/202 2553/2660/1168/202 2554/2661/1167/202
f 2552/2659/1168/202 2555/2662/1169/202 2556/2663/1169/202 2553/2660/1168/202
f 2557/2664/1167/202 2558/2665/1167/202 2559/2666/1170/202 2560/2667/1170/202
f 2583/2690/1187/204 2584/2691/1188/204 2585/2692/1188/204 2586/2693/1187/204
f 2584/2691/1188/204 2587/2694/1189/204 2588/2695/1189/204 2585/2692/1188/204
f 2589/2696/1187/204 2590/2697/1187/204 2591/2698/1190/204 2592/2699/1190/204
f 2597/2704/1192/206 2598/2705/1193/206 2599/2706/1193/206 2600/2707/1192/206
f 2598/2705/1193/206 2601/2708/1194/206 2602/2709/1194/206 2599/2706/1193/206
f 2603/2710/1192/206 2604/2711/1192/206 2605/2712/1195/206 2606/2713/1195/206
f 2607/2714/1196/207 2608/2715/1197/207 2609/2716/1198/207 2610/2717/1198/207
f 2611/2718/1199/207 2612/2719/1196/207 2613/2720/1198/207 2614/2721/1198/207
f 2631/2738/1208/209 2632/2739/1209/209 2633/2740/1210/209 2634/2741/1210/209
f 2635/2742/1211/209 2636/2743/1208/209 2637/2744/1210/209 2638/2745/1210/209
f 2651/2758/1219/210 2652/2759/1220/210 2653/2760/1220/210 2654/2761/1219/210
f 2652/2759/1220/210 2655/2762/1221/210 2656/2763/1221/210 2653/2760/1220/210
f 2657/2764/1219/210 2658/2765/1219/210 2659/2766/1222/210 2660/2767/1222/210
f 2661/2768/1223/211 2662/2769/1224/211 2663/2770/1225/211 2664/2771/1225/211
f 2665/2772/1226/211 2666/2773/1223/211 2667/2774/1225/211 2668/2775/1225/211
f 2690/2792/1235/213 2691/2793/1236/213 2692/2794/1237/213 2693/2795/1238/213
f 2694/2796/1239/213 2695/2797/1240/213 2696/2798/1241/213 2697/2799/1242/213
f 2695/2797/1240/213 2690/2792/1235/213 2693/2795/1238/213 2696/2798/1241/213
f 2707/2814/1251/214 2708/2815/1252/214 2709/2816/1252/214 2710/2817/1251/214
f 2708/2815/1252/214 2711/2818/1253/214 2712/2819/1253/214 2709/2816/1252/214
f 2713/2820/1251/214 2714/2821/1251/214 2715/2822/1254/214 2716/2823/1254/214
f 2717/2824/1255/215 2718/2825/1256/215 2719/2826/1256/215 2720/2827/1255/215
f 2718/2825/1256/215 2721/2828/1257/215 2722/2829/1257/215 2719/2826/1256/215
f 2723/2830/1255/215 2724/2831/1255/215 2725/2832/1258/215 2726/2833/1258/215
f 2735/2842/1261/218 2736/2843/1262/218 2737/2844/1262/218 2738/2845/1261/218
f 2736/2843/1262/218 2739/2846/1263/218 2740/2847/1263/218 2737/2844/1262/218
f 2741/2848/1261/218 2742/2849/1261/218 2743/2850/1264/218 2744/2851/1264/218
f 2762/2864/1268/222 2763/2865/1269/222 2764/2866/1270/222 2765/2867/1271/222
f 2766/2868/1272/222 2767/2869/1273/222 2768/2870/1274/222 2769/2871/1275/222
f 2767/2869/1273/222 2762/2864/1268/222 2765/2867/1271/222 2768/2870/1274/222
f 2779/2886/1284/223 2780/2887/1285/223 2781/2888/1285/223 2782/2889/1284/223
f 2780/2887/1285/223 2783/2890/1286/223 2784/2891/1286/223 2781/2888/1285/223
f 2785/2892/1284/223 2786/2893/1284/223 2787/2894/1287/223 2788/2895/1287/223
f 2789/2896/1288/224 2790/2897/1289/224 2791/2898/1289/224 2792/2899/1288/224
f 2790/2897/1289/224 2793/2900/1290/224 2794/2901/1290/224 2791/2898/1289/224
f 2795/2902/1288/224 2796/2903/1288/224 2797/2904/1291/224 2798/2905/1291/224
f 2799/2906/1292/225 2800/2907/1293/225 2801/2908/1294/225 2802/2909/1294/225
f 2803/2910/1295/225 2804/2911/1292/225 2805/2912/1294/225 2806/2913/1294/225
f 2819/2926/1303/226 2820/2927/1304/226 2821/2928/1304/226 2822/2929/1303/226
f 2820/2927/1304/226 2823/2930/1305/226 2824/2931/1305/226 2821/2928/1304/226
f 2825/2932/1303/226 2826/2933/1303/226 2827/2934/1306/226 2828/2935/1306/226
f 948/1050/288/69 949/1051/289/69 950/1052/290/69
f 949/1051/289/69 951/1053/291/69 950/1052/290/69
f 950/1052/290/69 951/1053/291/69 952/1054/292/69
f 951/1053/291/69 953/1055/293/69 952/1054/292/69
f 954/1056/292/69 955/1057/294/69 956/1058/295/69
f 984/1086/309/72 985/1087/310/72 986/1088/311/72
f 985/1087/310/72 987/1089/312/72 986/1088/311/72
f 986/1088/311/72 987/1089/312/72 988/1090/313/72
f 987/1089/312/72 989/1091/314/72 988/1090/313/72
f 990/1092/313/72 991/1093/315/72 992/1094/316/72
f 1011/1118/325/74 1012/1119/326/74 1013/1120/321/74
f 1012/1119/326/74 1014/1121/327/74 1013/1120/321/74
f 1013/1120/321/74 1014/1121/327/74 1015/1122/328/74
f 1016/1123/329/74 1017/1124/327/74 1018/1125/321/74
f 1017/1124/327/74 1019/1126/330/74 1018/1125/321/74
f 1020/1127/331/74 1021/1128/321/74 1022/1129/328/74
f 1062/1164/348/80 1063/1165/349/80 1064/1166/350/80
f 1063/1165/349/80 1065/1167/351/80 1064/1166/350/80
f 1064/1166/350/80 1065/1167/351/80 1066/1168/352/80
f 1065/1167/351/80 1067/1169/353/80 1066/1168/352/80
f 1068/1170/352/80 1069/1171/354/80 1070/1172/355/80
f 1079/1186/360/81 1080/1187/361/81 1081/1188/356/81
f 1080/1187/361/81 1082/1189/362/81 1081/1188/356/81
f 1081/1188/356/81 1082/1189/362/81 1083/1190/363/81
f 1084/1191/364/81 1085/1192/362/81 1086/1193/356/81
f 1085/1192/362/81 1087/1194/365/81 1086/1193/356/81
f 1088/1195/366/81 1089/1196/356/81 1090/1197/363/81
f 1108/1210/376/83 1109/1211/377/83 1110/1212/378/83
f 1109/1211/377/83 1111/1213/379/83 1110/1212/378/83
f 1110/1212/378/83 1111/1213/379/83 1112/1214/380/83
f 1111/1213/379/83 1113/1215/381/83 1112/1214/380/83
f 1114/1216/380/83 1115/1217/382/83 1116/1218/383/83
f 1135/1242/392/85 1136/1243/393/85 1137/1244/388/85
f 1136/1243/393/85 1138/1245/394/85 1137/1244/388/85
f 1137/1244/388/85 1138/1245/394/85 1139/1246/395/85
f 1140/1247/396/85 1141/1248/394/85 1142/1249/388/85
f 1141/1248/394/85 1143/1250/397/85 1142/1249/388/85
f 1144/1251/398/85 1145/1252/388/85 1146/1253/395/85
f 1168/1270/409/88 1169/1271/410/88 1170/1272/411/88
f 1169/1271/410/88 1171/1273/412/88 1170/1272/411/88
f 1170/1272/411/88 1171/1273/412/88 1172/1274/413/88
f 1171/1273/412/88 1173/1275/414/88 1172/1274/413/88
f 1174/1276/413/88 1175/1277/415/88 1176/1278/416/88
f 1204/1306/430/91 1205/1307/431/91 1206/1308/432/91
f 1205/1307/431/91 1207/1309/433/91 1206/1308/432/91
f 1206/1308/432/91 1207/1309/433/91 1208/1310/434/91
f 1207/1309/433/91 1209/1311/435/91 1208/1310/434/91
f 1210/1312/434/91 1211/1313/436/91 1212/1314/437/91
f 1231/1338/446/93 1232/1339/447/93 1233/1340/442/93
f 1232/1339/447/93 1234/1341/448/93 1233/1340/442/93
f 1233/1340/442/93 1234/1341/448/93 1235/1342/449/93
f 1236/1343/450/93 1237/1344/448/93 1238/1345/442/93
f 1237/1344/448/93 1239/1346/451/93 1238/1345/442/93
f 1240/1347/452/93 1241/1348/442/93 1242/1349/449/93
f 1260/1362/462/95 1261/1363/463/95 1262/1364/464/95
f 1261/1363/463/95 1263/1365/465/95 1262/1364/464/95
f 1262/1364/464/95 1263/1365/465/95 1264/1366/466/95
f 1263/1365/465/95 1265/1367/467/95 1264/1366/466/95
f 1266/1368/466/95 1267/1369/468/95 1268/1370/469/95
f 1287/1394/478/97 1288/1395/479/97 1289/1396/474/97
f 1288/1395/479/97 1290/1397/480/97 1289/1396/474/97
f 1289/1396/474/97 1290/1397/480/97 1291/1398/481/97
f 1292/1399/482/97 1293/1400/480/97 1294/1401/474/97
f 1293/1400/480/97 1295/1402/483/97 1294/1401/474/97
f 1296/1403/484/97 1297/1404/474/97 1298/1405/481/97
f 1352/1454/515/102 1353/1455/516/102 1354/1456/517/102
f 1353/1455/516/102 1355/1457/518/102 1354/1456/517/102
f 1354/1456/517/102 1355/1457/518/102 1356/1458/519/102
f 1355/1457/518/102 1357/1459/520/102 1356/1458/519/102
f 1358/1460/519/102 1359/1461/521/102 1360/1462/522/102
f 1369/1476/527/103 1370/1477/528/103 1371/1478/523/103
f 1370/1477/528/103 1372/1479/529/103 1371/1478/523/103
f 1371/1478/523/103 1372/1479/529/103 1373/1480/530/103
f 1374/1481/531/103 1375/1482/529/103 1376/1483/523/103
f 1375/1482/529/103 1377/1484/532/103 1376/1483/523/103
f 1378/1485/533/103 1379/1486/523/103 1380/1487/530/103
f 1419/1526/547/110 1420/1527/548/110 1421/1528/543/110
f 1420/1527/548/110 1422/1529/549/110 1421/1528/543/110
f 1421/1528/543/110 1422/1529/549/110 1423/1530/550/110
f 1424/1531/551/110 1425/1532/549/110 1426/1533/543/110
f 1425/1532/549/110 1427/1534/552/110 1426/1533/543/110
f 1428/1535/553/110 1429/1536/543/110 1430/1537/550/110
f 1449/1556/562/112 1450/1557/563/112 1451/1558/558/112
f 1450/1557/563/112 1452/1559/564/112 1451/1558/558/112
f 1451/1558/558/112 1452/1559/564/112 1453/1560/565/112
f 1454/1561/566/112 1455/1562/564/112 1456/1563/558/112
f 1455/1562/564/112 1457/1564/567/112 1456/1563/558/112
f 1458/1565/568/112 1459/1566/558/112 1460/1567/565/112
f 1482/1584/579/115 1483/1585/580/115 1484/1586/581/115
f 1483/1585/580/115 1485/1587/582/115 1484/1586/581/115
f 1484/1586/581/115 1485/1587/582/115 1486/1588/583/115
f 1485/1587/582/115 1487/1589/584/115 1486/1588/583/115
f 1488/1590/583/115 1489/1591/585/115 1490/1592/586/115
f 1509/1616/595/117 1510/1617/596/117 1511/1618/591/117
f 1510/1617/596/117 1512/1619/597/117 1511/1618/591/117
f 1511/1618/591/117 1512/1619/597/117 1513/1620/598/117
f 1514/1621/599/117 1515/1622/597/117 1516/1623/591/117
f 1515/1622/597/117 1517/1624/600/117 1516/1623/591/117
f 1518/1625/601/117 1519/1626/591/117 1520/1627/598/117
f 1534/1636/610/118 1535/1637/611/118 1536/1638/612/118
f 1535/1637/611/118 1537/1639/613/118 1536/1638/612/118
f 1536/1638/612/118 1537/1639/613/118 1538/1640/614/118
f 1537/1639/613/118 1539/1641/615/118 1538/1640/614/118
f 1540/1642/614/118 1541/1643/616/118 1542/1644/617/118
f 1580/1682/635/122 1581/1683/636/122 1582/1684/637/122
f 1581/1683/636/122 1583/1685/638/122 1582/1684/637/122
f 1582/1684/637/122 1583/1685/638/122 1584/1686/639/122
f 1583/1685/638/122 1585/1687/640/122 1584/1686/639/122
f 1586/1688/639/122 1587/1689/641/122 1588/1690/642/122
f 1597/1704/647/123 1598/1705/648/123 1599/1706/643/123
f 1598/1705/648/123 1600/1707/649/123 1599/1706/643/123
f 1599/1706/643/123 1600/1707/649/123 1601/1708/650/123
f 1602/1709/651/123 1603/1710/649/123 1604/1711/643/123
f 1603/1710/649/123 1605/1712/652/123 1604/1711/643/123
f 1606/1713/653/123 1607/1714/643/123 1608/1715/650/123
f 1630/1732/664/126 1631/1733/665/126 1632/1734/666/126
f 1631/1733/665/126 1633/1735/667/126 1632/1734/666/126
f 1632/1734/666/126 1633/1735/667/126 1634/1736/668/126
f 1633/1735/667/126 1635/1737/669/126 1634/1736/668/126
f 1636/1738/668/126 1637/1739/670/126 1638/1740/671/126
f 1702/1804/706/132 1703/1805/707/132 1704/1806/708/132
f 1703/1805/707/132 1705/1807/709/132 1704/1806/708/132
f 1704/1806/708/132 1705/1807/709/132 1706/1808/710/132
f 1705/1807/709/132 1707/1809/711/132 1706/1808/710/132
f 1708/1810/710/132 1709/1811/712/132 1710/1812/713/132
f 1729/1836/722/134 1730/1837/723/134 1731/1838/718/134
f 1730/1837/723/134 1732/1839/724/134 1731/1838/718/134
f 1731/1838/718/134 1732/1839/724/134 1733/1840/725/134
f 1734/1841/726/134 1735/1842/724/134 1736/1843/718/134
f 1735/1842/724/134 1737/1844/727/134 1736/1843/718/134
f 1738/1845/728/134 1739/1846/718/134 1740/1847/725/134
f 1757/1864/735/137 1758/1865/736/137 1759/1866/731/137
f 1758/1865/736/137 1760/1867/737/137 1759/1866/731/137
f 1759/1866/731/137 1760/1867/737/137 1761/1868/738/137
f 1762/1869/739/137 1763/1870/737/137 1764/1871/731/137
f 1763/1870/737/137 1765/1872/740/137 1764/1871/731/137
f 1766/1873/741/137 1767/1874/731/137 1768/1875/738/137
f 1787/1894/750/139 1788/1895/751/139 1789/1896/746/139
f 1788/1895/751/139 1790/1897/752/139 1789/1896/746/139
f 1789/1896/746/139 1790/1897/752/139 1791/1898/753/139
f 1792/1899/754/139 1793/1900/752/139 1794/1901/746/139
f 1793/1900/752/139 1795/1902/755/139 1794/1901/746/139
f 1796/1903/756/139 1797/1904/746/139 1798/1905/753/139
f 1830/1932/771/143 1831/1933/772/143 1832/1934/773/143
f 1831/1933/772/143 1833/1935/774/143 1832/1934/773/143
f 1832/1934/773/143 1833/1935/774/143 1834/1936/775/143
f 1833/1935/774/143 1835/1937/776/143 1834/1936/775/143
f 1836/1938/775/143 1837/1939/777/143 1838/1940/778/143
f 1857/1964/787/145 1858/1965/788/145 1859/1966/783/145
f 1858/1965/788/145 1860/1967/789/145 1859/1966/783/145
f 1859/1966/783/145 1860/1967/789/145 1861/1968/790/145
f 1862/1969/791/145 1863/1970/789/145 1864/1971/783/145
f 1863/1970/789/145 1865/1972/792/145 1864/1971/783/145
f 1866/1973/793/145 1867/1974/783/145 1868/1975/790/145
f 1886/1988/803/147 1887/1989/804/147 1888/1990/805/147
f 1887/1989/804/147 1889/1991/806/147 1888/1990/805/147
f 1888/1990/805/147 1889/1991/806/147 1890/1992/807/147
f 1889/1991/806/147 1891/1993/808/147 1890/1992/807/147
f 1892/1994/807/147 1893/1995/809/147 1894/1996/810/147
f 1913/2020/819/149 1914/2021/820/149 1915/2022/815/149
f 1914/2021/820/149 1916/2023/821/149 1915/2022/815/149
f 1915/2022/815/149 1916/2023/821/149 1917/2024/822/149
f 1918/2025/823/149 1919/2026/821/149 1920/2027/815/149
f 1919/2026/821/149 1921/2028/824/149 1920/2027/815/149
f 1922/2029/825/149 1923/2030/815/149 1924/2031/822/149
f 1952/2054/839/152 1953/2055/840/152 1954/2056/841/152
f 1953/2055/840/152 1955/2057/842/152 1954/2056/841/152
f 1954/2056/841/152 1955/2057/842/152 1956/2058/843/152
f 1955/2057/842/152 1957/2059/844/152 1956/2058/843/152
f 1958/2060/843/152 1959/2061/845/152 1960/2062/846/152
f 1974/2076/855/153 1975/2077/856/153 1976/2078/857/153
f 1975/2077/856/153 1977/2079/858/153 1976/2078/857/153
f 1976/2078/857/153 1977/2079/858/153 1978/2080/859/153
f 1977/2079/858/153 1979/2081/860/153 1978/2080/859/153
f 1980/2082/859/153 1981/2083/861/153 1982/2084/862/153
f 2001/2108/871/155 2002/2109/872/155 2003/2110/867/155
f 2002/2109/872/155 2004/2111/873/155 2003/2110/867/155
f 2003/2110/867/155 2004/2111/873/155 2005/2112/874/155
f 2006/2113/875/155 2007/2114/873/155 2008/2115/867/155
f 2007/2114/873/155 2009/2116/876/155 2008/2115/867/155
f 2010/2117/877/155 2011/2118/867/155 2012/2119/874/155
f 2045/2152/891/159 2046/2153/892/159 2047/2154/887/159
f 2046/2153/892/159 2048/2155/893/159 2047/2154/887/159
f 2047/2154/887/159 2048/2155/893/159 2049/2156/894/159
f 2050/2157/895/159 2051/2158/893/159 2052/2159/887/159
f 2051/2158/893/159 2053/2160/896/159 2052/2159/887/159
f 2054/2161/897/159 2055/2162/887/159 2056/2163/894/159
f 2082/2184/909/163 2083/2185/910/163 2084/2186/911/163
f 2083/2185/910/163 2085/2187/912/163 2084/2186/911/163
f 2084/2186/911/163 2085/2187/912/163 2086/2188/913/163
f 2085/2187/912/163 2087/2189/914/163 2086/2188/913/163
f 2088/2190/913/163 2089/2191/915/163 2090/2192/916/163
f 2119/2226/929/166 2120/2227/930/166 2121/2228/925/166
f 2120/2227/930/166 2122/2229/931/166 2121/2228/925/166
f 2121/2228/925/166 2122/2229/931/166 2123/2230/932/166
f 2124/2231/933/166 2125/2232/931/166 2126/2233/925/166
f 2125/2232/931/166 2127/2234/934/166 2126/2233/925/166
f 2128/2235/935/166 2129/2236/925/166 2130/2237/932/166
f 2144/2246/944/167 2145/2247/945/167 2146/2248/946/167
f 2145/2247/945/167 2147/2249/947/167 2146/2248/946/167
f 2146/2248/946/167 2147/2249/947/167 2148/2250/948/167
f 2147/2249/947/167 2149/2251/949/167 2148/2250/948/167
f 2150/2252/948/167 2151/2253/950/167 2152/2254/951/167
f 2171/2278/960/169 2172/2279/961/169 2173/2280/956/169
f 2172/2279/961/169 2174/2281/962/169 2173/2280/956/169
f 2173/2280/956/169 2174/2281/962/169 2175/2282/963/169
f 2176/2283/964/169 2177/2284/962/169 2178/2285/956/169
f 2177/2284/962/169 2179/2286/965/169 2178/2285/956/169
f 2180/2287/966/169 2181/2288/956/169 2182/2289/963/169
f 2204/2306/977/172 2205/2307/978/172 2206/2308/979/172
f 2205/2307/978/172 2207/2309/980/172 2206/2308/979/172
f 2206/2308/979/172 2207/2309/980/172 2208/2310/981/172
f 2207/2309/980/172 2209/2311/982/172 2208/2310/981/172
f 2210/2312/981/172 2211/2313/983/172 2212/2314/984/172
f 2231/2338/993/174 2232/2339/994/174 2233/2340/989/174
f 2232/2339/994/174 2234/2341/995/174 2233/2340/989/174
f 2233/2340/989/174 2234/2341/995/174 2235/2342/996/174
f 2236/2343/997/174 2237/2344/995/174 2238/2345/989/174
f 2237/2344/995/174 2239/2346/998/174 2238/2345/989/174
f 2240/2347/999/174 2241/2348/989/174 2242/2349/996/174
f 2268/2370/1011/178 2269/2371/1012/178 2270/2372/1013/178
f 2269/2371/1012/178 2271/2373/1014/178 2270/2372/1013/178
f 2270/2372/1013/178 2271/2373/1014/178 2272/2374/1015/178
f 2271/2373/1014/178 2273/2375/1016/178 2272/2374/1015/178
f 2274/2376/1015/178 2275/2377/1017/178 2276/2378/1018/178
f 2295/2402/1027/180 2296/2403/1028/180 2297/2404/1023/180
f 2296/2403/1028/180 2298/2405/1029/180 2297/2404/1023/180
f 2297/2404/1023/180 2298/2405/1029/180 2299/2406/1030/180
f 2300/2407/1031/180 2301/2408/1029/180 2302/2409/1023/180
f 2301/2408/1029/180 2303/2410/1032/180 2302/2409/1023/180
f 2304/2411/1033/180 2305/2412/1023/180 2306/2413/1030/180
f 2329/2436/1043/183 2330/2437/1044/183 2331/2438/1039/183
f 2330/2437/1044/183 2332/2439/1045/183 2331/2438/1039/183
f 2331/2438/1039/183 2332/2439/1045/183 2333/2440/1046/183
f 2334/2441/1047/183 2335/2442/1045/183 2336/2443/1039/183
f 2335/2442/1045/183 2337/2444/1048/183 2336/2443/1039/183
f 2338/2445/1049/183 2339/2446/1039/183 2340/2447/1046/183
f 2362/2464/1060/186 2363/2465/1061/186 2364/2466/1062/186
f 2363/2465/1061/186 2365/2467/1063/186 2364/2466/1062/186
f 2364/2466/1062/186 2365/2467/1063/186 2366/2468/1064/186
f 2365/2467/1063/186 2367/2469/1065/186 2366/2468/1064/186
f 2368/2470/1064/186 2369/2471/1066/186 2370/2472/1067/186
f 2399/2506/1080/189 2400/2507/1081/189 2401/2508/1076/189
f 2400/2507/1081/189 2402/2509/1082/189 2401/2508/1076/189
f 2401/2508/1076/189 2402/2509/1082/189 2403/2510/1083/189
f 2404/2511/1084/189 2405/2512/1082/189 2406/2513/1076/189
f 2405/2512/1082/189 2407/2514/1085/189 2406/2513/1076/189
f 2408/2515/1086/189 2409/2516/1076/189 2410/2517/1083/189
f 2432/2534/1097/192 2433/2535/1098/192 2434/2536/1099/192
f 2433/2535/1098/192 2435/2537/1100/192 2434/2536/1099/192
f 2434/2536/1099/192 2435/2537/1100/192 2436/2538/1101/192
f 2435/2537/1100/192 2437/2539/1102/192 2436/2538/1101/192
f 2438/2540/1101/192 2439/2541/1103/192 2440/2542/1104/192
f 2459/2566/1113/194 2460/2567/1114/194 2461/2568/1109/194
f 2460/2567/1114/194 2462/2569/1115/194 2461/2568/1109/194
f 2461/2568/1109/194 2462/2569/1115/194 2463/2570/1116/194
f 2464/2571/1117/194 2465/2572/1115/194 2466/2573/1109/194
f 2465/2572/1115/194 2467/2574/1118/194 2466/2573/1109/194
f 2468/2575/1119/194 2469/2576/1109/194 2470/2577/1116/194
f 2492/2594/1130/197 2493/2595/1131/197 2494/2596/1132/197
f 2493/2595/1131/197 2495/2597/1133/197 2494/2596/1132/197
f 2494/2596/1132/197 2495/2597/1133/197 2496/2598/1134/197
f 2495/2597/1133/197 2497/2599/1135/197 2496/2598/1134/197
f 2498/2600/1134/197 2499/2601/1136/197 2500/2602/1137/197
f 2509/2616/1142/198 2510/2617/1143/198 2511/2618/1138/198
f 2510/2617/1143/198 2512/2619/1144/198 2511/2618/1138/198
f 2511/2618/1138/198 2512/2619/1144/198 2513/2620/1145/198
f 2514/2621/1146/198 2515/2622/1144/198 2516/2623/1138/198
f 2515/2622/1144/198 2517/2624/1147/198 2516/2623/1138/198
f 2518/2625/1148/198 2519/2626/1138/198 2520/2627/1145/198
f 2542/2644/1159/201 2543/2645/1160/201 2544/2646/1161/201
f 2543/2645/1160/201 2545/2647/1162/201 2544/2646/1161/201
f 2544/2646/1161/201 2545/2647/1162/201 2546/2648/1163/201
f 2545/2647/1162/201 2547/2649/1164/201 2546/2648/1163/201
f 2548/2650/1163/201 2549/2651/1165/201 2550/2652/1166/201
f 2615/2722/1200/207 2616/2723/1201/207 2617/2724/1196/207
f 2616/2723/1201/207 2618/2725/1202/207 2617/2724/1196/207
f 2617/2724/1196/207 2618/2725/1202/207 2619/2726/1203/207
f 2620/2727/1204/207 2621/2728/1202/207 2622/2729/1196/207
f 2621/2728/1202/207 2623/2730/1205/207 2622/2729/1196/207
f 2624/2731/1206/207 2625/2732/1196/207 2626/2733/1203/207
f 2639/2746/1212/209 2640/2747/1213/209 2641/2748/1208/209
f 2640/2747/1213/209 2642/2749/1214/209 2641/2748/1208/209
f 2641/2748/1208/209 2642/2749/1214/209 2643/2750/1215/209
f 2644/2751/1216/209 2645/2752/1214/209 2646/2753/1208/209
f 2645/2752/1214/209 2647/2754/1217/209 2646/2753/1208/209
f 2648/2755/1218/209 2649/2756/1208/209 2650/2757/1215/209
f 2669/2776/1227/211 2670/2777/1228/211 2671/2778/1223/211
f 2670/2777/1228/211 2672/2779/1229/211 2671/2778/1223/211
f 2671/2778/1223/211 2672/2779/1229/211 2673/2780/1230/211
f 2674/2781/1231/211 2675/2782/1229/211 2676/2783/1223/211
f 2675/2782/1229/211 2677/2784/1232/211 2676/2783/1223/211
f 2678/2785/1233/211 2679/2786/1223/211 2680/2787/1230/211
f 2698/2800/1243/213 2699/2801/1244/213 2700/2802/1245/213
f 2699/2801/1244/213 2701/2803/1246/213 2700/2802/1245/213
f 2700/2802/1245/213 2701/2803/1246/213 2702/2804/1247/213
f 2701/2803/1246/213 2703/2805/1248/213 2702/2804/1247/213
f 2704/2806/1247/213 2705/2807/1249/213 2706/2808/1250/213
f 2770/2872/1276/222 2771/2873/1277/222 2772/2874/1278/222
f 2771/2873/1277/222 2773/2875/1279/222 2772/2874/1278/222
f 2772/2874/1278/222 2773/2875/1279/222 2774/2876/1280/222
f 2773/2875/1279/222 2775/2877/1281/222 2774/2876/1280/222
f 2776/2878/1280/222 2777/2879/1282/222 2778/2880/1283/222
f 2807/2914/1296/225 2808/2915/1297/225 2809/2916/1292/225
f 2808/2915/1297/225 2810/2917/1298/225 2809/2916/1292/225
f 2809/2916/1292/225 2810/2917/1298/225 2811/2918/1299/225
f 2812/2919/1300/225 2813/2920/1298/225 2814/2921/1292/225
f 2813/2920/1298/225 2815/2922/1301/225 2814/2921/1292/225
f 2816/2923/1302/225 2817/2924/1292/225 2818/2925/1299/225
usemtl cliff01
s off
f 617/705/215/41 618/706/216/41 619/707/217/41 620/708/215/41
f 621/709/218/41 618/706/219/41 622/710/220/41 623/711/218/41
f 624/712/221/41 625/713/221/41 626/714/221/41 627/715/221/41
f 628/716/222/41 629/717/223/41 617/705/223/41 630/718/224/41
f 618/706/216/41 621/709/225/41 631/719/225/41 619/707/217/41
f 626/714/226/41 628/716/222/41 630/718/224/41 627/715/226/41
f 618/706/219/41 617/705/227/41 629/717/227/41 622/710/220/41
f 630/718/228/41 617/705/215/41 620/708/215/41 632/720/228/41
f 633/721/229/41 621/709/230/41 634/722/231/41 635/723/229/41
f 634/722/231/41 621/709/230/41 623/711/232/41
f 636/724/233/41 637/725/234/41 633/721/235/41
f 637/725/234/41 631/719/236/41 633/721/235/41
f 631/719/237/41 637/725/238/41 619/707/239/41
f 637/725/238/41 620/708/240/41 619/707/239/41
f 635/723/241/41 624/712/242/41 636/724/243/41
f 624/712/242/41 627/715/244/41 636/724/243/41
f 627/726/245/41 630/727/245/41 636/724/245/41
f 635/723/246/41 636/724/246/41 633/721/246/41
f 636/728/247/41 632/729/247/41 637/730/247/41
f 632/720/248/41 620/708/248/41 637/725/248/41
f 636/724/249/41 630/731/249/41 632/732/249/41
f 621/709/250/41 633/721/250/41 631/719/250/41
f 635/723/251/41 625/713/251/41 624/712/251/41
usemtl beach01
s off
f 2745/2852/1265/219 2746/2854/1265/219 2747/2855/1265/219 2748/2853/1265/219
f 2749/2856/1266/220 2750/2858/1266/220 2751/2859/1266/220 2752/2857/1266/220
f 2753/2860/1267/221 2754/2862/1267/221 2755/2861/1267/221 2756/2863/1267/221
f 2829/2938/1307/227 2830/2936/1307/227 2831/2937/1307/227 2832/2939/1307/227
f 2833/2940/1308/228 2834/2942/1308/228 2835/2941/1308/228 2836/2943/1308/228
f 2837/2946/1309/229 2838/2944/1309/229 2839/2947/1309/229 2840/2945/1309/229
f 2841/2948/1310/230 2842/2950/1310/230 2843/2951/1310/230 2844/2949/1310/230
f 935/1059/294/69 936/1060/294/69 937/1061/294/69
f 936/1060/294/69 938/1062/294/69 937/1061/294/69
f 939/1063/294/69 938/1062/294/69 936/1060/294/69
f 971/1095/315/72 972/1096/315/72 973/1097/315/72
f 972/1096/315/72 974/1098/315/72 973/1097/315/72
f 975/1099/315/72 974/1098/315/72 972/1096/315/72
f 1049/1173/354/80 1050/1174/354/80 1051/1175/354/80
f 1050/1174/354/80 1052/1176/354/80 1051/1175/354/80
f 1053/1177/354/80 1052/1176/354/80 1050/1174/354/80
f 1095/1219/382/83 1096/1220/382/83 1097/1221/382/83
f 1096/1220/382/83 1098/1222/382/83 1097/1221/382/83
f 1099/1223/382/83 1098/1222/382/83 1096/1220/382/83
f 1155/1279/415/88 1156/1280/415/88 1157/1281/415/88
f 1156/1280/415/88 1158/1282/415/88 1157/1281/415/88
f 1159/1283/415/88 1158/1282/415/88 1156/1280/415/88
f 1191/1315/436/91 1192/1316/436/91 1193/1317/436/91
f 1192/1316/436/91 1194/1318/436/91 1193/1317/436/91
f 1195/1319/436/91 1194/1318/436/91 1192/1316/436/91
f 1247/1371/468/95 1248/1372/468/95 1249/1373/468/95
f 1248/1372/468/95 1250/1374/468/95 1249/1373/468/95
f 1251/1375/468/95 1250/1374/468/95 1248/1372/468/95
f 1313/1437/504/100 1314/1438/504/100 1315/1439/504/100
f 1314/1438/504/100 1316/1440/504/100 1315/1439/504/100
f 1317/1441/504/100 1316/1440/504/100 1314/1438/504/100
f 1339/1463/521/102 1340/1464/521/102 1341/1465/521/102
f 1340/1464/521/102 1342/1466/521/102 1341/1465/521/102
f 1343/1467/521/102 1342/1466/521/102 1340/1464/521/102
f 1469/1593/585/115 1470/1594/585/115 1471/1595/585/115
f 1470/1594/585/115 1472/1596/585/115 1471/1595/585/115
f 1473/1597/585/115 1472/1596/585/115 1470/1594/585/115
f 1521/1645/616/118 1522/1646/616/118 1523/1647/616/118
f 1522/1646/616/118 1524/1648/616/118 1523/1647/616/118
f 1525/1649/616/118 1524/1648/616/118 1522/1646/616/118
f 1567/1691/641/122 1568/1692/641/122 1569/1693/641/122
f 1568/1692/641/122 1570/1694/641/122 1569/1693/641/122
f 1571/1695/641/122 1570/1694/641/122 1568/1692/641/122
f 1617/1741/670/126 1618/1742/670/126 1619/1743/670/126
f 1618/1742/670/126 1620/1744/670/126 1619/1743/670/126
f 1621/1745/670/126 1620/1744/670/126 1618/1742/670/126
f 1649/1773/690/128 1650/1774/690/128 1651/1775/690/128
f 1650/1774/690/128 1652/1776/690/128 1651/1775/690/128
f 1653/1777/690/128 1652/1776/690/128 1650/1774/690/128
f 1689/1813/712/132 1690/1814/712/132 1691/1815/712/132
f 1690/1814/712/132 1692/1816/712/132 1691/1815/712/132
f 1693/1817/712/132 1692/1816/712/132 1690/1814/712/132
f 1817/1941/777/143 1818/1942/777/143 1819/1943/777/143
f 1818/1942/777/143 1820/1944/777/143 1819/1943/777/143
f 1821/1945/777/143 1820/1944/777/143 1818/1942/777/143
f 1873/1997/809/147 1874/1998/809/147 1875/1999/809/147
f 1874/1998/809/147 1876/2000/809/147 1875/1999/809/147
f 1877/2001/809/147 1876/2000/809/147 1874/1998/809/147
f 1939/2063/845/152 1940/2064/845/152 1941/2065/845/152
f 1940/2064/845/152 1942/2066/845/152 1941/2065/845/152
f 1943/2067/845/152 1942/2066/845/152 1940/2064/845/152
f 1961/2085/861/153 1962/2086/861/153 1963/2087/861/153
f 1962/2086/861/153 1964/2088/861/153 1963/2087/861/153
f 1965/2089/861/153 1964/2088/861/153 1962/2086/861/153
f 2069/2193/915/163 2070/2194/915/163 2071/2195/915/163
f 2070/2194/915/163 2072/2196/915/163 2071/2195/915/163
f 2073/2197/915/163 2072/2196/915/163 2070/2194/915/163
f 2131/2255/950/167 2132/2256/950/167 2133/2257/950/167
f 2132/2256/950/167 2134/2258/950/167 2133/2257/950/167
f 2135/2259/950/167 2134/2258/950/167 2132/2256/950/167
f 2191/2315/983/172 2192/2316/983/172 2193/2317/983/172
f 2192/2316/983/172 2194/2318/983/172 2193/2317/983/172
f 2195/2319/983/172 2194/2318/983/172 2192/2316/983/172
f 2255/2379/1017/178 2256/2380/1017/178 2257/2381/1017/178
f 2256/2380/1017/178 2258/2382/1017/178 2257/2381/1017/178
f 2259/2383/1017/178 2258/2382/1017/178 2256/2380/1017/178
f 2349/2473/1066/186 2350/2474/1066/186 2351/2475/1066/186
f 2350/2474/1066/186 2352/2476/1066/186 2351/2475/1066/186
f 2353/2477/1066/186 2352/2476/1066/186 2350/2474/1066/186
f 2419/2543/1103/192 2420/2544/1103/192 2421/2545/1103/192
f 2420/2544/1103/192 2422/2546/1103/192 2421/2545/1103/192
f 2423/2547/1103/192 2422/2546/1103/192 2420/2544/1103/192
f 2479/2603/1136/197 2480/2604/1136/197 2481/2605/1136/197
f 2480/2604/1136/197 2482/2606/1136/197 2481/2605/1136/197
f 2483/2607/1136/197 2482/2606/1136/197 2480/2604/1136/197
f 2529/2653/1165/201 2530/2654/1165/201 2531/2655/1165/201
f 2530/2654/1165/201 2532/2656/1165/201 2531/2655/1165/201
f 2533/2657/1165/201 2532/2656/1165/201 2530/2654/1165/201
f 2561/2685/1185/203 2562/2686/1185/203 2563/2687/1185/203
f 2562/2686/1185/203 2564/2688/1185/203 2563/2687/1185/203
f 2565/2689/1185/203 2564/2688/1185/203 2562/2686/1185/203
f 2685/2809/1249/213 2686/2810/1249/213 2687/2811/1249/213
f 2686/2810/1249/213 2688/2812/1249/213 2687/2811/1249/213
f 2689/2813/1249/213 2688/2812/1249/213 2686/2810/1249/213
f 2757/2881/1282/222 2758/2882/1282/222 2759/2883/1282/222
f 2758/2882/1282/222 2760/2884/1282/222 2759/2883/1282/222
f 2761/2885/1282/222 2760/2884/1282/222 2758/2882/1282/222
usemtl wallkn_g
s off
f 1318/1420/490/100 1319/1421/491/100 1320/1422/492/100 1321/1423/493/100
f 1322/1424/494/100 1323/1425/495/100 1324/1426/496/100 1325/1427/497/100
f 1323/1425/495/100 1318/1420/490/100 1321/1423/493/100 1324/1426/496/100
f 1654/1756/676/128 1655/1757/677/128 1656/1758/678/128 1657/1759/679/128
f 1658/1760/680/128 1659/1761/681/128 1660/1762/682/128 1661/1763/683/128
f 1659/1761/681/128 1654/1756/676/128 1657/1759/679/128 1660/1762/682/128
f 2566/2668/1171/203 2567/2669/1172/203 2568/2670/1173/203 2569/2671/1174/203
f 2570/2672/1175/203 2571/2673/1176/203 2572/2674/1177/203 2573/2675/1178/203
f 2571/2673/1176/203 2566/2668/1171/203 2569/2671/1174/203 2572/2674/1177/203
f 1326/1428/498/100 1327/1429/499/100 1328/1430/500/100
f 1327/1429/499/100 1329/1431/501/100 1328/1430/500/100
f 1328/1430/500/100 1329/1431/501/100 1330/1432/502/100
f 1329/1431/501/100 1331/1433/503/100 1330/1432/502/100
f 1332/1434/502/100 1333/1435/504/100 1334/1436/505/100
f 1662/1764/684/128 1663/1765/685/128 1664/1766/686/128
f 1663/1765/685/128 1665/1767/687/128 1664/1766/686/128
f 1664/1766/686/128 1665/1767/687/128 1666/1768/688/128
f 1665/1767/687/128 1667/1769/689/128 1666/1768/688/128
f 1668/1770/688/128 1669/1771/690/128 1670/1772/691/128
f 2574/2676/1179/203 2575/2677/1180/203 2576/2678/1181/203
f 2575/2677/1180/203 2577/2679/1182/203 2576/2678/1181/203
f 2576/2678/1181/203 2577/2679/1182/203 2578/2680/1183/203
f 2577/2679/1182/203 2579/2681/1184/203 2578/2680/1183/203
f 2580/2682/1183/203 2581/2683/1185/203 2582/2684/1186/203
usemtl d0gake_001b
s off
f 157/169/36/10 158/170/37/10 159/171/38/10 160/172/36/10
f 161/173/39/10 158/170/40/10 162/174/41/10 163/175/39/10
f 164/176/42/10 165/177/42/10 166/178/42/10 167/179/42/10
f 168/180/43/10 169/181/44/10 157/169/44/10 170/182/45/10
f 158/170/37/10 161/173/46/10 171/183/46/10 159/171/38/10
f 166/178/47/10 168/180/43/10 170/182/45/10 167/179/47/10
f 158/170/40/10 157/169/48/10 169/181/48/10 162/174/41/10
f 170/182/49/10 157/169/36/10 160/172/36/10 172/184/49/10
f 173/185/50/10 161/173/51/10 174/186/52/10 175/187/50/10
f 191/222/74/11 192/223/75/11 193/224/76/11 194/225/74/11
f 195/226/77/11 192/223/78/11 196/227/79/11 197/228/77/11
f 198/229/80/11 199/230/80/11 200/231/80/11 201/232/80/11
f 202/233/81/11 203/234/82/11 191/222/82/11 204/235/83/11
f 192/223/75/11 195/226/84/11 205/236/84/11 193/224/76/11
f 200/231/85/11 202/233/81/11 204/235/83/11 201/232/85/11
f 192/223/78/11 191/222/86/11 203/234/86/11 196/227/79/11
f 204/235/87/11 191/222/74/11 194/225/74/11 206/237/87/11
f 207/238/88/11 195/226/89/11 208/239/90/11 209/240/88/11
f 225/275/112/12 226/276/113/12 227/277/114/12 228/278/112/12
f 229/279/115/12 226/276/116/12 230/280/117/12 231/281/115/12
f 232/282/118/12 233/283/118/12 234/284/118/12 235/285/118/12
f 236/286/119/12 237/287/120/12 225/275/120/12 238/288/121/12
f 226/276/113/12 229/279/122/12 239/289/122/12 227/277/114/12
f 234/284/123/12 236/286/119/12 238/288/121/12 235/285/123/12
f 226/276/116/12 225/275/124/12 237/287/124/12 230/280/117/12
f 238/288/125/12 225/275/112/12 228/278/112/12 240/290/125/12
f 241/291/126/12 229/279/127/12 242/292/128/12 243/293/126/12
f 174/186/52/10 161/173/51/10 163/175/53/10
f 176/188/54/10 177/189/55/10 173/185/56/10
f 177/189/55/10 171/183/57/10 173/185/56/10
f 171/183/58/10 177/189/59/10 159/171/60/10
f 177/189/59/10 160/172/61/10 159/171/60/10
f 175/187/62/10 164/176/63/10 176/188/64/10
f 164/176/63/10 167/179/65/10 176/188/64/10
f 167/190/66/10 170/191/66/10 176/188/66/10
f 175/187/67/10 176/188/67/10 173/185/67/10
f 176/192/68/10 172/193/68/10 177/194/68/10
f 172/184/69/10 160/172/69/10 177/189/69/10
f 176/188/70/10 170/195/70/10 172/196/70/10
f 161/173/71/10 173/185/71/10 171/183/71/10
f 175/187/72/10 165/177/72/10 164/176/72/10
f 208/239/90/11 195/226/89/11 197/228/91/11
f 210/241/92/11 211/242/93/11 207/238/94/11
f 211/242/93/11 205/236/95/11 207/238/94/11
f 205/236/96/11 211/242/97/11 193/224/98/11
f 211/242/97/11 194/225/99/11 193/224/98/11
f 209/240/100/11 198/229/101/11 210/241/102/11
f 198/229/101/11 201/232/103/11 210/241/102/11
f 201/243/104/11 204/244/104/11 210/241/104/11
f 209/240/105/11 210/241/105/11 207/238/105/11
f 210/245/106/11 206/246/106/11 211/247/106/11
f 206/237/107/11 194/225/107/11 211/242/107/11
f 210/241/108/11 204/248/108/11 206/249/108/11
f 195/226/109/11 207/238/109/11 205/236/109/11
f 209/240/110/11 199/230/110/11 198/229/110/11
f 242/292/128/12 229/279/127/12 231/281/129/12
f 244/294/130/12 245/295/131/12 241/291/132/12
f 245/295/131/12 239/289/133/12 241/291/132/12
f 239/289/134/12 245/295/135/12 227/277/136/12
f 245/295/135/12 228/278/137/12 227/277/136/12
f 243/293/138/12 232/282/139/12 244/294/140/12
f 232/282/139/12 235/285/141/12 244/294/140/12
f 235/296/142/12 238/297/142/12 244/294/142/12
f 243/293/143/12 244/294/143/12 241/291/143/12
f 244/298/144/12 240/299/144/12 245/300/144/12
f 240/290/145/12 228/278/145/12 245/295/145/12
f 244/294/146/12 238/301/146/12 240/302/146/12
f 229/279/147/12 241/291/147/12 239/289/147/12
f 243/293/148/12 233/283/148/12 232/282/148/12
usemtl sea_simi_1
s off
f 18/1/1/1 19/2/1/1 20/3/1/1 21/4/1/1
f 38/30/2/2 39/31/3/2 40/32/4/2 41/33/2/2
f 39/31/3/2 42/34/5/2 43/35/5/2 40/32/4/2
f 54/48/7/3 55/49/8/3 56/50/9/3 57/51/7/3
f 55/49/8/3 58/52/10/3 59/53/10/3 56/50/9/3
f 77/66/12/4 78/67/12/4 79/68/12/4 80/69/12/4
f 97/95/13/5 98/96/14/5 99/97/15/5 100/98/13/5
f 98/96/14/5 101/99/16/5 102/100/16/5 99/97/15/5
f 113/113/18/6 114/114/19/6 115/115/20/6 116/116/18/6
f 114/114/19/6 117/117/21/6 118/118/21/6 115/115/20/6
f 134/152/31/7 136/154/33/7 133/151/30/7 132/150/29/7
f 22/5/1/1 23/6/1/1 24/7/1/1
f 25/8/1/1 26/9/1/1 27/10/1/1
f 81/70/12/4 82/71/12/4 83/72/12/4
f 84/73/12/4 85/74/12/4 86/75/12/4
f 125/143/27/7 126/144/27/7 127/145/27/7
f 126/144/27/7 128/146/27/7 127/145/27/7
f 127/145/27/7 128/146/27/7 129/147/28/7
f 128/146/27/7 130/148/27/7 129/147/28/7
f 131/149/27/7 132/150/29/7 133/151/30/7
f 134/152/31/7 135/153/32/7 136/154/33/7
usemtl ga_s01a_TRANS
s off
f 280/356/187/13 281/357/187/13 282/358/187/13
f 282/359/187/13 281/357/187/13 283/360/187/13
f 283/361/187/13 281/357/187/13 284/362/187/13
f 284/363/187/13 281/357/187/13 285/364/187/13
f 285/365/187/13 281/357/187/13 286/366/187/13
f 286/367/187/13 281/357/187/13 287/368/187/13
f 287/369/187/13 281/357/187/13 288/370/187/13
f 288/371/187/13 281/357/187/13 289/372/187/13
f 289/373/187/13 281/357/187/13 290/374/187/13
f 290/375/187/13 281/357/187/13 291/376/187/13
f 291/377/187/13 281/357/187/13 292/378/187/13
f 292/379/187/13 281/357/187/13 280/380/187/13
f 638/733/252/41 639/734/252/41 640/735/252/41
f 640/736/252/41 639/734/252/41 641/737/252/41
f 641/738/252/41 639/734/252/41 642/739/252/41
f 642/740/252/41 639/734/252/41 643/741/252/41
f 643/742/252/41 639/734/252/41 644/743/252/41
f 644/744/252/41 639/734/252/41 645/745/252/41
f 645/746/252/41 639/734/252/41 646/747/252/41
f 646/748/252/41 639/734/252/41 647/749/252/41
f 647/750/252/41 639/734/252/41 648/751/252/41
f 648/752/252/41 639/734/252/41 649/753/252/41
f 649/754/252/41 639/734/252/41 650/755/252/41
f 650/756/252/41 639/734/252/41 638/757/252/41
