mtllib Barrier-Reef_15_02.mtl
o map
v -16.0 -4.125 -3.500001
v -14.0 -4.125 -3.500001
v -14.0 -3.125 -3.500001
v -16.0 -3.125 -3.500001
v -16.0 -4.125 -3.625001
v -14.0 -4.125 -3.625001
v -14.0 -3.125 -3.625001
v -16.0 -3.125 -3.625001
v -16.0 -4.125 -3.875001
v -14.0 -4.125 -3.875001
v -14.0 -3.125 -3.875001
v -16.0 -3.125 -3.875001
v -15.608398 14.5 -2.144531
v -15.318359 13.660156 -2.144531
v -15.013672 14.027344 -0.9863279
v -15.176758 14.5 -0.98632693
v -14.621094 13.311523 -2.144531
v -15.40625 13.5546875 -2.936523
v -14.621094 13.162109 -2.936523
v -13.904297 15.339844 -2.144531
v -13.904297 15.4453125 -2.936523
v -14.621094 15.837891 -2.936523
v -14.621094 15.688477 -2.144531
v -15.40625 15.4453125 -2.936523
v -15.732422 14.5 -2.936523
v -15.318359 15.339844 -2.144531
v -14.621094 13.831055 -0.9863279
v -15.013672 14.972656 -0.9863279
v -14.227539 14.027344 -0.9863279
v -13.834961 13.5546875 -2.936523
v -13.545898 14.5 -2.936523
v -14.262695 14.928711 -1.700195
v -14.621094 14.5 -0.46093702
v -13.885136 13.106205 -2.8125
v -14.6897335 14.5 -2.812499
v -14.6897335 12.890807 -2.812499
v -15.494329 13.106205 -2.812498
v -16.08269 13.695404 -2.812498
v -16.298925 14.5 -2.812498
v -16.08269 15.304596 -2.812498
v -15.494329 15.893795 -2.812498
v -14.6897335 16.109194 -2.812499
v -13.885136 15.893795 -2.8125
v -13.295937 15.304596 -2.8125
v -13.080539 14.5 -2.8125
v -13.295937 13.695404 -2.8125
v -15.0 -3.125 -3.500001
v -12.0 -3.125 -3.500001
v -12.0 -2.125 -3.500001
v -15.0 -2.125 -3.500001
v -15.0 -3.125 -3.625001
v -12.0 -3.125 -3.625001
v -12.0 -2.125 -3.625001
v -15.0 -2.125 -3.625001
v -15.0 -3.125 -3.875001
v -12.0 -3.125 -3.875001
v -12.0 -2.125 -3.875001
v -15.0 -2.125 -3.875001
v -15.0 -2.125 -3.500001
v -13.0 -2.125 -3.500001
v -13.0 -1.125 -3.500001
v -15.0 -1.125 -3.500001
v -15.0 -2.125 -3.625001
v -13.0 -2.125 -3.625001
v -13.0 -1.125 -3.625001
v -15.0 -1.125 -3.625001
v -15.0 -2.125 -3.875001
v -13.0 -2.125 -3.875001
v -13.0 -1.125 -3.875001
v -15.0 -1.125 -3.875001
v -15.0 0.875 -3.500001
v -14.0 0.875 -3.500001
v -14.0 2.875 -3.500001
v -15.0 2.875 -3.500001
v -15.0 0.875 -3.625001
v -14.0 0.875 -3.625001
v -14.0 2.875 -3.625001
v -15.0 2.875 -3.625001
v -15.0 0.875 -3.875001
v -14.0 0.875 -3.875001
v -14.0 2.875 -3.875001
v -15.0 2.875 -3.875001
v -14.0 -13.125 -3.500001
v -13.0 -13.125 -3.500001
v -13.0 -10.125 -3.500001
v -14.0 -10.125 -3.500001
v -14.0 -13.125 -3.625001
v -13.0 -13.125 -3.625001
v -13.0 -10.125 -3.625001
v -14.0 -10.125 -3.625001
v -14.0 -13.125 -3.875001
v -13.0 -13.125 -3.875001
v -13.0 -10.125 -3.875001
v -14.0 -10.125 -3.875001
v -14.0 1.875 -3.500001
v -13.0 1.875 -3.500001
v -13.0 4.875 -3.500001
v -14.0 4.875 -3.500001
v -14.0 1.875 -3.625001
v -13.0 1.875 -3.625001
v -13.0 4.875 -3.625001
v -14.0 4.875 -3.625001
v -14.0 1.875 -3.875001
v -13.0 1.875 -3.875001
v -13.0 4.875 -3.875001
v -14.0 4.875 -3.875001
v -13.0 -12.125 -3.500001
v -12.0 -12.125 -3.500001
v -12.0 -10.125 -3.500001
v -13.0 -10.125 -3.500001
v -13.0 -12.125 -3.625001
v -12.0 -12.125 -3.625001
v -12.0 -10.125 -3.625001
v -13.0 -10.125 -3.625001
v -13.0 -12.125 -3.875001
v -12.0 -12.125 -3.875001
v -12.0 -10.125 -3.875001
v -13.0 -10.125 -3.875001
v -13.0 -8.125 -3.500001
v -11.0 -8.125 -3.500001
v -11.0 -7.125 -3.500001
v -13.0 -7.125 -3.500001
v -13.0 -8.125 -3.625001
v -11.0 -8.125 -3.625001
v -11.0 -7.125 -3.625001
v -13.0 -7.125 -3.625001
v -13.0 -8.125 -3.875001
v -11.0 -8.125 -3.875001
v -11.0 -7.125 -3.875001
v -13.0 -7.125 -3.875001
v -13.0 2.875 -3.500001
v -12.0 2.875 -3.500001
v -12.0 3.875 -3.500001
v -13.0 3.875 -3.500001
v -13.0 2.875 -3.625001
v -12.0 2.875 -3.625001
v -12.0 3.875 -3.625001
v -13.0 3.875 -3.625001
v -13.0 2.875 -3.875001
v -12.0 2.875 -3.875001
v -12.0 3.875 -3.875001
v -13.0 3.875 -3.875001
v -13.0 9.875 -3.500001
v -11.0 9.875 -3.500001
v -11.0 11.875 -3.500001
v -13.0 11.875 -3.500001
v -13.0 9.875 -3.625001
v -11.0 9.875 -3.625001
v -11.0 11.875 -3.625001
v -13.0 11.875 -3.625001
v -13.0 9.875 -3.875001
v -11.0 9.875 -3.875001
v -11.0 11.875 -3.875001
v -13.0 11.875 -3.875001
v -12.0 -11.125 -3.500001
v -10.0 -11.125 -3.500001
v -10.0 -10.125 -3.500001
v -12.0 -10.125 -3.500001
v -12.0 -11.125 -3.625001
v -10.0 -11.125 -3.625001
v -10.0 -10.125 -3.625001
v -12.0 -10.125 -3.625001
v -12.0 -11.125 -3.875001
v -10.0 -11.125 -3.875001
v -10.0 -10.125 -3.875001
v -12.0 -10.125 -3.875001
v -12.0 -7.125 -3.500001
v -11.0 -7.125 -3.500001
v -11.0 -5.125 -3.500001
v -12.0 -5.125 -3.500001
v -12.0 -7.125 -3.625001
v -11.0 -7.125 -3.625001
v -11.0 -5.125 -3.625001
v -12.0 -5.125 -3.625001
v -12.0 -7.125 -3.875001
v -11.0 -7.125 -3.875001
v -11.0 -5.125 -3.875001
v -12.0 -5.125 -3.875001
v -11.0 -9.125 -3.500001
v -10.0 -9.125 -3.500001
v -10.0 -8.125 -3.500001
v -11.0 -8.125 -3.500001
v -11.0 -9.125 -3.625001
v -10.0 -9.125 -3.625001
v -10.0 -8.125 -3.625001
v -11.0 -8.125 -3.625001
v -11.0 -9.125 -3.875001
v -10.0 -9.125 -3.875001
v -10.0 -8.125 -3.875001
v -11.0 -8.125 -3.875001
v -10.0 -15.125 -3.500001
v -9.0 -15.125 -3.500001
v -9.0 -13.125 -3.500001
v -10.0 -13.125 -3.500001
v -10.0 -15.125 -3.625001
v -9.0 -15.125 -3.625001
v -9.0 -13.125 -3.625001
v -10.0 -13.125 -3.625001
v -10.0 -15.125 -3.875001
v -9.0 -15.125 -3.875001
v -9.0 -13.125 -3.875001
v -10.0 -13.125 -3.875001
v -8.5 -2.608398 -4.1445312
v -7.6601562 -2.318359 -4.1445312
v -8.027344 -2.013672 -2.986328
v -8.5 -2.176758 -2.986327
v -7.311523 -1.621094 -4.1445312
v -7.554688 -2.40625 -4.936523
v -7.162109 -1.621094 -4.936523
v -9.339844 -0.9042969 -4.1445312
v -9.4453125 -0.9042969 -4.936523
v -9.837891 -1.621094 -4.936523
v -9.688477 -1.621094 -4.1445312
v -9.4453125 -2.40625 -4.936523
v -8.5 -2.732422 -4.936523
v -9.339844 -2.318359 -4.1445312
v -7.8310547 -1.621094 -2.986328
v -8.972656 -2.013672 -2.986328
v -8.027344 -1.227539 -2.986328
v -7.554688 -0.83496094 -4.936523
v -8.5 -0.5458989 -4.936523
v -8.928711 -1.262695 -3.7001948
v -8.5 -1.621094 -2.460937
v -7.106205 -0.8851361 -4.8125
v -8.5 -1.689733 -4.812499
v -6.890807 -1.689733 -4.812499
v -7.106205 -2.494329 -4.812498
v -7.695404 -3.08269 -4.812498
v -8.5 -3.298925 -4.812498
v -9.304596 -3.08269 -4.812498
v -9.893795 -2.494329 -4.812498
v -10.109193 -1.689733 -4.812499
v -9.893795 -0.8851361 -4.8125
v -9.304596 -0.2959361 -4.8125
v -8.5 -0.08053899 -4.8125
v -7.695404 -0.2959361 -4.8125
v -10.0 8.875 -3.500001
v -9.0 8.875 -3.500001
v -9.0 13.875 -3.500001
v -10.0 13.875 -3.500001
v -10.0 8.875 -3.625001
v -9.0 8.875 -3.625001
v -9.0 13.875 -3.625001
v -10.0 13.875 -3.625001
v -10.0 8.875 -3.875001
v -9.0 8.875 -3.875001
v -9.0 13.875 -3.875001
v -10.0 13.875 -3.875001
v -9.0 1.875 -4.500001
v -7.0 1.875 -4.500001
v -7.0 2.875 -4.500001
v -9.0 2.875 -4.500001
v -9.0 1.875 -4.625001
v -7.0 1.875 -4.625001
v -7.0 2.875 -4.625001
v -9.0 2.875 -4.625001
v -9.0 1.875 -4.875001
v -7.0 1.875 -4.875001
v -7.0 2.875 -4.875001
v -9.0 2.875 -4.875001
v -9.0 8.875 -3.500001
v -8.0 8.875 -3.500001
v -8.0 11.875 -3.500001
v -9.0 11.875 -3.500001
v -9.0 8.875 -3.625001
v -8.0 8.875 -3.625001
v -8.0 11.875 -3.625001
v -9.0 11.875 -3.625001
v -9.0 8.875 -3.875001
v -8.0 8.875 -3.875001
v -8.0 11.875 -3.875001
v -9.0 11.875 -3.875001
v -8.0 -14.125 -4.500001
v -5.0 -14.125 -4.500001
v -5.0 -13.125 -4.500001
v -8.0 -13.125 -4.500001
v -8.0 -14.125 -4.625001
v -5.0 -14.125 -4.625001
v -5.0 -13.125 -4.625001
v -8.0 -13.125 -4.625001
v -8.0 -14.125 -4.875001
v -5.0 -14.125 -4.875001
v -5.0 -13.125 -4.875001
v -8.0 -13.125 -4.875001
v -8.0 -13.125 -4.500001
v -6.0 -13.125 -4.500001
v -6.0 -12.125 -4.500001
v -8.0 -12.125 -4.500001
v -8.0 -13.125 -4.625001
v -6.0 -13.125 -4.625001
v -6.0 -12.125 -4.625001
v -8.0 -12.125 -4.625001
v -8.0 -13.125 -4.875001
v -6.0 -13.125 -4.875001
v -6.0 -12.125 -4.875001
v -8.0 -12.125 -4.875001
v -8.0 0.875 -4.500001
v -7.0 0.875 -4.500001
v -7.0 1.875 -4.500001
v -8.0 1.875 -4.500001
v -8.0 0.875 -4.625001
v -7.0 0.875 -4.625001
v -7.0 1.875 -4.625001
v -8.0 1.875 -4.625001
v -8.0 0.875 -4.875001
v -7.0 0.875 -4.875001
v -7.0 1.875 -4.875001
v -8.0 1.875 -4.875001
v -8.0 2.875 -4.500001
v -7.0 2.875 -4.500001
v -7.0 4.875 -4.500001
v -8.0 4.875 -4.500001
v -8.0 2.875 -4.625001
v -7.0 2.875 -4.625001
v -7.0 4.875 -4.625001
v -8.0 4.875 -4.625001
v -8.0 2.875 -4.875001
v -7.0 2.875 -4.875001
v -7.0 4.875 -4.875001
v -8.0 4.875 -4.875001
v -8.0 9.875 -3.500001
v -7.0 9.875 -3.500001
v -7.0 10.875 -3.500001
v -8.0 10.875 -3.500001
v -8.0 9.875 -3.625001
v -7.0 9.875 -3.625001
v -7.0 10.875 -3.625001
v -8.0 10.875 -3.625001
v -8.0 9.875 -3.875001
v -7.0 9.875 -3.875001
v -7.0 10.875 -3.875001
v -8.0 10.875 -3.875001
v -7.0 -15.125 -4.500001
v -4.0 -15.125 -4.500001
v -4.0 -14.125 -4.500001
v -7.0 -14.125 -4.500001
v -7.0 -15.125 -4.625001
v -4.0 -15.125 -4.625001
v -4.0 -14.125 -4.625001
v -7.0 -14.125 -4.625001
v -7.0 -15.125 -4.875001
v -4.0 -15.125 -4.875001
v -4.0 -14.125 -4.875001
v -7.0 -14.125 -4.875001
v -7.0 -12.125 -4.500001
v -6.0 -12.125 -4.500001
v -6.0 -11.125 -4.500001
v -7.0 -11.125 -4.500001
v -7.0 -12.125 -4.625001
v -6.0 -12.125 -4.625001
v -6.0 -11.125 -4.625001
v -7.0 -11.125 -4.625001
v -7.0 -12.125 -4.875001
v -6.0 -12.125 -4.875001
v -6.0 -11.125 -4.875001
v -7.0 -11.125 -4.875001
v -7.0 -6.125 -4.500001
v -5.0 -6.125 -4.500001
v -5.0 -5.125 -4.500001
v -7.0 -5.125 -4.500001
v -7.0 -6.125 -4.625001
v -5.0 -6.125 -4.625001
v -5.0 -5.125 -4.625001
v -7.0 -5.125 -4.625001
v -7.0 -6.125 -4.875001
v -5.0 -6.125 -4.875001
v -5.0 -5.125 -4.875001
v -7.0 -5.125 -4.875001
v -7.0 -4.125 -4.500001
v -5.0 -4.125 -4.500001
v -5.0 -2.125 -4.500001
v -7.0 -2.125 -4.500001
v -7.0 -4.125 -4.625001
v -5.0 -4.125 -4.625001
v -5.0 -2.125 -4.625001
v -7.0 -2.125 -4.625001
v -7.0 -4.125 -4.875001
v -5.0 -4.125 -4.875001
v -5.0 -2.125 -4.875001
v -7.0 -2.125 -4.875001
v -7.0 2.875 -4.500001
v -6.0 2.875 -4.500001
v -6.0 3.875 -4.500001
v -7.0 3.875 -4.500001
v -7.0 2.875 -4.625001
v -6.0 2.875 -4.625001
v -6.0 3.875 -4.625001
v -7.0 3.875 -4.625001
v -7.0 2.875 -4.875001
v -6.0 2.875 -4.875001
v -6.0 3.875 -4.875001
v -7.0 3.875 -4.875001
v -6.0 -7.125 -4.500001
v -5.0 -7.125 -4.500001
v -5.0 -6.125 -4.500001
v -6.0 -6.125 -4.500001
v -6.0 -7.125 -4.625001
v -5.0 -7.125 -4.625001
v -5.0 -6.125 -4.625001
v -6.0 -6.125 -4.625001
v -6.0 -7.125 -4.875001
v -5.0 -7.125 -4.875001
v -5.0 -6.125 -4.875001
v -6.0 -6.125 -4.875001
v -6.0 -2.125 -4.500001
v -4.0 -2.125 -4.500001
v -4.0 -0.125 -4.500001
v -6.0 -0.125 -4.500001
v -6.0 -2.125 -4.625001
v -4.0 -2.125 -4.625001
v -4.0 -0.125 -4.625001
v -6.0 -0.125 -4.625001
v -6.0 -2.125 -4.875001
v -4.0 -2.125 -4.875001
v -4.0 -0.125 -4.875001
v -6.0 -0.125 -4.875001
v -6.0 5.875 -4.500001
v -4.0 5.875 -4.500001
v -4.0 7.875 -4.500001
v -6.0 7.875 -4.500001
v -6.0 5.875 -4.625001
v -4.0 5.875 -4.625001
v -4.0 7.875 -4.625001
v -6.0 7.875 -4.625001
v -6.0 5.875 -4.875001
v -4.0 5.875 -4.875001
v -4.0 7.875 -4.875001
v -6.0 7.875 -4.875001
v -5.0 -0.125 -4.500001
v -4.0 -0.125 -4.500001
v -4.0 1.875 -4.500001
v -5.0 1.875 -4.500001
v -5.0 -0.125 -4.625001
v -4.0 -0.125 -4.625001
v -4.0 1.875 -4.625001
v -5.0 1.875 -4.625001
v -5.0 -0.125 -4.875001
v -4.0 -0.125 -4.875001
v -4.0 1.875 -4.875001
v -5.0 1.875 -4.875001
v -5.0 4.875 -4.500001
v -4.0 4.875 -4.500001
v -4.0 5.875 -4.500001
v -5.0 5.875 -4.500001
v -5.0 4.875 -4.625001
v -4.0 4.875 -4.625001
v -4.0 5.875 -4.625001
v -5.0 5.875 -4.625001
v -5.0 4.875 -4.875001
v -4.0 4.875 -4.875001
v -4.0 5.875 -4.875001
v -5.0 5.875 -4.875001
v -5.0 7.875 -4.500001
v -3.0 7.875 -4.500001
v -3.0 8.875 -4.500001
v -5.0 8.875 -4.500001
v -5.0 7.875 -4.625001
v -3.0 7.875 -4.625001
v -3.0 8.875 -4.625001
v -5.0 8.875 -4.625001
v -5.0 7.875 -4.875001
v -3.0 7.875 -4.875001
v -3.0 8.875 -4.875001
v -5.0 8.875 -4.875001
v -4.608398 14.5 -3.144531
v -4.318359 13.660156 -3.144531
v -4.013672 14.027344 -1.9863279
v -4.176758 14.5 -1.9863269
v -3.621094 13.311523 -3.144531
v -4.40625 13.5546875 -3.936523
v -3.621094 13.162109 -3.936523
v -2.9042969 15.339844 -3.144531
v -2.9042969 15.4453125 -3.936523
v -3.621094 15.837891 -3.936523
v -3.621094 15.688477 -3.144531
v -4.40625 15.4453125 -3.936523
v -4.732422 14.5 -3.936523
v -4.318359 15.339844 -3.144531
v -3.621094 13.831055 -1.9863279
v -4.013672 14.972656 -1.9863279
v -3.227539 14.027344 -1.9863279
v -2.834961 13.5546875 -3.936523
v -2.545899 14.5 -3.936523
v -3.2626948 14.928711 -2.7001948
v -3.621094 14.5 -1.460937
v -2.8851361 13.106205 -3.8125
v -3.689733 14.5 -3.812499
v -3.689733 12.890807 -3.812499
v -4.494329 13.106205 -3.812498
v -5.0826902 13.695404 -3.812498
v -5.298925 14.5 -3.812498
v -5.0826902 15.304596 -3.812498
v -4.494329 15.893795 -3.812498
v -3.689733 16.109194 -3.812499
v -2.8851361 15.893795 -3.8125
v -2.295936 15.304596 -3.8125
v -2.080539 14.5 -3.8125
v -2.295936 13.695404 -3.8125
v -4.0 -8.125 -4.500001
v -3.0 -8.125 -4.500001
v -3.0 -5.125 -4.500001
v -4.0 -5.125 -4.500001
v -4.0 -8.125 -4.625001
v -3.0 -8.125 -4.625001
v -3.0 -5.125 -4.625001
v -4.0 -5.125 -4.625001
v -4.0 -8.125 -4.875001
v -3.0 -8.125 -4.875001
v -3.0 -5.125 -4.875001
v -4.0 -5.125 -4.875001
v -4.0 -4.125 -4.500001
v -3.0 -4.125 -4.500001
v -3.0 -3.125 -4.500001
v -4.0 -3.125 -4.500001
v -4.0 -4.125 -4.625001
v -3.0 -4.125 -4.625001
v -3.0 -3.125 -4.625001
v -4.0 -3.125 -4.625001
v -4.0 -4.125 -4.875001
v -3.0 -4.125 -4.875001
v -3.0 -3.125 -4.875001
v -4.0 -3.125 -4.875001
v -4.0 8.875 -4.500001
v -3.0 8.875 -4.500001
v -3.0 9.875 -4.500001
v -4.0 9.875 -4.500001
v -4.0 8.875 -4.625001
v -3.0 8.875 -4.625001
v -3.0 9.875 -4.625001
v -4.0 9.875 -4.625001
v -4.0 8.875 -4.875001
v -3.0 8.875 -4.875001
v -3.0 9.875 -4.875001
v -4.0 9.875 -4.875001
v -3.0 -6.125 -4.500001
v -2.0 -6.125 -4.500001
v -2.0 -5.125 -4.500001
v -3.0 -5.125 -4.500001
v -3.0 -6.125 -4.625001
v -2.0 -6.125 -4.625001
v -2.0 -5.125 -4.625001
v -3.0 -5.125 -4.625001
v -3.0 -6.125 -4.875001
v -2.0 -6.125 -4.875001
v -2.0 -5.125 -4.875001
v -3.0 -5.125 -4.875001
v -3.0 -0.125 -4.500001
v 1.0 -0.125 -4.500001
v 1.0 0.875 -4.500001
v -3.0 0.875 -4.500001
v -3.0 -0.125 -4.625001
v 1.0 -0.125 -4.625001
v 1.0 0.875 -4.625001
v -3.0 0.875 -4.625001
v -3.0 -0.125 -4.875001
v 1.0 -0.125 -4.875001
v 1.0 0.875 -4.875001
v -3.0 0.875 -4.875001
v -3.0 0.875 -4.500001
v 0.0 0.875 -4.500001
v 0.0 1.875 -4.500001
v -3.0 1.875 -4.500001
v -3.0 0.875 -4.625001
v 0.0 0.875 -4.625001
v 0.0 1.875 -4.625001
v -3.0 1.875 -4.625001
v -3.0 0.875 -4.875001
v 0.0 0.875 -4.875001
v 0.0 1.875 -4.875001
v -3.0 1.875 -4.875001
v -3.0 1.875 -4.500001
v -2.0 1.875 -4.500001
v -2.0 2.875 -4.500001
v -3.0 2.875 -4.500001
v -3.0 1.875 -4.625001
v -2.0 1.875 -4.625001
v -2.0 2.875 -4.625001
v -3.0 2.875 -4.625001
v -3.0 1.875 -4.875001
v -2.0 1.875 -4.875001
v -2.0 2.875 -4.875001
v -3.0 2.875 -4.875001
v -3.0 3.875 -4.500001
v -2.0 3.875 -4.500001
v -2.0 6.875 -4.500001
v -3.0 6.875 -4.500001
v -3.0 3.875 -4.625001
v -2.0 3.875 -4.625001
v -2.0 6.875 -4.625001
v -3.0 6.875 -4.625001
v -3.0 3.875 -4.875001
v -2.0 3.875 -4.875001
v -2.0 6.875 -4.875001
v -3.0 6.875 -4.875001
v -2.0 3.875 -4.500001
v -1.0 3.875 -4.500001
v -1.0 4.875 -4.500001
v -2.0 4.875 -4.500001
v -2.0 3.875 -4.625001
v -1.0 3.875 -4.625001
v -1.0 4.875 -4.625001
v -2.0 4.875 -4.625001
v -2.0 3.875 -4.875001
v -1.0 3.875 -4.875001
v -1.0 4.875 -4.875001
v -2.0 4.875 -4.875001
v -2.0 6.875 -4.500001
v 0.0 6.875 -4.500001
v 0.0 8.875 -4.500001
v -2.0 8.875 -4.500001
v -2.0 6.875 -4.625001
v 0.0 6.875 -4.625001
v 0.0 8.875 -4.625001
v -2.0 8.875 -4.625001
v -2.0 6.875 -4.875001
v 0.0 6.875 -4.875001
v 0.0 8.875 -4.875001
v -2.0 8.875 -4.875001
v -2.0 9.875 -4.500001
v 0.0 9.875 -4.500001
v 0.0 10.875 -4.500001
v -2.0 10.875 -4.500001
v -2.0 9.875 -4.625001
v 0.0 9.875 -4.625001
v 0.0 10.875 -4.625001
v -2.0 10.875 -4.625001
v -2.0 9.875 -4.875001
v 0.0 9.875 -4.875001
v 0.0 10.875 -4.875001
v -2.0 10.875 -4.875001
v -1.0 -16.125 -4.500001
v 0.0 -16.125 -4.500001
v 0.0 -14.125 -4.500001
v -1.0 -14.125 -4.500001
v -1.0 -16.125 -4.625001
v 0.0 -16.125 -4.625001
v 0.0 -14.125 -4.625001
v -1.0 -14.125 -4.625001
v -1.0 -16.125 -4.875001
v 0.0 -16.125 -4.875001
v 0.0 -14.125 -4.875001
v -1.0 -14.125 -4.875001
v -1.0 5.875 -4.500001
v 0.0 5.875 -4.500001
v 0.0 6.875 -4.500001
v -1.0 6.875 -4.500001
v -1.0 5.875 -4.625001
v 0.0 5.875 -4.625001
v 0.0 6.875 -4.625001
v -1.0 6.875 -4.625001
v -1.0 5.875 -4.875001
v 0.0 5.875 -4.875001
v 0.0 6.875 -4.875001
v -1.0 6.875 -4.875001
v -1.0 8.875 -4.500001
v 0.0 8.875 -4.500001
v 0.0 9.875 -4.500001
v -1.0 9.875 -4.500001
v -1.0 8.875 -4.625001
v 0.0 8.875 -4.625001
v 0.0 9.875 -4.625001
v -1.0 9.875 -4.625001
v -1.0 8.875 -4.875001
v 0.0 8.875 -4.875001
v 0.0 9.875 -4.875001
v -1.0 9.875 -4.875001
v 0.0 -11.125 -5.500001
v 3.0 -11.125 -5.500001
v 3.0 -10.125 -5.500001
v 0.0 -10.125 -5.500001
v 0.0 -11.125 -5.625001
v 3.0 -11.125 -5.625001
v 3.0 -10.125 -5.625001
v 0.0 -10.125 -5.625001
v 0.0 -11.125 -5.875001
v 3.0 -11.125 -5.875001
v 3.0 -10.125 -5.875001
v 0.0 -10.125 -5.875001
v 0.39160204 6.5 -4.1445312
v 0.6816411 5.6601562 -4.1445312
v 0.9863279 6.0273438 -2.986328
v 0.82324195 6.5 -2.986327
v 1.378906 5.311523 -4.1445312
v 0.59375 5.554688 -4.936523
v 1.378906 5.162109 -4.936523
v 2.0957031 7.3398438 -4.1445312
v 2.0957031 7.445312 -4.936523
v 1.378906 7.837891 -4.936523
v 1.378906 7.688477 -4.1445312
v 0.59375 7.445312 -4.936523
v 0.2675779 6.5 -4.936523
v 0.6816411 7.3398438 -4.1445312
v 1.378906 5.831055 -2.986328
v 0.9863279 6.9726562 -2.986328
v 1.772461 6.0273438 -2.986328
v 2.165039 5.554688 -4.936523
v 2.454101 6.5 -4.936523
v 1.737305 6.928711 -3.7001948
v 1.378906 6.5 -2.460937
v 2.1148639 5.106205 -4.8125
v 1.310267 6.5 -4.812499
v 1.310267 4.890807 -4.812499
v 0.505671 5.106205 -4.812498
v -0.08269 5.695404 -4.812498
v -0.29892492 6.5 -4.812498
v -0.08269 7.304596 -4.812498
v 0.505671 7.893795 -4.812498
v 1.310267 8.109193 -4.812499
v 2.1148639 7.893795 -4.8125
v 2.704064 7.304596 -4.8125
v 2.919461 6.5 -4.8125
v 2.704064 5.695404 -4.8125
v 1.0 -14.125 -5.500001
v 2.0 -14.125 -5.500001
v 2.0 -11.125 -5.500001
v 1.0 -11.125 -5.500001
v 1.0 -14.125 -5.625001
v 2.0 -14.125 -5.625001
v 2.0 -11.125 -5.625001
v 1.0 -11.125 -5.625001
v 1.0 -14.125 -5.875001
v 2.0 -14.125 -5.875001
v 2.0 -11.125 -5.875001
v 1.0 -11.125 -5.875001
v 2.0 -13.125 -5.500001
v 3.0 -13.125 -5.500001
v 3.0 -11.125 -5.500001
v 2.0 -11.125 -5.500001
v 2.0 -13.125 -5.625001
v 3.0 -13.125 -5.625001
v 3.0 -11.125 -5.625001
v 2.0 -11.125 -5.625001
v 2.0 -13.125 -5.875001
v 3.0 -13.125 -5.875001
v 3.0 -11.125 -5.875001
v 2.0 -11.125 -5.875001
v 2.0 -10.125 -5.500001
v 4.0 -10.125 -5.500001
v 4.0 -9.125 -5.500001
v 2.0 -9.125 -5.500001
v 2.0 -10.125 -5.625001
v 4.0 -10.125 -5.625001
v 4.0 -9.125 -5.625001
v 2.0 -9.125 -5.625001
v 2.0 -10.125 -5.875001
v 4.0 -10.125 -5.875001
v 4.0 -9.125 -5.875001
v 2.0 -9.125 -5.875001
v 2.0 -3.125 -5.500001
v 5.0 -3.125 -5.500001
v 5.0 -2.125 -5.500001
v 2.0 -2.125 -5.500001
v 2.0 -3.125 -5.625001
v 5.0 -3.125 -5.625001
v 5.0 -2.125 -5.625001
v 2.0 -2.125 -5.625001
v 2.0 -3.125 -5.875001
v 5.0 -3.125 -5.875001
v 5.0 -2.125 -5.875001
v 2.0 -2.125 -5.875001
v 3.0 -6.125 -5.500001
v 4.0 -6.125 -5.500001
v 4.0 -3.125 -5.500001
v 3.0 -3.125 -5.500001
v 3.0 -6.125 -5.625001
v 4.0 -6.125 -5.625001
v 4.0 -3.125 -5.625001
v 3.0 -3.125 -5.625001
v 3.0 -6.125 -5.875001
v 4.0 -6.125 -5.875001
v 4.0 -3.125 -5.875001
v 3.0 -3.125 -5.875001
v 3.0 -2.125 -5.500001
v 4.0 -2.125 -5.500001
v 4.0 -0.125 -5.500001
v 3.0 -0.125 -5.500001
v 3.0 -2.125 -5.625001
v 4.0 -2.125 -5.625001
v 4.0 -0.125 -5.625001
v 3.0 -0.125 -5.625001
v 3.0 -2.125 -5.875001
v 4.0 -2.125 -5.875001
v 4.0 -0.125 -5.875001
v 3.0 -0.125 -5.875001
v 3.0 9.875 -4.500001
v 4.0 9.875 -4.500001
v 4.0 13.875 -4.500001
v 3.0 13.875 -4.500001
v 3.0 9.875 -4.625001
v 4.0 9.875 -4.625001
v 4.0 13.875 -4.625001
v 3.0 13.875 -4.625001
v 3.0 9.875 -4.875001
v 4.0 9.875 -4.875001
v 4.0 13.875 -4.875001
v 3.0 13.875 -4.875001
v 4.0 -5.125 -5.500001
v 5.0 -5.125 -5.500001
v 5.0 -3.125 -5.500001
v 4.0 -3.125 -5.500001
v 4.0 -5.125 -5.625001
v 5.0 -5.125 -5.625001
v 5.0 -3.125 -5.625001
v 4.0 -3.125 -5.625001
v 4.0 -5.125 -5.875001
v 5.0 -5.125 -5.875001
v 5.0 -3.125 -5.875001
v 4.0 -3.125 -5.875001
v 4.0 -2.125 -5.500001
v 5.0 -2.125 -5.500001
v 5.0 -1.125 -5.500001
v 4.0 -1.125 -5.500001
v 4.0 -2.125 -5.625001
v 5.0 -2.125 -5.625001
v 5.0 -1.125 -5.625001
v 4.0 -1.125 -5.625001
v 4.0 -2.125 -5.875001
v 5.0 -2.125 -5.875001
v 5.0 -1.125 -5.875001
v 4.0 -1.125 -5.875001
v 4.0 10.875 -4.500001
v 5.0 10.875 -4.500001
v 5.0 12.875 -4.500001
v 4.0 12.875 -4.500001
v 4.0 10.875 -4.625001
v 5.0 10.875 -4.625001
v 5.0 12.875 -4.625001
v 4.0 12.875 -4.625001
v 4.0 10.875 -4.875001
v 5.0 10.875 -4.875001
v 5.0 12.875 -4.875001
v 4.0 12.875 -4.875001
v 7.0 -6.125 -5.500001
v 8.0 -6.125 -5.500001
v 8.0 -2.125 -5.500001
v 7.0 -2.125 -5.500001
v 7.0 -6.125 -5.625001
v 8.0 -6.125 -5.625001
v 8.0 -2.125 -5.625001
v 7.0 -2.125 -5.625001
v 7.0 -6.125 -5.875001
v 8.0 -6.125 -5.875001
v 8.0 -2.125 -5.875001
v 7.0 -2.125 -5.875001
v 7.0 8.875 -5.500001
v 10.0 8.875 -5.500001
v 10.0 9.875 -5.500001
v 7.0 9.875 -5.500001
v 7.0 8.875 -5.625001
v 10.0 8.875 -5.625001
v 10.0 9.875 -5.625001
v 7.0 9.875 -5.625001
v 7.0 8.875 -5.875001
v 10.0 8.875 -5.875001
v 10.0 9.875 -5.875001
v 7.0 9.875 -5.875001
v 8.0 -7.125 -5.500001
v 9.0 -7.125 -5.500001
v 9.0 -6.125 -5.500001
v 8.0 -6.125 -5.500001
v 8.0 -7.125 -5.625001
v 9.0 -7.125 -5.625001
v 9.0 -6.125 -5.625001
v 8.0 -6.125 -5.625001
v 8.0 -7.125 -5.875001
v 9.0 -7.125 -5.875001
v 9.0 -6.125 -5.875001
v 8.0 -6.125 -5.875001
v 8.0 -5.125 -5.500001
v 9.0 -5.125 -5.500001
v 9.0 -4.125 -5.500001
v 8.0 -4.125 -5.500001
v 8.0 -5.125 -5.625001
v 9.0 -5.125 -5.625001
v 9.0 -4.125 -5.625001
v 8.0 -4.125 -5.625001
v 8.0 -5.125 -5.875001
v 9.0 -5.125 -5.875001
v 9.0 -4.125 -5.875001
v 8.0 -4.125 -5.875001
v 8.0 -3.125 -5.500001
v 9.0 -3.125 -5.500001
v 9.0 -1.125 -5.500001
v 8.0 -1.125 -5.500001
v 8.0 -3.125 -5.625001
v 9.0 -3.125 -5.625001
v 9.0 -1.125 -5.625001
v 8.0 -1.125 -5.625001
v 8.0 -3.125 -5.875001
v 9.0 -3.125 -5.875001
v 9.0 -1.125 -5.875001
v 8.0 -1.125 -5.875001
v 8.0 4.875 -5.500001
v 9.0 4.875 -5.500001
v 9.0 8.875 -5.500001
v 8.0 8.875 -5.500001
v 8.0 4.875 -5.625001
v 9.0 4.875 -5.625001
v 9.0 8.875 -5.625001
v 8.0 8.875 -5.625001
v 8.0 4.875 -5.875001
v 9.0 4.875 -5.875001
v 9.0 8.875 -5.875001
v 8.0 8.875 -5.875001
v 8.0 9.875 -5.500001
v 11.0 9.875 -5.500001
v 11.0 11.875 -5.500001
v 8.0 11.875 -5.500001
v 8.0 9.875 -5.625001
v 11.0 9.875 -5.625001
v 11.0 11.875 -5.625001
v 8.0 11.875 -5.625001
v 8.0 9.875 -5.875001
v 11.0 9.875 -5.875001
v 11.0 11.875 -5.875001
v 8.0 11.875 -5.875001
v 8.0 12.875 -5.500001
v 9.0 12.875 -5.500001
v 9.0 14.875 -5.500001
v 8.0 14.875 -5.500001
v 8.0 12.875 -5.625001
v 9.0 12.875 -5.625001
v 9.0 14.875 -5.625001
v 8.0 14.875 -5.625001
v 8.0 12.875 -5.875001
v 9.0 12.875 -5.875001
v 9.0 14.875 -5.875001
v 8.0 14.875 -5.875001
v -15.0 -8.0 -2.999999
v -16.0 -8.0 -2.999999
v -15.0 -16.0 -2.999999
v -16.0 -16.0 -2.999999
v -16.0 -7.210937 -3.901367
v -16.0 -7.669921 -3.002929
v -15.0 -7.669921 -3.002929
v -15.0 -7.210937 -3.901367
v -16.0 -7.999999 -3.0
v -15.0 -7.999999 -3.0
v -16.0 -7.210937 -3.901367
v -15.0 -7.210937 -3.901367
v -15.0 -6.999999 -4.0
v -16.0 -6.999999 -4.0
v -12.0 1.0 -3.999999
v -16.0 1.0 -3.999999
v -12.0 -7.0 -3.999999
v -16.0 -7.0 -3.999999
v -12.0 9.0 -3.999999
v -16.0 9.0 -3.999999
v -12.0 1.0 -3.999999
v -16.0 1.0 -3.999999
v -15.0 9.210937 -3.901367
v -15.0 9.669921 -3.002929
v -16.0 9.669921 -3.002929
v -16.0 9.210937 -3.901367
v -15.0 9.999999 -3.0
v -16.0 9.999999 -3.0
v -15.0 9.210937 -3.901367
v -16.0 9.210937 -3.901367
v -16.0 8.999999 -4.0
v -15.0 8.999999 -4.0
v -15.0 16.0 -2.999999
v -16.0 16.0 -2.999999
v -15.0 10.0 -2.999999
v -16.0 10.0 -2.999999
v -14.2109375 -8.0 -3.901367
v -14.669921 -8.0 -3.002929
v -14.669921 -16.0 -3.002929
v -14.2109375 -16.0 -3.901367
v -14.999999 -8.0 -3.0
v -14.999999 -16.0 -3.0
v -14.2109375 -8.0 -3.901367
v -14.2109375 -16.0 -3.901367
v -13.999999 -16.0 -4.0
v -13.999999 -8.0 -4.0
v -14.0 -7.999999 -4.0
v -14.0 -6.999999 -4.0
v -14.0625 -7.374999 -4.0
v -14.3125 -7.062499 -4.0
v -15.0 -6.999999 -4.0
v -14.3125 -7.062499 -4.0
v -15.0 -6.999999 -4.0
v -15.0 -7.210937 -3.901367
v -14.5 -7.249999 -3.901367
v -14.0 -7.999999 -4.0
v -14.0625 -7.374999 -4.0
v -14.25 -7.562499 -3.901367
v -14.2109375 -7.999999 -3.901367
v -14.2109375 -7.999999 -3.901367
v -14.25 -7.562499 -3.901367
v -14.669922 -7.999999 -3.002929
v -14.5 -7.249999 -3.901367
v -15.0 -7.669921 -3.002929
v -15.0 -7.210937 -3.901367
v -15.0 -7.669921 -3.002929
v -15.0 -7.999999 -3.0
v -14.669922 -7.999999 -3.002929
v -14.999999 9.0 -4.0
v -13.999999 9.0 -4.0
v -14.374999 9.0625 -4.0
v -14.062499 9.3125 -4.0
v -13.999999 10.0 -4.0
v -14.062499 9.3125 -4.0
v -13.999999 10.0 -4.0
v -14.2109375 10.0 -3.901367
v -14.249999 9.5 -3.901367
v -14.999999 9.0 -4.0
v -14.374999 9.0625 -4.0
v -14.562499 9.25 -3.901367
v -14.999999 9.2109375 -3.901367
v -14.999999 9.2109375 -3.901367
v -14.562499 9.25 -3.901367
v -14.999999 9.669922 -3.002929
v -14.249999 9.5 -3.901367
v -14.669921 10.0 -3.002929
v -14.2109375 10.0 -3.901367
v -14.669921 10.0 -3.002929
v -14.999999 10.0 -3.0
v -14.999999 9.669922 -3.002929
v -14.669921 10.669922 -3.002929
v -13.999999 10.669922 -3.002929
v -13.999999 11.0 -3.0
v -14.999999 11.0 -3.0
v -14.669921 10.0 -3.002929
v -14.669921 10.669922 -3.002929
v -14.999999 11.0 -3.0
v -14.999999 10.0 -3.0
v -14.669921 10.0 -3.002929
v -14.2109375 10.0 -3.901367
v -14.669921 10.669922 -3.002929
v -14.105468 10.105469 -3.901367
v -13.999999 10.210938 -3.901367
v -13.999999 10.210938 -3.901367
v -14.105468 10.105469 -3.901367
v -13.999999 10.0 -4.0
v -14.2109375 10.0 -3.901367
v -13.999999 10.669922 -3.002929
v -14.669921 10.669922 -3.002929
v -13.999999 10.210938 -3.901367
v -14.0 16.0 -2.999999
v -15.0 16.0 -2.999999
v -14.0 11.0 -2.999999
v -15.0 11.0 -2.999999
v -10.0 -8.0 -3.999999
v -14.0 -8.0 -3.999999
v -10.0 -16.0 -3.999999
v -14.0 -16.0 -3.999999
v -10.0 -7.0 -3.999999
v -14.0 -7.0 -3.999999
v -10.0 -8.0 -3.999999
v -14.0 -8.0 -3.999999
v -6.0 10.0 -3.999999
v -14.0 10.0 -3.999999
v -6.0 9.0 -3.999999
v -14.0 9.0 -3.999999
v -13.999999 10.0 -4.0
v -12.999999 10.0 -4.0
v -13.374999 10.0625 -4.0
v -13.062499 10.3125 -4.0
v -12.999999 11.0 -4.0
v -13.062499 10.3125 -4.0
v -12.999999 11.0 -4.0
v -13.2109375 11.0 -3.901367
v -13.249999 10.5 -3.901367
v -13.999999 10.0 -4.0
v -13.374999 10.0625 -4.0
v -13.562499 10.25 -3.901367
v -13.999999 10.2109375 -3.901367
v -13.999999 10.2109375 -3.901367
v -13.562499 10.25 -3.901367
v -13.999999 10.669922 -3.002929
v -13.249999 10.5 -3.901367
v -13.669921 11.0 -3.002929
v -13.2109375 11.0 -3.901367
v -13.669921 11.0 -3.002929
v -13.999999 11.0 -3.0
v -13.999999 10.669922 -3.002929
v -13.2109375 12.0 -3.901367
v -13.669921 12.0 -3.002929
v -13.669921 11.0 -3.002929
v -13.2109375 11.0 -3.901367
v -13.999999 12.0 -3.0
v -13.999999 11.0 -3.0
v -13.2109375 12.0 -3.901367
v -13.2109375 11.0 -3.901367
v -12.999999 11.0 -4.0
v -12.999999 12.0 -4.0
v -13.669921 12.669922 -3.002929
v -12.999999 12.669922 -3.002929
v -12.999999 13.0 -3.0
v -13.999999 13.0 -3.0
v -13.669921 12.0 -3.002929
v -13.669921 12.669922 -3.002929
v -13.999999 13.0 -3.0
v -13.999999 12.0 -3.0
v -13.669921 12.0 -3.002929
v -13.2109375 12.0 -3.901367
v -13.669921 12.669922 -3.002929
v -13.105468 12.105469 -3.901367
v -12.999999 12.210938 -3.901367
v -12.999999 12.210938 -3.901367
v -13.105468 12.105469 -3.901367
v -12.999999 12.0 -4.0
v -13.2109375 12.0 -3.901367
v -12.999999 12.669922 -3.002929
v -13.669921 12.669922 -3.002929
v -12.999999 12.210938 -3.901367
v -12.0 16.0 -2.999999
v -14.0 16.0 -2.999999
v -12.0 13.0 -2.999999
v -14.0 13.0 -2.999999
v -5.0 12.0 -3.999999
v -13.0 12.0 -3.999999
v -5.0 10.0 -3.999999
v -13.0 10.0 -3.999999
v -12.0 12.210937 -3.901367
v -12.0 12.669921 -3.002929
v -13.0 12.669921 -3.002929
v -13.0 12.210937 -3.901367
v -12.0 12.999999 -3.0
v -13.0 12.999999 -3.0
v -12.0 12.210937 -3.901367
v -13.0 12.210937 -3.901367
v -13.0 11.999999 -4.0
v -12.0 11.999999 -4.0
v -10.0 -4.0 -3.999999
v -12.0 -4.0 -3.999999
v -10.0 -7.0 -3.999999
v -12.0 -7.0 -3.999999
v -11.669922 -3.669921 -4.0029287
v -11.669922 -2.999999 -4.0029287
v -12.0 -2.999999 -4.0
v -12.0 -3.999999 -4.0
v -11.0 -3.669921 -4.0029287
v -11.669922 -3.669921 -4.0029287
v -12.0 -3.999999 -4.0
v -11.0 -3.999999 -4.0
v -11.0 -3.669921 -4.0029287
v -11.0 -3.210937 -4.901367
v -11.669922 -3.669921 -4.0029287
v -11.105469 -3.105468 -4.901367
v -11.2109375 -2.999999 -4.901367
v -11.2109375 -2.999999 -4.901367
v -11.105469 -3.105468 -4.901367
v -11.0 -2.999999 -5.0
v -11.0 -3.210937 -4.901367
v -11.669922 -2.999999 -4.0029287
v -11.669922 -3.669921 -4.0029287
v -11.2109375 -2.999999 -4.901367
v -11.2109375 3.0 -4.901367
v -11.669921 3.0 -4.0029287
v -11.669921 -3.0 -4.0029287
v -11.2109375 -3.0 -4.901367
v -11.999999 3.0 -4.0
v -11.999999 -3.0 -4.0
v -11.2109375 3.0 -4.901367
v -11.2109375 -3.0 -4.901367
v -10.999999 -3.0 -5.0
v -10.999999 3.0 -5.0
v -11.669921 3.6699219 -4.0029287
v -10.999999 3.6699219 -4.0029287
v -10.999999 4.0 -4.0
v -11.999999 4.0 -4.0
v -11.669921 3.0 -4.0029287
v -11.669921 3.6699219 -4.0029287
v -11.999999 4.0 -4.0
v -11.999999 3.0 -4.0
v -11.669921 3.0 -4.0029287
v -11.2109375 3.0 -4.901367
v -11.669921 3.6699219 -4.0029287
v -11.105468 3.105469 -4.901367
v -10.999999 3.210938 -4.901367
v -10.999999 3.210938 -4.901367
v -11.105468 3.105469 -4.901367
v -10.999999 3.0 -5.0
v -11.2109375 3.0 -4.901367
v -10.999999 3.6699219 -4.0029287
v -11.669921 3.6699219 -4.0029287
v -10.999999 3.210938 -4.901367
v -11.0 9.0 -3.999999
v -12.0 9.0 -3.999999
v -11.0 4.0 -3.999999
v -12.0 4.0 -3.999999
v -11.999999 12.0 -4.0
v -10.999999 12.0 -4.0
v -11.374999 12.0625 -4.0
v -11.062499 12.3125 -4.0
v -10.999999 13.0 -4.0
v -11.062499 12.3125 -4.0
v -10.999999 13.0 -4.0
v -11.2109375 13.0 -3.901367
v -11.249999 12.5 -3.901367
v -11.999999 12.0 -4.0
v -11.374999 12.0625 -4.0
v -11.562499 12.25 -3.901367
v -11.999999 12.2109375 -3.901367
v -11.999999 12.2109375 -3.901367
v -11.562499 12.25 -3.901367
v -11.999999 12.669922 -3.002929
v -11.249999 12.5 -3.901367
v -11.669921 13.0 -3.002929
v -11.2109375 13.0 -3.901367
v -11.669921 13.0 -3.002929
v -11.999999 13.0 -3.0
v -11.999999 12.669922 -3.002929
v -11.2109375 14.0 -3.901367
v -11.669921 14.0 -3.002929
v -11.669921 13.0 -3.002929
v -11.2109375 13.0 -3.901367
v -11.999999 14.0 -3.0
v -11.999999 13.0 -3.0
v -11.2109375 14.0 -3.901367
v -11.2109375 13.0 -3.901367
v -10.999999 13.0 -4.0
v -10.999999 14.0 -4.0
v -11.669921 14.669922 -3.002929
v -10.999999 14.669922 -3.002929
v -10.999999 15.0 -3.0
v -11.999999 15.0 -3.0
v -11.669921 14.0 -3.002929
v -11.669921 14.669922 -3.002929
v -11.999999 15.0 -3.0
v -11.999999 14.0 -3.0
v -11.669921 14.0 -3.002929
v -11.2109375 14.0 -3.901367
v -11.669921 14.669922 -3.002929
v -11.105468 14.105469 -3.901367
v -10.999999 14.210938 -3.901367
v -10.999999 14.210938 -3.901367
v -11.105468 14.105469 -3.901367
v -10.999999 14.0 -4.0
v -11.2109375 14.0 -3.901367
v -10.999999 14.669922 -3.002929
v -11.669921 14.669922 -3.002929
v -10.999999 14.210938 -3.901367
v -7.0 16.0 -2.999999
v -12.0 16.0 -2.999999
v -7.0 15.0 -2.999999
v -12.0 15.0 -2.999999
v -11.0 -3.210937 -4.901367
v -11.0 -3.669921 -4.0029287
v -10.0 -3.669921 -4.0029287
v -10.0 -3.210937 -4.901367
v -11.0 -3.999999 -4.0
v -10.0 -3.999999 -4.0
v -11.0 -3.210937 -4.901367
v -10.0 -3.210937 -4.901367
v -10.0 -2.999999 -5.0
v -11.0 -2.999999 -5.0
v -3.0 3.0 -4.999999
v -11.0 3.0 -4.999999
v -3.0 -3.0 -4.999999
v -11.0 -3.0 -4.999999
v -10.999999 3.0 -5.0
v -9.999999 3.0 -5.0
v -10.374999 3.0625 -5.0
v -10.062499 3.3125 -5.0
v -9.999999 4.0 -5.0
v -10.062499 3.3125 -5.0
v -9.999999 4.0 -5.0
v -10.2109375 4.0 -4.901367
v -10.249999 3.5 -4.901367
v -10.999999 3.0 -5.0
v -10.374999 3.0625 -5.0
v -10.562499 3.25 -4.901367
v -10.999999 3.210938 -4.901367
v -10.999999 3.210938 -4.901367
v -10.562499 3.25 -4.901367
v -10.999999 3.6699219 -4.0029287
v -10.249999 3.5 -4.901367
v -10.669921 4.0 -4.0029287
v -10.2109375 4.0 -4.901367
v -10.669921 4.0 -4.0029287
v -10.999999 4.0 -4.0
v -10.999999 3.6699219 -4.0029287
v -10.669921 4.669922 -4.0029287
v -9.999999 4.669922 -4.0029287
v -9.999999 5.0 -4.0
v -10.999999 5.0 -4.0
v -10.669921 4.0 -4.0029287
v -10.669921 4.669922 -4.0029287
v -10.999999 5.0 -4.0
v -10.999999 4.0 -4.0
v -10.669921 4.0 -4.0029287
v -10.2109375 4.0 -4.901367
v -10.669921 4.669922 -4.0029287
v -10.105468 4.1054688 -4.901367
v -9.999999 4.210938 -4.901367
v -9.999999 4.210938 -4.901367
v -10.105468 4.1054688 -4.901367
v -9.999999 4.0 -5.0
v -10.2109375 4.0 -4.901367
v -9.999999 4.669922 -4.0029287
v -10.669921 4.669922 -4.0029287
v -9.999999 4.210938 -4.901367
v -10.0 9.0 -3.999999
v -11.0 9.0 -3.999999
v -10.0 5.0 -3.999999
v -11.0 5.0 -3.999999
v -3.0 14.0 -3.999999
v -11.0 14.0 -3.999999
v -3.0 12.0 -3.999999
v -11.0 12.0 -3.999999
v -7.0 14.210937 -3.901367
v -7.0 14.669921 -3.002929
v -11.0 14.669921 -3.002929
v -11.0 14.210937 -3.901367
v -7.0 14.999999 -3.0
v -11.0 14.999999 -3.0
v -7.0 14.210937 -3.901367
v -11.0 14.210937 -3.901367
v -11.0 13.999999 -4.0
v -7.0 13.999999 -4.0
v -9.0 -10.0 -3.999999
v -10.0 -10.0 -3.999999
v -9.0 -16.0 -3.999999
v -10.0 -16.0 -3.999999
v -9.669922 -9.669921 -4.0029287
v -9.669922 -8.999999 -4.0029287
v -10.0 -8.999999 -4.0
v -10.0 -9.999999 -4.0
v -9.0 -9.669921 -4.0029287
v -9.669922 -9.669921 -4.0029287
v -10.0 -9.999999 -4.0
v -9.0 -9.999999 -4.0
v -9.0 -9.669921 -4.0029287
v -9.0 -9.2109375 -4.901367
v -9.669922 -9.669921 -4.0029287
v -9.105469 -9.105468 -4.901367
v -9.2109375 -8.999999 -4.901367
v -9.2109375 -8.999999 -4.901367
v -9.105469 -9.105468 -4.901367
v -9.0 -8.999999 -5.0
v -9.0 -9.2109375 -4.901367
v -9.669922 -8.999999 -4.0029287
v -9.669922 -9.669921 -4.0029287
v -9.2109375 -8.999999 -4.901367
v -9.2109375 -4.0 -4.901367
v -9.669921 -4.0 -4.0029287
v -9.669921 -9.0 -4.0029287
v -9.2109375 -9.0 -4.901367
v -9.999999 -4.0 -4.0
v -9.999999 -9.0 -4.0
v -9.2109375 -4.0 -4.901367
v -9.2109375 -9.0 -4.901367
v -8.999999 -9.0 -5.0
v -8.999999 -4.0 -5.0
v -9.0 -3.999999 -5.0
v -9.0 -2.999999 -5.0
v -9.0625 -3.374999 -5.0
v -9.3125 -3.062499 -5.0
v -10.0 -2.999999 -5.0
v -9.3125 -3.062499 -5.0
v -10.0 -2.999999 -5.0
v -10.0 -3.210937 -4.901367
v -9.5 -3.249999 -4.901367
v -9.0 -3.999999 -5.0
v -9.0625 -3.374999 -5.0
v -9.25 -3.562499 -4.901367
v -9.2109375 -3.999999 -4.901367
v -9.2109375 -3.999999 -4.901367
v -9.25 -3.562499 -4.901367
v -9.669922 -3.999999 -4.0029287
v -9.5 -3.249999 -4.901367
v -10.0 -3.669921 -4.0029287
v -10.0 -3.210937 -4.901367
v -10.0 -3.669921 -4.0029287
v -10.0 -3.999999 -4.0
v -9.669922 -3.999999 -4.0029287
v -2.0 4.0 -4.999999
v -10.0 4.0 -4.999999
v -2.0 3.0 -4.999999
v -10.0 3.0 -4.999999
v -9.999999 4.0 -5.0
v -8.999999 4.0 -5.0
v -9.374999 4.0625 -5.0
v -9.062499 4.3125 -5.0
v -8.999999 5.0 -5.0
v -9.062499 4.3125 -5.0
v -8.999999 5.0 -5.0
v -9.2109375 5.0 -4.901367
v -9.249999 4.5 -4.901367
v -9.999999 4.0 -5.0
v -9.374999 4.0625 -5.0
v -9.562499 4.25 -4.901367
v -9.999999 4.210938 -4.901367
v -9.999999 4.210938 -4.901367
v -9.562499 4.25 -4.901367
v -9.999999 4.669922 -4.0029287
v -9.249999 4.5 -4.901367
v -9.669921 5.0 -4.0029287
v -9.2109375 5.0 -4.901367
v -9.669921 5.0 -4.0029287
v -9.999999 5.0 -4.0
v -9.999999 4.669922 -4.0029287
v -9.2109375 8.0 -4.901367
v -9.669921 8.0 -4.0029287
v -9.669921 5.0 -4.0029287
v -9.2109375 5.0 -4.901367
v -9.999999 8.0 -4.0
v -9.999999 5.0 -4.0
v -9.2109375 8.0 -4.901367
v -9.2109375 5.0 -4.901367
v -8.999999 5.0 -5.0
v -8.999999 8.0 -5.0
v -9.669921 8.669922 -4.0029287
v -8.999999 8.669922 -4.0029287
v -8.999999 9.0 -4.0
v -9.999999 9.0 -4.0
v -9.669921 8.0 -4.0029287
v -9.669921 8.669922 -4.0029287
v -9.999999 9.0 -4.0
v -9.999999 8.0 -4.0
v -9.669921 8.0 -4.0029287
v -9.2109375 8.0 -4.901367
v -9.669921 8.669922 -4.0029287
v -9.105468 8.105469 -4.901367
v -8.999999 8.210938 -4.901367
v -8.999999 8.210938 -4.901367
v -9.105468 8.105469 -4.901367
v -8.999999 8.0 -5.0
v -9.2109375 8.0 -4.901367
v -8.999999 8.669922 -4.0029287
v -9.669921 8.669922 -4.0029287
v -8.999999 8.210938 -4.901367
v -8.2109375 -10.0 -4.901367
v -8.669921 -10.0 -4.0029287
v -8.669921 -16.0 -4.0029287
v -8.2109375 -16.0 -4.901367
v -8.999999 -10.0 -4.0
v -8.999999 -16.0 -4.0
v -8.2109375 -10.0 -4.901367
v -8.2109375 -16.0 -4.901367
v -7.999999 -16.0 -5.0
v -7.999999 -10.0 -5.0
v -8.0 -9.999999 -5.0
v -8.0 -8.999999 -5.0
v -8.0625 -9.374999 -5.0
v -8.3125 -9.062499 -5.0
v -9.0 -8.999999 -5.0
v -8.3125 -9.062499 -5.0
v -9.0 -8.999999 -5.0
v -9.0 -9.2109375 -4.901367
v -8.5 -9.249999 -4.901367
v -8.0 -9.999999 -5.0
v -8.0625 -9.374999 -5.0
v -8.25 -9.562499 -4.901367
v -8.2109375 -9.999999 -4.901367
v -8.2109375 -9.999999 -4.901367
v -8.25 -9.562499 -4.901367
v -8.669922 -9.999999 -4.0029287
v -8.5 -9.249999 -4.901367
v -9.0 -9.669921 -4.0029287
v -9.0 -9.2109375 -4.901367
v -9.0 -9.669921 -4.0029287
v -9.0 -9.999999 -4.0
v -8.669922 -9.999999 -4.0029287
v -1.0 -8.0 -4.999999
v -9.0 -8.0 -4.999999
v -1.0 -9.0 -4.999999
v -9.0 -9.0 -4.999999
v -2.0 -3.0 -4.999999
v -9.0 -3.0 -4.999999
v -2.0 -8.0 -4.999999
v -9.0 -8.0 -4.999999
v -1.0 8.0 -4.999999
v -9.0 8.0 -4.999999
v -1.0 4.0 -4.999999
v -9.0 4.0 -4.999999
v -6.0 8.210937 -4.901367
v -6.0 8.669921 -4.0029287
v -9.0 8.669921 -4.0029287
v -9.0 8.210937 -4.901367
v -6.0 8.999999 -4.0
v -9.0 8.999999 -4.0
v -6.0 8.210937 -4.901367
v -9.0 8.210937 -4.901367
v -9.0 7.999999 -5.0
v -6.0 7.999999 -5.0
v 0.0 -12.0 -4.999999
v -8.0 -12.0 -4.999999
v 0.0 -16.0 -4.999999
v -8.0 -16.0 -4.999999
v -1.0 -9.0 -4.999999
v -8.0 -9.0 -4.999999
v -1.0 -12.0 -4.999999
v -8.0 -12.0 -4.999999
v -6.999999 14.0 -4.0
v -5.999999 14.0 -4.0
v -6.374999 14.0625 -4.0
v -6.062499 14.3125 -4.0
v -5.999999 15.0 -4.0
v -6.062499 14.3125 -4.0
v -5.999999 15.0 -4.0
v -6.210937 15.0 -3.901367
v -6.249999 14.5 -3.901367
v -6.999999 14.0 -4.0
v -6.374999 14.0625 -4.0
v -6.562499 14.25 -3.901367
v -6.999999 14.2109375 -3.901367
v -6.999999 14.2109375 -3.901367
v -6.562499 14.25 -3.901367
v -6.999999 14.669922 -3.002929
v -6.249999 14.5 -3.901367
v -6.669921 15.0 -3.002929
v -6.210937 15.0 -3.901367
v -6.669921 15.0 -3.002929
v -6.999999 15.0 -3.0
v -6.999999 14.669922 -3.002929
v -6.210937 16.0 -3.901367
v -6.669921 16.0 -3.002929
v -6.669921 15.0 -3.002929
v -6.210937 15.0 -3.901367
v -6.999999 16.0 -3.0
v -6.999999 15.0 -3.0
v -6.210937 16.0 -3.901367
v -6.210937 15.0 -3.901367
v -5.999999 15.0 -4.0
v -5.999999 16.0 -4.0
v -5.999999 8.0 -5.0
v -4.999999 8.0 -5.0
v -5.374999 8.0625 -5.0
v -5.062499 8.3125 -5.0
v -4.999999 9.0 -5.0
v -5.062499 8.3125 -5.0
v -4.999999 9.0 -5.0
v -5.210937 9.0 -4.901367
v -5.249999 8.5 -4.901367
v -5.999999 8.0 -5.0
v -5.374999 8.0625 -5.0
v -5.562499 8.25 -4.901367
v -5.999999 8.2109375 -4.901367
v -5.999999 8.2109375 -4.901367
v -5.562499 8.25 -4.901367
v -5.999999 8.669922 -4.0029287
v -5.249999 8.5 -4.901367
v -5.669921 9.0 -4.0029287
v -5.210937 9.0 -4.901367
v -5.669921 9.0 -4.0029287
v -5.999999 9.0 -4.0
v -5.999999 8.669922 -4.0029287
v -5.669921 9.669922 -4.0029287
v -4.999999 9.669922 -4.0029287
v -4.999999 10.0 -4.0
v -5.999999 10.0 -4.0
v -5.669921 9.0 -4.0029287
v -5.669921 9.669922 -4.0029287
v -5.999999 10.0 -4.0
v -5.999999 9.0 -4.0
v -5.669921 9.0 -4.0029287
v -5.210937 9.0 -4.901367
v -5.669921 9.669922 -4.0029287
v -5.105468 9.105469 -4.901367
v -4.999999 9.210938 -4.901367
v -4.999999 9.210938 -4.901367
v -5.105468 9.105469 -4.901367
v -4.999999 9.0 -5.0
v -5.210937 9.0 -4.901367
v -4.999999 9.669922 -4.0029287
v -5.669921 9.669922 -4.0029287
v -4.999999 9.210938 -4.901367
v -1.0 16.0 -3.999999
v -6.0 16.0 -3.999999
v -1.0 14.0 -3.999999
v -6.0 14.0 -3.999999
v 3.0 9.0 -4.999999
v -5.0 9.0 -4.999999
v 3.0 8.0 -4.999999
v -5.0 8.0 -4.999999
v -4.999999 9.0 -5.0
v -3.999999 9.0 -5.0
v -4.374999 9.0625 -5.0
v -4.062499 9.3125 -5.0
v -3.999999 10.0 -5.0
v -4.062499 9.3125 -5.0
v -3.999999 10.0 -5.0
v -4.210937 10.0 -4.901367
v -4.249999 9.5 -4.901367
v -4.999999 9.0 -5.0
v -4.374999 9.0625 -5.0
v -4.562499 9.25 -4.901367
v -4.999999 9.2109375 -4.901367
v -4.999999 9.2109375 -4.901367
v -4.562499 9.25 -4.901367
v -4.999999 9.669922 -4.0029287
v -4.249999 9.5 -4.901367
v -4.669921 10.0 -4.0029287
v -4.210937 10.0 -4.901367
v -4.669921 10.0 -4.0029287
v -4.999999 10.0 -4.0
v -4.999999 9.669922 -4.0029287
v -4.210937 11.0 -4.901367
v -4.669921 11.0 -4.0029287
v -4.669921 10.0 -4.0029287
v -4.210937 10.0 -4.901367
v -4.999999 11.0 -4.0
v -4.999999 10.0 -4.0
v -4.210937 11.0 -4.901367
v -4.210937 10.0 -4.901367
v -3.999999 10.0 -5.0
v -3.999999 11.0 -5.0
v -4.669921 11.669922 -4.0029287
v -3.999999 11.669922 -4.0029287
v -3.999999 12.0 -4.0
v -4.999999 12.0 -4.0
v -4.669921 11.0 -4.0029287
v -4.669921 11.669922 -4.0029287
v -4.999999 12.0 -4.0
v -4.999999 11.0 -4.0
v -4.669921 11.0 -4.0029287
v -4.210937 11.0 -4.901367
v -4.669921 11.669922 -4.0029287
v -4.105468 11.105469 -4.901367
v -3.999999 11.210938 -4.901367
v -3.999999 11.210938 -4.901367
v -4.105468 11.105469 -4.901367
v -3.999999 11.0 -5.0
v -4.210937 11.0 -4.901367
v -3.999999 11.669922 -4.0029287
v -4.669921 11.669922 -4.0029287
v -3.999999 11.210938 -4.901367
v 4.0 11.0 -4.999999
v -4.0 11.0 -4.999999
v 4.0 9.0 -4.999999
v -4.0 9.0 -4.999999
v -2.0 11.210937 -4.901367
v -2.0 11.669921 -4.0029287
v -4.0 11.669921 -4.0029287
v -4.0 11.210937 -4.901367
v -2.0 11.999999 -4.0
v -4.0 11.999999 -4.0
v -2.0 11.210937 -4.901367
v -4.0 11.210937 -4.901367
v -4.0 10.999999 -5.0
v -2.0 10.999999 -5.0
v -2.0 3.0 -4.999999
v -3.0 3.0 -4.999999
v -2.0 -3.0 -4.999999
v -3.0 -3.0 -4.999999
v -2.0 14.0 -3.999999
v -3.0 14.0 -3.999999
v -2.0 12.0 -3.999999
v -3.0 12.0 -3.999999
v -1.669922 -7.669921 -5.0029287
v -1.669922 -6.999999 -5.0029287
v -2.0 -6.999999 -5.0
v -2.0 -7.999999 -5.0
v -1.0 -7.669921 -5.0029287
v -1.669922 -7.669921 -5.0029287
v -2.0 -7.999999 -5.0
v -1.0 -7.999999 -5.0
v -1.0 -7.669921 -5.0029287
v -1.0 -7.210937 -5.901367
v -1.669922 -7.669921 -5.0029287
v -1.105469 -7.105468 -5.901367
v -1.210938 -6.999999 -5.901367
v -1.210938 -6.999999 -5.901367
v -1.105469 -7.105468 -5.901367
v -1.0 -6.999999 -6.0
v -1.0 -7.210937 -5.901367
v -1.669922 -6.999999 -5.0029287
v -1.669922 -7.669921 -5.0029287
v -1.210938 -6.999999 -5.901367
v -1.210937 -2.0 -5.901367
v -1.6699209 -2.0 -5.0029287
v -1.6699209 -7.0 -5.0029287
v -1.210937 -7.0 -5.901367
v -1.999999 -2.0 -5.0
v -1.999999 -7.0 -5.0
v -1.210937 -2.0 -5.901367
v -1.210937 -7.0 -5.901367
v -0.99999905 -7.0 -6.0
v -0.99999905 -2.0 -6.0
v -1.669921 -1.330078 -5.0029287
v -0.99999905 -1.330078 -5.0029287
v -0.99999905 -1.0 -5.0
v -1.999999 -1.0 -5.0
v -1.669921 -2.0 -5.0029287
v -1.669921 -1.330078 -5.0029287
v -1.999999 -1.0 -5.0
v -1.999999 -2.0 -5.0
v -1.669921 -2.0 -5.0029287
v -1.210937 -2.0 -5.901367
v -1.669921 -1.330078 -5.0029287
v -1.105468 -1.894531 -5.901367
v -0.99999905 -1.789062 -5.901367
v -0.99999905 -1.789062 -5.901367
v -1.105468 -1.894531 -5.901367
v -0.99999905 -2.0 -6.0
v -1.210937 -2.0 -5.901367
v -0.99999905 -1.330078 -5.0029287
v -1.669921 -1.330078 -5.0029287
v -0.99999905 -1.789062 -5.901367
v 2.0 4.0 -4.999999
v -2.0 4.0 -4.999999
v 2.0 -1.0 -4.999999
v -2.0 -1.0 -4.999999
v -1.999999 11.0 -5.0
v -0.99999905 11.0 -5.0
v -1.374999 11.0625 -5.0
v -1.062499 11.3125 -5.0
v -0.99999905 12.0 -5.0
v -1.062499 11.3125 -5.0
v -0.99999905 12.0 -5.0
v -1.210937 12.0 -4.901367
v -1.249999 11.5 -4.901367
v -1.999999 11.0 -5.0
v -1.374999 11.0625 -5.0
v -1.562499 11.25 -4.901367
v -1.999999 11.2109375 -4.901367
v -1.999999 11.2109375 -4.901367
v -1.562499 11.25 -4.901367
v -1.999999 11.669922 -4.0029287
v -1.249999 11.5 -4.901367
v -1.6699209 12.0 -4.0029287
v -1.210937 12.0 -4.901367
v -1.6699209 12.0 -4.0029287
v -1.999999 12.0 -4.0
v -1.999999 11.669922 -4.0029287
v -1.669921 12.669922 -4.0029287
v -0.99999905 12.669922 -4.0029287
v -0.99999905 13.0 -4.0
v -1.999999 13.0 -4.0
v -1.669921 12.0 -4.0029287
v -1.669921 12.669922 -4.0029287
v -1.999999 13.0 -4.0
v -1.999999 12.0 -4.0
v -1.669921 12.0 -4.0029287
v -1.210937 12.0 -4.901367
v -1.669921 12.669922 -4.0029287
v -1.105468 12.105469 -4.901367
v -0.99999905 12.210938 -4.901367
v -0.99999905 12.210938 -4.901367
v -1.105468 12.105469 -4.901367
v -0.99999905 12.0 -5.0
v -1.210937 12.0 -4.901367
v -0.99999905 12.669922 -4.0029287
v -1.669921 12.669922 -4.0029287
v -0.99999905 12.210938 -4.901367
v -1.0 14.0 -3.999999
v -2.0 14.0 -3.999999
v -1.0 13.0 -3.999999
v -2.0 13.0 -3.999999
v -0.669922 -11.669921 -5.0029287
v -0.669922 -10.999999 -5.0029287
v -1.0 -10.999999 -5.0
v -1.0 -11.999999 -5.0
v 0.0 -11.669921 -5.0029287
v -0.669922 -11.669921 -5.0029287
v -1.0 -11.999999 -5.0
v 0.0 -11.999999 -5.0
v 0.0 -11.669921 -5.0029287
v 0.0 -11.2109375 -5.901367
v -0.669922 -11.669921 -5.0029287
v -0.10546899 -11.105468 -5.901367
v -0.21093798 -10.999999 -5.901367
v -0.21093798 -10.999999 -5.901367
v -0.10546899 -11.105468 -5.901367
v 0.0 -10.999999 -6.0
v 0.0 -11.2109375 -5.901367
v -0.669922 -10.999999 -5.0029287
v -0.669922 -11.669921 -5.0029287
v -0.21093798 -10.999999 -5.901367
v -0.21093702 -8.0 -5.901367
v -0.669921 -8.0 -5.0029287
v -0.669921 -11.0 -5.0029287
v -0.21093702 -11.0 -5.901367
v -0.999999 -8.0 -5.0
v -0.999999 -11.0 -5.0
v -0.21093702 -8.0 -5.901367
v -0.21093702 -11.0 -5.901367
v 9.536743E-7 -11.0 -6.0
v 9.536743E-7 -8.0 -6.0
v 0.0 -7.999999 -6.0
v 0.0 -6.999999 -6.0
v -0.0625 -7.374999 -6.0
v -0.3125 -7.062499 -6.0
v -1.0 -6.999999 -6.0
v -0.3125 -7.062499 -6.0
v -1.0 -6.999999 -6.0
v -1.0 -7.210937 -5.901367
v -0.5 -7.249999 -5.901367
v 0.0 -7.999999 -6.0
v -0.0625 -7.374999 -6.0
v -0.25 -7.562499 -5.901367
v -0.21093798 -7.999999 -5.901367
v -0.21093798 -7.999999 -5.901367
v -0.25 -7.562499 -5.901367
v -0.669922 -7.999999 -5.0029287
v -0.5 -7.249999 -5.901367
v -1.0 -7.669921 -5.0029287
v -1.0 -7.210937 -5.901367
v -1.0 -7.669921 -5.0029287
v -1.0 -7.999999 -5.0
v -0.669922 -7.999999 -5.0029287
v 7.0 -2.0 -5.999999
v -1.0 -2.0 -5.999999
v 7.0 -7.0 -5.999999
v -1.0 -7.0 -5.999999
v 2.0 -1.789063 -5.901367
v 2.0 -1.3300791 -5.0029287
v -1.0 -1.3300791 -5.0029287
v -1.0 -1.789063 -5.901367
v 2.0 -1.000001 -5.0
v -1.0 -1.000001 -5.0
v 2.0 -1.789063 -5.901367
v -1.0 -1.789063 -5.901367
v -1.0 -2.000001 -6.0
v 2.0 -2.000001 -6.0
v 3.0 8.0 -4.999999
v -1.0 8.0 -4.999999
v 3.0 4.0 -4.999999
v -1.0 4.0 -4.999999
v 6.0 12.0 -4.999999
v -1.0 12.0 -4.999999
v 6.0 11.0 -4.999999
v -1.0 11.0 -4.999999
v -0.999999 12.0 -5.0
v 9.536743E-7 12.0 -5.0
v -0.374999 12.0625 -5.0
v -0.062498987 12.3125 -5.0
v 9.536743E-7 13.0 -5.0
v -0.062498987 12.3125 -5.0
v 9.536743E-7 13.0 -5.0
v -0.21093702 13.0 -4.901367
v -0.24999899 12.5 -4.901367
v -0.999999 12.0 -5.0
v -0.374999 12.0625 -5.0
v -0.562499 12.25 -4.901367
v -0.999999 12.2109375 -4.901367
v -0.999999 12.2109375 -4.901367
v -0.562499 12.25 -4.901367
v -0.999999 12.669922 -4.0029287
v -0.24999899 12.5 -4.901367
v -0.669921 13.0 -4.0029287
v -0.21093702 13.0 -4.901367
v -0.669921 13.0 -4.0029287
v -0.999999 13.0 -4.0
v -0.999999 12.669922 -4.0029287
v -0.21093702 16.0 -4.901367
v -0.669921 16.0 -4.0029287
v -0.669921 13.0 -4.0029287
v -0.21093702 13.0 -4.901367
v -0.999999 16.0 -4.0
v -0.999999 13.0 -4.0
v -0.21093702 16.0 -4.901367
v -0.21093702 13.0 -4.901367
v 9.536743E-7 13.0 -5.0
v 9.536743E-7 16.0 -5.0
v 0.789063 -12.0 -5.901367
v 0.33007902 -12.0 -5.0029287
v 0.33007902 -16.0 -5.0029287
v 0.789063 -16.0 -5.901367
v 1.013279E-6 -12.0 -5.0
v 1.013279E-6 -16.0 -5.0
v 0.789063 -12.0 -5.901367
v 0.789063 -16.0 -5.901367
v 1.000001 -16.0 -6.0
v 1.000001 -12.0 -6.0
v 1.0 -11.999999 -6.0
v 1.0 -10.999999 -6.0
v 0.9375 -11.374999 -6.0
v 0.6875 -11.062499 -6.0
v 0.0 -10.999999 -6.0
v 0.6875 -11.062499 -6.0
v 0.0 -10.999999 -6.0
v 0.0 -11.2109375 -5.901367
v 0.5 -11.249999 -5.901367
v 1.0 -11.999999 -6.0
v 0.9375 -11.374999 -6.0
v 0.75 -11.562499 -5.901367
v 0.789062 -11.999999 -5.901367
v 0.789062 -11.999999 -5.901367
v 0.75 -11.562499 -5.901367
v 0.330078 -11.999999 -5.0029287
v 0.5 -11.249999 -5.901367
v 0.0 -11.669921 -5.0029287
v 0.0 -11.2109375 -5.901367
v 0.0 -11.669921 -5.0029287
v 0.0 -11.999999 -5.0
v 0.330078 -11.999999 -5.0029287
v 8.0 -7.0 -5.999999
v 0.0 -7.0 -5.999999
v 8.0 -11.0 -5.999999
v 0.0 -11.0 -5.999999
v 6.0 16.0 -4.999999
v 0.0 16.0 -4.999999
v 6.0 12.0 -4.999999
v 0.0 12.0 -4.999999
v 8.0 -11.0 -5.999999
v 1.0 -11.0 -5.999999
v 8.0 -16.0 -5.999999
v 1.0 -16.0 -5.999999
v 2.000001 -2.0 -6.0
v 3.000001 -2.0 -6.0
v 2.625001 -1.9375 -6.0
v 2.937501 -1.6875 -6.0
v 3.000001 -1.0 -6.0
v 2.937501 -1.6875 -6.0
v 3.000001 -1.0 -6.0
v 2.789063 -1.0 -5.901367
v 2.750001 -1.5 -5.901367
v 2.000001 -2.0 -6.0
v 2.625001 -1.9375 -6.0
v 2.437501 -1.75 -5.901367
v 2.000001 -1.789062 -5.901367
v 2.000001 -1.789062 -5.901367
v 2.437501 -1.75 -5.901367
v 2.000001 -1.330078 -5.0029287
v 2.750001 -1.5 -5.901367
v 2.330079 -1.0 -5.0029287
v 2.789063 -1.0 -5.901367
v 2.330079 -1.0 -5.0029287
v 2.000001 -1.0 -5.0
v 2.000001 -1.330078 -5.0029287
v 2.789063 3.0 -5.901367
v 2.330079 3.0 -5.0029287
v 2.330079 -1.0 -5.0029287
v 2.789063 -1.0 -5.901367
v 2.000001 3.0 -5.0
v 2.000001 -1.0 -5.0
v 2.789063 3.0 -5.901367
v 2.789063 -1.0 -5.901367
v 3.000001 -1.0 -6.0
v 3.000001 3.0 -6.0
v 2.330079 3.6699219 -5.0029287
v 3.000001 3.6699219 -5.0029287
v 3.000001 4.0 -5.0
v 2.000001 4.0 -5.0
v 2.330079 3.0 -5.0029287
v 2.330079 3.6699219 -5.0029287
v 2.000001 4.0 -5.0
v 2.000001 3.0 -5.0
v 2.330079 3.0 -5.0029287
v 2.789063 3.0 -5.901367
v 2.330079 3.6699219 -5.0029287
v 2.894532 3.105469 -5.901367
v 3.000001 3.210938 -5.901367
v 3.000001 3.210938 -5.901367
v 2.894532 3.105469 -5.901367
v 3.000001 3.0 -6.0
v 2.789063 3.0 -5.901367
v 3.000001 3.6699219 -5.0029287
v 2.330079 3.6699219 -5.0029287
v 3.000001 3.210938 -5.901367
v 10.0 3.0 -5.999999
v 3.0 3.0 -5.999999
v 10.0 -2.0 -5.999999
v 3.0 -2.0 -5.999999
v 3.000001 3.0 -6.0
v 4.000001 3.0 -6.0
v 3.625001 3.0625 -6.0
v 3.937501 3.3125 -6.0
v 4.000001 4.0 -6.0
v 3.937501 3.3125 -6.0
v 4.000001 4.0 -6.0
v 3.789063 4.0 -5.901367
v 3.750001 3.5 -5.901367
v 3.000001 3.0 -6.0
v 3.625001 3.0625 -6.0
v 3.437501 3.25 -5.901367
v 3.000001 3.210938 -5.901367
v 3.000001 3.210938 -5.901367
v 3.437501 3.25 -5.901367
v 3.000001 3.6699219 -5.0029287
v 3.750001 3.5 -5.901367
v 3.330079 4.0 -5.0029287
v 3.789063 4.0 -5.901367
v 3.330079 4.0 -5.0029287
v 3.000001 4.0 -5.0
v 3.000001 3.6699219 -5.0029287
v 3.789063 8.0 -5.901367
v 3.330079 8.0 -5.0029287
v 3.330079 4.0 -5.0029287
v 3.789063 4.0 -5.901367
v 3.000001 8.0 -5.0
v 3.000001 4.0 -5.0
v 3.789063 8.0 -5.901367
v 3.789063 4.0 -5.901367
v 4.000001 4.0 -6.0
v 4.000001 8.0 -6.0
v 3.330079 8.669922 -5.0029287
v 4.000001 8.669922 -5.0029287
v 4.000001 9.0 -5.0
v 3.000001 9.0 -5.0
v 3.330079 8.0 -5.0029287
v 3.330079 8.669922 -5.0029287
v 3.000001 9.0 -5.0
v 3.000001 8.0 -5.0
v 3.330079 8.0 -5.0029287
v 3.789063 8.0 -5.901367
v 3.330079 8.669922 -5.0029287
v 3.894532 8.105469 -5.901367
v 4.000001 8.210938 -5.901367
v 4.000001 8.210938 -5.901367
v 3.894532 8.105469 -5.901367
v 4.000001 8.0 -6.0
v 3.789063 8.0 -5.901367
v 4.000001 8.669922 -5.0029287
v 3.330079 8.669922 -5.0029287
v 4.000001 8.210938 -5.901367
v 12.0 8.0 -5.999999
v 4.0 8.0 -5.999999
v 12.0 3.0 -5.999999
v 4.0 3.0 -5.999999
v 5.0 8.210937 -5.901367
v 5.0 8.669921 -5.0029287
v 4.0 8.669921 -5.0029287
v 4.0 8.210937 -5.901367
v 5.0 8.999999 -5.0
v 4.0 8.999999 -5.0
v 5.0 8.210937 -5.901367
v 4.0 8.210937 -5.901367
v 4.0 7.999999 -6.0
v 5.0 7.999999 -6.0
v 5.0 11.0 -4.999999
v 4.0 11.0 -4.999999
v 5.0 9.0 -4.999999
v 4.0 9.0 -4.999999
v 5.000001 8.0 -6.0
v 6.000001 8.0 -6.0
v 5.625001 8.0625 -6.0
v 5.937501 8.3125 -6.0
v 6.000001 9.0 -6.0
v 5.937501 8.3125 -6.0
v 6.000001 9.0 -6.0
v 5.789063 9.0 -5.901367
v 5.750001 8.5 -5.901367
v 5.000001 8.0 -6.0
v 5.625001 8.0625 -6.0
v 5.437501 8.25 -5.901367
v 5.000001 8.2109375 -5.901367
v 5.000001 8.2109375 -5.901367
v 5.437501 8.25 -5.901367
v 5.000001 8.669922 -5.0029287
v 5.750001 8.5 -5.901367
v 5.330079 9.0 -5.0029287
v 5.789063 9.0 -5.901367
v 5.330079 9.0 -5.0029287
v 5.000001 9.0 -5.0
v 5.000001 8.669922 -5.0029287
v 5.330079 9.669922 -5.0029287
v 6.000001 9.669922 -5.0029287
v 6.000001 10.0 -5.0
v 5.000001 10.0 -5.0
v 5.330079 9.0 -5.0029287
v 5.330079 9.669922 -5.0029287
v 5.000001 10.0 -5.0
v 5.000001 9.0 -5.0
v 5.330079 9.0 -5.0029287
v 5.789063 9.0 -5.901367
v 5.330079 9.669922 -5.0029287
v 5.894532 9.105469 -5.901367
v 6.000001 9.210938 -5.901367
v 6.000001 9.210938 -5.901367
v 5.894532 9.105469 -5.901367
v 6.000001 9.0 -6.0
v 5.789063 9.0 -5.901367
v 6.000001 9.669922 -5.0029287
v 5.330079 9.669922 -5.0029287
v 6.000001 9.210938 -5.901367
v 6.0 11.0 -4.999999
v 5.0 11.0 -4.999999
v 6.0 10.0 -4.999999
v 5.0 10.0 -4.999999
v 12.0 9.0 -5.999999
v 6.0 9.0 -5.999999
v 12.0 8.0 -5.999999
v 6.0 8.0 -5.999999
v 6.000001 9.0 -6.0
v 7.000001 9.0 -6.0
v 6.625001 9.0625 -6.0
v 6.937501 9.3125 -6.0
v 7.000001 10.0 -6.0
v 6.937501 9.3125 -6.0
v 7.000001 10.0 -6.0
v 6.789063 10.0 -5.901367
v 6.750001 9.5 -5.901367
v 6.000001 9.0 -6.0
v 6.625001 9.0625 -6.0
v 6.437501 9.25 -5.901367
v 6.000001 9.2109375 -5.901367
v 6.000001 9.2109375 -5.901367
v 6.437501 9.25 -5.901367
v 6.000001 9.669922 -5.0029287
v 6.750001 9.5 -5.901367
v 6.330079 10.0 -5.0029287
v 6.789063 10.0 -5.901367
v 6.330079 10.0 -5.0029287
v 6.000001 10.0 -5.0
v 6.000001 9.669922 -5.0029287
v 6.789063 16.0 -5.901367
v 6.330079 16.0 -5.0029287
v 6.330079 10.0 -5.0029287
v 6.789063 10.0 -5.901367
v 6.000001 16.0 -5.0
v 6.000001 10.0 -5.0
v 6.789063 16.0 -5.901367
v 6.789063 10.0 -5.901367
v 7.000001 10.0 -6.0
v 7.000001 16.0 -6.0
v 9.0 -2.0 -5.999999
v 7.0 -2.0 -5.999999
v 9.0 -7.0 -5.999999
v 7.0 -7.0 -5.999999
v 12.0 16.0 -5.999999
v 7.0 16.0 -5.999999
v 12.0 9.0 -5.999999
v 7.0 9.0 -5.999999
v 8.7890625 -11.0 -6.901367
v 8.330079 -11.0 -6.0029287
v 8.330079 -16.0 -6.0029287
v 8.7890625 -16.0 -6.901367
v 8.000001 -11.0 -6.0
v 8.000001 -16.0 -6.0
v 8.7890625 -11.0 -6.901367
v 8.7890625 -16.0 -6.901367
v 9.000001 -16.0 -7.0
v 9.000001 -11.0 -7.0
v 8.330079 -10.330078 -6.0029287
v 9.000001 -10.330078 -6.0029287
v 9.000001 -10.0 -6.0
v 8.000001 -10.0 -6.0
v 8.330079 -11.0 -6.0029287
v 8.330079 -10.330078 -6.0029287
v 8.000001 -10.0 -6.0
v 8.000001 -11.0 -6.0
v 8.330079 -11.0 -6.0029287
v 8.7890625 -11.0 -6.901367
v 8.330079 -10.330078 -6.0029287
v 8.894532 -10.894531 -6.901367
v 9.000001 -10.789062 -6.901367
v 9.000001 -10.789062 -6.901367
v 8.894532 -10.894531 -6.901367
v 9.000001 -11.0 -7.0
v 8.7890625 -11.0 -6.901367
v 9.000001 -10.330078 -6.0029287
v 8.330079 -10.330078 -6.0029287
v 9.000001 -10.789062 -6.901367
v 9.0 -7.0 -5.999999
v 8.0 -7.0 -5.999999
v 9.0 -10.0 -5.999999
v 8.0 -10.0 -5.999999
v 16.0 -11.0 -6.999999
v 9.0 -11.0 -6.999999
v 16.0 -16.0 -6.999999
v 9.0 -16.0 -6.999999
v 9.000001 -11.0 -7.0
v 10.000001 -11.0 -7.0
v 9.625001 -10.9375 -7.0
v 9.937501 -10.6875 -7.0
v 10.000001 -10.0 -7.0
v 9.937501 -10.6875 -7.0
v 10.000001 -10.0 -7.0
v 9.7890625 -10.0 -6.901367
v 9.750001 -10.5 -6.901367
v 9.000001 -11.0 -7.0
v 9.625001 -10.9375 -7.0
v 9.437501 -10.75 -6.901367
v 9.000001 -10.7890625 -6.901367
v 9.000001 -10.7890625 -6.901367
v 9.437501 -10.75 -6.901367
v 9.000001 -10.330078 -6.0029287
v 9.750001 -10.5 -6.901367
v 9.330079 -10.0 -6.0029287
v 9.7890625 -10.0 -6.901367
v 9.330079 -10.0 -6.0029287
v 9.000001 -10.0 -6.0
v 9.000001 -10.330078 -6.0029287
v 9.7890625 -5.0 -6.901367
v 9.330079 -5.0 -6.0029287
v 9.330079 -10.0 -6.0029287
v 9.7890625 -10.0 -6.901367
v 9.000001 -5.0 -6.0
v 9.000001 -10.0 -6.0
v 9.7890625 -5.0 -6.901367
v 9.7890625 -10.0 -6.901367
v 10.000001 -10.0 -7.0
v 10.000001 -5.0 -7.0
v 9.330079 -4.330078 -6.0029287
v 10.000001 -4.330078 -6.0029287
v 10.000001 -4.0 -6.0
v 9.000001 -4.0 -6.0
v 9.330079 -5.0 -6.0029287
v 9.330079 -4.330078 -6.0029287
v 9.000001 -4.0 -6.0
v 9.000001 -5.0 -6.0
v 9.330079 -5.0 -6.0029287
v 9.7890625 -5.0 -6.901367
v 9.330079 -4.330078 -6.0029287
v 9.894532 -4.8945312 -6.901367
v 10.000001 -4.789062 -6.901367
v 10.000001 -4.789062 -6.901367
v 9.894532 -4.8945312 -6.901367
v 10.000001 -5.0 -7.0
v 9.7890625 -5.0 -6.901367
v 10.000001 -4.330078 -6.0029287
v 9.330079 -4.330078 -6.0029287
v 10.000001 -4.789062 -6.901367
v 10.0 -2.0 -5.999999
v 9.0 -2.0 -5.999999
v 10.0 -4.0 -5.999999
v 9.0 -4.0 -5.999999
v 16.0 -5.0 -6.999999
v 10.0 -5.0 -6.999999
v 16.0 -11.0 -6.999999
v 10.0 -11.0 -6.999999
v 10.000001 -5.0 -7.0
v 11.000001 -5.0 -7.0
v 10.625001 -4.9375 -7.0
v 10.937501 -4.6875 -7.0
v 11.000001 -4.0 -7.0
v 10.937501 -4.6875 -7.0
v 11.000001 -4.0 -7.0
v 10.7890625 -4.0 -6.901367
v 10.750001 -4.5 -6.901367
v 10.000001 -5.0 -7.0
v 10.625001 -4.9375 -7.0
v 10.437501 -4.75 -6.901367
v 10.000001 -4.789062 -6.901367
v 10.000001 -4.789062 -6.901367
v 10.437501 -4.75 -6.901367
v 10.000001 -4.330078 -6.0029287
v 10.750001 -4.5 -6.901367
v 10.330079 -4.0 -6.0029287
v 10.7890625 -4.0 -6.901367
v 10.330079 -4.0 -6.0029287
v 10.000001 -4.0 -6.0
v 10.000001 -4.330078 -6.0029287
v 10.7890625 1.0 -6.901367
v 10.330079 1.0 -6.0029287
v 10.330079 -4.0 -6.0029287
v 10.7890625 -4.0 -6.901367
v 10.000001 1.0 -6.0
v 10.000001 -4.0 -6.0
v 10.7890625 1.0 -6.901367
v 10.7890625 -4.0 -6.901367
v 11.000001 -4.0 -7.0
v 11.000001 1.0 -7.0
v 10.330079 1.669922 -6.0029287
v 11.000001 1.669922 -6.0029287
v 11.000001 2.0 -6.0
v 10.000001 2.0 -6.0
v 10.330079 1.0 -6.0029287
v 10.330079 1.669922 -6.0029287
v 10.000001 2.0 -6.0
v 10.000001 1.0 -6.0
v 10.330079 1.0 -6.0029287
v 10.7890625 1.0 -6.901367
v 10.330079 1.669922 -6.0029287
v 10.894532 1.105469 -6.901367
v 11.000001 1.210938 -6.901367
v 11.000001 1.210938 -6.901367
v 10.894532 1.105469 -6.901367
v 11.000001 1.0 -7.0
v 10.7890625 1.0 -6.901367
v 11.000001 1.669922 -6.0029287
v 10.330079 1.669922 -6.0029287
v 11.000001 1.210938 -6.901367
v 12.0 3.0 -5.999999
v 10.0 3.0 -5.999999
v 12.0 2.0 -5.999999
v 10.0 2.0 -5.999999
v 16.0 1.0 -6.999999
v 11.0 1.0 -6.999999
v 16.0 -5.0 -6.999999
v 11.0 -5.0 -6.999999
v 12.0 1.210937 -6.901367
v 12.0 1.6699209 -6.0029287
v 11.0 1.6699209 -6.0029287
v 11.0 1.210937 -6.901367
v 12.0 1.999999 -6.0
v 11.0 1.999999 -6.0
v 12.0 1.210937 -6.901367
v 11.0 1.210937 -6.901367
v 11.0 0.999999 -7.0
v 12.0 0.999999 -7.0
v 12.000001 1.0 -7.0
v 13.000001 1.0 -7.0
v 12.625001 1.0625 -7.0
v 12.937501 1.3125 -7.0
v 13.000001 2.0 -7.0
v 12.937501 1.3125 -7.0
v 13.000001 2.0 -7.0
v 12.7890625 2.0 -6.901367
v 12.750001 1.5 -6.901367
v 12.000001 1.0 -7.0
v 12.625001 1.0625 -7.0
v 12.437501 1.25 -6.901367
v 12.000001 1.210938 -6.901367
v 12.000001 1.210938 -6.901367
v 12.437501 1.25 -6.901367
v 12.000001 1.669922 -6.0029287
v 12.750001 1.5 -6.901367
v 12.330079 2.0 -6.0029287
v 12.7890625 2.0 -6.901367
v 12.330079 2.0 -6.0029287
v 12.000001 2.0 -6.0
v 12.000001 1.669922 -6.0029287
v 12.7890625 10.0 -6.901367
v 12.330079 10.0 -6.0029287
v 12.330079 2.0 -6.0029287
v 12.7890625 2.0 -6.901367
v 12.000001 10.0 -6.0
v 12.000001 2.0 -6.0
v 12.7890625 10.0 -6.901367
v 12.7890625 2.0 -6.901367
v 13.000001 2.0 -7.0
v 13.000001 10.0 -7.0
v 12.330079 10.669922 -6.0029287
v 13.000001 10.669922 -6.0029287
v 13.000001 11.0 -6.0
v 12.000001 11.0 -6.0
v 12.330079 10.0 -6.0029287
v 12.330079 10.669922 -6.0029287
v 12.000001 11.0 -6.0
v 12.000001 10.0 -6.0
v 12.330079 10.0 -6.0029287
v 12.7890625 10.0 -6.901367
v 12.330079 10.669922 -6.0029287
v 12.894532 10.105469 -6.901367
v 13.000001 10.210938 -6.901367
v 13.000001 10.210938 -6.901367
v 12.894532 10.105469 -6.901367
v 13.000001 10.0 -7.0
v 12.7890625 10.0 -6.901367
v 13.000001 10.669922 -6.0029287
v 12.330079 10.669922 -6.0029287
v 13.000001 10.210938 -6.901367
v 13.0 16.0 -5.999999
v 12.0 16.0 -5.999999
v 13.0 11.0 -5.999999
v 12.0 11.0 -5.999999
v 16.0 9.0 -6.999999
v 13.0 9.0 -6.999999
v 16.0 1.0 -6.999999
v 13.0 1.0 -6.999999
v 16.0 10.0 -6.999999
v 13.0 10.0 -6.999999
v 16.0 9.0 -6.999999
v 13.0 9.0 -6.999999
v 13.000001 10.0 -7.0
v 14.000001 10.0 -7.0
v 13.625001 10.0625 -7.0
v 13.937501 10.3125 -7.0
v 14.000001 11.0 -7.0
v 13.937501 10.3125 -7.0
v 14.000001 11.0 -7.0
v 13.7890625 11.0 -6.901367
v 13.750001 10.5 -6.901367
v 13.000001 10.0 -7.0
v 13.625001 10.0625 -7.0
v 13.437501 10.25 -6.901367
v 13.000001 10.2109375 -6.901367
v 13.000001 10.2109375 -6.901367
v 13.437501 10.25 -6.901367
v 13.000001 10.669922 -6.0029287
v 13.750001 10.5 -6.901367
v 13.330079 11.0 -6.0029287
v 13.7890625 11.0 -6.901367
v 13.330079 11.0 -6.0029287
v 13.000001 11.0 -6.0
v 13.000001 10.669922 -6.0029287
v 13.7890625 13.0 -6.901367
v 13.330079 13.0 -6.0029287
v 13.330079 11.0 -6.0029287
v 13.7890625 11.0 -6.901367
v 13.000001 13.0 -6.0
v 13.000001 11.0 -6.0
v 13.7890625 13.0 -6.901367
v 13.7890625 11.0 -6.901367
v 14.000001 11.0 -7.0
v 14.000001 13.0 -7.0
v 13.330079 13.669922 -6.0029287
v 14.000001 13.669922 -6.0029287
v 14.000001 14.0 -6.0
v 13.000001 14.0 -6.0
v 13.330079 13.0 -6.0029287
v 13.330079 13.669922 -6.0029287
v 13.000001 14.0 -6.0
v 13.000001 13.0 -6.0
v 13.330079 13.0 -6.0029287
v 13.7890625 13.0 -6.901367
v 13.330079 13.669922 -6.0029287
v 13.894532 13.105469 -6.901367
v 14.000001 13.210938 -6.901367
v 14.000001 13.210938 -6.901367
v 13.894532 13.105469 -6.901367
v 14.000001 13.0 -7.0
v 13.7890625 13.0 -6.901367
v 14.000001 13.669922 -6.0029287
v 13.330079 13.669922 -6.0029287
v 14.000001 13.210938 -6.901367
v 16.0 16.0 -5.999999
v 13.0 16.0 -5.999999
v 16.0 14.0 -5.999999
v 13.0 14.0 -5.999999
v 16.0 13.0 -6.999999
v 14.0 13.0 -6.999999
v 16.0 10.0 -6.999999
v 14.0 10.0 -6.999999
v 16.0 13.210937 -6.901367
v 16.0 13.669921 -6.0029287
v 14.0 13.669921 -6.0029287
v 14.0 13.210937 -6.901367
v 16.0 13.999999 -6.0
v 14.0 13.999999 -6.0
v 16.0 13.210937 -6.901367
v 14.0 13.210937 -6.901367
v 14.0 12.999999 -7.0
v 16.0 12.999999 -7.0
v -8.0 -16.000008 -0.6875
v -8.0 -7.9999924 -0.687499
v -16.0 -7.9999924 -0.687499
v -16.0 -16.000008 -0.6875
v -8.0 -8.000008 -0.6875
v -8.0 7.6293945E-6 -0.687499
v -16.0 7.6293945E-6 -0.687499
v -16.0 -8.000008 -0.6875
v -8.0 -8.106232E-6 -0.6875
v -8.0 8.000008 -0.687499
v -16.0 8.000008 -0.687499
v -16.0 -8.106232E-6 -0.6875
v -8.0 7.999992 -0.6875
v -8.0 16.000008 -0.687499
v -16.0 16.000008 -0.687499
v -16.0 7.999992 -0.6875
v 0.0 -16.000008 -0.6875
v 0.0 -7.9999924 -0.687499
v -8.0 -7.9999924 -0.687499
v -8.0 -16.000008 -0.6875
v 0.0 -8.000008 -0.6875
v 0.0 7.6293945E-6 -0.687499
v -8.0 7.6293945E-6 -0.687499
v -8.0 -8.000008 -0.6875
v 0.0 -8.106232E-6 -0.6875
v 0.0 8.000008 -0.687499
v -8.0 8.000008 -0.687499
v -8.0 -8.106232E-6 -0.6875
v 0.0 7.999992 -0.6875
v 0.0 16.000008 -0.687499
v -8.0 16.000008 -0.687499
v -8.0 7.999992 -0.6875
v 8.0 -16.000008 -0.6875
v 8.0 -7.9999924 -0.687499
v 0.0 -7.9999924 -0.687499
v 0.0 -16.000008 -0.6875
v 8.0 -8.000008 -0.6875
v 8.0 7.6293945E-6 -0.687499
v 0.0 7.6293945E-6 -0.687499
v 0.0 -8.000008 -0.6875
v 8.0 -8.106232E-6 -0.6875
v 8.0 8.000008 -0.687499
v 0.0 8.000008 -0.687499
v 0.0 -8.106232E-6 -0.6875
v 8.0 7.999992 -0.6875
v 8.0 16.000008 -0.687499
v 0.0 16.000008 -0.687499
v 0.0 7.999992 -0.6875
v 16.0 -16.000008 -0.6875
v 16.0 -7.9999924 -0.687499
v 8.0 -7.9999924 -0.687499
v 8.0 -16.000008 -0.6875
v 16.0 -8.000008 -0.6875
v 16.0 7.6293945E-6 -0.687499
v 8.0 7.6293945E-6 -0.687499
v 8.0 -8.000008 -0.6875
v 16.0 -8.106232E-6 -0.6875
v 16.0 8.000008 -0.687499
v 8.0 8.000008 -0.687499
v 8.0 -8.106232E-6 -0.6875
v 16.0 7.999992 -0.6875
v 16.0 16.000008 -0.687499
v 8.0 16.000008 -0.687499
v 8.0 7.999992 -0.6875
vt 2.0 0.0
vt 0.0 0.0
vt 0.0 -1.0
vt 2.0 -1.0
vt 2.0 0.0
vt 0.0 0.0
vt 0.0 -1.0
vt 2.0 -1.0
vt 2.0 0.0
vt 0.0 0.0
vt 0.0 -1.0
vt 2.0 -1.0
vt 0.542969 -0.62793
vt 0.189453 -0.62793
vt 0.34375 -0.1875
vt 0.542969 -0.1875
vt 0.042969 -0.62793
vt 0.144531 -0.977539
vt -0.019531 -0.977539
vt 0.895508 -0.62793
vt 0.94043 -0.977539
vt 1.105469 -0.977539
vt 1.106445 -0.457031
vt 0.94043 -0.977539
vt 0.542969 -0.977539
vt 0.895508 -0.62793
vt 0.261719 -0.1875
vt 0.741211 -0.1875
vt 0.34375 -0.1875
vt 0.144531 -0.977539
vt 0.542969 -0.977539
vt 0.722656 -0.442383
vt 0.542969 0.0
vt 1.000977 -0.420898
vt 0.99707 -0.575195
vt 0.685547 -0.015625
vt 0.321289 -0.06543
vt 0.420898 -0.204102
vt 1.004883 -0.558594
vt 0.879883 -0.181641
vt 1.0 -0.990234
vt 0.5 0.570312
vt 0.0 -0.990234
vt 1.0 -0.990234
vt 0.0 -0.990234
vt 1.0 -0.990234
vt 0.0 -0.990234
vt 1.0 -0.990234
vt 0.0 -0.990234
vt 1.0 -0.990234
vt 0.0 -0.990234
vt 1.0 -0.990234
vt 0.0 -0.990234
vt 1.0 -0.990234
vt 0.0 -0.990234
vt 1.0 -0.990234
vt 0.0 -0.990234
vt 1.0 -0.990234
vt 0.0 -0.990234
vt 1.0 -0.990234
vt 0.0 -0.990234
vt 1.0 -0.990234
vt 0.0 -0.990234
vt 1.0 -0.990234
vt 0.0 -0.990234
vt 3.0 0.0
vt 0.0 0.0
vt 0.0 -1.0
vt 3.0 -1.0
vt 3.0 0.0
vt 0.0 0.0
vt 0.0 -1.0
vt 3.0 -1.0
vt 3.0 0.0
vt 0.0 0.0
vt 0.0 -1.0
vt 3.0 -1.0
vt 2.0 0.0
vt 0.0 0.0
vt 0.0 -1.0
vt 2.0 -1.0
vt 2.0 0.0
vt 0.0 0.0
vt 0.0 -1.0
vt 2.0 -1.0
vt 2.0 0.0
vt 0.0 0.0
vt 0.0 -1.0
vt 2.0 -1.0
vt 1.0 0.0
vt 0.0 0.0
vt 0.0 -2.0
vt 1.0 -2.0
vt 1.0 0.0
vt 0.0 0.0
vt 0.0 -2.0
vt 1.0 -2.0
vt 1.0 0.0
vt 0.0 0.0
vt 0.0 -2.0
vt 1.0 -2.0
vt 1.0 0.0
vt 0.0 0.0
vt 0.0 -3.0
vt 1.0 -3.0
vt 1.0 0.0
vt 0.0 0.0
vt 0.0 -3.0
vt 1.0 -3.0
vt 1.0 0.0
vt 0.0 0.0
vt 0.0 -3.0
vt 1.0 -3.0
vt 1.0 0.0
vt 0.0 0.0
vt 0.0 -3.0
vt 1.0 -3.0
vt 1.0 0.0
vt 0.0 0.0
vt 0.0 -3.0
vt 1.0 -3.0
vt 1.0 0.0
vt 0.0 0.0
vt 0.0 -3.0
vt 1.0 -3.0
vt 1.0 0.0
vt 0.0 0.0
vt 0.0 -2.0
vt 1.0 -2.0
vt 1.0 0.0
vt 0.0 0.0
vt 0.0 -2.0
vt 1.0 -2.0
vt 1.0 0.0
vt 0.0 0.0
vt 0.0 -2.0
vt 1.0 -2.0
vt 2.0 0.0
vt 0.0 0.0
vt 0.0 -1.0
vt 2.0 -1.0
vt 2.0 0.0
vt 0.0 0.0
vt 0.0 -1.0
vt 2.0 -1.0
vt 2.0 0.0
vt 0.0 0.0
vt 0.0 -1.0
vt 2.0 -1.0
vt 1.0 0.0
vt 0.0 0.0
vt 0.0 -1.0
vt 1.0 -1.0
vt 1.0 0.0
vt 0.0 0.0
vt 0.0 -1.0
vt 1.0 -1.0
vt 1.0 0.0
vt 0.0 0.0
vt 0.0 -1.0
vt 1.0 -1.0
vt 2.0 0.0
vt 0.0 0.0
vt 0.0 -2.0
vt 2.0 -2.0
vt 2.0 0.0
vt 0.0 0.0
vt 0.0 -2.0
vt 2.0 -2.0
vt 2.0 0.0
vt 0.0 0.0
vt 0.0 -2.0
vt 2.0 -2.0
vt 2.0 0.0
vt 0.0 0.0
vt 0.0 -1.0
vt 2.0 -1.0
vt 2.0 0.0
vt 0.0 0.0
vt 0.0 -1.0
vt 2.0 -1.0
vt 2.0 0.0
vt 0.0 0.0
vt 0.0 -1.0
vt 2.0 -1.0
vt 1.0 0.0
vt 0.0 0.0
vt 0.0 -2.0
vt 1.0 -2.0
vt 1.0 0.0
vt 0.0 0.0
vt 0.0 -2.0
vt 1.0 -2.0
vt 1.0 0.0
vt 0.0 0.0
vt 0.0 -2.0
vt 1.0 -2.0
vt 1.0 0.0
vt 0.0 0.0
vt 0.0 -1.0
vt 1.0 -1.0
vt 1.0 0.0
vt 0.0 0.0
vt 0.0 -1.0
vt 1.0 -1.0
vt 1.0 0.0
vt 0.0 0.0
vt 0.0 -1.0
vt 1.0 -1.0
vt 1.0 0.0
vt 0.0 0.0
vt 0.0 -2.0
vt 1.0 -2.0
vt 1.0 0.0
vt 0.0 0.0
vt 0.0 -2.0
vt 1.0 -2.0
vt 1.0 0.0
vt 0.0 0.0
vt 0.0 -2.0
vt 1.0 -2.0
vt 0.542969 -0.62793
vt 0.189453 -0.62793
vt 0.34375 -0.1875
vt 0.542969 -0.1875
vt 0.042969 -0.62793
vt 0.144531 -0.977539
vt -0.019531 -0.977539
vt 0.895508 -0.62793
vt 0.94043 -0.977539
vt 1.105469 -0.977539
vt 1.106445 -0.457031
vt 0.94043 -0.977539
vt 0.542969 -0.977539
vt 0.895508 -0.62793
vt 0.261719 -0.1875
vt 0.741211 -0.1875
vt 0.34375 -0.1875
vt 0.144531 -0.977539
vt 0.542969 -0.977539
vt 0.722656 -0.442383
vt 0.542969 0.0
vt 1.000977 -0.420898
vt 0.99707 -0.575195
vt 0.685547 -0.015625
vt 0.321289 -0.06543
vt 0.420898 -0.204102
vt 1.004883 -0.558594
vt 0.879883 -0.181641
vt 1.0 -0.990234
vt 0.5 0.570312
vt 0.0 -0.990234
vt 1.0 -0.990234
vt 0.0 -0.990234
vt 1.0 -0.990234
vt 0.0 -0.990234
vt 1.0 -0.990234
vt 0.0 -0.990234
vt 1.0 -0.990234
vt 0.0 -0.990234
vt 1.0 -0.990234
vt 0.0 -0.990234
vt 1.0 -0.990234
vt 0.0 -0.990234
vt 1.0 -0.990234
vt 0.0 -0.990234
vt 1.0 -0.990234
vt 0.0 -0.990234
vt 1.0 -0.990234
vt 0.0 -0.990234
vt 1.0 -0.990234
vt 0.0 -0.990234
vt 1.0 -0.990234
vt 0.0 -0.990234
vt 1.0 0.0
vt 0.0 0.0
vt 0.0 -5.0
vt 1.0 -5.0
vt 1.0 0.0
vt 0.0 0.0
vt 0.0 -5.0
vt 1.0 -5.0
vt 1.0 0.0
vt 0.0 0.0
vt 0.0 -5.0
vt 1.0 -5.0
vt 2.0 0.0
vt 0.0 0.0
vt 0.0 -1.0
vt 2.0 -1.0
vt 2.0 0.0
vt 0.0 0.0
vt 0.0 -1.0
vt 2.0 -1.0
vt 2.0 0.0
vt 0.0 0.0
vt 0.0 -1.0
vt 2.0 -1.0
vt 1.0 0.0
vt 0.0 0.0
vt 0.0 -3.0
vt 1.0 -3.0
vt 1.0 0.0
vt 0.0 0.0
vt 0.0 -3.0
vt 1.0 -3.0
vt 1.0 0.0
vt 0.0 0.0
vt 0.0 -3.0
vt 1.0 -3.0
vt 3.0 0.0
vt 0.0 0.0
vt 0.0 -1.0
vt 3.0 -1.0
vt 3.0 0.0
vt 0.0 0.0
vt 0.0 -1.0
vt 3.0 -1.0
vt 3.0 0.0
vt 0.0 0.0
vt 0.0 -1.0
vt 3.0 -1.0
vt 2.0 0.0
vt 0.0 0.0
vt 0.0 -1.0
vt 2.0 -1.0
vt 2.0 0.0
vt 0.0 0.0
vt 0.0 -1.0
vt 2.0 -1.0
vt 2.0 0.0
vt 0.0 0.0
vt 0.0 -1.0
vt 2.0 -1.0
vt 1.0 0.0
vt 0.0 0.0
vt 0.0 -1.0
vt 1.0 -1.0
vt 1.0 0.0
vt 0.0 0.0
vt 0.0 -1.0
vt 1.0 -1.0
vt 1.0 0.0
vt 0.0 0.0
vt 0.0 -1.0
vt 1.0 -1.0
vt 1.0 0.0
vt 0.0 0.0
vt 0.0 -2.0
vt 1.0 -2.0
vt 1.0 0.0
vt 0.0 0.0
vt 0.0 -2.0
vt 1.0 -2.0
vt 1.0 0.0
vt 0.0 0.0
vt 0.0 -2.0
vt 1.0 -2.0
vt 1.0 0.0
vt 0.0 0.0
vt 0.0 -1.0
vt 1.0 -1.0
vt 1.0 0.0
vt 0.0 0.0
vt 0.0 -1.0
vt 1.0 -1.0
vt 1.0 0.0
vt 0.0 0.0
vt 0.0 -1.0
vt 1.0 -1.0
vt 3.0 0.0
vt 0.0 0.0
vt 0.0 -1.0
vt 3.0 -1.0
vt 3.0 0.0
vt 0.0 0.0
vt 0.0 -1.0
vt 3.0 -1.0
vt 3.0 0.0
vt 0.0 0.0
vt 0.0 -1.0
vt 3.0 -1.0
vt 1.0 0.0
vt 0.0 0.0
vt 0.0 -1.0
vt 1.0 -1.0
vt 1.0 0.0
vt 0.0 0.0
vt 0.0 -1.0
vt 1.0 -1.0
vt 1.0 0.0
vt 0.0 0.0
vt 0.0 -1.0
vt 1.0 -1.0
vt 2.0 0.0
vt 0.0 0.0
vt 0.0 -1.0
vt 2.0 -1.0
vt 2.0 0.0
vt 0.0 0.0
vt 0.0 -1.0
vt 2.0 -1.0
vt 2.0 0.0
vt 0.0 0.0
vt 0.0 -1.0
vt 2.0 -1.0
vt 2.0 0.0
vt 0.0 0.0
vt 0.0 -2.0
vt 2.0 -2.0
vt 2.0 0.0
vt 0.0 0.0
vt 0.0 -2.0
vt 2.0 -2.0
vt 2.0 0.0
vt 0.0 0.0
vt 0.0 -2.0
vt 2.0 -2.0
vt 1.0 0.0
vt 0.0 0.0
vt 0.0 -1.0
vt 1.0 -1.0
vt 1.0 0.0
vt 0.0 0.0
vt 0.0 -1.0
vt 1.0 -1.0
vt 1.0 0.0
vt 0.0 0.0
vt 0.0 -1.0
vt 1.0 -1.0
vt 1.0 0.0
vt 0.0 0.0
vt 0.0 -1.0
vt 1.0 -1.0
vt 1.0 0.0
vt 0.0 0.0
vt 0.0 -1.0
vt 1.0 -1.0
vt 1.0 0.0
vt 0.0 0.0
vt 0.0 -1.0
vt 1.0 -1.0
vt 2.0 0.0
vt 0.0 0.0
vt 0.0 -2.0
vt 2.0 -2.0
vt 2.0 0.0
vt 0.0 0.0
vt 0.0 -2.0
vt 2.0 -2.0
vt 2.0 0.0
vt 0.0 0.0
vt 0.0 -2.0
vt 2.0 -2.0
vt 2.0 0.0
vt 0.0 0.0
vt 0.0 -2.0
vt 2.0 -2.0
vt 2.0 0.0
vt 0.0 0.0
vt 0.0 -2.0
vt 2.0 -2.0
vt 2.0 0.0
vt 0.0 0.0
vt 0.0 -2.0
vt 2.0 -2.0
vt 1.0 0.0
vt 0.0 0.0
vt 0.0 -2.0
vt 1.0 -2.0
vt 1.0 0.0
vt 0.0 0.0
vt 0.0 -2.0
vt 1.0 -2.0
vt 1.0 0.0
vt 0.0 0.0
vt 0.0 -2.0
vt 1.0 -2.0
vt 1.0 0.0
vt 0.0 0.0
vt 0.0 -1.0
vt 1.0 -1.0
vt 1.0 0.0
vt 0.0 0.0
vt 0.0 -1.0
vt 1.0 -1.0
vt 1.0 0.0
vt 0.0 0.0
vt 0.0 -1.0
vt 1.0 -1.0
vt 2.0 0.0
vt 0.0 0.0
vt 0.0 -1.0
vt 2.0 -1.0
vt 2.0 0.0
vt 0.0 0.0
vt 0.0 -1.0
vt 2.0 -1.0
vt 2.0 0.0
vt 0.0 0.0
vt 0.0 -1.0
vt 2.0 -1.0
vt 0.542969 -0.62793
vt 0.189453 -0.62793
vt 0.34375 -0.1875
vt 0.542969 -0.1875
vt 0.042969 -0.62793
vt 0.144531 -0.977539
vt -0.019531 -0.977539
vt 0.895508 -0.62793
vt 0.94043 -0.977539
vt 1.105469 -0.977539
vt 1.106445 -0.457031
vt 0.94043 -0.977539
vt 0.542969 -0.977539
vt 0.895508 -0.62793
vt 0.261719 -0.1875
vt 0.741211 -0.1875
vt 0.34375 -0.1875
vt 0.144531 -0.977539
vt 0.542969 -0.977539
vt 0.722656 -0.442383
vt 0.542969 0.0
vt 1.000977 -0.420898
vt 0.99707 -0.575195
vt 0.685547 -0.015625
vt 0.321289 -0.06543
vt 0.420898 -0.204102
vt 1.004883 -0.558594
vt 0.879883 -0.181641
vt 1.0 -0.990234
vt 0.5 0.570312
vt 0.0 -0.990234
vt 1.0 -0.990234
vt 0.0 -0.990234
vt 1.0 -0.990234
vt 0.0 -0.990234
vt 1.0 -0.990234
vt 0.0 -0.990234
vt 1.0 -0.990234
vt 0.0 -0.990234
vt 1.0 -0.990234
vt 0.0 -0.990234
vt 1.0 -0.990234
vt 0.0 -0.990234
vt 1.0 -0.990234
vt 0.0 -0.990234
vt 1.0 -0.990234
vt 0.0 -0.990234
vt 1.0 -0.990234
vt 0.0 -0.990234
vt 1.0 -0.990234
vt 0.0 -0.990234
vt 1.0 -0.990234
vt 0.0 -0.990234
vt 1.0 0.0
vt 0.0 0.0
vt 0.0 -3.0
vt 1.0 -3.0
vt 1.0 0.0
vt 0.0 0.0
vt 0.0 -3.0
vt 1.0 -3.0
vt 1.0 0.0
vt 0.0 0.0
vt 0.0 -3.0
vt 1.0 -3.0
vt 1.0 0.0
vt 0.0 0.0
vt 0.0 -1.0
vt 1.0 -1.0
vt 1.0 0.0
vt 0.0 0.0
vt 0.0 -1.0
vt 1.0 -1.0
vt 1.0 0.0
vt 0.0 0.0
vt 0.0 -1.0
vt 1.0 -1.0
vt 1.0 0.0
vt 0.0 0.0
vt 0.0 -1.0
vt 1.0 -1.0
vt 1.0 0.0
vt 0.0 0.0
vt 0.0 -1.0
vt 1.0 -1.0
vt 1.0 0.0
vt 0.0 0.0
vt 0.0 -1.0
vt 1.0 -1.0
vt 1.0 0.0
vt 0.0 0.0
vt 0.0 -1.0
vt 1.0 -1.0
vt 1.0 0.0
vt 0.0 0.0
vt 0.0 -1.0
vt 1.0 -1.0
vt 1.0 0.0
vt 0.0 0.0
vt 0.0 -1.0
vt 1.0 -1.0
vt 4.0 0.0
vt 0.0 0.0
vt 0.0 -1.0
vt 4.0 -1.0
vt 4.0 0.0
vt 0.0 0.0
vt 0.0 -1.0
vt 4.0 -1.0
vt 4.0 0.0
vt 0.0 0.0
vt 0.0 -1.0
vt 4.0 -1.0
vt 3.0 0.0
vt 0.0 0.0
vt 0.0 -1.0
vt 3.0 -1.0
vt 3.0 0.0
vt 0.0 0.0
vt 0.0 -1.0
vt 3.0 -1.0
vt 3.0 0.0
vt 0.0 0.0
vt 0.0 -1.0
vt 3.0 -1.0
vt 1.0 0.0
vt 0.0 0.0
vt 0.0 -1.0
vt 1.0 -1.0
vt 1.0 0.0
vt 0.0 0.0
vt 0.0 -1.0
vt 1.0 -1.0
vt 1.0 0.0
vt 0.0 0.0
vt 0.0 -1.0
vt 1.0 -1.0
vt 1.0 0.0
vt 0.0 0.0
vt 0.0 -3.0
vt 1.0 -3.0
vt 1.0 0.0
vt 0.0 0.0
vt 0.0 -3.0
vt 1.0 -3.0
vt 1.0 0.0
vt 0.0 0.0
vt 0.0 -3.0
vt 1.0 -3.0
vt 1.0 0.0
vt 0.0 0.0
vt 0.0 -1.0
vt 1.0 -1.0
vt 1.0 0.0
vt 0.0 0.0
vt 0.0 -1.0
vt 1.0 -1.0
vt 1.0 0.0
vt 0.0 0.0
vt 0.0 -1.0
vt 1.0 -1.0
vt 2.0 0.0
vt 0.0 0.0
vt 0.0 -2.0
vt 2.0 -2.0
vt 2.0 0.0
vt 0.0 0.0
vt 0.0 -2.0
vt 2.0 -2.0
vt 2.0 0.0
vt 0.0 0.0
vt 0.0 -2.0
vt 2.0 -2.0
vt 2.0 0.0
vt 0.0 0.0
vt 0.0 -1.0
vt 2.0 -1.0
vt 2.0 0.0
vt 0.0 0.0
vt 0.0 -1.0
vt 2.0 -1.0
vt 2.0 0.0
vt 0.0 0.0
vt 0.0 -1.0
vt 2.0 -1.0
vt 1.0 0.0
vt 0.0 0.0
vt 0.0 -2.0
vt 1.0 -2.0
vt 1.0 0.0
vt 0.0 0.0
vt 0.0 -2.0
vt 1.0 -2.0
vt 1.0 0.0
vt 0.0 0.0
vt 0.0 -2.0
vt 1.0 -2.0
vt 1.0 0.0
vt 0.0 0.0
vt 0.0 -1.0
vt 1.0 -1.0
vt 1.0 0.0
vt 0.0 0.0
vt 0.0 -1.0
vt 1.0 -1.0
vt 1.0 0.0
vt 0.0 0.0
vt 0.0 -1.0
vt 1.0 -1.0
vt 1.0 0.0
vt 0.0 0.0
vt 0.0 -1.0
vt 1.0 -1.0
vt 1.0 0.0
vt 0.0 0.0
vt 0.0 -1.0
vt 1.0 -1.0
vt 1.0 0.0
vt 0.0 0.0
vt 0.0 -1.0
vt 1.0 -1.0
vt 3.0 0.0
vt 0.0 0.0
vt 0.0 -1.0
vt 3.0 -1.0
vt 3.0 0.0
vt 0.0 0.0
vt 0.0 -1.0
vt 3.0 -1.0
vt 3.0 0.0
vt 0.0 0.0
vt 0.0 -1.0
vt 3.0 -1.0
vt 0.542969 -0.62793
vt 0.189453 -0.62793
vt 0.34375 -0.1875
vt 0.542969 -0.1875
vt 0.042969 -0.62793
vt 0.144531 -0.977539
vt -0.019531 -0.977539
vt 0.895508 -0.62793
vt 0.94043 -0.977539
vt 1.105469 -0.977539
vt 1.106445 -0.457031
vt 0.94043 -0.977539
vt 0.542969 -0.977539
vt 0.895508 -0.62793
vt 0.261719 -0.1875
vt 0.741211 -0.1875
vt 0.34375 -0.1875
vt 0.144531 -0.977539
vt 0.542969 -0.977539
vt 0.722656 -0.442383
vt 0.542969 0.0
vt 1.000977 -0.420898
vt 0.99707 -0.575195
vt 0.685547 -0.015625
vt 0.321289 -0.06543
vt 0.420898 -0.204102
vt 1.004883 -0.558594
vt 0.879883 -0.181641
vt 1.0 -0.990234
vt 0.5 0.570312
vt 0.0 -0.990234
vt 1.0 -0.990234
vt 0.0 -0.990234
vt 1.0 -0.990234
vt 0.0 -0.990234
vt 1.0 -0.990234
vt 0.0 -0.990234
vt 1.0 -0.990234
vt 0.0 -0.990234
vt 1.0 -0.990234
vt 0.0 -0.990234
vt 1.0 -0.990234
vt 0.0 -0.990234
vt 1.0 -0.990234
vt 0.0 -0.990234
vt 1.0 -0.990234
vt 0.0 -0.990234
vt 1.0 -0.990234
vt 0.0 -0.990234
vt 1.0 -0.990234
vt 0.0 -0.990234
vt 1.0 -0.990234
vt 0.0 -0.990234
vt 1.0 0.0
vt 0.0 0.0
vt 0.0 -3.0
vt 1.0 -3.0
vt 1.0 0.0
vt 0.0 0.0
vt 0.0 -3.0
vt 1.0 -3.0
vt 1.0 0.0
vt 0.0 0.0
vt 0.0 -3.0
vt 1.0 -3.0
vt 1.0 0.0
vt 0.0 0.0
vt 0.0 -2.0
vt 1.0 -2.0
vt 1.0 0.0
vt 0.0 0.0
vt 0.0 -2.0
vt 1.0 -2.0
vt 1.0 0.0
vt 0.0 0.0
vt 0.0 -2.0
vt 1.0 -2.0
vt 2.0 0.0
vt 0.0 0.0
vt 0.0 -1.0
vt 2.0 -1.0
vt 2.0 0.0
vt 0.0 0.0
vt 0.0 -1.0
vt 2.0 -1.0
vt 2.0 0.0
vt 0.0 0.0
vt 0.0 -1.0
vt 2.0 -1.0
vt 3.0 0.0
vt 0.0 0.0
vt 0.0 -1.0
vt 3.0 -1.0
vt 3.0 0.0
vt 0.0 0.0
vt 0.0 -1.0
vt 3.0 -1.0
vt 3.0 0.0
vt 0.0 0.0
vt 0.0 -1.0
vt 3.0 -1.0
vt 1.0 0.0
vt 0.0 0.0
vt 0.0 -3.0
vt 1.0 -3.0
vt 1.0 0.0
vt 0.0 0.0
vt 0.0 -3.0
vt 1.0 -3.0
vt 1.0 0.0
vt 0.0 0.0
vt 0.0 -3.0
vt 1.0 -3.0
vt 1.0 0.0
vt 0.0 0.0
vt 0.0 -2.0
vt 1.0 -2.0
vt 1.0 0.0
vt 0.0 0.0
vt 0.0 -2.0
vt 1.0 -2.0
vt 1.0 0.0
vt 0.0 0.0
vt 0.0 -2.0
vt 1.0 -2.0
vt 1.0 0.0
vt 0.0 0.0
vt 0.0 -4.0
vt 1.0 -4.0
vt 1.0 0.0
vt 0.0 0.0
vt 0.0 -4.0
vt 1.0 -4.0
vt 1.0 0.0
vt 0.0 0.0
vt 0.0 -4.0
vt 1.0 -4.0
vt 1.0 0.0
vt 0.0 0.0
vt 0.0 -2.0
vt 1.0 -2.0
vt 1.0 0.0
vt 0.0 0.0
vt 0.0 -2.0
vt 1.0 -2.0
vt 1.0 0.0
vt 0.0 0.0
vt 0.0 -2.0
vt 1.0 -2.0
vt 1.0 0.0
vt 0.0 0.0
vt 0.0 -1.0
vt 1.0 -1.0
vt 1.0 0.0
vt 0.0 0.0
vt 0.0 -1.0
vt 1.0 -1.0
vt 1.0 0.0
vt 0.0 0.0
vt 0.0 -1.0
vt 1.0 -1.0
vt 1.0 0.0
vt 0.0 0.0
vt 0.0 -2.0
vt 1.0 -2.0
vt 1.0 0.0
vt 0.0 0.0
vt 0.0 -2.0
vt 1.0 -2.0
vt 1.0 0.0
vt 0.0 0.0
vt 0.0 -2.0
vt 1.0 -2.0
vt 1.0 0.0
vt 0.0 0.0
vt 0.0 -4.0
vt 1.0 -4.0
vt 1.0 0.0
vt 0.0 0.0
vt 0.0 -4.0
vt 1.0 -4.0
vt 1.0 0.0
vt 0.0 0.0
vt 0.0 -4.0
vt 1.0 -4.0
vt 3.0 0.0
vt 0.0 0.0
vt 0.0 -1.0
vt 3.0 -1.0
vt 3.0 0.0
vt 0.0 0.0
vt 0.0 -1.0
vt 3.0 -1.0
vt 3.0 0.0
vt 0.0 0.0
vt 0.0 -1.0
vt 3.0 -1.0
vt 1.0 0.0
vt 0.0 0.0
vt 0.0 -1.0
vt 1.0 -1.0
vt 1.0 0.0
vt 0.0 0.0
vt 0.0 -1.0
vt 1.0 -1.0
vt 1.0 0.0
vt 0.0 0.0
vt 0.0 -1.0
vt 1.0 -1.0
vt 1.0 0.0
vt 0.0 0.0
vt 0.0 -1.0
vt 1.0 -1.0
vt 1.0 0.0
vt 0.0 0.0
vt 0.0 -1.0
vt 1.0 -1.0
vt 1.0 0.0
vt 0.0 0.0
vt 0.0 -1.0
vt 1.0 -1.0
vt 1.0 0.0
vt 0.0 0.0
vt 0.0 -2.0
vt 1.0 -2.0
vt 1.0 0.0
vt 0.0 0.0
vt 0.0 -2.0
vt 1.0 -2.0
vt 1.0 0.0
vt 0.0 0.0
vt 0.0 -2.0
vt 1.0 -2.0
vt 1.0 0.0
vt 0.0 0.0
vt 0.0 -4.0
vt 1.0 -4.0
vt 1.0 0.0
vt 0.0 0.0
vt 0.0 -4.0
vt 1.0 -4.0
vt 1.0 0.0
vt 0.0 0.0
vt 0.0 -4.0
vt 1.0 -4.0
vt 3.0 0.0
vt 0.0 0.0
vt 0.0 -2.0
vt 3.0 -2.0
vt 3.0 0.0
vt 0.0 0.0
vt 0.0 -2.0
vt 3.0 -2.0
vt 3.0 0.0
vt 0.0 0.0
vt 0.0 -2.0
vt 3.0 -2.0
vt 1.0 0.0
vt 0.0 0.0
vt 0.0 -2.0
vt 1.0 -2.0
vt 1.0 0.0
vt 0.0 0.0
vt 0.0 -2.0
vt 1.0 -2.0
vt 1.0 0.0
vt 0.0 0.0
vt 0.0 -2.0
vt 1.0 -2.0
vt 0.0 8.0
vt 0.0 0.0
vt 1.0 0.0
vt 1.0 8.0
vt 0.5 -0.894531
vt 0.5 -0.597656
vt 0.0 -0.597656
vt 0.0 -0.894531
vt 0.5 -0.515625
vt 0.0 -0.515625
vt 0.5 -0.894531
vt 0.0 -0.894531
vt 0.0 -0.988281
vt 0.5 -0.988281
vt 0.0 8.0
vt 0.0 0.0
vt 4.0 0.0
vt 4.0 8.0
vt 0.0 8.0
vt 0.0 0.0
vt 4.0 0.0
vt 4.0 8.0
vt 0.5 -0.894531
vt 0.5 -0.597656
vt 0.0 -0.597656
vt 0.0 -0.894531
vt 0.5 -0.515625
vt 0.0 -0.515625
vt 0.5 -0.894531
vt 0.0 -0.894531
vt 0.0 -0.988281
vt 0.5 -0.988281
vt 0.0 6.0
vt 0.0 0.0
vt 1.0 0.0
vt 1.0 6.0
vt 4.0 -0.894531
vt 4.0 -0.597656
vt 0.0 -0.597656
vt 0.0 -0.894531
vt 4.0 -0.515625
vt 0.0 -0.515625
vt 4.0 -0.894531
vt 0.0 -0.894531
vt 0.0 -0.988281
vt 4.0 -0.988281
vt 0.841797 -0.986328
vt 0.998047 -0.986328
vt 0.966797 -0.892578
vt 0.841797 -0.892578
vt 0.498047 -0.986328
vt 0.654297 -0.986328
vt 0.654297 -0.892578
vt 0.529297 -0.892578
vt -0.470703 -1.392578
vt -0.345703 -1.392578
vt -0.345703 -1.105469
vt -0.158203 -1.392578
vt -0.158203 -1.105469
vt -0.033203 -1.392578
vt -0.158203 -0.609375
vt -0.251953 -0.515625
vt -0.345703 -0.609375
vt 1.0 0.5
vt 1.0 0.0
vt 1.03125 0.1875
vt 1.15625 0.03125
vt 1.5 0.0
vt 0.841797 -0.986328
vt 0.998047 -0.986328
vt 0.966797 -0.892578
vt 0.841797 -0.892578
vt 0.498047 -0.986328
vt 0.654297 -0.986328
vt 0.654297 -0.892578
vt 0.529297 -0.892578
vt -0.470703 -1.392578
vt -0.345703 -1.392578
vt -0.345703 -1.105469
vt -0.158203 -1.392578
vt -0.158203 -1.105469
vt -0.033203 -1.392578
vt -0.158203 -0.609375
vt -0.251953 -0.515625
vt -0.345703 -0.609375
vt 1.0 0.5
vt 1.0 0.0
vt 1.03125 0.1875
vt 1.15625 0.03125
vt 1.5 0.0
vt 0.753906 -0.599609
vt 1.0 -0.599609
vt 1.0 -0.513672
vt 0.5 -0.513672
vt 1.0 -0.599609
vt 1.279297 -0.599609
vt 1.5 -0.513672
vt 1.0 -0.513672
vt 0.4375 -0.59375
vt 0.4375 -0.890625
vt 0.285156 -0.59375
vt 0.285156 -0.890625
vt 0.4375 -0.890625
vt 0.4375 -0.394531
vt 0.285156 -0.394531
vt 0.285156 -0.486328
vt 0.4375 -0.394531
vt 0.4375 -0.59375
vt 0.285156 -0.59375
vt 0.4375 -0.890625
vt 0.0 5.0
vt 0.0 0.0
vt 1.0 0.0
vt 1.0 5.0
vt 0.0 8.0
vt 0.0 0.0
vt 4.0 0.0
vt 4.0 8.0
vt 0.0 1.0
vt 0.0 0.0
vt 4.0 0.0
vt 4.0 1.0
vt 0.0 1.0
vt 0.0 0.0
vt 8.0 0.0
vt 8.0 1.0
vt 0.841797 -0.986328
vt 0.998047 -0.986328
vt 0.966797 -0.892578
vt 0.841797 -0.892578
vt 0.498047 -0.986328
vt 0.654297 -0.986328
vt 0.654297 -0.892578
vt 0.529297 -0.892578
vt -0.470703 -1.392578
vt -0.345703 -1.392578
vt -0.345703 -1.105469
vt -0.158203 -1.392578
vt -0.158203 -1.105469
vt -0.033203 -1.392578
vt -0.158203 -0.609375
vt -0.251953 -0.515625
vt -0.345703 -0.609375
vt 1.0 0.5
vt 1.0 0.0
vt 1.03125 0.1875
vt 1.15625 0.03125
vt 1.5 0.0
vt 0.5 -0.894531
vt 0.5 -0.597656
vt 0.0 -0.597656
vt 0.0 -0.894531
vt 0.5 -0.515625
vt 0.0 -0.515625
vt 0.5 -0.894531
vt 0.0 -0.894531
vt 0.0 -0.988281
vt 0.5 -0.988281
vt 0.753906 -0.599609
vt 1.0 -0.599609
vt 1.0 -0.513672
vt 0.5 -0.513672
vt 1.0 -0.599609
vt 1.279297 -0.599609
vt 1.5 -0.513672
vt 1.0 -0.513672
vt 0.4375 -0.59375
vt 0.4375 -0.890625
vt 0.285156 -0.59375
vt 0.285156 -0.890625
vt 0.4375 -0.890625
vt 0.4375 -0.394531
vt 0.285156 -0.394531
vt 0.285156 -0.486328
vt 0.4375 -0.394531
vt 0.4375 -0.59375
vt 0.285156 -0.59375
vt 0.4375 -0.890625
vt 0.0 3.0
vt 0.0 0.0
vt 2.0 0.0
vt 2.0 3.0
vt 0.0 2.0
vt 0.0 0.0
vt 8.0 0.0
vt 8.0 2.0
vt 0.5 -0.894531
vt 0.5 -0.597656
vt 0.0 -0.597656
vt 0.0 -0.894531
vt 0.5 -0.515625
vt 0.0 -0.515625
vt 0.5 -0.894531
vt 0.0 -0.894531
vt 0.0 -0.988281
vt 0.5 -0.988281
vt 0.0 3.0
vt 0.0 0.0
vt 2.0 0.0
vt 2.0 3.0
vt 0.753906 -0.599609
vt 1.0 -0.599609
vt 1.0 -0.513672
vt 0.5 -0.513672
vt 1.0 -0.599609
vt 1.279297 -0.599609
vt 1.5 -0.513672
vt 1.0 -0.513672
vt 0.4375 -0.59375
vt 0.4375 -0.890625
vt 0.285156 -0.59375
vt 0.285156 -0.890625
vt 0.4375 -0.890625
vt 0.4375 -0.394531
vt 0.285156 -0.394531
vt 0.285156 -0.486328
vt 0.4375 -0.394531
vt 0.4375 -0.59375
vt 0.285156 -0.59375
vt 0.4375 -0.890625
vt 3.0 -0.894531
vt 3.0 -0.597656
vt 0.0 -0.597656
vt 0.0 -0.894531
vt 3.0 -0.515625
vt 0.0 -0.515625
vt 3.0 -0.894531
vt 0.0 -0.894531
vt 0.0 -0.988281
vt 3.0 -0.988281
vt 0.753906 -0.599609
vt 1.0 -0.599609
vt 1.0 -0.513672
vt 0.5 -0.513672
vt 1.0 -0.599609
vt 1.279297 -0.599609
vt 1.5 -0.513672
vt 1.0 -0.513672
vt 0.4375 -0.59375
vt 0.4375 -0.890625
vt 0.285156 -0.59375
vt 0.285156 -0.890625
vt 0.4375 -0.890625
vt 0.4375 -0.394531
vt 0.285156 -0.394531
vt 0.285156 -0.486328
vt 0.4375 -0.394531
vt 0.4375 -0.59375
vt 0.285156 -0.59375
vt 0.4375 -0.890625
vt 0.0 5.0
vt 0.0 0.0
vt 1.0 0.0
vt 1.0 5.0
vt 0.841797 -0.986328
vt 0.998047 -0.986328
vt 0.966797 -0.892578
vt 0.841797 -0.892578
vt 0.498047 -0.986328
vt 0.654297 -0.986328
vt 0.654297 -0.892578
vt 0.529297 -0.892578
vt -0.470703 -1.392578
vt -0.345703 -1.392578
vt -0.345703 -1.105469
vt -0.158203 -1.392578
vt -0.158203 -1.105469
vt -0.033203 -1.392578
vt -0.158203 -0.609375
vt -0.251953 -0.515625
vt -0.345703 -0.609375
vt 1.0 0.5
vt 1.0 0.0
vt 1.03125 0.1875
vt 1.15625 0.03125
vt 1.5 0.0
vt 0.5 -0.894531
vt 0.5 -0.597656
vt 0.0 -0.597656
vt 0.0 -0.894531
vt 0.5 -0.515625
vt 0.0 -0.515625
vt 0.5 -0.894531
vt 0.0 -0.894531
vt 0.0 -0.988281
vt 0.5 -0.988281
vt 0.753906 -0.599609
vt 1.0 -0.599609
vt 1.0 -0.513672
vt 0.5 -0.513672
vt 1.0 -0.599609
vt 1.279297 -0.599609
vt 1.5 -0.513672
vt 1.0 -0.513672
vt 0.4375 -0.59375
vt 0.4375 -0.890625
vt 0.285156 -0.59375
vt 0.285156 -0.890625
vt 0.4375 -0.890625
vt 0.4375 -0.394531
vt 0.285156 -0.394531
vt 0.285156 -0.486328
vt 0.4375 -0.394531
vt 0.4375 -0.59375
vt 0.285156 -0.59375
vt 0.4375 -0.890625
vt 0.0 1.0
vt 0.0 0.0
vt 5.0 0.0
vt 5.0 1.0
vt 0.5 -0.894531
vt 0.5 -0.597656
vt 0.0 -0.597656
vt 0.0 -0.894531
vt 0.5 -0.515625
vt 0.0 -0.515625
vt 0.5 -0.894531
vt 0.0 -0.894531
vt 0.0 -0.988281
vt 0.5 -0.988281
vt 0.0 6.0
vt 0.0 0.0
vt 8.0 0.0
vt 8.0 6.0
vt 0.841797 -0.986328
vt 0.998047 -0.986328
vt 0.966797 -0.892578
vt 0.841797 -0.892578
vt 0.498047 -0.986328
vt 0.654297 -0.986328
vt 0.654297 -0.892578
vt 0.529297 -0.892578
vt -0.470703 -1.392578
vt -0.345703 -1.392578
vt -0.345703 -1.105469
vt -0.158203 -1.392578
vt -0.158203 -1.105469
vt -0.033203 -1.392578
vt -0.158203 -0.609375
vt -0.251953 -0.515625
vt -0.345703 -0.609375
vt 1.0 0.5
vt 1.0 0.0
vt 1.03125 0.1875
vt 1.15625 0.03125
vt 1.5 0.0
vt 0.753906 -0.599609
vt 1.0 -0.599609
vt 1.0 -0.513672
vt 0.5 -0.513672
vt 1.0 -0.599609
vt 1.279297 -0.599609
vt 1.5 -0.513672
vt 1.0 -0.513672
vt 0.4375 -0.59375
vt 0.4375 -0.890625
vt 0.285156 -0.59375
vt 0.285156 -0.890625
vt 0.4375 -0.890625
vt 0.4375 -0.394531
vt 0.285156 -0.394531
vt 0.285156 -0.486328
vt 0.4375 -0.394531
vt 0.4375 -0.59375
vt 0.285156 -0.59375
vt 0.4375 -0.890625
vt 0.0 4.0
vt 0.0 0.0
vt 1.0 0.0
vt 1.0 4.0
vt 0.0 2.0
vt 0.0 0.0
vt 8.0 0.0
vt 8.0 2.0
vt 2.0 -0.894531
vt 2.0 -0.597656
vt 0.0 -0.597656
vt 0.0 -0.894531
vt 2.0 -0.515625
vt 0.0 -0.515625
vt 2.0 -0.894531
vt 0.0 -0.894531
vt 0.0 -0.988281
vt 2.0 -0.988281
vt 0.0 6.0
vt 0.0 0.0
vt 1.0 0.0
vt 1.0 6.0
vt 0.753906 -0.599609
vt 1.0 -0.599609
vt 1.0 -0.513672
vt 0.5 -0.513672
vt 1.0 -0.599609
vt 1.279297 -0.599609
vt 1.5 -0.513672
vt 1.0 -0.513672
vt 0.4375 -0.59375
vt 0.4375 -0.890625
vt 0.285156 -0.59375
vt 0.285156 -0.890625
vt 0.4375 -0.890625
vt 0.4375 -0.394531
vt 0.285156 -0.394531
vt 0.285156 -0.486328
vt 0.4375 -0.394531
vt 0.4375 -0.59375
vt 0.285156 -0.59375
vt 0.4375 -0.890625
vt 2.5 -0.894531
vt 2.5 -0.597656
vt 0.0 -0.597656
vt 0.0 -0.894531
vt 2.5 -0.515625
vt 0.0 -0.515625
vt 2.5 -0.894531
vt 0.0 -0.894531
vt 0.0 -0.988281
vt 2.5 -0.988281
vt 0.841797 -0.986328
vt 0.998047 -0.986328
vt 0.966797 -0.892578
vt 0.841797 -0.892578
vt 0.498047 -0.986328
vt 0.654297 -0.986328
vt 0.654297 -0.892578
vt 0.529297 -0.892578
vt -0.470703 -1.392578
vt -0.345703 -1.392578
vt -0.345703 -1.105469
vt -0.158203 -1.392578
vt -0.158203 -1.105469
vt -0.033203 -1.392578
vt -0.158203 -0.609375
vt -0.251953 -0.515625
vt -0.345703 -0.609375
vt 1.0 0.5
vt 1.0 0.0
vt 1.03125 0.1875
vt 1.15625 0.03125
vt 1.5 0.0
vt 0.0 1.0
vt 0.0 0.0
vt 8.0 0.0
vt 8.0 1.0
vt 0.841797 -0.986328
vt 0.998047 -0.986328
vt 0.966797 -0.892578
vt 0.841797 -0.892578
vt 0.498047 -0.986328
vt 0.654297 -0.986328
vt 0.654297 -0.892578
vt 0.529297 -0.892578
vt -0.470703 -1.392578
vt -0.345703 -1.392578
vt -0.345703 -1.105469
vt -0.158203 -1.392578
vt -0.158203 -1.105469
vt -0.033203 -1.392578
vt -0.158203 -0.609375
vt -0.251953 -0.515625
vt -0.345703 -0.609375
vt 1.0 0.5
vt 1.0 0.0
vt 1.03125 0.1875
vt 1.15625 0.03125
vt 1.5 0.0
vt 1.5 -0.894531
vt 1.5 -0.597656
vt 0.0 -0.597656
vt 0.0 -0.894531
vt 1.5 -0.515625
vt 0.0 -0.515625
vt 1.5 -0.894531
vt 0.0 -0.894531
vt 0.0 -0.988281
vt 1.5 -0.988281
vt 0.753906 -0.599609
vt 1.0 -0.599609
vt 1.0 -0.513672
vt 0.5 -0.513672
vt 1.0 -0.599609
vt 1.279297 -0.599609
vt 1.5 -0.513672
vt 1.0 -0.513672
vt 0.4375 -0.59375
vt 0.4375 -0.890625
vt 0.285156 -0.59375
vt 0.285156 -0.890625
vt 0.4375 -0.890625
vt 0.4375 -0.394531
vt 0.285156 -0.394531
vt 0.285156 -0.486328
vt 0.4375 -0.394531
vt 0.4375 -0.59375
vt 0.285156 -0.59375
vt 0.4375 -0.890625
vt 3.0 -0.894531
vt 3.0 -0.597656
vt 0.0 -0.597656
vt 0.0 -0.894531
vt 3.0 -0.515625
vt 0.0 -0.515625
vt 3.0 -0.894531
vt 0.0 -0.894531
vt 0.0 -0.988281
vt 3.0 -0.988281
vt 0.841797 -0.986328
vt 0.998047 -0.986328
vt 0.966797 -0.892578
vt 0.841797 -0.892578
vt 0.498047 -0.986328
vt 0.654297 -0.986328
vt 0.654297 -0.892578
vt 0.529297 -0.892578
vt -0.470703 -1.392578
vt -0.345703 -1.392578
vt -0.345703 -1.105469
vt -0.158203 -1.392578
vt -0.158203 -1.105469
vt -0.033203 -1.392578
vt -0.158203 -0.609375
vt -0.251953 -0.515625
vt -0.345703 -0.609375
vt 1.0 0.5
vt 1.0 0.0
vt 1.03125 0.1875
vt 1.15625 0.03125
vt 1.5 0.0
vt 0.0 1.0
vt 0.0 0.0
vt 8.0 0.0
vt 8.0 1.0
vt 0.0 5.0
vt 0.0 0.0
vt 7.0 0.0
vt 7.0 5.0
vt 0.0 4.0
vt 0.0 0.0
vt 8.0 0.0
vt 8.0 4.0
vt 1.5 -0.894531
vt 1.5 -0.597656
vt 0.0 -0.597656
vt 0.0 -0.894531
vt 1.5 -0.515625
vt 0.0 -0.515625
vt 1.5 -0.894531
vt 0.0 -0.894531
vt 0.0 -0.988281
vt 1.5 -0.988281
vt 0.0 4.0
vt 0.0 0.0
vt 8.0 0.0
vt 8.0 4.0
vt 0.0 3.0
vt 0.0 0.0
vt 7.0 0.0
vt 7.0 3.0
vt 0.841797 -0.986328
vt 0.998047 -0.986328
vt 0.966797 -0.892578
vt 0.841797 -0.892578
vt 0.498047 -0.986328
vt 0.654297 -0.986328
vt 0.654297 -0.892578
vt 0.529297 -0.892578
vt -0.470703 -1.392578
vt -0.345703 -1.392578
vt -0.345703 -1.105469
vt -0.158203 -1.392578
vt -0.158203 -1.105469
vt -0.033203 -1.392578
vt -0.158203 -0.609375
vt -0.251953 -0.515625
vt -0.345703 -0.609375
vt 1.0 0.5
vt 1.0 0.0
vt 1.03125 0.1875
vt 1.15625 0.03125
vt 1.5 0.0
vt 0.5 -0.894531
vt 0.5 -0.597656
vt 0.0 -0.597656
vt 0.0 -0.894531
vt 0.5 -0.515625
vt 0.0 -0.515625
vt 0.5 -0.894531
vt 0.0 -0.894531
vt 0.0 -0.988281
vt 0.5 -0.988281
vt 0.841797 -0.986328
vt 0.998047 -0.986328
vt 0.966797 -0.892578
vt 0.841797 -0.892578
vt 0.498047 -0.986328
vt 0.654297 -0.986328
vt 0.654297 -0.892578
vt 0.529297 -0.892578
vt -0.470703 -1.392578
vt -0.345703 -1.392578
vt -0.345703 -1.105469
vt -0.158203 -1.392578
vt -0.158203 -1.105469
vt -0.033203 -1.392578
vt -0.158203 -0.609375
vt -0.251953 -0.515625
vt -0.345703 -0.609375
vt 1.0 0.5
vt 1.0 0.0
vt 1.03125 0.1875
vt 1.15625 0.03125
vt 1.5 0.0
vt 0.753906 -0.599609
vt 1.0 -0.599609
vt 1.0 -0.513672
vt 0.5 -0.513672
vt 1.0 -0.599609
vt 1.279297 -0.599609
vt 1.5 -0.513672
vt 1.0 -0.513672
vt 0.4375 -0.59375
vt 0.4375 -0.890625
vt 0.285156 -0.59375
vt 0.285156 -0.890625
vt 0.4375 -0.890625
vt 0.4375 -0.394531
vt 0.285156 -0.394531
vt 0.285156 -0.486328
vt 0.4375 -0.394531
vt 0.4375 -0.59375
vt 0.285156 -0.59375
vt 0.4375 -0.890625
vt 0.0 2.0
vt 0.0 0.0
vt 5.0 0.0
vt 5.0 2.0
vt 0.0 1.0
vt 0.0 0.0
vt 8.0 0.0
vt 8.0 1.0
vt 0.841797 -0.986328
vt 0.998047 -0.986328
vt 0.966797 -0.892578
vt 0.841797 -0.892578
vt 0.498047 -0.986328
vt 0.654297 -0.986328
vt 0.654297 -0.892578
vt 0.529297 -0.892578
vt -0.470703 -1.392578
vt -0.345703 -1.392578
vt -0.345703 -1.105469
vt -0.158203 -1.392578
vt -0.158203 -1.105469
vt -0.033203 -1.392578
vt -0.158203 -0.609375
vt -0.251953 -0.515625
vt -0.345703 -0.609375
vt 1.0 0.5
vt 1.0 0.0
vt 1.03125 0.1875
vt 1.15625 0.03125
vt 1.5 0.0
vt 0.5 -0.894531
vt 0.5 -0.597656
vt 0.0 -0.597656
vt 0.0 -0.894531
vt 0.5 -0.515625
vt 0.0 -0.515625
vt 0.5 -0.894531
vt 0.0 -0.894531
vt 0.0 -0.988281
vt 0.5 -0.988281
vt 0.753906 -0.599609
vt 1.0 -0.599609
vt 1.0 -0.513672
vt 0.5 -0.513672
vt 1.0 -0.599609
vt 1.279297 -0.599609
vt 1.5 -0.513672
vt 1.0 -0.513672
vt 0.4375 -0.59375
vt 0.4375 -0.890625
vt 0.285156 -0.59375
vt 0.285156 -0.890625
vt 0.4375 -0.890625
vt 0.4375 -0.394531
vt 0.285156 -0.394531
vt 0.285156 -0.486328
vt 0.4375 -0.394531
vt 0.4375 -0.59375
vt 0.285156 -0.59375
vt 0.4375 -0.890625
vt 0.0 2.0
vt 0.0 0.0
vt 8.0 0.0
vt 8.0 2.0
vt 1.0 -0.894531
vt 1.0 -0.597656
vt 0.0 -0.597656
vt 0.0 -0.894531
vt 1.0 -0.515625
vt 0.0 -0.515625
vt 1.0 -0.894531
vt 0.0 -0.894531
vt 0.0 -0.988281
vt 1.0 -0.988281
vt 0.0 6.0
vt 0.0 0.0
vt 1.0 0.0
vt 1.0 6.0
vt 0.0 2.0
vt 0.0 0.0
vt 1.0 0.0
vt 1.0 2.0
vt 0.753906 -0.599609
vt 1.0 -0.599609
vt 1.0 -0.513672
vt 0.5 -0.513672
vt 1.0 -0.599609
vt 1.279297 -0.599609
vt 1.5 -0.513672
vt 1.0 -0.513672
vt 0.4375 -0.59375
vt 0.4375 -0.890625
vt 0.285156 -0.59375
vt 0.285156 -0.890625
vt 0.4375 -0.890625
vt 0.4375 -0.394531
vt 0.285156 -0.394531
vt 0.285156 -0.486328
vt 0.4375 -0.394531
vt 0.4375 -0.59375
vt 0.285156 -0.59375
vt 0.4375 -0.890625
vt 2.5 -0.894531
vt 2.5 -0.597656
vt 0.0 -0.597656
vt 0.0 -0.894531
vt 2.5 -0.515625
vt 0.0 -0.515625
vt 2.5 -0.894531
vt 0.0 -0.894531
vt 0.0 -0.988281
vt 2.5 -0.988281
vt 0.753906 -0.599609
vt 1.0 -0.599609
vt 1.0 -0.513672
vt 0.5 -0.513672
vt 1.0 -0.599609
vt 1.279297 -0.599609
vt 1.5 -0.513672
vt 1.0 -0.513672
vt 0.4375 -0.59375
vt 0.4375 -0.890625
vt 0.285156 -0.59375
vt 0.285156 -0.890625
vt 0.4375 -0.890625
vt 0.4375 -0.394531
vt 0.285156 -0.394531
vt 0.285156 -0.486328
vt 0.4375 -0.394531
vt 0.4375 -0.59375
vt 0.285156 -0.59375
vt 0.4375 -0.890625
vt 0.0 5.0
vt 0.0 0.0
vt 4.0 0.0
vt 4.0 5.0
vt 0.841797 -0.986328
vt 0.998047 -0.986328
vt 0.966797 -0.892578
vt 0.841797 -0.892578
vt 0.498047 -0.986328
vt 0.654297 -0.986328
vt 0.654297 -0.892578
vt 0.529297 -0.892578
vt -0.470703 -1.392578
vt -0.345703 -1.392578
vt -0.345703 -1.105469
vt -0.158203 -1.392578
vt -0.158203 -1.105469
vt -0.033203 -1.392578
vt -0.158203 -0.609375
vt -0.251953 -0.515625
vt -0.345703 -0.609375
vt 1.0 0.5
vt 1.0 0.0
vt 1.03125 0.1875
vt 1.15625 0.03125
vt 1.5 0.0
vt 0.753906 -0.599609
vt 1.0 -0.599609
vt 1.0 -0.513672
vt 0.5 -0.513672
vt 1.0 -0.599609
vt 1.279297 -0.599609
vt 1.5 -0.513672
vt 1.0 -0.513672
vt 0.4375 -0.59375
vt 0.4375 -0.890625
vt 0.285156 -0.59375
vt 0.285156 -0.890625
vt 0.4375 -0.890625
vt 0.4375 -0.394531
vt 0.285156 -0.394531
vt 0.285156 -0.486328
vt 0.4375 -0.394531
vt 0.4375 -0.59375
vt 0.285156 -0.59375
vt 0.4375 -0.890625
vt 0.0 1.0
vt 0.0 0.0
vt 1.0 0.0
vt 1.0 1.0
vt 0.753906 -0.599609
vt 1.0 -0.599609
vt 1.0 -0.513672
vt 0.5 -0.513672
vt 1.0 -0.599609
vt 1.279297 -0.599609
vt 1.5 -0.513672
vt 1.0 -0.513672
vt 0.4375 -0.59375
vt 0.4375 -0.890625
vt 0.285156 -0.59375
vt 0.285156 -0.890625
vt 0.4375 -0.890625
vt 0.4375 -0.394531
vt 0.285156 -0.394531
vt 0.285156 -0.486328
vt 0.4375 -0.394531
vt 0.4375 -0.59375
vt 0.285156 -0.59375
vt 0.4375 -0.890625
vt 1.5 -0.894531
vt 1.5 -0.597656
vt 0.0 -0.597656
vt 0.0 -0.894531
vt 1.5 -0.515625
vt 0.0 -0.515625
vt 1.5 -0.894531
vt 0.0 -0.894531
vt 0.0 -0.988281
vt 1.5 -0.988281
vt 0.841797 -0.986328
vt 0.998047 -0.986328
vt 0.966797 -0.892578
vt 0.841797 -0.892578
vt 0.498047 -0.986328
vt 0.654297 -0.986328
vt 0.654297 -0.892578
vt 0.529297 -0.892578
vt -0.470703 -1.392578
vt -0.345703 -1.392578
vt -0.345703 -1.105469
vt -0.158203 -1.392578
vt -0.158203 -1.105469
vt -0.033203 -1.392578
vt -0.158203 -0.609375
vt -0.251953 -0.515625
vt -0.345703 -0.609375
vt 1.0 0.5
vt 1.0 0.0
vt 1.03125 0.1875
vt 1.15625 0.03125
vt 1.5 0.0
vt 0.0 5.0
vt 0.0 0.0
vt 8.0 0.0
vt 8.0 5.0
vt 1.5 -0.894531
vt 1.5 -0.597656
vt 0.0 -0.597656
vt 0.0 -0.894531
vt 1.5 -0.515625
vt 0.0 -0.515625
vt 1.5 -0.894531
vt 0.0 -0.894531
vt 0.0 -0.988281
vt 1.5 -0.988281
vt 0.0 4.0
vt 0.0 0.0
vt 4.0 0.0
vt 4.0 4.0
vt 0.0 1.0
vt 0.0 0.0
vt 7.0 0.0
vt 7.0 1.0
vt 0.841797 -0.986328
vt 0.998047 -0.986328
vt 0.966797 -0.892578
vt 0.841797 -0.892578
vt 0.498047 -0.986328
vt 0.654297 -0.986328
vt 0.654297 -0.892578
vt 0.529297 -0.892578
vt -0.470703 -1.392578
vt -0.345703 -1.392578
vt -0.345703 -1.105469
vt -0.158203 -1.392578
vt -0.158203 -1.105469
vt -0.033203 -1.392578
vt -0.158203 -0.609375
vt -0.251953 -0.515625
vt -0.345703 -0.609375
vt 1.0 0.5
vt 1.0 0.0
vt 1.03125 0.1875
vt 1.15625 0.03125
vt 1.5 0.0
vt 1.5 -0.894531
vt 1.5 -0.597656
vt 0.0 -0.597656
vt 0.0 -0.894531
vt 1.5 -0.515625
vt 0.0 -0.515625
vt 1.5 -0.894531
vt 0.0 -0.894531
vt 0.0 -0.988281
vt 1.5 -0.988281
vt 2.0 -0.894531
vt 2.0 -0.597656
vt 0.0 -0.597656
vt 0.0 -0.894531
vt 2.0 -0.515625
vt 0.0 -0.515625
vt 2.0 -0.894531
vt 0.0 -0.894531
vt 0.0 -0.988281
vt 2.0 -0.988281
vt 0.841797 -0.986328
vt 0.998047 -0.986328
vt 0.966797 -0.892578
vt 0.841797 -0.892578
vt 0.498047 -0.986328
vt 0.654297 -0.986328
vt 0.654297 -0.892578
vt 0.529297 -0.892578
vt -0.470703 -1.392578
vt -0.345703 -1.392578
vt -0.345703 -1.105469
vt -0.158203 -1.392578
vt -0.158203 -1.105469
vt -0.033203 -1.392578
vt -0.158203 -0.609375
vt -0.251953 -0.515625
vt -0.345703 -0.609375
vt 1.0 0.5
vt 1.0 0.0
vt 1.03125 0.1875
vt 1.15625 0.03125
vt 1.5 0.0
vt 0.0 4.0
vt 0.0 0.0
vt 8.0 0.0
vt 8.0 4.0
vt 0.0 4.0
vt 0.0 0.0
vt 6.0 0.0
vt 6.0 4.0
vt 0.0 5.0
vt 0.0 0.0
vt 7.0 0.0
vt 7.0 5.0
vt 0.841797 -0.986328
vt 0.998047 -0.986328
vt 0.966797 -0.892578
vt 0.841797 -0.892578
vt 0.498047 -0.986328
vt 0.654297 -0.986328
vt 0.654297 -0.892578
vt 0.529297 -0.892578
vt -0.470703 -1.392578
vt -0.345703 -1.392578
vt -0.345703 -1.105469
vt -0.158203 -1.392578
vt -0.158203 -1.105469
vt -0.033203 -1.392578
vt -0.158203 -0.609375
vt -0.251953 -0.515625
vt -0.345703 -0.609375
vt 1.0 0.5
vt 1.0 0.0
vt 1.03125 0.1875
vt 1.15625 0.03125
vt 1.5 0.0
vt 2.0 -0.894531
vt 2.0 -0.597656
vt 0.0 -0.597656
vt 0.0 -0.894531
vt 2.0 -0.515625
vt 0.0 -0.515625
vt 2.0 -0.894531
vt 0.0 -0.894531
vt 0.0 -0.988281
vt 2.0 -0.988281
vt 0.753906 -0.599609
vt 1.0 -0.599609
vt 1.0 -0.513672
vt 0.5 -0.513672
vt 1.0 -0.599609
vt 1.279297 -0.599609
vt 1.5 -0.513672
vt 1.0 -0.513672
vt 0.4375 -0.59375
vt 0.4375 -0.890625
vt 0.285156 -0.59375
vt 0.285156 -0.890625
vt 0.4375 -0.890625
vt 0.4375 -0.394531
vt 0.285156 -0.394531
vt 0.285156 -0.486328
vt 0.4375 -0.394531
vt 0.4375 -0.59375
vt 0.285156 -0.59375
vt 0.4375 -0.890625
vt 0.0 5.0
vt 0.0 0.0
vt 7.0 0.0
vt 7.0 5.0
vt 0.841797 -0.986328
vt 0.998047 -0.986328
vt 0.966797 -0.892578
vt 0.841797 -0.892578
vt 0.498047 -0.986328
vt 0.654297 -0.986328
vt 0.654297 -0.892578
vt 0.529297 -0.892578
vt -0.470703 -1.392578
vt -0.345703 -1.392578
vt -0.345703 -1.105469
vt -0.158203 -1.392578
vt -0.158203 -1.105469
vt -0.033203 -1.392578
vt -0.158203 -0.609375
vt -0.251953 -0.515625
vt -0.345703 -0.609375
vt 1.0 0.5
vt 1.0 0.0
vt 1.03125 0.1875
vt 1.15625 0.03125
vt 1.5 0.0
vt 2.0 -0.894531
vt 2.0 -0.597656
vt 0.0 -0.597656
vt 0.0 -0.894531
vt 2.0 -0.515625
vt 0.0 -0.515625
vt 2.0 -0.894531
vt 0.0 -0.894531
vt 0.0 -0.988281
vt 2.0 -0.988281
vt 0.753906 -0.599609
vt 1.0 -0.599609
vt 1.0 -0.513672
vt 0.5 -0.513672
vt 1.0 -0.599609
vt 1.279297 -0.599609
vt 1.5 -0.513672
vt 1.0 -0.513672
vt 0.4375 -0.59375
vt 0.4375 -0.890625
vt 0.285156 -0.59375
vt 0.285156 -0.890625
vt 0.4375 -0.890625
vt 0.4375 -0.394531
vt 0.285156 -0.394531
vt 0.285156 -0.486328
vt 0.4375 -0.394531
vt 0.4375 -0.59375
vt 0.285156 -0.59375
vt 0.4375 -0.890625
vt 0.0 5.0
vt 0.0 0.0
vt 8.0 0.0
vt 8.0 5.0
vt 0.5 -0.894531
vt 0.5 -0.597656
vt 0.0 -0.597656
vt 0.0 -0.894531
vt 0.5 -0.515625
vt 0.0 -0.515625
vt 0.5 -0.894531
vt 0.0 -0.894531
vt 0.0 -0.988281
vt 0.5 -0.988281
vt 0.0 2.0
vt 0.0 0.0
vt 1.0 0.0
vt 1.0 2.0
vt 0.841797 -0.986328
vt 0.998047 -0.986328
vt 0.966797 -0.892578
vt 0.841797 -0.892578
vt 0.498047 -0.986328
vt 0.654297 -0.986328
vt 0.654297 -0.892578
vt 0.529297 -0.892578
vt -0.470703 -1.392578
vt -0.345703 -1.392578
vt -0.345703 -1.105469
vt -0.158203 -1.392578
vt -0.158203 -1.105469
vt -0.033203 -1.392578
vt -0.158203 -0.609375
vt -0.251953 -0.515625
vt -0.345703 -0.609375
vt 1.0 0.5
vt 1.0 0.0
vt 1.03125 0.1875
vt 1.15625 0.03125
vt 1.5 0.0
vt 0.753906 -0.599609
vt 1.0 -0.599609
vt 1.0 -0.513672
vt 0.5 -0.513672
vt 1.0 -0.599609
vt 1.279297 -0.599609
vt 1.5 -0.513672
vt 1.0 -0.513672
vt 0.4375 -0.59375
vt 0.4375 -0.890625
vt 0.285156 -0.59375
vt 0.285156 -0.890625
vt 0.4375 -0.890625
vt 0.4375 -0.394531
vt 0.285156 -0.394531
vt 0.285156 -0.486328
vt 0.4375 -0.394531
vt 0.4375 -0.59375
vt 0.285156 -0.59375
vt 0.4375 -0.890625
vt 0.0 1.0
vt 0.0 0.0
vt 1.0 0.0
vt 1.0 1.0
vt 0.0 1.0
vt 0.0 0.0
vt 6.0 0.0
vt 6.0 1.0
vt 0.841797 -0.986328
vt 0.998047 -0.986328
vt 0.966797 -0.892578
vt 0.841797 -0.892578
vt 0.498047 -0.986328
vt 0.654297 -0.986328
vt 0.654297 -0.892578
vt 0.529297 -0.892578
vt -0.470703 -1.392578
vt -0.345703 -1.392578
vt -0.345703 -1.105469
vt -0.158203 -1.392578
vt -0.158203 -1.105469
vt -0.033203 -1.392578
vt -0.158203 -0.609375
vt -0.251953 -0.515625
vt -0.345703 -0.609375
vt 1.0 0.5
vt 1.0 0.0
vt 1.03125 0.1875
vt 1.15625 0.03125
vt 1.5 0.0
vt 3.0 -0.894531
vt 3.0 -0.597656
vt 0.0 -0.597656
vt 0.0 -0.894531
vt 3.0 -0.515625
vt 0.0 -0.515625
vt 3.0 -0.894531
vt 0.0 -0.894531
vt 0.0 -0.988281
vt 3.0 -0.988281
vt 0.0 5.0
vt 0.0 0.0
vt 2.0 0.0
vt 2.0 5.0
vt 0.0 7.0
vt 0.0 0.0
vt 5.0 0.0
vt 5.0 7.0
vt 2.5 -0.894531
vt 2.5 -0.597656
vt 0.0 -0.597656
vt 0.0 -0.894531
vt 2.5 -0.515625
vt 0.0 -0.515625
vt 2.5 -0.894531
vt 0.0 -0.894531
vt 0.0 -0.988281
vt 2.5 -0.988281
vt 0.753906 -0.599609
vt 1.0 -0.599609
vt 1.0 -0.513672
vt 0.5 -0.513672
vt 1.0 -0.599609
vt 1.279297 -0.599609
vt 1.5 -0.513672
vt 1.0 -0.513672
vt 0.4375 -0.59375
vt 0.4375 -0.890625
vt 0.285156 -0.59375
vt 0.285156 -0.890625
vt 0.4375 -0.890625
vt 0.4375 -0.394531
vt 0.285156 -0.394531
vt 0.285156 -0.486328
vt 0.4375 -0.394531
vt 0.4375 -0.59375
vt 0.285156 -0.59375
vt 0.4375 -0.890625
vt 0.0 3.0
vt 0.0 0.0
vt 1.0 0.0
vt 1.0 3.0
vt 0.0 5.0
vt 0.0 0.0
vt 7.0 0.0
vt 7.0 5.0
vt 0.841797 -0.986328
vt 0.998047 -0.986328
vt 0.966797 -0.892578
vt 0.841797 -0.892578
vt 0.498047 -0.986328
vt 0.654297 -0.986328
vt 0.654297 -0.892578
vt 0.529297 -0.892578
vt -0.470703 -1.392578
vt -0.345703 -1.392578
vt -0.345703 -1.105469
vt -0.158203 -1.392578
vt -0.158203 -1.105469
vt -0.033203 -1.392578
vt -0.158203 -0.609375
vt -0.251953 -0.515625
vt -0.345703 -0.609375
vt 1.0 0.5
vt 1.0 0.0
vt 1.03125 0.1875
vt 1.15625 0.03125
vt 1.5 0.0
vt 2.5 -0.894531
vt 2.5 -0.597656
vt 0.0 -0.597656
vt 0.0 -0.894531
vt 2.5 -0.515625
vt 0.0 -0.515625
vt 2.5 -0.894531
vt 0.0 -0.894531
vt 0.0 -0.988281
vt 2.5 -0.988281
vt 0.753906 -0.599609
vt 1.0 -0.599609
vt 1.0 -0.513672
vt 0.5 -0.513672
vt 1.0 -0.599609
vt 1.279297 -0.599609
vt 1.5 -0.513672
vt 1.0 -0.513672
vt 0.4375 -0.59375
vt 0.4375 -0.890625
vt 0.285156 -0.59375
vt 0.285156 -0.890625
vt 0.4375 -0.890625
vt 0.4375 -0.394531
vt 0.285156 -0.394531
vt 0.285156 -0.486328
vt 0.4375 -0.394531
vt 0.4375 -0.59375
vt 0.285156 -0.59375
vt 0.4375 -0.890625
vt 0.0 2.0
vt 0.0 0.0
vt 1.0 0.0
vt 1.0 2.0
vt 0.0 6.0
vt 0.0 0.0
vt 6.0 0.0
vt 6.0 6.0
vt 0.841797 -0.986328
vt 0.998047 -0.986328
vt 0.966797 -0.892578
vt 0.841797 -0.892578
vt 0.498047 -0.986328
vt 0.654297 -0.986328
vt 0.654297 -0.892578
vt 0.529297 -0.892578
vt -0.470703 -1.392578
vt -0.345703 -1.392578
vt -0.345703 -1.105469
vt -0.158203 -1.392578
vt -0.158203 -1.105469
vt -0.033203 -1.392578
vt -0.158203 -0.609375
vt -0.251953 -0.515625
vt -0.345703 -0.609375
vt 1.0 0.5
vt 1.0 0.0
vt 1.03125 0.1875
vt 1.15625 0.03125
vt 1.5 0.0
vt 2.5 -0.894531
vt 2.5 -0.597656
vt 0.0 -0.597656
vt 0.0 -0.894531
vt 2.5 -0.515625
vt 0.0 -0.515625
vt 2.5 -0.894531
vt 0.0 -0.894531
vt 0.0 -0.988281
vt 2.5 -0.988281
vt 0.753906 -0.599609
vt 1.0 -0.599609
vt 1.0 -0.513672
vt 0.5 -0.513672
vt 1.0 -0.599609
vt 1.279297 -0.599609
vt 1.5 -0.513672
vt 1.0 -0.513672
vt 0.4375 -0.59375
vt 0.4375 -0.890625
vt 0.285156 -0.59375
vt 0.285156 -0.890625
vt 0.4375 -0.890625
vt 0.4375 -0.394531
vt 0.285156 -0.394531
vt 0.285156 -0.486328
vt 0.4375 -0.394531
vt 0.4375 -0.59375
vt 0.285156 -0.59375
vt 0.4375 -0.890625
vt 0.0 1.0
vt 0.0 0.0
vt 2.0 0.0
vt 2.0 1.0
vt 0.0 6.0
vt 0.0 0.0
vt 5.0 0.0
vt 5.0 6.0
vt 0.5 -0.894531
vt 0.5 -0.597656
vt 0.0 -0.597656
vt 0.0 -0.894531
vt 0.5 -0.515625
vt 0.0 -0.515625
vt 0.5 -0.894531
vt 0.0 -0.894531
vt 0.0 -0.988281
vt 0.5 -0.988281
vt 0.841797 -0.986328
vt 0.998047 -0.986328
vt 0.966797 -0.892578
vt 0.841797 -0.892578
vt 0.498047 -0.986328
vt 0.654297 -0.986328
vt 0.654297 -0.892578
vt 0.529297 -0.892578
vt -0.470703 -1.392578
vt -0.345703 -1.392578
vt -0.345703 -1.105469
vt -0.158203 -1.392578
vt -0.158203 -1.105469
vt -0.033203 -1.392578
vt -0.158203 -0.609375
vt -0.251953 -0.515625
vt -0.345703 -0.609375
vt 1.0 0.5
vt 1.0 0.0
vt 1.03125 0.1875
vt 1.15625 0.03125
vt 1.5 0.0
vt 4.0 -0.894531
vt 4.0 -0.597656
vt 0.0 -0.597656
vt 0.0 -0.894531
vt 4.0 -0.515625
vt 0.0 -0.515625
vt 4.0 -0.894531
vt 0.0 -0.894531
vt 0.0 -0.988281
vt 4.0 -0.988281
vt 0.753906 -0.599609
vt 1.0 -0.599609
vt 1.0 -0.513672
vt 0.5 -0.513672
vt 1.0 -0.599609
vt 1.279297 -0.599609
vt 1.5 -0.513672
vt 1.0 -0.513672
vt 0.4375 -0.59375
vt 0.4375 -0.890625
vt 0.285156 -0.59375
vt 0.285156 -0.890625
vt 0.4375 -0.890625
vt 0.4375 -0.394531
vt 0.285156 -0.394531
vt 0.285156 -0.486328
vt 0.4375 -0.394531
vt 0.4375 -0.59375
vt 0.285156 -0.59375
vt 0.4375 -0.890625
vt 0.0 5.0
vt 0.0 0.0
vt 1.0 0.0
vt 1.0 5.0
vt 0.0 8.0
vt 0.0 0.0
vt 3.0 0.0
vt 3.0 8.0
vt 0.0 1.0
vt 0.0 0.0
vt 3.0 0.0
vt 3.0 1.0
vt 0.841797 -0.986328
vt 0.998047 -0.986328
vt 0.966797 -0.892578
vt 0.841797 -0.892578
vt 0.498047 -0.986328
vt 0.654297 -0.986328
vt 0.654297 -0.892578
vt 0.529297 -0.892578
vt -0.470703 -1.392578
vt -0.345703 -1.392578
vt -0.345703 -1.105469
vt -0.158203 -1.392578
vt -0.158203 -1.105469
vt -0.033203 -1.392578
vt -0.158203 -0.609375
vt -0.251953 -0.515625
vt -0.345703 -0.609375
vt 1.0 0.5
vt 1.0 0.0
vt 1.03125 0.1875
vt 1.15625 0.03125
vt 1.5 0.0
vt 1.0 -0.894531
vt 1.0 -0.597656
vt 0.0 -0.597656
vt 0.0 -0.894531
vt 1.0 -0.515625
vt 0.0 -0.515625
vt 1.0 -0.894531
vt 0.0 -0.894531
vt 0.0 -0.988281
vt 1.0 -0.988281
vt 0.753906 -0.599609
vt 1.0 -0.599609
vt 1.0 -0.513672
vt 0.5 -0.513672
vt 1.0 -0.599609
vt 1.279297 -0.599609
vt 1.5 -0.513672
vt 1.0 -0.513672
vt 0.4375 -0.59375
vt 0.4375 -0.890625
vt 0.285156 -0.59375
vt 0.285156 -0.890625
vt 0.4375 -0.890625
vt 0.4375 -0.394531
vt 0.285156 -0.394531
vt 0.285156 -0.486328
vt 0.4375 -0.394531
vt 0.4375 -0.59375
vt 0.285156 -0.59375
vt 0.4375 -0.890625
vt 0.0 2.0
vt 0.0 0.0
vt 3.0 0.0
vt 3.0 2.0
vt 0.0 3.0
vt 0.0 0.0
vt 2.0 0.0
vt 2.0 3.0
vt 1.0 -0.894531
vt 1.0 -0.597656
vt 0.0 -0.597656
vt 0.0 -0.894531
vt 1.0 -0.515625
vt 0.0 -0.515625
vt 1.0 -0.894531
vt 0.0 -0.894531
vt 0.0 -0.988281
vt 1.0 -0.988281
vt 2.0 -2.0E-6
vt 0.0 -2.0E-6
vt 2.0 2.000002
vt 0.0 2.000002
vt 2.0 1.999998
vt 0.0 1.999998
vt 2.0 4.000002
vt 0.0 4.000002
vt 2.0 6.000002
vt 0.0 6.000002
vt 2.0 3.999998
vt 0.0 3.999998
vt 2.0 8.000002
vt 0.0 8.000002
vt 2.0 5.999998
vt 0.0 5.999998
vt 4.0 -2.0E-6
vt 2.0 -2.0E-6
vt 4.0 2.000002
vt 2.0 2.000002
vt 4.0 1.999998
vt 2.0 1.999998
vt 4.0 4.000002
vt 2.0 4.000002
vt 4.0 6.000002
vt 2.0 6.000002
vt 4.0 3.999998
vt 2.0 3.999998
vt 4.0 8.000002
vt 2.0 8.000002
vt 4.0 5.999998
vt 2.0 5.999998
vt 6.0 -2.0E-6
vt 4.0 -2.0E-6
vt 6.0 2.000002
vt 4.0 2.000002
vt 6.0 1.999998
vt 4.0 1.999998
vt 6.0 4.000002
vt 4.0 4.000002
vt 6.0 6.000002
vt 4.0 6.000002
vt 6.0 3.999998
vt 4.0 3.999998
vt 6.0 8.000002
vt 4.0 8.000002
vt 6.0 5.999998
vt 4.0 5.999998
vt 8.0 -2.0E-6
vt 6.0 -2.0E-6
vt 8.0 2.000002
vt 6.0 2.000002
vt 8.0 1.999998
vt 6.0 1.999998
vt 8.0 4.000002
vt 6.0 4.000002
vt 8.0 6.000002
vt 6.0 6.000002
vt 8.0 3.999998
vt 6.0 3.999998
vt 8.0 8.000002
vt 6.0 8.000002
vt 8.0 5.999998
vt 6.0 5.999998
vn 0.0 -0.0 1.0
vn -0.9371 -0.0 0.3492
vn -0.6885 -0.6193 0.3775
vn -0.7069 -0.5992 0.3759
vn -0.441 -0.882 0.1664
vn -0.7456 -0.6447 0.1685
vn -0.7372 -0.6542 0.1688
vn 0.4547 0.8794 0.1415
vn -0.7372 0.6542 0.1688
vn -0.9351 0.3228 0.1466
vn -0.7456 0.6447 0.1685
vn -0.4151 -0.8301 0.3724
vn -0.441 0.882 0.1664
vn -0.9351 -0.3228 0.1466
vn -0.8916 0.3078 0.3322
vn 0.7978 -0.5292 0.2889
vn 0.7037 -0.6624 0.2571
vn 0.7168 -0.6464 0.2615
vn 0.4405 -0.8822 0.1664
vn 0.8737 0.3226 0.3643
vn 0.8033 0.0069 0.5955
vn 0.726 -0.1431 0.6726
vn 0.2944 -0.5903 0.7516
vn -0.2951 -0.5902 0.7514
vn -0.5171 -0.4073 0.7528
vn -0.4814 -0.4417 0.7571
vn -0.6685 -0.2307 0.707
vn 0.8323 -0.1484 0.534
vn 0.6669 0.1958 0.719
vn 0.6255 0.2526 0.7382
vn 0.2821 0.58 0.7642
vn -0.2091 0.4183 0.8839
vn 0.8606 0.3364 0.3823
vn 0.4311 0.8069 0.4038
vn -0.6685 0.2307 0.707
vn 0.2695 0.9361 0.2259
vn 0.4142 -0.8305 0.3725
vn 0.934 0.3541 0.0472
vn 0.0 0.0 1.0
vn 0.0 -0.0 1.0
vn 0.0 -0.0 1.0
vn 0.0 -0.0 1.0
vn 0.0 -0.0 1.0
vn 0.0 -0.0 1.0
vn 0.0 -0.0 1.0
vn 0.0 -0.0 1.0
vn 0.0 -0.0 1.0
vn 0.0 -0.0 1.0
vn 0.0 -0.0 1.0
vn 0.0 -0.0 1.0
vn 0.0 -0.0 1.0
vn 0.0 -0.0 1.0
vn 0.0 -0.9371 0.3492
vn 0.6193 -0.6885 0.3775
vn 0.5992 -0.7069 0.3759
vn 0.882 -0.441 0.1664
vn 0.6447 -0.7456 0.1685
vn 0.6542 -0.7372 0.1688
vn -0.8794 0.4547 0.1415
vn -0.6542 -0.7372 0.1688
vn -0.3228 -0.9351 0.1466
vn -0.6447 -0.7456 0.1685
vn 0.8301 -0.4151 0.3724
vn -0.882 -0.441 0.1664
vn 0.3228 -0.9351 0.1466
vn -0.3078 -0.8916 0.3322
vn 0.5292 0.7978 0.2889
vn 0.6624 0.7037 0.2571
vn 0.6464 0.7168 0.2615
vn 0.8822 0.4405 0.1664
vn -0.3226 0.8737 0.3643
vn -0.0069 0.8033 0.5955
vn 0.1431 0.726 0.6726
vn 0.5903 0.2944 0.7516
vn 0.5902 -0.2951 0.7514
vn 0.4073 -0.5171 0.7528
vn 0.4417 -0.4814 0.7571
vn 0.2307 -0.6685 0.707
vn 0.1484 0.8323 0.534
vn -0.1958 0.6669 0.719
vn -0.2526 0.6255 0.7382
vn -0.58 0.2821 0.7642
vn -0.4183 -0.2091 0.8839
vn -0.3364 0.8606 0.3823
vn -0.8069 0.4311 0.4038
vn -0.2307 -0.6685 0.707
vn -0.9361 0.2695 0.2259
vn 0.8305 0.4142 0.3725
vn -0.3541 0.934 0.0472
vn -0.0 0.0 1.0
vn 0.0 -0.0 1.0
vn 0.0 -0.0 1.0
vn 0.0 -0.0 1.0
vn 0.0 -0.0 1.0
vn 0.0 -0.0 1.0
vn 0.0 -0.0 1.0
vn 0.0 -0.0 1.0
vn 0.0 -0.0 1.0
vn 0.0 -0.0 1.0
vn 0.0 -0.0 1.0
vn 0.0 -0.0 1.0
vn 0.0 -0.0 1.0
vn 0.0 -0.0 1.0
vn 0.0 -0.0 1.0
vn 0.0 -0.0 1.0
vn 0.0 -0.0 1.0
vn 0.0 -0.0 1.0
vn 0.0 -0.0 1.0
vn 0.0 -0.0 1.0
vn -0.9371 -0.0 0.3492
vn -0.6885 -0.6193 0.3775
vn -0.7069 -0.5992 0.3759
vn -0.441 -0.882 0.1664
vn -0.7456 -0.6447 0.1685
vn -0.7372 -0.6542 0.1688
vn 0.4547 0.8794 0.1415
vn -0.7372 0.6542 0.1688
vn -0.9351 0.3228 0.1466
vn -0.7456 0.6447 0.1685
vn -0.4151 -0.8301 0.3724
vn -0.441 0.882 0.1664
vn -0.9351 -0.3228 0.1466
vn -0.8916 0.3078 0.3322
vn 0.7978 -0.5292 0.2889
vn 0.7037 -0.6624 0.2571
vn 0.7168 -0.6464 0.2615
vn 0.4405 -0.8822 0.1664
vn 0.8737 0.3226 0.3643
vn 0.8033 0.0069 0.5955
vn 0.726 -0.1431 0.6726
vn 0.2944 -0.5903 0.7516
vn -0.2951 -0.5902 0.7514
vn -0.5171 -0.4073 0.7528
vn -0.4814 -0.4417 0.7571
vn -0.6685 -0.2307 0.707
vn 0.8323 -0.1484 0.534
vn 0.6669 0.1958 0.719
vn 0.6255 0.2526 0.7382
vn 0.2821 0.58 0.7642
vn -0.2091 0.4183 0.8839
vn 0.8606 0.3364 0.3823
vn 0.4311 0.8069 0.4038
vn -0.6685 0.2307 0.707
vn 0.2695 0.9361 0.2259
vn 0.4142 -0.8305 0.3725
vn 0.934 0.3541 0.0472
vn 0.0 0.0 1.0
vn 0.0 -0.0 1.0
vn 0.0 -0.0 1.0
vn 0.0 -0.0 1.0
vn 0.0 -0.0 1.0
vn 0.0 -0.0 1.0
vn 0.0 -0.0 1.0
vn 0.0 -0.0 1.0
vn 0.0 -0.0 1.0
vn 0.0 -0.0 1.0
vn 0.0 -0.0 1.0
vn 0.0 -0.0 1.0
vn 0.0 -0.0 1.0
vn 0.0 -0.0 1.0
vn 0.0 -0.0 1.0
vn 0.0 -0.0 1.0
vn -0.9371 -0.0 0.3492
vn -0.6885 -0.6193 0.3775
vn -0.7069 -0.5992 0.3759
vn -0.441 -0.882 0.1664
vn -0.7456 -0.6447 0.1685
vn -0.7372 -0.6542 0.1688
vn 0.4547 0.8794 0.1415
vn -0.7372 0.6542 0.1688
vn -0.9351 0.3228 0.1466
vn -0.7456 0.6447 0.1685
vn -0.4151 -0.8301 0.3724
vn -0.441 0.882 0.1664
vn -0.9351 -0.3228 0.1466
vn -0.8916 0.3078 0.3322
vn 0.7978 -0.5292 0.2889
vn 0.7037 -0.6624 0.2571
vn 0.7168 -0.6464 0.2615
vn 0.4405 -0.8822 0.1664
vn 0.8737 0.3226 0.3643
vn 0.8033 0.0069 0.5955
vn 0.726 -0.1431 0.6726
vn 0.2944 -0.5903 0.7516
vn -0.2951 -0.5902 0.7514
vn -0.5171 -0.4073 0.7528
vn -0.4814 -0.4417 0.7571
vn -0.6685 -0.2307 0.707
vn 0.8323 -0.1484 0.534
vn 0.6669 0.1958 0.719
vn 0.6255 0.2526 0.7382
vn 0.2821 0.58 0.7642
vn -0.2091 0.4183 0.8839
vn 0.8606 0.3364 0.3823
vn 0.4311 0.8069 0.4038
vn -0.6685 0.2307 0.707
vn 0.2695 0.9361 0.2259
vn 0.4142 -0.8305 0.3725
vn 0.934 0.3541 0.0472
vn 0.0 0.0 1.0
vn 0.0 -0.0 1.0
vn 0.0 -0.0 1.0
vn 0.0 -0.0 1.0
vn 0.0 -0.0 1.0
vn 0.0 -0.0 1.0
vn 0.0 -0.0 1.0
vn 0.0 -0.0 1.0
vn 0.0 -0.0 1.0
vn 0.0 -0.0 1.0
vn 0.0 -0.0 1.0
vn 0.0 -0.0 1.0
vn 0.0 -0.0 1.0
vn 0.0 -0.0 1.0
vn 0.0 -0.0 1.0
vn 0.0 -0.0 1.0
vn 0.0 -0.0 1.0
vn 0.0 -0.0 1.0
vn 0.0 -0.0 1.0
vn 0.0 -0.0 1.0
vn -0.0 0.7071 0.7071
vn -0.0 0.5258 0.8506
vn 0.0 0.0 1.0
vn -0.0 0.426 0.9047
vn 0.0 -0.0 1.0
vn 0.0 -0.0 1.0
vn 0.0 -0.7071 0.7071
vn 0.0 -0.5258 0.8506
vn -0.0 -0.0 1.0
vn 0.0 -0.426 0.9047
vn 0.0 -0.0 1.0
vn 0.7071 0.0 0.7071
vn 0.5258 0.0 0.8506
vn 0.0 -0.0 1.0
vn 0.426 0.0 0.9047
vn 0.0808 0.1651 0.983
vn 0.0178 0.2269 0.9738
vn 0.0558 0.6983 0.7136
vn 0.3474 0.5641 0.7491
vn 0.1819 0.0679 0.981
vn 0.1788 0.0657 0.9817
vn 0.5999 0.2295 0.7665
vn 0.6978 0.0672 0.7132
vn 0.6948 0.0644 0.7163
vn 0.6012 0.2303 0.7652
vn 0.6426 0.3262 0.6933
vn 0.3477 0.5703 0.7442
vn 0.25 0.5665 0.7852
vn 0.0567 0.6961 0.7157
vn -0.0 -0.0 1.0
vn 0.6425 0.3262 0.6933
vn 0.1651 -0.0808 0.983
vn 0.2269 -0.0178 0.9738
vn 0.6983 -0.0558 0.7136
vn 0.5641 -0.3474 0.7491
vn 0.0679 -0.1819 0.981
vn 0.0657 -0.1788 0.9817
vn 0.2295 -0.5999 0.7665
vn 0.0672 -0.6978 0.7132
vn 0.0644 -0.6948 0.7163
vn 0.2303 -0.6012 0.7652
vn 0.3262 -0.6426 0.6933
vn 0.5703 -0.3477 0.7442
vn 0.5665 -0.25 0.7852
vn 0.6961 -0.0567 0.7157
vn -0.0 0.0 1.0
vn 0.3262 -0.6425 0.6933
vn 0.3865 -0.3865 0.8374
vn -0.0 -0.526 0.8505
vn -0.0 -0.0 1.0
vn 0.526 0.0 0.8505
vn 0.5259 0.0 0.8505
vn 0.6425 -0.3262 0.6934
vn 0.4629 -0.4629 0.7559
vn 0.3262 -0.6426 0.6933
vn 0.3262 -0.6426 0.6934
vn 0.6426 -0.3262 0.6934
vn -0.0 -0.5259 0.8505
vn 0.0 -0.0 1.0
vn 0.0 -0.0 1.0
vn 0.0 -0.0 1.0
vn 0.0 -0.0 1.0
vn 0.1651 -0.0808 0.983
vn 0.2269 -0.0178 0.9738
vn 0.6983 -0.0558 0.7136
vn 0.5641 -0.3474 0.7491
vn 0.0679 -0.1819 0.981
vn 0.0657 -0.1788 0.9817
vn 0.2295 -0.5999 0.7665
vn 0.0672 -0.6978 0.7132
vn 0.0644 -0.6948 0.7163
vn 0.2303 -0.6012 0.7652
vn 0.3262 -0.6426 0.6933
vn 0.5703 -0.3477 0.7442
vn 0.5665 -0.25 0.7852
vn 0.6961 -0.0567 0.7157
vn -0.0 0.0 1.0
vn 0.3262 -0.6425 0.6933
vn 0.7071 0.0 0.7071
vn 0.5258 0.0 0.8506
vn 0.0 -0.0 1.0
vn 0.426 0.0 0.9047
vn 0.3865 -0.3865 0.8374
vn -0.0 -0.526 0.8505
vn -0.0 -0.0 1.0
vn 0.526 0.0 0.8505
vn 0.5259 0.0 0.8505
vn 0.6425 -0.3262 0.6934
vn 0.4629 -0.4629 0.7559
vn 0.3262 -0.6426 0.6933
vn 0.3262 -0.6426 0.6934
vn 0.6426 -0.3262 0.6934
vn -0.0 -0.5259 0.8505
vn 0.0 -0.0 1.0
vn 0.0 -0.0 1.0
vn 0.0 -0.7071 0.7071
vn 0.0 -0.5258 0.8506
vn -0.0 -0.0 1.0
vn 0.0 -0.426 0.9047
vn 0.0 -0.0 1.0
vn 0.3865 0.3865 0.8374
vn 0.526 -0.0 0.8505
vn 0.0 -0.0 1.0
vn -0.0 0.526 0.8505
vn -0.0 0.5259 0.8505
vn 0.3262 0.6425 0.6934
vn 0.4629 0.4629 0.7559
vn 0.6426 0.3262 0.6933
vn 0.6426 0.3262 0.6934
vn 0.3262 0.6426 0.6934
vn 0.5259 -0.0 0.8505
vn 0.7071 0.0 0.7071
vn 0.5258 0.0 0.8506
vn 0.0 -0.0 1.0
vn 0.426 0.0 0.9047
vn 0.3865 -0.3865 0.8374
vn -0.0 -0.526 0.8505
vn -0.0 -0.0 1.0
vn 0.526 0.0 0.8505
vn 0.5259 0.0 0.8505
vn 0.6425 -0.3262 0.6934
vn 0.4629 -0.4629 0.7559
vn 0.3262 -0.6426 0.6933
vn 0.3262 -0.6426 0.6934
vn 0.6426 -0.3262 0.6934
vn -0.0 -0.5259 0.8505
vn 0.0 -0.0 1.0
vn 0.1651 -0.0808 0.983
vn 0.2269 -0.0178 0.9738
vn 0.6983 -0.0558 0.7136
vn 0.5641 -0.3474 0.7491
vn 0.0679 -0.1819 0.981
vn 0.0657 -0.1788 0.9817
vn 0.2295 -0.5999 0.7665
vn 0.0672 -0.6978 0.7132
vn 0.0644 -0.6948 0.7163
vn 0.2303 -0.6012 0.7652
vn 0.3262 -0.6426 0.6933
vn 0.5703 -0.3477 0.7442
vn 0.5665 -0.25 0.7852
vn 0.6961 -0.0567 0.7157
vn -0.0 0.0 1.0
vn 0.3262 -0.6425 0.6933
vn 0.7071 0.0 0.7071
vn 0.5258 0.0 0.8506
vn 0.0 -0.0 1.0
vn 0.426 0.0 0.9047
vn 0.3865 -0.3865 0.8374
vn -0.0 -0.526 0.8505
vn -0.0 -0.0 1.0
vn 0.526 0.0 0.8505
vn 0.5259 0.0 0.8505
vn 0.6425 -0.3262 0.6934
vn 0.4629 -0.4629 0.7559
vn 0.3262 -0.6426 0.6933
vn 0.3262 -0.6426 0.6934
vn 0.6426 -0.3262 0.6934
vn -0.0 -0.5259 0.8505
vn 0.0 -0.0 1.0
vn -0.0 0.7071 0.7071
vn -0.0 0.5258 0.8506
vn 0.0 0.0 1.0
vn -0.0 0.426 0.9047
vn 0.0 -0.0 1.0
vn 0.1651 -0.0808 0.983
vn 0.2269 -0.0178 0.9738
vn 0.6983 -0.0558 0.7136
vn 0.5641 -0.3474 0.7491
vn 0.0679 -0.1819 0.981
vn 0.0657 -0.1788 0.9817
vn 0.2295 -0.5999 0.7665
vn 0.0672 -0.6978 0.7132
vn 0.0644 -0.6948 0.7163
vn 0.2303 -0.6012 0.7652
vn 0.3262 -0.6426 0.6933
vn 0.5703 -0.3477 0.7442
vn 0.5665 -0.25 0.7852
vn 0.6961 -0.0567 0.7157
vn -0.0 0.0 1.0
vn 0.3262 -0.6425 0.6933
vn 0.3865 -0.3865 0.8374
vn -0.0 -0.526 0.8505
vn -0.0 -0.0 1.0
vn 0.526 0.0 0.8505
vn 0.5259 0.0 0.8505
vn 0.6425 -0.3262 0.6934
vn 0.4629 -0.4629 0.7559
vn 0.3262 -0.6426 0.6933
vn 0.3262 -0.6426 0.6934
vn 0.6426 -0.3262 0.6934
vn -0.0 -0.5259 0.8505
vn 0.0 -0.0 1.0
vn 0.0 -0.0 1.0
vn 0.0 -0.7071 0.7071
vn 0.0 -0.5258 0.8506
vn -0.0 -0.0 1.0
vn 0.0 -0.426 0.9047
vn 0.0 -0.0 1.0
vn 0.3865 0.3865 0.8374
vn 0.526 -0.0 0.8505
vn 0.0 -0.0 1.0
vn -0.0 0.526 0.8505
vn -0.0 0.5259 0.8505
vn 0.3262 0.6425 0.6934
vn 0.4629 0.4629 0.7559
vn 0.6426 0.3262 0.6933
vn 0.6426 0.3262 0.6934
vn 0.3262 0.6426 0.6934
vn 0.5259 -0.0 0.8505
vn 0.7071 0.0 0.7071
vn 0.5258 0.0 0.8506
vn 0.0 -0.0 1.0
vn 0.426 0.0 0.9047
vn 0.0808 0.1651 0.983
vn 0.0178 0.2269 0.9738
vn 0.0558 0.6983 0.7136
vn 0.3474 0.5641 0.7491
vn 0.1819 0.0679 0.981
vn 0.1788 0.0657 0.9817
vn 0.5999 0.2295 0.7665
vn 0.6978 0.0672 0.7132
vn 0.6948 0.0644 0.7163
vn 0.6012 0.2303 0.7652
vn 0.6426 0.3262 0.6933
vn 0.3477 0.5703 0.7442
vn 0.25 0.5665 0.7852
vn 0.0567 0.6961 0.7157
vn -0.0 -0.0 1.0
vn 0.6425 0.3262 0.6933
vn 0.0 -0.0 1.0
vn 0.1651 -0.0808 0.983
vn 0.2269 -0.0178 0.9738
vn 0.6983 -0.0558 0.7136
vn 0.5641 -0.3474 0.7491
vn 0.0679 -0.1819 0.981
vn 0.0657 -0.1788 0.9817
vn 0.2295 -0.5999 0.7665
vn 0.0672 -0.6978 0.7132
vn 0.0644 -0.6948 0.7163
vn 0.2303 -0.6012 0.7652
vn 0.3262 -0.6426 0.6933
vn 0.5703 -0.3477 0.7442
vn 0.5665 -0.25 0.7852
vn 0.6961 -0.0567 0.7157
vn -0.0 0.0 1.0
vn 0.3262 -0.6425 0.6933
vn 0.7071 0.0 0.7071
vn 0.5258 0.0 0.8506
vn 0.0 -0.0 1.0
vn 0.426 0.0 0.9047
vn 0.3865 -0.3865 0.8374
vn -0.0 -0.526 0.8505
vn -0.0 -0.0 1.0
vn 0.526 0.0 0.8505
vn 0.5259 0.0 0.8505
vn 0.6425 -0.3262 0.6934
vn 0.4629 -0.4629 0.7559
vn 0.3262 -0.6426 0.6933
vn 0.3262 -0.6426 0.6934
vn 0.6426 -0.3262 0.6934
vn -0.0 -0.5259 0.8505
vn 0.7071 0.0 0.7071
vn 0.5258 0.0 0.8506
vn 0.0 -0.0 1.0
vn 0.426 0.0 0.9047
vn 0.0808 0.1651 0.983
vn 0.0178 0.2269 0.9738
vn 0.0558 0.6983 0.7136
vn 0.3474 0.5641 0.7491
vn 0.1819 0.0679 0.981
vn 0.1788 0.0657 0.9817
vn 0.5999 0.2295 0.7665
vn 0.6978 0.0672 0.7132
vn 0.6948 0.0644 0.7163
vn 0.6012 0.2303 0.7652
vn 0.6426 0.3262 0.6933
vn 0.3477 0.5703 0.7442
vn 0.25 0.5665 0.7852
vn 0.0567 0.6961 0.7157
vn -0.0 -0.0 1.0
vn 0.6425 0.3262 0.6933
vn 0.0 -0.0 1.0
vn 0.0 -0.0 1.0
vn 0.0 -0.0 1.0
vn 0.0 -0.7071 0.7071
vn 0.0 -0.5258 0.8506
vn -0.0 -0.0 1.0
vn 0.0 -0.426 0.9047
vn 0.0 -0.0 1.0
vn 0.0 -0.0 1.0
vn 0.1651 -0.0808 0.983
vn 0.2269 -0.0178 0.9738
vn 0.6983 -0.0558 0.7136
vn 0.5641 -0.3474 0.7491
vn 0.0679 -0.1819 0.981
vn 0.0657 -0.1788 0.9817
vn 0.2295 -0.5999 0.7665
vn 0.0672 -0.6978 0.7132
vn 0.0644 -0.6948 0.7163
vn 0.2303 -0.6012 0.7652
vn 0.3262 -0.6426 0.6933
vn 0.5703 -0.3477 0.7442
vn 0.5665 -0.25 0.7852
vn 0.6961 -0.0567 0.7157
vn -0.0 0.0 1.0
vn 0.3262 -0.6425 0.6933
vn 0.7071 0.0 0.7071
vn 0.5258 0.0 0.8506
vn 0.0 -0.0 1.0
vn 0.426 0.0 0.9047
vn 0.1651 -0.0808 0.983
vn 0.2269 -0.0178 0.9738
vn 0.6983 -0.0558 0.7136
vn 0.5641 -0.3474 0.7491
vn 0.0679 -0.1819 0.981
vn 0.0657 -0.1788 0.9817
vn 0.2295 -0.5999 0.7665
vn 0.0672 -0.6978 0.7132
vn 0.0644 -0.6948 0.7163
vn 0.2303 -0.6012 0.7652
vn 0.3262 -0.6426 0.6933
vn 0.5703 -0.3477 0.7442
vn 0.5665 -0.25 0.7852
vn 0.6961 -0.0567 0.7157
vn -0.0 0.0 1.0
vn 0.3262 -0.6425 0.6933
vn 0.3865 -0.3865 0.8374
vn -0.0 -0.526 0.8505
vn -0.0 -0.0 1.0
vn 0.526 0.0 0.8505
vn 0.5259 0.0 0.8505
vn 0.6425 -0.3262 0.6934
vn 0.4629 -0.4629 0.7559
vn 0.3262 -0.6426 0.6933
vn 0.3262 -0.6426 0.6934
vn 0.6426 -0.3262 0.6934
vn -0.0 -0.5259 0.8505
vn 0.0 -0.0 1.0
vn 0.0 -0.0 1.0
vn 0.1651 -0.0808 0.983
vn 0.2269 -0.0178 0.9738
vn 0.6983 -0.0558 0.7136
vn 0.5641 -0.3474 0.7491
vn 0.0679 -0.1819 0.981
vn 0.0657 -0.1788 0.9817
vn 0.2295 -0.5999 0.7665
vn 0.0672 -0.6978 0.7132
vn 0.0644 -0.6948 0.7163
vn 0.2303 -0.6012 0.7652
vn 0.3262 -0.6426 0.6933
vn 0.5703 -0.3477 0.7442
vn 0.5665 -0.25 0.7852
vn 0.6961 -0.0567 0.7157
vn -0.0 0.0 1.0
vn 0.3262 -0.6425 0.6933
vn 0.7071 0.0 0.7071
vn 0.5258 0.0 0.8506
vn 0.0 -0.0 1.0
vn 0.426 0.0 0.9047
vn 0.3865 -0.3865 0.8374
vn -0.0 -0.526 0.8505
vn -0.0 -0.0 1.0
vn 0.526 0.0 0.8505
vn 0.5259 0.0 0.8505
vn 0.6425 -0.3262 0.6934
vn 0.4629 -0.4629 0.7559
vn 0.3262 -0.6426 0.6933
vn 0.3262 -0.6426 0.6934
vn 0.6426 -0.3262 0.6934
vn -0.0 -0.5259 0.8505
vn 0.0 -0.0 1.0
vn 0.0 -0.7071 0.7071
vn 0.0 -0.5258 0.8506
vn -0.0 -0.0 1.0
vn 0.0 -0.426 0.9047
vn 0.0 -0.0 1.0
vn 0.0 -0.0 1.0
vn 0.3865 0.3865 0.8374
vn 0.526 -0.0 0.8505
vn 0.0 -0.0 1.0
vn -0.0 0.526 0.8505
vn -0.0 0.5259 0.8505
vn 0.3262 0.6425 0.6934
vn 0.4629 0.4629 0.7559
vn 0.6426 0.3262 0.6933
vn 0.6426 0.3262 0.6934
vn 0.3262 0.6426 0.6934
vn 0.5259 -0.0 0.8505
vn 0.7071 0.0 0.7071
vn 0.5258 0.0 0.8506
vn 0.0 -0.0 1.0
vn 0.426 0.0 0.9047
vn 0.3865 -0.3865 0.8374
vn -0.0 -0.526 0.8505
vn -0.0 -0.0 1.0
vn 0.526 0.0 0.8505
vn 0.5259 0.0 0.8505
vn 0.6425 -0.3262 0.6934
vn 0.4629 -0.4629 0.7559
vn 0.3262 -0.6426 0.6933
vn 0.3262 -0.6426 0.6934
vn 0.6426 -0.3262 0.6934
vn -0.0 -0.5259 0.8505
vn 0.0 -0.0 1.0
vn 0.1651 -0.0808 0.983
vn 0.2269 -0.0178 0.9738
vn 0.6983 -0.0558 0.7136
vn 0.5641 -0.3474 0.7491
vn 0.0679 -0.1819 0.981
vn 0.0657 -0.1788 0.9817
vn 0.2295 -0.5999 0.7665
vn 0.0672 -0.6978 0.7132
vn 0.0644 -0.6948 0.7163
vn 0.2303 -0.6012 0.7652
vn 0.3262 -0.6426 0.6933
vn 0.5703 -0.3477 0.7442
vn 0.5665 -0.25 0.7852
vn 0.6961 -0.0567 0.7157
vn -0.0 0.0 1.0
vn 0.3262 -0.6425 0.6933
vn 0.3865 -0.3865 0.8374
vn -0.0 -0.526 0.8505
vn -0.0 -0.0 1.0
vn 0.526 0.0 0.8505
vn 0.5259 0.0 0.8505
vn 0.6425 -0.3262 0.6934
vn 0.4629 -0.4629 0.7559
vn 0.3262 -0.6426 0.6933
vn 0.3262 -0.6426 0.6934
vn 0.6426 -0.3262 0.6934
vn -0.0 -0.5259 0.8505
vn 0.0 -0.0 1.0
vn 0.3865 0.3865 0.8374
vn 0.526 -0.0 0.8505
vn 0.0 -0.0 1.0
vn -0.0 0.526 0.8505
vn -0.0 0.5259 0.8505
vn 0.3262 0.6425 0.6934
vn 0.4629 0.4629 0.7559
vn 0.6426 0.3262 0.6933
vn 0.6426 0.3262 0.6934
vn 0.3262 0.6426 0.6934
vn 0.5259 -0.0 0.8505
vn 0.7071 0.0 0.7071
vn 0.5258 0.0 0.8506
vn 0.0 -0.0 1.0
vn 0.426 0.0 0.9047
vn 0.0808 0.1651 0.983
vn 0.0178 0.2269 0.9738
vn 0.0558 0.6983 0.7136
vn 0.3474 0.5641 0.7491
vn 0.1819 0.0679 0.981
vn 0.1788 0.0657 0.9817
vn 0.5999 0.2295 0.7665
vn 0.6978 0.0672 0.7132
vn 0.6948 0.0644 0.7163
vn 0.6012 0.2303 0.7652
vn 0.6426 0.3262 0.6933
vn 0.3477 0.5703 0.7442
vn 0.25 0.5665 0.7852
vn 0.0567 0.6961 0.7157
vn -0.0 -0.0 1.0
vn 0.6425 0.3262 0.6933
vn 0.0 -0.0 1.0
vn 0.0 -0.7071 0.7071
vn 0.0 -0.5258 0.8506
vn -0.0 -0.0 1.0
vn 0.0 -0.426 0.9047
vn 0.0 -0.0 1.0
vn 0.0 -0.0 1.0
vn 0.1651 -0.0808 0.983
vn 0.2269 -0.0178 0.9738
vn 0.6983 -0.0558 0.7136
vn 0.5641 -0.3474 0.7491
vn 0.0679 -0.1819 0.981
vn 0.0657 -0.1788 0.9817
vn 0.2295 -0.5999 0.7665
vn 0.0672 -0.6978 0.7132
vn 0.0644 -0.6948 0.7163
vn 0.2303 -0.6012 0.7652
vn 0.3262 -0.6426 0.6933
vn 0.5703 -0.3477 0.7442
vn 0.5665 -0.25 0.7852
vn 0.6961 -0.0567 0.7157
vn -0.0 0.0 1.0
vn 0.3262 -0.6425 0.6933
vn 0.7071 0.0 0.7071
vn 0.5258 0.0 0.8506
vn 0.0 -0.0 1.0
vn 0.426 0.0 0.9047
vn 0.7071 0.0 0.7071
vn 0.5258 0.0 0.8506
vn 0.0 -0.0 1.0
vn 0.426 0.0 0.9047
vn 0.0808 0.1651 0.983
vn 0.0178 0.2269 0.9738
vn 0.0558 0.6983 0.7136
vn 0.3474 0.5641 0.7491
vn 0.1819 0.0679 0.981
vn 0.1788 0.0657 0.9817
vn 0.5999 0.2295 0.7665
vn 0.6978 0.0672 0.7132
vn 0.6948 0.0644 0.7163
vn 0.6012 0.2303 0.7652
vn 0.6426 0.3262 0.6933
vn 0.3477 0.5703 0.7442
vn 0.25 0.5665 0.7852
vn 0.0567 0.6961 0.7157
vn -0.0 -0.0 1.0
vn 0.6425 0.3262 0.6933
vn 0.0 -0.0 1.0
vn 0.0 -0.0 1.0
vn 0.0 -0.0 1.0
vn 0.1651 -0.0808 0.983
vn 0.2269 -0.0178 0.9738
vn 0.6983 -0.0558 0.7136
vn 0.5641 -0.3474 0.7491
vn 0.0679 -0.1819 0.981
vn 0.0657 -0.1788 0.9817
vn 0.2295 -0.5999 0.7665
vn 0.0672 -0.6978 0.7132
vn 0.0644 -0.6948 0.7163
vn 0.2303 -0.6012 0.7652
vn 0.3262 -0.6426 0.6933
vn 0.5703 -0.3477 0.7442
vn 0.5665 -0.25 0.7852
vn 0.6961 -0.0567 0.7157
vn -0.0 0.0 1.0
vn 0.3262 -0.6425 0.6933
vn 0.7071 0.0 0.7071
vn 0.5258 0.0 0.8506
vn 0.0 -0.0 1.0
vn 0.426 0.0 0.9047
vn 0.3865 -0.3865 0.8374
vn -0.0 -0.526 0.8505
vn -0.0 -0.0 1.0
vn 0.526 0.0 0.8505
vn 0.5259 0.0 0.8505
vn 0.6425 -0.3262 0.6934
vn 0.4629 -0.4629 0.7559
vn 0.3262 -0.6426 0.6933
vn 0.3262 -0.6426 0.6934
vn 0.6426 -0.3262 0.6934
vn -0.0 -0.5259 0.8505
vn 0.0 -0.0 1.0
vn 0.1651 -0.0808 0.983
vn 0.2269 -0.0178 0.9738
vn 0.6983 -0.0558 0.7136
vn 0.5641 -0.3474 0.7491
vn 0.0679 -0.1819 0.981
vn 0.0657 -0.1788 0.9817
vn 0.2295 -0.5999 0.7665
vn 0.0672 -0.6978 0.7132
vn 0.0644 -0.6948 0.7163
vn 0.2303 -0.6012 0.7652
vn 0.3262 -0.6426 0.6933
vn 0.5703 -0.3477 0.7442
vn 0.5665 -0.25 0.7852
vn 0.6961 -0.0567 0.7157
vn -0.0 0.0 1.0
vn 0.3262 -0.6425 0.6933
vn 0.7071 0.0 0.7071
vn 0.5258 0.0 0.8506
vn 0.0 -0.0 1.0
vn 0.426 0.0 0.9047
vn 0.3865 -0.3865 0.8374
vn -0.0 -0.526 0.8505
vn -0.0 -0.0 1.0
vn 0.526 0.0 0.8505
vn 0.5259 0.0 0.8505
vn 0.6425 -0.3262 0.6934
vn 0.4629 -0.4629 0.7559
vn 0.3262 -0.6426 0.6933
vn 0.3262 -0.6426 0.6934
vn 0.6426 -0.3262 0.6934
vn -0.0 -0.5259 0.8505
vn 0.0 -0.0 1.0
vn 0.0 -0.7071 0.7071
vn 0.0 -0.5258 0.8506
vn -0.0 -0.0 1.0
vn 0.0 -0.426 0.9047
vn 0.0 -0.0 1.0
vn 0.1651 -0.0808 0.983
vn 0.2269 -0.0178 0.9738
vn 0.6983 -0.0558 0.7136
vn 0.5641 -0.3474 0.7491
vn 0.0679 -0.1819 0.981
vn 0.0657 -0.1788 0.9817
vn 0.2295 -0.5999 0.7665
vn 0.0672 -0.6978 0.7132
vn 0.0644 -0.6948 0.7163
vn 0.2303 -0.6012 0.7652
vn 0.3262 -0.6426 0.6933
vn 0.5703 -0.3477 0.7442
vn 0.5665 -0.25 0.7852
vn 0.6961 -0.0567 0.7157
vn -0.0 0.0 1.0
vn 0.3262 -0.6425 0.6933
vn 0.3865 -0.3865 0.8374
vn -0.0 -0.526 0.8505
vn -0.0 -0.0 1.0
vn 0.526 0.0 0.8505
vn 0.5259 0.0 0.8505
vn 0.6425 -0.3262 0.6934
vn 0.4629 -0.4629 0.7559
vn 0.3262 -0.6426 0.6933
vn 0.3262 -0.6426 0.6934
vn 0.6426 -0.3262 0.6934
vn -0.0 -0.5259 0.8505
vn 0.0 -0.0 1.0
vn 0.0 -0.0 1.0
vn 0.1651 -0.0808 0.983
vn 0.2269 -0.0178 0.9738
vn 0.6983 -0.0558 0.7136
vn 0.5641 -0.3474 0.7491
vn 0.0679 -0.1819 0.981
vn 0.0657 -0.1788 0.9817
vn 0.2295 -0.5999 0.7665
vn 0.0672 -0.6978 0.7132
vn 0.0644 -0.6948 0.7163
vn 0.2303 -0.6012 0.7652
vn 0.3262 -0.6426 0.6933
vn 0.5703 -0.3477 0.7442
vn 0.5665 -0.25 0.7852
vn 0.6961 -0.0567 0.7157
vn -0.0 0.0 1.0
vn 0.3262 -0.6425 0.6933
vn 0.7071 0.0 0.7071
vn 0.5258 0.0 0.8506
vn 0.0 -0.0 1.0
vn 0.426 0.0 0.9047
vn 0.0 -0.0 1.0
vn 0.0 -0.0 1.0
vn 0.7071 0.0 0.7071
vn 0.5258 0.0 0.8506
vn 0.0 -0.0 1.0
vn 0.426 0.0 0.9047
vn 0.3865 -0.3865 0.8374
vn -0.0 -0.526 0.8505
vn -0.0 -0.0 1.0
vn 0.526 0.0 0.8505
vn 0.5259 0.0 0.8505
vn 0.6425 -0.3262 0.6934
vn 0.4629 -0.4629 0.7559
vn 0.3262 -0.6426 0.6933
vn 0.3262 -0.6426 0.6934
vn 0.6426 -0.3262 0.6934
vn -0.0 -0.5259 0.8505
vn 0.0 -0.0 1.0
vn 0.0 -0.0 1.0
vn 0.1651 -0.0808 0.983
vn 0.2269 -0.0178 0.9738
vn 0.6983 -0.0558 0.7136
vn 0.5641 -0.3474 0.7491
vn 0.0679 -0.1819 0.981
vn 0.0657 -0.1788 0.9817
vn 0.2295 -0.5999 0.7665
vn 0.0672 -0.6978 0.7132
vn 0.0644 -0.6948 0.7163
vn 0.2303 -0.6012 0.7652
vn 0.3262 -0.6426 0.6933
vn 0.5703 -0.3477 0.7442
vn 0.5665 -0.25 0.7852
vn 0.6961 -0.0567 0.7157
vn -0.0 0.0 1.0
vn 0.3262 -0.6425 0.6933
vn 0.7071 0.0 0.7071
vn 0.5258 0.0 0.8506
vn 0.0 -0.0 1.0
vn 0.426 0.0 0.9047
vn 0.3865 -0.3865 0.8374
vn -0.0 -0.526 0.8505
vn -0.0 -0.0 1.0
vn 0.526 0.0 0.8505
vn 0.5259 0.0 0.8505
vn 0.6425 -0.3262 0.6934
vn 0.4629 -0.4629 0.7559
vn 0.3262 -0.6426 0.6933
vn 0.3262 -0.6426 0.6934
vn 0.6426 -0.3262 0.6934
vn -0.0 -0.5259 0.8505
vn 0.0 -0.0 1.0
vn 0.0 -0.0 1.0
vn 0.1651 -0.0808 0.983
vn 0.2269 -0.0178 0.9738
vn 0.6983 -0.0558 0.7136
vn 0.5641 -0.3474 0.7491
vn 0.0679 -0.1819 0.981
vn 0.0657 -0.1788 0.9817
vn 0.2295 -0.5999 0.7665
vn 0.0672 -0.6978 0.7132
vn 0.0644 -0.6948 0.7163
vn 0.2303 -0.6012 0.7652
vn 0.3262 -0.6426 0.6933
vn 0.5703 -0.3477 0.7442
vn 0.5665 -0.25 0.7852
vn 0.6961 -0.0567 0.7157
vn -0.0 0.0 1.0
vn 0.3262 -0.6425 0.6933
vn 0.7071 0.0 0.7071
vn 0.5258 0.0 0.8506
vn 0.0 -0.0 1.0
vn 0.426 0.0 0.9047
vn 0.3865 -0.3865 0.8374
vn -0.0 -0.526 0.8505
vn -0.0 -0.0 1.0
vn 0.526 0.0 0.8505
vn 0.5259 0.0 0.8505
vn 0.6425 -0.3262 0.6934
vn 0.4629 -0.4629 0.7559
vn 0.3262 -0.6426 0.6933
vn 0.3262 -0.6426 0.6934
vn 0.6426 -0.3262 0.6934
vn -0.0 -0.5259 0.8505
vn 0.0 -0.0 1.0
vn 0.0 -0.0 1.0
vn 0.0 -0.7071 0.7071
vn 0.0 -0.5258 0.8506
vn -0.0 -0.0 1.0
vn 0.0 -0.426 0.9047
vn 0.1651 -0.0808 0.983
vn 0.2269 -0.0178 0.9738
vn 0.6983 -0.0558 0.7136
vn 0.5641 -0.3474 0.7491
vn 0.0679 -0.1819 0.981
vn 0.0657 -0.1788 0.9817
vn 0.2295 -0.5999 0.7665
vn 0.0672 -0.6978 0.7132
vn 0.0644 -0.6948 0.7163
vn 0.2303 -0.6012 0.7652
vn 0.3262 -0.6426 0.6933
vn 0.5703 -0.3477 0.7442
vn 0.5665 -0.25 0.7852
vn 0.6961 -0.0567 0.7157
vn -0.0 0.0 1.0
vn 0.3262 -0.6425 0.6933
vn 0.7071 0.0 0.7071
vn 0.5258 0.0 0.8506
vn 0.0 -0.0 1.0
vn 0.426 0.0 0.9047
vn 0.3865 -0.3865 0.8374
vn -0.0 -0.526 0.8505
vn -0.0 -0.0 1.0
vn 0.526 0.0 0.8505
vn 0.5259 0.0 0.8505
vn 0.6425 -0.3262 0.6934
vn 0.4629 -0.4629 0.7559
vn 0.3262 -0.6426 0.6933
vn 0.3262 -0.6426 0.6934
vn 0.6426 -0.3262 0.6934
vn -0.0 -0.5259 0.8505
vn 0.0 -0.0 1.0
vn 0.0 -0.0 1.0
vn 0.0 -0.0 1.0
vn 0.1651 -0.0808 0.983
vn 0.2269 -0.0178 0.9738
vn 0.6983 -0.0558 0.7136
vn 0.5641 -0.3474 0.7491
vn 0.0679 -0.1819 0.981
vn 0.0657 -0.1788 0.9817
vn 0.2295 -0.5999 0.7665
vn 0.0672 -0.6978 0.7132
vn 0.0644 -0.6948 0.7163
vn 0.2303 -0.6012 0.7652
vn 0.3262 -0.6426 0.6933
vn 0.5703 -0.3477 0.7442
vn 0.5665 -0.25 0.7852
vn 0.6961 -0.0567 0.7157
vn -0.0 0.0 1.0
vn 0.3262 -0.6425 0.6933
vn 0.7071 0.0 0.7071
vn 0.5258 0.0 0.8506
vn 0.0 -0.0 1.0
vn 0.426 0.0 0.9047
vn 0.3865 -0.3865 0.8374
vn -0.0 -0.526 0.8505
vn -0.0 -0.0 1.0
vn 0.526 0.0 0.8505
vn 0.5259 0.0 0.8505
vn 0.6425 -0.3262 0.6934
vn 0.4629 -0.4629 0.7559
vn 0.3262 -0.6426 0.6933
vn 0.3262 -0.6426 0.6934
vn 0.6426 -0.3262 0.6934
vn -0.0 -0.5259 0.8505
vn 0.0 -0.0 1.0
vn 0.0 -0.0 1.0
vn 0.0 -0.7071 0.7071
vn 0.0 -0.5258 0.8506
vn -0.0 -0.0 1.0
vn 0.0 -0.426 0.9047
vn 0.0 -0.0 1.0
vn 0.0 -0.0 1.0
vn 0.0 -0.0 1.0
vn 0.0 -0.0 1.0
vn 0.0 -0.0 1.0
vn 0.0 -0.0 1.0
vn 0.0 -0.0 1.0
vn 0.0 -0.0 1.0
vn 0.0 -0.0 1.0
vn 0.0 -0.0 1.0
vn 0.0 -0.0 1.0
vn 0.0 -0.0 1.0
vn 0.0 -0.0 1.0
vn 0.0 -0.0 1.0
vn 0.0 -0.0 1.0
vn 0.0 -0.0 1.0
c 1.0 1.0 1.0
c 1.0 1.0 1.0
c 1.0 1.0 1.0
c 1.0 1.0 1.0
c 1.0 1.0 1.0
c 1.0 1.0 1.0
c 1.0 1.0 1.0
c 1.0 1.0 1.0
c 1.0 1.0 1.0
c 1.0 1.0 1.0
c 1.0 1.0 1.0
c 1.0 1.0 1.0
c 1.0 1.0 1.0
c 1.0 1.0 1.0
c 1.0 1.0 1.0
c 1.0 1.0 1.0
c 1.0 1.0 1.0
c 1.0 1.0 1.0
c 1.0 1.0 1.0
c 1.0 1.0 1.0
c 1.0 1.0 1.0
c 1.0 1.0 1.0
c 1.0 1.0 1.0
c 1.0 1.0 1.0
c 1.0 1.0 1.0
c 1.0 1.0 1.0
c 1.0 1.0 1.0
c 1.0 1.0 1.0
c 1.0 1.0 1.0
c 1.0 1.0 1.0
c 1.0 1.0 1.0
c 1.0 1.0 1.0
c 1.0 1.0 1.0
c 1.0 1.0 1.0
c 1.0 1.0 1.0
c 1.0 1.0 1.0
c 1.0 1.0 1.0
c 1.0 1.0 1.0
c 1.0 1.0 1.0
c 1.0 1.0 1.0
c 1.0 1.0 1.0
c 1.0 1.0 1.0
c 1.0 1.0 1.0
c 1.0 1.0 1.0
c 1.0 1.0 1.0
c 1.0 1.0 1.0
c 1.0 1.0 1.0
c 1.0 1.0 1.0
c 1.0 1.0 1.0
c 1.0 1.0 1.0
c 1.0 1.0 1.0
c 1.0 1.0 1.0
c 1.0 1.0 1.0
c 1.0 1.0 1.0
c 1.0 1.0 1.0
c 1.0 1.0 1.0
c 1.0 1.0 1.0
c 1.0 1.0 1.0
c 1.0 1.0 1.0
c 1.0 1.0 1.0
c 1.0 1.0 1.0
c 1.0 1.0 1.0
c 1.0 1.0 1.0
c 1.0 1.0 1.0
c 1.0 1.0 1.0
c 1.0 1.0 1.0
c 1.0 1.0 1.0
c 1.0 1.0 1.0
c 1.0 1.0 1.0
c 1.0 1.0 1.0
c 1.0 1.0 1.0
c 1.0 1.0 1.0
c 1.0 1.0 1.0
c 1.0 1.0 1.0
c 1.0 1.0 1.0
c 1.0 1.0 1.0
c 1.0 1.0 1.0
c 1.0 1.0 1.0
c 1.0 1.0 1.0
c 1.0 1.0 1.0
c 1.0 1.0 1.0
c 1.0 1.0 1.0
c 1.0 1.0 1.0
c 1.0 1.0 1.0
c 1.0 1.0 1.0
c 1.0 1.0 1.0
c 1.0 1.0 1.0
c 1.0 1.0 1.0
c 1.0 1.0 1.0
c 1.0 1.0 1.0
c 1.0 1.0 1.0
c 1.0 1.0 1.0
c 1.0 1.0 1.0
c 1.0 1.0 1.0
c 1.0 1.0 1.0
c 1.0 1.0 1.0
c 1.0 1.0 1.0
c 1.0 1.0 1.0
c 1.0 1.0 1.0
c 1.0 1.0 1.0
c 1.0 1.0 1.0
c 1.0 1.0 1.0
c 1.0 1.0 1.0
c 1.0 1.0 1.0
c 1.0 1.0 1.0
c 1.0 1.0 1.0
c 1.0 1.0 1.0
c 1.0 1.0 1.0
c 1.0 1.0 1.0
c 1.0 1.0 1.0
c 1.0 1.0 1.0
c 1.0 1.0 1.0
c 1.0 1.0 1.0
c 1.0 1.0 1.0
c 1.0 1.0 1.0
c 1.0 1.0 1.0
c 1.0 1.0 1.0
c 1.0 1.0 1.0
c 1.0 1.0 1.0
c 1.0 1.0 1.0
c 1.0 1.0 1.0
c 1.0 1.0 1.0
c 1.0 1.0 1.0
c 1.0 1.0 1.0
c 1.0 1.0 1.0
c 1.0 1.0 1.0
c 1.0 1.0 1.0
c 1.0 1.0 1.0
c 1.0 1.0 1.0
c 1.0 1.0 1.0
c 1.0 1.0 1.0
c 1.0 1.0 1.0
c 1.0 1.0 1.0
c 1.0 1.0 1.0
c 1.0 1.0 1.0
c 1.0 1.0 1.0
c 1.0 1.0 1.0
c 1.0 1.0 1.0
c 1.0 1.0 1.0
c 1.0 1.0 1.0
c 1.0 1.0 1.0
c 1.0 1.0 1.0
c 1.0 1.0 1.0
c 1.0 1.0 1.0
c 1.0 1.0 1.0
c 1.0 1.0 1.0
c 1.0 1.0 1.0
c 1.0 1.0 1.0
c 1.0 1.0 1.0
c 1.0 1.0 1.0
c 1.0 1.0 1.0
c 1.0 1.0 1.0
c 1.0 1.0 1.0
c 1.0 1.0 1.0
c 1.0 1.0 1.0
c 1.0 1.0 1.0
c 1.0 1.0 1.0
c 1.0 1.0 1.0
c 1.0 1.0 1.0
c 1.0 1.0 1.0
c 1.0 1.0 1.0
c 1.0 1.0 1.0
c 1.0 1.0 1.0
c 1.0 1.0 1.0
c 1.0 1.0 1.0
c 1.0 1.0 1.0
c 1.0 1.0 1.0
c 1.0 1.0 1.0
c 1.0 1.0 1.0
c 1.0 1.0 1.0
c 1.0 1.0 1.0
c 1.0 1.0 1.0
c 1.0 1.0 1.0
c 1.0 1.0 1.0
c 1.0 1.0 1.0
c 1.0 1.0 1.0
c 1.0 1.0 1.0
c 1.0 1.0 1.0
c 1.0 1.0 1.0
c 1.0 1.0 1.0
c 1.0 1.0 1.0
c 1.0 1.0 1.0
c 1.0 1.0 1.0
c 1.0 1.0 1.0
c 1.0 1.0 1.0
c 1.0 1.0 1.0
c 1.0 1.0 1.0
c 1.0 1.0 1.0
c 1.0 1.0 1.0
c 1.0 1.0 1.0
c 1.0 1.0 1.0
c 1.0 1.0 1.0
c 1.0 1.0 1.0
c 1.0 1.0 1.0
c 1.0 1.0 1.0
c 1.0 1.0 1.0
c 1.0 1.0 1.0
c 1.0 1.0 1.0
c 1.0 1.0 1.0
c 1.0 1.0 1.0
c 1.0 1.0 1.0
c 1.0 1.0 1.0
c 1.0 1.0 1.0
c 1.0 1.0 1.0
c 1.0 1.0 1.0
c 1.0 1.0 1.0
c 1.0 1.0 1.0
c 1.0 1.0 1.0
c 1.0 1.0 1.0
c 1.0 1.0 1.0
c 1.0 1.0 1.0
c 1.0 1.0 1.0
c 1.0 1.0 1.0
c 1.0 1.0 1.0
c 1.0 1.0 1.0
c 1.0 1.0 1.0
c 1.0 1.0 1.0
usemtl sea_mizu1_1
s off
f 2411/2487/1011/202 2412/2489/1011/202 2413/2490/1011/202 2414/2488/1011/202
f 2415/2491/1012/203 2416/2493/1012/203 2417/2494/1012/203 2418/2492/1012/203
f 2419/2497/1013/204 2420/2495/1013/204 2421/2496/1013/204 2422/2498/1013/204
f 2423/2501/1014/205 2424/2499/1014/205 2425/2500/1014/205 2426/2502/1014/205
f 2427/2503/1015/206 2428/2505/1015/206 2429/2506/1015/206 2430/2504/1015/206
f 2431/2507/1016/207 2432/2509/1016/207 2433/2510/1016/207 2434/2508/1016/207
f 2435/2513/1017/208 2436/2511/1017/208 2437/2512/1017/208 2438/2514/1017/208
f 2439/2517/1018/209 2440/2515/1018/209 2441/2516/1018/209 2442/2518/1018/209
f 2443/2519/1019/210 2444/2521/1019/210 2445/2522/1019/210 2446/2520/1019/210
f 2447/2523/1020/211 2448/2525/1020/211 2449/2526/1020/211 2450/2524/1020/211
f 2451/2529/1021/212 2452/2527/1021/212 2453/2528/1021/212 2454/2530/1021/212
f 2455/2533/1022/213 2456/2531/1022/213 2457/2532/1022/213 2458/2534/1022/213
f 2459/2535/1023/214 2460/2537/1023/214 2461/2538/1023/214 2462/2536/1023/214
f 2463/2539/1024/215 2464/2541/1024/215 2465/2542/1024/215 2466/2540/1024/215
f 2467/2545/1025/216 2468/2543/1025/216 2469/2544/1025/216 2470/2546/1025/216
f 2471/2549/1026/217 2472/2547/1026/217 2473/2548/1026/217 2474/2550/1026/217
usemtl sea_jimen
s off
f 930/1005/219/71 932/1006/219/71 931/1007/219/71 929/1008/219/71
f 944/1019/224/73 946/1020/224/73 945/1021/224/73 943/1022/224/73
f 948/1023/225/74 950/1024/225/74 949/1025/225/74 947/1026/225/74
f 962/1037/230/76 964/1038/230/76 963/1039/230/76 961/1040/230/76
f 1040/1115/278/81 1042/1116/278/81 1041/1117/278/81 1039/1118/278/81
f 1044/1119/279/82 1046/1120/279/82 1045/1121/279/82 1043/1122/279/82
f 1048/1123/280/83 1050/1124/280/83 1049/1125/280/83 1047/1126/280/83
f 1052/1127/281/84 1054/1128/281/84 1053/1129/281/84 1051/1130/281/84
f 1108/1183/313/88 1110/1184/313/88 1109/1185/313/88 1107/1186/313/88
f 1112/1187/314/89 1114/1188/314/89 1113/1189/314/89 1111/1190/314/89
f 1126/1201/319/91 1128/1202/319/91 1127/1203/319/91 1125/1204/319/91
f 1180/1255/346/95 1182/1256/346/95 1181/1257/346/95 1179/1258/346/95
f 1236/1311/378/99 1238/1312/378/99 1237/1313/378/99 1235/1314/378/99
f 1250/1325/383/101 1252/1326/383/101 1251/1327/383/101 1249/1328/383/101
f 1296/1371/411/104 1298/1372/411/104 1297/1373/411/104 1295/1374/411/104
f 1300/1375/412/105 1302/1376/412/105 1301/1377/412/105 1299/1378/412/105
f 1314/1389/417/107 1316/1390/417/107 1315/1391/417/107 1313/1392/417/107
f 1370/1445/449/111 1372/1446/449/111 1371/1447/449/111 1369/1448/449/111
f 1458/1533/501/117 1460/1534/501/117 1459/1535/501/117 1457/1536/501/117
f 1462/1537/502/118 1464/1538/502/118 1463/1539/502/118 1461/1540/502/118
f 1466/1541/503/119 1468/1542/503/119 1467/1543/503/119 1465/1544/503/119
f 1480/1555/508/121 1482/1556/508/121 1481/1557/508/121 1479/1558/508/121
f 1484/1559/509/122 1486/1560/509/122 1485/1561/509/122 1483/1562/509/122
f 1562/1637/557/127 1564/1638/557/127 1563/1639/557/127 1561/1640/557/127
f 1566/1641/558/128 1568/1642/558/128 1567/1643/558/128 1565/1644/558/128
f 1622/1697/590/132 1624/1698/590/132 1623/1699/590/132 1621/1700/590/132
f 1636/1711/595/134 1638/1712/595/134 1637/1713/595/134 1635/1714/595/134
f 1640/1715/596/135 1642/1716/596/135 1641/1717/596/135 1639/1718/596/135
f 1694/1769/623/139 1696/1770/623/139 1695/1771/623/139 1693/1772/623/139
f 1740/1815/651/142 1742/1816/651/142 1741/1817/651/142 1739/1818/651/142
f 1796/1871/683/146 1798/1872/683/146 1797/1873/683/146 1795/1874/683/146
f 1810/1885/688/148 1812/1886/688/148 1811/1887/688/148 1809/1888/688/148
f 1814/1889/689/149 1816/1890/689/149 1815/1891/689/149 1813/1892/689/149
f 1882/1957/730/154 1884/1958/730/154 1883/1959/730/154 1881/1960/730/154
f 1886/1961/731/155 1888/1962/731/155 1887/1963/731/155 1885/1964/731/155
f 1890/1965/732/156 1892/1966/732/156 1891/1967/732/156 1889/1968/732/156
f 1946/2021/764/160 1948/2022/764/160 1947/2023/764/160 1945/2024/764/160
f 2002/2077/796/164 2004/2078/796/164 2003/2079/796/164 2001/2080/796/164
f 2016/2091/801/166 2018/2092/801/166 2017/2093/801/166 2015/2094/801/166
f 2062/2137/829/169 2064/2138/829/169 2063/2139/829/169 2061/2140/829/169
f 2066/2141/830/170 2068/2142/830/170 2067/2143/830/170 2065/2144/830/170
f 2102/2177/851/173 2104/2178/851/173 2103/2179/851/173 2101/2180/851/173
f 2106/2181/852/174 2108/2182/852/174 2107/2183/852/174 2105/2184/852/174
f 2140/2215/868/177 2142/2216/868/177 2141/2217/868/177 2139/2218/868/177
f 2144/2219/869/178 2146/2220/869/178 2145/2221/869/178 2143/2222/869/178
f 2200/2275/901/182 2202/2276/901/182 2201/2277/901/182 2199/2278/901/182
f 2204/2279/902/183 2206/2280/902/183 2205/2281/902/183 2203/2282/902/183
f 2260/2335/934/187 2262/2336/934/187 2261/2337/934/187 2259/2338/934/187
f 2264/2339/935/188 2266/2340/935/188 2265/2341/935/188 2263/2342/935/188
f 2330/2405/971/193 2332/2406/971/193 2331/2407/971/193 2329/2408/971/193
f 2334/2409/972/194 2336/2410/972/194 2335/2411/972/194 2333/2412/972/194
f 2338/2413/973/195 2340/2414/973/195 2339/2415/973/195 2337/2416/973/195
f 2394/2469/1005/199 2396/2470/1005/199 2395/2471/1005/199 2393/2472/1005/199
f 2398/2473/1006/200 2400/2474/1006/200 2399/2475/1006/200 2397/2476/1006/200
usemtl gake_futa
s off
f 465/503/110/36 466/504/111/36 467/505/112/36 468/506/110/36
f 469/507/113/36 466/504/114/36 470/508/115/36 471/509/113/36
f 472/510/116/36 473/511/116/36 474/512/116/36 475/513/116/36
f 476/514/117/36 477/515/118/36 465/503/118/36 478/516/119/36
f 466/504/111/36 469/507/120/36 479/517/120/36 467/505/112/36
f 474/512/121/36 476/514/117/36 478/516/119/36 475/513/121/36
f 466/504/114/36 465/503/122/36 477/515/122/36 470/508/115/36
f 478/516/123/36 465/503/110/36 468/506/110/36 480/518/123/36
f 481/519/124/36 469/507/125/36 482/520/126/36 483/521/124/36
f 679/736/163/52 680/737/164/52 681/738/165/52 682/739/163/52
f 683/740/166/52 680/737/167/52 684/741/168/52 685/742/166/52
f 686/743/169/52 687/744/169/52 688/745/169/52 689/746/169/52
f 690/747/170/52 691/748/171/52 679/736/171/52 692/749/172/52
f 680/737/164/52 683/740/173/52 693/750/173/52 681/738/165/52
f 688/745/174/52 690/747/170/52 692/749/172/52 689/746/174/52
f 680/737/167/52 679/736/175/52 691/748/175/52 684/741/168/52
f 692/749/176/52 679/736/163/52 682/739/163/52 694/751/176/52
f 695/752/177/52 683/740/178/52 696/753/179/52 697/754/177/52
f 482/520/126/36 469/507/125/36 471/509/127/36
f 484/522/128/36 485/523/129/36 481/519/130/36
f 485/523/129/36 479/517/131/36 481/519/130/36
f 479/517/132/36 485/523/133/36 467/505/134/36
f 485/523/133/36 468/506/135/36 467/505/134/36
f 483/521/136/36 472/510/137/36 484/522/138/36
f 472/510/137/36 475/513/139/36 484/522/138/36
f 475/524/140/36 478/525/140/36 484/522/140/36
f 483/521/141/36 484/522/141/36 481/519/141/36
f 484/526/142/36 480/527/142/36 485/528/142/36
f 480/518/143/36 468/506/143/36 485/523/143/36
f 484/522/144/36 478/529/144/36 480/530/144/36
f 469/507/145/36 481/519/145/36 479/517/145/36
f 483/521/146/36 473/511/146/36 472/510/146/36
f 696/753/179/52 683/740/178/52 685/742/180/52
f 698/755/181/52 699/756/182/52 695/752/183/52
f 699/756/182/52 693/750/184/52 695/752/183/52
f 693/750/185/52 699/756/186/52 681/738/187/52
f 699/756/186/52 682/739/188/52 681/738/187/52
f 697/754/189/52 686/743/190/52 698/755/191/52
f 686/743/190/52 689/746/192/52 698/755/191/52
f 689/757/193/52 692/758/193/52 698/755/193/52
f 697/754/194/52 698/755/194/52 695/752/194/52
f 698/759/195/52 694/760/195/52 699/761/195/52
f 694/751/196/52 682/739/196/52 699/756/196/52
f 698/755/197/52 692/762/197/52 694/763/197/52
f 683/740/198/52 695/752/198/52 693/750/198/52
f 697/754/199/52 687/744/199/52 686/743/199/52
usemtl kusa_ec3
s off
f 11/9/1/1 12/10/1/1 9/11/1/1 10/12/1/1
f 57/74/40/3 58/75/40/3 55/76/40/3 56/77/40/3
f 69/86/41/4 70/87/41/4 67/88/41/4 68/89/41/4
f 81/98/42/5 82/99/42/5 79/100/42/5 80/101/42/5
f 93/110/43/6 94/111/43/6 91/112/43/6 92/113/43/6
f 105/122/44/7 106/123/44/7 103/124/44/7 104/125/44/7
f 117/134/45/8 118/135/45/8 115/136/45/8 116/137/45/8
f 129/146/46/9 130/147/46/9 127/148/46/9 128/149/46/9
f 141/158/47/10 142/159/47/10 139/160/47/10 140/161/47/10
f 153/170/48/11 154/171/48/11 151/172/48/11 152/173/48/11
f 165/182/49/12 166/183/49/12 163/184/49/12 164/185/49/12
f 177/194/50/13 178/195/50/13 175/196/50/13 176/197/50/13
f 189/206/51/14 190/207/51/14 187/208/51/14 188/209/51/14
f 201/218/52/15 202/219/52/15 199/220/52/15 200/221/52/15
f 247/283/91/17 248/284/91/17 245/285/91/17 246/286/91/17
f 259/295/92/18 260/296/92/18 257/297/92/18 258/298/92/18
f 271/307/93/19 272/308/93/19 269/309/93/19 270/310/93/19
f 283/319/94/20 284/320/94/20 281/321/94/20 282/322/94/20
f 295/331/95/21 296/332/95/21 293/333/95/21 294/334/95/21
f 307/343/96/22 308/344/96/22 305/345/96/22 306/346/96/22
f 319/355/97/23 320/356/97/23 317/357/97/23 318/358/97/23
f 331/367/98/24 332/368/98/24 329/369/98/24 330/370/98/24
f 343/379/99/25 344/380/99/25 341/381/99/25 342/382/99/25
f 355/391/100/26 356/392/100/26 353/393/100/26 354/394/100/26
f 367/403/101/27 368/404/101/27 365/405/101/27 366/406/101/27
f 379/415/102/28 380/416/102/28 377/417/102/28 378/418/102/28
f 391/427/103/29 392/428/103/29 389/429/103/29 390/430/103/29
f 403/439/104/30 404/440/104/30 401/441/104/30 402/442/104/30
f 415/451/105/31 416/452/105/31 413/453/105/31 414/454/105/31
f 427/463/106/32 428/464/106/32 425/465/106/32 426/466/106/32
f 439/475/107/33 440/476/107/33 437/477/107/33 438/478/107/33
f 451/487/108/34 452/488/108/34 449/489/108/34 450/490/108/34
f 463/499/109/35 464/500/109/35 461/501/109/35 462/502/109/35
f 509/564/148/37 510/565/148/37 507/566/148/37 508/567/148/37
f 521/576/149/38 522/577/149/38 519/578/149/38 520/579/149/38
f 533/588/150/39 534/589/150/39 531/590/150/39 532/591/150/39
f 545/600/151/40 546/601/151/40 543/602/151/40 544/603/151/40
f 557/612/152/41 558/613/152/41 555/614/152/41 556/615/152/41
f 569/624/153/42 570/625/153/42 567/626/153/42 568/627/153/42
f 581/636/154/43 582/637/154/43 579/638/154/43 580/639/154/43
f 593/648/155/44 594/649/155/44 591/650/155/44 592/651/155/44
f 605/660/156/45 606/661/156/45 603/662/156/45 604/663/156/45
f 617/672/157/46 618/673/157/46 615/674/157/46 616/675/157/46
f 629/684/158/47 630/685/158/47 627/686/158/47 628/687/158/47
f 641/696/159/48 642/697/159/48 639/698/159/48 640/699/159/48
f 653/708/160/49 654/709/160/49 651/710/160/49 652/711/160/49
f 665/720/161/50 666/721/161/50 663/722/161/50 664/723/161/50
f 677/732/162/51 678/733/162/51 675/734/162/51 676/735/162/51
f 723/797/201/53 724/798/201/53 721/799/201/53 722/800/201/53
f 735/809/202/54 736/810/202/54 733/811/202/54 734/812/202/54
f 747/821/203/55 748/822/203/55 745/823/203/55 746/824/203/55
f 759/833/204/56 760/834/204/56 757/835/204/56 758/836/204/56
f 771/845/205/57 772/846/205/57 769/847/205/57 770/848/205/57
f 783/857/206/58 784/858/206/58 781/859/206/58 782/860/206/58
f 795/869/207/59 796/870/207/59 793/871/207/59 794/872/207/59
f 807/881/208/60 808/882/208/60 805/883/208/60 806/884/208/60
f 819/893/209/61 820/894/209/61 817/895/209/61 818/896/209/61
f 831/905/210/62 832/906/210/62 829/907/210/62 830/908/210/62
f 843/917/211/63 844/918/211/63 841/919/211/63 842/920/211/63
f 855/929/212/64 856/930/212/64 853/931/212/64 854/932/212/64
f 867/941/213/65 868/942/213/65 865/943/213/65 866/944/213/65
f 879/953/214/66 880/954/214/66 877/955/214/66 878/956/214/66
f 891/965/215/67 892/966/215/67 889/967/215/67 890/968/215/67
f 903/977/216/68 904/978/216/68 901/979/216/68 902/980/216/68
f 915/989/217/69 916/990/217/69 913/991/217/69 914/992/217/69
f 927/1001/218/70 928/1002/218/70 925/1003/218/70 926/1004/218/70
usemtl kusa_ec1
s off
f 3/1/1/1 4/2/1/1 1/3/1/1 2/4/1/1
f 49/66/40/3 50/67/40/3 47/68/40/3 48/69/40/3
f 61/78/41/4 62/79/41/4 59/80/41/4 60/81/41/4
f 73/90/42/5 74/91/42/5 71/92/42/5 72/93/42/5
f 85/102/43/6 86/103/43/6 83/104/43/6 84/105/43/6
f 97/114/44/7 98/115/44/7 95/116/44/7 96/117/44/7
f 109/126/45/8 110/127/45/8 107/128/45/8 108/129/45/8
f 121/138/46/9 122/139/46/9 119/140/46/9 120/141/46/9
f 133/150/47/10 134/151/47/10 131/152/47/10 132/153/47/10
f 145/162/48/11 146/163/48/11 143/164/48/11 144/165/48/11
f 157/174/49/12 158/175/49/12 155/176/49/12 156/177/49/12
f 169/186/50/13 170/187/50/13 167/188/50/13 168/189/50/13
f 181/198/51/14 182/199/51/14 179/200/51/14 180/201/51/14
f 193/210/52/15 194/211/52/15 191/212/52/15 192/213/52/15
f 239/275/91/17 240/276/91/17 237/277/91/17 238/278/91/17
f 251/287/92/18 252/288/92/18 249/289/92/18 250/290/92/18
f 263/299/93/19 264/300/93/19 261/301/93/19 262/302/93/19
f 275/311/94/20 276/312/94/20 273/313/94/20 274/314/94/20
f 287/323/95/21 288/324/95/21 285/325/95/21 286/326/95/21
f 299/335/96/22 300/336/96/22 297/337/96/22 298/338/96/22
f 311/347/97/23 312/348/97/23 309/349/97/23 310/350/97/23
f 323/359/98/24 324/360/98/24 321/361/98/24 322/362/98/24
f 335/371/99/25 336/372/99/25 333/373/99/25 334/374/99/25
f 347/383/100/26 348/384/100/26 345/385/100/26 346/386/100/26
f 359/395/101/27 360/396/101/27 357/397/101/27 358/398/101/27
f 371/407/102/28 372/408/102/28 369/409/102/28 370/410/102/28
f 383/419/103/29 384/420/103/29 381/421/103/29 382/422/103/29
f 395/431/104/30 396/432/104/30 393/433/104/30 394/434/104/30
f 407/443/105/31 408/444/105/31 405/445/105/31 406/446/105/31
f 419/455/106/32 420/456/106/32 417/457/106/32 418/458/106/32
f 431/467/107/33 432/468/107/33 429/469/107/33 430/470/107/33
f 443/479/108/34 444/480/108/34 441/481/108/34 442/482/108/34
f 455/491/109/35 456/492/109/35 453/493/109/35 454/494/109/35
f 501/556/148/37 502/557/148/37 499/558/148/37 500/559/148/37
f 513/568/149/38 514/569/149/38 511/570/149/38 512/571/149/38
f 525/580/150/39 526/581/150/39 523/582/150/39 524/583/150/39
f 537/592/151/40 538/593/151/40 535/594/151/40 536/595/151/40
f 549/604/152/41 550/605/152/41 547/606/152/41 548/607/152/41
f 561/616/153/42 562/617/153/42 559/618/153/42 560/619/153/42
f 573/628/154/43 574/629/154/43 571/630/154/43 572/631/154/43
f 585/640/155/44 586/641/155/44 583/642/155/44 584/643/155/44
f 597/652/156/45 598/653/156/45 595/654/156/45 596/655/156/45
f 609/664/157/46 610/665/157/46 607/666/157/46 608/667/157/46
f 621/676/158/47 622/677/158/47 619/678/158/47 620/679/158/47
f 633/688/159/48 634/689/159/48 631/690/159/48 632/691/159/48
f 645/700/160/49 646/701/160/49 643/702/160/49 644/703/160/49
f 657/712/161/50 658/713/161/50 655/714/161/50 656/715/161/50
f 669/724/162/51 670/725/162/51 667/726/162/51 668/727/162/51
f 715/789/201/53 716/790/201/53 713/791/201/53 714/792/201/53
f 727/801/202/54 728/802/202/54 725/803/202/54 726/804/202/54
f 739/813/203/55 740/814/203/55 737/815/203/55 738/816/203/55
f 751/825/204/56 752/826/204/56 749/827/204/56 750/828/204/56
f 763/837/205/57 764/838/205/57 761/839/205/57 762/840/205/57
f 775/849/206/58 776/850/206/58 773/851/206/58 774/852/206/58
f 787/861/207/59 788/862/207/59 785/863/207/59 786/864/207/59
f 799/873/208/60 800/874/208/60 797/875/208/60 798/876/208/60
f 811/885/209/61 812/886/209/61 809/887/209/61 810/888/209/61
f 823/897/210/62 824/898/210/62 821/899/210/62 822/900/210/62
f 835/909/211/63 836/910/211/63 833/911/211/63 834/912/211/63
f 847/921/212/64 848/922/212/64 845/923/212/64 846/924/212/64
f 859/933/213/65 860/934/213/65 857/935/213/65 858/936/213/65
f 871/945/214/66 872/946/214/66 869/947/214/66 870/948/214/66
f 883/957/215/67 884/958/215/67 881/959/215/67 882/960/215/67
f 895/969/216/68 896/970/216/68 893/971/216/68 894/972/216/68
f 907/981/217/69 908/982/217/69 905/983/217/69 906/984/217/69
f 919/993/218/70 920/994/218/70 917/995/218/70 918/996/218/70
usemtl kusa_ec2
s off
f 7/5/1/1 8/6/1/1 5/7/1/1 6/8/1/1
f 53/70/40/3 54/71/40/3 51/72/40/3 52/73/40/3
f 65/82/41/4 66/83/41/4 63/84/41/4 64/85/41/4
f 77/94/42/5 78/95/42/5 75/96/42/5 76/97/42/5
f 89/106/43/6 90/107/43/6 87/108/43/6 88/109/43/6
f 101/118/44/7 102/119/44/7 99/120/44/7 100/121/44/7
f 113/130/45/8 114/131/45/8 111/132/45/8 112/133/45/8
f 125/142/46/9 126/143/46/9 123/144/46/9 124/145/46/9
f 137/154/47/10 138/155/47/10 135/156/47/10 136/157/47/10
f 149/166/48/11 150/167/48/11 147/168/48/11 148/169/48/11
f 161/178/49/12 162/179/49/12 159/180/49/12 160/181/49/12
f 173/190/50/13 174/191/50/13 171/192/50/13 172/193/50/13
f 185/202/51/14 186/203/51/14 183/204/51/14 184/205/51/14
f 197/214/52/15 198/215/52/15 195/216/52/15 196/217/52/15
f 243/279/91/17 244/280/91/17 241/281/91/17 242/282/91/17
f 255/291/92/18 256/292/92/18 253/293/92/18 254/294/92/18
f 267/303/93/19 268/304/93/19 265/305/93/19 266/306/93/19
f 279/315/94/20 280/316/94/20 277/317/94/20 278/318/94/20
f 291/327/95/21 292/328/95/21 289/329/95/21 290/330/95/21
f 303/339/96/22 304/340/96/22 301/341/96/22 302/342/96/22
f 315/351/97/23 316/352/97/23 313/353/97/23 314/354/97/23
f 327/363/98/24 328/364/98/24 325/365/98/24 326/366/98/24
f 339/375/99/25 340/376/99/25 337/377/99/25 338/378/99/25
f 351/387/100/26 352/388/100/26 349/389/100/26 350/390/100/26
f 363/399/101/27 364/400/101/27 361/401/101/27 362/402/101/27
f 375/411/102/28 376/412/102/28 373/413/102/28 374/414/102/28
f 387/423/103/29 388/424/103/29 385/425/103/29 386/426/103/29
f 399/435/104/30 400/436/104/30 397/437/104/30 398/438/104/30
f 411/447/105/31 412/448/105/31 409/449/105/31 410/450/105/31
f 423/459/106/32 424/460/106/32 421/461/106/32 422/462/106/32
f 435/471/107/33 436/472/107/33 433/473/107/33 434/474/107/33
f 447/483/108/34 448/484/108/34 445/485/108/34 446/486/108/34
f 459/495/109/35 460/496/109/35 457/497/109/35 458/498/109/35
f 505/560/148/37 506/561/148/37 503/562/148/37 504/563/148/37
f 517/572/149/38 518/573/149/38 515/574/149/38 516/575/149/38
f 529/584/150/39 530/585/150/39 527/586/150/39 528/587/150/39
f 541/596/151/40 542/597/151/40 539/598/151/40 540/599/151/40
f 553/608/152/41 554/609/152/41 551/610/152/41 552/611/152/41
f 565/620/153/42 566/621/153/42 563/622/153/42 564/623/153/42
f 577/632/154/43 578/633/154/43 575/634/154/43 576/635/154/43
f 589/644/155/44 590/645/155/44 587/646/155/44 588/647/155/44
f 601/656/156/45 602/657/156/45 599/658/156/45 600/659/156/45
f 613/668/157/46 614/669/157/46 611/670/157/46 612/671/157/46
f 625/680/158/47 626/681/158/47 623/682/158/47 624/683/158/47
f 637/692/159/48 638/693/159/48 635/694/159/48 636/695/159/48
f 649/704/160/49 650/705/160/49 647/706/160/49 648/707/160/49
f 661/716/161/50 662/717/161/50 659/718/161/50 660/719/161/50
f 673/728/162/51 674/729/162/51 671/730/162/51 672/731/162/51
f 719/793/201/53 720/794/201/53 717/795/201/53 718/796/201/53
f 731/805/202/54 732/806/202/54 729/807/202/54 730/808/202/54
f 743/817/203/55 744/818/203/55 741/819/203/55 742/820/203/55
f 755/829/204/56 756/830/204/56 753/831/204/56 754/832/204/56
f 767/841/205/57 768/842/205/57 765/843/205/57 766/844/205/57
f 779/853/206/58 780/854/206/58 777/855/206/58 778/856/206/58
f 791/865/207/59 792/866/207/59 789/867/207/59 790/868/207/59
f 803/877/208/60 804/878/208/60 801/879/208/60 802/880/208/60
f 815/889/209/61 816/890/209/61 813/891/209/61 814/892/209/61
f 827/901/210/62 828/902/210/62 825/903/210/62 826/904/210/62
f 839/913/211/63 840/914/211/63 837/915/211/63 838/916/211/63
f 851/925/212/64 852/926/212/64 849/927/212/64 850/928/212/64
f 863/937/213/65 864/938/213/65 861/939/213/65 862/940/213/65
f 875/949/214/66 876/950/214/66 873/951/214/66 874/952/214/66
f 887/961/215/67 888/962/215/67 885/963/215/67 886/964/215/67
f 899/973/216/68 900/974/216/68 897/975/216/68 898/976/216/68
f 911/985/217/69 912/986/217/69 909/987/217/69 910/988/217/69
f 923/997/218/70 924/998/218/70 921/999/218/70 922/1000/218/70
usemtl wall01_g
s off
f 951/1027/226/75 952/1028/227/75 953/1029/227/75 954/1030/226/75
f 952/1028/227/75 955/1031/228/75 956/1032/228/75 953/1029/227/75
f 957/1033/226/75 958/1034/226/75 959/1035/229/75 960/1036/229/75
f 965/1041/231/77 966/1042/232/77 967/1043/232/77 968/1044/231/77
f 966/1042/232/77 969/1045/233/77 970/1046/233/77 967/1043/232/77
f 971/1047/231/77 972/1048/231/77 973/1049/234/77 974/1050/234/77
f 1002/1073/251/79 1003/1074/252/79 1004/1075/253/79 1005/1076/254/79
f 1006/1077/255/79 1007/1078/256/79 1008/1079/257/79 1009/1080/258/79
f 1007/1078/256/79 1002/1073/251/79 1005/1076/254/79 1008/1079/257/79
f 1019/1095/267/80 1020/1096/268/80 1021/1097/269/80 1022/1098/269/80
f 1023/1099/270/80 1024/1100/267/80 1025/1101/269/80 1026/1102/269/80
f 1060/1131/282/85 1061/1132/283/85 1062/1133/284/85 1063/1134/285/85
f 1064/1135/286/85 1065/1136/287/85 1066/1137/288/85 1067/1138/289/85
f 1065/1136/287/85 1060/1131/282/85 1063/1134/285/85 1066/1137/288/85
f 1077/1153/298/86 1078/1154/299/86 1079/1155/299/86 1080/1156/298/86
f 1078/1154/299/86 1081/1157/300/86 1082/1158/300/86 1079/1155/299/86
f 1083/1159/298/86 1084/1160/298/86 1085/1161/301/86 1086/1162/301/86
f 1087/1163/302/87 1088/1164/303/87 1089/1165/304/87 1090/1166/304/87
f 1091/1167/305/87 1092/1168/302/87 1093/1169/304/87 1094/1170/304/87
f 1115/1191/315/90 1116/1192/316/90 1117/1193/316/90 1118/1194/315/90
f 1116/1192/316/90 1119/1195/317/90 1120/1196/317/90 1117/1193/316/90
f 1121/1197/315/90 1122/1198/315/90 1123/1199/318/90 1124/1200/318/90
f 1129/1205/320/92 1130/1206/321/92 1131/1207/322/92 1132/1208/322/92
f 1133/1209/323/92 1134/1210/320/92 1135/1211/322/92 1136/1212/322/92
f 1149/1225/331/93 1150/1226/332/93 1151/1227/332/93 1152/1228/331/93
f 1150/1226/332/93 1153/1229/333/93 1154/1230/333/93 1151/1227/332/93
f 1155/1231/331/93 1156/1232/331/93 1157/1233/334/93 1158/1234/334/93
f 1159/1235/335/94 1160/1236/336/94 1161/1237/337/94 1162/1238/337/94
f 1163/1239/338/94 1164/1240/335/94 1165/1241/337/94 1166/1242/337/94
f 1188/1259/347/96 1189/1260/348/96 1190/1261/349/96 1191/1262/350/96
f 1192/1263/351/96 1193/1264/352/96 1194/1265/353/96 1195/1266/354/96
f 1193/1264/352/96 1188/1259/347/96 1191/1262/350/96 1194/1265/353/96
f 1205/1281/363/97 1206/1282/364/97 1207/1283/364/97 1208/1284/363/97
f 1206/1282/364/97 1209/1285/365/97 1210/1286/365/97 1207/1283/364/97
f 1211/1287/363/97 1212/1288/363/97 1213/1289/366/97 1214/1290/366/97
f 1215/1291/367/98 1216/1292/368/98 1217/1293/369/98 1218/1294/369/98
f 1219/1295/370/98 1220/1296/367/98 1221/1297/369/98 1222/1298/369/98
f 1258/1329/384/102 1259/1330/385/102 1260/1331/386/102 1261/1332/387/102
f 1262/1333/388/102 1263/1334/389/102 1264/1335/390/102 1265/1336/391/102
f 1263/1334/389/102 1258/1329/384/102 1261/1332/387/102 1264/1335/390/102
f 1275/1351/400/103 1276/1352/401/103 1277/1353/402/103 1278/1354/402/103
f 1279/1355/403/103 1280/1356/400/103 1281/1357/402/103 1282/1358/402/103
f 1303/1379/413/106 1304/1380/414/106 1305/1381/414/106 1306/1382/413/106
f 1304/1380/414/106 1307/1383/415/106 1308/1384/415/106 1305/1381/414/106
f 1309/1385/413/106 1310/1386/413/106 1311/1387/416/106 1312/1388/416/106
f 1317/1393/418/108 1318/1394/419/108 1319/1395/420/108 1320/1396/420/108
f 1321/1397/421/108 1322/1398/418/108 1323/1399/420/108 1324/1400/420/108
f 1337/1413/429/109 1338/1414/430/109 1339/1415/430/109 1340/1416/429/109
f 1338/1414/430/109 1341/1417/431/109 1342/1418/431/109 1339/1415/430/109
f 1343/1419/429/109 1344/1420/429/109 1345/1421/432/109 1346/1422/432/109
f 1378/1449/450/112 1379/1450/451/112 1380/1451/452/112 1381/1452/453/112
f 1382/1453/454/112 1383/1454/455/112 1384/1455/456/112 1385/1456/457/112
f 1383/1454/455/112 1378/1449/450/112 1381/1452/453/112 1384/1455/456/112
f 1395/1471/466/113 1396/1472/467/113 1397/1473/467/113 1398/1474/466/113
f 1396/1472/467/113 1399/1475/468/113 1400/1476/468/113 1397/1473/467/113
f 1401/1477/466/113 1402/1478/466/113 1403/1479/469/113 1404/1480/469/113
f 1405/1481/470/114 1406/1482/471/114 1407/1483/472/114 1408/1484/472/114
f 1409/1485/473/114 1410/1486/470/114 1411/1487/472/114 1412/1488/472/114
f 1425/1501/481/115 1426/1502/482/115 1427/1503/482/115 1428/1504/481/115
f 1426/1502/482/115 1429/1505/483/115 1430/1506/483/115 1427/1503/482/115
f 1431/1507/481/115 1432/1508/481/115 1433/1509/484/115 1434/1510/484/115
f 1469/1545/504/120 1470/1546/505/120 1471/1547/505/120 1472/1548/504/120
f 1470/1546/505/120 1473/1549/506/120 1474/1550/506/120 1471/1547/505/120
f 1475/1551/504/120 1476/1552/504/120 1477/1553/507/120 1478/1554/507/120
f 1492/1563/510/123 1493/1564/511/123 1494/1565/512/123 1495/1566/513/123
f 1496/1567/514/123 1497/1568/515/123 1498/1569/516/123 1499/1570/517/123
f 1497/1568/515/123 1492/1563/510/123 1495/1566/513/123 1498/1569/516/123
f 1509/1585/526/124 1510/1586/527/124 1511/1587/527/124 1512/1588/526/124
f 1510/1586/527/124 1513/1589/528/124 1514/1590/528/124 1511/1587/527/124
f 1515/1591/526/124 1516/1592/526/124 1517/1593/529/124 1518/1594/529/124
f 1524/1595/530/125 1525/1596/531/125 1526/1597/532/125 1527/1598/533/125
f 1528/1599/534/125 1529/1600/535/125 1530/1601/536/125 1531/1602/537/125
f 1529/1600/535/125 1524/1595/530/125 1527/1598/533/125 1530/1601/536/125
f 1541/1617/546/126 1542/1618/547/126 1543/1619/548/126 1544/1620/548/126
f 1545/1621/549/126 1546/1622/546/126 1547/1623/548/126 1548/1624/548/126
f 1574/1645/559/129 1575/1646/560/129 1576/1647/561/129 1577/1648/562/129
f 1578/1649/563/129 1579/1650/564/129 1580/1651/565/129 1581/1652/566/129
f 1579/1650/564/129 1574/1645/559/129 1577/1648/562/129 1580/1651/565/129
f 1591/1667/575/130 1592/1668/576/130 1593/1669/576/130 1594/1670/575/130
f 1592/1668/576/130 1595/1671/577/130 1596/1672/577/130 1593/1669/576/130
f 1597/1673/575/130 1598/1674/575/130 1599/1675/578/130 1600/1676/578/130
f 1601/1677/579/131 1602/1678/580/131 1603/1679/581/131 1604/1680/581/131
f 1605/1681/582/131 1606/1682/579/131 1607/1683/581/131 1608/1684/581/131
f 1625/1701/591/133 1626/1702/592/133 1627/1703/592/133 1628/1704/591/133
f 1626/1702/592/133 1629/1705/593/133 1630/1706/593/133 1627/1703/592/133
f 1631/1707/591/133 1632/1708/591/133 1633/1709/594/133 1634/1710/594/133
f 1643/1719/597/136 1644/1720/598/136 1645/1721/599/136 1646/1722/599/136
f 1647/1723/600/136 1648/1724/597/136 1649/1725/599/136 1650/1726/599/136
f 1663/1739/608/137 1664/1740/609/137 1665/1741/609/137 1666/1742/608/137
f 1664/1740/609/137 1667/1743/610/137 1668/1744/610/137 1665/1741/609/137
f 1669/1745/608/137 1670/1746/608/137 1671/1747/611/137 1672/1748/611/137
f 1673/1749/612/138 1674/1750/613/138 1675/1751/614/138 1676/1752/614/138
f 1677/1753/615/138 1678/1754/612/138 1679/1755/614/138 1680/1756/614/138
f 1702/1773/624/140 1703/1774/625/140 1704/1775/626/140 1705/1776/627/140
f 1706/1777/628/140 1707/1778/629/140 1708/1779/630/140 1709/1780/631/140
f 1707/1778/629/140 1702/1773/624/140 1705/1776/627/140 1708/1779/630/140
f 1719/1795/640/141 1720/1796/641/141 1721/1797/642/141 1722/1798/642/141
f 1723/1799/643/141 1724/1800/640/141 1725/1801/642/141 1726/1802/642/141
f 1743/1819/652/143 1744/1820/653/143 1745/1821/654/143 1746/1822/654/143
f 1747/1823/655/143 1748/1824/652/143 1749/1825/654/143 1750/1826/654/143
f 1763/1839/663/144 1764/1840/664/144 1765/1841/664/144 1766/1842/663/144
f 1764/1840/664/144 1767/1843/665/144 1768/1844/665/144 1765/1841/664/144
f 1769/1845/663/144 1770/1846/663/144 1771/1847/666/144 1772/1848/666/144
f 1799/1875/684/147 1800/1876/685/147 1801/1877/685/147 1802/1878/684/147
f 1800/1876/685/147 1803/1879/686/147 1804/1880/686/147 1801/1877/685/147
f 1805/1881/684/147 1806/1882/684/147 1807/1883/687/147 1808/1884/687/147
f 1822/1893/690/150 1823/1894/691/150 1824/1895/692/150 1825/1896/693/150
f 1826/1897/694/150 1827/1898/695/150 1828/1899/696/150 1829/1900/697/150
f 1827/1898/695/150 1822/1893/690/150 1825/1896/693/150 1828/1899/696/150
f 1839/1915/706/151 1840/1916/707/151 1841/1917/707/151 1842/1918/706/151
f 1840/1916/707/151 1843/1919/708/151 1844/1920/708/151 1841/1917/707/151
f 1845/1921/706/151 1846/1922/706/151 1847/1923/709/151 1848/1924/709/151
f 1849/1925/710/152 1850/1926/711/152 1851/1927/711/152 1852/1928/710/152
f 1850/1926/711/152 1853/1929/712/152 1854/1930/712/152 1851/1927/711/152
f 1855/1931/710/152 1856/1932/710/152 1857/1933/713/152 1858/1934/713/152
f 1898/1969/733/157 1899/1970/734/157 1900/1971/735/157 1901/1972/736/157
f 1902/1973/737/157 1903/1974/738/157 1904/1975/739/157 1905/1976/740/157
f 1903/1974/738/157 1898/1969/733/157 1901/1972/736/157 1904/1975/739/157
f 1915/1991/749/158 1916/1992/750/158 1917/1993/750/158 1918/1994/749/158
f 1916/1992/750/158 1919/1995/751/158 1920/1996/751/158 1917/1993/750/158
f 1921/1997/749/158 1922/1998/749/158 1923/1999/752/158 1924/2000/752/158
f 1925/2001/753/159 1926/2002/754/159 1927/2003/755/159 1928/2004/755/159
f 1929/2005/756/159 1930/2006/753/159 1931/2007/755/159 1932/2008/755/159
f 1954/2025/765/161 1955/2026/766/161 1956/2027/767/161 1957/2028/768/161
f 1958/2029/769/161 1959/2030/770/161 1960/2031/771/161 1961/2032/772/161
f 1959/2030/770/161 1954/2025/765/161 1957/2028/768/161 1960/2031/771/161
f 1971/2047/781/162 1972/2048/782/162 1973/2049/782/162 1974/2050/781/162
f 1972/2048/782/162 1975/2051/783/162 1976/2052/783/162 1973/2049/782/162
f 1977/2053/781/162 1978/2054/781/162 1979/2055/784/162 1980/2056/784/162
f 1981/2057/785/163 1982/2058/786/163 1983/2059/787/163 1984/2060/787/163
f 1985/2061/788/163 1986/2062/785/163 1987/2063/787/163 1988/2064/787/163
f 2005/2081/797/165 2006/2082/798/165 2007/2083/798/165 2008/2084/797/165
f 2006/2082/798/165 2009/2085/799/165 2010/2086/799/165 2007/2083/798/165
f 2011/2087/797/165 2012/2088/797/165 2013/2089/800/165 2014/2090/800/165
f 2024/2095/802/167 2025/2096/803/167 2026/2097/804/167 2027/2098/805/167
f 2028/2099/806/167 2029/2100/807/167 2030/2101/808/167 2031/2102/809/167
f 2029/2100/807/167 2024/2095/802/167 2027/2098/805/167 2030/2101/808/167
f 2041/2117/818/168 2042/2118/819/168 2043/2119/820/168 2044/2120/820/168
f 2045/2121/821/168 2046/2122/818/168 2047/2123/820/168 2048/2124/820/168
f 2074/2145/831/171 2075/2146/832/171 2076/2147/833/171 2077/2148/834/171
f 2078/2149/835/171 2079/2150/836/171 2080/2151/837/171 2081/2152/838/171
f 2079/2150/836/171 2074/2145/831/171 2077/2148/834/171 2080/2151/837/171
f 2091/2167/847/172 2092/2168/848/172 2093/2169/848/172 2094/2170/847/172
f 2092/2168/848/172 2095/2171/849/172 2096/2172/849/172 2093/2169/848/172
f 2097/2173/847/172 2098/2174/847/172 2099/2175/850/172 2100/2176/850/172
f 2109/2185/853/175 2110/2186/854/175 2111/2187/854/175 2112/2188/853/175
f 2110/2186/854/175 2113/2189/855/175 2114/2190/855/175 2111/2187/854/175
f 2115/2191/853/175 2116/2192/853/175 2117/2193/856/175 2118/2194/856/175
f 2119/2195/857/176 2120/2196/858/176 2121/2197/859/176 2122/2198/859/176
f 2123/2199/860/176 2124/2200/857/176 2125/2201/859/176 2126/2202/859/176
f 2152/2223/870/179 2153/2224/871/179 2154/2225/872/179 2155/2226/873/179
f 2156/2227/874/179 2157/2228/875/179 2158/2229/876/179 2159/2230/877/179
f 2157/2228/875/179 2152/2223/870/179 2155/2226/873/179 2158/2229/876/179
f 2169/2245/886/180 2170/2246/887/180 2171/2247/887/180 2172/2248/886/180
f 2170/2246/887/180 2173/2249/888/180 2174/2250/888/180 2171/2247/887/180
f 2175/2251/886/180 2176/2252/886/180 2177/2253/889/180 2178/2254/889/180
f 2179/2255/890/181 2180/2256/891/181 2181/2257/892/181 2182/2258/892/181
f 2183/2259/893/181 2184/2260/890/181 2185/2261/892/181 2186/2262/892/181
f 2212/2283/903/184 2213/2284/904/184 2214/2285/905/184 2215/2286/906/184
f 2216/2287/907/184 2217/2288/908/184 2218/2289/909/184 2219/2290/910/184
f 2217/2288/908/184 2212/2283/903/184 2215/2286/906/184 2218/2289/909/184
f 2229/2305/919/185 2230/2306/920/185 2231/2307/920/185 2232/2308/919/185
f 2230/2306/920/185 2233/2309/921/185 2234/2310/921/185 2231/2307/920/185
f 2235/2311/919/185 2236/2312/919/185 2237/2313/922/185 2238/2314/922/185
f 2239/2315/923/186 2240/2316/924/186 2241/2317/925/186 2242/2318/925/186
f 2243/2319/926/186 2244/2320/923/186 2245/2321/925/186 2246/2322/925/186
f 2267/2343/936/189 2268/2344/937/189 2269/2345/937/189 2270/2346/936/189
f 2268/2344/937/189 2271/2347/938/189 2272/2348/938/189 2269/2345/937/189
f 2273/2349/936/189 2274/2350/936/189 2275/2351/939/189 2276/2352/939/189
f 2282/2353/940/190 2283/2354/941/190 2284/2355/942/190 2285/2356/943/190
f 2286/2357/944/190 2287/2358/945/190 2288/2359/946/190 2289/2360/947/190
f 2287/2358/945/190 2282/2353/940/190 2285/2356/943/190 2288/2359/946/190
f 2299/2375/956/191 2300/2376/957/191 2301/2377/957/191 2302/2378/956/191
f 2300/2376/957/191 2303/2379/958/191 2304/2380/958/191 2301/2377/957/191
f 2305/2381/956/191 2306/2382/956/191 2307/2383/959/191 2308/2384/959/191
f 2309/2385/960/192 2310/2386/961/192 2311/2387/962/192 2312/2388/962/192
f 2313/2389/963/192 2314/2390/960/192 2315/2391/962/192 2316/2392/962/192
f 2346/2417/974/196 2347/2418/975/196 2348/2419/976/196 2349/2420/977/196
f 2350/2421/978/196 2351/2422/979/196 2352/2423/980/196 2353/2424/981/196
f 2351/2422/979/196 2346/2417/974/196 2349/2420/977/196 2352/2423/980/196
f 2363/2439/990/197 2364/2440/991/197 2365/2441/991/197 2366/2442/990/197
f 2364/2440/991/197 2367/2443/992/197 2368/2444/992/197 2365/2441/991/197
f 2369/2445/990/197 2370/2446/990/197 2371/2447/993/197 2372/2448/993/197
f 2373/2449/994/198 2374/2450/995/198 2375/2451/996/198 2376/2452/996/198
f 2377/2453/997/198 2378/2454/994/198 2379/2455/996/198 2380/2456/996/198
f 2401/2477/1007/201 2402/2478/1008/201 2403/2479/1008/201 2404/2480/1007/201
f 2402/2478/1008/201 2405/2481/1009/201 2406/2482/1009/201 2403/2479/1008/201
f 2407/2483/1007/201 2408/2484/1007/201 2409/2485/1010/201 2410/2486/1010/201
f 1010/1081/259/79 1011/1082/260/79 1012/1083/261/79
f 1011/1082/260/79 1013/1084/262/79 1012/1083/261/79
f 1012/1083/261/79 1013/1084/262/79 1014/1085/263/79
f 1013/1084/262/79 1015/1086/264/79 1014/1085/263/79
f 1016/1087/263/79 1017/1088/265/79 1018/1089/266/79
f 1027/1103/271/80 1028/1104/272/80 1029/1105/267/80
f 1028/1104/272/80 1030/1106/273/80 1029/1105/267/80
f 1029/1105/267/80 1030/1106/273/80 1031/1107/274/80
f 1032/1108/275/80 1033/1109/273/80 1034/1110/267/80
f 1033/1109/273/80 1035/1111/276/80 1034/1110/267/80
f 1036/1112/277/80 1037/1113/267/80 1038/1114/274/80
f 1068/1139/290/85 1069/1140/291/85 1070/1141/292/85
f 1069/1140/291/85 1071/1142/293/85 1070/1141/292/85
f 1070/1141/292/85 1071/1142/293/85 1072/1143/294/85
f 1071/1142/293/85 1073/1144/295/85 1072/1143/294/85
f 1074/1145/294/85 1075/1146/296/85 1076/1147/297/85
f 1095/1171/306/87 1096/1172/307/87 1097/1173/302/87
f 1096/1172/307/87 1098/1174/308/87 1097/1173/302/87
f 1097/1173/302/87 1098/1174/308/87 1099/1175/309/87
f 1100/1176/310/87 1101/1177/308/87 1102/1178/302/87
f 1101/1177/308/87 1103/1179/311/87 1102/1178/302/87
f 1104/1180/312/87 1105/1181/302/87 1106/1182/309/87
f 1137/1213/324/92 1138/1214/325/92 1139/1215/320/92
f 1138/1214/325/92 1140/1216/326/92 1139/1215/320/92
f 1139/1215/320/92 1140/1216/326/92 1141/1217/327/92
f 1142/1218/328/92 1143/1219/326/92 1144/1220/320/92
f 1143/1219/326/92 1145/1221/329/92 1144/1220/320/92
f 1146/1222/330/92 1147/1223/320/92 1148/1224/327/92
f 1167/1243/339/94 1168/1244/340/94 1169/1245/335/94
f 1168/1244/340/94 1170/1246/341/94 1169/1245/335/94
f 1169/1245/335/94 1170/1246/341/94 1171/1247/342/94
f 1172/1248/343/94 1173/1249/341/94 1174/1250/335/94
f 1173/1249/341/94 1175/1251/344/94 1174/1250/335/94
f 1176/1252/345/94 1177/1253/335/94 1178/1254/342/94
f 1196/1267/355/96 1197/1268/356/96 1198/1269/357/96
f 1197/1268/356/96 1199/1270/358/96 1198/1269/357/96
f 1198/1269/357/96 1199/1270/358/96 1200/1271/359/96
f 1199/1270/358/96 1201/1272/360/96 1200/1271/359/96
f 1202/1273/359/96 1203/1274/361/96 1204/1275/362/96
f 1223/1299/371/98 1224/1300/372/98 1225/1301/367/98
f 1224/1300/372/98 1226/1302/373/98 1225/1301/367/98
f 1225/1301/367/98 1226/1302/373/98 1227/1303/374/98
f 1228/1304/375/98 1229/1305/373/98 1230/1306/367/98
f 1229/1305/373/98 1231/1307/376/98 1230/1306/367/98
f 1232/1308/377/98 1233/1309/367/98 1234/1310/374/98
f 1266/1337/392/102 1267/1338/393/102 1268/1339/394/102
f 1267/1338/393/102 1269/1340/395/102 1268/1339/394/102
f 1268/1339/394/102 1269/1340/395/102 1270/1341/396/102
f 1269/1340/395/102 1271/1342/397/102 1270/1341/396/102
f 1272/1343/396/102 1273/1344/398/102 1274/1345/399/102
f 1283/1359/404/103 1284/1360/405/103 1285/1361/400/103
f 1284/1360/405/103 1286/1362/406/103 1285/1361/400/103
f 1285/1361/400/103 1286/1362/406/103 1287/1363/407/103
f 1288/1364/408/103 1289/1365/406/103 1290/1366/400/103
f 1289/1365/406/103 1291/1367/409/103 1290/1366/400/103
f 1292/1368/410/103 1293/1369/400/103 1294/1370/407/103
f 1325/1401/422/108 1326/1402/423/108 1327/1403/418/108
f 1326/1402/423/108 1328/1404/424/108 1327/1403/418/108
f 1327/1403/418/108 1328/1404/424/108 1329/1405/425/108
f 1330/1406/426/108 1331/1407/424/108 1332/1408/418/108
f 1331/1407/424/108 1333/1409/427/108 1332/1408/418/108
f 1334/1410/428/108 1335/1411/418/108 1336/1412/425/108
f 1386/1457/458/112 1387/1458/459/112 1388/1459/460/112
f 1387/1458/459/112 1389/1460/461/112 1388/1459/460/112
f 1388/1459/460/112 1389/1460/461/112 1390/1461/462/112
f 1389/1460/461/112 1391/1462/463/112 1390/1461/462/112
f 1392/1463/462/112 1393/1464/464/112 1394/1465/465/112
f 1413/1489/474/114 1414/1490/475/114 1415/1491/470/114
f 1414/1490/475/114 1416/1492/476/114 1415/1491/470/114
f 1415/1491/470/114 1416/1492/476/114 1417/1493/477/114
f 1418/1494/478/114 1419/1495/476/114 1420/1496/470/114
f 1419/1495/476/114 1421/1497/479/114 1420/1496/470/114
f 1422/1498/480/114 1423/1499/470/114 1424/1500/477/114
f 1500/1571/518/123 1501/1572/519/123 1502/1573/520/123
f 1501/1572/519/123 1503/1574/521/123 1502/1573/520/123
f 1502/1573/520/123 1503/1574/521/123 1504/1575/522/123
f 1503/1574/521/123 1505/1576/523/123 1504/1575/522/123
f 1506/1577/522/123 1507/1578/524/123 1508/1579/525/123
f 1532/1603/538/125 1533/1604/539/125 1534/1605/540/125
f 1533/1604/539/125 1535/1606/541/125 1534/1605/540/125
f 1534/1605/540/125 1535/1606/541/125 1536/1607/542/125
f 1535/1606/541/125 1537/1608/543/125 1536/1607/542/125
f 1538/1609/542/125 1539/1610/544/125 1540/1611/545/125
f 1549/1625/550/126 1550/1626/551/126 1551/1627/546/126
f 1550/1626/551/126 1552/1628/552/126 1551/1627/546/126
f 1551/1627/546/126 1552/1628/552/126 1553/1629/553/126
f 1554/1630/554/126 1555/1631/552/126 1556/1632/546/126
f 1555/1631/552/126 1557/1633/555/126 1556/1632/546/126
f 1558/1634/556/126 1559/1635/546/126 1560/1636/553/126
f 1582/1653/567/129 1583/1654/568/129 1584/1655/569/129
f 1583/1654/568/129 1585/1656/570/129 1584/1655/569/129
f 1584/1655/569/129 1585/1656/570/129 1586/1657/571/129
f 1585/1656/570/129 1587/1658/572/129 1586/1657/571/129
f 1588/1659/571/129 1589/1660/573/129 1590/1661/574/129
f 1609/1685/583/131 1610/1686/584/131 1611/1687/579/131
f 1610/1686/584/131 1612/1688/585/131 1611/1687/579/131
f 1611/1687/579/131 1612/1688/585/131 1613/1689/586/131
f 1614/1690/587/131 1615/1691/585/131 1616/1692/579/131
f 1615/1691/585/131 1617/1693/588/131 1616/1692/579/131
f 1618/1694/589/131 1619/1695/579/131 1620/1696/586/131
f 1651/1727/601/136 1652/1728/602/136 1653/1729/597/136
f 1652/1728/602/136 1654/1730/603/136 1653/1729/597/136
f 1653/1729/597/136 1654/1730/603/136 1655/1731/604/136
f 1656/1732/605/136 1657/1733/603/136 1658/1734/597/136
f 1657/1733/603/136 1659/1735/606/136 1658/1734/597/136
f 1660/1736/607/136 1661/1737/597/136 1662/1738/604/136
f 1681/1757/616/138 1682/1758/617/138 1683/1759/612/138
f 1682/1758/617/138 1684/1760/618/138 1683/1759/612/138
f 1683/1759/612/138 1684/1760/618/138 1685/1761/619/138
f 1686/1762/620/138 1687/1763/618/138 1688/1764/612/138
f 1687/1763/618/138 1689/1765/621/138 1688/1764/612/138
f 1690/1766/622/138 1691/1767/612/138 1692/1768/619/138
f 1710/1781/632/140 1711/1782/633/140 1712/1783/634/140
f 1711/1782/633/140 1713/1784/635/140 1712/1783/634/140
f 1712/1783/634/140 1713/1784/635/140 1714/1785/636/140
f 1713/1784/635/140 1715/1786/637/140 1714/1785/636/140
f 1716/1787/636/140 1717/1788/638/140 1718/1789/639/140
f 1727/1803/644/141 1728/1804/645/141 1729/1805/640/141
f 1728/1804/645/141 1730/1806/646/141 1729/1805/640/141
f 1729/1805/640/141 1730/1806/646/141 1731/1807/647/141
f 1732/1808/648/141 1733/1809/646/141 1734/1810/640/141
f 1733/1809/646/141 1735/1811/649/141 1734/1810/640/141
f 1736/1812/650/141 1737/1813/640/141 1738/1814/647/141
f 1751/1827/656/143 1752/1828/657/143 1753/1829/652/143
f 1752/1828/657/143 1754/1830/658/143 1753/1829/652/143
f 1753/1829/652/143 1754/1830/658/143 1755/1831/659/143
f 1756/1832/660/143 1757/1833/658/143 1758/1834/652/143
f 1757/1833/658/143 1759/1835/661/143 1758/1834/652/143
f 1760/1836/662/143 1761/1837/652/143 1762/1838/659/143
f 1830/1901/698/150 1831/1902/699/150 1832/1903/700/150
f 1831/1902/699/150 1833/1904/701/150 1832/1903/700/150
f 1832/1903/700/150 1833/1904/701/150 1834/1905/702/150
f 1833/1904/701/150 1835/1906/703/150 1834/1905/702/150
f 1836/1907/702/150 1837/1908/704/150 1838/1909/705/150
f 1906/1977/741/157 1907/1978/742/157 1908/1979/743/157
f 1907/1978/742/157 1909/1980/744/157 1908/1979/743/157
f 1908/1979/743/157 1909/1980/744/157 1910/1981/745/157
f 1909/1980/744/157 1911/1982/746/157 1910/1981/745/157
f 1912/1983/745/157 1913/1984/747/157 1914/1985/748/157
f 1933/2009/757/159 1934/2010/758/159 1935/2011/753/159
f 1934/2010/758/159 1936/2012/759/159 1935/2011/753/159
f 1935/2011/753/159 1936/2012/759/159 1937/2013/760/159
f 1938/2014/761/159 1939/2015/759/159 1940/2016/753/159
f 1939/2015/759/159 1941/2017/762/159 1940/2016/753/159
f 1942/2018/763/159 1943/2019/753/159 1944/2020/760/159
f 1962/2033/773/161 1963/2034/774/161 1964/2035/775/161
f 1963/2034/774/161 1965/2036/776/161 1964/2035/775/161
f 1964/2035/775/161 1965/2036/776/161 1966/2037/777/161
f 1965/2036/776/161 1967/2038/778/161 1966/2037/777/161
f 1968/2039/777/161 1969/2040/779/161 1970/2041/780/161
f 1989/2065/789/163 1990/2066/790/163 1991/2067/785/163
f 1990/2066/790/163 1992/2068/791/163 1991/2067/785/163
f 1991/2067/785/163 1992/2068/791/163 1993/2069/792/163
f 1994/2070/793/163 1995/2071/791/163 1996/2072/785/163
f 1995/2071/791/163 1997/2073/794/163 1996/2072/785/163
f 1998/2074/795/163 1999/2075/785/163 2000/2076/792/163
f 2032/2103/810/167 2033/2104/811/167 2034/2105/812/167
f 2033/2104/811/167 2035/2106/813/167 2034/2105/812/167
f 2034/2105/812/167 2035/2106/813/167 2036/2107/814/167
f 2035/2106/813/167 2037/2108/815/167 2036/2107/814/167
f 2038/2109/814/167 2039/2110/816/167 2040/2111/817/167
f 2049/2125/822/168 2050/2126/823/168 2051/2127/818/168
f 2050/2126/823/168 2052/2128/824/168 2051/2127/818/168
f 2051/2127/818/168 2052/2128/824/168 2053/2129/825/168
f 2054/2130/826/168 2055/2131/824/168 2056/2132/818/168
f 2055/2131/824/168 2057/2133/827/168 2056/2132/818/168
f 2058/2134/828/168 2059/2135/818/168 2060/2136/825/168
f 2082/2153/839/171 2083/2154/840/171 2084/2155/841/171
f 2083/2154/840/171 2085/2156/842/171 2084/2155/841/171
f 2084/2155/841/171 2085/2156/842/171 2086/2157/843/171
f 2085/2156/842/171 2087/2158/844/171 2086/2157/843/171
f 2088/2159/843/171 2089/2160/845/171 2090/2161/846/171
f 2127/2203/861/176 2128/2204/862/176 2129/2205/857/176
f 2128/2204/862/176 2130/2206/863/176 2129/2205/857/176
f 2129/2205/857/176 2130/2206/863/176 2131/2207/864/176
f 2132/2208/865/176 2133/2209/863/176 2134/2210/857/176
f 2133/2209/863/176 2135/2211/866/176 2134/2210/857/176
f 2136/2212/867/176 2137/2213/857/176 2138/2214/864/176
f 2160/2231/878/179 2161/2232/879/179 2162/2233/880/179
f 2161/2232/879/179 2163/2234/881/179 2162/2233/880/179
f 2162/2233/880/179 2163/2234/881/179 2164/2235/882/179
f 2163/2234/881/179 2165/2236/883/179 2164/2235/882/179
f 2166/2237/882/179 2167/2238/884/179 2168/2239/885/179
f 2187/2263/894/181 2188/2264/895/181 2189/2265/890/181
f 2188/2264/895/181 2190/2266/896/181 2189/2265/890/181
f 2189/2265/890/181 2190/2266/896/181 2191/2267/897/181
f 2192/2268/898/181 2193/2269/896/181 2194/2270/890/181
f 2193/2269/896/181 2195/2271/899/181 2194/2270/890/181
f 2196/2272/900/181 2197/2273/890/181 2198/2274/897/181
f 2220/2291/911/184 2221/2292/912/184 2222/2293/913/184
f 2221/2292/912/184 2223/2294/914/184 2222/2293/913/184
f 2222/2293/913/184 2223/2294/914/184 2224/2295/915/184
f 2223/2294/914/184 2225/2296/916/184 2224/2295/915/184
f 2226/2297/915/184 2227/2298/917/184 2228/2299/918/184
f 2247/2323/927/186 2248/2324/928/186 2249/2325/923/186
f 2248/2324/928/186 2250/2326/929/186 2249/2325/923/186
f 2249/2325/923/186 2250/2326/929/186 2251/2327/930/186
f 2252/2328/931/186 2253/2329/929/186 2254/2330/923/186
f 2253/2329/929/186 2255/2331/932/186 2254/2330/923/186
f 2256/2332/933/186 2257/2333/923/186 2258/2334/930/186
f 2290/2361/948/190 2291/2362/949/190 2292/2363/950/190
f 2291/2362/949/190 2293/2364/951/190 2292/2363/950/190
f 2292/2363/950/190 2293/2364/951/190 2294/2365/952/190
f 2293/2364/951/190 2295/2366/953/190 2294/2365/952/190
f 2296/2367/952/190 2297/2368/954/190 2298/2369/955/190
f 2317/2393/964/192 2318/2394/965/192 2319/2395/960/192
f 2318/2394/965/192 2320/2396/966/192 2319/2395/960/192
f 2319/2395/960/192 2320/2396/966/192 2321/2397/967/192
f 2322/2398/968/192 2323/2399/966/192 2324/2400/960/192
f 2323/2399/966/192 2325/2401/969/192 2324/2400/960/192
f 2326/2402/970/192 2327/2403/960/192 2328/2404/967/192
f 2354/2425/982/196 2355/2426/983/196 2356/2427/984/196
f 2355/2426/983/196 2357/2428/985/196 2356/2427/984/196
f 2356/2427/984/196 2357/2428/985/196 2358/2429/986/196
f 2357/2428/985/196 2359/2430/987/196 2358/2429/986/196
f 2360/2431/986/196 2361/2432/988/196 2362/2433/989/196
f 2381/2457/998/198 2382/2458/999/198 2383/2459/994/198
f 2382/2458/999/198 2384/2460/1000/198 2383/2459/994/198
f 2383/2459/994/198 2384/2460/1000/198 2385/2461/1001/198
f 2386/2462/1002/198 2387/2463/1000/198 2388/2464/994/198
f 2387/2463/1000/198 2389/2465/1003/198 2388/2464/994/198
f 2390/2466/1004/198 2391/2467/994/198 2392/2468/1001/198
usemtl beach01
s off
f 975/1068/249/78 976/1069/249/78 977/1070/249/78
f 976/1069/249/78 978/1071/249/78 977/1070/249/78
f 979/1072/249/78 978/1071/249/78 976/1069/249/78
f 997/1090/265/79 998/1091/265/79 999/1092/265/79
f 998/1091/265/79 1000/1093/265/79 999/1092/265/79
f 1001/1094/265/79 1000/1093/265/79 998/1091/265/79
f 1055/1148/296/85 1056/1149/296/85 1057/1150/296/85
f 1056/1149/296/85 1058/1151/296/85 1057/1150/296/85
f 1059/1152/296/85 1058/1151/296/85 1056/1149/296/85
f 1183/1276/361/96 1184/1277/361/96 1185/1278/361/96
f 1184/1277/361/96 1186/1279/361/96 1185/1278/361/96
f 1187/1280/361/96 1186/1279/361/96 1184/1277/361/96
f 1253/1346/398/102 1254/1347/398/102 1255/1348/398/102
f 1254/1347/398/102 1256/1349/398/102 1255/1348/398/102
f 1257/1350/398/102 1256/1349/398/102 1254/1347/398/102
f 1347/1440/447/110 1348/1441/447/110 1349/1442/447/110
f 1348/1441/447/110 1350/1443/447/110 1349/1442/447/110
f 1351/1444/447/110 1350/1443/447/110 1348/1441/447/110
f 1373/1466/464/112 1374/1467/464/112 1375/1468/464/112
f 1374/1467/464/112 1376/1469/464/112 1375/1468/464/112
f 1377/1470/464/112 1376/1469/464/112 1374/1467/464/112
f 1435/1528/499/116 1436/1529/499/116 1437/1530/499/116
f 1436/1529/499/116 1438/1531/499/116 1437/1530/499/116
f 1439/1532/499/116 1438/1531/499/116 1436/1529/499/116
f 1487/1580/524/123 1488/1581/524/123 1489/1582/524/123
f 1488/1581/524/123 1490/1583/524/123 1489/1582/524/123
f 1491/1584/524/123 1490/1583/524/123 1488/1581/524/123
f 1519/1612/544/125 1520/1613/544/125 1521/1614/544/125
f 1520/1613/544/125 1522/1615/544/125 1521/1614/544/125
f 1523/1616/544/125 1522/1615/544/125 1520/1613/544/125
f 1569/1662/573/129 1570/1663/573/129 1571/1664/573/129
f 1570/1663/573/129 1572/1665/573/129 1571/1664/573/129
f 1573/1666/573/129 1572/1665/573/129 1570/1663/573/129
f 1697/1790/638/140 1698/1791/638/140 1699/1792/638/140
f 1698/1791/638/140 1700/1793/638/140 1699/1792/638/140
f 1701/1794/638/140 1700/1793/638/140 1698/1791/638/140
f 1773/1866/681/145 1774/1867/681/145 1775/1868/681/145
f 1774/1867/681/145 1776/1869/681/145 1775/1868/681/145
f 1777/1870/681/145 1776/1869/681/145 1774/1867/681/145
f 1817/1910/704/150 1818/1911/704/150 1819/1912/704/150
f 1818/1911/704/150 1820/1913/704/150 1819/1912/704/150
f 1821/1914/704/150 1820/1913/704/150 1818/1911/704/150
f 1859/1952/728/153 1860/1953/728/153 1861/1954/728/153
f 1860/1953/728/153 1862/1955/728/153 1861/1954/728/153
f 1863/1956/728/153 1862/1955/728/153 1860/1953/728/153
f 1893/1986/747/157 1894/1987/747/157 1895/1988/747/157
f 1894/1987/747/157 1896/1989/747/157 1895/1988/747/157
f 1897/1990/747/157 1896/1989/747/157 1894/1987/747/157
f 1949/2042/779/161 1950/2043/779/161 1951/2044/779/161
f 1950/2043/779/161 1952/2045/779/161 1951/2044/779/161
f 1953/2046/779/161 1952/2045/779/161 1950/2043/779/161
f 2019/2112/816/167 2020/2113/816/167 2021/2114/816/167
f 2020/2113/816/167 2022/2115/816/167 2021/2114/816/167
f 2023/2116/816/167 2022/2115/816/167 2020/2113/816/167
f 2069/2162/845/171 2070/2163/845/171 2071/2164/845/171
f 2070/2163/845/171 2072/2165/845/171 2071/2164/845/171
f 2073/2166/845/171 2072/2165/845/171 2070/2163/845/171
f 2147/2240/884/179 2148/2241/884/179 2149/2242/884/179
f 2148/2241/884/179 2150/2243/884/179 2149/2242/884/179
f 2151/2244/884/179 2150/2243/884/179 2148/2241/884/179
f 2207/2300/917/184 2208/2301/917/184 2209/2302/917/184
f 2208/2301/917/184 2210/2303/917/184 2209/2302/917/184
f 2211/2304/917/184 2210/2303/917/184 2208/2301/917/184
f 2277/2370/954/190 2278/2371/954/190 2279/2372/954/190
f 2278/2371/954/190 2280/2373/954/190 2279/2372/954/190
f 2281/2374/954/190 2280/2373/954/190 2278/2371/954/190
f 2341/2434/988/196 2342/2435/988/196 2343/2436/988/196
f 2342/2435/988/196 2344/2437/988/196 2343/2436/988/196
f 2345/2438/988/196 2344/2437/988/196 2342/2435/988/196
usemtl wallkn_g
s off
f 933/1009/220/72 934/1010/221/72 935/1011/221/72 936/1012/220/72
f 934/1010/221/72 937/1013/222/72 938/1014/222/72 935/1011/221/72
f 939/1015/220/72 940/1016/220/72 941/1017/223/72 942/1018/223/72
f 980/1051/235/78 981/1052/236/78 982/1053/237/78 983/1054/238/78
f 984/1055/239/78 985/1056/240/78 986/1057/241/78 987/1058/242/78
f 985/1056/240/78 980/1051/235/78 983/1054/238/78 986/1057/241/78
f 1239/1315/379/100 1240/1316/380/100 1241/1317/380/100 1242/1318/379/100
f 1240/1316/380/100 1243/1319/381/100 1244/1320/381/100 1241/1317/380/100
f 1245/1321/379/100 1246/1322/379/100 1247/1323/382/100 1248/1324/382/100
f 1352/1423/433/110 1353/1424/434/110 1354/1425/435/110 1355/1426/436/110
f 1356/1427/437/110 1357/1428/438/110 1358/1429/439/110 1359/1430/440/110
f 1357/1428/438/110 1352/1423/433/110 1355/1426/436/110 1358/1429/439/110
f 1440/1511/485/116 1441/1512/486/116 1442/1513/487/116 1443/1514/488/116
f 1444/1515/489/116 1445/1516/490/116 1446/1517/491/116 1447/1518/492/116
f 1445/1516/490/116 1440/1511/485/116 1443/1514/488/116 1446/1517/491/116
f 1778/1849/667/145 1779/1850/668/145 1780/1851/669/145 1781/1852/670/145
f 1782/1853/671/145 1783/1854/672/145 1784/1855/673/145 1785/1856/674/145
f 1783/1854/672/145 1778/1849/667/145 1781/1852/670/145 1784/1855/673/145
f 1864/1935/714/153 1865/1936/715/153 1866/1937/716/153 1867/1938/717/153
f 1868/1939/718/153 1869/1940/719/153 1870/1941/720/153 1871/1942/721/153
f 1869/1940/719/153 1864/1935/714/153 1867/1938/717/153 1870/1941/720/153
f 988/1059/243/78 989/1060/244/78 990/1061/245/78
f 989/1060/244/78 991/1062/246/78 990/1061/245/78
f 990/1061/245/78 991/1062/246/78 992/1063/247/78
f 991/1062/246/78 993/1064/248/78 992/1063/247/78
f 994/1065/247/78 995/1066/249/78 996/1067/250/78
f 1360/1431/441/110 1361/1432/442/110 1362/1433/443/110
f 1361/1432/442/110 1363/1434/444/110 1362/1433/443/110
f 1362/1433/443/110 1363/1434/444/110 1364/1435/445/110
f 1363/1434/444/110 1365/1436/446/110 1364/1435/445/110
f 1366/1437/445/110 1367/1438/447/110 1368/1439/448/110
f 1448/1519/493/116 1449/1520/494/116 1450/1521/495/116
f 1449/1520/494/116 1451/1522/496/116 1450/1521/495/116
f 1450/1521/495/116 1451/1522/496/116 1452/1523/497/116
f 1451/1522/496/116 1453/1524/498/116 1452/1523/497/116
f 1454/1525/497/116 1455/1526/499/116 1456/1527/500/116
f 1786/1857/675/145 1787/1858/676/145 1788/1859/677/145
f 1787/1858/676/145 1789/1860/678/145 1788/1859/677/145
f 1788/1859/677/145 1789/1860/678/145 1790/1861/679/145
f 1789/1860/678/145 1791/1862/680/145 1790/1861/679/145
f 1792/1863/679/145 1793/1864/681/145 1794/1865/682/145
f 1872/1943/722/153 1873/1944/723/153 1874/1945/724/153
f 1873/1944/723/153 1875/1946/725/153 1874/1945/724/153
f 1874/1945/724/153 1875/1946/725/153 1876/1947/726/153
f 1875/1946/725/153 1877/1948/727/153 1876/1947/726/153
f 1878/1949/726/153 1879/1950/728/153 1880/1951/729/153
usemtl d0gake_001b
s off
f 13/13/2/2 14/14/3/2 15/15/4/2 16/16/2/2
f 17/17/5/2 14/14/6/2 18/18/7/2 19/19/5/2
f 20/20/8/2 21/21/8/2 22/22/8/2 23/23/8/2
f 24/24/9/2 25/25/10/2 13/13/10/2 26/26/11/2
f 14/14/3/2 17/17/12/2 27/27/12/2 15/15/4/2
f 22/22/13/2 24/24/9/2 26/26/11/2 23/23/13/2
f 14/14/6/2 13/13/14/2 25/25/14/2 18/18/7/2
f 26/26/15/2 13/13/2/2 16/16/2/2 28/28/15/2
f 29/29/16/2 17/17/17/2 30/30/18/2 31/31/16/2
f 30/30/18/2 17/17/17/2 19/19/19/2
f 32/32/20/2 33/33/21/2 29/29/22/2
f 33/33/21/2 27/27/23/2 29/29/22/2
f 27/27/24/2 33/33/25/2 15/15/26/2
f 33/33/25/2 16/16/27/2 15/15/26/2
f 31/31/28/2 20/20/29/2 32/32/30/2
f 20/20/29/2 23/23/31/2 32/32/30/2
f 23/34/32/2 26/35/32/2 32/32/32/2
f 31/31/33/2 32/32/33/2 29/29/33/2
f 32/36/34/2 28/37/34/2 33/38/34/2
f 28/28/35/2 16/16/35/2 33/33/35/2
f 32/32/36/2 26/39/36/2 28/40/36/2
f 17/17/37/2 29/29/37/2 27/27/37/2
f 31/31/38/2 21/21/38/2 20/20/38/2
usemtl ga_s01a_TRANS
s off
f 34/41/39/2 35/42/39/2 36/43/39/2
f 36/44/39/2 35/42/39/2 37/45/39/2
f 37/46/39/2 35/42/39/2 38/47/39/2
f 38/48/39/2 35/42/39/2 39/49/39/2
f 39/50/39/2 35/42/39/2 40/51/39/2
f 40/52/39/2 35/42/39/2 41/53/39/2
f 41/54/39/2 35/42/39/2 42/55/39/2
f 42/56/39/2 35/42/39/2 43/57/39/2
f 43/58/39/2 35/42/39/2 44/59/39/2
f 44/60/39/2 35/42/39/2 45/61/39/2
f 45/62/39/2 35/42/39/2 46/63/39/2
f 46/64/39/2 35/42/39/2 34/65/39/2
f 224/250/90/16 225/251/90/16 226/252/90/16
f 226/253/90/16 225/251/90/16 227/254/90/16
f 227/255/90/16 225/251/90/16 228/256/90/16
f 228/257/90/16 225/251/90/16 229/258/90/16
f 229/259/90/16 225/251/90/16 230/260/90/16
f 230/261/90/16 225/251/90/16 231/262/90/16
f 231/263/90/16 225/251/90/16 232/264/90/16
f 232/265/90/16 225/251/90/16 233/266/90/16
f 233/267/90/16 225/251/90/16 234/268/90/16
f 234/269/90/16 225/251/90/16 235/270/90/16
f 235/271/90/16 225/251/90/16 236/272/90/16
f 236/273/90/16 225/251/90/16 224/274/90/16
f 486/531/147/36 487/532/147/36 488/533/147/36
f 488/534/147/36 487/532/147/36 489/535/147/36
f 489/536/147/36 487/532/147/36 490/537/147/36
f 490/538/147/36 487/532/147/36 491/539/147/36
f 491/540/147/36 487/532/147/36 492/541/147/36
f 492/542/147/36 487/532/147/36 493/543/147/36
f 493/544/147/36 487/532/147/36 494/545/147/36
f 494/546/147/36 487/532/147/36 495/547/147/36
f 495/548/147/36 487/532/147/36 496/549/147/36
f 496/550/147/36 487/532/147/36 497/551/147/36
f 497/552/147/36 487/532/147/36 498/553/147/36
f 498/554/147/36 487/532/147/36 486/555/147/36
f 700/764/200/52 701/765/200/52 702/766/200/52
f 702/767/200/52 701/765/200/52 703/768/200/52
f 703/769/200/52 701/765/200/52 704/770/200/52
f 704/771/200/52 701/765/200/52 705/772/200/52
f 705/773/200/52 701/765/200/52 706/774/200/52
f 706/775/200/52 701/765/200/52 707/776/200/52
f 707/777/200/52 701/765/200/52 708/778/200/52
f 708/779/200/52 701/765/200/52 709/780/200/52
f 709/781/200/52 701/765/200/52 710/782/200/52
f 710/783/200/52 701/765/200/52 711/784/200/52
f 711/785/200/52 701/765/200/52 712/786/200/52
f 712/787/200/52 701/765/200/52 700/788/200/52
usemtl cliff01
s off
f 203/222/53/16 204/223/54/16 205/224/55/16 206/225/53/16
f 207/226/56/16 204/223/57/16 208/227/58/16 209/228/56/16
f 210/229/59/16 211/230/59/16 212/231/59/16 213/232/59/16
f 214/233/60/16 215/234/61/16 203/222/61/16 216/235/62/16
f 204/223/54/16 207/226/63/16 217/236/63/16 205/224/55/16
f 212/231/64/16 214/233/60/16 216/235/62/16 213/232/64/16
f 204/223/57/16 203/222/65/16 215/234/65/16 208/227/58/16
f 216/235/66/16 203/222/53/16 206/225/53/16 218/237/66/16
f 219/238/67/16 207/226/68/16 220/239/69/16 221/240/67/16
f 220/239/69/16 207/226/68/16 209/228/70/16
f 222/241/71/16 223/242/72/16 219/238/73/16
f 223/242/72/16 217/236/74/16 219/238/73/16
f 217/236/75/16 223/242/76/16 205/224/77/16
f 223/242/76/16 206/225/78/16 205/224/77/16
f 221/240/79/16 210/229/80/16 222/241/81/16
f 210/229/80/16 213/232/82/16 222/241/81/16
f 213/243/83/16 216/244/83/16 222/241/83/16
f 221/240/84/16 222/241/84/16 219/238/84/16
f 222/245/85/16 218/246/85/16 223/247/85/16
f 218/237/86/16 206/225/86/16 223/242/86/16
f 222/241/87/16 216/248/87/16 218/249/87/16
f 207/226/88/16 219/238/88/16 217/236/88/16
f 221/240/89/16 211/230/89/16 210/229/89/16
