mtllib Barrier-Reef_02_08.mtl
o map
v -8.0 -14.0 1.0E-6
v -16.0 -14.0 1.0E-6
v -8.0 -16.0 1.0E-6
v -16.0 -16.0 1.0E-6
v -8.0 -11.0 1.0
v -16.0 -11.0 1.0
v -16.0 -14.0 1.0
v -8.0 -14.0 1.0
v -8.0 -8.0 2.0
v -16.0 -8.0 2.0
v -16.0 -11.0 2.0
v -8.0 -11.0 2.0
v -8.0 -7.0 3.0
v -16.0 -7.0 3.0
v -16.0 -8.0 3.0
v -8.0 -8.0 3.0
v -8.0 -6.0 4.0
v -16.0 -6.0 4.0
v -16.0 -7.0 4.0
v -8.0 -7.0 4.0
v -8.0 -5.0 5.0
v -16.0 -5.0 5.0
v -16.0 -6.0 5.0
v -8.0 -6.0 5.0
v -8.0 -3.0 6.0
v -16.0 -3.0 6.0
v -16.0 -5.0 6.0
v -8.0 -5.0 6.0
v -16.0 -3.0 5.999999
v -14.0 -3.0 5.999999
v -14.0 -2.0 5.999999
v -16.0 -2.0 5.999999
v -14.0 -1.0 6.000001
v -16.0 -1.0 6.000001
v -16.0 -2.0 6.000001
v -14.0 -2.0 6.000001
v -13.0 0.0 5.999999
v -16.0 0.0 5.999999
v -16.0 -1.0 5.999999
v -13.0 -1.0 5.999999
v -11.0 2.0 6.0
v -16.0 2.0 6.0
v -16.0 0.0 6.0
v -11.0 0.0 6.0
v -10.0 3.0 5.0
v -16.0 3.0 5.0
v -16.0 2.0 5.0
v -10.0 2.0 5.0
v -9.0 4.0 4.0
v -16.0 4.0 4.0
v -16.0 3.0 4.0
v -9.0 3.0 4.0
v -8.0 5.0 3.0
v -16.0 5.0 3.0
v -16.0 4.0 3.0
v -8.0 4.0 3.0
v -8.0 6.0 2.0
v -16.0 6.0 2.0
v -16.0 5.0 2.0
v -8.0 5.0 2.0
v -9.0 8.0 1.0
v -16.0 8.0 1.0
v -16.0 6.0 1.0
v -9.0 6.0 1.0
v -10.0 12.0 1.0E-6
v -16.0 12.0 1.0E-6
v -10.0 8.0 1.0E-6
v -16.0 8.0 1.0E-6
v -16.0 13.75 -0.4375
v -16.0 12.875 -0.1875
v -15.0 12.875 -0.1875
v -15.0 13.75 -0.4375
v -16.0 12.125 0.0625
v -15.0 12.125 0.0625
v -15.0 15.0 -0.4375
v -16.0 15.0 -0.4375
v -16.0 13.75 -0.4375
v -15.0 13.75 -0.4375
v -15.0 12.0 0.0
v -15.0 13.0 -0.5
v -16.0 13.0 -0.5
v -16.0 12.0 0.0
v -15.0 13.75 -0.5625
v -16.0 13.75 -0.5625
v -7.0 16.0 1.0E-6
v -15.0 16.0 1.0E-6
v -7.0 12.0 1.0E-6
v -15.0 12.0 1.0E-6
v -14.0 -3.0 5.999999
v -13.0 -3.0 6.0
v -14.0 -2.0 5.999999
v -13.0 -2.0 6.0
v -13.0 -1.0 5.999999
v -14.0 -2.0 5.999999
v -13.0 -2.0 5.999999
v -14.0 -1.0 5.999999
v -5.0 -2.0 6.0
v -13.0 -2.0 6.0
v -13.0 -3.0 6.0
v -5.0 -3.0 6.0
v -13.0 -2.0 5.999999
v -12.0 -2.0 6.0
v -13.0 -1.0 5.999999
v -12.0 -1.0 6.0
v -12.0 -1.0 5.999999
v -12.0 0.0 6.0
v -13.0 -1.0 5.999999
v -13.0 0.0 6.0
v -4.0 0.0 6.0
v -12.0 0.0 6.0
v -12.0 -2.0 6.0
v -4.0 -2.0 6.0
v -3.0 1.0 5.0
v -11.0 1.0 5.0
v -11.0 0.0 5.0
v -3.0 0.0 5.0
v -10.0 2.0 5.0
v -11.0 2.0 5.0
v -11.0 1.0 5.0
v -10.0 1.0 5.0
v -3.0 2.0 4.0
v -10.0 2.0 4.0
v -10.0 1.0 4.0
v -3.0 1.0 4.0
v -9.0 3.0 4.0
v -10.0 3.0 4.0
v -10.0 2.0 4.0
v -9.0 2.0 4.0
v -9.0 11.0 1.0
v -10.0 11.0 1.0
v -10.0 8.0 1.0
v -9.0 8.0 1.0
v -7.0 12.0 1.0E-6
v -10.0 12.0 1.0E-6
v -7.0 11.0 1.0E-6
v -10.0 11.0 1.0E-6
v -4.0 4.0 3.0
v -9.0 4.0 3.0
v -9.0 2.0 3.0
v -4.0 2.0 3.0
v -5.0 10.0 2.0
v -9.0 10.0 2.0
v -9.0 6.0 2.0
v -5.0 6.0 2.0
v -6.0 11.0 1.0
v -9.0 11.0 1.0
v -9.0 10.0 1.0
v -6.0 10.0 1.0
v -5.0 -14.0 1.0E-6
v -8.0 -14.0 1.0E-6
v -5.0 -16.0 1.0E-6
v -8.0 -16.0 1.0E-6
v 0.0 -13.0 1.0
v -8.0 -13.0 1.0
v -8.0 -14.0 1.0
v 0.0 -14.0 1.0
v -5.0 -11.0 1.0
v -8.0 -11.0 1.0
v -8.0 -13.0 1.0
v -5.0 -13.0 1.0
v 0.0 -10.0 2.0
v -8.0 -10.0 2.0
v -8.0 -11.0 2.0
v 0.0 -11.0 2.0
v -4.0 -8.0 2.0
v -8.0 -8.0 2.0
v -8.0 -10.0 2.0
v -4.0 -10.0 2.0
v 0.0 -7.0 3.0
v -8.0 -7.0 3.0
v -8.0 -8.0 3.0
v 0.0 -8.0 3.0
v 0.0 -6.0 4.0
v -8.0 -6.0 4.0
v -8.0 -7.0 4.0
v 0.0 -7.0 4.0
v 0.0 -5.0 5.0
v -8.0 -5.0 5.0
v -8.0 -6.0 5.0
v 0.0 -6.0 5.0
v 0.0 -3.0 6.0
v -8.0 -3.0 6.0
v -8.0 -5.0 6.0
v 0.0 -5.0 6.0
v -4.0 6.0 3.0
v -8.0 6.0 3.0
v -8.0 4.0 3.0
v -4.0 4.0 3.0
v -6.0 16.0 1.0
v -7.0 16.0 1.0
v -7.0 11.0 1.0
v -6.0 11.0 1.0
v -5.0 16.0 2.0
v -6.0 16.0 2.0
v -6.0 10.0 2.0
v -5.0 10.0 2.0
v 2.0 -14.0 1.0
v -5.0 -14.0 1.0
v -5.0 -16.0 1.0
v 2.0 -16.0 1.0
v 3.0 -12.0 2.0
v -5.0 -12.0 2.0
v -5.0 -13.0 2.0
v 3.0 -13.0 2.0
v -4.0 -11.0 2.0
v -5.0 -11.0 2.0
v -5.0 -12.0 2.0
v -4.0 -12.0 2.0
v 2.0 -2.0 6.0
v -5.0 -2.0 6.0
v -5.0 -3.0 6.0
v 2.0 -3.0 6.0
v -4.0 14.0 3.0
v -5.0 14.0 3.0
v -5.0 6.0 3.0
v -4.0 6.0 3.0
v -4.0 16.0 3.0
v -5.0 16.0 3.0
v -5.0 14.0 3.0
v -4.0 14.0 3.0
v -3.0 -11.0 0.0
v -4.0 -11.0 0.0
v -4.0 -12.0 0.0
v -3.0 -12.0 0.0
v 3.0 -8.0 3.0
v -4.0 -8.0 3.0
v -4.0 -10.0 3.0
v 3.0 -10.0 3.0
v 2.0 0.0 6.0
v -4.0 0.0 6.0
v -4.0 -2.0 6.0
v 2.0 -2.0 6.0
v -3.0 10.0 4.0
v -4.0 10.0 4.0
v -4.0 2.0 4.0
v -3.0 2.0 4.0
v -3.0 16.0 4.0
v -4.0 16.0 4.0
v -4.0 10.0 4.0
v -3.0 10.0 4.0
v 2.0 -11.0 2.0
v -3.0 -11.0 2.0
v -3.0 -12.0 2.0
v 2.0 -12.0 2.0
v -2.0 8.0 5.0
v -3.0 8.0 5.0
v -3.0 0.0 5.0
v -2.0 0.0 5.0
v -2.0 16.0 5.0
v -3.0 16.0 5.0
v -3.0 8.0 5.0
v -2.0 8.0 5.0
v -1.0 8.0 6.0
v -2.0 8.0 6.0
v -2.0 0.0 6.0
v -1.0 0.0 6.0
v -1.0 16.0 6.0
v -2.0 16.0 6.0
v -2.0 8.0 6.0
v -1.0 8.0 6.0
v 2.0 4.0 6.0
v -1.0 4.0 6.0
v -1.0 0.0 6.0
v 2.0 0.0 6.0
v 1.0 12.0 7.0
v -1.0 12.0 7.0
v -1.0 4.0 7.0
v 1.0 4.0 7.0
v 7.0 14.0 7.0
v -1.0 14.0 7.0
v -1.0 12.0 7.0
v 7.0 12.0 7.0
v 3.0 15.0 7.0
v -1.0 15.0 7.0
v -1.0 14.0 7.0
v 3.0 14.0 7.0
v 2.0 16.0 7.0
v -1.0 16.0 7.0
v -1.0 15.0 7.0
v 2.0 15.0 7.0
v 2.0 -13.0 1.0
v 0.0 -13.0 1.0
v 0.0 -14.0 1.0
v 2.0 -14.0 1.0
v 2.0 -10.0 2.0
v 0.0 -10.0 2.0
v 0.0 -11.0 2.0
v 2.0 -11.0 2.0
v 3.0 -7.0 3.0
v 0.0 -7.0 3.0
v 0.0 -8.0 3.0
v 3.0 -8.0 3.0
v 4.0 -6.0 4.0
v 0.0 -6.0 4.0
v 0.0 -7.0 4.0
v 4.0 -7.0 4.0
v 3.0 -5.0 5.0
v 0.0 -5.0 5.0
v 0.0 -6.0 5.0
v 3.0 -6.0 5.0
v 2.0 -3.0 6.0
v 0.0 -3.0 6.0
v 0.0 -5.0 6.0
v 2.0 -5.0 6.0
v 2.0 5.0 6.0
v 1.0 5.0 6.0
v 1.0 4.0 6.0
v 2.0 4.0 6.0
v 2.0 12.0 7.0
v 1.0 12.0 7.0
v 1.0 5.0 7.0
v 2.0 5.0 7.0
v 10.0 -13.0 2.0
v 2.0 -13.0 2.0
v 2.0 -16.0 2.0
v 10.0 -16.0 2.0
v 10.0 -11.0 3.0
v 2.0 -11.0 3.0
v 2.0 -12.0 3.0
v 10.0 -12.0 3.0
v 3.0 -10.0 3.0
v 2.0 -10.0 3.0
v 2.0 -11.0 3.0
v 3.0 -11.0 3.0
v 3.0 -1.0 5.0
v 2.0 -1.0 5.0
v 2.0 -5.0 5.0
v 3.0 -5.0 5.0
v 3.0 1.0 6.0
v 2.0 1.0 6.0
v 2.0 -1.0 6.0
v 3.0 -1.0 6.0
v 2.0 2.0 5.999999
v 2.0 1.0 6.0
v 3.0 2.0 5.999999
v 3.0 1.0 6.0
v 2.0 5.0 5.999999
v 2.0 2.0 5.999999
v 3.0 2.0 5.999999
v 3.0 5.0 5.999999
v 3.0 6.0 6.999999
v 2.0 6.0 7.0
v 3.0 5.0 6.999999
v 2.0 5.0 7.0
v 3.0 12.0 7.0
v 2.0 12.0 7.0
v 2.0 6.0 7.0
v 3.0 6.0 7.0
v 2.0 16.0 6.999999
v 2.0 15.0 7.0
v 3.0 16.0 6.999999
v 3.0 15.0 7.0
v 11.0 -12.0 2.0
v 3.0 -12.0 2.0
v 3.0 -13.0 2.0
v 11.0 -13.0 2.0
v 11.0 -8.0 4.0
v 3.0 -8.0 4.0
v 3.0 -11.0 4.0
v 11.0 -11.0 4.0
v 4.0 -7.0 4.0
v 3.0 -7.0 4.0
v 3.0 -8.0 4.0
v 4.0 -8.0 4.0
v 4.0 -5.0 4.0
v 3.0 -5.0 4.0
v 3.0 -6.0 4.0
v 4.0 -6.0 4.0
v 3.0 -4.0 4.999999
v 3.0 -5.0 5.0
v 4.0 -4.0 4.999999
v 4.0 -5.0 5.0
v 3.0 -1.0 4.999999
v 3.0 -4.0 4.999999
v 4.0 -4.0 4.999999
v 4.0 -1.0 4.999999
v 3.0 1.0 5.999999
v 3.0 -1.0 5.999999
v 4.0 -1.0 5.999999
v 4.0 1.0 5.999999
v 4.0 1.0 5.999999
v 3.0 2.0 5.999999
v 3.0 1.0 5.999999
v 4.0 2.0 5.999999
v 5.0 5.0 6.000001
v 3.0 5.0 6.000001
v 3.0 2.0 6.000001
v 5.0 2.0 6.000001
v 3.0 5.0 6.999999
v 4.0 6.0 6.999999
v 3.0 6.0 6.999999
v 4.0 5.0 6.999999
v 4.0 7.0 6.999999
v 3.0 7.0 7.0
v 4.0 6.0 6.999999
v 3.0 6.0 7.0
v 9.0 12.0 7.0
v 3.0 12.0 7.0
v 3.0 7.0 7.0
v 9.0 7.0 7.0
v 3.0 15.0 6.999999
v 3.0 14.0 7.0
v 4.0 15.0 6.999999
v 4.0 14.0 7.0
v 4.0 15.0 6.999999
v 3.0 16.0 6.999999
v 3.0 15.0 6.999999
v 4.0 16.0 6.999999
v 4.0 -7.0 3.999999
v 4.0 -8.0 4.0
v 5.0 -7.0 3.999999
v 5.0 -8.0 4.0
v 4.0 -5.0 3.999999
v 4.0 -7.0 3.999999
v 5.0 -7.0 3.999999
v 5.0 -5.0 3.999999
v 5.0 -5.0 4.999999
v 4.0 -4.0 4.999999
v 4.0 -5.0 4.999999
v 5.0 -4.0 4.999999
v 5.0 -1.0 5.000001
v 4.0 -1.0 5.000001
v 4.0 -4.0 5.000001
v 5.0 -4.0 5.000001
v 5.0 2.0 6.000001
v 4.0 2.0 6.000001
v 4.0 -1.0 6.000001
v 5.0 -1.0 6.000001
v 4.0 6.0 6.999999
v 5.0 5.0 6.999999
v 5.0 6.0 6.999999
v 4.0 5.0 6.999999
v 5.0 6.0 6.999999
v 5.0 7.0 7.0
v 4.0 6.0 6.999999
v 4.0 7.0 7.0
v 4.0 14.0 6.999999
v 5.0 14.0 7.0
v 4.0 15.0 6.999999
v 5.0 15.0 7.0
v 5.0 16.0 6.999999
v 4.0 15.0 6.999999
v 5.0 15.0 6.999999
v 4.0 16.0 6.999999
v 5.0 -8.0 3.999999
v 6.0 -8.0 3.999999
v 6.0 -7.0 3.999999
v 5.0 -7.0 3.999999
v 6.0 -5.0 4.000001
v 5.0 -5.0 4.000001
v 5.0 -7.0 4.000001
v 6.0 -7.0 4.000001
v 6.0 -4.0 5.000001
v 5.0 -4.0 5.000001
v 5.0 -5.0 5.000001
v 6.0 -5.0 5.000001
v 5.0 -3.0 4.999999
v 6.0 -4.0 4.999999
v 6.0 -3.0 4.999999
v 5.0 -4.0 4.999999
v 6.0 -3.0 4.999999
v 6.0 -1.0 4.999999
v 5.0 -1.0 4.999999
v 5.0 -3.0 4.999999
v 6.0 0.0 5.999999
v 5.0 -1.0 5.999999
v 6.0 -1.0 5.999999
v 5.0 0.0 5.999999
v 6.0 1.0 6.000001
v 5.0 1.0 6.000001
v 5.0 0.0 6.000001
v 6.0 0.0 6.000001
v 5.0 2.0 5.999999
v 6.0 1.0 5.999999
v 6.0 2.0 5.999999
v 5.0 1.0 5.999999
v 6.0 2.0 5.999999
v 6.0 5.0 5.999999
v 5.0 5.0 5.999999
v 5.0 2.0 5.999999
v 6.0 5.0 6.999999
v 6.0 6.0 7.0
v 5.0 5.0 6.999999
v 5.0 6.0 7.0
v 9.0 7.0 7.0
v 5.0 7.0 7.0
v 5.0 6.0 7.0
v 9.0 6.0 7.0
v 9.0 15.0 7.0
v 5.0 15.0 7.0
v 5.0 14.0 7.0
v 9.0 14.0 7.0
v 5.0 15.0 6.999999
v 6.0 15.0 7.0
v 5.0 16.0 6.999999
v 6.0 16.0 7.0
v 6.0 -8.0 3.999999
v 7.0 -8.0 4.0
v 6.0 -7.0 3.999999
v 7.0 -7.0 4.0
v 7.0 -7.0 3.999999
v 7.0 -5.0 3.999999
v 6.0 -5.0 3.999999
v 6.0 -7.0 3.999999
v 7.0 -5.0 4.999999
v 7.0 -4.0 4.999999
v 6.0 -4.0 4.999999
v 6.0 -5.0 4.999999
v 7.0 -4.0 4.999999
v 7.0 -3.0 5.0
v 6.0 -4.0 4.999999
v 6.0 -3.0 5.0
v 10.0 -2.0 5.0
v 6.0 -2.0 5.0
v 6.0 -3.0 5.0
v 10.0 -3.0 5.0
v 8.0 -1.0 5.0
v 6.0 -1.0 5.0
v 6.0 -2.0 5.0
v 8.0 -2.0 5.0
v 6.0 -1.0 4.999999
v 8.0 -1.0 4.999999
v 8.0 0.0 4.999999
v 6.0 0.0 4.999999
v 9.0 1.0 5.000001
v 6.0 1.0 5.000001
v 6.0 0.0 5.000001
v 9.0 0.0 5.000001
v 9.0 2.0 4.999999
v 6.0 2.0 4.999999
v 6.0 1.0 4.999999
v 9.0 1.0 4.999999
v 11.0 3.0 5.0
v 6.0 3.0 5.0
v 6.0 2.0 5.0
v 11.0 2.0 5.0
v 10.0 4.0 6.0
v 6.0 4.0 6.0
v 6.0 3.0 6.0
v 10.0 3.0 6.0
v 7.0 5.0 6.0
v 6.0 5.0 6.0
v 6.0 4.0 6.0
v 7.0 4.0 6.0
v 9.0 6.0 7.0
v 6.0 6.0 7.0
v 6.0 5.0 7.0
v 9.0 5.0 7.0
v 9.0 16.0 7.0
v 6.0 16.0 7.0
v 6.0 15.0 7.0
v 9.0 15.0 7.0
v 15.0 -6.0 4.0
v 7.0 -6.0 4.0
v 7.0 -8.0 4.0
v 15.0 -8.0 4.0
v 8.0 -5.0 4.0
v 7.0 -5.0 4.0
v 7.0 -6.0 4.0
v 8.0 -6.0 4.0
v 11.0 -3.0 5.0
v 7.0 -3.0 5.0
v 7.0 -5.0 5.0
v 11.0 -5.0 5.0
v 9.0 5.0 7.0
v 7.0 5.0 7.0
v 7.0 4.0 7.0
v 9.0 4.0 7.0
v 9.0 14.0 7.0
v 7.0 14.0 7.0
v 7.0 12.0 7.0
v 9.0 12.0 7.0
v 11.0 -5.0 5.0
v 8.0 -5.0 5.0
v 8.0 -6.0 5.0
v 11.0 -6.0 5.0
v 8.0 -1.0 4.999999
v 8.0 -2.0 5.0
v 9.0 -1.0 4.999999
v 9.0 -2.0 5.0
v 9.0 -1.0 4.999999
v 8.0 0.0 4.999999
v 8.0 -1.0 4.999999
v 9.0 0.0 4.999999
v 9.0 -2.0 4.999999
v 10.0 -2.0 4.999999
v 10.0 -1.0 4.999999
v 9.0 -1.0 4.999999
v 10.0 0.0 5.000001
v 9.0 0.0 5.000001
v 9.0 -1.0 5.000001
v 10.0 -1.0 5.000001
v 9.0 1.0 4.999999
v 10.0 0.0 4.999999
v 10.0 1.0 4.999999
v 9.0 0.0 4.999999
v 10.0 1.0 4.999999
v 10.0 2.0 5.0
v 9.0 1.0 4.999999
v 9.0 2.0 5.0
v 10.0 12.0 6.0
v 9.0 12.0 6.0
v 9.0 4.0 6.0
v 10.0 4.0 6.0
v 10.0 16.0 6.0
v 9.0 16.0 6.0
v 9.0 12.0 6.0
v 10.0 12.0 6.0
v 16.0 -13.0 2.0
v 10.0 -13.0 2.0
v 10.0 -16.0 2.0
v 16.0 -16.0 2.0
v 16.0 -11.0 3.0
v 10.0 -11.0 3.0
v 10.0 -12.0 3.0
v 16.0 -12.0 3.0
v 16.0 -2.0 4.0
v 10.0 -2.0 4.0
v 10.0 -3.0 4.0
v 16.0 -3.0 4.0
v 10.0 -2.0 3.999999
v 12.0 -2.0 3.999999
v 12.0 -1.0 3.999999
v 10.0 -1.0 3.999999
v 12.0 0.0 4.000001
v 10.0 0.0 4.000001
v 10.0 -1.0 4.000001
v 12.0 -1.0 4.000001
v 12.0 1.0 3.999999
v 10.0 1.0 3.999999
v 10.0 0.0 3.999999
v 12.0 0.0 3.999999
v 16.0 2.0 4.0
v 10.0 2.0 4.0
v 10.0 1.0 4.0
v 16.0 1.0 4.0
v 11.0 11.0 5.0
v 10.0 11.0 5.0
v 10.0 3.0 5.0
v 11.0 3.0 5.0
v 11.0 16.0 5.0
v 10.0 16.0 5.0
v 10.0 11.0 5.0
v 11.0 11.0 5.0
v 16.0 -12.0 2.0
v 11.0 -12.0 2.0
v 11.0 -13.0 2.0
v 16.0 -13.0 2.0
v 16.0 -8.0 4.0
v 11.0 -8.0 4.0
v 11.0 -11.0 4.0
v 16.0 -11.0 4.0
v 16.0 -3.0 4.0
v 11.0 -3.0 4.0
v 11.0 -6.0 4.0
v 16.0 -6.0 4.0
v 12.0 10.0 4.0
v 11.0 10.0 4.0
v 11.0 2.0 4.0
v 12.0 2.0 4.0
v 12.0 16.0 4.0
v 11.0 16.0 4.0
v 11.0 10.0 4.0
v 12.0 10.0 4.0
v 12.0 -2.0 3.999999
v 13.0 -2.0 4.0
v 12.0 -1.0 3.999999
v 13.0 -1.0 4.0
v 13.0 -1.0 3.999999
v 13.0 0.0 3.999999
v 12.0 0.0 3.999999
v 12.0 -1.0 3.999999
v 13.0 0.0 3.999999
v 13.0 1.0 4.0
v 12.0 0.0 3.999999
v 12.0 1.0 4.0
v 13.0 10.0 3.0
v 12.0 10.0 3.0
v 12.0 2.0 3.0
v 13.0 2.0 3.0
v 13.0 16.0 3.0
v 12.0 16.0 3.0
v 12.0 10.0 3.0
v 13.0 10.0 3.0
v 16.0 1.0 4.0
v 13.0 1.0 4.0
v 13.0 -2.0 4.0
v 16.0 -2.0 4.0
v 16.0 3.0 3.0
v 13.0 3.0 3.0
v 13.0 2.0 3.0
v 16.0 2.0 3.0
v 14.0 11.0 2.0
v 13.0 11.0 2.0
v 13.0 3.0 2.0
v 14.0 3.0 2.0
v 14.0 16.0 2.0
v 13.0 16.0 2.0
v 13.0 11.0 2.0
v 14.0 11.0 2.0
v 16.0 4.0 2.0
v 14.0 4.0 2.0
v 14.0 3.0 2.0
v 16.0 3.0 2.0
v 16.0 12.0 1.0
v 14.0 12.0 1.0
v 14.0 4.0 1.0
v 16.0 4.0 1.0
v 16.0 16.0 1.0
v 14.0 16.0 1.0
v 14.0 12.0 1.0
v 16.0 12.0 1.0
v 16.0 -6.0 4.0
v 15.0 -6.0 4.0
v 15.0 -8.0 4.0
v 16.0 -8.0 4.0
v -16.0 -14.5 0.75
v -16.0 -15.0 0.0
v -8.0 -15.0 0.0
v -8.0 -14.500001 0.75
v -16.0 -14.0 1.0
v -8.0 -14.0 1.0
v -15.0 -14.0 1.303222
v -15.0 -12.0 1.303222
v -15.0 -14.0 4.625
v -15.0 -12.0 4.625
v -16.0 -14.0 1.321776
v -14.0 -14.0 1.321776
v -16.0 -12.0 1.321776
v -14.0 -12.0 1.321776
v -16.0 -13.0 1.303222
v -14.0 -13.0 1.303222
v -16.0 -13.0 4.625
v -14.0 -13.0 4.625
v -16.0 -14.0 4.0185537
v -14.0 -14.0 4.0185537
v -16.0 -12.0 4.0185537
v -14.0 -12.0 4.0185537
v -16.0 -14.0 2.5625
v -14.0 -14.0 2.5625
v -16.0 -12.0 2.5625
v -14.0 -12.0 2.5625
v -16.0 -11.5 1.75
v -16.0 -12.0 1.0
v -8.0 -12.0 1.0
v -8.0 -11.500001 1.75
v -16.0 -11.0 2.0
v -8.0 -11.0 2.0
v -16.0 -8.5 2.75
v -16.0 -9.0 2.0
v -8.0 -9.0 2.0
v -8.0 -8.500001 2.75
v -16.0 -8.0 3.0
v -8.0 -8.0 3.0
v -16.0 -7.5 3.75
v -16.0 -8.0 3.0
v -8.0 -8.0 3.0
v -8.0 -7.500001 3.75
v -16.0 -7.0 4.0
v -8.0 -7.0 4.0
v -16.0 -6.5 4.75
v -16.0 -7.0 4.0
v -8.0 -7.0 4.0
v -8.0 -6.500001 4.75
v -16.0 -6.0 5.0
v -8.0 -6.0 5.0
v -16.0 -5.5 5.75
v -16.0 -6.0 5.0
v -8.0 -6.0 5.0
v -8.0 -5.500001 5.75
v -16.0 -5.0 6.0
v -8.0 -5.0 6.0
v -15.0 -5.0 6.3032217
v -15.0 -3.0 6.3032217
v -15.0 -5.0 9.625
v -15.0 -3.0 9.625
v -16.0 -5.0 6.321776
v -14.0 -5.0 6.321776
v -16.0 -3.0 6.321776
v -14.0 -3.0 6.321776
v -16.0 -4.0 6.3032217
v -14.0 -4.0 6.3032217
v -16.0 -4.0 9.625
v -14.0 -4.0 9.625
v -16.0 -5.0 9.018554
v -14.0 -5.0 9.018554
v -16.0 -3.0 9.018554
v -14.0 -3.0 9.018554
v -16.0 -5.0 7.5625
v -14.0 -5.0 7.5625
v -16.0 -3.0 7.5625
v -14.0 -3.0 7.5625
v -15.0 0.0 6.3032217
v -15.0 2.0 6.3032217
v -15.0 0.0 9.625
v -15.0 2.0 9.625
v -16.0 0.0 6.321776
v -14.0 0.0 6.321776
v -16.0 2.0 6.321776
v -14.0 2.0 6.321776
v -16.0 1.0 6.3032217
v -14.0 1.0 6.3032217
v -16.0 1.0 9.625
v -14.0 1.0 9.625
v -16.0 0.0 9.018554
v -14.0 0.0 9.018554
v -16.0 2.0 9.018554
v -14.0 2.0 9.018554
v -16.0 0.0 7.5625
v -14.0 0.0 7.5625
v -16.0 2.0 7.5625
v -14.0 2.0 7.5625
v -12.0 2.5 5.75
v -12.0 3.0 5.0
v -16.0 3.0 5.0
v -16.0 2.500001 5.75
v -12.0 2.0 6.0
v -16.0 2.0 6.0
v -12.0 3.5 4.75
v -12.0 4.0 4.0
v -16.0 4.0 4.0
v -16.0 3.500001 4.75
v -12.0 3.0 5.0
v -16.0 3.0 5.0
v -12.0 4.5 3.75
v -12.0 5.0 3.0
v -16.0 5.0 3.0
v -16.0 4.500001 3.75
v -12.0 4.0 4.0
v -16.0 4.0 4.0
v -12.0 5.5 2.75
v -12.0 6.0 2.0
v -16.0 6.0 2.0
v -16.0 5.500001 2.75
v -12.0 5.0 3.0
v -16.0 5.0 3.0
v -12.0 6.5 1.75
v -12.0 7.0 1.0
v -16.0 7.0 1.0
v -16.0 6.500001 1.75
v -12.0 6.0 2.0
v -16.0 6.0 2.0
v -13.0 8.5 0.75
v -13.0 9.0 0.0
v -16.0 9.0 0.0
v -16.0 8.500001 0.75
v -13.0 8.0 1.0
v -16.0 8.0 1.0
v -14.0 -11.0 2.303222
v -14.0 -9.0 2.303222
v -14.0 -11.0 5.625
v -14.0 -9.0 5.625
v -15.0 -11.0 2.321776
v -13.0 -11.0 2.321776
v -15.0 -9.0 2.321776
v -13.0 -9.0 2.321776
v -15.0 -10.0 2.303222
v -13.0 -10.0 2.303222
v -15.0 -10.0 5.625
v -13.0 -10.0 5.625
v -15.0 -11.0 5.0185537
v -13.0 -11.0 5.0185537
v -15.0 -9.0 5.0185537
v -13.0 -9.0 5.0185537
v -15.0 -11.0 3.5625
v -13.0 -11.0 3.5625
v -15.0 -9.0 3.5625
v -13.0 -9.0 3.5625
v -13.0 -14.0 1.303222
v -13.0 -12.0 1.303222
v -13.0 -14.0 4.625
v -13.0 -12.0 4.625
v -14.0 -14.0 1.321776
v -12.0 -14.0 1.321776
v -14.0 -12.0 1.321776
v -12.0 -12.0 1.321776
v -14.0 -13.0 1.303222
v -12.0 -13.0 1.303222
v -14.0 -13.0 4.625
v -12.0 -13.0 4.625
v -14.0 -14.0 4.0185537
v -12.0 -14.0 4.0185537
v -14.0 -12.0 4.0185537
v -12.0 -12.0 4.0185537
v -14.0 -14.0 2.5625
v -12.0 -14.0 2.5625
v -14.0 -12.0 2.5625
v -12.0 -12.0 2.5625
v -13.0 -5.0 6.3032217
v -13.0 -3.0 6.3032217
v -13.0 -5.0 9.625
v -13.0 -3.0 9.625
v -14.0 -5.0 6.321776
v -12.0 -5.0 6.321776
v -14.0 -3.0 6.321776
v -12.0 -3.0 6.321776
v -14.0 -4.0 6.3032217
v -12.0 -4.0 6.3032217
v -14.0 -4.0 9.625
v -12.0 -4.0 9.625
v -14.0 -5.0 9.018554
v -12.0 -5.0 9.018554
v -14.0 -3.0 9.018554
v -12.0 -3.0 9.018554
v -14.0 -5.0 7.5625
v -12.0 -5.0 7.5625
v -14.0 -3.0 7.5625
v -12.0 -3.0 7.5625
v -13.0 0.0 6.3032217
v -13.0 2.0 6.3032217
v -13.0 0.0 9.625
v -13.0 2.0 9.625
v -14.0 0.0 6.321776
v -12.0 0.0 6.321776
v -14.0 2.0 6.321776
v -12.0 2.0 6.321776
v -14.0 1.0 6.3032217
v -12.0 1.0 6.3032217
v -14.0 1.0 9.625
v -12.0 1.0 9.625
v -14.0 0.0 9.018554
v -12.0 0.0 9.018554
v -14.0 2.0 9.018554
v -12.0 2.0 9.018554
v -14.0 0.0 7.5625
v -12.0 0.0 7.5625
v -14.0 2.0 7.5625
v -12.0 2.0 7.5625
v -12.0 -11.0 2.303222
v -12.0 -9.0 2.303222
v -12.0 -11.0 5.625
v -12.0 -9.0 5.625
v -13.0 -11.0 2.321776
v -11.0 -11.0 2.321776
v -13.0 -9.0 2.321776
v -11.0 -9.0 2.321776
v -13.0 -10.0 2.303222
v -11.0 -10.0 2.303222
v -13.0 -10.0 5.625
v -11.0 -10.0 5.625
v -13.0 -11.0 5.0185537
v -11.0 -11.0 5.0185537
v -13.0 -9.0 5.0185537
v -11.0 -9.0 5.0185537
v -13.0 -11.0 3.5625
v -11.0 -11.0 3.5625
v -13.0 -9.0 3.5625
v -11.0 -9.0 3.5625
v -12.875 9.5 0.0
v -13.125 9.5 0.0
v -12.875 8.5 1.0
v -13.125 8.5 1.0
v -12.875 8.0 1.0
v -13.125 8.0 1.0
v -12.875 9.0 0.0
v -13.125 9.0 0.0
v -12.0 9.103553 0.146447
v -13.0 9.103553 0.146447
v -12.0 8.396447 0.853553
v -13.0 8.396447 0.853553
v -12.5 8.396447 0.853553
v -12.5 9.103553 0.146447
v -12.0 8.0 1.0
v -12.5 8.0 1.0
v -13.0 8.0 1.0
v -11.875 9.5 0.0
v -12.125 9.5 0.0
v -11.875 8.5 1.0
v -12.125 8.5 1.0
v -11.875 8.0 1.0
v -12.125 8.0 1.0
v -11.875 9.0 0.0
v -12.125 9.0 0.0
v -11.0 -14.0 1.303222
v -11.0 -12.0 1.303222
v -11.0 -14.0 4.625
v -11.0 -12.0 4.625
v -12.0 -14.0 1.321776
v -10.0 -14.0 1.321776
v -12.0 -12.0 1.321776
v -10.0 -12.0 1.321776
v -12.0 -13.0 1.303222
v -10.0 -13.0 1.303222
v -12.0 -13.0 4.625
v -10.0 -13.0 4.625
v -12.0 -14.0 4.0185537
v -10.0 -14.0 4.0185537
v -12.0 -12.0 4.0185537
v -10.0 -12.0 4.0185537
v -12.0 -14.0 2.5625
v -10.0 -14.0 2.5625
v -12.0 -12.0 2.5625
v -10.0 -12.0 2.5625
v -11.0 2.5 5.75
v -11.0 3.0 5.0
v -12.0 3.0 5.0
v -12.0 2.500001 5.75
v -11.0 2.0 6.0
v -12.0 2.0 6.0
v -11.0 3.5 4.75
v -11.0 4.0 4.0
v -12.0 4.0 4.0
v -12.0 3.500001 4.75
v -11.0 3.0 5.0
v -12.0 3.0 5.0
v -11.0 4.5 3.75
v -11.0 5.0 3.0
v -12.0 5.0 3.0
v -12.0 4.500001 3.75
v -11.0 4.0 4.0
v -12.0 4.0 4.0
v -11.0 5.5 2.75
v -11.0 6.0 2.0
v -12.0 6.0 2.0
v -12.0 5.500001 2.75
v -11.0 5.0 3.0
v -12.0 5.0 3.0
v -11.0 6.5 1.75
v -11.0 7.0 1.0
v -12.0 7.0 1.0
v -12.0 6.500001 1.75
v -11.0 6.0 2.0
v -12.0 6.0 2.0
v -11.0 8.5 0.75
v -11.0 9.0 0.0
v -12.0 9.0 0.0
v -12.0 8.500001 0.75
v -11.0 8.0 1.0
v -12.0 8.0 1.0
v -10.0 -11.0 2.303222
v -10.0 -9.0 2.303222
v -10.0 -11.0 5.625
v -10.0 -9.0 5.625
v -11.0 -11.0 2.321776
v -9.0 -11.0 2.321776
v -11.0 -9.0 2.321776
v -9.0 -9.0 2.321776
v -11.0 -10.0 2.303222
v -9.0 -10.0 2.303222
v -11.0 -10.0 5.625
v -9.0 -10.0 5.625
v -11.0 -11.0 5.0185537
v -9.0 -11.0 5.0185537
v -11.0 -9.0 5.0185537
v -9.0 -9.0 5.0185537
v -11.0 -11.0 3.5625
v -9.0 -11.0 3.5625
v -11.0 -9.0 3.5625
v -9.0 -9.0 3.5625
v -10.498437 -0.0019530058 5.75
v -9.998437 -0.0019530058 5.0
v -9.998437 0.998047 5.0
v -10.498437 0.998047 5.75
v -9.998437 0.498047 5.75
v -10.998437 0.998047 5.0
v -10.998437 0.498048 5.75
v -10.998437 -0.0019530058 6.0
v -10.998437 0.998047 6.0
v -9.998437 -0.0019530058 6.0
v -10.5 1.0 5.75
v -10.0 1.0 5.0
v -10.0 2.0 5.0
v -10.499999 2.0 5.75
v -11.0 1.0 6.0
v -11.0 2.0 6.0
v -10.498828 1.998047 5.75
v -10.248828 2.7480469 5.0
v -10.998828 2.4980469 5.75
v -9.998828 1.998047 5.0
v -10.998828 2.9980469 5.0
v -10.998828 1.998047 6.0
v -10.0 3.5 4.75
v -10.0 4.0 4.0
v -11.0 4.0 4.0
v -11.0 3.500001 4.75
v -10.0 3.0 5.0
v -11.0 3.0 5.0
v -9.0 4.5 3.75
v -9.0 5.0 3.0
v -11.0 5.0 3.0
v -11.0 4.500001 3.75
v -9.0 4.0 4.0
v -11.0 4.0 4.0
v -9.0 5.5 2.75
v -9.0 6.0 2.0
v -11.0 6.0 2.0
v -11.0 5.500001 2.75
v -9.0 5.0 3.0
v -11.0 5.0 3.0
v -10.0 6.5 1.75
v -10.0 7.0 1.0
v -11.0 7.0 1.0
v -11.0 6.500001 1.75
v -10.0 6.0 2.0
v -11.0 6.0 2.0
v -9.998047 8.501563 0.75
v -9.998047 9.001563 0.0
v -10.998047 9.001563 0.0
v -10.998047 8.501563 0.75
v -10.498047 9.001563 0.75
v -10.998047 8.001563 0.0
v -10.498048 8.001563 0.75
v -9.998047 8.001563 1.0
v -10.998047 8.001563 1.0
v -9.998047 9.001563 1.0
v -10.5 11.0 0.75
v -11.0 11.0 0.0
v -11.0 9.0 0.0
v -10.500001 9.0 0.75
v -10.0 11.0 1.0
v -10.0 9.0 1.0
v -9.998047 11.501172 0.75
v -10.748047 11.751172 0.0
v -10.498047 11.001172 0.75
v -9.998047 12.001172 0.0
v -10.998047 11.001172 0.0
v -9.998047 11.001172 1.0
v -9.0 -14.0 1.303222
v -9.0 -12.0 1.303222
v -9.0 -14.0 4.625
v -9.0 -12.0 4.625
v -10.0 -14.0 1.321776
v -8.0 -14.0 1.321776
v -10.0 -12.0 1.321776
v -8.0 -12.0 1.321776
v -10.0 -13.0 1.303222
v -8.0 -13.0 1.303222
v -10.0 -13.0 4.625
v -8.0 -13.0 4.625
v -10.0 -14.0 4.0185537
v -8.0 -14.0 4.0185537
v -10.0 -12.0 4.0185537
v -8.0 -12.0 4.0185537
v -10.0 -14.0 2.5625
v -8.0 -14.0 2.5625
v -10.0 -12.0 2.5625
v -8.0 -12.0 2.5625
v -7.0 -1.0 6.187499
v -10.0 -1.0 6.187499
v -10.0 -4.0 6.187499
v -7.0 -4.0 6.187499
v -10.0 -2.500001 10.75
v -7.0 -2.500001 10.75
v -7.0 -2.5 6.187499
v -10.0 -2.5 6.187499
v -8.5 -4.000001 10.749999
v -8.5 -1.000001 10.75
v -8.5 -1.0 6.187499
v -8.5 -4.0 6.187499
v -7.0 -4.0 7.624999
v -7.0 -1.0 7.624999
v -10.0 -1.0 7.624999
v -10.0 -4.0 7.624999
v -3.0 0.5 5.75
v -3.0 1.0 5.0
v -10.0 1.0 5.0
v -10.0 0.500001 5.75
v -3.0 0.0 6.0
v -10.0 0.0 6.0
v -9.498437 0.998047 4.75
v -8.998437 0.998047 4.0
v -8.998437 1.998047 4.0
v -9.498437 1.998047 4.75
v -8.998437 1.498047 4.75
v -9.998437 1.998047 4.0
v -9.998437 1.4980481 4.75
v -9.998437 0.998047 5.0
v -9.998437 1.998047 5.0
v -8.998437 0.998047 5.0
v -9.5 2.0 4.75
v -9.0 2.0 4.0
v -9.0 3.0 4.0
v -9.499999 3.0 4.75
v -10.0 2.0 5.0
v -10.0 3.0 5.0
v -9.498828 2.9980469 4.75
v -9.248828 3.7480469 4.0
v -9.998828 3.4980469 4.75
v -8.998828 2.9980469 4.0
v -9.998828 3.9980469 4.0
v -9.998828 2.9980469 5.0
v -8.998047 6.501563 1.75
v -8.998047 7.001563 1.0
v -9.998047 7.001563 1.0
v -9.998047 6.501563 1.75
v -9.498047 7.001563 1.75
v -9.998047 6.001563 1.0
v -9.498048 6.001563 1.75
v -8.998047 6.001563 2.0
v -9.998047 6.001563 2.0
v -8.998047 7.001563 2.0
v -9.5 10.0 1.75
v -10.0 10.0 1.0
v -10.0 7.0 1.0
v -9.500001 7.0 1.75
v -9.0 10.0 2.0
v -9.0 7.0 2.0
v -8.998047 10.501172 1.75
v -9.748047 10.751172 1.0
v -9.498047 10.001172 1.75
v -8.998047 11.001172 1.0
v -9.998047 10.001172 1.0
v -8.998047 10.001172 2.0
v -8.0 11.5 0.75
v -8.0 12.0 0.0
v -10.0 12.0 0.0
v -10.0 11.500001 0.75
v -8.0 11.0 1.0
v -10.0 11.0 1.0
v -8.0 -11.0 2.303222
v -8.0 -9.0 2.303222
v -8.0 -11.0 5.625
v -8.0 -9.0 5.625
v -9.0 -11.0 2.321776
v -7.0 -11.0 2.321776
v -9.0 -9.0 2.321776
v -7.0 -9.0 2.321776
v -9.0 -10.0 2.303222
v -7.0 -10.0 2.303222
v -9.0 -10.0 5.625
v -7.0 -10.0 5.625
v -9.0 -11.0 5.0185537
v -7.0 -11.0 5.0185537
v -9.0 -9.0 5.0185537
v -7.0 -9.0 5.0185537
v -9.0 -11.0 3.5625
v -7.0 -11.0 3.5625
v -9.0 -9.0 3.5625
v -7.0 -9.0 3.5625
v -4.0 1.5 4.75
v -4.0 2.0 4.0
v -9.0 2.0 4.0
v -9.0 1.500001 4.75
v -4.0 1.0 5.0
v -9.0 1.0 5.0
v -8.498437 1.998047 3.75
v -7.998437 1.998047 3.0
v -7.998437 2.9980469 3.0
v -8.498437 2.9980469 3.75
v -7.998437 2.4980469 3.75
v -8.998437 2.9980469 3.0
v -8.998437 2.498048 3.75
v -8.998437 1.998047 4.0
v -8.998437 2.9980469 4.0
v -7.998437 1.998047 4.0
v -8.5 3.0 3.75
v -8.0 3.0 3.0
v -8.0 4.0 3.0
v -8.499999 4.0 3.75
v -9.0 3.0 4.0
v -9.0 4.0 4.0
v -8.498828 3.9980469 3.75
v -8.248828 4.748047 3.0
v -8.998828 4.498047 3.75
v -7.998828 3.9980469 3.0
v -8.998828 4.998047 3.0
v -8.998828 3.9980469 4.0
v -7.998047 5.501563 2.75
v -7.998047 6.001563 2.0
v -8.998047 6.001563 2.0
v -8.998047 5.501563 2.75
v -8.498047 6.001563 2.75
v -8.998047 5.001563 2.0
v -8.498048 5.001563 2.75
v -7.998047 5.001563 3.0
v -8.998047 5.001563 3.0
v -7.998047 6.001563 3.0
v -7.998047 6.501172 2.75
v -8.748047 6.751172 2.0
v -8.498047 6.001172 2.75
v -7.998047 7.001172 2.0
v -8.998047 6.001172 2.0
v -7.998047 6.001172 3.0
v -6.0 10.0 2.187499
v -9.0 10.0 2.187499
v -9.0 7.0 2.187499
v -6.0 7.0 2.187499
v -9.0 8.499999 6.75
v -6.0 8.499999 6.75
v -6.0 8.5 2.187499
v -9.0 8.5 2.187499
v -7.5 6.999999 6.749999
v -7.5 9.999999 6.75
v -7.5 10.0 2.187499
v -7.5 7.0 2.187499
v -6.0 7.0 3.624999
v -6.0 10.0 3.624999
v -9.0 10.0 3.624999
v -9.0 7.0 3.624999
v -7.0 10.5 1.75
v -7.0 11.0 1.0
v -9.0 11.0 1.0
v -9.0 10.500001 1.75
v -7.0 10.0 2.0
v -9.0 10.0 2.0
v -8.0 -14.5 0.75
v -8.0 -15.0 0.0
v -6.0 -15.0 0.0
v -6.0 -14.500001 0.75
v -8.0 -14.0 1.0
v -6.0 -14.0 1.0
v -7.0 -14.0 1.303222
v -7.0 -12.0 1.303222
v -7.0 -14.0 4.625
v -7.0 -12.0 4.625
v -8.0 -14.0 1.321776
v -6.0 -14.0 1.321776
v -8.0 -12.0 1.321776
v -6.0 -12.0 1.321776
v -8.0 -13.0 1.303222
v -6.0 -13.0 1.303222
v -8.0 -13.0 4.625
v -6.0 -13.0 4.625
v -8.0 -14.0 4.0185537
v -6.0 -14.0 4.0185537
v -8.0 -12.0 4.0185537
v -6.0 -12.0 4.0185537
v -8.0 -14.0 2.5625
v -6.0 -14.0 2.5625
v -8.0 -12.0 2.5625
v -6.0 -12.0 2.5625
v -8.0 -11.5 1.75
v -8.0 -12.0 1.0
v -6.0 -12.0 1.0
v -6.0 -11.500001 1.75
v -8.0 -11.0 2.0
v -6.0 -11.0 2.0
v -8.0 -8.5 2.75
v -8.0 -9.0 2.0
v -5.0 -9.0 2.0
v -5.0 -8.500001 2.75
v -8.0 -8.0 3.0
v -5.0 -8.0 3.0
v -8.0 -7.5 3.75
v -8.0 -8.0 3.0
v 0.0 -8.0 3.0
v 0.0 -7.500001 3.75
v -8.0 -7.0 4.0
v 0.0 -7.0 4.0
v -8.0 -6.5 4.75
v -8.0 -7.0 4.0
v 0.0 -7.0 4.0
v 0.0 -6.500001 4.75
v -8.0 -6.0 5.0
v 0.0 -6.0 5.0
v -8.0 -5.5 5.75
v -8.0 -6.0 5.0
v 0.0 -6.0 5.0
v 0.0 -5.500001 5.75
v -8.0 -5.0 6.0
v 0.0 -5.0 6.0
v -5.0 2.5 3.75
v -5.0 3.0 3.0
v -8.0 3.0 3.0
v -8.0 2.500001 3.75
v -5.0 2.0 4.0
v -8.0 2.0 4.0
v -5.0 6.0 3.187499
v -8.0 6.0 3.187499
v -8.0 3.0 3.187499
v -5.0 3.0 3.187499
v -8.0 4.499999 7.75
v -5.0 4.499999 7.75
v -5.0 4.5 3.187499
v -8.0 4.5 3.187499
v -6.5 2.999999 7.749999
v -6.5 5.999999 7.75
v -6.5 6.0 3.187499
v -6.5 3.0 3.187499
v -5.0 3.0 4.624999
v -5.0 6.0 4.624999
v -8.0 6.0 4.624999
v -8.0 3.0 4.624999
v -6.0 6.5 2.75
v -6.0 7.0 2.0
v -8.0 7.0 2.0
v -8.0 6.500001 2.75
v -6.0 6.0 3.0
v -8.0 6.0 3.0
v -6.998047 11.501563 0.75
v -6.998047 12.001563 0.0
v -7.998047 12.001563 0.0
v -7.998047 11.501563 0.75
v -7.498047 12.001563 0.75
v -7.998047 11.001563 0.0
v -7.498048 11.001563 0.75
v -6.998047 11.001563 1.0
v -7.998047 11.001563 1.0
v -6.998047 12.001563 1.0
v -7.5 16.0 0.75
v -8.0 16.0 0.0
v -8.0 12.0 0.0
v -7.500001 12.0 0.75
v -7.0 16.0 1.0
v -7.0 12.0 1.0
v -6.0 -11.0 2.303222
v -6.0 -9.0 2.303222
v -6.0 -11.0 5.625
v -6.0 -9.0 5.625
v -7.0 -11.0 2.321776
v -5.0 -11.0 2.321776
v -7.0 -9.0 2.321776
v -5.0 -9.0 2.321776
v -7.0 -10.0 2.303222
v -5.0 -10.0 2.303222
v -7.0 -10.0 5.625
v -5.0 -10.0 5.625
v -7.0 -11.0 5.0185537
v -5.0 -11.0 5.0185537
v -7.0 -9.0 5.0185537
v -5.0 -9.0 5.0185537
v -7.0 -11.0 3.5625
v -5.0 -11.0 3.5625
v -7.0 -9.0 3.5625
v -5.0 -9.0 3.5625
v -5.998047 10.501563 1.75
v -5.998047 11.001563 1.0
v -6.998047 11.001563 1.0
v -6.998047 10.501563 1.75
v -6.498047 11.001563 1.75
v -6.998047 10.001563 1.0
v -6.498048 10.001563 1.75
v -5.998047 10.001563 2.0
v -6.998047 10.001563 2.0
v -5.998047 11.001563 2.0
v -6.5 16.0 1.75
v -7.0 16.0 1.0
v -7.0 11.0 1.0
v -6.500001 11.0 1.75
v -6.0 16.0 2.0
v -6.0 11.0 2.0
v -5.5 -15.0 0.75
v -6.0 -15.0 0.0
v -6.0 -16.0 0.0
v -5.500001 -16.0 0.75
v -5.0 -15.0 1.0
v -5.0 -16.0 1.0
v -5.501563 -13.998047 0.75
v -6.001563 -13.998047 0.0
v -6.001563 -14.998047 0.0
v -5.501563 -14.998047 0.75
v -6.001563 -14.498047 0.75
v -5.001563 -14.998047 0.0
v -5.001563 -14.498048 0.75
v -5.001563 -13.998047 1.0
v -5.001563 -14.998047 1.0
v -6.001563 -13.998047 1.0
v -5.501172 -12.998047 1.75
v -5.751172 -13.748047 1.0
v -5.001172 -13.498047 1.75
v -6.001172 -12.998047 1.0
v -5.001172 -13.998047 1.0
v -5.001172 -12.998047 2.0
v -5.5 -12.0 1.75
v -6.0 -12.0 1.0
v -6.0 -13.0 1.0
v -5.500001 -13.0 1.75
v -5.0 -12.0 2.0
v -5.0 -13.0 2.0
v -5.501563 -10.998047 1.75
v -6.001563 -10.998047 1.0
v -6.001563 -11.998047 1.0
v -5.501563 -11.998047 1.75
v -6.001563 -11.498047 1.75
v -5.001563 -11.998047 1.0
v -5.001563 -11.498048 1.75
v -5.001563 -10.998047 2.0
v -5.001563 -11.998047 2.0
v -6.001563 -10.998047 2.0
v -3.0 -1.0 6.187499
v -6.0 -1.0 6.187499
v -6.0 -4.0 6.187499
v -3.0 -4.0 6.187499
v -6.0 -2.500001 10.75
v -3.0 -2.500001 10.75
v -3.0 -2.5 6.187499
v -6.0 -2.5 6.187499
v -4.5 -4.000001 10.749999
v -4.5 -1.000001 10.75
v -4.5 -1.0 6.187499
v -4.5 -4.0 6.187499
v -3.0 -4.0 7.624999
v -3.0 -1.0 7.624999
v -6.0 -1.0 7.624999
v -6.0 -4.0 7.624999
v -4.998047 6.501563 2.75
v -4.998047 7.001563 2.0
v -5.998047 7.001563 2.0
v -5.998047 6.501563 2.75
v -5.498047 7.001563 2.75
v -5.998047 6.001563 2.0
v -5.498048 6.001563 2.75
v -4.998047 6.001563 3.0
v -5.998047 6.001563 3.0
v -4.998047 7.001563 3.0
v -5.5 15.0 2.75
v -6.0 15.0 2.0
v -6.0 7.0 2.0
v -5.500001 7.0 2.75
v -5.0 15.0 3.0
v -5.0 7.0 3.0
v -5.5 16.0 2.75
v -6.0 16.0 2.0
v -6.0 15.0 2.0
v -5.500001 15.0 2.75
v -5.0 16.0 3.0
v -5.0 15.0 3.0
v -5.0 -13.5 1.75
v -5.0 -14.0 1.0
v 1.0 -14.0 1.0
v 1.0 -13.500001 1.75
v -5.0 -13.0 2.0
v 1.0 -13.0 2.0
v -4.0 -13.0 2.303222
v -4.0 -11.0 2.303222
v -4.0 -13.0 5.625
v -4.0 -11.0 5.625
v -5.0 -13.0 2.321776
v -3.0 -13.0 2.321776
v -5.0 -11.0 2.321776
v -3.0 -11.0 2.321776
v -5.0 -12.0 2.303222
v -3.0 -12.0 2.303222
v -5.0 -12.0 5.625
v -3.0 -12.0 5.625
v -5.0 -13.0 5.0185537
v -3.0 -13.0 5.0185537
v -5.0 -11.0 5.0185537
v -3.0 -11.0 5.0185537
v -5.0 -13.0 3.5625
v -3.0 -13.0 3.5625
v -5.0 -11.0 3.5625
v -3.0 -11.0 3.5625
v -4.501172 -9.998047 2.75
v -4.751172 -10.748047 2.0
v -4.001172 -10.498047 2.75
v -5.001172 -9.998047 2.0
v -4.001172 -10.998047 2.0
v -4.001172 -9.998047 3.0
v -4.5 -9.0 2.75
v -5.0 -9.0 2.0
v -5.0 -10.0 2.0
v -4.500001 -10.0 2.75
v -4.0 -9.0 3.0
v -4.0 -10.0 3.0
v -4.501563 -7.998047 2.75
v -5.001563 -7.998047 2.0
v -5.001563 -8.998047 2.0
v -4.501563 -8.998047 2.75
v -5.001563 -8.498047 2.75
v -4.001563 -8.998047 2.0
v -4.001563 -8.498048 2.75
v -4.001563 -7.998047 3.0
v -4.001563 -8.998047 3.0
v -5.001563 -7.998047 3.0
v -3.9980469 2.501563 3.75
v -3.9980469 3.001563 3.0
v -4.998047 3.001563 3.0
v -4.998047 2.501563 3.75
v -4.498047 3.001563 3.75
v -4.998047 2.001563 3.0
v -4.498048 2.001563 3.75
v -3.9980469 2.001563 4.0
v -4.998047 2.001563 4.0
v -3.9980469 3.001563 4.0
v -4.5 11.0 3.75
v -5.0 11.0 3.0
v -5.0 3.0 3.0
v -4.500001 3.0 3.75
v -4.0 11.0 4.0
v -4.0 3.0 4.0
v -4.5 16.0 3.75
v -5.0 16.0 3.0
v -5.0 11.0 3.0
v -4.500001 11.0 3.75
v -4.0 16.0 4.0
v -4.0 11.0 4.0
v -4.0 -10.5 2.75
v -4.0 -11.0 2.0
v 1.0 -11.0 2.0
v 1.0 -10.500001 2.75
v -4.0 -10.0 3.0
v 1.0 -10.0 3.0
v -3.0 -10.0 3.303222
v -3.0 -8.0 3.303222
v -3.0 -10.0 6.625
v -3.0 -8.0 6.625
v -4.0 -10.0 3.321776
v -2.0 -10.0 3.321776
v -4.0 -8.0 3.321776
v -2.0 -8.0 3.321776
v -4.0 -9.0 3.303222
v -2.0 -9.0 3.303222
v -4.0 -9.0 6.625
v -2.0 -9.0 6.625
v -4.0 -10.0 6.0185537
v -2.0 -10.0 6.0185537
v -4.0 -8.0 6.0185537
v -2.0 -8.0 6.0185537
v -4.0 -10.0 4.5625
v -2.0 -10.0 4.5625
v -4.0 -8.0 4.5625
v -2.0 -8.0 4.5625
v -2.9980469 1.5015631 4.75
v -2.9980469 2.001563 4.0
v -3.9980469 2.001563 4.0
v -3.9980469 1.5015631 4.75
v -3.4980469 2.001563 4.75
v -3.9980469 1.0015631 4.0
v -3.498048 1.0015631 4.75
v -2.9980469 1.0015631 5.0
v -3.9980469 1.0015631 5.0
v -2.9980469 2.001563 5.0
v -3.5 10.0 4.75
v -4.0 10.0 4.0
v -4.0 2.0 4.0
v -3.500001 2.0 4.75
v -3.0 10.0 5.0
v -3.0 2.0 5.0
v -3.5 16.0 4.75
v -4.0 16.0 4.0
v -4.0 10.0 4.0
v -3.500001 10.0 4.75
v -3.0 16.0 5.0
v -3.0 10.0 5.0
v -2.0 -13.0 2.303222
v -2.0 -11.0 2.303222
v -2.0 -13.0 5.625
v -2.0 -11.0 5.625
v -3.0 -13.0 2.321776
v -1.0 -13.0 2.321776
v -3.0 -11.0 2.321776
v -1.0 -11.0 2.321776
v -3.0 -12.0 2.303222
v -1.0 -12.0 2.303222
v -3.0 -12.0 5.625
v -1.0 -12.0 5.625
v -3.0 -13.0 5.0185537
v -1.0 -13.0 5.0185537
v -3.0 -11.0 5.0185537
v -1.0 -11.0 5.0185537
v -3.0 -13.0 3.5625
v -1.0 -13.0 3.5625
v -3.0 -11.0 3.5625
v -1.0 -11.0 3.5625
v -1.998047 0.501563 5.75
v -1.998047 1.001563 5.0
v -2.9980469 1.001563 5.0
v -2.9980469 0.501563 5.75
v -2.4980469 1.001563 5.75
v -2.9980469 0.0015630126 5.0
v -2.498048 0.0015630126 5.75
v -1.998047 0.0015630126 6.0
v -2.9980469 0.0015630126 6.0
v -1.998047 1.001563 6.0
v -2.5 9.0 5.75
v -3.0 9.0 5.0
v -3.0 1.0 5.0
v -2.500001 1.0 5.75
v -2.0 9.0 6.0
v -2.0 1.0 6.0
v -2.5 16.0 5.75
v -3.0 16.0 5.0
v -3.0 9.0 5.0
v -2.500001 9.0 5.75
v -2.0 16.0 6.0
v -2.0 9.0 6.0
v -1.0 -10.0 3.303222
v -1.0 -8.0 3.303222
v -1.0 -10.0 6.625
v -1.0 -8.0 6.625
v -2.0 -10.0 3.321776
v 0.0 -10.0 3.321776
v -2.0 -8.0 3.321776
v 0.0 -8.0 3.321776
v -2.0 -9.0 3.303222
v 0.0 -9.0 3.303222
v -2.0 -9.0 6.625
v 0.0 -9.0 6.625
v -2.0 -10.0 6.0185537
v 0.0 -10.0 6.0185537
v -2.0 -8.0 6.0185537
v 0.0 -8.0 6.0185537
v -2.0 -10.0 4.5625
v 0.0 -10.0 4.5625
v -2.0 -8.0 4.5625
v 0.0 -8.0 4.5625
v -1.0 1.0 6.3032217
v -1.0 3.0 6.3032217
v -1.0 1.0 9.625
v -1.0 3.0 9.625
v -2.0 1.0 6.321776
v 0.0 1.0 6.321776
v -2.0 3.0 6.321776
v 0.0 3.0 6.321776
v -2.0 2.0 6.3032217
v 0.0 2.0 6.3032217
v -2.0 2.0 9.625
v 0.0 2.0 9.625
v -2.0 1.0 9.018554
v 0.0 1.0 9.018554
v -2.0 3.0 9.018554
v 0.0 3.0 9.018554
v -2.0 1.0 7.5625
v 0.0 1.0 7.5625
v -2.0 3.0 7.5625
v 0.0 3.0 7.5625
v -1.5011721 4.001953 6.75
v -1.7511721 3.2519531 6.0
v -1.0011721 3.5019531 6.75
v -2.001172 4.001953 6.0
v -1.0011721 3.0019531 6.0
v -1.0011721 4.001953 7.0
v -1.5 12.0 6.75
v -2.0 12.0 6.0
v -2.0 4.0 6.0
v -1.500001 4.0 6.75
v -1.0 12.0 7.0
v -1.0 4.0 7.0
v -1.5 16.0 6.75
v -2.0 16.0 6.0
v -2.0 12.0 6.0
v -1.500001 12.0 6.75
v -1.0 16.0 7.0
v -1.0 12.0 7.0
v 0.0 -13.0 2.303222
v 0.0 -11.0 2.303222
v 0.0 -13.0 5.625
v 0.0 -11.0 5.625
v -1.0 -13.0 2.321776
v 1.0 -13.0 2.321776
v -1.0 -11.0 2.321776
v 1.0 -11.0 2.321776
v -1.0 -12.0 2.303222
v 1.0 -12.0 2.303222
v -1.0 -12.0 5.625
v 1.0 -12.0 5.625
v -1.0 -13.0 5.0185537
v 1.0 -13.0 5.0185537
v -1.0 -11.0 5.0185537
v 1.0 -11.0 5.0185537
v -1.0 -13.0 3.5625
v 1.0 -13.0 3.5625
v -1.0 -11.0 3.5625
v 1.0 -11.0 3.5625
v -1.0 3.5 6.75
v -1.0 3.0 6.0
v 1.0 3.0 6.0
v 1.0 3.499999 6.75
v -1.0 4.0 7.0
v 1.0 4.0 7.0
v 0.0 4.0 7.3032217
v 0.0 6.0 7.3032217
v 0.0 4.0 10.625
v 0.0 6.0 10.625
v -1.0 4.0 7.321776
v 1.0 4.0 7.321776
v -1.0 6.0 7.321776
v 1.0 6.0 7.321776
v -1.0 5.0 7.3032217
v 1.0 5.0 7.3032217
v -1.0 5.0 10.625
v 1.0 5.0 10.625
v -1.0 4.0 10.018554
v 1.0 4.0 10.018554
v -1.0 6.0 10.018554
v 1.0 6.0 10.018554
v -1.0 4.0 8.5625
v 1.0 4.0 8.5625
v -1.0 6.0 8.5625
v 1.0 6.0 8.5625
v 0.0 6.0 7.3032217
v 0.0 8.0 7.3032217
v 0.0 6.0 10.625
v 0.0 8.0 10.625
v -1.0 6.0 7.321776
v 1.0 6.0 7.321776
v -1.0 8.0 7.321776
v 1.0 8.0 7.321776
v -1.0 7.0 7.3032217
v 1.0 7.0 7.3032217
v -1.0 7.0 10.625
v 1.0 7.0 10.625
v -1.0 6.0 10.018554
v 1.0 6.0 10.018554
v -1.0 8.0 10.018554
v 1.0 8.0 10.018554
v -1.0 6.0 8.5625
v 1.0 6.0 8.5625
v -1.0 8.0 8.5625
v 1.0 8.0 8.5625
v 2.0 11.0 7.187499
v -1.0 11.0 7.187499
v -1.0 8.0 7.187499
v 2.0 8.0 7.187499
v -1.0 9.499999 11.75
v 2.0 9.499999 11.75
v 2.0 9.5 7.187499
v -1.0 9.5 7.187499
v 0.5 7.999999 11.749999
v 0.5 10.999999 11.75
v 0.5 11.0 7.187499
v 0.5 8.0 7.187499
v 2.0 8.0 8.624999
v 2.0 11.0 8.624999
v -1.0 11.0 8.624999
v -1.0 8.0 8.624999
v 0.0 11.0 7.3032217
v 0.0 13.0 7.3032217
v 0.0 11.0 10.625
v 0.0 13.0 10.625
v -1.0 11.0 7.321776
v 1.0 11.0 7.321776
v -1.0 13.0 7.321776
v 1.0 13.0 7.321776
v -1.0 12.0 7.3032217
v 1.0 12.0 7.3032217
v -1.0 12.0 10.625
v 1.0 12.0 10.625
v -1.0 11.0 10.018554
v 1.0 11.0 10.018554
v -1.0 13.0 10.018554
v 1.0 13.0 10.018554
v -1.0 11.0 8.5625
v 1.0 11.0 8.5625
v -1.0 13.0 8.5625
v 1.0 13.0 8.5625
v 0.0 13.0 7.3032217
v 0.0 15.0 7.3032217
v 0.0 13.0 10.625
v 0.0 15.0 10.625
v -1.0 13.0 7.321776
v 1.0 13.0 7.321776
v -1.0 15.0 7.321776
v 1.0 15.0 7.321776
v -1.0 14.0 7.3032217
v 1.0 14.0 7.3032217
v -1.0 14.0 10.625
v 1.0 14.0 10.625
v -1.0 13.0 10.018554
v 1.0 13.0 10.018554
v -1.0 15.0 10.018554
v 1.0 15.0 10.018554
v -1.0 13.0 8.5625
v 1.0 13.0 8.5625
v -1.0 15.0 8.5625
v 1.0 15.0 8.5625
v 2.0 18.0 7.187499
v -1.0 18.0 7.187499
v -1.0 15.0 7.187499
v 2.0 15.0 7.187499
v -1.0 16.5 11.75
v 2.0 16.5 11.75
v 2.0 16.5 7.187499
v -1.0 16.5 7.187499
v 0.5 14.999999 11.749999
v 0.5 18.0 11.75
v 0.5 18.0 7.187499
v 0.5 15.0 7.187499
v 2.0 15.0 8.624999
v 2.0 18.0 8.624999
v -1.0 18.0 8.624999
v -1.0 15.0 8.624999
v 1.0 -10.0 3.303222
v 1.0 -8.0 3.303222
v 1.0 -10.0 6.625
v 1.0 -8.0 6.625
v 0.0 -10.0 3.321776
v 2.0 -10.0 3.321776
v 0.0 -8.0 3.321776
v 2.0 -8.0 3.321776
v 0.0 -9.0 3.303222
v 2.0 -9.0 3.303222
v 0.0 -9.0 6.625
v 2.0 -9.0 6.625
v 0.0 -10.0 6.0185537
v 2.0 -10.0 6.0185537
v 0.0 -8.0 6.0185537
v 2.0 -8.0 6.0185537
v 0.0 -10.0 4.5625
v 2.0 -10.0 4.5625
v 0.0 -8.0 4.5625
v 2.0 -8.0 4.5625
v 0.0 -7.5 3.75
v 0.0 -8.0 3.0
v 2.0 -8.0 3.0
v 2.0 -7.500001 3.75
v 0.0 -7.0 4.0
v 2.0 -7.0 4.0
v 0.0 -6.5 4.75
v 0.0 -7.0 4.0
v 3.0 -7.0 4.0
v 3.0 -6.500001 4.75
v 0.0 -6.0 5.0
v 3.0 -6.0 5.0
v 0.0 -5.5 5.75
v 0.0 -6.0 5.0
v 2.0 -6.0 5.0
v 2.0 -5.500001 5.75
v 0.0 -5.0 6.0
v 2.0 -5.0 6.0
v 1.0 -5.0 6.3032217
v 1.0 -3.0 6.3032217
v 1.0 -5.0 9.625
v 1.0 -3.0 9.625
v 0.0 -5.0 6.321776
v 2.0 -5.0 6.321776
v 0.0 -3.0 6.321776
v 2.0 -3.0 6.321776
v 0.0 -4.0 6.3032217
v 2.0 -4.0 6.3032217
v 0.0 -4.0 9.625
v 2.0 -4.0 9.625
v 0.0 -5.0 9.018554
v 2.0 -5.0 9.018554
v 0.0 -3.0 9.018554
v 2.0 -3.0 9.018554
v 0.0 -5.0 7.5625
v 2.0 -5.0 7.5625
v 0.0 -3.0 7.5625
v 2.0 -3.0 7.5625
v 1.5 -14.0 1.75
v 1.0 -14.0 1.0
v 1.0 -16.0 1.0
v 1.499999 -16.0 1.75
v 2.0 -14.0 2.0
v 2.0 -16.0 2.0
v 1.4984369 -12.998047 1.75
v 0.99843705 -12.998047 1.0
v 0.99843705 -13.998047 1.0
v 1.4984369 -13.998047 1.75
v 0.99843705 -13.498047 1.75
v 1.9984369 -13.998047 1.0
v 1.9984369 -13.498048 1.75
v 1.9984369 -12.998047 2.0
v 1.9984369 -13.998047 2.0
v 0.99843705 -12.998047 2.0
v 1.4988279 -11.998047 2.75
v 1.2488279 -12.748047 2.0
v 1.9988279 -12.498047 2.75
v 0.99882805 -11.998047 2.0
v 1.9988279 -12.998047 2.0
v 1.9988279 -11.998047 3.0
v 1.5 -11.0 2.75
v 1.0 -11.0 2.0
v 1.0 -12.0 2.0
v 1.499999 -12.0 2.75
v 2.0 -11.0 3.0
v 2.0 -12.0 3.0
v 1.4984369 -9.998047 2.75
v 0.99843705 -9.998047 2.0
v 0.99843705 -10.998047 2.0
v 1.4984369 -10.998047 2.75
v 0.99843705 -10.498047 2.75
v 1.9984369 -10.998047 2.0
v 1.9984369 -10.498048 2.75
v 1.9984369 -9.998047 3.0
v 1.9984369 -10.998047 3.0
v 0.99843705 -9.998047 3.0
v 0.998047 3.498828 6.75
v 1.748047 3.248828 6.0
v 1.498047 3.998828 6.75
v 0.998047 2.998828 6.0
v 1.998047 3.998828 6.0
v 0.998047 3.998828 7.0
v 0.998047 4.498437 6.75
v 0.998047 3.998437 6.0
v 1.998047 3.998437 6.0
v 1.998047 4.498437 6.75
v 1.498047 3.998437 6.75
v 1.998047 4.998437 6.0
v 1.4980481 4.998437 6.75
v 0.998047 4.998437 7.0
v 1.998047 4.998437 7.0
v 0.998047 3.998437 7.0
v 5.0 -13.0 2.187499
v 2.0 -13.0 2.187499
v 2.0 -16.0 2.187499
v 5.0 -16.0 2.187499
v 2.0 -14.500001 6.75
v 5.0 -14.500001 6.75
v 5.0 -14.5 2.187499
v 2.0 -14.5 2.187499
v 3.5 -16.0 6.749999
v 3.5 -13.000001 6.75
v 3.5 -13.0 2.187499
v 3.5 -16.0 2.187499
v 5.0 -16.0 3.624999
v 5.0 -13.0 3.624999
v 2.0 -13.0 3.624999
v 2.0 -16.0 3.624999
v 2.0 -12.5 2.75
v 2.0 -13.0 2.0
v 10.0 -13.0 2.0
v 10.0 -12.500001 2.75
v 2.0 -12.0 3.0
v 10.0 -12.0 3.0
v 2.498828 -10.998047 3.75
v 2.248828 -11.748047 3.0
v 2.998828 -11.498047 3.75
v 1.998828 -10.998047 3.0
v 2.998828 -11.998047 3.0
v 2.998828 -10.998047 4.0
v 2.5 -8.0 3.75
v 2.0 -8.0 3.0
v 2.0 -11.0 3.0
v 2.499999 -11.0 3.75
v 3.0 -8.0 4.0
v 3.0 -11.0 4.0
v 2.498437 -6.998047 3.75
v 1.998437 -6.998047 3.0
v 1.998437 -7.998047 3.0
v 2.498437 -7.998047 3.75
v 1.998437 -7.498047 3.75
v 2.998437 -7.998047 3.0
v 2.998437 -7.498048 3.75
v 2.998437 -6.998047 4.0
v 2.998437 -7.998047 4.0
v 1.998437 -6.998047 4.0
v 1.998047 -5.501172 5.75
v 2.7480469 -5.751172 5.0
v 2.4980469 -5.001172 5.75
v 1.998047 -6.001172 5.0
v 2.9980469 -5.001172 5.0
v 1.998047 -5.001172 6.0
v 2.5 -5.0 5.75
v 3.0 -5.0 5.0
v 3.0 -2.0 5.0
v 2.500001 -2.0 5.75
v 2.0 -5.0 6.0
v 2.0 -2.0 6.0
v 1.998047 -1.5015631 5.75
v 1.998047 -2.001563 5.0
v 2.9980469 -2.001563 5.0
v 2.9980469 -1.5015631 5.75
v 2.4980469 -2.001563 5.75
v 2.9980469 -1.0015631 5.0
v 2.498048 -1.0015631 5.75
v 1.998047 -1.0015631 6.0
v 2.9980469 -1.0015631 6.0
v 1.998047 -2.001563 6.0
v 1.875 3.5 6.0
v 2.125 3.5 6.0
v 1.875 4.5 7.0
v 2.125 4.5 7.0
v 1.875 5.0 7.0
v 2.125 5.0 7.0
v 1.875 4.0 6.0
v 2.125 4.0 6.0
v 2.0 3.896447 6.146447
v 3.0 3.896447 6.146447
v 2.0 4.603553 6.853553
v 3.0 4.603553 6.853553
v 2.0 5.0 7.0
v 3.0 5.0 7.0
v 3.0 -11.5 3.75
v 3.0 -12.0 3.0
v 11.0 -12.0 3.0
v 11.0 -11.500001 3.75
v 3.0 -11.0 4.0
v 11.0 -11.0 4.0
v 2.9980469 -6.501172 4.75
v 3.7480469 -6.751172 4.0
v 3.4980469 -6.001172 4.75
v 2.9980469 -7.001172 4.0
v 3.9980469 -6.001172 4.0
v 2.9980469 -6.001172 5.0
v 2.9980469 -5.501563 4.75
v 2.9980469 -6.001563 4.0
v 3.9980469 -6.001563 4.0
v 3.9980469 -5.501563 4.75
v 3.4980469 -6.001563 4.75
v 3.9980469 -5.001563 4.0
v 3.498048 -5.001563 4.75
v 2.9980469 -5.001563 5.0
v 3.9980469 -5.001563 5.0
v 2.9980469 -6.001563 5.0
v 5.875 -2.21875 5.112501
v 6.0 -2.21875 5.112501
v 6.0 -1.15625 6.175001
v 5.875 -1.15625 6.175001
v 3.0 -0.5 6.050002
v 3.0 -1.15625 6.175002
v 3.125 -1.15625 6.175002
v 3.125 -0.5 6.050002
v 5.875 -0.5 6.050001
v 4.5 -0.5 6.050002
v 4.5 -1.0 6.050002
v 5.875 -1.0 6.050001
v 5.875 -1.0 6.050001
v 4.5 -1.0 6.050002
v 4.5 -2.0 5.050002
v 5.875 -2.0 5.050001
v 5.875 -1.5625 4.987501
v 5.875 -2.21875 5.112501
v 5.875 -1.15625 6.175001
v 5.875 -0.5 6.050001
v 6.0 -2.21875 5.112501
v 6.0 -1.5625 4.987501
v 6.0 -0.5 6.050001
v 6.0 -1.15625 6.175001
v 5.875 -0.5 6.050001
v 5.875 -1.15625 6.175001
v 6.0 -1.15625 6.175001
v 6.0 -0.5 6.050001
v 3.125 -1.15625 6.175002
v 3.0 -1.15625 6.175002
v 3.0 -2.21875 5.112502
v 3.125 -2.21875 5.112502
v 3.0 -1.15625 6.175002
v 3.0 -0.5 6.050002
v 3.0 -1.5625 4.987502
v 3.0 -2.21875 5.112502
v 3.125 -0.5 6.050002
v 3.125 -1.15625 6.175002
v 3.125 -2.21875 5.112502
v 3.125 -1.5625 4.987502
v 3.125 -1.0 6.050002
v 3.125 -2.0 5.050002
v 3.125 -0.5 6.050002
v 3.125 -1.0 6.050002
v 3.0 3.896447 6.146447
v 5.0 3.896447 6.146447
v 3.0 4.603553 6.853553
v 5.0 4.603553 6.853553
v 3.0 5.0 7.0
v 5.0 5.0 7.0
v 4.0 12.0 7.3032217
v 4.0 14.0 7.3032217
v 4.0 12.0 10.625
v 4.0 14.0 10.625
v 3.0 12.0 7.321776
v 5.0 12.0 7.321776
v 3.0 14.0 7.321776
v 5.0 14.0 7.321776
v 3.0 13.0 7.3032217
v 5.0 13.0 7.3032217
v 3.0 13.0 10.625
v 5.0 13.0 10.625
v 3.0 12.0 10.018554
v 5.0 12.0 10.018554
v 3.0 14.0 10.018554
v 5.0 14.0 10.018554
v 3.0 12.0 8.5625
v 5.0 12.0 8.5625
v 3.0 14.0 8.5625
v 5.0 14.0 8.5625
v 6.875 -6.21875 4.112501
v 7.0 -6.21875 4.112501
v 7.0 -5.15625 5.175001
v 6.875 -5.15625 5.175001
v 4.0 -4.5 5.050002
v 4.0 -5.15625 5.175002
v 4.125 -5.15625 5.175002
v 4.125 -4.5 5.050002
v 6.875 -4.5 5.050001
v 5.5 -4.5 5.050002
v 5.5 -5.0 5.050002
v 6.875 -5.0 5.050001
v 6.875 -5.0 5.050001
v 5.5 -5.0 5.050002
v 5.5 -6.0 4.050002
v 6.875 -6.0 4.050001
v 6.875 -5.5625 3.9875011
v 6.875 -6.21875 4.112501
v 6.875 -5.15625 5.175001
v 6.875 -4.5 5.050001
v 7.0 -6.21875 4.112501
v 7.0 -5.5625 3.9875011
v 7.0 -4.5 5.050001
v 7.0 -5.15625 5.175001
v 6.875 -4.5 5.050001
v 6.875 -5.15625 5.175001
v 7.0 -5.15625 5.175001
v 7.0 -4.5 5.050001
v 4.125 -5.15625 5.175002
v 4.0 -5.15625 5.175002
v 4.0 -6.21875 4.112502
v 4.125 -6.21875 4.112502
v 4.0 -5.15625 5.175002
v 4.0 -4.5 5.050002
v 4.0 -5.5625 3.987502
v 4.0 -6.21875 4.112502
v 4.125 -4.5 5.050002
v 4.125 -5.15625 5.175002
v 4.125 -6.21875 4.112502
v 4.125 -5.5625 3.987502
v 4.125 -5.0 5.050002
v 4.125 -6.0 4.050002
v 4.125 -4.5 5.050002
v 4.125 -5.0 5.050002
v 8.0 -13.0 2.187499
v 5.0 -13.0 2.187499
v 5.0 -16.0 2.187499
v 8.0 -16.0 2.187499
v 5.0 -14.500001 6.75
v 8.0 -14.500001 6.75
v 8.0 -14.5 2.187499
v 5.0 -14.5 2.187499
v 6.5 -16.0 6.749999
v 6.5 -13.000001 6.75
v 6.5 -13.0 2.187499
v 6.5 -16.0 2.187499
v 8.0 -16.0 3.624999
v 8.0 -13.0 3.624999
v 5.0 -13.0 3.624999
v 5.0 -16.0 3.624999
v 5.0 3.896447 6.146447
v 6.0 3.896447 6.146447
v 5.0 4.603553 6.853553
v 6.0 4.603553 6.853553
v 5.0 5.0 7.0
v 6.0 5.0 7.0
v 5.875 3.5 6.0
v 6.125 3.5 6.0
v 5.875 4.5 7.0
v 6.125 4.5 7.0
v 5.875 5.0 7.0
v 6.125 5.0 7.0
v 5.875 4.0 6.0
v 6.125 4.0 6.0
v 5.998047 -1.5011721 5.75
v 6.748047 -1.7511721 5.0
v 6.498047 -1.0011721 5.75
v 5.998047 -2.001172 5.0
v 6.998047 -1.0011721 5.0
v 5.998047 -1.0011721 6.0
v 7.21875 1.875 5.112501
v 7.21875 2.0 5.112501
v 6.15625 2.0 6.175001
v 6.15625 1.875 6.175001
v 5.5 -1.0 6.050002
v 6.15625 -1.0 6.175002
v 6.15625 -0.875 6.175002
v 5.5 -0.875 6.050002
v 5.5 1.875 6.050001
v 5.5 0.5 6.050002
v 6.0 0.5 6.050002
v 6.0 1.875 6.050001
v 6.0 1.875 6.050001
v 6.0 0.5 6.050002
v 7.0 0.5 5.050002
v 7.0 1.875 5.050001
v 6.5625 1.875 4.987501
v 7.21875 1.875 5.112501
v 6.15625 1.875 6.175001
v 5.5 1.875 6.050001
v 7.21875 2.0 5.112501
v 6.5625 2.0 4.987501
v 5.5 2.0 6.050001
v 6.15625 2.0 6.175001
v 5.5 1.875 6.050001
v 6.15625 1.875 6.175001
v 6.15625 2.0 6.175001
v 5.5 2.0 6.050001
v 6.15625 -0.875 6.175002
v 6.15625 -1.0 6.175002
v 7.21875 -1.0 5.112502
v 7.21875 -0.875 5.112502
v 6.15625 -1.0 6.175002
v 5.5 -1.0 6.050002
v 6.5625 -1.0 4.987502
v 7.21875 -1.0 5.112502
v 5.5 -0.875 6.050002
v 6.15625 -0.875 6.175002
v 7.21875 -0.875 5.112502
v 6.5625 -0.875 4.987502
v 6.0 -0.875 6.050002
v 7.0 -0.875 5.050002
v 5.5 -0.875 6.050002
v 6.0 -0.875 6.050002
v 5.998047 2.498437 5.75
v 5.998047 1.9984369 5.0
v 6.998047 1.9984369 5.0
v 6.998047 2.498437 5.75
v 6.498047 1.9984369 5.75
v 6.998047 2.998437 5.0
v 6.498048 2.998437 5.75
v 5.998047 2.998437 6.0
v 6.998047 2.998437 6.0
v 5.998047 1.9984369 6.0
v 6.498828 4.001953 6.75
v 6.248828 3.2519531 6.0
v 6.998828 3.5019531 6.75
v 5.998828 4.001953 6.0
v 6.998828 3.0019531 6.0
v 6.998828 4.001953 7.0
v 6.498437 5.001953 6.75
v 5.998437 5.001953 6.0
v 5.998437 4.001953 6.0
v 6.498437 4.001953 6.75
v 5.998437 4.501953 6.75
v 6.998437 4.001953 6.0
v 6.998437 4.501952 6.75
v 6.998437 5.001953 7.0
v 6.998437 4.001953 7.0
v 5.998437 5.001953 7.0
v 9.0 11.0 7.187499
v 6.0 11.0 7.187499
v 6.0 8.0 7.187499
v 9.0 8.0 7.187499
v 6.0 9.499999 11.75
v 9.0 9.499999 11.75
v 9.0 9.5 7.187499
v 6.0 9.5 7.187499
v 7.5 7.999999 11.749999
v 7.5 10.999999 11.75
v 7.5 11.0 7.187499
v 7.5 8.0 7.187499
v 9.0 8.0 8.624999
v 9.0 11.0 8.624999
v 6.0 11.0 8.624999
v 6.0 8.0 8.624999
v 9.0 18.0 7.187499
v 6.0 18.0 7.187499
v 6.0 15.0 7.187499
v 9.0 15.0 7.187499
v 6.0 16.5 11.75
v 9.0 16.5 11.75
v 9.0 16.5 7.187499
v 6.0 16.5 7.187499
v 7.5 14.999999 11.749999
v 7.5 18.0 11.75
v 7.5 18.0 7.187499
v 7.5 15.0 7.187499
v 9.0 15.0 8.624999
v 9.0 18.0 8.624999
v 6.0 18.0 8.624999
v 6.0 15.0 8.624999
v 7.498828 -5.998047 4.75
v 7.248828 -6.748047 4.0
v 7.998828 -6.498047 4.75
v 6.998828 -5.998047 4.0
v 7.998828 -6.998047 4.0
v 7.998828 -5.998047 5.0
v 7.498437 -4.998047 4.75
v 6.998437 -4.998047 4.0
v 6.998437 -5.998047 4.0
v 7.498437 -5.998047 4.75
v 6.998437 -5.498047 4.75
v 7.998437 -5.998047 4.0
v 7.998437 -5.498048 4.75
v 7.998437 -4.998047 5.0
v 7.998437 -5.998047 5.0
v 6.998437 -4.998047 5.0
v 7.0 2.5 5.75
v 7.0 2.0 5.0
v 10.0 2.0 5.0
v 10.0 2.499999 5.75
v 7.0 3.0 6.0
v 10.0 3.0 6.0
v 7.0 3.5 6.75
v 7.0 3.0 6.0
v 9.0 3.0 6.0
v 9.0 3.499999 6.75
v 7.0 4.0 7.0
v 9.0 4.0 7.0
v 8.0 4.0 7.3032217
v 8.0 6.0 7.3032217
v 8.0 4.0 10.625
v 8.0 6.0 10.625
v 7.0 4.0 7.321776
v 9.0 4.0 7.321776
v 7.0 6.0 7.321776
v 9.0 6.0 7.321776
v 7.0 5.0 7.3032217
v 9.0 5.0 7.3032217
v 7.0 5.0 10.625
v 9.0 5.0 10.625
v 7.0 4.0 10.018554
v 9.0 4.0 10.018554
v 7.0 6.0 10.018554
v 9.0 6.0 10.018554
v 7.0 4.0 8.5625
v 9.0 4.0 8.5625
v 7.0 6.0 8.5625
v 9.0 6.0 8.5625
v 8.0 6.0 7.3032217
v 8.0 8.0 7.3032217
v 8.0 6.0 10.625
v 8.0 8.0 10.625
v 7.0 6.0 7.321776
v 9.0 6.0 7.321776
v 7.0 8.0 7.321776
v 9.0 8.0 7.321776
v 7.0 7.0 7.3032217
v 9.0 7.0 7.3032217
v 7.0 7.0 10.625
v 9.0 7.0 10.625
v 7.0 6.0 10.018554
v 9.0 6.0 10.018554
v 7.0 8.0 10.018554
v 9.0 8.0 10.018554
v 7.0 6.0 8.5625
v 9.0 6.0 8.5625
v 7.0 8.0 8.5625
v 9.0 8.0 8.5625
v 8.0 11.0 7.3032217
v 8.0 13.0 7.3032217
v 8.0 11.0 10.625
v 8.0 13.0 10.625
v 7.0 11.0 7.321776
v 9.0 11.0 7.321776
v 7.0 13.0 7.321776
v 9.0 13.0 7.321776
v 7.0 12.0 7.3032217
v 9.0 12.0 7.3032217
v 7.0 12.0 10.625
v 9.0 12.0 10.625
v 7.0 11.0 10.018554
v 9.0 11.0 10.018554
v 7.0 13.0 10.018554
v 9.0 13.0 10.018554
v 7.0 11.0 8.5625
v 9.0 11.0 8.5625
v 7.0 13.0 8.5625
v 9.0 13.0 8.5625
v 8.0 13.0 7.3032217
v 8.0 15.0 7.3032217
v 8.0 13.0 10.625
v 8.0 15.0 10.625
v 7.0 13.0 7.321776
v 9.0 13.0 7.321776
v 7.0 15.0 7.321776
v 9.0 15.0 7.321776
v 7.0 14.0 7.3032217
v 9.0 14.0 7.3032217
v 7.0 14.0 10.625
v 9.0 14.0 10.625
v 7.0 13.0 10.018554
v 9.0 13.0 10.018554
v 7.0 15.0 10.018554
v 9.0 15.0 10.018554
v 7.0 13.0 8.5625
v 9.0 13.0 8.5625
v 7.0 15.0 8.5625
v 9.0 15.0 8.5625
v 11.0 -13.0 2.187499
v 8.0 -13.0 2.187499
v 8.0 -16.0 2.187499
v 11.0 -16.0 2.187499
v 8.0 -14.500001 6.75
v 11.0 -14.500001 6.75
v 11.0 -14.5 2.187499
v 8.0 -14.5 2.187499
v 9.5 -16.0 6.749999
v 9.5 -13.000001 6.75
v 9.5 -13.0 2.187499
v 9.5 -16.0 2.187499
v 11.0 -16.0 3.624999
v 11.0 -13.0 3.624999
v 8.0 -13.0 3.624999
v 8.0 -16.0 3.624999
v 11.75 -7.25 4.234374
v 8.0 -7.25 4.234374
v 8.0 -11.0 4.234374
v 11.75 -11.0 4.234374
v 8.0 -9.125001 9.9375
v 11.75 -9.125001 9.9375
v 11.75 -9.125 4.234374
v 8.0 -9.125 4.234374
v 9.875 -11.000001 9.937499
v 9.875 -7.250001 9.9375
v 9.875 -7.25 4.234374
v 9.875 -11.0 4.234374
v 11.75 -11.0 6.031249
v 11.75 -7.25 6.031249
v 8.0 -7.25 6.031249
v 8.0 -11.0 6.031249
v 8.0 -6.5 4.75
v 8.0 -7.0 4.0
v 11.0 -7.0 4.0
v 11.0 -6.500001 4.75
v 8.0 -6.0 5.0
v 11.0 -6.0 5.0
v 11.0 -3.0 5.187499
v 8.0 -3.0 5.187499
v 8.0 -6.0 5.187499
v 11.0 -6.0 5.187499
v 8.0 -4.500001 9.75
v 11.0 -4.500001 9.75
v 11.0 -4.5 5.187499
v 8.0 -4.5 5.187499
v 9.5 -6.000001 9.749999
v 9.5 -3.000001 9.75
v 9.5 -3.0 5.187499
v 9.5 -6.0 5.187499
v 11.0 -6.0 6.624999
v 11.0 -3.0 6.624999
v 8.0 -3.0 6.624999
v 8.0 -6.0 6.624999
v 8.998047 3.498828 6.75
v 9.748047 3.248828 6.0
v 9.498047 3.998828 6.75
v 8.998047 2.998828 6.0
v 9.998047 3.998828 6.0
v 8.998047 3.998828 7.0
v 9.5 4.0 6.75
v 10.0 4.0 6.0
v 10.0 12.0 6.0
v 9.500001 12.0 6.75
v 9.0 4.0 7.0
v 9.0 12.0 7.0
v 9.5 12.0 6.75
v 10.0 12.0 6.0
v 10.0 16.0 6.0
v 9.500001 16.0 6.75
v 9.0 12.0 7.0
v 9.0 16.0 7.0
v 10.0 -12.5 2.75
v 10.0 -13.0 2.0
v 16.0 -13.0 2.0
v 16.0 -12.500001 2.75
v 10.0 -12.0 3.0
v 16.0 -12.0 3.0
v 10.501563 -3.0019531 4.75
v 11.001563 -3.0019531 4.0
v 11.001563 -2.0019531 4.0
v 10.501563 -2.0019531 4.75
v 11.001563 -2.5019531 4.75
v 10.001563 -2.0019531 4.0
v 10.001563 -2.501952 4.75
v 10.001563 -3.0019531 5.0
v 10.001563 -2.0019531 5.0
v 11.001563 -3.0019531 5.0
v 11.21875 0.875 4.112501
v 11.21875 1.0 4.112501
v 10.15625 1.0 5.175001
v 10.15625 0.875 5.175001
v 9.5 -2.0 5.050002
v 10.15625 -2.0 5.175002
v 10.15625 -1.875 5.175002
v 9.5 -1.875 5.050002
v 9.5 0.875 5.050001
v 9.5 -0.5 5.050002
v 10.0 -0.5 5.050002
v 10.0 0.875 5.050001
v 10.0 0.875 5.050001
v 10.0 -0.5 5.050002
v 11.0 -0.5 4.050002
v 11.0 0.875 4.050001
v 10.5625 0.875 3.9875011
v 11.21875 0.875 4.112501
v 10.15625 0.875 5.175001
v 9.5 0.875 5.050001
v 11.21875 1.0 4.112501
v 10.5625 1.0 3.9875011
v 9.5 1.0 5.050001
v 10.15625 1.0 5.175001
v 9.5 0.875 5.050001
v 10.15625 0.875 5.175001
v 10.15625 1.0 5.175001
v 9.5 1.0 5.050001
v 10.15625 -1.875 5.175002
v 10.15625 -2.0 5.175002
v 11.21875 -2.0 4.112502
v 11.21875 -1.875 4.112502
v 10.15625 -2.0 5.175002
v 9.5 -2.0 5.050002
v 10.5625 -2.0 3.987502
v 11.21875 -2.0 4.112502
v 9.5 -1.875 5.050002
v 10.15625 -1.875 5.175002
v 11.21875 -1.875 4.112502
v 10.5625 -1.875 3.987502
v 10.0 -1.875 5.050002
v 11.0 -1.875 4.050002
v 9.5 -1.875 5.050002
v 10.0 -1.875 5.050002
v 9.998047 1.4984369 4.75
v 9.998047 0.998437 4.0
v 10.998047 0.998437 4.0
v 10.998047 1.4984369 4.75
v 10.498047 0.998437 4.75
v 10.998047 1.9984369 4.0
v 10.498048 1.9984369 4.75
v 9.998047 1.9984369 5.0
v 10.998047 1.9984369 5.0
v 9.998047 0.998437 5.0
v 9.998047 2.498828 5.75
v 10.748047 2.248828 5.0
v 10.498047 2.998828 5.75
v 9.998047 1.998828 5.0
v 10.998047 2.998828 5.0
v 9.998047 2.998828 6.0
v 10.5 3.0 5.75
v 11.0 3.0 5.0
v 11.0 11.0 5.0
v 10.500001 11.0 5.75
v 10.0 3.0 6.0
v 10.0 11.0 6.0
v 10.5 11.0 5.75
v 11.0 11.0 5.0
v 11.0 16.0 5.0
v 10.500001 16.0 5.75
v 10.0 11.0 6.0
v 10.0 16.0 6.0
v 14.0 -13.0 2.187499
v 11.0 -13.0 2.187499
v 11.0 -16.0 2.187499
v 14.0 -16.0 2.187499
v 11.0 -14.500001 6.75
v 14.0 -14.500001 6.75
v 14.0 -14.5 2.187499
v 11.0 -14.5 2.187499
v 12.5 -16.0 6.749999
v 12.5 -13.000001 6.75
v 12.5 -13.0 2.187499
v 12.5 -16.0 2.187499
v 14.0 -16.0 3.624999
v 14.0 -13.0 3.624999
v 11.0 -13.0 3.624999
v 11.0 -16.0 3.624999
v 11.0 -11.5 3.75
v 11.0 -12.0 3.0
v 16.0 -12.0 3.0
v 16.0 -11.500001 3.75
v 11.0 -11.0 4.0
v 16.0 -11.0 4.0
v 10.998047 -6.501172 4.75
v 11.748047 -6.751172 4.0
v 11.498047 -6.001172 4.75
v 10.998047 -7.001172 4.0
v 11.998047 -6.001172 4.0
v 10.998047 -6.001172 5.0
v 11.5 -6.0 4.75
v 12.0 -6.0 4.0
v 12.0 -3.0 4.0
v 11.500001 -3.0 4.75
v 11.0 -6.0 5.0
v 11.0 -3.0 5.0
v 11.501172 -3.0019531 4.75
v 11.751172 -2.2519531 4.0
v 11.001172 -2.5019531 4.75
v 12.001172 -3.0019531 4.0
v 11.001172 -2.0019531 4.0
v 11.001172 -3.0019531 5.0
v 10.998047 1.4988279 4.75
v 11.748047 1.2488279 4.0
v 11.498047 1.9988279 4.75
v 10.998047 0.99882805 4.0
v 11.998047 1.9988279 4.0
v 10.998047 1.9988279 5.0
v 11.5 2.0 4.75
v 12.0 2.0 4.0
v 12.0 10.0 4.0
v 11.500001 10.0 4.75
v 11.0 2.0 5.0
v 11.0 10.0 5.0
v 11.5 10.0 4.75
v 12.0 10.0 4.0
v 12.0 16.0 4.0
v 11.500001 16.0 4.75
v 11.0 10.0 5.0
v 11.0 16.0 5.0
v 15.75 -3.25 4.234374
v 12.0 -3.25 4.234374
v 12.0 -7.0 4.234374
v 15.75 -7.0 4.234374
v 12.0 -5.125001 9.9375
v 15.75 -5.125001 9.9375
v 15.75 -5.125 4.234374
v 12.0 -5.125 4.234374
v 13.875 -7.000001 9.937499
v 13.875 -3.2500012 9.9375
v 13.875 -3.25 4.234374
v 13.875 -7.0 4.234374
v 15.75 -7.0 6.031249
v 15.75 -3.25 6.031249
v 12.0 -3.25 6.031249
v 12.0 -7.0 6.031249
v 12.501563 1.998047 3.75
v 13.001563 1.998047 3.0
v 13.001563 2.9980469 3.0
v 12.501563 2.9980469 3.75
v 13.001563 2.4980469 3.75
v 12.001563 2.9980469 3.0
v 12.001563 2.498048 3.75
v 12.001563 1.998047 4.0
v 12.001563 2.9980469 4.0
v 13.001563 1.998047 4.0
v 12.5 3.0 3.75
v 13.0 3.0 3.0
v 13.0 11.0 3.0
v 12.500001 11.0 3.75
v 12.0 3.0 4.0
v 12.0 11.0 4.0
v 12.5 11.0 3.75
v 13.0 11.0 3.0
v 13.0 16.0 3.0
v 12.500001 16.0 3.75
v 12.0 11.0 4.0
v 12.0 16.0 4.0
v 16.0 2.5 3.75
v 16.0 3.0 3.0
v 13.0 3.0 3.0
v 13.0 2.500001 3.75
v 16.0 2.0 4.0
v 13.0 2.0 4.0
v 13.501563 2.9980469 2.75
v 14.001563 2.9980469 2.0
v 14.001563 3.9980469 2.0
v 13.501563 3.9980469 2.75
v 14.001563 3.4980469 2.75
v 13.001563 3.9980469 2.0
v 13.001563 3.498048 2.75
v 13.001563 2.9980469 3.0
v 13.001563 3.9980469 3.0
v 14.001563 2.9980469 3.0
v 13.5 4.0 2.75
v 14.0 4.0 2.0
v 14.0 12.0 2.0
v 13.500001 12.0 2.75
v 13.0 4.0 3.0
v 13.0 12.0 3.0
v 13.5 12.0 2.75
v 14.0 12.0 2.0
v 14.0 16.0 2.0
v 13.500001 16.0 2.75
v 13.0 12.0 3.0
v 13.0 16.0 3.0
v 17.0 -13.0 2.187499
v 14.0 -13.0 2.187499
v 14.0 -16.0 2.187499
v 17.0 -16.0 2.187499
v 14.0 -14.500001 6.75
v 17.0 -14.500001 6.75
v 17.0 -14.5 2.187499
v 14.0 -14.5 2.187499
v 15.5 -16.0 6.749999
v 15.5 -13.000001 6.75
v 15.5 -13.0 2.187499
v 15.5 -16.0 2.187499
v 17.0 -16.0 3.624999
v 17.0 -13.0 3.624999
v 14.0 -13.0 3.624999
v 14.0 -16.0 3.624999
v 16.0 3.5 2.75
v 16.0 4.0 2.0
v 14.0 4.0 2.0
v 14.0 3.500001 2.75
v 16.0 3.0 3.0
v 14.0 3.0 3.0
v 14.501563 3.9980469 1.75
v 15.001563 3.9980469 1.0
v 15.001563 4.998047 1.0
v 14.501563 4.998047 1.75
v 15.001563 4.498047 1.75
v 14.001563 4.998047 1.0
v 14.001563 4.498048 1.75
v 14.001563 3.9980469 2.0
v 14.001563 4.998047 2.0
v 15.001563 3.9980469 2.0
v 14.5 5.0 1.75
v 15.0 5.0 1.0
v 15.0 13.0 1.0
v 14.500001 13.0 1.75
v 14.0 5.0 2.0
v 14.0 13.0 2.0
v 14.5 13.0 1.75
v 15.0 13.0 1.0
v 15.0 16.0 1.0
v 14.500001 16.0 1.75
v 14.0 13.0 2.0
v 14.0 16.0 2.0
v 16.0 4.5 1.75
v 16.0 5.0 1.0
v 15.0 5.0 1.0
v 15.0 4.500001 1.75
v 16.0 4.0 2.0
v 15.0 4.0 2.0
v 18.75 8.75 1.2343738
v 15.0 8.75 1.2343738
v 15.0 5.0 1.2343738
v 18.75 5.0 1.2343738
v 15.0 6.874999 6.9375
v 18.75 6.874999 6.9375
v 18.75 6.875 1.2343738
v 15.0 6.875 1.2343738
v 16.875 4.999999 6.937499
v 16.875 8.749999 6.9375
v 16.875 8.75 1.2343738
v 16.875 5.0 1.2343738
v 18.75 5.0 3.0312488
v 18.75 8.75 3.0312488
v 15.0 8.75 3.0312488
v 15.0 5.0 3.0312488
v 18.0 12.0 1.187499
v 15.0 12.0 1.187499
v 15.0 9.0 1.187499
v 18.0 9.0 1.187499
v 15.0 10.499999 5.75
v 18.0 10.499999 5.75
v 18.0 10.5 1.187499
v 15.0 10.5 1.187499
v 16.5 8.999999 5.749999
v 16.5 11.999999 5.75
v 16.5 12.0 1.187499
v 16.5 9.0 1.187499
v 18.0 9.0 2.624999
v 18.0 12.0 2.624999
v 15.0 12.0 2.624999
v 15.0 9.0 2.624999
v 16.0 12.0 1.303222
v 16.0 14.0 1.303222
v 16.0 12.0 4.625
v 16.0 14.0 4.625
v 15.0 12.0 1.321776
v 17.0 12.0 1.321776
v 15.0 14.0 1.321776
v 17.0 14.0 1.321776
v 15.0 13.0 1.303222
v 17.0 13.0 1.303222
v 15.0 13.0 4.625
v 17.0 13.0 4.625
v 15.0 12.0 4.0185537
v 17.0 12.0 4.0185537
v 15.0 14.0 4.0185537
v 17.0 14.0 4.0185537
v 15.0 12.0 2.5625
v 17.0 12.0 2.5625
v 15.0 14.0 2.5625
v 17.0 14.0 2.5625
v 16.0 15.0 1.303222
v 16.0 17.0 1.303222
v 16.0 15.0 4.625
v 16.0 17.0 4.625
v 15.0 15.0 1.321776
v 17.0 15.0 1.321776
v 15.0 17.0 1.321776
v 17.0 17.0 1.321776
v 15.0 16.0 1.303222
v 17.0 16.0 1.303222
v 15.0 16.0 4.625
v 17.0 16.0 4.625
v 15.0 15.0 4.0185537
v 17.0 15.0 4.0185537
v 15.0 17.0 4.0185537
v 17.0 17.0 4.0185537
v 15.0 15.0 2.5625
v 17.0 15.0 2.5625
v 15.0 17.0 2.5625
v 17.0 17.0 2.5625
v -12.0 -5.125 6.125
v -12.5 -5.125 6.125
v -12.5 -5.625 6.125
v -12.0 -5.625 6.125
v -12.0 -3.125 6.125
v -12.5 -3.125 6.125
v -12.5 -5.125 6.125
v -12.0 -5.125 6.125
v -12.0 -2.5 6.125001
v -12.5 -2.5 6.125001
v -12.5 -3.0 6.125001
v -12.0 -3.0 6.125001
v -4.0 -5.125 6.125
v -12.0 -5.125 6.125
v -12.0 -5.625 6.125
v -4.0 -5.625 6.125
v -4.0 -3.125 6.125
v -12.0 -3.125 6.125
v -12.0 -5.125 6.125
v -4.0 -5.125 6.125
v -11.0 -2.125 6.125001
v -11.5 -2.125 6.125001
v -11.5 -2.625 6.125001
v -11.0 -2.625 6.125001
v -11.0 -2.625 6.125001
v -11.5 -2.625 6.125001
v -11.5 -3.125 6.125001
v -11.0 -3.125 6.125001
v -12.0 -2.625 6.125001
v -12.0 -3.125 6.125001
v -11.5 -3.125 6.125001
v -11.5 -2.625 6.125001
v -11.0 -0.125 6.125
v -11.5 -0.125 6.125
v -11.5 -2.125 6.125
v -11.0 -2.125 6.125
v -11.0 0.5 6.125001
v -11.5 0.5 6.125001
v -11.5 0.0 6.125001
v -11.0 0.0 6.125001
v -9.0 -0.125 6.125
v -11.0 -0.125 6.125
v -11.0 -3.125 6.125
v -9.0 -3.125 6.125
v -3.0 0.375 6.125001
v -11.0 0.375 6.125001
v -11.0 -0.125 6.125001
v -3.0 -0.125 6.125001
v -8.0 -2.125 6.125
v -9.0 -2.125 6.125
v -9.0 -3.125 6.125
v -8.0 -3.125 6.125
v -1.0 -0.125 6.125
v -9.0 -0.125 6.125
v -9.0 -2.125 6.125
v -1.0 -2.125 6.125
v -5.0 -2.125 6.125
v -8.0 -2.125 6.125
v -8.0 -3.125 6.125
v -5.0 -3.125 6.125
v -4.0 -2.125 6.125
v -5.0 -2.125 6.125
v -5.0 -3.125 6.125
v -4.0 -3.125 6.125
v 0.0 -5.125 6.125
v -4.0 -5.125 6.125
v -4.0 -5.625 6.125
v 0.0 -5.625 6.125
v 0.0 -2.125 6.125
v -4.0 -2.125 6.125
v -4.0 -5.125 6.125
v 0.0 -5.125 6.125
v -2.0 0.875 6.125001
v -2.5 0.875 6.125001
v -2.5 0.375 6.125001
v -2.0 0.375 6.125001
v -2.0 0.375 6.125001
v -2.5 0.375 6.125001
v -2.5 -0.125 6.125001
v -2.0 -0.125 6.125001
v -3.0 0.375 6.125001
v -3.0 -0.125 6.125001
v -2.5 -0.125 6.125001
v -2.5 0.375 6.125001
v 2.0 0.875 6.125
v -2.0 0.875 6.125
v -2.0 -0.125 6.125
v 2.0 -0.125 6.125
v -1.0 1.375 6.125001
v -2.0 1.375 6.125001
v -2.0 0.875 6.125001
v -1.0 0.875 6.125001
v 2.0 -0.125 6.125
v -1.0 -0.125 6.125
v -1.0 -2.125 6.125
v 2.0 -2.125 6.125
v 0.0 1.875 6.125001
v -0.5 1.875 6.125001
v -0.5 1.375 6.125001
v 0.0 1.375 6.125001
v 0.0 1.375 6.125001
v -0.5 1.375 6.125001
v -0.5 0.875 6.125001
v 0.0 0.875 6.125001
v -1.0 1.375 6.125001
v -1.0 0.875 6.125001
v -0.5 0.875 6.125001
v -0.5 1.375 6.125001
v 0.0 2.875 6.125
v -0.5 2.875 6.125
v -0.5 1.875 6.125
v 0.0 1.875 6.125
v 0.5 -5.125 6.125001
v 0.0 -5.125 6.125001
v 0.0 -5.625 6.125
v 0.5 -5.625 6.125
v 0.5 -4.125 6.125001
v 0.0 -4.125 6.125001
v 0.0 -5.125 6.125001
v 0.5 -5.125 6.125001
v 0.0 -4.125 6.125
v 0.5 -4.125 6.125
v 0.5 -3.625 6.125
v 0.0 -3.625 6.125
v 0.5 -3.125 6.125001
v 0.0 -3.125 6.125001
v 0.0 -3.625 6.125
v 0.5 -3.625 6.125
v 1.0 -3.625 6.125
v 1.0 -3.125 6.125001
v 0.5 -3.125 6.125001
v 0.5 -3.625 6.125
v 2.0 -2.125 6.125
v 0.0 -2.125 6.125
v 0.0 -3.125 6.125
v 2.0 -3.125 6.125
v 1.0 2.875 6.125
v 0.0 2.875 6.125
v 0.0 0.875 6.125
v 1.0 0.875 6.125
v 1.0 3.375 6.125001
v 0.0 3.375 6.125001
v 0.0 2.875 6.125001
v 1.0 2.875 6.125001
v 1.0 5.875 7.125
v 0.5 5.875 7.125
v 0.5 5.375 7.125
v 1.0 5.375 7.125
v 1.0 13.875 7.125
v 0.5 13.875 7.125
v 0.5 5.875 7.125
v 1.0 5.875 7.125
v 1.0 14.5 7.125001
v 0.5 14.5 7.125001
v 0.5 14.0 7.125001
v 1.0 14.0 7.125001
v 2.0 -3.125 6.125
v 1.0 -3.125 6.125
v 1.0 -3.625 6.125
v 2.0 -3.625 6.125
v 1.5 1.875 6.125001
v 1.0 1.875 6.125001
v 1.0 1.375 6.125001
v 1.5 1.375 6.125001
v 1.5 1.375 6.125001
v 1.0 1.375 6.125001
v 1.0 0.875 6.125001
v 1.5 0.875 6.125001
v 2.0 0.875 6.125001
v 2.0 1.375 6.125001
v 1.5 1.375 6.125001
v 1.5 0.875 6.125001
v 1.5 2.875 6.125001
v 1.0 2.875 6.125001
v 1.0 1.875 6.125001
v 1.5 1.875 6.125001
v 1.5 3.375 6.125002
v 1.0 3.375 6.125002
v 1.0 2.875 6.125002
v 1.5 2.875 6.125002
v 2.0 5.875 7.125
v 1.0 5.875 7.125
v 1.0 5.375 7.125
v 2.0 5.375 7.125
v 2.0 13.875 7.125
v 1.0 13.875 7.125
v 1.0 5.875 7.125
v 2.0 5.875 7.125
v 2.0 14.375 7.125001
v 1.0 14.375 7.125001
v 1.0 13.875 7.125001
v 2.0 13.875 7.125001
v 3.0 -11.125 4.125
v 2.5 -11.125 4.125
v 2.5 -11.625 4.125
v 3.0 -11.625 4.125
v 3.0 -8.125 4.125
v 2.5 -8.125 4.125
v 2.5 -11.125 4.125
v 3.0 -11.125 4.125
v 3.0 -7.5 4.125001
v 2.5 -7.5 4.125001
v 2.5 -8.0 4.125001
v 3.0 -8.0 4.125001
v 2.5 -3.125 6.125001
v 2.0 -3.125 6.125001
v 2.0 -3.625 6.125
v 2.5 -3.625 6.125
v 2.5 0.875 6.125001
v 2.0 0.875 6.125001
v 2.0 -3.125 6.125001
v 2.5 -3.125 6.125001
v 2.5 1.375 6.125002
v 2.0 1.375 6.125002
v 2.0 0.875 6.125002
v 2.5 0.875 6.125002
v 2.5 5.875 7.125001
v 2.0 5.875 7.125001
v 2.0 5.375 7.125
v 2.5 5.375 7.125
v 2.0 5.875 7.125
v 2.5 5.875 7.125
v 2.5 6.375 7.125
v 2.0 6.375 7.125
v 2.5 6.875 7.125001
v 2.0 6.875 7.125001
v 2.0 6.375 7.125
v 2.5 6.375 7.125
v 3.0 6.375 7.125
v 3.0 6.875 7.125001
v 2.5 6.875 7.125001
v 2.5 6.375 7.125
v 3.0 12.875 7.125
v 2.0 12.875 7.125
v 2.0 6.875 7.125
v 3.0 6.875 7.125
v 2.5 13.875 7.125001
v 2.0 13.875 7.125001
v 2.0 13.375 7.125001
v 2.5 13.375 7.125001
v 2.5 13.375 7.125001
v 2.0 13.375 7.125001
v 2.0 12.875 7.125001
v 2.5 12.875 7.125001
v 3.0 12.875 7.125001
v 3.0 13.375 7.125001
v 2.5 13.375 7.125001
v 2.5 12.875 7.125001
v 2.5 14.375 7.125002
v 2.0 14.375 7.125002
v 2.0 13.875 7.125002
v 2.5 13.875 7.125002
v 11.0 -11.125 4.125
v 3.0 -11.125 4.125
v 3.0 -11.625 4.125
v 11.0 -11.625 4.125
v 11.0 -10.125 4.125
v 3.0 -10.125 4.125
v 3.0 -11.125 4.125
v 11.0 -11.125 4.125
v 9.0 -9.125 4.125
v 3.0 -9.125 4.125
v 3.0 -10.125 4.125
v 9.0 -10.125 4.125
v 4.0 -8.125 4.125
v 3.0 -8.125 4.125
v 3.0 -9.125 4.125
v 4.0 -9.125 4.125
v 4.0 -7.625 4.125001
v 3.0 -7.625 4.125001
v 3.0 -8.125 4.125001
v 4.0 -8.125 4.125001
v 3.5 6.875 7.125001
v 3.0 6.875 7.125001
v 3.0 6.375 7.125
v 3.5 6.375 7.125
v 3.0 6.875 7.125
v 3.5 6.875 7.125
v 3.5 7.375 7.125
v 3.0 7.375 7.125
v 3.5 7.875 7.125001
v 3.0 7.875 7.125001
v 3.0 7.375 7.125
v 3.5 7.375 7.125
v 4.0 7.375 7.125
v 4.0 7.875 7.125001
v 3.5 7.875 7.125001
v 3.5 7.375 7.125
v 7.0 11.875 7.125
v 3.0 11.875 7.125
v 3.0 7.875 7.125
v 7.0 7.875 7.125
v 3.5 12.875 7.125001
v 3.0 12.875 7.125001
v 3.0 12.375 7.125001
v 3.5 12.375 7.125001
v 3.5 12.375 7.125001
v 3.0 12.375 7.125001
v 3.0 11.875 7.125001
v 3.5 11.875 7.125001
v 4.0 11.875 7.125001
v 4.0 12.375 7.125001
v 3.5 12.375 7.125001
v 3.5 11.875 7.125001
v 4.5 -8.125 4.125001
v 4.0 -8.125 4.125001
v 4.0 -8.625 4.125001
v 4.5 -8.625 4.125001
v 4.5 -8.625 4.125001
v 4.0 -8.625 4.125001
v 4.0 -9.125 4.125001
v 4.5 -9.125 4.125001
v 5.0 -9.125 4.125001
v 5.0 -8.625 4.125001
v 4.5 -8.625 4.125001
v 4.5 -9.125 4.125001
v 4.5 -7.625 4.125002
v 4.0 -7.625 4.125002
v 4.0 -8.125 4.125002
v 4.5 -8.125 4.125002
v 5.0 6.875 7.125
v 4.5 6.875 7.125
v 4.5 6.375 7.125
v 5.0 6.375 7.125
v 4.5 6.875 7.125
v 5.0 6.875 7.125
v 5.0 7.375 7.125
v 4.5 7.375 7.125
v 5.0 7.875 7.125
v 4.5 7.875 7.125
v 4.5 7.375 7.125
v 5.0 7.375 7.125
v 4.0 7.875 7.125
v 4.0 7.375 7.125
v 4.5 7.375 7.125
v 4.5 7.875 7.125
v 5.0 12.875 7.125001
v 4.5 12.875 7.125001
v 4.5 12.375 7.125001
v 5.0 12.375 7.125001
v 5.0 12.375 7.125001
v 4.5 12.375 7.125001
v 4.5 11.875 7.125001
v 5.0 11.875 7.125001
v 4.0 12.375 7.125001
v 4.0 11.875 7.125001
v 4.5 11.875 7.125001
v 4.5 12.375 7.125001
v 6.0 -8.625 4.125001
v 5.0 -8.625 4.125001
v 5.0 -9.125 4.125001
v 6.0 -9.125 4.125001
v 6.0 5.875 7.125
v 5.5 5.875 7.125
v 5.5 5.375 7.125
v 6.0 5.375 7.125
v 5.5 5.875 7.125
v 6.0 5.875 7.125
v 6.0 6.375 7.125
v 5.5 6.375 7.125
v 6.0 6.875 7.125
v 5.5 6.875 7.125
v 5.5 6.375 7.125
v 6.0 6.375 7.125
v 5.0 6.875 7.125
v 5.0 6.375 7.125
v 5.5 6.375 7.125
v 5.5 6.875 7.125
v 7.0 7.875 7.125
v 5.0 7.875 7.125
v 5.0 6.875 7.125
v 7.0 6.875 7.125
v 7.0 12.875 7.125
v 5.0 12.875 7.125
v 5.0 11.875 7.125
v 7.0 11.875 7.125
v 6.0 13.875 7.125001
v 5.5 13.875 7.125001
v 5.5 13.375 7.125001
v 6.0 13.375 7.125001
v 6.0 13.375 7.125001
v 5.5 13.375 7.125001
v 5.5 12.875 7.125001
v 6.0 12.875 7.125001
v 5.0 13.375 7.125001
v 5.0 12.875 7.125001
v 5.5 12.875 7.125001
v 5.5 13.375 7.125001
v 6.0 14.5 7.125001
v 5.5 14.5 7.125001
v 5.5 14.0 7.125001
v 6.0 14.0 7.125001
v 7.0 -8.125 4.125001
v 6.5 -8.125 4.125001
v 6.5 -8.625 4.125001
v 7.0 -8.625 4.125001
v 7.0 -8.625 4.125001
v 6.5 -8.625 4.125001
v 6.5 -9.125 4.125001
v 7.0 -9.125 4.125001
v 6.0 -8.625 4.125001
v 6.0 -9.125 4.125001
v 6.5 -9.125 4.125001
v 6.5 -8.625 4.125001
v 7.0 -7.5 4.125001
v 6.5 -7.5 4.125001
v 6.5 -8.0 4.125001
v 7.0 -8.0 4.125001
v 9.0 -1.0 5.187499
v 6.0 -1.0 5.187499
v 6.0 -4.0 5.187499
v 9.0 -4.0 5.187499
v 6.0 -2.500001 9.75
v 9.0 -2.500001 9.75
v 9.0 -2.5 5.187499
v 6.0 -2.5 5.187499
v 7.5 -4.000001 9.749999
v 7.5 -1.000001 9.75
v 7.5 -1.0 5.187499
v 7.5 -4.0 5.187499
v 9.0 -4.0 6.624999
v 9.0 -1.0 6.624999
v 6.0 -1.0 6.624999
v 6.0 -4.0 6.624999
v 7.0 5.875 7.125
v 6.0 5.875 7.125
v 6.0 5.375 7.125
v 7.0 5.375 7.125
v 7.0 6.875 7.125
v 6.0 6.875 7.125
v 6.0 5.875 7.125
v 7.0 5.875 7.125
v 7.0 13.875 7.125
v 6.0 13.875 7.125
v 6.0 12.875 7.125
v 7.0 12.875 7.125
v 7.0 14.375 7.125001
v 6.0 14.375 7.125001
v 6.0 13.875 7.125001
v 7.0 13.875 7.125001
v 9.0 -8.125 4.125
v 7.0 -8.125 4.125
v 7.0 -9.125 4.125
v 9.0 -9.125 4.125
v 8.0 -7.125 4.125001
v 7.5 -7.125 4.125001
v 7.5 -7.625 4.125001
v 8.0 -7.625 4.125001
v 8.0 -7.625 4.125001
v 7.5 -7.625 4.125001
v 7.5 -8.125 4.125001
v 8.0 -8.125 4.125001
v 7.0 -7.625 4.125001
v 7.0 -8.125 4.125001
v 7.5 -8.125 4.125001
v 7.5 -7.625 4.125001
v 8.0 -6.5 4.125001
v 7.5 -6.5 4.125001
v 7.5 -7.0 4.125001
v 8.0 -7.0 4.125001
v 7.5 5.875 7.125001
v 7.0 5.875 7.125001
v 7.0 5.375 7.125
v 7.5 5.375 7.125
v 7.5 13.875 7.125001
v 7.0 13.875 7.125001
v 7.0 5.875 7.125001
v 7.5 5.875 7.125001
v 7.5 14.375 7.125002
v 7.0 14.375 7.125002
v 7.0 13.875 7.125002
v 7.5 13.875 7.125002
v 12.0 -7.125 4.125
v 8.0 -7.125 4.125
v 8.0 -8.125 4.125
v 12.0 -8.125 4.125
v 11.0 -6.625 4.125001
v 8.0 -6.625 4.125001
v 8.0 -7.125 4.125001
v 11.0 -7.125 4.125001
v 9.5 -9.125 4.125001
v 9.0 -9.125 4.125001
v 9.0 -9.625 4.125001
v 9.5 -9.625 4.125001
v 9.5 -9.625 4.125001
v 9.0 -9.625 4.125001
v 9.0 -10.125 4.125001
v 9.5 -10.125 4.125001
v 10.0 -10.125 4.125001
v 10.0 -9.625 4.125001
v 9.5 -9.625 4.125001
v 9.5 -10.125 4.125001
v 9.0 -9.125 4.125
v 9.5 -9.125 4.125
v 9.5 -8.625 4.125
v 9.0 -8.625 4.125
v 9.5 -8.125 4.125001
v 9.0 -8.125 4.125001
v 9.0 -8.625 4.125
v 9.5 -8.625 4.125
v 10.0 -8.625 4.125
v 10.0 -8.125 4.125001
v 9.5 -8.125 4.125001
v 9.5 -8.625 4.125
v 11.0 -9.125 4.125001
v 10.5 -9.125 4.125001
v 10.5 -9.625 4.125001
v 11.0 -9.625 4.125001
v 11.0 -9.625 4.125001
v 10.5 -9.625 4.125001
v 10.5 -10.125 4.125001
v 11.0 -10.125 4.125001
v 10.0 -9.625 4.125001
v 10.0 -10.125 4.125001
v 10.5 -10.125 4.125001
v 10.5 -9.625 4.125001
v 10.5 -9.125 4.125
v 11.0 -9.125 4.125
v 11.0 -8.625 4.125
v 10.5 -8.625 4.125
v 11.0 -8.125 4.125
v 10.5 -8.125 4.125
v 10.5 -8.625 4.125
v 11.0 -8.625 4.125
v 10.0 -8.125 4.125
v 10.0 -8.625 4.125
v 10.5 -8.625 4.125
v 10.5 -8.125 4.125
v 14.0 -11.125 4.125
v 11.0 -11.125 4.125
v 11.0 -11.625 4.125
v 14.0 -11.625 4.125
v 14.0 -8.125 4.125
v 11.0 -8.125 4.125
v 11.0 -11.125 4.125
v 14.0 -11.125 4.125
v 12.0 -6.125 4.125001
v 11.5 -6.125 4.125001
v 11.5 -6.625 4.125001
v 12.0 -6.625 4.125001
v 12.0 -6.625 4.125001
v 11.5 -6.625 4.125001
v 11.5 -7.125 4.125001
v 12.0 -7.125 4.125001
v 11.0 -6.625 4.125001
v 11.0 -7.125 4.125001
v 11.5 -7.125 4.125001
v 11.5 -6.625 4.125001
v 12.0 -3.125 4.125
v 11.5 -3.125 4.125
v 11.5 -6.125 4.125
v 12.0 -6.125 4.125
v 12.0 -2.5 4.125001
v 11.5 -2.5 4.125001
v 11.5 -3.0 4.125001
v 12.0 -3.0 4.125001
v 13.0 -7.125 4.125
v 12.0 -7.125 4.125
v 12.0 -8.125 4.125
v 13.0 -8.125 4.125
v 13.0 -3.125 4.125
v 12.0 -3.125 4.125
v 12.0 -7.125 4.125
v 13.0 -7.125 4.125
v 13.0 -2.125 4.125001
v 12.5 -2.125 4.125001
v 12.5 -2.625 4.125001
v 13.0 -2.625 4.125001
v 13.0 -2.625 4.125001
v 12.5 -2.625 4.125001
v 12.5 -3.125 4.125001
v 13.0 -3.125 4.125001
v 12.0 -2.625 4.125001
v 12.0 -3.125 4.125001
v 12.5 -3.125 4.125001
v 12.5 -2.625 4.125001
v 13.0 -1.5 4.125001
v 12.5 -1.5 4.125001
v 12.5 -2.0 4.125001
v 13.0 -2.0 4.125001
v 13.0 0.875 4.125
v 12.5 0.875 4.125
v 12.5 0.375 4.125
v 13.0 0.375 4.125
v 13.0 1.875 4.125
v 12.5 1.875 4.125
v 12.5 0.875 4.125
v 13.0 0.875 4.125
v 13.0 2.5 4.125001
v 12.5 2.5 4.125001
v 12.5 2.0 4.125001
v 13.0 2.0 4.125001
v 16.0 -6.125 4.125
v 13.0 -6.125 4.125
v 13.0 -8.125 4.125
v 16.0 -8.125 4.125
v 13.5 -5.125 4.125001
v 13.0 -5.125 4.125001
v 13.0 -5.625 4.125001
v 13.5 -5.625 4.125001
v 13.5 -5.625 4.125001
v 13.0 -5.625 4.125001
v 13.0 -6.125 4.125001
v 13.5 -6.125 4.125001
v 14.0 -6.125 4.125001
v 14.0 -5.625 4.125001
v 13.5 -5.625 4.125001
v 13.5 -6.125 4.125001
v 13.0 -5.125 4.125
v 13.5 -5.125 4.125
v 13.5 -4.625 4.125
v 13.0 -4.625 4.125
v 13.5 -4.125 4.125001
v 13.0 -4.125 4.125001
v 13.0 -4.625 4.125
v 13.5 -4.625 4.125
v 14.0 -4.625 4.125
v 14.0 -4.125 4.125001
v 13.5 -4.125 4.125001
v 13.5 -4.625 4.125
v 16.0 -2.125 4.125
v 13.0 -2.125 4.125
v 13.0 -4.125 4.125
v 16.0 -4.125 4.125
v 14.0 -1.125 4.125001
v 13.5 -1.125 4.125001
v 13.5 -1.625 4.125001
v 14.0 -1.625 4.125001
v 14.0 -1.625 4.125001
v 13.5 -1.625 4.125001
v 13.5 -2.125 4.125001
v 14.0 -2.125 4.125001
v 13.0 -1.625 4.125001
v 13.0 -2.125 4.125001
v 13.5 -2.125 4.125001
v 13.5 -1.625 4.125001
v 14.0 -0.125 4.125
v 13.5 -0.125 4.125
v 13.5 -1.125 4.125
v 14.0 -1.125 4.125
v 13.5 -0.125 4.125
v 14.0 -0.125 4.125
v 14.0 0.375 4.125
v 13.5 0.375 4.125
v 14.0 0.875 4.125
v 13.5 0.875 4.125
v 13.5 0.375 4.125
v 14.0 0.375 4.125
v 13.0 0.875 4.125
v 13.0 0.375 4.125
v 13.5 0.375 4.125
v 13.5 0.875 4.125
v 16.0 1.875 4.125
v 13.0 1.875 4.125
v 13.0 0.875 4.125
v 16.0 0.875 4.125
v 16.0 2.375 4.125001
v 13.0 2.375 4.125001
v 13.0 1.875 4.125001
v 16.0 1.875 4.125001
v 14.5 -11.125 4.125001
v 14.0 -11.125 4.125001
v 14.0 -11.625 4.125
v 14.5 -11.625 4.125
v 14.5 -10.125 4.125001
v 14.0 -10.125 4.125001
v 14.0 -11.125 4.125001
v 14.5 -11.125 4.125001
v 14.0 -10.125 4.125
v 14.5 -10.125 4.125
v 14.5 -9.625 4.125
v 14.0 -9.625 4.125
v 14.5 -9.125 4.125001
v 14.0 -9.125 4.125001
v 14.0 -9.625 4.125
v 14.5 -9.625 4.125
v 15.0 -9.625 4.125
v 15.0 -9.125 4.125001
v 14.5 -9.125 4.125001
v 14.5 -9.625 4.125
v 16.0 -8.125 4.125
v 14.0 -8.125 4.125
v 14.0 -9.125 4.125
v 16.0 -9.125 4.125
v 15.0 -5.125 4.125001
v 14.5 -5.125 4.125001
v 14.5 -5.625 4.125001
v 15.0 -5.625 4.125001
v 15.0 -5.625 4.125001
v 14.5 -5.625 4.125001
v 14.5 -6.125 4.125001
v 15.0 -6.125 4.125001
v 14.0 -5.625 4.125001
v 14.0 -6.125 4.125001
v 14.5 -6.125 4.125001
v 14.5 -5.625 4.125001
v 14.5 -5.125 4.125
v 15.0 -5.125 4.125
v 15.0 -4.625 4.125
v 14.5 -4.625 4.125
v 15.0 -4.125 4.125
v 14.5 -4.125 4.125
v 14.5 -4.625 4.125
v 15.0 -4.625 4.125
v 14.0 -4.125 4.125
v 14.0 -4.625 4.125
v 14.5 -4.625 4.125
v 14.5 -4.125 4.125
v 16.0 0.875 4.125
v 14.0 0.875 4.125
v 14.0 -2.125 4.125
v 16.0 -2.125 4.125
v 16.0 -9.125 4.125
v 15.0 -9.125 4.125
v 15.0 -9.625 4.125
v 16.0 -9.625 4.125
v 16.0 -4.125 4.125
v 15.0 -4.125 4.125
v 15.0 -6.125 4.125
v 16.0 -6.125 4.125
v 16.75 -8.25 4.234374
v 13.0 -8.25 4.234374
v 13.0 -12.0 4.234374
v 16.75 -12.0 4.234374
v 13.0 -10.125001 9.9375
v 16.75 -10.125001 9.9375
v 16.75 -10.125 4.234374
v 13.0 -10.125 4.234374
v 14.875 -12.000001 9.937499
v 14.875 -8.250001 9.9375
v 14.875 -8.25 4.234374
v 14.875 -12.0 4.234374
v 16.75 -12.0 6.031249
v 16.75 -8.25 6.031249
v 13.0 -8.25 6.031249
v 13.0 -12.0 6.031249
vt 0.0 2.0
vt 0.0 0.0
vt 8.0 0.0
vt 8.0 2.0
vt 2.0 1.25
vt 0.0 1.25
vt 0.0 0.5
vt 2.0 0.5
vt 2.0 2.0
vt 0.0 2.0
vt 0.0 1.25
vt 2.0 1.25
vt 2.0 2.25
vt 0.0 2.25
vt 0.0 2.0
vt 2.0 2.0
vt 2.0 2.5
vt 0.0 2.5
vt 0.0 2.25
vt 2.0 2.25
vt 2.0 2.75
vt 0.0 2.75
vt 0.0 2.5
vt 2.0 2.5
vt 2.0 3.25
vt 0.0 3.25
vt 0.0 2.75
vt 2.0 2.75
vt 2.0 0.96875
vt 0.0 0.96875
vt 0.0 0.03125
vt 2.0 0.03125
vt 0.0 0.0
vt 2.0 0.0
vt 2.0 1.0
vt 0.0 1.0
vt 3.0 0.96875
vt 0.0 0.96875
vt 0.0 0.03125
vt 3.0 0.03125
vt 1.25 4.5
vt 0.0 4.5
vt 0.0 4.0
vt 1.25 4.0
vt 0.0 4.5
vt 1.5 4.5
vt 1.5 4.75
vt 0.0 4.75
vt 1.75 5.0
vt 0.0 5.0
vt 0.0 4.75
vt 1.75 4.75
vt 0.0 5.0
vt 2.0 5.0
vt 2.0 5.25
vt 0.0 5.25
vt 2.0 5.5
vt 0.0 5.5
vt 0.0 5.25
vt 2.0 5.25
vt 1.75 6.0
vt 0.0 6.0
vt 0.0 5.5
vt 1.75 5.5
vt 0.0 4.0
vt 0.0 0.0
vt 6.0 0.0
vt 6.0 4.0
vt 0.0 0.0
vt 0.0 -1.0
vt 1.0 -1.0
vt 1.0 0.0
vt 0.0 -1.0
vt 1.0 -1.0
vt 1.0 0.03125
vt 0.0 0.03125
vt 0.0 1.0
vt 1.0 1.0
vt 1.0 0.65625
vt 1.0 0.875
vt 0.0 0.875
vt 0.0 0.65625
vt 1.0 -0.125
vt 1.0 0.0
vt 0.0 0.0
vt 0.0 -0.125
vt 0.0 4.0
vt 0.0 0.0
vt 8.0 0.0
vt 8.0 4.0
vt 1.0 0.96875
vt 0.0 0.96875
vt 0.5 0.03125
vt 1.0 0.96875
vt 1.0 0.03125
vt 5.0 -6.0
vt 4.0 -7.0
vt 5.0 -7.0
vt -0.5 0.03125
vt 0.5 0.03125
vt 0.0 0.96875
vt 2.75 3.5
vt 0.75 3.5
vt 0.75 3.25
vt 2.75 3.25
vt 1.0 0.96875
vt 0.0 0.96875
vt 0.5 0.03125
vt 1.0 0.96875
vt 1.0 0.03125
vt 1.0 0.96875
vt 0.0 0.96875
vt 0.5 0.03125
vt 1.0 0.96875
vt 1.0 0.03125
vt 3.0 4.0
vt 1.0 4.0
vt 1.0 3.5
vt 3.0 3.5
vt 1.25 4.0
vt 3.25 4.0
vt 3.25 4.25
vt 1.25 4.25
vt 1.5 4.5
vt 1.25 4.5
vt 1.25 4.25
vt 1.5 4.25
vt 3.25 4.5
vt 1.5 4.5
vt 1.5 4.25
vt 3.25 4.25
vt 1.5 4.5
vt 1.75 4.5
vt 1.75 4.75
vt 1.5 4.75
vt 1.5 6.0
vt 1.75 6.0
vt 1.75 6.75
vt 1.5 6.75
vt 0.0 1.0
vt 0.0 0.0
vt 3.0 0.0
vt 3.0 1.0
vt 3.0 5.0
vt 1.75 5.0
vt 1.75 4.5
vt 3.0 4.5
vt 2.75 6.5
vt 1.75 6.5
vt 1.75 5.5
vt 2.75 5.5
vt 1.75 6.5
vt 2.5 6.5
vt 2.5 6.75
vt 1.75 6.75
vt 0.0 2.0
vt 0.0 0.0
vt 3.0 0.0
vt 3.0 2.0
vt 4.0 0.75
vt 2.0 0.75
vt 2.0 0.5
vt 4.0 0.5
vt 2.75 1.25
vt 2.0 1.25
vt 2.0 0.75
vt 2.75 0.75
vt 4.0 1.5
vt 2.0 1.5
vt 2.0 1.25
vt 4.0 1.25
vt 3.0 2.0
vt 2.0 2.0
vt 2.0 1.5
vt 3.0 1.5
vt 4.0 2.25
vt 2.0 2.25
vt 2.0 2.0
vt 4.0 2.0
vt 4.0 2.5
vt 2.0 2.5
vt 2.0 2.25
vt 4.0 2.25
vt 4.0 2.75
vt 2.0 2.75
vt 2.0 2.5
vt 4.0 2.5
vt 4.0 3.25
vt 2.0 3.25
vt 2.0 2.75
vt 4.0 2.75
vt 3.0 5.5
vt 2.0 5.5
vt 2.0 5.0
vt 3.0 5.0
vt 2.5 8.0
vt 2.25 8.0
vt 2.25 6.75
vt 2.5 6.75
vt 2.75 8.0
vt 2.5 8.0
vt 2.5 6.5
vt 2.75 6.5
vt 4.5 0.5
vt 2.75 0.5
vt 2.75 0.0
vt 4.5 0.0
vt 2.75 1.0
vt 2.75 0.75
vt 4.75 1.0
vt 4.75 0.75
vt 3.0 1.25
vt 2.75 1.25
vt 2.75 1.0
vt 3.0 1.0
vt 4.5 3.5
vt 2.75 3.5
vt 2.75 3.25
vt 4.5 3.25
vt 3.0 7.5
vt 2.75 7.5
vt 2.75 5.5
vt 3.0 5.5
vt 3.0 8.0
vt 2.75 8.0
vt 2.75 7.5
vt 3.0 7.5
vt 3.25 1.25
vt 3.0 1.25
vt 3.0 1.0
vt 3.25 1.0
vt 3.0 2.0
vt 3.0 1.5
vt 4.75 2.0
vt 4.75 1.5
vt 4.5 4.0
vt 3.0 4.0
vt 3.0 3.5
vt 4.5 3.5
vt 3.25 6.5
vt 3.0 6.5
vt 3.0 4.5
vt 3.25 4.5
vt 3.25 8.0
vt 3.0 8.0
vt 3.0 6.5
vt 3.25 6.5
vt 4.5 1.25
vt 3.25 1.25
vt 3.25 1.0
vt 4.5 1.0
vt 3.5 6.0
vt 3.25 6.0
vt 3.25 4.0
vt 3.5 4.0
vt 3.5 8.0
vt 3.25 8.0
vt 3.25 6.0
vt 3.5 6.0
vt 3.75 6.0
vt 3.5 6.0
vt 3.5 4.0
vt 3.75 4.0
vt 3.75 8.0
vt 3.5 8.0
vt 3.5 6.0
vt 3.75 6.0
vt 4.5 5.0
vt 3.75 5.0
vt 3.75 4.0
vt 4.5 4.0
vt 3.75 7.0
vt 3.75 5.0
vt 4.25 7.0
vt 4.25 5.0
vt 3.75 7.5
vt 3.75 7.0
vt 5.75 7.5
vt 5.75 7.0
vt 4.75 7.75
vt 3.75 7.5
vt 3.75 7.75
vt 4.75 7.5
vt 4.5 8.0
vt 3.75 8.0
vt 3.75 7.75
vt 4.5 7.75
vt 4.5 0.75
vt 4.0 0.75
vt 4.0 0.5
vt 4.5 0.5
vt 4.5 1.5
vt 4.0 1.5
vt 4.0 1.25
vt 4.5 1.25
vt 4.0 2.25
vt 4.0 2.0
vt 4.75 2.25
vt 4.75 2.0
vt 5.0 2.5
vt 4.0 2.5
vt 4.0 2.25
vt 5.0 2.25
vt 4.0 2.75
vt 4.0 2.5
vt 4.75 2.75
vt 4.75 2.5
vt 4.5 3.25
vt 4.0 3.25
vt 4.0 2.75
vt 4.5 2.75
vt 4.25 5.25
vt 4.5 5.0
vt 4.5 5.25
vt 4.25 5.0
vt 4.5 7.0
vt 4.25 5.25
vt 4.25 7.0
vt 4.5 5.25
vt 6.5 0.75
vt 4.5 0.75
vt 4.5 0.0
vt 6.5 0.0
vt 6.5 1.25
vt 4.5 1.25
vt 4.5 1.0
vt 6.5 1.0
vt 4.5 1.5
vt 4.5 1.25
vt 4.75 1.5
vt 4.75 1.25
vt 4.5 3.75
vt 4.5 2.75
vt 4.75 3.75
vt 4.75 2.75
vt 4.75 4.25
vt 4.5 3.75
vt 4.5 4.25
vt 4.75 3.75
vt 1.0 0.96875
vt 0.0 0.96875
vt 0.5 0.03125
vt 1.0 0.96875
vt 1.0 0.03125
vt 3.0 0.96875
vt 0.0 0.96875
vt 0.0 0.03125
vt 3.0 0.03125
vt 1.0 0.96875
vt 0.0 0.96875
vt 0.5 0.03125
vt 1.0 0.96875
vt 1.0 0.03125
vt 4.5 7.0
vt 4.5 5.5
vt 4.75 7.0
vt 4.75 5.5
vt 1.0 0.96875
vt 0.0 0.96875
vt 0.5 0.03125
vt 1.0 0.96875
vt 1.0 0.03125
vt 6.75 1.0
vt 4.75 1.0
vt 4.75 0.75
vt 6.75 0.75
vt 6.75 2.0
vt 4.75 2.0
vt 4.75 1.25
vt 6.75 1.25
vt 5.0 2.25
vt 5.0 2.0
vt 4.75 2.25
vt 4.75 2.0
vt 5.0 2.75
vt 5.0 2.5
vt 4.75 2.75
vt 4.75 2.5
vt 1.0 0.96875
vt 0.0 0.96875
vt 0.5 0.03125
vt 1.0 0.96875
vt 1.0 0.03125
vt 3.0 0.96875
vt 0.0 0.96875
vt 0.0 0.03125
vt 3.0 0.03125
vt 2.0 0.96875
vt 0.0 0.96875
vt 0.0 0.03125
vt 2.0 0.03125
vt 5.0 -6.0
vt 4.0 -7.0
vt 5.0 -7.0
vt -0.5 0.03125
vt 0.5 0.03125
vt 0.0 0.96875
vt 0.0 0.0
vt 2.0 0.0
vt 2.0 3.0
vt 0.0 3.0
vt 5.0 -6.0
vt 4.0 -7.0
vt 5.0 -7.0
vt -0.5 0.03125
vt 0.5 0.03125
vt 0.0 0.96875
vt 1.0 0.96875
vt 0.0 0.96875
vt 0.5 0.03125
vt 1.0 0.96875
vt 1.0 0.03125
vt 4.75 5.75
vt 6.25 5.75
vt 6.25 7.0
vt 4.75 7.0
vt 1.0 0.96875
vt 0.0 0.96875
vt 0.5 0.03125
vt 1.0 0.96875
vt 1.0 0.03125
vt 5.0 -6.0
vt 4.0 -7.0
vt 5.0 -7.0
vt -0.5 0.03125
vt 0.5 0.03125
vt 0.0 0.96875
vt 1.0 0.96875
vt 0.0 0.96875
vt 0.5 0.03125
vt 1.0 0.96875
vt 1.0 0.03125
vt 2.0 0.96875
vt 0.0 0.96875
vt 0.0 0.03125
vt 2.0 0.03125
vt 5.0 -6.0
vt 4.0 -7.0
vt 5.0 -7.0
vt -0.5 0.03125
vt 0.5 0.03125
vt 0.0 0.96875
vt 0.0 0.0
vt 1.0 0.0
vt 1.0 3.0
vt 0.0 3.0
vt 0.0 0.0
vt 1.0 0.0
vt 1.0 3.0
vt 0.0 3.0
vt 5.0 -6.0
vt 4.0 -7.0
vt 5.0 -7.0
vt -0.5 0.03125
vt 0.5 0.03125
vt 0.0 0.96875
vt 1.0 0.96875
vt 0.0 0.96875
vt 0.5 0.03125
vt 1.0 0.96875
vt 1.0 0.03125
vt 1.0 0.96875
vt 0.0 0.96875
vt 0.5 0.03125
vt 1.0 0.96875
vt 1.0 0.03125
vt 5.0 -6.0
vt 4.0 -7.0
vt 5.0 -7.0
vt -0.5 0.03125
vt 0.5 0.03125
vt 0.0 0.96875
vt 1.0 0.96875
vt 0.0 0.96875
vt 0.0 0.03125
vt 1.0 0.03125
vt 0.0 0.0
vt 1.0 0.0
vt 1.0 2.0
vt 0.0 2.0
vt 0.0 0.0
vt 1.0 0.0
vt 1.0 1.0
vt 0.0 1.0
vt 5.0 -6.0
vt 4.0 -7.0
vt 5.0 -7.0
vt -0.5 0.03125
vt 0.5 0.03125
vt 0.0 0.96875
vt 2.0 0.96875
vt 0.0 0.96875
vt 0.0 0.03125
vt 2.0 0.03125
vt 5.0 -6.0
vt 4.0 -7.0
vt 5.0 -7.0
vt -0.5 0.03125
vt 0.5 0.03125
vt 0.0 0.96875
vt 0.0 0.0
vt 1.0 0.0
vt 1.0 1.0
vt 0.0 1.0
vt 5.0 -6.0
vt 4.0 -7.0
vt 5.0 -7.0
vt -0.5 0.03125
vt 0.5 0.03125
vt 0.0 0.96875
vt 3.0 0.96875
vt 0.0 0.96875
vt 0.0 0.03125
vt 3.0 0.03125
vt 1.0 0.96875
vt 0.0 0.96875
vt 0.5 0.03125
vt 1.0 0.96875
vt 1.0 0.03125
vt 6.25 5.75
vt 5.25 5.75
vt 5.25 5.5
vt 6.25 5.5
vt 6.25 7.75
vt 5.25 7.75
vt 5.25 7.5
vt 6.25 7.5
vt 1.0 0.96875
vt 0.0 0.96875
vt 0.5 0.03125
vt 1.0 0.96875
vt 1.0 0.03125
vt 1.0 0.96875
vt 0.0 0.96875
vt 0.5 0.03125
vt 1.0 0.96875
vt 1.0 0.03125
vt 2.0 0.96875
vt 0.0 0.96875
vt 0.0 0.03125
vt 2.0 0.03125
vt 1.0 0.96875
vt 0.0 0.96875
vt 0.0 0.03125
vt 1.0 0.03125
vt 1.0 0.96875
vt 0.0 0.96875
vt 0.5 0.03125
vt 1.0 0.96875
vt 1.0 0.03125
vt 6.5 3.5
vt 5.5 3.5
vt 5.5 3.25
vt 6.5 3.25
vt 6.0 3.75
vt 5.5 3.75
vt 5.5 3.5
vt 6.0 3.5
vt 2.0 0.96875
vt 0.0 0.96875
vt 0.0 0.03125
vt 2.0 0.03125
vt 0.0 0.0
vt 3.0 0.0
vt 3.0 1.0
vt 0.0 1.0
vt 3.0 0.96875
vt 0.0 0.96875
vt 0.0 0.03125
vt 3.0 0.03125
vt 6.75 4.75
vt 5.5 4.5
vt 5.5 4.75
vt 6.75 4.5
vt 6.5 5.0
vt 5.5 5.0
vt 5.5 4.75
vt 6.5 4.75
vt 5.75 5.25
vt 5.5 5.0
vt 5.5 5.25
vt 5.75 5.0
vt 5.5 5.5
vt 6.25 5.25
vt 6.25 5.5
vt 5.5 5.25
vt 5.5 8.0
vt 6.25 7.75
vt 6.25 8.0
vt 5.5 7.75
vt 7.75 2.5
vt 5.75 2.5
vt 5.75 2.0
vt 7.75 2.0
vt 6.0 2.75
vt 6.0 2.5
vt 5.75 2.75
vt 5.75 2.5
vt 6.75 3.25
vt 5.75 3.25
vt 5.75 2.75
vt 6.75 2.75
vt 6.25 5.25
vt 5.75 5.25
vt 5.75 5.0
vt 6.25 5.0
vt 6.25 7.5
vt 5.75 7.5
vt 5.75 7.0
vt 6.25 7.0
vt 6.0 2.75
vt 6.0 2.5
vt 6.75 2.75
vt 6.75 2.5
vt 1.0 0.96875
vt 0.0 0.96875
vt 0.5 0.03125
vt 1.0 0.96875
vt 1.0 0.03125
vt 5.0 -6.0
vt 4.0 -7.0
vt 5.0 -7.0
vt -0.5 0.03125
vt 0.5 0.03125
vt 0.0 0.96875
vt 1.0 0.96875
vt 0.0 0.96875
vt 0.0 0.03125
vt 1.0 0.03125
vt 0.0 0.0
vt 1.0 0.0
vt 1.0 1.0
vt 0.0 1.0
vt 5.0 -6.0
vt 4.0 -7.0
vt 5.0 -7.0
vt -0.5 0.03125
vt 0.5 0.03125
vt 0.0 0.96875
vt 1.0 0.96875
vt 0.0 0.96875
vt 0.5 0.03125
vt 1.0 0.96875
vt 1.0 0.03125
vt 6.5 7.0
vt 6.5 5.0
vt 6.25 7.0
vt 6.25 5.0
vt 6.5 8.0
vt 6.5 7.0
vt 6.25 8.0
vt 6.25 7.0
vt 8.0 0.75
vt 6.5 0.75
vt 6.5 0.0
vt 8.0 0.0
vt 8.0 1.25
vt 6.5 1.25
vt 6.5 1.0
vt 8.0 1.0
vt 8.0 3.5
vt 6.5 3.5
vt 6.5 3.25
vt 8.0 3.25
vt 2.0 0.96875
vt 0.0 0.96875
vt 0.0 0.03125
vt 2.0 0.03125
vt 0.0 0.0
vt 2.0 0.0
vt 2.0 1.0
vt 0.0 1.0
vt 2.0 0.96875
vt 0.0 0.96875
vt 0.0 0.03125
vt 2.0 0.03125
vt 8.0 4.5
vt 6.5 4.5
vt 6.5 4.25
vt 8.0 4.25
vt 6.75 6.75
vt 6.75 4.75
vt 6.5 6.75
vt 6.5 4.75
vt 6.5 8.0
vt 6.75 6.75
vt 6.75 8.0
vt 6.5 6.75
vt 8.0 1.0
vt 8.0 0.75
vt 6.75 1.0
vt 6.75 0.75
vt 8.0 2.0
vt 8.0 1.25
vt 6.75 2.0
vt 6.75 1.25
vt 8.0 3.25
vt 8.0 2.5
vt 6.75 3.25
vt 6.75 2.5
vt 7.0 6.5
vt 7.0 4.5
vt 6.75 6.5
vt 6.75 4.5
vt 7.0 8.0
vt 7.0 6.5
vt 6.75 8.0
vt 6.75 6.5
vt 1.0 0.96875
vt 0.0 0.96875
vt 0.5 0.03125
vt 1.0 0.96875
vt 1.0 0.03125
vt 1.0 0.96875
vt 0.0 0.96875
vt 0.0 0.03125
vt 1.0 0.03125
vt 1.0 0.96875
vt 0.0 0.96875
vt 0.5 0.03125
vt 1.0 0.96875
vt 1.0 0.03125
vt 7.0 6.5
vt 7.0 4.5
vt 7.25 6.5
vt 7.25 4.5
vt 7.0 8.0
vt 7.0 6.5
vt 7.25 8.0
vt 7.25 6.5
vt 7.25 4.25
vt 8.0 3.5
vt 8.0 4.25
vt 7.25 3.5
vt 7.25 4.75
vt 8.0 4.5
vt 8.0 4.75
vt 7.25 4.5
vt 7.25 6.75
vt 7.25 4.75
vt 7.5 6.75
vt 7.5 4.75
vt 7.5 8.0
vt 7.25 6.75
vt 7.25 8.0
vt 7.5 6.75
vt 8.0 5.0
vt 7.5 5.0
vt 7.5 4.75
vt 8.0 4.75
vt 8.0 7.0
vt 7.5 7.0
vt 7.5 5.0
vt 8.0 5.0
vt 8.0 8.0
vt 7.5 8.0
vt 7.5 7.0
vt 8.0 7.0
vt 8.0 2.5
vt 8.0 2.0
vt 7.75 2.5
vt 7.75 2.0
vt 0.0 0.0
vt 0.0 -1.0
vt 8.0 -1.0
vt 8.0 0.0
vt 0.0 -6.0E-5
vt 0.0 -1.0
vt 8.000424 -1.0
vt 8.000024 -6.0E-5
vt 0.0 0.0
vt 1.0 0.0
vt 1.0 1.0
vt 0.0 1.0
vt 0.0 0.0
vt 1.0 0.0
vt 1.0 1.0
vt 0.0 1.0
vt 0.0 0.0
vt 1.0 0.0
vt 1.0 1.0
vt 0.0 1.0
vt 0.0 0.0
vt 1.0 0.0
vt 1.0 1.0
vt 0.0 1.0
vt 0.0 0.0
vt 1.0 0.0
vt 1.0 1.0
vt 0.0 1.0
vt 0.0 0.0
vt 0.0 -1.0
vt 8.0 -1.0
vt 8.0 0.0
vt 0.0 -6.0E-5
vt 0.0 -1.0
vt 8.000424 -1.0
vt 8.000024 -6.0E-5
vt 0.0 0.0
vt 0.0 -1.0
vt 8.0 -1.0
vt 8.0 0.0
vt 0.0 -6.0E-5
vt 0.0 -1.0
vt 8.000424 -1.0
vt 8.000024 -6.0E-5
vt 0.0 0.0
vt 0.0 -1.0
vt 8.0 -1.0
vt 8.0 0.0
vt 0.0 -6.0E-5
vt 0.0 -1.0
vt 8.000424 -1.0
vt 8.000024 -6.0E-5
vt 0.0 0.0
vt 0.0 -1.0
vt 8.0 -1.0
vt 8.0 0.0
vt 0.0 -6.0E-5
vt 0.0 -1.0
vt 8.000424 -1.0
vt 8.000024 -6.0E-5
vt 0.0 0.0
vt 0.0 -1.0
vt 8.0 -1.0
vt 8.0 0.0
vt 0.0 -6.0E-5
vt 0.0 -1.0
vt 8.000424 -1.0
vt 8.000024 -6.0E-5
vt 0.0 0.0
vt 1.0 0.0
vt 1.0 1.0
vt 0.0 1.0
vt 0.0 0.0
vt 1.0 0.0
vt 1.0 1.0
vt 0.0 1.0
vt 0.0 0.0
vt 1.0 0.0
vt 1.0 1.0
vt 0.0 1.0
vt 0.0 0.0
vt 1.0 0.0
vt 1.0 1.0
vt 0.0 1.0
vt 0.0 0.0
vt 1.0 0.0
vt 1.0 1.0
vt 0.0 1.0
vt 0.0 0.0
vt 1.0 0.0
vt 1.0 1.0
vt 0.0 1.0
vt 0.0 0.0
vt 1.0 0.0
vt 1.0 1.0
vt 0.0 1.0
vt 0.0 0.0
vt 1.0 0.0
vt 1.0 1.0
vt 0.0 1.0
vt 0.0 0.0
vt 1.0 0.0
vt 1.0 1.0
vt 0.0 1.0
vt 0.0 0.0
vt 1.0 0.0
vt 1.0 1.0
vt 0.0 1.0
vt 0.0 0.0
vt 0.0 -1.0
vt 4.0 -1.0
vt 4.0 0.0
vt 0.0 -6.0E-5
vt 0.0 -1.0
vt 4.000212 -1.0
vt 4.000012 -6.0E-5
vt 0.0 0.0
vt 0.0 -1.0
vt 4.0 -1.0
vt 4.0 0.0
vt 0.0 -6.0E-5
vt 0.0 -1.0
vt 4.000212 -1.0
vt 4.000012 -6.0E-5
vt 0.0 0.0
vt 0.0 -1.0
vt 4.0 -1.0
vt 4.0 0.0
vt 0.0 -6.0E-5
vt 0.0 -1.0
vt 4.000212 -1.0
vt 4.000012 -6.0E-5
vt 0.0 0.0
vt 0.0 -1.0
vt 4.0 -1.0
vt 4.0 0.0
vt 0.0 -6.0E-5
vt 0.0 -1.0
vt 4.000212 -1.0
vt 4.000012 -6.0E-5
vt 0.0 0.0
vt 0.0 -1.0
vt 4.0 -1.0
vt 4.0 0.0
vt 0.0 -6.0E-5
vt 0.0 -1.0
vt 4.000212 -1.0
vt 4.000012 -6.0E-5
vt 0.0 0.0
vt 0.0 -1.0
vt 3.0 -1.0
vt 3.0 0.0
vt 0.0 -6.0E-5
vt 0.0 -1.0
vt 3.0001593 -1.0
vt 3.000009 -6.0E-5
vt 0.0 0.0
vt 1.0 0.0
vt 1.0 1.0
vt 0.0 1.0
vt 0.0 0.0
vt 1.0 0.0
vt 1.0 1.0
vt 0.0 1.0
vt 0.0 0.0
vt 1.0 0.0
vt 1.0 1.0
vt 0.0 1.0
vt 0.0 0.0
vt 1.0 0.0
vt 1.0 1.0
vt 0.0 1.0
vt 0.0 0.0
vt 1.0 0.0
vt 1.0 1.0
vt 0.0 1.0
vt 0.0 0.0
vt 1.0 0.0
vt 1.0 1.0
vt 0.0 1.0
vt 0.0 0.0
vt 1.0 0.0
vt 1.0 1.0
vt 0.0 1.0
vt 0.0 0.0
vt 1.0 0.0
vt 1.0 1.0
vt 0.0 1.0
vt 0.0 0.0
vt 1.0 0.0
vt 1.0 1.0
vt 0.0 1.0
vt 0.0 0.0
vt 1.0 0.0
vt 1.0 1.0
vt 0.0 1.0
vt 0.0 0.0
vt 1.0 0.0
vt 1.0 1.0
vt 0.0 1.0
vt 0.0 0.0
vt 1.0 0.0
vt 1.0 1.0
vt 0.0 1.0
vt 0.0 0.0
vt 1.0 0.0
vt 1.0 1.0
vt 0.0 1.0
vt 0.0 0.0
vt 1.0 0.0
vt 1.0 1.0
vt 0.0 1.0
vt 0.0 0.0
vt 1.0 0.0
vt 1.0 1.0
vt 0.0 1.0
vt 0.0 0.0
vt 1.0 0.0
vt 1.0 1.0
vt 0.0 1.0
vt 0.0 0.0
vt 1.0 0.0
vt 1.0 1.0
vt 0.0 1.0
vt 0.0 0.0
vt 1.0 0.0
vt 1.0 1.0
vt 0.0 1.0
vt 0.0 0.0
vt 1.0 0.0
vt 1.0 1.0
vt 0.0 1.0
vt 0.0 0.0
vt 1.0 0.0
vt 1.0 1.0
vt 0.0 1.0
vt 0.0 0.0
vt 1.0 0.0
vt 1.0 1.0
vt 0.0 1.0
vt 0.0 0.0
vt 1.0 0.0
vt 1.0 1.0
vt 0.0 1.0
vt 0.0 0.0
vt 1.0 0.0
vt 1.0 1.0
vt 0.0 1.0
vt 0.0 0.0
vt 1.0 0.0
vt 1.0 1.0
vt 0.0 1.0
vt 0.0 0.0
vt 1.0 0.0
vt 1.0 1.0
vt 0.0 1.0
vt 0.12163 0.084896
vt 0.027474 0.179052
vt 0.375 0.5
vt 0.625 0.75
vt 0.12163 0.084896
vt 0.12163 0.179052
vt 0.027474 0.084896
vt 0.027474 0.179052
vt 0.625 0.5
vt 0.0 0.25
vt 0.125 0.25
vt 0.125 0.5
vt 0.0 0.5
vt 0.027474 0.084896
vt 0.12163 0.179052
vt 0.003115 0.514336
vt 0.121457 0.514336
vt 0.121457 0.987706
vt 0.003115 0.987706
vt 0.375 0.75
vt 0.033307 0.071835
vt 0.095558 0.071835
vt 0.095558 0.196337
vt 0.033307 0.196337
vt 0.375 2.5
vt 0.375 -1.0
vt 0.125 -1.0
vt 0.125 2.5
vt 0.125 -1.0
vt 0.375 -1.0
vt 0.375 2.5
vt 0.125 2.5
vt 0.145155 0.528649
vt 0.604845 0.528649
vt 0.604845 0.988339
vt 0.145155 0.988339
vt 0.604845 0.528649
vt 0.145155 0.528649
vt 0.145155 0.988339
vt 0.604845 0.988339
vt 0.003115 0.514336
vt 0.121457 0.514336
vt 0.121457 0.987706
vt 0.003115 0.987706
vt 0.0 0.25
vt 0.125 0.25
vt 0.125 0.5
vt 0.0 0.5
vt 0.375 0.5
vt 0.625 0.5
vt 0.625 0.75
vt 0.375 0.75
vt 0.033307 0.071835
vt 0.095558 0.071835
vt 0.095558 0.196337
vt 0.033307 0.196337
vt 0.027474 0.084896
vt 0.12163 0.084896
vt 0.12163 0.179052
vt 0.027474 0.179052
vt 0.027474 0.084896
vt 0.12163 0.084896
vt 0.12163 0.179052
vt 0.027474 0.179052
vt 0.0 0.0
vt 1.0 0.0
vt 1.0 1.0
vt 0.0 1.0
vt 0.0 0.0
vt 1.0 0.0
vt 1.0 1.0
vt 0.0 1.0
vt 0.0 0.0
vt 1.0 0.0
vt 1.0 1.0
vt 0.0 1.0
vt 0.0 0.0
vt 1.0 0.0
vt 1.0 1.0
vt 0.0 1.0
vt 0.0 0.0
vt 1.0 0.0
vt 1.0 1.0
vt 0.0 1.0
vt 0.0 0.0
vt 0.0 -1.0
vt 1.0 -1.0
vt 1.0 0.0
vt 0.0 -6.0E-5
vt 0.0 -1.0
vt 1.000053 -1.0
vt 1.000003 -6.0E-5
vt 0.0 0.0
vt 0.0 -1.0
vt 1.0 -1.0
vt 1.0 0.0
vt 0.0 -6.0E-5
vt 0.0 -1.0
vt 1.000053 -1.0
vt 1.000003 -6.0E-5
vt 0.0 0.0
vt 0.0 -1.0
vt 1.0 -1.0
vt 1.0 0.0
vt 0.0 -6.0E-5
vt 0.0 -1.0
vt 1.000053 -1.0
vt 1.000003 -6.0E-5
vt 0.0 0.0
vt 0.0 -1.0
vt 1.0 -1.0
vt 1.0 0.0
vt 0.0 -6.0E-5
vt 0.0 -1.0
vt 1.000053 -1.0
vt 1.000003 -6.0E-5
vt 0.0 0.0
vt 0.0 -1.0
vt 1.0 -1.0
vt 1.0 0.0
vt 0.0 -6.0E-5
vt 0.0 -1.0
vt 1.000053 -1.0
vt 1.000003 -6.0E-5
vt 0.0 0.0
vt 0.0 -1.0
vt 1.0 -1.0
vt 1.0 0.0
vt 0.0 -6.0E-5
vt 0.0 -1.0
vt 1.000053 -1.0
vt 1.000003 -6.0E-5
vt 0.0 0.0
vt 1.0 0.0
vt 1.0 1.0
vt 0.0 1.0
vt 0.0 0.0
vt 1.0 0.0
vt 1.0 1.0
vt 0.0 1.0
vt 0.0 0.0
vt 1.0 0.0
vt 1.0 1.0
vt 0.0 1.0
vt 0.0 0.0
vt 1.0 0.0
vt 1.0 1.0
vt 0.0 1.0
vt 0.0 0.0
vt 1.0 0.0
vt 1.0 1.0
vt 0.0 1.0
vt 0.0 0.0
vt 0.0 -1.0
vt 1.0 -1.0
vt 1.0 0.0
vt 0.0 0.0
vt 0.0 -1.0
vt 1.0 -1.0
vt 1.0 0.0
vt 5.3E-5 0.0
vt 5.4E-5 -0.999978
vt 1.000053 -0.999978
vt 1.000003 0.0
vt 5.3E-5 0.0
vt 5.4E-5 -0.999978
vt 1.000053 -0.999978
vt 1.000003 0.0
vt 0.0 0.0
vt 0.0 -1.0
vt 1.0 -1.0
vt 1.0 0.0
vt 0.0 -6.0E-5
vt 0.0 -1.0
vt 1.000053 -1.0
vt 1.000003 -6.0E-5
vt 0.0 0.0
vt 0.5 -1.0
vt 1.0 0.0
vt 0.0 -1.0
vt 1.0 -1.0
vt 0.500579 -8.2E-5
vt 0.0 -0.999918
vt 1.0 -0.999918
vt 0.0 0.0
vt 0.0 -1.0
vt 1.0 -1.0
vt 1.0 0.0
vt 0.0 -6.0E-5
vt 0.0 -1.0
vt 1.000053 -1.0
vt 1.000003 -6.0E-5
vt 0.0 0.0
vt 0.0 -1.0
vt 2.0 -1.0
vt 2.0 0.0
vt 0.0 -6.0E-5
vt 0.0 -1.0
vt 2.000106 -1.0
vt 2.000006 -6.0E-5
vt 0.0 0.0
vt 0.0 -1.0
vt 2.0 -1.0
vt 2.0 0.0
vt 0.0 -6.0E-5
vt 0.0 -1.0
vt 2.000106 -1.0
vt 2.000006 -6.0E-5
vt 0.0 0.0
vt 0.0 -1.0
vt 1.0 -1.0
vt 1.0 0.0
vt 0.0 -6.0E-5
vt 0.0 -1.0
vt 1.000053 -1.0
vt 1.000003 -6.0E-5
vt 0.0 0.0
vt 0.0 -1.0
vt 1.0 -1.0
vt 1.0 0.0
vt 0.0 0.0
vt 0.0 -1.0
vt 1.0 -1.0
vt 1.0 0.0
vt 5.3E-5 0.0
vt 5.4E-5 -0.999978
vt 1.000053 -0.999978
vt 1.000003 0.0
vt 5.3E-5 0.0
vt 5.4E-5 -0.999978
vt 1.000053 -0.999978
vt 1.000003 0.0
vt 0.0 0.0
vt 0.0 -1.0
vt 2.0 -1.0
vt 2.0 0.0
vt 0.0 -6.0E-5
vt 0.0 -1.0
vt 2.000106 -1.0
vt 2.000006 -6.0E-5
vt 0.0 0.0
vt 0.5 -1.0
vt 1.0 0.0
vt 0.0 -1.0
vt 1.0 -1.0
vt 0.500579 -8.2E-5
vt 0.0 -0.999918
vt 1.0 -0.999918
vt 0.0 0.0
vt 1.0 0.0
vt 1.0 1.0
vt 0.0 1.0
vt 0.0 0.0
vt 1.0 0.0
vt 1.0 1.0
vt 0.0 1.0
vt 0.0 0.0
vt 1.0 0.0
vt 1.0 1.0
vt 0.0 1.0
vt 0.0 0.0
vt 1.0 0.0
vt 1.0 1.0
vt 0.0 1.0
vt 0.0 0.0
vt 1.0 0.0
vt 1.0 1.0
vt 0.0 1.0
vt 0.0 -1.0
vt -1.0 -1.0
vt -1.0 -2.0
vt 0.0 -2.0
vt 0.0 0.0
vt 0.0 -1.0
vt -1.0 -1.0
vt -1.0 0.0
vt 0.0 0.0
vt -1.0 0.0
vt -1.0 -1.0
vt 0.0 -1.0
vt 0.0 -2.0
vt 0.0 -1.0
vt -1.0 -1.0
vt -1.0 -2.0
vt 0.0 0.0
vt 0.0 -1.0
vt 7.0 -1.0
vt 7.0 0.0
vt 0.0 -6.0E-5
vt 0.0 -1.0
vt 7.0003715 -1.0
vt 7.000021 -6.0E-5
vt 0.0 0.0
vt 0.0 -1.0
vt 1.0 -1.0
vt 1.0 0.0
vt 0.0 0.0
vt 0.0 -1.0
vt 1.0 -1.0
vt 1.0 0.0
vt 5.3E-5 0.0
vt 5.4E-5 -0.999978
vt 1.000053 -0.999978
vt 1.000003 0.0
vt 5.3E-5 0.0
vt 5.4E-5 -0.999978
vt 1.000053 -0.999978
vt 1.000003 0.0
vt 0.0 0.0
vt 0.0 -1.0
vt 1.0 -1.0
vt 1.0 0.0
vt 0.0 -6.0E-5
vt 0.0 -1.0
vt 1.000053 -1.0
vt 1.000003 -6.0E-5
vt 0.0 0.0
vt 0.5 -1.0
vt 1.0 0.0
vt 0.0 -1.0
vt 1.0 -1.0
vt 0.500579 -8.2E-5
vt 0.0 -0.999918
vt 1.0 -0.999918
vt 0.0 0.0
vt 0.0 -1.0
vt 1.0 -1.0
vt 1.0 0.0
vt 0.0 0.0
vt 0.0 -1.0
vt 1.0 -1.0
vt 1.0 0.0
vt 5.3E-5 0.0
vt 5.4E-5 -0.999978
vt 1.000053 -0.999978
vt 1.000003 0.0
vt 5.3E-5 0.0
vt 5.4E-5 -0.999978
vt 1.000053 -0.999978
vt 1.000003 0.0
vt 0.0 0.0
vt 0.0 -1.0
vt 3.0 -1.0
vt 3.0 0.0
vt 0.0 -6.0E-5
vt 0.0 -1.0
vt 3.0001593 -1.0
vt 3.000009 -6.0E-5
vt 0.0 0.0
vt 0.5 -1.0
vt 1.0 0.0
vt 0.0 -1.0
vt 1.0 -1.0
vt 0.500579 -8.2E-5
vt 0.0 -0.999918
vt 1.0 -0.999918
vt 0.0 0.0
vt 0.0 -1.0
vt 2.0 -1.0
vt 2.0 0.0
vt 0.0 -6.0E-5
vt 0.0 -1.0
vt 2.000106 -1.0
vt 2.000006 -6.0E-5
vt 0.0 0.0
vt 1.0 0.0
vt 1.0 1.0
vt 0.0 1.0
vt 0.0 0.0
vt 1.0 0.0
vt 1.0 1.0
vt 0.0 1.0
vt 0.0 0.0
vt 1.0 0.0
vt 1.0 1.0
vt 0.0 1.0
vt 0.0 0.0
vt 1.0 0.0
vt 1.0 1.0
vt 0.0 1.0
vt 0.0 0.0
vt 1.0 0.0
vt 1.0 1.0
vt 0.0 1.0
vt 0.0 0.0
vt 0.0 -1.0
vt 5.0 -1.0
vt 5.0 0.0
vt 0.0 -6.0E-5
vt 0.0 -1.0
vt 5.000265 -1.0
vt 5.000015 -6.0E-5
vt 0.0 0.0
vt 0.0 -1.0
vt 1.0 -1.0
vt 1.0 0.0
vt 0.0 0.0
vt 0.0 -1.0
vt 1.0 -1.0
vt 1.0 0.0
vt 5.3E-5 0.0
vt 5.4E-5 -0.999978
vt 1.000053 -0.999978
vt 1.000003 0.0
vt 5.3E-5 0.0
vt 5.4E-5 -0.999978
vt 1.000053 -0.999978
vt 1.000003 0.0
vt 0.0 0.0
vt 0.0 -1.0
vt 1.0 -1.0
vt 1.0 0.0
vt 0.0 -6.0E-5
vt 0.0 -1.0
vt 1.000053 -1.0
vt 1.000003 -6.0E-5
vt 0.0 0.0
vt 0.5 -1.0
vt 1.0 0.0
vt 0.0 -1.0
vt 1.0 -1.0
vt 0.500579 -8.2E-5
vt 0.0 -0.999918
vt 1.0 -0.999918
vt 0.0 0.0
vt 0.0 -1.0
vt 1.0 -1.0
vt 1.0 0.0
vt 0.0 0.0
vt 0.0 -1.0
vt 1.0 -1.0
vt 1.0 0.0
vt 5.3E-5 0.0
vt 5.4E-5 -0.999978
vt 1.000053 -0.999978
vt 1.000003 0.0
vt 5.3E-5 0.0
vt 5.4E-5 -0.999978
vt 1.000053 -0.999978
vt 1.000003 0.0
vt 0.0 0.0
vt 0.5 -1.0
vt 1.0 0.0
vt 0.0 -1.0
vt 1.0 -1.0
vt 0.500579 -8.2E-5
vt 0.0 -0.999918
vt 1.0 -0.999918
vt 0.0 -1.0
vt -1.0 -1.0
vt -1.0 -2.0
vt 0.0 -2.0
vt 0.0 0.0
vt 0.0 -1.0
vt -1.0 -1.0
vt -1.0 0.0
vt 0.0 0.0
vt -1.0 0.0
vt -1.0 -1.0
vt 0.0 -1.0
vt 0.0 -2.0
vt 0.0 -1.0
vt -1.0 -1.0
vt -1.0 -2.0
vt 0.0 0.0
vt 0.0 -1.0
vt 2.0 -1.0
vt 2.0 0.0
vt 0.0 -6.0E-5
vt 0.0 -1.0
vt 2.000106 -1.0
vt 2.000006 -6.0E-5
vt 0.0 0.0
vt 0.0 -1.0
vt 2.0 -1.0
vt 2.0 0.0
vt 0.0 -6.0E-5
vt 0.0 -1.0
vt 2.000106 -1.0
vt 2.000006 -6.0E-5
vt 0.0 0.0
vt 1.0 0.0
vt 1.0 1.0
vt 0.0 1.0
vt 0.0 0.0
vt 1.0 0.0
vt 1.0 1.0
vt 0.0 1.0
vt 0.0 0.0
vt 1.0 0.0
vt 1.0 1.0
vt 0.0 1.0
vt 0.0 0.0
vt 1.0 0.0
vt 1.0 1.0
vt 0.0 1.0
vt 0.0 0.0
vt 1.0 0.0
vt 1.0 1.0
vt 0.0 1.0
vt 0.0 0.0
vt 0.0 -1.0
vt 2.0 -1.0
vt 2.0 0.0
vt 0.0 -6.0E-5
vt 0.0 -1.0
vt 2.000106 -1.0
vt 2.000006 -6.0E-5
vt 0.0 0.0
vt 0.0 -1.0
vt 3.0 -1.0
vt 3.0 0.0
vt 0.0 -6.0E-5
vt 0.0 -1.0
vt 3.0001593 -1.0
vt 3.000009 -6.0E-5
vt 0.0 0.0
vt 0.0 -1.0
vt 8.0 -1.0
vt 8.0 0.0
vt 0.0 -6.0E-5
vt 0.0 -1.0
vt 8.000424 -1.0
vt 8.000024 -6.0E-5
vt 0.0 0.0
vt 0.0 -1.0
vt 8.0 -1.0
vt 8.0 0.0
vt 0.0 -6.0E-5
vt 0.0 -1.0
vt 8.000424 -1.0
vt 8.000024 -6.0E-5
vt 0.0 0.0
vt 0.0 -1.0
vt 8.0 -1.0
vt 8.0 0.0
vt 0.0 -6.0E-5
vt 0.0 -1.0
vt 8.000424 -1.0
vt 8.000024 -6.0E-5
vt 0.0 0.0
vt 0.0 -1.0
vt 3.0 -1.0
vt 3.0 0.0
vt 0.0 -6.0E-5
vt 0.0 -1.0
vt 3.0001593 -1.0
vt 3.000009 -6.0E-5
vt 0.0 -1.0
vt -1.0 -1.0
vt -1.0 -2.0
vt 0.0 -2.0
vt 0.0 0.0
vt 0.0 -1.0
vt -1.0 -1.0
vt -1.0 0.0
vt 0.0 0.0
vt -1.0 0.0
vt -1.0 -1.0
vt 0.0 -1.0
vt 0.0 -2.0
vt 0.0 -1.0
vt -1.0 -1.0
vt -1.0 -2.0
vt 0.0 0.0
vt 0.0 -1.0
vt 2.0 -1.0
vt 2.0 0.0
vt 0.0 -6.0E-5
vt 0.0 -1.0
vt 2.000106 -1.0
vt 2.000006 -6.0E-5
vt 0.0 0.0
vt 0.0 -1.0
vt 1.0 -1.0
vt 1.0 0.0
vt 0.0 0.0
vt 0.0 -1.0
vt 1.0 -1.0
vt 1.0 0.0
vt 5.3E-5 0.0
vt 5.4E-5 -0.999978
vt 1.000053 -0.999978
vt 1.000003 0.0
vt 5.3E-5 0.0
vt 5.4E-5 -0.999978
vt 1.000053 -0.999978
vt 1.000003 0.0
vt 0.0 0.0
vt 0.0 -1.0
vt 4.0 -1.0
vt 4.0 0.0
vt 0.0 -6.0E-5
vt 0.0 -1.0
vt 4.000212 -1.0
vt 4.000012 -6.0E-5
vt 0.0 0.0
vt 1.0 0.0
vt 1.0 1.0
vt 0.0 1.0
vt 0.0 0.0
vt 1.0 0.0
vt 1.0 1.0
vt 0.0 1.0
vt 0.0 0.0
vt 1.0 0.0
vt 1.0 1.0
vt 0.0 1.0
vt 0.0 0.0
vt 1.0 0.0
vt 1.0 1.0
vt 0.0 1.0
vt 0.0 0.0
vt 1.0 0.0
vt 1.0 1.0
vt 0.0 1.0
vt 0.0 0.0
vt 0.0 -1.0
vt 1.0 -1.0
vt 1.0 0.0
vt 0.0 0.0
vt 0.0 -1.0
vt 1.0 -1.0
vt 1.0 0.0
vt 5.3E-5 0.0
vt 5.4E-5 -0.999978
vt 1.000053 -0.999978
vt 1.000003 0.0
vt 5.3E-5 0.0
vt 5.4E-5 -0.999978
vt 1.000053 -0.999978
vt 1.000003 0.0
vt 0.0 0.0
vt 0.0 -1.0
vt 5.0 -1.0
vt 5.0 0.0
vt 0.0 -6.0E-5
vt 0.0 -1.0
vt 5.000265 -1.0
vt 5.000015 -6.0E-5
vt 0.0 0.0
vt 0.0 -1.0
vt 1.0 -1.0
vt 1.0 0.0
vt 0.0 -6.0E-5
vt 0.0 -1.0
vt 1.000053 -1.0
vt 1.000003 -6.0E-5
vt 0.0 0.0
vt 0.0 -1.0
vt 1.0 -1.0
vt 1.0 0.0
vt 0.0 0.0
vt 0.0 -1.0
vt 1.0 -1.0
vt 1.0 0.0
vt 5.3E-5 0.0
vt 5.4E-5 -0.999978
vt 1.000053 -0.999978
vt 1.000003 0.0
vt 5.3E-5 0.0
vt 5.4E-5 -0.999978
vt 1.000053 -0.999978
vt 1.000003 0.0
vt 0.0 0.0
vt 0.5 -1.0
vt 1.0 0.0
vt 0.0 -1.0
vt 1.0 -1.0
vt 0.500579 -8.2E-5
vt 0.0 -0.999918
vt 1.0 -0.999918
vt 0.0 0.0
vt 0.0 -1.0
vt 1.0 -1.0
vt 1.0 0.0
vt 0.0 -6.0E-5
vt 0.0 -1.0
vt 1.000053 -1.0
vt 1.000003 -6.0E-5
vt 0.0 0.0
vt 0.0 -1.0
vt 1.0 -1.0
vt 1.0 0.0
vt 0.0 0.0
vt 0.0 -1.0
vt 1.0 -1.0
vt 1.0 0.0
vt 5.3E-5 0.0
vt 5.4E-5 -0.999978
vt 1.000053 -0.999978
vt 1.000003 0.0
vt 5.3E-5 0.0
vt 5.4E-5 -0.999978
vt 1.000053 -0.999978
vt 1.000003 0.0
vt 0.0 -1.0
vt -1.0 -1.0
vt -1.0 -2.0
vt 0.0 -2.0
vt 0.0 0.0
vt 0.0 -1.0
vt -1.0 -1.0
vt -1.0 0.0
vt 0.0 0.0
vt -1.0 0.0
vt -1.0 -1.0
vt 0.0 -1.0
vt 0.0 -2.0
vt 0.0 -1.0
vt -1.0 -1.0
vt -1.0 -2.0
vt 0.0 0.0
vt 0.0 -1.0
vt 1.0 -1.0
vt 1.0 0.0
vt 0.0 0.0
vt 0.0 -1.0
vt 1.0 -1.0
vt 1.0 0.0
vt 5.3E-5 0.0
vt 5.4E-5 -0.999978
vt 1.000053 -0.999978
vt 1.000003 0.0
vt 5.3E-5 0.0
vt 5.4E-5 -0.999978
vt 1.000053 -0.999978
vt 1.000003 0.0
vt 0.0 0.0
vt 0.0 -1.0
vt 8.0 -1.0
vt 8.0 0.0
vt 0.0 -6.0E-5
vt 0.0 -1.0
vt 8.000424 -1.0
vt 8.000024 -6.0E-5
vt 0.0 0.0
vt 0.0 -1.0
vt 1.0 -1.0
vt 1.0 0.0
vt 0.0 -6.0E-5
vt 0.0 -1.0
vt 1.000053 -1.0
vt 1.000003 -6.0E-5
vt 0.0 0.0
vt 0.0 -1.0
vt 6.0 -1.0
vt 6.0 0.0
vt 0.0 -6.0E-5
vt 0.0 -1.0
vt 6.0003185 -1.0
vt 6.000018 -6.0E-5
vt 0.0 0.0
vt 1.0 0.0
vt 1.0 1.0
vt 0.0 1.0
vt 0.0 0.0
vt 1.0 0.0
vt 1.0 1.0
vt 0.0 1.0
vt 0.0 0.0
vt 1.0 0.0
vt 1.0 1.0
vt 0.0 1.0
vt 0.0 0.0
vt 1.0 0.0
vt 1.0 1.0
vt 0.0 1.0
vt 0.0 0.0
vt 1.0 0.0
vt 1.0 1.0
vt 0.0 1.0
vt 0.0 0.0
vt 0.5 -1.0
vt 1.0 0.0
vt 0.0 -1.0
vt 1.0 -1.0
vt 0.500579 -8.2E-5
vt 0.0 -0.999918
vt 1.0 -0.999918
vt 0.0 0.0
vt 0.0 -1.0
vt 1.0 -1.0
vt 1.0 0.0
vt 0.0 -6.0E-5
vt 0.0 -1.0
vt 1.000053 -1.0
vt 1.000003 -6.0E-5
vt 0.0 0.0
vt 0.0 -1.0
vt 1.0 -1.0
vt 1.0 0.0
vt 0.0 0.0
vt 0.0 -1.0
vt 1.0 -1.0
vt 1.0 0.0
vt 5.3E-5 0.0
vt 5.4E-5 -0.999978
vt 1.000053 -0.999978
vt 1.000003 0.0
vt 5.3E-5 0.0
vt 5.4E-5 -0.999978
vt 1.000053 -0.999978
vt 1.000003 0.0
vt 0.0 0.0
vt 0.0 -1.0
vt 1.0 -1.0
vt 1.0 0.0
vt 0.0 0.0
vt 0.0 -1.0
vt 1.0 -1.0
vt 1.0 0.0
vt 5.3E-5 0.0
vt 5.4E-5 -0.999978
vt 1.000053 -0.999978
vt 1.000003 0.0
vt 5.3E-5 0.0
vt 5.4E-5 -0.999978
vt 1.000053 -0.999978
vt 1.000003 0.0
vt 0.0 0.0
vt 0.0 -1.0
vt 8.0 -1.0
vt 8.0 0.0
vt 0.0 -6.0E-5
vt 0.0 -1.0
vt 8.000424 -1.0
vt 8.000024 -6.0E-5
vt 0.0 0.0
vt 0.0 -1.0
vt 5.0 -1.0
vt 5.0 0.0
vt 0.0 -6.0E-5
vt 0.0 -1.0
vt 5.000265 -1.0
vt 5.000015 -6.0E-5
vt 0.0 0.0
vt 0.0 -1.0
vt 5.0 -1.0
vt 5.0 0.0
vt 0.0 -6.0E-5
vt 0.0 -1.0
vt 5.000265 -1.0
vt 5.000015 -6.0E-5
vt 0.0 0.0
vt 1.0 0.0
vt 1.0 1.0
vt 0.0 1.0
vt 0.0 0.0
vt 1.0 0.0
vt 1.0 1.0
vt 0.0 1.0
vt 0.0 0.0
vt 1.0 0.0
vt 1.0 1.0
vt 0.0 1.0
vt 0.0 0.0
vt 1.0 0.0
vt 1.0 1.0
vt 0.0 1.0
vt 0.0 0.0
vt 1.0 0.0
vt 1.0 1.0
vt 0.0 1.0
vt 0.0 0.0
vt 0.0 -1.0
vt 1.0 -1.0
vt 1.0 0.0
vt 0.0 0.0
vt 0.0 -1.0
vt 1.0 -1.0
vt 1.0 0.0
vt 5.3E-5 0.0
vt 5.4E-5 -0.999978
vt 1.000053 -0.999978
vt 1.000003 0.0
vt 5.3E-5 0.0
vt 5.4E-5 -0.999978
vt 1.000053 -0.999978
vt 1.000003 0.0
vt 0.0 0.0
vt 0.0 -1.0
vt 8.0 -1.0
vt 8.0 0.0
vt 0.0 -6.0E-5
vt 0.0 -1.0
vt 8.000424 -1.0
vt 8.000024 -6.0E-5
vt 0.0 0.0
vt 0.0 -1.0
vt 6.0 -1.0
vt 6.0 0.0
vt 0.0 -6.0E-5
vt 0.0 -1.0
vt 6.0003185 -1.0
vt 6.000018 -6.0E-5
vt 0.0 0.0
vt 1.0 0.0
vt 1.0 1.0
vt 0.0 1.0
vt 0.0 0.0
vt 1.0 0.0
vt 1.0 1.0
vt 0.0 1.0
vt 0.0 0.0
vt 1.0 0.0
vt 1.0 1.0
vt 0.0 1.0
vt 0.0 0.0
vt 1.0 0.0
vt 1.0 1.0
vt 0.0 1.0
vt 0.0 0.0
vt 1.0 0.0
vt 1.0 1.0
vt 0.0 1.0
vt 0.0 0.0
vt 0.0 -1.0
vt 1.0 -1.0
vt 1.0 0.0
vt 0.0 0.0
vt 0.0 -1.0
vt 1.0 -1.0
vt 1.0 0.0
vt 5.3E-5 0.0
vt 5.4E-5 -0.999978
vt 1.000053 -0.999978
vt 1.000003 0.0
vt 5.3E-5 0.0
vt 5.4E-5 -0.999978
vt 1.000053 -0.999978
vt 1.000003 0.0
vt 0.0 0.0
vt 0.0 -1.0
vt 8.0 -1.0
vt 8.0 0.0
vt 0.0 -6.0E-5
vt 0.0 -1.0
vt 8.000424 -1.0
vt 8.000024 -6.0E-5
vt 0.0 0.0
vt 0.0 -1.0
vt 7.0 -1.0
vt 7.0 0.0
vt 0.0 -6.0E-5
vt 0.0 -1.0
vt 7.0003715 -1.0
vt 7.000021 -6.0E-5
vt 0.0 0.0
vt 1.0 0.0
vt 1.0 1.0
vt 0.0 1.0
vt 0.0 0.0
vt 1.0 0.0
vt 1.0 1.0
vt 0.0 1.0
vt 0.0 0.0
vt 1.0 0.0
vt 1.0 1.0
vt 0.0 1.0
vt 0.0 0.0
vt 1.0 0.0
vt 1.0 1.0
vt 0.0 1.0
vt 0.0 0.0
vt 1.0 0.0
vt 1.0 1.0
vt 0.0 1.0
vt 0.0 0.0
vt 1.0 0.0
vt 1.0 1.0
vt 0.0 1.0
vt 0.0 0.0
vt 1.0 0.0
vt 1.0 1.0
vt 0.0 1.0
vt 0.0 0.0
vt 1.0 0.0
vt 1.0 1.0
vt 0.0 1.0
vt 0.0 0.0
vt 1.0 0.0
vt 1.0 1.0
vt 0.0 1.0
vt 0.0 0.0
vt 1.0 0.0
vt 1.0 1.0
vt 0.0 1.0
vt 0.0 0.0
vt 0.5 -1.0
vt 1.0 0.0
vt 0.0 -1.0
vt 1.0 -1.0
vt 0.500579 -8.2E-5
vt 0.0 -0.999918
vt 1.0 -0.999918
vt 0.0 0.0
vt 0.0 -1.0
vt 8.0 -1.0
vt 8.0 0.0
vt 0.0 -6.0E-5
vt 0.0 -1.0
vt 8.000424 -1.0
vt 8.000024 -6.0E-5
vt 0.0 0.0
vt 0.0 -1.0
vt 4.0 -1.0
vt 4.0 0.0
vt 0.0 -6.0E-5
vt 0.0 -1.0
vt 4.000212 -1.0
vt 4.000012 -6.0E-5
vt 0.0 0.0
vt 1.0 0.0
vt 1.0 1.0
vt 0.0 1.0
vt 0.0 0.0
vt 1.0 0.0
vt 1.0 1.0
vt 0.0 1.0
vt 0.0 0.0
vt 1.0 0.0
vt 1.0 1.0
vt 0.0 1.0
vt 0.0 0.0
vt 1.0 0.0
vt 1.0 1.0
vt 0.0 1.0
vt 0.0 0.0
vt 1.0 0.0
vt 1.0 1.0
vt 0.0 1.0
vt 0.0 0.0
vt 0.0 -1.0
vt 2.0 -1.0
vt 2.0 0.0
vt 0.0 -6.0E-5
vt 0.0 -1.0
vt 2.000106 -1.0
vt 2.000006 -6.0E-5
vt 0.0 0.0
vt 1.0 0.0
vt 1.0 1.0
vt 0.0 1.0
vt 0.0 0.0
vt 1.0 0.0
vt 1.0 1.0
vt 0.0 1.0
vt 0.0 0.0
vt 1.0 0.0
vt 1.0 1.0
vt 0.0 1.0
vt 0.0 0.0
vt 1.0 0.0
vt 1.0 1.0
vt 0.0 1.0
vt 0.0 0.0
vt 1.0 0.0
vt 1.0 1.0
vt 0.0 1.0
vt 0.0 0.0
vt 1.0 0.0
vt 1.0 1.0
vt 0.0 1.0
vt 0.0 0.0
vt 1.0 0.0
vt 1.0 1.0
vt 0.0 1.0
vt 0.0 0.0
vt 1.0 0.0
vt 1.0 1.0
vt 0.0 1.0
vt 0.0 0.0
vt 1.0 0.0
vt 1.0 1.0
vt 0.0 1.0
vt 0.0 0.0
vt 1.0 0.0
vt 1.0 1.0
vt 0.0 1.0
vt 0.0 -1.0
vt -1.0 -1.0
vt -1.0 -2.0
vt 0.0 -2.0
vt 0.0 0.0
vt 0.0 -1.0
vt -1.0 -1.0
vt -1.0 0.0
vt 0.0 0.0
vt -1.0 0.0
vt -1.0 -1.0
vt 0.0 -1.0
vt 0.0 -2.0
vt 0.0 -1.0
vt -1.0 -1.0
vt -1.0 -2.0
vt 0.0 0.0
vt 1.0 0.0
vt 1.0 1.0
vt 0.0 1.0
vt 0.0 0.0
vt 1.0 0.0
vt 1.0 1.0
vt 0.0 1.0
vt 0.0 0.0
vt 1.0 0.0
vt 1.0 1.0
vt 0.0 1.0
vt 0.0 0.0
vt 1.0 0.0
vt 1.0 1.0
vt 0.0 1.0
vt 0.0 0.0
vt 1.0 0.0
vt 1.0 1.0
vt 0.0 1.0
vt 0.0 0.0
vt 1.0 0.0
vt 1.0 1.0
vt 0.0 1.0
vt 0.0 0.0
vt 1.0 0.0
vt 1.0 1.0
vt 0.0 1.0
vt 0.0 0.0
vt 1.0 0.0
vt 1.0 1.0
vt 0.0 1.0
vt 0.0 0.0
vt 1.0 0.0
vt 1.0 1.0
vt 0.0 1.0
vt 0.0 0.0
vt 1.0 0.0
vt 1.0 1.0
vt 0.0 1.0
vt 0.0 -1.0
vt -1.0 -1.0
vt -1.0 -2.0
vt 0.0 -2.0
vt 0.0 0.0
vt 0.0 -1.0
vt -1.0 -1.0
vt -1.0 0.0
vt 0.0 0.0
vt -1.0 0.0
vt -1.0 -1.0
vt 0.0 -1.0
vt 0.0 -2.0
vt 0.0 -1.0
vt -1.0 -1.0
vt -1.0 -2.0
vt 0.0 0.0
vt 1.0 0.0
vt 1.0 1.0
vt 0.0 1.0
vt 0.0 0.0
vt 1.0 0.0
vt 1.0 1.0
vt 0.0 1.0
vt 0.0 0.0
vt 1.0 0.0
vt 1.0 1.0
vt 0.0 1.0
vt 0.0 0.0
vt 1.0 0.0
vt 1.0 1.0
vt 0.0 1.0
vt 0.0 0.0
vt 1.0 0.0
vt 1.0 1.0
vt 0.0 1.0
vt 0.0 0.0
vt 0.0 -1.0
vt 2.0 -1.0
vt 2.0 0.0
vt 0.0 -6.0E-5
vt 0.0 -1.0
vt 2.000106 -1.0
vt 2.000006 -6.0E-5
vt 0.0 0.0
vt 0.0 -1.0
vt 3.0 -1.0
vt 3.0 0.0
vt 0.0 -6.0E-5
vt 0.0 -1.0
vt 3.0001593 -1.0
vt 3.000009 -6.0E-5
vt 0.0 0.0
vt 0.0 -1.0
vt 2.0 -1.0
vt 2.0 0.0
vt 0.0 -6.0E-5
vt 0.0 -1.0
vt 2.000106 -1.0
vt 2.000006 -6.0E-5
vt 0.0 0.0
vt 1.0 0.0
vt 1.0 1.0
vt 0.0 1.0
vt 0.0 0.0
vt 1.0 0.0
vt 1.0 1.0
vt 0.0 1.0
vt 0.0 0.0
vt 1.0 0.0
vt 1.0 1.0
vt 0.0 1.0
vt 0.0 0.0
vt 1.0 0.0
vt 1.0 1.0
vt 0.0 1.0
vt 0.0 0.0
vt 1.0 0.0
vt 1.0 1.0
vt 0.0 1.0
vt 0.0 0.0
vt 0.0 -1.0
vt 2.0 -1.0
vt 2.0 0.0
vt 0.0 -6.0E-5
vt 0.0 -1.0
vt 2.000106 -1.0
vt 2.000006 -6.0E-5
vt 0.0 0.0
vt 0.0 -1.0
vt 1.0 -1.0
vt 1.0 0.0
vt 0.0 0.0
vt 0.0 -1.0
vt 1.0 -1.0
vt 1.0 0.0
vt 5.3E-5 0.0
vt 5.4E-5 -0.999978
vt 1.000053 -0.999978
vt 1.000003 0.0
vt 5.3E-5 0.0
vt 5.4E-5 -0.999978
vt 1.000053 -0.999978
vt 1.000003 0.0
vt 0.0 0.0
vt 0.5 -1.0
vt 1.0 0.0
vt 0.0 -1.0
vt 1.0 -1.0
vt 0.500579 -8.2E-5
vt 0.0 -0.999918
vt 1.0 -0.999918
vt 0.0 0.0
vt 0.0 -1.0
vt 1.0 -1.0
vt 1.0 0.0
vt 0.0 -6.0E-5
vt 0.0 -1.0
vt 1.000053 -1.0
vt 1.000003 -6.0E-5
vt 0.0 0.0
vt 0.0 -1.0
vt 1.0 -1.0
vt 1.0 0.0
vt 0.0 0.0
vt 0.0 -1.0
vt 1.0 -1.0
vt 1.0 0.0
vt 5.3E-5 0.0
vt 5.4E-5 -0.999978
vt 1.000053 -0.999978
vt 1.000003 0.0
vt 5.3E-5 0.0
vt 5.4E-5 -0.999978
vt 1.000053 -0.999978
vt 1.000003 0.0
vt 0.0 0.0
vt 0.5 -1.0
vt 1.0 0.0
vt 0.0 -1.0
vt 1.0 -1.0
vt 0.500579 -8.2E-5
vt 0.0 -0.999918
vt 1.0 -0.999918
vt 0.0 0.0
vt 0.0 -1.0
vt 1.0 -1.0
vt 1.0 0.0
vt 0.0 0.0
vt 0.0 -1.0
vt 1.0 -1.0
vt 1.0 0.0
vt 5.3E-5 0.0
vt 5.4E-5 -0.999978
vt 1.000053 -0.999978
vt 1.000003 0.0
vt 5.3E-5 0.0
vt 5.4E-5 -0.999978
vt 1.000053 -0.999978
vt 1.000003 0.0
vt 0.0 -1.0
vt -1.0 -1.0
vt -1.0 -2.0
vt 0.0 -2.0
vt 0.0 0.0
vt 0.0 -1.0
vt -1.0 -1.0
vt -1.0 0.0
vt 0.0 0.0
vt -1.0 0.0
vt -1.0 -1.0
vt 0.0 -1.0
vt 0.0 -2.0
vt 0.0 -1.0
vt -1.0 -1.0
vt -1.0 -2.0
vt 0.0 0.0
vt 0.0 -1.0
vt 8.0 -1.0
vt 8.0 0.0
vt 0.0 -6.0E-5
vt 0.0 -1.0
vt 8.000424 -1.0
vt 8.000024 -6.0E-5
vt 0.0 0.0
vt 0.5 -1.0
vt 1.0 0.0
vt 0.0 -1.0
vt 1.0 -1.0
vt 0.500579 -8.2E-5
vt 0.0 -0.999918
vt 1.0 -0.999918
vt 0.0 0.0
vt 0.0 -1.0
vt 3.0 -1.0
vt 3.0 0.0
vt 0.0 -6.0E-5
vt 0.0 -1.0
vt 3.0001593 -1.0
vt 3.000009 -6.0E-5
vt 0.0 0.0
vt 0.0 -1.0
vt 1.0 -1.0
vt 1.0 0.0
vt 0.0 0.0
vt 0.0 -1.0
vt 1.0 -1.0
vt 1.0 0.0
vt 5.3E-5 0.0
vt 5.4E-5 -0.999978
vt 1.000053 -0.999978
vt 1.000003 0.0
vt 5.3E-5 0.0
vt 5.4E-5 -0.999978
vt 1.000053 -0.999978
vt 1.000003 0.0
vt 0.0 0.0
vt 0.5 -1.0
vt 1.0 0.0
vt 0.0 -1.0
vt 1.0 -1.0
vt 0.500579 -8.2E-5
vt 0.0 -0.999918
vt 1.0 -0.999918
vt 0.0 0.0
vt 0.0 -1.0
vt 3.0 -1.0
vt 3.0 0.0
vt 0.0 -6.0E-5
vt 0.0 -1.0
vt 3.0001593 -1.0
vt 3.000009 -6.0E-5
vt 0.0 0.0
vt 0.0 -1.0
vt 1.0 -1.0
vt 1.0 0.0
vt 0.0 0.0
vt 0.0 -1.0
vt 1.0 -1.0
vt 1.0 0.0
vt 5.3E-5 0.0
vt 5.4E-5 -0.999978
vt 1.000053 -0.999978
vt 1.000003 0.0
vt 5.3E-5 0.0
vt 5.4E-5 -0.999978
vt 1.000053 -0.999978
vt 1.000003 0.0
vt 0.12163 0.084896
vt 0.027474 0.179052
vt 0.375 0.5
vt 0.625 0.75
vt 0.12163 0.084896
vt 0.12163 0.179052
vt 0.027474 0.084896
vt 0.027474 0.179052
vt 0.375 0.75
vt 0.625 0.5
vt 0.0 0.25
vt 0.125 0.25
vt 0.125 0.5
vt 0.0 0.5
vt 0.027474 0.084896
vt 0.12163 0.179052
vt 0.003115 0.514336
vt 0.121457 0.514336
vt 0.121457 0.987706
vt 0.003115 0.987706
vt 0.033307 0.071835
vt 0.095558 0.071835
vt 0.095558 0.196337
vt 0.033307 0.196337
vt 0.125 -1.0
vt 0.625 -1.0
vt 0.625 2.515625
vt 0.125 2.515625
vt 0.129569 0.500571
vt 1.0 0.500571
vt 1.0 1.000571
vt 0.129569 1.000571
vt 0.0 0.0
vt 0.0 -1.0
vt 8.0 -1.0
vt 8.0 0.0
vt 0.0 -6.0E-5
vt 0.0 -1.0
vt 8.000424 -1.0
vt 8.000024 -6.0E-5
vt 0.0 0.0
vt 0.5 -1.0
vt 1.0 0.0
vt 0.0 -1.0
vt 1.0 -1.0
vt 0.500579 -8.2E-5
vt 0.0 -0.999918
vt 1.0 -0.999918
vt 0.0 0.0
vt 0.0 -1.0
vt 1.0 -1.0
vt 1.0 0.0
vt 0.0 0.0
vt 0.0 -1.0
vt 1.0 -1.0
vt 1.0 0.0
vt 5.3E-5 0.0
vt 5.4E-5 -0.999978
vt 1.000053 -0.999978
vt 1.000003 0.0
vt 5.3E-5 0.0
vt 5.4E-5 -0.999978
vt 1.000053 -0.999978
vt 1.000003 0.0
vt -1.890625 -0.0625
vt -1.984375 -0.0625
vt -1.984375 -0.4375
vt -1.890625 -0.4375
vt -1.980469 -0.546875
vt -1.980469 -0.703125
vt -1.894531 -0.703125
vt -1.894531 -0.546875
vt -0.835938 0.0
vt -0.375 0.0
vt -0.375 -0.4375
vt -0.835938 -0.4375
vt -0.835938 -0.4375
vt -0.375 -0.4375
vt -0.375 -4.0
vt -0.835938 -4.0
vt -1.9375 -0.875
vt -1.9375 -0.875
vt -1.9375 -0.875
vt -1.9375 -0.875
vt -1.9375 -0.875
vt -1.9375 -0.875
vt -1.9375 -0.875
vt -1.9375 -0.875
vt -1.980469 -0.546875
vt -1.980469 -0.703125
vt -1.894531 -0.703125
vt -1.894531 -0.546875
vt -1.890625 -0.0625
vt -1.984375 -0.0625
vt -1.984375 -0.4375
vt -1.890625 -0.4375
vt -1.9375 -0.875
vt -1.9375 -0.875
vt -1.9375 -0.875
vt -1.9375 -0.875
vt -1.9375 -0.875
vt -1.9375 -0.875
vt -1.9375 -0.875
vt -1.9375 -0.875
vt -0.835938 -0.4375
vt -0.835938 -4.0
vt -0.835938 0.0
vt -0.835938 -0.4375
vt 0.5 -1.0
vt 0.5 -1.0
vt 0.5 2.515625
vt 0.5 2.515625
vt 0.858672 0.500571
vt 0.271833 0.500571
vt 0.271833 1.000571
vt 0.858042 1.0
vt 0.0 0.0
vt 1.0 0.0
vt 1.0 1.0
vt 0.0 1.0
vt 0.0 0.0
vt 1.0 0.0
vt 1.0 1.0
vt 0.0 1.0
vt 0.0 0.0
vt 1.0 0.0
vt 1.0 1.0
vt 0.0 1.0
vt 0.0 0.0
vt 1.0 0.0
vt 1.0 1.0
vt 0.0 1.0
vt 0.0 0.0
vt 1.0 0.0
vt 1.0 1.0
vt 0.0 1.0
vt -1.890625 -0.0625
vt -1.984375 -0.0625
vt -1.984375 -0.4375
vt -1.890625 -0.4375
vt -1.980469 -0.546875
vt -1.980469 -0.703125
vt -1.894531 -0.703125
vt -1.894531 -0.546875
vt -0.835938 0.0
vt -0.375 0.0
vt -0.375 -0.4375
vt -0.835938 -0.4375
vt -0.835938 -0.4375
vt -0.375 -0.4375
vt -0.375 -4.0
vt -0.835938 -4.0
vt -1.9375 -0.875
vt -1.9375 -0.875
vt -1.9375 -0.875
vt -1.9375 -0.875
vt -1.9375 -0.875
vt -1.9375 -0.875
vt -1.9375 -0.875
vt -1.9375 -0.875
vt -1.980469 -0.546875
vt -1.980469 -0.703125
vt -1.894531 -0.703125
vt -1.894531 -0.546875
vt -1.890625 -0.0625
vt -1.984375 -0.0625
vt -1.984375 -0.4375
vt -1.890625 -0.4375
vt -1.9375 -0.875
vt -1.9375 -0.875
vt -1.9375 -0.875
vt -1.9375 -0.875
vt -1.9375 -0.875
vt -1.9375 -0.875
vt -1.9375 -0.875
vt -1.9375 -0.875
vt -0.835938 -0.4375
vt -0.835938 -4.0
vt -0.835938 0.0
vt -0.835938 -0.4375
vt 0.0 -1.0
vt -1.0 -1.0
vt -1.0 -2.0
vt 0.0 -2.0
vt 0.0 0.0
vt 0.0 -1.0
vt -1.0 -1.0
vt -1.0 0.0
vt 0.0 0.0
vt -1.0 0.0
vt -1.0 -1.0
vt 0.0 -1.0
vt 0.0 -2.0
vt 0.0 -1.0
vt -1.0 -1.0
vt -1.0 -2.0
vt 0.625 -1.0
vt 0.125 -1.0
vt 0.125 2.515625
vt 0.625 2.515625
vt 1.0 0.500571
vt 0.129569 0.500571
vt 0.129569 1.000571
vt 1.0 1.000571
vt 0.003115 0.514336
vt 0.121457 0.514336
vt 0.121457 0.987706
vt 0.003115 0.987706
vt 0.0 0.25
vt 0.125 0.25
vt 0.125 0.5
vt 0.0 0.5
vt 0.375 0.5
vt 0.625 0.5
vt 0.625 0.75
vt 0.375 0.75
vt 0.033307 0.071835
vt 0.095558 0.071835
vt 0.095558 0.196337
vt 0.033307 0.196337
vt 0.027474 0.084896
vt 0.12163 0.084896
vt 0.12163 0.179052
vt 0.027474 0.179052
vt 0.027474 0.084896
vt 0.12163 0.084896
vt 0.12163 0.179052
vt 0.027474 0.179052
vt 0.0 0.0
vt 0.5 -1.0
vt 1.0 0.0
vt 0.0 -1.0
vt 1.0 -1.0
vt 0.500579 -8.2E-5
vt 0.0 -0.999918
vt 1.0 -0.999918
vt -1.890625 -0.0625
vt -1.984375 -0.0625
vt -1.984375 -0.4375
vt -1.890625 -0.4375
vt -1.980469 -0.546875
vt -1.980469 -0.703125
vt -1.894531 -0.703125
vt -1.894531 -0.546875
vt -0.835938 0.0
vt -0.375 0.0
vt -0.375 -0.4375
vt -0.835938 -0.4375
vt -0.835938 -0.4375
vt -0.375 -0.4375
vt -0.375 -4.0
vt -0.835938 -4.0
vt -1.9375 -0.875
vt -1.9375 -0.875
vt -1.9375 -0.875
vt -1.9375 -0.875
vt -1.9375 -0.875
vt -1.9375 -0.875
vt -1.9375 -0.875
vt -1.9375 -0.875
vt -1.980469 -0.546875
vt -1.980469 -0.703125
vt -1.894531 -0.703125
vt -1.894531 -0.546875
vt -1.890625 -0.0625
vt -1.984375 -0.0625
vt -1.984375 -0.4375
vt -1.890625 -0.4375
vt -1.9375 -0.875
vt -1.9375 -0.875
vt -1.9375 -0.875
vt -1.9375 -0.875
vt -1.9375 -0.875
vt -1.9375 -0.875
vt -1.9375 -0.875
vt -1.9375 -0.875
vt -0.835938 -0.4375
vt -0.835938 -4.0
vt -0.835938 0.0
vt -0.835938 -0.4375
vt 0.0 0.0
vt 0.0 -1.0
vt 1.0 -1.0
vt 1.0 0.0
vt 0.0 0.0
vt 0.0 -1.0
vt 1.0 -1.0
vt 1.0 0.0
vt 5.3E-5 0.0
vt 5.4E-5 -0.999978
vt 1.000053 -0.999978
vt 1.000003 0.0
vt 5.3E-5 0.0
vt 5.4E-5 -0.999978
vt 1.000053 -0.999978
vt 1.000003 0.0
vt 0.0 0.0
vt 0.5 -1.0
vt 1.0 0.0
vt 0.0 -1.0
vt 1.0 -1.0
vt 0.500579 -8.2E-5
vt 0.0 -0.999918
vt 1.0 -0.999918
vt 0.0 0.0
vt 0.0 -1.0
vt 1.0 -1.0
vt 1.0 0.0
vt 0.0 0.0
vt 0.0 -1.0
vt 1.0 -1.0
vt 1.0 0.0
vt 5.3E-5 0.0
vt 5.4E-5 -0.999978
vt 1.000053 -0.999978
vt 1.000003 0.0
vt 5.3E-5 0.0
vt 5.4E-5 -0.999978
vt 1.000053 -0.999978
vt 1.000003 0.0
vt 0.0 -1.0
vt -1.0 -1.0
vt -1.0 -2.0
vt 0.0 -2.0
vt 0.0 0.0
vt 0.0 -1.0
vt -1.0 -1.0
vt -1.0 0.0
vt 0.0 0.0
vt -1.0 0.0
vt -1.0 -1.0
vt 0.0 -1.0
vt 0.0 -2.0
vt 0.0 -1.0
vt -1.0 -1.0
vt -1.0 -2.0
vt 0.0 -1.0
vt -1.0 -1.0
vt -1.0 -2.0
vt 0.0 -2.0
vt 0.0 0.0
vt 0.0 -1.0
vt -1.0 -1.0
vt -1.0 0.0
vt 0.0 0.0
vt -1.0 0.0
vt -1.0 -1.0
vt 0.0 -1.0
vt 0.0 -2.0
vt 0.0 -1.0
vt -1.0 -1.0
vt -1.0 -2.0
vt 0.0 0.0
vt 0.5 -1.0
vt 1.0 0.0
vt 0.0 -1.0
vt 1.0 -1.0
vt 0.500579 -8.2E-5
vt 0.0 -0.999918
vt 1.0 -0.999918
vt 0.0 0.0
vt 0.0 -1.0
vt 1.0 -1.0
vt 1.0 0.0
vt 0.0 0.0
vt 0.0 -1.0
vt 1.0 -1.0
vt 1.0 0.0
vt 5.3E-5 0.0
vt 5.4E-5 -0.999978
vt 1.000053 -0.999978
vt 1.000003 0.0
vt 5.3E-5 0.0
vt 5.4E-5 -0.999978
vt 1.000053 -0.999978
vt 1.000003 0.0
vt 0.0 0.0
vt 0.0 -1.0
vt 3.0 -1.0
vt 3.0 0.0
vt 0.0 -6.0E-5
vt 0.0 -1.0
vt 3.0001593 -1.0
vt 3.000009 -6.0E-5
vt 0.0 0.0
vt 0.0 -1.0
vt 2.0 -1.0
vt 2.0 0.0
vt 0.0 -6.0E-5
vt 0.0 -1.0
vt 2.000106 -1.0
vt 2.000006 -6.0E-5
vt 0.0 0.0
vt 1.0 0.0
vt 1.0 1.0
vt 0.0 1.0
vt 0.0 0.0
vt 1.0 0.0
vt 1.0 1.0
vt 0.0 1.0
vt 0.0 0.0
vt 1.0 0.0
vt 1.0 1.0
vt 0.0 1.0
vt 0.0 0.0
vt 1.0 0.0
vt 1.0 1.0
vt 0.0 1.0
vt 0.0 0.0
vt 1.0 0.0
vt 1.0 1.0
vt 0.0 1.0
vt 0.0 0.0
vt 1.0 0.0
vt 1.0 1.0
vt 0.0 1.0
vt 0.0 0.0
vt 1.0 0.0
vt 1.0 1.0
vt 0.0 1.0
vt 0.0 0.0
vt 1.0 0.0
vt 1.0 1.0
vt 0.0 1.0
vt 0.0 0.0
vt 1.0 0.0
vt 1.0 1.0
vt 0.0 1.0
vt 0.0 0.0
vt 1.0 0.0
vt 1.0 1.0
vt 0.0 1.0
vt 0.0 0.0
vt 1.0 0.0
vt 1.0 1.0
vt 0.0 1.0
vt 0.0 0.0
vt 1.0 0.0
vt 1.0 1.0
vt 0.0 1.0
vt 0.0 0.0
vt 1.0 0.0
vt 1.0 1.0
vt 0.0 1.0
vt 0.0 0.0
vt 1.0 0.0
vt 1.0 1.0
vt 0.0 1.0
vt 0.0 0.0
vt 1.0 0.0
vt 1.0 1.0
vt 0.0 1.0
vt 0.0 0.0
vt 1.0 0.0
vt 1.0 1.0
vt 0.0 1.0
vt 0.0 0.0
vt 1.0 0.0
vt 1.0 1.0
vt 0.0 1.0
vt 0.0 0.0
vt 1.0 0.0
vt 1.0 1.0
vt 0.0 1.0
vt 0.0 0.0
vt 1.0 0.0
vt 1.0 1.0
vt 0.0 1.0
vt 0.0 0.0
vt 1.0 0.0
vt 1.0 1.0
vt 0.0 1.0
vt 0.0 -1.0
vt -1.0 -1.0
vt -1.0 -2.0
vt 0.0 -2.0
vt 0.0 0.0
vt 0.0 -1.0
vt -1.0 -1.0
vt -1.0 0.0
vt 0.0 0.0
vt -1.0 0.0
vt -1.0 -1.0
vt 0.0 -1.0
vt 0.0 -2.0
vt 0.0 -1.0
vt -1.0 -1.0
vt -1.0 -2.0
vt 0.0 -1.0
vt -1.0 -1.0
vt -1.0 -2.0
vt 0.0 -2.0
vt 0.0 0.0
vt 0.0 -1.0
vt -1.0 -1.0
vt -1.0 0.0
vt 0.0 0.0
vt -1.0 0.0
vt -1.0 -1.0
vt 0.0 -1.0
vt 0.0 -2.0
vt 0.0 -1.0
vt -1.0 -1.0
vt -1.0 -2.0
vt 0.0 0.0
vt 0.0 -1.0
vt 3.0 -1.0
vt 3.0 0.0
vt 0.0 -6.0E-5
vt 0.0 -1.0
vt 3.0001593 -1.0
vt 3.000009 -6.0E-5
vt 0.0 -1.0
vt -1.0 -1.0
vt -1.0 -2.0
vt 0.0 -2.0
vt 0.0 0.0
vt 0.0 -1.0
vt -1.0 -1.0
vt -1.0 0.0
vt 0.0 0.0
vt -1.0 0.0
vt -1.0 -1.0
vt 0.0 -1.0
vt 0.0 -2.0
vt 0.0 -1.0
vt -1.0 -1.0
vt -1.0 -2.0
vt 0.0 0.0
vt 0.5 -1.0
vt 1.0 0.0
vt 0.0 -1.0
vt 1.0 -1.0
vt 0.500579 -8.2E-5
vt 0.0 -0.999918
vt 1.0 -0.999918
vt 0.0 0.0
vt 0.0 -1.0
vt 8.0 -1.0
vt 8.0 0.0
vt 0.0 -6.0E-5
vt 0.0 -1.0
vt 8.000424 -1.0
vt 8.000024 -6.0E-5
vt 0.0 0.0
vt 0.0 -1.0
vt 4.0 -1.0
vt 4.0 0.0
vt 0.0 -6.0E-5
vt 0.0 -1.0
vt 4.000212 -1.0
vt 4.000012 -6.0E-5
vt 0.0 0.0
vt 0.0 -1.0
vt 6.0 -1.0
vt 6.0 0.0
vt 0.0 -6.0E-5
vt 0.0 -1.0
vt 6.0003185 -1.0
vt 6.000018 -6.0E-5
vt 0.0 0.0
vt 0.0 -1.0
vt 1.0 -1.0
vt 1.0 0.0
vt 0.0 0.0
vt 0.0 -1.0
vt 1.0 -1.0
vt 1.0 0.0
vt 5.3E-5 0.0
vt 5.4E-5 -0.999978
vt 1.000053 -0.999978
vt 1.000003 0.0
vt 5.3E-5 0.0
vt 5.4E-5 -0.999978
vt 1.000053 -0.999978
vt 1.000003 0.0
vt -1.890625 -0.0625
vt -1.984375 -0.0625
vt -1.984375 -0.4375
vt -1.890625 -0.4375
vt -1.980469 -0.546875
vt -1.980469 -0.703125
vt -1.894531 -0.703125
vt -1.894531 -0.546875
vt -0.835938 0.0
vt -0.375 0.0
vt -0.375 -0.4375
vt -0.835938 -0.4375
vt -0.835938 -0.4375
vt -0.375 -0.4375
vt -0.375 -4.0
vt -0.835938 -4.0
vt -1.9375 -0.875
vt -1.9375 -0.875
vt -1.9375 -0.875
vt -1.9375 -0.875
vt -1.9375 -0.875
vt -1.9375 -0.875
vt -1.9375 -0.875
vt -1.9375 -0.875
vt -1.980469 -0.546875
vt -1.980469 -0.703125
vt -1.894531 -0.703125
vt -1.894531 -0.546875
vt -1.890625 -0.0625
vt -1.984375 -0.0625
vt -1.984375 -0.4375
vt -1.890625 -0.4375
vt -1.9375 -0.875
vt -1.9375 -0.875
vt -1.9375 -0.875
vt -1.9375 -0.875
vt -1.9375 -0.875
vt -1.9375 -0.875
vt -1.9375 -0.875
vt -1.9375 -0.875
vt -0.835938 -0.4375
vt -0.835938 -4.0
vt -0.835938 0.0
vt -0.835938 -0.4375
vt 0.0 0.0
vt 0.0 -1.0
vt 1.0 -1.0
vt 1.0 0.0
vt 0.0 0.0
vt 0.0 -1.0
vt 1.0 -1.0
vt 1.0 0.0
vt 5.3E-5 0.0
vt 5.4E-5 -0.999978
vt 1.000053 -0.999978
vt 1.000003 0.0
vt 5.3E-5 0.0
vt 5.4E-5 -0.999978
vt 1.000053 -0.999978
vt 1.000003 0.0
vt 0.0 0.0
vt 0.5 -1.0
vt 1.0 0.0
vt 0.0 -1.0
vt 1.0 -1.0
vt 0.500579 -8.2E-5
vt 0.0 -0.999918
vt 1.0 -0.999918
vt 0.0 0.0
vt 0.0 -1.0
vt 8.0 -1.0
vt 8.0 0.0
vt 0.0 -6.0E-5
vt 0.0 -1.0
vt 8.000424 -1.0
vt 8.000024 -6.0E-5
vt 0.0 0.0
vt 0.0 -1.0
vt 5.0 -1.0
vt 5.0 0.0
vt 0.0 -6.0E-5
vt 0.0 -1.0
vt 5.000265 -1.0
vt 5.000015 -6.0E-5
vt 0.0 -1.0
vt -1.0 -1.0
vt -1.0 -2.0
vt 0.0 -2.0
vt 0.0 0.0
vt 0.0 -1.0
vt -1.0 -1.0
vt -1.0 0.0
vt 0.0 0.0
vt -1.0 0.0
vt -1.0 -1.0
vt 0.0 -1.0
vt 0.0 -2.0
vt 0.0 -1.0
vt -1.0 -1.0
vt -1.0 -2.0
vt 0.0 0.0
vt 0.0 -1.0
vt 5.0 -1.0
vt 5.0 0.0
vt 0.0 -6.0E-5
vt 0.0 -1.0
vt 5.000265 -1.0
vt 5.000015 -6.0E-5
vt 0.0 0.0
vt 0.5 -1.0
vt 1.0 0.0
vt 0.0 -1.0
vt 1.0 -1.0
vt 0.500579 -8.2E-5
vt 0.0 -0.999918
vt 1.0 -0.999918
vt 0.0 0.0
vt 0.0 -1.0
vt 3.0 -1.0
vt 3.0 0.0
vt 0.0 -6.0E-5
vt 0.0 -1.0
vt 3.0001593 -1.0
vt 3.000009 -6.0E-5
vt 0.0 0.0
vt 0.5 -1.0
vt 1.0 0.0
vt 0.0 -1.0
vt 1.0 -1.0
vt 0.500579 -8.2E-5
vt 0.0 -0.999918
vt 1.0 -0.999918
vt 0.0 0.0
vt 0.5 -1.0
vt 1.0 0.0
vt 0.0 -1.0
vt 1.0 -1.0
vt 0.500579 -8.2E-5
vt 0.0 -0.999918
vt 1.0 -0.999918
vt 0.0 0.0
vt 0.0 -1.0
vt 8.0 -1.0
vt 8.0 0.0
vt 0.0 -6.0E-5
vt 0.0 -1.0
vt 8.000424 -1.0
vt 8.000024 -6.0E-5
vt 0.0 0.0
vt 0.0 -1.0
vt 6.0 -1.0
vt 6.0 0.0
vt 0.0 -6.0E-5
vt 0.0 -1.0
vt 6.0003185 -1.0
vt 6.000018 -6.0E-5
vt 0.0 -1.0
vt -1.0 -1.0
vt -1.0 -2.0
vt 0.0 -2.0
vt 0.0 0.0
vt 0.0 -1.0
vt -1.0 -1.0
vt -1.0 0.0
vt 0.0 0.0
vt -1.0 0.0
vt -1.0 -1.0
vt 0.0 -1.0
vt 0.0 -2.0
vt 0.0 -1.0
vt -1.0 -1.0
vt -1.0 -2.0
vt 0.0 0.0
vt 0.0 -1.0
vt 1.0 -1.0
vt 1.0 0.0
vt 0.0 0.0
vt 0.0 -1.0
vt 1.0 -1.0
vt 1.0 0.0
vt 5.3E-5 0.0
vt 5.4E-5 -0.999978
vt 1.000053 -0.999978
vt 1.000003 0.0
vt 5.3E-5 0.0
vt 5.4E-5 -0.999978
vt 1.000053 -0.999978
vt 1.000003 0.0
vt 0.0 0.0
vt 0.0 -1.0
vt 8.0 -1.0
vt 8.0 0.0
vt 0.0 -6.0E-5
vt 0.0 -1.0
vt 8.000424 -1.0
vt 8.000024 -6.0E-5
vt 0.0 0.0
vt 0.0 -1.0
vt 5.0 -1.0
vt 5.0 0.0
vt 0.0 -6.0E-5
vt 0.0 -1.0
vt 5.000265 -1.0
vt 5.000015 -6.0E-5
vt 0.0 0.0
vt 0.0 -1.0
vt 3.0 -1.0
vt 3.0 0.0
vt 0.0 -6.0E-5
vt 0.0 -1.0
vt 3.0001593 -1.0
vt 3.000009 -6.0E-5
vt 0.0 0.0
vt 0.0 -1.0
vt 1.0 -1.0
vt 1.0 0.0
vt 0.0 0.0
vt 0.0 -1.0
vt 1.0 -1.0
vt 1.0 0.0
vt 5.3E-5 0.0
vt 5.4E-5 -0.999978
vt 1.000053 -0.999978
vt 1.000003 0.0
vt 5.3E-5 0.0
vt 5.4E-5 -0.999978
vt 1.000053 -0.999978
vt 1.000003 0.0
vt 0.0 0.0
vt 0.0 -1.0
vt 8.0 -1.0
vt 8.0 0.0
vt 0.0 -6.0E-5
vt 0.0 -1.0
vt 8.000424 -1.0
vt 8.000024 -6.0E-5
vt 0.0 0.0
vt 0.0 -1.0
vt 4.0 -1.0
vt 4.0 0.0
vt 0.0 -6.0E-5
vt 0.0 -1.0
vt 4.000212 -1.0
vt 4.000012 -6.0E-5
vt 0.0 -1.0
vt -1.0 -1.0
vt -1.0 -2.0
vt 0.0 -2.0
vt 0.0 0.0
vt 0.0 -1.0
vt -1.0 -1.0
vt -1.0 0.0
vt 0.0 0.0
vt -1.0 0.0
vt -1.0 -1.0
vt 0.0 -1.0
vt 0.0 -2.0
vt 0.0 -1.0
vt -1.0 -1.0
vt -1.0 -2.0
vt 0.0 0.0
vt 0.0 -1.0
vt 2.0 -1.0
vt 2.0 0.0
vt 0.0 -6.0E-5
vt 0.0 -1.0
vt 2.000106 -1.0
vt 2.000006 -6.0E-5
vt 0.0 0.0
vt 0.0 -1.0
vt 1.0 -1.0
vt 1.0 0.0
vt 0.0 0.0
vt 0.0 -1.0
vt 1.0 -1.0
vt 1.0 0.0
vt 5.3E-5 0.0
vt 5.4E-5 -0.999978
vt 1.000053 -0.999978
vt 1.000003 0.0
vt 5.3E-5 0.0
vt 5.4E-5 -0.999978
vt 1.000053 -0.999978
vt 1.000003 0.0
vt 0.0 0.0
vt 0.0 -1.0
vt 8.0 -1.0
vt 8.0 0.0
vt 0.0 -6.0E-5
vt 0.0 -1.0
vt 8.000424 -1.0
vt 8.000024 -6.0E-5
vt 0.0 0.0
vt 0.0 -1.0
vt 3.0 -1.0
vt 3.0 0.0
vt 0.0 -6.0E-5
vt 0.0 -1.0
vt 3.0001593 -1.0
vt 3.000009 -6.0E-5
vt 0.0 0.0
vt 0.0 -1.0
vt 1.0 -1.0
vt 1.0 0.0
vt 0.0 -6.0E-5
vt 0.0 -1.0
vt 1.000053 -1.0
vt 1.000003 -6.0E-5
vt 0.0 -1.0
vt -1.0 -1.0
vt -1.0 -2.0
vt 0.0 -2.0
vt 0.0 0.0
vt 0.0 -1.0
vt -1.0 -1.0
vt -1.0 0.0
vt 0.0 0.0
vt -1.0 0.0
vt -1.0 -1.0
vt 0.0 -1.0
vt 0.0 -2.0
vt 0.0 -1.0
vt -1.0 -1.0
vt -1.0 -2.0
vt 0.0 -1.0
vt -1.0 -1.0
vt -1.0 -2.0
vt 0.0 -2.0
vt 0.0 0.0
vt 0.0 -1.0
vt -1.0 -1.0
vt -1.0 0.0
vt 0.0 0.0
vt -1.0 0.0
vt -1.0 -1.0
vt 0.0 -1.0
vt 0.0 -2.0
vt 0.0 -1.0
vt -1.0 -1.0
vt -1.0 -2.0
vt 0.0 0.0
vt 1.0 0.0
vt 1.0 1.0
vt 0.0 1.0
vt 0.0 0.0
vt 1.0 0.0
vt 1.0 1.0
vt 0.0 1.0
vt 0.0 0.0
vt 1.0 0.0
vt 1.0 1.0
vt 0.0 1.0
vt 0.0 0.0
vt 1.0 0.0
vt 1.0 1.0
vt 0.0 1.0
vt 0.0 0.0
vt 1.0 0.0
vt 1.0 1.0
vt 0.0 1.0
vt 0.0 0.0
vt 1.0 0.0
vt 1.0 1.0
vt 0.0 1.0
vt 0.0 0.0
vt 1.0 0.0
vt 1.0 1.0
vt 0.0 1.0
vt 0.0 0.0
vt 1.0 0.0
vt 1.0 1.0
vt 0.0 1.0
vt 0.0 0.0
vt 1.0 0.0
vt 1.0 1.0
vt 0.0 1.0
vt 0.0 0.0
vt 1.0 0.0
vt 1.0 1.0
vt 0.0 1.0
vt 0.5 -0.5
vt 0.0 -0.5
vt 0.0 -1.0
vt 0.5 -1.0
vt 0.5 2.0
vt 0.0 2.0
vt 0.0 0.0
vt 0.5 0.0
vt 0.5 0.0
vt 0.0 0.0
vt 0.0 -0.5
vt 0.5 -0.5
vt -24.0 -0.5
vt -32.0 -0.5
vt -32.0 -1.0
vt -24.0 -1.0
vt 8.0 2.0
vt 0.0 2.0
vt 0.0 0.0
vt 8.0 0.0
vt 1.0 -0.5
vt 0.5 -0.5
vt 0.5 -1.0
vt 1.0 -1.0
vt 0.5 0.0
vt 0.0 0.0
vt 0.0 -0.5
vt 0.5 -0.5
vt 0.0 0.0
vt 0.0 -0.5
vt 0.5 -0.5
vt 0.5 0.0
vt 0.5 2.0
vt 0.0 2.0
vt 0.0 0.0
vt 0.5 0.0
vt 0.5 0.0
vt 0.0 0.0
vt 0.0 -0.5
vt 0.5 -0.5
vt 2.0 3.0
vt 0.0 3.0
vt 0.0 0.0
vt 2.0 0.0
vt -24.0 0.0
vt -32.0 0.0
vt -32.0 -0.5
vt -24.0 -0.5
vt 1.0 1.0
vt 0.0 1.0
vt 0.0 0.0
vt 1.0 0.0
vt 8.0 2.0
vt 0.0 2.0
vt 0.0 0.0
vt 8.0 0.0
vt 3.0 1.0
vt 0.0 1.0
vt 0.0 0.0
vt 3.0 0.0
vt 1.0 1.0
vt 0.0 1.0
vt 0.0 0.0
vt 1.0 0.0
vt -12.0 -0.5
vt -16.0 -0.5
vt -16.0 -1.0
vt -12.0 -1.0
vt 4.0 3.0
vt 0.0 3.0
vt 0.0 0.0
vt 4.0 0.0
vt 1.0 -0.5
vt 0.5 -0.5
vt 0.5 -1.0
vt 1.0 -1.0
vt 0.5 0.0
vt 0.0 0.0
vt 0.0 -0.5
vt 0.5 -0.5
vt 0.0 0.0
vt 0.0 -0.5
vt 0.5 -0.5
vt 0.5 0.0
vt 4.0 1.0
vt 0.0 1.0
vt 0.0 0.0
vt 4.0 0.0
vt -3.0 0.0
vt -4.0 0.0
vt -4.0 -0.5
vt -3.0 -0.5
vt 3.0 2.0
vt 0.0 2.0
vt 0.0 0.0
vt 3.0 0.0
vt 1.0 -0.5
vt 0.5 -0.5
vt 0.5 -1.0
vt 1.0 -1.0
vt 0.5 0.0
vt 0.0 0.0
vt 0.0 -0.5
vt 0.5 -0.5
vt 0.0 0.0
vt 0.0 -0.5
vt 0.5 -0.5
vt 0.5 0.0
vt 0.5 1.0
vt 0.0 1.0
vt 0.0 0.0
vt 0.5 0.0
vt 1.0 -0.5
vt 0.5 -0.5
vt 0.5 -1.0
vt 1.0 -1.0
vt 1.0 2.0
vt 0.5 2.0
vt 0.5 1.0
vt 1.0 1.0
vt 0.5 0.0
vt 0.0 0.0
vt 0.0 -0.5
vt 0.5 -0.5
vt 0.5 -1.0
vt 1.0 -1.0
vt 1.0 -0.5
vt 0.5 -0.5
vt 1.0 -1.0
vt 1.0 -0.5
vt 0.5 -0.5
vt 0.5 -1.0
vt 2.0 1.0
vt 0.0 1.0
vt 0.0 0.0
vt 2.0 0.0
vt 1.0 2.0
vt 0.0 2.0
vt 0.0 0.0
vt 1.0 0.0
vt -3.0 0.0
vt -4.0 0.0
vt -4.0 -0.5
vt -3.0 -0.5
vt 0.5 -0.5
vt 0.0 -0.5
vt 0.0 -1.0
vt 0.5 -1.0
vt 0.5 8.0
vt 0.0 8.0
vt 0.0 0.0
vt 0.5 0.0
vt 0.5 0.0
vt 0.0 0.0
vt 0.0 -0.5
vt 0.5 -0.5
vt -3.0 -0.5
vt -4.0 -0.5
vt -4.0 -1.0
vt -3.0 -1.0
vt 0.5 -0.5
vt 0.0 -0.5
vt 0.0 -1.0
vt 0.5 -1.0
vt 1.0 0.0
vt 0.5 0.0
vt 0.5 -0.5
vt 1.0 -0.5
vt 1.0 -0.5
vt 1.0 0.0
vt 0.5 0.0
vt 0.5 -0.5
vt 1.0 2.0
vt 0.5 2.0
vt 0.5 1.0
vt 1.0 1.0
vt 1.0 0.0
vt 0.5 0.0
vt 0.5 -0.5
vt 1.0 -0.5
vt -3.0 -0.5
vt -4.0 -0.5
vt -4.0 -1.0
vt -3.0 -1.0
vt 1.0 8.0
vt 0.0 8.0
vt 0.0 0.0
vt 1.0 0.0
vt -3.0 0.0
vt -4.0 0.0
vt -4.0 -0.5
vt -3.0 -0.5
vt 0.5 -0.5
vt 0.0 -0.5
vt 0.0 -1.0
vt 0.5 -1.0
vt 0.5 3.0
vt 0.0 3.0
vt 0.0 0.0
vt 0.5 0.0
vt 0.5 0.0
vt 0.0 0.0
vt 0.0 -0.5
vt 0.5 -0.5
vt 1.0 -0.5
vt 0.5 -0.5
vt 0.5 -1.0
vt 1.0 -1.0
vt 1.0 8.0
vt 0.5 8.0
vt 0.5 4.0
vt 1.0 4.0
vt 1.0 0.0
vt 0.5 0.0
vt 0.5 -0.5
vt 1.0 -0.5
vt 1.0 -0.5
vt 0.5 -0.5
vt 0.5 -1.0
vt 1.0 -1.0
vt 0.5 0.0
vt 0.0 0.0
vt 0.0 -0.5
vt 0.5 -0.5
vt 0.5 -1.0
vt 1.0 -1.0
vt 1.0 -0.5
vt 0.5 -0.5
vt 1.0 -1.0
vt 1.0 -0.5
vt 0.5 -0.5
vt 0.5 -1.0
vt 1.0 6.0
vt 0.0 6.0
vt 0.0 0.0
vt 1.0 0.0
vt 0.5 -0.5
vt 0.0 -0.5
vt 0.0 -1.0
vt 0.5 -1.0
vt 1.0 0.0
vt 0.5 0.0
vt 0.5 -0.5
vt 1.0 -0.5
vt 1.0 -0.5
vt 1.0 0.0
vt 0.5 0.0
vt 0.5 -0.5
vt 1.0 0.0
vt 0.5 0.0
vt 0.5 -0.5
vt 1.0 -0.5
vt -24.0 -0.5
vt -32.0 -0.5
vt -32.0 -1.0
vt -24.0 -1.0
vt 8.0 1.0
vt 0.0 1.0
vt 0.0 0.0
vt 8.0 0.0
vt 6.0 1.0
vt 0.0 1.0
vt 0.0 0.0
vt 6.0 0.0
vt 1.0 1.0
vt 0.0 1.0
vt 0.0 0.0
vt 1.0 0.0
vt -3.0 0.0
vt -4.0 0.0
vt -4.0 -0.5
vt -3.0 -0.5
vt 1.0 -0.5
vt 0.5 -0.5
vt 0.5 -1.0
vt 1.0 -1.0
vt 0.5 0.0
vt 0.0 0.0
vt 0.0 -0.5
vt 0.5 -0.5
vt 0.5 -1.0
vt 1.0 -1.0
vt 1.0 -0.5
vt 0.5 -0.5
vt 1.0 -1.0
vt 1.0 -0.5
vt 0.5 -0.5
vt 0.5 -1.0
vt 4.0 4.0
vt 0.0 4.0
vt 0.0 0.0
vt 4.0 0.0
vt 0.5 -0.5
vt 0.0 -0.5
vt 0.0 -1.0
vt 0.5 -1.0
vt 1.0 0.0
vt 0.5 0.0
vt 0.5 -0.5
vt 1.0 -0.5
vt 1.0 -0.5
vt 1.0 0.0
vt 0.5 0.0
vt 0.5 -0.5
vt 0.5 -0.5
vt 0.0 -0.5
vt 0.0 -1.0
vt 0.5 -1.0
vt 1.0 0.0
vt 0.5 0.0
vt 0.5 -0.5
vt 1.0 -0.5
vt 1.0 -0.5
vt 1.0 0.0
vt 0.5 0.0
vt 0.5 -0.5
vt 1.0 0.0
vt 0.5 0.0
vt 0.5 -0.5
vt 1.0 -0.5
vt 0.5 -0.5
vt 0.0 -0.5
vt 0.0 -1.0
vt 0.5 -1.0
vt 1.0 0.0
vt 0.5 0.0
vt 0.5 -0.5
vt 1.0 -0.5
vt 0.0 -1.0
vt 0.5 -1.0
vt 0.5 -0.5
vt 0.0 -0.5
vt 0.0 -0.5
vt 0.0 -1.0
vt 0.5 -1.0
vt 0.5 -0.5
vt 1.0 -0.5
vt 0.5 -0.5
vt 0.5 -1.0
vt 1.0 -1.0
vt 0.5 0.0
vt 0.0 0.0
vt 0.0 -0.5
vt 0.5 -0.5
vt 0.0 0.0
vt 0.0 -0.5
vt 0.5 -0.5
vt 0.5 0.0
vt -3.0 0.0
vt -4.0 0.0
vt -4.0 -0.5
vt -3.0 -0.5
vt 0.5 -0.5
vt 0.0 -0.5
vt 0.0 -1.0
vt 0.5 -1.0
vt 1.0 0.0
vt 0.5 0.0
vt 0.5 -0.5
vt 1.0 -0.5
vt 0.0 -1.0
vt 0.5 -1.0
vt 0.5 -0.5
vt 0.0 -0.5
vt 0.0 -0.5
vt 0.0 -1.0
vt 0.5 -1.0
vt 0.5 -0.5
vt 2.0 1.0
vt 0.0 1.0
vt 0.0 0.0
vt 2.0 0.0
vt 2.0 1.0
vt 0.0 1.0
vt 0.0 0.0
vt 2.0 0.0
vt 1.0 -0.5
vt 0.5 -0.5
vt 0.5 -1.0
vt 1.0 -1.0
vt 0.5 0.0
vt 0.0 0.0
vt 0.0 -0.5
vt 0.5 -0.5
vt 0.0 0.0
vt 0.0 -0.5
vt 0.5 -0.5
vt 0.5 0.0
vt 0.5 0.0
vt 0.0 0.0
vt 0.0 -0.5
vt 0.5 -0.5
vt 1.0 -0.5
vt 0.5 -0.5
vt 0.5 -1.0
vt 1.0 -1.0
vt 0.5 0.0
vt 0.0 0.0
vt 0.0 -0.5
vt 0.5 -0.5
vt 0.0 0.0
vt 0.0 -0.5
vt 0.5 -0.5
vt 0.5 0.0
vt 0.5 0.0
vt 0.0 0.0
vt 0.0 -0.5
vt 0.5 -0.5
vt 0.0 -1.0
vt -1.0 -1.0
vt -1.0 -2.0
vt 0.0 -2.0
vt 0.0 0.0
vt 0.0 -1.0
vt -1.0 -1.0
vt -1.0 0.0
vt 0.0 0.0
vt -1.0 0.0
vt -1.0 -1.0
vt 0.0 -1.0
vt 0.0 -2.0
vt 0.0 -1.0
vt -1.0 -1.0
vt -1.0 -2.0
vt -3.0 -0.5
vt -4.0 -0.5
vt -4.0 -1.0
vt -3.0 -1.0
vt 1.0 1.0
vt 0.0 1.0
vt 0.0 0.0
vt 1.0 0.0
vt 1.0 1.0
vt 0.0 1.0
vt 0.0 0.0
vt 1.0 0.0
vt -3.0 0.0
vt -4.0 0.0
vt -4.0 -0.5
vt -3.0 -0.5
vt 2.0 1.0
vt 0.0 1.0
vt 0.0 0.0
vt 2.0 0.0
vt 1.0 -0.5
vt 0.5 -0.5
vt 0.5 -1.0
vt 1.0 -1.0
vt 0.5 0.0
vt 0.0 0.0
vt 0.0 -0.5
vt 0.5 -0.5
vt 0.0 0.0
vt 0.0 -0.5
vt 0.5 -0.5
vt 0.5 0.0
vt 0.5 0.0
vt 0.0 0.0
vt 0.0 -0.5
vt 0.5 -0.5
vt 1.0 -0.5
vt 0.5 -0.5
vt 0.5 -1.0
vt 1.0 -1.0
vt 1.0 16.0
vt 0.5 16.0
vt 0.5 8.0
vt 1.0 8.0
vt 1.0 0.0
vt 0.5 0.0
vt 0.5 -0.5
vt 1.0 -0.5
vt 4.0 1.0
vt 0.0 1.0
vt 0.0 0.0
vt 4.0 0.0
vt -9.0 0.0
vt -12.0 0.0
vt -12.0 -0.5
vt -9.0 -0.5
vt 0.5 -0.5
vt 0.0 -0.5
vt 0.0 -1.0
vt 0.5 -1.0
vt 1.0 0.0
vt 0.5 0.0
vt 0.5 -0.5
vt 1.0 -0.5
vt 1.0 -0.5
vt 1.0 0.0
vt 0.5 0.0
vt 0.5 -0.5
vt 0.5 0.0
vt 0.0 0.0
vt 0.0 -0.5
vt 0.5 -0.5
vt 0.5 -1.0
vt 1.0 -1.0
vt 1.0 -0.5
vt 0.5 -0.5
vt 1.0 -1.0
vt 1.0 -0.5
vt 0.5 -0.5
vt 0.5 -1.0
vt 1.0 -0.5
vt 0.5 -0.5
vt 0.5 -1.0
vt 1.0 -1.0
vt 0.5 0.0
vt 0.0 0.0
vt 0.0 -0.5
vt 0.5 -0.5
vt 0.0 0.0
vt 0.0 -0.5
vt 0.5 -0.5
vt 0.5 0.0
vt 1.0 0.0
vt 0.5 0.0
vt 0.5 -0.5
vt 1.0 -0.5
vt 0.0 -1.0
vt 0.5 -1.0
vt 0.5 -0.5
vt 0.0 -0.5
vt 0.0 -0.5
vt 0.0 -1.0
vt 0.5 -1.0
vt 0.5 -0.5
vt -9.0 -0.5
vt -12.0 -0.5
vt -12.0 -1.0
vt -9.0 -1.0
vt 3.0 3.0
vt 0.0 3.0
vt 0.0 0.0
vt 3.0 0.0
vt 1.0 -0.5
vt 0.5 -0.5
vt 0.5 -1.0
vt 1.0 -1.0
vt 0.5 0.0
vt 0.0 0.0
vt 0.0 -0.5
vt 0.5 -0.5
vt 0.0 0.0
vt 0.0 -0.5
vt 0.5 -0.5
vt 0.5 0.0
vt 0.5 3.0
vt 0.0 3.0
vt 0.0 0.0
vt 0.5 0.0
vt 0.5 0.0
vt 0.0 0.0
vt 0.0 -0.5
vt 0.5 -0.5
vt 1.0 1.0
vt 0.0 1.0
vt 0.0 0.0
vt 1.0 0.0
vt 1.0 4.0
vt 0.0 4.0
vt 0.0 0.0
vt 1.0 0.0
vt 1.0 -0.5
vt 0.5 -0.5
vt 0.5 -1.0
vt 1.0 -1.0
vt 0.5 0.0
vt 0.0 0.0
vt 0.0 -0.5
vt 0.5 -0.5
vt 0.0 0.0
vt 0.0 -0.5
vt 0.5 -0.5
vt 0.5 0.0
vt 0.5 0.0
vt 0.0 0.0
vt 0.0 -0.5
vt 0.5 -0.5
vt 0.5 -0.5
vt 0.0 -0.5
vt 0.0 -1.0
vt 0.5 -1.0
vt 0.5 1.0
vt 0.0 1.0
vt 0.0 0.0
vt 0.5 0.0
vt 0.5 0.0
vt 0.0 0.0
vt 0.0 -0.5
vt 0.5 -0.5
vt 3.0 2.0
vt 0.0 2.0
vt 0.0 0.0
vt 3.0 0.0
vt 0.5 -0.5
vt 0.0 -0.5
vt 0.0 -1.0
vt 0.5 -1.0
vt 1.0 0.0
vt 0.5 0.0
vt 0.5 -0.5
vt 1.0 -0.5
vt 1.0 -0.5
vt 1.0 0.0
vt 0.5 0.0
vt 0.5 -0.5
vt 0.5 0.0
vt 0.0 0.0
vt 0.0 -0.5
vt 0.5 -0.5
vt 0.5 -1.0
vt 1.0 -1.0
vt 1.0 -0.5
vt 0.5 -0.5
vt 1.0 -1.0
vt 1.0 -0.5
vt 0.5 -0.5
vt 0.5 -1.0
vt 3.0 2.0
vt 0.0 2.0
vt 0.0 0.0
vt 3.0 0.0
vt 1.0 -0.5
vt 0.5 -0.5
vt 0.5 -1.0
vt 1.0 -1.0
vt 0.5 0.0
vt 0.0 0.0
vt 0.0 -0.5
vt 0.5 -0.5
vt 0.0 0.0
vt 0.0 -0.5
vt 0.5 -0.5
vt 0.5 0.0
vt 0.5 1.0
vt 0.0 1.0
vt 0.0 0.0
vt 0.5 0.0
vt 1.0 0.0
vt 0.5 0.0
vt 0.5 -0.5
vt 1.0 -0.5
vt 0.0 -1.0
vt 0.5 -1.0
vt 0.5 -0.5
vt 0.0 -0.5
vt 0.0 -0.5
vt 0.0 -1.0
vt 0.5 -1.0
vt 0.5 -0.5
vt 3.0 1.0
vt 0.0 1.0
vt 0.0 0.0
vt 3.0 0.0
vt -9.0 0.0
vt -12.0 0.0
vt -12.0 -0.5
vt -9.0 -0.5
vt 1.0 -0.5
vt 0.5 -0.5
vt 0.5 -1.0
vt 1.0 -1.0
vt 1.0 2.0
vt 0.5 2.0
vt 0.5 1.0
vt 1.0 1.0
vt 0.5 0.0
vt 0.0 0.0
vt 0.0 -0.5
vt 0.5 -0.5
vt 0.5 -1.0
vt 1.0 -1.0
vt 1.0 -0.5
vt 0.5 -0.5
vt 1.0 -1.0
vt 1.0 -0.5
vt 0.5 -0.5
vt 0.5 -1.0
vt 2.0 1.0
vt 0.0 1.0
vt 0.0 0.0
vt 2.0 0.0
vt 1.0 -0.5
vt 0.5 -0.5
vt 0.5 -1.0
vt 1.0 -1.0
vt 0.5 0.0
vt 0.0 0.0
vt 0.0 -0.5
vt 0.5 -0.5
vt 0.0 0.0
vt 0.0 -0.5
vt 0.5 -0.5
vt 0.5 0.0
vt 1.0 0.0
vt 0.5 0.0
vt 0.5 -0.5
vt 1.0 -0.5
vt 0.0 -1.0
vt 0.5 -1.0
vt 0.5 -0.5
vt 0.0 -0.5
vt 0.0 -0.5
vt 0.0 -1.0
vt 0.5 -1.0
vt 0.5 -0.5
vt 2.0 3.0
vt 0.0 3.0
vt 0.0 0.0
vt 2.0 0.0
vt -3.0 -0.5
vt -4.0 -0.5
vt -4.0 -1.0
vt -3.0 -1.0
vt 1.0 2.0
vt 0.0 2.0
vt 0.0 0.0
vt 1.0 0.0
vt 0.0 -1.0
vt -1.0 -1.0
vt -1.0 -2.0
vt 0.0 -2.0
vt 0.0 0.0
vt 0.0 -1.0
vt -1.0 -1.0
vt -1.0 0.0
vt 0.0 0.0
vt -1.0 0.0
vt -1.0 -1.0
vt 0.0 -1.0
vt 0.0 -2.0
vt 0.0 -1.0
vt -1.0 -1.0
vt -1.0 -2.0
vn 0.0 -0.0 1.0
vn 0.0 0.0 1.0
vn 0.0 0.0 1.0
vn 0.0 0.0 1.0
vn 0.0 0.0 1.0
vn 0.0 0.0 1.0
vn 0.0 0.0 1.0
vn 0.0 -0.0 1.0
vn 0.0 -0.0 1.0
vn -0.0 0.0 1.0
vn 0.0 0.0 1.0
vn 0.0 0.0 1.0
vn 0.0 0.0 1.0
vn 0.0 0.0 1.0
vn 0.0 0.0 1.0
vn 0.0 0.0 1.0
vn 0.0 -0.0 1.0
vn -0.0 -0.0 1.0
vn 0.0 6.0E-4 1.0
vn 0.0 -7.0E-4 1.0
vn 0.0 0.0838 0.9965
vn 4.0E-4 -0.0 1.0
vn 0.0 -0.0 1.0
vn -0.0 -0.0 1.0
vn -0.0 -0.0 1.0
vn 0.0 0.0 1.0
vn -0.0 -0.0 1.0
vn 0.0 -0.0 1.0
vn 0.0 0.0 1.0
vn 0.0 0.0 1.0
vn 0.0 0.0 1.0
vn 0.0 0.0 1.0
vn 0.0 0.0 1.0
vn 0.0 0.0 1.0
vn 0.0 -0.0 1.0
vn 0.0 0.0 1.0
vn 0.0 0.0 1.0
vn 0.0 0.0 1.0
vn 0.0 -0.0 1.0
vn 0.0 0.0 1.0
vn 0.0 0.0 1.0
vn 0.0 0.0 1.0
vn 0.0 0.0 1.0
vn 0.0 0.0 1.0
vn 0.0 0.0 1.0
vn 0.0 0.0 1.0
vn 0.0 0.0 1.0
vn 0.0 0.0 1.0
vn 0.0 0.0 1.0
vn 0.0 0.0 1.0
vn 0.0 0.0 1.0
vn 0.0 0.0 1.0
vn 0.0 0.0 1.0
vn 0.0 0.0 1.0
vn 0.0 0.0 1.0
vn 0.0 0.0 1.0
vn 0.0 0.0 1.0
vn 0.0 0.0 1.0
vn 0.0 0.0 1.0
vn 0.0 0.0 1.0
vn 0.0 0.0 1.0
vn 0.0 0.0 1.0
vn 0.0 0.0 1.0
vn 0.0 0.0 1.0
vn 0.0 0.0 1.0
vn 0.0 0.0 1.0
vn 0.0 0.0 1.0
vn 0.0 0.0 1.0
vn 0.0 0.0 1.0
vn 0.0 0.0 1.0
vn 0.0 0.0 1.0
vn 0.0 0.0 1.0
vn 0.0 0.0 1.0
vn 0.0 0.0 1.0
vn 0.0 0.0 1.0
vn 0.0 0.0 1.0
vn 0.0 0.0 1.0
vn 0.0 0.0 1.0
vn 0.0 0.0 1.0
vn 0.0 0.0 1.0
vn 0.0 0.0 1.0
vn 0.0 0.0 1.0
vn 0.0 0.0 1.0
vn 0.0 0.0 1.0
vn -0.0 0.0 1.0
vn -0.0 -0.0 1.0
vn 0.0 0.0 1.0
vn 0.0 0.0 1.0
vn -0.0 0.0 1.0
vn 0.0 0.0 1.0
vn 0.0 0.0 1.0
vn 0.0 0.0 1.0
vn 0.0 0.0 1.0
vn -0.0 0.0 1.0
vn -0.0 -0.0 1.0
vn -0.0 -0.0 1.0
vn -0.0 0.0 1.0
vn 0.0 -0.0 1.0
vn 0.0 0.0 1.0
vn 0.0 0.0 1.0
vn 0.0 0.0 1.0
vn -0.0 0.0 1.0
vn -0.0 0.0 1.0
vn -0.0 0.0 1.0
vn -0.0 -0.0 1.0
vn -0.0 0.0 1.0
vn 0.0 -0.0 1.0
vn 0.0 -0.0 1.0
vn 0.0 -0.0 1.0
vn 0.0 -0.0 1.0
vn -0.0 -0.0 1.0
vn -0.0 -0.0 1.0
vn 0.0 -0.0 1.0
vn 0.0 -0.0 1.0
vn 0.0 -0.0 1.0
vn 0.0 -0.0 1.0
vn 0.0 0.0 1.0
vn -0.0 -0.0 1.0
vn 0.0 -0.0 1.0
vn 0.0 -0.0 1.0
vn 0.0 0.0 1.0
vn 0.0 -0.0 1.0
vn 0.0 0.0 1.0
vn 0.0 0.0 1.0
vn -0.0 -0.0 1.0
vn -0.0 -0.0 1.0
vn 0.0 0.0 1.0
vn 0.0 0.0 1.0
vn 0.0 -0.0 1.0
vn 0.0 0.0 1.0
vn 0.0 0.0 1.0
vn 0.0 -0.0 1.0
vn 0.0 -0.0 1.0
vn -0.0 0.0 1.0
vn 0.0 0.0 1.0
vn 0.0 0.0 1.0
vn 0.0 0.0 1.0
vn 0.0 0.0 1.0
vn 0.0 0.0 1.0
vn 0.0 0.0 1.0
vn 0.0 0.0 1.0
vn 0.0 0.0 1.0
vn 0.0 0.0 1.0
vn 0.0 0.0 1.0
vn 0.0 0.0 1.0
vn -0.0 0.0 1.0
vn -0.0 0.0 1.0
vn 0.0 -0.0 1.0
vn 0.0 -0.0 1.0
vn 0.0 -0.0 1.0
vn 0.0 -0.0 1.0
vn 0.0 0.0 1.0
vn 0.0 0.0 1.0
vn 0.0 0.0 1.0
vn 0.0 0.0 1.0
vn 0.0 0.0 1.0
vn 0.0 -0.0 1.0
vn 0.0 -0.0 1.0
vn -0.0 0.0 1.0
vn 0.0 0.0 1.0
vn 0.0 0.0 1.0
vn 0.0 0.0 1.0
vn 0.0 0.0 1.0
vn 0.0 0.0 1.0
vn 0.0 0.0 1.0
vn 0.0 0.0 1.0
vn 0.0 0.0 1.0
vn -0.0 -0.0 1.0
vn 0.0 0.0 1.0
vn 0.0 -0.0 1.0
vn 0.0 0.0 1.0
vn 0.0 0.0 1.0
vn 0.0 0.0 1.0
vn 0.0 0.0 1.0
vn 0.0 0.0 1.0
vn 0.0 0.0 1.0
vn 0.0 0.0 1.0
vn 0.0 0.0 1.0
vn 0.0 0.0 1.0
vn 0.0 0.0 1.0
vn -0.0 -0.7071 0.7071
vn -0.0 -0.8321 0.5547
vn 0.0 -0.0434 0.9991
vn -0.001383 0.006577 0.999977
vn -0.001383 0.006577 0.999977
vn -0.001383 0.006577 0.999977
vn -0.001383 0.006577 0.999977
vn -0.001383 0.006577 0.999977
vn -0.001383 0.006577 0.999977
vn -0.001383 0.006577 0.999977
vn -0.001383 0.006577 0.999977
vn -0.001383 0.006577 0.999977
vn -0.001383 0.006577 0.999977
vn -0.001383 0.006577 0.999977
vn -0.001383 0.006577 0.999977
vn -0.001383 0.006577 0.999977
vn -0.001383 0.006577 0.999977
vn -0.001383 0.006577 0.999977
vn -0.001383 0.006577 0.999977
vn -0.001383 0.006577 0.999977
vn -0.001383 0.006577 0.999977
vn -0.001383 0.006577 0.999977
vn -0.001383 0.006577 0.999977
vn -0.0 -0.7071 0.7071
vn -0.0 -0.8321 0.5547
vn 0.0 -0.0434 0.9991
vn -0.0 -0.7071 0.7071
vn -0.0 -0.8321 0.5547
vn 0.0 -0.0434 0.9991
vn -0.0 -0.7071 0.7071
vn -0.0 -0.8321 0.5547
vn 0.0 -0.0434 0.9991
vn -0.0 -0.7071 0.7071
vn -0.0 -0.8321 0.5547
vn 0.0 -0.0434 0.9991
vn -0.0 -0.7071 0.7071
vn -0.0 -0.8321 0.5547
vn 0.0 -0.0434 0.9991
vn -0.001383 0.006577 0.999977
vn -0.001383 0.006577 0.999977
vn -0.001383 0.006577 0.999977
vn -0.001383 0.006577 0.999977
vn -0.001383 0.006577 0.999977
vn -0.001383 0.006577 0.999977
vn -0.001383 0.006577 0.999977
vn -0.001383 0.006577 0.999977
vn -0.001383 0.006577 0.999977
vn -0.001383 0.006577 0.999977
vn -0.001383 0.006577 0.999977
vn -0.001383 0.006577 0.999977
vn -0.001383 0.006577 0.999977
vn -0.001383 0.006577 0.999977
vn -0.001383 0.006577 0.999977
vn -0.001383 0.006577 0.999977
vn -0.001383 0.006577 0.999977
vn -0.001383 0.006577 0.999977
vn -0.001383 0.006577 0.999977
vn -0.001383 0.006577 0.999977
vn -0.001383 0.006577 0.999977
vn -0.001383 0.006577 0.999977
vn -0.001383 0.006577 0.999977
vn -0.001383 0.006577 0.999977
vn -0.001383 0.006577 0.999977
vn -0.001383 0.006577 0.999977
vn -0.001383 0.006577 0.999977
vn -0.001383 0.006577 0.999977
vn -0.001383 0.006577 0.999977
vn -0.001383 0.006577 0.999977
vn -0.001383 0.006577 0.999977
vn -0.001383 0.006577 0.999977
vn -0.001383 0.006577 0.999977
vn -0.001383 0.006577 0.999977
vn -0.001383 0.006577 0.999977
vn -0.001383 0.006577 0.999977
vn -0.001383 0.006577 0.999977
vn -0.001383 0.006577 0.999977
vn -0.001383 0.006577 0.999977
vn -0.001383 0.006577 0.999977
vn 0.0 0.7071 0.7071
vn 0.0 0.8321 0.5547
vn -0.0 0.0434 0.9991
vn 0.0 0.7071 0.7071
vn 0.0 0.8321 0.5547
vn -0.0 0.0434 0.9991
vn 0.0 0.7071 0.7071
vn 0.0 0.8321 0.5547
vn -0.0 0.0434 0.9991
vn 0.0 0.7071 0.7071
vn 0.0 0.8321 0.5547
vn -0.0 0.0434 0.9991
vn 0.0 0.7071 0.7071
vn 0.0 0.8321 0.5547
vn -0.0 0.0434 0.9991
vn 0.0 0.7071 0.7071
vn 0.0 0.8321 0.5547
vn -0.0 0.0434 0.9991
vn -0.001383 0.006577 0.999977
vn -0.001383 0.006577 0.999977
vn -0.001383 0.006577 0.999977
vn -0.001383 0.006577 0.999977
vn -0.001383 0.006577 0.999977
vn -0.001383 0.006577 0.999977
vn -0.001383 0.006577 0.999977
vn -0.001383 0.006577 0.999977
vn -0.001383 0.006577 0.999977
vn -0.001383 0.006577 0.999977
vn -0.001383 0.006577 0.999977
vn -0.001383 0.006577 0.999977
vn -0.001383 0.006577 0.999977
vn -0.001383 0.006577 0.999977
vn -0.001383 0.006577 0.999977
vn -0.001383 0.006577 0.999977
vn -0.001383 0.006577 0.999977
vn -0.001383 0.006577 0.999977
vn -0.001383 0.006577 0.999977
vn -0.001383 0.006577 0.999977
vn -0.001383 0.006577 0.999977
vn -0.001383 0.006577 0.999977
vn -0.001383 0.006577 0.999977
vn -0.001383 0.006577 0.999977
vn -0.001383 0.006577 0.999977
vn -0.001383 0.006577 0.999977
vn -0.001383 0.006577 0.999977
vn -0.001383 0.006577 0.999977
vn -0.001383 0.006577 0.999977
vn -0.001383 0.006577 0.999977
vn -0.001383 0.006577 0.999977
vn -0.001383 0.006577 0.999977
vn -0.001383 0.006577 0.999977
vn -0.001383 0.006577 0.999977
vn -0.001383 0.006577 0.999977
vn -0.001383 0.006577 0.999977
vn -0.001383 0.006577 0.999977
vn -0.001383 0.006577 0.999977
vn -0.001383 0.006577 0.999977
vn -0.001383 0.006577 0.999977
vn -0.001383 0.006577 0.999977
vn -0.001383 0.006577 0.999977
vn -0.001383 0.006577 0.999977
vn -0.001383 0.006577 0.999977
vn -0.001383 0.006577 0.999977
vn -0.001383 0.006577 0.999977
vn -0.001383 0.006577 0.999977
vn -0.001383 0.006577 0.999977
vn -0.001383 0.006577 0.999977
vn -0.001383 0.006577 0.999977
vn -0.001383 0.006577 0.999977
vn -0.001383 0.006577 0.999977
vn -0.001383 0.006577 0.999977
vn -0.001383 0.006577 0.999977
vn -0.001383 0.006577 0.999977
vn -0.001383 0.006577 0.999977
vn -0.001383 0.006577 0.999977
vn -0.001383 0.006577 0.999977
vn -0.001383 0.006577 0.999977
vn -0.001383 0.006577 0.999977
vn -0.001383 0.006577 0.999977
vn -0.001383 0.006577 0.999977
vn -0.001383 0.006577 0.999977
vn -0.001383 0.006577 0.999977
vn -0.001383 0.006577 0.999977
vn -0.001383 0.006577 0.999977
vn -0.001383 0.006577 0.999977
vn -0.001383 0.006577 0.999977
vn -0.001383 0.006577 0.999977
vn -0.001383 0.006577 0.999977
vn -0.001383 0.006577 0.999977
vn -0.001383 0.006577 0.999977
vn -0.001383 0.006577 0.999977
vn -0.001383 0.006577 0.999977
vn -0.001383 0.006577 0.999977
vn -0.001383 0.006577 0.999977
vn -0.001383 0.006577 0.999977
vn -0.001383 0.006577 0.999977
vn -0.001383 0.006577 0.999977
vn -0.001383 0.006577 0.999977
vn -0.001383 0.006577 0.999977
vn -0.001383 0.006577 0.999977
vn -0.001383 0.006577 0.999977
vn -0.001383 0.006577 0.999977
vn -0.001383 0.006577 0.999977
vn -0.001383 0.006577 0.999977
vn -0.001383 0.006577 0.999977
vn -0.001383 0.006577 0.999977
vn -0.001383 0.006577 0.999977
vn -0.001383 0.006577 0.999977
vn -0.001383 0.006577 0.999977
vn -0.001383 0.006577 0.999977
vn -0.001383 0.006577 0.999977
vn -0.001383 0.006577 0.999977
vn -0.001383 0.006577 0.999977
vn -0.001383 0.006577 0.999977
vn -0.001383 0.006577 0.999977
vn -0.001383 0.006577 0.999977
vn -0.001383 0.006577 0.999977
vn -0.001383 0.006577 0.999977
vn -0.0 0.707107 0.707107
vn -0.0 0.707107 0.707107
vn -0.0 0.707107 0.707107
vn -0.0 0.707107 0.707107
vn -0.0 0.0 1.0
vn -0.0 0.0 1.0
vn -0.0 0.0 1.0
vn -0.0 0.0 1.0
vn -0.0 -0.707107 -0.707107
vn -0.0 -0.707107 -0.707107
vn -0.0 -0.707107 -0.707107
vn -0.0 -0.707107 -0.707107
vn -0.0 0.0 -1.0
vn -0.0 0.0 -1.0
vn -0.0 0.0 -1.0
vn -0.0 0.0 -1.0
vn -1.0 0.0 0.0
vn -1.0 0.0 0.0
vn -1.0 0.0 0.0
vn -1.0 0.0 0.0
vn 1.0 0.0 0.0
vn 1.0 0.0 0.0
vn 1.0 0.0 0.0
vn 1.0 0.0 0.0
vn -0.0 0.707107 0.707107
vn -0.001383 0.006577 0.999977
vn -0.001383 0.006577 0.999977
vn -0.001383 0.006577 0.999977
vn -0.001383 0.006577 0.999977
vn -0.001383 0.006577 0.999977
vn -0.001383 0.006577 0.999977
vn -0.001383 0.006577 0.999977
vn -0.001383 0.006577 0.999977
vn -0.001383 0.006577 0.999977
vn -0.001383 0.006577 0.999977
vn -0.001383 0.006577 0.999977
vn -0.001383 0.006577 0.999977
vn -0.001383 0.006577 0.999977
vn -0.001383 0.006577 0.999977
vn -0.001383 0.006577 0.999977
vn -0.001383 0.006577 0.999977
vn -0.001383 0.006577 0.999977
vn -0.001383 0.006577 0.999977
vn -0.001383 0.006577 0.999977
vn -0.001383 0.006577 0.999977
vn 0.0 0.7071 0.7071
vn 0.0 0.8321 0.5547
vn -0.0 0.0434 0.9991
vn 0.0 0.7071 0.7071
vn 0.0 0.8321 0.5547
vn -0.0 0.0434 0.9991
vn 0.0 0.7071 0.7071
vn 0.0 0.8321 0.5547
vn -0.0 0.0434 0.9991
vn 0.0 0.7071 0.7071
vn 0.0 0.8321 0.5547
vn -0.0 0.0434 0.9991
vn 0.0 0.7071 0.7071
vn 0.0 0.8321 0.5547
vn -0.0 0.0434 0.9991
vn 0.0 0.7071 0.7071
vn 0.0 0.8321 0.5547
vn -0.0 0.0434 0.9991
vn -0.001383 0.006577 0.999977
vn -0.001383 0.006577 0.999977
vn -0.001383 0.006577 0.999977
vn -0.001383 0.006577 0.999977
vn -0.001383 0.006577 0.999977
vn -0.001383 0.006577 0.999977
vn -0.001383 0.006577 0.999977
vn -0.001383 0.006577 0.999977
vn -0.001383 0.006577 0.999977
vn -0.001383 0.006577 0.999977
vn -0.001383 0.006577 0.999977
vn -0.001383 0.006577 0.999977
vn -0.001383 0.006577 0.999977
vn -0.001383 0.006577 0.999977
vn -0.001383 0.006577 0.999977
vn -0.001383 0.006577 0.999977
vn -0.001383 0.006577 0.999977
vn -0.001383 0.006577 0.999977
vn -0.001383 0.006577 0.999977
vn -0.001383 0.006577 0.999977
vn -0.0189 -0.0 0.9998
vn -0.0188 -0.0 0.9998
vn 0.8321 0.0 0.5547
vn 0.7071 0.0 0.7071
vn 0.0 0.7071 0.7071
vn 0.1841 -0.0188 0.9827
vn 0.1841 -0.0187 0.9827
vn 0.7071 -0.0 0.7071
vn 0.8321 -0.0 0.5547
vn 0.0434 0.0 0.9991
vn 0.6947 0.0309 0.7186
vn 0.5609 0.5609 0.609
vn 0.028 0.7246 0.6886
vn 0.8515 0.0338 0.5233
vn -0.0025 0.844 0.5364
vn 0.0062 0.0149 0.9999
vn 0.0 0.7071 0.7071
vn 0.0 0.8321 0.5547
vn -0.0 0.0434 0.9991
vn 0.0 0.7071 0.7071
vn 0.0 0.8321 0.5547
vn -0.0 0.0434 0.9991
vn 0.0 0.7071 0.7071
vn 0.0 0.8321 0.5547
vn -0.0 0.0434 0.9991
vn 0.0 0.7071 0.7071
vn 0.0 0.8321 0.5547
vn -0.0 0.0434 0.9991
vn 0.0 -0.0189 0.9998
vn 0.0 -0.0188 0.9998
vn -0.0 0.8321 0.5547
vn -0.0 0.7071 0.7071
vn -0.7071 0.0 0.7071
vn 0.0188 0.1841 0.9827
vn 0.0187 0.1841 0.9827
vn -0.7071 0.0 0.7071
vn -0.8321 0.0 0.5547
vn -0.0434 -0.0 0.9991
vn -0.0309 0.6947 0.7186
vn -0.5609 0.5609 0.609
vn -0.7246 0.028 0.6886
vn -0.0338 0.8515 0.5233
vn -0.844 -0.0025 0.5364
vn -0.0149 0.0062 0.9999
vn -0.001383 0.006577 0.999977
vn -0.001383 0.006577 0.999977
vn -0.001383 0.006577 0.999977
vn -0.001383 0.006577 0.999977
vn -0.001383 0.006577 0.999977
vn -0.001383 0.006577 0.999977
vn -0.001383 0.006577 0.999977
vn -0.001383 0.006577 0.999977
vn -0.001383 0.006577 0.999977
vn -0.001383 0.006577 0.999977
vn -0.001383 0.006577 0.999977
vn -0.001383 0.006577 0.999977
vn -0.001383 0.006577 0.999977
vn -0.001383 0.006577 0.999977
vn -0.001383 0.006577 0.999977
vn -0.001383 0.006577 0.999977
vn -0.001383 0.006577 0.999977
vn -0.001383 0.006577 0.999977
vn -0.001383 0.006577 0.999977
vn -0.001383 0.006577 0.999977
vn 0.0 0.0 1.0
vn -1.0 0.0 -0.0
vn 1.0 0.0 0.0
vn 0.0 0.7071 0.7071
vn 0.0 0.8321 0.5547
vn -0.0 0.0434 0.9991
vn -0.0189 -0.0 0.9998
vn -0.0188 -0.0 0.9998
vn 0.8321 0.0 0.5547
vn 0.7071 0.0 0.7071
vn 0.0 0.7071 0.7071
vn 0.1841 -0.0188 0.9827
vn 0.1841 -0.0187 0.9827
vn 0.7071 -0.0 0.7071
vn 0.8321 -0.0 0.5547
vn 0.0434 0.0 0.9991
vn 0.6947 0.0309 0.7186
vn 0.5609 0.5609 0.609
vn 0.028 0.7246 0.6886
vn 0.8515 0.0338 0.5233
vn -0.0025 0.844 0.5364
vn 0.0062 0.0149 0.9999
vn 0.0 -0.0189 0.9998
vn 0.0 -0.0188 0.9998
vn -0.0 0.8321 0.5547
vn -0.0 0.7071 0.7071
vn -0.7071 0.0 0.7071
vn 0.0188 0.1841 0.9827
vn 0.0187 0.1841 0.9827
vn -0.7071 0.0 0.7071
vn -0.8321 0.0 0.5547
vn -0.0434 -0.0 0.9991
vn -0.0309 0.6947 0.7186
vn -0.5609 0.5609 0.609
vn -0.7246 0.028 0.6886
vn -0.0338 0.8515 0.5233
vn -0.844 -0.0025 0.5364
vn -0.0149 0.0062 0.9999
vn 0.0 0.7071 0.7071
vn 0.0 0.8321 0.5547
vn -0.0 0.0434 0.9991
vn -0.001383 0.006577 0.999977
vn -0.001383 0.006577 0.999977
vn -0.001383 0.006577 0.999977
vn -0.001383 0.006577 0.999977
vn -0.001383 0.006577 0.999977
vn -0.001383 0.006577 0.999977
vn -0.001383 0.006577 0.999977
vn -0.001383 0.006577 0.999977
vn -0.001383 0.006577 0.999977
vn -0.001383 0.006577 0.999977
vn -0.001383 0.006577 0.999977
vn -0.001383 0.006577 0.999977
vn -0.001383 0.006577 0.999977
vn -0.001383 0.006577 0.999977
vn -0.001383 0.006577 0.999977
vn -0.001383 0.006577 0.999977
vn -0.001383 0.006577 0.999977
vn -0.001383 0.006577 0.999977
vn -0.001383 0.006577 0.999977
vn -0.001383 0.006577 0.999977
vn 0.0 0.7071 0.7071
vn 0.0 0.8321 0.5547
vn -0.0 0.0434 0.9991
vn -0.0189 -0.0 0.9998
vn -0.0188 -0.0 0.9998
vn 0.8321 0.0 0.5547
vn 0.7071 0.0 0.7071
vn 0.0 0.7071 0.7071
vn 0.1841 -0.0188 0.9827
vn 0.1841 -0.0187 0.9827
vn 0.7071 -0.0 0.7071
vn 0.8321 -0.0 0.5547
vn 0.0434 0.0 0.9991
vn 0.6947 0.0309 0.7186
vn 0.5609 0.5609 0.609
vn 0.028 0.7246 0.6886
vn 0.8515 0.0338 0.5233
vn -0.0025 0.844 0.5364
vn 0.0062 0.0149 0.9999
vn 0.0 -0.0189 0.9998
vn 0.0 -0.0188 0.9998
vn -0.0 0.8321 0.5547
vn -0.0 0.7071 0.7071
vn -0.7071 0.0 0.7071
vn 0.0188 0.1841 0.9827
vn 0.0187 0.1841 0.9827
vn -0.0309 0.6947 0.7186
vn -0.5609 0.5609 0.609
vn -0.7246 0.028 0.6886
vn -0.0338 0.8515 0.5233
vn -0.844 -0.0025 0.5364
vn -0.0149 0.0062 0.9999
vn 0.0 0.0 1.0
vn -1.0 0.0 -0.0
vn 1.0 0.0 0.0
vn 0.0 0.7071 0.7071
vn 0.0 0.8321 0.5547
vn -0.0 0.0434 0.9991
vn -0.0 -0.7071 0.7071
vn -0.0 -0.8321 0.5547
vn 0.0 -0.0434 0.9991
vn -0.001383 0.006577 0.999977
vn -0.001383 0.006577 0.999977
vn -0.001383 0.006577 0.999977
vn -0.001383 0.006577 0.999977
vn -0.001383 0.006577 0.999977
vn -0.001383 0.006577 0.999977
vn -0.001383 0.006577 0.999977
vn -0.001383 0.006577 0.999977
vn -0.001383 0.006577 0.999977
vn -0.001383 0.006577 0.999977
vn -0.001383 0.006577 0.999977
vn -0.001383 0.006577 0.999977
vn -0.001383 0.006577 0.999977
vn -0.001383 0.006577 0.999977
vn -0.001383 0.006577 0.999977
vn -0.001383 0.006577 0.999977
vn -0.001383 0.006577 0.999977
vn -0.001383 0.006577 0.999977
vn -0.001383 0.006577 0.999977
vn -0.001383 0.006577 0.999977
vn -0.0 -0.7071 0.7071
vn -0.0 -0.8321 0.5547
vn 0.0 -0.0434 0.9991
vn -0.0 -0.7071 0.7071
vn -0.0 -0.8321 0.5547
vn 0.0 -0.0434 0.9991
vn -0.0 -0.7071 0.7071
vn -0.0 -0.8321 0.5547
vn 0.0 -0.0434 0.9991
vn -0.0 -0.7071 0.7071
vn -0.0 -0.8321 0.5547
vn 0.0 -0.0434 0.9991
vn -0.0 -0.7071 0.7071
vn -0.0 -0.8321 0.5547
vn 0.0 -0.0434 0.9991
vn 0.0 0.7071 0.7071
vn 0.0 0.8321 0.5547
vn -0.0 0.0434 0.9991
vn 0.0 0.0 1.0
vn -1.0 0.0 -0.0
vn 1.0 0.0 0.0
vn 0.0 0.7071 0.7071
vn 0.0 0.8321 0.5547
vn -0.0 0.0434 0.9991
vn 0.0 -0.0189 0.9998
vn 0.0 -0.0188 0.9998
vn -0.0 0.8321 0.5547
vn -0.0 0.7071 0.7071
vn -0.7071 0.0 0.7071
vn 0.0188 0.1841 0.9827
vn 0.0187 0.1841 0.9827
vn -0.7071 0.0 0.7071
vn -0.8321 0.0 0.5547
vn -0.0434 -0.0 0.9991
vn -0.001383 0.006577 0.999977
vn -0.001383 0.006577 0.999977
vn -0.001383 0.006577 0.999977
vn -0.001383 0.006577 0.999977
vn -0.001383 0.006577 0.999977
vn -0.001383 0.006577 0.999977
vn -0.001383 0.006577 0.999977
vn -0.001383 0.006577 0.999977
vn -0.001383 0.006577 0.999977
vn -0.001383 0.006577 0.999977
vn -0.001383 0.006577 0.999977
vn -0.001383 0.006577 0.999977
vn -0.001383 0.006577 0.999977
vn -0.001383 0.006577 0.999977
vn -0.001383 0.006577 0.999977
vn -0.001383 0.006577 0.999977
vn -0.001383 0.006577 0.999977
vn -0.001383 0.006577 0.999977
vn -0.001383 0.006577 0.999977
vn -0.001383 0.006577 0.999977
vn 0.0 -0.0189 0.9998
vn 0.0 -0.0188 0.9998
vn -0.0 0.8321 0.5547
vn -0.0 0.7071 0.7071
vn -0.7071 0.0 0.7071
vn 0.0188 0.1841 0.9827
vn 0.0187 0.1841 0.9827
vn -0.7071 0.0 0.7071
vn -0.8321 0.0 0.5547
vn -0.0434 -0.0 0.9991
vn -0.7071 0.0 0.7071
vn -0.8321 0.0 0.5547
vn -0.0434 -0.0 0.9991
vn 0.0189 0.0 0.9998
vn 0.0188 0.0 0.9998
vn -0.8321 -0.0 0.5547
vn -0.7071 -0.0 0.7071
vn -0.0 -0.7071 0.7071
vn -0.1841 0.0188 0.9827
vn -0.1841 0.0187 0.9827
vn -0.6947 -0.0309 0.7186
vn -0.5609 -0.5609 0.609
vn -0.028 -0.7246 0.6886
vn -0.8515 -0.0338 0.5233
vn 0.0025 -0.844 0.5364
vn -0.0062 -0.0149 0.9999
vn -0.7071 0.0 0.7071
vn -0.8321 0.0 0.5547
vn -0.0434 -0.0 0.9991
vn 0.0189 0.0 0.9998
vn 0.0188 0.0 0.9998
vn -0.8321 -0.0 0.5547
vn -0.7071 -0.0 0.7071
vn -0.0 -0.7071 0.7071
vn -0.1841 0.0188 0.9827
vn -0.1841 0.0187 0.9827
vn 0.0 0.0 1.0
vn -1.0 0.0 -0.0
vn 1.0 0.0 0.0
vn 0.0 -0.0189 0.9998
vn 0.0 -0.0188 0.9998
vn -0.0 0.8321 0.5547
vn -0.0 0.7071 0.7071
vn -0.7071 0.0 0.7071
vn 0.0188 0.1841 0.9827
vn 0.0187 0.1841 0.9827
vn -0.7071 0.0 0.7071
vn -0.8321 0.0 0.5547
vn -0.0434 -0.0 0.9991
vn -0.7071 0.0 0.7071
vn -0.8321 0.0 0.5547
vn -0.0434 -0.0 0.9991
vn -0.0 -0.7071 0.7071
vn -0.0 -0.8321 0.5547
vn 0.0 -0.0434 0.9991
vn -0.001383 0.006577 0.999977
vn -0.001383 0.006577 0.999977
vn -0.001383 0.006577 0.999977
vn -0.001383 0.006577 0.999977
vn -0.001383 0.006577 0.999977
vn -0.001383 0.006577 0.999977
vn -0.001383 0.006577 0.999977
vn -0.001383 0.006577 0.999977
vn -0.001383 0.006577 0.999977
vn -0.001383 0.006577 0.999977
vn -0.001383 0.006577 0.999977
vn -0.001383 0.006577 0.999977
vn -0.001383 0.006577 0.999977
vn -0.001383 0.006577 0.999977
vn -0.001383 0.006577 0.999977
vn -0.001383 0.006577 0.999977
vn -0.001383 0.006577 0.999977
vn -0.001383 0.006577 0.999977
vn -0.001383 0.006577 0.999977
vn -0.001383 0.006577 0.999977
vn -0.6947 -0.0309 0.7186
vn -0.5609 -0.5609 0.609
vn -0.028 -0.7246 0.6886
vn -0.8515 -0.0338 0.5233
vn 0.0025 -0.844 0.5364
vn -0.0062 -0.0149 0.9999
vn -0.7071 0.0 0.7071
vn -0.8321 0.0 0.5547
vn -0.0434 -0.0 0.9991
vn 0.0189 0.0 0.9998
vn 0.0188 0.0 0.9998
vn -0.8321 -0.0 0.5547
vn -0.7071 -0.0 0.7071
vn -0.0 -0.7071 0.7071
vn -0.1841 0.0188 0.9827
vn -0.1841 0.0187 0.9827
vn 0.0 -0.0189 0.9998
vn 0.0 -0.0188 0.9998
vn -0.0 0.8321 0.5547
vn -0.0 0.7071 0.7071
vn -0.7071 0.0 0.7071
vn 0.0188 0.1841 0.9827
vn 0.0187 0.1841 0.9827
vn -0.7071 0.0 0.7071
vn -0.8321 0.0 0.5547
vn -0.0434 -0.0 0.9991
vn -0.7071 0.0 0.7071
vn -0.8321 0.0 0.5547
vn -0.0434 -0.0 0.9991
vn -0.0 -0.7071 0.7071
vn -0.0 -0.8321 0.5547
vn 0.0 -0.0434 0.9991
vn -0.001383 0.006577 0.999977
vn -0.001383 0.006577 0.999977
vn -0.001383 0.006577 0.999977
vn -0.001383 0.006577 0.999977
vn -0.001383 0.006577 0.999977
vn -0.001383 0.006577 0.999977
vn -0.001383 0.006577 0.999977
vn -0.001383 0.006577 0.999977
vn -0.001383 0.006577 0.999977
vn -0.001383 0.006577 0.999977
vn -0.001383 0.006577 0.999977
vn -0.001383 0.006577 0.999977
vn -0.001383 0.006577 0.999977
vn -0.001383 0.006577 0.999977
vn -0.001383 0.006577 0.999977
vn -0.001383 0.006577 0.999977
vn -0.001383 0.006577 0.999977
vn -0.001383 0.006577 0.999977
vn -0.001383 0.006577 0.999977
vn -0.001383 0.006577 0.999977
vn 0.0 -0.0189 0.9998
vn 0.0 -0.0188 0.9998
vn -0.0 0.8321 0.5547
vn -0.0 0.7071 0.7071
vn -0.7071 0.0 0.7071
vn 0.0188 0.1841 0.9827
vn 0.0187 0.1841 0.9827
vn -0.7071 0.0 0.7071
vn -0.8321 0.0 0.5547
vn -0.0434 -0.0 0.9991
vn -0.7071 0.0 0.7071
vn -0.8321 0.0 0.5547
vn -0.0434 -0.0 0.9991
vn -0.001383 0.006577 0.999977
vn -0.001383 0.006577 0.999977
vn -0.001383 0.006577 0.999977
vn -0.001383 0.006577 0.999977
vn -0.001383 0.006577 0.999977
vn -0.001383 0.006577 0.999977
vn -0.001383 0.006577 0.999977
vn -0.001383 0.006577 0.999977
vn -0.001383 0.006577 0.999977
vn -0.001383 0.006577 0.999977
vn -0.001383 0.006577 0.999977
vn -0.001383 0.006577 0.999977
vn -0.001383 0.006577 0.999977
vn -0.001383 0.006577 0.999977
vn -0.001383 0.006577 0.999977
vn -0.001383 0.006577 0.999977
vn -0.001383 0.006577 0.999977
vn -0.001383 0.006577 0.999977
vn -0.001383 0.006577 0.999977
vn -0.001383 0.006577 0.999977
vn 0.0 -0.0189 0.9998
vn 0.0 -0.0188 0.9998
vn -0.0 0.8321 0.5547
vn -0.0 0.7071 0.7071
vn -0.7071 0.0 0.7071
vn 0.0188 0.1841 0.9827
vn 0.0187 0.1841 0.9827
vn -0.7071 0.0 0.7071
vn -0.8321 0.0 0.5547
vn -0.0434 -0.0 0.9991
vn -0.7071 0.0 0.7071
vn -0.8321 0.0 0.5547
vn -0.0434 -0.0 0.9991
vn -0.001383 0.006577 0.999977
vn -0.001383 0.006577 0.999977
vn -0.001383 0.006577 0.999977
vn -0.001383 0.006577 0.999977
vn -0.001383 0.006577 0.999977
vn -0.001383 0.006577 0.999977
vn -0.001383 0.006577 0.999977
vn -0.001383 0.006577 0.999977
vn -0.001383 0.006577 0.999977
vn -0.001383 0.006577 0.999977
vn -0.001383 0.006577 0.999977
vn -0.001383 0.006577 0.999977
vn -0.001383 0.006577 0.999977
vn -0.001383 0.006577 0.999977
vn -0.001383 0.006577 0.999977
vn -0.001383 0.006577 0.999977
vn -0.001383 0.006577 0.999977
vn -0.001383 0.006577 0.999977
vn -0.001383 0.006577 0.999977
vn -0.001383 0.006577 0.999977
vn -0.001383 0.006577 0.999977
vn -0.001383 0.006577 0.999977
vn -0.001383 0.006577 0.999977
vn -0.001383 0.006577 0.999977
vn -0.001383 0.006577 0.999977
vn -0.001383 0.006577 0.999977
vn -0.001383 0.006577 0.999977
vn -0.001383 0.006577 0.999977
vn -0.001383 0.006577 0.999977
vn -0.001383 0.006577 0.999977
vn -0.001383 0.006577 0.999977
vn -0.001383 0.006577 0.999977
vn -0.001383 0.006577 0.999977
vn -0.001383 0.006577 0.999977
vn -0.001383 0.006577 0.999977
vn -0.001383 0.006577 0.999977
vn -0.001383 0.006577 0.999977
vn -0.001383 0.006577 0.999977
vn -0.001383 0.006577 0.999977
vn -0.001383 0.006577 0.999977
vn -0.6947 -0.0309 0.7186
vn -0.5609 -0.5609 0.609
vn -0.028 -0.7246 0.6886
vn -0.8515 -0.0338 0.5233
vn 0.0025 -0.844 0.5364
vn -0.0062 -0.0149 0.9999
vn -0.7071 0.0 0.7071
vn -0.8321 0.0 0.5547
vn -0.0434 -0.0 0.9991
vn -0.7071 0.0 0.7071
vn -0.8321 0.0 0.5547
vn -0.0434 -0.0 0.9991
vn -0.001383 0.006577 0.999977
vn -0.001383 0.006577 0.999977
vn -0.001383 0.006577 0.999977
vn -0.001383 0.006577 0.999977
vn -0.001383 0.006577 0.999977
vn -0.001383 0.006577 0.999977
vn -0.001383 0.006577 0.999977
vn -0.001383 0.006577 0.999977
vn -0.001383 0.006577 0.999977
vn -0.001383 0.006577 0.999977
vn -0.001383 0.006577 0.999977
vn -0.001383 0.006577 0.999977
vn -0.001383 0.006577 0.999977
vn -0.001383 0.006577 0.999977
vn -0.001383 0.006577 0.999977
vn -0.001383 0.006577 0.999977
vn -0.001383 0.006577 0.999977
vn -0.001383 0.006577 0.999977
vn -0.001383 0.006577 0.999977
vn -0.001383 0.006577 0.999977
vn -0.0 -0.7071 0.7071
vn -0.0 -0.8321 0.5547
vn 0.0 -0.0434 0.9991
vn -0.001383 0.006577 0.999977
vn -0.001383 0.006577 0.999977
vn -0.001383 0.006577 0.999977
vn -0.001383 0.006577 0.999977
vn -0.001383 0.006577 0.999977
vn -0.001383 0.006577 0.999977
vn -0.001383 0.006577 0.999977
vn -0.001383 0.006577 0.999977
vn -0.001383 0.006577 0.999977
vn -0.001383 0.006577 0.999977
vn -0.001383 0.006577 0.999977
vn -0.001383 0.006577 0.999977
vn -0.001383 0.006577 0.999977
vn -0.001383 0.006577 0.999977
vn -0.001383 0.006577 0.999977
vn -0.001383 0.006577 0.999977
vn -0.001383 0.006577 0.999977
vn -0.001383 0.006577 0.999977
vn -0.001383 0.006577 0.999977
vn -0.001383 0.006577 0.999977
vn -0.001383 0.006577 0.999977
vn -0.001383 0.006577 0.999977
vn -0.001383 0.006577 0.999977
vn -0.001383 0.006577 0.999977
vn -0.001383 0.006577 0.999977
vn -0.001383 0.006577 0.999977
vn -0.001383 0.006577 0.999977
vn -0.001383 0.006577 0.999977
vn -0.001383 0.006577 0.999977
vn -0.001383 0.006577 0.999977
vn -0.001383 0.006577 0.999977
vn -0.001383 0.006577 0.999977
vn -0.001383 0.006577 0.999977
vn -0.001383 0.006577 0.999977
vn -0.001383 0.006577 0.999977
vn -0.001383 0.006577 0.999977
vn -0.001383 0.006577 0.999977
vn -0.001383 0.006577 0.999977
vn -0.001383 0.006577 0.999977
vn -0.001383 0.006577 0.999977
vn 0.0 0.0 1.0
vn -1.0 0.0 -0.0
vn 1.0 0.0 0.0
vn -0.001383 0.006577 0.999977
vn -0.001383 0.006577 0.999977
vn -0.001383 0.006577 0.999977
vn -0.001383 0.006577 0.999977
vn -0.001383 0.006577 0.999977
vn -0.001383 0.006577 0.999977
vn -0.001383 0.006577 0.999977
vn -0.001383 0.006577 0.999977
vn -0.001383 0.006577 0.999977
vn -0.001383 0.006577 0.999977
vn -0.001383 0.006577 0.999977
vn -0.001383 0.006577 0.999977
vn -0.001383 0.006577 0.999977
vn -0.001383 0.006577 0.999977
vn -0.001383 0.006577 0.999977
vn -0.001383 0.006577 0.999977
vn -0.001383 0.006577 0.999977
vn -0.001383 0.006577 0.999977
vn -0.001383 0.006577 0.999977
vn -0.001383 0.006577 0.999977
vn -0.001383 0.006577 0.999977
vn -0.001383 0.006577 0.999977
vn -0.001383 0.006577 0.999977
vn -0.001383 0.006577 0.999977
vn -0.001383 0.006577 0.999977
vn -0.001383 0.006577 0.999977
vn -0.001383 0.006577 0.999977
vn -0.001383 0.006577 0.999977
vn -0.001383 0.006577 0.999977
vn -0.001383 0.006577 0.999977
vn -0.001383 0.006577 0.999977
vn -0.001383 0.006577 0.999977
vn -0.001383 0.006577 0.999977
vn -0.001383 0.006577 0.999977
vn -0.001383 0.006577 0.999977
vn -0.001383 0.006577 0.999977
vn -0.001383 0.006577 0.999977
vn -0.001383 0.006577 0.999977
vn -0.001383 0.006577 0.999977
vn -0.001383 0.006577 0.999977
vn 0.0 0.0 1.0
vn -1.0 0.0 -0.0
vn 1.0 0.0 0.0
vn -0.001383 0.006577 0.999977
vn -0.001383 0.006577 0.999977
vn -0.001383 0.006577 0.999977
vn -0.001383 0.006577 0.999977
vn -0.001383 0.006577 0.999977
vn -0.001383 0.006577 0.999977
vn -0.001383 0.006577 0.999977
vn -0.001383 0.006577 0.999977
vn -0.001383 0.006577 0.999977
vn -0.001383 0.006577 0.999977
vn -0.001383 0.006577 0.999977
vn -0.001383 0.006577 0.999977
vn -0.001383 0.006577 0.999977
vn -0.001383 0.006577 0.999977
vn -0.001383 0.006577 0.999977
vn -0.001383 0.006577 0.999977
vn -0.001383 0.006577 0.999977
vn -0.001383 0.006577 0.999977
vn -0.001383 0.006577 0.999977
vn -0.001383 0.006577 0.999977
vn -0.0 -0.7071 0.7071
vn -0.0 -0.8321 0.5547
vn 0.0 -0.0434 0.9991
vn -0.0 -0.7071 0.7071
vn -0.0 -0.8321 0.5547
vn 0.0 -0.0434 0.9991
vn -0.0 -0.7071 0.7071
vn -0.0 -0.8321 0.5547
vn 0.0 -0.0434 0.9991
vn -0.001383 0.006577 0.999977
vn -0.001383 0.006577 0.999977
vn -0.001383 0.006577 0.999977
vn -0.001383 0.006577 0.999977
vn -0.001383 0.006577 0.999977
vn -0.001383 0.006577 0.999977
vn -0.001383 0.006577 0.999977
vn -0.001383 0.006577 0.999977
vn -0.001383 0.006577 0.999977
vn -0.001383 0.006577 0.999977
vn -0.001383 0.006577 0.999977
vn -0.001383 0.006577 0.999977
vn -0.001383 0.006577 0.999977
vn -0.001383 0.006577 0.999977
vn -0.001383 0.006577 0.999977
vn -0.001383 0.006577 0.999977
vn -0.001383 0.006577 0.999977
vn -0.001383 0.006577 0.999977
vn -0.001383 0.006577 0.999977
vn -0.001383 0.006577 0.999977
vn -0.7071 0.0 0.7071
vn -0.8321 0.0 0.5547
vn -0.0434 -0.0 0.9991
vn 0.0189 0.0 0.9998
vn 0.0188 0.0 0.9998
vn -0.8321 -0.0 0.5547
vn -0.7071 -0.0 0.7071
vn -0.0 -0.7071 0.7071
vn -0.1841 0.0188 0.9827
vn -0.1841 0.0187 0.9827
vn -0.6947 -0.0309 0.7186
vn -0.5609 -0.5609 0.609
vn -0.028 -0.7246 0.6886
vn -0.8515 -0.0338 0.5233
vn 0.0025 -0.844 0.5364
vn -0.0062 -0.0149 0.9999
vn -0.7071 0.0 0.7071
vn -0.8321 0.0 0.5547
vn -0.0434 -0.0 0.9991
vn 0.0189 0.0 0.9998
vn 0.0188 0.0 0.9998
vn -0.8321 -0.0 0.5547
vn -0.7071 -0.0 0.7071
vn -0.0 -0.7071 0.7071
vn -0.1841 0.0188 0.9827
vn -0.1841 0.0187 0.9827
vn 0.0309 -0.6947 0.7186
vn 0.5609 -0.5609 0.609
vn 0.7246 -0.028 0.6886
vn 0.0338 -0.8515 0.5233
vn 0.844 0.0025 0.5364
vn 0.0149 -0.0062 0.9999
vn -0.0 0.0189 0.9998
vn -0.0 0.0188 0.9998
vn 0.0 -0.8321 0.5547
vn 0.0 -0.7071 0.7071
vn 0.7071 -0.0 0.7071
vn -0.0188 -0.1841 0.9827
vn -0.0187 -0.1841 0.9827
vn 0.0 0.0 1.0
vn -1.0 0.0 -0.0
vn 1.0 0.0 0.0
vn -0.0 -0.7071 0.7071
vn -0.0 -0.8321 0.5547
vn 0.0 -0.0434 0.9991
vn -0.6947 -0.0309 0.7186
vn -0.5609 -0.5609 0.609
vn -0.028 -0.7246 0.6886
vn -0.8515 -0.0338 0.5233
vn 0.0025 -0.844 0.5364
vn -0.0062 -0.0149 0.9999
vn -0.7071 0.0 0.7071
vn -0.8321 0.0 0.5547
vn -0.0434 -0.0 0.9991
vn 0.0189 0.0 0.9998
vn 0.0188 0.0 0.9998
vn -0.8321 -0.0 0.5547
vn -0.7071 -0.0 0.7071
vn -0.0 -0.7071 0.7071
vn -0.1841 0.0188 0.9827
vn -0.1841 0.0187 0.9827
vn 0.0309 -0.6947 0.7186
vn 0.5609 -0.5609 0.609
vn 0.7246 -0.028 0.6886
vn 0.0338 -0.8515 0.5233
vn 0.844 0.0025 0.5364
vn 0.0149 -0.0062 0.9999
vn 0.7071 -0.0 0.7071
vn 0.8321 -0.0 0.5547
vn 0.0434 0.0 0.9991
vn -0.0 0.0189 0.9998
vn -0.0 0.0188 0.9998
vn 0.0 -0.8321 0.5547
vn 0.0 -0.7071 0.7071
vn 0.7071 -0.0 0.7071
vn -0.0188 -0.1841 0.9827
vn -0.0187 -0.1841 0.9827
vn 0.0 -0.707107 0.707107
vn 0.0 -0.707107 0.707107
vn 0.0 -0.707107 0.707107
vn 0.0 -0.707107 0.707107
vn 0.0 -0.0 1.0
vn 0.0 -0.0 1.0
vn 0.0 -0.0 1.0
vn 0.0 -0.0 1.0
vn 0.0 0.707107 -0.707107
vn 0.0 0.707107 -0.707107
vn 0.0 0.707107 -0.707107
vn 0.0 0.707107 -0.707107
vn 0.0 -0.0 -1.0
vn 0.0 -0.0 -1.0
vn -0.0 -0.7071 0.7071
vn -0.0 -0.8321 0.5547
vn 0.0 -0.0434 0.9991
vn 0.0309 -0.6947 0.7186
vn 0.5609 -0.5609 0.609
vn 0.7246 -0.028 0.6886
vn 0.0338 -0.8515 0.5233
vn 0.844 0.0025 0.5364
vn 0.0149 -0.0062 0.9999
vn -0.0 0.0189 0.9998
vn -0.0 0.0188 0.9998
vn 0.0 -0.8321 0.5547
vn 0.0 -0.7071 0.7071
vn 0.7071 -0.0 0.7071
vn -0.0188 -0.1841 0.9827
vn -0.0187 -0.1841 0.9827
vn -0.0 -0.6618 0.7497
vn 0.0 0.3162 0.9487
vn 0.0 0.0 1.0
vn -1.0 0.0 0.0
vn 1.0 0.0 0.0
vn 0.0 -0.707107 0.707107
vn 0.0 -0.707107 0.707107
vn 0.0 -0.707107 0.707107
vn 0.0 -0.707107 0.707107
vn 0.0 -0.346512 0.938045
vn 0.0 -0.346512 0.938045
vn -0.001383 0.006577 0.999977
vn -0.001383 0.006577 0.999977
vn -0.001383 0.006577 0.999977
vn -0.001383 0.006577 0.999977
vn -0.001383 0.006577 0.999977
vn -0.001383 0.006577 0.999977
vn -0.001383 0.006577 0.999977
vn -0.001383 0.006577 0.999977
vn -0.001383 0.006577 0.999977
vn -0.001383 0.006577 0.999977
vn -0.001383 0.006577 0.999977
vn -0.001383 0.006577 0.999977
vn -0.001383 0.006577 0.999977
vn -0.001383 0.006577 0.999977
vn -0.001383 0.006577 0.999977
vn -0.001383 0.006577 0.999977
vn -0.001383 0.006577 0.999977
vn -0.001383 0.006577 0.999977
vn -0.001383 0.006577 0.999977
vn -0.001383 0.006577 0.999977
vn -0.0 -0.6618 0.7497
vn 0.0 0.3162 0.9487
vn 0.0 0.0 1.0
vn -1.0 0.0 0.0
vn 1.0 0.0 0.0
vn 0.0 0.0 1.0
vn -1.0 0.0 -0.0
vn 1.0 0.0 0.0
vn 0.0 -0.707107 0.707107
vn 0.0 -0.707107 0.707107
vn 0.0 -0.707107 0.707107
vn 0.0 -0.707107 0.707107
vn 0.0 -0.346512 0.938045
vn 0.0 -0.346512 0.938045
vn 0.0 -0.346512 0.938045
vn 0.0 -0.346512 0.938045
vn 0.0 -0.707107 0.707107
vn 0.0 -0.707107 0.707107
vn 0.0 -0.707107 0.707107
vn 0.0 -0.707107 0.707107
vn 0.0 -0.0 1.0
vn 0.0 -0.0 1.0
vn 0.0309 -0.6947 0.7186
vn 0.5609 -0.5609 0.609
vn 0.7246 -0.028 0.6886
vn 0.0338 -0.8515 0.5233
vn 0.844 0.0025 0.5364
vn 0.0149 -0.0062 0.9999
vn 0.6618 -0.0 0.7497
vn -0.3162 0.0 0.9487
vn -0.0 0.0 1.0
vn -0.0 -1.0 0.0
vn -0.0 1.0 0.0
vn -0.0 0.0189 0.9998
vn -0.0 0.0188 0.9998
vn 0.0 -0.8321 0.5547
vn 0.0 -0.7071 0.7071
vn 0.7071 -0.0 0.7071
vn -0.0188 -0.1841 0.9827
vn -0.0187 -0.1841 0.9827
vn -0.6947 -0.0309 0.7186
vn -0.5609 -0.5609 0.609
vn -0.028 -0.7246 0.6886
vn -0.8515 -0.0338 0.5233
vn 0.0025 -0.844 0.5364
vn -0.0062 -0.0149 0.9999
vn 0.0189 0.0 0.9998
vn 0.0188 0.0 0.9998
vn -0.8321 -0.0 0.5547
vn -0.7071 -0.0 0.7071
vn -0.0 -0.7071 0.7071
vn -0.1841 0.0188 0.9827
vn -0.1841 0.0187 0.9827
vn 0.0 0.0 1.0
vn -1.0 0.0 -0.0
vn 1.0 0.0 0.0
vn 0.0 0.0 1.0
vn -1.0 0.0 -0.0
vn 1.0 0.0 0.0
vn -0.6947 -0.0309 0.7186
vn -0.5609 -0.5609 0.609
vn -0.028 -0.7246 0.6886
vn -0.8515 -0.0338 0.5233
vn 0.0025 -0.844 0.5364
vn -0.0062 -0.0149 0.9999
vn 0.0189 0.0 0.9998
vn 0.0188 0.0 0.9998
vn -0.8321 -0.0 0.5547
vn -0.7071 -0.0 0.7071
vn -0.0 -0.7071 0.7071
vn -0.1841 0.0188 0.9827
vn -0.1841 0.0187 0.9827
vn -0.0 -0.7071 0.7071
vn -0.0 -0.8321 0.5547
vn 0.0 -0.0434 0.9991
vn -0.0 -0.7071 0.7071
vn -0.0 -0.8321 0.5547
vn 0.0 -0.0434 0.9991
vn -0.001383 0.006577 0.999977
vn -0.001383 0.006577 0.999977
vn -0.001383 0.006577 0.999977
vn -0.001383 0.006577 0.999977
vn -0.001383 0.006577 0.999977
vn -0.001383 0.006577 0.999977
vn -0.001383 0.006577 0.999977
vn -0.001383 0.006577 0.999977
vn -0.001383 0.006577 0.999977
vn -0.001383 0.006577 0.999977
vn -0.001383 0.006577 0.999977
vn -0.001383 0.006577 0.999977
vn -0.001383 0.006577 0.999977
vn -0.001383 0.006577 0.999977
vn -0.001383 0.006577 0.999977
vn -0.001383 0.006577 0.999977
vn -0.001383 0.006577 0.999977
vn -0.001383 0.006577 0.999977
vn -0.001383 0.006577 0.999977
vn -0.001383 0.006577 0.999977
vn -0.001383 0.006577 0.999977
vn -0.001383 0.006577 0.999977
vn -0.001383 0.006577 0.999977
vn -0.001383 0.006577 0.999977
vn -0.001383 0.006577 0.999977
vn -0.001383 0.006577 0.999977
vn -0.001383 0.006577 0.999977
vn -0.001383 0.006577 0.999977
vn -0.001383 0.006577 0.999977
vn -0.001383 0.006577 0.999977
vn -0.001383 0.006577 0.999977
vn -0.001383 0.006577 0.999977
vn -0.001383 0.006577 0.999977
vn -0.001383 0.006577 0.999977
vn -0.001383 0.006577 0.999977
vn -0.001383 0.006577 0.999977
vn -0.001383 0.006577 0.999977
vn -0.001383 0.006577 0.999977
vn -0.001383 0.006577 0.999977
vn -0.001383 0.006577 0.999977
vn -0.001383 0.006577 0.999977
vn -0.001383 0.006577 0.999977
vn -0.001383 0.006577 0.999977
vn -0.001383 0.006577 0.999977
vn -0.001383 0.006577 0.999977
vn -0.001383 0.006577 0.999977
vn -0.001383 0.006577 0.999977
vn -0.001383 0.006577 0.999977
vn -0.001383 0.006577 0.999977
vn -0.001383 0.006577 0.999977
vn -0.001383 0.006577 0.999977
vn -0.001383 0.006577 0.999977
vn -0.001383 0.006577 0.999977
vn -0.001383 0.006577 0.999977
vn -0.001383 0.006577 0.999977
vn -0.001383 0.006577 0.999977
vn -0.001383 0.006577 0.999977
vn -0.001383 0.006577 0.999977
vn -0.001383 0.006577 0.999977
vn -0.001383 0.006577 0.999977
vn -0.001383 0.006577 0.999977
vn -0.001383 0.006577 0.999977
vn -0.001383 0.006577 0.999977
vn -0.001383 0.006577 0.999977
vn -0.001383 0.006577 0.999977
vn -0.001383 0.006577 0.999977
vn -0.001383 0.006577 0.999977
vn -0.001383 0.006577 0.999977
vn -0.001383 0.006577 0.999977
vn -0.001383 0.006577 0.999977
vn -0.001383 0.006577 0.999977
vn -0.001383 0.006577 0.999977
vn -0.001383 0.006577 0.999977
vn -0.001383 0.006577 0.999977
vn -0.001383 0.006577 0.999977
vn -0.001383 0.006577 0.999977
vn -0.001383 0.006577 0.999977
vn -0.001383 0.006577 0.999977
vn -0.001383 0.006577 0.999977
vn -0.001383 0.006577 0.999977
vn 0.0 0.0 1.0
vn -1.0 0.0 -0.0
vn 1.0 0.0 0.0
vn 0.0 0.0 1.0
vn -1.0 0.0 -0.0
vn 1.0 0.0 0.0
vn -0.0 -0.7071 0.7071
vn -0.0 -0.8321 0.5547
vn 0.0 -0.0434 0.9991
vn 0.0 0.0 1.0
vn -1.0 0.0 -0.0
vn 1.0 0.0 0.0
vn 0.0309 -0.6947 0.7186
vn 0.5609 -0.5609 0.609
vn 0.7246 -0.028 0.6886
vn 0.0338 -0.8515 0.5233
vn 0.844 0.0025 0.5364
vn 0.0149 -0.0062 0.9999
vn 0.7071 -0.0 0.7071
vn 0.8321 -0.0 0.5547
vn 0.0434 0.0 0.9991
vn 0.7071 -0.0 0.7071
vn 0.8321 -0.0 0.5547
vn 0.0434 0.0 0.9991
vn -0.0 -0.7071 0.7071
vn -0.0 -0.8321 0.5547
vn 0.0 -0.0434 0.9991
vn -0.0189 -0.0 0.9998
vn -0.0188 -0.0 0.9998
vn 0.8321 0.0 0.5547
vn 0.7071 0.0 0.7071
vn 0.0 0.7071 0.7071
vn 0.1841 -0.0188 0.9827
vn 0.1841 -0.0187 0.9827
vn 0.6618 -0.0 0.7497
vn -0.3162 0.0 0.9487
vn -0.0 0.0 1.0
vn -0.0 -1.0 0.0
vn -0.0 1.0 0.0
vn -0.0 0.0189 0.9998
vn -0.0 0.0188 0.9998
vn 0.0 -0.8321 0.5547
vn 0.0 -0.7071 0.7071
vn 0.7071 -0.0 0.7071
vn -0.0188 -0.1841 0.9827
vn -0.0187 -0.1841 0.9827
vn 0.0309 -0.6947 0.7186
vn 0.5609 -0.5609 0.609
vn 0.7246 -0.028 0.6886
vn 0.0338 -0.8515 0.5233
vn 0.844 0.0025 0.5364
vn 0.0149 -0.0062 0.9999
vn 0.7071 -0.0 0.7071
vn 0.8321 -0.0 0.5547
vn 0.0434 0.0 0.9991
vn 0.7071 -0.0 0.7071
vn 0.8321 -0.0 0.5547
vn 0.0434 0.0 0.9991
vn 0.0 0.0 1.0
vn -1.0 0.0 -0.0
vn 1.0 0.0 0.0
vn -0.0 -0.7071 0.7071
vn -0.0 -0.8321 0.5547
vn 0.0 -0.0434 0.9991
vn 0.0309 -0.6947 0.7186
vn 0.5609 -0.5609 0.609
vn 0.7246 -0.028 0.6886
vn 0.0338 -0.8515 0.5233
vn 0.844 0.0025 0.5364
vn 0.0149 -0.0062 0.9999
vn 0.7071 -0.0 0.7071
vn 0.8321 -0.0 0.5547
vn 0.0434 0.0 0.9991
vn 0.6947 0.0309 0.7186
vn 0.5609 0.5609 0.609
vn 0.028 0.7246 0.6886
vn 0.8515 0.0338 0.5233
vn -0.0025 0.844 0.5364
vn 0.0062 0.0149 0.9999
vn 0.0309 -0.6947 0.7186
vn 0.5609 -0.5609 0.609
vn 0.7246 -0.028 0.6886
vn 0.0338 -0.8515 0.5233
vn 0.844 0.0025 0.5364
vn 0.0149 -0.0062 0.9999
vn 0.7071 -0.0 0.7071
vn 0.8321 -0.0 0.5547
vn 0.0434 0.0 0.9991
vn 0.7071 -0.0 0.7071
vn 0.8321 -0.0 0.5547
vn 0.0434 0.0 0.9991
vn 0.0 0.0 1.0
vn -1.0 0.0 -0.0
vn 1.0 0.0 0.0
vn -0.0189 -0.0 0.9998
vn -0.0188 -0.0 0.9998
vn 0.8321 0.0 0.5547
vn 0.7071 0.0 0.7071
vn 0.0 0.7071 0.7071
vn 0.1841 -0.0188 0.9827
vn 0.1841 -0.0187 0.9827
vn 0.7071 -0.0 0.7071
vn 0.8321 -0.0 0.5547
vn 0.0434 0.0 0.9991
vn 0.7071 -0.0 0.7071
vn 0.8321 -0.0 0.5547
vn 0.0434 0.0 0.9991
vn 0.0 0.7071 0.7071
vn 0.0 0.8321 0.5547
vn -0.0 0.0434 0.9991
vn -0.0189 -0.0 0.9998
vn -0.0188 -0.0 0.9998
vn 0.8321 0.0 0.5547
vn 0.7071 0.0 0.7071
vn 0.0 0.7071 0.7071
vn 0.1841 -0.0188 0.9827
vn 0.1841 -0.0187 0.9827
vn 0.7071 -0.0 0.7071
vn 0.8321 -0.0 0.5547
vn 0.0434 0.0 0.9991
vn 0.7071 -0.0 0.7071
vn 0.8321 -0.0 0.5547
vn 0.0434 0.0 0.9991
vn 0.0 0.0 1.0
vn -1.0 0.0 -0.0
vn 1.0 0.0 0.0
vn 0.0 0.7071 0.7071
vn 0.0 0.8321 0.5547
vn -0.0 0.0434 0.9991
vn -0.0189 -0.0 0.9998
vn -0.0188 -0.0 0.9998
vn 0.8321 0.0 0.5547
vn 0.7071 0.0 0.7071
vn 0.0 0.7071 0.7071
vn 0.1841 -0.0188 0.9827
vn 0.1841 -0.0187 0.9827
vn 0.7071 -0.0 0.7071
vn 0.8321 -0.0 0.5547
vn 0.0434 0.0 0.9991
vn 0.7071 -0.0 0.7071
vn 0.8321 -0.0 0.5547
vn 0.0434 0.0 0.9991
vn 0.0 0.7071 0.7071
vn 0.0 0.8321 0.5547
vn -0.0 0.0434 0.9991
vn 0.0 0.0 1.0
vn -1.0 0.0 -0.0
vn 1.0 0.0 0.0
vn 0.0 0.0 1.0
vn -1.0 0.0 -0.0
vn 1.0 0.0 0.0
vn -0.001383 0.006577 0.999977
vn -0.001383 0.006577 0.999977
vn -0.001383 0.006577 0.999977
vn -0.001383 0.006577 0.999977
vn -0.001383 0.006577 0.999977
vn -0.001383 0.006577 0.999977
vn -0.001383 0.006577 0.999977
vn -0.001383 0.006577 0.999977
vn -0.001383 0.006577 0.999977
vn -0.001383 0.006577 0.999977
vn -0.001383 0.006577 0.999977
vn -0.001383 0.006577 0.999977
vn -0.001383 0.006577 0.999977
vn -0.001383 0.006577 0.999977
vn -0.001383 0.006577 0.999977
vn -0.001383 0.006577 0.999977
vn -0.001383 0.006577 0.999977
vn -0.001383 0.006577 0.999977
vn -0.001383 0.006577 0.999977
vn -0.001383 0.006577 0.999977
vn -0.001383 0.006577 0.999977
vn -0.001383 0.006577 0.999977
vn -0.001383 0.006577 0.999977
vn -0.001383 0.006577 0.999977
vn -0.001383 0.006577 0.999977
vn -0.001383 0.006577 0.999977
vn -0.001383 0.006577 0.999977
vn -0.001383 0.006577 0.999977
vn -0.001383 0.006577 0.999977
vn -0.001383 0.006577 0.999977
vn -0.001383 0.006577 0.999977
vn -0.001383 0.006577 0.999977
vn -0.001383 0.006577 0.999977
vn -0.001383 0.006577 0.999977
vn -0.001383 0.006577 0.999977
vn -0.001383 0.006577 0.999977
vn -0.001383 0.006577 0.999977
vn -0.001383 0.006577 0.999977
vn -0.001383 0.006577 0.999977
vn -0.001383 0.006577 0.999977
vn 0.0 0.0 1.0
vn 0.0 0.0 1.0
vn 0.0 0.0 1.0
vn 0.0 0.0 1.0
vn 0.0 0.0 1.0
vn 0.0 0.0 1.0
vn 0.0 0.0 1.0
vn 0.0 0.0 1.0
vn 0.0 0.0 1.0
vn 0.0 0.0 1.0
vn 0.0 0.0 1.0
vn 0.0 0.0 1.0
vn 0.0 0.0 1.0
vn 0.0 0.0 1.0
vn 0.0 0.0 1.0
vn 0.0 0.0 1.0
vn 0.0 0.0 1.0
vn 0.0 0.0 1.0
vn 0.0 0.0 1.0
vn 0.0 0.0 1.0
vn 0.0 0.0 1.0
vn 0.0 0.0 1.0
vn 0.0 -0.0 1.0
vn 0.0 0.0 1.0
vn 0.0 -0.0 1.0
vn 0.0 0.0 1.0
vn 0.0 0.0 1.0
vn 0.0 0.0 1.0
vn 0.0 0.0 1.0
vn 0.0 0.0 1.0
vn 0.0 0.0 1.0
vn 0.0 0.0 1.0
vn 0.0 0.0 1.0
vn 0.0 0.0 1.0
vn 0.0 0.0 1.0
vn 0.0 0.0 1.0
vn 0.0 0.0 1.0
vn 0.0 0.0 1.0
vn 0.0 0.0 1.0
vn 0.0 0.0 1.0
vn 0.0 0.0 1.0
vn 0.0 -0.0 1.0
vn 0.0 0.0 1.0
vn 0.0 0.0 1.0
vn 0.0 -0.0 1.0
vn 0.0 -0.0 1.0
vn 0.0 0.0 1.0
vn 0.0 0.0 1.0
vn 0.0 0.0 1.0
vn 0.0 0.0 1.0
vn 0.0 0.0 1.0
vn 0.0 0.0 1.0
vn 0.0 0.0 1.0
vn 0.0 0.0 1.0
vn 0.0 -0.0 1.0
vn 0.0 -0.0 1.0
vn 0.0 0.0 1.0
vn 0.0 0.0 1.0
vn 0.0 0.0 1.0
vn 0.0 0.0 1.0
vn 0.0 0.0 1.0
vn 0.0 0.0 1.0
vn 0.0 0.0 1.0
vn 0.0 0.0 1.0
vn 0.0 0.0 1.0
vn 0.0 0.0 1.0
vn 0.0 0.0 1.0
vn 0.0 0.0 1.0
vn 0.0 0.0 1.0
vn 0.0 0.0 1.0
vn 0.0 0.0 1.0
vn 0.0 0.0 1.0
vn 0.0 0.0 1.0
vn -1.0 0.0 -0.0
vn 1.0 0.0 0.0
vn 0.0 0.0 1.0
vn 0.0 0.0 1.0
vn 0.0 0.0 1.0
vn 0.0 0.0 1.0
vn 0.0 0.0 1.0
vn 0.0 0.0 1.0
vn 0.0 0.0 1.0
vn 0.0 -0.0 1.0
vn 0.0 0.0 1.0
vn 0.0 0.0 1.0
vn 0.0 0.0 1.0
vn 0.0 0.0 1.0
vn 0.0 0.0 1.0
vn 0.0 -0.0 1.0
vn 0.0 0.0 1.0
vn 0.0 0.0 1.0
vn 0.0 0.0 1.0
vn 0.0 0.0 1.0
vn 0.0 0.0 1.0
vn 0.0 0.0 1.0
vn 0.0 0.0 1.0
vn 0.0 0.0 1.0
vn 0.0 0.0 1.0
vn 0.0 0.0 1.0
vn 0.0 0.0 1.0
vn 0.0 0.0 1.0
vn 0.0 0.0 1.0
vn 0.0 0.0 1.0
vn 0.0 0.0 1.0
vn 0.0 0.0 1.0
vn 0.0 -0.0 1.0
vn 0.0 0.0 1.0
vn 0.0 0.0 1.0
vn 0.0 0.0 1.0
vn 0.0 0.0 1.0
vn 0.0 0.0 1.0
vn 0.0 0.0 1.0
vn 0.0 -0.0 1.0
vn 0.0 0.0 1.0
vn 0.0 -0.0 1.0
vn 0.0 0.0 1.0
vn 0.0 0.0 1.0
vn 0.0 0.0 1.0
vn 0.0 0.0 1.0
vn 0.0 0.0 1.0
vn 0.0 0.0 1.0
vn 0.0 0.0 1.0
vn -1.0 0.0 -0.0
vn 1.0 0.0 0.0
c 1.0 1.0 1.0
c 1.0 1.0 1.0
c 1.0 1.0 1.0
c 1.0 1.0 1.0
c 1.0 1.0 1.0
c 1.0 1.0 1.0
c 1.0 1.0 1.0
c 1.0 1.0 1.0
c 1.0 1.0 1.0
c 1.0 1.0 1.0
c 1.0 1.0 1.0
c 1.0 1.0 1.0
c 1.0 1.0 1.0
c 1.0 1.0 1.0
c 1.0 1.0 1.0
c 1.0 1.0 1.0
c 1.0 1.0 1.0
c 1.0 1.0 1.0
c 1.0 1.0 1.0
c 1.0 1.0 1.0
c 1.0 1.0 1.0
c 1.0 1.0 1.0
c 1.0 1.0 1.0
c 1.0 1.0 1.0
c 1.0 1.0 1.0
c 1.0 1.0 1.0
c 1.0 1.0 1.0
c 1.0 1.0 1.0
c 1.0 1.0 1.0
c 1.0 1.0 1.0
c 1.0 1.0 1.0
c 1.0 1.0 1.0
c 1.0 1.0 1.0
c 1.0 1.0 1.0
c 1.0 1.0 1.0
c 1.0 1.0 1.0
c 1.0 1.0 1.0
c 1.0 1.0 1.0
c 1.0 1.0 1.0
c 1.0 1.0 1.0
c 1.0 1.0 1.0
c 1.0 1.0 1.0
c 1.0 1.0 1.0
c 1.0 1.0 1.0
c 1.0 1.0 1.0
c 1.0 1.0 1.0
c 1.0 1.0 1.0
c 1.0 1.0 1.0
c 1.0 1.0 1.0
c 1.0 1.0 1.0
c 1.0 1.0 1.0
c 1.0 1.0 1.0
c 1.0 1.0 1.0
c 1.0 1.0 1.0
c 1.0 1.0 1.0
c 1.0 1.0 1.0
c 1.0 1.0 1.0
c 1.0 1.0 1.0
c 1.0 1.0 1.0
c 1.0 1.0 1.0
c 1.0 1.0 1.0
c 1.0 1.0 1.0
c 1.0 1.0 1.0
c 1.0 1.0 1.0
c 1.0 1.0 1.0
c 1.0 1.0 1.0
c 1.0 1.0 1.0
c 1.0 1.0 1.0
c 1.0 1.0 1.0
c 1.0 1.0 1.0
c 1.0 1.0 1.0
c 1.0 1.0 1.0
c 1.0 1.0 1.0
c 1.0 1.0 1.0
c 1.0 1.0 1.0
c 1.0 1.0 1.0
c 1.0 1.0 1.0
c 1.0 1.0 1.0
c 1.0 1.0 1.0
c 1.0 1.0 1.0
c 1.0 1.0 1.0
c 1.0 1.0 1.0
c 1.0 1.0 1.0
c 1.0 1.0 1.0
c 1.0 1.0 1.0
c 1.0 1.0 1.0
c 1.0 1.0 1.0
c 1.0 1.0 1.0
c 1.0 1.0 1.0
c 1.0 1.0 1.0
c 1.0 1.0 1.0
c 1.0 1.0 1.0
c 1.0 1.0 1.0
c 1.0 1.0 1.0
c 1.0 1.0 1.0
c 1.0 1.0 1.0
c 1.0 1.0 1.0
c 1.0 1.0 1.0
c 1.0 1.0 1.0
c 1.0 1.0 1.0
c 1.0 1.0 1.0
c 1.0 1.0 1.0
c 1.0 1.0 1.0
c 1.0 1.0 1.0
c 1.0 1.0 1.0
c 1.0 1.0 1.0
c 1.0 1.0 1.0
c 1.0 1.0 1.0
c 1.0 1.0 1.0
c 1.0 1.0 1.0
c 1.0 1.0 1.0
c 1.0 1.0 1.0
c 1.0 1.0 1.0
c 1.0 1.0 1.0
c 1.0 1.0 1.0
c 1.0 1.0 1.0
c 1.0 1.0 1.0
c 1.0 1.0 1.0
c 1.0 1.0 1.0
c 1.0 1.0 1.0
c 1.0 1.0 1.0
c 1.0 1.0 1.0
c 1.0 1.0 1.0
c 1.0 1.0 1.0
c 1.0 1.0 1.0
c 1.0 1.0 1.0
c 1.0 1.0 1.0
c 1.0 1.0 1.0
c 1.0 1.0 1.0
c 1.0 1.0 1.0
c 1.0 1.0 1.0
c 1.0 1.0 1.0
c 1.0 1.0 1.0
c 1.0 1.0 1.0
c 1.0 1.0 1.0
c 1.0 1.0 1.0
c 1.0 1.0 1.0
c 1.0 1.0 1.0
c 1.0 1.0 1.0
c 1.0 1.0 1.0
c 1.0 1.0 1.0
c 1.0 1.0 1.0
c 1.0 1.0 1.0
c 1.0 1.0 1.0
c 1.0 1.0 1.0
c 1.0 1.0 1.0
c 1.0 1.0 1.0
c 1.0 1.0 1.0
c 1.0 1.0 1.0
c 1.0 1.0 1.0
c 1.0 1.0 1.0
c 1.0 1.0 1.0
c 1.0 1.0 1.0
c 1.0 1.0 1.0
c 1.0 1.0 1.0
c 1.0 1.0 1.0
c 1.0 1.0 1.0
c 1.0 1.0 1.0
c 1.0 1.0 1.0
c 1.0 1.0 1.0
c 1.0 1.0 1.0
c 1.0 1.0 1.0
c 1.0 1.0 1.0
c 1.0 1.0 1.0
c 1.0 1.0 1.0
c 1.0 1.0 1.0
c 1.0 1.0 1.0
c 1.0 1.0 1.0
c 1.0 1.0 1.0
c 1.0 1.0 1.0
c 1.0 1.0 1.0
c 1.0 1.0 1.0
c 1.0 1.0 1.0
c 1.0 1.0 1.0
c 1.0 1.0 1.0
c 1.0 1.0 1.0
c 1.0 1.0 1.0
c 1.0 1.0 1.0
c 1.0 1.0 1.0
c 1.0 1.0 1.0
c 1.0 1.0 1.0
c 1.0 1.0 1.0
c 1.0 1.0 1.0
c 1.0 1.0 1.0
c 1.0 1.0 1.0
c 1.0 1.0 1.0
c 1.0 1.0 1.0
c 1.0 1.0 1.0
c 1.0 1.0 1.0
c 1.0 1.0 1.0
c 1.0 1.0 1.0
c 1.0 1.0 1.0
c 1.0 1.0 1.0
c 1.0 1.0 1.0
c 1.0 1.0 1.0
c 1.0 1.0 1.0
c 1.0 1.0 1.0
c 1.0 1.0 1.0
c 1.0 1.0 1.0
c 1.0 1.0 1.0
c 1.0 1.0 1.0
c 1.0 1.0 1.0
c 1.0 1.0 1.0
c 1.0 1.0 1.0
c 1.0 1.0 1.0
c 1.0 1.0 1.0
c 1.0 1.0 1.0
c 1.0 1.0 1.0
c 1.0 1.0 1.0
c 1.0 1.0 1.0
c 1.0 1.0 1.0
c 1.0 1.0 1.0
c 1.0 1.0 1.0
c 1.0 1.0 1.0
c 1.0 1.0 1.0
c 1.0 1.0 1.0
c 1.0 1.0 1.0
c 1.0 1.0 1.0
c 1.0 1.0 1.0
c 1.0 1.0 1.0
c 1.0 1.0 1.0
c 1.0 1.0 1.0
c 1.0 1.0 1.0
c 1.0 1.0 1.0
c 1.0 1.0 1.0
c 1.0 1.0 1.0
c 1.0 1.0 1.0
c 1.0 1.0 1.0
c 1.0 1.0 1.0
c 1.0 1.0 1.0
c 1.0 1.0 1.0
c 1.0 1.0 1.0
c 1.0 1.0 1.0
c 1.0 1.0 1.0
c 1.0 1.0 1.0
c 1.0 1.0 1.0
c 1.0 1.0 1.0
c 1.0 1.0 1.0
c 1.0 1.0 1.0
c 1.0 1.0 1.0
c 1.0 1.0 1.0
c 1.0 1.0 1.0
c 1.0 1.0 1.0
c 1.0 1.0 1.0
c 1.0 1.0 1.0
c 1.0 1.0 1.0
c 1.0 1.0 1.0
c 1.0 1.0 1.0
c 1.0 1.0 1.0
c 1.0 1.0 1.0
c 1.0 1.0 1.0
c 1.0 1.0 1.0
c 1.0 1.0 1.0
c 1.0 1.0 1.0
c 1.0 1.0 1.0
c 1.0 1.0 1.0
c 1.0 1.0 1.0
c 1.0 1.0 1.0
c 1.0 1.0 1.0
c 1.0 1.0 1.0
c 1.0 1.0 1.0
c 1.0 1.0 1.0
c 1.0 1.0 1.0
c 1.0 1.0 1.0
c 1.0 1.0 1.0
c 1.0 1.0 1.0
c 1.0 1.0 1.0
c 1.0 1.0 1.0
c 1.0 1.0 1.0
c 1.0 1.0 1.0
c 1.0 1.0 1.0
c 1.0 1.0 1.0
c 1.0 1.0 1.0
c 1.0 1.0 1.0
c 1.0 1.0 1.0
c 1.0 1.0 1.0
c 1.0 1.0 1.0
c 1.0 1.0 1.0
c 1.0 1.0 1.0
c 1.0 1.0 1.0
c 1.0 1.0 1.0
c 1.0 1.0 1.0
c 1.0 1.0 1.0
c 1.0 1.0 1.0
c 1.0 1.0 1.0
c 1.0 1.0 1.0
c 1.0 1.0 1.0
c 1.0 1.0 1.0
c 1.0 1.0 1.0
c 1.0 1.0 1.0
c 1.0 1.0 1.0
c 1.0 1.0 1.0
c 1.0 1.0 1.0
c 1.0 1.0 1.0
c 1.0 1.0 1.0
c 1.0 1.0 1.0
c 1.0 1.0 1.0
c 1.0 1.0 1.0
c 1.0 1.0 1.0
c 1.0 1.0 1.0
c 1.0 1.0 1.0
c 1.0 1.0 1.0
c 1.0 1.0 1.0
c 1.0 1.0 1.0
c 1.0 1.0 1.0
c 1.0 1.0 1.0
c 1.0 1.0 1.0
c 1.0 1.0 1.0
c 1.0 1.0 1.0
c 1.0 1.0 1.0
c 1.0 1.0 1.0
c 1.0 1.0 1.0
c 1.0 1.0 1.0
c 1.0 1.0 1.0
c 1.0 1.0 1.0
c 1.0 1.0 1.0
c 1.0 1.0 1.0
c 1.0 1.0 1.0
c 1.0 1.0 1.0
c 1.0 1.0 1.0
c 1.0 1.0 1.0
c 1.0 1.0 1.0
c 1.0 1.0 1.0
c 1.0 1.0 1.0
c 1.0 1.0 1.0
c 1.0 1.0 1.0
c 1.0 1.0 1.0
c 1.0 1.0 1.0
c 1.0 1.0 1.0
c 1.0 1.0 1.0
c 1.0 1.0 1.0
c 1.0 1.0 1.0
c 1.0 1.0 1.0
c 1.0 1.0 1.0
c 1.0 1.0 1.0
c 1.0 1.0 1.0
c 1.0 1.0 1.0
c 1.0 1.0 1.0
c 1.0 1.0 1.0
c 1.0 1.0 1.0
c 1.0 1.0 1.0
c 1.0 1.0 1.0
c 1.0 1.0 1.0
c 1.0 1.0 1.0
c 1.0 1.0 1.0
c 1.0 1.0 1.0
c 1.0 1.0 1.0
c 1.0 1.0 1.0
c 1.0 1.0 1.0
c 1.0 1.0 1.0
c 1.0 1.0 1.0
c 1.0 1.0 1.0
c 1.0 1.0 1.0
c 1.0 1.0 1.0
c 1.0 1.0 1.0
c 1.0 1.0 1.0
c 1.0 1.0 1.0
c 1.0 1.0 1.0
c 1.0 1.0 1.0
c 1.0 1.0 1.0
c 1.0 1.0 1.0
c 1.0 1.0 1.0
c 1.0 1.0 1.0
c 1.0 1.0 1.0
c 1.0 1.0 1.0
c 1.0 1.0 1.0
c 1.0 1.0 1.0
c 1.0 1.0 1.0
c 1.0 1.0 1.0
c 1.0 1.0 1.0
c 1.0 1.0 1.0
c 1.0 1.0 1.0
c 1.0 1.0 1.0
c 1.0 1.0 1.0
c 1.0 1.0 1.0
c 1.0 1.0 1.0
c 1.0 1.0 1.0
c 1.0 1.0 1.0
c 1.0 1.0 1.0
c 1.0 1.0 1.0
c 1.0 1.0 1.0
c 1.0 1.0 1.0
c 1.0 1.0 1.0
c 1.0 1.0 1.0
c 1.0 1.0 1.0
c 1.0 1.0 1.0
c 1.0 1.0 1.0
c 1.0 1.0 1.0
c 1.0 1.0 1.0
c 1.0 1.0 1.0
c 1.0 1.0 1.0
c 1.0 1.0 1.0
c 1.0 1.0 1.0
c 1.0 1.0 1.0
c 1.0 1.0 1.0
c 1.0 1.0 1.0
c 1.0 1.0 1.0
c 1.0 1.0 1.0
c 1.0 1.0 1.0
c 1.0 1.0 1.0
c 1.0 1.0 1.0
c 1.0 1.0 1.0
c 1.0 1.0 1.0
c 1.0 1.0 1.0
c 1.0 1.0 1.0
c 1.0 1.0 1.0
c 1.0 1.0 1.0
c 1.0 1.0 1.0
c 1.0 1.0 1.0
c 1.0 1.0 1.0
c 1.0 1.0 1.0
c 1.0 1.0 1.0
c 1.0 1.0 1.0
c 1.0 1.0 1.0
c 1.0 1.0 1.0
c 1.0 1.0 1.0
c 1.0 1.0 1.0
c 1.0 1.0 1.0
c 1.0 1.0 1.0
c 1.0 1.0 1.0
c 1.0 1.0 1.0
c 1.0 1.0 1.0
c 1.0 1.0 1.0
c 1.0 1.0 1.0
c 1.0 1.0 1.0
c 1.0 1.0 1.0
c 1.0 1.0 1.0
c 1.0 1.0 1.0
c 1.0 1.0 1.0
c 1.0 1.0 1.0
c 1.0 1.0 1.0
c 1.0 1.0 1.0
c 1.0 1.0 1.0
c 1.0 1.0 1.0
c 1.0 1.0 1.0
c 1.0 1.0 1.0
c 1.0 1.0 1.0
c 1.0 1.0 1.0
c 1.0 1.0 1.0
c 1.0 1.0 1.0
c 1.0 1.0 1.0
c 1.0 1.0 1.0
c 1.0 1.0 1.0
c 1.0 1.0 1.0
c 1.0 1.0 1.0
c 1.0 1.0 1.0
c 1.0 1.0 1.0
c 1.0 1.0 1.0
c 1.0 1.0 1.0
c 1.0 1.0 1.0
c 1.0 1.0 1.0
c 1.0 1.0 1.0
c 1.0 1.0 1.0
c 1.0 1.0 1.0
c 1.0 1.0 1.0
c 1.0 1.0 1.0
c 1.0 1.0 1.0
c 1.0 1.0 1.0
c 1.0 1.0 1.0
c 1.0 1.0 1.0
c 1.0 1.0 1.0
c 1.0 1.0 1.0
c 1.0 1.0 1.0
c 1.0 1.0 1.0
c 1.0 1.0 1.0
c 1.0 1.0 1.0
c 1.0 1.0 1.0
c 1.0 1.0 1.0
c 1.0 1.0 1.0
c 1.0 1.0 1.0
c 1.0 1.0 1.0
c 1.0 1.0 1.0
c 1.0 1.0 1.0
c 1.0 1.0 1.0
c 1.0 1.0 1.0
c 1.0 1.0 1.0
c 1.0 1.0 1.0
c 1.0 1.0 1.0
c 1.0 1.0 1.0
c 1.0 1.0 1.0
c 1.0 1.0 1.0
c 1.0 1.0 1.0
c 1.0 1.0 1.0
c 1.0 1.0 1.0
c 1.0 1.0 1.0
c 1.0 1.0 1.0
c 1.0 1.0 1.0
c 1.0 1.0 1.0
c 1.0 1.0 1.0
c 1.0 1.0 1.0
c 1.0 1.0 1.0
c 1.0 1.0 1.0
c 1.0 1.0 1.0
usemtl sea_zanami2
s off
f 75/75/18/18 76/76/18/18 77/77/18/18 78/78/18/18
usemtl sea_zanami
s off
f 69/79/18/18 70/80/18/18 71/81/22/18 72/82/18/18
f 70/83/18/18 73/84/18/18 74/85/18/18 71/86/22/18
usemtl ki02ax
s off
f 723/771/184/178 724/772/185/178 726/773/187/178 725/774/186/178
f 731/779/192/178 732/780/193/178 734/781/195/178 733/782/194/178
f 773/831/219/184 774/832/220/184 776/833/222/184 775/834/221/184
f 781/839/227/184 782/840/228/184 784/841/230/184 783/842/229/184
f 793/851/239/185 794/852/240/185 796/853/242/185 795/854/241/185
f 801/859/247/185 802/860/248/185 804/861/250/185 803/862/249/185
f 849/919/277/192 850/920/278/192 852/921/280/192 851/922/279/192
f 857/927/285/192 858/928/286/192 860/929/288/192 859/930/287/192
f 869/939/297/193 870/940/298/193 872/941/300/193 871/942/299/193
f 877/947/305/193 878/948/306/193 880/949/308/193 879/950/307/193
f 889/959/317/194 890/960/318/194 892/961/320/194 891/962/319/194
f 897/967/325/194 898/968/326/194 900/969/328/194 899/970/327/194
f 909/979/337/195 910/980/338/195 912/981/340/195 911/982/339/195
f 917/987/345/195 918/988/346/195 920/989/348/195 919/990/347/195
f 929/999/357/196 930/1000/358/196 932/1001/360/196 931/1002/359/196
f 937/1007/365/196 938/1008/366/196 940/1009/368/196 939/1010/367/196
f 974/1083/402/198 975/1084/403/198 977/1085/405/198 976/1086/404/198
f 982/1091/410/198 983/1092/411/198 985/1093/413/198 984/1094/412/198
f 1030/1151/440/205 1031/1152/441/205 1033/1153/443/205 1032/1154/442/205
f 1038/1159/448/205 1039/1160/449/205 1041/1161/451/205 1040/1162/450/205
f 1118/1267/504/216 1119/1268/505/216 1121/1269/507/216 1120/1270/506/216
f 1126/1275/512/216 1127/1276/513/216 1129/1277/515/216 1128/1278/514/216
f 1142/1291/525/217 1145/1292/526/217 1144/1293/525/217 1143/1294/526/217
f 1146/1295/524/217 1147/1296/524/217 1148/1297/524/217 1149/1298/524/217
f 1210/1383/565/226 1211/1384/566/226 1213/1385/568/226 1212/1386/567/226
f 1218/1391/573/226 1219/1392/574/226 1221/1393/576/226 1220/1394/575/226
f 1278/1471/618/233 1281/1472/619/233 1280/1473/618/233 1279/1474/619/233
f 1282/1475/617/233 1283/1476/617/233 1284/1477/617/233 1285/1478/617/233
f 1302/1499/626/236 1303/1500/627/236 1305/1501/629/236 1304/1502/628/236
f 1310/1507/634/236 1311/1508/635/236 1313/1509/637/236 1312/1510/636/236
f 1362/1571/665/243 1365/1572/666/243 1364/1573/665/243 1363/1574/666/243
f 1366/1575/664/243 1367/1576/664/243 1368/1577/664/243 1369/1578/664/243
f 1396/1615/680/247 1397/1616/681/247 1399/1617/683/247 1398/1618/682/247
f 1404/1623/688/247 1405/1624/689/247 1407/1625/691/247 1406/1626/690/247
f 1474/1719/737/255 1477/1720/738/255 1476/1721/737/255 1475/1722/738/255
f 1478/1723/736/255 1479/1724/736/255 1480/1725/736/255 1481/1726/736/255
f 1514/1771/755/260 1515/1772/756/260 1517/1773/758/260 1516/1774/757/260
f 1522/1779/763/260 1523/1780/764/260 1525/1781/766/260 1524/1782/765/260
f 1584/1863/807/268 1585/1864/808/268 1587/1865/810/268 1586/1866/809/268
f 1592/1871/815/268 1593/1872/816/268 1595/1873/818/268 1594/1874/817/268
f 1626/1915/840/272 1627/1916/841/272 1629/1917/843/272 1628/1918/842/272
f 1634/1923/848/272 1635/1924/849/272 1637/1925/851/272 1636/1926/850/272
f 1668/1967/873/276 1669/1968/874/276 1671/1969/876/276 1670/1970/875/276
f 1676/1975/881/276 1677/1976/882/276 1679/1977/884/276 1678/1978/883/276
f 1688/1987/893/277 1689/1988/894/277 1691/1989/896/277 1690/1990/895/277
f 1696/1995/901/277 1697/1996/902/277 1699/1997/904/277 1698/1998/903/277
f 1726/2031/925/281 1727/2032/926/281 1729/2033/928/281 1728/2034/927/281
f 1734/2039/933/281 1735/2040/934/281 1737/2041/936/281 1736/2042/935/281
f 1752/2059/948/283 1753/2060/949/283 1755/2061/951/283 1754/2062/950/283
f 1760/2067/956/283 1761/2068/957/283 1763/2069/959/283 1762/2070/958/283
f 1772/2079/968/284 1773/2080/969/284 1775/2081/971/284 1774/2082/970/284
f 1780/2087/976/284 1781/2088/977/284 1783/2089/979/284 1782/2090/978/284
f 1796/2103/989/285 1799/2104/990/285 1798/2105/989/285 1797/2106/990/285
f 1800/2107/988/285 1801/2108/988/285 1802/2109/988/285 1803/2110/988/285
f 1808/2115/991/286 1809/2116/992/286 1811/2117/994/286 1810/2118/993/286
f 1816/2123/999/286 1817/2124/1000/286 1819/2125/1002/286 1818/2126/1001/286
f 1828/2135/1011/287 1829/2136/1012/287 1831/2137/1014/287 1830/2138/1013/287
f 1836/2143/1019/287 1837/2144/1020/287 1839/2145/1022/287 1838/2146/1021/287
f 1852/2159/1032/288 1855/2160/1033/288 1854/2161/1032/288 1853/2162/1033/288
f 1856/2163/1031/288 1857/2164/1031/288 1858/2165/1031/288 1859/2166/1031/288
f 1864/2171/1034/289 1865/2172/1035/289 1867/2173/1037/289 1866/2174/1036/289
f 1872/2179/1042/289 1873/2180/1043/289 1875/2181/1045/289 1874/2182/1044/289
f 1902/2215/1063/293 1903/2216/1064/293 1905/2217/1066/293 1904/2218/1065/293
f 1910/2223/1071/293 1911/2224/1072/293 1913/2225/1074/293 1912/2226/1073/293
f 1980/2319/1123/301 1983/2320/1124/301 1982/2321/1123/301 1981/2322/1124/301
f 1984/2323/1122/301 1985/2324/1122/301 1986/2325/1122/301 1987/2326/1122/301
f 2128/2519/1201/315 2129/2520/1202/315 2131/2521/1204/315 2130/2522/1203/315
f 2136/2527/1209/315 2137/2528/1210/315 2139/2529/1212/315 2138/2530/1211/315
f 2196/2587/1227/317 2199/2588/1228/317 2198/2589/1227/317 2197/2590/1228/317
f 2200/2591/1226/317 2201/2592/1226/317 2202/2593/1226/317 2203/2594/1226/317
f 2302/2727/1275/324 2305/2728/1276/324 2304/2729/1275/324 2303/2730/1276/324
f 2306/2731/1274/324 2307/2732/1274/324 2308/2733/1274/324 2309/2734/1274/324
f 2318/2743/1278/325 2321/2744/1279/325 2320/2745/1278/325 2319/2746/1279/325
f 2322/2747/1277/325 2323/2748/1277/325 2324/2749/1277/325 2325/2750/1277/325
f 2358/2795/1299/330 2359/2796/1300/330 2361/2797/1302/330 2360/2798/1301/330
f 2366/2803/1307/330 2367/2804/1308/330 2369/2805/1310/330 2368/2806/1309/330
f 2378/2815/1319/331 2379/2816/1320/331 2381/2817/1322/331 2380/2818/1321/331
f 2386/2823/1327/331 2387/2824/1328/331 2389/2825/1330/331 2388/2826/1329/331
f 2398/2835/1339/332 2399/2836/1340/332 2401/2837/1342/332 2400/2838/1341/332
f 2406/2843/1347/332 2407/2844/1348/332 2409/2845/1350/332 2408/2846/1349/332
f 2418/2855/1359/333 2419/2856/1360/333 2421/2857/1362/333 2420/2858/1361/333
f 2426/2863/1367/333 2427/2864/1368/333 2429/2865/1370/333 2428/2866/1369/333
f 2442/2879/1380/334 2445/2880/1381/334 2444/2881/1380/334 2443/2882/1381/334
f 2446/2883/1379/334 2447/2884/1379/334 2448/2885/1379/334 2449/2886/1379/334
f 2458/2895/1383/335 2461/2896/1384/335 2460/2897/1383/335 2459/2898/1384/335
f 2462/2899/1382/335 2463/2900/1382/335 2464/2901/1382/335 2465/2902/1382/335
f 2480/2919/1389/337 2483/2920/1390/337 2482/2921/1389/337 2481/2922/1390/337
f 2484/2923/1388/337 2485/2924/1388/337 2486/2925/1388/337 2487/2926/1388/337
f 2602/3067/1438/348 2605/3068/1439/348 2604/3069/1438/348 2603/3070/1439/348
f 2606/3071/1437/348 2607/3072/1437/348 2608/3073/1437/348 2609/3074/1437/348
f 2660/3139/1471/356 2663/3140/1472/356 2662/3141/1471/356 2661/3142/1472/356
f 2664/3143/1470/356 2665/3144/1470/356 2666/3145/1470/356 2667/3146/1470/356
f 2726/3227/1503/364 2729/3228/1504/364 2728/3229/1503/364 2727/3230/1504/364
f 2730/3231/1502/364 2731/3232/1502/364 2732/3233/1502/364 2733/3234/1502/364
f 2776/3291/1525/370 2779/3292/1526/370 2778/3293/1525/370 2777/3294/1526/370
f 2780/3295/1524/370 2781/3296/1524/370 2782/3297/1524/370 2783/3298/1524/370
f 2792/3307/1528/371 2795/3308/1529/371 2794/3309/1528/371 2793/3310/1529/371
f 2796/3311/1527/371 2797/3312/1527/371 2798/3313/1527/371 2799/3314/1527/371
f 2804/3319/1530/372 2805/3320/1531/372 2807/3321/1533/372 2806/3322/1532/372
f 2812/3327/1538/372 2813/3328/1539/372 2815/3329/1541/372 2814/3330/1540/372
f 2824/3339/1550/373 2825/3340/1551/373 2827/3341/1553/373 2826/3342/1552/373
f 2832/3347/1558/373 2833/3348/1559/373 2835/3349/1561/373 2834/3350/1560/373
f 3256/3771/1643/446 3259/3772/1644/446 3258/3773/1643/446 3257/3774/1644/446
f 3260/3775/1642/446 3261/3776/1642/446 3262/3777/1642/446 3263/3778/1642/446
f 3568/4083/1692/493 3571/4084/1693/493 3570/4085/1692/493 3569/4086/1693/493
f 3572/4087/1691/493 3573/4088/1691/493 3574/4089/1691/493 3575/4090/1691/493
usemtl ki02c
s off
f 727/775/188/178 728/776/189/178 730/777/191/178 729/778/190/178
f 777/835/223/184 778/836/224/184 780/837/226/184 779/838/225/184
f 797/855/243/185 798/856/244/185 800/857/246/185 799/858/245/185
f 853/923/281/192 854/924/282/192 856/925/284/192 855/926/283/192
f 873/943/301/193 874/944/302/193 876/945/304/193 875/946/303/193
f 893/963/321/194 894/964/322/194 896/965/324/194 895/966/323/194
f 913/983/341/195 914/984/342/195 916/985/344/195 915/986/343/195
f 933/1003/361/196 934/1004/362/196 936/1005/364/196 935/1006/363/196
f 978/1087/406/198 979/1088/407/198 981/1089/409/198 980/1090/408/198
f 1034/1155/444/205 1035/1156/445/205 1037/1157/447/205 1036/1158/446/205
f 1122/1271/508/216 1123/1272/509/216 1125/1273/511/216 1124/1274/510/216
f 1138/1287/524/217 1139/1288/524/217 1140/1289/524/217 1141/1290/524/217
f 1214/1387/569/226 1215/1388/570/226 1217/1389/572/226 1216/1390/571/226
f 1274/1467/617/233 1275/1468/617/233 1276/1469/617/233 1277/1470/617/233
f 1306/1503/630/236 1307/1504/631/236 1309/1505/633/236 1308/1506/632/236
f 1358/1567/664/243 1359/1568/664/243 1360/1569/664/243 1361/1570/664/243
f 1400/1619/684/247 1401/1620/685/247 1403/1621/687/247 1402/1622/686/247
f 1470/1715/736/255 1471/1716/736/255 1472/1717/736/255 1473/1718/736/255
f 1518/1775/759/260 1519/1776/760/260 1521/1777/762/260 1520/1778/761/260
f 1588/1867/811/268 1589/1868/812/268 1591/1869/814/268 1590/1870/813/268
f 1630/1919/844/272 1631/1920/845/272 1633/1921/847/272 1632/1922/846/272
f 1672/1971/877/276 1673/1972/878/276 1675/1973/880/276 1674/1974/879/276
f 1692/1991/897/277 1693/1992/898/277 1695/1993/900/277 1694/1994/899/277
f 1730/2035/929/281 1731/2036/930/281 1733/2037/932/281 1732/2038/931/281
f 1756/2063/952/283 1757/2064/953/283 1759/2065/955/283 1758/2066/954/283
f 1776/2083/972/284 1777/2084/973/284 1779/2085/975/284 1778/2086/974/284
f 1792/2099/988/285 1793/2100/988/285 1794/2101/988/285 1795/2102/988/285
f 1812/2119/995/286 1813/2120/996/286 1815/2121/998/286 1814/2122/997/286
f 1832/2139/1015/287 1833/2140/1016/287 1835/2141/1018/287 1834/2142/1017/287
f 1848/2155/1031/288 1849/2156/1031/288 1850/2157/1031/288 1851/2158/1031/288
f 1868/2175/1038/289 1869/2176/1039/289 1871/2177/1041/289 1870/2178/1040/289
f 1906/2219/1067/293 1907/2220/1068/293 1909/2221/1070/293 1908/2222/1069/293
f 1976/2315/1122/301 1977/2316/1122/301 1978/2317/1122/301 1979/2318/1122/301
f 2132/2523/1205/315 2133/2524/1206/315 2135/2525/1208/315 2134/2526/1207/315
f 2192/2583/1226/317 2193/2584/1226/317 2194/2585/1226/317 2195/2586/1226/317
f 2298/2723/1274/324 2299/2724/1274/324 2300/2725/1274/324 2301/2726/1274/324
f 2314/2739/1277/325 2315/2740/1277/325 2316/2741/1277/325 2317/2742/1277/325
f 2362/2799/1303/330 2363/2800/1304/330 2365/2801/1306/330 2364/2802/1305/330
f 2382/2819/1323/331 2383/2820/1324/331 2385/2821/1326/331 2384/2822/1325/331
f 2402/2839/1343/332 2403/2840/1344/332 2405/2841/1346/332 2404/2842/1345/332
f 2422/2859/1363/333 2423/2860/1364/333 2425/2861/1366/333 2424/2862/1365/333
f 2438/2875/1379/334 2439/2876/1379/334 2440/2877/1379/334 2441/2878/1379/334
f 2454/2891/1382/335 2455/2892/1382/335 2456/2893/1382/335 2457/2894/1382/335
f 2476/2915/1388/337 2477/2916/1388/337 2478/2917/1388/337 2479/2918/1388/337
f 2598/3063/1437/348 2599/3064/1437/348 2600/3065/1437/348 2601/3066/1437/348
f 2656/3135/1470/356 2657/3136/1470/356 2658/3137/1470/356 2659/3138/1470/356
f 2722/3223/1502/364 2723/3224/1502/364 2724/3225/1502/364 2725/3226/1502/364
f 2772/3287/1524/370 2773/3288/1524/370 2774/3289/1524/370 2775/3290/1524/370
f 2788/3303/1527/371 2789/3304/1527/371 2790/3305/1527/371 2791/3306/1527/371
f 2808/3323/1534/372 2809/3324/1535/372 2811/3325/1537/372 2810/3326/1536/372
f 2828/3343/1554/373 2829/3344/1555/373 2831/3345/1557/373 2830/3346/1556/373
f 3252/3767/1642/446 3253/3768/1642/446 3254/3769/1642/446 3255/3770/1642/446
f 3564/4079/1691/493 3565/4080/1691/493 3566/4081/1691/493 3567/4082/1691/493
usemtl ki02dx
s off
f 735/783/196/178 736/784/197/178 738/785/199/178 737/786/198/178
f 785/843/231/184 786/844/232/184 788/845/234/184 787/846/233/184
f 805/863/251/185 806/864/252/185 808/865/254/185 807/866/253/185
f 861/931/289/192 862/932/290/192 864/933/292/192 863/934/291/192
f 881/951/309/193 882/952/310/193 884/953/312/193 883/954/311/193
f 901/971/329/194 902/972/330/194 904/973/332/194 903/974/331/194
f 921/991/349/195 922/992/350/195 924/993/352/195 923/994/351/195
f 941/1011/369/196 942/1012/370/196 944/1013/372/196 943/1014/371/196
f 986/1095/414/198 987/1096/415/198 989/1097/417/198 988/1098/416/198
f 1042/1163/452/205 1043/1164/453/205 1045/1165/455/205 1044/1166/454/205
f 1130/1279/516/216 1131/1280/517/216 1133/1281/519/216 1132/1282/518/216
f 1222/1395/577/226 1223/1396/578/226 1225/1397/580/226 1224/1398/579/226
f 1314/1511/638/236 1315/1512/639/236 1317/1513/641/236 1316/1514/640/236
f 1408/1627/692/247 1409/1628/693/247 1411/1629/695/247 1410/1630/694/247
f 1526/1783/767/260 1527/1784/768/260 1529/1785/770/260 1528/1786/769/260
f 1596/1875/819/268 1597/1876/820/268 1599/1877/822/268 1598/1878/821/268
f 1638/1927/852/272 1639/1928/853/272 1641/1929/855/272 1640/1930/854/272
f 1680/1979/885/276 1681/1980/886/276 1683/1981/888/276 1682/1982/887/276
f 1700/1999/905/277 1701/2000/906/277 1703/2001/908/277 1702/2002/907/277
f 1738/2043/937/281 1739/2044/938/281 1741/2045/940/281 1740/2046/939/281
f 1764/2071/960/283 1765/2072/961/283 1767/2073/963/283 1766/2074/962/283
f 1784/2091/980/284 1785/2092/981/284 1787/2093/983/284 1786/2094/982/284
f 1820/2127/1003/286 1821/2128/1004/286 1823/2129/1006/286 1822/2130/1005/286
f 1840/2147/1023/287 1841/2148/1024/287 1843/2149/1026/287 1842/2150/1025/287
f 1876/2183/1046/289 1877/2184/1047/289 1879/2185/1049/289 1878/2186/1048/289
f 1914/2227/1075/293 1915/2228/1076/293 1917/2229/1078/293 1916/2230/1077/293
f 2140/2531/1213/315 2141/2532/1214/315 2143/2533/1216/315 2142/2534/1215/315
f 2370/2807/1311/330 2371/2808/1312/330 2373/2809/1314/330 2372/2810/1313/330
f 2390/2827/1331/331 2391/2828/1332/331 2393/2829/1334/331 2392/2830/1333/331
f 2410/2847/1351/332 2411/2848/1352/332 2413/2849/1354/332 2412/2850/1353/332
f 2430/2867/1371/333 2431/2868/1372/333 2433/2869/1374/333 2432/2870/1373/333
f 2816/3331/1542/372 2817/3332/1543/372 2819/3333/1545/372 2818/3334/1544/372
f 2836/3351/1562/373 2837/3352/1563/373 2839/3353/1565/373 2838/3354/1564/373
usemtl ki02bx
s off
f 739/787/200/178 740/788/201/178 742/789/203/178 741/790/202/178
f 789/847/235/184 790/848/236/184 792/849/238/184 791/850/237/184
f 809/867/255/185 810/868/256/185 812/869/258/185 811/870/257/185
f 865/935/293/192 866/936/294/192 868/937/296/192 867/938/295/192
f 885/955/313/193 886/956/314/193 888/957/316/193 887/958/315/193
f 905/975/333/194 906/976/334/194 908/977/336/194 907/978/335/194
f 925/995/353/195 926/996/354/195 928/997/356/195 927/998/355/195
f 945/1015/373/196 946/1016/374/196 948/1017/376/196 947/1018/375/196
f 990/1099/418/198 991/1100/419/198 993/1101/421/198 992/1102/420/198
f 1046/1167/456/205 1047/1168/457/205 1049/1169/459/205 1048/1170/458/205
f 1134/1283/520/216 1135/1284/521/216 1137/1285/523/216 1136/1286/522/216
f 1150/1299/524/217 1151/1300/524/217 1152/1301/524/217 1153/1302/524/217
f 1226/1399/581/226 1227/1400/582/226 1229/1401/584/226 1228/1402/583/226
f 1286/1479/617/233 1287/1480/617/233 1288/1481/617/233 1289/1482/617/233
f 1318/1515/642/236 1319/1516/643/236 1321/1517/645/236 1320/1518/644/236
f 1370/1579/664/243 1371/1580/664/243 1372/1581/664/243 1373/1582/664/243
f 1412/1631/696/247 1413/1632/697/247 1415/1633/699/247 1414/1634/698/247
f 1482/1727/736/255 1483/1728/736/255 1484/1729/736/255 1485/1730/736/255
f 1530/1787/771/260 1531/1788/772/260 1533/1789/774/260 1532/1790/773/260
f 1600/1879/823/268 1601/1880/824/268 1603/1881/826/268 1602/1882/825/268
f 1642/1931/856/272 1643/1932/857/272 1645/1933/859/272 1644/1934/858/272
f 1684/1983/889/276 1685/1984/890/276 1687/1985/892/276 1686/1986/891/276
f 1704/2003/909/277 1705/2004/910/277 1707/2005/912/277 1706/2006/911/277
f 1742/2047/941/281 1743/2048/942/281 1745/2049/944/281 1744/2050/943/281
f 1768/2075/964/283 1769/2076/965/283 1771/2077/967/283 1770/2078/966/283
f 1788/2095/984/284 1789/2096/985/284 1791/2097/987/284 1790/2098/986/284
f 1804/2111/988/285 1805/2112/988/285 1806/2113/988/285 1807/2114/988/285
f 1824/2131/1007/286 1825/2132/1008/286 1827/2133/1010/286 1826/2134/1009/286
f 1844/2151/1027/287 1845/2152/1028/287 1847/2153/1030/287 1846/2154/1029/287
f 1860/2167/1031/288 1861/2168/1031/288 1862/2169/1031/288 1863/2170/1031/288
f 1880/2187/1050/289 1881/2188/1051/289 1883/2189/1053/289 1882/2190/1052/289
f 1918/2231/1079/293 1919/2232/1080/293 1921/2233/1082/293 1920/2234/1081/293
f 1988/2327/1122/301 1989/2328/1122/301 1990/2329/1122/301 1991/2330/1122/301
f 2144/2535/1217/315 2145/2536/1218/315 2147/2537/1220/315 2146/2538/1219/315
f 2204/2595/1226/317 2205/2596/1226/317 2206/2597/1226/317 2207/2598/1226/317
f 2310/2735/1274/324 2311/2736/1274/324 2312/2737/1274/324 2313/2738/1274/324
f 2326/2751/1277/325 2327/2752/1277/325 2328/2753/1277/325 2329/2754/1277/325
f 2374/2811/1315/330 2375/2812/1316/330 2377/2813/1318/330 2376/2814/1317/330
f 2394/2831/1335/331 2395/2832/1336/331 2397/2833/1338/331 2396/2834/1337/331
f 2414/2851/1355/332 2415/2852/1356/332 2417/2853/1358/332 2416/2854/1357/332
f 2434/2871/1375/333 2435/2872/1376/333 2437/2873/1378/333 2436/2874/1377/333
f 2450/2887/1379/334 2451/2888/1379/334 2452/2889/1379/334 2453/2890/1379/334
f 2466/2903/1382/335 2467/2904/1382/335 2468/2905/1382/335 2469/2906/1382/335
f 2488/2927/1388/337 2489/2928/1388/337 2490/2929/1388/337 2491/2930/1388/337
f 2610/3075/1437/348 2611/3076/1437/348 2612/3077/1437/348 2613/3078/1437/348
f 2668/3147/1470/356 2669/3148/1470/356 2670/3149/1470/356 2671/3150/1470/356
f 2734/3235/1502/364 2735/3236/1502/364 2736/3237/1502/364 2737/3238/1502/364
f 2784/3299/1524/370 2785/3300/1524/370 2786/3301/1524/370 2787/3302/1524/370
f 2800/3315/1527/371 2801/3316/1527/371 2802/3317/1527/371 2803/3318/1527/371
f 2820/3335/1546/372 2821/3336/1547/372 2823/3337/1549/372 2822/3338/1548/372
f 2840/3355/1566/373 2841/3356/1567/373 2843/3357/1569/373 2842/3358/1568/373
f 3264/3779/1642/446 3265/3780/1642/446 3266/3781/1642/446 3267/3782/1642/446
f 3576/4091/1691/493 3577/4092/1691/493 3578/4093/1691/493 3579/4094/1691/493
usemtl sea_jimen
s off
f 2/1/1/1 4/2/1/1 3/3/1/1 1/4/1/1
f 66/65/17/17 68/66/17/17 67/67/17/17 65/68/17/17
f 86/87/23/19 88/88/23/19 87/89/23/19 85/90/23/19
f 134/140/35/31 136/141/35/31 135/142/35/31 133/143/35/31
f 150/156/39/35 152/157/39/35 151/158/39/35 149/159/39/35
usemtl gake01
s off
f 717/763/181/177 718/764/182/177 719/765/182/177 720/766/181/177
f 743/791/204/179 744/792/205/179 745/793/205/179 746/794/204/179
f 749/799/207/180 750/800/208/180 751/801/208/180 752/802/207/180
f 755/807/210/181 756/808/211/181 757/809/211/181 758/810/210/181
f 761/815/213/182 762/816/214/182 763/817/214/182 764/818/213/182
f 767/823/216/183 768/824/217/183 769/825/217/183 770/826/216/183
f 813/871/259/186 814/872/260/186 815/873/260/186 816/874/259/186
f 819/879/262/187 820/880/263/187 821/881/263/187 822/882/262/187
f 825/887/265/188 826/888/266/188 827/889/266/188 828/890/265/188
f 831/895/268/189 832/896/269/189 833/897/269/189 834/898/268/189
f 837/903/271/190 838/904/272/190 839/905/272/190 840/906/271/190
f 843/911/274/191 844/912/275/191 845/913/275/191 846/914/274/191
f 1024/1143/437/204 1025/1144/438/204 1026/1145/438/204 1027/1146/437/204
f 1050/1171/460/206 1051/1172/461/206 1052/1173/462/206 1053/1174/463/206
f 1054/1175/463/206 1052/1176/462/206 1055/1177/464/206 1056/1178/465/206
f 1060/1187/467/207 1061/1188/468/207 1062/1189/468/207 1063/1190/467/207
f 1072/1203/476/209 1073/1204/477/209 1074/1205/477/209 1075/1206/476/209
f 1078/1211/479/210 1079/1212/480/210 1080/1213/480/210 1081/1214/479/210
f 1084/1219/482/211 1085/1220/483/211 1086/1221/483/211 1087/1222/482/211
f 1090/1227/485/212 1091/1228/486/212 1092/1229/486/212 1093/1230/485/212
f 1096/1235/488/213 1097/1236/489/213 1098/1237/490/213 1099/1238/491/213
f 1100/1239/491/213 1098/1240/490/213 1101/1241/492/213 1102/1242/493/213
f 1106/1251/495/214 1107/1252/496/214 1108/1253/496/214 1109/1254/495/214
f 1154/1303/527/218 1155/1304/528/218 1156/1305/528/218 1157/1306/527/218
f 1160/1311/530/219 1161/1312/531/219 1162/1313/532/219 1163/1314/533/219
f 1164/1315/533/219 1162/1316/532/219 1165/1317/534/219 1166/1318/535/219
f 1170/1327/537/220 1171/1328/538/220 1172/1329/538/220 1173/1330/537/220
f 1182/1343/546/222 1183/1344/547/222 1184/1345/548/222 1185/1346/549/222
f 1186/1347/549/222 1184/1348/548/222 1187/1349/550/222 1188/1350/551/222
f 1192/1359/553/223 1193/1360/554/223 1194/1361/554/223 1195/1362/553/223
f 1204/1375/562/225 1205/1376/563/225 1206/1377/563/225 1207/1378/562/225
f 1230/1403/585/227 1231/1404/586/227 1232/1405/586/227 1233/1406/585/227
f 1236/1411/588/228 1237/1412/589/228 1238/1413/590/228 1239/1414/591/228
f 1240/1415/591/228 1238/1416/590/228 1241/1417/592/228 1242/1418/593/228
f 1246/1427/595/229 1247/1428/596/229 1248/1429/596/229 1249/1430/595/229
f 1258/1443/604/231 1259/1444/605/231 1260/1445/606/231 1261/1446/607/231
f 1262/1447/607/231 1260/1448/606/231 1263/1449/608/231 1264/1450/609/231
f 1290/1483/620/234 1291/1484/621/234 1292/1485/621/234 1293/1486/620/234
f 1296/1491/623/235 1297/1492/624/235 1298/1493/624/235 1299/1494/623/235
f 1322/1519/646/237 1323/1520/647/237 1324/1521/647/237 1325/1522/646/237
f 1328/1527/649/238 1329/1528/650/238 1330/1529/650/238 1331/1530/649/238
f 1334/1535/652/239 1335/1536/653/239 1336/1537/653/239 1337/1538/652/239
f 1340/1543/655/240 1341/1544/656/240 1342/1545/656/240 1343/1546/655/240
f 1346/1551/658/241 1347/1552/659/241 1348/1553/659/241 1349/1554/658/241
f 1352/1559/661/242 1353/1560/662/242 1354/1561/662/242 1355/1562/661/242
f 1374/1583/667/244 1375/1584/668/244 1376/1585/668/244 1377/1586/667/244
f 1380/1591/670/245 1381/1592/671/245 1382/1593/672/245 1383/1594/673/245
f 1384/1595/673/245 1382/1596/672/245 1385/1597/674/245 1386/1598/675/245
f 1390/1607/677/246 1391/1608/678/246 1392/1609/678/246 1393/1610/677/246
f 1416/1635/700/248 1417/1636/701/248 1418/1637/702/248 1419/1638/703/248
f 1420/1639/703/248 1418/1640/702/248 1421/1641/704/248 1422/1642/705/248
f 1426/1651/707/249 1427/1652/708/249 1428/1653/708/249 1429/1654/707/249
f 1432/1659/710/250 1433/1660/711/250 1434/1661/711/250 1435/1662/710/250
f 1438/1667/713/251 1439/1668/714/251 1440/1669/715/251 1441/1670/716/251
f 1442/1671/716/251 1440/1672/715/251 1443/1673/717/251 1444/1674/718/251
f 1454/1691/726/253 1455/1692/727/253 1456/1693/727/253 1457/1694/726/253
f 1460/1699/729/254 1461/1700/730/254 1462/1701/731/254 1463/1702/732/254
f 1464/1703/732/254 1462/1704/731/254 1465/1705/733/254 1466/1706/734/254
f 1486/1731/739/256 1487/1732/740/256 1488/1733/741/256 1489/1734/742/256
f 1490/1735/742/256 1488/1736/741/256 1491/1737/743/256 1492/1738/744/256
f 1496/1747/746/257 1497/1748/747/257 1498/1749/747/257 1499/1750/746/257
f 1502/1755/749/258 1503/1756/750/258 1504/1757/750/258 1505/1758/749/258
f 1508/1763/752/259 1509/1764/753/259 1510/1765/753/259 1511/1766/752/259
f 1540/1799/781/262 1541/1800/782/262 1542/1801/782/262 1543/1802/781/262
f 1546/1807/784/263 1547/1808/785/263 1548/1809/786/263 1549/1810/787/263
f 1550/1811/787/263 1548/1812/786/263 1551/1813/788/263 1552/1814/789/263
f 1556/1823/791/264 1557/1824/792/264 1558/1825/793/264 1559/1826/794/264
f 1560/1827/794/264 1558/1828/793/264 1561/1829/795/264 1562/1830/796/264
f 1566/1839/798/265 1567/1840/799/265 1568/1841/799/265 1569/1842/798/265
f 1572/1847/801/266 1573/1848/802/266 1574/1849/802/266 1575/1850/801/266
f 1578/1855/804/267 1579/1856/805/267 1580/1857/805/267 1581/1858/804/267
f 1604/1883/827/269 1605/1884/828/269 1606/1885/829/269 1607/1886/830/269
f 1608/1887/830/269 1606/1888/829/269 1609/1889/831/269 1610/1890/832/269
f 1614/1899/834/270 1615/1900/835/270 1616/1901/835/270 1617/1902/834/270
f 1620/1907/837/271 1621/1908/838/271 1622/1909/838/271 1623/1910/837/271
f 1646/1935/860/273 1647/1936/861/273 1648/1937/862/273 1649/1938/863/273
f 1650/1939/863/273 1648/1940/862/273 1651/1941/864/273 1652/1942/865/273
f 1656/1951/867/274 1657/1952/868/274 1658/1953/868/274 1659/1954/867/274
f 1662/1959/870/275 1663/1960/871/275 1664/1961/871/275 1665/1962/870/275
f 1714/2015/919/279 1715/2016/920/279 1716/2017/920/279 1717/2018/919/279
f 1720/2023/922/280 1721/2024/923/280 1722/2025/923/280 1723/2026/922/280
f 1746/2051/945/282 1747/2052/946/282 1748/2053/946/282 1749/2054/945/282
f 1884/2191/1054/290 1885/2192/1055/290 1886/2193/1055/290 1887/2194/1054/290
f 1890/2199/1057/291 1891/2200/1058/291 1892/2201/1058/291 1893/2202/1057/291
f 1896/2207/1060/292 1897/2208/1061/292 1898/2209/1061/292 1899/2210/1060/292
f 1922/2235/1083/294 1923/2236/1084/294 1924/2237/1084/294 1925/2238/1083/294
f 1928/2243/1086/295 1929/2244/1087/295 1930/2245/1088/295 1931/2246/1089/295
f 1932/2247/1089/295 1930/2248/1088/295 1933/2249/1090/295 1934/2250/1091/295
f 1944/2267/1099/297 1945/2268/1100/297 1946/2269/1100/297 1947/2270/1099/297
f 1950/2275/1102/298 1951/2276/1103/298 1952/2277/1104/298 1953/2278/1105/298
f 1954/2279/1105/298 1952/2280/1104/298 1955/2281/1106/298 1956/2282/1107/298
f 1966/2299/1115/300 1967/2300/1116/300 1968/2301/1117/300 1969/2302/1118/300
f 1970/2303/1118/300 1968/2304/1117/300 1971/2305/1119/300 1972/2306/1120/300
f 1992/2331/1125/302 1993/2332/1126/302 1994/2333/1126/302 1995/2334/1125/302
f 2004/2347/1134/304 2005/2348/1135/304 2006/2349/1135/304 2007/2350/1134/304
f 2010/2355/1137/305 2011/2356/1138/305 2012/2357/1139/305 2013/2358/1140/305
f 2014/2359/1140/305 2012/2360/1139/305 2015/2361/1141/305 2016/2362/1142/305
f 2026/2379/1150/307 2027/2380/1151/307 2028/2381/1151/307 2029/2382/1150/307
f 2032/2387/1153/308 2033/2388/1154/308 2034/2389/1155/308 2035/2390/1156/308
f 2036/2391/1156/308 2034/2392/1155/308 2037/2393/1157/308 2038/2394/1158/308
f 2056/2435/1174/310 2057/2436/1175/310 2058/2437/1175/310 2059/2438/1174/310
f 2068/2451/1183/312 2069/2452/1184/312 2070/2453/1185/312 2071/2454/1186/312
f 2072/2455/1186/312 2070/2456/1185/312 2073/2457/1187/312 2074/2458/1188/312
f 2272/2683/1254/321 2273/2684/1255/321 2274/2685/1256/321 2275/2686/1257/321
f 2276/2687/1257/321 2274/2688/1256/321 2277/2689/1258/321 2278/2690/1259/321
f 2288/2707/1267/323 2289/2708/1268/323 2290/2709/1269/323 2291/2710/1270/323
f 2292/2711/1270/323 2290/2712/1269/323 2293/2713/1271/323 2294/2714/1272/323
f 2336/2763/1286/327 2337/2764/1287/327 2338/2765/1288/327 2339/2766/1289/327
f 2340/2767/1289/327 2338/2768/1288/327 2341/2769/1290/327 2342/2770/1291/327
f 2346/2779/1293/328 2347/2780/1294/328 2348/2781/1294/328 2349/2782/1293/328
f 2352/2787/1296/329 2353/2788/1297/329 2354/2789/1297/329 2355/2790/1296/329
f 2470/2907/1385/336 2471/2908/1386/336 2472/2909/1386/336 2473/2910/1385/336
f 2498/2939/1397/339 2499/2940/1398/339 2500/2941/1398/339 2501/2942/1397/339
f 2504/2947/1400/340 2505/2948/1401/340 2506/2949/1401/340 2507/2950/1400/340
f 2510/2955/1403/341 2511/2956/1404/341 2512/2957/1404/341 2513/2958/1403/341
f 2516/2963/1406/342 2517/2964/1407/342 2518/2965/1408/342 2519/2966/1409/342
f 2520/2967/1409/342 2518/2968/1408/342 2521/2969/1410/342 2522/2970/1411/342
f 2570/3023/1418/344 2571/3024/1419/344 2572/3025/1420/344 2573/3026/1421/344
f 2574/3027/1421/344 2572/3028/1420/344 2575/3029/1422/344 2576/3030/1423/344
f 2586/3047/1431/346 2587/3048/1432/346 2588/3049/1432/346 2589/3050/1431/346
f 2592/3055/1434/347 2593/3056/1435/347 2594/3057/1435/347 2595/3058/1434/347
f 2614/3079/1440/349 2615/3080/1441/349 2616/3081/1441/349 2617/3082/1440/349
f 2626/3095/1449/351 2627/3096/1450/351 2628/3097/1450/351 2629/3098/1449/351
f 2644/3119/1464/354 2645/3120/1465/354 2646/3121/1465/354 2647/3122/1464/354
f 2650/3127/1467/355 2651/3128/1468/355 2652/3129/1468/355 2653/3130/1467/355
f 2672/3151/1473/357 2673/3152/1474/357 2674/3153/1475/357 2675/3154/1476/357
f 2676/3155/1476/357 2674/3156/1475/357 2677/3157/1477/357 2678/3158/1478/357
f 2682/3167/1480/358 2683/3168/1481/358 2684/3169/1481/358 2685/3170/1480/358
f 2688/3175/1483/359 2689/3176/1484/359 2690/3177/1484/359 2691/3178/1483/359
f 2694/3183/1486/360 2695/3184/1487/360 2696/3185/1487/360 2697/3186/1486/360
f 2700/3191/1489/361 2701/3192/1490/361 2702/3193/1491/361 2703/3194/1492/361
f 2704/3195/1492/361 2702/3196/1491/361 2705/3197/1493/361 2706/3198/1494/361
f 2710/3207/1496/362 2711/3208/1497/362 2712/3209/1497/362 2713/3210/1496/362
f 2716/3215/1499/363 2717/3216/1500/363 2718/3217/1500/363 2719/3218/1499/363
f 2738/3239/1505/365 2739/3240/1506/365 2740/3241/1506/365 2741/3242/1505/365
f 2744/3247/1508/366 2745/3248/1509/366 2746/3249/1510/366 2747/3250/1511/366
f 2748/3251/1511/366 2746/3252/1510/366 2749/3253/1512/366 2750/3254/1513/366
f 2754/3263/1515/367 2755/3264/1516/367 2756/3265/1516/367 2757/3266/1515/367
f 2760/3271/1518/368 2761/3272/1519/368 2762/3273/1519/368 2763/3274/1518/368
f 2766/3279/1521/369 2767/3280/1522/369 2768/3281/1522/369 2769/3282/1521/369
f 1066/1195/470/208 1067/1196/471/208 1068/1197/472/208
f 1066/1195/470/208 1069/1198/473/208 1067/1196/471/208
f 1068/1197/472/208 1067/1196/471/208 1070/1199/474/208
f 1112/1259/498/215 1113/1260/499/215 1114/1261/500/215
f 1112/1259/498/215 1115/1262/501/215 1113/1260/499/215
f 1114/1261/500/215 1113/1260/499/215 1116/1263/502/215
f 1176/1335/540/221 1177/1336/541/221 1178/1337/542/221
f 1176/1335/540/221 1179/1338/543/221 1177/1336/541/221
f 1178/1337/542/221 1177/1336/541/221 1180/1339/544/221
f 1198/1367/556/224 1199/1368/557/224 1200/1369/558/224
f 1198/1367/556/224 1201/1370/559/224 1199/1368/557/224
f 1200/1369/558/224 1199/1368/557/224 1202/1371/560/224
f 1252/1435/598/230 1253/1436/599/230 1254/1437/600/230
f 1252/1435/598/230 1255/1438/601/230 1253/1436/599/230
f 1254/1437/600/230 1253/1436/599/230 1256/1439/602/230
f 1268/1459/611/232 1269/1460/612/232 1270/1461/613/232
f 1268/1459/611/232 1271/1462/614/232 1269/1460/612/232
f 1270/1461/613/232 1269/1460/612/232 1272/1463/615/232
f 1448/1683/720/252 1449/1684/721/252 1450/1685/722/252
f 1448/1683/720/252 1451/1686/723/252 1449/1684/721/252
f 1450/1685/722/252 1449/1684/721/252 1452/1687/724/252
f 1534/1791/775/261 1535/1792/776/261 1536/1793/777/261
f 1534/1791/775/261 1537/1794/778/261 1535/1792/776/261
f 1536/1793/777/261 1535/1792/776/261 1538/1795/779/261
f 1708/2007/913/278 1709/2008/914/278 1710/2009/915/278
f 1708/2007/913/278 1711/2010/916/278 1709/2008/914/278
f 1710/2009/915/278 1709/2008/914/278 1712/2011/917/278
f 1938/2259/1093/296 1939/2260/1094/296 1940/2261/1095/296
f 1938/2259/1093/296 1941/2262/1096/296 1939/2260/1094/296
f 1940/2261/1095/296 1939/2260/1094/296 1942/2263/1097/296
f 1960/2291/1109/299 1961/2292/1110/299 1962/2293/1111/299
f 1960/2291/1109/299 1963/2294/1112/299 1961/2292/1110/299
f 1962/2293/1111/299 1961/2292/1110/299 1964/2295/1113/299
f 1998/2339/1128/303 1999/2340/1129/303 2000/2341/1130/303
f 1998/2339/1128/303 2001/2342/1131/303 1999/2340/1129/303
f 2000/2341/1130/303 1999/2340/1129/303 2002/2343/1132/303
f 2020/2371/1144/306 2021/2372/1145/306 2022/2373/1146/306
f 2020/2371/1144/306 2023/2374/1147/306 2021/2372/1145/306
f 2022/2373/1146/306 2021/2372/1145/306 2024/2375/1148/306
f 2062/2443/1177/311 2063/2444/1178/311 2064/2445/1179/311
f 2062/2443/1177/311 2065/2446/1180/311 2063/2444/1178/311
f 2064/2445/1179/311 2063/2444/1178/311 2066/2447/1181/311
f 2222/2631/1243/319 2223/2632/1244/319 2224/2633/1245/319
f 2222/2631/1243/319 2225/2634/1246/319 2223/2632/1244/319
f 2224/2633/1245/319 2223/2632/1244/319 2226/2635/1247/319
f 2282/2699/1261/322 2283/2700/1262/322 2284/2701/1263/322
f 2282/2699/1261/322 2285/2702/1264/322 2283/2700/1262/322
f 2284/2701/1263/322 2283/2700/1262/322 2286/2703/1265/322
f 2330/2755/1280/326 2331/2756/1281/326 2332/2757/1282/326
f 2330/2755/1280/326 2333/2758/1283/326 2331/2756/1281/326
f 2332/2757/1282/326 2331/2756/1281/326 2334/2759/1284/326
f 2492/2931/1391/338 2493/2932/1392/338 2494/2933/1393/338
f 2492/2931/1391/338 2495/2934/1394/338 2493/2932/1392/338
f 2494/2933/1393/338 2493/2932/1392/338 2496/2935/1395/338
f 2580/3039/1425/345 2581/3040/1426/345 2582/3041/1427/345
f 2580/3039/1425/345 2583/3042/1428/345 2581/3040/1426/345
f 2582/3041/1427/345 2581/3040/1426/345 2584/3043/1429/345
f 2620/3087/1443/350 2621/3088/1444/350 2622/3089/1445/350
f 2620/3087/1443/350 2623/3090/1446/350 2621/3088/1444/350
f 2622/3089/1445/350 2621/3088/1444/350 2624/3091/1447/350
f 2632/3103/1452/352 2633/3104/1453/352 2634/3105/1454/352
f 2632/3103/1452/352 2635/3106/1455/352 2633/3104/1453/352
f 2634/3105/1454/352 2633/3104/1453/352 2636/3107/1456/352
f 2638/3111/1458/353 2639/3112/1459/353 2640/3113/1460/353
f 2638/3111/1458/353 2641/3114/1461/353 2639/3112/1459/353
f 2640/3113/1460/353 2639/3112/1459/353 2642/3115/1462/353
usemtl gake1_1
s off
f 721/767/183/177 717/768/181/177 720/769/181/177 722/770/183/177
f 747/795/206/179 743/796/204/179 746/797/204/179 748/798/206/179
f 753/803/209/180 749/804/207/180 752/805/207/180 754/806/209/180
f 759/811/212/181 755/812/210/181 758/813/210/181 760/814/212/181
f 765/819/215/182 761/820/213/182 764/821/213/182 766/822/215/182
f 771/827/218/183 767/828/216/183 770/829/216/183 772/830/218/183
f 817/875/261/186 813/876/259/186 816/877/259/186 818/878/261/186
f 823/883/264/187 819/884/262/187 822/885/262/187 824/886/264/187
f 829/891/267/188 825/892/265/188 828/893/265/188 830/894/267/188
f 835/899/270/189 831/900/268/189 834/901/268/189 836/902/270/189
f 841/907/273/190 837/908/271/190 840/909/271/190 842/910/273/190
f 847/915/276/191 843/916/274/191 846/917/274/191 848/918/276/191
f 998/1107/424/199 994/1108/422/199 997/1109/422/199 999/1110/424/199
f 1004/1115/427/200 1000/1116/425/200 1003/1117/425/200 1005/1118/427/200
f 1010/1123/430/201 1006/1124/428/201 1009/1125/428/201 1011/1126/430/201
f 1016/1131/433/202 1012/1132/431/202 1015/1133/431/202 1017/1134/433/202
f 1022/1139/436/203 1018/1140/434/203 1021/1141/434/203 1023/1142/436/203
f 1028/1147/439/204 1024/1148/437/204 1027/1149/437/204 1029/1150/439/204
f 1057/1179/466/206 1050/1180/460/206 1053/1181/463/206 1058/1182/466/206
f 1059/1183/462/206 1054/1184/463/206 1056/1185/465/206 1057/1186/466/206
f 1064/1191/469/207 1060/1192/467/207 1063/1193/467/207 1065/1194/469/207
f 1076/1207/478/209 1072/1208/476/209 1075/1209/476/209 1077/1210/478/209
f 1082/1215/481/210 1078/1216/479/210 1081/1217/479/210 1083/1218/481/210
f 1088/1223/484/211 1084/1224/482/211 1087/1225/482/211 1089/1226/484/211
f 1094/1231/487/212 1090/1232/485/212 1093/1233/485/212 1095/1234/487/212
f 1103/1243/494/213 1096/1244/488/213 1099/1245/491/213 1104/1246/494/213
f 1105/1247/490/213 1100/1248/491/213 1102/1249/493/213 1103/1250/494/213
f 1110/1255/497/214 1106/1256/495/214 1109/1257/495/214 1111/1258/497/214
f 1158/1307/529/218 1154/1308/527/218 1157/1309/527/218 1159/1310/529/218
f 1167/1319/536/219 1160/1320/530/219 1163/1321/533/219 1168/1322/536/219
f 1169/1323/532/219 1164/1324/533/219 1166/1325/535/219 1167/1326/536/219
f 1174/1331/539/220 1170/1332/537/220 1173/1333/537/220 1175/1334/539/220
f 1189/1351/552/222 1182/1352/546/222 1185/1353/549/222 1190/1354/552/222
f 1191/1355/548/222 1186/1356/549/222 1188/1357/551/222 1189/1358/552/222
f 1196/1363/555/223 1192/1364/553/223 1195/1365/553/223 1197/1366/555/223
f 1208/1379/564/225 1204/1380/562/225 1207/1381/562/225 1209/1382/564/225
f 1234/1407/587/227 1230/1408/585/227 1233/1409/585/227 1235/1410/587/227
f 1243/1419/594/228 1236/1420/588/228 1239/1421/591/228 1244/1422/594/228
f 1245/1423/590/228 1240/1424/591/228 1242/1425/593/228 1243/1426/594/228
f 1250/1431/597/229 1246/1432/595/229 1249/1433/595/229 1251/1434/597/229
f 1265/1451/610/231 1258/1452/604/231 1261/1453/607/231 1266/1454/610/231
f 1267/1455/606/231 1262/1456/607/231 1264/1457/609/231 1265/1458/610/231
f 1294/1487/622/234 1290/1488/620/234 1293/1489/620/234 1295/1490/622/234
f 1300/1495/625/235 1296/1496/623/235 1299/1497/623/235 1301/1498/625/235
f 1326/1523/648/237 1322/1524/646/237 1325/1525/646/237 1327/1526/648/237
f 1332/1531/651/238 1328/1532/649/238 1331/1533/649/238 1333/1534/651/238
f 1338/1539/654/239 1334/1540/652/239 1337/1541/652/239 1339/1542/654/239
f 1344/1547/657/240 1340/1548/655/240 1343/1549/655/240 1345/1550/657/240
f 1350/1555/660/241 1346/1556/658/241 1349/1557/658/241 1351/1558/660/241
f 1356/1563/663/242 1352/1564/661/242 1355/1565/661/242 1357/1566/663/242
f 1378/1587/669/244 1374/1588/667/244 1377/1589/667/244 1379/1590/669/244
f 1387/1599/676/245 1380/1600/670/245 1383/1601/673/245 1388/1602/676/245
f 1389/1603/672/245 1384/1604/673/245 1386/1605/675/245 1387/1606/676/245
f 1394/1611/679/246 1390/1612/677/246 1393/1613/677/246 1395/1614/679/246
f 1423/1643/706/248 1416/1644/700/248 1419/1645/703/248 1424/1646/706/248
f 1425/1647/702/248 1420/1648/703/248 1422/1649/705/248 1423/1650/706/248
f 1430/1655/709/249 1426/1656/707/249 1429/1657/707/249 1431/1658/709/249
f 1436/1663/712/250 1432/1664/710/250 1435/1665/710/250 1437/1666/712/250
f 1445/1675/719/251 1438/1676/713/251 1441/1677/716/251 1446/1678/719/251
f 1447/1679/715/251 1442/1680/716/251 1444/1681/718/251 1445/1682/719/251
f 1458/1695/728/253 1454/1696/726/253 1457/1697/726/253 1459/1698/728/253
f 1467/1707/735/254 1460/1708/729/254 1463/1709/732/254 1468/1710/735/254
f 1469/1711/731/254 1464/1712/732/254 1466/1713/734/254 1467/1714/735/254
f 1493/1739/745/256 1486/1740/739/256 1489/1741/742/256 1494/1742/745/256
f 1495/1743/741/256 1490/1744/742/256 1492/1745/744/256 1493/1746/745/256
f 1500/1751/748/257 1496/1752/746/257 1499/1753/746/257 1501/1754/748/257
f 1506/1759/751/258 1502/1760/749/258 1505/1761/749/258 1507/1762/751/258
f 1512/1767/754/259 1508/1768/752/259 1511/1769/752/259 1513/1770/754/259
f 1544/1803/783/262 1540/1804/781/262 1543/1805/781/262 1545/1806/783/262
f 1553/1815/790/263 1546/1816/784/263 1549/1817/787/263 1554/1818/790/263
f 1555/1819/786/263 1550/1820/787/263 1552/1821/789/263 1553/1822/790/263
f 1563/1831/797/264 1556/1832/791/264 1559/1833/794/264 1564/1834/797/264
f 1565/1835/793/264 1560/1836/794/264 1562/1837/796/264 1563/1838/797/264
f 1570/1843/800/265 1566/1844/798/265 1569/1845/798/265 1571/1846/800/265
f 1576/1851/803/266 1572/1852/801/266 1575/1853/801/266 1577/1854/803/266
f 1582/1859/806/267 1578/1860/804/267 1581/1861/804/267 1583/1862/806/267
f 1611/1891/833/269 1604/1892/827/269 1607/1893/830/269 1612/1894/833/269
f 1613/1895/829/269 1608/1896/830/269 1610/1897/832/269 1611/1898/833/269
f 1618/1903/836/270 1614/1904/834/270 1617/1905/834/270 1619/1906/836/270
f 1624/1911/839/271 1620/1912/837/271 1623/1913/837/271 1625/1914/839/271
f 1653/1943/866/273 1646/1944/860/273 1649/1945/863/273 1654/1946/866/273
f 1655/1947/862/273 1650/1948/863/273 1652/1949/865/273 1653/1950/866/273
f 1660/1955/869/274 1656/1956/867/274 1659/1957/867/274 1661/1958/869/274
f 1666/1963/872/275 1662/1964/870/275 1665/1965/870/275 1667/1966/872/275
f 1718/2019/921/279 1714/2020/919/279 1717/2021/919/279 1719/2022/921/279
f 1724/2027/924/280 1720/2028/922/280 1723/2029/922/280 1725/2030/924/280
f 1750/2055/947/282 1746/2056/945/282 1749/2057/945/282 1751/2058/947/282
f 1888/2195/1056/290 1884/2196/1054/290 1887/2197/1054/290 1889/2198/1056/290
f 1894/2203/1059/291 1890/2204/1057/291 1893/2205/1057/291 1895/2206/1059/291
f 1900/2211/1062/292 1896/2212/1060/292 1899/2213/1060/292 1901/2214/1062/292
f 1926/2239/1085/294 1922/2240/1083/294 1925/2241/1083/294 1927/2242/1085/294
f 1935/2251/1092/295 1928/2252/1086/295 1931/2253/1089/295 1936/2254/1092/295
f 1937/2255/1088/295 1932/2256/1089/295 1934/2257/1091/295 1935/2258/1092/295
f 1948/2271/1101/297 1944/2272/1099/297 1947/2273/1099/297 1949/2274/1101/297
f 1957/2283/1108/298 1950/2284/1102/298 1953/2285/1105/298 1958/2286/1108/298
f 1959/2287/1104/298 1954/2288/1105/298 1956/2289/1107/298 1957/2290/1108/298
f 1973/2307/1121/300 1966/2308/1115/300 1969/2309/1118/300 1974/2310/1121/300
f 1975/2311/1117/300 1970/2312/1118/300 1972/2313/1120/300 1973/2314/1121/300
f 1996/2335/1127/302 1992/2336/1125/302 1995/2337/1125/302 1997/2338/1127/302
f 2008/2351/1136/304 2004/2352/1134/304 2007/2353/1134/304 2009/2354/1136/304
f 2017/2363/1143/305 2010/2364/1137/305 2013/2365/1140/305 2018/2366/1143/305
f 2019/2367/1139/305 2014/2368/1140/305 2016/2369/1142/305 2017/2370/1143/305
f 2030/2383/1152/307 2026/2384/1150/307 2029/2385/1150/307 2031/2386/1152/307
f 2039/2395/1159/308 2032/2396/1153/308 2035/2397/1156/308 2040/2398/1159/308
f 2041/2399/1155/308 2036/2400/1156/308 2038/2401/1158/308 2039/2402/1159/308
f 2060/2439/1176/310 2056/2440/1174/310 2059/2441/1174/310 2061/2442/1176/310
f 2075/2459/1189/312 2068/2460/1183/312 2071/2461/1186/312 2076/2462/1189/312
f 2077/2463/1185/312 2072/2464/1186/312 2074/2465/1188/312 2075/2466/1189/312
f 2279/2691/1260/321 2272/2692/1254/321 2275/2693/1257/321 2280/2694/1260/321
f 2281/2695/1256/321 2276/2696/1257/321 2278/2697/1259/321 2279/2698/1260/321
f 2295/2715/1273/323 2288/2716/1267/323 2291/2717/1270/323 2296/2718/1273/323
f 2297/2719/1269/323 2292/2720/1270/323 2294/2721/1272/323 2295/2722/1273/323
f 2343/2771/1292/327 2336/2772/1286/327 2339/2773/1289/327 2344/2774/1292/327
f 2345/2775/1288/327 2340/2776/1289/327 2342/2777/1291/327 2343/2778/1292/327
f 2350/2783/1295/328 2346/2784/1293/328 2349/2785/1293/328 2351/2786/1295/328
f 2356/2791/1298/329 2352/2792/1296/329 2355/2793/1296/329 2357/2794/1298/329
f 2474/2911/1387/336 2470/2912/1385/336 2473/2913/1385/336 2475/2914/1387/336
f 2502/2943/1399/339 2498/2944/1397/339 2501/2945/1397/339 2503/2946/1399/339
f 2508/2951/1402/340 2504/2952/1400/340 2507/2953/1400/340 2509/2954/1402/340
f 2514/2959/1405/341 2510/2960/1403/341 2513/2961/1403/341 2515/2962/1405/341
f 2523/2971/1412/342 2516/2972/1406/342 2519/2973/1409/342 2524/2974/1412/342
f 2525/2975/1408/342 2520/2976/1409/342 2522/2977/1411/342 2523/2978/1412/342
f 2577/3031/1424/344 2570/3032/1418/344 2573/3033/1421/344 2578/3034/1424/344
f 2579/3035/1420/344 2574/3036/1421/344 2576/3037/1423/344 2577/3038/1424/344
f 2590/3051/1433/346 2586/3052/1431/346 2589/3053/1431/346 2591/3054/1433/346
f 2596/3059/1436/347 2592/3060/1434/347 2595/3061/1434/347 2597/3062/1436/347
f 2618/3083/1442/349 2614/3084/1440/349 2617/3085/1440/349 2619/3086/1442/349
f 2630/3099/1451/351 2626/3100/1449/351 2629/3101/1449/351 2631/3102/1451/351
f 2648/3123/1466/354 2644/3124/1464/354 2647/3125/1464/354 2649/3126/1466/354
f 2654/3131/1469/355 2650/3132/1467/355 2653/3133/1467/355 2655/3134/1469/355
f 2679/3159/1479/357 2672/3160/1473/357 2675/3161/1476/357 2680/3162/1479/357
f 2681/3163/1475/357 2676/3164/1476/357 2678/3165/1478/357 2679/3166/1479/357
f 2686/3171/1482/358 2682/3172/1480/358 2685/3173/1480/358 2687/3174/1482/358
f 2692/3179/1485/359 2688/3180/1483/359 2691/3181/1483/359 2693/3182/1485/359
f 2698/3187/1488/360 2694/3188/1486/360 2697/3189/1486/360 2699/3190/1488/360
f 2707/3199/1495/361 2700/3200/1489/361 2703/3201/1492/361 2708/3202/1495/361
f 2709/3203/1491/361 2704/3204/1492/361 2706/3205/1494/361 2707/3206/1495/361
f 2714/3211/1498/362 2710/3212/1496/362 2713/3213/1496/362 2715/3214/1498/362
f 2720/3219/1501/363 2716/3220/1499/363 2719/3221/1499/363 2721/3222/1501/363
f 2742/3243/1507/365 2738/3244/1505/365 2741/3245/1505/365 2743/3246/1507/365
f 2751/3255/1514/366 2744/3256/1508/366 2747/3257/1511/366 2752/3258/1514/366
f 2753/3259/1510/366 2748/3260/1511/366 2750/3261/1513/366 2751/3262/1514/366
f 2758/3267/1517/367 2754/3268/1515/367 2757/3269/1515/367 2759/3270/1517/367
f 2764/3275/1520/368 2760/3276/1518/368 2763/3277/1518/368 2765/3278/1520/368
f 2770/3283/1523/369 2766/3284/1521/369 2769/3285/1521/369 2771/3286/1523/369
f 1071/1200/475/208 1066/1201/470/208 1068/1202/472/208
f 1117/1264/503/215 1112/1265/498/215 1114/1266/500/215
f 1181/1340/545/221 1176/1341/540/221 1178/1342/542/221
f 1203/1372/561/224 1198/1373/556/224 1200/1374/558/224
f 1257/1440/603/230 1252/1441/598/230 1254/1442/600/230
f 1273/1464/616/232 1268/1465/611/232 1270/1466/613/232
f 1453/1688/725/252 1448/1689/720/252 1450/1690/722/252
f 1539/1796/780/261 1534/1797/775/261 1536/1798/777/261
f 1713/2012/918/278 1708/2013/913/278 1710/2014/915/278
f 1943/2264/1098/296 1938/2265/1093/296 1940/2266/1095/296
f 1965/2296/1114/299 1960/2297/1109/299 1962/2298/1111/299
f 2003/2344/1133/303 1998/2345/1128/303 2000/2346/1130/303
f 2025/2376/1149/306 2020/2377/1144/306 2022/2378/1146/306
f 2067/2448/1182/311 2062/2449/1177/311 2064/2450/1179/311
f 2227/2636/1248/319 2222/2637/1243/319 2224/2638/1245/319
f 2287/2704/1266/322 2282/2705/1261/322 2284/2706/1263/322
f 2335/2760/1285/326 2330/2761/1280/326 2332/2762/1282/326
f 2497/2936/1396/338 2492/2937/1391/338 2494/2938/1393/338
f 2585/3044/1430/345 2580/3045/1425/345 2582/3046/1427/345
f 2625/3092/1448/350 2620/3093/1443/350 2622/3094/1445/350
f 2637/3108/1457/352 2632/3109/1452/352 2634/3110/1454/352
f 2643/3116/1463/353 2638/3117/1458/353 2640/3118/1460/353
usemtl grass01ax
s off
f 5/5/2/2 6/6/2/2 7/7/2/2 8/8/2/2
f 9/9/3/3 10/10/3/3 11/11/3/3 12/12/3/3
f 13/13/4/4 14/14/4/4 15/15/4/4 16/16/4/4
f 17/17/5/5 18/18/5/5 19/19/5/5 20/20/5/5
f 21/21/6/6 22/22/6/6 23/23/6/6 24/24/6/6
f 25/25/7/7 26/26/7/7 27/27/7/7 28/28/7/7
f 41/41/11/11 42/42/11/11 43/43/11/11 44/44/11/11
f 45/47/12/12 46/48/12/12 47/45/12/12 48/46/12/12
f 49/49/13/13 50/50/13/13 51/51/13/13 52/52/13/13
f 53/55/14/14 54/56/14/14 55/53/14/14 56/54/14/14
f 57/57/15/15 58/58/15/15 59/59/15/15 60/60/15/15
f 61/61/16/16 62/62/16/16 63/63/16/16 64/64/16/16
f 97/102/26/22 98/103/26/22 99/104/26/22 100/105/26/22
f 109/116/29/25 110/117/29/25 111/118/29/25 112/119/29/25
f 113/122/30/26 114/123/30/26 115/120/30/26 116/121/30/26
f 117/124/31/27 118/125/31/27 119/126/31/27 120/127/31/27
f 121/128/32/28 122/129/32/28 123/130/32/28 124/131/32/28
f 125/134/33/29 126/135/33/29 127/132/33/29 128/133/33/29
f 129/138/34/30 130/139/34/30 131/136/34/30 132/137/34/30
f 137/144/36/32 138/145/36/32 139/146/36/32 140/147/36/32
f 141/148/37/33 142/149/37/33 143/150/37/33 144/151/37/33
f 145/154/38/34 146/155/38/34 147/152/38/34 148/153/38/34
f 153/160/40/36 154/161/40/36 155/162/40/36 156/163/40/36
f 157/164/41/37 158/165/41/37 159/166/41/37 160/167/41/37
f 161/168/42/38 162/169/42/38 163/170/42/38 164/171/42/38
f 165/172/43/39 166/173/43/39 167/174/43/39 168/175/43/39
f 169/176/44/40 170/177/44/40 171/178/44/40 172/179/44/40
f 173/180/45/41 174/181/45/41 175/182/45/41 176/183/45/41
f 177/184/46/42 178/185/46/42 179/186/46/42 180/187/46/42
f 181/188/47/43 182/189/47/43 183/190/47/43 184/191/47/43
f 185/192/48/44 186/193/48/44 187/194/48/44 188/195/48/44
f 189/196/49/45 190/197/49/45 191/198/49/45 192/199/49/45
f 193/200/50/46 194/201/50/46 195/202/50/46 196/203/50/46
f 197/204/51/47 198/205/51/47 199/206/51/47 200/207/51/47
f 201/210/52/48 202/208/52/48 203/209/52/48 204/211/52/48
f 205/212/53/49 206/213/53/49 207/214/53/49 208/215/53/49
f 209/216/54/50 210/217/54/50 211/218/54/50 212/219/54/50
f 213/220/55/51 214/221/55/51 215/222/55/51 216/223/55/51
f 217/224/56/52 218/225/56/52 219/226/56/52 220/227/56/52
f 221/228/57/53 222/229/57/53 223/230/57/53 224/231/57/53
f 225/234/58/54 226/232/58/54 227/233/58/54 228/235/58/54
f 229/236/59/55 230/237/59/55 231/238/59/55 232/239/59/55
f 233/240/60/56 234/241/60/56 235/242/60/56 236/243/60/56
f 237/244/61/57 238/245/61/57 239/246/61/57 240/247/61/57
f 241/248/62/58 242/249/62/58 243/250/62/58 244/251/62/58
f 245/252/63/59 246/253/63/59 247/254/63/59 248/255/63/59
f 249/256/64/60 250/257/64/60 251/258/64/60 252/259/64/60
f 253/260/65/61 254/261/65/61 255/262/65/61 256/263/65/61
f 257/264/66/62 258/265/66/62 259/266/66/62 260/267/66/62
f 261/268/67/63 262/269/67/63 263/270/67/63 264/271/67/63
f 265/274/68/64 266/272/68/64 267/273/68/64 268/275/68/64
f 269/278/69/65 270/276/69/65 271/277/69/65 272/279/69/65
f 273/280/70/66 274/282/70/66 275/281/70/66 276/283/70/66
f 277/284/71/67 278/285/71/67 279/286/71/67 280/287/71/67
f 281/288/72/68 282/289/72/68 283/290/72/68 284/291/72/68
f 285/292/73/69 286/293/73/69 287/294/73/69 288/295/73/69
f 289/298/74/70 290/296/74/70 291/297/74/70 292/299/74/70
f 293/300/75/71 294/301/75/71 295/302/75/71 296/303/75/71
f 297/306/76/72 298/304/76/72 299/305/76/72 300/307/76/72
f 301/308/77/73 302/309/77/73 303/310/77/73 304/311/77/73
f 305/314/78/74 306/312/78/74 307/315/78/74 308/313/78/74
f 309/316/79/75 310/318/79/75 311/317/79/75 312/319/79/75
f 313/320/80/76 314/321/80/76 315/322/80/76 316/323/80/76
f 317/324/81/77 318/325/81/77 319/326/81/77 320/327/81/77
f 321/330/82/78 322/328/82/78 323/329/82/78 324/331/82/78
f 325/334/83/79 326/332/83/79 327/333/83/79 328/335/83/79
f 329/336/84/80 330/338/84/80 331/337/84/80 332/339/84/80
f 345/356/88/84 346/354/88/84 347/355/88/84 348/357/88/84
f 353/363/90/86 354/364/90/86 355/365/90/86 356/366/90/86
f 357/367/91/87 358/368/91/87 359/369/91/87 360/370/91/87
f 361/371/92/88 362/373/92/88 363/374/92/88 364/372/92/88
f 365/375/93/89 366/377/93/89 367/378/93/89 368/376/93/89
f 397/415/101/97 398/416/101/97 399/413/101/97 400/414/101/97
f 485/520/123/119 486/521/123/119 487/522/123/119 488/523/123/119
f 489/524/124/120 490/525/124/120 491/526/124/120 492/527/124/120
f 513/551/130/126 514/552/130/126 515/553/130/126 516/554/130/126
f 517/555/131/127 518/556/131/127 519/557/131/127 520/558/131/127
f 533/571/135/131 534/573/135/131 535/572/135/131 536/574/135/131
f 537/575/136/132 538/576/136/132 539/577/136/132 540/578/136/132
f 541/579/137/133 542/581/137/133 543/580/137/133 544/582/137/133
f 545/585/138/134 546/583/138/134 547/586/138/134 548/584/138/134
f 549/589/139/135 550/587/139/135 551/590/139/135 552/588/139/135
f 553/591/140/136 554/592/140/136 555/593/140/136 556/594/140/136
f 557/595/141/137 558/597/141/137 559/598/141/137 560/596/141/137
f 561/599/142/138 562/600/142/138 563/601/142/138 564/602/142/138
f 565/603/143/139 566/604/143/139 567/605/143/139 568/606/143/139
f 569/607/144/140 570/608/144/140 571/609/144/140 572/610/144/140
f 573/613/145/141 574/611/145/141 575/612/145/141 576/614/145/141
f 601/645/152/148 602/647/152/148 603/648/152/148 604/646/152/148
f 605/649/153/149 606/651/153/149 607/652/153/149 608/650/153/149
f 609/653/154/150 610/654/154/150 611/655/154/150 612/656/154/150
f 613/657/155/151 614/658/155/151 615/659/155/151 616/660/155/151
f 617/661/156/152 618/662/156/152 619/663/156/152 620/664/156/152
f 633/677/160/156 634/678/160/156 635/679/160/156 636/680/160/156
f 637/681/161/157 638/683/161/157 639/684/161/157 640/682/161/157
f 641/687/162/158 642/685/162/158 643/688/162/158 644/686/162/158
f 645/689/163/159 646/691/163/159 647/692/163/159 648/690/163/159
f 649/693/164/160 650/695/164/160 651/696/164/160 652/694/164/160
f 653/697/165/161 654/699/165/161 655/700/165/161 656/698/165/161
f 657/701/166/162 658/703/166/162 659/704/166/162 660/702/166/162
f 661/705/167/163 662/707/167/163 663/708/167/163 664/706/167/163
f 677/725/171/167 678/723/171/167 679/724/171/167 680/726/171/167
f 681/729/172/168 682/727/172/168 683/728/172/168 684/730/172/168
f 685/733/173/169 686/731/173/169 687/734/173/169 688/732/173/169
f 689/737/174/170 690/735/174/170 691/738/174/170 692/736/174/170
f 693/741/175/171 694/739/175/171 695/740/175/171 696/742/175/171
f 697/743/176/172 698/745/176/172 699/744/176/172 700/746/176/172
f 701/747/177/173 702/748/177/173 703/749/177/173 704/750/177/173
f 705/751/178/174 706/752/178/174 707/753/178/174 708/754/178/174
f 709/755/179/175 710/756/179/175 711/757/179/175 712/758/179/175
f 713/759/180/176 714/761/180/176 715/762/180/176 716/760/180/176
usemtl michi01a
s off
f 29/29/8/8 30/30/8/8 31/31/8/8 32/32/8/8
f 37/37/10/10 38/38/10/10 39/39/10/10 40/40/10/10
f 337/345/86/82 338/346/86/82 339/347/86/82 340/348/86/82
f 373/384/95/91 374/385/95/91 375/386/95/91 376/387/95/91
f 377/388/96/92 378/389/96/92 379/390/96/92 380/391/96/92
f 413/433/105/101 414/434/105/101 415/435/105/101 416/436/105/101
f 445/473/113/109 446/474/113/109 447/475/113/109 448/476/113/109
f 461/491/117/113 462/492/117/113 463/493/117/113 464/494/117/113
f 477/511/121/117 478/512/121/117 479/513/121/117 480/514/121/117
f 501/538/127/123 502/539/127/123 503/540/127/123 504/541/127/123
f 505/542/128/124 506/543/128/124 507/544/128/124 508/545/128/124
f 521/559/132/128 522/560/132/128 523/561/132/128 524/562/132/128
f 529/567/134/130 530/568/134/130 531/569/134/130 532/570/134/130
f 585/626/148/144 586/627/148/144 587/628/148/144 588/629/148/144
f 621/665/157/153 622/666/157/153 623/667/157/153 624/668/157/153
f 629/673/159/155 630/674/159/155 631/675/159/155 632/676/159/155
f 669/714/169/165 670/715/169/165 671/716/169/165 672/717/169/165
f 89/91/24/20 90/92/24/20 91/93/24/20
f 90/92/24/20 92/94/24/20 91/95/24/20
f 93/99/25/21 94/100/25/21 95/101/25/21
f 101/106/27/23 102/107/27/23 103/108/27/23
f 102/107/27/23 104/109/27/23 103/110/27/23
f 105/111/28/24 106/112/28/24 107/113/28/24
f 106/112/28/24 108/114/28/24 107/115/28/24
f 333/340/85/81 334/341/85/81 335/342/85/81
f 334/341/85/81 336/343/85/81 335/344/85/81
f 341/349/87/83 342/350/87/83 343/351/87/83
f 342/350/87/83 344/352/87/83 343/353/87/83
f 349/358/89/85 350/359/89/85 351/360/89/85
f 350/359/89/85 352/361/89/85 351/362/89/85
f 369/379/94/90 370/380/94/90 371/381/94/90
f 370/380/94/90 372/382/94/90 371/383/94/90
f 381/395/97/93 382/396/97/93 383/397/97/93
f 389/405/99/95 390/406/99/95 391/407/99/95
f 393/408/100/96 394/409/100/96 395/410/100/96
f 394/409/100/96 396/411/100/96 395/412/100/96
f 401/417/102/98 402/418/102/98 403/419/102/98
f 402/418/102/98 404/420/102/98 403/421/102/98
f 405/425/103/99 406/426/103/99 407/427/103/99
f 409/428/104/100 410/429/104/100 411/430/104/100
f 410/429/104/100 412/431/104/100 411/432/104/100
f 417/440/106/102 418/441/106/102 419/442/106/102
f 429/454/109/105 430/455/109/105 431/456/109/105
f 433/457/110/106 434/458/110/106 435/459/110/106
f 434/458/110/106 436/460/110/106 435/461/110/106
f 437/462/111/107 438/463/111/107 439/464/111/107
f 438/463/111/107 440/465/111/107 439/466/111/107
f 441/470/112/108 442/471/112/108 443/472/112/108
f 457/488/116/112 458/489/116/112 459/490/116/112
f 465/498/118/114 466/499/118/114 467/500/118/114
f 473/508/120/116 474/509/120/116 475/510/120/116
f 481/515/122/118 482/516/122/118 483/517/122/118
f 482/516/122/118 484/518/122/118 483/519/122/118
f 493/528/125/121 494/529/125/121 495/530/125/121
f 494/529/125/121 496/531/125/121 495/532/125/121
f 497/533/126/122 498/534/126/122 499/535/126/122
f 498/534/126/122 500/536/126/122 499/537/126/122
f 509/546/129/125 510/547/129/125 511/548/129/125
f 510/547/129/125 512/549/129/125 511/550/129/125
f 577/615/146/142 578/616/146/142 579/617/146/142
f 578/616/146/142 580/618/146/142 579/619/146/142
f 581/623/147/143 582/624/147/143 583/625/147/143
f 593/637/150/146 594/638/150/146 595/639/150/146
f 597/640/151/147 598/641/151/147 599/642/151/147
f 598/641/151/147 600/643/151/147 599/644/151/147
f 665/709/168/164 666/710/168/164 667/711/168/164
f 666/710/168/164 668/712/168/164 667/713/168/164
f 673/718/170/166 674/719/170/166 675/720/170/166
f 674/719/170/166 676/721/170/166 675/722/170/166
usemtl michi01b
s off
f 35/33/9/9 36/34/9/9 33/35/9/9 34/36/9/9
f 387/398/98/94 388/399/98/94 385/400/98/94 386/401/98/94
f 423/443/107/103 424/444/107/103 421/445/107/103 422/446/107/103
f 427/447/108/104 428/448/108/104 425/449/108/104 426/450/108/104
f 451/477/114/110 452/478/114/110 449/479/114/110 450/480/114/110
f 455/481/115/111 456/482/115/111 453/483/115/111 454/484/115/111
f 471/501/119/115 472/502/119/115 469/503/119/115 470/504/119/115
f 527/563/133/129 528/564/133/129 525/565/133/129 526/566/133/129
f 591/630/149/145 592/631/149/145 589/632/149/145 590/633/149/145
f 627/669/158/154 628/670/158/154 625/671/158/154 626/672/158/154
f 94/96/25/21 93/97/25/21 96/98/25/21
f 382/392/97/93 381/393/97/93 384/394/97/93
f 390/402/99/95 389/403/99/95 392/404/99/95
f 406/422/103/99 405/423/103/99 408/424/103/99
f 418/437/106/102 417/438/106/102 420/439/106/102
f 430/451/109/105 429/452/109/105 432/453/109/105
f 442/467/112/108 441/468/112/108 444/469/112/108
f 458/485/116/112 457/486/116/112 460/487/116/112
f 466/495/118/114 465/496/118/114 468/497/118/114
f 474/505/120/116 473/506/120/116 476/507/120/116
f 582/620/147/143 581/621/147/143 584/622/147/143
f 594/634/150/146 593/635/150/146 596/636/150/146
usemtl kaidan01a
s off
f 949/1034/377/197 950/1035/378/197 952/1036/380/197 951/1037/379/197
f 951/1028/379/197 952/1029/380/197 954/1030/382/197 953/1031/381/197
f 953/1021/381/197 954/1027/382/197 956/1022/384/197 955/1038/383/197
f 955/1039/383/197 956/1040/384/197 950/1041/378/197 949/1042/377/197
f 950/1032/378/197 956/1023/384/197 954/1024/382/197 952/1020/380/197
f 955/1025/383/197 949/1019/377/197 951/1033/379/197 953/1026/381/197
f 961/1043/389/197 962/1044/390/197 958/1045/386/197 960/1046/388/197
f 957/1047/385/197 962/1048/390/197 961/1049/389/197 959/1050/387/197
f 959/1051/387/197 961/1052/389/197 964/1053/392/197 963/1054/391/197
f 961/1055/389/197 960/1056/388/197 965/1057/393/197 964/1058/392/197
f 966/1059/394/197 967/1060/395/197 969/1061/397/197 968/1062/396/197
f 968/1063/396/197 969/1064/397/197 971/1065/399/197 970/1066/398/197
f 970/1067/398/197 971/1068/399/197 973/1069/401/197 972/1070/400/197
f 972/1071/400/197 973/1072/401/197 967/1073/395/197 966/1074/394/197
f 967/1075/395/197 973/1076/401/197 971/1077/399/197 969/1078/397/197
f 972/1079/400/197 966/1080/394/197 968/1081/396/197 970/1082/398/197
f 2042/2419/1160/309 2043/2420/1161/309 2045/2421/1163/309 2044/2422/1162/309
f 2044/2413/1162/309 2045/2414/1163/309 2047/2415/1165/309 2046/2416/1164/309
f 2046/2405/1164/309 2047/2412/1165/309 2049/2406/1167/309 2048/2411/1166/309
f 2048/2423/1166/309 2049/2424/1167/309 2043/2425/1161/309 2042/2426/1160/309
f 2043/2417/1161/309 2049/2407/1167/309 2047/2408/1165/309 2045/2404/1163/309
f 2048/2409/1166/309 2042/2403/1160/309 2044/2418/1162/309 2046/2410/1164/309
f 2050/2427/1168/309 2051/2428/1169/309 2053/2429/1171/309 2052/2430/1170/309
f 2052/2431/1170/309 2053/2432/1171/309 2055/2433/1173/309 2054/2434/1172/309
f 2078/2467/1190/313 2079/2468/1190/313 2080/2469/1190/313 2081/2470/1190/313
f 2082/2471/1191/313 2083/2472/1191/313 2084/2473/1191/313 2085/2474/1191/313
f 2086/2475/1192/313 2087/2476/1192/313 2088/2477/1192/313 2089/2478/1192/313
f 2090/2479/1192/313 2091/2480/1192/313 2092/2481/1192/313 2093/2482/1192/313
f 2094/2483/1193/313 2095/2484/1193/313 2096/2485/1193/313 2097/2486/1193/313
f 2098/2487/1194/313 2099/2488/1194/313 2100/2489/1194/313 2101/2490/1194/313
f 2102/2491/1191/313 2103/2492/1191/313 2104/2493/1191/313 2105/2494/1191/313
f 2106/2495/1190/313 2107/2496/1190/313 2108/2497/1190/313 2109/2498/1190/313
f 2110/2499/1193/313 2111/2500/1193/313 2112/2501/1193/313 2113/2502/1193/313
f 2114/2503/1194/313 2115/2504/1194/313 2116/2505/1194/313 2117/2506/1194/313
f 2091/2480/1192/313 2118/2507/1192/313 2119/2508/1192/313 2092/2481/1192/313
f 2087/2476/1192/313 2120/2509/1192/313 2121/2510/1192/313 2088/2477/1192/313
f 2122/2511/1195/314 2123/2512/1196/314 2125/2513/1198/314 2124/2514/1197/314
f 2124/2515/1197/314 2125/2516/1198/314 2127/2517/1200/314 2126/2518/1199/314
f 2148/2539/1221/316 2149/2540/1221/316 2150/2541/1221/316 2151/2542/1221/316
f 2152/2543/1222/316 2153/2544/1222/316 2154/2545/1222/316 2155/2546/1222/316
f 2156/2547/1223/316 2157/2548/1223/316 2158/2549/1223/316 2159/2550/1223/316
f 2160/2551/1223/316 2161/2552/1223/316 2162/2553/1223/316 2163/2554/1223/316
f 2164/2555/1224/316 2165/2556/1224/316 2166/2557/1224/316 2167/2558/1224/316
f 2168/2559/1225/316 2169/2560/1225/316 2170/2561/1225/316 2171/2562/1225/316
f 2172/2563/1222/316 2173/2564/1222/316 2174/2565/1222/316 2175/2566/1222/316
f 2176/2567/1221/316 2177/2568/1221/316 2178/2569/1221/316 2179/2570/1221/316
f 2180/2571/1224/316 2181/2572/1224/316 2182/2573/1224/316 2183/2574/1224/316
f 2184/2575/1225/316 2185/2576/1225/316 2186/2577/1225/316 2187/2578/1225/316
f 2161/2552/1223/316 2188/2579/1223/316 2189/2580/1223/316 2162/2553/1223/316
f 2157/2548/1223/316 2190/2581/1223/316 2191/2582/1223/316 2158/2549/1223/316
f 2208/2599/1229/318 2209/2600/1230/318 2211/2601/1232/318 2210/2602/1231/318
f 2210/2603/1231/318 2211/2604/1232/318 2213/2605/1234/318 2212/2606/1233/318
f 2214/2607/1235/318 2215/2608/1236/318 2217/2609/1238/318 2216/2610/1237/318
f 2216/2611/1237/318 2217/2612/1238/318 2219/2613/1240/318 2218/2614/1239/318
f 2218/2615/1239/318 2219/2616/1240/318 2221/2617/1242/318 2220/2618/1241/318
f 2220/2619/1241/318 2221/2620/1242/318 2215/2621/1236/318 2214/2622/1235/318
f 2215/2623/1236/318 2221/2624/1242/318 2219/2625/1240/318 2217/2626/1238/318
f 2220/2627/1241/318 2214/2628/1235/318 2216/2629/1237/318 2218/2630/1239/318
f 2228/2639/1249/320 2229/2640/1249/320 2230/2641/1249/320 2231/2642/1249/320
f 2232/2643/1250/320 2233/2644/1250/320 2234/2645/1250/320 2235/2646/1250/320
f 2236/2647/1251/320 2237/2648/1251/320 2238/2649/1251/320 2239/2650/1251/320
f 2240/2651/1251/320 2241/2652/1251/320 2242/2653/1251/320 2243/2654/1251/320
f 2244/2655/1252/320 2245/2656/1252/320 2246/2657/1252/320 2247/2658/1252/320
f 2248/2659/1253/320 2249/2660/1253/320 2250/2661/1253/320 2251/2662/1253/320
f 2252/2663/1250/320 2253/2664/1250/320 2254/2665/1250/320 2255/2666/1250/320
f 2256/2667/1249/320 2257/2668/1249/320 2258/2669/1249/320 2259/2670/1249/320
f 2260/2671/1252/320 2261/2672/1252/320 2262/2673/1252/320 2263/2674/1252/320
f 2264/2675/1253/320 2265/2676/1253/320 2266/2677/1253/320 2267/2678/1253/320
f 2241/2652/1251/320 2268/2679/1251/320 2269/2680/1251/320 2242/2653/1251/320
f 2237/2648/1251/320 2270/2681/1251/320 2271/2682/1251/320 2238/2649/1251/320
f 2526/2979/1413/343 2527/2980/1413/343 2528/2981/1413/343 2529/2982/1413/343
f 2530/2983/1414/343 2531/2984/1414/343 2532/2985/1414/343 2533/2986/1414/343
f 2534/2987/1415/343 2535/2988/1415/343 2536/2989/1415/343 2537/2990/1415/343
f 2538/2991/1415/343 2539/2992/1415/343 2540/2993/1415/343 2541/2994/1415/343
f 2542/2995/1416/343 2543/2996/1416/343 2544/2997/1416/343 2545/2998/1416/343
f 2546/2999/1417/343 2547/3000/1417/343 2548/3001/1417/343 2549/3002/1417/343
f 2550/3003/1414/343 2551/3004/1414/343 2552/3005/1414/343 2553/3006/1414/343
f 2554/3007/1413/343 2555/3008/1413/343 2556/3009/1413/343 2557/3010/1413/343
f 2558/3011/1416/343 2559/3012/1416/343 2560/3013/1416/343 2561/3014/1416/343
f 2562/3015/1417/343 2563/3016/1417/343 2564/3017/1417/343 2565/3018/1417/343
f 2539/2992/1415/343 2566/3019/1415/343 2567/3020/1415/343 2540/2993/1415/343
f 2535/2988/1415/343 2568/3021/1415/343 2569/3022/1415/343 2536/2989/1415/343
usemtl egrass_u
s off
f 2856/3371/1573/377 2857/3372/1573/377 2858/3373/1573/377 2859/3374/1573/377
f 2872/3387/1575/379 2873/3388/1575/379 2874/3389/1575/379 2875/3390/1575/379
f 2888/3403/1579/383 2889/3404/1579/383 2890/3405/1579/383 2891/3406/1579/383
f 2908/3423/1584/388 2909/3424/1584/388 2910/3425/1584/388 2911/3426/1584/388
f 2924/3439/1586/390 2925/3440/1586/390 2926/3441/1586/390 2927/3442/1586/390
f 2932/3447/1588/392 2933/3448/1588/392 2934/3449/1588/392 2935/3450/1588/392
f 2948/3463/1590/394 2949/3464/1590/394 2950/3465/1590/394 2951/3466/1590/394
f 2972/3487/1594/398 2973/3488/1594/398 2974/3489/1594/398 2975/3490/1594/398
f 2984/3499/1597/401 2985/3500/1597/401 2986/3501/1597/401 2987/3502/1597/401
f 3000/3515/1601/405 3001/3516/1601/405 3002/3517/1601/405 3003/3518/1601/405
f 3012/3527/1602/406 3013/3528/1602/406 3014/3529/1602/406 3015/3530/1602/406
f 3024/3539/1605/409 3025/3540/1605/409 3026/3541/1605/409 3027/3542/1605/409
f 3032/3547/1607/411 3033/3548/1607/411 3034/3549/1607/411 3035/3550/1607/411
f 3072/3587/1615/419 3073/3588/1615/419 3074/3589/1615/419 3075/3590/1615/419
f 3088/3603/1617/421 3089/3604/1617/421 3090/3605/1617/421 3091/3606/1617/421
f 3096/3611/1619/423 3097/3612/1619/423 3098/3613/1619/423 3099/3614/1619/423
f 3112/3627/1623/427 3113/3628/1623/427 3114/3629/1623/427 3115/3630/1623/427
f 3128/3643/1625/429 3129/3644/1625/429 3130/3645/1625/429 3131/3646/1625/429
f 3144/3659/1627/431 3145/3660/1627/431 3146/3661/1627/431 3147/3662/1627/431
f 3156/3671/1628/432 3157/3672/1628/432 3158/3673/1628/432 3159/3674/1628/432
f 3176/3691/1631/435 3177/3692/1631/435 3178/3693/1631/435 3179/3694/1631/435
f 3188/3703/1632/436 3189/3704/1632/436 3190/3705/1632/436 3191/3706/1632/436
f 3192/3707/1633/437 3193/3708/1633/437 3194/3709/1633/437 3195/3710/1633/437
f 3208/3723/1635/439 3209/3724/1635/439 3210/3725/1635/439 3211/3726/1635/439
f 3228/3743/1638/442 3229/3744/1638/442 3230/3745/1638/442 3231/3746/1638/442
f 3244/3759/1640/444 3245/3760/1640/444 3246/3761/1640/444 3247/3762/1640/444
f 3268/3783/1645/447 3269/3784/1645/447 3270/3785/1645/447 3271/3786/1645/447
f 3280/3795/1648/450 3281/3796/1648/450 3282/3797/1648/450 3283/3798/1648/450
f 3296/3811/1650/452 3297/3812/1650/452 3298/3813/1650/452 3299/3814/1650/452
f 3320/3835/1656/458 3321/3836/1656/458 3322/3837/1656/458 3323/3838/1656/458
f 3332/3847/1657/459 3333/3848/1657/459 3334/3849/1657/459 3335/3850/1657/459
f 3344/3859/1658/460 3345/3860/1658/460 3346/3861/1658/460 3347/3862/1658/460
f 3356/3871/1659/461 3357/3872/1659/461 3358/3873/1659/461 3359/3874/1659/461
f 3368/3883/1660/462 3369/3884/1660/462 3370/3885/1660/462 3371/3886/1660/462
f 3372/3887/1661/463 3373/3888/1661/463 3374/3889/1661/463 3375/3890/1661/463
f 3388/3903/1663/465 3389/3904/1663/465 3390/3905/1663/465 3391/3906/1663/465
f 3416/3931/1668/470 3417/3932/1668/470 3418/3933/1668/470 3419/3934/1668/470
f 3448/3963/1674/476 3449/3964/1674/476 3450/3965/1674/476 3451/3966/1674/476
f 3460/3975/1675/477 3461/3976/1675/477 3462/3977/1675/477 3463/3978/1675/477
f 3476/3991/1677/479 3477/3992/1677/479 3478/3993/1677/479 3479/3994/1677/479
f 3492/4007/1679/481 3493/4008/1679/481 3494/4009/1679/481 3495/4010/1679/481
f 3500/4015/1681/483 3501/4016/1681/483 3502/4017/1681/483 3503/4018/1681/483
f 3520/4035/1684/486 3521/4036/1684/486 3522/4037/1684/486 3523/4038/1684/486
f 3536/4051/1686/488 3537/4052/1686/488 3538/4053/1686/488 3539/4054/1686/488
f 3548/4063/1687/489 3549/4064/1687/489 3550/4065/1687/489 3551/4066/1687/489
f 3556/4071/1689/491 3557/4072/1689/491 3558/4073/1689/491 3559/4074/1689/491
usemtl egrass_v
s off
f 2848/3363/1571/375 2849/3364/1571/375 2850/3365/1571/375 2851/3366/1571/375
f 2864/3383/1575/379 2865/3384/1575/379 2866/3385/1575/379 2867/3386/1575/379
f 2876/3391/1576/380 2877/3392/1576/380 2878/3393/1576/380 2879/3394/1576/380
f 2916/3435/1586/390 2917/3436/1586/390 2918/3437/1586/390 2919/3438/1586/390
f 2940/3459/1590/394 2941/3460/1590/394 2942/3461/1590/394 2943/3462/1590/394
f 2952/3467/1591/395 2953/3468/1591/395 2954/3469/1591/395 2955/3470/1591/395
f 2960/3475/1593/397 2961/3476/1593/397 2962/3477/1593/397 2963/3478/1593/397
f 2964/3483/1594/398 2965/3484/1594/398 2966/3485/1594/398 2967/3486/1594/398
f 2992/3507/1599/403 2993/3508/1599/403 2994/3509/1599/403 2995/3510/1599/403
f 3004/3523/1602/406 3005/3524/1602/406 3006/3525/1602/406 3007/3526/1602/406
f 3016/3531/1603/407 3017/3532/1603/407 3018/3533/1603/407 3019/3534/1603/407
f 3040/3555/1609/413 3041/3556/1609/413 3042/3557/1609/413 3043/3558/1609/413
f 3052/3567/1612/416 3053/3568/1612/416 3054/3569/1612/416 3055/3570/1612/416
f 3064/3583/1615/419 3065/3584/1615/419 3066/3585/1615/419 3067/3586/1615/419
f 3080/3599/1617/421 3081/3600/1617/421 3082/3601/1617/421 3083/3602/1617/421
f 3120/3639/1625/429 3121/3640/1625/429 3122/3641/1625/429 3123/3642/1625/429
f 3136/3655/1627/431 3137/3656/1627/431 3138/3657/1627/431 3139/3658/1627/431
f 3148/3667/1628/432 3149/3668/1628/432 3150/3669/1628/432 3151/3670/1628/432
f 3168/3687/1631/435 3169/3688/1631/435 3170/3689/1631/435 3171/3690/1631/435
f 3180/3699/1632/436 3181/3700/1632/436 3182/3701/1632/436 3183/3702/1632/436
f 3200/3719/1635/439 3201/3720/1635/439 3202/3721/1635/439 3203/3722/1635/439
f 3220/3739/1638/442 3221/3740/1638/442 3222/3741/1638/442 3223/3742/1638/442
f 3236/3755/1640/444 3237/3756/1640/444 3238/3757/1640/444 3239/3758/1640/444
f 3288/3807/1650/452 3289/3808/1650/452 3290/3809/1650/452 3291/3810/1650/452
f 3308/3823/1653/455 3309/3824/1653/455 3310/3825/1653/455 3311/3826/1653/455
f 3324/3843/1657/459 3325/3844/1657/459 3326/3845/1657/459 3327/3846/1657/459
f 3336/3855/1658/460 3337/3856/1658/460 3338/3857/1658/460 3339/3858/1658/460
f 3348/3867/1659/461 3349/3868/1659/461 3350/3869/1659/461 3351/3870/1659/461
f 3360/3879/1660/462 3361/3880/1660/462 3362/3881/1660/462 3363/3882/1660/462
f 3380/3899/1663/465 3381/3900/1663/465 3382/3901/1663/465 3383/3902/1663/465
f 3392/3907/1664/466 3393/3908/1664/466 3394/3909/1664/466 3395/3910/1664/466
f 3408/3927/1668/470 3409/3928/1668/470 3410/3929/1668/470 3411/3930/1668/470
f 3428/3943/1671/473 3429/3944/1671/473 3430/3945/1671/473 3431/3946/1671/473
f 3440/3959/1674/476 3441/3960/1674/476 3442/3961/1674/476 3443/3962/1674/476
f 3452/3971/1675/477 3453/3972/1675/477 3454/3973/1675/477 3455/3974/1675/477
f 3468/3987/1677/479 3469/3988/1677/479 3470/3989/1677/479 3471/3990/1677/479
f 3480/3995/1678/480 3481/3996/1678/480 3482/3997/1678/480 3483/3998/1678/480
f 3484/4003/1679/481 3485/4004/1679/481 3486/4005/1679/481 3487/4006/1679/481
f 3508/4023/1683/485 3509/4024/1683/485 3510/4025/1683/485 3511/4026/1683/485
f 3512/4031/1684/486 3513/4032/1684/486 3514/4033/1684/486 3515/4034/1684/486
f 3528/4047/1686/488 3529/4048/1686/488 3530/4049/1686/488 3531/4050/1686/488
f 3540/4059/1687/489 3541/4060/1687/489 3542/4061/1687/489 3543/4062/1687/489
usemtl egrass_ro
s off
f 2844/3359/1570/374 2845/3360/1570/374 2846/3361/1570/374 2847/3362/1570/374
f 2852/3367/1572/376 2853/3368/1572/376 2854/3369/1572/376 2855/3370/1572/376
f 2880/3395/1577/381 2881/3396/1577/381 2882/3397/1577/381 2883/3398/1577/381
f 2956/3471/1592/396 2957/3472/1592/396 2958/3473/1592/396 2959/3474/1592/396
f 2988/3503/1598/402 2989/3504/1598/402 2990/3505/1598/402 2991/3506/1598/402
f 2996/3511/1600/404 2997/3512/1600/404 2998/3513/1600/404 2999/3514/1600/404
f 3020/3535/1604/408 3021/3536/1604/408 3022/3537/1604/408 3023/3538/1604/408
f 3036/3551/1608/412 3037/3552/1608/412 3038/3553/1608/412 3039/3554/1608/412
f 3044/3559/1610/414 3045/3560/1610/414 3046/3561/1610/414 3047/3562/1610/414
f 3048/3563/1611/415 3049/3564/1611/415 3050/3565/1611/415 3051/3566/1611/415
f 3056/3571/1613/417 3057/3572/1613/417 3058/3573/1613/417 3059/3574/1613/417
f 3060/3575/1614/418 3061/3576/1614/418 3062/3577/1614/418 3063/3578/1614/418
f 3092/3607/1618/422 3093/3608/1618/422 3094/3609/1618/422 3095/3610/1618/422
f 3116/3631/1624/428 3117/3632/1624/428 3118/3633/1624/428 3119/3634/1624/428
f 3160/3675/1629/433 3161/3676/1629/433 3162/3677/1629/433 3163/3678/1629/433
f 3164/3679/1630/434 3165/3680/1630/434 3166/3681/1630/434 3167/3682/1630/434
f 3196/3711/1634/438 3197/3712/1634/438 3198/3713/1634/438 3199/3714/1634/438
f 3232/3747/1639/443 3233/3748/1639/443 3234/3749/1639/443 3235/3750/1639/443
f 3248/3763/1641/445 3249/3764/1641/445 3250/3765/1641/445 3251/3766/1641/445
f 3300/3815/1651/453 3301/3816/1651/453 3302/3817/1651/453 3303/3818/1651/453
f 3304/3819/1652/454 3305/3820/1652/454 3306/3821/1652/454 3307/3822/1652/454
f 3312/3827/1654/456 3313/3828/1654/456 3314/3829/1654/456 3315/3830/1654/456
f 3396/3911/1665/467 3397/3912/1665/467 3398/3913/1665/467 3399/3914/1665/467
f 3420/3935/1669/471 3421/3936/1669/471 3422/3937/1669/471 3423/3938/1669/471
f 3424/3939/1670/472 3425/3940/1670/472 3426/3941/1670/472 3427/3942/1670/472
f 3432/3947/1672/474 3433/3948/1672/474 3434/3949/1672/474 3435/3950/1672/474
f 3504/4019/1682/484 3505/4020/1682/484 3506/4021/1682/484 3507/4022/1682/484
usemtl egrass_ri
s off
f 2868/3379/1575/379 2869/3380/1575/379 2870/3381/1575/379 2871/3382/1575/379
f 2892/3407/1580/384 2893/3408/1580/384 2894/3409/1580/384 2895/3410/1580/384
f 2904/3419/1583/387 2905/3420/1583/387 2906/3421/1583/387 2907/3422/1583/387
f 2920/3431/1586/390 2921/3432/1586/390 2922/3433/1586/390 2923/3434/1586/390
f 2944/3455/1590/394 2945/3456/1590/394 2946/3457/1590/394 2947/3458/1590/394
f 2968/3479/1594/398 2969/3480/1594/398 2970/3481/1594/398 2971/3482/1594/398
f 3008/3519/1602/406 3009/3520/1602/406 3010/3521/1602/406 3011/3522/1602/406
f 3068/3579/1615/419 3069/3580/1615/419 3070/3581/1615/419 3071/3582/1615/419
f 3084/3595/1617/421 3085/3596/1617/421 3086/3597/1617/421 3087/3598/1617/421
f 3124/3635/1625/429 3125/3636/1625/429 3126/3637/1625/429 3127/3638/1625/429
f 3140/3651/1627/431 3141/3652/1627/431 3142/3653/1627/431 3143/3654/1627/431
f 3152/3663/1628/432 3153/3664/1628/432 3154/3665/1628/432 3155/3666/1628/432
f 3172/3683/1631/435 3173/3684/1631/435 3174/3685/1631/435 3175/3686/1631/435
f 3184/3695/1632/436 3185/3696/1632/436 3186/3697/1632/436 3187/3698/1632/436
f 3204/3715/1635/439 3205/3716/1635/439 3206/3717/1635/439 3207/3718/1635/439
f 3224/3735/1638/442 3225/3736/1638/442 3226/3737/1638/442 3227/3738/1638/442
f 3240/3751/1640/444 3241/3752/1640/444 3242/3753/1640/444 3243/3754/1640/444
f 3292/3803/1650/452 3293/3804/1650/452 3294/3805/1650/452 3295/3806/1650/452
f 3328/3839/1657/459 3329/3840/1657/459 3330/3841/1657/459 3331/3842/1657/459
f 3340/3851/1658/460 3341/3852/1658/460 3342/3853/1658/460 3343/3854/1658/460
f 3352/3863/1659/461 3353/3864/1659/461 3354/3865/1659/461 3355/3866/1659/461
f 3364/3875/1660/462 3365/3876/1660/462 3366/3877/1660/462 3367/3878/1660/462
f 3384/3895/1663/465 3385/3896/1663/465 3386/3897/1663/465 3387/3898/1663/465
f 3400/3915/1666/468 3401/3916/1666/468 3402/3917/1666/468 3403/3918/1666/468
f 3412/3923/1668/470 3413/3924/1668/470 3414/3925/1668/470 3415/3926/1668/470
f 3444/3955/1674/476 3445/3956/1674/476 3446/3957/1674/476 3447/3958/1674/476
f 3456/3967/1675/477 3457/3968/1675/477 3458/3969/1675/477 3459/3970/1675/477
f 3472/3983/1677/479 3473/3984/1677/479 3474/3985/1677/479 3475/3986/1677/479
f 3488/3999/1679/481 3489/4000/1679/481 3490/4001/1679/481 3491/4002/1679/481
f 3516/4027/1684/486 3517/4028/1684/486 3518/4029/1684/486 3519/4030/1684/486
f 3532/4043/1686/488 3533/4044/1686/488 3534/4045/1686/488 3535/4046/1686/488
f 3544/4055/1687/489 3545/4056/1687/489 3546/4057/1687/489 3547/4058/1687/489
usemtl egrass
s off
f 2860/3375/1574/378 2861/3376/1574/378 2862/3377/1574/378 2863/3378/1574/378
f 2884/3399/1578/382 2885/3400/1578/382 2886/3401/1578/382 2887/3402/1578/382
f 2896/3411/1581/385 2897/3412/1581/385 2898/3413/1581/385 2899/3414/1581/385
f 2900/3415/1582/386 2901/3416/1582/386 2902/3417/1582/386 2903/3418/1582/386
f 2912/3427/1585/389 2913/3428/1585/389 2914/3429/1585/389 2915/3430/1585/389
f 2928/3443/1587/391 2929/3444/1587/391 2930/3445/1587/391 2931/3446/1587/391
f 2936/3451/1589/393 2937/3452/1589/393 2938/3453/1589/393 2939/3454/1589/393
f 2976/3491/1595/399 2977/3492/1595/399 2978/3493/1595/399 2979/3494/1595/399
f 2980/3495/1596/400 2981/3496/1596/400 2982/3497/1596/400 2983/3498/1596/400
f 3028/3543/1606/410 3029/3544/1606/410 3030/3545/1606/410 3031/3546/1606/410
f 3076/3591/1616/420 3077/3592/1616/420 3078/3593/1616/420 3079/3594/1616/420
f 3100/3615/1620/424 3101/3616/1620/424 3102/3617/1620/424 3103/3618/1620/424
f 3104/3619/1621/425 3105/3620/1621/425 3106/3621/1621/425 3107/3622/1621/425
f 3108/3623/1622/426 3109/3624/1622/426 3110/3625/1622/426 3111/3626/1622/426
f 3132/3647/1626/430 3133/3648/1626/430 3134/3649/1626/430 3135/3650/1626/430
f 3212/3727/1636/440 3213/3728/1636/440 3214/3729/1636/440 3215/3730/1636/440
f 3216/3731/1637/441 3217/3732/1637/441 3218/3733/1637/441 3219/3734/1637/441
f 3272/3787/1646/448 3273/3788/1646/448 3274/3789/1646/448 3275/3790/1646/448
f 3276/3791/1647/449 3277/3792/1647/449 3278/3793/1647/449 3279/3794/1647/449
f 3284/3799/1649/451 3285/3800/1649/451 3286/3801/1649/451 3287/3802/1649/451
f 3316/3831/1655/457 3317/3832/1655/457 3318/3833/1655/457 3319/3834/1655/457
f 3376/3891/1662/464 3377/3892/1662/464 3378/3893/1662/464 3379/3894/1662/464
f 3404/3919/1667/469 3405/3920/1667/469 3406/3921/1667/469 3407/3922/1667/469
f 3436/3951/1673/475 3437/3952/1673/475 3438/3953/1673/475 3439/3954/1673/475
f 3464/3979/1676/478 3465/3980/1676/478 3466/3981/1676/478 3467/3982/1676/478
f 3496/4011/1680/482 3497/4012/1680/482 3498/4013/1680/482 3499/4014/1680/482
f 3524/4039/1685/487 3525/4040/1685/487 3526/4041/1685/487 3527/4042/1685/487
f 3552/4067/1688/490 3553/4068/1688/490 3554/4069/1688/490 3555/4070/1688/490
f 3560/4075/1690/492 3561/4076/1690/492 3562/4077/1690/492 3563/4078/1690/492
usemtl sea_simi_1
s off
f 79/69/18/18 80/70/19/18 81/71/20/18 82/72/18/18
f 80/70/19/18 83/73/21/18 84/74/21/18 81/71/20/18
usemtl Rock_Climb_3
s off
f 994/1103/422/199 995/1104/423/199 996/1105/423/199 997/1106/422/199
f 1000/1111/425/200 1001/1112/426/200 1002/1113/426/200 1003/1114/425/200
f 1006/1119/428/201 1007/1120/429/201 1008/1121/429/201 1009/1122/428/201
f 1012/1127/431/202 1013/1128/432/202 1014/1129/432/202 1015/1130/431/202
f 1018/1135/434/203 1019/1136/435/203 1020/1137/435/203 1021/1138/434/203
