mtllib Barrier-Reef_07_05.mtl
o map
v -15.0 -3.125 -4.500001
v -11.0 -3.125 -4.500001
v -11.0 -2.125 -4.500001
v -15.0 -2.125 -4.500001
v -15.0 -3.125 -4.625001
v -11.0 -3.125 -4.625001
v -11.0 -2.125 -4.625001
v -15.0 -2.125 -4.625001
v -15.0 -3.125 -4.875001
v -11.0 -3.125 -4.875001
v -11.0 -2.125 -4.875001
v -15.0 -2.125 -4.875001
v -14.0 -13.125 -4.500001
v -10.0 -13.125 -4.500001
v -10.0 -12.125 -4.500001
v -14.0 -12.125 -4.500001
v -14.0 -13.125 -4.625001
v -10.0 -13.125 -4.625001
v -10.0 -12.125 -4.625001
v -14.0 -12.125 -4.625001
v -14.0 -13.125 -4.875001
v -10.0 -13.125 -4.875001
v -10.0 -12.125 -4.875001
v -14.0 -12.125 -4.875001
v -14.0 -2.125 -4.500001
v -11.0 -2.125 -4.500001
v -11.0 -1.125 -4.500001
v -14.0 -1.125 -4.500001
v -14.0 -2.125 -4.625001
v -11.0 -2.125 -4.625001
v -11.0 -1.125 -4.625001
v -14.0 -1.125 -4.625001
v -14.0 -2.125 -4.875001
v -11.0 -2.125 -4.875001
v -11.0 -1.125 -4.875001
v -14.0 -1.125 -4.875001
v -12.5 3.391602 -4.1445312
v -11.660156 3.681641 -4.1445312
v -12.027344 3.986328 -2.986328
v -12.5 3.823242 -2.986327
v -11.311523 4.3789062 -4.1445312
v -11.5546875 3.59375 -4.936523
v -11.162109 4.3789062 -4.936523
v -13.339844 5.095703 -4.1445312
v -13.4453125 5.095703 -4.936523
v -13.837891 4.3789062 -4.936523
v -13.688477 4.3789062 -4.1445312
v -13.4453125 3.59375 -4.936523
v -12.5 3.267578 -4.936523
v -13.339844 3.681641 -4.1445312
v -11.831055 4.3789062 -2.986328
v -12.972656 3.986328 -2.986328
v -12.027344 4.772461 -2.986328
v -11.5546875 5.165039 -4.936523
v -12.5 5.454101 -4.936523
v -12.928711 4.737305 -3.7001948
v -12.5 4.3789062 -2.460937
v -11.106205 5.114864 -4.8125
v -12.5 4.310267 -4.812499
v -10.890807 4.310267 -4.812499
v -11.106205 3.505671 -4.812498
v -11.695404 2.91731 -4.812498
v -12.5 2.701075 -4.812498
v -13.304596 2.91731 -4.812498
v -13.893795 3.505671 -4.812498
v -14.109193 4.310267 -4.812499
v -13.893795 5.114864 -4.8125
v -13.304596 5.704064 -4.8125
v -12.5 5.9194613 -4.8125
v -11.695404 5.704064 -4.8125
v -14.0 12.875 -4.500001
v -11.0 12.875 -4.500001
v -11.0 13.875 -4.500001
v -14.0 13.875 -4.500001
v -14.0 12.875 -4.625001
v -11.0 12.875 -4.625001
v -11.0 13.875 -4.625001
v -14.0 13.875 -4.625001
v -14.0 12.875 -4.875001
v -11.0 12.875 -4.875001
v -11.0 13.875 -4.875001
v -14.0 13.875 -4.875001
v -13.0 -12.125 -4.500001
v -10.0 -12.125 -4.500001
v -10.0 -11.125 -4.500001
v -13.0 -11.125 -4.500001
v -13.0 -12.125 -4.625001
v -10.0 -12.125 -4.625001
v -10.0 -11.125 -4.625001
v -13.0 -11.125 -4.625001
v -13.0 -12.125 -4.875001
v -10.0 -12.125 -4.875001
v -10.0 -11.125 -4.875001
v -13.0 -11.125 -4.875001
v -13.0 -11.125 -4.500001
v -11.0 -11.125 -4.500001
v -11.0 -10.125 -4.500001
v -13.0 -10.125 -4.500001
v -13.0 -11.125 -4.625001
v -11.0 -11.125 -4.625001
v -11.0 -10.125 -4.625001
v -13.0 -10.125 -4.625001
v -13.0 -11.125 -4.875001
v -11.0 -11.125 -4.875001
v -11.0 -10.125 -4.875001
v -13.0 -10.125 -4.875001
v -13.0 -5.125 -4.500001
v -12.0 -5.125 -4.500001
v -12.0 -3.125 -4.500001
v -13.0 -3.125 -4.500001
v -13.0 -5.125 -4.625001
v -12.0 -5.125 -4.625001
v -12.0 -3.125 -4.625001
v -13.0 -3.125 -4.625001
v -13.0 -5.125 -4.875001
v -12.0 -5.125 -4.875001
v -12.0 -3.125 -4.875001
v -13.0 -3.125 -4.875001
v -13.0 -1.125 -4.500001
v -12.0 -1.125 -4.500001
v -12.0 -0.125 -4.500001
v -13.0 -0.125 -4.500001
v -13.0 -1.125 -4.625001
v -12.0 -1.125 -4.625001
v -12.0 -0.125 -4.625001
v -13.0 -0.125 -4.625001
v -13.0 -1.125 -4.875001
v -12.0 -1.125 -4.875001
v -12.0 -0.125 -4.875001
v -13.0 -0.125 -4.875001
v -13.0 10.875 -4.500001
v -9.0 10.875 -4.500001
v -9.0 11.875 -4.500001
v -13.0 11.875 -4.500001
v -13.0 10.875 -4.625001
v -9.0 10.875 -4.625001
v -9.0 11.875 -4.625001
v -13.0 11.875 -4.625001
v -13.0 10.875 -4.875001
v -9.0 10.875 -4.875001
v -9.0 11.875 -4.875001
v -13.0 11.875 -4.875001
v -13.0 11.875 -4.500001
v -10.0 11.875 -4.500001
v -10.0 12.875 -4.500001
v -13.0 12.875 -4.500001
v -13.0 11.875 -4.625001
v -10.0 11.875 -4.625001
v -10.0 12.875 -4.625001
v -13.0 12.875 -4.625001
v -13.0 11.875 -4.875001
v -10.0 11.875 -4.875001
v -10.0 12.875 -4.875001
v -13.0 12.875 -4.875001
v -13.0 13.875 -4.500001
v -12.0 13.875 -4.500001
v -12.0 14.875 -4.500001
v -13.0 14.875 -4.500001
v -13.0 13.875 -4.625001
v -12.0 13.875 -4.625001
v -12.0 14.875 -4.625001
v -13.0 14.875 -4.625001
v -13.0 13.875 -4.875001
v -12.0 13.875 -4.875001
v -12.0 14.875 -4.875001
v -13.0 14.875 -4.875001
v -12.0 -15.125 -4.500001
v -11.0 -15.125 -4.500001
v -11.0 -13.125 -4.500001
v -12.0 -13.125 -4.500001
v -12.0 -15.125 -4.625001
v -11.0 -15.125 -4.625001
v -11.0 -13.125 -4.625001
v -12.0 -13.125 -4.625001
v -12.0 -15.125 -4.875001
v -11.0 -15.125 -4.875001
v -11.0 -13.125 -4.875001
v -12.0 -13.125 -4.875001
v -12.0 8.875 -4.500001
v -8.0 8.875 -4.500001
v -8.0 10.875 -4.500001
v -12.0 10.875 -4.500001
v -12.0 8.875 -4.625001
v -8.0 8.875 -4.625001
v -8.0 10.875 -4.625001
v -12.0 10.875 -4.625001
v -12.0 8.875 -4.875001
v -8.0 8.875 -4.875001
v -8.0 10.875 -4.875001
v -12.0 10.875 -4.875001
v -10.0 7.875 -4.500001
v -9.0 7.875 -4.500001
v -9.0 8.875 -4.500001
v -10.0 8.875 -4.500001
v -10.0 7.875 -4.625001
v -9.0 7.875 -4.625001
v -9.0 8.875 -4.625001
v -10.0 8.875 -4.625001
v -10.0 7.875 -4.875001
v -9.0 7.875 -4.875001
v -9.0 8.875 -4.875001
v -10.0 8.875 -4.875001
v -8.0 -3.125 -5.500001
v -7.0 -3.125 -5.500001
v -7.0 -0.125 -5.500001
v -8.0 -0.125 -5.500001
v -8.0 -3.125 -5.625001
v -7.0 -3.125 -5.625001
v -7.0 -0.125 -5.625001
v -8.0 -0.125 -5.625001
v -8.0 -3.125 -5.875001
v -7.0 -3.125 -5.875001
v -7.0 -0.125 -5.875001
v -8.0 -0.125 -5.875001
v -7.0 -2.125 -5.500001
v -6.0 -2.125 -5.500001
v -6.0 3.875 -5.500001
v -7.0 3.875 -5.500001
v -7.0 -2.125 -5.625001
v -6.0 -2.125 -5.625001
v -6.0 3.875 -5.625001
v -7.0 3.875 -5.625001
v -7.0 -2.125 -5.875001
v -6.0 -2.125 -5.875001
v -6.0 3.875 -5.875001
v -7.0 3.875 -5.875001
v -5.608398 -12.5 -5.1445312
v -5.318359 -13.339844 -5.1445312
v -5.013672 -12.972656 -3.986328
v -5.176758 -12.5 -3.986327
v -4.6210938 -13.688477 -5.1445312
v -5.40625 -13.4453125 -5.936523
v -4.6210938 -13.837891 -5.936523
v -3.9042969 -11.660156 -5.1445312
v -3.9042969 -11.5546875 -5.936523
v -4.6210938 -11.162109 -5.936523
v -4.6210938 -11.311523 -5.1445312
v -5.40625 -11.5546875 -5.936523
v -5.732422 -12.5 -5.936523
v -5.318359 -11.660156 -5.1445312
v -4.6210938 -13.168945 -3.986328
v -5.013672 -12.027344 -3.986328
v -4.227539 -12.972656 -3.986328
v -3.834961 -13.4453125 -5.936523
v -3.545899 -12.5 -5.936523
v -4.262695 -12.071289 -4.700195
v -4.6210938 -12.5 -3.460937
v -3.8851361 -13.893795 -5.8125
v -4.689733 -12.5 -5.812499
v -4.689733 -14.109193 -5.812499
v -5.494329 -13.893795 -5.812498
v -6.0826902 -13.304596 -5.812498
v -6.298925 -12.5 -5.812498
v -6.0826902 -11.695404 -5.812498
v -5.494329 -11.106205 -5.812498
v -4.689733 -10.890807 -5.812499
v -3.8851361 -11.106205 -5.8125
v -3.295936 -11.695404 -5.8125
v -3.080539 -12.5 -5.8125
v -3.295936 -13.304596 -5.8125
v -6.0 -7.125 -5.500001
v -3.0 -7.125 -5.500001
v -3.0 -6.125 -5.500001
v -6.0 -6.125 -5.500001
v -6.0 -7.125 -5.625001
v -3.0 -7.125 -5.625001
v -3.0 -6.125 -5.625001
v -6.0 -6.125 -5.625001
v -6.0 -7.125 -5.875001
v -3.0 -7.125 -5.875001
v -3.0 -6.125 -5.875001
v -6.0 -6.125 -5.875001
v -6.0 -0.125 -5.500001
v -5.0 -0.125 -5.500001
v -5.0 2.875 -5.500001
v -6.0 2.875 -5.500001
v -6.0 -0.125 -5.625001
v -5.0 -0.125 -5.625001
v -5.0 2.875 -5.625001
v -6.0 2.875 -5.625001
v -6.0 -0.125 -5.875001
v -5.0 -0.125 -5.875001
v -5.0 2.875 -5.875001
v -6.0 2.875 -5.875001
v -5.0 -8.125 -5.500001
v -3.0 -8.125 -5.500001
v -3.0 -7.125 -5.500001
v -5.0 -7.125 -5.500001
v -5.0 -8.125 -5.625001
v -3.0 -8.125 -5.625001
v -3.0 -7.125 -5.625001
v -5.0 -7.125 -5.625001
v -5.0 -8.125 -5.875001
v -3.0 -8.125 -5.875001
v -3.0 -7.125 -5.875001
v -5.0 -7.125 -5.875001
v -5.0 -6.125 -5.500001
v -2.0 -6.125 -5.500001
v -2.0 -5.125 -5.500001
v -5.0 -5.125 -5.500001
v -5.0 -6.125 -5.625001
v -2.0 -6.125 -5.625001
v -2.0 -5.125 -5.625001
v -5.0 -5.125 -5.625001
v -5.0 -6.125 -5.875001
v -2.0 -6.125 -5.875001
v -2.0 -5.125 -5.875001
v -5.0 -5.125 -5.875001
v -5.0 -5.125 -5.500001
v -3.0 -5.125 -5.500001
v -3.0 -4.125 -5.500001
v -5.0 -4.125 -5.500001
v -5.0 -5.125 -5.625001
v -3.0 -5.125 -5.625001
v -3.0 -4.125 -5.625001
v -5.0 -4.125 -5.625001
v -5.0 -5.125 -5.875001
v -3.0 -5.125 -5.875001
v -3.0 -4.125 -5.875001
v -5.0 -4.125 -5.875001
v -2.0 7.875 -5.500001
v 2.0 7.875 -5.500001
v 2.0 8.875 -5.500001
v -2.0 8.875 -5.500001
v -2.0 7.875 -5.625001
v 2.0 7.875 -5.625001
v 2.0 8.875 -5.625001
v -2.0 8.875 -5.625001
v -2.0 7.875 -5.875001
v 2.0 7.875 -5.875001
v 2.0 8.875 -5.875001
v -2.0 8.875 -5.875001
v -2.0 8.875 -5.500001
v 1.0 8.875 -5.500001
v 1.0 9.875 -5.500001
v -2.0 9.875 -5.500001
v -2.0 8.875 -5.625001
v 1.0 8.875 -5.625001
v 1.0 9.875 -5.625001
v -2.0 9.875 -5.625001
v -2.0 8.875 -5.875001
v 1.0 8.875 -5.875001
v 1.0 9.875 -5.875001
v -2.0 9.875 -5.875001
v -1.0 -16.125 -5.500001
v 3.0 -16.125 -5.500001
v 3.0 -15.125 -5.500001
v -1.0 -15.125 -5.500001
v -1.0 -16.125 -5.625001
v 3.0 -16.125 -5.625001
v 3.0 -15.125 -5.625001
v -1.0 -15.125 -5.625001
v -1.0 -16.125 -5.875001
v 3.0 -16.125 -5.875001
v 3.0 -15.125 -5.875001
v -1.0 -15.125 -5.875001
v -1.0 -10.125 -5.500001
v 1.0 -10.125 -5.500001
v 1.0 -7.125 -5.500001
v -1.0 -7.125 -5.500001
v -1.0 -10.125 -5.625001
v 1.0 -10.125 -5.625001
v 1.0 -7.125 -5.625001
v -1.0 -7.125 -5.625001
v -1.0 -10.125 -5.875001
v 1.0 -10.125 -5.875001
v 1.0 -7.125 -5.875001
v -1.0 -7.125 -5.875001
v -1.0 5.875 -5.500001
v 2.0 5.875 -5.500001
v 2.0 7.875 -5.500001
v -1.0 7.875 -5.500001
v -1.0 5.875 -5.625001
v 2.0 5.875 -5.625001
v 2.0 7.875 -5.625001
v -1.0 7.875 -5.625001
v -1.0 5.875 -5.875001
v 2.0 5.875 -5.875001
v 2.0 7.875 -5.875001
v -1.0 7.875 -5.875001
v 0.0 -15.125 -5.500001
v 2.0 -15.125 -5.500001
v 2.0 -14.125 -5.500001
v 0.0 -14.125 -5.500001
v 0.0 -15.125 -5.625001
v 2.0 -15.125 -5.625001
v 2.0 -14.125 -5.625001
v 0.0 -14.125 -5.625001
v 0.0 -15.125 -5.875001
v 2.0 -15.125 -5.875001
v 2.0 -14.125 -5.875001
v 0.0 -14.125 -5.875001
v 0.0 -11.125 -5.500001
v 1.0 -11.125 -5.500001
v 1.0 -10.125 -5.500001
v 0.0 -10.125 -5.500001
v 0.0 -11.125 -5.625001
v 1.0 -11.125 -5.625001
v 1.0 -10.125 -5.625001
v 0.0 -10.125 -5.625001
v 0.0 -11.125 -5.875001
v 1.0 -11.125 -5.875001
v 1.0 -10.125 -5.875001
v 0.0 -10.125 -5.875001
v 0.0 4.875 -5.500001
v 1.0 4.875 -5.500001
v 1.0 5.875 -5.500001
v 0.0 5.875 -5.500001
v 0.0 4.875 -5.625001
v 1.0 4.875 -5.625001
v 1.0 5.875 -5.625001
v 0.0 5.875 -5.625001
v 0.0 4.875 -5.875001
v 1.0 4.875 -5.875001
v 1.0 5.875 -5.875001
v 0.0 5.875 -5.875001
v 1.0 -14.125 -5.500001
v 2.0 -14.125 -5.500001
v 2.0 -13.125 -5.500001
v 1.0 -13.125 -5.500001
v 1.0 -14.125 -5.625001
v 2.0 -14.125 -5.625001
v 2.0 -13.125 -5.625001
v 1.0 -13.125 -5.625001
v 1.0 -14.125 -5.875001
v 2.0 -14.125 -5.875001
v 2.0 -13.125 -5.875001
v 1.0 -13.125 -5.875001
v 2.0 -3.125 -6.500001
v 3.0 -3.125 -6.500001
v 3.0 -0.125 -6.500001
v 2.0 -0.125 -6.500001
v 2.0 -3.125 -6.625001
v 3.0 -3.125 -6.625001
v 3.0 -0.125 -6.625001
v 2.0 -0.125 -6.625001
v 2.0 -3.125 -6.875001
v 3.0 -3.125 -6.875001
v 3.0 -0.125 -6.875001
v 2.0 -0.125 -6.875001
v 2.0 6.875 -5.500001
v 3.0 6.875 -5.500001
v 3.0 7.875 -5.500001
v 2.0 7.875 -5.500001
v 2.0 6.875 -5.625001
v 3.0 6.875 -5.625001
v 3.0 7.875 -5.625001
v 2.0 7.875 -5.625001
v 2.0 6.875 -5.875001
v 3.0 6.875 -5.875001
v 3.0 7.875 -5.875001
v 2.0 7.875 -5.875001
v 3.0 -2.125 -6.500001
v 4.0 -2.125 -6.500001
v 4.0 -0.125 -6.500001
v 3.0 -0.125 -6.500001
v 3.0 -2.125 -6.625001
v 4.0 -2.125 -6.625001
v 4.0 -0.125 -6.625001
v 3.0 -0.125 -6.625001
v 3.0 -2.125 -6.875001
v 4.0 -2.125 -6.875001
v 4.0 -0.125 -6.875001
v 3.0 -0.125 -6.875001
v 4.0 -1.125 -6.500001
v 5.0 -1.125 -6.500001
v 5.0 0.875 -6.500001
v 4.0 0.875 -6.500001
v 4.0 -1.125 -6.625001
v 5.0 -1.125 -6.625001
v 5.0 0.875 -6.625001
v 4.0 0.875 -6.625001
v 4.0 -1.125 -6.875001
v 5.0 -1.125 -6.875001
v 5.0 0.875 -6.875001
v 4.0 0.875 -6.875001
v 4.0 9.875 -5.500001
v 9.0 9.875 -5.500001
v 9.0 10.875 -5.500001
v 4.0 10.875 -5.500001
v 4.0 9.875 -5.625001
v 9.0 9.875 -5.625001
v 9.0 10.875 -5.625001
v 4.0 10.875 -5.625001
v 4.0 9.875 -5.875001
v 9.0 9.875 -5.875001
v 9.0 10.875 -5.875001
v 4.0 10.875 -5.875001
v 6.5 -8.608398 -6.1445312
v 7.3398438 -8.318359 -6.1445312
v 6.9726562 -8.013672 -4.986328
v 6.5 -8.176758 -4.986327
v 7.688477 -7.6210938 -6.1445312
v 7.445312 -8.40625 -6.936523
v 7.837891 -7.6210938 -6.936523
v 5.6601562 -6.904297 -6.1445312
v 5.554688 -6.904297 -6.936523
v 5.162109 -7.6210938 -6.936523
v 5.311523 -7.6210938 -6.1445312
v 5.554688 -8.40625 -6.936523
v 6.5 -8.732422 -6.936523
v 5.6601562 -8.318359 -6.1445312
v 7.1689453 -7.6210938 -4.986328
v 6.0273438 -8.013672 -4.986328
v 6.9726562 -7.227539 -4.986328
v 7.445312 -6.834961 -6.936523
v 6.5 -6.545899 -6.936523
v 6.071289 -7.262695 -5.700195
v 6.5 -7.6210938 -4.460937
v 7.893795 -6.885136 -6.8125
v 6.5 -7.689733 -6.812499
v 8.109193 -7.689733 -6.812499
v 7.893795 -8.494329 -6.812498
v 7.304596 -9.08269 -6.812498
v 6.5 -9.298925 -6.812498
v 5.695404 -9.08269 -6.812498
v 5.106205 -8.494329 -6.812498
v 4.890807 -7.689733 -6.812499
v 5.106205 -6.885136 -6.8125
v 5.695404 -6.295936 -6.8125
v 6.5 -6.0805387 -6.8125
v 7.304596 -6.295936 -6.8125
v 6.0 -13.125 -6.500001
v 9.0 -13.125 -6.500001
v 9.0 -12.125 -6.500001
v 6.0 -12.125 -6.500001
v 6.0 -13.125 -6.625001
v 9.0 -13.125 -6.625001
v 9.0 -12.125 -6.625001
v 6.0 -12.125 -6.625001
v 6.0 -13.125 -6.875001
v 9.0 -13.125 -6.875001
v 9.0 -12.125 -6.875001
v 6.0 -12.125 -6.875001
v 7.0 -12.125 -6.500001
v 11.0 -12.125 -6.500001
v 11.0 -11.125 -6.500001
v 7.0 -11.125 -6.500001
v 7.0 -12.125 -6.625001
v 11.0 -12.125 -6.625001
v 11.0 -11.125 -6.625001
v 7.0 -11.125 -6.625001
v 7.0 -12.125 -6.875001
v 11.0 -12.125 -6.875001
v 11.0 -11.125 -6.875001
v 7.0 -11.125 -6.875001
v 7.0 8.875 -5.500001
v 12.0 8.875 -5.500001
v 12.0 9.875 -5.500001
v 7.0 9.875 -5.500001
v 7.0 8.875 -5.625001
v 12.0 8.875 -5.625001
v 12.0 9.875 -5.625001
v 7.0 9.875 -5.625001
v 7.0 8.875 -5.875001
v 12.0 8.875 -5.875001
v 12.0 9.875 -5.875001
v 7.0 9.875 -5.875001
v 8.0 -11.125 -6.500001
v 11.0 -11.125 -6.500001
v 11.0 -10.125 -6.500001
v 8.0 -10.125 -6.500001
v 8.0 -11.125 -6.625001
v 11.0 -11.125 -6.625001
v 11.0 -10.125 -6.625001
v 8.0 -10.125 -6.625001
v 8.0 -11.125 -6.875001
v 11.0 -11.125 -6.875001
v 11.0 -10.125 -6.875001
v 8.0 -10.125 -6.875001
v 8.0 -4.125 -6.500001
v 13.0 -4.125 -6.500001
v 13.0 -3.125 -6.500001
v 8.0 -3.125 -6.500001
v 8.0 -4.125 -6.625001
v 13.0 -4.125 -6.625001
v 13.0 -3.125 -6.625001
v 8.0 -3.125 -6.625001
v 8.0 -4.125 -6.875001
v 13.0 -4.125 -6.875001
v 13.0 -3.125 -6.875001
v 8.0 -3.125 -6.875001
v 8.0 7.875 -5.500001
v 11.0 7.875 -5.500001
v 11.0 8.875 -5.500001
v 8.0 8.875 -5.500001
v 8.0 7.875 -5.625001
v 11.0 7.875 -5.625001
v 11.0 8.875 -5.625001
v 8.0 8.875 -5.625001
v 8.0 7.875 -5.875001
v 11.0 7.875 -5.875001
v 11.0 8.875 -5.875001
v 8.0 8.875 -5.875001
v 8.0 11.875 -4.500001
v 13.0 11.875 -4.500001
v 13.0 12.875 -4.500001
v 8.0 12.875 -4.500001
v 8.0 11.875 -4.625001
v 13.0 11.875 -4.625001
v 13.0 12.875 -4.625001
v 8.0 12.875 -4.625001
v 8.0 11.875 -4.875001
v 13.0 11.875 -4.875001
v 13.0 12.875 -4.875001
v 8.0 12.875 -4.875001
v 9.0 -5.125 -6.500001
v 11.0 -5.125 -6.500001
v 11.0 -4.125 -6.500001
v 9.0 -4.125 -6.500001
v 9.0 -5.125 -6.625001
v 11.0 -5.125 -6.625001
v 11.0 -4.125 -6.625001
v 9.0 -4.125 -6.625001
v 9.0 -5.125 -6.875001
v 11.0 -5.125 -6.875001
v 11.0 -4.125 -6.875001
v 9.0 -4.125 -6.875001
v 9.0 -3.125 -6.500001
v 13.0 -3.125 -6.500001
v 13.0 -2.125 -6.500001
v 9.0 -2.125 -6.500001
v 9.0 -3.125 -6.625001
v 13.0 -3.125 -6.625001
v 13.0 -2.125 -6.625001
v 9.0 -2.125 -6.625001
v 9.0 -3.125 -6.875001
v 13.0 -3.125 -6.875001
v 13.0 -2.125 -6.875001
v 9.0 -2.125 -6.875001
v 9.0 -2.125 -6.500001
v 10.0 -2.125 -6.500001
v 10.0 -1.125 -6.500001
v 9.0 -1.125 -6.500001
v 9.0 -2.125 -6.625001
v 10.0 -2.125 -6.625001
v 10.0 -1.125 -6.625001
v 9.0 -1.125 -6.625001
v 9.0 -2.125 -6.875001
v 10.0 -2.125 -6.875001
v 10.0 -1.125 -6.875001
v 9.0 -1.125 -6.875001
v 9.0 12.875 -4.500001
v 14.0 12.875 -4.500001
v 14.0 13.875 -4.500001
v 9.0 13.875 -4.500001
v 9.0 12.875 -4.625001
v 14.0 12.875 -4.625001
v 14.0 13.875 -4.625001
v 9.0 13.875 -4.625001
v 9.0 12.875 -4.875001
v 14.0 12.875 -4.875001
v 14.0 13.875 -4.875001
v 9.0 13.875 -4.875001
v 10.0 -10.125 -6.500001
v 11.0 -10.125 -6.500001
v 11.0 -9.125 -6.500001
v 10.0 -9.125 -6.500001
v 10.0 -10.125 -6.625001
v 11.0 -10.125 -6.625001
v 11.0 -9.125 -6.625001
v 10.0 -9.125 -6.625001
v 10.0 -10.125 -6.875001
v 11.0 -10.125 -6.875001
v 11.0 -9.125 -6.875001
v 10.0 -9.125 -6.875001
v 10.0 10.875 -4.500001
v 12.0 10.875 -4.500001
v 12.0 11.875 -4.500001
v 10.0 11.875 -4.500001
v 10.0 10.875 -4.625001
v 12.0 10.875 -4.625001
v 12.0 11.875 -4.625001
v 10.0 11.875 -4.625001
v 10.0 10.875 -4.875001
v 12.0 10.875 -4.875001
v 12.0 11.875 -4.875001
v 10.0 11.875 -4.875001
v 11.0 13.875 -4.500001
v 15.0 13.875 -4.500001
v 15.0 14.875 -4.500001
v 11.0 14.875 -4.500001
v 11.0 13.875 -4.625001
v 15.0 13.875 -4.625001
v 15.0 14.875 -4.625001
v 11.0 14.875 -4.625001
v 11.0 13.875 -4.875001
v 15.0 13.875 -4.875001
v 15.0 14.875 -4.875001
v 11.0 14.875 -4.875001
v 12.391602 5.5 -5.1445312
v 12.681641 4.6601562 -5.1445312
v 12.986328 5.0273438 -3.986328
v 12.823242 5.5 -3.986327
v 13.378906 4.311523 -5.1445312
v 12.59375 4.554688 -5.936523
v 13.378906 4.162109 -5.936523
v 14.095703 6.3398438 -5.1445312
v 14.095703 6.445312 -5.936523
v 13.378906 6.837891 -5.936523
v 13.378906 6.688477 -5.1445312
v 12.59375 6.445312 -5.936523
v 12.267578 5.5 -5.936523
v 12.681641 6.3398438 -5.1445312
v 13.378906 4.831055 -3.986328
v 12.986328 5.9726562 -3.986328
v 13.772461 5.0273438 -3.986328
v 14.165039 4.554688 -5.936523
v 14.454102 5.5 -5.936523
v 13.737305 5.928711 -4.700195
v 13.378906 5.5 -3.460937
v 14.114864 4.106205 -5.8125
v 13.3102665 5.5 -5.812499
v 13.3102665 3.8908072 -5.812499
v 12.505671 4.106205 -5.812498
v 11.91731 4.695404 -5.812498
v 11.701075 5.5 -5.812498
v 11.91731 6.304596 -5.812498
v 12.505671 6.893795 -5.812498
v 13.3102665 7.109193 -5.812499
v 14.114864 6.893795 -5.8125
v 14.704063 6.304596 -5.8125
v 14.919461 5.5 -5.8125
v 14.704063 4.695404 -5.8125
v 12.0 14.875 -4.500001
v 14.0 14.875 -4.500001
v 14.0 15.875 -4.500001
v 12.0 15.875 -4.500001
v 12.0 14.875 -4.625001
v 14.0 14.875 -4.625001
v 14.0 15.875 -4.625001
v 12.0 15.875 -4.625001
v 12.0 14.875 -4.875001
v 14.0 14.875 -4.875001
v 14.0 15.875 -4.875001
v 12.0 15.875 -4.875001
v 13.0 -11.125 -5.500001
v 14.0 -11.125 -5.500001
v 14.0 -10.125 -5.500001
v 13.0 -10.125 -5.500001
v 13.0 -11.125 -5.625001
v 14.0 -11.125 -5.625001
v 14.0 -10.125 -5.625001
v 13.0 -10.125 -5.625001
v 13.0 -11.125 -5.875001
v 14.0 -11.125 -5.875001
v 14.0 -10.125 -5.875001
v 13.0 -10.125 -5.875001
v 13.0 -9.125 -5.500001
v 15.0 -9.125 -5.500001
v 15.0 -6.125 -5.500001
v 13.0 -6.125 -5.500001
v 13.0 -9.125 -5.625001
v 15.0 -9.125 -5.625001
v 15.0 -6.125 -5.625001
v 13.0 -6.125 -5.625001
v 13.0 -9.125 -5.875001
v 15.0 -9.125 -5.875001
v 15.0 -6.125 -5.875001
v 13.0 -6.125 -5.875001
v 13.0 0.875 -5.500001
v 16.0 0.875 -5.500001
v 16.0 2.875 -5.500001
v 13.0 2.875 -5.500001
v 13.0 0.875 -5.625001
v 16.0 0.875 -5.625001
v 16.0 2.875 -5.625001
v 13.0 2.875 -5.625001
v 13.0 0.875 -5.875001
v 16.0 0.875 -5.875001
v 16.0 2.875 -5.875001
v 13.0 2.875 -5.875001
v 14.391602 -14.5 -5.1445312
v 14.681641 -15.339844 -5.1445312
v 14.986328 -14.972656 -3.986328
v 14.823242 -14.5 -3.986327
v 15.378906 -15.688477 -5.1445312
v 14.59375 -15.4453125 -5.936523
v 15.378906 -15.837891 -5.936523
v 16.095703 -13.660156 -5.1445312
v 16.095703 -13.5546875 -5.936523
v 15.378906 -13.162109 -5.936523
v 15.378906 -13.311523 -5.1445312
v 14.59375 -13.5546875 -5.936523
v 14.267578 -14.5 -5.936523
v 14.681641 -13.660156 -5.1445312
v 15.378906 -15.168945 -3.986328
v 14.986328 -14.027344 -3.986328
v 15.772461 -14.972656 -3.986328
v 16.16504 -15.4453125 -5.936523
v 16.454102 -14.5 -5.936523
v 15.737305 -14.071289 -4.700195
v 15.378906 -14.5 -3.460937
v 16.114864 -15.893795 -5.8125
v 15.3102665 -14.5 -5.812499
v 15.3102665 -16.109194 -5.812499
v 14.505671 -15.893795 -5.812498
v 13.91731 -15.304596 -5.812498
v 13.701075 -14.5 -5.812498
v 13.91731 -13.695404 -5.812498
v 14.505671 -13.106205 -5.812498
v 15.3102665 -12.890807 -5.812499
v 16.114864 -13.106205 -5.8125
v 16.704063 -13.695404 -5.8125
v 16.91946 -14.5 -5.8125
v 16.704063 -15.304596 -5.8125
v 14.0 -10.125 -5.500001
v 15.0 -10.125 -5.500001
v 15.0 -9.125 -5.500001
v 14.0 -9.125 -5.500001
v 14.0 -10.125 -5.625001
v 15.0 -10.125 -5.625001
v 15.0 -9.125 -5.625001
v 14.0 -9.125 -5.625001
v 14.0 -10.125 -5.875001
v 15.0 -10.125 -5.875001
v 15.0 -9.125 -5.875001
v 14.0 -9.125 -5.875001
v 14.0 -6.125 -5.500001
v 15.0 -6.125 -5.500001
v 15.0 -5.125 -5.500001
v 14.0 -5.125 -5.500001
v 14.0 -6.125 -5.625001
v 15.0 -6.125 -5.625001
v 15.0 -5.125 -5.625001
v 14.0 -5.125 -5.625001
v 14.0 -6.125 -5.875001
v 15.0 -6.125 -5.875001
v 15.0 -5.125 -5.875001
v 14.0 -5.125 -5.875001
v 14.0 -0.125 -5.500001
v 15.0 -0.125 -5.500001
v 15.0 0.875 -5.500001
v 14.0 0.875 -5.500001
v 14.0 -0.125 -5.625001
v 15.0 -0.125 -5.625001
v 15.0 0.875 -5.625001
v 14.0 0.875 -5.625001
v 14.0 -0.125 -5.875001
v 15.0 -0.125 -5.875001
v 15.0 0.875 -5.875001
v 14.0 0.875 -5.875001
v 15.0 -9.125 -5.500001
v 16.0 -9.125 -5.500001
v 16.0 -7.125 -5.500001
v 15.0 -7.125 -5.500001
v 15.0 -9.125 -5.625001
v 16.0 -9.125 -5.625001
v 16.0 -7.125 -5.625001
v 15.0 -7.125 -5.625001
v 15.0 -9.125 -5.875001
v 16.0 -9.125 -5.875001
v 16.0 -7.125 -5.875001
v 15.0 -7.125 -5.875001
v 15.0 2.875 -5.500001
v 16.0 2.875 -5.500001
v 16.0 3.875 -5.500001
v 15.0 3.875 -5.500001
v 15.0 2.875 -5.625001
v 16.0 2.875 -5.625001
v 16.0 3.875 -5.625001
v 15.0 3.875 -5.625001
v 15.0 2.875 -5.875001
v 16.0 2.875 -5.875001
v 16.0 3.875 -5.875001
v 15.0 3.875 -5.875001
v -10.0 -8.0 -4.999999
v -16.0 -8.0 -4.999999
v -10.0 -16.0 -4.999999
v -16.0 -16.0 -4.999999
v -10.0 0.0 -4.999999
v -16.0 0.0 -4.999999
v -10.0 -8.0 -4.999999
v -16.0 -8.0 -4.999999
v -9.0 8.0 -4.999999
v -16.0 8.0 -4.999999
v -9.0 0.0 -4.999999
v -16.0 0.0 -4.999999
v -8.0 16.0 -4.999999
v -16.0 16.0 -4.999999
v -8.0 8.0 -4.999999
v -16.0 8.0 -4.999999
v -9.0 -10.0 -4.999999
v -10.0 -10.0 -4.999999
v -9.0 -16.0 -4.999999
v -10.0 -16.0 -4.999999
v -9.669922 -9.669921 -5.0029287
v -9.669922 -8.999999 -5.0029287
v -10.0 -8.999999 -5.0
v -10.0 -9.999999 -5.0
v -9.0 -9.669921 -5.0029287
v -9.669922 -9.669921 -5.0029287
v -10.0 -9.999999 -5.0
v -9.0 -9.999999 -5.0
v -9.0 -9.669921 -5.0029287
v -9.0 -9.2109375 -5.901367
v -9.669922 -9.669921 -5.0029287
v -9.105469 -9.105468 -5.901367
v -9.2109375 -8.999999 -5.901367
v -9.2109375 -8.999999 -5.901367
v -9.105469 -9.105468 -5.901367
v -9.0 -8.999999 -6.0
v -9.0 -9.2109375 -5.901367
v -9.669922 -8.999999 -5.0029287
v -9.669922 -9.669921 -5.0029287
v -9.2109375 -8.999999 -5.901367
v -9.2109375 -3.0 -5.901367
v -9.669921 -3.0 -5.0029287
v -9.669921 -9.0 -5.0029287
v -9.2109375 -9.0 -5.901367
v -9.999999 -3.0 -5.0
v -9.999999 -9.0 -5.0
v -9.2109375 -3.0 -5.901367
v -9.2109375 -9.0 -5.901367
v -8.999999 -9.0 -6.0
v -8.999999 -3.0 -6.0
v -9.669921 -2.3300781 -5.0029287
v -8.999999 -2.3300781 -5.0029287
v -8.999999 -2.0 -5.0
v -9.999999 -2.0 -5.0
v -9.669921 -3.0 -5.0029287
v -9.669921 -2.3300781 -5.0029287
v -9.999999 -2.0 -5.0
v -9.999999 -3.0 -5.0
v -9.669921 -3.0 -5.0029287
v -9.2109375 -3.0 -5.901367
v -9.669921 -2.3300781 -5.0029287
v -9.105468 -2.894531 -5.901367
v -8.999999 -2.789062 -5.901367
v -8.999999 -2.789062 -5.901367
v -9.105468 -2.894531 -5.901367
v -8.999999 -3.0 -6.0
v -9.2109375 -3.0 -5.901367
v -8.999999 -2.3300781 -5.0029287
v -9.669921 -2.3300781 -5.0029287
v -8.999999 -2.789062 -5.901367
v -9.0 0.0 -4.999999
v -10.0 0.0 -4.999999
v -9.0 -2.0 -4.999999
v -10.0 -2.0 -4.999999
v -8.0 -13.0 -4.999999
v -9.0 -13.0 -4.999999
v -8.0 -16.0 -4.999999
v -9.0 -16.0 -4.999999
v -8.669922 -12.669921 -5.0029287
v -8.669922 -11.999999 -5.0029287
v -9.0 -11.999999 -5.0
v -9.0 -12.999999 -5.0
v -8.0 -12.669921 -5.0029287
v -8.669922 -12.669921 -5.0029287
v -9.0 -12.999999 -5.0
v -8.0 -12.999999 -5.0
v -8.0 -12.669921 -5.0029287
v -8.0 -12.2109375 -5.901367
v -8.669922 -12.669921 -5.0029287
v -8.105469 -12.105468 -5.901367
v -8.2109375 -11.999999 -5.901367
v -8.2109375 -11.999999 -5.901367
v -8.105469 -12.105468 -5.901367
v -8.0 -11.999999 -6.0
v -8.0 -12.2109375 -5.901367
v -8.669922 -11.999999 -5.0029287
v -8.669922 -12.669921 -5.0029287
v -8.2109375 -11.999999 -5.901367
v -8.2109375 -10.0 -5.901367
v -8.669921 -10.0 -5.0029287
v -8.669921 -12.0 -5.0029287
v -8.2109375 -12.0 -5.901367
v -8.999999 -10.0 -5.0
v -8.999999 -12.0 -5.0
v -8.2109375 -10.0 -5.901367
v -8.2109375 -12.0 -5.901367
v -7.999999 -12.0 -6.0
v -7.999999 -10.0 -6.0
v -8.0 -9.999999 -6.0
v -8.0 -8.999999 -6.0
v -8.0625 -9.374999 -6.0
v -8.3125 -9.062499 -6.0
v -9.0 -8.999999 -6.0
v -8.3125 -9.062499 -6.0
v -9.0 -8.999999 -6.0
v -9.0 -9.2109375 -5.901367
v -8.5 -9.249999 -5.901367
v -8.0 -9.999999 -6.0
v -8.0625 -9.374999 -6.0
v -8.25 -9.562499 -5.901367
v -8.2109375 -9.999999 -5.901367
v -8.2109375 -9.999999 -5.901367
v -8.25 -9.562499 -5.901367
v -8.669922 -9.999999 -5.0029287
v -8.5 -9.249999 -5.901367
v -9.0 -9.669921 -5.0029287
v -9.0 -9.2109375 -5.901367
v -9.0 -9.669921 -5.0029287
v -9.0 -9.999999 -5.0
v -8.669922 -9.999999 -5.0029287
v -1.0 -3.0 -5.999999
v -9.0 -3.0 -5.999999
v -1.0 -9.0 -5.999999
v -9.0 -9.0 -5.999999
v -8.999999 -3.0 -6.0
v -7.999999 -3.0 -6.0
v -8.374999 -2.9375 -6.0
v -8.062499 -2.6875 -6.0
v -7.999999 -2.0 -6.0
v -8.062499 -2.6875 -6.0
v -7.999999 -2.0 -6.0
v -8.2109375 -2.0 -5.901367
v -8.249999 -2.5 -5.901367
v -8.999999 -3.0 -6.0
v -8.374999 -2.9375 -6.0
v -8.562499 -2.75 -5.901367
v -8.999999 -2.789062 -5.901367
v -8.999999 -2.789062 -5.901367
v -8.562499 -2.75 -5.901367
v -8.999999 -2.3300781 -5.0029287
v -8.249999 -2.5 -5.901367
v -8.669921 -2.0 -5.0029287
v -8.2109375 -2.0 -5.901367
v -8.669921 -2.0 -5.0029287
v -8.999999 -2.0 -5.0
v -8.999999 -2.3300781 -5.0029287
v -8.2109375 0.0 -5.901367
v -8.669921 0.0 -5.0029287
v -8.669921 -2.0 -5.0029287
v -8.2109375 -2.0 -5.901367
v -8.999999 0.0 -5.0
v -8.999999 -2.0 -5.0
v -8.2109375 0.0 -5.901367
v -8.2109375 -2.0 -5.901367
v -7.999999 -2.0 -6.0
v -7.999999 0.0 -6.0
v -8.669921 0.669922 -5.0029287
v -7.999999 0.669922 -5.0029287
v -7.999999 1.0 -5.0
v -8.999999 1.0 -5.0
v -8.669921 0.0 -5.0029287
v -8.669921 0.669922 -5.0029287
v -8.999999 1.0 -5.0
v -8.999999 0.0 -5.0
v -8.669921 0.0 -5.0029287
v -8.2109375 0.0 -5.901367
v -8.669921 0.669922 -5.0029287
v -8.105468 0.10546899 -5.901367
v -7.999999 0.210938 -5.901367
v -7.999999 0.210938 -5.901367
v -8.105468 0.10546899 -5.901367
v -7.999999 0.0 -6.0
v -8.2109375 0.0 -5.901367
v -7.999999 0.669922 -5.0029287
v -8.669921 0.669922 -5.0029287
v -7.999999 0.210938 -5.901367
v -8.0 8.0 -4.999999
v -9.0 8.0 -4.999999
v -8.0 1.0 -4.999999
v -9.0 1.0 -4.999999
v -7.210937 -13.0 -5.901367
v -7.669921 -13.0 -5.0029287
v -7.669921 -16.0 -5.0029287
v -7.210937 -16.0 -5.901367
v -7.999999 -13.0 -5.0
v -7.999999 -16.0 -5.0
v -7.210937 -13.0 -5.901367
v -7.210937 -16.0 -5.901367
v -6.999999 -16.0 -6.0
v -6.999999 -13.0 -6.0
v -7.0 -12.999999 -6.0
v -7.0 -11.999999 -6.0
v -7.0625 -12.374999 -6.0
v -7.3125 -12.062499 -6.0
v -8.0 -11.999999 -6.0
v -7.3125 -12.062499 -6.0
v -8.0 -11.999999 -6.0
v -8.0 -12.2109375 -5.901367
v -7.5 -12.249999 -5.901367
v -7.0 -12.999999 -6.0
v -7.0625 -12.374999 -6.0
v -7.25 -12.562499 -5.901367
v -7.210938 -12.999999 -5.901367
v -7.210938 -12.999999 -5.901367
v -7.25 -12.562499 -5.901367
v -7.669922 -12.999999 -5.0029287
v -7.5 -12.249999 -5.901367
v -8.0 -12.669921 -5.0029287
v -8.0 -12.2109375 -5.901367
v -8.0 -12.669921 -5.0029287
v -8.0 -12.999999 -5.0
v -7.669922 -12.999999 -5.0029287
v 0.0 -9.0 -5.999999
v -8.0 -9.0 -5.999999
v 0.0 -12.0 -5.999999
v -8.0 -12.0 -5.999999
v 0.0 0.0 -5.999999
v -8.0 0.0 -5.999999
v 0.0 -3.0 -5.999999
v -8.0 -3.0 -5.999999
v -7.999999 0.0 -6.0
v -6.999999 0.0 -6.0
v -7.374999 0.0625 -6.0
v -7.062499 0.3125 -6.0
v -6.999999 1.0 -6.0
v -7.062499 0.3125 -6.0
v -6.999999 1.0 -6.0
v -7.210937 1.0 -5.901367
v -7.249999 0.5 -5.901367
v -7.999999 0.0 -6.0
v -7.374999 0.0625 -6.0
v -7.562499 0.25 -5.901367
v -7.999999 0.21093798 -5.901367
v -7.999999 0.21093798 -5.901367
v -7.562499 0.25 -5.901367
v -7.999999 0.669922 -5.0029287
v -7.249999 0.5 -5.901367
v -7.669921 1.0 -5.0029287
v -7.210937 1.0 -5.901367
v -7.669921 1.0 -5.0029287
v -7.999999 1.0 -5.0
v -7.999999 0.669922 -5.0029287
v -7.210937 5.0 -5.901367
v -7.669921 5.0 -5.0029287
v -7.669921 1.0 -5.0029287
v -7.210937 1.0 -5.901367
v -7.999999 5.0 -5.0
v -7.999999 1.0 -5.0
v -7.210937 5.0 -5.901367
v -7.210937 1.0 -5.901367
v -6.999999 1.0 -6.0
v -6.999999 5.0 -6.0
v -7.669921 5.669922 -5.0029287
v -6.999999 5.669922 -5.0029287
v -6.999999 6.0 -5.0
v -7.999999 6.0 -5.0
v -7.669921 5.0 -5.0029287
v -7.669921 5.669922 -5.0029287
v -7.999999 6.0 -5.0
v -7.999999 5.0 -5.0
v -7.669921 5.0 -5.0029287
v -7.210937 5.0 -5.901367
v -7.669921 5.669922 -5.0029287
v -7.105468 5.1054688 -5.901367
v -6.999999 5.210938 -5.901367
v -6.999999 5.210938 -5.901367
v -7.105468 5.1054688 -5.901367
v -6.999999 5.0 -6.0
v -7.210937 5.0 -5.901367
v -6.999999 5.669922 -5.0029287
v -7.669921 5.669922 -5.0029287
v -6.999999 5.210938 -5.901367
v -7.0 14.0 -4.999999
v -8.0 14.0 -4.999999
v -7.0 6.0 -4.999999
v -8.0 6.0 -4.999999
v 0.0 16.0 -4.999999
v -8.0 16.0 -4.999999
v 0.0 14.0 -4.999999
v -8.0 14.0 -4.999999
v 1.0 -12.0 -5.999999
v -7.0 -12.0 -5.999999
v 1.0 -16.0 -5.999999
v -7.0 -16.0 -5.999999
v 1.0 5.0 -5.999999
v -7.0 5.0 -5.999999
v 1.0 0.0 -5.999999
v -7.0 0.0 -5.999999
v -6.999999 5.0 -6.0
v -5.999999 5.0 -6.0
v -6.374999 5.0625 -6.0
v -6.062499 5.3125 -6.0
v -5.999999 6.0 -6.0
v -6.062499 5.3125 -6.0
v -5.999999 6.0 -6.0
v -6.210937 6.0 -5.901367
v -6.249999 5.5 -5.901367
v -6.999999 5.0 -6.0
v -6.374999 5.0625 -6.0
v -6.562499 5.25 -5.901367
v -6.999999 5.210938 -5.901367
v -6.999999 5.210938 -5.901367
v -6.562499 5.25 -5.901367
v -6.999999 5.669922 -5.0029287
v -6.249999 5.5 -5.901367
v -6.669921 6.0 -5.0029287
v -6.210937 6.0 -5.901367
v -6.669921 6.0 -5.0029287
v -6.999999 6.0 -5.0
v -6.999999 5.669922 -5.0029287
v -6.210937 8.0 -5.901367
v -6.669921 8.0 -5.0029287
v -6.669921 6.0 -5.0029287
v -6.210937 6.0 -5.901367
v -6.999999 8.0 -5.0
v -6.999999 6.0 -5.0
v -6.210937 8.0 -5.901367
v -6.210937 6.0 -5.901367
v -5.999999 6.0 -6.0
v -5.999999 8.0 -6.0
v -6.669921 8.669922 -5.0029287
v -5.999999 8.669922 -5.0029287
v -5.999999 9.0 -5.0
v -6.999999 9.0 -5.0
v -6.669921 8.0 -5.0029287
v -6.669921 8.669922 -5.0029287
v -6.999999 9.0 -5.0
v -6.999999 8.0 -5.0
v -6.669921 8.0 -5.0029287
v -6.210937 8.0 -5.901367
v -6.669921 8.669922 -5.0029287
v -6.105468 8.105469 -5.901367
v -5.999999 8.210938 -5.901367
v -5.999999 8.210938 -5.901367
v -6.105468 8.105469 -5.901367
v -5.999999 8.0 -6.0
v -6.210937 8.0 -5.901367
v -5.999999 8.669922 -5.0029287
v -6.669921 8.669922 -5.0029287
v -5.999999 8.210938 -5.901367
v -3.0 14.0 -4.999999
v -7.0 14.0 -4.999999
v -3.0 9.0 -4.999999
v -7.0 9.0 -4.999999
v 2.0 8.0 -5.999999
v -6.0 8.0 -5.999999
v 2.0 5.0 -5.999999
v -6.0 5.0 -5.999999
v -3.0 8.210937 -5.901367
v -3.0 8.669921 -5.0029287
v -6.0 8.669921 -5.0029287
v -6.0 8.210937 -5.901367
v -3.0 8.999999 -5.0
v -6.0 8.999999 -5.0
v -3.0 8.210937 -5.901367
v -6.0 8.210937 -5.901367
v -6.0 7.999999 -6.0
v -3.0 7.999999 -6.0
v -2.999999 8.0 -6.0
v -1.999999 8.0 -6.0
v -2.374999 8.0625 -6.0
v -2.062499 8.3125 -6.0
v -1.999999 9.0 -6.0
v -2.062499 8.3125 -6.0
v -1.999999 9.0 -6.0
v -2.210937 9.0 -5.901367
v -2.249999 8.5 -5.901367
v -2.999999 8.0 -6.0
v -2.374999 8.0625 -6.0
v -2.562499 8.25 -5.901367
v -2.999999 8.2109375 -5.901367
v -2.999999 8.2109375 -5.901367
v -2.562499 8.25 -5.901367
v -2.999999 8.669922 -5.0029287
v -2.249999 8.5 -5.901367
v -2.669921 9.0 -5.0029287
v -2.210937 9.0 -5.901367
v -2.669921 9.0 -5.0029287
v -2.999999 9.0 -5.0
v -2.999999 8.669922 -5.0029287
v -2.210937 10.0 -5.901367
v -2.669921 10.0 -5.0029287
v -2.669921 9.0 -5.0029287
v -2.210937 9.0 -5.901367
v -2.999999 10.0 -5.0
v -2.999999 9.0 -5.0
v -2.210937 10.0 -5.901367
v -2.210937 9.0 -5.901367
v -1.999999 9.0 -6.0
v -1.999999 10.0 -6.0
v -2.669921 10.669922 -5.0029287
v -1.999999 10.669922 -5.0029287
v -1.999999 11.0 -5.0
v -2.999999 11.0 -5.0
v -2.669921 10.0 -5.0029287
v -2.669921 10.669922 -5.0029287
v -2.999999 11.0 -5.0
v -2.999999 10.0 -5.0
v -2.669921 10.0 -5.0029287
v -2.210937 10.0 -5.901367
v -2.669921 10.669922 -5.0029287
v -2.105468 10.105469 -5.901367
v -1.999999 10.210938 -5.901367
v -1.999999 10.210938 -5.901367
v -2.105468 10.105469 -5.901367
v -1.999999 10.0 -6.0
v -2.210937 10.0 -5.901367
v -1.999999 10.669922 -5.0029287
v -2.669921 10.669922 -5.0029287
v -1.999999 10.210938 -5.901367
v 2.0 14.0 -4.999999
v -3.0 14.0 -4.999999
v 2.0 11.0 -4.999999
v -3.0 11.0 -4.999999
v 6.0 10.0 -5.999999
v -2.0 10.0 -5.999999
v 6.0 8.0 -5.999999
v -2.0 8.0 -5.999999
v 2.0 10.210937 -5.901367
v 2.0 10.669921 -5.0029287
v -2.0 10.669921 -5.0029287
v -2.0 10.210937 -5.901367
v 2.0 10.999999 -5.0
v -2.0 10.999999 -5.0
v 2.0 10.210937 -5.901367
v -2.0 10.210937 -5.901367
v -2.0 9.999999 -6.0
v 2.0 9.999999 -6.0
v 1.0 -3.0 -5.999999
v -1.0 -3.0 -5.999999
v 1.0 -9.0 -5.999999
v -1.0 -9.0 -5.999999
v 1.0 -9.0 -5.999999
v 0.0 -9.0 -5.999999
v 1.0 -12.0 -5.999999
v 0.0 -12.0 -5.999999
v 1.0 0.0 -5.999999
v 0.0 0.0 -5.999999
v 1.0 -3.0 -5.999999
v 0.0 -3.0 -5.999999
v 8.0 16.0 -4.999999
v 0.0 16.0 -4.999999
v 8.0 14.0 -4.999999
v 0.0 14.0 -4.999999
v 9.0 -14.0 -5.999999
v 1.0 -14.0 -5.999999
v 9.0 -16.0 -5.999999
v 1.0 -16.0 -5.999999
v 5.0 -13.0 -5.999999
v 1.0 -13.0 -5.999999
v 5.0 -14.0 -5.999999
v 1.0 -14.0 -5.999999
v 3.0 -11.0 -5.999999
v 1.0 -11.0 -5.999999
v 3.0 -13.0 -5.999999
v 1.0 -13.0 -5.999999
v 1.330078 -10.669921 -6.0029287
v 1.330078 -9.999999 -6.0029287
v 1.0 -9.999999 -6.0
v 1.0 -10.999999 -6.0
v 2.0 -10.669921 -6.0029287
v 1.330078 -10.669921 -6.0029287
v 1.0 -10.999999 -6.0
v 2.0 -10.999999 -6.0
v 2.0 -10.669921 -6.0029287
v 2.0 -10.2109375 -6.901367
v 1.330078 -10.669921 -6.0029287
v 1.894531 -10.105468 -6.901367
v 1.789062 -9.999999 -6.901367
v 1.789062 -9.999999 -6.901367
v 1.894531 -10.105468 -6.901367
v 2.0 -9.999999 -7.0
v 2.0 -10.2109375 -6.901367
v 1.330078 -9.999999 -6.0029287
v 1.330078 -10.669921 -6.0029287
v 1.789062 -9.999999 -6.901367
v 1.789063 -7.0 -6.901367
v 1.3300791 -7.0 -6.0029287
v 1.3300791 -10.0 -6.0029287
v 1.789063 -10.0 -6.901367
v 1.000001 -7.0 -6.0
v 1.000001 -10.0 -6.0
v 1.789063 -7.0 -6.901367
v 1.789063 -10.0 -6.901367
v 2.000001 -10.0 -7.0
v 2.000001 -7.0 -7.0
v 1.330079 -6.330078 -6.0029287
v 2.000001 -6.330078 -6.0029287
v 2.000001 -6.0 -6.0
v 1.000001 -6.0 -6.0
v 1.330079 -7.0 -6.0029287
v 1.330079 -6.330078 -6.0029287
v 1.000001 -6.0 -6.0
v 1.000001 -7.0 -6.0
v 1.330079 -7.0 -6.0029287
v 1.789063 -7.0 -6.901367
v 1.330079 -6.330078 -6.0029287
v 1.894532 -6.8945312 -6.901367
v 2.000001 -6.789062 -6.901367
v 2.000001 -6.789062 -6.901367
v 1.894532 -6.8945312 -6.901367
v 2.000001 -7.0 -7.0
v 1.789063 -7.0 -6.901367
v 2.000001 -6.330078 -6.0029287
v 1.330079 -6.330078 -6.0029287
v 2.000001 -6.789062 -6.901367
v 2.0 -4.0 -5.999999
v 1.0 -4.0 -5.999999
v 2.0 -6.0 -5.999999
v 1.0 -6.0 -5.999999
v 1.330078 -3.669921 -6.0029287
v 1.330078 -2.999999 -6.0029287
v 1.0 -2.999999 -6.0
v 1.0 -3.999999 -6.0
v 2.0 -3.669921 -6.0029287
v 1.330078 -3.669921 -6.0029287
v 1.0 -3.999999 -6.0
v 2.0 -3.999999 -6.0
v 2.0 -3.669921 -6.0029287
v 2.0 -3.210937 -6.901367
v 1.330078 -3.669921 -6.0029287
v 1.894531 -3.105468 -6.901367
v 1.789062 -2.999999 -6.901367
v 1.789062 -2.999999 -6.901367
v 1.894531 -3.105468 -6.901367
v 2.0 -2.999999 -7.0
v 2.0 -3.210937 -6.901367
v 1.330078 -2.999999 -6.0029287
v 1.330078 -3.669921 -6.0029287
v 1.789062 -2.999999 -6.901367
v 1.789063 0.0 -6.901367
v 1.3300791 0.0 -6.0029287
v 1.3300791 -3.0 -6.0029287
v 1.789063 -3.0 -6.901367
v 1.000001 0.0 -6.0
v 1.000001 -3.0 -6.0
v 1.789063 0.0 -6.901367
v 1.789063 -3.0 -6.901367
v 2.000001 -3.0 -7.0
v 2.000001 0.0 -7.0
v 1.330079 0.669922 -6.0029287
v 2.000001 0.669922 -6.0029287
v 2.000001 1.0 -6.0
v 1.000001 1.0 -6.0
v 1.330079 0.0 -6.0029287
v 1.330079 0.669922 -6.0029287
v 1.000001 1.0 -6.0
v 1.000001 0.0 -6.0
v 1.330079 0.0 -6.0029287
v 1.789063 0.0 -6.901367
v 1.330079 0.669922 -6.0029287
v 1.894532 0.10546899 -6.901367
v 2.000001 0.210938 -6.901367
v 2.000001 0.210938 -6.901367
v 1.894532 0.10546899 -6.901367
v 2.000001 0.0 -7.0
v 1.789063 0.0 -6.901367
v 2.000001 0.669922 -6.0029287
v 1.330079 0.669922 -6.0029287
v 2.000001 0.210938 -6.901367
v 3.0 5.0 -5.999999
v 1.0 5.0 -5.999999
v 3.0 1.0 -5.999999
v 1.0 1.0 -5.999999
v 2.0 -10.2109375 -6.901367
v 2.0 -10.669921 -6.0029287
v 3.0 -10.669921 -6.0029287
v 3.0 -10.2109375 -6.901367
v 2.0 -10.999999 -6.0
v 3.0 -10.999999 -6.0
v 2.0 -10.2109375 -6.901367
v 3.0 -10.2109375 -6.901367
v 3.0 -9.999999 -7.0
v 2.0 -9.999999 -7.0
v 10.0 -7.0 -6.999999
v 2.0 -7.0 -6.999999
v 10.0 -10.0 -6.999999
v 2.0 -10.0 -6.999999
v 2.000001 -7.0 -7.0
v 3.000001 -7.0 -7.0
v 2.625001 -6.9375 -7.0
v 2.937501 -6.6875 -7.0
v 3.000001 -6.0 -7.0
v 2.937501 -6.6875 -7.0
v 3.000001 -6.0 -7.0
v 2.789063 -6.0 -6.901367
v 2.750001 -6.5 -6.901367
v 2.000001 -7.0 -7.0
v 2.625001 -6.9375 -7.0
v 2.437501 -6.75 -6.901367
v 2.000001 -6.789062 -6.901367
v 2.000001 -6.789062 -6.901367
v 2.437501 -6.75 -6.901367
v 2.000001 -6.330078 -6.0029287
v 2.750001 -6.5 -6.901367
v 2.330079 -6.0 -6.0029287
v 2.789063 -6.0 -6.901367
v 2.330079 -6.0 -6.0029287
v 2.000001 -6.0 -6.0
v 2.000001 -6.330078 -6.0029287
v 2.789063 -4.0 -6.901367
v 2.330079 -4.0 -6.0029287
v 2.330079 -6.0 -6.0029287
v 2.789063 -6.0 -6.901367
v 2.000001 -4.0 -6.0
v 2.000001 -6.0 -6.0
v 2.789063 -4.0 -6.901367
v 2.789063 -6.0 -6.901367
v 3.000001 -6.0 -7.0
v 3.000001 -4.0 -7.0
v 3.0 -3.999999 -7.0
v 3.0 -2.999999 -7.0
v 2.9375 -3.374999 -7.0
v 2.6875 -3.062499 -7.0
v 2.0 -2.999999 -7.0
v 2.6875 -3.062499 -7.0
v 2.0 -2.999999 -7.0
v 2.0 -3.210937 -6.901367
v 2.5 -3.249999 -6.901367
v 3.0 -3.999999 -7.0
v 2.9375 -3.374999 -7.0
v 2.75 -3.562499 -6.901367
v 2.789062 -3.999999 -6.901367
v 2.789062 -3.999999 -6.901367
v 2.75 -3.562499 -6.901367
v 2.3300781 -3.999999 -6.0029287
v 2.5 -3.249999 -6.901367
v 2.0 -3.669921 -6.0029287
v 2.0 -3.210937 -6.901367
v 2.0 -3.669921 -6.0029287
v 2.0 -3.999999 -6.0
v 2.3300781 -3.999999 -6.0029287
v 10.0 -1.0 -6.999999
v 2.0 -1.0 -6.999999
v 10.0 -3.0 -6.999999
v 2.0 -3.0 -6.999999
v 8.0 0.0 -6.999999
v 2.0 0.0 -6.999999
v 8.0 -1.0 -6.999999
v 2.0 -1.0 -6.999999
v 3.0 0.210937 -6.901367
v 3.0 0.669921 -6.0029287
v 2.0 0.669921 -6.0029287
v 2.0 0.210937 -6.901367
v 3.0 0.999999 -6.0
v 2.0 0.999999 -6.0
v 3.0 0.210937 -6.901367
v 2.0 0.210937 -6.901367
v 2.0 -1.013279E-6 -7.0
v 3.0 -1.013279E-6 -7.0
v 10.0 8.0 -5.999999
v 2.0 8.0 -5.999999
v 10.0 5.0 -5.999999
v 2.0 5.0 -5.999999
v 2.000001 10.0 -6.0
v 3.000001 10.0 -6.0
v 2.625001 10.0625 -6.0
v 2.937501 10.3125 -6.0
v 3.000001 11.0 -6.0
v 2.937501 10.3125 -6.0
v 3.000001 11.0 -6.0
v 2.789063 11.0 -5.901367
v 2.750001 10.5 -5.901367
v 2.000001 10.0 -6.0
v 2.625001 10.0625 -6.0
v 2.437501 10.25 -5.901367
v 2.000001 10.2109375 -5.901367
v 2.000001 10.2109375 -5.901367
v 2.437501 10.25 -5.901367
v 2.000001 10.669922 -5.0029287
v 2.750001 10.5 -5.901367
v 2.330079 11.0 -5.0029287
v 2.789063 11.0 -5.901367
v 2.330079 11.0 -5.0029287
v 2.000001 11.0 -5.0
v 2.000001 10.669922 -5.0029287
v 2.330079 11.669922 -5.0029287
v 3.000001 11.669922 -5.0029287
v 3.000001 12.0 -5.0
v 2.000001 12.0 -5.0
v 2.330079 11.0 -5.0029287
v 2.330079 11.669922 -5.0029287
v 2.000001 12.0 -5.0
v 2.000001 11.0 -5.0
v 2.330079 11.0 -5.0029287
v 2.789063 11.0 -5.901367
v 2.330079 11.669922 -5.0029287
v 2.894532 11.105469 -5.901367
v 3.000001 11.210938 -5.901367
v 3.000001 11.210938 -5.901367
v 2.894532 11.105469 -5.901367
v 3.000001 11.0 -6.0
v 2.789063 11.0 -5.901367
v 3.000001 11.669922 -5.0029287
v 2.330079 11.669922 -5.0029287
v 3.000001 11.210938 -5.901367
v 10.0 14.0 -4.999999
v 2.0 14.0 -4.999999
v 10.0 12.0 -4.999999
v 2.0 12.0 -4.999999
v 3.3300781 -12.669921 -6.0029287
v 3.3300781 -11.999999 -6.0029287
v 3.0 -11.999999 -6.0
v 3.0 -12.999999 -6.0
v 4.0 -12.669921 -6.0029287
v 3.3300781 -12.669921 -6.0029287
v 3.0 -12.999999 -6.0
v 4.0 -12.999999 -6.0
v 4.0 -12.669921 -6.0029287
v 4.0 -12.2109375 -6.901367
v 3.3300781 -12.669921 -6.0029287
v 3.894531 -12.105468 -6.901367
v 3.789062 -11.999999 -6.901367
v 3.789062 -11.999999 -6.901367
v 3.894531 -12.105468 -6.901367
v 4.0 -11.999999 -7.0
v 4.0 -12.2109375 -6.901367
v 3.3300781 -11.999999 -6.0029287
v 3.3300781 -12.669921 -6.0029287
v 3.789062 -11.999999 -6.901367
v 3.789063 -11.0 -6.901367
v 3.330079 -11.0 -6.0029287
v 3.330079 -12.0 -6.0029287
v 3.789063 -12.0 -6.901367
v 3.000001 -11.0 -6.0
v 3.000001 -12.0 -6.0
v 3.789063 -11.0 -6.901367
v 3.789063 -12.0 -6.901367
v 4.000001 -12.0 -7.0
v 4.000001 -11.0 -7.0
v 4.0 -10.999999 -7.0
v 4.0 -9.999999 -7.0
v 3.9375 -10.374999 -7.0
v 3.6875 -10.062499 -7.0
v 3.0 -9.999999 -7.0
v 3.6875 -10.062499 -7.0
v 3.0 -9.999999 -7.0
v 3.0 -10.2109375 -6.901367
v 3.5 -10.249999 -6.901367
v 4.0 -10.999999 -7.0
v 3.9375 -10.374999 -7.0
v 3.75 -10.562499 -6.901367
v 3.789062 -10.999999 -6.901367
v 3.789062 -10.999999 -6.901367
v 3.75 -10.562499 -6.901367
v 3.3300781 -10.999999 -6.0029287
v 3.5 -10.249999 -6.901367
v 3.0 -10.669921 -6.0029287
v 3.0 -10.2109375 -6.901367
v 3.0 -10.669921 -6.0029287
v 3.0 -10.999999 -6.0
v 3.3300781 -10.999999 -6.0029287
v 11.0 -3.0 -6.999999
v 3.0 -3.0 -6.999999
v 11.0 -7.0 -6.999999
v 3.0 -7.0 -6.999999
v 3.000001 0.0 -7.0
v 4.000001 0.0 -7.0
v 3.625001 0.0625 -7.0
v 3.937501 0.3125 -7.0
v 4.000001 1.0 -7.0
v 3.937501 0.3125 -7.0
v 4.000001 1.0 -7.0
v 3.789063 1.0 -6.901367
v 3.750001 0.5 -6.901367
v 3.000001 0.0 -7.0
v 3.625001 0.0625 -7.0
v 3.437501 0.25 -6.901367
v 3.000001 0.21093798 -6.901367
v 3.000001 0.21093798 -6.901367
v 3.437501 0.25 -6.901367
v 3.000001 0.669922 -6.0029287
v 3.750001 0.5 -6.901367
v 3.330079 1.0 -6.0029287
v 3.789063 1.0 -6.901367
v 3.330079 1.0 -6.0029287
v 3.000001 1.0 -6.0
v 3.000001 0.669922 -6.0029287
v 3.330079 1.669922 -6.0029287
v 4.000001 1.669922 -6.0029287
v 4.000001 2.0 -6.0
v 3.000001 2.0 -6.0
v 3.330079 1.0 -6.0029287
v 3.330079 1.669922 -6.0029287
v 3.000001 2.0 -6.0
v 3.000001 1.0 -6.0
v 3.330079 1.0 -6.0029287
v 3.789063 1.0 -6.901367
v 3.330079 1.669922 -6.0029287
v 3.894532 1.105469 -6.901367
v 4.000001 1.210938 -6.901367
v 4.000001 1.210938 -6.901367
v 3.894532 1.105469 -6.901367
v 4.000001 1.0 -7.0
v 3.789063 1.0 -6.901367
v 4.000001 1.669922 -6.0029287
v 3.330079 1.669922 -6.0029287
v 4.000001 1.210938 -6.901367
v 11.0 5.0 -5.999999
v 3.0 5.0 -5.999999
v 11.0 2.0 -5.999999
v 3.0 2.0 -5.999999
v 9.0 11.0 -5.999999
v 3.0 11.0 -5.999999
v 9.0 10.0 -5.999999
v 3.0 10.0 -5.999999
v 9.0 11.210937 -5.901367
v 9.0 11.669921 -5.0029287
v 3.0 11.669921 -5.0029287
v 3.0 11.210937 -5.901367
v 9.0 11.999999 -5.0
v 3.0 11.999999 -5.0
v 9.0 11.210937 -5.901367
v 3.0 11.210937 -5.901367
v 3.0 10.999999 -6.0
v 9.0 10.999999 -6.0
v 4.0 -12.2109375 -6.901367
v 4.0 -12.669921 -6.0029287
v 5.0 -12.669921 -6.0029287
v 5.0 -12.2109375 -6.901367
v 4.0 -12.999999 -6.0
v 5.0 -12.999999 -6.0
v 4.0 -12.2109375 -6.901367
v 5.0 -12.2109375 -6.901367
v 5.0 -11.999999 -7.0
v 4.0 -11.999999 -7.0
v 11.0 -10.0 -6.999999
v 4.0 -10.0 -6.999999
v 11.0 -12.0 -6.999999
v 4.0 -12.0 -6.999999
v 6.0 1.0 -6.999999
v 4.0 1.0 -6.999999
v 6.0 0.0 -6.999999
v 4.0 0.0 -6.999999
v 6.0 1.210937 -6.901367
v 6.0 1.6699209 -6.0029287
v 4.0 1.6699209 -6.0029287
v 4.0 1.210937 -6.901367
v 6.0 1.999999 -6.0
v 4.0 1.999999 -6.0
v 6.0 1.210937 -6.901367
v 4.0 1.210937 -6.901367
v 4.0 0.999999 -7.0
v 6.0 0.999999 -7.0
v 5.330078 -13.669921 -6.0029287
v 5.330078 -12.999999 -6.0029287
v 5.0 -12.999999 -6.0
v 5.0 -13.999999 -6.0
v 6.0 -13.669921 -6.0029287
v 5.330078 -13.669921 -6.0029287
v 5.0 -13.999999 -6.0
v 6.0 -13.999999 -6.0
v 6.0 -13.669921 -6.0029287
v 6.0 -13.2109375 -6.901367
v 5.330078 -13.669921 -6.0029287
v 5.8945312 -13.105468 -6.901367
v 5.789062 -12.999999 -6.901367
v 5.789062 -12.999999 -6.901367
v 5.8945312 -13.105468 -6.901367
v 6.0 -12.999999 -7.0
v 6.0 -13.2109375 -6.901367
v 5.330078 -12.999999 -6.0029287
v 5.330078 -13.669921 -6.0029287
v 5.789062 -12.999999 -6.901367
v 6.0 -12.999999 -7.0
v 6.0 -11.999999 -7.0
v 5.9375 -12.374999 -7.0
v 5.6875 -12.062499 -7.0
v 5.0 -11.999999 -7.0
v 5.6875 -12.062499 -7.0
v 5.0 -11.999999 -7.0
v 5.0 -12.2109375 -6.901367
v 5.5 -12.249999 -6.901367
v 6.0 -12.999999 -7.0
v 5.9375 -12.374999 -7.0
v 5.75 -12.562499 -6.901367
v 5.789062 -12.999999 -6.901367
v 5.789062 -12.999999 -6.901367
v 5.75 -12.562499 -6.901367
v 5.330078 -12.999999 -6.0029287
v 5.5 -12.249999 -6.901367
v 5.0 -12.669921 -6.0029287
v 5.0 -12.2109375 -6.901367
v 5.0 -12.669921 -6.0029287
v 5.0 -12.999999 -6.0
v 5.330078 -12.999999 -6.0029287
v 6.0 -13.2109375 -6.901367
v 6.0 -13.669921 -6.0029287
v 9.0 -13.669921 -6.0029287
v 9.0 -13.2109375 -6.901367
v 6.0 -13.999999 -6.0
v 9.0 -13.999999 -6.0
v 6.0 -13.2109375 -6.901367
v 9.0 -13.2109375 -6.901367
v 9.0 -12.999999 -7.0
v 6.0 -12.999999 -7.0
v 9.0 -12.0 -6.999999
v 6.0 -12.0 -6.999999
v 9.0 -13.0 -6.999999
v 6.0 -13.0 -6.999999
v 6.0 0.999999 -7.0
v 6.0 -1.013279E-6 -7.0
v 6.0625 0.374999 -7.0
v 6.3125 0.062498987 -7.0
v 7.0 -1.013279E-6 -7.0
v 6.3125 0.062498987 -7.0
v 7.0 -1.013279E-6 -7.0
v 7.0 0.210937 -6.901367
v 6.5 0.24999899 -6.901367
v 6.0 0.999999 -7.0
v 6.0625 0.374999 -7.0
v 6.25 0.562499 -6.901367
v 6.210938 0.999999 -6.901367
v 6.210938 0.999999 -6.901367
v 6.25 0.562499 -6.901367
v 6.669922 0.999999 -6.0029287
v 6.5 0.24999899 -6.901367
v 7.0 0.669921 -6.0029287
v 7.0 0.210937 -6.901367
v 7.0 0.669921 -6.0029287
v 7.0 0.999999 -6.0
v 6.669922 0.999999 -6.0029287
v 6.669922 1.669921 -6.0029287
v 6.669922 0.99999905 -6.0029287
v 7.0 0.99999905 -6.0
v 7.0 1.999999 -6.0
v 6.0 1.669921 -6.0029287
v 6.669922 1.669921 -6.0029287
v 7.0 1.999999 -6.0
v 6.0 1.999999 -6.0
v 6.0 1.669921 -6.0029287
v 6.0 1.210937 -6.901367
v 6.669922 1.669921 -6.0029287
v 6.1054688 1.105468 -6.901367
v 6.210938 0.99999905 -6.901367
v 6.210938 0.99999905 -6.901367
v 6.1054688 1.105468 -6.901367
v 6.0 0.99999905 -7.0
v 6.0 1.210937 -6.901367
v 6.669922 0.99999905 -6.0029287
v 6.669922 1.669921 -6.0029287
v 6.210938 0.99999905 -6.901367
v 14.0 10.0 -5.999999
v 6.0 10.0 -5.999999
v 14.0 8.0 -5.999999
v 6.0 8.0 -5.999999
v 8.0 0.210937 -6.901367
v 8.0 0.669921 -6.0029287
v 7.0 0.669921 -6.0029287
v 7.0 0.210937 -6.901367
v 8.0 0.999999 -6.0
v 7.0 0.999999 -6.0
v 8.0 0.210937 -6.901367
v 7.0 0.210937 -6.901367
v 7.0 -1.013279E-6 -7.0
v 8.0 -1.013279E-6 -7.0
v 15.0 2.0 -5.999999
v 7.0 2.0 -5.999999
v 15.0 1.0 -5.999999
v 7.0 1.0 -5.999999
v 8.0 -1.013279E-6 -7.0
v 8.0 -1.000001 -7.0
v 8.0625 -0.625001 -7.0
v 8.3125 -0.937501 -7.0
v 9.0 -1.000001 -7.0
v 8.3125 -0.937501 -7.0
v 9.0 -1.000001 -7.0
v 9.0 -0.789063 -6.901367
v 8.5 -0.750001 -6.901367
v 8.0 -1.013279E-6 -7.0
v 8.0625 -0.625001 -7.0
v 8.25 -0.437501 -6.901367
v 8.2109375 -1.013279E-6 -6.901367
v 8.2109375 -1.013279E-6 -6.901367
v 8.25 -0.437501 -6.901367
v 8.669922 -1.013279E-6 -6.0029287
v 8.5 -0.750001 -6.901367
v 9.0 -0.33007902 -6.0029287
v 9.0 -0.789063 -6.901367
v 9.0 -0.33007902 -6.0029287
v 9.0 -1.013279E-6 -6.0
v 8.669922 -1.013279E-6 -6.0029287
v 8.669922 0.66992104 -6.0029287
v 8.669922 -9.536743E-7 -6.0029287
v 9.0 -9.536743E-7 -6.0
v 9.0 0.999999 -6.0
v 8.0 0.66992104 -6.0029287
v 8.669922 0.66992104 -6.0029287
v 9.0 0.999999 -6.0
v 8.0 0.999999 -6.0
v 8.0 0.66992104 -6.0029287
v 8.0 0.21093702 -6.901367
v 8.669922 0.66992104 -6.0029287
v 8.105469 0.105467975 -6.901367
v 8.2109375 -9.536743E-7 -6.901367
v 8.2109375 -9.536743E-7 -6.901367
v 8.105469 0.105467975 -6.901367
v 8.0 -9.536743E-7 -7.0
v 8.0 0.21093702 -6.901367
v 8.669922 -9.536743E-7 -6.0029287
v 8.669922 0.66992104 -6.0029287
v 8.2109375 -9.536743E-7 -6.901367
v 16.0 16.0 -4.999999
v 8.0 16.0 -4.999999
v 16.0 14.0 -4.999999
v 8.0 14.0 -4.999999
v 16.0 -14.0 -5.999999
v 9.0 -14.0 -5.999999
v 16.0 -16.0 -5.999999
v 9.0 -16.0 -5.999999
v 9.669921 -13.669922 -6.0029287
v 8.999999 -13.669922 -6.0029287
v 8.999999 -14.0 -6.0
v 9.999999 -14.0 -6.0
v 9.669921 -13.0 -6.0029287
v 9.669921 -13.669922 -6.0029287
v 9.999999 -14.0 -6.0
v 9.999999 -13.0 -6.0
v 9.669921 -13.0 -6.0029287
v 9.2109375 -13.0 -6.901367
v 9.669921 -13.669922 -6.0029287
v 9.105468 -13.105469 -6.901367
v 8.999999 -13.2109375 -6.901367
v 8.999999 -13.2109375 -6.901367
v 9.105468 -13.105469 -6.901367
v 8.999999 -13.0 -7.0
v 9.2109375 -13.0 -6.901367
v 8.999999 -13.669922 -6.0029287
v 9.669921 -13.669922 -6.0029287
v 8.999999 -13.2109375 -6.901367
v 9.999999 -12.0 -7.0
v 8.999999 -12.0 -7.0
v 9.374999 -12.0625 -7.0
v 9.062499 -12.3125 -7.0
v 8.999999 -13.0 -7.0
v 9.062499 -12.3125 -7.0
v 8.999999 -13.0 -7.0
v 9.210937 -13.0 -6.901367
v 9.249999 -12.5 -6.901367
v 9.999999 -12.0 -7.0
v 9.374999 -12.0625 -7.0
v 9.562499 -12.25 -6.901367
v 9.999999 -12.2109375 -6.901367
v 9.999999 -12.2109375 -6.901367
v 9.562499 -12.25 -6.901367
v 9.999999 -12.669922 -6.0029287
v 9.249999 -12.5 -6.901367
v 9.669921 -13.0 -6.0029287
v 9.210937 -13.0 -6.901367
v 9.669921 -13.0 -6.0029287
v 9.999999 -13.0 -6.0
v 9.999999 -12.669922 -6.0029287
v 10.0 -0.789063 -6.901367
v 10.0 -0.33007902 -6.0029287
v 9.0 -0.33007902 -6.0029287
v 9.0 -0.789063 -6.901367
v 10.0 -1.013279E-6 -6.0
v 9.0 -1.013279E-6 -6.0
v 10.0 -0.789063 -6.901367
v 9.0 -0.789063 -6.901367
v 9.0 -1.000001 -7.0
v 10.0 -1.000001 -7.0
v 16.0 1.0 -5.999999
v 9.0 1.0 -5.999999
v 16.0 0.0 -5.999999
v 9.0 0.0 -5.999999
v 9.0 10.999999 -6.0
v 9.0 9.999999 -6.0
v 9.0625 10.374999 -6.0
v 9.3125 10.062499 -6.0
v 10.0 9.999999 -6.0
v 9.3125 10.062499 -6.0
v 10.0 9.999999 -6.0
v 10.0 10.210937 -5.901367
v 9.5 10.249999 -5.901367
v 9.0 10.999999 -6.0
v 9.0625 10.374999 -6.0
v 9.25 10.562499 -5.901367
v 9.2109375 10.999999 -5.901367
v 9.2109375 10.999999 -5.901367
v 9.25 10.562499 -5.901367
v 9.669922 10.999999 -5.0029287
v 9.5 10.249999 -5.901367
v 10.0 10.669921 -5.0029287
v 10.0 10.210937 -5.901367
v 10.0 10.669921 -5.0029287
v 10.0 10.999999 -5.0
v 9.669922 10.999999 -5.0029287
v 9.669922 11.669921 -5.0029287
v 9.669922 10.999999 -5.0029287
v 10.0 10.999999 -5.0
v 10.0 11.999999 -5.0
v 9.0 11.669921 -5.0029287
v 9.669922 11.669921 -5.0029287
v 10.0 11.999999 -5.0
v 9.0 11.999999 -5.0
v 9.0 11.669921 -5.0029287
v 9.0 11.2109375 -5.901367
v 9.669922 11.669921 -5.0029287
v 9.105469 11.105468 -5.901367
v 9.2109375 10.999999 -5.901367
v 9.2109375 10.999999 -5.901367
v 9.105469 11.105468 -5.901367
v 9.0 10.999999 -6.0
v 9.0 11.2109375 -5.901367
v 9.669922 10.999999 -5.0029287
v 9.669922 11.669921 -5.0029287
v 9.2109375 10.999999 -5.901367
v 16.0 -13.0 -5.999999
v 10.0 -13.0 -5.999999
v 16.0 -14.0 -5.999999
v 10.0 -14.0 -5.999999
v 10.0 -12.2109375 -6.901367
v 10.0 -12.669921 -6.0029287
v 11.0 -12.669921 -6.0029287
v 11.0 -12.2109375 -6.901367
v 10.0 -12.999999 -6.0
v 11.0 -12.999999 -6.0
v 10.0 -12.2109375 -6.901367
v 11.0 -12.2109375 -6.901367
v 11.0 -11.999999 -7.0
v 10.0 -11.999999 -7.0
v 12.0 -7.0 -6.999999
v 10.0 -7.0 -6.999999
v 12.0 -10.0 -6.999999
v 10.0 -10.0 -6.999999
v 13.0 -2.0 -6.999999
v 10.0 -2.0 -6.999999
v 13.0 -3.0 -6.999999
v 10.0 -3.0 -6.999999
v 10.0 -1.000001 -7.0
v 10.0 -2.000001 -7.0
v 10.0625 -1.625001 -7.0
v 10.3125 -1.937501 -7.0
v 11.0 -2.000001 -7.0
v 10.3125 -1.937501 -7.0
v 11.0 -2.000001 -7.0
v 11.0 -1.789063 -6.901367
v 10.5 -1.750001 -6.901367
v 10.0 -1.000001 -7.0
v 10.0625 -1.625001 -7.0
v 10.25 -1.437501 -6.901367
v 10.2109375 -1.000001 -6.901367
v 10.2109375 -1.000001 -6.901367
v 10.25 -1.437501 -6.901367
v 10.669922 -1.000001 -6.0029287
v 10.5 -1.750001 -6.901367
v 11.0 -1.3300791 -6.0029287
v 11.0 -1.789063 -6.901367
v 11.0 -1.3300791 -6.0029287
v 11.0 -1.000001 -6.0
v 10.669922 -1.000001 -6.0029287
v 10.669922 -0.33007896 -6.0029287
v 10.669922 -1.000001 -6.0029287
v 11.0 -1.000001 -6.0
v 11.0 -1.013279E-6 -6.0
v 10.0 -0.33007896 -6.0029287
v 10.669922 -0.33007896 -6.0029287
v 11.0 -1.013279E-6 -6.0
v 10.0 -1.013279E-6 -6.0
v 10.0 -0.33007896 -6.0029287
v 10.0 -0.789063 -6.901367
v 10.669922 -0.33007896 -6.0029287
v 10.105469 -0.894532 -6.901367
v 10.2109375 -1.000001 -6.901367
v 10.2109375 -1.000001 -6.901367
v 10.105469 -0.894532 -6.901367
v 10.0 -1.000001 -7.0
v 10.0 -0.789063 -6.901367
v 10.669922 -1.000001 -6.0029287
v 10.669922 -0.33007896 -6.0029287
v 10.2109375 -1.000001 -6.901367
v 16.0 8.0 -5.999999
v 10.0 8.0 -5.999999
v 16.0 5.0 -5.999999
v 10.0 5.0 -5.999999
v 16.0 10.210937 -5.901367
v 16.0 10.669921 -5.0029287
v 10.0 10.669921 -5.0029287
v 10.0 10.210937 -5.901367
v 16.0 10.999999 -5.0
v 10.0 10.999999 -5.0
v 16.0 10.210937 -5.901367
v 10.0 10.210937 -5.901367
v 10.0 9.999999 -6.0
v 16.0 9.999999 -6.0
v 16.0 14.0 -4.999999
v 10.0 14.0 -4.999999
v 16.0 11.0 -4.999999
v 10.0 11.0 -4.999999
v 11.669921 -12.669922 -6.0029287
v 10.999999 -12.669922 -6.0029287
v 10.999999 -13.0 -6.0
v 11.999999 -13.0 -6.0
v 11.669921 -12.0 -6.0029287
v 11.669921 -12.669922 -6.0029287
v 11.999999 -13.0 -6.0
v 11.999999 -12.0 -6.0
v 11.669921 -12.0 -6.0029287
v 11.2109375 -12.0 -6.901367
v 11.669921 -12.669922 -6.0029287
v 11.105468 -12.105469 -6.901367
v 10.999999 -12.2109375 -6.901367
v 10.999999 -12.2109375 -6.901367
v 11.105468 -12.105469 -6.901367
v 10.999999 -12.0 -7.0
v 11.2109375 -12.0 -6.901367
v 10.999999 -12.669922 -6.0029287
v 11.669921 -12.669922 -6.0029287
v 10.999999 -12.2109375 -6.901367
v 11.2109375 -12.0 -6.901367
v 11.669921 -12.0 -6.0029287
v 11.669921 -11.0 -6.0029287
v 11.2109375 -11.0 -6.901367
v 11.999999 -12.0 -6.0
v 11.999999 -11.0 -6.0
v 11.2109375 -12.0 -6.901367
v 11.2109375 -11.0 -6.901367
v 10.999999 -11.0 -7.0
v 10.999999 -12.0 -7.0
v 11.999999 -10.0 -7.0
v 10.999999 -10.0 -7.0
v 11.374999 -10.0625 -7.0
v 11.062499 -10.3125 -7.0
v 10.999999 -11.0 -7.0
v 11.062499 -10.3125 -7.0
v 10.999999 -11.0 -7.0
v 11.210937 -11.0 -6.901367
v 11.249999 -10.5 -6.901367
v 11.999999 -10.0 -7.0
v 11.374999 -10.0625 -7.0
v 11.562499 -10.25 -6.901367
v 11.999999 -10.2109375 -6.901367
v 11.999999 -10.2109375 -6.901367
v 11.562499 -10.25 -6.901367
v 11.999999 -10.669922 -6.0029287
v 11.249999 -10.5 -6.901367
v 11.669921 -11.0 -6.0029287
v 11.210937 -11.0 -6.901367
v 11.669921 -11.0 -6.0029287
v 11.999999 -11.0 -6.0
v 11.999999 -10.669922 -6.0029287
v 12.0 -3.0 -6.999999
v 11.0 -3.0 -6.999999
v 12.0 -7.0 -6.999999
v 11.0 -7.0 -6.999999
v 13.0 -1.789063 -6.901367
v 13.0 -1.3300791 -6.0029287
v 11.0 -1.3300791 -6.0029287
v 11.0 -1.789063 -6.901367
v 13.0 -1.000001 -6.0
v 11.0 -1.000001 -6.0
v 13.0 -1.789063 -6.901367
v 11.0 -1.789063 -6.901367
v 11.0 -2.000001 -7.0
v 13.0 -2.000001 -7.0
v 16.0 0.0 -5.999999
v 11.0 0.0 -5.999999
v 16.0 -1.0 -5.999999
v 11.0 -1.0 -5.999999
v 16.0 5.0 -5.999999
v 11.0 5.0 -5.999999
v 16.0 2.0 -5.999999
v 11.0 2.0 -5.999999
v 16.0 -11.0 -5.999999
v 12.0 -11.0 -5.999999
v 16.0 -13.0 -5.999999
v 12.0 -13.0 -5.999999
v 12.669921 -10.669922 -6.0029287
v 11.999999 -10.669922 -6.0029287
v 11.999999 -11.0 -6.0
v 12.999999 -11.0 -6.0
v 12.669921 -10.0 -6.0029287
v 12.669921 -10.669922 -6.0029287
v 12.999999 -11.0 -6.0
v 12.999999 -10.0 -6.0
v 12.669921 -10.0 -6.0029287
v 12.2109375 -10.0 -6.901367
v 12.669921 -10.669922 -6.0029287
v 12.105468 -10.105469 -6.901367
v 11.999999 -10.2109375 -6.901367
v 11.999999 -10.2109375 -6.901367
v 12.105468 -10.105469 -6.901367
v 11.999999 -10.0 -7.0
v 12.2109375 -10.0 -6.901367
v 11.999999 -10.669922 -6.0029287
v 12.669921 -10.669922 -6.0029287
v 11.999999 -10.2109375 -6.901367
v 12.2109375 -10.0 -6.901367
v 12.669921 -10.0 -6.0029287
v 12.669921 -6.0 -6.0029287
v 12.2109375 -6.0 -6.901367
v 12.999999 -10.0 -6.0
v 12.999999 -6.0 -6.0
v 12.2109375 -10.0 -6.901367
v 12.2109375 -6.0 -6.901367
v 11.999999 -6.0 -7.0
v 11.999999 -10.0 -7.0
v 12.999999 -5.0 -7.0
v 11.999999 -5.0 -7.0
v 12.374999 -5.0625 -7.0
v 12.062499 -5.3125 -7.0
v 11.999999 -6.0 -7.0
v 12.062499 -5.3125 -7.0
v 11.999999 -6.0 -7.0
v 12.210937 -6.0 -6.901367
v 12.249999 -5.5 -6.901367
v 12.999999 -5.0 -7.0
v 12.374999 -5.0625 -7.0
v 12.562499 -5.25 -6.901367
v 12.999999 -5.210938 -6.901367
v 12.999999 -5.210938 -6.901367
v 12.562499 -5.25 -6.901367
v 12.999999 -5.669922 -6.0029287
v 12.249999 -5.5 -6.901367
v 12.669921 -6.0 -6.0029287
v 12.210937 -6.0 -6.901367
v 12.669921 -6.0 -6.0029287
v 12.999999 -6.0 -6.0
v 12.999999 -5.669922 -6.0029287
v 13.0 -3.0 -6.999999
v 12.0 -3.0 -6.999999
v 13.0 -5.0 -6.999999
v 12.0 -5.0 -6.999999
v 16.0 -6.0 -5.999999
v 13.0 -6.0 -5.999999
v 16.0 -11.0 -5.999999
v 13.0 -11.0 -5.999999
v 13.669921 -5.669922 -6.0029287
v 12.999999 -5.669922 -6.0029287
v 12.999999 -6.0 -6.0
v 13.999999 -6.0 -6.0
v 13.669921 -5.0 -6.0029287
v 13.669921 -5.669922 -6.0029287
v 13.999999 -6.0 -6.0
v 13.999999 -5.0 -6.0
v 13.669921 -5.0 -6.0029287
v 13.2109375 -5.0 -6.901367
v 13.669921 -5.669922 -6.0029287
v 13.105468 -5.1054688 -6.901367
v 12.999999 -5.210938 -6.901367
v 12.999999 -5.210938 -6.901367
v 13.105468 -5.1054688 -6.901367
v 12.999999 -5.0 -7.0
v 13.2109375 -5.0 -6.901367
v 12.999999 -5.669922 -6.0029287
v 13.669921 -5.669922 -6.0029287
v 12.999999 -5.210938 -6.901367
v 13.2109375 -5.0 -6.901367
v 13.669921 -5.0 -6.0029287
v 13.669921 -2.0 -6.0029287
v 13.2109375 -2.0 -6.901367
v 13.999999 -5.0 -6.0
v 13.999999 -2.0 -6.0
v 13.2109375 -5.0 -6.901367
v 13.2109375 -2.0 -6.901367
v 12.999999 -2.0 -7.0
v 12.999999 -5.0 -7.0
v 13.669922 -1.330079 -6.0029287
v 13.669922 -2.000001 -6.0029287
v 14.0 -2.000001 -6.0
v 14.0 -1.000001 -6.0
v 13.0 -1.330079 -6.0029287
v 13.669922 -1.330079 -6.0029287
v 14.0 -1.000001 -6.0
v 13.0 -1.000001 -6.0
v 13.0 -1.330079 -6.0029287
v 13.0 -1.789063 -6.901367
v 13.669922 -1.330079 -6.0029287
v 13.105469 -1.894532 -6.901367
v 13.2109375 -2.000001 -6.901367
v 13.2109375 -2.000001 -6.901367
v 13.105469 -1.894532 -6.901367
v 13.0 -2.000001 -7.0
v 13.0 -1.789063 -6.901367
v 13.669922 -2.000001 -6.0029287
v 13.669922 -1.330079 -6.0029287
v 13.2109375 -2.000001 -6.901367
v 16.0 -1.0 -5.999999
v 14.0 -1.0 -5.999999
v 16.0 -6.0 -5.999999
v 14.0 -6.0 -5.999999
v 16.0 10.0 -5.999999
v 14.0 10.0 -5.999999
v 16.0 8.0 -5.999999
v 14.0 8.0 -5.999999
v 16.0 2.0 -5.999999
v 15.0 2.0 -5.999999
v 16.0 1.0 -5.999999
v 15.0 1.0 -5.999999
v -8.0 -16.000008 -0.6875
v -8.0 -7.9999924 -0.687499
v -16.0 -7.9999924 -0.687499
v -16.0 -16.000008 -0.6875
v -8.0 -8.000008 -0.6875
v -8.0 7.6293945E-6 -0.687499
v -16.0 7.6293945E-6 -0.687499
v -16.0 -8.000008 -0.6875
v -8.0 -8.106232E-6 -0.6875
v -8.0 8.000008 -0.687499
v -16.0 8.000008 -0.687499
v -16.0 -8.106232E-6 -0.6875
v -8.0 7.999992 -0.6875
v -8.0 16.000008 -0.687499
v -16.0 16.000008 -0.687499
v -16.0 7.999992 -0.6875
v 0.0 -16.000008 -0.6875
v 0.0 -7.9999924 -0.687499
v -8.0 -7.9999924 -0.687499
v -8.0 -16.000008 -0.6875
v 0.0 -8.000008 -0.6875
v 0.0 7.6293945E-6 -0.687499
v -8.0 7.6293945E-6 -0.687499
v -8.0 -8.000008 -0.6875
v 0.0 -8.106232E-6 -0.6875
v 0.0 8.000008 -0.687499
v -8.0 8.000008 -0.687499
v -8.0 -8.106232E-6 -0.6875
v 0.0 7.999992 -0.6875
v 0.0 16.000008 -0.687499
v -8.0 16.000008 -0.687499
v -8.0 7.999992 -0.6875
v 8.0 -16.000008 -0.6875
v 8.0 -7.9999924 -0.687499
v 0.0 -7.9999924 -0.687499
v 0.0 -16.000008 -0.6875
v 8.0 -8.000008 -0.6875
v 8.0 7.6293945E-6 -0.687499
v 0.0 7.6293945E-6 -0.687499
v 0.0 -8.000008 -0.6875
v 8.0 -8.106232E-6 -0.6875
v 8.0 8.000008 -0.687499
v 0.0 8.000008 -0.687499
v 0.0 -8.106232E-6 -0.6875
v 8.0 7.999992 -0.6875
v 8.0 16.000008 -0.687499
v 0.0 16.000008 -0.687499
v 0.0 7.999992 -0.6875
v 16.0 -16.000008 -0.6875
v 16.0 -7.9999924 -0.687499
v 8.0 -7.9999924 -0.687499
v 8.0 -16.000008 -0.6875
v 16.0 -8.000008 -0.6875
v 16.0 7.6293945E-6 -0.687499
v 8.0 7.6293945E-6 -0.687499
v 8.0 -8.000008 -0.6875
v 16.0 -8.106232E-6 -0.6875
v 16.0 8.000008 -0.687499
v 8.0 8.000008 -0.687499
v 8.0 -8.106232E-6 -0.6875
v 16.0 7.999992 -0.6875
v 16.0 16.000008 -0.687499
v 8.0 16.000008 -0.687499
v 8.0 7.999992 -0.6875
vt 4.0 0.0
vt 0.0 0.0
vt 0.0 -1.0
vt 4.0 -1.0
vt 4.0 0.0
vt 0.0 0.0
vt 0.0 -1.0
vt 4.0 -1.0
vt 4.0 0.0
vt 0.0 0.0
vt 0.0 -1.0
vt 4.0 -1.0
vt 4.0 0.0
vt 0.0 0.0
vt 0.0 -1.0
vt 4.0 -1.0
vt 4.0 0.0
vt 0.0 0.0
vt 0.0 -1.0
vt 4.0 -1.0
vt 4.0 0.0
vt 0.0 0.0
vt 0.0 -1.0
vt 4.0 -1.0
vt 3.0 0.0
vt 0.0 0.0
vt 0.0 -1.0
vt 3.0 -1.0
vt 3.0 0.0
vt 0.0 0.0
vt 0.0 -1.0
vt 3.0 -1.0
vt 3.0 0.0
vt 0.0 0.0
vt 0.0 -1.0
vt 3.0 -1.0
vt 0.542969 -0.62793
vt 0.189453 -0.62793
vt 0.34375 -0.1875
vt 0.542969 -0.1875
vt 0.042969 -0.62793
vt 0.144531 -0.977539
vt -0.019531 -0.977539
vt 0.895508 -0.62793
vt 0.94043 -0.977539
vt 1.105469 -0.977539
vt 1.106445 -0.457031
vt 0.94043 -0.977539
vt 0.542969 -0.977539
vt 0.895508 -0.62793
vt 0.261719 -0.1875
vt 0.741211 -0.1875
vt 0.34375 -0.1875
vt 0.144531 -0.977539
vt 0.542969 -0.977539
vt 0.722656 -0.442383
vt 0.542969 0.0
vt 1.000977 -0.420898
vt 0.99707 -0.575195
vt 0.685547 -0.015625
vt 0.321289 -0.06543
vt 0.420898 -0.204102
vt 1.004883 -0.558594
vt 0.879883 -0.181641
vt 1.0 -0.990234
vt 0.5 0.570312
vt 0.0 -0.990234
vt 1.0 -0.990234
vt 0.0 -0.990234
vt 1.0 -0.990234
vt 0.0 -0.990234
vt 1.0 -0.990234
vt 0.0 -0.990234
vt 1.0 -0.990234
vt 0.0 -0.990234
vt 1.0 -0.990234
vt 0.0 -0.990234
vt 1.0 -0.990234
vt 0.0 -0.990234
vt 1.0 -0.990234
vt 0.0 -0.990234
vt 1.0 -0.990234
vt 0.0 -0.990234
vt 1.0 -0.990234
vt 0.0 -0.990234
vt 1.0 -0.990234
vt 0.0 -0.990234
vt 1.0 -0.990234
vt 0.0 -0.990234
vt 3.0 0.0
vt 0.0 0.0
vt 0.0 -1.0
vt 3.0 -1.0
vt 3.0 0.0
vt 0.0 0.0
vt 0.0 -1.0
vt 3.0 -1.0
vt 3.0 0.0
vt 0.0 0.0
vt 0.0 -1.0
vt 3.0 -1.0
vt 3.0 0.0
vt 0.0 0.0
vt 0.0 -1.0
vt 3.0 -1.0
vt 3.0 0.0
vt 0.0 0.0
vt 0.0 -1.0
vt 3.0 -1.0
vt 3.0 0.0
vt 0.0 0.0
vt 0.0 -1.0
vt 3.0 -1.0
vt 2.0 0.0
vt 0.0 0.0
vt 0.0 -1.0
vt 2.0 -1.0
vt 2.0 0.0
vt 0.0 0.0
vt 0.0 -1.0
vt 2.0 -1.0
vt 2.0 0.0
vt 0.0 0.0
vt 0.0 -1.0
vt 2.0 -1.0
vt 1.0 0.0
vt 0.0 0.0
vt 0.0 -2.0
vt 1.0 -2.0
vt 1.0 0.0
vt 0.0 0.0
vt 0.0 -2.0
vt 1.0 -2.0
vt 1.0 0.0
vt 0.0 0.0
vt 0.0 -2.0
vt 1.0 -2.0
vt 1.0 0.0
vt 0.0 0.0
vt 0.0 -1.0
vt 1.0 -1.0
vt 1.0 0.0
vt 0.0 0.0
vt 0.0 -1.0
vt 1.0 -1.0
vt 1.0 0.0
vt 0.0 0.0
vt 0.0 -1.0
vt 1.0 -1.0
vt 4.0 0.0
vt 0.0 0.0
vt 0.0 -1.0
vt 4.0 -1.0
vt 4.0 0.0
vt 0.0 0.0
vt 0.0 -1.0
vt 4.0 -1.0
vt 4.0 0.0
vt 0.0 0.0
vt 0.0 -1.0
vt 4.0 -1.0
vt 3.0 0.0
vt 0.0 0.0
vt 0.0 -1.0
vt 3.0 -1.0
vt 3.0 0.0
vt 0.0 0.0
vt 0.0 -1.0
vt 3.0 -1.0
vt 3.0 0.0
vt 0.0 0.0
vt 0.0 -1.0
vt 3.0 -1.0
vt 1.0 0.0
vt 0.0 0.0
vt 0.0 -1.0
vt 1.0 -1.0
vt 1.0 0.0
vt 0.0 0.0
vt 0.0 -1.0
vt 1.0 -1.0
vt 1.0 0.0
vt 0.0 0.0
vt 0.0 -1.0
vt 1.0 -1.0
vt 1.0 0.0
vt 0.0 0.0
vt 0.0 -2.0
vt 1.0 -2.0
vt 1.0 0.0
vt 0.0 0.0
vt 0.0 -2.0
vt 1.0 -2.0
vt 1.0 0.0
vt 0.0 0.0
vt 0.0 -2.0
vt 1.0 -2.0
vt 4.0 0.0
vt 0.0 0.0
vt 0.0 -2.0
vt 4.0 -2.0
vt 4.0 0.0
vt 0.0 0.0
vt 0.0 -2.0
vt 4.0 -2.0
vt 4.0 0.0
vt 0.0 0.0
vt 0.0 -2.0
vt 4.0 -2.0
vt 1.0 0.0
vt 0.0 0.0
vt 0.0 -1.0
vt 1.0 -1.0
vt 1.0 0.0
vt 0.0 0.0
vt 0.0 -1.0
vt 1.0 -1.0
vt 1.0 0.0
vt 0.0 0.0
vt 0.0 -1.0
vt 1.0 -1.0
vt 1.0 0.0
vt 0.0 0.0
vt 0.0 -3.0
vt 1.0 -3.0
vt 1.0 0.0
vt 0.0 0.0
vt 0.0 -3.0
vt 1.0 -3.0
vt 1.0 0.0
vt 0.0 0.0
vt 0.0 -3.0
vt 1.0 -3.0
vt 1.0 0.0
vt 0.0 0.0
vt 0.0 -6.0
vt 1.0 -6.0
vt 1.0 0.0
vt 0.0 0.0
vt 0.0 -6.0
vt 1.0 -6.0
vt 1.0 0.0
vt 0.0 0.0
vt 0.0 -6.0
vt 1.0 -6.0
vt 0.542969 -0.62793
vt 0.189453 -0.62793
vt 0.34375 -0.1875
vt 0.542969 -0.1875
vt 0.042969 -0.62793
vt 0.144531 -0.977539
vt -0.019531 -0.977539
vt 0.895508 -0.62793
vt 0.94043 -0.977539
vt 1.105469 -0.977539
vt 1.106445 -0.457031
vt 0.94043 -0.977539
vt 0.542969 -0.977539
vt 0.895508 -0.62793
vt 0.261719 -0.1875
vt 0.741211 -0.1875
vt 0.34375 -0.1875
vt 0.144531 -0.977539
vt 0.542969 -0.977539
vt 0.722656 -0.442383
vt 0.542969 0.0
vt 1.000977 -0.420898
vt 0.99707 -0.575195
vt 0.685547 -0.015625
vt 0.321289 -0.06543
vt 0.420898 -0.204102
vt 1.004883 -0.558594
vt 0.879883 -0.181641
vt 1.0 -0.990234
vt 0.5 0.570312
vt 0.0 -0.990234
vt 1.0 -0.990234
vt 0.0 -0.990234
vt 1.0 -0.990234
vt 0.0 -0.990234
vt 1.0 -0.990234
vt 0.0 -0.990234
vt 1.0 -0.990234
vt 0.0 -0.990234
vt 1.0 -0.990234
vt 0.0 -0.990234
vt 1.0 -0.990234
vt 0.0 -0.990234
vt 1.0 -0.990234
vt 0.0 -0.990234
vt 1.0 -0.990234
vt 0.0 -0.990234
vt 1.0 -0.990234
vt 0.0 -0.990234
vt 1.0 -0.990234
vt 0.0 -0.990234
vt 1.0 -0.990234
vt 0.0 -0.990234
vt 3.0 0.0
vt 0.0 0.0
vt 0.0 -1.0
vt 3.0 -1.0
vt 3.0 0.0
vt 0.0 0.0
vt 0.0 -1.0
vt 3.0 -1.0
vt 3.0 0.0
vt 0.0 0.0
vt 0.0 -1.0
vt 3.0 -1.0
vt 1.0 0.0
vt 0.0 0.0
vt 0.0 -3.0
vt 1.0 -3.0
vt 1.0 0.0
vt 0.0 0.0
vt 0.0 -3.0
vt 1.0 -3.0
vt 1.0 0.0
vt 0.0 0.0
vt 0.0 -3.0
vt 1.0 -3.0
vt 2.0 0.0
vt 0.0 0.0
vt 0.0 -1.0
vt 2.0 -1.0
vt 2.0 0.0
vt 0.0 0.0
vt 0.0 -1.0
vt 2.0 -1.0
vt 2.0 0.0
vt 0.0 0.0
vt 0.0 -1.0
vt 2.0 -1.0
vt 3.0 0.0
vt 0.0 0.0
vt 0.0 -1.0
vt 3.0 -1.0
vt 3.0 0.0
vt 0.0 0.0
vt 0.0 -1.0
vt 3.0 -1.0
vt 3.0 0.0
vt 0.0 0.0
vt 0.0 -1.0
vt 3.0 -1.0
vt 2.0 0.0
vt 0.0 0.0
vt 0.0 -1.0
vt 2.0 -1.0
vt 2.0 0.0
vt 0.0 0.0
vt 0.0 -1.0
vt 2.0 -1.0
vt 2.0 0.0
vt 0.0 0.0
vt 0.0 -1.0
vt 2.0 -1.0
vt 4.0 0.0
vt 0.0 0.0
vt 0.0 -1.0
vt 4.0 -1.0
vt 4.0 0.0
vt 0.0 0.0
vt 0.0 -1.0
vt 4.0 -1.0
vt 4.0 0.0
vt 0.0 0.0
vt 0.0 -1.0
vt 4.0 -1.0
vt 3.0 0.0
vt 0.0 0.0
vt 0.0 -1.0
vt 3.0 -1.0
vt 3.0 0.0
vt 0.0 0.0
vt 0.0 -1.0
vt 3.0 -1.0
vt 3.0 0.0
vt 0.0 0.0
vt 0.0 -1.0
vt 3.0 -1.0
vt 4.0 0.0
vt 0.0 0.0
vt 0.0 -1.0
vt 4.0 -1.0
vt 4.0 0.0
vt 0.0 0.0
vt 0.0 -1.0
vt 4.0 -1.0
vt 4.0 0.0
vt 0.0 0.0
vt 0.0 -1.0
vt 4.0 -1.0
vt 2.0 0.0
vt 0.0 0.0
vt 0.0 -3.0
vt 2.0 -3.0
vt 2.0 0.0
vt 0.0 0.0
vt 0.0 -3.0
vt 2.0 -3.0
vt 2.0 0.0
vt 0.0 0.0
vt 0.0 -3.0
vt 2.0 -3.0
vt 3.0 0.0
vt 0.0 0.0
vt 0.0 -2.0
vt 3.0 -2.0
vt 3.0 0.0
vt 0.0 0.0
vt 0.0 -2.0
vt 3.0 -2.0
vt 3.0 0.0
vt 0.0 0.0
vt 0.0 -2.0
vt 3.0 -2.0
vt 2.0 0.0
vt 0.0 0.0
vt 0.0 -1.0
vt 2.0 -1.0
vt 2.0 0.0
vt 0.0 0.0
vt 0.0 -1.0
vt 2.0 -1.0
vt 2.0 0.0
vt 0.0 0.0
vt 0.0 -1.0
vt 2.0 -1.0
vt 1.0 0.0
vt 0.0 0.0
vt 0.0 -1.0
vt 1.0 -1.0
vt 1.0 0.0
vt 0.0 0.0
vt 0.0 -1.0
vt 1.0 -1.0
vt 1.0 0.0
vt 0.0 0.0
vt 0.0 -1.0
vt 1.0 -1.0
vt 1.0 0.0
vt 0.0 0.0
vt 0.0 -1.0
vt 1.0 -1.0
vt 1.0 0.0
vt 0.0 0.0
vt 0.0 -1.0
vt 1.0 -1.0
vt 1.0 0.0
vt 0.0 0.0
vt 0.0 -1.0
vt 1.0 -1.0
vt 1.0 0.0
vt 0.0 0.0
vt 0.0 -1.0
vt 1.0 -1.0
vt 1.0 0.0
vt 0.0 0.0
vt 0.0 -1.0
vt 1.0 -1.0
vt 1.0 0.0
vt 0.0 0.0
vt 0.0 -1.0
vt 1.0 -1.0
vt 1.0 0.0
vt 0.0 0.0
vt 0.0 -3.0
vt 1.0 -3.0
vt 1.0 0.0
vt 0.0 0.0
vt 0.0 -3.0
vt 1.0 -3.0
vt 1.0 0.0
vt 0.0 0.0
vt 0.0 -3.0
vt 1.0 -3.0
vt 1.0 0.0
vt 0.0 0.0
vt 0.0 -1.0
vt 1.0 -1.0
vt 1.0 0.0
vt 0.0 0.0
vt 0.0 -1.0
vt 1.0 -1.0
vt 1.0 0.0
vt 0.0 0.0
vt 0.0 -1.0
vt 1.0 -1.0
vt 1.0 0.0
vt 0.0 0.0
vt 0.0 -2.0
vt 1.0 -2.0
vt 1.0 0.0
vt 0.0 0.0
vt 0.0 -2.0
vt 1.0 -2.0
vt 1.0 0.0
vt 0.0 0.0
vt 0.0 -2.0
vt 1.0 -2.0
vt 1.0 0.0
vt 0.0 0.0
vt 0.0 -2.0
vt 1.0 -2.0
vt 1.0 0.0
vt 0.0 0.0
vt 0.0 -2.0
vt 1.0 -2.0
vt 1.0 0.0
vt 0.0 0.0
vt 0.0 -2.0
vt 1.0 -2.0
vt 5.0 0.0
vt 0.0 0.0
vt 0.0 -1.0
vt 5.0 -1.0
vt 5.0 0.0
vt 0.0 0.0
vt 0.0 -1.0
vt 5.0 -1.0
vt 5.0 0.0
vt 0.0 0.0
vt 0.0 -1.0
vt 5.0 -1.0
vt 0.542969 -0.62793
vt 0.189453 -0.62793
vt 0.34375 -0.1875
vt 0.542969 -0.1875
vt 0.042969 -0.62793
vt 0.144531 -0.977539
vt -0.019531 -0.977539
vt 0.895508 -0.62793
vt 0.94043 -0.977539
vt 1.105469 -0.977539
vt 1.106445 -0.457031
vt 0.94043 -0.977539
vt 0.542969 -0.977539
vt 0.895508 -0.62793
vt 0.261719 -0.1875
vt 0.741211 -0.1875
vt 0.34375 -0.1875
vt 0.144531 -0.977539
vt 0.542969 -0.977539
vt 0.722656 -0.442383
vt 0.542969 0.0
vt 1.000977 -0.420898
vt 0.99707 -0.575195
vt 0.685547 -0.015625
vt 0.321289 -0.06543
vt 0.420898 -0.204102
vt 1.004883 -0.558594
vt 0.879883 -0.181641
vt 1.0 -0.990234
vt 0.5 0.570312
vt 0.0 -0.990234
vt 1.0 -0.990234
vt 0.0 -0.990234
vt 1.0 -0.990234
vt 0.0 -0.990234
vt 1.0 -0.990234
vt 0.0 -0.990234
vt 1.0 -0.990234
vt 0.0 -0.990234
vt 1.0 -0.990234
vt 0.0 -0.990234
vt 1.0 -0.990234
vt 0.0 -0.990234
vt 1.0 -0.990234
vt 0.0 -0.990234
vt 1.0 -0.990234
vt 0.0 -0.990234
vt 1.0 -0.990234
vt 0.0 -0.990234
vt 1.0 -0.990234
vt 0.0 -0.990234
vt 1.0 -0.990234
vt 0.0 -0.990234
vt 3.0 0.0
vt 0.0 0.0
vt 0.0 -1.0
vt 3.0 -1.0
vt 3.0 0.0
vt 0.0 0.0
vt 0.0 -1.0
vt 3.0 -1.0
vt 3.0 0.0
vt 0.0 0.0
vt 0.0 -1.0
vt 3.0 -1.0
vt 4.0 0.0
vt 0.0 0.0
vt 0.0 -1.0
vt 4.0 -1.0
vt 4.0 0.0
vt 0.0 0.0
vt 0.0 -1.0
vt 4.0 -1.0
vt 4.0 0.0
vt 0.0 0.0
vt 0.0 -1.0
vt 4.0 -1.0
vt 5.0 0.0
vt 0.0 0.0
vt 0.0 -1.0
vt 5.0 -1.0
vt 5.0 0.0
vt 0.0 0.0
vt 0.0 -1.0
vt 5.0 -1.0
vt 5.0 0.0
vt 0.0 0.0
vt 0.0 -1.0
vt 5.0 -1.0
vt 3.0 0.0
vt 0.0 0.0
vt 0.0 -1.0
vt 3.0 -1.0
vt 3.0 0.0
vt 0.0 0.0
vt 0.0 -1.0
vt 3.0 -1.0
vt 3.0 0.0
vt 0.0 0.0
vt 0.0 -1.0
vt 3.0 -1.0
vt 5.0 0.0
vt 0.0 0.0
vt 0.0 -1.0
vt 5.0 -1.0
vt 5.0 0.0
vt 0.0 0.0
vt 0.0 -1.0
vt 5.0 -1.0
vt 5.0 0.0
vt 0.0 0.0
vt 0.0 -1.0
vt 5.0 -1.0
vt 3.0 0.0
vt 0.0 0.0
vt 0.0 -1.0
vt 3.0 -1.0
vt 3.0 0.0
vt 0.0 0.0
vt 0.0 -1.0
vt 3.0 -1.0
vt 3.0 0.0
vt 0.0 0.0
vt 0.0 -1.0
vt 3.0 -1.0
vt 5.0 0.0
vt 0.0 0.0
vt 0.0 -1.0
vt 5.0 -1.0
vt 5.0 0.0
vt 0.0 0.0
vt 0.0 -1.0
vt 5.0 -1.0
vt 5.0 0.0
vt 0.0 0.0
vt 0.0 -1.0
vt 5.0 -1.0
vt 2.0 0.0
vt 0.0 0.0
vt 0.0 -1.0
vt 2.0 -1.0
vt 2.0 0.0
vt 0.0 0.0
vt 0.0 -1.0
vt 2.0 -1.0
vt 2.0 0.0
vt 0.0 0.0
vt 0.0 -1.0
vt 2.0 -1.0
vt 4.0 0.0
vt 0.0 0.0
vt 0.0 -1.0
vt 4.0 -1.0
vt 4.0 0.0
vt 0.0 0.0
vt 0.0 -1.0
vt 4.0 -1.0
vt 4.0 0.0
vt 0.0 0.0
vt 0.0 -1.0
vt 4.0 -1.0
vt 1.0 0.0
vt 0.0 0.0
vt 0.0 -1.0
vt 1.0 -1.0
vt 1.0 0.0
vt 0.0 0.0
vt 0.0 -1.0
vt 1.0 -1.0
vt 1.0 0.0
vt 0.0 0.0
vt 0.0 -1.0
vt 1.0 -1.0
vt 5.0 0.0
vt 0.0 0.0
vt 0.0 -1.0
vt 5.0 -1.0
vt 5.0 0.0
vt 0.0 0.0
vt 0.0 -1.0
vt 5.0 -1.0
vt 5.0 0.0
vt 0.0 0.0
vt 0.0 -1.0
vt 5.0 -1.0
vt 1.0 0.0
vt 0.0 0.0
vt 0.0 -1.0
vt 1.0 -1.0
vt 1.0 0.0
vt 0.0 0.0
vt 0.0 -1.0
vt 1.0 -1.0
vt 1.0 0.0
vt 0.0 0.0
vt 0.0 -1.0
vt 1.0 -1.0
vt 2.0 0.0
vt 0.0 0.0
vt 0.0 -1.0
vt 2.0 -1.0
vt 2.0 0.0
vt 0.0 0.0
vt 0.0 -1.0
vt 2.0 -1.0
vt 2.0 0.0
vt 0.0 0.0
vt 0.0 -1.0
vt 2.0 -1.0
vt 4.0 0.0
vt 0.0 0.0
vt 0.0 -1.0
vt 4.0 -1.0
vt 4.0 0.0
vt 0.0 0.0
vt 0.0 -1.0
vt 4.0 -1.0
vt 4.0 0.0
vt 0.0 0.0
vt 0.0 -1.0
vt 4.0 -1.0
vt 0.542969 -0.62793
vt 0.189453 -0.62793
vt 0.34375 -0.1875
vt 0.542969 -0.1875
vt 0.042969 -0.62793
vt 0.144531 -0.977539
vt -0.019531 -0.977539
vt 0.895508 -0.62793
vt 0.94043 -0.977539
vt 1.105469 -0.977539
vt 1.106445 -0.457031
vt 0.94043 -0.977539
vt 0.542969 -0.977539
vt 0.895508 -0.62793
vt 0.261719 -0.1875
vt 0.741211 -0.1875
vt 0.34375 -0.1875
vt 0.144531 -0.977539
vt 0.542969 -0.977539
vt 0.722656 -0.442383
vt 0.542969 0.0
vt 1.000977 -0.420898
vt 0.99707 -0.575195
vt 0.685547 -0.015625
vt 0.321289 -0.06543
vt 0.420898 -0.204102
vt 1.004883 -0.558594
vt 0.879883 -0.181641
vt 1.0 -0.990234
vt 0.5 0.570312
vt 0.0 -0.990234
vt 1.0 -0.990234
vt 0.0 -0.990234
vt 1.0 -0.990234
vt 0.0 -0.990234
vt 1.0 -0.990234
vt 0.0 -0.990234
vt 1.0 -0.990234
vt 0.0 -0.990234
vt 1.0 -0.990234
vt 0.0 -0.990234
vt 1.0 -0.990234
vt 0.0 -0.990234
vt 1.0 -0.990234
vt 0.0 -0.990234
vt 1.0 -0.990234
vt 0.0 -0.990234
vt 1.0 -0.990234
vt 0.0 -0.990234
vt 1.0 -0.990234
vt 0.0 -0.990234
vt 1.0 -0.990234
vt 0.0 -0.990234
vt 2.0 0.0
vt 0.0 0.0
vt 0.0 -1.0
vt 2.0 -1.0
vt 2.0 0.0
vt 0.0 0.0
vt 0.0 -1.0
vt 2.0 -1.0
vt 2.0 0.0
vt 0.0 0.0
vt 0.0 -1.0
vt 2.0 -1.0
vt 1.0 0.0
vt 0.0 0.0
vt 0.0 -1.0
vt 1.0 -1.0
vt 1.0 0.0
vt 0.0 0.0
vt 0.0 -1.0
vt 1.0 -1.0
vt 1.0 0.0
vt 0.0 0.0
vt 0.0 -1.0
vt 1.0 -1.0
vt 2.0 0.0
vt 0.0 0.0
vt 0.0 -3.0
vt 2.0 -3.0
vt 2.0 0.0
vt 0.0 0.0
vt 0.0 -3.0
vt 2.0 -3.0
vt 2.0 0.0
vt 0.0 0.0
vt 0.0 -3.0
vt 2.0 -3.0
vt 3.0 0.0
vt 0.0 0.0
vt 0.0 -2.0
vt 3.0 -2.0
vt 3.0 0.0
vt 0.0 0.0
vt 0.0 -2.0
vt 3.0 -2.0
vt 3.0 0.0
vt 0.0 0.0
vt 0.0 -2.0
vt 3.0 -2.0
vt 0.542969 -0.62793
vt 0.189453 -0.62793
vt 0.34375 -0.1875
vt 0.542969 -0.1875
vt 0.042969 -0.62793
vt 0.144531 -0.977539
vt -0.019531 -0.977539
vt 0.895508 -0.62793
vt 0.94043 -0.977539
vt 1.105469 -0.977539
vt 1.106445 -0.457031
vt 0.94043 -0.977539
vt 0.542969 -0.977539
vt 0.895508 -0.62793
vt 0.261719 -0.1875
vt 0.741211 -0.1875
vt 0.34375 -0.1875
vt 0.144531 -0.977539
vt 0.542969 -0.977539
vt 0.722656 -0.442383
vt 0.542969 0.0
vt 1.000977 -0.420898
vt 0.99707 -0.575195
vt 0.685547 -0.015625
vt 0.321289 -0.06543
vt 0.420898 -0.204102
vt 1.004883 -0.558594
vt 0.879883 -0.181641
vt 1.0 -0.990234
vt 0.5 0.570312
vt 0.0 -0.990234
vt 1.0 -0.990234
vt 0.0 -0.990234
vt 1.0 -0.990234
vt 0.0 -0.990234
vt 1.0 -0.990234
vt 0.0 -0.990234
vt 1.0 -0.990234
vt 0.0 -0.990234
vt 1.0 -0.990234
vt 0.0 -0.990234
vt 1.0 -0.990234
vt 0.0 -0.990234
vt 1.0 -0.990234
vt 0.0 -0.990234
vt 1.0 -0.990234
vt 0.0 -0.990234
vt 1.0 -0.990234
vt 0.0 -0.990234
vt 1.0 -0.990234
vt 0.0 -0.990234
vt 1.0 -0.990234
vt 0.0 -0.990234
vt 1.0 0.0
vt 0.0 0.0
vt 0.0 -1.0
vt 1.0 -1.0
vt 1.0 0.0
vt 0.0 0.0
vt 0.0 -1.0
vt 1.0 -1.0
vt 1.0 0.0
vt 0.0 0.0
vt 0.0 -1.0
vt 1.0 -1.0
vt 1.0 0.0
vt 0.0 0.0
vt 0.0 -1.0
vt 1.0 -1.0
vt 1.0 0.0
vt 0.0 0.0
vt 0.0 -1.0
vt 1.0 -1.0
vt 1.0 0.0
vt 0.0 0.0
vt 0.0 -1.0
vt 1.0 -1.0
vt 1.0 0.0
vt 0.0 0.0
vt 0.0 -1.0
vt 1.0 -1.0
vt 1.0 0.0
vt 0.0 0.0
vt 0.0 -1.0
vt 1.0 -1.0
vt 1.0 0.0
vt 0.0 0.0
vt 0.0 -1.0
vt 1.0 -1.0
vt 1.0 0.0
vt 0.0 0.0
vt 0.0 -2.0
vt 1.0 -2.0
vt 1.0 0.0
vt 0.0 0.0
vt 0.0 -2.0
vt 1.0 -2.0
vt 1.0 0.0
vt 0.0 0.0
vt 0.0 -2.0
vt 1.0 -2.0
vt 1.0 0.0
vt 0.0 0.0
vt 0.0 -1.0
vt 1.0 -1.0
vt 1.0 0.0
vt 0.0 0.0
vt 0.0 -1.0
vt 1.0 -1.0
vt 1.0 0.0
vt 0.0 0.0
vt 0.0 -1.0
vt 1.0 -1.0
vt 0.0 8.0
vt 0.0 0.0
vt 6.0 0.0
vt 6.0 8.0
vt 0.0 8.0
vt 0.0 0.0
vt 6.0 0.0
vt 6.0 8.0
vt 0.0 8.0
vt 0.0 0.0
vt 7.0 0.0
vt 7.0 8.0
vt 0.0 8.0
vt 0.0 0.0
vt 8.0 0.0
vt 8.0 8.0
vt 0.0 6.0
vt 0.0 0.0
vt 1.0 0.0
vt 1.0 6.0
vt 0.753906 -0.599609
vt 1.0 -0.599609
vt 1.0 -0.513672
vt 0.5 -0.513672
vt 1.0 -0.599609
vt 1.279297 -0.599609
vt 1.5 -0.513672
vt 1.0 -0.513672
vt 0.4375 -0.59375
vt 0.4375 -0.890625
vt 0.285156 -0.59375
vt 0.285156 -0.890625
vt 0.4375 -0.890625
vt 0.4375 -0.394531
vt 0.285156 -0.394531
vt 0.285156 -0.486328
vt 0.4375 -0.394531
vt 0.4375 -0.59375
vt 0.285156 -0.59375
vt 0.4375 -0.890625
vt 3.0 -0.894531
vt 3.0 -0.597656
vt 0.0 -0.597656
vt 0.0 -0.894531
vt 3.0 -0.515625
vt 0.0 -0.515625
vt 3.0 -0.894531
vt 0.0 -0.894531
vt 0.0 -0.988281
vt 3.0 -0.988281
vt 0.753906 -0.599609
vt 1.0 -0.599609
vt 1.0 -0.513672
vt 0.5 -0.513672
vt 1.0 -0.599609
vt 1.279297 -0.599609
vt 1.5 -0.513672
vt 1.0 -0.513672
vt 0.4375 -0.59375
vt 0.4375 -0.890625
vt 0.285156 -0.59375
vt 0.285156 -0.890625
vt 0.4375 -0.890625
vt 0.4375 -0.394531
vt 0.285156 -0.394531
vt 0.285156 -0.486328
vt 0.4375 -0.394531
vt 0.4375 -0.59375
vt 0.285156 -0.59375
vt 0.4375 -0.890625
vt 0.0 2.0
vt 0.0 0.0
vt 1.0 0.0
vt 1.0 2.0
vt 0.0 3.0
vt 0.0 0.0
vt 1.0 0.0
vt 1.0 3.0
vt 0.753906 -0.599609
vt 1.0 -0.599609
vt 1.0 -0.513672
vt 0.5 -0.513672
vt 1.0 -0.599609
vt 1.279297 -0.599609
vt 1.5 -0.513672
vt 1.0 -0.513672
vt 0.4375 -0.59375
vt 0.4375 -0.890625
vt 0.285156 -0.59375
vt 0.285156 -0.890625
vt 0.4375 -0.890625
vt 0.4375 -0.394531
vt 0.285156 -0.394531
vt 0.285156 -0.486328
vt 0.4375 -0.394531
vt 0.4375 -0.59375
vt 0.285156 -0.59375
vt 0.4375 -0.890625
vt 1.0 -0.894531
vt 1.0 -0.597656
vt 0.0 -0.597656
vt 0.0 -0.894531
vt 1.0 -0.515625
vt 0.0 -0.515625
vt 1.0 -0.894531
vt 0.0 -0.894531
vt 0.0 -0.988281
vt 1.0 -0.988281
vt 0.841797 -0.986328
vt 0.998047 -0.986328
vt 0.966797 -0.892578
vt 0.841797 -0.892578
vt 0.498047 -0.986328
vt 0.654297 -0.986328
vt 0.654297 -0.892578
vt 0.529297 -0.892578
vt -0.470703 -1.392578
vt -0.345703 -1.392578
vt -0.345703 -1.105469
vt -0.158203 -1.392578
vt -0.158203 -1.105469
vt -0.033203 -1.392578
vt -0.158203 -0.609375
vt -0.251953 -0.515625
vt -0.345703 -0.609375
vt 1.0 0.5
vt 1.0 0.0
vt 1.03125 0.1875
vt 1.15625 0.03125
vt 1.5 0.0
vt 0.0 6.0
vt 0.0 0.0
vt 8.0 0.0
vt 8.0 6.0
vt 0.841797 -0.986328
vt 0.998047 -0.986328
vt 0.966797 -0.892578
vt 0.841797 -0.892578
vt 0.498047 -0.986328
vt 0.654297 -0.986328
vt 0.654297 -0.892578
vt 0.529297 -0.892578
vt -0.470703 -1.392578
vt -0.345703 -1.392578
vt -0.345703 -1.105469
vt -0.158203 -1.392578
vt -0.158203 -1.105469
vt -0.033203 -1.392578
vt -0.158203 -0.609375
vt -0.251953 -0.515625
vt -0.345703 -0.609375
vt 1.0 0.5
vt 1.0 0.0
vt 1.03125 0.1875
vt 1.15625 0.03125
vt 1.5 0.0
vt 1.0 -0.894531
vt 1.0 -0.597656
vt 0.0 -0.597656
vt 0.0 -0.894531
vt 1.0 -0.515625
vt 0.0 -0.515625
vt 1.0 -0.894531
vt 0.0 -0.894531
vt 0.0 -0.988281
vt 1.0 -0.988281
vt 0.753906 -0.599609
vt 1.0 -0.599609
vt 1.0 -0.513672
vt 0.5 -0.513672
vt 1.0 -0.599609
vt 1.279297 -0.599609
vt 1.5 -0.513672
vt 1.0 -0.513672
vt 0.4375 -0.59375
vt 0.4375 -0.890625
vt 0.285156 -0.59375
vt 0.285156 -0.890625
vt 0.4375 -0.890625
vt 0.4375 -0.394531
vt 0.285156 -0.394531
vt 0.285156 -0.486328
vt 0.4375 -0.394531
vt 0.4375 -0.59375
vt 0.285156 -0.59375
vt 0.4375 -0.890625
vt 0.0 7.0
vt 0.0 0.0
vt 1.0 0.0
vt 1.0 7.0
vt 1.5 -0.894531
vt 1.5 -0.597656
vt 0.0 -0.597656
vt 0.0 -0.894531
vt 1.5 -0.515625
vt 0.0 -0.515625
vt 1.5 -0.894531
vt 0.0 -0.894531
vt 0.0 -0.988281
vt 1.5 -0.988281
vt 0.841797 -0.986328
vt 0.998047 -0.986328
vt 0.966797 -0.892578
vt 0.841797 -0.892578
vt 0.498047 -0.986328
vt 0.654297 -0.986328
vt 0.654297 -0.892578
vt 0.529297 -0.892578
vt -0.470703 -1.392578
vt -0.345703 -1.392578
vt -0.345703 -1.105469
vt -0.158203 -1.392578
vt -0.158203 -1.105469
vt -0.033203 -1.392578
vt -0.158203 -0.609375
vt -0.251953 -0.515625
vt -0.345703 -0.609375
vt 1.0 0.5
vt 1.0 0.0
vt 1.03125 0.1875
vt 1.15625 0.03125
vt 1.5 0.0
vt 0.0 3.0
vt 0.0 0.0
vt 8.0 0.0
vt 8.0 3.0
vt 0.0 3.0
vt 0.0 0.0
vt 8.0 0.0
vt 8.0 3.0
vt 0.841797 -0.986328
vt 0.998047 -0.986328
vt 0.966797 -0.892578
vt 0.841797 -0.892578
vt 0.498047 -0.986328
vt 0.654297 -0.986328
vt 0.654297 -0.892578
vt 0.529297 -0.892578
vt -0.470703 -1.392578
vt -0.345703 -1.392578
vt -0.345703 -1.105469
vt -0.158203 -1.392578
vt -0.158203 -1.105469
vt -0.033203 -1.392578
vt -0.158203 -0.609375
vt -0.251953 -0.515625
vt -0.345703 -0.609375
vt 1.0 0.5
vt 1.0 0.0
vt 1.03125 0.1875
vt 1.15625 0.03125
vt 1.5 0.0
vt 2.0 -0.894531
vt 2.0 -0.597656
vt 0.0 -0.597656
vt 0.0 -0.894531
vt 2.0 -0.515625
vt 0.0 -0.515625
vt 2.0 -0.894531
vt 0.0 -0.894531
vt 0.0 -0.988281
vt 2.0 -0.988281
vt 0.753906 -0.599609
vt 1.0 -0.599609
vt 1.0 -0.513672
vt 0.5 -0.513672
vt 1.0 -0.599609
vt 1.279297 -0.599609
vt 1.5 -0.513672
vt 1.0 -0.513672
vt 0.4375 -0.59375
vt 0.4375 -0.890625
vt 0.285156 -0.59375
vt 0.285156 -0.890625
vt 0.4375 -0.890625
vt 0.4375 -0.394531
vt 0.285156 -0.394531
vt 0.285156 -0.486328
vt 0.4375 -0.394531
vt 0.4375 -0.59375
vt 0.285156 -0.59375
vt 0.4375 -0.890625
vt 0.0 8.0
vt 0.0 0.0
vt 1.0 0.0
vt 1.0 8.0
vt 0.0 2.0
vt 0.0 0.0
vt 8.0 0.0
vt 8.0 2.0
vt 0.0 4.0
vt 0.0 0.0
vt 8.0 0.0
vt 8.0 4.0
vt 0.0 5.0
vt 0.0 0.0
vt 8.0 0.0
vt 8.0 5.0
vt 0.841797 -0.986328
vt 0.998047 -0.986328
vt 0.966797 -0.892578
vt 0.841797 -0.892578
vt 0.498047 -0.986328
vt 0.654297 -0.986328
vt 0.654297 -0.892578
vt 0.529297 -0.892578
vt -0.470703 -1.392578
vt -0.345703 -1.392578
vt -0.345703 -1.105469
vt -0.158203 -1.392578
vt -0.158203 -1.105469
vt -0.033203 -1.392578
vt -0.158203 -0.609375
vt -0.251953 -0.515625
vt -0.345703 -0.609375
vt 1.0 0.5
vt 1.0 0.0
vt 1.03125 0.1875
vt 1.15625 0.03125
vt 1.5 0.0
vt 1.0 -0.894531
vt 1.0 -0.597656
vt 0.0 -0.597656
vt 0.0 -0.894531
vt 1.0 -0.515625
vt 0.0 -0.515625
vt 1.0 -0.894531
vt 0.0 -0.894531
vt 0.0 -0.988281
vt 1.0 -0.988281
vt 0.753906 -0.599609
vt 1.0 -0.599609
vt 1.0 -0.513672
vt 0.5 -0.513672
vt 1.0 -0.599609
vt 1.279297 -0.599609
vt 1.5 -0.513672
vt 1.0 -0.513672
vt 0.4375 -0.59375
vt 0.4375 -0.890625
vt 0.285156 -0.59375
vt 0.285156 -0.890625
vt 0.4375 -0.890625
vt 0.4375 -0.394531
vt 0.285156 -0.394531
vt 0.285156 -0.486328
vt 0.4375 -0.394531
vt 0.4375 -0.59375
vt 0.285156 -0.59375
vt 0.4375 -0.890625
vt 0.0 5.0
vt 0.0 0.0
vt 4.0 0.0
vt 4.0 5.0
vt 0.0 3.0
vt 0.0 0.0
vt 8.0 0.0
vt 8.0 3.0
vt 1.5 -0.894531
vt 1.5 -0.597656
vt 0.0 -0.597656
vt 0.0 -0.894531
vt 1.5 -0.515625
vt 0.0 -0.515625
vt 1.5 -0.894531
vt 0.0 -0.894531
vt 0.0 -0.988281
vt 1.5 -0.988281
vt 0.841797 -0.986328
vt 0.998047 -0.986328
vt 0.966797 -0.892578
vt 0.841797 -0.892578
vt 0.498047 -0.986328
vt 0.654297 -0.986328
vt 0.654297 -0.892578
vt 0.529297 -0.892578
vt -0.470703 -1.392578
vt -0.345703 -1.392578
vt -0.345703 -1.105469
vt -0.158203 -1.392578
vt -0.158203 -1.105469
vt -0.033203 -1.392578
vt -0.158203 -0.609375
vt -0.251953 -0.515625
vt -0.345703 -0.609375
vt 1.0 0.5
vt 1.0 0.0
vt 1.03125 0.1875
vt 1.15625 0.03125
vt 1.5 0.0
vt 0.5 -0.894531
vt 0.5 -0.597656
vt 0.0 -0.597656
vt 0.0 -0.894531
vt 0.5 -0.515625
vt 0.0 -0.515625
vt 0.5 -0.894531
vt 0.0 -0.894531
vt 0.0 -0.988281
vt 0.5 -0.988281
vt 0.753906 -0.599609
vt 1.0 -0.599609
vt 1.0 -0.513672
vt 0.5 -0.513672
vt 1.0 -0.599609
vt 1.279297 -0.599609
vt 1.5 -0.513672
vt 1.0 -0.513672
vt 0.4375 -0.59375
vt 0.4375 -0.890625
vt 0.285156 -0.59375
vt 0.285156 -0.890625
vt 0.4375 -0.890625
vt 0.4375 -0.394531
vt 0.285156 -0.394531
vt 0.285156 -0.486328
vt 0.4375 -0.394531
vt 0.4375 -0.59375
vt 0.285156 -0.59375
vt 0.4375 -0.890625
vt 0.0 3.0
vt 0.0 0.0
vt 5.0 0.0
vt 5.0 3.0
vt 0.0 2.0
vt 0.0 0.0
vt 8.0 0.0
vt 8.0 2.0
vt 2.0 -0.894531
vt 2.0 -0.597656
vt 0.0 -0.597656
vt 0.0 -0.894531
vt 2.0 -0.515625
vt 0.0 -0.515625
vt 2.0 -0.894531
vt 0.0 -0.894531
vt 0.0 -0.988281
vt 2.0 -0.988281
vt 0.0 6.0
vt 0.0 0.0
vt 2.0 0.0
vt 2.0 6.0
vt 0.0 3.0
vt 0.0 0.0
vt 1.0 0.0
vt 1.0 3.0
vt 0.0 3.0
vt 0.0 0.0
vt 1.0 0.0
vt 1.0 3.0
vt 0.0 2.0
vt 0.0 0.0
vt 8.0 0.0
vt 8.0 2.0
vt 0.0 2.0
vt 0.0 0.0
vt 8.0 0.0
vt 8.0 2.0
vt 0.0 1.0
vt 0.0 0.0
vt 4.0 0.0
vt 4.0 1.0
vt 0.0 2.0
vt 0.0 0.0
vt 2.0 0.0
vt 2.0 2.0
vt 0.753906 -0.599609
vt 1.0 -0.599609
vt 1.0 -0.513672
vt 0.5 -0.513672
vt 1.0 -0.599609
vt 1.279297 -0.599609
vt 1.5 -0.513672
vt 1.0 -0.513672
vt 0.4375 -0.59375
vt 0.4375 -0.890625
vt 0.285156 -0.59375
vt 0.285156 -0.890625
vt 0.4375 -0.890625
vt 0.4375 -0.394531
vt 0.285156 -0.394531
vt 0.285156 -0.486328
vt 0.4375 -0.394531
vt 0.4375 -0.59375
vt 0.285156 -0.59375
vt 0.4375 -0.890625
vt 1.5 -0.894531
vt 1.5 -0.597656
vt 0.0 -0.597656
vt 0.0 -0.894531
vt 1.5 -0.515625
vt 0.0 -0.515625
vt 1.5 -0.894531
vt 0.0 -0.894531
vt 0.0 -0.988281
vt 1.5 -0.988281
vt 0.753906 -0.599609
vt 1.0 -0.599609
vt 1.0 -0.513672
vt 0.5 -0.513672
vt 1.0 -0.599609
vt 1.279297 -0.599609
vt 1.5 -0.513672
vt 1.0 -0.513672
vt 0.4375 -0.59375
vt 0.4375 -0.890625
vt 0.285156 -0.59375
vt 0.285156 -0.890625
vt 0.4375 -0.890625
vt 0.4375 -0.394531
vt 0.285156 -0.394531
vt 0.285156 -0.486328
vt 0.4375 -0.394531
vt 0.4375 -0.59375
vt 0.285156 -0.59375
vt 0.4375 -0.890625
vt 0.0 2.0
vt 0.0 0.0
vt 1.0 0.0
vt 1.0 2.0
vt 0.753906 -0.599609
vt 1.0 -0.599609
vt 1.0 -0.513672
vt 0.5 -0.513672
vt 1.0 -0.599609
vt 1.279297 -0.599609
vt 1.5 -0.513672
vt 1.0 -0.513672
vt 0.4375 -0.59375
vt 0.4375 -0.890625
vt 0.285156 -0.59375
vt 0.285156 -0.890625
vt 0.4375 -0.890625
vt 0.4375 -0.394531
vt 0.285156 -0.394531
vt 0.285156 -0.486328
vt 0.4375 -0.394531
vt 0.4375 -0.59375
vt 0.285156 -0.59375
vt 0.4375 -0.890625
vt 1.5 -0.894531
vt 1.5 -0.597656
vt 0.0 -0.597656
vt 0.0 -0.894531
vt 1.5 -0.515625
vt 0.0 -0.515625
vt 1.5 -0.894531
vt 0.0 -0.894531
vt 0.0 -0.988281
vt 1.5 -0.988281
vt 0.753906 -0.599609
vt 1.0 -0.599609
vt 1.0 -0.513672
vt 0.5 -0.513672
vt 1.0 -0.599609
vt 1.279297 -0.599609
vt 1.5 -0.513672
vt 1.0 -0.513672
vt 0.4375 -0.59375
vt 0.4375 -0.890625
vt 0.285156 -0.59375
vt 0.285156 -0.890625
vt 0.4375 -0.890625
vt 0.4375 -0.394531
vt 0.285156 -0.394531
vt 0.285156 -0.486328
vt 0.4375 -0.394531
vt 0.4375 -0.59375
vt 0.285156 -0.59375
vt 0.4375 -0.890625
vt 0.0 4.0
vt 0.0 0.0
vt 2.0 0.0
vt 2.0 4.0
vt 0.5 -0.894531
vt 0.5 -0.597656
vt 0.0 -0.597656
vt 0.0 -0.894531
vt 0.5 -0.515625
vt 0.0 -0.515625
vt 0.5 -0.894531
vt 0.0 -0.894531
vt 0.0 -0.988281
vt 0.5 -0.988281
vt 0.0 3.0
vt 0.0 0.0
vt 8.0 0.0
vt 8.0 3.0
vt 0.841797 -0.986328
vt 0.998047 -0.986328
vt 0.966797 -0.892578
vt 0.841797 -0.892578
vt 0.498047 -0.986328
vt 0.654297 -0.986328
vt 0.654297 -0.892578
vt 0.529297 -0.892578
vt -0.470703 -1.392578
vt -0.345703 -1.392578
vt -0.345703 -1.105469
vt -0.158203 -1.392578
vt -0.158203 -1.105469
vt -0.033203 -1.392578
vt -0.158203 -0.609375
vt -0.251953 -0.515625
vt -0.345703 -0.609375
vt 1.0 0.5
vt 1.0 0.0
vt 1.03125 0.1875
vt 1.15625 0.03125
vt 1.5 0.0
vt 1.0 -0.894531
vt 1.0 -0.597656
vt 0.0 -0.597656
vt 0.0 -0.894531
vt 1.0 -0.515625
vt 0.0 -0.515625
vt 1.0 -0.894531
vt 0.0 -0.894531
vt 0.0 -0.988281
vt 1.0 -0.988281
vt 0.841797 -0.986328
vt 0.998047 -0.986328
vt 0.966797 -0.892578
vt 0.841797 -0.892578
vt 0.498047 -0.986328
vt 0.654297 -0.986328
vt 0.654297 -0.892578
vt 0.529297 -0.892578
vt -0.470703 -1.392578
vt -0.345703 -1.392578
vt -0.345703 -1.105469
vt -0.158203 -1.392578
vt -0.158203 -1.105469
vt -0.033203 -1.392578
vt -0.158203 -0.609375
vt -0.251953 -0.515625
vt -0.345703 -0.609375
vt 1.0 0.5
vt 1.0 0.0
vt 1.03125 0.1875
vt 1.15625 0.03125
vt 1.5 0.0
vt 0.0 2.0
vt 0.0 0.0
vt 8.0 0.0
vt 8.0 2.0
vt 0.0 1.0
vt 0.0 0.0
vt 6.0 0.0
vt 6.0 1.0
vt 0.5 -0.894531
vt 0.5 -0.597656
vt 0.0 -0.597656
vt 0.0 -0.894531
vt 0.5 -0.515625
vt 0.0 -0.515625
vt 0.5 -0.894531
vt 0.0 -0.894531
vt 0.0 -0.988281
vt 0.5 -0.988281
vt 0.0 3.0
vt 0.0 0.0
vt 8.0 0.0
vt 8.0 3.0
vt 0.841797 -0.986328
vt 0.998047 -0.986328
vt 0.966797 -0.892578
vt 0.841797 -0.892578
vt 0.498047 -0.986328
vt 0.654297 -0.986328
vt 0.654297 -0.892578
vt 0.529297 -0.892578
vt -0.470703 -1.392578
vt -0.345703 -1.392578
vt -0.345703 -1.105469
vt -0.158203 -1.392578
vt -0.158203 -1.105469
vt -0.033203 -1.392578
vt -0.158203 -0.609375
vt -0.251953 -0.515625
vt -0.345703 -0.609375
vt 1.0 0.5
vt 1.0 0.0
vt 1.03125 0.1875
vt 1.15625 0.03125
vt 1.5 0.0
vt 0.753906 -0.599609
vt 1.0 -0.599609
vt 1.0 -0.513672
vt 0.5 -0.513672
vt 1.0 -0.599609
vt 1.279297 -0.599609
vt 1.5 -0.513672
vt 1.0 -0.513672
vt 0.4375 -0.59375
vt 0.4375 -0.890625
vt 0.285156 -0.59375
vt 0.285156 -0.890625
vt 0.4375 -0.890625
vt 0.4375 -0.394531
vt 0.285156 -0.394531
vt 0.285156 -0.486328
vt 0.4375 -0.394531
vt 0.4375 -0.59375
vt 0.285156 -0.59375
vt 0.4375 -0.890625
vt 0.0 2.0
vt 0.0 0.0
vt 8.0 0.0
vt 8.0 2.0
vt 0.753906 -0.599609
vt 1.0 -0.599609
vt 1.0 -0.513672
vt 0.5 -0.513672
vt 1.0 -0.599609
vt 1.279297 -0.599609
vt 1.5 -0.513672
vt 1.0 -0.513672
vt 0.4375 -0.59375
vt 0.4375 -0.890625
vt 0.285156 -0.59375
vt 0.285156 -0.890625
vt 0.4375 -0.890625
vt 0.4375 -0.394531
vt 0.285156 -0.394531
vt 0.285156 -0.486328
vt 0.4375 -0.394531
vt 0.4375 -0.59375
vt 0.285156 -0.59375
vt 0.4375 -0.890625
vt 0.5 -0.894531
vt 0.5 -0.597656
vt 0.0 -0.597656
vt 0.0 -0.894531
vt 0.5 -0.515625
vt 0.0 -0.515625
vt 0.5 -0.894531
vt 0.0 -0.894531
vt 0.0 -0.988281
vt 0.5 -0.988281
vt 0.841797 -0.986328
vt 0.998047 -0.986328
vt 0.966797 -0.892578
vt 0.841797 -0.892578
vt 0.498047 -0.986328
vt 0.654297 -0.986328
vt 0.654297 -0.892578
vt 0.529297 -0.892578
vt -0.470703 -1.392578
vt -0.345703 -1.392578
vt -0.345703 -1.105469
vt -0.158203 -1.392578
vt -0.158203 -1.105469
vt -0.033203 -1.392578
vt -0.158203 -0.609375
vt -0.251953 -0.515625
vt -0.345703 -0.609375
vt 1.0 0.5
vt 1.0 0.0
vt 1.03125 0.1875
vt 1.15625 0.03125
vt 1.5 0.0
vt 0.0 4.0
vt 0.0 0.0
vt 8.0 0.0
vt 8.0 4.0
vt 0.841797 -0.986328
vt 0.998047 -0.986328
vt 0.966797 -0.892578
vt 0.841797 -0.892578
vt 0.498047 -0.986328
vt 0.654297 -0.986328
vt 0.654297 -0.892578
vt 0.529297 -0.892578
vt -0.470703 -1.392578
vt -0.345703 -1.392578
vt -0.345703 -1.105469
vt -0.158203 -1.392578
vt -0.158203 -1.105469
vt -0.033203 -1.392578
vt -0.158203 -0.609375
vt -0.251953 -0.515625
vt -0.345703 -0.609375
vt 1.0 0.5
vt 1.0 0.0
vt 1.03125 0.1875
vt 1.15625 0.03125
vt 1.5 0.0
vt 0.753906 -0.599609
vt 1.0 -0.599609
vt 1.0 -0.513672
vt 0.5 -0.513672
vt 1.0 -0.599609
vt 1.279297 -0.599609
vt 1.5 -0.513672
vt 1.0 -0.513672
vt 0.4375 -0.59375
vt 0.4375 -0.890625
vt 0.285156 -0.59375
vt 0.285156 -0.890625
vt 0.4375 -0.890625
vt 0.4375 -0.394531
vt 0.285156 -0.394531
vt 0.285156 -0.486328
vt 0.4375 -0.394531
vt 0.4375 -0.59375
vt 0.285156 -0.59375
vt 0.4375 -0.890625
vt 0.0 3.0
vt 0.0 0.0
vt 8.0 0.0
vt 8.0 3.0
vt 0.0 1.0
vt 0.0 0.0
vt 6.0 0.0
vt 6.0 1.0
vt 3.0 -0.894531
vt 3.0 -0.597656
vt 0.0 -0.597656
vt 0.0 -0.894531
vt 3.0 -0.515625
vt 0.0 -0.515625
vt 3.0 -0.894531
vt 0.0 -0.894531
vt 0.0 -0.988281
vt 3.0 -0.988281
vt 0.5 -0.894531
vt 0.5 -0.597656
vt 0.0 -0.597656
vt 0.0 -0.894531
vt 0.5 -0.515625
vt 0.0 -0.515625
vt 0.5 -0.894531
vt 0.0 -0.894531
vt 0.0 -0.988281
vt 0.5 -0.988281
vt 0.0 2.0
vt 0.0 0.0
vt 7.0 0.0
vt 7.0 2.0
vt 0.0 1.0
vt 0.0 0.0
vt 2.0 0.0
vt 2.0 1.0
vt 1.0 -0.894531
vt 1.0 -0.597656
vt 0.0 -0.597656
vt 0.0 -0.894531
vt 1.0 -0.515625
vt 0.0 -0.515625
vt 1.0 -0.894531
vt 0.0 -0.894531
vt 0.0 -0.988281
vt 1.0 -0.988281
vt 0.753906 -0.599609
vt 1.0 -0.599609
vt 1.0 -0.513672
vt 0.5 -0.513672
vt 1.0 -0.599609
vt 1.279297 -0.599609
vt 1.5 -0.513672
vt 1.0 -0.513672
vt 0.4375 -0.59375
vt 0.4375 -0.890625
vt 0.285156 -0.59375
vt 0.285156 -0.890625
vt 0.4375 -0.890625
vt 0.4375 -0.394531
vt 0.285156 -0.394531
vt 0.285156 -0.486328
vt 0.4375 -0.394531
vt 0.4375 -0.59375
vt 0.285156 -0.59375
vt 0.4375 -0.890625
vt 0.841797 -0.986328
vt 0.998047 -0.986328
vt 0.966797 -0.892578
vt 0.841797 -0.892578
vt 0.498047 -0.986328
vt 0.654297 -0.986328
vt 0.654297 -0.892578
vt 0.529297 -0.892578
vt -0.470703 -1.392578
vt -0.345703 -1.392578
vt -0.345703 -1.105469
vt -0.158203 -1.392578
vt -0.158203 -1.105469
vt -0.033203 -1.392578
vt -0.158203 -0.609375
vt -0.251953 -0.515625
vt -0.345703 -0.609375
vt 1.0 0.5
vt 1.0 0.0
vt 1.03125 0.1875
vt 1.15625 0.03125
vt 1.5 0.0
vt 1.5 -0.894531
vt 1.5 -0.597656
vt 0.0 -0.597656
vt 0.0 -0.894531
vt 1.5 -0.515625
vt 0.0 -0.515625
vt 1.5 -0.894531
vt 0.0 -0.894531
vt 0.0 -0.988281
vt 1.5 -0.988281
vt 0.0 1.0
vt 0.0 0.0
vt 3.0 0.0
vt 3.0 1.0
vt 0.841797 -0.986328
vt 0.998047 -0.986328
vt 0.966797 -0.892578
vt 0.841797 -0.892578
vt 0.498047 -0.986328
vt 0.654297 -0.986328
vt 0.654297 -0.892578
vt 0.529297 -0.892578
vt -0.470703 -1.392578
vt -0.345703 -1.392578
vt -0.345703 -1.105469
vt -0.158203 -1.392578
vt -0.158203 -1.105469
vt -0.033203 -1.392578
vt -0.158203 -0.609375
vt -0.251953 -0.515625
vt -0.345703 -0.609375
vt 1.0 0.5
vt 1.0 0.0
vt 1.03125 0.1875
vt 1.15625 0.03125
vt 1.5 0.0
vt 0.753906 -0.599609
vt 1.0 -0.599609
vt 1.0 -0.513672
vt 0.5 -0.513672
vt 1.0 -0.599609
vt 1.279297 -0.599609
vt 1.5 -0.513672
vt 1.0 -0.513672
vt 0.4375 -0.59375
vt 0.4375 -0.890625
vt 0.285156 -0.59375
vt 0.285156 -0.890625
vt 0.4375 -0.890625
vt 0.4375 -0.394531
vt 0.285156 -0.394531
vt 0.285156 -0.486328
vt 0.4375 -0.394531
vt 0.4375 -0.59375
vt 0.285156 -0.59375
vt 0.4375 -0.890625
vt 0.0 2.0
vt 0.0 0.0
vt 8.0 0.0
vt 8.0 2.0
vt 0.5 -0.894531
vt 0.5 -0.597656
vt 0.0 -0.597656
vt 0.0 -0.894531
vt 0.5 -0.515625
vt 0.0 -0.515625
vt 0.5 -0.894531
vt 0.0 -0.894531
vt 0.0 -0.988281
vt 0.5 -0.988281
vt 0.0 1.0
vt 0.0 0.0
vt 8.0 0.0
vt 8.0 1.0
vt 0.841797 -0.986328
vt 0.998047 -0.986328
vt 0.966797 -0.892578
vt 0.841797 -0.892578
vt 0.498047 -0.986328
vt 0.654297 -0.986328
vt 0.654297 -0.892578
vt 0.529297 -0.892578
vt -0.470703 -1.392578
vt -0.345703 -1.392578
vt -0.345703 -1.105469
vt -0.158203 -1.392578
vt -0.158203 -1.105469
vt -0.033203 -1.392578
vt -0.158203 -0.609375
vt -0.251953 -0.515625
vt -0.345703 -0.609375
vt 1.0 0.5
vt 1.0 0.0
vt 1.03125 0.1875
vt 1.15625 0.03125
vt 1.5 0.0
vt 0.753906 -0.599609
vt 1.0 -0.599609
vt 1.0 -0.513672
vt 0.5 -0.513672
vt 1.0 -0.599609
vt 1.279297 -0.599609
vt 1.5 -0.513672
vt 1.0 -0.513672
vt 0.4375 -0.59375
vt 0.4375 -0.890625
vt 0.285156 -0.59375
vt 0.285156 -0.890625
vt 0.4375 -0.890625
vt 0.4375 -0.394531
vt 0.285156 -0.394531
vt 0.285156 -0.486328
vt 0.4375 -0.394531
vt 0.4375 -0.59375
vt 0.285156 -0.59375
vt 0.4375 -0.890625
vt 0.0 2.0
vt 0.0 0.0
vt 8.0 0.0
vt 8.0 2.0
vt 0.0 2.0
vt 0.0 0.0
vt 7.0 0.0
vt 7.0 2.0
vt 0.753906 -0.599609
vt 1.0 -0.599609
vt 1.0 -0.513672
vt 0.5 -0.513672
vt 1.0 -0.599609
vt 1.279297 -0.599609
vt 1.5 -0.513672
vt 1.0 -0.513672
vt 0.4375 -0.59375
vt 0.4375 -0.890625
vt 0.285156 -0.59375
vt 0.285156 -0.890625
vt 0.4375 -0.890625
vt 0.4375 -0.394531
vt 0.285156 -0.394531
vt 0.285156 -0.486328
vt 0.4375 -0.394531
vt 0.4375 -0.59375
vt 0.285156 -0.59375
vt 0.4375 -0.890625
vt 0.841797 -0.986328
vt 0.998047 -0.986328
vt 0.966797 -0.892578
vt 0.841797 -0.892578
vt 0.498047 -0.986328
vt 0.654297 -0.986328
vt 0.654297 -0.892578
vt 0.529297 -0.892578
vt -0.470703 -1.392578
vt -0.345703 -1.392578
vt -0.345703 -1.105469
vt -0.158203 -1.392578
vt -0.158203 -1.105469
vt -0.033203 -1.392578
vt -0.158203 -0.609375
vt -0.251953 -0.515625
vt -0.345703 -0.609375
vt 1.0 0.5
vt 1.0 0.0
vt 1.03125 0.1875
vt 1.15625 0.03125
vt 1.5 0.0
vt 0.5 -0.894531
vt 0.5 -0.597656
vt 0.0 -0.597656
vt 0.0 -0.894531
vt 0.5 -0.515625
vt 0.0 -0.515625
vt 0.5 -0.894531
vt 0.0 -0.894531
vt 0.0 -0.988281
vt 0.5 -0.988281
vt 0.0 1.0
vt 0.0 0.0
vt 7.0 0.0
vt 7.0 1.0
vt 0.841797 -0.986328
vt 0.998047 -0.986328
vt 0.966797 -0.892578
vt 0.841797 -0.892578
vt 0.498047 -0.986328
vt 0.654297 -0.986328
vt 0.654297 -0.892578
vt 0.529297 -0.892578
vt -0.470703 -1.392578
vt -0.345703 -1.392578
vt -0.345703 -1.105469
vt -0.158203 -1.392578
vt -0.158203 -1.105469
vt -0.033203 -1.392578
vt -0.158203 -0.609375
vt -0.251953 -0.515625
vt -0.345703 -0.609375
vt 1.0 0.5
vt 1.0 0.0
vt 1.03125 0.1875
vt 1.15625 0.03125
vt 1.5 0.0
vt 0.753906 -0.599609
vt 1.0 -0.599609
vt 1.0 -0.513672
vt 0.5 -0.513672
vt 1.0 -0.599609
vt 1.279297 -0.599609
vt 1.5 -0.513672
vt 1.0 -0.513672
vt 0.4375 -0.59375
vt 0.4375 -0.890625
vt 0.285156 -0.59375
vt 0.285156 -0.890625
vt 0.4375 -0.890625
vt 0.4375 -0.394531
vt 0.285156 -0.394531
vt 0.285156 -0.486328
vt 0.4375 -0.394531
vt 0.4375 -0.59375
vt 0.285156 -0.59375
vt 0.4375 -0.890625
vt 0.0 1.0
vt 0.0 0.0
vt 6.0 0.0
vt 6.0 1.0
vt 0.5 -0.894531
vt 0.5 -0.597656
vt 0.0 -0.597656
vt 0.0 -0.894531
vt 0.5 -0.515625
vt 0.0 -0.515625
vt 0.5 -0.894531
vt 0.0 -0.894531
vt 0.0 -0.988281
vt 0.5 -0.988281
vt 0.0 3.0
vt 0.0 0.0
vt 2.0 0.0
vt 2.0 3.0
vt 0.0 1.0
vt 0.0 0.0
vt 3.0 0.0
vt 3.0 1.0
vt 0.841797 -0.986328
vt 0.998047 -0.986328
vt 0.966797 -0.892578
vt 0.841797 -0.892578
vt 0.498047 -0.986328
vt 0.654297 -0.986328
vt 0.654297 -0.892578
vt 0.529297 -0.892578
vt -0.470703 -1.392578
vt -0.345703 -1.392578
vt -0.345703 -1.105469
vt -0.158203 -1.392578
vt -0.158203 -1.105469
vt -0.033203 -1.392578
vt -0.158203 -0.609375
vt -0.251953 -0.515625
vt -0.345703 -0.609375
vt 1.0 0.5
vt 1.0 0.0
vt 1.03125 0.1875
vt 1.15625 0.03125
vt 1.5 0.0
vt 0.753906 -0.599609
vt 1.0 -0.599609
vt 1.0 -0.513672
vt 0.5 -0.513672
vt 1.0 -0.599609
vt 1.279297 -0.599609
vt 1.5 -0.513672
vt 1.0 -0.513672
vt 0.4375 -0.59375
vt 0.4375 -0.890625
vt 0.285156 -0.59375
vt 0.285156 -0.890625
vt 0.4375 -0.890625
vt 0.4375 -0.394531
vt 0.285156 -0.394531
vt 0.285156 -0.486328
vt 0.4375 -0.394531
vt 0.4375 -0.59375
vt 0.285156 -0.59375
vt 0.4375 -0.890625
vt 0.0 3.0
vt 0.0 0.0
vt 6.0 0.0
vt 6.0 3.0
vt 3.0 -0.894531
vt 3.0 -0.597656
vt 0.0 -0.597656
vt 0.0 -0.894531
vt 3.0 -0.515625
vt 0.0 -0.515625
vt 3.0 -0.894531
vt 0.0 -0.894531
vt 0.0 -0.988281
vt 3.0 -0.988281
vt 0.0 3.0
vt 0.0 0.0
vt 6.0 0.0
vt 6.0 3.0
vt 0.753906 -0.599609
vt 1.0 -0.599609
vt 1.0 -0.513672
vt 0.5 -0.513672
vt 1.0 -0.599609
vt 1.279297 -0.599609
vt 1.5 -0.513672
vt 1.0 -0.513672
vt 0.4375 -0.59375
vt 0.4375 -0.890625
vt 0.285156 -0.59375
vt 0.285156 -0.890625
vt 0.4375 -0.890625
vt 0.4375 -0.394531
vt 0.285156 -0.394531
vt 0.285156 -0.486328
vt 0.4375 -0.394531
vt 0.4375 -0.59375
vt 0.285156 -0.59375
vt 0.4375 -0.890625
vt 0.5 -0.894531
vt 0.5 -0.597656
vt 0.0 -0.597656
vt 0.0 -0.894531
vt 0.5 -0.515625
vt 0.0 -0.515625
vt 0.5 -0.894531
vt 0.0 -0.894531
vt 0.0 -0.988281
vt 0.5 -0.988281
vt 0.841797 -0.986328
vt 0.998047 -0.986328
vt 0.966797 -0.892578
vt 0.841797 -0.892578
vt 0.498047 -0.986328
vt 0.654297 -0.986328
vt 0.654297 -0.892578
vt 0.529297 -0.892578
vt -0.470703 -1.392578
vt -0.345703 -1.392578
vt -0.345703 -1.105469
vt -0.158203 -1.392578
vt -0.158203 -1.105469
vt -0.033203 -1.392578
vt -0.158203 -0.609375
vt -0.251953 -0.515625
vt -0.345703 -0.609375
vt 1.0 0.5
vt 1.0 0.0
vt 1.03125 0.1875
vt 1.15625 0.03125
vt 1.5 0.0
vt 0.0 4.0
vt 0.0 0.0
vt 1.0 0.0
vt 1.0 4.0
vt 1.0 -0.894531
vt 1.0 -0.597656
vt 0.0 -0.597656
vt 0.0 -0.894531
vt 1.0 -0.515625
vt 0.0 -0.515625
vt 1.0 -0.894531
vt 0.0 -0.894531
vt 0.0 -0.988281
vt 1.0 -0.988281
vt 0.0 1.0
vt 0.0 0.0
vt 5.0 0.0
vt 5.0 1.0
vt 0.0 3.0
vt 0.0 0.0
vt 5.0 0.0
vt 5.0 3.0
vt 0.0 2.0
vt 0.0 0.0
vt 4.0 0.0
vt 4.0 2.0
vt 0.753906 -0.599609
vt 1.0 -0.599609
vt 1.0 -0.513672
vt 0.5 -0.513672
vt 1.0 -0.599609
vt 1.279297 -0.599609
vt 1.5 -0.513672
vt 1.0 -0.513672
vt 0.4375 -0.59375
vt 0.4375 -0.890625
vt 0.285156 -0.59375
vt 0.285156 -0.890625
vt 0.4375 -0.890625
vt 0.4375 -0.394531
vt 0.285156 -0.394531
vt 0.285156 -0.486328
vt 0.4375 -0.394531
vt 0.4375 -0.59375
vt 0.285156 -0.59375
vt 0.4375 -0.890625
vt 2.0 -0.894531
vt 2.0 -0.597656
vt 0.0 -0.597656
vt 0.0 -0.894531
vt 2.0 -0.515625
vt 0.0 -0.515625
vt 2.0 -0.894531
vt 0.0 -0.894531
vt 0.0 -0.988281
vt 2.0 -0.988281
vt 0.841797 -0.986328
vt 0.998047 -0.986328
vt 0.966797 -0.892578
vt 0.841797 -0.892578
vt 0.498047 -0.986328
vt 0.654297 -0.986328
vt 0.654297 -0.892578
vt 0.529297 -0.892578
vt -0.470703 -1.392578
vt -0.345703 -1.392578
vt -0.345703 -1.105469
vt -0.158203 -1.392578
vt -0.158203 -1.105469
vt -0.033203 -1.392578
vt -0.158203 -0.609375
vt -0.251953 -0.515625
vt -0.345703 -0.609375
vt 1.0 0.5
vt 1.0 0.0
vt 1.03125 0.1875
vt 1.15625 0.03125
vt 1.5 0.0
vt 0.0 2.0
vt 0.0 0.0
vt 1.0 0.0
vt 1.0 2.0
vt 0.0 5.0
vt 0.0 0.0
vt 3.0 0.0
vt 3.0 5.0
vt 0.753906 -0.599609
vt 1.0 -0.599609
vt 1.0 -0.513672
vt 0.5 -0.513672
vt 1.0 -0.599609
vt 1.279297 -0.599609
vt 1.5 -0.513672
vt 1.0 -0.513672
vt 0.4375 -0.59375
vt 0.4375 -0.890625
vt 0.285156 -0.59375
vt 0.285156 -0.890625
vt 0.4375 -0.890625
vt 0.4375 -0.394531
vt 0.285156 -0.394531
vt 0.285156 -0.486328
vt 0.4375 -0.394531
vt 0.4375 -0.59375
vt 0.285156 -0.59375
vt 0.4375 -0.890625
vt 1.5 -0.894531
vt 1.5 -0.597656
vt 0.0 -0.597656
vt 0.0 -0.894531
vt 1.5 -0.515625
vt 0.0 -0.515625
vt 1.5 -0.894531
vt 0.0 -0.894531
vt 0.0 -0.988281
vt 1.5 -0.988281
vt 0.753906 -0.599609
vt 1.0 -0.599609
vt 1.0 -0.513672
vt 0.5 -0.513672
vt 1.0 -0.599609
vt 1.279297 -0.599609
vt 1.5 -0.513672
vt 1.0 -0.513672
vt 0.4375 -0.59375
vt 0.4375 -0.890625
vt 0.285156 -0.59375
vt 0.285156 -0.890625
vt 0.4375 -0.890625
vt 0.4375 -0.394531
vt 0.285156 -0.394531
vt 0.285156 -0.486328
vt 0.4375 -0.394531
vt 0.4375 -0.59375
vt 0.285156 -0.59375
vt 0.4375 -0.890625
vt 0.0 5.0
vt 0.0 0.0
vt 2.0 0.0
vt 2.0 5.0
vt 0.0 2.0
vt 0.0 0.0
vt 2.0 0.0
vt 2.0 2.0
vt 0.0 1.0
vt 0.0 0.0
vt 1.0 0.0
vt 1.0 1.0
vt 2.0 -2.0E-6
vt 0.0 -2.0E-6
vt 2.0 2.000002
vt 0.0 2.000002
vt 2.0 1.999998
vt 0.0 1.999998
vt 2.0 4.000002
vt 0.0 4.000002
vt 2.0 6.000002
vt 0.0 6.000002
vt 2.0 3.999998
vt 0.0 3.999998
vt 2.0 8.000002
vt 0.0 8.000002
vt 2.0 5.999998
vt 0.0 5.999998
vt 4.0 -2.0E-6
vt 2.0 -2.0E-6
vt 4.0 2.000002
vt 2.0 2.000002
vt 4.0 1.999998
vt 2.0 1.999998
vt 4.0 4.000002
vt 2.0 4.000002
vt 4.0 6.000002
vt 2.0 6.000002
vt 4.0 3.999998
vt 2.0 3.999998
vt 4.0 8.000002
vt 2.0 8.000002
vt 4.0 5.999998
vt 2.0 5.999998
vt 6.0 -2.0E-6
vt 4.0 -2.0E-6
vt 6.0 2.000002
vt 4.0 2.000002
vt 6.0 1.999998
vt 4.0 1.999998
vt 6.0 4.000002
vt 4.0 4.000002
vt 6.0 6.000002
vt 4.0 6.000002
vt 6.0 3.999998
vt 4.0 3.999998
vt 6.0 8.000002
vt 4.0 8.000002
vt 6.0 5.999998
vt 4.0 5.999998
vt 8.0 -2.0E-6
vt 6.0 -2.0E-6
vt 8.0 2.000002
vt 6.0 2.000002
vt 8.0 1.999998
vt 6.0 1.999998
vt 8.0 4.000002
vt 6.0 4.000002
vt 8.0 6.000002
vt 6.0 6.000002
vt 8.0 3.999998
vt 6.0 3.999998
vt 8.0 8.000002
vt 6.0 8.000002
vt 8.0 5.999998
vt 6.0 5.999998
vn 0.0 -0.0 1.0
vn 0.0 -0.0 1.0
vn 0.0 -0.0 1.0
vn 0.0 -0.9371 0.3492
vn 0.6193 -0.6885 0.3775
vn 0.5992 -0.7069 0.3759
vn 0.882 -0.441 0.1664
vn 0.6447 -0.7456 0.1685
vn 0.6542 -0.7372 0.1688
vn -0.8794 0.4547 0.1415
vn -0.6542 -0.7372 0.1688
vn -0.3228 -0.9351 0.1466
vn -0.6447 -0.7456 0.1685
vn 0.8301 -0.4151 0.3724
vn -0.882 -0.441 0.1664
vn 0.3228 -0.9351 0.1466
vn -0.3078 -0.8916 0.3322
vn 0.5292 0.7978 0.2889
vn 0.6624 0.7037 0.2571
vn 0.6464 0.7168 0.2615
vn 0.8822 0.4405 0.1664
vn -0.3226 0.8737 0.3643
vn -0.0069 0.8033 0.5955
vn 0.1431 0.726 0.6726
vn 0.5903 0.2944 0.7516
vn 0.5902 -0.2951 0.7514
vn 0.4073 -0.5171 0.7528
vn 0.4417 -0.4814 0.7571
vn 0.2307 -0.6685 0.707
vn 0.1484 0.8323 0.534
vn -0.1958 0.6669 0.719
vn -0.2526 0.6255 0.7382
vn -0.58 0.2821 0.7642
vn -0.4183 -0.2091 0.8839
vn -0.3364 0.8606 0.3823
vn -0.8069 0.4311 0.4038
vn -0.2307 -0.6685 0.707
vn -0.9361 0.2695 0.2259
vn 0.8305 0.4142 0.3725
vn -0.3541 0.934 0.0472
vn -0.0 0.0 1.0
vn 0.0 -0.0 1.0
vn 0.0 -0.0 1.0
vn 0.0 -0.0 1.0
vn 0.0 -0.0 1.0
vn 0.0 -0.0 1.0
vn 0.0 -0.0 1.0
vn 0.0 -0.0 1.0
vn 0.0 -0.0 1.0
vn 0.0 -0.0 1.0
vn 0.0 -0.0 1.0
vn 0.0 -0.0 1.0
vn 0.0 -0.0 1.0
vn 0.0 -0.0 1.0
vn -0.9371 -0.0 0.3492
vn -0.6885 -0.6193 0.3775
vn -0.7069 -0.5992 0.3759
vn -0.441 -0.882 0.1664
vn -0.7456 -0.6447 0.1685
vn -0.7372 -0.6542 0.1688
vn 0.4547 0.8794 0.1415
vn -0.7372 0.6542 0.1688
vn -0.9351 0.3228 0.1466
vn -0.7456 0.6447 0.1685
vn -0.4151 -0.8301 0.3724
vn -0.441 0.882 0.1664
vn -0.9351 -0.3228 0.1466
vn -0.8916 0.3078 0.3322
vn 0.7978 -0.5292 0.2889
vn 0.7037 -0.6624 0.2571
vn 0.7168 -0.6464 0.2615
vn 0.4405 -0.8822 0.1664
vn 0.8737 0.3226 0.3643
vn 0.8033 0.0069 0.5955
vn 0.726 -0.1431 0.6726
vn 0.2944 -0.5903 0.7516
vn -0.2951 -0.5902 0.7514
vn -0.5171 -0.4073 0.7528
vn -0.4814 -0.4417 0.7571
vn -0.6685 -0.2307 0.707
vn 0.8323 -0.1484 0.534
vn 0.6669 0.1958 0.719
vn 0.6255 0.2526 0.7382
vn 0.2821 0.58 0.7642
vn -0.2091 0.4183 0.8839
vn 0.8606 0.3364 0.3823
vn 0.4311 0.8069 0.4038
vn -0.6685 0.2307 0.707
vn 0.2695 0.9361 0.2259
vn 0.4142 -0.8305 0.3725
vn 0.934 0.3541 0.0472
vn 0.0 0.0 1.0
vn 0.0 -0.0 1.0
vn 0.0 -0.0 1.0
vn 0.0 -0.0 1.0
vn 0.0 -0.0 1.0
vn 0.0 -0.0 1.0
vn 0.0 -0.0 1.0
vn 0.0 -0.0 1.0
vn 0.0 -0.0 1.0
vn 0.0 -0.0 1.0
vn 0.0 -0.0 1.0
vn 0.0 -0.0 1.0
vn 0.0 -0.0 1.0
vn 0.0 -0.0 1.0
vn 0.0 -0.0 1.0
vn 0.0 -0.0 1.0
vn 0.0 -0.0 1.0
vn 0.0 -0.0 1.0
vn 0.0 -0.0 1.0
vn 0.0 -0.0 1.0
vn 0.0 -0.9371 0.3492
vn 0.6193 -0.6885 0.3775
vn 0.5992 -0.7069 0.3759
vn 0.882 -0.441 0.1664
vn 0.6447 -0.7456 0.1685
vn 0.6542 -0.7372 0.1688
vn -0.8794 0.4547 0.1415
vn -0.6542 -0.7372 0.1688
vn -0.3228 -0.9351 0.1466
vn -0.6447 -0.7456 0.1685
vn 0.8301 -0.4151 0.3724
vn -0.882 -0.441 0.1664
vn 0.3228 -0.9351 0.1466
vn -0.3078 -0.8916 0.3322
vn 0.5292 0.7978 0.2889
vn 0.6624 0.7037 0.2571
vn 0.6464 0.7168 0.2615
vn 0.8822 0.4405 0.1664
vn -0.3226 0.8737 0.3643
vn -0.0069 0.8033 0.5955
vn 0.1431 0.726 0.6726
vn 0.5903 0.2944 0.7516
vn 0.5902 -0.2951 0.7514
vn 0.4073 -0.5171 0.7528
vn 0.4417 -0.4814 0.7571
vn 0.2307 -0.6685 0.707
vn 0.1484 0.8323 0.534
vn -0.1958 0.6669 0.719
vn -0.2526 0.6255 0.7382
vn -0.58 0.2821 0.7642
vn -0.4183 -0.2091 0.8839
vn -0.3364 0.8606 0.3823
vn -0.8069 0.4311 0.4038
vn -0.2307 -0.6685 0.707
vn -0.9361 0.2695 0.2259
vn 0.8305 0.4142 0.3725
vn -0.3541 0.934 0.0472
vn -0.0 0.0 1.0
vn 0.0 -0.0 1.0
vn 0.0 -0.0 1.0
vn 0.0 -0.0 1.0
vn 0.0 -0.0 1.0
vn 0.0 -0.0 1.0
vn 0.0 -0.0 1.0
vn 0.0 -0.0 1.0
vn 0.0 -0.0 1.0
vn 0.0 -0.0 1.0
vn 0.0 -0.0 1.0
vn 0.0 -0.0 1.0
vn 0.0 -0.0 1.0
vn 0.0 -0.0 1.0
vn 0.0 -0.0 1.0
vn -0.9371 -0.0 0.3492
vn -0.6885 -0.6193 0.3775
vn -0.7069 -0.5992 0.3759
vn -0.441 -0.882 0.1664
vn -0.7456 -0.6447 0.1685
vn -0.7372 -0.6542 0.1688
vn 0.4547 0.8794 0.1415
vn -0.7372 0.6542 0.1688
vn -0.9351 0.3228 0.1466
vn -0.7456 0.6447 0.1685
vn -0.4151 -0.8301 0.3724
vn -0.441 0.882 0.1664
vn -0.9351 -0.3228 0.1466
vn -0.8916 0.3078 0.3322
vn 0.7978 -0.5292 0.2889
vn 0.7037 -0.6624 0.2571
vn 0.7168 -0.6464 0.2615
vn 0.4405 -0.8822 0.1664
vn 0.8737 0.3226 0.3643
vn 0.8033 0.0069 0.5955
vn 0.726 -0.1431 0.6726
vn 0.2944 -0.5903 0.7516
vn -0.2951 -0.5902 0.7514
vn -0.5171 -0.4073 0.7528
vn -0.4814 -0.4417 0.7571
vn -0.6685 -0.2307 0.707
vn 0.8323 -0.1484 0.534
vn 0.6669 0.1958 0.719
vn 0.6255 0.2526 0.7382
vn 0.2821 0.58 0.7642
vn -0.2091 0.4183 0.8839
vn 0.8606 0.3364 0.3823
vn 0.4311 0.8069 0.4038
vn -0.6685 0.2307 0.707
vn 0.2695 0.9361 0.2259
vn 0.4142 -0.8305 0.3725
vn 0.934 0.3541 0.0472
vn 0.0 0.0 1.0
vn 0.0 -0.0 1.0
vn 0.0 -0.0 1.0
vn 0.0 -0.0 1.0
vn 0.0 -0.0 1.0
vn -0.9371 -0.0 0.3492
vn -0.6885 -0.6193 0.3775
vn -0.7069 -0.5992 0.3759
vn -0.441 -0.882 0.1664
vn -0.7456 -0.6447 0.1685
vn -0.7372 -0.6542 0.1688
vn 0.4547 0.8794 0.1415
vn -0.7372 0.6542 0.1688
vn -0.9351 0.3228 0.1466
vn -0.7456 0.6447 0.1685
vn -0.4151 -0.8301 0.3724
vn -0.441 0.882 0.1664
vn -0.9351 -0.3228 0.1466
vn -0.8916 0.3078 0.3322
vn 0.7978 -0.5292 0.2889
vn 0.7037 -0.6624 0.2571
vn 0.7168 -0.6464 0.2615
vn 0.4405 -0.8822 0.1664
vn 0.8737 0.3226 0.3643
vn 0.8033 0.0069 0.5955
vn 0.726 -0.1431 0.6726
vn 0.2944 -0.5903 0.7516
vn -0.2951 -0.5902 0.7514
vn -0.5171 -0.4073 0.7528
vn -0.4814 -0.4417 0.7571
vn -0.6685 -0.2307 0.707
vn 0.8323 -0.1484 0.534
vn 0.6669 0.1958 0.719
vn 0.6255 0.2526 0.7382
vn 0.2821 0.58 0.7642
vn -0.2091 0.4183 0.8839
vn 0.8606 0.3364 0.3823
vn 0.4311 0.8069 0.4038
vn -0.6685 0.2307 0.707
vn 0.2695 0.9361 0.2259
vn 0.4142 -0.8305 0.3725
vn 0.934 0.3541 0.0472
vn 0.0 0.0 1.0
vn 0.0 -0.0 1.0
vn 0.0 -0.0 1.0
vn 0.0 -0.0 1.0
vn 0.0 -0.0 1.0
vn 0.0 -0.0 1.0
vn 0.0 -0.0 1.0
vn 0.0 -0.0 1.0
vn 0.0 -0.0 1.0
vn 0.0 -0.0 1.0
vn 0.0 -0.0 1.0
vn 0.3865 0.3865 0.8374
vn 0.526 -0.0 0.8505
vn 0.0 -0.0 1.0
vn -0.0 0.526 0.8505
vn -0.0 0.5259 0.8505
vn 0.3262 0.6425 0.6934
vn 0.4629 0.4629 0.7559
vn 0.6426 0.3262 0.6933
vn 0.6426 0.3262 0.6934
vn 0.3262 0.6426 0.6934
vn 0.5259 -0.0 0.8505
vn 0.7071 0.0 0.7071
vn 0.5258 0.0 0.8506
vn 0.0 -0.0 1.0
vn 0.426 0.0 0.9047
vn 0.3865 -0.3865 0.8374
vn -0.0 -0.526 0.8505
vn -0.0 -0.0 1.0
vn 0.526 0.0 0.8505
vn 0.5259 0.0 0.8505
vn 0.6425 -0.3262 0.6934
vn 0.4629 -0.4629 0.7559
vn 0.3262 -0.6426 0.6933
vn 0.3262 -0.6426 0.6934
vn 0.6426 -0.3262 0.6934
vn -0.0 -0.5259 0.8505
vn 0.0 -0.0 1.0
vn 0.0 -0.0 1.0
vn 0.3865 0.3865 0.8374
vn 0.526 -0.0 0.8505
vn 0.0 -0.0 1.0
vn -0.0 0.526 0.8505
vn -0.0 0.5259 0.8505
vn 0.3262 0.6425 0.6934
vn 0.4629 0.4629 0.7559
vn 0.6426 0.3262 0.6933
vn 0.6426 0.3262 0.6934
vn 0.3262 0.6426 0.6934
vn 0.5259 -0.0 0.8505
vn 0.7071 0.0 0.7071
vn 0.5258 0.0 0.8506
vn 0.0 -0.0 1.0
vn 0.426 0.0 0.9047
vn 0.0808 0.1651 0.983
vn 0.0178 0.2269 0.9738
vn 0.0558 0.6983 0.7136
vn 0.3474 0.5641 0.7491
vn 0.1819 0.0679 0.981
vn 0.1788 0.0657 0.9817
vn 0.5999 0.2295 0.7665
vn 0.6978 0.0672 0.7132
vn 0.6948 0.0644 0.7163
vn 0.6012 0.2303 0.7652
vn 0.6426 0.3262 0.6933
vn 0.3477 0.5703 0.7442
vn 0.25 0.5665 0.7852
vn 0.0567 0.6961 0.7157
vn -0.0 -0.0 1.0
vn 0.6425 0.3262 0.6933
vn 0.0 -0.0 1.0
vn 0.1651 -0.0808 0.983
vn 0.2269 -0.0178 0.9738
vn 0.6983 -0.0558 0.7136
vn 0.5641 -0.3474 0.7491
vn 0.0679 -0.1819 0.981
vn 0.0657 -0.1788 0.9817
vn 0.2295 -0.5999 0.7665
vn 0.0672 -0.6978 0.7132
vn 0.0644 -0.6948 0.7163
vn 0.2303 -0.6012 0.7652
vn 0.3262 -0.6426 0.6933
vn 0.5703 -0.3477 0.7442
vn 0.5665 -0.25 0.7852
vn 0.6961 -0.0567 0.7157
vn -0.0 0.0 1.0
vn 0.3262 -0.6425 0.6933
vn 0.7071 0.0 0.7071
vn 0.5258 0.0 0.8506
vn 0.0 -0.0 1.0
vn 0.426 0.0 0.9047
vn 0.3865 -0.3865 0.8374
vn -0.0 -0.526 0.8505
vn -0.0 -0.0 1.0
vn 0.526 0.0 0.8505
vn 0.5259 0.0 0.8505
vn 0.6425 -0.3262 0.6934
vn 0.4629 -0.4629 0.7559
vn 0.3262 -0.6426 0.6933
vn 0.3262 -0.6426 0.6934
vn 0.6426 -0.3262 0.6934
vn -0.0 -0.5259 0.8505
vn 0.0 -0.0 1.0
vn 0.7071 0.0 0.7071
vn 0.5258 0.0 0.8506
vn 0.0 -0.0 1.0
vn 0.426 0.0 0.9047
vn 0.0808 0.1651 0.983
vn 0.0178 0.2269 0.9738
vn 0.0558 0.6983 0.7136
vn 0.3474 0.5641 0.7491
vn 0.1819 0.0679 0.981
vn 0.1788 0.0657 0.9817
vn 0.5999 0.2295 0.7665
vn 0.6978 0.0672 0.7132
vn 0.6948 0.0644 0.7163
vn 0.6012 0.2303 0.7652
vn 0.6426 0.3262 0.6933
vn 0.3477 0.5703 0.7442
vn 0.25 0.5665 0.7852
vn 0.0567 0.6961 0.7157
vn -0.0 -0.0 1.0
vn 0.6425 0.3262 0.6933
vn 0.0 -0.0 1.0
vn 0.0 -0.0 1.0
vn 0.1651 -0.0808 0.983
vn 0.2269 -0.0178 0.9738
vn 0.6983 -0.0558 0.7136
vn 0.5641 -0.3474 0.7491
vn 0.0679 -0.1819 0.981
vn 0.0657 -0.1788 0.9817
vn 0.2295 -0.5999 0.7665
vn 0.0672 -0.6978 0.7132
vn 0.0644 -0.6948 0.7163
vn 0.2303 -0.6012 0.7652
vn 0.3262 -0.6426 0.6933
vn 0.5703 -0.3477 0.7442
vn 0.5665 -0.25 0.7852
vn 0.6961 -0.0567 0.7157
vn -0.0 0.0 1.0
vn 0.3262 -0.6425 0.6933
vn 0.7071 0.0 0.7071
vn 0.5258 0.0 0.8506
vn 0.0 -0.0 1.0
vn 0.426 0.0 0.9047
vn 0.3865 -0.3865 0.8374
vn -0.0 -0.526 0.8505
vn -0.0 -0.0 1.0
vn 0.526 0.0 0.8505
vn 0.5259 0.0 0.8505
vn 0.6425 -0.3262 0.6934
vn 0.4629 -0.4629 0.7559
vn 0.3262 -0.6426 0.6933
vn 0.3262 -0.6426 0.6934
vn 0.6426 -0.3262 0.6934
vn -0.0 -0.5259 0.8505
vn 0.0 -0.0 1.0
vn 0.0 -0.0 1.0
vn 0.0 -0.0 1.0
vn 0.0 -0.0 1.0
vn 0.1651 -0.0808 0.983
vn 0.2269 -0.0178 0.9738
vn 0.6983 -0.0558 0.7136
vn 0.5641 -0.3474 0.7491
vn 0.0679 -0.1819 0.981
vn 0.0657 -0.1788 0.9817
vn 0.2295 -0.5999 0.7665
vn 0.0672 -0.6978 0.7132
vn 0.0644 -0.6948 0.7163
vn 0.2303 -0.6012 0.7652
vn 0.3262 -0.6426 0.6933
vn 0.5703 -0.3477 0.7442
vn 0.5665 -0.25 0.7852
vn 0.6961 -0.0567 0.7157
vn -0.0 0.0 1.0
vn 0.3262 -0.6425 0.6933
vn 0.7071 0.0 0.7071
vn 0.5258 0.0 0.8506
vn 0.0 -0.0 1.0
vn 0.426 0.0 0.9047
vn 0.3865 -0.3865 0.8374
vn -0.0 -0.526 0.8505
vn -0.0 -0.0 1.0
vn 0.526 0.0 0.8505
vn 0.5259 0.0 0.8505
vn 0.6425 -0.3262 0.6934
vn 0.4629 -0.4629 0.7559
vn 0.3262 -0.6426 0.6933
vn 0.3262 -0.6426 0.6934
vn 0.6426 -0.3262 0.6934
vn -0.0 -0.5259 0.8505
vn 0.0 -0.0 1.0
vn 0.0 -0.0 1.0
vn 0.0 -0.7071 0.7071
vn 0.0 -0.5258 0.8506
vn -0.0 -0.0 1.0
vn 0.0 -0.426 0.9047
vn 0.1651 -0.0808 0.983
vn 0.2269 -0.0178 0.9738
vn 0.6983 -0.0558 0.7136
vn 0.5641 -0.3474 0.7491
vn 0.0679 -0.1819 0.981
vn 0.0657 -0.1788 0.9817
vn 0.2295 -0.5999 0.7665
vn 0.0672 -0.6978 0.7132
vn 0.0644 -0.6948 0.7163
vn 0.2303 -0.6012 0.7652
vn 0.3262 -0.6426 0.6933
vn 0.5703 -0.3477 0.7442
vn 0.5665 -0.25 0.7852
vn 0.6961 -0.0567 0.7157
vn -0.0 0.0 1.0
vn 0.3262 -0.6425 0.6933
vn 0.7071 0.0 0.7071
vn 0.5258 0.0 0.8506
vn 0.0 -0.0 1.0
vn 0.426 0.0 0.9047
vn 0.3865 -0.3865 0.8374
vn -0.0 -0.526 0.8505
vn -0.0 -0.0 1.0
vn 0.526 0.0 0.8505
vn 0.5259 0.0 0.8505
vn 0.6425 -0.3262 0.6934
vn 0.4629 -0.4629 0.7559
vn 0.3262 -0.6426 0.6933
vn 0.3262 -0.6426 0.6934
vn 0.6426 -0.3262 0.6934
vn -0.0 -0.5259 0.8505
vn 0.0 -0.0 1.0
vn 0.0 -0.0 1.0
vn 0.0 -0.7071 0.7071
vn 0.0 -0.5258 0.8506
vn -0.0 -0.0 1.0
vn 0.0 -0.426 0.9047
vn 0.0 -0.0 1.0
vn 0.0 -0.0 1.0
vn 0.0 -0.0 1.0
vn 0.0 -0.0 1.0
vn 0.0 -0.0 1.0
vn 0.0 -0.0 1.0
vn 0.0 -0.0 1.0
vn 0.3865 0.3865 0.8374
vn 0.526 -0.0 0.8505
vn 0.0 -0.0 1.0
vn -0.0 0.526 0.8505
vn -0.0 0.5259 0.8505
vn 0.3262 0.6425 0.6934
vn 0.4629 0.4629 0.7559
vn 0.6426 0.3262 0.6933
vn 0.6426 0.3262 0.6934
vn 0.3262 0.6426 0.6934
vn 0.5259 -0.0 0.8505
vn 0.7071 0.0 0.7071
vn 0.5258 0.0 0.8506
vn 0.0 -0.0 1.0
vn 0.426 0.0 0.9047
vn 0.3865 -0.3865 0.8374
vn -0.0 -0.526 0.8505
vn -0.0 -0.0 1.0
vn 0.526 0.0 0.8505
vn 0.5259 0.0 0.8505
vn 0.6425 -0.3262 0.6934
vn 0.4629 -0.4629 0.7559
vn 0.3262 -0.6426 0.6933
vn 0.3262 -0.6426 0.6934
vn 0.6426 -0.3262 0.6934
vn -0.0 -0.5259 0.8505
vn 0.0 -0.0 1.0
vn 0.3865 0.3865 0.8374
vn 0.526 -0.0 0.8505
vn 0.0 -0.0 1.0
vn -0.0 0.526 0.8505
vn -0.0 0.5259 0.8505
vn 0.3262 0.6425 0.6934
vn 0.4629 0.4629 0.7559
vn 0.6426 0.3262 0.6933
vn 0.6426 0.3262 0.6934
vn 0.3262 0.6426 0.6934
vn 0.5259 -0.0 0.8505
vn 0.7071 0.0 0.7071
vn 0.5258 0.0 0.8506
vn 0.0 -0.0 1.0
vn 0.426 0.0 0.9047
vn 0.3865 -0.3865 0.8374
vn -0.0 -0.526 0.8505
vn -0.0 -0.0 1.0
vn 0.526 0.0 0.8505
vn 0.5259 0.0 0.8505
vn 0.6425 -0.3262 0.6934
vn 0.4629 -0.4629 0.7559
vn 0.3262 -0.6426 0.6933
vn 0.3262 -0.6426 0.6934
vn 0.6426 -0.3262 0.6934
vn -0.0 -0.5259 0.8505
vn 0.0 -0.0 1.0
vn -0.0 0.7071 0.7071
vn -0.0 0.5258 0.8506
vn 0.0 0.0 1.0
vn -0.0 0.426 0.9047
vn 0.0 -0.0 1.0
vn 0.1651 -0.0808 0.983
vn 0.2269 -0.0178 0.9738
vn 0.6983 -0.0558 0.7136
vn 0.5641 -0.3474 0.7491
vn 0.0679 -0.1819 0.981
vn 0.0657 -0.1788 0.9817
vn 0.2295 -0.5999 0.7665
vn 0.0672 -0.6978 0.7132
vn 0.0644 -0.6948 0.7163
vn 0.2303 -0.6012 0.7652
vn 0.3262 -0.6426 0.6933
vn 0.5703 -0.3477 0.7442
vn 0.5665 -0.25 0.7852
vn 0.6961 -0.0567 0.7157
vn -0.0 0.0 1.0
vn 0.3262 -0.6425 0.6933
vn 0.7071 0.0 0.7071
vn 0.5258 0.0 0.8506
vn 0.0 -0.0 1.0
vn 0.426 0.0 0.9047
vn 0.0808 0.1651 0.983
vn 0.0178 0.2269 0.9738
vn 0.0558 0.6983 0.7136
vn 0.3474 0.5641 0.7491
vn 0.1819 0.0679 0.981
vn 0.1788 0.0657 0.9817
vn 0.5999 0.2295 0.7665
vn 0.6978 0.0672 0.7132
vn 0.6948 0.0644 0.7163
vn 0.6012 0.2303 0.7652
vn 0.6426 0.3262 0.6933
vn 0.3477 0.5703 0.7442
vn 0.25 0.5665 0.7852
vn 0.0567 0.6961 0.7157
vn -0.0 -0.0 1.0
vn 0.6425 0.3262 0.6933
vn 0.0 -0.0 1.0
vn 0.0 -0.0 1.0
vn 0.0 -0.7071 0.7071
vn 0.0 -0.5258 0.8506
vn -0.0 -0.0 1.0
vn 0.0 -0.426 0.9047
vn 0.0 -0.0 1.0
vn 0.1651 -0.0808 0.983
vn 0.2269 -0.0178 0.9738
vn 0.6983 -0.0558 0.7136
vn 0.5641 -0.3474 0.7491
vn 0.0679 -0.1819 0.981
vn 0.0657 -0.1788 0.9817
vn 0.2295 -0.5999 0.7665
vn 0.0672 -0.6978 0.7132
vn 0.0644 -0.6948 0.7163
vn 0.2303 -0.6012 0.7652
vn 0.3262 -0.6426 0.6933
vn 0.5703 -0.3477 0.7442
vn 0.5665 -0.25 0.7852
vn 0.6961 -0.0567 0.7157
vn -0.0 0.0 1.0
vn 0.3262 -0.6425 0.6933
vn 0.3865 -0.3865 0.8374
vn -0.0 -0.526 0.8505
vn -0.0 -0.0 1.0
vn 0.526 0.0 0.8505
vn 0.5259 0.0 0.8505
vn 0.6425 -0.3262 0.6934
vn 0.4629 -0.4629 0.7559
vn 0.3262 -0.6426 0.6933
vn 0.3262 -0.6426 0.6934
vn 0.6426 -0.3262 0.6934
vn -0.0 -0.5259 0.8505
vn 0.0 -0.0 1.0
vn 0.3865 0.3865 0.8374
vn 0.526 -0.0 0.8505
vn 0.0 -0.0 1.0
vn -0.0 0.526 0.8505
vn -0.0 0.5259 0.8505
vn 0.3262 0.6425 0.6934
vn 0.4629 0.4629 0.7559
vn 0.6426 0.3262 0.6933
vn 0.6426 0.3262 0.6934
vn 0.3262 0.6426 0.6934
vn 0.5259 -0.0 0.8505
vn 0.7071 0.0 0.7071
vn 0.5258 0.0 0.8506
vn 0.0 -0.0 1.0
vn 0.426 0.0 0.9047
vn 0.0808 0.1651 0.983
vn 0.0178 0.2269 0.9738
vn 0.0558 0.6983 0.7136
vn 0.3474 0.5641 0.7491
vn 0.1819 0.0679 0.981
vn 0.1788 0.0657 0.9817
vn 0.5999 0.2295 0.7665
vn 0.6978 0.0672 0.7132
vn 0.6948 0.0644 0.7163
vn 0.6012 0.2303 0.7652
vn 0.6426 0.3262 0.6933
vn 0.3477 0.5703 0.7442
vn 0.25 0.5665 0.7852
vn 0.0567 0.6961 0.7157
vn -0.0 -0.0 1.0
vn 0.6425 0.3262 0.6933
vn 0.0 -0.0 1.0
vn 0.1651 -0.0808 0.983
vn 0.2269 -0.0178 0.9738
vn 0.6983 -0.0558 0.7136
vn 0.5641 -0.3474 0.7491
vn 0.0679 -0.1819 0.981
vn 0.0657 -0.1788 0.9817
vn 0.2295 -0.5999 0.7665
vn 0.0672 -0.6978 0.7132
vn 0.0644 -0.6948 0.7163
vn 0.2303 -0.6012 0.7652
vn 0.3262 -0.6426 0.6933
vn 0.5703 -0.3477 0.7442
vn 0.5665 -0.25 0.7852
vn 0.6961 -0.0567 0.7157
vn -0.0 0.0 1.0
vn 0.3262 -0.6425 0.6933
vn 0.3865 -0.3865 0.8374
vn -0.0 -0.526 0.8505
vn -0.0 -0.0 1.0
vn 0.526 0.0 0.8505
vn 0.5259 0.0 0.8505
vn 0.6425 -0.3262 0.6934
vn 0.4629 -0.4629 0.7559
vn 0.3262 -0.6426 0.6933
vn 0.3262 -0.6426 0.6934
vn 0.6426 -0.3262 0.6934
vn -0.0 -0.5259 0.8505
vn 0.0 -0.0 1.0
vn 0.0 -0.0 1.0
vn 0.0 -0.7071 0.7071
vn 0.0 -0.5258 0.8506
vn -0.0 -0.0 1.0
vn 0.0 -0.426 0.9047
vn -0.0 0.7071 0.7071
vn -0.0 0.5258 0.8506
vn 0.0 0.0 1.0
vn -0.0 0.426 0.9047
vn 0.0 -0.0 1.0
vn 0.0 -0.0 1.0
vn 0.0 -0.7071 0.7071
vn 0.0 -0.5258 0.8506
vn -0.0 -0.0 1.0
vn 0.0 -0.426 0.9047
vn 0.3865 0.3865 0.8374
vn 0.526 -0.0 0.8505
vn 0.0 -0.0 1.0
vn -0.0 0.526 0.8505
vn -0.0 0.5259 0.8505
vn 0.3262 0.6425 0.6934
vn 0.4629 0.4629 0.7559
vn 0.6426 0.3262 0.6933
vn 0.6426 0.3262 0.6934
vn 0.3262 0.6426 0.6934
vn 0.5259 -0.0 0.8505
vn 0.0808 0.1651 0.983
vn 0.0178 0.2269 0.9738
vn 0.0558 0.6983 0.7136
vn 0.3474 0.5641 0.7491
vn 0.1819 0.0679 0.981
vn 0.1788 0.0657 0.9817
vn 0.5999 0.2295 0.7665
vn 0.6978 0.0672 0.7132
vn 0.6948 0.0644 0.7163
vn 0.6012 0.2303 0.7652
vn 0.6426 0.3262 0.6933
vn 0.3477 0.5703 0.7442
vn 0.25 0.5665 0.7852
vn 0.0567 0.6961 0.7157
vn -0.0 -0.0 1.0
vn 0.6425 0.3262 0.6933
vn -0.0 0.7071 0.7071
vn -0.0 0.5258 0.8506
vn 0.0 0.0 1.0
vn -0.0 0.426 0.9047
vn 0.0 -0.0 1.0
vn -0.0808 -0.1651 0.983
vn -0.0178 -0.2269 0.9738
vn -0.0558 -0.6983 0.7136
vn -0.3474 -0.5641 0.7491
vn -0.1819 -0.0679 0.981
vn -0.1788 -0.0657 0.9817
vn -0.5999 -0.2295 0.7665
vn -0.6978 -0.0672 0.7132
vn -0.6948 -0.0644 0.7163
vn -0.6012 -0.2303 0.7652
vn -0.6426 -0.3262 0.6933
vn -0.3477 -0.5703 0.7442
vn -0.25 -0.5665 0.7852
vn -0.0567 -0.6961 0.7157
vn 0.0 0.0 1.0
vn -0.6425 -0.3262 0.6933
vn -0.3865 -0.3865 0.8374
vn -0.526 0.0 0.8505
vn -0.0 0.0 1.0
vn 0.0 -0.526 0.8505
vn 0.0 -0.5259 0.8505
vn -0.3262 -0.6425 0.6934
vn -0.4629 -0.4629 0.7559
vn -0.6426 -0.3262 0.6933
vn -0.6426 -0.3262 0.6934
vn -0.3262 -0.6426 0.6934
vn -0.5259 0.0 0.8505
vn 0.0 -0.0 1.0
vn 0.0 -0.7071 0.7071
vn 0.0 -0.5258 0.8506
vn -0.0 -0.0 1.0
vn 0.0 -0.426 0.9047
vn 0.0 -0.0 1.0
vn -0.0808 -0.1651 0.983
vn -0.0178 -0.2269 0.9738
vn -0.0558 -0.6983 0.7136
vn -0.3474 -0.5641 0.7491
vn -0.1819 -0.0679 0.981
vn -0.1788 -0.0657 0.9817
vn -0.5999 -0.2295 0.7665
vn -0.6978 -0.0672 0.7132
vn -0.6948 -0.0644 0.7163
vn -0.6012 -0.2303 0.7652
vn -0.6426 -0.3262 0.6933
vn -0.3477 -0.5703 0.7442
vn -0.25 -0.5665 0.7852
vn -0.0567 -0.6961 0.7157
vn 0.0 0.0 1.0
vn -0.6425 -0.3262 0.6933
vn -0.3865 -0.3865 0.8374
vn -0.526 0.0 0.8505
vn -0.0 0.0 1.0
vn 0.0 -0.526 0.8505
vn 0.0 -0.5259 0.8505
vn -0.3262 -0.6425 0.6934
vn -0.4629 -0.4629 0.7559
vn -0.6426 -0.3262 0.6933
vn -0.6426 -0.3262 0.6934
vn -0.3262 -0.6426 0.6934
vn -0.5259 0.0 0.8505
vn 0.0 -0.0 1.0
vn 0.0 -0.0 1.0
vn -0.3865 0.3865 0.8374
vn 0.0 0.526 0.8505
vn 0.0 0.0 1.0
vn -0.526 -0.0 0.8505
vn -0.5259 -0.0 0.8505
vn -0.6425 0.3262 0.6934
vn -0.4629 0.4629 0.7559
vn -0.3262 0.6426 0.6933
vn -0.3262 0.6426 0.6934
vn -0.6426 0.3262 0.6934
vn 0.0 0.5259 0.8505
vn -0.1651 0.0808 0.983
vn -0.2269 0.0178 0.9738
vn -0.6983 0.0558 0.7136
vn -0.5641 0.3474 0.7491
vn -0.0679 0.1819 0.981
vn -0.0657 0.1788 0.9817
vn -0.2295 0.5999 0.7665
vn -0.0672 0.6978 0.7132
vn -0.0644 0.6948 0.7163
vn -0.2303 0.6012 0.7652
vn -0.3262 0.6426 0.6933
vn -0.5703 0.3477 0.7442
vn -0.5665 0.25 0.7852
vn -0.6961 0.0567 0.7157
vn 0.0 -0.0 1.0
vn -0.3262 0.6425 0.6933
vn 0.0 -0.7071 0.7071
vn 0.0 -0.5258 0.8506
vn -0.0 -0.0 1.0
vn 0.0 -0.426 0.9047
vn 0.0 -0.0 1.0
vn -0.0808 -0.1651 0.983
vn -0.0178 -0.2269 0.9738
vn -0.0558 -0.6983 0.7136
vn -0.3474 -0.5641 0.7491
vn -0.1819 -0.0679 0.981
vn -0.1788 -0.0657 0.9817
vn -0.5999 -0.2295 0.7665
vn -0.6978 -0.0672 0.7132
vn -0.6948 -0.0644 0.7163
vn -0.6012 -0.2303 0.7652
vn -0.6426 -0.3262 0.6933
vn -0.3477 -0.5703 0.7442
vn -0.25 -0.5665 0.7852
vn -0.0567 -0.6961 0.7157
vn 0.0 0.0 1.0
vn -0.6425 -0.3262 0.6933
vn -0.3865 -0.3865 0.8374
vn -0.526 0.0 0.8505
vn -0.0 0.0 1.0
vn 0.0 -0.526 0.8505
vn 0.0 -0.5259 0.8505
vn -0.3262 -0.6425 0.6934
vn -0.4629 -0.4629 0.7559
vn -0.6426 -0.3262 0.6933
vn -0.6426 -0.3262 0.6934
vn -0.3262 -0.6426 0.6934
vn -0.5259 0.0 0.8505
vn 0.0 -0.0 1.0
vn -0.0 0.7071 0.7071
vn -0.0 0.5258 0.8506
vn 0.0 0.0 1.0
vn -0.0 0.426 0.9047
vn 0.0 -0.0 1.0
vn 0.0 -0.0 1.0
vn -0.0808 -0.1651 0.983
vn -0.0178 -0.2269 0.9738
vn -0.0558 -0.6983 0.7136
vn -0.3474 -0.5641 0.7491
vn -0.1819 -0.0679 0.981
vn -0.1788 -0.0657 0.9817
vn -0.5999 -0.2295 0.7665
vn -0.6978 -0.0672 0.7132
vn -0.6948 -0.0644 0.7163
vn -0.6012 -0.2303 0.7652
vn -0.6426 -0.3262 0.6933
vn -0.3477 -0.5703 0.7442
vn -0.25 -0.5665 0.7852
vn -0.0567 -0.6961 0.7157
vn 0.0 0.0 1.0
vn -0.6425 -0.3262 0.6933
vn -0.3865 -0.3865 0.8374
vn -0.526 0.0 0.8505
vn -0.0 0.0 1.0
vn 0.0 -0.526 0.8505
vn 0.0 -0.5259 0.8505
vn -0.3262 -0.6425 0.6934
vn -0.4629 -0.4629 0.7559
vn -0.6426 -0.3262 0.6933
vn -0.6426 -0.3262 0.6934
vn -0.3262 -0.6426 0.6934
vn -0.5259 0.0 0.8505
vn 0.0 -0.0 1.0
vn 0.0 -0.7071 0.7071
vn 0.0 -0.5258 0.8506
vn -0.0 -0.0 1.0
vn 0.0 -0.426 0.9047
vn 0.0 -0.0 1.0
vn -0.3865 0.3865 0.8374
vn 0.0 0.526 0.8505
vn 0.0 0.0 1.0
vn -0.526 -0.0 0.8505
vn -0.5259 -0.0 0.8505
vn -0.6425 0.3262 0.6934
vn -0.4629 0.4629 0.7559
vn -0.3262 0.6426 0.6933
vn -0.3262 0.6426 0.6934
vn -0.6426 0.3262 0.6934
vn 0.0 0.5259 0.8505
vn -0.7071 -0.0 0.7071
vn -0.5258 -0.0 0.8506
vn -0.0 0.0 1.0
vn -0.426 -0.0 0.9047
vn -0.1651 0.0808 0.983
vn -0.2269 0.0178 0.9738
vn -0.6983 0.0558 0.7136
vn -0.5641 0.3474 0.7491
vn -0.0679 0.1819 0.981
vn -0.0657 0.1788 0.9817
vn -0.2295 0.5999 0.7665
vn -0.0672 0.6978 0.7132
vn -0.0644 0.6948 0.7163
vn -0.2303 0.6012 0.7652
vn -0.3262 0.6426 0.6933
vn -0.5703 0.3477 0.7442
vn -0.5665 0.25 0.7852
vn -0.6961 0.0567 0.7157
vn 0.0 -0.0 1.0
vn -0.3262 0.6425 0.6933
vn 0.0 -0.0 1.0
vn 0.0 -0.7071 0.7071
vn 0.0 -0.5258 0.8506
vn -0.0 -0.0 1.0
vn 0.0 -0.426 0.9047
vn 0.0 -0.0 1.0
vn 0.0 -0.0 1.0
vn 0.0 -0.0 1.0
vn -0.3865 0.3865 0.8374
vn 0.0 0.526 0.8505
vn 0.0 0.0 1.0
vn -0.526 -0.0 0.8505
vn -0.5259 -0.0 0.8505
vn -0.6425 0.3262 0.6934
vn -0.4629 0.4629 0.7559
vn -0.3262 0.6426 0.6933
vn -0.3262 0.6426 0.6934
vn -0.6426 0.3262 0.6934
vn 0.0 0.5259 0.8505
vn -0.7071 -0.0 0.7071
vn -0.5258 -0.0 0.8506
vn -0.0 0.0 1.0
vn -0.426 -0.0 0.9047
vn -0.1651 0.0808 0.983
vn -0.2269 0.0178 0.9738
vn -0.6983 0.0558 0.7136
vn -0.5641 0.3474 0.7491
vn -0.0679 0.1819 0.981
vn -0.0657 0.1788 0.9817
vn -0.2295 0.5999 0.7665
vn -0.0672 0.6978 0.7132
vn -0.0644 0.6948 0.7163
vn -0.2303 0.6012 0.7652
vn -0.3262 0.6426 0.6933
vn -0.5703 0.3477 0.7442
vn -0.5665 0.25 0.7852
vn -0.6961 0.0567 0.7157
vn 0.0 -0.0 1.0
vn -0.3262 0.6425 0.6933
vn 0.0 -0.0 1.0
vn 0.0 -0.0 1.0
vn -0.3865 0.3865 0.8374
vn 0.0 0.526 0.8505
vn 0.0 0.0 1.0
vn -0.526 -0.0 0.8505
vn -0.5259 -0.0 0.8505
vn -0.6425 0.3262 0.6934
vn -0.4629 0.4629 0.7559
vn -0.3262 0.6426 0.6933
vn -0.3262 0.6426 0.6934
vn -0.6426 0.3262 0.6934
vn 0.0 0.5259 0.8505
vn -0.7071 -0.0 0.7071
vn -0.5258 -0.0 0.8506
vn -0.0 0.0 1.0
vn -0.426 -0.0 0.9047
vn -0.3865 -0.3865 0.8374
vn -0.526 0.0 0.8505
vn -0.0 0.0 1.0
vn 0.0 -0.526 0.8505
vn 0.0 -0.5259 0.8505
vn -0.3262 -0.6425 0.6934
vn -0.4629 -0.4629 0.7559
vn -0.6426 -0.3262 0.6933
vn -0.6426 -0.3262 0.6934
vn -0.3262 -0.6426 0.6934
vn -0.5259 0.0 0.8505
vn 0.0 -0.0 1.0
vn 0.0 -0.0 1.0
vn 0.0 -0.0 1.0
vn 0.0 -0.0 1.0
vn 0.0 -0.0 1.0
vn 0.0 -0.0 1.0
vn 0.0 -0.0 1.0
vn 0.0 -0.0 1.0
vn 0.0 -0.0 1.0
vn 0.0 -0.0 1.0
vn 0.0 -0.0 1.0
vn 0.0 -0.0 1.0
vn 0.0 -0.0 1.0
vn 0.0 -0.0 1.0
vn 0.0 -0.0 1.0
vn 0.0 -0.0 1.0
vn 0.0 -0.0 1.0
vn 0.0 -0.0 1.0
vn 0.0 -0.0 1.0
c 1.0 1.0 1.0
c 1.0 1.0 1.0
c 1.0 1.0 1.0
c 1.0 1.0 1.0
c 1.0 1.0 1.0
c 1.0 1.0 1.0
c 1.0 1.0 1.0
c 1.0 1.0 1.0
c 1.0 1.0 1.0
c 1.0 1.0 1.0
c 1.0 1.0 1.0
c 1.0 1.0 1.0
c 1.0 1.0 1.0
c 1.0 1.0 1.0
c 1.0 1.0 1.0
c 1.0 1.0 1.0
c 1.0 1.0 1.0
c 1.0 1.0 1.0
c 1.0 1.0 1.0
c 1.0 1.0 1.0
c 1.0 1.0 1.0
c 1.0 1.0 1.0
c 1.0 1.0 1.0
c 1.0 1.0 1.0
c 1.0 1.0 1.0
c 1.0 1.0 1.0
c 1.0 1.0 1.0
c 1.0 1.0 1.0
c 1.0 1.0 1.0
c 1.0 1.0 1.0
c 1.0 1.0 1.0
c 1.0 1.0 1.0
c 1.0 1.0 1.0
c 1.0 1.0 1.0
c 1.0 1.0 1.0
c 1.0 1.0 1.0
c 1.0 1.0 1.0
c 1.0 1.0 1.0
c 1.0 1.0 1.0
c 1.0 1.0 1.0
c 1.0 1.0 1.0
c 1.0 1.0 1.0
c 1.0 1.0 1.0
c 1.0 1.0 1.0
c 1.0 1.0 1.0
c 1.0 1.0 1.0
c 1.0 1.0 1.0
c 1.0 1.0 1.0
c 1.0 1.0 1.0
c 1.0 1.0 1.0
c 1.0 1.0 1.0
c 1.0 1.0 1.0
c 1.0 1.0 1.0
c 1.0 1.0 1.0
c 1.0 1.0 1.0
c 1.0 1.0 1.0
c 1.0 1.0 1.0
c 1.0 1.0 1.0
c 1.0 1.0 1.0
c 1.0 1.0 1.0
c 1.0 1.0 1.0
c 1.0 1.0 1.0
c 1.0 1.0 1.0
c 1.0 1.0 1.0
c 1.0 1.0 1.0
c 1.0 1.0 1.0
c 1.0 1.0 1.0
c 1.0 1.0 1.0
c 1.0 1.0 1.0
c 1.0 1.0 1.0
c 1.0 1.0 1.0
c 1.0 1.0 1.0
c 1.0 1.0 1.0
c 1.0 1.0 1.0
c 1.0 1.0 1.0
c 1.0 1.0 1.0
c 1.0 1.0 1.0
c 1.0 1.0 1.0
c 1.0 1.0 1.0
c 1.0 1.0 1.0
c 1.0 1.0 1.0
c 1.0 1.0 1.0
c 1.0 1.0 1.0
c 1.0 1.0 1.0
c 1.0 1.0 1.0
c 1.0 1.0 1.0
c 1.0 1.0 1.0
c 1.0 1.0 1.0
c 1.0 1.0 1.0
c 1.0 1.0 1.0
c 1.0 1.0 1.0
c 1.0 1.0 1.0
c 1.0 1.0 1.0
c 1.0 1.0 1.0
c 1.0 1.0 1.0
c 1.0 1.0 1.0
c 1.0 1.0 1.0
c 1.0 1.0 1.0
c 1.0 1.0 1.0
c 1.0 1.0 1.0
c 1.0 1.0 1.0
c 1.0 1.0 1.0
c 1.0 1.0 1.0
c 1.0 1.0 1.0
c 1.0 1.0 1.0
c 1.0 1.0 1.0
c 1.0 1.0 1.0
c 1.0 1.0 1.0
c 1.0 1.0 1.0
c 1.0 1.0 1.0
c 1.0 1.0 1.0
c 1.0 1.0 1.0
c 1.0 1.0 1.0
c 1.0 1.0 1.0
c 1.0 1.0 1.0
c 1.0 1.0 1.0
c 1.0 1.0 1.0
c 1.0 1.0 1.0
c 1.0 1.0 1.0
c 1.0 1.0 1.0
c 1.0 1.0 1.0
c 1.0 1.0 1.0
c 1.0 1.0 1.0
c 1.0 1.0 1.0
c 1.0 1.0 1.0
c 1.0 1.0 1.0
c 1.0 1.0 1.0
c 1.0 1.0 1.0
c 1.0 1.0 1.0
c 1.0 1.0 1.0
c 1.0 1.0 1.0
c 1.0 1.0 1.0
c 1.0 1.0 1.0
c 1.0 1.0 1.0
c 1.0 1.0 1.0
c 1.0 1.0 1.0
c 1.0 1.0 1.0
c 1.0 1.0 1.0
c 1.0 1.0 1.0
c 1.0 1.0 1.0
c 1.0 1.0 1.0
c 1.0 1.0 1.0
c 1.0 1.0 1.0
c 1.0 1.0 1.0
c 1.0 1.0 1.0
c 1.0 1.0 1.0
c 1.0 1.0 1.0
c 1.0 1.0 1.0
c 1.0 1.0 1.0
c 1.0 1.0 1.0
c 1.0 1.0 1.0
c 1.0 1.0 1.0
c 1.0 1.0 1.0
c 1.0 1.0 1.0
c 1.0 1.0 1.0
c 1.0 1.0 1.0
c 1.0 1.0 1.0
c 1.0 1.0 1.0
c 1.0 1.0 1.0
c 1.0 1.0 1.0
c 1.0 1.0 1.0
c 1.0 1.0 1.0
c 1.0 1.0 1.0
c 1.0 1.0 1.0
c 1.0 1.0 1.0
c 1.0 1.0 1.0
c 1.0 1.0 1.0
c 1.0 1.0 1.0
c 1.0 1.0 1.0
c 1.0 1.0 1.0
c 1.0 1.0 1.0
c 1.0 1.0 1.0
c 1.0 1.0 1.0
c 1.0 1.0 1.0
c 1.0 1.0 1.0
c 1.0 1.0 1.0
c 1.0 1.0 1.0
c 1.0 1.0 1.0
c 1.0 1.0 1.0
c 1.0 1.0 1.0
c 1.0 1.0 1.0
c 1.0 1.0 1.0
c 1.0 1.0 1.0
c 1.0 1.0 1.0
c 1.0 1.0 1.0
c 1.0 1.0 1.0
c 1.0 1.0 1.0
c 1.0 1.0 1.0
c 1.0 1.0 1.0
c 1.0 1.0 1.0
c 1.0 1.0 1.0
c 1.0 1.0 1.0
c 1.0 1.0 1.0
c 1.0 1.0 1.0
c 1.0 1.0 1.0
c 1.0 1.0 1.0
c 1.0 1.0 1.0
c 1.0 1.0 1.0
c 1.0 1.0 1.0
c 1.0 1.0 1.0
c 1.0 1.0 1.0
c 1.0 1.0 1.0
c 1.0 1.0 1.0
c 1.0 1.0 1.0
c 1.0 1.0 1.0
c 1.0 1.0 1.0
c 1.0 1.0 1.0
usemtl sea_mizu1_1
s off
f 2267/2362/983/192 2268/2364/983/192 2269/2365/983/192 2270/2363/983/192
f 2271/2366/984/193 2272/2368/984/193 2273/2369/984/193 2274/2367/984/193
f 2275/2372/985/194 2276/2370/985/194 2277/2371/985/194 2278/2373/985/194
f 2279/2376/986/195 2280/2374/986/195 2281/2375/986/195 2282/2377/986/195
f 2283/2378/987/196 2284/2380/987/196 2285/2381/987/196 2286/2379/987/196
f 2287/2382/988/197 2288/2384/988/197 2289/2385/988/197 2290/2383/988/197
f 2291/2388/989/198 2292/2386/989/198 2293/2387/989/198 2294/2389/989/198
f 2295/2392/990/199 2296/2390/990/199 2297/2391/990/199 2298/2393/990/199
f 2299/2394/991/200 2300/2396/991/200 2301/2397/991/200 2302/2395/991/200
f 2303/2398/992/201 2304/2400/992/201 2305/2401/992/201 2306/2399/992/201
f 2307/2404/993/202 2308/2402/993/202 2309/2403/993/202 2310/2405/993/202
f 2311/2408/994/203 2312/2406/994/203 2313/2407/994/203 2314/2409/994/203
f 2315/2410/995/204 2316/2412/995/204 2317/2413/995/204 2318/2411/995/204
f 2319/2414/996/205 2320/2416/996/205 2321/2417/996/205 2322/2415/996/205
f 2323/2420/997/206 2324/2418/997/206 2325/2419/997/206 2326/2421/997/206
f 2327/2424/998/207 2328/2422/998/207 2329/2423/998/207 2330/2425/998/207
usemtl sea_jimen
s off
f 868/962/249/64 870/963/249/64 869/964/249/64 867/965/249/64
f 872/966/250/65 874/967/250/65 873/968/250/65 871/969/250/65
f 876/970/251/66 878/971/251/66 877/972/251/66 875/973/251/66
f 880/974/252/67 882/975/252/67 881/976/252/67 879/977/252/67
f 884/978/253/68 886/979/253/68 885/980/253/68 883/981/253/68
f 938/1032/280/72 940/1033/280/72 939/1034/280/72 937/1035/280/72
f 942/1036/281/73 944/1037/281/73 943/1038/281/73 941/1039/281/73
f 998/1092/313/77 1000/1093/313/77 999/1094/313/77 997/1095/313/77
f 1054/1148/345/81 1056/1149/345/81 1055/1150/345/81 1053/1151/345/81
f 1090/1184/366/84 1092/1185/366/84 1091/1186/366/84 1089/1187/366/84
f 1094/1188/367/85 1096/1189/367/85 1095/1190/367/85 1093/1191/367/85
f 1150/1244/399/89 1152/1245/399/89 1151/1246/399/89 1149/1247/399/89
f 1154/1248/400/90 1156/1249/400/90 1155/1250/400/90 1153/1251/400/90
f 1158/1252/401/91 1160/1253/401/91 1159/1254/401/91 1157/1255/401/91
f 1162/1256/402/92 1164/1257/402/92 1163/1258/402/92 1161/1259/402/92
f 1218/1312/434/96 1220/1313/434/96 1219/1314/434/96 1217/1315/434/96
f 1222/1316/435/97 1224/1317/435/97 1223/1318/435/97 1221/1319/435/97
f 1288/1382/471/102 1290/1383/471/102 1289/1384/471/102 1287/1385/471/102
f 1292/1386/472/103 1294/1387/472/103 1293/1388/472/103 1291/1389/472/103
f 1306/1400/477/105 1308/1401/477/105 1307/1402/477/105 1305/1403/477/105
f 1310/1404/478/106 1312/1405/478/106 1311/1406/478/106 1309/1407/478/106
f 1314/1408/479/107 1316/1409/479/107 1315/1410/479/107 1313/1411/479/107
f 1318/1412/480/108 1320/1413/480/108 1319/1414/480/108 1317/1415/480/108
f 1322/1416/481/109 1324/1417/481/109 1323/1418/481/109 1321/1419/481/109
f 1326/1420/482/110 1328/1421/482/110 1327/1422/482/110 1325/1423/482/110
f 1330/1424/483/111 1332/1425/483/111 1331/1426/483/111 1329/1427/483/111
f 1384/1478/510/115 1386/1479/510/115 1385/1480/510/115 1383/1481/510/115
f 1438/1532/537/119 1440/1533/537/119 1439/1534/537/119 1437/1535/537/119
f 1452/1546/542/121 1454/1547/542/121 1453/1548/542/121 1451/1549/542/121
f 1510/1604/579/125 1512/1605/579/125 1511/1606/579/125 1509/1607/579/125
f 1514/1608/580/126 1516/1609/580/126 1515/1610/580/126 1513/1611/580/126
f 1528/1622/585/128 1530/1623/585/128 1529/1624/585/128 1527/1625/585/128
f 1574/1668/613/131 1576/1669/613/131 1575/1670/613/131 1573/1671/613/131
f 1630/1724/645/135 1632/1725/645/135 1631/1726/645/135 1629/1727/645/135
f 1676/1770/673/138 1678/1771/673/138 1677/1772/673/138 1675/1773/673/138
f 1680/1774/674/139 1682/1775/674/139 1681/1776/674/139 1679/1777/674/139
f 1704/1798/683/142 1706/1799/683/142 1705/1800/683/142 1703/1801/683/142
f 1708/1802/684/143 1710/1803/684/143 1709/1804/684/143 1707/1805/684/143
f 1774/1868/720/148 1776/1869/720/148 1775/1870/720/148 1773/1871/720/148
f 1820/1914/748/151 1822/1915/748/151 1821/1916/748/151 1819/1917/748/151
f 1834/1928/753/153 1836/1929/753/153 1835/1930/753/153 1833/1931/753/153
f 1880/1974/781/156 1882/1975/781/156 1881/1976/781/156 1879/1977/781/156
f 1884/1978/782/157 1886/1979/782/157 1885/1980/782/157 1883/1981/782/157
f 1940/2034/814/161 1942/2035/814/161 1941/2036/814/161 1939/2037/814/161
f 1986/2080/842/164 1988/2081/842/164 1987/2082/842/164 1985/2083/842/164
f 2000/2094/847/166 2002/2095/847/166 2001/2096/847/166 1999/2097/847/166
f 2004/2098/848/167 2006/2099/848/167 2005/2100/848/167 2003/2101/848/167
f 2050/2144/876/170 2052/2145/876/170 2051/2146/876/170 2049/2147/876/170
f 2064/2158/881/172 2066/2159/881/172 2065/2160/881/172 2063/2161/881/172
f 2120/2214/913/176 2122/2215/913/176 2121/2216/913/176 2119/2217/913/176
f 2134/2228/918/178 2136/2229/918/178 2135/2230/918/178 2133/2231/918/178
f 2138/2232/919/179 2140/2233/919/179 2139/2234/919/179 2137/2235/919/179
f 2142/2236/920/180 2144/2237/920/180 2143/2238/920/180 2141/2239/920/180
f 2198/2292/952/184 2200/2293/952/184 2199/2294/952/184 2197/2295/952/184
f 2202/2296/953/185 2204/2297/953/185 2203/2298/953/185 2201/2299/953/185
f 2256/2350/980/189 2258/2351/980/189 2257/2352/980/189 2255/2353/980/189
f 2260/2354/981/190 2262/2355/981/190 2261/2356/981/190 2259/2357/981/190
f 2264/2358/982/191 2266/2359/982/191 2265/2360/982/191 2263/2361/982/191
usemtl yamagake01
s off
f 37/37/4/4 38/38/5/4 39/39/6/4 40/40/4/4
f 41/41/7/4 38/38/8/4 42/42/9/4 43/43/7/4
f 44/44/10/4 45/45/10/4 46/46/10/4 47/47/10/4
f 48/48/11/4 49/49/12/4 37/37/12/4 50/50/13/4
f 38/38/5/4 41/41/14/4 51/51/14/4 39/39/6/4
f 46/46/15/4 48/48/11/4 50/50/13/4 47/47/15/4
f 38/38/8/4 37/37/16/4 49/49/16/4 42/42/9/4
f 50/50/17/4 37/37/4/4 40/40/4/4 52/52/17/4
f 53/53/18/4 41/41/19/4 54/54/20/4 55/55/18/4
f 489/527/112/38 490/528/113/38 491/529/114/38 492/530/112/38
f 493/531/115/38 490/528/116/38 494/532/117/38 495/533/115/38
f 496/534/118/38 497/535/118/38 498/536/118/38 499/537/118/38
f 500/538/119/38 501/539/120/38 489/527/120/38 502/540/121/38
f 490/528/113/38 493/531/122/38 503/541/122/38 491/529/114/38
f 498/536/123/38 500/538/119/38 502/540/121/38 499/537/123/38
f 490/528/116/38 489/527/124/38 501/539/124/38 494/532/117/38
f 502/540/125/38 489/527/112/38 492/530/112/38 504/542/125/38
f 505/543/126/38 493/531/127/38 506/544/128/38 507/545/126/38
f 54/54/20/4 41/41/19/4 43/43/21/4
f 56/56/22/4 57/57/23/4 53/53/24/4
f 57/57/23/4 51/51/25/4 53/53/24/4
f 51/51/26/4 57/57/27/4 39/39/28/4
f 57/57/27/4 40/40/29/4 39/39/28/4
f 55/55/30/4 44/44/31/4 56/56/32/4
f 44/44/31/4 47/47/33/4 56/56/32/4
f 47/58/34/4 50/59/34/4 56/56/34/4
f 55/55/35/4 56/56/35/4 53/53/35/4
f 56/60/36/4 52/61/36/4 57/62/36/4
f 52/52/37/4 40/40/37/4 57/57/37/4
f 56/56/38/4 50/63/38/4 52/64/38/4
f 41/41/39/4 53/53/39/4 51/51/39/4
f 55/55/40/4 45/45/40/4 44/44/40/4
f 506/544/128/38 493/531/127/38 495/533/129/38
f 508/546/130/38 509/547/131/38 505/543/132/38
f 509/547/131/38 503/541/133/38 505/543/132/38
f 503/541/134/38 509/547/135/38 491/529/136/38
f 509/547/135/38 492/530/137/38 491/529/136/38
f 507/545/138/38 496/534/139/38 508/546/140/38
f 496/534/139/38 499/537/141/38 508/546/140/38
f 499/548/142/38 502/549/142/38 508/546/142/38
f 507/545/143/38 508/546/143/38 505/543/143/38
f 508/550/144/38 504/551/144/38 509/552/144/38
f 504/542/145/38 492/530/145/38 509/547/145/38
f 508/546/146/38 502/553/146/38 504/554/146/38
f 493/531/147/38 505/543/147/38 503/541/147/38
f 507/545/148/38 497/535/148/38 496/534/148/38
usemtl kusa_ec3
s off
f 11/9/1/1 12/10/1/1 9/11/1/1 10/12/1/1
f 23/21/2/2 24/22/2/2 21/23/2/2 22/24/2/2
f 35/33/3/3 36/34/3/3 33/35/3/3 34/36/3/3
f 81/98/42/5 82/99/42/5 79/100/42/5 80/101/42/5
f 93/110/43/6 94/111/43/6 91/112/43/6 92/113/43/6
f 105/122/44/7 106/123/44/7 103/124/44/7 104/125/44/7
f 117/134/45/8 118/135/45/8 115/136/45/8 116/137/45/8
f 129/146/46/9 130/147/46/9 127/148/46/9 128/149/46/9
f 141/158/47/10 142/159/47/10 139/160/47/10 140/161/47/10
f 153/170/48/11 154/171/48/11 151/172/48/11 152/173/48/11
f 165/182/49/12 166/183/49/12 163/184/49/12 164/185/49/12
f 177/194/50/13 178/195/50/13 175/196/50/13 176/197/50/13
f 189/206/51/14 190/207/51/14 187/208/51/14 188/209/51/14
f 201/218/52/15 202/219/52/15 199/220/52/15 200/221/52/15
f 213/230/53/16 214/231/53/16 211/232/53/16 212/233/53/16
f 225/242/54/17 226/243/54/17 223/244/54/17 224/245/54/17
f 271/307/93/19 272/308/93/19 269/309/93/19 270/310/93/19
f 283/319/94/20 284/320/94/20 281/321/94/20 282/322/94/20
f 295/331/95/21 296/332/95/21 293/333/95/21 294/334/95/21
f 307/343/96/22 308/344/96/22 305/345/96/22 306/346/96/22
f 319/355/97/23 320/356/97/23 317/357/97/23 318/358/97/23
f 331/367/98/24 332/368/98/24 329/369/98/24 330/370/98/24
f 343/379/99/25 344/380/99/25 341/381/99/25 342/382/99/25
f 355/391/100/26 356/392/100/26 353/393/100/26 354/394/100/26
f 367/403/101/27 368/404/101/27 365/405/101/27 366/406/101/27
f 379/415/102/28 380/416/102/28 377/417/102/28 378/418/102/28
f 391/427/103/29 392/428/103/29 389/429/103/29 390/430/103/29
f 403/439/104/30 404/440/104/30 401/441/104/30 402/442/104/30
f 415/451/105/31 416/452/105/31 413/453/105/31 414/454/105/31
f 427/463/106/32 428/464/106/32 425/465/106/32 426/466/106/32
f 439/475/107/33 440/476/107/33 437/477/107/33 438/478/107/33
f 451/487/108/34 452/488/108/34 449/489/108/34 450/490/108/34
f 463/499/109/35 464/500/109/35 461/501/109/35 462/502/109/35
f 475/511/110/36 476/512/110/36 473/513/110/36 474/514/110/36
f 487/523/111/37 488/524/111/37 485/525/111/37 486/526/111/37
f 533/588/150/39 534/589/150/39 531/590/150/39 532/591/150/39
f 545/600/151/40 546/601/151/40 543/602/151/40 544/603/151/40
f 557/612/152/41 558/613/152/41 555/614/152/41 556/615/152/41
f 569/624/153/42 570/625/153/42 567/626/153/42 568/627/153/42
f 581/636/154/43 582/637/154/43 579/638/154/43 580/639/154/43
f 593/648/155/44 594/649/155/44 591/650/155/44 592/651/155/44
f 605/660/156/45 606/661/156/45 603/662/156/45 604/663/156/45
f 617/672/157/46 618/673/157/46 615/674/157/46 616/675/157/46
f 629/684/158/47 630/685/158/47 627/686/158/47 628/687/158/47
f 641/696/159/48 642/697/159/48 639/698/159/48 640/699/159/48
f 653/708/160/49 654/709/160/49 651/710/160/49 652/711/160/49
f 665/720/161/50 666/721/161/50 663/722/161/50 664/723/161/50
f 677/732/162/51 678/733/162/51 675/734/162/51 676/735/162/51
f 689/744/163/52 690/745/163/52 687/746/163/52 688/747/163/52
f 735/809/202/54 736/810/202/54 733/811/202/54 734/812/202/54
f 747/821/203/55 748/822/203/55 745/823/203/55 746/824/203/55
f 759/833/204/56 760/834/204/56 757/835/204/56 758/836/204/56
f 771/845/205/57 772/846/205/57 769/847/205/57 770/848/205/57
f 817/910/244/59 818/911/244/59 815/912/244/59 816/913/244/59
f 829/922/245/60 830/923/245/60 827/924/245/60 828/925/245/60
f 841/934/246/61 842/935/246/61 839/936/246/61 840/937/246/61
f 853/946/247/62 854/947/247/62 851/948/247/62 852/949/247/62
f 865/958/248/63 866/959/248/63 863/960/248/63 864/961/248/63
usemtl kusa_ec1
s off
f 3/1/1/1 4/2/1/1 1/3/1/1 2/4/1/1
f 15/13/2/2 16/14/2/2 13/15/2/2 14/16/2/2
f 27/25/3/3 28/26/3/3 25/27/3/3 26/28/3/3
f 73/90/42/5 74/91/42/5 71/92/42/5 72/93/42/5
f 85/102/43/6 86/103/43/6 83/104/43/6 84/105/43/6
f 97/114/44/7 98/115/44/7 95/116/44/7 96/117/44/7
f 109/126/45/8 110/127/45/8 107/128/45/8 108/129/45/8
f 121/138/46/9 122/139/46/9 119/140/46/9 120/141/46/9
f 133/150/47/10 134/151/47/10 131/152/47/10 132/153/47/10
f 145/162/48/11 146/163/48/11 143/164/48/11 144/165/48/11
f 157/174/49/12 158/175/49/12 155/176/49/12 156/177/49/12
f 169/186/50/13 170/187/50/13 167/188/50/13 168/189/50/13
f 181/198/51/14 182/199/51/14 179/200/51/14 180/201/51/14
f 193/210/52/15 194/211/52/15 191/212/52/15 192/213/52/15
f 205/222/53/16 206/223/53/16 203/224/53/16 204/225/53/16
f 217/234/54/17 218/235/54/17 215/236/54/17 216/237/54/17
f 263/299/93/19 264/300/93/19 261/301/93/19 262/302/93/19
f 275/311/94/20 276/312/94/20 273/313/94/20 274/314/94/20
f 287/323/95/21 288/324/95/21 285/325/95/21 286/326/95/21
f 299/335/96/22 300/336/96/22 297/337/96/22 298/338/96/22
f 311/347/97/23 312/348/97/23 309/349/97/23 310/350/97/23
f 323/359/98/24 324/360/98/24 321/361/98/24 322/362/98/24
f 335/371/99/25 336/372/99/25 333/373/99/25 334/374/99/25
f 347/383/100/26 348/384/100/26 345/385/100/26 346/386/100/26
f 359/395/101/27 360/396/101/27 357/397/101/27 358/398/101/27
f 371/407/102/28 372/408/102/28 369/409/102/28 370/410/102/28
f 383/419/103/29 384/420/103/29 381/421/103/29 382/422/103/29
f 395/431/104/30 396/432/104/30 393/433/104/30 394/434/104/30
f 407/443/105/31 408/444/105/31 405/445/105/31 406/446/105/31
f 419/455/106/32 420/456/106/32 417/457/106/32 418/458/106/32
f 431/467/107/33 432/468/107/33 429/469/107/33 430/470/107/33
f 443/479/108/34 444/480/108/34 441/481/108/34 442/482/108/34
f 455/491/109/35 456/492/109/35 453/493/109/35 454/494/109/35
f 467/503/110/36 468/504/110/36 465/505/110/36 466/506/110/36
f 479/515/111/37 480/516/111/37 477/517/111/37 478/518/111/37
f 525/580/150/39 526/581/150/39 523/582/150/39 524/583/150/39
f 537/592/151/40 538/593/151/40 535/594/151/40 536/595/151/40
f 549/604/152/41 550/605/152/41 547/606/152/41 548/607/152/41
f 561/616/153/42 562/617/153/42 559/618/153/42 560/619/153/42
f 573/628/154/43 574/629/154/43 571/630/154/43 572/631/154/43
f 585/640/155/44 586/641/155/44 583/642/155/44 584/643/155/44
f 597/652/156/45 598/653/156/45 595/654/156/45 596/655/156/45
f 609/664/157/46 610/665/157/46 607/666/157/46 608/667/157/46
f 621/676/158/47 622/677/158/47 619/678/158/47 620/679/158/47
f 633/688/159/48 634/689/159/48 631/690/159/48 632/691/159/48
f 645/700/160/49 646/701/160/49 643/702/160/49 644/703/160/49
f 657/712/161/50 658/713/161/50 655/714/161/50 656/715/161/50
f 669/724/162/51 670/725/162/51 667/726/162/51 668/727/162/51
f 681/736/163/52 682/737/163/52 679/738/163/52 680/739/163/52
f 727/801/202/54 728/802/202/54 725/803/202/54 726/804/202/54
f 739/813/203/55 740/814/203/55 737/815/203/55 738/816/203/55
f 751/825/204/56 752/826/204/56 749/827/204/56 750/828/204/56
f 763/837/205/57 764/838/205/57 761/839/205/57 762/840/205/57
f 809/902/244/59 810/903/244/59 807/904/244/59 808/905/244/59
f 821/914/245/60 822/915/245/60 819/916/245/60 820/917/245/60
f 833/926/246/61 834/927/246/61 831/928/246/61 832/929/246/61
f 845/938/247/62 846/939/247/62 843/940/247/62 844/941/247/62
f 857/950/248/63 858/951/248/63 855/952/248/63 856/953/248/63
usemtl kusa_ec2
s off
f 7/5/1/1 8/6/1/1 5/7/1/1 6/8/1/1
f 19/17/2/2 20/18/2/2 17/19/2/2 18/20/2/2
f 31/29/3/3 32/30/3/3 29/31/3/3 30/32/3/3
f 77/94/42/5 78/95/42/5 75/96/42/5 76/97/42/5
f 89/106/43/6 90/107/43/6 87/108/43/6 88/109/43/6
f 101/118/44/7 102/119/44/7 99/120/44/7 100/121/44/7
f 113/130/45/8 114/131/45/8 111/132/45/8 112/133/45/8
f 125/142/46/9 126/143/46/9 123/144/46/9 124/145/46/9
f 137/154/47/10 138/155/47/10 135/156/47/10 136/157/47/10
f 149/166/48/11 150/167/48/11 147/168/48/11 148/169/48/11
f 161/178/49/12 162/179/49/12 159/180/49/12 160/181/49/12
f 173/190/50/13 174/191/50/13 171/192/50/13 172/193/50/13
f 185/202/51/14 186/203/51/14 183/204/51/14 184/205/51/14
f 197/214/52/15 198/215/52/15 195/216/52/15 196/217/52/15
f 209/226/53/16 210/227/53/16 207/228/53/16 208/229/53/16
f 221/238/54/17 222/239/54/17 219/240/54/17 220/241/54/17
f 267/303/93/19 268/304/93/19 265/305/93/19 266/306/93/19
f 279/315/94/20 280/316/94/20 277/317/94/20 278/318/94/20
f 291/327/95/21 292/328/95/21 289/329/95/21 290/330/95/21
f 303/339/96/22 304/340/96/22 301/341/96/22 302/342/96/22
f 315/351/97/23 316/352/97/23 313/353/97/23 314/354/97/23
f 327/363/98/24 328/364/98/24 325/365/98/24 326/366/98/24
f 339/375/99/25 340/376/99/25 337/377/99/25 338/378/99/25
f 351/387/100/26 352/388/100/26 349/389/100/26 350/390/100/26
f 363/399/101/27 364/400/101/27 361/401/101/27 362/402/101/27
f 375/411/102/28 376/412/102/28 373/413/102/28 374/414/102/28
f 387/423/103/29 388/424/103/29 385/425/103/29 386/426/103/29
f 399/435/104/30 400/436/104/30 397/437/104/30 398/438/104/30
f 411/447/105/31 412/448/105/31 409/449/105/31 410/450/105/31
f 423/459/106/32 424/460/106/32 421/461/106/32 422/462/106/32
f 435/471/107/33 436/472/107/33 433/473/107/33 434/474/107/33
f 447/483/108/34 448/484/108/34 445/485/108/34 446/486/108/34
f 459/495/109/35 460/496/109/35 457/497/109/35 458/498/109/35
f 471/507/110/36 472/508/110/36 469/509/110/36 470/510/110/36
f 483/519/111/37 484/520/111/37 481/521/111/37 482/522/111/37
f 529/584/150/39 530/585/150/39 527/586/150/39 528/587/150/39
f 541/596/151/40 542/597/151/40 539/598/151/40 540/599/151/40
f 553/608/152/41 554/609/152/41 551/610/152/41 552/611/152/41
f 565/620/153/42 566/621/153/42 563/622/153/42 564/623/153/42
f 577/632/154/43 578/633/154/43 575/634/154/43 576/635/154/43
f 589/644/155/44 590/645/155/44 587/646/155/44 588/647/155/44
f 601/656/156/45 602/657/156/45 599/658/156/45 600/659/156/45
f 613/668/157/46 614/669/157/46 611/670/157/46 612/671/157/46
f 625/680/158/47 626/681/158/47 623/682/158/47 624/683/158/47
f 637/692/159/48 638/693/159/48 635/694/159/48 636/695/159/48
f 649/704/160/49 650/705/160/49 647/706/160/49 648/707/160/49
f 661/716/161/50 662/717/161/50 659/718/161/50 660/719/161/50
f 673/728/162/51 674/729/162/51 671/730/162/51 672/731/162/51
f 685/740/163/52 686/741/163/52 683/742/163/52 684/743/163/52
f 731/805/202/54 732/806/202/54 729/807/202/54 730/808/202/54
f 743/817/203/55 744/818/203/55 741/819/203/55 742/820/203/55
f 755/829/204/56 756/830/204/56 753/831/204/56 754/832/204/56
f 767/841/205/57 768/842/205/57 765/843/205/57 766/844/205/57
f 813/906/244/59 814/907/244/59 811/908/244/59 812/909/244/59
f 825/918/245/60 826/919/245/60 823/920/245/60 824/921/245/60
f 837/930/246/61 838/931/246/61 835/932/246/61 836/933/246/61
f 849/942/247/62 850/943/247/62 847/944/247/62 848/945/247/62
f 861/954/248/63 862/955/248/63 859/956/248/63 860/957/248/63
usemtl wall01_g
s off
f 887/982/254/69 888/983/255/69 889/984/256/69 890/985/256/69
f 891/986/257/69 892/987/254/69 893/988/256/69 894/989/256/69
f 907/1002/265/70 908/1003/266/70 909/1004/266/70 910/1005/265/70
f 908/1003/266/70 911/1006/267/70 912/1007/267/70 909/1004/266/70
f 913/1008/265/70 914/1009/265/70 915/1010/268/70 916/1011/268/70
f 917/1012/269/71 918/1013/270/71 919/1014/271/71 920/1015/271/71
f 921/1016/272/71 922/1017/269/71 923/1018/271/71 924/1019/271/71
f 945/1040/282/74 946/1041/283/74 947/1042/284/74 948/1043/284/74
f 949/1044/285/74 950/1045/282/74 951/1046/284/74 952/1047/284/74
f 965/1060/293/75 966/1061/294/75 967/1062/294/75 968/1063/293/75
f 966/1061/294/75 969/1064/295/75 970/1065/295/75 967/1062/294/75
f 971/1066/293/75 972/1067/293/75 973/1068/296/75 974/1069/296/75
f 1006/1096/314/78 1007/1097/315/78 1008/1098/316/78 1009/1099/317/78
f 1010/1100/318/78 1011/1101/319/78 1012/1102/320/78 1013/1103/321/78
f 1011/1101/319/78 1006/1096/314/78 1009/1099/317/78 1012/1102/320/78
f 1023/1118/330/79 1024/1119/331/79 1025/1120/331/79 1026/1121/330/79
f 1024/1119/331/79 1027/1122/332/79 1028/1123/332/79 1025/1120/331/79
f 1029/1124/330/79 1030/1125/330/79 1031/1126/333/79 1032/1127/333/79
f 1033/1128/334/80 1034/1129/335/80 1035/1130/336/80 1036/1131/336/80
f 1037/1132/337/80 1038/1133/334/80 1039/1134/336/80 1040/1135/336/80
f 1057/1152/346/82 1058/1153/347/82 1059/1154/347/82 1060/1155/346/82
f 1058/1153/347/82 1061/1156/348/82 1062/1157/348/82 1059/1154/347/82
f 1063/1158/346/82 1064/1159/346/82 1065/1160/349/82 1066/1161/349/82
f 1102/1192/368/86 1103/1193/369/86 1104/1194/370/86 1105/1195/371/86
f 1106/1196/372/86 1107/1197/373/86 1108/1198/374/86 1109/1199/375/86
f 1107/1197/373/86 1102/1192/368/86 1105/1195/371/86 1108/1198/374/86
f 1119/1214/384/87 1120/1215/385/87 1121/1216/385/87 1122/1217/384/87
f 1120/1215/385/87 1123/1218/386/87 1124/1219/386/87 1121/1216/385/87
f 1125/1220/384/87 1126/1221/384/87 1127/1222/387/87 1128/1223/387/87
f 1129/1224/388/88 1130/1225/389/88 1131/1226/390/88 1132/1227/390/88
f 1133/1228/391/88 1134/1229/388/88 1135/1230/390/88 1136/1231/390/88
f 1170/1260/403/93 1171/1261/404/93 1172/1262/405/93 1173/1263/406/93
f 1174/1264/407/93 1175/1265/408/93 1176/1266/409/93 1177/1267/410/93
f 1175/1265/408/93 1170/1260/403/93 1173/1263/406/93 1176/1266/409/93
f 1187/1282/419/94 1188/1283/420/94 1189/1284/420/94 1190/1285/419/94
f 1188/1283/420/94 1191/1286/421/94 1192/1287/421/94 1189/1284/420/94
f 1193/1288/419/94 1194/1289/419/94 1195/1290/422/94 1196/1291/422/94
f 1197/1292/423/95 1198/1293/424/95 1199/1294/425/95 1200/1295/425/95
f 1201/1296/426/95 1202/1297/423/95 1203/1298/425/95 1204/1299/425/95
f 1225/1320/436/98 1226/1321/437/98 1227/1322/437/98 1228/1323/436/98
f 1226/1321/437/98 1229/1324/438/98 1230/1325/438/98 1227/1322/437/98
f 1231/1326/436/98 1232/1327/436/98 1233/1328/439/98 1234/1329/439/98
f 1240/1330/440/99 1241/1331/441/99 1242/1332/442/99 1243/1333/443/99
f 1244/1334/444/99 1245/1335/445/99 1246/1336/446/99 1247/1337/447/99
f 1245/1335/445/99 1240/1330/440/99 1243/1333/443/99 1246/1336/446/99
f 1257/1352/456/100 1258/1353/457/100 1259/1354/457/100 1260/1355/456/100
f 1258/1353/457/100 1261/1356/458/100 1262/1357/458/100 1259/1354/457/100
f 1263/1358/456/100 1264/1359/456/100 1265/1360/459/100 1266/1361/459/100
f 1267/1362/460/101 1268/1363/461/101 1269/1364/462/101 1270/1365/462/101
f 1271/1366/463/101 1272/1367/460/101 1273/1368/462/101 1274/1369/462/101
f 1295/1390/473/104 1296/1391/474/104 1297/1392/474/104 1298/1393/473/104
f 1296/1391/474/104 1299/1394/475/104 1300/1395/475/104 1297/1392/474/104
f 1301/1396/473/104 1302/1397/473/104 1303/1398/476/104 1304/1399/476/104
f 1333/1428/484/112 1334/1429/485/112 1335/1430/486/112 1336/1431/486/112
f 1337/1432/487/112 1338/1433/484/112 1339/1434/486/112 1340/1435/486/112
f 1353/1448/495/113 1354/1449/496/113 1355/1450/496/113 1356/1451/495/113
f 1354/1449/496/113 1357/1452/497/113 1358/1453/497/113 1355/1450/496/113
f 1359/1454/495/113 1360/1455/495/113 1361/1456/498/113 1362/1457/498/113
f 1363/1458/499/114 1364/1459/500/114 1365/1460/501/114 1366/1461/501/114
f 1367/1462/502/114 1368/1463/499/114 1369/1464/501/114 1370/1465/501/114
f 1387/1482/511/116 1388/1483/512/116 1389/1484/513/116 1390/1485/513/116
f 1391/1486/514/116 1392/1487/511/116 1393/1488/513/116 1394/1489/513/116
f 1407/1502/522/117 1408/1503/523/117 1409/1504/523/117 1410/1505/522/117
f 1408/1503/523/117 1411/1506/524/117 1412/1507/524/117 1409/1504/523/117
f 1413/1508/522/117 1414/1509/522/117 1415/1510/525/117 1416/1511/525/117
f 1417/1512/526/118 1418/1513/527/118 1419/1514/528/118 1420/1515/528/118
f 1421/1516/529/118 1422/1517/526/118 1423/1518/528/118 1424/1519/528/118
f 1460/1550/543/122 1461/1551/544/122 1462/1552/545/122 1463/1553/546/122
f 1464/1554/547/122 1465/1555/548/122 1466/1556/549/122 1467/1557/550/122
f 1465/1555/548/122 1460/1550/543/122 1463/1553/546/122 1466/1556/549/122
f 1477/1572/559/123 1478/1573/560/123 1479/1574/560/123 1480/1575/559/123
f 1478/1573/560/123 1481/1576/561/123 1482/1577/561/123 1479/1574/560/123
f 1483/1578/559/123 1484/1579/559/123 1485/1580/562/123 1486/1581/562/123
f 1517/1612/581/127 1518/1613/582/127 1519/1614/582/127 1520/1615/581/127
f 1518/1613/582/127 1521/1616/583/127 1522/1617/583/127 1519/1614/582/127
f 1523/1618/581/127 1524/1619/581/127 1525/1620/584/127 1526/1621/584/127
f 1536/1626/586/129 1537/1627/587/129 1538/1628/588/129 1539/1629/589/129
f 1540/1630/590/129 1541/1631/591/129 1542/1632/592/129 1543/1633/593/129
f 1541/1631/591/129 1536/1626/586/129 1539/1629/589/129 1542/1632/592/129
f 1553/1648/602/130 1554/1649/603/130 1555/1650/604/130 1556/1651/604/130
f 1557/1652/605/130 1558/1653/602/130 1559/1654/604/130 1560/1655/604/130
f 1577/1672/614/132 1578/1673/615/132 1579/1674/616/132 1580/1675/616/132
f 1581/1676/617/132 1582/1677/614/132 1583/1678/616/132 1584/1679/616/132
f 1597/1692/625/133 1598/1693/626/133 1599/1694/626/133 1600/1695/625/133
f 1598/1693/626/133 1601/1696/627/133 1602/1697/627/133 1599/1694/626/133
f 1603/1698/625/133 1604/1699/625/133 1605/1700/628/133 1606/1701/628/133
f 1638/1728/646/136 1639/1729/647/136 1640/1730/648/136 1641/1731/649/136
f 1642/1732/650/136 1643/1733/651/136 1644/1734/652/136 1645/1735/653/136
f 1643/1733/651/136 1638/1728/646/136 1641/1731/649/136 1644/1734/652/136
f 1655/1750/662/137 1656/1751/663/137 1657/1752/664/137 1658/1753/664/137
f 1659/1754/665/137 1660/1755/662/137 1661/1756/664/137 1662/1757/664/137
f 1683/1778/675/140 1684/1779/676/140 1685/1780/676/140 1686/1781/675/140
f 1684/1779/676/140 1687/1782/677/140 1688/1783/677/140 1685/1780/676/140
f 1689/1784/675/140 1690/1785/675/140 1691/1786/678/140 1692/1787/678/140
f 1711/1806/685/144 1712/1807/686/144 1713/1808/686/144 1714/1809/685/144
f 1712/1807/686/144 1715/1810/687/144 1716/1811/687/144 1713/1808/686/144
f 1717/1812/685/144 1718/1813/685/144 1719/1814/688/144 1720/1815/688/144
f 1721/1816/689/145 1722/1817/690/145 1723/1818/691/145 1724/1819/691/145
f 1725/1820/692/145 1726/1821/689/145 1727/1822/691/145 1728/1823/691/145
f 1782/1872/721/149 1783/1873/722/149 1784/1874/723/149 1785/1875/724/149
f 1786/1876/725/149 1787/1877/726/149 1788/1878/727/149 1789/1879/728/149
f 1787/1877/726/149 1782/1872/721/149 1785/1875/724/149 1788/1878/727/149
f 1799/1894/737/150 1800/1895/738/150 1801/1896/739/150 1802/1897/739/150
f 1803/1898/740/150 1804/1899/737/150 1805/1900/739/150 1806/1901/739/150
f 1823/1918/749/152 1824/1919/750/152 1825/1920/750/152 1826/1921/749/152
f 1824/1919/750/152 1827/1922/751/152 1828/1923/751/152 1825/1920/750/152
f 1829/1924/749/152 1830/1925/749/152 1831/1926/752/152 1832/1927/752/152
f 1842/1932/754/154 1843/1933/755/154 1844/1934/756/154 1845/1935/757/154
f 1846/1936/758/154 1847/1937/759/154 1848/1938/760/154 1849/1939/761/154
f 1847/1937/759/154 1842/1932/754/154 1845/1935/757/154 1848/1938/760/154
f 1859/1954/770/155 1860/1955/771/155 1861/1956/772/155 1862/1957/772/155
f 1863/1958/773/155 1864/1959/770/155 1865/1960/772/155 1866/1961/772/155
f 1887/1982/783/158 1888/1983/784/158 1889/1984/785/158 1890/1985/785/158
f 1891/1986/786/158 1892/1987/783/158 1893/1988/785/158 1894/1989/785/158
f 1929/2024/810/160 1930/2025/811/160 1931/2026/811/160 1932/2027/810/160
f 1930/2025/811/160 1933/2028/812/160 1934/2029/812/160 1931/2026/811/160
f 1935/2030/810/160 1936/2031/810/160 1937/2032/813/160 1938/2033/813/160
f 1948/2038/815/162 1949/2039/816/162 1950/2040/817/162 1951/2041/818/162
f 1952/2042/819/162 1953/2043/820/162 1954/2044/821/162 1955/2045/822/162
f 1953/2043/820/162 1948/2038/815/162 1951/2041/818/162 1954/2044/821/162
f 1965/2060/831/163 1966/2061/832/163 1967/2062/833/163 1968/2063/833/163
f 1969/2064/834/163 1970/2065/831/163 1971/2066/833/163 1972/2067/833/163
f 2012/2102/849/168 2013/2103/850/168 2014/2104/851/168 2015/2105/852/168
f 2016/2106/853/168 2017/2107/854/168 2018/2108/855/168 2019/2109/856/168
f 2017/2107/854/168 2012/2102/849/168 2015/2105/852/168 2018/2108/855/168
f 2029/2124/865/169 2030/2125/866/169 2031/2126/867/169 2032/2127/867/169
f 2033/2128/868/169 2034/2129/865/169 2035/2130/867/169 2036/2131/867/169
f 2053/2148/877/171 2054/2149/878/171 2055/2150/878/171 2056/2151/877/171
f 2054/2149/878/171 2057/2152/879/171 2058/2153/879/171 2055/2150/878/171
f 2059/2154/877/171 2060/2155/877/171 2061/2156/880/171 2062/2157/880/171
f 2067/2162/882/173 2068/2163/883/173 2069/2164/884/173 2070/2165/884/173
f 2071/2166/885/173 2072/2167/882/173 2073/2168/884/173 2074/2169/884/173
f 2087/2182/893/174 2088/2183/894/174 2089/2184/894/174 2090/2185/893/174
f 2088/2183/894/174 2091/2186/895/174 2092/2187/895/174 2089/2184/894/174
f 2093/2188/893/174 2094/2189/893/174 2095/2190/896/174 2096/2191/896/174
f 2123/2218/914/177 2124/2219/915/177 2125/2220/915/177 2126/2221/914/177
f 2124/2219/915/177 2127/2222/916/177 2128/2223/916/177 2125/2220/915/177
f 2129/2224/914/177 2130/2225/914/177 2131/2226/917/177 2132/2227/917/177
f 2145/2240/921/181 2146/2241/922/181 2147/2242/923/181 2148/2243/923/181
f 2149/2244/924/181 2150/2245/921/181 2151/2246/923/181 2152/2247/923/181
f 2165/2260/932/182 2166/2261/933/182 2167/2262/933/182 2168/2263/932/182
f 2166/2261/933/182 2169/2264/934/182 2170/2265/934/182 2167/2262/933/182
f 2171/2266/932/182 2172/2267/932/182 2173/2268/935/182 2174/2269/935/182
f 2205/2300/954/186 2206/2301/955/186 2207/2302/956/186 2208/2303/956/186
f 2209/2304/957/186 2210/2305/954/186 2211/2306/956/186 2212/2307/956/186
f 2225/2320/965/187 2226/2321/966/187 2227/2322/966/187 2228/2323/965/187
f 2226/2321/966/187 2229/2324/967/187 2230/2325/967/187 2227/2322/966/187
f 2231/2326/965/187 2232/2327/965/187 2233/2328/968/187 2234/2329/968/187
f 2235/2330/969/188 2236/2331/970/188 2237/2332/971/188 2238/2333/971/188
f 2239/2334/972/188 2240/2335/969/188 2241/2336/971/188 2242/2337/971/188
f 895/990/258/69 896/991/259/69 897/992/254/69
f 896/991/259/69 898/993/260/69 897/992/254/69
f 897/992/254/69 898/993/260/69 899/994/261/69
f 900/995/262/69 901/996/260/69 902/997/254/69
f 901/996/260/69 903/998/263/69 902/997/254/69
f 904/999/264/69 905/1000/254/69 906/1001/261/69
f 925/1020/273/71 926/1021/274/71 927/1022/269/71
f 926/1021/274/71 928/1023/275/71 927/1022/269/71
f 927/1022/269/71 928/1023/275/71 929/1024/276/71
f 930/1025/277/71 931/1026/275/71 932/1027/269/71
f 931/1026/275/71 933/1028/278/71 932/1027/269/71
f 934/1029/279/71 935/1030/269/71 936/1031/276/71
f 953/1048/286/74 954/1049/287/74 955/1050/282/74
f 954/1049/287/74 956/1051/288/74 955/1050/282/74
f 955/1050/282/74 956/1051/288/74 957/1052/289/74
f 958/1053/290/74 959/1054/288/74 960/1055/282/74
f 959/1054/288/74 961/1056/291/74 960/1055/282/74
f 962/1057/292/74 963/1058/282/74 964/1059/289/74
f 1014/1104/322/78 1015/1105/323/78 1016/1106/324/78
f 1015/1105/323/78 1017/1107/325/78 1016/1106/324/78
f 1016/1106/324/78 1017/1107/325/78 1018/1108/326/78
f 1017/1107/325/78 1019/1109/327/78 1018/1108/326/78
f 1020/1110/326/78 1021/1111/328/78 1022/1112/329/78
f 1041/1136/338/80 1042/1137/339/80 1043/1138/334/80
f 1042/1137/339/80 1044/1139/340/80 1043/1138/334/80
f 1043/1138/334/80 1044/1139/340/80 1045/1140/341/80
f 1046/1141/342/80 1047/1142/340/80 1048/1143/334/80
f 1047/1142/340/80 1049/1144/343/80 1048/1143/334/80
f 1050/1145/344/80 1051/1146/334/80 1052/1147/341/80
f 1110/1200/376/86 1111/1201/377/86 1112/1202/378/86
f 1111/1201/377/86 1113/1203/379/86 1112/1202/378/86
f 1112/1202/378/86 1113/1203/379/86 1114/1204/380/86
f 1113/1203/379/86 1115/1205/381/86 1114/1204/380/86
f 1116/1206/380/86 1117/1207/382/86 1118/1208/383/86
f 1137/1232/392/88 1138/1233/393/88 1139/1234/388/88
f 1138/1233/393/88 1140/1235/394/88 1139/1234/388/88
f 1139/1234/388/88 1140/1235/394/88 1141/1236/395/88
f 1142/1237/396/88 1143/1238/394/88 1144/1239/388/88
f 1143/1238/394/88 1145/1240/397/88 1144/1239/388/88
f 1146/1241/398/88 1147/1242/388/88 1148/1243/395/88
f 1178/1268/411/93 1179/1269/412/93 1180/1270/413/93
f 1179/1269/412/93 1181/1271/414/93 1180/1270/413/93
f 1180/1270/413/93 1181/1271/414/93 1182/1272/415/93
f 1181/1271/414/93 1183/1273/416/93 1182/1272/415/93
f 1184/1274/415/93 1185/1275/417/93 1186/1276/418/93
f 1205/1300/427/95 1206/1301/428/95 1207/1302/423/95
f 1206/1301/428/95 1208/1303/429/95 1207/1302/423/95
f 1207/1302/423/95 1208/1303/429/95 1209/1304/430/95
f 1210/1305/431/95 1211/1306/429/95 1212/1307/423/95
f 1211/1306/429/95 1213/1308/432/95 1212/1307/423/95
f 1214/1309/433/95 1215/1310/423/95 1216/1311/430/95
f 1248/1338/448/99 1249/1339/449/99 1250/1340/450/99
f 1249/1339/449/99 1251/1341/451/99 1250/1340/450/99
f 1250/1340/450/99 1251/1341/451/99 1252/1342/452/99
f 1251/1341/451/99 1253/1343/453/99 1252/1342/452/99
f 1254/1344/452/99 1255/1345/454/99 1256/1346/455/99
f 1275/1370/464/101 1276/1371/465/101 1277/1372/460/101
f 1276/1371/465/101 1278/1373/466/101 1277/1372/460/101
f 1277/1372/460/101 1278/1373/466/101 1279/1374/467/101
f 1280/1375/468/101 1281/1376/466/101 1282/1377/460/101
f 1281/1376/466/101 1283/1378/469/101 1282/1377/460/101
f 1284/1379/470/101 1285/1380/460/101 1286/1381/467/101
f 1341/1436/488/112 1342/1437/489/112 1343/1438/484/112
f 1342/1437/489/112 1344/1439/490/112 1343/1438/484/112
f 1343/1438/484/112 1344/1439/490/112 1345/1440/491/112
f 1346/1441/492/112 1347/1442/490/112 1348/1443/484/112
f 1347/1442/490/112 1349/1444/493/112 1348/1443/484/112
f 1350/1445/494/112 1351/1446/484/112 1352/1447/491/112
f 1371/1466/503/114 1372/1467/504/114 1373/1468/499/114
f 1372/1467/504/114 1374/1469/505/114 1373/1468/499/114
f 1373/1468/499/114 1374/1469/505/114 1375/1470/506/114
f 1376/1471/507/114 1377/1472/505/114 1378/1473/499/114
f 1377/1472/505/114 1379/1474/508/114 1378/1473/499/114
f 1380/1475/509/114 1381/1476/499/114 1382/1477/506/114
f 1395/1490/515/116 1396/1491/516/116 1397/1492/511/116
f 1396/1491/516/116 1398/1493/517/116 1397/1492/511/116
f 1397/1492/511/116 1398/1493/517/116 1399/1494/518/116
f 1400/1495/519/116 1401/1496/517/116 1402/1497/511/116
f 1401/1496/517/116 1403/1498/520/116 1402/1497/511/116
f 1404/1499/521/116 1405/1500/511/116 1406/1501/518/116
f 1425/1520/530/118 1426/1521/531/118 1427/1522/526/118
f 1426/1521/531/118 1428/1523/532/118 1427/1522/526/118
f 1427/1522/526/118 1428/1523/532/118 1429/1524/533/118
f 1430/1525/534/118 1431/1526/532/118 1432/1527/526/118
f 1431/1526/532/118 1433/1528/535/118 1432/1527/526/118
f 1434/1529/536/118 1435/1530/526/118 1436/1531/533/118
f 1468/1558/551/122 1469/1559/552/122 1470/1560/553/122
f 1469/1559/552/122 1471/1561/554/122 1470/1560/553/122
f 1470/1560/553/122 1471/1561/554/122 1472/1562/555/122
f 1471/1561/554/122 1473/1563/556/122 1472/1562/555/122
f 1474/1564/555/122 1475/1565/557/122 1476/1566/558/122
f 1544/1634/594/129 1545/1635/595/129 1546/1636/596/129
f 1545/1635/595/129 1547/1637/597/129 1546/1636/596/129
f 1546/1636/596/129 1547/1637/597/129 1548/1638/598/129
f 1547/1637/597/129 1549/1639/599/129 1548/1638/598/129
f 1550/1640/598/129 1551/1641/600/129 1552/1642/601/129
f 1561/1656/606/130 1562/1657/607/130 1563/1658/602/130
f 1562/1657/607/130 1564/1659/608/130 1563/1658/602/130
f 1563/1658/602/130 1564/1659/608/130 1565/1660/609/130
f 1566/1661/610/130 1567/1662/608/130 1568/1663/602/130
f 1567/1662/608/130 1569/1664/611/130 1568/1663/602/130
f 1570/1665/612/130 1571/1666/602/130 1572/1667/609/130
f 1585/1680/618/132 1586/1681/619/132 1587/1682/614/132
f 1586/1681/619/132 1588/1683/620/132 1587/1682/614/132
f 1587/1682/614/132 1588/1683/620/132 1589/1684/621/132
f 1590/1685/622/132 1591/1686/620/132 1592/1687/614/132
f 1591/1686/620/132 1593/1688/623/132 1592/1687/614/132
f 1594/1689/624/132 1595/1690/614/132 1596/1691/621/132
f 1646/1736/654/136 1647/1737/655/136 1648/1738/656/136
f 1647/1737/655/136 1649/1739/657/136 1648/1738/656/136
f 1648/1738/656/136 1649/1739/657/136 1650/1740/658/136
f 1649/1739/657/136 1651/1741/659/136 1650/1740/658/136
f 1652/1742/658/136 1653/1743/660/136 1654/1744/661/136
f 1663/1758/666/137 1664/1759/667/137 1665/1760/662/137
f 1664/1759/667/137 1666/1761/668/137 1665/1760/662/137
f 1665/1760/662/137 1666/1761/668/137 1667/1762/669/137
f 1668/1763/670/137 1669/1764/668/137 1670/1765/662/137
f 1669/1764/668/137 1671/1766/671/137 1670/1765/662/137
f 1672/1767/672/137 1673/1768/662/137 1674/1769/669/137
f 1729/1824/693/145 1730/1825/694/145 1731/1826/689/145
f 1730/1825/694/145 1732/1827/695/145 1731/1826/689/145
f 1731/1826/689/145 1732/1827/695/145 1733/1828/696/145
f 1734/1829/697/145 1735/1830/695/145 1736/1831/689/145
f 1735/1830/695/145 1737/1832/698/145 1736/1831/689/145
f 1738/1833/699/145 1739/1834/689/145 1740/1835/696/145
f 1790/1880/729/149 1791/1881/730/149 1792/1882/731/149
f 1791/1881/730/149 1793/1883/732/149 1792/1882/731/149
f 1792/1882/731/149 1793/1883/732/149 1794/1884/733/149
f 1793/1883/732/149 1795/1885/734/149 1794/1884/733/149
f 1796/1886/733/149 1797/1887/735/149 1798/1888/736/149
f 1807/1902/741/150 1808/1903/742/150 1809/1904/737/150
f 1808/1903/742/150 1810/1905/743/150 1809/1904/737/150
f 1809/1904/737/150 1810/1905/743/150 1811/1906/744/150
f 1812/1907/745/150 1813/1908/743/150 1814/1909/737/150
f 1813/1908/743/150 1815/1910/746/150 1814/1909/737/150
f 1816/1911/747/150 1817/1912/737/150 1818/1913/744/150
f 1850/1940/762/154 1851/1941/763/154 1852/1942/764/154
f 1851/1941/763/154 1853/1943/765/154 1852/1942/764/154
f 1852/1942/764/154 1853/1943/765/154 1854/1944/766/154
f 1853/1943/765/154 1855/1945/767/154 1854/1944/766/154
f 1856/1946/766/154 1857/1947/768/154 1858/1948/769/154
f 1867/1962/774/155 1868/1963/775/155 1869/1964/770/155
f 1868/1963/775/155 1870/1965/776/155 1869/1964/770/155
f 1869/1964/770/155 1870/1965/776/155 1871/1966/777/155
f 1872/1967/778/155 1873/1968/776/155 1874/1969/770/155
f 1873/1968/776/155 1875/1970/779/155 1874/1969/770/155
f 1876/1971/780/155 1877/1972/770/155 1878/1973/777/155
f 1895/1990/787/158 1896/1991/788/158 1897/1992/783/158
f 1896/1991/788/158 1898/1993/789/158 1897/1992/783/158
f 1897/1992/783/158 1898/1993/789/158 1899/1994/790/158
f 1900/1995/791/158 1901/1996/789/158 1902/1997/783/158
f 1901/1996/789/158 1903/1998/792/158 1902/1997/783/158
f 1904/1999/793/158 1905/2000/783/158 1906/2001/790/158
f 1956/2046/823/162 1957/2047/824/162 1958/2048/825/162
f 1957/2047/824/162 1959/2049/826/162 1958/2048/825/162
f 1958/2048/825/162 1959/2049/826/162 1960/2050/827/162
f 1959/2049/826/162 1961/2051/828/162 1960/2050/827/162
f 1962/2052/827/162 1963/2053/829/162 1964/2054/830/162
f 1973/2068/835/163 1974/2069/836/163 1975/2070/831/163
f 1974/2069/836/163 1976/2071/837/163 1975/2070/831/163
f 1975/2070/831/163 1976/2071/837/163 1977/2072/838/163
f 1978/2073/839/163 1979/2074/837/163 1980/2075/831/163
f 1979/2074/837/163 1981/2076/840/163 1980/2075/831/163
f 1982/2077/841/163 1983/2078/831/163 1984/2079/838/163
f 2020/2110/857/168 2021/2111/858/168 2022/2112/859/168
f 2021/2111/858/168 2023/2113/860/168 2022/2112/859/168
f 2022/2112/859/168 2023/2113/860/168 2024/2114/861/168
f 2023/2113/860/168 2025/2115/862/168 2024/2114/861/168
f 2026/2116/861/168 2027/2117/863/168 2028/2118/864/168
f 2037/2132/869/169 2038/2133/870/169 2039/2134/865/169
f 2038/2133/870/169 2040/2135/871/169 2039/2134/865/169
f 2039/2134/865/169 2040/2135/871/169 2041/2136/872/169
f 2042/2137/873/169 2043/2138/871/169 2044/2139/865/169
f 2043/2138/871/169 2045/2140/874/169 2044/2139/865/169
f 2046/2141/875/169 2047/2142/865/169 2048/2143/872/169
f 2075/2170/886/173 2076/2171/887/173 2077/2172/882/173
f 2076/2171/887/173 2078/2173/888/173 2077/2172/882/173
f 2077/2172/882/173 2078/2173/888/173 2079/2174/889/173
f 2080/2175/890/173 2081/2176/888/173 2082/2177/882/173
f 2081/2176/888/173 2083/2178/891/173 2082/2177/882/173
f 2084/2179/892/173 2085/2180/882/173 2086/2181/889/173
f 2153/2248/925/181 2154/2249/926/181 2155/2250/921/181
f 2154/2249/926/181 2156/2251/927/181 2155/2250/921/181
f 2155/2250/921/181 2156/2251/927/181 2157/2252/928/181
f 2158/2253/929/181 2159/2254/927/181 2160/2255/921/181
f 2159/2254/927/181 2161/2256/930/181 2160/2255/921/181
f 2162/2257/931/181 2163/2258/921/181 2164/2259/928/181
f 2213/2308/958/186 2214/2309/959/186 2215/2310/954/186
f 2214/2309/959/186 2216/2311/960/186 2215/2310/954/186
f 2215/2310/954/186 2216/2311/960/186 2217/2312/961/186
f 2218/2313/962/186 2219/2314/960/186 2220/2315/954/186
f 2219/2314/960/186 2221/2316/963/186 2220/2315/954/186
f 2222/2317/964/186 2223/2318/954/186 2224/2319/961/186
f 2243/2338/973/188 2244/2339/974/188 2245/2340/969/188
f 2244/2339/974/188 2246/2341/975/188 2245/2340/969/188
f 2245/2340/969/188 2246/2341/975/188 2247/2342/976/188
f 2248/2343/977/188 2249/2344/975/188 2250/2345/969/188
f 2249/2344/975/188 2251/2346/978/188 2250/2345/969/188
f 2252/2347/979/188 2253/2348/969/188 2254/2349/976/188
usemtl beach01
s off
f 975/1087/311/76 976/1088/311/76 977/1089/311/76
f 976/1088/311/76 978/1090/311/76 977/1089/311/76
f 979/1091/311/76 978/1090/311/76 976/1088/311/76
f 1001/1113/328/78 1002/1114/328/78 1003/1115/328/78
f 1002/1114/328/78 1004/1116/328/78 1003/1115/328/78
f 1005/1117/328/78 1004/1116/328/78 1002/1114/328/78
f 1067/1179/364/83 1068/1180/364/83 1069/1181/364/83
f 1068/1180/364/83 1070/1182/364/83 1069/1181/364/83
f 1071/1183/364/83 1070/1182/364/83 1068/1180/364/83
f 1097/1209/382/86 1098/1210/382/86 1099/1211/382/86
f 1098/1210/382/86 1100/1212/382/86 1099/1211/382/86
f 1101/1213/382/86 1100/1212/382/86 1098/1210/382/86
f 1165/1277/417/93 1166/1278/417/93 1167/1279/417/93
f 1166/1278/417/93 1168/1280/417/93 1167/1279/417/93
f 1169/1281/417/93 1168/1280/417/93 1166/1278/417/93
f 1235/1347/454/99 1236/1348/454/99 1237/1349/454/99
f 1236/1348/454/99 1238/1350/454/99 1237/1349/454/99
f 1239/1351/454/99 1238/1350/454/99 1236/1348/454/99
f 1455/1567/557/122 1456/1568/557/122 1457/1569/557/122
f 1456/1568/557/122 1458/1570/557/122 1457/1569/557/122
f 1459/1571/557/122 1458/1570/557/122 1456/1568/557/122
f 1487/1599/577/124 1488/1600/577/124 1489/1601/577/124
f 1488/1600/577/124 1490/1602/577/124 1489/1601/577/124
f 1491/1603/577/124 1490/1602/577/124 1488/1600/577/124
f 1531/1643/600/129 1532/1644/600/129 1533/1645/600/129
f 1532/1644/600/129 1534/1646/600/129 1533/1645/600/129
f 1535/1647/600/129 1534/1646/600/129 1532/1644/600/129
f 1607/1719/643/134 1608/1720/643/134 1609/1721/643/134
f 1608/1720/643/134 1610/1722/643/134 1609/1721/643/134
f 1611/1723/643/134 1610/1722/643/134 1608/1720/643/134
f 1633/1745/660/136 1634/1746/660/136 1635/1747/660/136
f 1634/1746/660/136 1636/1748/660/136 1635/1747/660/136
f 1637/1749/660/136 1636/1748/660/136 1634/1746/660/136
f 1741/1853/714/146 1742/1854/714/146 1743/1855/714/146
f 1742/1854/714/146 1744/1856/714/146 1743/1855/714/146
f 1745/1857/714/146 1744/1856/714/146 1742/1854/714/146
f 1777/1889/735/149 1778/1890/735/149 1779/1891/735/149
f 1778/1890/735/149 1780/1892/735/149 1779/1891/735/149
f 1781/1893/735/149 1780/1892/735/149 1778/1890/735/149
f 1837/1949/768/154 1838/1950/768/154 1839/1951/768/154
f 1838/1950/768/154 1840/1952/768/154 1839/1951/768/154
f 1841/1953/768/154 1840/1952/768/154 1838/1950/768/154
f 1907/2019/808/159 1908/2020/808/159 1909/2021/808/159
f 1908/2020/808/159 1910/2022/808/159 1909/2021/808/159
f 1911/2023/808/159 1910/2022/808/159 1908/2020/808/159
f 1943/2055/829/162 1944/2056/829/162 1945/2057/829/162
f 1944/2056/829/162 1946/2058/829/162 1945/2057/829/162
f 1947/2059/829/162 1946/2058/829/162 1944/2056/829/162
f 2007/2119/863/168 2008/2120/863/168 2009/2121/863/168
f 2008/2120/863/168 2010/2122/863/168 2009/2121/863/168
f 2011/2123/863/168 2010/2122/863/168 2008/2120/863/168
f 2097/2209/911/175 2098/2210/911/175 2099/2211/911/175
f 2098/2210/911/175 2100/2212/911/175 2099/2211/911/175
f 2101/2213/911/175 2100/2212/911/175 2098/2210/911/175
f 2175/2287/950/183 2176/2288/950/183 2177/2289/950/183
f 2176/2288/950/183 2178/2290/950/183 2177/2289/950/183
f 2179/2291/950/183 2178/2290/950/183 2176/2288/950/183
usemtl wallkn_g
s off
f 980/1070/297/76 981/1071/298/76 982/1072/299/76 983/1073/300/76
f 984/1074/301/76 985/1075/302/76 986/1076/303/76 987/1077/304/76
f 985/1075/302/76 980/1070/297/76 983/1073/300/76 986/1076/303/76
f 1072/1162/350/83 1073/1163/351/83 1074/1164/352/83 1075/1165/353/83
f 1076/1166/354/83 1077/1167/355/83 1078/1168/356/83 1079/1169/357/83
f 1077/1167/355/83 1072/1162/350/83 1075/1165/353/83 1078/1168/356/83
f 1441/1536/538/120 1442/1537/539/120 1443/1538/539/120 1444/1539/538/120
f 1442/1537/539/120 1445/1540/540/120 1446/1541/540/120 1443/1538/539/120
f 1447/1542/538/120 1448/1543/538/120 1449/1544/541/120 1450/1545/541/120
f 1492/1582/563/124 1493/1583/564/124 1494/1584/565/124 1495/1585/566/124
f 1496/1586/567/124 1497/1587/568/124 1498/1588/569/124 1499/1589/570/124
f 1497/1587/568/124 1492/1582/563/124 1495/1585/566/124 1498/1588/569/124
f 1612/1702/629/134 1613/1703/630/134 1614/1704/631/134 1615/1705/632/134
f 1616/1706/633/134 1617/1707/634/134 1618/1708/635/134 1619/1709/636/134
f 1617/1707/634/134 1612/1702/629/134 1615/1705/632/134 1618/1708/635/134
f 1693/1788/679/141 1694/1789/680/141 1695/1790/680/141 1696/1791/679/141
f 1694/1789/680/141 1697/1792/681/141 1698/1793/681/141 1695/1790/680/141
f 1699/1794/679/141 1700/1795/679/141 1701/1796/682/141 1702/1797/682/141
f 1746/1836/700/146 1747/1837/701/146 1748/1838/702/146 1749/1839/703/146
f 1750/1840/704/146 1751/1841/705/146 1752/1842/706/146 1753/1843/707/146
f 1751/1841/705/146 1746/1836/700/146 1749/1839/703/146 1752/1842/706/146
f 1763/1858/716/147 1764/1859/717/147 1765/1860/717/147 1766/1861/716/147
f 1764/1859/717/147 1767/1862/718/147 1768/1863/718/147 1765/1860/717/147
f 1769/1864/716/147 1770/1865/716/147 1771/1866/719/147 1772/1867/719/147
f 1912/2002/794/159 1913/2003/795/159 1914/2004/796/159 1915/2005/797/159
f 1916/2006/798/159 1917/2007/799/159 1918/2008/800/159 1919/2009/801/159
f 1917/2007/799/159 1912/2002/794/159 1915/2005/797/159 1918/2008/800/159
f 1989/2084/843/165 1990/2085/844/165 1991/2086/844/165 1992/2087/843/165
f 1990/2085/844/165 1993/2088/845/165 1994/2089/845/165 1991/2086/844/165
f 1995/2090/843/165 1996/2091/843/165 1997/2092/846/165 1998/2093/846/165
f 2102/2192/897/175 2103/2193/898/175 2104/2194/899/175 2105/2195/900/175
f 2106/2196/901/175 2107/2197/902/175 2108/2198/903/175 2109/2199/904/175
f 2107/2197/902/175 2102/2192/897/175 2105/2195/900/175 2108/2198/903/175
f 2180/2270/936/183 2181/2271/937/183 2182/2272/938/183 2183/2273/939/183
f 2184/2274/940/183 2185/2275/941/183 2186/2276/942/183 2187/2277/943/183
f 2185/2275/941/183 2180/2270/936/183 2183/2273/939/183 2186/2276/942/183
f 988/1078/305/76 989/1079/306/76 990/1080/307/76
f 989/1079/306/76 991/1081/308/76 990/1080/307/76
f 990/1080/307/76 991/1081/308/76 992/1082/309/76
f 991/1081/308/76 993/1083/310/76 992/1082/309/76
f 994/1084/309/76 995/1085/311/76 996/1086/312/76
f 1080/1170/358/83 1081/1171/359/83 1082/1172/360/83
f 1081/1171/359/83 1083/1173/361/83 1082/1172/360/83
f 1082/1172/360/83 1083/1173/361/83 1084/1174/362/83
f 1083/1173/361/83 1085/1175/363/83 1084/1174/362/83
f 1086/1176/362/83 1087/1177/364/83 1088/1178/365/83
f 1500/1590/571/124 1501/1591/572/124 1502/1592/573/124
f 1501/1591/572/124 1503/1593/574/124 1502/1592/573/124
f 1502/1592/573/124 1503/1593/574/124 1504/1594/575/124
f 1503/1593/574/124 1505/1595/576/124 1504/1594/575/124
f 1506/1596/575/124 1507/1597/577/124 1508/1598/578/124
f 1620/1710/637/134 1621/1711/638/134 1622/1712/639/134
f 1621/1711/638/134 1623/1713/640/134 1622/1712/639/134
f 1622/1712/639/134 1623/1713/640/134 1624/1714/641/134
f 1623/1713/640/134 1625/1715/642/134 1624/1714/641/134
f 1626/1716/641/134 1627/1717/643/134 1628/1718/644/134
f 1754/1844/708/146 1755/1845/709/146 1756/1846/710/146
f 1755/1845/709/146 1757/1847/711/146 1756/1846/710/146
f 1756/1846/710/146 1757/1847/711/146 1758/1848/712/146
f 1757/1847/711/146 1759/1849/713/146 1758/1848/712/146
f 1760/1850/712/146 1761/1851/714/146 1762/1852/715/146
f 1920/2010/802/159 1921/2011/803/159 1922/2012/804/159
f 1921/2011/803/159 1923/2013/805/159 1922/2012/804/159
f 1922/2012/804/159 1923/2013/805/159 1924/2014/806/159
f 1923/2013/805/159 1925/2015/807/159 1924/2014/806/159
f 1926/2016/806/159 1927/2017/808/159 1928/2018/809/159
f 2110/2200/905/175 2111/2201/906/175 2112/2202/907/175
f 2111/2201/906/175 2113/2203/908/175 2112/2202/907/175
f 2112/2202/907/175 2113/2203/908/175 2114/2204/909/175
f 2113/2203/908/175 2115/2205/910/175 2114/2204/909/175
f 2116/2206/909/175 2117/2207/911/175 2118/2208/912/175
f 2188/2278/944/183 2189/2279/945/183 2190/2280/946/183
f 2189/2279/945/183 2191/2281/947/183 2190/2280/946/183
f 2190/2280/946/183 2191/2281/947/183 2192/2282/948/183
f 2191/2281/947/183 2193/2283/949/183 2192/2282/948/183
f 2194/2284/948/183 2195/2285/950/183 2196/2286/951/183
usemtl d0gake_001b
s off
f 773/849/206/58 774/850/207/58 775/851/208/58 776/852/206/58
f 777/853/209/58 774/850/210/58 778/854/211/58 779/855/209/58
f 780/856/212/58 781/857/212/58 782/858/212/58 783/859/212/58
f 784/860/213/58 785/861/214/58 773/849/214/58 786/862/215/58
f 774/850/207/58 777/853/216/58 787/863/216/58 775/851/208/58
f 782/858/217/58 784/860/213/58 786/862/215/58 783/859/217/58
f 774/850/210/58 773/849/218/58 785/861/218/58 778/854/211/58
f 786/862/219/58 773/849/206/58 776/852/206/58 788/864/219/58
f 789/865/220/58 777/853/221/58 790/866/222/58 791/867/220/58
f 790/866/222/58 777/853/221/58 779/855/223/58
f 792/868/224/58 793/869/225/58 789/865/226/58
f 793/869/225/58 787/863/227/58 789/865/226/58
f 787/863/228/58 793/869/229/58 775/851/230/58
f 793/869/229/58 776/852/231/58 775/851/230/58
f 791/867/232/58 780/856/233/58 792/868/234/58
f 780/856/233/58 783/859/235/58 792/868/234/58
f 783/870/236/58 786/871/236/58 792/868/236/58
f 791/867/237/58 792/868/237/58 789/865/237/58
f 792/872/238/58 788/873/238/58 793/874/238/58
f 788/864/239/58 776/852/239/58 793/869/239/58
f 792/868/240/58 786/875/240/58 788/876/240/58
f 777/853/241/58 789/865/241/58 787/863/241/58
f 791/867/242/58 781/857/242/58 780/856/242/58
usemtl ga_s_futa
s off
f 227/246/55/18 228/247/56/18 229/248/57/18 230/249/55/18
f 231/250/58/18 228/247/59/18 232/251/60/18 233/252/58/18
f 234/253/61/18 235/254/61/18 236/255/61/18 237/256/61/18
f 238/257/62/18 239/258/63/18 227/246/63/18 240/259/64/18
f 228/247/56/18 231/250/65/18 241/260/65/18 229/248/57/18
f 236/255/66/18 238/257/62/18 240/259/64/18 237/256/66/18
f 228/247/59/18 227/246/67/18 239/258/67/18 232/251/60/18
f 240/259/68/18 227/246/55/18 230/249/55/18 242/261/68/18
f 243/262/69/18 231/250/70/18 244/263/71/18 245/264/69/18
f 691/748/164/53 692/749/165/53 693/750/166/53 694/751/164/53
f 695/752/167/53 692/749/168/53 696/753/169/53 697/754/167/53
f 698/755/170/53 699/756/170/53 700/757/170/53 701/758/170/53
f 702/759/171/53 703/760/172/53 691/748/172/53 704/761/173/53
f 692/749/165/53 695/752/174/53 705/762/174/53 693/750/166/53
f 700/757/175/53 702/759/171/53 704/761/173/53 701/758/175/53
f 692/749/168/53 691/748/176/53 703/760/176/53 696/753/169/53
f 704/761/177/53 691/748/164/53 694/751/164/53 706/763/177/53
f 707/764/178/53 695/752/179/53 708/765/180/53 709/766/178/53
f 244/263/71/18 231/250/70/18 233/252/72/18
f 246/265/73/18 247/266/74/18 243/262/75/18
f 247/266/74/18 241/260/76/18 243/262/75/18
f 241/260/77/18 247/266/78/18 229/248/79/18
f 247/266/78/18 230/249/80/18 229/248/79/18
f 245/264/81/18 234/253/82/18 246/265/83/18
f 234/253/82/18 237/256/84/18 246/265/83/18
f 237/267/85/18 240/268/85/18 246/265/85/18
f 245/264/86/18 246/265/86/18 243/262/86/18
f 246/269/87/18 242/270/87/18 247/271/87/18
f 242/261/88/18 230/249/88/18 247/266/88/18
f 246/265/89/18 240/272/89/18 242/273/89/18
f 231/250/90/18 243/262/90/18 241/260/90/18
f 245/264/91/18 235/254/91/18 234/253/91/18
f 708/765/180/53 695/752/179/53 697/754/181/53
f 710/767/182/53 711/768/183/53 707/764/184/53
f 711/768/183/53 705/762/185/53 707/764/184/53
f 705/762/186/53 711/768/187/53 693/750/188/53
f 711/768/187/53 694/751/189/53 693/750/188/53
f 709/766/190/53 698/755/191/53 710/767/192/53
f 698/755/191/53 701/758/193/53 710/767/192/53
f 701/769/194/53 704/770/194/53 710/767/194/53
f 709/766/195/53 710/767/195/53 707/764/195/53
f 710/771/196/53 706/772/196/53 711/773/196/53
f 706/763/197/53 694/751/197/53 711/768/197/53
f 710/767/198/53 704/774/198/53 706/775/198/53
f 695/752/199/53 707/764/199/53 705/762/199/53
f 709/766/200/53 699/756/200/53 698/755/200/53
usemtl ga_s01a_TRANS
s off
f 58/65/41/4 59/66/41/4 60/67/41/4
f 60/68/41/4 59/66/41/4 61/69/41/4
f 61/70/41/4 59/66/41/4 62/71/41/4
f 62/72/41/4 59/66/41/4 63/73/41/4
f 63/74/41/4 59/66/41/4 64/75/41/4
f 64/76/41/4 59/66/41/4 65/77/41/4
f 65/78/41/4 59/66/41/4 66/79/41/4
f 66/80/41/4 59/66/41/4 67/81/41/4
f 67/82/41/4 59/66/41/4 68/83/41/4
f 68/84/41/4 59/66/41/4 69/85/41/4
f 69/86/41/4 59/66/41/4 70/87/41/4
f 70/88/41/4 59/66/41/4 58/89/41/4
f 248/274/92/18 249/275/92/18 250/276/92/18
f 250/277/92/18 249/275/92/18 251/278/92/18
f 251/279/92/18 249/275/92/18 252/280/92/18
f 252/281/92/18 249/275/92/18 253/282/92/18
f 253/283/92/18 249/275/92/18 254/284/92/18
f 254/285/92/18 249/275/92/18 255/286/92/18
f 255/287/92/18 249/275/92/18 256/288/92/18
f 256/289/92/18 249/275/92/18 257/290/92/18
f 257/291/92/18 249/275/92/18 258/292/92/18
f 258/293/92/18 249/275/92/18 259/294/92/18
f 259/295/92/18 249/275/92/18 260/296/92/18
f 260/297/92/18 249/275/92/18 248/298/92/18
f 510/555/149/38 511/556/149/38 512/557/149/38
f 512/558/149/38 511/556/149/38 513/559/149/38
f 513/560/149/38 511/556/149/38 514/561/149/38
f 514/562/149/38 511/556/149/38 515/563/149/38
f 515/564/149/38 511/556/149/38 516/565/149/38
f 516/566/149/38 511/556/149/38 517/567/149/38
f 517/568/149/38 511/556/149/38 518/569/149/38
f 518/570/149/38 511/556/149/38 519/571/149/38
f 519/572/149/38 511/556/149/38 520/573/149/38
f 520/574/149/38 511/556/149/38 521/575/149/38
f 521/576/149/38 511/556/149/38 522/577/149/38
f 522/578/149/38 511/556/149/38 510/579/149/38
f 712/776/201/53 713/777/201/53 714/778/201/53
f 714/779/201/53 713/777/201/53 715/780/201/53
f 715/781/201/53 713/777/201/53 716/782/201/53
f 716/783/201/53 713/777/201/53 717/784/201/53
f 717/785/201/53 713/777/201/53 718/786/201/53
f 718/787/201/53 713/777/201/53 719/788/201/53
f 719/789/201/53 713/777/201/53 720/790/201/53
f 720/791/201/53 713/777/201/53 721/792/201/53
f 721/793/201/53 713/777/201/53 722/794/201/53
f 722/795/201/53 713/777/201/53 723/796/201/53
f 723/797/201/53 713/777/201/53 724/798/201/53
f 724/799/201/53 713/777/201/53 712/800/201/53
f 794/877/243/58 795/878/243/58 796/879/243/58
f 796/880/243/58 795/878/243/58 797/881/243/58
f 797/882/243/58 795/878/243/58 798/883/243/58
f 798/884/243/58 795/878/243/58 799/885/243/58
f 799/886/243/58 795/878/243/58 800/887/243/58
f 800/888/243/58 795/878/243/58 801/889/243/58
f 801/890/243/58 795/878/243/58 802/891/243/58
f 802/892/243/58 795/878/243/58 803/893/243/58
f 803/894/243/58 795/878/243/58 804/895/243/58
f 804/896/243/58 795/878/243/58 805/897/243/58
f 805/898/243/58 795/878/243/58 806/899/243/58
f 806/900/243/58 795/878/243/58 794/901/243/58
