mtllib Barrier-Reef_09_14.mtl
o map
v -15.0 0.875 -1.500001
v -14.0 0.875 -1.500001
v -14.0 3.875 -1.500001
v -15.0 3.875 -1.500001
v -15.0 0.875 -1.625001
v -14.0 0.875 -1.625001
v -14.0 3.875 -1.625001
v -15.0 3.875 -1.625001
v -15.0 0.875 -1.875001
v -14.0 0.875 -1.875001
v -14.0 3.875 -1.875001
v -15.0 3.875 -1.875001
v -14.0 -0.125 -1.500001
v -13.0 -0.125 -1.500001
v -13.0 1.875 -1.500001
v -14.0 1.875 -1.500001
v -14.0 -0.125 -1.625001
v -13.0 -0.125 -1.625001
v -13.0 1.875 -1.625001
v -14.0 1.875 -1.625001
v -14.0 -0.125 -1.875001
v -13.0 -0.125 -1.875001
v -13.0 1.875 -1.875001
v -14.0 1.875 -1.875001
v -12.608398 -10.5 -2.144531
v -12.318359 -11.339844 -2.144531
v -12.013672 -10.972656 -0.9863279
v -12.176758 -10.5 -0.98632693
v -11.621094 -11.688477 -2.144531
v -12.40625 -11.4453125 -2.936523
v -11.621094 -11.837891 -2.936523
v -10.904297 -9.660156 -2.144531
v -10.904297 -9.5546875 -2.936523
v -11.621094 -9.162109 -2.936523
v -11.621094 -9.311523 -2.144531
v -12.40625 -9.5546875 -2.936523
v -12.732422 -10.5 -2.936523
v -12.318359 -9.660156 -2.144531
v -11.621094 -11.168945 -0.9863279
v -12.013672 -10.027344 -0.9863279
v -11.227539 -10.972656 -0.9863279
v -10.834961 -11.4453125 -2.936523
v -10.545898 -10.5 -2.936523
v -11.262695 -10.071289 -1.700195
v -11.621094 -10.5 -0.46093702
v -10.885136 -11.893795 -2.8125
v -11.6897335 -10.5 -2.812499
v -11.6897335 -12.109193 -2.812499
v -12.494329 -11.893795 -2.812498
v -13.08269 -11.304596 -2.812498
v -13.298925 -10.5 -2.812498
v -13.08269 -9.695404 -2.812498
v -12.494329 -9.106205 -2.812498
v -11.6897335 -8.890807 -2.812499
v -10.885136 -9.106205 -2.8125
v -10.295937 -9.695404 -2.8125
v -10.080539 -10.5 -2.8125
v -10.295937 -11.304596 -2.8125
v -11.608398 7.5 -2.144531
v -11.318359 6.6601562 -2.144531
v -11.013672 7.0273438 -0.9863279
v -11.176758 7.5 -0.98632693
v -10.621094 6.311523 -2.144531
v -11.40625 6.554688 -2.936523
v -10.621094 6.162109 -2.936523
v -9.904297 8.339844 -2.144531
v -9.904297 8.4453125 -2.936523
v -10.621094 8.837891 -2.936523
v -10.621094 8.688477 -2.144531
v -11.40625 8.4453125 -2.936523
v -11.732422 7.5 -2.936523
v -11.318359 8.339844 -2.144531
v -10.621094 6.831055 -0.9863279
v -11.013672 7.9726562 -0.9863279
v -10.227539 7.0273438 -0.9863279
v -9.834961 6.554688 -2.936523
v -9.545898 7.5 -2.936523
v -10.262695 7.928711 -1.700195
v -10.621094 7.5 -0.46093702
v -9.885136 6.106205 -2.8125
v -10.6897335 7.5 -2.812499
v -10.6897335 5.890807 -2.812499
v -11.494329 6.106205 -2.812498
v -12.08269 6.695404 -2.812498
v -12.298925 7.5 -2.812498
v -12.08269 8.304596 -2.812498
v -11.494329 8.893795 -2.812498
v -10.6897335 9.109193 -2.812499
v -9.885136 8.893795 -2.8125
v -9.295937 8.304596 -2.8125
v -9.080539 7.5 -2.8125
v -9.295937 6.695404 -2.8125
v -11.0 -5.125 -2.500001
v -10.0 -5.125 -2.500001
v -10.0 -2.125 -2.500001
v -11.0 -2.125 -2.500001
v -11.0 -5.125 -2.625001
v -10.0 -5.125 -2.625001
v -10.0 -2.125 -2.625001
v -11.0 -2.125 -2.625001
v -11.0 -5.125 -2.875001
v -10.0 -5.125 -2.875001
v -10.0 -2.125 -2.875001
v -11.0 -2.125 -2.875001
v -11.0 10.875 -2.500001
v -7.0 10.875 -2.500001
v -7.0 11.875 -2.500001
v -11.0 11.875 -2.500001
v -11.0 10.875 -2.625001
v -7.0 10.875 -2.625001
v -7.0 11.875 -2.625001
v -11.0 11.875 -2.625001
v -11.0 10.875 -2.875001
v -7.0 10.875 -2.875001
v -7.0 11.875 -2.875001
v -11.0 11.875 -2.875001
v -11.0 11.875 -2.500001
v -9.0 11.875 -2.500001
v -9.0 12.875 -2.500001
v -11.0 12.875 -2.500001
v -11.0 11.875 -2.625001
v -9.0 11.875 -2.625001
v -9.0 12.875 -2.625001
v -11.0 12.875 -2.625001
v -11.0 11.875 -2.875001
v -9.0 11.875 -2.875001
v -9.0 12.875 -2.875001
v -11.0 12.875 -2.875001
v -10.0 -9.125 -2.500001
v -9.0 -9.125 -2.500001
v -9.0 -3.125 -2.500001
v -10.0 -3.125 -2.500001
v -10.0 -9.125 -2.625001
v -9.0 -9.125 -2.625001
v -9.0 -3.125 -2.625001
v -10.0 -3.125 -2.625001
v -10.0 -9.125 -2.875001
v -9.0 -9.125 -2.875001
v -9.0 -3.125 -2.875001
v -10.0 -3.125 -2.875001
v -10.0 9.875 -2.500001
v -7.0 9.875 -2.500001
v -7.0 10.875 -2.500001
v -10.0 10.875 -2.500001
v -10.0 9.875 -2.625001
v -7.0 9.875 -2.625001
v -7.0 10.875 -2.625001
v -10.0 10.875 -2.625001
v -10.0 9.875 -2.875001
v -7.0 9.875 -2.875001
v -7.0 10.875 -2.875001
v -10.0 10.875 -2.875001
v -10.0 12.875 -2.500001
v -9.0 12.875 -2.500001
v -9.0 13.875 -2.500001
v -10.0 13.875 -2.500001
v -10.0 12.875 -2.625001
v -9.0 12.875 -2.625001
v -9.0 13.875 -2.625001
v -10.0 13.875 -2.625001
v -10.0 12.875 -2.875001
v -9.0 12.875 -2.875001
v -9.0 13.875 -2.875001
v -10.0 13.875 -2.875001
v -9.0 -16.125 -3.500001
v -8.0 -16.125 -3.500001
v -8.0 -13.125 -3.500001
v -9.0 -13.125 -3.500001
v -9.0 -16.125 -3.625001
v -8.0 -16.125 -3.625001
v -8.0 -13.125 -3.625001
v -9.0 -13.125 -3.625001
v -9.0 -16.125 -3.875001
v -8.0 -16.125 -3.875001
v -8.0 -13.125 -3.875001
v -9.0 -13.125 -3.875001
v -9.0 -10.125 -2.500001
v -8.0 -10.125 -2.500001
v -8.0 -4.125 -2.500001
v -9.0 -4.125 -2.500001
v -9.0 -10.125 -2.625001
v -8.0 -10.125 -2.625001
v -8.0 -4.125 -2.625001
v -9.0 -4.125 -2.625001
v -9.0 -10.125 -2.875001
v -8.0 -10.125 -2.875001
v -8.0 -4.125 -2.875001
v -9.0 -4.125 -2.875001
v -8.0 -15.125 -3.500001
v -7.0 -15.125 -3.500001
v -7.0 -13.125 -3.500001
v -8.0 -13.125 -3.500001
v -8.0 -15.125 -3.625001
v -7.0 -15.125 -3.625001
v -7.0 -13.125 -3.625001
v -8.0 -13.125 -3.625001
v -8.0 -15.125 -3.875001
v -7.0 -15.125 -3.875001
v -7.0 -13.125 -3.875001
v -8.0 -13.125 -3.875001
v -8.0 -0.125 -3.500001
v -7.0 -0.125 -3.500001
v -7.0 1.875 -3.500001
v -8.0 1.875 -3.500001
v -8.0 -0.125 -3.625001
v -7.0 -0.125 -3.625001
v -7.0 1.875 -3.625001
v -8.0 1.875 -3.625001
v -8.0 -0.125 -3.875001
v -7.0 -0.125 -3.875001
v -7.0 1.875 -3.875001
v -8.0 1.875 -3.875001
v -8.0 8.875 -2.500001
v -7.0 8.875 -2.500001
v -7.0 9.875 -2.500001
v -8.0 9.875 -2.500001
v -8.0 8.875 -2.625001
v -7.0 8.875 -2.625001
v -7.0 9.875 -2.625001
v -8.0 9.875 -2.625001
v -8.0 8.875 -2.875001
v -7.0 8.875 -2.875001
v -7.0 9.875 -2.875001
v -8.0 9.875 -2.875001
v -8.0 12.875 -3.500001
v -7.0 12.875 -3.500001
v -7.0 15.875 -3.500001
v -8.0 15.875 -3.500001
v -8.0 12.875 -3.625001
v -7.0 12.875 -3.625001
v -7.0 15.875 -3.625001
v -8.0 15.875 -3.625001
v -8.0 12.875 -3.875001
v -7.0 12.875 -3.875001
v -7.0 15.875 -3.875001
v -8.0 15.875 -3.875001
v -7.0 -7.125 -3.500001
v -6.0 -7.125 -3.500001
v -6.0 -4.125 -3.500001
v -7.0 -4.125 -3.500001
v -7.0 -7.125 -3.625001
v -6.0 -7.125 -3.625001
v -6.0 -4.125 -3.625001
v -7.0 -4.125 -3.625001
v -7.0 -7.125 -3.875001
v -6.0 -7.125 -3.875001
v -6.0 -4.125 -3.875001
v -7.0 -4.125 -3.875001
v -7.0 0.875 -3.500001
v -6.0 0.875 -3.500001
v -6.0 2.875 -3.500001
v -7.0 2.875 -3.500001
v -7.0 0.875 -3.625001
v -6.0 0.875 -3.625001
v -6.0 2.875 -3.625001
v -7.0 2.875 -3.625001
v -7.0 0.875 -3.875001
v -6.0 0.875 -3.875001
v -6.0 2.875 -3.875001
v -7.0 2.875 -3.875001
v -7.0 12.875 -3.500001
v -6.0 12.875 -3.500001
v -6.0 14.875 -3.500001
v -7.0 14.875 -3.500001
v -7.0 12.875 -3.625001
v -6.0 12.875 -3.625001
v -6.0 14.875 -3.625001
v -7.0 14.875 -3.625001
v -7.0 12.875 -3.875001
v -6.0 12.875 -3.875001
v -6.0 14.875 -3.875001
v -7.0 14.875 -3.875001
v -4.5 -14.608398 -3.144531
v -3.660156 -14.318359 -3.144531
v -4.0273438 -14.013672 -1.9863279
v -4.5 -14.176758 -1.9863269
v -3.311523 -13.621094 -3.144531
v -3.554688 -14.40625 -3.936523
v -3.162109 -13.621094 -3.936523
v -5.3398438 -12.904297 -3.144531
v -5.445312 -12.904297 -3.936523
v -5.837891 -13.621094 -3.936523
v -5.688477 -13.621094 -3.144531
v -5.445312 -14.40625 -3.936523
v -4.5 -14.732422 -3.936523
v -5.3398438 -14.318359 -3.144531
v -3.831055 -13.621094 -1.9863279
v -4.9726562 -14.013672 -1.9863279
v -4.0273438 -13.227539 -1.9863279
v -3.554688 -12.834961 -3.936523
v -4.5 -12.545898 -3.936523
v -4.928711 -13.262695 -2.7001948
v -4.5 -13.621094 -1.460937
v -3.106205 -12.885136 -3.8125
v -4.5 -13.6897335 -3.812499
v -2.8908072 -13.6897335 -3.812499
v -3.106205 -14.494329 -3.812498
v -3.695404 -15.08269 -3.812498
v -4.5 -15.298925 -3.812498
v -5.304596 -15.08269 -3.812498
v -5.893795 -14.494329 -3.812498
v -6.109193 -13.6897335 -3.812499
v -5.893795 -12.885136 -3.8125
v -5.304596 -12.295937 -3.8125
v -4.5 -12.080539 -3.8125
v -3.695404 -12.295937 -3.8125
v -6.0 -8.125 -3.500001
v -5.0 -8.125 -3.500001
v -5.0 -5.125 -3.500001
v -6.0 -5.125 -3.500001
v -6.0 -8.125 -3.625001
v -5.0 -8.125 -3.625001
v -5.0 -5.125 -3.625001
v -6.0 -5.125 -3.625001
v -6.0 -8.125 -3.875001
v -5.0 -8.125 -3.875001
v -5.0 -5.125 -3.875001
v -6.0 -5.125 -3.875001
v -6.0 1.875 -3.500001
v -5.0 1.875 -3.500001
v -5.0 4.875 -3.500001
v -6.0 4.875 -3.500001
v -6.0 1.875 -3.625001
v -5.0 1.875 -3.625001
v -5.0 4.875 -3.625001
v -6.0 4.875 -3.625001
v -6.0 1.875 -3.875001
v -5.0 1.875 -3.875001
v -5.0 4.875 -3.875001
v -6.0 4.875 -3.875001
v -6.0 11.875 -3.500001
v -5.0 11.875 -3.500001
v -5.0 13.875 -3.500001
v -6.0 13.875 -3.500001
v -6.0 11.875 -3.625001
v -5.0 11.875 -3.625001
v -5.0 13.875 -3.625001
v -6.0 13.875 -3.625001
v -6.0 11.875 -3.875001
v -5.0 11.875 -3.875001
v -5.0 13.875 -3.875001
v -6.0 13.875 -3.875001
v -5.0 -7.125 -3.500001
v -4.0 -7.125 -3.500001
v -4.0 -6.125 -3.500001
v -5.0 -6.125 -3.500001
v -5.0 -7.125 -3.625001
v -4.0 -7.125 -3.625001
v -4.0 -6.125 -3.625001
v -5.0 -6.125 -3.625001
v -5.0 -7.125 -3.875001
v -4.0 -7.125 -3.875001
v -4.0 -6.125 -3.875001
v -5.0 -6.125 -3.875001
v -5.0 2.875 -3.500001
v -4.0 2.875 -3.500001
v -4.0 3.875 -3.500001
v -5.0 3.875 -3.500001
v -5.0 2.875 -3.625001
v -4.0 2.875 -3.625001
v -4.0 3.875 -3.625001
v -5.0 3.875 -3.625001
v -5.0 2.875 -3.875001
v -4.0 2.875 -3.875001
v -4.0 3.875 -3.875001
v -5.0 3.875 -3.875001
v -2.5 -3.608398 -3.144531
v -1.660156 -3.318359 -3.144531
v -2.027344 -3.013672 -1.9863279
v -2.5 -3.176758 -1.9863269
v -1.311523 -2.621094 -3.144531
v -1.554688 -3.40625 -3.936523
v -1.1621089 -2.621094 -3.936523
v -3.339844 -1.9042969 -3.144531
v -3.445312 -1.9042969 -3.936523
v -3.837891 -2.621094 -3.936523
v -3.688477 -2.621094 -3.144531
v -3.445312 -3.40625 -3.936523
v -2.5 -3.732422 -3.936523
v -3.339844 -3.318359 -3.144531
v -1.8310549 -2.621094 -1.9863279
v -2.972656 -3.013672 -1.9863279
v -2.027344 -2.227539 -1.9863279
v -1.554688 -1.8349609 -3.936523
v -2.5 -1.5458989 -3.936523
v -2.928711 -2.2626948 -2.7001948
v -2.5 -2.621094 -1.460937
v -1.106205 -1.8851361 -3.8125
v -2.5 -2.689733 -3.812499
v -0.89080715 -2.689733 -3.812499
v -1.106205 -3.494329 -3.812498
v -1.695404 -4.0826902 -3.812498
v -2.5 -4.298925 -3.812498
v -3.304596 -4.0826902 -3.812498
v -3.893795 -3.494329 -3.812498
v -4.109193 -2.689733 -3.812499
v -3.893795 -1.8851361 -3.8125
v -3.304596 -1.2959361 -3.8125
v -2.5 -1.080539 -3.8125
v -1.695404 -1.2959361 -3.8125
v -3.0 -11.125 -3.500001
v -2.0 -11.125 -3.500001
v -2.0 -8.125 -3.500001
v -3.0 -8.125 -3.500001
v -3.0 -11.125 -3.625001
v -2.0 -11.125 -3.625001
v -2.0 -8.125 -3.625001
v -3.0 -8.125 -3.625001
v -3.0 -11.125 -3.875001
v -2.0 -11.125 -3.875001
v -2.0 -8.125 -3.875001
v -3.0 -8.125 -3.875001
v -3.0 3.875 -3.500001
v 0.0 3.875 -3.500001
v 0.0 4.875 -3.500001
v -3.0 4.875 -3.500001
v -3.0 3.875 -3.625001
v 0.0 3.875 -3.625001
v 0.0 4.875 -3.625001
v -3.0 4.875 -3.625001
v -3.0 3.875 -3.875001
v 0.0 3.875 -3.875001
v 0.0 4.875 -3.875001
v -3.0 4.875 -3.875001
v -2.0 -12.125 -3.500001
v -1.0 -12.125 -3.500001
v -1.0 -9.125 -3.500001
v -2.0 -9.125 -3.500001
v -2.0 -12.125 -3.625001
v -1.0 -12.125 -3.625001
v -1.0 -9.125 -3.625001
v -2.0 -9.125 -3.625001
v -2.0 -12.125 -3.875001
v -1.0 -12.125 -3.875001
v -1.0 -9.125 -3.875001
v -2.0 -9.125 -3.875001
v -2.0 2.875 -3.500001
v 1.0 2.875 -3.500001
v 1.0 3.875 -3.500001
v -2.0 3.875 -3.500001
v -2.0 2.875 -3.625001
v 1.0 2.875 -3.625001
v 1.0 3.875 -3.625001
v -2.0 3.875 -3.625001
v -2.0 2.875 -3.875001
v 1.0 2.875 -3.875001
v 1.0 3.875 -3.875001
v -2.0 3.875 -3.875001
v -2.0 4.875 -3.500001
v -1.0 4.875 -3.500001
v -1.0 5.875 -3.500001
v -2.0 5.875 -3.500001
v -2.0 4.875 -3.625001
v -1.0 4.875 -3.625001
v -1.0 5.875 -3.625001
v -2.0 5.875 -3.625001
v -2.0 4.875 -3.875001
v -1.0 4.875 -3.875001
v -1.0 5.875 -3.875001
v -2.0 5.875 -3.875001
v -2.0 9.875 -3.500001
v 0.0 9.875 -3.500001
v 0.0 11.875 -3.500001
v -2.0 11.875 -3.500001
v -2.0 9.875 -3.625001
v 0.0 9.875 -3.625001
v 0.0 11.875 -3.625001
v -2.0 11.875 -3.625001
v -2.0 9.875 -3.875001
v 0.0 9.875 -3.875001
v 0.0 11.875 -3.875001
v -2.0 11.875 -3.875001
v -1.0 -10.125 -3.500001
v 0.0 -10.125 -3.500001
v 0.0 -9.125 -3.500001
v -1.0 -9.125 -3.500001
v -1.0 -10.125 -3.625001
v 0.0 -10.125 -3.625001
v 0.0 -9.125 -3.625001
v -1.0 -9.125 -3.625001
v -1.0 -10.125 -3.875001
v 0.0 -10.125 -3.875001
v 0.0 -9.125 -3.875001
v -1.0 -9.125 -3.875001
v -1.0 8.875 -3.500001
v 1.0 8.875 -3.500001
v 1.0 9.875 -3.500001
v -1.0 9.875 -3.500001
v -1.0 8.875 -3.625001
v 1.0 8.875 -3.625001
v 1.0 9.875 -3.625001
v -1.0 9.875 -3.625001
v -1.0 8.875 -3.875001
v 1.0 8.875 -3.875001
v 1.0 9.875 -3.875001
v -1.0 9.875 -3.875001
v -1.0 11.875 -3.500001
v 0.0 11.875 -3.500001
v 0.0 12.875 -3.500001
v -1.0 12.875 -3.500001
v -1.0 11.875 -3.625001
v 0.0 11.875 -3.625001
v 0.0 12.875 -3.625001
v -1.0 12.875 -3.625001
v -1.0 11.875 -3.875001
v 0.0 11.875 -3.875001
v 0.0 12.875 -3.875001
v -1.0 12.875 -3.875001
v 0.0 1.875 -3.500001
v 1.0 1.875 -3.500001
v 1.0 2.875 -3.500001
v 0.0 2.875 -3.500001
v 0.0 1.875 -3.625001
v 1.0 1.875 -3.625001
v 1.0 2.875 -3.625001
v 0.0 2.875 -3.625001
v 0.0 1.875 -3.875001
v 1.0 1.875 -3.875001
v 1.0 2.875 -3.875001
v 0.0 2.875 -3.875001
v 0.0 7.875 -3.500001
v 1.0 7.875 -3.500001
v 1.0 8.875 -3.500001
v 0.0 8.875 -3.500001
v 0.0 7.875 -3.625001
v 1.0 7.875 -3.625001
v 1.0 8.875 -3.625001
v 0.0 8.875 -3.625001
v 0.0 7.875 -3.875001
v 1.0 7.875 -3.875001
v 1.0 8.875 -3.875001
v 0.0 8.875 -3.875001
v 1.0 -7.125 -4.500001
v 2.0 -7.125 -4.500001
v 2.0 -1.125 -4.500001
v 1.0 -1.125 -4.500001
v 1.0 -7.125 -4.625001
v 2.0 -7.125 -4.625001
v 2.0 -1.125 -4.625001
v 1.0 -1.125 -4.625001
v 1.0 -7.125 -4.875001
v 2.0 -7.125 -4.875001
v 2.0 -1.125 -4.875001
v 1.0 -1.125 -4.875001
v 1.0 10.875 -4.500001
v 2.0 10.875 -4.500001
v 2.0 13.875 -4.500001
v 1.0 13.875 -4.500001
v 1.0 10.875 -4.625001
v 2.0 10.875 -4.625001
v 2.0 13.875 -4.625001
v 1.0 13.875 -4.625001
v 1.0 10.875 -4.875001
v 2.0 10.875 -4.875001
v 2.0 13.875 -4.875001
v 1.0 13.875 -4.875001
v 2.0 -15.125 -4.500001
v 5.0 -15.125 -4.500001
v 5.0 -14.125 -4.500001
v 2.0 -14.125 -4.500001
v 2.0 -15.125 -4.625001
v 5.0 -15.125 -4.625001
v 5.0 -14.125 -4.625001
v 2.0 -14.125 -4.625001
v 2.0 -15.125 -4.875001
v 5.0 -15.125 -4.875001
v 5.0 -14.125 -4.875001
v 2.0 -14.125 -4.875001
v 2.0 -5.125 -4.500001
v 3.0 -5.125 -4.500001
v 3.0 -2.125 -4.500001
v 2.0 -2.125 -4.500001
v 2.0 -5.125 -4.625001
v 3.0 -5.125 -4.625001
v 3.0 -2.125 -4.625001
v 2.0 -2.125 -4.625001
v 2.0 -5.125 -4.875001
v 3.0 -5.125 -4.875001
v 3.0 -2.125 -4.875001
v 2.0 -2.125 -4.875001
v 2.0 6.875 -4.500001
v 3.0 6.875 -4.500001
v 3.0 12.875 -4.500001
v 2.0 12.875 -4.500001
v 2.0 6.875 -4.625001
v 3.0 6.875 -4.625001
v 3.0 12.875 -4.625001
v 2.0 12.875 -4.625001
v 2.0 6.875 -4.875001
v 3.0 6.875 -4.875001
v 3.0 12.875 -4.875001
v 2.0 12.875 -4.875001
v 3.0 -16.125 -4.500001
v 5.0 -16.125 -4.500001
v 5.0 -15.125 -4.500001
v 3.0 -15.125 -4.500001
v 3.0 -16.125 -4.625001
v 5.0 -16.125 -4.625001
v 5.0 -15.125 -4.625001
v 3.0 -15.125 -4.625001
v 3.0 -16.125 -4.875001
v 5.0 -16.125 -4.875001
v 5.0 -15.125 -4.875001
v 3.0 -15.125 -4.875001
v 3.0 -14.125 -4.500001
v 4.0 -14.125 -4.500001
v 4.0 -13.125 -4.500001
v 3.0 -13.125 -4.500001
v 3.0 -14.125 -4.625001
v 4.0 -14.125 -4.625001
v 4.0 -13.125 -4.625001
v 3.0 -13.125 -4.625001
v 3.0 -14.125 -4.875001
v 4.0 -14.125 -4.875001
v 4.0 -13.125 -4.875001
v 3.0 -13.125 -4.875001
v 3.0 -5.125 -4.500001
v 4.0 -5.125 -4.500001
v 4.0 -3.125 -4.500001
v 3.0 -3.125 -4.500001
v 3.0 -5.125 -4.625001
v 4.0 -5.125 -4.625001
v 4.0 -3.125 -4.625001
v 3.0 -3.125 -4.625001
v 3.0 -5.125 -4.875001
v 4.0 -5.125 -4.875001
v 4.0 -3.125 -4.875001
v 3.0 -3.125 -4.875001
v 3.0 7.875 -4.500001
v 4.0 7.875 -4.500001
v 4.0 11.875 -4.500001
v 3.0 11.875 -4.500001
v 3.0 7.875 -4.625001
v 4.0 7.875 -4.625001
v 4.0 11.875 -4.625001
v 3.0 11.875 -4.625001
v 3.0 7.875 -4.875001
v 4.0 7.875 -4.875001
v 4.0 11.875 -4.875001
v 3.0 11.875 -4.875001
v 4.0 -9.125 -4.500001
v 9.0 -9.125 -4.500001
v 9.0 -8.125 -4.500001
v 4.0 -8.125 -4.500001
v 4.0 -9.125 -4.625001
v 9.0 -9.125 -4.625001
v 9.0 -8.125 -4.625001
v 4.0 -8.125 -4.625001
v 4.0 -9.125 -4.875001
v 9.0 -9.125 -4.875001
v 9.0 -8.125 -4.875001
v 4.0 -8.125 -4.875001
v 4.0 -4.125 -4.500001
v 5.0 -4.125 -4.500001
v 5.0 -3.125 -4.500001
v 4.0 -3.125 -4.500001
v 4.0 -4.125 -4.625001
v 5.0 -4.125 -4.625001
v 5.0 -3.125 -4.625001
v 4.0 -3.125 -4.625001
v 4.0 -4.125 -4.875001
v 5.0 -4.125 -4.875001
v 5.0 -3.125 -4.875001
v 4.0 -3.125 -4.875001
v 4.0 9.875 -4.500001
v 5.0 9.875 -4.500001
v 5.0 10.875 -4.500001
v 4.0 10.875 -4.500001
v 4.0 9.875 -4.625001
v 5.0 9.875 -4.625001
v 5.0 10.875 -4.625001
v 4.0 10.875 -4.625001
v 4.0 9.875 -4.875001
v 5.0 9.875 -4.875001
v 5.0 10.875 -4.875001
v 4.0 10.875 -4.875001
v 5.0 -10.125 -4.500001
v 6.0 -10.125 -4.500001
v 6.0 -9.125 -4.500001
v 5.0 -9.125 -4.500001
v 5.0 -10.125 -4.625001
v 6.0 -10.125 -4.625001
v 6.0 -9.125 -4.625001
v 5.0 -9.125 -4.625001
v 5.0 -10.125 -4.875001
v 6.0 -10.125 -4.875001
v 6.0 -9.125 -4.875001
v 5.0 -9.125 -4.875001
v 5.391602 3.5 -4.1445312
v 5.681641 2.660156 -4.1445312
v 5.986328 3.027344 -2.986328
v 5.823242 3.5 -2.986327
v 6.3789062 2.311523 -4.1445312
v 5.59375 2.554688 -4.936523
v 6.3789062 2.162109 -4.936523
v 7.095703 4.3398438 -4.1445312
v 7.095703 4.445312 -4.936523
v 6.3789062 4.837891 -4.936523
v 6.3789062 4.688477 -4.1445312
v 5.59375 4.445312 -4.936523
v 5.267578 3.5 -4.936523
v 5.681641 4.3398438 -4.1445312
v 6.3789062 2.831055 -2.986328
v 5.986328 3.972656 -2.986328
v 6.772461 3.027344 -2.986328
v 7.165039 2.554688 -4.936523
v 7.454101 3.5 -4.936523
v 6.737305 3.928711 -3.7001948
v 6.3789062 3.5 -2.460937
v 7.114864 2.106205 -4.8125
v 6.310267 3.5 -4.812499
v 6.310267 1.890807 -4.812499
v 5.505671 2.106205 -4.812498
v 4.9173098 2.695404 -4.812498
v 4.701075 3.5 -4.812498
v 4.9173098 4.304596 -4.812498
v 5.505671 4.893795 -4.812498
v 6.310267 5.109193 -4.812499
v 7.114864 4.893795 -4.8125
v 7.704064 4.304596 -4.8125
v 7.9194613 3.5 -4.8125
v 7.704064 2.695404 -4.8125
v 6.0 -8.125 -4.500001
v 9.0 -8.125 -4.500001
v 9.0 -7.125 -4.500001
v 6.0 -7.125 -4.500001
v 6.0 -8.125 -4.625001
v 9.0 -8.125 -4.625001
v 9.0 -7.125 -4.625001
v 6.0 -7.125 -4.625001
v 6.0 -8.125 -4.875001
v 9.0 -8.125 -4.875001
v 9.0 -7.125 -4.875001
v 6.0 -7.125 -4.875001
v 7.0 -10.125 -4.500001
v 8.0 -10.125 -4.500001
v 8.0 -9.125 -4.500001
v 7.0 -9.125 -4.500001
v 7.0 -10.125 -4.625001
v 8.0 -10.125 -4.625001
v 8.0 -9.125 -4.625001
v 7.0 -9.125 -4.625001
v 7.0 -10.125 -4.875001
v 8.0 -10.125 -4.875001
v 8.0 -9.125 -4.875001
v 7.0 -9.125 -4.875001
v 7.0 -7.125 -4.500001
v 9.0 -7.125 -4.500001
v 9.0 -6.125 -4.500001
v 7.0 -6.125 -4.500001
v 7.0 -7.125 -4.625001
v 9.0 -7.125 -4.625001
v 9.0 -6.125 -4.625001
v 7.0 -6.125 -4.625001
v 7.0 -7.125 -4.875001
v 9.0 -7.125 -4.875001
v 9.0 -6.125 -4.875001
v 7.0 -6.125 -4.875001
v 7.0 9.875 -4.500001
v 10.0 9.875 -4.500001
v 10.0 10.875 -4.500001
v 7.0 10.875 -4.500001
v 7.0 9.875 -4.625001
v 10.0 9.875 -4.625001
v 10.0 10.875 -4.625001
v 7.0 10.875 -4.625001
v 7.0 9.875 -4.875001
v 10.0 9.875 -4.875001
v 10.0 10.875 -4.875001
v 7.0 10.875 -4.875001
v 8.0 -6.125 -4.500001
v 9.0 -6.125 -4.500001
v 9.0 -5.125 -4.500001
v 8.0 -5.125 -4.500001
v 8.0 -6.125 -4.625001
v 9.0 -6.125 -4.625001
v 9.0 -5.125 -4.625001
v 8.0 -5.125 -4.625001
v 8.0 -6.125 -4.875001
v 9.0 -6.125 -4.875001
v 9.0 -5.125 -4.875001
v 8.0 -5.125 -4.875001
v 8.0 8.875 -4.500001
v 10.0 8.875 -4.500001
v 10.0 9.875 -4.500001
v 8.0 9.875 -4.500001
v 8.0 8.875 -4.625001
v 10.0 8.875 -4.625001
v 10.0 9.875 -4.625001
v 8.0 9.875 -4.625001
v 8.0 8.875 -4.875001
v 10.0 8.875 -4.875001
v 10.0 9.875 -4.875001
v 8.0 9.875 -4.875001
v 8.0 10.875 -4.500001
v 9.0 10.875 -4.500001
v 9.0 12.875 -4.500001
v 8.0 12.875 -4.500001
v 8.0 10.875 -4.625001
v 9.0 10.875 -4.625001
v 9.0 12.875 -4.625001
v 8.0 12.875 -4.625001
v 8.0 10.875 -4.875001
v 9.0 10.875 -4.875001
v 9.0 12.875 -4.875001
v 8.0 12.875 -4.875001
v 9.0 -14.125 -5.500001
v 10.0 -14.125 -5.500001
v 10.0 -12.125 -5.500001
v 9.0 -12.125 -5.500001
v 9.0 -14.125 -5.625001
v 10.0 -14.125 -5.625001
v 10.0 -12.125 -5.625001
v 9.0 -12.125 -5.625001
v 9.0 -14.125 -5.875001
v 10.0 -14.125 -5.875001
v 10.0 -12.125 -5.875001
v 9.0 -12.125 -5.875001
v 9.0 7.875 -4.500001
v 10.0 7.875 -4.500001
v 10.0 8.875 -4.500001
v 9.0 8.875 -4.500001
v 9.0 7.875 -4.625001
v 10.0 7.875 -4.625001
v 10.0 8.875 -4.625001
v 9.0 8.875 -4.625001
v 9.0 7.875 -4.875001
v 10.0 7.875 -4.875001
v 10.0 8.875 -4.875001
v 9.0 8.875 -4.875001
v 9.0 10.875 -4.500001
v 10.0 10.875 -4.500001
v 10.0 11.875 -4.500001
v 9.0 11.875 -4.500001
v 9.0 10.875 -4.625001
v 10.0 10.875 -4.625001
v 10.0 11.875 -4.625001
v 9.0 11.875 -4.625001
v 9.0 10.875 -4.875001
v 10.0 10.875 -4.875001
v 10.0 11.875 -4.875001
v 9.0 11.875 -4.875001
v 10.0 -13.125 -5.500001
v 11.0 -13.125 -5.500001
v 11.0 -10.125 -5.500001
v 10.0 -10.125 -5.500001
v 10.0 -13.125 -5.625001
v 11.0 -13.125 -5.625001
v 11.0 -10.125 -5.625001
v 10.0 -10.125 -5.625001
v 10.0 -13.125 -5.875001
v 11.0 -13.125 -5.875001
v 11.0 -10.125 -5.875001
v 10.0 -10.125 -5.875001
v 10.0 12.875 -5.500001
v 11.0 12.875 -5.500001
v 11.0 15.875 -5.500001
v 10.0 15.875 -5.500001
v 10.0 12.875 -5.625001
v 11.0 12.875 -5.625001
v 11.0 15.875 -5.625001
v 10.0 15.875 -5.625001
v 10.0 12.875 -5.875001
v 11.0 12.875 -5.875001
v 11.0 15.875 -5.875001
v 10.0 15.875 -5.875001
v 11.0 -12.125 -5.500001
v 12.0 -12.125 -5.500001
v 12.0 -11.125 -5.500001
v 11.0 -11.125 -5.500001
v 11.0 -12.125 -5.625001
v 12.0 -12.125 -5.625001
v 12.0 -11.125 -5.625001
v 11.0 -11.125 -5.625001
v 11.0 -12.125 -5.875001
v 12.0 -12.125 -5.875001
v 12.0 -11.125 -5.875001
v 11.0 -11.125 -5.875001
v 11.0 -0.125 -5.500001
v 16.0 -0.125 -5.500001
v 16.0 0.875 -5.500001
v 11.0 0.875 -5.500001
v 11.0 -0.125 -5.625001
v 16.0 -0.125 -5.625001
v 16.0 0.875 -5.625001
v 11.0 0.875 -5.625001
v 11.0 -0.125 -5.875001
v 16.0 -0.125 -5.875001
v 16.0 0.875 -5.875001
v 11.0 0.875 -5.875001
v 11.0 0.875 -5.500001
v 13.0 0.875 -5.500001
v 13.0 2.875 -5.500001
v 11.0 2.875 -5.500001
v 11.0 0.875 -5.625001
v 13.0 0.875 -5.625001
v 13.0 2.875 -5.625001
v 11.0 2.875 -5.625001
v 11.0 0.875 -5.875001
v 13.0 0.875 -5.875001
v 13.0 2.875 -5.875001
v 11.0 2.875 -5.875001
v 11.0 8.875 -5.500001
v 12.0 8.875 -5.500001
v 12.0 14.875 -5.500001
v 11.0 14.875 -5.500001
v 11.0 8.875 -5.625001
v 12.0 8.875 -5.625001
v 12.0 14.875 -5.625001
v 11.0 14.875 -5.625001
v 11.0 8.875 -5.875001
v 12.0 8.875 -5.875001
v 12.0 14.875 -5.875001
v 11.0 14.875 -5.875001
v 12.391602 -8.5 -5.1445312
v 12.681641 -9.339844 -5.1445312
v 12.986328 -8.972656 -3.986328
v 12.823242 -8.5 -3.986327
v 13.378906 -9.688477 -5.1445312
v 12.59375 -9.4453125 -5.936523
v 13.378906 -9.837891 -5.936523
v 14.095703 -7.6601562 -5.1445312
v 14.095703 -7.554688 -5.936523
v 13.378906 -7.162109 -5.936523
v 13.378906 -7.311523 -5.1445312
v 12.59375 -7.554688 -5.936523
v 12.267578 -8.5 -5.936523
v 12.681641 -7.6601562 -5.1445312
v 13.378906 -9.168945 -3.986328
v 12.986328 -8.027344 -3.986328
v 13.772461 -8.972656 -3.986328
v 14.165039 -9.4453125 -5.936523
v 14.454102 -8.5 -5.936523
v 13.737305 -8.071289 -4.700195
v 13.378906 -8.5 -3.460937
v 14.114864 -9.893795 -5.8125
v 13.3102665 -8.5 -5.812499
v 13.3102665 -10.109193 -5.812499
v 12.505671 -9.893795 -5.812498
v 11.91731 -9.304596 -5.812498
v 11.701075 -8.5 -5.812498
v 11.91731 -7.695404 -5.812498
v 12.505671 -7.106205 -5.812498
v 13.3102665 -6.890807 -5.812499
v 14.114864 -7.106205 -5.8125
v 14.704063 -7.695404 -5.8125
v 14.919461 -8.5 -5.8125
v 14.704063 -9.304596 -5.8125
v 12.0 -1.125 -5.500001
v 16.0 -1.125 -5.500001
v 16.0 -0.125 -5.500001
v 12.0 -0.125 -5.500001
v 12.0 -1.125 -5.625001
v 16.0 -1.125 -5.625001
v 16.0 -0.125 -5.625001
v 12.0 -0.125 -5.625001
v 12.0 -1.125 -5.875001
v 16.0 -1.125 -5.875001
v 16.0 -0.125 -5.875001
v 12.0 -0.125 -5.875001
v 12.0 2.875 -5.500001
v 15.0 2.875 -5.500001
v 15.0 3.875 -5.500001
v 12.0 3.875 -5.500001
v 12.0 2.875 -5.625001
v 15.0 2.875 -5.625001
v 15.0 3.875 -5.625001
v 12.0 3.875 -5.625001
v 12.0 2.875 -5.875001
v 15.0 2.875 -5.875001
v 15.0 3.875 -5.875001
v 12.0 3.875 -5.875001
v 12.0 10.875 -5.500001
v 13.0 10.875 -5.500001
v 13.0 13.875 -5.500001
v 12.0 13.875 -5.500001
v 12.0 10.875 -5.625001
v 13.0 10.875 -5.625001
v 13.0 13.875 -5.625001
v 12.0 13.875 -5.625001
v 12.0 10.875 -5.875001
v 13.0 10.875 -5.875001
v 13.0 13.875 -5.875001
v 12.0 13.875 -5.875001
v 13.0 -2.125 -5.500001
v 16.0 -2.125 -5.500001
v 16.0 -1.125 -5.500001
v 13.0 -1.125 -5.500001
v 13.0 -2.125 -5.625001
v 16.0 -2.125 -5.625001
v 16.0 -1.125 -5.625001
v 13.0 -1.125 -5.625001
v 13.0 -2.125 -5.875001
v 16.0 -2.125 -5.875001
v 16.0 -1.125 -5.875001
v 13.0 -1.125 -5.875001
v 13.0 1.875 -5.500001
v 15.0 1.875 -5.500001
v 15.0 2.875 -5.500001
v 13.0 2.875 -5.500001
v 13.0 1.875 -5.625001
v 15.0 1.875 -5.625001
v 15.0 2.875 -5.625001
v 13.0 2.875 -5.625001
v 13.0 1.875 -5.875001
v 15.0 1.875 -5.875001
v 15.0 2.875 -5.875001
v 13.0 2.875 -5.875001
v 13.0 10.875 -5.500001
v 14.0 10.875 -5.500001
v 14.0 11.875 -5.500001
v 13.0 11.875 -5.500001
v 13.0 10.875 -5.625001
v 14.0 10.875 -5.625001
v 14.0 11.875 -5.625001
v 13.0 11.875 -5.625001
v 13.0 10.875 -5.875001
v 14.0 10.875 -5.875001
v 14.0 11.875 -5.875001
v 13.0 11.875 -5.875001
v 14.0 0.875 -5.500001
v 15.0 0.875 -5.500001
v 15.0 1.875 -5.500001
v 14.0 1.875 -5.500001
v 14.0 0.875 -5.625001
v 15.0 0.875 -5.625001
v 15.0 1.875 -5.625001
v 14.0 1.875 -5.625001
v 14.0 0.875 -5.875001
v 15.0 0.875 -5.875001
v 15.0 1.875 -5.875001
v 14.0 1.875 -5.875001
v 14.0 3.875 -5.500001
v 15.0 3.875 -5.500001
v 15.0 4.875 -5.500001
v 14.0 4.875 -5.500001
v 14.0 3.875 -5.625001
v 15.0 3.875 -5.625001
v 15.0 4.875 -5.625001
v 14.0 4.875 -5.625001
v 14.0 3.875 -5.875001
v 15.0 3.875 -5.875001
v 15.0 4.875 -5.875001
v 14.0 4.875 -5.875001
v 15.0 -3.125 -5.500001
v 16.0 -3.125 -5.500001
v 16.0 -2.125 -5.500001
v 15.0 -2.125 -5.500001
v 15.0 -3.125 -5.625001
v 16.0 -3.125 -5.625001
v 16.0 -2.125 -5.625001
v 15.0 -2.125 -5.625001
v 15.0 -3.125 -5.875001
v 16.0 -3.125 -5.875001
v 16.0 -2.125 -5.875001
v 15.0 -2.125 -5.875001
v 16.5 9.391602 -5.1445312
v 17.339844 9.681641 -5.1445312
v 16.972656 9.986328 -3.986328
v 16.5 9.823242 -3.986327
v 17.688477 10.378906 -5.1445312
v 17.445312 9.59375 -5.936523
v 17.83789 10.378906 -5.936523
v 15.660156 11.095703 -5.1445312
v 15.5546875 11.095703 -5.936523
v 15.162109 10.378906 -5.936523
v 15.311523 10.378906 -5.1445312
v 15.5546875 9.59375 -5.936523
v 16.5 9.267578 -5.936523
v 15.660156 9.681641 -5.1445312
v 17.168945 10.378906 -3.986328
v 16.027344 9.986328 -3.986328
v 16.972656 10.772461 -3.986328
v 17.445312 11.165039 -5.936523
v 16.5 11.454102 -5.936523
v 16.07129 10.737305 -4.700195
v 16.5 10.378906 -3.460937
v 17.893795 11.114864 -5.8125
v 16.5 10.3102665 -5.812499
v 18.109192 10.3102665 -5.812499
v 17.893795 9.505671 -5.812498
v 17.304596 8.91731 -5.812498
v 16.5 8.701075 -5.812498
v 15.695404 8.91731 -5.812498
v 15.106205 9.505671 -5.812498
v 14.890807 10.3102665 -5.812499
v 15.106205 11.114864 -5.8125
v 15.695404 11.704063 -5.8125
v 16.5 11.919461 -5.8125
v 17.304596 11.704063 -5.8125
v -15.0 -15.789063 -2.901367
v -15.0 -15.330079 -2.002929
v -16.0 -15.330079 -2.002929
v -16.0 -15.789063 -2.901367
v -15.0 -15.000001 -2.0
v -16.0 -15.000001 -2.0
v -15.0 -15.789063 -2.901367
v -16.0 -15.789063 -2.901367
v -16.0 -16.000002 -3.0
v -15.0 -16.000002 -3.0
v -15.0 -7.0 -1.999999
v -16.0 -7.0 -1.999999
v -15.0 -15.0 -1.999999
v -16.0 -15.0 -1.999999
v -14.0 1.0 -1.999999
v -16.0 1.0 -1.999999
v -14.0 -7.0 -1.999999
v -16.0 -7.0 -1.999999
v -15.0 8.0 -1.999999
v -16.0 8.0 -1.999999
v -15.0 1.0 -1.999999
v -16.0 1.0 -1.999999
v -15.669922 8.330079 -2.002929
v -15.669922 9.000001 -2.002929
v -16.0 9.000001 -2.0
v -16.0 8.000001 -2.0
v -15.0 8.330079 -2.002929
v -15.669922 8.330079 -2.002929
v -16.0 8.000001 -2.0
v -15.0 8.000001 -2.0
v -15.0 8.330079 -2.002929
v -15.0 8.7890625 -2.901367
v -15.669922 8.330079 -2.002929
v -15.105469 8.894532 -2.901367
v -15.2109375 9.000001 -2.901367
v -15.2109375 9.000001 -2.901367
v -15.105469 8.894532 -2.901367
v -15.0 9.000001 -3.0
v -15.0 8.7890625 -2.901367
v -15.669922 9.000001 -2.002929
v -15.669922 8.330079 -2.002929
v -15.2109375 9.000001 -2.901367
v -15.2109375 15.0 -2.901367
v -15.669921 15.0 -2.002929
v -15.669921 9.0 -2.002929
v -15.2109375 9.0 -2.901367
v -15.999999 15.0 -2.0
v -15.999999 9.0 -2.0
v -15.2109375 15.0 -2.901367
v -15.2109375 9.0 -2.901367
v -14.999999 9.0 -3.0
v -14.999999 15.0 -3.0
v -15.0 15.000001 -3.0
v -15.0 16.0 -3.0
v -15.0625 15.625001 -3.0
v -15.3125 15.937501 -3.0
v -16.0 16.0 -3.0
v -15.3125 15.937501 -3.0
v -16.0 16.0 -3.0
v -16.0 15.7890625 -2.901367
v -15.5 15.750001 -2.901367
v -15.0 15.000001 -3.0
v -15.0625 15.625001 -3.0
v -15.25 15.437501 -2.901367
v -15.2109375 15.000001 -2.901367
v -15.2109375 15.000001 -2.901367
v -15.25 15.437501 -2.901367
v -15.669922 15.000001 -2.002929
v -15.5 15.750001 -2.901367
v -16.0 15.330079 -2.002929
v -16.0 15.7890625 -2.901367
v -16.0 15.330079 -2.002929
v -16.0 15.000001 -2.0
v -15.669922 15.000001 -2.002929
v -14.999999 -16.0 -3.0
v -13.999999 -16.0 -3.0
v -14.374999 -15.9375 -3.0
v -14.062499 -15.6875 -3.0
v -13.999999 -15.0 -3.0
v -14.062499 -15.6875 -3.0
v -13.999999 -15.0 -3.0
v -14.2109375 -15.0 -2.901367
v -14.249999 -15.5 -2.901367
v -14.999999 -16.0 -3.0
v -14.374999 -15.9375 -3.0
v -14.562499 -15.75 -2.901367
v -14.999999 -15.7890625 -2.901367
v -14.999999 -15.7890625 -2.901367
v -14.562499 -15.75 -2.901367
v -14.999999 -15.330078 -2.002929
v -14.249999 -15.5 -2.901367
v -14.669921 -15.0 -2.002929
v -14.2109375 -15.0 -2.901367
v -14.669921 -15.0 -2.002929
v -14.999999 -15.0 -2.0
v -14.999999 -15.330078 -2.002929
v -14.2109375 -11.0 -2.901367
v -14.669921 -11.0 -2.002929
v -14.669921 -15.0 -2.002929
v -14.2109375 -15.0 -2.901367
v -14.999999 -11.0 -2.0
v -14.999999 -15.0 -2.0
v -14.2109375 -11.0 -2.901367
v -14.2109375 -15.0 -2.901367
v -13.999999 -15.0 -3.0
v -13.999999 -11.0 -3.0
v -14.669921 -10.330078 -2.002929
v -13.999999 -10.330078 -2.002929
v -13.999999 -10.0 -2.0
v -14.999999 -10.0 -2.0
v -14.669921 -11.0 -2.002929
v -14.669921 -10.330078 -2.002929
v -14.999999 -10.0 -2.0
v -14.999999 -11.0 -2.0
v -14.669921 -11.0 -2.002929
v -14.2109375 -11.0 -2.901367
v -14.669921 -10.330078 -2.002929
v -14.105468 -10.894531 -2.901367
v -13.999999 -10.789062 -2.901367
v -13.999999 -10.789062 -2.901367
v -14.105468 -10.894531 -2.901367
v -13.999999 -11.0 -3.0
v -14.2109375 -11.0 -2.901367
v -13.999999 -10.330078 -2.002929
v -14.669921 -10.330078 -2.002929
v -13.999999 -10.789062 -2.901367
v -14.0 -7.0 -1.999999
v -15.0 -7.0 -1.999999
v -14.0 -10.0 -1.999999
v -15.0 -10.0 -1.999999
v -14.0 4.0 -1.999999
v -15.0 4.0 -1.999999
v -14.0 1.0 -1.999999
v -15.0 1.0 -1.999999
v -14.669922 4.330079 -2.002929
v -14.669922 5.000001 -2.002929
v -15.0 5.000001 -2.0
v -15.0 4.000001 -2.0
v -14.0 4.330079 -2.002929
v -14.669922 4.330079 -2.002929
v -15.0 4.000001 -2.0
v -14.0 4.000001 -2.0
v -14.0 4.330079 -2.002929
v -14.0 4.789063 -2.901367
v -14.669922 4.330079 -2.002929
v -14.105469 4.894532 -2.901367
v -14.2109375 5.000001 -2.901367
v -14.2109375 5.000001 -2.901367
v -14.105469 4.894532 -2.901367
v -14.0 5.000001 -3.0
v -14.0 4.789063 -2.901367
v -14.669922 5.000001 -2.002929
v -14.669922 4.330079 -2.002929
v -14.2109375 5.000001 -2.901367
v -14.2109375 8.0 -2.901367
v -14.669921 8.0 -2.002929
v -14.669921 5.0 -2.002929
v -14.2109375 5.0 -2.901367
v -14.999999 8.0 -2.0
v -14.999999 5.0 -2.0
v -14.2109375 8.0 -2.901367
v -14.2109375 5.0 -2.901367
v -13.999999 5.0 -3.0
v -13.999999 8.0 -3.0
v -14.0 8.000001 -3.0
v -14.0 9.000001 -3.0
v -14.0625 8.625001 -3.0
v -14.3125 8.937501 -3.0
v -15.0 9.000001 -3.0
v -14.3125 8.937501 -3.0
v -15.0 9.000001 -3.0
v -15.0 8.7890625 -2.901367
v -14.5 8.750001 -2.901367
v -14.0 8.000001 -3.0
v -14.0625 8.625001 -3.0
v -14.25 8.437501 -2.901367
v -14.2109375 8.000001 -2.901367
v -14.2109375 8.000001 -2.901367
v -14.25 8.437501 -2.901367
v -14.669922 8.000001 -2.002929
v -14.5 8.750001 -2.901367
v -15.0 8.330079 -2.002929
v -15.0 8.7890625 -2.901367
v -15.0 8.330079 -2.002929
v -15.0 8.000001 -2.0
v -14.669922 8.000001 -2.002929
v -7.0 12.0 -2.999999
v -15.0 12.0 -2.999999
v -7.0 9.0 -2.999999
v -15.0 9.0 -2.999999
v -9.0 16.0 -2.999999
v -15.0 16.0 -2.999999
v -9.0 12.0 -2.999999
v -15.0 12.0 -2.999999
v -10.0 -11.0 -2.999999
v -14.0 -11.0 -2.999999
v -10.0 -16.0 -2.999999
v -14.0 -16.0 -2.999999
v -13.999999 -11.0 -3.0
v -12.999999 -11.0 -3.0
v -13.374999 -10.9375 -3.0
v -13.062499 -10.6875 -3.0
v -12.999999 -10.0 -3.0
v -13.062499 -10.6875 -3.0
v -12.999999 -10.0 -3.0
v -13.2109375 -10.0 -2.901367
v -13.249999 -10.5 -2.901367
v -13.999999 -11.0 -3.0
v -13.374999 -10.9375 -3.0
v -13.562499 -10.75 -2.901367
v -13.999999 -10.7890625 -2.901367
v -13.999999 -10.7890625 -2.901367
v -13.562499 -10.75 -2.901367
v -13.999999 -10.330078 -2.002929
v -13.249999 -10.5 -2.901367
v -13.669921 -10.0 -2.002929
v -13.2109375 -10.0 -2.901367
v -13.669921 -10.0 -2.002929
v -13.999999 -10.0 -2.0
v -13.999999 -10.330078 -2.002929
v -13.2109375 -7.0 -2.901367
v -13.669921 -7.0 -2.002929
v -13.669921 -10.0 -2.002929
v -13.2109375 -10.0 -2.901367
v -13.999999 -7.0 -2.0
v -13.999999 -10.0 -2.0
v -13.2109375 -7.0 -2.901367
v -13.2109375 -10.0 -2.901367
v -12.999999 -10.0 -3.0
v -12.999999 -7.0 -3.0
v -13.669921 -6.330078 -2.002929
v -12.999999 -6.330078 -2.002929
v -12.999999 -6.0 -2.0
v -13.999999 -6.0 -2.0
v -13.669921 -7.0 -2.002929
v -13.669921 -6.330078 -2.002929
v -13.999999 -6.0 -2.0
v -13.999999 -7.0 -2.0
v -13.669921 -7.0 -2.002929
v -13.2109375 -7.0 -2.901367
v -13.669921 -6.330078 -2.002929
v -13.105468 -6.8945312 -2.901367
v -12.999999 -6.789062 -2.901367
v -12.999999 -6.789062 -2.901367
v -13.105468 -6.8945312 -2.901367
v -12.999999 -7.0 -3.0
v -13.2109375 -7.0 -2.901367
v -12.999999 -6.330078 -2.002929
v -13.669921 -6.330078 -2.002929
v -12.999999 -6.789062 -2.901367
v -13.0 2.0 -1.999999
v -14.0 2.0 -1.999999
v -13.0 -6.0 -1.999999
v -14.0 -6.0 -1.999999
v -13.669922 2.330079 -2.002929
v -13.669922 3.000001 -2.002929
v -14.0 3.000001 -2.0
v -14.0 2.000001 -2.0
v -13.0 2.330079 -2.002929
v -13.669922 2.330079 -2.002929
v -14.0 2.000001 -2.0
v -13.0 2.000001 -2.0
v -13.0 2.330079 -2.002929
v -13.0 2.789063 -2.901367
v -13.669922 2.330079 -2.002929
v -13.105469 2.894532 -2.901367
v -13.2109375 3.000001 -2.901367
v -13.2109375 3.000001 -2.901367
v -13.105469 2.894532 -2.901367
v -13.0 3.000001 -3.0
v -13.0 2.789063 -2.901367
v -13.669922 3.000001 -2.002929
v -13.669922 2.330079 -2.002929
v -13.2109375 3.000001 -2.901367
v -13.2109375 4.0 -2.901367
v -13.669921 4.0 -2.002929
v -13.669921 3.0 -2.002929
v -13.2109375 3.0 -2.901367
v -13.999999 4.0 -2.0
v -13.999999 3.0 -2.0
v -13.2109375 4.0 -2.901367
v -13.2109375 3.0 -2.901367
v -12.999999 3.0 -3.0
v -12.999999 4.0 -3.0
v -13.0 4.000001 -3.0
v -13.0 5.000001 -3.0
v -13.0625 4.625001 -3.0
v -13.3125 4.937501 -3.0
v -14.0 5.000001 -3.0
v -13.3125 4.937501 -3.0
v -14.0 5.000001 -3.0
v -14.0 4.789063 -2.901367
v -13.5 4.750001 -2.901367
v -13.0 4.000001 -3.0
v -13.0625 4.625001 -3.0
v -13.25 4.437501 -2.901367
v -13.2109375 4.000001 -2.901367
v -13.2109375 4.000001 -2.901367
v -13.25 4.437501 -2.901367
v -13.669922 4.000001 -2.002929
v -13.5 4.750001 -2.901367
v -14.0 4.330079 -2.002929
v -14.0 4.789063 -2.901367
v -14.0 4.330079 -2.002929
v -14.0 4.000001 -2.0
v -13.669922 4.000001 -2.002929
v -7.0 9.0 -2.999999
v -14.0 9.0 -2.999999
v -7.0 5.0 -2.999999
v -14.0 5.0 -2.999999
v -8.0 -7.0 -2.999999
v -13.0 -7.0 -2.999999
v -8.0 -11.0 -2.999999
v -13.0 -11.0 -2.999999
v -12.999999 -7.0 -3.0
v -11.999999 -7.0 -3.0
v -12.374999 -6.9375 -3.0
v -12.062499 -6.6875 -3.0
v -11.999999 -6.0 -3.0
v -12.062499 -6.6875 -3.0
v -11.999999 -6.0 -3.0
v -12.2109375 -6.0 -2.901367
v -12.249999 -6.5 -2.901367
v -12.999999 -7.0 -3.0
v -12.374999 -6.9375 -3.0
v -12.562499 -6.75 -2.901367
v -12.999999 -6.789062 -2.901367
v -12.999999 -6.789062 -2.901367
v -12.562499 -6.75 -2.901367
v -12.999999 -6.330078 -2.002929
v -12.249999 -6.5 -2.901367
v -12.669921 -6.0 -2.002929
v -12.2109375 -6.0 -2.901367
v -12.669921 -6.0 -2.002929
v -12.999999 -6.0 -2.0
v -12.999999 -6.330078 -2.002929
v -12.2109375 2.0 -2.901367
v -12.669921 2.0 -2.002929
v -12.669921 -6.0 -2.002929
v -12.2109375 -6.0 -2.901367
v -12.999999 2.0 -2.0
v -12.999999 -6.0 -2.0
v -12.2109375 2.0 -2.901367
v -12.2109375 -6.0 -2.901367
v -11.999999 -6.0 -3.0
v -11.999999 2.0 -3.0
v -12.0 2.000001 -3.0
v -12.0 3.000001 -3.0
v -12.0625 2.625001 -3.0
v -12.3125 2.937501 -3.0
v -13.0 3.000001 -3.0
v -12.3125 2.937501 -3.0
v -13.0 3.000001 -3.0
v -13.0 2.789063 -2.901367
v -12.5 2.750001 -2.901367
v -12.0 2.000001 -3.0
v -12.0625 2.625001 -3.0
v -12.25 2.437501 -2.901367
v -12.2109375 2.000001 -2.901367
v -12.2109375 2.000001 -2.901367
v -12.25 2.437501 -2.901367
v -12.669922 2.000001 -2.002929
v -12.5 2.750001 -2.901367
v -13.0 2.330079 -2.002929
v -13.0 2.789063 -2.901367
v -13.0 2.330079 -2.002929
v -13.0 2.000001 -2.0
v -12.669922 2.000001 -2.002929
v -8.0 5.0 -2.999999
v -13.0 5.0 -2.999999
v -8.0 3.0 -2.999999
v -13.0 3.0 -2.999999
v -9.0 1.0 -2.999999
v -12.0 1.0 -2.999999
v -9.0 -7.0 -2.999999
v -12.0 -7.0 -2.999999
v -9.0 3.0 -2.999999
v -12.0 3.0 -2.999999
v -9.0 1.0 -2.999999
v -12.0 1.0 -2.999999
v -9.2109375 -13.0 -3.901367
v -9.669921 -13.0 -3.002929
v -9.669921 -16.0 -3.002929
v -9.2109375 -16.0 -3.901367
v -9.999999 -13.0 -3.0
v -9.999999 -16.0 -3.0
v -9.2109375 -13.0 -3.901367
v -9.2109375 -16.0 -3.901367
v -8.999999 -16.0 -4.0
v -8.999999 -13.0 -4.0
v -9.669921 -12.330078 -3.002929
v -8.999999 -12.330078 -3.002929
v -8.999999 -12.0 -3.0
v -9.999999 -12.0 -3.0
v -9.669921 -13.0 -3.002929
v -9.669921 -12.330078 -3.002929
v -9.999999 -12.0 -3.0
v -9.999999 -13.0 -3.0
v -9.669921 -13.0 -3.002929
v -9.2109375 -13.0 -3.901367
v -9.669921 -12.330078 -3.002929
v -9.105468 -12.894531 -3.901367
v -8.999999 -12.789062 -3.901367
v -8.999999 -12.789062 -3.901367
v -9.105468 -12.894531 -3.901367
v -8.999999 -13.0 -4.0
v -9.2109375 -13.0 -3.901367
v -8.999999 -12.330078 -3.002929
v -9.669921 -12.330078 -3.002929
v -8.999999 -12.789062 -3.901367
v -8.0 -11.0 -2.999999
v -10.0 -11.0 -2.999999
v -8.0 -12.0 -2.999999
v -10.0 -12.0 -2.999999
v -1.0 -13.0 -3.999999
v -9.0 -13.0 -3.999999
v -1.0 -16.0 -3.999999
v -9.0 -16.0 -3.999999
v -8.0 -12.789063 -3.901367
v -8.0 -12.330079 -3.002929
v -9.0 -12.330079 -3.002929
v -9.0 -12.789063 -3.901367
v -8.0 -12.000001 -3.0
v -9.0 -12.000001 -3.0
v -8.0 -12.789063 -3.901367
v -9.0 -12.789063 -3.901367
v -9.0 -13.000001 -4.0
v -8.0 -13.000001 -4.0
v -8.0 -2.0 -2.999999
v -9.0 -2.0 -2.999999
v -8.0 -7.0 -2.999999
v -9.0 -7.0 -2.999999
v -8.669922 -1.669921 -3.002929
v -8.669922 -0.99999905 -3.002929
v -9.0 -0.99999905 -3.0
v -9.0 -1.999999 -3.0
v -8.0 -1.669921 -3.002929
v -8.669922 -1.669921 -3.002929
v -9.0 -1.999999 -3.0
v -8.0 -1.999999 -3.0
v -8.0 -1.669921 -3.002929
v -8.0 -1.210937 -3.901367
v -8.669922 -1.669921 -3.002929
v -8.105469 -1.105468 -3.901367
v -8.2109375 -0.99999905 -3.901367
v -8.2109375 -0.99999905 -3.901367
v -8.105469 -1.105468 -3.901367
v -8.0 -0.99999905 -4.0
v -8.0 -1.210937 -3.901367
v -8.669922 -0.99999905 -3.002929
v -8.669922 -1.669921 -3.002929
v -8.2109375 -0.99999905 -3.901367
v -8.2109375 2.0 -3.901367
v -8.669921 2.0 -3.002929
v -8.669921 -1.0 -3.002929
v -8.2109375 -1.0 -3.901367
v -8.999999 2.0 -3.0
v -8.999999 -1.0 -3.0
v -8.2109375 2.0 -3.901367
v -8.2109375 -1.0 -3.901367
v -7.999999 -1.0 -4.0
v -7.999999 2.0 -4.0
v -8.669921 2.6699219 -3.002929
v -7.999999 2.6699219 -3.002929
v -7.999999 3.0 -3.0
v -8.999999 3.0 -3.0
v -8.669921 2.0 -3.002929
v -8.669921 2.6699219 -3.002929
v -8.999999 3.0 -3.0
v -8.999999 2.0 -3.0
v -8.669921 2.0 -3.002929
v -8.2109375 2.0 -3.901367
v -8.669921 2.6699219 -3.002929
v -8.105468 2.105469 -3.901367
v -7.999999 2.210938 -3.901367
v -7.999999 2.210938 -3.901367
v -8.105468 2.105469 -3.901367
v -7.999999 2.0 -4.0
v -8.2109375 2.0 -3.901367
v -7.999999 2.6699219 -3.002929
v -8.669921 2.6699219 -3.002929
v -7.999999 2.210938 -3.901367
v -8.669922 12.330079 -3.002929
v -8.669922 13.000001 -3.002929
v -9.0 13.000001 -3.0
v -9.0 12.000001 -3.0
v -8.0 12.330079 -3.002929
v -8.669922 12.330079 -3.002929
v -9.0 12.000001 -3.0
v -8.0 12.000001 -3.0
v -8.0 12.330079 -3.002929
v -8.0 12.7890625 -3.901367
v -8.669922 12.330079 -3.002929
v -8.105469 12.894532 -3.901367
v -8.2109375 13.000001 -3.901367
v -8.2109375 13.000001 -3.901367
v -8.105469 12.894532 -3.901367
v -8.0 13.000001 -4.0
v -8.0 12.7890625 -3.901367
v -8.669922 13.000001 -3.002929
v -8.669922 12.330079 -3.002929
v -8.2109375 13.000001 -3.901367
v -8.2109375 16.0 -3.901367
v -8.669921 16.0 -3.002929
v -8.669921 13.0 -3.002929
v -8.2109375 13.0 -3.901367
v -8.999999 16.0 -3.0
v -8.999999 13.0 -3.0
v -8.2109375 16.0 -3.901367
v -8.2109375 13.0 -3.901367
v -7.999999 13.0 -4.0
v -7.999999 16.0 -4.0
v -7.999999 -13.0 -4.0
v -6.999999 -13.0 -4.0
v -7.374999 -12.9375 -4.0
v -7.062499 -12.6875 -4.0
v -6.999999 -12.0 -4.0
v -7.062499 -12.6875 -4.0
v -6.999999 -12.0 -4.0
v -7.210937 -12.0 -3.901367
v -7.249999 -12.5 -3.901367
v -7.999999 -13.0 -4.0
v -7.374999 -12.9375 -4.0
v -7.562499 -12.75 -3.901367
v -7.999999 -12.7890625 -3.901367
v -7.999999 -12.7890625 -3.901367
v -7.562499 -12.75 -3.901367
v -7.999999 -12.330078 -3.002929
v -7.249999 -12.5 -3.901367
v -7.669921 -12.0 -3.002929
v -7.210937 -12.0 -3.901367
v -7.669921 -12.0 -3.002929
v -7.999999 -12.0 -3.0
v -7.999999 -12.330078 -3.002929
v -7.210937 -4.0 -3.901367
v -7.669921 -4.0 -3.002929
v -7.669921 -12.0 -3.002929
v -7.210937 -12.0 -3.901367
v -7.999999 -4.0 -3.0
v -7.999999 -12.0 -3.0
v -7.210937 -4.0 -3.901367
v -7.210937 -12.0 -3.901367
v -6.999999 -12.0 -4.0
v -6.999999 -4.0 -4.0
v -7.210937 -2.0 -3.901367
v -7.669921 -2.0 -3.002929
v -7.669921 -4.0 -3.002929
v -7.210937 -4.0 -3.901367
v -7.999999 -2.0 -3.0
v -7.999999 -4.0 -3.0
v -7.210937 -2.0 -3.901367
v -7.210937 -4.0 -3.901367
v -6.999999 -4.0 -4.0
v -6.999999 -2.0 -4.0
v -7.0 -1.999999 -4.0
v -7.0 -0.99999905 -4.0
v -7.0625 -1.374999 -4.0
v -7.3125 -1.062499 -4.0
v -8.0 -0.99999905 -4.0
v -7.3125 -1.062499 -4.0
v -8.0 -0.99999905 -4.0
v -8.0 -1.210937 -3.901367
v -7.5 -1.249999 -3.901367
v -7.0 -1.999999 -4.0
v -7.0625 -1.374999 -4.0
v -7.25 -1.562499 -3.901367
v -7.210938 -1.999999 -3.901367
v -7.210938 -1.999999 -3.901367
v -7.25 -1.562499 -3.901367
v -7.669922 -1.999999 -3.002929
v -7.5 -1.249999 -3.901367
v -8.0 -1.6699209 -3.002929
v -8.0 -1.210937 -3.901367
v -8.0 -1.6699209 -3.002929
v -8.0 -1.999999 -3.0
v -7.669922 -1.999999 -3.002929
v 0.0 2.0 -3.999999
v -8.0 2.0 -3.999999
v 0.0 -1.0 -3.999999
v -8.0 -1.0 -3.999999
v -7.999999 2.0 -4.0
v -6.999999 2.0 -4.0
v -7.374999 2.0625 -4.0
v -7.062499 2.3125 -4.0
v -6.999999 3.0 -4.0
v -7.062499 2.3125 -4.0
v -6.999999 3.0 -4.0
v -7.210937 3.0 -3.901367
v -7.249999 2.5 -3.901367
v -7.999999 2.0 -4.0
v -7.374999 2.0625 -4.0
v -7.562499 2.25 -3.901367
v -7.999999 2.210938 -3.901367
v -7.999999 2.210938 -3.901367
v -7.562499 2.25 -3.901367
v -7.999999 2.6699219 -3.002929
v -7.249999 2.5 -3.901367
v -7.669921 3.0 -3.002929
v -7.210937 3.0 -3.901367
v -7.669921 3.0 -3.002929
v -7.999999 3.0 -3.0
v -7.999999 2.6699219 -3.002929
v -7.669921 3.6699219 -3.002929
v -6.999999 3.6699219 -3.002929
v -6.999999 4.0 -3.0
v -7.999999 4.0 -3.0
v -7.669921 3.0 -3.002929
v -7.669921 3.6699219 -3.002929
v -7.999999 4.0 -3.0
v -7.999999 3.0 -3.0
v -7.669921 3.0 -3.002929
v -7.210937 3.0 -3.901367
v -7.669921 3.6699219 -3.002929
v -7.105468 3.105469 -3.901367
v -6.999999 3.210938 -3.901367
v -6.999999 3.210938 -3.901367
v -7.105468 3.105469 -3.901367
v -6.999999 3.0 -4.0
v -7.210937 3.0 -3.901367
v -6.999999 3.6699219 -3.002929
v -7.669921 3.6699219 -3.002929
v -6.999999 3.210938 -3.901367
v -7.0 5.0 -2.999999
v -8.0 5.0 -2.999999
v -7.0 4.0 -2.999999
v -8.0 4.0 -2.999999
v -8.0 12.7890625 -3.901367
v -8.0 12.330079 -3.002929
v -7.0 12.330079 -3.002929
v -7.0 12.7890625 -3.901367
v -8.0 12.000001 -3.0
v -7.0 12.000001 -3.0
v -8.0 12.7890625 -3.901367
v -7.0 12.7890625 -3.901367
v -7.0 13.000001 -4.0
v -8.0 13.000001 -4.0
v 0.0 16.0 -3.999999
v -8.0 16.0 -3.999999
v 0.0 13.0 -3.999999
v -8.0 13.0 -3.999999
v -1.0 -5.0 -3.999999
v -7.0 -5.0 -3.999999
v -1.0 -13.0 -3.999999
v -7.0 -13.0 -3.999999
v 0.0 -1.0 -3.999999
v -7.0 -1.0 -3.999999
v 0.0 -5.0 -3.999999
v -7.0 -5.0 -3.999999
v 1.0 3.0 -3.999999
v -7.0 3.0 -3.999999
v 1.0 2.0 -3.999999
v -7.0 2.0 -3.999999
v -6.999999 3.0 -4.0
v -5.999999 3.0 -4.0
v -6.374999 3.0625 -4.0
v -6.062499 3.3125 -4.0
v -5.999999 4.0 -4.0
v -6.062499 3.3125 -4.0
v -5.999999 4.0 -4.0
v -6.210937 4.0 -3.901367
v -6.249999 3.5 -3.901367
v -6.999999 3.0 -4.0
v -6.374999 3.0625 -4.0
v -6.562499 3.25 -3.901367
v -6.999999 3.210938 -3.901367
v -6.999999 3.210938 -3.901367
v -6.562499 3.25 -3.901367
v -6.999999 3.6699219 -3.002929
v -6.249999 3.5 -3.901367
v -6.669921 4.0 -3.002929
v -6.210937 4.0 -3.901367
v -6.669921 4.0 -3.002929
v -6.999999 4.0 -3.0
v -6.999999 3.6699219 -3.002929
v -6.210937 12.0 -3.901367
v -6.669921 12.0 -3.002929
v -6.669921 4.0 -3.002929
v -6.210937 4.0 -3.901367
v -6.999999 12.0 -3.0
v -6.999999 4.0 -3.0
v -6.210937 12.0 -3.901367
v -6.210937 4.0 -3.901367
v -5.999999 4.0 -4.0
v -5.999999 12.0 -4.0
v -6.0 12.000001 -4.0
v -6.0 13.000001 -4.0
v -6.0625 12.625001 -4.0
v -6.3125 12.937501 -4.0
v -7.0 13.000001 -4.0
v -6.3125 12.937501 -4.0
v -7.0 13.000001 -4.0
v -7.0 12.7890625 -3.901367
v -6.5 12.750001 -3.901367
v -6.0 12.000001 -4.0
v -6.0625 12.625001 -4.0
v -6.25 12.437501 -3.901367
v -6.210938 12.000001 -3.901367
v -6.210938 12.000001 -3.901367
v -6.25 12.437501 -3.901367
v -6.669922 12.000001 -3.002929
v -6.5 12.750001 -3.901367
v -7.0 12.330079 -3.002929
v -7.0 12.7890625 -3.901367
v -7.0 12.330079 -3.002929
v -7.0 12.000001 -3.0
v -6.669922 12.000001 -3.002929
v 0.0 11.0 -3.999999
v -6.0 11.0 -3.999999
v 0.0 3.0 -3.999999
v -6.0 3.0 -3.999999
v 0.0 13.0 -3.999999
v -6.0 13.0 -3.999999
v 0.0 11.0 -3.999999
v -6.0 11.0 -3.999999
v -0.21093702 -11.0 -4.901367
v -0.669921 -11.0 -4.0029287
v -0.669921 -16.0 -4.0029287
v -0.21093702 -16.0 -4.901367
v -0.999999 -11.0 -4.0
v -0.999999 -16.0 -4.0
v -0.21093702 -11.0 -4.901367
v -0.21093702 -16.0 -4.901367
v 9.536743E-7 -16.0 -5.0
v 9.536743E-7 -11.0 -5.0
v -0.66992104 -10.330078 -4.0029287
v 9.536743E-7 -10.330078 -4.0029287
v 9.536743E-7 -10.0 -4.0
v -0.999999 -10.0 -4.0
v -0.66992104 -11.0 -4.0029287
v -0.66992104 -10.330078 -4.0029287
v -0.999999 -10.0 -4.0
v -0.999999 -11.0 -4.0
v -0.66992104 -11.0 -4.0029287
v -0.21093702 -11.0 -4.901367
v -0.66992104 -10.330078 -4.0029287
v -0.105467975 -10.894531 -4.901367
v 9.536743E-7 -10.789062 -4.901367
v 9.536743E-7 -10.789062 -4.901367
v -0.105467975 -10.894531 -4.901367
v 9.536743E-7 -11.0 -5.0
v -0.21093702 -11.0 -4.901367
v 9.536743E-7 -10.330078 -4.0029287
v -0.66992104 -10.330078 -4.0029287
v 9.536743E-7 -10.789062 -4.901367
v 0.0 -5.0 -3.999999
v -1.0 -5.0 -3.999999
v 0.0 -10.0 -3.999999
v -1.0 -10.0 -3.999999
v 8.0 -11.0 -4.999999
v 0.0 -11.0 -4.999999
v 8.0 -16.0 -4.999999
v 0.0 -16.0 -4.999999
v 1.013279E-6 -11.0 -5.0
v 1.000001 -11.0 -5.0
v 0.625001 -10.9375 -5.0
v 0.937501 -10.6875 -5.0
v 1.000001 -10.0 -5.0
v 0.937501 -10.6875 -5.0
v 1.000001 -10.0 -5.0
v 0.789063 -10.0 -4.901367
v 0.750001 -10.5 -4.901367
v 1.013279E-6 -11.0 -5.0
v 0.625001 -10.9375 -5.0
v 0.437501 -10.75 -4.901367
v 1.013279E-6 -10.7890625 -4.901367
v 1.013279E-6 -10.7890625 -4.901367
v 0.437501 -10.75 -4.901367
v 1.013279E-6 -10.330078 -4.0029287
v 0.750001 -10.5 -4.901367
v 0.33007902 -10.0 -4.0029287
v 0.789063 -10.0 -4.901367
v 0.33007902 -10.0 -4.0029287
v 1.013279E-6 -10.0 -4.0
v 1.013279E-6 -10.330078 -4.0029287
v 0.789063 -2.0 -4.901367
v 0.33007902 -2.0 -4.0029287
v 0.33007902 -10.0 -4.0029287
v 0.789063 -10.0 -4.901367
v 1.013279E-6 -2.0 -4.0
v 1.013279E-6 -10.0 -4.0
v 0.789063 -2.0 -4.901367
v 0.789063 -10.0 -4.901367
v 1.000001 -10.0 -5.0
v 1.000001 -2.0 -5.0
v 0.789063 0.0 -4.901367
v 0.33007902 0.0 -4.0029287
v 0.33007902 -2.0 -4.0029287
v 0.789063 -2.0 -4.901367
v 1.013279E-6 0.0 -4.0
v 1.013279E-6 -2.0 -4.0
v 0.789063 0.0 -4.901367
v 0.789063 -2.0 -4.901367
v 1.000001 -2.0 -5.0
v 1.000001 0.0 -5.0
v 0.330079 0.669922 -4.0029287
v 1.000001 0.669922 -4.0029287
v 1.000001 1.0 -4.0
v 1.013279E-6 1.0 -4.0
v 0.330079 0.0 -4.0029287
v 0.330079 0.669922 -4.0029287
v 1.013279E-6 1.0 -4.0
v 1.013279E-6 0.0 -4.0
v 0.330079 0.0 -4.0029287
v 0.789063 0.0 -4.901367
v 0.330079 0.669922 -4.0029287
v 0.894532 0.10546899 -4.901367
v 1.000001 0.210938 -4.901367
v 1.000001 0.210938 -4.901367
v 0.894532 0.10546899 -4.901367
v 1.000001 0.0 -5.0
v 0.789063 0.0 -4.901367
v 1.000001 0.669922 -4.0029287
v 0.330079 0.669922 -4.0029287
v 1.000001 0.210938 -4.901367
v 1.0 2.0 -3.999999
v 0.0 2.0 -3.999999
v 1.0 1.0 -3.999999
v 0.0 1.0 -3.999999
v 1.0 10.0 -3.999999
v 0.0 10.0 -3.999999
v 1.0 3.0 -3.999999
v 0.0 3.0 -3.999999
v 0.330078 10.330079 -4.0029287
v 0.330078 11.000001 -4.0029287
v 0.0 11.000001 -4.0
v 0.0 10.000001 -4.0
v 1.0 10.330079 -4.0029287
v 0.330078 10.330079 -4.0029287
v 0.0 10.000001 -4.0
v 1.0 10.000001 -4.0
v 1.0 10.330079 -4.0029287
v 1.0 10.7890625 -4.901367
v 0.330078 10.330079 -4.0029287
v 0.894531 10.894532 -4.901367
v 0.789062 11.000001 -4.901367
v 0.789062 11.000001 -4.901367
v 0.894531 10.894532 -4.901367
v 1.0 11.000001 -5.0
v 1.0 10.7890625 -4.901367
v 0.330078 11.000001 -4.0029287
v 0.330078 10.330079 -4.0029287
v 0.789062 11.000001 -4.901367
v 0.789063 16.0 -4.901367
v 0.33007902 16.0 -4.0029287
v 0.33007902 11.0 -4.0029287
v 0.789063 11.0 -4.901367
v 1.013279E-6 16.0 -4.0
v 1.013279E-6 11.0 -4.0
v 0.789063 16.0 -4.901367
v 0.789063 11.0 -4.901367
v 1.000001 11.0 -5.0
v 1.000001 16.0 -5.0
v 9.0 -3.0 -4.999999
v 1.0 -3.0 -4.999999
v 9.0 -11.0 -4.999999
v 1.0 -11.0 -4.999999
v 9.0 0.0 -4.999999
v 1.0 0.0 -4.999999
v 9.0 -3.0 -4.999999
v 1.0 -3.0 -4.999999
v 1.000001 0.0 -5.0
v 2.000001 0.0 -5.0
v 1.625001 0.0625 -5.0
v 1.937501 0.3125 -5.0
v 2.000001 1.0 -5.0
v 1.937501 0.3125 -5.0
v 2.000001 1.0 -5.0
v 1.789063 1.0 -4.901367
v 1.750001 0.5 -4.901367
v 1.000001 0.0 -5.0
v 1.625001 0.0625 -5.0
v 1.437501 0.25 -4.901367
v 1.000001 0.21093798 -4.901367
v 1.000001 0.21093798 -4.901367
v 1.437501 0.25 -4.901367
v 1.000001 0.669922 -4.0029287
v 1.750001 0.5 -4.901367
v 1.3300791 1.0 -4.0029287
v 1.789063 1.0 -4.901367
v 1.3300791 1.0 -4.0029287
v 1.000001 1.0 -4.0
v 1.000001 0.669922 -4.0029287
v 1.789063 9.0 -4.901367
v 1.3300791 9.0 -4.0029287
v 1.3300791 1.0 -4.0029287
v 1.789063 1.0 -4.901367
v 1.000001 9.0 -4.0
v 1.000001 1.0 -4.0
v 1.789063 9.0 -4.901367
v 1.789063 1.0 -4.901367
v 2.000001 1.0 -5.0
v 2.000001 9.0 -5.0
v 1.789063 10.0 -4.901367
v 1.3300791 10.0 -4.0029287
v 1.3300791 9.0 -4.0029287
v 1.789063 9.0 -4.901367
v 1.000001 10.0 -4.0
v 1.000001 9.0 -4.0
v 1.789063 10.0 -4.901367
v 1.789063 9.0 -4.901367
v 2.000001 9.0 -5.0
v 2.000001 10.0 -5.0
v 2.0 10.000001 -5.0
v 2.0 11.000001 -5.0
v 1.9375 10.625001 -5.0
v 1.6875 10.937501 -5.0
v 1.0 11.000001 -5.0
v 1.6875 10.937501 -5.0
v 1.0 11.000001 -5.0
v 1.0 10.7890625 -4.901367
v 1.5 10.750001 -4.901367
v 2.0 10.000001 -5.0
v 1.9375 10.625001 -5.0
v 1.75 10.437501 -4.901367
v 1.789062 10.000001 -4.901367
v 1.789062 10.000001 -4.901367
v 1.75 10.437501 -4.901367
v 1.330078 10.000001 -4.0029287
v 1.5 10.750001 -4.901367
v 1.0 10.330079 -4.0029287
v 1.0 10.7890625 -4.901367
v 1.0 10.330079 -4.0029287
v 1.0 10.000001 -4.0
v 1.330078 10.000001 -4.0029287
v 9.0 16.0 -4.999999
v 1.0 16.0 -4.999999
v 9.0 11.0 -4.999999
v 1.0 11.0 -4.999999
v 10.0 8.0 -4.999999
v 2.0 8.0 -4.999999
v 10.0 0.0 -4.999999
v 2.0 0.0 -4.999999
v 10.0 11.0 -4.999999
v 2.0 11.0 -4.999999
v 10.0 8.0 -4.999999
v 2.0 8.0 -4.999999
v 8.7890625 -12.0 -5.901367
v 8.330079 -12.0 -5.0029287
v 8.330079 -16.0 -5.0029287
v 8.7890625 -16.0 -5.901367
v 8.000001 -12.0 -5.0
v 8.000001 -16.0 -5.0
v 8.7890625 -12.0 -5.901367
v 8.7890625 -16.0 -5.901367
v 9.000001 -16.0 -6.0
v 9.000001 -12.0 -6.0
v 8.330079 -11.330078 -5.0029287
v 9.000001 -11.330078 -5.0029287
v 9.000001 -11.0 -5.0
v 8.000001 -11.0 -5.0
v 8.330079 -12.0 -5.0029287
v 8.330079 -11.330078 -5.0029287
v 8.000001 -11.0 -5.0
v 8.000001 -12.0 -5.0
v 8.330079 -12.0 -5.0029287
v 8.7890625 -12.0 -5.901367
v 8.330079 -11.330078 -5.0029287
v 8.894532 -11.894531 -5.901367
v 9.000001 -11.789062 -5.901367
v 9.000001 -11.789062 -5.901367
v 8.894532 -11.894531 -5.901367
v 9.000001 -12.0 -6.0
v 8.7890625 -12.0 -5.901367
v 9.000001 -11.330078 -5.0029287
v 8.330079 -11.330078 -5.0029287
v 9.000001 -11.789062 -5.901367
v 16.0 -12.0 -5.999999
v 9.0 -12.0 -5.999999
v 16.0 -16.0 -5.999999
v 9.0 -16.0 -5.999999
v 9.000001 -12.0 -6.0
v 10.000001 -12.0 -6.0
v 9.625001 -11.9375 -6.0
v 9.937501 -11.6875 -6.0
v 10.000001 -11.0 -6.0
v 9.937501 -11.6875 -6.0
v 10.000001 -11.0 -6.0
v 9.7890625 -11.0 -5.901367
v 9.750001 -11.5 -5.901367
v 9.000001 -12.0 -6.0
v 9.625001 -11.9375 -6.0
v 9.437501 -11.75 -5.901367
v 9.000001 -11.7890625 -5.901367
v 9.000001 -11.7890625 -5.901367
v 9.437501 -11.75 -5.901367
v 9.000001 -11.330078 -5.0029287
v 9.750001 -11.5 -5.901367
v 9.330079 -11.0 -5.0029287
v 9.7890625 -11.0 -5.901367
v 9.330079 -11.0 -5.0029287
v 9.000001 -11.0 -5.0
v 9.000001 -11.330078 -5.0029287
v 9.7890625 -3.0 -5.901367
v 9.330079 -3.0 -5.0029287
v 9.330079 -11.0 -5.0029287
v 9.7890625 -11.0 -5.901367
v 9.000001 -3.0 -5.0
v 9.000001 -11.0 -5.0
v 9.7890625 -3.0 -5.901367
v 9.7890625 -11.0 -5.901367
v 10.000001 -11.0 -6.0
v 10.000001 -3.0 -6.0
v 9.7890625 -2.0 -5.901367
v 9.330079 -2.0 -5.0029287
v 9.330079 -3.0 -5.0029287
v 9.7890625 -3.0 -5.901367
v 9.000001 -2.0 -5.0
v 9.000001 -3.0 -5.0
v 9.7890625 -2.0 -5.901367
v 9.7890625 -3.0 -5.901367
v 10.000001 -3.0 -6.0
v 10.000001 -2.0 -6.0
v 9.330079 -1.330078 -5.0029287
v 10.000001 -1.330078 -5.0029287
v 10.000001 -1.0 -5.0
v 9.000001 -1.0 -5.0
v 9.330079 -2.0 -5.0029287
v 9.330079 -1.330078 -5.0029287
v 9.000001 -1.0 -5.0
v 9.000001 -2.0 -5.0
v 9.330079 -2.0 -5.0029287
v 9.7890625 -2.0 -5.901367
v 9.330079 -1.330078 -5.0029287
v 9.894532 -1.894531 -5.901367
v 10.000001 -1.789062 -5.901367
v 10.000001 -1.789062 -5.901367
v 9.894532 -1.894531 -5.901367
v 10.000001 -2.0 -6.0
v 9.7890625 -2.0 -5.901367
v 10.000001 -1.330078 -5.0029287
v 9.330079 -1.330078 -5.0029287
v 10.000001 -1.789062 -5.901367
v 10.0 0.0 -4.999999
v 9.0 0.0 -4.999999
v 10.0 -1.0 -4.999999
v 9.0 -1.0 -4.999999
v 10.0 12.0 -4.999999
v 9.0 12.0 -4.999999
v 10.0 11.0 -4.999999
v 9.0 11.0 -4.999999
v 9.330078 12.330079 -5.0029287
v 9.330078 13.000001 -5.0029287
v 9.0 13.000001 -5.0
v 9.0 12.000001 -5.0
v 10.0 12.330079 -5.0029287
v 9.330078 12.330079 -5.0029287
v 9.0 12.000001 -5.0
v 10.0 12.000001 -5.0
v 10.0 12.330079 -5.0029287
v 10.0 12.7890625 -5.901367
v 9.330078 12.330079 -5.0029287
v 9.894531 12.894532 -5.901367
v 9.7890625 13.000001 -5.901367
v 9.7890625 13.000001 -5.901367
v 9.894531 12.894532 -5.901367
v 10.0 13.000001 -6.0
v 10.0 12.7890625 -5.901367
v 9.330078 13.000001 -5.0029287
v 9.330078 12.330079 -5.0029287
v 9.7890625 13.000001 -5.901367
v 9.7890625 16.0 -5.901367
v 9.330079 16.0 -5.0029287
v 9.330079 13.0 -5.0029287
v 9.7890625 13.0 -5.901367
v 9.000001 16.0 -5.0
v 9.000001 13.0 -5.0
v 9.7890625 16.0 -5.901367
v 9.7890625 13.0 -5.901367
v 10.000001 13.0 -6.0
v 10.000001 16.0 -6.0
v 16.0 -4.0 -5.999999
v 10.0 -4.0 -5.999999
v 16.0 -12.0 -5.999999
v 10.0 -12.0 -5.999999
v 16.0 -2.0 -5.999999
v 10.0 -2.0 -5.999999
v 16.0 -4.0 -5.999999
v 10.0 -4.0 -5.999999
v 10.000001 -2.0 -6.0
v 11.000001 -2.0 -6.0
v 10.625001 -1.9375 -6.0
v 10.937501 -1.6875 -6.0
v 11.000001 -1.0 -6.0
v 10.937501 -1.6875 -6.0
v 11.000001 -1.0 -6.0
v 10.7890625 -1.0 -5.901367
v 10.750001 -1.5 -5.901367
v 10.000001 -2.0 -6.0
v 10.625001 -1.9375 -6.0
v 10.437501 -1.75 -5.901367
v 10.000001 -1.789062 -5.901367
v 10.000001 -1.789062 -5.901367
v 10.437501 -1.75 -5.901367
v 10.000001 -1.330078 -5.0029287
v 10.750001 -1.5 -5.901367
v 10.330079 -1.0 -5.0029287
v 10.7890625 -1.0 -5.901367
v 10.330079 -1.0 -5.0029287
v 10.000001 -1.0 -5.0
v 10.000001 -1.330078 -5.0029287
v 10.7890625 7.0 -5.901367
v 10.330079 7.0 -5.0029287
v 10.330079 -1.0 -5.0029287
v 10.7890625 -1.0 -5.901367
v 10.000001 7.0 -5.0
v 10.000001 -1.0 -5.0
v 10.7890625 7.0 -5.901367
v 10.7890625 -1.0 -5.901367
v 11.000001 -1.0 -6.0
v 11.000001 7.0 -6.0
v 10.7890625 12.0 -5.901367
v 10.330079 12.0 -5.0029287
v 10.330079 7.0 -5.0029287
v 10.7890625 7.0 -5.901367
v 10.000001 12.0 -5.0
v 10.000001 7.0 -5.0
v 10.7890625 12.0 -5.901367
v 10.7890625 7.0 -5.901367
v 11.000001 7.0 -6.0
v 11.000001 12.0 -6.0
v 11.0 12.000001 -6.0
v 11.0 13.000001 -6.0
v 10.9375 12.625001 -6.0
v 10.6875 12.937501 -6.0
v 10.0 13.000001 -6.0
v 10.6875 12.937501 -6.0
v 10.0 13.000001 -6.0
v 10.0 12.7890625 -5.901367
v 10.5 12.750001 -5.901367
v 11.0 12.000001 -6.0
v 10.9375 12.625001 -6.0
v 10.75 12.437501 -5.901367
v 10.7890625 12.000001 -5.901367
v 10.7890625 12.000001 -5.901367
v 10.75 12.437501 -5.901367
v 10.330078 12.000001 -5.0029287
v 10.5 12.750001 -5.901367
v 10.0 12.330079 -5.0029287
v 10.0 12.7890625 -5.901367
v 10.0 12.330079 -5.0029287
v 10.0 12.000001 -5.0
v 10.330078 12.000001 -5.0029287
v 16.0 16.0 -5.999999
v 10.0 16.0 -5.999999
v 16.0 13.0 -5.999999
v 10.0 13.0 -5.999999
v 16.0 6.0 -5.999999
v 11.0 6.0 -5.999999
v 16.0 -2.0 -5.999999
v 11.0 -2.0 -5.999999
v 16.0 13.0 -5.999999
v 11.0 13.0 -5.999999
v 16.0 6.0 -5.999999
v 11.0 6.0 -5.999999
v -8.0 -16.000008 -0.6875
v -8.0 -7.9999924 -0.687499
v -16.0 -7.9999924 -0.687499
v -16.0 -16.000008 -0.6875
v -8.0 -8.000008 -0.6875
v -8.0 7.6293945E-6 -0.687499
v -16.0 7.6293945E-6 -0.687499
v -16.0 -8.000008 -0.6875
v -8.0 -8.106232E-6 -0.6875
v -8.0 8.000008 -0.687499
v -16.0 8.000008 -0.687499
v -16.0 -8.106232E-6 -0.6875
v -8.0 7.999992 -0.6875
v -8.0 16.000008 -0.687499
v -16.0 16.000008 -0.687499
v -16.0 7.999992 -0.6875
v 0.0 -16.000008 -0.6875
v 0.0 -7.9999924 -0.687499
v -8.0 -7.9999924 -0.687499
v -8.0 -16.000008 -0.6875
v 0.0 -8.000008 -0.6875
v 0.0 7.6293945E-6 -0.687499
v -8.0 7.6293945E-6 -0.687499
v -8.0 -8.000008 -0.6875
v 0.0 -8.106232E-6 -0.6875
v 0.0 8.000008 -0.687499
v -8.0 8.000008 -0.687499
v -8.0 -8.106232E-6 -0.6875
v 0.0 7.999992 -0.6875
v 0.0 16.000008 -0.687499
v -8.0 16.000008 -0.687499
v -8.0 7.999992 -0.6875
v 8.0 -16.000008 -0.6875
v 8.0 -7.9999924 -0.687499
v 0.0 -7.9999924 -0.687499
v 0.0 -16.000008 -0.6875
v 8.0 -8.000008 -0.6875
v 8.0 7.6293945E-6 -0.687499
v 0.0 7.6293945E-6 -0.687499
v 0.0 -8.000008 -0.6875
v 8.0 -8.106232E-6 -0.6875
v 8.0 8.000008 -0.687499
v 0.0 8.000008 -0.687499
v 0.0 -8.106232E-6 -0.6875
v 8.0 7.999992 -0.6875
v 8.0 16.000008 -0.687499
v 0.0 16.000008 -0.687499
v 0.0 7.999992 -0.6875
v 16.0 -16.000008 -0.6875
v 16.0 -7.9999924 -0.687499
v 8.0 -7.9999924 -0.687499
v 8.0 -16.000008 -0.6875
v 16.0 -8.000008 -0.6875
v 16.0 7.6293945E-6 -0.687499
v 8.0 7.6293945E-6 -0.687499
v 8.0 -8.000008 -0.6875
v 16.0 -8.106232E-6 -0.6875
v 16.0 8.000008 -0.687499
v 8.0 8.000008 -0.687499
v 8.0 -8.106232E-6 -0.6875
v 16.0 7.999992 -0.6875
v 16.0 16.000008 -0.687499
v 8.0 16.000008 -0.687499
v 8.0 7.999992 -0.6875
vt 1.0 0.0
vt 0.0 0.0
vt 0.0 -3.0
vt 1.0 -3.0
vt 1.0 0.0
vt 0.0 0.0
vt 0.0 -3.0
vt 1.0 -3.0
vt 1.0 0.0
vt 0.0 0.0
vt 0.0 -3.0
vt 1.0 -3.0
vt 1.0 0.0
vt 0.0 0.0
vt 0.0 -2.0
vt 1.0 -2.0
vt 1.0 0.0
vt 0.0 0.0
vt 0.0 -2.0
vt 1.0 -2.0
vt 1.0 0.0
vt 0.0 0.0
vt 0.0 -2.0
vt 1.0 -2.0
vt 0.542969 -0.62793
vt 0.189453 -0.62793
vt 0.34375 -0.1875
vt 0.542969 -0.1875
vt 0.042969 -0.62793
vt 0.144531 -0.977539
vt -0.019531 -0.977539
vt 0.895508 -0.62793
vt 0.94043 -0.977539
vt 1.105469 -0.977539
vt 1.106445 -0.457031
vt 0.94043 -0.977539
vt 0.542969 -0.977539
vt 0.895508 -0.62793
vt 0.261719 -0.1875
vt 0.741211 -0.1875
vt 0.34375 -0.1875
vt 0.144531 -0.977539
vt 0.542969 -0.977539
vt 0.722656 -0.442383
vt 0.542969 0.0
vt 1.000977 -0.420898
vt 0.99707 -0.575195
vt 0.685547 -0.015625
vt 0.321289 -0.06543
vt 0.420898 -0.204102
vt 1.004883 -0.558594
vt 0.879883 -0.181641
vt 1.0 -0.990234
vt 0.5 0.570312
vt 0.0 -0.990234
vt 1.0 -0.990234
vt 0.0 -0.990234
vt 1.0 -0.990234
vt 0.0 -0.990234
vt 1.0 -0.990234
vt 0.0 -0.990234
vt 1.0 -0.990234
vt 0.0 -0.990234
vt 1.0 -0.990234
vt 0.0 -0.990234
vt 1.0 -0.990234
vt 0.0 -0.990234
vt 1.0 -0.990234
vt 0.0 -0.990234
vt 1.0 -0.990234
vt 0.0 -0.990234
vt 1.0 -0.990234
vt 0.0 -0.990234
vt 1.0 -0.990234
vt 0.0 -0.990234
vt 1.0 -0.990234
vt 0.0 -0.990234
vt 0.542969 -0.62793
vt 0.189453 -0.62793
vt 0.34375 -0.1875
vt 0.542969 -0.1875
vt 0.042969 -0.62793
vt 0.144531 -0.977539
vt -0.019531 -0.977539
vt 0.895508 -0.62793
vt 0.94043 -0.977539
vt 1.105469 -0.977539
vt 1.106445 -0.457031
vt 0.94043 -0.977539
vt 0.542969 -0.977539
vt 0.895508 -0.62793
vt 0.261719 -0.1875
vt 0.741211 -0.1875
vt 0.34375 -0.1875
vt 0.144531 -0.977539
vt 0.542969 -0.977539
vt 0.722656 -0.442383
vt 0.542969 0.0
vt 1.000977 -0.420898
vt 0.99707 -0.575195
vt 0.685547 -0.015625
vt 0.321289 -0.06543
vt 0.420898 -0.204102
vt 1.004883 -0.558594
vt 0.879883 -0.181641
vt 1.0 -0.990234
vt 0.5 0.570312
vt 0.0 -0.990234
vt 1.0 -0.990234
vt 0.0 -0.990234
vt 1.0 -0.990234
vt 0.0 -0.990234
vt 1.0 -0.990234
vt 0.0 -0.990234
vt 1.0 -0.990234
vt 0.0 -0.990234
vt 1.0 -0.990234
vt 0.0 -0.990234
vt 1.0 -0.990234
vt 0.0 -0.990234
vt 1.0 -0.990234
vt 0.0 -0.990234
vt 1.0 -0.990234
vt 0.0 -0.990234
vt 1.0 -0.990234
vt 0.0 -0.990234
vt 1.0 -0.990234
vt 0.0 -0.990234
vt 1.0 -0.990234
vt 0.0 -0.990234
vt 1.0 0.0
vt 0.0 0.0
vt 0.0 -3.0
vt 1.0 -3.0
vt 1.0 0.0
vt 0.0 0.0
vt 0.0 -3.0
vt 1.0 -3.0
vt 1.0 0.0
vt 0.0 0.0
vt 0.0 -3.0
vt 1.0 -3.0
vt 4.0 0.0
vt 0.0 0.0
vt 0.0 -1.0
vt 4.0 -1.0
vt 4.0 0.0
vt 0.0 0.0
vt 0.0 -1.0
vt 4.0 -1.0
vt 4.0 0.0
vt 0.0 0.0
vt 0.0 -1.0
vt 4.0 -1.0
vt 2.0 0.0
vt 0.0 0.0
vt 0.0 -1.0
vt 2.0 -1.0
vt 2.0 0.0
vt 0.0 0.0
vt 0.0 -1.0
vt 2.0 -1.0
vt 2.0 0.0
vt 0.0 0.0
vt 0.0 -1.0
vt 2.0 -1.0
vt 1.0 0.0
vt 0.0 0.0
vt 0.0 -6.0
vt 1.0 -6.0
vt 1.0 0.0
vt 0.0 0.0
vt 0.0 -6.0
vt 1.0 -6.0
vt 1.0 0.0
vt 0.0 0.0
vt 0.0 -6.0
vt 1.0 -6.0
vt 3.0 0.0
vt 0.0 0.0
vt 0.0 -1.0
vt 3.0 -1.0
vt 3.0 0.0
vt 0.0 0.0
vt 0.0 -1.0
vt 3.0 -1.0
vt 3.0 0.0
vt 0.0 0.0
vt 0.0 -1.0
vt 3.0 -1.0
vt 1.0 0.0
vt 0.0 0.0
vt 0.0 -1.0
vt 1.0 -1.0
vt 1.0 0.0
vt 0.0 0.0
vt 0.0 -1.0
vt 1.0 -1.0
vt 1.0 0.0
vt 0.0 0.0
vt 0.0 -1.0
vt 1.0 -1.0
vt 1.0 0.0
vt 0.0 0.0
vt 0.0 -3.0
vt 1.0 -3.0
vt 1.0 0.0
vt 0.0 0.0
vt 0.0 -3.0
vt 1.0 -3.0
vt 1.0 0.0
vt 0.0 0.0
vt 0.0 -3.0
vt 1.0 -3.0
vt 1.0 0.0
vt 0.0 0.0
vt 0.0 -6.0
vt 1.0 -6.0
vt 1.0 0.0
vt 0.0 0.0
vt 0.0 -6.0
vt 1.0 -6.0
vt 1.0 0.0
vt 0.0 0.0
vt 0.0 -6.0
vt 1.0 -6.0
vt 1.0 0.0
vt 0.0 0.0
vt 0.0 -2.0
vt 1.0 -2.0
vt 1.0 0.0
vt 0.0 0.0
vt 0.0 -2.0
vt 1.0 -2.0
vt 1.0 0.0
vt 0.0 0.0
vt 0.0 -2.0
vt 1.0 -2.0
vt 1.0 0.0
vt 0.0 0.0
vt 0.0 -2.0
vt 1.0 -2.0
vt 1.0 0.0
vt 0.0 0.0
vt 0.0 -2.0
vt 1.0 -2.0
vt 1.0 0.0
vt 0.0 0.0
vt 0.0 -2.0
vt 1.0 -2.0
vt 1.0 0.0
vt 0.0 0.0
vt 0.0 -1.0
vt 1.0 -1.0
vt 1.0 0.0
vt 0.0 0.0
vt 0.0 -1.0
vt 1.0 -1.0
vt 1.0 0.0
vt 0.0 0.0
vt 0.0 -1.0
vt 1.0 -1.0
vt 1.0 0.0
vt 0.0 0.0
vt 0.0 -3.0
vt 1.0 -3.0
vt 1.0 0.0
vt 0.0 0.0
vt 0.0 -3.0
vt 1.0 -3.0
vt 1.0 0.0
vt 0.0 0.0
vt 0.0 -3.0
vt 1.0 -3.0
vt 1.0 0.0
vt 0.0 0.0
vt 0.0 -3.0
vt 1.0 -3.0
vt 1.0 0.0
vt 0.0 0.0
vt 0.0 -3.0
vt 1.0 -3.0
vt 1.0 0.0
vt 0.0 0.0
vt 0.0 -3.0
vt 1.0 -3.0
vt 1.0 0.0
vt 0.0 0.0
vt 0.0 -2.0
vt 1.0 -2.0
vt 1.0 0.0
vt 0.0 0.0
vt 0.0 -2.0
vt 1.0 -2.0
vt 1.0 0.0
vt 0.0 0.0
vt 0.0 -2.0
vt 1.0 -2.0
vt 1.0 0.0
vt 0.0 0.0
vt 0.0 -2.0
vt 1.0 -2.0
vt 1.0 0.0
vt 0.0 0.0
vt 0.0 -2.0
vt 1.0 -2.0
vt 1.0 0.0
vt 0.0 0.0
vt 0.0 -2.0
vt 1.0 -2.0
vt 0.542969 -0.62793
vt 0.189453 -0.62793
vt 0.34375 -0.1875
vt 0.542969 -0.1875
vt 0.042969 -0.62793
vt 0.144531 -0.977539
vt -0.019531 -0.977539
vt 0.895508 -0.62793
vt 0.94043 -0.977539
vt 1.105469 -0.977539
vt 1.106445 -0.457031
vt 0.94043 -0.977539
vt 0.542969 -0.977539
vt 0.895508 -0.62793
vt 0.261719 -0.1875
vt 0.741211 -0.1875
vt 0.34375 -0.1875
vt 0.144531 -0.977539
vt 0.542969 -0.977539
vt 0.722656 -0.442383
vt 0.542969 0.0
vt 1.000977 -0.420898
vt 0.99707 -0.575195
vt 0.685547 -0.015625
vt 0.321289 -0.06543
vt 0.420898 -0.204102
vt 1.004883 -0.558594
vt 0.879883 -0.181641
vt 1.0 -0.990234
vt 0.5 0.570312
vt 0.0 -0.990234
vt 1.0 -0.990234
vt 0.0 -0.990234
vt 1.0 -0.990234
vt 0.0 -0.990234
vt 1.0 -0.990234
vt 0.0 -0.990234
vt 1.0 -0.990234
vt 0.0 -0.990234
vt 1.0 -0.990234
vt 0.0 -0.990234
vt 1.0 -0.990234
vt 0.0 -0.990234
vt 1.0 -0.990234
vt 0.0 -0.990234
vt 1.0 -0.990234
vt 0.0 -0.990234
vt 1.0 -0.990234
vt 0.0 -0.990234
vt 1.0 -0.990234
vt 0.0 -0.990234
vt 1.0 -0.990234
vt 0.0 -0.990234
vt 1.0 0.0
vt 0.0 0.0
vt 0.0 -3.0
vt 1.0 -3.0
vt 1.0 0.0
vt 0.0 0.0
vt 0.0 -3.0
vt 1.0 -3.0
vt 1.0 0.0
vt 0.0 0.0
vt 0.0 -3.0
vt 1.0 -3.0
vt 1.0 0.0
vt 0.0 0.0
vt 0.0 -3.0
vt 1.0 -3.0
vt 1.0 0.0
vt 0.0 0.0
vt 0.0 -3.0
vt 1.0 -3.0
vt 1.0 0.0
vt 0.0 0.0
vt 0.0 -3.0
vt 1.0 -3.0
vt 1.0 0.0
vt 0.0 0.0
vt 0.0 -2.0
vt 1.0 -2.0
vt 1.0 0.0
vt 0.0 0.0
vt 0.0 -2.0
vt 1.0 -2.0
vt 1.0 0.0
vt 0.0 0.0
vt 0.0 -2.0
vt 1.0 -2.0
vt 1.0 0.0
vt 0.0 0.0
vt 0.0 -1.0
vt 1.0 -1.0
vt 1.0 0.0
vt 0.0 0.0
vt 0.0 -1.0
vt 1.0 -1.0
vt 1.0 0.0
vt 0.0 0.0
vt 0.0 -1.0
vt 1.0 -1.0
vt 1.0 0.0
vt 0.0 0.0
vt 0.0 -1.0
vt 1.0 -1.0
vt 1.0 0.0
vt 0.0 0.0
vt 0.0 -1.0
vt 1.0 -1.0
vt 1.0 0.0
vt 0.0 0.0
vt 0.0 -1.0
vt 1.0 -1.0
vt 0.542969 -0.62793
vt 0.189453 -0.62793
vt 0.34375 -0.1875
vt 0.542969 -0.1875
vt 0.042969 -0.62793
vt 0.144531 -0.977539
vt -0.019531 -0.977539
vt 0.895508 -0.62793
vt 0.94043 -0.977539
vt 1.105469 -0.977539
vt 1.106445 -0.457031
vt 0.94043 -0.977539
vt 0.542969 -0.977539
vt 0.895508 -0.62793
vt 0.261719 -0.1875
vt 0.741211 -0.1875
vt 0.34375 -0.1875
vt 0.144531 -0.977539
vt 0.542969 -0.977539
vt 0.722656 -0.442383
vt 0.542969 0.0
vt 1.000977 -0.420898
vt 0.99707 -0.575195
vt 0.685547 -0.015625
vt 0.321289 -0.06543
vt 0.420898 -0.204102
vt 1.004883 -0.558594
vt 0.879883 -0.181641
vt 1.0 -0.990234
vt 0.5 0.570312
vt 0.0 -0.990234
vt 1.0 -0.990234
vt 0.0 -0.990234
vt 1.0 -0.990234
vt 0.0 -0.990234
vt 1.0 -0.990234
vt 0.0 -0.990234
vt 1.0 -0.990234
vt 0.0 -0.990234
vt 1.0 -0.990234
vt 0.0 -0.990234
vt 1.0 -0.990234
vt 0.0 -0.990234
vt 1.0 -0.990234
vt 0.0 -0.990234
vt 1.0 -0.990234
vt 0.0 -0.990234
vt 1.0 -0.990234
vt 0.0 -0.990234
vt 1.0 -0.990234
vt 0.0 -0.990234
vt 1.0 -0.990234
vt 0.0 -0.990234
vt 1.0 0.0
vt 0.0 0.0
vt 0.0 -3.0
vt 1.0 -3.0
vt 1.0 0.0
vt 0.0 0.0
vt 0.0 -3.0
vt 1.0 -3.0
vt 1.0 0.0
vt 0.0 0.0
vt 0.0 -3.0
vt 1.0 -3.0
vt 3.0 0.0
vt 0.0 0.0
vt 0.0 -1.0
vt 3.0 -1.0
vt 3.0 0.0
vt 0.0 0.0
vt 0.0 -1.0
vt 3.0 -1.0
vt 3.0 0.0
vt 0.0 0.0
vt 0.0 -1.0
vt 3.0 -1.0
vt 1.0 0.0
vt 0.0 0.0
vt 0.0 -3.0
vt 1.0 -3.0
vt 1.0 0.0
vt 0.0 0.0
vt 0.0 -3.0
vt 1.0 -3.0
vt 1.0 0.0
vt 0.0 0.0
vt 0.0 -3.0
vt 1.0 -3.0
vt 3.0 0.0
vt 0.0 0.0
vt 0.0 -1.0
vt 3.0 -1.0
vt 3.0 0.0
vt 0.0 0.0
vt 0.0 -1.0
vt 3.0 -1.0
vt 3.0 0.0
vt 0.0 0.0
vt 0.0 -1.0
vt 3.0 -1.0
vt 1.0 0.0
vt 0.0 0.0
vt 0.0 -1.0
vt 1.0 -1.0
vt 1.0 0.0
vt 0.0 0.0
vt 0.0 -1.0
vt 1.0 -1.0
vt 1.0 0.0
vt 0.0 0.0
vt 0.0 -1.0
vt 1.0 -1.0
vt 2.0 0.0
vt 0.0 0.0
vt 0.0 -2.0
vt 2.0 -2.0
vt 2.0 0.0
vt 0.0 0.0
vt 0.0 -2.0
vt 2.0 -2.0
vt 2.0 0.0
vt 0.0 0.0
vt 0.0 -2.0
vt 2.0 -2.0
vt 1.0 0.0
vt 0.0 0.0
vt 0.0 -1.0
vt 1.0 -1.0
vt 1.0 0.0
vt 0.0 0.0
vt 0.0 -1.0
vt 1.0 -1.0
vt 1.0 0.0
vt 0.0 0.0
vt 0.0 -1.0
vt 1.0 -1.0
vt 2.0 0.0
vt 0.0 0.0
vt 0.0 -1.0
vt 2.0 -1.0
vt 2.0 0.0
vt 0.0 0.0
vt 0.0 -1.0
vt 2.0 -1.0
vt 2.0 0.0
vt 0.0 0.0
vt 0.0 -1.0
vt 2.0 -1.0
vt 1.0 0.0
vt 0.0 0.0
vt 0.0 -1.0
vt 1.0 -1.0
vt 1.0 0.0
vt 0.0 0.0
vt 0.0 -1.0
vt 1.0 -1.0
vt 1.0 0.0
vt 0.0 0.0
vt 0.0 -1.0
vt 1.0 -1.0
vt 1.0 0.0
vt 0.0 0.0
vt 0.0 -1.0
vt 1.0 -1.0
vt 1.0 0.0
vt 0.0 0.0
vt 0.0 -1.0
vt 1.0 -1.0
vt 1.0 0.0
vt 0.0 0.0
vt 0.0 -1.0
vt 1.0 -1.0
vt 1.0 0.0
vt 0.0 0.0
vt 0.0 -1.0
vt 1.0 -1.0
vt 1.0 0.0
vt 0.0 0.0
vt 0.0 -1.0
vt 1.0 -1.0
vt 1.0 0.0
vt 0.0 0.0
vt 0.0 -1.0
vt 1.0 -1.0
vt 1.0 0.0
vt 0.0 0.0
vt 0.0 -6.0
vt 1.0 -6.0
vt 1.0 0.0
vt 0.0 0.0
vt 0.0 -6.0
vt 1.0 -6.0
vt 1.0 0.0
vt 0.0 0.0
vt 0.0 -6.0
vt 1.0 -6.0
vt 1.0 0.0
vt 0.0 0.0
vt 0.0 -3.0
vt 1.0 -3.0
vt 1.0 0.0
vt 0.0 0.0
vt 0.0 -3.0
vt 1.0 -3.0
vt 1.0 0.0
vt 0.0 0.0
vt 0.0 -3.0
vt 1.0 -3.0
vt 3.0 0.0
vt 0.0 0.0
vt 0.0 -1.0
vt 3.0 -1.0
vt 3.0 0.0
vt 0.0 0.0
vt 0.0 -1.0
vt 3.0 -1.0
vt 3.0 0.0
vt 0.0 0.0
vt 0.0 -1.0
vt 3.0 -1.0
vt 1.0 0.0
vt 0.0 0.0
vt 0.0 -3.0
vt 1.0 -3.0
vt 1.0 0.0
vt 0.0 0.0
vt 0.0 -3.0
vt 1.0 -3.0
vt 1.0 0.0
vt 0.0 0.0
vt 0.0 -3.0
vt 1.0 -3.0
vt 1.0 0.0
vt 0.0 0.0
vt 0.0 -6.0
vt 1.0 -6.0
vt 1.0 0.0
vt 0.0 0.0
vt 0.0 -6.0
vt 1.0 -6.0
vt 1.0 0.0
vt 0.0 0.0
vt 0.0 -6.0
vt 1.0 -6.0
vt 2.0 0.0
vt 0.0 0.0
vt 0.0 -1.0
vt 2.0 -1.0
vt 2.0 0.0
vt 0.0 0.0
vt 0.0 -1.0
vt 2.0 -1.0
vt 2.0 0.0
vt 0.0 0.0
vt 0.0 -1.0
vt 2.0 -1.0
vt 1.0 0.0
vt 0.0 0.0
vt 0.0 -1.0
vt 1.0 -1.0
vt 1.0 0.0
vt 0.0 0.0
vt 0.0 -1.0
vt 1.0 -1.0
vt 1.0 0.0
vt 0.0 0.0
vt 0.0 -1.0
vt 1.0 -1.0
vt 1.0 0.0
vt 0.0 0.0
vt 0.0 -2.0
vt 1.0 -2.0
vt 1.0 0.0
vt 0.0 0.0
vt 0.0 -2.0
vt 1.0 -2.0
vt 1.0 0.0
vt 0.0 0.0
vt 0.0 -2.0
vt 1.0 -2.0
vt 1.0 0.0
vt 0.0 0.0
vt 0.0 -4.0
vt 1.0 -4.0
vt 1.0 0.0
vt 0.0 0.0
vt 0.0 -4.0
vt 1.0 -4.0
vt 1.0 0.0
vt 0.0 0.0
vt 0.0 -4.0
vt 1.0 -4.0
vt 5.0 0.0
vt 0.0 0.0
vt 0.0 -1.0
vt 5.0 -1.0
vt 5.0 0.0
vt 0.0 0.0
vt 0.0 -1.0
vt 5.0 -1.0
vt 5.0 0.0
vt 0.0 0.0
vt 0.0 -1.0
vt 5.0 -1.0
vt 1.0 0.0
vt 0.0 0.0
vt 0.0 -1.0
vt 1.0 -1.0
vt 1.0 0.0
vt 0.0 0.0
vt 0.0 -1.0
vt 1.0 -1.0
vt 1.0 0.0
vt 0.0 0.0
vt 0.0 -1.0
vt 1.0 -1.0
vt 1.0 0.0
vt 0.0 0.0
vt 0.0 -1.0
vt 1.0 -1.0
vt 1.0 0.0
vt 0.0 0.0
vt 0.0 -1.0
vt 1.0 -1.0
vt 1.0 0.0
vt 0.0 0.0
vt 0.0 -1.0
vt 1.0 -1.0
vt 1.0 0.0
vt 0.0 0.0
vt 0.0 -1.0
vt 1.0 -1.0
vt 1.0 0.0
vt 0.0 0.0
vt 0.0 -1.0
vt 1.0 -1.0
vt 1.0 0.0
vt 0.0 0.0
vt 0.0 -1.0
vt 1.0 -1.0
vt 0.542969 -0.62793
vt 0.189453 -0.62793
vt 0.34375 -0.1875
vt 0.542969 -0.1875
vt 0.042969 -0.62793
vt 0.144531 -0.977539
vt -0.019531 -0.977539
vt 0.895508 -0.62793
vt 0.94043 -0.977539
vt 1.105469 -0.977539
vt 1.106445 -0.457031
vt 0.94043 -0.977539
vt 0.542969 -0.977539
vt 0.895508 -0.62793
vt 0.261719 -0.1875
vt 0.741211 -0.1875
vt 0.34375 -0.1875
vt 0.144531 -0.977539
vt 0.542969 -0.977539
vt 0.722656 -0.442383
vt 0.542969 0.0
vt 1.000977 -0.420898
vt 0.99707 -0.575195
vt 0.685547 -0.015625
vt 0.321289 -0.06543
vt 0.420898 -0.204102
vt 1.004883 -0.558594
vt 0.879883 -0.181641
vt 1.0 -0.990234
vt 0.5 0.570312
vt 0.0 -0.990234
vt 1.0 -0.990234
vt 0.0 -0.990234
vt 1.0 -0.990234
vt 0.0 -0.990234
vt 1.0 -0.990234
vt 0.0 -0.990234
vt 1.0 -0.990234
vt 0.0 -0.990234
vt 1.0 -0.990234
vt 0.0 -0.990234
vt 1.0 -0.990234
vt 0.0 -0.990234
vt 1.0 -0.990234
vt 0.0 -0.990234
vt 1.0 -0.990234
vt 0.0 -0.990234
vt 1.0 -0.990234
vt 0.0 -0.990234
vt 1.0 -0.990234
vt 0.0 -0.990234
vt 1.0 -0.990234
vt 0.0 -0.990234
vt 3.0 0.0
vt 0.0 0.0
vt 0.0 -1.0
vt 3.0 -1.0
vt 3.0 0.0
vt 0.0 0.0
vt 0.0 -1.0
vt 3.0 -1.0
vt 3.0 0.0
vt 0.0 0.0
vt 0.0 -1.0
vt 3.0 -1.0
vt 1.0 0.0
vt 0.0 0.0
vt 0.0 -1.0
vt 1.0 -1.0
vt 1.0 0.0
vt 0.0 0.0
vt 0.0 -1.0
vt 1.0 -1.0
vt 1.0 0.0
vt 0.0 0.0
vt 0.0 -1.0
vt 1.0 -1.0
vt 2.0 0.0
vt 0.0 0.0
vt 0.0 -1.0
vt 2.0 -1.0
vt 2.0 0.0
vt 0.0 0.0
vt 0.0 -1.0
vt 2.0 -1.0
vt 2.0 0.0
vt 0.0 0.0
vt 0.0 -1.0
vt 2.0 -1.0
vt 3.0 0.0
vt 0.0 0.0
vt 0.0 -1.0
vt 3.0 -1.0
vt 3.0 0.0
vt 0.0 0.0
vt 0.0 -1.0
vt 3.0 -1.0
vt 3.0 0.0
vt 0.0 0.0
vt 0.0 -1.0
vt 3.0 -1.0
vt 1.0 0.0
vt 0.0 0.0
vt 0.0 -1.0
vt 1.0 -1.0
vt 1.0 0.0
vt 0.0 0.0
vt 0.0 -1.0
vt 1.0 -1.0
vt 1.0 0.0
vt 0.0 0.0
vt 0.0 -1.0
vt 1.0 -1.0
vt 2.0 0.0
vt 0.0 0.0
vt 0.0 -1.0
vt 2.0 -1.0
vt 2.0 0.0
vt 0.0 0.0
vt 0.0 -1.0
vt 2.0 -1.0
vt 2.0 0.0
vt 0.0 0.0
vt 0.0 -1.0
vt 2.0 -1.0
vt 1.0 0.0
vt 0.0 0.0
vt 0.0 -2.0
vt 1.0 -2.0
vt 1.0 0.0
vt 0.0 0.0
vt 0.0 -2.0
vt 1.0 -2.0
vt 1.0 0.0
vt 0.0 0.0
vt 0.0 -2.0
vt 1.0 -2.0
vt 1.0 0.0
vt 0.0 0.0
vt 0.0 -2.0
vt 1.0 -2.0
vt 1.0 0.0
vt 0.0 0.0
vt 0.0 -2.0
vt 1.0 -2.0
vt 1.0 0.0
vt 0.0 0.0
vt 0.0 -2.0
vt 1.0 -2.0
vt 1.0 0.0
vt 0.0 0.0
vt 0.0 -1.0
vt 1.0 -1.0
vt 1.0 0.0
vt 0.0 0.0
vt 0.0 -1.0
vt 1.0 -1.0
vt 1.0 0.0
vt 0.0 0.0
vt 0.0 -1.0
vt 1.0 -1.0
vt 1.0 0.0
vt 0.0 0.0
vt 0.0 -1.0
vt 1.0 -1.0
vt 1.0 0.0
vt 0.0 0.0
vt 0.0 -1.0
vt 1.0 -1.0
vt 1.0 0.0
vt 0.0 0.0
vt 0.0 -1.0
vt 1.0 -1.0
vt 1.0 0.0
vt 0.0 0.0
vt 0.0 -3.0
vt 1.0 -3.0
vt 1.0 0.0
vt 0.0 0.0
vt 0.0 -3.0
vt 1.0 -3.0
vt 1.0 0.0
vt 0.0 0.0
vt 0.0 -3.0
vt 1.0 -3.0
vt 1.0 0.0
vt 0.0 0.0
vt 0.0 -3.0
vt 1.0 -3.0
vt 1.0 0.0
vt 0.0 0.0
vt 0.0 -3.0
vt 1.0 -3.0
vt 1.0 0.0
vt 0.0 0.0
vt 0.0 -3.0
vt 1.0 -3.0
vt 1.0 0.0
vt 0.0 0.0
vt 0.0 -1.0
vt 1.0 -1.0
vt 1.0 0.0
vt 0.0 0.0
vt 0.0 -1.0
vt 1.0 -1.0
vt 1.0 0.0
vt 0.0 0.0
vt 0.0 -1.0
vt 1.0 -1.0
vt 5.0 0.0
vt 0.0 0.0
vt 0.0 -1.0
vt 5.0 -1.0
vt 5.0 0.0
vt 0.0 0.0
vt 0.0 -1.0
vt 5.0 -1.0
vt 5.0 0.0
vt 0.0 0.0
vt 0.0 -1.0
vt 5.0 -1.0
vt 2.0 0.0
vt 0.0 0.0
vt 0.0 -2.0
vt 2.0 -2.0
vt 2.0 0.0
vt 0.0 0.0
vt 0.0 -2.0
vt 2.0 -2.0
vt 2.0 0.0
vt 0.0 0.0
vt 0.0 -2.0
vt 2.0 -2.0
vt 1.0 0.0
vt 0.0 0.0
vt 0.0 -6.0
vt 1.0 -6.0
vt 1.0 0.0
vt 0.0 0.0
vt 0.0 -6.0
vt 1.0 -6.0
vt 1.0 0.0
vt 0.0 0.0
vt 0.0 -6.0
vt 1.0 -6.0
vt 0.542969 -0.62793
vt 0.189453 -0.62793
vt 0.34375 -0.1875
vt 0.542969 -0.1875
vt 0.042969 -0.62793
vt 0.144531 -0.977539
vt -0.019531 -0.977539
vt 0.895508 -0.62793
vt 0.94043 -0.977539
vt 1.105469 -0.977539
vt 1.106445 -0.457031
vt 0.94043 -0.977539
vt 0.542969 -0.977539
vt 0.895508 -0.62793
vt 0.261719 -0.1875
vt 0.741211 -0.1875
vt 0.34375 -0.1875
vt 0.144531 -0.977539
vt 0.542969 -0.977539
vt 0.722656 -0.442383
vt 0.542969 0.0
vt 1.000977 -0.420898
vt 0.99707 -0.575195
vt 0.685547 -0.015625
vt 0.321289 -0.06543
vt 0.420898 -0.204102
vt 1.004883 -0.558594
vt 0.879883 -0.181641
vt 1.0 -0.990234
vt 0.5 0.570312
vt 0.0 -0.990234
vt 1.0 -0.990234
vt 0.0 -0.990234
vt 1.0 -0.990234
vt 0.0 -0.990234
vt 1.0 -0.990234
vt 0.0 -0.990234
vt 1.0 -0.990234
vt 0.0 -0.990234
vt 1.0 -0.990234
vt 0.0 -0.990234
vt 1.0 -0.990234
vt 0.0 -0.990234
vt 1.0 -0.990234
vt 0.0 -0.990234
vt 1.0 -0.990234
vt 0.0 -0.990234
vt 1.0 -0.990234
vt 0.0 -0.990234
vt 1.0 -0.990234
vt 0.0 -0.990234
vt 1.0 -0.990234
vt 0.0 -0.990234
vt 4.0 0.0
vt 0.0 0.0
vt 0.0 -1.0
vt 4.0 -1.0
vt 4.0 0.0
vt 0.0 0.0
vt 0.0 -1.0
vt 4.0 -1.0
vt 4.0 0.0
vt 0.0 0.0
vt 0.0 -1.0
vt 4.0 -1.0
vt 3.0 0.0
vt 0.0 0.0
vt 0.0 -1.0
vt 3.0 -1.0
vt 3.0 0.0
vt 0.0 0.0
vt 0.0 -1.0
vt 3.0 -1.0
vt 3.0 0.0
vt 0.0 0.0
vt 0.0 -1.0
vt 3.0 -1.0
vt 1.0 0.0
vt 0.0 0.0
vt 0.0 -3.0
vt 1.0 -3.0
vt 1.0 0.0
vt 0.0 0.0
vt 0.0 -3.0
vt 1.0 -3.0
vt 1.0 0.0
vt 0.0 0.0
vt 0.0 -3.0
vt 1.0 -3.0
vt 3.0 0.0
vt 0.0 0.0
vt 0.0 -1.0
vt 3.0 -1.0
vt 3.0 0.0
vt 0.0 0.0
vt 0.0 -1.0
vt 3.0 -1.0
vt 3.0 0.0
vt 0.0 0.0
vt 0.0 -1.0
vt 3.0 -1.0
vt 2.0 0.0
vt 0.0 0.0
vt 0.0 -1.0
vt 2.0 -1.0
vt 2.0 0.0
vt 0.0 0.0
vt 0.0 -1.0
vt 2.0 -1.0
vt 2.0 0.0
vt 0.0 0.0
vt 0.0 -1.0
vt 2.0 -1.0
vt 1.0 0.0
vt 0.0 0.0
vt 0.0 -1.0
vt 1.0 -1.0
vt 1.0 0.0
vt 0.0 0.0
vt 0.0 -1.0
vt 1.0 -1.0
vt 1.0 0.0
vt 0.0 0.0
vt 0.0 -1.0
vt 1.0 -1.0
vt 1.0 0.0
vt 0.0 0.0
vt 0.0 -1.0
vt 1.0 -1.0
vt 1.0 0.0
vt 0.0 0.0
vt 0.0 -1.0
vt 1.0 -1.0
vt 1.0 0.0
vt 0.0 0.0
vt 0.0 -1.0
vt 1.0 -1.0
vt 1.0 0.0
vt 0.0 0.0
vt 0.0 -1.0
vt 1.0 -1.0
vt 1.0 0.0
vt 0.0 0.0
vt 0.0 -1.0
vt 1.0 -1.0
vt 1.0 0.0
vt 0.0 0.0
vt 0.0 -1.0
vt 1.0 -1.0
vt 1.0 0.0
vt 0.0 0.0
vt 0.0 -1.0
vt 1.0 -1.0
vt 1.0 0.0
vt 0.0 0.0
vt 0.0 -1.0
vt 1.0 -1.0
vt 1.0 0.0
vt 0.0 0.0
vt 0.0 -1.0
vt 1.0 -1.0
vt 0.542969 -0.62793
vt 0.189453 -0.62793
vt 0.34375 -0.1875
vt 0.542969 -0.1875
vt 0.042969 -0.62793
vt 0.144531 -0.977539
vt -0.019531 -0.977539
vt 0.895508 -0.62793
vt 0.94043 -0.977539
vt 1.105469 -0.977539
vt 1.106445 -0.457031
vt 0.94043 -0.977539
vt 0.542969 -0.977539
vt 0.895508 -0.62793
vt 0.261719 -0.1875
vt 0.741211 -0.1875
vt 0.34375 -0.1875
vt 0.144531 -0.977539
vt 0.542969 -0.977539
vt 0.722656 -0.442383
vt 0.542969 0.0
vt 1.000977 -0.420898
vt 0.99707 -0.575195
vt 0.685547 -0.015625
vt 0.321289 -0.06543
vt 0.420898 -0.204102
vt 1.004883 -0.558594
vt 0.879883 -0.181641
vt 1.0 -0.990234
vt 0.5 0.570312
vt 0.0 -0.990234
vt 1.0 -0.990234
vt 0.0 -0.990234
vt 1.0 -0.990234
vt 0.0 -0.990234
vt 1.0 -0.990234
vt 0.0 -0.990234
vt 1.0 -0.990234
vt 0.0 -0.990234
vt 1.0 -0.990234
vt 0.0 -0.990234
vt 1.0 -0.990234
vt 0.0 -0.990234
vt 1.0 -0.990234
vt 0.0 -0.990234
vt 1.0 -0.990234
vt 0.0 -0.990234
vt 1.0 -0.990234
vt 0.0 -0.990234
vt 1.0 -0.990234
vt 0.0 -0.990234
vt 1.0 -0.990234
vt 0.0 -0.990234
vt 0.5 -0.894531
vt 0.5 -0.597656
vt 0.0 -0.597656
vt 0.0 -0.894531
vt 0.5 -0.515625
vt 0.0 -0.515625
vt 0.5 -0.894531
vt 0.0 -0.894531
vt 0.0 -0.988281
vt 0.5 -0.988281
vt 0.0 8.0
vt 0.0 0.0
vt 1.0 0.0
vt 1.0 8.0
vt 0.0 8.0
vt 0.0 0.0
vt 2.0 0.0
vt 2.0 8.0
vt 0.0 7.0
vt 0.0 0.0
vt 1.0 0.0
vt 1.0 7.0
vt 0.753906 -0.599609
vt 1.0 -0.599609
vt 1.0 -0.513672
vt 0.5 -0.513672
vt 1.0 -0.599609
vt 1.279297 -0.599609
vt 1.5 -0.513672
vt 1.0 -0.513672
vt 0.4375 -0.59375
vt 0.4375 -0.890625
vt 0.285156 -0.59375
vt 0.285156 -0.890625
vt 0.4375 -0.890625
vt 0.4375 -0.394531
vt 0.285156 -0.394531
vt 0.285156 -0.486328
vt 0.4375 -0.394531
vt 0.4375 -0.59375
vt 0.285156 -0.59375
vt 0.4375 -0.890625
vt 3.0 -0.894531
vt 3.0 -0.597656
vt 0.0 -0.597656
vt 0.0 -0.894531
vt 3.0 -0.515625
vt 0.0 -0.515625
vt 3.0 -0.894531
vt 0.0 -0.894531
vt 0.0 -0.988281
vt 3.0 -0.988281
vt 0.841797 -0.986328
vt 0.998047 -0.986328
vt 0.966797 -0.892578
vt 0.841797 -0.892578
vt 0.498047 -0.986328
vt 0.654297 -0.986328
vt 0.654297 -0.892578
vt 0.529297 -0.892578
vt -0.470703 -1.392578
vt -0.345703 -1.392578
vt -0.345703 -1.105469
vt -0.158203 -1.392578
vt -0.158203 -1.105469
vt -0.033203 -1.392578
vt -0.158203 -0.609375
vt -0.251953 -0.515625
vt -0.345703 -0.609375
vt 1.0 0.5
vt 1.0 0.0
vt 1.03125 0.1875
vt 1.15625 0.03125
vt 1.5 0.0
vt 0.841797 -0.986328
vt 0.998047 -0.986328
vt 0.966797 -0.892578
vt 0.841797 -0.892578
vt 0.498047 -0.986328
vt 0.654297 -0.986328
vt 0.654297 -0.892578
vt 0.529297 -0.892578
vt -0.470703 -1.392578
vt -0.345703 -1.392578
vt -0.345703 -1.105469
vt -0.158203 -1.392578
vt -0.158203 -1.105469
vt -0.033203 -1.392578
vt -0.158203 -0.609375
vt -0.251953 -0.515625
vt -0.345703 -0.609375
vt 1.0 0.5
vt 1.0 0.0
vt 1.03125 0.1875
vt 1.15625 0.03125
vt 1.5 0.0
vt 2.0 -0.894531
vt 2.0 -0.597656
vt 0.0 -0.597656
vt 0.0 -0.894531
vt 2.0 -0.515625
vt 0.0 -0.515625
vt 2.0 -0.894531
vt 0.0 -0.894531
vt 0.0 -0.988281
vt 2.0 -0.988281
vt 0.753906 -0.599609
vt 1.0 -0.599609
vt 1.0 -0.513672
vt 0.5 -0.513672
vt 1.0 -0.599609
vt 1.279297 -0.599609
vt 1.5 -0.513672
vt 1.0 -0.513672
vt 0.4375 -0.59375
vt 0.4375 -0.890625
vt 0.285156 -0.59375
vt 0.285156 -0.890625
vt 0.4375 -0.890625
vt 0.4375 -0.394531
vt 0.285156 -0.394531
vt 0.285156 -0.486328
vt 0.4375 -0.394531
vt 0.4375 -0.59375
vt 0.285156 -0.59375
vt 0.4375 -0.890625
vt 0.0 3.0
vt 0.0 0.0
vt 1.0 0.0
vt 1.0 3.0
vt 0.0 3.0
vt 0.0 0.0
vt 1.0 0.0
vt 1.0 3.0
vt 0.753906 -0.599609
vt 1.0 -0.599609
vt 1.0 -0.513672
vt 0.5 -0.513672
vt 1.0 -0.599609
vt 1.279297 -0.599609
vt 1.5 -0.513672
vt 1.0 -0.513672
vt 0.4375 -0.59375
vt 0.4375 -0.890625
vt 0.285156 -0.59375
vt 0.285156 -0.890625
vt 0.4375 -0.890625
vt 0.4375 -0.394531
vt 0.285156 -0.394531
vt 0.285156 -0.486328
vt 0.4375 -0.394531
vt 0.4375 -0.59375
vt 0.285156 -0.59375
vt 0.4375 -0.890625
vt 1.5 -0.894531
vt 1.5 -0.597656
vt 0.0 -0.597656
vt 0.0 -0.894531
vt 1.5 -0.515625
vt 0.0 -0.515625
vt 1.5 -0.894531
vt 0.0 -0.894531
vt 0.0 -0.988281
vt 1.5 -0.988281
vt 0.841797 -0.986328
vt 0.998047 -0.986328
vt 0.966797 -0.892578
vt 0.841797 -0.892578
vt 0.498047 -0.986328
vt 0.654297 -0.986328
vt 0.654297 -0.892578
vt 0.529297 -0.892578
vt -0.470703 -1.392578
vt -0.345703 -1.392578
vt -0.345703 -1.105469
vt -0.158203 -1.392578
vt -0.158203 -1.105469
vt -0.033203 -1.392578
vt -0.158203 -0.609375
vt -0.251953 -0.515625
vt -0.345703 -0.609375
vt 1.0 0.5
vt 1.0 0.0
vt 1.03125 0.1875
vt 1.15625 0.03125
vt 1.5 0.0
vt 0.0 3.0
vt 0.0 0.0
vt 8.0 0.0
vt 8.0 3.0
vt 0.0 4.0
vt 0.0 0.0
vt 6.0 0.0
vt 6.0 4.0
vt 0.0 5.0
vt 0.0 0.0
vt 4.0 0.0
vt 4.0 5.0
vt 0.841797 -0.986328
vt 0.998047 -0.986328
vt 0.966797 -0.892578
vt 0.841797 -0.892578
vt 0.498047 -0.986328
vt 0.654297 -0.986328
vt 0.654297 -0.892578
vt 0.529297 -0.892578
vt -0.470703 -1.392578
vt -0.345703 -1.392578
vt -0.345703 -1.105469
vt -0.158203 -1.392578
vt -0.158203 -1.105469
vt -0.033203 -1.392578
vt -0.158203 -0.609375
vt -0.251953 -0.515625
vt -0.345703 -0.609375
vt 1.0 0.5
vt 1.0 0.0
vt 1.03125 0.1875
vt 1.15625 0.03125
vt 1.5 0.0
vt 1.5 -0.894531
vt 1.5 -0.597656
vt 0.0 -0.597656
vt 0.0 -0.894531
vt 1.5 -0.515625
vt 0.0 -0.515625
vt 1.5 -0.894531
vt 0.0 -0.894531
vt 0.0 -0.988281
vt 1.5 -0.988281
vt 0.753906 -0.599609
vt 1.0 -0.599609
vt 1.0 -0.513672
vt 0.5 -0.513672
vt 1.0 -0.599609
vt 1.279297 -0.599609
vt 1.5 -0.513672
vt 1.0 -0.513672
vt 0.4375 -0.59375
vt 0.4375 -0.890625
vt 0.285156 -0.59375
vt 0.285156 -0.890625
vt 0.4375 -0.890625
vt 0.4375 -0.394531
vt 0.285156 -0.394531
vt 0.285156 -0.486328
vt 0.4375 -0.394531
vt 0.4375 -0.59375
vt 0.285156 -0.59375
vt 0.4375 -0.890625
vt 0.0 8.0
vt 0.0 0.0
vt 1.0 0.0
vt 1.0 8.0
vt 0.753906 -0.599609
vt 1.0 -0.599609
vt 1.0 -0.513672
vt 0.5 -0.513672
vt 1.0 -0.599609
vt 1.279297 -0.599609
vt 1.5 -0.513672
vt 1.0 -0.513672
vt 0.4375 -0.59375
vt 0.4375 -0.890625
vt 0.285156 -0.59375
vt 0.285156 -0.890625
vt 0.4375 -0.890625
vt 0.4375 -0.394531
vt 0.285156 -0.394531
vt 0.285156 -0.486328
vt 0.4375 -0.394531
vt 0.4375 -0.59375
vt 0.285156 -0.59375
vt 0.4375 -0.890625
vt 0.5 -0.894531
vt 0.5 -0.597656
vt 0.0 -0.597656
vt 0.0 -0.894531
vt 0.5 -0.515625
vt 0.0 -0.515625
vt 0.5 -0.894531
vt 0.0 -0.894531
vt 0.0 -0.988281
vt 0.5 -0.988281
vt 0.841797 -0.986328
vt 0.998047 -0.986328
vt 0.966797 -0.892578
vt 0.841797 -0.892578
vt 0.498047 -0.986328
vt 0.654297 -0.986328
vt 0.654297 -0.892578
vt 0.529297 -0.892578
vt -0.470703 -1.392578
vt -0.345703 -1.392578
vt -0.345703 -1.105469
vt -0.158203 -1.392578
vt -0.158203 -1.105469
vt -0.033203 -1.392578
vt -0.158203 -0.609375
vt -0.251953 -0.515625
vt -0.345703 -0.609375
vt 1.0 0.5
vt 1.0 0.0
vt 1.03125 0.1875
vt 1.15625 0.03125
vt 1.5 0.0
vt 0.0 4.0
vt 0.0 0.0
vt 7.0 0.0
vt 7.0 4.0
vt 0.0 4.0
vt 0.0 0.0
vt 5.0 0.0
vt 5.0 4.0
vt 0.841797 -0.986328
vt 0.998047 -0.986328
vt 0.966797 -0.892578
vt 0.841797 -0.892578
vt 0.498047 -0.986328
vt 0.654297 -0.986328
vt 0.654297 -0.892578
vt 0.529297 -0.892578
vt -0.470703 -1.392578
vt -0.345703 -1.392578
vt -0.345703 -1.105469
vt -0.158203 -1.392578
vt -0.158203 -1.105469
vt -0.033203 -1.392578
vt -0.158203 -0.609375
vt -0.251953 -0.515625
vt -0.345703 -0.609375
vt 1.0 0.5
vt 1.0 0.0
vt 1.03125 0.1875
vt 1.15625 0.03125
vt 1.5 0.0
vt 4.0 -0.894531
vt 4.0 -0.597656
vt 0.0 -0.597656
vt 0.0 -0.894531
vt 4.0 -0.515625
vt 0.0 -0.515625
vt 4.0 -0.894531
vt 0.0 -0.894531
vt 0.0 -0.988281
vt 4.0 -0.988281
vt 0.841797 -0.986328
vt 0.998047 -0.986328
vt 0.966797 -0.892578
vt 0.841797 -0.892578
vt 0.498047 -0.986328
vt 0.654297 -0.986328
vt 0.654297 -0.892578
vt 0.529297 -0.892578
vt -0.470703 -1.392578
vt -0.345703 -1.392578
vt -0.345703 -1.105469
vt -0.158203 -1.392578
vt -0.158203 -1.105469
vt -0.033203 -1.392578
vt -0.158203 -0.609375
vt -0.251953 -0.515625
vt -0.345703 -0.609375
vt 1.0 0.5
vt 1.0 0.0
vt 1.03125 0.1875
vt 1.15625 0.03125
vt 1.5 0.0
vt 0.0 2.0
vt 0.0 0.0
vt 5.0 0.0
vt 5.0 2.0
vt 0.0 8.0
vt 0.0 0.0
vt 3.0 0.0
vt 3.0 8.0
vt 0.0 2.0
vt 0.0 0.0
vt 3.0 0.0
vt 3.0 2.0
vt 1.5 -0.894531
vt 1.5 -0.597656
vt 0.0 -0.597656
vt 0.0 -0.894531
vt 1.5 -0.515625
vt 0.0 -0.515625
vt 1.5 -0.894531
vt 0.0 -0.894531
vt 0.0 -0.988281
vt 1.5 -0.988281
vt 0.753906 -0.599609
vt 1.0 -0.599609
vt 1.0 -0.513672
vt 0.5 -0.513672
vt 1.0 -0.599609
vt 1.279297 -0.599609
vt 1.5 -0.513672
vt 1.0 -0.513672
vt 0.4375 -0.59375
vt 0.4375 -0.890625
vt 0.285156 -0.59375
vt 0.285156 -0.890625
vt 0.4375 -0.890625
vt 0.4375 -0.394531
vt 0.285156 -0.394531
vt 0.285156 -0.486328
vt 0.4375 -0.394531
vt 0.4375 -0.59375
vt 0.285156 -0.59375
vt 0.4375 -0.890625
vt 0.0 1.0
vt 0.0 0.0
vt 2.0 0.0
vt 2.0 1.0
vt 0.0 3.0
vt 0.0 0.0
vt 8.0 0.0
vt 8.0 3.0
vt 0.5 -0.894531
vt 0.5 -0.597656
vt 0.0 -0.597656
vt 0.0 -0.894531
vt 0.5 -0.515625
vt 0.0 -0.515625
vt 0.5 -0.894531
vt 0.0 -0.894531
vt 0.0 -0.988281
vt 0.5 -0.988281
vt 0.0 5.0
vt 0.0 0.0
vt 1.0 0.0
vt 1.0 5.0
vt 0.753906 -0.599609
vt 1.0 -0.599609
vt 1.0 -0.513672
vt 0.5 -0.513672
vt 1.0 -0.599609
vt 1.279297 -0.599609
vt 1.5 -0.513672
vt 1.0 -0.513672
vt 0.4375 -0.59375
vt 0.4375 -0.890625
vt 0.285156 -0.59375
vt 0.285156 -0.890625
vt 0.4375 -0.890625
vt 0.4375 -0.394531
vt 0.285156 -0.394531
vt 0.285156 -0.486328
vt 0.4375 -0.394531
vt 0.4375 -0.59375
vt 0.285156 -0.59375
vt 0.4375 -0.890625
vt 1.5 -0.894531
vt 1.5 -0.597656
vt 0.0 -0.597656
vt 0.0 -0.894531
vt 1.5 -0.515625
vt 0.0 -0.515625
vt 1.5 -0.894531
vt 0.0 -0.894531
vt 0.0 -0.988281
vt 1.5 -0.988281
vt 0.753906 -0.599609
vt 1.0 -0.599609
vt 1.0 -0.513672
vt 0.5 -0.513672
vt 1.0 -0.599609
vt 1.279297 -0.599609
vt 1.5 -0.513672
vt 1.0 -0.513672
vt 0.4375 -0.59375
vt 0.4375 -0.890625
vt 0.285156 -0.59375
vt 0.285156 -0.890625
vt 0.4375 -0.890625
vt 0.4375 -0.394531
vt 0.285156 -0.394531
vt 0.285156 -0.486328
vt 0.4375 -0.394531
vt 0.4375 -0.59375
vt 0.285156 -0.59375
vt 0.4375 -0.890625
vt 0.753906 -0.599609
vt 1.0 -0.599609
vt 1.0 -0.513672
vt 0.5 -0.513672
vt 1.0 -0.599609
vt 1.279297 -0.599609
vt 1.5 -0.513672
vt 1.0 -0.513672
vt 0.4375 -0.59375
vt 0.4375 -0.890625
vt 0.285156 -0.59375
vt 0.285156 -0.890625
vt 0.4375 -0.890625
vt 0.4375 -0.394531
vt 0.285156 -0.394531
vt 0.285156 -0.486328
vt 0.4375 -0.394531
vt 0.4375 -0.59375
vt 0.285156 -0.59375
vt 0.4375 -0.890625
vt 1.5 -0.894531
vt 1.5 -0.597656
vt 0.0 -0.597656
vt 0.0 -0.894531
vt 1.5 -0.515625
vt 0.0 -0.515625
vt 1.5 -0.894531
vt 0.0 -0.894531
vt 0.0 -0.988281
vt 1.5 -0.988281
vt 0.841797 -0.986328
vt 0.998047 -0.986328
vt 0.966797 -0.892578
vt 0.841797 -0.892578
vt 0.498047 -0.986328
vt 0.654297 -0.986328
vt 0.654297 -0.892578
vt 0.529297 -0.892578
vt -0.470703 -1.392578
vt -0.345703 -1.392578
vt -0.345703 -1.105469
vt -0.158203 -1.392578
vt -0.158203 -1.105469
vt -0.033203 -1.392578
vt -0.158203 -0.609375
vt -0.251953 -0.515625
vt -0.345703 -0.609375
vt 1.0 0.5
vt 1.0 0.0
vt 1.03125 0.1875
vt 1.15625 0.03125
vt 1.5 0.0
vt 4.0 -0.894531
vt 4.0 -0.597656
vt 0.0 -0.597656
vt 0.0 -0.894531
vt 4.0 -0.515625
vt 0.0 -0.515625
vt 4.0 -0.894531
vt 0.0 -0.894531
vt 0.0 -0.988281
vt 4.0 -0.988281
vt 1.0 -0.894531
vt 1.0 -0.597656
vt 0.0 -0.597656
vt 0.0 -0.894531
vt 1.0 -0.515625
vt 0.0 -0.515625
vt 1.0 -0.894531
vt 0.0 -0.894531
vt 0.0 -0.988281
vt 1.0 -0.988281
vt 0.841797 -0.986328
vt 0.998047 -0.986328
vt 0.966797 -0.892578
vt 0.841797 -0.892578
vt 0.498047 -0.986328
vt 0.654297 -0.986328
vt 0.654297 -0.892578
vt 0.529297 -0.892578
vt -0.470703 -1.392578
vt -0.345703 -1.392578
vt -0.345703 -1.105469
vt -0.158203 -1.392578
vt -0.158203 -1.105469
vt -0.033203 -1.392578
vt -0.158203 -0.609375
vt -0.251953 -0.515625
vt -0.345703 -0.609375
vt 1.0 0.5
vt 1.0 0.0
vt 1.03125 0.1875
vt 1.15625 0.03125
vt 1.5 0.0
vt 0.0 3.0
vt 0.0 0.0
vt 8.0 0.0
vt 8.0 3.0
vt 0.841797 -0.986328
vt 0.998047 -0.986328
vt 0.966797 -0.892578
vt 0.841797 -0.892578
vt 0.498047 -0.986328
vt 0.654297 -0.986328
vt 0.654297 -0.892578
vt 0.529297 -0.892578
vt -0.470703 -1.392578
vt -0.345703 -1.392578
vt -0.345703 -1.105469
vt -0.158203 -1.392578
vt -0.158203 -1.105469
vt -0.033203 -1.392578
vt -0.158203 -0.609375
vt -0.251953 -0.515625
vt -0.345703 -0.609375
vt 1.0 0.5
vt 1.0 0.0
vt 1.03125 0.1875
vt 1.15625 0.03125
vt 1.5 0.0
vt 0.753906 -0.599609
vt 1.0 -0.599609
vt 1.0 -0.513672
vt 0.5 -0.513672
vt 1.0 -0.599609
vt 1.279297 -0.599609
vt 1.5 -0.513672
vt 1.0 -0.513672
vt 0.4375 -0.59375
vt 0.4375 -0.890625
vt 0.285156 -0.59375
vt 0.285156 -0.890625
vt 0.4375 -0.890625
vt 0.4375 -0.394531
vt 0.285156 -0.394531
vt 0.285156 -0.486328
vt 0.4375 -0.394531
vt 0.4375 -0.59375
vt 0.285156 -0.59375
vt 0.4375 -0.890625
vt 0.0 1.0
vt 0.0 0.0
vt 1.0 0.0
vt 1.0 1.0
vt 0.5 -0.894531
vt 0.5 -0.597656
vt 0.0 -0.597656
vt 0.0 -0.894531
vt 0.5 -0.515625
vt 0.0 -0.515625
vt 0.5 -0.894531
vt 0.0 -0.894531
vt 0.0 -0.988281
vt 0.5 -0.988281
vt 0.0 3.0
vt 0.0 0.0
vt 8.0 0.0
vt 8.0 3.0
vt 0.0 8.0
vt 0.0 0.0
vt 6.0 0.0
vt 6.0 8.0
vt 0.0 4.0
vt 0.0 0.0
vt 7.0 0.0
vt 7.0 4.0
vt 0.0 1.0
vt 0.0 0.0
vt 8.0 0.0
vt 8.0 1.0
vt 0.841797 -0.986328
vt 0.998047 -0.986328
vt 0.966797 -0.892578
vt 0.841797 -0.892578
vt 0.498047 -0.986328
vt 0.654297 -0.986328
vt 0.654297 -0.892578
vt 0.529297 -0.892578
vt -0.470703 -1.392578
vt -0.345703 -1.392578
vt -0.345703 -1.105469
vt -0.158203 -1.392578
vt -0.158203 -1.105469
vt -0.033203 -1.392578
vt -0.158203 -0.609375
vt -0.251953 -0.515625
vt -0.345703 -0.609375
vt 1.0 0.5
vt 1.0 0.0
vt 1.03125 0.1875
vt 1.15625 0.03125
vt 1.5 0.0
vt 4.0 -0.894531
vt 4.0 -0.597656
vt 0.0 -0.597656
vt 0.0 -0.894531
vt 4.0 -0.515625
vt 0.0 -0.515625
vt 4.0 -0.894531
vt 0.0 -0.894531
vt 0.0 -0.988281
vt 4.0 -0.988281
vt 0.841797 -0.986328
vt 0.998047 -0.986328
vt 0.966797 -0.892578
vt 0.841797 -0.892578
vt 0.498047 -0.986328
vt 0.654297 -0.986328
vt 0.654297 -0.892578
vt 0.529297 -0.892578
vt -0.470703 -1.392578
vt -0.345703 -1.392578
vt -0.345703 -1.105469
vt -0.158203 -1.392578
vt -0.158203 -1.105469
vt -0.033203 -1.392578
vt -0.158203 -0.609375
vt -0.251953 -0.515625
vt -0.345703 -0.609375
vt 1.0 0.5
vt 1.0 0.0
vt 1.03125 0.1875
vt 1.15625 0.03125
vt 1.5 0.0
vt 0.0 8.0
vt 0.0 0.0
vt 6.0 0.0
vt 6.0 8.0
vt 0.0 2.0
vt 0.0 0.0
vt 6.0 0.0
vt 6.0 2.0
vt 2.5 -0.894531
vt 2.5 -0.597656
vt 0.0 -0.597656
vt 0.0 -0.894531
vt 2.5 -0.515625
vt 0.0 -0.515625
vt 2.5 -0.894531
vt 0.0 -0.894531
vt 0.0 -0.988281
vt 2.5 -0.988281
vt 0.753906 -0.599609
vt 1.0 -0.599609
vt 1.0 -0.513672
vt 0.5 -0.513672
vt 1.0 -0.599609
vt 1.279297 -0.599609
vt 1.5 -0.513672
vt 1.0 -0.513672
vt 0.4375 -0.59375
vt 0.4375 -0.890625
vt 0.285156 -0.59375
vt 0.285156 -0.890625
vt 0.4375 -0.890625
vt 0.4375 -0.394531
vt 0.285156 -0.394531
vt 0.285156 -0.486328
vt 0.4375 -0.394531
vt 0.4375 -0.59375
vt 0.285156 -0.59375
vt 0.4375 -0.890625
vt 0.0 5.0
vt 0.0 0.0
vt 1.0 0.0
vt 1.0 5.0
vt 0.0 5.0
vt 0.0 0.0
vt 8.0 0.0
vt 8.0 5.0
vt 0.841797 -0.986328
vt 0.998047 -0.986328
vt 0.966797 -0.892578
vt 0.841797 -0.892578
vt 0.498047 -0.986328
vt 0.654297 -0.986328
vt 0.654297 -0.892578
vt 0.529297 -0.892578
vt -0.470703 -1.392578
vt -0.345703 -1.392578
vt -0.345703 -1.105469
vt -0.158203 -1.392578
vt -0.158203 -1.105469
vt -0.033203 -1.392578
vt -0.158203 -0.609375
vt -0.251953 -0.515625
vt -0.345703 -0.609375
vt 1.0 0.5
vt 1.0 0.0
vt 1.03125 0.1875
vt 1.15625 0.03125
vt 1.5 0.0
vt 4.0 -0.894531
vt 4.0 -0.597656
vt 0.0 -0.597656
vt 0.0 -0.894531
vt 4.0 -0.515625
vt 0.0 -0.515625
vt 4.0 -0.894531
vt 0.0 -0.894531
vt 0.0 -0.988281
vt 4.0 -0.988281
vt 1.0 -0.894531
vt 1.0 -0.597656
vt 0.0 -0.597656
vt 0.0 -0.894531
vt 1.0 -0.515625
vt 0.0 -0.515625
vt 1.0 -0.894531
vt 0.0 -0.894531
vt 0.0 -0.988281
vt 1.0 -0.988281
vt 0.753906 -0.599609
vt 1.0 -0.599609
vt 1.0 -0.513672
vt 0.5 -0.513672
vt 1.0 -0.599609
vt 1.279297 -0.599609
vt 1.5 -0.513672
vt 1.0 -0.513672
vt 0.4375 -0.59375
vt 0.4375 -0.890625
vt 0.285156 -0.59375
vt 0.285156 -0.890625
vt 0.4375 -0.890625
vt 0.4375 -0.394531
vt 0.285156 -0.394531
vt 0.285156 -0.486328
vt 0.4375 -0.394531
vt 0.4375 -0.59375
vt 0.285156 -0.59375
vt 0.4375 -0.890625
vt 0.0 1.0
vt 0.0 0.0
vt 1.0 0.0
vt 1.0 1.0
vt 0.0 7.0
vt 0.0 0.0
vt 1.0 0.0
vt 1.0 7.0
vt 0.753906 -0.599609
vt 1.0 -0.599609
vt 1.0 -0.513672
vt 0.5 -0.513672
vt 1.0 -0.599609
vt 1.279297 -0.599609
vt 1.5 -0.513672
vt 1.0 -0.513672
vt 0.4375 -0.59375
vt 0.4375 -0.890625
vt 0.285156 -0.59375
vt 0.285156 -0.890625
vt 0.4375 -0.890625
vt 0.4375 -0.394531
vt 0.285156 -0.394531
vt 0.285156 -0.486328
vt 0.4375 -0.394531
vt 0.4375 -0.59375
vt 0.285156 -0.59375
vt 0.4375 -0.890625
vt 2.5 -0.894531
vt 2.5 -0.597656
vt 0.0 -0.597656
vt 0.0 -0.894531
vt 2.5 -0.515625
vt 0.0 -0.515625
vt 2.5 -0.894531
vt 0.0 -0.894531
vt 0.0 -0.988281
vt 2.5 -0.988281
vt 0.0 8.0
vt 0.0 0.0
vt 8.0 0.0
vt 8.0 8.0
vt 0.0 3.0
vt 0.0 0.0
vt 8.0 0.0
vt 8.0 3.0
vt 0.841797 -0.986328
vt 0.998047 -0.986328
vt 0.966797 -0.892578
vt 0.841797 -0.892578
vt 0.498047 -0.986328
vt 0.654297 -0.986328
vt 0.654297 -0.892578
vt 0.529297 -0.892578
vt -0.470703 -1.392578
vt -0.345703 -1.392578
vt -0.345703 -1.105469
vt -0.158203 -1.392578
vt -0.158203 -1.105469
vt -0.033203 -1.392578
vt -0.158203 -0.609375
vt -0.251953 -0.515625
vt -0.345703 -0.609375
vt 1.0 0.5
vt 1.0 0.0
vt 1.03125 0.1875
vt 1.15625 0.03125
vt 1.5 0.0
vt 4.0 -0.894531
vt 4.0 -0.597656
vt 0.0 -0.597656
vt 0.0 -0.894531
vt 4.0 -0.515625
vt 0.0 -0.515625
vt 4.0 -0.894531
vt 0.0 -0.894531
vt 0.0 -0.988281
vt 4.0 -0.988281
vt 0.5 -0.894531
vt 0.5 -0.597656
vt 0.0 -0.597656
vt 0.0 -0.894531
vt 0.5 -0.515625
vt 0.0 -0.515625
vt 0.5 -0.894531
vt 0.0 -0.894531
vt 0.0 -0.988281
vt 0.5 -0.988281
vt 0.841797 -0.986328
vt 0.998047 -0.986328
vt 0.966797 -0.892578
vt 0.841797 -0.892578
vt 0.498047 -0.986328
vt 0.654297 -0.986328
vt 0.654297 -0.892578
vt 0.529297 -0.892578
vt -0.470703 -1.392578
vt -0.345703 -1.392578
vt -0.345703 -1.105469
vt -0.158203 -1.392578
vt -0.158203 -1.105469
vt -0.033203 -1.392578
vt -0.158203 -0.609375
vt -0.251953 -0.515625
vt -0.345703 -0.609375
vt 1.0 0.5
vt 1.0 0.0
vt 1.03125 0.1875
vt 1.15625 0.03125
vt 1.5 0.0
vt 0.0 5.0
vt 0.0 0.0
vt 8.0 0.0
vt 8.0 5.0
vt 0.0 8.0
vt 0.0 0.0
vt 8.0 0.0
vt 8.0 8.0
vt 0.0 3.0
vt 0.0 0.0
vt 8.0 0.0
vt 8.0 3.0
vt 2.0 -0.894531
vt 2.0 -0.597656
vt 0.0 -0.597656
vt 0.0 -0.894531
vt 2.0 -0.515625
vt 0.0 -0.515625
vt 2.0 -0.894531
vt 0.0 -0.894531
vt 0.0 -0.988281
vt 2.0 -0.988281
vt 0.753906 -0.599609
vt 1.0 -0.599609
vt 1.0 -0.513672
vt 0.5 -0.513672
vt 1.0 -0.599609
vt 1.279297 -0.599609
vt 1.5 -0.513672
vt 1.0 -0.513672
vt 0.4375 -0.59375
vt 0.4375 -0.890625
vt 0.285156 -0.59375
vt 0.285156 -0.890625
vt 0.4375 -0.890625
vt 0.4375 -0.394531
vt 0.285156 -0.394531
vt 0.285156 -0.486328
vt 0.4375 -0.394531
vt 0.4375 -0.59375
vt 0.285156 -0.59375
vt 0.4375 -0.890625
vt 0.0 4.0
vt 0.0 0.0
vt 7.0 0.0
vt 7.0 4.0
vt 0.841797 -0.986328
vt 0.998047 -0.986328
vt 0.966797 -0.892578
vt 0.841797 -0.892578
vt 0.498047 -0.986328
vt 0.654297 -0.986328
vt 0.654297 -0.892578
vt 0.529297 -0.892578
vt -0.470703 -1.392578
vt -0.345703 -1.392578
vt -0.345703 -1.105469
vt -0.158203 -1.392578
vt -0.158203 -1.105469
vt -0.033203 -1.392578
vt -0.158203 -0.609375
vt -0.251953 -0.515625
vt -0.345703 -0.609375
vt 1.0 0.5
vt 1.0 0.0
vt 1.03125 0.1875
vt 1.15625 0.03125
vt 1.5 0.0
vt 4.0 -0.894531
vt 4.0 -0.597656
vt 0.0 -0.597656
vt 0.0 -0.894531
vt 4.0 -0.515625
vt 0.0 -0.515625
vt 4.0 -0.894531
vt 0.0 -0.894531
vt 0.0 -0.988281
vt 4.0 -0.988281
vt 0.5 -0.894531
vt 0.5 -0.597656
vt 0.0 -0.597656
vt 0.0 -0.894531
vt 0.5 -0.515625
vt 0.0 -0.515625
vt 0.5 -0.894531
vt 0.0 -0.894531
vt 0.0 -0.988281
vt 0.5 -0.988281
vt 0.753906 -0.599609
vt 1.0 -0.599609
vt 1.0 -0.513672
vt 0.5 -0.513672
vt 1.0 -0.599609
vt 1.279297 -0.599609
vt 1.5 -0.513672
vt 1.0 -0.513672
vt 0.4375 -0.59375
vt 0.4375 -0.890625
vt 0.285156 -0.59375
vt 0.285156 -0.890625
vt 0.4375 -0.890625
vt 0.4375 -0.394531
vt 0.285156 -0.394531
vt 0.285156 -0.486328
vt 0.4375 -0.394531
vt 0.4375 -0.59375
vt 0.285156 -0.59375
vt 0.4375 -0.890625
vt 0.0 1.0
vt 0.0 0.0
vt 1.0 0.0
vt 1.0 1.0
vt 0.0 1.0
vt 0.0 0.0
vt 1.0 0.0
vt 1.0 1.0
vt 0.753906 -0.599609
vt 1.0 -0.599609
vt 1.0 -0.513672
vt 0.5 -0.513672
vt 1.0 -0.599609
vt 1.279297 -0.599609
vt 1.5 -0.513672
vt 1.0 -0.513672
vt 0.4375 -0.59375
vt 0.4375 -0.890625
vt 0.285156 -0.59375
vt 0.285156 -0.890625
vt 0.4375 -0.890625
vt 0.4375 -0.394531
vt 0.285156 -0.394531
vt 0.285156 -0.486328
vt 0.4375 -0.394531
vt 0.4375 -0.59375
vt 0.285156 -0.59375
vt 0.4375 -0.890625
vt 1.5 -0.894531
vt 1.5 -0.597656
vt 0.0 -0.597656
vt 0.0 -0.894531
vt 1.5 -0.515625
vt 0.0 -0.515625
vt 1.5 -0.894531
vt 0.0 -0.894531
vt 0.0 -0.988281
vt 1.5 -0.988281
vt 0.0 8.0
vt 0.0 0.0
vt 6.0 0.0
vt 6.0 8.0
vt 0.0 2.0
vt 0.0 0.0
vt 6.0 0.0
vt 6.0 2.0
vt 0.841797 -0.986328
vt 0.998047 -0.986328
vt 0.966797 -0.892578
vt 0.841797 -0.892578
vt 0.498047 -0.986328
vt 0.654297 -0.986328
vt 0.654297 -0.892578
vt 0.529297 -0.892578
vt -0.470703 -1.392578
vt -0.345703 -1.392578
vt -0.345703 -1.105469
vt -0.158203 -1.392578
vt -0.158203 -1.105469
vt -0.033203 -1.392578
vt -0.158203 -0.609375
vt -0.251953 -0.515625
vt -0.345703 -0.609375
vt 1.0 0.5
vt 1.0 0.0
vt 1.03125 0.1875
vt 1.15625 0.03125
vt 1.5 0.0
vt 4.0 -0.894531
vt 4.0 -0.597656
vt 0.0 -0.597656
vt 0.0 -0.894531
vt 4.0 -0.515625
vt 0.0 -0.515625
vt 4.0 -0.894531
vt 0.0 -0.894531
vt 0.0 -0.988281
vt 4.0 -0.988281
vt 2.5 -0.894531
vt 2.5 -0.597656
vt 0.0 -0.597656
vt 0.0 -0.894531
vt 2.5 -0.515625
vt 0.0 -0.515625
vt 2.5 -0.894531
vt 0.0 -0.894531
vt 0.0 -0.988281
vt 2.5 -0.988281
vt 0.841797 -0.986328
vt 0.998047 -0.986328
vt 0.966797 -0.892578
vt 0.841797 -0.892578
vt 0.498047 -0.986328
vt 0.654297 -0.986328
vt 0.654297 -0.892578
vt 0.529297 -0.892578
vt -0.470703 -1.392578
vt -0.345703 -1.392578
vt -0.345703 -1.105469
vt -0.158203 -1.392578
vt -0.158203 -1.105469
vt -0.033203 -1.392578
vt -0.158203 -0.609375
vt -0.251953 -0.515625
vt -0.345703 -0.609375
vt 1.0 0.5
vt 1.0 0.0
vt 1.03125 0.1875
vt 1.15625 0.03125
vt 1.5 0.0
vt 0.0 3.0
vt 0.0 0.0
vt 6.0 0.0
vt 6.0 3.0
vt 0.0 8.0
vt 0.0 0.0
vt 5.0 0.0
vt 5.0 8.0
vt 0.0 7.0
vt 0.0 0.0
vt 5.0 0.0
vt 5.0 7.0
vt 2.0 -2.0E-6
vt 0.0 -2.0E-6
vt 2.0 2.000002
vt 0.0 2.000002
vt 2.0 1.999998
vt 0.0 1.999998
vt 2.0 4.000002
vt 0.0 4.000002
vt 2.0 6.000002
vt 0.0 6.000002
vt 2.0 3.999998
vt 0.0 3.999998
vt 2.0 8.000002
vt 0.0 8.000002
vt 2.0 5.999998
vt 0.0 5.999998
vt 4.0 -2.0E-6
vt 2.0 -2.0E-6
vt 4.0 2.000002
vt 2.0 2.000002
vt 4.0 1.999998
vt 2.0 1.999998
vt 4.0 4.000002
vt 2.0 4.000002
vt 4.0 6.000002
vt 2.0 6.000002
vt 4.0 3.999998
vt 2.0 3.999998
vt 4.0 8.000002
vt 2.0 8.000002
vt 4.0 5.999998
vt 2.0 5.999998
vt 6.0 -2.0E-6
vt 4.0 -2.0E-6
vt 6.0 2.000002
vt 4.0 2.000002
vt 6.0 1.999998
vt 4.0 1.999998
vt 6.0 4.000002
vt 4.0 4.000002
vt 6.0 6.000002
vt 4.0 6.000002
vt 6.0 3.999998
vt 4.0 3.999998
vt 6.0 8.000002
vt 4.0 8.000002
vt 6.0 5.999998
vt 4.0 5.999998
vt 8.0 -2.0E-6
vt 6.0 -2.0E-6
vt 8.0 2.000002
vt 6.0 2.000002
vt 8.0 1.999998
vt 6.0 1.999998
vt 8.0 4.000002
vt 6.0 4.000002
vt 8.0 6.000002
vt 6.0 6.000002
vt 8.0 3.999998
vt 6.0 3.999998
vt 8.0 8.000002
vt 6.0 8.000002
vt 8.0 5.999998
vt 6.0 5.999998
vn 0.0 -0.0 1.0
vn 0.0 -0.0 1.0
vn -0.9371 -0.0 0.3492
vn -0.6885 -0.6193 0.3775
vn -0.7069 -0.5992 0.3759
vn -0.441 -0.882 0.1664
vn -0.7456 -0.6447 0.1685
vn -0.7372 -0.6542 0.1688
vn 0.4547 0.8794 0.1415
vn -0.7372 0.6542 0.1688
vn -0.9351 0.3228 0.1466
vn -0.7456 0.6447 0.1685
vn -0.4151 -0.8301 0.3724
vn -0.441 0.882 0.1664
vn -0.9351 -0.3228 0.1466
vn -0.8916 0.3078 0.3322
vn 0.7978 -0.5292 0.2889
vn 0.7037 -0.6624 0.2571
vn 0.7168 -0.6464 0.2615
vn 0.4405 -0.8822 0.1664
vn 0.8737 0.3226 0.3643
vn 0.8033 0.0069 0.5955
vn 0.726 -0.1431 0.6726
vn 0.2944 -0.5903 0.7516
vn -0.2951 -0.5902 0.7514
vn -0.5171 -0.4073 0.7528
vn -0.4814 -0.4417 0.7571
vn -0.6685 -0.2307 0.707
vn 0.8323 -0.1484 0.534
vn 0.6669 0.1958 0.719
vn 0.6255 0.2526 0.7382
vn 0.2821 0.58 0.7642
vn -0.2091 0.4183 0.8839
vn 0.8606 0.3364 0.3823
vn 0.4311 0.8069 0.4038
vn -0.6685 0.2307 0.707
vn 0.2695 0.9361 0.2259
vn 0.4142 -0.8305 0.3725
vn 0.934 0.3541 0.0472
vn 0.0 0.0 1.0
vn -0.9371 -0.0 0.3492
vn -0.6885 -0.6193 0.3775
vn -0.7069 -0.5992 0.3759
vn -0.441 -0.882 0.1664
vn -0.7456 -0.6447 0.1685
vn -0.7372 -0.6542 0.1688
vn 0.4547 0.8794 0.1415
vn -0.7372 0.6542 0.1688
vn -0.9351 0.3228 0.1466
vn -0.7456 0.6447 0.1685
vn -0.4151 -0.8301 0.3724
vn -0.441 0.882 0.1664
vn -0.9351 -0.3228 0.1466
vn -0.8916 0.3078 0.3322
vn 0.7978 -0.5292 0.2889
vn 0.7037 -0.6624 0.2571
vn 0.7168 -0.6464 0.2615
vn 0.4405 -0.8822 0.1664
vn 0.8737 0.3226 0.3643
vn 0.8033 0.0069 0.5955
vn 0.726 -0.1431 0.6726
vn 0.2944 -0.5903 0.7516
vn -0.2951 -0.5902 0.7514
vn -0.5171 -0.4073 0.7528
vn -0.4814 -0.4417 0.7571
vn -0.6685 -0.2307 0.707
vn 0.8323 -0.1484 0.534
vn 0.6669 0.1958 0.719
vn 0.6255 0.2526 0.7382
vn 0.2821 0.58 0.7642
vn -0.2091 0.4183 0.8839
vn 0.8606 0.3364 0.3823
vn 0.4311 0.8069 0.4038
vn -0.6685 0.2307 0.707
vn 0.2695 0.9361 0.2259
vn 0.4142 -0.8305 0.3725
vn 0.934 0.3541 0.0472
vn 0.0 0.0 1.0
vn 0.0 -0.0 1.0
vn 0.0 -0.0 1.0
vn 0.0 -0.0 1.0
vn 0.0 -0.0 1.0
vn 0.0 -0.0 1.0
vn 0.0 -0.0 1.0
vn 0.0 -0.0 1.0
vn 0.0 -0.0 1.0
vn 0.0 -0.0 1.0
vn 0.0 -0.0 1.0
vn 0.0 -0.0 1.0
vn 0.0 -0.0 1.0
vn 0.0 -0.0 1.0
vn 0.0 -0.0 1.0
vn 0.0 -0.0 1.0
vn 0.0 -0.9371 0.3492
vn 0.6193 -0.6885 0.3775
vn 0.5992 -0.7069 0.3759
vn 0.882 -0.441 0.1664
vn 0.6447 -0.7456 0.1685
vn 0.6542 -0.7372 0.1688
vn -0.8794 0.4547 0.1415
vn -0.6542 -0.7372 0.1688
vn -0.3228 -0.9351 0.1466
vn -0.6447 -0.7456 0.1685
vn 0.8301 -0.4151 0.3724
vn -0.882 -0.441 0.1664
vn 0.3228 -0.9351 0.1466
vn -0.3078 -0.8916 0.3322
vn 0.5292 0.7978 0.2889
vn 0.6624 0.7037 0.2571
vn 0.6464 0.7168 0.2615
vn 0.8822 0.4405 0.1664
vn -0.3226 0.8737 0.3643
vn -0.0069 0.8033 0.5955
vn 0.1431 0.726 0.6726
vn 0.5903 0.2944 0.7516
vn 0.5902 -0.2951 0.7514
vn 0.4073 -0.5171 0.7528
vn 0.4417 -0.4814 0.7571
vn 0.2307 -0.6685 0.707
vn 0.1484 0.8323 0.534
vn -0.1958 0.6669 0.719
vn -0.2526 0.6255 0.7382
vn -0.58 0.2821 0.7642
vn -0.4183 -0.2091 0.8839
vn -0.3364 0.8606 0.3823
vn -0.8069 0.4311 0.4038
vn -0.2307 -0.6685 0.707
vn -0.9361 0.2695 0.2259
vn 0.8305 0.4142 0.3725
vn -0.3541 0.934 0.0472
vn -0.0 0.0 1.0
vn 0.0 -0.0 1.0
vn 0.0 -0.0 1.0
vn 0.0 -0.0 1.0
vn 0.0 -0.0 1.0
vn 0.0 -0.0 1.0
vn 0.0 -0.9371 0.3492
vn 0.6193 -0.6885 0.3775
vn 0.5992 -0.7069 0.3759
vn 0.882 -0.441 0.1664
vn 0.6447 -0.7456 0.1685
vn 0.6542 -0.7372 0.1688
vn -0.8794 0.4547 0.1415
vn -0.6542 -0.7372 0.1688
vn -0.3228 -0.9351 0.1466
vn -0.6447 -0.7456 0.1685
vn 0.8301 -0.4151 0.3724
vn -0.882 -0.441 0.1664
vn 0.3228 -0.9351 0.1466
vn -0.3078 -0.8916 0.3322
vn 0.5292 0.7978 0.2889
vn 0.6624 0.7037 0.2571
vn 0.6464 0.7168 0.2615
vn 0.8822 0.4405 0.1664
vn -0.3226 0.8737 0.3643
vn -0.0069 0.8033 0.5955
vn 0.1431 0.726 0.6726
vn 0.5903 0.2944 0.7516
vn 0.5902 -0.2951 0.7514
vn 0.4073 -0.5171 0.7528
vn 0.4417 -0.4814 0.7571
vn 0.2307 -0.6685 0.707
vn 0.1484 0.8323 0.534
vn -0.1958 0.6669 0.719
vn -0.2526 0.6255 0.7382
vn -0.58 0.2821 0.7642
vn -0.4183 -0.2091 0.8839
vn -0.3364 0.8606 0.3823
vn -0.8069 0.4311 0.4038
vn -0.2307 -0.6685 0.707
vn -0.9361 0.2695 0.2259
vn 0.8305 0.4142 0.3725
vn -0.3541 0.934 0.0472
vn -0.0 0.0 1.0
vn 0.0 -0.0 1.0
vn 0.0 -0.0 1.0
vn 0.0 -0.0 1.0
vn 0.0 -0.0 1.0
vn 0.0 -0.0 1.0
vn 0.0 -0.0 1.0
vn 0.0 -0.0 1.0
vn 0.0 -0.0 1.0
vn 0.0 -0.0 1.0
vn 0.0 -0.0 1.0
vn 0.0 -0.0 1.0
vn 0.0 -0.0 1.0
vn 0.0 -0.0 1.0
vn 0.0 -0.0 1.0
vn 0.0 -0.0 1.0
vn 0.0 -0.0 1.0
vn 0.0 -0.0 1.0
vn 0.0 -0.0 1.0
vn 0.0 -0.0 1.0
vn 0.0 -0.0 1.0
vn 0.0 -0.0 1.0
vn 0.0 -0.0 1.0
vn 0.0 -0.0 1.0
vn 0.0 -0.0 1.0
vn -0.9371 -0.0 0.3492
vn -0.6885 -0.6193 0.3775
vn -0.7069 -0.5992 0.3759
vn -0.441 -0.882 0.1664
vn -0.7456 -0.6447 0.1685
vn -0.7372 -0.6542 0.1688
vn 0.4547 0.8794 0.1415
vn -0.7372 0.6542 0.1688
vn -0.9351 0.3228 0.1466
vn -0.7456 0.6447 0.1685
vn -0.4151 -0.8301 0.3724
vn -0.441 0.882 0.1664
vn -0.9351 -0.3228 0.1466
vn -0.8916 0.3078 0.3322
vn 0.7978 -0.5292 0.2889
vn 0.7037 -0.6624 0.2571
vn 0.7168 -0.6464 0.2615
vn 0.4405 -0.8822 0.1664
vn 0.8737 0.3226 0.3643
vn 0.8033 0.0069 0.5955
vn 0.726 -0.1431 0.6726
vn 0.2944 -0.5903 0.7516
vn -0.2951 -0.5902 0.7514
vn -0.5171 -0.4073 0.7528
vn -0.4814 -0.4417 0.7571
vn -0.6685 -0.2307 0.707
vn 0.8323 -0.1484 0.534
vn 0.6669 0.1958 0.719
vn 0.6255 0.2526 0.7382
vn 0.2821 0.58 0.7642
vn -0.2091 0.4183 0.8839
vn 0.8606 0.3364 0.3823
vn 0.4311 0.8069 0.4038
vn -0.6685 0.2307 0.707
vn 0.2695 0.9361 0.2259
vn 0.4142 -0.8305 0.3725
vn 0.934 0.3541 0.0472
vn 0.0 0.0 1.0
vn 0.0 -0.0 1.0
vn 0.0 -0.0 1.0
vn 0.0 -0.0 1.0
vn 0.0 -0.0 1.0
vn 0.0 -0.0 1.0
vn 0.0 -0.0 1.0
vn 0.0 -0.0 1.0
vn 0.0 -0.0 1.0
vn 0.0 -0.0 1.0
vn 0.0 -0.0 1.0
vn 0.0 -0.0 1.0
vn 0.0 -0.0 1.0
vn 0.0 -0.0 1.0
vn 0.0 -0.0 1.0
vn 0.0 -0.0 1.0
vn 0.0 -0.0 1.0
vn -0.9371 -0.0 0.3492
vn -0.6885 -0.6193 0.3775
vn -0.7069 -0.5992 0.3759
vn -0.441 -0.882 0.1664
vn -0.7456 -0.6447 0.1685
vn -0.7372 -0.6542 0.1688
vn 0.4547 0.8794 0.1415
vn -0.7372 0.6542 0.1688
vn -0.9351 0.3228 0.1466
vn -0.7456 0.6447 0.1685
vn -0.4151 -0.8301 0.3724
vn -0.441 0.882 0.1664
vn -0.9351 -0.3228 0.1466
vn -0.8916 0.3078 0.3322
vn 0.7978 -0.5292 0.2889
vn 0.7037 -0.6624 0.2571
vn 0.7168 -0.6464 0.2615
vn 0.4405 -0.8822 0.1664
vn 0.8737 0.3226 0.3643
vn 0.8033 0.0069 0.5955
vn 0.726 -0.1431 0.6726
vn 0.2944 -0.5903 0.7516
vn -0.2951 -0.5902 0.7514
vn -0.5171 -0.4073 0.7528
vn -0.4814 -0.4417 0.7571
vn -0.6685 -0.2307 0.707
vn 0.8323 -0.1484 0.534
vn 0.6669 0.1958 0.719
vn 0.6255 0.2526 0.7382
vn 0.2821 0.58 0.7642
vn -0.2091 0.4183 0.8839
vn 0.8606 0.3364 0.3823
vn 0.4311 0.8069 0.4038
vn -0.6685 0.2307 0.707
vn 0.2695 0.9361 0.2259
vn 0.4142 -0.8305 0.3725
vn 0.934 0.3541 0.0472
vn 0.0 0.0 1.0
vn 0.0 -0.0 1.0
vn 0.0 -0.0 1.0
vn 0.0 -0.0 1.0
vn 0.0 -0.0 1.0
vn 0.0 -0.0 1.0
vn 0.0 -0.0 1.0
vn 0.0 -0.0 1.0
vn 0.0 -0.0 1.0
vn 0.0 -0.0 1.0
vn 0.0 -0.9371 0.3492
vn 0.6193 -0.6885 0.3775
vn 0.5992 -0.7069 0.3759
vn 0.882 -0.441 0.1664
vn 0.6447 -0.7456 0.1685
vn 0.6542 -0.7372 0.1688
vn -0.8794 0.4547 0.1415
vn -0.6542 -0.7372 0.1688
vn -0.3228 -0.9351 0.1466
vn -0.6447 -0.7456 0.1685
vn 0.8301 -0.4151 0.3724
vn -0.882 -0.441 0.1664
vn 0.3228 -0.9351 0.1466
vn -0.3078 -0.8916 0.3322
vn 0.5292 0.7978 0.2889
vn 0.6624 0.7037 0.2571
vn 0.6464 0.7168 0.2615
vn 0.8822 0.4405 0.1664
vn -0.3226 0.8737 0.3643
vn -0.0069 0.8033 0.5955
vn 0.1431 0.726 0.6726
vn 0.5903 0.2944 0.7516
vn 0.5902 -0.2951 0.7514
vn 0.4073 -0.5171 0.7528
vn 0.4417 -0.4814 0.7571
vn 0.2307 -0.6685 0.707
vn 0.1484 0.8323 0.534
vn -0.1958 0.6669 0.719
vn -0.2526 0.6255 0.7382
vn -0.58 0.2821 0.7642
vn -0.4183 -0.2091 0.8839
vn -0.3364 0.8606 0.3823
vn -0.8069 0.4311 0.4038
vn -0.2307 -0.6685 0.707
vn -0.9361 0.2695 0.2259
vn 0.8305 0.4142 0.3725
vn -0.3541 0.934 0.0472
vn -0.0 0.0 1.0
vn 0.0 -0.7071 0.7071
vn 0.0 -0.5258 0.8506
vn -0.0 -0.0 1.0
vn 0.0 -0.426 0.9047
vn 0.0 -0.0 1.0
vn 0.0 -0.0 1.0
vn 0.0 -0.0 1.0
vn 0.3865 0.3865 0.8374
vn 0.526 -0.0 0.8505
vn 0.0 -0.0 1.0
vn -0.0 0.526 0.8505
vn -0.0 0.5259 0.8505
vn 0.3262 0.6425 0.6934
vn 0.4629 0.4629 0.7559
vn 0.6426 0.3262 0.6933
vn 0.6426 0.3262 0.6934
vn 0.3262 0.6426 0.6934
vn 0.5259 -0.0 0.8505
vn 0.7071 0.0 0.7071
vn 0.5258 0.0 0.8506
vn 0.0 -0.0 1.0
vn 0.426 0.0 0.9047
vn 0.0808 0.1651 0.983
vn 0.0178 0.2269 0.9738
vn 0.0558 0.6983 0.7136
vn 0.3474 0.5641 0.7491
vn 0.1819 0.0679 0.981
vn 0.1788 0.0657 0.9817
vn 0.5999 0.2295 0.7665
vn 0.6978 0.0672 0.7132
vn 0.6948 0.0644 0.7163
vn 0.6012 0.2303 0.7652
vn 0.6426 0.3262 0.6933
vn 0.3477 0.5703 0.7442
vn 0.25 0.5665 0.7852
vn 0.0567 0.6961 0.7157
vn -0.0 -0.0 1.0
vn 0.6425 0.3262 0.6933
vn 0.1651 -0.0808 0.983
vn 0.2269 -0.0178 0.9738
vn 0.6983 -0.0558 0.7136
vn 0.5641 -0.3474 0.7491
vn 0.0679 -0.1819 0.981
vn 0.0657 -0.1788 0.9817
vn 0.2295 -0.5999 0.7665
vn 0.0672 -0.6978 0.7132
vn 0.0644 -0.6948 0.7163
vn 0.2303 -0.6012 0.7652
vn 0.3262 -0.6426 0.6933
vn 0.5703 -0.3477 0.7442
vn 0.5665 -0.25 0.7852
vn 0.6961 -0.0567 0.7157
vn -0.0 0.0 1.0
vn 0.3262 -0.6425 0.6933
vn 0.7071 0.0 0.7071
vn 0.5258 0.0 0.8506
vn 0.0 -0.0 1.0
vn 0.426 0.0 0.9047
vn 0.3865 -0.3865 0.8374
vn -0.0 -0.526 0.8505
vn -0.0 -0.0 1.0
vn 0.526 0.0 0.8505
vn 0.5259 0.0 0.8505
vn 0.6425 -0.3262 0.6934
vn 0.4629 -0.4629 0.7559
vn 0.3262 -0.6426 0.6933
vn 0.3262 -0.6426 0.6934
vn 0.6426 -0.3262 0.6934
vn -0.0 -0.5259 0.8505
vn 0.0 -0.0 1.0
vn 0.0 -0.0 1.0
vn 0.3865 0.3865 0.8374
vn 0.526 -0.0 0.8505
vn 0.0 -0.0 1.0
vn -0.0 0.526 0.8505
vn -0.0 0.5259 0.8505
vn 0.3262 0.6425 0.6934
vn 0.4629 0.4629 0.7559
vn 0.6426 0.3262 0.6933
vn 0.6426 0.3262 0.6934
vn 0.3262 0.6426 0.6934
vn 0.5259 -0.0 0.8505
vn 0.7071 0.0 0.7071
vn 0.5258 0.0 0.8506
vn 0.0 -0.0 1.0
vn 0.426 0.0 0.9047
vn 0.0808 0.1651 0.983
vn 0.0178 0.2269 0.9738
vn 0.0558 0.6983 0.7136
vn 0.3474 0.5641 0.7491
vn 0.1819 0.0679 0.981
vn 0.1788 0.0657 0.9817
vn 0.5999 0.2295 0.7665
vn 0.6978 0.0672 0.7132
vn 0.6948 0.0644 0.7163
vn 0.6012 0.2303 0.7652
vn 0.6426 0.3262 0.6933
vn 0.3477 0.5703 0.7442
vn 0.25 0.5665 0.7852
vn 0.0567 0.6961 0.7157
vn -0.0 -0.0 1.0
vn 0.6425 0.3262 0.6933
vn 0.0 -0.0 1.0
vn 0.0 -0.0 1.0
vn 0.0 -0.0 1.0
vn 0.1651 -0.0808 0.983
vn 0.2269 -0.0178 0.9738
vn 0.6983 -0.0558 0.7136
vn 0.5641 -0.3474 0.7491
vn 0.0679 -0.1819 0.981
vn 0.0657 -0.1788 0.9817
vn 0.2295 -0.5999 0.7665
vn 0.0672 -0.6978 0.7132
vn 0.0644 -0.6948 0.7163
vn 0.2303 -0.6012 0.7652
vn 0.3262 -0.6426 0.6933
vn 0.5703 -0.3477 0.7442
vn 0.5665 -0.25 0.7852
vn 0.6961 -0.0567 0.7157
vn -0.0 0.0 1.0
vn 0.3262 -0.6425 0.6933
vn 0.7071 0.0 0.7071
vn 0.5258 0.0 0.8506
vn 0.0 -0.0 1.0
vn 0.426 0.0 0.9047
vn 0.3865 -0.3865 0.8374
vn -0.0 -0.526 0.8505
vn -0.0 -0.0 1.0
vn 0.526 0.0 0.8505
vn 0.5259 0.0 0.8505
vn 0.6425 -0.3262 0.6934
vn 0.4629 -0.4629 0.7559
vn 0.3262 -0.6426 0.6933
vn 0.3262 -0.6426 0.6934
vn 0.6426 -0.3262 0.6934
vn -0.0 -0.5259 0.8505
vn 0.0 -0.0 1.0
vn 0.3865 0.3865 0.8374
vn 0.526 -0.0 0.8505
vn 0.0 -0.0 1.0
vn -0.0 0.526 0.8505
vn -0.0 0.5259 0.8505
vn 0.3262 0.6425 0.6934
vn 0.4629 0.4629 0.7559
vn 0.6426 0.3262 0.6933
vn 0.6426 0.3262 0.6934
vn 0.3262 0.6426 0.6934
vn 0.5259 -0.0 0.8505
vn 0.7071 0.0 0.7071
vn 0.5258 0.0 0.8506
vn 0.0 -0.0 1.0
vn 0.426 0.0 0.9047
vn 0.0808 0.1651 0.983
vn 0.0178 0.2269 0.9738
vn 0.0558 0.6983 0.7136
vn 0.3474 0.5641 0.7491
vn 0.1819 0.0679 0.981
vn 0.1788 0.0657 0.9817
vn 0.5999 0.2295 0.7665
vn 0.6978 0.0672 0.7132
vn 0.6948 0.0644 0.7163
vn 0.6012 0.2303 0.7652
vn 0.6426 0.3262 0.6933
vn 0.3477 0.5703 0.7442
vn 0.25 0.5665 0.7852
vn 0.0567 0.6961 0.7157
vn -0.0 -0.0 1.0
vn 0.6425 0.3262 0.6933
vn 0.0 -0.0 1.0
vn 0.0 -0.0 1.0
vn 0.1651 -0.0808 0.983
vn 0.2269 -0.0178 0.9738
vn 0.6983 -0.0558 0.7136
vn 0.5641 -0.3474 0.7491
vn 0.0679 -0.1819 0.981
vn 0.0657 -0.1788 0.9817
vn 0.2295 -0.5999 0.7665
vn 0.0672 -0.6978 0.7132
vn 0.0644 -0.6948 0.7163
vn 0.2303 -0.6012 0.7652
vn 0.3262 -0.6426 0.6933
vn 0.5703 -0.3477 0.7442
vn 0.5665 -0.25 0.7852
vn 0.6961 -0.0567 0.7157
vn -0.0 0.0 1.0
vn 0.3262 -0.6425 0.6933
vn 0.7071 0.0 0.7071
vn 0.5258 0.0 0.8506
vn 0.0 -0.0 1.0
vn 0.426 0.0 0.9047
vn 0.0808 0.1651 0.983
vn 0.0178 0.2269 0.9738
vn 0.0558 0.6983 0.7136
vn 0.3474 0.5641 0.7491
vn 0.1819 0.0679 0.981
vn 0.1788 0.0657 0.9817
vn 0.5999 0.2295 0.7665
vn 0.6978 0.0672 0.7132
vn 0.6948 0.0644 0.7163
vn 0.6012 0.2303 0.7652
vn 0.6426 0.3262 0.6933
vn 0.3477 0.5703 0.7442
vn 0.25 0.5665 0.7852
vn 0.0567 0.6961 0.7157
vn -0.0 -0.0 1.0
vn 0.6425 0.3262 0.6933
vn 0.0 -0.0 1.0
vn 0.0 -0.0 1.0
vn 0.0 -0.0 1.0
vn 0.7071 0.0 0.7071
vn 0.5258 0.0 0.8506
vn 0.0 -0.0 1.0
vn 0.426 0.0 0.9047
vn 0.3865 -0.3865 0.8374
vn -0.0 -0.526 0.8505
vn -0.0 -0.0 1.0
vn 0.526 0.0 0.8505
vn 0.5259 0.0 0.8505
vn 0.6425 -0.3262 0.6934
vn 0.4629 -0.4629 0.7559
vn 0.3262 -0.6426 0.6933
vn 0.3262 -0.6426 0.6934
vn 0.6426 -0.3262 0.6934
vn -0.0 -0.5259 0.8505
vn 0.0 -0.0 1.0
vn 0.0 -0.0 1.0
vn 0.0 -0.7071 0.7071
vn 0.0 -0.5258 0.8506
vn -0.0 -0.0 1.0
vn 0.0 -0.426 0.9047
vn 0.0 -0.0 1.0
vn 0.3865 0.3865 0.8374
vn 0.526 -0.0 0.8505
vn 0.0 -0.0 1.0
vn -0.0 0.526 0.8505
vn -0.0 0.5259 0.8505
vn 0.3262 0.6425 0.6934
vn 0.4629 0.4629 0.7559
vn 0.6426 0.3262 0.6933
vn 0.6426 0.3262 0.6934
vn 0.3262 0.6426 0.6934
vn 0.5259 -0.0 0.8505
vn 0.7071 0.0 0.7071
vn 0.5258 0.0 0.8506
vn 0.0 -0.0 1.0
vn 0.426 0.0 0.9047
vn 0.3865 -0.3865 0.8374
vn -0.0 -0.526 0.8505
vn -0.0 -0.0 1.0
vn 0.526 0.0 0.8505
vn 0.5259 0.0 0.8505
vn 0.6425 -0.3262 0.6934
vn 0.4629 -0.4629 0.7559
vn 0.3262 -0.6426 0.6933
vn 0.3262 -0.6426 0.6934
vn 0.6426 -0.3262 0.6934
vn -0.0 -0.5259 0.8505
vn 0.3865 0.3865 0.8374
vn 0.526 -0.0 0.8505
vn 0.0 -0.0 1.0
vn -0.0 0.526 0.8505
vn -0.0 0.5259 0.8505
vn 0.3262 0.6425 0.6934
vn 0.4629 0.4629 0.7559
vn 0.6426 0.3262 0.6933
vn 0.6426 0.3262 0.6934
vn 0.3262 0.6426 0.6934
vn 0.5259 -0.0 0.8505
vn 0.7071 0.0 0.7071
vn 0.5258 0.0 0.8506
vn 0.0 -0.0 1.0
vn 0.426 0.0 0.9047
vn 0.1651 -0.0808 0.983
vn 0.2269 -0.0178 0.9738
vn 0.6983 -0.0558 0.7136
vn 0.5641 -0.3474 0.7491
vn 0.0679 -0.1819 0.981
vn 0.0657 -0.1788 0.9817
vn 0.2295 -0.5999 0.7665
vn 0.0672 -0.6978 0.7132
vn 0.0644 -0.6948 0.7163
vn 0.2303 -0.6012 0.7652
vn 0.3262 -0.6426 0.6933
vn 0.5703 -0.3477 0.7442
vn 0.5665 -0.25 0.7852
vn 0.6961 -0.0567 0.7157
vn -0.0 0.0 1.0
vn 0.3262 -0.6425 0.6933
vn 0.7071 0.0 0.7071
vn 0.5258 0.0 0.8506
vn 0.0 -0.0 1.0
vn 0.426 0.0 0.9047
vn 0.7071 0.0 0.7071
vn 0.5258 0.0 0.8506
vn 0.0 -0.0 1.0
vn 0.426 0.0 0.9047
vn 0.0808 0.1651 0.983
vn 0.0178 0.2269 0.9738
vn 0.0558 0.6983 0.7136
vn 0.3474 0.5641 0.7491
vn 0.1819 0.0679 0.981
vn 0.1788 0.0657 0.9817
vn 0.5999 0.2295 0.7665
vn 0.6978 0.0672 0.7132
vn 0.6948 0.0644 0.7163
vn 0.6012 0.2303 0.7652
vn 0.6426 0.3262 0.6933
vn 0.3477 0.5703 0.7442
vn 0.25 0.5665 0.7852
vn 0.0567 0.6961 0.7157
vn -0.0 -0.0 1.0
vn 0.6425 0.3262 0.6933
vn 0.0 -0.0 1.0
vn 0.1651 -0.0808 0.983
vn 0.2269 -0.0178 0.9738
vn 0.6983 -0.0558 0.7136
vn 0.5641 -0.3474 0.7491
vn 0.0679 -0.1819 0.981
vn 0.0657 -0.1788 0.9817
vn 0.2295 -0.5999 0.7665
vn 0.0672 -0.6978 0.7132
vn 0.0644 -0.6948 0.7163
vn 0.2303 -0.6012 0.7652
vn 0.3262 -0.6426 0.6933
vn 0.5703 -0.3477 0.7442
vn 0.5665 -0.25 0.7852
vn 0.6961 -0.0567 0.7157
vn -0.0 0.0 1.0
vn 0.3262 -0.6425 0.6933
vn 0.3865 -0.3865 0.8374
vn -0.0 -0.526 0.8505
vn -0.0 -0.0 1.0
vn 0.526 0.0 0.8505
vn 0.5259 0.0 0.8505
vn 0.6425 -0.3262 0.6934
vn 0.4629 -0.4629 0.7559
vn 0.3262 -0.6426 0.6933
vn 0.3262 -0.6426 0.6934
vn 0.6426 -0.3262 0.6934
vn -0.0 -0.5259 0.8505
vn 0.0 -0.0 1.0
vn -0.0 0.7071 0.7071
vn -0.0 0.5258 0.8506
vn 0.0 0.0 1.0
vn -0.0 0.426 0.9047
vn 0.0 -0.0 1.0
vn 0.0 -0.0 1.0
vn 0.0 -0.0 1.0
vn 0.0 -0.0 1.0
vn 0.1651 -0.0808 0.983
vn 0.2269 -0.0178 0.9738
vn 0.6983 -0.0558 0.7136
vn 0.5641 -0.3474 0.7491
vn 0.0679 -0.1819 0.981
vn 0.0657 -0.1788 0.9817
vn 0.2295 -0.5999 0.7665
vn 0.0672 -0.6978 0.7132
vn 0.0644 -0.6948 0.7163
vn 0.2303 -0.6012 0.7652
vn 0.3262 -0.6426 0.6933
vn 0.5703 -0.3477 0.7442
vn 0.5665 -0.25 0.7852
vn 0.6961 -0.0567 0.7157
vn -0.0 0.0 1.0
vn 0.3262 -0.6425 0.6933
vn 0.7071 0.0 0.7071
vn 0.5258 0.0 0.8506
vn 0.0 -0.0 1.0
vn 0.426 0.0 0.9047
vn 0.0808 0.1651 0.983
vn 0.0178 0.2269 0.9738
vn 0.0558 0.6983 0.7136
vn 0.3474 0.5641 0.7491
vn 0.1819 0.0679 0.981
vn 0.1788 0.0657 0.9817
vn 0.5999 0.2295 0.7665
vn 0.6978 0.0672 0.7132
vn 0.6948 0.0644 0.7163
vn 0.6012 0.2303 0.7652
vn 0.6426 0.3262 0.6933
vn 0.3477 0.5703 0.7442
vn 0.25 0.5665 0.7852
vn 0.0567 0.6961 0.7157
vn -0.0 -0.0 1.0
vn 0.6425 0.3262 0.6933
vn 0.0 -0.0 1.0
vn 0.0 -0.0 1.0
vn 0.7071 0.0 0.7071
vn 0.5258 0.0 0.8506
vn 0.0 -0.0 1.0
vn 0.426 0.0 0.9047
vn 0.3865 -0.3865 0.8374
vn -0.0 -0.526 0.8505
vn -0.0 -0.0 1.0
vn 0.526 0.0 0.8505
vn 0.5259 0.0 0.8505
vn 0.6425 -0.3262 0.6934
vn 0.4629 -0.4629 0.7559
vn 0.3262 -0.6426 0.6933
vn 0.3262 -0.6426 0.6934
vn 0.6426 -0.3262 0.6934
vn -0.0 -0.5259 0.8505
vn 0.0 -0.0 1.0
vn 0.0 -0.0 1.0
vn 0.1651 -0.0808 0.983
vn 0.2269 -0.0178 0.9738
vn 0.6983 -0.0558 0.7136
vn 0.5641 -0.3474 0.7491
vn 0.0679 -0.1819 0.981
vn 0.0657 -0.1788 0.9817
vn 0.2295 -0.5999 0.7665
vn 0.0672 -0.6978 0.7132
vn 0.0644 -0.6948 0.7163
vn 0.2303 -0.6012 0.7652
vn 0.3262 -0.6426 0.6933
vn 0.5703 -0.3477 0.7442
vn 0.5665 -0.25 0.7852
vn 0.6961 -0.0567 0.7157
vn -0.0 0.0 1.0
vn 0.3262 -0.6425 0.6933
vn 0.7071 0.0 0.7071
vn 0.5258 0.0 0.8506
vn 0.0 -0.0 1.0
vn 0.426 0.0 0.9047
vn 0.7071 0.0 0.7071
vn 0.5258 0.0 0.8506
vn 0.0 -0.0 1.0
vn 0.426 0.0 0.9047
vn 0.3865 -0.3865 0.8374
vn -0.0 -0.526 0.8505
vn -0.0 -0.0 1.0
vn 0.526 0.0 0.8505
vn 0.5259 0.0 0.8505
vn 0.6425 -0.3262 0.6934
vn 0.4629 -0.4629 0.7559
vn 0.3262 -0.6426 0.6933
vn 0.3262 -0.6426 0.6934
vn 0.6426 -0.3262 0.6934
vn -0.0 -0.5259 0.8505
vn 0.0 -0.0 1.0
vn 0.0 -0.0 1.0
vn 0.3865 0.3865 0.8374
vn 0.526 -0.0 0.8505
vn 0.0 -0.0 1.0
vn -0.0 0.526 0.8505
vn -0.0 0.5259 0.8505
vn 0.3262 0.6425 0.6934
vn 0.4629 0.4629 0.7559
vn 0.6426 0.3262 0.6933
vn 0.6426 0.3262 0.6934
vn 0.3262 0.6426 0.6934
vn 0.5259 -0.0 0.8505
vn 0.7071 0.0 0.7071
vn 0.5258 0.0 0.8506
vn 0.0 -0.0 1.0
vn 0.426 0.0 0.9047
vn 0.0 -0.0 1.0
vn 0.0 -0.0 1.0
vn 0.1651 -0.0808 0.983
vn 0.2269 -0.0178 0.9738
vn 0.6983 -0.0558 0.7136
vn 0.5641 -0.3474 0.7491
vn 0.0679 -0.1819 0.981
vn 0.0657 -0.1788 0.9817
vn 0.2295 -0.5999 0.7665
vn 0.0672 -0.6978 0.7132
vn 0.0644 -0.6948 0.7163
vn 0.2303 -0.6012 0.7652
vn 0.3262 -0.6426 0.6933
vn 0.5703 -0.3477 0.7442
vn 0.5665 -0.25 0.7852
vn 0.6961 -0.0567 0.7157
vn -0.0 0.0 1.0
vn 0.3262 -0.6425 0.6933
vn 0.7071 0.0 0.7071
vn 0.5258 0.0 0.8506
vn 0.0 -0.0 1.0
vn 0.426 0.0 0.9047
vn 0.7071 0.0 0.7071
vn 0.5258 0.0 0.8506
vn 0.0 -0.0 1.0
vn 0.426 0.0 0.9047
vn 0.0808 0.1651 0.983
vn 0.0178 0.2269 0.9738
vn 0.0558 0.6983 0.7136
vn 0.3474 0.5641 0.7491
vn 0.1819 0.0679 0.981
vn 0.1788 0.0657 0.9817
vn 0.5999 0.2295 0.7665
vn 0.6978 0.0672 0.7132
vn 0.6948 0.0644 0.7163
vn 0.6012 0.2303 0.7652
vn 0.6426 0.3262 0.6933
vn 0.3477 0.5703 0.7442
vn 0.25 0.5665 0.7852
vn 0.0567 0.6961 0.7157
vn -0.0 -0.0 1.0
vn 0.6425 0.3262 0.6933
vn 0.0 -0.0 1.0
vn 0.0 -0.0 1.0
vn 0.0 -0.0 1.0
vn 0.7071 0.0 0.7071
vn 0.5258 0.0 0.8506
vn 0.0 -0.0 1.0
vn 0.426 0.0 0.9047
vn 0.3865 -0.3865 0.8374
vn -0.0 -0.526 0.8505
vn -0.0 -0.0 1.0
vn 0.526 0.0 0.8505
vn 0.5259 0.0 0.8505
vn 0.6425 -0.3262 0.6934
vn 0.4629 -0.4629 0.7559
vn 0.3262 -0.6426 0.6933
vn 0.3262 -0.6426 0.6934
vn 0.6426 -0.3262 0.6934
vn -0.0 -0.5259 0.8505
vn 0.0 -0.0 1.0
vn 0.1651 -0.0808 0.983
vn 0.2269 -0.0178 0.9738
vn 0.6983 -0.0558 0.7136
vn 0.5641 -0.3474 0.7491
vn 0.0679 -0.1819 0.981
vn 0.0657 -0.1788 0.9817
vn 0.2295 -0.5999 0.7665
vn 0.0672 -0.6978 0.7132
vn 0.0644 -0.6948 0.7163
vn 0.2303 -0.6012 0.7652
vn 0.3262 -0.6426 0.6933
vn 0.5703 -0.3477 0.7442
vn 0.5665 -0.25 0.7852
vn 0.6961 -0.0567 0.7157
vn -0.0 0.0 1.0
vn 0.3262 -0.6425 0.6933
vn 0.7071 0.0 0.7071
vn 0.5258 0.0 0.8506
vn 0.0 -0.0 1.0
vn 0.426 0.0 0.9047
vn 0.7071 0.0 0.7071
vn 0.5258 0.0 0.8506
vn 0.0 -0.0 1.0
vn 0.426 0.0 0.9047
vn 0.3865 -0.3865 0.8374
vn -0.0 -0.526 0.8505
vn -0.0 -0.0 1.0
vn 0.526 0.0 0.8505
vn 0.5259 0.0 0.8505
vn 0.6425 -0.3262 0.6934
vn 0.4629 -0.4629 0.7559
vn 0.3262 -0.6426 0.6933
vn 0.3262 -0.6426 0.6934
vn 0.6426 -0.3262 0.6934
vn -0.0 -0.5259 0.8505
vn 0.0 -0.0 1.0
vn 0.0 -0.0 1.0
vn 0.3865 0.3865 0.8374
vn 0.526 -0.0 0.8505
vn 0.0 -0.0 1.0
vn -0.0 0.526 0.8505
vn -0.0 0.5259 0.8505
vn 0.3262 0.6425 0.6934
vn 0.4629 0.4629 0.7559
vn 0.6426 0.3262 0.6933
vn 0.6426 0.3262 0.6934
vn 0.3262 0.6426 0.6934
vn 0.5259 -0.0 0.8505
vn 0.7071 0.0 0.7071
vn 0.5258 0.0 0.8506
vn 0.0 -0.0 1.0
vn 0.426 0.0 0.9047
vn 0.0 -0.0 1.0
vn 0.0 -0.0 1.0
vn 0.1651 -0.0808 0.983
vn 0.2269 -0.0178 0.9738
vn 0.6983 -0.0558 0.7136
vn 0.5641 -0.3474 0.7491
vn 0.0679 -0.1819 0.981
vn 0.0657 -0.1788 0.9817
vn 0.2295 -0.5999 0.7665
vn 0.0672 -0.6978 0.7132
vn 0.0644 -0.6948 0.7163
vn 0.2303 -0.6012 0.7652
vn 0.3262 -0.6426 0.6933
vn 0.5703 -0.3477 0.7442
vn 0.5665 -0.25 0.7852
vn 0.6961 -0.0567 0.7157
vn -0.0 0.0 1.0
vn 0.3262 -0.6425 0.6933
vn 0.7071 0.0 0.7071
vn 0.5258 0.0 0.8506
vn 0.0 -0.0 1.0
vn 0.426 0.0 0.9047
vn 0.7071 0.0 0.7071
vn 0.5258 0.0 0.8506
vn 0.0 -0.0 1.0
vn 0.426 0.0 0.9047
vn 0.0808 0.1651 0.983
vn 0.0178 0.2269 0.9738
vn 0.0558 0.6983 0.7136
vn 0.3474 0.5641 0.7491
vn 0.1819 0.0679 0.981
vn 0.1788 0.0657 0.9817
vn 0.5999 0.2295 0.7665
vn 0.6978 0.0672 0.7132
vn 0.6948 0.0644 0.7163
vn 0.6012 0.2303 0.7652
vn 0.6426 0.3262 0.6933
vn 0.3477 0.5703 0.7442
vn 0.25 0.5665 0.7852
vn 0.0567 0.6961 0.7157
vn -0.0 -0.0 1.0
vn 0.6425 0.3262 0.6933
vn 0.0 -0.0 1.0
vn 0.0 -0.0 1.0
vn 0.0 -0.0 1.0
vn 0.0 -0.0 1.0
vn 0.0 -0.0 1.0
vn 0.0 -0.0 1.0
vn 0.0 -0.0 1.0
vn 0.0 -0.0 1.0
vn 0.0 -0.0 1.0
vn 0.0 -0.0 1.0
vn 0.0 -0.0 1.0
vn 0.0 -0.0 1.0
vn 0.0 -0.0 1.0
vn 0.0 -0.0 1.0
vn 0.0 -0.0 1.0
vn 0.0 -0.0 1.0
vn 0.0 -0.0 1.0
vn 0.0 -0.0 1.0
vn 0.0 -0.0 1.0
c 1.0 1.0 1.0
c 1.0 1.0 1.0
c 1.0 1.0 1.0
c 1.0 1.0 1.0
c 1.0 1.0 1.0
c 1.0 1.0 1.0
c 1.0 1.0 1.0
c 1.0 1.0 1.0
c 1.0 1.0 1.0
c 1.0 1.0 1.0
c 1.0 1.0 1.0
c 1.0 1.0 1.0
c 1.0 1.0 1.0
c 1.0 1.0 1.0
c 1.0 1.0 1.0
c 1.0 1.0 1.0
c 1.0 1.0 1.0
c 1.0 1.0 1.0
c 1.0 1.0 1.0
c 1.0 1.0 1.0
c 1.0 1.0 1.0
c 1.0 1.0 1.0
c 1.0 1.0 1.0
c 1.0 1.0 1.0
c 1.0 1.0 1.0
c 1.0 1.0 1.0
c 1.0 1.0 1.0
c 1.0 1.0 1.0
c 1.0 1.0 1.0
c 1.0 1.0 1.0
c 1.0 1.0 1.0
c 1.0 1.0 1.0
c 1.0 1.0 1.0
c 1.0 1.0 1.0
c 1.0 1.0 1.0
c 1.0 1.0 1.0
c 1.0 1.0 1.0
c 1.0 1.0 1.0
c 1.0 1.0 1.0
c 1.0 1.0 1.0
c 1.0 1.0 1.0
c 1.0 1.0 1.0
c 1.0 1.0 1.0
c 1.0 1.0 1.0
c 1.0 1.0 1.0
c 1.0 1.0 1.0
c 1.0 1.0 1.0
c 1.0 1.0 1.0
c 1.0 1.0 1.0
c 1.0 1.0 1.0
c 1.0 1.0 1.0
c 1.0 1.0 1.0
c 1.0 1.0 1.0
c 1.0 1.0 1.0
c 1.0 1.0 1.0
c 1.0 1.0 1.0
c 1.0 1.0 1.0
c 1.0 1.0 1.0
c 1.0 1.0 1.0
c 1.0 1.0 1.0
c 1.0 1.0 1.0
c 1.0 1.0 1.0
c 1.0 1.0 1.0
c 1.0 1.0 1.0
c 1.0 1.0 1.0
c 1.0 1.0 1.0
c 1.0 1.0 1.0
c 1.0 1.0 1.0
c 1.0 1.0 1.0
c 1.0 1.0 1.0
c 1.0 1.0 1.0
c 1.0 1.0 1.0
c 1.0 1.0 1.0
c 1.0 1.0 1.0
c 1.0 1.0 1.0
c 1.0 1.0 1.0
c 1.0 1.0 1.0
c 1.0 1.0 1.0
c 1.0 1.0 1.0
c 1.0 1.0 1.0
c 1.0 1.0 1.0
c 1.0 1.0 1.0
c 1.0 1.0 1.0
c 1.0 1.0 1.0
c 1.0 1.0 1.0
c 1.0 1.0 1.0
c 1.0 1.0 1.0
c 1.0 1.0 1.0
c 1.0 1.0 1.0
c 1.0 1.0 1.0
c 1.0 1.0 1.0
c 1.0 1.0 1.0
c 1.0 1.0 1.0
c 1.0 1.0 1.0
c 1.0 1.0 1.0
c 1.0 1.0 1.0
c 1.0 1.0 1.0
c 1.0 1.0 1.0
c 1.0 1.0 1.0
c 1.0 1.0 1.0
c 1.0 1.0 1.0
c 1.0 1.0 1.0
c 1.0 1.0 1.0
c 1.0 1.0 1.0
c 1.0 1.0 1.0
c 1.0 1.0 1.0
c 1.0 1.0 1.0
c 1.0 1.0 1.0
c 1.0 1.0 1.0
c 1.0 1.0 1.0
c 1.0 1.0 1.0
c 1.0 1.0 1.0
c 1.0 1.0 1.0
c 1.0 1.0 1.0
c 1.0 1.0 1.0
c 1.0 1.0 1.0
c 1.0 1.0 1.0
c 1.0 1.0 1.0
c 1.0 1.0 1.0
c 1.0 1.0 1.0
c 1.0 1.0 1.0
c 1.0 1.0 1.0
c 1.0 1.0 1.0
c 1.0 1.0 1.0
c 1.0 1.0 1.0
c 1.0 1.0 1.0
c 1.0 1.0 1.0
c 1.0 1.0 1.0
c 1.0 1.0 1.0
c 1.0 1.0 1.0
c 1.0 1.0 1.0
c 1.0 1.0 1.0
c 1.0 1.0 1.0
c 1.0 1.0 1.0
c 1.0 1.0 1.0
c 1.0 1.0 1.0
c 1.0 1.0 1.0
c 1.0 1.0 1.0
c 1.0 1.0 1.0
c 1.0 1.0 1.0
c 1.0 1.0 1.0
c 1.0 1.0 1.0
c 1.0 1.0 1.0
c 1.0 1.0 1.0
c 1.0 1.0 1.0
c 1.0 1.0 1.0
c 1.0 1.0 1.0
c 1.0 1.0 1.0
c 1.0 1.0 1.0
c 1.0 1.0 1.0
c 1.0 1.0 1.0
c 1.0 1.0 1.0
c 1.0 1.0 1.0
c 1.0 1.0 1.0
c 1.0 1.0 1.0
c 1.0 1.0 1.0
c 1.0 1.0 1.0
c 1.0 1.0 1.0
c 1.0 1.0 1.0
c 1.0 1.0 1.0
c 1.0 1.0 1.0
c 1.0 1.0 1.0
c 1.0 1.0 1.0
c 1.0 1.0 1.0
c 1.0 1.0 1.0
c 1.0 1.0 1.0
c 1.0 1.0 1.0
c 1.0 1.0 1.0
c 1.0 1.0 1.0
c 1.0 1.0 1.0
c 1.0 1.0 1.0
c 1.0 1.0 1.0
c 1.0 1.0 1.0
c 1.0 1.0 1.0
c 1.0 1.0 1.0
c 1.0 1.0 1.0
c 1.0 1.0 1.0
c 1.0 1.0 1.0
c 1.0 1.0 1.0
c 1.0 1.0 1.0
c 1.0 1.0 1.0
c 1.0 1.0 1.0
c 1.0 1.0 1.0
c 1.0 1.0 1.0
c 1.0 1.0 1.0
c 1.0 1.0 1.0
c 1.0 1.0 1.0
c 1.0 1.0 1.0
c 1.0 1.0 1.0
c 1.0 1.0 1.0
c 1.0 1.0 1.0
c 1.0 1.0 1.0
c 1.0 1.0 1.0
c 1.0 1.0 1.0
c 1.0 1.0 1.0
c 1.0 1.0 1.0
c 1.0 1.0 1.0
usemtl sea_mizu1_1
s off
f 2245/2378/952/182 2246/2380/952/182 2247/2381/952/182 2248/2379/952/182
f 2249/2382/953/183 2250/2384/953/183 2251/2385/953/183 2252/2383/953/183
f 2253/2388/954/184 2254/2386/954/184 2255/2387/954/184 2256/2389/954/184
f 2257/2392/955/185 2258/2390/955/185 2259/2391/955/185 2260/2393/955/185
f 2261/2394/956/186 2262/2396/956/186 2263/2397/956/186 2264/2395/956/186
f 2265/2398/957/187 2266/2400/957/187 2267/2401/957/187 2268/2399/957/187
f 2269/2404/958/188 2270/2402/958/188 2271/2403/958/188 2272/2405/958/188
f 2273/2408/959/189 2274/2406/959/189 2275/2407/959/189 2276/2409/959/189
f 2277/2410/960/190 2278/2412/960/190 2279/2413/960/190 2280/2411/960/190
f 2281/2414/961/191 2282/2416/961/191 2283/2417/961/191 2284/2415/961/191
f 2285/2420/962/192 2286/2418/962/192 2287/2419/962/192 2288/2421/962/192
f 2289/2424/963/193 2290/2422/963/193 2291/2423/963/193 2292/2425/963/193
f 2293/2426/964/194 2294/2428/964/194 2295/2429/964/194 2296/2427/964/194
f 2297/2430/965/195 2298/2432/965/195 2299/2433/965/195 2300/2431/965/195
f 2301/2436/966/196 2302/2434/966/196 2303/2435/966/196 2304/2437/966/196
f 2305/2440/967/197 2306/2438/967/197 2307/2439/967/197 2308/2441/967/197
usemtl sea_jimen
s off
f 1102/1234/342/80 1104/1235/342/80 1103/1236/342/80 1101/1237/342/80
f 1106/1238/343/81 1108/1239/343/81 1107/1240/343/81 1105/1241/343/81
f 1110/1242/344/82 1112/1243/344/82 1111/1244/344/82 1109/1245/344/82
f 1218/1350/407/89 1220/1351/407/89 1219/1352/407/89 1217/1353/407/89
f 1222/1354/408/90 1224/1355/408/90 1223/1356/408/90 1221/1357/408/90
f 1278/1410/440/94 1280/1411/440/94 1279/1412/440/94 1277/1413/440/94
f 1282/1414/441/95 1284/1415/441/95 1283/1416/441/95 1281/1417/441/95
f 1286/1418/442/96 1288/1419/442/96 1287/1420/442/96 1285/1421/442/96
f 1342/1474/474/100 1344/1475/474/100 1343/1476/474/100 1341/1477/474/100
f 1398/1530/506/104 1400/1531/506/104 1399/1532/506/104 1397/1533/506/104
f 1402/1534/507/105 1404/1535/507/105 1403/1536/507/105 1401/1537/507/105
f 1460/1592/544/109 1462/1593/544/109 1461/1594/544/109 1459/1595/544/109
f 1464/1596/545/110 1466/1597/545/110 1465/1598/545/110 1463/1599/545/110
f 1468/1600/546/111 1470/1601/546/111 1469/1602/546/111 1467/1603/546/111
f 1502/1634/562/114 1504/1635/562/114 1503/1636/562/114 1501/1637/562/114
f 1506/1638/563/115 1508/1639/563/115 1507/1640/563/115 1505/1641/563/115
f 1520/1652/568/117 1522/1653/568/117 1521/1654/568/117 1519/1655/568/117
f 1668/1800/650/127 1670/1801/650/127 1669/1802/650/127 1667/1803/650/127
f 1714/1846/678/130 1716/1847/678/130 1715/1848/678/130 1713/1849/678/130
f 1728/1860/683/132 1730/1861/683/132 1729/1862/683/132 1727/1863/683/132
f 1732/1864/684/133 1734/1865/684/133 1733/1866/684/133 1731/1867/684/133
f 1736/1868/685/134 1738/1869/685/134 1737/1870/685/134 1735/1871/685/134
f 1740/1872/686/135 1742/1873/686/135 1741/1874/686/135 1739/1875/686/135
f 1798/1930/723/139 1800/1931/723/139 1799/1932/723/139 1797/1933/723/139
f 1802/1934/724/140 1804/1935/724/140 1803/1936/724/140 1801/1937/724/140
f 1836/1968/740/143 1838/1969/740/143 1837/1970/740/143 1835/1971/740/143
f 1840/1972/741/144 1842/1973/741/144 1841/1974/741/144 1839/1975/741/144
f 1906/2038/777/149 1908/2039/777/149 1907/2040/777/149 1905/2041/777/149
f 1910/2042/778/150 1912/2043/778/150 1911/2044/778/150 1909/2045/778/150
f 1944/2076/794/153 1946/2077/794/153 1945/2078/794/153 1943/2079/794/153
f 1948/2080/795/154 1950/2081/795/154 1949/2082/795/154 1947/2083/795/154
f 2016/2148/836/159 2018/2149/836/159 2017/2150/836/159 2015/2151/836/159
f 2020/2152/837/160 2022/2153/837/160 2021/2154/837/160 2019/2155/837/160
f 2024/2156/838/161 2026/2157/838/161 2025/2158/838/161 2023/2159/838/161
f 2058/2190/854/164 2060/2191/854/164 2059/2192/854/164 2057/2193/854/164
f 2124/2256/890/169 2126/2257/890/169 2125/2258/890/169 2123/2259/890/169
f 2128/2260/891/170 2130/2261/891/170 2129/2262/891/170 2127/2263/891/170
f 2162/2294/907/173 2164/2295/907/173 2163/2296/907/173 2161/2297/907/173
f 2166/2298/908/174 2168/2299/908/174 2167/2300/908/174 2165/2301/908/174
f 2234/2366/949/179 2236/2367/949/179 2235/2368/949/179 2233/2369/949/179
f 2238/2370/950/180 2240/2371/950/180 2239/2372/950/180 2237/2373/950/180
f 2242/2374/951/181 2244/2375/951/181 2243/2376/951/181 2241/2377/951/181
usemtl yamagake01
s off
f 367/424/137/26 368/425/138/26 369/426/139/26 370/427/137/26
f 371/428/140/26 368/425/141/26 372/429/142/26 373/430/140/26
f 374/431/143/26 375/432/143/26 376/433/143/26 377/434/143/26
f 378/435/144/26 379/436/145/26 367/424/145/26 380/437/146/26
f 368/425/138/26 371/428/147/26 381/438/147/26 369/426/139/26
f 376/433/148/26 378/435/144/26 380/437/146/26 377/434/148/26
f 368/425/141/26 367/424/149/26 379/436/149/26 372/429/142/26
f 380/437/150/26 367/424/137/26 370/427/137/26 382/439/150/26
f 383/440/151/26 371/428/152/26 384/441/153/26 385/442/151/26
f 1057/1171/300/78 1058/1172/301/78 1059/1173/302/78 1060/1174/300/78
f 1061/1175/303/78 1058/1172/304/78 1062/1176/305/78 1063/1177/303/78
f 1064/1178/306/78 1065/1179/306/78 1066/1180/306/78 1067/1181/306/78
f 1068/1182/307/78 1069/1183/308/78 1057/1171/308/78 1070/1184/309/78
f 1058/1172/301/78 1061/1175/310/78 1071/1185/310/78 1059/1173/302/78
f 1066/1180/311/78 1068/1182/307/78 1070/1184/309/78 1067/1181/311/78
f 1058/1172/304/78 1057/1171/312/78 1069/1183/312/78 1062/1176/305/78
f 1070/1184/313/78 1057/1171/300/78 1060/1174/300/78 1072/1186/313/78
f 1073/1187/314/78 1061/1175/315/78 1074/1188/316/78 1075/1189/314/78
f 384/441/153/26 371/428/152/26 373/430/154/26
f 386/443/155/26 387/444/156/26 383/440/157/26
f 387/444/156/26 381/438/158/26 383/440/157/26
f 381/438/159/26 387/444/160/26 369/426/161/26
f 387/444/160/26 370/427/162/26 369/426/161/26
f 385/442/163/26 374/431/164/26 386/443/165/26
f 374/431/164/26 377/434/166/26 386/443/165/26
f 377/445/167/26 380/446/167/26 386/443/167/26
f 385/442/168/26 386/443/168/26 383/440/168/26
f 386/447/169/26 382/448/169/26 387/449/169/26
f 382/439/170/26 370/427/170/26 387/444/170/26
f 386/443/171/26 380/450/171/26 382/451/171/26
f 371/428/172/26 383/440/172/26 381/438/172/26
f 385/442/173/26 375/432/173/26 374/431/173/26
f 1074/1188/316/78 1061/1175/315/78 1063/1177/317/78
f 1076/1190/318/78 1077/1191/319/78 1073/1187/320/78
f 1077/1191/319/78 1071/1185/321/78 1073/1187/320/78
f 1071/1185/322/78 1077/1191/323/78 1059/1173/324/78
f 1077/1191/323/78 1060/1174/325/78 1059/1173/324/78
f 1075/1189/326/78 1064/1178/327/78 1076/1190/328/78
f 1064/1178/327/78 1067/1181/329/78 1076/1190/328/78
f 1067/1192/330/78 1070/1193/330/78 1076/1190/330/78
f 1075/1189/331/78 1076/1190/331/78 1073/1187/331/78
f 1076/1194/332/78 1072/1195/332/78 1077/1196/332/78
f 1072/1186/333/78 1060/1174/333/78 1077/1191/333/78
f 1076/1190/334/78 1070/1197/334/78 1072/1198/334/78
f 1061/1175/335/78 1073/1187/335/78 1071/1185/335/78
f 1075/1189/336/78 1065/1179/336/78 1064/1178/336/78
usemtl gake_futa
s off
f 59/78/41/4 60/79/42/4 61/80/43/4 62/81/41/4
f 63/82/44/4 60/79/45/4 64/83/46/4 65/84/44/4
f 66/85/47/4 67/86/47/4 68/87/47/4 69/88/47/4
f 70/89/48/4 71/90/49/4 59/78/49/4 72/91/50/4
f 60/79/42/4 63/82/51/4 73/92/51/4 61/80/43/4
f 68/87/52/4 70/89/48/4 72/91/50/4 69/88/52/4
f 60/79/45/4 59/78/53/4 71/90/53/4 64/83/46/4
f 72/91/54/4 59/78/41/4 62/81/41/4 74/93/54/4
f 75/94/55/4 63/82/56/4 76/95/57/4 77/96/55/4
f 915/1010/253/68 916/1011/254/68 917/1012/255/68 918/1013/253/68
f 919/1014/256/68 916/1011/257/68 920/1015/258/68 921/1016/256/68
f 922/1017/259/68 923/1018/259/68 924/1019/259/68 925/1020/259/68
f 926/1021/260/68 927/1022/261/68 915/1010/261/68 928/1023/262/68
f 916/1011/254/68 919/1014/263/68 929/1024/263/68 917/1012/255/68
f 924/1019/264/68 926/1021/260/68 928/1023/262/68 925/1020/264/68
f 916/1011/257/68 915/1010/265/68 927/1022/265/68 920/1015/258/68
f 928/1023/266/68 915/1010/253/68 918/1013/253/68 930/1025/266/68
f 931/1026/267/68 919/1014/268/68 932/1027/269/68 933/1028/267/68
f 76/95/57/4 63/82/56/4 65/84/58/4
f 78/97/59/4 79/98/60/4 75/94/61/4
f 79/98/60/4 73/92/62/4 75/94/61/4
f 73/92/63/4 79/98/64/4 61/80/65/4
f 79/98/64/4 62/81/66/4 61/80/65/4
f 77/96/67/4 66/85/68/4 78/97/69/4
f 66/85/68/4 69/88/70/4 78/97/69/4
f 69/99/71/4 72/100/71/4 78/97/71/4
f 77/96/72/4 78/97/72/4 75/94/72/4
f 78/101/73/4 74/102/73/4 79/103/73/4
f 74/93/74/4 62/81/74/4 79/98/74/4
f 78/97/75/4 72/104/75/4 74/105/75/4
f 63/82/76/4 75/94/76/4 73/92/76/4
f 77/96/77/4 67/86/77/4 66/85/77/4
f 932/1027/269/68 919/1014/268/68 921/1016/270/68
f 934/1029/271/68 935/1030/272/68 931/1026/273/68
f 935/1030/272/68 929/1024/274/68 931/1026/273/68
f 929/1024/275/68 935/1030/276/68 917/1012/277/68
f 935/1030/276/68 918/1013/278/68 917/1012/277/68
f 933/1028/279/68 922/1017/280/68 934/1029/281/68
f 922/1017/280/68 925/1020/282/68 934/1029/281/68
f 925/1031/283/68 928/1032/283/68 934/1029/283/68
f 933/1028/284/68 934/1029/284/68 931/1026/284/68
f 934/1033/285/68 930/1034/285/68 935/1035/285/68
f 930/1025/286/68 918/1013/286/68 935/1030/286/68
f 934/1029/287/68 928/1036/287/68 930/1037/287/68
f 919/1014/288/68 931/1026/288/68 929/1024/288/68
f 933/1028/289/68 923/1018/289/68 922/1017/289/68
usemtl kusa_ec3
s off
f 11/9/1/1 12/10/1/1 9/11/1/1 10/12/1/1
f 23/21/2/2 24/22/2/2 21/23/2/2 22/24/2/2
f 103/139/79/5 104/140/79/5 101/141/79/5 102/142/79/5
f 115/151/80/6 116/152/80/6 113/153/80/6 114/154/80/6
f 127/163/81/7 128/164/81/7 125/165/81/7 126/166/81/7
f 139/175/82/8 140/176/82/8 137/177/82/8 138/178/82/8
f 151/187/83/9 152/188/83/9 149/189/83/9 150/190/83/9
f 163/199/84/10 164/200/84/10 161/201/84/10 162/202/84/10
f 175/211/85/11 176/212/85/11 173/213/85/11 174/214/85/11
f 187/223/86/12 188/224/86/12 185/225/86/12 186/226/86/12
f 199/235/87/13 200/236/87/13 197/237/87/13 198/238/87/13
f 211/247/88/14 212/248/88/14 209/249/88/14 210/250/88/14
f 223/259/89/15 224/260/89/15 221/261/89/15 222/262/89/15
f 235/271/90/16 236/272/90/16 233/273/90/16 234/274/90/16
f 247/283/91/17 248/284/91/17 245/285/91/17 246/286/91/17
f 259/295/92/18 260/296/92/18 257/297/92/18 258/298/92/18
f 271/307/93/19 272/308/93/19 269/309/93/19 270/310/93/19
f 317/372/132/21 318/373/132/21 315/374/132/21 316/375/132/21
f 329/384/133/22 330/385/133/22 327/386/133/22 328/387/133/22
f 341/396/134/23 342/397/134/23 339/398/134/23 340/399/134/23
f 353/408/135/24 354/409/135/24 351/410/135/24 352/411/135/24
f 365/420/136/25 366/421/136/25 363/422/136/25 364/423/136/25
f 411/485/175/27 412/486/175/27 409/487/175/27 410/488/175/27
f 423/497/176/28 424/498/176/28 421/499/176/28 422/500/176/28
f 435/509/177/29 436/510/177/29 433/511/177/29 434/512/177/29
f 447/521/178/30 448/522/178/30 445/523/178/30 446/524/178/30
f 459/533/179/31 460/534/179/31 457/535/179/31 458/536/179/31
f 471/545/180/32 472/546/180/32 469/547/180/32 470/548/180/32
f 483/557/181/33 484/558/181/33 481/559/181/33 482/560/181/33
f 495/569/182/34 496/570/182/34 493/571/182/34 494/572/182/34
f 507/581/183/35 508/582/183/35 505/583/183/35 506/584/183/35
f 519/593/184/36 520/594/184/36 517/595/184/36 518/596/184/36
f 531/605/185/37 532/606/185/37 529/607/185/37 530/608/185/37
f 543/617/186/38 544/618/186/38 541/619/186/38 542/620/186/38
f 555/629/187/39 556/630/187/39 553/631/187/39 554/632/187/39
f 567/641/188/40 568/642/188/40 565/643/188/40 566/644/188/40
f 579/653/189/41 580/654/189/41 577/655/189/41 578/656/189/41
f 591/665/190/42 592/666/190/42 589/667/190/42 590/668/190/42
f 603/677/191/43 604/678/191/43 601/679/191/43 602/680/191/43
f 615/689/192/44 616/690/192/44 613/691/192/44 614/692/192/44
f 627/701/193/45 628/702/193/45 625/703/193/45 626/704/193/45
f 639/713/194/46 640/714/194/46 637/715/194/46 638/716/194/46
f 651/725/195/47 652/726/195/47 649/727/195/47 650/728/195/47
f 663/737/196/48 664/738/196/48 661/739/196/48 662/740/196/48
f 675/749/197/49 676/750/197/49 673/751/197/49 674/752/197/49
f 687/761/198/50 688/762/198/50 685/763/198/50 686/764/198/50
f 733/826/237/52 734/827/237/52 731/828/237/52 732/829/237/52
f 745/838/238/53 746/839/238/53 743/840/238/53 744/841/238/53
f 757/850/239/54 758/851/239/54 755/852/239/54 756/853/239/54
f 769/862/240/55 770/863/240/55 767/864/240/55 768/865/240/55
f 781/874/241/56 782/875/241/56 779/876/241/56 780/877/241/56
f 793/886/242/57 794/887/242/57 791/888/242/57 792/889/242/57
f 805/898/243/58 806/899/243/58 803/900/243/58 804/901/243/58
f 817/910/244/59 818/911/244/59 815/912/244/59 816/913/244/59
f 829/922/245/60 830/923/245/60 827/924/245/60 828/925/245/60
f 841/934/246/61 842/935/246/61 839/936/246/61 840/937/246/61
f 853/946/247/62 854/947/247/62 851/948/247/62 852/949/247/62
f 865/958/248/63 866/959/248/63 863/960/248/63 864/961/248/63
f 877/970/249/64 878/971/249/64 875/972/249/64 876/973/249/64
f 889/982/250/65 890/983/250/65 887/984/250/65 888/985/250/65
f 901/994/251/66 902/995/251/66 899/996/251/66 900/997/251/66
f 913/1006/252/67 914/1007/252/67 911/1008/252/67 912/1009/252/67
f 959/1071/291/69 960/1072/291/69 957/1073/291/69 958/1074/291/69
f 971/1083/292/70 972/1084/292/70 969/1085/292/70 970/1086/292/70
f 983/1095/293/71 984/1096/293/71 981/1097/293/71 982/1098/293/71
f 995/1107/294/72 996/1108/294/72 993/1109/294/72 994/1110/294/72
f 1007/1119/295/73 1008/1120/295/73 1005/1121/295/73 1006/1122/295/73
f 1019/1131/296/74 1020/1132/296/74 1017/1133/296/74 1018/1134/296/74
f 1031/1143/297/75 1032/1144/297/75 1029/1145/297/75 1030/1146/297/75
f 1043/1155/298/76 1044/1156/298/76 1041/1157/298/76 1042/1158/298/76
f 1055/1167/299/77 1056/1168/299/77 1053/1169/299/77 1054/1170/299/77
usemtl kusa_ec1
s off
f 3/1/1/1 4/2/1/1 1/3/1/1 2/4/1/1
f 15/13/2/2 16/14/2/2 13/15/2/2 14/16/2/2
f 95/131/79/5 96/132/79/5 93/133/79/5 94/134/79/5
f 107/143/80/6 108/144/80/6 105/145/80/6 106/146/80/6
f 119/155/81/7 120/156/81/7 117/157/81/7 118/158/81/7
f 131/167/82/8 132/168/82/8 129/169/82/8 130/170/82/8
f 143/179/83/9 144/180/83/9 141/181/83/9 142/182/83/9
f 155/191/84/10 156/192/84/10 153/193/84/10 154/194/84/10
f 167/203/85/11 168/204/85/11 165/205/85/11 166/206/85/11
f 179/215/86/12 180/216/86/12 177/217/86/12 178/218/86/12
f 191/227/87/13 192/228/87/13 189/229/87/13 190/230/87/13
f 203/239/88/14 204/240/88/14 201/241/88/14 202/242/88/14
f 215/251/89/15 216/252/89/15 213/253/89/15 214/254/89/15
f 227/263/90/16 228/264/90/16 225/265/90/16 226/266/90/16
f 239/275/91/17 240/276/91/17 237/277/91/17 238/278/91/17
f 251/287/92/18 252/288/92/18 249/289/92/18 250/290/92/18
f 263/299/93/19 264/300/93/19 261/301/93/19 262/302/93/19
f 309/364/132/21 310/365/132/21 307/366/132/21 308/367/132/21
f 321/376/133/22 322/377/133/22 319/378/133/22 320/379/133/22
f 333/388/134/23 334/389/134/23 331/390/134/23 332/391/134/23
f 345/400/135/24 346/401/135/24 343/402/135/24 344/403/135/24
f 357/412/136/25 358/413/136/25 355/414/136/25 356/415/136/25
f 403/477/175/27 404/478/175/27 401/479/175/27 402/480/175/27
f 415/489/176/28 416/490/176/28 413/491/176/28 414/492/176/28
f 427/501/177/29 428/502/177/29 425/503/177/29 426/504/177/29
f 439/513/178/30 440/514/178/30 437/515/178/30 438/516/178/30
f 451/525/179/31 452/526/179/31 449/527/179/31 450/528/179/31
f 463/537/180/32 464/538/180/32 461/539/180/32 462/540/180/32
f 475/549/181/33 476/550/181/33 473/551/181/33 474/552/181/33
f 487/561/182/34 488/562/182/34 485/563/182/34 486/564/182/34
f 499/573/183/35 500/574/183/35 497/575/183/35 498/576/183/35
f 511/585/184/36 512/586/184/36 509/587/184/36 510/588/184/36
f 523/597/185/37 524/598/185/37 521/599/185/37 522/600/185/37
f 535/609/186/38 536/610/186/38 533/611/186/38 534/612/186/38
f 547/621/187/39 548/622/187/39 545/623/187/39 546/624/187/39
f 559/633/188/40 560/634/188/40 557/635/188/40 558/636/188/40
f 571/645/189/41 572/646/189/41 569/647/189/41 570/648/189/41
f 583/657/190/42 584/658/190/42 581/659/190/42 582/660/190/42
f 595/669/191/43 596/670/191/43 593/671/191/43 594/672/191/43
f 607/681/192/44 608/682/192/44 605/683/192/44 606/684/192/44
f 619/693/193/45 620/694/193/45 617/695/193/45 618/696/193/45
f 631/705/194/46 632/706/194/46 629/707/194/46 630/708/194/46
f 643/717/195/47 644/718/195/47 641/719/195/47 642/720/195/47
f 655/729/196/48 656/730/196/48 653/731/196/48 654/732/196/48
f 667/741/197/49 668/742/197/49 665/743/197/49 666/744/197/49
f 679/753/198/50 680/754/198/50 677/755/198/50 678/756/198/50
f 725/818/237/52 726/819/237/52 723/820/237/52 724/821/237/52
f 737/830/238/53 738/831/238/53 735/832/238/53 736/833/238/53
f 749/842/239/54 750/843/239/54 747/844/239/54 748/845/239/54
f 761/854/240/55 762/855/240/55 759/856/240/55 760/857/240/55
f 773/866/241/56 774/867/241/56 771/868/241/56 772/869/241/56
f 785/878/242/57 786/879/242/57 783/880/242/57 784/881/242/57
f 797/890/243/58 798/891/243/58 795/892/243/58 796/893/243/58
f 809/902/244/59 810/903/244/59 807/904/244/59 808/905/244/59
f 821/914/245/60 822/915/245/60 819/916/245/60 820/917/245/60
f 833/926/246/61 834/927/246/61 831/928/246/61 832/929/246/61
f 845/938/247/62 846/939/247/62 843/940/247/62 844/941/247/62
f 857/950/248/63 858/951/248/63 855/952/248/63 856/953/248/63
f 869/962/249/64 870/963/249/64 867/964/249/64 868/965/249/64
f 881/974/250/65 882/975/250/65 879/976/250/65 880/977/250/65
f 893/986/251/66 894/987/251/66 891/988/251/66 892/989/251/66
f 905/998/252/67 906/999/252/67 903/1000/252/67 904/1001/252/67
f 951/1063/291/69 952/1064/291/69 949/1065/291/69 950/1066/291/69
f 963/1075/292/70 964/1076/292/70 961/1077/292/70 962/1078/292/70
f 975/1087/293/71 976/1088/293/71 973/1089/293/71 974/1090/293/71
f 987/1099/294/72 988/1100/294/72 985/1101/294/72 986/1102/294/72
f 999/1111/295/73 1000/1112/295/73 997/1113/295/73 998/1114/295/73
f 1011/1123/296/74 1012/1124/296/74 1009/1125/296/74 1010/1126/296/74
f 1023/1135/297/75 1024/1136/297/75 1021/1137/297/75 1022/1138/297/75
f 1035/1147/298/76 1036/1148/298/76 1033/1149/298/76 1034/1150/298/76
f 1047/1159/299/77 1048/1160/299/77 1045/1161/299/77 1046/1162/299/77
usemtl kusa_ec2
s off
f 7/5/1/1 8/6/1/1 5/7/1/1 6/8/1/1
f 19/17/2/2 20/18/2/2 17/19/2/2 18/20/2/2
f 99/135/79/5 100/136/79/5 97/137/79/5 98/138/79/5
f 111/147/80/6 112/148/80/6 109/149/80/6 110/150/80/6
f 123/159/81/7 124/160/81/7 121/161/81/7 122/162/81/7
f 135/171/82/8 136/172/82/8 133/173/82/8 134/174/82/8
f 147/183/83/9 148/184/83/9 145/185/83/9 146/186/83/9
f 159/195/84/10 160/196/84/10 157/197/84/10 158/198/84/10
f 171/207/85/11 172/208/85/11 169/209/85/11 170/210/85/11
f 183/219/86/12 184/220/86/12 181/221/86/12 182/222/86/12
f 195/231/87/13 196/232/87/13 193/233/87/13 194/234/87/13
f 207/243/88/14 208/244/88/14 205/245/88/14 206/246/88/14
f 219/255/89/15 220/256/89/15 217/257/89/15 218/258/89/15
f 231/267/90/16 232/268/90/16 229/269/90/16 230/270/90/16
f 243/279/91/17 244/280/91/17 241/281/91/17 242/282/91/17
f 255/291/92/18 256/292/92/18 253/293/92/18 254/294/92/18
f 267/303/93/19 268/304/93/19 265/305/93/19 266/306/93/19
f 313/368/132/21 314/369/132/21 311/370/132/21 312/371/132/21
f 325/380/133/22 326/381/133/22 323/382/133/22 324/383/133/22
f 337/392/134/23 338/393/134/23 335/394/134/23 336/395/134/23
f 349/404/135/24 350/405/135/24 347/406/135/24 348/407/135/24
f 361/416/136/25 362/417/136/25 359/418/136/25 360/419/136/25
f 407/481/175/27 408/482/175/27 405/483/175/27 406/484/175/27
f 419/493/176/28 420/494/176/28 417/495/176/28 418/496/176/28
f 431/505/177/29 432/506/177/29 429/507/177/29 430/508/177/29
f 443/517/178/30 444/518/178/30 441/519/178/30 442/520/178/30
f 455/529/179/31 456/530/179/31 453/531/179/31 454/532/179/31
f 467/541/180/32 468/542/180/32 465/543/180/32 466/544/180/32
f 479/553/181/33 480/554/181/33 477/555/181/33 478/556/181/33
f 491/565/182/34 492/566/182/34 489/567/182/34 490/568/182/34
f 503/577/183/35 504/578/183/35 501/579/183/35 502/580/183/35
f 515/589/184/36 516/590/184/36 513/591/184/36 514/592/184/36
f 527/601/185/37 528/602/185/37 525/603/185/37 526/604/185/37
f 539/613/186/38 540/614/186/38 537/615/186/38 538/616/186/38
f 551/625/187/39 552/626/187/39 549/627/187/39 550/628/187/39
f 563/637/188/40 564/638/188/40 561/639/188/40 562/640/188/40
f 575/649/189/41 576/650/189/41 573/651/189/41 574/652/189/41
f 587/661/190/42 588/662/190/42 585/663/190/42 586/664/190/42
f 599/673/191/43 600/674/191/43 597/675/191/43 598/676/191/43
f 611/685/192/44 612/686/192/44 609/687/192/44 610/688/192/44
f 623/697/193/45 624/698/193/45 621/699/193/45 622/700/193/45
f 635/709/194/46 636/710/194/46 633/711/194/46 634/712/194/46
f 647/721/195/47 648/722/195/47 645/723/195/47 646/724/195/47
f 659/733/196/48 660/734/196/48 657/735/196/48 658/736/196/48
f 671/745/197/49 672/746/197/49 669/747/197/49 670/748/197/49
f 683/757/198/50 684/758/198/50 681/759/198/50 682/760/198/50
f 729/822/237/52 730/823/237/52 727/824/237/52 728/825/237/52
f 741/834/238/53 742/835/238/53 739/836/238/53 740/837/238/53
f 753/846/239/54 754/847/239/54 751/848/239/54 752/849/239/54
f 765/858/240/55 766/859/240/55 763/860/240/55 764/861/240/55
f 777/870/241/56 778/871/241/56 775/872/241/56 776/873/241/56
f 789/882/242/57 790/883/242/57 787/884/242/57 788/885/242/57
f 801/894/243/58 802/895/243/58 799/896/243/58 800/897/243/58
f 813/906/244/59 814/907/244/59 811/908/244/59 812/909/244/59
f 825/918/245/60 826/919/245/60 823/920/245/60 824/921/245/60
f 837/930/246/61 838/931/246/61 835/932/246/61 836/933/246/61
f 849/942/247/62 850/943/247/62 847/944/247/62 848/945/247/62
f 861/954/248/63 862/955/248/63 859/956/248/63 860/957/248/63
f 873/966/249/64 874/967/249/64 871/968/249/64 872/969/249/64
f 885/978/250/65 886/979/250/65 883/980/250/65 884/981/250/65
f 897/990/251/66 898/991/251/66 895/992/251/66 896/993/251/66
f 909/1002/252/67 910/1003/252/67 907/1004/252/67 908/1005/252/67
f 955/1067/291/69 956/1068/291/69 953/1069/291/69 954/1070/291/69
f 967/1079/292/70 968/1080/292/70 965/1081/292/70 966/1082/292/70
f 979/1091/293/71 980/1092/293/71 977/1093/293/71 978/1094/293/71
f 991/1103/294/72 992/1104/294/72 989/1105/294/72 990/1106/294/72
f 1003/1115/295/73 1004/1116/295/73 1001/1117/295/73 1002/1118/295/73
f 1015/1127/296/74 1016/1128/296/74 1013/1129/296/74 1014/1130/296/74
f 1027/1139/297/75 1028/1140/297/75 1025/1141/297/75 1026/1142/297/75
f 1039/1151/298/76 1040/1152/298/76 1037/1153/298/76 1038/1154/298/76
f 1051/1163/299/77 1052/1164/299/77 1049/1165/299/77 1050/1166/299/77
usemtl wall01_g
s off
f 1091/1224/338/79 1092/1225/339/79 1093/1226/339/79 1094/1227/338/79
f 1092/1225/339/79 1095/1228/340/79 1096/1229/340/79 1093/1226/339/79
f 1097/1230/338/79 1098/1231/338/79 1099/1232/341/79 1100/1233/341/79
f 1113/1246/345/83 1114/1247/346/83 1115/1248/347/83 1116/1249/347/83
f 1117/1250/348/83 1118/1251/345/83 1119/1252/347/83 1120/1253/347/83
f 1133/1266/356/84 1134/1267/357/84 1135/1268/357/84 1136/1269/356/84
f 1134/1267/357/84 1137/1270/358/84 1138/1271/358/84 1135/1268/357/84
f 1139/1272/356/84 1140/1273/356/84 1141/1274/359/84 1142/1275/359/84
f 1170/1298/376/86 1171/1299/377/86 1172/1300/378/86 1173/1301/379/86
f 1174/1302/380/86 1175/1303/381/86 1176/1304/382/86 1177/1305/383/86
f 1175/1303/381/86 1170/1298/376/86 1173/1301/379/86 1176/1304/382/86
f 1187/1320/392/87 1188/1321/393/87 1189/1322/393/87 1190/1323/392/87
f 1188/1321/393/87 1191/1324/394/87 1192/1325/394/87 1189/1322/393/87
f 1193/1326/392/87 1194/1327/392/87 1195/1328/395/87 1196/1329/395/87
f 1197/1330/396/88 1198/1331/397/88 1199/1332/398/88 1200/1333/398/88
f 1201/1334/399/88 1202/1335/396/88 1203/1336/398/88 1204/1337/398/88
f 1225/1358/409/91 1226/1359/410/91 1227/1360/411/91 1228/1361/411/91
f 1229/1362/412/91 1230/1363/409/91 1231/1364/411/91 1232/1365/411/91
f 1245/1378/420/92 1246/1379/421/92 1247/1380/421/92 1248/1381/420/92
f 1246/1379/421/92 1249/1382/422/92 1250/1383/422/92 1247/1380/421/92
f 1251/1384/420/92 1252/1385/420/92 1253/1386/423/92 1254/1387/423/92
f 1294/1422/443/97 1295/1423/444/97 1296/1424/445/97 1297/1425/446/97
f 1298/1426/447/97 1299/1427/448/97 1300/1428/449/97 1301/1429/450/97
f 1299/1427/448/97 1294/1422/443/97 1297/1425/446/97 1300/1428/449/97
f 1311/1444/459/98 1312/1445/460/98 1313/1446/460/98 1314/1447/459/98
f 1312/1445/460/98 1315/1448/461/98 1316/1449/461/98 1313/1446/460/98
f 1317/1450/459/98 1318/1451/459/98 1319/1452/462/98 1320/1453/462/98
f 1321/1454/463/99 1322/1455/464/99 1323/1456/465/99 1324/1457/465/99
f 1325/1458/466/99 1326/1459/463/99 1327/1460/465/99 1328/1461/465/99
f 1345/1478/475/101 1346/1479/476/101 1347/1480/477/101 1348/1481/477/101
f 1349/1482/478/101 1350/1483/475/101 1351/1484/477/101 1352/1485/477/101
f 1365/1498/486/102 1366/1499/487/102 1367/1500/487/102 1368/1501/486/102
f 1366/1499/487/102 1369/1502/488/102 1370/1503/488/102 1367/1500/487/102
f 1371/1504/486/102 1372/1505/486/102 1373/1506/489/102 1374/1507/489/102
f 1410/1538/508/106 1411/1539/509/106 1412/1540/510/106 1413/1541/511/106
f 1414/1542/512/106 1415/1543/513/106 1416/1544/514/106 1417/1545/515/106
f 1415/1543/513/106 1410/1538/508/106 1413/1541/511/106 1416/1544/514/106
f 1427/1560/524/107 1428/1561/525/107 1429/1562/525/107 1430/1563/524/107
f 1428/1561/525/107 1431/1564/526/107 1432/1565/526/107 1429/1562/525/107
f 1433/1566/524/107 1434/1567/524/107 1435/1568/527/107 1436/1569/527/107
f 1471/1604/547/112 1472/1605/548/112 1473/1606/548/112 1474/1607/547/112
f 1472/1605/548/112 1475/1608/549/112 1476/1609/549/112 1473/1606/548/112
f 1477/1610/547/112 1478/1611/547/112 1479/1612/550/112 1480/1613/550/112
f 1481/1614/551/113 1482/1615/552/113 1483/1616/553/113 1484/1617/553/113
f 1485/1618/554/113 1486/1619/551/113 1487/1620/553/113 1488/1621/553/113
f 1509/1642/564/116 1510/1643/565/116 1511/1644/565/116 1512/1645/564/116
f 1510/1643/565/116 1513/1646/566/116 1514/1647/566/116 1511/1644/565/116
f 1515/1648/564/116 1516/1649/564/116 1517/1650/567/116 1518/1651/567/116
f 1523/1656/569/118 1524/1657/570/118 1525/1658/571/118 1526/1659/571/118
f 1527/1660/572/118 1528/1661/569/118 1529/1662/571/118 1530/1663/571/118
f 1543/1676/580/119 1544/1677/581/119 1545/1678/581/119 1546/1679/580/119
f 1544/1677/581/119 1547/1680/582/119 1548/1681/582/119 1545/1678/581/119
f 1549/1682/580/119 1550/1683/580/119 1551/1684/583/119 1552/1685/583/119
f 1553/1686/584/120 1554/1687/585/120 1555/1688/586/120 1556/1689/586/120
f 1557/1690/587/120 1558/1691/584/120 1559/1692/586/120 1560/1693/586/120
f 1573/1706/595/121 1574/1707/596/121 1575/1708/597/121 1576/1709/597/121
f 1577/1710/598/121 1578/1711/595/121 1579/1712/597/121 1580/1713/597/121
f 1593/1726/606/122 1594/1727/607/122 1595/1728/607/122 1596/1729/606/122
f 1594/1727/607/122 1597/1730/608/122 1598/1731/608/122 1595/1728/607/122
f 1599/1732/606/122 1600/1733/606/122 1601/1734/609/122 1602/1735/609/122
f 1608/1736/610/123 1609/1737/611/123 1610/1738/612/123 1611/1739/613/123
f 1612/1740/614/123 1613/1741/615/123 1614/1742/616/123 1615/1743/617/123
f 1613/1741/615/123 1608/1736/610/123 1611/1739/613/123 1614/1742/616/123
f 1625/1758/626/124 1626/1759/627/124 1627/1760/627/124 1628/1761/626/124
f 1626/1759/627/124 1629/1762/628/124 1630/1763/628/124 1627/1760/627/124
f 1631/1764/626/124 1632/1765/626/124 1633/1766/629/124 1634/1767/629/124
f 1635/1768/630/125 1636/1769/631/125 1637/1770/631/125 1638/1771/630/125
f 1636/1769/631/125 1639/1772/632/125 1640/1773/632/125 1637/1770/631/125
f 1641/1774/630/125 1642/1775/630/125 1643/1776/633/125 1644/1777/633/125
f 1676/1804/651/128 1677/1805/652/128 1678/1806/653/128 1679/1807/654/128
f 1680/1808/655/128 1681/1809/656/128 1682/1810/657/128 1683/1811/658/128
f 1681/1809/656/128 1676/1804/651/128 1679/1807/654/128 1682/1810/657/128
f 1693/1826/667/129 1694/1827/668/129 1695/1828/669/129 1696/1829/669/129
f 1697/1830/670/129 1698/1831/667/129 1699/1832/669/129 1700/1833/669/129
f 1748/1876/687/136 1749/1877/688/136 1750/1878/689/136 1751/1879/690/136
f 1752/1880/691/136 1753/1881/692/136 1754/1882/693/136 1755/1883/694/136
f 1753/1881/692/136 1748/1876/687/136 1751/1879/690/136 1754/1882/693/136
f 1765/1898/703/137 1766/1899/704/137 1767/1900/704/137 1768/1901/703/137
f 1766/1899/704/137 1769/1902/705/137 1770/1903/705/137 1767/1900/704/137
f 1771/1904/703/137 1772/1905/703/137 1773/1906/706/137 1774/1907/706/137
f 1805/1938/725/141 1806/1939/726/141 1807/1940/726/141 1808/1941/725/141
f 1806/1939/726/141 1809/1942/727/141 1810/1943/727/141 1807/1940/726/141
f 1811/1944/725/141 1812/1945/725/141 1813/1946/728/141 1814/1947/728/141
f 1815/1948/729/142 1816/1949/730/142 1817/1950/731/142 1818/1951/731/142
f 1819/1952/732/142 1820/1953/729/142 1821/1954/731/142 1822/1955/731/142
f 1848/1976/742/145 1849/1977/743/145 1850/1978/744/145 1851/1979/745/145
f 1852/1980/746/145 1853/1981/747/145 1854/1982/748/145 1855/1983/749/145
f 1853/1981/747/145 1848/1976/742/145 1851/1979/745/145 1854/1982/748/145
f 1865/1998/758/146 1866/1999/759/146 1867/2000/759/146 1868/2001/758/146
f 1866/1999/759/146 1869/2002/760/146 1870/2003/760/146 1867/2000/759/146
f 1871/2004/758/146 1872/2005/758/146 1873/2006/761/146 1874/2007/761/146
f 1875/2008/762/147 1876/2009/763/147 1877/2010/763/147 1878/2011/762/147
f 1876/2009/763/147 1879/2012/764/147 1880/2013/764/147 1877/2010/763/147
f 1881/2014/762/147 1882/2015/762/147 1883/2016/765/147 1884/2017/765/147
f 1885/2018/766/148 1886/2019/767/148 1887/2020/768/148 1888/2021/768/148
f 1889/2022/769/148 1890/2023/766/148 1891/2024/768/148 1892/2025/768/148
f 1913/2046/779/151 1914/2047/780/151 1915/2048/781/151 1916/2049/781/151
f 1917/2050/782/151 1918/2051/779/151 1919/2052/781/151 1920/2053/781/151
f 1933/2066/790/152 1934/2067/791/152 1935/2068/791/152 1936/2069/790/152
f 1934/2067/791/152 1937/2070/792/152 1938/2071/792/152 1935/2068/791/152
f 1939/2072/790/152 1940/2073/790/152 1941/2074/793/152 1942/2075/793/152
f 1956/2084/796/155 1957/2085/797/155 1958/2086/798/155 1959/2087/799/155
f 1960/2088/800/155 1961/2089/801/155 1962/2090/802/155 1963/2091/803/155
f 1961/2089/801/155 1956/2084/796/155 1959/2087/799/155 1962/2090/802/155
f 1973/2106/812/156 1974/2107/813/156 1975/2108/813/156 1976/2109/812/156
f 1974/2107/813/156 1977/2110/814/156 1978/2111/814/156 1975/2108/813/156
f 1979/2112/812/156 1980/2113/812/156 1981/2114/815/156 1982/2115/815/156
f 1983/2116/816/157 1984/2117/817/157 1985/2118/817/157 1986/2119/816/157
f 1984/2117/817/157 1987/2120/818/157 1988/2121/818/157 1985/2118/817/157
f 1989/2122/816/157 1990/2123/816/157 1991/2124/819/157 1992/2125/819/157
f 2027/2160/839/162 2028/2161/840/162 2029/2162/840/162 2030/2163/839/162
f 2028/2161/840/162 2031/2164/841/162 2032/2165/841/162 2029/2162/840/162
f 2033/2166/839/162 2034/2167/839/162 2035/2168/842/162 2036/2169/842/162
f 2037/2170/843/163 2038/2171/844/163 2039/2172/845/163 2040/2173/845/163
f 2041/2174/846/163 2042/2175/843/163 2043/2176/845/163 2044/2177/845/163
f 2066/2194/855/165 2067/2195/856/165 2068/2196/857/165 2069/2197/858/165
f 2070/2198/859/165 2071/2199/860/165 2072/2200/861/165 2073/2201/862/165
f 2071/2199/860/165 2066/2194/855/165 2069/2197/858/165 2072/2200/861/165
f 2083/2216/871/166 2084/2217/872/166 2085/2218/872/166 2086/2219/871/166
f 2084/2217/872/166 2087/2220/873/166 2088/2221/873/166 2085/2218/872/166
f 2089/2222/871/166 2090/2223/871/166 2091/2224/874/166 2092/2225/874/166
f 2093/2226/875/167 2094/2227/876/167 2095/2228/876/167 2096/2229/875/167
f 2094/2227/876/167 2097/2230/877/167 2098/2231/877/167 2095/2228/876/167
f 2099/2232/875/167 2100/2233/875/167 2101/2234/878/167 2102/2235/878/167
f 2103/2236/879/168 2104/2237/880/168 2105/2238/881/168 2106/2239/881/168
f 2107/2240/882/168 2108/2241/879/168 2109/2242/881/168 2110/2243/881/168
f 2131/2264/892/171 2132/2265/893/171 2133/2266/894/171 2134/2267/894/171
f 2135/2268/895/171 2136/2269/892/171 2137/2270/894/171 2138/2271/894/171
f 2151/2284/903/172 2152/2285/904/172 2153/2286/904/172 2154/2287/903/172
f 2152/2285/904/172 2155/2288/905/172 2156/2289/905/172 2153/2286/904/172
f 2157/2290/903/172 2158/2291/903/172 2159/2292/906/172 2160/2293/906/172
f 2174/2302/909/175 2175/2303/910/175 2176/2304/911/175 2177/2305/912/175
f 2178/2306/913/175 2179/2307/914/175 2180/2308/915/175 2181/2309/916/175
f 2179/2307/914/175 2174/2302/909/175 2177/2305/912/175 2180/2308/915/175
f 2191/2324/925/176 2192/2325/926/176 2193/2326/926/176 2194/2327/925/176
f 2192/2325/926/176 2195/2328/927/176 2196/2329/927/176 2193/2326/926/176
f 2197/2330/925/176 2198/2331/925/176 2199/2332/928/176 2200/2333/928/176
f 2201/2334/929/177 2202/2335/930/177 2203/2336/930/177 2204/2337/929/177
f 2202/2335/930/177 2205/2338/931/177 2206/2339/931/177 2203/2336/930/177
f 2207/2340/929/177 2208/2341/929/177 2209/2342/932/177 2210/2343/932/177
f 1121/1254/349/83 1122/1255/350/83 1123/1256/345/83
f 1122/1255/350/83 1124/1257/351/83 1123/1256/345/83
f 1123/1256/345/83 1124/1257/351/83 1125/1258/352/83
f 1126/1259/353/83 1127/1260/351/83 1128/1261/345/83
f 1127/1260/351/83 1129/1262/354/83 1128/1261/345/83
f 1130/1263/355/83 1131/1264/345/83 1132/1265/352/83
f 1178/1306/384/86 1179/1307/385/86 1180/1308/386/86
f 1179/1307/385/86 1181/1309/387/86 1180/1308/386/86
f 1180/1308/386/86 1181/1309/387/86 1182/1310/388/86
f 1181/1309/387/86 1183/1311/389/86 1182/1310/388/86
f 1184/1312/388/86 1185/1313/390/86 1186/1314/391/86
f 1205/1338/400/88 1206/1339/401/88 1207/1340/396/88
f 1206/1339/401/88 1208/1341/402/88 1207/1340/396/88
f 1207/1340/396/88 1208/1341/402/88 1209/1342/403/88
f 1210/1343/404/88 1211/1344/402/88 1212/1345/396/88
f 1211/1344/402/88 1213/1346/405/88 1212/1345/396/88
f 1214/1347/406/88 1215/1348/396/88 1216/1349/403/88
f 1233/1366/413/91 1234/1367/414/91 1235/1368/409/91
f 1234/1367/414/91 1236/1369/415/91 1235/1368/409/91
f 1235/1368/409/91 1236/1369/415/91 1237/1370/416/91
f 1238/1371/417/91 1239/1372/415/91 1240/1373/409/91
f 1239/1372/415/91 1241/1374/418/91 1240/1373/409/91
f 1242/1375/419/91 1243/1376/409/91 1244/1377/416/91
f 1302/1430/451/97 1303/1431/452/97 1304/1432/453/97
f 1303/1431/452/97 1305/1433/454/97 1304/1432/453/97
f 1304/1432/453/97 1305/1433/454/97 1306/1434/455/97
f 1305/1433/454/97 1307/1435/456/97 1306/1434/455/97
f 1308/1436/455/97 1309/1437/457/97 1310/1438/458/97
f 1329/1462/467/99 1330/1463/468/99 1331/1464/463/99
f 1330/1463/468/99 1332/1465/469/99 1331/1464/463/99
f 1331/1464/463/99 1332/1465/469/99 1333/1466/470/99
f 1334/1467/471/99 1335/1468/469/99 1336/1469/463/99
f 1335/1468/469/99 1337/1470/472/99 1336/1469/463/99
f 1338/1471/473/99 1339/1472/463/99 1340/1473/470/99
f 1353/1486/479/101 1354/1487/480/101 1355/1488/475/101
f 1354/1487/480/101 1356/1489/481/101 1355/1488/475/101
f 1355/1488/475/101 1356/1489/481/101 1357/1490/482/101
f 1358/1491/483/101 1359/1492/481/101 1360/1493/475/101
f 1359/1492/481/101 1361/1494/484/101 1360/1493/475/101
f 1362/1495/485/101 1363/1496/475/101 1364/1497/482/101
f 1418/1546/516/106 1419/1547/517/106 1420/1548/518/106
f 1419/1547/517/106 1421/1549/519/106 1420/1548/518/106
f 1420/1548/518/106 1421/1549/519/106 1422/1550/520/106
f 1421/1549/519/106 1423/1551/521/106 1422/1550/520/106
f 1424/1552/520/106 1425/1553/522/106 1426/1554/523/106
f 1489/1622/555/113 1490/1623/556/113 1491/1624/551/113
f 1490/1623/556/113 1492/1625/557/113 1491/1624/551/113
f 1491/1624/551/113 1492/1625/557/113 1493/1626/558/113
f 1494/1627/559/113 1495/1628/557/113 1496/1629/551/113
f 1495/1628/557/113 1497/1630/560/113 1496/1629/551/113
f 1498/1631/561/113 1499/1632/551/113 1500/1633/558/113
f 1531/1664/573/118 1532/1665/574/118 1533/1666/569/118
f 1532/1665/574/118 1534/1667/575/118 1533/1666/569/118
f 1533/1666/569/118 1534/1667/575/118 1535/1668/576/118
f 1536/1669/577/118 1537/1670/575/118 1538/1671/569/118
f 1537/1670/575/118 1539/1672/578/118 1538/1671/569/118
f 1540/1673/579/118 1541/1674/569/118 1542/1675/576/118
f 1561/1694/588/120 1562/1695/589/120 1563/1696/584/120
f 1562/1695/589/120 1564/1697/590/120 1563/1696/584/120
f 1563/1696/584/120 1564/1697/590/120 1565/1698/591/120
f 1566/1699/592/120 1567/1700/590/120 1568/1701/584/120
f 1567/1700/590/120 1569/1702/593/120 1568/1701/584/120
f 1570/1703/594/120 1571/1704/584/120 1572/1705/591/120
f 1581/1714/599/121 1582/1715/600/121 1583/1716/595/121
f 1582/1715/600/121 1584/1717/601/121 1583/1716/595/121
f 1583/1716/595/121 1584/1717/601/121 1585/1718/602/121
f 1586/1719/603/121 1587/1720/601/121 1588/1721/595/121
f 1587/1720/601/121 1589/1722/604/121 1588/1721/595/121
f 1590/1723/605/121 1591/1724/595/121 1592/1725/602/121
f 1616/1744/618/123 1617/1745/619/123 1618/1746/620/123
f 1617/1745/619/123 1619/1747/621/123 1618/1746/620/123
f 1618/1746/620/123 1619/1747/621/123 1620/1748/622/123
f 1619/1747/621/123 1621/1749/623/123 1620/1748/622/123
f 1622/1750/622/123 1623/1751/624/123 1624/1752/625/123
f 1684/1812/659/128 1685/1813/660/128 1686/1814/661/128
f 1685/1813/660/128 1687/1815/662/128 1686/1814/661/128
f 1686/1814/661/128 1687/1815/662/128 1688/1816/663/128
f 1687/1815/662/128 1689/1817/664/128 1688/1816/663/128
f 1690/1818/663/128 1691/1819/665/128 1692/1820/666/128
f 1701/1834/671/129 1702/1835/672/129 1703/1836/667/129
f 1702/1835/672/129 1704/1837/673/129 1703/1836/667/129
f 1703/1836/667/129 1704/1837/673/129 1705/1838/674/129
f 1706/1839/675/129 1707/1840/673/129 1708/1841/667/129
f 1707/1840/673/129 1709/1842/676/129 1708/1841/667/129
f 1710/1843/677/129 1711/1844/667/129 1712/1845/674/129
f 1756/1884/695/136 1757/1885/696/136 1758/1886/697/136
f 1757/1885/696/136 1759/1887/698/136 1758/1886/697/136
f 1758/1886/697/136 1759/1887/698/136 1760/1888/699/136
f 1759/1887/698/136 1761/1889/700/136 1760/1888/699/136
f 1762/1890/699/136 1763/1891/701/136 1764/1892/702/136
f 1823/1956/733/142 1824/1957/734/142 1825/1958/729/142
f 1824/1957/734/142 1826/1959/735/142 1825/1958/729/142
f 1825/1958/729/142 1826/1959/735/142 1827/1960/736/142
f 1828/1961/737/142 1829/1962/735/142 1830/1963/729/142
f 1829/1962/735/142 1831/1964/738/142 1830/1963/729/142
f 1832/1965/739/142 1833/1966/729/142 1834/1967/736/142
f 1856/1984/750/145 1857/1985/751/145 1858/1986/752/145
f 1857/1985/751/145 1859/1987/753/145 1858/1986/752/145
f 1858/1986/752/145 1859/1987/753/145 1860/1988/754/145
f 1859/1987/753/145 1861/1989/755/145 1860/1988/754/145
f 1862/1990/754/145 1863/1991/756/145 1864/1992/757/145
f 1893/2026/770/148 1894/2027/771/148 1895/2028/766/148
f 1894/2027/771/148 1896/2029/772/148 1895/2028/766/148
f 1895/2028/766/148 1896/2029/772/148 1897/2030/773/148
f 1898/2031/774/148 1899/2032/772/148 1900/2033/766/148
f 1899/2032/772/148 1901/2034/775/148 1900/2033/766/148
f 1902/2035/776/148 1903/2036/766/148 1904/2037/773/148
f 1921/2054/783/151 1922/2055/784/151 1923/2056/779/151
f 1922/2055/784/151 1924/2057/785/151 1923/2056/779/151
f 1923/2056/779/151 1924/2057/785/151 1925/2058/786/151
f 1926/2059/787/151 1927/2060/785/151 1928/2061/779/151
f 1927/2060/785/151 1929/2062/788/151 1928/2061/779/151
f 1930/2063/789/151 1931/2064/779/151 1932/2065/786/151
f 1964/2092/804/155 1965/2093/805/155 1966/2094/806/155
f 1965/2093/805/155 1967/2095/807/155 1966/2094/806/155
f 1966/2094/806/155 1967/2095/807/155 1968/2096/808/155
f 1967/2095/807/155 1969/2097/809/155 1968/2096/808/155
f 1970/2098/808/155 1971/2099/810/155 1972/2100/811/155
f 2045/2178/847/163 2046/2179/848/163 2047/2180/843/163
f 2046/2179/848/163 2048/2181/849/163 2047/2180/843/163
f 2047/2180/843/163 2048/2181/849/163 2049/2182/850/163
f 2050/2183/851/163 2051/2184/849/163 2052/2185/843/163
f 2051/2184/849/163 2053/2186/852/163 2052/2185/843/163
f 2054/2187/853/163 2055/2188/843/163 2056/2189/850/163
f 2074/2202/863/165 2075/2203/864/165 2076/2204/865/165
f 2075/2203/864/165 2077/2205/866/165 2076/2204/865/165
f 2076/2204/865/165 2077/2205/866/165 2078/2206/867/165
f 2077/2205/866/165 2079/2207/868/165 2078/2206/867/165
f 2080/2208/867/165 2081/2209/869/165 2082/2210/870/165
f 2111/2244/883/168 2112/2245/884/168 2113/2246/879/168
f 2112/2245/884/168 2114/2247/885/168 2113/2246/879/168
f 2113/2246/879/168 2114/2247/885/168 2115/2248/886/168
f 2116/2249/887/168 2117/2250/885/168 2118/2251/879/168
f 2117/2250/885/168 2119/2252/888/168 2118/2251/879/168
f 2120/2253/889/168 2121/2254/879/168 2122/2255/886/168
f 2139/2272/896/171 2140/2273/897/171 2141/2274/892/171
f 2140/2273/897/171 2142/2275/898/171 2141/2274/892/171
f 2141/2274/892/171 2142/2275/898/171 2143/2276/899/171
f 2144/2277/900/171 2145/2278/898/171 2146/2279/892/171
f 2145/2278/898/171 2147/2280/901/171 2146/2279/892/171
f 2148/2281/902/171 2149/2282/892/171 2150/2283/899/171
f 2182/2310/917/175 2183/2311/918/175 2184/2312/919/175
f 2183/2311/918/175 2185/2313/920/175 2184/2312/919/175
f 2184/2312/919/175 2185/2313/920/175 2186/2314/921/175
f 2185/2313/920/175 2187/2315/922/175 2186/2314/921/175
f 2188/2316/921/175 2189/2317/923/175 2190/2318/924/175
usemtl cliff01
s off
f 25/25/3/3 26/26/4/3 27/27/5/3 28/28/3/3
f 29/29/6/3 26/26/7/3 30/30/8/3 31/31/6/3
f 32/32/9/3 33/33/9/3 34/34/9/3 35/35/9/3
f 36/36/10/3 37/37/11/3 25/25/11/3 38/38/12/3
f 26/26/4/3 29/29/13/3 39/39/13/3 27/27/5/3
f 34/34/14/3 36/36/10/3 38/38/12/3 35/35/14/3
f 26/26/7/3 25/25/15/3 37/37/15/3 30/30/8/3
f 38/38/16/3 25/25/3/3 28/28/3/3 40/40/16/3
f 41/41/17/3 29/29/18/3 42/42/19/3 43/43/17/3
f 689/765/199/51 690/766/200/51 691/767/201/51 692/768/199/51
f 693/769/202/51 690/766/203/51 694/770/204/51 695/771/202/51
f 696/772/205/51 697/773/205/51 698/774/205/51 699/775/205/51
f 700/776/206/51 701/777/207/51 689/765/207/51 702/778/208/51
f 690/766/200/51 693/769/209/51 703/779/209/51 691/767/201/51
f 698/774/210/51 700/776/206/51 702/778/208/51 699/775/210/51
f 690/766/203/51 689/765/211/51 701/777/211/51 694/770/204/51
f 702/778/212/51 689/765/199/51 692/768/199/51 704/780/212/51
f 705/781/213/51 693/769/214/51 706/782/215/51 707/783/213/51
f 42/42/19/3 29/29/18/3 31/31/20/3
f 44/44/21/3 45/45/22/3 41/41/23/3
f 45/45/22/3 39/39/24/3 41/41/23/3
f 39/39/25/3 45/45/26/3 27/27/27/3
f 45/45/26/3 28/28/28/3 27/27/27/3
f 43/43/29/3 32/32/30/3 44/44/31/3
f 32/32/30/3 35/35/32/3 44/44/31/3
f 35/46/33/3 38/47/33/3 44/44/33/3
f 43/43/34/3 44/44/34/3 41/41/34/3
f 44/48/35/3 40/49/35/3 45/50/35/3
f 40/40/36/3 28/28/36/3 45/45/36/3
f 44/44/37/3 38/51/37/3 40/52/37/3
f 29/29/38/3 41/41/38/3 39/39/38/3
f 43/43/39/3 33/33/39/3 32/32/39/3
f 706/782/215/51 693/769/214/51 695/771/216/51
f 708/784/217/51 709/785/218/51 705/781/219/51
f 709/785/218/51 703/779/220/51 705/781/219/51
f 703/779/221/51 709/785/222/51 691/767/223/51
f 709/785/222/51 692/768/224/51 691/767/223/51
f 707/783/225/51 696/772/226/51 708/784/227/51
f 696/772/226/51 699/775/228/51 708/784/227/51
f 699/786/229/51 702/787/229/51 708/784/229/51
f 707/783/230/51 708/784/230/51 705/781/230/51
f 708/788/231/51 704/789/231/51 709/790/231/51
f 704/780/232/51 692/768/232/51 709/785/232/51
f 708/784/233/51 702/791/233/51 704/792/233/51
f 693/769/234/51 705/781/234/51 703/779/234/51
f 707/783/235/51 697/773/235/51 696/772/235/51
usemtl beach01
s off
f 1143/1293/374/85 1144/1294/374/85 1145/1295/374/85
f 1144/1294/374/85 1146/1296/374/85 1145/1295/374/85
f 1147/1297/374/85 1146/1296/374/85 1144/1294/374/85
f 1165/1315/390/86 1166/1316/390/86 1167/1317/390/86
f 1166/1316/390/86 1168/1318/390/86 1167/1317/390/86
f 1169/1319/390/86 1168/1318/390/86 1166/1316/390/86
f 1255/1405/438/93 1256/1406/438/93 1257/1407/438/93
f 1256/1406/438/93 1258/1408/438/93 1257/1407/438/93
f 1259/1409/438/93 1258/1408/438/93 1256/1406/438/93
f 1289/1439/457/97 1290/1440/457/97 1291/1441/457/97
f 1290/1440/457/97 1292/1442/457/97 1291/1441/457/97
f 1293/1443/457/97 1292/1442/457/97 1290/1440/457/97
f 1375/1525/504/103 1376/1526/504/103 1377/1527/504/103
f 1376/1526/504/103 1378/1528/504/103 1377/1527/504/103
f 1379/1529/504/103 1378/1528/504/103 1376/1526/504/103
f 1405/1555/522/106 1406/1556/522/106 1407/1557/522/106
f 1406/1556/522/106 1408/1558/522/106 1407/1557/522/106
f 1409/1559/522/106 1408/1558/522/106 1406/1556/522/106
f 1437/1587/542/108 1438/1588/542/108 1439/1589/542/108
f 1438/1588/542/108 1440/1590/542/108 1439/1589/542/108
f 1441/1591/542/108 1440/1590/542/108 1438/1588/542/108
f 1603/1753/624/123 1604/1754/624/123 1605/1755/624/123
f 1604/1754/624/123 1606/1756/624/123 1605/1755/624/123
f 1607/1757/624/123 1606/1756/624/123 1604/1754/624/123
f 1645/1795/648/126 1646/1796/648/126 1647/1797/648/126
f 1646/1796/648/126 1648/1798/648/126 1647/1797/648/126
f 1649/1799/648/126 1648/1798/648/126 1646/1796/648/126
f 1671/1821/665/128 1672/1822/665/128 1673/1823/665/128
f 1672/1822/665/128 1674/1824/665/128 1673/1823/665/128
f 1675/1825/665/128 1674/1824/665/128 1672/1822/665/128
f 1743/1893/701/136 1744/1894/701/136 1745/1895/701/136
f 1744/1894/701/136 1746/1896/701/136 1745/1895/701/136
f 1747/1897/701/136 1746/1896/701/136 1744/1894/701/136
f 1775/1925/721/138 1776/1926/721/138 1777/1927/721/138
f 1776/1926/721/138 1778/1928/721/138 1777/1927/721/138
f 1779/1929/721/138 1778/1928/721/138 1776/1926/721/138
f 1843/1993/756/145 1844/1994/756/145 1845/1995/756/145
f 1844/1994/756/145 1846/1996/756/145 1845/1995/756/145
f 1847/1997/756/145 1846/1996/756/145 1844/1994/756/145
f 1951/2101/810/155 1952/2102/810/155 1953/2103/810/155
f 1952/2102/810/155 1954/2104/810/155 1953/2103/810/155
f 1955/2105/810/155 1954/2104/810/155 1952/2102/810/155
f 1993/2143/834/158 1994/2144/834/158 1995/2145/834/158
f 1994/2144/834/158 1996/2146/834/158 1995/2145/834/158
f 1997/2147/834/158 1996/2146/834/158 1994/2144/834/158
f 2061/2211/869/165 2062/2212/869/165 2063/2213/869/165
f 2062/2212/869/165 2064/2214/869/165 2063/2213/869/165
f 2065/2215/869/165 2064/2214/869/165 2062/2212/869/165
f 2169/2319/923/175 2170/2320/923/175 2171/2321/923/175
f 2170/2320/923/175 2172/2322/923/175 2171/2321/923/175
f 2173/2323/923/175 2172/2322/923/175 2170/2320/923/175
f 2211/2361/947/178 2212/2362/947/178 2213/2363/947/178
f 2212/2362/947/178 2214/2364/947/178 2213/2363/947/178
f 2215/2365/947/178 2214/2364/947/178 2212/2362/947/178
usemtl wallkn_g
s off
f 1148/1276/360/85 1149/1277/361/85 1150/1278/362/85 1151/1279/363/85
f 1152/1280/364/85 1153/1281/365/85 1154/1282/366/85 1155/1283/367/85
f 1153/1281/365/85 1148/1276/360/85 1151/1279/363/85 1154/1282/366/85
f 1260/1388/424/93 1261/1389/425/93 1262/1390/426/93 1263/1391/427/93
f 1264/1392/428/93 1265/1393/429/93 1266/1394/430/93 1267/1395/431/93
f 1265/1393/429/93 1260/1388/424/93 1263/1391/427/93 1266/1394/430/93
f 1380/1508/490/103 1381/1509/491/103 1382/1510/492/103 1383/1511/493/103
f 1384/1512/494/103 1385/1513/495/103 1386/1514/496/103 1387/1515/497/103
f 1385/1513/495/103 1380/1508/490/103 1383/1511/493/103 1386/1514/496/103
f 1442/1570/528/108 1443/1571/529/108 1444/1572/530/108 1445/1573/531/108
f 1446/1574/532/108 1447/1575/533/108 1448/1576/534/108 1449/1577/535/108
f 1447/1575/533/108 1442/1570/528/108 1445/1573/531/108 1448/1576/534/108
f 1650/1778/634/126 1651/1779/635/126 1652/1780/636/126 1653/1781/637/126
f 1654/1782/638/126 1655/1783/639/126 1656/1784/640/126 1657/1785/641/126
f 1655/1783/639/126 1650/1778/634/126 1653/1781/637/126 1656/1784/640/126
f 1717/1850/679/131 1718/1851/680/131 1719/1852/680/131 1720/1853/679/131
f 1718/1851/680/131 1721/1854/681/131 1722/1855/681/131 1719/1852/680/131
f 1723/1856/679/131 1724/1857/679/131 1725/1858/682/131 1726/1859/682/131
f 1780/1908/707/138 1781/1909/708/138 1782/1910/709/138 1783/1911/710/138
f 1784/1912/711/138 1785/1913/712/138 1786/1914/713/138 1787/1915/714/138
f 1785/1913/712/138 1780/1908/707/138 1783/1911/710/138 1786/1914/713/138
f 1998/2126/820/158 1999/2127/821/158 2000/2128/822/158 2001/2129/823/158
f 2002/2130/824/158 2003/2131/825/158 2004/2132/826/158 2005/2133/827/158
f 2003/2131/825/158 1998/2126/820/158 2001/2129/823/158 2004/2132/826/158
f 2216/2344/933/178 2217/2345/934/178 2218/2346/935/178 2219/2347/936/178
f 2220/2348/937/178 2221/2349/938/178 2222/2350/939/178 2223/2351/940/178
f 2221/2349/938/178 2216/2344/933/178 2219/2347/936/178 2222/2350/939/178
f 1156/1284/368/85 1157/1285/369/85 1158/1286/370/85
f 1157/1285/369/85 1159/1287/371/85 1158/1286/370/85
f 1158/1286/370/85 1159/1287/371/85 1160/1288/372/85
f 1159/1287/371/85 1161/1289/373/85 1160/1288/372/85
f 1162/1290/372/85 1163/1291/374/85 1164/1292/375/85
f 1268/1396/432/93 1269/1397/433/93 1270/1398/434/93
f 1269/1397/433/93 1271/1399/435/93 1270/1398/434/93
f 1270/1398/434/93 1271/1399/435/93 1272/1400/436/93
f 1271/1399/435/93 1273/1401/437/93 1272/1400/436/93
f 1274/1402/436/93 1275/1403/438/93 1276/1404/439/93
f 1388/1516/498/103 1389/1517/499/103 1390/1518/500/103
f 1389/1517/499/103 1391/1519/501/103 1390/1518/500/103
f 1390/1518/500/103 1391/1519/501/103 1392/1520/502/103
f 1391/1519/501/103 1393/1521/503/103 1392/1520/502/103
f 1394/1522/502/103 1395/1523/504/103 1396/1524/505/103
f 1450/1578/536/108 1451/1579/537/108 1452/1580/538/108
f 1451/1579/537/108 1453/1581/539/108 1452/1580/538/108
f 1452/1580/538/108 1453/1581/539/108 1454/1582/540/108
f 1453/1581/539/108 1455/1583/541/108 1454/1582/540/108
f 1456/1584/540/108 1457/1585/542/108 1458/1586/543/108
f 1658/1786/642/126 1659/1787/643/126 1660/1788/644/126
f 1659/1787/643/126 1661/1789/645/126 1660/1788/644/126
f 1660/1788/644/126 1661/1789/645/126 1662/1790/646/126
f 1661/1789/645/126 1663/1791/647/126 1662/1790/646/126
f 1664/1792/646/126 1665/1793/648/126 1666/1794/649/126
f 1788/1916/715/138 1789/1917/716/138 1790/1918/717/138
f 1789/1917/716/138 1791/1919/718/138 1790/1918/717/138
f 1790/1918/717/138 1791/1919/718/138 1792/1920/719/138
f 1791/1919/718/138 1793/1921/720/138 1792/1920/719/138
f 1794/1922/719/138 1795/1923/721/138 1796/1924/722/138
f 2006/2134/828/158 2007/2135/829/158 2008/2136/830/158
f 2007/2135/829/158 2009/2137/831/158 2008/2136/830/158
f 2008/2136/830/158 2009/2137/831/158 2010/2138/832/158
f 2009/2137/831/158 2011/2139/833/158 2010/2138/832/158
f 2012/2140/832/158 2013/2141/834/158 2014/2142/835/158
f 2224/2352/941/178 2225/2353/942/178 2226/2354/943/178
f 2225/2353/942/178 2227/2355/944/178 2226/2354/943/178
f 2226/2354/943/178 2227/2355/944/178 2228/2356/945/178
f 2227/2355/944/178 2229/2357/946/178 2228/2356/945/178
f 2230/2358/945/178 2231/2359/947/178 2232/2360/948/178
usemtl d0gake_001b
s off
f 273/311/94/20 274/312/95/20 275/313/96/20 276/314/94/20
f 277/315/97/20 274/312/98/20 278/316/99/20 279/317/97/20
f 280/318/100/20 281/319/100/20 282/320/100/20 283/321/100/20
f 284/322/101/20 285/323/102/20 273/311/102/20 286/324/103/20
f 274/312/95/20 277/315/104/20 287/325/104/20 275/313/96/20
f 282/320/105/20 284/322/101/20 286/324/103/20 283/321/105/20
f 274/312/98/20 273/311/106/20 285/323/106/20 278/316/99/20
f 286/324/107/20 273/311/94/20 276/314/94/20 288/326/107/20
f 289/327/108/20 277/315/109/20 290/328/110/20 291/329/108/20
f 290/328/110/20 277/315/109/20 279/317/111/20
f 292/330/112/20 293/331/113/20 289/327/114/20
f 293/331/113/20 287/325/115/20 289/327/114/20
f 287/325/116/20 293/331/117/20 275/313/118/20
f 293/331/117/20 276/314/119/20 275/313/118/20
f 291/329/120/20 280/318/121/20 292/330/122/20
f 280/318/121/20 283/321/123/20 292/330/122/20
f 283/332/124/20 286/333/124/20 292/330/124/20
f 291/329/125/20 292/330/125/20 289/327/125/20
f 292/334/126/20 288/335/126/20 293/336/126/20
f 288/326/127/20 276/314/127/20 293/331/127/20
f 292/330/128/20 286/337/128/20 288/338/128/20
f 277/315/129/20 289/327/129/20 287/325/129/20
f 291/329/130/20 281/319/130/20 280/318/130/20
usemtl ga_s01a_TRANS
s off
f 46/53/40/3 47/54/40/3 48/55/40/3
f 48/56/40/3 47/54/40/3 49/57/40/3
f 49/58/40/3 47/54/40/3 50/59/40/3
f 50/60/40/3 47/54/40/3 51/61/40/3
f 51/62/40/3 47/54/40/3 52/63/40/3
f 52/64/40/3 47/54/40/3 53/65/40/3
f 53/66/40/3 47/54/40/3 54/67/40/3
f 54/68/40/3 47/54/40/3 55/69/40/3
f 55/70/40/3 47/54/40/3 56/71/40/3
f 56/72/40/3 47/54/40/3 57/73/40/3
f 57/74/40/3 47/54/40/3 58/75/40/3
f 58/76/40/3 47/54/40/3 46/77/40/3
f 80/106/78/4 81/107/78/4 82/108/78/4
f 82/109/78/4 81/107/78/4 83/110/78/4
f 83/111/78/4 81/107/78/4 84/112/78/4
f 84/113/78/4 81/107/78/4 85/114/78/4
f 85/115/78/4 81/107/78/4 86/116/78/4
f 86/117/78/4 81/107/78/4 87/118/78/4
f 87/119/78/4 81/107/78/4 88/120/78/4
f 88/121/78/4 81/107/78/4 89/122/78/4
f 89/123/78/4 81/107/78/4 90/124/78/4
f 90/125/78/4 81/107/78/4 91/126/78/4
f 91/127/78/4 81/107/78/4 92/128/78/4
f 92/129/78/4 81/107/78/4 80/130/78/4
f 294/339/131/20 295/340/131/20 296/341/131/20
f 296/342/131/20 295/340/131/20 297/343/131/20
f 297/344/131/20 295/340/131/20 298/345/131/20
f 298/346/131/20 295/340/131/20 299/347/131/20
f 299/348/131/20 295/340/131/20 300/349/131/20
f 300/350/131/20 295/340/131/20 301/351/131/20
f 301/352/131/20 295/340/131/20 302/353/131/20
f 302/354/131/20 295/340/131/20 303/355/131/20
f 303/356/131/20 295/340/131/20 304/357/131/20
f 304/358/131/20 295/340/131/20 305/359/131/20
f 305/360/131/20 295/340/131/20 306/361/131/20
f 306/362/131/20 295/340/131/20 294/363/131/20
f 388/452/174/26 389/453/174/26 390/454/174/26
f 390/455/174/26 389/453/174/26 391/456/174/26
f 391/457/174/26 389/453/174/26 392/458/174/26
f 392/459/174/26 389/453/174/26 393/460/174/26
f 393/461/174/26 389/453/174/26 394/462/174/26
f 394/463/174/26 389/453/174/26 395/464/174/26
f 395/465/174/26 389/453/174/26 396/466/174/26
f 396/467/174/26 389/453/174/26 397/468/174/26
f 397/469/174/26 389/453/174/26 398/470/174/26
f 398/471/174/26 389/453/174/26 399/472/174/26
f 399/473/174/26 389/453/174/26 400/474/174/26
f 400/475/174/26 389/453/174/26 388/476/174/26
f 710/793/236/51 711/794/236/51 712/795/236/51
f 712/796/236/51 711/794/236/51 713/797/236/51
f 713/798/236/51 711/794/236/51 714/799/236/51
f 714/800/236/51 711/794/236/51 715/801/236/51
f 715/802/236/51 711/794/236/51 716/803/236/51
f 716/804/236/51 711/794/236/51 717/805/236/51
f 717/806/236/51 711/794/236/51 718/807/236/51
f 718/808/236/51 711/794/236/51 719/809/236/51
f 719/810/236/51 711/794/236/51 720/811/236/51
f 720/812/236/51 711/794/236/51 721/813/236/51
f 721/814/236/51 711/794/236/51 722/815/236/51
f 722/816/236/51 711/794/236/51 710/817/236/51
f 936/1038/290/68 937/1039/290/68 938/1040/290/68
f 938/1041/290/68 937/1039/290/68 939/1042/290/68
f 939/1043/290/68 937/1039/290/68 940/1044/290/68
f 940/1045/290/68 937/1039/290/68 941/1046/290/68
f 941/1047/290/68 937/1039/290/68 942/1048/290/68
f 942/1049/290/68 937/1039/290/68 943/1050/290/68
f 943/1051/290/68 937/1039/290/68 944/1052/290/68
f 944/1053/290/68 937/1039/290/68 945/1054/290/68
f 945/1055/290/68 937/1039/290/68 946/1056/290/68
f 946/1057/290/68 937/1039/290/68 947/1058/290/68
f 947/1059/290/68 937/1039/290/68 948/1060/290/68
f 948/1061/290/68 937/1039/290/68 936/1062/290/68
f 1078/1199/337/78 1079/1200/337/78 1080/1201/337/78
f 1080/1202/337/78 1079/1200/337/78 1081/1203/337/78
f 1081/1204/337/78 1079/1200/337/78 1082/1205/337/78
f 1082/1206/337/78 1079/1200/337/78 1083/1207/337/78
f 1083/1208/337/78 1079/1200/337/78 1084/1209/337/78
f 1084/1210/337/78 1079/1200/337/78 1085/1211/337/78
f 1085/1212/337/78 1079/1200/337/78 1086/1213/337/78
f 1086/1214/337/78 1079/1200/337/78 1087/1215/337/78
f 1087/1216/337/78 1079/1200/337/78 1088/1217/337/78
f 1088/1218/337/78 1079/1200/337/78 1089/1219/337/78
f 1089/1220/337/78 1079/1200/337/78 1090/1221/337/78
f 1090/1222/337/78 1079/1200/337/78 1078/1223/337/78
