mtllib Barrier-Reef_11_10.mtl
o map
v -14.5 2.391602 -4.1445312
v -13.660156 2.681641 -4.1445312
v -14.027344 2.986328 -2.986328
v -14.5 2.823242 -2.986327
v -13.311523 3.378906 -4.1445312
v -13.5546875 2.59375 -4.936523
v -13.162109 3.378906 -4.936523
v -15.339844 4.095703 -4.1445312
v -15.4453125 4.095703 -4.936523
v -15.837891 3.378906 -4.936523
v -15.688477 3.378906 -4.1445312
v -15.4453125 2.59375 -4.936523
v -14.5 2.267578 -4.936523
v -15.339844 2.681641 -4.1445312
v -13.831055 3.378906 -2.986328
v -14.972656 2.986328 -2.986328
v -14.027344 3.772461 -2.986328
v -13.5546875 4.165039 -4.936523
v -14.5 4.454101 -4.936523
v -14.928711 3.7373052 -3.7001948
v -14.5 3.378906 -2.460937
v -13.106205 4.114864 -4.8125
v -14.5 3.310267 -4.812499
v -12.890807 3.310267 -4.812499
v -13.106205 2.505671 -4.812498
v -13.695404 1.91731 -4.812498
v -14.5 1.7010751 -4.812498
v -15.304596 1.91731 -4.812498
v -15.893795 2.505671 -4.812498
v -16.109194 3.310267 -4.812499
v -15.893795 4.114864 -4.8125
v -15.304596 4.704064 -4.8125
v -14.5 4.9194613 -4.8125
v -13.695404 4.704064 -4.8125
v -15.0 -13.125 -1.500001
v -11.0 -13.125 -1.500001
v -11.0 -12.125 -1.500001
v -15.0 -12.125 -1.500001
v -15.0 -13.125 -1.625001
v -11.0 -13.125 -1.625001
v -11.0 -12.125 -1.625001
v -15.0 -12.125 -1.625001
v -15.0 -13.125 -1.875001
v -11.0 -13.125 -1.875001
v -11.0 -12.125 -1.875001
v -15.0 -12.125 -1.875001
v -14.608398 12.5 -5.1445312
v -14.318359 11.660156 -5.1445312
v -14.013672 12.027344 -3.986328
v -14.176758 12.5 -3.986327
v -13.621094 11.311523 -5.1445312
v -14.40625 11.5546875 -5.936523
v -13.621094 11.162109 -5.936523
v -12.904297 13.339844 -5.1445312
v -12.904297 13.4453125 -5.936523
v -13.621094 13.837891 -5.936523
v -13.621094 13.688477 -5.1445312
v -14.40625 13.4453125 -5.936523
v -14.732422 12.5 -5.936523
v -14.318359 13.339844 -5.1445312
v -13.621094 11.831055 -3.986328
v -14.013672 12.972656 -3.986328
v -13.227539 12.027344 -3.986328
v -12.834961 11.5546875 -5.936523
v -12.545898 12.5 -5.936523
v -13.262695 12.928711 -4.700195
v -13.621094 12.5 -3.460937
v -12.885136 11.106205 -5.8125
v -13.6897335 12.5 -5.812499
v -13.6897335 10.890807 -5.812499
v -14.494329 11.106205 -5.812498
v -15.08269 11.695404 -5.812498
v -15.298925 12.5 -5.812498
v -15.08269 13.304596 -5.812498
v -14.494329 13.893795 -5.812498
v -13.6897335 14.109193 -5.812499
v -12.885136 13.893795 -5.8125
v -12.295937 13.304596 -5.8125
v -12.080539 12.5 -5.8125
v -12.295937 11.695404 -5.8125
v -14.0 -12.125 -1.500001
v -12.0 -12.125 -1.500001
v -12.0 -11.125 -1.500001
v -14.0 -11.125 -1.500001
v -14.0 -12.125 -1.625001
v -12.0 -12.125 -1.625001
v -12.0 -11.125 -1.625001
v -14.0 -11.125 -1.625001
v -14.0 -12.125 -1.875001
v -12.0 -12.125 -1.875001
v -12.0 -11.125 -1.875001
v -14.0 -11.125 -1.875001
v -14.0 0.875 -4.500001
v -11.0 0.875 -4.500001
v -11.0 1.875 -4.500001
v -14.0 1.875 -4.500001
v -14.0 0.875 -4.625001
v -11.0 0.875 -4.625001
v -11.0 1.875 -4.625001
v -14.0 1.875 -4.625001
v -14.0 0.875 -4.875001
v -11.0 0.875 -4.875001
v -11.0 1.875 -4.875001
v -14.0 1.875 -4.875001
v -13.0 1.875 -4.500001
v -12.0 1.875 -4.500001
v -12.0 3.875 -4.500001
v -13.0 3.875 -4.500001
v -13.0 1.875 -4.625001
v -12.0 1.875 -4.625001
v -12.0 3.875 -4.625001
v -13.0 3.875 -4.625001
v -13.0 1.875 -4.875001
v -12.0 1.875 -4.875001
v -12.0 3.875 -4.875001
v -13.0 3.875 -4.875001
v -12.0 -9.125 -2.500001
v -7.0 -9.125 -2.500001
v -7.0 -8.125 -2.500001
v -12.0 -8.125 -2.500001
v -12.0 -9.125 -2.625001
v -7.0 -9.125 -2.625001
v -7.0 -8.125 -2.625001
v -12.0 -8.125 -2.625001
v -12.0 -9.125 -2.875001
v -7.0 -9.125 -2.875001
v -7.0 -8.125 -2.875001
v -12.0 -8.125 -2.875001
v -12.0 -0.125 -4.500001
v -10.0 -0.125 -4.500001
v -10.0 0.875 -4.500001
v -12.0 0.875 -4.500001
v -12.0 -0.125 -4.625001
v -10.0 -0.125 -4.625001
v -10.0 0.875 -4.625001
v -12.0 0.875 -4.625001
v -12.0 -0.125 -4.875001
v -10.0 -0.125 -4.875001
v -10.0 0.875 -4.875001
v -12.0 0.875 -4.875001
v -12.0 1.875 -4.500001
v -11.0 1.875 -4.500001
v -11.0 2.875 -4.500001
v -12.0 2.875 -4.500001
v -12.0 1.875 -4.625001
v -11.0 1.875 -4.625001
v -11.0 2.875 -4.625001
v -12.0 2.875 -4.625001
v -12.0 1.875 -4.875001
v -11.0 1.875 -4.875001
v -11.0 2.875 -4.875001
v -12.0 2.875 -4.875001
v -12.0 7.875 -5.500001
v -8.0 7.875 -5.500001
v -8.0 8.875 -5.500001
v -12.0 8.875 -5.500001
v -12.0 7.875 -5.625001
v -8.0 7.875 -5.625001
v -8.0 8.875 -5.625001
v -12.0 8.875 -5.625001
v -12.0 7.875 -5.875001
v -8.0 7.875 -5.875001
v -8.0 8.875 -5.875001
v -12.0 8.875 -5.875001
v -11.0 -8.125 -2.500001
v -10.0 -8.125 -2.500001
v -10.0 -7.125 -2.500001
v -11.0 -7.125 -2.500001
v -11.0 -8.125 -2.625001
v -10.0 -8.125 -2.625001
v -10.0 -7.125 -2.625001
v -11.0 -7.125 -2.625001
v -11.0 -8.125 -2.875001
v -10.0 -8.125 -2.875001
v -10.0 -7.125 -2.875001
v -11.0 -7.125 -2.875001
v -11.0 8.875 -5.500001
v -8.0 8.875 -5.500001
v -8.0 9.875 -5.500001
v -11.0 9.875 -5.500001
v -11.0 8.875 -5.625001
v -8.0 8.875 -5.625001
v -8.0 9.875 -5.625001
v -11.0 9.875 -5.625001
v -11.0 8.875 -5.875001
v -8.0 8.875 -5.875001
v -8.0 9.875 -5.875001
v -11.0 9.875 -5.875001
v -10.0 9.875 -5.500001
v -7.0 9.875 -5.500001
v -7.0 10.875 -5.500001
v -10.0 10.875 -5.500001
v -10.0 9.875 -5.625001
v -7.0 9.875 -5.625001
v -7.0 10.875 -5.625001
v -10.0 10.875 -5.625001
v -10.0 9.875 -5.875001
v -7.0 9.875 -5.875001
v -7.0 10.875 -5.875001
v -10.0 10.875 -5.875001
v -9.0 -8.125 -2.500001
v -8.0 -8.125 -2.500001
v -8.0 -7.125 -2.500001
v -9.0 -7.125 -2.500001
v -9.0 -8.125 -2.625001
v -8.0 -8.125 -2.625001
v -8.0 -7.125 -2.625001
v -9.0 -7.125 -2.625001
v -9.0 -8.125 -2.875001
v -8.0 -8.125 -2.875001
v -8.0 -7.125 -2.875001
v -9.0 -7.125 -2.875001
v -9.0 10.875 -5.500001
v -8.0 10.875 -5.500001
v -8.0 11.875 -5.500001
v -9.0 11.875 -5.500001
v -9.0 10.875 -5.625001
v -8.0 10.875 -5.625001
v -8.0 11.875 -5.625001
v -9.0 11.875 -5.625001
v -9.0 10.875 -5.875001
v -8.0 10.875 -5.875001
v -8.0 11.875 -5.875001
v -9.0 11.875 -5.875001
v -8.0 -11.125 -1.500001
v -6.0 -11.125 -1.500001
v -6.0 -10.125 -1.500001
v -8.0 -10.125 -1.500001
v -8.0 -11.125 -1.625001
v -6.0 -11.125 -1.625001
v -6.0 -10.125 -1.625001
v -8.0 -10.125 -1.625001
v -8.0 -11.125 -1.875001
v -6.0 -11.125 -1.875001
v -6.0 -10.125 -1.875001
v -8.0 -10.125 -1.875001
v -8.0 -4.125 -3.500001
v -4.0 -4.125 -3.500001
v -4.0 -3.125 -3.500001
v -8.0 -3.125 -3.500001
v -8.0 -4.125 -3.625001
v -4.0 -4.125 -3.625001
v -4.0 -3.125 -3.625001
v -8.0 -3.125 -3.625001
v -8.0 -4.125 -3.875001
v -4.0 -4.125 -3.875001
v -4.0 -3.125 -3.875001
v -8.0 -3.125 -3.875001
v -7.0 -12.125 -1.500001
v -1.0 -12.125 -1.500001
v -1.0 -11.125 -1.500001
v -7.0 -11.125 -1.500001
v -7.0 -12.125 -1.625001
v -1.0 -12.125 -1.625001
v -1.0 -11.125 -1.625001
v -7.0 -11.125 -1.625001
v -7.0 -12.125 -1.875001
v -1.0 -12.125 -1.875001
v -1.0 -11.125 -1.875001
v -7.0 -11.125 -1.875001
v -7.0 -3.125 -3.500001
v -5.0 -3.125 -3.500001
v -5.0 -2.125 -3.500001
v -7.0 -2.125 -3.500001
v -7.0 -3.125 -3.625001
v -5.0 -3.125 -3.625001
v -5.0 -2.125 -3.625001
v -7.0 -2.125 -3.625001
v -7.0 -3.125 -3.875001
v -5.0 -3.125 -3.875001
v -5.0 -2.125 -3.875001
v -7.0 -2.125 -3.875001
v -7.0 1.875 -4.500001
v -2.0 1.875 -4.500001
v -2.0 2.875 -4.500001
v -7.0 2.875 -4.500001
v -7.0 1.875 -4.625001
v -2.0 1.875 -4.625001
v -2.0 2.875 -4.625001
v -7.0 2.875 -4.625001
v -7.0 1.875 -4.875001
v -2.0 1.875 -4.875001
v -2.0 2.875 -4.875001
v -7.0 2.875 -4.875001
v -6.0 -13.125 -1.500001
v -5.0 -13.125 -1.500001
v -5.0 -12.125 -1.500001
v -6.0 -12.125 -1.500001
v -6.0 -13.125 -1.625001
v -5.0 -13.125 -1.625001
v -5.0 -12.125 -1.625001
v -6.0 -12.125 -1.625001
v -6.0 -13.125 -1.875001
v -5.0 -13.125 -1.875001
v -5.0 -12.125 -1.875001
v -6.0 -12.125 -1.875001
v -6.0 2.875 -4.500001
v -2.0 2.875 -4.500001
v -2.0 3.875 -4.500001
v -6.0 3.875 -4.500001
v -6.0 2.875 -4.625001
v -2.0 2.875 -4.625001
v -2.0 3.875 -4.625001
v -6.0 3.875 -4.625001
v -6.0 2.875 -4.875001
v -2.0 2.875 -4.875001
v -2.0 3.875 -4.875001
v -6.0 3.875 -4.875001
v -5.608398 11.5 -5.1445312
v -5.318359 10.660156 -5.1445312
v -5.013672 11.027344 -3.986328
v -5.176758 11.5 -3.986327
v -4.6210938 10.311523 -5.1445312
v -5.40625 10.5546875 -5.936523
v -4.6210938 10.162109 -5.936523
v -3.9042969 12.339844 -5.1445312
v -3.9042969 12.4453125 -5.936523
v -4.6210938 12.837891 -5.936523
v -4.6210938 12.688477 -5.1445312
v -5.40625 12.4453125 -5.936523
v -5.732422 11.5 -5.936523
v -5.318359 12.339844 -5.1445312
v -4.6210938 10.831055 -3.986328
v -5.013672 11.972656 -3.986328
v -4.227539 11.027344 -3.986328
v -3.834961 10.5546875 -5.936523
v -3.545899 11.5 -5.936523
v -4.262695 11.928711 -4.700195
v -4.6210938 11.5 -3.460937
v -3.8851361 10.106205 -5.8125
v -4.689733 11.5 -5.812499
v -4.689733 9.890807 -5.812499
v -5.494329 10.106205 -5.812498
v -6.0826902 10.695404 -5.812498
v -6.298925 11.5 -5.812498
v -6.0826902 12.304596 -5.812498
v -5.494329 12.893795 -5.812498
v -4.689733 13.109193 -5.812499
v -3.8851361 12.893795 -5.8125
v -3.295936 12.304596 -5.8125
v -3.080539 11.5 -5.8125
v -3.295936 10.695404 -5.8125
v -3.5 -8.608398 -2.144531
v -2.660156 -8.318359 -2.144531
v -3.027344 -8.013672 -0.9863279
v -3.5 -8.176758 -0.98632693
v -2.311523 -7.6210938 -2.144531
v -2.554688 -8.40625 -2.936523
v -2.162109 -7.6210938 -2.936523
v -4.3398438 -6.904297 -2.144531
v -4.445312 -6.904297 -2.936523
v -4.837891 -7.6210938 -2.936523
v -4.688477 -7.6210938 -2.144531
v -4.445312 -8.40625 -2.936523
v -3.5 -8.732422 -2.936523
v -4.3398438 -8.318359 -2.144531
v -2.831055 -7.6210938 -0.9863279
v -3.972656 -8.013672 -0.9863279
v -3.027344 -7.227539 -0.9863279
v -2.554688 -6.834961 -2.936523
v -3.5 -6.545899 -2.936523
v -3.928711 -7.262695 -1.700195
v -3.5 -7.6210938 -0.46093702
v -2.106205 -6.885136 -2.8125
v -3.5 -7.689733 -2.812499
v -1.8908072 -7.689733 -2.812499
v -2.106205 -8.494329 -2.812498
v -2.695404 -9.08269 -2.812498
v -3.5 -9.298925 -2.812498
v -4.304596 -9.08269 -2.812498
v -4.893795 -8.494329 -2.812498
v -5.109193 -7.689733 -2.812499
v -4.893795 -6.885136 -2.8125
v -4.304596 -6.295936 -2.8125
v -3.5 -6.0805387 -2.8125
v -2.695404 -6.295936 -2.8125
v -5.0 0.875 -4.500001
v -1.0 0.875 -4.500001
v -1.0 1.875 -4.500001
v -5.0 1.875 -4.500001
v -5.0 0.875 -4.625001
v -1.0 0.875 -4.625001
v -1.0 1.875 -4.625001
v -5.0 1.875 -4.625001
v -5.0 0.875 -4.875001
v -1.0 0.875 -4.875001
v -1.0 1.875 -4.875001
v -5.0 1.875 -4.875001
v -5.0 3.875 -4.500001
v -4.0 3.875 -4.500001
v -4.0 5.875 -4.500001
v -5.0 5.875 -4.500001
v -5.0 3.875 -4.625001
v -4.0 3.875 -4.625001
v -4.0 5.875 -4.625001
v -5.0 5.875 -4.625001
v -5.0 3.875 -4.875001
v -4.0 3.875 -4.875001
v -4.0 5.875 -4.875001
v -5.0 5.875 -4.875001
v -4.0 -13.125 -1.500001
v -2.0 -13.125 -1.500001
v -2.0 -12.125 -1.500001
v -4.0 -12.125 -1.500001
v -4.0 -13.125 -1.625001
v -2.0 -13.125 -1.625001
v -2.0 -12.125 -1.625001
v -4.0 -12.125 -1.625001
v -4.0 -13.125 -1.875001
v -2.0 -13.125 -1.875001
v -2.0 -12.125 -1.875001
v -4.0 -12.125 -1.875001
v -3.0 7.875 -4.500001
v 5.0 7.875 -4.500001
v 5.0 8.875 -4.500001
v -3.0 8.875 -4.500001
v -3.0 7.875 -4.625001
v 5.0 7.875 -4.625001
v 5.0 8.875 -4.625001
v -3.0 8.875 -4.625001
v -3.0 7.875 -4.875001
v 5.0 7.875 -4.875001
v 5.0 8.875 -4.875001
v -3.0 8.875 -4.875001
v -2.0 6.875 -4.500001
v 0.0 6.875 -4.500001
v 0.0 7.875 -4.500001
v -2.0 7.875 -4.500001
v -2.0 6.875 -4.625001
v 0.0 6.875 -4.625001
v 0.0 7.875 -4.625001
v -2.0 7.875 -4.625001
v -2.0 6.875 -4.875001
v 0.0 6.875 -4.875001
v 0.0 7.875 -4.875001
v -2.0 7.875 -4.875001
v -1.0 -10.125 -2.500001
v 4.0 -10.125 -2.500001
v 4.0 -9.125 -2.500001
v -1.0 -9.125 -2.500001
v -1.0 -10.125 -2.625001
v 4.0 -10.125 -2.625001
v 4.0 -9.125 -2.625001
v -1.0 -9.125 -2.625001
v -1.0 -10.125 -2.875001
v 4.0 -10.125 -2.875001
v 4.0 -9.125 -2.875001
v -1.0 -9.125 -2.875001
v -1.0 9.875 -5.500001
v 7.0 9.875 -5.500001
v 7.0 10.875 -5.500001
v -1.0 10.875 -5.500001
v -1.0 9.875 -5.625001
v 7.0 9.875 -5.625001
v 7.0 10.875 -5.625001
v -1.0 10.875 -5.625001
v -1.0 9.875 -5.875001
v 7.0 9.875 -5.875001
v 7.0 10.875 -5.875001
v -1.0 10.875 -5.875001
v 0.39160204 3.5 -4.1445312
v 0.6816411 2.660156 -4.1445312
v 0.9863279 3.027344 -2.986328
v 0.82324195 3.5 -2.986327
v 1.378906 2.311523 -4.1445312
v 0.59375 2.554688 -4.936523
v 1.378906 2.162109 -4.936523
v 2.0957031 4.3398438 -4.1445312
v 2.0957031 4.445312 -4.936523
v 1.378906 4.837891 -4.936523
v 1.378906 4.688477 -4.1445312
v 0.59375 4.445312 -4.936523
v 0.2675779 3.5 -4.936523
v 0.6816411 4.3398438 -4.1445312
v 1.378906 2.831055 -2.986328
v 0.9863279 3.972656 -2.986328
v 1.772461 3.027344 -2.986328
v 2.165039 2.554688 -4.936523
v 2.454101 3.5 -4.936523
v 1.737305 3.928711 -3.7001948
v 1.378906 3.5 -2.460937
v 2.1148639 2.106205 -4.8125
v 1.310267 3.5 -4.812499
v 1.310267 1.890807 -4.812499
v 0.505671 2.106205 -4.812498
v -0.08269 2.695404 -4.812498
v -0.29892492 3.5 -4.812498
v -0.08269 4.304596 -4.812498
v 0.505671 4.893795 -4.812498
v 1.310267 5.109193 -4.812499
v 2.1148639 4.893795 -4.8125
v 2.704064 4.304596 -4.8125
v 2.919461 3.5 -4.8125
v 2.704064 2.695404 -4.8125
v 0.0 10.875 -5.500001
v 6.0 10.875 -5.500001
v 6.0 11.875 -5.500001
v 0.0 11.875 -5.500001
v 0.0 10.875 -5.625001
v 6.0 10.875 -5.625001
v 6.0 11.875 -5.625001
v 0.0 11.875 -5.625001
v 0.0 10.875 -5.875001
v 6.0 10.875 -5.875001
v 6.0 11.875 -5.875001
v 0.0 11.875 -5.875001
v 1.0 -9.125 -2.500001
v 5.0 -9.125 -2.500001
v 5.0 -8.125 -2.500001
v 1.0 -8.125 -2.500001
v 1.0 -9.125 -2.625001
v 5.0 -9.125 -2.625001
v 5.0 -8.125 -2.625001
v 1.0 -8.125 -2.625001
v 1.0 -9.125 -2.875001
v 5.0 -9.125 -2.875001
v 5.0 -8.125 -2.875001
v 1.0 -8.125 -2.875001
v 1.0 -8.125 -2.500001
v 2.0 -8.125 -2.500001
v 2.0 -7.125 -2.500001
v 1.0 -7.125 -2.500001
v 1.0 -8.125 -2.625001
v 2.0 -8.125 -2.625001
v 2.0 -7.125 -2.625001
v 1.0 -7.125 -2.625001
v 1.0 -8.125 -2.875001
v 2.0 -8.125 -2.875001
v 2.0 -7.125 -2.875001
v 1.0 -7.125 -2.875001
v 1.0 6.875 -4.500001
v 5.0 6.875 -4.500001
v 5.0 7.875 -4.500001
v 1.0 7.875 -4.500001
v 1.0 6.875 -4.625001
v 5.0 6.875 -4.625001
v 5.0 7.875 -4.625001
v 1.0 7.875 -4.625001
v 1.0 6.875 -4.875001
v 5.0 6.875 -4.875001
v 5.0 7.875 -4.875001
v 1.0 7.875 -4.875001
v 1.0 11.875 -5.500001
v 2.0 11.875 -5.500001
v 2.0 12.875 -5.500001
v 1.0 12.875 -5.500001
v 1.0 11.875 -5.625001
v 2.0 11.875 -5.625001
v 2.0 12.875 -5.625001
v 1.0 12.875 -5.625001
v 1.0 11.875 -5.875001
v 2.0 11.875 -5.875001
v 2.0 12.875 -5.875001
v 1.0 12.875 -5.875001
v 2.0 5.875 -4.500001
v 3.0 5.875 -4.500001
v 3.0 6.875 -4.500001
v 2.0 6.875 -4.500001
v 2.0 5.875 -4.625001
v 3.0 5.875 -4.625001
v 3.0 6.875 -4.625001
v 2.0 6.875 -4.625001
v 2.0 5.875 -4.875001
v 3.0 5.875 -4.875001
v 3.0 6.875 -4.875001
v 2.0 6.875 -4.875001
v 3.5 13.391602 -5.1445312
v 4.3398438 13.681641 -5.1445312
v 3.972656 13.986328 -3.986328
v 3.5 13.823242 -3.986327
v 4.688477 14.378906 -5.1445312
v 4.445312 13.59375 -5.936523
v 4.837891 14.378906 -5.936523
v 2.660156 15.095703 -5.1445312
v 2.554688 15.095703 -5.936523
v 2.162109 14.378906 -5.936523
v 2.311523 14.378906 -5.1445312
v 2.554688 13.59375 -5.936523
v 3.5 13.267578 -5.936523
v 2.660156 13.681641 -5.1445312
v 4.1689453 14.378906 -3.986328
v 3.027344 13.986328 -3.986328
v 3.972656 14.772461 -3.986328
v 4.445312 15.165039 -5.936523
v 3.5 15.454102 -5.936523
v 3.071289 14.737305 -4.700195
v 3.5 14.378906 -3.460937
v 4.893795 15.114864 -5.8125
v 3.5 14.3102665 -5.812499
v 5.109193 14.3102665 -5.812499
v 4.893795 13.505671 -5.812498
v 4.304596 12.91731 -5.812498
v 3.5 12.701075 -5.812498
v 2.695404 12.91731 -5.812498
v 2.106205 13.505671 -5.812498
v 1.8908069 14.3102665 -5.812499
v 2.106205 15.114864 -5.8125
v 2.695404 15.704063 -5.8125
v 3.5 15.919461 -5.8125
v 4.304596 15.704063 -5.8125
v 3.0 -8.125 -2.500001
v 4.0 -8.125 -2.500001
v 4.0 -7.125 -2.500001
v 3.0 -7.125 -2.500001
v 3.0 -8.125 -2.625001
v 4.0 -8.125 -2.625001
v 4.0 -7.125 -2.625001
v 3.0 -7.125 -2.625001
v 3.0 -8.125 -2.875001
v 4.0 -8.125 -2.875001
v 4.0 -7.125 -2.875001
v 3.0 -7.125 -2.875001
v 3.0 -1.125 -3.500001
v 8.0 -1.125 -3.500001
v 8.0 -0.125 -3.500001
v 3.0 -0.125 -3.500001
v 3.0 -1.125 -3.625001
v 8.0 -1.125 -3.625001
v 8.0 -0.125 -3.625001
v 3.0 -0.125 -3.625001
v 3.0 -1.125 -3.875001
v 8.0 -1.125 -3.875001
v 8.0 -0.125 -3.875001
v 3.0 -0.125 -3.875001
v 3.0 0.875 -4.500001
v 8.0 0.875 -4.500001
v 8.0 1.875 -4.500001
v 3.0 1.875 -4.500001
v 3.0 0.875 -4.625001
v 8.0 0.875 -4.625001
v 8.0 1.875 -4.625001
v 3.0 1.875 -4.625001
v 3.0 0.875 -4.875001
v 8.0 0.875 -4.875001
v 8.0 1.875 -4.875001
v 3.0 1.875 -4.875001
v 4.0 -3.125 -3.500001
v 5.0 -3.125 -3.500001
v 5.0 -1.125 -3.500001
v 4.0 -1.125 -3.500001
v 4.0 -3.125 -3.625001
v 5.0 -3.125 -3.625001
v 5.0 -1.125 -3.625001
v 4.0 -1.125 -3.625001
v 4.0 -3.125 -3.875001
v 5.0 -3.125 -3.875001
v 5.0 -1.125 -3.875001
v 4.0 -1.125 -3.875001
v 4.0 1.875 -4.500001
v 7.0 1.875 -4.500001
v 7.0 2.875 -4.500001
v 4.0 2.875 -4.500001
v 4.0 1.875 -4.625001
v 7.0 1.875 -4.625001
v 7.0 2.875 -4.625001
v 4.0 2.875 -4.625001
v 4.0 1.875 -4.875001
v 7.0 1.875 -4.875001
v 7.0 2.875 -4.875001
v 4.0 2.875 -4.875001
v 5.0 -2.125 -3.500001
v 8.0 -2.125 -3.500001
v 8.0 -1.125 -3.500001
v 5.0 -1.125 -3.500001
v 5.0 -2.125 -3.625001
v 8.0 -2.125 -3.625001
v 8.0 -1.125 -3.625001
v 5.0 -1.125 -3.625001
v 5.0 -2.125 -3.875001
v 8.0 -2.125 -3.875001
v 8.0 -1.125 -3.875001
v 5.0 -1.125 -3.875001
v 5.0 2.875 -4.500001
v 7.0 2.875 -4.500001
v 7.0 4.875 -4.500001
v 5.0 4.875 -4.500001
v 5.0 2.875 -4.625001
v 7.0 2.875 -4.625001
v 7.0 4.875 -4.625001
v 5.0 4.875 -4.625001
v 5.0 2.875 -4.875001
v 7.0 2.875 -4.875001
v 7.0 4.875 -4.875001
v 5.0 4.875 -4.875001
v 5.0 7.875 -4.500001
v 6.0 7.875 -4.500001
v 6.0 8.875 -4.500001
v 5.0 8.875 -4.500001
v 5.0 7.875 -4.625001
v 6.0 7.875 -4.625001
v 6.0 8.875 -4.625001
v 5.0 8.875 -4.625001
v 5.0 7.875 -4.875001
v 6.0 7.875 -4.875001
v 6.0 8.875 -4.875001
v 5.0 8.875 -4.875001
v 5.0 11.875 -5.500001
v 6.0 11.875 -5.500001
v 6.0 12.875 -5.500001
v 5.0 12.875 -5.500001
v 5.0 11.875 -5.625001
v 6.0 11.875 -5.625001
v 6.0 12.875 -5.625001
v 5.0 12.875 -5.625001
v 5.0 11.875 -5.875001
v 6.0 11.875 -5.875001
v 6.0 12.875 -5.875001
v 5.0 12.875 -5.875001
v 6.391602 -11.5 -1.144531
v 6.681641 -12.339844 -1.144531
v 6.986328 -11.972656 0.013672113
v 6.823242 -11.5 0.013673067
v 7.3789062 -12.688477 -1.144531
v 6.59375 -12.4453125 -1.936523
v 7.3789062 -12.837891 -1.936523
v 8.095703 -10.660156 -1.144531
v 8.095703 -10.5546875 -1.936523
v 7.3789062 -10.162109 -1.936523
v 7.3789062 -10.311523 -1.144531
v 6.59375 -10.5546875 -1.936523
v 6.267578 -11.5 -1.936523
v 6.681641 -10.660156 -1.144531
v 7.3789062 -12.168945 0.013672113
v 6.986328 -11.027344 0.013672113
v 7.772461 -11.972656 0.013672113
v 8.165039 -12.4453125 -1.936523
v 8.454102 -11.5 -1.936523
v 7.737305 -11.071289 -0.70019495
v 7.3789062 -11.5 0.539063
v 8.114864 -12.893795 -1.8125
v 7.310267 -11.5 -1.812499
v 7.310267 -13.109193 -1.812499
v 6.505671 -12.893795 -1.812498
v 5.9173098 -12.304596 -1.812498
v 5.701075 -11.5 -1.812498
v 5.9173098 -10.695404 -1.812498
v 6.505671 -10.106205 -1.812498
v 7.310267 -9.890807 -1.812499
v 8.114864 -10.106205 -1.8125
v 8.704063 -10.695404 -1.8125
v 8.919461 -11.5 -1.8125
v 8.704063 -12.304596 -1.8125
v 6.0 4.875 -4.500001
v 7.0 4.875 -4.500001
v 7.0 5.875 -4.500001
v 6.0 5.875 -4.500001
v 6.0 4.875 -4.625001
v 7.0 4.875 -4.625001
v 7.0 5.875 -4.625001
v 6.0 5.875 -4.625001
v 6.0 4.875 -4.875001
v 7.0 4.875 -4.875001
v 7.0 5.875 -4.875001
v 6.0 5.875 -4.875001
v 7.0 -3.125 -3.500001
v 9.0 -3.125 -3.500001
v 9.0 -2.125 -3.500001
v 7.0 -2.125 -3.500001
v 7.0 -3.125 -3.625001
v 9.0 -3.125 -3.625001
v 9.0 -2.125 -3.625001
v 7.0 -2.125 -3.625001
v 7.0 -3.125 -3.875001
v 9.0 -3.125 -3.875001
v 9.0 -2.125 -3.875001
v 7.0 -2.125 -3.875001
v 7.0 3.875 -4.500001
v 8.0 3.875 -4.500001
v 8.0 4.875 -4.500001
v 7.0 4.875 -4.500001
v 7.0 3.875 -4.625001
v 8.0 3.875 -4.625001
v 8.0 4.875 -4.625001
v 7.0 4.875 -4.625001
v 7.0 3.875 -4.875001
v 8.0 3.875 -4.875001
v 8.0 4.875 -4.875001
v 7.0 4.875 -4.875001
v 10.0 0.875 -4.500001
v 15.0 0.875 -4.500001
v 15.0 1.875 -4.500001
v 10.0 1.875 -4.500001
v 10.0 0.875 -4.625001
v 15.0 0.875 -4.625001
v 15.0 1.875 -4.625001
v 10.0 1.875 -4.625001
v 10.0 0.875 -4.875001
v 15.0 0.875 -4.875001
v 15.0 1.875 -4.875001
v 10.0 1.875 -4.875001
v 10.0 8.875 -5.500001
v 15.0 8.875 -5.500001
v 15.0 9.875 -5.500001
v 10.0 9.875 -5.500001
v 10.0 8.875 -5.625001
v 15.0 8.875 -5.625001
v 15.0 9.875 -5.625001
v 10.0 9.875 -5.625001
v 10.0 8.875 -5.875001
v 15.0 8.875 -5.875001
v 15.0 9.875 -5.875001
v 10.0 9.875 -5.875001
v 11.0 -12.125 -1.500001
v 14.0 -12.125 -1.500001
v 14.0 -11.125 -1.500001
v 11.0 -11.125 -1.500001
v 11.0 -12.125 -1.625001
v 14.0 -12.125 -1.625001
v 14.0 -11.125 -1.625001
v 11.0 -11.125 -1.625001
v 11.0 -12.125 -1.875001
v 14.0 -12.125 -1.875001
v 14.0 -11.125 -1.875001
v 11.0 -11.125 -1.875001
v 11.0 -5.125 -3.500001
v 15.0 -5.125 -3.500001
v 15.0 -4.125 -3.500001
v 11.0 -4.125 -3.500001
v 11.0 -5.125 -3.625001
v 15.0 -5.125 -3.625001
v 15.0 -4.125 -3.625001
v 11.0 -4.125 -3.625001
v 11.0 -5.125 -3.875001
v 15.0 -5.125 -3.875001
v 15.0 -4.125 -3.875001
v 11.0 -4.125 -3.875001
v 11.0 1.875 -4.500001
v 14.0 1.875 -4.500001
v 14.0 2.875 -4.500001
v 11.0 2.875 -4.500001
v 11.0 1.875 -4.625001
v 14.0 1.875 -4.625001
v 14.0 2.875 -4.625001
v 11.0 2.875 -4.625001
v 11.0 1.875 -4.875001
v 14.0 1.875 -4.875001
v 14.0 2.875 -4.875001
v 11.0 2.875 -4.875001
v 11.0 2.875 -4.500001
v 13.0 2.875 -4.500001
v 13.0 3.875 -4.500001
v 11.0 3.875 -4.500001
v 11.0 2.875 -4.625001
v 13.0 2.875 -4.625001
v 13.0 3.875 -4.625001
v 11.0 3.875 -4.625001
v 11.0 2.875 -4.875001
v 13.0 2.875 -4.875001
v 13.0 3.875 -4.875001
v 11.0 3.875 -4.875001
v 11.0 9.875 -5.500001
v 14.0 9.875 -5.500001
v 14.0 10.875 -5.500001
v 11.0 10.875 -5.500001
v 11.0 9.875 -5.625001
v 14.0 9.875 -5.625001
v 14.0 10.875 -5.625001
v 11.0 10.875 -5.625001
v 11.0 9.875 -5.875001
v 14.0 9.875 -5.875001
v 14.0 10.875 -5.875001
v 11.0 10.875 -5.875001
v 12.0 -13.125 -1.500001
v 13.0 -13.125 -1.500001
v 13.0 -12.125 -1.500001
v 12.0 -12.125 -1.500001
v 12.0 -13.125 -1.625001
v 13.0 -13.125 -1.625001
v 13.0 -12.125 -1.625001
v 12.0 -12.125 -1.625001
v 12.0 -13.125 -1.875001
v 13.0 -13.125 -1.875001
v 13.0 -12.125 -1.875001
v 12.0 -12.125 -1.875001
v 12.0 -4.125 -3.500001
v 14.0 -4.125 -3.500001
v 14.0 -3.125 -3.500001
v 12.0 -3.125 -3.500001
v 12.0 -4.125 -3.625001
v 14.0 -4.125 -3.625001
v 14.0 -3.125 -3.625001
v 12.0 -3.125 -3.625001
v 12.0 -4.125 -3.875001
v 14.0 -4.125 -3.875001
v 14.0 -3.125 -3.875001
v 12.0 -3.125 -3.875001
v 12.0 -0.125 -4.500001
v 13.0 -0.125 -4.500001
v 13.0 0.875 -4.500001
v 12.0 0.875 -4.500001
v 12.0 -0.125 -4.625001
v 13.0 -0.125 -4.625001
v 13.0 0.875 -4.625001
v 12.0 0.875 -4.625001
v 12.0 -0.125 -4.875001
v 13.0 -0.125 -4.875001
v 13.0 0.875 -4.875001
v 12.0 0.875 -4.875001
v 12.0 10.875 -5.500001
v 14.0 10.875 -5.500001
v 14.0 11.875 -5.500001
v 12.0 11.875 -5.500001
v 12.0 10.875 -5.625001
v 14.0 10.875 -5.625001
v 14.0 11.875 -5.625001
v 12.0 11.875 -5.625001
v 12.0 10.875 -5.875001
v 14.0 10.875 -5.875001
v 14.0 11.875 -5.875001
v 12.0 11.875 -5.875001
v 14.5 -9.608398 -2.144531
v 15.339844 -9.318359 -2.144531
v 14.972656 -9.013672 -0.9863279
v 14.5 -9.176758 -0.98632693
v 15.688477 -8.621094 -2.144531
v 15.4453125 -9.40625 -2.936523
v 15.837891 -8.621094 -2.936523
v 13.660156 -7.904297 -2.144531
v 13.5546875 -7.904297 -2.936523
v 13.162109 -8.621094 -2.936523
v 13.311523 -8.621094 -2.144531
v 13.5546875 -9.40625 -2.936523
v 14.5 -9.732422 -2.936523
v 13.660156 -9.318359 -2.144531
v 15.168945 -8.621094 -0.9863279
v 14.027344 -9.013672 -0.9863279
v 14.972656 -8.227539 -0.9863279
v 15.4453125 -7.834961 -2.936523
v 14.5 -7.545899 -2.936523
v 14.071289 -8.262695 -1.700195
v 14.5 -8.621094 -0.46093702
v 15.893795 -7.885136 -2.8125
v 14.5 -8.6897335 -2.812499
v 16.109192 -8.6897335 -2.812499
v 15.893795 -9.494329 -2.812498
v 15.304596 -10.08269 -2.812498
v 14.5 -10.298925 -2.812498
v 13.695404 -10.08269 -2.812498
v 13.106205 -9.494329 -2.812498
v 12.890807 -8.6897335 -2.812499
v 13.106205 -7.885136 -2.8125
v 13.695404 -7.295936 -2.8125
v 14.5 -7.0805387 -2.8125
v 15.304596 -7.295936 -2.8125
v 13.0 -6.125 -3.500001
v 15.0 -6.125 -3.500001
v 15.0 -5.125 -3.500001
v 13.0 -5.125 -3.500001
v 13.0 -6.125 -3.625001
v 15.0 -6.125 -3.625001
v 15.0 -5.125 -3.625001
v 13.0 -5.125 -3.625001
v 13.0 -6.125 -3.875001
v 15.0 -6.125 -3.875001
v 15.0 -5.125 -3.875001
v 13.0 -5.125 -3.875001
v 14.5 3.391602 -4.1445312
v 15.339844 3.681641 -4.1445312
v 14.972656 3.986328 -2.986328
v 14.5 3.823242 -2.986327
v 15.688477 4.3789062 -4.1445312
v 15.4453125 3.59375 -4.936523
v 15.837891 4.3789062 -4.936523
v 13.660156 5.095703 -4.1445312
v 13.5546875 5.095703 -4.936523
v 13.162109 4.3789062 -4.936523
v 13.311523 4.3789062 -4.1445312
v 13.5546875 3.59375 -4.936523
v 14.5 3.267578 -4.936523
v 13.660156 3.681641 -4.1445312
v 15.168945 4.3789062 -2.986328
v 14.027344 3.986328 -2.986328
v 14.972656 4.772461 -2.986328
v 15.4453125 5.165039 -4.936523
v 14.5 5.454101 -4.936523
v 14.071289 4.737305 -3.7001948
v 14.5 4.3789062 -2.460937
v 15.893795 5.114864 -4.8125
v 14.5 4.310267 -4.812499
v 16.109192 4.310267 -4.812499
v 15.893795 3.505671 -4.812498
v 15.304596 2.91731 -4.812498
v 14.5 2.701075 -4.812498
v 13.695404 2.91731 -4.812498
v 13.106205 3.505671 -4.812498
v 12.890807 4.310267 -4.812499
v 13.106205 5.114864 -4.8125
v 13.695404 5.704064 -4.8125
v 14.5 5.9194613 -4.8125
v 15.304596 5.704064 -4.8125
v -15.7890625 -16.0 -1.901367
v -15.330079 -16.0 -1.002929
v -15.330079 -14.0 -1.002929
v -15.7890625 -14.0 -1.901367
v -15.000001 -16.0 -1.0
v -15.000001 -14.0 -1.0
v -15.7890625 -16.0 -1.901367
v -15.7890625 -14.0 -1.901367
v -16.0 -14.0 -2.0
v -16.0 -16.0 -2.0
v -15.000001 -13.0 -2.0
v -16.000002 -13.0 -2.0
v -15.625001 -13.0625 -2.0
v -15.937501 -13.3125 -2.0
v -16.000002 -14.0 -2.0
v -15.937501 -13.3125 -2.0
v -16.000002 -14.0 -2.0
v -15.789063 -14.0 -1.901367
v -15.750001 -13.5 -1.901367
v -15.000001 -13.0 -2.0
v -15.625001 -13.0625 -2.0
v -15.437501 -13.25 -1.901367
v -15.000001 -13.2109375 -1.901367
v -15.000001 -13.2109375 -1.901367
v -15.437501 -13.25 -1.901367
v -15.000001 -13.669922 -1.002929
v -15.750001 -13.5 -1.901367
v -15.330079 -14.0 -1.002929
v -15.789063 -14.0 -1.901367
v -15.330079 -14.0 -1.002929
v -15.000001 -14.0 -1.0
v -15.000001 -13.669922 -1.002929
v -8.0 -11.0 -1.999999
v -16.0 -11.0 -1.999999
v -8.0 -13.0 -1.999999
v -16.0 -13.0 -1.999999
v -16.0 -10.2109375 -2.901367
v -16.0 -10.669921 -2.002929
v -12.0 -10.669921 -2.002929
v -12.0 -10.2109375 -2.901367
v -16.0 -10.999999 -2.0
v -12.0 -10.999999 -2.0
v -16.0 -10.2109375 -2.901367
v -12.0 -10.2109375 -2.901367
v -12.0 -9.999999 -3.0
v -16.0 -9.999999 -3.0
v -12.0 -6.0 -2.999999
v -16.0 -6.0 -2.999999
v -12.0 -10.0 -2.999999
v -16.0 -10.0 -2.999999
v -16.0 -5.210937 -3.901367
v -16.0 -5.669921 -3.002929
v -9.0 -5.669921 -3.002929
v -9.0 -5.210937 -3.901367
v -16.0 -5.999999 -3.0
v -9.0 -5.999999 -3.0
v -16.0 -5.210937 -3.901367
v -9.0 -5.210937 -3.901367
v -9.0 -4.999999 -4.0
v -16.0 -4.999999 -4.0
v -9.0 -1.0 -3.999999
v -16.0 -1.0 -3.999999
v -9.0 -5.0 -3.999999
v -16.0 -5.0 -3.999999
v -16.0 -0.21093702 -4.901367
v -16.0 -0.669921 -4.0029287
v -10.0 -0.669921 -4.0029287
v -10.0 -0.21093702 -4.901367
v -16.0 -0.999999 -4.0
v -10.0 -0.999999 -4.0
v -16.0 -0.21093702 -4.901367
v -10.0 -0.21093702 -4.901367
v -10.0 9.536743E-7 -5.0
v -16.0 9.536743E-7 -5.0
v -10.0 7.0 -4.999999
v -16.0 7.0 -4.999999
v -10.0 0.0 -4.999999
v -16.0 0.0 -4.999999
v -16.0 7.789063 -5.901367
v -16.0 7.330079 -5.0029287
v -8.0 7.330079 -5.0029287
v -8.0 7.789063 -5.901367
v -16.0 7.000001 -5.0
v -8.0 7.000001 -5.0
v -16.0 7.789063 -5.901367
v -8.0 7.789063 -5.901367
v -8.0 8.000001 -6.0
v -16.0 8.000001 -6.0
v -8.0 16.0 -5.999999
v -16.0 16.0 -5.999999
v -8.0 8.0 -5.999999
v -16.0 8.0 -5.999999
v -14.0 -14.0 -0.999999
v -15.0 -14.0 -0.999999
v -14.0 -16.0 -0.999999
v -15.0 -16.0 -0.999999
v -15.0 -13.2109375 -1.901367
v -15.0 -13.669921 -1.002929
v -7.0 -13.669921 -1.002929
v -7.0 -13.2109375 -1.901367
v -15.0 -13.999999 -1.0
v -7.0 -13.999999 -1.0
v -15.0 -13.2109375 -1.901367
v -7.0 -13.2109375 -1.901367
v -7.0 -12.999999 -2.0
v -15.0 -12.999999 -2.0
v -6.0 -14.0 -0.999999
v -14.0 -14.0 -0.999999
v -6.0 -15.0 -0.999999
v -14.0 -15.0 -0.999999
v -11.330079 -10.669922 -2.002929
v -12.000001 -10.669922 -2.002929
v -12.000001 -11.0 -2.0
v -11.000001 -11.0 -2.0
v -11.330079 -10.0 -2.002929
v -11.330079 -10.669922 -2.002929
v -11.000001 -11.0 -2.0
v -11.000001 -10.0 -2.0
v -11.330079 -10.0 -2.002929
v -11.7890625 -10.0 -2.901367
v -11.330079 -10.669922 -2.002929
v -11.894532 -10.105469 -2.901367
v -12.000001 -10.2109375 -2.901367
v -12.000001 -10.2109375 -2.901367
v -11.894532 -10.105469 -2.901367
v -12.000001 -10.0 -3.0
v -11.7890625 -10.0 -2.901367
v -12.000001 -10.669922 -2.002929
v -11.330079 -10.669922 -2.002929
v -12.000001 -10.2109375 -2.901367
v -11.000001 -9.0 -3.0
v -12.000001 -9.0 -3.0
v -11.625001 -9.0625 -3.0
v -11.937501 -9.3125 -3.0
v -12.000001 -10.0 -3.0
v -11.937501 -9.3125 -3.0
v -12.000001 -10.0 -3.0
v -11.789063 -10.0 -2.901367
v -11.750001 -9.5 -2.901367
v -11.000001 -9.0 -3.0
v -11.625001 -9.0625 -3.0
v -11.437501 -9.25 -2.901367
v -11.000001 -9.2109375 -2.901367
v -11.000001 -9.2109375 -2.901367
v -11.437501 -9.25 -2.901367
v -11.000001 -9.669922 -2.002929
v -11.750001 -9.5 -2.901367
v -11.330079 -10.0 -2.002929
v -11.789063 -10.0 -2.901367
v -11.330079 -10.0 -2.002929
v -11.000001 -10.0 -2.0
v -11.000001 -9.669922 -2.002929
v -4.0 -6.0 -2.999999
v -12.0 -6.0 -2.999999
v -4.0 -9.0 -2.999999
v -12.0 -9.0 -2.999999
v -6.0 -10.0 -1.999999
v -11.0 -10.0 -1.999999
v -6.0 -11.0 -1.999999
v -11.0 -11.0 -1.999999
v -11.0 -9.2109375 -2.901367
v -11.0 -9.669921 -2.002929
v -6.0 -9.669921 -2.002929
v -6.0 -9.2109375 -2.901367
v -11.0 -9.999999 -2.0
v -6.0 -9.999999 -2.0
v -11.0 -9.2109375 -2.901367
v -6.0 -9.2109375 -2.901367
v -6.0 -8.999999 -3.0
v -11.0 -8.999999 -3.0
v -9.330079 -0.669922 -4.0029287
v -10.000001 -0.669922 -4.0029287
v -10.000001 -1.0 -4.0
v -9.000001 -1.0 -4.0
v -9.330079 0.0 -4.0029287
v -9.330079 -0.669922 -4.0029287
v -9.000001 -1.0 -4.0
v -9.000001 0.0 -4.0
v -9.330079 0.0 -4.0029287
v -9.7890625 0.0 -4.901367
v -9.330079 -0.669922 -4.0029287
v -9.894532 -0.10546899 -4.901367
v -10.000001 -0.21093798 -4.901367
v -10.000001 -0.21093798 -4.901367
v -9.894532 -0.10546899 -4.901367
v -10.000001 0.0 -5.0
v -9.7890625 0.0 -4.901367
v -10.000001 -0.669922 -4.0029287
v -9.330079 -0.669922 -4.0029287
v -10.000001 -0.21093798 -4.901367
v -9.000001 1.0 -5.0
v -10.000001 1.0 -5.0
v -9.625001 0.9375 -5.0
v -9.937501 0.6875 -5.0
v -10.000001 0.0 -5.0
v -9.937501 0.6875 -5.0
v -10.000001 0.0 -5.0
v -9.789063 0.0 -4.901367
v -9.750001 0.5 -4.901367
v -9.000001 1.0 -5.0
v -9.625001 0.9375 -5.0
v -9.437501 0.75 -4.901367
v -9.000001 0.789062 -4.901367
v -9.000001 0.789062 -4.901367
v -9.437501 0.75 -4.901367
v -9.000001 0.330078 -4.0029287
v -9.750001 0.5 -4.901367
v -9.330079 0.0 -4.0029287
v -9.789063 0.0 -4.901367
v -9.330079 0.0 -4.0029287
v -9.000001 0.0 -4.0
v -9.000001 0.330078 -4.0029287
v -2.0 7.0 -4.999999
v -10.0 7.0 -4.999999
v -2.0 1.0 -4.999999
v -10.0 1.0 -4.999999
v -8.330079 -5.669922 -3.002929
v -9.000001 -5.669922 -3.002929
v -9.000001 -6.0 -3.0
v -8.000001 -6.0 -3.0
v -8.330079 -5.0 -3.002929
v -8.330079 -5.669922 -3.002929
v -8.000001 -6.0 -3.0
v -8.000001 -5.0 -3.0
v -8.330079 -5.0 -3.002929
v -8.7890625 -5.0 -3.901367
v -8.330079 -5.669922 -3.002929
v -8.894532 -5.1054688 -3.901367
v -9.000001 -5.210938 -3.901367
v -9.000001 -5.210938 -3.901367
v -8.894532 -5.1054688 -3.901367
v -9.000001 -5.0 -4.0
v -8.7890625 -5.0 -3.901367
v -9.000001 -5.669922 -3.002929
v -8.330079 -5.669922 -3.002929
v -9.000001 -5.210938 -3.901367
v -8.000001 -4.0 -4.0
v -9.000001 -4.0 -4.0
v -8.625001 -4.0625 -4.0
v -8.937501 -4.3125 -4.0
v -9.000001 -5.0 -4.0
v -8.937501 -4.3125 -4.0
v -9.000001 -5.0 -4.0
v -8.789063 -5.0 -3.901367
v -8.750001 -4.5 -3.901367
v -8.000001 -4.0 -4.0
v -8.625001 -4.0625 -4.0
v -8.437501 -4.25 -3.901367
v -8.000001 -4.210938 -3.901367
v -8.000001 -4.210938 -3.901367
v -8.437501 -4.25 -3.901367
v -8.000001 -4.669922 -3.002929
v -8.750001 -4.5 -3.901367
v -8.330079 -5.0 -3.002929
v -8.789063 -5.0 -3.901367
v -8.330079 -5.0 -3.002929
v -8.000001 -5.0 -3.0
v -8.000001 -4.669922 -3.002929
v -1.0 0.0 -3.999999
v -9.0 0.0 -3.999999
v -1.0 -4.0 -3.999999
v -9.0 -4.0 -3.999999
v -9.0 0.789063 -4.901367
v -9.0 0.33007902 -4.0029287
v -1.0 0.33007902 -4.0029287
v -1.0 0.789063 -4.901367
v -9.0 1.013279E-6 -4.0
v -1.0 1.013279E-6 -4.0
v -9.0 0.789063 -4.901367
v -1.0 0.789063 -4.901367
v -1.0 1.000001 -5.0
v -9.0 1.000001 -5.0
v 0.0 -11.0 -1.999999
v -8.0 -11.0 -1.999999
v 0.0 -13.0 -1.999999
v -8.0 -13.0 -1.999999
v 0.0 -5.0 -2.999999
v -8.0 -5.0 -2.999999
v 0.0 -6.0 -2.999999
v -8.0 -6.0 -2.999999
v -8.0 -4.210937 -3.901367
v -8.0 -4.669921 -3.002929
v 0.0 -4.669921 -3.002929
v 0.0 -4.210937 -3.901367
v -8.0 -4.999999 -3.0
v 0.0 -4.999999 -3.0
v -8.0 -4.210937 -3.901367
v 0.0 -4.210937 -3.901367
v 0.0 -3.999999 -4.0
v -8.0 -3.999999 -4.0
v -7.330079 7.330078 -5.0029287
v -8.000001 7.330078 -5.0029287
v -8.000001 7.0 -5.0
v -7.000001 7.0 -5.0
v -7.330079 8.0 -5.0029287
v -7.330079 7.330078 -5.0029287
v -7.000001 7.0 -5.0
v -7.000001 8.0 -5.0
v -7.330079 8.0 -5.0029287
v -7.789063 8.0 -5.901367
v -7.330079 7.330078 -5.0029287
v -7.894532 7.8945312 -5.901367
v -8.000001 7.789062 -5.901367
v -8.000001 7.789062 -5.901367
v -7.894532 7.8945312 -5.901367
v -8.000001 8.0 -6.0
v -7.789063 8.0 -5.901367
v -8.000001 7.330078 -5.0029287
v -7.330079 7.330078 -5.0029287
v -8.000001 7.789062 -5.901367
v -7.789063 8.0 -5.901367
v -7.330079 8.0 -5.0029287
v -7.330079 9.0 -5.0029287
v -7.789063 9.0 -5.901367
v -7.000001 8.0 -5.0
v -7.000001 9.0 -5.0
v -7.789063 8.0 -5.901367
v -7.789063 9.0 -5.901367
v -8.000001 9.0 -6.0
v -8.000001 8.0 -6.0
v -7.000001 10.0 -6.0
v -8.000001 10.0 -6.0
v -7.625001 9.9375 -6.0
v -7.937501 9.6875 -6.0
v -8.000001 9.0 -6.0
v -7.937501 9.6875 -6.0
v -8.000001 9.0 -6.0
v -7.789063 9.0 -5.901367
v -7.750001 9.5 -5.901367
v -7.000001 10.0 -6.0
v -7.625001 9.9375 -6.0
v -7.437501 9.75 -5.901367
v -7.000001 9.7890625 -5.901367
v -7.000001 9.7890625 -5.901367
v -7.437501 9.75 -5.901367
v -7.000001 9.330078 -5.0029287
v -7.750001 9.5 -5.901367
v -7.330079 9.0 -5.0029287
v -7.789063 9.0 -5.901367
v -7.330079 9.0 -5.0029287
v -7.000001 9.0 -5.0
v -7.000001 9.330078 -5.0029287
v 0.0 16.0 -5.999999
v -8.0 16.0 -5.999999
v 0.0 10.0 -5.999999
v -8.0 10.0 -5.999999
v -7.0 -13.2109375 -1.901367
v -7.0 -13.669921 -1.002929
v 1.0 -13.669921 -1.002929
v 1.0 -13.2109375 -1.901367
v -7.0 -13.999999 -1.0
v 1.0 -13.999999 -1.0
v -7.0 -13.2109375 -1.901367
v 1.0 -13.2109375 -1.901367
v 1.0 -12.999999 -2.0
v -7.0 -12.999999 -2.0
v 1.0 9.0 -4.999999
v -7.0 9.0 -4.999999
v 1.0 7.0 -4.999999
v -7.0 7.0 -4.999999
v -7.0 9.7890625 -5.901367
v -7.0 9.330079 -5.0029287
v 1.0 9.330079 -5.0029287
v 1.0 9.7890625 -5.901367
v -7.0 9.000001 -5.0
v 1.0 9.000001 -5.0
v -7.0 9.7890625 -5.901367
v 1.0 9.7890625 -5.901367
v 1.0 10.000001 -6.0
v -7.0 10.000001 -6.0
v 2.0 -14.0 -0.999999
v -6.0 -14.0 -0.999999
v 2.0 -15.0 -0.999999
v -6.0 -15.0 -0.999999
v -5.669922 -10.669921 -2.002929
v -5.669922 -9.999999 -2.002929
v -6.0 -9.999999 -2.0
v -6.0 -10.999999 -2.0
v -5.0 -10.669921 -2.002929
v -5.669922 -10.669921 -2.002929
v -6.0 -10.999999 -2.0
v -5.0 -10.999999 -2.0
v -5.0 -10.669921 -2.002929
v -5.0 -10.2109375 -2.901367
v -5.669922 -10.669921 -2.002929
v -5.1054688 -10.105468 -2.901367
v -5.210938 -9.999999 -2.901367
v -5.210938 -9.999999 -2.901367
v -5.1054688 -10.105468 -2.901367
v -5.0 -9.999999 -3.0
v -5.0 -10.2109375 -2.901367
v -5.669922 -9.999999 -2.002929
v -5.669922 -10.669921 -2.002929
v -5.210938 -9.999999 -2.901367
v -5.0 -9.999999 -3.0
v -5.0 -8.999999 -3.0
v -5.0625 -9.374999 -3.0
v -5.3125 -9.062499 -3.0
v -6.0 -8.999999 -3.0
v -5.3125 -9.062499 -3.0
v -6.0 -8.999999 -3.0
v -6.0 -9.2109375 -2.901367
v -5.5 -9.249999 -2.901367
v -5.0 -9.999999 -3.0
v -5.0625 -9.374999 -3.0
v -5.25 -9.562499 -2.901367
v -5.210938 -9.999999 -2.901367
v -5.210938 -9.999999 -2.901367
v -5.25 -9.562499 -2.901367
v -5.669922 -9.999999 -2.002929
v -5.5 -9.249999 -2.901367
v -6.0 -9.669921 -2.002929
v -6.0 -9.2109375 -2.901367
v -6.0 -9.669921 -2.002929
v -6.0 -9.999999 -2.0
v -5.669922 -9.999999 -2.002929
v -5.0 -10.2109375 -2.901367
v -5.0 -10.669921 -2.002929
v 3.0 -10.669921 -2.002929
v 3.0 -10.2109375 -2.901367
v -5.0 -10.999999 -2.0
v 3.0 -10.999999 -2.0
v -5.0 -10.2109375 -2.901367
v 3.0 -10.2109375 -2.901367
v 3.0 -9.999999 -3.0
v -5.0 -9.999999 -3.0
v 3.0 -9.0 -2.999999
v -5.0 -9.0 -2.999999
v 3.0 -10.0 -2.999999
v -5.0 -10.0 -2.999999
v 4.0 -6.0 -2.999999
v -4.0 -6.0 -2.999999
v 4.0 -9.0 -2.999999
v -4.0 -9.0 -2.999999
v 6.0 7.0 -4.999999
v -2.0 7.0 -4.999999
v 6.0 1.0 -4.999999
v -2.0 1.0 -4.999999
v 7.0 0.0 -3.999999
v -1.0 0.0 -3.999999
v 7.0 -4.0 -3.999999
v -1.0 -4.0 -3.999999
v -1.0 0.789063 -4.901367
v -1.0 0.33007902 -4.0029287
v 7.0 0.33007902 -4.0029287
v 7.0 0.789063 -4.901367
v -1.0 1.013279E-6 -4.0
v 7.0 1.013279E-6 -4.0
v -1.0 0.789063 -4.901367
v 7.0 0.789063 -4.901367
v 7.0 1.000001 -5.0
v -1.0 1.000001 -5.0
v 8.0 -11.0 -1.999999
v 0.0 -11.0 -1.999999
v 8.0 -13.0 -1.999999
v 0.0 -13.0 -1.999999
v 1.0 -5.0 -2.999999
v 0.0 -5.0 -2.999999
v 1.0 -6.0 -2.999999
v 0.0 -6.0 -2.999999
v 0.0 -4.210937 -3.901367
v 0.0 -4.669921 -3.002929
v 1.0 -4.669921 -3.002929
v 1.0 -4.210937 -3.901367
v 0.0 -4.999999 -3.0
v 1.0 -4.999999 -3.0
v 0.0 -4.210937 -3.901367
v 1.0 -4.210937 -3.901367
v 1.0 -3.999999 -4.0
v 0.0 -3.999999 -4.0
v 8.0 16.0 -5.999999
v 0.0 16.0 -5.999999
v 8.0 10.0 -5.999999
v 0.0 10.0 -5.999999
v 1.0 -13.2109375 -1.901367
v 1.0 -13.669921 -1.002929
v 9.0 -13.669921 -1.002929
v 9.0 -13.2109375 -1.901367
v 1.0 -13.999999 -1.0
v 9.0 -13.999999 -1.0
v 1.0 -13.2109375 -1.901367
v 9.0 -13.2109375 -1.901367
v 9.0 -12.999999 -2.0
v 1.0 -12.999999 -2.0
v 1.330078 -5.669921 -3.002929
v 1.330078 -4.999999 -3.002929
v 1.0 -4.999999 -3.0
v 1.0 -5.999999 -3.0
v 2.0 -5.669921 -3.002929
v 1.330078 -5.669921 -3.002929
v 1.0 -5.999999 -3.0
v 2.0 -5.999999 -3.0
v 2.0 -5.669921 -3.002929
v 2.0 -5.210937 -3.901367
v 1.330078 -5.669921 -3.002929
v 1.894531 -5.105468 -3.901367
v 1.789062 -4.999999 -3.901367
v 1.789062 -4.999999 -3.901367
v 1.894531 -5.105468 -3.901367
v 2.0 -4.999999 -4.0
v 2.0 -5.210937 -3.901367
v 1.330078 -4.999999 -3.002929
v 1.330078 -5.669921 -3.002929
v 1.789062 -4.999999 -3.901367
v 2.0 -4.999999 -4.0
v 2.0 -3.999999 -4.0
v 1.9375 -4.374999 -4.0
v 1.6875 -4.062499 -4.0
v 1.0 -3.999999 -4.0
v 1.6875 -4.062499 -4.0
v 1.0 -3.999999 -4.0
v 1.0 -4.210937 -3.901367
v 1.5 -4.249999 -3.901367
v 2.0 -4.999999 -4.0
v 1.9375 -4.374999 -4.0
v 1.75 -4.562499 -3.901367
v 1.789062 -4.999999 -3.901367
v 1.789062 -4.999999 -3.901367
v 1.75 -4.562499 -3.901367
v 1.330078 -4.999999 -3.002929
v 1.5 -4.249999 -3.901367
v 1.0 -4.669921 -3.002929
v 1.0 -4.210937 -3.901367
v 1.0 -4.669921 -3.002929
v 1.0 -4.999999 -3.0
v 1.330078 -4.999999 -3.002929
v 9.0 8.0 -4.999999
v 1.0 8.0 -4.999999
v 9.0 7.0 -4.999999
v 1.0 7.0 -4.999999
v 8.0 9.0 -4.999999
v 1.0 9.0 -4.999999
v 8.0 8.0 -4.999999
v 1.0 8.0 -4.999999
v 1.0 9.7890625 -5.901367
v 1.0 9.330079 -5.0029287
v 8.0 9.330079 -5.0029287
v 8.0 9.7890625 -5.901367
v 1.0 9.000001 -5.0
v 8.0 9.000001 -5.0
v 1.0 9.7890625 -5.901367
v 8.0 9.7890625 -5.901367
v 8.0 10.000001 -6.0
v 1.0 10.000001 -6.0
v 10.0 -14.0 -0.999999
v 2.0 -14.0 -0.999999
v 10.0 -15.0 -0.999999
v 2.0 -15.0 -0.999999
v 2.0 -5.210937 -3.901367
v 2.0 -5.669921 -3.002929
v 10.0 -5.669921 -3.002929
v 10.0 -5.210937 -3.901367
v 2.0 -5.999999 -3.0
v 10.0 -5.999999 -3.0
v 2.0 -5.210937 -3.901367
v 10.0 -5.210937 -3.901367
v 10.0 -4.999999 -4.0
v 2.0 -4.999999 -4.0
v 10.0 -4.0 -3.999999
v 2.0 -4.0 -3.999999
v 10.0 -5.0 -3.999999
v 2.0 -5.0 -3.999999
v 3.0 -10.2109375 -2.901367
v 3.0 -10.669921 -2.002929
v 4.0 -10.669921 -2.002929
v 4.0 -10.2109375 -2.901367
v 3.0 -10.999999 -2.0
v 4.0 -10.999999 -2.0
v 3.0 -10.2109375 -2.901367
v 4.0 -10.2109375 -2.901367
v 4.0 -9.999999 -3.0
v 3.0 -9.999999 -3.0
v 4.0 -9.0 -2.999999
v 3.0 -9.0 -2.999999
v 4.0 -10.0 -2.999999
v 3.0 -10.0 -2.999999
v 4.669921 -10.669922 -2.002929
v 3.999999 -10.669922 -2.002929
v 3.999999 -11.0 -2.0
v 4.999999 -11.0 -2.0
v 4.669921 -10.0 -2.002929
v 4.669921 -10.669922 -2.002929
v 4.999999 -11.0 -2.0
v 4.999999 -10.0 -2.0
v 4.669921 -10.0 -2.002929
v 4.210937 -10.0 -2.901367
v 4.669921 -10.669922 -2.002929
v 4.105468 -10.105469 -2.901367
v 3.999999 -10.2109375 -2.901367
v 3.999999 -10.2109375 -2.901367
v 4.105468 -10.105469 -2.901367
v 3.999999 -10.0 -3.0
v 4.210937 -10.0 -2.901367
v 3.999999 -10.669922 -2.002929
v 4.669921 -10.669922 -2.002929
v 3.999999 -10.2109375 -2.901367
v 4.999999 -9.0 -3.0
v 3.999999 -9.0 -3.0
v 4.374999 -9.0625 -3.0
v 4.062499 -9.3125 -3.0
v 3.999999 -10.0 -3.0
v 4.062499 -9.3125 -3.0
v 3.999999 -10.0 -3.0
v 4.210937 -10.0 -2.901367
v 4.249999 -9.5 -2.901367
v 4.999999 -9.0 -3.0
v 4.374999 -9.0625 -3.0
v 4.562499 -9.25 -2.901367
v 4.999999 -9.2109375 -2.901367
v 4.999999 -9.2109375 -2.901367
v 4.562499 -9.25 -2.901367
v 4.999999 -9.669922 -2.002929
v 4.249999 -9.5 -2.901367
v 4.669921 -10.0 -2.002929
v 4.210937 -10.0 -2.901367
v 4.669921 -10.0 -2.002929
v 4.999999 -10.0 -2.0
v 4.999999 -9.669922 -2.002929
v 12.0 -6.0 -2.999999
v 4.0 -6.0 -2.999999
v 12.0 -9.0 -2.999999
v 4.0 -9.0 -2.999999
v 11.0 -10.0 -1.999999
v 5.0 -10.0 -1.999999
v 11.0 -11.0 -1.999999
v 5.0 -11.0 -1.999999
v 5.0 -9.2109375 -2.901367
v 5.0 -9.669921 -2.002929
v 11.0 -9.669921 -2.002929
v 11.0 -9.2109375 -2.901367
v 5.0 -9.999999 -2.0
v 11.0 -9.999999 -2.0
v 5.0 -9.2109375 -2.901367
v 11.0 -9.2109375 -2.901367
v 11.0 -8.999999 -3.0
v 5.0 -8.999999 -3.0
v 14.0 7.0 -4.999999
v 6.0 7.0 -4.999999
v 14.0 1.0 -4.999999
v 6.0 1.0 -4.999999
v 15.0 -2.0 -3.999999
v 7.0 -2.0 -3.999999
v 15.0 -4.0 -3.999999
v 7.0 -4.0 -3.999999
v 8.0 0.0 -3.999999
v 7.0 0.0 -3.999999
v 8.0 -2.0 -3.999999
v 7.0 -2.0 -3.999999
v 7.0 0.789063 -4.901367
v 7.0 0.33007902 -4.0029287
v 8.0 0.33007902 -4.0029287
v 8.0 0.789063 -4.901367
v 7.0 1.013279E-6 -4.0
v 8.0 1.013279E-6 -4.0
v 7.0 0.789063 -4.901367
v 8.0 0.789063 -4.901367
v 8.0 1.000001 -5.0
v 7.0 1.000001 -5.0
v 16.0 -11.0 -1.999999
v 8.0 -11.0 -1.999999
v 16.0 -13.0 -1.999999
v 8.0 -13.0 -1.999999
v 8.330078 -1.669921 -4.0029287
v 8.330078 -0.99999905 -4.0029287
v 8.0 -0.99999905 -4.0
v 8.0 -1.999999 -4.0
v 9.0 -1.669921 -4.0029287
v 8.330078 -1.669921 -4.0029287
v 8.0 -1.999999 -4.0
v 9.0 -1.999999 -4.0
v 9.0 -1.669921 -4.0029287
v 9.0 -1.210937 -4.901367
v 8.330078 -1.669921 -4.0029287
v 8.894531 -1.105468 -4.901367
v 8.7890625 -0.99999905 -4.901367
v 8.7890625 -0.99999905 -4.901367
v 8.894531 -1.105468 -4.901367
v 9.0 -0.99999905 -5.0
v 9.0 -1.210937 -4.901367
v 8.330078 -0.99999905 -4.0029287
v 8.330078 -1.669921 -4.0029287
v 8.7890625 -0.99999905 -4.901367
v 8.7890625 0.0 -4.901367
v 8.330079 0.0 -4.0029287
v 8.330079 -1.0 -4.0029287
v 8.7890625 -1.0 -4.901367
v 8.000001 0.0 -4.0
v 8.000001 -1.0 -4.0
v 8.7890625 0.0 -4.901367
v 8.7890625 -1.0 -4.901367
v 9.000001 -1.0 -5.0
v 9.000001 0.0 -5.0
v 9.0 1.013279E-6 -5.0
v 9.0 1.000001 -5.0
v 8.9375 0.625001 -5.0
v 8.6875 0.937501 -5.0
v 8.0 1.000001 -5.0
v 8.6875 0.937501 -5.0
v 8.0 1.000001 -5.0
v 8.0 0.789063 -4.901367
v 8.5 0.750001 -4.901367
v 9.0 1.013279E-6 -5.0
v 8.9375 0.625001 -5.0
v 8.75 0.437501 -4.901367
v 8.7890625 1.013279E-6 -4.901367
v 8.7890625 1.013279E-6 -4.901367
v 8.75 0.437501 -4.901367
v 8.330078 1.013279E-6 -4.0029287
v 8.5 0.750001 -4.901367
v 8.0 0.33007902 -4.0029287
v 8.0 0.789063 -4.901367
v 8.0 0.33007902 -4.0029287
v 8.0 1.013279E-6 -4.0
v 8.330078 1.013279E-6 -4.0029287
v 8.330078 8.330079 -5.0029287
v 8.330078 9.000001 -5.0029287
v 8.0 9.000001 -5.0
v 8.0 8.000001 -5.0
v 9.0 8.330079 -5.0029287
v 8.330078 8.330079 -5.0029287
v 8.0 8.000001 -5.0
v 9.0 8.000001 -5.0
v 9.0 8.330079 -5.0029287
v 9.0 8.7890625 -5.901367
v 8.330078 8.330079 -5.0029287
v 8.894531 8.894532 -5.901367
v 8.7890625 9.000001 -5.901367
v 8.7890625 9.000001 -5.901367
v 8.894531 8.894532 -5.901367
v 9.0 9.000001 -6.0
v 9.0 8.7890625 -5.901367
v 8.330078 9.000001 -5.0029287
v 8.330078 8.330079 -5.0029287
v 8.7890625 9.000001 -5.901367
v 9.0 9.000001 -6.0
v 9.0 10.000001 -6.0
v 8.9375 9.625001 -6.0
v 8.6875 9.937501 -6.0
v 8.0 10.000001 -6.0
v 8.6875 9.937501 -6.0
v 8.0 10.000001 -6.0
v 8.0 9.7890625 -5.901367
v 8.5 9.750001 -5.901367
v 9.0 9.000001 -6.0
v 8.9375 9.625001 -6.0
v 8.75 9.437501 -5.901367
v 8.7890625 9.000001 -5.901367
v 8.7890625 9.000001 -5.901367
v 8.75 9.437501 -5.901367
v 8.330078 9.000001 -5.0029287
v 8.5 9.750001 -5.901367
v 8.0 9.330079 -5.0029287
v 8.0 9.7890625 -5.901367
v 8.0 9.330079 -5.0029287
v 8.0 9.000001 -5.0
v 8.330078 9.000001 -5.0029287
v 16.0 16.0 -5.999999
v 8.0 16.0 -5.999999
v 16.0 10.0 -5.999999
v 8.0 10.0 -5.999999
v 9.0 -13.2109375 -1.901367
v 9.0 -13.669921 -1.002929
v 14.0 -13.669921 -1.002929
v 14.0 -13.2109375 -1.901367
v 9.0 -13.999999 -1.0
v 14.0 -13.999999 -1.0
v 9.0 -13.2109375 -1.901367
v 14.0 -13.2109375 -1.901367
v 14.0 -12.999999 -2.0
v 9.0 -12.999999 -2.0
v 9.0 -1.210937 -4.901367
v 9.0 -1.6699209 -4.0029287
v 16.0 -1.6699209 -4.0029287
v 16.0 -1.210937 -4.901367
v 9.0 -1.999999 -4.0
v 16.0 -1.999999 -4.0
v 9.0 -1.210937 -4.901367
v 16.0 -1.210937 -4.901367
v 16.0 -0.99999905 -5.0
v 9.0 -0.99999905 -5.0
v 16.0 1.0 -4.999999
v 9.0 1.0 -4.999999
v 16.0 -1.0 -4.999999
v 9.0 -1.0 -4.999999
v 16.0 8.0 -4.999999
v 9.0 8.0 -4.999999
v 16.0 7.0 -4.999999
v 9.0 7.0 -4.999999
v 9.0 8.7890625 -5.901367
v 9.0 8.330079 -5.0029287
v 16.0 8.330079 -5.0029287
v 16.0 8.7890625 -5.901367
v 9.0 8.000001 -5.0
v 16.0 8.000001 -5.0
v 9.0 8.7890625 -5.901367
v 16.0 8.7890625 -5.901367
v 16.0 9.000001 -6.0
v 9.0 9.000001 -6.0
v 16.0 10.0 -5.999999
v 9.0 10.0 -5.999999
v 16.0 9.0 -5.999999
v 9.0 9.0 -5.999999
v 14.0 -14.0 -0.999999
v 10.0 -14.0 -0.999999
v 14.0 -15.0 -0.999999
v 10.0 -15.0 -0.999999
v 10.0 -5.210937 -3.901367
v 10.0 -5.669921 -3.002929
v 12.0 -5.669921 -3.002929
v 12.0 -5.210937 -3.901367
v 10.0 -5.999999 -3.0
v 12.0 -5.999999 -3.0
v 10.0 -5.210937 -3.901367
v 12.0 -5.210937 -3.901367
v 12.0 -4.999999 -4.0
v 10.0 -4.999999 -4.0
v 16.0 -4.0 -3.999999
v 10.0 -4.0 -3.999999
v 16.0 -5.0 -3.999999
v 10.0 -5.0 -3.999999
v 11.330078 -10.669921 -2.002929
v 11.330078 -9.999999 -2.002929
v 11.0 -9.999999 -2.0
v 11.0 -10.999999 -2.0
v 12.0 -10.669921 -2.002929
v 11.330078 -10.669921 -2.002929
v 11.0 -10.999999 -2.0
v 12.0 -10.999999 -2.0
v 12.0 -10.669921 -2.002929
v 12.0 -10.2109375 -2.901367
v 11.330078 -10.669921 -2.002929
v 11.894531 -10.105468 -2.901367
v 11.7890625 -9.999999 -2.901367
v 11.7890625 -9.999999 -2.901367
v 11.894531 -10.105468 -2.901367
v 12.0 -9.999999 -3.0
v 12.0 -10.2109375 -2.901367
v 11.330078 -9.999999 -2.002929
v 11.330078 -10.669921 -2.002929
v 11.7890625 -9.999999 -2.901367
v 12.0 -9.999999 -3.0
v 12.0 -8.999999 -3.0
v 11.9375 -9.374999 -3.0
v 11.6875 -9.062499 -3.0
v 11.0 -8.999999 -3.0
v 11.6875 -9.062499 -3.0
v 11.0 -8.999999 -3.0
v 11.0 -9.2109375 -2.901367
v 11.5 -9.249999 -2.901367
v 12.0 -9.999999 -3.0
v 11.9375 -9.374999 -3.0
v 11.75 -9.562499 -2.901367
v 11.7890625 -9.999999 -2.901367
v 11.7890625 -9.999999 -2.901367
v 11.75 -9.562499 -2.901367
v 11.330078 -9.999999 -2.002929
v 11.5 -9.249999 -2.901367
v 11.0 -9.669921 -2.002929
v 11.0 -9.2109375 -2.901367
v 11.0 -9.669921 -2.002929
v 11.0 -9.999999 -2.0
v 11.330078 -9.999999 -2.002929
v 12.0 -10.2109375 -2.901367
v 12.0 -10.669921 -2.002929
v 16.0 -10.669921 -2.002929
v 16.0 -10.2109375 -2.901367
v 12.0 -10.999999 -2.0
v 16.0 -10.999999 -2.0
v 12.0 -10.2109375 -2.901367
v 16.0 -10.2109375 -2.901367
v 16.0 -9.999999 -3.0
v 12.0 -9.999999 -3.0
v 16.0 -7.0 -2.999999
v 12.0 -7.0 -2.999999
v 16.0 -10.0 -2.999999
v 12.0 -10.0 -2.999999
v 12.330078 -6.669921 -3.002929
v 12.330078 -5.999999 -3.002929
v 12.0 -5.999999 -3.0
v 12.0 -6.999999 -3.0
v 13.0 -6.669921 -3.002929
v 12.330078 -6.669921 -3.002929
v 12.0 -6.999999 -3.0
v 13.0 -6.999999 -3.0
v 13.0 -6.669921 -3.002929
v 13.0 -6.210937 -3.901367
v 12.330078 -6.669921 -3.002929
v 12.894531 -6.105468 -3.901367
v 12.7890625 -5.999999 -3.901367
v 12.7890625 -5.999999 -3.901367
v 12.894531 -6.105468 -3.901367
v 13.0 -5.999999 -4.0
v 13.0 -6.210937 -3.901367
v 12.330078 -5.999999 -3.002929
v 12.330078 -6.669921 -3.002929
v 12.7890625 -5.999999 -3.901367
v 13.0 -5.999999 -4.0
v 13.0 -4.999999 -4.0
v 12.9375 -5.374999 -4.0
v 12.6875 -5.062499 -4.0
v 12.0 -4.999999 -4.0
v 12.6875 -5.062499 -4.0
v 12.0 -4.999999 -4.0
v 12.0 -5.210937 -3.901367
v 12.5 -5.249999 -3.901367
v 13.0 -5.999999 -4.0
v 12.9375 -5.374999 -4.0
v 12.75 -5.562499 -3.901367
v 12.7890625 -5.999999 -3.901367
v 12.7890625 -5.999999 -3.901367
v 12.75 -5.562499 -3.901367
v 12.330078 -5.999999 -3.002929
v 12.5 -5.249999 -3.901367
v 12.0 -5.669921 -3.002929
v 12.0 -5.210937 -3.901367
v 12.0 -5.669921 -3.002929
v 12.0 -5.999999 -3.0
v 12.330078 -5.999999 -3.002929
v 14.0 -15.0 -0.999999
v 13.0 -15.0 -0.999999
v 14.0 -16.0 -0.999999
v 13.0 -16.0 -0.999999
v 13.0 -6.210937 -3.901367
v 13.0 -6.669921 -3.002929
v 16.0 -6.669921 -3.002929
v 16.0 -6.210937 -3.901367
v 13.0 -6.999999 -3.0
v 16.0 -6.999999 -3.0
v 13.0 -6.210937 -3.901367
v 16.0 -6.210937 -3.901367
v 16.0 -5.999999 -4.0
v 13.0 -5.999999 -4.0
v 16.0 -5.0 -3.999999
v 13.0 -5.0 -3.999999
v 16.0 -6.0 -3.999999
v 13.0 -6.0 -3.999999
v 14.7890625 -14.0 -1.901367
v 14.330079 -14.0 -1.002929
v 14.330079 -16.0 -1.002929
v 14.7890625 -16.0 -1.901367
v 14.000001 -14.0 -1.0
v 14.000001 -16.0 -1.0
v 14.7890625 -14.0 -1.901367
v 14.7890625 -16.0 -1.901367
v 15.000001 -16.0 -2.0
v 15.000001 -14.0 -2.0
v 15.0 -13.999999 -2.0
v 15.0 -12.999999 -2.0
v 14.9375 -13.374999 -2.0
v 14.6875 -13.062499 -2.0
v 14.0 -12.999999 -2.0
v 14.6875 -13.062499 -2.0
v 14.0 -12.999999 -2.0
v 14.0 -13.2109375 -1.901367
v 14.5 -13.249999 -1.901367
v 15.0 -13.999999 -2.0
v 14.9375 -13.374999 -2.0
v 14.75 -13.562499 -1.901367
v 14.7890625 -13.999999 -1.901367
v 14.7890625 -13.999999 -1.901367
v 14.75 -13.562499 -1.901367
v 14.330078 -13.999999 -1.002929
v 14.5 -13.249999 -1.901367
v 14.0 -13.669921 -1.002929
v 14.0 -13.2109375 -1.901367
v 14.0 -13.669921 -1.002929
v 14.0 -13.999999 -1.0
v 14.330078 -13.999999 -1.002929
v 16.0 7.0 -4.999999
v 14.0 7.0 -4.999999
v 16.0 1.0 -4.999999
v 14.0 1.0 -4.999999
v 16.0 -13.0 -1.999999
v 15.0 -13.0 -1.999999
v 16.0 -16.0 -1.999999
v 15.0 -16.0 -1.999999
v 16.0 -2.0 -3.999999
v 15.0 -2.0 -3.999999
v 16.0 -4.0 -3.999999
v 15.0 -4.0 -3.999999
v -8.0 -16.000008 -0.6875
v -8.0 -7.9999924 -0.687499
v -16.0 -7.9999924 -0.687499
v -16.0 -16.000008 -0.6875
v -8.0 -8.000008 -0.6875
v -8.0 7.6293945E-6 -0.687499
v -16.0 7.6293945E-6 -0.687499
v -16.0 -8.000008 -0.6875
v -8.0 -8.106232E-6 -0.6875
v -8.0 8.000008 -0.687499
v -16.0 8.000008 -0.687499
v -16.0 -8.106232E-6 -0.6875
v -8.0 7.999992 -0.6875
v -8.0 16.000008 -0.687499
v -16.0 16.000008 -0.687499
v -16.0 7.999992 -0.6875
v 0.0 -16.000008 -0.6875
v 0.0 -7.9999924 -0.687499
v -8.0 -7.9999924 -0.687499
v -8.0 -16.000008 -0.6875
v 0.0 -8.000008 -0.6875
v 0.0 7.6293945E-6 -0.687499
v -8.0 7.6293945E-6 -0.687499
v -8.0 -8.000008 -0.6875
v 0.0 -8.106232E-6 -0.6875
v 0.0 8.000008 -0.687499
v -8.0 8.000008 -0.687499
v -8.0 -8.106232E-6 -0.6875
v 0.0 7.999992 -0.6875
v 0.0 16.000008 -0.687499
v -8.0 16.000008 -0.687499
v -8.0 7.999992 -0.6875
v 8.0 -16.000008 -0.6875
v 8.0 -7.9999924 -0.687499
v 0.0 -7.9999924 -0.687499
v 0.0 -16.000008 -0.6875
v 8.0 -8.000008 -0.6875
v 8.0 7.6293945E-6 -0.687499
v 0.0 7.6293945E-6 -0.687499
v 0.0 -8.000008 -0.6875
v 8.0 -8.106232E-6 -0.6875
v 8.0 8.000008 -0.687499
v 0.0 8.000008 -0.687499
v 0.0 -8.106232E-6 -0.6875
v 8.0 7.999992 -0.6875
v 8.0 16.000008 -0.687499
v 0.0 16.000008 -0.687499
v 0.0 7.999992 -0.6875
v 16.0 -16.000008 -0.6875
v 16.0 -7.9999924 -0.687499
v 8.0 -7.9999924 -0.687499
v 8.0 -16.000008 -0.6875
v 16.0 -8.000008 -0.6875
v 16.0 7.6293945E-6 -0.687499
v 8.0 7.6293945E-6 -0.687499
v 8.0 -8.000008 -0.6875
v 16.0 -8.106232E-6 -0.6875
v 16.0 8.000008 -0.687499
v 8.0 8.000008 -0.687499
v 8.0 -8.106232E-6 -0.6875
v 16.0 7.999992 -0.6875
v 16.0 16.000008 -0.687499
v 8.0 16.000008 -0.687499
v 8.0 7.999992 -0.6875
vt 0.542969 -0.62793
vt 0.189453 -0.62793
vt 0.34375 -0.1875
vt 0.542969 -0.1875
vt 0.042969 -0.62793
vt 0.144531 -0.977539
vt -0.019531 -0.977539
vt 0.895508 -0.62793
vt 0.94043 -0.977539
vt 1.105469 -0.977539
vt 1.106445 -0.457031
vt 0.94043 -0.977539
vt 0.542969 -0.977539
vt 0.895508 -0.62793
vt 0.261719 -0.1875
vt 0.741211 -0.1875
vt 0.34375 -0.1875
vt 0.144531 -0.977539
vt 0.542969 -0.977539
vt 0.722656 -0.442383
vt 0.542969 0.0
vt 1.000977 -0.420898
vt 0.99707 -0.575195
vt 0.685547 -0.015625
vt 0.321289 -0.06543
vt 0.420898 -0.204102
vt 1.004883 -0.558594
vt 0.879883 -0.181641
vt 1.0 -0.990234
vt 0.5 0.570312
vt 0.0 -0.990234
vt 1.0 -0.990234
vt 0.0 -0.990234
vt 1.0 -0.990234
vt 0.0 -0.990234
vt 1.0 -0.990234
vt 0.0 -0.990234
vt 1.0 -0.990234
vt 0.0 -0.990234
vt 1.0 -0.990234
vt 0.0 -0.990234
vt 1.0 -0.990234
vt 0.0 -0.990234
vt 1.0 -0.990234
vt 0.0 -0.990234
vt 1.0 -0.990234
vt 0.0 -0.990234
vt 1.0 -0.990234
vt 0.0 -0.990234
vt 1.0 -0.990234
vt 0.0 -0.990234
vt 1.0 -0.990234
vt 0.0 -0.990234
vt 4.0 0.0
vt 0.0 0.0
vt 0.0 -1.0
vt 4.0 -1.0
vt 4.0 0.0
vt 0.0 0.0
vt 0.0 -1.0
vt 4.0 -1.0
vt 4.0 0.0
vt 0.0 0.0
vt 0.0 -1.0
vt 4.0 -1.0
vt 0.542969 -0.62793
vt 0.189453 -0.62793
vt 0.34375 -0.1875
vt 0.542969 -0.1875
vt 0.042969 -0.62793
vt 0.144531 -0.977539
vt -0.019531 -0.977539
vt 0.895508 -0.62793
vt 0.94043 -0.977539
vt 1.105469 -0.977539
vt 1.106445 -0.457031
vt 0.94043 -0.977539
vt 0.542969 -0.977539
vt 0.895508 -0.62793
vt 0.261719 -0.1875
vt 0.741211 -0.1875
vt 0.34375 -0.1875
vt 0.144531 -0.977539
vt 0.542969 -0.977539
vt 0.722656 -0.442383
vt 0.542969 0.0
vt 1.000977 -0.420898
vt 0.99707 -0.575195
vt 0.685547 -0.015625
vt 0.321289 -0.06543
vt 0.420898 -0.204102
vt 1.004883 -0.558594
vt 0.879883 -0.181641
vt 1.0 -0.990234
vt 0.5 0.570312
vt 0.0 -0.990234
vt 1.0 -0.990234
vt 0.0 -0.990234
vt 1.0 -0.990234
vt 0.0 -0.990234
vt 1.0 -0.990234
vt 0.0 -0.990234
vt 1.0 -0.990234
vt 0.0 -0.990234
vt 1.0 -0.990234
vt 0.0 -0.990234
vt 1.0 -0.990234
vt 0.0 -0.990234
vt 1.0 -0.990234
vt 0.0 -0.990234
vt 1.0 -0.990234
vt 0.0 -0.990234
vt 1.0 -0.990234
vt 0.0 -0.990234
vt 1.0 -0.990234
vt 0.0 -0.990234
vt 1.0 -0.990234
vt 0.0 -0.990234
vt 2.0 0.0
vt 0.0 0.0
vt 0.0 -1.0
vt 2.0 -1.0
vt 2.0 0.0
vt 0.0 0.0
vt 0.0 -1.0
vt 2.0 -1.0
vt 2.0 0.0
vt 0.0 0.0
vt 0.0 -1.0
vt 2.0 -1.0
vt 3.0 0.0
vt 0.0 0.0
vt 0.0 -1.0
vt 3.0 -1.0
vt 3.0 0.0
vt 0.0 0.0
vt 0.0 -1.0
vt 3.0 -1.0
vt 3.0 0.0
vt 0.0 0.0
vt 0.0 -1.0
vt 3.0 -1.0
vt 1.0 0.0
vt 0.0 0.0
vt 0.0 -2.0
vt 1.0 -2.0
vt 1.0 0.0
vt 0.0 0.0
vt 0.0 -2.0
vt 1.0 -2.0
vt 1.0 0.0
vt 0.0 0.0
vt 0.0 -2.0
vt 1.0 -2.0
vt 5.0 0.0
vt 0.0 0.0
vt 0.0 -1.0
vt 5.0 -1.0
vt 5.0 0.0
vt 0.0 0.0
vt 0.0 -1.0
vt 5.0 -1.0
vt 5.0 0.0
vt 0.0 0.0
vt 0.0 -1.0
vt 5.0 -1.0
vt 2.0 0.0
vt 0.0 0.0
vt 0.0 -1.0
vt 2.0 -1.0
vt 2.0 0.0
vt 0.0 0.0
vt 0.0 -1.0
vt 2.0 -1.0
vt 2.0 0.0
vt 0.0 0.0
vt 0.0 -1.0
vt 2.0 -1.0
vt 1.0 0.0
vt 0.0 0.0
vt 0.0 -1.0
vt 1.0 -1.0
vt 1.0 0.0
vt 0.0 0.0
vt 0.0 -1.0
vt 1.0 -1.0
vt 1.0 0.0
vt 0.0 0.0
vt 0.0 -1.0
vt 1.0 -1.0
vt 4.0 0.0
vt 0.0 0.0
vt 0.0 -1.0
vt 4.0 -1.0
vt 4.0 0.0
vt 0.0 0.0
vt 0.0 -1.0
vt 4.0 -1.0
vt 4.0 0.0
vt 0.0 0.0
vt 0.0 -1.0
vt 4.0 -1.0
vt 1.0 0.0
vt 0.0 0.0
vt 0.0 -1.0
vt 1.0 -1.0
vt 1.0 0.0
vt 0.0 0.0
vt 0.0 -1.0
vt 1.0 -1.0
vt 1.0 0.0
vt 0.0 0.0
vt 0.0 -1.0
vt 1.0 -1.0
vt 3.0 0.0
vt 0.0 0.0
vt 0.0 -1.0
vt 3.0 -1.0
vt 3.0 0.0
vt 0.0 0.0
vt 0.0 -1.0
vt 3.0 -1.0
vt 3.0 0.0
vt 0.0 0.0
vt 0.0 -1.0
vt 3.0 -1.0
vt 3.0 0.0
vt 0.0 0.0
vt 0.0 -1.0
vt 3.0 -1.0
vt 3.0 0.0
vt 0.0 0.0
vt 0.0 -1.0
vt 3.0 -1.0
vt 3.0 0.0
vt 0.0 0.0
vt 0.0 -1.0
vt 3.0 -1.0
vt 1.0 0.0
vt 0.0 0.0
vt 0.0 -1.0
vt 1.0 -1.0
vt 1.0 0.0
vt 0.0 0.0
vt 0.0 -1.0
vt 1.0 -1.0
vt 1.0 0.0
vt 0.0 0.0
vt 0.0 -1.0
vt 1.0 -1.0
vt 1.0 0.0
vt 0.0 0.0
vt 0.0 -1.0
vt 1.0 -1.0
vt 1.0 0.0
vt 0.0 0.0
vt 0.0 -1.0
vt 1.0 -1.0
vt 1.0 0.0
vt 0.0 0.0
vt 0.0 -1.0
vt 1.0 -1.0
vt 2.0 0.0
vt 0.0 0.0
vt 0.0 -1.0
vt 2.0 -1.0
vt 2.0 0.0
vt 0.0 0.0
vt 0.0 -1.0
vt 2.0 -1.0
vt 2.0 0.0
vt 0.0 0.0
vt 0.0 -1.0
vt 2.0 -1.0
vt 4.0 0.0
vt 0.0 0.0
vt 0.0 -1.0
vt 4.0 -1.0
vt 4.0 0.0
vt 0.0 0.0
vt 0.0 -1.0
vt 4.0 -1.0
vt 4.0 0.0
vt 0.0 0.0
vt 0.0 -1.0
vt 4.0 -1.0
vt 6.0 0.0
vt 0.0 0.0
vt 0.0 -1.0
vt 6.0 -1.0
vt 6.0 0.0
vt 0.0 0.0
vt 0.0 -1.0
vt 6.0 -1.0
vt 6.0 0.0
vt 0.0 0.0
vt 0.0 -1.0
vt 6.0 -1.0
vt 2.0 0.0
vt 0.0 0.0
vt 0.0 -1.0
vt 2.0 -1.0
vt 2.0 0.0
vt 0.0 0.0
vt 0.0 -1.0
vt 2.0 -1.0
vt 2.0 0.0
vt 0.0 0.0
vt 0.0 -1.0
vt 2.0 -1.0
vt 5.0 0.0
vt 0.0 0.0
vt 0.0 -1.0
vt 5.0 -1.0
vt 5.0 0.0
vt 0.0 0.0
vt 0.0 -1.0
vt 5.0 -1.0
vt 5.0 0.0
vt 0.0 0.0
vt 0.0 -1.0
vt 5.0 -1.0
vt 1.0 0.0
vt 0.0 0.0
vt 0.0 -1.0
vt 1.0 -1.0
vt 1.0 0.0
vt 0.0 0.0
vt 0.0 -1.0
vt 1.0 -1.0
vt 1.0 0.0
vt 0.0 0.0
vt 0.0 -1.0
vt 1.0 -1.0
vt 4.0 0.0
vt 0.0 0.0
vt 0.0 -1.0
vt 4.0 -1.0
vt 4.0 0.0
vt 0.0 0.0
vt 0.0 -1.0
vt 4.0 -1.0
vt 4.0 0.0
vt 0.0 0.0
vt 0.0 -1.0
vt 4.0 -1.0
vt 0.542969 -0.62793
vt 0.189453 -0.62793
vt 0.34375 -0.1875
vt 0.542969 -0.1875
vt 0.042969 -0.62793
vt 0.144531 -0.977539
vt -0.019531 -0.977539
vt 0.895508 -0.62793
vt 0.94043 -0.977539
vt 1.105469 -0.977539
vt 1.106445 -0.457031
vt 0.94043 -0.977539
vt 0.542969 -0.977539
vt 0.895508 -0.62793
vt 0.261719 -0.1875
vt 0.741211 -0.1875
vt 0.34375 -0.1875
vt 0.144531 -0.977539
vt 0.542969 -0.977539
vt 0.722656 -0.442383
vt 0.542969 0.0
vt 1.000977 -0.420898
vt 0.99707 -0.575195
vt 0.685547 -0.015625
vt 0.321289 -0.06543
vt 0.420898 -0.204102
vt 1.004883 -0.558594
vt 0.879883 -0.181641
vt 1.0 -0.990234
vt 0.5 0.570312
vt 0.0 -0.990234
vt 1.0 -0.990234
vt 0.0 -0.990234
vt 1.0 -0.990234
vt 0.0 -0.990234
vt 1.0 -0.990234
vt 0.0 -0.990234
vt 1.0 -0.990234
vt 0.0 -0.990234
vt 1.0 -0.990234
vt 0.0 -0.990234
vt 1.0 -0.990234
vt 0.0 -0.990234
vt 1.0 -0.990234
vt 0.0 -0.990234
vt 1.0 -0.990234
vt 0.0 -0.990234
vt 1.0 -0.990234
vt 0.0 -0.990234
vt 1.0 -0.990234
vt 0.0 -0.990234
vt 1.0 -0.990234
vt 0.0 -0.990234
vt 0.542969 -0.62793
vt 0.189453 -0.62793
vt 0.34375 -0.1875
vt 0.542969 -0.1875
vt 0.042969 -0.62793
vt 0.144531 -0.977539
vt -0.019531 -0.977539
vt 0.895508 -0.62793
vt 0.94043 -0.977539
vt 1.105469 -0.977539
vt 1.106445 -0.457031
vt 0.94043 -0.977539
vt 0.542969 -0.977539
vt 0.895508 -0.62793
vt 0.261719 -0.1875
vt 0.741211 -0.1875
vt 0.34375 -0.1875
vt 0.144531 -0.977539
vt 0.542969 -0.977539
vt 0.722656 -0.442383
vt 0.542969 0.0
vt 1.000977 -0.420898
vt 0.99707 -0.575195
vt 0.685547 -0.015625
vt 0.321289 -0.06543
vt 0.420898 -0.204102
vt 1.004883 -0.558594
vt 0.879883 -0.181641
vt 1.0 -0.990234
vt 0.5 0.570312
vt 0.0 -0.990234
vt 1.0 -0.990234
vt 0.0 -0.990234
vt 1.0 -0.990234
vt 0.0 -0.990234
vt 1.0 -0.990234
vt 0.0 -0.990234
vt 1.0 -0.990234
vt 0.0 -0.990234
vt 1.0 -0.990234
vt 0.0 -0.990234
vt 1.0 -0.990234
vt 0.0 -0.990234
vt 1.0 -0.990234
vt 0.0 -0.990234
vt 1.0 -0.990234
vt 0.0 -0.990234
vt 1.0 -0.990234
vt 0.0 -0.990234
vt 1.0 -0.990234
vt 0.0 -0.990234
vt 1.0 -0.990234
vt 0.0 -0.990234
vt 4.0 0.0
vt 0.0 0.0
vt 0.0 -1.0
vt 4.0 -1.0
vt 4.0 0.0
vt 0.0 0.0
vt 0.0 -1.0
vt 4.0 -1.0
vt 4.0 0.0
vt 0.0 0.0
vt 0.0 -1.0
vt 4.0 -1.0
vt 1.0 0.0
vt 0.0 0.0
vt 0.0 -2.0
vt 1.0 -2.0
vt 1.0 0.0
vt 0.0 0.0
vt 0.0 -2.0
vt 1.0 -2.0
vt 1.0 0.0
vt 0.0 0.0
vt 0.0 -2.0
vt 1.0 -2.0
vt 2.0 0.0
vt 0.0 0.0
vt 0.0 -1.0
vt 2.0 -1.0
vt 2.0 0.0
vt 0.0 0.0
vt 0.0 -1.0
vt 2.0 -1.0
vt 2.0 0.0
vt 0.0 0.0
vt 0.0 -1.0
vt 2.0 -1.0
vt 8.0 0.0
vt 0.0 0.0
vt 0.0 -1.0
vt 8.0 -1.0
vt 8.0 0.0
vt 0.0 0.0
vt 0.0 -1.0
vt 8.0 -1.0
vt 8.0 0.0
vt 0.0 0.0
vt 0.0 -1.0
vt 8.0 -1.0
vt 2.0 0.0
vt 0.0 0.0
vt 0.0 -1.0
vt 2.0 -1.0
vt 2.0 0.0
vt 0.0 0.0
vt 0.0 -1.0
vt 2.0 -1.0
vt 2.0 0.0
vt 0.0 0.0
vt 0.0 -1.0
vt 2.0 -1.0
vt 5.0 0.0
vt 0.0 0.0
vt 0.0 -1.0
vt 5.0 -1.0
vt 5.0 0.0
vt 0.0 0.0
vt 0.0 -1.0
vt 5.0 -1.0
vt 5.0 0.0
vt 0.0 0.0
vt 0.0 -1.0
vt 5.0 -1.0
vt 8.0 0.0
vt 0.0 0.0
vt 0.0 -1.0
vt 8.0 -1.0
vt 8.0 0.0
vt 0.0 0.0
vt 0.0 -1.0
vt 8.0 -1.0
vt 8.0 0.0
vt 0.0 0.0
vt 0.0 -1.0
vt 8.0 -1.0
vt 0.542969 -0.62793
vt 0.189453 -0.62793
vt 0.34375 -0.1875
vt 0.542969 -0.1875
vt 0.042969 -0.62793
vt 0.144531 -0.977539
vt -0.019531 -0.977539
vt 0.895508 -0.62793
vt 0.94043 -0.977539
vt 1.105469 -0.977539
vt 1.106445 -0.457031
vt 0.94043 -0.977539
vt 0.542969 -0.977539
vt 0.895508 -0.62793
vt 0.261719 -0.1875
vt 0.741211 -0.1875
vt 0.34375 -0.1875
vt 0.144531 -0.977539
vt 0.542969 -0.977539
vt 0.722656 -0.442383
vt 0.542969 0.0
vt 1.000977 -0.420898
vt 0.99707 -0.575195
vt 0.685547 -0.015625
vt 0.321289 -0.06543
vt 0.420898 -0.204102
vt 1.004883 -0.558594
vt 0.879883 -0.181641
vt 1.0 -0.990234
vt 0.5 0.570312
vt 0.0 -0.990234
vt 1.0 -0.990234
vt 0.0 -0.990234
vt 1.0 -0.990234
vt 0.0 -0.990234
vt 1.0 -0.990234
vt 0.0 -0.990234
vt 1.0 -0.990234
vt 0.0 -0.990234
vt 1.0 -0.990234
vt 0.0 -0.990234
vt 1.0 -0.990234
vt 0.0 -0.990234
vt 1.0 -0.990234
vt 0.0 -0.990234
vt 1.0 -0.990234
vt 0.0 -0.990234
vt 1.0 -0.990234
vt 0.0 -0.990234
vt 1.0 -0.990234
vt 0.0 -0.990234
vt 1.0 -0.990234
vt 0.0 -0.990234
vt 6.0 0.0
vt 0.0 0.0
vt 0.0 -1.0
vt 6.0 -1.0
vt 6.0 0.0
vt 0.0 0.0
vt 0.0 -1.0
vt 6.0 -1.0
vt 6.0 0.0
vt 0.0 0.0
vt 0.0 -1.0
vt 6.0 -1.0
vt 4.0 0.0
vt 0.0 0.0
vt 0.0 -1.0
vt 4.0 -1.0
vt 4.0 0.0
vt 0.0 0.0
vt 0.0 -1.0
vt 4.0 -1.0
vt 4.0 0.0
vt 0.0 0.0
vt 0.0 -1.0
vt 4.0 -1.0
vt 1.0 0.0
vt 0.0 0.0
vt 0.0 -1.0
vt 1.0 -1.0
vt 1.0 0.0
vt 0.0 0.0
vt 0.0 -1.0
vt 1.0 -1.0
vt 1.0 0.0
vt 0.0 0.0
vt 0.0 -1.0
vt 1.0 -1.0
vt 4.0 0.0
vt 0.0 0.0
vt 0.0 -1.0
vt 4.0 -1.0
vt 4.0 0.0
vt 0.0 0.0
vt 0.0 -1.0
vt 4.0 -1.0
vt 4.0 0.0
vt 0.0 0.0
vt 0.0 -1.0
vt 4.0 -1.0
vt 1.0 0.0
vt 0.0 0.0
vt 0.0 -1.0
vt 1.0 -1.0
vt 1.0 0.0
vt 0.0 0.0
vt 0.0 -1.0
vt 1.0 -1.0
vt 1.0 0.0
vt 0.0 0.0
vt 0.0 -1.0
vt 1.0 -1.0
vt 1.0 0.0
vt 0.0 0.0
vt 0.0 -1.0
vt 1.0 -1.0
vt 1.0 0.0
vt 0.0 0.0
vt 0.0 -1.0
vt 1.0 -1.0
vt 1.0 0.0
vt 0.0 0.0
vt 0.0 -1.0
vt 1.0 -1.0
vt 0.542969 -0.62793
vt 0.189453 -0.62793
vt 0.34375 -0.1875
vt 0.542969 -0.1875
vt 0.042969 -0.62793
vt 0.144531 -0.977539
vt -0.019531 -0.977539
vt 0.895508 -0.62793
vt 0.94043 -0.977539
vt 1.105469 -0.977539
vt 1.106445 -0.457031
vt 0.94043 -0.977539
vt 0.542969 -0.977539
vt 0.895508 -0.62793
vt 0.261719 -0.1875
vt 0.741211 -0.1875
vt 0.34375 -0.1875
vt 0.144531 -0.977539
vt 0.542969 -0.977539
vt 0.722656 -0.442383
vt 0.542969 0.0
vt 1.000977 -0.420898
vt 0.99707 -0.575195
vt 0.685547 -0.015625
vt 0.321289 -0.06543
vt 0.420898 -0.204102
vt 1.004883 -0.558594
vt 0.879883 -0.181641
vt 1.0 -0.990234
vt 0.5 0.570312
vt 0.0 -0.990234
vt 1.0 -0.990234
vt 0.0 -0.990234
vt 1.0 -0.990234
vt 0.0 -0.990234
vt 1.0 -0.990234
vt 0.0 -0.990234
vt 1.0 -0.990234
vt 0.0 -0.990234
vt 1.0 -0.990234
vt 0.0 -0.990234
vt 1.0 -0.990234
vt 0.0 -0.990234
vt 1.0 -0.990234
vt 0.0 -0.990234
vt 1.0 -0.990234
vt 0.0 -0.990234
vt 1.0 -0.990234
vt 0.0 -0.990234
vt 1.0 -0.990234
vt 0.0 -0.990234
vt 1.0 -0.990234
vt 0.0 -0.990234
vt 1.0 0.0
vt 0.0 0.0
vt 0.0 -1.0
vt 1.0 -1.0
vt 1.0 0.0
vt 0.0 0.0
vt 0.0 -1.0
vt 1.0 -1.0
vt 1.0 0.0
vt 0.0 0.0
vt 0.0 -1.0
vt 1.0 -1.0
vt 5.0 0.0
vt 0.0 0.0
vt 0.0 -1.0
vt 5.0 -1.0
vt 5.0 0.0
vt 0.0 0.0
vt 0.0 -1.0
vt 5.0 -1.0
vt 5.0 0.0
vt 0.0 0.0
vt 0.0 -1.0
vt 5.0 -1.0
vt 5.0 0.0
vt 0.0 0.0
vt 0.0 -1.0
vt 5.0 -1.0
vt 5.0 0.0
vt 0.0 0.0
vt 0.0 -1.0
vt 5.0 -1.0
vt 5.0 0.0
vt 0.0 0.0
vt 0.0 -1.0
vt 5.0 -1.0
vt 1.0 0.0
vt 0.0 0.0
vt 0.0 -2.0
vt 1.0 -2.0
vt 1.0 0.0
vt 0.0 0.0
vt 0.0 -2.0
vt 1.0 -2.0
vt 1.0 0.0
vt 0.0 0.0
vt 0.0 -2.0
vt 1.0 -2.0
vt 3.0 0.0
vt 0.0 0.0
vt 0.0 -1.0
vt 3.0 -1.0
vt 3.0 0.0
vt 0.0 0.0
vt 0.0 -1.0
vt 3.0 -1.0
vt 3.0 0.0
vt 0.0 0.0
vt 0.0 -1.0
vt 3.0 -1.0
vt 3.0 0.0
vt 0.0 0.0
vt 0.0 -1.0
vt 3.0 -1.0
vt 3.0 0.0
vt 0.0 0.0
vt 0.0 -1.0
vt 3.0 -1.0
vt 3.0 0.0
vt 0.0 0.0
vt 0.0 -1.0
vt 3.0 -1.0
vt 2.0 0.0
vt 0.0 0.0
vt 0.0 -2.0
vt 2.0 -2.0
vt 2.0 0.0
vt 0.0 0.0
vt 0.0 -2.0
vt 2.0 -2.0
vt 2.0 0.0
vt 0.0 0.0
vt 0.0 -2.0
vt 2.0 -2.0
vt 1.0 0.0
vt 0.0 0.0
vt 0.0 -1.0
vt 1.0 -1.0
vt 1.0 0.0
vt 0.0 0.0
vt 0.0 -1.0
vt 1.0 -1.0
vt 1.0 0.0
vt 0.0 0.0
vt 0.0 -1.0
vt 1.0 -1.0
vt 1.0 0.0
vt 0.0 0.0
vt 0.0 -1.0
vt 1.0 -1.0
vt 1.0 0.0
vt 0.0 0.0
vt 0.0 -1.0
vt 1.0 -1.0
vt 1.0 0.0
vt 0.0 0.0
vt 0.0 -1.0
vt 1.0 -1.0
vt 0.542969 -0.62793
vt 0.189453 -0.62793
vt 0.34375 -0.1875
vt 0.542969 -0.1875
vt 0.042969 -0.62793
vt 0.144531 -0.977539
vt -0.019531 -0.977539
vt 0.895508 -0.62793
vt 0.94043 -0.977539
vt 1.105469 -0.977539
vt 1.106445 -0.457031
vt 0.94043 -0.977539
vt 0.542969 -0.977539
vt 0.895508 -0.62793
vt 0.261719 -0.1875
vt 0.741211 -0.1875
vt 0.34375 -0.1875
vt 0.144531 -0.977539
vt 0.542969 -0.977539
vt 0.722656 -0.442383
vt 0.542969 0.0
vt 1.000977 -0.420898
vt 0.99707 -0.575195
vt 0.685547 -0.015625
vt 0.321289 -0.06543
vt 0.420898 -0.204102
vt 1.004883 -0.558594
vt 0.879883 -0.181641
vt 1.0 -0.990234
vt 0.5 0.570312
vt 0.0 -0.990234
vt 1.0 -0.990234
vt 0.0 -0.990234
vt 1.0 -0.990234
vt 0.0 -0.990234
vt 1.0 -0.990234
vt 0.0 -0.990234
vt 1.0 -0.990234
vt 0.0 -0.990234
vt 1.0 -0.990234
vt 0.0 -0.990234
vt 1.0 -0.990234
vt 0.0 -0.990234
vt 1.0 -0.990234
vt 0.0 -0.990234
vt 1.0 -0.990234
vt 0.0 -0.990234
vt 1.0 -0.990234
vt 0.0 -0.990234
vt 1.0 -0.990234
vt 0.0 -0.990234
vt 1.0 -0.990234
vt 0.0 -0.990234
vt 1.0 0.0
vt 0.0 0.0
vt 0.0 -1.0
vt 1.0 -1.0
vt 1.0 0.0
vt 0.0 0.0
vt 0.0 -1.0
vt 1.0 -1.0
vt 1.0 0.0
vt 0.0 0.0
vt 0.0 -1.0
vt 1.0 -1.0
vt 2.0 0.0
vt 0.0 0.0
vt 0.0 -1.0
vt 2.0 -1.0
vt 2.0 0.0
vt 0.0 0.0
vt 0.0 -1.0
vt 2.0 -1.0
vt 2.0 0.0
vt 0.0 0.0
vt 0.0 -1.0
vt 2.0 -1.0
vt 1.0 0.0
vt 0.0 0.0
vt 0.0 -1.0
vt 1.0 -1.0
vt 1.0 0.0
vt 0.0 0.0
vt 0.0 -1.0
vt 1.0 -1.0
vt 1.0 0.0
vt 0.0 0.0
vt 0.0 -1.0
vt 1.0 -1.0
vt 5.0 0.0
vt 0.0 0.0
vt 0.0 -1.0
vt 5.0 -1.0
vt 5.0 0.0
vt 0.0 0.0
vt 0.0 -1.0
vt 5.0 -1.0
vt 5.0 0.0
vt 0.0 0.0
vt 0.0 -1.0
vt 5.0 -1.0
vt 5.0 0.0
vt 0.0 0.0
vt 0.0 -1.0
vt 5.0 -1.0
vt 5.0 0.0
vt 0.0 0.0
vt 0.0 -1.0
vt 5.0 -1.0
vt 5.0 0.0
vt 0.0 0.0
vt 0.0 -1.0
vt 5.0 -1.0
vt 3.0 0.0
vt 0.0 0.0
vt 0.0 -1.0
vt 3.0 -1.0
vt 3.0 0.0
vt 0.0 0.0
vt 0.0 -1.0
vt 3.0 -1.0
vt 3.0 0.0
vt 0.0 0.0
vt 0.0 -1.0
vt 3.0 -1.0
vt 4.0 0.0
vt 0.0 0.0
vt 0.0 -1.0
vt 4.0 -1.0
vt 4.0 0.0
vt 0.0 0.0
vt 0.0 -1.0
vt 4.0 -1.0
vt 4.0 0.0
vt 0.0 0.0
vt 0.0 -1.0
vt 4.0 -1.0
vt 3.0 0.0
vt 0.0 0.0
vt 0.0 -1.0
vt 3.0 -1.0
vt 3.0 0.0
vt 0.0 0.0
vt 0.0 -1.0
vt 3.0 -1.0
vt 3.0 0.0
vt 0.0 0.0
vt 0.0 -1.0
vt 3.0 -1.0
vt 2.0 0.0
vt 0.0 0.0
vt 0.0 -1.0
vt 2.0 -1.0
vt 2.0 0.0
vt 0.0 0.0
vt 0.0 -1.0
vt 2.0 -1.0
vt 2.0 0.0
vt 0.0 0.0
vt 0.0 -1.0
vt 2.0 -1.0
vt 3.0 0.0
vt 0.0 0.0
vt 0.0 -1.0
vt 3.0 -1.0
vt 3.0 0.0
vt 0.0 0.0
vt 0.0 -1.0
vt 3.0 -1.0
vt 3.0 0.0
vt 0.0 0.0
vt 0.0 -1.0
vt 3.0 -1.0
vt 1.0 0.0
vt 0.0 0.0
vt 0.0 -1.0
vt 1.0 -1.0
vt 1.0 0.0
vt 0.0 0.0
vt 0.0 -1.0
vt 1.0 -1.0
vt 1.0 0.0
vt 0.0 0.0
vt 0.0 -1.0
vt 1.0 -1.0
vt 2.0 0.0
vt 0.0 0.0
vt 0.0 -1.0
vt 2.0 -1.0
vt 2.0 0.0
vt 0.0 0.0
vt 0.0 -1.0
vt 2.0 -1.0
vt 2.0 0.0
vt 0.0 0.0
vt 0.0 -1.0
vt 2.0 -1.0
vt 1.0 0.0
vt 0.0 0.0
vt 0.0 -1.0
vt 1.0 -1.0
vt 1.0 0.0
vt 0.0 0.0
vt 0.0 -1.0
vt 1.0 -1.0
vt 1.0 0.0
vt 0.0 0.0
vt 0.0 -1.0
vt 1.0 -1.0
vt 2.0 0.0
vt 0.0 0.0
vt 0.0 -1.0
vt 2.0 -1.0
vt 2.0 0.0
vt 0.0 0.0
vt 0.0 -1.0
vt 2.0 -1.0
vt 2.0 0.0
vt 0.0 0.0
vt 0.0 -1.0
vt 2.0 -1.0
vt 0.542969 -0.62793
vt 0.189453 -0.62793
vt 0.34375 -0.1875
vt 0.542969 -0.1875
vt 0.042969 -0.62793
vt 0.144531 -0.977539
vt -0.019531 -0.977539
vt 0.895508 -0.62793
vt 0.94043 -0.977539
vt 1.105469 -0.977539
vt 1.106445 -0.457031
vt 0.94043 -0.977539
vt 0.542969 -0.977539
vt 0.895508 -0.62793
vt 0.261719 -0.1875
vt 0.741211 -0.1875
vt 0.34375 -0.1875
vt 0.144531 -0.977539
vt 0.542969 -0.977539
vt 0.722656 -0.442383
vt 0.542969 0.0
vt 1.000977 -0.420898
vt 0.99707 -0.575195
vt 0.685547 -0.015625
vt 0.321289 -0.06543
vt 0.420898 -0.204102
vt 1.004883 -0.558594
vt 0.879883 -0.181641
vt 1.0 -0.990234
vt 0.5 0.570312
vt 0.0 -0.990234
vt 1.0 -0.990234
vt 0.0 -0.990234
vt 1.0 -0.990234
vt 0.0 -0.990234
vt 1.0 -0.990234
vt 0.0 -0.990234
vt 1.0 -0.990234
vt 0.0 -0.990234
vt 1.0 -0.990234
vt 0.0 -0.990234
vt 1.0 -0.990234
vt 0.0 -0.990234
vt 1.0 -0.990234
vt 0.0 -0.990234
vt 1.0 -0.990234
vt 0.0 -0.990234
vt 1.0 -0.990234
vt 0.0 -0.990234
vt 1.0 -0.990234
vt 0.0 -0.990234
vt 1.0 -0.990234
vt 0.0 -0.990234
vt 2.0 0.0
vt 0.0 0.0
vt 0.0 -1.0
vt 2.0 -1.0
vt 2.0 0.0
vt 0.0 0.0
vt 0.0 -1.0
vt 2.0 -1.0
vt 2.0 0.0
vt 0.0 0.0
vt 0.0 -1.0
vt 2.0 -1.0
vt 0.542969 -0.62793
vt 0.189453 -0.62793
vt 0.34375 -0.1875
vt 0.542969 -0.1875
vt 0.042969 -0.62793
vt 0.144531 -0.977539
vt -0.019531 -0.977539
vt 0.895508 -0.62793
vt 0.94043 -0.977539
vt 1.105469 -0.977539
vt 1.106445 -0.457031
vt 0.94043 -0.977539
vt 0.542969 -0.977539
vt 0.895508 -0.62793
vt 0.261719 -0.1875
vt 0.741211 -0.1875
vt 0.34375 -0.1875
vt 0.144531 -0.977539
vt 0.542969 -0.977539
vt 0.722656 -0.442383
vt 0.542969 0.0
vt 1.000977 -0.420898
vt 0.99707 -0.575195
vt 0.685547 -0.015625
vt 0.321289 -0.06543
vt 0.420898 -0.204102
vt 1.004883 -0.558594
vt 0.879883 -0.181641
vt 1.0 -0.990234
vt 0.5 0.570312
vt 0.0 -0.990234
vt 1.0 -0.990234
vt 0.0 -0.990234
vt 1.0 -0.990234
vt 0.0 -0.990234
vt 1.0 -0.990234
vt 0.0 -0.990234
vt 1.0 -0.990234
vt 0.0 -0.990234
vt 1.0 -0.990234
vt 0.0 -0.990234
vt 1.0 -0.990234
vt 0.0 -0.990234
vt 1.0 -0.990234
vt 0.0 -0.990234
vt 1.0 -0.990234
vt 0.0 -0.990234
vt 1.0 -0.990234
vt 0.0 -0.990234
vt 1.0 -0.990234
vt 0.0 -0.990234
vt 1.0 -0.990234
vt 0.0 -0.990234
vt 1.0 -0.894531
vt 1.0 -0.597656
vt 0.0 -0.597656
vt 0.0 -0.894531
vt 1.0 -0.515625
vt 0.0 -0.515625
vt 1.0 -0.894531
vt 0.0 -0.894531
vt 0.0 -0.988281
vt 1.0 -0.988281
vt 0.841797 -0.986328
vt 0.998047 -0.986328
vt 0.966797 -0.892578
vt 0.841797 -0.892578
vt 0.498047 -0.986328
vt 0.654297 -0.986328
vt 0.654297 -0.892578
vt 0.529297 -0.892578
vt -0.470703 -1.392578
vt -0.345703 -1.392578
vt -0.345703 -1.105469
vt -0.158203 -1.392578
vt -0.158203 -1.105469
vt -0.033203 -1.392578
vt -0.158203 -0.609375
vt -0.251953 -0.515625
vt -0.345703 -0.609375
vt 1.0 0.5
vt 1.0 0.0
vt 1.03125 0.1875
vt 1.15625 0.03125
vt 1.5 0.0
vt 0.0 2.0
vt 0.0 0.0
vt 8.0 0.0
vt 8.0 2.0
vt 2.0 -0.894531
vt 2.0 -0.597656
vt 0.0 -0.597656
vt 0.0 -0.894531
vt 2.0 -0.515625
vt 0.0 -0.515625
vt 2.0 -0.894531
vt 0.0 -0.894531
vt 0.0 -0.988281
vt 2.0 -0.988281
vt 0.0 4.0
vt 0.0 0.0
vt 4.0 0.0
vt 4.0 4.0
vt 3.5 -0.894531
vt 3.5 -0.597656
vt 0.0 -0.597656
vt 0.0 -0.894531
vt 3.5 -0.515625
vt 0.0 -0.515625
vt 3.5 -0.894531
vt 0.0 -0.894531
vt 0.0 -0.988281
vt 3.5 -0.988281
vt 0.0 4.0
vt 0.0 0.0
vt 7.0 0.0
vt 7.0 4.0
vt 3.0 -0.894531
vt 3.0 -0.597656
vt 0.0 -0.597656
vt 0.0 -0.894531
vt 3.0 -0.515625
vt 0.0 -0.515625
vt 3.0 -0.894531
vt 0.0 -0.894531
vt 0.0 -0.988281
vt 3.0 -0.988281
vt 0.0 7.0
vt 0.0 0.0
vt 6.0 0.0
vt 6.0 7.0
vt 4.0 -0.894531
vt 4.0 -0.597656
vt 0.0 -0.597656
vt 0.0 -0.894531
vt 4.0 -0.515625
vt 0.0 -0.515625
vt 4.0 -0.894531
vt 0.0 -0.894531
vt 0.0 -0.988281
vt 4.0 -0.988281
vt 0.0 8.0
vt 0.0 0.0
vt 8.0 0.0
vt 8.0 8.0
vt 0.0 2.0
vt 0.0 0.0
vt 1.0 0.0
vt 1.0 2.0
vt 4.0 -0.894531
vt 4.0 -0.597656
vt 0.0 -0.597656
vt 0.0 -0.894531
vt 4.0 -0.515625
vt 0.0 -0.515625
vt 4.0 -0.894531
vt 0.0 -0.894531
vt 0.0 -0.988281
vt 4.0 -0.988281
vt 0.0 1.0
vt 0.0 0.0
vt 8.0 0.0
vt 8.0 1.0
vt 0.753906 -0.599609
vt 1.0 -0.599609
vt 1.0 -0.513672
vt 0.5 -0.513672
vt 1.0 -0.599609
vt 1.279297 -0.599609
vt 1.5 -0.513672
vt 1.0 -0.513672
vt 0.4375 -0.59375
vt 0.4375 -0.890625
vt 0.285156 -0.59375
vt 0.285156 -0.890625
vt 0.4375 -0.890625
vt 0.4375 -0.394531
vt 0.285156 -0.394531
vt 0.285156 -0.486328
vt 0.4375 -0.394531
vt 0.4375 -0.59375
vt 0.285156 -0.59375
vt 0.4375 -0.890625
vt 0.841797 -0.986328
vt 0.998047 -0.986328
vt 0.966797 -0.892578
vt 0.841797 -0.892578
vt 0.498047 -0.986328
vt 0.654297 -0.986328
vt 0.654297 -0.892578
vt 0.529297 -0.892578
vt -0.470703 -1.392578
vt -0.345703 -1.392578
vt -0.345703 -1.105469
vt -0.158203 -1.392578
vt -0.158203 -1.105469
vt -0.033203 -1.392578
vt -0.158203 -0.609375
vt -0.251953 -0.515625
vt -0.345703 -0.609375
vt 1.0 0.5
vt 1.0 0.0
vt 1.03125 0.1875
vt 1.15625 0.03125
vt 1.5 0.0
vt 0.0 3.0
vt 0.0 0.0
vt 8.0 0.0
vt 8.0 3.0
vt 0.0 1.0
vt 0.0 0.0
vt 5.0 0.0
vt 5.0 1.0
vt 2.5 -0.894531
vt 2.5 -0.597656
vt 0.0 -0.597656
vt 0.0 -0.894531
vt 2.5 -0.515625
vt 0.0 -0.515625
vt 2.5 -0.894531
vt 0.0 -0.894531
vt 0.0 -0.988281
vt 2.5 -0.988281
vt 0.753906 -0.599609
vt 1.0 -0.599609
vt 1.0 -0.513672
vt 0.5 -0.513672
vt 1.0 -0.599609
vt 1.279297 -0.599609
vt 1.5 -0.513672
vt 1.0 -0.513672
vt 0.4375 -0.59375
vt 0.4375 -0.890625
vt 0.285156 -0.59375
vt 0.285156 -0.890625
vt 0.4375 -0.890625
vt 0.4375 -0.394531
vt 0.285156 -0.394531
vt 0.285156 -0.486328
vt 0.4375 -0.394531
vt 0.4375 -0.59375
vt 0.285156 -0.59375
vt 0.4375 -0.890625
vt 0.841797 -0.986328
vt 0.998047 -0.986328
vt 0.966797 -0.892578
vt 0.841797 -0.892578
vt 0.498047 -0.986328
vt 0.654297 -0.986328
vt 0.654297 -0.892578
vt 0.529297 -0.892578
vt -0.470703 -1.392578
vt -0.345703 -1.392578
vt -0.345703 -1.105469
vt -0.158203 -1.392578
vt -0.158203 -1.105469
vt -0.033203 -1.392578
vt -0.158203 -0.609375
vt -0.251953 -0.515625
vt -0.345703 -0.609375
vt 1.0 0.5
vt 1.0 0.0
vt 1.03125 0.1875
vt 1.15625 0.03125
vt 1.5 0.0
vt 0.0 6.0
vt 0.0 0.0
vt 8.0 0.0
vt 8.0 6.0
vt 0.753906 -0.599609
vt 1.0 -0.599609
vt 1.0 -0.513672
vt 0.5 -0.513672
vt 1.0 -0.599609
vt 1.279297 -0.599609
vt 1.5 -0.513672
vt 1.0 -0.513672
vt 0.4375 -0.59375
vt 0.4375 -0.890625
vt 0.285156 -0.59375
vt 0.285156 -0.890625
vt 0.4375 -0.890625
vt 0.4375 -0.394531
vt 0.285156 -0.394531
vt 0.285156 -0.486328
vt 0.4375 -0.394531
vt 0.4375 -0.59375
vt 0.285156 -0.59375
vt 0.4375 -0.890625
vt 0.841797 -0.986328
vt 0.998047 -0.986328
vt 0.966797 -0.892578
vt 0.841797 -0.892578
vt 0.498047 -0.986328
vt 0.654297 -0.986328
vt 0.654297 -0.892578
vt 0.529297 -0.892578
vt -0.470703 -1.392578
vt -0.345703 -1.392578
vt -0.345703 -1.105469
vt -0.158203 -1.392578
vt -0.158203 -1.105469
vt -0.033203 -1.392578
vt -0.158203 -0.609375
vt -0.251953 -0.515625
vt -0.345703 -0.609375
vt 1.0 0.5
vt 1.0 0.0
vt 1.03125 0.1875
vt 1.15625 0.03125
vt 1.5 0.0
vt 0.0 4.0
vt 0.0 0.0
vt 8.0 0.0
vt 8.0 4.0
vt 4.0 -0.894531
vt 4.0 -0.597656
vt 0.0 -0.597656
vt 0.0 -0.894531
vt 4.0 -0.515625
vt 0.0 -0.515625
vt 4.0 -0.894531
vt 0.0 -0.894531
vt 0.0 -0.988281
vt 4.0 -0.988281
vt 0.0 2.0
vt 0.0 0.0
vt 8.0 0.0
vt 8.0 2.0
vt 0.0 1.0
vt 0.0 0.0
vt 8.0 0.0
vt 8.0 1.0
vt 4.0 -0.894531
vt 4.0 -0.597656
vt 0.0 -0.597656
vt 0.0 -0.894531
vt 4.0 -0.515625
vt 0.0 -0.515625
vt 4.0 -0.894531
vt 0.0 -0.894531
vt 0.0 -0.988281
vt 4.0 -0.988281
vt 0.753906 -0.599609
vt 1.0 -0.599609
vt 1.0 -0.513672
vt 0.5 -0.513672
vt 1.0 -0.599609
vt 1.279297 -0.599609
vt 1.5 -0.513672
vt 1.0 -0.513672
vt 0.4375 -0.59375
vt 0.4375 -0.890625
vt 0.285156 -0.59375
vt 0.285156 -0.890625
vt 0.4375 -0.890625
vt 0.4375 -0.394531
vt 0.285156 -0.394531
vt 0.285156 -0.486328
vt 0.4375 -0.394531
vt 0.4375 -0.59375
vt 0.285156 -0.59375
vt 0.4375 -0.890625
vt 0.5 -0.894531
vt 0.5 -0.597656
vt 0.0 -0.597656
vt 0.0 -0.894531
vt 0.5 -0.515625
vt 0.0 -0.515625
vt 0.5 -0.894531
vt 0.0 -0.894531
vt 0.0 -0.988281
vt 0.5 -0.988281
vt 0.841797 -0.986328
vt 0.998047 -0.986328
vt 0.966797 -0.892578
vt 0.841797 -0.892578
vt 0.498047 -0.986328
vt 0.654297 -0.986328
vt 0.654297 -0.892578
vt 0.529297 -0.892578
vt -0.470703 -1.392578
vt -0.345703 -1.392578
vt -0.345703 -1.105469
vt -0.158203 -1.392578
vt -0.158203 -1.105469
vt -0.033203 -1.392578
vt -0.158203 -0.609375
vt -0.251953 -0.515625
vt -0.345703 -0.609375
vt 1.0 0.5
vt 1.0 0.0
vt 1.03125 0.1875
vt 1.15625 0.03125
vt 1.5 0.0
vt 0.0 6.0
vt 0.0 0.0
vt 8.0 0.0
vt 8.0 6.0
vt 4.0 -0.894531
vt 4.0 -0.597656
vt 0.0 -0.597656
vt 0.0 -0.894531
vt 4.0 -0.515625
vt 0.0 -0.515625
vt 4.0 -0.894531
vt 0.0 -0.894531
vt 0.0 -0.988281
vt 4.0 -0.988281
vt 0.0 2.0
vt 0.0 0.0
vt 8.0 0.0
vt 8.0 2.0
vt 4.0 -0.894531
vt 4.0 -0.597656
vt 0.0 -0.597656
vt 0.0 -0.894531
vt 4.0 -0.515625
vt 0.0 -0.515625
vt 4.0 -0.894531
vt 0.0 -0.894531
vt 0.0 -0.988281
vt 4.0 -0.988281
vt 0.0 1.0
vt 0.0 0.0
vt 8.0 0.0
vt 8.0 1.0
vt 0.753906 -0.599609
vt 1.0 -0.599609
vt 1.0 -0.513672
vt 0.5 -0.513672
vt 1.0 -0.599609
vt 1.279297 -0.599609
vt 1.5 -0.513672
vt 1.0 -0.513672
vt 0.4375 -0.59375
vt 0.4375 -0.890625
vt 0.285156 -0.59375
vt 0.285156 -0.890625
vt 0.4375 -0.890625
vt 0.4375 -0.394531
vt 0.285156 -0.394531
vt 0.285156 -0.486328
vt 0.4375 -0.394531
vt 0.4375 -0.59375
vt 0.285156 -0.59375
vt 0.4375 -0.890625
vt 0.841797 -0.986328
vt 0.998047 -0.986328
vt 0.966797 -0.892578
vt 0.841797 -0.892578
vt 0.498047 -0.986328
vt 0.654297 -0.986328
vt 0.654297 -0.892578
vt 0.529297 -0.892578
vt -0.470703 -1.392578
vt -0.345703 -1.392578
vt -0.345703 -1.105469
vt -0.158203 -1.392578
vt -0.158203 -1.105469
vt -0.033203 -1.392578
vt -0.158203 -0.609375
vt -0.251953 -0.515625
vt -0.345703 -0.609375
vt 1.0 0.5
vt 1.0 0.0
vt 1.03125 0.1875
vt 1.15625 0.03125
vt 1.5 0.0
vt 4.0 -0.894531
vt 4.0 -0.597656
vt 0.0 -0.597656
vt 0.0 -0.894531
vt 4.0 -0.515625
vt 0.0 -0.515625
vt 4.0 -0.894531
vt 0.0 -0.894531
vt 0.0 -0.988281
vt 4.0 -0.988281
vt 0.0 1.0
vt 0.0 0.0
vt 8.0 0.0
vt 8.0 1.0
vt 0.0 3.0
vt 0.0 0.0
vt 8.0 0.0
vt 8.0 3.0
vt 0.0 6.0
vt 0.0 0.0
vt 8.0 0.0
vt 8.0 6.0
vt 0.0 4.0
vt 0.0 0.0
vt 8.0 0.0
vt 8.0 4.0
vt 4.0 -0.894531
vt 4.0 -0.597656
vt 0.0 -0.597656
vt 0.0 -0.894531
vt 4.0 -0.515625
vt 0.0 -0.515625
vt 4.0 -0.894531
vt 0.0 -0.894531
vt 0.0 -0.988281
vt 4.0 -0.988281
vt 0.0 2.0
vt 0.0 0.0
vt 8.0 0.0
vt 8.0 2.0
vt 0.0 1.0
vt 0.0 0.0
vt 1.0 0.0
vt 1.0 1.0
vt 0.5 -0.894531
vt 0.5 -0.597656
vt 0.0 -0.597656
vt 0.0 -0.894531
vt 0.5 -0.515625
vt 0.0 -0.515625
vt 0.5 -0.894531
vt 0.0 -0.894531
vt 0.0 -0.988281
vt 0.5 -0.988281
vt 0.0 6.0
vt 0.0 0.0
vt 8.0 0.0
vt 8.0 6.0
vt 4.0 -0.894531
vt 4.0 -0.597656
vt 0.0 -0.597656
vt 0.0 -0.894531
vt 4.0 -0.515625
vt 0.0 -0.515625
vt 4.0 -0.894531
vt 0.0 -0.894531
vt 0.0 -0.988281
vt 4.0 -0.988281
vt 0.753906 -0.599609
vt 1.0 -0.599609
vt 1.0 -0.513672
vt 0.5 -0.513672
vt 1.0 -0.599609
vt 1.279297 -0.599609
vt 1.5 -0.513672
vt 1.0 -0.513672
vt 0.4375 -0.59375
vt 0.4375 -0.890625
vt 0.285156 -0.59375
vt 0.285156 -0.890625
vt 0.4375 -0.890625
vt 0.4375 -0.394531
vt 0.285156 -0.394531
vt 0.285156 -0.486328
vt 0.4375 -0.394531
vt 0.4375 -0.59375
vt 0.285156 -0.59375
vt 0.4375 -0.890625
vt 0.841797 -0.986328
vt 0.998047 -0.986328
vt 0.966797 -0.892578
vt 0.841797 -0.892578
vt 0.498047 -0.986328
vt 0.654297 -0.986328
vt 0.654297 -0.892578
vt 0.529297 -0.892578
vt -0.470703 -1.392578
vt -0.345703 -1.392578
vt -0.345703 -1.105469
vt -0.158203 -1.392578
vt -0.158203 -1.105469
vt -0.033203 -1.392578
vt -0.158203 -0.609375
vt -0.251953 -0.515625
vt -0.345703 -0.609375
vt 1.0 0.5
vt 1.0 0.0
vt 1.03125 0.1875
vt 1.15625 0.03125
vt 1.5 0.0
vt 0.0 1.0
vt 0.0 0.0
vt 8.0 0.0
vt 8.0 1.0
vt 0.0 1.0
vt 0.0 0.0
vt 7.0 0.0
vt 7.0 1.0
vt 3.5 -0.894531
vt 3.5 -0.597656
vt 0.0 -0.597656
vt 0.0 -0.894531
vt 3.5 -0.515625
vt 0.0 -0.515625
vt 3.5 -0.894531
vt 0.0 -0.894531
vt 0.0 -0.988281
vt 3.5 -0.988281
vt 0.0 1.0
vt 0.0 0.0
vt 8.0 0.0
vt 8.0 1.0
vt 4.0 -0.894531
vt 4.0 -0.597656
vt 0.0 -0.597656
vt 0.0 -0.894531
vt 4.0 -0.515625
vt 0.0 -0.515625
vt 4.0 -0.894531
vt 0.0 -0.894531
vt 0.0 -0.988281
vt 4.0 -0.988281
vt 0.0 1.0
vt 0.0 0.0
vt 8.0 0.0
vt 8.0 1.0
vt 0.5 -0.894531
vt 0.5 -0.597656
vt 0.0 -0.597656
vt 0.0 -0.894531
vt 0.5 -0.515625
vt 0.0 -0.515625
vt 0.5 -0.894531
vt 0.0 -0.894531
vt 0.0 -0.988281
vt 0.5 -0.988281
vt 0.0 1.0
vt 0.0 0.0
vt 1.0 0.0
vt 1.0 1.0
vt 0.753906 -0.599609
vt 1.0 -0.599609
vt 1.0 -0.513672
vt 0.5 -0.513672
vt 1.0 -0.599609
vt 1.279297 -0.599609
vt 1.5 -0.513672
vt 1.0 -0.513672
vt 0.4375 -0.59375
vt 0.4375 -0.890625
vt 0.285156 -0.59375
vt 0.285156 -0.890625
vt 0.4375 -0.890625
vt 0.4375 -0.394531
vt 0.285156 -0.394531
vt 0.285156 -0.486328
vt 0.4375 -0.394531
vt 0.4375 -0.59375
vt 0.285156 -0.59375
vt 0.4375 -0.890625
vt 0.841797 -0.986328
vt 0.998047 -0.986328
vt 0.966797 -0.892578
vt 0.841797 -0.892578
vt 0.498047 -0.986328
vt 0.654297 -0.986328
vt 0.654297 -0.892578
vt 0.529297 -0.892578
vt -0.470703 -1.392578
vt -0.345703 -1.392578
vt -0.345703 -1.105469
vt -0.158203 -1.392578
vt -0.158203 -1.105469
vt -0.033203 -1.392578
vt -0.158203 -0.609375
vt -0.251953 -0.515625
vt -0.345703 -0.609375
vt 1.0 0.5
vt 1.0 0.0
vt 1.03125 0.1875
vt 1.15625 0.03125
vt 1.5 0.0
vt 0.0 3.0
vt 0.0 0.0
vt 8.0 0.0
vt 8.0 3.0
vt 0.0 1.0
vt 0.0 0.0
vt 6.0 0.0
vt 6.0 1.0
vt 3.0 -0.894531
vt 3.0 -0.597656
vt 0.0 -0.597656
vt 0.0 -0.894531
vt 3.0 -0.515625
vt 0.0 -0.515625
vt 3.0 -0.894531
vt 0.0 -0.894531
vt 0.0 -0.988281
vt 3.0 -0.988281
vt 0.0 6.0
vt 0.0 0.0
vt 8.0 0.0
vt 8.0 6.0
vt 0.0 2.0
vt 0.0 0.0
vt 8.0 0.0
vt 8.0 2.0
vt 0.0 2.0
vt 0.0 0.0
vt 1.0 0.0
vt 1.0 2.0
vt 0.5 -0.894531
vt 0.5 -0.597656
vt 0.0 -0.597656
vt 0.0 -0.894531
vt 0.5 -0.515625
vt 0.0 -0.515625
vt 0.5 -0.894531
vt 0.0 -0.894531
vt 0.0 -0.988281
vt 0.5 -0.988281
vt 0.0 2.0
vt 0.0 0.0
vt 8.0 0.0
vt 8.0 2.0
vt 0.753906 -0.599609
vt 1.0 -0.599609
vt 1.0 -0.513672
vt 0.5 -0.513672
vt 1.0 -0.599609
vt 1.279297 -0.599609
vt 1.5 -0.513672
vt 1.0 -0.513672
vt 0.4375 -0.59375
vt 0.4375 -0.890625
vt 0.285156 -0.59375
vt 0.285156 -0.890625
vt 0.4375 -0.890625
vt 0.4375 -0.394531
vt 0.285156 -0.394531
vt 0.285156 -0.486328
vt 0.4375 -0.394531
vt 0.4375 -0.59375
vt 0.285156 -0.59375
vt 0.4375 -0.890625
vt 0.5 -0.894531
vt 0.5 -0.597656
vt 0.0 -0.597656
vt 0.0 -0.894531
vt 0.5 -0.515625
vt 0.0 -0.515625
vt 0.5 -0.894531
vt 0.0 -0.894531
vt 0.0 -0.988281
vt 0.5 -0.988281
vt 0.841797 -0.986328
vt 0.998047 -0.986328
vt 0.966797 -0.892578
vt 0.841797 -0.892578
vt 0.498047 -0.986328
vt 0.654297 -0.986328
vt 0.654297 -0.892578
vt 0.529297 -0.892578
vt -0.470703 -1.392578
vt -0.345703 -1.392578
vt -0.345703 -1.105469
vt -0.158203 -1.392578
vt -0.158203 -1.105469
vt -0.033203 -1.392578
vt -0.158203 -0.609375
vt -0.251953 -0.515625
vt -0.345703 -0.609375
vt 1.0 0.5
vt 1.0 0.0
vt 1.03125 0.1875
vt 1.15625 0.03125
vt 1.5 0.0
vt 0.753906 -0.599609
vt 1.0 -0.599609
vt 1.0 -0.513672
vt 0.5 -0.513672
vt 1.0 -0.599609
vt 1.279297 -0.599609
vt 1.5 -0.513672
vt 1.0 -0.513672
vt 0.4375 -0.59375
vt 0.4375 -0.890625
vt 0.285156 -0.59375
vt 0.285156 -0.890625
vt 0.4375 -0.890625
vt 0.4375 -0.394531
vt 0.285156 -0.394531
vt 0.285156 -0.486328
vt 0.4375 -0.394531
vt 0.4375 -0.59375
vt 0.285156 -0.59375
vt 0.4375 -0.890625
vt 0.841797 -0.986328
vt 0.998047 -0.986328
vt 0.966797 -0.892578
vt 0.841797 -0.892578
vt 0.498047 -0.986328
vt 0.654297 -0.986328
vt 0.654297 -0.892578
vt 0.529297 -0.892578
vt -0.470703 -1.392578
vt -0.345703 -1.392578
vt -0.345703 -1.105469
vt -0.158203 -1.392578
vt -0.158203 -1.105469
vt -0.033203 -1.392578
vt -0.158203 -0.609375
vt -0.251953 -0.515625
vt -0.345703 -0.609375
vt 1.0 0.5
vt 1.0 0.0
vt 1.03125 0.1875
vt 1.15625 0.03125
vt 1.5 0.0
vt 0.0 6.0
vt 0.0 0.0
vt 8.0 0.0
vt 8.0 6.0
vt 2.5 -0.894531
vt 2.5 -0.597656
vt 0.0 -0.597656
vt 0.0 -0.894531
vt 2.5 -0.515625
vt 0.0 -0.515625
vt 2.5 -0.894531
vt 0.0 -0.894531
vt 0.0 -0.988281
vt 2.5 -0.988281
vt 3.5 -0.894531
vt 3.5 -0.597656
vt 0.0 -0.597656
vt 0.0 -0.894531
vt 3.5 -0.515625
vt 0.0 -0.515625
vt 3.5 -0.894531
vt 0.0 -0.894531
vt 0.0 -0.988281
vt 3.5 -0.988281
vt 0.0 2.0
vt 0.0 0.0
vt 7.0 0.0
vt 7.0 2.0
vt 0.0 1.0
vt 0.0 0.0
vt 7.0 0.0
vt 7.0 1.0
vt 3.5 -0.894531
vt 3.5 -0.597656
vt 0.0 -0.597656
vt 0.0 -0.894531
vt 3.5 -0.515625
vt 0.0 -0.515625
vt 3.5 -0.894531
vt 0.0 -0.894531
vt 0.0 -0.988281
vt 3.5 -0.988281
vt 0.0 1.0
vt 0.0 0.0
vt 7.0 0.0
vt 7.0 1.0
vt 0.0 1.0
vt 0.0 0.0
vt 4.0 0.0
vt 4.0 1.0
vt 1.0 -0.894531
vt 1.0 -0.597656
vt 0.0 -0.597656
vt 0.0 -0.894531
vt 1.0 -0.515625
vt 0.0 -0.515625
vt 1.0 -0.894531
vt 0.0 -0.894531
vt 0.0 -0.988281
vt 1.0 -0.988281
vt 0.0 1.0
vt 0.0 0.0
vt 6.0 0.0
vt 6.0 1.0
vt 0.753906 -0.599609
vt 1.0 -0.599609
vt 1.0 -0.513672
vt 0.5 -0.513672
vt 1.0 -0.599609
vt 1.279297 -0.599609
vt 1.5 -0.513672
vt 1.0 -0.513672
vt 0.4375 -0.59375
vt 0.4375 -0.890625
vt 0.285156 -0.59375
vt 0.285156 -0.890625
vt 0.4375 -0.890625
vt 0.4375 -0.394531
vt 0.285156 -0.394531
vt 0.285156 -0.486328
vt 0.4375 -0.394531
vt 0.4375 -0.59375
vt 0.285156 -0.59375
vt 0.4375 -0.890625
vt 0.841797 -0.986328
vt 0.998047 -0.986328
vt 0.966797 -0.892578
vt 0.841797 -0.892578
vt 0.498047 -0.986328
vt 0.654297 -0.986328
vt 0.654297 -0.892578
vt 0.529297 -0.892578
vt -0.470703 -1.392578
vt -0.345703 -1.392578
vt -0.345703 -1.105469
vt -0.158203 -1.392578
vt -0.158203 -1.105469
vt -0.033203 -1.392578
vt -0.158203 -0.609375
vt -0.251953 -0.515625
vt -0.345703 -0.609375
vt 1.0 0.5
vt 1.0 0.0
vt 1.03125 0.1875
vt 1.15625 0.03125
vt 1.5 0.0
vt 2.0 -0.894531
vt 2.0 -0.597656
vt 0.0 -0.597656
vt 0.0 -0.894531
vt 2.0 -0.515625
vt 0.0 -0.515625
vt 2.0 -0.894531
vt 0.0 -0.894531
vt 0.0 -0.988281
vt 2.0 -0.988281
vt 0.0 3.0
vt 0.0 0.0
vt 4.0 0.0
vt 4.0 3.0
vt 0.753906 -0.599609
vt 1.0 -0.599609
vt 1.0 -0.513672
vt 0.5 -0.513672
vt 1.0 -0.599609
vt 1.279297 -0.599609
vt 1.5 -0.513672
vt 1.0 -0.513672
vt 0.4375 -0.59375
vt 0.4375 -0.890625
vt 0.285156 -0.59375
vt 0.285156 -0.890625
vt 0.4375 -0.890625
vt 0.4375 -0.394531
vt 0.285156 -0.394531
vt 0.285156 -0.486328
vt 0.4375 -0.394531
vt 0.4375 -0.59375
vt 0.285156 -0.59375
vt 0.4375 -0.890625
vt 0.841797 -0.986328
vt 0.998047 -0.986328
vt 0.966797 -0.892578
vt 0.841797 -0.892578
vt 0.498047 -0.986328
vt 0.654297 -0.986328
vt 0.654297 -0.892578
vt 0.529297 -0.892578
vt -0.470703 -1.392578
vt -0.345703 -1.392578
vt -0.345703 -1.105469
vt -0.158203 -1.392578
vt -0.158203 -1.105469
vt -0.033203 -1.392578
vt -0.158203 -0.609375
vt -0.251953 -0.515625
vt -0.345703 -0.609375
vt 1.0 0.5
vt 1.0 0.0
vt 1.03125 0.1875
vt 1.15625 0.03125
vt 1.5 0.0
vt 0.0 1.0
vt 0.0 0.0
vt 1.0 0.0
vt 1.0 1.0
vt 1.5 -0.894531
vt 1.5 -0.597656
vt 0.0 -0.597656
vt 0.0 -0.894531
vt 1.5 -0.515625
vt 0.0 -0.515625
vt 1.5 -0.894531
vt 0.0 -0.894531
vt 0.0 -0.988281
vt 1.5 -0.988281
vt 0.0 1.0
vt 0.0 0.0
vt 3.0 0.0
vt 3.0 1.0
vt 1.0 -0.894531
vt 1.0 -0.597656
vt 0.0 -0.597656
vt 0.0 -0.894531
vt 1.0 -0.515625
vt 0.0 -0.515625
vt 1.0 -0.894531
vt 0.0 -0.894531
vt 0.0 -0.988281
vt 1.0 -0.988281
vt 0.841797 -0.986328
vt 0.998047 -0.986328
vt 0.966797 -0.892578
vt 0.841797 -0.892578
vt 0.498047 -0.986328
vt 0.654297 -0.986328
vt 0.654297 -0.892578
vt 0.529297 -0.892578
vt -0.470703 -1.392578
vt -0.345703 -1.392578
vt -0.345703 -1.105469
vt -0.158203 -1.392578
vt -0.158203 -1.105469
vt -0.033203 -1.392578
vt -0.158203 -0.609375
vt -0.251953 -0.515625
vt -0.345703 -0.609375
vt 1.0 0.5
vt 1.0 0.0
vt 1.03125 0.1875
vt 1.15625 0.03125
vt 1.5 0.0
vt 0.0 6.0
vt 0.0 0.0
vt 2.0 0.0
vt 2.0 6.0
vt 0.0 3.0
vt 0.0 0.0
vt 1.0 0.0
vt 1.0 3.0
vt 0.0 2.0
vt 0.0 0.0
vt 1.0 0.0
vt 1.0 2.0
vt 2.0 -2.0E-6
vt 0.0 -2.0E-6
vt 2.0 2.000002
vt 0.0 2.000002
vt 2.0 1.999998
vt 0.0 1.999998
vt 2.0 4.000002
vt 0.0 4.000002
vt 2.0 6.000002
vt 0.0 6.000002
vt 2.0 3.999998
vt 0.0 3.999998
vt 2.0 8.000002
vt 0.0 8.000002
vt 2.0 5.999998
vt 0.0 5.999998
vt 4.0 -2.0E-6
vt 2.0 -2.0E-6
vt 4.0 2.000002
vt 2.0 2.000002
vt 4.0 1.999998
vt 2.0 1.999998
vt 4.0 4.000002
vt 2.0 4.000002
vt 4.0 6.000002
vt 2.0 6.000002
vt 4.0 3.999998
vt 2.0 3.999998
vt 4.0 8.000002
vt 2.0 8.000002
vt 4.0 5.999998
vt 2.0 5.999998
vt 6.0 -2.0E-6
vt 4.0 -2.0E-6
vt 6.0 2.000002
vt 4.0 2.000002
vt 6.0 1.999998
vt 4.0 1.999998
vt 6.0 4.000002
vt 4.0 4.000002
vt 6.0 6.000002
vt 4.0 6.000002
vt 6.0 3.999998
vt 4.0 3.999998
vt 6.0 8.000002
vt 4.0 8.000002
vt 6.0 5.999998
vt 4.0 5.999998
vt 8.0 -2.0E-6
vt 6.0 -2.0E-6
vt 8.0 2.000002
vt 6.0 2.000002
vt 8.0 1.999998
vt 6.0 1.999998
vt 8.0 4.000002
vt 6.0 4.000002
vt 8.0 6.000002
vt 6.0 6.000002
vt 8.0 3.999998
vt 6.0 3.999998
vt 8.0 8.000002
vt 6.0 8.000002
vt 8.0 5.999998
vt 6.0 5.999998
vn 0.0 -0.9371 0.3492
vn 0.6193 -0.6885 0.3775
vn 0.5992 -0.7069 0.3759
vn 0.882 -0.441 0.1664
vn 0.6447 -0.7456 0.1685
vn 0.6542 -0.7372 0.1688
vn -0.8794 0.4547 0.1415
vn -0.6542 -0.7372 0.1688
vn -0.3228 -0.9351 0.1466
vn -0.6447 -0.7456 0.1685
vn 0.8301 -0.4151 0.3724
vn -0.882 -0.441 0.1664
vn 0.3228 -0.9351 0.1466
vn -0.3078 -0.8916 0.3322
vn 0.5292 0.7978 0.2889
vn 0.6624 0.7037 0.2571
vn 0.6464 0.7168 0.2615
vn 0.8822 0.4405 0.1664
vn -0.3226 0.8737 0.3643
vn -0.0069 0.8033 0.5955
vn 0.1431 0.726 0.6726
vn 0.5903 0.2944 0.7516
vn 0.5902 -0.2951 0.7514
vn 0.4073 -0.5171 0.7528
vn 0.4417 -0.4814 0.7571
vn 0.2307 -0.6685 0.707
vn 0.1484 0.8323 0.534
vn -0.1958 0.6669 0.719
vn -0.2526 0.6255 0.7382
vn -0.58 0.2821 0.7642
vn -0.4183 -0.2091 0.8839
vn -0.3364 0.8606 0.3823
vn -0.8069 0.4311 0.4038
vn -0.2307 -0.6685 0.707
vn -0.9361 0.2695 0.2259
vn 0.8305 0.4142 0.3725
vn -0.3541 0.934 0.0472
vn -0.0 0.0 1.0
vn 0.0 -0.0 1.0
vn -0.9371 -0.0 0.3492
vn -0.6885 -0.6193 0.3775
vn -0.7069 -0.5992 0.3759
vn -0.441 -0.882 0.1664
vn -0.7456 -0.6447 0.1685
vn -0.7372 -0.6542 0.1688
vn 0.4547 0.8794 0.1415
vn -0.7372 0.6542 0.1688
vn -0.9351 0.3228 0.1466
vn -0.7456 0.6447 0.1685
vn -0.4151 -0.8301 0.3724
vn -0.441 0.882 0.1664
vn -0.9351 -0.3228 0.1466
vn -0.8916 0.3078 0.3322
vn 0.7978 -0.5292 0.2889
vn 0.7037 -0.6624 0.2571
vn 0.7168 -0.6464 0.2615
vn 0.4405 -0.8822 0.1664
vn 0.8737 0.3226 0.3643
vn 0.8033 0.0069 0.5955
vn 0.726 -0.1431 0.6726
vn 0.2944 -0.5903 0.7516
vn -0.2951 -0.5902 0.7514
vn -0.5171 -0.4073 0.7528
vn -0.4814 -0.4417 0.7571
vn -0.6685 -0.2307 0.707
vn 0.8323 -0.1484 0.534
vn 0.6669 0.1958 0.719
vn 0.6255 0.2526 0.7382
vn 0.2821 0.58 0.7642
vn -0.2091 0.4183 0.8839
vn 0.8606 0.3364 0.3823
vn 0.4311 0.8069 0.4038
vn -0.6685 0.2307 0.707
vn 0.2695 0.9361 0.2259
vn 0.4142 -0.8305 0.3725
vn 0.934 0.3541 0.0472
vn 0.0 0.0 1.0
vn 0.0 -0.0 1.0
vn 0.0 -0.0 1.0
vn 0.0 -0.0 1.0
vn 0.0 -0.0 1.0
vn 0.0 -0.0 1.0
vn 0.0 -0.0 1.0
vn 0.0 -0.0 1.0
vn 0.0 -0.0 1.0
vn 0.0 -0.0 1.0
vn 0.0 -0.0 1.0
vn 0.0 -0.0 1.0
vn 0.0 -0.0 1.0
vn 0.0 -0.0 1.0
vn 0.0 -0.0 1.0
vn 0.0 -0.0 1.0
vn 0.0 -0.0 1.0
vn 0.0 -0.0 1.0
vn 0.0 -0.0 1.0
vn 0.0 -0.0 1.0
vn -0.9371 -0.0 0.3492
vn -0.6885 -0.6193 0.3775
vn -0.7069 -0.5992 0.3759
vn -0.441 -0.882 0.1664
vn -0.7456 -0.6447 0.1685
vn -0.7372 -0.6542 0.1688
vn 0.4547 0.8794 0.1415
vn -0.7372 0.6542 0.1688
vn -0.9351 0.3228 0.1466
vn -0.7456 0.6447 0.1685
vn -0.4151 -0.8301 0.3724
vn -0.441 0.882 0.1664
vn -0.9351 -0.3228 0.1466
vn -0.8916 0.3078 0.3322
vn 0.7978 -0.5292 0.2889
vn 0.7037 -0.6624 0.2571
vn 0.7168 -0.6464 0.2615
vn 0.4405 -0.8822 0.1664
vn 0.8737 0.3226 0.3643
vn 0.8033 0.0069 0.5955
vn 0.726 -0.1431 0.6726
vn 0.2944 -0.5903 0.7516
vn -0.2951 -0.5902 0.7514
vn -0.5171 -0.4073 0.7528
vn -0.4814 -0.4417 0.7571
vn -0.6685 -0.2307 0.707
vn 0.8323 -0.1484 0.534
vn 0.6669 0.1958 0.719
vn 0.6255 0.2526 0.7382
vn 0.2821 0.58 0.7642
vn -0.2091 0.4183 0.8839
vn 0.8606 0.3364 0.3823
vn 0.4311 0.8069 0.4038
vn -0.6685 0.2307 0.707
vn 0.2695 0.9361 0.2259
vn 0.4142 -0.8305 0.3725
vn 0.934 0.3541 0.0472
vn 0.0 0.0 1.0
vn 0.0 -0.9371 0.3492
vn 0.6193 -0.6885 0.3775
vn 0.5992 -0.7069 0.3759
vn 0.882 -0.441 0.1664
vn 0.6447 -0.7456 0.1685
vn 0.6542 -0.7372 0.1688
vn -0.8794 0.4547 0.1415
vn -0.6542 -0.7372 0.1688
vn -0.3228 -0.9351 0.1466
vn -0.6447 -0.7456 0.1685
vn 0.8301 -0.4151 0.3724
vn -0.882 -0.441 0.1664
vn 0.3228 -0.9351 0.1466
vn -0.3078 -0.8916 0.3322
vn 0.5292 0.7978 0.2889
vn 0.6624 0.7037 0.2571
vn 0.6464 0.7168 0.2615
vn 0.8822 0.4405 0.1664
vn -0.3226 0.8737 0.3643
vn -0.0069 0.8033 0.5955
vn 0.1431 0.726 0.6726
vn 0.5903 0.2944 0.7516
vn 0.5902 -0.2951 0.7514
vn 0.4073 -0.5171 0.7528
vn 0.4417 -0.4814 0.7571
vn 0.2307 -0.6685 0.707
vn 0.1484 0.8323 0.534
vn -0.1958 0.6669 0.719
vn -0.2526 0.6255 0.7382
vn -0.58 0.2821 0.7642
vn -0.4183 -0.2091 0.8839
vn -0.3364 0.8606 0.3823
vn -0.8069 0.4311 0.4038
vn -0.2307 -0.6685 0.707
vn -0.9361 0.2695 0.2259
vn 0.8305 0.4142 0.3725
vn -0.3541 0.934 0.0472
vn -0.0 0.0 1.0
vn 0.0 -0.0 1.0
vn 0.0 -0.0 1.0
vn 0.0 -0.0 1.0
vn 0.0 -0.0 1.0
vn 0.0 -0.0 1.0
vn 0.0 -0.0 1.0
vn 0.0 -0.0 1.0
vn -0.9371 -0.0 0.3492
vn -0.6885 -0.6193 0.3775
vn -0.7069 -0.5992 0.3759
vn -0.441 -0.882 0.1664
vn -0.7456 -0.6447 0.1685
vn -0.7372 -0.6542 0.1688
vn 0.4547 0.8794 0.1415
vn -0.7372 0.6542 0.1688
vn -0.9351 0.3228 0.1466
vn -0.7456 0.6447 0.1685
vn -0.4151 -0.8301 0.3724
vn -0.441 0.882 0.1664
vn -0.9351 -0.3228 0.1466
vn -0.8916 0.3078 0.3322
vn 0.7978 -0.5292 0.2889
vn 0.7037 -0.6624 0.2571
vn 0.7168 -0.6464 0.2615
vn 0.4405 -0.8822 0.1664
vn 0.8737 0.3226 0.3643
vn 0.8033 0.0069 0.5955
vn 0.726 -0.1431 0.6726
vn 0.2944 -0.5903 0.7516
vn -0.2951 -0.5902 0.7514
vn -0.5171 -0.4073 0.7528
vn -0.4814 -0.4417 0.7571
vn -0.6685 -0.2307 0.707
vn 0.8323 -0.1484 0.534
vn 0.6669 0.1958 0.719
vn 0.6255 0.2526 0.7382
vn 0.2821 0.58 0.7642
vn -0.2091 0.4183 0.8839
vn 0.8606 0.3364 0.3823
vn 0.4311 0.8069 0.4038
vn -0.6685 0.2307 0.707
vn 0.2695 0.9361 0.2259
vn 0.4142 -0.8305 0.3725
vn 0.934 0.3541 0.0472
vn 0.0 0.0 1.0
vn 0.0 -0.0 1.0
vn 0.0 -0.0 1.0
vn 0.0 -0.0 1.0
vn 0.0 -0.0 1.0
vn 0.0 -0.0 1.0
vn 0.0 -0.0 1.0
vn 0.0 -0.9371 0.3492
vn 0.6193 -0.6885 0.3775
vn 0.5992 -0.7069 0.3759
vn 0.882 -0.441 0.1664
vn 0.6447 -0.7456 0.1685
vn 0.6542 -0.7372 0.1688
vn -0.8794 0.4547 0.1415
vn -0.6542 -0.7372 0.1688
vn -0.3228 -0.9351 0.1466
vn -0.6447 -0.7456 0.1685
vn 0.8301 -0.4151 0.3724
vn -0.882 -0.441 0.1664
vn 0.3228 -0.9351 0.1466
vn -0.3078 -0.8916 0.3322
vn 0.5292 0.7978 0.2889
vn 0.6624 0.7037 0.2571
vn 0.6464 0.7168 0.2615
vn 0.8822 0.4405 0.1664
vn -0.3226 0.8737 0.3643
vn -0.0069 0.8033 0.5955
vn 0.1431 0.726 0.6726
vn 0.5903 0.2944 0.7516
vn 0.5902 -0.2951 0.7514
vn 0.4073 -0.5171 0.7528
vn 0.4417 -0.4814 0.7571
vn 0.2307 -0.6685 0.707
vn 0.1484 0.8323 0.534
vn -0.1958 0.6669 0.719
vn -0.2526 0.6255 0.7382
vn -0.58 0.2821 0.7642
vn -0.4183 -0.2091 0.8839
vn -0.3364 0.8606 0.3823
vn -0.8069 0.4311 0.4038
vn -0.2307 -0.6685 0.707
vn -0.9361 0.2695 0.2259
vn 0.8305 0.4142 0.3725
vn -0.3541 0.934 0.0472
vn -0.0 0.0 1.0
vn 0.0 -0.0 1.0
vn 0.0 -0.0 1.0
vn 0.0 -0.0 1.0
vn 0.0 -0.0 1.0
vn 0.0 -0.0 1.0
vn 0.0 -0.0 1.0
vn 0.0 -0.0 1.0
vn 0.0 -0.0 1.0
vn 0.0 -0.0 1.0
vn -0.9371 -0.0 0.3492
vn -0.6885 -0.6193 0.3775
vn -0.7069 -0.5992 0.3759
vn -0.441 -0.882 0.1664
vn -0.7456 -0.6447 0.1685
vn -0.7372 -0.6542 0.1688
vn 0.4547 0.8794 0.1415
vn -0.7372 0.6542 0.1688
vn -0.9351 0.3228 0.1466
vn -0.7456 0.6447 0.1685
vn -0.4151 -0.8301 0.3724
vn -0.441 0.882 0.1664
vn -0.9351 -0.3228 0.1466
vn -0.8916 0.3078 0.3322
vn 0.7978 -0.5292 0.2889
vn 0.7037 -0.6624 0.2571
vn 0.7168 -0.6464 0.2615
vn 0.4405 -0.8822 0.1664
vn 0.8737 0.3226 0.3643
vn 0.8033 0.0069 0.5955
vn 0.726 -0.1431 0.6726
vn 0.2944 -0.5903 0.7516
vn -0.2951 -0.5902 0.7514
vn -0.5171 -0.4073 0.7528
vn -0.4814 -0.4417 0.7571
vn -0.6685 -0.2307 0.707
vn 0.8323 -0.1484 0.534
vn 0.6669 0.1958 0.719
vn 0.6255 0.2526 0.7382
vn 0.2821 0.58 0.7642
vn -0.2091 0.4183 0.8839
vn 0.8606 0.3364 0.3823
vn 0.4311 0.8069 0.4038
vn -0.6685 0.2307 0.707
vn 0.2695 0.9361 0.2259
vn 0.4142 -0.8305 0.3725
vn 0.934 0.3541 0.0472
vn 0.0 0.0 1.0
vn 0.0 -0.0 1.0
vn 0.0 -0.0 1.0
vn 0.0 -0.0 1.0
vn 0.0 -0.0 1.0
vn 0.0 -0.0 1.0
vn 0.0 -0.0 1.0
vn 0.0 -0.0 1.0
vn 0.0 -0.0 1.0
vn 0.0 -0.0 1.0
vn 0.0 -0.0 1.0
vn 0.0 -0.0 1.0
vn 0.0 -0.0 1.0
vn 0.0 -0.0 1.0
vn 0.0 -0.0 1.0
vn 0.0 -0.9371 0.3492
vn 0.6193 -0.6885 0.3775
vn 0.5992 -0.7069 0.3759
vn 0.882 -0.441 0.1664
vn 0.6447 -0.7456 0.1685
vn 0.6542 -0.7372 0.1688
vn -0.8794 0.4547 0.1415
vn -0.6542 -0.7372 0.1688
vn -0.3228 -0.9351 0.1466
vn -0.6447 -0.7456 0.1685
vn 0.8301 -0.4151 0.3724
vn -0.882 -0.441 0.1664
vn 0.3228 -0.9351 0.1466
vn -0.3078 -0.8916 0.3322
vn 0.5292 0.7978 0.2889
vn 0.6624 0.7037 0.2571
vn 0.6464 0.7168 0.2615
vn 0.8822 0.4405 0.1664
vn -0.3226 0.8737 0.3643
vn -0.0069 0.8033 0.5955
vn 0.1431 0.726 0.6726
vn 0.5903 0.2944 0.7516
vn 0.5902 -0.2951 0.7514
vn 0.4073 -0.5171 0.7528
vn 0.4417 -0.4814 0.7571
vn 0.2307 -0.6685 0.707
vn 0.1484 0.8323 0.534
vn -0.1958 0.6669 0.719
vn -0.2526 0.6255 0.7382
vn -0.58 0.2821 0.7642
vn -0.4183 -0.2091 0.8839
vn -0.3364 0.8606 0.3823
vn -0.8069 0.4311 0.4038
vn -0.2307 -0.6685 0.707
vn -0.9361 0.2695 0.2259
vn 0.8305 0.4142 0.3725
vn -0.3541 0.934 0.0472
vn -0.0 0.0 1.0
vn 0.0 -0.0 1.0
vn 0.0 -0.9371 0.3492
vn 0.6193 -0.6885 0.3775
vn 0.5992 -0.7069 0.3759
vn 0.882 -0.441 0.1664
vn 0.6447 -0.7456 0.1685
vn 0.6542 -0.7372 0.1688
vn -0.8794 0.4547 0.1415
vn -0.6542 -0.7372 0.1688
vn -0.3228 -0.9351 0.1466
vn -0.6447 -0.7456 0.1685
vn 0.8301 -0.4151 0.3724
vn -0.882 -0.441 0.1664
vn 0.3228 -0.9351 0.1466
vn -0.3078 -0.8916 0.3322
vn 0.5292 0.7978 0.2889
vn 0.6624 0.7037 0.2571
vn 0.6464 0.7168 0.2615
vn 0.8822 0.4405 0.1664
vn -0.3226 0.8737 0.3643
vn -0.0069 0.8033 0.5955
vn 0.1431 0.726 0.6726
vn 0.5903 0.2944 0.7516
vn 0.5902 -0.2951 0.7514
vn 0.4073 -0.5171 0.7528
vn 0.4417 -0.4814 0.7571
vn 0.2307 -0.6685 0.707
vn 0.1484 0.8323 0.534
vn -0.1958 0.6669 0.719
vn -0.2526 0.6255 0.7382
vn -0.58 0.2821 0.7642
vn -0.4183 -0.2091 0.8839
vn -0.3364 0.8606 0.3823
vn -0.8069 0.4311 0.4038
vn -0.2307 -0.6685 0.707
vn -0.9361 0.2695 0.2259
vn 0.8305 0.4142 0.3725
vn -0.3541 0.934 0.0472
vn -0.0 0.0 1.0
vn -0.7071 -0.0 0.7071
vn -0.5258 -0.0 0.8506
vn -0.0 0.0 1.0
vn -0.426 -0.0 0.9047
vn -0.1651 0.0808 0.983
vn -0.2269 0.0178 0.9738
vn -0.6983 0.0558 0.7136
vn -0.5641 0.3474 0.7491
vn -0.0679 0.1819 0.981
vn -0.0657 0.1788 0.9817
vn -0.2295 0.5999 0.7665
vn -0.0672 0.6978 0.7132
vn -0.0644 0.6948 0.7163
vn -0.2303 0.6012 0.7652
vn -0.3262 0.6426 0.6933
vn -0.5703 0.3477 0.7442
vn -0.5665 0.25 0.7852
vn -0.6961 0.0567 0.7157
vn 0.0 -0.0 1.0
vn -0.3262 0.6425 0.6933
vn 0.0 -0.0 1.0
vn -0.0 0.7071 0.7071
vn -0.0 0.5258 0.8506
vn 0.0 0.0 1.0
vn -0.0 0.426 0.9047
vn 0.0 -0.0 1.0
vn -0.0 0.7071 0.7071
vn -0.0 0.5258 0.8506
vn 0.0 0.0 1.0
vn -0.0 0.426 0.9047
vn 0.0 -0.0 1.0
vn -0.0 0.7071 0.7071
vn -0.0 0.5258 0.8506
vn 0.0 0.0 1.0
vn -0.0 0.426 0.9047
vn 0.0 -0.0 1.0
vn -0.0 0.7071 0.7071
vn -0.0 0.5258 0.8506
vn 0.0 0.0 1.0
vn -0.0 0.426 0.9047
vn 0.0 -0.0 1.0
vn 0.0 -0.0 1.0
vn -0.0 0.7071 0.7071
vn -0.0 0.5258 0.8506
vn 0.0 0.0 1.0
vn -0.0 0.426 0.9047
vn 0.0 -0.0 1.0
vn -0.3865 0.3865 0.8374
vn 0.0 0.526 0.8505
vn 0.0 0.0 1.0
vn -0.526 -0.0 0.8505
vn -0.5259 -0.0 0.8505
vn -0.6425 0.3262 0.6934
vn -0.4629 0.4629 0.7559
vn -0.3262 0.6426 0.6933
vn -0.3262 0.6426 0.6934
vn -0.6426 0.3262 0.6934
vn 0.0 0.5259 0.8505
vn -0.1651 0.0808 0.983
vn -0.2269 0.0178 0.9738
vn -0.6983 0.0558 0.7136
vn -0.5641 0.3474 0.7491
vn -0.0679 0.1819 0.981
vn -0.0657 0.1788 0.9817
vn -0.2295 0.5999 0.7665
vn -0.0672 0.6978 0.7132
vn -0.0644 0.6948 0.7163
vn -0.2303 0.6012 0.7652
vn -0.3262 0.6426 0.6933
vn -0.5703 0.3477 0.7442
vn -0.5665 0.25 0.7852
vn -0.6961 0.0567 0.7157
vn 0.0 -0.0 1.0
vn -0.3262 0.6425 0.6933
vn 0.0 -0.0 1.0
vn 0.0 -0.0 1.0
vn -0.0 0.7071 0.7071
vn -0.0 0.5258 0.8506
vn 0.0 0.0 1.0
vn -0.0 0.426 0.9047
vn -0.3865 0.3865 0.8374
vn 0.0 0.526 0.8505
vn 0.0 0.0 1.0
vn -0.526 -0.0 0.8505
vn -0.5259 -0.0 0.8505
vn -0.6425 0.3262 0.6934
vn -0.4629 0.4629 0.7559
vn -0.3262 0.6426 0.6933
vn -0.3262 0.6426 0.6934
vn -0.6426 0.3262 0.6934
vn 0.0 0.5259 0.8505
vn -0.1651 0.0808 0.983
vn -0.2269 0.0178 0.9738
vn -0.6983 0.0558 0.7136
vn -0.5641 0.3474 0.7491
vn -0.0679 0.1819 0.981
vn -0.0657 0.1788 0.9817
vn -0.2295 0.5999 0.7665
vn -0.0672 0.6978 0.7132
vn -0.0644 0.6948 0.7163
vn -0.2303 0.6012 0.7652
vn -0.3262 0.6426 0.6933
vn -0.5703 0.3477 0.7442
vn -0.5665 0.25 0.7852
vn -0.6961 0.0567 0.7157
vn 0.0 -0.0 1.0
vn -0.3262 0.6425 0.6933
vn 0.0 -0.0 1.0
vn -0.3865 0.3865 0.8374
vn 0.0 0.526 0.8505
vn 0.0 0.0 1.0
vn -0.526 -0.0 0.8505
vn -0.5259 -0.0 0.8505
vn -0.6425 0.3262 0.6934
vn -0.4629 0.4629 0.7559
vn -0.3262 0.6426 0.6933
vn -0.3262 0.6426 0.6934
vn -0.6426 0.3262 0.6934
vn 0.0 0.5259 0.8505
vn -0.1651 0.0808 0.983
vn -0.2269 0.0178 0.9738
vn -0.6983 0.0558 0.7136
vn -0.5641 0.3474 0.7491
vn -0.0679 0.1819 0.981
vn -0.0657 0.1788 0.9817
vn -0.2295 0.5999 0.7665
vn -0.0672 0.6978 0.7132
vn -0.0644 0.6948 0.7163
vn -0.2303 0.6012 0.7652
vn -0.3262 0.6426 0.6933
vn -0.5703 0.3477 0.7442
vn -0.5665 0.25 0.7852
vn -0.6961 0.0567 0.7157
vn 0.0 -0.0 1.0
vn -0.3262 0.6425 0.6933
vn 0.0 -0.0 1.0
vn -0.0 0.7071 0.7071
vn -0.0 0.5258 0.8506
vn 0.0 0.0 1.0
vn -0.0 0.426 0.9047
vn 0.0 -0.0 1.0
vn 0.0 -0.0 1.0
vn -0.0 0.7071 0.7071
vn -0.0 0.5258 0.8506
vn 0.0 0.0 1.0
vn -0.0 0.426 0.9047
vn -0.3865 0.3865 0.8374
vn 0.0 0.526 0.8505
vn 0.0 0.0 1.0
vn -0.526 -0.0 0.8505
vn -0.5259 -0.0 0.8505
vn -0.6425 0.3262 0.6934
vn -0.4629 0.4629 0.7559
vn -0.3262 0.6426 0.6933
vn -0.3262 0.6426 0.6934
vn -0.6426 0.3262 0.6934
vn 0.0 0.5259 0.8505
vn -0.7071 -0.0 0.7071
vn -0.5258 -0.0 0.8506
vn -0.0 0.0 1.0
vn -0.426 -0.0 0.9047
vn -0.1651 0.0808 0.983
vn -0.2269 0.0178 0.9738
vn -0.6983 0.0558 0.7136
vn -0.5641 0.3474 0.7491
vn -0.0679 0.1819 0.981
vn -0.0657 0.1788 0.9817
vn -0.2295 0.5999 0.7665
vn -0.0672 0.6978 0.7132
vn -0.0644 0.6948 0.7163
vn -0.2303 0.6012 0.7652
vn -0.3262 0.6426 0.6933
vn -0.5703 0.3477 0.7442
vn -0.5665 0.25 0.7852
vn -0.6961 0.0567 0.7157
vn 0.0 -0.0 1.0
vn -0.3262 0.6425 0.6933
vn 0.0 -0.0 1.0
vn -0.0 0.7071 0.7071
vn -0.0 0.5258 0.8506
vn 0.0 0.0 1.0
vn -0.0 0.426 0.9047
vn 0.0 -0.0 1.0
vn -0.0 0.7071 0.7071
vn -0.0 0.5258 0.8506
vn 0.0 0.0 1.0
vn -0.0 0.426 0.9047
vn 0.0 -0.0 1.0
vn 0.3865 0.3865 0.8374
vn 0.526 -0.0 0.8505
vn 0.0 -0.0 1.0
vn -0.0 0.526 0.8505
vn -0.0 0.5259 0.8505
vn 0.3262 0.6425 0.6934
vn 0.4629 0.4629 0.7559
vn 0.6426 0.3262 0.6933
vn 0.6426 0.3262 0.6934
vn 0.3262 0.6426 0.6934
vn 0.5259 -0.0 0.8505
vn 0.0808 0.1651 0.983
vn 0.0178 0.2269 0.9738
vn 0.0558 0.6983 0.7136
vn 0.3474 0.5641 0.7491
vn 0.1819 0.0679 0.981
vn 0.1788 0.0657 0.9817
vn 0.5999 0.2295 0.7665
vn 0.6978 0.0672 0.7132
vn 0.6948 0.0644 0.7163
vn 0.6012 0.2303 0.7652
vn 0.6426 0.3262 0.6933
vn 0.3477 0.5703 0.7442
vn 0.25 0.5665 0.7852
vn 0.0567 0.6961 0.7157
vn -0.0 -0.0 1.0
vn 0.6425 0.3262 0.6933
vn -0.0 0.7071 0.7071
vn -0.0 0.5258 0.8506
vn 0.0 0.0 1.0
vn -0.0 0.426 0.9047
vn 0.0 -0.0 1.0
vn 0.0 -0.0 1.0
vn 0.0 -0.0 1.0
vn 0.0 -0.0 1.0
vn -0.0 0.7071 0.7071
vn -0.0 0.5258 0.8506
vn 0.0 0.0 1.0
vn -0.0 0.426 0.9047
vn 0.0 -0.0 1.0
vn 0.0 -0.0 1.0
vn -0.0 0.7071 0.7071
vn -0.0 0.5258 0.8506
vn 0.0 0.0 1.0
vn -0.0 0.426 0.9047
vn 0.0 -0.0 1.0
vn -0.0 0.7071 0.7071
vn -0.0 0.5258 0.8506
vn 0.0 0.0 1.0
vn -0.0 0.426 0.9047
vn 0.3865 0.3865 0.8374
vn 0.526 -0.0 0.8505
vn 0.0 -0.0 1.0
vn -0.0 0.526 0.8505
vn -0.0 0.5259 0.8505
vn 0.3262 0.6425 0.6934
vn 0.4629 0.4629 0.7559
vn 0.6426 0.3262 0.6933
vn 0.6426 0.3262 0.6934
vn 0.3262 0.6426 0.6934
vn 0.5259 -0.0 0.8505
vn 0.0808 0.1651 0.983
vn 0.0178 0.2269 0.9738
vn 0.0558 0.6983 0.7136
vn 0.3474 0.5641 0.7491
vn 0.1819 0.0679 0.981
vn 0.1788 0.0657 0.9817
vn 0.5999 0.2295 0.7665
vn 0.6978 0.0672 0.7132
vn 0.6948 0.0644 0.7163
vn 0.6012 0.2303 0.7652
vn 0.6426 0.3262 0.6933
vn 0.3477 0.5703 0.7442
vn 0.25 0.5665 0.7852
vn 0.0567 0.6961 0.7157
vn -0.0 -0.0 1.0
vn 0.6425 0.3262 0.6933
vn 0.0 -0.0 1.0
vn 0.0 -0.0 1.0
vn -0.0 0.7071 0.7071
vn -0.0 0.5258 0.8506
vn 0.0 0.0 1.0
vn -0.0 0.426 0.9047
vn 0.0 -0.0 1.0
vn -0.0 0.7071 0.7071
vn -0.0 0.5258 0.8506
vn 0.0 0.0 1.0
vn -0.0 0.426 0.9047
vn 0.0 -0.0 1.0
vn -0.0 0.7071 0.7071
vn -0.0 0.5258 0.8506
vn 0.0 0.0 1.0
vn -0.0 0.426 0.9047
vn 0.0 -0.0 1.0
vn -0.3865 0.3865 0.8374
vn 0.0 0.526 0.8505
vn 0.0 0.0 1.0
vn -0.526 -0.0 0.8505
vn -0.5259 -0.0 0.8505
vn -0.6425 0.3262 0.6934
vn -0.4629 0.4629 0.7559
vn -0.3262 0.6426 0.6933
vn -0.3262 0.6426 0.6934
vn -0.6426 0.3262 0.6934
vn 0.0 0.5259 0.8505
vn -0.1651 0.0808 0.983
vn -0.2269 0.0178 0.9738
vn -0.6983 0.0558 0.7136
vn -0.5641 0.3474 0.7491
vn -0.0679 0.1819 0.981
vn -0.0657 0.1788 0.9817
vn -0.2295 0.5999 0.7665
vn -0.0672 0.6978 0.7132
vn -0.0644 0.6948 0.7163
vn -0.2303 0.6012 0.7652
vn -0.3262 0.6426 0.6933
vn -0.5703 0.3477 0.7442
vn -0.5665 0.25 0.7852
vn -0.6961 0.0567 0.7157
vn 0.0 -0.0 1.0
vn -0.3262 0.6425 0.6933
vn 0.0 -0.0 1.0
vn 0.0 -0.0 1.0
vn -0.0 0.7071 0.7071
vn -0.0 0.5258 0.8506
vn 0.0 0.0 1.0
vn -0.0 0.426 0.9047
vn 0.0 -0.0 1.0
vn 0.0 -0.0 1.0
vn 0.0 -0.0 1.0
vn -0.0 0.7071 0.7071
vn -0.0 0.5258 0.8506
vn 0.0 0.0 1.0
vn -0.0 0.426 0.9047
vn 0.0 -0.0 1.0
vn 0.3865 0.3865 0.8374
vn 0.526 -0.0 0.8505
vn 0.0 -0.0 1.0
vn -0.0 0.526 0.8505
vn -0.0 0.5259 0.8505
vn 0.3262 0.6425 0.6934
vn 0.4629 0.4629 0.7559
vn 0.6426 0.3262 0.6933
vn 0.6426 0.3262 0.6934
vn 0.3262 0.6426 0.6934
vn 0.5259 -0.0 0.8505
vn 0.7071 0.0 0.7071
vn 0.5258 0.0 0.8506
vn 0.0 -0.0 1.0
vn 0.426 0.0 0.9047
vn 0.0808 0.1651 0.983
vn 0.0178 0.2269 0.9738
vn 0.0558 0.6983 0.7136
vn 0.3474 0.5641 0.7491
vn 0.1819 0.0679 0.981
vn 0.1788 0.0657 0.9817
vn 0.5999 0.2295 0.7665
vn 0.6978 0.0672 0.7132
vn 0.6948 0.0644 0.7163
vn 0.6012 0.2303 0.7652
vn 0.6426 0.3262 0.6933
vn 0.3477 0.5703 0.7442
vn 0.25 0.5665 0.7852
vn 0.0567 0.6961 0.7157
vn -0.0 -0.0 1.0
vn 0.6425 0.3262 0.6933
vn 0.3865 0.3865 0.8374
vn 0.526 -0.0 0.8505
vn 0.0 -0.0 1.0
vn -0.0 0.526 0.8505
vn -0.0 0.5259 0.8505
vn 0.3262 0.6425 0.6934
vn 0.4629 0.4629 0.7559
vn 0.6426 0.3262 0.6933
vn 0.6426 0.3262 0.6934
vn 0.3262 0.6426 0.6934
vn 0.5259 -0.0 0.8505
vn 0.0808 0.1651 0.983
vn 0.0178 0.2269 0.9738
vn 0.0558 0.6983 0.7136
vn 0.3474 0.5641 0.7491
vn 0.1819 0.0679 0.981
vn 0.1788 0.0657 0.9817
vn 0.5999 0.2295 0.7665
vn 0.6978 0.0672 0.7132
vn 0.6948 0.0644 0.7163
vn 0.6012 0.2303 0.7652
vn 0.6426 0.3262 0.6933
vn 0.3477 0.5703 0.7442
vn 0.25 0.5665 0.7852
vn 0.0567 0.6961 0.7157
vn -0.0 -0.0 1.0
vn 0.6425 0.3262 0.6933
vn 0.0 -0.0 1.0
vn -0.0 0.7071 0.7071
vn -0.0 0.5258 0.8506
vn 0.0 0.0 1.0
vn -0.0 0.426 0.9047
vn -0.0 0.7071 0.7071
vn -0.0 0.5258 0.8506
vn 0.0 0.0 1.0
vn -0.0 0.426 0.9047
vn 0.0 -0.0 1.0
vn 0.0 -0.0 1.0
vn -0.0 0.7071 0.7071
vn -0.0 0.5258 0.8506
vn 0.0 0.0 1.0
vn -0.0 0.426 0.9047
vn 0.0 -0.0 1.0
vn 0.0 -0.0 1.0
vn -0.0 0.7071 0.7071
vn -0.0 0.5258 0.8506
vn 0.0 0.0 1.0
vn -0.0 0.426 0.9047
vn 0.0 -0.0 1.0
vn 0.3865 0.3865 0.8374
vn 0.526 -0.0 0.8505
vn 0.0 -0.0 1.0
vn -0.0 0.526 0.8505
vn -0.0 0.5259 0.8505
vn 0.3262 0.6425 0.6934
vn 0.4629 0.4629 0.7559
vn 0.6426 0.3262 0.6933
vn 0.6426 0.3262 0.6934
vn 0.3262 0.6426 0.6934
vn 0.5259 -0.0 0.8505
vn 0.0808 0.1651 0.983
vn 0.0178 0.2269 0.9738
vn 0.0558 0.6983 0.7136
vn 0.3474 0.5641 0.7491
vn 0.1819 0.0679 0.981
vn 0.1788 0.0657 0.9817
vn 0.5999 0.2295 0.7665
vn 0.6978 0.0672 0.7132
vn 0.6948 0.0644 0.7163
vn 0.6012 0.2303 0.7652
vn 0.6426 0.3262 0.6933
vn 0.3477 0.5703 0.7442
vn 0.25 0.5665 0.7852
vn 0.0567 0.6961 0.7157
vn -0.0 -0.0 1.0
vn 0.6425 0.3262 0.6933
vn -0.0 0.7071 0.7071
vn -0.0 0.5258 0.8506
vn 0.0 0.0 1.0
vn -0.0 0.426 0.9047
vn 0.0 -0.0 1.0
vn 0.3865 0.3865 0.8374
vn 0.526 -0.0 0.8505
vn 0.0 -0.0 1.0
vn -0.0 0.526 0.8505
vn -0.0 0.5259 0.8505
vn 0.3262 0.6425 0.6934
vn 0.4629 0.4629 0.7559
vn 0.6426 0.3262 0.6933
vn 0.6426 0.3262 0.6934
vn 0.3262 0.6426 0.6934
vn 0.5259 -0.0 0.8505
vn 0.0808 0.1651 0.983
vn 0.0178 0.2269 0.9738
vn 0.0558 0.6983 0.7136
vn 0.3474 0.5641 0.7491
vn 0.1819 0.0679 0.981
vn 0.1788 0.0657 0.9817
vn 0.5999 0.2295 0.7665
vn 0.6978 0.0672 0.7132
vn 0.6948 0.0644 0.7163
vn 0.6012 0.2303 0.7652
vn 0.6426 0.3262 0.6933
vn 0.3477 0.5703 0.7442
vn 0.25 0.5665 0.7852
vn 0.0567 0.6961 0.7157
vn -0.0 -0.0 1.0
vn 0.6425 0.3262 0.6933
vn 0.0 -0.0 1.0
vn -0.0 0.7071 0.7071
vn -0.0 0.5258 0.8506
vn 0.0 0.0 1.0
vn -0.0 0.426 0.9047
vn 0.0 -0.0 1.0
vn 0.7071 0.0 0.7071
vn 0.5258 0.0 0.8506
vn 0.0 -0.0 1.0
vn 0.426 0.0 0.9047
vn 0.0808 0.1651 0.983
vn 0.0178 0.2269 0.9738
vn 0.0558 0.6983 0.7136
vn 0.3474 0.5641 0.7491
vn 0.1819 0.0679 0.981
vn 0.1788 0.0657 0.9817
vn 0.5999 0.2295 0.7665
vn 0.6978 0.0672 0.7132
vn 0.6948 0.0644 0.7163
vn 0.6012 0.2303 0.7652
vn 0.6426 0.3262 0.6933
vn 0.3477 0.5703 0.7442
vn 0.25 0.5665 0.7852
vn 0.0567 0.6961 0.7157
vn -0.0 -0.0 1.0
vn 0.6425 0.3262 0.6933
vn 0.0 -0.0 1.0
vn 0.0 -0.0 1.0
vn 0.0 -0.0 1.0
vn 0.0 -0.0 1.0
vn 0.0 -0.0 1.0
vn 0.0 -0.0 1.0
vn 0.0 -0.0 1.0
vn 0.0 -0.0 1.0
vn 0.0 -0.0 1.0
vn 0.0 -0.0 1.0
vn 0.0 -0.0 1.0
vn 0.0 -0.0 1.0
vn 0.0 -0.0 1.0
vn 0.0 -0.0 1.0
vn 0.0 -0.0 1.0
vn 0.0 -0.0 1.0
vn 0.0 -0.0 1.0
vn 0.0 -0.0 1.0
vn 0.0 -0.0 1.0
c 1.0 1.0 1.0
c 1.0 1.0 1.0
c 1.0 1.0 1.0
c 1.0 1.0 1.0
c 1.0 1.0 1.0
c 1.0 1.0 1.0
c 1.0 1.0 1.0
c 1.0 1.0 1.0
c 1.0 1.0 1.0
c 1.0 1.0 1.0
c 1.0 1.0 1.0
c 1.0 1.0 1.0
c 1.0 1.0 1.0
c 1.0 1.0 1.0
c 1.0 1.0 1.0
c 1.0 1.0 1.0
c 1.0 1.0 1.0
c 1.0 1.0 1.0
c 1.0 1.0 1.0
c 1.0 1.0 1.0
c 1.0 1.0 1.0
c 1.0 1.0 1.0
c 1.0 1.0 1.0
c 1.0 1.0 1.0
c 1.0 1.0 1.0
c 1.0 1.0 1.0
c 1.0 1.0 1.0
c 1.0 1.0 1.0
c 1.0 1.0 1.0
c 1.0 1.0 1.0
c 1.0 1.0 1.0
c 1.0 1.0 1.0
c 1.0 1.0 1.0
c 1.0 1.0 1.0
c 1.0 1.0 1.0
c 1.0 1.0 1.0
c 1.0 1.0 1.0
c 1.0 1.0 1.0
c 1.0 1.0 1.0
c 1.0 1.0 1.0
c 1.0 1.0 1.0
c 1.0 1.0 1.0
c 1.0 1.0 1.0
c 1.0 1.0 1.0
c 1.0 1.0 1.0
c 1.0 1.0 1.0
c 1.0 1.0 1.0
c 1.0 1.0 1.0
c 1.0 1.0 1.0
c 1.0 1.0 1.0
c 1.0 1.0 1.0
c 1.0 1.0 1.0
c 1.0 1.0 1.0
c 1.0 1.0 1.0
c 1.0 1.0 1.0
c 1.0 1.0 1.0
c 1.0 1.0 1.0
c 1.0 1.0 1.0
c 1.0 1.0 1.0
c 1.0 1.0 1.0
c 1.0 1.0 1.0
c 1.0 1.0 1.0
c 1.0 1.0 1.0
c 1.0 1.0 1.0
c 1.0 1.0 1.0
c 1.0 1.0 1.0
c 1.0 1.0 1.0
c 1.0 1.0 1.0
c 1.0 1.0 1.0
c 1.0 1.0 1.0
c 1.0 1.0 1.0
c 1.0 1.0 1.0
c 1.0 1.0 1.0
c 1.0 1.0 1.0
c 1.0 1.0 1.0
c 1.0 1.0 1.0
c 1.0 1.0 1.0
c 1.0 1.0 1.0
c 1.0 1.0 1.0
c 1.0 1.0 1.0
c 1.0 1.0 1.0
c 1.0 1.0 1.0
c 1.0 1.0 1.0
c 1.0 1.0 1.0
c 1.0 1.0 1.0
c 1.0 1.0 1.0
c 1.0 1.0 1.0
c 1.0 1.0 1.0
c 1.0 1.0 1.0
c 1.0 1.0 1.0
c 1.0 1.0 1.0
c 1.0 1.0 1.0
c 1.0 1.0 1.0
c 1.0 1.0 1.0
c 1.0 1.0 1.0
c 1.0 1.0 1.0
c 1.0 1.0 1.0
c 1.0 1.0 1.0
c 1.0 1.0 1.0
c 1.0 1.0 1.0
c 1.0 1.0 1.0
c 1.0 1.0 1.0
c 1.0 1.0 1.0
c 1.0 1.0 1.0
c 1.0 1.0 1.0
c 1.0 1.0 1.0
c 1.0 1.0 1.0
c 1.0 1.0 1.0
c 1.0 1.0 1.0
c 1.0 1.0 1.0
c 1.0 1.0 1.0
c 1.0 1.0 1.0
c 1.0 1.0 1.0
c 1.0 1.0 1.0
c 1.0 1.0 1.0
c 1.0 1.0 1.0
c 1.0 1.0 1.0
c 1.0 1.0 1.0
c 1.0 1.0 1.0
c 1.0 1.0 1.0
c 1.0 1.0 1.0
c 1.0 1.0 1.0
c 1.0 1.0 1.0
c 1.0 1.0 1.0
c 1.0 1.0 1.0
c 1.0 1.0 1.0
c 1.0 1.0 1.0
c 1.0 1.0 1.0
c 1.0 1.0 1.0
c 1.0 1.0 1.0
c 1.0 1.0 1.0
c 1.0 1.0 1.0
c 1.0 1.0 1.0
c 1.0 1.0 1.0
c 1.0 1.0 1.0
c 1.0 1.0 1.0
c 1.0 1.0 1.0
c 1.0 1.0 1.0
c 1.0 1.0 1.0
c 1.0 1.0 1.0
c 1.0 1.0 1.0
c 1.0 1.0 1.0
c 1.0 1.0 1.0
c 1.0 1.0 1.0
c 1.0 1.0 1.0
c 1.0 1.0 1.0
c 1.0 1.0 1.0
c 1.0 1.0 1.0
c 1.0 1.0 1.0
c 1.0 1.0 1.0
c 1.0 1.0 1.0
c 1.0 1.0 1.0
c 1.0 1.0 1.0
c 1.0 1.0 1.0
c 1.0 1.0 1.0
c 1.0 1.0 1.0
c 1.0 1.0 1.0
c 1.0 1.0 1.0
c 1.0 1.0 1.0
c 1.0 1.0 1.0
c 1.0 1.0 1.0
c 1.0 1.0 1.0
c 1.0 1.0 1.0
c 1.0 1.0 1.0
c 1.0 1.0 1.0
c 1.0 1.0 1.0
c 1.0 1.0 1.0
c 1.0 1.0 1.0
c 1.0 1.0 1.0
c 1.0 1.0 1.0
c 1.0 1.0 1.0
c 1.0 1.0 1.0
c 1.0 1.0 1.0
c 1.0 1.0 1.0
c 1.0 1.0 1.0
c 1.0 1.0 1.0
c 1.0 1.0 1.0
c 1.0 1.0 1.0
c 1.0 1.0 1.0
c 1.0 1.0 1.0
c 1.0 1.0 1.0
usemtl sea_mizu1_1
s off
f 1971/2142/891/166 1972/2144/891/166 1973/2145/891/166 1974/2143/891/166
f 1975/2146/892/167 1976/2148/892/167 1977/2149/892/167 1978/2147/892/167
f 1979/2152/893/168 1980/2150/893/168 1981/2151/893/168 1982/2153/893/168
f 1983/2156/894/169 1984/2154/894/169 1985/2155/894/169 1986/2157/894/169
f 1987/2158/895/170 1988/2160/895/170 1989/2161/895/170 1990/2159/895/170
f 1991/2162/896/171 1992/2164/896/171 1993/2165/896/171 1994/2163/896/171
f 1995/2168/897/172 1996/2166/897/172 1997/2167/897/172 1998/2169/897/172
f 1999/2172/898/173 2000/2170/898/173 2001/2171/898/173 2002/2173/898/173
f 2003/2174/899/174 2004/2176/899/174 2005/2177/899/174 2006/2175/899/174
f 2007/2178/900/175 2008/2180/900/175 2009/2181/900/175 2010/2179/900/175
f 2011/2184/901/176 2012/2182/901/176 2013/2183/901/176 2014/2185/901/176
f 2015/2188/902/177 2016/2186/902/177 2017/2187/902/177 2018/2189/902/177
f 2019/2190/903/178 2020/2192/903/178 2021/2193/903/178 2022/2191/903/178
f 2023/2194/904/179 2024/2196/904/179 2025/2197/904/179 2026/2195/904/179
f 2027/2200/905/180 2028/2198/905/180 2029/2199/905/180 2030/2201/905/180
f 2031/2204/906/181 2032/2202/906/181 2033/2203/906/181 2034/2205/906/181
usemtl sea_jimen
s off
f 1024/1194/420/69 1026/1195/420/69 1025/1196/420/69 1023/1197/420/69
f 1038/1208/425/71 1040/1209/425/71 1039/1210/425/71 1037/1211/425/71
f 1052/1222/430/73 1054/1223/430/73 1053/1224/430/73 1051/1225/430/73
f 1066/1236/435/75 1068/1237/435/75 1067/1238/435/75 1065/1239/435/75
f 1080/1250/440/77 1082/1251/440/77 1081/1252/440/77 1079/1253/440/77
f 1084/1254/441/78 1086/1255/441/78 1085/1256/441/78 1083/1257/441/78
f 1098/1268/446/80 1100/1269/446/80 1099/1270/446/80 1097/1271/446/80
f 1144/1314/474/83 1146/1315/474/83 1145/1316/474/83 1143/1317/474/83
f 1148/1318/475/84 1150/1319/475/84 1149/1320/475/84 1147/1321/475/84
f 1204/1374/507/88 1206/1375/507/88 1205/1376/507/88 1203/1377/507/88
f 1250/1420/535/91 1252/1421/535/91 1251/1422/535/91 1249/1423/535/91
f 1264/1434/540/93 1266/1435/540/93 1265/1436/540/93 1263/1437/540/93
f 1268/1438/541/94 1270/1439/541/94 1269/1440/541/94 1267/1441/541/94
f 1334/1504/577/99 1336/1505/577/99 1335/1506/577/99 1333/1507/577/99
f 1348/1518/582/101 1350/1519/582/101 1349/1520/582/101 1347/1521/582/101
f 1362/1532/587/103 1364/1533/587/103 1363/1534/587/103 1361/1535/587/103
f 1418/1588/619/107 1420/1589/619/107 1419/1590/619/107 1417/1591/619/107
f 1422/1592/620/108 1424/1593/620/108 1423/1594/620/108 1421/1595/620/108
f 1426/1596/621/109 1428/1597/621/109 1427/1598/621/109 1425/1599/621/109
f 1430/1600/622/110 1432/1601/622/110 1431/1602/622/110 1429/1603/622/110
f 1444/1614/627/112 1446/1615/627/112 1445/1616/627/112 1443/1617/627/112
f 1448/1618/628/113 1450/1619/628/113 1449/1620/628/113 1447/1621/628/113
f 1462/1632/633/115 1464/1633/633/115 1463/1634/633/115 1461/1635/633/115
f 1518/1688/665/119 1520/1689/665/119 1519/1690/665/119 1517/1691/665/119
f 1522/1692/666/120 1524/1693/666/120 1523/1694/666/120 1521/1695/666/120
f 1536/1706/671/122 1538/1707/671/122 1537/1708/671/122 1535/1709/671/122
f 1550/1720/676/124 1552/1721/676/124 1551/1722/676/124 1549/1723/676/124
f 1564/1734/681/126 1566/1735/681/126 1565/1736/681/126 1563/1737/681/126
f 1610/1780/709/129 1612/1781/709/129 1611/1782/709/129 1609/1783/709/129
f 1614/1784/710/130 1616/1785/710/130 1615/1786/710/130 1613/1787/710/130
f 1628/1798/715/132 1630/1799/715/132 1629/1800/715/132 1627/1801/715/132
f 1632/1802/716/133 1634/1803/716/133 1633/1804/716/133 1631/1805/716/133
f 1636/1806/717/134 1638/1807/717/134 1637/1808/717/134 1635/1809/717/134
f 1650/1820/722/136 1652/1821/722/136 1651/1822/722/136 1649/1823/722/136
f 1748/1918/781/142 1750/1919/781/142 1749/1920/781/142 1747/1921/781/142
f 1772/1942/790/145 1774/1943/790/145 1773/1944/790/145 1771/1945/790/145
f 1776/1946/791/146 1778/1947/791/146 1777/1948/791/146 1775/1949/791/146
f 1790/1960/796/148 1792/1961/796/148 1791/1962/796/148 1789/1963/796/148
f 1794/1964/797/149 1796/1965/797/149 1795/1966/797/149 1793/1967/797/149
f 1808/1978/802/151 1810/1979/802/151 1809/1980/802/151 1807/1981/802/151
f 1864/2034/834/155 1866/2035/834/155 1865/2036/834/155 1863/2037/834/155
f 1910/2080/862/158 1912/2081/862/158 1911/2082/862/158 1909/2083/862/158
f 1924/2094/867/160 1926/2095/867/160 1925/2096/867/160 1923/2097/867/160
f 1960/2130/888/163 1962/2131/888/163 1961/2132/888/163 1959/2133/888/163
f 1964/2134/889/164 1966/2135/889/164 1965/2136/889/164 1963/2137/889/164
f 1968/2138/890/165 1970/2139/890/165 1969/2140/890/165 1967/2141/890/165
usemtl yamagake01
s off
f 1/1/1/1 2/2/2/1 3/3/3/1 4/4/1/1
f 5/5/4/1 2/2/5/1 6/6/6/1 7/7/4/1
f 8/8/7/1 9/9/7/1 10/10/7/1 11/11/7/1
f 12/12/8/1 13/13/9/1 1/1/9/1 14/14/10/1
f 2/2/2/1 5/5/11/1 15/15/11/1 3/3/3/1
f 10/10/12/1 12/12/8/1 14/14/10/1 11/11/12/1
f 2/2/5/1 1/1/13/1 13/13/13/1 6/6/6/1
f 14/14/14/1 1/1/1/1 4/4/1/1 16/16/14/1
f 17/17/15/1 5/5/16/1 18/18/17/1 19/19/15/1
f 47/66/40/3 48/67/41/3 49/68/42/3 50/69/40/3
f 51/70/43/3 48/67/44/3 52/71/45/3 53/72/43/3
f 54/73/46/3 55/74/46/3 56/75/46/3 57/76/46/3
f 58/77/47/3 59/78/48/3 47/66/48/3 60/79/49/3
f 48/67/41/3 51/70/50/3 61/80/50/3 49/68/42/3
f 56/75/51/3 58/77/47/3 60/79/49/3 57/76/51/3
f 48/67/44/3 47/66/52/3 59/78/52/3 52/71/45/3
f 60/79/53/3 47/66/40/3 50/69/40/3 62/81/53/3
f 63/82/54/3 51/70/55/3 64/83/56/3 65/84/54/3
f 461/537/180/32 462/538/181/32 463/539/182/32 464/540/180/32
f 465/541/183/32 462/538/184/32 466/542/185/32 467/543/183/32
f 468/544/186/32 469/545/186/32 470/546/186/32 471/547/186/32
f 472/548/187/32 473/549/188/32 461/537/188/32 474/550/189/32
f 462/538/181/32 465/541/190/32 475/551/190/32 463/539/182/32
f 470/546/191/32 472/548/187/32 474/550/189/32 471/547/191/32
f 462/538/184/32 461/537/192/32 473/549/192/32 466/542/185/32
f 474/550/193/32 461/537/180/32 464/540/180/32 476/552/193/32
f 477/553/194/32 465/541/195/32 478/554/196/32 479/555/194/32
f 911/1044/323/64 912/1045/324/64 913/1046/325/64 914/1047/323/64
f 915/1048/326/64 912/1045/327/64 916/1049/328/64 917/1050/326/64
f 918/1051/329/64 919/1052/329/64 920/1053/329/64 921/1054/329/64
f 922/1055/330/64 923/1056/331/64 911/1044/331/64 924/1057/332/64
f 912/1045/324/64 915/1048/333/64 925/1058/333/64 913/1046/325/64
f 920/1053/334/64 922/1055/330/64 924/1057/332/64 921/1054/334/64
f 912/1045/327/64 911/1044/335/64 923/1056/335/64 916/1049/328/64
f 924/1057/336/64 911/1044/323/64 914/1047/323/64 926/1059/336/64
f 927/1060/337/64 915/1048/338/64 928/1061/339/64 929/1062/337/64
f 18/18/17/1 5/5/16/1 7/7/18/1
f 20/20/19/1 21/21/20/1 17/17/21/1
f 21/21/20/1 15/15/22/1 17/17/21/1
f 15/15/23/1 21/21/24/1 3/3/25/1
f 21/21/24/1 4/4/26/1 3/3/25/1
f 19/19/27/1 8/8/28/1 20/20/29/1
f 8/8/28/1 11/11/30/1 20/20/29/1
f 11/22/31/1 14/23/31/1 20/20/31/1
f 19/19/32/1 20/20/32/1 17/17/32/1
f 20/24/33/1 16/25/33/1 21/26/33/1
f 16/16/34/1 4/4/34/1 21/21/34/1
f 20/20/35/1 14/27/35/1 16/28/35/1
f 5/5/36/1 17/17/36/1 15/15/36/1
f 19/19/37/1 9/9/37/1 8/8/37/1
f 64/83/56/3 51/70/55/3 53/72/57/3
f 66/85/58/3 67/86/59/3 63/82/60/3
f 67/86/59/3 61/80/61/3 63/82/60/3
f 61/80/62/3 67/86/63/3 49/68/64/3
f 67/86/63/3 50/69/65/3 49/68/64/3
f 65/84/66/3 54/73/67/3 66/85/68/3
f 54/73/67/3 57/76/69/3 66/85/68/3
f 57/87/70/3 60/88/70/3 66/85/70/3
f 65/84/71/3 66/85/71/3 63/82/71/3
f 66/89/72/3 62/90/72/3 67/91/72/3
f 62/81/73/3 50/69/73/3 67/86/73/3
f 66/85/74/3 60/92/74/3 62/93/74/3
f 51/70/75/3 63/82/75/3 61/80/75/3
f 65/84/76/3 55/74/76/3 54/73/76/3
f 478/554/196/32 465/541/195/32 467/543/197/32
f 480/556/198/32 481/557/199/32 477/553/200/32
f 481/557/199/32 475/551/201/32 477/553/200/32
f 475/551/202/32 481/557/203/32 463/539/204/32
f 481/557/203/32 464/540/205/32 463/539/204/32
f 479/555/206/32 468/544/207/32 480/556/208/32
f 468/544/207/32 471/547/209/32 480/556/208/32
f 471/558/210/32 474/559/210/32 480/556/210/32
f 479/555/211/32 480/556/211/32 477/553/211/32
f 480/560/212/32 476/561/212/32 481/562/212/32
f 476/552/213/32 464/540/213/32 481/557/213/32
f 480/556/214/32 474/563/214/32 476/564/214/32
f 465/541/215/32 477/553/215/32 475/551/215/32
f 479/555/216/32 469/545/216/32 468/544/216/32
f 928/1061/339/64 915/1048/338/64 917/1050/340/64
f 930/1063/341/64 931/1064/342/64 927/1060/343/64
f 931/1064/342/64 925/1058/344/64 927/1060/343/64
f 925/1058/345/64 931/1064/346/64 913/1046/347/64
f 931/1064/346/64 914/1047/348/64 913/1046/347/64
f 929/1062/349/64 918/1051/350/64 930/1063/351/64
f 918/1051/350/64 921/1054/352/64 930/1063/351/64
f 921/1065/353/64 924/1066/353/64 930/1063/353/64
f 929/1062/354/64 930/1063/354/64 927/1060/354/64
f 930/1067/355/64 926/1068/355/64 931/1069/355/64
f 926/1059/356/64 914/1047/356/64 931/1064/356/64
f 930/1063/357/64 924/1070/357/64 926/1071/357/64
f 915/1048/358/64 927/1060/358/64 925/1058/358/64
f 929/1062/359/64 919/1052/359/64 918/1051/359/64
usemtl gake_futa
s off
f 957/1109/362/66 958/1110/363/66 959/1111/364/66 960/1112/362/66
f 961/1113/365/66 958/1110/366/66 962/1114/367/66 963/1115/365/66
f 964/1116/368/66 965/1117/368/66 966/1118/368/66 967/1119/368/66
f 968/1120/369/66 969/1121/370/66 957/1109/370/66 970/1122/371/66
f 958/1110/363/66 961/1113/372/66 971/1123/372/66 959/1111/364/66
f 966/1118/373/66 968/1120/369/66 970/1122/371/66 967/1119/373/66
f 958/1110/366/66 957/1109/374/66 969/1121/374/66 962/1114/367/66
f 970/1122/375/66 957/1109/362/66 960/1112/362/66 972/1124/375/66
f 973/1125/376/66 961/1113/377/66 974/1126/378/66 975/1127/376/66
f 974/1126/378/66 961/1113/377/66 963/1115/379/66
f 976/1128/380/66 977/1129/381/66 973/1125/382/66
f 977/1129/381/66 971/1123/383/66 973/1125/382/66
f 971/1123/384/66 977/1129/385/66 959/1111/386/66
f 977/1129/385/66 960/1112/387/66 959/1111/386/66
f 975/1127/388/66 964/1116/389/66 976/1128/390/66
f 964/1116/389/66 967/1119/391/66 976/1128/390/66
f 967/1130/392/66 970/1131/392/66 976/1128/392/66
f 975/1127/393/66 976/1128/393/66 973/1125/393/66
f 976/1132/394/66 972/1133/394/66 977/1134/394/66
f 972/1124/395/66 960/1112/395/66 977/1129/395/66
f 976/1128/396/66 970/1135/396/66 972/1136/396/66
f 961/1113/397/66 973/1125/397/66 971/1123/397/66
f 975/1127/398/66 965/1117/398/66 964/1116/398/66
usemtl kusa_ec3
s off
f 45/62/39/2 46/63/39/2 43/64/39/2 44/65/39/2
f 91/127/78/4 92/128/78/4 89/129/78/4 90/130/78/4
f 103/139/79/5 104/140/79/5 101/141/79/5 102/142/79/5
f 115/151/80/6 116/152/80/6 113/153/80/6 114/154/80/6
f 127/163/81/7 128/164/81/7 125/165/81/7 126/166/81/7
f 139/175/82/8 140/176/82/8 137/177/82/8 138/178/82/8
f 151/187/83/9 152/188/83/9 149/189/83/9 150/190/83/9
f 163/199/84/10 164/200/84/10 161/201/84/10 162/202/84/10
f 175/211/85/11 176/212/85/11 173/213/85/11 174/214/85/11
f 187/223/86/12 188/224/86/12 185/225/86/12 186/226/86/12
f 199/235/87/13 200/236/87/13 197/237/87/13 198/238/87/13
f 211/247/88/14 212/248/88/14 209/249/88/14 210/250/88/14
f 223/259/89/15 224/260/89/15 221/261/89/15 222/262/89/15
f 235/271/90/16 236/272/90/16 233/273/90/16 234/274/90/16
f 247/283/91/17 248/284/91/17 245/285/91/17 246/286/91/17
f 259/295/92/18 260/296/92/18 257/297/92/18 258/298/92/18
f 271/307/93/19 272/308/93/19 269/309/93/19 270/310/93/19
f 283/319/94/20 284/320/94/20 281/321/94/20 282/322/94/20
f 295/331/95/21 296/332/95/21 293/333/95/21 294/334/95/21
f 307/343/96/22 308/344/96/22 305/345/96/22 306/346/96/22
f 387/461/173/25 388/462/173/25 385/463/173/25 386/464/173/25
f 399/473/174/26 400/474/174/26 397/475/174/26 398/476/174/26
f 411/485/175/27 412/486/175/27 409/487/175/27 410/488/175/27
f 423/497/176/28 424/498/176/28 421/499/176/28 422/500/176/28
f 435/509/177/29 436/510/177/29 433/511/177/29 434/512/177/29
f 447/521/178/30 448/522/178/30 445/523/178/30 446/524/178/30
f 459/533/179/31 460/534/179/31 457/535/179/31 458/536/179/31
f 505/598/218/33 506/599/218/33 503/600/218/33 504/601/218/33
f 517/610/219/34 518/611/219/34 515/612/219/34 516/613/219/34
f 529/622/220/35 530/623/220/35 527/624/220/35 528/625/220/35
f 541/634/221/36 542/635/221/36 539/636/221/36 540/637/221/36
f 553/646/222/37 554/647/222/37 551/648/222/37 552/649/222/37
f 565/658/223/38 566/659/223/38 563/660/223/38 564/661/223/38
f 611/723/262/40 612/724/262/40 609/725/262/40 610/726/262/40
f 623/735/263/41 624/736/263/41 621/737/263/41 622/738/263/41
f 635/747/264/42 636/748/264/42 633/749/264/42 634/750/264/42
f 647/759/265/43 648/760/265/43 645/761/265/43 646/762/265/43
f 659/771/266/44 660/772/266/44 657/773/266/44 658/774/266/44
f 671/783/267/45 672/784/267/45 669/785/267/45 670/786/267/45
f 683/795/268/46 684/796/268/46 681/797/268/46 682/798/268/46
f 695/807/269/47 696/808/269/47 693/809/269/47 694/810/269/47
f 707/819/270/48 708/820/270/48 705/821/270/48 706/822/270/48
f 753/884/309/50 754/885/309/50 751/886/309/50 752/887/309/50
f 765/896/310/51 766/897/310/51 763/898/310/51 764/899/310/51
f 777/908/311/52 778/909/311/52 775/910/311/52 776/911/311/52
f 789/920/312/53 790/921/312/53 787/922/312/53 788/923/312/53
f 801/932/313/54 802/933/313/54 799/934/313/54 800/935/313/54
f 813/944/314/55 814/945/314/55 811/946/314/55 812/947/314/55
f 825/956/315/56 826/957/315/56 823/958/315/56 824/959/315/56
f 837/968/316/57 838/969/316/57 835/970/316/57 836/971/316/57
f 849/980/317/58 850/981/317/58 847/982/317/58 848/983/317/58
f 861/992/318/59 862/993/318/59 859/994/318/59 860/995/318/59
f 873/1004/319/60 874/1005/319/60 871/1006/319/60 872/1007/319/60
f 885/1016/320/61 886/1017/320/61 883/1018/320/61 884/1019/320/61
f 897/1028/321/62 898/1029/321/62 895/1030/321/62 896/1031/321/62
f 909/1040/322/63 910/1041/322/63 907/1042/322/63 908/1043/322/63
f 955/1105/361/65 956/1106/361/65 953/1107/361/65 954/1108/361/65
usemtl kusa_ec1
s off
f 37/54/39/2 38/55/39/2 35/56/39/2 36/57/39/2
f 83/119/78/4 84/120/78/4 81/121/78/4 82/122/78/4
f 95/131/79/5 96/132/79/5 93/133/79/5 94/134/79/5
f 107/143/80/6 108/144/80/6 105/145/80/6 106/146/80/6
f 119/155/81/7 120/156/81/7 117/157/81/7 118/158/81/7
f 131/167/82/8 132/168/82/8 129/169/82/8 130/170/82/8
f 143/179/83/9 144/180/83/9 141/181/83/9 142/182/83/9
f 155/191/84/10 156/192/84/10 153/193/84/10 154/194/84/10
f 167/203/85/11 168/204/85/11 165/205/85/11 166/206/85/11
f 179/215/86/12 180/216/86/12 177/217/86/12 178/218/86/12
f 191/227/87/13 192/228/87/13 189/229/87/13 190/230/87/13
f 203/239/88/14 204/240/88/14 201/241/88/14 202/242/88/14
f 215/251/89/15 216/252/89/15 213/253/89/15 214/254/89/15
f 227/263/90/16 228/264/90/16 225/265/90/16 226/266/90/16
f 239/275/91/17 240/276/91/17 237/277/91/17 238/278/91/17
f 251/287/92/18 252/288/92/18 249/289/92/18 250/290/92/18
f 263/299/93/19 264/300/93/19 261/301/93/19 262/302/93/19
f 275/311/94/20 276/312/94/20 273/313/94/20 274/314/94/20
f 287/323/95/21 288/324/95/21 285/325/95/21 286/326/95/21
f 299/335/96/22 300/336/96/22 297/337/96/22 298/338/96/22
f 379/453/173/25 380/454/173/25 377/455/173/25 378/456/173/25
f 391/465/174/26 392/466/174/26 389/467/174/26 390/468/174/26
f 403/477/175/27 404/478/175/27 401/479/175/27 402/480/175/27
f 415/489/176/28 416/490/176/28 413/491/176/28 414/492/176/28
f 427/501/177/29 428/502/177/29 425/503/177/29 426/504/177/29
f 439/513/178/30 440/514/178/30 437/515/178/30 438/516/178/30
f 451/525/179/31 452/526/179/31 449/527/179/31 450/528/179/31
f 497/590/218/33 498/591/218/33 495/592/218/33 496/593/218/33
f 509/602/219/34 510/603/219/34 507/604/219/34 508/605/219/34
f 521/614/220/35 522/615/220/35 519/616/220/35 520/617/220/35
f 533/626/221/36 534/627/221/36 531/628/221/36 532/629/221/36
f 545/638/222/37 546/639/222/37 543/640/222/37 544/641/222/37
f 557/650/223/38 558/651/223/38 555/652/223/38 556/653/223/38
f 603/715/262/40 604/716/262/40 601/717/262/40 602/718/262/40
f 615/727/263/41 616/728/263/41 613/729/263/41 614/730/263/41
f 627/739/264/42 628/740/264/42 625/741/264/42 626/742/264/42
f 639/751/265/43 640/752/265/43 637/753/265/43 638/754/265/43
f 651/763/266/44 652/764/266/44 649/765/266/44 650/766/266/44
f 663/775/267/45 664/776/267/45 661/777/267/45 662/778/267/45
f 675/787/268/46 676/788/268/46 673/789/268/46 674/790/268/46
f 687/799/269/47 688/800/269/47 685/801/269/47 686/802/269/47
f 699/811/270/48 700/812/270/48 697/813/270/48 698/814/270/48
f 745/876/309/50 746/877/309/50 743/878/309/50 744/879/309/50
f 757/888/310/51 758/889/310/51 755/890/310/51 756/891/310/51
f 769/900/311/52 770/901/311/52 767/902/311/52 768/903/311/52
f 781/912/312/53 782/913/312/53 779/914/312/53 780/915/312/53
f 793/924/313/54 794/925/313/54 791/926/313/54 792/927/313/54
f 805/936/314/55 806/937/314/55 803/938/314/55 804/939/314/55
f 817/948/315/56 818/949/315/56 815/950/315/56 816/951/315/56
f 829/960/316/57 830/961/316/57 827/962/316/57 828/963/316/57
f 841/972/317/58 842/973/317/58 839/974/317/58 840/975/317/58
f 853/984/318/59 854/985/318/59 851/986/318/59 852/987/318/59
f 865/996/319/60 866/997/319/60 863/998/319/60 864/999/319/60
f 877/1008/320/61 878/1009/320/61 875/1010/320/61 876/1011/320/61
f 889/1020/321/62 890/1021/321/62 887/1022/321/62 888/1023/321/62
f 901/1032/322/63 902/1033/322/63 899/1034/322/63 900/1035/322/63
f 947/1097/361/65 948/1098/361/65 945/1099/361/65 946/1100/361/65
usemtl kusa_ec2
s off
f 41/58/39/2 42/59/39/2 39/60/39/2 40/61/39/2
f 87/123/78/4 88/124/78/4 85/125/78/4 86/126/78/4
f 99/135/79/5 100/136/79/5 97/137/79/5 98/138/79/5
f 111/147/80/6 112/148/80/6 109/149/80/6 110/150/80/6
f 123/159/81/7 124/160/81/7 121/161/81/7 122/162/81/7
f 135/171/82/8 136/172/82/8 133/173/82/8 134/174/82/8
f 147/183/83/9 148/184/83/9 145/185/83/9 146/186/83/9
f 159/195/84/10 160/196/84/10 157/197/84/10 158/198/84/10
f 171/207/85/11 172/208/85/11 169/209/85/11 170/210/85/11
f 183/219/86/12 184/220/86/12 181/221/86/12 182/222/86/12
f 195/231/87/13 196/232/87/13 193/233/87/13 194/234/87/13
f 207/243/88/14 208/244/88/14 205/245/88/14 206/246/88/14
f 219/255/89/15 220/256/89/15 217/257/89/15 218/258/89/15
f 231/267/90/16 232/268/90/16 229/269/90/16 230/270/90/16
f 243/279/91/17 244/280/91/17 241/281/91/17 242/282/91/17
f 255/291/92/18 256/292/92/18 253/293/92/18 254/294/92/18
f 267/303/93/19 268/304/93/19 265/305/93/19 266/306/93/19
f 279/315/94/20 280/316/94/20 277/317/94/20 278/318/94/20
f 291/327/95/21 292/328/95/21 289/329/95/21 290/330/95/21
f 303/339/96/22 304/340/96/22 301/341/96/22 302/342/96/22
f 383/457/173/25 384/458/173/25 381/459/173/25 382/460/173/25
f 395/469/174/26 396/470/174/26 393/471/174/26 394/472/174/26
f 407/481/175/27 408/482/175/27 405/483/175/27 406/484/175/27
f 419/493/176/28 420/494/176/28 417/495/176/28 418/496/176/28
f 431/505/177/29 432/506/177/29 429/507/177/29 430/508/177/29
f 443/517/178/30 444/518/178/30 441/519/178/30 442/520/178/30
f 455/529/179/31 456/530/179/31 453/531/179/31 454/532/179/31
f 501/594/218/33 502/595/218/33 499/596/218/33 500/597/218/33
f 513/606/219/34 514/607/219/34 511/608/219/34 512/609/219/34
f 525/618/220/35 526/619/220/35 523/620/220/35 524/621/220/35
f 537/630/221/36 538/631/221/36 535/632/221/36 536/633/221/36
f 549/642/222/37 550/643/222/37 547/644/222/37 548/645/222/37
f 561/654/223/38 562/655/223/38 559/656/223/38 560/657/223/38
f 607/719/262/40 608/720/262/40 605/721/262/40 606/722/262/40
f 619/731/263/41 620/732/263/41 617/733/263/41 618/734/263/41
f 631/743/264/42 632/744/264/42 629/745/264/42 630/746/264/42
f 643/755/265/43 644/756/265/43 641/757/265/43 642/758/265/43
f 655/767/266/44 656/768/266/44 653/769/266/44 654/770/266/44
f 667/779/267/45 668/780/267/45 665/781/267/45 666/782/267/45
f 679/791/268/46 680/792/268/46 677/793/268/46 678/794/268/46
f 691/803/269/47 692/804/269/47 689/805/269/47 690/806/269/47
f 703/815/270/48 704/816/270/48 701/817/270/48 702/818/270/48
f 749/880/309/50 750/881/309/50 747/882/309/50 748/883/309/50
f 761/892/310/51 762/893/310/51 759/894/310/51 760/895/310/51
f 773/904/311/52 774/905/311/52 771/906/311/52 772/907/311/52
f 785/916/312/53 786/917/312/53 783/918/312/53 784/919/312/53
f 797/928/313/54 798/929/313/54 795/930/313/54 796/931/313/54
f 809/940/314/55 810/941/314/55 807/942/314/55 808/943/314/55
f 821/952/315/56 822/953/315/56 819/954/315/56 820/955/315/56
f 833/964/316/57 834/965/316/57 831/966/316/57 832/967/316/57
f 845/976/317/58 846/977/317/58 843/978/317/58 844/979/317/58
f 857/988/318/59 858/989/318/59 855/990/318/59 856/991/318/59
f 869/1000/319/60 870/1001/319/60 867/1002/319/60 868/1003/319/60
f 881/1012/320/61 882/1013/320/61 879/1014/320/61 880/1015/320/61
f 893/1024/321/62 894/1025/321/62 891/1026/321/62 892/1027/321/62
f 905/1036/322/63 906/1037/322/63 903/1038/322/63 904/1039/322/63
f 951/1101/361/65 952/1102/361/65 949/1103/361/65 950/1104/361/65
usemtl wall01_g
s off
f 991/1162/400/67 992/1163/401/67 993/1164/401/67 994/1165/400/67
f 992/1163/401/67 995/1166/402/67 996/1167/402/67 993/1164/401/67
f 997/1168/400/67 998/1169/400/67 999/1170/403/67 1000/1171/403/67
f 1101/1272/447/81 1102/1273/448/81 1103/1274/449/81 1104/1275/449/81
f 1105/1276/450/81 1106/1277/447/81 1107/1278/449/81 1108/1279/449/81
f 1161/1332/480/86 1162/1333/481/86 1163/1334/482/86 1164/1335/482/86
f 1165/1336/483/86 1166/1337/480/86 1167/1338/482/86 1168/1339/482/86
f 1207/1378/508/89 1208/1379/509/89 1209/1380/510/89 1210/1381/510/89
f 1211/1382/511/89 1212/1383/508/89 1213/1384/510/89 1214/1385/510/89
f 1281/1452/546/96 1282/1453/547/96 1283/1454/548/96 1284/1455/548/96
f 1285/1456/549/96 1286/1457/546/96 1287/1458/548/96 1288/1459/548/96
f 1301/1472/557/97 1302/1473/558/97 1303/1474/558/97 1304/1475/557/97
f 1302/1473/558/97 1305/1476/559/97 1306/1477/559/97 1303/1474/558/97
f 1307/1478/557/97 1308/1479/557/97 1309/1480/560/97 1310/1481/560/97
f 1365/1536/588/104 1366/1537/589/104 1367/1538/590/104 1368/1539/590/104
f 1369/1540/591/104 1370/1541/588/104 1371/1542/590/104 1372/1543/590/104
f 1475/1646/638/117 1476/1647/639/117 1477/1648/640/117 1478/1649/640/117
f 1479/1650/641/117 1480/1651/638/117 1481/1652/640/117 1482/1653/640/117
f 1567/1738/682/127 1568/1739/683/127 1569/1740/684/127 1570/1741/684/127
f 1571/1742/685/127 1572/1743/682/127 1573/1744/684/127 1574/1745/684/127
f 1653/1824/723/137 1654/1825/724/137 1655/1826/725/137 1656/1827/725/137
f 1657/1828/726/137 1658/1829/723/137 1659/1830/725/137 1660/1831/725/137
f 1673/1844/734/138 1674/1845/735/138 1675/1846/735/138 1676/1847/734/138
f 1674/1845/735/138 1677/1848/736/138 1678/1849/736/138 1675/1846/735/138
f 1679/1850/734/138 1680/1851/734/138 1681/1852/737/138 1682/1853/737/138
f 1705/1876/754/140 1706/1877/755/140 1707/1878/756/140 1708/1879/756/140
f 1709/1880/757/140 1710/1881/754/140 1711/1882/756/140 1712/1883/756/140
f 1811/1982/803/152 1812/1983/804/152 1813/1984/805/152 1814/1985/805/152
f 1815/1986/806/152 1816/1987/803/152 1817/1988/805/152 1818/1989/805/152
f 1867/2038/835/156 1868/2039/836/156 1869/2040/837/156 1870/2041/837/156
f 1871/2042/838/156 1872/2043/835/156 1873/2044/837/156 1874/2045/837/156
f 1927/2098/868/161 1928/2099/869/161 1929/2100/869/161 1930/2101/868/161
f 1928/2099/869/161 1931/2102/870/161 1932/2103/870/161 1929/2100/869/161
f 1933/2104/868/161 1934/2105/868/161 1935/2106/871/161 1936/2107/871/161
f 1109/1280/451/81 1110/1281/452/81 1111/1282/447/81
f 1110/1281/452/81 1112/1283/453/81 1111/1282/447/81
f 1111/1282/447/81 1112/1283/453/81 1113/1284/454/81
f 1114/1285/455/81 1115/1286/453/81 1116/1287/447/81
f 1115/1286/453/81 1117/1288/456/81 1116/1287/447/81
f 1118/1289/457/81 1119/1290/447/81 1120/1291/454/81
f 1169/1340/484/86 1170/1341/485/86 1171/1342/480/86
f 1170/1341/485/86 1172/1343/486/86 1171/1342/480/86
f 1171/1342/480/86 1172/1343/486/86 1173/1344/487/86
f 1174/1345/488/86 1175/1346/486/86 1176/1347/480/86
f 1175/1346/486/86 1177/1348/489/86 1176/1347/480/86
f 1178/1349/490/86 1179/1350/480/86 1180/1351/487/86
f 1215/1386/512/89 1216/1387/513/89 1217/1388/508/89
f 1216/1387/513/89 1218/1389/514/89 1217/1388/508/89
f 1217/1388/508/89 1218/1389/514/89 1219/1390/515/89
f 1220/1391/516/89 1221/1392/514/89 1222/1393/508/89
f 1221/1392/514/89 1223/1394/517/89 1222/1393/508/89
f 1224/1395/518/89 1225/1396/508/89 1226/1397/515/89
f 1289/1460/550/96 1290/1461/551/96 1291/1462/546/96
f 1290/1461/551/96 1292/1463/552/96 1291/1462/546/96
f 1291/1462/546/96 1292/1463/552/96 1293/1464/553/96
f 1294/1465/554/96 1295/1466/552/96 1296/1467/546/96
f 1295/1466/552/96 1297/1468/555/96 1296/1467/546/96
f 1298/1469/556/96 1299/1470/546/96 1300/1471/553/96
f 1373/1544/592/104 1374/1545/593/104 1375/1546/588/104
f 1374/1545/593/104 1376/1547/594/104 1375/1546/588/104
f 1375/1546/588/104 1376/1547/594/104 1377/1548/595/104
f 1378/1549/596/104 1379/1550/594/104 1380/1551/588/104
f 1379/1550/594/104 1381/1552/597/104 1380/1551/588/104
f 1382/1553/598/104 1383/1554/588/104 1384/1555/595/104
f 1483/1654/642/117 1484/1655/643/117 1485/1656/638/117
f 1484/1655/643/117 1486/1657/644/117 1485/1656/638/117
f 1485/1656/638/117 1486/1657/644/117 1487/1658/645/117
f 1488/1659/646/117 1489/1660/644/117 1490/1661/638/117
f 1489/1660/644/117 1491/1662/647/117 1490/1661/638/117
f 1492/1663/648/117 1493/1664/638/117 1494/1665/645/117
f 1575/1746/686/127 1576/1747/687/127 1577/1748/682/127
f 1576/1747/687/127 1578/1749/688/127 1577/1748/682/127
f 1577/1748/682/127 1578/1749/688/127 1579/1750/689/127
f 1580/1751/690/127 1581/1752/688/127 1582/1753/682/127
f 1581/1752/688/127 1583/1754/691/127 1582/1753/682/127
f 1584/1755/692/127 1585/1756/682/127 1586/1757/689/127
f 1661/1832/727/137 1662/1833/728/137 1663/1834/723/137
f 1662/1833/728/137 1664/1835/729/137 1663/1834/723/137
f 1663/1834/723/137 1664/1835/729/137 1665/1836/730/137
f 1666/1837/731/137 1667/1838/729/137 1668/1839/723/137
f 1667/1838/729/137 1669/1840/732/137 1668/1839/723/137
f 1670/1841/733/137 1671/1842/723/137 1672/1843/730/137
f 1713/1884/758/140 1714/1885/759/140 1715/1886/754/140
f 1714/1885/759/140 1716/1887/760/140 1715/1886/754/140
f 1715/1886/754/140 1716/1887/760/140 1717/1888/761/140
f 1718/1889/762/140 1719/1890/760/140 1720/1891/754/140
f 1719/1890/760/140 1721/1892/763/140 1720/1891/754/140
f 1722/1893/764/140 1723/1894/754/140 1724/1895/761/140
f 1819/1990/807/152 1820/1991/808/152 1821/1992/803/152
f 1820/1991/808/152 1822/1993/809/152 1821/1992/803/152
f 1821/1992/803/152 1822/1993/809/152 1823/1994/810/152
f 1824/1995/811/152 1825/1996/809/152 1826/1997/803/152
f 1825/1996/809/152 1827/1998/812/152 1826/1997/803/152
f 1828/1999/813/152 1829/2000/803/152 1830/2001/810/152
f 1875/2046/839/156 1876/2047/840/156 1877/2048/835/156
f 1876/2047/840/156 1878/2049/841/156 1877/2048/835/156
f 1877/2048/835/156 1878/2049/841/156 1879/2050/842/156
f 1880/2051/843/156 1881/2052/841/156 1882/2053/835/156
f 1881/2052/841/156 1883/2054/844/156 1882/2053/835/156
f 1884/2055/845/156 1885/2056/835/156 1886/2057/842/156
usemtl cliff01
s off
f 709/823/271/49 710/824/272/49 711/825/273/49 712/826/271/49
f 713/827/274/49 710/824/275/49 714/828/276/49 715/829/274/49
f 716/830/277/49 717/831/277/49 718/832/277/49 719/833/277/49
f 720/834/278/49 721/835/279/49 709/823/279/49 722/836/280/49
f 710/824/272/49 713/827/281/49 723/837/281/49 711/825/273/49
f 718/832/282/49 720/834/278/49 722/836/280/49 719/833/282/49
f 710/824/275/49 709/823/283/49 721/835/283/49 714/828/276/49
f 722/836/284/49 709/823/271/49 712/826/271/49 724/838/284/49
f 725/839/285/49 713/827/286/49 726/840/287/49 727/841/285/49
f 726/840/287/49 713/827/286/49 715/829/288/49
f 728/842/289/49 729/843/290/49 725/839/291/49
f 729/843/290/49 723/837/292/49 725/839/291/49
f 723/837/293/49 729/843/294/49 711/825/295/49
f 729/843/294/49 712/826/296/49 711/825/295/49
f 727/841/297/49 716/830/298/49 728/842/299/49
f 716/830/298/49 719/833/300/49 728/842/299/49
f 719/844/301/49 722/845/301/49 728/842/301/49
f 727/841/302/49 728/842/302/49 725/839/302/49
f 728/846/303/49 724/847/303/49 729/848/303/49
f 724/838/304/49 712/826/304/49 729/843/304/49
f 728/842/305/49 722/849/305/49 724/850/305/49
f 713/827/306/49 725/839/306/49 723/837/306/49
f 727/841/307/49 717/831/307/49 716/830/307/49
usemtl beach01
s off
f 1001/1189/418/68 1002/1190/418/68 1003/1191/418/68
f 1002/1190/418/68 1004/1192/418/68 1003/1191/418/68
f 1005/1193/418/68 1004/1192/418/68 1002/1190/418/68
f 1121/1309/472/82 1122/1310/472/82 1123/1311/472/82
f 1122/1310/472/82 1124/1312/472/82 1123/1311/472/82
f 1125/1313/472/82 1124/1312/472/82 1122/1310/472/82
f 1181/1369/505/87 1182/1370/505/87 1183/1371/505/87
f 1182/1370/505/87 1184/1372/505/87 1183/1371/505/87
f 1185/1373/505/87 1184/1372/505/87 1182/1370/505/87
f 1227/1415/533/90 1228/1416/533/90 1229/1417/533/90
f 1228/1416/533/90 1230/1418/533/90 1229/1417/533/90
f 1231/1419/533/90 1230/1418/533/90 1228/1416/533/90
f 1311/1499/575/98 1312/1500/575/98 1313/1501/575/98
f 1312/1500/575/98 1314/1502/575/98 1313/1501/575/98
f 1315/1503/575/98 1314/1502/575/98 1312/1500/575/98
f 1385/1573/613/105 1386/1574/613/105 1387/1575/613/105
f 1386/1574/613/105 1388/1576/613/105 1387/1575/613/105
f 1389/1577/613/105 1388/1576/613/105 1386/1574/613/105
f 1495/1683/663/118 1496/1684/663/118 1497/1685/663/118
f 1496/1684/663/118 1498/1686/663/118 1497/1685/663/118
f 1499/1687/663/118 1498/1686/663/118 1496/1684/663/118
f 1587/1775/707/128 1588/1776/707/128 1589/1777/707/128
f 1588/1776/707/128 1590/1778/707/128 1589/1777/707/128
f 1591/1779/707/128 1590/1778/707/128 1588/1776/707/128
f 1683/1871/752/139 1684/1872/752/139 1685/1873/752/139
f 1684/1872/752/139 1686/1874/752/139 1685/1873/752/139
f 1687/1875/752/139 1686/1874/752/139 1684/1872/752/139
f 1725/1913/779/141 1726/1914/779/141 1727/1915/779/141
f 1726/1914/779/141 1728/1916/779/141 1727/1915/779/141
f 1729/1917/779/141 1728/1916/779/141 1726/1914/779/141
f 1831/2019/828/153 1832/2020/828/153 1833/2021/828/153
f 1832/2020/828/153 1834/2022/828/153 1833/2021/828/153
f 1835/2023/828/153 1834/2022/828/153 1832/2020/828/153
f 1887/2075/860/157 1888/2076/860/157 1889/2077/860/157
f 1888/2076/860/157 1890/2078/860/157 1889/2077/860/157
f 1891/2079/860/157 1890/2078/860/157 1888/2076/860/157
f 1937/2125/886/162 1938/2126/886/162 1939/2127/886/162
f 1938/2126/886/162 1940/2128/886/162 1939/2127/886/162
f 1941/2129/886/162 1940/2128/886/162 1938/2126/886/162
usemtl wallkn_g
s off
f 1006/1172/404/68 1007/1173/405/68 1008/1174/406/68 1009/1175/407/68
f 1010/1176/408/68 1011/1177/409/68 1012/1178/410/68 1013/1179/411/68
f 1011/1177/409/68 1006/1172/404/68 1009/1175/407/68 1012/1178/410/68
f 1027/1198/421/70 1028/1199/422/70 1029/1200/422/70 1030/1201/421/70
f 1028/1199/422/70 1031/1202/423/70 1032/1203/423/70 1029/1200/422/70
f 1033/1204/421/70 1034/1205/421/70 1035/1206/424/70 1036/1207/424/70
f 1041/1212/426/72 1042/1213/427/72 1043/1214/427/72 1044/1215/426/72
f 1042/1213/427/72 1045/1216/428/72 1046/1217/428/72 1043/1214/427/72
f 1047/1218/426/72 1048/1219/426/72 1049/1220/429/72 1050/1221/429/72
f 1055/1226/431/74 1056/1227/432/74 1057/1228/432/74 1058/1229/431/74
f 1056/1227/432/74 1059/1230/433/74 1060/1231/433/74 1057/1228/432/74
f 1061/1232/431/74 1062/1233/431/74 1063/1234/434/74 1064/1235/434/74
f 1069/1240/436/76 1070/1241/437/76 1071/1242/437/76 1072/1243/436/76
f 1070/1241/437/76 1073/1244/438/76 1074/1245/438/76 1071/1242/437/76
f 1075/1246/436/76 1076/1247/436/76 1077/1248/439/76 1078/1249/439/76
f 1087/1258/442/79 1088/1259/443/79 1089/1260/443/79 1090/1261/442/79
f 1088/1259/443/79 1091/1262/444/79 1092/1263/444/79 1089/1260/443/79
f 1093/1264/442/79 1094/1265/442/79 1095/1266/445/79 1096/1267/445/79
f 1126/1292/458/82 1127/1293/459/82 1128/1294/460/82 1129/1295/461/82
f 1130/1296/462/82 1131/1297/463/82 1132/1298/464/82 1133/1299/465/82
f 1131/1297/463/82 1126/1292/458/82 1129/1295/461/82 1132/1298/464/82
f 1151/1322/476/85 1152/1323/477/85 1153/1324/477/85 1154/1325/476/85
f 1152/1323/477/85 1155/1326/478/85 1156/1327/478/85 1153/1324/477/85
f 1157/1328/476/85 1158/1329/476/85 1159/1330/479/85 1160/1331/479/85
f 1186/1352/491/87 1187/1353/492/87 1188/1354/493/87 1189/1355/494/87
f 1190/1356/495/87 1191/1357/496/87 1192/1358/497/87 1193/1359/498/87
f 1191/1357/496/87 1186/1352/491/87 1189/1355/494/87 1192/1358/497/87
f 1232/1398/519/90 1233/1399/520/90 1234/1400/521/90 1235/1401/522/90
f 1236/1402/523/90 1237/1403/524/90 1238/1404/525/90 1239/1405/526/90
f 1237/1403/524/90 1232/1398/519/90 1235/1401/522/90 1238/1404/525/90
f 1253/1424/536/92 1254/1425/537/92 1255/1426/537/92 1256/1427/536/92
f 1254/1425/537/92 1257/1428/538/92 1258/1429/538/92 1255/1426/537/92
f 1259/1430/536/92 1260/1431/536/92 1261/1432/539/92 1262/1433/539/92
f 1271/1442/542/95 1272/1443/543/95 1273/1444/543/95 1274/1445/542/95
f 1272/1443/543/95 1275/1446/544/95 1276/1447/544/95 1273/1444/543/95
f 1277/1448/542/95 1278/1449/542/95 1279/1450/545/95 1280/1451/545/95
f 1316/1482/561/98 1317/1483/562/98 1318/1484/563/98 1319/1485/564/98
f 1320/1486/565/98 1321/1487/566/98 1322/1488/567/98 1323/1489/568/98
f 1321/1487/566/98 1316/1482/561/98 1319/1485/564/98 1322/1488/567/98
f 1337/1508/578/100 1338/1509/579/100 1339/1510/579/100 1340/1511/578/100
f 1338/1509/579/100 1341/1512/580/100 1342/1513/580/100 1339/1510/579/100
f 1343/1514/578/100 1344/1515/578/100 1345/1516/581/100 1346/1517/581/100
f 1351/1522/583/102 1352/1523/584/102 1353/1524/584/102 1354/1525/583/102
f 1352/1523/584/102 1355/1526/585/102 1356/1527/585/102 1353/1524/584/102
f 1357/1528/583/102 1358/1529/583/102 1359/1530/586/102 1360/1531/586/102
f 1390/1556/599/105 1391/1557/600/105 1392/1558/601/105 1393/1559/602/105
f 1394/1560/603/105 1395/1561/604/105 1396/1562/605/105 1397/1563/606/105
f 1395/1561/604/105 1390/1556/599/105 1393/1559/602/105 1396/1562/605/105
f 1407/1578/615/106 1408/1579/616/106 1409/1580/616/106 1410/1581/615/106
f 1408/1579/616/106 1411/1582/617/106 1412/1583/617/106 1409/1580/616/106
f 1413/1584/615/106 1414/1585/615/106 1415/1586/618/106 1416/1587/618/106
f 1433/1604/623/111 1434/1605/624/111 1435/1606/624/111 1436/1607/623/111
f 1434/1605/624/111 1437/1608/625/111 1438/1609/625/111 1435/1606/624/111
f 1439/1610/623/111 1440/1611/623/111 1441/1612/626/111 1442/1613/626/111
f 1451/1622/629/114 1452/1623/630/114 1453/1624/630/114 1454/1625/629/114
f 1452/1623/630/114 1455/1626/631/114 1456/1627/631/114 1453/1624/630/114
f 1457/1628/629/114 1458/1629/629/114 1459/1630/632/114 1460/1631/632/114
f 1465/1636/634/116 1466/1637/635/116 1467/1638/635/116 1468/1639/634/116
f 1466/1637/635/116 1469/1640/636/116 1470/1641/636/116 1467/1638/635/116
f 1471/1642/634/116 1472/1643/634/116 1473/1644/637/116 1474/1645/637/116
f 1500/1666/649/118 1501/1667/650/118 1502/1668/651/118 1503/1669/652/118
f 1504/1670/653/118 1505/1671/654/118 1506/1672/655/118 1507/1673/656/118
f 1505/1671/654/118 1500/1666/649/118 1503/1669/652/118 1506/1672/655/118
f 1525/1696/667/121 1526/1697/668/121 1527/1698/668/121 1528/1699/667/121
f 1526/1697/668/121 1529/1700/669/121 1530/1701/669/121 1527/1698/668/121
f 1531/1702/667/121 1532/1703/667/121 1533/1704/670/121 1534/1705/670/121
f 1539/1710/672/123 1540/1711/673/123 1541/1712/673/123 1542/1713/672/123
f 1540/1711/673/123 1543/1714/674/123 1544/1715/674/123 1541/1712/673/123
f 1545/1716/672/123 1546/1717/672/123 1547/1718/675/123 1548/1719/675/123
f 1553/1724/677/125 1554/1725/678/125 1555/1726/678/125 1556/1727/677/125
f 1554/1725/678/125 1557/1728/679/125 1558/1729/679/125 1555/1726/678/125
f 1559/1730/677/125 1560/1731/677/125 1561/1732/680/125 1562/1733/680/125
f 1592/1758/693/128 1593/1759/694/128 1594/1760/695/128 1595/1761/696/128
f 1596/1762/697/128 1597/1763/698/128 1598/1764/699/128 1599/1765/700/128
f 1597/1763/698/128 1592/1758/693/128 1595/1761/696/128 1598/1764/699/128
f 1617/1788/711/131 1618/1789/712/131 1619/1790/712/131 1620/1791/711/131
f 1618/1789/712/131 1621/1792/713/131 1622/1793/713/131 1619/1790/712/131
f 1623/1794/711/131 1624/1795/711/131 1625/1796/714/131 1626/1797/714/131
f 1639/1810/718/135 1640/1811/719/135 1641/1812/719/135 1642/1813/718/135
f 1640/1811/719/135 1643/1814/720/135 1644/1815/720/135 1641/1812/719/135
f 1645/1816/718/135 1646/1817/718/135 1647/1818/721/135 1648/1819/721/135
f 1688/1854/738/139 1689/1855/739/139 1690/1856/740/139 1691/1857/741/139
f 1692/1858/742/139 1693/1859/743/139 1694/1860/744/139 1695/1861/745/139
f 1693/1859/743/139 1688/1854/738/139 1691/1857/741/139 1694/1860/744/139
f 1730/1896/765/141 1731/1897/766/141 1732/1898/767/141 1733/1899/768/141
f 1734/1900/769/141 1735/1901/770/141 1736/1902/771/141 1737/1903/772/141
f 1735/1901/770/141 1730/1896/765/141 1733/1899/768/141 1736/1902/771/141
f 1751/1922/782/143 1752/1923/783/143 1753/1924/783/143 1754/1925/782/143
f 1752/1923/783/143 1755/1926/784/143 1756/1927/784/143 1753/1924/783/143
f 1757/1928/782/143 1758/1929/782/143 1759/1930/785/143 1760/1931/785/143
f 1761/1932/786/144 1762/1933/787/144 1763/1934/787/144 1764/1935/786/144
f 1762/1933/787/144 1765/1936/788/144 1766/1937/788/144 1763/1934/787/144
f 1767/1938/786/144 1768/1939/786/144 1769/1940/789/144 1770/1941/789/144
f 1779/1950/792/147 1780/1951/793/147 1781/1952/793/147 1782/1953/792/147
f 1780/1951/793/147 1783/1954/794/147 1784/1955/794/147 1781/1952/793/147
f 1785/1956/792/147 1786/1957/792/147 1787/1958/795/147 1788/1959/795/147
f 1797/1968/798/150 1798/1969/799/150 1799/1970/799/150 1800/1971/798/150
f 1798/1969/799/150 1801/1972/800/150 1802/1973/800/150 1799/1970/799/150
f 1803/1974/798/150 1804/1975/798/150 1805/1976/801/150 1806/1977/801/150
f 1836/2002/814/153 1837/2003/815/153 1838/2004/816/153 1839/2005/817/153
f 1840/2006/818/153 1841/2007/819/153 1842/2008/820/153 1843/2009/821/153
f 1841/2007/819/153 1836/2002/814/153 1839/2005/817/153 1842/2008/820/153
f 1853/2024/830/154 1854/2025/831/154 1855/2026/831/154 1856/2027/830/154
f 1854/2025/831/154 1857/2028/832/154 1858/2029/832/154 1855/2026/831/154
f 1859/2030/830/154 1860/2031/830/154 1861/2032/833/154 1862/2033/833/154
f 1892/2058/846/157 1893/2059/847/157 1894/2060/848/157 1895/2061/849/157
f 1896/2062/850/157 1897/2063/851/157 1898/2064/852/157 1899/2065/853/157
f 1897/2063/851/157 1892/2058/846/157 1895/2061/849/157 1898/2064/852/157
f 1913/2084/863/159 1914/2085/864/159 1915/2086/864/159 1916/2087/863/159
f 1914/2085/864/159 1917/2088/865/159 1918/2089/865/159 1915/2086/864/159
f 1919/2090/863/159 1920/2091/863/159 1921/2092/866/159 1922/2093/866/159
f 1942/2108/872/162 1943/2109/873/162 1944/2110/874/162 1945/2111/875/162
f 1946/2112/876/162 1947/2113/877/162 1948/2114/878/162 1949/2115/879/162
f 1947/2113/877/162 1942/2108/872/162 1945/2111/875/162 1948/2114/878/162
f 1014/1180/412/68 1015/1181/413/68 1016/1182/414/68
f 1015/1181/413/68 1017/1183/415/68 1016/1182/414/68
f 1016/1182/414/68 1017/1183/415/68 1018/1184/416/68
f 1017/1183/415/68 1019/1185/417/68 1018/1184/416/68
f 1020/1186/416/68 1021/1187/418/68 1022/1188/419/68
f 1134/1300/466/82 1135/1301/467/82 1136/1302/468/82
f 1135/1301/467/82 1137/1303/469/82 1136/1302/468/82
f 1136/1302/468/82 1137/1303/469/82 1138/1304/470/82
f 1137/1303/469/82 1139/1305/471/82 1138/1304/470/82
f 1140/1306/470/82 1141/1307/472/82 1142/1308/473/82
f 1194/1360/499/87 1195/1361/500/87 1196/1362/501/87
f 1195/1361/500/87 1197/1363/502/87 1196/1362/501/87
f 1196/1362/501/87 1197/1363/502/87 1198/1364/503/87
f 1197/1363/502/87 1199/1365/504/87 1198/1364/503/87
f 1200/1366/503/87 1201/1367/505/87 1202/1368/506/87
f 1240/1406/527/90 1241/1407/528/90 1242/1408/529/90
f 1241/1407/528/90 1243/1409/530/90 1242/1408/529/90
f 1242/1408/529/90 1243/1409/530/90 1244/1410/531/90
f 1243/1409/530/90 1245/1411/532/90 1244/1410/531/90
f 1246/1412/531/90 1247/1413/533/90 1248/1414/534/90
f 1324/1490/569/98 1325/1491/570/98 1326/1492/571/98
f 1325/1491/570/98 1327/1493/572/98 1326/1492/571/98
f 1326/1492/571/98 1327/1493/572/98 1328/1494/573/98
f 1327/1493/572/98 1329/1495/574/98 1328/1494/573/98
f 1330/1496/573/98 1331/1497/575/98 1332/1498/576/98
f 1398/1564/607/105 1399/1565/608/105 1400/1566/609/105
f 1399/1565/608/105 1401/1567/610/105 1400/1566/609/105
f 1400/1566/609/105 1401/1567/610/105 1402/1568/611/105
f 1401/1567/610/105 1403/1569/612/105 1402/1568/611/105
f 1404/1570/611/105 1405/1571/613/105 1406/1572/614/105
f 1508/1674/657/118 1509/1675/658/118 1510/1676/659/118
f 1509/1675/658/118 1511/1677/660/118 1510/1676/659/118
f 1510/1676/659/118 1511/1677/660/118 1512/1678/661/118
f 1511/1677/660/118 1513/1679/662/118 1512/1678/661/118
f 1514/1680/661/118 1515/1681/663/118 1516/1682/664/118
f 1600/1766/701/128 1601/1767/702/128 1602/1768/703/128
f 1601/1767/702/128 1603/1769/704/128 1602/1768/703/128
f 1602/1768/703/128 1603/1769/704/128 1604/1770/705/128
f 1603/1769/704/128 1605/1771/706/128 1604/1770/705/128
f 1606/1772/705/128 1607/1773/707/128 1608/1774/708/128
f 1696/1862/746/139 1697/1863/747/139 1698/1864/748/139
f 1697/1863/747/139 1699/1865/749/139 1698/1864/748/139
f 1698/1864/748/139 1699/1865/749/139 1700/1866/750/139
f 1699/1865/749/139 1701/1867/751/139 1700/1866/750/139
f 1702/1868/750/139 1703/1869/752/139 1704/1870/753/139
f 1738/1904/773/141 1739/1905/774/141 1740/1906/775/141
f 1739/1905/774/141 1741/1907/776/141 1740/1906/775/141
f 1740/1906/775/141 1741/1907/776/141 1742/1908/777/141
f 1741/1907/776/141 1743/1909/778/141 1742/1908/777/141
f 1744/1910/777/141 1745/1911/779/141 1746/1912/780/141
f 1844/2010/822/153 1845/2011/823/153 1846/2012/824/153
f 1845/2011/823/153 1847/2013/825/153 1846/2012/824/153
f 1846/2012/824/153 1847/2013/825/153 1848/2014/826/153
f 1847/2013/825/153 1849/2015/827/153 1848/2014/826/153
f 1850/2016/826/153 1851/2017/828/153 1852/2018/829/153
f 1900/2066/854/157 1901/2067/855/157 1902/2068/856/157
f 1901/2067/855/157 1903/2069/857/157 1902/2068/856/157
f 1902/2068/856/157 1903/2069/857/157 1904/2070/858/157
f 1903/2069/857/157 1905/2071/859/157 1904/2070/858/157
f 1906/2072/858/157 1907/2073/860/157 1908/2074/861/157
f 1950/2116/880/162 1951/2117/881/162 1952/2118/882/162
f 1951/2117/881/162 1953/2119/883/162 1952/2118/882/162
f 1952/2118/882/162 1953/2119/883/162 1954/2120/884/162
f 1953/2119/883/162 1955/2121/885/162 1954/2120/884/162
f 1956/2122/884/162 1957/2123/886/162 1958/2124/887/162
usemtl file2Material
s off
f 343/400/135/24 344/401/136/24 345/402/137/24 346/403/135/24
f 347/404/138/24 344/401/139/24 348/405/140/24 349/406/138/24
f 350/407/141/24 351/408/141/24 352/409/141/24 353/410/141/24
f 354/411/142/24 355/412/143/24 343/400/143/24 356/413/144/24
f 344/401/136/24 347/404/145/24 357/414/145/24 345/402/137/24
f 352/409/146/24 354/411/142/24 356/413/144/24 353/410/146/24
f 344/401/139/24 343/400/147/24 355/412/147/24 348/405/140/24
f 356/413/148/24 343/400/135/24 346/403/135/24 358/415/148/24
f 359/416/149/24 347/404/150/24 360/417/151/24 361/418/149/24
f 360/417/151/24 347/404/150/24 349/406/152/24
f 362/419/153/24 363/420/154/24 359/416/155/24
f 363/420/154/24 357/414/156/24 359/416/155/24
f 357/414/157/24 363/420/158/24 345/402/159/24
f 363/420/158/24 346/403/160/24 345/402/159/24
f 361/418/161/24 350/407/162/24 362/419/163/24
f 350/407/162/24 353/410/164/24 362/419/163/24
f 353/421/165/24 356/422/165/24 362/419/165/24
f 361/418/166/24 362/419/166/24 359/416/166/24
f 362/423/167/24 358/424/167/24 363/425/167/24
f 358/415/168/24 346/403/168/24 363/420/168/24
f 362/419/169/24 356/426/169/24 358/427/169/24
f 347/404/170/24 359/416/170/24 357/414/170/24
f 361/418/171/24 351/408/171/24 350/407/171/24
usemtl ga_s_futa
s off
f 309/347/97/23 310/348/98/23 311/349/99/23 312/350/97/23
f 313/351/100/23 310/348/101/23 314/352/102/23 315/353/100/23
f 316/354/103/23 317/355/103/23 318/356/103/23 319/357/103/23
f 320/358/104/23 321/359/105/23 309/347/105/23 322/360/106/23
f 310/348/98/23 313/351/107/23 323/361/107/23 311/349/99/23
f 318/356/108/23 320/358/104/23 322/360/106/23 319/357/108/23
f 310/348/101/23 309/347/109/23 321/359/109/23 314/352/102/23
f 322/360/110/23 309/347/97/23 312/350/97/23 324/362/110/23
f 325/363/111/23 313/351/112/23 326/364/113/23 327/365/111/23
f 567/662/224/39 568/663/225/39 569/664/226/39 570/665/224/39
f 571/666/227/39 568/663/228/39 572/667/229/39 573/668/227/39
f 574/669/230/39 575/670/230/39 576/671/230/39 577/672/230/39
f 578/673/231/39 579/674/232/39 567/662/232/39 580/675/233/39
f 568/663/225/39 571/666/234/39 581/676/234/39 569/664/226/39
f 576/671/235/39 578/673/231/39 580/675/233/39 577/672/235/39
f 568/663/228/39 567/662/236/39 579/674/236/39 572/667/229/39
f 580/675/237/39 567/662/224/39 570/665/224/39 582/677/237/39
f 583/678/238/39 571/666/239/39 584/679/240/39 585/680/238/39
f 326/364/113/23 313/351/112/23 315/353/114/23
f 328/366/115/23 329/367/116/23 325/363/117/23
f 329/367/116/23 323/361/118/23 325/363/117/23
f 323/361/119/23 329/367/120/23 311/349/121/23
f 329/367/120/23 312/350/122/23 311/349/121/23
f 327/365/123/23 316/354/124/23 328/366/125/23
f 316/354/124/23 319/357/126/23 328/366/125/23
f 319/368/127/23 322/369/127/23 328/366/127/23
f 327/365/128/23 328/366/128/23 325/363/128/23
f 328/370/129/23 324/371/129/23 329/372/129/23
f 324/362/130/23 312/350/130/23 329/367/130/23
f 328/366/131/23 322/373/131/23 324/374/131/23
f 313/351/132/23 325/363/132/23 323/361/132/23
f 327/365/133/23 317/355/133/23 316/354/133/23
f 584/679/240/39 571/666/239/39 573/668/241/39
f 586/681/242/39 587/682/243/39 583/678/244/39
f 587/682/243/39 581/676/245/39 583/678/244/39
f 581/676/246/39 587/682/247/39 569/664/248/39
f 587/682/247/39 570/665/249/39 569/664/248/39
f 585/680/250/39 574/669/251/39 586/681/252/39
f 574/669/251/39 577/672/253/39 586/681/252/39
f 577/683/254/39 580/684/254/39 586/681/254/39
f 585/680/255/39 586/681/255/39 583/678/255/39
f 586/685/256/39 582/686/256/39 587/687/256/39
f 582/677/257/39 570/665/257/39 587/682/257/39
f 586/681/258/39 580/688/258/39 582/689/258/39
f 571/666/259/39 583/678/259/39 581/676/259/39
f 585/680/260/39 575/670/260/39 574/669/260/39
usemtl ga_s01a_TRANS
s off
f 22/29/38/1 23/30/38/1 24/31/38/1
f 24/32/38/1 23/30/38/1 25/33/38/1
f 25/34/38/1 23/30/38/1 26/35/38/1
f 26/36/38/1 23/30/38/1 27/37/38/1
f 27/38/38/1 23/30/38/1 28/39/38/1
f 28/40/38/1 23/30/38/1 29/41/38/1
f 29/42/38/1 23/30/38/1 30/43/38/1
f 30/44/38/1 23/30/38/1 31/45/38/1
f 31/46/38/1 23/30/38/1 32/47/38/1
f 32/48/38/1 23/30/38/1 33/49/38/1
f 33/50/38/1 23/30/38/1 34/51/38/1
f 34/52/38/1 23/30/38/1 22/53/38/1
f 68/94/77/3 69/95/77/3 70/96/77/3
f 70/97/77/3 69/95/77/3 71/98/77/3
f 71/99/77/3 69/95/77/3 72/100/77/3
f 72/101/77/3 69/95/77/3 73/102/77/3
f 73/103/77/3 69/95/77/3 74/104/77/3
f 74/105/77/3 69/95/77/3 75/106/77/3
f 75/107/77/3 69/95/77/3 76/108/77/3
f 76/109/77/3 69/95/77/3 77/110/77/3
f 77/111/77/3 69/95/77/3 78/112/77/3
f 78/113/77/3 69/95/77/3 79/114/77/3
f 79/115/77/3 69/95/77/3 80/116/77/3
f 80/117/77/3 69/95/77/3 68/118/77/3
f 330/375/134/23 331/376/134/23 332/377/134/23
f 332/378/134/23 331/376/134/23 333/379/134/23
f 333/380/134/23 331/376/134/23 334/381/134/23
f 334/382/134/23 331/376/134/23 335/383/134/23
f 335/384/134/23 331/376/134/23 336/385/134/23
f 336/386/134/23 331/376/134/23 337/387/134/23
f 337/388/134/23 331/376/134/23 338/389/134/23
f 338/390/134/23 331/376/134/23 339/391/134/23
f 339/392/134/23 331/376/134/23 340/393/134/23
f 340/394/134/23 331/376/134/23 341/395/134/23
f 341/396/134/23 331/376/134/23 342/397/134/23
f 342/398/134/23 331/376/134/23 330/399/134/23
f 364/428/172/24 365/429/172/24 366/430/172/24
f 366/431/172/24 365/429/172/24 367/432/172/24
f 367/433/172/24 365/429/172/24 368/434/172/24
f 368/435/172/24 365/429/172/24 369/436/172/24
f 369/437/172/24 365/429/172/24 370/438/172/24
f 370/439/172/24 365/429/172/24 371/440/172/24
f 371/441/172/24 365/429/172/24 372/442/172/24
f 372/443/172/24 365/429/172/24 373/444/172/24
f 373/445/172/24 365/429/172/24 374/446/172/24
f 374/447/172/24 365/429/172/24 375/448/172/24
f 375/449/172/24 365/429/172/24 376/450/172/24
f 376/451/172/24 365/429/172/24 364/452/172/24
f 482/565/217/32 483/566/217/32 484/567/217/32
f 484/568/217/32 483/566/217/32 485/569/217/32
f 485/570/217/32 483/566/217/32 486/571/217/32
f 486/572/217/32 483/566/217/32 487/573/217/32
f 487/574/217/32 483/566/217/32 488/575/217/32
f 488/576/217/32 483/566/217/32 489/577/217/32
f 489/578/217/32 483/566/217/32 490/579/217/32
f 490/580/217/32 483/566/217/32 491/581/217/32
f 491/582/217/32 483/566/217/32 492/583/217/32
f 492/584/217/32 483/566/217/32 493/585/217/32
f 493/586/217/32 483/566/217/32 494/587/217/32
f 494/588/217/32 483/566/217/32 482/589/217/32
f 588/690/261/39 589/691/261/39 590/692/261/39
f 590/693/261/39 589/691/261/39 591/694/261/39
f 591/695/261/39 589/691/261/39 592/696/261/39
f 592/697/261/39 589/691/261/39 593/698/261/39
f 593/699/261/39 589/691/261/39 594/700/261/39
f 594/701/261/39 589/691/261/39 595/702/261/39
f 595/703/261/39 589/691/261/39 596/704/261/39
f 596/705/261/39 589/691/261/39 597/706/261/39
f 597/707/261/39 589/691/261/39 598/708/261/39
f 598/709/261/39 589/691/261/39 599/710/261/39
f 599/711/261/39 589/691/261/39 600/712/261/39
f 600/713/261/39 589/691/261/39 588/714/261/39
f 730/851/308/49 731/852/308/49 732/853/308/49
f 732/854/308/49 731/852/308/49 733/855/308/49
f 733/856/308/49 731/852/308/49 734/857/308/49
f 734/858/308/49 731/852/308/49 735/859/308/49
f 735/860/308/49 731/852/308/49 736/861/308/49
f 736/862/308/49 731/852/308/49 737/863/308/49
f 737/864/308/49 731/852/308/49 738/865/308/49
f 738/866/308/49 731/852/308/49 739/867/308/49
f 739/868/308/49 731/852/308/49 740/869/308/49
f 740/870/308/49 731/852/308/49 741/871/308/49
f 741/872/308/49 731/852/308/49 742/873/308/49
f 742/874/308/49 731/852/308/49 730/875/308/49
f 932/1072/360/64 933/1073/360/64 934/1074/360/64
f 934/1075/360/64 933/1073/360/64 935/1076/360/64
f 935/1077/360/64 933/1073/360/64 936/1078/360/64
f 936/1079/360/64 933/1073/360/64 937/1080/360/64
f 937/1081/360/64 933/1073/360/64 938/1082/360/64
f 938/1083/360/64 933/1073/360/64 939/1084/360/64
f 939/1085/360/64 933/1073/360/64 940/1086/360/64
f 940/1087/360/64 933/1073/360/64 941/1088/360/64
f 941/1089/360/64 933/1073/360/64 942/1090/360/64
f 942/1091/360/64 933/1073/360/64 943/1092/360/64
f 943/1093/360/64 933/1073/360/64 944/1094/360/64
f 944/1095/360/64 933/1073/360/64 932/1096/360/64
f 978/1137/399/66 979/1138/399/66 980/1139/399/66
f 980/1140/399/66 979/1138/399/66 981/1141/399/66
f 981/1142/399/66 979/1138/399/66 982/1143/399/66
f 982/1144/399/66 979/1138/399/66 983/1145/399/66
f 983/1146/399/66 979/1138/399/66 984/1147/399/66
f 984/1148/399/66 979/1138/399/66 985/1149/399/66
f 985/1150/399/66 979/1138/399/66 986/1151/399/66
f 986/1152/399/66 979/1138/399/66 987/1153/399/66
f 987/1154/399/66 979/1138/399/66 988/1155/399/66
f 988/1156/399/66 979/1138/399/66 989/1157/399/66
f 989/1158/399/66 979/1138/399/66 990/1159/399/66
f 990/1160/399/66 979/1138/399/66 978/1161/399/66
