Item_ID,Item_Name,Price,Sell_Price,Hold_Effect,Hold_Effect_Param,Fling_Power,Fling_Effect,Prevent_Toss,Selectable,Field_Use_Func,Battle_Use_Func,Shop_Locations,Given_At_Locations
68,ITEM_BLACK_FLUTE,400,200,0,50,30,0,FALSE,FALSE,19,0,,
69,ITEM_WHITE_FLUTE,500,250,0,150,30,0,FALSE,FALSE,19,0,,
70,ITEM_SHOAL_SALT,20,10,0,0,30,0,FALSE,FALSE,0,0,,
71,ITEM_SHOAL_SHELL,20,10,0,0,30,0,FALSE,FALSE,0,0,,
72,ITEM_RED_SHARD,200,100,0,0,30,0,FALSE,FALSE,0,0,,
73,ITEM_BLUE_SHARD,200,100,0,0,30,0,FALSE,FALSE,0,0,,
74,ITEM_YELLOW_SHARD,200,100,0,0,30,0,FALSE,FALSE,0,0,,
75,ITEM_GREEN_SHARD,200,100,0,0,30,0,FALSE,FALSE,0,0,,
76,ITEM_SUPER_REPEL,500,250,0,200,30,0,FALSE,FALSE,19,0,DEPART 1 F2 (H#0169) [Goldenrod Department Lower2 F] | DEPART 2 F2 (H#0448) [Celadon Department Lower2 F] | Badge Mart (unlocks at 3 badges),
77,ITEM_MAX_REPEL,700,350,0,250,30,0,FALSE,FALSE,19,0,DEPART 1 F2 (H#0169) [Goldenrod Department Lower2 F] | DEPART 2 F2 (H#0448) [Celadon Department Lower2 F] | Badge Mart (unlocks at 5 badges),
78,ITEM_ESCAPE_ROPE,550,275,0,0,30,0,FALSE,FALSE,21,0,DEPART 1 F2 (H#0169) [Goldenrod Department Lower2 F] | DEPART 2 F2 (H#0448) [Celadon Department Lower2 F] | Badge Mart (unlocks at 1 badge),
79,ITEM_REPEL,350,175,0,100,30,0,FALSE,FALSE,19,0,DEPART 1 F2 (H#0169) [Goldenrod Department Lower2 F] | RADE F2 LIBRY (H#0372) [Mt Moon Square] | DEPART 2 F2 (H#0448) [Celadon Department Lower2 F] | D02FS0101 (H#0518) [Mt Moon Square] | Badge Mart (unlocks at 1 badge),
80,ITEM_SUN_STONE,3000,1500,0,0,30,0,FALSE,FALSE,20,0,,
81,ITEM_MOON_STONE,3000,1500,0,0,30,0,FALSE,FALSE,20,0,,
82,ITEM_FIRE_STONE,3000,1500,0,0,30,0,FALSE,FALSE,20,0,,
83,ITEM_THUNDER_STONE,3000,1500,0,0,30,0,FALSE,FALSE,20,0,,
84,ITEM_WATER_STONE,3000,1500,0,0,30,0,FALSE,FALSE,20,0,,
85,ITEM_LEAF_STONE,3000,1500,0,0,30,0,FALSE,FALSE,20,0,,
86,ITEM_TINY_MUSHROOM,1000,500,0,0,30,0,FALSE,FALSE,0,0,,
87,ITEM_BIG_MUSHROOM,10000,5000,0,0,30,0,FALSE,FALSE,0,0,,
88,ITEM_PEARL,4000,2000,0,0,30,0,FALSE,FALSE,0,0,,
89,ITEM_BIG_PEARL,16000,8000,0,0,30,0,FALSE,FALSE,0,0,,
90,ITEM_STARDUST,6000,3000,0,0,30,0,FALSE,FALSE,0,0,,
91,ITEM_STAR_PIECE,24000,12000,0,0,30,0,FALSE,FALSE,0,0,,
92,ITEM_NUGGET,20000,10000,0,0,30,0,FALSE,FALSE,0,0,,- (H#0263)
93,ITEM_HEART_SCALE,100,50,0,0,30,0,FALSE,FALSE,0,0,,
94,ITEM_HONEY,900,450,0,0,30,0,FALSE,FALSE,14,0,,
95,ITEM_GROWTH_MULCH,200,100,0,0,30,0,FALSE,FALSE,0,0,,
96,ITEM_DAMP_MULCH,200,100,0,0,30,0,FALSE,FALSE,0,0,,
97,ITEM_STABLE_MULCH,200,100,0,0,30,0,FALSE,FALSE,0,0,,
98,ITEM_GOOEY_MULCH,200,100,0,0,30,0,FALSE,FALSE,0,0,,
99,ITEM_ROOT_FOSSIL,1000,500,0,0,100,0,FALSE,FALSE,0,0,,
100,ITEM_CLAW_FOSSIL,1000,500,0,0,100,0,FALSE,FALSE,0,0,,
101,ITEM_HELIX_FOSSIL,1000,500,0,0,100,0,FALSE,FALSE,0,0,,
102,ITEM_DOME_FOSSIL,1000,500,0,0,100,0,FALSE,FALSE,0,0,,
103,ITEM_OLD_AMBER,1000,500,0,0,100,0,FALSE,FALSE,0,0,,
104,ITEM_ARMOR_FOSSIL,1000,500,0,0,100,0,FALSE,FALSE,0,0,,
105,ITEM_SKULL_FOSSIL,1000,500,0,0,100,0,FALSE,FALSE,0,0,,
106,ITEM_RARE_BONE,10000,5000,0,0,100,0,FALSE,FALSE,0,0,,
107,ITEM_SHINY_STONE,3000,1500,0,0,80,0,FALSE,FALSE,20,0,,
108,ITEM_DUSK_STONE,3000,1500,0,0,80,0,FALSE,FALSE,20,0,,
109,ITEM_DAWN_STONE,3000,1500,0,0,80,0,FALSE,FALSE,20,0,,
110,ITEM_OVAL_STONE,2000,1000,0,0,80,0,FALSE,FALSE,20,0,,
111,ITEM_ODD_KEYSTONE,2100,1050,0,0,80,0,FALSE,FALSE,0,0,,
112,ITEM_GRISEOUS_ORB,10000,5000,0,20,60,0,FALSE,FALSE,0,0,,
114,ITEM_UNKNOWN_72,0,0,0,0,0,0,FALSE,FALSE,0,0,,
116,ITEM_DOUSE_DRIVE,1000,500,0,0,70,0,FALSE,FALSE,0,0,,
117,ITEM_SHOCK_DRIVE,1000,500,0,0,70,0,FALSE,FALSE,0,0,,
118,ITEM_BURN_DRIVE,1000,500,0,0,70,0,FALSE,FALSE,0,0,,
119,ITEM_CHILL_DRIVE,1000,500,0,0,70,0,FALSE,FALSE,0,0,,
120,ITEM_UNKNOWN_78,0,0,0,0,0,0,FALSE,FALSE,0,0,,
121,ITEM_POKEMON_BOX,0,0,0,0,0,0,FALSE,FALSE,0,0,,
122,ITEM_UNKNOWN_7A,0,0,0,0,0,0,FALSE,FALSE,0,0,,
123,ITEM_UNKNOWN_7B,0,0,0,0,0,0,FALSE,FALSE,0,0,,
124,ITEM_UNKNOWN_7C,0,0,0,0,0,0,FALSE,FALSE,0,0,,
125,ITEM_UNKNOWN_7D,0,0,0,0,0,0,FALSE,FALSE,0,0,,
126,ITEM_UNKNOWN_7E,0,0,0,0,0,0,FALSE,FALSE,0,0,,
127,ITEM_UNKNOWN_7F,0,0,0,0,0,0,FALSE,FALSE,0,0,,
128,ITEM_UNKNOWN_80,0,0,0,0,0,0,FALSE,FALSE,0,0,,
129,ITEM_UNKNOWN_81,0,0,0,0,0,0,FALSE,FALSE,0,0,,
130,ITEM_UNKNOWN_82,0,0,0,0,0,0,FALSE,FALSE,0,0,,
131,ITEM_UNKNOWN_83,0,0,0,0,0,0,FALSE,FALSE,0,0,,
132,ITEM_UNKNOWN_84,0,0,0,0,0,0,FALSE,FALSE,0,0,,
133,ITEM_UNKNOWN_85,0,0,0,0,0,0,FALSE,FALSE,0,0,,
135,ITEM_ADAMANT_ORB,10000,5000,0,20,60,0,FALSE,FALSE,0,0,,
136,ITEM_LUSTROUS_ORB,10000,5000,0,20,60,0,FALSE,FALSE,0,0,,
213,ITEM_BRIGHT_POWDER,30000,15000,0,10,10,0,FALSE,FALSE,0,0,,A HQ1 F4 (H#0064) | A HQ1 F4 (H#0182) | D HQ1 F4 (H#0188)
214,ITEM_WHITE_HERB,20000,10000,0,0,10,24,FALSE,FALSE,0,0,,
215,ITEM_MACHO_BRACE,3000,1500,0,0,60,0,FALSE,FALSE,0,0,,
216,ITEM_EXP_SHARE,3000,1500,0,0,30,0,FALSE,FALSE,0,0,,
217,ITEM_QUICK_CLAW,8000,4000,0,20,80,0,FALSE,FALSE,0,0,,RADE F3 LIBRY (H#0373)
218,ITEM_SOOTHE_BELL,5000,2500,0,0,10,0,FALSE,FALSE,0,0,,
219,ITEM_MENTAL_HERB,10000,5000,0,0,10,25,FALSE,FALSE,0,0,,
220,ITEM_CHOICE_BAND,100000,50000,0,0,10,0,FALSE,FALSE,0,0,,
221,ITEM_KINGS_ROCK,10000,5000,0,10,30,26,FALSE,FALSE,0,0,,WELL CAVE F4 (H#0148)
222,ITEM_SILVER_POWDER,3000,1500,0,20,10,0,FALSE,FALSE,0,0,,
223,ITEM_AMULET_COIN,30000,15000,0,10,30,0,FALSE,FALSE,0,0,,
224,ITEM_CLEANSE_TAG,5000,2500,0,0,30,0,FALSE,FALSE,0,0,,R05R0401 (H#0517)
225,ITEM_SOUL_DEW,200,100,0,0,30,0,FALSE,FALSE,0,0,,
226,ITEM_DEEP_SEA_TOOTH,200,100,0,0,90,0,FALSE,FALSE,0,0,,
227,ITEM_DEEP_SEA_SCALE,200,100,0,0,30,0,FALSE,FALSE,0,0,,
228,ITEM_SMOKE_BALL,15000,7500,0,0,30,0,FALSE,FALSE,0,0,,
229,ITEM_EVERSTONE,3000,1500,0,0,30,0,FALSE,FALSE,0,0,,MAUN 09 LAB01 (H#0019)
230,ITEM_FOCUS_BAND,10000,5000,0,10,10,0,FALSE,FALSE,0,0,,
231,ITEM_LUCKY_EGG,10000,5000,0,0,30,0,FALSE,FALSE,0,0,,
232,ITEM_SCOPE_LENS,15000,7500,0,0,30,0,FALSE,FALSE,0,0,,
233,ITEM_METAL_COAT,3000,1500,0,20,30,0,FALSE,FALSE,0,0,,BOAT 06 (H#0101)
234,ITEM_LEFTOVERS,20000,10000,0,10,10,0,FALSE,FALSE,0,0,,
235,ITEM_DRAGON_SCALE,2100,1050,0,10,30,0,FALSE,FALSE,0,0,,
236,ITEM_LIGHT_BALL,1000,500,0,0,30,27,FALSE,FALSE,0,0,,
237,ITEM_SOFT_SAND,3000,1500,0,20,10,0,FALSE,FALSE,0,0,,
238,ITEM_HARD_STONE,3000,1500,0,20,100,0,FALSE,FALSE,0,0,,ULURU 4 A1 (H#0346) | ULURU 4 A2 (H#0347) | ULURU 4 A3 (H#0350)
239,ITEM_MIRACLE_SEED,3000,1500,0,20,30,0,FALSE,FALSE,0,0,,
240,ITEM_BLACK_GLASSES,3000,1500,0,20,30,0,FALSE,FALSE,0,0,,NAVEL EAST 01 (H#0041)
241,ITEM_BLACK_BELT,3000,1500,0,20,30,0,FALSE,FALSE,0,0,,
242,ITEM_MAGNET,3000,1500,0,20,30,0,FALSE,FALSE,0,0,,SPEAR PLR 1 (H#0348) | SPEAR PLR 2 (H#0349)
243,ITEM_MYSTIC_WATER,3000,1500,0,20,30,0,FALSE,FALSE,0,0,,
244,ITEM_SHARP_BEAK,3000,1500,0,20,50,0,FALSE,FALSE,0,0,,
245,ITEM_POISON_BARB,3000,1500,0,20,70,28,FALSE,FALSE,0,0,,
246,ITEM_NEVER_MELT_ICE,3000,1500,0,20,30,0,FALSE,FALSE,0,0,,
247,ITEM_SPELL_TAG,3000,1500,0,20,30,0,FALSE,FALSE,0,0,,DEPART 2 ROOM (H#0454)
248,ITEM_TWISTED_SPOON,3000,1500,0,20,30,0,FALSE,FALSE,0,0,,ULURU 2 A1 (H#0315) | ULURU 2 A2 (H#0316)
249,ITEM_CHARCOAL,3000,1500,0,20,30,0,FALSE,FALSE,0,0,,
250,ITEM_DRAGON_FANG,3000,1500,0,20,70,0,FALSE,FALSE,0,0,,
251,ITEM_SILK_SCARF,3000,1500,0,20,10,0,FALSE,FALSE,0,0,,
252,ITEM_UP_GRADE,2100,1050,0,0,30,0,FALSE,FALSE,0,0,,ROTOM TOWER (H#0197)
253,ITEM_SHELL_BELL,20000,10000,0,8,30,0,FALSE,FALSE,0,0,,
254,ITEM_SEA_INCENSE,9600,4800,0,20,10,0,FALSE,FALSE,0,0,,
255,ITEM_LAX_INCENSE,9600,4800,0,10,10,0,FALSE,FALSE,0,0,,
256,ITEM_LUCKY_PUNCH,10,5,0,0,40,0,FALSE,FALSE,0,0,,
257,ITEM_METAL_POWDER,10,5,0,0,10,0,FALSE,FALSE,0,0,,
258,ITEM_THICK_CLUB,500,250,0,0,90,0,FALSE,FALSE,0,0,,
259,ITEM_LEEK,200,100,0,0,60,0,FALSE,FALSE,0,0,,
260,ITEM_RED_SCARF,100,50,0,0,10,0,FALSE,FALSE,0,0,,
261,ITEM_BLUE_SCARF,100,50,0,0,10,0,FALSE,FALSE,0,0,,
262,ITEM_PINK_SCARF,100,50,0,0,10,0,FALSE,FALSE,0,0,,
263,ITEM_GREEN_SCARF,100,50,0,0,10,0,FALSE,FALSE,0,0,,
264,ITEM_YELLOW_SCARF,100,50,0,0,10,0,FALSE,FALSE,0,0,,
265,ITEM_WIDE_LENS,20000,10000,0,10,10,0,FALSE,FALSE,0,0,,
266,ITEM_MUSCLE_BAND,8000,4000,0,10,10,0,FALSE,FALSE,0,0,,
267,ITEM_WISE_GLASSES,8000,4000,0,10,10,0,FALSE,FALSE,0,0,,
268,ITEM_EXPERT_BELT,30000,15000,0,20,10,0,FALSE,FALSE,0,0,,
269,ITEM_LIGHT_CLAY,20000,10000,0,3,30,0,FALSE,FALSE,0,0,,
270,ITEM_LIFE_ORB,50000,25000,0,30,30,0,FALSE,FALSE,0,0,,
271,ITEM_POWER_HERB,30000,15000,0,0,10,0,FALSE,FALSE,0,0,,SHALLOW C 1 (H#0338) | SHALLOW C 2 (H#0339) | SHALLOW C 3 (H#0340) | SHALLOW C 4 (H#0341)
272,ITEM_TOXIC_ORB,15000,7500,0,0,30,29,FALSE,FALSE,0,0,,
273,ITEM_FLAME_ORB,15000,7500,0,0,30,30,FALSE,FALSE,0,0,,
274,ITEM_QUICK_POWDER,10,5,0,0,10,0,FALSE,FALSE,0,0,,
275,ITEM_FOCUS_SASH,50000,25000,0,0,10,0,FALSE,FALSE,0,0,,
276,ITEM_ZOOM_LENS,10000,5000,0,20,10,0,FALSE,FALSE,0,0,,
277,ITEM_METRONOME,15000,7500,0,10,30,0,FALSE,FALSE,0,0,,
278,ITEM_IRON_BALL,20000,10000,0,0,130,0,FALSE,FALSE,0,0,,
279,ITEM_LAGGING_TAIL,20000,10000,0,0,10,0,FALSE,FALSE,0,0,,
280,ITEM_DESTINY_KNOT,20000,10000,0,0,10,0,FALSE,FALSE,0,0,,
281,ITEM_BLACK_SLUDGE,10000,5000,0,16,30,0,FALSE,FALSE,0,0,,
282,ITEM_ICY_ROCK,8000,4000,0,3,40,0,FALSE,FALSE,0,0,,
283,ITEM_SMOOTH_ROCK,8000,4000,0,3,10,0,FALSE,FALSE,0,0,,
284,ITEM_HEAT_ROCK,8000,4000,0,3,60,0,FALSE,FALSE,0,0,,
285,ITEM_DAMP_ROCK,8000,4000,0,3,60,0,FALSE,FALSE,0,0,,
286,ITEM_GRIP_CLAW,10000,5000,0,0,90,0,FALSE,FALSE,0,0,,
287,ITEM_CHOICE_SCARF,100000,50000,0,0,10,0,FALSE,FALSE,0,0,,
288,ITEM_STICKY_BARB,10000,5000,0,8,80,0,FALSE,FALSE,0,0,,
289,ITEM_POWER_BRACER,10000,5000,0,4,70,0,FALSE,FALSE,0,0,,
290,ITEM_POWER_BELT,10000,5000,0,4,70,0,FALSE,FALSE,0,0,,
291,ITEM_POWER_LENS,10000,5000,0,4,70,0,FALSE,FALSE,0,0,,
292,ITEM_POWER_BAND,10000,5000,0,4,70,0,FALSE,FALSE,0,0,,
293,ITEM_POWER_ANKLET,10000,5000,0,4,70,0,FALSE,FALSE,0,0,,
294,ITEM_POWER_WEIGHT,10000,5000,0,4,70,0,FALSE,FALSE,0,0,,
295,ITEM_SHED_SHELL,20000,10000,0,0,10,0,FALSE,FALSE,0,0,,
296,ITEM_BIG_ROOT,10000,5000,0,30,10,0,FALSE,FALSE,0,0,,
297,ITEM_CHOICE_SPECS,100000,50000,0,0,10,0,FALSE,FALSE,0,0,,
298,ITEM_FLAME_PLATE,1000,500,0,20,90,0,FALSE,FALSE,0,0,,
299,ITEM_SPLASH_PLATE,1000,500,0,20,90,0,FALSE,FALSE,0,0,,
300,ITEM_ZAP_PLATE,1000,500,0,20,90,0,FALSE,FALSE,0,0,,
301,ITEM_MEADOW_PLATE,1000,500,0,20,90,0,FALSE,FALSE,0,0,,
302,ITEM_ICICLE_PLATE,1000,500,0,20,90,0,FALSE,FALSE,0,0,,
303,ITEM_FIST_PLATE,1000,500,0,20,90,0,FALSE,FALSE,0,0,,
304,ITEM_TOXIC_PLATE,1000,500,0,20,90,0,FALSE,FALSE,0,0,,
305,ITEM_EARTH_PLATE,1000,500,0,20,90,0,FALSE,FALSE,0,0,,
306,ITEM_SKY_PLATE,1000,500,0,20,90,0,FALSE,FALSE,0,0,,
307,ITEM_MIND_PLATE,1000,500,0,20,90,0,FALSE,FALSE,0,0,,
308,ITEM_INSECT_PLATE,1000,500,0,20,90,0,FALSE,FALSE,0,0,,
309,ITEM_STONE_PLATE,1000,500,0,20,90,0,FALSE,FALSE,0,0,,
310,ITEM_SPOOKY_PLATE,1000,500,0,20,90,0,FALSE,FALSE,0,0,,
311,ITEM_DRACO_PLATE,1000,500,0,20,90,0,FALSE,FALSE,0,0,,
312,ITEM_DREAD_PLATE,1000,500,0,20,90,0,FALSE,FALSE,0,0,,
313,ITEM_IRON_PLATE,1000,500,0,20,90,0,FALSE,FALSE,0,0,,
314,ITEM_ODD_INCENSE,9600,4800,0,20,10,0,FALSE,FALSE,0,0,,
315,ITEM_ROCK_INCENSE,9600,4800,0,20,10,0,FALSE,FALSE,0,0,,
316,ITEM_FULL_INCENSE,9600,4800,0,0,10,0,FALSE,FALSE,0,0,,
317,ITEM_WAVE_INCENSE,9600,4800,0,20,10,0,FALSE,FALSE,0,0,,
318,ITEM_ROSE_INCENSE,9600,4800,0,20,10,0,FALSE,FALSE,0,0,,
319,ITEM_LUCK_INCENSE,9600,4800,0,10,10,0,FALSE,FALSE,0,0,,
320,ITEM_PURE_INCENSE,9600,4800,0,0,10,0,FALSE,FALSE,0,0,,
321,ITEM_PROTECTOR,2100,1050,0,0,80,0,FALSE,FALSE,0,0,,
322,ITEM_ELECTIRIZER,2100,1050,0,0,80,0,FALSE,FALSE,0,0,,
323,ITEM_MAGMARIZER,2100,1050,0,0,80,0,FALSE,FALSE,0,0,,
324,ITEM_DUBIOUS_DISC,2100,1050,0,0,50,0,FALSE,FALSE,0,0,,
325,ITEM_REAPER_CLOTH,4000,2000,0,0,10,0,FALSE,FALSE,0,0,,
326,ITEM_RAZOR_CLAW,15000,7500,0,0,80,0,FALSE,FALSE,0,0,,
327,ITEM_RAZOR_FANG,4000,2000,0,10,30,26,FALSE,FALSE,0,0,,
428,ITEM_EXPLORER_KIT,0,0,0,0,0,0,FALSE,FALSE,0,0,,
485,ITEM_RED_APRICORN,200,100,0,0,0,0,TRUE,FALSE,0,0,,
486,ITEM_YELLOW_APRICORN,200,100,0,0,0,0,TRUE,FALSE,0,0,,
487,ITEM_BLUE_APRICORN,200,100,0,0,0,0,TRUE,FALSE,0,0,,
488,ITEM_GREEN_APRICORN,200,100,0,0,0,0,TRUE,FALSE,0,0,,
489,ITEM_PINK_APRICORN,200,100,0,0,0,0,TRUE,FALSE,0,0,,
490,ITEM_WHITE_APRICORN,200,100,0,0,0,0,TRUE,FALSE,0,0,,
491,ITEM_BLACK_APRICORN,200,100,0,0,0,0,TRUE,FALSE,0,0,,
505,ITEM_DATA_CARD_01,0,0,0,0,0,0,TRUE,FALSE,0,0,,
506,ITEM_DATA_CARD_02,0,0,0,0,0,0,TRUE,FALSE,0,0,,
507,ITEM_DATA_CARD_03,0,0,0,0,0,0,TRUE,FALSE,0,0,,
508,ITEM_DATA_CARD_04,0,0,0,0,0,0,TRUE,FALSE,0,0,,
509,ITEM_DATA_CARD_05,0,0,0,0,0,0,TRUE,FALSE,0,0,,
510,ITEM_DATA_CARD_06,0,0,0,0,0,0,TRUE,FALSE,0,0,,
511,ITEM_DATA_CARD_07,0,0,0,0,0,0,TRUE,FALSE,0,0,,
512,ITEM_DATA_CARD_08,0,0,0,0,0,0,TRUE,FALSE,0,0,,
513,ITEM_DATA_CARD_09,0,0,0,0,0,0,TRUE,FALSE,0,0,,
514,ITEM_DATA_CARD_10,0,0,0,0,0,0,TRUE,FALSE,0,0,,
515,ITEM_DATA_CARD_11,0,0,0,0,0,0,TRUE,FALSE,0,0,,
516,ITEM_DATA_CARD_12,0,0,0,0,0,0,TRUE,FALSE,0,0,,
517,ITEM_DATA_CARD_13,0,0,0,0,0,0,TRUE,FALSE,0,0,,
518,ITEM_DATA_CARD_14,0,0,0,0,0,0,TRUE,FALSE,0,0,,
519,ITEM_DATA_CARD_15,0,0,0,0,0,0,TRUE,FALSE,0,0,,
520,ITEM_DATA_CARD_16,0,0,0,0,0,0,TRUE,FALSE,0,0,,
521,ITEM_DATA_CARD_17,0,0,0,0,0,0,TRUE,FALSE,0,0,,
522,ITEM_DATA_CARD_18,0,0,0,0,0,0,TRUE,FALSE,0,0,,
523,ITEM_DATA_CARD_19,0,0,0,0,0,0,TRUE,FALSE,0,0,,
524,ITEM_DATA_CARD_20,0,0,0,0,0,0,TRUE,FALSE,0,0,,
525,ITEM_DATA_CARD_21,0,0,0,0,0,0,TRUE,FALSE,0,0,,
526,ITEM_DATA_CARD_22,0,0,0,0,0,0,TRUE,FALSE,0,0,,
527,ITEM_DATA_CARD_23,0,0,0,0,0,0,TRUE,FALSE,0,0,,
528,ITEM_DATA_CARD_24,0,0,0,0,0,0,TRUE,FALSE,0,0,,
529,ITEM_DATA_CARD_25,0,0,0,0,0,0,TRUE,FALSE,0,0,,
530,ITEM_DATA_CARD_26,0,0,0,0,0,0,TRUE,FALSE,0,0,,
531,ITEM_DATA_CARD_27,0,0,0,0,0,0,TRUE,FALSE,0,0,,
537,ITEM_PRISM_SCALE,3000,1500,0,0,30,0,FALSE,FALSE,0,0,,
538,ITEM_EVIOLITE,50000,25000,0,0,30,0,FALSE,FALSE,0,0,,
539,ITEM_FLOAT_STONE,10000,5000,0,0,30,0,FALSE,FALSE,0,0,,
540,ITEM_ROCKY_HELMET,50000,25000,0,6,30,0,FALSE,FALSE,0,0,,
541,ITEM_AIR_BALLOON,15000,7500,0,0,30,0,FALSE,FALSE,0,0,,
542,ITEM_RED_CARD,30000,15000,0,0,30,0,FALSE,FALSE,0,0,,
543,ITEM_RING_TARGET,10000,5000,0,0,30,0,FALSE,FALSE,0,0,,
544,ITEM_BINDING_BAND,20000,10000,0,0,30,0,FALSE,FALSE,0,0,,
545,ITEM_ABSORB_BULB,5000,2500,0,0,30,0,FALSE,FALSE,0,0,,
546,ITEM_CELL_BATTERY,5000,2500,0,0,30,0,FALSE,FALSE,0,0,,
547,ITEM_EJECT_BUTTON,30000,15000,0,0,30,0,FALSE,FALSE,0,0,,
548,ITEM_FIRE_GEM,200,100,0,0,30,0,FALSE,FALSE,0,0,,
549,ITEM_WATER_GEM,200,100,0,0,30,0,FALSE,FALSE,0,0,,
550,ITEM_ELECTRIC_GEM,200,100,0,0,30,0,FALSE,FALSE,0,0,,
551,ITEM_GRASS_GEM,200,100,0,0,30,0,FALSE,FALSE,0,0,,
552,ITEM_ICE_GEM,200,100,0,0,30,0,FALSE,FALSE,0,0,,
553,ITEM_FIGHTING_GEM,200,100,0,0,30,0,FALSE,FALSE,0,0,,
554,ITEM_POISON_GEM,200,100,0,0,30,0,FALSE,FALSE,0,0,,
555,ITEM_GROUND_GEM,200,100,0,0,30,0,FALSE,FALSE,0,0,,
556,ITEM_FLYING_GEM,200,100,0,0,30,0,FALSE,FALSE,0,0,,
557,ITEM_PSYCHIC_GEM,200,100,0,0,30,0,FALSE,FALSE,0,0,,
558,ITEM_BUG_GEM,200,100,0,0,30,0,FALSE,FALSE,0,0,,
559,ITEM_ROCK_GEM,200,100,0,0,30,0,FALSE,FALSE,0,0,,
560,ITEM_GHOST_GEM,200,100,0,0,30,0,FALSE,FALSE,0,0,,
561,ITEM_DRAGON_GEM,200,100,0,0,30,0,FALSE,FALSE,0,0,,
562,ITEM_DARK_GEM,200,100,0,0,30,0,FALSE,FALSE,0,0,,
563,ITEM_STEEL_GEM,200,100,0,0,30,0,FALSE,FALSE,0,0,,
564,ITEM_NORMAL_GEM,15000,7500,0,0,30,0,FALSE,FALSE,0,0,,
565,ITEM_HEALTH_FEATHER,300,150,0,0,30,0,FALSE,FALSE,0,0,,
566,ITEM_MUSCLE_FEATHER,300,150,0,0,30,0,FALSE,FALSE,0,0,,
567,ITEM_RESIST_FEATHER,300,150,0,0,30,0,FALSE,FALSE,0,0,,
568,ITEM_GENIUS_FEATHER,300,150,0,0,30,0,FALSE,FALSE,0,0,,
569,ITEM_CLEVER_FEATHER,300,150,0,0,30,0,FALSE,FALSE,0,0,,
570,ITEM_SWIFT_FEATHER,300,150,0,0,30,0,FALSE,FALSE,0,0,,
571,ITEM_PRETTY_FEATHER,2000,1000,0,0,30,0,FALSE,FALSE,0,0,,
572,ITEM_COVER_FOSSIL,1000,500,0,0,100,0,FALSE,FALSE,0,0,,
573,ITEM_PLUME_FOSSIL,1000,500,0,0,100,0,FALSE,FALSE,0,0,,
574,ITEM_LIBERTY_PASS,0,0,0,0,0,0,FALSE,FALSE,0,0,,
575,ITEM_PASS_ORB,0,0,0,0,0,0,FALSE,FALSE,0,0,,
577,ITEM_POKE_TOY,0,0,0,0,0,0,FALSE,FALSE,0,0,,
578,ITEM_PROP_CASE,0,0,0,0,0,0,FALSE,FALSE,0,0,,
579,ITEM_DRAGON_SKULL,0,0,0,0,0,0,FALSE,FALSE,0,0,,
580,ITEM_BALM_MUSHROOM,30000,15000,0,0,30,0,FALSE,FALSE,0,0,,
581,ITEM_BIG_NUGGET,80000,40000,0,0,130,0,FALSE,FALSE,0,0,,
582,ITEM_PEARL_STRING,40000,20000,0,0,30,0,FALSE,FALSE,0,0,,
583,ITEM_COMET_SHARD,50000,25000,0,0,30,0,FALSE,FALSE,0,0,,
584,ITEM_RELIC_COPPER,0,0,0,0,30,0,FALSE,FALSE,0,0,,
585,ITEM_RELIC_SILVER,0,0,0,0,30,0,FALSE,FALSE,0,0,,
586,ITEM_RELIC_GOLD,0,0,0,0,30,0,FALSE,FALSE,0,0,,
587,ITEM_RELIC_VASE,0,0,0,0,30,0,FALSE,FALSE,0,0,,
588,ITEM_RELIC_BAND,0,0,0,0,30,0,FALSE,FALSE,0,0,,
589,ITEM_RELIC_STATUE,0,0,0,0,30,0,FALSE,FALSE,0,0,,
590,ITEM_RELIC_CROWN,0,0,0,0,30,0,FALSE,FALSE,0,0,,
592,ITEM_DIRE_HIT_2,0,0,0,0,0,0,FALSE,FALSE,0,0,,
593,ITEM_X_SPEED_2,0,0,0,0,0,0,FALSE,FALSE,0,0,,
594,ITEM_X_SP_ATK_2,0,0,0,0,0,0,FALSE,FALSE,0,0,,
595,ITEM_X_SP_DEF_2,0,0,0,0,0,0,FALSE,FALSE,0,0,,
596,ITEM_X_DEFENSE_2,0,0,0,0,0,0,FALSE,FALSE,0,0,,
597,ITEM_X_ATTACK_2,0,0,0,0,0,0,FALSE,FALSE,0,0,,
598,ITEM_X_ACCURACY_2,0,0,0,0,0,0,FALSE,FALSE,0,0,,
599,ITEM_X_SPEED_3,0,0,0,0,0,0,FALSE,FALSE,0,0,,
600,ITEM_X_SP_ATK_3,0,0,0,0,0,0,FALSE,FALSE,0,0,,
601,ITEM_X_SP_DEF_3,0,0,0,0,0,0,FALSE,FALSE,0,0,,
602,ITEM_X_DEFENSE_3,0,0,0,0,0,0,FALSE,FALSE,0,0,,
603,ITEM_X_ATTACK_3,0,0,0,0,0,0,FALSE,FALSE,0,0,,
604,ITEM_X_ACCURACY_3,0,0,0,0,0,0,FALSE,FALSE,0,0,,
605,ITEM_X_SPEED_6,0,0,0,0,0,0,FALSE,FALSE,0,0,,
606,ITEM_X_SP_ATK_6,0,0,0,0,0,0,FALSE,FALSE,0,0,,
607,ITEM_X_SP_DEF_6,0,0,0,0,0,0,FALSE,FALSE,0,0,,
608,ITEM_X_DEFENSE_6,0,0,0,0,0,0,FALSE,FALSE,0,0,,
609,ITEM_X_ATTACK_6,0,0,0,0,0,0,FALSE,FALSE,0,0,,
610,ITEM_X_ACCURACY_6,0,0,0,0,0,0,FALSE,FALSE,0,0,,
611,ITEM_ABILITY_URGE,0,0,0,0,0,0,FALSE,FALSE,0,0,,
612,ITEM_ITEM_DROP,0,0,0,0,0,0,FALSE,FALSE,0,0,,
613,ITEM_ITEM_URGE,0,0,0,0,0,0,FALSE,FALSE,0,0,,
614,ITEM_RESET_URGE,0,0,0,0,0,0,FALSE,FALSE,0,0,,
615,ITEM_DIRE_HIT_3,0,0,0,0,0,0,FALSE,FALSE,0,0,,
621,ITEM_XTRANSCEIVER_BW,0,0,0,0,0,0,FALSE,FALSE,0,0,,
622,ITEM_UNKNOWN_622,0,0,0,0,0,0,FALSE,FALSE,0,0,,
623,ITEM_GRAM_1,0,0,0,0,0,0,FALSE,FALSE,0,0,,
624,ITEM_GRAM_2,0,0,0,0,0,0,FALSE,FALSE,0,0,,
625,ITEM_GRAM_3,0,0,0,0,0,0,FALSE,FALSE,0,0,,
626,ITEM_XTRANSCEIVER_BW2,0,0,0,0,0,0,FALSE,FALSE,0,0,,
627,ITEM_MEDAL_BOX,0,0,0,0,0,0,FALSE,FALSE,0,0,,
629,ITEM_DNA_SPLICERS_UNFUSE,0,0,0,0,0,0,FALSE,FALSE,0,0,,
630,ITEM_PERMIT,0,0,0,0,0,0,FALSE,FALSE,0,0,,
633,ITEM_PLASMA_CARD,0,0,0,0,0,0,FALSE,FALSE,0,0,,
634,ITEM_GRUBBY_HANKY,0,0,0,0,0,0,FALSE,FALSE,0,0,,
635,ITEM_COLRESS_MACHINE,0,0,0,0,0,0,FALSE,FALSE,0,0,,
636,ITEM_DROPPED_ITEM_CURTIS,0,0,0,0,0,0,FALSE,FALSE,0,0,,
637,ITEM_DROPPED_ITEM_YANCY,0,0,0,0,0,0,FALSE,FALSE,0,0,,
639,ITEM_WEAKNESS_POLICY,50000,25000,0,0,30,0,FALSE,FALSE,0,0,,
640,ITEM_ASSAULT_VEST,50000,25000,0,50,30,0,FALSE,FALSE,0,0,,
641,ITEM_HOLO_CASTER_MALE,0,0,0,0,0,0,FALSE,FALSE,0,0,,
642,ITEM_PROFS_LETTER,0,0,0,0,0,0,FALSE,FALSE,0,0,,
643,ITEM_ROLLER_SKATES,0,0,0,0,0,0,FALSE,FALSE,0,0,,
644,ITEM_PIXIE_PLATE,1000,500,0,20,90,0,FALSE,FALSE,0,0,,
646,ITEM_WHIPPED_DREAM,2100,1050,0,0,80,0,FALSE,FALSE,0,0,,
647,ITEM_SACHET,2100,1050,0,0,30,0,FALSE,FALSE,0,0,,
648,ITEM_LUMINOUS_MOSS,5000,2500,0,0,30,0,FALSE,FALSE,0,0,,
649,ITEM_SNOWBALL,5000,2500,0,0,30,0,FALSE,FALSE,0,0,,
650,ITEM_SAFETY_GOGGLES,20000,10000,0,0,30,0,FALSE,FALSE,0,0,,
651,ITEM_POKE_FLUTE,0,0,0,0,0,0,FALSE,FALSE,0,0,,
652,ITEM_RICH_MULCH,0,0,0,0,0,0,FALSE,FALSE,0,0,,
653,ITEM_SURPRISE_MULCH,0,0,0,0,0,0,FALSE,FALSE,0,0,,
654,ITEM_BOOST_MULCH,0,0,0,0,0,0,FALSE,FALSE,0,0,,
655,ITEM_AMAZE_MULCH,0,0,0,0,0,0,FALSE,FALSE,0,0,,
656,ITEM_GENGARITE,0,0,0,0,0,0,FALSE,FALSE,0,0,,TROO 05 GYM08 (H#0414)
657,ITEM_GARDEVOIRITE,0,0,0,0,0,0,FALSE,FALSE,0,0,,
658,ITEM_AMPHAROSITE,0,0,0,0,0,0,FALSE,FALSE,0,0,,DALI 04 GYM06 (H#0303)
659,ITEM_VENUSAURITE,0,0,0,0,0,0,FALSE,FALSE,0,0,,
660,ITEM_CHARIZARDITE_X,0,0,0,0,0,0,FALSE,FALSE,0,0,,
661,ITEM_BLASTOISINITE,0,0,0,0,0,0,FALSE,FALSE,0,0,,
662,ITEM_MEWTWONITE_X,0,0,0,0,0,0,FALSE,FALSE,0,0,,
663,ITEM_MEWTWONITE_Y,0,0,0,0,0,0,FALSE,FALSE,0,0,,
664,ITEM_BLAZIKENITE,0,0,0,0,0,0,FALSE,FALSE,0,0,,BAIR 04 GYM05 (H#0254)
665,ITEM_MEDICHAMITE,0,0,0,0,0,0,FALSE,FALSE,0,0,,MELT 04 GYM02 (H#0111)
666,ITEM_HOUNDOOMINITE,0,0,0,0,0,0,FALSE,FALSE,0,0,,BAIR 04 GYM05 (H#0254)
667,ITEM_AGGRONITE,0,0,0,0,0,0,FALSE,FALSE,0,0,,
668,ITEM_BANETTITE,0,0,0,0,0,0,FALSE,FALSE,0,0,,TROO 05 GYM08 (H#0414)
669,ITEM_TYRANITARITE,0,0,0,0,0,0,FALSE,FALSE,0,0,,
670,ITEM_SCIZORITE,0,0,0,0,0,0,FALSE,FALSE,0,0,,
671,ITEM_PINSIRITE,0,0,0,0,0,0,FALSE,FALSE,0,0,,RADE 05 GYM07 (H#0360)
672,ITEM_AERODACTYLITE,0,0,0,0,0,0,FALSE,FALSE,0,0,,
673,ITEM_LUCARIONITE,0,0,0,0,0,0,FALSE,FALSE,0,0,,
674,ITEM_ABOMASITE,0,0,0,0,0,0,FALSE,FALSE,0,0,,DANB 05 GYM03 (H#0141)
675,ITEM_KANGASKHANITE,0,0,0,0,0,0,FALSE,FALSE,0,0,,
676,ITEM_GYARADOSITE,0,0,0,0,0,0,FALSE,FALSE,0,0,,SYDT 04 GYM04 (H#0167)
677,ITEM_ABSOLITE,0,0,0,0,0,0,FALSE,FALSE,0,0,,
678,ITEM_CHARIZARDITE_Y,0,0,0,0,0,0,FALSE,FALSE,0,0,,
679,ITEM_ALAKAZITE,0,0,0,0,0,0,FALSE,FALSE,0,0,,
680,ITEM_HERACRONITE,0,0,0,0,0,0,FALSE,FALSE,0,0,,MELT 04 GYM02 (H#0111)
681,ITEM_MAWILITE,0,0,0,0,0,0,FALSE,FALSE,0,0,,
682,ITEM_MANECTITE,0,0,0,0,0,0,FALSE,FALSE,0,0,,
683,ITEM_GARCHOMPITE,0,0,0,0,0,0,FALSE,FALSE,0,0,,
684,ITEM_LATIASITE,0,0,0,0,0,0,FALSE,FALSE,0,0,,
685,ITEM_LATIOSITE,0,0,0,0,0,0,FALSE,FALSE,0,0,,
687,ITEM_KEE_BERRY,80,40,0,0,30,0,FALSE,FALSE,0,0,,
688,ITEM_MARANGA_BERRY,80,40,0,0,30,0,FALSE,FALSE,0,0,,
689,ITEM_SPRINKLOTAD,0,0,0,0,0,0,FALSE,FALSE,0,0,,
695,ITEM_POWER_PLANT_PASS,0,0,0,0,0,0,FALSE,FALSE,0,0,,
697,ITEM_INTRIGUING_STONE,0,0,0,0,0,0,FALSE,FALSE,0,0,,
698,ITEM_COMMON_STONE,0,0,0,0,0,0,FALSE,FALSE,0,0,,
699,ITEM_DISCOUNT_COUPON,0,0,0,0,0,0,FALSE,FALSE,0,0,,
700,ITEM_ELEVATOR_KEY,0,0,0,0,0,0,FALSE,FALSE,0,0,,
701,ITEM_TMV_PASS,0,0,0,0,0,0,FALSE,FALSE,0,0,,
702,ITEM_HONOR_OF_KALOS,0,0,0,0,0,0,FALSE,FALSE,0,0,,
703,ITEM_ADVENTURE_GUIDE,0,0,0,0,0,0,FALSE,FALSE,0,0,,
704,ITEM_STRANGE_SOUVENIR,0,0,0,0,0,0,FALSE,FALSE,0,0,,
705,ITEM_LENS_CASE,0,0,0,0,0,0,FALSE,FALSE,0,0,,
706,ITEM_MAKEUP_BAG,0,0,0,0,0,0,FALSE,FALSE,0,0,,
707,ITEM_TRAVEL_TRUNK,0,0,0,0,0,0,FALSE,FALSE,0,0,,
710,ITEM_JAW_FOSSIL,1000,500,0,0,100,0,FALSE,FALSE,0,0,,
711,ITEM_SAIL_FOSSIL,1000,500,0,0,100,0,FALSE,FALSE,0,0,,
712,ITEM_LOOKER_TICKET,0,0,0,0,0,0,FALSE,FALSE,0,0,,
713,ITEM_BIKE_XY,0,0,0,0,0,0,FALSE,FALSE,0,0,,
714,ITEM_HOLO_CASTER_FEMALE,0,0,0,0,0,0,FALSE,FALSE,0,0,,
715,ITEM_FAIRY_GEM,200,100,0,0,30,0,FALSE,FALSE,0,0,,
716,ITEM_MEGA_CHARM,0,0,0,0,0,0,FALSE,FALSE,0,0,,
717,ITEM_MEGA_GLOVE,0,0,0,0,0,0,FALSE,FALSE,0,0,,
718,ITEM_MACH_BIKE,0,0,0,0,0,0,FALSE,FALSE,0,0,,
719,ITEM_ACRO_BIKE,0,0,0,0,0,0,FALSE,FALSE,0,0,,
720,ITEM_WAILMER_PAIL,0,0,0,0,0,0,FALSE,FALSE,0,0,,
721,ITEM_DEVON_PARTS,0,0,0,0,0,0,FALSE,FALSE,0,0,,
722,ITEM_SOOT_SACK,0,0,0,0,0,0,FALSE,FALSE,0,0,,
723,ITEM_BASEMENT_KEY_ORAS,0,0,0,0,0,0,FALSE,FALSE,0,0,,
724,ITEM_POKEBLOCK_KIT,0,0,0,0,0,0,FALSE,FALSE,0,0,,
725,ITEM_LETTER,0,0,0,0,0,0,FALSE,FALSE,0,0,,
726,ITEM_EON_TICKET,0,0,0,0,0,0,FALSE,FALSE,0,0,,
727,ITEM_SCANNER,0,0,0,0,0,0,FALSE,FALSE,0,0,,
728,ITEM_GO_GOGGLES,0,0,0,0,0,0,FALSE,FALSE,0,0,,
729,ITEM_METEORITE_ORAS_DEFAULT,0,0,0,0,0,0,FALSE,FALSE,0,0,,
730,ITEM_KEY_TO_ROOM_1,0,0,0,0,0,0,FALSE,FALSE,0,0,,
731,ITEM_KEY_TO_ROOM_2,0,0,0,0,0,0,FALSE,FALSE,0,0,,
732,ITEM_KEY_TO_ROOM_4,0,0,0,0,0,0,FALSE,FALSE,0,0,,
733,ITEM_KEY_TO_ROOM_6,0,0,0,0,0,0,FALSE,FALSE,0,0,,
734,ITEM_STORAGE_KEY_HOENN,0,0,0,0,0,0,FALSE,FALSE,0,0,,
735,ITEM_DEVON_SCOPE,0,0,0,0,0,0,FALSE,FALSE,0,0,,
736,ITEM_SS_TICKET_ORAS,0,0,0,0,0,0,FALSE,FALSE,0,0,,
738,ITEM_DEVON_SCUBA_GEAR,0,0,0,0,0,0,FALSE,FALSE,0,0,,
739,ITEM_CONTEST_COSTUME_MALE,0,0,0,0,0,0,FALSE,FALSE,0,0,,
740,ITEM_CONTEST_COSTUME_FEMALE,0,0,0,0,0,0,FALSE,FALSE,0,0,,
741,ITEM_MAGMA_SUIT,0,0,0,0,0,0,FALSE,FALSE,0,0,,
742,ITEM_AQUA_SUIT,0,0,0,0,0,0,FALSE,FALSE,0,0,,
743,ITEM_PAIR_OF_TICKETS,0,0,0,0,0,0,FALSE,FALSE,0,0,,
744,ITEM_MEGA_BRACELET,0,0,0,0,0,0,FALSE,FALSE,0,0,,
745,ITEM_MEGA_PENDANT,0,0,0,0,0,0,FALSE,FALSE,0,0,,
746,ITEM_MEGA_GLASSES,0,0,0,0,0,0,FALSE,FALSE,0,0,,
747,ITEM_MEGA_ANCHOR,0,0,0,0,0,0,FALSE,FALSE,0,0,,
748,ITEM_MEGA_STICKPIN,0,0,0,0,0,0,FALSE,FALSE,0,0,,
749,ITEM_MEGA_TIARA,0,0,0,0,0,0,FALSE,FALSE,0,0,,
750,ITEM_MEGA_ANKLET,0,0,0,0,0,0,FALSE,FALSE,0,0,,
751,ITEM_METEORITE_ORAS_SECOND,0,0,0,0,0,0,FALSE,FALSE,0,0,,
752,ITEM_SWAMPERTITE,0,0,0,0,0,0,FALSE,FALSE,0,0,,SYDT 04 GYM04 (H#0167)
753,ITEM_SCEPTILITE,0,0,0,0,0,0,FALSE,FALSE,0,0,,DANB 05 GYM03 (H#0141)
754,ITEM_SABLENITE,0,0,0,0,0,0,FALSE,FALSE,0,0,,
755,ITEM_ALTARIANITE,0,0,0,0,0,0,FALSE,FALSE,0,0,,
756,ITEM_GALLADITE,0,0,0,0,0,0,FALSE,FALSE,0,0,,
757,ITEM_AUDINITE,0,0,0,0,0,0,FALSE,FALSE,0,0,,
758,ITEM_METAGROSSITE,0,0,0,0,0,0,FALSE,FALSE,0,0,,
759,ITEM_SHARPEDONITE,0,0,0,0,0,0,FALSE,FALSE,0,0,,
760,ITEM_SLOWBRONITE,0,0,0,0,0,0,FALSE,FALSE,0,0,,
761,ITEM_STEELIXITE,0,0,0,0,0,0,FALSE,FALSE,0,0,,
762,ITEM_PIDGEOTITE,0,0,0,0,0,0,FALSE,FALSE,0,0,,
763,ITEM_GLALITITE,0,0,0,0,0,0,FALSE,FALSE,0,0,,
764,ITEM_DIANCITE,0,0,0,0,0,0,FALSE,FALSE,0,0,,
766,ITEM_MEGA_CUFF,0,0,0,0,0,0,FALSE,FALSE,0,0,,
767,ITEM_CAMERUPTITE,0,0,0,0,0,0,FALSE,FALSE,0,0,,
768,ITEM_LOPUNNITE,0,0,0,0,0,0,FALSE,FALSE,0,0,,LOBA 04 GYM01 (H#0060)
769,ITEM_SALAMENCITE,0,0,0,0,0,0,FALSE,FALSE,0,0,,
770,ITEM_BEEDRILLITE,0,0,0,0,0,0,FALSE,FALSE,0,0,,
771,ITEM_METEORITE_ORAS_THIRD,0,0,0,0,0,0,FALSE,FALSE,0,0,,
772,ITEM_METEORITE_ORAS_FINAL,0,0,0,0,0,0,FALSE,FALSE,0,0,,
774,ITEM_METEORITE_SHARD,0,0,0,0,0,0,FALSE,FALSE,0,0,,
775,ITEM_EON_FLUTE,0,0,0,0,0,0,FALSE,FALSE,0,0,,
776,ITEM_NORMALIUM_Z_HELD,0,0,0,0,0,0,FALSE,FALSE,0,0,,
777,ITEM_FIRIUM_Z_HELD,0,0,0,0,0,0,FALSE,FALSE,0,0,,
778,ITEM_WATERIUM_Z_HELD,0,0,0,0,0,0,FALSE,FALSE,0,0,,
779,ITEM_ELECTRIUM_Z_HELD,0,0,0,0,0,0,FALSE,FALSE,0,0,,
780,ITEM_GRASSIUM_Z_HELD,0,0,0,0,0,0,FALSE,FALSE,0,0,,
781,ITEM_ICIUM_Z_HELD,0,0,0,0,0,0,FALSE,FALSE,0,0,,
782,ITEM_FIGHTINIUM_Z_HELD,0,0,0,0,0,0,FALSE,FALSE,0,0,,
783,ITEM_POISONIUM_Z_HELD,0,0,0,0,0,0,FALSE,FALSE,0,0,,
784,ITEM_GROUNDIUM_Z_HELD,0,0,0,0,0,0,FALSE,FALSE,0,0,,
785,ITEM_FLYINIUM_Z_HELD,0,0,0,0,0,0,FALSE,FALSE,0,0,,
786,ITEM_PSYCHIUM_Z_HELD,0,0,0,0,0,0,FALSE,FALSE,0,0,,
787,ITEM_BUGINIUM_Z_HELD,0,0,0,0,0,0,FALSE,FALSE,0,0,,
788,ITEM_ROCKIUM_Z_HELD,0,0,0,0,0,0,FALSE,FALSE,0,0,,
789,ITEM_GHOSTIUM_Z_HELD,0,0,0,0,0,0,FALSE,FALSE,0,0,,
790,ITEM_DRAGONIUM_Z_HELD,0,0,0,0,0,0,FALSE,FALSE,0,0,,
791,ITEM_DARKINIUM_Z_HELD,0,0,0,0,0,0,FALSE,FALSE,0,0,,
792,ITEM_STEELIUM_Z_HELD,0,0,0,0,0,0,FALSE,FALSE,0,0,,
793,ITEM_FAIRIUM_Z_HELD,0,0,0,0,0,0,FALSE,FALSE,0,0,,
794,ITEM_PIKANIUM_Z_HELD,0,0,0,0,0,0,FALSE,FALSE,0,0,,
795,ITEM_BOTTLE_CAP,20000,10000,0,0,30,0,FALSE,FALSE,0,0,,
796,ITEM_GOLD_BOTTLE_CAP,60000,30000,0,0,30,0,FALSE,FALSE,0,0,,
797,ITEM_Z_RING,0,0,0,0,0,0,FALSE,FALSE,0,0,,
798,ITEM_DECIDIUM_Z_HELD,0,0,0,0,0,0,FALSE,FALSE,0,0,,
799,ITEM_INCINIUM_Z_HELD,0,0,0,0,0,0,FALSE,FALSE,0,0,,
800,ITEM_PRIMARIUM_Z_HELD,0,0,0,0,0,0,FALSE,FALSE,0,0,,
801,ITEM_TAPUNIUM_Z_HELD,0,0,0,0,0,0,FALSE,FALSE,0,0,,
802,ITEM_MARSHADIUM_Z_HELD,0,0,0,0,0,0,FALSE,FALSE,0,0,,
803,ITEM_ALORAICHIUM_Z_HELD,0,0,0,0,0,0,FALSE,FALSE,0,0,,
804,ITEM_SNORLIUM_Z_HELD,0,0,0,0,0,0,FALSE,FALSE,0,0,,
805,ITEM_EEVIUM_Z_HELD,0,0,0,0,0,0,FALSE,FALSE,0,0,,
806,ITEM_MEWNIUM_Z_HELD,0,0,0,0,0,0,FALSE,FALSE,0,0,,
807,ITEM_NORMALIUM_Z_BAG,0,0,0,0,0,0,FALSE,FALSE,0,0,,
808,ITEM_FIRIUM_Z_BAG,0,0,0,0,0,0,FALSE,FALSE,0,0,,
809,ITEM_WATERIUM_Z_BAG,0,0,0,0,0,0,FALSE,FALSE,0,0,,
810,ITEM_ELECTRIUM_Z_BAG,0,0,0,0,0,0,FALSE,FALSE,0,0,,
811,ITEM_GRASSIUM_Z_BAG,0,0,0,0,0,0,FALSE,FALSE,0,0,,
812,ITEM_ICIUM_Z_BAG,0,0,0,0,0,0,FALSE,FALSE,0,0,,
813,ITEM_FIGHTINIUM_Z_BAG,0,0,0,0,0,0,FALSE,FALSE,0,0,,
814,ITEM_POISONIUM_Z_BAG,0,0,0,0,0,0,FALSE,FALSE,0,0,,
815,ITEM_GROUNDIUM_Z_BAG,0,0,0,0,0,0,FALSE,FALSE,0,0,,
816,ITEM_FLYINIUM_Z_BAG,0,0,0,0,0,0,FALSE,FALSE,0,0,,
817,ITEM_PSYCHIUM_Z_BAG,0,0,0,0,0,0,FALSE,FALSE,0,0,,
818,ITEM_BUGINIUM_Z_BAG,0,0,0,0,0,0,FALSE,FALSE,0,0,,
819,ITEM_ROCKIUM_Z_BAG,0,0,0,0,0,0,FALSE,FALSE,0,0,,
820,ITEM_GHOSTIUM_Z_BAG,0,0,0,0,0,0,FALSE,FALSE,0,0,,
821,ITEM_DRAGONIUM_Z_BAG,0,0,0,0,0,0,FALSE,FALSE,0,0,,
822,ITEM_DARKINIUM_Z_BAG,0,0,0,0,0,0,FALSE,FALSE,0,0,,
823,ITEM_STEELIUM_Z_BAG,0,0,0,0,0,0,FALSE,FALSE,0,0,,
824,ITEM_FAIRIUM_Z_BAG,0,0,0,0,0,0,FALSE,FALSE,0,0,,
825,ITEM_PIKANIUM_Z_BAG,0,0,0,0,0,0,FALSE,FALSE,0,0,,
826,ITEM_DECIDIUM_Z_BAG,0,0,0,0,0,0,FALSE,FALSE,0,0,,
827,ITEM_INCINIUM_Z_BAG,0,0,0,0,0,0,FALSE,FALSE,0,0,,
828,ITEM_PRIMARIUM_Z_BAG,0,0,0,0,0,0,FALSE,FALSE,0,0,,
829,ITEM_TAPUNIUM_Z_BAG,0,0,0,0,0,0,FALSE,FALSE,0,0,,
830,ITEM_MARSHADIUM_Z_BAG,0,0,0,0,0,0,FALSE,FALSE,0,0,,
831,ITEM_ALORAICHIUM_Z_BAG,0,0,0,0,0,0,FALSE,FALSE,0,0,,
832,ITEM_SNORLIUM_Z_BAG,0,0,0,0,0,0,FALSE,FALSE,0,0,,
833,ITEM_EEVIUM_Z_BAG,0,0,0,0,0,0,FALSE,FALSE,0,0,,
834,ITEM_MEWNIUM_Z_BAG,0,0,0,0,0,0,FALSE,FALSE,0,0,,
835,ITEM_PIKASHUNIUM_Z_HELD,0,0,0,0,0,0,FALSE,FALSE,0,0,,
836,ITEM_PIKASHUNIUM_Z_BAG,0,0,0,0,0,0,FALSE,FALSE,0,0,,
837,ITEM_UNKNOWN_837,0,0,0,0,0,0,FALSE,FALSE,0,0,,
838,ITEM_UNKNOWN_838,0,0,0,0,0,0,FALSE,FALSE,0,0,,
839,ITEM_UNKNOWN_839,0,0,0,0,0,0,FALSE,FALSE,0,0,,
840,ITEM_UNKNOWN_840,0,0,0,0,0,0,FALSE,FALSE,0,0,,
841,ITEM_FORAGE_BAG,0,0,0,0,0,0,FALSE,FALSE,0,0,,
842,ITEM_FISHING_ROD_SM,0,0,0,0,0,0,FALSE,FALSE,0,0,,
843,ITEM_PROFESSORS_MASK,0,0,0,0,0,0,FALSE,FALSE,0,0,,
844,ITEM_FESTIVAL_TICKET,0,0,0,0,0,0,FALSE,FALSE,0,0,,
845,ITEM_SPARKLING_STONE,0,0,0,0,0,0,FALSE,FALSE,0,0,,
846,ITEM_ADRENALINE_ORB,5000,2500,0,0,30,0,FALSE,FALSE,0,0,,
848,ITEM_UNKNOWN_848,0,0,0,0,0,0,FALSE,FALSE,0,0,,
849,ITEM_ICE_STONE,3000,1500,0,0,30,0,FALSE,FALSE,20,0,,
850,ITEM_RIDE_PAGER,0,0,0,0,0,0,FALSE,FALSE,0,0,,
853,ITEM_RED_NECTAR,300,150,0,0,10,0,FALSE,FALSE,34,0,,
854,ITEM_YELLOW_NECTAR,300,150,0,0,10,0,FALSE,FALSE,34,0,,
855,ITEM_PINK_NECTAR,300,150,0,0,10,0,FALSE,FALSE,34,0,,
856,ITEM_PURPLE_NECTAR,300,150,0,0,10,0,FALSE,FALSE,34,0,,
859,ITEM_UNKNOWN_859,0,0,0,0,0,0,FALSE,FALSE,0,0,,
860,ITEM_ENIGMATIC_CARD,0,0,0,0,0,0,FALSE,FALSE,0,0,,
861,ITEM_SILVER_RAZZ_BERRY,0,0,0,0,0,0,FALSE,FALSE,0,0,,
862,ITEM_GOLDEN_RAZZ_BERRY,0,0,0,0,0,0,FALSE,FALSE,0,0,,
863,ITEM_SILVER_NANAB_BERRY,0,0,0,0,0,0,FALSE,FALSE,0,0,,
864,ITEM_GOLDEN_NANAB_BERRY,0,0,0,0,0,0,FALSE,FALSE,0,0,,
865,ITEM_SILVER_PINAP_BERRY,0,0,0,0,0,0,FALSE,FALSE,0,0,,
866,ITEM_GOLDEN_PINAP_BERRY,0,0,0,0,0,0,FALSE,FALSE,0,0,,
867,ITEM_UNKNOWN_867,0,0,0,0,0,0,FALSE,FALSE,0,0,,
868,ITEM_UNKNOWN_868,0,0,0,0,0,0,FALSE,FALSE,0,0,,
869,ITEM_UNKNOWN_869,0,0,0,0,0,0,FALSE,FALSE,0,0,,
870,ITEM_UNKNOWN_870,0,0,0,0,0,0,FALSE,FALSE,0,0,,
871,ITEM_UNKNOWN_871,0,0,0,0,0,0,FALSE,FALSE,0,0,,
872,ITEM_SECRET_KEY_LGPE,0,0,0,0,0,0,FALSE,FALSE,0,0,,
873,ITEM_SS_TICKET_LGPE,0,0,0,0,0,0,FALSE,FALSE,0,0,,
875,ITEM_PARCEL_LGPE,0,0,0,0,0,0,FALSE,FALSE,0,0,,
876,ITEM_CARD_KEY_KANTO,0,0,0,0,0,0,FALSE,FALSE,0,0,,
879,ITEM_TERRAIN_EXTENDER,15000,7500,0,3,60,0,FALSE,FALSE,0,0,,
880,ITEM_PROTECTIVE_PADS,15000,7500,0,0,30,0,FALSE,FALSE,0,0,,
881,ITEM_ELECTRIC_SEED,20000,10000,0,0,10,0,FALSE,FALSE,0,0,,
882,ITEM_PSYCHIC_SEED,20000,10000,0,0,10,0,FALSE,FALSE,0,0,,
883,ITEM_MISTY_SEED,20000,10000,0,0,10,0,FALSE,FALSE,0,0,,
884,ITEM_GRASSY_SEED,20000,10000,0,0,10,0,FALSE,FALSE,0,0,,
885,ITEM_STRETCHY_SPRING,0,0,0,0,0,0,FALSE,FALSE,0,0,,
886,ITEM_CHALKY_STONE,0,0,0,0,0,0,FALSE,FALSE,0,0,,
887,ITEM_MARBLE,0,0,0,0,0,0,FALSE,FALSE,0,0,,
888,ITEM_LONE_EARRING,0,0,0,0,0,0,FALSE,FALSE,0,0,,
889,ITEM_BEACH_GLASS,0,0,0,0,0,0,FALSE,FALSE,0,0,,
890,ITEM_GOLD_LEAF,0,0,0,0,0,0,FALSE,FALSE,0,0,,
891,ITEM_SILVER_LEAF,0,0,0,0,0,0,FALSE,FALSE,0,0,,
892,ITEM_POLISHED_MUD_BALL,0,0,0,0,0,0,FALSE,FALSE,0,0,,
893,ITEM_TROPICAL_SHELL,0,0,0,0,0,0,FALSE,FALSE,0,0,,
894,ITEM_LEAF_LETTER_1,0,0,0,0,0,0,FALSE,FALSE,0,0,,
895,ITEM_LEAF_LETTER_2,0,0,0,0,0,0,FALSE,FALSE,0,0,,
896,ITEM_SMALL_BOUQUET,0,0,0,0,0,0,FALSE,FALSE,0,0,,
897,ITEM_UNKNOWN_897,0,0,0,0,0,0,FALSE,FALSE,0,0,,
898,ITEM_UNKNOWN_898,0,0,0,0,0,0,FALSE,FALSE,0,0,,
899,ITEM_UNKNOWN_899,0,0,0,0,0,0,FALSE,FALSE,0,0,,
900,ITEM_LURE,0,0,0,0,0,0,FALSE,FALSE,0,0,,
901,ITEM_SUPER_LURE,0,0,0,0,0,0,FALSE,FALSE,0,0,,
902,ITEM_MAX_LURE,0,0,0,0,0,0,FALSE,FALSE,0,0,,
904,ITEM_FIGHTING_MEMORY,1000,500,0,0,50,0,FALSE,FALSE,0,0,,
905,ITEM_FLYING_MEMORY,1000,500,0,0,50,0,FALSE,FALSE,0,0,,
906,ITEM_POISON_MEMORY,1000,500,0,0,50,0,FALSE,FALSE,0,0,,
907,ITEM_GROUND_MEMORY,1000,500,0,0,50,0,FALSE,FALSE,0,0,,
908,ITEM_ROCK_MEMORY,1000,500,0,0,50,0,FALSE,FALSE,0,0,,
909,ITEM_BUG_MEMORY,1000,500,0,0,50,0,FALSE,FALSE,0,0,,
910,ITEM_GHOST_MEMORY,1000,500,0,0,50,0,FALSE,FALSE,0,0,,
911,ITEM_STEEL_MEMORY,1000,500,0,0,50,0,FALSE,FALSE,0,0,,
912,ITEM_FIRE_MEMORY,1000,500,0,0,50,0,FALSE,FALSE,0,0,,
913,ITEM_WATER_MEMORY,1000,500,0,0,50,0,FALSE,FALSE,0,0,,
914,ITEM_GRASS_MEMORY,1000,500,0,0,50,0,FALSE,FALSE,0,0,,
915,ITEM_ELECTRIC_MEMORY,1000,500,0,0,50,0,FALSE,FALSE,0,0,,
916,ITEM_PSYCHIC_MEMORY,1000,500,0,0,50,0,FALSE,FALSE,0,0,,
917,ITEM_ICE_MEMORY,1000,500,0,0,50,0,FALSE,FALSE,0,0,,
918,ITEM_DRAGON_MEMORY,1000,500,0,0,50,0,FALSE,FALSE,0,0,,
919,ITEM_DARK_MEMORY,1000,500,0,0,50,0,FALSE,FALSE,0,0,,
920,ITEM_FAIRY_MEMORY,1000,500,0,0,50,0,FALSE,FALSE,0,0,,
921,ITEM_SOLGANIUM_Z_BAG,0,0,0,0,0,0,FALSE,FALSE,0,0,,
922,ITEM_LUNALIUM_Z_BAG,0,0,0,0,0,0,FALSE,FALSE,0,0,,
923,ITEM_ULTRANECROZIUM_Z_BAG,0,0,0,0,0,0,FALSE,FALSE,0,0,,
924,ITEM_MIMIKIUM_Z_ITEM,0,0,0,0,0,0,FALSE,FALSE,0,0,,
925,ITEM_LYCANIUM_Z_ITEM,0,0,0,0,0,0,FALSE,FALSE,0,0,,
926,ITEM_KOMMONIUM_Z_ITEM,0,0,0,0,0,0,FALSE,FALSE,0,0,,
927,ITEM_SOLGANIUM_Z_ITEM,0,0,0,0,0,0,FALSE,FALSE,0,0,,
928,ITEM_LUNALIUM_Z_ITEM,0,0,0,0,0,0,FALSE,FALSE,0,0,,
929,ITEM_ULTRANECROZIUM_Z_ITEM,0,0,0,0,0,0,FALSE,FALSE,0,0,,
930,ITEM_MIMIKIUM_Z_BAG,0,0,0,0,0,0,FALSE,FALSE,0,0,,
931,ITEM_LYCANIUM_Z_BAG,0,0,0,0,0,0,FALSE,FALSE,0,0,,
932,ITEM_KOMMONIUM_Z_BAG,0,0,0,0,0,0,FALSE,FALSE,0,0,,
933,ITEM_Z_POWER_RING,0,0,0,0,0,0,FALSE,FALSE,0,0,,
934,ITEM_PINK_PETAL,0,0,0,0,0,0,FALSE,FALSE,0,0,,
935,ITEM_ORANGE_PETAL,0,0,0,0,0,0,FALSE,FALSE,0,0,,
936,ITEM_BLUE_PETAL,0,0,0,0,0,0,FALSE,FALSE,0,0,,
937,ITEM_RED_PETAL,0,0,0,0,0,0,FALSE,FALSE,0,0,,
938,ITEM_GREEN_PETAL,0,0,0,0,0,0,FALSE,FALSE,0,0,,
939,ITEM_YELLOW_PETAL,0,0,0,0,0,0,FALSE,FALSE,0,0,,
940,ITEM_PURPLE_PETAL,0,0,0,0,0,0,FALSE,FALSE,0,0,,
941,ITEM_RAINBOW_FLOWER,0,0,0,0,0,0,FALSE,FALSE,0,0,,
942,ITEM_SURGE_BADGE,0,0,0,0,0,0,FALSE,FALSE,0,0,,
945,ITEM_N_SOLARIZER_UNFUSE,0,0,0,0,0,0,FALSE,FALSE,0,0,,
946,ITEM_N_LUNARIZER_UNFUSE,0,0,0,0,0,0,FALSE,FALSE,0,0,,
947,ITEM_ILIMAS_NORMALIUM_Z,0,0,0,0,0,0,FALSE,FALSE,0,0,,
948,ITEM_LEFT_POKE_BALL,0,0,0,0,0,0,FALSE,FALSE,0,0,,
949,ITEM_ROTO_HATCH,0,0,0,0,0,0,FALSE,FALSE,0,0,,
950,ITEM_ROTO_BARGAIN,0,0,0,0,0,0,FALSE,FALSE,0,0,,
951,ITEM_ROTO_PRIZE_MONEY,0,0,0,0,0,0,FALSE,FALSE,0,0,,
952,ITEM_ROTO_EXP_POINTS,0,0,0,0,0,0,FALSE,FALSE,0,0,,
953,ITEM_ROTO_FRIENDSHIP,0,0,0,0,0,0,FALSE,FALSE,0,0,,
954,ITEM_ROTO_ENCOUNTER,0,0,0,0,0,0,FALSE,FALSE,0,0,,
955,ITEM_ROTO_STEALTH,0,0,0,0,0,0,FALSE,FALSE,0,0,,
956,ITEM_ROTO_HP_RESTORE,0,0,0,0,0,0,FALSE,FALSE,0,0,,
957,ITEM_ROTO_PP_RESTORE,0,0,0,0,0,0,FALSE,FALSE,0,0,,
958,ITEM_ROTO_BOOST,0,0,0,0,0,0,FALSE,FALSE,0,0,,
959,ITEM_ROTO_CATCH,0,0,0,0,0,0,FALSE,FALSE,0,0,,
960,ITEM_HEALTH_CANDY,0,0,0,0,0,0,FALSE,FALSE,0,0,,
961,ITEM_MIGHTY_CANDY,0,0,0,0,0,0,FALSE,FALSE,0,0,,
962,ITEM_TOUGH_CANDY,0,0,0,0,0,0,FALSE,FALSE,0,0,,
963,ITEM_SMART_CANDY,0,0,0,0,0,0,FALSE,FALSE,0,0,,
964,ITEM_COURAGE_CANDY,0,0,0,0,0,0,FALSE,FALSE,0,0,,
965,ITEM_QUICK_CANDY,0,0,0,0,0,0,FALSE,FALSE,0,0,,
966,ITEM_HEALTH_CANDY_L,0,0,0,0,0,0,FALSE,FALSE,0,0,,
967,ITEM_MIGHTY_CANDY_L,0,0,0,0,0,0,FALSE,FALSE,0,0,,
968,ITEM_TOUGH_CANDY_L,0,0,0,0,0,0,FALSE,FALSE,0,0,,
969,ITEM_SMART_CANDY_L,0,0,0,0,0,0,FALSE,FALSE,0,0,,
970,ITEM_COURAGE_CANDY_L,0,0,0,0,0,0,FALSE,FALSE,0,0,,
971,ITEM_QUICK_CANDY_L,0,0,0,0,0,0,FALSE,FALSE,0,0,,
972,ITEM_HEALTH_CANDY_XL,0,0,0,0,0,0,FALSE,FALSE,0,0,,
973,ITEM_MIGHTY_CANDY_XL,0,0,0,0,0,0,FALSE,FALSE,0,0,,
974,ITEM_TOUGH_CANDY_XL,0,0,0,0,0,0,FALSE,FALSE,0,0,,
975,ITEM_SMART_CANDY_XL,0,0,0,0,0,0,FALSE,FALSE,0,0,,
976,ITEM_COURAGE_CANDY_XL,0,0,0,0,0,0,FALSE,FALSE,0,0,,
977,ITEM_QUICK_CANDY_XL,0,0,0,0,0,0,FALSE,FALSE,0,0,,
978,ITEM_BULBASAUR_CANDY,0,0,0,0,0,0,FALSE,FALSE,0,0,,
979,ITEM_CHARMANDER_CANDY,0,0,0,0,0,0,FALSE,FALSE,0,0,,
980,ITEM_SQUIRTLE_CANDY,0,0,0,0,0,0,FALSE,FALSE,0,0,,
981,ITEM_CATERPIE_CANDY,0,0,0,0,0,0,FALSE,FALSE,0,0,,
982,ITEM_WEEDLE_CANDY,0,0,0,0,0,0,FALSE,FALSE,0,0,,
983,ITEM_PIDGEY_CANDY,0,0,0,0,0,0,FALSE,FALSE,0,0,,
984,ITEM_RATTATA_CANDY,0,0,0,0,0,0,FALSE,FALSE,0,0,,
985,ITEM_SPEAROW_CANDY,0,0,0,0,0,0,FALSE,FALSE,0,0,,
986,ITEM_EKANS_CANDY,0,0,0,0,0,0,FALSE,FALSE,0,0,,
987,ITEM_PIKACHU_CANDY,0,0,0,0,0,0,FALSE,FALSE,0,0,,
988,ITEM_SANDSHREW_CANDY,0,0,0,0,0,0,FALSE,FALSE,0,0,,
989,ITEM_NIDORAN_FEMALE_CANDY,0,0,0,0,0,0,FALSE,FALSE,0,0,,
990,ITEM_NIDORAN_MALE_CANDY,0,0,0,0,0,0,FALSE,FALSE,0,0,,
991,ITEM_CLEFAIRY_CANDY,0,0,0,0,0,0,FALSE,FALSE,0,0,,
992,ITEM_VULPIX_CANDY,0,0,0,0,0,0,FALSE,FALSE,0,0,,
993,ITEM_JIGGLYPUFF_CANDY,0,0,0,0,0,0,FALSE,FALSE,0,0,,
994,ITEM_ZUBAT_CANDY,0,0,0,0,0,0,FALSE,FALSE,0,0,,
995,ITEM_ODDISH_CANDY,0,0,0,0,0,0,FALSE,FALSE,0,0,,
996,ITEM_PARAS_CANDY,0,0,0,0,0,0,FALSE,FALSE,0,0,,
997,ITEM_VENONAT_CANDY,0,0,0,0,0,0,FALSE,FALSE,0,0,,
998,ITEM_DIGLETT_CANDY,0,0,0,0,0,0,FALSE,FALSE,0,0,,
999,ITEM_MEOWTH_CANDY,0,0,0,0,0,0,FALSE,FALSE,0,0,,
1000,ITEM_PSYDUCK_CANDY,0,0,0,0,0,0,FALSE,FALSE,0,0,,
1001,ITEM_MANKEY_CANDY,0,0,0,0,0,0,FALSE,FALSE,0,0,,
1002,ITEM_GROWLITHE_CANDY,0,0,0,0,0,0,FALSE,FALSE,0,0,,
1003,ITEM_POLIWAG_CANDY,0,0,0,0,0,0,FALSE,FALSE,0,0,,
1004,ITEM_ABRA_CANDY,0,0,0,0,0,0,FALSE,FALSE,0,0,,
1005,ITEM_MACHOP_CANDY,0,0,0,0,0,0,FALSE,FALSE,0,0,,
1006,ITEM_BELLSPROUT_CANDY,0,0,0,0,0,0,FALSE,FALSE,0,0,,
1007,ITEM_TENTACOOL_CANDY,0,0,0,0,0,0,FALSE,FALSE,0,0,,
1008,ITEM_GEODUDE_CANDY,0,0,0,0,0,0,FALSE,FALSE,0,0,,
1009,ITEM_PONYTA_CANDY,0,0,0,0,0,0,FALSE,FALSE,0,0,,
1010,ITEM_SLOWPOKE_CANDY,0,0,0,0,0,0,FALSE,FALSE,0,0,,
1011,ITEM_MAGNEMITE_CANDY,0,0,0,0,0,0,FALSE,FALSE,0,0,,
1012,ITEM_FARFETCHD_CANDY,0,0,0,0,0,0,FALSE,FALSE,0,0,,
1013,ITEM_DODUO_CANDY,0,0,0,0,0,0,FALSE,FALSE,0,0,,
1014,ITEM_SEEL_CANDY,0,0,0,0,0,0,FALSE,FALSE,0,0,,
1015,ITEM_GRIMER_CANDY,0,0,0,0,0,0,FALSE,FALSE,0,0,,
1016,ITEM_SHELLDER_CANDY,0,0,0,0,0,0,FALSE,FALSE,0,0,,
1017,ITEM_GASTLY_CANDY,0,0,0,0,0,0,FALSE,FALSE,0,0,,
1018,ITEM_ONIX_CANDY,0,0,0,0,0,0,FALSE,FALSE,0,0,,
1019,ITEM_DROWZEE_CANDY,0,0,0,0,0,0,FALSE,FALSE,0,0,,
1020,ITEM_KRABBY_CANDY,0,0,0,0,0,0,FALSE,FALSE,0,0,,
1021,ITEM_VOLTORB_CANDY,0,0,0,0,0,0,FALSE,FALSE,0,0,,
1022,ITEM_EXEGGCUTE_CANDY,0,0,0,0,0,0,FALSE,FALSE,0,0,,
1023,ITEM_CUBONE_CANDY,0,0,0,0,0,0,FALSE,FALSE,0,0,,
1024,ITEM_HITMONLEE_CANDY,0,0,0,0,0,0,FALSE,FALSE,0,0,,
1025,ITEM_HITMONCHAN_CANDY,0,0,0,0,0,0,FALSE,FALSE,0,0,,
1026,ITEM_LICKITUNG_CANDY,0,0,0,0,0,0,FALSE,FALSE,0,0,,
1027,ITEM_KOFFING_CANDY,0,0,0,0,0,0,FALSE,FALSE,0,0,,
1028,ITEM_RHYHORN_CANDY,0,0,0,0,0,0,FALSE,FALSE,0,0,,
1029,ITEM_CHANSEY_CANDY,0,0,0,0,0,0,FALSE,FALSE,0,0,,
1030,ITEM_TANGELA_CANDY,0,0,0,0,0,0,FALSE,FALSE,0,0,,
1031,ITEM_KANGASKHAN_CANDY,0,0,0,0,0,0,FALSE,FALSE,0,0,,
1032,ITEM_HORSEA_CANDY,0,0,0,0,0,0,FALSE,FALSE,0,0,,
1033,ITEM_GOLDEEN_CANDY,0,0,0,0,0,0,FALSE,FALSE,0,0,,
1034,ITEM_STARYU_CANDY,0,0,0,0,0,0,FALSE,FALSE,0,0,,
1035,ITEM_MR_MIME_CANDY,0,0,0,0,0,0,FALSE,FALSE,0,0,,
1036,ITEM_SCYTHER_CANDY,0,0,0,0,0,0,FALSE,FALSE,0,0,,
1037,ITEM_JYNX_CANDY,0,0,0,0,0,0,FALSE,FALSE,0,0,,
1038,ITEM_ELECTABUZZ_CANDY,0,0,0,0,0,0,FALSE,FALSE,0,0,,
1039,ITEM_PINSIR_CANDY,0,0,0,0,0,0,FALSE,FALSE,0,0,,
1040,ITEM_TAUROS_CANDY,0,0,0,0,0,0,FALSE,FALSE,0,0,,
1041,ITEM_MAGIKARP_CANDY,0,0,0,0,0,0,FALSE,FALSE,0,0,,
1042,ITEM_LAPRAS_CANDY,0,0,0,0,0,0,FALSE,FALSE,0,0,,
1043,ITEM_DITTO_CANDY,0,0,0,0,0,0,FALSE,FALSE,0,0,,
1044,ITEM_EEVEE_CANDY,0,0,0,0,0,0,FALSE,FALSE,0,0,,
1045,ITEM_PORYGON_CANDY,0,0,0,0,0,0,FALSE,FALSE,0,0,,
1046,ITEM_OMANYTE_CANDY,0,0,0,0,0,0,FALSE,FALSE,0,0,,
1047,ITEM_KABUTO_CANDY,0,0,0,0,0,0,FALSE,FALSE,0,0,,
1048,ITEM_AERODACTYL_CANDY,0,0,0,0,0,0,FALSE,FALSE,0,0,,
1049,ITEM_SNORLAX_CANDY,0,0,0,0,0,0,FALSE,FALSE,0,0,,
1050,ITEM_ARTICUNO_CANDY,0,0,0,0,0,0,FALSE,FALSE,0,0,,
1051,ITEM_ZAPDOS_CANDY,0,0,0,0,0,0,FALSE,FALSE,0,0,,
1052,ITEM_MOLTRES_CANDY,0,0,0,0,0,0,FALSE,FALSE,0,0,,
1053,ITEM_DRATINI_CANDY,0,0,0,0,0,0,FALSE,FALSE,0,0,,
1054,ITEM_MEWTWO_CANDY,0,0,0,0,0,0,FALSE,FALSE,0,0,,
1055,ITEM_MEW_CANDY,0,0,0,0,0,0,FALSE,FALSE,0,0,,
1056,ITEM_MELTAN_CANDY,0,0,0,0,0,0,FALSE,FALSE,0,0,,
1057,ITEM_MAGMAR_CANDY,0,0,0,0,0,0,FALSE,FALSE,0,0,,
1058,ITEM_UNKNOWN_1058,0,0,0,0,0,0,FALSE,FALSE,0,0,,
1059,ITEM_UNKNOWN_1059,0,0,0,0,0,0,FALSE,FALSE,0,0,,
1060,ITEM_UNKNOWN_1060,0,0,0,0,0,0,FALSE,FALSE,0,0,,
1061,ITEM_UNKNOWN_1061,0,0,0,0,0,0,FALSE,FALSE,0,0,,
1062,ITEM_UNKNOWN_1062,0,0,0,0,0,0,FALSE,FALSE,0,0,,
1063,ITEM_UNKNOWN_1063,0,0,0,0,0,0,FALSE,FALSE,0,0,,
1064,ITEM_UNKNOWN_1064,0,0,0,0,0,0,FALSE,FALSE,0,0,,
1065,ITEM_UNKNOWN_1065,0,0,0,0,0,0,FALSE,FALSE,0,0,,
1066,ITEM_UNKNOWN_1066,0,0,0,0,0,0,FALSE,FALSE,0,0,,
1067,ITEM_UNKNOWN_1067,0,0,0,0,0,0,FALSE,FALSE,0,0,,
1068,ITEM_UNKNOWN_1068,0,0,0,0,0,0,FALSE,FALSE,0,0,,
1069,ITEM_UNKNOWN_1069,0,0,0,0,0,0,FALSE,FALSE,0,0,,
1070,ITEM_UNKNOWN_1070,0,0,0,0,0,0,FALSE,FALSE,0,0,,
1071,ITEM_UNKNOWN_1071,0,0,0,0,0,0,FALSE,FALSE,0,0,,
1072,ITEM_UNKNOWN_1072,0,0,0,0,0,0,FALSE,FALSE,0,0,,
1073,ITEM_UNKNOWN_1073,0,0,0,0,0,0,FALSE,FALSE,0,0,,
1074,ITEM_ENDORSEMENT,0,0,0,0,0,0,FALSE,FALSE,0,0,,
1076,ITEM_WISHING_STAR,0,0,0,0,0,0,FALSE,FALSE,0,0,,
1077,ITEM_DYNAMAX_BAND,0,0,0,0,0,0,FALSE,FALSE,0,0,,
1078,ITEM_UNKNOWN_1078,0,0,0,0,0,0,FALSE,FALSE,0,0,,
1079,ITEM_UNKNOWN_1079,0,0,0,0,0,0,FALSE,FALSE,0,0,,
1080,ITEM_FISHING_ROD_SWSH,0,0,0,0,0,0,FALSE,FALSE,0,0,,
1081,ITEM_ROTOM_BIKE_LAND_MODE,0,0,0,0,0,0,FALSE,FALSE,0,0,,
1082,ITEM_UNKNOWN_1082,0,0,0,0,0,0,FALSE,FALSE,0,0,,
1083,ITEM_UNKNOWN_1083,0,0,0,0,0,0,FALSE,FALSE,0,0,,
1084,ITEM_SAUSAGES,0,0,0,0,0,0,FALSE,FALSE,0,0,,
1085,ITEM_BOBS_FOOD_TIN,0,0,0,0,0,0,FALSE,FALSE,0,0,,
1086,ITEM_BACHS_FOOD_TIN,0,0,0,0,0,0,FALSE,FALSE,0,0,,
1087,ITEM_TIN_OF_BEANS,0,0,0,0,0,0,FALSE,FALSE,0,0,,
1088,ITEM_BREAD,0,0,0,0,0,0,FALSE,FALSE,0,0,,
1089,ITEM_PASTA,0,0,0,0,0,0,FALSE,FALSE,0,0,,
1090,ITEM_MIXED_MUSHROOMS,0,0,0,0,0,0,FALSE,FALSE,0,0,,
1091,ITEM_SMOKE_POKE_TAIL,0,0,0,0,0,0,FALSE,FALSE,0,0,,
1092,ITEM_LARGE_LEEK,0,0,0,0,0,0,FALSE,FALSE,0,0,,
1093,ITEM_FANCY_APPLE,0,0,0,0,0,0,FALSE,FALSE,0,0,,
1094,ITEM_BRITTLE_BONES,0,0,0,0,0,0,FALSE,FALSE,0,0,,
1095,ITEM_PACK_OF_POTATOES,0,0,0,0,0,0,FALSE,FALSE,0,0,,
1096,ITEM_PUNGENT_ROOT,0,0,0,0,0,0,FALSE,FALSE,0,0,,
1097,ITEM_SALAD_MIX,0,0,0,0,0,0,FALSE,FALSE,0,0,,
1098,ITEM_FRIED_FOOD,0,0,0,0,0,0,FALSE,FALSE,0,0,,
1099,ITEM_BOILED_EGG,0,0,0,0,0,0,FALSE,FALSE,0,0,,
1100,ITEM_CAMPING_GEAR,0,0,0,0,0,0,FALSE,FALSE,0,0,,
1101,ITEM_UNKNOWN_1101,0,0,0,0,0,0,FALSE,FALSE,0,0,,
1102,ITEM_UNKNOWN_1102,0,0,0,0,0,0,FALSE,FALSE,0,0,,
1103,ITEM_RUSTED_SWORD,200,100,0,0,30,0,FALSE,FALSE,0,0,,
1104,ITEM_RUSTED_SHIELD,200,100,0,0,30,0,FALSE,FALSE,0,0,,
1105,ITEM_FOSSILIZED_BIRD,1000,500,0,0,100,0,FALSE,FALSE,0,0,,
1106,ITEM_FOSSILIZED_FISH,1000,500,0,0,100,0,FALSE,FALSE,0,0,,
1107,ITEM_FOSSILIZED_DRAKE,1000,500,0,0,100,0,FALSE,FALSE,0,0,,
1108,ITEM_FOSSILIZED_DINO,1000,500,0,0,100,0,FALSE,FALSE,0,0,,
1109,ITEM_STRAWBERRY_SWEET,200,100,0,0,30,0,FALSE,FALSE,0,0,,
1110,ITEM_LOVE_SWEET,200,100,0,0,30,0,FALSE,FALSE,0,0,,
1111,ITEM_BERRY_SWEET,200,100,0,0,30,0,FALSE,FALSE,0,0,,
1112,ITEM_CLOVER_SWEET,200,100,0,0,30,0,FALSE,FALSE,0,0,,
1113,ITEM_FLOWER_SWEET,200,100,0,0,30,0,FALSE,FALSE,0,0,,
1114,ITEM_STAR_SWEET,200,100,0,0,30,0,FALSE,FALSE,0,0,,
1115,ITEM_RIBBON_SWEET,200,100,0,0,30,0,FALSE,FALSE,0,0,,
1116,ITEM_SWEET_APPLE,2200,1100,0,0,30,0,FALSE,FALSE,20,0,,
1117,ITEM_TART_APPLE,2200,1100,0,0,30,0,FALSE,FALSE,20,0,,
1118,ITEM_THROAT_SPRAY,20000,10000,0,0,30,0,FALSE,FALSE,0,0,,
1119,ITEM_EJECT_PACK,30000,15000,0,0,30,0,FALSE,FALSE,0,0,,
1120,ITEM_HEAVY_DUTY_BOOTS,20000,10000,0,0,30,0,FALSE,FALSE,0,0,,
1121,ITEM_BLUNDER_POLICY,30000,15000,0,2,30,0,FALSE,FALSE,0,0,,
1122,ITEM_ROOM_SERVICE,20000,10000,0,0,30,0,FALSE,FALSE,0,0,,
1123,ITEM_UTILITY_UMBRELLA,15000,7500,0,0,30,0,FALSE,FALSE,0,0,,
1124,ITEM_EXP_CANDY_XS,20,10,0,0,30,0,FALSE,FALSE,0,0,,
1125,ITEM_EXP_CANDY_S,240,120,0,0,30,0,FALSE,FALSE,0,0,,
1126,ITEM_EXP_CANDY_M,1000,500,0,0,30,0,FALSE,FALSE,0,0,,
1127,ITEM_EXP_CANDY_L,3000,1500,0,0,30,0,FALSE,FALSE,0,0,,
1128,ITEM_EXP_CANDY_XL,10000,5000,0,0,30,0,FALSE,FALSE,0,0,,
1129,ITEM_DYNAMAX_CANDY,0,0,0,0,0,0,FALSE,FALSE,0,0,,
1252,ITEM_WISHING_PIECE,0,0,0,0,0,0,FALSE,FALSE,0,0,,
1253,ITEM_CRACKED_POT,1600,800,0,0,30,0,FALSE,FALSE,20,0,,
1254,ITEM_CHIPPED_POT,38000,19000,0,0,30,0,FALSE,FALSE,20,0,,
1255,ITEM_HI_TECH_EARBUDS,0,0,0,0,0,0,FALSE,FALSE,0,0,,
1256,ITEM_FRUIT_BUNCH,0,0,0,0,0,0,FALSE,FALSE,0,0,,
1258,ITEM_SPICE_MIX,0,0,0,0,0,0,FALSE,FALSE,0,0,,
1259,ITEM_FRESH_CREAM,0,0,0,0,0,0,FALSE,FALSE,0,0,,
1260,ITEM_PACKAGED_CURRY,0,0,0,0,0,0,FALSE,FALSE,0,0,,
1261,ITEM_COCONUT_MILK,0,0,0,0,0,0,FALSE,FALSE,0,0,,
1262,ITEM_INSTANT_NOODLES,0,0,0,0,0,0,FALSE,FALSE,0,0,,
1263,ITEM_PRECOOKED_BURGER,0,0,0,0,0,0,FALSE,FALSE,0,0,,
1264,ITEM_GIGANTAMIX,0,0,0,0,0,0,FALSE,FALSE,0,0,,
1265,ITEM_WISHING_CHIP,0,0,0,0,0,0,FALSE,FALSE,0,0,,
1266,ITEM_ROTOM_BIKE_WATER_MODE,0,0,0,0,0,0,FALSE,FALSE,0,0,,
1268,ITEM_UNKNOWN_1268,0,0,0,0,0,0,FALSE,FALSE,0,0,,
1269,ITEM_OLD_LETTER,0,0,0,0,0,0,FALSE,FALSE,0,0,,
1270,ITEM_BAND_AUTOGRAPH,0,0,0,0,0,0,FALSE,FALSE,0,0,,
1271,ITEM_SONIAS_BOOK,0,0,0,0,0,0,FALSE,FALSE,0,0,,
1272,ITEM_UNKNOWN_1272,0,0,0,0,0,0,FALSE,FALSE,0,0,,
1273,ITEM_UNKNOWN_1273,0,0,0,0,0,0,FALSE,FALSE,0,0,,
1274,ITEM_UNKNOWN_1274,0,0,0,0,0,0,FALSE,FALSE,0,0,,
1275,ITEM_UNKNOWN_1275,0,0,0,0,0,0,FALSE,FALSE,0,0,,
1276,ITEM_UNKNOWN_1276,0,0,0,0,0,0,FALSE,FALSE,0,0,,
1277,ITEM_UNKNOWN_1277,0,0,0,0,0,0,FALSE,FALSE,0,0,,
1279,ITEM_AND458,0,0,0,0,0,0,FALSE,FALSE,0,0,,
1280,ITEM_AND15,0,0,0,0,0,0,FALSE,FALSE,0,0,,
1281,ITEM_AND337,0,0,0,0,0,0,FALSE,FALSE,0,0,,
1282,ITEM_AND603,0,0,0,0,0,0,FALSE,FALSE,0,0,,
1283,ITEM_AND390,0,0,0,0,0,0,FALSE,FALSE,0,0,,
1284,ITEM_SGR6879,0,0,0,0,0,0,FALSE,FALSE,0,0,,
1285,ITEM_SGR6859,0,0,0,0,0,0,FALSE,FALSE,0,0,,
1286,ITEM_SGR6913,0,0,0,0,0,0,FALSE,FALSE,0,0,,
1287,ITEM_SGR7348,0,0,0,0,0,0,FALSE,FALSE,0,0,,
1288,ITEM_SGR7121,0,0,0,0,0,0,FALSE,FALSE,0,0,,
1289,ITEM_SGR6746,0,0,0,0,0,0,FALSE,FALSE,0,0,,
1290,ITEM_SGR7194,0,0,0,0,0,0,FALSE,FALSE,0,0,,
1291,ITEM_SGR7337,0,0,0,0,0,0,FALSE,FALSE,0,0,,
1292,ITEM_SGR7343,0,0,0,0,0,0,FALSE,FALSE,0,0,,
1293,ITEM_SGR6812,0,0,0,0,0,0,FALSE,FALSE,0,0,,
1294,ITEM_SGR7116,0,0,0,0,0,0,FALSE,FALSE,0,0,,
1295,ITEM_SGR7264,0,0,0,0,0,0,FALSE,FALSE,0,0,,
1296,ITEM_SGR7597,0,0,0,0,0,0,FALSE,FALSE,0,0,,
1297,ITEM_DEL7882,0,0,0,0,0,0,FALSE,FALSE,0,0,,
1298,ITEM_DEL7906,0,0,0,0,0,0,FALSE,FALSE,0,0,,
1299,ITEM_DEL7852,0,0,0,0,0,0,FALSE,FALSE,0,0,,
1300,ITEM_PSC596,0,0,0,0,0,0,FALSE,FALSE,0,0,,
1301,ITEM_PSC361,0,0,0,0,0,0,FALSE,FALSE,0,0,,
1302,ITEM_PSC510,0,0,0,0,0,0,FALSE,FALSE,0,0,,
1303,ITEM_PSC437,0,0,0,0,0,0,FALSE,FALSE,0,0,,
1304,ITEM_PSC8773,0,0,0,0,0,0,FALSE,FALSE,0,0,,
1305,ITEM_LEP1865,0,0,0,0,0,0,FALSE,FALSE,0,0,,
1306,ITEM_LEP1829,0,0,0,0,0,0,FALSE,FALSE,0,0,,
1307,ITEM_BOO5340,0,0,0,0,0,0,FALSE,FALSE,0,0,,
1308,ITEM_BOO5506,0,0,0,0,0,0,FALSE,FALSE,0,0,,
1309,ITEM_BOO5435,0,0,0,0,0,0,FALSE,FALSE,0,0,,
1310,ITEM_BOO5602,0,0,0,0,0,0,FALSE,FALSE,0,0,,
1311,ITEM_BOO5733,0,0,0,0,0,0,FALSE,FALSE,0,0,,
1312,ITEM_BOO5235,0,0,0,0,0,0,FALSE,FALSE,0,0,,
1313,ITEM_BOO5351,0,0,0,0,0,0,FALSE,FALSE,0,0,,
1314,ITEM_HYA3748,0,0,0,0,0,0,FALSE,FALSE,0,0,,
1315,ITEM_HYA3903,0,0,0,0,0,0,FALSE,FALSE,0,0,,
1316,ITEM_HYA3418,0,0,0,0,0,0,FALSE,FALSE,0,0,,
1317,ITEM_HYA3482,0,0,0,0,0,0,FALSE,FALSE,0,0,,
1318,ITEM_HYA3845,0,0,0,0,0,0,FALSE,FALSE,0,0,,
1319,ITEM_ERI1084,0,0,0,0,0,0,FALSE,FALSE,0,0,,
1320,ITEM_ERI472,0,0,0,0,0,0,FALSE,FALSE,0,0,,
1321,ITEM_ERI1666,0,0,0,0,0,0,FALSE,FALSE,0,0,,
1322,ITEM_ERI897,0,0,0,0,0,0,FALSE,FALSE,0,0,,
1323,ITEM_ERI1231,0,0,0,0,0,0,FALSE,FALSE,0,0,,
1324,ITEM_ERI874,0,0,0,0,0,0,FALSE,FALSE,0,0,,
1325,ITEM_ERI1298,0,0,0,0,0,0,FALSE,FALSE,0,0,,
1326,ITEM_ERI1325,0,0,0,0,0,0,FALSE,FALSE,0,0,,
1327,ITEM_ERI984,0,0,0,0,0,0,FALSE,FALSE,0,0,,
1328,ITEM_ERI1464,0,0,0,0,0,0,FALSE,FALSE,0,0,,
1329,ITEM_ERI1393,0,0,0,0,0,0,FALSE,FALSE,0,0,,
1330,ITEM_ERI850,0,0,0,0,0,0,FALSE,FALSE,0,0,,
1331,ITEM_TAU1409,0,0,0,0,0,0,FALSE,FALSE,0,0,,
1332,ITEM_TAU1457,0,0,0,0,0,0,FALSE,FALSE,0,0,,
1333,ITEM_TAU1165,0,0,0,0,0,0,FALSE,FALSE,0,0,,
1334,ITEM_TAU1791,0,0,0,0,0,0,FALSE,FALSE,0,0,,
1335,ITEM_TAU1910,0,0,0,0,0,0,FALSE,FALSE,0,0,,
1336,ITEM_TAU1346,0,0,0,0,0,0,FALSE,FALSE,0,0,,
1337,ITEM_TAU1373,0,0,0,0,0,0,FALSE,FALSE,0,0,,
1338,ITEM_TAU1412,0,0,0,0,0,0,FALSE,FALSE,0,0,,
1339,ITEM_CMA2491,0,0,0,0,0,0,FALSE,FALSE,0,0,,
1340,ITEM_CMA2693,0,0,0,0,0,0,FALSE,FALSE,0,0,,
1341,ITEM_CMA2294,0,0,0,0,0,0,FALSE,FALSE,0,0,,
1342,ITEM_CMA2827,0,0,0,0,0,0,FALSE,FALSE,0,0,,
1343,ITEM_CMA2282,0,0,0,0,0,0,FALSE,FALSE,0,0,,
1344,ITEM_CMA2618,0,0,0,0,0,0,FALSE,FALSE,0,0,,
1345,ITEM_CMA2657,0,0,0,0,0,0,FALSE,FALSE,0,0,,
1346,ITEM_CMA2646,0,0,0,0,0,0,FALSE,FALSE,0,0,,
1347,ITEM_UMA4905,0,0,0,0,0,0,FALSE,FALSE,0,0,,
1348,ITEM_UMA4301,0,0,0,0,0,0,FALSE,FALSE,0,0,,
1349,ITEM_UMA5191,0,0,0,0,0,0,FALSE,FALSE,0,0,,
1350,ITEM_UMA5054,0,0,0,0,0,0,FALSE,FALSE,0,0,,
1351,ITEM_UMA4295,0,0,0,0,0,0,FALSE,FALSE,0,0,,
1352,ITEM_UMA4660,0,0,0,0,0,0,FALSE,FALSE,0,0,,
1353,ITEM_UMA4554,0,0,0,0,0,0,FALSE,FALSE,0,0,,
1354,ITEM_UMA4069,0,0,0,0,0,0,FALSE,FALSE,0,0,,
1355,ITEM_UMA3569,0,0,0,0,0,0,FALSE,FALSE,0,0,,
1356,ITEM_UMA3323,0,0,0,0,0,0,FALSE,FALSE,0,0,,
1357,ITEM_UMA4033,0,0,0,0,0,0,FALSE,FALSE,0,0,,
1358,ITEM_UMA4377,0,0,0,0,0,0,FALSE,FALSE,0,0,,
1359,ITEM_UMA4375,0,0,0,0,0,0,FALSE,FALSE,0,0,,
1360,ITEM_UMA4518,0,0,0,0,0,0,FALSE,FALSE,0,0,,
1361,ITEM_UMA3594,0,0,0,0,0,0,FALSE,FALSE,0,0,,
1362,ITEM_VIR5056,0,0,0,0,0,0,FALSE,FALSE,0,0,,
1363,ITEM_VIR4825,0,0,0,0,0,0,FALSE,FALSE,0,0,,
1364,ITEM_VIR4932,0,0,0,0,0,0,FALSE,FALSE,0,0,,
1365,ITEM_VIR4540,0,0,0,0,0,0,FALSE,FALSE,0,0,,
1366,ITEM_VIR4689,0,0,0,0,0,0,FALSE,FALSE,0,0,,
1367,ITEM_VIR5338,0,0,0,0,0,0,FALSE,FALSE,0,0,,
1368,ITEM_VIR4910,0,0,0,0,0,0,FALSE,FALSE,0,0,,
1369,ITEM_VIR5315,0,0,0,0,0,0,FALSE,FALSE,0,0,,
1370,ITEM_VIR5359,0,0,0,0,0,0,FALSE,FALSE,0,0,,
1371,ITEM_VIR5409,0,0,0,0,0,0,FALSE,FALSE,0,0,,
1372,ITEM_VIR5107,0,0,0,0,0,0,FALSE,FALSE,0,0,,
1373,ITEM_ARI617,0,0,0,0,0,0,FALSE,FALSE,0,0,,
1374,ITEM_ARI553,0,0,0,0,0,0,FALSE,FALSE,0,0,,
1375,ITEM_ARI546,0,0,0,0,0,0,FALSE,FALSE,0,0,,
1376,ITEM_ARI951,0,0,0,0,0,0,FALSE,FALSE,0,0,,
1377,ITEM_ORI1713,0,0,0,0,0,0,FALSE,FALSE,0,0,,
1378,ITEM_ORI2061,0,0,0,0,0,0,FALSE,FALSE,0,0,,
1379,ITEM_ORI1790,0,0,0,0,0,0,FALSE,FALSE,0,0,,
1380,ITEM_ORI1903,0,0,0,0,0,0,FALSE,FALSE,0,0,,
1381,ITEM_ORI1948,0,0,0,0,0,0,FALSE,FALSE,0,0,,
1382,ITEM_ORI2004,0,0,0,0,0,0,FALSE,FALSE,0,0,,
1383,ITEM_ORI1852,0,0,0,0,0,0,FALSE,FALSE,0,0,,
1384,ITEM_ORI1879,0,0,0,0,0,0,FALSE,FALSE,0,0,,
1385,ITEM_ORI1899,0,0,0,0,0,0,FALSE,FALSE,0,0,,
1386,ITEM_ORI1543,0,0,0,0,0,0,FALSE,FALSE,0,0,,
1387,ITEM_CAS21,0,0,0,0,0,0,FALSE,FALSE,0,0,,
1388,ITEM_CAS168,0,0,0,0,0,0,FALSE,FALSE,0,0,,
1389,ITEM_CAS403,0,0,0,0,0,0,FALSE,FALSE,0,0,,
1390,ITEM_CAS153,0,0,0,0,0,0,FALSE,FALSE,0,0,,
1391,ITEM_CAS542,0,0,0,0,0,0,FALSE,FALSE,0,0,,
1392,ITEM_CAS219,0,0,0,0,0,0,FALSE,FALSE,0,0,,
1393,ITEM_CAS265,0,0,0,0,0,0,FALSE,FALSE,0,0,,
1394,ITEM_CNC3572,0,0,0,0,0,0,FALSE,FALSE,0,0,,
1395,ITEM_CNC3208,0,0,0,0,0,0,FALSE,FALSE,0,0,,
1396,ITEM_CNC3461,0,0,0,0,0,0,FALSE,FALSE,0,0,,
1397,ITEM_CNC3449,0,0,0,0,0,0,FALSE,FALSE,0,0,,
1398,ITEM_CNC3429,0,0,0,0,0,0,FALSE,FALSE,0,0,,
1399,ITEM_CNC3627,0,0,0,0,0,0,FALSE,FALSE,0,0,,
1400,ITEM_CNC3268,0,0,0,0,0,0,FALSE,FALSE,0,0,,
1401,ITEM_CNC3249,0,0,0,0,0,0,FALSE,FALSE,0,0,,
1402,ITEM_COM4968,0,0,0,0,0,0,FALSE,FALSE,0,0,,
1403,ITEM_CRV4757,0,0,0,0,0,0,FALSE,FALSE,0,0,,
1404,ITEM_CRV4623,0,0,0,0,0,0,FALSE,FALSE,0,0,,
1405,ITEM_CRV4662,0,0,0,0,0,0,FALSE,FALSE,0,0,,
1406,ITEM_CRV4786,0,0,0,0,0,0,FALSE,FALSE,0,0,,
1407,ITEM_AUR1708,0,0,0,0,0,0,FALSE,FALSE,0,0,,
1408,ITEM_AUR2088,0,0,0,0,0,0,FALSE,FALSE,0,0,,
1409,ITEM_AUR1605,0,0,0,0,0,0,FALSE,FALSE,0,0,,
1410,ITEM_AUR2095,0,0,0,0,0,0,FALSE,FALSE,0,0,,
1411,ITEM_AUR1577,0,0,0,0,0,0,FALSE,FALSE,0,0,,
1412,ITEM_AUR1641,0,0,0,0,0,0,FALSE,FALSE,0,0,,
1413,ITEM_AUR1612,0,0,0,0,0,0,FALSE,FALSE,0,0,,
1414,ITEM_PAV7790,0,0,0,0,0,0,FALSE,FALSE,0,0,,
1415,ITEM_CET911,0,0,0,0,0,0,FALSE,FALSE,0,0,,
1416,ITEM_CET681,0,0,0,0,0,0,FALSE,FALSE,0,0,,
1417,ITEM_CET188,0,0,0,0,0,0,FALSE,FALSE,0,0,,
1418,ITEM_CET539,0,0,0,0,0,0,FALSE,FALSE,0,0,,
1419,ITEM_CET804,0,0,0,0,0,0,FALSE,FALSE,0,0,,
1420,ITEM_CEP8974,0,0,0,0,0,0,FALSE,FALSE,0,0,,
1421,ITEM_CEP8162,0,0,0,0,0,0,FALSE,FALSE,0,0,,
1422,ITEM_CEP8238,0,0,0,0,0,0,FALSE,FALSE,0,0,,
1423,ITEM_CEP8417,0,0,0,0,0,0,FALSE,FALSE,0,0,,
1424,ITEM_CEN5267,0,0,0,0,0,0,FALSE,FALSE,0,0,,
1425,ITEM_CEN5288,0,0,0,0,0,0,FALSE,FALSE,0,0,,
1426,ITEM_CEN551,0,0,0,0,0,0,FALSE,FALSE,0,0,,
1427,ITEM_CEN5459,0,0,0,0,0,0,FALSE,FALSE,0,0,,
1428,ITEM_CEN5460,0,0,0,0,0,0,FALSE,FALSE,0,0,,
1429,ITEM_CMI2943,0,0,0,0,0,0,FALSE,FALSE,0,0,,
1430,ITEM_CMI2845,0,0,0,0,0,0,FALSE,FALSE,0,0,,
1431,ITEM_EQU8131,0,0,0,0,0,0,FALSE,FALSE,0,0,,
1432,ITEM_VUL7405,0,0,0,0,0,0,FALSE,FALSE,0,0,,
1433,ITEM_UMI424,0,0,0,0,0,0,FALSE,FALSE,0,0,,
1434,ITEM_UMI5563,0,0,0,0,0,0,FALSE,FALSE,0,0,,
1435,ITEM_UMI5735,0,0,0,0,0,0,FALSE,FALSE,0,0,,
1436,ITEM_UMI6789,0,0,0,0,0,0,FALSE,FALSE,0,0,,
1437,ITEM_CRT4287,0,0,0,0,0,0,FALSE,FALSE,0,0,,
1438,ITEM_LYR7001,0,0,0,0,0,0,FALSE,FALSE,0,0,,
1439,ITEM_LYR7178,0,0,0,0,0,0,FALSE,FALSE,0,0,,
1440,ITEM_LYR7106,0,0,0,0,0,0,FALSE,FALSE,0,0,,
1441,ITEM_LYR7298,0,0,0,0,0,0,FALSE,FALSE,0,0,,
1442,ITEM_ARA6585,0,0,0,0,0,0,FALSE,FALSE,0,0,,
1443,ITEM_SCO6134,0,0,0,0,0,0,FALSE,FALSE,0,0,,
1444,ITEM_SCO6527,0,0,0,0,0,0,FALSE,FALSE,0,0,,
1445,ITEM_SCO6553,0,0,0,0,0,0,FALSE,FALSE,0,0,,
1446,ITEM_SCO5953,0,0,0,0,0,0,FALSE,FALSE,0,0,,
1447,ITEM_SCO5984,0,0,0,0,0,0,FALSE,FALSE,0,0,,
1448,ITEM_SCO6508,0,0,0,0,0,0,FALSE,FALSE,0,0,,
1449,ITEM_SCO6084,0,0,0,0,0,0,FALSE,FALSE,0,0,,
1450,ITEM_SCO5944,0,0,0,0,0,0,FALSE,FALSE,0,0,,
1451,ITEM_SCO6630,0,0,0,0,0,0,FALSE,FALSE,0,0,,
1452,ITEM_SCO6027,0,0,0,0,0,0,FALSE,FALSE,0,0,,
1453,ITEM_SCO6247,0,0,0,0,0,0,FALSE,FALSE,0,0,,
1454,ITEM_SCO6252,0,0,0,0,0,0,FALSE,FALSE,0,0,,
1455,ITEM_SCO5928,0,0,0,0,0,0,FALSE,FALSE,0,0,,
1456,ITEM_SCO6241,0,0,0,0,0,0,FALSE,FALSE,0,0,,
1457,ITEM_SCO6165,0,0,0,0,0,0,FALSE,FALSE,0,0,,
1458,ITEM_TRI544,0,0,0,0,0,0,FALSE,FALSE,0,0,,
1459,ITEM_LEO3982,0,0,0,0,0,0,FALSE,FALSE,0,0,,
1460,ITEM_LEO4534,0,0,0,0,0,0,FALSE,FALSE,0,0,,
1461,ITEM_LEO4357,0,0,0,0,0,0,FALSE,FALSE,0,0,,
1462,ITEM_LEO4057,0,0,0,0,0,0,FALSE,FALSE,0,0,,
1463,ITEM_LEO4359,0,0,0,0,0,0,FALSE,FALSE,0,0,,
1464,ITEM_LEO4031,0,0,0,0,0,0,FALSE,FALSE,0,0,,
1465,ITEM_LEO3852,0,0,0,0,0,0,FALSE,FALSE,0,0,,
1466,ITEM_LEO3905,0,0,0,0,0,0,FALSE,FALSE,0,0,,
1467,ITEM_LEO3773,0,0,0,0,0,0,FALSE,FALSE,0,0,,
1468,ITEM_GRU8425,0,0,0,0,0,0,FALSE,FALSE,0,0,,
1469,ITEM_GRU8636,0,0,0,0,0,0,FALSE,FALSE,0,0,,
1470,ITEM_GRU8353,0,0,0,0,0,0,FALSE,FALSE,0,0,,
1471,ITEM_LIB5685,0,0,0,0,0,0,FALSE,FALSE,0,0,,
1472,ITEM_LIB5531,0,0,0,0,0,0,FALSE,FALSE,0,0,,
1473,ITEM_LIB5787,0,0,0,0,0,0,FALSE,FALSE,0,0,,
1474,ITEM_LIB5603,0,0,0,0,0,0,FALSE,FALSE,0,0,,
1475,ITEM_PUP3165,0,0,0,0,0,0,FALSE,FALSE,0,0,,
1476,ITEM_PUP3185,0,0,0,0,0,0,FALSE,FALSE,0,0,,
1477,ITEM_PUP3045,0,0,0,0,0,0,FALSE,FALSE,0,0,,
1478,ITEM_CYG7924,0,0,0,0,0,0,FALSE,FALSE,0,0,,
1479,ITEM_CYG7417,0,0,0,0,0,0,FALSE,FALSE,0,0,,
1480,ITEM_CYG7796,0,0,0,0,0,0,FALSE,FALSE,0,0,,
1481,ITEM_CYG8301,0,0,0,0,0,0,FALSE,FALSE,0,0,,
1482,ITEM_CYG7949,0,0,0,0,0,0,FALSE,FALSE,0,0,,
1483,ITEM_CYG7528,0,0,0,0,0,0,FALSE,FALSE,0,0,,
1484,ITEM_OCT7228,0,0,0,0,0,0,FALSE,FALSE,0,0,,
1485,ITEM_COL1956,0,0,0,0,0,0,FALSE,FALSE,0,0,,
1486,ITEM_COL2040,0,0,0,0,0,0,FALSE,FALSE,0,0,,
1487,ITEM_COL2177,0,0,0,0,0,0,FALSE,FALSE,0,0,,
1488,ITEM_GEM2990,0,0,0,0,0,0,FALSE,FALSE,0,0,,
1489,ITEM_GEM2891,0,0,0,0,0,0,FALSE,FALSE,0,0,,
1490,ITEM_GEM2421,0,0,0,0,0,0,FALSE,FALSE,0,0,,
1491,ITEM_GEM2473,0,0,0,0,0,0,FALSE,FALSE,0,0,,
1492,ITEM_GEM2216,0,0,0,0,0,0,FALSE,FALSE,0,0,,
1493,ITEM_GEM2777,0,0,0,0,0,0,FALSE,FALSE,0,0,,
1494,ITEM_GEM2650,0,0,0,0,0,0,FALSE,FALSE,0,0,,
1495,ITEM_GEM2286,0,0,0,0,0,0,FALSE,FALSE,0,0,,
1496,ITEM_GEM2484,0,0,0,0,0,0,FALSE,FALSE,0,0,,
1497,ITEM_GEM2930,0,0,0,0,0,0,FALSE,FALSE,0,0,,
1498,ITEM_PEG8775,0,0,0,0,0,0,FALSE,FALSE,0,0,,
1499,ITEM_PEG8781,0,0,0,0,0,0,FALSE,FALSE,0,0,,
1500,ITEM_PEG39,0,0,0,0,0,0,FALSE,FALSE,0,0,,
1501,ITEM_PEG8308,0,0,0,0,0,0,FALSE,FALSE,0,0,,
1502,ITEM_PEG8650,0,0,0,0,0,0,FALSE,FALSE,0,0,,
1503,ITEM_PEG8634,0,0,0,0,0,0,FALSE,FALSE,0,0,,
1504,ITEM_PEG8684,0,0,0,0,0,0,FALSE,FALSE,0,0,,
1505,ITEM_PEG8450,0,0,0,0,0,0,FALSE,FALSE,0,0,,
1506,ITEM_PEG8880,0,0,0,0,0,0,FALSE,FALSE,0,0,,
1507,ITEM_PEG8905,0,0,0,0,0,0,FALSE,FALSE,0,0,,
1508,ITEM_OPH6556,0,0,0,0,0,0,FALSE,FALSE,0,0,,
1509,ITEM_OPH6378,0,0,0,0,0,0,FALSE,FALSE,0,0,,
1510,ITEM_OPH6603,0,0,0,0,0,0,FALSE,FALSE,0,0,,
1511,ITEM_OPH6149,0,0,0,0,0,0,FALSE,FALSE,0,0,,
1512,ITEM_OPH6056,0,0,0,0,0,0,FALSE,FALSE,0,0,,
1513,ITEM_OPH6075,0,0,0,0,0,0,FALSE,FALSE,0,0,,
1514,ITEM_SER5854,0,0,0,0,0,0,FALSE,FALSE,0,0,,
1515,ITEM_SER7141,0,0,0,0,0,0,FALSE,FALSE,0,0,,
1516,ITEM_SER5879,0,0,0,0,0,0,FALSE,FALSE,0,0,,
1517,ITEM_HER6406,0,0,0,0,0,0,FALSE,FALSE,0,0,,
1518,ITEM_HER6148,0,0,0,0,0,0,FALSE,FALSE,0,0,,
1519,ITEM_HER6410,0,0,0,0,0,0,FALSE,FALSE,0,0,,
1520,ITEM_HER6526,0,0,0,0,0,0,FALSE,FALSE,0,0,,
1521,ITEM_HER6117,0,0,0,0,0,0,FALSE,FALSE,0,0,,
1522,ITEM_HER6008,0,0,0,0,0,0,FALSE,FALSE,0,0,,
1523,ITEM_PER936,0,0,0,0,0,0,FALSE,FALSE,0,0,,
1524,ITEM_PER1017,0,0,0,0,0,0,FALSE,FALSE,0,0,,
1525,ITEM_PER1131,0,0,0,0,0,0,FALSE,FALSE,0,0,,
1526,ITEM_PER1228,0,0,0,0,0,0,FALSE,FALSE,0,0,,
1527,ITEM_PER834,0,0,0,0,0,0,FALSE,FALSE,0,0,,
1528,ITEM_PER941,0,0,0,0,0,0,FALSE,FALSE,0,0,,
1529,ITEM_PHE99,0,0,0,0,0,0,FALSE,FALSE,0,0,,
1530,ITEM_PHE338,0,0,0,0,0,0,FALSE,FALSE,0,0,,
1531,ITEM_VEL3634,0,0,0,0,0,0,FALSE,FALSE,0,0,,
1532,ITEM_VEL3485,0,0,0,0,0,0,FALSE,FALSE,0,0,,
1533,ITEM_VEL3734,0,0,0,0,0,0,FALSE,FALSE,0,0,,
1534,ITEM_AQR8232,0,0,0,0,0,0,FALSE,FALSE,0,0,,
1535,ITEM_AQR8414,0,0,0,0,0,0,FALSE,FALSE,0,0,,
1536,ITEM_AQR8709,0,0,0,0,0,0,FALSE,FALSE,0,0,,
1537,ITEM_AQR8518,0,0,0,0,0,0,FALSE,FALSE,0,0,,
1538,ITEM_AQR7950,0,0,0,0,0,0,FALSE,FALSE,0,0,,
1539,ITEM_AQR8499,0,0,0,0,0,0,FALSE,FALSE,0,0,,
1540,ITEM_AQR8610,0,0,0,0,0,0,FALSE,FALSE,0,0,,
1541,ITEM_AQR8264,0,0,0,0,0,0,FALSE,FALSE,0,0,,
1542,ITEM_CRU4853,0,0,0,0,0,0,FALSE,FALSE,0,0,,
1543,ITEM_CRU4730,0,0,0,0,0,0,FALSE,FALSE,0,0,,
1544,ITEM_CRU4763,0,0,0,0,0,0,FALSE,FALSE,0,0,,
1545,ITEM_CRU4700,0,0,0,0,0,0,FALSE,FALSE,0,0,,
1546,ITEM_CRU4656,0,0,0,0,0,0,FALSE,FALSE,0,0,,
1547,ITEM_PSA8728,0,0,0,0,0,0,FALSE,FALSE,0,0,,
1548,ITEM_TRA6217,0,0,0,0,0,0,FALSE,FALSE,0,0,,
1549,ITEM_CAP7776,0,0,0,0,0,0,FALSE,FALSE,0,0,,
1550,ITEM_CAP7754,0,0,0,0,0,0,FALSE,FALSE,0,0,,
1551,ITEM_CAP8278,0,0,0,0,0,0,FALSE,FALSE,0,0,,
1552,ITEM_CAP8322,0,0,0,0,0,0,FALSE,FALSE,0,0,,
1553,ITEM_CAP7773,0,0,0,0,0,0,FALSE,FALSE,0,0,,
1554,ITEM_SGE7479,0,0,0,0,0,0,FALSE,FALSE,0,0,,
1555,ITEM_CAR2326,0,0,0,0,0,0,FALSE,FALSE,0,0,,
1556,ITEM_CAR3685,0,0,0,0,0,0,FALSE,FALSE,0,0,,
1557,ITEM_CAR3307,0,0,0,0,0,0,FALSE,FALSE,0,0,,
1558,ITEM_CAR3699,0,0,0,0,0,0,FALSE,FALSE,0,0,,
1559,ITEM_DRA5744,0,0,0,0,0,0,FALSE,FALSE,0,0,,
1560,ITEM_DRA5291,0,0,0,0,0,0,FALSE,FALSE,0,0,,
1561,ITEM_DRA6705,0,0,0,0,0,0,FALSE,FALSE,0,0,,
1562,ITEM_DRA6536,0,0,0,0,0,0,FALSE,FALSE,0,0,,
1563,ITEM_DRA7310,0,0,0,0,0,0,FALSE,FALSE,0,0,,
1564,ITEM_DRA6688,0,0,0,0,0,0,FALSE,FALSE,0,0,,
1565,ITEM_DRA4434,0,0,0,0,0,0,FALSE,FALSE,0,0,,
1566,ITEM_DRA6370,0,0,0,0,0,0,FALSE,FALSE,0,0,,
1567,ITEM_DRA7462,0,0,0,0,0,0,FALSE,FALSE,0,0,,
1568,ITEM_DRA6396,0,0,0,0,0,0,FALSE,FALSE,0,0,,
1569,ITEM_DRA6132,0,0,0,0,0,0,FALSE,FALSE,0,0,,
1570,ITEM_DRA6636,0,0,0,0,0,0,FALSE,FALSE,0,0,,
1571,ITEM_CVN4915,0,0,0,0,0,0,FALSE,FALSE,0,0,,
1572,ITEM_CVN4785,0,0,0,0,0,0,FALSE,FALSE,0,0,,
1573,ITEM_CVN4846,0,0,0,0,0,0,FALSE,FALSE,0,0,,
1574,ITEM_AQL7595,0,0,0,0,0,0,FALSE,FALSE,0,0,,
1575,ITEM_AQL7557,0,0,0,0,0,0,FALSE,FALSE,0,0,,
1576,ITEM_AQL7525,0,0,0,0,0,0,FALSE,FALSE,0,0,,
1577,ITEM_AQL7602,0,0,0,0,0,0,FALSE,FALSE,0,0,,
1578,ITEM_AQL7235,0,0,0,0,0,0,FALSE,FALSE,0,0,,
1579,ITEM_MAX_HONEY,0,0,0,0,0,0,FALSE,FALSE,0,0,,
1580,ITEM_MAX_MUSHROOMS,0,0,0,0,0,0,FALSE,FALSE,0,0,,
1581,ITEM_GALARICA_TWIG,20,10,0,0,30,0,FALSE,FALSE,0,0,,
1582,ITEM_GALARICA_CUFF,3000,1500,0,0,30,0,FALSE,FALSE,20,0,,
1583,ITEM_STYLE_CARD,0,0,0,0,0,0,FALSE,FALSE,0,0,,
1584,ITEM_ARMOR_PASS,0,0,0,0,0,0,FALSE,FALSE,0,0,,
1585,ITEM_ROTOM_BIKE_SPARKLING_WHITE,0,0,0,0,0,0,FALSE,FALSE,0,0,,
1586,ITEM_ROTOM_BIKE_GLISTENING_BLACK,0,0,0,0,0,0,FALSE,FALSE,0,0,,
1588,ITEM_ARMORITE_ORE,0,0,0,0,0,0,FALSE,FALSE,0,0,,
1589,ITEM_MARK_CHARM,0,0,0,0,0,0,FALSE,FALSE,0,0,,
1591,ITEM_REINS_OF_UNITY_UNFUSE,0,0,0,0,0,0,FALSE,FALSE,0,0,,
1592,ITEM_GALARICA_WREATH,3000,1500,0,0,30,0,FALSE,FALSE,20,0,,
1593,ITEM_LEGENDARY_CLUE_1,0,0,0,0,0,0,FALSE,FALSE,0,0,,
1594,ITEM_LEGENDARY_CLUE_2,0,0,0,0,0,0,FALSE,FALSE,0,0,,
1595,ITEM_LEGENDARY_CLUE_3,0,0,0,0,0,0,FALSE,FALSE,0,0,,
1596,ITEM_LEGENDARY_CLUE_UNKNOWN_1596,0,0,0,0,0,0,FALSE,FALSE,0,0,,
1597,ITEM_CROWN_PASS,0,0,0,0,0,0,FALSE,FALSE,0,0,,
1599,ITEM_RADIANT_PETAL,0,0,0,0,0,0,FALSE,FALSE,0,0,,
1600,ITEM_WHITE_MANE_HAIR,0,0,0,0,0,0,FALSE,FALSE,0,0,,
1601,ITEM_BLACK_MANE_HAIR,0,0,0,0,0,0,FALSE,FALSE,0,0,,
1604,ITEM_DYNITE_ORE,0,0,0,0,0,0,FALSE,FALSE,0,0,,
1605,ITEM_CARROT_SEEDS,0,0,0,0,0,0,FALSE,FALSE,0,0,,
1607,ITEM_REINS_OF_UNITY_NOT_SURE,0,0,0,0,0,0,FALSE,FALSE,0,0,,
1608,ITEM_TIME_BALM,0,0,0,0,0,0,FALSE,FALSE,0,0,,
1609,ITEM_SPACE_BALM,0,0,0,0,0,0,FALSE,FALSE,0,0,,
1610,ITEM_MYSTERIOUS_BALM,0,0,0,0,0,0,FALSE,FALSE,0,0,,
1611,ITEM_LINKING_CORD,8000,4000,0,0,30,0,FALSE,FALSE,20,0,,
1612,ITEM_HOMETOWN_MUFFIN,0,0,0,0,0,0,FALSE,FALSE,0,0,,
1613,ITEM_APRICORN,0,0,0,0,0,0,FALSE,FALSE,0,0,,
1614,ITEM_JUBILIFE_MUFFIN,0,0,0,0,0,0,FALSE,FALSE,0,0,,
1615,ITEM_AUX_POWERGUARD,0,0,0,0,0,0,FALSE,FALSE,0,0,,
1616,ITEM_DIRE_HIT_PLA,0,0,0,0,0,0,FALSE,FALSE,0,0,,
1617,ITEM_CHOICE_DUMPLING,0,0,0,0,0,0,FALSE,FALSE,0,0,,
1618,ITEM_TWICE_SPICED_RADISH,0,0,0,0,0,0,FALSE,FALSE,0,0,,
1619,ITEM_SWAP_SNACK,0,0,0,0,0,0,FALSE,FALSE,0,0,,
1620,ITEM_CASTER_FERN,0,0,0,0,0,0,FALSE,FALSE,0,0,,
1621,ITEM_SEED_OF_MASTERY,0,0,0,0,0,0,FALSE,FALSE,0,0,,
1622,ITEM_POKE_BALL_PLA_UNUSED,0,0,0,0,0,0,FALSE,FALSE,0,0,,
1623,ITEM_UNKNOWN_1623,0,0,0,0,0,0,FALSE,FALSE,0,0,,
1624,ITEM_ETERNAL_ICE,0,0,0,0,0,0,FALSE,FALSE,0,0,,
1625,ITEM_UXIES_CLAW,0,0,0,0,0,0,FALSE,FALSE,0,0,,
1626,ITEM_AZELFS_FANG,0,0,0,0,0,0,FALSE,FALSE,0,0,,
1627,ITEM_MESPRITS_PLUME,0,0,0,0,0,0,FALSE,FALSE,0,0,,
1628,ITEM_TUMBLESTONE,0,0,0,0,0,0,FALSE,FALSE,0,0,,
1629,ITEM_CELESTICA_FLUTE,0,0,0,0,0,0,FALSE,FALSE,0,0,,
1630,ITEM_REMEDY,0,0,0,0,0,0,FALSE,FALSE,0,0,,
1631,ITEM_FINE_REMEDY,0,0,0,0,0,0,FALSE,FALSE,0,0,,
1632,ITEM_DAZZLING_HONEY,0,0,0,0,0,0,FALSE,FALSE,0,0,,
1633,ITEM_HEARTY_GRAINS,0,0,0,0,0,0,FALSE,FALSE,0,0,,
1634,ITEM_PLUMP_BEANS,0,0,0,0,0,0,FALSE,FALSE,0,0,,
1635,ITEM_SPRINGY_MUSHROOM,0,0,0,0,0,0,FALSE,FALSE,0,0,,
1636,ITEM_CRUNCHY_SALT,0,0,0,0,0,0,FALSE,FALSE,0,0,,
1637,ITEM_WOOD,0,0,0,0,0,0,FALSE,FALSE,0,0,,
1638,ITEM_KINGS_LEAF,0,0,0,0,0,0,FALSE,FALSE,0,0,,
1639,ITEM_MARSH_BALM,0,0,0,0,0,0,FALSE,FALSE,0,0,,
1640,ITEM_POKE_BALL_RECIPE,0,0,0,0,0,0,FALSE,FALSE,0,0,,
1641,ITEM_GREAT_BALL_RECIPE,0,0,0,0,0,0,FALSE,FALSE,0,0,,
1642,ITEM_ULTRA_BALL_RECIPE,0,0,0,0,0,0,FALSE,FALSE,0,0,,
1643,ITEM_FEATHER_BALL_RECIPE,0,0,0,0,0,0,FALSE,FALSE,0,0,,
1644,ITEM_POKESHI_DOLL_RECIPE,0,0,0,0,0,0,FALSE,FALSE,0,0,,
1645,ITEM_UNKNOWN_1645,0,0,0,0,0,0,FALSE,FALSE,0,0,,
1646,ITEM_SMOKE_BOMB_RECIPE,0,0,0,0,0,0,FALSE,FALSE,0,0,,
1647,ITEM_SCATTER_BANG_RECIPE,0,0,0,0,0,0,FALSE,FALSE,0,0,,
1648,ITEM_STICKY_GLOB_RECIPE,0,0,0,0,0,0,FALSE,FALSE,0,0,,
1649,ITEM_STAR_PIECE_RECIPE,0,0,0,0,0,0,FALSE,FALSE,0,0,,
1650,ITEM_MUSHROOM_CAKE_RECIPE,0,0,0,0,0,0,FALSE,FALSE,0,0,,
1651,ITEM_BUGWORT_RECIPE,0,0,0,0,0,0,FALSE,FALSE,0,0,,
1652,ITEM_HONEY_CAKE_RECIPE,0,0,0,0,0,0,FALSE,FALSE,0,0,,
1653,ITEM_GRAIN_CAKE_RECIPE,0,0,0,0,0,0,FALSE,FALSE,0,0,,
1654,ITEM_BEAN_CAKE_RECIPE,0,0,0,0,0,0,FALSE,FALSE,0,0,,
1655,ITEM_SALT_CAKE_RECIPE,0,0,0,0,0,0,FALSE,FALSE,0,0,,
1656,ITEM_POTION_RECIPE,0,0,0,0,0,0,FALSE,FALSE,0,0,,
1657,ITEM_SUPER_POTION_RECIPE,0,0,0,0,0,0,FALSE,FALSE,0,0,,
1658,ITEM_HYPER_POTION_RECIPE,0,0,0,0,0,0,FALSE,FALSE,0,0,,
1659,ITEM_MAX_POTION_RECIPE,0,0,0,0,0,0,FALSE,FALSE,0,0,,
1660,ITEM_FULL_RESTORE_RECIPE,0,0,0,0,0,0,FALSE,FALSE,0,0,,
1661,ITEM_REMEDY_RECIPE,0,0,0,0,0,0,FALSE,FALSE,0,0,,
1662,ITEM_FINE_REMEDY_RECIPE,0,0,0,0,0,0,FALSE,FALSE,0,0,,
1663,ITEM_SUPERB_REMEDY_RECIPE,0,0,0,0,0,0,FALSE,FALSE,0,0,,
1664,ITEM_OLD_GATEAU_RECIPE,0,0,0,0,0,0,FALSE,FALSE,0,0,,
1665,ITEM_JUBILIFE_MUFFIN_RECIPE,0,0,0,0,0,0,FALSE,FALSE,0,0,,
1666,ITEM_FULL_HEAL_RECIPE,0,0,0,0,0,0,FALSE,FALSE,0,0,,
1667,ITEM_REVIVE_RECIPE,0,0,0,0,0,0,FALSE,FALSE,0,0,,
1668,ITEM_MAX_REVIVE_RECIPE,0,0,0,0,0,0,FALSE,FALSE,0,0,,
1669,ITEM_MAX_ETHER_RECIPE,0,0,0,0,0,0,FALSE,FALSE,0,0,,
1670,ITEM_MAX_ELIXIR_RECIPE,0,0,0,0,0,0,FALSE,FALSE,0,0,,
1671,ITEM_STEALTH_SPRAY_RECIPE,0,0,0,0,0,0,FALSE,FALSE,0,0,,
1672,ITEM_UNKNOWN_1672,0,0,0,0,0,0,FALSE,FALSE,0,0,,
1673,ITEM_AUX_POWER_RECIPE,0,0,0,0,0,0,FALSE,FALSE,0,0,,
1674,ITEM_AUX_GUARD_RECIPE_RECIPE,0,0,0,0,0,0,FALSE,FALSE,0,0,,
1675,ITEM_DIRE_HIT_RECIPE,0,0,0,0,0,0,FALSE,FALSE,0,0,,
1676,ITEM_AUX_EVASION_RECIPE,0,0,0,0,0,0,FALSE,FALSE,0,0,,
1677,ITEM_AUX_POWERGUARD_RECIPE,0,0,0,0,0,0,FALSE,FALSE,0,0,,
1678,ITEM_FOREST_BALM,0,0,0,0,0,0,FALSE,FALSE,0,0,,
1679,ITEM_IRON_CHUNK,0,0,0,0,0,0,FALSE,FALSE,0,0,,
1680,ITEM_UNKNOWN_1680,0,0,0,0,0,0,FALSE,FALSE,0,0,,
1681,ITEM_BLACK_TUMBLESTONE,0,0,0,0,0,0,FALSE,FALSE,0,0,,
1682,ITEM_SKY_TUMBLESTONE,0,0,0,0,0,0,FALSE,FALSE,0,0,,
1683,ITEM_UNKNOWN_1683,0,0,0,0,0,0,FALSE,FALSE,0,0,,
1684,ITEM_BALL_OF_MUD,0,0,0,0,0,0,FALSE,FALSE,0,0,,
1685,ITEM_UNKNOWN_1685,0,0,0,0,0,0,FALSE,FALSE,0,0,,
1686,ITEM_POP_POD,0,0,0,0,0,0,FALSE,FALSE,0,0,,
1687,ITEM_SOOTFOOT_ROOT,0,0,0,0,0,0,FALSE,FALSE,0,0,,
1688,ITEM_SPOILED_APRICORN,0,0,0,0,0,0,FALSE,FALSE,0,0,,
1689,ITEM_SNOWBALL_PLA,0,0,0,0,0,0,FALSE,FALSE,0,0,,
1690,ITEM_STICKY_GLOB,0,0,0,0,0,0,FALSE,FALSE,0,0,,
1691,ITEM_BLACK_AUGURITE,8000,4000,0,0,30,0,FALSE,FALSE,20,0,,
1692,ITEM_PEAT_BLOCK,2100,1050,0,0,10,0,FALSE,FALSE,20,0,,
1693,ITEM_STEALTH_SPRAY,0,0,0,0,0,0,FALSE,FALSE,0,0,,
1694,ITEM_MEDICINAL_LEEK,0,0,0,0,0,0,FALSE,FALSE,0,0,,
1695,ITEM_VIVICHOKE,0,0,0,0,0,0,FALSE,FALSE,0,0,,
1696,ITEM_PEP_UP_PLANT,0,0,0,0,0,0,FALSE,FALSE,0,0,,
1697,ITEM_UNKNOWN_1697,0,0,0,0,0,0,FALSE,FALSE,0,0,,
1698,ITEM_UNKNOWN_1698,0,0,0,0,0,0,FALSE,FALSE,0,0,,
1699,ITEM_TEMPTING_CHARM_B,0,0,0,0,0,0,FALSE,FALSE,0,0,,
1700,ITEM_TEMPTING_CHARM_P,0,0,0,0,0,0,FALSE,FALSE,0,0,,
1701,ITEM_SWORDCAP,0,0,0,0,0,0,FALSE,FALSE,0,0,,
1702,ITEM_IRON_BARKTONGUE,0,0,0,0,0,0,FALSE,FALSE,0,0,,
1703,ITEM_DOPPEL_BONNETS,0,0,0,0,0,0,FALSE,FALSE,0,0,,
1704,ITEM_DIRESHROOM,0,0,0,0,0,0,FALSE,FALSE,0,0,,
1705,ITEM_SAND_RADISH,0,0,0,0,0,0,FALSE,FALSE,0,0,,
1706,ITEM_TEMPTING_CHARM_T,0,0,0,0,0,0,FALSE,FALSE,0,0,,
1707,ITEM_TEMPTING_CHARM_Y,0,0,0,0,0,0,FALSE,FALSE,0,0,,
1708,ITEM_CANDY_TRUFFLE,0,0,0,0,0,0,FALSE,FALSE,0,0,,
1709,ITEM_CAKE_LURE_BASE,0,0,0,0,0,0,FALSE,FALSE,0,0,,
1710,ITEM_POKE_BALL_PLA,0,0,0,0,0,0,FALSE,FALSE,0,0,,
1711,ITEM_GREAT_BALL_PLA,0,0,0,0,0,0,FALSE,FALSE,0,0,,
1712,ITEM_ULTRA_BALL_PLA,0,0,0,0,0,0,FALSE,FALSE,0,0,,
1713,ITEM_FEATHER_BALL,0,0,0,0,0,0,FALSE,FALSE,0,0,,
1714,ITEM_UNKNOWN_1714,0,0,0,0,0,0,FALSE,FALSE,0,0,,
1715,ITEM_UNKNOWN_1715,0,0,0,0,0,0,FALSE,FALSE,0,0,,
1716,ITEM_SCATTER_BANG,0,0,0,0,0,0,FALSE,FALSE,0,0,,
1717,ITEM_SMOKE_BOMB,0,0,0,0,0,0,FALSE,FALSE,0,0,,
1718,ITEM_UNKNOWN_1718,0,0,0,0,0,0,FALSE,FALSE,0,0,,
1719,ITEM_UNKNOWN_1719,0,0,0,0,0,0,FALSE,FALSE,0,0,,
1720,ITEM_POKESHI_DOLL,0,0,0,0,0,0,FALSE,FALSE,0,0,,
1721,ITEM_VOLCANO_BALM,0,0,0,0,0,0,FALSE,FALSE,0,0,,
1722,ITEM_MOUNTAIN_BALM,0,0,0,0,0,0,FALSE,FALSE,0,0,,
1723,ITEM_SNOW_BALM,0,0,0,0,0,0,FALSE,FALSE,0,0,,
1724,ITEM_HONEY_CAKE,0,0,0,0,0,0,FALSE,FALSE,0,0,,
1725,ITEM_GRAIN_CAKE,0,0,0,0,0,0,FALSE,FALSE,0,0,,
1726,ITEM_BEAN_CAKE,0,0,0,0,0,0,FALSE,FALSE,0,0,,
1727,ITEM_MUSHROOM_CAKE,0,0,0,0,0,0,FALSE,FALSE,0,0,,
1728,ITEM_SALT_CAKE,0,0,0,0,0,0,FALSE,FALSE,0,0,,
1729,ITEM_SWAP_SNACK_RECIPE,0,0,0,0,0,0,FALSE,FALSE,0,0,,
1730,ITEM_CHOICE_DUMPLING_RECIPE,0,0,0,0,0,0,FALSE,FALSE,0,0,,
1731,ITEM_TWICE_SPICED_RADISH_RECIPE,0,0,0,0,0,0,FALSE,FALSE,0,0,,
1732,ITEM_SURVIVAL_CHARM_R,0,0,0,0,0,0,FALSE,FALSE,0,0,,
1733,ITEM_SURVIVAL_CHARM_B,0,0,0,0,0,0,FALSE,FALSE,0,0,,
1734,ITEM_SURVIVAL_CHARM_P,0,0,0,0,0,0,FALSE,FALSE,0,0,,
1735,ITEM_SURVIVAL_CHARM_T,0,0,0,0,0,0,FALSE,FALSE,0,0,,
1736,ITEM_SURVIVAL_CHARM_Y,0,0,0,0,0,0,FALSE,FALSE,0,0,,
1737,ITEM_TORN_JOURNAL,0,0,0,0,0,0,FALSE,FALSE,0,0,,
1738,ITEM_WARDING_CHARM_R,0,0,0,0,0,0,FALSE,FALSE,0,0,,
1739,ITEM_WARDING_CHARM_B,0,0,0,0,0,0,FALSE,FALSE,0,0,,
1740,ITEM_WARDING_CHARM_P,0,0,0,0,0,0,FALSE,FALSE,0,0,,
1741,ITEM_WARDING_CHARM_T,0,0,0,0,0,0,FALSE,FALSE,0,0,,
1742,ITEM_WARDING_CHARM_Y,0,0,0,0,0,0,FALSE,FALSE,0,0,,
1743,ITEM_WALL_FRAGMENT,0,0,0,0,0,0,FALSE,FALSE,0,0,,
1744,ITEM_BASCULEGION_FOOD,0,0,0,0,0,0,FALSE,FALSE,0,0,,
1745,ITEM_OLD_JOURNAL,0,0,0,0,0,0,FALSE,FALSE,0,0,,
1746,ITEM_WING_BALL,0,0,0,0,0,0,FALSE,FALSE,0,0,,
1747,ITEM_JET_BALL,0,0,0,0,0,0,FALSE,FALSE,0,0,,
1748,ITEM_HEAVY_BALL_PLA,0,0,0,0,0,0,FALSE,FALSE,0,0,,
1749,ITEM_LEADEN_BALL,0,0,0,0,0,0,FALSE,FALSE,0,0,,
1750,ITEM_GIGATON_BALL,0,0,0,0,0,0,FALSE,FALSE,0,0,,
1751,ITEM_WING_BALL_RECIPE,0,0,0,0,0,0,FALSE,FALSE,0,0,,
1752,ITEM_JET_BALL_RECIPE,0,0,0,0,0,0,FALSE,FALSE,0,0,,
1753,ITEM_HEAVY_BALL_RECIPE,0,0,0,0,0,0,FALSE,FALSE,0,0,,
1754,ITEM_HOPO_BERRY,0,0,0,0,0,0,FALSE,FALSE,0,0,,
1755,ITEM_SUPERB_REMEDY,0,0,0,0,0,0,FALSE,FALSE,0,0,,
1756,ITEM_AUX_POWER,0,0,0,0,0,0,FALSE,FALSE,0,0,,
1757,ITEM_AUX_GUARD,0,0,0,0,0,0,FALSE,FALSE,0,0,,
1758,ITEM_AUX_EVASION,0,0,0,0,0,0,FALSE,FALSE,0,0,,
1759,ITEM_GRIT_DUST,0,0,0,0,0,0,FALSE,FALSE,0,0,,
1760,ITEM_GRIT_GRAVEL,0,0,0,0,0,0,FALSE,FALSE,0,0,,
1761,ITEM_GRIT_PEBBLE,0,0,0,0,0,0,FALSE,FALSE,0,0,,
1762,ITEM_GRIT_ROCK,0,0,0,0,0,0,FALSE,FALSE,0,0,,
1763,ITEM_SECRET_MEDICINE_PLA,0,0,0,0,0,0,FALSE,FALSE,0,0,,
1764,ITEM_TEMPTING_CHARM_R,0,0,0,0,0,0,FALSE,FALSE,0,0,,
1765,ITEM_LOST_SATCHEL_1,0,0,0,0,0,0,FALSE,FALSE,0,0,,
1766,ITEM_LOST_SATCHEL_2,0,0,0,0,0,0,FALSE,FALSE,0,0,,
1767,ITEM_LOST_SATCHEL_3,0,0,0,0,0,0,FALSE,FALSE,0,0,,
1768,ITEM_LOST_SATCHEL_4,0,0,0,0,0,0,FALSE,FALSE,0,0,,
1769,ITEM_LOST_SATCHEL_5,0,0,0,0,0,0,FALSE,FALSE,0,0,,
1770,ITEM_UNKNOWN_1770,0,0,0,0,0,0,FALSE,FALSE,0,0,,
1771,ITEM_ORIGIN_BALL,0,0,0,0,0,0,FALSE,FALSE,0,0,,
1772,ITEM_UNKNOWN_1772,0,0,0,0,0,0,FALSE,FALSE,0,0,,
1773,ITEM_UNKNOWN_1773,0,0,0,0,0,0,FALSE,FALSE,0,0,,
1774,ITEM_UNKNOWN_1774,0,0,0,0,0,0,FALSE,FALSE,0,0,,
1775,ITEM_UNKNOWN_1775,0,0,0,0,0,0,FALSE,FALSE,0,0,,
1776,ITEM_ORIGIN_ORE,0,0,0,0,0,0,FALSE,FALSE,0,0,,
1777,ITEM_ADAMANT_CRYSTAL,10000,5000,0,20,60,0,FALSE,FALSE,0,0,,
1778,ITEM_LUSTROUS_GLOBE,200,100,0,20,30,0,FALSE,FALSE,0,0,,
1779,ITEM_GRISEOUS_CORE,10000,5000,0,20,60,0,FALSE,FALSE,0,0,,
1780,ITEM_BLANK_PLATE,1000,500,0,20,90,0,FALSE,FALSE,0,0,,
1781,ITEM_UNKNOWN_1781,0,0,0,0,0,0,FALSE,FALSE,0,0,,
1782,ITEM_CRAFTING_KIT,0,0,0,0,0,0,FALSE,FALSE,0,0,,
1783,ITEM_LEADEN_BALL_RECIPE,0,0,0,0,0,0,FALSE,FALSE,0,0,,
1784,ITEM_GIGATON_BALL_RECIPE,0,0,0,0,0,0,FALSE,FALSE,0,0,,
1785,ITEM_STRANGE_BALL,0,0,0,0,0,0,FALSE,FALSE,0,0,,
1786,ITEM_POKEDEX,0,0,0,0,0,0,FALSE,FALSE,0,0,,
1787,ITEM_OLD_VERSE_1,0,0,0,0,0,0,FALSE,FALSE,0,0,,
1788,ITEM_OLD_VERSE_2,0,0,0,0,0,0,FALSE,FALSE,0,0,,
1789,ITEM_OLD_VERSE_3,0,0,0,0,0,0,FALSE,FALSE,0,0,,
1790,ITEM_OLD_VERSE_4,0,0,0,0,0,0,FALSE,FALSE,0,0,,
1791,ITEM_UNKNOWN_1791,0,0,0,0,0,0,FALSE,FALSE,0,0,,
1792,ITEM_OLD_VERSE_5,0,0,0,0,0,0,FALSE,FALSE,0,0,,
1793,ITEM_OLD_VERSE_6,0,0,0,0,0,0,FALSE,FALSE,0,0,,
1794,ITEM_OLD_VERSE_7,0,0,0,0,0,0,FALSE,FALSE,0,0,,
1795,ITEM_OLD_VERSE_8,0,0,0,0,0,0,FALSE,FALSE,0,0,,
1796,ITEM_OLD_VERSE_9,0,0,0,0,0,0,FALSE,FALSE,0,0,,
1797,ITEM_OLD_VERSE_10,0,0,0,0,0,0,FALSE,FALSE,0,0,,
1798,ITEM_OLD_VERSE_11,0,0,0,0,0,0,FALSE,FALSE,0,0,,
1799,ITEM_OLD_VERSE_12,0,0,0,0,0,0,FALSE,FALSE,0,0,,
1800,ITEM_OLD_VERSE_13,0,0,0,0,0,0,FALSE,FALSE,0,0,,
1801,ITEM_OLD_VERSE_14,0,0,0,0,0,0,FALSE,FALSE,0,0,,
1802,ITEM_OLD_VERSE_15,0,0,0,0,0,0,FALSE,FALSE,0,0,,
1803,ITEM_OLD_VERSE_16,0,0,0,0,0,0,FALSE,FALSE,0,0,,
1804,ITEM_OLD_VERSE_17,0,0,0,0,0,0,FALSE,FALSE,0,0,,
1805,ITEM_OLD_VERSE_18,0,0,0,0,0,0,FALSE,FALSE,0,0,,
1806,ITEM_OLD_VERSE_19,0,0,0,0,0,0,FALSE,FALSE,0,0,,
1807,ITEM_OLD_VERSE_20,0,0,0,0,0,0,FALSE,FALSE,0,0,,
1808,ITEM_MYSTERIOUS_SHARD_S,0,0,0,0,0,0,FALSE,FALSE,0,0,,
1809,ITEM_MYSTERIOUS_SHARD_L,0,0,0,0,0,0,FALSE,FALSE,0,0,,
1810,ITEM_DIGGER_DRILL,0,0,0,0,0,0,FALSE,FALSE,0,0,,
1811,ITEM_KANTO_SLATE,0,0,0,0,0,0,FALSE,FALSE,0,0,,
1812,ITEM_JOHTO_SLATE,0,0,0,0,0,0,FALSE,FALSE,0,0,,
1813,ITEM_SOUL_SLATE,0,0,0,0,0,0,FALSE,FALSE,0,0,,
1814,ITEM_RAINBOW_SLATE,0,0,0,0,0,0,FALSE,FALSE,0,0,,
1815,ITEM_SQUALL_SLATE,0,0,0,0,0,0,FALSE,FALSE,0,0,,
1816,ITEM_OCEANIC_SLATE,0,0,0,0,0,0,FALSE,FALSE,0,0,,
1817,ITEM_TECTONIC_SLATE,0,0,0,0,0,0,FALSE,FALSE,0,0,,
1818,ITEM_STRATOSPHERIC_SLATE,0,0,0,0,0,0,FALSE,FALSE,0,0,,
1819,ITEM_GENOME_SLATE,0,0,0,0,0,0,FALSE,FALSE,0,0,,
1820,ITEM_DISCOVERY_SLATE,0,0,0,0,0,0,FALSE,FALSE,0,0,,
1821,ITEM_DISTORTION_SLATE,0,0,0,0,0,0,FALSE,FALSE,0,0,,
1822,ITEM_DS_SOUNDS,0,0,0,0,0,0,FALSE,FALSE,0,0,,
1823,ITEM_NONE_1823,0,0,0,0,0,0,FALSE,FALSE,0,0,,
1824,ITEM_NONE_1824,0,0,0,0,0,0,FALSE,FALSE,0,0,,
1825,ITEM_NONE_1825,0,0,0,0,0,0,FALSE,FALSE,0,0,,
1826,ITEM_NONE_1826,0,0,0,0,0,0,FALSE,FALSE,0,0,,
1827,ITEM_NONE_1827,0,0,0,0,0,0,FALSE,FALSE,0,0,,
1829,ITEM_ROTOM_PHONE,0,0,0,0,0,0,FALSE,FALSE,0,0,,
1830,ITEM_SANDWICH,0,0,0,0,0,0,FALSE,FALSE,0,0,,
1831,ITEM_KORAIDONS_POKE_BALL,0,0,0,0,0,0,FALSE,FALSE,0,0,,
1832,ITEM_MIRAIDONS_POKE_BALL,0,0,0,0,0,0,FALSE,FALSE,0,0,,
1833,ITEM_TERA_ORB,0,0,0,0,0,0,FALSE,FALSE,0,0,,
1834,ITEM_SCARLET_BOOK,0,0,0,0,0,0,FALSE,FALSE,0,0,,
1835,ITEM_VIOLET_BOOK,0,0,0,0,0,0,FALSE,FALSE,0,0,,
1836,ITEM_KOFUS_WALLET,0,0,0,0,0,0,FALSE,FALSE,0,0,,
1837,ITEM_NONE_1837,0,0,0,0,0,0,FALSE,FALSE,0,0,,
1838,ITEM_NONE_1838,0,0,0,0,0,0,FALSE,FALSE,0,0,,
1839,ITEM_NONE_1839,0,0,0,0,0,0,FALSE,FALSE,0,0,,
1840,ITEM_NONE_1840,0,0,0,0,0,0,FALSE,FALSE,0,0,,
1841,ITEM_NONE_1841,0,0,0,0,0,0,FALSE,FALSE,0,0,,
1842,ITEM_TINY_BAMBOO_SHOOT,1500,750,0,0,30,0,FALSE,FALSE,0,0,,
1843,ITEM_BIG_BAMBOO_SHOOT,6000,3000,0,0,30,0,FALSE,FALSE,0,0,,
1844,ITEM_NONE_1844,0,0,0,0,0,0,FALSE,FALSE,0,0,,
1845,ITEM_NONE_1845,0,0,0,0,0,0,FALSE,FALSE,0,0,,
1846,ITEM_NONE_1846,0,0,0,0,0,0,FALSE,FALSE,0,0,,
1847,ITEM_NONE_1847,0,0,0,0,0,0,FALSE,FALSE,0,0,,
1848,ITEM_NONE_1848,0,0,0,0,0,0,FALSE,FALSE,0,0,,
1849,ITEM_NONE_1849,0,0,0,0,0,0,FALSE,FALSE,0,0,,
1850,ITEM_NONE_1850,0,0,0,0,0,0,FALSE,FALSE,0,0,,
1851,ITEM_NONE_1851,0,0,0,0,0,0,FALSE,FALSE,0,0,,
1852,ITEM_NONE_1852,0,0,0,0,0,0,FALSE,FALSE,0,0,,
1853,ITEM_NONE_1853,0,0,0,0,0,0,FALSE,FALSE,0,0,,
1854,ITEM_NONE_1854,0,0,0,0,0,0,FALSE,FALSE,0,0,,
1855,ITEM_NONE_1855,0,0,0,0,0,0,FALSE,FALSE,0,0,,
1856,ITEM_NONE_1856,0,0,0,0,0,0,FALSE,FALSE,0,0,,
1859,ITEM_NONE_1859,0,0,0,0,0,0,FALSE,FALSE,0,0,,
1860,ITEM_NONE_1860,0,0,0,0,0,0,FALSE,FALSE,0,0,,
1861,ITEM_MALICIOUS_ARMOR,3000,1500,0,0,30,0,FALSE,FALSE,20,0,,
1862,ITEM_NORMAL_TERA_SHARD,2000,1000,0,0,30,0,FALSE,FALSE,0,0,,
1863,ITEM_FIRE_TERA_SHARD,2000,1000,0,0,30,0,FALSE,FALSE,0,0,,
1864,ITEM_WATER_TERA_SHARD,2000,1000,0,0,30,0,FALSE,FALSE,0,0,,
1865,ITEM_ELECTRIC_TERA_SHARD,2000,1000,0,0,30,0,FALSE,FALSE,0,0,,
1866,ITEM_GRASS_TERA_SHARD,2000,1000,0,0,30,0,FALSE,FALSE,0,0,,
1867,ITEM_ICE_TERA_SHARD,2000,1000,0,0,30,0,FALSE,FALSE,0,0,,
1868,ITEM_FIGHTING_TERA_SHARD,2000,1000,0,0,30,0,FALSE,FALSE,0,0,,
1869,ITEM_POISON_TERA_SHARD,2000,1000,0,0,30,0,FALSE,FALSE,0,0,,
1870,ITEM_GROUND_TERA_SHARD,2000,1000,0,0,30,0,FALSE,FALSE,0,0,,
1871,ITEM_FLYING_TERA_SHARD,2000,1000,0,0,30,0,FALSE,FALSE,0,0,,
1872,ITEM_PSYCHIC_TERA_SHARD,2000,1000,0,0,30,0,FALSE,FALSE,0,0,,
1873,ITEM_BUG_TERA_SHARD,2000,1000,0,0,30,0,FALSE,FALSE,0,0,,
1874,ITEM_ROCK_TERA_SHARD,2000,1000,0,0,30,0,FALSE,FALSE,0,0,,
1875,ITEM_GHOST_TERA_SHARD,2000,1000,0,0,30,0,FALSE,FALSE,0,0,,
1876,ITEM_DRAGON_TERA_SHARD,2000,1000,0,0,30,0,FALSE,FALSE,0,0,,
1877,ITEM_DARK_TERA_SHARD,2000,1000,0,0,30,0,FALSE,FALSE,0,0,,
1878,ITEM_STEEL_TERA_SHARD,2000,1000,0,0,30,0,FALSE,FALSE,0,0,,
1879,ITEM_FAIRY_TERA_SHARD,2000,1000,0,0,30,0,FALSE,FALSE,0,0,,
1880,ITEM_BOOSTER_ENERGY,200,100,0,0,30,0,FALSE,FALSE,0,0,,
1881,ITEM_ABILITY_SHIELD,20000,10000,0,0,30,0,FALSE,FALSE,0,0,,
1882,ITEM_CLEAR_AMULET,30000,15000,0,0,30,0,FALSE,FALSE,0,0,,
1883,ITEM_MIRROR_HERB,30000,15000,0,0,30,0,FALSE,FALSE,0,0,,
1884,ITEM_PUNCHING_GLOVE,15000,7500,0,10,30,0,FALSE,FALSE,0,0,,
1885,ITEM_COVERT_CLOAK,20000,10000,0,0,30,0,FALSE,FALSE,0,0,,
1886,ITEM_LOADED_DICE,20000,10000,0,0,30,0,FALSE,FALSE,0,0,,
1887,ITEM_NONE_1887,0,0,0,0,0,0,FALSE,FALSE,0,0,,
1888,ITEM_BAGUETTE,0,0,0,0,0,0,FALSE,FALSE,0,0,,
1889,ITEM_MAYONNAISE,120,60,0,0,0,0,FALSE,FALSE,0,0,,
1890,ITEM_KETCHUP,110,55,0,0,0,0,FALSE,FALSE,0,0,,
1891,ITEM_MUSTARD,130,65,0,0,0,0,FALSE,FALSE,0,0,,
1892,ITEM_BUTTER,250,125,0,0,0,0,FALSE,FALSE,0,0,,
1893,ITEM_PEANUT_BUTTER,300,150,0,0,0,0,FALSE,FALSE,0,0,,
1894,ITEM_CHILI_SAUCE,320,160,0,0,0,0,FALSE,FALSE,0,0,,
1895,ITEM_SALT,90,45,0,0,0,0,FALSE,FALSE,0,0,,
1896,ITEM_PEPPER,100,50,0,0,0,0,FALSE,FALSE,0,0,,
1897,ITEM_YOGURT,140,70,0,0,0,0,FALSE,FALSE,0,0,,
1898,ITEM_WHIPPED_CREAM,200,100,0,0,0,0,FALSE,FALSE,0,0,,
1899,ITEM_CREAM_CHEESE,280,140,0,0,0,0,FALSE,FALSE,0,0,,
1900,ITEM_JAM,120,60,0,0,0,0,FALSE,FALSE,0,0,,
1901,ITEM_MARMALADE,260,130,0,0,0,0,FALSE,FALSE,0,0,,
1902,ITEM_OLIVE_OIL,300,150,0,0,0,0,FALSE,FALSE,0,0,,
1903,ITEM_VINEGAR,300,150,0,0,0,0,FALSE,FALSE,0,0,,
1904,ITEM_SWEET_HERBA_MYSTICA,0,0,0,0,0,0,FALSE,FALSE,0,0,,
1905,ITEM_SALTY_HERBA_MYSTICA,0,0,0,0,0,0,FALSE,FALSE,0,0,,
1906,ITEM_SOUR_HERBA_MYSTICA,0,0,0,0,0,0,FALSE,FALSE,0,0,,
1907,ITEM_BITTER_HERBA_MYSTICA,0,0,0,0,0,0,FALSE,FALSE,0,0,,
1908,ITEM_SPICY_HERBA_MYSTICA,0,0,0,0,0,0,FALSE,FALSE,0,0,,
1909,ITEM_LETTUCE,90,45,0,0,0,0,FALSE,FALSE,0,0,,
1910,ITEM_TOMATO,100,50,0,0,0,0,FALSE,FALSE,0,0,,
1911,ITEM_CHERRY_TOMATOES,120,60,0,0,0,0,FALSE,FALSE,0,0,,
1912,ITEM_CUCUMBER,130,65,0,0,0,0,FALSE,FALSE,0,0,,
1913,ITEM_PICKLE,90,45,0,0,0,0,FALSE,FALSE,0,0,,
1914,ITEM_ONION,130,65,0,0,0,0,FALSE,FALSE,0,0,,
1915,ITEM_RED_ONION,230,115,0,0,0,0,FALSE,FALSE,0,0,,
1916,ITEM_GREEN_BELL_PEPPER,230,115,0,0,0,0,FALSE,FALSE,0,0,,
1917,ITEM_RED_BELL_PEPPER,240,120,0,0,0,0,FALSE,FALSE,0,0,,
1918,ITEM_YELLOW_BELL_PEPPER,240,120,0,0,0,0,FALSE,FALSE,0,0,,
1919,ITEM_AVOCADO,180,90,0,0,0,0,FALSE,FALSE,0,0,,
1920,ITEM_BACON,150,75,0,0,0,0,FALSE,FALSE,0,0,,
1921,ITEM_HAM,170,85,0,0,0,0,FALSE,FALSE,0,0,,
1922,ITEM_PROSCIUTTO,200,100,0,0,0,0,FALSE,FALSE,0,0,,
1923,ITEM_CHORIZO,150,75,0,0,0,0,FALSE,FALSE,0,0,,
1924,ITEM_HERBED_SAUSAGE,400,200,0,0,0,0,FALSE,FALSE,0,0,,
1925,ITEM_HAMBURGER,380,190,0,0,0,0,FALSE,FALSE,0,0,,
1926,ITEM_KLAWF_STICK,500,250,0,0,0,0,FALSE,FALSE,0,0,,
1927,ITEM_SMOKED_FILLET,330,165,0,0,0,0,FALSE,FALSE,0,0,,
1928,ITEM_FRIED_FILLET,360,180,0,0,0,0,FALSE,FALSE,0,0,,
1929,ITEM_EGG,80,40,0,0,0,0,FALSE,FALSE,0,0,,
1930,ITEM_POTATO_TORTILLA,250,125,0,0,0,0,FALSE,FALSE,0,0,,
1931,ITEM_TOFU,260,130,0,0,0,0,FALSE,FALSE,0,0,,
1932,ITEM_RICE,280,140,0,0,0,0,FALSE,FALSE,0,0,,
1933,ITEM_NOODLES,280,140,0,0,0,0,FALSE,FALSE,0,0,,
1934,ITEM_POTATO_SALAD,110,55,0,0,0,0,FALSE,FALSE,0,0,,
1935,ITEM_CHEESE,120,60,0,0,0,0,FALSE,FALSE,0,0,,
1936,ITEM_BANANA,80,40,0,0,0,0,FALSE,FALSE,0,0,,
1937,ITEM_STRAWBERRY,140,70,0,0,0,0,FALSE,FALSE,0,0,,
1938,ITEM_APPLE,130,65,0,0,0,0,FALSE,FALSE,0,0,,
1939,ITEM_KIWI,180,90,0,0,0,0,FALSE,FALSE,0,0,,
1940,ITEM_PINEAPPLE,250,125,0,0,0,0,FALSE,FALSE,0,0,,
1941,ITEM_JALAPENO,220,110,0,0,0,0,FALSE,FALSE,0,0,,
1942,ITEM_HORSERADISH,410,205,0,0,0,0,FALSE,FALSE,0,0,,
1943,ITEM_CURRY_POWDER,450,225,0,0,0,0,FALSE,FALSE,0,0,,
1944,ITEM_WASABI,330,165,0,0,0,0,FALSE,FALSE,0,0,,
1945,ITEM_WATERCRESS,270,135,0,0,0,0,FALSE,FALSE,0,0,,
1946,ITEM_BASIL,280,140,0,0,0,0,FALSE,FALSE,0,0,,
1947,ITEM_NONE_1947,0,0,0,0,0,0,FALSE,FALSE,0,0,,
1948,ITEM_NONE_1948,0,0,0,0,0,0,FALSE,FALSE,0,0,,
1949,ITEM_NONE_1949,0,0,0,0,0,0,FALSE,FALSE,0,0,,
1950,ITEM_NONE_1950,0,0,0,0,0,0,FALSE,FALSE,0,0,,
1951,ITEM_NONE_1951,0,0,0,0,0,0,FALSE,FALSE,0,0,,
1952,ITEM_NONE_1952,0,0,0,0,0,0,FALSE,FALSE,0,0,,
1953,ITEM_NONE_1953,0,0,0,0,0,0,FALSE,FALSE,0,0,,
1954,ITEM_NONE_1954,0,0,0,0,0,0,FALSE,FALSE,0,0,,
1955,ITEM_NONE_1955,0,0,0,0,0,0,FALSE,FALSE,0,0,,
1956,ITEM_VENONAT_FANG,80,40,0,0,0,0,FALSE,FALSE,0,0,,
1957,ITEM_DIGLETT_DIRT,80,40,0,0,0,0,FALSE,FALSE,0,0,,
1958,ITEM_MEOWTH_FUR,80,40,0,0,0,0,FALSE,FALSE,0,0,,
1959,ITEM_PSYDUCK_DOWN,60,30,0,0,0,0,FALSE,FALSE,0,0,,
1960,ITEM_MANKEY_FUR,80,40,0,0,0,0,FALSE,FALSE,0,0,,
1961,ITEM_GROWLITHE_FUR,80,40,0,0,0,0,FALSE,FALSE,0,0,,
1962,ITEM_SLOWPOKE_CLAW,80,40,0,0,0,0,FALSE,FALSE,0,0,,
1963,ITEM_MAGNEMITE_SCREW,80,40,0,0,0,0,FALSE,FALSE,0,0,,
1964,ITEM_GRIMER_TOXIN,80,40,0,0,0,0,FALSE,FALSE,0,0,,
1965,ITEM_SHELLDER_PEARL,140,70,0,0,0,0,FALSE,FALSE,0,0,,
1966,ITEM_GASTLY_GAS,80,40,0,0,0,0,FALSE,FALSE,0,0,,
1967,ITEM_DROWZEE_FUR,60,30,0,0,0,0,FALSE,FALSE,0,0,,
1968,ITEM_VOLTORB_SPARKS,80,40,0,0,0,0,FALSE,FALSE,0,0,,
1969,ITEM_SCYTHER_CLAW,100,50,0,0,0,0,FALSE,FALSE,0,0,,
1970,ITEM_TAUROS_HAIR,100,50,0,0,0,0,FALSE,FALSE,0,0,,
1971,ITEM_MAGIKARP_SCALES,40,20,0,0,0,0,FALSE,FALSE,0,0,,
1972,ITEM_DITTO_GOO,300,150,0,0,0,0,FALSE,FALSE,0,0,,
1973,ITEM_EEVEE_FUR,200,100,0,0,0,0,FALSE,FALSE,0,0,,
1974,ITEM_DRATINI_SCALES,200,100,0,0,0,0,FALSE,FALSE,0,0,,
1975,ITEM_PICHU_FUR,100,50,0,0,0,0,FALSE,FALSE,0,0,,
1976,ITEM_IGGLYBUFF_FLUFF,60,30,0,0,0,0,FALSE,FALSE,0,0,,
1977,ITEM_MAREEP_WOOL,60,30,0,0,0,0,FALSE,FALSE,0,0,,
1978,ITEM_HOPPIP_LEAF,60,30,0,0,0,0,FALSE,FALSE,0,0,,
1979,ITEM_SUNKERN_LEAF,60,30,0,0,0,0,FALSE,FALSE,0,0,,
1980,ITEM_MURKROW_BAUBLE,100,50,0,0,0,0,FALSE,FALSE,0,0,,
1981,ITEM_MISDREAVUS_TEARS,80,40,0,0,0,0,FALSE,FALSE,0,0,,
1982,ITEM_GIRAFARIG_FUR,100,50,0,0,0,0,FALSE,FALSE,0,0,,
1983,ITEM_PINECO_HUSK,80,40,0,0,0,0,FALSE,FALSE,0,0,,
1984,ITEM_DUNSPARCE_SCALES,120,60,0,0,0,0,FALSE,FALSE,0,0,,
1985,ITEM_QWILFISH_SPINES,80,40,0,0,0,0,FALSE,FALSE,0,0,,
1986,ITEM_HERACROSS_CLAW,100,50,0,0,0,0,FALSE,FALSE,0,0,,
1987,ITEM_SNEASEL_CLAW,80,40,0,0,0,0,FALSE,FALSE,0,0,,
1988,ITEM_TEDDIURSA_CLAW,80,40,0,0,0,0,FALSE,FALSE,0,0,,
1989,ITEM_DELIBIRD_PARCEL,240,120,0,0,0,0,FALSE,FALSE,0,0,,
1990,ITEM_HOUNDOUR_FANG,80,40,0,0,0,0,FALSE,FALSE,0,0,,
1991,ITEM_PHANPY_NAIL,80,40,0,0,0,0,FALSE,FALSE,0,0,,
1992,ITEM_STANTLER_HAIR,120,60,0,0,0,0,FALSE,FALSE,0,0,,
1993,ITEM_LARVITAR_CLAW,200,100,0,0,0,0,FALSE,FALSE,0,0,,
1994,ITEM_WINGULL_FEATHER,60,30,0,0,0,0,FALSE,FALSE,0,0,,
1995,ITEM_RALTS_DUST,80,40,0,0,0,0,FALSE,FALSE,0,0,,
1996,ITEM_SURSKIT_SYRUP,60,30,0,0,0,0,FALSE,FALSE,0,0,,
1997,ITEM_SHROOMISH_SPORES,80,40,0,0,0,0,FALSE,FALSE,0,0,,
1998,ITEM_SLAKOTH_FUR,60,30,0,0,0,0,FALSE,FALSE,0,0,,
1999,ITEM_MAKUHITA_SWEAT,80,40,0,0,0,0,FALSE,FALSE,0,0,,
2000,ITEM_AZURILL_FUR,60,30,0,0,0,0,FALSE,FALSE,0,0,,
2001,ITEM_SABLEYE_GEM,200,100,0,0,0,0,FALSE,FALSE,0,0,,
2002,ITEM_MEDITITE_SWEAT,80,40,0,0,0,0,FALSE,FALSE,0,0,,
2003,ITEM_GULPIN_MUCUS,80,40,0,0,0,0,FALSE,FALSE,0,0,,
2004,ITEM_NUMEL_LAVA,80,40,0,0,0,0,FALSE,FALSE,0,0,,
2005,ITEM_TORKOAL_COAL,140,70,0,0,0,0,FALSE,FALSE,0,0,,
2006,ITEM_SPOINK_PEARL,140,70,0,0,0,0,FALSE,FALSE,0,0,,
2007,ITEM_CACNEA_NEEDLE,80,40,0,0,0,0,FALSE,FALSE,0,0,,
2008,ITEM_SWABLU_FLUFF,100,50,0,0,0,0,FALSE,FALSE,0,0,,
2009,ITEM_ZANGOOSE_CLAW,120,60,0,0,0,0,FALSE,FALSE,0,0,,
2010,ITEM_SEVIPER_FANG,120,60,0,0,0,0,FALSE,FALSE,0,0,,
2011,ITEM_BARBOACH_SLIME,60,30,0,0,0,0,FALSE,FALSE,0,0,,
2012,ITEM_SHUPPET_SCRAP,80,40,0,0,0,0,FALSE,FALSE,0,0,,
2013,ITEM_TROPIUS_LEAF,140,70,0,0,0,0,FALSE,FALSE,0,0,,
2014,ITEM_SNORUNT_FUR,80,40,0,0,0,0,FALSE,FALSE,0,0,,
2015,ITEM_LUVDISC_SCALES,160,80,0,0,0,0,FALSE,FALSE,0,0,,
2016,ITEM_BAGON_SCALES,200,100,0,0,0,0,FALSE,FALSE,0,0,,
2017,ITEM_STARLY_FEATHER,60,30,0,0,0,0,FALSE,FALSE,0,0,,
2018,ITEM_KRICKETOT_SHELL,40,20,0,0,0,0,FALSE,FALSE,0,0,,
2019,ITEM_SHINX_FANG,60,30,0,0,0,0,FALSE,FALSE,0,0,,
2020,ITEM_COMBEE_HONEY,100,50,0,0,0,0,FALSE,FALSE,0,0,,
2021,ITEM_PACHIRISU_FUR,100,50,0,0,0,0,FALSE,FALSE,0,0,,
2022,ITEM_BUIZEL_FUR,80,40,0,0,0,0,FALSE,FALSE,0,0,,
2023,ITEM_SHELLOS_MUCUS,80,40,0,0,0,0,FALSE,FALSE,0,0,,
2024,ITEM_DRIFLOON_GAS,80,40,0,0,0,0,FALSE,FALSE,0,0,,
2025,ITEM_STUNKY_FUR,80,40,0,0,0,0,FALSE,FALSE,0,0,,
2026,ITEM_BRONZOR_FRAGMENT,80,40,0,0,0,0,FALSE,FALSE,0,0,,
2027,ITEM_BONSLY_TEARS,80,40,0,0,0,0,FALSE,FALSE,0,0,,
2028,ITEM_HAPPINY_DUST,300,150,0,0,0,0,FALSE,FALSE,0,0,,
2029,ITEM_SPIRITOMB_FRAGMENT,240,120,0,0,0,0,FALSE,FALSE,0,0,,
2030,ITEM_GIBLE_SCALES,200,100,0,0,0,0,FALSE,FALSE,0,0,,
2031,ITEM_RIOLU_FUR,160,80,0,0,0,0,FALSE,FALSE,0,0,,
2032,ITEM_HIPPOPOTAS_SAND,80,40,0,0,0,0,FALSE,FALSE,0,0,,
2033,ITEM_CROAGUNK_POISON,80,40,0,0,0,0,FALSE,FALSE,0,0,,
2034,ITEM_FINNEON_SCALES,80,40,0,0,0,0,FALSE,FALSE,0,0,,
2035,ITEM_SNOVER_BERRIES,60,30,0,0,0,0,FALSE,FALSE,0,0,,
2036,ITEM_ROTOM_SPARKS,200,100,0,0,0,0,FALSE,FALSE,0,0,,
2037,ITEM_PETILIL_LEAF,60,30,0,0,0,0,FALSE,FALSE,0,0,,
2038,ITEM_BASCULIN_FANG,80,40,0,0,0,0,FALSE,FALSE,0,0,,
2039,ITEM_SANDILE_CLAW,80,40,0,0,0,0,FALSE,FALSE,0,0,,
2040,ITEM_ZORUA_FUR,140,70,0,0,0,0,FALSE,FALSE,0,0,,
2041,ITEM_GOTHITA_EYELASH,80,40,0,0,0,0,FALSE,FALSE,0,0,,
2042,ITEM_DEERLING_HAIR,60,30,0,0,0,0,FALSE,FALSE,0,0,,
2043,ITEM_FOONGUS_SPORES,80,40,0,0,0,0,FALSE,FALSE,0,0,,
2044,ITEM_ALOMOMOLA_MUCUS,120,60,0,0,0,0,FALSE,FALSE,0,0,,
2045,ITEM_TYNAMO_SLIME,80,40,0,0,0,0,FALSE,FALSE,0,0,,
2046,ITEM_AXEW_SCALES,200,100,0,0,0,0,FALSE,FALSE,0,0,,
2047,ITEM_CUBCHOO_FUR,80,40,0,0,0,0,FALSE,FALSE,0,0,,
2048,ITEM_CRYOGONAL_ICE,100,50,0,0,0,0,FALSE,FALSE,0,0,,
2049,ITEM_PAWNIARD_BLADE,80,40,0,0,0,0,FALSE,FALSE,0,0,,
2050,ITEM_RUFFLET_FEATHER,80,40,0,0,0,0,FALSE,FALSE,0,0,,
2051,ITEM_DEINO_SCALES,200,100,0,0,0,0,FALSE,FALSE,0,0,,
2052,ITEM_LARVESTA_FUZZ,200,100,0,0,0,0,FALSE,FALSE,0,0,,
2053,ITEM_FLETCHLING_FEATHER,60,30,0,0,0,0,FALSE,FALSE,0,0,,
2054,ITEM_SCATTERBUG_POWDER,40,20,0,0,0,0,FALSE,FALSE,0,0,,
2055,ITEM_LITLEO_TUFT,80,40,0,0,0,0,FALSE,FALSE,0,0,,
2056,ITEM_FLABEBE_POLLEN,80,40,0,0,0,0,FALSE,FALSE,0,0,,
2057,ITEM_SKIDDO_LEAF,80,40,0,0,0,0,FALSE,FALSE,0,0,,
2058,ITEM_SKRELP_KELP,100,50,0,0,0,0,FALSE,FALSE,0,0,,
2059,ITEM_CLAUNCHER_CLAW,100,50,0,0,0,0,FALSE,FALSE,0,0,,
2060,ITEM_HAWLUCHA_DOWN,100,50,0,0,0,0,FALSE,FALSE,0,0,,
2061,ITEM_DEDENNE_FUR,100,50,0,0,0,0,FALSE,FALSE,0,0,,
2062,ITEM_GOOMY_GOO,140,70,0,0,0,0,FALSE,FALSE,0,0,,
2063,ITEM_KLEFKI_KEY,100,50,0,0,0,0,FALSE,FALSE,0,0,,
2064,ITEM_BERGMITE_ICE,80,40,0,0,0,0,FALSE,FALSE,0,0,,
2065,ITEM_NOIBAT_FUR,80,40,0,0,0,0,FALSE,FALSE,0,0,,
2066,ITEM_YUNGOOS_FUR,60,30,0,0,0,0,FALSE,FALSE,0,0,,
2067,ITEM_CRABRAWLER_SHELL,100,50,0,0,0,0,FALSE,FALSE,0,0,,
2068,ITEM_ORICORIO_FEATHER,100,50,0,0,0,0,FALSE,FALSE,0,0,,
2069,ITEM_ROCKRUFF_ROCK,80,40,0,0,0,0,FALSE,FALSE,0,0,,
2070,ITEM_MAREANIE_SPIKE,80,40,0,0,0,0,FALSE,FALSE,0,0,,
2071,ITEM_MUDBRAY_MUD,80,40,0,0,0,0,FALSE,FALSE,0,0,,
2072,ITEM_FOMANTIS_LEAF,80,40,0,0,0,0,FALSE,FALSE,0,0,,
2073,ITEM_SALANDIT_GAS,80,40,0,0,0,0,FALSE,FALSE,0,0,,
2074,ITEM_BOUNSWEET_SWEAT,80,40,0,0,0,0,FALSE,FALSE,0,0,,
2075,ITEM_ORANGURU_FUR,120,60,0,0,0,0,FALSE,FALSE,0,0,,
2076,ITEM_PASSIMIAN_FUR,120,60,0,0,0,0,FALSE,FALSE,0,0,,
2077,ITEM_SANDYGAST_SAND,80,40,0,0,0,0,FALSE,FALSE,0,0,,
2078,ITEM_KOMALA_CLAW,100,50,0,0,0,0,FALSE,FALSE,0,0,,
2079,ITEM_MIMIKYU_SCRAP,40,20,0,0,0,0,FALSE,FALSE,0,0,,
2080,ITEM_BRUXISH_TOOTH,100,50,0,0,0,0,FALSE,FALSE,0,0,,
2081,ITEM_CHEWTLE_CLAW,80,40,0,0,0,0,FALSE,FALSE,0,0,,
2082,ITEM_SKWOVET_FUR,60,30,0,0,0,0,FALSE,FALSE,0,0,,
2083,ITEM_ARROKUDA_SCALES,80,40,0,0,0,0,FALSE,FALSE,0,0,,
2084,ITEM_ROOKIDEE_FEATHER,80,40,0,0,0,0,FALSE,FALSE,0,0,,
2085,ITEM_TOXEL_SPARKS,80,40,0,0,0,0,FALSE,FALSE,0,0,,
2086,ITEM_FALINKS_SWEAT,120,60,0,0,0,0,FALSE,FALSE,0,0,,
2087,ITEM_CUFANT_TARNISH,80,40,0,0,0,0,FALSE,FALSE,0,0,,
2088,ITEM_ROLYCOLY_COAL,80,40,0,0,0,0,FALSE,FALSE,0,0,,
2089,ITEM_SILICOBRA_SAND,80,40,0,0,0,0,FALSE,FALSE,0,0,,
2090,ITEM_INDEEDEE_FUR,120,60,0,0,0,0,FALSE,FALSE,0,0,,
2091,ITEM_PINCURCHIN_SPINES,100,50,0,0,0,0,FALSE,FALSE,0,0,,
2092,ITEM_SNOM_THREAD,80,40,0,0,0,0,FALSE,FALSE,0,0,,
2093,ITEM_IMPIDIMP_HAIR,80,40,0,0,0,0,FALSE,FALSE,0,0,,
2094,ITEM_APPLIN_JUICE,100,50,0,0,0,0,FALSE,FALSE,0,0,,
2095,ITEM_SINISTEA_CHIP,80,40,0,0,0,0,FALSE,FALSE,0,0,,
2096,ITEM_HATENNA_DUST,80,40,0,0,0,0,FALSE,FALSE,0,0,,
2097,ITEM_STONJOURNER_STONE,120,60,0,0,0,0,FALSE,FALSE,0,0,,
2098,ITEM_EISCUE_DOWN,120,60,0,0,0,0,FALSE,FALSE,0,0,,
2099,ITEM_DREEPY_POWDER,200,100,0,0,0,0,FALSE,FALSE,0,0,,
2100,ITEM_NONE_2100,0,0,0,0,0,0,FALSE,FALSE,0,0,,
2101,ITEM_NONE_2101,0,0,0,0,0,0,FALSE,FALSE,0,0,,
2102,ITEM_NONE_2102,0,0,0,0,0,0,FALSE,FALSE,0,0,,
2103,ITEM_LECHONK_HAIR,60,30,0,0,0,0,FALSE,FALSE,0,0,,
2104,ITEM_TAROUNTULA_THREAD,60,30,0,0,0,0,FALSE,FALSE,0,0,,
2105,ITEM_NYMBLE_CLAW,60,30,0,0,0,0,FALSE,FALSE,0,0,,
2106,ITEM_RELLOR_MUD,80,40,0,0,0,0,FALSE,FALSE,0,0,,
2107,ITEM_GREAVARD_WAX,80,40,0,0,0,0,FALSE,FALSE,0,0,,
2108,ITEM_FLITTLE_DOWN,80,40,0,0,0,0,FALSE,FALSE,0,0,,
2109,ITEM_WIGLETT_SAND,80,40,0,0,0,0,FALSE,FALSE,0,0,,
2110,ITEM_DONDOZO_WHISKER,160,80,0,0,0,0,FALSE,FALSE,0,0,,
2111,ITEM_VELUZA_FILLET,140,70,0,0,0,0,FALSE,FALSE,0,0,,
2112,ITEM_FINIZEN_MUCUS,100,50,0,0,0,0,FALSE,FALSE,0,0,,
2113,ITEM_SMOLIV_OIL,80,40,0,0,0,0,FALSE,FALSE,0,0,,
2114,ITEM_CAPSAKID_SEED,80,40,0,0,0,0,FALSE,FALSE,0,0,,
2115,ITEM_TADBULB_MUCUS,80,40,0,0,0,0,FALSE,FALSE,0,0,,
2116,ITEM_VAROOM_FUME,80,40,0,0,0,0,FALSE,FALSE,0,0,,
2117,ITEM_ORTHWORM_TARNISH,200,100,0,0,0,0,FALSE,FALSE,0,0,,
2118,ITEM_TANDEMAUS_FUR,80,40,0,0,0,0,FALSE,FALSE,0,0,,
2119,ITEM_CETODDLE_GREASE,80,40,0,0,0,0,FALSE,FALSE,0,0,,
2120,ITEM_FRIGIBAX_SCALES,200,100,0,0,0,0,FALSE,FALSE,0,0,,
2121,ITEM_TATSUGIRI_SCALES,200,100,0,0,0,0,FALSE,FALSE,0,0,,
2122,ITEM_CYCLIZAR_SCALES,120,60,0,0,0,0,FALSE,FALSE,0,0,,
2123,ITEM_PAWMI_FUR,100,50,0,0,0,0,FALSE,FALSE,0,0,,
2124,ITEM_NONE_2124,0,0,0,0,0,0,FALSE,FALSE,0,0,,
2125,ITEM_NONE_2125,0,0,0,0,0,0,FALSE,FALSE,0,0,,
2126,ITEM_WATTREL_FEATHER,120,60,0,0,0,0,FALSE,FALSE,0,0,,
2127,ITEM_BOMBIRDIER_FEATHER,200,100,0,0,0,0,FALSE,FALSE,0,0,,
2128,ITEM_SQUAWKABILLY_FEATHER,80,40,0,0,0,0,FALSE,FALSE,0,0,,
2129,ITEM_FLAMIGO_DOWN,80,40,0,0,0,0,FALSE,FALSE,0,0,,
2130,ITEM_KLAWF_CLAW,200,100,0,0,0,0,FALSE,FALSE,0,0,,
2131,ITEM_NACLI_SALT,80,40,0,0,0,0,FALSE,FALSE,0,0,,
2132,ITEM_GLIMMET_CRYSTAL,120,60,0,0,0,0,FALSE,FALSE,0,0,,
2133,ITEM_SHROODLE_INK,80,40,0,0,0,0,FALSE,FALSE,0,0,,
2134,ITEM_FIDOUGH_FUR,80,40,0,0,0,0,FALSE,FALSE,0,0,,
2135,ITEM_MASCHIFF_FANG,80,40,0,0,0,0,FALSE,FALSE,0,0,,
2136,ITEM_BRAMBLIN_TWIG,80,40,0,0,0,0,FALSE,FALSE,0,0,,
2137,ITEM_GIMMIGHOUL_COIN,800,400,0,0,30,0,FALSE,FALSE,0,0,,
2138,ITEM_NONE_2138,0,0,0,0,0,0,FALSE,FALSE,0,0,,
2139,ITEM_NONE_2139,0,0,0,0,0,0,FALSE,FALSE,0,0,,
2140,ITEM_NONE_2140,0,0,0,0,0,0,FALSE,FALSE,0,0,,
2141,ITEM_NONE_2141,0,0,0,0,0,0,FALSE,FALSE,0,0,,
2142,ITEM_NONE_2142,0,0,0,0,0,0,FALSE,FALSE,0,0,,
2143,ITEM_NONE_2143,0,0,0,0,0,0,FALSE,FALSE,0,0,,
2144,ITEM_NONE_2144,0,0,0,0,0,0,FALSE,FALSE,0,0,,
2145,ITEM_NONE_2145,0,0,0,0,0,0,FALSE,FALSE,0,0,,
2146,ITEM_NONE_2146,0,0,0,0,0,0,FALSE,FALSE,0,0,,
2147,ITEM_NONE_2147,0,0,0,0,0,0,FALSE,FALSE,0,0,,
2148,ITEM_NONE_2148,0,0,0,0,0,0,FALSE,FALSE,0,0,,
2149,ITEM_NONE_2149,0,0,0,0,0,0,FALSE,FALSE,0,0,,
2150,ITEM_NONE_2150,0,0,0,0,0,0,FALSE,FALSE,0,0,,
2151,ITEM_NONE_2151,0,0,0,0,0,0,FALSE,FALSE,0,0,,
2152,ITEM_NONE_2152,0,0,0,0,0,0,FALSE,FALSE,0,0,,
2153,ITEM_NONE_2153,0,0,0,0,0,0,FALSE,FALSE,0,0,,
2154,ITEM_NONE_2154,0,0,0,0,0,0,FALSE,FALSE,0,0,,
2155,ITEM_NONE_2155,0,0,0,0,0,0,FALSE,FALSE,0,0,,
2156,ITEM_TINKATINK_HAIR,80,40,0,0,0,0,FALSE,FALSE,0,0,,
2157,ITEM_CHARCADET_SOOT,160,80,0,0,0,0,FALSE,FALSE,0,0,,
2158,ITEM_TOEDSCOOL_FLAPS,100,50,0,0,0,0,FALSE,FALSE,0,0,,
2159,ITEM_WOOPER_SLIME,60,30,0,0,0,0,FALSE,FALSE,0,0,,
2290,ITEM_NONE_2290,0,0,0,0,0,0,FALSE,FALSE,0,0,,
2291,ITEM_NONE_2291,0,0,0,0,0,0,FALSE,FALSE,0,0,,
2292,ITEM_NONE_2292,0,0,0,0,0,0,FALSE,FALSE,0,0,,
2293,ITEM_NONE_2293,0,0,0,0,0,0,FALSE,FALSE,0,0,,
2294,ITEM_NONE_2294,0,0,0,0,0,0,FALSE,FALSE,0,0,,
2295,ITEM_NONE_2295,0,0,0,0,0,0,FALSE,FALSE,0,0,,
2296,ITEM_NONE_2296,0,0,0,0,0,0,FALSE,FALSE,0,0,,
2297,ITEM_NONE_2297,0,0,0,0,0,0,FALSE,FALSE,0,0,,
2298,ITEM_NONE_2298,0,0,0,0,0,0,FALSE,FALSE,0,0,,
2299,ITEM_NONE_2299,0,0,0,0,0,0,FALSE,FALSE,0,0,,
2300,ITEM_NONE_2300,0,0,0,0,0,0,FALSE,FALSE,0,0,,
2301,ITEM_NONE_2301,0,0,0,0,0,0,FALSE,FALSE,0,0,,
2302,ITEM_NONE_2302,0,0,0,0,0,0,FALSE,FALSE,0,0,,
2303,ITEM_NONE_2303,0,0,0,0,0,0,FALSE,FALSE,0,0,,
2304,ITEM_NONE_2304,0,0,0,0,0,0,FALSE,FALSE,0,0,,
2305,ITEM_NONE_2305,0,0,0,0,0,0,FALSE,FALSE,0,0,,
2306,ITEM_NONE_2306,0,0,0,0,0,0,FALSE,FALSE,0,0,,
2307,ITEM_NONE_2307,0,0,0,0,0,0,FALSE,FALSE,0,0,,
2308,ITEM_NONE_2308,0,0,0,0,0,0,FALSE,FALSE,0,0,,
2309,ITEM_NONE_2309,0,0,0,0,0,0,FALSE,FALSE,0,0,,
2310,ITEM_NONE_2310,0,0,0,0,0,0,FALSE,FALSE,0,0,,
2311,ITEM_PICNIC_SET,0,0,0,0,0,0,FALSE,FALSE,0,0,,
2312,ITEM_NONE_2312,0,0,0,0,0,0,FALSE,FALSE,0,0,,
2313,ITEM_ACADEMY_BOTTLE_1,0,0,0,0,0,0,FALSE,FALSE,0,0,,
2314,ITEM_ACADEMY_BOTTLE_2,0,0,0,0,0,0,FALSE,FALSE,0,0,,
2315,ITEM_POLKA_DOT_BOTTLE,1000,500,0,0,0,0,FALSE,FALSE,0,0,,
2316,ITEM_STRIPED_BOTTLE,1000,500,0,0,0,0,FALSE,FALSE,0,0,,
2317,ITEM_DIAMOND_BOTTLE,1000,500,0,0,0,0,FALSE,FALSE,0,0,,
2318,ITEM_ACADEMY_CUP_1,0,0,0,0,0,0,FALSE,FALSE,0,0,,
2319,ITEM_ACADEMY_CUP_2,0,0,0,0,0,0,FALSE,FALSE,0,0,,
2320,ITEM_STRIPED_CUP,800,400,0,0,0,0,FALSE,FALSE,0,0,,
2321,ITEM_POLKA_DOT_CUP,800,400,0,0,0,0,FALSE,FALSE,0,0,,
2322,ITEM_FLOWER_PATTERN_CUP,800,400,0,0,0,0,FALSE,FALSE,0,0,,
2323,ITEM_ACADEMY_TABLECLOTH_1,0,0,0,0,0,0,FALSE,FALSE,0,0,,
2324,ITEM_ACADEMY_TABLECLOTH_2,0,0,0,0,0,0,FALSE,FALSE,0,0,,
2325,ITEM_WHIMSICAL_TABLECLOTH,2000,1000,0,0,0,0,FALSE,FALSE,0,0,,
2326,ITEM_LEAFY_TABLECLOTH,2000,1000,0,0,0,0,FALSE,FALSE,0,0,,
2327,ITEM_SPOOKY_TABLECLOTH,4000,2000,0,0,0,0,FALSE,FALSE,0,0,,
2328,ITEM_NONE_2328,0,0,0,0,0,0,FALSE,FALSE,0,0,,
2329,ITEM_ACADEMY_BALL_1,0,0,0,0,0,0,FALSE,FALSE,0,0,,
2330,ITEM_ACADEMY_BALL_2,0,0,0,0,0,0,FALSE,FALSE,0,0,,
2331,ITEM_MARILL_BALL,2000,1000,0,0,0,0,FALSE,FALSE,0,0,,
2332,ITEM_YARN_BALL,1000,500,0,0,0,0,FALSE,FALSE,0,0,,
2333,ITEM_CYBER_BALL,2000,1000,0,0,0,0,FALSE,FALSE,0,0,,
2334,ITEM_GOLD_PICK,400,200,0,0,0,0,FALSE,FALSE,0,0,,
2335,ITEM_SILVER_PICK,40,20,0,0,0,0,FALSE,FALSE,0,0,,
2336,ITEM_RED_FLAG_PICK,120,60,0,0,0,0,FALSE,FALSE,0,0,,
2337,ITEM_BLUE_FLAG_PICK,120,60,0,0,0,0,FALSE,FALSE,0,0,,
2338,ITEM_PIKA_PIKA_PICK,480,240,0,0,0,0,FALSE,FALSE,0,0,,
2339,ITEM_WINKING_PIKA_PICK,1200,600,0,0,0,0,FALSE,FALSE,0,0,,
2340,ITEM_VEE_VEE_PICK,480,240,0,0,0,0,FALSE,FALSE,0,0,,
2341,ITEM_SMILING_VEE_PICK,1200,600,0,0,0,0,FALSE,FALSE,0,0,,
2342,ITEM_BLUE_POKE_BALL_PICK,200,100,0,0,0,0,FALSE,FALSE,0,0,,
2343,ITEM_NONE_2343,0,0,0,0,0,0,FALSE,FALSE,0,0,,
2344,ITEM_AUSPICIOUS_ARMOR,3000,1500,0,0,30,0,FALSE,FALSE,20,0,,
2345,ITEM_LEADERS_CREST,3000,1500,0,0,10,0,FALSE,FALSE,0,0,,
2346,ITEM_NONE_2346,0,0,0,0,0,0,FALSE,FALSE,0,0,,
2347,ITEM_NONE_2347,0,0,0,0,0,0,FALSE,FALSE,0,0,,
2348,ITEM_PINK_BOTTLE,2000,1000,0,0,0,0,FALSE,FALSE,0,0,,
2349,ITEM_BLUE_BOTTLE,2000,1000,0,0,0,0,FALSE,FALSE,0,0,,
2350,ITEM_YELLOW_BOTTLE,2000,1000,0,0,0,0,FALSE,FALSE,0,0,,
2351,ITEM_STEEL_BOTTLE_R,1500,750,0,0,0,0,FALSE,FALSE,0,0,,
2352,ITEM_STEEL_BOTTLE_Y,1500,750,0,0,0,0,FALSE,FALSE,0,0,,
2353,ITEM_STEEL_BOTTLE_B,1500,750,0,0,0,0,FALSE,FALSE,0,0,,
2354,ITEM_SILVER_BOTTLE,20000,10000,0,0,0,0,FALSE,FALSE,0,0,,
2355,ITEM_BARRED_CUP,800,400,0,0,0,0,FALSE,FALSE,0,0,,
2356,ITEM_DIAMOND_PATTERN_CUP,800,400,0,0,0,0,FALSE,FALSE,0,0,,
2357,ITEM_FIRE_PATTERN_CUP,800,400,0,0,0,0,FALSE,FALSE,0,0,,
2358,ITEM_PINK_CUP,1500,750,0,0,0,0,FALSE,FALSE,0,0,,
2359,ITEM_BLUE_CUP,1500,750,0,0,0,0,FALSE,FALSE,0,0,,
2360,ITEM_YELLOW_CUP,1500,750,0,0,0,0,FALSE,FALSE,0,0,,
2361,ITEM_PIKACHU_CUP,2000,1000,0,0,0,0,FALSE,FALSE,0,0,,
2362,ITEM_EEVEE_CUP,2000,1000,0,0,0,0,FALSE,FALSE,0,0,,
2363,ITEM_SLOWPOKE_CUP,0,0,0,0,0,0,FALSE,FALSE,0,0,,
2364,ITEM_SILVER_CUP,10000,5000,0,0,0,0,FALSE,FALSE,0,0,,
2365,ITEM_EXERCISE_BALL,2000,1000,0,0,0,0,FALSE,FALSE,0,0,,
2366,ITEM_PLAID_TABLECLOTH_Y,3000,1500,0,0,0,0,FALSE,FALSE,0,0,,
2367,ITEM_PLAID_TABLECLOTH_B,3000,1500,0,0,0,0,FALSE,FALSE,0,0,,
2368,ITEM_PLAID_TABLECLOTH_R,3000,1500,0,0,0,0,FALSE,FALSE,0,0,,
2369,ITEM_B_W_GRASS_TABLECLOTH,0,0,0,0,0,0,FALSE,FALSE,0,0,,
2370,ITEM_BATTLE_TABLECLOTH,4000,2000,0,0,0,0,FALSE,FALSE,0,0,,
2371,ITEM_MONSTROUS_TABLECLOTH,2000,1000,0,0,0,0,FALSE,FALSE,0,0,,
2372,ITEM_STRIPED_TABLECLOTH,1500,750,0,0,0,0,FALSE,FALSE,0,0,,
2373,ITEM_DIAMOND_TABLECLOTH,1500,750,0,0,0,0,FALSE,FALSE,0,0,,
2374,ITEM_POLKA_DOT_TABLECLOTH,1500,750,0,0,0,0,FALSE,FALSE,0,0,,
2375,ITEM_LILAC_TABLECLOTH,1000,500,0,0,0,0,FALSE,FALSE,0,0,,
2376,ITEM_MINT_TABLECLOTH,1000,500,0,0,0,0,FALSE,FALSE,0,0,,
2377,ITEM_PEACH_TABLECLOTH,1000,500,0,0,0,0,FALSE,FALSE,0,0,,
2378,ITEM_YELLOW_TABLECLOTH,5000,2500,0,0,0,0,FALSE,FALSE,0,0,,
2379,ITEM_BLUE_TABLECLOTH,5000,2500,0,0,0,0,FALSE,FALSE,0,0,,
2380,ITEM_PINK_TABLECLOTH,5000,2500,0,0,0,0,FALSE,FALSE,0,0,,
2381,ITEM_GOLD_BOTTLE,30000,15000,0,0,0,0,FALSE,FALSE,0,0,,
2382,ITEM_BRONZE_BOTTLE,10000,5000,0,0,0,0,FALSE,FALSE,0,0,,
2383,ITEM_GOLD_CUP,15000,7500,0,0,0,0,FALSE,FALSE,0,0,,
2384,ITEM_BRONZE_CUP,5000,2500,0,0,0,0,FALSE,FALSE,0,0,,
2385,ITEM_GREEN_POKE_BALL_PICK,200,100,0,0,0,0,FALSE,FALSE,0,0,,
2386,ITEM_RED_POKE_BALL_PICK,200,100,0,0,0,0,FALSE,FALSE,0,0,,
2387,ITEM_PARTY_SPARKLER_PICK,1600,800,0,0,0,0,FALSE,FALSE,0,0,,
2388,ITEM_HEROIC_SWORD_PICK,2000,1000,0,0,0,0,FALSE,FALSE,0,0,,
2389,ITEM_MAGICAL_STAR_PICK,600,300,0,0,0,0,FALSE,FALSE,0,0,,
2390,ITEM_MAGICAL_HEART_PICK,600,300,0,0,0,0,FALSE,FALSE,0,0,,
2391,ITEM_PARASOL_PICK,800,400,0,0,0,0,FALSE,FALSE,0,0,,
2392,ITEM_BLUE_SKY_FLOWER_PICK,1000,500,0,0,0,0,FALSE,FALSE,0,0,,
2393,ITEM_SUNSET_FLOWER_PICK,1000,500,0,0,0,0,FALSE,FALSE,0,0,,
2394,ITEM_SUNRISE_FLOWER_PICK,1000,500,0,0,0,0,FALSE,FALSE,0,0,,
2395,ITEM_BLUE_DISH,500,250,0,0,0,0,FALSE,FALSE,0,0,,
2396,ITEM_GREEN_DISH,0,0,0,0,0,0,FALSE,FALSE,0,0,,
2397,ITEM_ORANGE_DISH,500,250,0,0,0,0,FALSE,FALSE,0,0,,
2398,ITEM_RED_DISH,500,250,0,0,0,0,FALSE,FALSE,0,0,,
2399,ITEM_WHITE_DISH,500,250,0,0,0,0,FALSE,FALSE,0,0,,
2400,ITEM_YELLOW_DISH,500,250,0,0,0,0,FALSE,FALSE,0,0,,
2401,ITEM_FAIRY_FEATHER,3000,1500,0,20,10,0,FALSE,FALSE,0,0,,
2402,ITEM_SYRUPY_APPLE,2200,1100,0,0,30,0,FALSE,FALSE,20,0,,
2403,ITEM_UNREMARKABLE_TEACUP,1600,800,0,0,30,0,FALSE,FALSE,20,0,,
2404,ITEM_MASTERPIECE_TEACUP,38000,19000,0,0,30,0,FALSE,FALSE,20,0,,
2405,ITEM_TEAL_MASK,0,0,0,0,60,0,FALSE,FALSE,0,0,,
2409,ITEM_TEAL_STYLE_CARD,0,0,0,0,0,0,FALSE,FALSE,0,0,,
2410,ITEM_CRYSTAL_CLUSTER,0,0,0,0,0,0,FALSE,FALSE,0,0,,
2411,ITEM_HEALTH_MOCHI,500,250,0,0,20,0,FALSE,FALSE,0,0,,
2412,ITEM_MUSCLE_MOCHI,500,250,0,0,20,0,FALSE,FALSE,0,0,,
2413,ITEM_RESIST_MOCHI,500,250,0,0,20,0,FALSE,FALSE,0,0,,
2414,ITEM_GENIUS_MOCHI,500,250,0,0,20,0,FALSE,FALSE,0,0,,
2415,ITEM_CLEVER_MOCHI,500,250,0,0,20,0,FALSE,FALSE,0,0,,
2416,ITEM_SWIFT_MOCHI,500,250,0,0,20,0,FALSE,FALSE,0,0,,
2417,ITEM_SIMPLE_CHAIRS,0,0,0,0,0,0,FALSE,FALSE,0,0,,
2418,ITEM_ACADEMY_CHAIRS_1,0,0,0,0,0,0,FALSE,FALSE,0,0,,
2419,ITEM_ACADEMY_CHAIRS_2,0,0,0,0,0,0,FALSE,FALSE,0,0,,
2420,ITEM_WHIMSICAL_CHAIRS,0,0,0,0,0,0,FALSE,FALSE,0,0,,
2421,ITEM_LEAFY_CHAIRS,0,0,0,0,0,0,FALSE,FALSE,0,0,,
2422,ITEM_SPOOKY_CHAIRS,0,0,0,0,0,0,FALSE,FALSE,0,0,,
2423,ITEM_PLAID_CHAIRS_Y,0,0,0,0,0,0,FALSE,FALSE,0,0,,
2424,ITEM_PLAID_CHAIRS_B,0,0,0,0,0,0,FALSE,FALSE,0,0,,
2425,ITEM_PLAID_CHAIRS_R,0,0,0,0,0,0,FALSE,FALSE,0,0,,
2426,ITEM_B_W_GRASS_CHAIRS,0,0,0,0,0,0,FALSE,FALSE,0,0,,
2427,ITEM_BATTLE_CHAIRS,0,0,0,0,0,0,FALSE,FALSE,0,0,,
2428,ITEM_MONSTROUS_CHAIRS,0,0,0,0,0,0,FALSE,FALSE,0,0,,
2429,ITEM_STRIPED_CHAIRS,0,0,0,0,0,0,FALSE,FALSE,0,0,,
2430,ITEM_DIAMOND_CHAIRS,0,0,0,0,0,0,FALSE,FALSE,0,0,,
2431,ITEM_POLKA_DOT_CHAIRS,0,0,0,0,0,0,FALSE,FALSE,0,0,,
2432,ITEM_LILAC_CHAIRS,0,0,0,0,0,0,FALSE,FALSE,0,0,,
2433,ITEM_MINT_CHAIRS,0,0,0,0,0,0,FALSE,FALSE,0,0,,
2434,ITEM_PEACH_CHAIRS,0,0,0,0,0,0,FALSE,FALSE,0,0,,
2435,ITEM_YELLOW_CHAIRS,0,0,0,0,0,0,FALSE,FALSE,0,0,,
2436,ITEM_BLUE_CHAIRS,0,0,0,0,0,0,FALSE,FALSE,0,0,,
2437,ITEM_PINK_CHAIRS,0,0,0,0,0,0,FALSE,FALSE,0,0,,
2438,ITEM_EKANS_FANG,60,30,0,0,0,0,FALSE,FALSE,0,0,,
2439,ITEM_SANDSHREW_CLAW,40,20,0,0,0,0,FALSE,FALSE,0,0,,
2440,ITEM_CLEFFA_FUR,100,50,0,0,0,0,FALSE,FALSE,0,0,,
2441,ITEM_VULPIX_FUR,140,70,0,0,0,0,FALSE,FALSE,0,0,,
2442,ITEM_POLIWAG_SLIME,140,70,0,0,0,0,FALSE,FALSE,0,0,,
2443,ITEM_BELLSPROUT_VINE,100,50,0,0,0,0,FALSE,FALSE,0,0,,
2444,ITEM_GEODUDE_FRAGMENT,120,60,0,0,0,0,FALSE,FALSE,0,0,,
2445,ITEM_KOFFING_GAS,100,50,0,0,0,0,FALSE,FALSE,0,0,,
2446,ITEM_MUNCHLAX_FANG,160,80,0,0,0,0,FALSE,FALSE,0,0,,
2447,ITEM_SENTRET_FUR,40,20,0,0,0,0,FALSE,FALSE,0,0,,
2448,ITEM_HOOTHOOT_FEATHER,60,30,0,0,0,0,FALSE,FALSE,0,0,,
2449,ITEM_SPINARAK_THREAD,40,20,0,0,0,0,FALSE,FALSE,0,0,,
2450,ITEM_AIPOM_HAIR,120,60,0,0,0,0,FALSE,FALSE,0,0,,
2451,ITEM_YANMA_SPIKE,140,70,0,0,0,0,FALSE,FALSE,0,0,,
2452,ITEM_GLIGAR_FANG,160,80,0,0,0,0,FALSE,FALSE,0,0,,
2453,ITEM_SLUGMA_LAVA,80,40,0,0,0,0,FALSE,FALSE,0,0,,
2454,ITEM_SWINUB_HAIR,140,70,0,0,0,0,FALSE,FALSE,0,0,,
2455,ITEM_POOCHYENA_FANG,60,30,0,0,0,0,FALSE,FALSE,0,0,,
2456,ITEM_LOTAD_LEAF,80,40,0,0,0,0,FALSE,FALSE,0,0,,
2457,ITEM_SEEDOT_STEM,80,40,0,0,0,0,FALSE,FALSE,0,0,,
2458,ITEM_NOSEPASS_FRAGMENT,160,80,0,0,0,0,FALSE,FALSE,0,0,,
2459,ITEM_VOLBEAT_FLUID,40,20,0,0,0,0,FALSE,FALSE,0,0,,
2460,ITEM_ILLUMISE_FLUID,40,20,0,0,0,0,FALSE,FALSE,0,0,,
2461,ITEM_CORPHISH_SHELL,40,20,0,0,0,0,FALSE,FALSE,0,0,,
2462,ITEM_FEEBAS_SCALES,140,70,0,0,0,0,FALSE,FALSE,0,0,,
2463,ITEM_DUSKULL_FRAGMENT,160,80,0,0,0,0,FALSE,FALSE,0,0,,
2464,ITEM_CHINGLING_FRAGMENT,80,40,0,0,0,0,FALSE,FALSE,0,0,,
2465,ITEM_TIMBURR_SWEAT,120,60,0,0,0,0,FALSE,FALSE,0,0,,
2466,ITEM_SEWADDLE_LEAF,80,40,0,0,0,0,FALSE,FALSE,0,0,,
2467,ITEM_DUCKLETT_FEATHER,60,30,0,0,0,0,FALSE,FALSE,0,0,,
2468,ITEM_LITWICK_SOOT,120,60,0,0,0,0,FALSE,FALSE,0,0,,
2469,ITEM_MIENFOO_CLAW,160,80,0,0,0,0,FALSE,FALSE,0,0,,
2470,ITEM_VULLABY_FEATHER,140,70,0,0,0,0,FALSE,FALSE,0,0,,
2471,ITEM_CARBINK_JEWEL,200,100,0,0,0,0,FALSE,FALSE,0,0,,
2472,ITEM_PHANTUMP_TWIG,80,40,0,0,0,0,FALSE,FALSE,0,0,,
2473,ITEM_GRUBBIN_THREAD,100,50,0,0,0,0,FALSE,FALSE,0,0,,
2474,ITEM_CUTIEFLY_POWDER,100,50,0,0,0,0,FALSE,FALSE,0,0,,
2475,ITEM_JANGMO_O_SCALES,200,100,0,0,0,0,FALSE,FALSE,0,0,,
2476,ITEM_CRAMORANT_DOWN,120,60,0,0,0,0,FALSE,FALSE,0,0,,
2477,ITEM_MORPEKO_SNACK,60,30,0,0,0,0,FALSE,FALSE,0,0,,
2478,ITEM_POLTCHAGEIST_POWDER,120,60,0,0,0,0,FALSE,FALSE,0,0,,
2479,ITEM_FRESH_START_MOCHI,300,150,0,0,20,0,FALSE,FALSE,0,0,,
2480,ITEM_ROTO_STICK,0,0,0,0,0,0,FALSE,FALSE,0,0,,
2481,ITEM_GLIMMERING_CHARM,0,0,0,0,0,0,FALSE,FALSE,0,0,,
2482,ITEM_METAL_ALLOY,3000,1500,0,0,30,0,FALSE,FALSE,20,0,,
2483,ITEM_INDIGO_STYLE_CARD,0,0,0,0,0,0,FALSE,FALSE,0,0,,
2484,ITEM_ODDISH_LEAF,0,0,0,0,0,0,FALSE,FALSE,0,0,,
2485,ITEM_TENTACOOL_STINGER,0,0,0,0,0,0,FALSE,FALSE,0,0,,
2486,ITEM_DODUO_DOWN,0,0,0,0,0,0,FALSE,FALSE,0,0,,
2487,ITEM_SEEL_FUR,0,0,0,0,0,0,FALSE,FALSE,0,0,,
2488,ITEM_EXEGGCUTE_SHELL,0,0,0,0,0,0,FALSE,FALSE,0,0,,
2489,ITEM_TYROGUE_SWEAT,0,0,0,0,0,0,FALSE,FALSE,0,0,,
2490,ITEM_RHYHORN_FANG,0,0,0,0,0,0,FALSE,FALSE,0,0,,
2491,ITEM_HORSEA_INK,0,0,0,0,0,0,FALSE,FALSE,0,0,,
2492,ITEM_ELEKID_FUR,0,0,0,0,0,0,FALSE,FALSE,0,0,,
2493,ITEM_MAGBY_HAIR,0,0,0,0,0,0,FALSE,FALSE,0,0,,
2494,ITEM_LAPRAS_TEARDROP,0,0,0,0,0,0,FALSE,FALSE,0,0,,
2495,ITEM_PORYGON_FRAGMENT,0,0,0,0,0,0,FALSE,FALSE,0,0,,
2496,ITEM_CHINCHOU_SPARKS,0,0,0,0,0,0,FALSE,FALSE,0,0,,
2497,ITEM_SNUBBULL_HAIR,0,0,0,0,0,0,FALSE,FALSE,0,0,,
2498,ITEM_SKARMORY_FEATHER,0,0,0,0,0,0,FALSE,FALSE,0,0,,
2499,ITEM_SMEARGLE_PAINT,0,0,0,0,0,0,FALSE,FALSE,0,0,,
2500,ITEM_PLUSLE_FUR,0,0,0,0,0,0,FALSE,FALSE,0,0,,
2501,ITEM_MINUN_FUR,0,0,0,0,0,0,FALSE,FALSE,0,0,,
2502,ITEM_TRAPINCH_SHELL,0,0,0,0,0,0,FALSE,FALSE,0,0,,
2503,ITEM_BELDUM_CLAW,0,0,0,0,0,0,FALSE,FALSE,0,0,,
2504,ITEM_CRANIDOS_SPIKE,0,0,0,0,0,0,FALSE,FALSE,0,0,,
2505,ITEM_SHIELDON_CLAW,0,0,0,0,0,0,FALSE,FALSE,0,0,,
2506,ITEM_BLITZLE_MANE_HAIR,0,0,0,0,0,0,FALSE,FALSE,0,0,,
2507,ITEM_DRILBUR_CLAW,0,0,0,0,0,0,FALSE,FALSE,0,0,,
2508,ITEM_COTTONEE_FLUFF,0,0,0,0,0,0,FALSE,FALSE,0,0,,
2509,ITEM_SCRAGGY_SWEAT,0,0,0,0,0,0,FALSE,FALSE,0,0,,
2510,ITEM_MINCCINO_FUR,0,0,0,0,0,0,FALSE,FALSE,0,0,,
2511,ITEM_SOLOSIS_GEL,0,0,0,0,0,0,FALSE,FALSE,0,0,,
2512,ITEM_JOLTIK_THREAD,0,0,0,0,0,0,FALSE,FALSE,0,0,,
2513,ITEM_GOLETT_SHARD,0,0,0,0,0,0,FALSE,FALSE,0,0,,
2514,ITEM_ESPURR_FUR,0,0,0,0,0,0,FALSE,FALSE,0,0,,
2515,ITEM_INKAY_INK,0,0,0,0,0,0,FALSE,FALSE,0,0,,
2516,ITEM_PIKIPEK_FEATHER,0,0,0,0,0,0,FALSE,FALSE,0,0,,
2517,ITEM_DEWPIDER_THREAD,0,0,0,0,0,0,FALSE,FALSE,0,0,,
2518,ITEM_COMFEY_FLOWER,0,0,0,0,0,0,FALSE,FALSE,0,0,,
2519,ITEM_MINIOR_SHELL,0,0,0,0,0,0,FALSE,FALSE,0,0,,
2520,ITEM_MILCERY_CREAM,0,0,0,0,0,0,FALSE,FALSE,0,0,,
2521,ITEM_DURALUDON_TARNISH,0,0,0,0,0,0,FALSE,FALSE,0,0,,
2522,ITEM_ARTICUNO_TREAT,0,0,0,0,0,0,FALSE,FALSE,0,0,,
2523,ITEM_ZAPDOS_TREAT,0,0,0,0,0,0,FALSE,FALSE,0,0,,
2524,ITEM_MOLTRES_TREAT,0,0,0,0,0,0,FALSE,FALSE,0,0,,
2525,ITEM_RAIKOU_TREAT,0,0,0,0,0,0,FALSE,FALSE,0,0,,
2526,ITEM_ENTEI_TREAT,0,0,0,0,0,0,FALSE,FALSE,0,0,,
2527,ITEM_SUICUNE_TREAT,0,0,0,0,0,0,FALSE,FALSE,0,0,,
2528,ITEM_LUGIA_TREAT,0,0,0,0,0,0,FALSE,FALSE,0,0,,
2529,ITEM_HO_OH_TREAT,0,0,0,0,0,0,FALSE,FALSE,0,0,,
2530,ITEM_LATIAS_TREAT,0,0,0,0,0,0,FALSE,FALSE,0,0,,
2531,ITEM_LATIOS_TREAT,0,0,0,0,0,0,FALSE,FALSE,0,0,,
2532,ITEM_KYOGRE_TREAT,0,0,0,0,0,0,FALSE,FALSE,0,0,,
2533,ITEM_GROUDON_TREAT,0,0,0,0,0,0,FALSE,FALSE,0,0,,
2534,ITEM_RAYQUAZA_TREAT,0,0,0,0,0,0,FALSE,FALSE,0,0,,
2535,ITEM_COBALION_TREAT,0,0,0,0,0,0,FALSE,FALSE,0,0,,
2536,ITEM_TERRAKION_TREAT,0,0,0,0,0,0,FALSE,FALSE,0,0,,
2537,ITEM_VIRIZION_TREAT,0,0,0,0,0,0,FALSE,FALSE,0,0,,
2538,ITEM_RESHIRAM_TREAT,0,0,0,0,0,0,FALSE,FALSE,0,0,,
2539,ITEM_ZEKROM_TREAT,0,0,0,0,0,0,FALSE,FALSE,0,0,,
2540,ITEM_KYUREM_TREAT,0,0,0,0,0,0,FALSE,FALSE,0,0,,
2541,ITEM_SOLGALEO_TREAT,0,0,0,0,0,0,FALSE,FALSE,0,0,,
2542,ITEM_LUNALA_TREAT,0,0,0,0,0,0,FALSE,FALSE,0,0,,
2543,ITEM_NECROZMA_TREAT,0,0,0,0,0,0,FALSE,FALSE,0,0,,
2544,ITEM_KUBFU_TREAT,0,0,0,0,0,0,FALSE,FALSE,0,0,,
2545,ITEM_GLASTRIER_TREAT,0,0,0,0,0,0,FALSE,FALSE,0,0,,
2546,ITEM_SPECTRIER_TREAT,0,0,0,0,0,0,FALSE,FALSE,0,0,,
2547,ITEM_INDIGO_DISK,0,0,0,0,0,0,FALSE,FALSE,0,0,,
2548,ITEM_FIERY_PICK,0,0,0,0,0,0,FALSE,FALSE,0,0,,
2549,ITEM_STELLAR_TERA_SHARD,0,0,0,0,0,0,FALSE,FALSE,0,0,,
2550,ITEM_MYTHICAL_PECHA_BERRY,0,0,0,0,0,0,FALSE,FALSE,0,0,,
2551,ITEM_BLUEBERRY_TABLECLOTH,0,0,0,0,0,0,FALSE,FALSE,0,0,,
2552,ITEM_BLUEBERRY_CHAIRS,0,0,0,0,0,0,FALSE,FALSE,0,0,,
2553,ITEM_SYNCHRO_MACHINE,0,0,0,0,0,0,FALSE,FALSE,0,0,,
2554,ITEM_METEORITE_SV_DEOXYS,0,0,0,0,0,0,FALSE,FALSE,0,0,,
2555,ITEM_SCARLET_BOOK_SVID,0,0,0,0,0,0,FALSE,FALSE,0,0,,
2556,ITEM_VIOLET_BOOK_SVID,0,0,0,0,0,0,FALSE,FALSE,0,0,,
2557,ITEM_BRIARS_BOOK,0,0,0,0,0,0,FALSE,FALSE,0,0,,
