mtllib Asteria_30_34.mtl
o map
v -13.52 3.525 -4.95
v -13.04 4.005 -4.95
v -14.48 3.045 -4.95
v -14.48 4.005 -4.95
v -15.44 3.525 -4.95
v -15.92 4.005 -4.95
v -14.0 3.525 -8.309999
v -14.48 3.285 -8.309999
v -14.96 3.525 -8.309999
v -13.0 15.312499 5.0
v -13.5 15.3125 3.500001
v -13.0 15.3125 2.500001
v -13.0 14.8125 3.500001
v -12.5 15.3125 3.500001
v -13.0 14.812499 4.750001
v -12.5 15.312499 4.750001
v -13.5 15.312499 4.750001
v 3.48 -1.475 0.05000019
v 3.96 -0.995 0.05000019
v 2.52 -1.9549999 0.05000019
v 2.52 -0.995 0.05000019
v 1.56 -1.475 0.05000019
v 1.08 -0.995 0.05000019
v 3.0 -1.475 -3.31
v 2.52 -1.7149999 -3.31
v 2.04 -1.475 -3.31
v 14.48 2.525 0.05000019
v 14.96 3.005 0.05000019
v 13.52 2.045 0.05000019
v 13.52 3.005 0.05000019
v 12.56 2.525 0.05000019
v 12.08 3.005 0.05000019
v 14.0 2.525 -3.31
v 13.52 2.285 -3.31
v 13.04 2.525 -3.31
v -8.0 -15.0 -5.0
v -16.0 -15.0 -5.0
v -16.0 -16.0 -5.0
v -8.0 -16.0 -5.0
v -13.0 -12.0 -5.0
v -16.0 -12.0 -5.0
v -16.0 -15.0 -5.0
v -13.0 -15.0 -5.0
v -8.0 -11.0 -10.0
v -16.0 -11.0 -10.0
v -16.0 -12.0 -10.0
v -8.0 -12.0 -10.0
v -16.0 -11.0 -10.000001
v -15.0 -11.0 -10.0
v -16.0 -10.0 -10.000001
v -15.0 -10.0 -10.0
v -15.0 -10.0 -10.000001
v -15.0 -9.0 -10.000001
v -16.0 -9.0 -10.000001
v -16.0 -10.0 -10.000001
v -15.0 -9.0 -10.000001
v -15.0 -8.0 -10.0
v -16.0 -9.0 -10.000001
v -16.0 -8.0 -10.0
v -10.0 4.0 -10.0
v -16.0 4.0 -10.0
v -16.0 0.0 -10.0
v -10.0 0.0 -10.0
v -10.0 5.0 -5.0
v -16.0 5.0 -5.0
v -16.0 4.0 -5.0
v -10.0 4.0 -5.0
v -12.0 13.0 0.0
v -16.0 13.0 0.0
v -16.0 5.0 0.0
v -12.0 5.0 0.0
v -10.0 16.0 0.0
v -16.0 16.0 0.0
v -16.0 13.0 0.0
v -10.0 13.0 0.0
v -7.0 -8.0 -10.0
v -15.0 -8.0 -10.0
v -15.0 -11.0 -10.0
v -7.0 -11.0 -10.0
v -12.0 -6.0 -10.000001
v -12.5 -7.5 -10.000001
v -12.0 -8.0 -10.0
v -12.0 -8.0 -10.0
v -12.5 -7.5 -10.000001
v -14.0 -8.0 -10.0
v -5.0 -12.0 -10.0
v -13.0 -12.0 -10.0
v -13.0 -15.0 -10.0
v -5.0 -15.0 -10.0
v -4.0 -4.0 -10.0
v -12.0 -4.0 -10.0
v -12.0 -8.0 -10.0
v -4.0 -8.0 -10.0
v -10.0 10.0 -5.0
v -12.0 10.0 -5.0
v -12.0 5.0 -5.0
v -10.0 5.0 -5.0
v -10.0 13.0 0.0
v -12.0 13.0 0.0
v -12.0 10.0 0.0
v -10.0 10.0 0.0
v -7.0 -15.0 -5.0
v -8.0 -15.0 -5.0
v -8.0 -16.0 -5.0
v -7.0 -16.0 -5.0
v 0.0 -11.0 -10.0
v -8.0 -11.0 -10.0
v -8.0 -12.0 -10.0
v 0.0 -12.0 -10.0
v -2.0 -15.0 -10.0
v -7.0 -15.0 -10.0
v -7.0 -16.0 -10.0
v -2.0 -16.0 -10.0
v 1.0 -8.0 -10.0
v -7.0 -8.0 -10.0
v -7.0 -11.0 -10.0
v 1.0 -11.0 -10.0
v 3.0 -12.0 -10.0
v -5.0 -12.0 -10.0
v -5.0 -15.0 -10.0
v 3.0 -15.0 -10.0
v -3.0 -2.0 -10.000001
v -3.5 -3.5 -10.000001
v -3.0 -4.0 -10.0
v -3.0 -4.0 -10.0
v -3.5 -3.5 -10.000001
v -5.0 -4.0 -10.0
v 4.0 -4.0 -10.0
v -4.0 -4.0 -10.0
v -4.0 -8.0 -10.0
v 4.0 -8.0 -10.0
v -2.0 4.0 -10.0
v -3.0 4.0 -10.0
v -3.0 -4.0 -10.0
v -2.0 -4.0 -10.0
v -2.0 10.0 -5.0
v -3.0 10.0 -5.0
v -3.0 4.0 -5.0
v -2.0 4.0 -5.0
v -2.0 16.0 0.0
v -3.0 16.0 0.0
v -3.0 10.0 0.0
v -2.0 10.0 0.0
v -1.0 -15.0 -10.000001
v -2.0 -15.0 -10.0
v -1.0 -16.0 -10.000001
v -2.0 -16.0 -10.0
v 6.0 -3.0 -10.0
v -2.0 -3.0 -10.0
v -2.0 -4.0 -10.0
v 6.0 -4.0 -10.0
v 1.0 5.0 -5.0
v -2.0 5.0 -5.0
v -2.0 -3.0 -5.0
v 1.0 -3.0 -5.0
v 1.0 7.0 -5.0
v -2.0 7.0 -5.0
v -2.0 5.0 -5.0
v 1.0 5.0 -5.0
v 6.0 10.0 0.0
v -2.0 10.0 0.0
v -2.0 7.0 0.0
v 6.0 7.0 0.0
v -2.0 11.0 -1.0E-6
v -2.0 10.0 0.0
v -1.0 11.0 -1.0E-6
v -1.0 10.0 0.0
v 6.0 15.0 0.0
v -2.0 15.0 0.0
v -2.0 11.0 0.0
v 6.0 11.0 0.0
v -2.0 16.0 -1.0E-6
v -2.0 15.0 -1.0E-6
v -1.0 15.0 -1.0E-6
v -1.0 16.0 -1.0E-6
v 1.0 -15.0 -10.000001
v -1.0 -15.0 -10.000001
v -1.0 -16.0 -10.000001
v 1.0 -16.0 -10.000001
v -1.0 10.0 -1.0E-6
v 0.0 10.0 -1.0E-6
v 0.0 11.0 -1.0E-6
v -1.0 11.0 -1.0E-6
v 0.0 16.0 1.0E-6
v -1.0 16.0 1.0E-6
v -1.0 15.0 1.0E-6
v 0.0 15.0 1.0E-6
v 8.0 -11.0 -10.0
v 0.0 -11.0 -10.0
v 0.0 -12.0 -10.0
v 8.0 -12.0 -10.0
v 0.0 10.0 -1.0E-6
v 1.0 10.0 0.0
v 0.0 11.0 -1.0E-6
v 1.0 11.0 0.0
v 1.0 15.0 -1.0E-6
v 1.0 16.0 -1.0E-6
v 0.0 16.0 -1.0E-6
v 0.0 15.0 -1.0E-6
v 2.0 -16.0 -10.000001
v 2.0 -15.0 -10.0
v 1.0 -16.0 -10.000001
v 1.0 -15.0 -10.0
v 9.0 -8.0 -10.0
v 1.0 -8.0 -10.0
v 1.0 -11.0 -10.0
v 9.0 -11.0 -10.0
v 9.0 -1.0 -5.0
v 1.0 -1.0 -5.0
v 1.0 -3.0 -5.0
v 9.0 -3.0 -5.0
v 3.0 7.0 0.0
v 1.0 7.0 0.0
v 1.0 -1.0 0.0
v 3.0 -1.0 0.0
v 9.0 11.0 0.0
v 1.0 11.0 0.0
v 1.0 10.0 0.0
v 9.0 10.0 0.0
v 9.0 16.0 0.0
v 1.0 16.0 0.0
v 1.0 15.0 0.0
v 9.0 15.0 0.0
v 7.0 -15.0 -10.0
v 2.0 -15.0 -10.0
v 2.0 -16.0 -10.0
v 7.0 -16.0 -10.0
v 11.0 -12.0 -10.0
v 3.0 -12.0 -10.0
v 3.0 -15.0 -10.0
v 11.0 -15.0 -10.0
v 3.0 0.0 -1.0E-6
v 3.0 -1.0 0.0
v 4.0 0.0 -1.0E-6
v 4.0 -1.0 0.0
v 3.0 1.0 -1.0E-6
v 3.0 0.0 -1.0E-6
v 4.0 0.0 -1.0E-6
v 4.0 1.0 -1.0E-6
v 4.0 2.0 -1.0E-6
v 3.0 2.0 0.0
v 4.0 1.0 -1.0E-6
v 3.0 1.0 0.0
v 5.0 7.0 0.0
v 3.0 7.0 0.0
v 3.0 2.0 0.0
v 5.0 2.0 0.0
v 12.0 -4.0 -10.0
v 4.0 -4.0 -10.0
v 4.0 -8.0 -10.0
v 12.0 -8.0 -10.0
v 4.0 -1.0 -1.0E-6
v 5.0 -1.0 -1.0E-6
v 5.0 0.0 -1.0E-6
v 4.0 0.0 -1.0E-6
v 5.0 1.0 1.0E-6
v 4.0 1.0 1.0E-6
v 4.0 0.0 1.0E-6
v 5.0 0.0 1.0E-6
v 5.0 2.0 -1.0E-6
v 4.0 2.0 -1.0E-6
v 4.0 1.0 -1.0E-6
v 5.0 1.0 -1.0E-6
v 10.0 3.0 -5.0
v 5.0 3.0 -5.0
v 5.0 -1.0 -5.0
v 10.0 -1.0 -5.0
v 13.0 7.0 0.0
v 5.0 7.0 0.0
v 5.0 3.0 0.0
v 13.0 3.0 0.0
v 14.0 -3.0 -10.0
v 6.0 -3.0 -10.0
v 6.0 -4.0 -10.0
v 14.0 -4.0 -10.0
v 14.0 10.0 0.0
v 6.0 10.0 0.0
v 6.0 7.0 0.0
v 14.0 7.0 0.0
v 14.0 15.0 0.0
v 6.0 15.0 0.0
v 6.0 11.0 0.0
v 14.0 11.0 0.0
v 14.0 -15.0 -5.0
v 7.0 -15.0 -5.0
v 7.0 -16.0 -5.0
v 14.0 -16.0 -5.0
v 16.0 -11.0 -10.0
v 8.0 -11.0 -10.0
v 8.0 -12.0 -10.0
v 16.0 -12.0 -10.0
v 14.0 -10.0 -10.0
v 9.0 -10.0 -10.0
v 9.0 -11.0 -10.0
v 14.0 -11.0 -10.0
v 13.0 -8.0 -10.0
v 9.0 -8.0 -10.0
v 9.0 -10.0 -10.0
v 13.0 -10.0 -10.0
v 16.0 -1.0 -5.0
v 9.0 -1.0 -5.0
v 9.0 -3.0 -5.0
v 16.0 -3.0 -5.0
v 16.0 11.0 0.0
v 9.0 11.0 0.0
v 9.0 10.0 0.0
v 16.0 10.0 0.0
v 16.0 16.0 0.0
v 9.0 16.0 0.0
v 9.0 15.0 0.0
v 16.0 15.0 0.0
v 10.0 -1.0 -5.000001
v 11.0 -1.0 -5.000001
v 11.0 0.0 -5.000001
v 10.0 0.0 -5.000001
v 11.0 1.0 -4.999999
v 10.0 1.0 -4.999999
v 10.0 0.0 -4.999999
v 11.0 0.0 -4.999999
v 11.0 2.0 -5.000001
v 10.0 2.0 -5.000001
v 10.0 1.0 -5.000001
v 11.0 1.0 -5.000001
v 16.0 3.0 -5.0
v 10.0 3.0 -5.0
v 10.0 2.0 -5.0
v 16.0 2.0 -5.0
v 13.0 -12.0 -10.0
v 11.0 -12.0 -10.0
v 11.0 -15.0 -10.0
v 13.0 -15.0 -10.0
v 11.0 -1.0 -5.000001
v 12.0 -1.0 -5.0
v 11.0 0.0 -5.000001
v 12.0 0.0 -5.0
v 12.0 0.0 -5.000001
v 12.0 1.0 -5.000001
v 11.0 1.0 -5.000001
v 11.0 0.0 -5.000001
v 12.0 1.0 -5.000001
v 12.0 2.0 -5.0
v 11.0 1.0 -5.000001
v 11.0 2.0 -5.0
v 16.0 -4.0 -10.0
v 12.0 -4.0 -10.0
v 12.0 -8.0 -10.0
v 16.0 -8.0 -10.0
v 16.0 2.0 -5.0
v 12.0 2.0 -5.0
v 12.0 -1.0 -5.0
v 16.0 -1.0 -5.0
v 16.0 -14.0 -5.0
v 13.0 -14.0 -5.0
v 13.0 -15.0 -5.0
v 16.0 -15.0 -5.0
v 16.0 -12.0 -10.0
v 13.0 -12.0 -10.0
v 13.0 -14.0 -10.0
v 16.0 -14.0 -10.0
v 13.0 -9.0 -10.000001
v 13.0 -10.0 -10.0
v 14.0 -9.0 -10.000001
v 14.0 -10.0 -10.0
v 14.0 -8.0 -10.000001
v 13.0 -8.0 -10.0
v 14.0 -9.0 -10.000001
v 13.0 -9.0 -10.0
v 16.0 7.0 0.0
v 13.0 7.0 0.0
v 13.0 3.0 0.0
v 16.0 3.0 0.0
v 16.0 -15.0 -4.0
v 14.0 -15.0 -4.0
v 14.0 -16.0 -4.0
v 16.0 -16.0 -4.0
v 14.0 -10.0 -10.000001
v 14.0 -11.0 -10.0
v 15.0 -10.0 -10.000001
v 15.0 -11.0 -10.0
v 15.0 -10.0 -10.000001
v 14.0 -9.0 -10.000001
v 14.0 -10.0 -10.000001
v 15.0 -9.0 -10.000001
v 16.0 -8.0 -10.000001
v 14.0 -8.0 -10.000001
v 14.0 -9.0 -10.000001
v 16.0 -9.0 -10.000001
v 16.0 -3.0 -10.0
v 14.0 -3.0 -10.0
v 14.0 -4.0 -10.0
v 16.0 -4.0 -10.0
v 16.0 10.0 0.0
v 14.0 10.0 0.0
v 14.0 7.0 0.0
v 16.0 7.0 0.0
v 16.0 15.0 0.0
v 14.0 15.0 0.0
v 14.0 11.0 0.0
v 16.0 11.0 0.0
v 15.0 -11.0 -10.000001
v 16.0 -11.0 -10.000001
v 16.0 -10.0 -10.000001
v 15.0 -10.0 -10.000001
v 16.0 -9.0 -9.999999
v 15.0 -9.0 -9.999999
v 15.0 -10.0 -9.999999
v 16.0 -10.0 -9.999999
v -13.0 -12.0 -4.812501
v -16.0 -12.0 -4.812501
v -16.0 -15.0 -4.812501
v -13.0 -15.0 -4.812501
v -16.0 -13.500001 -0.25
v -13.0 -13.500001 -0.25
v -13.0 -13.5 -4.812501
v -16.0 -13.5 -4.812501
v -14.5 -15.000001 -0.25000095
v -14.5 -12.000001 -0.25
v -14.5 -12.0 -4.812501
v -14.5 -15.0 -4.812501
v -13.0 -15.0 -3.375001
v -13.0 -12.0 -3.375001
v -16.0 -12.0 -3.375001
v -16.0 -15.0 -3.375001
v -13.0 -11.5 -9.25
v -13.0 -11.0 -10.0
v -16.0 -11.0 -10.0
v -16.0 -11.499999 -9.25
v -16.0 -11.499999 -5.25
v -13.0 -11.5 -5.25
v -13.0 -12.0 -5.0
v -16.0 -12.0 -5.0
v -16.0 -7.374999 -10.500002
v -16.0 -7.0 -11.000002
v -16.0 -7.499999 -10.250002
v -16.0 -7.999999 -10.000001
v -16.0 -7.499999 -10.250002
v -16.0 -7.374999 -10.500002
v -16.0 -6.999999 -10.500002
v -16.0 -7.374999 -10.500002
v -14.0 -7.499999 -10.250002
v -14.0 -7.374999 -10.500002
v -14.0 -7.499999 -10.250002
v -14.0 -7.999999 -10.000001
v -14.0 -7.374999 -10.500002
v -14.0 -6.999999 -10.500002
v -14.0 -7.374999 -10.500002
v -14.0 -7.0 -11.000002
v -10.0 -0.625001 -10.500002
v -10.0 -1.0 -11.000002
v -10.0 -0.500001 -10.250002
v -10.0 -9.536743E-7 -10.000001
v -10.0 -0.500001 -10.250002
v -10.0 -0.625001 -10.500002
v -10.0 -1.000001 -10.500002
v -10.0 -0.625001 -10.500002
v -16.0 -0.500001 -10.250002
v -16.0 -0.625001 -10.500002
v -16.0 -0.500001 -10.250002
v -16.0 -9.536743E-7 -10.000001
v -16.0 -0.625001 -10.500002
v -16.0 -1.000001 -10.500002
v -16.0 -0.625001 -10.500002
v -16.0 -1.0 -11.000002
v -16.0 3.5 -9.25
v -16.0 3.0 -10.0
v -10.0 3.0 -10.0
v -16.0 4.0 -5.0
v -10.0 4.0 -5.0
v -10.0 3.499999 -9.25
v -16.0 3.5 -5.25
v -10.0 3.499999 -5.25
v -16.0 4.5 -4.25
v -16.0 4.0 -5.0
v -12.0 4.0 -5.0
v -16.0 5.0 0.0
v -12.0 5.0 0.0
v -12.0 4.499999 -4.25
v -16.0 4.5 -0.25
v -12.0 4.499999 -0.25
v -16.0 15.5 0.75
v -16.0 15.0 0.0
v -10.0 15.0 0.0
v -16.0 16.0 5.0
v -10.0 16.0 5.0
v -10.0 15.499999 0.75
v -16.0 15.5 4.75
v -10.0 15.499999 4.75
v -12.625 -6.0 -10.500001
v -13.0 -6.0 -11.000001
v -12.96875 -7.03125 -10.500001
v -13.25 -6.75 -11.000001
v -14.0 -7.375 -10.500001
v -14.0 -7.0 -11.000001
v -12.0 -6.0 -10.000001
v -12.5 -6.0 -10.250001
v -12.5 -7.5 -10.000001
v -12.875 -7.125 -10.250001
v -14.0 -8.0 -10.0
v -14.0 -7.5 -10.250001
v -14.0 -7.0 -10.500001
v -14.0 -7.375 -10.500001
v -13.25 -6.75 -10.500001
v -12.96875 -7.03125 -10.500001
v -13.0 -6.0 -10.500001
v -12.625 -6.0 -10.500001
v -12.5 -6.0 -10.250001
v -12.625 -6.0 -10.500001
v -12.875 -7.125 -10.250001
v -12.96875 -7.03125 -10.500001
v -14.0 -7.5 -10.250001
v -14.0 -7.375 -10.500001
v -11.0 14.0 0.18749905
v -14.0 14.0 0.18749905
v -14.0 11.0 0.18749905
v -11.0 11.0 0.18749905
v -14.0 12.499999 4.75
v -11.0 12.499999 4.75
v -11.0 12.5 0.18749905
v -14.0 12.5 0.18749905
v -12.5 10.999999 4.749999
v -12.5 13.999999 4.75
v -12.5 14.0 0.18749905
v -12.5 11.0 0.18749905
v -11.0 11.0 1.624999
v -11.0 14.0 1.624999
v -14.0 14.0 1.624999
v -14.0 11.0 1.624999
v -12.5 -15.0 -9.25
v -12.0 -15.0 -10.0
v -12.0 -14.0 -10.0
v -12.5 -14.0 -9.25
v -12.0 -14.5 -9.25
v -13.0 -14.0 -10.0
v -13.0 -14.499999 -9.25
v -12.5 -14.0 -5.25
v -12.5 -15.0 -5.25
v -13.0 -14.499999 -5.25
v -12.0 -14.5 -5.25
v -13.0 -15.0 -5.0
v -13.0 -14.0 -5.0
v -12.0 -15.0 -5.0
v -12.5 -14.0 -9.25
v -12.0 -14.0 -10.0
v -12.0 -12.0 -10.0
v -12.499999 -12.0 -9.25
v -12.499999 -12.0 -5.25
v -12.5 -14.0 -5.25
v -13.0 -14.0 -5.0
v -13.0 -12.0 -5.0
v -12.5 -12.0 -9.25
v -12.25 -11.25 -10.0
v -13.0 -11.5 -9.25
v -12.0 -12.0 -10.0
v -13.0 -11.0 -10.0
v -13.0 -11.5 -5.25
v -12.5 -12.0 -5.25
v -13.0 -12.0 -5.0
v -12.625001 -6.0 -10.500002
v -13.0 -6.0 -11.000002
v -12.500001 -6.0 -10.250002
v -12.000001 -6.0 -10.000001
v -12.500001 -6.0 -10.250002
v -12.625001 -6.0 -10.500002
v -13.000001 -6.0 -10.500002
v -12.625001 -6.0 -10.500002
v -12.500001 -4.0 -10.250002
v -12.625001 -4.0 -10.500002
v -12.500001 -4.0 -10.250002
v -12.000001 -4.0 -10.000001
v -12.625001 -4.0 -10.500002
v -13.000001 -4.0 -10.500002
v -12.625001 -4.0 -10.500002
v -13.0 -4.0 -11.000002
v -12.625 -4.0 -10.5
v -12.0 -3.375 -10.500001
v -12.0 -3.0 -11.000001
v -13.0 -4.0 -11.0
v -12.0 -4.0 -10.0
v -12.0 -3.5 -10.250001
v -12.5 -4.0 -10.250001
v -12.0 -3.375 -10.500001
v -12.0 -3.0 -10.500001
v -13.0 -4.0 -10.5
v -12.625 -4.0 -10.5
v -12.5 -4.0 -10.250001
v -12.0 -3.5 -10.250001
v -12.0 -3.375 -10.500001
v -12.625 -4.0 -10.5
v -10.0 3.0 -9.812501
v -13.0 3.0 -9.812501
v -13.0 0.0 -9.812501
v -10.0 0.0 -9.812501
v -13.0 1.499999 -5.25
v -10.0 1.499999 -5.25
v -10.0 1.5 -9.812501
v -13.0 1.5 -9.812501
v -11.5 -9.536743E-7 -5.250001
v -11.5 2.999999 -5.25
v -11.5 3.0 -9.812501
v -11.5 0.0 -9.812501
v -10.0 0.0 -8.375001
v -10.0 3.0 -8.375001
v -13.0 3.0 -8.375001
v -13.0 0.0 -8.375001
v -7.0 -14.5 -9.25
v -7.0 -14.0 -10.0
v -12.0 -14.0 -10.0
v -12.0 -14.499999 -9.25
v -12.0 -14.499999 -5.25
v -7.0 -14.5 -5.25
v -7.0 -15.0 -5.0
v -12.0 -15.0 -5.0
v -9.0 -11.0 -9.812501
v -12.0 -11.0 -9.812501
v -12.0 -14.0 -9.812501
v -9.0 -14.0 -9.812501
v -12.0 -12.500001 -5.25
v -9.0 -12.500001 -5.25
v -9.0 -12.5 -9.812501
v -12.0 -12.5 -9.812501
v -10.5 -14.000001 -5.250001
v -10.5 -11.000001 -5.25
v -10.5 -11.0 -9.812501
v -10.5 -14.0 -9.812501
v -9.0 -14.0 -8.375001
v -9.0 -11.0 -8.375001
v -12.0 -11.0 -8.375001
v -12.0 -14.0 -8.375001
v -9.0 -4.0 -9.812501
v -12.0 -4.0 -9.812501
v -12.0 -7.0 -9.812501
v -9.0 -7.0 -9.812501
v -12.0 -5.500001 -5.25
v -9.0 -5.500001 -5.25
v -9.0 -5.5 -9.812501
v -12.0 -5.5 -9.812501
v -10.5 -7.000001 -5.250001
v -10.5 -4.000001 -5.25
v -10.5 -4.0 -9.812501
v -10.5 -7.0 -9.812501
v -9.0 -7.0 -8.375001
v -9.0 -4.0 -8.375001
v -12.0 -4.0 -8.375001
v -12.0 -7.0 -8.375001
v -12.0 -3.374999 -10.500002
v -12.0 -3.0 -11.000002
v -12.0 -3.499999 -10.250002
v -12.0 -3.999999 -10.000001
v -12.0 -3.499999 -10.250002
v -12.0 -3.374999 -10.500002
v -12.0 -2.999999 -10.500002
v -12.0 -3.374999 -10.500002
v -5.0 -3.499999 -10.250002
v -5.0 -3.374999 -10.500002
v -5.0 -3.499999 -10.250002
v -5.0 -3.999999 -10.000001
v -5.0 -3.374999 -10.500002
v -5.0 -2.999999 -10.500002
v -5.0 -3.374999 -10.500002
v -5.0 -3.0 -11.000002
v -12.0 4.5 -4.25
v -11.25 4.25 -5.0
v -11.5 5.0 -4.25
v -12.0 4.0 -5.0
v -11.0 5.0 -5.0
v -12.0 5.0 0.0
v -12.0 4.5 -0.25
v -11.5 5.0 -0.25
v -11.5 5.0 -4.25
v -11.0 5.0 -5.0
v -11.0 9.0 -5.0
v -11.499999 9.0 -4.25
v -11.499999 9.0 -0.25
v -11.5 5.0 -0.25
v -12.0 5.0 0.0
v -12.0 9.0 0.0
v -12.0 9.5 -4.25
v -12.0 9.0 -5.0
v -11.0 9.0 -5.0
v -11.0 9.5 -4.25
v -11.5 9.0 -4.25
v -11.0 10.0 -5.0
v -11.499999 10.0 -4.25
v -11.0 9.5 -0.25
v -12.0 9.5 -0.25
v -11.499999 10.0 -0.25
v -11.5 9.0 -0.25
v -12.0 10.0 0.0
v -11.0 10.0 0.0
v -12.0 9.0 0.0
v -11.0 9.5 -4.25
v -11.0 9.0 -5.0
v -10.0 9.0 -5.0
v -11.0 10.0 0.0
v -10.0 10.0 0.0
v -10.0 9.499999 -4.25
v -11.0 9.5 -0.25
v -10.0 9.499999 -0.25
v -9.0 -10.0 -9.696778
v -9.0 -8.0 -9.696778
v -9.0 -10.0 -6.4501953
v -9.0 -8.0 -6.4501953
v -10.0 -10.0 -9.678224
v -8.0 -10.0 -9.678224
v -10.0 -8.0 -9.678224
v -8.0 -8.0 -9.678224
v -10.0 -9.0 -9.696778
v -8.0 -9.0 -9.696778
v -10.0 -9.0 -6.4501953
v -8.0 -9.0 -6.4501953
v -10.0 -10.0 -6.9814463
v -8.0 -10.0 -6.9814463
v -10.0 -8.0 -6.9814463
v -8.0 -8.0 -6.9814463
v -10.0 -10.0 -8.437501
v -8.0 -10.0 -8.437501
v -10.0 -8.0 -8.437501
v -8.0 -8.0 -8.437501
v -9.375 0.0 -10.5
v -10.0 -0.625 -10.500001
v -10.0 -1.0 -11.000001
v -9.0 0.0 -11.0
v -10.0 0.0 -10.0
v -10.0 -0.5 -10.250001
v -9.5 0.0 -10.250001
v -10.0 -0.625 -10.500001
v -10.0 -1.0 -10.500001
v -9.0 0.0 -10.5
v -9.375 0.0 -10.5
v -9.5 0.0 -10.250001
v -10.0 -0.5 -10.250001
v -10.0 -0.625 -10.500001
v -9.375 0.0 -10.5
v -9.374999 2.0 -10.500002
v -9.0 2.0 -11.000002
v -9.499999 2.0 -10.250002
v -9.999999 2.0 -10.000001
v -9.499999 2.0 -10.250002
v -9.374999 2.0 -10.500002
v -8.999999 2.0 -10.500002
v -9.374999 2.0 -10.500002
v -9.499999 0.0 -10.250002
v -9.374999 0.0 -10.500002
v -9.499999 0.0 -10.250002
v -9.999999 0.0 -10.000001
v -9.374999 0.0 -10.500002
v -8.999999 0.0 -10.500002
v -9.374999 0.0 -10.500002
v -9.0 0.0 -11.000002
v -4.125 3.5 -9.999999
v -3.625 3.5 -9.999999
v -4.125 3.499999 -5.999999
v -3.625 3.499999 -5.999999
v -4.0 3.999999 -5.499999
v -3.625 3.999999 -5.499999
v -9.375 3.5 -9.999999
v -8.875 3.5 -9.999999
v -9.375 3.499999 -5.999999
v -8.875 3.499999 -5.999999
v -9.375 3.999999 -5.499999
v -9.0 3.999999 -5.499999
v -3.625 3.5 -9.999999
v -4.125 3.5 -9.999999
v -4.125 3.0 -10.499999
v -3.625 3.0 -10.499999
v -8.875 3.5 -9.999999
v -9.375 3.5 -9.999999
v -9.375 3.0 -10.499999
v -8.875 3.0 -10.499999
v -4.0 3.999999 -5.499999
v -3.625 3.999999 -5.499999
v -3.5 4.749999 -5.624999
v -9.375 3.999999 -5.499999
v -9.0 3.999999 -5.499999
v -9.5 4.749999 -5.624999
v -8.875 3.0 -10.499999
v -4.125 3.0 -10.499999
v -8.875 3.5 -9.999999
v -4.125 3.5 -9.999999
v -8.875 3.499999 -5.999999
v -4.125 3.499999 -5.999999
v -9.0 3.999999 -5.499999
v -4.0 3.999999 -5.499999
v -9.0 3.999999 -5.499999
v -4.0 3.999999 -5.499999
v -3.5 4.749999 -5.624999
v -9.5 4.749999 -5.624999
v -3.5 3.999999 -5.249999
v -3.5 4.999999 -5.249999
v -3.625 4.999999 -5.499999
v -3.625 3.999999 -5.499999
v -3.5 2.0 -10.249999
v -3.5 3.0 -10.249999
v -3.625 3.0 -10.499999
v -3.625 2.0 -10.499999
v -9.5 3.0 -10.249999
v -9.5 2.0 -10.249999
v -9.375 2.0 -10.499999
v -9.375 3.0 -10.499999
v -9.5 4.999999 -5.249999
v -9.5 3.999999 -5.249999
v -9.375 3.999999 -5.499999
v -9.375 4.999999 -5.499999
v -3.5 2.0 -10.249999
v -3.625 2.0 -10.499999
v -3.0 2.999999 -5.999999
v -3.0 3.0 -9.999999
v -3.0 3.5 -8.999999
v -3.0 3.499999 -5.249999
v -10.0 3.0 -9.999999
v -10.0 2.999999 -5.999999
v -10.0 3.499999 -5.249999
v -10.0 3.5 -8.999999
v -3.5 3.999999 -5.249999
v -3.625 3.999999 -5.499999
v -3.625 3.499999 -5.999999
v -3.5 3.249999 -5.999999
v -3.625 3.5 -9.999999
v -3.625 3.0 -10.499999
v -3.5 3.0 -10.249999
v -3.5 3.25 -9.999999
v -3.5 3.249999 -5.999999
v -3.625 3.499999 -5.999999
v -3.625 3.5 -9.999999
v -3.5 3.25 -9.999999
v -9.5 3.999999 -5.249999
v -9.5 3.249999 -5.999999
v -9.375 3.499999 -5.999999
v -9.375 3.999999 -5.499999
v -9.375 3.5 -9.999999
v -9.5 3.25 -9.999999
v -9.5 3.0 -10.249999
v -9.375 3.0 -10.499999
v -9.5 3.249999 -5.999999
v -9.5 3.25 -9.999999
v -9.375 3.5 -9.999999
v -9.375 3.499999 -5.999999
v -3.0 3.0 -9.999999
v -3.0 2.999999 -5.999999
v -3.5 3.249999 -5.999999
v -3.5 3.25 -9.999999
v -10.0 3.0 -9.999999
v -9.5 3.25 -9.999999
v -9.5 3.249999 -5.999999
v -10.0 2.999999 -5.999999
v -3.0 3.0 -9.999999
v -3.5 3.25 -9.999999
v -3.5 3.0 -10.249999
v -3.0 3.499999 -5.249999
v -3.5 3.999999 -5.249999
v -3.5 3.249999 -5.999999
v -3.0 2.999999 -5.999999
v -3.0 3.499999 -5.249999
v -3.5 3.249999 -5.999999
v -10.0 3.0 -9.999999
v -9.5 3.0 -10.249999
v -9.5 3.25 -9.999999
v -10.0 3.499999 -5.249999
v -9.5 3.249999 -5.999999
v -9.5 3.999999 -5.249999
v -10.0 2.999999 -5.999999
v -9.5 3.249999 -5.999999
v -10.0 3.499999 -5.249999
v -3.0 4.999999 -4.999999
v -3.5 4.999999 -5.249999
v -3.5 3.999999 -5.249999
v -3.0 3.999999 -4.999999
v -3.0 3.0 -9.999999
v -3.5 3.0 -10.249999
v -3.5 2.0 -10.249999
v -3.0 2.0 -9.999999
v -10.0 2.0 -9.999999
v -9.5 2.0 -10.249999
v -9.5 3.0 -10.249999
v -10.0 3.0 -9.999999
v -10.0 3.999999 -4.999999
v -9.5 3.999999 -5.249999
v -9.5 4.999999 -5.249999
v -10.0 4.999999 -4.999999
v -10.0 3.499999 -5.249999
v -9.5 3.999999 -5.249999
v -10.0 3.999999 -4.999999
v -3.5 3.999999 -5.249999
v -3.0 3.499999 -5.249999
v -3.0 3.999999 -4.999999
v -3.625 3.0 -10.499999
v -4.0 3.0 -10.499999
v -4.0 2.0 -10.499999
v -3.625 2.0 -10.499999
v -9.375 2.0 -10.499999
v -9.0 2.0 -10.499999
v -9.0 3.0 -10.499999
v -9.375 3.0 -10.499999
v -9.375 3.999999 -5.499999
v -9.0 3.999999 -5.499999
v -9.0 4.999999 -5.499999
v -9.375 4.999999 -5.499999
v -3.625 4.999999 -5.499999
v -4.0 4.999999 -5.499999
v -4.0 3.999999 -5.499999
v -3.625 3.999999 -5.499999
v -9.0 3.0 -10.499999
v -9.5 3.0 -10.499999
v -8.25 2.5 -10.499999
v -8.75 2.0 -10.499999
v -7.25 2.25 -10.499999
v -7.0 1.5 -10.499999
v -5.75 2.25 -10.499999
v -6.0 1.5 -10.499999
v -4.75 2.5 -10.499999
v -4.25 2.0 -10.499999
v -4.0 3.0 -10.499999
v -3.5 3.0 -10.499999
v -9.5 5.249999 -5.624999
v -3.5 5.249999 -5.624999
v -3.5 5.499999 -5.624999
v -9.5 5.499999 -5.624999
v -3.625 3.5 -9.999999
v -9.375 3.5 -9.999999
v -9.375 2.5 -10.499999
v -3.625 2.5 -10.499999
v -3.625 3.999999 -5.499999
v -4.0 3.999999 -5.999999
v -3.625 3.499999 -5.999999
v -4.0 3.749999 -6.249999
v -3.625 3.5 -9.999999
v -4.0 3.75 -10.249999
v -3.625 3.0 -10.499999
v -4.0 3.0 -10.999999
v -4.0 3.999999 -5.999999
v -9.0 3.999999 -5.999999
v -4.0 3.749999 -6.249999
v -9.0 3.749999 -6.249999
v -4.0 3.75 -10.249999
v -9.0 3.75 -10.249999
v -4.0 3.0 -10.999999
v -9.0 3.0 -10.999999
v -9.0 3.999999 -5.999999
v -9.375 3.999999 -5.499999
v -9.0 3.749999 -6.249999
v -9.375 3.499999 -5.999999
v -9.0 3.75 -10.249999
v -9.375 3.5 -9.999999
v -9.0 3.0 -10.999999
v -9.375 3.0 -10.499999
v -3.625 3.999999 -5.499999
v -3.625 4.999999 -5.499999
v -4.0 4.999999 -5.999999
v -4.0 3.999999 -5.999999
v -3.625 2.0 -10.499999
v -3.625 3.0 -10.499999
v -4.0 3.0 -10.999999
v -4.0 2.0 -10.999999
v -9.375 3.0 -10.499999
v -9.375 2.0 -10.499999
v -9.0 2.0 -10.999999
v -9.0 3.0 -10.999999
v -9.375 4.999999 -5.499999
v -9.375 3.999999 -5.499999
v -9.0 3.999999 -5.999999
v -9.0 4.999999 -5.999999
v -3.625 2.0 -10.499999
v -4.0 2.0 -10.999999
v -8.0 3.0 -10.499999
v -8.25 2.5 -10.499999
v -7.25 3.0 -10.499999
v -7.25 2.25 -10.499999
v -5.75 3.0 -10.499999
v -5.75 2.25 -10.499999
v -5.0 3.0 -10.499999
v -4.75 2.5 -10.499999
v -9.5 4.749999 -5.624999
v -3.5 4.749999 -5.624999
v -3.5 5.249999 -5.624999
v -9.5 5.249999 -5.624999
v -4.75 2.5 -10.499999
v -4.0 3.0 -10.499999
v -5.0 3.0 -10.499999
v -9.0 3.0 -10.499999
v -8.25 2.5 -10.499999
v -8.0 3.0 -10.499999
v -9.374999 8.0 -5.500002
v -9.0 8.0 -6.000002
v -9.499999 8.0 -5.250002
v -9.999999 8.0 -5.000001
v -9.499999 8.0 -5.250002
v -9.374999 8.0 -5.500002
v -8.999999 8.0 -5.500002
v -9.374999 8.0 -5.500002
v -9.499999 5.0 -5.250002
v -9.374999 5.0 -5.500002
v -9.499999 5.0 -5.250002
v -9.999999 5.0 -5.000001
v -9.374999 5.0 -5.500002
v -8.999999 5.0 -5.500002
v -9.374999 5.0 -5.500002
v -9.0 5.0 -6.000002
v -4.125 9.5 -4.999999
v -3.625 9.5 -4.999999
v -4.125 9.499999 -0.99999905
v -3.625 9.499999 -0.99999905
v -4.0 9.999999 -0.49999905
v -3.625 9.999999 -0.49999905
v -9.375 9.5 -4.999999
v -8.875 9.5 -4.999999
v -9.375 9.499999 -0.99999905
v -8.875 9.499999 -0.99999905
v -9.375 9.999999 -0.49999905
v -9.0 9.999999 -0.49999905
v -3.625 9.5 -4.999999
v -4.125 9.5 -4.999999
v -4.125 9.0 -5.499999
v -3.625 9.0 -5.499999
v -8.875 9.5 -4.999999
v -9.375 9.5 -4.999999
v -9.375 9.0 -5.499999
v -8.875 9.0 -5.499999
v -4.0 9.999999 -0.49999905
v -3.625 9.999999 -0.49999905
v -3.5 10.749999 -0.62499905
v -9.375 9.999999 -0.49999905
v -9.0 9.999999 -0.49999905
v -9.5 10.749999 -0.62499905
v -8.875 9.0 -5.499999
v -4.125 9.0 -5.499999
v -8.875 9.5 -4.999999
v -4.125 9.5 -4.999999
v -8.875 9.499999 -0.99999905
v -4.125 9.499999 -0.99999905
v -9.0 9.999999 -0.49999905
v -4.0 9.999999 -0.49999905
v -9.0 9.999999 -0.49999905
v -4.0 9.999999 -0.49999905
v -3.5 10.749999 -0.62499905
v -9.5 10.749999 -0.62499905
v -3.5 9.999999 -0.24999905
v -3.5 10.999999 -0.24999905
v -3.625 10.999999 -0.49999905
v -3.625 9.999999 -0.49999905
v -3.5 8.0 -5.249999
v -3.5 9.0 -5.249999
v -3.625 9.0 -5.499999
v -3.625 8.0 -5.499999
v -9.5 9.0 -5.249999
v -9.5 8.0 -5.249999
v -9.375 8.0 -5.499999
v -9.375 9.0 -5.499999
v -9.5 10.999999 -0.24999905
v -9.5 9.999999 -0.24999905
v -9.375 9.999999 -0.49999905
v -9.375 10.999999 -0.49999905
v -3.5 8.0 -5.249999
v -3.625 8.0 -5.499999
v -3.0 8.999999 -0.99999905
v -3.0 9.0 -4.999999
v -3.0 9.5 -3.999999
v -3.0 9.499999 -0.24999905
v -10.0 9.0 -4.999999
v -10.0 8.999999 -0.99999905
v -10.0 9.499999 -0.24999905
v -10.0 9.5 -3.999999
v -3.5 9.999999 -0.24999905
v -3.625 9.999999 -0.49999905
v -3.625 9.499999 -0.99999905
v -3.5 9.249999 -0.99999905
v -3.625 9.5 -4.999999
v -3.625 9.0 -5.499999
v -3.5 9.0 -5.249999
v -3.5 9.25 -4.999999
v -3.5 9.249999 -0.99999905
v -3.625 9.499999 -0.99999905
v -3.625 9.5 -4.999999
v -3.5 9.25 -4.999999
v -9.5 9.999999 -0.24999905
v -9.5 9.249999 -0.99999905
v -9.375 9.499999 -0.99999905
v -9.375 9.999999 -0.49999905
v -9.375 9.5 -4.999999
v -9.5 9.25 -4.999999
v -9.5 9.0 -5.249999
v -9.375 9.0 -5.499999
v -9.5 9.249999 -0.99999905
v -9.5 9.25 -4.999999
v -9.375 9.5 -4.999999
v -9.375 9.499999 -0.99999905
v -3.0 9.0 -4.999999
v -3.0 8.999999 -0.99999905
v -3.5 9.249999 -0.99999905
v -3.5 9.25 -4.999999
v -10.0 9.0 -4.999999
v -9.5 9.25 -4.999999
v -9.5 9.249999 -0.99999905
v -10.0 8.999999 -0.99999905
v -3.0 9.0 -4.999999
v -3.5 9.25 -4.999999
v -3.5 9.0 -5.249999
v -3.0 9.499999 -0.24999905
v -3.5 9.999999 -0.24999905
v -3.5 9.249999 -0.99999905
v -3.0 8.999999 -0.99999905
v -3.0 9.499999 -0.24999905
v -3.5 9.249999 -0.99999905
v -10.0 9.0 -4.999999
v -9.5 9.0 -5.249999
v -9.5 9.25 -4.999999
v -10.0 9.499999 -0.24999905
v -9.5 9.249999 -0.99999905
v -9.5 9.999999 -0.24999905
v -10.0 8.999999 -0.99999905
v -9.5 9.249999 -0.99999905
v -10.0 9.499999 -0.24999905
v -3.0 10.999999 9.536743E-7
v -3.5 10.999999 -0.24999905
v -3.5 9.999999 -0.24999905
v -3.0 9.999999 9.536743E-7
v -3.0 9.0 -4.999999
v -3.5 9.0 -5.249999
v -3.5 8.0 -5.249999
v -3.0 8.0 -4.999999
v -10.0 8.0 -4.999999
v -9.5 8.0 -5.249999
v -9.5 9.0 -5.249999
v -10.0 9.0 -4.999999
v -10.0 9.999999 9.536743E-7
v -9.5 9.999999 -0.24999905
v -9.5 10.999999 -0.24999905
v -10.0 10.999999 9.536743E-7
v -10.0 9.499999 -0.24999905
v -9.5 9.999999 -0.24999905
v -10.0 9.999999 9.536743E-7
v -3.5 9.999999 -0.24999905
v -3.0 9.499999 -0.24999905
v -3.0 9.999999 9.536743E-7
v -3.625 9.0 -5.499999
v -4.0 9.0 -5.499999
v -4.0 8.0 -5.499999
v -3.625 8.0 -5.499999
v -9.375 8.0 -5.499999
v -9.0 8.0 -5.499999
v -9.0 9.0 -5.499999
v -9.375 9.0 -5.499999
v -9.375 9.999999 -0.49999905
v -9.0 9.999999 -0.49999905
v -9.0 10.999999 -0.49999905
v -9.375 10.999999 -0.49999905
v -3.625 10.999999 -0.49999905
v -4.0 10.999999 -0.49999905
v -4.0 9.999999 -0.49999905
v -3.625 9.999999 -0.49999905
v -9.0 9.0 -5.499999
v -9.5 9.0 -5.499999
v -8.25 8.5 -5.499999
v -8.75 8.0 -5.499999
v -7.25 8.25 -5.499999
v -7.0 7.5 -5.499999
v -5.75 8.25 -5.499999
v -6.0 7.5 -5.499999
v -4.75 8.5 -5.499999
v -4.25 8.0 -5.499999
v -4.0 9.0 -5.499999
v -3.5 9.0 -5.499999
v -9.5 11.249999 -0.62499905
v -3.5 11.249999 -0.62499905
v -3.5 11.499999 -0.62499905
v -9.5 11.499999 -0.62499905
v -3.625 9.5 -4.999999
v -9.375 9.5 -4.999999
v -9.375 8.5 -5.499999
v -3.625 8.5 -5.499999
v -3.625 9.999999 -0.49999905
v -4.0 9.999999 -0.99999905
v -3.625 9.499999 -0.99999905
v -4.0 9.749999 -1.249999
v -3.625 9.5 -4.999999
v -4.0 9.75 -5.249999
v -3.625 9.0 -5.499999
v -4.0 9.0 -5.999999
v -4.0 9.999999 -0.99999905
v -9.0 9.999999 -0.99999905
v -4.0 9.749999 -1.249999
v -9.0 9.749999 -1.249999
v -4.0 9.75 -5.249999
v -9.0 9.75 -5.249999
v -4.0 9.0 -5.999999
v -9.0 9.0 -5.999999
v -9.0 9.999999 -0.99999905
v -9.375 9.999999 -0.49999905
v -9.0 9.749999 -1.249999
v -9.375 9.499999 -0.99999905
v -9.0 9.75 -5.249999
v -9.375 9.5 -4.999999
v -9.0 9.0 -5.999999
v -9.375 9.0 -5.499999
v -3.625 9.999999 -0.49999905
v -3.625 10.999999 -0.49999905
v -4.0 10.999999 -0.99999905
v -4.0 9.999999 -0.99999905
v -3.625 8.0 -5.499999
v -3.625 9.0 -5.499999
v -4.0 9.0 -5.999999
v -4.0 8.0 -5.999999
v -9.375 9.0 -5.499999
v -9.375 8.0 -5.499999
v -9.0 8.0 -5.999999
v -9.0 9.0 -5.999999
v -9.375 10.999999 -0.49999905
v -9.375 9.999999 -0.49999905
v -9.0 9.999999 -0.99999905
v -9.0 10.999999 -0.99999905
v -3.625 8.0 -5.499999
v -4.0 8.0 -5.999999
v -8.0 9.0 -5.499999
v -8.25 8.5 -5.499999
v -7.25 9.0 -5.499999
v -7.25 8.25 -5.499999
v -5.75 9.0 -5.499999
v -5.75 8.25 -5.499999
v -5.0 9.0 -5.499999
v -4.75 8.5 -5.499999
v -9.5 10.749999 -0.62499905
v -3.5 10.749999 -0.62499905
v -3.5 11.249999 -0.62499905
v -9.5 11.249999 -0.62499905
v -4.75 8.5 -5.499999
v -4.0 9.0 -5.499999
v -5.0 9.0 -5.499999
v -9.0 9.0 -5.499999
v -8.25 8.5 -5.499999
v -8.0 9.0 -5.499999
v -9.374999 14.0 -0.500002
v -9.0 14.0 -1.000002
v -9.499999 14.0 -0.250002
v -9.999999 14.0 -1.013279E-6
v -9.499999 14.0 -0.250002
v -9.374999 14.0 -0.500002
v -8.999999 14.0 -0.500002
v -9.374999 14.0 -0.500002
v -9.499999 11.0 -0.250002
v -9.374999 11.0 -0.500002
v -9.499999 11.0 -0.250002
v -9.999999 11.0 -1.013279E-6
v -9.374999 11.0 -0.500002
v -8.999999 11.0 -0.500002
v -9.374999 11.0 -0.500002
v -9.0 11.0 -1.000002
v -4.125 15.5 9.536743E-7
v -3.625 15.5 9.536743E-7
v -4.125 15.499999 4.000001
v -3.625 15.499999 4.000001
v -4.0 15.999999 4.500001
v -3.625 15.999999 4.500001
v -9.375 15.5 9.536743E-7
v -8.875 15.5 9.536743E-7
v -9.375 15.499999 4.000001
v -8.875 15.499999 4.000001
v -9.375 15.999999 4.500001
v -9.0 15.999999 4.500001
v -3.625 15.5 9.536743E-7
v -4.125 15.5 9.536743E-7
v -4.125 15.0 -0.49999905
v -3.625 15.0 -0.49999905
v -8.875 15.5 9.536743E-7
v -9.375 15.5 9.536743E-7
v -9.375 15.0 -0.49999905
v -8.875 15.0 -0.49999905
v -4.0 15.999999 4.500001
v -3.625 15.999999 4.500001
v -3.5 16.75 4.375001
v -9.375 15.999999 4.500001
v -9.0 15.999999 4.500001
v -9.5 16.75 4.375001
v -8.875 15.0 -0.49999905
v -4.125 15.0 -0.49999905
v -8.875 15.5 9.536743E-7
v -4.125 15.5 9.536743E-7
v -8.875 15.499999 4.000001
v -4.125 15.499999 4.000001
v -9.0 15.999999 4.500001
v -4.0 15.999999 4.500001
v -9.0 15.999999 4.500001
v -4.0 15.999999 4.500001
v -3.5 16.75 4.375001
v -9.5 16.75 4.375001
v -3.5 15.999999 4.750001
v -3.5 17.0 4.750001
v -3.625 17.0 4.500001
v -3.625 15.999999 4.500001
v -3.5 14.0 -0.24999905
v -3.5 15.0 -0.24999905
v -3.625 15.0 -0.49999905
v -3.625 14.0 -0.49999905
v -9.5 15.0 -0.24999905
v -9.5 14.0 -0.24999905
v -9.375 14.0 -0.49999905
v -9.375 15.0 -0.49999905
v -9.5 17.0 4.750001
v -9.5 15.999999 4.750001
v -9.375 15.999999 4.500001
v -9.375 17.0 4.500001
v -3.5 14.0 -0.24999905
v -3.625 14.0 -0.49999905
v -3.0 14.999999 4.000001
v -3.0 15.0 9.536743E-7
v -3.0 15.5 1.000001
v -3.0 15.499999 4.750001
v -10.0 15.0 9.536743E-7
v -10.0 14.999999 4.000001
v -10.0 15.499999 4.750001
v -10.0 15.5 1.000001
v -3.5 15.999999 4.750001
v -3.625 15.999999 4.500001
v -3.625 15.499999 4.000001
v -3.5 15.249999 4.000001
v -3.625 15.5 9.536743E-7
v -3.625 15.0 -0.49999905
v -3.5 15.0 -0.24999905
v -3.5 15.25 9.536743E-7
v -3.5 15.249999 4.000001
v -3.625 15.499999 4.000001
v -3.625 15.5 9.536743E-7
v -3.5 15.25 9.536743E-7
v -9.5 15.999999 4.750001
v -9.5 15.249999 4.000001
v -9.375 15.499999 4.000001
v -9.375 15.999999 4.500001
v -9.375 15.5 9.536743E-7
v -9.5 15.25 9.536743E-7
v -9.5 15.0 -0.24999905
v -9.375 15.0 -0.49999905
v -9.5 15.249999 4.000001
v -9.5 15.25 9.536743E-7
v -9.375 15.5 9.536743E-7
v -9.375 15.499999 4.000001
v -3.0 15.0 9.536743E-7
v -3.0 14.999999 4.000001
v -3.5 15.249999 4.000001
v -3.5 15.25 9.536743E-7
v -10.0 15.0 9.536743E-7
v -9.5 15.25 9.536743E-7
v -9.5 15.249999 4.000001
v -10.0 14.999999 4.000001
v -3.0 15.0 9.536743E-7
v -3.5 15.25 9.536743E-7
v -3.5 15.0 -0.24999905
v -3.0 15.499999 4.750001
v -3.5 15.999999 4.750001
v -3.5 15.249999 4.000001
v -3.0 14.999999 4.000001
v -3.0 15.499999 4.750001
v -3.5 15.249999 4.000001
v -10.0 15.0 9.536743E-7
v -9.5 15.0 -0.24999905
v -9.5 15.25 9.536743E-7
v -10.0 15.499999 4.750001
v -9.5 15.249999 4.000001
v -9.5 15.999999 4.750001
v -10.0 14.999999 4.000001
v -9.5 15.249999 4.000001
v -10.0 15.499999 4.750001
v -3.0 17.0 5.000001
v -3.5 17.0 4.750001
v -3.5 15.999999 4.750001
v -3.0 15.999999 5.000001
v -3.0 15.0 9.536743E-7
v -3.5 15.0 -0.24999905
v -3.5 14.0 -0.24999905
v -3.0 14.0 9.536743E-7
v -10.0 14.0 9.536743E-7
v -9.5 14.0 -0.24999905
v -9.5 15.0 -0.24999905
v -10.0 15.0 9.536743E-7
v -10.0 15.999999 5.000001
v -9.5 15.999999 4.750001
v -9.5 17.0 4.750001
v -10.0 17.0 5.000001
v -10.0 15.499999 4.750001
v -9.5 15.999999 4.750001
v -10.0 15.999999 5.000001
v -3.5 15.999999 4.750001
v -3.0 15.499999 4.750001
v -3.0 15.999999 5.000001
v -3.625 15.0 -0.49999905
v -4.0 15.0 -0.49999905
v -4.0 14.0 -0.49999905
v -3.625 14.0 -0.49999905
v -9.375 14.0 -0.49999905
v -9.0 14.0 -0.49999905
v -9.0 15.0 -0.49999905
v -9.375 15.0 -0.49999905
v -9.375 15.999999 4.500001
v -9.0 15.999999 4.500001
v -9.0 17.0 4.500001
v -9.375 17.0 4.500001
v -3.625 17.0 4.500001
v -4.0 17.0 4.500001
v -4.0 15.999999 4.500001
v -3.625 15.999999 4.500001
v -9.0 15.0 -0.49999905
v -9.5 15.0 -0.49999905
v -8.25 14.5 -0.49999905
v -8.75 14.0 -0.49999905
v -7.25 14.25 -0.49999905
v -7.0 13.5 -0.49999905
v -5.75 14.25 -0.49999905
v -6.0 13.5 -0.49999905
v -4.75 14.5 -0.49999905
v -4.25 14.0 -0.49999905
v -4.0 15.0 -0.49999905
v -3.5 15.0 -0.49999905
v -9.5 17.25 4.375001
v -3.5 17.25 4.375001
v -3.5 17.5 4.375001
v -9.5 17.5 4.375001
v -3.625 15.5 9.536743E-7
v -9.375 15.5 9.536743E-7
v -9.375 14.5 -0.49999905
v -3.625 14.5 -0.49999905
v -3.625 15.999999 4.500001
v -4.0 15.999999 4.000001
v -3.625 15.499999 4.000001
v -4.0 15.749999 3.750001
v -3.625 15.5 9.536743E-7
v -4.0 15.75 -0.24999905
v -3.625 15.0 -0.49999905
v -4.0 15.0 -0.99999905
v -4.0 15.999999 4.000001
v -9.0 15.999999 4.000001
v -4.0 15.749999 3.750001
v -9.0 15.749999 3.750001
v -4.0 15.75 -0.24999905
v -9.0 15.75 -0.24999905
v -4.0 15.0 -0.99999905
v -9.0 15.0 -0.99999905
v -9.0 15.999999 4.000001
v -9.375 15.999999 4.500001
v -9.0 15.749999 3.750001
v -9.375 15.499999 4.000001
v -9.0 15.75 -0.24999905
v -9.375 15.5 9.536743E-7
v -9.0 15.0 -0.99999905
v -9.375 15.0 -0.49999905
v -3.625 15.999999 4.500001
v -3.625 17.0 4.500001
v -4.0 17.0 4.000001
v -4.0 15.999999 4.000001
v -3.625 14.0 -0.49999905
v -3.625 15.0 -0.49999905
v -4.0 15.0 -0.99999905
v -4.0 14.0 -0.99999905
v -9.375 15.0 -0.49999905
v -9.375 14.0 -0.49999905
v -9.0 14.0 -0.99999905
v -9.0 15.0 -0.99999905
v -9.375 17.0 4.500001
v -9.375 15.999999 4.500001
v -9.0 15.999999 4.000001
v -9.0 17.0 4.000001
v -3.625 14.0 -0.49999905
v -4.0 14.0 -0.99999905
v -8.0 15.0 -0.49999905
v -8.25 14.5 -0.49999905
v -7.25 15.0 -0.49999905
v -7.25 14.25 -0.49999905
v -5.75 15.0 -0.49999905
v -5.75 14.25 -0.49999905
v -5.0 15.0 -0.49999905
v -4.75 14.5 -0.49999905
v -9.5 16.75 4.375001
v -3.5 16.75 4.375001
v -3.5 17.25 4.375001
v -9.5 17.25 4.375001
v -4.75 14.5 -0.49999905
v -4.0 15.0 -0.49999905
v -5.0 15.0 -0.49999905
v -9.0 15.0 -0.49999905
v -8.25 14.5 -0.49999905
v -8.0 15.0 -0.49999905
v -6.0 -11.0 -9.812501
v -9.0 -11.0 -9.812501
v -9.0 -14.0 -9.812501
v -6.0 -14.0 -9.812501
v -9.0 -12.500001 -5.25
v -6.0 -12.500001 -5.25
v -6.0 -12.5 -9.812501
v -9.0 -12.5 -9.812501
v -7.5 -14.000001 -5.250001
v -7.5 -11.000001 -5.25
v -7.5 -11.0 -9.812501
v -7.5 -14.0 -9.812501
v -6.0 -14.0 -8.375001
v -6.0 -11.0 -8.375001
v -9.0 -11.0 -8.375001
v -9.0 -14.0 -8.375001
v -6.0 -4.0 -9.812501
v -9.0 -4.0 -9.812501
v -9.0 -7.0 -9.812501
v -6.0 -7.0 -9.812501
v -9.0 -5.500001 -5.25
v -6.0 -5.500001 -5.25
v -6.0 -5.5 -9.812501
v -9.0 -5.5 -9.812501
v -7.5 -7.000001 -5.250001
v -7.5 -4.000001 -5.25
v -7.5 -4.0 -9.812501
v -7.5 -7.0 -9.812501
v -6.0 -7.0 -8.375001
v -6.0 -4.0 -8.375001
v -9.0 -4.0 -8.375001
v -9.0 -7.0 -8.375001
v -6.5 -16.0 -9.25
v -6.0 -16.0 -10.0
v -6.0 -15.0 -10.0
v -6.499999 -15.0 -9.25
v -6.499999 -15.0 -5.25
v -6.5 -16.0 -5.25
v -7.0 -16.0 -5.0
v -7.0 -15.0 -5.0
v -6.5 -15.0 -9.25
v -6.25 -14.25 -10.0
v -7.0 -14.5 -9.25
v -6.0 -15.0 -10.0
v -7.0 -14.0 -10.0
v -7.0 -14.5 -5.25
v -6.5 -15.0 -5.25
v -7.0 -15.0 -5.0
v -3.625 -2.0 -10.500001
v -4.0 -2.0 -11.000001
v -3.96875 -3.03125 -10.500001
v -4.25 -2.75 -11.000001
v -5.0 -3.375 -10.500001
v -5.0 -3.0 -11.000001
v -3.0 -2.0 -10.000001
v -3.5 -2.0 -10.250001
v -3.5 -3.5 -10.000001
v -3.875 -3.125 -10.250001
v -5.0 -4.0 -10.0
v -5.0 -3.5 -10.250001
v -5.0 -3.0 -10.500001
v -5.0 -3.375 -10.500001
v -4.25 -2.75 -10.500001
v -3.96875 -3.03125 -10.500001
v -4.0 -2.0 -10.500001
v -3.625 -2.0 -10.500001
v -3.5 -2.0 -10.250001
v -3.625 -2.0 -10.500001
v -3.875 -3.125 -10.250001
v -3.96875 -3.03125 -10.500001
v -5.0 -3.5 -10.250001
v -5.0 -3.375 -10.500001
v -1.0 -4.0 -9.812501
v -4.0 -4.0 -9.812501
v -4.0 -7.0 -9.812501
v -1.0 -7.0 -9.812501
v -4.0 -5.500001 -5.25
v -1.0 -5.500001 -5.25
v -1.0 -5.5 -9.812501
v -4.0 -5.5 -9.812501
v -2.5 -7.000001 -5.250001
v -2.5 -4.000001 -5.25
v -2.5 -4.0 -9.812501
v -2.5 -7.0 -9.812501
v -1.0 -7.0 -8.375001
v -1.0 -4.0 -8.375001
v -4.0 -4.0 -8.375001
v -4.0 -7.0 -8.375001
v -3.625001 -2.0 -10.500002
v -4.0 -2.0 -11.000002
v -3.500001 -2.0 -10.250002
v -3.000001 -2.0 -10.000001
v -3.500001 -2.0 -10.250002
v -3.625001 -2.0 -10.500002
v -4.000001 -2.0 -10.500002
v -3.625001 -2.0 -10.500002
v -3.500001 2.0 -10.250002
v -3.625001 2.0 -10.500002
v -3.500001 2.0 -10.250002
v -3.000001 2.0 -10.000001
v -3.625001 2.0 -10.500002
v -4.000001 2.0 -10.500002
v -3.625001 2.0 -10.500002
v -4.0 2.0 -11.000002
v -3.625001 5.0 -5.500002
v -4.0 5.0 -6.000002
v -3.500001 5.0 -5.250002
v -3.000001 5.0 -5.000001
v -3.500001 5.0 -5.250002
v -3.625001 5.0 -5.500002
v -4.000001 5.0 -5.500002
v -3.625001 5.0 -5.500002
v -3.500001 8.0 -5.250002
v -3.625001 8.0 -5.500002
v -3.500001 8.0 -5.250002
v -3.000001 8.0 -5.000001
v -3.625001 8.0 -5.500002
v -4.000001 8.0 -5.500002
v -3.625001 8.0 -5.500002
v -4.0 8.0 -6.000002
v -3.625001 11.0 -0.500002
v -4.0 11.0 -1.000002
v -3.500001 11.0 -0.250002
v -3.000001 11.0 -1.013279E-6
v -3.500001 11.0 -0.250002
v -3.625001 11.0 -0.500002
v -4.000001 11.0 -0.500002
v -3.625001 11.0 -0.500002
v -3.500001 14.0 -0.250002
v -3.625001 14.0 -0.500002
v -3.500001 14.0 -0.250002
v -3.000001 14.0 -1.013279E-6
v -3.625001 14.0 -0.500002
v -4.000001 14.0 -0.500002
v -3.625001 14.0 -0.500002
v -4.0 14.0 -1.000002
v -2.5 -3.0 -9.25
v -2.75 -3.75 -10.0
v -2.0 -3.5 -9.25
v -3.0 -3.0 -10.0
v -2.0 -4.0 -10.0
v -2.0 -3.0 -5.0
v -2.5 -3.0 -5.25
v -2.0 -3.5 -5.25
v -2.5 3.0 -9.25
v -3.0 3.0 -10.0
v -3.0 -3.0 -10.0
v -2.0 3.0 -5.0
v -2.0 -3.0 -5.0
v -2.500001 -3.0 -9.25
v -2.5 3.0 -5.25
v -2.500001 -3.0 -5.25
v -2.5 4.0 -9.25
v -3.0 4.0 -10.0
v -3.0 3.0 -10.0
v -2.5 3.0 -9.25
v -3.0 3.5 -9.25
v -2.0 3.0 -10.0
v -2.0 3.499999 -9.25
v -2.5 3.0 -5.25
v -2.5 4.0 -5.25
v -2.0 3.499999 -5.25
v -3.0 3.5 -5.25
v -2.0 4.0 -5.0
v -2.0 3.0 -5.0
v -3.0 4.0 -5.0
v -2.5 7.0 -4.25
v -2.75 6.25 -5.0
v -2.0 6.5 -4.25
v -3.0 7.0 -5.0
v -2.0 6.0 -5.0
v -2.0 7.0 0.0
v -2.5 7.0 -0.25
v -2.0 6.5 -0.25
v -2.5 9.0 -4.25
v -3.0 9.0 -5.0
v -3.0 7.0 -5.0
v -2.0 9.0 0.0
v -2.0 7.0 0.0
v -2.500001 7.0 -4.25
v -2.5 9.0 -0.25
v -2.500001 7.0 -0.25
v -2.5 10.0 -4.25
v -3.0 10.0 -5.0
v -3.0 9.0 -5.0
v -2.5 9.0 -4.25
v -3.0 9.5 -4.25
v -2.0 9.0 -5.0
v -2.0 9.499999 -4.25
v -2.5 9.0 -0.25
v -2.5 10.0 -0.25
v -2.0 9.499999 -0.25
v -3.0 9.5 -0.25
v -2.0 10.0 0.0
v -2.0 9.0 0.0
v -3.0 10.0 0.0
v -3.0 15.5 0.75
v -3.0 15.0 0.0
v -2.0 15.0 0.0
v -3.0 16.0 5.0
v -2.0 16.0 5.0
v -2.0 15.499999 0.75
v -3.0 15.5 4.75
v -2.0 15.499999 4.75
v 1.75 -9.25 -9.765626
v -2.0 -9.25 -9.765626
v -2.0 -13.0 -9.765626
v 1.75 -13.0 -9.765626
v -2.0 -11.125001 -4.0625
v 1.75 -11.125001 -4.0625
v 1.75 -11.125 -9.765626
v -2.0 -11.125 -9.765626
v -0.125 -13.000001 -4.062501
v -0.125 -9.250001 -4.0625
v -0.125 -9.25 -9.765626
v -0.125 -13.0 -9.765626
v 1.75 -13.0 -7.968751
v 1.75 -9.25 -7.968751
v -2.0 -9.25 -7.968751
v -2.0 -13.0 -7.968751
v -2.0 -3.5 -9.25
v -2.0 -4.0 -10.0
v 6.0 -4.0 -10.0
v -2.0 -3.0 -5.0
v 6.0 -3.0 -5.0
v 6.0 -3.500001 -9.25
v -2.0 -3.5 -5.25
v 6.0 -3.500001 -5.25
v -2.0 6.5 -4.25
v -2.0 6.0 -5.0
v 0.0 6.0 -5.0
v -2.0 7.0 0.0
v 0.0 7.0 0.0
v 0.0 6.499999 -4.25
v -2.0 6.5 -0.25
v 0.0 6.499999 -0.25
v 0.87500095 16.0 5.05
v 0.87500095 16.5 5.05
v -0.49999905 16.0 5.050001
v -0.49999905 16.5 5.050001
v -1.874999 16.0 5.050001
v -1.874999 16.5 5.050001
v 0.875 11.0 0.0
v 0.87500095 16.0 5.05
v -0.5 11.0 0.0
v -0.49999905 16.0 5.050001
v -1.875 11.0 9.536743E-7
v -1.874999 16.0 5.050001
v -2.0 12.500977 1.000977
v -2.0 10.78125 0.06250095
v -1.999999 15.84375 5.175001
v -1.999999 16.5 5.050001
v 1.000001 15.84375 5.175
v 1.000001 16.5 5.05
v 0.87500095 16.5 5.05
v 0.87500095 15.84375 5.175
v 0.87500095 15.84375 5.175
v 0.87500095 16.5 5.05
v 0.875 11.4375 -0.0625
v 0.875 10.78125 0.0625
v 1.000001 15.84375 5.175
v 0.87500095 15.84375 5.175
v 0.875 10.78125 0.0625
v 1.0 10.78125 0.0625
v 1.000001 16.5 5.05
v 1.000001 15.84375 5.175
v 1.0 10.78125 0.0625
v 1.0 12.50293 1.00293
v -1.874999 15.84375 5.175001
v -1.874999 16.5 5.050001
v -1.999999 16.5 5.050001
v -1.999999 15.84375 5.175001
v -1.875 10.78125 0.06250095
v -1.875 11.4375 -0.062499046
v -1.874999 16.5 5.050001
v -1.874999 15.84375 5.175001
v -2.0 10.78125 0.06250095
v -1.875 10.78125 0.06250095
v -1.874999 15.84375 5.175001
v -1.999999 15.84375 5.175001
v 1.0 12.50293 1.00293
v 1.0 10.78125 0.0625
v 1.0 11.4375 -0.0625
v -2.0 11.4375 -0.062499046
v -2.0 10.78125 0.06250095
v -2.0 12.500977 1.000977
v 1.0 12.50293 1.00293
v 1.0 16.476562 1.0
v 1.000001 16.5 5.05
v 1.0 12.50293 1.00293
v 1.0 11.4375 -0.0625
v 1.0 16.476562 -0.0625
v 1.0 16.476562 1.0
v -2.0 12.50293 1.00293
v -2.0 16.476562 1.0
v -2.0 16.5 5.05
v -2.0 12.50293 1.00293
v -2.0 11.4375 -0.0625
v -2.0 16.476562 -0.0625
v -2.0 16.476562 1.0
v 0.5 -1.0 -4.25
v 0.25 -1.75 -5.0
v 1.0 -1.5 -4.25
v 0.0 -1.0 -5.0
v 1.0 -2.0 -5.0
v 1.0 -1.0 0.0
v 0.5 -1.0 -0.25
v 1.0 -1.5 -0.25
v 0.5 6.0 -4.25
v 0.0 6.0 -5.0
v 0.0 -1.0 -5.0
v 1.0 6.0 0.0
v 1.0 -1.0 0.0
v 0.499999 -1.0 -4.25
v 0.5 6.0 -0.25
v 0.499999 -1.0 -0.25
v 0.5 7.0 -4.25
v 0.0 7.0 -5.0
v 0.0 6.0 -5.0
v 0.5 6.0 -4.25
v 0.0 6.5 -4.25
v 1.0 6.0 -5.0
v 1.0 6.499999 -4.25
v 0.5 6.0 -0.25
v 0.5 7.0 -0.25
v 1.0 6.499999 -0.25
v 0.0 6.5 -0.25
v 1.0 7.0 0.0
v 1.0 6.0 0.0
v 0.0 7.0 0.0
v 6.9676204 -15.284833 -6.8942823
v 5.1351013 -14.63371 -4.671381
v 4.919037 -12.965254 -4.004145
v 5.960541 -15.222577 -5.942866
v 7.544036 -14.465254 -4.004145
v 3.6307058 -17.375896 -8.816889
v 3.6307058 -17.375896 -8.816889
v 2.3820791 -5.8237286 -9.724533
v 2.8237293 -5.617918 -9.724533
v 2.4999993 -5.4999976 -6.6102753
v 2.617919 -5.1762676 -9.724533
v 2.617919 -5.1762676 -9.724533
v 2.1762676 -5.382078 -9.724533
v 2.4999993 -5.4999976 -6.6102753
v 2.3820791 -5.8237286 -9.724533
v 6.255706 -14.375897 -8.81689
v 5.3042903 -16.010662 -7.0173287
v 5.695403 -16.144695 -8.952388
v 8.320403 -13.144696 -8.952388
v 3.3071275 -7.2299786 -9.777267
v 4.229979 -4.6928687 -9.777267
v 1.6928704 -3.7700176 -9.777267
v 0.77001834 -6.3071265 -9.777267
v 2.890228 -18.631268 -7.4611764
v 4.3426204 -18.284832 -6.8942823
v 4.9871516 -16.470623 -6.8942823
v 3.5296323 -13.569501 -4.671381
v 2.885101 -15.38371 -4.671381
v 0.9296868 -4.626951 -8.386398
v 4.070311 -6.373045 -8.386398
v 4.0703115 -6.373045 -6.085129
v 0.9296875 -4.626951 -6.0851283
v 3.3583975 -3.920896 -8.36882
v 1.6416011 -7.0790997 -8.36882
v 1.6416011 -7.0790997 -6.085129
v 3.3583975 -3.920896 -6.085129
v 1.9060051 -4.2673316 -7.8019257
v 3.0939932 -6.7326636 -7.8019257
v 3.0939932 -6.7326636 -5.5790253
v 1.9060051 -4.2673316 -5.5790253
v 1.2614739 -6.081541 -7.8019257
v 3.7385244 -4.918455 -7.8019257
v 3.7385244 -4.918455 -5.579026
v 1.2614739 -6.081541 -5.5790253
v 3.7105405 -15.972577 -5.942866
v 5.2940364 -15.215254 -4.004145
v 2.913085 -4.3295875 -6.85051
v 2.0869129 -6.670408 -6.85051
v 2.0869136 -6.670408 -4.8334203
v 2.913085 -4.3295875 -4.8334203
v 3.6704094 -5.9130836 -6.7897186
v 1.3295891 -5.0869117 -6.7897186
v 1.3295898 -5.0869117 -4.9117885
v 3.6704094 -5.9130836 -4.9117894
v 2.6792905 -19.010662 -7.0173287
v 4.458495 -6.5693336 -7.9249725
v 3.569335 -3.5415015 -7.9249725
v 0.5415032 -4.4306617 -7.924972
v 1.4306636 -7.458494 -7.924972
v 1.0 -1.5 -4.25
v 1.0 -2.0 -5.0
v 5.0 -2.0 -5.0
v 1.0 -1.0 0.0
v 5.0 -1.0 0.0
v 5.0 -1.500001 -4.25
v 1.0 -1.5 -0.25
v 5.0 -1.500001 -0.25
v 4.0 8.0 0.18749905
v 1.0 8.0 0.18749905
v 1.0 5.0 0.18749905
v 4.0 5.0 0.18749905
v 1.0 6.499999 4.75
v 4.0 6.499999 4.75
v 4.0 6.5 0.18749905
v 1.0 6.5 0.18749905
v 2.5 4.999999 4.749999
v 2.5 7.999999 4.75
v 2.5 8.0 0.18749905
v 2.5 5.0 0.18749905
v 4.0 5.0 1.624999
v 4.0 8.0 1.624999
v 1.0 8.0 1.624999
v 1.0 5.0 1.624999
v 1.0 15.5 0.75
v 1.0 15.0 0.0
v 9.0 15.0 0.0
v 1.0 16.0 5.0
v 9.0 16.0 5.0
v 9.0 15.499999 0.75
v 1.0 15.5 4.75
v 9.0 15.499999 4.75
v 5.75 12.75 0.23437381
v 2.0 12.75 0.23437381
v 2.0 9.0 0.23437381
v 5.75 9.0 0.23437381
v 2.0 10.874999 5.9375
v 5.75 10.874999 5.9375
v 5.75 10.875 0.23437381
v 2.0 10.875 0.23437381
v 3.875 8.999999 5.937499
v 3.875 12.749999 5.9375
v 3.875 12.75 0.23437381
v 3.875 9.0 0.23437381
v 5.75 9.0 2.0312488
v 5.75 12.75 2.0312488
v 2.0 12.75 2.0312488
v 2.0 9.0 2.0312488
v 7.0 9.0 0.18749905
v 4.0 9.0 0.18749905
v 4.0 6.0 0.18749905
v 7.0 6.0 0.18749905
v 4.0 7.499999 4.75
v 7.0 7.499999 4.75
v 7.0 7.5 0.18749905
v 4.0 7.5 0.18749905
v 5.5 5.999999 4.749999
v 5.5 8.999999 4.75
v 5.5 9.0 0.18749905
v 5.5 6.0 0.18749905
v 7.0 6.0 1.624999
v 7.0 9.0 1.624999
v 4.0 9.0 1.624999
v 4.0 6.0 1.624999
v 5.0 -1.5 -4.25
v 5.75 -1.75 -5.0
v 5.5 -1.0 -4.25
v 5.0 -2.0 -5.0
v 6.0 -1.0 -5.0
v 5.0 -1.0 0.0
v 5.0 -1.5 -0.25
v 5.5 -1.0 -0.25
v 5.0 1.875001 0.05000019
v 4.5 1.875001 0.05000019
v 5.0 0.50000095 0.050001144
v 4.5 0.50000095 0.050001144
v 5.0 -0.87499905 0.050001144
v 4.5 -0.87499905 0.050001144
v 10.0 1.875 -5.0
v 5.0 1.875001 0.05000019
v 10.0 0.5 -5.0
v 5.0 0.50000095 0.050001144
v 10.0 -0.875 -4.999999
v 5.0 -0.87499905 0.050001144
v 8.499023 -1.0 -3.999023
v 10.21875 -1.0 -4.937499
v 5.15625 -0.99999905 0.17500114
v 4.5 -0.99999905 0.050001144
v 5.15625 2.000001 0.17500019
v 4.5 2.000001 0.05000019
v 4.5 1.875001 0.05000019
v 5.15625 1.875001 0.17500019
v 5.15625 1.875001 0.17500019
v 4.5 1.875001 0.05000019
v 9.5625 1.875 -5.0625
v 10.21875 1.875 -4.9375
v 5.15625 2.000001 0.17500019
v 5.15625 1.875001 0.17500019
v 10.21875 1.875 -4.9375
v 10.21875 2.0 -4.9375
v 4.5 2.000001 0.05000019
v 5.15625 2.000001 0.17500019
v 10.21875 2.0 -4.9375
v 8.49707 2.0 -3.9970698
v 5.15625 -0.87499905 0.17500114
v 4.5 -0.87499905 0.050001144
v 4.5 -0.99999905 0.050001144
v 5.15625 -0.99999905 0.17500114
v 10.21875 -0.875 -4.937499
v 9.5625 -0.875 -5.062499
v 4.5 -0.87499905 0.050001144
v 5.15625 -0.87499905 0.17500114
v 10.21875 -1.0 -4.937499
v 10.21875 -0.875 -4.937499
v 5.15625 -0.87499905 0.17500114
v 5.15625 -0.99999905 0.17500114
v 8.49707 2.0 -3.9970698
v 10.21875 2.0 -4.9375
v 9.5625 2.0 -5.0625
v 9.5625 -1.0 -5.062499
v 10.21875 -1.0 -4.937499
v 8.499023 -1.0 -3.999023
v 8.49707 2.0 -3.9970698
v 4.523438 2.0 -4.0
v 4.5 2.000001 0.05000019
v 8.49707 2.0 -3.9970698
v 9.5625 2.0 -5.0625
v 4.523438 2.0 -5.0625
v 4.523438 2.0 -4.0
v 8.49707 -1.0 -3.9970698
v 4.523438 -1.0 -4.0
v 4.5 -1.0 0.05000019
v 8.49707 -1.0 -3.9970698
v 9.5625 -1.0 -5.0625
v 4.523438 -1.0 -5.0625
v 4.523438 -1.0 -4.0
v 5.0 2.5 -4.25
v 5.0 2.0 -5.0
v 6.0 2.0 -5.0
v 6.0 2.5 -4.25
v 5.5 2.0 -4.25
v 6.0 3.0 -5.0
v 5.500001 3.0 -4.25
v 6.0 2.5 -0.25
v 5.0 2.5 -0.25
v 5.500001 3.0 -0.25
v 5.5 2.0 -0.25
v 5.0 3.0 0.0
v 6.0 3.0 0.0
v 5.0 2.0 0.0
v 6.5 -15.0 -9.25
v 6.0 -15.0 -10.0
v 6.0 -16.0 -10.0
v 7.0 -15.0 -5.0
v 7.0 -16.0 -5.0
v 6.499999 -16.0 -9.25
v 6.5 -15.0 -5.25
v 6.499999 -16.0 -5.25
v 7.0 -14.5 -9.25
v 6.25 -14.25 -10.0
v 6.5 -15.0 -9.25
v 7.0 -14.0 -10.0
v 6.0 -15.0 -10.0
v 6.5 -15.0 -5.25
v 7.0 -14.5 -5.25
v 7.0 -15.0 -5.0
v 9.0 -11.0 -9.812501
v 6.0 -11.0 -9.812501
v 6.0 -14.0 -9.812501
v 9.0 -14.0 -9.812501
v 6.0 -12.500001 -5.25
v 9.0 -12.500001 -5.25
v 9.0 -12.5 -9.812501
v 6.0 -12.5 -9.812501
v 7.5 -14.000001 -5.250001
v 7.5 -11.000001 -5.25
v 7.5 -11.0 -9.812501
v 7.5 -14.0 -9.812501
v 9.0 -14.0 -8.375001
v 9.0 -11.0 -8.375001
v 6.0 -11.0 -8.375001
v 6.0 -14.0 -8.375001
v 9.0 -4.0 -9.812501
v 6.0 -4.0 -9.812501
v 6.0 -7.0 -9.812501
v 9.0 -7.0 -9.812501
v 6.0 -5.500001 -5.25
v 9.0 -5.500001 -5.25
v 9.0 -5.5 -9.812501
v 6.0 -5.5 -9.812501
v 7.5 -7.000001 -5.250001
v 7.5 -4.000001 -5.25
v 7.5 -4.0 -9.812501
v 7.5 -7.0 -9.812501
v 9.0 -7.0 -8.375001
v 9.0 -4.0 -8.375001
v 6.0 -4.0 -8.375001
v 6.0 -7.0 -8.375001
v 6.0 -3.5 -9.25
v 6.0 -4.0 -10.0
v 14.0 -4.0 -10.0
v 6.0 -3.0 -5.0
v 14.0 -3.0 -5.0
v 14.0 -3.500001 -9.25
v 6.0 -3.5 -5.25
v 14.0 -3.500001 -5.25
v 6.0 2.5 -4.25
v 6.0 2.0 -5.0
v 14.0 2.0 -5.0
v 6.0 3.0 0.0
v 14.0 3.0 0.0
v 14.0 2.499999 -4.25
v 6.0 2.5 -0.25
v 14.0 2.499999 -0.25
v 12.0 -14.5 -9.25
v 12.0 -14.0 -10.0
v 7.0 -14.0 -10.0
v 7.0 -14.499999 -9.25
v 7.0 -14.499999 -5.25
v 12.0 -14.5 -5.25
v 12.0 -15.0 -5.0
v 7.0 -15.0 -5.0
v 11.978414 -15.523222 -7.9295216
v 10.756735 -15.08914 -6.4475875
v 10.612692 -13.976835 -6.0027633
v 11.307027 -15.481718 -7.295244
v 12.362691 -14.976835 -6.0027633
v 9.753804 -16.917265 -9.21126
v 9.753804 -16.917265 -9.21126
v 8.921386 -9.215819 -9.816356
v 9.215819 -9.078612 -9.816356
v 9.0 -8.999998 -7.740184
v 9.078612 -8.784179 -9.816356
v 9.078612 -8.784179 -9.816356
v 8.784179 -8.921386 -9.816356
v 9.0 -8.999998 -7.740184
v 8.921386 -9.215819 -9.816356
v 11.503804 -14.917265 -9.21126
v 10.869527 -16.007109 -8.011553
v 11.130268 -16.096464 -9.301592
v 12.880268 -14.096464 -9.301592
v 9.538085 -10.153318 -9.851511
v 10.153319 -8.461912 -9.851512
v 8.461914 -7.8466787 -9.851511
v 7.8466787 -9.538084 -9.851511
v 9.260152 -17.754179 -8.307451
v 10.228414 -17.523222 -7.9295216
v 10.658101 -16.31375 -7.9295216
v 9.686421 -14.379667 -6.4475875
v 9.256734 -15.58914 -6.4475875
v 7.9531245 -8.417968 -8.924266
v 10.046874 -9.58203 -8.924266
v 10.046875 -9.58203 -7.390086
v 7.953125 -8.417968 -7.390085
v 9.572265 -7.947264 -8.912547
v 8.427734 -10.052732 -8.912546
v 8.427734 -10.052732 -7.390086
v 9.572265 -7.947264 -7.390086
v 8.604004 -8.178221 -8.534616
v 9.395995 -9.821775 -8.534616
v 9.395995 -9.821775 -7.052684
v 8.604004 -8.178221 -7.052684
v 8.174316 -9.387694 -8.534616
v 9.825683 -8.612304 -8.534616
v 9.825683 -8.612304 -7.052684
v 8.174316 -9.387694 -7.052684
v 9.807027 -15.981718 -7.295244
v 10.862691 -15.476835 -6.0027633
v 9.27539 -8.219725 -7.90034
v 8.724608 -9.780272 -7.90034
v 8.724609 -9.780272 -6.5556135
v 9.27539 -8.219725 -6.5556135
v 9.780273 -9.275389 -7.8598127
v 8.219727 -8.724607 -7.8598127
v 8.219727 -8.724607 -6.6078587
v 9.780273 -9.275389 -6.6078596
v 9.119527 -18.007109 -8.011553
v 10.305664 -9.712889 -8.616649
v 9.71289 -7.6943345 -8.616649
v 7.6943355 -8.287107 -8.616648
v 8.287109 -10.305662 -8.616648
v 11.75 14.75 0.23437381
v 8.0 14.75 0.23437381
v 8.0 11.0 0.23437381
v 11.75 11.0 0.23437381
v 8.0 12.874999 5.9375
v 11.75 12.874999 5.9375
v 11.75 12.875 0.23437381
v 8.0 12.875 0.23437381
v 9.875 10.999999 5.937499
v 9.875 14.749999 5.9375
v 9.875 14.75 0.23437381
v 9.875 11.0 0.23437381
v 11.75 11.0 2.0312488
v 11.75 14.75 2.0312488
v 8.0 14.75 2.0312488
v 8.0 11.0 2.0312488
v 14.967621 -22.284832 -6.8942823
v 13.135101 -21.633709 -4.671381
v 12.919037 -19.965254 -4.004145
v 13.960541 -22.222576 -5.942866
v 15.544036 -21.465254 -4.004145
v 11.630706 -24.375896 -8.816889
v 11.630706 -24.375896 -8.816889
v 10.382079 -12.823729 -9.724533
v 10.8237295 -12.617918 -9.724533
v 10.499999 -12.499998 -6.6102753
v 10.617919 -12.176268 -9.724533
v 10.617919 -12.176268 -9.724533
v 10.176268 -12.382078 -9.724533
v 10.499999 -12.499998 -6.6102753
v 10.382079 -12.823729 -9.724533
v 14.255706 -21.375896 -8.81689
v 13.304291 -23.010662 -7.0173287
v 13.695403 -23.144695 -8.952388
v 16.320404 -20.144695 -8.952388
v 11.307127 -14.229979 -9.777267
v 12.229979 -11.692869 -9.777267
v 9.69287 -10.770018 -9.777267
v 8.770019 -13.307127 -9.777267
v 10.890228 -25.631268 -7.4611764
v 12.342621 -25.284832 -6.8942823
v 12.987152 -23.470623 -6.8942823
v 11.529633 -20.5695 -4.671381
v 10.885101 -22.383709 -4.671381
v 8.929687 -11.626951 -8.386398
v 12.070311 -13.373045 -8.386398
v 12.070312 -13.373045 -6.085129
v 8.9296875 -11.626951 -6.0851283
v 11.3583975 -10.920897 -8.36882
v 9.641602 -14.0791 -8.36882
v 9.641602 -14.0791 -6.085129
v 11.3583975 -10.920897 -6.085129
v 9.906005 -11.267332 -7.8019257
v 11.093993 -13.732664 -7.8019257
v 11.093993 -13.732664 -5.5790253
v 9.906005 -11.267332 -5.5790253
v 9.261474 -13.081541 -7.8019257
v 11.738524 -11.918455 -7.8019257
v 11.738524 -11.918455 -5.579026
v 9.261474 -13.081541 -5.5790253
v 11.710541 -22.972576 -5.942866
v 13.294037 -22.215254 -4.004145
v 10.913085 -11.329588 -6.85051
v 10.086913 -13.670408 -6.85051
v 10.086914 -13.670408 -4.8334203
v 10.913085 -11.329588 -4.8334203
v 11.670409 -12.913083 -6.7897186
v 9.329589 -12.086912 -6.7897186
v 9.32959 -12.086912 -4.9117885
v 11.670409 -12.913083 -4.9117894
v 10.679291 -26.010662 -7.0173287
v 12.458495 -13.569333 -7.9249725
v 11.569335 -10.541502 -7.9249725
v 8.541503 -11.430662 -7.924972
v 9.430664 -14.458494 -7.924972
v 12.0 -4.0 -9.812501
v 9.0 -4.0 -9.812501
v 9.0 -7.0 -9.812501
v 12.0 -7.0 -9.812501
v 9.0 -5.500001 -5.25
v 12.0 -5.500001 -5.25
v 12.0 -5.5 -9.812501
v 9.0 -5.5 -9.812501
v 10.5 -7.000001 -5.250001
v 10.5 -4.000001 -5.25
v 10.5 -4.0 -9.812501
v 10.5 -7.0 -9.812501
v 12.0 -7.0 -8.375001
v 12.0 -4.0 -8.375001
v 9.0 -4.0 -8.375001
v 9.0 -7.0 -8.375001
v 12.75 9.75 0.23437381
v 9.0 9.75 0.23437381
v 9.0 6.0 0.23437381
v 12.75 6.0 0.23437381
v 9.0 7.874999 5.9375
v 12.75 7.874999 5.9375
v 12.75 7.875 0.23437381
v 9.0 7.875 0.23437381
v 10.875 5.999999 5.937499
v 10.875 9.749999 5.9375
v 10.875 9.75 0.23437381
v 10.875 6.0 0.23437381
v 12.75 6.0 2.0312488
v 12.75 9.75 2.0312488
v 9.0 9.75 2.0312488
v 9.0 6.0 2.0312488
v 9.0 15.5 0.75
v 9.0 15.0 0.0
v 14.0 15.0 0.0
v 9.0 16.0 5.0
v 14.0 16.0 5.0
v 14.0 15.499999 0.75
v 9.0 15.5 4.75
v 14.0 15.499999 4.75
v 13.0 -14.5 -9.25
v 13.0 -14.0 -10.0
v 12.0 -14.0 -10.0
v 12.0 -14.5 -9.25
v 12.5 -14.0 -9.25
v 12.0 -15.0 -10.0
v 12.499999 -15.0 -9.25
v 12.0 -14.5 -5.25
v 13.0 -14.5 -5.25
v 12.499999 -15.0 -5.25
v 12.5 -14.0 -5.25
v 13.0 -15.0 -5.0
v 12.0 -15.0 -5.0
v 13.0 -14.0 -5.0
v 13.0 -13.5 -9.25
v 12.25 -13.25 -10.0
v 12.5 -14.0 -9.25
v 13.0 -13.0 -10.0
v 12.0 -14.0 -10.0
v 12.5 -14.0 -5.25
v 13.0 -13.5 -5.25
v 13.0 -14.0 -5.0
v 15.978414 -11.523222 -7.9295216
v 14.756735 -11.08914 -6.4475875
v 14.612692 -9.976835 -6.0027633
v 15.307027 -11.481718 -7.295244
v 16.36269 -10.976835 -6.0027633
v 13.753804 -12.917265 -9.21126
v 13.753804 -12.917265 -9.21126
v 12.921386 -5.215819 -9.816356
v 13.215819 -5.078612 -9.816356
v 13.0 -4.9999986 -7.740184
v 13.078612 -4.7841787 -9.816356
v 13.078612 -4.7841787 -9.816356
v 12.784179 -4.921386 -9.816356
v 13.0 -4.9999986 -7.740184
v 12.921386 -5.215819 -9.816356
v 15.503804 -10.917265 -9.21126
v 14.869527 -12.007109 -8.011553
v 15.130268 -12.096464 -9.301592
v 16.880268 -10.096464 -9.301592
v 13.538085 -6.153319 -9.851511
v 14.153319 -4.4619126 -9.851512
v 12.461914 -3.8466787 -9.851511
v 11.846679 -5.5380845 -9.851511
v 13.260152 -13.754179 -8.307451
v 14.228414 -13.523222 -7.9295216
v 14.658101 -12.313749 -7.9295216
v 13.686421 -10.379667 -6.4475875
v 13.256734 -11.58914 -6.4475875
v 11.953125 -4.417968 -8.924266
v 14.046874 -5.5820303 -8.924266
v 14.046875 -5.5820303 -7.390086
v 11.953125 -4.417968 -7.390085
v 13.572265 -3.9472642 -8.912547
v 12.427734 -6.052733 -8.912546
v 12.427734 -6.052733 -7.390086
v 13.572265 -3.9472642 -7.390086
v 12.604004 -4.178221 -8.534616
v 13.395995 -5.821776 -8.534616
v 13.395995 -5.821776 -7.052684
v 12.604004 -4.178221 -7.052684
v 12.174316 -5.387694 -8.534616
v 13.825683 -4.6123037 -8.534616
v 13.825683 -4.6123037 -7.052684
v 12.174316 -5.387694 -7.052684
v 13.807027 -11.981718 -7.295244
v 14.862691 -11.476835 -6.0027633
v 13.27539 -4.219725 -7.90034
v 12.724608 -5.780272 -7.90034
v 12.724609 -5.780272 -6.5556135
v 13.27539 -4.219725 -6.5556135
v 13.780273 -5.2753887 -7.8598127
v 12.219727 -4.724608 -7.8598127
v 12.219727 -4.724608 -6.6078587
v 13.780273 -5.2753887 -6.6078596
v 13.119527 -14.007109 -8.011553
v 14.305664 -5.7128887 -8.616649
v 13.71289 -3.6943345 -8.616649
v 11.694336 -4.287108 -8.616648
v 12.287109 -6.3056626 -8.616648
v 13.5 -15.0 -4.25
v 13.0 -15.0 -5.0
v 13.0 -16.0 -5.0
v 13.499999 -16.0 -4.25
v 14.0 -15.0 -4.0
v 14.0 -16.0 -4.0
v 14.001953 -14.498828 -4.25
v 13.251953 -14.248828 -5.0
v 13.501953 -14.998828 -4.25
v 14.001953 -13.998828 -5.0
v 13.001953 -14.998828 -5.0
v 14.001953 -14.998828 -4.0
v 16.0 -13.5 -9.25
v 16.0 -13.0 -10.0
v 13.0 -13.0 -10.0
v 13.0 -13.499999 -9.25
v 13.0 -13.499999 -5.25
v 16.0 -13.5 -5.25
v 16.0 -14.0 -5.0
v 13.0 -14.0 -5.0
v 16.0 6.0 0.18749905
v 13.0 6.0 0.18749905
v 13.0 3.0 0.18749905
v 16.0 3.0 0.18749905
v 13.0 4.499999 4.75
v 16.0 4.499999 4.75
v 16.0 4.5 0.18749905
v 13.0 4.5 0.18749905
v 14.5 2.999999 4.749999
v 14.5 5.999999 4.75
v 14.5 6.0 0.18749905
v 14.5 3.0 0.18749905
v 16.0 3.0 1.624999
v 16.0 6.0 1.624999
v 13.0 6.0 1.624999
v 13.0 3.0 1.624999
v 14.0 13.0 0.30322206
v 14.0 15.0 0.30322206
v 14.0 13.0 3.549805
v 14.0 15.0 3.549805
v 13.0 13.0 0.32177603
v 15.0 13.0 0.32177603
v 13.0 15.0 0.32177603
v 15.0 15.0 0.32177603
v 13.0 14.0 0.30322206
v 15.0 14.0 0.30322206
v 13.0 14.0 3.549805
v 15.0 14.0 3.549805
v 13.0 13.0 3.018554
v 15.0 13.0 3.018554
v 13.0 15.0 3.018554
v 15.0 15.0 3.018554
v 13.0 13.0 1.562499
v 15.0 13.0 1.562499
v 13.0 15.0 1.562499
v 15.0 15.0 1.562499
v 15.001953 -15.498828 -3.25
v 14.251953 -15.248828 -4.0
v 14.501953 -15.998828 -3.25
v 15.001953 -14.998828 -4.0
v 14.001953 -15.998828 -4.0
v 15.001953 -15.998828 -3.0
v 16.0 -14.5 -4.25
v 16.0 -14.0 -5.0
v 14.0 -14.0 -5.0
v 14.0 -14.499999 -4.25
v 16.0 -15.0 -4.0
v 14.0 -15.0 -4.0
v 14.0 -3.5 -9.25
v 14.0 -4.0 -10.0
v 16.0 -4.0 -10.0
v 14.0 -3.0 -5.0
v 16.0 -3.0 -5.0
v 16.0 -3.500001 -9.25
v 14.0 -3.5 -5.25
v 16.0 -3.500001 -5.25
v 15.0 -3.0 -4.696778
v 15.0 -1.0 -4.696778
v 15.0 -3.0 -1.4501951
v 15.0 -1.0 -1.4501951
v 14.0 -3.0 -4.678224
v 16.0 -3.0 -4.678224
v 14.0 -1.0 -4.678224
v 16.0 -1.0 -4.678224
v 14.0 -2.0 -4.696778
v 16.0 -2.0 -4.696778
v 14.0 -2.0 -1.4501951
v 16.0 -2.0 -1.4501951
v 14.0 -3.0 -1.981446
v 16.0 -3.0 -1.981446
v 14.0 -1.0 -1.981446
v 16.0 -1.0 -1.981446
v 14.0 -3.0 -3.437501
v 16.0 -3.0 -3.437501
v 14.0 -1.0 -3.437501
v 16.0 -1.0 -3.437501
v 14.0 2.5 -4.25
v 14.0 2.0 -5.0
v 16.0 2.0 -5.0
v 14.0 3.0 0.0
v 16.0 3.0 0.0
v 16.0 2.499999 -4.25
v 14.0 2.5 -0.25
v 16.0 2.499999 -0.25
v 14.0 15.5 0.75
v 14.75 15.25 0.0
v 14.5 16.0 0.75
v 14.0 15.0 0.0
v 15.0 16.0 0.0
v 14.0 16.0 5.0
v 14.0 15.5 4.75
v 14.5 16.0 4.75
v 16.0 -15.5 -3.25
v 16.0 -15.0 -4.0
v 15.0 -15.0 -4.0
v 15.0 -15.499999 -3.25
v 16.0 -16.0 -3.0
v 15.0 -16.0 -3.0
v 18.0 11.0 0.18749905
v 15.0 11.0 0.18749905
v 15.0 8.0 0.18749905
v 18.0 8.0 0.18749905
v 15.0 9.499999 4.75
v 18.0 9.499999 4.75
v 18.0 9.5 0.18749905
v 15.0 9.5 0.18749905
v 16.5 7.999999 4.749999
v 16.5 10.999999 4.75
v 16.5 11.0 0.18749905
v 16.5 8.0 0.18749905
v 18.0 8.0 1.624999
v 18.0 11.0 1.624999
v 15.0 11.0 1.624999
v 15.0 8.0 1.624999
v 16.0 15.0 0.30322206
v 16.0 17.0 0.30322206
v 16.0 15.0 3.549805
v 16.0 17.0 3.549805
v 15.0 15.0 0.32177603
v 17.0 15.0 0.32177603
v 15.0 17.0 0.32177603
v 17.0 17.0 0.32177603
v 15.0 16.0 0.30322206
v 17.0 16.0 0.30322206
v 15.0 16.0 3.549805
v 17.0 16.0 3.549805
v 15.0 15.0 3.018554
v 17.0 15.0 3.018554
v 15.0 17.0 3.018554
v 17.0 17.0 3.018554
v 15.0 15.0 1.562499
v 17.0 15.0 1.562499
v 15.0 17.0 1.562499
v 17.0 17.0 1.562499
v -13.0 -11.125 -9.875
v -13.5 -11.125 -9.875
v -13.5 -11.625 -9.875
v -13.0 -11.625 -9.875
v -13.0 -10.125 -9.875
v -13.5 -10.125 -9.875
v -13.5 -11.125 -9.875
v -13.0 -11.125 -9.875
v -13.0 -9.125 -9.875
v -13.5 -9.125 -9.875
v -13.5 -9.625 -9.875
v -13.0 -9.625 -9.875
v -13.0 -8.125 -9.875
v -13.5 -8.125 -9.875
v -13.5 -9.125 -9.875
v -13.0 -9.125 -9.875
v -11.0 -11.125 -9.875
v -13.0 -11.125 -9.875
v -13.0 -11.625 -9.875
v -11.0 -11.625 -9.875
v -11.0 -10.125 -9.875
v -13.0 -10.125 -9.875
v -13.0 -11.125 -9.875
v -11.0 -11.125 -9.875
v -13.0 -9.125 -9.875
v -13.0 -9.625 -9.875
v -12.5 -9.625 -9.875
v -12.5 -9.125 -9.875
v -12.0 -9.125 -9.875
v -12.5 -9.125 -9.875
v -12.5 -9.625 -9.875
v -12.0 -9.625 -9.875
v -13.0 -9.625 -9.874999
v -13.0 -10.125 -9.874999
v -12.5 -10.125 -9.874999
v -12.5 -9.625 -9.874999
v -12.0 -9.625 -9.874999
v -12.5 -9.625 -9.874999
v -12.5 -10.125 -9.874999
v -12.0 -10.125 -9.874999
v -10.0 -8.125 -9.875
v -13.0 -8.125 -9.875
v -13.0 -9.125 -9.875
v -10.0 -9.125 -9.875
v -12.0 -7.125 -9.874999
v -12.5 -7.125 -9.874999
v -12.5 -7.625 -9.874999
v -12.0 -7.625 -9.874999
v -12.0 -7.625 -9.874999
v -12.5 -7.625 -9.874999
v -12.5 -8.125 -9.874999
v -12.0 -8.125 -9.874999
v -13.0 -7.625 -9.874999
v -13.0 -8.125 -9.874999
v -12.5 -8.125 -9.874999
v -12.5 -7.625 -9.874999
v -10.0 -9.125 -9.875
v -12.0 -9.125 -9.875
v -12.0 -10.125 -9.875
v -10.0 -10.125 -9.875
v -9.0 -7.125 -9.875
v -12.0 -7.125 -9.875
v -12.0 -8.125 -9.875
v -9.0 -8.125 -9.875
v -11.0 -6.125 -9.874999
v -11.5 -6.125 -9.874999
v -11.5 -6.625 -9.874999
v -11.0 -6.625 -9.874999
v -11.0 -6.625 -9.874999
v -11.5 -6.625 -9.874999
v -11.5 -7.125 -9.874999
v -11.0 -7.125 -9.874999
v -12.0 -6.625 -9.874999
v -12.0 -7.125 -9.874999
v -11.5 -7.125 -9.874999
v -11.5 -6.625 -9.874999
v -10.0 -11.125 -9.875
v -10.5 -11.125 -9.875
v -10.5 -11.625 -9.875
v -10.0 -11.625 -9.875
v -10.5 -10.125 -9.875
v -11.0 -10.125 -9.875
v -11.0 -10.625 -9.875
v -10.5 -10.625 -9.875
v -10.0 -10.125 -9.874999
v -10.5 -10.125 -9.874999
v -10.5 -10.625 -9.874999
v -10.0 -10.625 -9.874999
v -10.5 -11.125 -9.875
v -10.0 -11.125 -9.875
v -10.0 -10.625 -9.875
v -10.5 -10.625 -9.875
v -11.0 -11.125 -9.875
v -10.5 -11.125 -9.875
v -10.5 -10.625 -9.875
v -11.0 -10.625 -9.875
v -7.0 -6.125 -9.875
v -11.0 -6.125 -9.875
v -11.0 -7.125 -9.875
v -7.0 -7.125 -9.875
v -7.0 -5.625 -9.874999
v -11.0 -5.625 -9.874999
v -11.0 -6.125 -9.874999
v -7.0 -6.125 -9.874999
v -8.0 -11.125 -9.875
v -10.0 -11.125 -9.875
v -10.0 -11.625 -9.875
v -8.0 -11.625 -9.875
v -8.0 -10.125 -9.875
v -10.0 -10.125 -9.875
v -10.0 -11.125 -9.875
v -8.0 -11.125 -9.875
v -9.5 -9.125 -9.874999
v -10.0 -9.125 -9.874999
v -10.0 -9.625 -9.874999
v -9.5 -9.625 -9.874999
v -9.5 -9.625 -9.874999
v -10.0 -9.625 -9.874999
v -10.0 -10.125 -9.874999
v -9.5 -10.125 -9.874999
v -9.0 -10.125 -9.874999
v -9.0 -9.625 -9.874999
v -9.5 -9.625 -9.874999
v -9.5 -10.125 -9.874999
v -10.0 -9.125 -9.875
v -9.5 -9.125 -9.875
v -9.5 -8.625 -9.875
v -10.0 -8.625 -9.875
v -9.5 -8.125 -9.874999
v -10.0 -8.125 -9.874999
v -10.0 -8.625 -9.875
v -9.5 -8.625 -9.875
v -9.0 -8.625 -9.875
v -9.0 -8.125 -9.874999
v -9.5 -8.125 -9.874999
v -9.5 -8.625 -9.875
v -8.0 -9.125 -9.874999
v -8.5 -9.125 -9.874999
v -8.5 -9.625 -9.874999
v -8.0 -9.625 -9.874999
v -8.0 -9.625 -9.874999
v -8.5 -9.625 -9.874999
v -8.5 -10.125 -9.874999
v -8.0 -10.125 -9.874999
v -9.0 -9.625 -9.874999
v -9.0 -10.125 -9.874999
v -8.5 -10.125 -9.874999
v -8.5 -9.625 -9.874999
v -8.0 -8.125 -9.875
v -8.5 -8.125 -9.875
v -8.5 -9.125 -9.875
v -8.0 -9.125 -9.875
v -9.0 -8.125 -9.875
v -8.5 -8.125 -9.875
v -8.5 -7.625 -9.875
v -9.0 -7.625 -9.875
v -8.5 -7.125 -9.874999
v -9.0 -7.125 -9.874999
v -9.0 -7.625 -9.875
v -8.5 -7.625 -9.875
v -8.0 -7.625 -9.875
v -8.0 -7.125 -9.874999
v -8.5 -7.125 -9.874999
v -8.5 -7.625 -9.875
v -7.0 -11.125 -9.875
v -7.5 -11.125 -9.875
v -7.5 -11.625 -9.875
v -7.0 -11.625 -9.875
v -7.5 -10.125 -9.875
v -8.0 -10.125 -9.875
v -8.0 -10.625 -9.875
v -7.5 -10.625 -9.875
v -7.0 -10.125 -9.874999
v -7.5 -10.125 -9.874999
v -7.5 -10.625 -9.874999
v -7.0 -10.625 -9.874999
v -7.5 -11.125 -9.875
v -7.0 -11.125 -9.875
v -7.0 -10.625 -9.875
v -7.5 -10.625 -9.875
v -8.0 -11.125 -9.875
v -7.5 -11.125 -9.875
v -7.5 -10.625 -9.875
v -8.0 -10.625 -9.875
v -7.0 -8.125 -9.875
v -8.0 -8.125 -9.875
v -8.0 -10.125 -9.875
v -7.0 -10.125 -9.875
v -8.0 -7.125 -9.875
v -8.0 -7.625 -9.875
v -7.5 -7.625 -9.875
v -7.5 -7.125 -9.875
v -7.0 -7.125 -9.875
v -7.5 -7.125 -9.875
v -7.5 -7.625 -9.875
v -7.0 -7.625 -9.875
v -8.0 -7.625 -9.874999
v -8.0 -8.125 -9.874999
v -7.5 -8.125 -9.874999
v -7.5 -7.625 -9.874999
v -7.0 -7.625 -9.874999
v -7.5 -7.625 -9.874999
v -7.5 -8.125 -9.874999
v -7.0 -8.125 -9.874999
v -6.0 -12.125 -9.875
v -6.5 -12.125 -9.875
v -6.5 -12.625 -9.875
v -6.0 -12.625 -9.875
v -6.5 -12.125 -9.875
v -6.0 -12.125 -9.875
v -6.0 -11.625 -9.875
v -6.5 -11.625 -9.875
v -6.0 -11.125 -9.875
v -6.5 -11.125 -9.875
v -6.5 -11.625 -9.875
v -6.0 -11.625 -9.875
v -7.0 -11.125 -9.875
v -7.0 -11.625 -9.875
v -6.5 -11.625 -9.875
v -6.5 -11.125 -9.875
v -1.0 -10.125 -9.875
v -7.0 -10.125 -9.875
v -7.0 -11.125 -9.875
v -1.0 -11.125 -9.875
v -6.0 -9.125 -9.874999
v -6.0 -9.625 -9.874999
v -6.5 -9.625 -9.874999
v -6.5 -9.125 -9.874999
v -6.5 -9.125 -9.875
v -7.0 -9.125 -9.875
v -7.0 -9.625 -9.875
v -6.5 -9.625 -9.875
v -6.0 -9.625 -9.875
v -6.0 -10.125 -9.875
v -6.5 -10.125 -9.875
v -6.5 -9.625 -9.875
v -6.5 -9.625 -9.874999
v -7.0 -9.625 -9.874999
v -7.0 -10.125 -9.874999
v -6.5 -10.125 -9.874999
v -6.0 -7.125 -9.875
v -7.0 -7.125 -9.875
v -7.0 -9.125 -9.875
v -6.0 -9.125 -9.875
v -6.0 -6.625 -9.875
v -6.5 -6.625 -9.875
v -6.5 -7.125 -9.875
v -6.0 -7.125 -9.875
v -6.5 -6.625 -9.874999
v -7.0 -6.625 -9.874999
v -7.0 -7.125 -9.874999
v -6.5 -7.125 -9.874999
v -7.0 -6.625 -9.875
v -6.5 -6.625 -9.875
v -6.5 -6.125 -9.875
v -7.0 -6.125 -9.875
v -6.5 -6.625 -9.875
v -6.0 -6.625 -9.875
v -6.0 -6.125 -9.875
v -6.5 -6.125 -9.875
v -5.0 -12.125 -9.875
v -6.0 -12.125 -9.875
v -6.0 -12.625 -9.875
v -5.0 -12.625 -9.875
v -1.0 -11.125 -9.875
v -6.0 -11.125 -9.875
v -6.0 -12.125 -9.875
v -1.0 -12.125 -9.875
v -4.0 -9.625 -9.874999
v -6.0 -9.625 -9.874999
v -6.0 -10.125 -9.874999
v -4.0 -10.125 -9.874999
v -5.5 -8.125 -9.874999
v -6.0 -8.125 -9.874999
v -6.0 -9.125 -9.874999
v -5.5 -9.125 -9.874999
v -5.5 -7.125 -9.875
v -6.0 -7.125 -9.875
v -6.0 -7.625 -9.875
v -5.5 -7.625 -9.875
v -5.0 -7.125 -9.874999
v -5.5 -7.125 -9.874999
v -5.5 -7.625 -9.874999
v -5.0 -7.625 -9.874999
v -5.5 -8.125 -9.875
v -5.0 -8.125 -9.875
v -5.0 -7.625 -9.875
v -5.5 -7.625 -9.875
v -6.0 -8.125 -9.875
v -5.5 -8.125 -9.875
v -5.5 -7.625 -9.875
v -6.0 -7.625 -9.875
v -5.0 -6.125 -9.875
v -6.0 -6.125 -9.875
v -6.0 -7.125 -9.875
v -5.0 -7.125 -9.875
v -5.0 -5.625 -9.874999
v -6.0 -5.625 -9.874999
v -6.0 -6.125 -9.874999
v -5.0 -6.125 -9.874999
v -4.0 -14.125 -9.875
v -4.5 -14.125 -9.875
v -4.5 -14.625 -9.875
v -4.0 -14.625 -9.875
v -4.0 -13.125 -9.875
v -4.5 -13.125 -9.875
v -4.5 -14.125 -9.875
v -4.0 -14.125 -9.875
v -4.5 -13.125 -9.875
v -4.0 -13.125 -9.875
v -4.0 -12.625 -9.875
v -4.5 -12.625 -9.875
v -4.0 -12.125 -9.875
v -4.5 -12.125 -9.875
v -4.5 -12.625 -9.875
v -4.0 -12.625 -9.875
v -5.0 -12.125 -9.875
v -5.0 -12.625 -9.875
v -4.5 -12.625 -9.875
v -4.5 -12.125 -9.875
v -4.5 -9.125 -9.875
v -4.0 -9.125 -9.875
v -4.0 -8.625 -9.875
v -4.5 -8.625 -9.875
v -4.0 -8.125 -9.875
v -4.5 -8.125 -9.875
v -4.5 -8.625 -9.875
v -4.0 -8.625 -9.875
v -5.0 -8.125 -9.875
v -5.0 -8.625 -9.875
v -4.5 -8.625 -9.875
v -4.5 -8.125 -9.875
v 3.0 -7.125 -9.875
v -5.0 -7.125 -9.875
v -5.0 -8.125 -9.875
v 3.0 -8.125 -9.875
v -4.0 -6.625 -9.875
v -4.5 -6.625 -9.875
v -4.5 -7.125 -9.875
v -4.0 -7.125 -9.875
v -4.5 -6.625 -9.874999
v -5.0 -6.625 -9.874999
v -5.0 -7.125 -9.874999
v -4.5 -7.125 -9.874999
v -5.0 -6.625 -9.875
v -4.5 -6.625 -9.875
v -4.5 -6.125 -9.875
v -5.0 -6.125 -9.875
v -4.5 -6.625 -9.875
v -4.0 -6.625 -9.875
v -4.0 -6.125 -9.875
v -4.5 -6.125 -9.875
v -3.0 -14.125 -9.875
v -4.0 -14.125 -9.875
v -4.0 -14.625 -9.875
v -3.0 -14.625 -9.875
v 4.0 -12.125 -9.875
v -4.0 -12.125 -9.875
v -4.0 -14.125 -9.875
v 4.0 -14.125 -9.875
v -4.0 -9.125 -9.875
v -4.0 -9.625 -9.875
v -3.5 -9.625 -9.875
v -3.5 -9.125 -9.875
v -3.0 -9.125 -9.875
v -3.5 -9.125 -9.875
v -3.5 -9.625 -9.875
v -3.0 -9.625 -9.875
v -4.0 -9.625 -9.874999
v -4.0 -10.125 -9.874999
v -3.5 -10.125 -9.874999
v -3.5 -9.625 -9.874999
v -3.0 -9.625 -9.874999
v -3.5 -9.625 -9.874999
v -3.5 -10.125 -9.874999
v -3.0 -10.125 -9.874999
v 4.0 -8.125 -9.875
v -4.0 -8.125 -9.875
v -4.0 -9.125 -9.875
v 4.0 -9.125 -9.875
v 4.0 -6.125 -9.875
v -4.0 -6.125 -9.875
v -4.0 -7.125 -9.875
v 4.0 -7.125 -9.875
v 4.0 -5.625 -9.874999
v -4.0 -5.625 -9.874999
v -4.0 -6.125 -9.874999
v 4.0 -6.125 -9.874999
v -2.0 -15.125 -9.875
v -2.5 -15.125 -9.875
v -2.5 -15.625 -9.875
v -2.0 -15.625 -9.875
v -2.5 -15.125 -9.875
v -2.0 -15.125 -9.875
v -2.0 -14.625 -9.875
v -2.5 -14.625 -9.875
v -2.0 -14.125 -9.875
v -2.5 -14.125 -9.875
v -2.5 -14.625 -9.875
v -2.0 -14.625 -9.875
v -3.0 -14.125 -9.875
v -3.0 -14.625 -9.875
v -2.5 -14.625 -9.875
v -2.5 -14.125 -9.875
v 4.0 -9.125 -9.875
v -3.0 -9.125 -9.875
v -3.0 -10.125 -9.875
v 4.0 -10.125 -9.875
v -1.0 -15.125 -9.875
v -2.0 -15.125 -9.875
v -2.0 -15.625 -9.875
v -1.0 -15.625 -9.875
v -1.0 -14.125 -9.875
v -2.0 -14.125 -9.875
v -2.0 -15.125 -9.875
v -1.0 -15.125 -9.875
v 1.0 7.0 -4.812501
v -2.0 7.0 -4.812501
v -2.0 4.0 -4.812501
v 1.0 4.0 -4.812501
v -2.0 5.499999 -0.25
v 1.0 5.499999 -0.25
v 1.0 5.5 -4.812501
v -2.0 5.5 -4.812501
v -0.5 3.999999 -0.25000095
v -0.5 6.999999 -0.25
v -0.5 7.0 -4.812501
v -0.5 4.0 -4.812501
v 1.0 4.0 -3.375001
v 1.0 7.0 -3.375001
v -2.0 7.0 -3.375001
v -2.0 4.0 -3.375001
v -1.0 -15.125 -9.875
v -0.5 -15.125 -9.875
v -0.5 -14.625 -9.875
v -1.0 -14.625 -9.875
v -0.5 -14.125 -9.874999
v -1.0 -14.125 -9.874999
v -1.0 -14.625 -9.875
v -0.5 -14.625 -9.875
v 0.0 -14.625 -9.875
v 0.0 -14.125 -9.874999
v -0.5 -14.125 -9.874999
v -0.5 -14.625 -9.875
v -0.5 -11.125 -9.874999
v -1.0 -11.125 -9.874999
v -1.0 -11.625 -9.874999
v -0.5 -11.625 -9.874999
v -0.5 -11.625 -9.874999
v -1.0 -11.625 -9.874999
v -1.0 -12.125 -9.874999
v -0.5 -12.125 -9.874999
v 0.0 -12.125 -9.874999
v 0.0 -11.625 -9.874999
v -0.5 -11.625 -9.874999
v -0.5 -12.125 -9.874999
v -1.0 -11.125 -9.875
v -0.5 -11.125 -9.875
v -0.5 -10.625 -9.875
v -1.0 -10.625 -9.875
v -0.5 -10.125 -9.874999
v -1.0 -10.125 -9.874999
v -1.0 -10.625 -9.875
v -0.5 -10.625 -9.875
v 0.0 -10.625 -9.875
v 0.0 -10.125 -9.874999
v -0.5 -10.125 -9.874999
v -0.5 -10.625 -9.875
v 1.0 -15.125 -9.875
v 0.5 -15.125 -9.875
v 0.5 -15.625 -9.875
v 1.0 -15.625 -9.875
v 0.5 -15.125 -9.875
v 1.0 -15.125 -9.875
v 1.0 -14.625 -9.875
v 0.5 -14.625 -9.875
v 1.0 -14.125 -9.875
v 0.5 -14.125 -9.875
v 0.5 -14.625 -9.875
v 1.0 -14.625 -9.875
v 0.0 -14.125 -9.875
v 0.0 -14.625 -9.875
v 0.5 -14.625 -9.875
v 0.5 -14.125 -9.875
v 1.0 -11.125 -9.874999
v 0.5 -11.125 -9.874999
v 0.5 -11.625 -9.874999
v 1.0 -11.625 -9.874999
v 1.0 -11.625 -9.874999
v 0.5 -11.625 -9.874999
v 0.5 -12.125 -9.874999
v 1.0 -12.125 -9.874999
v 0.0 -11.625 -9.874999
v 0.0 -12.125 -9.874999
v 0.5 -12.125 -9.874999
v 0.5 -11.625 -9.874999
v 0.5 -11.125 -9.875
v 1.0 -11.125 -9.875
v 1.0 -10.625 -9.875
v 0.5 -10.625 -9.875
v 1.0 -10.125 -9.875
v 0.5 -10.125 -9.875
v 0.5 -10.625 -9.875
v 1.0 -10.625 -9.875
v 0.0 -10.125 -9.875
v 0.0 -10.625 -9.875
v 0.5 -10.625 -9.875
v 0.5 -10.125 -9.875
v 2.0 -15.125 -9.875
v 1.0 -15.125 -9.875
v 1.0 -15.625 -9.875
v 2.0 -15.625 -9.875
v 2.0 -14.125 -9.875
v 1.0 -14.125 -9.875
v 1.0 -15.125 -9.875
v 2.0 -15.125 -9.875
v 9.0 -11.125 -9.875
v 1.0 -11.125 -9.875
v 1.0 -12.125 -9.875
v 9.0 -12.125 -9.875
v 5.0 -10.125 -9.875
v 1.0 -10.125 -9.875
v 1.0 -11.125 -9.875
v 5.0 -11.125 -9.875
v 1.8125 5.8125 0.906249
v 1.1875 5.1875 0.906249
v 2.0 5.1875 0.906249
v 2.0 5.8125 0.906249
v 1.5 6.0 0.12499899
v 1.5 5.5 1.249999
v 1.5 6.0 1.249999
v 1.8125 6.0 0.906249
v 1.1875 6.0 0.906249
v 1.5 5.5 0.12499899
v 2.0 5.5 0.12499899
v 2.0 5.5 1.249999
v 2.0 5.32 0.08999899
v 2.0 5.68 0.08999899
v 1.6800001 5.68 0.09
v 1.6800001 5.32 0.09
v 1.6800001 6.0 0.09
v 1.3199999 6.0 0.09
v 1.3199999 5.32 0.09
v 1.679999 5.32 0.09
v 1.6800001 7.0 0.09
v 1.3199999 7.0 0.09
v 1.3199999 6.0 0.09
v 1.6800001 6.0 0.09
v 1.5 6.0 1.249999
v 1.5 7.0 0.12499899
v 1.5 7.0 1.249999
v 1.5 6.0 0.12499899
v 1.8125 7.0 0.906249
v 1.1875 7.0 0.906249
v 1.1875 6.0 0.906249
v 1.8125 6.0 0.906249
v 1.8125 7.1875 0.906249
v 1.1875 7.8125 0.906249
v 1.1875 7.0 0.906249
v 1.8125 7.0 0.906249
v 2.0 7.5 0.12499899
v 1.5 7.5 1.249999
v 2.0 7.5 1.249999
v 2.0 7.1875 0.906249
v 2.0 7.8125 0.906249
v 1.5 7.5 0.12499899
v 1.5 7.0 0.12499899
v 1.5 7.0 1.249999
v 1.3199999 7.0 0.08999899
v 1.6800001 7.0 0.08999899
v 1.6800001 7.32 0.09
v 1.3199999 7.32 0.09
v 2.0 7.32 0.09
v 2.0 7.68 0.09
v 1.3199999 7.68 0.09
v 1.3199999 7.320001 0.09
v 4.0 15.0 0.18749905
v 1.0 15.0 0.18749905
v 1.0 12.0 0.18749905
v 4.0 12.0 0.18749905
v 1.0 13.499999 4.75
v 4.0 13.499999 4.75
v 4.0 13.5 0.18749905
v 1.0 13.5 0.18749905
v 2.5 11.999999 4.749999
v 2.5 14.999999 4.75
v 2.5 15.0 0.18749905
v 2.5 12.0 0.18749905
v 4.0 12.0 1.624999
v 4.0 15.0 1.624999
v 1.0 15.0 1.624999
v 1.0 12.0 1.624999
v 2.5 -15.125 -9.874999
v 2.0 -15.125 -9.874999
v 2.0 -15.625 -9.875
v 2.5 -15.625 -9.875
v 2.0 -15.125 -9.875
v 2.5 -15.125 -9.875
v 2.5 -14.625 -9.875
v 2.0 -14.625 -9.875
v 2.5 -14.125 -9.874999
v 2.0 -14.125 -9.874999
v 2.0 -14.625 -9.875
v 2.5 -14.625 -9.875
v 3.0 -14.625 -9.875
v 3.0 -14.125 -9.874999
v 2.5 -14.125 -9.874999
v 2.5 -14.625 -9.875
v 2.0 5.68 0.09
v 2.0 5.32 0.09
v 3.0 5.32 0.09
v 3.0 5.68 0.09
v 3.0 5.5 1.249999
v 2.0 5.5 0.12499899
v 2.0 5.5 1.249999
v 3.0 5.5 0.12499899
v 2.0 5.8125 0.906249
v 2.0 5.1875 0.906249
v 3.0 5.1875 0.906249
v 3.0 5.8125 0.906249
v 2.0 7.68 0.09
v 2.0 7.32 0.09
v 4.0 7.32 0.09
v 4.0 7.68 0.09
v 4.0 7.5 1.249999
v 2.0 7.5 0.12499899
v 2.0 7.5 1.249999
v 4.0 7.5 0.12499899
v 2.0 7.8125 0.906249
v 2.0 7.1875 0.906249
v 4.0 7.1875 0.906249
v 4.0 7.8125 0.906249
v 4.0 -14.125 -9.875
v 3.0 -14.125 -9.875
v 3.0 -14.625 -9.875
v 4.0 -14.625 -9.875
v 4.0 -7.125 -9.874999
v 4.0 -7.625 -9.874999
v 3.5 -7.625 -9.874999
v 3.5 -7.125 -9.874999
v 3.5 -7.125 -9.875
v 3.0 -7.125 -9.875
v 3.0 -7.625 -9.875
v 3.5 -7.625 -9.875
v 4.0 -7.625 -9.875
v 4.0 -8.125 -9.875
v 3.5 -8.125 -9.875
v 3.5 -7.625 -9.875
v 3.5 -7.625 -9.874999
v 3.0 -7.625 -9.874999
v 3.0 -8.125 -9.874999
v 3.5 -8.125 -9.874999
v 3.1875 5.8125 0.906249
v 3.8125 5.1875 0.906249
v 3.8125 6.0 0.906249
v 3.1875 6.0 0.906249
v 3.0 5.5 0.12499899
v 3.5 5.5 1.249999
v 3.0 5.5 1.249999
v 3.0 5.8125 0.906249
v 3.0 5.1875 0.906249
v 3.5 5.5 0.12499899
v 3.5 6.0 0.12499899
v 3.5 6.0 1.249999
v 3.68 6.0 0.08999899
v 3.32 6.0 0.08999899
v 3.32 5.68 0.09
v 3.68 5.68 0.09
v 3.0 5.68 0.09
v 3.0 5.32 0.09
v 3.68 5.32 0.09
v 3.68 5.679999 0.09
v 3.8125 6.1875 0.906249
v 3.1875 6.8125 0.906249
v 3.1875 6.0 0.906249
v 3.8125 6.0 0.906249
v 4.0 6.5 0.12499899
v 3.5 6.5 1.249999
v 4.0 6.5 1.249999
v 4.0 6.1875 0.906249
v 4.0 6.8125 0.906249
v 3.5 6.5 0.12499899
v 3.5 6.0 0.12499899
v 3.5 6.0 1.249999
v 3.32 6.0 0.08999899
v 3.68 6.0 0.08999899
v 3.68 6.32 0.09
v 3.32 6.32 0.09
v 4.0 6.32 0.09
v 4.0 6.68 0.09
v 3.32 6.68 0.09
v 3.32 6.320001 0.09
v 4.5 -14.125 -9.874999
v 4.0 -14.125 -9.874999
v 4.0 -14.625 -9.875
v 4.5 -14.625 -9.875
v 4.5 -13.125 -9.874999
v 4.0 -13.125 -9.874999
v 4.0 -14.125 -9.874999
v 4.5 -14.125 -9.874999
v 4.0 -13.125 -9.875
v 4.5 -13.125 -9.875
v 4.5 -12.625 -9.875
v 4.0 -12.625 -9.875
v 4.5 -12.125 -9.874999
v 4.0 -12.125 -9.874999
v 4.0 -12.625 -9.875
v 4.5 -12.625 -9.875
v 5.0 -12.625 -9.875
v 5.0 -12.125 -9.874999
v 4.5 -12.125 -9.874999
v 4.5 -12.625 -9.875
v 4.5 -9.125 -9.874999
v 4.0 -9.125 -9.874999
v 4.0 -9.625 -9.874999
v 4.5 -9.625 -9.874999
v 4.5 -9.625 -9.874999
v 4.0 -9.625 -9.874999
v 4.0 -10.125 -9.874999
v 4.5 -10.125 -9.874999
v 5.0 -10.125 -9.874999
v 5.0 -9.625 -9.874999
v 4.5 -9.625 -9.874999
v 4.5 -10.125 -9.874999
v 4.5 -8.125 -9.874999
v 4.0 -8.125 -9.874999
v 4.0 -9.125 -9.874999
v 4.5 -9.125 -9.874999
v 4.5 -8.125 -9.875
v 5.0 -8.125 -9.875
v 5.0 -7.625 -9.875
v 4.5 -7.625 -9.875
v 5.0 -7.125 -9.875
v 4.5 -7.125 -9.875
v 4.5 -7.625 -9.875
v 5.0 -7.625 -9.875
v 4.0 -7.125 -9.875
v 4.0 -7.625 -9.875
v 4.5 -7.625 -9.875
v 4.5 -7.125 -9.875
v 5.0 -6.125 -9.875
v 4.0 -6.125 -9.875
v 4.0 -7.125 -9.875
v 5.0 -7.125 -9.875
v 5.0 -5.625 -9.874999
v 4.0 -5.625 -9.874999
v 4.0 -6.125 -9.874999
v 5.0 -6.125 -9.874999
v 4.0 6.68 0.09
v 4.0 6.32 0.09
v 6.0 6.32 0.09
v 6.0 6.68 0.09
v 6.0 6.5 1.249999
v 4.0 6.5 0.12499899
v 4.0 6.5 1.249999
v 6.0 6.5 0.12499899
v 4.0 6.8125 0.906249
v 4.0 6.1875 0.906249
v 6.0 6.1875 0.906249
v 6.0 6.8125 0.906249
v 4.1875 7.8125 0.906249
v 4.8125 7.1875 0.906249
v 4.8125 8.0 0.906249
v 4.1875 8.0 0.906249
v 4.0 7.5 0.12499899
v 4.5 7.5 1.249999
v 4.0 7.5 1.249999
v 4.0 7.8125 0.906249
v 4.0 7.1875 0.906249
v 4.5 7.5 0.12499899
v 4.5 8.0 0.12499899
v 4.5 8.0 1.249999
v 4.68 8.0 0.08999899
v 4.32 8.0 0.08999899
v 4.32 7.68 0.09
v 4.68 7.68 0.09
v 4.0 7.68 0.09
v 4.0 7.32 0.09
v 4.68 7.32 0.09
v 4.68 7.679999 0.09
v 4.8125 8.1875 0.906249
v 4.1875 8.8125 0.906249
v 4.1875 8.0 0.906249
v 4.8125 8.0 0.906249
v 5.0 8.5 0.12499899
v 4.5 8.5 1.249999
v 5.0 8.5 1.249999
v 5.0 8.1875 0.906249
v 5.0 8.8125 0.906249
v 4.5 8.5 0.12499899
v 4.5 8.0 0.12499899
v 4.5 8.0 1.249999
v 4.32 8.0 0.08999899
v 4.68 8.0 0.08999899
v 4.68 8.32 0.09
v 4.32 8.32 0.09
v 5.0 8.32 0.09
v 5.0 8.68 0.09
v 4.32 8.68 0.09
v 4.32 8.320001 0.09
v 7.0 15.0 0.18749905
v 4.0 15.0 0.18749905
v 4.0 12.0 0.18749905
v 7.0 12.0 0.18749905
v 4.0 13.499999 4.75
v 7.0 13.499999 4.75
v 7.0 13.5 0.18749905
v 4.0 13.5 0.18749905
v 5.5 11.999999 4.749999
v 5.5 14.999999 4.75
v 5.5 15.0 0.18749905
v 5.5 12.0 0.18749905
v 7.0 12.0 1.624999
v 7.0 15.0 1.624999
v 4.0 15.0 1.624999
v 4.0 12.0 1.624999
v 10.0 -12.125 -9.875
v 5.0 -12.125 -9.875
v 5.0 -12.625 -9.875
v 10.0 -12.625 -9.875
v 6.0 -10.625 -9.875
v 5.5 -10.625 -9.875
v 5.5 -11.125 -9.875
v 6.0 -11.125 -9.875
v 5.5 -10.625 -9.874999
v 5.0 -10.625 -9.874999
v 5.0 -11.125 -9.874999
v 5.5 -11.125 -9.874999
v 5.0 -10.625 -9.875
v 5.5 -10.625 -9.875
v 5.5 -10.125 -9.875
v 5.0 -10.125 -9.875
v 5.5 -10.625 -9.875
v 6.0 -10.625 -9.875
v 6.0 -10.125 -9.875
v 5.5 -10.125 -9.875
v 6.0 -9.125 -9.875
v 5.5 -9.125 -9.875
v 5.5 -10.125 -9.875
v 6.0 -10.125 -9.875
v 6.0 -8.125 -9.875
v 5.0 -8.125 -9.875
v 5.0 -8.625 -9.875
v 6.0 -8.625 -9.875
v 11.0 -7.125 -9.875
v 5.0 -7.125 -9.875
v 5.0 -8.125 -9.875
v 11.0 -8.125 -9.875
v 6.0 -6.625 -9.875
v 5.5 -6.625 -9.875
v 5.5 -7.125 -9.875
v 6.0 -7.125 -9.875
v 5.5 -6.625 -9.874999
v 5.0 -6.625 -9.874999
v 5.0 -7.125 -9.874999
v 5.5 -7.125 -9.874999
v 5.0 -6.625 -9.875
v 5.5 -6.625 -9.875
v 5.5 -6.125 -9.875
v 5.0 -6.125 -9.875
v 5.5 -6.625 -9.875
v 6.0 -6.625 -9.875
v 6.0 -6.125 -9.875
v 5.5 -6.125 -9.875
v 5.0 8.68 0.09
v 5.0 8.32 0.09
v 9.0 8.32 0.09
v 9.0 8.68 0.09
v 9.0 8.5 1.249999
v 5.0 8.5 0.12499899
v 5.0 8.5 1.249999
v 9.0 8.5 0.12499899
v 5.0 8.8125 0.906249
v 5.0 8.1875 0.906249
v 9.0 8.1875 0.906249
v 9.0 8.8125 0.906249
v 12.0 -10.125 -9.875
v 6.0 -10.125 -9.875
v 6.0 -11.125 -9.875
v 12.0 -11.125 -9.875
v 8.0 -9.125 -9.875
v 6.0 -9.125 -9.875
v 6.0 -10.125 -9.875
v 8.0 -10.125 -9.875
v 6.0 -8.125 -9.875
v 6.0 -8.625 -9.875
v 6.5 -8.625 -9.875
v 6.5 -8.125 -9.875
v 7.0 -8.125 -9.875
v 6.5 -8.125 -9.875
v 6.5 -8.625 -9.875
v 7.0 -8.625 -9.875
v 6.0 -8.625 -9.874999
v 6.0 -9.125 -9.874999
v 6.5 -9.125 -9.874999
v 6.5 -8.625 -9.874999
v 7.0 -8.625 -9.874999
v 6.5 -8.625 -9.874999
v 6.5 -9.125 -9.874999
v 7.0 -9.125 -9.874999
v 12.0 -6.125 -9.875
v 6.0 -6.125 -9.875
v 6.0 -7.125 -9.875
v 12.0 -7.125 -9.875
v 12.0 -5.625 -9.874999
v 6.0 -5.625 -9.874999
v 6.0 -6.125 -9.874999
v 12.0 -6.125 -9.874999
v 9.75 5.75 0.23437381
v 6.0 5.75 0.23437381
v 6.0 2.0 0.23437381
v 9.75 2.0 0.23437381
v 6.0 3.8749988 5.9375
v 9.75 3.8749988 5.9375
v 9.75 3.875 0.23437381
v 6.0 3.875 0.23437381
v 7.875 1.9999988 5.937499
v 7.875 5.749999 5.9375
v 7.875 5.75 0.23437381
v 7.875 2.0 0.23437381
v 9.75 2.0 2.0312488
v 9.75 5.75 2.0312488
v 6.0 5.75 2.0312488
v 6.0 2.0 2.0312488
v 6.1875 6.8125 0.906249
v 6.8125 6.1875 0.906249
v 6.8125 7.0 0.906249
v 6.1875 7.0 0.906249
v 6.0 6.5 0.12499899
v 6.5 6.5 1.249999
v 6.0 6.5 1.249999
v 6.0 6.8125 0.906249
v 6.0 6.1875 0.906249
v 6.5 6.5 0.12499899
v 6.5 7.0 0.12499899
v 6.5 7.0 1.249999
v 6.68 7.0 0.08999899
v 6.32 7.0 0.08999899
v 6.32 6.68 0.09
v 6.68 6.68 0.09
v 6.0 6.68 0.09
v 6.0 6.32 0.09
v 6.68 6.32 0.09
v 6.68 6.679999 0.09
v 6.8125 7.1875 0.906249
v 6.1875 7.8125 0.906249
v 6.1875 7.0 0.906249
v 6.8125 7.0 0.906249
v 7.0 7.5 0.12499899
v 6.5 7.5 1.249999
v 7.0 7.5 1.249999
v 7.0 7.1875 0.906249
v 7.0 7.8125 0.906249
v 6.5 7.5 0.12499899
v 6.5 7.0 0.12499899
v 6.5 7.0 1.249999
v 6.32 7.0 0.08999899
v 6.68 7.0 0.08999899
v 6.68 7.32 0.09
v 6.32 7.32 0.09
v 7.0 7.32 0.09
v 7.0 7.68 0.09
v 6.32 7.68 0.09
v 6.32 7.320001 0.09
v 8.0 -8.125 -9.875
v 7.0 -8.125 -9.875
v 7.0 -9.125 -9.875
v 8.0 -9.125 -9.875
v 7.0 7.68 0.09
v 7.0 7.32 0.09
v 9.0 7.32 0.09
v 9.0 7.68 0.09
v 9.0 7.5 1.249999
v 7.0 7.5 0.12499899
v 7.0 7.5 1.249999
v 9.0 7.5 0.12499899
v 7.0 7.8125 0.906249
v 7.0 7.1875 0.906249
v 9.0 7.1875 0.906249
v 9.0 7.8125 0.906249
v 8.5 -9.125 -9.874999
v 8.0 -9.125 -9.874999
v 8.0 -9.625 -9.874999
v 8.5 -9.625 -9.874999
v 8.5 -9.625 -9.874999
v 8.0 -9.625 -9.874999
v 8.0 -10.125 -9.874999
v 8.5 -10.125 -9.874999
v 9.0 -10.125 -9.874999
v 9.0 -9.625 -9.874999
v 8.5 -9.625 -9.874999
v 8.5 -10.125 -9.874999
v 8.0 -9.125 -9.875
v 8.5 -9.125 -9.875
v 8.5 -8.625 -9.875
v 8.0 -8.625 -9.875
v 8.5 -8.125 -9.874999
v 8.0 -8.125 -9.874999
v 8.0 -8.625 -9.875
v 8.5 -8.625 -9.875
v 9.0 -8.625 -9.875
v 9.0 -8.125 -9.874999
v 8.5 -8.125 -9.874999
v 8.5 -8.625 -9.875
v 10.0 -11.125 -9.875
v 9.0 -11.125 -9.875
v 9.0 -12.125 -9.875
v 10.0 -12.125 -9.875
v 10.0 -9.125 -9.874999
v 9.5 -9.125 -9.874999
v 9.5 -9.625 -9.874999
v 10.0 -9.625 -9.874999
v 10.0 -9.625 -9.874999
v 9.5 -9.625 -9.874999
v 9.5 -10.125 -9.874999
v 10.0 -10.125 -9.874999
v 9.0 -9.625 -9.874999
v 9.0 -10.125 -9.874999
v 9.5 -10.125 -9.874999
v 9.5 -9.625 -9.874999
v 9.5 -9.125 -9.875
v 10.0 -9.125 -9.875
v 10.0 -8.625 -9.875
v 9.5 -8.625 -9.875
v 10.0 -8.125 -9.875
v 9.5 -8.125 -9.875
v 9.5 -8.625 -9.875
v 10.0 -8.625 -9.875
v 9.0 -8.125 -9.875
v 9.0 -8.625 -9.875
v 9.5 -8.625 -9.875
v 9.5 -8.125 -9.875
v 9.8125 6.8125 0.906249
v 9.1875 6.1875 0.906249
v 10.0 6.1875 0.906249
v 10.0 6.8125 0.906249
v 9.5 7.0 0.12499899
v 9.5 6.5 1.249999
v 9.5 7.0 1.249999
v 9.8125 7.0 0.906249
v 9.1875 7.0 0.906249
v 9.5 6.5 0.12499899
v 10.0 6.5 0.12499899
v 10.0 6.5 1.249999
v 10.0 6.32 0.08999899
v 10.0 6.68 0.08999899
v 9.68 6.68 0.09
v 9.68 6.32 0.09
v 9.68 7.0 0.09
v 9.32 7.0 0.09
v 9.32 6.32 0.09
v 9.679999 6.32 0.09
v 9.1875 7.1875 0.906249
v 9.8125 7.8125 0.906249
v 9.0 7.8125 0.906249
v 9.0 7.1875 0.906249
v 9.5 7.0 0.12499899
v 9.5 7.5 1.249999
v 9.5 7.0 1.249999
v 9.1875 7.0 0.906249
v 9.8125 7.0 0.906249
v 9.5 7.5 0.12499899
v 9.0 7.5 0.12499899
v 9.0 7.5 1.249999
v 9.0 7.68 0.08999899
v 9.0 7.32 0.08999899
v 9.32 7.32 0.09
v 9.32 7.68 0.09
v 9.32 7.0 0.09
v 9.68 7.0 0.09
v 9.68 7.68 0.09
v 9.320001 7.68 0.09
v 9.1875 8.8125 0.906249
v 9.8125 8.1875 0.906249
v 9.8125 9.0 0.906249
v 9.1875 9.0 0.906249
v 9.0 8.5 0.12499899
v 9.5 8.5 1.249999
v 9.0 8.5 1.249999
v 9.0 8.8125 0.906249
v 9.0 8.1875 0.906249
v 9.5 8.5 0.12499899
v 9.5 9.0 0.12499899
v 9.5 9.0 1.249999
v 9.68 9.0 0.08999899
v 9.32 9.0 0.08999899
v 9.32 8.68 0.09
v 9.68 8.68 0.09
v 9.0 8.68 0.09
v 9.0 8.32 0.09
v 9.68 8.32 0.09
v 9.68 8.679999 0.09
v 9.8125 9.1875 0.906249
v 9.1875 9.8125 0.906249
v 9.1875 9.0 0.906249
v 9.8125 9.0 0.906249
v 10.0 9.5 0.12499899
v 9.5 9.5 1.249999
v 10.0 9.5 1.249999
v 10.0 9.1875 0.906249
v 10.0 9.8125 0.906249
v 9.5 9.5 0.12499899
v 9.5 9.0 0.12499899
v 9.5 9.0 1.249999
v 9.32 9.0 0.08999899
v 9.68 9.0 0.08999899
v 9.68 9.32 0.09
v 9.32 9.32 0.09
v 10.0 9.32 0.09
v 10.0 9.68 0.09
v 9.32 9.68 0.09
v 9.32 9.320001 0.09
v 10.5 -12.125 -9.874999
v 10.0 -12.125 -9.874999
v 10.0 -12.625 -9.875
v 10.5 -12.625 -9.875
v 10.0 -12.125 -9.875
v 10.5 -12.125 -9.875
v 10.5 -11.625 -9.875
v 10.0 -11.625 -9.875
v 10.5 -11.125 -9.874999
v 10.0 -11.125 -9.874999
v 10.0 -11.625 -9.875
v 10.5 -11.625 -9.875
v 11.0 -11.625 -9.875
v 11.0 -11.125 -9.874999
v 10.5 -11.125 -9.874999
v 10.5 -11.625 -9.875
v 11.0 -8.125 -9.875
v 10.0 -8.125 -9.875
v 10.0 -10.125 -9.875
v 11.0 -10.125 -9.875
v 10.0 6.68 0.09
v 10.0 6.32 0.09
v 12.0 6.32 0.09
v 12.0 6.68 0.09
v 12.0 6.5 1.249999
v 10.0 6.5 0.12499899
v 10.0 6.5 1.249999
v 12.0 6.5 0.12499899
v 10.0 6.8125 0.906249
v 10.0 6.1875 0.906249
v 12.0 6.1875 0.906249
v 12.0 6.8125 0.906249
v 10.0 9.68 0.09
v 10.0 9.32 0.09
v 15.0 9.32 0.09
v 15.0 9.68 0.09
v 15.0 9.5 1.249999
v 10.0 9.5 0.12499899
v 10.0 9.5 1.249999
v 15.0 9.5 0.12499899
v 10.0 9.8125 0.906249
v 10.0 9.1875 0.906249
v 15.0 9.1875 0.906249
v 15.0 9.8125 0.906249
v 12.0 -11.125 -9.875
v 11.0 -11.125 -9.875
v 11.0 -11.625 -9.875
v 12.0 -11.625 -9.875
v 11.5 -9.125 -9.874999
v 11.0 -9.125 -9.874999
v 11.0 -9.625 -9.874999
v 11.5 -9.625 -9.874999
v 11.5 -9.625 -9.874999
v 11.0 -9.625 -9.874999
v 11.0 -10.125 -9.874999
v 11.5 -10.125 -9.874999
v 12.0 -10.125 -9.874999
v 12.0 -9.625 -9.874999
v 11.5 -9.625 -9.874999
v 11.5 -10.125 -9.874999
v 11.5 -8.125 -9.874999
v 11.0 -8.125 -9.874999
v 11.0 -9.125 -9.874999
v 11.5 -9.125 -9.874999
v 11.0 -8.125 -9.875
v 11.5 -8.125 -9.875
v 11.5 -7.625 -9.875
v 11.0 -7.625 -9.875
v 11.5 -7.125 -9.874999
v 11.0 -7.125 -9.874999
v 11.0 -7.625 -9.875
v 11.5 -7.625 -9.875
v 12.0 -7.625 -9.875
v 12.0 -7.125 -9.874999
v 11.5 -7.125 -9.874999
v 11.5 -7.625 -9.875
v 12.5 -11.125 -9.874999
v 12.0 -11.125 -9.874999
v 12.0 -11.625 -9.875
v 12.5 -11.625 -9.875
v 12.5 -10.125 -9.874999
v 12.0 -10.125 -9.874999
v 12.0 -11.125 -9.874999
v 12.5 -11.125 -9.874999
v 12.5 -7.125 -9.874999
v 12.0 -7.125 -9.874999
v 12.0 -7.625 -9.875
v 12.5 -7.625 -9.875
v 12.5 -6.125 -9.874999
v 12.0 -6.125 -9.874999
v 12.0 -7.125 -9.874999
v 12.5 -7.125 -9.874999
v 12.1875 6.8125 0.906249
v 12.8125 6.1875 0.906249
v 12.8125 7.0 0.906249
v 12.1875 7.0 0.906249
v 12.0 6.5 0.12499899
v 12.5 6.5 1.249999
v 12.0 6.5 1.249999
v 12.0 6.8125 0.906249
v 12.0 6.1875 0.906249
v 12.5 6.5 0.12499899
v 12.5 7.0 0.12499899
v 12.5 7.0 1.249999
v 12.68 7.0 0.08999899
v 12.32 7.0 0.08999899
v 12.32 6.68 0.09
v 12.68 6.68 0.09
v 12.0 6.68 0.09
v 12.0 6.32 0.09
v 12.68 6.32 0.09
v 12.68 6.679999 0.09
v 12.68 8.0 0.09
v 12.32 8.0 0.09
v 12.32 7.0 0.09
v 12.68 7.0 0.09
v 12.5 7.0 1.249999
v 12.5 8.0 0.12499899
v 12.5 8.0 1.249999
v 12.5 7.0 0.12499899
v 12.8125 8.0 0.906249
v 12.1875 8.0 0.906249
v 12.1875 7.0 0.906249
v 12.8125 7.0 0.906249
v 12.8125 8.1875 0.906249
v 12.1875 8.8125 0.906249
v 12.1875 8.0 0.906249
v 12.8125 8.0 0.906249
v 13.0 8.5 0.12499899
v 12.5 8.5 1.249999
v 13.0 8.5 1.249999
v 13.0 8.1875 0.906249
v 13.0 8.8125 0.906249
v 12.5 8.5 0.12499899
v 12.5 8.0 0.12499899
v 12.5 8.0 1.249999
v 12.32 8.0 0.08999899
v 12.68 8.0 0.08999899
v 12.68 8.32 0.09
v 12.32 8.32 0.09
v 13.0 8.32 0.09
v 13.0 8.68 0.09
v 12.32 8.68 0.09
v 12.32 8.320001 0.09
v 13.0 8.68 0.09
v 13.0 8.32 0.09
v 16.0 8.32 0.09
v 16.0 8.68 0.09
v 16.0 8.5 1.249999
v 13.0 8.5 0.12499899
v 13.0 8.5 1.249999
v 16.0 8.5 0.12499899
v 13.0 8.8125 0.906249
v 13.0 8.1875 0.906249
v 16.0 8.1875 0.906249
v 16.0 8.8125 0.906249
v 15.1875 9.8125 0.906249
v 15.8125 9.1875 0.906249
v 15.8125 10.0 0.906249
v 15.1875 10.0 0.906249
v 15.0 9.5 0.12499899
v 15.5 9.5 1.249999
v 15.0 9.5 1.249999
v 15.0 9.8125 0.906249
v 15.0 9.1875 0.906249
v 15.5 9.5 0.12499899
v 15.5 10.0 0.12499899
v 15.5 10.0 1.249999
v 15.68 10.0 0.08999899
v 15.32 10.0 0.08999899
v 15.32 9.68 0.09
v 15.68 9.68 0.09
v 15.0 9.68 0.09
v 15.0 9.32 0.09
v 15.68 9.32 0.09
v 15.68 9.679999 0.09
v 15.8125 10.1875 0.906249
v 15.1875 10.8125 0.906249
v 15.1875 10.0 0.906249
v 15.8125 10.0 0.906249
v 16.0 10.5 0.12499899
v 15.5 10.5 1.249999
v 16.0 10.5 1.249999
v 16.0 10.1875 0.906249
v 16.0 10.8125 0.906249
v 15.5 10.5 0.12499899
v 15.5 10.0 0.12499899
v 15.5 10.0 1.249999
v 15.32 10.0 0.08999899
v 15.68 10.0 0.08999899
v 15.68 10.32 0.09
v 15.32 10.32 0.09
v 16.0 10.32 0.09
v 16.0 10.68 0.09
v 15.32 10.68 0.09
v 15.32 10.320001 0.09
v -10.5 -11.125 -9.874999
v -11.0 -11.125 -9.874999
v -11.0 -11.625 -9.875
v -10.5 -11.625 -9.875
v -8.5 -8.125 -9.874999
v -9.0 -8.125 -9.874999
v -9.0 -8.625 -9.875
v -8.5 -8.625 -9.875
v -7.5 -11.125 -9.874999
v -8.0 -11.125 -9.874999
v -8.0 -11.625 -9.875
v -7.5 -11.625 -9.875
v -5.5 -9.125 -9.874999
v -6.0 -9.125 -9.874999
v -6.0 -9.625 -9.875
v -5.5 -9.625 -9.875
v -5.0 -8.125 -9.875
v -5.5 -8.125 -9.875
v -5.5 -8.625 -9.875
v -5.0 -8.625 -9.875
v -4.0 -9.125 -9.875
v -4.5 -9.125 -9.875
v -4.5 -9.625 -9.875
v -4.0 -9.625 -9.875
v -0.5 -15.125 -9.874999
v -1.0 -15.125 -9.874999
v -1.0 -15.625 -9.875
v -0.5 -15.625 -9.875
v 5.0 -8.125 -9.875
v 4.5 -8.125 -9.875
v 4.5 -8.625 -9.875
v 5.0 -8.625 -9.875
v -16.0 -8.0 -11.0
v -12.0 -8.0 -11.0
v -16.0 -7.0 -11.0
v -12.0 -7.0 -11.0
v -16.0 -7.0 -12.0
v -13.0 -7.0 -12.0
v -16.0 -6.0 -12.0
v -13.0 -6.0 -12.0
v -16.0 -6.0 -13.0
v -14.0 -6.0 -13.0
v -16.0 -2.0 -13.0
v -14.0 -2.0 -13.0
v -16.0 -2.0 -12.0
v -13.0 -2.0 -12.0
v -16.0 -1.0 -12.0
v -13.0 -1.0 -12.0
v -16.0 -1.0 -11.0
v -9.0 -1.0 -11.0
v -16.0 0.0 -11.0
v -9.0 0.0 -11.0
v -14.0 -6.0 -12.0
v -13.0 -6.0 -12.0
v -14.0 -2.0 -12.0
v -13.0 -2.0 -12.0
v -13.0 -7.0 -11.0
v -12.0 -7.0 -11.0
v -13.0 -1.0 -11.0
v -12.0 -1.0 -11.0
v -12.0 -4.0 -11.0
v -4.0 -4.0 -11.0
v -12.0 -3.0 -11.0
v -4.0 -3.0 -11.0
v -12.0 -3.0 -11.0
v -9.0 -3.0 -11.0
v -12.0 -1.0 -11.0
v -9.0 -1.0 -11.0
v -10.0 0.0 -11.0
v -9.0 0.0 -11.0
v -10.0 4.0 -11.0
v -9.0 4.0 -11.0
v -9.0 -3.0 -12.0
v -4.0 -3.0 -12.0
v -9.0 3.0 -12.0
v -4.0 3.0 -12.0
v -9.0 3.0 -11.0
v -3.0 3.0 -11.0
v -9.0 4.0 -11.0
v -3.0 4.0 -11.0
v -4.0 -4.0 -11.0
v -3.0 -4.0 -11.0
v -4.0 3.0 -11.0
v -3.0 3.0 -11.0
v -14.0 -6.5 -11.25
v -14.0 -6.0 -12.0
v -16.0 -6.0 -12.0
v -16.0 -6.499999 -11.25
v -14.0 -7.0 -11.0
v -16.0 -7.0 -11.0
v -15.0 -5.5 -12.25
v -15.0 -5.0 -13.0
v -16.0 -5.0 -13.0
v -16.0 -5.499999 -12.25
v -15.0 -6.0 -12.0
v -16.0 -6.0 -12.0
v -16.0 -4.125 -12.500001
v -15.0 -4.125 -12.500001
v -15.0 -3.125 -12.500001
v -16.0 -3.125 -12.500001
v -16.0 -4.125 -12.625001
v -15.0 -4.125 -12.625001
v -15.0 -3.125 -12.625001
v -16.0 -3.125 -12.625001
v -16.0 -4.125 -12.875001
v -15.0 -4.125 -12.875001
v -15.0 -3.125 -12.875001
v -16.0 -3.125 -12.875001
v -16.0 -2.5 -12.25
v -16.0 -3.0 -13.0
v -15.0 -3.0 -13.0
v -15.0 -2.500001 -12.25
v -16.0 -2.0 -12.0
v -15.0 -2.0 -12.0
v -16.0 -1.5 -11.25
v -16.0 -2.0 -12.0
v -14.0 -2.0 -12.0
v -14.0 -1.500001 -11.25
v -16.0 -1.0 -11.0
v -14.0 -1.0 -11.0
v -13.998047 -5.498437 -12.25
v -13.998047 -4.998437 -13.0
v -14.998047 -4.998437 -13.0
v -14.998047 -5.498437 -12.25
v -14.498047 -4.998437 -12.25
v -14.998047 -5.998437 -13.0
v -14.498048 -5.998437 -12.25
v -13.998047 -5.998437 -12.0
v -14.998047 -5.998437 -12.0
v -13.998047 -4.998437 -12.0
v -14.5 -3.0 -12.25
v -15.0 -3.0 -13.0
v -15.0 -5.0 -13.0
v -14.500001 -5.0 -12.25
v -14.0 -3.0 -12.0
v -14.0 -5.0 -12.0
v -14.501563 -1.998047 -12.25
v -15.001563 -1.998047 -13.0
v -15.001563 -2.9980469 -13.0
v -14.501563 -2.9980469 -12.25
v -15.001563 -2.4980469 -12.25
v -14.001563 -2.9980469 -13.0
v -14.001563 -2.498048 -12.25
v -14.001563 -1.998047 -12.0
v -14.001563 -2.9980469 -12.0
v -15.001563 -1.998047 -12.0
v -12.998047 -6.498437 -11.25
v -12.998047 -5.998437 -12.0
v -13.998047 -5.998437 -12.0
v -13.998047 -6.498437 -11.25
v -13.498047 -5.998437 -11.25
v -13.998047 -6.998437 -12.0
v -13.498048 -6.998437 -11.25
v -12.998047 -6.998437 -11.0
v -13.998047 -6.998437 -11.0
v -12.998047 -5.998437 -11.0
v -13.5 -2.0 -11.25
v -14.0 -2.0 -12.0
v -14.0 -6.0 -12.0
v -13.500001 -6.0 -11.25
v -13.0 -2.0 -11.0
v -13.0 -6.0 -11.0
v -13.501563 -0.998047 -11.25
v -14.001563 -0.998047 -12.0
v -14.001563 -1.998047 -12.0
v -13.501563 -1.998047 -11.25
v -14.001563 -1.498047 -11.25
v -13.001563 -1.998047 -12.0
v -13.001563 -1.4980481 -11.25
v -13.001563 -0.998047 -11.0
v -13.001563 -1.998047 -11.0
v -14.001563 -0.998047 -11.0
v -8.498437 -3.0019531 -11.25
v -7.998437 -3.0019531 -12.0
v -7.998437 -2.0019531 -12.0
v -8.498437 -2.0019531 -11.25
v -7.998437 -2.5019531 -11.25
v -8.998437 -2.0019531 -12.0
v -8.998437 -2.501952 -11.25
v -8.998437 -3.0019531 -11.0
v -8.998437 -2.0019531 -11.0
v -7.998437 -3.0019531 -11.0
v -8.5 -2.0 -11.25
v -8.0 -2.0 -12.0
v -8.0 2.0 -12.0
v -8.499999 2.0 -11.25
v -9.0 -2.0 -11.0
v -9.0 2.0 -11.0
v -9.001953 2.498437 -11.25
v -9.001953 1.9984369 -12.0
v -8.001953 1.9984369 -12.0
v -8.001953 2.498437 -11.25
v -8.501953 1.9984369 -11.25
v -8.001953 2.998437 -12.0
v -8.501952 2.998437 -11.25
v -9.001953 2.998437 -11.0
v -8.001953 2.998437 -11.0
v -9.001953 1.9984369 -11.0
v -5.0 -2.5 -11.25
v -5.0 -2.0 -12.0
v -8.0 -2.0 -12.0
v -8.0 -2.499999 -11.25
v -5.0 -3.0 -11.0
v -8.0 -3.0 -11.0
v -8.0 -2.125 -11.500001
v -7.0 -2.125 -11.500001
v -7.0 -0.125 -11.500001
v -8.0 -0.125 -11.500001
v -8.0 -2.125 -11.625001
v -7.0 -2.125 -11.625001
v -7.0 -0.125 -11.625001
v -8.0 -0.125 -11.625001
v -8.0 -2.125 -11.875001
v -7.0 -2.125 -11.875001
v -7.0 -0.125 -11.875001
v -8.0 -0.125 -11.875001
v -8.0 2.5 -11.25
v -8.0 2.0 -12.0
v -5.0 2.0 -12.0
v -5.0 2.499999 -11.25
v -8.0 3.0 -11.0
v -5.0 3.0 -11.0
v -7.0 -2.125 -11.500001
v -6.0 -2.125 -11.500001
v -6.0 -1.125 -11.500001
v -7.0 -1.125 -11.500001
v -7.0 -2.125 -11.625001
v -6.0 -2.125 -11.625001
v -6.0 -1.125 -11.625001
v -7.0 -1.125 -11.625001
v -7.0 -2.125 -11.875001
v -6.0 -2.125 -11.875001
v -6.0 -1.125 -11.875001
v -7.0 -1.125 -11.875001
v -7.0 0.875 -11.500001
v -6.0 0.875 -11.500001
v -6.0 1.875 -11.500001
v -7.0 1.875 -11.500001
v -7.0 0.875 -11.625001
v -6.0 0.875 -11.625001
v -6.0 1.875 -11.625001
v -7.0 1.875 -11.625001
v -7.0 0.875 -11.875001
v -6.0 0.875 -11.875001
v -6.0 1.875 -11.875001
v -7.0 1.875 -11.875001
v -6.0 -0.125 -11.500001
v -5.0 -0.125 -11.500001
v -5.0 0.875 -11.500001
v -6.0 0.875 -11.500001
v -6.0 -0.125 -11.625001
v -5.0 -0.125 -11.625001
v -5.0 0.875 -11.625001
v -6.0 0.875 -11.625001
v -6.0 -0.125 -11.875001
v -5.0 -0.125 -11.875001
v -5.0 0.875 -11.875001
v -6.0 0.875 -11.875001
v -3.9980469 -2.498437 -11.25
v -3.9980469 -1.998437 -12.0
v -4.998047 -1.998437 -12.0
v -4.998047 -2.498437 -11.25
v -4.498047 -1.998437 -11.25
v -4.998047 -2.998437 -12.0
v -4.498048 -2.998437 -11.25
v -3.9980469 -2.998437 -11.0
v -4.998047 -2.998437 -11.0
v -3.9980469 -1.998437 -11.0
v -4.5 2.0 -11.25
v -5.0 2.0 -12.0
v -5.0 -2.0 -12.0
v -4.500001 -2.0 -11.25
v -4.0 2.0 -11.0
v -4.0 -2.0 -11.0
v -4.501563 3.0019531 -11.25
v -5.001563 3.0019531 -12.0
v -5.001563 2.0019531 -12.0
v -4.501563 2.0019531 -11.25
v -5.001563 2.5019531 -11.25
v -4.001563 2.0019531 -12.0
v -4.001563 2.501952 -11.25
v -4.001563 3.0019531 -11.0
v -4.001563 2.0019531 -11.0
v -5.001563 3.0019531 -11.0
v -12.0 -8.000008 -10.6875
v -12.0 7.6293945E-6 -10.687499
v -16.0 7.6293945E-6 -10.687499
v -16.0 -8.000008 -10.6875
v -4.0 -4.000004 -10.6875
v -4.0 3.8146973E-6 -10.687499
v -12.0 3.8146973E-6 -10.687499
v -12.0 -4.000004 -10.6875
v -3.0 -4.053116E-6 -10.6875
v -3.0 4.000004 -10.687499
v -10.0 4.000004 -10.687499
v -10.0 -4.053116E-6 -10.6875
v -3.0 3.799994 -5.6875
v -3.0 9.800006 -5.687499
v -10.0 9.800006 -5.687499
v -10.0 3.799994 -5.6875
v -3.0 9.799994 -0.6875
v -3.0 15.800006 -0.687499
v -10.0 15.800006 -0.687499
v -10.0 9.799994 -0.6875
v -3.0 -4.000004 -10.6875
v -3.0 3.8146973E-6 -10.687499
v -4.0 3.8146973E-6 -10.687499
v -4.0 -4.000004 -10.6875
vt 2.0 0.0
vt 2.0 1.0
vt 0.5 1.0
vt 0.5 0.0
vt 0.5 0.0
vt 0.5 1.0
vt -1.0 1.0
vt -1.0 0.0
vt 1.25 0.0
vt 1.25 1.0
vt 0.5 1.0
vt 0.5 0.0
vt 0.5 0.0
vt 0.5 1.0
vt -0.25 1.0
vt -0.25 0.0
vt -2.5 0.0
vt -2.5 -1.0
vt -0.5 -0.84375
vt -1.0 -0.5
vt -0.5 -0.5
vt 0.0 -0.5
vt -2.0 -1.0
vt -3.0 -1.0
vt 0.0 0.0
vt -0.5 0.0
vt -1.0 0.0
vt 2.0 0.0
vt 2.0 1.0
vt 0.5 1.0
vt 0.5 0.0
vt 0.5 0.0
vt 0.5 1.0
vt -1.0 1.0
vt -1.0 0.0
vt 1.25 0.0
vt 1.25 1.0
vt 0.5 1.0
vt 0.5 0.0
vt 0.5 0.0
vt 0.5 1.0
vt -0.25 1.0
vt -0.25 0.0
vt 2.0 0.0
vt 2.0 1.0
vt 0.5 1.0
vt 0.5 0.0
vt 0.5 0.0
vt 0.5 1.0
vt -1.0 1.0
vt -1.0 0.0
vt 1.25 0.0
vt 1.25 1.0
vt 0.5 1.0
vt 0.5 0.0
vt 0.5 0.0
vt 0.5 1.0
vt -0.25 1.0
vt -0.25 0.0
vt 2.0 0.25
vt 0.0 0.25
vt 0.0 0.0
vt 2.0 0.0
vt 0.75 1.0
vt 0.0 1.0
vt 0.0 0.25
vt 0.75 0.25
vt 2.0 1.25
vt 0.0 1.25
vt 0.0 1.0
vt 2.0 1.0
vt 1.0 0.96875
vt 0.0 0.96875
vt 0.5 0.03125
vt 1.0 0.96875
vt 1.0 0.03125
vt 1.0 0.96875
vt 0.0 0.96875
vt 0.0 0.03125
vt 1.0 0.03125
vt 1.0 0.96875
vt 0.0 0.96875
vt 0.5 0.03125
vt 1.0 0.96875
vt 1.0 0.03125
vt 1.5 5.0
vt 0.0 5.0
vt 0.0 4.0
vt 1.5 4.0
vt 0.0 5.0
vt 1.5 5.0
vt 1.5 5.25
vt 0.0 5.25
vt 1.0 7.25
vt 0.0 7.25
vt 0.0 5.25
vt 1.0 5.25
vt 1.5 8.0
vt 0.0 8.0
vt 0.0 7.25
vt 1.5 7.25
vt 2.25 2.0
vt 0.25 2.0
vt 0.25 1.25
vt 2.25 1.25
vt 1.0 2.5
vt 1.0 2.0
vt 0.5 2.0
vt 0.875 2.125
vt 2.75 1.0
vt 0.75 1.0
vt 0.75 0.25
vt 2.75 0.25
vt 3.0 3.0
vt 1.0 3.0
vt 1.0 2.0
vt 3.0 2.0
vt 1.5 6.5
vt 1.0 6.5
vt 1.0 5.25
vt 1.5 5.25
vt 1.0 6.5
vt 1.5 6.5
vt 1.5 7.25
vt 1.0 7.25
vt 2.25 0.25
vt 2.0 0.25
vt 2.0 0.0
vt 2.25 0.0
vt 4.0 1.25
vt 2.0 1.25
vt 2.0 1.0
vt 4.0 1.0
vt 3.5 0.25
vt 2.25 0.25
vt 2.25 0.0
vt 3.5 0.0
vt 2.25 2.0
vt 2.25 1.25
vt 4.25 2.0
vt 4.25 1.25
vt 2.75 1.0
vt 2.75 0.25
vt 4.75 1.0
vt 4.75 0.25
vt 3.25 3.5
vt 3.125 3.125
vt 3.25 3.0
vt 2.75 3.0
vt 5.0 3.0
vt 3.0 3.0
vt 3.0 2.0
vt 5.0 2.0
vt 3.5 5.0
vt 3.25 5.0
vt 3.25 3.0
vt 3.5 3.0
vt 3.5 6.5
vt 3.25 6.5
vt 3.25 5.0
vt 3.5 5.0
vt 3.5 8.0
vt 3.25 8.0
vt 3.25 6.5
vt 3.5 6.5
vt 1.0 0.96875
vt 0.0 0.96875
vt 0.5 0.03125
vt 1.0 0.96875
vt 1.0 0.03125
vt 5.5 3.25
vt 3.5 3.25
vt 3.5 3.0
vt 5.5 3.0
vt 4.25 5.25
vt 3.5 3.25
vt 3.5 5.25
vt 4.25 3.25
vt 4.25 5.75
vt 4.25 5.25
vt 3.5 5.75
vt 3.5 5.25
vt 5.5 6.5
vt 3.5 6.5
vt 3.5 5.75
vt 5.5 5.75
vt 1.0 0.96875
vt 0.0 0.96875
vt 0.5 0.03125
vt 1.0 0.96875
vt 1.0 0.03125
vt 5.5 7.75
vt 3.5 7.75
vt 3.5 6.75
vt 5.5 6.75
vt 1.0 0.96875
vt 0.0 0.96875
vt 0.0 0.03125
vt 1.0 0.03125
vt 2.0 0.96875
vt 0.0 0.96875
vt 0.0 0.03125
vt 2.0 0.03125
vt 1.0 0.96875
vt 0.0 0.96875
vt 0.0 0.03125
vt 1.0 0.03125
vt 0.0 0.0
vt 1.0 0.0
vt 1.0 1.0
vt 0.0 1.0
vt 6.0 1.25
vt 4.0 1.25
vt 4.0 1.0
vt 6.0 1.0
vt 1.0 0.96875
vt 0.0 0.96875
vt 0.5 0.03125
vt 1.0 0.96875
vt 1.0 0.03125
vt 1.0 0.96875
vt 0.0 0.96875
vt 0.0 0.03125
vt 1.0 0.03125
vt 1.0 0.96875
vt 0.0 0.96875
vt 0.5 0.03125
vt 1.0 0.96875
vt 1.0 0.03125
vt 6.25 2.0
vt 4.25 2.0
vt 4.25 1.25
vt 6.25 1.25
vt 6.25 3.75
vt 4.25 3.75
vt 4.25 3.25
vt 6.25 3.25
vt 4.75 5.75
vt 4.25 5.75
vt 4.25 3.75
vt 4.75 3.75
vt 6.25 6.75
vt 4.25 6.75
vt 4.25 6.5
vt 6.25 6.5
vt 4.25 7.75
vt 6.25 7.75
vt 6.25 8.0
vt 4.25 8.0
vt 4.5 0.25
vt 4.5 0.0
vt 5.75 0.25
vt 5.75 0.0
vt 6.75 1.0
vt 4.75 1.0
vt 4.75 0.25
vt 6.75 0.25
vt 1.0 0.96875
vt 0.0 0.96875
vt 0.5 0.03125
vt 1.0 0.96875
vt 1.0 0.03125
vt 1.0 0.96875
vt 0.0 0.96875
vt 0.0 0.03125
vt 1.0 0.03125
vt 1.0 0.96875
vt 0.0 0.96875
vt 0.5 0.03125
vt 1.0 0.96875
vt 1.0 0.03125
vt 5.25 5.75
vt 4.75 5.75
vt 4.75 4.5
vt 5.25 4.5
vt 7.0 3.0
vt 5.0 3.0
vt 5.0 2.0
vt 7.0 2.0
vt 1.0 0.96875
vt 0.0 0.96875
vt 0.0 0.03125
vt 1.0 0.03125
vt 0.0 0.0
vt 1.0 0.0
vt 1.0 1.0
vt 0.0 1.0
vt 1.0 0.96875
vt 0.0 0.96875
vt 0.0 0.03125
vt 1.0 0.03125
vt 5.25 4.75
vt 6.5 3.75
vt 6.5 4.75
vt 5.25 3.75
vt 7.25 5.75
vt 5.25 5.75
vt 5.25 4.75
vt 7.25 4.75
vt 7.5 3.25
vt 5.5 3.25
vt 5.5 3.0
vt 7.5 3.0
vt 7.5 6.5
vt 5.5 6.5
vt 5.5 5.75
vt 7.5 5.75
vt 7.5 7.75
vt 5.5 7.75
vt 5.5 6.75
vt 7.5 6.75
vt 7.5 0.25
vt 7.5 0.0
vt 5.75 0.25
vt 5.75 0.0
vt 8.0 1.25
vt 6.0 1.25
vt 6.0 1.0
vt 8.0 1.0
vt 7.5 1.5
vt 7.5 1.25
vt 6.25 1.5
vt 6.25 1.25
vt 7.25 2.0
vt 6.25 2.0
vt 6.25 1.5
vt 7.25 1.5
vt 8.0 3.75
vt 8.0 3.25
vt 6.25 3.75
vt 6.25 3.25
vt 6.25 6.75
vt 8.0 6.5
vt 8.0 6.75
vt 6.25 6.5
vt 8.0 8.0
vt 6.25 7.75
vt 6.25 8.0
vt 8.0 7.75
vt 1.0 0.96875
vt 0.0 0.96875
vt 0.0 0.03125
vt 1.0 0.03125
vt 0.0 0.0
vt 1.0 0.0
vt 1.0 1.0
vt 0.0 1.0
vt 1.0 0.96875
vt 0.0 0.96875
vt 0.0 0.03125
vt 1.0 0.03125
vt 6.5 4.5
vt 8.0 4.5
vt 8.0 4.75
vt 6.5 4.75
vt 7.25 1.0
vt 6.75 1.0
vt 6.75 0.25
vt 7.25 0.25
vt 1.0 0.96875
vt 0.0 0.96875
vt 0.5 0.03125
vt 1.0 0.96875
vt 1.0 0.03125
vt 1.0 0.96875
vt 0.0 0.96875
vt 0.0 0.03125
vt 1.0 0.03125
vt 1.0 0.96875
vt 0.0 0.96875
vt 0.5 0.03125
vt 1.0 0.96875
vt 1.0 0.03125
vt 8.0 3.0
vt 7.0 3.0
vt 7.0 2.0
vt 8.0 2.0
vt 8.0 4.5
vt 7.0 4.5
vt 7.0 3.75
vt 8.0 3.75
vt 8.0 0.5
vt 8.0 0.25
vt 7.25 0.5
vt 7.25 0.25
vt 8.0 1.0
vt 8.0 0.5
vt 7.25 1.0
vt 7.25 0.5
vt 1.0 0.96875
vt 0.0 0.96875
vt 0.5 0.03125
vt 1.0 0.96875
vt 1.0 0.03125
vt 1.0 0.96875
vt 0.0 0.96875
vt 0.5 0.03125
vt 1.0 0.96875
vt 1.0 0.03125
vt 7.25 5.75
vt 7.25 4.75
vt 8.0 5.75
vt 8.0 4.75
vt 8.0 0.25
vt 7.5 0.25
vt 7.5 0.0
vt 8.0 0.0
vt 1.0 0.96875
vt 0.0 0.96875
vt 0.5 0.03125
vt 1.0 0.96875
vt 1.0 0.03125
vt 5.0 -6.0
vt 4.0 -7.0
vt 5.0 -7.0
vt -0.5 0.03125
vt 0.5 0.03125
vt 0.0 0.96875
vt 2.0 0.96875
vt 0.0 0.96875
vt 0.0 0.03125
vt 2.0 0.03125
vt 8.0 3.25
vt 7.5 3.25
vt 7.5 3.0
vt 8.0 3.0
vt 8.0 6.5
vt 7.5 6.5
vt 7.5 5.75
vt 8.0 5.75
vt 8.0 7.75
vt 7.5 7.75
vt 7.5 6.75
vt 8.0 6.75
vt 1.0 0.96875
vt 0.0 0.96875
vt 0.0 0.03125
vt 1.0 0.03125
vt 0.0 0.0
vt 1.0 0.0
vt 1.0 1.0
vt 0.0 1.0
vt 0.0 -1.0
vt -1.0 -1.0
vt -1.0 -2.0
vt 0.0 -2.0
vt 0.0 0.0
vt 0.0 -1.0
vt -1.0 -1.0
vt -1.0 0.0
vt 0.0 0.0
vt -1.0 0.0
vt -1.0 -1.0
vt 0.0 -1.0
vt 0.0 -2.0
vt 0.0 -1.0
vt -1.0 -1.0
vt -1.0 -2.0
vt 0.0 0.0
vt 0.0 -1.0
vt 3.0 -1.0
vt 3.0 0.0
vt 1.59E-4 2.2E-5
vt 1.62E-4 -0.999978
vt 3.0001593 -0.999978
vt 3.000009 -1.42E-4
vt 0.0 0.001992
vt 3.0 0.001992
vt 3.0 0.998008
vt 0.0 0.998008
vt 1.0 -1.0
vt 2.0 -1.0
vt 2.0 -0.8125
vt 1.0 -0.8125
vt 2.0 -1.0
vt 2.0 0.0
vt 0.0 0.0
vt 0.0 -1.0
vt 0.0 -0.5
vt 2.0 -0.5
vt 2.0 0.0
vt 0.0 0.0
vt 2.0 -1.0
vt 2.0 0.0
vt 0.0 0.0
vt 0.0 -1.0
vt 3.0 -1.0
vt 6.0 -1.0
vt 6.0 -0.8125
vt 3.0 -0.8125
vt 6.0 -1.0
vt 6.0 0.0
vt 0.0 0.0
vt 0.0 -1.0
vt 0.0 -0.5
vt 6.0 -0.5
vt 6.0 0.0
vt 0.0 0.0
vt 6.0 -1.0
vt 6.0 0.0
vt 0.0 0.0
vt 0.0 -1.0
vt 0.0 0.0
vt 0.0 -1.0
vt 6.0 -1.0
vt 6.0 0.0
vt 6.0003185 -0.999978
vt 3.18E-4 2.2E-5
vt 6.0 0.998008
vt 0.0 0.998008
vt 6.000018 -1.42E-4
vt 0.0 0.001992
vt 6.0 0.001992
vt 3.24E-4 -0.999978
vt 0.0 0.0
vt 0.0 -1.0
vt 4.0 -1.0
vt 4.0 0.0
vt 4.000212 -0.999978
vt 2.12E-4 2.2E-5
vt 4.0 0.998008
vt 0.0 0.998008
vt 4.000012 -1.42E-4
vt 0.0 0.001992
vt 4.0 0.001992
vt 2.16E-4 -0.999978
vt 0.0 0.0
vt 0.0 -1.0
vt 6.0 -1.0
vt 6.0 0.0
vt 6.0003185 -0.999978
vt 3.18E-4 2.2E-5
vt 6.0 0.998008
vt 0.0 0.998008
vt 6.000018 -1.42E-4
vt 0.0 0.001992
vt 6.0 0.001992
vt 3.24E-4 -0.999978
vt 0.125 -0.957031
vt 0.5 -0.832031
vt 0.5 -0.644531
vt -0.015625 -0.816406
vt 0.0 -1.332031
vt -0.1875 -1.332031
vt 0.003906 -1.0
vt 1.0 -1.0
vt 1.0 0.0
vt 0.003906 0.0
vt -1.0 -1.0
vt -1.0 0.0
vt 1.0 0.0
vt 0.003906 0.0
vt 0.003906 -1.0
vt 1.0 -1.0
vt -1.0 0.0
vt -1.0 -1.0
vt -1.0 -0.5
vt 0.003906 -0.5
vt 0.003906 0.0
vt -1.0 0.0
vt 1.0 -0.5
vt 1.0 0.0
vt 0.0 -1.0
vt -1.0 -1.0
vt -1.0 -2.0
vt 0.0 -2.0
vt 0.0 0.0
vt 0.0 -1.0
vt -1.0 -1.0
vt -1.0 0.0
vt 0.0 0.0
vt -1.0 0.0
vt -1.0 -1.0
vt 0.0 -1.0
vt 0.0 -2.0
vt 0.0 -1.0
vt -1.0 -1.0
vt -1.0 -2.0
vt 0.0 0.0
vt 0.0 -1.0
vt 1.0 -1.0
vt 1.0 0.0
vt 0.0 0.0
vt 0.0 -1.0
vt 1.0 -1.0
vt 1.0 0.0
vt 5.3E-5 2.2E-5
vt 5.4E-5 -0.999978
vt 1.000053 -0.999978
vt 1.000003 -1.42E-4
vt 5.3E-5 2.2E-5
vt 5.4E-5 -0.999978
vt 1.000053 -0.999978
vt 1.000003 -1.42E-4
vt 0.001343 0.001992
vt 1.00034 0.001992
vt 1.00034 0.998008
vt 0.001343 0.998008
vt -0.0 0.001992
vt 1.0 0.001992
vt 1.0 0.998008
vt -0.0 0.998008
vt 0.0 0.0
vt 0.0 -1.0
vt 2.0 -1.0
vt 2.0 0.0
vt 1.06E-4 2.2E-5
vt 1.08E-4 -0.999978
vt 2.000106 -0.999978
vt 2.000006 -1.42E-4
vt 0.0 0.001992
vt 2.0 0.001992
vt 2.0 0.998008
vt 0.0 0.998008
vt 0.0 0.0
vt 0.5 -1.0
vt 1.0 0.0
vt 0.0 -1.0
vt 1.0 -1.0
vt 0.500579 -8.2E-5
vt 0.0 -0.999918
vt 1.0 -0.999918
vt 0.0 0.001992
vt 1.0 0.001992
vt 1.0 0.998008
vt 0.0 0.998008
vt 1.0 -1.0
vt 2.0 -1.0
vt 2.0 -0.8125
vt 1.0 -0.8125
vt 2.0 -1.0
vt 2.0 0.0
vt 0.0 0.0
vt 0.0 -1.0
vt 0.0 -0.5
vt 2.0 -0.5
vt 2.0 0.0
vt 0.0 0.0
vt 2.0 -1.0
vt 2.0 0.0
vt 0.0 0.0
vt 0.0 -1.0
vt 3.0 -3.0
vt 3.5 -2.5
vt 3.3125 -2.5
vt 3.0 -2.8125
vt -0.5 0.0
vt -1.0 -1.0
vt 0.0 -1.0
vt 0.0 -1.0
vt 0.0 0.0
vt -1.0 0.0
vt -1.0 -1.0
vt -1.0 -0.5
vt 0.0 -0.5
vt 0.0 0.0
vt -1.0 0.0
vt 0.0 -1.0
vt -1.0 -1.0
vt -1.0 -2.0
vt 0.0 -2.0
vt 0.0 0.0
vt 0.0 -1.0
vt -1.0 -1.0
vt -1.0 0.0
vt 0.0 0.0
vt -1.0 0.0
vt -1.0 -1.0
vt 0.0 -1.0
vt 0.0 -2.0
vt 0.0 -1.0
vt -1.0 -1.0
vt -1.0 -2.0
vt 0.0 0.0
vt 0.0 -1.0
vt 5.0 -1.0
vt 5.0 0.0
vt 2.65E-4 2.2E-5
vt 2.7E-4 -0.999978
vt 5.000265 -0.999978
vt 5.000015 -1.42E-4
vt 0.0 0.001992
vt 5.0 0.001992
vt 5.0 0.998008
vt 0.0 0.998008
vt 0.0 -1.0
vt -1.0 -1.0
vt -1.0 -2.0
vt 0.0 -2.0
vt 0.0 0.0
vt 0.0 -1.0
vt -1.0 -1.0
vt -1.0 0.0
vt 0.0 0.0
vt -1.0 0.0
vt -1.0 -1.0
vt 0.0 -1.0
vt 0.0 -2.0
vt 0.0 -1.0
vt -1.0 -1.0
vt -1.0 -2.0
vt 0.0 -1.0
vt -1.0 -1.0
vt -1.0 -2.0
vt 0.0 -2.0
vt 0.0 0.0
vt 0.0 -1.0
vt -1.0 -1.0
vt -1.0 0.0
vt 0.0 0.0
vt -1.0 0.0
vt -1.0 -1.0
vt 0.0 -1.0
vt 0.0 -2.0
vt 0.0 -1.0
vt -1.0 -1.0
vt -1.0 -2.0
vt 3.5 -1.0
vt 7.0 -1.0
vt 7.0 -0.8125
vt 3.5 -0.8125
vt 7.0 -1.0
vt 7.0 0.0
vt 0.0 0.0
vt 0.0 -1.0
vt 0.0 -0.5
vt 7.0 -0.5
vt 7.0 0.0
vt 0.0 0.0
vt 7.0 -1.0
vt 7.0 0.0
vt 0.0 0.0
vt 0.0 -1.0
vt 0.0 0.0
vt 0.5 -1.0
vt 1.0 0.0
vt 0.0 -1.0
vt 1.0 -1.0
vt 0.0 -0.999918
vt 1.0 -0.999918
vt 1.0 0.998008
vt 0.0 0.998008
vt 0.500579 -8.2E-5
vt 0.0 0.001992
vt 1.0 0.001992
vt 0.0 0.0
vt 0.0 -1.0
vt 4.0 -1.0
vt 4.0 0.0
vt 2.12E-4 2.2E-5
vt 2.16E-4 -0.999978
vt 4.000212 -0.999978
vt 4.000012 -1.42E-4
vt 0.0 0.001992
vt 4.0 0.001992
vt 4.0 0.998008
vt 0.0 0.998008
vt 0.0 0.0
vt 0.0 -1.0
vt 1.0 -1.0
vt 1.0 0.0
vt 0.0 0.0
vt 0.0 -1.0
vt 1.0 -1.0
vt 1.0 0.0
vt 5.3E-5 2.2E-5
vt 5.4E-5 -0.999978
vt 1.000053 -0.999978
vt 1.000003 -1.42E-4
vt 5.3E-5 2.2E-5
vt 5.4E-5 -0.999978
vt 1.000053 -0.999978
vt 1.000003 -1.42E-4
vt 0.001343 0.001992
vt 1.00034 0.001992
vt 1.00034 0.998008
vt 0.001343 0.998008
vt -0.0 0.001992
vt 1.0 0.001992
vt 1.0 0.998008
vt -0.0 0.998008
vt 0.0 0.0
vt 0.0 -1.0
vt 1.0 -1.0
vt 1.0 0.0
vt 1.000053 -0.999978
vt 5.3E-5 2.2E-5
vt 1.0 0.998008
vt 0.0 0.998008
vt 1.000003 -1.42E-4
vt 0.0 0.001992
vt 1.0 0.001992
vt 5.4E-5 -0.999978
vt 0.0 0.0
vt 1.0 0.0
vt 1.0 1.0
vt 0.0 1.0
vt 0.0 0.0
vt 1.0 0.0
vt 1.0 1.0
vt 0.0 1.0
vt 0.0 0.0
vt 1.0 0.0
vt 1.0 1.0
vt 0.0 1.0
vt 0.0 0.0
vt 1.0 0.0
vt 1.0 1.0
vt 0.0 1.0
vt 0.0 0.0
vt 1.0 0.0
vt 1.0 1.0
vt 0.0 1.0
vt 3.0 -3.0
vt 3.5 -2.5
vt 3.3125 -2.5
vt 3.0 -2.8125
vt -0.5 0.0
vt -1.0 -1.0
vt 0.0 -1.0
vt 0.0 -1.0
vt 0.0 0.0
vt -1.0 0.0
vt -1.0 -1.0
vt -1.0 -0.5
vt 0.0 -0.5
vt 0.0 0.0
vt -1.0 0.0
vt 1.0 -1.0
vt 2.0 -1.0
vt 2.0 -0.8125
vt 1.0 -0.8125
vt 2.0 -1.0
vt 2.0 0.0
vt 0.0 0.0
vt 0.0 -1.0
vt 0.0 -0.5
vt 2.0 -0.5
vt 2.0 0.0
vt 0.0 0.0
vt 2.0 -1.0
vt 2.0 0.0
vt 0.0 0.0
vt 0.0 -1.0
vt 1.0 -1.5
vt 1.0 -1.0
vt 0.0 -1.0
vt 0.0 -1.5
vt 0.0 -1.5
vt 1.0 -1.5
vt 1.0 -2.5
vt 0.0 -2.5
vt 1.0 -1.5
vt 0.0 -1.5
vt 0.0 -2.5
vt 1.0 -2.5
vt 1.0 -1.0
vt 0.0 -1.0
vt 1.0 -0.5
vt 0.0 -1.0
vt 1.0 -1.0
vt 1.0 -0.5
vt 0.0 -2.5
vt 0.0 -1.5
vt 1.0 -1.5
vt 1.0 -2.5
vt 0.0 -1.0
vt 1.0 -1.0
vt 1.0 -2.5
vt 0.0 -2.5
vt 1.0 -4.5
vt 1.0 -3.5
vt -3.0 -3.5
vt -3.0 -4.5
vt 1.0 -3.0
vt -3.0 -3.0
vt 1.0 -3.0
vt -3.0 -3.0
vt -3.5 -2.1875
vt 1.5 -2.1875
vt 1.0 -5.5
vt -3.0 -5.5
vt 0.0 0.0
vt -1.0 0.0
vt -1.0 -0.5
vt 0.0 -0.5
vt 0.0 0.0
vt -1.0 0.0
vt -1.0 -0.5
vt 0.0 -0.5
vt 0.0 0.0
vt -1.0 0.0
vt -1.0 -0.5
vt 0.0 -0.5
vt 0.0 0.0
vt -1.0 0.0
vt -1.0 -0.5
vt 0.0 -0.5
vt 3.0 0.0
vt -3.0 0.0
vt -2.0 -1.0
vt 4.0 -1.0
vt -3.0 0.0
vt 3.0 0.0
vt 4.0 -1.0
vt -2.0 -1.0
vt -2.0 -0.5
vt -2.25 -0.25
vt -2.570313 -0.070312
vt -3.0 -0.5
vt 0.0 0.0
vt 0.0 -0.5
vt -5.0 -0.5
vt -5.0 0.0
vt 0.0 0.0
vt 0.0 -0.5
vt -5.0 -0.5
vt -5.0 0.0
vt -2.0 -0.5
vt -3.0 -0.5
vt -2.570313 -0.070312
vt -2.25 -0.25
vt 0.0 0.0
vt -5.0 0.0
vt -5.0 -0.5
vt 0.0 -0.5
vt 0.0 0.0
vt -5.0 0.0
vt -5.0 -0.5
vt 0.0 -0.5
vt -5.0 0.0
vt 0.0 0.0
vt 0.0 -1.0
vt -5.0 -1.0
vt -5.0 0.0
vt -5.0 -1.0
vt 0.0 -1.0
vt 0.0 0.0
vt -2.5 0.0
vt -3.0 -1.0
vt -2.0 -1.0
vt -1.0 0.0
vt 0.0 -1.0
vt -2.0 -1.0
vt 0.0 0.0
vt -1.0 0.0
vt 0.0 -1.0
vt -2.5 0.0
vt -3.0 -1.0
vt -2.0 -1.0
vt -1.0 0.0
vt -2.0 -1.0
vt 0.0 -1.0
vt 0.0 0.0
vt 0.0 -1.0
vt -1.0 0.0
vt -1.0 0.0
vt -1.0 -1.0
vt 0.0 -1.0
vt 0.0 0.0
vt -1.0 0.0
vt -1.0 -1.0
vt 0.0 -1.0
vt 0.0 0.0
vt -1.0 0.0
vt -1.0 -1.0
vt 0.0 -1.0
vt 0.0 0.0
vt -1.0 0.0
vt -1.0 -1.0
vt 0.0 -1.0
vt 0.0 0.0
vt -1.0 -1.0
vt 0.0 -1.0
vt -0.5 0.0
vt -1.0 -1.0
vt 0.0 -1.0
vt -0.5 0.0
vt 1.0 0.0
vt 1.0 -1.0
vt 0.0 -1.0
vt 0.0 0.0
vt 0.0 0.0
vt 0.0 -1.0
vt 1.0 -1.0
vt 1.0 0.0
vt 1.0 0.0
vt 1.0 -1.0
vt 0.0 -1.0
vt 0.0 0.0
vt 0.0 0.0
vt 0.0 -1.0
vt 1.0 -1.0
vt 1.0 0.0
vt -1.5 0.0
vt -1.5 -1.0
vt -1.5 0.0
vt -1.5 -1.0
vt -1.5 -1.0
vt -1.5 -1.0
vt -1.5 0.0
vt -1.5 0.0
vt -1.5 0.0
vt -1.5 -1.0
vt 1.5 -1.4375
vt -3.5 -1.4375
vt -3.5 -1.0
vt 1.5 -1.0
vt -1.5 -1.0
vt -1.5 0.0
vt 1.0 0.0
vt -4.0 0.0
vt -4.0 -1.0
vt 1.0 -1.0
vt 5.0 2.8125
vt 5.0 0.84375
vt 7.5 0.84375
vt 7.5 2.8125
vt 5.0 0.5
vt 7.5 0.5
vt 4.8125 2.75
vt 4.8125 0.75
vt 5.0 0.84375
vt 5.0 2.8125
vt 4.8125 3.0
vt 5.0 3.0
vt 4.8125 0.5
vt 5.0 0.5
vt 5.0 3.0
vt 7.5 3.0
vt 7.5 2.8125
vt 7.5 0.84375
vt 7.6875 0.75
vt 7.6875 2.75
vt 7.5 3.0
vt 7.6875 3.0
vt 7.5 0.5
vt 7.6875 0.5
vt -10.1875 -1.0
vt -10.1875 -1.5
vt -10.0 -1.5
vt -10.0 -1.0
vt -10.1875 -1.0
vt -10.1875 -1.5
vt -10.0 -1.5
vt -10.0 -1.0
vt -10.1875 -1.0
vt -10.1875 -1.5
vt -10.0 -1.5
vt -10.0 -1.0
vt -10.1875 -1.0
vt -10.1875 -1.5
vt -10.0 -1.5
vt -10.0 -1.0
vt -1.5 -1.0
vt -1.5 -1.0
vt -1.5 0.0
vt -1.5 0.0
vt -1.5 -1.0
vt -1.5 0.0
vt -1.5 -1.0
vt -1.5 0.0
vt 1.5 -2.1875
vt -3.5 -2.1875
vt -3.5 -1.4375
vt 1.5 -1.4375
vt -1.5 -1.0
vt -1.5 -1.0
vt -1.5 0.0
vt -1.5 -1.0
vt -1.5 -1.0
vt -1.5 0.0
vt 1.5 -1.0
vt 3.0 -1.0
vt 3.0 -0.8125
vt 1.5 -0.8125
vt 3.0 -1.0
vt 3.0 0.0
vt 0.0 0.0
vt 0.0 -1.0
vt 0.0 -0.5
vt 3.0 -0.5
vt 3.0 0.0
vt 0.0 0.0
vt 3.0 -1.0
vt 3.0 0.0
vt 0.0 0.0
vt 0.0 -1.0
vt 1.0 -1.5
vt 1.0 -1.0
vt 0.0 -1.0
vt 0.0 -1.5
vt 0.0 -1.5
vt 1.0 -1.5
vt 1.0 -2.5
vt 0.0 -2.5
vt 1.0 -1.5
vt 0.0 -1.5
vt 0.0 -2.5
vt 1.0 -2.5
vt 1.0 -1.0
vt 0.0 -1.0
vt 1.0 -0.5
vt 0.0 -1.0
vt 1.0 -1.0
vt 1.0 -0.5
vt 0.0 -2.5
vt 0.0 -1.5
vt 1.0 -1.5
vt 1.0 -2.5
vt 0.0 -1.0
vt 1.0 -1.0
vt 1.0 -2.5
vt 0.0 -2.5
vt 1.0 -4.5
vt 1.0 -3.5
vt -3.0 -3.5
vt -3.0 -4.5
vt 1.0 -3.0
vt -3.0 -3.0
vt 1.0 -3.0
vt -3.0 -3.0
vt -3.5 -2.1875
vt 1.5 -2.1875
vt 1.0 -5.5
vt -3.0 -5.5
vt 0.0 0.0
vt -1.0 0.0
vt -1.0 -0.5
vt 0.0 -0.5
vt 0.0 0.0
vt -1.0 0.0
vt -1.0 -0.5
vt 0.0 -0.5
vt 0.0 0.0
vt -1.0 0.0
vt -1.0 -0.5
vt 0.0 -0.5
vt 0.0 0.0
vt -1.0 0.0
vt -1.0 -0.5
vt 0.0 -0.5
vt 3.0 0.0
vt -3.0 0.0
vt -2.0 -1.0
vt 4.0 -1.0
vt -3.0 0.0
vt 3.0 0.0
vt 4.0 -1.0
vt -2.0 -1.0
vt -2.0 -0.5
vt -2.25 -0.25
vt -2.570313 -0.070312
vt -3.0 -0.5
vt 0.0 0.0
vt 0.0 -0.5
vt -5.0 -0.5
vt -5.0 0.0
vt 0.0 0.0
vt 0.0 -0.5
vt -5.0 -0.5
vt -5.0 0.0
vt -2.0 -0.5
vt -3.0 -0.5
vt -2.570313 -0.070312
vt -2.25 -0.25
vt 0.0 0.0
vt -5.0 0.0
vt -5.0 -0.5
vt 0.0 -0.5
vt 0.0 0.0
vt -5.0 0.0
vt -5.0 -0.5
vt 0.0 -0.5
vt -5.0 0.0
vt 0.0 0.0
vt 0.0 -1.0
vt -5.0 -1.0
vt -5.0 0.0
vt -5.0 -1.0
vt 0.0 -1.0
vt 0.0 0.0
vt -2.5 0.0
vt -3.0 -1.0
vt -2.0 -1.0
vt -1.0 0.0
vt 0.0 -1.0
vt -2.0 -1.0
vt 0.0 0.0
vt -1.0 0.0
vt 0.0 -1.0
vt -2.5 0.0
vt -3.0 -1.0
vt -2.0 -1.0
vt -1.0 0.0
vt -2.0 -1.0
vt 0.0 -1.0
vt 0.0 0.0
vt 0.0 -1.0
vt -1.0 0.0
vt -1.0 0.0
vt -1.0 -1.0
vt 0.0 -1.0
vt 0.0 0.0
vt -1.0 0.0
vt -1.0 -1.0
vt 0.0 -1.0
vt 0.0 0.0
vt -1.0 0.0
vt -1.0 -1.0
vt 0.0 -1.0
vt 0.0 0.0
vt -1.0 0.0
vt -1.0 -1.0
vt 0.0 -1.0
vt 0.0 0.0
vt -1.0 -1.0
vt 0.0 -1.0
vt -0.5 0.0
vt -1.0 -1.0
vt 0.0 -1.0
vt -0.5 0.0
vt 1.0 0.0
vt 1.0 -1.0
vt 0.0 -1.0
vt 0.0 0.0
vt 0.0 0.0
vt 0.0 -1.0
vt 1.0 -1.0
vt 1.0 0.0
vt 1.0 0.0
vt 1.0 -1.0
vt 0.0 -1.0
vt 0.0 0.0
vt 0.0 0.0
vt 0.0 -1.0
vt 1.0 -1.0
vt 1.0 0.0
vt -1.5 0.0
vt -1.5 -1.0
vt -1.5 0.0
vt -1.5 -1.0
vt -1.5 -1.0
vt -1.5 -1.0
vt -1.5 0.0
vt -1.5 0.0
vt -1.5 0.0
vt -1.5 -1.0
vt 1.5 -1.4375
vt -3.5 -1.4375
vt -3.5 -1.0
vt 1.5 -1.0
vt -1.5 -1.0
vt -1.5 0.0
vt 1.0 0.0
vt -4.0 0.0
vt -4.0 -1.0
vt 1.0 -1.0
vt 5.0 2.8125
vt 5.0 0.84375
vt 7.5 0.84375
vt 7.5 2.8125
vt 5.0 0.5
vt 7.5 0.5
vt 4.8125 2.75
vt 4.8125 0.75
vt 5.0 0.84375
vt 5.0 2.8125
vt 4.8125 3.0
vt 5.0 3.0
vt 4.8125 0.5
vt 5.0 0.5
vt 5.0 3.0
vt 7.5 3.0
vt 7.5 2.8125
vt 7.5 0.84375
vt 7.6875 0.75
vt 7.6875 2.75
vt 7.5 3.0
vt 7.6875 3.0
vt 7.5 0.5
vt 7.6875 0.5
vt -10.1875 -1.0
vt -10.1875 -1.5
vt -10.0 -1.5
vt -10.0 -1.0
vt -10.1875 -1.0
vt -10.1875 -1.5
vt -10.0 -1.5
vt -10.0 -1.0
vt -10.1875 -1.0
vt -10.1875 -1.5
vt -10.0 -1.5
vt -10.0 -1.0
vt -10.1875 -1.0
vt -10.1875 -1.5
vt -10.0 -1.5
vt -10.0 -1.0
vt -1.5 -1.0
vt -1.5 -1.0
vt -1.5 0.0
vt -1.5 0.0
vt -1.5 -1.0
vt -1.5 0.0
vt -1.5 -1.0
vt -1.5 0.0
vt 1.5 -2.1875
vt -3.5 -2.1875
vt -3.5 -1.4375
vt 1.5 -1.4375
vt -1.5 -1.0
vt -1.5 -1.0
vt -1.5 0.0
vt -1.5 -1.0
vt -1.5 -1.0
vt -1.5 0.0
vt 1.5 -1.0
vt 3.0 -1.0
vt 3.0 -0.8125
vt 1.5 -0.8125
vt 3.0 -1.0
vt 3.0 0.0
vt 0.0 0.0
vt 0.0 -1.0
vt 0.0 -0.5
vt 3.0 -0.5
vt 3.0 0.0
vt 0.0 0.0
vt 3.0 -1.0
vt 3.0 0.0
vt 0.0 0.0
vt 0.0 -1.0
vt 1.0 -1.5
vt 1.0 -1.0
vt 0.0 -1.0
vt 0.0 -1.5
vt 0.0 -1.5
vt 1.0 -1.5
vt 1.0 -2.5
vt 0.0 -2.5
vt 1.0 -1.5
vt 0.0 -1.5
vt 0.0 -2.5
vt 1.0 -2.5
vt 1.0 -1.0
vt 0.0 -1.0
vt 1.0 -0.5
vt 0.0 -1.0
vt 1.0 -1.0
vt 1.0 -0.5
vt 0.0 -2.5
vt 0.0 -1.5
vt 1.0 -1.5
vt 1.0 -2.5
vt 0.0 -1.0
vt 1.0 -1.0
vt 1.0 -2.5
vt 0.0 -2.5
vt 1.0 -4.5
vt 1.0 -3.5
vt -3.0 -3.5
vt -3.0 -4.5
vt 1.0 -3.0
vt -3.0 -3.0
vt 1.0 -3.0
vt -3.0 -3.0
vt -3.5 -2.1875
vt 1.5 -2.1875
vt 1.0 -5.5
vt -3.0 -5.5
vt 0.0 0.0
vt -1.0 0.0
vt -1.0 -0.5
vt 0.0 -0.5
vt 0.0 0.0
vt -1.0 0.0
vt -1.0 -0.5
vt 0.0 -0.5
vt 0.0 0.0
vt -1.0 0.0
vt -1.0 -0.5
vt 0.0 -0.5
vt 0.0 0.0
vt -1.0 0.0
vt -1.0 -0.5
vt 0.0 -0.5
vt 3.0 0.0
vt -3.0 0.0
vt -2.0 -1.0
vt 4.0 -1.0
vt -3.0 0.0
vt 3.0 0.0
vt 4.0 -1.0
vt -2.0 -1.0
vt -2.0 -0.5
vt -2.25 -0.25
vt -2.570313 -0.070312
vt -3.0 -0.5
vt 0.0 0.0
vt 0.0 -0.5
vt -5.0 -0.5
vt -5.0 0.0
vt 0.0 0.0
vt 0.0 -0.5
vt -5.0 -0.5
vt -5.0 0.0
vt -2.0 -0.5
vt -3.0 -0.5
vt -2.570313 -0.070312
vt -2.25 -0.25
vt 0.0 0.0
vt -5.0 0.0
vt -5.0 -0.5
vt 0.0 -0.5
vt 0.0 0.0
vt -5.0 0.0
vt -5.0 -0.5
vt 0.0 -0.5
vt -5.0 0.0
vt 0.0 0.0
vt 0.0 -1.0
vt -5.0 -1.0
vt -5.0 0.0
vt -5.0 -1.0
vt 0.0 -1.0
vt 0.0 0.0
vt -2.5 0.0
vt -3.0 -1.0
vt -2.0 -1.0
vt -1.0 0.0
vt 0.0 -1.0
vt -2.0 -1.0
vt 0.0 0.0
vt -1.0 0.0
vt 0.0 -1.0
vt -2.5 0.0
vt -3.0 -1.0
vt -2.0 -1.0
vt -1.0 0.0
vt -2.0 -1.0
vt 0.0 -1.0
vt 0.0 0.0
vt 0.0 -1.0
vt -1.0 0.0
vt -1.0 0.0
vt -1.0 -1.0
vt 0.0 -1.0
vt 0.0 0.0
vt -1.0 0.0
vt -1.0 -1.0
vt 0.0 -1.0
vt 0.0 0.0
vt -1.0 0.0
vt -1.0 -1.0
vt 0.0 -1.0
vt 0.0 0.0
vt -1.0 0.0
vt -1.0 -1.0
vt 0.0 -1.0
vt 0.0 0.0
vt -1.0 -1.0
vt 0.0 -1.0
vt -0.5 0.0
vt -1.0 -1.0
vt 0.0 -1.0
vt -0.5 0.0
vt 1.0 0.0
vt 1.0 -1.0
vt 0.0 -1.0
vt 0.0 0.0
vt 0.0 0.0
vt 0.0 -1.0
vt 1.0 -1.0
vt 1.0 0.0
vt 1.0 0.0
vt 1.0 -1.0
vt 0.0 -1.0
vt 0.0 0.0
vt 0.0 0.0
vt 0.0 -1.0
vt 1.0 -1.0
vt 1.0 0.0
vt -1.5 0.0
vt -1.5 -1.0
vt -1.5 0.0
vt -1.5 -1.0
vt -1.5 -1.0
vt -1.5 -1.0
vt -1.5 0.0
vt -1.5 0.0
vt -1.5 0.0
vt -1.5 -1.0
vt 1.5 -1.4375
vt -3.5 -1.4375
vt -3.5 -1.0
vt 1.5 -1.0
vt -1.5 -1.0
vt -1.5 0.0
vt 1.0 0.0
vt -4.0 0.0
vt -4.0 -1.0
vt 1.0 -1.0
vt 5.0 2.8125
vt 5.0 0.84375
vt 7.5 0.84375
vt 7.5 2.8125
vt 5.0 0.5
vt 7.5 0.5
vt 4.8125 2.75
vt 4.8125 0.75
vt 5.0 0.84375
vt 5.0 2.8125
vt 4.8125 3.0
vt 5.0 3.0
vt 4.8125 0.5
vt 5.0 0.5
vt 5.0 3.0
vt 7.5 3.0
vt 7.5 2.8125
vt 7.5 0.84375
vt 7.6875 0.75
vt 7.6875 2.75
vt 7.5 3.0
vt 7.6875 3.0
vt 7.5 0.5
vt 7.6875 0.5
vt -10.1875 -1.0
vt -10.1875 -1.5
vt -10.0 -1.5
vt -10.0 -1.0
vt -10.1875 -1.0
vt -10.1875 -1.5
vt -10.0 -1.5
vt -10.0 -1.0
vt -10.1875 -1.0
vt -10.1875 -1.5
vt -10.0 -1.5
vt -10.0 -1.0
vt -10.1875 -1.0
vt -10.1875 -1.5
vt -10.0 -1.5
vt -10.0 -1.0
vt -1.5 -1.0
vt -1.5 -1.0
vt -1.5 0.0
vt -1.5 0.0
vt -1.5 -1.0
vt -1.5 0.0
vt -1.5 -1.0
vt -1.5 0.0
vt 1.5 -2.1875
vt -3.5 -2.1875
vt -3.5 -1.4375
vt 1.5 -1.4375
vt -1.5 -1.0
vt -1.5 -1.0
vt -1.5 0.0
vt -1.5 -1.0
vt -1.5 -1.0
vt -1.5 0.0
vt 0.0 -1.0
vt -1.0 -1.0
vt -1.0 -2.0
vt 0.0 -2.0
vt 0.0 0.0
vt 0.0 -1.0
vt -1.0 -1.0
vt -1.0 0.0
vt 0.0 0.0
vt -1.0 0.0
vt -1.0 -1.0
vt 0.0 -1.0
vt 0.0 -2.0
vt 0.0 -1.0
vt -1.0 -1.0
vt -1.0 -2.0
vt 0.0 -1.0
vt -1.0 -1.0
vt -1.0 -2.0
vt 0.0 -2.0
vt 0.0 0.0
vt 0.0 -1.0
vt -1.0 -1.0
vt -1.0 0.0
vt 0.0 0.0
vt -1.0 0.0
vt -1.0 -1.0
vt 0.0 -1.0
vt 0.0 -2.0
vt 0.0 -1.0
vt -1.0 -1.0
vt -1.0 -2.0
vt 0.0 0.0
vt 0.0 -1.0
vt 1.0 -1.0
vt 1.0 0.0
vt 5.3E-5 2.2E-5
vt 5.4E-5 -0.999978
vt 1.000053 -0.999978
vt 1.000003 -1.42E-4
vt 0.0 0.001992
vt 1.0 0.001992
vt 1.0 0.998008
vt 0.0 0.998008
vt 0.0 0.0
vt 0.5 -1.0
vt 1.0 0.0
vt 0.0 -1.0
vt 1.0 -1.0
vt 0.500579 -8.2E-5
vt 0.0 -0.999918
vt 1.0 -0.999918
vt 0.0 0.001992
vt 1.0 0.001992
vt 1.0 0.998008
vt 0.0 0.998008
vt 0.125 -0.957031
vt 0.5 -0.832031
vt 0.5 -0.644531
vt -0.015625 -0.816406
vt 0.0 -1.332031
vt -0.1875 -1.332031
vt 0.003906 -1.0
vt 1.0 -1.0
vt 1.0 0.0
vt 0.003906 0.0
vt -1.0 -1.0
vt -1.0 0.0
vt 1.0 0.0
vt 0.003906 0.0
vt 0.003906 -1.0
vt 1.0 -1.0
vt -1.0 0.0
vt -1.0 -1.0
vt -1.0 -0.5
vt 0.003906 -0.5
vt 0.003906 0.0
vt -1.0 0.0
vt 1.0 -0.5
vt 1.0 0.0
vt 0.0 -1.0
vt -1.0 -1.0
vt -1.0 -2.0
vt 0.0 -2.0
vt 0.0 0.0
vt 0.0 -1.0
vt -1.0 -1.0
vt -1.0 0.0
vt 0.0 0.0
vt -1.0 0.0
vt -1.0 -1.0
vt 0.0 -1.0
vt 0.0 -2.0
vt 0.0 -1.0
vt -1.0 -1.0
vt -1.0 -2.0
vt 2.0 -1.0
vt 4.0 -1.0
vt 4.0 -0.8125
vt 2.0 -0.8125
vt 4.0 -1.0
vt 4.0 0.0
vt 0.0 0.0
vt 0.0 -1.0
vt 0.0 -0.5
vt 4.0 -0.5
vt 4.0 0.0
vt 0.0 0.0
vt 4.0 -1.0
vt 4.0 0.0
vt 0.0 0.0
vt 0.0 -1.0
vt 1.5 -1.0
vt 3.0 -1.0
vt 3.0 -0.8125
vt 1.5 -0.8125
vt 3.0 -1.0
vt 3.0 0.0
vt 0.0 0.0
vt 0.0 -1.0
vt 0.0 -0.5
vt 3.0 -0.5
vt 3.0 0.0
vt 0.0 0.0
vt 3.0 -1.0
vt 3.0 0.0
vt 0.0 0.0
vt 0.0 -1.0
vt 1.5 -1.0
vt 3.0 -1.0
vt 3.0 -0.8125
vt 1.5 -0.8125
vt 3.0 -1.0
vt 3.0 0.0
vt 0.0 0.0
vt 0.0 -1.0
vt 0.0 -0.5
vt 3.0 -0.5
vt 3.0 0.0
vt 0.0 0.0
vt 3.0 -1.0
vt 3.0 0.0
vt 0.0 0.0
vt 0.0 -1.0
vt 0.0 0.0
vt 0.5 -1.0
vt 1.0 0.0
vt 0.0 -1.0
vt 1.0 -1.0
vt 0.0 -0.999918
vt 1.0 -0.999918
vt 1.0 0.998008
vt 0.0 0.998008
vt 0.500579 -8.2E-5
vt 0.0 0.001992
vt 1.0 0.001992
vt 0.0 0.0
vt 0.0 -1.0
vt 6.0 -1.0
vt 6.0 0.0
vt 6.0003185 -0.999978
vt 3.18E-4 2.2E-5
vt 6.0 0.998008
vt 0.0 0.998008
vt 6.000018 -1.42E-4
vt 0.0 0.001992
vt 6.0 0.001992
vt 3.24E-4 -0.999978
vt 0.0 0.0
vt 0.0 -1.0
vt 1.0 -1.0
vt 1.0 0.0
vt 0.0 0.0
vt 0.0 -1.0
vt 1.0 -1.0
vt 1.0 0.0
vt 5.3E-5 2.2E-5
vt 5.4E-5 -0.999978
vt 1.000053 -0.999978
vt 1.000003 -1.42E-4
vt 5.3E-5 2.2E-5
vt 5.4E-5 -0.999978
vt 1.000053 -0.999978
vt 1.000003 -1.42E-4
vt 0.001343 0.001992
vt 1.00034 0.001992
vt 1.00034 0.998008
vt 0.001343 0.998008
vt -0.0 0.001992
vt 1.0 0.001992
vt 1.0 0.998008
vt -0.0 0.998008
vt 0.0 0.0
vt 0.5 -1.0
vt 1.0 0.0
vt 0.0 -1.0
vt 1.0 -1.0
vt 0.0 -0.999918
vt 1.0 -0.999918
vt 1.0 0.998008
vt 0.0 0.998008
vt 0.500579 -8.2E-5
vt 0.0 0.001992
vt 1.0 0.001992
vt 0.0 0.0
vt 0.0 -1.0
vt 2.0 -1.0
vt 2.0 0.0
vt 2.000106 -0.999978
vt 1.06E-4 2.2E-5
vt 2.0 0.998008
vt 0.0 0.998008
vt 2.000006 -1.42E-4
vt 0.0 0.001992
vt 2.0 0.001992
vt 1.08E-4 -0.999978
vt 0.0 0.0
vt 0.0 -1.0
vt 1.0 -1.0
vt 1.0 0.0
vt 0.0 0.0
vt 0.0 -1.0
vt 1.0 -1.0
vt 1.0 0.0
vt 5.3E-5 2.2E-5
vt 5.4E-5 -0.999978
vt 1.000053 -0.999978
vt 1.000003 -1.42E-4
vt 5.3E-5 2.2E-5
vt 5.4E-5 -0.999978
vt 1.000053 -0.999978
vt 1.000003 -1.42E-4
vt 0.001343 0.001992
vt 1.00034 0.001992
vt 1.00034 0.998008
vt 0.001343 0.998008
vt -0.0 0.001992
vt 1.0 0.001992
vt 1.0 0.998008
vt -0.0 0.998008
vt 0.0 0.0
vt 0.0 -1.0
vt 1.0 -1.0
vt 1.0 0.0
vt 1.000053 -0.999978
vt 5.3E-5 2.2E-5
vt 1.0 0.998008
vt 0.0 0.998008
vt 1.000003 -1.42E-4
vt 0.0 0.001992
vt 1.0 0.001992
vt 5.4E-5 -0.999978
vt 0.0 -1.0
vt -1.0 -1.0
vt -1.0 -2.0
vt 0.0 -2.0
vt 0.0 0.0
vt 0.0 -1.0
vt -1.0 -1.0
vt -1.0 0.0
vt 0.0 0.0
vt -1.0 0.0
vt -1.0 -1.0
vt 0.0 -1.0
vt 0.0 -2.0
vt 0.0 -1.0
vt -1.0 -1.0
vt -1.0 -2.0
vt 0.0 0.0
vt 0.0 -1.0
vt 8.0 -1.0
vt 8.0 0.0
vt 8.000424 -0.999978
vt 4.24E-4 2.2E-5
vt 8.0 0.998008
vt 0.0 0.998008
vt 8.000024 -1.42E-4
vt 0.0 0.001992
vt 8.0 0.001992
vt 4.32E-4 -0.999978
vt 0.0 0.0
vt 0.0 -1.0
vt 2.0 -1.0
vt 2.0 0.0
vt 2.000106 -0.999978
vt 1.06E-4 2.2E-5
vt 2.0 0.998008
vt 0.0 0.998008
vt 2.000006 -1.42E-4
vt 0.0 0.001992
vt 2.0 0.001992
vt 1.08E-4 -0.999978
vt -1.890625 -0.0625
vt -1.984375 -0.0625
vt -1.984375 -0.4375
vt -1.890625 -0.4375
vt -0.375 -0.4375
vt -0.835938 -0.4375
vt -0.835938 -18.0
vt -0.375 -18.0
vt -1.980469 -0.546875
vt -1.980469 -0.703125
vt -1.894531 -0.703125
vt -1.894531 -0.546875
vt -1.980469 -0.546875
vt -1.980469 -0.703125
vt -1.894531 -0.703125
vt -1.894531 -0.546875
vt -1.890625 -0.0625
vt -1.984375 -0.0625
vt -1.984375 -0.4375
vt -1.890625 -0.4375
vt -1.9375 -0.875
vt -1.9375 -0.875
vt -1.9375 -0.875
vt -1.9375 -0.875
vt -0.835938 0.0
vt -0.375 0.0
vt -0.375 -0.4375
vt -0.835938 -0.4375
vt -0.835938 -0.4375
vt -0.835938 -18.0
vt -1.9375 -0.875
vt -1.9375 -0.875
vt -1.9375 -0.875
vt -1.9375 -0.875
vt -1.9375 -0.875
vt -1.9375 -0.875
vt -1.9375 -0.875
vt -1.9375 -0.875
vt -0.835938 0.0
vt -0.835938 -0.4375
vt -1.9375 -0.875
vt -1.9375 -0.875
vt -1.9375 -0.875
vt -1.9375 -0.875
vt -1.9375 -0.875
vt -1.9375 -0.875
vt -1.9375 -0.875
vt -1.9375 -0.875
vt -1.9375 -0.875
vt -1.9375 -0.875
vt 2.5 -1.0
vt -1.5 -1.0
vt -1.5 0.0
vt 2.5 -1.0
vt -1.5 0.0
vt -1.5 -1.0
vt -1.5 -1.0
vt -1.5 0.0
vt 2.5 0.0
vt 3.5 -1.0
vt -1.5 -1.0
vt 3.5 -1.0
vt 2.5 0.0
vt -1.5 0.0
vt 0.0 0.0
vt 0.5 -1.0
vt 1.0 0.0
vt 0.0 -1.0
vt 1.0 -1.0
vt 0.0 -0.999918
vt 1.0 -0.999918
vt 1.0 0.998008
vt 0.0 0.998008
vt 0.500579 -8.2E-5
vt 0.0 0.001992
vt 1.0 0.001992
vt 0.0 0.0
vt 0.0 -1.0
vt 7.0 -1.0
vt 7.0 0.0
vt 7.0003715 -0.999978
vt 3.71E-4 2.2E-5
vt 7.0 0.998008
vt 0.0 0.998008
vt 7.000021 -1.42E-4
vt 0.0 0.001992
vt 7.0 0.001992
vt 3.78E-4 -0.999978
vt 0.0 0.0
vt 0.0 -1.0
vt 1.0 -1.0
vt 1.0 0.0
vt 0.0 0.0
vt 0.0 -1.0
vt 1.0 -1.0
vt 1.0 0.0
vt 5.3E-5 2.2E-5
vt 5.4E-5 -0.999978
vt 1.000053 -0.999978
vt 1.000003 -1.42E-4
vt 5.3E-5 2.2E-5
vt 5.4E-5 -0.999978
vt 1.000053 -0.999978
vt 1.000003 -1.42E-4
vt 0.001343 0.001992
vt 1.00034 0.001992
vt 1.00034 0.998008
vt 0.001343 0.998008
vt -0.0 0.001992
vt 1.0 0.001992
vt 1.0 0.998008
vt -0.0 0.998008
vt 0.0 -0.984375
vt -1.0 -0.984375
vt -0.5 -0.015625
vt 0.0 -0.984375
vt -1.0 -0.984375
vt 0.0 -0.984375
vt -0.5 -0.015625
vt -1.0 -0.984375
vt 1.0 1.0
vt 0.0 1.0
vt 0.0 0.0
vt 1.0 0.0
vt 0.859375 -0.234375
vt 0.140625 -0.234375
vt 0.140625 -0.8125
vt 0.859375 -0.8125
vt 0.859375 -0.234375
vt 0.140625 -0.234375
vt 0.140625 -0.8125
vt 0.859375 -0.8125
vt 0.859375 -0.234375
vt 0.140625 -0.234375
vt 0.140625 -0.8125
vt 0.859375 -0.8125
vt 0.859375 -0.234375
vt 0.140625 -0.234375
vt 0.140625 -0.8125
vt 0.859375 -0.8125
vt 2.0 0.0
vt 1.0 0.0
vt 1.0 -1.0
vt 2.0 -1.0
vt 2.0 0.0
vt 1.0 0.0
vt 1.0 -1.0
vt 2.0 -1.0
vt 0.875 -0.125
vt 0.125 -0.125
vt 0.125 -0.875
vt 0.875 -0.875
vt 0.0 0.0
vt 0.0 -1.0
vt 4.0 -1.0
vt 4.0 0.0
vt 4.000212 -0.999978
vt 2.12E-4 2.2E-5
vt 4.0 0.998008
vt 0.0 0.998008
vt 4.000012 -1.42E-4
vt 0.0 0.001992
vt 4.0 0.001992
vt 2.16E-4 -0.999978
vt 0.0 -1.0
vt -1.0 -1.0
vt -1.0 -2.0
vt 0.0 -2.0
vt 0.0 0.0
vt 0.0 -1.0
vt -1.0 -1.0
vt -1.0 0.0
vt 0.0 0.0
vt -1.0 0.0
vt -1.0 -1.0
vt 0.0 -1.0
vt 0.0 -2.0
vt 0.0 -1.0
vt -1.0 -1.0
vt -1.0 -2.0
vt 0.0 0.0
vt 0.0 -1.0
vt 8.0 -1.0
vt 8.0 0.0
vt 8.000424 -0.999978
vt 4.24E-4 2.2E-5
vt 8.0 0.998008
vt 0.0 0.998008
vt 8.000024 -1.42E-4
vt 0.0 0.001992
vt 8.0 0.001992
vt 4.32E-4 -0.999978
vt 0.0 -1.0
vt -1.0 -1.0
vt -1.0 -2.0
vt 0.0 -2.0
vt 0.0 0.0
vt 0.0 -1.0
vt -1.0 -1.0
vt -1.0 0.0
vt 0.0 0.0
vt -1.0 0.0
vt -1.0 -1.0
vt 0.0 -1.0
vt 0.0 -2.0
vt 0.0 -1.0
vt -1.0 -1.0
vt -1.0 -2.0
vt 0.0 -1.0
vt -1.0 -1.0
vt -1.0 -2.0
vt 0.0 -2.0
vt 0.0 0.0
vt 0.0 -1.0
vt -1.0 -1.0
vt -1.0 0.0
vt 0.0 0.0
vt -1.0 0.0
vt -1.0 -1.0
vt 0.0 -1.0
vt 0.0 -2.0
vt 0.0 -1.0
vt -1.0 -1.0
vt -1.0 -2.0
vt 0.0 0.0
vt 0.5 -1.0
vt 1.0 0.0
vt 0.0 -1.0
vt 1.0 -1.0
vt 0.0 -0.999918
vt 1.0 -0.999918
vt 1.0 0.998008
vt 0.0 0.998008
vt 0.500579 -8.2E-5
vt 0.0 0.001992
vt 1.0 0.001992
vt -1.890625 -0.0625
vt -1.984375 -0.0625
vt -1.984375 -0.4375
vt -1.890625 -0.4375
vt -0.375 -0.4375
vt -0.835938 -0.4375
vt -0.835938 -18.0
vt -0.375 -18.0
vt -1.980469 -0.546875
vt -1.980469 -0.703125
vt -1.894531 -0.703125
vt -1.894531 -0.546875
vt -1.980469 -0.546875
vt -1.980469 -0.703125
vt -1.894531 -0.703125
vt -1.894531 -0.546875
vt -1.890625 -0.0625
vt -1.984375 -0.0625
vt -1.984375 -0.4375
vt -1.890625 -0.4375
vt -1.9375 -0.875
vt -1.9375 -0.875
vt -1.9375 -0.875
vt -1.9375 -0.875
vt -0.835938 0.0
vt -0.375 0.0
vt -0.375 -0.4375
vt -0.835938 -0.4375
vt -0.835938 -0.4375
vt -0.835938 -18.0
vt -1.9375 -0.875
vt -1.9375 -0.875
vt -1.9375 -0.875
vt -1.9375 -0.875
vt -1.9375 -0.875
vt -1.9375 -0.875
vt -1.9375 -0.875
vt -1.9375 -0.875
vt -0.835938 0.0
vt -0.835938 -0.4375
vt -1.9375 -0.875
vt -1.9375 -0.875
vt -1.9375 -0.875
vt -1.9375 -0.875
vt -1.9375 -0.875
vt -1.9375 -0.875
vt -1.9375 -0.875
vt -1.9375 -0.875
vt -1.9375 -0.875
vt -1.9375 -0.875
vt 2.5 -1.0
vt -1.5 -1.0
vt -1.5 0.0
vt 2.5 -1.0
vt -1.5 0.0
vt -1.5 -1.0
vt -1.5 -1.0
vt -1.5 0.0
vt 2.5 0.0
vt 3.5 -1.0
vt -1.5 -1.0
vt 3.5 -1.0
vt 2.5 0.0
vt -1.5 0.0
vt 0.0 0.0
vt 0.0 -1.0
vt 1.0 -1.0
vt 1.0 0.0
vt 0.0 0.0
vt 0.0 -1.0
vt 1.0 -1.0
vt 1.0 0.0
vt 5.3E-5 2.2E-5
vt 5.4E-5 -0.999978
vt 1.000053 -0.999978
vt 1.000003 -1.42E-4
vt 5.3E-5 2.2E-5
vt 5.4E-5 -0.999978
vt 1.000053 -0.999978
vt 1.000003 -1.42E-4
vt 0.001343 0.001992
vt 1.00034 0.001992
vt 1.00034 0.998008
vt 0.001343 0.998008
vt -0.0 0.001992
vt 1.0 0.001992
vt 1.0 0.998008
vt -0.0 0.998008
vt 0.0 0.0
vt 0.0 -1.0
vt 1.0 -1.0
vt 1.0 0.0
vt 1.000053 -0.999978
vt 5.3E-5 2.2E-5
vt 1.0 0.998008
vt 0.0 0.998008
vt 1.000003 -1.42E-4
vt 0.0 0.001992
vt 1.0 0.001992
vt 5.4E-5 -0.999978
vt 0.0 0.0
vt 0.5 -1.0
vt 1.0 0.0
vt 0.0 -1.0
vt 1.0 -1.0
vt 0.500579 -8.2E-5
vt 0.0 -0.999918
vt 1.0 -0.999918
vt 0.0 0.001992
vt 1.0 0.001992
vt 1.0 0.998008
vt 0.0 0.998008
vt 0.0 -1.0
vt -1.0 -1.0
vt -1.0 -2.0
vt 0.0 -2.0
vt 0.0 0.0
vt 0.0 -1.0
vt -1.0 -1.0
vt -1.0 0.0
vt 0.0 0.0
vt -1.0 0.0
vt -1.0 -1.0
vt 0.0 -1.0
vt 0.0 -2.0
vt 0.0 -1.0
vt -1.0 -1.0
vt -1.0 -2.0
vt 0.0 -1.0
vt -1.0 -1.0
vt -1.0 -2.0
vt 0.0 -2.0
vt 0.0 0.0
vt 0.0 -1.0
vt -1.0 -1.0
vt -1.0 0.0
vt 0.0 0.0
vt -1.0 0.0
vt -1.0 -1.0
vt 0.0 -1.0
vt 0.0 -2.0
vt 0.0 -1.0
vt -1.0 -1.0
vt -1.0 -2.0
vt 0.0 0.0
vt 0.0 -1.0
vt 8.0 -1.0
vt 8.0 0.0
vt 8.000424 -0.999978
vt 4.24E-4 2.2E-5
vt 8.0 0.998008
vt 0.0 0.998008
vt 8.000024 -1.42E-4
vt 0.0 0.001992
vt 8.0 0.001992
vt 4.32E-4 -0.999978
vt 0.0 0.0
vt 0.0 -1.0
vt 8.0 -1.0
vt 8.0 0.0
vt 8.000424 -0.999978
vt 4.24E-4 2.2E-5
vt 8.0 0.998008
vt 0.0 0.998008
vt 8.000024 -1.42E-4
vt 0.0 0.001992
vt 8.0 0.001992
vt 4.32E-4 -0.999978
vt 0.0 0.0
vt 0.0 -1.0
vt 5.0 -1.0
vt 5.0 0.0
vt 2.65E-4 2.2E-5
vt 2.7E-4 -0.999978
vt 5.000265 -0.999978
vt 5.000015 -1.42E-4
vt 0.0 0.001992
vt 5.0 0.001992
vt 5.0 0.998008
vt 0.0 0.998008
vt 0.0 -0.984375
vt -1.0 -0.984375
vt -0.5 -0.015625
vt 0.0 -0.984375
vt -1.0 -0.984375
vt 0.0 -0.984375
vt -0.5 -0.015625
vt -1.0 -0.984375
vt 1.0 1.0
vt 0.0 1.0
vt 0.0 0.0
vt 1.0 0.0
vt 0.859375 -0.234375
vt 0.140625 -0.234375
vt 0.140625 -0.8125
vt 0.859375 -0.8125
vt 0.859375 -0.234375
vt 0.140625 -0.234375
vt 0.140625 -0.8125
vt 0.859375 -0.8125
vt 0.859375 -0.234375
vt 0.140625 -0.234375
vt 0.140625 -0.8125
vt 0.859375 -0.8125
vt 0.859375 -0.234375
vt 0.140625 -0.234375
vt 0.140625 -0.8125
vt 0.859375 -0.8125
vt 2.0 0.0
vt 1.0 0.0
vt 1.0 -1.0
vt 2.0 -1.0
vt 2.0 0.0
vt 1.0 0.0
vt 1.0 -1.0
vt 2.0 -1.0
vt 0.875 -0.125
vt 0.125 -0.125
vt 0.125 -0.875
vt 0.875 -0.875
vt 0.0 -1.0
vt -1.0 -1.0
vt -1.0 -2.0
vt 0.0 -2.0
vt 0.0 0.0
vt 0.0 -1.0
vt -1.0 -1.0
vt -1.0 0.0
vt 0.0 0.0
vt -1.0 0.0
vt -1.0 -1.0
vt 0.0 -1.0
vt 0.0 -2.0
vt 0.0 -1.0
vt -1.0 -1.0
vt -1.0 -2.0
vt 0.0 -0.984375
vt -1.0 -0.984375
vt -0.5 -0.015625
vt 0.0 -0.984375
vt -1.0 -0.984375
vt 0.0 -0.984375
vt -0.5 -0.015625
vt -1.0 -0.984375
vt 1.0 1.0
vt 0.0 1.0
vt 0.0 0.0
vt 1.0 0.0
vt 0.859375 -0.234375
vt 0.140625 -0.234375
vt 0.140625 -0.8125
vt 0.859375 -0.8125
vt 0.859375 -0.234375
vt 0.140625 -0.234375
vt 0.140625 -0.8125
vt 0.859375 -0.8125
vt 0.859375 -0.234375
vt 0.140625 -0.234375
vt 0.140625 -0.8125
vt 0.859375 -0.8125
vt 0.859375 -0.234375
vt 0.140625 -0.234375
vt 0.140625 -0.8125
vt 0.859375 -0.8125
vt 2.0 0.0
vt 1.0 0.0
vt 1.0 -1.0
vt 2.0 -1.0
vt 2.0 0.0
vt 1.0 0.0
vt 1.0 -1.0
vt 2.0 -1.0
vt 0.875 -0.125
vt 0.125 -0.125
vt 0.125 -0.875
vt 0.875 -0.875
vt 0.0 -1.0
vt -1.0 -1.0
vt -1.0 -2.0
vt 0.0 -2.0
vt 0.0 0.0
vt 0.0 -1.0
vt -1.0 -1.0
vt -1.0 0.0
vt 0.0 0.0
vt -1.0 0.0
vt -1.0 -1.0
vt 0.0 -1.0
vt 0.0 -2.0
vt 0.0 -1.0
vt -1.0 -1.0
vt -1.0 -2.0
vt 0.0 -1.0
vt -1.0 -1.0
vt -1.0 -2.0
vt 0.0 -2.0
vt 0.0 0.0
vt 0.0 -1.0
vt -1.0 -1.0
vt -1.0 0.0
vt 0.0 0.0
vt -1.0 0.0
vt -1.0 -1.0
vt 0.0 -1.0
vt 0.0 -2.0
vt 0.0 -1.0
vt -1.0 -1.0
vt -1.0 -2.0
vt 0.0 0.0
vt 0.0 -1.0
vt 5.0 -1.0
vt 5.0 0.0
vt 5.000265 -0.999978
vt 2.65E-4 2.2E-5
vt 5.0 0.998008
vt 0.0 0.998008
vt 5.000015 -1.42E-4
vt 0.0 0.001992
vt 5.0 0.001992
vt 2.7E-4 -0.999978
vt 0.0 0.0
vt 0.0 -1.0
vt 1.0 -1.0
vt 1.0 0.0
vt 0.0 0.0
vt 0.0 -1.0
vt 1.0 -1.0
vt 1.0 0.0
vt 5.3E-5 2.2E-5
vt 5.4E-5 -0.999978
vt 1.000053 -0.999978
vt 1.000003 -1.42E-4
vt 5.3E-5 2.2E-5
vt 5.4E-5 -0.999978
vt 1.000053 -0.999978
vt 1.000003 -1.42E-4
vt 0.001343 0.001992
vt 1.00034 0.001992
vt 1.00034 0.998008
vt 0.001343 0.998008
vt -0.0 0.001992
vt 1.0 0.001992
vt 1.0 0.998008
vt -0.0 0.998008
vt 0.0 0.0
vt 0.5 -1.0
vt 1.0 0.0
vt 0.0 -1.0
vt 1.0 -1.0
vt 0.500579 -8.2E-5
vt 0.0 -0.999918
vt 1.0 -0.999918
vt 0.0 0.001992
vt 1.0 0.001992
vt 1.0 0.998008
vt 0.0 0.998008
vt 0.0 -0.984375
vt -1.0 -0.984375
vt -0.5 -0.015625
vt 0.0 -0.984375
vt -1.0 -0.984375
vt 0.0 -0.984375
vt -0.5 -0.015625
vt -1.0 -0.984375
vt 1.0 1.0
vt 0.0 1.0
vt 0.0 0.0
vt 1.0 0.0
vt 0.859375 -0.234375
vt 0.140625 -0.234375
vt 0.140625 -0.8125
vt 0.859375 -0.8125
vt 0.859375 -0.234375
vt 0.140625 -0.234375
vt 0.140625 -0.8125
vt 0.859375 -0.8125
vt 0.859375 -0.234375
vt 0.140625 -0.234375
vt 0.140625 -0.8125
vt 0.859375 -0.8125
vt 0.859375 -0.234375
vt 0.140625 -0.234375
vt 0.140625 -0.8125
vt 0.859375 -0.8125
vt 2.0 0.0
vt 1.0 0.0
vt 1.0 -1.0
vt 2.0 -1.0
vt 2.0 0.0
vt 1.0 0.0
vt 1.0 -1.0
vt 2.0 -1.0
vt 0.875 -0.125
vt 0.125 -0.125
vt 0.125 -0.875
vt 0.875 -0.875
vt 0.0 0.0
vt 0.0 -1.0
vt 1.0 -1.0
vt 1.0 0.0
vt 0.0 -6.0E-5
vt 0.0 -1.0
vt 1.000053 -1.0
vt 1.000003 -6.0E-5
vt 0.0 0.0
vt 0.5 -1.0
vt 1.0 0.0
vt 0.0 -1.0
vt 1.0 -1.0
vt 0.500579 -8.2E-5
vt 0.0 -0.999918
vt 1.0 -0.999918
vt 0.0 0.0
vt 0.0 -1.0
vt 3.0 -1.0
vt 3.0 0.0
vt 1.59E-4 2.2E-5
vt 1.62E-4 -0.999978
vt 3.0001593 -0.999978
vt 3.000009 -1.42E-4
vt 0.0 0.001992
vt 3.0 0.001992
vt 3.0 0.998008
vt 0.0 0.998008
vt 0.0 -1.0
vt -1.0 -1.0
vt -1.0 -2.0
vt 0.0 -2.0
vt 0.0 0.0
vt 0.0 -1.0
vt -1.0 -1.0
vt -1.0 0.0
vt 0.0 0.0
vt -1.0 0.0
vt -1.0 -1.0
vt 0.0 -1.0
vt 0.0 -2.0
vt 0.0 -1.0
vt -1.0 -1.0
vt -1.0 -2.0
vt 0.0 0.0
vt 1.0 0.0
vt 1.0 1.0
vt 0.0 1.0
vt 0.0 0.0
vt 1.0 0.0
vt 1.0 1.0
vt 0.0 1.0
vt 0.0 0.0
vt 1.0 0.0
vt 1.0 1.0
vt 0.0 1.0
vt 0.0 0.0
vt 1.0 0.0
vt 1.0 1.0
vt 0.0 1.0
vt 0.0 0.0
vt 1.0 0.0
vt 1.0 1.0
vt 0.0 1.0
vt 0.0 0.0
vt 0.5 -1.0
vt 1.0 0.0
vt 0.0 -1.0
vt 1.0 -1.0
vt 0.500579 -8.2E-5
vt 0.0 -0.999918
vt 1.0 -0.999918
vt 0.0 0.0
vt 0.0 -1.0
vt 2.0 -1.0
vt 2.0 0.0
vt 0.0 -6.0E-5
vt 0.0 -1.0
vt 2.000106 -1.0
vt 2.000006 -6.0E-5
vt 0.0 0.0
vt 0.0 -1.0
vt 2.0 -1.0
vt 2.0 0.0
vt 2.000106 -0.999978
vt 1.06E-4 2.2E-5
vt 2.0 0.998008
vt 0.0 0.998008
vt 2.000006 -1.42E-4
vt 0.0 0.001992
vt 2.0 0.001992
vt 1.08E-4 -0.999978
vt 0.0 0.0
vt 1.0 0.0
vt 1.0 1.0
vt 0.0 1.0
vt 0.0 0.0
vt 1.0 0.0
vt 1.0 1.0
vt 0.0 1.0
vt 0.0 0.0
vt 1.0 0.0
vt 1.0 1.0
vt 0.0 1.0
vt 0.0 0.0
vt 1.0 0.0
vt 1.0 1.0
vt 0.0 1.0
vt 0.0 0.0
vt 1.0 0.0
vt 1.0 1.0
vt 0.0 1.0
vt 0.0 0.0
vt 0.0 -1.0
vt 2.0 -1.0
vt 2.0 0.0
vt 2.000106 -0.999978
vt 1.06E-4 2.2E-5
vt 2.0 0.998008
vt 0.0 0.998008
vt 2.000006 -1.42E-4
vt 0.0 0.001992
vt 2.0 0.001992
vt 1.08E-4 -0.999978
vt 0.0 0.0
vt 0.5 -1.0
vt 1.0 0.0
vt 0.0 -1.0
vt 1.0 -1.0
vt 0.0 -0.999918
vt 1.0 -0.999918
vt 1.0 0.998008
vt 0.0 0.998008
vt 0.500579 -8.2E-5
vt 0.0 0.001992
vt 1.0 0.001992
vt 0.0 0.0
vt 0.0 -1.0
vt 1.0 -1.0
vt 1.0 0.0
vt 0.0 -6.0E-5
vt 0.0 -1.0
vt 1.000053 -1.0
vt 1.000003 -6.0E-5
vt 0.0 -1.0
vt -1.0 -1.0
vt -1.0 -2.0
vt 0.0 -2.0
vt 0.0 0.0
vt 0.0 -1.0
vt -1.0 -1.0
vt -1.0 0.0
vt 0.0 0.0
vt -1.0 0.0
vt -1.0 -1.0
vt 0.0 -1.0
vt 0.0 -2.0
vt 0.0 -1.0
vt -1.0 -1.0
vt -1.0 -2.0
vt 0.0 0.0
vt 1.0 0.0
vt 1.0 1.0
vt 0.0 1.0
vt 0.0 0.0
vt 1.0 0.0
vt 1.0 1.0
vt 0.0 1.0
vt 0.0 0.0
vt 1.0 0.0
vt 1.0 1.0
vt 0.0 1.0
vt 0.0 0.0
vt 1.0 0.0
vt 1.0 1.0
vt 0.0 1.0
vt 0.0 0.0
vt 1.0 0.0
vt 1.0 1.0
vt 0.0 1.0
vt 0.5 -0.5
vt 0.0 -0.5
vt 0.0 -1.0
vt 0.5 -1.0
vt 0.5 1.0
vt 0.0 1.0
vt 0.0 0.0
vt 0.5 0.0
vt 0.5 -0.5
vt 0.0 -0.5
vt 0.0 -1.0
vt 0.5 -1.0
vt 0.5 1.0
vt 0.0 1.0
vt 0.0 0.0
vt 0.5 0.0
vt -6.0 -0.5
vt -8.0 -0.5
vt -8.0 -1.0
vt -6.0 -1.0
vt 2.0 1.0
vt 0.0 1.0
vt 0.0 0.0
vt 2.0 0.0
vt 1.0 0.0
vt 0.5 0.0
vt 0.5 -0.5
vt 1.0 -0.5
vt 0.0 -0.5
vt 0.0 -1.0
vt 0.5 -1.0
vt 0.5 -0.5
vt 1.0 -0.5
vt 0.5 -0.5
vt 0.5 -1.0
vt 1.0 -1.0
vt 0.0 0.0
vt 0.0 -0.5
vt 0.5 -0.5
vt 0.5 0.0
vt 3.0 1.0
vt 0.0 1.0
vt 0.0 0.0
vt 3.0 0.0
vt 1.0 -0.5
vt 0.5 -0.5
vt 0.5 -1.0
vt 1.0 -1.0
vt 0.5 0.0
vt 0.0 0.0
vt 0.0 -0.5
vt 0.5 -0.5
vt 0.0 0.0
vt 0.0 -0.5
vt 0.5 -0.5
vt 0.5 0.0
vt 2.0 1.0
vt 0.0 1.0
vt 0.0 0.0
vt 2.0 0.0
vt 3.0 1.0
vt 0.0 1.0
vt 0.0 0.0
vt 3.0 0.0
vt 1.0 -0.5
vt 0.5 -0.5
vt 0.5 -1.0
vt 1.0 -1.0
vt 0.5 0.0
vt 0.0 0.0
vt 0.0 -0.5
vt 0.5 -0.5
vt 0.0 0.0
vt 0.0 -0.5
vt 0.5 -0.5
vt 0.5 0.0
vt 0.5 -0.5
vt 0.0 -0.5
vt 0.0 -1.0
vt 0.5 -1.0
vt 0.5 -1.0
vt 1.0 -1.0
vt 1.0 -0.5
vt 0.5 -0.5
vt 0.0 -1.0
vt 0.5 -1.0
vt 0.5 -0.5
vt 0.0 -0.5
vt 0.5 1.0
vt 0.0 1.0
vt 0.0 0.5
vt 0.5 0.5
vt 1.0 1.0
vt 0.5 1.0
vt 0.5 0.5
vt 1.0 0.5
vt 4.0 1.0
vt 0.0 1.0
vt 0.0 0.0
vt 4.0 0.0
vt -12.0 0.0
vt -16.0 0.0
vt -16.0 -0.5
vt -12.0 -0.5
vt -6.0 -0.5
vt -8.0 -0.5
vt -8.0 -1.0
vt -6.0 -1.0
vt 2.0 1.0
vt 0.0 1.0
vt 0.0 0.0
vt 2.0 0.0
vt 0.5 -0.5
vt 0.0 -0.5
vt 0.0 -1.0
vt 0.5 -1.0
vt 1.0 0.0
vt 0.5 0.0
vt 0.5 -0.5
vt 1.0 -0.5
vt 1.0 -0.5
vt 1.0 0.0
vt 0.5 0.0
vt 0.5 -0.5
vt 0.5 0.0
vt 0.0 0.0
vt 0.0 -0.5
vt 0.5 -0.5
vt 0.5 -1.0
vt 1.0 -1.0
vt 1.0 -0.5
vt 0.5 -0.5
vt 1.0 -1.0
vt 1.0 -0.5
vt 0.5 -0.5
vt 0.5 -1.0
vt 1.0 -0.5
vt 0.5 -0.5
vt 0.5 -1.0
vt 1.0 -1.0
vt 0.5 0.0
vt 0.0 0.0
vt 0.0 -0.5
vt 0.5 -0.5
vt 0.0 0.0
vt 0.0 -0.5
vt 0.5 -0.5
vt 0.5 0.0
vt 0.5 1.0
vt 0.0 1.0
vt 0.0 0.0
vt 0.5 0.0
vt 0.5 0.0
vt 0.0 0.0
vt 0.0 -0.5
vt 0.5 -0.5
vt 0.5 -1.0
vt 1.0 -1.0
vt 1.0 -0.5
vt 0.5 -0.5
vt 1.0 -1.0
vt 1.0 -0.5
vt 0.5 -0.5
vt 0.5 -1.0
vt 0.5 -0.5
vt 0.0 -0.5
vt 0.0 -1.0
vt 0.5 -1.0
vt 0.5 -1.0
vt 1.0 -1.0
vt 1.0 -0.5
vt 0.5 -0.5
vt 0.0 -1.0
vt 0.5 -1.0
vt 0.5 -0.5
vt 0.0 -0.5
vt 0.5 1.0
vt 0.0 1.0
vt 0.0 0.5
vt 0.5 0.5
vt 1.0 1.0
vt 0.5 1.0
vt 0.5 0.5
vt 1.0 0.5
vt 1.0 2.0
vt 0.0 2.0
vt 0.0 0.0
vt 1.0 0.0
vt 1.0 0.0
vt 0.5 0.0
vt 0.5 -0.5
vt 1.0 -0.5
vt 0.0 -0.5
vt 0.0 -1.0
vt 0.5 -1.0
vt 0.5 -0.5
vt 1.0 -0.5
vt 0.5 -0.5
vt 0.5 -1.0
vt 1.0 -1.0
vt 0.0 0.0
vt 0.0 -0.5
vt 0.5 -0.5
vt 0.5 0.0
vt 0.5 -0.5
vt 0.0 -0.5
vt 0.0 -1.0
vt 0.5 -1.0
vt 1.0 0.0
vt 0.5 0.0
vt 0.5 -0.5
vt 1.0 -0.5
vt 0.0 -1.0
vt 0.5 -1.0
vt 0.5 -0.5
vt 0.0 -0.5
vt 0.0 -0.5
vt 0.0 -1.0
vt 0.5 -1.0
vt 0.5 -0.5
vt 6.0 1.0
vt 0.0 1.0
vt 0.0 0.0
vt 6.0 0.0
vt 1.5 1.0
vt 1.0 1.0
vt 1.0 0.5
vt 1.5 0.5
vt 0.0 -0.5
vt 0.5 -0.5
vt 0.5 -1.0
vt 0.0 -1.0
vt 0.5 -0.5
vt 0.0 -0.5
vt 0.0 -1.0
vt 0.5 -1.0
vt 0.0 0.0
vt 0.5 0.0
vt 0.5 -0.5
vt 0.0 -0.5
vt 1.0 2.0
vt 0.0 2.0
vt 0.0 0.0
vt 1.0 0.0
vt 0.0 0.0
vt 0.5 0.0
vt 0.5 0.5
vt 0.0 0.5
vt 0.5 0.5
vt 1.0 0.5
vt 1.0 1.0
vt 0.5 1.0
vt 1.0 0.5
vt 0.5 0.5
vt 0.5 0.0
vt 1.0 0.0
vt 0.5 0.5
vt 0.0 0.5
vt 0.0 0.0
vt 0.5 0.0
vt -3.0 -0.5
vt -4.0 -0.5
vt -4.0 -1.0
vt -3.0 -1.0
vt 5.0 1.0
vt 0.0 1.0
vt 0.0 0.0
vt 5.0 0.0
vt -6.0 0.0
vt -8.0 0.0
vt -8.0 -0.5
vt -6.0 -0.5
vt 1.0 2.0
vt 0.5 2.0
vt 0.5 1.0
vt 1.0 1.0
vt 0.5 -1.0
vt 1.0 -1.0
vt 1.0 -0.5
vt 0.5 -0.5
vt 0.0 -1.0
vt 0.5 -1.0
vt 0.5 -0.5
vt 0.0 -0.5
vt 0.5 1.0
vt 0.0 1.0
vt 0.0 0.5
vt 0.5 0.5
vt 1.0 1.0
vt 0.5 1.0
vt 0.5 0.5
vt 1.0 0.5
vt 1.0 1.0
vt 0.0 1.0
vt 0.0 0.0
vt 1.0 0.0
vt -3.0 0.0
vt -4.0 0.0
vt -4.0 -0.5
vt -3.0 -0.5
vt 0.5 -0.5
vt 0.0 -0.5
vt 0.0 -1.0
vt 0.5 -1.0
vt 0.5 1.0
vt 0.0 1.0
vt 0.0 0.0
vt 0.5 0.0
vt 1.0 0.0
vt 0.5 0.0
vt 0.5 -0.5
vt 1.0 -0.5
vt 0.0 -1.0
vt 0.5 -1.0
vt 0.5 -0.5
vt 0.0 -0.5
vt 0.0 -0.5
vt 0.0 -1.0
vt 0.5 -1.0
vt 0.5 -0.5
vt 1.0 0.0
vt 0.5 0.0
vt 0.5 -0.5
vt 1.0 -0.5
vt 0.0 -1.0
vt 0.5 -1.0
vt 0.5 -0.5
vt 0.0 -0.5
vt 0.0 -0.5
vt 0.0 -1.0
vt 0.5 -1.0
vt 0.5 -0.5
vt 8.0 1.0
vt 0.0 1.0
vt 0.0 0.0
vt 8.0 0.0
vt 0.0 0.0
vt 0.5 0.0
vt 0.5 0.5
vt 0.0 0.5
vt 0.5 0.5
vt 1.0 0.5
vt 1.0 1.0
vt 0.5 1.0
vt 1.0 0.5
vt 0.5 0.5
vt 0.5 0.0
vt 1.0 0.0
vt 0.5 0.5
vt 0.0 0.5
vt 0.0 0.0
vt 0.5 0.0
vt -3.0 -0.5
vt -4.0 -0.5
vt -4.0 -1.0
vt -3.0 -1.0
vt 8.0 2.0
vt 0.0 2.0
vt 0.0 0.0
vt 8.0 0.0
vt 1.0 0.0
vt 0.5 0.0
vt 0.5 -0.5
vt 1.0 -0.5
vt 0.0 -0.5
vt 0.0 -1.0
vt 0.5 -1.0
vt 0.5 -0.5
vt 1.0 -0.5
vt 0.5 -0.5
vt 0.5 -1.0
vt 1.0 -1.0
vt 0.0 0.0
vt 0.0 -0.5
vt 0.5 -0.5
vt 0.5 0.0
vt 8.0 1.0
vt 0.0 1.0
vt 0.0 0.0
vt 8.0 0.0
vt 8.0 1.0
vt 0.0 1.0
vt 0.0 0.0
vt 8.0 0.0
vt -24.0 0.0
vt -32.0 0.0
vt -32.0 -0.5
vt -24.0 -0.5
vt 0.5 -0.5
vt 0.0 -0.5
vt 0.0 -1.0
vt 0.5 -1.0
vt 1.0 0.0
vt 0.5 0.0
vt 0.5 -0.5
vt 1.0 -0.5
vt 0.0 -1.0
vt 0.5 -1.0
vt 0.5 -0.5
vt 0.0 -0.5
vt 0.0 -0.5
vt 0.0 -1.0
vt 0.5 -1.0
vt 0.5 -0.5
vt 7.0 1.0
vt 0.0 1.0
vt 0.0 0.0
vt 7.0 0.0
vt -3.0 -0.5
vt -4.0 -0.5
vt -4.0 -1.0
vt -3.0 -1.0
vt 1.0 1.0
vt 0.0 1.0
vt 0.0 0.0
vt 1.0 0.0
vt 0.0 -1.0
vt -1.0 -1.0
vt -1.0 -2.0
vt 0.0 -2.0
vt 0.0 0.0
vt 0.0 -1.0
vt -1.0 -1.0
vt -1.0 0.0
vt 0.0 0.0
vt -1.0 0.0
vt -1.0 -1.0
vt 0.0 -1.0
vt 0.0 -2.0
vt 0.0 -1.0
vt -1.0 -1.0
vt -1.0 -2.0
vt 0.5 0.0
vt 0.0 0.0
vt 0.0 -0.5
vt 0.5 -0.5
vt 0.5 -1.0
vt 1.0 -1.0
vt 1.0 -0.5
vt 0.5 -0.5
vt 1.0 -1.0
vt 1.0 -0.5
vt 0.5 -0.5
vt 0.5 -1.0
vt 0.5 -0.5
vt 0.0 -0.5
vt 0.0 -1.0
vt 0.5 -1.0
vt 1.0 0.0
vt 0.5 0.0
vt 0.5 -0.5
vt 1.0 -0.5
vt 1.0 -0.5
vt 1.0 0.0
vt 0.5 0.0
vt 0.5 -0.5
vt 0.5 0.0
vt 0.0 0.0
vt 0.0 -0.5
vt 0.5 -0.5
vt 0.5 -1.0
vt 1.0 -1.0
vt 1.0 -0.5
vt 0.5 -0.5
vt 1.0 -1.0
vt 1.0 -0.5
vt 0.5 -0.5
vt 0.5 -1.0
vt 0.5 -0.5
vt 0.0 -0.5
vt 0.0 -1.0
vt 0.5 -1.0
vt 1.0 0.0
vt 0.5 0.0
vt 0.5 -0.5
vt 1.0 -0.5
vt 0.0 -1.0
vt 0.5 -1.0
vt 0.5 -0.5
vt 0.0 -0.5
vt 0.0 -0.5
vt 0.0 -1.0
vt 0.5 -1.0
vt 0.5 -0.5
vt 1.0 -0.5
vt 0.5 -0.5
vt 0.5 -1.0
vt 1.0 -1.0
vt 0.5 0.0
vt 0.0 0.0
vt 0.0 -0.5
vt 0.5 -0.5
vt 0.0 0.0
vt 0.0 -0.5
vt 0.5 -0.5
vt 0.5 0.0
vt 1.0 0.0
vt 0.5 0.0
vt 0.5 -0.5
vt 1.0 -0.5
vt 0.0 -1.0
vt 0.5 -1.0
vt 0.5 -0.5
vt 0.0 -0.5
vt 0.0 -0.5
vt 0.0 -1.0
vt 0.5 -1.0
vt 0.5 -0.5
vt -3.0 -0.5
vt -4.0 -0.5
vt -4.0 -1.0
vt -3.0 -1.0
vt 1.0 1.0
vt 0.0 1.0
vt 0.0 0.0
vt 1.0 0.0
vt 8.0 1.0
vt 0.0 1.0
vt 0.0 0.0
vt 8.0 0.0
vt 4.0 1.0
vt 0.0 1.0
vt 0.0 0.0
vt 4.0 0.0
vt 0.75 -2.0
vt 1.0 -2.0
vt 1.0 -1.3125
vt 0.75 -1.0
vt 0.5 -2.0
vt 0.5 -1.0
vt 0.0 -1.0
vt 0.0 -2.0
vt 0.75 -2.0
vt 1.0 -1.6875
vt 1.0 -1.0
vt 0.75 -1.0
vt 0.5 -2.0
vt 0.5 -1.0
vt 0.0 -1.0
vt 0.0 -2.0
vt 0.816406 -0.980469
vt 0.816406 -0.113281
vt 0.191406 -0.113281
vt 0.191406 -0.980469
vt 0.9375 -0.296875
vt 0.070312 -0.296875
vt 0.070312 -0.921875
vt 0.9375 -0.921875
vt 0.9375 -0.296875
vt 0.070312 -0.296875
vt 0.070312 -0.921875
vt 0.9375 -0.921875
vt 0.5 -3.0
vt 0.5 -1.0
vt 0.0 -1.0
vt 0.0 -3.0
vt 0.75 -3.0
vt 1.0 -3.0
vt 1.0 -1.0
vt 0.75 -1.0
vt 0.75 -2.0
vt 1.0 -2.0
vt 1.0 -1.3125
vt 0.75 -1.0
vt 0.5 -2.0
vt 0.5 -1.0
vt 0.0 -1.0
vt 0.0 -2.0
vt 0.75 -2.0
vt 1.0 -1.6875
vt 1.0 -1.0
vt 0.75 -1.0
vt 0.5 -2.0
vt 0.5 -1.0
vt 0.0 -1.0
vt 0.0 -2.0
vt 0.816406 -0.980469
vt 0.816406 -0.113281
vt 0.191406 -0.113281
vt 0.191406 -0.980469
vt 0.9375 -0.296875
vt 0.070312 -0.296875
vt 0.070312 -0.921875
vt 0.9375 -0.921875
vt 0.0 -1.0
vt -1.0 -1.0
vt -1.0 -2.0
vt 0.0 -2.0
vt 0.0 0.0
vt 0.0 -1.0
vt -1.0 -1.0
vt -1.0 0.0
vt 0.0 0.0
vt -1.0 0.0
vt -1.0 -1.0
vt 0.0 -1.0
vt 0.0 -2.0
vt 0.0 -1.0
vt -1.0 -1.0
vt -1.0 -2.0
vt 1.0 -0.5
vt 0.5 -0.5
vt 0.5 -1.0
vt 1.0 -1.0
vt 0.5 0.0
vt 0.0 0.0
vt 0.0 -0.5
vt 0.5 -0.5
vt 0.5 -1.0
vt 1.0 -1.0
vt 1.0 -0.5
vt 0.5 -0.5
vt 1.0 -1.0
vt 1.0 -0.5
vt 0.5 -0.5
vt 0.5 -1.0
vt 0.9375 -0.296875
vt 0.070312 -0.296875
vt 0.070312 -0.921875
vt 0.9375 -0.921875
vt 0.5 -3.0
vt 0.5 -1.0
vt 0.0 -1.0
vt 0.0 -3.0
vt 0.75 -3.0
vt 1.0 -3.0
vt 1.0 -1.0
vt 0.75 -1.0
vt 0.9375 -0.59375
vt 0.070312 -0.59375
vt 0.070312 -1.84375
vt 0.9375 -1.84375
vt 0.5 -6.0
vt 0.5 -2.0
vt 0.0 -2.0
vt 0.0 -6.0
vt 0.75 -6.0
vt 1.0 -6.0
vt 1.0 -2.0
vt 0.75 -2.0
vt -3.0 -0.5
vt -4.0 -0.5
vt -4.0 -1.0
vt -3.0 -1.0
vt 1.5 1.0
vt 1.0 1.0
vt 1.0 0.5
vt 1.5 0.5
vt 0.0 -0.5
vt 0.5 -0.5
vt 0.5 -1.0
vt 0.0 -1.0
vt 0.5 -0.5
vt 0.0 -0.5
vt 0.0 -1.0
vt 0.5 -1.0
vt 0.0 0.0
vt 0.5 0.0
vt 0.5 -0.5
vt 0.0 -0.5
vt 0.75 -2.0
vt 1.0 -2.0
vt 1.0 -1.3125
vt 0.75 -1.0
vt 0.5 -2.0
vt 0.5 -1.0
vt 0.0 -1.0
vt 0.0 -2.0
vt 0.75 -2.0
vt 1.0 -1.6875
vt 1.0 -1.0
vt 0.75 -1.0
vt 0.5 -2.0
vt 0.5 -1.0
vt 0.0 -1.0
vt 0.0 -2.0
vt 0.816406 -0.980469
vt 0.816406 -0.113281
vt 0.191406 -0.113281
vt 0.191406 -0.980469
vt 0.9375 -0.296875
vt 0.070312 -0.296875
vt 0.070312 -0.921875
vt 0.9375 -0.921875
vt 0.75 -2.0
vt 1.0 -2.0
vt 1.0 -1.3125
vt 0.75 -1.0
vt 0.5 -2.0
vt 0.5 -1.0
vt 0.0 -1.0
vt 0.0 -2.0
vt 0.75 -2.0
vt 1.0 -1.6875
vt 1.0 -1.0
vt 0.75 -1.0
vt 0.5 -2.0
vt 0.5 -1.0
vt 0.0 -1.0
vt 0.0 -2.0
vt 0.816406 -0.980469
vt 0.816406 -0.113281
vt 0.191406 -0.113281
vt 0.191406 -0.980469
vt 0.9375 -0.296875
vt 0.070312 -0.296875
vt 0.070312 -0.921875
vt 0.9375 -0.921875
vt 1.0 -0.5
vt 0.5 -0.5
vt 0.5 -1.0
vt 1.0 -1.0
vt 1.0 2.0
vt 0.5 2.0
vt 0.5 1.0
vt 1.0 1.0
vt 0.5 0.0
vt 0.0 0.0
vt 0.0 -0.5
vt 0.5 -0.5
vt 0.5 -1.0
vt 1.0 -1.0
vt 1.0 -0.5
vt 0.5 -0.5
vt 1.0 -1.0
vt 1.0 -0.5
vt 0.5 -0.5
vt 0.5 -1.0
vt 0.5 -0.5
vt 0.0 -0.5
vt 0.0 -1.0
vt 0.5 -1.0
vt 1.0 0.0
vt 0.5 0.0
vt 0.5 -0.5
vt 1.0 -0.5
vt 1.0 -0.5
vt 1.0 0.0
vt 0.5 0.0
vt 0.5 -0.5
vt 1.0 2.0
vt 0.5 2.0
vt 0.5 1.0
vt 1.0 1.0
vt 1.0 0.0
vt 0.5 0.0
vt 0.5 -0.5
vt 1.0 -0.5
vt 0.0 -1.0
vt 0.5 -1.0
vt 0.5 -0.5
vt 0.0 -0.5
vt 0.0 -0.5
vt 0.0 -1.0
vt 0.5 -1.0
vt 0.5 -0.5
vt 1.0 1.0
vt 0.0 1.0
vt 0.0 0.0
vt 1.0 0.0
vt -3.0 0.0
vt -4.0 0.0
vt -4.0 -0.5
vt -3.0 -0.5
vt 0.9375 -0.59375
vt 0.070312 -0.59375
vt 0.070312 -1.84375
vt 0.9375 -1.84375
vt 0.5 -6.0
vt 0.5 -2.0
vt 0.0 -2.0
vt 0.0 -6.0
vt 0.75 -6.0
vt 1.0 -6.0
vt 1.0 -2.0
vt 0.75 -2.0
vt 0.75 -2.0
vt 1.0 -2.0
vt 1.0 -1.3125
vt 0.75 -1.0
vt 0.5 -2.0
vt 0.5 -1.0
vt 0.0 -1.0
vt 0.0 -2.0
vt 0.75 -2.0
vt 1.0 -1.6875
vt 1.0 -1.0
vt 0.75 -1.0
vt 0.5 -2.0
vt 0.5 -1.0
vt 0.0 -1.0
vt 0.0 -2.0
vt 0.816406 -0.980469
vt 0.816406 -0.113281
vt 0.191406 -0.113281
vt 0.191406 -0.980469
vt 0.9375 -0.296875
vt 0.070312 -0.296875
vt 0.070312 -0.921875
vt 0.9375 -0.921875
vt 0.75 -2.0
vt 1.0 -2.0
vt 1.0 -1.3125
vt 0.75 -1.0
vt 0.5 -2.0
vt 0.5 -1.0
vt 0.0 -1.0
vt 0.0 -2.0
vt 0.75 -2.0
vt 1.0 -1.6875
vt 1.0 -1.0
vt 0.75 -1.0
vt 0.5 -2.0
vt 0.5 -1.0
vt 0.0 -1.0
vt 0.0 -2.0
vt 0.816406 -0.980469
vt 0.816406 -0.113281
vt 0.191406 -0.113281
vt 0.191406 -0.980469
vt 0.9375 -0.296875
vt 0.070312 -0.296875
vt 0.070312 -0.921875
vt 0.9375 -0.921875
vt 0.0 -1.0
vt -1.0 -1.0
vt -1.0 -2.0
vt 0.0 -2.0
vt 0.0 0.0
vt 0.0 -1.0
vt -1.0 -1.0
vt -1.0 0.0
vt 0.0 0.0
vt -1.0 0.0
vt -1.0 -1.0
vt 0.0 -1.0
vt 0.0 -2.0
vt 0.0 -1.0
vt -1.0 -1.0
vt -1.0 -2.0
vt -15.0 -0.5
vt -20.0 -0.5
vt -20.0 -1.0
vt -15.0 -1.0
vt 0.0 0.0
vt 0.5 0.0
vt 0.5 0.5
vt 0.0 0.5
vt 0.5 0.5
vt 1.0 0.5
vt 1.0 1.0
vt 0.5 1.0
vt 1.0 0.5
vt 0.5 0.5
vt 0.5 0.0
vt 1.0 0.0
vt 0.5 0.5
vt 0.0 0.5
vt 0.0 0.0
vt 0.5 0.0
vt 0.5 1.0
vt 0.0 1.0
vt 0.0 0.0
vt 0.5 0.0
vt -3.0 -0.5
vt -4.0 -0.5
vt -4.0 -1.0
vt -3.0 -1.0
vt 6.0 1.0
vt 0.0 1.0
vt 0.0 0.0
vt 6.0 0.0
vt 0.0 0.0
vt 0.5 0.0
vt 0.5 0.5
vt 0.0 0.5
vt 0.5 0.5
vt 1.0 0.5
vt 1.0 1.0
vt 0.5 1.0
vt 1.0 0.5
vt 0.5 0.5
vt 0.5 0.0
vt 1.0 0.0
vt 0.5 0.5
vt 0.0 0.5
vt 0.0 0.0
vt 0.5 0.0
vt 0.9375 -1.1875
vt 0.070312 -1.1875
vt 0.070312 -3.6875
vt 0.9375 -3.6875
vt 0.5 -12.0
vt 0.5 -4.0
vt 0.0 -4.0
vt 0.0 -12.0
vt 0.75 -12.0
vt 1.0 -12.0
vt 1.0 -4.0
vt 0.75 -4.0
vt 6.0 1.0
vt 0.0 1.0
vt 0.0 0.0
vt 6.0 0.0
vt 2.0 1.0
vt 0.0 1.0
vt 0.0 0.0
vt 2.0 0.0
vt 1.0 0.0
vt 0.5 0.0
vt 0.5 -0.5
vt 1.0 -0.5
vt 0.0 -0.5
vt 0.0 -1.0
vt 0.5 -1.0
vt 0.5 -0.5
vt 1.0 -0.5
vt 0.5 -0.5
vt 0.5 -1.0
vt 1.0 -1.0
vt 0.0 0.0
vt 0.0 -0.5
vt 0.5 -0.5
vt 0.5 0.0
vt 6.0 1.0
vt 0.0 1.0
vt 0.0 0.0
vt 6.0 0.0
vt -18.0 0.0
vt -24.0 0.0
vt -24.0 -0.5
vt -18.0 -0.5
vt 0.0 -1.0
vt -1.0 -1.0
vt -1.0 -2.0
vt 0.0 -2.0
vt 0.0 0.0
vt 0.0 -1.0
vt -1.0 -1.0
vt -1.0 0.0
vt 0.0 0.0
vt -1.0 0.0
vt -1.0 -1.0
vt 0.0 -1.0
vt 0.0 -2.0
vt 0.0 -1.0
vt -1.0 -1.0
vt -1.0 -2.0
vt 0.75 -2.0
vt 1.0 -2.0
vt 1.0 -1.3125
vt 0.75 -1.0
vt 0.5 -2.0
vt 0.5 -1.0
vt 0.0 -1.0
vt 0.0 -2.0
vt 0.75 -2.0
vt 1.0 -1.6875
vt 1.0 -1.0
vt 0.75 -1.0
vt 0.5 -2.0
vt 0.5 -1.0
vt 0.0 -1.0
vt 0.0 -2.0
vt 0.816406 -0.980469
vt 0.816406 -0.113281
vt 0.191406 -0.113281
vt 0.191406 -0.980469
vt 0.9375 -0.296875
vt 0.070312 -0.296875
vt 0.070312 -0.921875
vt 0.9375 -0.921875
vt 0.75 -2.0
vt 1.0 -2.0
vt 1.0 -1.3125
vt 0.75 -1.0
vt 0.5 -2.0
vt 0.5 -1.0
vt 0.0 -1.0
vt 0.0 -2.0
vt 0.75 -2.0
vt 1.0 -1.6875
vt 1.0 -1.0
vt 0.75 -1.0
vt 0.5 -2.0
vt 0.5 -1.0
vt 0.0 -1.0
vt 0.0 -2.0
vt 0.816406 -0.980469
vt 0.816406 -0.113281
vt 0.191406 -0.113281
vt 0.191406 -0.980469
vt 0.9375 -0.296875
vt 0.070312 -0.296875
vt 0.070312 -0.921875
vt 0.9375 -0.921875
vt 1.0 1.0
vt 0.0 1.0
vt 0.0 0.0
vt 1.0 0.0
vt 0.9375 -0.59375
vt 0.070312 -0.59375
vt 0.070312 -1.84375
vt 0.9375 -1.84375
vt 0.5 -6.0
vt 0.5 -2.0
vt 0.0 -2.0
vt 0.0 -6.0
vt 0.75 -6.0
vt 1.0 -6.0
vt 1.0 -2.0
vt 0.75 -2.0
vt 0.5 -0.5
vt 0.0 -0.5
vt 0.0 -1.0
vt 0.5 -1.0
vt 1.0 0.0
vt 0.5 0.0
vt 0.5 -0.5
vt 1.0 -0.5
vt 1.0 -0.5
vt 1.0 0.0
vt 0.5 0.0
vt 0.5 -0.5
vt 0.5 0.0
vt 0.0 0.0
vt 0.0 -0.5
vt 0.5 -0.5
vt 0.5 -1.0
vt 1.0 -1.0
vt 1.0 -0.5
vt 0.5 -0.5
vt 1.0 -1.0
vt 1.0 -0.5
vt 0.5 -0.5
vt 0.5 -1.0
vt 1.0 1.0
vt 0.0 1.0
vt 0.0 0.0
vt 1.0 0.0
vt 1.0 -0.5
vt 0.5 -0.5
vt 0.5 -1.0
vt 1.0 -1.0
vt 0.5 0.0
vt 0.0 0.0
vt 0.0 -0.5
vt 0.5 -0.5
vt 0.0 0.0
vt 0.0 -0.5
vt 0.5 -0.5
vt 0.5 0.0
vt 1.0 0.0
vt 0.5 0.0
vt 0.5 -0.5
vt 1.0 -0.5
vt 0.0 -1.0
vt 0.5 -1.0
vt 0.5 -0.5
vt 0.0 -0.5
vt 0.0 -0.5
vt 0.0 -1.0
vt 0.5 -1.0
vt 0.5 -0.5
vt 0.75 -2.0
vt 1.0 -2.0
vt 1.0 -1.3125
vt 0.75 -1.0
vt 0.5 -2.0
vt 0.5 -1.0
vt 0.0 -1.0
vt 0.0 -2.0
vt 0.75 -2.0
vt 1.0 -1.6875
vt 1.0 -1.0
vt 0.75 -1.0
vt 0.5 -2.0
vt 0.5 -1.0
vt 0.0 -1.0
vt 0.0 -2.0
vt 0.816406 -0.980469
vt 0.816406 -0.113281
vt 0.191406 -0.113281
vt 0.191406 -0.980469
vt 0.9375 -0.296875
vt 0.070312 -0.296875
vt 0.070312 -0.921875
vt 0.9375 -0.921875
vt 0.75 -2.0
vt 1.0 -2.0
vt 1.0 -1.3125
vt 0.75 -1.0
vt 0.5 -2.0
vt 0.5 -1.0
vt 0.0 -1.0
vt 0.0 -2.0
vt 0.75 -2.0
vt 1.0 -1.6875
vt 1.0 -1.0
vt 0.75 -1.0
vt 0.5 -2.0
vt 0.5 -1.0
vt 0.0 -1.0
vt 0.0 -2.0
vt 0.816406 -0.980469
vt 0.816406 -0.113281
vt 0.191406 -0.113281
vt 0.191406 -0.980469
vt 0.9375 -0.296875
vt 0.070312 -0.296875
vt 0.070312 -0.921875
vt 0.9375 -0.921875
vt 0.75 -2.0
vt 1.0 -2.0
vt 1.0 -1.3125
vt 0.75 -1.0
vt 0.5 -2.0
vt 0.5 -1.0
vt 0.0 -1.0
vt 0.0 -2.0
vt 0.75 -2.0
vt 1.0 -1.6875
vt 1.0 -1.0
vt 0.75 -1.0
vt 0.5 -2.0
vt 0.5 -1.0
vt 0.0 -1.0
vt 0.0 -2.0
vt 0.816406 -0.980469
vt 0.816406 -0.113281
vt 0.191406 -0.113281
vt 0.191406 -0.980469
vt 0.9375 -0.296875
vt 0.070312 -0.296875
vt 0.070312 -0.921875
vt 0.9375 -0.921875
vt 0.75 -2.0
vt 1.0 -2.0
vt 1.0 -1.3125
vt 0.75 -1.0
vt 0.5 -2.0
vt 0.5 -1.0
vt 0.0 -1.0
vt 0.0 -2.0
vt 0.75 -2.0
vt 1.0 -1.6875
vt 1.0 -1.0
vt 0.75 -1.0
vt 0.5 -2.0
vt 0.5 -1.0
vt 0.0 -1.0
vt 0.0 -2.0
vt 0.816406 -0.980469
vt 0.816406 -0.113281
vt 0.191406 -0.113281
vt 0.191406 -0.980469
vt 0.9375 -0.296875
vt 0.070312 -0.296875
vt 0.070312 -0.921875
vt 0.9375 -0.921875
vt 1.0 -0.5
vt 0.5 -0.5
vt 0.5 -1.0
vt 1.0 -1.0
vt 0.5 0.0
vt 0.0 0.0
vt 0.0 -0.5
vt 0.5 -0.5
vt 0.5 -1.0
vt 1.0 -1.0
vt 1.0 -0.5
vt 0.5 -0.5
vt 1.0 -1.0
vt 1.0 -0.5
vt 0.5 -0.5
vt 0.5 -1.0
vt 1.0 2.0
vt 0.0 2.0
vt 0.0 0.0
vt 1.0 0.0
vt 0.9375 -0.59375
vt 0.070312 -0.59375
vt 0.070312 -1.84375
vt 0.9375 -1.84375
vt 0.5 -6.0
vt 0.5 -2.0
vt 0.0 -2.0
vt 0.0 -6.0
vt 0.75 -6.0
vt 1.0 -6.0
vt 1.0 -2.0
vt 0.75 -2.0
vt 0.9375 -1.484375
vt 0.070312 -1.484375
vt 0.070312 -4.609375
vt 0.9375 -4.609375
vt 0.5 -15.0
vt 0.5 -5.0
vt 0.0 -5.0
vt 0.0 -15.0
vt 0.75 -15.0
vt 1.0 -15.0
vt 1.0 -5.0
vt 0.75 -5.0
vt -3.0 -0.5
vt -4.0 -0.5
vt -4.0 -1.0
vt -3.0 -1.0
vt 0.5 -0.5
vt 0.0 -0.5
vt 0.0 -1.0
vt 0.5 -1.0
vt 1.0 0.0
vt 0.5 0.0
vt 0.5 -0.5
vt 1.0 -0.5
vt 1.0 -0.5
vt 1.0 0.0
vt 0.5 0.0
vt 0.5 -0.5
vt 1.0 2.0
vt 0.5 2.0
vt 0.5 1.0
vt 1.0 1.0
vt 0.5 0.0
vt 0.0 0.0
vt 0.0 -0.5
vt 0.5 -0.5
vt 0.5 -1.0
vt 1.0 -1.0
vt 1.0 -0.5
vt 0.5 -0.5
vt 1.0 -1.0
vt 1.0 -0.5
vt 0.5 -0.5
vt 0.5 -1.0
vt 1.0 -0.5
vt 0.5 -0.5
vt 0.5 -1.0
vt 1.0 -1.0
vt 1.0 2.0
vt 0.5 2.0
vt 0.5 1.0
vt 1.0 1.0
vt 1.0 -0.5
vt 0.5 -0.5
vt 0.5 -1.0
vt 1.0 -1.0
vt 1.0 2.0
vt 0.5 2.0
vt 0.5 1.0
vt 1.0 1.0
vt 0.75 -2.0
vt 1.0 -2.0
vt 1.0 -1.3125
vt 0.75 -1.0
vt 0.5 -2.0
vt 0.5 -1.0
vt 0.0 -1.0
vt 0.0 -2.0
vt 0.75 -2.0
vt 1.0 -1.6875
vt 1.0 -1.0
vt 0.75 -1.0
vt 0.5 -2.0
vt 0.5 -1.0
vt 0.0 -1.0
vt 0.0 -2.0
vt 0.816406 -0.980469
vt 0.816406 -0.113281
vt 0.191406 -0.113281
vt 0.191406 -0.980469
vt 0.9375 -0.296875
vt 0.070312 -0.296875
vt 0.070312 -0.921875
vt 0.9375 -0.921875
vt 0.9375 -0.296875
vt 0.070312 -0.296875
vt 0.070312 -0.921875
vt 0.9375 -0.921875
vt 0.5 -3.0
vt 0.5 -1.0
vt 0.0 -1.0
vt 0.0 -3.0
vt 0.75 -3.0
vt 1.0 -3.0
vt 1.0 -1.0
vt 0.75 -1.0
vt 0.75 -2.0
vt 1.0 -2.0
vt 1.0 -1.3125
vt 0.75 -1.0
vt 0.5 -2.0
vt 0.5 -1.0
vt 0.0 -1.0
vt 0.0 -2.0
vt 0.75 -2.0
vt 1.0 -1.6875
vt 1.0 -1.0
vt 0.75 -1.0
vt 0.5 -2.0
vt 0.5 -1.0
vt 0.0 -1.0
vt 0.0 -2.0
vt 0.816406 -0.980469
vt 0.816406 -0.113281
vt 0.191406 -0.113281
vt 0.191406 -0.980469
vt 0.9375 -0.296875
vt 0.070312 -0.296875
vt 0.070312 -0.921875
vt 0.9375 -0.921875
vt 0.9375 -0.890625
vt 0.070312 -0.890625
vt 0.070312 -2.765625
vt 0.9375 -2.765625
vt 0.5 -9.0
vt 0.5 -3.0
vt 0.0 -3.0
vt 0.0 -9.0
vt 0.75 -9.0
vt 1.0 -9.0
vt 1.0 -3.0
vt 0.75 -3.0
vt 0.75 -2.0
vt 1.0 -2.0
vt 1.0 -1.3125
vt 0.75 -1.0
vt 0.5 -2.0
vt 0.5 -1.0
vt 0.0 -1.0
vt 0.0 -2.0
vt 0.75 -2.0
vt 1.0 -1.6875
vt 1.0 -1.0
vt 0.75 -1.0
vt 0.5 -2.0
vt 0.5 -1.0
vt 0.0 -1.0
vt 0.0 -2.0
vt 0.816406 -0.980469
vt 0.816406 -0.113281
vt 0.191406 -0.113281
vt 0.191406 -0.980469
vt 0.9375 -0.296875
vt 0.070312 -0.296875
vt 0.070312 -0.921875
vt 0.9375 -0.921875
vt 0.75 -2.0
vt 1.0 -2.0
vt 1.0 -1.3125
vt 0.75 -1.0
vt 0.5 -2.0
vt 0.5 -1.0
vt 0.0 -1.0
vt 0.0 -2.0
vt 0.75 -2.0
vt 1.0 -1.6875
vt 1.0 -1.0
vt 0.75 -1.0
vt 0.5 -2.0
vt 0.5 -1.0
vt 0.0 -1.0
vt 0.0 -2.0
vt 0.816406 -0.980469
vt 0.816406 -0.113281
vt 0.191406 -0.113281
vt 0.191406 -0.980469
vt 0.9375 -0.296875
vt 0.070312 -0.296875
vt 0.070312 -0.921875
vt 0.9375 -0.921875
vt 1.0 -0.5
vt 0.5 -0.5
vt 0.5 -1.0
vt 1.0 -1.0
vt 1.0 -0.5
vt 0.5 -0.5
vt 0.5 -1.0
vt 1.0 -1.0
vt 1.0 -0.5
vt 0.5 -0.5
vt 0.5 -1.0
vt 1.0 -1.0
vt 1.0 -0.5
vt 0.5 -0.5
vt 0.5 -1.0
vt 1.0 -1.0
vt 0.5 -0.5
vt 0.0 -0.5
vt 0.0 -1.0
vt 0.5 -1.0
vt 0.5 -0.5
vt 0.0 -0.5
vt 0.0 -1.0
vt 0.5 -1.0
vt 1.0 -0.5
vt 0.5 -0.5
vt 0.5 -1.0
vt 1.0 -1.0
vt 0.5 -0.5
vt 0.0 -0.5
vt 0.0 -1.0
vt 0.5 -1.0
vt 0.0 2.0
vt 1.0 2.0
vt 1.0 2.25
vt 0.0 2.25
vt 0.0 2.25
vt 0.75 2.25
vt 0.75 2.5
vt 0.0 2.5
vt 0.0 2.5
vt 0.5 2.5
vt 0.5 3.5
vt 0.0 3.5
vt 0.0 3.5
vt 0.75 3.5
vt 0.75 3.75
vt 0.0 3.75
vt 0.0 3.75
vt 1.75 3.75
vt 1.75 4.0
vt 0.0 4.0
vt 0.5 2.5
vt 0.75 2.5
vt 0.75 3.5
vt 0.5 3.5
vt 0.75 2.25
vt 1.0 2.25
vt 1.0 3.75
vt 0.75 3.75
vt 1.0 3.0
vt 3.0 3.0
vt 3.0 3.25
vt 1.0 3.25
vt 1.0 3.25
vt 1.75 3.25
vt 1.75 3.75
vt 1.0 3.75
vt 1.5 4.0
vt 1.75 4.0
vt 1.75 5.0
vt 1.5 5.0
vt 1.75 3.25
vt 3.0 3.25
vt 3.0 4.75
vt 1.75 4.75
vt 3.25 5.0
vt 1.75 5.0
vt 1.75 4.75
vt 3.25 4.75
vt 3.0 3.0
vt 3.25 3.0
vt 3.25 4.75
vt 3.0 4.75
vt 0.0 0.0
vt 0.0 -1.0
vt 2.0 -1.0
vt 2.0 0.0
vt 0.0 -6.0E-5
vt 0.0 -1.0
vt 2.000106 -1.0
vt 2.000006 -6.0E-5
vt 0.0 0.0
vt 0.0 -1.0
vt 1.0 -1.0
vt 1.0 0.0
vt 0.0 -6.0E-5
vt 0.0 -1.0
vt 1.000053 -1.0
vt 1.000003 -6.0E-5
vt 1.0 0.0
vt 0.0 0.0
vt 0.0 -1.0
vt 1.0 -1.0
vt 1.0 0.0
vt 0.0 0.0
vt 0.0 -1.0
vt 1.0 -1.0
vt 1.0 0.0
vt 0.0 0.0
vt 0.0 -1.0
vt 1.0 -1.0
vt 0.0 0.0
vt 0.0 -1.0
vt 1.0 -1.0
vt 1.0 0.0
vt 0.0 -6.0E-5
vt 0.0 -1.0
vt 1.000053 -1.0
vt 1.000003 -6.0E-5
vt 0.0 0.0
vt 0.0 -1.0
vt 2.0 -1.0
vt 2.0 0.0
vt 0.0 -6.0E-5
vt 0.0 -1.0
vt 2.000106 -1.0
vt 2.000006 -6.0E-5
vt 0.0 0.0
vt 0.0 -1.0
vt 1.0 -1.0
vt 1.0 0.0
vt 0.0 0.0
vt 0.0 -1.0
vt 1.0 -1.0
vt 1.0 0.0
vt 5.3E-5 0.0
vt 5.4E-5 -0.999978
vt 1.000053 -0.999978
vt 1.000003 0.0
vt 5.3E-5 0.0
vt 5.4E-5 -0.999978
vt 1.000053 -0.999978
vt 1.000003 0.0
vt 0.0 0.0
vt 0.0 -1.0
vt 2.0 -1.0
vt 2.0 0.0
vt 0.0 -6.0E-5
vt 0.0 -1.0
vt 2.000106 -1.0
vt 2.000006 -6.0E-5
vt 0.0 0.0
vt 0.0 -1.0
vt 1.0 -1.0
vt 1.0 0.0
vt 0.0 0.0
vt 0.0 -1.0
vt 1.0 -1.0
vt 1.0 0.0
vt 5.3E-5 0.0
vt 5.4E-5 -0.999978
vt 1.000053 -0.999978
vt 1.000003 0.0
vt 5.3E-5 0.0
vt 5.4E-5 -0.999978
vt 1.000053 -0.999978
vt 1.000003 0.0
vt 0.0 0.0
vt 0.0 -1.0
vt 1.0 -1.0
vt 1.0 0.0
vt 0.0 0.0
vt 0.0 -1.0
vt 1.0 -1.0
vt 1.0 0.0
vt 5.3E-5 0.0
vt 5.4E-5 -0.999978
vt 1.000053 -0.999978
vt 1.000003 0.0
vt 5.3E-5 0.0
vt 5.4E-5 -0.999978
vt 1.000053 -0.999978
vt 1.000003 0.0
vt 0.0 0.0
vt 0.0 -1.0
vt 4.0 -1.0
vt 4.0 0.0
vt 0.0 -6.0E-5
vt 0.0 -1.0
vt 4.000212 -1.0
vt 4.000012 -6.0E-5
vt 0.0 0.0
vt 0.0 -1.0
vt 1.0 -1.0
vt 1.0 0.0
vt 0.0 0.0
vt 0.0 -1.0
vt 1.0 -1.0
vt 1.0 0.0
vt 5.3E-5 0.0
vt 5.4E-5 -0.999978
vt 1.000053 -0.999978
vt 1.000003 0.0
vt 5.3E-5 0.0
vt 5.4E-5 -0.999978
vt 1.000053 -0.999978
vt 1.000003 0.0
vt 0.0 0.0
vt 0.0 -1.0
vt 1.0 -1.0
vt 1.0 0.0
vt 0.0 0.0
vt 0.0 -1.0
vt 1.0 -1.0
vt 1.0 0.0
vt 5.3E-5 0.0
vt 5.4E-5 -0.999978
vt 1.000053 -0.999978
vt 1.000003 0.0
vt 5.3E-5 0.0
vt 5.4E-5 -0.999978
vt 1.000053 -0.999978
vt 1.000003 0.0
vt 0.0 0.0
vt 0.0 -1.0
vt 4.0 -1.0
vt 4.0 0.0
vt 0.0 -6.0E-5
vt 0.0 -1.0
vt 4.000212 -1.0
vt 4.000012 -6.0E-5
vt 0.0 0.0
vt 0.0 -1.0
vt 1.0 -1.0
vt 1.0 0.0
vt 0.0 0.0
vt 0.0 -1.0
vt 1.0 -1.0
vt 1.0 0.0
vt 5.3E-5 0.0
vt 5.4E-5 -0.999978
vt 1.000053 -0.999978
vt 1.000003 0.0
vt 5.3E-5 0.0
vt 5.4E-5 -0.999978
vt 1.000053 -0.999978
vt 1.000003 0.0
vt 0.0 0.0
vt 0.0 -1.0
vt 3.0 -1.0
vt 3.0 0.0
vt 0.0 -6.0E-5
vt 0.0 -1.0
vt 3.0001593 -1.0
vt 3.000009 -6.0E-5
vt 1.0 0.0
vt 0.0 0.0
vt 0.0 -2.0
vt 1.0 -2.0
vt 1.0 0.0
vt 0.0 0.0
vt 0.0 -2.0
vt 1.0 -2.0
vt 1.0 0.0
vt 0.0 0.0
vt 0.0 -2.0
vt 1.0 -2.0
vt 0.0 0.0
vt 0.0 -1.0
vt 3.0 -1.0
vt 3.0 0.0
vt 0.0 -6.0E-5
vt 0.0 -1.0
vt 3.0001593 -1.0
vt 3.000009 -6.0E-5
vt 1.0 0.0
vt 0.0 0.0
vt 0.0 -1.0
vt 1.0 -1.0
vt 1.0 0.0
vt 0.0 0.0
vt 0.0 -1.0
vt 1.0 -1.0
vt 1.0 0.0
vt 0.0 0.0
vt 0.0 -1.0
vt 1.0 -1.0
vt 1.0 0.0
vt 0.0 0.0
vt 0.0 -1.0
vt 1.0 -1.0
vt 1.0 0.0
vt 0.0 0.0
vt 0.0 -1.0
vt 1.0 -1.0
vt 1.0 0.0
vt 0.0 0.0
vt 0.0 -1.0
vt 1.0 -1.0
vt 1.0 0.0
vt 0.0 0.0
vt 0.0 -1.0
vt 1.0 -1.0
vt 1.0 0.0
vt 0.0 0.0
vt 0.0 -1.0
vt 1.0 -1.0
vt 1.0 0.0
vt 0.0 0.0
vt 0.0 -1.0
vt 1.0 -1.0
vt 0.0 0.0
vt 0.0 -1.0
vt 1.0 -1.0
vt 1.0 0.0
vt 0.0 0.0
vt 0.0 -1.0
vt 1.0 -1.0
vt 1.0 0.0
vt 5.3E-5 0.0
vt 5.4E-5 -0.999978
vt 1.000053 -0.999978
vt 1.000003 0.0
vt 5.3E-5 0.0
vt 5.4E-5 -0.999978
vt 1.000053 -0.999978
vt 1.000003 0.0
vt 0.0 0.0
vt 0.0 -1.0
vt 4.0 -1.0
vt 4.0 0.0
vt 0.0 -6.0E-5
vt 0.0 -1.0
vt 4.000212 -1.0
vt 4.000012 -6.0E-5
vt 0.0 0.0
vt 0.0 -1.0
vt 1.0 -1.0
vt 1.0 0.0
vt 0.0 0.0
vt 0.0 -1.0
vt 1.0 -1.0
vt 1.0 0.0
vt 5.3E-5 0.0
vt 5.4E-5 -0.999978
vt 1.000053 -0.999978
vt 1.000003 0.0
vt 5.3E-5 0.0
vt 5.4E-5 -0.999978
vt 1.000053 -0.999978
vt 1.000003 0.0
vt 1.0 1.999998
vt 0.0 1.999998
vt 1.0 4.000002
vt 0.0 4.000002
vt 3.0 4.000001
vt 1.0 4.000001
vt 3.0 2.999999
vt 1.0 2.999999
vt 3.25 5.000001
vt 1.5 5.000001
vt 3.25 3.999999
vt 1.5 3.999999
vt 6.5 13.000003
vt 3.0 13.000003
vt 6.5 9.999997
vt 3.0 9.999997
vt 6.5 16.000004
vt 3.0 16.000004
vt 6.5 12.999997
vt 3.0 12.999997
vt 3.25 4.000001
vt 3.0 4.000001
vt 3.25 2.999999
vt 3.0 2.999999
vn 0.397045 -0.79409 0.460191
vn 0.0 -0.0 1.0
vn 0.0 -0.986118 0.166044
vn 0.0 -0.0 1.0
vn -0.397045 -0.79409 0.460191
vn 0.0 -0.0 1.0
vn 0.446304 -0.892607 -0.063758
vn 0.0 -0.997459 -0.071247
vn -0.446304 -0.892607 -0.063758
vn 0.0 -1.0 0.0
vn 0.0 -0.9608 0.2773
vn -0.0 0.0 1.0
vn -0.0 -0.9819 0.1894
vn 0.0 -0.845 0.5347
vn 0.0 -0.851 0.5251
vn -0.0 -0.9731 -0.2305
vn 1.0E-4 -0.972 -0.2352
vn 0.397045 -0.79409 0.460191
vn 0.0 -0.0 1.0
vn 0.0 -0.986118 0.166044
vn 0.0 -0.0 1.0
vn -0.397045 -0.79409 0.460191
vn 0.0 -0.0 1.0
vn 0.446304 -0.892607 -0.063758
vn 0.0 -0.997459 -0.071247
vn -0.446304 -0.892607 -0.063758
vn 0.397045 -0.79409 0.460191
vn 0.0 -0.0 1.0
vn 0.0 -0.986118 0.166044
vn 0.0 -0.0 1.0
vn -0.397045 -0.79409 0.460191
vn 0.0 -0.0 1.0
vn 0.446304 -0.892607 -0.063758
vn 0.0 -0.997459 -0.071247
vn -0.446304 -0.892607 -0.063758
vn 0.0 0.0 1.0
vn 0.0 0.0 1.0
vn 0.0 0.0 1.0
vn -0.0 -0.0 1.0
vn 0.0 0.0 1.0
vn 0.0 -0.0 1.0
vn 0.0 0.0 1.0
vn 0.0 0.0 1.0
vn 0.0 0.0 1.0
vn 0.0 0.0 1.0
vn 0.0 0.0 1.0
vn 0.0 0.0 1.0
vn 0.0 0.0 1.0
vn 0.0 0.0 1.0
vn 0.0 0.0 1.0
vn 0.0 0.0 1.0
vn 0.0 0.0 1.0
vn 0.0 0.0 1.0
vn 0.0 0.0 1.0
vn 0.0 0.0 1.0
vn 0.0 0.0 1.0
vn 0.0 0.0 1.0
vn 0.0 0.0 1.0
vn 0.0 0.0 1.0
vn 0.0 0.0 1.0
vn 0.0 0.0 1.0
vn 0.0 0.0 1.0
vn 0.0 0.0 1.0
vn 0.0 0.0 1.0
vn 0.0 0.0 1.0
vn 0.0 0.0 1.0
vn -0.0 0.0 1.0
vn 0.0 0.0 1.0
vn -0.0 -0.0 1.0
vn -0.0 0.0 1.0
vn 0.0 -0.0 1.0
vn 0.0 -0.0 1.0
vn 0.0 0.0 1.0
vn -0.0 -0.0 1.0
vn 0.0 0.0 1.0
vn 0.0 -0.0 1.0
vn 0.0 0.0 1.0
vn 0.0 0.0 1.0
vn 0.0 0.0 1.0
vn 0.0 0.0 1.0
vn 0.0 0.0 1.0
vn 0.0 0.0 1.0
vn 0.0 0.0 1.0
vn -0.0 0.0 1.0
vn -0.0 -0.0 1.0
vn 0.0 0.0 1.0
vn 0.0 0.0 1.0
vn 0.0 0.0 1.0
vn 0.0 -0.0 1.0
vn 0.0 -0.0 1.0
vn -0.0 0.0 1.0
vn 0.0 0.0 1.0
vn 0.0 0.0 1.0
vn 0.0 0.0 1.0
vn 0.0 0.0 1.0
vn 0.0 0.0 1.0
vn 0.0 0.0 1.0
vn 0.0 0.0 1.0
vn 0.0 0.0 1.0
vn 0.0 0.0 1.0
vn 0.0 0.0 1.0
vn 0.0 0.0 1.0
vn 0.0 0.0 1.0
vn 0.0 -0.0 1.0
vn 0.0 -0.0 1.0
vn -0.0 0.0 1.0
vn 0.0 0.0 1.0
vn 0.0 0.0 1.0
vn -0.0 -0.0 1.0
vn 0.0 0.0 1.0
vn 0.0 -0.0 1.0
vn 0.0 0.0 1.0
vn 0.0 0.0 1.0
vn 0.0 0.0 1.0
vn 0.0 0.0 1.0
vn -0.0 0.0 1.0
vn 0.0 0.0 1.0
vn 0.0 0.0 1.0
vn 0.0 0.0 1.0
vn -0.0 0.0 1.0
vn -0.0 0.0 1.0
vn -0.0 0.0 1.0
vn 0.0 0.0 1.0
vn 0.0 0.0 1.0
vn 0.0 0.0 1.0
vn 0.0 -0.0 1.0
vn 0.0 -0.0 1.0
vn 0.0 0.0 1.0
vn -1.0 0.0 -0.0
vn 1.0 0.0 0.0
vn 0.0 0.9945 0.1047
vn 0.0 0.8321 0.5547
vn -0.0237 -0.0314 0.9992
vn 0.0 0.9932 0.1168
vn 0.0 0.0 1.0
vn -0.0 -0.0 1.0
vn -0.0 -0.9932 0.1168
vn -0.0 -0.8321 0.5547
vn -0.0 -0.9945 0.1047
vn 0.0237 0.0314 0.9992
vn -0.0 -0.9932 0.1168
vn -0.0 -0.8321 0.5547
vn -0.0 -0.9945 0.1047
vn 0.0237 0.0314 0.9992
vn -0.0 -0.9932 0.1168
vn -0.0 -0.8321 0.5547
vn -0.0 -0.9945 0.1047
vn 0.0237 0.0314 0.9992
vn 0.0141 -0.0142 0.9998
vn 0.0 0.0 1.0
vn -0.205 0.6171 0.7597
vn -0.4293 0.4293 0.7946
vn -0.6171 0.2051 0.7597
vn -0.485 0.485 0.7278
vn -0.2285 0.6855 0.6913
vn 0.0012 -0.0011 1.0
vn -0.6855 0.2285 0.6913
vn -0.4225 0.4225 0.8019
vn -0.4792 0.4792 0.7353
vn -0.2051 0.6171 0.7597
vn 0.0 0.0 1.0
vn -1.0 0.0 -0.0
vn 1.0 0.0 0.0
vn 0.9571 0.0 0.2898
vn 0.8321 0.0 0.5547
vn 0.5145 0.5145 0.686
vn 0.0 0.9571 0.2898
vn 0.0 0.8321 0.5547
vn 0.2357 0.2357 0.9428
vn 0.8507 0.0 0.5257
vn 0.4472 0.0 0.8944
vn 0.0 0.4472 0.8944
vn 0.0 0.8507 0.5257
vn 0.9945 -0.0 0.1047
vn 0.8321 -0.0 0.5547
vn -0.0314 0.0237 0.9992
vn 0.9932 -0.0 0.1168
vn 0.9894 0.0355 0.1406
vn 0.5609 0.5609 0.609
vn 0.0781 0.9832 0.1648
vn 0.8498 0.0198 0.5267
vn 0.056 0.7882 0.6129
vn -0.0237 -0.0314 0.9992
vn 0.7069 0.7069 0.0245
vn -0.0 0.0 1.0
vn -1.0E-4 -0.0 1.0
vn 0.0 1.0E-4 1.0
vn 0.0 0.851 0.5251
vn -0.0 -0.0 1.0
vn -0.0 0.7071 0.7071
vn 0.0 0.8511 0.525
vn 0.0 0.0 1.0
vn -1.0 0.0 -0.0
vn 1.0 0.0 0.0
vn 0.0 0.9945 0.1047
vn 0.0 0.8321 0.5547
vn -0.0237 -0.0314 0.9992
vn 0.0 0.9932 0.1168
vn 0.0 0.0 1.0
vn -1.0 0.0 -0.0
vn 1.0 0.0 0.0
vn 0.0 0.0 1.0
vn -1.0 0.0 -0.0
vn 1.0 0.0 0.0
vn 0.0 0.0 1.0
vn 0.7882 -0.056 0.6129
vn 0.0355 -0.9894 0.1406
vn 0.5609 -0.5609 0.609
vn -0.0314 0.0237 0.9992
vn 0.9832 -0.0781 0.1648
vn 0.0198 -0.8498 0.5267
vn 0.7069 -0.7069 0.0245
vn 0.9945 -0.0 0.1047
vn 0.8321 -0.0 0.5547
vn -0.0314 0.0237 0.9992
vn 0.9932 -0.0 0.1168
vn 0.0 -0.9571 0.2898
vn 0.0 -0.8321 0.5547
vn 0.5145 -0.5145 0.686
vn 0.9571 -0.0 0.2898
vn 0.8321 -0.0 0.5547
vn 0.2357 -0.2357 0.9428
vn 0.0 -0.8507 0.5257
vn 0.0 -0.4472 0.8944
vn 0.4472 -0.0 0.8944
vn 0.8507 -0.0 0.5257
vn -0.0 -0.9932 0.1168
vn -0.0 -0.8321 0.5547
vn -0.0 -0.9945 0.1047
vn 0.0237 0.0314 0.9992
vn -0.001383 0.006577 0.999977
vn -0.001383 0.006577 0.999977
vn -0.001383 0.006577 0.999977
vn -0.001383 0.006577 0.999977
vn -0.001383 0.006577 0.999977
vn -0.001383 0.006577 0.999977
vn -0.001383 0.006577 0.999977
vn -0.001383 0.006577 0.999977
vn -0.001383 0.006577 0.999977
vn -0.001383 0.006577 0.999977
vn -0.001383 0.006577 0.999977
vn -0.001383 0.006577 0.999977
vn -0.001383 0.006577 0.999977
vn -0.001383 0.006577 0.999977
vn -0.001383 0.006577 0.999977
vn -0.001383 0.006577 0.999977
vn -0.001383 0.006577 0.999977
vn -0.001383 0.006577 0.999977
vn -0.001383 0.006577 0.999977
vn -0.001383 0.006577 0.999977
vn 1.0E-4 0.0 1.0
vn -0.0 -1.0E-4 1.0
vn -0.0 -0.851 0.5251
vn 0.0 0.0 1.0
vn 0.0 -0.7071 0.7071
vn -0.0 -0.8511 0.525
vn 0.0 -0.0 1.0
vn 0.0 -0.9239 0.3826
vn 0.0 -0.3045 0.9525
vn 0.0 -0.9239 0.3827
vn 0.0 -0.9238 0.3828
vn 0.0 -0.7071 0.7071
vn -0.0 0.1094 0.994
vn -0.0 -0.924 0.3825
vn 0.0 -0.9241 0.3822
vn -0.7071 0.0 0.7071
vn -0.8511 0.0 0.5251
vn 0.7071 -0.0 0.7071
vn 0.8511 -0.0 0.5251
vn 0.0957 -0.9513 0.2931
vn 0.1289 -0.9123 0.3888
vn 1.0 -0.0 -0.0
vn -0.1406 -0.6702 0.7288
vn -0.1289 -0.9123 0.3888
vn -0.0957 -0.9513 0.2931
vn 0.1406 -0.6702 0.7288
vn -1.0 -0.0 0.0
vn -0.6204 -0.4799 0.6203
vn -0.6991 -0.3867 0.6015
vn -0.6722 -0.6664 0.3225
vn -0.7582 -0.6038 0.2462
vn -0.7559 -0.4629 0.4629
vn -0.6031 -0.564 0.564
vn -0.6723 -0.6664 0.3224
vn -0.6723 -0.6664 0.3225
vn 0.6204 -0.4799 0.6203
vn 0.6854 -0.6658 0.2948
vn 0.6991 -0.3867 0.6015
vn 0.7582 -0.6038 0.2462
vn 0.6854 -0.6658 0.2949
vn 0.6031 -0.564 0.564
vn 0.7559 -0.4629 0.4629
vn 0.6853 -0.6659 0.2948
vn 0.1289 -0.9123 0.3887
vn 0.0957 -0.9513 0.293
vn -0.1289 -0.9123 0.3887
vn -0.0957 -0.9513 0.293
vn 0.129 -0.9123 0.3888
vn -0.6031 -0.564 0.5641
vn -0.1407 -0.6701 0.7288
vn -0.6204 -0.4799 0.6204
vn -0.1407 -0.6702 0.7287
vn -0.129 -0.9123 0.3888
vn 0.6031 -0.564 0.5641
vn 0.1407 -0.6701 0.7288
vn 0.6204 -0.4799 0.6204
vn 0.1407 -0.6702 0.7287
vn 0.0 -0.0 1.0
vn 0.6283 -0.6284 0.4586
vn 0.6284 -0.6283 0.4586
vn -0.6284 -0.6283 0.4586
vn -0.6283 -0.6284 0.4586
vn 0.421 -0.6787 0.6018
vn 0.3102 -0.8847 0.3479
vn -0.3194 -0.8821 0.3463
vn -0.4323 -0.6676 0.6061
vn 0.3696 -0.657 0.657
vn -0.3696 -0.657 0.657
vn 0.6851 -0.666 0.2953
vn 0.7606 -0.6007 0.2464
vn 0.3127 -0.8846 0.346
vn 0.4233 -0.6811 0.5974
vn 0.4472 0.0 0.8944
vn 0.3696 -0.6571 0.657
vn -0.4472 0.0 0.8944
vn -0.4218 -0.6805 0.5992
vn -0.32 -0.882 0.3461
vn -0.7592 -0.6025 0.2463
vn -0.6723 -0.6663 0.3225
vn -0.3696 -0.6571 0.657
vn 0.0 -0.0 1.0
vn 0.0 -0.9239 0.3826
vn 0.0 -0.3045 0.9525
vn 0.0 -0.9239 0.3827
vn 0.0 -0.9238 0.3828
vn 0.0 -0.7071 0.7071
vn -0.0 0.1094 0.994
vn -0.0 -0.924 0.3825
vn 0.0 -0.9241 0.3822
vn -0.7071 0.0 0.7071
vn -0.8511 0.0 0.5251
vn 0.7071 -0.0 0.7071
vn 0.8511 -0.0 0.5251
vn 0.0957 -0.9513 0.2931
vn 0.1289 -0.9123 0.3888
vn 1.0 -0.0 -0.0
vn -0.1406 -0.6702 0.7288
vn -0.1289 -0.9123 0.3888
vn -0.0957 -0.9513 0.2931
vn 0.1406 -0.6702 0.7288
vn -1.0 -0.0 0.0
vn -0.6204 -0.4799 0.6203
vn -0.6991 -0.3867 0.6015
vn -0.6722 -0.6664 0.3225
vn -0.7582 -0.6038 0.2462
vn -0.7559 -0.4629 0.4629
vn -0.6031 -0.564 0.564
vn -0.6723 -0.6664 0.3224
vn -0.6723 -0.6664 0.3225
vn 0.6204 -0.4799 0.6203
vn 0.6854 -0.6658 0.2948
vn 0.6991 -0.3867 0.6015
vn 0.7582 -0.6038 0.2462
vn 0.6854 -0.6658 0.2949
vn 0.6031 -0.564 0.564
vn 0.7559 -0.4629 0.4629
vn 0.6853 -0.6659 0.2948
vn 0.1289 -0.9123 0.3887
vn 0.0957 -0.9513 0.293
vn -0.1289 -0.9123 0.3887
vn -0.0957 -0.9513 0.293
vn 0.129 -0.9123 0.3888
vn -0.6031 -0.564 0.5641
vn -0.1407 -0.6701 0.7288
vn -0.6204 -0.4799 0.6204
vn -0.1407 -0.6702 0.7287
vn -0.129 -0.9123 0.3888
vn 0.6031 -0.564 0.5641
vn 0.1407 -0.6701 0.7288
vn 0.6204 -0.4799 0.6204
vn 0.1407 -0.6702 0.7287
vn 0.0 -0.0 1.0
vn 0.6283 -0.6284 0.4586
vn 0.6284 -0.6283 0.4586
vn -0.6284 -0.6283 0.4586
vn -0.6283 -0.6284 0.4586
vn 0.421 -0.6787 0.6018
vn 0.3102 -0.8847 0.3479
vn -0.3194 -0.8821 0.3463
vn -0.4323 -0.6676 0.6061
vn 0.3696 -0.657 0.657
vn -0.3696 -0.657 0.657
vn 0.6851 -0.666 0.2953
vn 0.7606 -0.6007 0.2464
vn 0.3127 -0.8846 0.346
vn 0.4233 -0.6811 0.5974
vn 0.4472 0.0 0.8944
vn 0.3696 -0.6571 0.657
vn -0.4472 0.0 0.8944
vn -0.4218 -0.6805 0.5992
vn -0.32 -0.882 0.3461
vn -0.7592 -0.6025 0.2463
vn -0.6723 -0.6663 0.3225
vn -0.3696 -0.6571 0.657
vn 0.0 -0.0 1.0
vn 0.0 -0.9239 0.3826
vn 0.0 -0.3045 0.9525
vn 0.0 -0.9239 0.3827
vn 0.0 -0.9238 0.3828
vn 0.0 -0.7071 0.7071
vn -0.0 0.1094 0.994
vn -0.0 -0.924 0.3825
vn 0.0 -0.9241 0.3822
vn -0.7071 0.0 0.7071
vn -0.8511 0.0 0.5251
vn 0.7071 -0.0 0.7071
vn 0.8511 -0.0 0.5251
vn 0.0957 -0.9513 0.2931
vn 0.1289 -0.9123 0.3888
vn 1.0 -0.0 -0.0
vn -0.1406 -0.6702 0.7288
vn -0.1289 -0.9123 0.3888
vn -0.0957 -0.9513 0.2931
vn 0.1406 -0.6702 0.7288
vn -1.0 -0.0 0.0
vn -0.6204 -0.4799 0.6203
vn -0.6991 -0.3867 0.6015
vn -0.6722 -0.6664 0.3225
vn -0.7582 -0.6038 0.2462
vn -0.7559 -0.4629 0.4629
vn -0.6031 -0.564 0.564
vn -0.6723 -0.6664 0.3224
vn -0.6723 -0.6664 0.3225
vn 0.6204 -0.4799 0.6203
vn 0.6854 -0.6658 0.2948
vn 0.6991 -0.3867 0.6015
vn 0.7582 -0.6038 0.2462
vn 0.6854 -0.6658 0.2949
vn 0.6031 -0.564 0.564
vn 0.7559 -0.4629 0.4629
vn 0.6853 -0.6659 0.2948
vn 0.1289 -0.9123 0.3887
vn 0.0957 -0.9513 0.293
vn -0.1289 -0.9123 0.3887
vn -0.0957 -0.9513 0.293
vn 0.129 -0.9123 0.3888
vn -0.6031 -0.564 0.5641
vn -0.1407 -0.6701 0.7288
vn -0.6204 -0.4799 0.6204
vn -0.1407 -0.6702 0.7287
vn -0.129 -0.9123 0.3888
vn 0.6031 -0.564 0.5641
vn 0.1407 -0.6701 0.7288
vn 0.6204 -0.4799 0.6204
vn 0.1407 -0.6702 0.7287
vn 0.0 -0.0 1.0
vn 0.6283 -0.6284 0.4586
vn 0.6284 -0.6283 0.4586
vn -0.6284 -0.6283 0.4586
vn -0.6283 -0.6284 0.4586
vn 0.421 -0.6787 0.6018
vn 0.3102 -0.8847 0.3479
vn -0.3194 -0.8821 0.3463
vn -0.4323 -0.6676 0.6061
vn 0.3696 -0.657 0.657
vn -0.3696 -0.657 0.657
vn 0.6851 -0.666 0.2953
vn 0.7606 -0.6007 0.2464
vn 0.3127 -0.8846 0.346
vn 0.4233 -0.6811 0.5974
vn 0.4472 0.0 0.8944
vn 0.3696 -0.6571 0.657
vn -0.4472 0.0 0.8944
vn -0.4218 -0.6805 0.5992
vn -0.32 -0.882 0.3461
vn -0.7592 -0.6025 0.2463
vn -0.6723 -0.6663 0.3225
vn -0.3696 -0.6571 0.657
vn 0.0 0.0 1.0
vn -1.0 0.0 -0.0
vn 1.0 0.0 0.0
vn 0.0 0.0 1.0
vn -1.0 0.0 -0.0
vn 1.0 0.0 0.0
vn 0.9945 -0.0 0.1047
vn 0.8321 -0.0 0.5547
vn -0.0314 0.0237 0.9992
vn 0.9932 -0.0 0.1168
vn 0.9894 0.0355 0.1406
vn 0.5609 0.5609 0.609
vn 0.0781 0.9832 0.1648
vn 0.8498 0.0198 0.5267
vn 0.056 0.7882 0.6129
vn -0.0237 -0.0314 0.9992
vn 0.7069 0.7069 0.0245
vn 0.0141 -0.0142 0.9998
vn 0.0 0.0 1.0
vn -0.205 0.6171 0.7597
vn -0.4293 0.4293 0.7946
vn -0.6171 0.2051 0.7597
vn -0.485 0.485 0.7278
vn -0.2285 0.6855 0.6913
vn 0.0012 -0.0011 1.0
vn -0.6855 0.2285 0.6913
vn -0.4225 0.4225 0.8019
vn -0.4792 0.4792 0.7353
vn -0.2051 0.6171 0.7597
vn 0.0 0.0 1.0
vn -1.0 0.0 -0.0
vn 1.0 0.0 0.0
vn -0.0 0.0 1.0
vn -0.0 0.0 1.0
vn -0.0 0.0 1.0
vn -0.8498 -0.0198 0.5267
vn -0.056 -0.7882 0.6129
vn -0.0781 -0.9832 0.1648
vn -0.5609 -0.5609 0.609
vn -0.9894 -0.0355 0.1406
vn -0.7069 -0.7069 0.0245
vn 0.0237 0.0314 0.9992
vn -0.9932 0.0 0.1168
vn -0.8321 0.0 0.5547
vn 0.0314 -0.0237 0.9992
vn -0.9945 0.0 0.1047
vn -0.9571 -0.0 0.2898
vn -0.8321 -0.0 0.5547
vn -0.5145 -0.5145 0.686
vn -0.0 -0.9571 0.2898
vn -0.0 -0.8321 0.5547
vn -0.2357 -0.2357 0.9428
vn -0.8507 -0.0 0.5257
vn -0.4472 -0.0 0.8944
vn -0.0 -0.4472 0.8944
vn -0.0 -0.8507 0.5257
vn -0.8498 -0.0198 0.5267
vn -0.056 -0.7882 0.6129
vn -0.0781 -0.9832 0.1648
vn -0.5609 -0.5609 0.609
vn -0.9894 -0.0355 0.1406
vn -0.7069 -0.7069 0.0245
vn 0.0237 0.0314 0.9992
vn -0.9932 0.0 0.1168
vn -0.8321 0.0 0.5547
vn 0.0314 -0.0237 0.9992
vn -0.9945 0.0 0.1047
vn -0.9571 -0.0 0.2898
vn -0.8321 -0.0 0.5547
vn -0.5145 -0.5145 0.686
vn -0.0 -0.9571 0.2898
vn -0.0 -0.8321 0.5547
vn -0.2357 -0.2357 0.9428
vn -0.8507 -0.0 0.5257
vn -0.4472 -0.0 0.8944
vn -0.0 -0.4472 0.8944
vn -0.0 -0.8507 0.5257
vn -0.0 -0.9932 0.1168
vn -0.0 -0.8321 0.5547
vn -0.0 -0.9945 0.1047
vn 0.0237 0.0314 0.9992
vn 0.0 0.0 1.0
vn -1.0 0.0 -0.0
vn 1.0 0.0 0.0
vn -0.0 -0.9932 0.1168
vn -0.0 -0.8321 0.5547
vn -0.0 -0.9945 0.1047
vn 0.0237 0.0314 0.9992
vn -0.0 -0.9932 0.1168
vn -0.0 -0.8321 0.5547
vn -0.0 -0.9945 0.1047
vn 0.0237 0.0314 0.9992
vn 0.0 -0.6655 0.7464
vn 0.0 -0.005 1.0
vn 0.0 0.3162 0.9487
vn 1.0 -0.0 -0.0
vn 0.0 0.0 1.0
vn -1.0 -0.0 0.0
vn -0.8498 -0.0198 0.5267
vn -0.056 -0.7882 0.6129
vn -0.0781 -0.9832 0.1648
vn -0.5609 -0.5609 0.609
vn -0.9894 -0.0355 0.1406
vn -0.7069 -0.7069 0.0245
vn 0.0237 0.0314 0.9992
vn -0.9932 0.0 0.1168
vn -0.8321 0.0 0.5547
vn 0.0314 -0.0237 0.9992
vn -0.9945 0.0 0.1047
vn -0.9571 -0.0 0.2898
vn -0.8321 -0.0 0.5547
vn -0.5145 -0.5145 0.686
vn -0.0 -0.9571 0.2898
vn -0.0 -0.8321 0.5547
vn -0.2357 -0.2357 0.9428
vn -0.8507 -0.0 0.5257
vn -0.4472 -0.0 0.8944
vn -0.0 -0.4472 0.8944
vn -0.0 -0.8507 0.5257
vn 1.0E-4 0.0 1.0
vn 0.0 0.0 1.0
vn -0.0 -1.0E-4 1.0
vn -1.0E-4 -0.0 1.0
vn 0.0 1.0E-4 1.0
vn 0.0 0.0 1.0
vn -0.0 0.0 1.0
vn 0.0 0.0 1.0
vn 0.0 -0.0 1.0
vn -0.0 -0.9932 0.1168
vn -0.0 -0.8321 0.5547
vn -0.0 -0.9945 0.1047
vn 0.0237 0.0314 0.9992
vn 0.0 0.0 1.0
vn -1.0 0.0 -0.0
vn 1.0 0.0 0.0
vn -0.0 -0.9932 0.1168
vn -0.0 -0.8321 0.5547
vn -0.0 -0.9945 0.1047
vn 0.0237 0.0314 0.9992
vn 0.0 0.0 1.0
vn -1.0 0.0 -0.0
vn 1.0 0.0 0.0
vn 0.0 0.0 1.0
vn -1.0 0.0 -0.0
vn 1.0 0.0 0.0
vn 0.7882 -0.056 0.6129
vn 0.0355 -0.9894 0.1406
vn 0.5609 -0.5609 0.609
vn -0.0314 0.0237 0.9992
vn 0.9832 -0.0781 0.1648
vn 0.0198 -0.8498 0.5267
vn 0.7069 -0.7069 0.0245
vn 0.6655 0.0 0.7464
vn 0.005 0.0 1.0
vn -0.3162 0.0 0.9487
vn 0.0 1.0 -0.0
vn -0.0 0.0 1.0
vn 0.0 -1.0 0.0
vn 0.0 -0.9571 0.2898
vn 0.0 -0.8321 0.5547
vn 0.5145 -0.5145 0.686
vn 0.9571 -0.0 0.2898
vn 0.8321 -0.0 0.5547
vn 0.2357 -0.2357 0.9428
vn 0.0 -0.8507 0.5257
vn 0.0 -0.4472 0.8944
vn 0.4472 -0.0 0.8944
vn 0.8507 -0.0 0.5257
vn -0.9932 0.0 0.1168
vn -0.8321 0.0 0.5547
vn 0.0314 -0.0237 0.9992
vn -0.9945 0.0 0.1047
vn -0.0355 0.9894 0.1406
vn -0.5609 0.5609 0.609
vn -0.9832 0.0781 0.1648
vn -0.0198 0.8498 0.5267
vn -0.7882 0.056 0.6129
vn 0.0314 -0.0237 0.9992
vn -0.7069 0.7069 0.0245
vn 0.0 0.0 1.0
vn -1.0 0.0 -0.0
vn 1.0 0.0 0.0
vn 0.0 0.0 1.0
vn -1.0 0.0 -0.0
vn 1.0 0.0 0.0
vn -0.0 -0.9932 0.1168
vn -0.0 -0.8321 0.5547
vn -0.0 -0.9945 0.1047
vn 0.0237 0.0314 0.9992
vn -0.0 -0.9932 0.1168
vn -0.0 -0.8321 0.5547
vn -0.0 -0.9945 0.1047
vn 0.0237 0.0314 0.9992
vn 0.0 0.9945 0.1047
vn 0.0 0.8321 0.5547
vn -0.0237 -0.0314 0.9992
vn 0.0 0.9932 0.1168
vn 1.0E-4 0.0 1.0
vn 0.0 0.0 1.0
vn -0.0 -1.0E-4 1.0
vn -1.0E-4 -0.0 1.0
vn 0.0 1.0E-4 1.0
vn 0.0 0.0 1.0
vn -0.0 0.0 1.0
vn 0.0 0.0 1.0
vn 0.0 -0.0 1.0
vn 0.0 0.0 1.0
vn -1.0 0.0 -0.0
vn 1.0 0.0 0.0
vn 1.0E-4 0.0 1.0
vn 0.0 0.0 1.0
vn -0.0 -1.0E-4 1.0
vn -1.0E-4 -0.0 1.0
vn 0.0 1.0E-4 1.0
vn 0.0 0.0 1.0
vn -0.0 0.0 1.0
vn 0.0 0.0 1.0
vn 0.0 -0.0 1.0
vn 0.0 0.0 1.0
vn -1.0 0.0 -0.0
vn 1.0 0.0 0.0
vn 0.0 0.0 1.0
vn -1.0 0.0 -0.0
vn 1.0 0.0 0.0
vn -0.0 -0.9932 0.1168
vn -0.0 -0.8321 0.5547
vn -0.0 -0.9945 0.1047
vn 0.0237 0.0314 0.9992
vn -0.0 0.9571 0.2898
vn -0.0 0.8321 0.5547
vn -0.5145 0.5145 0.686
vn -0.9571 0.0 0.2898
vn -0.8321 0.0 0.5547
vn -0.2357 0.2357 0.9428
vn -0.0 0.8507 0.5257
vn -0.0 0.4472 0.8944
vn -0.4472 0.0 0.8944
vn -0.8507 0.0 0.5257
vn -0.0355 0.9894 0.1406
vn -0.5609 0.5609 0.609
vn -0.9832 0.0781 0.1648
vn -0.0198 0.8498 0.5267
vn -0.7882 0.056 0.6129
vn 0.0314 -0.0237 0.9992
vn -0.7069 0.7069 0.0245
vn 1.0E-4 0.0 1.0
vn 0.0 0.0 1.0
vn -0.0 -1.0E-4 1.0
vn -1.0E-4 -0.0 1.0
vn 0.0 1.0E-4 1.0
vn 0.0 0.0 1.0
vn -0.0 0.0 1.0
vn 0.0 0.0 1.0
vn 0.0 -0.0 1.0
vn -0.7071 0.0 0.7071
vn -0.8321 0.0 0.5547
vn -0.0434 -0.0 0.9991
vn -0.0309 0.6947 0.7186
vn -0.5609 0.5609 0.609
vn -0.7246 0.028 0.6886
vn -0.0338 0.8515 0.5233
vn -0.844 -0.0025 0.5364
vn -0.0149 0.0062 0.9999
vn 0.0 0.9945 0.1047
vn 0.0 0.8321 0.5547
vn -0.0237 -0.0314 0.9992
vn 0.0 0.9932 0.1168
vn 0.0 0.0 1.0
vn -1.0 0.0 -0.0
vn 1.0 0.0 0.0
vn -0.001383 0.006577 0.999977
vn -0.001383 0.006577 0.999977
vn -0.001383 0.006577 0.999977
vn -0.001383 0.006577 0.999977
vn -0.001383 0.006577 0.999977
vn -0.001383 0.006577 0.999977
vn -0.001383 0.006577 0.999977
vn -0.001383 0.006577 0.999977
vn -0.001383 0.006577 0.999977
vn -0.001383 0.006577 0.999977
vn -0.001383 0.006577 0.999977
vn -0.001383 0.006577 0.999977
vn -0.001383 0.006577 0.999977
vn -0.001383 0.006577 0.999977
vn -0.001383 0.006577 0.999977
vn -0.001383 0.006577 0.999977
vn -0.001383 0.006577 0.999977
vn -0.001383 0.006577 0.999977
vn -0.001383 0.006577 0.999977
vn -0.001383 0.006577 0.999977
vn -0.0309 0.6947 0.7186
vn -0.5609 0.5609 0.609
vn -0.7246 0.028 0.6886
vn -0.0338 0.8515 0.5233
vn -0.844 -0.0025 0.5364
vn -0.0149 0.0062 0.9999
vn 0.0 0.7071 0.7071
vn 0.0 0.8321 0.5547
vn -0.0 0.0434 0.9991
vn -0.0 -0.9932 0.1168
vn -0.0 -0.8321 0.5547
vn -0.0 -0.9945 0.1047
vn 0.0237 0.0314 0.9992
vn -0.001383 0.006577 0.999977
vn -0.001383 0.006577 0.999977
vn -0.001383 0.006577 0.999977
vn -0.001383 0.006577 0.999977
vn -0.001383 0.006577 0.999977
vn -0.001383 0.006577 0.999977
vn -0.001383 0.006577 0.999977
vn -0.001383 0.006577 0.999977
vn -0.001383 0.006577 0.999977
vn -0.001383 0.006577 0.999977
vn -0.001383 0.006577 0.999977
vn -0.001383 0.006577 0.999977
vn -0.001383 0.006577 0.999977
vn -0.001383 0.006577 0.999977
vn -0.001383 0.006577 0.999977
vn -0.001383 0.006577 0.999977
vn -0.001383 0.006577 0.999977
vn -0.001383 0.006577 0.999977
vn -0.001383 0.006577 0.999977
vn -0.001383 0.006577 0.999977
vn -0.0 -0.9932 0.1168
vn -0.0 -0.8321 0.5547
vn -0.0 -0.9945 0.1047
vn 0.0237 0.0314 0.9992
vn 0.7882 -0.056 0.6129
vn 0.0355 -0.9894 0.1406
vn 0.5609 -0.5609 0.609
vn -0.0314 0.0237 0.9992
vn 0.9832 -0.0781 0.1648
vn 0.0198 -0.8498 0.5267
vn 0.7069 -0.7069 0.0245
vn 0.0 0.7071 0.7071
vn 0.0 0.8321 0.5547
vn -0.0 0.0434 0.9991
vn 0.0 0.0 1.0
vn -1.0 0.0 -0.0
vn 1.0 0.0 0.0
vn -0.001383 0.006577 0.999977
vn -0.001383 0.006577 0.999977
vn -0.001383 0.006577 0.999977
vn -0.001383 0.006577 0.999977
vn -0.001383 0.006577 0.999977
vn -0.001383 0.006577 0.999977
vn -0.001383 0.006577 0.999977
vn -0.001383 0.006577 0.999977
vn -0.001383 0.006577 0.999977
vn -0.001383 0.006577 0.999977
vn -0.001383 0.006577 0.999977
vn -0.001383 0.006577 0.999977
vn -0.001383 0.006577 0.999977
vn -0.001383 0.006577 0.999977
vn -0.001383 0.006577 0.999977
vn -0.001383 0.006577 0.999977
vn -0.001383 0.006577 0.999977
vn -0.001383 0.006577 0.999977
vn -0.001383 0.006577 0.999977
vn -0.001383 0.006577 0.999977
vn 0.0 0.0 1.0
vn 0.0 0.0 1.0
vn 0.0 0.0 1.0
vn 0.0 0.0 1.0
vn 0.0 0.0 1.0
vn 0.0 0.0 1.0
vn 0.0 0.0 1.0
vn 0.0 0.0 1.0
vn 0.0 0.0 1.0
vn 0.0 0.0 1.0
vn 0.0 0.0 1.0
vn 0.0 0.0 1.0
vn 0.0 0.0 1.0
vn 0.0 0.0 1.0
vn 0.0 0.0 1.0
vn 0.0 0.0 1.0
vn 0.0 0.0 1.0
vn 0.0 0.0 1.0
vn 0.0 0.0 1.0
vn 0.0 -0.0 1.0
vn 0.0 0.0 1.0
vn 0.0 0.0 1.0
vn 0.0 -0.0 1.0
vn 0.0 0.0 1.0
vn 0.0 0.0 1.0
vn 0.0 0.0 1.0
vn 0.0 0.0 1.0
vn 0.0 0.0 1.0
vn 0.0 0.0 1.0
vn 0.0 0.0 1.0
vn 0.0 0.0 1.0
vn 0.0 0.0 1.0
vn 0.0 0.0 1.0
vn 0.0 0.0 1.0
vn 0.0 0.0 1.0
vn 0.0 0.0 1.0
vn 0.0 0.0 1.0
vn 0.0 0.0 1.0
vn 0.0 0.0 1.0
vn 0.0 0.0 1.0
vn 0.0 0.0 1.0
vn 0.0 0.0 1.0
vn 0.0 0.0 1.0
vn 0.0 0.0 1.0
vn 0.0 0.0 1.0
vn 0.0 0.0 1.0
vn 0.0 0.0 1.0
vn 0.0 0.0 1.0
vn 0.0 0.0 1.0
vn 0.0 0.0 1.0
vn 0.0 0.0 1.0
vn 0.0 0.0 1.0
vn 0.0 0.0 1.0
vn 0.0 0.0 1.0
vn 0.0 0.0 1.0
vn 0.0 0.0 1.0
vn 0.0 0.0 1.0
vn 0.0 0.0 1.0
vn -1.0 0.0 -0.0
vn 1.0 0.0 0.0
vn 0.0 -0.0 1.0
vn 0.0 0.0 1.0
vn 0.0 -0.0 1.0
vn 0.0 0.0 1.0
vn 0.0 0.0 1.0
vn 0.0 0.0 1.0
vn 0.0 0.0 1.0
vn 0.0 0.0 1.0
vn 0.0 0.0 1.0
vn 0.0 0.0 1.0
vn 0.0 0.0 1.0
vn 0.0 -0.0 1.0
vn 0.3534 0.3537 0.866
vn 0.3536 0.3535 0.866
vn 0.0 0.0 1.0
vn 0.0 1.0 0.0
vn -0.0 -0.0 1.0
vn 0.3537 -0.3534 0.866
vn 0.3535 -0.3536 0.866
vn 0.0 0.0 1.0
vn -1.0 0.0 -0.0
vn 1.0 0.0 0.0
vn 0.0 -0.0 1.0
vn 0.0 -0.0 1.0
vn -0.0 0.0 1.0
vn -1.0 0.0 0.0
vn -0.0 0.0 1.0
vn -1.0 0.0 0.0
vn 0.0 0.0 1.0
vn 0.0 0.0 1.0
vn 0.0 0.0 1.0
vn -0.3537 0.3534 0.866
vn -0.3535 0.3536 0.866
vn -0.0 -0.0 1.0
vn 0.3537 -0.3534 0.866
vn 0.3535 -0.3536 0.866
vn 0.0 -0.0 1.0
vn 0.0 0.0 1.0
vn 0.0 -0.0 1.0
vn 0.0 0.0 1.0
vn 0.0 0.0 1.0
vn 0.0 0.0 1.0
vn 0.0 0.0 1.0
vn 0.0 0.0 1.0
vn -0.0 0.0 1.0
vn -1.0 0.0 0.0
vn 0.0 0.0 1.0
vn -0.3537 0.3534 0.866
vn -0.3535 0.3536 0.866
vn -0.0 -0.0 1.0
vn 0.3537 -0.3534 0.866
vn 0.3535 -0.3536 0.866
vn 0.0 0.0 1.0
vn -1.0 0.0 -0.0
vn 1.0 0.0 0.0
vn 0.0 0.0 1.0
vn 0.0 0.0 1.0
vn 0.0 0.0 1.0
vn 0.0 0.0 1.0
vn 0.0 0.0 1.0
vn 0.0 0.0 1.0
vn -0.0 0.0 1.0
vn -1.0 0.0 0.0
vn 0.0 0.0 1.0
vn 0.0 0.0 1.0
vn 0.0 0.0 1.0
vn 0.0 0.0 1.0
vn 0.0 0.0 1.0
vn 0.0 0.0 1.0
vn -1.0 0.0 -0.0
vn 1.0 0.0 0.0
vn 0.0 0.0 1.0
vn -0.3537 0.3534 0.866
vn -0.3535 0.3536 0.866
vn -0.0 -0.0 1.0
vn 0.3537 -0.3534 0.866
vn 0.3535 -0.3536 0.866
vn 0.0 0.0 1.0
vn -0.0 0.0 1.0
vn -1.0 0.0 0.0
vn 0.0 0.0 1.0
vn 0.0 -0.0 1.0
vn 0.0 0.0 1.0
vn 0.0 0.0 1.0
vn 0.0 0.0 1.0
vn 0.0 -0.0 1.0
vn 0.3534 0.3537 0.866
vn 0.3536 0.3535 0.866
vn -0.0 0.0 1.0
vn -0.3534 -0.3537 0.866
vn -0.3536 -0.3535 0.866
vn 0.0 0.0 1.0
vn -0.3537 0.3534 0.866
vn -0.3535 0.3536 0.866
vn -0.0 -0.0 1.0
vn 0.3537 -0.3534 0.866
vn 0.3535 -0.3536 0.866
vn 0.0 -0.0 1.0
vn 0.0 -0.0 1.0
vn 0.0 0.0 1.0
vn -0.0 0.0 1.0
vn -1.0 0.0 0.0
vn -0.0 0.0 1.0
vn -1.0 0.0 0.0
vn 0.0 0.0 1.0
vn 0.0 0.0 1.0
vn 0.0 0.0 1.0
vn 0.0 -0.0 1.0
vn 0.0 -0.0 1.0
vn 0.0 0.0 1.0
vn 0.0 -0.0 1.0
vn 0.0 0.0 1.0
vn 0.0 0.0 1.0
vn -0.3537 0.3534 0.866
vn -0.3535 0.3536 0.866
vn 0.0 0.0 1.0
vn 0.0 1.0 0.0
vn -0.0 -0.0 1.0
vn 0.3537 -0.3534 0.866
vn 0.3535 -0.3536 0.866
vn -0.0 0.0 1.0
vn -1.0 0.0 0.0
vn 0.0 0.0 1.0
vn -0.3537 0.3534 0.866
vn -0.3535 0.3536 0.866
vn -0.0 -0.0 1.0
vn 0.3537 -0.3534 0.866
vn 0.3535 -0.3536 0.866
vn 0.0 -0.0 1.0
vn 0.0 -0.0 1.0
vn 0.0 -0.0 1.0
vn 0.0 -0.0 1.0
vn 0.0 0.0 1.0
vn 0.0 0.0 1.0
vn 0.0 -0.0 1.0
vn 0.0 0.0 1.0
vn 0.0 -0.0 1.0
vn 0.0 -0.0 1.0
vn 0.0 -0.0 1.0
vn 0.0 -0.0 1.0
vn 0.0 -0.0 1.0
vn 0.0 -0.0 1.0
vn 0.0 -0.0 1.0
vn 0.0 -0.0 1.0
vn 0.0 -0.0 1.0
vn 0.0 -0.0 1.0
vn 0.0 -0.0 1.0
vn 0.0 -0.0 1.0
vn 0.0 -0.0 1.0
vn 0.0 -0.0 1.0
vn 0.0 -0.0 1.0
vn 0.0 -0.0 1.0
vn 0.0 -0.0 1.0
vn 0.0 -0.0 1.0
vn 0.0 -0.0 1.0
vn 0.0 -0.0 1.0
vn 0.0 -0.0 1.0
vn 0.0 -0.0 1.0
vn 0.0 -0.0 1.0
vn 0.0 -0.0 1.0
vn 0.0 -0.0 1.0
vn 0.0 -0.0 1.0
vn 0.0 -0.0 1.0
vn 0.0 -0.0 1.0
vn 0.0 -0.0 1.0
vn 0.0 -0.0 1.0
vn 0.0 -0.0 1.0
vn 0.0 -0.0 1.0
vn 0.0 -0.0 1.0
vn 0.0 -0.0 1.0
vn 0.0 -0.0 1.0
vn 0.0 -0.0 1.0
vn 0.0 -0.0 1.0
vn 0.0 -0.0 1.0
vn 0.0 -0.0 1.0
vn 0.0 -0.0 1.0
vn 0.0 -0.0 1.0
vn 0.0 -0.0 1.0
vn 0.0 -0.0 1.0
vn 0.0 -0.0 1.0
vn 0.0 -0.0 1.0
vn 0.0 -0.0 1.0
vn 0.0 -0.0 1.0
vn 0.0 -0.0 1.0
vn 0.0 -0.0 1.0
vn 0.0 -0.0 1.0
vn 0.0 -0.0 1.0
vn 0.0 -0.0 1.0
vn 0.0 0.7071 0.7071
vn 0.0 0.8321 0.5547
vn -0.0 0.0434 0.9991
vn 0.0 0.7071 0.7071
vn 0.0 0.8321 0.5547
vn -0.0 0.0434 0.9991
vn 0.0 -0.0 1.0
vn -0.0 -0.7071 0.7071
vn -0.0 -0.8321 0.5547
vn 0.0 -0.0434 0.9991
vn -0.0 -0.7071 0.7071
vn -0.0 -0.8321 0.5547
vn 0.0 -0.0434 0.9991
vn 0.0 -0.0189 0.9998
vn 0.0 -0.0188 0.9998
vn -0.0 0.8321 0.5547
vn -0.0 0.7071 0.7071
vn -0.7071 0.0 0.7071
vn 0.0188 0.1841 0.9827
vn 0.0187 0.1841 0.9827
vn -0.7071 0.0 0.7071
vn -0.8321 0.0 0.5547
vn -0.0434 -0.0 0.9991
vn 0.0189 0.0 0.9998
vn 0.0188 0.0 0.9998
vn -0.8321 -0.0 0.5547
vn -0.7071 -0.0 0.7071
vn -0.0 -0.7071 0.7071
vn -0.1841 0.0188 0.9827
vn -0.1841 0.0187 0.9827
vn 0.0 -0.0189 0.9998
vn 0.0 -0.0188 0.9998
vn -0.0 0.8321 0.5547
vn -0.0 0.7071 0.7071
vn -0.7071 0.0 0.7071
vn 0.0188 0.1841 0.9827
vn 0.0187 0.1841 0.9827
vn -0.7071 0.0 0.7071
vn -0.8321 0.0 0.5547
vn -0.0434 -0.0 0.9991
vn 0.0189 0.0 0.9998
vn 0.0188 0.0 0.9998
vn -0.8321 -0.0 0.5547
vn -0.7071 -0.0 0.7071
vn -0.0 -0.7071 0.7071
vn -0.1841 0.0188 0.9827
vn -0.1841 0.0187 0.9827
vn -0.0189 -0.0 0.9998
vn -0.0188 -0.0 0.9998
vn 0.8321 0.0 0.5547
vn 0.7071 0.0 0.7071
vn 0.0 0.7071 0.7071
vn 0.1841 -0.0188 0.9827
vn 0.1841 -0.0187 0.9827
vn 0.7071 -0.0 0.7071
vn 0.8321 -0.0 0.5547
vn 0.0434 0.0 0.9991
vn -0.0 0.0189 0.9998
vn -0.0 0.0188 0.9998
vn 0.0 -0.8321 0.5547
vn 0.0 -0.7071 0.7071
vn 0.7071 -0.0 0.7071
vn -0.0188 -0.1841 0.9827
vn -0.0187 -0.1841 0.9827
vn 0.0 0.7071 0.7071
vn 0.0 0.8321 0.5547
vn -0.0 0.0434 0.9991
vn 0.0 -0.0 1.0
vn -0.0 -0.7071 0.7071
vn -0.0 -0.8321 0.5547
vn 0.0 -0.0434 0.9991
vn 0.0 -0.0 1.0
vn 0.0 -0.0 1.0
vn 0.0 -0.0 1.0
vn 0.0 -0.0189 0.9998
vn 0.0 -0.0188 0.9998
vn -0.0 0.8321 0.5547
vn -0.0 0.7071 0.7071
vn -0.7071 0.0 0.7071
vn 0.0188 0.1841 0.9827
vn 0.0187 0.1841 0.9827
vn -0.7071 0.0 0.7071
vn -0.8321 0.0 0.5547
vn -0.0434 -0.0 0.9991
vn 0.0189 0.0 0.9998
vn 0.0188 0.0 0.9998
vn -0.8321 -0.0 0.5547
vn -0.7071 -0.0 0.7071
vn -0.0 -0.7071 0.7071
vn -0.1841 0.0188 0.9827
vn -0.1841 0.0187 0.9827
vn 0.0 -0.0 1.0
vn 0.0 -0.0 1.0
vn 0.0 -0.0 1.0
vn 0.0 -0.0 1.0
vn 0.0 -0.0 1.0
vn 0.0 -0.0 1.0
c 1.0 1.0 1.0
c 1.0 1.0 1.0
c 0.8039216 0.8039216 0.8039216
c 0.73333335 0.73333335 0.73333335
c 1.0 1.0 1.0
c 1.0 1.0 1.0
c 1.0 1.0 1.0
c 1.0 1.0 1.0
c 1.0 1.0 1.0
c 1.0 1.0 1.0
c 1.0 1.0 1.0
c 1.0 1.0 1.0
c 1.0 1.0 1.0
c 1.0 1.0 1.0
c 1.0 1.0 1.0
c 1.0 1.0 1.0
c 1.0 1.0 1.0
c 1.0 1.0 1.0
c 1.0 1.0 1.0
c 1.0 1.0 1.0
c 1.0 1.0 1.0
c 1.0 1.0 1.0
c 1.0 1.0 1.0
c 1.0 1.0 1.0
c 1.0 1.0 1.0
c 1.0 1.0 1.0
c 1.0 1.0 1.0
c 1.0 1.0 1.0
c 1.0 1.0 1.0
c 1.0 1.0 1.0
c 1.0 1.0 1.0
c 1.0 1.0 1.0
c 1.0 1.0 1.0
c 1.0 1.0 1.0
c 1.0 1.0 1.0
c 1.0 1.0 1.0
c 1.0 1.0 1.0
c 1.0 1.0 1.0
c 1.0 1.0 1.0
c 1.0 1.0 1.0
c 1.0 1.0 1.0
c 1.0 1.0 1.0
c 1.0 1.0 1.0
c 1.0 1.0 1.0
c 1.0 1.0 1.0
c 1.0 1.0 1.0
c 1.0 1.0 1.0
c 1.0 1.0 1.0
c 1.0 1.0 1.0
c 1.0 1.0 1.0
c 1.0 1.0 1.0
c 1.0 1.0 1.0
c 1.0 1.0 1.0
c 1.0 1.0 1.0
c 1.0 1.0 1.0
c 1.0 1.0 1.0
c 1.0 1.0 1.0
c 1.0 1.0 1.0
c 1.0 1.0 1.0
c 1.0 1.0 1.0
c 1.0 1.0 1.0
c 1.0 1.0 1.0
c 1.0 1.0 1.0
c 1.0 1.0 1.0
c 1.0 1.0 1.0
c 1.0 1.0 1.0
c 1.0 1.0 1.0
c 1.0 1.0 1.0
c 1.0 1.0 1.0
c 1.0 1.0 1.0
c 1.0 1.0 1.0
c 1.0 1.0 1.0
c 1.0 1.0 1.0
c 1.0 1.0 1.0
c 1.0 1.0 1.0
c 1.0 1.0 1.0
c 1.0 1.0 1.0
c 1.0 1.0 1.0
c 1.0 1.0 1.0
c 1.0 1.0 1.0
c 1.0 1.0 1.0
c 1.0 1.0 1.0
c 1.0 1.0 1.0
c 1.0 1.0 1.0
c 1.0 1.0 1.0
c 1.0 1.0 1.0
c 1.0 1.0 1.0
c 1.0 1.0 1.0
c 1.0 1.0 1.0
c 1.0 1.0 1.0
c 1.0 1.0 1.0
c 1.0 1.0 1.0
c 1.0 1.0 1.0
c 1.0 1.0 1.0
c 1.0 1.0 1.0
c 1.0 1.0 1.0
c 1.0 1.0 1.0
c 1.0 1.0 1.0
c 1.0 1.0 1.0
c 1.0 1.0 1.0
c 1.0 1.0 1.0
c 1.0 1.0 1.0
c 1.0 1.0 1.0
c 1.0 1.0 1.0
c 1.0 1.0 1.0
c 1.0 1.0 1.0
c 1.0 1.0 1.0
c 1.0 1.0 1.0
c 1.0 1.0 1.0
c 1.0 1.0 1.0
c 1.0 1.0 1.0
c 1.0 1.0 1.0
c 1.0 1.0 1.0
c 1.0 1.0 1.0
c 1.0 1.0 1.0
c 1.0 1.0 1.0
c 1.0 1.0 1.0
c 1.0 1.0 1.0
c 1.0 1.0 1.0
c 1.0 1.0 1.0
c 1.0 1.0 1.0
c 1.0 1.0 1.0
c 1.0 1.0 1.0
c 1.0 1.0 1.0
c 1.0 1.0 1.0
c 1.0 1.0 1.0
c 1.0 1.0 1.0
c 1.0 1.0 1.0
c 1.0 1.0 1.0
c 1.0 1.0 1.0
c 1.0 1.0 1.0
c 1.0 1.0 1.0
c 1.0 1.0 1.0
c 1.0 1.0 1.0
c 1.0 1.0 1.0
c 1.0 1.0 1.0
c 1.0 1.0 1.0
c 1.0 1.0 1.0
c 1.0 1.0 1.0
c 1.0 1.0 1.0
c 1.0 1.0 1.0
c 1.0 1.0 1.0
c 1.0 1.0 1.0
c 1.0 1.0 1.0
c 1.0 1.0 1.0
c 1.0 1.0 1.0
c 1.0 1.0 1.0
c 1.0 1.0 1.0
c 1.0 1.0 1.0
c 1.0 1.0 1.0
c 1.0 1.0 1.0
c 1.0 1.0 1.0
c 1.0 1.0 1.0
c 1.0 1.0 1.0
c 1.0 1.0 1.0
c 1.0 1.0 1.0
c 1.0 1.0 1.0
c 1.0 1.0 1.0
c 1.0 1.0 1.0
c 1.0 1.0 1.0
c 1.0 1.0 1.0
c 1.0 1.0 1.0
c 1.0 1.0 1.0
c 1.0 1.0 1.0
c 1.0 1.0 1.0
c 1.0 1.0 1.0
c 1.0 1.0 1.0
c 1.0 1.0 1.0
c 1.0 1.0 1.0
c 1.0 1.0 1.0
c 1.0 1.0 1.0
c 1.0 1.0 1.0
c 1.0 1.0 1.0
c 1.0 1.0 1.0
c 1.0 1.0 1.0
c 1.0 1.0 1.0
c 1.0 1.0 1.0
c 1.0 1.0 1.0
c 1.0 1.0 1.0
c 1.0 1.0 1.0
c 1.0 1.0 1.0
c 1.0 1.0 1.0
c 1.0 1.0 1.0
c 1.0 1.0 1.0
c 1.0 1.0 1.0
c 1.0 1.0 1.0
c 1.0 1.0 1.0
c 1.0 1.0 1.0
c 1.0 1.0 1.0
c 1.0 1.0 1.0
c 1.0 1.0 1.0
c 1.0 1.0 1.0
c 1.0 1.0 1.0
c 1.0 1.0 1.0
c 1.0 1.0 1.0
c 1.0 1.0 1.0
c 1.0 1.0 1.0
c 1.0 1.0 1.0
c 1.0 1.0 1.0
c 1.0 1.0 1.0
c 1.0 1.0 1.0
c 1.0 1.0 1.0
c 1.0 1.0 1.0
c 1.0 1.0 1.0
c 1.0 1.0 1.0
c 1.0 1.0 1.0
c 1.0 1.0 1.0
c 1.0 1.0 1.0
c 1.0 1.0 1.0
c 1.0 1.0 1.0
c 1.0 1.0 1.0
c 1.0 1.0 1.0
c 1.0 1.0 1.0
c 1.0 1.0 1.0
c 1.0 1.0 1.0
c 1.0 1.0 1.0
c 1.0 1.0 1.0
c 1.0 1.0 1.0
c 1.0 1.0 1.0
c 1.0 1.0 1.0
c 1.0 1.0 1.0
c 1.0 1.0 1.0
c 1.0 1.0 1.0
c 1.0 1.0 1.0
c 1.0 1.0 1.0
c 1.0 1.0 1.0
c 1.0 1.0 1.0
c 1.0 1.0 1.0
c 1.0 1.0 1.0
c 1.0 1.0 1.0
c 1.0 1.0 1.0
c 1.0 1.0 1.0
c 1.0 1.0 1.0
c 1.0 1.0 1.0
c 1.0 1.0 1.0
c 1.0 1.0 1.0
c 1.0 1.0 1.0
c 1.0 1.0 1.0
c 1.0 1.0 1.0
c 1.0 1.0 1.0
c 1.0 1.0 1.0
c 1.0 1.0 1.0
c 1.0 1.0 1.0
c 1.0 1.0 1.0
c 1.0 1.0 1.0
c 1.0 1.0 1.0
c 1.0 1.0 1.0
c 1.0 1.0 1.0
c 1.0 1.0 1.0
c 1.0 1.0 1.0
c 1.0 1.0 1.0
c 1.0 1.0 1.0
c 1.0 1.0 1.0
c 1.0 1.0 1.0
c 1.0 1.0 1.0
c 1.0 1.0 1.0
c 1.0 1.0 1.0
c 1.0 1.0 1.0
c 1.0 1.0 1.0
c 1.0 1.0 1.0
c 1.0 1.0 1.0
c 1.0 1.0 1.0
c 1.0 1.0 1.0
c 1.0 1.0 1.0
c 1.0 1.0 1.0
c 1.0 1.0 1.0
c 1.0 1.0 1.0
c 1.0 1.0 1.0
c 1.0 1.0 1.0
c 1.0 1.0 1.0
c 1.0 1.0 1.0
c 1.0 1.0 1.0
c 1.0 1.0 1.0
c 1.0 1.0 1.0
c 1.0 1.0 1.0
c 1.0 1.0 1.0
c 1.0 1.0 1.0
c 1.0 1.0 1.0
c 1.0 1.0 1.0
c 1.0 1.0 1.0
c 1.0 1.0 1.0
c 1.0 1.0 1.0
c 1.0 1.0 1.0
c 1.0 1.0 1.0
c 1.0 1.0 1.0
c 1.0 1.0 1.0
c 1.0 1.0 1.0
c 1.0 1.0 1.0
c 1.0 1.0 1.0
c 1.0 1.0 1.0
c 1.0 1.0 1.0
c 1.0 1.0 1.0
c 1.0 1.0 1.0
c 1.0 1.0 1.0
c 1.0 1.0 1.0
c 1.0 1.0 1.0
c 1.0 1.0 1.0
c 1.0 1.0 1.0
c 1.0 1.0 1.0
c 1.0 1.0 1.0
c 1.0 1.0 1.0
c 1.0 1.0 1.0
c 1.0 1.0 1.0
c 1.0 1.0 1.0
c 1.0 1.0 1.0
c 1.0 1.0 1.0
c 1.0 1.0 1.0
c 1.0 1.0 1.0
c 1.0 1.0 1.0
c 1.0 1.0 1.0
c 1.0 1.0 1.0
c 1.0 1.0 1.0
c 1.0 1.0 1.0
c 1.0 1.0 1.0
c 1.0 1.0 1.0
c 1.0 1.0 1.0
c 1.0 1.0 1.0
c 1.0 1.0 1.0
c 1.0 1.0 1.0
c 1.0 1.0 1.0
c 1.0 1.0 1.0
c 1.0 1.0 1.0
c 1.0 1.0 1.0
c 1.0 1.0 1.0
c 1.0 1.0 1.0
c 1.0 1.0 1.0
c 1.0 1.0 1.0
c 1.0 1.0 1.0
c 1.0 1.0 1.0
c 1.0 1.0 1.0
c 1.0 1.0 1.0
c 1.0 1.0 1.0
c 1.0 1.0 1.0
c 1.0 1.0 1.0
c 1.0 1.0 1.0
c 1.0 1.0 1.0
c 1.0 1.0 1.0
c 1.0 1.0 1.0
c 1.0 1.0 1.0
c 1.0 1.0 1.0
c 1.0 1.0 1.0
c 1.0 1.0 1.0
c 1.0 1.0 1.0
c 1.0 1.0 1.0
c 1.0 1.0 1.0
c 1.0 1.0 1.0
c 1.0 1.0 1.0
c 1.0 1.0 1.0
c 1.0 1.0 1.0
c 1.0 1.0 1.0
c 1.0 1.0 1.0
c 1.0 1.0 1.0
c 1.0 1.0 1.0
c 1.0 1.0 1.0
c 1.0 1.0 1.0
c 1.0 1.0 1.0
c 1.0 1.0 1.0
c 1.0 1.0 1.0
c 1.0 1.0 1.0
c 1.0 1.0 1.0
c 1.0 1.0 1.0
c 1.0 1.0 1.0
c 1.0 1.0 1.0
c 1.0 1.0 1.0
c 1.0 1.0 1.0
c 1.0 1.0 1.0
c 1.0 1.0 1.0
c 1.0 1.0 1.0
c 1.0 1.0 1.0
c 1.0 1.0 1.0
c 1.0 1.0 1.0
c 1.0 1.0 1.0
c 1.0 1.0 1.0
c 1.0 1.0 1.0
c 1.0 1.0 1.0
c 1.0 1.0 1.0
c 1.0 1.0 1.0
c 1.0 1.0 1.0
c 1.0 1.0 1.0
usemtl sea_mizu1_1
s off
f 4090/4389/1178/374 4091/4391/1178/374 4092/4392/1178/374 4093/4390/1178/374
f 4094/4395/1179/375 4095/4393/1179/375 4096/4394/1179/375 4097/4396/1179/375
f 4098/4399/1180/376 4099/4397/1180/376 4100/4398/1180/376 4101/4400/1180/376
f 4110/4411/1183/379 4111/4409/1183/379 4112/4410/1183/379 4113/4412/1183/379
usemtl kawa01g
s off
f 969/1055/308/125 971/1056/308/125 970/1057/308/125 968/1058/308/125
f 967/1059/308/125 969/1055/308/125 968/1058/308/125 966/1060/308/125
f 965/1061/308/125 967/1059/308/125 966/1060/308/125 964/1062/308/125
f 972/1063/263/125 973/1064/263/125 974/1065/308/125 975/1066/308/125
f 1217/1299/382/127 1219/1300/382/127 1218/1301/382/127 1216/1302/382/127
f 1215/1303/382/127 1217/1299/382/127 1216/1302/382/127 1214/1304/382/127
f 1213/1305/382/127 1215/1303/382/127 1214/1304/382/127 1212/1306/382/127
f 1220/1307/337/127 1221/1308/337/127 1222/1309/382/127 1223/1310/382/127
f 1465/1543/456/129 1467/1544/456/129 1466/1545/456/129 1464/1546/456/129
f 1463/1547/456/129 1465/1543/456/129 1464/1546/456/129 1462/1548/456/129
f 1461/1549/456/129 1463/1547/456/129 1462/1548/456/129 1460/1550/456/129
f 1468/1551/411/129 1469/1552/411/129 1470/1553/456/129 1471/1554/456/129
f 976/1067/308/125 977/1068/308/125 978/1069/308/125
f 979/1070/308/125 980/1071/308/125 981/1072/308/125
f 1224/1311/382/127 1225/1312/382/127 1226/1313/382/127
f 1227/1314/382/127 1228/1315/382/127 1229/1316/382/127
f 1472/1555/456/129 1473/1556/456/129 1474/1557/456/129
f 1475/1558/456/129 1476/1559/456/129 1477/1560/456/129
usemtl kawa01c
s off
f 779/871/260/125 781/872/265/125 780/873/261/125 778/874/260/125
f 781/872/265/125 783/875/259/125 782/876/259/125 780/873/261/125
f 784/877/259/125 785/878/259/125 786/879/263/125 787/880/263/125
f 777/881/262/125 779/871/260/125 778/874/260/125 776/882/262/125
f 1027/1115/334/127 1029/1116/339/127 1028/1117/335/127 1026/1118/334/127
f 1029/1116/339/127 1031/1119/333/127 1030/1120/333/127 1028/1117/335/127
f 1032/1121/333/127 1033/1122/333/127 1034/1123/337/127 1035/1124/337/127
f 1025/1125/336/127 1027/1115/334/127 1026/1118/334/127 1024/1126/336/127
f 1275/1359/408/129 1277/1360/413/129 1276/1361/409/129 1274/1362/408/129
f 1277/1360/413/129 1279/1363/407/129 1278/1364/407/129 1276/1361/409/129
f 1280/1365/407/129 1281/1366/407/129 1282/1367/411/129 1283/1368/411/129
f 1273/1369/410/129 1275/1359/408/129 1274/1362/408/129 1272/1370/410/129
f 4102/4403/1181/377 4103/4401/1181/377 4104/4402/1181/377 4105/4404/1181/377
f 4106/4407/1182/378 4107/4405/1182/378 4108/4406/1182/378 4109/4408/1182/378
usemtl kawa01d
s off
f 759/845/258/125 761/846/259/125 760/847/259/125 758/848/260/125
f 762/849/261/125 763/850/261/125 764/851/262/125 765/852/262/125
f 766/853/261/125 767/854/261/125 768/855/262/125 769/856/262/125
f 751/863/261/125 753/864/260/125 752/865/264/125 750/866/261/125
f 753/864/260/125 755/867/259/125 754/868/259/125 752/865/264/125
f 757/869/261/125 759/845/258/125 758/848/260/125 756/870/261/125
f 1007/1089/332/127 1009/1090/333/127 1008/1091/333/127 1006/1092/334/127
f 1010/1093/335/127 1011/1094/335/127 1012/1095/336/127 1013/1096/336/127
f 1014/1097/335/127 1015/1098/335/127 1016/1099/336/127 1017/1100/336/127
f 999/1107/335/127 1001/1108/334/127 1000/1109/338/127 998/1110/335/127
f 1001/1108/334/127 1003/1111/333/127 1002/1112/333/127 1000/1109/338/127
f 1005/1113/335/127 1007/1089/332/127 1006/1092/334/127 1004/1114/335/127
f 1255/1333/406/129 1257/1334/407/129 1256/1335/407/129 1254/1336/408/129
f 1258/1337/409/129 1259/1338/409/129 1260/1339/410/129 1261/1340/410/129
f 1262/1341/409/129 1263/1342/409/129 1264/1343/410/129 1265/1344/410/129
f 1247/1351/409/129 1249/1352/408/129 1248/1353/412/129 1246/1354/409/129
f 1249/1352/408/129 1251/1355/407/129 1250/1356/407/129 1248/1353/412/129
f 1253/1357/409/129 1255/1333/406/129 1254/1336/408/129 1252/1358/409/129
f 770/857/259/125 771/858/259/125 772/859/263/125
f 773/860/259/125 774/861/259/125 775/862/263/125
f 1018/1101/333/127 1019/1102/333/127 1020/1103/337/127
f 1021/1104/333/127 1022/1105/333/127 1023/1106/337/127
f 1266/1345/407/129 1267/1346/407/129 1268/1347/411/129
f 1269/1348/407/129 1270/1349/407/129 1271/1350/411/129
usemtl kawa01f
s off
f 909/999/308/125 911/1000/308/125 910/1001/308/125 908/1002/308/125
f 914/1005/308/125 915/1006/308/125 916/1007/308/125 917/1008/308/125
f 905/998/308/125 907/1009/308/125 906/1010/308/125 904/997/308/125
f 907/1009/308/125 909/999/308/125 908/1002/308/125 906/1010/308/125
f 1157/1243/382/127 1159/1244/382/127 1158/1245/382/127 1156/1246/382/127
f 1162/1249/382/127 1163/1250/382/127 1164/1251/382/127 1165/1252/382/127
f 1153/1242/382/127 1155/1253/382/127 1154/1254/382/127 1152/1241/382/127
f 1155/1253/382/127 1157/1243/382/127 1156/1246/382/127 1154/1254/382/127
f 1405/1487/456/129 1407/1488/456/129 1406/1489/456/129 1404/1490/456/129
f 1410/1493/456/129 1411/1494/456/129 1412/1495/456/129 1413/1496/456/129
f 1401/1486/456/129 1403/1497/456/129 1402/1498/456/129 1400/1485/456/129
f 1403/1497/456/129 1405/1487/456/129 1404/1490/456/129 1402/1498/456/129
f 902/995/308/125 903/996/308/125 904/997/308/125
f 903/996/308/125 905/998/308/125 904/997/308/125
f 910/1001/308/125 911/1000/308/125 912/1003/308/125
f 911/1000/308/125 913/1004/308/125 912/1003/308/125
f 1150/1239/382/127 1151/1240/382/127 1152/1241/382/127
f 1151/1240/382/127 1153/1242/382/127 1152/1241/382/127
f 1158/1245/382/127 1159/1244/382/127 1160/1247/382/127
f 1159/1244/382/127 1161/1248/382/127 1160/1247/382/127
f 1398/1483/456/129 1399/1484/456/129 1400/1485/456/129
f 1399/1484/456/129 1401/1486/456/129 1400/1485/456/129
f 1406/1489/456/129 1407/1488/456/129 1408/1491/456/129
f 1407/1488/456/129 1409/1492/456/129 1408/1491/456/129
usemtl kawa01b
s off
f 438/483/135/101 439/484/135/101 444/485/135/101 445/486/135/101
f 454/499/136/102 455/500/136/102 460/501/136/102 461/502/136/102
f 501/551/150/106 503/552/150/106 502/553/150/106 500/554/150/106
f 503/552/150/106 505/555/150/106 504/556/150/106 502/553/150/106
f 564/639/185/111 565/640/185/111 570/641/185/111 571/642/185/111
f 583/650/189/112 584/651/189/112 581/652/189/112 582/653/189/112
f 651/730/205/117 652/731/205/117 657/732/205/117 658/733/205/117
f 728/821/254/123 729/822/254/123 726/823/254/123 727/824/254/123
f 740/841/257/124 741/842/257/124 746/843/257/124 747/844/257/124
f 886/979/308/125 887/980/308/125 888/981/308/125 889/982/308/125
f 890/983/308/125 891/984/308/125 892/985/308/125 893/986/308/125
f 894/987/308/125 895/988/308/125 896/989/308/125 897/990/308/125
f 898/991/308/125 899/992/308/125 900/993/308/125 901/994/308/125
f 988/1085/331/126 989/1086/331/126 994/1087/331/126 995/1088/331/126
f 1134/1223/382/127 1135/1224/382/127 1136/1225/382/127 1137/1226/382/127
f 1138/1227/382/127 1139/1228/382/127 1140/1229/382/127 1141/1230/382/127
f 1142/1231/382/127 1143/1232/382/127 1144/1233/382/127 1145/1234/382/127
f 1146/1235/382/127 1147/1236/382/127 1148/1237/382/127 1149/1238/382/127
f 1236/1329/405/128 1237/1330/405/128 1242/1331/405/128 1243/1332/405/128
f 1382/1467/456/129 1383/1468/456/129 1384/1469/456/129 1385/1470/456/129
f 1386/1471/456/129 1387/1472/456/129 1388/1473/456/129 1389/1474/456/129
f 1390/1475/456/129 1391/1476/456/129 1392/1477/456/129 1393/1478/456/129
f 1394/1479/456/129 1395/1480/456/129 1396/1481/456/129 1397/1482/456/129
f 1539/1629/497/134 1541/1630/497/134 1540/1631/497/134 1538/1632/497/134
f 1541/1630/497/134 1543/1633/497/134 1542/1634/497/134 1540/1631/497/134
f 1572/1669/511/136 1573/1670/511/136 1578/1671/511/136 1579/1672/511/136
f 1588/1685/512/137 1589/1686/512/137 1594/1687/512/137 1595/1688/512/137
f 1604/1701/513/138 1605/1702/513/138 1610/1703/513/138 1611/1704/513/138
usemtl ki02c
s off
f 408/443/128/99 409/444/128/99 410/445/128/99 411/446/128/99
f 512/563/161/107 513/564/161/107 514/565/161/107 515/566/161/107
f 589/658/192/113 590/659/192/113 591/660/192/113 592/661/192/113
f 613/686/199/115 614/687/199/115 615/688/199/115 616/689/199/115
f 629/702/202/116 630/703/202/116 631/704/202/116 632/705/202/116
f 703/798/235/122 704/799/236/122 706/800/238/122 705/801/237/122
f 1478/1561/479/130 1479/1562/479/130 1480/1563/479/130 1481/1564/479/130
f 1494/1577/482/131 1495/1578/482/131 1496/1579/482/131 1497/1580/482/131
f 1550/1641/508/135 1551/1642/508/135 1552/1643/508/135 1553/1644/508/135
f 1682/1813/560/146 1683/1814/560/146 1684/1815/560/146 1685/1816/560/146
f 1875/2017/611/155 1876/2018/611/155 1877/2019/611/155 1878/2020/611/155
f 1899/2045/618/157 1900/2046/618/157 1901/2047/618/157 1902/2048/618/157
f 1915/2061/621/158 1916/2062/621/158 1917/2063/621/158 1918/2064/621/158
f 2033/2201/658/164 2034/2202/658/164 2035/2203/658/164 2036/2204/658/164
f 2049/2217/661/165 2050/2218/661/165 2051/2219/661/165 2052/2220/661/165
f 2148/2309/685/170 2149/2310/685/170 2150/2311/685/170 2151/2312/685/170
f 2223/2365/697/172 2224/2366/697/172 2225/2367/697/172 2226/2368/697/172
f 2239/2381/700/173 2240/2382/700/173 2241/2383/700/173 2242/2384/700/173
f 2364/2513/746/181 2365/2514/746/181 2366/2515/746/181 2367/2516/746/181
f 2384/2533/753/182 2385/2534/754/182 2387/2535/756/182 2386/2536/755/182
f 2424/2581/786/186 2425/2582/787/186 2427/2583/789/186 2426/2584/788/186
f 2462/2629/816/190 2463/2630/816/190 2464/2631/816/190 2465/2632/816/190
f 2482/2649/823/191 2483/2650/824/191 2485/2651/826/191 2484/2652/825/191
f 2914/3081/896/249 2915/3082/896/249 2916/3083/896/249 2917/3084/896/249
f 3074/3249/918/264 3075/3250/918/264 3076/3251/918/264 3077/3252/918/264
f 3298/3489/951/284 3299/3490/951/284 3300/3491/951/284 3301/3492/951/284
f 3406/3597/967/297 3407/3598/967/297 3408/3599/967/297 3409/3600/967/297
usemtl ki03ax
s off
f 412/447/129/99 415/448/130/99 414/449/129/99 413/450/130/99
f 416/451/128/99 417/452/128/99 418/453/128/99 419/454/128/99
f 516/567/162/107 519/568/163/107 518/569/162/107 517/570/163/107
f 520/571/161/107 521/572/161/107 522/573/161/107 523/574/161/107
f 593/662/193/113 596/663/194/113 595/664/193/113 594/665/194/113
f 597/666/192/113 598/667/192/113 599/668/192/113 600/669/192/113
f 617/690/200/115 620/691/201/115 619/692/200/115 618/693/201/115
f 621/694/199/115 622/695/199/115 623/696/199/115 624/697/199/115
f 633/706/203/116 636/707/204/116 635/708/203/116 634/709/204/116
f 637/710/202/116 638/711/202/116 639/712/202/116 640/713/202/116
f 699/794/231/122 700/795/232/122 702/796/234/122 701/797/233/122
f 707/802/239/122 708/803/240/122 710/804/242/122 709/805/241/122
f 1482/1565/480/130 1485/1566/481/130 1484/1567/480/130 1483/1568/481/130
f 1486/1569/479/130 1487/1570/479/130 1488/1571/479/130 1489/1572/479/130
f 1498/1581/483/131 1501/1582/484/131 1500/1583/483/131 1499/1584/484/131
f 1502/1585/482/131 1503/1586/482/131 1504/1587/482/131 1505/1588/482/131
f 1554/1645/509/135 1557/1646/510/135 1556/1647/509/135 1555/1648/510/135
f 1558/1649/508/135 1559/1650/508/135 1560/1651/508/135 1561/1652/508/135
f 1686/1817/561/146 1689/1818/562/146 1688/1819/561/146 1687/1820/562/146
f 1690/1821/560/146 1691/1822/560/146 1692/1823/560/146 1693/1824/560/146
f 1879/2021/612/155 1882/2022/613/155 1881/2023/612/155 1880/2024/613/155
f 1883/2025/611/155 1884/2026/611/155 1885/2027/611/155 1886/2028/611/155
f 1903/2049/619/157 1906/2050/620/157 1905/2051/619/157 1904/2052/620/157
f 1907/2053/618/157 1908/2054/618/157 1909/2055/618/157 1910/2056/618/157
f 1919/2065/622/158 1922/2066/623/158 1921/2067/622/158 1920/2068/623/158
f 1923/2069/621/158 1924/2070/621/158 1925/2071/621/158 1926/2072/621/158
f 2037/2205/659/164 2040/2206/660/164 2039/2207/659/164 2038/2208/660/164
f 2041/2209/658/164 2042/2210/658/164 2043/2211/658/164 2044/2212/658/164
f 2053/2221/662/165 2056/2222/663/165 2055/2223/662/165 2054/2224/663/165
f 2057/2225/661/165 2058/2226/661/165 2059/2227/661/165 2060/2228/661/165
f 2152/2313/686/170 2155/2314/687/170 2154/2315/686/170 2153/2316/687/170
f 2156/2317/685/170 2157/2318/685/170 2158/2319/685/170 2159/2320/685/170
f 2227/2369/698/172 2230/2370/699/172 2229/2371/698/172 2228/2372/699/172
f 2231/2373/697/172 2232/2374/697/172 2233/2375/697/172 2234/2376/697/172
f 2243/2385/701/173 2246/2386/702/173 2245/2387/701/173 2244/2388/702/173
f 2247/2389/700/173 2248/2390/700/173 2249/2391/700/173 2250/2392/700/173
f 2368/2517/747/181 2371/2518/748/181 2370/2519/747/181 2369/2520/748/181
f 2372/2521/746/181 2373/2522/746/181 2374/2523/746/181 2375/2524/746/181
f 2380/2529/749/182 2381/2530/750/182 2383/2531/752/182 2382/2532/751/182
f 2388/2537/757/182 2389/2538/758/182 2391/2539/760/182 2390/2540/759/182
f 2420/2577/782/186 2421/2578/783/186 2423/2579/785/186 2422/2580/784/186
f 2428/2585/790/186 2429/2586/791/186 2431/2587/793/186 2430/2588/792/186
f 2466/2633/817/190 2469/2634/818/190 2468/2635/817/190 2467/2636/818/190
f 2470/2637/816/190 2471/2638/816/190 2472/2639/816/190 2473/2640/816/190
f 2478/2645/819/191 2479/2646/820/191 2481/2647/822/191 2480/2648/821/191
f 2486/2653/827/191 2487/2654/828/191 2489/2655/830/191 2488/2656/829/191
f 2918/3085/897/249 2921/3086/898/249 2920/3087/897/249 2919/3088/898/249
f 2922/3089/896/249 2923/3090/896/249 2924/3091/896/249 2925/3092/896/249
f 3078/3253/919/264 3081/3254/920/264 3080/3255/919/264 3079/3256/920/264
f 3082/3257/918/264 3083/3258/918/264 3084/3259/918/264 3085/3260/918/264
f 3302/3493/952/284 3305/3494/953/284 3304/3495/952/284 3303/3496/953/284
f 3306/3497/951/284 3307/3498/951/284 3308/3499/951/284 3309/3500/951/284
f 3410/3601/968/297 3413/3602/969/297 3412/3603/968/297 3411/3604/969/297
f 3414/3605/967/297 3415/3606/967/297 3416/3607/967/297 3417/3608/967/297
usemtl ki03dx
s off
f 711/806/243/122 712/807/244/122 714/808/246/122 713/809/245/122
f 2392/2541/761/182 2393/2542/762/182 2395/2543/764/182 2394/2544/763/182
f 2432/2589/794/186 2433/2590/795/186 2435/2591/797/186 2434/2592/796/186
f 2490/2657/831/191 2491/2658/832/191 2493/2659/834/191 2492/2660/833/191
usemtl ki03bx
s off
f 420/455/128/99 421/456/128/99 422/457/128/99 423/458/128/99
f 524/575/161/107 525/576/161/107 526/577/161/107 527/578/161/107
f 601/670/192/113 602/671/192/113 603/672/192/113 604/673/192/113
f 625/698/199/115 626/699/199/115 627/700/199/115 628/701/199/115
f 641/714/202/116 642/715/202/116 643/716/202/116 644/717/202/116
f 715/810/247/122 716/811/248/122 718/812/250/122 717/813/249/122
f 1490/1573/479/130 1491/1574/479/130 1492/1575/479/130 1493/1576/479/130
f 1506/1589/482/131 1507/1590/482/131 1508/1591/482/131 1509/1592/482/131
f 1562/1653/508/135 1563/1654/508/135 1564/1655/508/135 1565/1656/508/135
f 1694/1825/560/146 1695/1826/560/146 1696/1827/560/146 1697/1828/560/146
f 1887/2029/611/155 1888/2030/611/155 1889/2031/611/155 1890/2032/611/155
f 1911/2057/618/157 1912/2058/618/157 1913/2059/618/157 1914/2060/618/157
f 1927/2073/621/158 1928/2074/621/158 1929/2075/621/158 1930/2076/621/158
f 2045/2213/658/164 2046/2214/658/164 2047/2215/658/164 2048/2216/658/164
f 2061/2229/661/165 2062/2230/661/165 2063/2231/661/165 2064/2232/661/165
f 2160/2321/685/170 2161/2322/685/170 2162/2323/685/170 2163/2324/685/170
f 2235/2377/697/172 2236/2378/697/172 2237/2379/697/172 2238/2380/697/172
f 2251/2393/700/173 2252/2394/700/173 2253/2395/700/173 2254/2396/700/173
f 2376/2525/746/181 2377/2526/746/181 2378/2527/746/181 2379/2528/746/181
f 2396/2545/765/182 2397/2546/766/182 2399/2547/768/182 2398/2548/767/182
f 2436/2593/798/186 2437/2594/799/186 2439/2595/801/186 2438/2596/800/186
f 2474/2641/816/190 2475/2642/816/190 2476/2643/816/190 2477/2644/816/190
f 2494/2661/835/191 2495/2662/836/191 2497/2663/838/191 2496/2664/837/191
f 2926/3093/896/249 2927/3094/896/249 2928/3095/896/249 2929/3096/896/249
f 3086/3261/918/264 3087/3262/918/264 3088/3263/918/264 3089/3264/918/264
f 3310/3501/951/284 3311/3502/951/284 3312/3503/951/284 3313/3504/951/284
f 3418/3609/967/297 3419/3610/967/297 3420/3611/967/297 3421/3612/967/297
usemtl gake01
s off
f 424/459/131/100 425/460/132/100 426/461/132/100 427/462/131/100
f 464/503/139/103 465/504/138/103 466/505/138/103 469/506/139/103
f 472/515/143/104 473/516/142/104 474/517/142/104 477/518/143/104
f 480/527/147/105 481/528/146/105 482/529/146/105 485/530/147/105
f 528/579/164/108 529/580/165/108 530/581/166/108 531/582/164/108
f 532/583/167/108 530/584/166/108 533/585/168/108 534/586/167/108
f 542/603/174/109 543/604/175/109 544/605/175/109 545/606/174/109
f 605/674/195/114 606/675/196/114 607/676/196/114 608/677/195/114
f 669/746/213/119 670/747/214/119 671/748/214/119 672/749/213/119
f 677/758/217/120 678/759/218/120 679/760/219/120 680/761/217/120
f 681/762/220/120 679/763/219/120 682/764/221/120 683/765/220/120
f 691/782/229/121 692/783/228/121 693/784/228/121 696/785/229/121
f 1510/1593/485/132 1511/1594/486/132 1512/1595/486/132 1513/1596/485/132
f 1622/1717/524/140 1623/1718/522/140 1624/1719/522/140 1627/1720/524/140
f 1630/1729/525/141 1631/1730/526/141 1632/1731/527/141 1633/1732/525/141
f 1634/1733/528/141 1632/1734/527/141 1635/1735/529/141 1636/1736/528/141
f 1652/1765/545/143 1653/1766/543/143 1654/1767/543/143 1657/1768/545/143
f 1660/1777/546/144 1661/1778/547/144 1662/1779/548/144 1663/1780/546/144
f 1664/1781/549/144 1662/1782/548/144 1665/1783/550/144 1666/1784/549/144
f 1674/1801/558/145 1675/1802/557/145 1676/1803/557/145 1679/1804/558/145
f 1698/1829/565/147 1699/1830/564/147 1700/1831/564/147 1703/1832/565/147
f 1706/1841/569/148 1707/1842/568/148 1708/1843/568/148 1711/1844/569/148
f 1786/1929/587/151 1787/1930/585/151 1788/1931/585/151 1791/1932/587/151
f 1794/1941/588/152 1795/1942/589/152 1796/1943/590/152 1797/1944/588/152
f 1798/1945/591/152 1796/1946/590/152 1799/1947/592/152 1800/1948/591/152
f 1867/2005/609/154 1868/2006/608/154 1869/2007/608/154 1872/2008/609/154
f 1891/2033/616/156 1892/2034/615/156 1893/2035/615/156 1896/2036/616/156
f 2003/2153/637/161 2004/2154/638/161 2005/2155/639/161 2006/2156/637/161
f 2007/2157/640/161 2005/2158/639/161 2008/2159/641/161 2009/2160/640/161
f 2017/2177/650/162 2018/2178/648/162 2019/2179/648/162 2022/2180/650/162
f 2065/2233/666/166 2066/2234/665/166 2067/2235/665/166 2070/2236/666/166
f 2073/2245/670/167 2074/2246/669/167 2075/2247/669/167 2078/2248/670/167
f 2081/2257/672/168 2082/2258/673/168 2083/2259/673/168 2084/2260/672/168
f 2255/2397/705/174 2256/2398/704/174 2257/2399/704/174 2260/2400/705/174
f 2263/2409/707/175 2264/2410/708/175 2265/2411/709/175 2266/2412/707/175
f 2267/2413/710/175 2265/2414/709/175 2268/2415/711/175 2269/2416/710/175
f 2344/2485/733/178 2345/2486/734/178 2346/2487/734/178 2347/2488/733/178
f 2356/2501/742/180 2357/2502/743/180 2358/2503/743/180 2359/2504/742/180
f 2406/2557/775/184 2407/2558/776/184 2408/2559/776/184 2409/2560/775/184
f 2412/2565/780/185 2413/2566/779/185 2414/2567/779/185 2417/2568/780/185
f 2440/2597/804/187 2441/2598/803/187 2442/2599/803/187 2445/2600/804/187
f 2456/2621/813/189 2457/2622/814/189 2458/2623/814/189 2459/2624/813/189
f 3890/4121/1087/351 3891/4122/1088/351 3892/4123/1088/351 3893/4124/1087/351
f 3896/4129/1090/352 3897/4130/1091/352 3898/4131/1091/352 3899/4132/1090/352
f 3914/4149/1094/354 3915/4150/1095/354 3916/4151/1095/354 3917/4152/1094/354
f 3920/4157/1097/355 3921/4158/1098/355 3922/4159/1098/355 3923/4160/1097/355
f 3926/4165/1100/356 3927/4166/1101/356 3928/4167/1102/356 3929/4168/1103/356
f 3930/4169/1103/356 3928/4170/1102/356 3931/4171/1104/356 3932/4172/1105/356
f 3936/4181/1107/357 3937/4182/1108/357 3938/4183/1108/357 3939/4184/1107/357
f 3942/4189/1110/358 3943/4190/1111/358 3944/4191/1112/358 3945/4192/1113/358
f 3946/4193/1113/358 3944/4194/1112/358 3947/4195/1114/358 3948/4196/1115/358
f 3952/4205/1117/359 3953/4206/1118/359 3954/4207/1119/359 3955/4208/1120/359
f 3956/4209/1120/359 3954/4210/1119/359 3957/4211/1121/359 3958/4212/1122/359
f 3962/4221/1124/360 3963/4222/1125/360 3964/4223/1125/360 3965/4224/1124/360
f 3968/4229/1127/361 3969/4230/1128/361 3970/4231/1129/361 3971/4232/1130/361
f 3972/4233/1130/361 3970/4234/1129/361 3973/4235/1131/361 3974/4236/1132/361
f 3978/4245/1134/362 3979/4246/1135/362 3980/4247/1136/362 3981/4248/1137/362
f 3982/4249/1137/362 3980/4250/1136/362 3983/4251/1138/362 3984/4252/1139/362
f 3988/4261/1141/363 3989/4262/1142/363 3990/4263/1142/363 3991/4264/1141/363
f 3994/4269/1144/364 3995/4270/1145/364 3996/4271/1146/364 3997/4272/1147/364
f 3998/4273/1147/364 3996/4274/1146/364 3999/4275/1148/364 4000/4276/1149/364
f 4004/4285/1151/365 4005/4286/1152/365 4006/4287/1152/365 4007/4288/1151/365
f 4022/4305/1155/367 4023/4306/1156/367 4024/4307/1156/367 4025/4308/1155/367
f 4064/4349/1161/371 4065/4350/1162/371 4066/4351/1163/371 4067/4352/1164/371
f 4068/4353/1164/371 4066/4354/1163/371 4069/4355/1165/371 4070/4356/1166/371
f 4074/4365/1168/372 4075/4366/1169/372 4076/4367/1169/372 4077/4368/1168/372
f 4080/4373/1171/373 4081/4374/1172/373 4082/4375/1173/373 4083/4376/1174/373
f 4084/4377/1174/373 4082/4378/1173/373 4085/4379/1175/373 4086/4380/1176/373
f 550/615/178/110 551/616/179/110 552/617/180/110
f 550/615/178/110 553/618/181/110 551/616/179/110
f 552/617/180/110 551/616/179/110 554/619/182/110
f 661/734/207/118 662/735/208/118 663/736/210/118
f 661/734/207/118 664/737/211/118 662/735/208/118
f 663/736/210/118 662/735/208/118 665/738/206/118
f 1518/1605/489/133 1519/1606/490/133 1520/1607/491/133
f 1518/1605/489/133 1521/1608/492/133 1519/1606/490/133
f 1520/1607/491/133 1519/1606/490/133 1522/1609/493/133
f 1614/1705/518/139 1615/1706/517/139 1616/1707/516/139
f 1614/1705/518/139 1617/1708/514/139 1615/1706/517/139
f 1616/1707/516/139 1615/1706/517/139 1618/1709/515/139
f 1644/1753/539/142 1645/1754/538/142 1646/1755/537/142
f 1644/1753/539/142 1647/1756/535/142 1645/1754/538/142
f 1646/1755/537/142 1645/1754/538/142 1648/1757/536/142
f 1778/1917/581/150 1779/1918/580/150 1780/1919/579/150
f 1778/1917/581/150 1781/1920/577/150 1779/1918/580/150
f 1780/1919/579/150 1779/1918/580/150 1782/1921/578/150
f 1931/2077/625/159 1932/2078/626/159 1933/2079/628/159
f 1931/2077/625/159 1934/2080/629/159 1932/2078/626/159
f 1933/2079/628/159 1932/2078/626/159 1935/2081/624/159
f 2025/2189/651/163 2026/2190/652/163 2027/2191/653/163
f 2025/2189/651/163 2028/2192/654/163 2026/2190/652/163
f 2027/2191/653/163 2026/2190/652/163 2029/2193/655/163
f 2277/2433/717/176 2278/2434/718/176 2279/2435/719/176
f 2277/2433/717/176 2280/2436/720/176 2278/2434/718/176
f 2279/2435/719/176 2278/2434/718/176 2281/2437/721/176
f 2350/2493/736/179 2351/2494/737/179 2352/2495/738/179
f 2350/2493/736/179 2353/2496/739/179 2351/2494/737/179
f 2352/2495/738/179 2351/2494/737/179 2354/2497/740/179
f 2400/2549/769/183 2401/2550/770/183 2402/2551/771/183
f 2400/2549/769/183 2403/2552/772/183 2401/2550/770/183
f 2402/2551/771/183 2401/2550/770/183 2404/2553/773/183
f 2448/2609/807/188 2449/2610/808/188 2450/2611/810/188
f 2448/2609/807/188 2451/2612/811/188 2449/2610/808/188
f 2450/2611/810/188 2449/2610/808/188 2452/2613/806/188
usemtl gake01a2
s off
f 441/479/135/101 437/480/135/101 436/481/135/101 440/482/135/101
f 457/495/136/102 453/496/136/102 452/497/136/102 456/498/136/102
f 507/557/153/106 509/558/158/106 508/559/159/106 506/560/157/106
f 509/558/158/106 511/561/160/106 510/562/155/106 508/559/159/106
f 567/635/185/111 563/636/185/111 562/637/185/111 566/638/185/111
f 587/654/191/112 588/655/188/112 585/656/190/112 586/657/190/112
f 654/726/205/117 650/727/205/117 649/728/205/117 653/729/205/117
f 732/825/256/123 733/826/253/123 730/827/255/123 731/828/255/123
f 743/837/257/124 739/838/257/124 738/839/257/124 742/840/257/124
f 788/883/266/125 789/884/266/125 790/885/267/125 791/886/267/125
f 792/887/266/125 793/888/266/125 794/889/267/125 795/890/267/125
f 796/891/268/125 797/892/268/125 798/893/269/125 799/894/269/125
f 800/895/268/125 801/896/268/125 802/897/269/125 803/898/269/125
f 806/899/270/125 807/900/271/125 808/901/272/125 809/902/273/125
f 810/903/274/125 811/904/275/125 812/905/276/125 813/906/277/125
f 814/907/278/125 815/908/279/125 816/909/280/125 817/910/280/125
f 818/911/281/125 819/912/282/125 820/913/283/125 821/914/284/125
f 822/915/285/125 823/916/284/125 824/917/281/125 825/918/284/125
f 826/919/286/125 827/920/287/125 828/921/287/125 829/922/288/125
f 830/923/289/125 831/924/290/125 832/925/291/125 833/926/292/125
f 834/927/290/125 835/928/290/125 836/929/289/125 837/930/293/125
f 991/1081/331/126 987/1082/331/126 986/1083/331/126 990/1084/331/126
f 1036/1127/340/127 1037/1128/340/127 1038/1129/341/127 1039/1130/341/127
f 1040/1131/340/127 1041/1132/340/127 1042/1133/341/127 1043/1134/341/127
f 1044/1135/342/127 1045/1136/342/127 1046/1137/343/127 1047/1138/343/127
f 1048/1139/342/127 1049/1140/342/127 1050/1141/343/127 1051/1142/343/127
f 1054/1143/344/127 1055/1144/345/127 1056/1145/346/127 1057/1146/347/127
f 1058/1147/348/127 1059/1148/349/127 1060/1149/350/127 1061/1150/351/127
f 1062/1151/352/127 1063/1152/353/127 1064/1153/354/127 1065/1154/354/127
f 1066/1155/355/127 1067/1156/356/127 1068/1157/357/127 1069/1158/358/127
f 1070/1159/359/127 1071/1160/358/127 1072/1161/355/127 1073/1162/358/127
f 1074/1163/360/127 1075/1164/361/127 1076/1165/361/127 1077/1166/362/127
f 1078/1167/363/127 1079/1168/364/127 1080/1169/365/127 1081/1170/366/127
f 1082/1171/364/127 1083/1172/364/127 1084/1173/363/127 1085/1174/367/127
f 1239/1325/405/128 1235/1326/405/128 1234/1327/405/128 1238/1328/405/128
f 1284/1371/414/129 1285/1372/414/129 1286/1373/415/129 1287/1374/415/129
f 1288/1375/414/129 1289/1376/414/129 1290/1377/415/129 1291/1378/415/129
f 1292/1379/416/129 1293/1380/416/129 1294/1381/417/129 1295/1382/417/129
f 1296/1383/416/129 1297/1384/416/129 1298/1385/417/129 1299/1386/417/129
f 1302/1387/418/129 1303/1388/419/129 1304/1389/420/129 1305/1390/421/129
f 1306/1391/422/129 1307/1392/423/129 1308/1393/424/129 1309/1394/425/129
f 1310/1395/426/129 1311/1396/427/129 1312/1397/428/129 1313/1398/428/129
f 1314/1399/429/129 1315/1400/430/129 1316/1401/431/129 1317/1402/432/129
f 1318/1403/433/129 1319/1404/432/129 1320/1405/429/129 1321/1406/432/129
f 1322/1407/434/129 1323/1408/435/129 1324/1409/435/129 1325/1410/436/129
f 1326/1411/437/129 1327/1412/438/129 1328/1413/439/129 1329/1414/440/129
f 1330/1415/438/129 1331/1416/438/129 1332/1417/437/129 1333/1418/441/129
f 1545/1635/500/134 1547/1636/505/134 1546/1637/506/134 1544/1638/504/134
f 1547/1636/505/134 1549/1639/507/134 1548/1640/502/134 1546/1637/506/134
f 1575/1665/511/136 1571/1666/511/136 1570/1667/511/136 1574/1668/511/136
f 1591/1681/512/137 1587/1682/512/137 1586/1683/512/137 1590/1684/512/137
f 1607/1697/513/138 1603/1698/513/138 1602/1699/513/138 1606/1700/513/138
usemtl gake1_0
s off
f 838/931/294/125 839/932/295/125 840/933/285/125 841/934/285/125
f 842/935/296/125 843/936/287/125 844/937/287/125 845/938/297/125
f 1086/1175/368/127 1087/1176/369/127 1088/1177/359/127 1089/1178/359/127
f 1090/1179/370/127 1091/1180/361/127 1092/1181/361/127 1093/1182/371/127
f 1334/1419/442/129 1335/1420/443/129 1336/1421/433/129 1337/1422/433/129
f 1338/1423/444/129 1339/1424/435/129 1340/1425/435/129 1341/1426/445/129
f 846/939/298/125 847/940/284/125 848/941/299/125
f 849/942/300/125 850/943/301/125 851/944/284/125
f 852/945/295/125 853/946/302/125 854/947/285/125
f 855/948/303/125 856/949/304/125 857/950/293/125
f 858/951/305/125 859/952/290/125 860/953/306/125
f 861/954/297/125 862/955/287/125 863/956/307/125
f 1094/1183/372/127 1095/1184/358/127 1096/1185/373/127
f 1097/1186/374/127 1098/1187/375/127 1099/1188/358/127
f 1100/1189/369/127 1101/1190/376/127 1102/1191/359/127
f 1103/1192/377/127 1104/1193/378/127 1105/1194/367/127
f 1106/1195/379/127 1107/1196/364/127 1108/1197/380/127
f 1109/1198/371/127 1110/1199/361/127 1111/1200/381/127
f 1342/1427/446/129 1343/1428/432/129 1344/1429/447/129
f 1345/1430/448/129 1346/1431/449/129 1347/1432/432/129
f 1348/1433/443/129 1349/1434/450/129 1350/1435/433/129
f 1351/1436/451/129 1352/1437/452/129 1353/1438/441/129
f 1354/1439/453/129 1355/1440/438/129 1356/1441/454/129
f 1357/1442/445/129 1358/1443/435/129 1359/1444/455/129
usemtl gake1_1
s off
f 1/1/1/1 2/2/2/1 4/3/4/1 3/4/3/1
f 3/5/3/1 4/6/4/1 6/7/6/1 5/8/5/1
f 18/28/18/5 19/29/19/5 21/30/21/5 20/31/20/5
f 20/32/20/5 21/33/21/5 23/34/23/5 22/35/22/5
f 27/44/27/6 28/45/28/6 30/46/30/6 29/47/29/6
f 29/48/29/6 30/49/30/6 32/50/32/6 31/51/31/6
f 430/463/133/100 429/464/134/100 428/465/134/100 431/466/133/100
f 434/475/135/101 435/476/135/101 443/477/135/101 442/478/135/101
f 450/491/136/102 451/492/136/102 459/493/136/102 458/494/136/102
f 467/508/140/103 470/514/137/103 471/507/137/103 468/511/140/103
f 475/520/144/104 478/526/141/104 479/519/141/104 476/523/144/104
f 483/532/148/105 486/538/145/105 487/531/145/105 484/535/148/105
f 497/545/154/106 499/546/155/106 498/547/150/106 496/548/156/106
f 495/549/157/106 497/545/154/106 496/548/156/106 494/550/150/106
f 539/587/169/108 536/588/170/108 535/589/170/108 540/590/171/108
f 541/591/172/108 538/592/173/108 537/593/173/108 539/594/169/108
f 548/607/176/109 547/608/177/109 546/609/177/109 549/610/176/109
f 560/631/185/111 561/632/185/111 569/633/185/111 568/634/185/111
f 611/678/197/114 610/679/198/114 609/680/198/114 612/681/197/114
f 647/722/205/117 648/723/205/117 656/724/205/117 655/725/205/117
f 675/750/215/119 674/751/216/119 673/752/216/119 676/753/215/119
f 688/766/222/120 685/767/223/120 684/768/223/120 689/769/224/120
f 690/770/225/120 687/771/226/120 686/772/226/120 688/773/222/120
f 694/787/230/121 697/793/227/121 698/786/227/121 695/790/230/121
f 736/833/257/124 737/834/257/124 745/835/257/124 744/836/257/124
f 864/957/308/125 865/958/266/125 866/959/266/125 867/960/308/125
f 868/961/308/125 869/962/266/125 870/963/266/125 871/964/308/125
f 872/965/308/125 873/966/268/125 874/967/268/125 875/968/308/125
f 876/969/308/125 877/970/268/125 878/971/268/125 879/972/308/125
f 984/1077/331/126 985/1078/331/126 993/1079/331/126 992/1080/331/126
f 1112/1201/382/127 1113/1202/340/127 1114/1203/340/127 1115/1204/382/127
f 1116/1205/382/127 1117/1206/340/127 1118/1207/340/127 1119/1208/382/127
f 1120/1209/382/127 1121/1210/342/127 1122/1211/342/127 1123/1212/382/127
f 1124/1213/382/127 1125/1214/342/127 1126/1215/342/127 1127/1216/382/127
f 1232/1321/405/128 1233/1322/405/128 1241/1323/405/128 1240/1324/405/128
f 1360/1445/456/129 1361/1446/414/129 1362/1447/414/129 1363/1448/456/129
f 1364/1449/456/129 1365/1450/414/129 1366/1451/414/129 1367/1452/456/129
f 1368/1453/456/129 1369/1454/416/129 1370/1455/416/129 1371/1456/456/129
f 1372/1457/456/129 1373/1458/416/129 1374/1459/416/129 1375/1460/456/129
f 1516/1597/487/132 1515/1598/488/132 1514/1599/488/132 1517/1600/487/132
f 1535/1623/501/134 1537/1624/502/134 1536/1625/497/134 1534/1626/503/134
f 1533/1627/504/134 1535/1623/501/134 1534/1626/503/134 1532/1628/497/134
f 1568/1661/511/136 1569/1662/511/136 1577/1663/511/136 1576/1664/511/136
f 1584/1677/512/137 1585/1678/512/137 1593/1679/512/137 1592/1680/512/137
f 1600/1693/513/138 1601/1694/513/138 1609/1695/513/138 1608/1696/513/138
f 1625/1722/523/140 1628/1728/521/140 1629/1721/521/140 1626/1725/523/140
f 1641/1737/530/141 1638/1738/531/141 1637/1739/531/141 1642/1740/532/141
f 1643/1741/533/141 1640/1742/534/141 1639/1743/534/141 1641/1744/530/141
f 1655/1770/544/143 1658/1776/542/143 1659/1769/542/143 1656/1773/544/143
f 1671/1785/551/144 1668/1786/552/144 1667/1787/552/144 1672/1788/553/144
f 1673/1789/554/144 1670/1790/555/144 1669/1791/555/144 1671/1792/551/144
f 1677/1806/559/145 1680/1812/556/145 1681/1805/556/145 1678/1809/559/145
f 1701/1834/566/147 1704/1840/563/147 1705/1833/563/147 1702/1837/566/147
f 1709/1846/570/148 1712/1852/567/148 1713/1845/567/148 1710/1849/570/148
f 1789/1934/586/151 1792/1940/584/151 1793/1933/584/151 1790/1937/586/151
f 1805/1949/593/152 1802/1950/594/152 1801/1951/594/152 1806/1952/595/152
f 1807/1953/596/152 1804/1954/597/152 1803/1955/597/152 1805/1956/593/152
f 1870/2010/610/154 1873/2016/607/154 1874/2009/607/154 1871/2013/610/154
f 1894/2038/617/156 1897/2044/614/156 1898/2037/614/156 1895/2041/617/156
f 2014/2161/642/161 2011/2162/643/161 2010/2163/643/161 2015/2164/644/161
f 2016/2165/645/161 2013/2166/646/161 2012/2167/646/161 2014/2168/642/161
f 2020/2182/649/162 2023/2188/647/162 2024/2181/647/162 2021/2185/649/162
f 2068/2238/667/166 2071/2244/664/166 2072/2237/664/166 2069/2241/667/166
f 2076/2250/671/167 2079/2256/668/167 2080/2249/668/167 2077/2253/671/167
f 2087/2261/674/168 2086/2262/675/168 2085/2263/675/168 2088/2264/674/168
f 2258/2402/706/174 2261/2408/703/174 2262/2401/703/174 2259/2405/706/174
f 2274/2417/712/175 2271/2418/713/175 2270/2419/713/175 2275/2420/714/175
f 2276/2421/715/175 2273/2422/716/175 2272/2423/716/175 2274/2424/712/175
f 2348/2489/735/178 2344/2490/733/178 2347/2491/733/178 2349/2492/735/178
f 2362/2505/744/180 2361/2506/745/180 2360/2507/745/180 2363/2508/744/180
f 2410/2561/777/184 2406/2562/775/184 2409/2563/775/184 2411/2564/777/184
f 2415/2570/781/185 2418/2576/778/185 2419/2569/778/185 2416/2573/781/185
f 2443/2602/805/187 2446/2608/802/187 2447/2601/802/187 2444/2605/805/187
f 2460/2625/815/189 2456/2626/813/189 2459/2627/813/189 2461/2628/815/189
f 16/23/11/2 10/17/12/2 15/18/15/2
f 10/17/12/2 17/24/11/2 15/18/15/2
f 557/620/183/110 556/621/184/110 555/622/184/110
f 578/647/189/112 579/648/190/112 580/649/190/112
f 666/743/209/118 667/739/212/118 668/740/212/118
f 723/818/254/123 724/819/255/123 725/820/255/123
f 880/973/309/125 881/974/310/125 882/975/308/125
f 883/976/311/125 884/977/312/125 885/978/308/125
f 1128/1217/383/127 1129/1218/384/127 1130/1219/382/127
f 1131/1220/385/127 1132/1221/386/127 1133/1222/382/127
f 1376/1461/457/129 1377/1462/458/129 1378/1463/456/129
f 1379/1464/459/129 1380/1465/460/129 1381/1466/456/129
f 1525/1610/494/133 1524/1611/495/133 1523/1612/495/133
f 1619/1714/520/139 1620/1710/519/139 1621/1711/519/139
f 1649/1762/541/142 1650/1758/540/142 1651/1759/540/142
f 1783/1926/583/150 1784/1922/582/150 1785/1923/582/150
f 1936/2086/627/159 1937/2082/630/159 1938/2083/630/159
f 2032/2194/656/163 2031/2195/657/163 2030/2196/657/163
f 2284/2438/722/176 2283/2439/723/176 2282/2440/723/176
f 2355/2498/741/179 2350/2499/736/179 2352/2500/738/179
f 2405/2554/774/183 2400/2555/769/183 2402/2556/771/183
f 2453/2618/809/188 2454/2614/812/188 2455/2615/812/188
usemtl gake1_3
s off
f 3894/4125/1089/351 3890/4126/1087/351 3893/4127/1087/351 3895/4128/1089/351
f 3900/4133/1092/352 3896/4134/1090/352 3899/4135/1090/352 3901/4136/1092/352
f 3918/4153/1096/354 3914/4154/1094/354 3917/4155/1094/354 3919/4156/1096/354
f 3924/4161/1099/355 3920/4162/1097/355 3923/4163/1097/355 3925/4164/1099/355
f 3933/4173/1106/356 3926/4174/1100/356 3929/4175/1103/356 3934/4176/1106/356
f 3935/4177/1102/356 3930/4178/1103/356 3932/4179/1105/356 3933/4180/1106/356
f 3940/4185/1109/357 3936/4186/1107/357 3939/4187/1107/357 3941/4188/1109/357
f 3949/4197/1116/358 3942/4198/1110/358 3945/4199/1113/358 3950/4200/1116/358
f 3951/4201/1112/358 3946/4202/1113/358 3948/4203/1115/358 3949/4204/1116/358
f 3959/4213/1123/359 3952/4214/1117/359 3955/4215/1120/359 3960/4216/1123/359
f 3961/4217/1119/359 3956/4218/1120/359 3958/4219/1122/359 3959/4220/1123/359
f 3966/4225/1126/360 3962/4226/1124/360 3965/4227/1124/360 3967/4228/1126/360
f 3975/4237/1133/361 3968/4238/1127/361 3971/4239/1130/361 3976/4240/1133/361
f 3977/4241/1129/361 3972/4242/1130/361 3974/4243/1132/361 3975/4244/1133/361
f 3985/4253/1140/362 3978/4254/1134/362 3981/4255/1137/362 3986/4256/1140/362
f 3987/4257/1136/362 3982/4258/1137/362 3984/4259/1139/362 3985/4260/1140/362
f 3992/4265/1143/363 3988/4266/1141/363 3991/4267/1141/363 3993/4268/1143/363
f 4001/4277/1150/364 3994/4278/1144/364 3997/4279/1147/364 4002/4280/1150/364
f 4003/4281/1146/364 3998/4282/1147/364 4000/4283/1149/364 4001/4284/1150/364
f 4008/4289/1153/365 4004/4290/1151/365 4007/4291/1151/365 4009/4292/1153/365
f 4026/4309/1157/367 4022/4310/1155/367 4025/4311/1155/367 4027/4312/1157/367
f 4071/4357/1167/371 4064/4358/1161/371 4067/4359/1164/371 4072/4360/1167/371
f 4073/4361/1163/371 4068/4362/1164/371 4070/4363/1166/371 4071/4364/1167/371
f 4078/4369/1170/372 4074/4370/1168/372 4077/4371/1168/372 4079/4372/1170/372
f 4087/4381/1177/373 4080/4382/1171/373 4083/4383/1174/373 4088/4384/1177/373
f 4089/4385/1173/373 4084/4386/1174/373 4086/4387/1176/373 4087/4388/1177/373
usemtl yamagake01
s off
f 7/9/7/1 1/10/1/1 3/11/3/1 8/12/8/1
f 8/13/8/1 3/14/3/1 5/15/5/1 9/16/9/1
f 16/25/11/2 15/26/14/2 13/21/17/3 14/22/13/3
f 15/26/14/2 17/27/11/2 11/20/13/3 13/21/17/3
f 24/36/24/5 18/37/18/5 20/38/20/5 25/39/25/5
f 25/40/25/5 20/41/20/5 22/42/22/5 26/43/26/5
f 33/52/33/6 27/53/27/6 29/54/29/6 34/55/34/6
f 34/56/34/6 29/57/29/6 31/58/31/6 35/59/35/6
f 424/467/131/100 427/468/131/100 428/469/134/100 429/470/134/100
f 447/471/135/101 433/472/135/101 432/473/135/101 446/474/135/101
f 463/487/136/102 449/488/136/102 448/489/136/102 462/490/136/102
f 464/512/139/103 469/513/139/103 471/509/137/103 470/510/137/103
f 472/524/143/104 477/525/143/104 479/521/141/104 478/522/141/104
f 480/536/147/105 485/537/147/105 487/533/145/105 486/534/145/105
f 491/539/149/106 493/540/150/106 492/541/151/106 490/542/152/106
f 489/543/150/106 491/539/149/106 490/542/152/106 488/544/153/106
f 528/595/164/108 531/596/164/108 535/597/170/108 536/598/170/108
f 532/599/167/108 534/600/167/108 537/601/173/108 538/602/173/108
f 542/611/174/109 545/612/174/109 546/613/177/109 547/614/177/109
f 550/623/178/110 552/624/180/110 555/625/184/110 556/626/184/110
f 573/627/185/111 559/628/185/111 558/629/185/111 572/630/185/111
f 576/643/186/112 577/644/187/112 574/645/188/112 575/646/188/112
f 605/682/195/114 608/683/195/114 609/684/198/114 610/685/198/114
f 660/718/205/117 646/719/205/117 645/720/205/117 659/721/205/117
f 661/744/207/118 663/745/210/118 668/741/212/118 667/742/212/118
f 669/754/213/119 672/755/213/119 673/756/216/119 674/757/216/119
f 677/774/217/120 680/775/217/120 684/776/223/120 685/777/223/120
f 681/778/220/120 683/779/220/120 686/780/226/120 687/781/226/120
f 691/791/229/121 696/792/229/121 698/788/227/121 697/789/227/121
f 721/814/251/123 722/815/252/123 719/816/253/123 720/817/253/123
f 749/829/257/124 735/830/257/124 734/831/257/124 748/832/257/124
f 933/1015/313/125 935/1016/314/125 934/1017/315/125 932/1018/316/125
f 935/1016/314/125 937/1019/317/125 936/1020/318/125 934/1017/315/125
f 941/1021/319/125 943/1022/320/125 942/1023/321/125 940/1024/322/125
f 939/1025/288/125 941/1021/319/125 940/1024/322/125 938/1026/323/125
f 943/1022/320/125 945/1027/292/125 944/1028/324/125 942/1023/321/125
f 931/1029/323/125 933/1015/313/125 932/1018/316/125 930/1030/325/125
f 925/1031/326/125 927/1032/327/125 926/1033/328/125 924/1034/329/125
f 923/1035/325/125 925/1031/326/125 924/1034/329/125 922/1036/279/125
f 927/1032/327/125 929/1037/330/125 928/1038/282/125 926/1033/328/125
f 946/1039/267/125 947/1040/267/125 948/1041/308/125 949/1042/308/125
f 950/1043/267/125 951/1044/267/125 952/1045/308/125 953/1046/308/125
f 954/1047/269/125 955/1048/269/125 956/1049/308/125 957/1050/308/125
f 958/1051/269/125 959/1052/269/125 960/1053/308/125 961/1054/308/125
f 997/1073/331/126 983/1074/331/126 982/1075/331/126 996/1076/331/126
f 1181/1259/387/127 1183/1260/388/127 1182/1261/389/127 1180/1262/390/127
f 1183/1260/388/127 1185/1263/391/127 1184/1264/392/127 1182/1261/389/127
f 1189/1265/393/127 1191/1266/394/127 1190/1267/395/127 1188/1268/396/127
f 1187/1269/362/127 1189/1265/393/127 1188/1268/396/127 1186/1270/397/127
f 1191/1266/394/127 1193/1271/366/127 1192/1272/398/127 1190/1267/395/127
f 1179/1273/397/127 1181/1259/387/127 1180/1262/390/127 1178/1274/399/127
f 1173/1275/400/127 1175/1276/401/127 1174/1277/402/127 1172/1278/403/127
f 1171/1279/399/127 1173/1275/400/127 1172/1278/403/127 1170/1280/353/127
f 1175/1276/401/127 1177/1281/404/127 1176/1282/356/127 1174/1277/402/127
f 1194/1283/341/127 1195/1284/341/127 1196/1285/382/127 1197/1286/382/127
f 1198/1287/341/127 1199/1288/341/127 1200/1289/382/127 1201/1290/382/127
f 1202/1291/343/127 1203/1292/343/127 1204/1293/382/127 1205/1294/382/127
f 1206/1295/343/127 1207/1296/343/127 1208/1297/382/127 1209/1298/382/127
f 1245/1317/405/128 1231/1318/405/128 1230/1319/405/128 1244/1320/405/128
f 1429/1503/461/129 1431/1504/462/129 1430/1505/463/129 1428/1506/464/129
f 1431/1504/462/129 1433/1507/465/129 1432/1508/466/129 1430/1505/463/129
f 1437/1509/467/129 1439/1510/468/129 1438/1511/469/129 1436/1512/470/129
f 1435/1513/436/129 1437/1509/467/129 1436/1512/470/129 1434/1514/471/129
f 1439/1510/468/129 1441/1515/440/129 1440/1516/472/129 1438/1511/469/129
f 1427/1517/471/129 1429/1503/461/129 1428/1506/464/129 1426/1518/473/129
f 1421/1519/474/129 1423/1520/475/129 1422/1521/476/129 1420/1522/477/129
f 1419/1523/473/129 1421/1519/474/129 1420/1522/477/129 1418/1524/427/129
f 1423/1520/475/129 1425/1525/478/129 1424/1526/430/129 1422/1521/476/129
f 1442/1527/415/129 1443/1528/415/129 1444/1529/456/129 1445/1530/456/129
f 1446/1531/415/129 1447/1532/415/129 1448/1533/456/129 1449/1534/456/129
f 1450/1535/417/129 1451/1536/417/129 1452/1537/456/129 1453/1538/456/129
f 1454/1539/417/129 1455/1540/417/129 1456/1541/456/129 1457/1542/456/129
f 1510/1601/485/132 1513/1602/485/132 1514/1603/488/132 1515/1604/488/132
f 1518/1613/489/133 1520/1614/491/133 1523/1615/495/133 1524/1616/495/133
f 1529/1617/496/134 1531/1618/497/134 1530/1619/498/134 1528/1620/499/134
f 1527/1621/497/134 1529/1617/496/134 1528/1620/499/134 1526/1622/500/134
f 1581/1657/511/136 1567/1658/511/136 1566/1659/511/136 1580/1660/511/136
f 1597/1673/512/137 1583/1674/512/137 1582/1675/512/137 1596/1676/512/137
f 1613/1689/513/138 1599/1690/513/138 1598/1691/513/138 1612/1692/513/138
f 1614/1715/518/139 1616/1716/516/139 1621/1712/519/139 1620/1713/519/139
f 1622/1726/524/140 1627/1727/524/140 1629/1723/521/140 1628/1724/521/140
f 1630/1745/525/141 1633/1746/525/141 1637/1747/531/141 1638/1748/531/141
f 1634/1749/528/141 1636/1750/528/141 1639/1751/534/141 1640/1752/534/141
f 1644/1763/539/142 1646/1764/537/142 1651/1760/540/142 1650/1761/540/142
f 1652/1774/545/143 1657/1775/545/143 1659/1771/542/143 1658/1772/542/143
f 1660/1793/546/144 1663/1794/546/144 1667/1795/552/144 1668/1796/552/144
f 1664/1797/549/144 1666/1798/549/144 1669/1799/555/144 1670/1800/555/144
f 1674/1810/558/145 1679/1811/558/145 1681/1807/556/145 1680/1808/556/145
f 1698/1838/565/147 1703/1839/565/147 1705/1835/563/147 1704/1836/563/147
f 1706/1850/569/148 1711/1851/569/148 1713/1847/567/148 1712/1848/567/148
f 1778/1927/581/150 1780/1928/579/150 1785/1924/582/150 1784/1925/582/150
f 1786/1938/587/151 1791/1939/587/151 1793/1935/584/151 1792/1936/584/151
f 1794/1957/588/152 1797/1958/588/152 1801/1959/594/152 1802/1960/594/152
f 1798/1961/591/152 1800/1962/591/152 1803/1963/597/152 1804/1964/597/152
f 1867/2014/609/154 1872/2015/609/154 1874/2011/607/154 1873/2012/607/154
f 1891/2042/616/156 1896/2043/616/156 1898/2039/614/156 1897/2040/614/156
f 1931/2087/625/159 1933/2088/628/159 1938/2084/630/159 1937/2085/630/159
f 2003/2169/637/161 2006/2170/637/161 2010/2171/643/161 2011/2172/643/161
f 2007/2173/640/161 2009/2174/640/161 2012/2175/646/161 2013/2176/646/161
f 2017/2186/650/162 2022/2187/650/162 2024/2183/647/162 2023/2184/647/162
f 2025/2197/651/163 2027/2198/653/163 2030/2199/657/163 2031/2200/657/163
f 2065/2242/666/166 2070/2243/666/166 2072/2239/664/166 2071/2240/664/166
f 2073/2254/670/167 2078/2255/670/167 2080/2251/668/167 2079/2252/668/167
f 2081/2265/672/168 2084/2266/672/168 2085/2267/675/168 2086/2268/675/168
f 2255/2406/705/174 2260/2407/705/174 2262/2403/703/174 2261/2404/703/174
f 2263/2425/707/175 2266/2426/707/175 2270/2427/713/175 2271/2428/713/175
f 2267/2429/710/175 2269/2430/710/175 2272/2431/716/175 2273/2432/716/175
f 2277/2441/717/176 2279/2442/719/176 2282/2443/723/176 2283/2444/723/176
f 2356/2509/742/180 2359/2510/742/180 2360/2511/745/180 2361/2512/745/180
f 2412/2574/780/185 2417/2575/780/185 2419/2571/778/185 2418/2572/778/185
f 2440/2606/804/187 2445/2607/804/187 2447/2603/802/187 2446/2604/802/187
f 2448/2619/807/188 2450/2620/810/188 2455/2616/812/188 2454/2617/812/188
f 11/20/13/3 12/19/10/4 13/21/16/3
f 12/19/10/4 14/22/13/3 13/21/16/3
f 1764/1903/574/149 1765/1904/574/149 1766/1905/574/149
f 1771/1906/576/149 1773/1907/576/149 1772/1908/576/149
f 1989/2139/634/160 1990/2140/634/160 1991/2141/634/160
f 1996/2142/636/160 1998/2143/636/160 1997/2144/636/160
usemtl kusa_ec3
s off
f 3912/4145/1093/353 3913/4146/1093/353 3910/4147/1093/353 3911/4148/1093/353
f 4020/4301/1154/366 4021/4302/1154/366 4018/4303/1154/366 4019/4304/1154/366
f 4038/4321/1158/368 4039/4322/1158/368 4036/4323/1158/368 4037/4324/1158/368
f 4050/4333/1159/369 4051/4334/1159/369 4048/4335/1159/369 4049/4336/1159/369
f 4062/4345/1160/370 4063/4346/1160/370 4060/4347/1160/370 4061/4348/1160/370
usemtl gake_michi
s off
f 3838/4069/1035/338 3839/4070/1036/338 3841/4071/1038/338 3840/4072/1037/338
f 3842/4073/1039/339 3843/4074/1040/339 3845/4075/1042/339 3844/4076/1041/339
f 3846/4077/1043/340 3847/4078/1044/340 3849/4079/1046/340 3848/4080/1045/340
f 3850/4081/1047/341 3851/4082/1048/341 3853/4083/1050/341 3852/4084/1049/341
f 3854/4085/1051/342 3855/4086/1052/342 3857/4087/1054/342 3856/4088/1053/342
f 3858/4089/1055/343 3859/4090/1056/343 3861/4091/1058/343 3860/4092/1057/343
f 3862/4093/1059/344 3863/4094/1060/344 3865/4095/1062/344 3864/4096/1061/344
f 3866/4097/1063/345 3867/4098/1064/345 3869/4099/1066/345 3868/4100/1065/345
f 3870/4101/1067/346 3871/4102/1068/346 3873/4103/1070/346 3872/4104/1069/346
f 3874/4105/1071/347 3875/4106/1072/347 3877/4107/1074/347 3876/4108/1073/347
f 3878/4109/1075/348 3879/4110/1076/348 3881/4111/1078/348 3880/4112/1077/348
f 3882/4115/1079/349 3883/4116/1080/349 3885/4113/1082/349 3884/4114/1081/349
f 3886/4117/1083/350 3887/4118/1084/350 3889/4119/1086/350 3888/4120/1085/350
usemtl grass01ax
s off
f 36/60/36/7 37/61/36/7 38/62/36/7 39/63/36/7
f 40/64/37/8 41/65/37/8 42/66/37/8 43/67/37/8
f 44/68/38/9 45/69/38/9 46/70/38/9 47/71/38/9
f 60/86/42/13 61/87/42/13 62/88/42/13 63/89/42/13
f 64/92/43/14 65/93/43/14 66/90/43/14 67/91/43/14
f 68/94/44/15 69/95/44/15 70/96/44/15 71/97/44/15
f 72/98/45/16 73/99/45/16 74/100/45/16 75/101/45/16
f 76/102/46/17 77/103/46/17 78/104/46/17 79/105/46/17
f 86/110/48/19 87/111/48/19 88/112/48/19 89/113/48/19
f 90/114/49/20 91/115/49/20 92/116/49/20 93/117/49/20
f 94/118/50/21 95/119/50/21 96/120/50/21 97/121/50/21
f 98/124/51/22 99/125/51/22 100/122/51/22 101/123/51/22
f 102/126/52/23 103/127/52/23 104/128/52/23 105/129/52/23
f 106/130/53/24 107/131/53/24 108/132/53/24 109/133/53/24
f 110/134/54/25 111/135/54/25 112/136/54/25 113/137/54/25
f 114/140/55/26 115/138/55/26 116/139/55/26 117/141/55/26
f 118/144/56/27 119/142/56/27 120/143/56/27 121/145/56/27
f 128/150/58/29 129/151/58/29 130/152/58/29 131/153/58/29
f 132/154/59/30 133/155/59/30 134/156/59/30 135/157/59/30
f 136/158/60/31 137/159/60/31 138/160/60/31 139/161/60/31
f 140/162/61/32 141/163/61/32 142/164/61/32 143/165/61/32
f 148/171/63/34 149/172/63/34 150/173/63/34 151/174/63/34
f 152/175/64/35 153/177/64/35 154/176/64/35 155/178/64/35
f 156/179/65/36 157/181/65/36 158/182/65/36 159/180/65/36
f 160/183/66/37 161/184/66/37 162/185/66/37 163/186/66/37
f 168/192/68/39 169/193/68/39 170/194/68/39 171/195/68/39
f 188/212/73/44 189/213/73/44 190/214/73/44 191/215/73/44
f 204/230/77/48 205/231/77/48 206/232/77/48 207/233/77/48
f 208/234/78/49 209/235/78/49 210/236/78/49 211/237/78/49
f 212/238/79/50 213/239/79/50 214/240/79/50 215/241/79/50
f 216/242/80/51 217/243/80/51 218/244/80/51 219/245/80/51
f 220/248/81/52 221/249/81/52 222/246/81/52 223/247/81/52
f 224/252/82/53 225/250/82/53 226/251/82/53 227/253/82/53
f 228/254/83/54 229/255/83/54 230/256/83/54 231/257/83/54
f 244/272/87/58 245/273/87/58 246/274/87/58 247/275/87/58
f 248/276/88/59 249/277/88/59 250/278/88/59 251/279/88/59
f 264/294/92/63 265/292/92/63 266/295/92/63 267/293/92/63
f 268/296/93/64 269/297/93/64 270/298/93/64 271/299/93/64
f 272/300/94/65 273/301/94/65 274/302/94/65 275/303/94/65
f 276/304/95/66 277/305/95/66 278/306/95/66 279/307/95/66
f 280/308/96/67 281/309/96/67 282/310/96/67 283/311/96/67
f 284/312/97/68 285/314/97/68 286/315/97/68 287/313/97/68
f 288/316/98/69 289/317/98/69 290/318/98/69 291/319/98/69
f 292/320/99/70 293/322/99/70 294/323/99/70 295/321/99/70
f 296/324/100/71 297/325/100/71 298/326/100/71 299/327/100/71
f 300/328/101/72 301/330/101/72 302/331/101/72 303/329/101/72
f 304/334/102/73 305/332/102/73 306/335/102/73 307/333/102/73
f 308/336/103/74 309/338/103/74 310/337/103/74 311/339/103/74
f 324/354/107/78 325/355/107/78 326/352/107/78 327/353/107/78
f 328/356/108/79 329/357/108/79 330/358/108/79 331/359/108/79
f 344/374/112/83 345/375/112/83 346/376/112/83 347/377/112/83
f 348/378/113/84 349/379/113/84 350/380/113/84 351/381/113/84
f 352/382/114/85 353/384/114/85 354/385/114/85 355/383/114/85
f 356/386/115/86 357/388/115/86 358/389/115/86 359/387/115/86
f 368/402/118/89 369/400/118/89 370/401/118/89 371/403/118/89
f 372/404/119/90 373/405/119/90 374/406/119/90 375/407/119/90
f 388/423/123/94 389/424/123/94 390/425/123/94 391/426/123/94
f 392/427/124/95 393/428/124/95 394/429/124/95 395/430/124/95
f 396/431/125/96 397/432/125/96 398/433/125/96 399/434/125/96
f 80/106/47/18 81/109/47/18 82/107/47/18
f 83/107/47/18 84/109/47/18 85/108/47/18
f 122/146/57/28 123/147/57/28 124/148/57/28
f 125/148/57/28 126/147/57/28 127/149/57/28
usemtl michi01a
s off
f 52/77/40/11 53/78/40/11 54/79/40/11 55/80/40/11
f 172/196/69/40 173/197/69/40 174/198/69/40 175/199/69/40
f 176/200/70/41 177/201/70/41 178/202/70/41 179/203/70/41
f 180/204/71/42 181/205/71/42 182/206/71/42 183/207/71/42
f 196/221/75/46 197/222/75/46 198/223/75/46 199/224/75/46
f 236/263/85/56 237/264/85/56 238/265/85/56 239/266/85/56
f 252/280/89/60 253/281/89/60 254/282/89/60 255/283/89/60
f 260/288/91/62 261/289/91/62 262/290/91/62 263/291/91/62
f 312/340/104/75 313/341/104/75 314/342/104/75 315/343/104/75
f 320/348/106/77 321/349/106/77 322/350/106/77 323/351/106/77
f 336/365/110/81 337/366/110/81 338/367/110/81 339/368/110/81
f 384/419/122/93 385/420/122/93 386/421/122/93 387/422/122/93
f 400/435/126/97 401/436/126/97 402/437/126/97 403/438/126/97
f 48/72/39/10 49/73/39/10 50/74/39/10
f 49/73/39/10 51/75/39/10 50/76/39/10
f 56/81/41/12 57/82/41/12 58/83/41/12
f 57/82/41/12 59/84/41/12 58/85/41/12
f 144/166/62/33 145/167/62/33 146/168/62/33
f 145/167/62/33 147/169/62/33 146/170/62/33
f 164/187/67/38 165/188/67/38 166/189/67/38
f 165/188/67/38 167/190/67/38 166/191/67/38
f 192/216/74/45 193/217/74/45 194/218/74/45
f 193/217/74/45 195/219/74/45 194/220/74/45
f 200/225/76/47 201/226/76/47 202/227/76/47
f 201/226/76/47 203/228/76/47 202/229/76/47
f 232/258/84/55 233/259/84/55 234/260/84/55
f 233/259/84/55 235/261/84/55 234/262/84/55
f 240/267/86/57 241/268/86/57 242/269/86/57
f 241/268/86/57 243/270/86/57 242/271/86/57
f 332/360/109/80 333/361/109/80 334/362/109/80
f 333/361/109/80 335/363/109/80 334/364/109/80
f 340/369/111/82 341/370/111/82 342/371/111/82
f 341/370/111/82 343/372/111/82 342/373/111/82
f 360/390/116/87 361/391/116/87 362/392/116/87
f 361/391/116/87 363/393/116/87 362/394/116/87
f 364/395/117/88 365/396/117/88 366/397/117/88
f 365/396/117/88 367/398/117/88 366/399/117/88
f 376/408/120/91 377/409/120/91 378/410/120/91
f 377/409/120/91 379/411/120/91 378/412/120/91
f 380/416/121/92 381/417/121/92 382/418/121/92
usemtl michi01b
s off
f 186/208/72/43 187/209/72/43 184/210/72/43 185/211/72/43
f 258/284/90/61 259/285/90/61 256/286/90/61 257/287/90/61
f 318/344/105/76 319/345/105/76 316/346/105/76 317/347/105/76
f 406/439/127/98 407/440/127/98 404/441/127/98 405/442/127/98
f 381/413/121/92 380/414/121/92 383/415/121/92
usemtl kaidan01a
s off
f 1740/1853/571/149 1741/1854/571/149 1738/1855/571/149 1739/1856/571/149
f 1723/1857/572/149 1725/1858/572/149 1724/1859/572/149 1722/1860/572/149
f 1732/1861/573/149 1733/1862/573/149 1730/1863/573/149 1731/1864/573/149
f 1748/1865/573/149 1749/1866/573/149 1746/1867/573/149 1747/1868/573/149
f 1756/1869/571/149 1757/1870/571/149 1754/1871/571/149 1755/1872/571/149
f 1744/1873/574/149 1745/1874/574/149 1742/1875/574/149 1743/1876/574/149
f 1715/1877/575/149 1717/1878/575/149 1716/1879/575/149 1714/1880/575/149
f 1721/1881/572/149 1723/1857/572/149 1722/1860/572/149 1720/1882/572/149
f 1752/1883/574/149 1753/1884/574/149 1750/1885/574/149 1751/1886/574/149
f 1728/1887/576/149 1729/1888/576/149 1726/1889/576/149 1727/1890/576/149
f 1717/1878/575/149 1719/1891/575/149 1718/1892/575/149 1716/1879/575/149
f 1736/1899/576/149 1737/1900/576/149 1734/1901/576/149 1735/1902/576/149
f 1965/2089/631/160 1966/2090/631/160 1963/2091/631/160 1964/2092/631/160
f 1948/2093/632/160 1950/2094/632/160 1949/2095/632/160 1947/2096/632/160
f 1957/2097/633/160 1958/2098/633/160 1955/2099/633/160 1956/2100/633/160
f 1973/2101/633/160 1974/2102/633/160 1971/2103/633/160 1972/2104/633/160
f 1981/2105/631/160 1982/2106/631/160 1979/2107/631/160 1980/2108/631/160
f 1969/2109/634/160 1970/2110/634/160 1967/2111/634/160 1968/2112/634/160
f 1940/2113/635/160 1942/2114/635/160 1941/2115/635/160 1939/2116/635/160
f 1946/2117/632/160 1948/2093/632/160 1947/2096/632/160 1945/2118/632/160
f 1977/2119/634/160 1978/2120/634/160 1975/2121/634/160 1976/2122/634/160
f 1953/2123/636/160 1954/2124/636/160 1951/2125/636/160 1952/2126/636/160
f 1942/2114/635/160 1944/2127/635/160 1943/2128/635/160 1941/2115/635/160
f 1961/2135/636/160 1962/2136/636/160 1959/2137/636/160 1960/2138/636/160
f 1758/1893/574/149 1759/1894/574/149 1760/1895/574/149
f 1761/1896/576/149 1762/1897/576/149 1763/1898/576/149
f 1983/2129/634/160 1984/2130/634/160 1985/2131/634/160
f 1986/2132/636/160 1987/2133/636/160 1988/2134/636/160
usemtl kusa_ec1
s off
f 3904/4137/1093/353 3905/4138/1093/353 3902/4139/1093/353 3903/4140/1093/353
f 4012/4293/1154/366 4013/4294/1154/366 4010/4295/1154/366 4011/4296/1154/366
f 4030/4313/1158/368 4031/4314/1158/368 4028/4315/1158/368 4029/4316/1158/368
f 4042/4325/1159/369 4043/4326/1159/369 4040/4327/1159/369 4041/4328/1159/369
f 4054/4337/1160/370 4055/4338/1160/370 4052/4339/1160/370 4053/4340/1160/370
usemtl kusa_ec2
s off
f 3908/4141/1093/353 3909/4142/1093/353 3906/4143/1093/353 3907/4144/1093/353
f 4016/4297/1154/366 4017/4298/1154/366 4014/4299/1154/366 4015/4300/1154/366
f 4034/4317/1158/368 4035/4318/1158/368 4032/4319/1158/368 4033/4320/1158/368
f 4046/4329/1159/369 4047/4330/1159/369 4044/4331/1159/369 4045/4332/1159/369
f 4058/4341/1160/370 4059/4342/1160/370 4056/4343/1160/370 4057/4344/1160/370
usemtl egrass_u
s off
f 2514/2681/843/196 2515/2682/843/196 2516/2683/843/196 2517/2684/843/196
f 2522/2693/845/198 2523/2694/845/198 2524/2695/845/198 2525/2696/845/198
f 2530/2701/845/198 2531/2702/845/198 2532/2703/845/198 2533/2704/845/198
f 2550/2717/847/200 2551/2718/847/200 2552/2719/847/200 2553/2720/847/200
f 2570/2737/850/203 2571/2738/850/203 2572/2739/850/203 2573/2740/850/203
f 2598/2765/854/207 2599/2766/854/207 2600/2767/854/207 2601/2768/854/207
f 2602/2769/855/208 2603/2770/855/208 2604/2771/855/208 2605/2772/855/208
f 2618/2785/857/210 2619/2786/857/210 2620/2787/857/210 2621/2788/857/210
f 2630/2797/858/211 2631/2798/858/211 2632/2799/858/211 2633/2800/858/211
f 2642/2809/859/212 2643/2810/859/212 2644/2811/859/212 2645/2812/859/212
f 2658/2825/861/214 2659/2826/861/214 2660/2827/861/214 2661/2828/861/214
f 2686/2857/865/218 2687/2858/865/218 2688/2859/865/218 2689/2860/865/218
f 2694/2865/865/218 2695/2866/865/218 2696/2867/865/218 2697/2868/865/218
f 2714/2881/867/220 2715/2882/867/220 2716/2883/867/220 2717/2884/867/220
f 2722/2893/869/222 2725/2894/869/222 2724/2895/869/222 2723/2896/869/222
f 2730/2901/869/222 2733/2902/869/222 2732/2903/869/222 2731/2904/869/222
f 2758/2925/872/225 2759/2926/872/225 2760/2927/872/225 2761/2928/872/225
f 2766/2933/874/227 2767/2934/874/227 2768/2935/874/227 2769/2936/874/227
f 2794/2961/878/231 2795/2962/878/231 2796/2963/878/231 2797/2964/878/231
f 2814/2981/881/234 2815/2982/881/234 2816/2983/881/234 2817/2984/881/234
f 2826/2993/882/235 2827/2994/882/235 2828/2995/882/235 2829/2996/882/235
f 2850/3017/885/238 2851/3018/885/238 2852/3019/885/238 2853/3020/885/238
f 2858/3029/887/240 2859/3030/887/240 2860/3031/887/240 2861/3032/887/240
f 2866/3037/887/240 2867/3038/887/240 2868/3039/887/240 2869/3040/887/240
f 2882/3049/890/243 2883/3050/890/243 2884/3051/890/243 2885/3052/890/243
f 2898/3065/892/245 2899/3066/892/245 2900/3067/892/245 2901/3068/892/245
f 2906/3073/894/247 2907/3074/894/247 2908/3075/894/247 2909/3076/894/247
f 2938/3105/899/250 2939/3106/899/250 2940/3107/899/250 2941/3108/899/250
f 2950/3117/900/251 2951/3118/900/251 2952/3119/900/251 2953/3120/900/251
f 2962/3129/901/252 2963/3130/901/252 2964/3131/901/252 2965/3132/901/252
f 2978/3145/903/254 2979/3146/903/254 2980/3147/903/254 2981/3148/903/254
f 2990/3157/904/255 2991/3158/904/255 2992/3159/904/255 2993/3160/904/255
f 3002/3169/905/256 3003/3170/905/256 3004/3171/905/256 3005/3172/905/256
f 3006/3173/906/257 3007/3174/906/257 3008/3175/906/257 3009/3176/906/257
f 3102/3277/922/266 3103/3278/922/266 3104/3279/922/266 3105/3280/922/266
f 3130/3305/927/269 3131/3306/927/269 3132/3307/927/269 3133/3308/927/269
f 3134/3313/928/270 3137/3314/928/270 3136/3315/928/270 3135/3316/928/270
f 3142/3321/928/270 3145/3322/928/270 3144/3323/928/270 3143/3324/928/270
f 3206/3389/937/275 3207/3390/937/275 3208/3391/937/275 3209/3392/937/275
f 3218/3401/938/276 3219/3402/938/276 3220/3403/938/276 3221/3404/938/276
f 3234/3417/940/278 3235/3418/940/278 3236/3419/940/278 3237/3420/940/278
f 3242/3425/942/280 3243/3426/942/280 3244/3427/942/280 3245/3428/942/280
f 3314/3505/954/285 3315/3506/954/285 3316/3507/954/285 3317/3508/954/285
f 3338/3529/957/288 3339/3530/957/288 3340/3531/957/288 3341/3532/957/288
f 3382/3577/964/294 3383/3578/964/294 3384/3579/964/294 3385/3580/964/294
f 3390/3585/964/294 3391/3586/964/294 3392/3587/964/294 3393/3588/964/294
f 3402/3593/966/296 3403/3594/966/296 3404/3595/966/296 3405/3596/966/296
f 3486/3685/979/302 3487/3686/979/302 3488/3687/979/302 3489/3688/979/302
f 3498/3697/980/303 3499/3698/980/303 3500/3699/980/303 3501/3700/980/303
f 3514/3713/982/305 3515/3714/982/305 3516/3715/982/305 3517/3716/982/305
f 3526/3725/983/306 3527/3726/983/306 3528/3727/983/306 3529/3728/983/306
f 3622/3837/997/312 3623/3838/997/312 3624/3839/997/312 3625/3840/997/312
f 3654/3869/1003/316 3655/3870/1003/316 3656/3871/1003/316 3657/3872/1003/316
f 3666/3881/1004/317 3667/3882/1004/317 3668/3883/1004/317 3669/3884/1004/317
f 3682/3897/1006/319 3683/3898/1006/319 3684/3899/1006/319 3685/3900/1006/319
usemtl egrass_v
s off
f 2502/2669/840/193 2503/2670/840/193 2504/2671/840/193 2505/2672/840/193
f 2510/2677/842/195 2511/2678/842/195 2512/2679/842/195 2513/2680/842/195
f 2542/2713/847/200 2543/2714/847/200 2544/2715/847/200 2545/2716/847/200
f 2562/2733/850/203 2563/2734/850/203 2564/2735/850/203 2565/2736/850/203
f 2590/2745/852/205 2591/2746/852/205 2592/2747/852/205 2593/2748/852/205
f 2586/2749/852/205 2587/2750/852/205 2588/2751/852/205 2589/2752/852/205
f 2610/2781/857/210 2611/2782/857/210 2612/2783/857/210 2613/2784/857/210
f 2622/2793/858/211 2623/2794/858/211 2624/2795/858/211 2625/2796/858/211
f 2634/2805/859/212 2635/2806/859/212 2636/2807/859/212 2637/2808/859/212
f 2646/2813/860/213 2647/2814/860/213 2648/2815/860/213 2649/2816/860/213
f 2650/2821/861/214 2651/2822/861/214 2652/2823/861/214 2653/2824/861/214
f 2678/2833/863/216 2679/2834/863/216 2680/2835/863/216 2681/2836/863/216
f 2674/2837/863/216 2675/2838/863/216 2676/2839/863/216 2677/2840/863/216
f 2706/2877/867/220 2707/2878/867/220 2708/2879/867/220 2709/2880/867/220
f 2754/2909/871/224 2755/2910/871/224 2756/2911/871/224 2757/2912/871/224
f 2750/2913/871/224 2751/2914/871/224 2752/2915/871/224 2753/2916/871/224
f 2770/2937/875/228 2771/2938/875/228 2772/2939/875/228 2773/2940/875/228
f 2786/2941/876/229 2787/2942/876/229 2788/2943/876/229 2789/2944/876/229
f 2782/2945/876/229 2783/2946/876/229 2784/2947/876/229 2785/2948/876/229
f 2802/2969/880/233 2803/2970/880/233 2804/2971/880/233 2805/2972/880/233
f 2806/2977/881/234 2807/2978/881/234 2808/2979/881/234 2809/2980/881/234
f 2818/2989/882/235 2819/2990/882/235 2820/2991/882/235 2821/2992/882/235
f 2846/3001/884/237 2847/3002/884/237 2848/3003/884/237 2849/3004/884/237
f 2842/3005/884/237 2843/3006/884/237 2844/3007/884/237 2845/3008/884/237
f 2890/3061/892/245 2891/3062/892/245 2892/3063/892/245 2893/3064/892/245
f 2930/3101/899/250 2931/3102/899/250 2932/3103/899/250 2933/3104/899/250
f 2942/3113/900/251 2943/3114/900/251 2944/3115/900/251 2945/3116/900/251
f 2954/3125/901/252 2955/3126/901/252 2956/3127/901/252 2957/3128/901/252
f 2970/3141/903/254 2971/3142/903/254 2972/3143/903/254 2973/3144/903/254
f 2982/3153/904/255 2983/3154/904/255 2984/3155/904/255 2985/3156/904/255
f 2994/3165/905/256 2995/3166/905/256 2996/3167/905/256 2997/3168/905/256
f 3094/3273/922/266 3095/3274/922/266 3096/3275/922/266 3097/3276/922/266
f 3194/3377/936/274 3195/3378/936/274 3196/3379/936/274 3197/3380/936/274
f 3198/3385/937/275 3199/3386/937/275 3200/3387/937/275 3201/3388/937/275
f 3210/3397/938/276 3211/3398/938/276 3212/3399/938/276 3213/3400/938/276
f 3222/3405/939/277 3223/3406/939/277 3224/3407/939/277 3225/3408/939/277
f 3226/3413/940/278 3227/3414/940/278 3228/3415/940/278 3229/3416/940/278
f 3330/3509/955/286 3331/3510/955/286 3332/3511/955/286 3333/3512/955/286
f 3326/3513/955/286 3327/3514/955/286 3328/3515/955/286 3329/3516/955/286
f 3334/3525/956/287 3335/3526/956/287 3336/3527/956/287 3337/3528/956/287
f 3358/3537/959/290 3359/3538/959/290 3360/3539/959/290 3361/3540/959/290
f 3354/3541/959/290 3355/3542/959/290 3356/3543/959/290 3357/3544/959/290
f 3478/3681/979/302 3479/3682/979/302 3480/3683/979/302 3481/3684/979/302
f 3490/3693/980/303 3491/3694/980/303 3492/3695/980/303 3493/3696/980/303
f 3506/3709/982/305 3507/3710/982/305 3508/3711/982/305 3509/3712/982/305
f 3518/3721/983/306 3519/3722/983/306 3520/3723/983/306 3521/3724/983/306
f 3614/3833/997/312 3615/3834/997/312 3616/3835/997/312 3617/3836/997/312
f 3658/3877/1004/317 3659/3878/1004/317 3660/3879/1004/317 3661/3880/1004/317
f 3670/3885/1005/318 3671/3886/1005/318 3672/3887/1005/318 3673/3888/1005/318
f 3674/3893/1006/319 3675/3894/1006/319 3676/3895/1006/319 3677/3896/1006/319
f 3690/3905/1008/321 3691/3906/1008/321 3692/3907/1008/321 3693/3908/1008/321
f 3698/3913/1010/323 3699/3914/1010/323 3700/3915/1010/323 3701/3916/1010/323
usemtl egrass_ro
s off
f 2498/2665/839/192 2499/2666/839/192 2500/2667/839/192 2501/2668/839/192
f 2506/2673/841/194 2507/2674/841/194 2508/2675/841/194 2509/2676/841/194
f 2574/2741/851/204 2575/2742/851/204 2576/2743/851/204 2577/2744/851/204
f 2662/2829/862/215 2663/2830/862/215 2664/2831/862/215 2665/2832/862/215
f 2702/2869/866/219 2703/2870/866/219 2704/2871/866/219 2705/2872/866/219
f 2798/2965/879/232 2799/2966/879/232 2800/2967/879/232 2801/2968/879/232
f 2886/3053/891/244 2887/3054/891/244 2888/3055/891/244 2889/3056/891/244
f 2966/3133/902/253 2967/3134/902/253 2968/3135/902/253 2969/3136/902/253
f 3090/3265/921/265 3091/3266/921/265 3092/3267/921/265 3093/3268/921/265
f 3190/3373/935/273 3191/3374/935/273 3192/3375/935/273 3193/3376/935/273
f 3610/3825/996/311 3611/3826/996/311 3612/3827/996/311 3613/3828/996/311
f 3686/3901/1007/320 3687/3902/1007/320 3688/3903/1007/320 3689/3904/1007/320
f 3694/3909/1009/322 3695/3910/1009/322 3696/3911/1009/322 3697/3912/1009/322
f 3806/4037/1027/330 3807/4038/1027/330 3808/4039/1027/330 3809/4040/1027/330
f 3810/4041/1028/331 3811/4042/1028/331 3812/4043/1028/331 3813/4044/1028/331
f 3814/4045/1029/332 3815/4046/1029/332 3816/4047/1029/332 3817/4048/1029/332
f 3818/4049/1030/333 3819/4050/1030/333 3820/4051/1030/333 3821/4052/1030/333
f 3822/4053/1031/334 3823/4054/1031/334 3824/4055/1031/334 3825/4056/1031/334
f 3826/4057/1032/335 3827/4058/1032/335 3828/4059/1032/335 3829/4060/1032/335
f 3830/4061/1033/336 3831/4062/1033/336 3832/4063/1033/336 3833/4064/1033/336
f 3834/4065/1034/337 3835/4066/1034/337 3836/4067/1034/337 3837/4068/1034/337
usemtl egrass_ri
s off
f 2526/2689/845/198 2527/2690/845/198 2528/2691/845/198 2529/2692/845/198
f 2534/2697/845/198 2535/2698/845/198 2536/2699/845/198 2537/2700/845/198
f 2546/2709/847/200 2547/2710/847/200 2548/2711/847/200 2549/2712/847/200
f 2566/2729/850/203 2567/2730/850/203 2568/2731/850/203 2569/2732/850/203
f 2578/2753/852/205 2579/2754/852/205 2580/2755/852/205 2581/2756/852/205
f 2582/2757/852/205 2583/2758/852/205 2584/2759/852/205 2585/2760/852/205
f 2614/2777/857/210 2615/2778/857/210 2616/2779/857/210 2617/2780/857/210
f 2626/2789/858/211 2627/2790/858/211 2628/2791/858/211 2629/2792/858/211
f 2638/2801/859/212 2639/2802/859/212 2640/2803/859/212 2641/2804/859/212
f 2654/2817/861/214 2655/2818/861/214 2656/2819/861/214 2657/2820/861/214
f 2666/2841/863/216 2667/2842/863/216 2668/2843/863/216 2669/2844/863/216
f 2670/2845/863/216 2671/2846/863/216 2672/2847/863/216 2673/2848/863/216
f 2690/2853/865/218 2691/2854/865/218 2692/2855/865/218 2693/2856/865/218
f 2698/2861/865/218 2699/2862/865/218 2700/2863/865/218 2701/2864/865/218
f 2710/2873/867/220 2711/2874/867/220 2712/2875/867/220 2713/2876/867/220
f 2726/2889/869/222 2727/2890/869/222 2728/2891/869/222 2729/2892/869/222
f 2734/2897/869/222 2735/2898/869/222 2736/2899/869/222 2737/2900/869/222
f 2742/2917/871/224 2743/2918/871/224 2744/2919/871/224 2745/2920/871/224
f 2746/2921/871/224 2747/2922/871/224 2748/2923/871/224 2749/2924/871/224
f 2774/2949/876/229 2775/2950/876/229 2776/2951/876/229 2777/2952/876/229
f 2778/2953/876/229 2779/2954/876/229 2780/2955/876/229 2781/2956/876/229
f 2810/2973/881/234 2811/2974/881/234 2812/2975/881/234 2813/2976/881/234
f 2822/2985/882/235 2823/2986/882/235 2824/2987/882/235 2825/2988/882/235
f 2834/3009/884/237 2835/3010/884/237 2836/3011/884/237 2837/3012/884/237
f 2838/3013/884/237 2839/3014/884/237 2840/3015/884/237 2841/3016/884/237
f 2862/3025/887/240 2863/3026/887/240 2864/3027/887/240 2865/3028/887/240
f 2870/3033/887/240 2871/3034/887/240 2872/3035/887/240 2873/3036/887/240
f 2894/3057/892/245 2895/3058/892/245 2896/3059/892/245 2897/3060/892/245
f 2934/3097/899/250 2935/3098/899/250 2936/3099/899/250 2937/3100/899/250
f 2946/3109/900/251 2947/3110/900/251 2948/3111/900/251 2949/3112/900/251
f 2958/3121/901/252 2959/3122/901/252 2960/3123/901/252 2961/3124/901/252
f 2974/3137/903/254 2975/3138/903/254 2976/3139/903/254 2977/3140/903/254
f 2986/3149/904/255 2987/3150/904/255 2988/3151/904/255 2989/3152/904/255
f 2998/3161/905/256 2999/3162/905/256 3000/3163/905/256 3001/3164/905/256
f 3098/3269/922/266 3099/3270/922/266 3100/3271/922/266 3101/3272/922/266
f 3138/3309/928/270 3139/3310/928/270 3140/3311/928/270 3141/3312/928/270
f 3146/3317/928/270 3147/3318/928/270 3148/3319/928/270 3149/3320/928/270
f 3202/3381/937/275 3203/3382/937/275 3204/3383/937/275 3205/3384/937/275
f 3214/3393/938/276 3215/3394/938/276 3216/3395/938/276 3217/3396/938/276
f 3230/3409/940/278 3231/3410/940/278 3232/3411/940/278 3233/3412/940/278
f 3318/3517/955/286 3319/3518/955/286 3320/3519/955/286 3321/3520/955/286
f 3322/3521/955/286 3323/3522/955/286 3324/3523/955/286 3325/3524/955/286
f 3346/3545/959/290 3347/3546/959/290 3348/3547/959/290 3349/3548/959/290
f 3350/3549/959/290 3351/3550/959/290 3352/3551/959/290 3353/3552/959/290
f 3386/3573/964/294 3387/3574/964/294 3388/3575/964/294 3389/3576/964/294
f 3394/3581/964/294 3395/3582/964/294 3396/3583/964/294 3397/3584/964/294
f 3482/3677/979/302 3483/3678/979/302 3484/3679/979/302 3485/3680/979/302
f 3494/3689/980/303 3495/3690/980/303 3496/3691/980/303 3497/3692/980/303
f 3510/3705/982/305 3511/3706/982/305 3512/3707/982/305 3513/3708/982/305
f 3522/3717/983/306 3523/3718/983/306 3524/3719/983/306 3525/3720/983/306
f 3618/3829/997/312 3619/3830/997/312 3620/3831/997/312 3621/3832/997/312
f 3662/3873/1004/317 3663/3874/1004/317 3664/3875/1004/317 3665/3876/1004/317
f 3678/3889/1006/319 3679/3890/1006/319 3680/3891/1006/319 3681/3892/1006/319
usemtl egrass
s off
f 2518/2685/844/197 2519/2686/844/197 2520/2687/844/197 2521/2688/844/197
f 2538/2705/846/199 2539/2706/846/199 2540/2707/846/199 2541/2708/846/199
f 2554/2721/848/201 2555/2722/848/201 2556/2723/848/201 2557/2724/848/201
f 2558/2725/849/202 2559/2726/849/202 2560/2727/849/202 2561/2728/849/202
f 2594/2761/853/206 2595/2762/853/206 2596/2763/853/206 2597/2764/853/206
f 2606/2773/856/209 2607/2774/856/209 2608/2775/856/209 2609/2776/856/209
f 2682/2849/864/217 2683/2850/864/217 2684/2851/864/217 2685/2852/864/217
f 2718/2885/868/221 2719/2886/868/221 2720/2887/868/221 2721/2888/868/221
f 2738/2905/870/223 2739/2906/870/223 2740/2907/870/223 2741/2908/870/223
f 2762/2929/873/226 2763/2930/873/226 2764/2931/873/226 2765/2932/873/226
f 2790/2957/877/230 2791/2958/877/230 2792/2959/877/230 2793/2960/877/230
f 2830/2997/883/236 2831/2998/883/236 2832/2999/883/236 2833/3000/883/236
f 2854/3021/886/239 2855/3022/886/239 2856/3023/886/239 2857/3024/886/239
f 2874/3041/888/241 2875/3042/888/241 2876/3043/888/241 2877/3044/888/241
f 2878/3045/889/242 2879/3046/889/242 2880/3047/889/242 2881/3048/889/242
f 2902/3069/893/246 2903/3070/893/246 2904/3071/893/246 2905/3072/893/246
f 2910/3077/895/248 2911/3078/895/248 2912/3079/895/248 2913/3080/895/248
f 3010/3177/907/258 3011/3178/907/258 3012/3179/907/258 3013/3180/907/258
f 3014/3181/908/259 3015/3182/908/259 3016/3183/908/259 3017/3184/908/259
f 3018/3185/909/260 3019/3186/909/260 3020/3187/909/260 3021/3188/909/260
f 3238/3421/941/279 3239/3422/941/279 3240/3423/941/279 3241/3424/941/279
f 3342/3533/958/289 3343/3534/958/289 3344/3535/958/289 3345/3536/958/289
f 3374/3565/962/292 3375/3566/962/292 3376/3567/962/292 3377/3568/962/292
f 3378/3569/963/293 3379/3570/963/293 3380/3571/963/293 3381/3572/963/293
f 3398/3589/965/295 3399/3590/965/295 3400/3591/965/295 3401/3592/965/295
f 3462/3661/976/300 3463/3662/976/300 3464/3663/976/300 3465/3664/976/300
f 3502/3701/981/304 3503/3702/981/304 3504/3703/981/304 3505/3704/981/304
f 3626/3841/998/313 3627/3842/998/313 3628/3843/998/313 3629/3844/998/313
usemtl gake01a
s off
f 1769/1909/574/149 1770/1910/574/149 1767/1911/574/149 1768/1912/574/149
f 1776/1913/576/149 1775/1914/576/149 1774/1915/576/149 1777/1916/576/149
f 1994/2145/634/160 1995/2146/634/160 1992/2147/634/160 1993/2148/634/160
f 2001/2149/636/160 2000/2150/636/160 1999/2151/636/160 2002/2152/636/160
usemtl h_kage
s off
f 3038/3205/910/261 3039/3206/910/261 3040/3207/910/261 3041/3208/910/261
f 3034/3209/910/261 3035/3210/910/261 3036/3211/910/261 3037/3212/910/261
f 3042/3213/913/262 3043/3214/913/262 3044/3215/913/262 3045/3216/913/262
f 3070/3241/915/263 3071/3242/915/263 3072/3243/915/263 3073/3244/915/263
f 3066/3245/915/263 3067/3246/915/263 3068/3247/915/263 3069/3248/915/263
f 3106/3281/923/267 3107/3282/923/267 3108/3283/923/267 3109/3284/923/267
f 3118/3293/925/268 3119/3294/925/268 3120/3295/925/268 3121/3296/925/268
f 3166/3341/929/271 3167/3342/929/271 3168/3343/929/271 3169/3344/929/271
f 3162/3345/929/271 3163/3346/929/271 3164/3347/929/271 3165/3348/929/271
f 3186/3365/932/272 3187/3366/932/272 3188/3367/932/272 3189/3368/932/272
f 3182/3369/932/272 3183/3370/932/272 3184/3371/932/272 3185/3372/932/272
f 3246/3429/943/281 3247/3430/943/281 3248/3431/943/281 3249/3432/943/281
f 3274/3457/945/282 3275/3458/945/282 3276/3459/945/282 3277/3460/945/282
f 3270/3461/945/282 3271/3462/945/282 3272/3463/945/282 3273/3464/945/282
f 3294/3481/948/283 3295/3482/948/283 3296/3483/948/283 3297/3484/948/283
f 3290/3485/948/283 3291/3486/948/283 3292/3487/948/283 3293/3488/948/283
f 3362/3553/960/291 3363/3554/960/291 3364/3555/960/291 3365/3556/960/291
f 3438/3629/970/298 3439/3630/970/298 3440/3631/970/298 3441/3632/970/298
f 3434/3633/970/298 3435/3634/970/298 3436/3635/970/298 3437/3636/970/298
f 3458/3653/973/299 3459/3654/973/299 3460/3655/973/299 3461/3656/973/299
f 3454/3657/973/299 3455/3658/973/299 3456/3659/973/299 3457/3660/973/299
f 3466/3665/977/301 3467/3666/977/301 3468/3667/977/301 3469/3668/977/301
f 3546/3745/984/307 3547/3746/984/307 3548/3747/984/307 3549/3748/984/307
f 3542/3749/984/307 3543/3750/984/307 3544/3751/984/307 3545/3752/984/307
f 3566/3769/987/308 3567/3770/987/308 3568/3771/987/308 3569/3772/987/308
f 3562/3773/987/308 3563/3774/987/308 3564/3775/987/308 3565/3776/987/308
f 3586/3793/990/309 3587/3794/990/309 3588/3795/990/309 3589/3796/990/309
f 3582/3797/990/309 3583/3798/990/309 3584/3799/990/309 3585/3800/990/309
f 3606/3817/993/310 3607/3818/993/310 3608/3819/993/310 3609/3820/993/310
f 3602/3821/993/310 3603/3822/993/310 3604/3823/993/310 3605/3824/993/310
f 3630/3845/999/314 3631/3846/999/314 3632/3847/999/314 3633/3848/999/314
f 3642/3857/1001/315 3643/3858/1001/315 3644/3859/1001/315 3645/3860/1001/315
f 3718/3933/1011/324 3719/3934/1011/324 3720/3935/1011/324 3721/3936/1011/324
f 3714/3937/1011/324 3715/3938/1011/324 3716/3939/1011/324 3717/3940/1011/324
f 3722/3941/1014/325 3723/3942/1014/325 3724/3943/1014/325 3725/3944/1014/325
f 3750/3969/1016/326 3751/3970/1016/326 3752/3971/1016/326 3753/3972/1016/326
f 3746/3973/1016/326 3747/3974/1016/326 3748/3975/1016/326 3749/3976/1016/326
f 3754/3977/1019/327 3755/3978/1019/327 3756/3979/1019/327 3757/3980/1019/327
f 3782/4005/1021/328 3783/4006/1021/328 3784/4007/1021/328 3785/4008/1021/328
f 3778/4009/1021/328 3779/4010/1021/328 3780/4011/1021/328 3781/4012/1021/328
f 3802/4029/1024/329 3803/4030/1024/329 3804/4031/1024/329 3805/4032/1024/329
f 3798/4033/1024/329 3799/4034/1024/329 3800/4035/1024/329 3801/4036/1024/329
usemtl saku
s off
f 3024/3189/910/261 3025/3190/910/261 3022/3191/910/261 3023/3192/910/261
f 3027/3193/911/261 3028/3194/910/261 3026/3195/910/261 3031/3196/912/261
f 3023/3197/910/261 3022/3198/910/261 3029/3199/910/261 3030/3200/910/261
f 3033/3201/910/261 3027/3202/911/261 3031/3203/912/261 3032/3204/910/261
f 3046/3217/913/262 3048/3218/913/262 3047/3219/913/262 3049/3220/914/262
f 3052/3221/913/262 3053/3222/913/262 3050/3223/913/262 3051/3224/913/262
f 3056/3225/915/263 3057/3226/915/263 3054/3227/915/263 3055/3228/915/263
f 3059/3229/916/263 3060/3230/915/263 3058/3231/915/263 3063/3232/917/263
f 3055/3233/915/263 3054/3234/915/263 3061/3235/915/263 3062/3236/915/263
f 3065/3237/915/263 3059/3238/916/263 3063/3239/917/263 3064/3240/915/263
f 3110/3285/923/267 3112/3286/923/267 3111/3287/923/267 3113/3288/924/267
f 3116/3289/923/267 3117/3290/923/267 3114/3291/923/267 3115/3292/923/267
f 3122/3297/925/268 3124/3298/925/268 3123/3299/925/268 3125/3300/926/268
f 3128/3301/925/268 3129/3302/925/268 3126/3303/925/268 3127/3304/925/268
f 3152/3325/929/271 3153/3326/929/271 3150/3327/929/271 3151/3328/929/271
f 3155/3329/930/271 3156/3330/929/271 3154/3331/929/271 3159/3332/931/271
f 3151/3333/929/271 3150/3334/929/271 3157/3335/929/271 3158/3336/929/271
f 3161/3337/929/271 3155/3338/930/271 3159/3339/931/271 3160/3340/929/271
f 3172/3349/932/272 3173/3350/932/272 3170/3351/932/272 3171/3352/932/272
f 3175/3353/933/272 3176/3354/932/272 3174/3355/932/272 3179/3356/934/272
f 3171/3357/932/272 3170/3358/932/272 3177/3359/932/272 3178/3360/932/272
f 3181/3361/932/272 3175/3362/933/272 3179/3363/934/272 3180/3364/932/272
f 3250/3433/943/281 3252/3434/943/281 3251/3435/943/281 3253/3436/944/281
f 3256/3437/943/281 3257/3438/943/281 3254/3439/943/281 3255/3440/943/281
f 3260/3441/945/282 3261/3442/945/282 3258/3443/945/282 3259/3444/945/282
f 3263/3445/946/282 3264/3446/945/282 3262/3447/945/282 3267/3448/947/282
f 3259/3449/945/282 3258/3450/945/282 3265/3451/945/282 3266/3452/945/282
f 3269/3453/945/282 3263/3454/946/282 3267/3455/947/282 3268/3456/945/282
f 3280/3465/948/283 3281/3466/948/283 3278/3467/948/283 3279/3468/948/283
f 3283/3469/949/283 3284/3470/948/283 3282/3471/948/283 3287/3472/950/283
f 3279/3473/948/283 3278/3474/948/283 3285/3475/948/283 3286/3476/948/283
f 3289/3477/948/283 3283/3478/949/283 3287/3479/950/283 3288/3480/948/283
f 3366/3557/960/291 3368/3558/960/291 3367/3559/960/291 3369/3560/961/291
f 3372/3561/960/291 3373/3562/960/291 3370/3563/960/291 3371/3564/960/291
f 3424/3613/970/298 3425/3614/970/298 3422/3615/970/298 3423/3616/970/298
f 3427/3617/971/298 3428/3618/970/298 3426/3619/970/298 3431/3620/972/298
f 3423/3621/970/298 3422/3622/970/298 3429/3623/970/298 3430/3624/970/298
f 3433/3625/970/298 3427/3626/971/298 3431/3627/972/298 3432/3628/970/298
f 3444/3637/973/299 3445/3638/973/299 3442/3639/973/299 3443/3640/973/299
f 3447/3641/974/299 3448/3642/973/299 3446/3643/973/299 3451/3644/975/299
f 3443/3645/973/299 3442/3646/973/299 3449/3647/973/299 3450/3648/973/299
f 3453/3649/973/299 3447/3650/974/299 3451/3651/975/299 3452/3652/973/299
f 3470/3669/977/301 3472/3670/977/301 3471/3671/977/301 3473/3672/978/301
f 3476/3673/977/301 3477/3674/977/301 3474/3675/977/301 3475/3676/977/301
f 3532/3729/984/307 3533/3730/984/307 3530/3731/984/307 3531/3732/984/307
f 3535/3733/985/307 3536/3734/984/307 3534/3735/984/307 3539/3736/986/307
f 3531/3737/984/307 3530/3738/984/307 3537/3739/984/307 3538/3740/984/307
f 3541/3741/984/307 3535/3742/985/307 3539/3743/986/307 3540/3744/984/307
f 3552/3753/987/308 3553/3754/987/308 3550/3755/987/308 3551/3756/987/308
f 3555/3757/988/308 3556/3758/987/308 3554/3759/987/308 3559/3760/989/308
f 3551/3761/987/308 3550/3762/987/308 3557/3763/987/308 3558/3764/987/308
f 3561/3765/987/308 3555/3766/988/308 3559/3767/989/308 3560/3768/987/308
f 3572/3777/990/309 3573/3778/990/309 3570/3779/990/309 3571/3780/990/309
f 3575/3781/991/309 3576/3782/990/309 3574/3783/990/309 3579/3784/992/309
f 3571/3785/990/309 3570/3786/990/309 3577/3787/990/309 3578/3788/990/309
f 3581/3789/990/309 3575/3790/991/309 3579/3791/992/309 3580/3792/990/309
f 3592/3801/993/310 3593/3802/993/310 3590/3803/993/310 3591/3804/993/310
f 3595/3805/994/310 3596/3806/993/310 3594/3807/993/310 3599/3808/995/310
f 3591/3809/993/310 3590/3810/993/310 3597/3811/993/310 3598/3812/993/310
f 3601/3813/993/310 3595/3814/994/310 3599/3815/995/310 3600/3816/993/310
f 3634/3849/999/314 3636/3850/999/314 3635/3851/999/314 3637/3852/1000/314
f 3640/3853/999/314 3641/3854/999/314 3638/3855/999/314 3639/3856/999/314
f 3646/3861/1001/315 3648/3862/1001/315 3647/3863/1001/315 3649/3864/1002/315
f 3652/3865/1001/315 3653/3866/1001/315 3650/3867/1001/315 3651/3868/1001/315
f 3704/3917/1011/324 3705/3918/1011/324 3702/3919/1011/324 3703/3920/1011/324
f 3707/3921/1012/324 3708/3922/1011/324 3706/3923/1011/324 3711/3924/1013/324
f 3703/3925/1011/324 3702/3926/1011/324 3709/3927/1011/324 3710/3928/1011/324
f 3713/3929/1011/324 3707/3930/1012/324 3711/3931/1013/324 3712/3932/1011/324
f 3726/3945/1014/325 3728/3946/1014/325 3727/3947/1014/325 3729/3948/1015/325
f 3732/3949/1014/325 3733/3950/1014/325 3730/3951/1014/325 3731/3952/1014/325
f 3736/3953/1016/326 3737/3954/1016/326 3734/3955/1016/326 3735/3956/1016/326
f 3739/3957/1017/326 3740/3958/1016/326 3738/3959/1016/326 3743/3960/1018/326
f 3735/3961/1016/326 3734/3962/1016/326 3741/3963/1016/326 3742/3964/1016/326
f 3745/3965/1016/326 3739/3966/1017/326 3743/3967/1018/326 3744/3968/1016/326
f 3758/3981/1019/327 3760/3982/1019/327 3759/3983/1019/327 3761/3984/1020/327
f 3764/3985/1019/327 3765/3986/1019/327 3762/3987/1019/327 3763/3988/1019/327
f 3768/3989/1021/328 3769/3990/1021/328 3766/3991/1021/328 3767/3992/1021/328
f 3771/3993/1022/328 3772/3994/1021/328 3770/3995/1021/328 3775/3996/1023/328
f 3767/3997/1021/328 3766/3998/1021/328 3773/3999/1021/328 3774/4000/1021/328
f 3777/4001/1021/328 3771/4002/1022/328 3775/4003/1023/328 3776/4004/1021/328
f 3788/4013/1024/329 3789/4014/1024/329 3786/4015/1024/329 3787/4016/1024/329
f 3791/4017/1025/329 3792/4018/1024/329 3790/4019/1024/329 3795/4020/1026/329
f 3787/4021/1024/329 3786/4022/1024/329 3793/4023/1024/329 3794/4024/1024/329
f 3797/4025/1024/329 3791/4026/1025/329 3795/4027/1026/329 3796/4028/1024/329
usemtl t_tree2_c_lm24
s off
f 1815/1965/598/153 1816/1966/599/153 1817/1967/600/153
f 1816/1966/599/153 1818/1968/599/153 1817/1967/600/153
f 1819/1969/601/153 1820/1970/599/153 1821/1971/602/153
f 1820/1970/599/153 1822/1972/599/153 1821/1971/602/153
f 2096/2269/676/169 2097/2270/677/169 2098/2271/678/169
f 2097/2270/677/169 2099/2272/677/169 2098/2271/678/169
f 2100/2273/679/169 2101/2274/677/169 2102/2275/680/169
f 2101/2274/677/169 2103/2276/677/169 2102/2275/680/169
f 2171/2325/688/171 2172/2326/689/171 2173/2327/690/171
f 2172/2326/689/171 2174/2328/689/171 2173/2327/690/171
f 2175/2329/691/171 2176/2330/689/171 2177/2331/692/171
f 2176/2330/689/171 2178/2332/689/171 2177/2331/692/171
f 2292/2445/724/177 2293/2446/725/177 2294/2447/726/177
f 2293/2446/725/177 2295/2448/725/177 2294/2447/726/177
f 2296/2449/727/177 2297/2450/725/177 2298/2451/728/177
f 2297/2450/725/177 2299/2452/725/177 2298/2451/728/177
usemtl t_tree2_g__lm6
s off
f 1829/1973/603/153 1830/1974/603/153 1827/1975/603/153 1828/1976/603/153
f 2110/2277/681/169 2111/2278/681/169 2108/2279/681/169 2109/2280/681/169
f 2185/2333/693/171 2186/2334/693/171 2183/2335/693/171 2184/2336/693/171
f 2306/2453/729/177 2307/2454/729/177 2304/2455/729/177 2305/2456/729/177
usemtl t_tree2_e_lm8
s off
f 2194/2337/694/171 2195/2338/694/171 2192/2339/694/171 2193/2340/694/171
f 2206/2341/694/171 2207/2342/694/171 2204/2343/694/171 2205/2344/694/171
f 2198/2345/694/171 2199/2346/694/171 2196/2347/694/171 2197/2348/694/171
f 2202/2349/694/171 2203/2350/694/171 2200/2351/694/171 2201/2352/694/171
usemtl t_tree2_b_lm16
s off
f 2212/2353/695/171 2213/2354/695/171 2210/2355/695/171 2211/2356/695/171
f 2216/2357/695/171 2217/2358/695/171 2214/2359/695/171 2215/2360/695/171
usemtl t_tree2_f_lm8
s off
f 2221/2361/696/171 2222/2362/696/171 2219/2363/696/171 2220/2364/696/171
usemtl t_tree2_ey_lm4
s off
f 1838/1977/604/153 1839/1978/604/153 1836/1979/604/153 1837/1980/604/153
f 1850/1981/604/153 1851/1982/604/153 1848/1983/604/153 1849/1984/604/153
f 1842/1985/604/153 1843/1986/604/153 1840/1987/604/153 1841/1988/604/153
f 1846/1989/604/153 1847/1990/604/153 1844/1991/604/153 1845/1992/604/153
f 2119/2281/682/169 2120/2282/682/169 2117/2283/682/169 2118/2284/682/169
f 2131/2285/682/169 2132/2286/682/169 2129/2287/682/169 2130/2288/682/169
f 2123/2289/682/169 2124/2290/682/169 2121/2291/682/169 2122/2292/682/169
f 2127/2293/682/169 2128/2294/682/169 2125/2295/682/169 2126/2296/682/169
f 2315/2457/730/177 2316/2458/730/177 2313/2459/730/177 2314/2460/730/177
f 2327/2461/730/177 2328/2462/730/177 2325/2463/730/177 2326/2464/730/177
f 2319/2465/730/177 2320/2466/730/177 2317/2467/730/177 2318/2468/730/177
f 2323/2469/730/177 2324/2470/730/177 2321/2471/730/177 2322/2472/730/177
usemtl t_tree2_by_lm4
s off
f 1856/1993/605/153 1857/1994/605/153 1854/1995/605/153 1855/1996/605/153
f 1860/1997/605/153 1861/1998/605/153 1858/1999/605/153 1859/2000/605/153
f 2137/2297/683/169 2138/2298/683/169 2135/2299/683/169 2136/2300/683/169
f 2141/2301/683/169 2142/2302/683/169 2139/2303/683/169 2140/2304/683/169
f 2333/2473/731/177 2334/2474/731/177 2331/2475/731/177 2332/2476/731/177
f 2337/2477/731/177 2338/2478/731/177 2335/2479/731/177 2336/2480/731/177
usemtl t_tree2_fy_lm4
s off
f 1865/2001/606/153 1866/2002/606/153 1863/2003/606/153 1864/2004/606/153
f 2146/2305/684/169 2147/2306/684/169 2144/2307/684/169 2145/2308/684/169
f 2342/2481/732/177 2343/2482/732/177 2340/2483/732/177 2341/2484/732/177
usemtl TRANSPARENT
s off
f 918/1011/308/125 919/1012/308/125 920/1013/308/125 921/1014/308/125
f 1166/1255/382/127 1167/1256/382/127 1168/1257/382/127 1169/1258/382/127
f 1414/1499/456/129 1415/1500/456/129 1416/1501/456/129 1417/1502/456/129
