mtllib Asteria_30_35.mtl
o map
v -10.0 -8.0 0.0
v -16.0 -8.0 0.0
v -16.0 -16.0 0.0
v -10.0 -16.0 0.0
v -12.0 -2.0 0.0
v -16.0 -2.0 0.0
v -16.0 -8.0 0.0
v -12.0 -8.0 0.0
v -9.0 -1.0 -1.0
v -16.0 -1.0 -1.0
v -16.0 -2.0 -1.0
v -9.0 -2.0 -1.0
v -8.0 0.0 -2.0
v -16.0 0.0 -2.0
v -16.0 -1.0 -2.0
v -8.0 -1.0 -2.0
v -8.0 1.0 -3.0
v -16.0 1.0 -3.0
v -16.0 0.0 -3.0
v -8.0 0.0 -3.0
v -8.0 2.0 -4.0
v -16.0 2.0 -4.0
v -16.0 1.0 -4.0
v -8.0 1.0 -4.0
v -8.0 10.0 -5.0
v -16.0 10.0 -5.0
v -16.0 2.0 -5.0
v -8.0 2.0 -5.0
v -8.0 16.0 -5.0
v -16.0 16.0 -5.0
v -16.0 10.0 -5.0
v -8.0 10.0 -5.0
v -10.0 -4.0 0.0
v -12.0 -4.0 0.0
v -12.0 -8.0 0.0
v -10.0 -8.0 0.0
v -6.0 -3.0 -1.0
v -12.0 -3.0 -1.0
v -12.0 -4.0 -1.0
v -6.0 -4.0 -1.0
v -9.0 -2.0 -1.0
v -12.0 -2.0 -1.0
v -12.0 -3.0 -1.0
v -9.0 -3.0 -1.0
v -2.0 -13.0 0.0
v -10.0 -13.0 0.0
v -10.0 -16.0 0.0
v -2.0 -16.0 0.0
v -3.0 -12.0 0.0
v -10.0 -12.0 0.0
v -10.0 -13.0 0.0
v -3.0 -13.0 0.0
v -7.0 -10.0 0.0
v -10.0 -10.0 0.0
v -10.0 -12.0 0.0
v -7.0 -12.0 0.0
v -2.0 -5.0 -1.0
v -10.0 -5.0 -1.0
v -10.0 -10.0 -1.0
v -2.0 -10.0 -1.0
v -6.0 -4.0 -1.0
v -10.0 -4.0 -1.0
v -10.0 -5.0 -1.0
v -6.0 -5.0 -1.0
v -5.0 -2.0 -2.0
v -9.0 -2.0 -2.0
v -9.0 -3.0 -2.0
v -5.0 -3.0 -2.0
v -8.0 -1.0 -2.0
v -9.0 -1.0 -2.0
v -9.0 -2.0 -2.0
v -8.0 -2.0 -2.0
v 0.0 -1.0 -3.0
v -8.0 -1.0 -3.0
v -8.0 -2.0 -3.0
v 0.0 -2.0 -3.0
v -7.0 1.0 -3.0
v -8.0 1.0 -3.0
v -8.0 -1.0 -3.0
v -7.0 -1.0 -3.0
v -6.0 2.0 -4.0
v -8.0 2.0 -4.0
v -8.0 1.0 -4.0
v -6.0 1.0 -4.0
v -2.0 10.0 -5.0
v -8.0 10.0 -5.0
v -8.0 2.0 -5.0
v -2.0 2.0 -5.0
v -7.0 16.0 -5.0
v -8.0 16.0 -5.0
v -8.0 10.0 -5.0
v -7.0 10.0 -5.0
v 1.0 -10.0 -1.0
v -7.0 -10.0 -1.0
v -7.0 -12.0 -1.0
v 1.0 -12.0 -1.0
v 1.0 0.0 -4.0
v -7.0 0.0 -4.0
v -7.0 -1.0 -4.0
v 1.0 -1.0 -4.0
v -6.0 1.0 -4.0
v -7.0 1.0 -4.0
v -7.0 0.0 -4.0
v -6.0 0.0 -4.0
v -3.0 14.0 -5.0
v -7.0 14.0 -5.0
v -7.0 10.0 -5.0
v -3.0 10.0 -5.0
v -2.0 16.0 -10.0
v -7.0 16.0 -10.0
v -7.0 14.0 -10.0
v -2.0 14.0 -10.0
v 2.0 -4.0 -2.0
v -6.0 -4.0 -2.0
v -6.0 -5.0 -2.0
v 2.0 -5.0 -2.0
v -5.0 -3.0 -2.0
v -6.0 -3.0 -2.0
v -6.0 -4.0 -2.0
v -5.0 -4.0 -2.0
v 2.0 2.0 -5.0
v -6.0 2.0 -5.0
v -6.0 0.0 -5.0
v 2.0 0.0 -5.0
v 3.0 -2.0 -3.0
v -5.0 -2.0 -3.0
v -5.0 -4.0 -3.0
v 3.0 -4.0 -3.0
v 3.0 -12.0 -1.0
v -3.0 -12.0 -1.0
v -3.0 -13.0 -1.0
v 3.0 -13.0 -1.0
v -2.0 14.0 -10.0
v -3.0 14.0 -10.0
v -3.0 10.0 -10.0
v -2.0 10.0 -10.0
v 6.0 -13.0 0.0
v -2.0 -13.0 0.0
v -2.0 -16.0 0.0
v 6.0 -16.0 0.0
v 6.0 -6.0 -1.0
v -2.0 -6.0 -1.0
v -2.0 -10.0 -1.0
v 6.0 -10.0 -1.0
v 2.0 -5.0 -2.0
v -2.0 -5.0 -2.0
v -2.0 -6.0 -2.0
v 2.0 -6.0 -2.0
v 6.0 3.0 -5.0
v -2.0 3.0 -5.0
v -2.0 2.0 -5.0
v 6.0 2.0 -5.0
v -2.0 10.0 -5.000001
v -2.0 3.0 -5.000001
v -1.0 3.0 -5.000001
v -1.0 10.0 -5.000001
v -2.0 16.0 -10.000001
v -2.0 10.0 -10.000001
v -1.0 10.0 -10.000001
v -1.0 16.0 -10.000001
v 1.0 10.0 -4.999999
v -1.0 10.0 -4.999999
v -1.0 3.0 -4.999999
v 1.0 3.0 -4.999999
v 1.0 16.0 -9.999999
v -1.0 16.0 -9.999999
v -1.0 10.0 -9.999999
v 1.0 10.0 -9.999999
v 8.0 -1.0 -3.0
v 0.0 -1.0 -3.0
v 0.0 -2.0 -3.0
v 8.0 -2.0 -3.0
v 7.0 -10.0 -1.0
v 1.0 -10.0 -1.0
v 1.0 -12.0 -1.0
v 7.0 -12.0 -1.0
v 7.0 0.0 -4.0
v 1.0 0.0 -4.0
v 1.0 -1.0 -4.0
v 7.0 -1.0 -4.0
v 2.0 3.0 -5.000001
v 2.0 10.0 -5.000001
v 1.0 10.0 -5.000001
v 1.0 3.0 -5.000001
v 2.0 10.0 -10.000001
v 2.0 16.0 -10.000001
v 1.0 16.0 -10.000001
v 1.0 10.0 -10.000001
v 10.0 -5.0 -1.0
v 2.0 -5.0 -1.0
v 2.0 -6.0 -1.0
v 10.0 -6.0 -1.0
v 6.0 -4.0 -2.0
v 2.0 -4.0 -2.0
v 2.0 -5.0 -2.0
v 6.0 -5.0 -2.0
v 6.0 2.0 -5.0
v 2.0 2.0 -5.0
v 2.0 0.0 -5.0
v 6.0 0.0 -5.0
v 10.0 10.0 -5.0
v 2.0 10.0 -5.0
v 2.0 3.0 -5.0
v 10.0 3.0 -5.0
v 3.0 16.0 -10.0
v 2.0 16.0 -10.0
v 2.0 10.0 -10.0
v 3.0 10.0 -10.0
v 11.0 -12.0 0.0
v 3.0 -12.0 0.0
v 3.0 -13.0 0.0
v 11.0 -13.0 0.0
v 5.0 -2.0 -3.0
v 3.0 -2.0 -3.0
v 3.0 -4.0 -3.0
v 5.0 -4.0 -3.0
v 11.0 14.0 -5.0
v 3.0 14.0 -5.0
v 3.0 10.0 -5.0
v 11.0 10.0 -5.0
v 7.0 16.0 -10.0
v 3.0 16.0 -10.0
v 3.0 14.0 -10.0
v 7.0 14.0 -10.0
v 6.0 -2.0 -2.0
v 5.0 -2.0 -2.0
v 5.0 -4.0 -2.0
v 6.0 -4.0 -2.0
v 14.0 -13.0 0.0
v 6.0 -13.0 0.0
v 6.0 -16.0 0.0
v 14.0 -16.0 0.0
v 10.0 -6.0 -1.0
v 6.0 -6.0 -1.0
v 6.0 -10.0 -1.0
v 10.0 -10.0 -1.0
v 10.0 -3.0 -1.0
v 6.0 -3.0 -1.0
v 6.0 -5.0 -1.0
v 10.0 -5.0 -1.0
v 9.0 -2.0 -2.0
v 6.0 -2.0 -2.0
v 6.0 -3.0 -2.0
v 9.0 -3.0 -2.0
v 7.0 2.0 -4.0
v 6.0 2.0 -4.0
v 6.0 0.0 -4.0
v 7.0 0.0 -4.0
v 14.0 3.0 -5.0
v 6.0 3.0 -5.0
v 6.0 2.0 -5.0
v 14.0 2.0 -5.0
v 15.0 -10.0 0.0
v 7.0 -10.0 0.0
v 7.0 -12.0 0.0
v 15.0 -12.0 0.0
v 8.0 1.0 -3.0
v 7.0 1.0 -3.0
v 7.0 -1.0 -3.0
v 8.0 -1.0 -3.0
v 15.0 2.0 -4.0
v 7.0 2.0 -4.0
v 7.0 1.0 -4.0
v 15.0 1.0 -4.0
v 14.0 16.0 -5.0
v 7.0 16.0 -5.0
v 7.0 14.0 -5.0
v 14.0 14.0 -5.0
v 9.0 0.0 -2.0
v 8.0 0.0 -2.0
v 8.0 -2.0 -2.0
v 9.0 -2.0 -2.0
v 16.0 1.0 -3.0
v 8.0 1.0 -3.0
v 8.0 0.0 -3.0
v 16.0 0.0 -3.0
v 12.0 -1.0 -1.0
v 9.0 -1.0 -1.0
v 9.0 -3.0 -1.0
v 12.0 -3.0 -1.0
v 16.0 0.0 -2.0
v 9.0 0.0 -2.0
v 9.0 -1.0 -2.0
v 16.0 -1.0 -2.0
v 16.0 -4.0 0.0
v 10.0 -4.0 0.0
v 10.0 -10.0 0.0
v 16.0 -10.0 0.0
v 12.0 -3.0 -1.0
v 10.0 -3.0 -1.0
v 10.0 -4.0 -1.0
v 12.0 -4.0 -1.0
v 14.0 10.0 -5.0
v 10.0 10.0 -5.0
v 10.0 3.0 -5.0
v 14.0 3.0 -5.0
v 16.0 -12.0 0.0
v 11.0 -12.0 0.0
v 11.0 -13.0 0.0
v 16.0 -13.0 0.0
v 14.0 14.0 -5.0
v 11.0 14.0 -5.0
v 11.0 10.0 -5.0
v 14.0 10.0 -5.0
v 16.0 -2.0 0.0
v 12.0 -2.0 0.0
v 12.0 -4.0 0.0
v 16.0 -4.0 0.0
v 16.0 -1.0 -1.0
v 12.0 -1.0 -1.0
v 12.0 -2.0 -1.0
v 16.0 -2.0 -1.0
v 16.0 -13.0 0.0
v 14.0 -13.0 0.0
v 14.0 -16.0 0.0
v 16.0 -16.0 0.0
v 15.0 10.0 -4.0
v 14.0 10.0 -4.0
v 14.0 2.0 -4.0
v 15.0 2.0 -4.0
v 15.0 16.0 -4.0
v 14.0 16.0 -4.0
v 14.0 10.0 -4.0
v 15.0 10.0 -4.0
v 16.0 -10.0 0.0
v 15.0 -10.0 0.0
v 15.0 -12.0 0.0
v 16.0 -12.0 0.0
v 16.0 9.0 -3.0
v 15.0 9.0 -3.0
v 15.0 1.0 -3.0
v 16.0 1.0 -3.0
v 16.0 16.0 -3.0
v 15.0 16.0 -3.0
v 15.0 9.0 -3.0
v 16.0 9.0 -3.0
v -15.0 -16.0 0.30322206
v -15.0 -14.0 0.30322206
v -15.0 -16.0 3.549805
v -15.0 -14.0 3.549805
v -16.0 -16.0 0.32177603
v -14.0 -16.0 0.32177603
v -16.0 -14.0 0.32177603
v -14.0 -14.0 0.32177603
v -16.0 -15.0 0.30322206
v -14.0 -15.0 0.30322206
v -16.0 -15.0 3.549805
v -14.0 -15.0 3.549805
v -16.0 -16.0 3.018554
v -14.0 -16.0 3.018554
v -16.0 -14.0 3.018554
v -14.0 -14.0 3.018554
v -16.0 -16.0 1.562499
v -14.0 -16.0 1.562499
v -16.0 -14.0 1.562499
v -14.0 -14.0 1.562499
v -12.25 -8.25 0.23437381
v -16.0 -8.25 0.23437381
v -16.0 -12.0 0.23437381
v -12.25 -12.0 0.23437381
v -16.0 -10.125001 5.9375
v -12.25 -10.125001 5.9375
v -12.25 -10.125 0.23437381
v -16.0 -10.125 0.23437381
v -14.125 -12.000001 5.937499
v -14.125 -8.250001 5.9375
v -14.125 -8.25 0.23437381
v -14.125 -12.0 0.23437381
v -12.25 -12.0 2.0312488
v -12.25 -8.25 2.0312488
v -16.0 -8.25 2.0312488
v -16.0 -12.0 2.0312488
v -15.0 -8.0 0.30322206
v -15.0 -6.0 0.30322206
v -15.0 -8.0 3.549805
v -15.0 -6.0 3.549805
v -16.0 -8.0 0.32177603
v -14.0 -8.0 0.32177603
v -16.0 -6.0 0.32177603
v -14.0 -6.0 0.32177603
v -16.0 -7.0 0.30322206
v -14.0 -7.0 0.30322206
v -16.0 -7.0 3.549805
v -14.0 -7.0 3.549805
v -16.0 -8.0 3.018554
v -14.0 -8.0 3.018554
v -16.0 -6.0 3.018554
v -14.0 -6.0 3.018554
v -16.0 -8.0 1.562499
v -14.0 -8.0 1.562499
v -16.0 -6.0 1.562499
v -14.0 -6.0 1.562499
v -15.0 -4.0 0.30322206
v -15.0 -2.0 0.30322206
v -15.0 -4.0 3.549805
v -15.0 -2.0 3.549805
v -16.0 -4.0 0.32177603
v -14.0 -4.0 0.32177603
v -16.0 -2.0 0.32177603
v -14.0 -2.0 0.32177603
v -16.0 -3.0 0.30322206
v -14.0 -3.0 0.30322206
v -16.0 -3.0 3.549805
v -14.0 -3.0 3.549805
v -16.0 -4.0 3.018554
v -14.0 -4.0 3.018554
v -16.0 -2.0 3.018554
v -14.0 -2.0 3.018554
v -16.0 -4.0 1.562499
v -14.0 -4.0 1.562499
v -16.0 -2.0 1.562499
v -14.0 -2.0 1.562499
v -12.0 -1.5 -0.25
v -12.0 -1.0 -1.0
v -16.0 -1.0 -1.0
v -16.0 -1.499999 -0.25
v -12.0 -2.0 0.0
v -16.0 -2.0 0.0
v -9.0 -0.5 -1.25
v -9.0 0.0 -2.0
v -16.0 0.0 -2.0
v -16.0 -0.499999 -1.25
v -9.0 -1.0 -1.0
v -16.0 -1.0 -1.0
v -8.0 0.5 -2.25
v -8.0 1.0 -3.0
v -16.0 1.0 -3.0
v -16.0 0.500001 -2.25
v -8.0 0.0 -2.0
v -16.0 0.0 -2.0
v -8.0 1.5 -3.25
v -8.0 2.0 -4.0
v -16.0 2.0 -4.0
v -16.0 1.500001 -3.25
v -8.0 1.0 -3.0
v -16.0 1.0 -3.0
v -15.498437 1.998047 -4.25
v -14.998437 1.998047 -5.0
v -14.998437 2.9980469 -5.0
v -15.498437 2.9980469 -4.25
v -14.998437 2.4980469 -4.25
v -15.998437 2.9980469 -5.0
v -15.998437 2.498048 -4.25
v -15.998437 1.998047 -4.0
v -15.998437 2.9980469 -4.0
v -14.998437 1.998047 -4.0
v -15.5 3.0 -4.25
v -15.0 3.0 -5.0
v -15.0 4.0 -5.0
v -15.499999 4.0 -4.25
v -16.0 3.0 -4.0
v -16.0 4.0 -4.0
v -15.498828 3.9980469 -4.25
v -15.248828 4.748047 -5.0
v -15.998828 4.498047 -4.25
v -14.998828 3.9980469 -5.0
v -15.998828 4.998047 -5.0
v -15.998828 3.9980469 -4.0
v -13.0 14.0 -4.812501
v -16.0 14.0 -4.812501
v -16.0 11.0 -4.812501
v -13.0 11.0 -4.812501
v -16.0 12.499999 -0.25
v -13.0 12.499999 -0.25
v -13.0 12.5 -4.812501
v -16.0 12.5 -4.812501
v -14.5 10.999999 -0.25000095
v -14.5 13.999999 -0.25
v -14.5 14.0 -4.812501
v -14.5 11.0 -4.812501
v -13.0 11.0 -3.375001
v -13.0 14.0 -3.375001
v -16.0 14.0 -3.375001
v -16.0 11.0 -3.375001
v -13.0 17.0 -4.812501
v -16.0 17.0 -4.812501
v -16.0 14.0 -4.812501
v -13.0 14.0 -4.812501
v -16.0 15.499999 -0.25
v -13.0 15.499999 -0.25
v -13.0 15.5 -4.812501
v -16.0 15.5 -4.812501
v -14.5 13.999999 -0.25000095
v -14.5 17.0 -0.25
v -14.5 17.0 -4.812501
v -14.5 14.0 -4.812501
v -13.0 14.0 -3.375001
v -13.0 17.0 -3.375001
v -16.0 17.0 -3.375001
v -16.0 14.0 -3.375001
v -7.0 2.5 -4.25
v -7.0 3.0 -5.0
v -15.0 3.0 -5.0
v -15.0 2.500001 -4.25
v -7.0 2.0 -4.0
v -15.0 2.0 -4.0
v -14.0 3.0 -4.696778
v -14.0 5.0 -4.696778
v -14.0 3.0 -1.4501951
v -14.0 5.0 -1.4501951
v -15.0 3.0 -4.678224
v -13.0 3.0 -4.678224
v -15.0 5.0 -4.678224
v -13.0 5.0 -4.678224
v -15.0 4.0 -4.696778
v -13.0 4.0 -4.696778
v -15.0 4.0 -1.4501951
v -13.0 4.0 -1.4501951
v -15.0 3.0 -1.981446
v -13.0 3.0 -1.981446
v -15.0 5.0 -1.981446
v -13.0 5.0 -1.981446
v -15.0 3.0 -3.437501
v -13.0 3.0 -3.437501
v -15.0 5.0 -3.437501
v -13.0 5.0 -3.437501
v -12.0 8.0 -4.812501
v -15.0 8.0 -4.812501
v -15.0 5.0 -4.812501
v -12.0 5.0 -4.812501
v -15.0 6.499999 -0.25
v -12.0 6.499999 -0.25
v -12.0 6.5 -4.812501
v -15.0 6.5 -4.812501
v -13.5 4.999999 -0.25000095
v -13.5 7.999999 -0.25
v -13.5 8.0 -4.812501
v -13.5 5.0 -4.812501
v -12.0 5.0 -3.375001
v -12.0 8.0 -3.375001
v -15.0 8.0 -3.375001
v -15.0 5.0 -3.375001
v -10.25 -12.25 0.23437381
v -14.0 -12.25 0.23437381
v -14.0 -16.0 0.23437381
v -10.25 -16.0 0.23437381
v -14.0 -14.125001 5.9375
v -10.25 -14.125001 5.9375
v -10.25 -14.125 0.23437381
v -14.0 -14.125 0.23437381
v -12.125 -16.000002 5.937499
v -12.125 -12.250001 5.9375
v -12.125 -12.25 0.23437381
v -12.125 -16.0 0.23437381
v -10.25 -16.0 2.0312488
v -10.25 -12.25 2.0312488
v -14.0 -12.25 2.0312488
v -14.0 -16.0 2.0312488
v -10.25 -4.25 0.23437381
v -14.0 -4.25 0.23437381
v -14.0 -8.0 0.23437381
v -10.25 -8.0 0.23437381
v -14.0 -6.125001 5.9375
v -10.25 -6.125001 5.9375
v -10.25 -6.125 0.23437381
v -14.0 -6.125 0.23437381
v -12.125 -8.000001 5.937499
v -12.125 -4.250001 5.9375
v -12.125 -4.25 0.23437381
v -12.125 -8.0 0.23437381
v -10.25 -8.0 2.0312488
v -10.25 -4.25 2.0312488
v -14.0 -4.25 2.0312488
v -14.0 -8.0 2.0312488
v -13.0 -4.0 0.30322206
v -13.0 -2.0 0.30322206
v -13.0 -4.0 3.549805
v -13.0 -2.0 3.549805
v -14.0 -4.0 0.32177603
v -12.0 -4.0 0.32177603
v -14.0 -2.0 0.32177603
v -12.0 -2.0 0.32177603
v -14.0 -3.0 0.30322206
v -12.0 -3.0 0.30322206
v -14.0 -3.0 3.549805
v -12.0 -3.0 3.549805
v -14.0 -4.0 3.018554
v -12.0 -4.0 3.018554
v -14.0 -2.0 3.018554
v -12.0 -2.0 3.018554
v -14.0 -4.0 1.562499
v -12.0 -4.0 1.562499
v -14.0 -2.0 1.562499
v -12.0 -2.0 1.562499
v -11.0 11.0 -4.812501
v -14.0 11.0 -4.812501
v -14.0 8.0 -4.812501
v -11.0 8.0 -4.812501
v -14.0 9.499999 -0.25
v -11.0 9.499999 -0.25
v -11.0 9.5 -4.812501
v -14.0 9.5 -4.812501
v -12.5 7.999999 -0.25000095
v -12.5 10.999999 -0.25
v -12.5 11.0 -4.812501
v -12.5 8.0 -4.812501
v -11.0 8.0 -3.375001
v -11.0 11.0 -3.375001
v -14.0 11.0 -3.375001
v -14.0 8.0 -3.375001
v -12.0 3.0 -4.696778
v -12.0 5.0 -4.696778
v -12.0 3.0 -1.4501951
v -12.0 5.0 -1.4501951
v -13.0 3.0 -4.678224
v -11.0 3.0 -4.678224
v -13.0 5.0 -4.678224
v -11.0 5.0 -4.678224
v -13.0 4.0 -4.696778
v -11.0 4.0 -4.696778
v -13.0 4.0 -1.4501951
v -11.0 4.0 -1.4501951
v -13.0 3.0 -1.981446
v -11.0 3.0 -1.981446
v -13.0 5.0 -1.981446
v -11.0 5.0 -1.981446
v -13.0 3.0 -3.437501
v -11.0 3.0 -3.437501
v -13.0 5.0 -3.437501
v -11.0 5.0 -3.437501
v -10.0 14.0 -4.812501
v -13.0 14.0 -4.812501
v -13.0 11.0 -4.812501
v -10.0 11.0 -4.812501
v -13.0 12.499999 -0.25
v -10.0 12.499999 -0.25
v -10.0 12.5 -4.812501
v -13.0 12.5 -4.812501
v -11.5 10.999999 -0.25000095
v -11.5 13.999999 -0.25
v -11.5 14.0 -4.812501
v -11.5 11.0 -4.812501
v -10.0 11.0 -3.375001
v -10.0 14.0 -3.375001
v -13.0 14.0 -3.375001
v -13.0 11.0 -3.375001
v -10.0 17.0 -4.812501
v -13.0 17.0 -4.812501
v -13.0 14.0 -4.812501
v -10.0 14.0 -4.812501
v -13.0 15.499999 -0.25
v -10.0 15.499999 -0.25
v -10.0 15.5 -4.812501
v -13.0 15.5 -4.812501
v -11.5 13.999999 -0.25000095
v -11.5 17.0 -0.25
v -11.5 17.0 -4.812501
v -11.5 14.0 -4.812501
v -10.0 14.0 -3.375001
v -10.0 17.0 -3.375001
v -13.0 17.0 -3.375001
v -13.0 14.0 -3.375001
v -11.0 -10.0 0.30322206
v -11.0 -8.0 0.30322206
v -11.0 -10.0 3.549805
v -11.0 -8.0 3.549805
v -12.0 -10.0 0.32177603
v -10.0 -10.0 0.32177603
v -12.0 -8.0 0.32177603
v -10.0 -8.0 0.32177603
v -12.0 -9.0 0.30322206
v -10.0 -9.0 0.30322206
v -12.0 -9.0 3.549805
v -10.0 -9.0 3.549805
v -12.0 -10.0 3.018554
v -10.0 -10.0 3.018554
v -12.0 -8.0 3.018554
v -10.0 -8.0 3.018554
v -12.0 -10.0 1.562499
v -10.0 -10.0 1.562499
v -12.0 -8.0 1.562499
v -10.0 -8.0 1.562499
v -11.498437 -4.001953 -0.25
v -10.998437 -4.001953 -1.0
v -10.998437 -3.0019531 -1.0
v -11.498437 -3.0019531 -0.25
v -10.998437 -3.5019531 -0.25
v -11.998437 -3.0019531 -1.0
v -11.998437 -3.501952 -0.25
v -11.998437 -4.001953 0.0
v -11.998437 -3.0019531 0.0
v -10.998437 -4.001953 0.0
v -11.5 -3.0 -0.25
v -11.0 -3.0 -1.0
v -11.0 -2.0 -1.0
v -11.499999 -2.0 -0.25
v -12.0 -3.0 0.0
v -12.0 -2.0 0.0
v -11.498828 -2.0019531 -0.25
v -11.248828 -1.251953 -1.0
v -11.998828 -1.501953 -0.25
v -10.998828 -2.0019531 -1.0
v -11.998828 -1.001953 -1.0
v -11.998828 -2.0019531 0.0
v -9.0 8.0 -4.812501
v -12.0 8.0 -4.812501
v -12.0 5.0 -4.812501
v -9.0 5.0 -4.812501
v -12.0 6.499999 -0.25
v -9.0 6.499999 -0.25
v -9.0 6.5 -4.812501
v -12.0 6.5 -4.812501
v -10.5 4.999999 -0.25000095
v -10.5 7.999999 -0.25
v -10.5 8.0 -4.812501
v -10.5 5.0 -4.812501
v -9.0 5.0 -3.375001
v -9.0 8.0 -3.375001
v -12.0 8.0 -3.375001
v -12.0 5.0 -3.375001
v -10.0 -3.5 -0.25
v -10.0 -3.0 -1.0
v -11.0 -3.0 -1.0
v -11.0 -3.499999 -0.25
v -10.0 -4.0 0.0
v -11.0 -4.0 0.0
v -10.0 -3.0 -0.69677794
v -10.0 -1.0 -0.69677794
v -10.0 -3.0 2.549805
v -10.0 -1.0 2.549805
v -11.0 -3.0 -0.67822397
v -9.0 -3.0 -0.67822397
v -11.0 -1.0 -0.67822397
v -9.0 -1.0 -0.67822397
v -11.0 -2.0 -0.69677794
v -9.0 -2.0 -0.69677794
v -11.0 -2.0 2.549805
v -9.0 -2.0 2.549805
v -11.0 -3.0 2.018554
v -9.0 -3.0 2.018554
v -11.0 -1.0 2.018554
v -9.0 -1.0 2.018554
v -11.0 -3.0 0.56249905
v -9.0 -3.0 0.56249905
v -11.0 -1.0 0.56249905
v -9.0 -1.0 0.56249905
v -10.0 3.0 -4.696778
v -10.0 5.0 -4.696778
v -10.0 3.0 -1.4501951
v -10.0 5.0 -1.4501951
v -11.0 3.0 -4.678224
v -9.0 3.0 -4.678224
v -11.0 5.0 -4.678224
v -9.0 5.0 -4.678224
v -11.0 4.0 -4.696778
v -9.0 4.0 -4.696778
v -11.0 4.0 -1.4501951
v -9.0 4.0 -1.4501951
v -11.0 3.0 -1.981446
v -9.0 3.0 -1.981446
v -11.0 5.0 -1.981446
v -9.0 5.0 -1.981446
v -11.0 3.0 -3.437501
v -9.0 3.0 -3.437501
v -11.0 5.0 -3.437501
v -9.0 5.0 -3.437501
v -8.0 11.0 -4.812501
v -11.0 11.0 -4.812501
v -11.0 8.0 -4.812501
v -8.0 8.0 -4.812501
v -11.0 9.499999 -0.25
v -8.0 9.499999 -0.25
v -8.0 9.5 -4.812501
v -11.0 9.5 -4.812501
v -9.5 7.999999 -0.25000095
v -9.5 10.999999 -0.25
v -9.5 11.0 -4.812501
v -9.5 8.0 -4.812501
v -8.0 8.0 -3.375001
v -8.0 11.0 -3.375001
v -11.0 11.0 -3.375001
v -11.0 8.0 -3.375001
v -7.0 -13.0 0.18749905
v -10.0 -13.0 0.18749905
v -10.0 -16.0 0.18749905
v -7.0 -16.0 0.18749905
v -10.0 -14.500001 4.75
v -7.0 -14.500001 4.75
v -7.0 -14.5 0.18749905
v -10.0 -14.5 0.18749905
v -8.5 -16.0 4.749999
v -8.5 -13.000001 4.75
v -8.5 -13.0 0.18749905
v -8.5 -16.0 0.18749905
v -7.0 -16.0 1.624999
v -7.0 -13.0 1.624999
v -10.0 -13.0 1.624999
v -10.0 -16.0 1.624999
v -7.0 -10.0 0.18749905
v -10.0 -10.0 0.18749905
v -10.0 -13.0 0.18749905
v -7.0 -13.0 0.18749905
v -10.0 -11.500001 4.75
v -7.0 -11.500001 4.75
v -7.0 -11.5 0.18749905
v -10.0 -11.5 0.18749905
v -8.5 -13.000001 4.749999
v -8.5 -10.000001 4.75
v -8.5 -10.0 0.18749905
v -8.5 -13.0 0.18749905
v -7.0 -13.0 1.624999
v -7.0 -10.0 1.624999
v -10.0 -10.0 1.624999
v -10.0 -13.0 1.624999
v -9.498437 -10.001953 -0.25
v -8.998437 -10.001953 -1.0
v -8.998437 -9.001953 -1.0
v -9.498437 -9.001953 -0.25
v -8.998437 -9.501953 -0.25
v -9.998437 -9.001953 -1.0
v -9.998437 -9.501952 -0.25
v -9.998437 -10.001953 0.0
v -9.998437 -9.001953 0.0
v -8.998437 -10.001953 0.0
v -9.5 -9.0 -0.25
v -9.0 -9.0 -1.0
v -9.0 -4.0 -1.0
v -9.499999 -4.0 -0.25
v -10.0 -9.0 0.0
v -10.0 -4.0 0.0
v -9.498828 -4.001953 -0.25
v -9.248828 -3.2519531 -1.0
v -9.998828 -3.5019531 -0.25
v -8.998828 -4.001953 -1.0
v -9.998828 -3.0019531 -1.0
v -9.998828 -4.001953 0.0
v -7.0 14.0 -4.812501
v -10.0 14.0 -4.812501
v -10.0 11.0 -4.812501
v -7.0 11.0 -4.812501
v -10.0 12.499999 -0.25
v -7.0 12.499999 -0.25
v -7.0 12.5 -4.812501
v -10.0 12.5 -4.812501
v -8.5 10.999999 -0.25000095
v -8.5 13.999999 -0.25
v -8.5 14.0 -4.812501
v -8.5 11.0 -4.812501
v -7.0 11.0 -3.375001
v -7.0 14.0 -3.375001
v -10.0 14.0 -3.375001
v -10.0 11.0 -3.375001
v -7.0 17.0 -4.812501
v -10.0 17.0 -4.812501
v -10.0 14.0 -4.812501
v -7.0 14.0 -4.812501
v -10.0 15.499999 -0.25
v -7.0 15.499999 -0.25
v -7.0 15.5 -4.812501
v -10.0 15.5 -4.812501
v -8.5 13.999999 -0.25000095
v -8.5 17.0 -0.25
v -8.5 17.0 -4.812501
v -8.5 14.0 -4.812501
v -7.0 14.0 -3.375001
v -7.0 17.0 -3.375001
v -10.0 17.0 -3.375001
v -10.0 14.0 -3.375001
v -7.0 -9.5 -0.25
v -7.0 -9.0 -1.0
v -9.0 -9.0 -1.0
v -9.0 -9.499999 -0.25
v -7.0 -10.0 0.0
v -9.0 -10.0 0.0
v -6.0 -6.0 -0.81250095
v -9.0 -6.0 -0.81250095
v -9.0 -9.0 -0.81250095
v -6.0 -9.0 -0.81250095
v -9.0 -7.500001 3.75
v -6.0 -7.500001 3.75
v -6.0 -7.5 -0.81250095
v -9.0 -7.5 -0.81250095
v -7.5 -9.000001 3.749999
v -7.5 -6.000001 3.75
v -7.5 -6.0 -0.81250095
v -7.5 -9.0 -0.81250095
v -6.0 -9.0 0.62499905
v -6.0 -6.0 0.62499905
v -9.0 -6.0 0.62499905
v -9.0 -9.0 0.62499905
v -6.0 -3.0 -0.81250095
v -9.0 -3.0 -0.81250095
v -9.0 -6.0 -0.81250095
v -6.0 -6.0 -0.81250095
v -9.0 -4.500001 3.75
v -6.0 -4.500001 3.75
v -6.0 -4.5 -0.81250095
v -9.0 -4.5 -0.81250095
v -7.5 -6.000001 3.749999
v -7.5 -3.000001 3.75
v -7.5 -3.0 -0.81250095
v -7.5 -6.0 -0.81250095
v -6.0 -6.0 0.62499905
v -6.0 -3.0 0.62499905
v -9.0 -3.0 0.62499905
v -9.0 -6.0 0.62499905
v -8.498437 -3.0019531 -1.25
v -7.998437 -3.0019531 -2.0
v -7.998437 -2.0019531 -2.0
v -8.498437 -2.0019531 -1.25
v -7.998437 -2.5019531 -1.25
v -8.998437 -2.0019531 -2.0
v -8.998437 -2.501952 -1.25
v -8.998437 -3.0019531 -1.0
v -8.998437 -2.0019531 -1.0
v -7.998437 -3.0019531 -1.0
v -8.5 -2.0 -1.25
v -8.0 -2.0 -2.0
v -8.0 -1.0 -2.0
v -8.499999 -1.0 -1.25
v -9.0 -2.0 -1.0
v -9.0 -1.0 -1.0
v -8.498828 -1.001953 -1.25
v -8.248828 -0.251953 -2.0
v -8.998828 -0.501953 -1.25
v -7.998828 -1.001953 -2.0
v -8.998828 -0.0019530058 -2.0
v -8.998828 -1.001953 -1.0
v -6.0 6.0 -4.812501
v -9.0 6.0 -4.812501
v -9.0 3.0 -4.812501
v -6.0 3.0 -4.812501
v -9.0 4.499999 -0.25
v -6.0 4.499999 -0.25
v -6.0 4.5 -4.812501
v -9.0 4.5 -4.812501
v -7.5 2.999999 -0.25000095
v -7.5 5.999999 -0.25
v -7.5 6.0 -4.812501
v -7.5 3.0 -4.812501
v -6.0 3.0 -3.375001
v -6.0 6.0 -3.375001
v -9.0 6.0 -3.375001
v -9.0 3.0 -3.375001
v -8.0 6.0 -4.696778
v -8.0 8.0 -4.696778
v -8.0 6.0 -1.4501951
v -8.0 8.0 -1.4501951
v -9.0 6.0 -4.678224
v -7.0 6.0 -4.678224
v -9.0 8.0 -4.678224
v -7.0 8.0 -4.678224
v -9.0 7.0 -4.696778
v -7.0 7.0 -4.696778
v -9.0 7.0 -1.4501951
v -7.0 7.0 -1.4501951
v -9.0 6.0 -1.981446
v -7.0 6.0 -1.981446
v -9.0 8.0 -1.981446
v -7.0 8.0 -1.981446
v -9.0 6.0 -3.437501
v -7.0 6.0 -3.437501
v -9.0 8.0 -3.437501
v -7.0 8.0 -3.437501
v -6.0 -2.5 -1.25
v -6.0 -2.0 -2.0
v -8.0 -2.0 -2.0
v -8.0 -2.499999 -1.25
v -6.0 -3.0 -1.0
v -8.0 -3.0 -1.0
v -7.498437 -2.0019531 -2.25
v -6.998437 -2.0019531 -3.0
v -6.998437 -1.001953 -3.0
v -7.498437 -1.001953 -2.25
v -6.998437 -1.501953 -2.25
v -7.998437 -1.001953 -3.0
v -7.998437 -1.5019519 -2.25
v -7.998437 -2.0019531 -2.0
v -7.998437 -1.001953 -2.0
v -6.998437 -2.0019531 -2.0
v -7.5 -1.0 -2.25
v -7.0 -1.0 -3.0
v -7.0 0.0 -3.0
v -7.499999 0.0 -2.25
v -8.0 -1.0 -2.0
v -8.0 0.0 -2.0
v -7.498828 -0.0019530058 -2.25
v -7.248828 0.748047 -3.0
v -7.998828 0.498047 -2.25
v -6.998828 -0.0019530058 -3.0
v -7.998828 0.998047 -3.0
v -7.998828 -0.0019530058 -2.0
v -7.0 1.5 -3.25
v -7.0 2.0 -4.0
v -8.0 2.0 -4.0
v -8.0 1.500001 -3.25
v -7.0 1.0 -3.0
v -8.0 1.0 -3.0
v -3.25 -12.25 0.23437381
v -7.0 -12.25 0.23437381
v -7.0 -16.0 0.23437381
v -3.25 -16.0 0.23437381
v -7.0 -14.125001 5.9375
v -3.25 -14.125001 5.9375
v -3.25 -14.125 0.23437381
v -7.0 -14.125 0.23437381
v -5.125 -16.000002 5.937499
v -5.125 -12.250001 5.9375
v -5.125 -12.25 0.23437381
v -5.125 -16.0 0.23437381
v -3.25 -16.0 2.0312488
v -3.25 -12.25 2.0312488
v -7.0 -12.25 2.0312488
v -7.0 -16.0 2.0312488
v -6.498437 -12.001953 -0.25
v -5.998437 -12.001953 -1.0
v -5.998437 -11.001953 -1.0
v -6.498437 -11.001953 -0.25
v -5.998437 -11.501953 -0.25
v -6.998437 -11.001953 -1.0
v -6.998437 -11.501952 -0.25
v -6.998437 -12.001953 0.0
v -6.998437 -11.001953 0.0
v -5.998437 -12.001953 0.0
v -6.5 -11.0 -0.25
v -6.0 -11.0 -1.0
v -6.0 -10.0 -1.0
v -6.499999 -10.0 -0.25
v -7.0 -11.0 0.0
v -7.0 -10.0 0.0
v -6.498828 -10.001953 -0.25
v -6.248828 -9.251953 -1.0
v -6.998828 -9.501953 -0.25
v -5.998828 -10.001953 -1.0
v -6.998828 -9.001953 -1.0
v -6.998828 -10.001953 0.0
v -5.0 -1.5 -2.25
v -5.0 -1.0 -3.0
v -7.0 -1.0 -3.0
v -7.0 -1.499999 -2.25
v -5.0 -2.0 -2.0
v -7.0 -2.0 -2.0
v -6.498437 -1.001953 -3.25
v -5.998437 -1.001953 -4.0
v -5.998437 -0.0019530058 -4.0
v -6.498437 -0.0019530058 -3.25
v -5.998437 -0.501953 -3.25
v -6.998437 -0.0019530058 -4.0
v -6.998437 -0.501952 -3.25
v -6.998437 -1.001953 -3.0
v -6.998437 -0.0019530058 -3.0
v -5.998437 -1.001953 -3.0
v -6.5 0.0 -3.25
v -6.0 0.0 -4.0
v -6.0 1.0 -4.0
v -6.499999 1.0 -3.25
v -7.0 0.0 -3.0
v -7.0 1.0 -3.0
v -6.498828 0.998047 -3.25
v -6.248828 1.748047 -4.0
v -6.998828 1.498047 -3.25
v -5.998828 0.998047 -4.0
v -6.998828 1.998047 -4.0
v -6.998828 0.998047 -3.0
v -6.0 2.5 -4.25
v -6.0 3.0 -5.0
v -7.0 3.0 -5.0
v -7.0 2.500001 -4.25
v -6.0 2.0 -4.0
v -7.0 2.0 -4.0
v -4.0 10.0 -4.812501
v -7.0 10.0 -4.812501
v -7.0 7.0 -4.812501
v -4.0 7.0 -4.812501
v -7.0 8.499999 -0.25
v -4.0 8.499999 -0.25
v -4.0 8.5 -4.812501
v -7.0 8.5 -4.812501
v -5.5 6.999999 -0.25000095
v -5.5 9.999999 -0.25
v -5.5 10.0 -4.812501
v -5.5 7.0 -4.812501
v -4.0 7.0 -3.375001
v -4.0 10.0 -3.375001
v -7.0 10.0 -3.375001
v -7.0 7.0 -3.375001
v -3.25 13.75 -4.765626
v -7.0 13.75 -4.765626
v -7.0 10.0 -4.765626
v -3.25 10.0 -4.765626
v -7.0 11.874999 0.9375
v -3.25 11.874999 0.9375
v -3.25 11.875 -4.765626
v -7.0 11.875 -4.765626
v -5.125 9.999999 0.93749905
v -5.125 13.749999 0.9375
v -5.125 13.75 -4.765626
v -5.125 10.0 -4.765626
v -3.25 10.0 -2.9687512
v -3.25 13.75 -2.9687512
v -7.0 13.75 -2.9687512
v -7.0 10.0 -2.9687512
v -6.5 14.0 -9.25
v -6.0 14.0 -10.0
v -6.0 15.0 -10.0
v -6.5 15.0 -9.25
v -6.0 14.5 -9.25
v -7.0 15.0 -10.0
v -7.0 14.500001 -9.25
v -6.5 15.0 -5.25
v -6.5 14.0 -5.25
v -7.0 14.500001 -5.25
v -6.0 14.5 -5.25
v -7.0 14.0 -5.0
v -7.0 15.0 -5.0
v -6.0 14.0 -5.0
v -6.5 15.0 -9.25
v -6.0 15.0 -10.0
v -6.0 16.0 -10.0
v -6.499999 16.0 -9.25
v -6.499999 16.0 -5.25
v -6.5 15.0 -5.25
v -7.0 15.0 -5.0
v -7.0 16.0 -5.0
v -3.0 -11.5 -0.25
v -3.0 -11.0 -1.0
v -6.0 -11.0 -1.0
v -6.0 -11.499999 -0.25
v -3.0 -12.0 0.0
v -6.0 -12.0 0.0
v -2.25 -7.25 -0.7656262
v -6.0 -7.25 -0.7656262
v -6.0 -11.0 -0.7656262
v -2.25 -11.0 -0.7656262
v -6.0 -9.125001 4.9375
v -2.25 -9.125001 4.9375
v -2.25 -9.125 -0.7656262
v -6.0 -9.125 -0.7656262
v -4.125 -11.000001 4.937499
v -4.125 -7.250001 4.9375
v -4.125 -7.25 -0.7656262
v -4.125 -11.0 -0.7656262
v -2.25 -11.0 1.0312488
v -2.25 -7.25 1.0312488
v -6.0 -7.25 1.0312488
v -6.0 -11.0 1.0312488
v -5.0 -7.0 -0.69677794
v -5.0 -5.0 -0.69677794
v -5.0 -7.0 2.549805
v -5.0 -5.0 2.549805
v -6.0 -7.0 -0.67822397
v -4.0 -7.0 -0.67822397
v -6.0 -5.0 -0.67822397
v -4.0 -5.0 -0.67822397
v -6.0 -6.0 -0.69677794
v -4.0 -6.0 -0.69677794
v -6.0 -6.0 2.549805
v -4.0 -6.0 2.549805
v -6.0 -7.0 2.018554
v -4.0 -7.0 2.018554
v -6.0 -5.0 2.018554
v -4.0 -5.0 2.018554
v -6.0 -7.0 0.56249905
v -4.0 -7.0 0.56249905
v -6.0 -5.0 0.56249905
v -4.0 -5.0 0.56249905
v -5.498437 -5.001953 -1.25
v -4.998437 -5.001953 -2.0
v -4.998437 -4.001953 -2.0
v -5.498437 -4.001953 -1.25
v -4.998437 -4.501953 -1.25
v -5.998437 -4.001953 -2.0
v -5.998437 -4.501952 -1.25
v -5.998437 -5.001953 -1.0
v -5.998437 -4.001953 -1.0
v -4.998437 -5.001953 -1.0
v -5.5 -4.0 -1.25
v -5.0 -4.0 -2.0
v -5.0 -3.0 -2.0
v -5.499999 -3.0 -1.25
v -6.0 -4.0 -1.0
v -6.0 -3.0 -1.0
v -5.498828 -3.0019531 -1.25
v -5.248828 -2.2519531 -2.0
v -5.998828 -2.5019531 -1.25
v -4.998828 -3.0019531 -2.0
v -5.998828 -2.0019531 -2.0
v -5.998828 -3.0019531 -1.0
v 2.0 -0.5 -3.25
v 2.0 0.0 -4.0
v -6.0 0.0 -4.0
v -6.0 -0.499999 -3.25
v 2.0 -1.0 -3.0
v -6.0 -1.0 -3.0
v -5.498437 -0.0019530058 -4.25
v -4.998437 -0.0019530058 -5.0
v -4.998437 0.998047 -5.0
v -5.498437 0.998047 -4.25
v -4.998437 0.498047 -4.25
v -5.998437 0.998047 -5.0
v -5.998437 0.498048 -4.25
v -5.998437 -0.0019530058 -4.0
v -5.998437 0.998047 -4.0
v -4.998437 -0.0019530058 -4.0
v -5.5 1.0 -4.25
v -5.0 1.0 -5.0
v -5.0 2.0 -5.0
v -5.499999 2.0 -4.25
v -6.0 1.0 -4.0
v -6.0 2.0 -4.0
v -5.498828 1.998047 -4.25
v -5.248828 2.7480469 -5.0
v -5.998828 2.4980469 -4.25
v -4.998828 1.998047 -5.0
v -5.998828 2.9980469 -5.0
v -5.998828 1.998047 -4.0
v -3.0 6.0 -4.812501
v -6.0 6.0 -4.812501
v -6.0 3.0 -4.812501
v -3.0 3.0 -4.812501
v -6.0 4.499999 -0.25
v -3.0 4.499999 -0.25
v -3.0 4.5 -4.812501
v -6.0 4.5 -4.812501
v -4.5 2.999999 -0.25000095
v -4.5 5.999999 -0.25
v -4.5 6.0 -4.812501
v -4.5 3.0 -4.812501
v -3.0 3.0 -3.375001
v -3.0 6.0 -3.375001
v -6.0 6.0 -3.375001
v -6.0 3.0 -3.375001
v -3.0 14.5 -9.25
v -3.0 15.0 -10.0
v -6.0 15.0 -10.0
v -6.0 14.500001 -9.25
v -6.0 14.500001 -5.25
v -3.0 14.5 -5.25
v -3.0 14.0 -5.0
v -6.0 14.0 -5.0
v -3.0 18.0 -9.812501
v -6.0 18.0 -9.812501
v -6.0 15.0 -9.812501
v -3.0 15.0 -9.812501
v -6.0 16.5 -5.25
v -3.0 16.5 -5.25
v -3.0 16.5 -9.812501
v -6.0 16.5 -9.812501
v -4.5 14.999999 -5.250001
v -4.5 18.0 -5.25
v -4.5 18.0 -9.812501
v -4.5 15.0 -9.812501
v -3.0 15.0 -8.375001
v -3.0 18.0 -8.375001
v -6.0 18.0 -8.375001
v -6.0 15.0 -8.375001
v -2.0 -4.5 -1.25
v -2.0 -4.0 -2.0
v -5.0 -4.0 -2.0
v -5.0 -4.499999 -1.25
v -2.0 -5.0 -1.0
v -5.0 -5.0 -1.0
v -4.498437 -4.001953 -2.25
v -3.998437 -4.001953 -3.0
v -3.998437 -3.0019531 -3.0
v -4.498437 -3.0019531 -2.25
v -3.998437 -3.5019531 -2.25
v -4.998437 -3.0019531 -3.0
v -4.998437 -3.501952 -2.25
v -4.998437 -4.001953 -2.0
v -4.998437 -3.0019531 -2.0
v -3.998437 -4.001953 -2.0
v -4.5 -3.0 -2.25
v -4.0 -3.0 -3.0
v -4.0 -2.0 -3.0
v -4.499999 -2.0 -2.25
v -5.0 -3.0 -2.0
v -5.0 -2.0 -2.0
v -4.498828 -2.0019531 -2.25
v -4.248828 -1.251953 -3.0
v -4.998828 -1.501953 -2.25
v -3.998828 -2.0019531 -3.0
v -4.998828 -1.001953 -3.0
v -4.998828 -2.0019531 -2.0
v 3.0 0.5 -4.25
v 3.0 1.0 -5.0
v -5.0 1.0 -5.0
v -5.0 0.500001 -4.25
v 3.0 0.0 -4.0
v -5.0 0.0 -4.0
v -4.0 1.0 -4.696778
v -4.0 3.0 -4.696778
v -4.0 1.0 -1.4501951
v -4.0 3.0 -1.4501951
v -5.0 1.0 -4.678224
v -3.0 1.0 -4.678224
v -5.0 3.0 -4.678224
v -3.0 3.0 -4.678224
v -5.0 2.0 -4.696778
v -3.0 2.0 -4.696778
v -5.0 2.0 -1.4501951
v -3.0 2.0 -1.4501951
v -5.0 1.0 -1.981446
v -3.0 1.0 -1.981446
v -5.0 3.0 -1.981446
v -3.0 3.0 -1.981446
v -5.0 1.0 -3.437501
v -3.0 1.0 -3.437501
v -5.0 3.0 -3.437501
v -3.0 3.0 -3.437501
v -3.0 -7.0 -0.69677794
v -3.0 -5.0 -0.69677794
v -3.0 -7.0 2.549805
v -3.0 -5.0 2.549805
v -4.0 -7.0 -0.67822397
v -2.0 -7.0 -0.67822397
v -4.0 -5.0 -0.67822397
v -2.0 -5.0 -0.67822397
v -4.0 -6.0 -0.69677794
v -2.0 -6.0 -0.69677794
v -4.0 -6.0 2.549805
v -2.0 -6.0 2.549805
v -4.0 -7.0 2.018554
v -2.0 -7.0 2.018554
v -4.0 -5.0 2.018554
v -2.0 -5.0 2.018554
v -4.0 -7.0 0.56249905
v -2.0 -7.0 0.56249905
v -4.0 -5.0 0.56249905
v -2.0 -5.0 0.56249905
v 4.0 -3.5 -2.25
v 4.0 -3.0 -3.0
v -4.0 -3.0 -3.0
v -4.0 -3.499999 -2.25
v 4.0 -4.0 -2.0
v -4.0 -4.0 -2.0
v -3.0 -3.0 -2.6967778
v -3.0 -1.0 -2.6967778
v -3.0 -3.0 0.5498049
v -3.0 -1.0 0.5498049
v -4.0 -3.0 -2.678224
v -2.0 -3.0 -2.678224
v -4.0 -1.0 -2.678224
v -2.0 -1.0 -2.678224
v -4.0 -2.0 -2.6967778
v -2.0 -2.0 -2.6967778
v -4.0 -2.0 0.5498049
v -2.0 -2.0 0.5498049
v -4.0 -3.0 0.018553972
v -2.0 -3.0 0.018553972
v -4.0 -1.0 0.018553972
v -2.0 -1.0 0.018553972
v -4.0 -3.0 -1.437501
v -2.0 -3.0 -1.437501
v -4.0 -1.0 -1.437501
v -2.0 -1.0 -1.437501
v 0.0 -13.0 0.18749905
v -3.0 -13.0 0.18749905
v -3.0 -16.0 0.18749905
v 0.0 -16.0 0.18749905
v -3.0 -14.500001 4.75
v 0.0 -14.500001 4.75
v 0.0 -14.5 0.18749905
v -3.0 -14.5 0.18749905
v -1.5 -16.0 4.749999
v -1.5 -13.000001 4.75
v -1.5 -13.0 0.18749905
v -1.5 -16.0 0.18749905
v 0.0 -16.0 1.624999
v 0.0 -13.0 1.624999
v -3.0 -13.0 1.624999
v -3.0 -16.0 1.624999
v -2.498437 -13.001953 -0.25
v -1.998437 -13.001953 -1.0
v -1.998437 -12.001953 -1.0
v -2.498437 -12.001953 -0.25
v -1.998437 -12.501953 -0.25
v -2.998437 -12.001953 -1.0
v -2.998437 -12.501952 -0.25
v -2.998437 -13.001953 0.0
v -2.998437 -12.001953 0.0
v -1.998437 -13.001953 0.0
v -2.498828 -12.001953 -0.25
v -2.248828 -11.251953 -1.0
v -2.998828 -11.501953 -0.25
v -1.998828 -12.001953 -1.0
v -2.998828 -11.001953 -1.0
v -2.998828 -12.001953 0.0
v -2.5 10.0 -9.25
v -2.0 10.0 -10.0
v -2.0 11.0 -10.0
v -2.5 11.0 -9.25
v -2.0 10.5 -9.25
v -3.0 11.0 -10.0
v -3.0 10.500001 -9.25
v -2.5 11.0 -5.25
v -2.5 10.0 -5.25
v -3.0 10.500001 -5.25
v -2.0 10.5 -5.25
v -3.0 10.0 -5.0
v -3.0 11.0 -5.0
v -2.0 10.0 -5.0
v -2.5 11.0 -9.25
v -2.0 11.0 -10.0
v -2.0 14.0 -10.0
v -2.499999 14.0 -9.25
v -2.499999 14.0 -5.25
v -2.5 11.0 -5.25
v -3.0 11.0 -5.0
v -3.0 14.0 -5.0
v -2.5 14.0 -9.25
v -2.25 14.75 -10.0
v -3.0 14.5 -9.25
v -2.0 14.0 -10.0
v -3.0 15.0 -10.0
v -3.0 14.5 -5.25
v -2.5 14.0 -5.25
v -3.0 14.0 -5.0
v 2.0 -12.5 -0.25
v 2.0 -12.0 -1.0
v -2.0 -12.0 -1.0
v -2.0 -12.499999 -0.25
v 2.0 -13.0 0.0
v -2.0 -13.0 0.0
v 1.75 -8.25 -0.7656262
v -2.0 -8.25 -0.7656262
v -2.0 -12.0 -0.7656262
v 1.75 -12.0 -0.7656262
v -2.0 -10.125001 4.9375
v 1.75 -10.125001 4.9375
v 1.75 -10.125 -0.7656262
v -2.0 -10.125 -0.7656262
v -0.125 -12.000001 4.937499
v -0.125 -8.250001 4.9375
v -0.125 -8.25 -0.7656262
v -0.125 -12.0 -0.7656262
v 1.75 -12.0 1.0312488
v 1.75 -8.25 1.0312488
v -2.0 -8.25 1.0312488
v -2.0 -12.0 1.0312488
v -1.0 -8.0 -0.69677794
v -1.0 -6.0 -0.69677794
v -1.0 -8.0 2.549805
v -1.0 -6.0 2.549805
v -2.0 -8.0 -0.67822397
v 0.0 -8.0 -0.67822397
v -2.0 -6.0 -0.67822397
v 0.0 -6.0 -0.67822397
v -2.0 -7.0 -0.69677794
v 0.0 -7.0 -0.69677794
v -2.0 -7.0 2.549805
v 0.0 -7.0 2.549805
v -2.0 -8.0 2.018554
v 0.0 -8.0 2.018554
v -2.0 -6.0 2.018554
v 0.0 -6.0 2.018554
v -2.0 -8.0 0.56249905
v 0.0 -8.0 0.56249905
v -2.0 -6.0 0.56249905
v 0.0 -6.0 0.56249905
v -1.4984369 -6.001953 -1.25
v -0.99843705 -6.001953 -2.0
v -0.99843705 -5.001953 -2.0
v -1.4984369 -5.001953 -1.25
v -0.99843705 -5.501953 -1.25
v -1.9984369 -5.001953 -2.0
v -1.9984369 -5.501952 -1.25
v -1.9984369 -6.001953 -1.0
v -1.9984369 -5.001953 -1.0
v -0.99843705 -6.001953 -1.0
v -1.4988279 -5.001953 -1.25
v -1.2488279 -4.251953 -2.0
v -1.9988279 -4.501953 -1.25
v -0.99882805 -5.001953 -2.0
v -1.9988279 -4.001953 -2.0
v -1.9988279 -5.001953 -1.0
v -1.0 -3.0 -2.6967778
v -1.0 -1.0 -2.6967778
v -1.0 -3.0 0.5498049
v -1.0 -1.0 0.5498049
v -2.0 -3.0 -2.678224
v 0.0 -3.0 -2.678224
v -2.0 -1.0 -2.678224
v 0.0 -1.0 -2.678224
v -2.0 -2.0 -2.6967778
v 0.0 -2.0 -2.6967778
v -2.0 -2.0 0.5498049
v 0.0 -2.0 0.5498049
v -2.0 -3.0 0.018553972
v 0.0 -3.0 0.018553972
v -2.0 -1.0 0.018553972
v 0.0 -1.0 0.018553972
v -2.0 -3.0 -1.437501
v 0.0 -3.0 -1.437501
v -2.0 -1.0 -1.437501
v 0.0 -1.0 -1.437501
v -1.875001 10.0 -4.95
v -1.875001 9.5 -4.95
v -0.50000095 10.0 -4.949999
v -0.50000095 9.5 -4.949999
v 0.87499905 10.0 -4.949999
v 0.87499905 9.5 -4.949999
v -1.875 15.0 -10.0
v -1.875001 10.0 -4.95
v -0.5 15.0 -10.0
v -0.50000095 10.0 -4.949999
v 0.875 15.0 -9.999999
v 0.87499905 10.0 -4.949999
v 1.0 13.499023 -8.999023
v 1.0 15.21875 -9.937499
v 0.99999905 10.15625 -4.824999
v 0.99999905 9.5 -4.949999
v -2.000001 10.15625 -4.825
v -2.000001 9.5 -4.95
v -1.875001 9.5 -4.95
v -1.875001 10.15625 -4.825
v -1.875001 10.15625 -4.825
v -1.875001 9.5 -4.95
v -1.875 14.5625 -10.0625
v -1.875 15.21875 -9.9375
v -2.000001 10.15625 -4.825
v -1.875001 10.15625 -4.825
v -1.875 15.21875 -9.9375
v -2.0 15.21875 -9.9375
v -2.000001 9.5 -4.95
v -2.000001 10.15625 -4.825
v -2.0 15.21875 -9.9375
v -2.0 13.49707 -8.99707
v 0.87499905 10.15625 -4.824999
v 0.87499905 9.5 -4.949999
v 0.99999905 9.5 -4.949999
v 0.99999905 10.15625 -4.824999
v 0.875 15.21875 -9.937499
v 0.875 14.5625 -10.062499
v 0.87499905 9.5 -4.949999
v 0.87499905 10.15625 -4.824999
v 1.0 15.21875 -9.937499
v 0.875 15.21875 -9.937499
v 0.87499905 10.15625 -4.824999
v 0.99999905 10.15625 -4.824999
v -2.0 13.49707 -8.99707
v -2.0 15.21875 -9.9375
v -2.0 14.5625 -10.0625
v 1.0 14.5625 -10.062499
v 1.0 15.21875 -9.937499
v 1.0 13.499023 -8.999023
v -2.0 13.49707 -8.99707
v -2.0 9.5234375 -9.0
v -2.000001 9.5 -4.95
v -2.0 13.49707 -8.99707
v -2.0 14.5625 -10.0625
v -2.0 9.5234375 -10.0625
v -2.0 9.5234375 -9.0
v 1.0 13.49707 -8.99707
v 1.0 9.5234375 -9.0
v 1.0 9.5 -4.95
v 1.0 13.49707 -8.99707
v 1.0 14.5625 -10.0625
v 1.0 9.5234375 -10.0625
v 1.0 9.5234375 -9.0
v 1.0 -5.5 -1.25
v 1.0 -5.0 -2.0
v -1.0 -5.0 -2.0
v -1.0 -5.499999 -1.25
v 1.0 -6.0 -1.0
v -1.0 -6.0 -1.0
v 5.9676204 -24.284832 3.1057177
v 4.1351013 -23.633709 5.328619
v 3.919037 -21.965254 5.995855
v 4.960541 -24.222576 4.057134
v 6.544036 -23.465254 5.995855
v 2.6307058 -26.375896 1.1831107
v 2.6307058 -26.375896 1.1831107
v 1.382079 -14.823729 0.27546668
v 1.8237293 -14.617918 0.27546668
v 1.4999993 -14.499998 3.3897247
v 1.6179188 -14.176268 0.27546668
v 1.6179188 -14.176268 0.27546668
v 1.1762677 -14.382078 0.27546668
v 1.4999993 -14.499998 3.3897247
v 1.382079 -14.823729 0.27546668
v 5.255706 -23.375896 1.18311
v 4.3042903 -25.010662 2.9826713
v 4.695403 -25.144695 1.047612
v 7.320403 -22.144695 1.047612
v 2.3071275 -16.229979 0.22273278
v 3.229979 -13.692869 0.22273207
v 0.6928704 -12.770018 0.22273278
v -0.22998166 -15.307127 0.22273278
v 1.890228 -27.631268 2.5388236
v 3.3426204 -27.284832 3.1057177
v 3.9871516 -25.470623 3.1057177
v 2.5296323 -22.5695 5.328619
v 1.8851011 -24.383709 5.328619
v -0.070313215 -13.626951 1.6136017
v 3.070311 -15.373045 1.6136017
v 3.0703118 -15.373045 3.9148712
v -0.0703125 -13.626951 3.9148717
v 2.3583975 -12.920897 1.6311796
v 0.6416011 -16.0791 1.6311803
v 0.6416011 -16.0791 3.9148712
v 2.3583975 -12.920897 3.9148712
v 0.90600514 -13.267332 2.1980746
v 2.0939932 -15.732664 2.1980746
v 2.0939932 -15.732664 4.4209747
v 0.90600514 -13.267332 4.4209747
v 0.2614739 -15.081541 2.1980746
v 2.7385244 -13.918455 2.1980746
v 2.7385244 -13.918455 4.420974
v 0.2614739 -15.081541 4.4209747
v 2.7105405 -24.972576 4.057134
v 4.2940364 -24.215254 5.995855
v 1.913085 -13.329588 3.1494899
v 1.0869129 -15.670408 3.1494899
v 1.0869136 -15.670408 5.1665797
v 1.913085 -13.329588 5.1665797
v 2.6704094 -14.913083 3.2102814
v 0.32958913 -14.086912 3.2102814
v 0.32958984 -14.086912 5.0882115
v 2.6704094 -14.913083 5.0882106
v 1.6792905 -28.010662 2.9826713
v 3.4584954 -15.569333 2.0750272
v 2.569335 -12.541502 2.0750272
v -0.4584968 -13.430662 2.075028
v 0.4306636 -16.458494 2.075028
v 3.9784136 -13.523222 1.0704784
v 2.7567344 -13.08914 2.5524125
v 2.6126914 -11.976835 2.9972367
v 3.307027 -13.481718 1.704756
v 4.362691 -12.976835 2.9972367
v 1.753804 -14.917265 -0.21125948
v 1.753804 -14.917265 -0.21125948
v 0.921386 -7.215819 -0.81635547
v 1.2158195 -7.078612 -0.81635547
v 0.9999995 -6.9999986 1.2598164
v 1.0786126 -6.7841787 -0.81635547
v 1.0786126 -6.7841787 -0.81635547
v 0.7841785 -6.921386 -0.81635547
v 0.9999995 -6.9999986 1.2598164
v 0.921386 -7.215819 -0.81635547
v 3.503804 -12.917265 -0.21125996
v 2.8695269 -14.007109 0.98844755
v 3.1302686 -14.096464 -0.301592
v 4.8802686 -12.096464 -0.301592
v 1.538085 -8.153318 -0.8515115
v 2.1533194 -6.4619126 -0.85151196
v 0.4619136 -5.8466787 -0.8515115
v -0.15332103 -7.5380845 -0.8515115
v 1.260152 -15.754179 0.692549
v 2.2284136 -15.523222 1.0704784
v 2.658101 -14.313749 1.0704784
v 1.6864215 -12.379667 2.5524125
v 1.256734 -13.58914 2.5524125
v -0.046875477 -6.417968 0.075734496
v 2.046874 -7.5820303 0.075734496
v 2.0468745 -7.5820303 1.6099141
v -0.046875 -6.417968 1.6099145
v 1.572265 -5.947264 0.08745301
v 0.42773402 -8.052732 0.087453485
v 0.42773402 -8.052732 1.6099141
v 1.572265 -5.947264 1.6099141
v 0.6040034 -6.178221 0.46538305
v 1.3959955 -7.821776 0.46538305
v 1.3959955 -7.821776 1.9473164
v 0.6040034 -6.178221 1.9473164
v 0.17431593 -7.387694 0.46538305
v 1.825683 -6.6123037 0.46538305
v 1.825683 -6.6123037 1.9473159
v 0.17431593 -7.387694 1.9473164
v 1.807027 -13.981718 1.704756
v 2.862691 -13.476835 2.9972367
v 1.27539 -6.219725 1.0996599
v 0.72460854 -7.780272 1.0996599
v 0.724609 -7.780272 2.4443865
v 1.27539 -6.219725 2.4443865
v 1.780273 -7.2753887 1.1401875
v 0.21972609 -6.724608 1.1401875
v 0.21972656 -6.724608 2.392141
v 1.780273 -7.2753887 2.3921404
v 1.119527 -16.007109 0.98844755
v 2.3056636 -7.7128887 0.38335145
v 1.71289 -5.6943345 0.38335145
v -0.30566454 -6.287108 0.38335204
v 0.28710902 -8.305662 0.38335204
v 1.0 -3.0 -2.6967778
v 1.0 -1.0 -2.6967778
v 1.0 -3.0 0.5498049
v 1.0 -1.0 0.5498049
v 0.0 -3.0 -2.678224
v 2.0 -3.0 -2.678224
v 0.0 -1.0 -2.678224
v 2.0 -1.0 -2.678224
v 0.0 -2.0 -2.6967778
v 2.0 -2.0 -2.6967778
v 0.0 -2.0 0.5498049
v 2.0 -2.0 0.5498049
v 0.0 -3.0 0.018553972
v 2.0 -3.0 0.018553972
v 0.0 -1.0 0.018553972
v 2.0 -1.0 0.018553972
v 0.0 -3.0 -1.437501
v 2.0 -3.0 -1.437501
v 0.0 -1.0 -1.437501
v 2.0 -1.0 -1.437501
v 2.0019531 -5.498437 -1.25
v 2.0019531 -4.998437 -2.0
v 1.001953 -4.998437 -2.0
v 1.001953 -5.498437 -1.25
v 1.501953 -4.998437 -1.25
v 1.001953 -5.998437 -2.0
v 1.5019519 -5.998437 -1.25
v 2.0019531 -5.998437 -1.0
v 1.001953 -5.998437 -1.0
v 2.0019531 -4.998437 -1.0
v 2.0019531 -4.498828 -1.25
v 1.251953 -4.248828 -2.0
v 1.501953 -4.998828 -1.25
v 2.0019531 -3.998828 -2.0
v 1.001953 -4.998828 -2.0
v 2.0019531 -4.998828 -1.0
v 3.0019531 -12.498437 -0.25
v 3.0019531 -11.998437 -1.0
v 2.0019531 -11.998437 -1.0
v 2.0019531 -12.498437 -0.25
v 2.5019531 -11.998437 -0.25
v 2.0019531 -12.998437 -1.0
v 2.501952 -12.998437 -0.25
v 3.0019531 -12.998437 0.0
v 2.0019531 -12.998437 0.0
v 3.0019531 -11.998437 0.0
v 3.0019531 -11.498828 -0.25
v 2.2519531 -11.248828 -1.0
v 2.5019531 -11.998828 -0.25
v 3.0019531 -10.998828 -1.0
v 2.0019531 -11.998828 -1.0
v 3.0019531 -11.998828 0.0
v -9.046444 -14.956827 3.1409569
v -8.17828 -12.513469 6.104825
v -5.9536715 -12.225383 6.9944735
v -8.963436 -13.614054 4.409512
v -7.9536715 -15.725382 6.9944735
v -11.83453 -10.507608 0.57748103
v -11.83453 -10.507608 0.57748103
v 3.568362 -8.842772 -0.63271093
v 3.842776 -9.431639 -0.63271093
v 4.000003 -8.999999 3.5196328
v 4.4316425 -9.157225 -0.63271093
v 4.4316425 -9.157225 -0.63271093
v 4.1572285 -8.568357 -0.63271093
v 4.000003 -8.999999 3.5196328
v 3.568362 -8.842772 -0.63271093
v -7.83453 -14.007608 0.5774801
v -10.014217 -12.739054 2.976895
v -10.192928 -13.260537 0.39681602
v -6.1929283 -16.760536 0.39681602
v 1.6933622 -10.07617 -0.70302296
v 5.0761747 -11.306639 -0.7030239
v 6.3066425 -7.923827 -0.70302296
v 2.923831 -6.693358 -0.70302296
v -13.508358 -9.520304 2.385098
v -13.046444 -11.456827 3.1409569
v -10.627499 -12.316202 3.1409569
v -6.7593346 -10.372843 6.104825
v -9.17828 -9.513468 6.104825
v 5.1640644 -6.906249 1.151469
v 2.83594 -11.093748 1.151469
v 2.83594 -11.093749 4.219828
v 5.1640644 -6.90625 4.219829
v 6.1054716 -10.14453 1.174906
v 1.8945341 -7.8554683 1.174907
v 1.8945341 -7.8554683 4.219828
v 6.1054716 -10.14453 4.219828
v 5.6435575 -8.208007 1.9307661
v 2.3564482 -9.791991 1.9307661
v 2.3564482 -9.791991 4.894633
v 5.6435575 -8.208007 4.894633
v 3.224612 -7.348632 1.9307661
v 4.7753925 -10.651366 1.9307661
v 4.7753925 -10.651366 4.894632
v 3.224612 -7.348632 4.894633
v -9.963436 -10.614054 4.409512
v -8.953671 -12.725382 6.9944735
v 5.5605497 -9.55078 3.1993198
v 2.439456 -8.449217 3.1993198
v 2.439456 -8.449218 5.888773
v 5.5605497 -9.55078 5.888773
v 3.449222 -10.560546 3.280375
v 4.550784 -7.439452 3.280375
v 4.550784 -7.439453 5.784282
v 3.449222 -10.560546 5.784281
v -14.014217 -9.239054 2.976895
v 2.574222 -11.611327 1.7667029
v 6.611331 -10.42578 1.7667029
v 5.425784 -6.388671 1.7667041
v 1.3886747 -7.5742183 1.7667041
v 5.9784136 -12.523222 1.0704784
v 4.7567344 -12.08914 2.5524125
v 4.6126914 -10.976835 2.9972367
v 5.307027 -12.481718 1.704756
v 6.362691 -11.976835 2.9972367
v 3.753804 -13.917265 -0.21125948
v 3.753804 -13.917265 -0.21125948
v 2.921386 -6.215819 -0.81635547
v 3.2158194 -6.078612 -0.81635547
v 2.9999995 -5.9999986 1.2598164
v 3.0786126 -5.7841787 -0.81635547
v 3.0786126 -5.7841787 -0.81635547
v 2.7841785 -5.921386 -0.81635547
v 2.9999995 -5.9999986 1.2598164
v 2.921386 -6.215819 -0.81635547
v 5.503804 -11.917265 -0.21125996
v 4.869527 -13.007109 0.98844755
v 5.1302686 -13.096464 -0.301592
v 6.8802686 -11.096464 -0.301592
v 3.538085 -7.153319 -0.8515115
v 4.1533194 -5.4619126 -0.85151196
v 2.4619136 -4.8466787 -0.8515115
v 1.846679 -6.5380845 -0.8515115
v 3.2601519 -14.754179 0.692549
v 4.2284136 -14.523222 1.0704784
v 4.658101 -13.313749 1.0704784
v 3.6864214 -11.379667 2.5524125
v 3.256734 -12.58914 2.5524125
v 1.9531245 -5.417968 0.075734496
v 4.046874 -6.5820303 0.075734496
v 4.0468745 -6.5820303 1.6099141
v 1.953125 -5.417968 1.6099145
v 3.5722651 -4.947264 0.08745301
v 2.427734 -7.052733 0.087453485
v 2.427734 -7.052733 1.6099141
v 3.5722651 -4.947264 1.6099141
v 2.6040034 -5.178221 0.46538305
v 3.3959956 -6.821776 0.46538305
v 3.3959956 -6.821776 1.9473164
v 2.6040034 -5.178221 1.9473164
v 2.174316 -6.387694 0.46538305
v 3.825683 -5.6123037 0.46538305
v 3.825683 -5.6123037 1.9473159
v 2.174316 -6.387694 1.9473164
v 3.8070269 -12.981718 1.704756
v 4.862691 -12.476835 2.9972367
v 3.2753901 -5.219725 1.0996599
v 2.7246084 -6.780272 1.0996599
v 2.724609 -6.780272 2.4443865
v 3.2753901 -5.219725 2.4443865
v 3.780273 -6.2753887 1.1401875
v 2.219726 -5.724608 1.1401875
v 2.2197266 -5.724608 2.392141
v 3.780273 -6.2753887 2.3921404
v 3.1195269 -15.007109 0.98844755
v 4.3056636 -6.7128887 0.38335145
v 3.7128901 -4.6943345 0.38335145
v 1.6943355 -5.287108 0.38335204
v 2.287109 -7.3056626 0.38335204
v 5.0 -4.5 -1.25
v 5.0 -4.0 -2.0
v 2.0 -4.0 -2.0
v 2.0 -4.499999 -1.25
v 5.0 -5.0 -1.0
v 2.0 -5.0 -1.0
v 3.0 -3.0 -2.6967778
v 3.0 -1.0 -2.6967778
v 3.0 -3.0 0.5498049
v 3.0 -1.0 0.5498049
v 2.0 -3.0 -2.678224
v 4.0 -3.0 -2.678224
v 2.0 -1.0 -2.678224
v 4.0 -1.0 -2.678224
v 2.0 -2.0 -2.6967778
v 4.0 -2.0 -2.6967778
v 2.0 -2.0 0.5498049
v 4.0 -2.0 0.5498049
v 2.0 -3.0 0.018553972
v 4.0 -3.0 0.018553972
v 2.0 -1.0 0.018553972
v 4.0 -1.0 0.018553972
v 2.0 -3.0 -1.437501
v 4.0 -3.0 -1.437501
v 2.0 -1.0 -1.437501
v 4.0 -1.0 -1.437501
v 6.0 -0.5 -3.25
v 6.0 0.0 -4.0
v 2.0 0.0 -4.0
v 2.0 -0.499999 -3.25
v 6.0 -1.0 -3.0
v 2.0 -1.0 -3.0
v 3.0 10.5 -9.25
v 3.0 11.0 -10.0
v 2.0 11.0 -10.0
v 2.0 10.5 -9.25
v 2.5 11.0 -9.25
v 2.0 10.0 -10.0
v 2.499999 10.0 -9.25
v 2.0 10.5 -5.25
v 3.0 10.5 -5.25
v 2.499999 10.0 -5.25
v 2.5 11.0 -5.25
v 3.0 10.0 -5.0
v 2.0 10.0 -5.0
v 3.0 11.0 -5.0
v 2.5 14.0 -9.25
v 2.0 14.0 -10.0
v 2.0 11.0 -10.0
v 3.0 14.0 -5.0
v 3.0 11.0 -5.0
v 2.499999 11.0 -9.25
v 2.5 14.0 -5.25
v 2.499999 11.0 -5.25
v 3.0 14.5 -9.25
v 2.25 14.75 -10.0
v 2.5 14.0 -9.25
v 3.0 15.0 -10.0
v 2.0 14.0 -10.0
v 2.5 14.0 -5.25
v 3.0 14.5 -5.25
v 3.0 14.0 -5.0
v -8.046444 -19.956827 4.140957
v -7.17828 -17.513468 7.104825
v -4.9536715 -17.225382 7.9944735
v -7.963436 -18.614054 5.409512
v -6.9536715 -20.725382 7.9944735
v -10.83453 -15.507608 1.577481
v -10.83453 -15.507608 1.577481
v 4.568362 -13.842772 0.36728907
v 4.8427763 -14.431639 0.36728907
v 5.000003 -13.999999 4.519633
v 5.4316425 -14.157225 0.36728907
v 5.4316425 -14.157225 0.36728907
v 5.1572285 -13.568357 0.36728907
v 5.000003 -13.999999 4.519633
v 4.568362 -13.842772 0.36728907
v -6.83453 -19.007608 1.5774801
v -9.014217 -17.739054 3.976895
v -9.192928 -18.260536 1.396816
v -5.1929283 -21.760536 1.396816
v 2.6933622 -15.07617 0.29697704
v 6.0761747 -16.306639 0.2969761
v 7.3066425 -12.923827 0.29697704
v 3.923831 -11.693357 0.29697704
v -12.508358 -14.520304 3.385098
v -12.046444 -16.456827 4.140957
v -9.627499 -17.316202 4.140957
v -5.7593346 -15.372843 7.104825
v -8.17828 -14.513468 7.104825
v 6.1640644 -11.906249 2.151469
v 3.83594 -16.093748 2.151469
v 3.83594 -16.09375 5.219828
v 6.1640644 -11.90625 5.219829
v 7.1054716 -15.14453 2.174906
v 2.894534 -12.855469 2.174907
v 2.894534 -12.855469 5.219828
v 7.1054716 -15.14453 5.219828
v 6.6435575 -13.208007 2.930766
v 3.3564482 -14.791991 2.930766
v 3.3564482 -14.791991 5.894633
v 6.6435575 -13.208007 5.894633
v 4.224612 -12.348632 2.930766
v 5.7753925 -15.651366 2.930766
v 5.7753925 -15.651366 5.894632
v 4.224612 -12.348632 5.894633
v -8.963436 -15.614054 5.409512
v -7.9536715 -17.725382 7.9944735
v 6.5605497 -14.55078 4.19932
v 3.439456 -13.449217 4.19932
v 3.439456 -13.449218 6.888773
v 6.5605497 -14.55078 6.888773
v 4.449222 -15.560546 4.280375
v 5.550784 -12.439452 4.280375
v 5.550784 -12.439453 6.784282
v 4.449222 -15.560546 6.784281
v -13.014217 -14.239054 3.976895
v 3.574222 -16.611328 2.766703
v 7.611331 -15.42578 2.766703
v 6.425784 -11.388671 2.766704
v 2.3886747 -12.574219 2.766704
v 6.0 -11.5 -0.25
v 6.0 -11.0 -1.0
v 3.0 -11.0 -1.0
v 3.0 -11.499999 -0.25
v 6.0 -12.0 0.0
v 3.0 -12.0 0.0
v 5.0 0.5 -4.25
v 5.0 1.0 -5.0
v 3.0 1.0 -5.0
v 3.0 0.500001 -4.25
v 5.0 0.0 -4.0
v 3.0 0.0 -4.0
v 4.0 1.0 -4.696778
v 4.0 3.0 -4.696778
v 4.0 1.0 -1.4501951
v 4.0 3.0 -1.4501951
v 3.0 1.0 -4.678224
v 5.0 1.0 -4.678224
v 3.0 3.0 -4.678224
v 5.0 3.0 -4.678224
v 3.0 2.0 -4.696778
v 5.0 2.0 -4.696778
v 3.0 2.0 -1.4501951
v 5.0 2.0 -1.4501951
v 3.0 1.0 -1.981446
v 5.0 1.0 -1.981446
v 3.0 3.0 -1.981446
v 5.0 3.0 -1.981446
v 3.0 1.0 -3.437501
v 5.0 1.0 -3.437501
v 3.0 3.0 -3.437501
v 5.0 3.0 -3.437501
v 6.0 6.0 -4.812501
v 3.0 6.0 -4.812501
v 3.0 3.0 -4.812501
v 6.0 3.0 -4.812501
v 3.0 4.499999 -0.25
v 6.0 4.499999 -0.25
v 6.0 4.5 -4.812501
v 3.0 4.5 -4.812501
v 4.5 2.999999 -0.25000095
v 4.5 5.999999 -0.25
v 4.5 6.0 -4.812501
v 4.5 3.0 -4.812501
v 6.0 3.0 -3.375001
v 6.0 6.0 -3.375001
v 3.0 6.0 -3.375001
v 3.0 3.0 -3.375001
v -8.046444 6.043173 -0.8590431
v -7.17828 8.486531 2.104825
v -4.9536715 8.774617 2.9944735
v -7.963436 7.385946 0.40951204
v -6.9536715 5.274618 2.9944735
v -10.83453 10.492392 -3.422519
v -10.83453 10.492392 -3.422519
v 4.568362 12.157228 -4.632711
v 4.8427763 11.568361 -4.632711
v 5.000003 12.000001 -0.48036718
v 5.4316425 11.842775 -4.632711
v 5.4316425 11.842775 -4.632711
v 5.1572285 12.431643 -4.632711
v 5.000003 12.000001 -0.48036718
v 4.568362 12.157228 -4.632711
v -6.83453 6.992392 -3.42252
v -9.014217 8.260946 -1.0231049
v -9.192928 7.739463 -3.603184
v -5.1929283 4.239463 -3.603184
v 2.6933622 10.92383 -4.703023
v 6.0761747 9.693361 -4.703024
v 7.3066425 13.076173 -4.703023
v 3.923831 14.306643 -4.703023
v -12.508358 11.479696 -1.614902
v -12.046444 9.543173 -0.8590431
v -9.627499 8.683798 -0.8590431
v -5.7593346 10.627157 2.104825
v -8.17828 11.486532 2.104825
v 6.1640644 14.093751 -2.848531
v 3.83594 9.906252 -2.848531
v 3.83594 9.906251 0.21982813
v 6.1640644 14.09375 0.21982908
v 7.1054716 10.85547 -2.825094
v 2.894534 13.144531 -2.825093
v 2.894534 13.144531 0.21982813
v 7.1054716 10.85547 0.21982813
v 6.6435575 12.791993 -2.069234
v 3.3564482 11.208009 -2.069234
v 3.3564482 11.208009 0.8946328
v 6.6435575 12.791993 0.8946328
v 4.224612 13.651368 -2.069234
v 5.7753925 10.348634 -2.069234
v 5.7753925 10.348634 0.89463186
v 4.224612 13.651368 0.8946328
v -8.963436 10.385946 0.40951204
v -7.9536715 8.274618 2.9944735
v 6.5605497 11.44922 -0.80068016
v 3.439456 12.550783 -0.80068016
v 3.439456 12.550782 1.888773
v 6.5605497 11.44922 1.888773
v 4.449222 10.439454 -0.719625
v 5.550784 13.560548 -0.719625
v 5.550784 13.560547 1.7842822
v 4.449222 10.439454 1.7842808
v -13.014217 11.760946 -1.0231049
v 3.574222 9.388673 -2.233297
v 7.611331 10.57422 -2.233297
v 6.425784 14.611329 -2.233296
v 2.3886747 13.425781 -2.233296
v 6.0 14.5 -9.25
v 6.0 15.0 -10.0
v 3.0 15.0 -10.0
v 3.0 14.500001 -9.25
v 3.0 14.500001 -5.25
v 6.0 14.5 -5.25
v 6.0 14.0 -5.0
v 3.0 14.0 -5.0
v 6.0 18.0 -9.812501
v 3.0 18.0 -9.812501
v 3.0 15.0 -9.812501
v 6.0 15.0 -9.812501
v 3.0 16.5 -5.25
v 6.0 16.5 -5.25
v 6.0 16.5 -9.812501
v 3.0 16.5 -9.812501
v 4.5 14.999999 -5.250001
v 4.5 18.0 -5.25
v 4.5 18.0 -9.812501
v 4.5 15.0 -9.812501
v 6.0 15.0 -8.375001
v 6.0 18.0 -8.375001
v 3.0 18.0 -8.375001
v 3.0 15.0 -8.375001
v 7.9784136 -12.523222 1.0704784
v 6.7567344 -12.08914 2.5524125
v 6.6126914 -10.976835 2.9972367
v 7.307027 -12.481718 1.704756
v 8.362691 -11.976835 2.9972367
v 5.753804 -13.917265 -0.21125948
v 5.753804 -13.917265 -0.21125948
v 4.921386 -6.215819 -0.81635547
v 5.2158194 -6.078612 -0.81635547
v 4.9999995 -5.9999986 1.2598164
v 5.0786123 -5.7841787 -0.81635547
v 5.0786123 -5.7841787 -0.81635547
v 4.7841787 -5.921386 -0.81635547
v 4.9999995 -5.9999986 1.2598164
v 4.921386 -6.215819 -0.81635547
v 7.503804 -11.917265 -0.21125996
v 6.869527 -13.007109 0.98844755
v 7.1302686 -13.096464 -0.301592
v 8.880268 -11.096464 -0.301592
v 5.538085 -7.153319 -0.8515115
v 6.1533194 -5.4619126 -0.85151196
v 4.4619136 -4.8466787 -0.8515115
v 3.846679 -6.5380845 -0.8515115
v 5.260152 -14.754179 0.692549
v 6.2284136 -14.523222 1.0704784
v 6.658101 -13.313749 1.0704784
v 5.6864214 -11.379667 2.5524125
v 5.256734 -12.58914 2.5524125
v 3.9531245 -5.417968 0.075734496
v 6.046874 -6.5820303 0.075734496
v 6.0468745 -6.5820303 1.6099141
v 3.953125 -5.417968 1.6099145
v 5.572265 -4.947264 0.08745301
v 4.427734 -7.052733 0.087453485
v 4.427734 -7.052733 1.6099141
v 5.572265 -4.947264 1.6099141
v 4.6040034 -5.178221 0.46538305
v 5.3959956 -6.821776 0.46538305
v 5.3959956 -6.821776 1.9473164
v 4.6040034 -5.178221 1.9473164
v 4.174316 -6.387694 0.46538305
v 5.825683 -5.6123037 0.46538305
v 5.825683 -5.6123037 1.9473159
v 4.174316 -6.387694 1.9473164
v 5.807027 -12.981718 1.704756
v 6.862691 -12.476835 2.9972367
v 5.27539 -5.219725 1.0996599
v 4.7246084 -6.780272 1.0996599
v 4.724609 -6.780272 2.4443865
v 5.27539 -5.219725 2.4443865
v 5.780273 -6.2753887 1.1401875
v 4.219726 -5.724608 1.1401875
v 4.2197266 -5.724608 2.392141
v 5.780273 -6.2753887 2.3921404
v 5.119527 -15.007109 0.98844755
v 6.3056636 -6.7128887 0.38335145
v 5.71289 -4.6943345 0.38335145
v 3.6943355 -5.287108 0.38335204
v 4.287109 -7.3056626 0.38335204
v 5.001953 -3.498437 -2.25
v 5.001953 -2.998437 -3.0
v 4.001953 -2.998437 -3.0
v 4.001953 -3.498437 -2.25
v 4.501953 -2.998437 -2.25
v 4.001953 -3.998437 -3.0
v 4.501952 -3.998437 -2.25
v 5.001953 -3.998437 -2.0
v 4.001953 -3.998437 -2.0
v 5.001953 -2.998437 -2.0
v 4.5 -2.0 -2.25
v 4.0 -2.0 -3.0
v 4.0 -3.0 -3.0
v 4.499999 -3.0 -2.25
v 5.0 -2.0 -2.0
v 5.0 -3.0 -2.0
v 5.001953 -1.4988279 -2.25
v 4.251953 -1.2488279 -3.0
v 4.501953 -1.9988279 -2.25
v 5.001953 -0.99882805 -3.0
v 4.001953 -1.9988279 -3.0
v 5.001953 -1.9988279 -2.0
v 9.967621 -1.284833 -1.8942823
v 8.135101 -0.6337099 0.328619
v 7.919037 1.0347462 0.99585485
v 8.960541 -1.2225771 -0.94286585
v 10.544036 -0.46525383 0.99585485
v 6.630706 -3.3758974 -3.8168893
v 6.630706 -3.3758974 -3.8168893
v 5.382079 8.176271 -4.724533
v 5.8237295 8.382082 -4.724533
v 5.499999 8.500002 -1.6102753
v 5.617919 8.823732 -4.724533
v 5.617919 8.823732 -4.724533
v 5.1762676 8.617922 -4.724533
v 5.499999 8.500002 -1.6102753
v 5.382079 8.176271 -4.724533
v 9.255706 -0.3758974 -3.81689
v 8.304291 -2.010663 -2.0173287
v 8.695403 -2.1446962 -3.952388
v 11.320403 0.85530376 -3.952388
v 6.3071275 6.7700214 -4.7772675
v 7.229979 9.307131 -4.777268
v 4.69287 10.229982 -4.7772675
v 3.7700183 7.6928735 -4.7772675
v 5.8902283 -4.6312685 -2.4611764
v 7.3426204 -4.284833 -1.8942823
v 7.9871516 -2.470624 -1.8942823
v 6.5296326 0.43049908 0.328619
v 5.8851013 -1.3837099 0.328619
v 3.9296868 9.373049 -3.3863983
v 7.070311 7.626955 -3.3863983
v 7.0703115 7.626955 -1.0851288
v 3.9296875 9.373049 -1.0851283
v 6.3583975 10.079103 -3.3688204
v 4.641601 6.9209003 -3.3688197
v 4.641601 6.9209003 -1.0851288
v 6.3583975 10.079103 -1.0851288
v 4.906005 9.732668 -2.8019254
v 6.093993 7.2673364 -2.8019254
v 6.093993 7.2673364 -0.57902527
v 4.906005 9.732668 -0.57902527
v 4.2614737 7.918459 -2.8019254
v 6.7385244 9.081545 -2.8019254
v 6.7385244 9.081545 -0.5790262
v 4.2614737 7.918459 -0.57902527
v 6.710541 -1.9725771 -0.94286585
v 8.294037 -1.2152538 0.99585485
v 5.913085 9.670412 -1.8505101
v 5.086913 7.329592 -1.8505101
v 5.0869136 7.329592 0.16657972
v 5.913085 9.670412 0.16657972
v 6.670409 8.086917 -1.7897186
v 4.329589 8.913088 -1.7897186
v 4.32959 8.913088 0.08821154
v 6.670409 8.086917 0.08821058
v 5.679291 -5.010663 -2.0173287
v 7.458495 7.4306664 -2.9249728
v 6.569335 10.458498 -2.9249728
v 3.5415032 9.569338 -2.924972
v 4.4306636 6.541506 -2.924972
v 6.001953 -4.498437 -1.25
v 6.001953 -3.998437 -2.0
v 5.001953 -3.998437 -2.0
v 5.001953 -4.498437 -1.25
v 5.501953 -3.998437 -1.25
v 5.001953 -4.998437 -2.0
v 5.501952 -4.998437 -1.25
v 6.001953 -4.998437 -1.0
v 5.001953 -4.998437 -1.0
v 6.001953 -3.998437 -1.0
v 5.5 -3.0 -1.25
v 5.0 -3.0 -2.0
v 5.0 -4.0 -2.0
v 5.499999 -4.0 -1.25
v 6.0 -3.0 -1.0
v 6.0 -4.0 -1.0
v 6.001953 -2.498828 -1.25
v 5.251953 -2.248828 -2.0
v 5.501953 -2.998828 -1.25
v 6.001953 -1.998828 -2.0
v 5.001953 -2.998828 -2.0
v 6.001953 -2.998828 -1.0
v 7.0 -1.5 -2.25
v 7.0 -1.0 -3.0
v 5.0 -1.0 -3.0
v 5.0 -1.499999 -2.25
v 7.0 -2.0 -2.0
v 5.0 -2.0 -2.0
v 6.001953 0.501563 -4.25
v 6.001953 1.001563 -5.0
v 5.001953 1.001563 -5.0
v 5.001953 0.501563 -4.25
v 5.501953 1.001563 -4.25
v 5.001953 0.0015630126 -5.0
v 5.501952 0.0015630126 -4.25
v 6.001953 0.0015630126 -4.0
v 5.001953 0.0015630126 -4.0
v 6.001953 1.001563 -4.0
v 5.5 2.0 -4.25
v 5.0 2.0 -5.0
v 5.0 1.0 -5.0
v 5.499999 1.0 -4.25
v 6.0 2.0 -4.0
v 6.0 1.0 -4.0
v 6.001953 2.501172 -4.25
v 5.251953 2.751172 -5.0
v 5.501953 2.001172 -4.25
v 6.001953 3.001172 -5.0
v 5.001953 2.001172 -5.0
v 6.001953 2.001172 -4.0
v 7.001953 -11.498437 -0.25
v 7.001953 -10.998437 -1.0
v 6.001953 -10.998437 -1.0
v 6.001953 -11.498437 -0.25
v 6.501953 -10.998437 -0.25
v 6.001953 -11.998437 -1.0
v 6.501952 -11.998437 -0.25
v 7.001953 -11.998437 0.0
v 6.001953 -11.998437 0.0
v 7.001953 -10.998437 0.0
v 6.5 -10.0 -0.25
v 6.0 -10.0 -1.0
v 6.0 -11.0 -1.0
v 6.499999 -11.0 -0.25
v 7.0 -10.0 0.0
v 7.0 -11.0 0.0
v 7.001953 -9.498828 -0.25
v 6.251953 -9.248828 -1.0
v 6.501953 -9.998828 -0.25
v 7.001953 -8.998828 -1.0
v 6.001953 -9.998828 -1.0
v 7.001953 -9.998828 0.0
v 11.967621 -17.284832 2.1057177
v 10.135101 -16.633709 4.328619
v 9.919037 -14.965254 4.995855
v 10.960541 -17.222576 3.0571342
v 12.544036 -16.465254 4.995855
v 8.630706 -19.375896 0.18311071
v 8.630706 -19.375896 0.18311071
v 7.382079 -7.8237286 -0.7245333
v 7.8237295 -7.617918 -0.7245333
v 7.499999 -7.4999976 2.3897247
v 7.617919 -7.1762676 -0.7245333
v 7.617919 -7.1762676 -0.7245333
v 7.1762676 -7.382078 -0.7245333
v 7.499999 -7.4999976 2.3897247
v 7.382079 -7.8237286 -0.7245333
v 11.255706 -16.375896 0.18311
v 10.304291 -18.010662 1.9826713
v 10.695403 -18.144695 0.04761195
v 13.320403 -15.144696 0.04761195
v 8.307127 -9.229979 -0.7772672
v 9.229979 -6.6928687 -0.77726793
v 6.69287 -5.7700176 -0.7772672
v 5.7700186 -8.307127 -0.7772672
v 7.8902283 -20.631268 1.5388236
v 9.342621 -20.284832 2.1057177
v 9.987152 -18.470623 2.1057177
v 8.529633 -15.569501 4.328619
v 7.8851013 -17.383709 4.328619
v 5.9296865 -6.626951 0.6136017
v 9.070311 -8.373045 0.6136017
v 9.070312 -8.373045 2.9148712
v 5.9296875 -6.626951 2.9148717
v 8.3583975 -5.920896 0.6311796
v 6.641601 -9.0791 0.6311803
v 6.641601 -9.0791 2.9148712
v 8.3583975 -5.920896 2.9148712
v 6.906005 -6.2673316 1.1980746
v 8.093993 -8.732664 1.1980746
v 8.093993 -8.732664 3.4209747
v 6.906005 -6.2673316 3.4209747
v 6.2614737 -8.081541 1.1980746
v 8.738524 -6.918455 1.1980746
v 8.738524 -6.918455 3.4209738
v 6.2614737 -8.081541 3.4209747
v 8.710541 -17.972576 3.0571342
v 10.294037 -17.215254 4.995855
v 7.913085 -6.3295875 2.1494899
v 7.086913 -8.670408 2.1494899
v 7.0869136 -8.670408 4.1665797
v 7.913085 -6.3295875 4.1665797
v 8.670409 -7.9130836 2.2102814
v 6.329589 -7.0869117 2.2102814
v 6.32959 -7.0869117 4.0882115
v 8.670409 -7.9130836 4.0882106
v 7.679291 -21.010662 1.9826713
v 9.458495 -8.569333 1.0750272
v 8.569335 -5.5415015 1.0750272
v 5.541503 -6.4306617 1.075028
v 6.4306636 -9.458494 1.075028
v 11.967621 -14.284833 2.1057177
v 10.135101 -13.63371 4.328619
v 9.919037 -11.965254 4.995855
v 10.960541 -14.222577 3.0571342
v 12.544036 -13.465254 4.995855
v 8.630706 -16.375896 0.18311071
v 8.630706 -16.375896 0.18311071
v 7.382079 -4.8237286 -0.7245333
v 7.8237295 -4.617918 -0.7245333
v 7.499999 -4.4999976 2.3897247
v 7.617919 -4.1762676 -0.7245333
v 7.617919 -4.1762676 -0.7245333
v 7.1762676 -4.382078 -0.7245333
v 7.499999 -4.4999976 2.3897247
v 7.382079 -4.8237286 -0.7245333
v 11.255706 -13.375897 0.18311
v 10.304291 -15.010663 1.9826713
v 10.695403 -15.144696 0.04761195
v 13.320403 -12.144696 0.04761195
v 8.307127 -6.2299786 -0.7772672
v 9.229979 -3.6928687 -0.77726793
v 6.69287 -2.7700176 -0.7772672
v 5.7700186 -5.3071265 -0.7772672
v 7.8902283 -17.631268 1.5388236
v 9.342621 -17.284832 2.1057177
v 9.987152 -15.470624 2.1057177
v 8.529633 -12.569501 4.328619
v 7.8851013 -14.38371 4.328619
v 5.9296865 -3.6269512 0.6136017
v 9.070311 -5.373045 0.6136017
v 9.070312 -5.373045 2.9148712
v 5.9296875 -3.6269512 2.9148717
v 8.3583975 -2.920896 0.6311796
v 6.641601 -6.0790997 0.6311803
v 6.641601 -6.0790997 2.9148712
v 8.3583975 -2.920896 2.9148712
v 6.906005 -3.2673316 1.1980746
v 8.093993 -5.7326636 1.1980746
v 8.093993 -5.7326636 3.4209747
v 6.906005 -3.2673316 3.4209747
v 6.2614737 -5.081541 1.1980746
v 8.738524 -3.9184551 1.1980746
v 8.738524 -3.9184551 3.4209738
v 6.2614737 -5.081541 3.4209747
v 8.710541 -14.972577 3.0571342
v 10.294037 -14.215254 4.995855
v 7.913085 -3.3295875 2.1494899
v 7.086913 -5.670408 2.1494899
v 7.0869136 -5.670408 4.1665797
v 7.913085 -3.3295875 4.1665797
v 8.670409 -4.9130836 2.2102814
v 6.329589 -4.0869117 2.2102814
v 6.32959 -4.0869117 4.0882115
v 8.670409 -4.9130836 4.0882106
v 7.679291 -18.010662 1.9826713
v 9.458495 -5.5693336 1.0750272
v 8.569335 -2.5415015 1.0750272
v 5.541503 -3.4306617 1.075028
v 6.4306636 -6.458494 1.075028
v 8.0 -2.5 -1.25
v 8.0 -2.0 -2.0
v 6.0 -2.0 -2.0
v 6.0 -2.499999 -1.25
v 8.0 -3.0 -1.0
v 6.0 -3.0 -1.0
v 7.001953 -0.498437 -3.25
v 7.001953 0.001562953 -4.0
v 6.001953 0.001562953 -4.0
v 6.001953 -0.498437 -3.25
v 6.501953 0.001562953 -3.25
v 6.001953 -0.998437 -4.0
v 6.501952 -0.998437 -3.25
v 7.001953 -0.998437 -3.0
v 6.001953 -0.998437 -3.0
v 7.001953 0.001562953 -3.0
v 6.5 1.0 -3.25
v 6.0 1.0 -4.0
v 6.0 0.0 -4.0
v 6.499999 0.0 -3.25
v 7.0 1.0 -3.0
v 7.0 0.0 -3.0
v 7.001953 1.5011721 -3.25
v 6.251953 1.7511721 -4.0
v 6.501953 1.0011721 -3.25
v 7.001953 2.001172 -4.0
v 6.001953 1.0011721 -4.0
v 7.001953 1.0011721 -3.0
v 13.0 2.5 -4.25
v 13.0 3.0 -5.0
v 6.0 3.0 -5.0
v 6.0 2.500001 -4.25
v 13.0 2.0 -4.0
v 6.0 2.0 -4.0
v 9.0 6.0 -4.812501
v 6.0 6.0 -4.812501
v 6.0 3.0 -4.812501
v 9.0 3.0 -4.812501
v 6.0 4.499999 -0.25
v 9.0 4.499999 -0.25
v 9.0 4.5 -4.812501
v 6.0 4.5 -4.812501
v 7.5 2.999999 -0.25000095
v 7.5 5.999999 -0.25
v 7.5 6.0 -4.812501
v 7.5 3.0 -4.812501
v 9.0 3.0 -3.375001
v 9.0 6.0 -3.375001
v 6.0 6.0 -3.375001
v 6.0 3.0 -3.375001
v 7.0 14.5 -9.25
v 7.0 15.0 -10.0
v 6.0 15.0 -10.0
v 6.0 14.5 -9.25
v 6.5 15.0 -9.25
v 6.0 14.0 -10.0
v 6.499999 14.0 -9.25
v 6.0 14.5 -5.25
v 7.0 14.5 -5.25
v 6.499999 14.0 -5.25
v 6.5 15.0 -5.25
v 7.0 14.0 -5.0
v 6.0 14.0 -5.0
v 7.0 15.0 -5.0
v 6.5 16.0 -9.25
v 6.0 16.0 -10.0
v 6.0 15.0 -10.0
v 7.0 16.0 -5.0
v 7.0 15.0 -5.0
v 6.499999 15.0 -9.25
v 6.5 16.0 -5.25
v 6.499999 15.0 -5.25
v 12.967621 -24.284832 3.1057177
v 11.135101 -23.633709 5.328619
v 10.919037 -21.965254 5.995855
v 11.960541 -24.222576 4.057134
v 13.544036 -23.465254 5.995855
v 9.630706 -26.375896 1.1831107
v 9.630706 -26.375896 1.1831107
v 8.382079 -14.823729 0.27546668
v 8.8237295 -14.617918 0.27546668
v 8.499999 -14.499998 3.3897247
v 8.617919 -14.176268 0.27546668
v 8.617919 -14.176268 0.27546668
v 8.176268 -14.382078 0.27546668
v 8.499999 -14.499998 3.3897247
v 8.382079 -14.823729 0.27546668
v 12.255706 -23.375896 1.18311
v 11.304291 -25.010662 2.9826713
v 11.695403 -25.144695 1.047612
v 14.320403 -22.144695 1.047612
v 9.307127 -16.229979 0.22273278
v 10.229979 -13.692869 0.22273207
v 7.69287 -12.770018 0.22273278
v 6.7700186 -15.307127 0.22273278
v 8.890228 -27.631268 2.5388236
v 10.342621 -27.284832 3.1057177
v 10.987152 -25.470623 3.1057177
v 9.529633 -22.5695 5.328619
v 8.885101 -24.383709 5.328619
v 6.9296865 -13.626951 1.6136017
v 10.070311 -15.373045 1.6136017
v 10.070312 -15.373045 3.9148712
v 6.9296875 -13.626951 3.9148717
v 9.3583975 -12.920897 1.6311796
v 7.641601 -16.0791 1.6311803
v 7.641601 -16.0791 3.9148712
v 9.3583975 -12.920897 3.9148712
v 7.906005 -13.267332 2.1980746
v 9.093993 -15.732664 2.1980746
v 9.093993 -15.732664 4.4209747
v 7.906005 -13.267332 4.4209747
v 7.2614737 -15.081541 2.1980746
v 9.738524 -13.918455 2.1980746
v 9.738524 -13.918455 4.420974
v 7.2614737 -15.081541 4.4209747
v 9.710541 -24.972576 4.057134
v 11.294037 -24.215254 5.995855
v 8.913085 -13.329588 3.1494899
v 8.086913 -15.670408 3.1494899
v 8.086914 -15.670408 5.1665797
v 8.913085 -13.329588 5.1665797
v 9.670409 -14.913083 3.2102814
v 7.329589 -14.086912 3.2102814
v 7.32959 -14.086912 5.0882115
v 9.670409 -14.913083 5.0882106
v 8.679291 -28.010662 2.9826713
v 10.458495 -15.569333 2.0750272
v 9.569335 -12.541502 2.0750272
v 6.541503 -13.430662 2.075028
v 7.4306636 -16.458494 2.075028
v 12.967621 -21.284832 3.1057177
v 11.135101 -20.633709 5.328619
v 10.919037 -18.965254 5.995855
v 11.960541 -21.222576 4.057134
v 13.544036 -20.465254 5.995855
v 9.630706 -23.375896 1.1831107
v 9.630706 -23.375896 1.1831107
v 8.382079 -11.823729 0.27546668
v 8.8237295 -11.617918 0.27546668
v 8.499999 -11.499998 3.3897247
v 8.617919 -11.176268 0.27546668
v 8.617919 -11.176268 0.27546668
v 8.176268 -11.382078 0.27546668
v 8.499999 -11.499998 3.3897247
v 8.382079 -11.823729 0.27546668
v 12.255706 -20.375896 1.18311
v 11.304291 -22.010662 2.9826713
v 11.695403 -22.144695 1.047612
v 14.320403 -19.144695 1.047612
v 9.307127 -13.229979 0.22273278
v 10.229979 -10.692869 0.22273207
v 7.69287 -9.770018 0.22273278
v 6.7700186 -12.307127 0.22273278
v 8.890228 -24.631268 2.5388236
v 10.342621 -24.284832 3.1057177
v 10.987152 -22.470623 3.1057177
v 9.529633 -19.5695 5.328619
v 8.885101 -21.383709 5.328619
v 6.9296865 -10.626951 1.6136017
v 10.070311 -12.373045 1.6136017
v 10.070312 -12.373045 3.9148712
v 6.9296875 -10.626951 3.9148717
v 9.3583975 -9.920897 1.6311796
v 7.641601 -13.0791 1.6311803
v 7.641601 -13.0791 3.9148712
v 9.3583975 -9.920897 3.9148712
v 7.906005 -10.267332 2.1980746
v 9.093993 -12.732664 2.1980746
v 9.093993 -12.732664 4.4209747
v 7.906005 -10.267332 4.4209747
v 7.2614737 -12.081541 2.1980746
v 9.738524 -10.918455 2.1980746
v 9.738524 -10.918455 4.420974
v 7.2614737 -12.081541 4.4209747
v 9.710541 -21.972576 4.057134
v 11.294037 -21.215254 5.995855
v 8.913085 -10.329588 3.1494899
v 8.086913 -12.670408 3.1494899
v 8.086914 -12.670408 5.1665797
v 8.913085 -10.329588 5.1665797
v 9.670409 -11.913083 3.2102814
v 7.329589 -11.086912 3.2102814
v 7.32959 -11.086912 5.0882115
v 9.670409 -11.913083 5.0882106
v 8.679291 -25.010662 2.9826713
v 10.458495 -12.569333 2.0750272
v 9.569335 -9.541502 2.0750272
v 6.541503 -10.430662 2.075028
v 7.4306636 -13.458494 2.075028
v 9.0 -9.5 -0.25
v 9.0 -9.0 -1.0
v 7.0 -9.0 -1.0
v 7.0 -9.499999 -0.25
v 9.0 -10.0 0.0
v 7.0 -10.0 0.0
v 8.001953 -1.4984369 -2.25
v 8.001953 -0.99843705 -3.0
v 7.001953 -0.99843705 -3.0
v 7.001953 -1.4984369 -2.25
v 7.501953 -0.99843705 -2.25
v 7.001953 -1.9984369 -3.0
v 7.501952 -1.9984369 -2.25
v 8.001953 -1.9984369 -2.0
v 7.001953 -1.9984369 -2.0
v 8.001953 -0.99843705 -2.0
v 7.5 0.0 -2.25
v 7.0 0.0 -3.0
v 7.0 -1.0 -3.0
v 7.499999 -1.0 -2.25
v 8.0 0.0 -2.0
v 8.0 -1.0 -2.0
v 8.001953 0.501172 -2.25
v 7.251953 0.751172 -3.0
v 7.501953 0.0011720061 -2.25
v 8.001953 1.001172 -3.0
v 7.001953 0.0011720061 -3.0
v 8.001953 0.0011720061 -2.0
v 14.0 1.5 -3.25
v 14.0 2.0 -4.0
v 7.0 2.0 -4.0
v 7.0 1.500001 -3.25
v 14.0 1.0 -3.0
v 7.0 1.0 -3.0
v 8.0 6.0 -4.696778
v 8.0 8.0 -4.696778
v 8.0 6.0 -1.4501951
v 8.0 8.0 -1.4501951
v 7.0 6.0 -4.678224
v 9.0 6.0 -4.678224
v 7.0 8.0 -4.678224
v 9.0 8.0 -4.678224
v 7.0 7.0 -4.696778
v 9.0 7.0 -4.696778
v 7.0 7.0 -1.4501951
v 9.0 7.0 -1.4501951
v 7.0 6.0 -1.981446
v 9.0 6.0 -1.981446
v 7.0 8.0 -1.981446
v 9.0 8.0 -1.981446
v 7.0 6.0 -3.437501
v 9.0 6.0 -3.437501
v 7.0 8.0 -3.437501
v 9.0 8.0 -3.437501
v 12.967621 2.715167 -1.8942823
v 11.135101 3.36629 0.328619
v 10.919037 5.034746 0.99585485
v 11.960541 2.777423 -0.94286585
v 13.544036 3.5347462 0.99585485
v 9.630706 0.6241026 -3.8168893
v 9.630706 0.6241026 -3.8168893
v 8.382079 12.176271 -4.724533
v 8.8237295 12.382082 -4.724533
v 8.499999 12.500002 -1.6102753
v 8.617919 12.823732 -4.724533
v 8.617919 12.823732 -4.724533
v 8.176268 12.617922 -4.724533
v 8.499999 12.500002 -1.6102753
v 8.382079 12.176271 -4.724533
v 12.255706 3.6241026 -3.81689
v 11.304291 1.989337 -2.0173287
v 11.695403 1.8553038 -3.952388
v 14.320403 4.855304 -3.952388
v 9.307127 10.770021 -4.7772675
v 10.229979 13.307131 -4.777268
v 7.69287 14.229982 -4.7772675
v 6.7700186 11.692873 -4.7772675
v 8.890228 -0.6312685 -2.4611764
v 10.342621 -0.28483295 -1.8942823
v 10.987152 1.529376 -1.8942823
v 9.529633 4.430499 0.328619
v 8.885101 2.61629 0.328619
v 6.9296865 13.373049 -3.3863983
v 10.070311 11.626955 -3.3863983
v 10.070312 11.626955 -1.0851288
v 6.9296875 13.373049 -1.0851283
v 9.3583975 14.079103 -3.3688204
v 7.641601 10.9209 -3.3688197
v 7.641601 10.9209 -1.0851288
v 9.3583975 14.079103 -1.0851288
v 7.906005 13.732668 -2.8019254
v 9.093993 11.267336 -2.8019254
v 9.093993 11.267336 -0.57902527
v 7.906005 13.732668 -0.57902527
v 7.2614737 11.918459 -2.8019254
v 9.738524 13.081545 -2.8019254
v 9.738524 13.081545 -0.5790262
v 7.2614737 11.918459 -0.57902527
v 9.710541 2.027423 -0.94286585
v 11.294037 2.7847462 0.99585485
v 8.913085 13.670412 -1.8505101
v 8.086913 11.329592 -1.8505101
v 8.086914 11.329592 0.16657972
v 8.913085 13.670412 0.16657972
v 9.670409 12.086917 -1.7897186
v 7.329589 12.913088 -1.7897186
v 7.32959 12.913088 0.08821154
v 9.670409 12.086917 0.08821058
v 8.679291 -1.010663 -2.0173287
v 10.458495 11.430667 -2.9249728
v 9.569335 14.458498 -2.9249728
v 6.541503 13.569338 -2.924972
v 7.4306636 10.541506 -2.924972
v 10.0 17.0 -4.812501
v 7.0 17.0 -4.812501
v 7.0 14.0 -4.812501
v 10.0 14.0 -4.812501
v 7.0 15.499999 -0.25
v 10.0 15.499999 -0.25
v 10.0 15.5 -4.812501
v 7.0 15.5 -4.812501
v 8.5 13.999999 -0.25000095
v 8.5 17.0 -0.25
v 8.5 17.0 -4.812501
v 8.5 14.0 -4.812501
v 10.0 14.0 -3.375001
v 10.0 17.0 -3.375001
v 7.0 17.0 -3.375001
v 7.0 14.0 -3.375001
v 9.001953 -2.498437 -1.25
v 9.001953 -1.998437 -2.0
v 8.001953 -1.998437 -2.0
v 8.001953 -2.498437 -1.25
v 8.501953 -1.998437 -1.25
v 8.001953 -2.998437 -2.0
v 8.501952 -2.998437 -1.25
v 9.001953 -2.998437 -1.0
v 8.001953 -2.998437 -1.0
v 9.001953 -1.998437 -1.0
v 8.5 -1.0 -1.25
v 8.0 -1.0 -2.0
v 8.0 -2.0 -2.0
v 8.499999 -2.0 -1.25
v 9.0 -1.0 -1.0
v 9.0 -2.0 -1.0
v 9.001953 -0.498828 -1.25
v 8.251953 -0.248828 -2.0
v 8.501953 -0.998828 -1.25
v 9.001953 0.0011719465 -2.0
v 8.001953 -0.998828 -2.0
v 9.001953 -0.998828 -1.0
v 15.0 0.5 -2.25
v 15.0 1.0 -3.0
v 8.0 1.0 -3.0
v 8.0 0.500001 -2.25
v 15.0 0.0 -2.0
v 8.0 0.0 -2.0
v 10.001953 -9.498437 -0.25
v 10.001953 -8.998437 -1.0
v 9.001953 -8.998437 -1.0
v 9.001953 -9.498437 -0.25
v 9.501953 -8.998437 -0.25
v 9.001953 -9.998437 -1.0
v 9.501952 -9.998437 -0.25
v 10.001953 -9.998437 0.0
v 9.001953 -9.998437 0.0
v 10.001953 -8.998437 0.0
v 9.5 -4.0 -0.25
v 9.0 -4.0 -1.0
v 9.0 -9.0 -1.0
v 9.499999 -9.0 -0.25
v 10.0 -4.0 0.0
v 10.0 -9.0 0.0
v 10.001953 -3.498828 -0.25
v 9.251953 -3.248828 -1.0
v 9.501953 -3.998828 -0.25
v 10.001953 -2.998828 -1.0
v 9.001953 -3.998828 -1.0
v 10.001953 -3.998828 0.0
v 12.978414 -8.523222 1.0704784
v 11.756735 -8.08914 2.5524125
v 11.612692 -6.9768357 2.9972367
v 12.307027 -8.481718 1.704756
v 13.362691 -7.9768357 2.9972367
v 10.753804 -9.917265 -0.21125948
v 10.753804 -9.917265 -0.21125948
v 9.921386 -2.215819 -0.81635547
v 10.215819 -2.0786119 -0.81635547
v 10.0 -1.9999985 1.2598164
v 10.078612 -1.7841786 -0.81635547
v 10.078612 -1.7841786 -0.81635547
v 9.784179 -1.9213856 -0.81635547
v 10.0 -1.9999985 1.2598164
v 9.921386 -2.215819 -0.81635547
v 12.503804 -7.917265 -0.21125996
v 11.869527 -9.007109 0.98844755
v 12.130268 -9.096464 -0.301592
v 13.880268 -7.096464 -0.301592
v 10.538085 -3.153319 -0.8515115
v 11.153319 -1.4619125 -0.85151196
v 9.461914 -0.84667873 -0.8515115
v 8.846679 -2.5380845 -0.8515115
v 10.260152 -10.754179 0.692549
v 11.228414 -10.523222 1.0704784
v 11.658101 -9.313749 1.0704784
v 10.686421 -7.3796673 2.5524125
v 10.256734 -8.58914 2.5524125
v 8.953125 -1.4179677 0.075734496
v 11.046874 -2.58203 0.075734496
v 11.046875 -2.58203 1.6099141
v 8.953125 -1.4179677 1.6099145
v 10.572265 -0.9472642 0.08745301
v 9.427734 -3.052733 0.087453485
v 9.427734 -3.052733 1.6099141
v 10.572265 -0.9472642 1.6099141
v 9.604004 -1.1782211 0.46538305
v 10.395995 -2.821776 0.46538305
v 10.395995 -2.821776 1.9473164
v 9.604004 -1.1782211 1.9473164
v 9.174316 -2.387694 0.46538305
v 10.825683 -1.6123036 0.46538305
v 10.825683 -1.6123036 1.9473159
v 9.174316 -2.387694 1.9473164
v 10.807027 -8.981718 1.704756
v 11.862691 -8.476835 2.9972367
v 10.27539 -1.219725 1.0996599
v 9.724608 -2.780272 1.0996599
v 9.724609 -2.780272 2.4443865
v 10.27539 -1.219725 2.4443865
v 10.780273 -2.275389 1.1401875
v 9.219727 -1.7246078 1.1401875
v 9.219727 -1.7246078 2.392141
v 10.780273 -2.275389 2.3921404
v 10.119527 -11.007109 0.98844755
v 11.305664 -2.712889 0.38335145
v 10.71289 -0.6943345 0.38335145
v 8.694336 -1.2871078 0.38335204
v 9.287109 -3.3056626 0.38335204
v 16.0 -0.5 -1.25
v 16.0 0.0 -2.0
v 9.0 0.0 -2.0
v 9.0 -0.499999 -1.25
v 16.0 -1.0 -1.0
v 9.0 -1.0 -1.0
v 12.978414 -2.523222 -2.9295216
v 11.756735 -2.08914 -1.4475875
v 11.612692 -0.9768357 -1.0027633
v 12.307027 -2.481718 -2.295244
v 13.362691 -1.9768357 -1.0027633
v 10.753804 -3.917265 -4.2112594
v 10.753804 -3.917265 -4.2112594
v 9.921386 3.784181 -4.8163557
v 10.215819 3.9213881 -4.8163557
v 10.0 4.0000014 -2.7401836
v 10.078612 4.2158213 -4.8163557
v 10.078612 4.2158213 -4.8163557
v 9.784179 4.078614 -4.8163557
v 10.0 4.0000014 -2.7401836
v 9.921386 3.784181 -4.8163557
v 12.503804 -1.9172649 -4.21126
v 11.869527 -3.0071087 -3.0115523
v 12.130268 -3.0964642 -4.301592
v 13.880268 -1.0964642 -4.301592
v 10.538085 2.846681 -4.8515115
v 11.153319 4.5380874 -4.851512
v 9.461914 5.1533213 -4.8515115
v 8.846679 3.4619155 -4.8515115
v 10.260152 -4.754179 -3.307451
v 11.228414 -4.523222 -2.9295216
v 11.658101 -3.3137493 -2.9295216
v 10.686421 -1.3796673 -1.4475875
v 10.256734 -2.58914 -1.4475875
v 8.953125 4.582032 -3.9242654
v 11.046874 3.41797 -3.9242654
v 11.046875 3.41797 -2.390086
v 8.953125 4.582032 -2.3900855
v 10.572265 5.052736 -3.912547
v 9.427734 2.947267 -3.9125466
v 9.427734 2.947267 -2.390086
v 10.572265 5.052736 -2.390086
v 9.604004 4.821779 -3.534617
v 10.395995 3.178224 -3.534617
v 10.395995 3.178224 -2.0526836
v 9.604004 4.821779 -2.0526836
v 9.174316 3.612306 -3.534617
v 10.825683 4.3876963 -3.534617
v 10.825683 4.3876963 -2.052684
v 9.174316 3.612306 -2.0526836
v 10.807027 -2.981718 -2.295244
v 11.862691 -2.4768357 -1.0027633
v 10.27539 4.780275 -2.90034
v 9.724608 3.219728 -2.90034
v 9.724609 3.219728 -1.5556135
v 10.27539 4.780275 -1.5556135
v 10.780273 3.724611 -2.8598125
v 9.219727 4.275392 -2.8598125
v 9.219727 4.275392 -1.6078589
v 10.780273 3.724611 -1.6078596
v 10.119527 -5.0071087 -3.0115523
v 11.305664 3.287111 -3.6166487
v 10.71289 5.3056655 -3.6166487
v 8.694336 4.712892 -3.616648
v 9.287109 2.6943374 -3.616648
v -2.046444 1.0431728 -0.8590431
v -1.1782799 3.4865313 2.104825
v 1.0463285 3.7746172 2.9944735
v -1.9634361 2.3859458 0.40951204
v -0.95367146 0.27461815 2.9944735
v -4.83453 5.492392 -3.422519
v -4.83453 5.492392 -3.422519
v 10.568362 7.157228 -4.632711
v 10.842776 6.5683613 -4.632711
v 11.000003 7.000001 -0.48036718
v 11.431643 6.842775 -4.632711
v 11.431643 6.842775 -4.632711
v 11.157228 7.431643 -4.632711
v 11.000003 7.000001 -0.48036718
v 10.568362 7.157228 -4.632711
v -0.8345299 1.9923921 -3.42252
v -3.0142174 3.2609463 -1.0231049
v -3.1929283 2.7394629 -3.603184
v 0.8070717 -0.76053715 -3.603184
v 8.693362 5.92383 -4.703023
v 12.076175 4.6933613 -4.703024
v 13.306643 8.076173 -4.703023
v 9.923831 9.306643 -4.703023
v -6.508358 6.4796963 -1.614902
v -6.046444 4.543173 -0.8590431
v -3.6274986 3.6837978 -0.8590431
v 0.24066544 5.627157 2.104825
v -2.1782799 6.486532 2.104825
v 12.164064 9.093751 -2.848531
v 9.835939 4.906252 -2.848531
v 9.835939 4.906251 0.21982813
v 12.164064 9.09375 0.21982908
v 13.105472 5.8554697 -2.825094
v 8.894534 8.144531 -2.825093
v 8.894534 8.144531 0.21982813
v 13.105472 5.8554697 0.21982813
v 12.643558 7.791993 -2.069234
v 9.356448 6.208009 -2.069234
v 9.356448 6.208009 0.8946328
v 12.643558 7.791993 0.8946328
v 10.224612 8.651368 -2.069234
v 11.775393 5.348634 -2.069234
v 11.775393 5.348634 0.89463186
v 10.224612 8.651368 0.8946328
v -2.9634361 5.3859463 0.40951204
v -1.9536715 3.2746181 2.9944735
v 12.56055 6.4492197 -0.80068016
v 9.439456 7.550783 -0.80068016
v 9.439456 7.550782 1.888773
v 12.56055 6.4492197 1.888773
v 10.449223 5.439454 -0.719625
v 11.550784 8.560548 -0.719625
v 11.550784 8.560547 1.7842822
v 10.449223 5.439454 1.7842808
v -7.0142174 6.7609463 -1.0231049
v 9.574223 4.388673 -2.233297
v 13.611331 5.5742197 -2.233297
v 12.425784 9.611329 -2.233296
v 8.388675 8.425781 -2.233296
v -1.0464439 -19.956827 4.140957
v -0.17827988 -17.51347 7.104825
v 2.0463285 -17.225384 7.9944735
v -0.9634361 -18.614054 5.409512
v 0.046328545 -20.725382 7.9944735
v -3.8345299 -15.507608 1.577481
v -3.8345299 -15.507608 1.577481
v 11.568362 -13.842772 0.36728907
v 11.842776 -14.431639 0.36728907
v 12.000003 -13.999999 4.519633
v 12.431643 -14.157225 0.36728907
v 12.431643 -14.157225 0.36728907
v 12.157228 -13.568357 0.36728907
v 12.000003 -13.999999 4.519633
v 11.568362 -13.842772 0.36728907
v 0.16547012 -19.007608 1.5774801
v -2.0142174 -17.739054 3.976895
v -2.1929283 -18.260536 1.396816
v 1.8070717 -21.760536 1.396816
v 9.693362 -15.07617 0.29697704
v 13.076175 -16.306639 0.2969761
v 14.306643 -12.923827 0.29697704
v 10.923831 -11.693357 0.29697704
v -5.508358 -14.520304 3.385098
v -5.046444 -16.456827 4.140957
v -2.6274986 -17.316202 4.140957
v 1.2406654 -15.372843 7.104825
v -1.1782799 -14.513468 7.104825
v 13.164064 -11.906249 2.151469
v 10.83594 -16.093748 2.151469
v 10.83594 -16.09375 5.219828
v 13.164064 -11.90625 5.219829
v 14.105472 -15.14453 2.174906
v 9.894534 -12.855469 2.174907
v 9.894534 -12.855469 5.219828
v 14.105472 -15.14453 5.219828
v 13.643558 -13.208007 2.930766
v 10.356448 -14.791991 2.930766
v 10.356448 -14.791991 5.894633
v 13.643558 -13.208007 5.894633
v 11.224612 -12.348632 2.930766
v 12.775393 -15.651366 2.930766
v 12.775393 -15.651366 5.894632
v 11.224612 -12.348632 5.894633
v -1.9634361 -15.614054 5.409512
v -0.95367146 -17.725382 7.9944735
v 13.56055 -14.55078 4.19932
v 10.439456 -13.449217 4.19932
v 10.439456 -13.449218 6.888773
v 13.56055 -14.55078 6.888773
v 11.449223 -15.560546 4.280375
v 12.550784 -12.439452 4.280375
v 12.550784 -12.439453 6.784282
v 11.449223 -15.560546 6.784281
v -6.0142174 -14.239054 3.976895
v 10.574222 -16.611326 2.766703
v 14.611331 -15.42578 2.766703
v 13.425784 -11.388671 2.766704
v 9.388675 -12.574219 2.766704
v -1.0464439 -15.956827 4.140957
v -0.17827988 -13.513469 7.104825
v 2.0463285 -13.225383 7.9944735
v -0.9634361 -14.614054 5.409512
v 0.046328545 -16.725382 7.9944735
v -3.8345299 -11.507608 1.577481
v -3.8345299 -11.507608 1.577481
v 11.568362 -9.842772 0.36728907
v 11.842776 -10.431639 0.36728907
v 12.000003 -9.999999 4.519633
v 12.431643 -10.157225 0.36728907
v 12.431643 -10.157225 0.36728907
v 12.157228 -9.568357 0.36728907
v 12.000003 -9.999999 4.519633
v 11.568362 -9.842772 0.36728907
v 0.16547012 -15.007608 1.5774801
v -2.0142174 -13.739054 3.976895
v -2.1929283 -14.260537 1.396816
v 1.8070717 -17.760536 1.396816
v 9.693362 -11.07617 0.29697704
v 13.076175 -12.306639 0.2969761
v 14.306643 -8.923827 0.29697704
v 10.923831 -7.693358 0.29697704
v -5.508358 -10.520304 3.385098
v -5.046444 -12.456827 4.140957
v -2.6274986 -13.316202 4.140957
v 1.2406654 -11.372843 7.104825
v -1.1782799 -10.513468 7.104825
v 13.164064 -7.906249 2.151469
v 10.835939 -12.093748 2.151469
v 10.835939 -12.093749 5.219828
v 13.164064 -7.90625 5.219829
v 14.105472 -11.14453 2.174906
v 9.894534 -8.855469 2.174907
v 9.894534 -8.855469 5.219828
v 14.105472 -11.14453 5.219828
v 13.643558 -9.208007 2.930766
v 10.356448 -10.791991 2.930766
v 10.356448 -10.791991 5.894633
v 13.643558 -9.208007 5.894633
v 11.224612 -8.348632 2.930766
v 12.775393 -11.651366 2.930766
v 12.775393 -11.651366 5.894632
v 11.224612 -8.348632 5.894633
v -1.9634361 -11.614054 5.409512
v -0.95367146 -13.725382 7.9944735
v 13.56055 -10.55078 4.19932
v 10.439456 -9.449217 4.19932
v 10.439456 -9.449218 6.888773
v 13.56055 -10.55078 6.888773
v 11.449223 -11.560546 4.280375
v 12.550784 -8.439452 4.280375
v 12.550784 -8.439453 6.784282
v 11.449223 -11.560546 6.784281
v -6.0142174 -10.239054 3.976895
v 10.574223 -12.611327 2.766703
v 14.611331 -11.42578 2.766703
v 13.425784 -7.388671 2.766704
v 9.388675 -8.574219 2.766704
v -1.0464439 -11.956827 4.140957
v -0.17827988 -9.513469 7.104825
v 2.0463285 -9.225383 7.9944735
v -0.9634361 -10.614054 5.409512
v 0.046328545 -12.725382 7.9944735
v -3.8345299 -7.507608 1.577481
v -3.8345299 -7.507608 1.577481
v 11.568362 -5.842772 0.36728907
v 11.842776 -6.4316387 0.36728907
v 12.000003 -5.999999 4.519633
v 12.431643 -6.157225 0.36728907
v 12.431643 -6.157225 0.36728907
v 12.157228 -5.568357 0.36728907
v 12.000003 -5.999999 4.519633
v 11.568362 -5.842772 0.36728907
v 0.16547012 -11.007608 1.5774801
v -2.0142174 -9.739054 3.976895
v -2.1929283 -10.260537 1.396816
v 1.8070717 -13.760537 1.396816
v 9.693362 -7.07617 0.29697704
v 13.076175 -8.306639 0.2969761
v 14.306643 -4.923827 0.29697704
v 10.923831 -3.693358 0.29697704
v -5.508358 -6.5203037 3.385098
v -5.046444 -8.456827 4.140957
v -2.6274986 -9.316202 4.140957
v 1.2406654 -7.372843 7.104825
v -1.1782799 -6.513468 7.104825
v 13.164064 -3.906249 2.151469
v 10.835939 -8.093748 2.151469
v 10.835939 -8.093749 5.219828
v 13.164064 -3.90625 5.219829
v 14.105472 -7.1445303 2.174906
v 9.894534 -4.8554683 2.174907
v 9.894534 -4.8554683 5.219828
v 14.105472 -7.1445303 5.219828
v 13.643558 -5.208007 2.930766
v 10.356448 -6.791991 2.930766
v 10.356448 -6.791991 5.894633
v 13.643558 -5.208007 5.894633
v 11.224612 -4.348632 2.930766
v 12.775393 -7.651366 2.930766
v 12.775393 -7.651366 5.894632
v 11.224612 -4.348632 5.894633
v -1.9634361 -7.6140537 5.409512
v -0.95367146 -9.725382 7.9944735
v 13.56055 -6.5507803 4.19932
v 10.439456 -5.449217 4.19932
v 10.439456 -5.449218 6.888773
v 13.56055 -6.5507803 6.888773
v 11.449223 -7.560546 4.280375
v 12.550784 -4.439452 4.280375
v 12.550784 -4.439453 6.784282
v 11.449223 -7.560546 6.784281
v -6.0142174 -6.2390537 3.976895
v 10.574223 -8.611327 2.766703
v 14.611331 -7.4257803 2.766703
v 13.425784 -3.388671 2.766704
v 9.388675 -4.5742183 2.766704
v 11.0 -3.5 -0.25
v 11.0 -3.0 -1.0
v 10.0 -3.0 -1.0
v 10.0 -3.499999 -0.25
v 11.0 -4.0 0.0
v 10.0 -4.0 0.0
v 13.0 12.0 -4.812501
v 10.0 12.0 -4.812501
v 10.0 9.0 -4.812501
v 13.0 9.0 -4.812501
v 10.0 10.499999 -0.25
v 13.0 10.499999 -0.25
v 13.0 10.5 -4.812501
v 10.0 10.5 -4.812501
v 11.5 8.999999 -0.25000095
v 11.5 11.999999 -0.25
v 11.5 12.0 -4.812501
v 11.5 9.0 -4.812501
v 13.0 9.0 -3.375001
v 13.0 12.0 -3.375001
v 10.0 12.0 -3.375001
v 10.0 9.0 -3.375001
v 15.967621 3.715167 -1.8942823
v 14.135101 4.36629 0.328619
v 13.919037 6.034746 0.99585485
v 14.960541 3.777423 -0.94286585
v 16.544037 4.534746 0.99585485
v 12.630706 1.6241026 -3.8168893
v 12.630706 1.6241026 -3.8168893
v 11.382079 13.176271 -4.724533
v 11.8237295 13.382082 -4.724533
v 11.499999 13.500002 -1.6102753
v 11.617919 13.823732 -4.724533
v 11.617919 13.823732 -4.724533
v 11.176268 13.617922 -4.724533
v 11.499999 13.500002 -1.6102753
v 11.382079 13.176271 -4.724533
v 15.255706 4.6241026 -3.81689
v 14.304291 2.989337 -2.0173287
v 14.695403 2.8553038 -3.952388
v 17.320404 5.855304 -3.952388
v 12.307127 11.770021 -4.7772675
v 13.229979 14.307131 -4.777268
v 10.69287 15.229982 -4.7772675
v 9.770019 12.692873 -4.7772675
v 11.890228 0.3687315 -2.4611764
v 13.342621 0.71516705 -1.8942823
v 13.987152 2.529376 -1.8942823
v 12.529633 5.430499 0.328619
v 11.885101 3.61629 0.328619
v 9.929687 14.373049 -3.3863983
v 13.070311 12.626955 -3.3863983
v 13.070312 12.626955 -1.0851288
v 9.9296875 14.373049 -1.0851283
v 12.3583975 15.079103 -3.3688204
v 10.641602 11.9209 -3.3688197
v 10.641602 11.9209 -1.0851288
v 12.3583975 15.079103 -1.0851288
v 10.906005 14.732668 -2.8019254
v 12.093993 12.267336 -2.8019254
v 12.093993 12.267336 -0.57902527
v 10.906005 14.732668 -0.57902527
v 10.261474 12.918459 -2.8019254
v 12.738524 14.081545 -2.8019254
v 12.738524 14.081545 -0.5790262
v 10.261474 12.918459 -0.57902527
v 12.710541 3.027423 -0.94286585
v 14.294037 3.7847462 0.99585485
v 11.913085 14.670412 -1.8505101
v 11.086913 12.329592 -1.8505101
v 11.086914 12.329592 0.16657972
v 11.913085 14.670412 0.16657972
v 12.670409 13.086917 -1.7897186
v 10.329589 13.913088 -1.7897186
v 10.32959 13.913088 0.08821154
v 12.670409 13.086917 0.08821058
v 11.679291 -0.0106630325 -2.0173287
v 13.458495 12.430667 -2.9249728
v 12.569335 15.458498 -2.9249728
v 9.541503 14.569338 -2.924972
v 10.430664 11.541506 -2.924972
v 12.001953 -3.498437 -0.25
v 12.001953 -2.998437 -1.0
v 11.001953 -2.998437 -1.0
v 11.001953 -3.498437 -0.25
v 11.501953 -2.998437 -0.25
v 11.001953 -3.998437 -1.0
v 11.501952 -3.998437 -0.25
v 12.001953 -3.998437 0.0
v 11.001953 -3.998437 0.0
v 12.001953 -2.998437 0.0
v 11.5 -2.0 -0.25
v 11.0 -2.0 -1.0
v 11.0 -3.0 -1.0
v 11.499999 -3.0 -0.25
v 12.0 -2.0 0.0
v 12.0 -3.0 0.0
v 12.001953 -1.4988279 -0.25
v 11.251953 -1.2488279 -1.0
v 11.501953 -1.9988279 -0.25
v 12.001953 -0.99882805 -1.0
v 11.001953 -1.9988279 -1.0
v 12.001953 -1.9988279 0.0
v 12.0 3.0 -4.696778
v 12.0 5.0 -4.696778
v 12.0 3.0 -1.4501951
v 12.0 5.0 -1.4501951
v 11.0 3.0 -4.678224
v 13.0 3.0 -4.678224
v 11.0 5.0 -4.678224
v 13.0 5.0 -4.678224
v 11.0 4.0 -4.696778
v 13.0 4.0 -4.696778
v 11.0 4.0 -1.4501951
v 13.0 4.0 -1.4501951
v 11.0 3.0 -1.981446
v 13.0 3.0 -1.981446
v 11.0 5.0 -1.981446
v 13.0 5.0 -1.981446
v 11.0 3.0 -3.437501
v 13.0 3.0 -3.437501
v 11.0 5.0 -3.437501
v 13.0 5.0 -3.437501
v 14.978414 9.476778 -2.9295216
v 13.756735 9.91086 -1.4475875
v 13.612692 11.023165 -1.0027633
v 14.307027 9.518282 -2.295244
v 15.362691 10.023165 -1.0027633
v 12.753804 8.082735 -4.2112594
v 12.753804 8.082735 -4.2112594
v 11.921386 15.784181 -4.8163557
v 12.215819 15.921388 -4.8163557
v 12.0 16.000002 -2.7401836
v 12.078612 16.215822 -4.8163557
v 12.078612 16.215822 -4.8163557
v 11.784179 16.078615 -4.8163557
v 12.0 16.000002 -2.7401836
v 11.921386 15.784181 -4.8163557
v 14.503804 10.082735 -4.21126
v 13.869527 8.992891 -3.0115523
v 14.130268 8.903536 -4.301592
v 15.880268 10.903536 -4.301592
v 12.538085 14.846682 -4.8515115
v 13.153319 16.538088 -4.851512
v 11.461914 17.15332 -4.8515115
v 10.846679 15.461916 -4.8515115
v 12.260152 7.245821 -3.307451
v 13.228414 7.476778 -2.9295216
v 13.658101 8.686251 -2.9295216
v 12.686421 10.620333 -1.4475875
v 12.256734 9.41086 -1.4475875
v 10.953125 16.582033 -3.9242654
v 13.046874 15.41797 -3.9242654
v 13.046875 15.41797 -2.390086
v 10.953125 16.582033 -2.3900855
v 12.572265 17.052736 -3.912547
v 11.427734 14.947268 -3.9125466
v 11.427734 14.947268 -2.390086
v 12.572265 17.052736 -2.390086
v 11.604004 16.82178 -3.534617
v 12.395995 15.178225 -3.534617
v 12.395995 15.178225 -2.0526836
v 11.604004 16.82178 -2.0526836
v 11.174316 15.612306 -3.534617
v 12.825683 16.387697 -3.534617
v 12.825683 16.387697 -2.052684
v 11.174316 15.612306 -2.0526836
v 12.807027 9.018282 -2.295244
v 13.862691 9.523165 -1.0027633
v 12.27539 16.780275 -2.90034
v 11.724608 15.219728 -2.90034
v 11.724609 15.219728 -1.5556135
v 12.27539 16.780275 -1.5556135
v 12.780273 15.724611 -2.8598125
v 11.219727 16.275393 -2.8598125
v 11.219727 16.275393 -1.6078589
v 12.780273 15.724611 -1.6078596
v 12.119527 6.9928913 -3.0115523
v 13.305664 15.287111 -3.6166487
v 12.71289 17.305666 -3.6166487
v 10.694336 16.712893 -3.616648
v 11.287109 14.694338 -3.616648
v 15.978414 -9.523222 2.0704784
v 14.756735 -9.08914 3.5524125
v 14.612692 -7.9768357 3.9972367
v 15.307027 -9.481718 2.704756
v 16.36269 -8.976835 3.9972367
v 13.753804 -10.917265 0.7887405
v 13.753804 -10.917265 0.7887405
v 12.921386 -3.215819 0.18364453
v 13.215819 -3.0786119 0.18364453
v 13.0 -2.9999986 2.2598164
v 13.078612 -2.7841787 0.18364453
v 13.078612 -2.7841787 0.18364453
v 12.784179 -2.9213858 0.18364453
v 13.0 -2.9999986 2.2598164
v 12.921386 -3.215819 0.18364453
v 15.503804 -8.917265 0.78874004
v 14.869527 -10.007109 1.9884475
v 15.130268 -10.096464 0.698408
v 16.880268 -8.096464 0.698408
v 13.538085 -4.153319 0.14848852
v 14.153319 -2.4619126 0.14848804
v 12.461914 -1.8466787 0.14848852
v 11.846679 -3.5380845 0.14848852
v 13.260152 -11.754179 1.692549
v 14.228414 -11.523222 2.0704784
v 14.658101 -10.313749 2.0704784
v 13.686421 -8.379667 3.5524125
v 13.256734 -9.58914 3.5524125
v 11.953125 -2.4179678 1.0757345
v 14.046874 -3.58203 1.0757345
v 14.046875 -3.58203 2.609914
v 11.953125 -2.4179678 2.6099145
v 13.572265 -1.9472642 1.087453
v 12.427734 -4.052733 1.0874535
v 12.427734 -4.052733 2.609914
v 13.572265 -1.9472642 2.609914
v 12.604004 -2.1782212 1.465383
v 13.395995 -3.821776 1.465383
v 13.395995 -3.821776 2.9473164
v 12.604004 -2.1782212 2.9473164
v 12.174316 -3.387694 1.465383
v 13.825683 -2.6123037 1.465383
v 13.825683 -2.6123037 2.947316
v 12.174316 -3.387694 2.9473164
v 13.807027 -9.981718 2.704756
v 14.862691 -9.476835 3.9972367
v 13.27539 -2.2197251 2.09966
v 12.724608 -3.780272 2.09966
v 12.724609 -3.780272 3.4443865
v 13.27539 -2.2197251 3.4443865
v 13.780273 -3.275389 2.1401875
v 12.219727 -2.724608 2.1401875
v 12.219727 -2.724608 3.392141
v 13.780273 -3.275389 3.3921404
v 13.119527 -12.007109 1.9884475
v 14.305664 -3.712889 1.3833514
v 13.71289 -1.6943345 1.3833514
v 11.694336 -2.287108 1.383352
v 12.287109 -4.3056626 1.383352
v 16.0 -1.5 -0.25
v 16.0 -1.0 -1.0
v 12.0 -1.0 -1.0
v 12.0 -1.499999 -0.25
v 16.0 -2.0 0.0
v 12.0 -2.0 0.0
v 14.001953 2.501563 -4.25
v 14.001953 3.001563 -5.0
v 13.001953 3.001563 -5.0
v 13.001953 2.501563 -4.25
v 13.501953 3.001563 -4.25
v 13.001953 2.001563 -5.0
v 13.501952 2.001563 -4.25
v 14.001953 2.001563 -4.0
v 13.001953 2.001563 -4.0
v 14.001953 3.001563 -4.0
v 13.5 11.0 -4.25
v 13.0 11.0 -5.0
v 13.0 3.0 -5.0
v 13.499999 3.0 -4.25
v 14.0 11.0 -4.0
v 14.0 3.0 -4.0
v 13.5 16.0 -4.25
v 13.0 16.0 -5.0
v 13.0 11.0 -5.0
v 13.499999 11.0 -4.25
v 14.0 16.0 -4.0
v 14.0 11.0 -4.0
v 17.978413 -21.523222 2.0704784
v 16.756735 -21.08914 3.5524125
v 16.612692 -19.976835 3.9972367
v 17.307028 -21.481718 2.704756
v 18.36269 -20.976835 3.9972367
v 15.753804 -22.917265 0.7887405
v 15.753804 -22.917265 0.7887405
v 14.921386 -15.215819 0.18364453
v 15.215819 -15.078612 0.18364453
v 15.0 -14.999998 2.2598164
v 15.078612 -14.784179 0.18364453
v 15.078612 -14.784179 0.18364453
v 14.784179 -14.921386 0.18364453
v 15.0 -14.999998 2.2598164
v 14.921386 -15.215819 0.18364453
v 17.503803 -20.917265 0.78874004
v 16.869526 -22.007109 1.9884475
v 17.130268 -22.096464 0.698408
v 18.880268 -20.096464 0.698408
v 15.538085 -16.153318 0.14848852
v 16.15332 -14.461912 0.14848804
v 14.461914 -13.846679 0.14848852
v 13.846679 -15.538084 0.14848852
v 15.260152 -23.754179 1.692549
v 16.228413 -23.523222 2.0704784
v 16.6581 -22.31375 2.0704784
v 15.686421 -20.379667 3.5524125
v 15.256734 -21.58914 3.5524125
v 13.953125 -14.417968 1.0757345
v 16.046875 -15.58203 1.0757345
v 16.046875 -15.58203 2.609914
v 13.953125 -14.417968 2.6099145
v 15.572265 -13.947264 1.087453
v 14.427734 -16.052732 1.0874535
v 14.427734 -16.052732 2.609914
v 15.572265 -13.947264 2.609914
v 14.604004 -14.178221 1.465383
v 15.395995 -15.821775 1.465383
v 15.395995 -15.821775 2.9473164
v 14.604004 -14.178221 2.9473164
v 14.174316 -15.387694 1.465383
v 15.825683 -14.612304 1.465383
v 15.825683 -14.612304 2.947316
v 14.174316 -15.387694 2.9473164
v 15.807027 -21.981718 2.704756
v 16.86269 -21.476835 3.9972367
v 15.27539 -14.219725 2.09966
v 14.724608 -15.780272 2.09966
v 14.724609 -15.780272 3.4443865
v 15.27539 -14.219725 3.4443865
v 15.780273 -15.275389 2.1401875
v 14.219727 -14.724607 2.1401875
v 14.219727 -14.724607 3.392141
v 15.780273 -15.275389 3.3921404
v 15.119527 -24.007109 1.9884475
v 16.305664 -15.712889 1.3833514
v 15.71289 -13.694334 1.3833514
v 13.694336 -14.287107 1.383352
v 14.287109 -16.305662 1.383352
v 14.498828 -12.998047 0.75
v 14.248828 -13.748047 0.0
v 14.998828 -13.498047 0.75
v 13.998828 -12.998047 0.0
v 14.998828 -13.998047 0.0
v 14.998828 -12.998047 1.0
v 14.5 -5.0 0.75
v 14.0 -5.0 0.0
v 14.0 -13.0 0.0
v 14.499999 -13.0 0.75
v 15.0 -5.0 1.0
v 15.0 -13.0 1.0
v 14.5 -3.0 0.75
v 14.0 -3.0 0.0
v 14.0 -5.0 0.0
v 14.499999 -5.0 0.75
v 15.0 -3.0 1.0
v 15.0 -5.0 1.0
v 15.001953 -2.498828 0.75
v 14.251953 -2.248828 0.0
v 14.501953 -2.998828 0.75
v 15.001953 -1.998828 0.0
v 14.001953 -2.998828 0.0
v 15.001953 -2.998828 1.0
v 15.001953 1.5015631 -3.25
v 15.001953 2.001563 -4.0
v 14.001953 2.001563 -4.0
v 14.001953 1.5015631 -3.25
v 14.501953 2.001563 -3.25
v 14.001953 1.0015631 -4.0
v 14.501952 1.0015631 -3.25
v 15.001953 1.0015631 -3.0
v 14.001953 1.0015631 -3.0
v 15.001953 2.001563 -3.0
v 14.5 10.0 -3.25
v 14.0 10.0 -4.0
v 14.0 2.0 -4.0
v 14.499999 2.0 -3.25
v 15.0 10.0 -3.0
v 15.0 2.0 -3.0
v 14.5 16.0 -3.25
v 14.0 16.0 -4.0
v 14.0 10.0 -4.0
v 14.499999 10.0 -3.25
v 15.0 16.0 -3.0
v 15.0 10.0 -3.0
v 15.0 -13.5 0.75
v 15.0 -14.0 0.0
v 16.0 -14.0 0.0
v 15.0 -13.0 1.0
v 16.0 -13.0 1.0
v 16.0 -13.500001 0.75
v 18.978413 -18.523222 2.0704784
v 17.756735 -18.08914 3.5524125
v 17.612692 -16.976835 3.9972367
v 18.307028 -18.481718 2.704756
v 19.36269 -17.976835 3.9972367
v 16.753803 -19.917265 0.7887405
v 16.753803 -19.917265 0.7887405
v 15.921386 -12.215819 0.18364453
v 16.21582 -12.078612 0.18364453
v 16.0 -11.999998 2.2598164
v 16.078613 -11.784179 0.18364453
v 16.078613 -11.784179 0.18364453
v 15.784179 -11.921386 0.18364453
v 16.0 -11.999998 2.2598164
v 15.921386 -12.215819 0.18364453
v 18.503803 -17.917265 0.78874004
v 17.869526 -19.007109 1.9884475
v 18.130268 -19.096464 0.698408
v 19.880268 -17.096464 0.698408
v 16.538086 -13.153318 0.14848852
v 17.15332 -11.461912 0.14848804
v 15.461914 -10.846679 0.14848852
v 14.846679 -12.538084 0.14848852
v 16.260153 -20.754179 1.692549
v 17.228413 -20.523222 2.0704784
v 17.6581 -19.31375 2.0704784
v 16.686422 -17.379667 3.5524125
v 16.256735 -18.58914 3.5524125
v 14.953125 -11.417968 1.0757345
v 17.046875 -12.58203 1.0757345
v 17.046875 -12.58203 2.609914
v 14.953125 -11.417968 2.6099145
v 16.572266 -10.947264 1.087453
v 15.427734 -13.052732 1.0874535
v 15.427734 -13.052732 2.609914
v 16.572266 -10.947264 2.609914
v 15.604004 -11.178221 1.465383
v 16.395996 -12.821775 1.465383
v 16.395996 -12.821775 2.9473164
v 15.604004 -11.178221 2.9473164
v 15.174316 -12.387694 1.465383
v 16.825684 -11.612304 1.465383
v 16.825684 -11.612304 2.947316
v 15.174316 -12.387694 2.9473164
v 16.807028 -18.981718 2.704756
v 17.86269 -18.476835 3.9972367
v 16.27539 -11.219725 2.09966
v 15.724608 -12.780272 2.09966
v 15.724609 -12.780272 3.4443865
v 16.27539 -11.219725 3.4443865
v 16.780273 -12.275389 2.1401875
v 15.219727 -11.724607 2.1401875
v 15.219727 -11.724607 3.392141
v 16.780273 -12.275389 3.3921404
v 16.119528 -21.007109 1.9884475
v 17.305664 -12.712889 1.3833514
v 16.71289 -10.694334 1.3833514
v 14.694336 -11.287107 1.383352
v 15.287109 -13.305662 1.383352
v 18.978413 -16.523222 2.0704784
v 17.756735 -16.08914 3.5524125
v 17.612692 -14.976835 3.9972367
v 18.307028 -16.481718 2.704756
v 19.36269 -15.976835 3.9972367
v 16.753803 -17.917265 0.7887405
v 16.753803 -17.917265 0.7887405
v 15.921386 -10.215819 0.18364453
v 16.21582 -10.078612 0.18364453
v 16.0 -9.999998 2.2598164
v 16.078613 -9.784179 0.18364453
v 16.078613 -9.784179 0.18364453
v 15.784179 -9.921386 0.18364453
v 16.0 -9.999998 2.2598164
v 15.921386 -10.215819 0.18364453
v 18.503803 -15.917265 0.78874004
v 17.869526 -17.007109 1.9884475
v 18.130268 -17.096464 0.698408
v 19.880268 -15.096464 0.698408
v 16.538086 -11.153318 0.14848852
v 17.15332 -9.461912 0.14848804
v 15.461914 -8.846679 0.14848852
v 14.846679 -10.538084 0.14848852
v 16.260153 -18.754179 1.692549
v 17.228413 -18.523222 2.0704784
v 17.6581 -17.31375 2.0704784
v 16.686422 -15.379667 3.5524125
v 16.256735 -16.58914 3.5524125
v 14.953125 -9.417968 1.0757345
v 17.046875 -10.58203 1.0757345
v 17.046875 -10.58203 2.609914
v 14.953125 -9.417968 2.6099145
v 16.572266 -8.947264 1.087453
v 15.427734 -11.052732 1.0874535
v 15.427734 -11.052732 2.609914
v 16.572266 -8.947264 2.609914
v 15.604004 -9.178221 1.465383
v 16.395996 -10.821775 1.465383
v 16.395996 -10.821775 2.9473164
v 15.604004 -9.178221 2.9473164
v 15.174316 -10.387694 1.465383
v 16.825684 -9.612304 1.465383
v 16.825684 -9.612304 2.947316
v 15.174316 -10.387694 2.9473164
v 16.807028 -16.981718 2.704756
v 17.86269 -16.476835 3.9972367
v 16.27539 -9.219725 2.09966
v 15.724608 -10.780272 2.09966
v 15.724609 -10.780272 3.4443865
v 16.27539 -9.219725 3.4443865
v 16.780273 -10.275389 2.1401875
v 15.219727 -9.724607 2.1401875
v 15.219727 -9.724607 3.392141
v 16.780273 -10.275389 3.3921404
v 16.119528 -19.007109 1.9884475
v 17.305664 -10.712889 1.3833514
v 16.71289 -8.694334 1.3833514
v 14.694336 -9.287107 1.383352
v 15.287109 -11.305662 1.383352
v 18.978413 -14.523222 2.0704784
v 17.756735 -14.08914 3.5524125
v 17.612692 -12.976835 3.9972367
v 18.307028 -14.481718 2.704756
v 19.36269 -13.976835 3.9972367
v 16.753803 -15.917265 0.7887405
v 16.753803 -15.917265 0.7887405
v 15.921386 -8.215819 0.18364453
v 16.21582 -8.078612 0.18364453
v 16.0 -7.9999986 2.2598164
v 16.078613 -7.7841787 0.18364453
v 16.078613 -7.7841787 0.18364453
v 15.784179 -7.921386 0.18364453
v 16.0 -7.9999986 2.2598164
v 15.921386 -8.215819 0.18364453
v 18.503803 -13.917265 0.78874004
v 17.869526 -15.007109 1.9884475
v 18.130268 -15.096464 0.698408
v 19.880268 -13.096464 0.698408
v 16.538086 -9.153318 0.14848852
v 17.15332 -7.4619126 0.14848804
v 15.461914 -6.8466787 0.14848852
v 14.846679 -8.538084 0.14848852
v 16.260153 -16.754179 1.692549
v 17.228413 -16.523222 2.0704784
v 17.6581 -15.313749 2.0704784
v 16.686422 -13.379667 3.5524125
v 16.256735 -14.58914 3.5524125
v 14.953125 -7.417968 1.0757345
v 17.046875 -8.58203 1.0757345
v 17.046875 -8.58203 2.609914
v 14.953125 -7.417968 2.6099145
v 16.572266 -6.947264 1.087453
v 15.427734 -9.052732 1.0874535
v 15.427734 -9.052732 2.609914
v 16.572266 -6.947264 2.609914
v 15.604004 -7.178221 1.465383
v 16.395996 -8.821775 1.465383
v 16.395996 -8.821775 2.9473164
v 15.604004 -7.178221 2.9473164
v 15.174316 -8.387694 1.465383
v 16.825684 -7.6123037 1.465383
v 16.825684 -7.6123037 2.947316
v 15.174316 -8.387694 2.9473164
v 16.807028 -14.981718 2.704756
v 17.86269 -14.476835 3.9972367
v 16.27539 -7.219725 2.09966
v 15.724608 -8.780272 2.09966
v 15.724609 -8.780272 3.4443865
v 16.27539 -7.219725 3.4443865
v 16.780273 -8.275389 2.1401875
v 15.219727 -7.724608 2.1401875
v 15.219727 -7.724608 3.392141
v 16.780273 -8.275389 3.3921404
v 16.119528 -17.007109 1.9884475
v 17.305664 -8.712889 1.3833514
v 16.71289 -6.6943345 1.3833514
v 14.694336 -7.287108 1.383352
v 15.287109 -9.305662 1.383352
v 3.953556 -10.956827 4.140957
v 4.82172 -8.513469 7.104825
v 7.0463285 -8.225383 7.9944735
v 4.036564 -9.614054 5.409512
v 5.0463285 -11.725382 7.9944735
v 1.1654701 -6.507608 1.577481
v 1.1654701 -6.507608 1.577481
v 16.568361 -4.842772 0.36728907
v 16.842775 -5.4316387 0.36728907
v 17.000004 -4.999999 4.519633
v 17.431643 -5.157225 0.36728907
v 17.431643 -5.157225 0.36728907
v 17.157228 -4.568357 0.36728907
v 17.000004 -4.999999 4.519633
v 16.568361 -4.842772 0.36728907
v 5.16547 -10.007608 1.5774801
v 2.9857826 -8.739054 3.976895
v 2.8070717 -9.260537 1.396816
v 6.8070717 -12.760537 1.396816
v 14.693362 -6.07617 0.29697704
v 18.076176 -7.3066387 0.2969761
v 19.306643 -3.9238272 0.29697704
v 15.923831 -2.693358 0.29697704
v -0.508358 -5.5203037 3.385098
v -0.04644394 -7.456827 4.140957
v 2.3725014 -8.316202 4.140957
v 6.2406654 -6.372843 7.104825
v 3.8217201 -5.513468 7.104825
v 18.164064 -2.906249 2.151469
v 15.835939 -7.093748 2.151469
v 15.835939 -7.093749 5.219828
v 18.164064 -2.90625 5.219829
v 19.105473 -6.1445303 2.174906
v 14.894534 -3.8554683 2.174907
v 14.894534 -3.8554683 5.219828
v 19.105473 -6.1445303 5.219828
v 18.643559 -4.208007 2.930766
v 15.356448 -5.791991 2.930766
v 15.356448 -5.791991 5.894633
v 18.643559 -4.208007 5.894633
v 16.224611 -3.3486319 2.930766
v 17.775393 -6.651366 2.930766
v 17.775393 -6.651366 5.894632
v 16.224611 -3.3486319 5.894633
v 3.0365639 -6.6140537 5.409512
v 4.0463285 -8.725382 7.9944735
v 18.56055 -5.5507803 4.19932
v 15.439456 -4.449217 4.19932
v 15.439456 -4.449218 6.888773
v 18.56055 -5.5507803 6.888773
v 16.449223 -6.560546 4.280375
v 17.550785 -3.4394522 4.280375
v 17.550785 -3.4394531 6.784282
v 16.449223 -6.560546 6.784281
v -1.0142174 -5.2390537 3.976895
v 15.574223 -7.611327 2.766703
v 19.611332 -6.4257803 2.766703
v 18.425785 -2.388671 2.766704
v 14.388675 -3.5742183 2.766704
v 16.0 -2.5 0.75
v 16.0 -2.0 0.0
v 15.0 -2.0 0.0
v 15.0 -2.499999 0.75
v 16.0 -3.0 1.0
v 15.0 -3.0 1.0
v 16.001953 0.501563 -2.25
v 16.001953 1.001563 -3.0
v 15.001953 1.001563 -3.0
v 15.001953 0.501563 -2.25
v 15.501953 1.001563 -2.25
v 15.001953 0.0015630126 -3.0
v 15.501952 0.0015630126 -2.25
v 16.001953 0.0015630126 -2.0
v 15.001953 0.0015630126 -2.0
v 16.001953 1.001563 -2.0
v 15.5 9.0 -2.25
v 15.0 9.0 -3.0
v 15.0 1.0 -3.0
v 15.499999 1.0 -2.25
v 16.0 9.0 -2.0
v 16.0 1.0 -2.0
v 15.5 15.0 -2.25
v 15.0 15.0 -3.0
v 15.0 9.0 -3.0
v 15.499999 9.0 -2.25
v 16.0 15.0 -2.0
v 16.0 9.0 -2.0
v 16.001953 15.501172 -2.25
v 15.251953 15.751172 -3.0
v 15.501953 15.001172 -2.25
v 16.001953 16.001171 -3.0
v 15.001953 15.001172 -3.0
v 16.001953 15.001172 -2.0
v -3.0 2.0 -3.374999
v -3.0 0.0 -3.374999
v 3.0 0.0 -3.375
v 3.0 2.0 -3.375
v -0.875 3.0 -4.812499
v -2.875 3.0 -4.812499
v -2.875 3.0 -0.68749905
v -0.87499905 3.0 -0.68749905
v -0.875 2.0 -1.406249
v -0.875 4.0 -1.406249
v -2.875 4.0 -1.406249
v -2.875 2.0 -1.406249
v 0.0 3.0 -1.28125
v 0.0 1.0 -1.28125
v 2.0 1.0 -1.28125
v 2.0 3.0 -1.28125
v -2.0 3.0 -1.281249
v -2.0 1.0 -1.281249
v 1.9073486E-6 -1.0 -1.2812481
v 2.000002 -1.0 -1.2812481
v -1.999999 -1.0 -1.2812481
v -2.875 4.0 -3.374999
v -2.875 2.0 -3.374999
v -0.875 2.0 -3.375
v -0.875 4.0 -3.375
v 2.0 1.0 -3.25
v 2.0 3.0 -3.25
v -2.0 3.0 -3.249999
v -2.0 1.0 -3.249999
v 0.0 1.0 -3.25
v 0.0 3.0 -3.25
v 2.25 3.25 -4.875
v 2.0 0.5 -3.5
v 2.0 3.0 -3.5
v 2.25 0.44899416 -4.875
v -2.25 3.25 -4.874999
v -1.5 4.5 -4.875
v 1.5 4.5 -4.875
v -2.25 0.44899416 -4.874999
v -2.0 3.0 -3.499999
v -2.0 0.5 -3.499999
v 2.875 3.0 -4.8125
v 0.875 3.0 -4.8125
v 0.87500095 3.0 -0.6875
v 2.875 3.0 -0.6875
v 1.875 2.0 -4.8125
v 1.875 4.0 -4.8125
v 1.875001 4.0 -0.6875
v 1.875001 2.0 -0.6875
v -1.875 2.0 -4.812499
v -1.875 4.0 -4.812499
v -1.875 4.0 -0.68749905
v -1.875 2.0 -0.68749905
v -1.0 1.0 -4.6875
v -1.0 3.0 -4.6875
v -1.0 3.0 -0.56249905
v -1.0 1.0 -0.56249905
v 2.0 2.0 -4.6875
v -2.0 2.0 -4.687499
v -2.0 2.0 -0.56249905
v 2.000001 2.0 -0.5625
v 0.87500095 4.0 -3.375
v 0.87500095 2.0 -3.375
v 2.875 2.0 -3.375
v 2.875 4.0 -3.375
v 0.875 2.0 -1.40625
v 2.875 2.0 -1.40625
v 2.875 4.0 -1.40625
v 0.875 4.0 -1.40625
v -2.8365488 0.4324999 -5.008218
v 2.4366722 0.4223199 -4.937546
v -2.3823972 0.069618225 -3.456534
v 2.41144 0.06036377 -3.3922858
v 1.9073486E-6 0.0 -0.4999981
v 2.0 0.0 -4.812498
v 0.0 0.0 -4.812498
v 2.000002 0.0 -0.4999981
v 2.000002 2.0 -0.4999981
v 2.0 2.0 -4.812498
v -1.9999981 0.0 -0.4999981
v -1.9999981 2.0 -0.4999981
v -2.0 2.0 -4.812498
v -2.0 0.0 -4.812498
v 1.0000019 -1.0 -0.4999981
v 1.0000019 1.0 -0.4999981
v 1.0 -1.0 -4.812498
v 3.000002 1.0 -0.4999981
v 1.0 1.0 -4.812498
v 3.0 1.0 -4.812498
v -0.9999981 -1.0 -0.4999981
v -1.0 1.0 -4.812498
v -1.0 -1.0 -4.812498
v -0.9999981 1.0 -0.4999981
v -2.999998 1.0 -0.4999981
v -3.0 1.0 -4.812498
v 3.000002 2.0 -1.2812481
v 1.0000019 2.0 -1.2812481
v 3.000002 0.0 -1.2812481
v 1.0 0.0 -1.28125
v 1.0 1.0 -4.6875
v 1.0 3.0 -4.6875
v 1.000001 3.0 -0.5625
v 1.000001 1.0 -0.5625
v -0.99999905 2.0 -1.2812481
v -2.999999 2.0 -1.2812481
v -2.999999 0.0 -1.2812481
v -1.0 0.0 -1.281249
v 1.875 -1.0 -3.175
v 1.875 1.0 -3.175
v -2.124999 1.0 -3.175
v -2.124999 -1.0 -3.175
v -0.125 -1.0 -3.175
v -0.125 1.0 -3.175
v -0.87500095 10.0 -4.95
v -0.87500095 9.5 -4.95
v 0.49999905 10.0 -4.949999
v 0.49999905 9.5 -4.949999
v 1.874999 10.0 -4.949999
v 1.874999 9.5 -4.949999
v -0.875 15.0 -10.0
v -0.87500095 10.0 -4.95
v 0.5 15.0 -10.0
v 0.49999905 10.0 -4.949999
v 1.875 15.0 -9.999999
v 1.874999 10.0 -4.949999
v 2.0 13.499023 -8.999023
v 2.0 15.21875 -9.937499
v 1.999999 10.15625 -4.824999
v 1.999999 9.5 -4.949999
v -1.000001 10.15625 -4.825
v -1.000001 9.5 -4.95
v -0.87500095 9.5 -4.95
v -0.87500095 10.15625 -4.825
v -0.87500095 10.15625 -4.825
v -0.87500095 9.5 -4.95
v -0.875 14.5625 -10.0625
v -0.875 15.21875 -9.9375
v -1.000001 10.15625 -4.825
v -0.87500095 10.15625 -4.825
v -0.875 15.21875 -9.9375
v -1.0 15.21875 -9.9375
v -1.000001 9.5 -4.95
v -1.000001 10.15625 -4.825
v -1.0 15.21875 -9.9375
v -1.0 13.49707 -8.99707
v 1.874999 10.15625 -4.824999
v 1.874999 9.5 -4.949999
v 1.999999 9.5 -4.949999
v 1.999999 10.15625 -4.824999
v 1.875 15.21875 -9.937499
v 1.875 14.5625 -10.062499
v 1.874999 9.5 -4.949999
v 1.874999 10.15625 -4.824999
v 2.0 15.21875 -9.937499
v 1.875 15.21875 -9.937499
v 1.874999 10.15625 -4.824999
v 1.999999 10.15625 -4.824999
v -1.0 13.49707 -8.99707
v -1.0 15.21875 -9.9375
v -1.0 14.5625 -10.0625
v 2.0 14.5625 -10.062499
v 2.0 15.21875 -9.937499
v 2.0 13.499023 -8.999023
v -1.0 13.49707 -8.99707
v -1.0 9.5234375 -9.0
v -1.000001 9.5 -4.95
v -1.0 13.49707 -8.99707
v -1.0 14.5625 -10.0625
v -1.0 9.5234375 -10.0625
v -1.0 9.5234375 -9.0
v 2.0 13.49707 -8.99707
v 2.0 9.5234375 -9.0
v 2.0 9.5 -4.95
v 2.0 13.49707 -8.99707
v 2.0 14.5625 -10.0625
v 2.0 9.5234375 -10.0625
v 2.0 9.5234375 -9.0
v 12.967621 -0.28483295 -1.8942823
v 11.135101 0.3662901 0.328619
v 10.919037 2.0347462 0.99585485
v 11.960541 -0.2225771 -0.94286585
v 13.544036 0.53474617 0.99585485
v 9.630706 -2.3758974 -3.8168893
v 9.630706 -2.3758974 -3.8168893
v 8.382079 9.176271 -4.724533
v 8.8237295 9.382082 -4.724533
v 8.499999 9.500002 -1.6102753
v 8.617919 9.823732 -4.724533
v 8.617919 9.823732 -4.724533
v 8.176268 9.617922 -4.724533
v 8.499999 9.500002 -1.6102753
v 8.382079 9.176271 -4.724533
v 12.255706 0.6241026 -3.81689
v 11.304291 -1.010663 -2.0173287
v 11.695403 -1.1446962 -3.952388
v 14.320403 1.8553038 -3.952388
v 9.307127 7.7700214 -4.7772675
v 10.229979 10.307131 -4.777268
v 7.69287 11.229982 -4.7772675
v 6.7700186 8.692873 -4.7772675
v 8.890228 -3.6312685 -2.4611764
v 10.342621 -3.284833 -1.8942823
v 10.987152 -1.470624 -1.8942823
v 9.529633 1.4304991 0.328619
v 8.885101 -0.3837099 0.328619
v 6.9296865 10.373049 -3.3863983
v 10.070311 8.626955 -3.3863983
v 10.070312 8.626955 -1.0851288
v 6.9296875 10.373049 -1.0851283
v 9.3583975 11.079103 -3.3688204
v 7.641601 7.9209003 -3.3688197
v 7.641601 7.9209003 -1.0851288
v 9.3583975 11.079103 -1.0851288
v 7.906005 10.732668 -2.8019254
v 9.093993 8.267336 -2.8019254
v 9.093993 8.267336 -0.57902527
v 7.906005 10.732668 -0.57902527
v 7.2614737 8.918459 -2.8019254
v 9.738524 10.081545 -2.8019254
v 9.738524 10.081545 -0.5790262
v 7.2614737 8.918459 -0.57902527
v 9.710541 -0.9725771 -0.94286585
v 11.294037 -0.21525383 0.99585485
v 8.913085 10.670412 -1.8505101
v 8.086913 8.329592 -1.8505101
v 8.086914 8.329592 0.16657972
v 8.913085 10.670412 0.16657972
v 9.670409 9.086917 -1.7897186
v 7.329589 9.913088 -1.7897186
v 7.32959 9.913088 0.08821154
v 9.670409 9.086917 0.08821058
v 8.679291 -4.010663 -2.0173287
v 10.458495 8.430667 -2.9249728
v 9.569335 11.458498 -2.9249728
v 6.541503 10.569338 -2.924972
v 7.4306636 7.541506 -2.924972
vt 1.5 2.0
vt 0.0 2.0
vt 0.0 0.0
vt 1.5 0.0
vt 1.0 3.5
vt 0.0 3.5
vt 0.0 2.0
vt 1.0 2.0
vt 1.75 3.75
vt 0.0 3.75
vt 0.0 3.5
vt 1.75 3.5
vt 2.0 4.0
vt 0.0 4.0
vt 0.0 3.75
vt 2.0 3.75
vt 0.0 4.0
vt 2.0 4.0
vt 2.0 4.25
vt 0.0 4.25
vt 2.0 4.5
vt 0.0 4.5
vt 0.0 4.25
vt 2.0 4.25
vt 2.0 6.5
vt 0.0 6.5
vt 0.0 4.5
vt 2.0 4.5
vt 2.0 8.0
vt 0.0 8.0
vt 0.0 6.5
vt 2.0 6.5
vt 1.5 3.0
vt 1.0 3.0
vt 1.0 2.0
vt 1.5 2.0
vt 2.5 3.25
vt 1.0 3.25
vt 1.0 3.0
vt 2.5 3.0
vt 1.75 3.5
vt 1.0 3.5
vt 1.0 3.25
vt 1.75 3.25
vt 3.5 0.75
vt 1.5 0.75
vt 1.5 0.0
vt 3.5 0.0
vt 3.25 1.0
vt 1.5 1.0
vt 1.5 0.75
vt 3.25 0.75
vt 2.25 1.5
vt 1.5 1.5
vt 1.5 1.0
vt 2.25 1.0
vt 3.5 2.75
vt 1.5 2.75
vt 1.5 1.5
vt 3.5 1.5
vt 2.5 3.0
vt 1.5 3.0
vt 1.5 2.75
vt 2.5 2.75
vt 2.75 3.5
vt 1.75 3.5
vt 1.75 3.25
vt 2.75 3.25
vt 2.0 3.75
vt 1.75 3.75
vt 1.75 3.5
vt 2.0 3.5
vt 4.0 3.75
vt 2.0 3.75
vt 2.0 3.5
vt 4.0 3.5
vt 2.0 3.75
vt 2.25 3.75
vt 2.25 4.25
vt 2.0 4.25
vt 2.5 4.5
vt 2.0 4.5
vt 2.0 4.25
vt 2.5 4.25
vt 3.5 6.5
vt 2.0 6.5
vt 2.0 4.5
vt 3.5 4.5
vt 2.25 8.0
vt 2.0 8.0
vt 2.0 6.5
vt 2.25 6.5
vt 2.25 1.5
vt 2.25 1.0
vt 4.25 1.5
vt 4.25 1.0
vt 2.25 4.0
vt 2.25 3.75
vt 4.25 4.0
vt 4.25 3.75
vt 2.25 4.0
vt 2.5 4.0
vt 2.5 4.25
vt 2.25 4.25
vt 3.25 7.5
vt 2.25 7.5
vt 2.25 6.5
vt 3.25 6.5
vt 3.5 8.0
vt 2.25 8.0
vt 2.25 7.5
vt 3.5 7.5
vt 4.5 3.0
vt 2.5 3.0
vt 2.5 2.75
vt 4.5 2.75
vt 2.75 3.25
vt 2.5 3.25
vt 2.5 3.0
vt 2.75 3.0
vt 4.5 4.5
vt 2.5 4.5
vt 2.5 4.0
vt 4.5 4.0
vt 2.75 3.5
vt 2.75 3.0
vt 4.75 3.5
vt 4.75 3.0
vt 3.25 1.0
vt 3.25 0.75
vt 4.75 1.0
vt 4.75 0.75
vt 3.5 7.5
vt 3.25 7.5
vt 3.25 6.5
vt 3.5 6.5
vt 5.5 0.75
vt 3.5 0.75
vt 3.5 0.0
vt 5.5 0.0
vt 5.5 2.5
vt 3.5 2.5
vt 3.5 1.5
vt 5.5 1.5
vt 4.5 2.75
vt 3.5 2.75
vt 3.5 2.5
vt 4.5 2.5
vt 3.5 4.5
vt 5.5 4.5
vt 5.5 4.75
vt 3.5 4.75
vt 7.0 0.96875
vt 0.0 0.96875
vt 0.0 0.03125
vt 7.0 0.03125
vt 6.0 0.96875
vt 0.0 0.96875
vt 0.0 0.03125
vt 6.0 0.03125
vt 0.0 0.0
vt 2.0 0.0
vt 2.0 7.0
vt 0.0 7.0
vt 0.0 0.0
vt 2.0 0.0
vt 2.0 6.0
vt 0.0 6.0
vt 6.0 3.75
vt 4.0 3.75
vt 4.0 3.5
vt 6.0 3.5
vt 5.75 1.5
vt 4.25 1.5
vt 4.25 1.0
vt 5.75 1.0
vt 5.75 4.0
vt 4.25 4.0
vt 4.25 3.75
vt 5.75 3.75
vt 7.0 0.96875
vt 0.0 0.96875
vt 0.0 0.03125
vt 7.0 0.03125
vt 6.0 0.96875
vt 0.0 0.96875
vt 0.0 0.03125
vt 6.0 0.03125
vt 6.5 2.75
vt 4.5 2.75
vt 4.5 2.5
vt 6.5 2.5
vt 5.5 3.0
vt 4.5 3.0
vt 4.5 2.75
vt 5.5 2.75
vt 5.5 4.5
vt 4.5 4.5
vt 4.5 4.0
vt 5.5 4.0
vt 6.5 6.5
vt 4.5 6.5
vt 4.5 4.75
vt 6.5 4.75
vt 4.5 8.0
vt 4.5 6.5
vt 4.75 8.0
vt 4.75 6.5
vt 6.75 1.0
vt 4.75 1.0
vt 4.75 0.75
vt 6.75 0.75
vt 5.25 3.5
vt 4.75 3.5
vt 4.75 3.0
vt 5.25 3.0
vt 6.75 7.5
vt 4.75 7.5
vt 4.75 6.5
vt 6.75 6.5
vt 5.75 8.0
vt 4.75 8.0
vt 4.75 7.5
vt 5.75 7.5
vt 5.5 3.5
vt 5.5 3.0
vt 5.25 3.5
vt 5.25 3.0
vt 7.5 0.75
vt 5.5 0.75
vt 5.5 0.0
vt 7.5 0.0
vt 6.5 2.5
vt 5.5 2.5
vt 5.5 1.5
vt 6.5 1.5
vt 6.5 3.25
vt 5.5 3.25
vt 5.5 2.75
vt 6.5 2.75
vt 5.5 3.5
vt 5.5 3.25
vt 6.25 3.5
vt 6.25 3.25
vt 5.5 4.5
vt 5.5 4.0
vt 5.75 4.5
vt 5.75 4.0
vt 5.5 4.5
vt 7.5 4.5
vt 7.5 4.75
vt 5.5 4.75
vt 7.75 1.5
vt 5.75 1.5
vt 5.75 1.0
vt 7.75 1.0
vt 5.75 4.25
vt 6.0 3.75
vt 6.0 4.25
vt 5.75 3.75
vt 5.75 4.25
vt 7.75 4.25
vt 7.75 4.5
vt 5.75 4.5
vt 7.5 8.0
vt 7.5 7.5
vt 5.75 8.0
vt 5.75 7.5
vt 6.0 4.0
vt 6.0 3.5
vt 6.25 4.0
vt 6.25 3.5
vt 6.0 4.0
vt 8.0 4.0
vt 8.0 4.25
vt 6.0 4.25
vt 7.0 3.75
vt 7.0 3.25
vt 6.25 3.75
vt 6.25 3.25
vt 8.0 4.0
vt 8.0 3.75
vt 6.25 4.0
vt 6.25 3.75
vt 8.0 3.0
vt 6.5 3.0
vt 6.5 1.5
vt 8.0 1.5
vt 7.0 3.25
vt 6.5 3.25
vt 6.5 3.0
vt 7.0 3.0
vt 7.5 6.5
vt 6.5 6.5
vt 6.5 4.75
vt 7.5 4.75
vt 8.0 1.0
vt 8.0 0.75
vt 6.75 1.0
vt 6.75 0.75
vt 7.5 7.5
vt 7.5 6.5
vt 6.75 7.5
vt 6.75 6.5
vt 8.0 3.5
vt 7.0 3.5
vt 7.0 3.0
vt 8.0 3.0
vt 8.0 3.75
vt 7.0 3.75
vt 7.0 3.5
vt 8.0 3.5
vt 8.0 0.75
vt 7.5 0.75
vt 7.5 0.0
vt 8.0 0.0
vt 7.5 6.5
vt 7.5 4.5
vt 7.75 6.5
vt 7.75 4.5
vt 7.5 8.0
vt 7.5 6.5
vt 7.75 8.0
vt 7.75 6.5
vt 8.0 1.5
vt 8.0 1.0
vt 7.75 1.5
vt 7.75 1.0
vt 7.75 6.25
vt 7.75 4.25
vt 8.0 6.25
vt 8.0 4.25
vt 8.0 8.0
vt 7.75 6.25
vt 7.75 8.0
vt 8.0 6.25
vt 0.0 0.0
vt 1.0 0.0
vt 1.0 1.0
vt 0.0 1.0
vt 0.0 0.0
vt 1.0 0.0
vt 1.0 1.0
vt 0.0 1.0
vt 0.0 0.0
vt 1.0 0.0
vt 1.0 1.0
vt 0.0 1.0
vt 0.0 0.0
vt 1.0 0.0
vt 1.0 1.0
vt 0.0 1.0
vt 0.0 0.0
vt 1.0 0.0
vt 1.0 1.0
vt 0.0 1.0
vt 0.0 -1.0
vt -1.0 -1.0
vt -1.0 -2.0
vt 0.0 -2.0
vt 0.0 0.0
vt 0.0 -1.0
vt -1.0 -1.0
vt -1.0 0.0
vt 0.0 0.0
vt -1.0 0.0
vt -1.0 -1.0
vt 0.0 -1.0
vt 0.0 -2.0
vt 0.0 -1.0
vt -1.0 -1.0
vt -1.0 -2.0
vt 0.0 0.0
vt 1.0 0.0
vt 1.0 1.0
vt 0.0 1.0
vt 0.0 0.0
vt 1.0 0.0
vt 1.0 1.0
vt 0.0 1.0
vt 0.0 0.0
vt 1.0 0.0
vt 1.0 1.0
vt 0.0 1.0
vt 0.0 0.0
vt 1.0 0.0
vt 1.0 1.0
vt 0.0 1.0
vt 0.0 0.0
vt 1.0 0.0
vt 1.0 1.0
vt 0.0 1.0
vt 0.0 0.0
vt 1.0 0.0
vt 1.0 1.0
vt 0.0 1.0
vt 0.0 0.0
vt 1.0 0.0
vt 1.0 1.0
vt 0.0 1.0
vt 0.0 0.0
vt 1.0 0.0
vt 1.0 1.0
vt 0.0 1.0
vt 0.0 0.0
vt 1.0 0.0
vt 1.0 1.0
vt 0.0 1.0
vt 0.0 0.0
vt 1.0 0.0
vt 1.0 1.0
vt 0.0 1.0
vt 0.0 0.0
vt 0.0 -1.0
vt 4.0 -1.0
vt 4.0 0.0
vt 0.0 -6.0E-5
vt 0.0 -1.0
vt 4.000212 -1.0
vt 4.000012 -6.0E-5
vt 0.0 0.0
vt 0.0 -1.0
vt 7.0 -1.0
vt 7.0 0.0
vt 0.0 -6.0E-5
vt 0.0 -1.0
vt 7.0003715 -1.0
vt 7.000021 -6.0E-5
vt 0.0 0.0
vt 0.0 -1.0
vt 8.0 -1.0
vt 8.0 0.0
vt 0.0 -6.0E-5
vt 0.0 -1.0
vt 8.000424 -1.0
vt 8.000024 -6.0E-5
vt 0.0 0.0
vt 0.0 -1.0
vt 8.0 -1.0
vt 8.0 0.0
vt 0.0 -6.0E-5
vt 0.0 -1.0
vt 8.000424 -1.0
vt 8.000024 -6.0E-5
vt 0.0 0.0
vt 0.0 -1.0
vt 1.0 -1.0
vt 1.0 0.0
vt 0.0 0.0
vt 0.0 -1.0
vt 1.0 -1.0
vt 1.0 0.0
vt 5.3E-5 0.0
vt 5.4E-5 -0.999978
vt 1.000053 -0.999978
vt 1.000003 0.0
vt 5.3E-5 0.0
vt 5.4E-5 -0.999978
vt 1.000053 -0.999978
vt 1.000003 0.0
vt 0.0 0.0
vt 0.0 -1.0
vt 1.0 -1.0
vt 1.0 0.0
vt 0.0 -6.0E-5
vt 0.0 -1.0
vt 1.000053 -1.0
vt 1.000003 -6.0E-5
vt 0.0 0.0
vt 0.5 -1.0
vt 1.0 0.0
vt 0.0 -1.0
vt 1.0 -1.0
vt 0.500579 -8.2E-5
vt 0.0 -0.999918
vt 1.0 -0.999918
vt 0.0 -1.0
vt -1.0 -1.0
vt -1.0 -2.0
vt 0.0 -2.0
vt 0.0 0.0
vt 0.0 -1.0
vt -1.0 -1.0
vt -1.0 0.0
vt 0.0 0.0
vt -1.0 0.0
vt -1.0 -1.0
vt 0.0 -1.0
vt 0.0 -2.0
vt 0.0 -1.0
vt -1.0 -1.0
vt -1.0 -2.0
vt 0.0 -1.0
vt -1.0 -1.0
vt -1.0 -2.0
vt 0.0 -2.0
vt 0.0 0.0
vt 0.0 -1.0
vt -1.0 -1.0
vt -1.0 0.0
vt 0.0 0.0
vt -1.0 0.0
vt -1.0 -1.0
vt 0.0 -1.0
vt 0.0 -2.0
vt 0.0 -1.0
vt -1.0 -1.0
vt -1.0 -2.0
vt 0.0 0.0
vt 0.0 -1.0
vt 8.0 -1.0
vt 8.0 0.0
vt 0.0 -6.0E-5
vt 0.0 -1.0
vt 8.000424 -1.0
vt 8.000024 -6.0E-5
vt 0.0 0.0
vt 1.0 0.0
vt 1.0 1.0
vt 0.0 1.0
vt 0.0 0.0
vt 1.0 0.0
vt 1.0 1.0
vt 0.0 1.0
vt 0.0 0.0
vt 1.0 0.0
vt 1.0 1.0
vt 0.0 1.0
vt 0.0 0.0
vt 1.0 0.0
vt 1.0 1.0
vt 0.0 1.0
vt 0.0 0.0
vt 1.0 0.0
vt 1.0 1.0
vt 0.0 1.0
vt 0.0 -1.0
vt -1.0 -1.0
vt -1.0 -2.0
vt 0.0 -2.0
vt 0.0 0.0
vt 0.0 -1.0
vt -1.0 -1.0
vt -1.0 0.0
vt 0.0 0.0
vt -1.0 0.0
vt -1.0 -1.0
vt 0.0 -1.0
vt 0.0 -2.0
vt 0.0 -1.0
vt -1.0 -1.0
vt -1.0 -2.0
vt 0.0 -1.0
vt -1.0 -1.0
vt -1.0 -2.0
vt 0.0 -2.0
vt 0.0 0.0
vt 0.0 -1.0
vt -1.0 -1.0
vt -1.0 0.0
vt 0.0 0.0
vt -1.0 0.0
vt -1.0 -1.0
vt 0.0 -1.0
vt 0.0 -2.0
vt 0.0 -1.0
vt -1.0 -1.0
vt -1.0 -2.0
vt 0.0 -1.0
vt -1.0 -1.0
vt -1.0 -2.0
vt 0.0 -2.0
vt 0.0 0.0
vt 0.0 -1.0
vt -1.0 -1.0
vt -1.0 0.0
vt 0.0 0.0
vt -1.0 0.0
vt -1.0 -1.0
vt 0.0 -1.0
vt 0.0 -2.0
vt 0.0 -1.0
vt -1.0 -1.0
vt -1.0 -2.0
vt 0.0 0.0
vt 1.0 0.0
vt 1.0 1.0
vt 0.0 1.0
vt 0.0 0.0
vt 1.0 0.0
vt 1.0 1.0
vt 0.0 1.0
vt 0.0 0.0
vt 1.0 0.0
vt 1.0 1.0
vt 0.0 1.0
vt 0.0 0.0
vt 1.0 0.0
vt 1.0 1.0
vt 0.0 1.0
vt 0.0 0.0
vt 1.0 0.0
vt 1.0 1.0
vt 0.0 1.0
vt 0.0 -1.0
vt -1.0 -1.0
vt -1.0 -2.0
vt 0.0 -2.0
vt 0.0 0.0
vt 0.0 -1.0
vt -1.0 -1.0
vt -1.0 0.0
vt 0.0 0.0
vt -1.0 0.0
vt -1.0 -1.0
vt 0.0 -1.0
vt 0.0 -2.0
vt 0.0 -1.0
vt -1.0 -1.0
vt -1.0 -2.0
vt 0.0 0.0
vt 1.0 0.0
vt 1.0 1.0
vt 0.0 1.0
vt 0.0 0.0
vt 1.0 0.0
vt 1.0 1.0
vt 0.0 1.0
vt 0.0 0.0
vt 1.0 0.0
vt 1.0 1.0
vt 0.0 1.0
vt 0.0 0.0
vt 1.0 0.0
vt 1.0 1.0
vt 0.0 1.0
vt 0.0 0.0
vt 1.0 0.0
vt 1.0 1.0
vt 0.0 1.0
vt 0.0 -1.0
vt -1.0 -1.0
vt -1.0 -2.0
vt 0.0 -2.0
vt 0.0 0.0
vt 0.0 -1.0
vt -1.0 -1.0
vt -1.0 0.0
vt 0.0 0.0
vt -1.0 0.0
vt -1.0 -1.0
vt 0.0 -1.0
vt 0.0 -2.0
vt 0.0 -1.0
vt -1.0 -1.0
vt -1.0 -2.0
vt 0.0 -1.0
vt -1.0 -1.0
vt -1.0 -2.0
vt 0.0 -2.0
vt 0.0 0.0
vt 0.0 -1.0
vt -1.0 -1.0
vt -1.0 0.0
vt 0.0 0.0
vt -1.0 0.0
vt -1.0 -1.0
vt 0.0 -1.0
vt 0.0 -2.0
vt 0.0 -1.0
vt -1.0 -1.0
vt -1.0 -2.0
vt 0.0 0.0
vt 1.0 0.0
vt 1.0 1.0
vt 0.0 1.0
vt 0.0 0.0
vt 1.0 0.0
vt 1.0 1.0
vt 0.0 1.0
vt 0.0 0.0
vt 1.0 0.0
vt 1.0 1.0
vt 0.0 1.0
vt 0.0 0.0
vt 1.0 0.0
vt 1.0 1.0
vt 0.0 1.0
vt 0.0 0.0
vt 1.0 0.0
vt 1.0 1.0
vt 0.0 1.0
vt 0.0 0.0
vt 0.0 -1.0
vt 1.0 -1.0
vt 1.0 0.0
vt 0.0 0.0
vt 0.0 -1.0
vt 1.0 -1.0
vt 1.0 0.0
vt 5.3E-5 0.0
vt 5.4E-5 -0.999978
vt 1.000053 -0.999978
vt 1.000003 0.0
vt 5.3E-5 0.0
vt 5.4E-5 -0.999978
vt 1.000053 -0.999978
vt 1.000003 0.0
vt 0.0 0.0
vt 0.0 -1.0
vt 1.0 -1.0
vt 1.0 0.0
vt 0.0 -6.0E-5
vt 0.0 -1.0
vt 1.000053 -1.0
vt 1.000003 -6.0E-5
vt 0.0 0.0
vt 0.5 -1.0
vt 1.0 0.0
vt 0.0 -1.0
vt 1.0 -1.0
vt 0.500579 -8.2E-5
vt 0.0 -0.999918
vt 1.0 -0.999918
vt 0.0 -1.0
vt -1.0 -1.0
vt -1.0 -2.0
vt 0.0 -2.0
vt 0.0 0.0
vt 0.0 -1.0
vt -1.0 -1.0
vt -1.0 0.0
vt 0.0 0.0
vt -1.0 0.0
vt -1.0 -1.0
vt 0.0 -1.0
vt 0.0 -2.0
vt 0.0 -1.0
vt -1.0 -1.0
vt -1.0 -2.0
vt 0.0 0.0
vt 0.0 -1.0
vt 1.0 -1.0
vt 1.0 0.0
vt 0.0 -6.0E-5
vt 0.0 -1.0
vt 1.000053 -1.0
vt 1.000003 -6.0E-5
vt 0.0 0.0
vt 1.0 0.0
vt 1.0 1.0
vt 0.0 1.0
vt 0.0 0.0
vt 1.0 0.0
vt 1.0 1.0
vt 0.0 1.0
vt 0.0 0.0
vt 1.0 0.0
vt 1.0 1.0
vt 0.0 1.0
vt 0.0 0.0
vt 1.0 0.0
vt 1.0 1.0
vt 0.0 1.0
vt 0.0 0.0
vt 1.0 0.0
vt 1.0 1.0
vt 0.0 1.0
vt 0.0 0.0
vt 1.0 0.0
vt 1.0 1.0
vt 0.0 1.0
vt 0.0 0.0
vt 1.0 0.0
vt 1.0 1.0
vt 0.0 1.0
vt 0.0 0.0
vt 1.0 0.0
vt 1.0 1.0
vt 0.0 1.0
vt 0.0 0.0
vt 1.0 0.0
vt 1.0 1.0
vt 0.0 1.0
vt 0.0 0.0
vt 1.0 0.0
vt 1.0 1.0
vt 0.0 1.0
vt 0.0 -1.0
vt -1.0 -1.0
vt -1.0 -2.0
vt 0.0 -2.0
vt 0.0 0.0
vt 0.0 -1.0
vt -1.0 -1.0
vt -1.0 0.0
vt 0.0 0.0
vt -1.0 0.0
vt -1.0 -1.0
vt 0.0 -1.0
vt 0.0 -2.0
vt 0.0 -1.0
vt -1.0 -1.0
vt -1.0 -2.0
vt 0.0 -1.0
vt -1.0 -1.0
vt -1.0 -2.0
vt 0.0 -2.0
vt 0.0 0.0
vt 0.0 -1.0
vt -1.0 -1.0
vt -1.0 0.0
vt 0.0 0.0
vt -1.0 0.0
vt -1.0 -1.0
vt 0.0 -1.0
vt 0.0 -2.0
vt 0.0 -1.0
vt -1.0 -1.0
vt -1.0 -2.0
vt 0.0 -1.0
vt -1.0 -1.0
vt -1.0 -2.0
vt 0.0 -2.0
vt 0.0 0.0
vt 0.0 -1.0
vt -1.0 -1.0
vt -1.0 0.0
vt 0.0 0.0
vt -1.0 0.0
vt -1.0 -1.0
vt 0.0 -1.0
vt 0.0 -2.0
vt 0.0 -1.0
vt -1.0 -1.0
vt -1.0 -2.0
vt 0.0 0.0
vt 0.0 -1.0
vt 1.0 -1.0
vt 1.0 0.0
vt 0.0 0.0
vt 0.0 -1.0
vt 1.0 -1.0
vt 1.0 0.0
vt 5.3E-5 0.0
vt 5.4E-5 -0.999978
vt 1.000053 -0.999978
vt 1.000003 0.0
vt 5.3E-5 0.0
vt 5.4E-5 -0.999978
vt 1.000053 -0.999978
vt 1.000003 0.0
vt 0.0 0.0
vt 0.0 -1.0
vt 5.0 -1.0
vt 5.0 0.0
vt 0.0 -6.0E-5
vt 0.0 -1.0
vt 5.000265 -1.0
vt 5.000015 -6.0E-5
vt 0.0 0.0
vt 0.5 -1.0
vt 1.0 0.0
vt 0.0 -1.0
vt 1.0 -1.0
vt 0.500579 -8.2E-5
vt 0.0 -0.999918
vt 1.0 -0.999918
vt 0.0 -1.0
vt -1.0 -1.0
vt -1.0 -2.0
vt 0.0 -2.0
vt 0.0 0.0
vt 0.0 -1.0
vt -1.0 -1.0
vt -1.0 0.0
vt 0.0 0.0
vt -1.0 0.0
vt -1.0 -1.0
vt 0.0 -1.0
vt 0.0 -2.0
vt 0.0 -1.0
vt -1.0 -1.0
vt -1.0 -2.0
vt 0.0 -1.0
vt -1.0 -1.0
vt -1.0 -2.0
vt 0.0 -2.0
vt 0.0 0.0
vt 0.0 -1.0
vt -1.0 -1.0
vt -1.0 0.0
vt 0.0 0.0
vt -1.0 0.0
vt -1.0 -1.0
vt 0.0 -1.0
vt 0.0 -2.0
vt 0.0 -1.0
vt -1.0 -1.0
vt -1.0 -2.0
vt 0.0 0.0
vt 0.0 -1.0
vt 2.0 -1.0
vt 2.0 0.0
vt 0.0 -6.0E-5
vt 0.0 -1.0
vt 2.000106 -1.0
vt 2.000006 -6.0E-5
vt 0.0 -1.0
vt -1.0 -1.0
vt -1.0 -2.0
vt 0.0 -2.0
vt 0.0 0.0
vt 0.0 -1.0
vt -1.0 -1.0
vt -1.0 0.0
vt 0.0 0.0
vt -1.0 0.0
vt -1.0 -1.0
vt 0.0 -1.0
vt 0.0 -2.0
vt 0.0 -1.0
vt -1.0 -1.0
vt -1.0 -2.0
vt 0.0 -1.0
vt -1.0 -1.0
vt -1.0 -2.0
vt 0.0 -2.0
vt 0.0 0.0
vt 0.0 -1.0
vt -1.0 -1.0
vt -1.0 0.0
vt 0.0 0.0
vt -1.0 0.0
vt -1.0 -1.0
vt 0.0 -1.0
vt 0.0 -2.0
vt 0.0 -1.0
vt -1.0 -1.0
vt -1.0 -2.0
vt 0.0 0.0
vt 0.0 -1.0
vt 1.0 -1.0
vt 1.0 0.0
vt 0.0 0.0
vt 0.0 -1.0
vt 1.0 -1.0
vt 1.0 0.0
vt 5.3E-5 0.0
vt 5.4E-5 -0.999978
vt 1.000053 -0.999978
vt 1.000003 0.0
vt 5.3E-5 0.0
vt 5.4E-5 -0.999978
vt 1.000053 -0.999978
vt 1.000003 0.0
vt 0.0 0.0
vt 0.0 -1.0
vt 1.0 -1.0
vt 1.0 0.0
vt 0.0 -6.0E-5
vt 0.0 -1.0
vt 1.000053 -1.0
vt 1.000003 -6.0E-5
vt 0.0 0.0
vt 0.5 -1.0
vt 1.0 0.0
vt 0.0 -1.0
vt 1.0 -1.0
vt 0.500579 -8.2E-5
vt 0.0 -0.999918
vt 1.0 -0.999918
vt 0.0 -1.0
vt -1.0 -1.0
vt -1.0 -2.0
vt 0.0 -2.0
vt 0.0 0.0
vt 0.0 -1.0
vt -1.0 -1.0
vt -1.0 0.0
vt 0.0 0.0
vt -1.0 0.0
vt -1.0 -1.0
vt 0.0 -1.0
vt 0.0 -2.0
vt 0.0 -1.0
vt -1.0 -1.0
vt -1.0 -2.0
vt 0.0 0.0
vt 1.0 0.0
vt 1.0 1.0
vt 0.0 1.0
vt 0.0 0.0
vt 1.0 0.0
vt 1.0 1.0
vt 0.0 1.0
vt 0.0 0.0
vt 1.0 0.0
vt 1.0 1.0
vt 0.0 1.0
vt 0.0 0.0
vt 1.0 0.0
vt 1.0 1.0
vt 0.0 1.0
vt 0.0 0.0
vt 1.0 0.0
vt 1.0 1.0
vt 0.0 1.0
vt 0.0 0.0
vt 0.0 -1.0
vt 2.0 -1.0
vt 2.0 0.0
vt 0.0 -6.0E-5
vt 0.0 -1.0
vt 2.000106 -1.0
vt 2.000006 -6.0E-5
vt 0.0 0.0
vt 0.0 -1.0
vt 1.0 -1.0
vt 1.0 0.0
vt 0.0 0.0
vt 0.0 -1.0
vt 1.0 -1.0
vt 1.0 0.0
vt 5.3E-5 0.0
vt 5.4E-5 -0.999978
vt 1.000053 -0.999978
vt 1.000003 0.0
vt 5.3E-5 0.0
vt 5.4E-5 -0.999978
vt 1.000053 -0.999978
vt 1.000003 0.0
vt 0.0 0.0
vt 0.0 -1.0
vt 1.0 -1.0
vt 1.0 0.0
vt 0.0 -6.0E-5
vt 0.0 -1.0
vt 1.000053 -1.0
vt 1.000003 -6.0E-5
vt 0.0 0.0
vt 0.5 -1.0
vt 1.0 0.0
vt 0.0 -1.0
vt 1.0 -1.0
vt 0.500579 -8.2E-5
vt 0.0 -0.999918
vt 1.0 -0.999918
vt 0.0 0.0
vt 0.0 -1.0
vt 1.0 -1.0
vt 1.0 0.0
vt 0.0 -6.0E-5
vt 0.0 -1.0
vt 1.000053 -1.0
vt 1.000003 -6.0E-5
vt 0.0 -1.0
vt -1.0 -1.0
vt -1.0 -2.0
vt 0.0 -2.0
vt 0.0 0.0
vt 0.0 -1.0
vt -1.0 -1.0
vt -1.0 0.0
vt 0.0 0.0
vt -1.0 0.0
vt -1.0 -1.0
vt 0.0 -1.0
vt 0.0 -2.0
vt 0.0 -1.0
vt -1.0 -1.0
vt -1.0 -2.0
vt 0.0 0.0
vt 0.0 -1.0
vt 1.0 -1.0
vt 1.0 0.0
vt 0.0 0.0
vt 0.0 -1.0
vt 1.0 -1.0
vt 1.0 0.0
vt 5.3E-5 0.0
vt 5.4E-5 -0.999978
vt 1.000053 -0.999978
vt 1.000003 0.0
vt 5.3E-5 0.0
vt 5.4E-5 -0.999978
vt 1.000053 -0.999978
vt 1.000003 0.0
vt 0.0 0.0
vt 0.0 -1.0
vt 1.0 -1.0
vt 1.0 0.0
vt 0.0 -6.0E-5
vt 0.0 -1.0
vt 1.000053 -1.0
vt 1.000003 -6.0E-5
vt 0.0 0.0
vt 0.5 -1.0
vt 1.0 0.0
vt 0.0 -1.0
vt 1.0 -1.0
vt 0.500579 -8.2E-5
vt 0.0 -0.999918
vt 1.0 -0.999918
vt 0.0 0.0
vt 0.0 -1.0
vt 2.0 -1.0
vt 2.0 0.0
vt 0.0 -6.0E-5
vt 0.0 -1.0
vt 2.000106 -1.0
vt 2.000006 -6.0E-5
vt 0.0 0.0
vt 0.0 -1.0
vt 1.0 -1.0
vt 1.0 0.0
vt 0.0 0.0
vt 0.0 -1.0
vt 1.0 -1.0
vt 1.0 0.0
vt 5.3E-5 0.0
vt 5.4E-5 -0.999978
vt 1.000053 -0.999978
vt 1.000003 0.0
vt 5.3E-5 0.0
vt 5.4E-5 -0.999978
vt 1.000053 -0.999978
vt 1.000003 0.0
vt 0.0 0.0
vt 0.0 -1.0
vt 1.0 -1.0
vt 1.0 0.0
vt 0.0 -6.0E-5
vt 0.0 -1.0
vt 1.000053 -1.0
vt 1.000003 -6.0E-5
vt 0.0 0.0
vt 0.5 -1.0
vt 1.0 0.0
vt 0.0 -1.0
vt 1.0 -1.0
vt 0.500579 -8.2E-5
vt 0.0 -0.999918
vt 1.0 -0.999918
vt 0.0 0.0
vt 0.0 -1.0
vt 1.0 -1.0
vt 1.0 0.0
vt 0.0 -6.0E-5
vt 0.0 -1.0
vt 1.000053 -1.0
vt 1.000003 -6.0E-5
vt 0.0 -1.0
vt -1.0 -1.0
vt -1.0 -2.0
vt 0.0 -2.0
vt 0.0 0.0
vt 0.0 -1.0
vt -1.0 -1.0
vt -1.0 0.0
vt 0.0 0.0
vt -1.0 0.0
vt -1.0 -1.0
vt 0.0 -1.0
vt 0.0 -2.0
vt 0.0 -1.0
vt -1.0 -1.0
vt -1.0 -2.0
vt 0.0 -1.0
vt -1.0 -1.0
vt -1.0 -2.0
vt 0.0 -2.0
vt 0.0 0.0
vt 0.0 -1.0
vt -1.0 -1.0
vt -1.0 0.0
vt 0.0 0.0
vt -1.0 0.0
vt -1.0 -1.0
vt 0.0 -1.0
vt 0.0 -2.0
vt 0.0 -1.0
vt -1.0 -1.0
vt -1.0 -2.0
vt 0.0 0.0
vt 0.0 -1.0
vt 1.0 -1.0
vt 1.0 0.0
vt 0.0 0.0
vt 0.0 -1.0
vt 1.0 -1.0
vt 1.0 0.0
vt 5.3E-5 2.2E-5
vt 5.4E-5 -0.999978
vt 1.000053 -0.999978
vt 1.000003 -1.42E-4
vt 5.3E-5 2.2E-5
vt 5.4E-5 -0.999978
vt 1.000053 -0.999978
vt 1.000003 -1.42E-4
vt 0.001343 0.001992
vt 1.00034 0.001992
vt 1.00034 0.998008
vt 0.001343 0.998008
vt -0.0 0.001992
vt 1.0 0.001992
vt 1.0 0.998008
vt -0.0 0.998008
vt 0.0 0.0
vt 0.0 -1.0
vt 1.0 -1.0
vt 1.0 0.0
vt 5.3E-5 2.2E-5
vt 5.4E-5 -0.999978
vt 1.000053 -0.999978
vt 1.000003 -1.42E-4
vt 0.0 0.001992
vt 1.0 0.001992
vt 1.0 0.998008
vt 0.0 0.998008
vt 0.0 0.0
vt 0.0 -1.0
vt 3.0 -1.0
vt 3.0 0.0
vt 0.0 -6.0E-5
vt 0.0 -1.0
vt 3.0001593 -1.0
vt 3.000009 -6.0E-5
vt 0.0 -1.0
vt -1.0 -1.0
vt -1.0 -2.0
vt 0.0 -2.0
vt 0.0 0.0
vt 0.0 -1.0
vt -1.0 -1.0
vt -1.0 0.0
vt 0.0 0.0
vt -1.0 0.0
vt -1.0 -1.0
vt 0.0 -1.0
vt 0.0 -2.0
vt 0.0 -1.0
vt -1.0 -1.0
vt -1.0 -2.0
vt 0.0 0.0
vt 1.0 0.0
vt 1.0 1.0
vt 0.0 1.0
vt 0.0 0.0
vt 1.0 0.0
vt 1.0 1.0
vt 0.0 1.0
vt 0.0 0.0
vt 1.0 0.0
vt 1.0 1.0
vt 0.0 1.0
vt 0.0 0.0
vt 1.0 0.0
vt 1.0 1.0
vt 0.0 1.0
vt 0.0 0.0
vt 1.0 0.0
vt 1.0 1.0
vt 0.0 1.0
vt 0.0 0.0
vt 0.0 -1.0
vt 1.0 -1.0
vt 1.0 0.0
vt 0.0 0.0
vt 0.0 -1.0
vt 1.0 -1.0
vt 1.0 0.0
vt 5.3E-5 0.0
vt 5.4E-5 -0.999978
vt 1.000053 -0.999978
vt 1.000003 0.0
vt 5.3E-5 0.0
vt 5.4E-5 -0.999978
vt 1.000053 -0.999978
vt 1.000003 0.0
vt 0.0 0.0
vt 0.0 -1.0
vt 1.0 -1.0
vt 1.0 0.0
vt 0.0 -6.0E-5
vt 0.0 -1.0
vt 1.000053 -1.0
vt 1.000003 -6.0E-5
vt 0.0 0.0
vt 0.5 -1.0
vt 1.0 0.0
vt 0.0 -1.0
vt 1.0 -1.0
vt 0.500579 -8.2E-5
vt 0.0 -0.999918
vt 1.0 -0.999918
vt 0.0 0.0
vt 0.0 -1.0
vt 8.0 -1.0
vt 8.0 0.0
vt 0.0 -6.0E-5
vt 0.0 -1.0
vt 8.000424 -1.0
vt 8.000024 -6.0E-5
vt 0.0 0.0
vt 0.0 -1.0
vt 1.0 -1.0
vt 1.0 0.0
vt 0.0 0.0
vt 0.0 -1.0
vt 1.0 -1.0
vt 1.0 0.0
vt 5.3E-5 0.0
vt 5.4E-5 -0.999978
vt 1.000053 -0.999978
vt 1.000003 0.0
vt 5.3E-5 0.0
vt 5.4E-5 -0.999978
vt 1.000053 -0.999978
vt 1.000003 0.0
vt 0.0 0.0
vt 0.0 -1.0
vt 1.0 -1.0
vt 1.0 0.0
vt 0.0 -6.0E-5
vt 0.0 -1.0
vt 1.000053 -1.0
vt 1.000003 -6.0E-5
vt 0.0 0.0
vt 0.5 -1.0
vt 1.0 0.0
vt 0.0 -1.0
vt 1.0 -1.0
vt 0.500579 -8.2E-5
vt 0.0 -0.999918
vt 1.0 -0.999918
vt 0.0 -1.0
vt -1.0 -1.0
vt -1.0 -2.0
vt 0.0 -2.0
vt 0.0 0.0
vt 0.0 -1.0
vt -1.0 -1.0
vt -1.0 0.0
vt 0.0 0.0
vt -1.0 0.0
vt -1.0 -1.0
vt 0.0 -1.0
vt 0.0 -2.0
vt 0.0 -1.0
vt -1.0 -1.0
vt -1.0 -2.0
vt 0.0 0.0
vt 0.0 -1.0
vt 3.0 -1.0
vt 3.0 0.0
vt 1.59E-4 2.2E-5
vt 1.62E-4 -0.999978
vt 3.0001593 -0.999978
vt 3.000009 -1.42E-4
vt 0.0 0.001992
vt 3.0 0.001992
vt 3.0 0.998008
vt 0.0 0.998008
vt 0.0 -1.0
vt -1.0 -1.0
vt -1.0 -2.0
vt 0.0 -2.0
vt 0.0 0.0
vt 0.0 -1.0
vt -1.0 -1.0
vt -1.0 0.0
vt 0.0 0.0
vt -1.0 0.0
vt -1.0 -1.0
vt 0.0 -1.0
vt 0.0 -2.0
vt 0.0 -1.0
vt -1.0 -1.0
vt -1.0 -2.0
vt 0.0 0.0
vt 0.0 -1.0
vt 3.0 -1.0
vt 3.0 0.0
vt 0.0 -6.0E-5
vt 0.0 -1.0
vt 3.0001593 -1.0
vt 3.000009 -6.0E-5
vt 0.0 0.0
vt 0.0 -1.0
vt 1.0 -1.0
vt 1.0 0.0
vt 0.0 0.0
vt 0.0 -1.0
vt 1.0 -1.0
vt 1.0 0.0
vt 5.3E-5 0.0
vt 5.4E-5 -0.999978
vt 1.000053 -0.999978
vt 1.000003 0.0
vt 5.3E-5 0.0
vt 5.4E-5 -0.999978
vt 1.000053 -0.999978
vt 1.000003 0.0
vt 0.0 0.0
vt 0.0 -1.0
vt 1.0 -1.0
vt 1.0 0.0
vt 0.0 -6.0E-5
vt 0.0 -1.0
vt 1.000053 -1.0
vt 1.000003 -6.0E-5
vt 0.0 0.0
vt 0.5 -1.0
vt 1.0 0.0
vt 0.0 -1.0
vt 1.0 -1.0
vt 0.500579 -8.2E-5
vt 0.0 -0.999918
vt 1.0 -0.999918
vt 0.0 0.0
vt 0.0 -1.0
vt 8.0 -1.0
vt 8.0 0.0
vt 0.0 -6.0E-5
vt 0.0 -1.0
vt 8.000424 -1.0
vt 8.000024 -6.0E-5
vt 0.0 0.0
vt 1.0 0.0
vt 1.0 1.0
vt 0.0 1.0
vt 0.0 0.0
vt 1.0 0.0
vt 1.0 1.0
vt 0.0 1.0
vt 0.0 0.0
vt 1.0 0.0
vt 1.0 1.0
vt 0.0 1.0
vt 0.0 0.0
vt 1.0 0.0
vt 1.0 1.0
vt 0.0 1.0
vt 0.0 0.0
vt 1.0 0.0
vt 1.0 1.0
vt 0.0 1.0
vt 0.0 0.0
vt 1.0 0.0
vt 1.0 1.0
vt 0.0 1.0
vt 0.0 0.0
vt 1.0 0.0
vt 1.0 1.0
vt 0.0 1.0
vt 0.0 0.0
vt 1.0 0.0
vt 1.0 1.0
vt 0.0 1.0
vt 0.0 0.0
vt 1.0 0.0
vt 1.0 1.0
vt 0.0 1.0
vt 0.0 0.0
vt 1.0 0.0
vt 1.0 1.0
vt 0.0 1.0
vt 0.0 0.0
vt 0.0 -1.0
vt 8.0 -1.0
vt 8.0 0.0
vt 0.0 -6.0E-5
vt 0.0 -1.0
vt 8.000424 -1.0
vt 8.000024 -6.0E-5
vt 0.0 0.0
vt 1.0 0.0
vt 1.0 1.0
vt 0.0 1.0
vt 0.0 0.0
vt 1.0 0.0
vt 1.0 1.0
vt 0.0 1.0
vt 0.0 0.0
vt 1.0 0.0
vt 1.0 1.0
vt 0.0 1.0
vt 0.0 0.0
vt 1.0 0.0
vt 1.0 1.0
vt 0.0 1.0
vt 0.0 0.0
vt 1.0 0.0
vt 1.0 1.0
vt 0.0 1.0
vt 0.0 -1.0
vt -1.0 -1.0
vt -1.0 -2.0
vt 0.0 -2.0
vt 0.0 0.0
vt 0.0 -1.0
vt -1.0 -1.0
vt -1.0 0.0
vt 0.0 0.0
vt -1.0 0.0
vt -1.0 -1.0
vt 0.0 -1.0
vt 0.0 -2.0
vt 0.0 -1.0
vt -1.0 -1.0
vt -1.0 -2.0
vt 0.0 0.0
vt 0.0 -1.0
vt 1.0 -1.0
vt 1.0 0.0
vt 0.0 0.0
vt 0.0 -1.0
vt 1.0 -1.0
vt 1.0 0.0
vt 5.3E-5 0.0
vt 5.4E-5 -0.999978
vt 1.000053 -0.999978
vt 1.000003 0.0
vt 5.3E-5 0.0
vt 5.4E-5 -0.999978
vt 1.000053 -0.999978
vt 1.000003 0.0
vt 0.0 0.0
vt 0.5 -1.0
vt 1.0 0.0
vt 0.0 -1.0
vt 1.0 -1.0
vt 0.500579 -8.2E-5
vt 0.0 -0.999918
vt 1.0 -0.999918
vt 0.0 0.0
vt 0.0 -1.0
vt 1.0 -1.0
vt 1.0 0.0
vt 0.0 0.0
vt 0.0 -1.0
vt 1.0 -1.0
vt 1.0 0.0
vt 5.3E-5 2.2E-5
vt 5.4E-5 -0.999978
vt 1.000053 -0.999978
vt 1.000003 -1.42E-4
vt 5.3E-5 2.2E-5
vt 5.4E-5 -0.999978
vt 1.000053 -0.999978
vt 1.000003 -1.42E-4
vt 0.001343 0.001992
vt 1.00034 0.001992
vt 1.00034 0.998008
vt 0.001343 0.998008
vt -0.0 0.001992
vt 1.0 0.001992
vt 1.0 0.998008
vt -0.0 0.998008
vt 0.0 0.0
vt 0.0 -1.0
vt 3.0 -1.0
vt 3.0 0.0
vt 1.59E-4 2.2E-5
vt 1.62E-4 -0.999978
vt 3.0001593 -0.999978
vt 3.000009 -1.42E-4
vt 0.0 0.001992
vt 3.0 0.001992
vt 3.0 0.998008
vt 0.0 0.998008
vt 0.0 0.0
vt 0.5 -1.0
vt 1.0 0.0
vt 0.0 -1.0
vt 1.0 -1.0
vt 0.500579 -8.2E-5
vt 0.0 -0.999918
vt 1.0 -0.999918
vt 0.0 0.001992
vt 1.0 0.001992
vt 1.0 0.998008
vt 0.0 0.998008
vt 0.0 0.0
vt 0.0 -1.0
vt 4.0 -1.0
vt 4.0 0.0
vt 0.0 -6.0E-5
vt 0.0 -1.0
vt 4.000212 -1.0
vt 4.000012 -6.0E-5
vt 0.0 -1.0
vt -1.0 -1.0
vt -1.0 -2.0
vt 0.0 -2.0
vt 0.0 0.0
vt 0.0 -1.0
vt -1.0 -1.0
vt -1.0 0.0
vt 0.0 0.0
vt -1.0 0.0
vt -1.0 -1.0
vt 0.0 -1.0
vt 0.0 -2.0
vt 0.0 -1.0
vt -1.0 -1.0
vt -1.0 -2.0
vt 0.0 0.0
vt 1.0 0.0
vt 1.0 1.0
vt 0.0 1.0
vt 0.0 0.0
vt 1.0 0.0
vt 1.0 1.0
vt 0.0 1.0
vt 0.0 0.0
vt 1.0 0.0
vt 1.0 1.0
vt 0.0 1.0
vt 0.0 0.0
vt 1.0 0.0
vt 1.0 1.0
vt 0.0 1.0
vt 0.0 0.0
vt 1.0 0.0
vt 1.0 1.0
vt 0.0 1.0
vt 0.0 0.0
vt 0.0 -1.0
vt 1.0 -1.0
vt 1.0 0.0
vt 0.0 0.0
vt 0.0 -1.0
vt 1.0 -1.0
vt 1.0 0.0
vt 5.3E-5 0.0
vt 5.4E-5 -0.999978
vt 1.000053 -0.999978
vt 1.000003 0.0
vt 5.3E-5 0.0
vt 5.4E-5 -0.999978
vt 1.000053 -0.999978
vt 1.000003 0.0
vt 0.0 0.0
vt 0.5 -1.0
vt 1.0 0.0
vt 0.0 -1.0
vt 1.0 -1.0
vt 0.500579 -8.2E-5
vt 0.0 -0.999918
vt 1.0 -0.999918
vt 0.0 0.0
vt 1.0 0.0
vt 1.0 1.0
vt 0.0 1.0
vt 0.0 0.0
vt 1.0 0.0
vt 1.0 1.0
vt 0.0 1.0
vt 0.0 0.0
vt 1.0 0.0
vt 1.0 1.0
vt 0.0 1.0
vt 0.0 0.0
vt 1.0 0.0
vt 1.0 1.0
vt 0.0 1.0
vt 0.0 0.0
vt 1.0 0.0
vt 1.0 1.0
vt 0.0 1.0
vt -1.890625 -0.0625
vt -1.984375 -0.0625
vt -1.984375 -0.4375
vt -1.890625 -0.4375
vt -0.375 -0.4375
vt -0.835938 -0.4375
vt -0.835938 -18.0
vt -0.375 -18.0
vt -1.980469 -0.546875
vt -1.980469 -0.703125
vt -1.894531 -0.703125
vt -1.894531 -0.546875
vt -1.980469 -0.546875
vt -1.980469 -0.703125
vt -1.894531 -0.703125
vt -1.894531 -0.546875
vt -1.890625 -0.0625
vt -1.984375 -0.0625
vt -1.984375 -0.4375
vt -1.890625 -0.4375
vt -1.9375 -0.875
vt -1.9375 -0.875
vt -1.9375 -0.875
vt -1.9375 -0.875
vt -0.835938 0.0
vt -0.375 0.0
vt -0.375 -0.4375
vt -0.835938 -0.4375
vt -0.835938 -0.4375
vt -0.835938 -18.0
vt -1.9375 -0.875
vt -1.9375 -0.875
vt -1.9375 -0.875
vt -1.9375 -0.875
vt -1.9375 -0.875
vt -1.9375 -0.875
vt -1.9375 -0.875
vt -1.9375 -0.875
vt -0.835938 0.0
vt -0.835938 -0.4375
vt -1.9375 -0.875
vt -1.9375 -0.875
vt -1.9375 -0.875
vt -1.9375 -0.875
vt -1.9375 -0.875
vt -1.9375 -0.875
vt -1.9375 -0.875
vt -1.9375 -0.875
vt -1.9375 -0.875
vt -1.9375 -0.875
vt 2.5 -1.0
vt -1.5 -1.0
vt -1.5 0.0
vt 2.5 -1.0
vt -1.5 0.0
vt -1.5 -1.0
vt -1.5 -1.0
vt -1.5 0.0
vt 2.5 0.0
vt 3.5 -1.0
vt -1.5 -1.0
vt 3.5 -1.0
vt 2.5 0.0
vt -1.5 0.0
vt 0.0 0.0
vt 0.0 -1.0
vt 2.0 -1.0
vt 2.0 0.0
vt 0.0 -6.0E-5
vt 0.0 -1.0
vt 2.000106 -1.0
vt 2.000006 -6.0E-5
vt 0.0 -0.984375
vt -1.0 -0.984375
vt -0.5 -0.015625
vt 0.0 -0.984375
vt -1.0 -0.984375
vt 0.0 -0.984375
vt -0.5 -0.015625
vt -1.0 -0.984375
vt 1.0 1.0
vt 0.0 1.0
vt 0.0 0.0
vt 1.0 0.0
vt 0.859375 -0.234375
vt 0.140625 -0.234375
vt 0.140625 -0.8125
vt 0.859375 -0.8125
vt 0.859375 -0.234375
vt 0.140625 -0.234375
vt 0.140625 -0.8125
vt 0.859375 -0.8125
vt 0.859375 -0.234375
vt 0.140625 -0.234375
vt 0.140625 -0.8125
vt 0.859375 -0.8125
vt 0.859375 -0.234375
vt 0.140625 -0.234375
vt 0.140625 -0.8125
vt 0.859375 -0.8125
vt 2.0 0.0
vt 1.0 0.0
vt 1.0 -1.0
vt 2.0 -1.0
vt 2.0 0.0
vt 1.0 0.0
vt 1.0 -1.0
vt 2.0 -1.0
vt 0.875 -0.125
vt 0.125 -0.125
vt 0.125 -0.875
vt 0.875 -0.875
vt 0.0 -0.984375
vt -1.0 -0.984375
vt -0.5 -0.015625
vt 0.0 -0.984375
vt -1.0 -0.984375
vt 0.0 -0.984375
vt -0.5 -0.015625
vt -1.0 -0.984375
vt 1.0 1.0
vt 0.0 1.0
vt 0.0 0.0
vt 1.0 0.0
vt 0.859375 -0.234375
vt 0.140625 -0.234375
vt 0.140625 -0.8125
vt 0.859375 -0.8125
vt 0.859375 -0.234375
vt 0.140625 -0.234375
vt 0.140625 -0.8125
vt 0.859375 -0.8125
vt 0.859375 -0.234375
vt 0.140625 -0.234375
vt 0.140625 -0.8125
vt 0.859375 -0.8125
vt 0.859375 -0.234375
vt 0.140625 -0.234375
vt 0.140625 -0.8125
vt 0.859375 -0.8125
vt 2.0 0.0
vt 1.0 0.0
vt 1.0 -1.0
vt 2.0 -1.0
vt 2.0 0.0
vt 1.0 0.0
vt 1.0 -1.0
vt 2.0 -1.0
vt 0.875 -0.125
vt 0.125 -0.125
vt 0.125 -0.875
vt 0.875 -0.875
vt 0.0 0.0
vt 1.0 0.0
vt 1.0 1.0
vt 0.0 1.0
vt 0.0 0.0
vt 1.0 0.0
vt 1.0 1.0
vt 0.0 1.0
vt 0.0 0.0
vt 1.0 0.0
vt 1.0 1.0
vt 0.0 1.0
vt 0.0 0.0
vt 1.0 0.0
vt 1.0 1.0
vt 0.0 1.0
vt 0.0 0.0
vt 1.0 0.0
vt 1.0 1.0
vt 0.0 1.0
vt 0.0 0.0
vt 0.0 -1.0
vt 1.0 -1.0
vt 1.0 0.0
vt 0.0 0.0
vt 0.0 -1.0
vt 1.0 -1.0
vt 1.0 0.0
vt 5.3E-5 0.0
vt 5.4E-5 -0.999978
vt 1.000053 -0.999978
vt 1.000003 0.0
vt 5.3E-5 0.0
vt 5.4E-5 -0.999978
vt 1.000053 -0.999978
vt 1.000003 0.0
vt 0.0 0.0
vt 0.5 -1.0
vt 1.0 0.0
vt 0.0 -1.0
vt 1.0 -1.0
vt 0.500579 -8.2E-5
vt 0.0 -0.999918
vt 1.0 -0.999918
vt 0.0 0.0
vt 0.0 -1.0
vt 1.0 -1.0
vt 1.0 0.0
vt 0.0 0.0
vt 0.0 -1.0
vt 1.0 -1.0
vt 1.0 0.0
vt 5.3E-5 0.0
vt 5.4E-5 -0.999978
vt 1.000053 -0.999978
vt 1.000003 0.0
vt 5.3E-5 0.0
vt 5.4E-5 -0.999978
vt 1.000053 -0.999978
vt 1.000003 0.0
vt 0.0 0.0
vt 0.5 -1.0
vt 1.0 0.0
vt 0.0 -1.0
vt 1.0 -1.0
vt 0.500579 -8.2E-5
vt 0.0 -0.999918
vt 1.0 -0.999918
vt 0.0 -0.984375
vt -1.0 -0.984375
vt -0.5 -0.015625
vt 0.0 -0.984375
vt -1.0 -0.984375
vt 0.0 -0.984375
vt -0.5 -0.015625
vt -1.0 -0.984375
vt 1.0 1.0
vt 0.0 1.0
vt 0.0 0.0
vt 1.0 0.0
vt 0.859375 -0.234375
vt 0.140625 -0.234375
vt 0.140625 -0.8125
vt 0.859375 -0.8125
vt 0.859375 -0.234375
vt 0.140625 -0.234375
vt 0.140625 -0.8125
vt 0.859375 -0.8125
vt 0.859375 -0.234375
vt 0.140625 -0.234375
vt 0.140625 -0.8125
vt 0.859375 -0.8125
vt 0.859375 -0.234375
vt 0.140625 -0.234375
vt 0.140625 -0.8125
vt 0.859375 -0.8125
vt 2.0 0.0
vt 1.0 0.0
vt 1.0 -1.0
vt 2.0 -1.0
vt 2.0 0.0
vt 1.0 0.0
vt 1.0 -1.0
vt 2.0 -1.0
vt 0.875 -0.125
vt 0.125 -0.125
vt 0.125 -0.875
vt 0.875 -0.875
vt 0.0 -0.984375
vt -1.0 -0.984375
vt -0.5 -0.015625
vt 0.0 -0.984375
vt -1.0 -0.984375
vt 0.0 -0.984375
vt -0.5 -0.015625
vt -1.0 -0.984375
vt 1.0 1.0
vt 0.0 1.0
vt 0.0 0.0
vt 1.0 0.0
vt 0.859375 -0.234375
vt 0.140625 -0.234375
vt 0.140625 -0.8125
vt 0.859375 -0.8125
vt 0.859375 -0.234375
vt 0.140625 -0.234375
vt 0.140625 -0.8125
vt 0.859375 -0.8125
vt 0.859375 -0.234375
vt 0.140625 -0.234375
vt 0.140625 -0.8125
vt 0.859375 -0.8125
vt 0.859375 -0.234375
vt 0.140625 -0.234375
vt 0.140625 -0.8125
vt 0.859375 -0.8125
vt 2.0 0.0
vt 1.0 0.0
vt 1.0 -1.0
vt 2.0 -1.0
vt 2.0 0.0
vt 1.0 0.0
vt 1.0 -1.0
vt 2.0 -1.0
vt 0.875 -0.125
vt 0.125 -0.125
vt 0.125 -0.875
vt 0.875 -0.875
vt 0.0 0.0
vt 0.0 -1.0
vt 3.0 -1.0
vt 3.0 0.0
vt 0.0 -6.0E-5
vt 0.0 -1.0
vt 3.0001593 -1.0
vt 3.000009 -6.0E-5
vt 0.0 0.0
vt 1.0 0.0
vt 1.0 1.0
vt 0.0 1.0
vt 0.0 0.0
vt 1.0 0.0
vt 1.0 1.0
vt 0.0 1.0
vt 0.0 0.0
vt 1.0 0.0
vt 1.0 1.0
vt 0.0 1.0
vt 0.0 0.0
vt 1.0 0.0
vt 1.0 1.0
vt 0.0 1.0
vt 0.0 0.0
vt 1.0 0.0
vt 1.0 1.0
vt 0.0 1.0
vt 0.0 0.0
vt 0.0 -1.0
vt 4.0 -1.0
vt 4.0 0.0
vt 0.0 -6.0E-5
vt 0.0 -1.0
vt 4.000212 -1.0
vt 4.000012 -6.0E-5
vt 0.0 0.0
vt 0.0 -1.0
vt 1.0 -1.0
vt 1.0 0.0
vt 0.0 0.0
vt 0.0 -1.0
vt 1.0 -1.0
vt 1.0 0.0
vt 5.3E-5 2.2E-5
vt 5.4E-5 -0.999978
vt 1.000053 -0.999978
vt 1.000003 -1.42E-4
vt 5.3E-5 2.2E-5
vt 5.4E-5 -0.999978
vt 1.000053 -0.999978
vt 1.000003 -1.42E-4
vt 0.001343 0.001992
vt 1.00034 0.001992
vt 1.00034 0.998008
vt 0.001343 0.998008
vt -0.0 0.001992
vt 1.0 0.001992
vt 1.0 0.998008
vt -0.0 0.998008
vt 0.0 0.0
vt 0.0 -1.0
vt 3.0 -1.0
vt 3.0 0.0
vt 3.0001593 -0.999978
vt 1.59E-4 2.2E-5
vt 3.0 0.998008
vt 0.0 0.998008
vt 3.000009 -1.42E-4
vt 0.0 0.001992
vt 3.0 0.001992
vt 1.62E-4 -0.999978
vt 0.0 0.0
vt 0.5 -1.0
vt 1.0 0.0
vt 0.0 -1.0
vt 1.0 -1.0
vt 0.500579 -8.2E-5
vt 0.0 -0.999918
vt 1.0 -0.999918
vt 0.0 0.001992
vt 1.0 0.001992
vt 1.0 0.998008
vt 0.0 0.998008
vt 0.0 -0.984375
vt -1.0 -0.984375
vt -0.5 -0.015625
vt 0.0 -0.984375
vt -1.0 -0.984375
vt 0.0 -0.984375
vt -0.5 -0.015625
vt -1.0 -0.984375
vt 1.0 1.0
vt 0.0 1.0
vt 0.0 0.0
vt 1.0 0.0
vt 0.859375 -0.234375
vt 0.140625 -0.234375
vt 0.140625 -0.8125
vt 0.859375 -0.8125
vt 0.859375 -0.234375
vt 0.140625 -0.234375
vt 0.140625 -0.8125
vt 0.859375 -0.8125
vt 0.859375 -0.234375
vt 0.140625 -0.234375
vt 0.140625 -0.8125
vt 0.859375 -0.8125
vt 0.859375 -0.234375
vt 0.140625 -0.234375
vt 0.140625 -0.8125
vt 0.859375 -0.8125
vt 2.0 0.0
vt 1.0 0.0
vt 1.0 -1.0
vt 2.0 -1.0
vt 2.0 0.0
vt 1.0 0.0
vt 1.0 -1.0
vt 2.0 -1.0
vt 0.875 -0.125
vt 0.125 -0.125
vt 0.125 -0.875
vt 0.875 -0.875
vt 0.0 0.0
vt 0.0 -1.0
vt 3.0 -1.0
vt 3.0 0.0
vt 0.0 -6.0E-5
vt 0.0 -1.0
vt 3.0001593 -1.0
vt 3.000009 -6.0E-5
vt 0.0 0.0
vt 0.0 -1.0
vt 2.0 -1.0
vt 2.0 0.0
vt 0.0 -6.0E-5
vt 0.0 -1.0
vt 2.000106 -1.0
vt 2.000006 -6.0E-5
vt 0.0 0.0
vt 1.0 0.0
vt 1.0 1.0
vt 0.0 1.0
vt 0.0 0.0
vt 1.0 0.0
vt 1.0 1.0
vt 0.0 1.0
vt 0.0 0.0
vt 1.0 0.0
vt 1.0 1.0
vt 0.0 1.0
vt 0.0 0.0
vt 1.0 0.0
vt 1.0 1.0
vt 0.0 1.0
vt 0.0 0.0
vt 1.0 0.0
vt 1.0 1.0
vt 0.0 1.0
vt 0.0 -1.0
vt -1.0 -1.0
vt -1.0 -2.0
vt 0.0 -2.0
vt 0.0 0.0
vt 0.0 -1.0
vt -1.0 -1.0
vt -1.0 0.0
vt 0.0 0.0
vt -1.0 0.0
vt -1.0 -1.0
vt 0.0 -1.0
vt 0.0 -2.0
vt 0.0 -1.0
vt -1.0 -1.0
vt -1.0 -2.0
vt 0.0 -0.984375
vt -1.0 -0.984375
vt -0.5 -0.015625
vt 0.0 -0.984375
vt -1.0 -0.984375
vt 0.0 -0.984375
vt -0.5 -0.015625
vt -1.0 -0.984375
vt 1.0 1.0
vt 0.0 1.0
vt 0.0 0.0
vt 1.0 0.0
vt 0.859375 -0.234375
vt 0.140625 -0.234375
vt 0.140625 -0.8125
vt 0.859375 -0.8125
vt 0.859375 -0.234375
vt 0.140625 -0.234375
vt 0.140625 -0.8125
vt 0.859375 -0.8125
vt 0.859375 -0.234375
vt 0.140625 -0.234375
vt 0.140625 -0.8125
vt 0.859375 -0.8125
vt 0.859375 -0.234375
vt 0.140625 -0.234375
vt 0.140625 -0.8125
vt 0.859375 -0.8125
vt 2.0 0.0
vt 1.0 0.0
vt 1.0 -1.0
vt 2.0 -1.0
vt 2.0 0.0
vt 1.0 0.0
vt 1.0 -1.0
vt 2.0 -1.0
vt 0.875 -0.125
vt 0.125 -0.125
vt 0.125 -0.875
vt 0.875 -0.875
vt 0.0 0.0
vt 0.0 -1.0
vt 3.0 -1.0
vt 3.0 0.0
vt 1.59E-4 2.2E-5
vt 1.62E-4 -0.999978
vt 3.0001593 -0.999978
vt 3.000009 -1.42E-4
vt 0.0 0.001992
vt 3.0 0.001992
vt 3.0 0.998008
vt 0.0 0.998008
vt 0.0 -1.0
vt -1.0 -1.0
vt -1.0 -2.0
vt 0.0 -2.0
vt 0.0 0.0
vt 0.0 -1.0
vt -1.0 -1.0
vt -1.0 0.0
vt 0.0 0.0
vt -1.0 0.0
vt -1.0 -1.0
vt 0.0 -1.0
vt 0.0 -2.0
vt 0.0 -1.0
vt -1.0 -1.0
vt -1.0 -2.0
vt 0.0 -0.984375
vt -1.0 -0.984375
vt -0.5 -0.015625
vt 0.0 -0.984375
vt -1.0 -0.984375
vt 0.0 -0.984375
vt -0.5 -0.015625
vt -1.0 -0.984375
vt 1.0 1.0
vt 0.0 1.0
vt 0.0 0.0
vt 1.0 0.0
vt 0.859375 -0.234375
vt 0.140625 -0.234375
vt 0.140625 -0.8125
vt 0.859375 -0.8125
vt 0.859375 -0.234375
vt 0.140625 -0.234375
vt 0.140625 -0.8125
vt 0.859375 -0.8125
vt 0.859375 -0.234375
vt 0.140625 -0.234375
vt 0.140625 -0.8125
vt 0.859375 -0.8125
vt 0.859375 -0.234375
vt 0.140625 -0.234375
vt 0.140625 -0.8125
vt 0.859375 -0.8125
vt 2.0 0.0
vt 1.0 0.0
vt 1.0 -1.0
vt 2.0 -1.0
vt 2.0 0.0
vt 1.0 0.0
vt 1.0 -1.0
vt 2.0 -1.0
vt 0.875 -0.125
vt 0.125 -0.125
vt 0.125 -0.875
vt 0.875 -0.875
vt 0.0 0.0
vt 0.0 -1.0
vt 1.0 -1.0
vt 1.0 0.0
vt 0.0 0.0
vt 0.0 -1.0
vt 1.0 -1.0
vt 1.0 0.0
vt 5.3E-5 0.0
vt 5.4E-5 -0.999978
vt 1.000053 -0.999978
vt 1.000003 0.0
vt 5.3E-5 0.0
vt 5.4E-5 -0.999978
vt 1.000053 -0.999978
vt 1.000003 0.0
vt 0.0 0.0
vt 0.0 -1.0
vt 1.0 -1.0
vt 1.0 0.0
vt 0.0 -6.0E-5
vt 0.0 -1.0
vt 1.000053 -1.0
vt 1.000003 -6.0E-5
vt 0.0 0.0
vt 0.5 -1.0
vt 1.0 0.0
vt 0.0 -1.0
vt 1.0 -1.0
vt 0.500579 -8.2E-5
vt 0.0 -0.999918
vt 1.0 -0.999918
vt 0.0 -0.984375
vt -1.0 -0.984375
vt -0.5 -0.015625
vt 0.0 -0.984375
vt -1.0 -0.984375
vt 0.0 -0.984375
vt -0.5 -0.015625
vt -1.0 -0.984375
vt 1.0 1.0
vt 0.0 1.0
vt 0.0 0.0
vt 1.0 0.0
vt 0.859375 -0.234375
vt 0.140625 -0.234375
vt 0.140625 -0.8125
vt 0.859375 -0.8125
vt 0.859375 -0.234375
vt 0.140625 -0.234375
vt 0.140625 -0.8125
vt 0.859375 -0.8125
vt 0.859375 -0.234375
vt 0.140625 -0.234375
vt 0.140625 -0.8125
vt 0.859375 -0.8125
vt 0.859375 -0.234375
vt 0.140625 -0.234375
vt 0.140625 -0.8125
vt 0.859375 -0.8125
vt 2.0 0.0
vt 1.0 0.0
vt 1.0 -1.0
vt 2.0 -1.0
vt 2.0 0.0
vt 1.0 0.0
vt 1.0 -1.0
vt 2.0 -1.0
vt 0.875 -0.125
vt 0.125 -0.125
vt 0.125 -0.875
vt 0.875 -0.875
vt 0.0 0.0
vt 0.0 -1.0
vt 1.0 -1.0
vt 1.0 0.0
vt 0.0 0.0
vt 0.0 -1.0
vt 1.0 -1.0
vt 1.0 0.0
vt 5.3E-5 0.0
vt 5.4E-5 -0.999978
vt 1.000053 -0.999978
vt 1.000003 0.0
vt 5.3E-5 0.0
vt 5.4E-5 -0.999978
vt 1.000053 -0.999978
vt 1.000003 0.0
vt 0.0 0.0
vt 0.0 -1.0
vt 1.0 -1.0
vt 1.0 0.0
vt 0.0 -6.0E-5
vt 0.0 -1.0
vt 1.000053 -1.0
vt 1.000003 -6.0E-5
vt 0.0 0.0
vt 0.5 -1.0
vt 1.0 0.0
vt 0.0 -1.0
vt 1.0 -1.0
vt 0.500579 -8.2E-5
vt 0.0 -0.999918
vt 1.0 -0.999918
vt 0.0 0.0
vt 0.0 -1.0
vt 2.0 -1.0
vt 2.0 0.0
vt 0.0 -6.0E-5
vt 0.0 -1.0
vt 2.000106 -1.0
vt 2.000006 -6.0E-5
vt 0.0 0.0
vt 0.0 -1.0
vt 1.0 -1.0
vt 1.0 0.0
vt 0.0 0.0
vt 0.0 -1.0
vt 1.0 -1.0
vt 1.0 0.0
vt 5.3E-5 0.0
vt 5.4E-5 -0.999978
vt 1.000053 -0.999978
vt 1.000003 0.0
vt 5.3E-5 0.0
vt 5.4E-5 -0.999978
vt 1.000053 -0.999978
vt 1.000003 0.0
vt 0.0 0.0
vt 0.0 -1.0
vt 1.0 -1.0
vt 1.0 0.0
vt 0.0 -6.0E-5
vt 0.0 -1.0
vt 1.000053 -1.0
vt 1.000003 -6.0E-5
vt 0.0 0.0
vt 0.5 -1.0
vt 1.0 0.0
vt 0.0 -1.0
vt 1.0 -1.0
vt 0.500579 -8.2E-5
vt 0.0 -0.999918
vt 1.0 -0.999918
vt 0.0 0.0
vt 0.0 -1.0
vt 1.0 -1.0
vt 1.0 0.0
vt 0.0 0.0
vt 0.0 -1.0
vt 1.0 -1.0
vt 1.0 0.0
vt 5.3E-5 0.0
vt 5.4E-5 -0.999978
vt 1.000053 -0.999978
vt 1.000003 0.0
vt 5.3E-5 0.0
vt 5.4E-5 -0.999978
vt 1.000053 -0.999978
vt 1.000003 0.0
vt 0.0 0.0
vt 0.0 -1.0
vt 1.0 -1.0
vt 1.0 0.0
vt 0.0 -6.0E-5
vt 0.0 -1.0
vt 1.000053 -1.0
vt 1.000003 -6.0E-5
vt 0.0 0.0
vt 0.5 -1.0
vt 1.0 0.0
vt 0.0 -1.0
vt 1.0 -1.0
vt 0.500579 -8.2E-5
vt 0.0 -0.999918
vt 1.0 -0.999918
vt 0.0 -0.984375
vt -1.0 -0.984375
vt -0.5 -0.015625
vt 0.0 -0.984375
vt -1.0 -0.984375
vt 0.0 -0.984375
vt -0.5 -0.015625
vt -1.0 -0.984375
vt 1.0 1.0
vt 0.0 1.0
vt 0.0 0.0
vt 1.0 0.0
vt 0.859375 -0.234375
vt 0.140625 -0.234375
vt 0.140625 -0.8125
vt 0.859375 -0.8125
vt 0.859375 -0.234375
vt 0.140625 -0.234375
vt 0.140625 -0.8125
vt 0.859375 -0.8125
vt 0.859375 -0.234375
vt 0.140625 -0.234375
vt 0.140625 -0.8125
vt 0.859375 -0.8125
vt 0.859375 -0.234375
vt 0.140625 -0.234375
vt 0.140625 -0.8125
vt 0.859375 -0.8125
vt 2.0 0.0
vt 1.0 0.0
vt 1.0 -1.0
vt 2.0 -1.0
vt 2.0 0.0
vt 1.0 0.0
vt 1.0 -1.0
vt 2.0 -1.0
vt 0.875 -0.125
vt 0.125 -0.125
vt 0.125 -0.875
vt 0.875 -0.875
vt 0.0 -0.984375
vt -1.0 -0.984375
vt -0.5 -0.015625
vt 0.0 -0.984375
vt -1.0 -0.984375
vt 0.0 -0.984375
vt -0.5 -0.015625
vt -1.0 -0.984375
vt 1.0 1.0
vt 0.0 1.0
vt 0.0 0.0
vt 1.0 0.0
vt 0.859375 -0.234375
vt 0.140625 -0.234375
vt 0.140625 -0.8125
vt 0.859375 -0.8125
vt 0.859375 -0.234375
vt 0.140625 -0.234375
vt 0.140625 -0.8125
vt 0.859375 -0.8125
vt 0.859375 -0.234375
vt 0.140625 -0.234375
vt 0.140625 -0.8125
vt 0.859375 -0.8125
vt 0.859375 -0.234375
vt 0.140625 -0.234375
vt 0.140625 -0.8125
vt 0.859375 -0.8125
vt 2.0 0.0
vt 1.0 0.0
vt 1.0 -1.0
vt 2.0 -1.0
vt 2.0 0.0
vt 1.0 0.0
vt 1.0 -1.0
vt 2.0 -1.0
vt 0.875 -0.125
vt 0.125 -0.125
vt 0.125 -0.875
vt 0.875 -0.875
vt 0.0 0.0
vt 0.0 -1.0
vt 2.0 -1.0
vt 2.0 0.0
vt 0.0 -6.0E-5
vt 0.0 -1.0
vt 2.000106 -1.0
vt 2.000006 -6.0E-5
vt 0.0 0.0
vt 0.0 -1.0
vt 1.0 -1.0
vt 1.0 0.0
vt 0.0 0.0
vt 0.0 -1.0
vt 1.0 -1.0
vt 1.0 0.0
vt 5.3E-5 0.0
vt 5.4E-5 -0.999978
vt 1.000053 -0.999978
vt 1.000003 0.0
vt 5.3E-5 0.0
vt 5.4E-5 -0.999978
vt 1.000053 -0.999978
vt 1.000003 0.0
vt 0.0 0.0
vt 0.0 -1.0
vt 1.0 -1.0
vt 1.0 0.0
vt 0.0 -6.0E-5
vt 0.0 -1.0
vt 1.000053 -1.0
vt 1.000003 -6.0E-5
vt 0.0 0.0
vt 0.5 -1.0
vt 1.0 0.0
vt 0.0 -1.0
vt 1.0 -1.0
vt 0.500579 -8.2E-5
vt 0.0 -0.999918
vt 1.0 -0.999918
vt 0.0 0.0
vt 0.0 -1.0
vt 7.0 -1.0
vt 7.0 0.0
vt 0.0 -6.0E-5
vt 0.0 -1.0
vt 7.0003715 -1.0
vt 7.000021 -6.0E-5
vt 0.0 -1.0
vt -1.0 -1.0
vt -1.0 -2.0
vt 0.0 -2.0
vt 0.0 0.0
vt 0.0 -1.0
vt -1.0 -1.0
vt -1.0 0.0
vt 0.0 0.0
vt -1.0 0.0
vt -1.0 -1.0
vt 0.0 -1.0
vt 0.0 -2.0
vt 0.0 -1.0
vt -1.0 -1.0
vt -1.0 -2.0
vt 0.0 0.0
vt 0.0 -1.0
vt 1.0 -1.0
vt 1.0 0.0
vt 0.0 0.0
vt 0.0 -1.0
vt 1.0 -1.0
vt 1.0 0.0
vt 5.3E-5 2.2E-5
vt 5.4E-5 -0.999978
vt 1.000053 -0.999978
vt 1.000003 -1.42E-4
vt 5.3E-5 2.2E-5
vt 5.4E-5 -0.999978
vt 1.000053 -0.999978
vt 1.000003 -1.42E-4
vt 0.001343 0.001992
vt 1.00034 0.001992
vt 1.00034 0.998008
vt 0.001343 0.998008
vt -0.0 0.001992
vt 1.0 0.001992
vt 1.0 0.998008
vt -0.0 0.998008
vt 0.0 0.0
vt 0.0 -1.0
vt 1.0 -1.0
vt 1.0 0.0
vt 1.000053 -0.999978
vt 5.3E-5 2.2E-5
vt 1.0 0.998008
vt 0.0 0.998008
vt 1.000003 -1.42E-4
vt 0.0 0.001992
vt 1.0 0.001992
vt 5.4E-5 -0.999978
vt 0.0 -0.984375
vt -1.0 -0.984375
vt -0.5 -0.015625
vt 0.0 -0.984375
vt -1.0 -0.984375
vt 0.0 -0.984375
vt -0.5 -0.015625
vt -1.0 -0.984375
vt 1.0 1.0
vt 0.0 1.0
vt 0.0 0.0
vt 1.0 0.0
vt 0.859375 -0.234375
vt 0.140625 -0.234375
vt 0.140625 -0.8125
vt 0.859375 -0.8125
vt 0.859375 -0.234375
vt 0.140625 -0.234375
vt 0.140625 -0.8125
vt 0.859375 -0.8125
vt 0.859375 -0.234375
vt 0.140625 -0.234375
vt 0.140625 -0.8125
vt 0.859375 -0.8125
vt 0.859375 -0.234375
vt 0.140625 -0.234375
vt 0.140625 -0.8125
vt 0.859375 -0.8125
vt 2.0 0.0
vt 1.0 0.0
vt 1.0 -1.0
vt 2.0 -1.0
vt 2.0 0.0
vt 1.0 0.0
vt 1.0 -1.0
vt 2.0 -1.0
vt 0.875 -0.125
vt 0.125 -0.125
vt 0.125 -0.875
vt 0.875 -0.875
vt 0.0 -0.984375
vt -1.0 -0.984375
vt -0.5 -0.015625
vt 0.0 -0.984375
vt -1.0 -0.984375
vt 0.0 -0.984375
vt -0.5 -0.015625
vt -1.0 -0.984375
vt 1.0 1.0
vt 0.0 1.0
vt 0.0 0.0
vt 1.0 0.0
vt 0.859375 -0.234375
vt 0.140625 -0.234375
vt 0.140625 -0.8125
vt 0.859375 -0.8125
vt 0.859375 -0.234375
vt 0.140625 -0.234375
vt 0.140625 -0.8125
vt 0.859375 -0.8125
vt 0.859375 -0.234375
vt 0.140625 -0.234375
vt 0.140625 -0.8125
vt 0.859375 -0.8125
vt 0.859375 -0.234375
vt 0.140625 -0.234375
vt 0.140625 -0.8125
vt 0.859375 -0.8125
vt 2.0 0.0
vt 1.0 0.0
vt 1.0 -1.0
vt 2.0 -1.0
vt 2.0 0.0
vt 1.0 0.0
vt 1.0 -1.0
vt 2.0 -1.0
vt 0.875 -0.125
vt 0.125 -0.125
vt 0.125 -0.875
vt 0.875 -0.875
vt 0.0 0.0
vt 0.0 -1.0
vt 2.0 -1.0
vt 2.0 0.0
vt 0.0 -6.0E-5
vt 0.0 -1.0
vt 2.000106 -1.0
vt 2.000006 -6.0E-5
vt 0.0 0.0
vt 0.0 -1.0
vt 1.0 -1.0
vt 1.0 0.0
vt 0.0 0.0
vt 0.0 -1.0
vt 1.0 -1.0
vt 1.0 0.0
vt 5.3E-5 0.0
vt 5.4E-5 -0.999978
vt 1.000053 -0.999978
vt 1.000003 0.0
vt 5.3E-5 0.0
vt 5.4E-5 -0.999978
vt 1.000053 -0.999978
vt 1.000003 0.0
vt 0.0 0.0
vt 0.0 -1.0
vt 1.0 -1.0
vt 1.0 0.0
vt 0.0 -6.0E-5
vt 0.0 -1.0
vt 1.000053 -1.0
vt 1.000003 -6.0E-5
vt 0.0 0.0
vt 0.5 -1.0
vt 1.0 0.0
vt 0.0 -1.0
vt 1.0 -1.0
vt 0.500579 -8.2E-5
vt 0.0 -0.999918
vt 1.0 -0.999918
vt 0.0 0.0
vt 0.0 -1.0
vt 7.0 -1.0
vt 7.0 0.0
vt 0.0 -6.0E-5
vt 0.0 -1.0
vt 7.0003715 -1.0
vt 7.000021 -6.0E-5
vt 0.0 0.0
vt 1.0 0.0
vt 1.0 1.0
vt 0.0 1.0
vt 0.0 0.0
vt 1.0 0.0
vt 1.0 1.0
vt 0.0 1.0
vt 0.0 0.0
vt 1.0 0.0
vt 1.0 1.0
vt 0.0 1.0
vt 0.0 0.0
vt 1.0 0.0
vt 1.0 1.0
vt 0.0 1.0
vt 0.0 0.0
vt 1.0 0.0
vt 1.0 1.0
vt 0.0 1.0
vt 0.0 -0.984375
vt -1.0 -0.984375
vt -0.5 -0.015625
vt 0.0 -0.984375
vt -1.0 -0.984375
vt 0.0 -0.984375
vt -0.5 -0.015625
vt -1.0 -0.984375
vt 1.0 1.0
vt 0.0 1.0
vt 0.0 0.0
vt 1.0 0.0
vt 0.859375 -0.234375
vt 0.140625 -0.234375
vt 0.140625 -0.8125
vt 0.859375 -0.8125
vt 0.859375 -0.234375
vt 0.140625 -0.234375
vt 0.140625 -0.8125
vt 0.859375 -0.8125
vt 0.859375 -0.234375
vt 0.140625 -0.234375
vt 0.140625 -0.8125
vt 0.859375 -0.8125
vt 0.859375 -0.234375
vt 0.140625 -0.234375
vt 0.140625 -0.8125
vt 0.859375 -0.8125
vt 2.0 0.0
vt 1.0 0.0
vt 1.0 -1.0
vt 2.0 -1.0
vt 2.0 0.0
vt 1.0 0.0
vt 1.0 -1.0
vt 2.0 -1.0
vt 0.875 -0.125
vt 0.125 -0.125
vt 0.125 -0.875
vt 0.875 -0.875
vt 0.0 -1.0
vt -1.0 -1.0
vt -1.0 -2.0
vt 0.0 -2.0
vt 0.0 0.0
vt 0.0 -1.0
vt -1.0 -1.0
vt -1.0 0.0
vt 0.0 0.0
vt -1.0 0.0
vt -1.0 -1.0
vt 0.0 -1.0
vt 0.0 -2.0
vt 0.0 -1.0
vt -1.0 -1.0
vt -1.0 -2.0
vt 0.0 0.0
vt 0.0 -1.0
vt 1.0 -1.0
vt 1.0 0.0
vt 0.0 0.0
vt 0.0 -1.0
vt 1.0 -1.0
vt 1.0 0.0
vt 5.3E-5 0.0
vt 5.4E-5 -0.999978
vt 1.000053 -0.999978
vt 1.000003 0.0
vt 5.3E-5 0.0
vt 5.4E-5 -0.999978
vt 1.000053 -0.999978
vt 1.000003 0.0
vt 0.0 0.0
vt 0.0 -1.0
vt 1.0 -1.0
vt 1.0 0.0
vt 0.0 -6.0E-5
vt 0.0 -1.0
vt 1.000053 -1.0
vt 1.000003 -6.0E-5
vt 0.0 0.0
vt 0.5 -1.0
vt 1.0 0.0
vt 0.0 -1.0
vt 1.0 -1.0
vt 0.500579 -8.2E-5
vt 0.0 -0.999918
vt 1.0 -0.999918
vt 0.0 0.0
vt 0.0 -1.0
vt 7.0 -1.0
vt 7.0 0.0
vt 0.0 -6.0E-5
vt 0.0 -1.0
vt 7.0003715 -1.0
vt 7.000021 -6.0E-5
vt 0.0 0.0
vt 0.0 -1.0
vt 1.0 -1.0
vt 1.0 0.0
vt 0.0 0.0
vt 0.0 -1.0
vt 1.0 -1.0
vt 1.0 0.0
vt 5.3E-5 0.0
vt 5.4E-5 -0.999978
vt 1.000053 -0.999978
vt 1.000003 0.0
vt 5.3E-5 0.0
vt 5.4E-5 -0.999978
vt 1.000053 -0.999978
vt 1.000003 0.0
vt 0.0 0.0
vt 0.0 -1.0
vt 5.0 -1.0
vt 5.0 0.0
vt 0.0 -6.0E-5
vt 0.0 -1.0
vt 5.000265 -1.0
vt 5.000015 -6.0E-5
vt 0.0 0.0
vt 0.5 -1.0
vt 1.0 0.0
vt 0.0 -1.0
vt 1.0 -1.0
vt 0.500579 -8.2E-5
vt 0.0 -0.999918
vt 1.0 -0.999918
vt 0.0 -0.984375
vt -1.0 -0.984375
vt -0.5 -0.015625
vt 0.0 -0.984375
vt -1.0 -0.984375
vt 0.0 -0.984375
vt -0.5 -0.015625
vt -1.0 -0.984375
vt 1.0 1.0
vt 0.0 1.0
vt 0.0 0.0
vt 1.0 0.0
vt 0.859375 -0.234375
vt 0.140625 -0.234375
vt 0.140625 -0.8125
vt 0.859375 -0.8125
vt 0.859375 -0.234375
vt 0.140625 -0.234375
vt 0.140625 -0.8125
vt 0.859375 -0.8125
vt 0.859375 -0.234375
vt 0.140625 -0.234375
vt 0.140625 -0.8125
vt 0.859375 -0.8125
vt 0.859375 -0.234375
vt 0.140625 -0.234375
vt 0.140625 -0.8125
vt 0.859375 -0.8125
vt 2.0 0.0
vt 1.0 0.0
vt 1.0 -1.0
vt 2.0 -1.0
vt 2.0 0.0
vt 1.0 0.0
vt 1.0 -1.0
vt 2.0 -1.0
vt 0.875 -0.125
vt 0.125 -0.125
vt 0.125 -0.875
vt 0.875 -0.875
vt 0.0 0.0
vt 0.0 -1.0
vt 7.0 -1.0
vt 7.0 0.0
vt 0.0 -6.0E-5
vt 0.0 -1.0
vt 7.0003715 -1.0
vt 7.000021 -6.0E-5
vt 0.0 -0.984375
vt -1.0 -0.984375
vt -0.5 -0.015625
vt 0.0 -0.984375
vt -1.0 -0.984375
vt 0.0 -0.984375
vt -0.5 -0.015625
vt -1.0 -0.984375
vt 1.0 1.0
vt 0.0 1.0
vt 0.0 0.0
vt 1.0 0.0
vt 0.859375 -0.234375
vt 0.140625 -0.234375
vt 0.140625 -0.8125
vt 0.859375 -0.8125
vt 0.859375 -0.234375
vt 0.140625 -0.234375
vt 0.140625 -0.8125
vt 0.859375 -0.8125
vt 0.859375 -0.234375
vt 0.140625 -0.234375
vt 0.140625 -0.8125
vt 0.859375 -0.8125
vt 0.859375 -0.234375
vt 0.140625 -0.234375
vt 0.140625 -0.8125
vt 0.859375 -0.8125
vt 2.0 0.0
vt 1.0 0.0
vt 1.0 -1.0
vt 2.0 -1.0
vt 2.0 0.0
vt 1.0 0.0
vt 1.0 -1.0
vt 2.0 -1.0
vt 0.875 -0.125
vt 0.125 -0.125
vt 0.125 -0.875
vt 0.875 -0.875
vt 0.0 -0.984375
vt -1.0 -0.984375
vt -0.5 -0.015625
vt 0.0 -0.984375
vt -1.0 -0.984375
vt 0.0 -0.984375
vt -0.5 -0.015625
vt -1.0 -0.984375
vt 1.0 1.0
vt 0.0 1.0
vt 0.0 0.0
vt 1.0 0.0
vt 0.859375 -0.234375
vt 0.140625 -0.234375
vt 0.140625 -0.8125
vt 0.859375 -0.8125
vt 0.859375 -0.234375
vt 0.140625 -0.234375
vt 0.140625 -0.8125
vt 0.859375 -0.8125
vt 0.859375 -0.234375
vt 0.140625 -0.234375
vt 0.140625 -0.8125
vt 0.859375 -0.8125
vt 0.859375 -0.234375
vt 0.140625 -0.234375
vt 0.140625 -0.8125
vt 0.859375 -0.8125
vt 2.0 0.0
vt 1.0 0.0
vt 1.0 -1.0
vt 2.0 -1.0
vt 2.0 0.0
vt 1.0 0.0
vt 1.0 -1.0
vt 2.0 -1.0
vt 0.875 -0.125
vt 0.125 -0.125
vt 0.125 -0.875
vt 0.875 -0.875
vt 0.0 -0.984375
vt -1.0 -0.984375
vt -0.5 -0.015625
vt 0.0 -0.984375
vt -1.0 -0.984375
vt 0.0 -0.984375
vt -0.5 -0.015625
vt -1.0 -0.984375
vt 1.0 1.0
vt 0.0 1.0
vt 0.0 0.0
vt 1.0 0.0
vt 0.859375 -0.234375
vt 0.140625 -0.234375
vt 0.140625 -0.8125
vt 0.859375 -0.8125
vt 0.859375 -0.234375
vt 0.140625 -0.234375
vt 0.140625 -0.8125
vt 0.859375 -0.8125
vt 0.859375 -0.234375
vt 0.140625 -0.234375
vt 0.140625 -0.8125
vt 0.859375 -0.8125
vt 0.859375 -0.234375
vt 0.140625 -0.234375
vt 0.140625 -0.8125
vt 0.859375 -0.8125
vt 2.0 0.0
vt 1.0 0.0
vt 1.0 -1.0
vt 2.0 -1.0
vt 2.0 0.0
vt 1.0 0.0
vt 1.0 -1.0
vt 2.0 -1.0
vt 0.875 -0.125
vt 0.125 -0.125
vt 0.125 -0.875
vt 0.875 -0.875
vt 0.0 -0.984375
vt -1.0 -0.984375
vt -0.5 -0.015625
vt 0.0 -0.984375
vt -1.0 -0.984375
vt 0.0 -0.984375
vt -0.5 -0.015625
vt -1.0 -0.984375
vt 1.0 1.0
vt 0.0 1.0
vt 0.0 0.0
vt 1.0 0.0
vt 0.859375 -0.234375
vt 0.140625 -0.234375
vt 0.140625 -0.8125
vt 0.859375 -0.8125
vt 0.859375 -0.234375
vt 0.140625 -0.234375
vt 0.140625 -0.8125
vt 0.859375 -0.8125
vt 0.859375 -0.234375
vt 0.140625 -0.234375
vt 0.140625 -0.8125
vt 0.859375 -0.8125
vt 0.859375 -0.234375
vt 0.140625 -0.234375
vt 0.140625 -0.8125
vt 0.859375 -0.8125
vt 2.0 0.0
vt 1.0 0.0
vt 1.0 -1.0
vt 2.0 -1.0
vt 2.0 0.0
vt 1.0 0.0
vt 1.0 -1.0
vt 2.0 -1.0
vt 0.875 -0.125
vt 0.125 -0.125
vt 0.125 -0.875
vt 0.875 -0.875
vt 0.0 -0.984375
vt -1.0 -0.984375
vt -0.5 -0.015625
vt 0.0 -0.984375
vt -1.0 -0.984375
vt 0.0 -0.984375
vt -0.5 -0.015625
vt -1.0 -0.984375
vt 1.0 1.0
vt 0.0 1.0
vt 0.0 0.0
vt 1.0 0.0
vt 0.859375 -0.234375
vt 0.140625 -0.234375
vt 0.140625 -0.8125
vt 0.859375 -0.8125
vt 0.859375 -0.234375
vt 0.140625 -0.234375
vt 0.140625 -0.8125
vt 0.859375 -0.8125
vt 0.859375 -0.234375
vt 0.140625 -0.234375
vt 0.140625 -0.8125
vt 0.859375 -0.8125
vt 0.859375 -0.234375
vt 0.140625 -0.234375
vt 0.140625 -0.8125
vt 0.859375 -0.8125
vt 2.0 0.0
vt 1.0 0.0
vt 1.0 -1.0
vt 2.0 -1.0
vt 2.0 0.0
vt 1.0 0.0
vt 1.0 -1.0
vt 2.0 -1.0
vt 0.875 -0.125
vt 0.125 -0.125
vt 0.125 -0.875
vt 0.875 -0.875
vt 0.0 0.0
vt 0.0 -1.0
vt 1.0 -1.0
vt 1.0 0.0
vt 0.0 -6.0E-5
vt 0.0 -1.0
vt 1.000053 -1.0
vt 1.000003 -6.0E-5
vt 0.0 -1.0
vt -1.0 -1.0
vt -1.0 -2.0
vt 0.0 -2.0
vt 0.0 0.0
vt 0.0 -1.0
vt -1.0 -1.0
vt -1.0 0.0
vt 0.0 0.0
vt -1.0 0.0
vt -1.0 -1.0
vt 0.0 -1.0
vt 0.0 -2.0
vt 0.0 -1.0
vt -1.0 -1.0
vt -1.0 -2.0
vt 0.0 -0.984375
vt -1.0 -0.984375
vt -0.5 -0.015625
vt 0.0 -0.984375
vt -1.0 -0.984375
vt 0.0 -0.984375
vt -0.5 -0.015625
vt -1.0 -0.984375
vt 1.0 1.0
vt 0.0 1.0
vt 0.0 0.0
vt 1.0 0.0
vt 0.859375 -0.234375
vt 0.140625 -0.234375
vt 0.140625 -0.8125
vt 0.859375 -0.8125
vt 0.859375 -0.234375
vt 0.140625 -0.234375
vt 0.140625 -0.8125
vt 0.859375 -0.8125
vt 0.859375 -0.234375
vt 0.140625 -0.234375
vt 0.140625 -0.8125
vt 0.859375 -0.8125
vt 0.859375 -0.234375
vt 0.140625 -0.234375
vt 0.140625 -0.8125
vt 0.859375 -0.8125
vt 2.0 0.0
vt 1.0 0.0
vt 1.0 -1.0
vt 2.0 -1.0
vt 2.0 0.0
vt 1.0 0.0
vt 1.0 -1.0
vt 2.0 -1.0
vt 0.875 -0.125
vt 0.125 -0.125
vt 0.125 -0.875
vt 0.875 -0.875
vt 0.0 0.0
vt 0.0 -1.0
vt 1.0 -1.0
vt 1.0 0.0
vt 0.0 0.0
vt 0.0 -1.0
vt 1.0 -1.0
vt 1.0 0.0
vt 5.3E-5 0.0
vt 5.4E-5 -0.999978
vt 1.000053 -0.999978
vt 1.000003 0.0
vt 5.3E-5 0.0
vt 5.4E-5 -0.999978
vt 1.000053 -0.999978
vt 1.000003 0.0
vt 0.0 0.0
vt 0.0 -1.0
vt 1.0 -1.0
vt 1.0 0.0
vt 0.0 -6.0E-5
vt 0.0 -1.0
vt 1.000053 -1.0
vt 1.000003 -6.0E-5
vt 0.0 0.0
vt 0.5 -1.0
vt 1.0 0.0
vt 0.0 -1.0
vt 1.0 -1.0
vt 0.500579 -8.2E-5
vt 0.0 -0.999918
vt 1.0 -0.999918
vt 0.0 0.0
vt 1.0 0.0
vt 1.0 1.0
vt 0.0 1.0
vt 0.0 0.0
vt 1.0 0.0
vt 1.0 1.0
vt 0.0 1.0
vt 0.0 0.0
vt 1.0 0.0
vt 1.0 1.0
vt 0.0 1.0
vt 0.0 0.0
vt 1.0 0.0
vt 1.0 1.0
vt 0.0 1.0
vt 0.0 0.0
vt 1.0 0.0
vt 1.0 1.0
vt 0.0 1.0
vt 0.0 -0.984375
vt -1.0 -0.984375
vt -0.5 -0.015625
vt 0.0 -0.984375
vt -1.0 -0.984375
vt 0.0 -0.984375
vt -0.5 -0.015625
vt -1.0 -0.984375
vt 1.0 1.0
vt 0.0 1.0
vt 0.0 0.0
vt 1.0 0.0
vt 0.859375 -0.234375
vt 0.140625 -0.234375
vt 0.140625 -0.8125
vt 0.859375 -0.8125
vt 0.859375 -0.234375
vt 0.140625 -0.234375
vt 0.140625 -0.8125
vt 0.859375 -0.8125
vt 0.859375 -0.234375
vt 0.140625 -0.234375
vt 0.140625 -0.8125
vt 0.859375 -0.8125
vt 0.859375 -0.234375
vt 0.140625 -0.234375
vt 0.140625 -0.8125
vt 0.859375 -0.8125
vt 2.0 0.0
vt 1.0 0.0
vt 1.0 -1.0
vt 2.0 -1.0
vt 2.0 0.0
vt 1.0 0.0
vt 1.0 -1.0
vt 2.0 -1.0
vt 0.875 -0.125
vt 0.125 -0.125
vt 0.125 -0.875
vt 0.875 -0.875
vt 0.0 -0.984375
vt -1.0 -0.984375
vt -0.5 -0.015625
vt 0.0 -0.984375
vt -1.0 -0.984375
vt 0.0 -0.984375
vt -0.5 -0.015625
vt -1.0 -0.984375
vt 1.0 1.0
vt 0.0 1.0
vt 0.0 0.0
vt 1.0 0.0
vt 0.859375 -0.234375
vt 0.140625 -0.234375
vt 0.140625 -0.8125
vt 0.859375 -0.8125
vt 0.859375 -0.234375
vt 0.140625 -0.234375
vt 0.140625 -0.8125
vt 0.859375 -0.8125
vt 0.859375 -0.234375
vt 0.140625 -0.234375
vt 0.140625 -0.8125
vt 0.859375 -0.8125
vt 0.859375 -0.234375
vt 0.140625 -0.234375
vt 0.140625 -0.8125
vt 0.859375 -0.8125
vt 2.0 0.0
vt 1.0 0.0
vt 1.0 -1.0
vt 2.0 -1.0
vt 2.0 0.0
vt 1.0 0.0
vt 1.0 -1.0
vt 2.0 -1.0
vt 0.875 -0.125
vt 0.125 -0.125
vt 0.125 -0.875
vt 0.875 -0.875
vt 0.0 0.0
vt 0.0 -1.0
vt 4.0 -1.0
vt 4.0 0.0
vt 0.0 -6.0E-5
vt 0.0 -1.0
vt 4.000212 -1.0
vt 4.000012 -6.0E-5
vt 0.0 0.0
vt 0.0 -1.0
vt 1.0 -1.0
vt 1.0 0.0
vt 0.0 0.0
vt 0.0 -1.0
vt 1.0 -1.0
vt 1.0 0.0
vt 5.3E-5 0.0
vt 5.4E-5 -0.999978
vt 1.000053 -0.999978
vt 1.000003 0.0
vt 5.3E-5 0.0
vt 5.4E-5 -0.999978
vt 1.000053 -0.999978
vt 1.000003 0.0
vt 0.0 0.0
vt 0.0 -1.0
vt 8.0 -1.0
vt 8.0 0.0
vt 0.0 -6.0E-5
vt 0.0 -1.0
vt 8.000424 -1.0
vt 8.000024 -6.0E-5
vt 0.0 0.0
vt 0.0 -1.0
vt 5.0 -1.0
vt 5.0 0.0
vt 0.0 -6.0E-5
vt 0.0 -1.0
vt 5.000265 -1.0
vt 5.000015 -6.0E-5
vt 0.0 -0.984375
vt -1.0 -0.984375
vt -0.5 -0.015625
vt 0.0 -0.984375
vt -1.0 -0.984375
vt 0.0 -0.984375
vt -0.5 -0.015625
vt -1.0 -0.984375
vt 1.0 1.0
vt 0.0 1.0
vt 0.0 0.0
vt 1.0 0.0
vt 0.859375 -0.234375
vt 0.140625 -0.234375
vt 0.140625 -0.8125
vt 0.859375 -0.8125
vt 0.859375 -0.234375
vt 0.140625 -0.234375
vt 0.140625 -0.8125
vt 0.859375 -0.8125
vt 0.859375 -0.234375
vt 0.140625 -0.234375
vt 0.140625 -0.8125
vt 0.859375 -0.8125
vt 0.859375 -0.234375
vt 0.140625 -0.234375
vt 0.140625 -0.8125
vt 0.859375 -0.8125
vt 2.0 0.0
vt 1.0 0.0
vt 1.0 -1.0
vt 2.0 -1.0
vt 2.0 0.0
vt 1.0 0.0
vt 1.0 -1.0
vt 2.0 -1.0
vt 0.875 -0.125
vt 0.125 -0.125
vt 0.125 -0.875
vt 0.875 -0.875
vt 0.0 0.0
vt 0.5 -1.0
vt 1.0 0.0
vt 0.0 -1.0
vt 1.0 -1.0
vt 0.500579 -8.2E-5
vt 0.0 -0.999918
vt 1.0 -0.999918
vt 0.0 0.0
vt 0.0 -1.0
vt 8.0 -1.0
vt 8.0 0.0
vt 0.0 -6.0E-5
vt 0.0 -1.0
vt 8.000424 -1.0
vt 8.000024 -6.0E-5
vt 0.0 0.0
vt 0.0 -1.0
vt 2.0 -1.0
vt 2.0 0.0
vt 0.0 -6.0E-5
vt 0.0 -1.0
vt 2.000106 -1.0
vt 2.000006 -6.0E-5
vt 0.0 0.0
vt 0.5 -1.0
vt 1.0 0.0
vt 0.0 -1.0
vt 1.0 -1.0
vt 0.500579 -8.2E-5
vt 0.0 -0.999918
vt 1.0 -0.999918
vt 0.0 0.0
vt 0.0 -1.0
vt 1.0 -1.0
vt 1.0 0.0
vt 0.0 0.0
vt 0.0 -1.0
vt 1.0 -1.0
vt 1.0 0.0
vt 5.3E-5 0.0
vt 5.4E-5 -0.999978
vt 1.000053 -0.999978
vt 1.000003 0.0
vt 5.3E-5 0.0
vt 5.4E-5 -0.999978
vt 1.000053 -0.999978
vt 1.000003 0.0
vt 0.0 0.0
vt 0.0 -1.0
vt 8.0 -1.0
vt 8.0 0.0
vt 0.0 -6.0E-5
vt 0.0 -1.0
vt 8.000424 -1.0
vt 8.000024 -6.0E-5
vt 0.0 0.0
vt 0.0 -1.0
vt 6.0 -1.0
vt 6.0 0.0
vt 0.0 -6.0E-5
vt 0.0 -1.0
vt 6.0003185 -1.0
vt 6.000018 -6.0E-5
vt 1.000003 -6.0E-5
vt 0.0 0.0
vt 0.0 -1.0
vt 1.0 -1.0
vt 1.0 0.0
vt 1.000053 -1.0
vt 0.0 -6.0E-5
vt 0.0 -0.984375
vt -1.0 -0.984375
vt -0.5 -0.015625
vt 0.0 -0.984375
vt -1.0 -0.984375
vt 0.0 -0.984375
vt -0.5 -0.015625
vt -1.0 -0.984375
vt 1.0 1.0
vt 0.0 1.0
vt 0.0 0.0
vt 1.0 0.0
vt 0.859375 -0.234375
vt 0.140625 -0.234375
vt 0.140625 -0.8125
vt 0.859375 -0.8125
vt 0.859375 -0.234375
vt 0.140625 -0.234375
vt 0.140625 -0.8125
vt 0.859375 -0.8125
vt 0.859375 -0.234375
vt 0.140625 -0.234375
vt 0.140625 -0.8125
vt 0.859375 -0.8125
vt 0.859375 -0.234375
vt 0.140625 -0.234375
vt 0.140625 -0.8125
vt 0.859375 -0.8125
vt 2.0 0.0
vt 1.0 0.0
vt 1.0 -1.0
vt 2.0 -1.0
vt 2.0 0.0
vt 1.0 0.0
vt 1.0 -1.0
vt 2.0 -1.0
vt 0.875 -0.125
vt 0.125 -0.125
vt 0.125 -0.875
vt 0.875 -0.875
vt 0.0 -0.984375
vt -1.0 -0.984375
vt -0.5 -0.015625
vt 0.0 -0.984375
vt -1.0 -0.984375
vt 0.0 -0.984375
vt -0.5 -0.015625
vt -1.0 -0.984375
vt 1.0 1.0
vt 0.0 1.0
vt 0.0 0.0
vt 1.0 0.0
vt 0.859375 -0.234375
vt 0.140625 -0.234375
vt 0.140625 -0.8125
vt 0.859375 -0.8125
vt 0.859375 -0.234375
vt 0.140625 -0.234375
vt 0.140625 -0.8125
vt 0.859375 -0.8125
vt 0.859375 -0.234375
vt 0.140625 -0.234375
vt 0.140625 -0.8125
vt 0.859375 -0.8125
vt 0.859375 -0.234375
vt 0.140625 -0.234375
vt 0.140625 -0.8125
vt 0.859375 -0.8125
vt 2.0 0.0
vt 1.0 0.0
vt 1.0 -1.0
vt 2.0 -1.0
vt 2.0 0.0
vt 1.0 0.0
vt 1.0 -1.0
vt 2.0 -1.0
vt 0.875 -0.125
vt 0.125 -0.125
vt 0.125 -0.875
vt 0.875 -0.875
vt 0.0 -0.984375
vt -1.0 -0.984375
vt -0.5 -0.015625
vt 0.0 -0.984375
vt -1.0 -0.984375
vt 0.0 -0.984375
vt -0.5 -0.015625
vt -1.0 -0.984375
vt 1.0 1.0
vt 0.0 1.0
vt 0.0 0.0
vt 1.0 0.0
vt 0.859375 -0.234375
vt 0.140625 -0.234375
vt 0.140625 -0.8125
vt 0.859375 -0.8125
vt 0.859375 -0.234375
vt 0.140625 -0.234375
vt 0.140625 -0.8125
vt 0.859375 -0.8125
vt 0.859375 -0.234375
vt 0.140625 -0.234375
vt 0.140625 -0.8125
vt 0.859375 -0.8125
vt 0.859375 -0.234375
vt 0.140625 -0.234375
vt 0.140625 -0.8125
vt 0.859375 -0.8125
vt 2.0 0.0
vt 1.0 0.0
vt 1.0 -1.0
vt 2.0 -1.0
vt 2.0 0.0
vt 1.0 0.0
vt 1.0 -1.0
vt 2.0 -1.0
vt 0.875 -0.125
vt 0.125 -0.125
vt 0.125 -0.875
vt 0.875 -0.875
vt 0.0 -0.984375
vt -1.0 -0.984375
vt -0.5 -0.015625
vt 0.0 -0.984375
vt -1.0 -0.984375
vt 0.0 -0.984375
vt -0.5 -0.015625
vt -1.0 -0.984375
vt 1.0 1.0
vt 0.0 1.0
vt 0.0 0.0
vt 1.0 0.0
vt 0.859375 -0.234375
vt 0.140625 -0.234375
vt 0.140625 -0.8125
vt 0.859375 -0.8125
vt 0.859375 -0.234375
vt 0.140625 -0.234375
vt 0.140625 -0.8125
vt 0.859375 -0.8125
vt 0.859375 -0.234375
vt 0.140625 -0.234375
vt 0.140625 -0.8125
vt 0.859375 -0.8125
vt 0.859375 -0.234375
vt 0.140625 -0.234375
vt 0.140625 -0.8125
vt 0.859375 -0.8125
vt 2.0 0.0
vt 1.0 0.0
vt 1.0 -1.0
vt 2.0 -1.0
vt 2.0 0.0
vt 1.0 0.0
vt 1.0 -1.0
vt 2.0 -1.0
vt 0.875 -0.125
vt 0.125 -0.125
vt 0.125 -0.875
vt 0.875 -0.875
vt 0.0 0.0
vt 0.0 -1.0
vt 1.0 -1.0
vt 1.0 0.0
vt 0.0 -6.0E-5
vt 0.0 -1.0
vt 1.000053 -1.0
vt 1.000003 -6.0E-5
vt 0.0 0.0
vt 0.0 -1.0
vt 1.0 -1.0
vt 1.0 0.0
vt 0.0 0.0
vt 0.0 -1.0
vt 1.0 -1.0
vt 1.0 0.0
vt 5.3E-5 0.0
vt 5.4E-5 -0.999978
vt 1.000053 -0.999978
vt 1.000003 0.0
vt 5.3E-5 0.0
vt 5.4E-5 -0.999978
vt 1.000053 -0.999978
vt 1.000003 0.0
vt 0.0 0.0
vt 0.0 -1.0
vt 8.0 -1.0
vt 8.0 0.0
vt 0.0 -6.0E-5
vt 0.0 -1.0
vt 8.000424 -1.0
vt 8.000024 -6.0E-5
vt 0.0 0.0
vt 0.0 -1.0
vt 6.0 -1.0
vt 6.0 0.0
vt 0.0 -6.0E-5
vt 0.0 -1.0
vt 6.0003185 -1.0
vt 6.000018 -6.0E-5
vt 0.0 0.0
vt 0.5 -1.0
vt 1.0 0.0
vt 0.0 -1.0
vt 1.0 -1.0
vt 0.500579 -8.2E-5
vt 0.0 -0.999918
vt 1.0 -0.999918
vt -2.0 -2.0
vt -1.0 -2.0
vt -1.0 1.0
vt -2.0 1.0
vt -1.0 -1.0
vt 0.0 -1.0
vt 0.0 0.0
vt -1.0 0.0
vt -1.0 -0.84375
vt 0.0 -0.84375
vt 0.0 0.0
vt -1.0 0.0
vt -1.0 -1.0
vt 0.0 -1.0
vt 0.0 -0.15625
vt -1.0 -0.15625
vt -1.0 -1.0
vt 0.0 -1.0
vt 0.0 0.0
vt -1.0 0.0
vt -1.0 0.0
vt 0.0 0.0
vt 0.0 -1.0
vt -1.0 -1.0
vt -1.0 0.0
vt 0.0 0.0
vt 0.0 -1.0
vt -1.0 -1.0
vt -1.0 0.0
vt 0.0 0.0
vt 0.0 -1.0
vt -1.0 -1.0
vt -1.0 0.0
vt 0.0 0.0
vt 0.0 -1.0
vt -1.0 -1.0
vt -1.0 0.0
vt 0.0 0.0
vt 0.0 -1.0
vt -1.0 -1.0
vt -2.0 0.0
vt 0.0 0.0
vt 0.0 -1.0
vt -2.0 -1.0
vt -1.0 0.0
vt 0.0 0.0
vt 0.0 -1.0
vt -1.0 -1.0
vt 0.46875 -0.03125
vt 0.46875 -0.03125
vt 0.46875 -0.03125
vt 0.46875 -0.03125
vt 0.0 -0.375
vt 0.0 -1.0
vt 1.0 -1.0
vt 1.0 -0.375
vt 0.0 0.0
vt 1.0 0.0
vt 0.46875 -0.03125
vt 0.46875 -0.03125
vt 0.46875 -0.03125
vt 0.46875 -0.03125
vt -1.0 -1.0
vt -1.0 0.0
vt 0.0 0.0
vt 0.0 -1.0
vt -1.0 -1.0
vt -1.0 0.0
vt 0.0 0.0
vt 0.0 -1.0
vt -1.0 -1.0
vt -1.0 0.0
vt 0.0 0.0
vt 0.0 -1.0
vt -1.0 -1.0
vt -1.0 0.0
vt 0.0 0.0
vt 0.0 -1.0
vt 0.46875 -0.03125
vt 0.46875 -0.03125
vt 0.46875 -0.03125
vt 0.46875 -0.03125
vt 0.0 -2.0
vt 0.0 -1.0
vt -1.0 -1.0
vt -1.0 -2.0
vt 0.0 0.0
vt -1.0 0.0
vt -1.0 -1.0
vt 0.0 -1.0
vt 0.0 0.0
vt -1.0 0.0
vt -1.0 -1.0
vt 0.0 -1.0
vt 0.0 -2.0
vt 0.0 -1.0
vt -1.0 -1.0
vt -1.0 -2.0
vt 0.0 0.0
vt -1.0 0.0
vt -1.0 -1.0
vt 0.0 -1.0
vt 0.0 0.0
vt -1.0 0.0
vt -1.0 -1.0
vt 0.0 -1.0
vt 0.0 -2.0
vt 0.0 -1.0
vt -1.0 -1.0
vt -1.0 -2.0
vt -1.0 0.0
vt -1.0 -1.0
vt 0.0 0.0
vt 0.0 -1.0
vt 0.0 -2.0
vt 0.0 -1.0
vt -1.0 -1.0
vt -1.0 -2.0
vt 0.0 0.0
vt -1.0 0.0
vt -1.0 -1.0
vt 0.0 -1.0
vt 0.0 0.0
vt -1.0 0.0
vt -1.0 -1.0
vt 0.0 -1.0
vt -1.0 -1.0
vt 0.0 -1.0
vt 0.0 0.0
vt -1.0 0.0
vt -1.0 -1.0
vt 0.0 -1.0
vt 0.0 0.0
vt -1.0 0.0
vt -1.890625 -0.0625
vt -1.984375 -0.0625
vt -1.984375 -0.4375
vt -1.890625 -0.4375
vt -0.375 -0.4375
vt -0.835938 -0.4375
vt -0.835938 -18.0
vt -0.375 -18.0
vt -1.980469 -0.546875
vt -1.980469 -0.703125
vt -1.894531 -0.703125
vt -1.894531 -0.546875
vt -1.980469 -0.546875
vt -1.980469 -0.703125
vt -1.894531 -0.703125
vt -1.894531 -0.546875
vt -1.890625 -0.0625
vt -1.984375 -0.0625
vt -1.984375 -0.4375
vt -1.890625 -0.4375
vt -1.9375 -0.875
vt -1.9375 -0.875
vt -1.9375 -0.875
vt -1.9375 -0.875
vt -0.835938 0.0
vt -0.375 0.0
vt -0.375 -0.4375
vt -0.835938 -0.4375
vt -0.835938 -0.4375
vt -0.835938 -18.0
vt -1.9375 -0.875
vt -1.9375 -0.875
vt -1.9375 -0.875
vt -1.9375 -0.875
vt -1.9375 -0.875
vt -1.9375 -0.875
vt -1.9375 -0.875
vt -1.9375 -0.875
vt -0.835938 0.0
vt -0.835938 -0.4375
vt -1.9375 -0.875
vt -1.9375 -0.875
vt -1.9375 -0.875
vt -1.9375 -0.875
vt -1.9375 -0.875
vt -1.9375 -0.875
vt -1.9375 -0.875
vt -1.9375 -0.875
vt -1.9375 -0.875
vt -1.9375 -0.875
vt 2.5 -1.0
vt -1.5 -1.0
vt -1.5 0.0
vt 2.5 -1.0
vt -1.5 0.0
vt -1.5 -1.0
vt -1.5 -1.0
vt -1.5 0.0
vt 2.5 0.0
vt 3.5 -1.0
vt -1.5 -1.0
vt 3.5 -1.0
vt 2.5 0.0
vt -1.5 0.0
vt 0.0 -0.984375
vt -1.0 -0.984375
vt -0.5 -0.015625
vt 0.0 -0.984375
vt -1.0 -0.984375
vt 0.0 -0.984375
vt -0.5 -0.015625
vt -1.0 -0.984375
vt 1.0 1.0
vt 0.0 1.0
vt 0.0 0.0
vt 1.0 0.0
vt 0.859375 -0.234375
vt 0.140625 -0.234375
vt 0.140625 -0.8125
vt 0.859375 -0.8125
vt 0.859375 -0.234375
vt 0.140625 -0.234375
vt 0.140625 -0.8125
vt 0.859375 -0.8125
vt 0.859375 -0.234375
vt 0.140625 -0.234375
vt 0.140625 -0.8125
vt 0.859375 -0.8125
vt 0.859375 -0.234375
vt 0.140625 -0.234375
vt 0.140625 -0.8125
vt 0.859375 -0.8125
vt 2.0 0.0
vt 1.0 0.0
vt 1.0 -1.0
vt 2.0 -1.0
vt 2.0 0.0
vt 1.0 0.0
vt 1.0 -1.0
vt 2.0 -1.0
vt 0.875 -0.125
vt 0.125 -0.125
vt 0.125 -0.875
vt 0.875 -0.875
vn 0.0 0.0 1.0
vn 0.0 0.0 1.0
vn 0.0 0.0 1.0
vn 0.0 0.0 1.0
vn 0.0 0.0 1.0
vn 0.0 0.0 1.0
vn 0.0 0.0 1.0
vn 0.0 0.0 1.0
vn 0.0 0.0 1.0
vn 0.0 0.0 1.0
vn 0.0 0.0 1.0
vn 0.0 0.0 1.0
vn 0.0 0.0 1.0
vn 0.0 0.0 1.0
vn 0.0 0.0 1.0
vn 0.0 0.0 1.0
vn 0.0 0.0 1.0
vn 0.0 0.0 1.0
vn 0.0 0.0 1.0
vn 0.0 0.0 1.0
vn 0.0 0.0 1.0
vn 0.0 0.0 1.0
vn 0.0 0.0 1.0
vn 0.0 0.0 1.0
vn 0.0 0.0 1.0
vn 0.0 0.0 1.0
vn 0.0 0.0 1.0
vn 0.0 0.0 1.0
vn 0.0 0.0 1.0
vn 0.0 0.0 1.0
vn 0.0 0.0 1.0
vn 0.0 0.0 1.0
vn 0.0 0.0 1.0
vn 0.0 0.0 1.0
vn 0.0 0.0 1.0
vn 0.0 0.0 1.0
vn 0.0 0.0 1.0
vn 0.0 0.0 1.0
vn -0.0 -0.0 1.0
vn -0.0 -0.0 1.0
vn 0.0 -0.0 1.0
vn 0.0 -0.0 1.0
vn 0.0 0.0 1.0
vn 0.0 0.0 1.0
vn 0.0 0.0 1.0
vn 0.0 0.0 1.0
vn 0.0 0.0 1.0
vn 0.0 0.0 1.0
vn 0.0 0.0 1.0
vn 0.0 0.0 1.0
vn 0.0 0.0 1.0
vn 0.0 0.0 1.0
vn 0.0 0.0 1.0
vn 0.0 0.0 1.0
vn 0.0 0.0 1.0
vn 0.0 0.0 1.0
vn 0.0 0.0 1.0
vn 0.0 0.0 1.0
vn 0.0 0.0 1.0
vn 0.0 0.0 1.0
vn 0.0 0.0 1.0
vn 0.0 0.0 1.0
vn 0.0 0.0 1.0
vn 0.0 0.0 1.0
vn 0.0 0.0 1.0
vn 0.0 0.0 1.0
vn 0.0 0.0 1.0
vn 0.0 0.0 1.0
vn 0.0 0.0 1.0
vn 0.0 0.0 1.0
vn 0.0 0.0 1.0
vn 0.0 0.0 1.0
vn 0.0 0.0 1.0
vn 0.0 0.0 1.0
vn 0.0 0.0 1.0
vn 0.0 0.0 1.0
vn 0.0 0.0 1.0
vn 0.0 0.0 1.0
vn 0.0 0.0 1.0
vn 0.0 0.0 1.0
vn 0.0 0.0 1.0
vn 0.0 0.0 1.0
vn 0.0 0.0 1.0
vn 0.0 0.0 1.0
vn -0.001383 0.006577 0.999977
vn -0.001383 0.006577 0.999977
vn -0.001383 0.006577 0.999977
vn -0.001383 0.006577 0.999977
vn -0.001383 0.006577 0.999977
vn -0.001383 0.006577 0.999977
vn -0.001383 0.006577 0.999977
vn -0.001383 0.006577 0.999977
vn -0.001383 0.006577 0.999977
vn -0.001383 0.006577 0.999977
vn -0.001383 0.006577 0.999977
vn -0.001383 0.006577 0.999977
vn -0.001383 0.006577 0.999977
vn -0.001383 0.006577 0.999977
vn -0.001383 0.006577 0.999977
vn -0.001383 0.006577 0.999977
vn -0.001383 0.006577 0.999977
vn -0.001383 0.006577 0.999977
vn -0.001383 0.006577 0.999977
vn -0.001383 0.006577 0.999977
vn 0.0 0.0 1.0
vn -1.0 0.0 -0.0
vn 1.0 0.0 0.0
vn -0.001383 0.006577 0.999977
vn -0.001383 0.006577 0.999977
vn -0.001383 0.006577 0.999977
vn -0.001383 0.006577 0.999977
vn -0.001383 0.006577 0.999977
vn -0.001383 0.006577 0.999977
vn -0.001383 0.006577 0.999977
vn -0.001383 0.006577 0.999977
vn -0.001383 0.006577 0.999977
vn -0.001383 0.006577 0.999977
vn -0.001383 0.006577 0.999977
vn -0.001383 0.006577 0.999977
vn -0.001383 0.006577 0.999977
vn -0.001383 0.006577 0.999977
vn -0.001383 0.006577 0.999977
vn -0.001383 0.006577 0.999977
vn -0.001383 0.006577 0.999977
vn -0.001383 0.006577 0.999977
vn -0.001383 0.006577 0.999977
vn -0.001383 0.006577 0.999977
vn -0.001383 0.006577 0.999977
vn -0.001383 0.006577 0.999977
vn -0.001383 0.006577 0.999977
vn -0.001383 0.006577 0.999977
vn -0.001383 0.006577 0.999977
vn -0.001383 0.006577 0.999977
vn -0.001383 0.006577 0.999977
vn -0.001383 0.006577 0.999977
vn -0.001383 0.006577 0.999977
vn -0.001383 0.006577 0.999977
vn -0.001383 0.006577 0.999977
vn -0.001383 0.006577 0.999977
vn -0.001383 0.006577 0.999977
vn -0.001383 0.006577 0.999977
vn -0.001383 0.006577 0.999977
vn -0.001383 0.006577 0.999977
vn -0.001383 0.006577 0.999977
vn -0.001383 0.006577 0.999977
vn -0.001383 0.006577 0.999977
vn -0.001383 0.006577 0.999977
vn 0.0 0.7071 0.7071
vn 0.0 0.8321 0.5547
vn -0.0 0.0434 0.9991
vn 0.0 0.7071 0.7071
vn 0.0 0.8321 0.5547
vn -0.0 0.0434 0.9991
vn 0.0 0.7071 0.7071
vn 0.0 0.8321 0.5547
vn -0.0 0.0434 0.9991
vn 0.0 0.7071 0.7071
vn 0.0 0.8321 0.5547
vn -0.0 0.0434 0.9991
vn -0.0189 -0.0 0.9998
vn -0.0188 -0.0 0.9998
vn 0.8321 0.0 0.5547
vn 0.7071 0.0 0.7071
vn 0.0 0.7071 0.7071
vn 0.1841 -0.0188 0.9827
vn 0.1841 -0.0187 0.9827
vn 0.7071 -0.0 0.7071
vn 0.8321 -0.0 0.5547
vn 0.0434 0.0 0.9991
vn 0.6947 0.0309 0.7186
vn 0.5609 0.5609 0.609
vn 0.028 0.7246 0.6886
vn 0.8515 0.0338 0.5233
vn -0.0025 0.844 0.5364
vn 0.0062 0.0149 0.9999
vn 0.0 0.0 1.0
vn -1.0 0.0 -0.0
vn 1.0 0.0 0.0
vn 0.0 0.0 1.0
vn -1.0 0.0 -0.0
vn 1.0 0.0 0.0
vn 0.0 0.7071 0.7071
vn 0.0 0.8321 0.5547
vn -0.0 0.0434 0.9991
vn -0.001383 0.006577 0.999977
vn -0.001383 0.006577 0.999977
vn -0.001383 0.006577 0.999977
vn -0.001383 0.006577 0.999977
vn -0.001383 0.006577 0.999977
vn -0.001383 0.006577 0.999977
vn -0.001383 0.006577 0.999977
vn -0.001383 0.006577 0.999977
vn -0.001383 0.006577 0.999977
vn -0.001383 0.006577 0.999977
vn -0.001383 0.006577 0.999977
vn -0.001383 0.006577 0.999977
vn -0.001383 0.006577 0.999977
vn -0.001383 0.006577 0.999977
vn -0.001383 0.006577 0.999977
vn -0.001383 0.006577 0.999977
vn -0.001383 0.006577 0.999977
vn -0.001383 0.006577 0.999977
vn -0.001383 0.006577 0.999977
vn -0.001383 0.006577 0.999977
vn 0.0 0.0 1.0
vn -1.0 0.0 -0.0
vn 1.0 0.0 0.0
vn 0.0 0.0 1.0
vn -1.0 0.0 -0.0
vn 1.0 0.0 0.0
vn 0.0 0.0 1.0
vn -1.0 0.0 -0.0
vn 1.0 0.0 0.0
vn -0.001383 0.006577 0.999977
vn -0.001383 0.006577 0.999977
vn -0.001383 0.006577 0.999977
vn -0.001383 0.006577 0.999977
vn -0.001383 0.006577 0.999977
vn -0.001383 0.006577 0.999977
vn -0.001383 0.006577 0.999977
vn -0.001383 0.006577 0.999977
vn -0.001383 0.006577 0.999977
vn -0.001383 0.006577 0.999977
vn -0.001383 0.006577 0.999977
vn -0.001383 0.006577 0.999977
vn -0.001383 0.006577 0.999977
vn -0.001383 0.006577 0.999977
vn -0.001383 0.006577 0.999977
vn -0.001383 0.006577 0.999977
vn -0.001383 0.006577 0.999977
vn -0.001383 0.006577 0.999977
vn -0.001383 0.006577 0.999977
vn -0.001383 0.006577 0.999977
vn 0.0 0.0 1.0
vn -1.0 0.0 -0.0
vn 1.0 0.0 0.0
vn -0.001383 0.006577 0.999977
vn -0.001383 0.006577 0.999977
vn -0.001383 0.006577 0.999977
vn -0.001383 0.006577 0.999977
vn -0.001383 0.006577 0.999977
vn -0.001383 0.006577 0.999977
vn -0.001383 0.006577 0.999977
vn -0.001383 0.006577 0.999977
vn -0.001383 0.006577 0.999977
vn -0.001383 0.006577 0.999977
vn -0.001383 0.006577 0.999977
vn -0.001383 0.006577 0.999977
vn -0.001383 0.006577 0.999977
vn -0.001383 0.006577 0.999977
vn -0.001383 0.006577 0.999977
vn -0.001383 0.006577 0.999977
vn -0.001383 0.006577 0.999977
vn -0.001383 0.006577 0.999977
vn -0.001383 0.006577 0.999977
vn -0.001383 0.006577 0.999977
vn 0.0 0.0 1.0
vn -1.0 0.0 -0.0
vn 1.0 0.0 0.0
vn 0.0 0.0 1.0
vn -1.0 0.0 -0.0
vn 1.0 0.0 0.0
vn -0.001383 0.006577 0.999977
vn -0.001383 0.006577 0.999977
vn -0.001383 0.006577 0.999977
vn -0.001383 0.006577 0.999977
vn -0.001383 0.006577 0.999977
vn -0.001383 0.006577 0.999977
vn -0.001383 0.006577 0.999977
vn -0.001383 0.006577 0.999977
vn -0.001383 0.006577 0.999977
vn -0.001383 0.006577 0.999977
vn -0.001383 0.006577 0.999977
vn -0.001383 0.006577 0.999977
vn -0.001383 0.006577 0.999977
vn -0.001383 0.006577 0.999977
vn -0.001383 0.006577 0.999977
vn -0.001383 0.006577 0.999977
vn -0.001383 0.006577 0.999977
vn -0.001383 0.006577 0.999977
vn -0.001383 0.006577 0.999977
vn -0.001383 0.006577 0.999977
vn -0.0189 -0.0 0.9998
vn -0.0188 -0.0 0.9998
vn 0.8321 0.0 0.5547
vn 0.7071 0.0 0.7071
vn 0.0 0.7071 0.7071
vn 0.1841 -0.0188 0.9827
vn 0.1841 -0.0187 0.9827
vn 0.7071 -0.0 0.7071
vn 0.8321 -0.0 0.5547
vn 0.0434 0.0 0.9991
vn 0.6947 0.0309 0.7186
vn 0.5609 0.5609 0.609
vn 0.028 0.7246 0.6886
vn 0.8515 0.0338 0.5233
vn -0.0025 0.844 0.5364
vn 0.0062 0.0149 0.9999
vn 0.0 0.0 1.0
vn -1.0 0.0 -0.0
vn 1.0 0.0 0.0
vn 0.0 0.7071 0.7071
vn 0.0 0.8321 0.5547
vn -0.0 0.0434 0.9991
vn -0.001383 0.006577 0.999977
vn -0.001383 0.006577 0.999977
vn -0.001383 0.006577 0.999977
vn -0.001383 0.006577 0.999977
vn -0.001383 0.006577 0.999977
vn -0.001383 0.006577 0.999977
vn -0.001383 0.006577 0.999977
vn -0.001383 0.006577 0.999977
vn -0.001383 0.006577 0.999977
vn -0.001383 0.006577 0.999977
vn -0.001383 0.006577 0.999977
vn -0.001383 0.006577 0.999977
vn -0.001383 0.006577 0.999977
vn -0.001383 0.006577 0.999977
vn -0.001383 0.006577 0.999977
vn -0.001383 0.006577 0.999977
vn -0.001383 0.006577 0.999977
vn -0.001383 0.006577 0.999977
vn -0.001383 0.006577 0.999977
vn -0.001383 0.006577 0.999977
vn -0.001383 0.006577 0.999977
vn -0.001383 0.006577 0.999977
vn -0.001383 0.006577 0.999977
vn -0.001383 0.006577 0.999977
vn -0.001383 0.006577 0.999977
vn -0.001383 0.006577 0.999977
vn -0.001383 0.006577 0.999977
vn -0.001383 0.006577 0.999977
vn -0.001383 0.006577 0.999977
vn -0.001383 0.006577 0.999977
vn -0.001383 0.006577 0.999977
vn -0.001383 0.006577 0.999977
vn -0.001383 0.006577 0.999977
vn -0.001383 0.006577 0.999977
vn -0.001383 0.006577 0.999977
vn -0.001383 0.006577 0.999977
vn -0.001383 0.006577 0.999977
vn -0.001383 0.006577 0.999977
vn -0.001383 0.006577 0.999977
vn -0.001383 0.006577 0.999977
vn 0.0 0.0 1.0
vn -1.0 0.0 -0.0
vn 1.0 0.0 0.0
vn 0.0 0.0 1.0
vn -1.0 0.0 -0.0
vn 1.0 0.0 0.0
vn 0.0 0.0 1.0
vn -1.0 0.0 -0.0
vn 1.0 0.0 0.0
vn -0.0189 -0.0 0.9998
vn -0.0188 -0.0 0.9998
vn 0.8321 0.0 0.5547
vn 0.7071 0.0 0.7071
vn 0.0 0.7071 0.7071
vn 0.1841 -0.0188 0.9827
vn 0.1841 -0.0187 0.9827
vn 0.7071 -0.0 0.7071
vn 0.8321 -0.0 0.5547
vn 0.0434 0.0 0.9991
vn 0.6947 0.0309 0.7186
vn 0.5609 0.5609 0.609
vn 0.028 0.7246 0.6886
vn 0.8515 0.0338 0.5233
vn -0.0025 0.844 0.5364
vn 0.0062 0.0149 0.9999
vn 0.0 0.0 1.0
vn -1.0 0.0 -0.0
vn 1.0 0.0 0.0
vn 0.0 0.0 1.0
vn -1.0 0.0 -0.0
vn 1.0 0.0 0.0
vn 0.0 0.7071 0.7071
vn 0.0 0.8321 0.5547
vn -0.0 0.0434 0.9991
vn 0.0 0.0 1.0
vn -1.0 0.0 -0.0
vn 1.0 0.0 0.0
vn 0.0 0.0 1.0
vn -1.0 0.0 -0.0
vn 1.0 0.0 0.0
vn -0.0189 -0.0 0.9998
vn -0.0188 -0.0 0.9998
vn 0.8321 0.0 0.5547
vn 0.7071 0.0 0.7071
vn 0.0 0.7071 0.7071
vn 0.1841 -0.0188 0.9827
vn 0.1841 -0.0187 0.9827
vn 0.7071 -0.0 0.7071
vn 0.8321 -0.0 0.5547
vn 0.0434 0.0 0.9991
vn 0.6947 0.0309 0.7186
vn 0.5609 0.5609 0.609
vn 0.028 0.7246 0.6886
vn 0.8515 0.0338 0.5233
vn -0.0025 0.844 0.5364
vn 0.0062 0.0149 0.9999
vn 0.0 0.0 1.0
vn -1.0 0.0 -0.0
vn 1.0 0.0 0.0
vn -0.001383 0.006577 0.999977
vn -0.001383 0.006577 0.999977
vn -0.001383 0.006577 0.999977
vn -0.001383 0.006577 0.999977
vn -0.001383 0.006577 0.999977
vn -0.001383 0.006577 0.999977
vn -0.001383 0.006577 0.999977
vn -0.001383 0.006577 0.999977
vn -0.001383 0.006577 0.999977
vn -0.001383 0.006577 0.999977
vn -0.001383 0.006577 0.999977
vn -0.001383 0.006577 0.999977
vn -0.001383 0.006577 0.999977
vn -0.001383 0.006577 0.999977
vn -0.001383 0.006577 0.999977
vn -0.001383 0.006577 0.999977
vn -0.001383 0.006577 0.999977
vn -0.001383 0.006577 0.999977
vn -0.001383 0.006577 0.999977
vn -0.001383 0.006577 0.999977
vn 0.0 0.7071 0.7071
vn 0.0 0.8321 0.5547
vn -0.0 0.0434 0.9991
vn -0.0189 -0.0 0.9998
vn -0.0188 -0.0 0.9998
vn 0.8321 0.0 0.5547
vn 0.7071 0.0 0.7071
vn 0.0 0.7071 0.7071
vn 0.1841 -0.0188 0.9827
vn 0.1841 -0.0187 0.9827
vn 0.7071 -0.0 0.7071
vn 0.8321 -0.0 0.5547
vn 0.0434 0.0 0.9991
vn 0.6947 0.0309 0.7186
vn 0.5609 0.5609 0.609
vn 0.028 0.7246 0.6886
vn 0.8515 0.0338 0.5233
vn -0.0025 0.844 0.5364
vn 0.0062 0.0149 0.9999
vn 0.0 0.7071 0.7071
vn 0.0 0.8321 0.5547
vn -0.0 0.0434 0.9991
vn 0.0 0.0 1.0
vn -1.0 0.0 -0.0
vn 1.0 0.0 0.0
vn -0.0189 -0.0 0.9998
vn -0.0188 -0.0 0.9998
vn 0.8321 0.0 0.5547
vn 0.7071 0.0 0.7071
vn 0.0 0.7071 0.7071
vn 0.1841 -0.0188 0.9827
vn 0.1841 -0.0187 0.9827
vn 0.7071 -0.0 0.7071
vn 0.8321 -0.0 0.5547
vn 0.0434 0.0 0.9991
vn 0.6947 0.0309 0.7186
vn 0.5609 0.5609 0.609
vn 0.028 0.7246 0.6886
vn 0.8515 0.0338 0.5233
vn -0.0025 0.844 0.5364
vn 0.0062 0.0149 0.9999
vn 0.0 0.7071 0.7071
vn 0.0 0.8321 0.5547
vn -0.0 0.0434 0.9991
vn -0.0189 -0.0 0.9998
vn -0.0188 -0.0 0.9998
vn 0.8321 0.0 0.5547
vn 0.7071 0.0 0.7071
vn 0.0 0.7071 0.7071
vn 0.1841 -0.0188 0.9827
vn 0.1841 -0.0187 0.9827
vn 0.7071 -0.0 0.7071
vn 0.8321 -0.0 0.5547
vn 0.0434 0.0 0.9991
vn 0.6947 0.0309 0.7186
vn 0.5609 0.5609 0.609
vn 0.028 0.7246 0.6886
vn 0.8515 0.0338 0.5233
vn -0.0025 0.844 0.5364
vn 0.0062 0.0149 0.9999
vn 0.0 0.7071 0.7071
vn 0.0 0.8321 0.5547
vn -0.0 0.0434 0.9991
vn 0.0 0.0 1.0
vn -1.0 0.0 -0.0
vn 1.0 0.0 0.0
vn 0.0 0.0 1.0
vn -1.0 0.0 -0.0
vn 1.0 0.0 0.0
vn 0.9571 0.0 0.2898
vn 0.8321 0.0 0.5547
vn 0.5145 0.5145 0.686
vn 0.0 0.9571 0.2898
vn 0.0 0.8321 0.5547
vn 0.2357 0.2357 0.9428
vn 0.8507 0.0 0.5257
vn 0.4472 0.0 0.8944
vn 0.0 0.4472 0.8944
vn 0.0 0.8507 0.5257
vn 0.9945 -0.0 0.1047
vn 0.8321 -0.0 0.5547
vn -0.0314 0.0237 0.9992
vn 0.9932 -0.0 0.1168
vn 0.0 0.7071 0.7071
vn 0.0 0.8321 0.5547
vn -0.0 0.0434 0.9991
vn 0.0 0.0 1.0
vn -1.0 0.0 -0.0
vn 1.0 0.0 0.0
vn -0.001383 0.006577 0.999977
vn -0.001383 0.006577 0.999977
vn -0.001383 0.006577 0.999977
vn -0.001383 0.006577 0.999977
vn -0.001383 0.006577 0.999977
vn -0.001383 0.006577 0.999977
vn -0.001383 0.006577 0.999977
vn -0.001383 0.006577 0.999977
vn -0.001383 0.006577 0.999977
vn -0.001383 0.006577 0.999977
vn -0.001383 0.006577 0.999977
vn -0.001383 0.006577 0.999977
vn -0.001383 0.006577 0.999977
vn -0.001383 0.006577 0.999977
vn -0.001383 0.006577 0.999977
vn -0.001383 0.006577 0.999977
vn -0.001383 0.006577 0.999977
vn -0.001383 0.006577 0.999977
vn -0.001383 0.006577 0.999977
vn -0.001383 0.006577 0.999977
vn -0.0189 -0.0 0.9998
vn -0.0188 -0.0 0.9998
vn 0.8321 0.0 0.5547
vn 0.7071 0.0 0.7071
vn 0.0 0.7071 0.7071
vn 0.1841 -0.0188 0.9827
vn 0.1841 -0.0187 0.9827
vn 0.7071 -0.0 0.7071
vn 0.8321 -0.0 0.5547
vn 0.0434 0.0 0.9991
vn 0.6947 0.0309 0.7186
vn 0.5609 0.5609 0.609
vn 0.028 0.7246 0.6886
vn 0.8515 0.0338 0.5233
vn -0.0025 0.844 0.5364
vn 0.0062 0.0149 0.9999
vn 0.0 0.7071 0.7071
vn 0.0 0.8321 0.5547
vn -0.0 0.0434 0.9991
vn -0.0189 -0.0 0.9998
vn -0.0188 -0.0 0.9998
vn 0.8321 0.0 0.5547
vn 0.7071 0.0 0.7071
vn 0.0 0.7071 0.7071
vn 0.1841 -0.0188 0.9827
vn 0.1841 -0.0187 0.9827
vn 0.7071 -0.0 0.7071
vn 0.8321 -0.0 0.5547
vn 0.0434 0.0 0.9991
vn 0.6947 0.0309 0.7186
vn 0.5609 0.5609 0.609
vn 0.028 0.7246 0.6886
vn 0.8515 0.0338 0.5233
vn -0.0025 0.844 0.5364
vn 0.0062 0.0149 0.9999
vn 0.0 0.0 1.0
vn -1.0 0.0 -0.0
vn 1.0 0.0 0.0
vn 0.0 0.9945 0.1047
vn 0.0 0.8321 0.5547
vn -0.0237 -0.0314 0.9992
vn 0.0 0.9932 0.1168
vn 0.0 0.0 1.0
vn -1.0 0.0 -0.0
vn 1.0 0.0 0.0
vn 0.0 0.7071 0.7071
vn 0.0 0.8321 0.5547
vn -0.0 0.0434 0.9991
vn -0.0189 -0.0 0.9998
vn -0.0188 -0.0 0.9998
vn 0.8321 0.0 0.5547
vn 0.7071 0.0 0.7071
vn 0.0 0.7071 0.7071
vn 0.1841 -0.0188 0.9827
vn 0.1841 -0.0187 0.9827
vn 0.7071 -0.0 0.7071
vn 0.8321 -0.0 0.5547
vn 0.0434 0.0 0.9991
vn 0.6947 0.0309 0.7186
vn 0.5609 0.5609 0.609
vn 0.028 0.7246 0.6886
vn 0.8515 0.0338 0.5233
vn -0.0025 0.844 0.5364
vn 0.0062 0.0149 0.9999
vn 0.0 0.7071 0.7071
vn 0.0 0.8321 0.5547
vn -0.0 0.0434 0.9991
vn -0.001383 0.006577 0.999977
vn -0.001383 0.006577 0.999977
vn -0.001383 0.006577 0.999977
vn -0.001383 0.006577 0.999977
vn -0.001383 0.006577 0.999977
vn -0.001383 0.006577 0.999977
vn -0.001383 0.006577 0.999977
vn -0.001383 0.006577 0.999977
vn -0.001383 0.006577 0.999977
vn -0.001383 0.006577 0.999977
vn -0.001383 0.006577 0.999977
vn -0.001383 0.006577 0.999977
vn -0.001383 0.006577 0.999977
vn -0.001383 0.006577 0.999977
vn -0.001383 0.006577 0.999977
vn -0.001383 0.006577 0.999977
vn -0.001383 0.006577 0.999977
vn -0.001383 0.006577 0.999977
vn -0.001383 0.006577 0.999977
vn -0.001383 0.006577 0.999977
vn -0.001383 0.006577 0.999977
vn -0.001383 0.006577 0.999977
vn -0.001383 0.006577 0.999977
vn -0.001383 0.006577 0.999977
vn -0.001383 0.006577 0.999977
vn -0.001383 0.006577 0.999977
vn -0.001383 0.006577 0.999977
vn -0.001383 0.006577 0.999977
vn -0.001383 0.006577 0.999977
vn -0.001383 0.006577 0.999977
vn -0.001383 0.006577 0.999977
vn -0.001383 0.006577 0.999977
vn -0.001383 0.006577 0.999977
vn -0.001383 0.006577 0.999977
vn -0.001383 0.006577 0.999977
vn -0.001383 0.006577 0.999977
vn -0.001383 0.006577 0.999977
vn -0.001383 0.006577 0.999977
vn -0.001383 0.006577 0.999977
vn -0.001383 0.006577 0.999977
vn 0.0 0.7071 0.7071
vn 0.0 0.8321 0.5547
vn -0.0 0.0434 0.9991
vn -0.001383 0.006577 0.999977
vn -0.001383 0.006577 0.999977
vn -0.001383 0.006577 0.999977
vn -0.001383 0.006577 0.999977
vn -0.001383 0.006577 0.999977
vn -0.001383 0.006577 0.999977
vn -0.001383 0.006577 0.999977
vn -0.001383 0.006577 0.999977
vn -0.001383 0.006577 0.999977
vn -0.001383 0.006577 0.999977
vn -0.001383 0.006577 0.999977
vn -0.001383 0.006577 0.999977
vn -0.001383 0.006577 0.999977
vn -0.001383 0.006577 0.999977
vn -0.001383 0.006577 0.999977
vn -0.001383 0.006577 0.999977
vn -0.001383 0.006577 0.999977
vn -0.001383 0.006577 0.999977
vn -0.001383 0.006577 0.999977
vn -0.001383 0.006577 0.999977
vn 0.0 0.0 1.0
vn -1.0 0.0 -0.0
vn 1.0 0.0 0.0
vn -0.0189 -0.0 0.9998
vn -0.0188 -0.0 0.9998
vn 0.8321 0.0 0.5547
vn 0.7071 0.0 0.7071
vn 0.0 0.7071 0.7071
vn 0.1841 -0.0188 0.9827
vn 0.1841 -0.0187 0.9827
vn 0.6947 0.0309 0.7186
vn 0.5609 0.5609 0.609
vn 0.028 0.7246 0.6886
vn 0.8515 0.0338 0.5233
vn -0.0025 0.844 0.5364
vn 0.0062 0.0149 0.9999
vn 0.9571 0.0 0.2898
vn 0.8321 0.0 0.5547
vn 0.5145 0.5145 0.686
vn 0.0 0.9571 0.2898
vn 0.0 0.8321 0.5547
vn 0.2357 0.2357 0.9428
vn 0.8507 0.0 0.5257
vn 0.4472 0.0 0.8944
vn 0.0 0.4472 0.8944
vn 0.0 0.8507 0.5257
vn 0.9945 -0.0 0.1047
vn 0.8321 -0.0 0.5547
vn -0.0314 0.0237 0.9992
vn 0.9932 -0.0 0.1168
vn 0.9894 0.0355 0.1406
vn 0.5609 0.5609 0.609
vn 0.0781 0.9832 0.1648
vn 0.8498 0.0198 0.5267
vn 0.056 0.7882 0.6129
vn -0.0237 -0.0314 0.9992
vn 0.7069 0.7069 0.0245
vn 0.0 0.7071 0.7071
vn 0.0 0.8321 0.5547
vn -0.0 0.0434 0.9991
vn 0.0 0.0 1.0
vn -1.0 0.0 -0.0
vn 1.0 0.0 0.0
vn -0.001383 0.006577 0.999977
vn -0.001383 0.006577 0.999977
vn -0.001383 0.006577 0.999977
vn -0.001383 0.006577 0.999977
vn -0.001383 0.006577 0.999977
vn -0.001383 0.006577 0.999977
vn -0.001383 0.006577 0.999977
vn -0.001383 0.006577 0.999977
vn -0.001383 0.006577 0.999977
vn -0.001383 0.006577 0.999977
vn -0.001383 0.006577 0.999977
vn -0.001383 0.006577 0.999977
vn -0.001383 0.006577 0.999977
vn -0.001383 0.006577 0.999977
vn -0.001383 0.006577 0.999977
vn -0.001383 0.006577 0.999977
vn -0.001383 0.006577 0.999977
vn -0.001383 0.006577 0.999977
vn -0.001383 0.006577 0.999977
vn -0.001383 0.006577 0.999977
vn -0.0189 -0.0 0.9998
vn -0.0188 -0.0 0.9998
vn 0.8321 0.0 0.5547
vn 0.7071 0.0 0.7071
vn 0.0 0.7071 0.7071
vn 0.1841 -0.0188 0.9827
vn 0.1841 -0.0187 0.9827
vn 0.6947 0.0309 0.7186
vn 0.5609 0.5609 0.609
vn 0.028 0.7246 0.6886
vn 0.8515 0.0338 0.5233
vn -0.0025 0.844 0.5364
vn 0.0062 0.0149 0.9999
vn -0.001383 0.006577 0.999977
vn -0.001383 0.006577 0.999977
vn -0.001383 0.006577 0.999977
vn -0.001383 0.006577 0.999977
vn -0.001383 0.006577 0.999977
vn -0.001383 0.006577 0.999977
vn -0.001383 0.006577 0.999977
vn -0.001383 0.006577 0.999977
vn -0.001383 0.006577 0.999977
vn -0.001383 0.006577 0.999977
vn -0.001383 0.006577 0.999977
vn -0.001383 0.006577 0.999977
vn -0.001383 0.006577 0.999977
vn -0.001383 0.006577 0.999977
vn -0.001383 0.006577 0.999977
vn -0.001383 0.006577 0.999977
vn -0.001383 0.006577 0.999977
vn -0.001383 0.006577 0.999977
vn -0.001383 0.006577 0.999977
vn -0.001383 0.006577 0.999977
vn -0.0 0.6655 0.7464
vn -0.0 0.005 1.0
vn -0.0 -0.3162 0.9487
vn -1.0 0.0 -0.0
vn -0.0 -0.0 1.0
vn 1.0 0.0 0.0
vn 0.0 0.7071 0.7071
vn 0.0 0.8321 0.5547
vn -0.0 0.0434 0.9991
vn 1.0E-4 0.0 1.0
vn 0.0 0.0 1.0
vn -0.0 -1.0E-4 1.0
vn -1.0E-4 -0.0 1.0
vn 0.0 1.0E-4 1.0
vn 0.0 0.0 1.0
vn -0.0 0.0 1.0
vn 0.0 0.0 1.0
vn 0.0 -0.0 1.0
vn 1.0E-4 0.0 1.0
vn 0.0 0.0 1.0
vn -0.0 -1.0E-4 1.0
vn -1.0E-4 -0.0 1.0
vn 0.0 1.0E-4 1.0
vn 0.0 0.0 1.0
vn -0.0 0.0 1.0
vn 0.0 0.0 1.0
vn 0.0 -0.0 1.0
vn -0.001383 0.006577 0.999977
vn -0.001383 0.006577 0.999977
vn -0.001383 0.006577 0.999977
vn -0.001383 0.006577 0.999977
vn -0.001383 0.006577 0.999977
vn -0.001383 0.006577 0.999977
vn -0.001383 0.006577 0.999977
vn -0.001383 0.006577 0.999977
vn -0.001383 0.006577 0.999977
vn -0.001383 0.006577 0.999977
vn -0.001383 0.006577 0.999977
vn -0.001383 0.006577 0.999977
vn -0.001383 0.006577 0.999977
vn -0.001383 0.006577 0.999977
vn -0.001383 0.006577 0.999977
vn -0.001383 0.006577 0.999977
vn -0.001383 0.006577 0.999977
vn -0.001383 0.006577 0.999977
vn -0.001383 0.006577 0.999977
vn -0.001383 0.006577 0.999977
vn 0.0 -0.0189 0.9998
vn 0.0 -0.0188 0.9998
vn -0.0 0.8321 0.5547
vn -0.0 0.7071 0.7071
vn -0.7071 0.0 0.7071
vn 0.0188 0.1841 0.9827
vn 0.0187 0.1841 0.9827
vn -0.0309 0.6947 0.7186
vn -0.5609 0.5609 0.609
vn -0.7246 0.028 0.6886
vn -0.0338 0.8515 0.5233
vn -0.844 -0.0025 0.5364
vn -0.0149 0.0062 0.9999
vn 0.0 -0.0189 0.9998
vn 0.0 -0.0188 0.9998
vn -0.0 0.8321 0.5547
vn -0.0 0.7071 0.7071
vn -0.7071 0.0 0.7071
vn 0.0188 0.1841 0.9827
vn 0.0187 0.1841 0.9827
vn -0.0309 0.6947 0.7186
vn -0.5609 0.5609 0.609
vn -0.7246 0.028 0.6886
vn -0.0338 0.8515 0.5233
vn -0.844 -0.0025 0.5364
vn -0.0149 0.0062 0.9999
vn 0.0 -1.0E-4 1.0
vn 0.0 -0.0 1.0
vn -1.0E-4 0.0 1.0
vn -0.0 1.0E-4 1.0
vn 1.0E-4 -0.0 1.0
vn 0.0 -0.0 1.0
vn 0.0 0.0 1.0
vn 0.0 -0.0 1.0
vn -0.0 -0.0 1.0
vn 1.0E-4 0.0 1.0
vn 0.0 0.0 1.0
vn -0.0 -1.0E-4 1.0
vn -1.0E-4 -0.0 1.0
vn 0.0 1.0E-4 1.0
vn 0.0 0.0 1.0
vn -0.0 0.0 1.0
vn 0.0 0.0 1.0
vn 0.0 -0.0 1.0
vn 0.0 0.7071 0.7071
vn 0.0 0.8321 0.5547
vn -0.0 0.0434 0.9991
vn -0.001383 0.006577 0.999977
vn -0.001383 0.006577 0.999977
vn -0.001383 0.006577 0.999977
vn -0.001383 0.006577 0.999977
vn -0.001383 0.006577 0.999977
vn -0.001383 0.006577 0.999977
vn -0.001383 0.006577 0.999977
vn -0.001383 0.006577 0.999977
vn -0.001383 0.006577 0.999977
vn -0.001383 0.006577 0.999977
vn -0.001383 0.006577 0.999977
vn -0.001383 0.006577 0.999977
vn -0.001383 0.006577 0.999977
vn -0.001383 0.006577 0.999977
vn -0.001383 0.006577 0.999977
vn -0.001383 0.006577 0.999977
vn -0.001383 0.006577 0.999977
vn -0.001383 0.006577 0.999977
vn -0.001383 0.006577 0.999977
vn -0.001383 0.006577 0.999977
vn 0.0 0.7071 0.7071
vn 0.0 0.8321 0.5547
vn -0.0 0.0434 0.9991
vn -0.0 0.9571 0.2898
vn -0.0 0.8321 0.5547
vn -0.5145 0.5145 0.686
vn -0.9571 0.0 0.2898
vn -0.8321 0.0 0.5547
vn -0.2357 0.2357 0.9428
vn -0.0 0.8507 0.5257
vn -0.0 0.4472 0.8944
vn -0.4472 0.0 0.8944
vn -0.8507 0.0 0.5257
vn -0.9932 0.0 0.1168
vn -0.8321 0.0 0.5547
vn 0.0314 -0.0237 0.9992
vn -0.9945 0.0 0.1047
vn -0.0355 0.9894 0.1406
vn -0.5609 0.5609 0.609
vn -0.9832 0.0781 0.1648
vn -0.0198 0.8498 0.5267
vn -0.7882 0.056 0.6129
vn 0.0314 -0.0237 0.9992
vn -0.7069 0.7069 0.0245
vn 0.0 -1.0E-4 1.0
vn 0.0 -0.0 1.0
vn -1.0E-4 0.0 1.0
vn -0.0 1.0E-4 1.0
vn 1.0E-4 -0.0 1.0
vn 0.0 -0.0 1.0
vn 0.0 0.0 1.0
vn 0.0 -0.0 1.0
vn -0.0 -0.0 1.0
vn 0.0 0.7071 0.7071
vn 0.0 0.8321 0.5547
vn -0.0 0.0434 0.9991
vn 0.0 0.7071 0.7071
vn 0.0 0.8321 0.5547
vn -0.0 0.0434 0.9991
vn -0.001383 0.006577 0.999977
vn -0.001383 0.006577 0.999977
vn -0.001383 0.006577 0.999977
vn -0.001383 0.006577 0.999977
vn -0.001383 0.006577 0.999977
vn -0.001383 0.006577 0.999977
vn -0.001383 0.006577 0.999977
vn -0.001383 0.006577 0.999977
vn -0.001383 0.006577 0.999977
vn -0.001383 0.006577 0.999977
vn -0.001383 0.006577 0.999977
vn -0.001383 0.006577 0.999977
vn -0.001383 0.006577 0.999977
vn -0.001383 0.006577 0.999977
vn -0.001383 0.006577 0.999977
vn -0.001383 0.006577 0.999977
vn -0.001383 0.006577 0.999977
vn -0.001383 0.006577 0.999977
vn -0.001383 0.006577 0.999977
vn -0.001383 0.006577 0.999977
vn 0.0 0.0 1.0
vn -1.0 0.0 -0.0
vn 1.0 0.0 0.0
vn 0.0 -1.0E-4 1.0
vn 0.0 -0.0 1.0
vn -1.0E-4 0.0 1.0
vn -0.0 1.0E-4 1.0
vn 1.0E-4 -0.0 1.0
vn 0.0 -0.0 1.0
vn 0.0 0.0 1.0
vn 0.0 -0.0 1.0
vn -0.0 -0.0 1.0
vn 0.0 0.9945 0.1047
vn 0.0 0.8321 0.5547
vn -0.0237 -0.0314 0.9992
vn 0.0 0.9932 0.1168
vn 0.0 0.0 1.0
vn -1.0 0.0 -0.0
vn 1.0 0.0 0.0
vn 1.0E-4 0.0 1.0
vn 0.0 0.0 1.0
vn -0.0 -1.0E-4 1.0
vn -1.0E-4 -0.0 1.0
vn 0.0 1.0E-4 1.0
vn 0.0 0.0 1.0
vn -0.0 0.0 1.0
vn 0.0 0.0 1.0
vn 0.0 -0.0 1.0
vn 0.0 -0.0189 0.9998
vn 0.0 -0.0188 0.9998
vn -0.0 0.8321 0.5547
vn -0.0 0.7071 0.7071
vn -0.7071 0.0 0.7071
vn 0.0188 0.1841 0.9827
vn 0.0187 0.1841 0.9827
vn -0.7071 0.0 0.7071
vn -0.8321 0.0 0.5547
vn -0.0434 -0.0 0.9991
vn -0.0309 0.6947 0.7186
vn -0.5609 0.5609 0.609
vn -0.7246 0.028 0.6886
vn -0.0338 0.8515 0.5233
vn -0.844 -0.0025 0.5364
vn -0.0149 0.0062 0.9999
vn 1.0E-4 0.0 1.0
vn 0.0 0.0 1.0
vn -0.0 -1.0E-4 1.0
vn -1.0E-4 -0.0 1.0
vn 0.0 1.0E-4 1.0
vn 0.0 0.0 1.0
vn -0.0 0.0 1.0
vn 0.0 0.0 1.0
vn 0.0 -0.0 1.0
vn 0.0 -0.0189 0.9998
vn 0.0 -0.0188 0.9998
vn -0.0 0.8321 0.5547
vn -0.0 0.7071 0.7071
vn -0.7071 0.0 0.7071
vn 0.0188 0.1841 0.9827
vn 0.0187 0.1841 0.9827
vn -0.7071 0.0 0.7071
vn -0.8321 0.0 0.5547
vn -0.0434 -0.0 0.9991
vn -0.0309 0.6947 0.7186
vn -0.5609 0.5609 0.609
vn -0.7246 0.028 0.6886
vn -0.0338 0.8515 0.5233
vn -0.844 -0.0025 0.5364
vn -0.0149 0.0062 0.9999
vn 0.0 0.7071 0.7071
vn 0.0 0.8321 0.5547
vn -0.0 0.0434 0.9991
vn 0.0 -0.0189 0.9998
vn 0.0 -0.0188 0.9998
vn -0.0 0.8321 0.5547
vn -0.0 0.7071 0.7071
vn -0.7071 0.0 0.7071
vn 0.0188 0.1841 0.9827
vn 0.0187 0.1841 0.9827
vn -0.7071 0.0 0.7071
vn -0.8321 0.0 0.5547
vn -0.0434 -0.0 0.9991
vn -0.0309 0.6947 0.7186
vn -0.5609 0.5609 0.609
vn -0.7246 0.028 0.6886
vn -0.0338 0.8515 0.5233
vn -0.844 -0.0025 0.5364
vn -0.0149 0.0062 0.9999
vn 0.0 -0.0189 0.9998
vn 0.0 -0.0188 0.9998
vn -0.0 0.8321 0.5547
vn -0.0 0.7071 0.7071
vn -0.7071 0.0 0.7071
vn 0.0188 0.1841 0.9827
vn 0.0187 0.1841 0.9827
vn -0.7071 0.0 0.7071
vn -0.8321 0.0 0.5547
vn -0.0434 -0.0 0.9991
vn -0.0309 0.6947 0.7186
vn -0.5609 0.5609 0.609
vn -0.7246 0.028 0.6886
vn -0.0338 0.8515 0.5233
vn -0.844 -0.0025 0.5364
vn -0.0149 0.0062 0.9999
vn 1.0E-4 0.0 1.0
vn 0.0 0.0 1.0
vn -0.0 -1.0E-4 1.0
vn -1.0E-4 -0.0 1.0
vn 0.0 1.0E-4 1.0
vn 0.0 0.0 1.0
vn -0.0 0.0 1.0
vn 0.0 0.0 1.0
vn 0.0 -0.0 1.0
vn 1.0E-4 0.0 1.0
vn 0.0 0.0 1.0
vn -0.0 -1.0E-4 1.0
vn -1.0E-4 -0.0 1.0
vn 0.0 1.0E-4 1.0
vn 0.0 0.0 1.0
vn -0.0 0.0 1.0
vn 0.0 0.0 1.0
vn 0.0 -0.0 1.0
vn 0.0 0.7071 0.7071
vn 0.0 0.8321 0.5547
vn -0.0 0.0434 0.9991
vn 0.0 -0.0189 0.9998
vn 0.0 -0.0188 0.9998
vn -0.0 0.8321 0.5547
vn -0.0 0.7071 0.7071
vn -0.7071 0.0 0.7071
vn 0.0188 0.1841 0.9827
vn 0.0187 0.1841 0.9827
vn -0.7071 0.0 0.7071
vn -0.8321 0.0 0.5547
vn -0.0434 -0.0 0.9991
vn -0.0309 0.6947 0.7186
vn -0.5609 0.5609 0.609
vn -0.7246 0.028 0.6886
vn -0.0338 0.8515 0.5233
vn -0.844 -0.0025 0.5364
vn -0.0149 0.0062 0.9999
vn 0.0 0.7071 0.7071
vn 0.0 0.8321 0.5547
vn -0.0 0.0434 0.9991
vn 0.0 0.0 1.0
vn -1.0 0.0 -0.0
vn 1.0 0.0 0.0
vn -0.0 0.9571 0.2898
vn -0.0 0.8321 0.5547
vn -0.5145 0.5145 0.686
vn -0.9571 0.0 0.2898
vn -0.8321 0.0 0.5547
vn -0.2357 0.2357 0.9428
vn -0.0 0.8507 0.5257
vn -0.0 0.4472 0.8944
vn -0.4472 0.0 0.8944
vn -0.8507 0.0 0.5257
vn -0.9932 0.0 0.1168
vn -0.8321 0.0 0.5547
vn 0.0314 -0.0237 0.9992
vn -0.9945 0.0 0.1047
vn 1.0E-4 0.0 1.0
vn 0.0 0.0 1.0
vn -0.0 -1.0E-4 1.0
vn -1.0E-4 -0.0 1.0
vn 0.0 1.0E-4 1.0
vn 0.0 0.0 1.0
vn -0.0 0.0 1.0
vn 0.0 0.0 1.0
vn 0.0 -0.0 1.0
vn 1.0E-4 0.0 1.0
vn 0.0 0.0 1.0
vn -0.0 -1.0E-4 1.0
vn -1.0E-4 -0.0 1.0
vn 0.0 1.0E-4 1.0
vn 0.0 0.0 1.0
vn -0.0 0.0 1.0
vn 0.0 0.0 1.0
vn 0.0 -0.0 1.0
vn 0.0 0.7071 0.7071
vn 0.0 0.8321 0.5547
vn -0.0 0.0434 0.9991
vn 0.0 -0.0189 0.9998
vn 0.0 -0.0188 0.9998
vn -0.0 0.8321 0.5547
vn -0.0 0.7071 0.7071
vn -0.7071 0.0 0.7071
vn 0.0188 0.1841 0.9827
vn 0.0187 0.1841 0.9827
vn -0.7071 0.0 0.7071
vn -0.8321 0.0 0.5547
vn -0.0434 -0.0 0.9991
vn -0.0309 0.6947 0.7186
vn -0.5609 0.5609 0.609
vn -0.7246 0.028 0.6886
vn -0.0338 0.8515 0.5233
vn -0.844 -0.0025 0.5364
vn -0.0149 0.0062 0.9999
vn 0.0 0.7071 0.7071
vn 0.0 0.8321 0.5547
vn -0.0 0.0434 0.9991
vn -0.001383 0.006577 0.999977
vn -0.001383 0.006577 0.999977
vn -0.001383 0.006577 0.999977
vn -0.001383 0.006577 0.999977
vn -0.001383 0.006577 0.999977
vn -0.001383 0.006577 0.999977
vn -0.001383 0.006577 0.999977
vn -0.001383 0.006577 0.999977
vn -0.001383 0.006577 0.999977
vn -0.001383 0.006577 0.999977
vn -0.001383 0.006577 0.999977
vn -0.001383 0.006577 0.999977
vn -0.001383 0.006577 0.999977
vn -0.001383 0.006577 0.999977
vn -0.001383 0.006577 0.999977
vn -0.001383 0.006577 0.999977
vn -0.001383 0.006577 0.999977
vn -0.001383 0.006577 0.999977
vn -0.001383 0.006577 0.999977
vn -0.001383 0.006577 0.999977
vn 1.0E-4 0.0 1.0
vn 0.0 0.0 1.0
vn -0.0 -1.0E-4 1.0
vn -1.0E-4 -0.0 1.0
vn 0.0 1.0E-4 1.0
vn 0.0 0.0 1.0
vn -0.0 0.0 1.0
vn 0.0 0.0 1.0
vn 0.0 -0.0 1.0
vn 0.0 0.0 1.0
vn -1.0 0.0 -0.0
vn 1.0 0.0 0.0
vn 0.0 -0.0189 0.9998
vn 0.0 -0.0188 0.9998
vn -0.0 0.8321 0.5547
vn -0.0 0.7071 0.7071
vn -0.7071 0.0 0.7071
vn 0.0188 0.1841 0.9827
vn 0.0187 0.1841 0.9827
vn -0.7071 0.0 0.7071
vn -0.8321 0.0 0.5547
vn -0.0434 -0.0 0.9991
vn -0.0309 0.6947 0.7186
vn -0.5609 0.5609 0.609
vn -0.7246 0.028 0.6886
vn -0.0338 0.8515 0.5233
vn -0.844 -0.0025 0.5364
vn -0.0149 0.0062 0.9999
vn 0.0 0.7071 0.7071
vn 0.0 0.8321 0.5547
vn -0.0 0.0434 0.9991
vn 0.0 -0.0189 0.9998
vn 0.0 -0.0188 0.9998
vn -0.0 0.8321 0.5547
vn -0.0 0.7071 0.7071
vn -0.7071 0.0 0.7071
vn 0.0188 0.1841 0.9827
vn 0.0187 0.1841 0.9827
vn -0.7071 0.0 0.7071
vn -0.8321 0.0 0.5547
vn -0.0434 -0.0 0.9991
vn -0.0309 0.6947 0.7186
vn -0.5609 0.5609 0.609
vn -0.7246 0.028 0.6886
vn -0.0338 0.8515 0.5233
vn -0.844 -0.0025 0.5364
vn -0.0149 0.0062 0.9999
vn 1.0E-4 0.0 1.0
vn 0.0 0.0 1.0
vn -0.0 -1.0E-4 1.0
vn -1.0E-4 -0.0 1.0
vn 0.0 1.0E-4 1.0
vn 0.0 0.0 1.0
vn -0.0 0.0 1.0
vn 0.0 0.0 1.0
vn 0.0 -0.0 1.0
vn 0.0 0.7071 0.7071
vn 0.0 0.8321 0.5547
vn -0.0 0.0434 0.9991
vn 1.0E-4 0.0 1.0
vn 0.0 0.0 1.0
vn -0.0 -1.0E-4 1.0
vn -1.0E-4 -0.0 1.0
vn 0.0 1.0E-4 1.0
vn 0.0 0.0 1.0
vn -0.0 0.0 1.0
vn 0.0 0.0 1.0
vn 0.0 -0.0 1.0
vn 0.0 -1.0E-4 1.0
vn 0.0 -0.0 1.0
vn -1.0E-4 0.0 1.0
vn -0.0 1.0E-4 1.0
vn 1.0E-4 -0.0 1.0
vn 0.0 -0.0 1.0
vn 0.0 0.0 1.0
vn 0.0 -0.0 1.0
vn -0.0 -0.0 1.0
vn 0.0 -1.0E-4 1.0
vn 0.0 -0.0 1.0
vn -1.0E-4 0.0 1.0
vn -0.0 1.0E-4 1.0
vn 1.0E-4 -0.0 1.0
vn 0.0 -0.0 1.0
vn 0.0 0.0 1.0
vn 0.0 -0.0 1.0
vn -0.0 -0.0 1.0
vn 0.0 -1.0E-4 1.0
vn 0.0 -0.0 1.0
vn -1.0E-4 0.0 1.0
vn -0.0 1.0E-4 1.0
vn 1.0E-4 -0.0 1.0
vn 0.0 -0.0 1.0
vn 0.0 0.0 1.0
vn 0.0 -0.0 1.0
vn -0.0 -0.0 1.0
vn 0.0 -1.0E-4 1.0
vn 0.0 -0.0 1.0
vn -1.0E-4 0.0 1.0
vn -0.0 1.0E-4 1.0
vn 1.0E-4 -0.0 1.0
vn 0.0 -0.0 1.0
vn 0.0 0.0 1.0
vn 0.0 -0.0 1.0
vn -0.0 -0.0 1.0
vn 0.0 0.7071 0.7071
vn 0.0 0.8321 0.5547
vn -0.0 0.0434 0.9991
vn 0.0 0.0 1.0
vn -1.0 0.0 -0.0
vn 1.0 0.0 0.0
vn 1.0E-4 0.0 1.0
vn 0.0 0.0 1.0
vn -0.0 -1.0E-4 1.0
vn -1.0E-4 -0.0 1.0
vn 0.0 1.0E-4 1.0
vn 0.0 0.0 1.0
vn -0.0 0.0 1.0
vn 0.0 0.0 1.0
vn 0.0 -0.0 1.0
vn 0.0 -0.0189 0.9998
vn 0.0 -0.0188 0.9998
vn -0.0 0.8321 0.5547
vn -0.0 0.7071 0.7071
vn -0.7071 0.0 0.7071
vn 0.0188 0.1841 0.9827
vn 0.0187 0.1841 0.9827
vn -0.7071 0.0 0.7071
vn -0.8321 0.0 0.5547
vn -0.0434 -0.0 0.9991
vn -0.0309 0.6947 0.7186
vn -0.5609 0.5609 0.609
vn -0.7246 0.028 0.6886
vn -0.0338 0.8515 0.5233
vn -0.844 -0.0025 0.5364
vn -0.0149 0.0062 0.9999
vn -0.001383 0.006577 0.999977
vn -0.001383 0.006577 0.999977
vn -0.001383 0.006577 0.999977
vn -0.001383 0.006577 0.999977
vn -0.001383 0.006577 0.999977
vn -0.001383 0.006577 0.999977
vn -0.001383 0.006577 0.999977
vn -0.001383 0.006577 0.999977
vn -0.001383 0.006577 0.999977
vn -0.001383 0.006577 0.999977
vn -0.001383 0.006577 0.999977
vn -0.001383 0.006577 0.999977
vn -0.001383 0.006577 0.999977
vn -0.001383 0.006577 0.999977
vn -0.001383 0.006577 0.999977
vn -0.001383 0.006577 0.999977
vn -0.001383 0.006577 0.999977
vn -0.001383 0.006577 0.999977
vn -0.001383 0.006577 0.999977
vn -0.001383 0.006577 0.999977
vn 1.0E-4 0.0 1.0
vn 0.0 0.0 1.0
vn -0.0 -1.0E-4 1.0
vn -1.0E-4 -0.0 1.0
vn 0.0 1.0E-4 1.0
vn 0.0 0.0 1.0
vn -0.0 0.0 1.0
vn 0.0 0.0 1.0
vn 0.0 -0.0 1.0
vn 1.0E-4 0.0 1.0
vn 0.0 0.0 1.0
vn -0.0 -1.0E-4 1.0
vn -1.0E-4 -0.0 1.0
vn 0.0 1.0E-4 1.0
vn 0.0 0.0 1.0
vn -0.0 0.0 1.0
vn 0.0 0.0 1.0
vn 0.0 -0.0 1.0
vn 0.0 0.7071 0.7071
vn 0.0 0.8321 0.5547
vn -0.0 0.0434 0.9991
vn 0.0 -0.0189 0.9998
vn 0.0 -0.0188 0.9998
vn -0.0 0.8321 0.5547
vn -0.0 0.7071 0.7071
vn -0.7071 0.0 0.7071
vn 0.0188 0.1841 0.9827
vn 0.0187 0.1841 0.9827
vn -0.7071 0.0 0.7071
vn -0.8321 0.0 0.5547
vn -0.0434 -0.0 0.9991
vn -0.7071 0.0 0.7071
vn -0.8321 0.0 0.5547
vn -0.0434 -0.0 0.9991
vn 1.0E-4 0.0 1.0
vn 0.0 0.0 1.0
vn -0.0 -1.0E-4 1.0
vn -1.0E-4 -0.0 1.0
vn 0.0 1.0E-4 1.0
vn 0.0 0.0 1.0
vn -0.0 0.0 1.0
vn 0.0 0.0 1.0
vn 0.0 -0.0 1.0
vn -0.6947 -0.0309 0.7186
vn -0.5609 -0.5609 0.609
vn -0.028 -0.7246 0.6886
vn -0.8515 -0.0338 0.5233
vn 0.0025 -0.844 0.5364
vn -0.0062 -0.0149 0.9999
vn -0.7071 0.0 0.7071
vn -0.8321 0.0 0.5547
vn -0.0434 -0.0 0.9991
vn -0.7071 0.0 0.7071
vn -0.8321 0.0 0.5547
vn -0.0434 -0.0 0.9991
vn -0.0309 0.6947 0.7186
vn -0.5609 0.5609 0.609
vn -0.7246 0.028 0.6886
vn -0.0338 0.8515 0.5233
vn -0.844 -0.0025 0.5364
vn -0.0149 0.0062 0.9999
vn 0.0 -0.0189 0.9998
vn 0.0 -0.0188 0.9998
vn -0.0 0.8321 0.5547
vn -0.0 0.7071 0.7071
vn -0.7071 0.0 0.7071
vn 0.0188 0.1841 0.9827
vn 0.0187 0.1841 0.9827
vn -0.7071 0.0 0.7071
vn -0.8321 0.0 0.5547
vn -0.0434 -0.0 0.9991
vn -0.7071 0.0 0.7071
vn -0.8321 0.0 0.5547
vn -0.0434 -0.0 0.9991
vn -0.0 -0.7071 0.7071
vn 0.0 -0.0434 0.9991
vn -0.0 -0.8321 0.5547
vn 1.0E-4 0.0 1.0
vn 0.0 0.0 1.0
vn -0.0 -1.0E-4 1.0
vn -1.0E-4 -0.0 1.0
vn 0.0 1.0E-4 1.0
vn 0.0 0.0 1.0
vn -0.0 0.0 1.0
vn 0.0 0.0 1.0
vn 0.0 -0.0 1.0
vn 1.0E-4 0.0 1.0
vn 0.0 0.0 1.0
vn -0.0 -1.0E-4 1.0
vn -1.0E-4 -0.0 1.0
vn 0.0 1.0E-4 1.0
vn 0.0 0.0 1.0
vn -0.0 0.0 1.0
vn 0.0 0.0 1.0
vn 0.0 -0.0 1.0
vn 1.0E-4 0.0 1.0
vn 0.0 0.0 1.0
vn -0.0 -1.0E-4 1.0
vn -1.0E-4 -0.0 1.0
vn 0.0 1.0E-4 1.0
vn 0.0 0.0 1.0
vn -0.0 0.0 1.0
vn 0.0 0.0 1.0
vn 0.0 -0.0 1.0
vn 0.0 -1.0E-4 1.0
vn 0.0 -0.0 1.0
vn -1.0E-4 0.0 1.0
vn -0.0 1.0E-4 1.0
vn 1.0E-4 -0.0 1.0
vn 0.0 -0.0 1.0
vn 0.0 0.0 1.0
vn 0.0 -0.0 1.0
vn -0.0 -0.0 1.0
vn 0.0 0.7071 0.7071
vn 0.0 0.8321 0.5547
vn -0.0 0.0434 0.9991
vn 0.0 -0.0189 0.9998
vn 0.0 -0.0188 0.9998
vn -0.0 0.8321 0.5547
vn -0.0 0.7071 0.7071
vn -0.7071 0.0 0.7071
vn 0.0188 0.1841 0.9827
vn 0.0187 0.1841 0.9827
vn -0.7071 0.0 0.7071
vn -0.8321 0.0 0.5547
vn -0.0434 -0.0 0.9991
vn -0.7071 0.0 0.7071
vn -0.8321 0.0 0.5547
vn -0.0434 -0.0 0.9991
vn -0.0309 0.6947 0.7186
vn -0.5609 0.5609 0.609
vn -0.7246 0.028 0.6886
vn -0.0338 0.8515 0.5233
vn -0.844 -0.0025 0.5364
vn -0.0149 0.0062 0.9999
vn 0.0 0.0 1.0
vn -1.0E-4 1.0E-4 1.0
vn -1.0E-4 0.012 0.9999
vn -0.6389 -0.5601 -0.5273
vn 0.7239 0.4352 -0.5354
vn -0.2336 -0.9398 -0.2495
vn 0.2639 -0.0324 -0.964
vn 1.0E-4 0.012 0.9999
vn 1.0E-4 1.0E-4 1.0
vn -0.0 0.0 -1.0
vn 0.0258 -0.3985 0.9168
vn -0.0139 -0.3986 0.917
vn 0.5516 -0.5012 -0.6667
vn -0.2153 0.2804 -0.9354
vn -0.0 -1.0 0.0
vn -1.0 0.0 0.0
vn -0.7071 -0.7071 0.0
vn -0.0 0.6655 0.7464
vn -0.0 0.005 1.0
vn -0.0 -0.3162 0.9487
vn -1.0 0.0 -0.0
vn -0.0 -0.0 1.0
vn 1.0 0.0 0.0
vn 1.0E-4 0.0 1.0
vn 0.0 0.0 1.0
vn -0.0 -1.0E-4 1.0
vn -1.0E-4 -0.0 1.0
vn 0.0 1.0E-4 1.0
vn 0.0 0.0 1.0
vn -0.0 0.0 1.0
vn 0.0 0.0 1.0
vn 0.0 -0.0 1.0
c 1.0 1.0 1.0
c 1.0 1.0 1.0
c 1.0 1.0 1.0
c 1.0 1.0 1.0
c 1.0 1.0 1.0
c 1.0 1.0 1.0
c 1.0 1.0 1.0
c 1.0 1.0 1.0
c 1.0 1.0 1.0
c 1.0 1.0 1.0
c 1.0 1.0 1.0
c 1.0 1.0 1.0
c 1.0 1.0 1.0
c 1.0 1.0 1.0
c 1.0 1.0 1.0
c 1.0 1.0 1.0
c 1.0 1.0 1.0
c 1.0 1.0 1.0
c 1.0 1.0 1.0
c 1.0 1.0 1.0
c 1.0 1.0 1.0
c 1.0 1.0 1.0
c 1.0 1.0 1.0
c 1.0 1.0 1.0
c 1.0 1.0 1.0
c 1.0 1.0 1.0
c 1.0 1.0 1.0
c 1.0 1.0 1.0
c 1.0 1.0 1.0
c 1.0 1.0 1.0
c 1.0 1.0 1.0
c 1.0 1.0 1.0
c 1.0 1.0 1.0
c 1.0 1.0 1.0
c 1.0 1.0 1.0
c 1.0 1.0 1.0
c 1.0 1.0 1.0
c 1.0 1.0 1.0
c 1.0 1.0 1.0
c 1.0 1.0 1.0
c 1.0 1.0 1.0
c 1.0 1.0 1.0
c 1.0 1.0 1.0
c 1.0 1.0 1.0
c 1.0 1.0 1.0
c 1.0 1.0 1.0
c 1.0 1.0 1.0
c 1.0 1.0 1.0
c 1.0 1.0 1.0
c 1.0 1.0 1.0
c 1.0 1.0 1.0
c 1.0 1.0 1.0
c 1.0 1.0 1.0
c 1.0 1.0 1.0
c 1.0 1.0 1.0
c 1.0 1.0 1.0
c 1.0 1.0 1.0
c 1.0 1.0 1.0
c 1.0 1.0 1.0
c 1.0 1.0 1.0
c 1.0 1.0 1.0
c 1.0 1.0 1.0
c 1.0 1.0 1.0
c 1.0 1.0 1.0
c 1.0 1.0 1.0
c 1.0 1.0 1.0
c 1.0 1.0 1.0
c 1.0 1.0 1.0
c 1.0 1.0 1.0
c 1.0 1.0 1.0
c 1.0 1.0 1.0
c 1.0 1.0 1.0
c 1.0 1.0 1.0
c 1.0 1.0 1.0
c 1.0 1.0 1.0
c 1.0 1.0 1.0
c 1.0 1.0 1.0
c 1.0 1.0 1.0
c 1.0 1.0 1.0
c 1.0 1.0 1.0
c 1.0 1.0 1.0
c 1.0 1.0 1.0
c 1.0 1.0 1.0
c 1.0 1.0 1.0
c 1.0 1.0 1.0
c 1.0 1.0 1.0
c 1.0 1.0 1.0
c 1.0 1.0 1.0
c 1.0 1.0 1.0
c 1.0 1.0 1.0
c 1.0 1.0 1.0
c 1.0 1.0 1.0
c 1.0 1.0 1.0
c 1.0 1.0 1.0
c 1.0 1.0 1.0
c 1.0 1.0 1.0
c 1.0 1.0 1.0
c 1.0 1.0 1.0
c 1.0 1.0 1.0
c 1.0 1.0 1.0
c 1.0 1.0 1.0
c 1.0 1.0 1.0
c 1.0 1.0 1.0
c 1.0 1.0 1.0
c 1.0 1.0 1.0
c 1.0 1.0 1.0
c 1.0 1.0 1.0
c 1.0 1.0 1.0
c 1.0 1.0 1.0
c 1.0 1.0 1.0
c 1.0 1.0 1.0
c 1.0 1.0 1.0
c 1.0 1.0 1.0
c 1.0 1.0 1.0
c 1.0 1.0 1.0
c 1.0 1.0 1.0
c 1.0 1.0 1.0
c 1.0 1.0 1.0
c 1.0 1.0 1.0
c 1.0 1.0 1.0
c 1.0 1.0 1.0
c 1.0 1.0 1.0
c 1.0 1.0 1.0
c 1.0 1.0 1.0
c 1.0 1.0 1.0
c 1.0 1.0 1.0
c 1.0 1.0 1.0
c 1.0 1.0 1.0
c 1.0 1.0 1.0
c 1.0 1.0 1.0
c 1.0 1.0 1.0
c 1.0 1.0 1.0
c 1.0 1.0 1.0
c 1.0 1.0 1.0
c 1.0 1.0 1.0
c 1.0 1.0 1.0
c 1.0 1.0 1.0
c 1.0 1.0 1.0
c 1.0 1.0 1.0
c 1.0 1.0 1.0
c 1.0 1.0 1.0
c 1.0 1.0 1.0
c 1.0 1.0 1.0
c 1.0 1.0 1.0
c 1.0 1.0 1.0
c 1.0 1.0 1.0
c 1.0 1.0 1.0
c 1.0 1.0 1.0
c 1.0 1.0 1.0
c 1.0 1.0 1.0
c 1.0 1.0 1.0
c 1.0 1.0 1.0
c 1.0 1.0 1.0
c 1.0 1.0 1.0
c 1.0 1.0 1.0
c 1.0 1.0 1.0
c 1.0 1.0 1.0
c 1.0 1.0 1.0
c 1.0 1.0 1.0
c 1.0 1.0 1.0
c 1.0 1.0 1.0
c 1.0 1.0 1.0
c 1.0 1.0 1.0
c 1.0 1.0 1.0
c 1.0 1.0 1.0
c 1.0 1.0 1.0
c 1.0 1.0 1.0
c 1.0 1.0 1.0
c 1.0 1.0 1.0
c 1.0 1.0 1.0
c 1.0 1.0 1.0
c 1.0 1.0 1.0
c 1.0 1.0 1.0
c 1.0 1.0 1.0
c 1.0 1.0 1.0
c 1.0 1.0 1.0
c 1.0 1.0 1.0
c 1.0 1.0 1.0
c 1.0 1.0 1.0
c 1.0 1.0 1.0
c 1.0 1.0 1.0
c 1.0 1.0 1.0
c 1.0 1.0 1.0
c 1.0 1.0 1.0
c 1.0 1.0 1.0
c 1.0 1.0 1.0
c 1.0 1.0 1.0
c 1.0 1.0 1.0
c 1.0 1.0 1.0
c 1.0 1.0 1.0
c 1.0 1.0 1.0
c 1.0 1.0 1.0
c 1.0 1.0 1.0
c 1.0 1.0 1.0
c 1.0 1.0 1.0
c 1.0 1.0 1.0
c 1.0 1.0 1.0
c 1.0 1.0 1.0
c 1.0 1.0 1.0
c 1.0 1.0 1.0
c 1.0 1.0 1.0
c 1.0 1.0 1.0
c 1.0 1.0 1.0
c 1.0 1.0 1.0
c 1.0 1.0 1.0
c 1.0 1.0 1.0
c 1.0 1.0 1.0
c 1.0 1.0 1.0
c 1.0 1.0 1.0
c 1.0 1.0 1.0
c 1.0 1.0 1.0
c 1.0 1.0 1.0
c 1.0 1.0 1.0
c 1.0 1.0 1.0
c 1.0 1.0 1.0
c 1.0 1.0 1.0
c 1.0 1.0 1.0
c 1.0 1.0 1.0
c 1.0 1.0 1.0
c 1.0 1.0 1.0
c 1.0 1.0 1.0
c 1.0 1.0 1.0
c 1.0 1.0 1.0
c 1.0 1.0 1.0
c 1.0 1.0 1.0
c 1.0 1.0 1.0
c 1.0 1.0 1.0
c 1.0 1.0 1.0
c 1.0 1.0 1.0
c 1.0 1.0 1.0
c 1.0 1.0 1.0
c 1.0 1.0 1.0
c 1.0 1.0 1.0
c 1.0 1.0 1.0
c 1.0 1.0 1.0
c 1.0 1.0 1.0
c 1.0 1.0 1.0
c 1.0 1.0 1.0
c 1.0 1.0 1.0
c 1.0 1.0 1.0
c 1.0 1.0 1.0
c 1.0 1.0 1.0
c 1.0 1.0 1.0
c 1.0 1.0 1.0
c 1.0 1.0 1.0
c 1.0 1.0 1.0
c 1.0 1.0 1.0
c 1.0 1.0 1.0
c 1.0 1.0 1.0
c 1.0 1.0 1.0
c 1.0 1.0 1.0
c 1.0 1.0 1.0
c 1.0 1.0 1.0
c 1.0 1.0 1.0
c 1.0 1.0 1.0
c 1.0 1.0 1.0
c 1.0 1.0 1.0
c 1.0 1.0 1.0
c 1.0 1.0 1.0
c 1.0 1.0 1.0
c 1.0 1.0 1.0
c 1.0 1.0 1.0
c 1.0 1.0 1.0
c 1.0 1.0 1.0
c 1.0 1.0 1.0
c 1.0 1.0 1.0
c 1.0 1.0 1.0
c 1.0 1.0 1.0
c 1.0 1.0 1.0
c 1.0 1.0 1.0
c 1.0 1.0 1.0
c 1.0 1.0 1.0
c 1.0 1.0 1.0
c 1.0 1.0 1.0
c 1.0 1.0 1.0
c 1.0 1.0 1.0
c 1.0 1.0 1.0
c 1.0 1.0 1.0
c 1.0 1.0 1.0
c 1.0 1.0 1.0
c 1.0 1.0 1.0
c 1.0 1.0 1.0
c 1.0 1.0 1.0
c 1.0 1.0 1.0
c 1.0 1.0 1.0
c 1.0 1.0 1.0
c 1.0 1.0 1.0
c 1.0 1.0 1.0
c 1.0 1.0 1.0
c 1.0 1.0 1.0
c 1.0 1.0 1.0
usemtl ki02c
s off
f 341/341/89/85 342/342/90/85 344/343/92/85 343/344/91/85
f 357/357/105/86 358/358/105/86 359/359/105/86 360/360/105/86
f 377/377/112/87 378/378/113/87 380/379/115/87 379/380/114/87
f 397/397/132/88 398/398/133/88 400/399/135/88 399/400/134/88
f 459/477/176/96 460/478/176/96 461/479/176/96 462/480/176/96
f 475/493/179/97 476/494/179/97 477/495/179/97 478/496/179/97
f 501/521/189/99 502/522/190/99 504/523/192/99 503/524/191/99
f 517/537/205/100 518/538/205/100 519/539/205/100 520/540/205/100
f 533/553/208/101 534/554/208/101 535/555/208/101 536/556/208/101
f 549/569/211/102 550/570/211/102 551/571/211/102 552/572/211/102
f 569/589/218/103 570/590/219/103 572/591/221/103 571/592/220/103
f 585/605/234/104 586/606/234/104 587/607/234/104 588/608/234/104
f 605/625/241/105 606/626/242/105 608/627/244/105 607/628/243/105
f 621/641/257/106 622/642/257/106 623/643/257/106 624/644/257/106
f 637/657/260/107 638/658/260/107 639/659/260/107 640/660/260/107
f 657/677/267/108 658/678/268/108 660/679/270/108 659/680/269/108
f 695/725/299/112 696/726/299/112 697/727/299/112 698/728/299/112
f 721/753/309/114 722/754/310/114 724/755/312/114 723/756/311/114
f 741/773/329/115 742/774/330/115 744/775/332/115 743/776/331/115
f 757/789/345/116 758/790/345/116 759/791/345/116 760/792/345/116
f 773/805/348/117 774/806/348/117 775/807/348/117 776/808/348/117
f 789/821/351/118 790/822/351/118 791/823/351/118 792/824/351/118
f 827/869/370/122 828/870/370/122 829/871/370/122 830/872/370/122
f 843/885/373/123 844/886/373/123 845/887/373/123 846/888/373/123
f 865/909/379/125 866/910/379/125 867/911/379/125 868/912/379/125
f 881/925/382/126 882/926/382/126 883/927/382/126 884/928/382/126
f 919/973/401/130 920/974/401/130 921/975/401/130 922/976/401/130
f 939/993/408/131 940/994/409/131 942/995/411/131 941/996/410/131
f 989/1057/446/137 990/1058/446/137 991/1059/446/137 992/1060/446/137
f 1061/1153/487/146 1062/1154/487/146 1063/1155/487/146 1064/1156/487/146
f 1077/1169/490/147 1078/1170/490/147 1079/1171/490/147 1080/1172/490/147
f 1121/1229/510/151 1122/1230/510/151 1123/1231/510/151 1124/1232/510/151
f 1141/1249/517/152 1142/1250/518/152 1144/1251/520/152 1143/1252/519/152
f 1207/1337/568/160 1208/1338/568/160 1209/1339/568/160 1210/1340/568/160
f 1231/1365/575/162 1232/1366/575/162 1233/1367/575/162 1234/1368/575/162
f 1285/1433/604/168 1286/1434/605/168 1288/1435/607/168 1287/1436/606/168
f 1305/1453/624/169 1306/1454/625/169 1308/1455/627/169 1307/1456/626/169
f 1331/1481/647/171 1332/1482/648/171 1334/1483/650/171 1333/1484/649/171
f 1347/1497/663/172 1348/1498/663/172 1349/1499/663/172 1350/1500/663/172
f 1415/1593/703/179 1416/1594/703/179 1417/1595/703/179 1418/1596/703/179
f 1435/1613/710/180 1436/1614/711/180 1438/1615/713/180 1437/1616/712/180
f 1471/1657/743/183 1472/1658/744/183 1474/1659/746/183 1473/1660/745/183
f 1679/1829/790/188 1680/1830/791/188 1682/1831/793/188 1681/1832/792/188
f 1855/1985/857/196 1856/1986/858/196 1858/1987/860/196 1857/1988/859/196
f 1982/2117/916/204 1983/2118/917/204 1985/2119/919/204 1984/2120/918/204
f 1998/2133/932/205 1999/2134/932/205 2000/2135/932/205 2001/2136/932/205
f 2081/2201/948/208 2082/2202/948/208 2083/2203/948/208 2084/2204/948/208
f 2461/2561/1076/231 2462/2562/1076/231 2463/2563/1076/231 2464/2564/1076/231
f 2655/2745/1137/241 2656/2746/1138/241 2658/2747/1140/241 2657/2748/1139/241
f 2730/2801/1162/243 2731/2802/1162/243 2732/2803/1162/243 2733/2804/1162/243
f 3162/3145/1260/259 3163/3146/1260/259 3164/3147/1260/259 3165/3148/1260/259
f 3263/3237/1292/264 3264/3238/1293/264 3266/3239/1295/264 3265/3240/1294/264
usemtl ki03ax
s off
f 337/337/85/85 338/338/86/85 340/339/88/85 339/340/87/85
f 345/345/93/85 346/346/94/85 348/347/96/85 347/348/95/85
f 361/361/106/86 364/362/107/86 363/363/106/86 362/364/107/86
f 365/365/105/86 366/366/105/86 367/367/105/86 368/368/105/86
f 373/373/108/87 374/374/109/87 376/375/111/87 375/376/110/87
f 381/381/116/87 382/382/117/87 384/383/119/87 383/384/118/87
f 393/393/128/88 394/394/129/88 396/395/131/88 395/396/130/88
f 401/401/136/88 402/402/137/88 404/403/139/88 403/404/138/88
f 463/481/177/96 466/482/178/96 465/483/177/96 464/484/178/96
f 467/485/176/96 468/486/176/96 469/487/176/96 470/488/176/96
f 479/497/180/97 482/498/181/97 481/499/180/97 480/500/181/97
f 483/501/179/97 484/502/179/97 485/503/179/97 486/504/179/97
f 497/517/185/99 498/518/186/99 500/519/188/99 499/520/187/99
f 505/525/193/99 506/526/194/99 508/527/196/99 507/528/195/99
f 521/541/206/100 524/542/207/100 523/543/206/100 522/544/207/100
f 525/545/205/100 526/546/205/100 527/547/205/100 528/548/205/100
f 537/557/209/101 540/558/210/101 539/559/209/101 538/560/210/101
f 541/561/208/101 542/562/208/101 543/563/208/101 544/564/208/101
f 553/573/212/102 556/574/213/102 555/575/212/102 554/576/213/102
f 557/577/211/102 558/578/211/102 559/579/211/102 560/580/211/102
f 565/585/214/103 566/586/215/103 568/587/217/103 567/588/216/103
f 573/593/222/103 574/594/223/103 576/595/225/103 575/596/224/103
f 589/609/235/104 592/610/236/104 591/611/235/104 590/612/236/104
f 593/613/234/104 594/614/234/104 595/615/234/104 596/616/234/104
f 601/621/237/105 602/622/238/105 604/623/240/105 603/624/239/105
f 609/629/245/105 610/630/246/105 612/631/248/105 611/632/247/105
f 625/645/258/106 628/646/259/106 627/647/258/106 626/648/259/106
f 629/649/257/106 630/650/257/106 631/651/257/106 632/652/257/106
f 641/661/261/107 644/662/262/107 643/663/261/107 642/664/262/107
f 645/665/260/107 646/666/260/107 647/667/260/107 648/668/260/107
f 653/673/263/108 654/674/264/108 656/675/266/108 655/676/265/108
f 661/681/271/108 662/682/272/108 664/683/274/108 663/684/273/108
f 699/729/300/112 702/730/301/112 701/731/300/112 700/732/301/112
f 703/733/299/112 704/734/299/112 705/735/299/112 706/736/299/112
f 717/749/305/114 718/750/306/114 720/751/308/114 719/752/307/114
f 725/757/313/114 726/758/314/114 728/759/316/114 727/760/315/114
f 737/769/325/115 738/770/326/115 740/771/328/115 739/772/327/115
f 745/777/333/115 746/778/334/115 748/779/336/115 747/780/335/115
f 761/793/346/116 764/794/347/116 763/795/346/116 762/796/347/116
f 765/797/345/116 766/798/345/116 767/799/345/116 768/800/345/116
f 777/809/349/117 780/810/350/117 779/811/349/117 778/812/350/117
f 781/813/348/117 782/814/348/117 783/815/348/117 784/816/348/117
f 793/825/352/118 796/826/353/118 795/827/352/118 794/828/353/118
f 797/829/351/118 798/830/351/118 799/831/351/118 800/832/351/118
f 831/873/371/122 834/874/372/122 833/875/371/122 832/876/372/122
f 835/877/370/122 836/878/370/122 837/879/370/122 838/880/370/122
f 847/889/374/123 850/890/375/123 849/891/374/123 848/892/375/123
f 851/893/373/123 852/894/373/123 853/895/373/123 854/896/373/123
f 869/913/380/125 872/914/381/125 871/915/380/125 870/916/381/125
f 873/917/379/125 874/918/379/125 875/919/379/125 876/920/379/125
f 885/929/383/126 888/930/384/126 887/931/383/126 886/932/384/126
f 889/933/382/126 890/934/382/126 891/935/382/126 892/936/382/126
f 923/977/402/130 926/978/403/130 925/979/402/130 924/980/403/130
f 927/981/401/130 928/982/401/130 929/983/401/130 930/984/401/130
f 935/989/404/131 936/990/405/131 938/991/407/131 937/992/406/131
f 943/997/412/131 944/998/413/131 946/999/415/131 945/1000/414/131
f 993/1061/447/137 996/1062/448/137 995/1063/447/137 994/1064/448/137
f 997/1065/446/137 998/1066/446/137 999/1067/446/137 1000/1068/446/137
f 1065/1157/488/146 1068/1158/489/146 1067/1159/488/146 1066/1160/489/146
f 1069/1161/487/146 1070/1162/487/146 1071/1163/487/146 1072/1164/487/146
f 1081/1173/491/147 1084/1174/492/147 1083/1175/491/147 1082/1176/492/147
f 1085/1177/490/147 1086/1178/490/147 1087/1179/490/147 1088/1180/490/147
f 1125/1233/511/151 1128/1234/512/151 1127/1235/511/151 1126/1236/512/151
f 1129/1237/510/151 1130/1238/510/151 1131/1239/510/151 1132/1240/510/151
f 1137/1245/513/152 1138/1246/514/152 1140/1247/516/152 1139/1248/515/152
f 1145/1253/521/152 1146/1254/522/152 1148/1255/524/152 1147/1256/523/152
f 1211/1341/569/160 1214/1342/570/160 1213/1343/569/160 1212/1344/570/160
f 1215/1345/568/160 1216/1346/568/160 1217/1347/568/160 1218/1348/568/160
f 1235/1369/576/162 1238/1370/577/162 1237/1371/576/162 1236/1372/577/162
f 1239/1373/575/162 1240/1374/575/162 1241/1375/575/162 1242/1376/575/162
f 1281/1429/600/168 1282/1430/601/168 1284/1431/603/168 1283/1432/602/168
f 1289/1437/608/168 1290/1438/609/168 1292/1439/611/168 1291/1440/610/168
f 1301/1449/620/169 1302/1450/621/169 1304/1451/623/169 1303/1452/622/169
f 1309/1457/628/169 1310/1458/629/169 1312/1459/631/169 1311/1460/630/169
f 1327/1477/643/171 1328/1478/644/171 1330/1479/646/171 1329/1480/645/171
f 1335/1485/651/171 1336/1486/652/171 1338/1487/654/171 1337/1488/653/171
f 1351/1501/664/172 1354/1502/665/172 1353/1503/664/172 1352/1504/665/172
f 1355/1505/663/172 1356/1506/663/172 1357/1507/663/172 1358/1508/663/172
f 1419/1597/704/179 1422/1598/705/179 1421/1599/704/179 1420/1600/705/179
f 1423/1601/703/179 1424/1602/703/179 1425/1603/703/179 1426/1604/703/179
f 1431/1609/706/180 1432/1610/707/180 1434/1611/709/180 1433/1612/708/180
f 1439/1617/714/180 1440/1618/715/180 1442/1619/717/180 1441/1620/716/180
f 1467/1653/739/183 1468/1654/740/183 1470/1655/742/183 1469/1656/741/183
f 1475/1661/747/183 1476/1662/748/183 1478/1663/750/183 1477/1664/749/183
f 1675/1825/786/188 1676/1826/787/188 1678/1827/789/188 1677/1828/788/188
f 1683/1833/794/188 1684/1834/795/188 1686/1835/797/188 1685/1836/796/188
f 1851/1981/853/196 1852/1982/854/196 1854/1983/856/196 1853/1984/855/196
f 1859/1989/861/196 1860/1990/862/196 1862/1991/864/196 1861/1992/863/196
f 1978/2113/912/204 1979/2114/913/204 1981/2115/915/204 1980/2116/914/204
f 1986/2121/920/204 1987/2122/921/204 1989/2123/923/204 1988/2124/922/204
f 2002/2137/933/205 2005/2138/934/205 2004/2139/933/205 2003/2140/934/205
f 2006/2141/932/205 2007/2142/932/205 2008/2143/932/205 2009/2144/932/205
f 2085/2205/949/208 2088/2206/950/208 2087/2207/949/208 2086/2208/950/208
f 2089/2209/948/208 2090/2210/948/208 2091/2211/948/208 2092/2212/948/208
f 2465/2565/1077/231 2468/2566/1078/231 2467/2567/1077/231 2466/2568/1078/231
f 2469/2569/1076/231 2470/2570/1076/231 2471/2571/1076/231 2472/2572/1076/231
f 2651/2741/1133/241 2652/2742/1134/241 2654/2743/1136/241 2653/2744/1135/241
f 2659/2749/1141/241 2660/2750/1142/241 2662/2751/1144/241 2661/2752/1143/241
f 2734/2805/1163/243 2737/2806/1164/243 2736/2807/1163/243 2735/2808/1164/243
f 2738/2809/1162/243 2739/2810/1162/243 2740/2811/1162/243 2741/2812/1162/243
f 3166/3149/1261/259 3169/3150/1262/259 3168/3151/1261/259 3167/3152/1262/259
f 3170/3153/1260/259 3171/3154/1260/259 3172/3155/1260/259 3173/3156/1260/259
f 3259/3233/1288/264 3260/3234/1289/264 3262/3235/1291/264 3261/3236/1290/264
f 3267/3241/1296/264 3268/3242/1297/264 3270/3243/1299/264 3269/3244/1298/264
f 3812/3712/1443/289 3813/3713/1443/289 3810/3714/1443/289 3811/3715/1443/289
f 3849/3716/1443/289 3850/3717/1443/289 3847/3718/1443/289 3848/3719/1443/289
f 3853/3720/1443/289 3854/3721/1443/289 3851/3722/1443/289 3852/3723/1443/289
f 3857/3724/1443/289 3858/3725/1443/289 3855/3726/1443/289 3856/3727/1443/289
f 3861/3728/1443/289 3862/3729/1443/289 3859/3730/1443/289 3860/3731/1443/289
f 3865/3732/1443/289 3866/3733/1443/289 3863/3734/1443/289 3864/3735/1443/289
f 3907/3736/1443/289 3908/3737/1443/289 3905/3738/1443/289 3906/3739/1443/289
f 3882/3778/1457/289 3879/3779/1457/289 3881/3780/1457/289 3880/3781/1457/289
f 3889/3782/1458/289 3890/3783/1458/289 3893/3784/1458/289 3891/3785/1458/289
f 3879/3790/1457/289 3885/3791/1459/289 3888/3792/1459/289 3881/3793/1457/289
f 3895/3794/1458/289 3898/3795/1459/289 3896/3796/1459/289 3897/3797/1458/289
f 3882/3778/1458/289 3883/3802/1458/289 3884/3803/1458/289 3880/3781/1458/289
f 3892/3804/1457/289 3890/3783/1457/289 3893/3784/1457/289 3894/3805/1457/289
f 3885/3810/1459/289 3886/3811/1458/289 3887/3812/1458/289 3888/3813/1459/289
f 3898/3814/1459/289 3899/3815/1457/289 3900/3816/1457/289 3896/3817/1459/289
usemtl ki03dx
s off
f 349/349/97/85 350/350/98/85 352/351/100/85 351/352/99/85
f 385/385/120/87 386/386/121/87 388/387/123/87 387/388/122/87
f 405/405/140/88 406/406/141/88 408/407/143/88 407/408/142/88
f 509/529/197/99 510/530/198/99 512/531/200/99 511/532/199/99
f 577/597/226/103 578/598/227/103 580/599/229/103 579/600/228/103
f 613/633/249/105 614/634/250/105 616/635/252/105 615/636/251/105
f 665/685/275/108 666/686/276/108 668/687/278/108 667/688/277/108
f 729/761/317/114 730/762/318/114 732/763/320/114 731/764/319/114
f 749/781/337/115 750/782/338/115 752/783/340/115 751/784/339/115
f 947/1001/416/131 948/1002/417/131 950/1003/419/131 949/1004/418/131
f 1149/1257/525/152 1150/1258/526/152 1152/1259/528/152 1151/1260/527/152
f 1293/1441/612/168 1294/1442/613/168 1296/1443/615/168 1295/1444/614/168
f 1313/1461/632/169 1314/1462/633/169 1316/1463/635/169 1315/1464/634/169
f 1339/1489/655/171 1340/1490/656/171 1342/1491/658/171 1341/1492/657/171
f 1443/1621/718/180 1444/1622/719/180 1446/1623/721/180 1445/1624/720/180
f 1479/1665/751/183 1480/1666/752/183 1482/1667/754/183 1481/1668/753/183
f 1687/1837/798/188 1688/1838/799/188 1690/1839/801/188 1689/1840/800/188
f 1863/1993/865/196 1864/1994/866/196 1866/1995/868/196 1865/1996/867/196
f 1990/2125/924/204 1991/2126/925/204 1993/2127/927/204 1992/2128/926/204
f 2663/2753/1145/241 2664/2754/1146/241 2666/2755/1148/241 2665/2756/1147/241
f 3271/3245/1300/264 3272/3246/1301/264 3274/3247/1303/264 3273/3248/1302/264
f 3814/3754/1452/289 3817/3755/1452/289 3816/3756/1452/289 3815/3757/1452/289
f 3820/3758/1452/289 3819/3759/1452/289 3818/3760/1452/289 3821/3761/1452/289
f 3819/3762/1452/289 3823/3763/1452/289 3822/3764/1452/289 3818/3765/1452/289
f 3872/3766/1452/289 3871/3767/1452/289 3874/3768/1452/289 3873/3769/1452/289
f 3820/3774/1443/289 3819/3775/1443/289 3824/3776/1443/289 3825/3777/1443/289
f 3819/3786/1443/289 3823/3787/1443/289 3826/3788/1443/289 3824/3789/1443/289
f 3901/3798/1443/289 3902/3799/1443/289 3904/3800/1443/289 3903/3801/1443/289
f 3909/3806/1443/289 3910/3807/1443/289 3911/3808/1443/289 3912/3809/1443/289
usemtl ki03bx
s off
f 353/353/101/85 354/354/102/85 356/355/104/85 355/356/103/85
f 369/369/105/86 370/370/105/86 371/371/105/86 372/372/105/86
f 389/389/124/87 390/390/125/87 392/391/127/87 391/392/126/87
f 409/409/144/88 410/410/145/88 412/411/147/88 411/412/146/88
f 471/489/176/96 472/490/176/96 473/491/176/96 474/492/176/96
f 487/505/179/97 488/506/179/97 489/507/179/97 490/508/179/97
f 513/533/201/99 514/534/202/99 516/535/204/99 515/536/203/99
f 529/549/205/100 530/550/205/100 531/551/205/100 532/552/205/100
f 545/565/208/101 546/566/208/101 547/567/208/101 548/568/208/101
f 561/581/211/102 562/582/211/102 563/583/211/102 564/584/211/102
f 581/601/230/103 582/602/231/103 584/603/233/103 583/604/232/103
f 597/617/234/104 598/618/234/104 599/619/234/104 600/620/234/104
f 617/637/253/105 618/638/254/105 620/639/256/105 619/640/255/105
f 633/653/257/106 634/654/257/106 635/655/257/106 636/656/257/106
f 649/669/260/107 650/670/260/107 651/671/260/107 652/672/260/107
f 669/689/279/108 670/690/280/108 672/691/282/108 671/692/281/108
f 707/737/299/112 708/738/299/112 709/739/299/112 710/740/299/112
f 733/765/321/114 734/766/322/114 736/767/324/114 735/768/323/114
f 753/785/341/115 754/786/342/115 756/787/344/115 755/788/343/115
f 769/801/345/116 770/802/345/116 771/803/345/116 772/804/345/116
f 785/817/348/117 786/818/348/117 787/819/348/117 788/820/348/117
f 801/833/351/118 802/834/351/118 803/835/351/118 804/836/351/118
f 839/881/370/122 840/882/370/122 841/883/370/122 842/884/370/122
f 855/897/373/123 856/898/373/123 857/899/373/123 858/900/373/123
f 877/921/379/125 878/922/379/125 879/923/379/125 880/924/379/125
f 893/937/382/126 894/938/382/126 895/939/382/126 896/940/382/126
f 931/985/401/130 932/986/401/130 933/987/401/130 934/988/401/130
f 951/1005/420/131 952/1006/421/131 954/1007/423/131 953/1008/422/131
f 1001/1069/446/137 1002/1070/446/137 1003/1071/446/137 1004/1072/446/137
f 1073/1165/487/146 1074/1166/487/146 1075/1167/487/146 1076/1168/487/146
f 1089/1181/490/147 1090/1182/490/147 1091/1183/490/147 1092/1184/490/147
f 1133/1241/510/151 1134/1242/510/151 1135/1243/510/151 1136/1244/510/151
f 1153/1261/529/152 1154/1262/530/152 1156/1263/532/152 1155/1264/531/152
f 1219/1349/568/160 1220/1350/568/160 1221/1351/568/160 1222/1352/568/160
f 1243/1377/575/162 1244/1378/575/162 1245/1379/575/162 1246/1380/575/162
f 1297/1445/616/168 1298/1446/617/168 1300/1447/619/168 1299/1448/618/168
f 1317/1465/636/169 1318/1466/637/169 1320/1467/639/169 1319/1468/638/169
f 1343/1493/659/171 1344/1494/660/171 1346/1495/662/171 1345/1496/661/171
f 1359/1509/663/172 1360/1510/663/172 1361/1511/663/172 1362/1512/663/172
f 1427/1605/703/179 1428/1606/703/179 1429/1607/703/179 1430/1608/703/179
f 1447/1625/722/180 1448/1626/723/180 1450/1627/725/180 1449/1628/724/180
f 1483/1669/755/183 1484/1670/756/183 1486/1671/758/183 1485/1672/757/183
f 1691/1841/802/188 1692/1842/803/188 1694/1843/805/188 1693/1844/804/188
f 1867/1997/869/196 1868/1998/870/196 1870/1999/872/196 1869/2000/871/196
f 1994/2129/928/204 1995/2130/929/204 1997/2131/931/204 1996/2132/930/204
f 2010/2145/932/205 2011/2146/932/205 2012/2147/932/205 2013/2148/932/205
f 2093/2213/948/208 2094/2214/948/208 2095/2215/948/208 2096/2216/948/208
f 2473/2573/1076/231 2474/2574/1076/231 2475/2575/1076/231 2476/2576/1076/231
f 2667/2757/1149/241 2668/2758/1150/241 2670/2759/1152/241 2669/2760/1151/241
f 2742/2813/1162/243 2743/2814/1162/243 2744/2815/1162/243 2745/2816/1162/243
f 3174/3157/1260/259 3175/3158/1260/259 3176/3159/1260/259 3177/3160/1260/259
f 3275/3249/1304/264 3276/3250/1305/264 3278/3251/1307/264 3277/3252/1306/264
f 3808/3692/1443/289 3809/3693/1443/289 3806/3694/1443/289 3807/3695/1443/289
f 3829/3696/1443/289 3830/3697/1443/289 3827/3698/1443/289 3828/3699/1443/289
f 3835/3700/1443/289 3836/3701/1443/289 3833/3702/1443/289 3834/3703/1443/289
f 3831/3704/1443/289 3832/3705/1443/289 3836/3706/1443/289 3835/3707/1443/289
f 3869/3708/1443/289 3870/3709/1443/289 3867/3710/1443/289 3868/3711/1443/289
f 3913/3818/1443/289 3914/3819/1443/289 3918/3820/1443/289 3917/3821/1443/289
f 3917/3822/1443/289 3918/3823/1443/289 3915/3824/1443/289 3916/3825/1443/289
usemtl gake01
s off
f 413/413/148/89 414/414/149/89 415/415/149/89 416/416/148/89
f 419/421/151/90 420/422/152/90 421/423/152/90 422/424/151/90
f 425/429/154/91 426/430/155/91 427/431/155/91 428/432/154/91
f 431/437/157/92 432/438/158/92 433/439/158/92 434/440/157/92
f 437/445/160/93 438/446/161/93 439/447/162/93 440/448/163/93
f 441/449/163/93 439/450/162/93 442/451/164/93 443/452/165/93
f 447/461/167/94 448/462/168/94 449/463/168/94 450/464/167/94
f 491/509/182/98 492/510/183/98 493/511/183/98 494/512/182/98
f 673/693/283/109 674/694/284/109 675/695/285/109 676/696/286/109
f 677/697/286/109 675/698/285/109 678/699/287/109 679/700/288/109
f 683/709/290/110 684/710/291/110 685/711/291/110 686/712/290/110
f 711/741/302/113 712/742/303/113 713/743/303/113 714/744/302/113
f 805/837/354/119 806/838/355/119 807/839/356/119 808/840/357/119
f 809/841/357/119 807/842/356/119 810/843/358/119 811/844/359/119
f 815/853/361/120 816/854/362/120 817/855/362/120 818/856/361/120
f 859/901/376/124 860/902/377/124 861/903/377/124 862/904/376/124
f 897/941/385/127 898/942/386/127 899/943/387/127 900/944/388/127
f 901/945/388/127 899/946/387/127 902/947/389/127 903/948/390/127
f 907/957/392/128 908/958/393/128 909/959/393/128 910/960/392/128
f 955/1009/424/132 956/1010/425/132 957/1011/425/132 958/1012/424/132
f 961/1017/427/133 962/1018/428/133 963/1019/429/133 964/1020/430/133
f 965/1021/430/133 963/1022/429/133 966/1023/431/133 967/1024/432/133
f 971/1033/434/134 972/1034/435/134 973/1035/435/134 974/1036/434/134
f 983/1049/443/136 984/1050/444/136 985/1051/444/136 986/1052/443/136
f 1005/1073/449/138 1006/1074/450/138 1007/1075/451/138 1008/1076/452/138
f 1009/1077/452/138 1007/1078/451/138 1010/1079/453/138 1011/1080/454/138
f 1015/1089/456/139 1016/1090/457/139 1017/1091/457/139 1018/1092/456/139
f 1027/1105/465/141 1028/1106/466/141 1029/1107/466/141 1030/1108/465/141
f 1033/1113/468/142 1034/1114/469/142 1035/1115/470/142 1036/1116/471/142
f 1037/1117/471/142 1035/1118/470/142 1038/1119/472/142 1039/1120/473/142
f 1043/1129/475/143 1044/1130/476/143 1045/1131/476/143 1046/1132/475/143
f 1055/1145/484/145 1056/1146/485/145 1057/1147/485/145 1058/1148/484/145
f 1093/1185/493/148 1094/1186/494/148 1095/1187/495/148 1096/1188/493/148
f 1097/1189/496/148 1095/1190/495/148 1098/1191/497/148 1099/1192/496/148
f 1107/1209/503/149 1108/1210/504/149 1109/1211/504/149 1110/1212/503/149
f 1115/1221/507/150 1116/1222/508/150 1117/1223/508/150 1118/1224/507/150
f 1157/1265/533/153 1158/1266/534/153 1159/1267/535/153 1160/1268/536/153
f 1161/1269/536/153 1159/1270/535/153 1162/1271/537/153 1163/1272/538/153
f 1167/1281/540/154 1168/1282/541/154 1169/1283/541/154 1170/1284/540/154
f 1179/1297/549/156 1180/1298/550/156 1181/1299/550/156 1182/1300/549/156
f 1185/1305/552/157 1186/1306/553/157 1187/1307/554/157 1188/1308/555/157
f 1189/1309/555/157 1187/1310/554/157 1190/1311/556/157 1191/1312/557/157
f 1195/1321/559/158 1196/1322/560/158 1197/1323/560/158 1198/1324/559/158
f 1223/1353/571/161 1224/1354/572/161 1225/1355/572/161 1226/1356/571/161
f 1247/1381/578/163 1248/1382/579/163 1249/1383/579/163 1250/1384/578/163
f 1253/1389/581/164 1254/1390/582/164 1255/1391/583/164 1256/1392/584/164
f 1257/1393/584/164 1255/1394/583/164 1258/1395/585/164 1259/1396/586/164
f 1263/1405/588/165 1264/1406/589/165 1265/1407/589/165 1266/1408/588/165
f 1275/1421/597/167 1276/1422/598/167 1277/1423/598/167 1278/1424/597/167
f 1321/1469/640/170 1322/1470/641/170 1323/1471/641/170 1324/1472/640/170
f 1363/1513/666/173 1364/1514/667/173 1365/1515/668/173 1366/1516/669/173
f 1367/1517/669/173 1365/1518/668/173 1368/1519/670/173 1369/1520/671/173
f 1379/1537/679/175 1380/1538/680/175 1381/1539/681/175 1382/1540/679/175
f 1383/1541/682/175 1381/1542/681/175 1384/1543/683/175 1385/1544/682/175
f 1393/1561/689/176 1394/1562/690/176 1395/1563/690/176 1396/1564/689/176
f 1409/1585/700/178 1410/1586/701/178 1411/1587/701/178 1412/1588/700/178
f 1451/1629/726/181 1452/1630/727/181 1453/1631/728/181 1454/1632/729/181
f 1455/1633/729/181 1453/1634/728/181 1456/1635/730/181 1457/1636/731/181
f 1551/1737/765/185 1552/1738/766/185 1553/1739/766/185 1554/1740/765/185
f 1695/1845/806/189 1696/1846/807/189 1697/1847/808/189 1698/1848/809/189
f 1699/1849/809/189 1697/1850/808/189 1700/1851/810/189 1701/1852/811/189
f 1711/1869/819/191 1712/1870/820/191 1713/1871/821/191 1714/1872/822/191
f 1715/1873/822/191 1713/1874/821/191 1716/1875/823/191 1717/1876/824/191
f 1845/1973/850/195 1846/1974/851/195 1847/1975/851/195 1848/1976/850/195
f 1871/2001/873/197 1872/2002/874/197 1873/2003/874/197 1874/2004/873/197
f 1877/2009/876/198 1878/2010/877/198 1879/2011/878/198 1880/2012/876/198
f 1881/2013/879/198 1879/2014/878/198 1882/2015/880/198 1883/2016/879/198
f 1891/2033/889/199 1892/2034/887/199 1893/2035/887/199 1896/2036/889/199
f 1966/2097/906/202 1967/2098/907/202 1968/2099/907/202 1969/2100/906/202
f 1972/2105/909/203 1973/2106/910/203 1974/2107/910/203 1975/2108/909/203
f 2073/2189/944/207 2074/2190/945/207 2075/2191/945/207 2076/2192/944/207
f 2156/2257/960/210 2157/2258/961/210 2158/2259/962/210 2159/2260/963/210
f 2160/2261/963/210 2158/2262/962/210 2161/2263/964/210 2162/2264/965/210
f 2166/2273/967/211 2167/2274/968/211 2168/2275/968/211 2169/2276/967/211
f 2237/2329/985/214 2238/2330/986/214 2239/2331/987/214 2240/2332/988/214
f 2241/2333/988/214 2239/2334/987/214 2242/2335/989/214 2243/2336/990/214
f 2247/2345/992/215 2248/2346/993/215 2249/2347/993/215 2250/2348/992/215
f 2259/2361/1001/217 2260/2362/1002/217 2261/2363/1002/217 2262/2364/1001/217
f 2265/2369/1004/218 2266/2370/1005/218 2267/2371/1006/218 2268/2372/1007/218
f 2269/2373/1007/218 2267/2374/1006/218 2270/2375/1008/218 2271/2376/1009/218
f 2275/2385/1011/219 2276/2386/1012/219 2277/2387/1012/219 2278/2388/1011/219
f 2287/2401/1020/221 2288/2402/1021/221 2289/2403/1022/221 2290/2404/1023/221
f 2291/2405/1023/221 2289/2406/1022/221 2292/2407/1024/221 2293/2408/1025/221
f 2297/2417/1027/222 2298/2418/1028/222 2299/2419/1028/222 2300/2420/1027/222
f 2427/2513/1054/226 2428/2514/1055/226 2429/2515/1055/226 2430/2516/1054/226
f 2433/2521/1057/227 2434/2522/1058/227 2435/2523/1059/227 2436/2524/1060/227
f 2437/2525/1060/227 2435/2526/1059/227 2438/2527/1061/227 2439/2528/1062/227
f 2443/2537/1064/228 2444/2538/1065/228 2445/2539/1065/228 2446/2540/1064/228
f 2455/2553/1073/230 2456/2554/1074/230 2457/2555/1074/230 2458/2556/1073/230
f 2477/2577/1079/232 2478/2578/1080/232 2479/2579/1081/232 2480/2580/1079/232
f 2481/2581/1082/232 2479/2582/1081/232 2482/2583/1083/232 2483/2584/1082/232
f 2491/2601/1092/233 2492/2602/1090/233 2493/2603/1090/233 2496/2604/1092/233
f 2617/2693/1111/236 2618/2694/1112/236 2619/2695/1112/236 2620/2696/1111/236
f 2623/2701/1114/237 2624/2702/1115/237 2625/2703/1116/237 2626/2704/1117/237
f 2627/2705/1117/237 2625/2706/1116/237 2628/2707/1118/237 2629/2708/1119/237
f 2633/2717/1121/238 2634/2718/1122/238 2635/2719/1122/238 2636/2720/1121/238
f 2645/2733/1130/240 2646/2734/1131/240 2647/2735/1131/240 2648/2736/1130/240
f 2746/2817/1165/244 2747/2818/1166/244 2748/2819/1167/244 2749/2820/1168/244
f 2750/2821/1168/244 2748/2822/1167/244 2751/2823/1169/244 2752/2824/1170/244
f 2756/2833/1172/245 2757/2834/1173/245 2758/2835/1173/245 2759/2836/1172/245
f 2768/2849/1181/247 2769/2850/1182/247 2770/2851/1182/247 2771/2852/1181/247
f 2774/2857/1184/248 2775/2858/1185/248 2776/2859/1186/248 2777/2860/1187/248
f 2778/2861/1187/248 2776/2862/1186/248 2779/2863/1188/248 2780/2864/1189/248
f 2784/2873/1191/249 2785/2874/1192/249 2786/2875/1192/249 2787/2876/1191/249
f 2855/2929/1209/252 2856/2930/1210/252 2857/2931/1210/252 2858/2932/1209/252
f 3156/3137/1257/258 3157/3138/1258/258 3158/3139/1258/258 3159/3140/1257/258
f 3237/3201/1272/261 3238/3202/1273/261 3239/3203/1274/261 3240/3204/1275/261
f 3241/3205/1275/261 3239/3206/1274/261 3242/3207/1276/261 3243/3208/1277/261
f 3247/3217/1279/262 3248/3218/1280/262 3249/3219/1280/262 3250/3220/1279/262
f 3397/3333/1326/267 3398/3334/1327/267 3399/3335/1327/267 3400/3336/1326/267
f 3403/3341/1329/268 3404/3342/1330/268 3405/3343/1331/268 3406/3344/1332/268
f 3407/3345/1332/268 3405/3346/1331/268 3408/3347/1333/268 3409/3348/1334/268
f 3413/3357/1336/269 3414/3358/1337/269 3415/3359/1337/269 3416/3360/1336/269
f 3419/3365/1339/270 3420/3366/1340/270 3421/3367/1340/270 3422/3368/1339/270
f 3490/3421/1357/273 3491/3422/1358/273 3492/3423/1358/273 3493/3424/1357/273
f 3496/3429/1360/274 3497/3430/1361/274 3498/3431/1361/274 3499/3432/1360/274
f 3508/3445/1369/276 3509/3446/1370/276 3510/3447/1371/276 3511/3448/1372/276
f 3512/3449/1372/276 3510/3450/1371/276 3513/3451/1373/276 3514/3452/1374/276
f 3518/3461/1376/277 3519/3462/1377/277 3520/3463/1377/277 3521/3464/1376/277
f 3524/3469/1379/278 3525/3470/1380/278 3526/3471/1380/278 3527/3472/1379/278
f 3530/3478/1382/279 3531/3479/1384/279 3532/3480/1384/279 3535/3481/1382/279
f 3772/3644/1421/284 3773/3645/1422/284 3774/3646/1422/284 3775/3647/1421/284
f 3778/3652/1424/285 3779/3653/1425/285 3780/3654/1426/285 3781/3655/1427/285
f 3782/3656/1427/285 3780/3657/1426/285 3783/3658/1428/285 3784/3659/1429/285
f 3788/3668/1431/286 3789/3669/1432/286 3790/3670/1432/286 3791/3671/1431/286
f 3794/3676/1434/287 3795/3677/1435/287 3796/3678/1435/287 3797/3679/1434/287
f 453/469/170/95 454/470/171/95 455/471/172/95
f 453/469/170/95 456/472/173/95 454/470/171/95
f 455/471/172/95 454/470/171/95 457/473/174/95
f 689/717/293/111 690/718/294/111 691/719/295/111
f 689/717/293/111 692/720/296/111 690/718/294/111
f 691/719/295/111 690/718/294/111 693/721/297/111
f 821/861/364/121 822/862/365/121 823/863/366/121
f 821/861/364/121 824/864/367/121 822/862/365/121
f 823/863/366/121 822/862/365/121 825/865/368/121
f 913/965/395/129 914/966/396/129 915/967/397/129
f 913/965/395/129 916/968/398/129 914/966/396/129
f 915/967/397/129 914/966/396/129 917/969/399/129
f 977/1041/437/135 978/1042/438/135 979/1043/439/135
f 977/1041/437/135 980/1044/440/135 978/1042/438/135
f 979/1043/439/135 978/1042/438/135 981/1045/441/135
f 1021/1097/459/140 1022/1098/460/140 1023/1099/461/140
f 1021/1097/459/140 1024/1100/462/140 1022/1098/460/140
f 1023/1099/461/140 1022/1098/460/140 1025/1101/463/140
f 1049/1137/478/144 1050/1138/479/144 1051/1139/480/144
f 1049/1137/478/144 1052/1140/481/144 1050/1138/479/144
f 1051/1139/480/144 1050/1138/479/144 1053/1141/482/144
f 1173/1289/543/155 1174/1290/544/155 1175/1291/545/155
f 1173/1289/543/155 1176/1292/546/155 1174/1290/544/155
f 1175/1291/545/155 1174/1290/544/155 1177/1293/547/155
f 1201/1329/562/159 1202/1330/563/159 1203/1331/564/159
f 1201/1329/562/159 1204/1332/565/159 1202/1330/563/159
f 1203/1331/564/159 1202/1330/563/159 1205/1333/566/159
f 1269/1413/591/166 1270/1414/592/166 1271/1415/593/166
f 1269/1413/591/166 1272/1416/594/166 1270/1414/592/166
f 1271/1415/593/166 1270/1414/592/166 1273/1417/595/166
f 1373/1529/673/174 1374/1530/674/174 1375/1531/675/174
f 1373/1529/673/174 1376/1532/676/174 1374/1530/674/174
f 1375/1531/675/174 1374/1530/674/174 1377/1533/677/174
f 1401/1573/693/177 1402/1574/694/177 1403/1575/695/177
f 1401/1573/693/177 1404/1576/696/177 1402/1574/694/177
f 1403/1575/695/177 1402/1574/694/177 1405/1577/697/177
f 1461/1645/733/182 1462/1646/734/182 1463/1647/735/182
f 1461/1645/733/182 1464/1648/736/182 1462/1646/734/182
f 1463/1647/735/182 1462/1646/734/182 1465/1649/737/182
f 1705/1861/813/190 1706/1862/814/190 1707/1863/815/190
f 1705/1861/813/190 1708/1864/816/190 1706/1862/814/190
f 1707/1863/815/190 1706/1862/814/190 1709/1865/817/190
f 1721/1885/826/192 1722/1886/827/192 1723/1887/828/192
f 1721/1885/826/192 1724/1888/829/192 1722/1886/827/192
f 1723/1887/828/192 1722/1886/827/192 1725/1889/830/192
f 1899/2045/890/200 1900/2046/891/200 1901/2047/892/200
f 1899/2045/890/200 1902/2048/893/200 1900/2046/891/200
f 1901/2047/892/200 1900/2046/891/200 1903/2049/894/200
f 2172/2281/970/212 2173/2282/971/212 2174/2283/972/212
f 2172/2281/970/212 2175/2284/973/212 2173/2282/971/212
f 2174/2283/972/212 2173/2282/971/212 2176/2285/974/212
f 2253/2353/995/216 2254/2354/996/216 2255/2355/997/216
f 2253/2353/995/216 2256/2356/998/216 2254/2354/996/216
f 2255/2355/997/216 2254/2354/996/216 2257/2357/999/216
f 2281/2393/1014/220 2282/2394/1015/220 2283/2395/1016/220
f 2281/2393/1014/220 2284/2396/1017/220 2282/2394/1015/220
f 2283/2395/1016/220 2282/2394/1015/220 2285/2397/1018/220
f 2303/2425/1030/223 2304/2426/1031/223 2305/2427/1032/223
f 2303/2425/1030/223 2306/2428/1033/223 2304/2426/1031/223
f 2305/2427/1032/223 2304/2426/1031/223 2307/2429/1034/223
f 2449/2545/1067/229 2450/2546/1068/229 2451/2547/1069/229
f 2449/2545/1067/229 2452/2548/1070/229 2450/2546/1068/229
f 2451/2547/1069/229 2450/2546/1068/229 2453/2549/1071/229
f 2639/2725/1124/239 2640/2726/1125/239 2641/2727/1126/239
f 2639/2725/1124/239 2642/2728/1127/239 2640/2726/1125/239
f 2641/2727/1126/239 2640/2726/1125/239 2643/2729/1128/239
f 2762/2841/1175/246 2763/2842/1176/246 2764/2843/1177/246
f 2762/2841/1175/246 2765/2844/1178/246 2763/2842/1176/246
f 2764/2843/1177/246 2763/2842/1176/246 2766/2845/1179/246
f 2790/2881/1194/250 2791/2882/1195/250 2792/2883/1196/250
f 2790/2881/1194/250 2793/2884/1197/250 2791/2882/1195/250
f 2792/2883/1196/250 2791/2882/1195/250 2794/2885/1198/250
f 3253/3225/1282/263 3254/3226/1283/263 3255/3227/1284/263
f 3253/3225/1282/263 3256/3228/1285/263 3254/3226/1283/263
f 3255/3227/1284/263 3254/3226/1283/263 3257/3229/1286/263
f 3484/3413/1351/272 3485/3414/1352/272 3486/3415/1353/272
f 3484/3413/1351/272 3487/3416/1354/272 3485/3414/1352/272
f 3486/3415/1353/272 3485/3414/1352/272 3488/3417/1355/272
f 3502/3437/1363/275 3503/3438/1364/275 3504/3439/1365/275
f 3502/3437/1363/275 3505/3440/1366/275 3503/3438/1364/275
f 3504/3439/1365/275 3503/3438/1364/275 3506/3441/1367/275
f 3800/3684/1437/288 3801/3685/1438/288 3802/3686/1439/288
f 3800/3684/1437/288 3803/3687/1440/288 3801/3685/1438/288
f 3802/3686/1439/288 3801/3685/1438/288 3804/3688/1441/288
usemtl gake1_1
s off
f 417/417/150/89 413/418/148/89 416/419/148/89 418/420/150/89
f 423/425/153/90 419/426/151/90 422/427/151/90 424/428/153/90
f 429/433/156/91 425/434/154/91 428/435/154/91 430/436/156/91
f 435/441/159/92 431/442/157/92 434/443/157/92 436/444/159/92
f 444/453/166/93 437/454/160/93 440/455/163/93 445/456/166/93
f 446/457/162/93 441/458/163/93 443/459/165/93 444/460/166/93
f 451/465/169/94 447/466/167/94 450/467/167/94 452/468/169/94
f 495/513/184/98 491/514/182/98 494/515/182/98 496/516/184/98
f 680/701/289/109 673/702/283/109 676/703/286/109 681/704/289/109
f 682/705/285/109 677/706/286/109 679/707/288/109 680/708/289/109
f 687/713/292/110 683/714/290/110 686/715/290/110 688/716/292/110
f 715/745/304/113 711/746/302/113 714/747/302/113 716/748/304/113
f 812/845/360/119 805/846/354/119 808/847/357/119 813/848/360/119
f 814/849/356/119 809/850/357/119 811/851/359/119 812/852/360/119
f 819/857/363/120 815/858/361/120 818/859/361/120 820/860/363/120
f 863/905/378/124 859/906/376/124 862/907/376/124 864/908/378/124
f 904/949/391/127 897/950/385/127 900/951/388/127 905/952/391/127
f 906/953/387/127 901/954/388/127 903/955/390/127 904/956/391/127
f 911/961/394/128 907/962/392/128 910/963/392/128 912/964/394/128
f 959/1013/426/132 955/1014/424/132 958/1015/424/132 960/1016/426/132
f 968/1025/433/133 961/1026/427/133 964/1027/430/133 969/1028/433/133
f 970/1029/429/133 965/1030/430/133 967/1031/432/133 968/1032/433/133
f 975/1037/436/134 971/1038/434/134 974/1039/434/134 976/1040/436/134
f 987/1053/445/136 983/1054/443/136 986/1055/443/136 988/1056/445/136
f 1012/1081/455/138 1005/1082/449/138 1008/1083/452/138 1013/1084/455/138
f 1014/1085/451/138 1009/1086/452/138 1011/1087/454/138 1012/1088/455/138
f 1019/1093/458/139 1015/1094/456/139 1018/1095/456/139 1020/1096/458/139
f 1031/1109/467/141 1027/1110/465/141 1030/1111/465/141 1032/1112/467/141
f 1040/1121/474/142 1033/1122/468/142 1036/1123/471/142 1041/1124/474/142
f 1042/1125/470/142 1037/1126/471/142 1039/1127/473/142 1040/1128/474/142
f 1047/1133/477/143 1043/1134/475/143 1046/1135/475/143 1048/1136/477/143
f 1059/1149/486/145 1055/1150/484/145 1058/1151/484/145 1060/1152/486/145
f 1104/1193/498/148 1101/1194/499/148 1100/1195/499/148 1105/1196/500/148
f 1106/1197/501/148 1103/1198/502/148 1102/1199/502/148 1104/1200/498/148
f 1113/1213/505/149 1112/1214/506/149 1111/1215/506/149 1114/1216/505/149
f 1119/1225/509/150 1115/1226/507/150 1118/1227/507/150 1120/1228/509/150
f 1164/1273/539/153 1157/1274/533/153 1160/1275/536/153 1165/1276/539/153
f 1166/1277/535/153 1161/1278/536/153 1163/1279/538/153 1164/1280/539/153
f 1171/1285/542/154 1167/1286/540/154 1170/1287/540/154 1172/1288/542/154
f 1183/1301/551/156 1179/1302/549/156 1182/1303/549/156 1184/1304/551/156
f 1192/1313/558/157 1185/1314/552/157 1188/1315/555/157 1193/1316/558/157
f 1194/1317/554/157 1189/1318/555/157 1191/1319/557/157 1192/1320/558/157
f 1199/1325/561/158 1195/1326/559/158 1198/1327/559/158 1200/1328/561/158
f 1229/1357/573/161 1228/1358/574/161 1227/1359/574/161 1230/1360/573/161
f 1251/1385/580/163 1247/1386/578/163 1250/1387/578/163 1252/1388/580/163
f 1260/1397/587/164 1253/1398/581/164 1256/1399/584/164 1261/1400/587/164
f 1262/1401/583/164 1257/1402/584/164 1259/1403/586/164 1260/1404/587/164
f 1267/1409/590/165 1263/1410/588/165 1266/1411/588/165 1268/1412/590/165
f 1279/1425/599/167 1275/1426/597/167 1278/1427/597/167 1280/1428/599/167
f 1325/1473/642/170 1321/1474/640/170 1324/1475/640/170 1326/1476/642/170
f 1370/1521/672/173 1363/1522/666/173 1366/1523/669/173 1371/1524/672/173
f 1372/1525/668/173 1367/1526/669/173 1369/1527/671/173 1370/1528/672/173
f 1390/1545/684/175 1387/1546/685/175 1386/1547/685/175 1391/1548/686/175
f 1392/1549/687/175 1389/1550/688/175 1388/1551/688/175 1390/1552/684/175
f 1399/1565/691/176 1398/1566/692/176 1397/1567/692/176 1400/1568/691/176
f 1413/1589/702/178 1409/1590/700/178 1412/1591/700/178 1414/1592/702/178
f 1458/1637/732/181 1451/1638/726/181 1454/1639/729/181 1459/1640/732/181
f 1460/1641/728/181 1455/1642/729/181 1457/1643/731/181 1458/1644/732/181
f 1555/1741/767/185 1551/1742/765/185 1554/1743/765/185 1556/1744/767/185
f 1702/1853/812/189 1695/1854/806/189 1698/1855/809/189 1703/1856/812/189
f 1704/1857/808/189 1699/1858/809/189 1701/1859/811/189 1702/1860/812/189
f 1718/1877/825/191 1711/1878/819/191 1714/1879/822/191 1719/1880/825/191
f 1720/1881/821/191 1715/1882/822/191 1717/1883/824/191 1718/1884/825/191
f 1849/1977/852/195 1845/1978/850/195 1848/1979/850/195 1850/1980/852/195
f 1875/2005/875/197 1871/2006/873/197 1874/2007/873/197 1876/2008/875/197
f 1888/2017/881/198 1885/2018/882/198 1884/2019/882/198 1889/2020/883/198
f 1890/2021/884/198 1887/2022/885/198 1886/2023/885/198 1888/2024/881/198
f 1894/2038/888/199 1897/2044/886/199 1898/2037/886/199 1895/2041/888/199
f 1970/2101/908/202 1966/2102/906/202 1969/2103/906/202 1971/2104/908/202
f 1976/2109/911/203 1972/2110/909/203 1975/2111/909/203 1977/2112/911/203
f 2079/2193/946/207 2078/2194/947/207 2077/2195/947/207 2080/2196/946/207
f 2163/2265/966/210 2156/2266/960/210 2159/2267/963/210 2164/2268/966/210
f 2165/2269/962/210 2160/2270/963/210 2162/2271/965/210 2163/2272/966/210
f 2170/2277/969/211 2166/2278/967/211 2169/2279/967/211 2171/2280/969/211
f 2244/2337/991/214 2237/2338/985/214 2240/2339/988/214 2245/2340/991/214
f 2246/2341/987/214 2241/2342/988/214 2243/2343/990/214 2244/2344/991/214
f 2251/2349/994/215 2247/2350/992/215 2250/2351/992/215 2252/2352/994/215
f 2263/2365/1003/217 2259/2366/1001/217 2262/2367/1001/217 2264/2368/1003/217
f 2272/2377/1010/218 2265/2378/1004/218 2268/2379/1007/218 2273/2380/1010/218
f 2274/2381/1006/218 2269/2382/1007/218 2271/2383/1009/218 2272/2384/1010/218
f 2279/2389/1013/219 2275/2390/1011/219 2278/2391/1011/219 2280/2392/1013/219
f 2294/2409/1026/221 2287/2410/1020/221 2290/2411/1023/221 2295/2412/1026/221
f 2296/2413/1022/221 2291/2414/1023/221 2293/2415/1025/221 2294/2416/1026/221
f 2301/2421/1029/222 2297/2422/1027/222 2300/2423/1027/222 2302/2424/1029/222
f 2431/2517/1056/226 2427/2518/1054/226 2430/2519/1054/226 2432/2520/1056/226
f 2440/2529/1063/227 2433/2530/1057/227 2436/2531/1060/227 2441/2532/1063/227
f 2442/2533/1059/227 2437/2534/1060/227 2439/2535/1062/227 2440/2536/1063/227
f 2447/2541/1066/228 2443/2542/1064/228 2446/2543/1064/228 2448/2544/1066/228
f 2459/2557/1075/230 2455/2558/1073/230 2458/2559/1073/230 2460/2560/1075/230
f 2488/2585/1084/232 2485/2586/1085/232 2484/2587/1085/232 2489/2588/1086/232
f 2490/2589/1087/232 2487/2590/1088/232 2486/2591/1088/232 2488/2592/1084/232
f 2494/2606/1091/233 2497/2612/1089/233 2498/2605/1089/233 2495/2609/1091/233
f 2621/2697/1113/236 2617/2698/1111/236 2620/2699/1111/236 2622/2700/1113/236
f 2630/2709/1120/237 2623/2710/1114/237 2626/2711/1117/237 2631/2712/1120/237
f 2632/2713/1116/237 2627/2714/1117/237 2629/2715/1119/237 2630/2716/1120/237
f 2637/2721/1123/238 2633/2722/1121/238 2636/2723/1121/238 2638/2724/1123/238
f 2649/2737/1132/240 2645/2738/1130/240 2648/2739/1130/240 2650/2740/1132/240
f 2753/2825/1171/244 2746/2826/1165/244 2749/2827/1168/244 2754/2828/1171/244
f 2755/2829/1167/244 2750/2830/1168/244 2752/2831/1170/244 2753/2832/1171/244
f 2760/2837/1174/245 2756/2838/1172/245 2759/2839/1172/245 2761/2840/1174/245
f 2772/2853/1183/247 2768/2854/1181/247 2771/2855/1181/247 2773/2856/1183/247
f 2781/2865/1190/248 2774/2866/1184/248 2777/2867/1187/248 2782/2868/1190/248
f 2783/2869/1186/248 2778/2870/1187/248 2780/2871/1189/248 2781/2872/1190/248
f 2788/2877/1193/249 2784/2878/1191/249 2787/2879/1191/249 2789/2880/1193/249
f 2859/2933/1211/252 2855/2934/1209/252 2858/2935/1209/252 2860/2936/1211/252
f 3160/3141/1259/258 3156/3142/1257/258 3159/3143/1257/258 3161/3144/1259/258
f 3244/3209/1278/261 3237/3210/1272/261 3240/3211/1275/261 3245/3212/1278/261
f 3246/3213/1274/261 3241/3214/1275/261 3243/3215/1277/261 3244/3216/1278/261
f 3251/3221/1281/262 3247/3222/1279/262 3250/3223/1279/262 3252/3224/1281/262
f 3401/3337/1328/267 3397/3338/1326/267 3400/3339/1326/267 3402/3340/1328/267
f 3410/3349/1335/268 3403/3350/1329/268 3406/3351/1332/268 3411/3352/1335/268
f 3412/3353/1331/268 3407/3354/1332/268 3409/3355/1334/268 3410/3356/1335/268
f 3417/3361/1338/269 3413/3362/1336/269 3416/3363/1336/269 3418/3364/1338/269
f 3423/3369/1341/270 3419/3370/1339/270 3422/3371/1339/270 3424/3372/1341/270
f 3494/3425/1359/273 3490/3426/1357/273 3493/3427/1357/273 3495/3428/1359/273
f 3500/3433/1362/274 3496/3434/1360/274 3499/3435/1360/274 3501/3436/1362/274
f 3515/3453/1375/276 3508/3454/1369/276 3511/3455/1372/276 3516/3456/1375/276
f 3517/3457/1371/276 3512/3458/1372/276 3514/3459/1374/276 3515/3460/1375/276
f 3522/3465/1378/277 3518/3466/1376/277 3521/3467/1376/277 3523/3468/1378/277
f 3528/3473/1381/278 3524/3474/1379/278 3527/3475/1379/278 3529/3476/1381/278
f 3533/3483/1383/279 3530/3479/1382/279 3535/3482/1382/279 3534/3477/1383/279
f 3776/3648/1423/284 3772/3649/1421/284 3775/3650/1421/284 3777/3651/1423/284
f 3785/3660/1430/285 3778/3661/1424/285 3781/3662/1427/285 3786/3663/1430/285
f 3787/3664/1426/285 3782/3665/1427/285 3784/3666/1429/285 3785/3667/1430/285
f 3792/3672/1433/286 3788/3673/1431/286 3791/3674/1431/286 3793/3675/1433/286
f 3798/3680/1436/287 3794/3681/1434/287 3797/3682/1434/287 3799/3683/1436/287
f 458/474/175/95 453/475/170/95 455/476/172/95
f 694/722/298/111 689/723/293/111 691/724/295/111
f 826/866/369/121 821/867/364/121 823/868/366/121
f 918/970/400/129 913/971/395/129 915/972/397/129
f 982/1046/442/135 977/1047/437/135 979/1048/439/135
f 1026/1102/464/140 1021/1103/459/140 1023/1104/461/140
f 1054/1142/483/144 1049/1143/478/144 1051/1144/480/144
f 1178/1294/548/155 1173/1295/543/155 1175/1296/545/155
f 1206/1334/567/159 1201/1335/562/159 1203/1336/564/159
f 1274/1418/596/166 1269/1419/591/166 1271/1420/593/166
f 1378/1534/678/174 1373/1535/673/174 1375/1536/675/174
f 1408/1578/698/177 1407/1579/699/177 1406/1580/699/177
f 1466/1650/738/182 1461/1651/733/182 1463/1652/735/182
f 1710/1866/818/190 1705/1867/813/190 1707/1868/815/190
f 1726/1890/831/192 1721/1891/826/192 1723/1892/828/192
f 1906/2050/895/200 1905/2051/896/200 1904/2052/896/200
f 2177/2286/975/212 2172/2287/970/212 2174/2288/972/212
f 2258/2358/1000/216 2253/2359/995/216 2255/2360/997/216
f 2286/2398/1019/220 2281/2399/1014/220 2283/2400/1016/220
f 2308/2430/1035/223 2303/2431/1030/223 2305/2432/1032/223
f 2454/2550/1072/229 2449/2551/1067/229 2451/2552/1069/229
f 2644/2730/1129/239 2639/2731/1124/239 2641/2732/1126/239
f 2767/2846/1180/246 2762/2847/1175/246 2764/2848/1177/246
f 2795/2886/1199/250 2790/2887/1194/250 2792/2888/1196/250
f 3258/3230/1287/263 3253/3231/1282/263 3255/3232/1284/263
f 3489/3418/1356/272 3484/3419/1351/272 3486/3420/1353/272
f 3507/3442/1368/275 3502/3443/1363/275 3504/3444/1365/275
f 3805/3689/1442/288 3800/3690/1437/288 3802/3691/1439/288
usemtl yamagake01
s off
f 1093/1201/493/148 1096/1202/493/148 1100/1203/499/148 1101/1204/499/148
f 1097/1205/496/148 1099/1206/496/148 1102/1207/502/148 1103/1208/502/148
f 1107/1217/503/149 1110/1218/503/149 1111/1219/506/149 1112/1220/506/149
f 1223/1361/571/161 1226/1362/571/161 1227/1363/574/161 1228/1364/574/161
f 1379/1553/679/175 1382/1554/679/175 1386/1555/685/175 1387/1556/685/175
f 1383/1557/682/175 1385/1558/682/175 1388/1559/688/175 1389/1560/688/175
f 1393/1569/689/176 1396/1570/689/176 1397/1571/692/176 1398/1572/692/176
f 1401/1581/693/177 1403/1582/695/177 1406/1583/699/177 1407/1584/699/177
f 1877/2025/876/198 1880/2026/876/198 1884/2027/882/198 1885/2028/882/198
f 1881/2029/879/198 1883/2030/879/198 1886/2031/885/198 1887/2032/885/198
f 1891/2042/889/199 1896/2043/889/199 1898/2039/886/199 1897/2040/886/199
f 1899/2053/890/200 1901/2054/892/200 1904/2055/896/200 1905/2056/896/200
f 2073/2197/944/207 2076/2198/944/207 2077/2199/947/207 2078/2200/947/207
f 2477/2593/1079/232 2480/2594/1079/232 2484/2595/1085/232 2485/2596/1085/232
f 2481/2597/1082/232 2483/2598/1082/232 2486/2599/1088/232 2487/2600/1088/232
f 2491/2610/1092/233 2496/2611/1092/233 2498/2607/1089/233 2497/2608/1089/233
f 1537/1723/762/184 1538/1724/762/184 1539/1725/762/184
f 1544/1726/764/184 1546/1727/764/184 1545/1728/764/184
f 3969/3876/1463/290 3970/3877/1463/290 3971/3878/1463/290
f 3976/3879/1465/290 3978/3880/1465/290 3977/3881/1465/290
usemtl grass01ax
s off
f 1/1/1/1 2/2/1/1 3/3/1/1 4/4/1/1
f 5/5/2/2 6/6/2/2 7/7/2/2 8/8/2/2
f 9/9/3/3 10/10/3/3 11/11/3/3 12/12/3/3
f 13/13/4/4 14/14/4/4 15/15/4/4 16/16/4/4
f 17/19/5/5 18/20/5/5 19/17/5/5 20/18/5/5
f 21/21/6/6 22/22/6/6 23/23/6/6 24/24/6/6
f 25/25/7/7 26/26/7/7 27/27/7/7 28/28/7/7
f 29/29/8/8 30/30/8/8 31/31/8/8 32/32/8/8
f 33/33/9/9 34/34/9/9 35/35/9/9 36/36/9/9
f 37/37/10/10 38/38/10/10 39/39/10/10 40/40/10/10
f 41/41/11/11 42/42/11/11 43/43/11/11 44/44/11/11
f 45/45/12/12 46/46/12/12 47/47/12/12 48/48/12/12
f 49/49/13/13 50/50/13/13 51/51/13/13 52/52/13/13
f 53/53/14/14 54/54/14/14 55/55/14/14 56/56/14/14
f 57/57/15/15 58/58/15/15 59/59/15/15 60/60/15/15
f 61/61/16/16 62/62/16/16 63/63/16/16 64/64/16/16
f 65/65/17/17 66/66/17/17 67/67/17/17 68/68/17/17
f 69/69/18/18 70/70/18/18 71/71/18/18 72/72/18/18
f 73/73/19/19 74/74/19/19 75/75/19/19 76/76/19/19
f 77/79/20/20 78/80/20/20 79/77/20/20 80/78/20/20
f 81/81/21/21 82/82/21/21 83/83/21/21 84/84/21/21
f 85/85/22/22 86/86/22/22 87/87/22/22 88/88/22/22
f 89/89/23/23 90/90/23/23 91/91/23/23 92/92/23/23
f 93/95/24/24 94/93/24/24 95/94/24/24 96/96/24/24
f 97/99/25/25 98/97/25/25 99/98/25/25 100/100/25/25
f 101/103/26/26 102/104/26/26 103/101/26/26 104/102/26/26
f 105/105/27/27 106/106/27/27 107/107/27/27 108/108/27/27
f 109/109/28/28 110/110/28/28 111/111/28/28 112/112/28/28
f 113/113/29/29 114/114/29/29 115/115/29/29 116/116/29/29
f 117/117/30/30 118/118/30/30 119/119/30/30 120/120/30/30
f 121/121/31/31 122/122/31/31 123/123/31/31 124/124/31/31
f 125/127/32/32 126/125/32/32 127/126/32/32 128/128/32/32
f 129/131/33/33 130/129/33/33 131/130/33/33 132/132/33/33
f 133/133/34/34 134/134/34/34 135/135/34/34 136/136/34/34
f 137/137/35/35 138/138/35/35 139/139/35/35 140/140/35/35
f 141/141/36/36 142/142/36/36 143/143/36/36 144/144/36/36
f 145/145/37/37 146/146/37/37 147/147/37/37 148/148/37/37
f 149/151/38/38 150/152/38/38 151/149/38/38 152/150/38/38
f 169/169/43/43 170/170/43/43 171/171/43/43 172/172/43/43
f 173/173/44/44 174/174/44/44 175/175/44/44 176/176/44/44
f 177/177/45/45 178/178/45/45 179/179/45/45 180/180/45/45
f 189/189/48/48 190/190/48/48 191/191/48/48 192/192/48/48
f 193/193/49/49 194/194/49/49 195/195/49/49 196/196/49/49
f 197/197/50/50 198/198/50/50 199/199/50/50 200/200/50/50
f 201/201/51/51 202/202/51/51 203/203/51/51 204/204/51/51
f 205/207/52/52 206/205/52/52 207/206/52/52 208/208/52/52
f 209/209/53/53 210/210/53/53 211/211/53/53 212/212/53/53
f 213/213/54/54 214/214/54/54 215/215/54/54 216/216/54/54
f 217/217/55/55 218/218/55/55 219/219/55/55 220/220/55/55
f 221/221/56/56 222/222/56/56 223/223/56/56 224/224/56/56
f 225/225/57/57 226/227/57/57 227/228/57/57 228/226/57/57
f 229/229/58/58 230/230/58/58 231/231/58/58 232/232/58/58
f 233/233/59/59 234/234/59/59 235/235/59/59 236/236/59/59
f 237/237/60/60 238/238/60/60 239/239/60/60 240/240/60/60
f 241/243/61/61 242/241/61/61 243/242/61/61 244/244/61/61
f 245/247/62/62 246/245/62/62 247/246/62/62 248/248/62/62
f 249/251/63/63 250/252/63/63 251/249/63/63 252/250/63/63
f 253/253/64/64 254/254/64/64 255/255/64/64 256/256/64/64
f 257/259/65/65 258/257/65/65 259/260/65/65 260/258/65/65
f 261/263/66/66 262/264/66/66 263/261/66/66 264/262/66/66
f 265/265/67/67 266/267/67/67 267/268/67/67 268/266/67/67
f 269/271/68/68 270/269/68/68 271/270/68/68 272/272/68/68
f 273/275/69/69 274/276/69/69 275/273/69/69 276/274/69/69
f 277/277/70/70 278/279/70/70 279/280/70/70 280/278/70/70
f 281/281/71/71 282/283/71/71 283/284/71/71 284/282/71/71
f 285/285/72/72 286/286/72/72 287/287/72/72 288/288/72/72
f 289/289/73/73 290/290/73/73 291/291/73/73 292/292/73/73
f 293/293/74/74 294/294/74/74 295/295/74/74 296/296/74/74
f 297/297/75/75 298/299/75/75 299/300/75/75 300/298/75/75
f 301/301/76/76 302/303/76/76 303/304/76/76 304/302/76/76
f 305/305/77/77 306/306/77/77 307/307/77/77 308/308/77/77
f 309/309/78/78 310/310/78/78 311/311/78/78 312/312/78/78
f 313/313/79/79 314/314/79/79 315/315/79/79 316/316/79/79
f 317/319/80/80 318/317/80/80 319/318/80/80 320/320/80/80
f 321/323/81/81 322/321/81/81 323/322/81/81 324/324/81/81
f 325/325/82/82 326/327/82/82 327/328/82/82 328/326/82/82
f 329/331/83/83 330/329/83/83 331/330/83/83 332/332/83/83
f 333/333/84/84 334/335/84/84 335/334/84/84 336/336/84/84
usemtl michi01a
s off
f 153/153/39/39 154/154/39/39 155/155/39/39 156/156/39/39
f 157/157/40/40 158/158/40/40 159/159/40/40 160/160/40/40
f 181/181/46/46 182/182/46/46 183/183/46/46 184/184/46/46
f 185/185/47/47 186/186/47/47 187/187/47/47 188/188/47/47
usemtl michi01b
s off
f 163/161/41/41 164/162/41/41 161/163/41/41 162/164/41/41
f 167/165/42/42 168/166/42/42 165/167/42/42 166/168/42/42
usemtl mori01s
s off
f 3845/3740/1444/289 3846/3741/1445/289 3844/3742/1446/289 3841/3743/1447/289
f 3837/3744/1448/289 3843/3745/1443/289 3842/3746/1443/289 3841/3747/1447/289
f 3840/3748/1449/289 3837/3744/1448/289 3841/3747/1447/289 3844/3749/1446/289
f 3838/3750/1450/289 3839/3751/1451/289 3837/3752/1448/289 3840/3753/1449/289
f 3877/3770/1453/289 3878/3771/1454/289 3876/3772/1455/289 3875/3773/1456/289
usemtl kaidan01a
s off
f 1513/1673/759/184 1514/1674/759/184 1511/1675/759/184 1512/1676/759/184
f 1496/1677/760/184 1498/1678/760/184 1497/1679/760/184 1495/1680/760/184
f 1505/1681/761/184 1506/1682/761/184 1503/1683/761/184 1504/1684/761/184
f 1521/1685/761/184 1522/1686/761/184 1519/1687/761/184 1520/1688/761/184
f 1529/1689/759/184 1530/1690/759/184 1527/1691/759/184 1528/1692/759/184
f 1517/1693/762/184 1518/1694/762/184 1515/1695/762/184 1516/1696/762/184
f 1488/1697/763/184 1490/1698/763/184 1489/1699/763/184 1487/1700/763/184
f 1494/1701/760/184 1496/1677/760/184 1495/1680/760/184 1493/1702/760/184
f 1525/1703/762/184 1526/1704/762/184 1523/1705/762/184 1524/1706/762/184
f 1501/1707/764/184 1502/1708/764/184 1499/1709/764/184 1500/1710/764/184
f 1490/1698/763/184 1492/1711/763/184 1491/1712/763/184 1489/1699/763/184
f 1509/1719/764/184 1510/1720/764/184 1507/1721/764/184 1508/1722/764/184
f 3945/3826/1460/290 3946/3827/1460/290 3943/3828/1460/290 3944/3829/1460/290
f 3928/3830/1461/290 3930/3831/1461/290 3929/3832/1461/290 3927/3833/1461/290
f 3937/3834/1462/290 3938/3835/1462/290 3935/3836/1462/290 3936/3837/1462/290
f 3953/3838/1462/290 3954/3839/1462/290 3951/3840/1462/290 3952/3841/1462/290
f 3961/3842/1460/290 3962/3843/1460/290 3959/3844/1460/290 3960/3845/1460/290
f 3949/3846/1463/290 3950/3847/1463/290 3947/3848/1463/290 3948/3849/1463/290
f 3920/3850/1464/290 3922/3851/1464/290 3921/3852/1464/290 3919/3853/1464/290
f 3926/3854/1461/290 3928/3830/1461/290 3927/3833/1461/290 3925/3855/1461/290
f 3957/3856/1463/290 3958/3857/1463/290 3955/3858/1463/290 3956/3859/1463/290
f 3933/3860/1465/290 3934/3861/1465/290 3931/3862/1465/290 3932/3863/1465/290
f 3922/3851/1464/290 3924/3864/1464/290 3923/3865/1464/290 3921/3852/1464/290
f 3941/3872/1465/290 3942/3873/1465/290 3939/3874/1465/290 3940/3875/1465/290
f 1531/1713/762/184 1532/1714/762/184 1533/1715/762/184
f 1534/1716/764/184 1535/1717/764/184 1536/1718/764/184
f 3963/3866/1463/290 3964/3867/1463/290 3965/3868/1463/290
f 3966/3869/1465/290 3967/3870/1465/290 3968/3871/1465/290
usemtl gake01a
s off
f 1542/1729/762/184 1543/1730/762/184 1540/1731/762/184 1541/1732/762/184
f 1549/1733/764/184 1548/1734/764/184 1547/1735/764/184 1550/1736/764/184
f 3974/3882/1463/290 3975/3883/1463/290 3972/3884/1463/290 3973/3885/1463/290
f 3981/3886/1465/290 3980/3887/1465/290 3979/3888/1465/290 3982/3889/1465/290
usemtl t_tree2_c_lm24
s off
f 1564/1745/768/186 1565/1746/769/186 1566/1747/770/186
f 1565/1746/769/186 1567/1748/769/186 1566/1747/770/186
f 1568/1749/771/186 1569/1750/769/186 1570/1751/772/186
f 1569/1750/769/186 1571/1752/769/186 1570/1751/772/186
f 1623/1785/777/187 1624/1786/778/187 1625/1787/779/187
f 1624/1786/778/187 1626/1788/778/187 1625/1787/779/187
f 1627/1789/780/187 1628/1790/778/187 1629/1791/781/187
f 1628/1790/778/187 1630/1792/778/187 1629/1791/781/187
f 1734/1893/832/193 1735/1894/833/193 1736/1895/834/193
f 1735/1894/833/193 1737/1896/833/193 1736/1895/834/193
f 1738/1897/835/193 1739/1898/833/193 1740/1899/836/193
f 1739/1898/833/193 1741/1900/833/193 1740/1899/836/193
f 1793/1933/841/194 1794/1934/842/194 1795/1935/843/194
f 1794/1934/842/194 1796/1936/842/194 1795/1935/843/194
f 1797/1937/844/194 1798/1938/842/194 1799/1939/845/194
f 1798/1938/842/194 1800/1940/842/194 1799/1939/845/194
f 1914/2057/897/201 1915/2058/898/201 1916/2059/899/201
f 1915/2058/898/201 1917/2060/898/201 1916/2059/899/201
f 1918/2061/900/201 1919/2062/898/201 1920/2063/901/201
f 1919/2062/898/201 1921/2064/898/201 1920/2063/901/201
f 2021/2149/935/206 2022/2150/936/206 2023/2151/937/206
f 2022/2150/936/206 2024/2152/936/206 2023/2151/937/206
f 2025/2153/938/206 2026/2154/936/206 2027/2155/939/206
f 2026/2154/936/206 2028/2156/936/206 2027/2155/939/206
f 2104/2217/951/209 2105/2218/952/209 2106/2219/953/209
f 2105/2218/952/209 2107/2220/952/209 2106/2219/953/209
f 2108/2221/954/209 2109/2222/952/209 2110/2223/955/209
f 2109/2222/952/209 2111/2224/952/209 2110/2223/955/209
f 2185/2289/976/213 2186/2290/977/213 2187/2291/978/213
f 2186/2290/977/213 2188/2292/977/213 2187/2291/978/213
f 2189/2293/979/213 2190/2294/977/213 2191/2295/980/213
f 2190/2294/977/213 2192/2296/977/213 2191/2295/980/213
f 2316/2433/1036/224 2317/2434/1037/224 2318/2435/1038/224
f 2317/2434/1037/224 2319/2436/1037/224 2318/2435/1038/224
f 2320/2437/1039/224 2321/2438/1037/224 2322/2439/1040/224
f 2321/2438/1037/224 2323/2440/1037/224 2322/2439/1040/224
f 2375/2473/1045/225 2376/2474/1046/225 2377/2475/1047/225
f 2376/2474/1046/225 2378/2476/1046/225 2377/2475/1047/225
f 2379/2477/1048/225 2380/2478/1046/225 2381/2479/1049/225
f 2380/2478/1046/225 2382/2480/1046/225 2381/2479/1049/225
f 2506/2613/1093/234 2507/2614/1094/234 2508/2615/1095/234
f 2507/2614/1094/234 2509/2616/1094/234 2508/2615/1095/234
f 2510/2617/1096/234 2511/2618/1094/234 2512/2619/1097/234
f 2511/2618/1094/234 2513/2620/1094/234 2512/2619/1097/234
f 2565/2653/1102/235 2566/2654/1103/235 2567/2655/1104/235
f 2566/2654/1103/235 2568/2656/1103/235 2567/2655/1104/235
f 2569/2657/1105/235 2570/2658/1103/235 2571/2659/1106/235
f 2570/2658/1103/235 2572/2660/1103/235 2571/2659/1106/235
f 2678/2761/1153/242 2679/2762/1154/242 2680/2763/1155/242
f 2679/2762/1154/242 2681/2764/1154/242 2680/2763/1155/242
f 2682/2765/1156/242 2683/2766/1154/242 2684/2767/1157/242
f 2683/2766/1154/242 2685/2768/1154/242 2684/2767/1157/242
f 2803/2889/1200/251 2804/2890/1201/251 2805/2891/1202/251
f 2804/2890/1201/251 2806/2892/1201/251 2805/2891/1202/251
f 2807/2893/1203/251 2808/2894/1201/251 2809/2895/1204/251
f 2808/2894/1201/251 2810/2896/1201/251 2809/2895/1204/251
f 2868/2937/1212/253 2869/2938/1213/253 2870/2939/1214/253
f 2869/2938/1213/253 2871/2940/1213/253 2870/2939/1214/253
f 2872/2941/1215/253 2873/2942/1213/253 2874/2943/1216/253
f 2873/2942/1213/253 2875/2944/1213/253 2874/2943/1216/253
f 2927/2977/1221/254 2928/2978/1222/254 2929/2979/1223/254
f 2928/2978/1222/254 2930/2980/1222/254 2929/2979/1223/254
f 2931/2981/1224/254 2932/2982/1222/254 2933/2983/1225/254
f 2932/2982/1222/254 2934/2984/1222/254 2933/2983/1225/254
f 2986/3017/1230/255 2987/3018/1231/255 2988/3019/1232/255
f 2987/3018/1231/255 2989/3020/1231/255 2988/3019/1232/255
f 2990/3021/1233/255 2991/3022/1231/255 2992/3023/1234/255
f 2991/3022/1231/255 2993/3024/1231/255 2992/3023/1234/255
f 3045/3057/1239/256 3046/3058/1240/256 3047/3059/1241/256
f 3046/3058/1240/256 3048/3060/1240/256 3047/3059/1241/256
f 3049/3061/1242/256 3050/3062/1240/256 3051/3063/1243/256
f 3050/3062/1240/256 3052/3064/1240/256 3051/3063/1243/256
f 3104/3097/1248/257 3105/3098/1249/257 3106/3099/1250/257
f 3105/3098/1249/257 3107/3100/1249/257 3106/3099/1250/257
f 3108/3101/1251/257 3109/3102/1249/257 3110/3103/1252/257
f 3109/3102/1249/257 3111/3104/1249/257 3110/3103/1252/257
f 3185/3161/1263/260 3186/3162/1264/260 3187/3163/1265/260
f 3186/3162/1264/260 3188/3164/1264/260 3187/3163/1265/260
f 3189/3165/1266/260 3190/3166/1264/260 3191/3167/1267/260
f 3190/3166/1264/260 3192/3168/1264/260 3191/3167/1267/260
f 3286/3253/1308/265 3287/3254/1309/265 3288/3255/1310/265
f 3287/3254/1309/265 3289/3256/1309/265 3288/3255/1310/265
f 3290/3257/1311/265 3291/3258/1309/265 3292/3259/1312/265
f 3291/3258/1309/265 3293/3260/1309/265 3292/3259/1312/265
f 3345/3293/1317/266 3346/3294/1318/266 3347/3295/1319/266
f 3346/3294/1318/266 3348/3296/1318/266 3347/3295/1319/266
f 3349/3297/1320/266 3350/3298/1318/266 3351/3299/1321/266
f 3350/3298/1318/266 3352/3300/1318/266 3351/3299/1321/266
f 3432/3373/1342/271 3433/3374/1343/271 3434/3375/1344/271
f 3433/3374/1343/271 3435/3376/1343/271 3434/3375/1344/271
f 3436/3377/1345/271 3437/3378/1343/271 3438/3379/1346/271
f 3437/3378/1343/271 3439/3380/1343/271 3438/3379/1346/271
f 3543/3484/1385/280 3544/3485/1386/280 3545/3486/1387/280
f 3544/3485/1386/280 3546/3487/1386/280 3545/3486/1387/280
f 3547/3488/1388/280 3548/3489/1386/280 3549/3490/1389/280
f 3548/3489/1386/280 3550/3491/1386/280 3549/3490/1389/280
f 3602/3524/1394/281 3603/3525/1395/281 3604/3526/1396/281
f 3603/3525/1395/281 3605/3527/1395/281 3604/3526/1396/281
f 3606/3528/1397/281 3607/3529/1395/281 3608/3530/1398/281
f 3607/3529/1395/281 3609/3531/1395/281 3608/3530/1398/281
f 3661/3564/1403/282 3662/3565/1404/282 3663/3566/1405/282
f 3662/3565/1404/282 3664/3567/1404/282 3663/3566/1405/282
f 3665/3568/1406/282 3666/3569/1404/282 3667/3570/1407/282
f 3666/3569/1404/282 3668/3571/1404/282 3667/3570/1407/282
f 3720/3604/1412/283 3721/3605/1413/283 3722/3606/1414/283
f 3721/3605/1413/283 3723/3607/1413/283 3722/3606/1414/283
f 3724/3608/1415/283 3725/3609/1413/283 3726/3610/1416/283
f 3725/3609/1413/283 3727/3611/1413/283 3726/3610/1416/283
f 3990/3890/1466/291 3991/3891/1467/291 3992/3892/1468/291
f 3991/3891/1467/291 3993/3893/1467/291 3992/3892/1468/291
f 3994/3894/1469/291 3995/3895/1467/291 3996/3896/1470/291
f 3995/3895/1467/291 3997/3897/1467/291 3996/3896/1470/291
usemtl t_tree2_g__lm6
s off
f 1578/1753/773/186 1579/1754/773/186 1576/1755/773/186 1577/1756/773/186
f 1637/1793/782/187 1638/1794/782/187 1635/1795/782/187 1636/1796/782/187
f 1748/1901/837/193 1749/1902/837/193 1746/1903/837/193 1747/1904/837/193
f 1807/1941/846/194 1808/1942/846/194 1805/1943/846/194 1806/1944/846/194
f 1928/2065/902/201 1929/2066/902/201 1926/2067/902/201 1927/2068/902/201
f 2035/2157/940/206 2036/2158/940/206 2033/2159/940/206 2034/2160/940/206
f 2118/2225/956/209 2119/2226/956/209 2116/2227/956/209 2117/2228/956/209
f 2199/2297/981/213 2200/2298/981/213 2197/2299/981/213 2198/2300/981/213
f 2330/2441/1041/224 2331/2442/1041/224 2328/2443/1041/224 2329/2444/1041/224
f 2389/2481/1050/225 2390/2482/1050/225 2387/2483/1050/225 2388/2484/1050/225
f 2520/2621/1098/234 2521/2622/1098/234 2518/2623/1098/234 2519/2624/1098/234
f 2579/2661/1107/235 2580/2662/1107/235 2577/2663/1107/235 2578/2664/1107/235
f 2692/2769/1158/242 2693/2770/1158/242 2690/2771/1158/242 2691/2772/1158/242
f 2817/2897/1205/251 2818/2898/1205/251 2815/2899/1205/251 2816/2900/1205/251
f 2882/2945/1217/253 2883/2946/1217/253 2880/2947/1217/253 2881/2948/1217/253
f 2941/2985/1226/254 2942/2986/1226/254 2939/2987/1226/254 2940/2988/1226/254
f 3000/3025/1235/255 3001/3026/1235/255 2998/3027/1235/255 2999/3028/1235/255
f 3059/3065/1244/256 3060/3066/1244/256 3057/3067/1244/256 3058/3068/1244/256
f 3118/3105/1253/257 3119/3106/1253/257 3116/3107/1253/257 3117/3108/1253/257
f 3199/3169/1268/260 3200/3170/1268/260 3197/3171/1268/260 3198/3172/1268/260
f 3300/3261/1313/265 3301/3262/1313/265 3298/3263/1313/265 3299/3264/1313/265
f 3359/3301/1322/266 3360/3302/1322/266 3357/3303/1322/266 3358/3304/1322/266
f 3446/3381/1347/271 3447/3382/1347/271 3444/3383/1347/271 3445/3384/1347/271
f 3557/3492/1390/280 3558/3493/1390/280 3555/3494/1390/280 3556/3495/1390/280
f 3616/3532/1399/281 3617/3533/1399/281 3614/3534/1399/281 3615/3535/1399/281
f 3675/3572/1408/282 3676/3573/1408/282 3673/3574/1408/282 3674/3575/1408/282
f 3734/3612/1417/283 3735/3613/1417/283 3732/3614/1417/283 3733/3615/1417/283
f 4004/3898/1471/291 4005/3899/1471/291 4002/3900/1471/291 4003/3901/1471/291
usemtl t_tree2_e_lm8
s off
f 1587/1757/774/186 1588/1758/774/186 1585/1759/774/186 1586/1760/774/186
f 1599/1761/774/186 1600/1762/774/186 1597/1763/774/186 1598/1764/774/186
f 1591/1765/774/186 1592/1766/774/186 1589/1767/774/186 1590/1768/774/186
f 1595/1769/774/186 1596/1770/774/186 1593/1771/774/186 1594/1772/774/186
f 1757/1905/838/193 1758/1906/838/193 1755/1907/838/193 1756/1908/838/193
f 1769/1909/838/193 1770/1910/838/193 1767/1911/838/193 1768/1912/838/193
f 1761/1913/838/193 1762/1914/838/193 1759/1915/838/193 1760/1916/838/193
f 1765/1917/838/193 1766/1918/838/193 1763/1919/838/193 1764/1920/838/193
f 1816/1945/847/194 1817/1946/847/194 1814/1947/847/194 1815/1948/847/194
f 1828/1949/847/194 1829/1950/847/194 1826/1951/847/194 1827/1952/847/194
f 1820/1953/847/194 1821/1954/847/194 1818/1955/847/194 1819/1956/847/194
f 1824/1957/847/194 1825/1958/847/194 1822/1959/847/194 1823/1960/847/194
f 1937/2069/903/201 1938/2070/903/201 1935/2071/903/201 1936/2072/903/201
f 1949/2073/903/201 1950/2074/903/201 1947/2075/903/201 1948/2076/903/201
f 1941/2077/903/201 1942/2078/903/201 1939/2079/903/201 1940/2080/903/201
f 1945/2081/903/201 1946/2082/903/201 1943/2083/903/201 1944/2084/903/201
f 2208/2301/982/213 2209/2302/982/213 2206/2303/982/213 2207/2304/982/213
f 2220/2305/982/213 2221/2306/982/213 2218/2307/982/213 2219/2308/982/213
f 2212/2309/982/213 2213/2310/982/213 2210/2311/982/213 2211/2312/982/213
f 2216/2313/982/213 2217/2314/982/213 2214/2315/982/213 2215/2316/982/213
f 2398/2485/1051/225 2399/2486/1051/225 2396/2487/1051/225 2397/2488/1051/225
f 2410/2489/1051/225 2411/2490/1051/225 2408/2491/1051/225 2409/2492/1051/225
f 2402/2493/1051/225 2403/2494/1051/225 2400/2495/1051/225 2401/2496/1051/225
f 2406/2497/1051/225 2407/2498/1051/225 2404/2499/1051/225 2405/2500/1051/225
f 2588/2665/1108/235 2589/2666/1108/235 2586/2667/1108/235 2587/2668/1108/235
f 2600/2669/1108/235 2601/2670/1108/235 2598/2671/1108/235 2599/2672/1108/235
f 2592/2673/1108/235 2593/2674/1108/235 2590/2675/1108/235 2591/2676/1108/235
f 2596/2677/1108/235 2597/2678/1108/235 2594/2679/1108/235 2595/2680/1108/235
f 2701/2773/1159/242 2702/2774/1159/242 2699/2775/1159/242 2700/2776/1159/242
f 2713/2777/1159/242 2714/2778/1159/242 2711/2779/1159/242 2712/2780/1159/242
f 2705/2781/1159/242 2706/2782/1159/242 2703/2783/1159/242 2704/2784/1159/242
f 2709/2785/1159/242 2710/2786/1159/242 2707/2787/1159/242 2708/2788/1159/242
f 2950/2989/1227/254 2951/2990/1227/254 2948/2991/1227/254 2949/2992/1227/254
f 2962/2993/1227/254 2963/2994/1227/254 2960/2995/1227/254 2961/2996/1227/254
f 2954/2997/1227/254 2955/2998/1227/254 2952/2999/1227/254 2953/3000/1227/254
f 2958/3001/1227/254 2959/3002/1227/254 2956/3003/1227/254 2957/3004/1227/254
f 3068/3069/1245/256 3069/3070/1245/256 3066/3071/1245/256 3067/3072/1245/256
f 3080/3073/1245/256 3081/3074/1245/256 3078/3075/1245/256 3079/3076/1245/256
f 3072/3077/1245/256 3073/3078/1245/256 3070/3079/1245/256 3071/3080/1245/256
f 3076/3081/1245/256 3077/3082/1245/256 3074/3083/1245/256 3075/3084/1245/256
f 3127/3109/1254/257 3128/3110/1254/257 3125/3111/1254/257 3126/3112/1254/257
f 3139/3113/1254/257 3140/3114/1254/257 3137/3115/1254/257 3138/3116/1254/257
f 3131/3117/1254/257 3132/3118/1254/257 3129/3119/1254/257 3130/3120/1254/257
f 3135/3121/1254/257 3136/3122/1254/257 3133/3123/1254/257 3134/3124/1254/257
f 3368/3305/1323/266 3369/3306/1323/266 3366/3307/1323/266 3367/3308/1323/266
f 3380/3309/1323/266 3381/3310/1323/266 3378/3311/1323/266 3379/3312/1323/266
f 3372/3313/1323/266 3373/3314/1323/266 3370/3315/1323/266 3371/3316/1323/266
f 3376/3317/1323/266 3377/3318/1323/266 3374/3319/1323/266 3375/3320/1323/266
f 3455/3385/1348/271 3456/3386/1348/271 3453/3387/1348/271 3454/3388/1348/271
f 3467/3389/1348/271 3468/3390/1348/271 3465/3391/1348/271 3466/3392/1348/271
f 3459/3393/1348/271 3460/3394/1348/271 3457/3395/1348/271 3458/3396/1348/271
f 3463/3397/1348/271 3464/3398/1348/271 3461/3399/1348/271 3462/3400/1348/271
f 3625/3536/1400/281 3626/3537/1400/281 3623/3538/1400/281 3624/3539/1400/281
f 3637/3540/1400/281 3638/3541/1400/281 3635/3542/1400/281 3636/3543/1400/281
f 3629/3544/1400/281 3630/3545/1400/281 3627/3546/1400/281 3628/3547/1400/281
f 3633/3548/1400/281 3634/3549/1400/281 3631/3550/1400/281 3632/3551/1400/281
f 3743/3616/1418/283 3744/3617/1418/283 3741/3618/1418/283 3742/3619/1418/283
f 3755/3620/1418/283 3756/3621/1418/283 3753/3622/1418/283 3754/3623/1418/283
f 3747/3624/1418/283 3748/3625/1418/283 3745/3626/1418/283 3746/3627/1418/283
f 3751/3628/1418/283 3752/3629/1418/283 3749/3630/1418/283 3750/3631/1418/283
usemtl t_tree2_b_lm16
s off
f 1605/1773/775/186 1606/1774/775/186 1603/1775/775/186 1604/1776/775/186
f 1609/1777/775/186 1610/1778/775/186 1607/1779/775/186 1608/1780/775/186
f 1775/1921/839/193 1776/1922/839/193 1773/1923/839/193 1774/1924/839/193
f 1779/1925/839/193 1780/1926/839/193 1777/1927/839/193 1778/1928/839/193
f 1834/1961/848/194 1835/1962/848/194 1832/1963/848/194 1833/1964/848/194
f 1838/1965/848/194 1839/1966/848/194 1836/1967/848/194 1837/1968/848/194
f 1955/2085/904/201 1956/2086/904/201 1953/2087/904/201 1954/2088/904/201
f 1959/2089/904/201 1960/2090/904/201 1957/2091/904/201 1958/2092/904/201
f 2226/2317/983/213 2227/2318/983/213 2224/2319/983/213 2225/2320/983/213
f 2230/2321/983/213 2231/2322/983/213 2228/2323/983/213 2229/2324/983/213
f 2416/2501/1052/225 2417/2502/1052/225 2414/2503/1052/225 2415/2504/1052/225
f 2420/2505/1052/225 2421/2506/1052/225 2418/2507/1052/225 2419/2508/1052/225
f 2606/2681/1109/235 2607/2682/1109/235 2604/2683/1109/235 2605/2684/1109/235
f 2610/2685/1109/235 2611/2686/1109/235 2608/2687/1109/235 2609/2688/1109/235
f 2719/2789/1160/242 2720/2790/1160/242 2717/2791/1160/242 2718/2792/1160/242
f 2723/2793/1160/242 2724/2794/1160/242 2721/2795/1160/242 2722/2796/1160/242
f 2968/3005/1228/254 2969/3006/1228/254 2966/3007/1228/254 2967/3008/1228/254
f 2972/3009/1228/254 2973/3010/1228/254 2970/3011/1228/254 2971/3012/1228/254
f 3086/3085/1246/256 3087/3086/1246/256 3084/3087/1246/256 3085/3088/1246/256
f 3090/3089/1246/256 3091/3090/1246/256 3088/3091/1246/256 3089/3092/1246/256
f 3145/3125/1255/257 3146/3126/1255/257 3143/3127/1255/257 3144/3128/1255/257
f 3149/3129/1255/257 3150/3130/1255/257 3147/3131/1255/257 3148/3132/1255/257
f 3386/3321/1324/266 3387/3322/1324/266 3384/3323/1324/266 3385/3324/1324/266
f 3390/3325/1324/266 3391/3326/1324/266 3388/3327/1324/266 3389/3328/1324/266
f 3473/3401/1349/271 3474/3402/1349/271 3471/3403/1349/271 3472/3404/1349/271
f 3477/3405/1349/271 3478/3406/1349/271 3475/3407/1349/271 3476/3408/1349/271
f 3643/3552/1401/281 3644/3553/1401/281 3641/3554/1401/281 3642/3555/1401/281
f 3647/3556/1401/281 3648/3557/1401/281 3645/3558/1401/281 3646/3559/1401/281
f 3761/3632/1419/283 3762/3633/1419/283 3759/3634/1419/283 3760/3635/1419/283
f 3765/3636/1419/283 3766/3637/1419/283 3763/3638/1419/283 3764/3639/1419/283
usemtl t_tree2_f_lm8
s off
f 1614/1781/776/186 1615/1782/776/186 1612/1783/776/186 1613/1784/776/186
f 1784/1929/840/193 1785/1930/840/193 1782/1931/840/193 1783/1932/840/193
f 1843/1969/849/194 1844/1970/849/194 1841/1971/849/194 1842/1972/849/194
f 1964/2093/905/201 1965/2094/905/201 1962/2095/905/201 1963/2096/905/201
f 2235/2325/984/213 2236/2326/984/213 2233/2327/984/213 2234/2328/984/213
f 2425/2509/1053/225 2426/2510/1053/225 2423/2511/1053/225 2424/2512/1053/225
f 2615/2689/1110/235 2616/2690/1110/235 2613/2691/1110/235 2614/2692/1110/235
f 2728/2797/1161/242 2729/2798/1161/242 2726/2799/1161/242 2727/2800/1161/242
f 2977/3013/1229/254 2978/3014/1229/254 2975/3015/1229/254 2976/3016/1229/254
f 3095/3093/1247/256 3096/3094/1247/256 3093/3095/1247/256 3094/3096/1247/256
f 3154/3133/1256/257 3155/3134/1256/257 3152/3135/1256/257 3153/3136/1256/257
f 3395/3329/1325/266 3396/3330/1325/266 3393/3331/1325/266 3394/3332/1325/266
f 3482/3409/1350/271 3483/3410/1350/271 3480/3411/1350/271 3481/3412/1350/271
f 3652/3560/1402/281 3653/3561/1402/281 3650/3562/1402/281 3651/3563/1402/281
f 3770/3640/1420/283 3771/3641/1420/283 3768/3642/1420/283 3769/3643/1420/283
usemtl t_tree2_ex_lm6
s off
f 2127/2229/957/209 2128/2230/957/209 2125/2231/957/209 2126/2232/957/209
f 2139/2233/957/209 2140/2234/957/209 2137/2235/957/209 2138/2236/957/209
f 2131/2237/957/209 2132/2238/957/209 2129/2239/957/209 2130/2240/957/209
f 2135/2241/957/209 2136/2242/957/209 2133/2243/957/209 2134/2244/957/209
f 2339/2445/1042/224 2340/2446/1042/224 2337/2447/1042/224 2338/2448/1042/224
f 2351/2449/1042/224 2352/2450/1042/224 2349/2451/1042/224 2350/2452/1042/224
f 2343/2453/1042/224 2344/2454/1042/224 2341/2455/1042/224 2342/2456/1042/224
f 2347/2457/1042/224 2348/2458/1042/224 2345/2459/1042/224 2346/2460/1042/224
f 3009/3029/1236/255 3010/3030/1236/255 3007/3031/1236/255 3008/3032/1236/255
f 3021/3033/1236/255 3022/3034/1236/255 3019/3035/1236/255 3020/3036/1236/255
f 3013/3037/1236/255 3014/3038/1236/255 3011/3039/1236/255 3012/3040/1236/255
f 3017/3041/1236/255 3018/3042/1236/255 3015/3043/1236/255 3016/3044/1236/255
f 3208/3173/1269/260 3209/3174/1269/260 3206/3175/1269/260 3207/3176/1269/260
f 3220/3177/1269/260 3221/3178/1269/260 3218/3179/1269/260 3219/3180/1269/260
f 3212/3181/1269/260 3213/3182/1269/260 3210/3183/1269/260 3211/3184/1269/260
f 3216/3185/1269/260 3217/3186/1269/260 3214/3187/1269/260 3215/3188/1269/260
f 3684/3576/1409/282 3685/3577/1409/282 3682/3578/1409/282 3683/3579/1409/282
f 3696/3580/1409/282 3697/3581/1409/282 3694/3582/1409/282 3695/3583/1409/282
f 3688/3584/1409/282 3689/3585/1409/282 3686/3586/1409/282 3687/3587/1409/282
f 3692/3588/1409/282 3693/3589/1409/282 3690/3590/1409/282 3691/3591/1409/282
usemtl t_tree2_bx_lm6
s off
f 2145/2245/958/209 2146/2246/958/209 2143/2247/958/209 2144/2248/958/209
f 2149/2249/958/209 2150/2250/958/209 2147/2251/958/209 2148/2252/958/209
f 2357/2461/1043/224 2358/2462/1043/224 2355/2463/1043/224 2356/2464/1043/224
f 2361/2465/1043/224 2362/2466/1043/224 2359/2467/1043/224 2360/2468/1043/224
f 3027/3045/1237/255 3028/3046/1237/255 3025/3047/1237/255 3026/3048/1237/255
f 3031/3049/1237/255 3032/3050/1237/255 3029/3051/1237/255 3030/3052/1237/255
f 3226/3189/1270/260 3227/3190/1270/260 3224/3191/1270/260 3225/3192/1270/260
f 3230/3193/1270/260 3231/3194/1270/260 3228/3195/1270/260 3229/3196/1270/260
f 3702/3592/1410/282 3703/3593/1410/282 3700/3594/1410/282 3701/3595/1410/282
f 3706/3596/1410/282 3707/3597/1410/282 3704/3598/1410/282 3705/3599/1410/282
usemtl t_tree2_fx_lm6
s off
f 2154/2253/959/209 2155/2254/959/209 2152/2255/959/209 2153/2256/959/209
f 2366/2469/1044/224 2367/2470/1044/224 2364/2471/1044/224 2365/2472/1044/224
f 3036/3053/1238/255 3037/3054/1238/255 3034/3055/1238/255 3035/3056/1238/255
f 3235/3197/1271/260 3236/3198/1271/260 3233/3199/1271/260 3234/3200/1271/260
f 3711/3600/1411/282 3712/3601/1411/282 3709/3602/1411/282 3710/3603/1411/282
usemtl t_tree2_ey_lm4
s off
f 1646/1797/783/187 1647/1798/783/187 1644/1799/783/187 1645/1800/783/187
f 1658/1801/783/187 1659/1802/783/187 1656/1803/783/187 1657/1804/783/187
f 1650/1805/783/187 1651/1806/783/187 1648/1807/783/187 1649/1808/783/187
f 1654/1809/783/187 1655/1810/783/187 1652/1811/783/187 1653/1812/783/187
f 2044/2161/941/206 2045/2162/941/206 2042/2163/941/206 2043/2164/941/206
f 2056/2165/941/206 2057/2166/941/206 2054/2167/941/206 2055/2168/941/206
f 2048/2169/941/206 2049/2170/941/206 2046/2171/941/206 2047/2172/941/206
f 2052/2173/941/206 2053/2174/941/206 2050/2175/941/206 2051/2176/941/206
f 2529/2625/1099/234 2530/2626/1099/234 2527/2627/1099/234 2528/2628/1099/234
f 2541/2629/1099/234 2542/2630/1099/234 2539/2631/1099/234 2540/2632/1099/234
f 2533/2633/1099/234 2534/2634/1099/234 2531/2635/1099/234 2532/2636/1099/234
f 2537/2637/1099/234 2538/2638/1099/234 2535/2639/1099/234 2536/2640/1099/234
f 2826/2901/1206/251 2827/2902/1206/251 2824/2903/1206/251 2825/2904/1206/251
f 2838/2905/1206/251 2839/2906/1206/251 2836/2907/1206/251 2837/2908/1206/251
f 2830/2909/1206/251 2831/2910/1206/251 2828/2911/1206/251 2829/2912/1206/251
f 2834/2913/1206/251 2835/2914/1206/251 2832/2915/1206/251 2833/2916/1206/251
f 2891/2949/1218/253 2892/2950/1218/253 2889/2951/1218/253 2890/2952/1218/253
f 2903/2953/1218/253 2904/2954/1218/253 2901/2955/1218/253 2902/2956/1218/253
f 2895/2957/1218/253 2896/2958/1218/253 2893/2959/1218/253 2894/2960/1218/253
f 2899/2961/1218/253 2900/2962/1218/253 2897/2963/1218/253 2898/2964/1218/253
f 3309/3265/1314/265 3310/3266/1314/265 3307/3267/1314/265 3308/3268/1314/265
f 3321/3269/1314/265 3322/3270/1314/265 3319/3271/1314/265 3320/3272/1314/265
f 3313/3273/1314/265 3314/3274/1314/265 3311/3275/1314/265 3312/3276/1314/265
f 3317/3277/1314/265 3318/3278/1314/265 3315/3279/1314/265 3316/3280/1314/265
f 3566/3496/1391/280 3567/3497/1391/280 3564/3498/1391/280 3565/3499/1391/280
f 3578/3500/1391/280 3579/3501/1391/280 3576/3502/1391/280 3577/3503/1391/280
f 3570/3504/1391/280 3571/3505/1391/280 3568/3506/1391/280 3569/3507/1391/280
f 3574/3508/1391/280 3575/3509/1391/280 3572/3510/1391/280 3573/3511/1391/280
f 4013/3902/1472/291 4014/3903/1472/291 4011/3904/1472/291 4012/3905/1472/291
f 4025/3906/1472/291 4026/3907/1472/291 4023/3908/1472/291 4024/3909/1472/291
f 4017/3910/1472/291 4018/3911/1472/291 4015/3912/1472/291 4016/3913/1472/291
f 4021/3914/1472/291 4022/3915/1472/291 4019/3916/1472/291 4020/3917/1472/291
usemtl t_tree2_by_lm4
s off
f 1664/1813/784/187 1665/1814/784/187 1662/1815/784/187 1663/1816/784/187
f 1668/1817/784/187 1669/1818/784/187 1666/1819/784/187 1667/1820/784/187
f 2062/2177/942/206 2063/2178/942/206 2060/2179/942/206 2061/2180/942/206
f 2066/2181/942/206 2067/2182/942/206 2064/2183/942/206 2065/2184/942/206
f 2547/2641/1100/234 2548/2642/1100/234 2545/2643/1100/234 2546/2644/1100/234
f 2551/2645/1100/234 2552/2646/1100/234 2549/2647/1100/234 2550/2648/1100/234
f 2844/2917/1207/251 2845/2918/1207/251 2842/2919/1207/251 2843/2920/1207/251
f 2848/2921/1207/251 2849/2922/1207/251 2846/2923/1207/251 2847/2924/1207/251
f 2909/2965/1219/253 2910/2966/1219/253 2907/2967/1219/253 2908/2968/1219/253
f 2913/2969/1219/253 2914/2970/1219/253 2911/2971/1219/253 2912/2972/1219/253
f 3327/3281/1315/265 3328/3282/1315/265 3325/3283/1315/265 3326/3284/1315/265
f 3331/3285/1315/265 3332/3286/1315/265 3329/3287/1315/265 3330/3288/1315/265
f 3584/3512/1392/280 3585/3513/1392/280 3582/3514/1392/280 3583/3515/1392/280
f 3588/3516/1392/280 3589/3517/1392/280 3586/3518/1392/280 3587/3519/1392/280
f 4031/3918/1473/291 4032/3919/1473/291 4029/3920/1473/291 4030/3921/1473/291
f 4035/3922/1473/291 4036/3923/1473/291 4033/3924/1473/291 4034/3925/1473/291
usemtl t_tree2_fy_lm4
s off
f 1673/1821/785/187 1674/1822/785/187 1671/1823/785/187 1672/1824/785/187
f 2071/2185/943/206 2072/2186/943/206 2069/2187/943/206 2070/2188/943/206
f 2556/2649/1101/234 2557/2650/1101/234 2554/2651/1101/234 2555/2652/1101/234
f 2853/2925/1208/251 2854/2926/1208/251 2851/2927/1208/251 2852/2928/1208/251
f 2918/2973/1220/253 2919/2974/1220/253 2916/2975/1220/253 2917/2976/1220/253
f 3336/3289/1316/265 3337/3290/1316/265 3334/3291/1316/265 3335/3292/1316/265
f 3593/3520/1393/280 3594/3521/1393/280 3591/3522/1393/280 3592/3523/1393/280
f 4040/3926/1474/291 4041/3927/1474/291 4038/3928/1474/291 4039/3929/1474/291
